商品编码,商品描述,商品类别,品牌,规格,功能特征,颜色,托盘规格,数量
CaQE90FiBl,黑色 品牌01 900 文件柜（文件收纳）,文件柜,品牌01,900,文件收纳,黑色,8*1*1,8
CaQE90FiWh,白色 品牌01 900 文件柜（文件收纳）,文件柜,品牌01,900,文件收纳,白色,8*1*1,8
CaQE90FiGr,灰色 品牌01 900 文件柜（文件收纳）,文件柜,品牌01,900,文件收纳,灰色,8*1*1,8
CaQE90FiBe,米色 品牌01 900 文件柜（文件收纳）,文件柜,品牌01,900,文件收纳,米色,8*1*1,8
CaQE90SlBl,黑色 品牌01 900 文件柜（滑动式）,文件柜,品牌01,900,滑动式,黑色,8*1*1,8
CaQE90SlWh,白色 品牌01 900 文件柜（滑动式）,文件柜,品牌01,900,滑动式,白色,8*1*1,8
CaQE90SlGr,灰色 品牌01 900 文件柜（滑动式）,文件柜,品牌01,900,滑动式,灰色,8*1*1,8
CaQE90SlBe,米色 品牌01 900 文件柜（滑动式）,文件柜,品牌01,900,滑动式,米色,8*1*1,8
CaQE90DoBl,黑色 品牌01 900 文件柜（带门式）,文件柜,品牌01,900,带门式,黑色,8*1*1,8
CaQE90DoWh,白色 品牌01 900 文件柜（带门式）,文件柜,品牌01,900,带门式,白色,8*1*1,8
CaQE90DoGr,灰色 品牌01 900 文件柜（带门式）,文件柜,品牌01,900,带门式,灰色,8*1*1,8
CaQE90DoBe,米色 品牌01 900 文件柜（带门式）,文件柜,品牌01,900,带门式,米色,8*1*1,8
CaQE90LoBl,黑色 品牌01 900 文件柜（储物锁柜）,文件柜,品牌01,900,储物锁柜,黑色,8*1*1,8
CaQE90LoWh,白色 品牌01 900 文件柜（储物锁柜）,文件柜,品牌01,900,储物锁柜,白色,8*1*1,8
CaQE90LoGr,灰色 品牌01 900 文件柜（储物锁柜）,文件柜,品牌01,900,储物锁柜,灰色,8*1*1,8
CaQE90LoBe,米色 品牌01 900 文件柜（储物锁柜）,文件柜,品牌01,900,储物锁柜,米色,8*1*1,8
CaQE18FiBl,黑色 品牌01 1800 文件柜（文件收纳）,文件柜,品牌01,1800,文件收纳,黑色,8*1*1,8
CaQE18FiWh,白色 品牌01 1800 文件柜（文件收纳）,文件柜,品牌01,1800,文件收纳,白色,8*1*1,8
CaQE18FiGr,灰色 品牌01 1800 文件柜（文件收纳）,文件柜,品牌01,1800,文件收纳,灰色,8*1*1,8
CaQE18FiBe,米色 品牌01 1800 文件柜（文件收纳）,文件柜,品牌01,1800,文件收纳,米色,8*1*1,8
CaQE18SlBl,黑色 品牌01 1800 文件柜（滑动式）,文件柜,品牌01,1800,滑动式,黑色,8*1*1,8
CaQE18SlWh,白色 品牌01 1800 文件柜（滑动式）,文件柜,品牌01,1800,滑动式,白色,8*1*1,8
CaQE18SlGr,灰色 品牌01 1800 文件柜（滑动式）,文件柜,品牌01,1800,滑动式,灰色,8*1*1,8
CaQE18SlBe,米色 品牌01 1800 文件柜（滑动式）,文件柜,品牌01,1800,滑动式,米色,8*1*1,8
CaQE18DoBl,黑色 品牌01 1800 文件柜（带门式）,文件柜,品牌01,1800,带门式,黑色,8*1*1,8
CaQE18DoWh,白色 品牌01 1800 文件柜（带门式）,文件柜,品牌01,1800,带门式,白色,8*1*1,8
CaQE18DoGr,灰色 品牌01 1800 文件柜（带门式）,文件柜,品牌01,1800,带门式,灰色,8*1*1,8
CaQE18DoBe,米色 品牌01 1800 文件柜（带门式）,文件柜,品牌01,1800,带门式,米色,8*1*1,8
CaQE18LoBl,黑色 品牌01 1800 文件柜（储物锁柜）,文件柜,品牌01,1800,储物锁柜,黑色,8*1*1,8
CaQE18LoWh,白色 品牌01 1800 文件柜（储物锁柜）,文件柜,品牌01,1800,储物锁柜,白色,8*1*1,8
CaQE18LoGr,灰色 品牌01 1800 文件柜（储物锁柜）,文件柜,品牌01,1800,储物锁柜,灰色,8*1*1,8
CaQE18LoBe,米色 品牌01 1800 文件柜（储物锁柜）,文件柜,品牌01,1800,储物锁柜,米色,8*1*1,8
CaQE12FiBl,黑色 品牌01 1200 文件柜（文件收纳）,文件柜,品牌01,1200,文件收纳,黑色,8*1*1,8
CaQE12FiWh,白色 品牌01 1200 文件柜（文件收纳）,文件柜,品牌01,1200,文件收纳,白色,8*1*1,8
CaQE12FiGr,灰色 品牌01 1200 文件柜（文件收纳）,文件柜,品牌01,1200,文件收纳,灰色,8*1*1,8
CaQE12FiBe,米色 品牌01 1200 文件柜（文件收纳）,文件柜,品牌01,1200,文件收纳,米色,8*1*1,8
CaQE12SlBl,黑色 品牌01 1200 文件柜（滑动式）,文件柜,品牌01,1200,滑动式,黑色,8*1*1,8
CaQE12SlWh,白色 品牌01 1200 文件柜（滑动式）,文件柜,品牌01,1200,滑动式,白色,8*1*1,8
CaQE12SlGr,灰色 品牌01 1200 文件柜（滑动式）,文件柜,品牌01,1200,滑动式,灰色,8*1*1,8
CaQE12SlBe,米色 品牌01 1200 文件柜（滑动式）,文件柜,品牌01,1200,滑动式,米色,8*1*1,8
CaQE12DoBl,黑色 品牌01 1200 文件柜（带门式）,文件柜,品牌01,1200,带门式,黑色,8*1*1,8
CaQE12DoWh,白色 品牌01 1200 文件柜（带门式）,文件柜,品牌01,1200,带门式,白色,8*1*1,8
CaQE12DoGr,灰色 品牌01 1200 文件柜（带门式）,文件柜,品牌01,1200,带门式,灰色,8*1*1,8
CaQE12DoBe,米色 品牌01 1200 文件柜（带门式）,文件柜,品牌01,1200,带门式,米色,8*1*1,8
CaQE12LoBl,黑色 品牌01 1200 文件柜（储物锁柜）,文件柜,品牌01,1200,储物锁柜,黑色,8*1*1,8
CaQE12LoWh,白色 品牌01 1200 文件柜（储物锁柜）,文件柜,品牌01,1200,储物锁柜,白色,8*1*1,8
CaQE12LoGr,灰色 品牌01 1200 文件柜（储物锁柜）,文件柜,品牌01,1200,储物锁柜,灰色,8*1*1,8
CaQE12LoBe,米色 品牌01 1200 文件柜（储物锁柜）,文件柜,品牌01,1200,储物锁柜,米色,8*1*1,8
CaWE90FiBl,黑色 品牌02 900 文件柜（文件收纳）,文件柜,品牌02,900,文件收纳,黑色,8*1*1,8
CaWE90FiWh,白色 品牌02 900 文件柜（文件收纳）,文件柜,品牌02,900,文件收纳,白色,8*1*1,8
CaWE90FiGr,灰色 品牌02 900 文件柜（文件收纳）,文件柜,品牌02,900,文件收纳,灰色,8*1*1,8
CaWE90FiBe,米色 品牌02 900 文件柜（文件收纳）,文件柜,品牌02,900,文件收纳,米色,8*1*1,8
CaWE90SlBl,黑色 品牌02 900 文件柜（滑动式）,文件柜,品牌02,900,滑动式,黑色,8*1*1,8
CaWE90SlWh,白色 品牌02 900 文件柜（滑动式）,文件柜,品牌02,900,滑动式,白色,8*1*1,8
CaWE90SlGr,灰色 品牌02 900 文件柜（滑动式）,文件柜,品牌02,900,滑动式,灰色,8*1*1,8
CaWE90SlBe,米色 品牌02 900 文件柜（滑动式）,文件柜,品牌02,900,滑动式,米色,8*1*1,8
CaWE90DoBl,黑色 品牌02 900 文件柜（带门式）,文件柜,品牌02,900,带门式,黑色,8*1*1,8
CaWE90DoWh,白色 品牌02 900 文件柜（带门式）,文件柜,品牌02,900,带门式,白色,8*1*1,8
CaWE90DoGr,灰色 品牌02 900 文件柜（带门式）,文件柜,品牌02,900,带门式,灰色,8*1*1,8
CaWE90DoBe,米色 品牌02 900 文件柜（带门式）,文件柜,品牌02,900,带门式,米色,8*1*1,8
CaWE90LoBl,黑色 品牌02 900 文件柜（储物锁柜）,文件柜,品牌02,900,储物锁柜,黑色,8*1*1,8
CaWE90LoWh,白色 品牌02 900 文件柜（储物锁柜）,文件柜,品牌02,900,储物锁柜,白色,8*1*1,8
CaWE90LoGr,灰色 品牌02 900 文件柜（储物锁柜）,文件柜,品牌02,900,储物锁柜,灰色,8*1*1,8
CaWE90LoBe,米色 品牌02 900 文件柜（储物锁柜）,文件柜,品牌02,900,储物锁柜,米色,8*1*1,8
CaWE18FiBl,黑色 品牌02 1800 文件柜（文件收纳）,文件柜,品牌02,1800,文件收纳,黑色,8*1*1,8
CaWE18FiWh,白色 品牌02 1800 文件柜（文件收纳）,文件柜,品牌02,1800,文件收纳,白色,8*1*1,8
CaWE18FiGr,灰色 品牌02 1800 文件柜（文件收纳）,文件柜,品牌02,1800,文件收纳,灰色,8*1*1,8
CaWE18FiBe,米色 品牌02 1800 文件柜（文件收纳）,文件柜,品牌02,1800,文件收纳,米色,8*1*1,8
CaWE18SlBl,黑色 品牌02 1800 文件柜（滑动式）,文件柜,品牌02,1800,滑动式,黑色,8*1*1,8
CaWE18SlWh,白色 品牌02 1800 文件柜（滑动式）,文件柜,品牌02,1800,滑动式,白色,8*1*1,8
CaWE18SlGr,灰色 品牌02 1800 文件柜（滑动式）,文件柜,品牌02,1800,滑动式,灰色,8*1*1,8
CaWE18SlBe,米色 品牌02 1800 文件柜（滑动式）,文件柜,品牌02,1800,滑动式,米色,8*1*1,8
CaWE18DoBl,黑色 品牌02 1800 文件柜（带门式）,文件柜,品牌02,1800,带门式,黑色,8*1*1,8
CaWE18DoWh,白色 品牌02 1800 文件柜（带门式）,文件柜,品牌02,1800,带门式,白色,8*1*1,8
CaWE18DoGr,灰色 品牌02 1800 文件柜（带门式）,文件柜,品牌02,1800,带门式,灰色,8*1*1,8
CaWE18DoBe,米色 品牌02 1800 文件柜（带门式）,文件柜,品牌02,1800,带门式,米色,8*1*1,8
CaWE18LoBl,黑色 品牌02 1800 文件柜（储物锁柜）,文件柜,品牌02,1800,储物锁柜,黑色,8*1*1,8
CaWE18LoWh,白色 品牌02 1800 文件柜（储物锁柜）,文件柜,品牌02,1800,储物锁柜,白色,8*1*1,8
CaWE18LoGr,灰色 品牌02 1800 文件柜（储物锁柜）,文件柜,品牌02,1800,储物锁柜,灰色,8*1*1,8
CaWE18LoBe,米色 品牌02 1800 文件柜（储物锁柜）,文件柜,品牌02,1800,储物锁柜,米色,8*1*1,8
CaWE12FiBl,黑色 品牌02 1200 文件柜（文件收纳）,文件柜,品牌02,1200,文件收纳,黑色,8*1*1,8
CaWE12FiWh,白色 品牌02 1200 文件柜（文件收纳）,文件柜,品牌02,1200,文件收纳,白色,8*1*1,8
CaWE12FiGr,灰色 品牌02 1200 文件柜（文件收纳）,文件柜,品牌02,1200,文件收纳,灰色,8*1*1,8
CaWE12FiBe,米色 品牌02 1200 文件柜（文件收纳）,文件柜,品牌02,1200,文件收纳,米色,8*1*1,8
CaWE12SlBl,黑色 品牌02 1200 文件柜（滑动式）,文件柜,品牌02,1200,滑动式,黑色,8*1*1,8
CaWE12SlWh,白色 品牌02 1200 文件柜（滑动式）,文件柜,品牌02,1200,滑动式,白色,8*1*1,8
CaWE12SlGr,灰色 品牌02 1200 文件柜（滑动式）,文件柜,品牌02,1200,滑动式,灰色,8*1*1,8
CaWE12SlBe,米色 品牌02 1200 文件柜（滑动式）,文件柜,品牌02,1200,滑动式,米色,8*1*1,8
CaWE12DoBl,黑色 品牌02 1200 文件柜（带门式）,文件柜,品牌02,1200,带门式,黑色,8*1*1,8
CaWE12DoWh,白色 品牌02 1200 文件柜（带门式）,文件柜,品牌02,1200,带门式,白色,8*1*1,8
CaWE12DoGr,灰色 品牌02 1200 文件柜（带门式）,文件柜,品牌02,1200,带门式,灰色,8*1*1,8
CaWE12DoBe,米色 品牌02 1200 文件柜（带门式）,文件柜,品牌02,1200,带门式,米色,8*1*1,8
CaWE12LoBl,黑色 品牌02 1200 文件柜（储物锁柜）,文件柜,品牌02,1200,储物锁柜,黑色,8*1*1,8
CaWE12LoWh,白色 品牌02 1200 文件柜（储物锁柜）,文件柜,品牌02,1200,储物锁柜,白色,8*1*1,8
CaWE12LoGr,灰色 品牌02 1200 文件柜（储物锁柜）,文件柜,品牌02,1200,储物锁柜,灰色,8*1*1,8
CaWE12LoBe,米色 品牌02 1200 文件柜（储物锁柜）,文件柜,品牌02,1200,储物锁柜,米色,8*1*1,8
CaRG90FiBl,黑色 品牌03 900 文件柜（文件收纳）,文件柜,品牌03,900,文件收纳,黑色,8*1*1,8
CaRG90FiWh,白色 品牌03 900 文件柜（文件收纳）,文件柜,品牌03,900,文件收纳,白色,8*1*1,8
CaRG90FiGr,灰色 品牌03 900 文件柜（文件收纳）,文件柜,品牌03,900,文件收纳,灰色,8*1*1,8
CaRG90FiBe,米色 品牌03 900 文件柜（文件收纳）,文件柜,品牌03,900,文件收纳,米色,8*1*1,8
CaRG90SlBl,黑色 品牌03 900 文件柜（滑动式）,文件柜,品牌03,900,滑动式,黑色,8*1*1,8
CaRG90SlWh,白色 品牌03 900 文件柜（滑动式）,文件柜,品牌03,900,滑动式,白色,8*1*1,8
CaRG90SlGr,灰色 品牌03 900 文件柜（滑动式）,文件柜,品牌03,900,滑动式,灰色,8*1*1,8
CaRG90SlBe,米色 品牌03 900 文件柜（滑动式）,文件柜,品牌03,900,滑动式,米色,8*1*1,8
CaRG90DoBl,黑色 品牌03 900 文件柜（带门式）,文件柜,品牌03,900,带门式,黑色,8*1*1,8
CaRG90DoWh,白色 品牌03 900 文件柜（带门式）,文件柜,品牌03,900,带门式,白色,8*1*1,8
CaRG90DoGr,灰色 品牌03 900 文件柜（带门式）,文件柜,品牌03,900,带门式,灰色,8*1*1,8
CaRG90DoBe,米色 品牌03 900 文件柜（带门式）,文件柜,品牌03,900,带门式,米色,8*1*1,8
CaRG90LoBl,黑色 品牌03 900 文件柜（储物锁柜）,文件柜,品牌03,900,储物锁柜,黑色,8*1*1,8
CaRG90LoWh,白色 品牌03 900 文件柜（储物锁柜）,文件柜,品牌03,900,储物锁柜,白色,8*1*1,8
CaRG90LoGr,灰色 品牌03 900 文件柜（储物锁柜）,文件柜,品牌03,900,储物锁柜,灰色,8*1*1,8
CaRG90LoBe,米色 品牌03 900 文件柜（储物锁柜）,文件柜,品牌03,900,储物锁柜,米色,8*1*1,8
CaRG18FiBl,黑色 品牌03 1800 文件柜（文件收纳）,文件柜,品牌03,1800,文件收纳,黑色,8*1*1,8
CaRG18FiWh,白色 品牌03 1800 文件柜（文件收纳）,文件柜,品牌03,1800,文件收纳,白色,8*1*1,8
CaRG18FiGr,灰色 品牌03 1800 文件柜（文件收纳）,文件柜,品牌03,1800,文件收纳,灰色,8*1*1,8
CaRG18FiBe,米色 品牌03 1800 文件柜（文件收纳）,文件柜,品牌03,1800,文件收纳,米色,8*1*1,8
CaRG18SlBl,黑色 品牌03 1800 文件柜（滑动式）,文件柜,品牌03,1800,滑动式,黑色,8*1*1,8
CaRG18SlWh,白色 品牌03 1800 文件柜（滑动式）,文件柜,品牌03,1800,滑动式,白色,8*1*1,8
CaRG18SlGr,灰色 品牌03 1800 文件柜（滑动式）,文件柜,品牌03,1800,滑动式,灰色,8*1*1,8
CaRG18SlBe,米色 品牌03 1800 文件柜（滑动式）,文件柜,品牌03,1800,滑动式,米色,8*1*1,8
CaRG18DoBl,黑色 品牌03 1800 文件柜（带门式）,文件柜,品牌03,1800,带门式,黑色,8*1*1,8
CaRG18DoWh,白色 品牌03 1800 文件柜（带门式）,文件柜,品牌03,1800,带门式,白色,8*1*1,8
CaRG18DoGr,灰色 品牌03 1800 文件柜（带门式）,文件柜,品牌03,1800,带门式,灰色,8*1*1,8
CaRG18DoBe,米色 品牌03 1800 文件柜（带门式）,文件柜,品牌03,1800,带门式,米色,8*1*1,8
CaRG18LoBl,黑色 品牌03 1800 文件柜（储物锁柜）,文件柜,品牌03,1800,储物锁柜,黑色,8*1*1,8
CaRG18LoWh,白色 品牌03 1800 文件柜（储物锁柜）,文件柜,品牌03,1800,储物锁柜,白色,8*1*1,8
CaRG18LoGr,灰色 品牌03 1800 文件柜（储物锁柜）,文件柜,品牌03,1800,储物锁柜,灰色,8*1*1,8
CaRG18LoBe,米色 品牌03 1800 文件柜（储物锁柜）,文件柜,品牌03,1800,储物锁柜,米色,8*1*1,8
CaRG12FiBl,黑色 品牌03 1200 文件柜（文件收纳）,文件柜,品牌03,1200,文件收纳,黑色,8*1*1,8
CaRG12FiWh,白色 品牌03 1200 文件柜（文件收纳）,文件柜,品牌03,1200,文件收纳,白色,8*1*1,8
CaRG12FiGr,灰色 品牌03 1200 文件柜（文件收纳）,文件柜,品牌03,1200,文件收纳,灰色,8*1*1,8
CaRG12FiBe,米色 品牌03 1200 文件柜（文件收纳）,文件柜,品牌03,1200,文件收纳,米色,8*1*1,8
CaRG12SlBl,黑色 品牌03 1200 文件柜（滑动式）,文件柜,品牌03,1200,滑动式,黑色,8*1*1,8
CaRG12SlWh,白色 品牌03 1200 文件柜（滑动式）,文件柜,品牌03,1200,滑动式,白色,8*1*1,8
CaRG12SlGr,灰色 品牌03 1200 文件柜（滑动式）,文件柜,品牌03,1200,滑动式,灰色,8*1*1,8
CaRG12SlBe,米色 品牌03 1200 文件柜（滑动式）,文件柜,品牌03,1200,滑动式,米色,8*1*1,8
CaRG12DoBl,黑色 品牌03 1200 文件柜（带门式）,文件柜,品牌03,1200,带门式,黑色,8*1*1,8
CaRG12DoWh,白色 品牌03 1200 文件柜（带门式）,文件柜,品牌03,1200,带门式,白色,8*1*1,8
CaRG12DoGr,灰色 品牌03 1200 文件柜（带门式）,文件柜,品牌03,1200,带门式,灰色,8*1*1,8
CaRG12DoBe,米色 品牌03 1200 文件柜（带门式）,文件柜,品牌03,1200,带门式,米色,8*1*1,8
CaRG12LoBl,黑色 品牌03 1200 文件柜（储物锁柜）,文件柜,品牌03,1200,储物锁柜,黑色,8*1*1,8
CaRG12LoWh,白色 品牌03 1200 文件柜（储物锁柜）,文件柜,品牌03,1200,储物锁柜,白色,8*1*1,8
CaRG12LoGr,灰色 品牌03 1200 文件柜（储物锁柜）,文件柜,品牌03,1200,储物锁柜,灰色,8*1*1,8
CaRG12LoBe,米色 品牌03 1200 文件柜（储物锁柜）,文件柜,品牌03,1200,储物锁柜,米色,8*1*1,8
CaTE90FiBl,黑色 品牌04 900 文件柜（文件收纳）,文件柜,品牌04,900,文件收纳,黑色,8*1*1,8
CaTE90FiWh,白色 品牌04 900 文件柜（文件收纳）,文件柜,品牌04,900,文件收纳,白色,8*1*1,8
CaTE90FiGr,灰色 品牌04 900 文件柜（文件收纳）,文件柜,品牌04,900,文件收纳,灰色,8*1*1,8
CaTE90FiBe,米色 品牌04 900 文件柜（文件收纳）,文件柜,品牌04,900,文件收纳,米色,8*1*1,8
CaTE90SlBl,黑色 品牌04 900 文件柜（滑动式）,文件柜,品牌04,900,滑动式,黑色,8*1*1,8
CaTE90SlWh,白色 品牌04 900 文件柜（滑动式）,文件柜,品牌04,900,滑动式,白色,8*1*1,8
CaTE90SlGr,灰色 品牌04 900 文件柜（滑动式）,文件柜,品牌04,900,滑动式,灰色,8*1*1,8
CaTE90SlBe,米色 品牌04 900 文件柜（滑动式）,文件柜,品牌04,900,滑动式,米色,8*1*1,8
CaTE90DoBl,黑色 品牌04 900 文件柜（带门式）,文件柜,品牌04,900,带门式,黑色,8*1*1,8
CaTE90DoWh,白色 品牌04 900 文件柜（带门式）,文件柜,品牌04,900,带门式,白色,8*1*1,8
CaTE90DoGr,灰色 品牌04 900 文件柜（带门式）,文件柜,品牌04,900,带门式,灰色,8*1*1,8
CaTE90DoBe,米色 品牌04 900 文件柜（带门式）,文件柜,品牌04,900,带门式,米色,8*1*1,8
CaTE90LoBl,黑色 品牌04 900 文件柜（储物锁柜）,文件柜,品牌04,900,储物锁柜,黑色,8*1*1,8
CaTE90LoWh,白色 品牌04 900 文件柜（储物锁柜）,文件柜,品牌04,900,储物锁柜,白色,8*1*1,8
CaTE90LoGr,灰色 品牌04 900 文件柜（储物锁柜）,文件柜,品牌04,900,储物锁柜,灰色,8*1*1,8
CaTE90LoBe,米色 品牌04 900 文件柜（储物锁柜）,文件柜,品牌04,900,储物锁柜,米色,8*1*1,8
CaTE18FiBl,黑色 品牌04 1800 文件柜（文件收纳）,文件柜,品牌04,1800,文件收纳,黑色,8*1*1,8
CaTE18FiWh,白色 品牌04 1800 文件柜（文件收纳）,文件柜,品牌04,1800,文件收纳,白色,8*1*1,8
CaTE18FiGr,灰色 品牌04 1800 文件柜（文件收纳）,文件柜,品牌04,1800,文件收纳,灰色,8*1*1,8
CaTE18FiBe,米色 品牌04 1800 文件柜（文件收纳）,文件柜,品牌04,1800,文件收纳,米色,8*1*1,8
CaTE18SlBl,黑色 品牌04 1800 文件柜（滑动式）,文件柜,品牌04,1800,滑动式,黑色,8*1*1,8
CaTE18SlWh,白色 品牌04 1800 文件柜（滑动式）,文件柜,品牌04,1800,滑动式,白色,8*1*1,8
CaTE18SlGr,灰色 品牌04 1800 文件柜（滑动式）,文件柜,品牌04,1800,滑动式,灰色,8*1*1,8
CaTE18SlBe,米色 品牌04 1800 文件柜（滑动式）,文件柜,品牌04,1800,滑动式,米色,8*1*1,8
CaTE18DoBl,黑色 品牌04 1800 文件柜（带门式）,文件柜,品牌04,1800,带门式,黑色,8*1*1,8
CaTE18DoWh,白色 品牌04 1800 文件柜（带门式）,文件柜,品牌04,1800,带门式,白色,8*1*1,8
CaTE18DoGr,灰色 品牌04 1800 文件柜（带门式）,文件柜,品牌04,1800,带门式,灰色,8*1*1,8
CaTE18DoBe,米色 品牌04 1800 文件柜（带门式）,文件柜,品牌04,1800,带门式,米色,8*1*1,8
CaTE18LoBl,黑色 品牌04 1800 文件柜（储物锁柜）,文件柜,品牌04,1800,储物锁柜,黑色,8*1*1,8
CaTE18LoWh,白色 品牌04 1800 文件柜（储物锁柜）,文件柜,品牌04,1800,储物锁柜,白色,8*1*1,8
CaTE18LoGr,灰色 品牌04 1800 文件柜（储物锁柜）,文件柜,品牌04,1800,储物锁柜,灰色,8*1*1,8
CaTE18LoBe,米色 品牌04 1800 文件柜（储物锁柜）,文件柜,品牌04,1800,储物锁柜,米色,8*1*1,8
CaTE12FiBl,黑色 品牌04 1200 文件柜（文件收纳）,文件柜,品牌04,1200,文件收纳,黑色,8*1*1,8
CaTE12FiWh,白色 品牌04 1200 文件柜（文件收纳）,文件柜,品牌04,1200,文件收纳,白色,8*1*1,8
CaTE12FiGr,灰色 品牌04 1200 文件柜（文件收纳）,文件柜,品牌04,1200,文件收纳,灰色,8*1*1,8
CaTE12FiBe,米色 品牌04 1200 文件柜（文件收纳）,文件柜,品牌04,1200,文件收纳,米色,8*1*1,8
CaTE12SlBl,黑色 品牌04 1200 文件柜（滑动式）,文件柜,品牌04,1200,滑动式,黑色,8*1*1,8
CaTE12SlWh,白色 品牌04 1200 文件柜（滑动式）,文件柜,品牌04,1200,滑动式,白色,8*1*1,8
CaTE12SlGr,灰色 品牌04 1200 文件柜（滑动式）,文件柜,品牌04,1200,滑动式,灰色,8*1*1,8
CaTE12SlBe,米色 品牌04 1200 文件柜（滑动式）,文件柜,品牌04,1200,滑动式,米色,8*1*1,8
CaTE12DoBl,黑色 品牌04 1200 文件柜（带门式）,文件柜,品牌04,1200,带门式,黑色,8*1*1,8
CaTE12DoWh,白色 品牌04 1200 文件柜（带门式）,文件柜,品牌04,1200,带门式,白色,8*1*1,8
CaTE12DoGr,灰色 品牌04 1200 文件柜（带门式）,文件柜,品牌04,1200,带门式,灰色,8*1*1,8
CaTE12DoBe,米色 品牌04 1200 文件柜（带门式）,文件柜,品牌04,1200,带门式,米色,8*1*1,8
CaTE12LoBl,黑色 品牌04 1200 文件柜（储物锁柜）,文件柜,品牌04,1200,储物锁柜,黑色,8*1*1,8
CaTE12LoWh,白色 品牌04 1200 文件柜（储物锁柜）,文件柜,品牌04,1200,储物锁柜,白色,8*1*1,8
CaTE12LoGr,灰色 品牌04 1200 文件柜（储物锁柜）,文件柜,品牌04,1200,储物锁柜,灰色,8*1*1,8
CaTE12LoBe,米色 品牌04 1200 文件柜（储物锁柜）,文件柜,品牌04,1200,储物锁柜,米色,8*1*1,8
DrQE90FiBl,黑色 品牌01 900 抽屉柜（文件收纳）,抽屉柜,品牌01,900,文件收纳,黑色,8*1*1,8
DrQE90FiWh,白色 品牌01 900 抽屉柜（文件收纳）,抽屉柜,品牌01,900,文件收纳,白色,8*1*1,8
DrQE90FiGr,灰色 品牌01 900 抽屉柜（文件收纳）,抽屉柜,品牌01,900,文件收纳,灰色,8*1*1,8
DrQE90FiBe,米色 品牌01 900 抽屉柜（文件收纳）,抽屉柜,品牌01,900,文件收纳,米色,8*1*1,8
DrQE90SlBl,黑色 品牌01 900 抽屉柜（滑动式）,抽屉柜,品牌01,900,滑动式,黑色,8*1*1,8
DrQE90SlWh,白色 品牌01 900 抽屉柜（滑动式）,抽屉柜,品牌01,900,滑动式,白色,8*1*1,8
DrQE90SlGr,灰色 品牌01 900 抽屉柜（滑动式）,抽屉柜,品牌01,900,滑动式,灰色,8*1*1,8
DrQE90SlBe,米色 品牌01 900 抽屉柜（滑动式）,抽屉柜,品牌01,900,滑动式,米色,8*1*1,8
DrQE90DoBl,黑色 品牌01 900 抽屉柜（带门式）,抽屉柜,品牌01,900,带门式,黑色,8*1*1,8
DrQE90DoWh,白色 品牌01 900 抽屉柜（带门式）,抽屉柜,品牌01,900,带门式,白色,8*1*1,8
DrQE90DoGr,灰色 品牌01 900 抽屉柜（带门式）,抽屉柜,品牌01,900,带门式,灰色,8*1*1,8
DrQE90DoBe,米色 品牌01 900 抽屉柜（带门式）,抽屉柜,品牌01,900,带门式,米色,8*1*1,8
DrQE90LoBl,黑色 品牌01 900 抽屉柜（储物锁柜）,抽屉柜,品牌01,900,储物锁柜,黑色,8*1*1,8
DrQE90LoWh,白色 品牌01 900 抽屉柜（储物锁柜）,抽屉柜,品牌01,900,储物锁柜,白色,8*1*1,8
DrQE90LoGr,灰色 品牌01 900 抽屉柜（储物锁柜）,抽屉柜,品牌01,900,储物锁柜,灰色,8*1*1,8
DrQE90LoBe,米色 品牌01 900 抽屉柜（储物锁柜）,抽屉柜,品牌01,900,储物锁柜,米色,8*1*1,8
DrQE18FiBl,黑色 品牌01 1800 抽屉柜（文件收纳）,抽屉柜,品牌01,1800,文件收纳,黑色,8*1*1,8
DrQE18FiWh,白色 品牌01 1800 抽屉柜（文件收纳）,抽屉柜,品牌01,1800,文件收纳,白色,8*1*1,8
DrQE18FiGr,灰色 品牌01 1800 抽屉柜（文件收纳）,抽屉柜,品牌01,1800,文件收纳,灰色,8*1*1,8
DrQE18FiBe,米色 品牌01 1800 抽屉柜（文件收纳）,抽屉柜,品牌01,1800,文件收纳,米色,8*1*1,8
DrQE18SlBl,黑色 品牌01 1800 抽屉柜（滑动式）,抽屉柜,品牌01,1800,滑动式,黑色,8*1*1,8
DrQE18SlWh,白色 品牌01 1800 抽屉柜（滑动式）,抽屉柜,品牌01,1800,滑动式,白色,8*1*1,8
DrQE18SlGr,灰色 品牌01 1800 抽屉柜（滑动式）,抽屉柜,品牌01,1800,滑动式,灰色,8*1*1,8
DrQE18SlBe,米色 品牌01 1800 抽屉柜（滑动式）,抽屉柜,品牌01,1800,滑动式,米色,8*1*1,8
DrQE18DoBl,黑色 品牌01 1800 抽屉柜（带门式）,抽屉柜,品牌01,1800,带门式,黑色,8*1*1,8
DrQE18DoWh,白色 品牌01 1800 抽屉柜（带门式）,抽屉柜,品牌01,1800,带门式,白色,8*1*1,8
DrQE18DoGr,灰色 品牌01 1800 抽屉柜（带门式）,抽屉柜,品牌01,1800,带门式,灰色,8*1*1,8
DrQE18DoBe,米色 品牌01 1800 抽屉柜（带门式）,抽屉柜,品牌01,1800,带门式,米色,8*1*1,8
DrQE18LoBl,黑色 品牌01 1800 抽屉柜（储物锁柜）,抽屉柜,品牌01,1800,储物锁柜,黑色,8*1*1,8
DrQE18LoWh,白色 品牌01 1800 抽屉柜（储物锁柜）,抽屉柜,品牌01,1800,储物锁柜,白色,8*1*1,8
DrQE18LoGr,灰色 品牌01 1800 抽屉柜（储物锁柜）,抽屉柜,品牌01,1800,储物锁柜,灰色,8*1*1,8
DrQE18LoBe,米色 品牌01 1800 抽屉柜（储物锁柜）,抽屉柜,品牌01,1800,储物锁柜,米色,8*1*1,8
DrQE12FiBl,黑色 品牌01 1200 抽屉柜（文件收纳）,抽屉柜,品牌01,1200,文件收纳,黑色,8*1*1,8
DrQE12FiWh,白色 品牌01 1200 抽屉柜（文件收纳）,抽屉柜,品牌01,1200,文件收纳,白色,8*1*1,8
DrQE12FiGr,灰色 品牌01 1200 抽屉柜（文件收纳）,抽屉柜,品牌01,1200,文件收纳,灰色,8*1*1,8
DrQE12FiBe,米色 品牌01 1200 抽屉柜（文件收纳）,抽屉柜,品牌01,1200,文件收纳,米色,8*1*1,8
DrQE12SlBl,黑色 品牌01 1200 抽屉柜（滑动式）,抽屉柜,品牌01,1200,滑动式,黑色,8*1*1,8
DrQE12SlWh,白色 品牌01 1200 抽屉柜（滑动式）,抽屉柜,品牌01,1200,滑动式,白色,8*1*1,8
DrQE12SlGr,灰色 品牌01 1200 抽屉柜（滑动式）,抽屉柜,品牌01,1200,滑动式,灰色,8*1*1,8
DrQE12SlBe,米色 品牌01 1200 抽屉柜（滑动式）,抽屉柜,品牌01,1200,滑动式,米色,8*1*1,8
DrQE12DoBl,黑色 品牌01 1200 抽屉柜（带门式）,抽屉柜,品牌01,1200,带门式,黑色,8*1*1,8
DrQE12DoWh,白色 品牌01 1200 抽屉柜（带门式）,抽屉柜,品牌01,1200,带门式,白色,8*1*1,8
DrQE12DoGr,灰色 品牌01 1200 抽屉柜（带门式）,抽屉柜,品牌01,1200,带门式,灰色,8*1*1,8
DrQE12DoBe,米色 品牌01 1200 抽屉柜（带门式）,抽屉柜,品牌01,1200,带门式,米色,8*1*1,8
DrQE12LoBl,黑色 品牌01 1200 抽屉柜（储物锁柜）,抽屉柜,品牌01,1200,储物锁柜,黑色,8*1*1,8
DrQE12LoWh,白色 品牌01 1200 抽屉柜（储物锁柜）,抽屉柜,品牌01,1200,储物锁柜,白色,8*1*1,8
DrQE12LoGr,灰色 品牌01 1200 抽屉柜（储物锁柜）,抽屉柜,品牌01,1200,储物锁柜,灰色,8*1*1,8
DrQE12LoBe,米色 品牌01 1200 抽屉柜（储物锁柜）,抽屉柜,品牌01,1200,储物锁柜,米色,8*1*1,8
DrWE90FiBl,黑色 品牌02 900 抽屉柜（文件收纳）,抽屉柜,品牌02,900,文件收纳,黑色,8*1*1,8
DrWE90FiWh,白色 品牌02 900 抽屉柜（文件收纳）,抽屉柜,品牌02,900,文件收纳,白色,8*1*1,8
DrWE90FiGr,灰色 品牌02 900 抽屉柜（文件收纳）,抽屉柜,品牌02,900,文件收纳,灰色,8*1*1,8
DrWE90FiBe,米色 品牌02 900 抽屉柜（文件收纳）,抽屉柜,品牌02,900,文件收纳,米色,8*1*1,8
DrWE90SlBl,黑色 品牌02 900 抽屉柜（滑动式）,抽屉柜,品牌02,900,滑动式,黑色,8*1*1,8
DrWE90SlWh,白色 品牌02 900 抽屉柜（滑动式）,抽屉柜,品牌02,900,滑动式,白色,8*1*1,8
DrWE90SlGr,灰色 品牌02 900 抽屉柜（滑动式）,抽屉柜,品牌02,900,滑动式,灰色,8*1*1,8
DrWE90SlBe,米色 品牌02 900 抽屉柜（滑动式）,抽屉柜,品牌02,900,滑动式,米色,8*1*1,8
DrWE90DoBl,黑色 品牌02 900 抽屉柜（带门式）,抽屉柜,品牌02,900,带门式,黑色,8*1*1,8
DrWE90DoWh,白色 品牌02 900 抽屉柜（带门式）,抽屉柜,品牌02,900,带门式,白色,8*1*1,8
DrWE90DoGr,灰色 品牌02 900 抽屉柜（带门式）,抽屉柜,品牌02,900,带门式,灰色,8*1*1,8
DrWE90DoBe,米色 品牌02 900 抽屉柜（带门式）,抽屉柜,品牌02,900,带门式,米色,8*1*1,8
DrWE90LoBl,黑色 品牌02 900 抽屉柜（储物锁柜）,抽屉柜,品牌02,900,储物锁柜,黑色,8*1*1,8
DrWE90LoWh,白色 品牌02 900 抽屉柜（储物锁柜）,抽屉柜,品牌02,900,储物锁柜,白色,8*1*1,8
DrWE90LoGr,灰色 品牌02 900 抽屉柜（储物锁柜）,抽屉柜,品牌02,900,储物锁柜,灰色,8*1*1,8
DrWE90LoBe,米色 品牌02 900 抽屉柜（储物锁柜）,抽屉柜,品牌02,900,储物锁柜,米色,8*1*1,8
DrWE18FiBl,黑色 品牌02 1800 抽屉柜（文件收纳）,抽屉柜,品牌02,1800,文件收纳,黑色,8*1*1,8
DrWE18FiWh,白色 品牌02 1800 抽屉柜（文件收纳）,抽屉柜,品牌02,1800,文件收纳,白色,8*1*1,8
DrWE18FiGr,灰色 品牌02 1800 抽屉柜（文件收纳）,抽屉柜,品牌02,1800,文件收纳,灰色,8*1*1,8
DrWE18FiBe,米色 品牌02 1800 抽屉柜（文件收纳）,抽屉柜,品牌02,1800,文件收纳,米色,8*1*1,8
DrWE18SlBl,黑色 品牌02 1800 抽屉柜（滑动式）,抽屉柜,品牌02,1800,滑动式,黑色,8*1*1,8
DrWE18SlWh,白色 品牌02 1800 抽屉柜（滑动式）,抽屉柜,品牌02,1800,滑动式,白色,8*1*1,8
DrWE18SlGr,灰色 品牌02 1800 抽屉柜（滑动式）,抽屉柜,品牌02,1800,滑动式,灰色,8*1*1,8
DrWE18SlBe,米色 品牌02 1800 抽屉柜（滑动式）,抽屉柜,品牌02,1800,滑动式,米色,8*1*1,8
DrWE18DoBl,黑色 品牌02 1800 抽屉柜（带门式）,抽屉柜,品牌02,1800,带门式,黑色,8*1*1,8
DrWE18DoWh,白色 品牌02 1800 抽屉柜（带门式）,抽屉柜,品牌02,1800,带门式,白色,8*1*1,8
DrWE18DoGr,灰色 品牌02 1800 抽屉柜（带门式）,抽屉柜,品牌02,1800,带门式,灰色,8*1*1,8
DrWE18DoBe,米色 品牌02 1800 抽屉柜（带门式）,抽屉柜,品牌02,1800,带门式,米色,8*1*1,8
DrWE18LoBl,黑色 品牌02 1800 抽屉柜（储物锁柜）,抽屉柜,品牌02,1800,储物锁柜,黑色,8*1*1,8
DrWE18LoWh,白色 品牌02 1800 抽屉柜（储物锁柜）,抽屉柜,品牌02,1800,储物锁柜,白色,8*1*1,8
DrWE18LoGr,灰色 品牌02 1800 抽屉柜（储物锁柜）,抽屉柜,品牌02,1800,储物锁柜,灰色,8*1*1,8
DrWE18LoBe,米色 品牌02 1800 抽屉柜（储物锁柜）,抽屉柜,品牌02,1800,储物锁柜,米色,8*1*1,8
DrWE12FiBl,黑色 品牌02 1200 抽屉柜（文件收纳）,抽屉柜,品牌02,1200,文件收纳,黑色,8*1*1,8
DrWE12FiWh,白色 品牌02 1200 抽屉柜（文件收纳）,抽屉柜,品牌02,1200,文件收纳,白色,8*1*1,8
DrWE12FiGr,灰色 品牌02 1200 抽屉柜（文件收纳）,抽屉柜,品牌02,1200,文件收纳,灰色,8*1*1,8
DrWE12FiBe,米色 品牌02 1200 抽屉柜（文件收纳）,抽屉柜,品牌02,1200,文件收纳,米色,8*1*1,8
DrWE12SlBl,黑色 品牌02 1200 抽屉柜（滑动式）,抽屉柜,品牌02,1200,滑动式,黑色,8*1*1,8
DrWE12SlWh,白色 品牌02 1200 抽屉柜（滑动式）,抽屉柜,品牌02,1200,滑动式,白色,8*1*1,8
DrWE12SlGr,灰色 品牌02 1200 抽屉柜（滑动式）,抽屉柜,品牌02,1200,滑动式,灰色,8*1*1,8
DrWE12SlBe,米色 品牌02 1200 抽屉柜（滑动式）,抽屉柜,品牌02,1200,滑动式,米色,8*1*1,8
DrWE12DoBl,黑色 品牌02 1200 抽屉柜（带门式）,抽屉柜,品牌02,1200,带门式,黑色,8*1*1,8
DrWE12DoWh,白色 品牌02 1200 抽屉柜（带门式）,抽屉柜,品牌02,1200,带门式,白色,8*1*1,8
DrWE12DoGr,灰色 品牌02 1200 抽屉柜（带门式）,抽屉柜,品牌02,1200,带门式,灰色,8*1*1,8
DrWE12DoBe,米色 品牌02 1200 抽屉柜（带门式）,抽屉柜,品牌02,1200,带门式,米色,8*1*1,8
DrWE12LoBl,黑色 品牌02 1200 抽屉柜（储物锁柜）,抽屉柜,品牌02,1200,储物锁柜,黑色,8*1*1,8
DrWE12LoWh,白色 品牌02 1200 抽屉柜（储物锁柜）,抽屉柜,品牌02,1200,储物锁柜,白色,8*1*1,8
DrWE12LoGr,灰色 品牌02 1200 抽屉柜（储物锁柜）,抽屉柜,品牌02,1200,储物锁柜,灰色,8*1*1,8
DrWE12LoBe,米色 品牌02 1200 抽屉柜（储物锁柜）,抽屉柜,品牌02,1200,储物锁柜,米色,8*1*1,8
DrRG90FiBl,黑色 品牌03 900 抽屉柜（文件收纳）,抽屉柜,品牌03,900,文件收纳,黑色,8*1*1,8
DrRG90FiWh,白色 品牌03 900 抽屉柜（文件收纳）,抽屉柜,品牌03,900,文件收纳,白色,8*1*1,8
DrRG90FiGr,灰色 品牌03 900 抽屉柜（文件收纳）,抽屉柜,品牌03,900,文件收纳,灰色,8*1*1,8
DrRG90FiBe,米色 品牌03 900 抽屉柜（文件收纳）,抽屉柜,品牌03,900,文件收纳,米色,8*1*1,8
DrRG90SlBl,黑色 品牌03 900 抽屉柜（滑动式）,抽屉柜,品牌03,900,滑动式,黑色,8*1*1,8
DrRG90SlWh,白色 品牌03 900 抽屉柜（滑动式）,抽屉柜,品牌03,900,滑动式,白色,8*1*1,8
DrRG90SlGr,灰色 品牌03 900 抽屉柜（滑动式）,抽屉柜,品牌03,900,滑动式,灰色,8*1*1,8
DrRG90SlBe,米色 品牌03 900 抽屉柜（滑动式）,抽屉柜,品牌03,900,滑动式,米色,8*1*1,8
DrRG90DoBl,黑色 品牌03 900 抽屉柜（带门式）,抽屉柜,品牌03,900,带门式,黑色,8*1*1,8
DrRG90DoWh,白色 品牌03 900 抽屉柜（带门式）,抽屉柜,品牌03,900,带门式,白色,8*1*1,8
DrRG90DoGr,灰色 品牌03 900 抽屉柜（带门式）,抽屉柜,品牌03,900,带门式,灰色,8*1*1,8
DrRG90DoBe,米色 品牌03 900 抽屉柜（带门式）,抽屉柜,品牌03,900,带门式,米色,8*1*1,8
DrRG90LoBl,黑色 品牌03 900 抽屉柜（储物锁柜）,抽屉柜,品牌03,900,储物锁柜,黑色,8*1*1,8
DrRG90LoWh,白色 品牌03 900 抽屉柜（储物锁柜）,抽屉柜,品牌03,900,储物锁柜,白色,8*1*1,8
DrRG90LoGr,灰色 品牌03 900 抽屉柜（储物锁柜）,抽屉柜,品牌03,900,储物锁柜,灰色,8*1*1,8
DrRG90LoBe,米色 品牌03 900 抽屉柜（储物锁柜）,抽屉柜,品牌03,900,储物锁柜,米色,8*1*1,8
DrRG18FiBl,黑色 品牌03 1800 抽屉柜（文件收纳）,抽屉柜,品牌03,1800,文件收纳,黑色,8*1*1,8
DrRG18FiWh,白色 品牌03 1800 抽屉柜（文件收纳）,抽屉柜,品牌03,1800,文件收纳,白色,8*1*1,8
DrRG18FiGr,灰色 品牌03 1800 抽屉柜（文件收纳）,抽屉柜,品牌03,1800,文件收纳,灰色,8*1*1,8
DrRG18FiBe,米色 品牌03 1800 抽屉柜（文件收纳）,抽屉柜,品牌03,1800,文件收纳,米色,8*1*1,8
DrRG18SlBl,黑色 品牌03 1800 抽屉柜（滑动式）,抽屉柜,品牌03,1800,滑动式,黑色,8*1*1,8
DrRG18SlWh,白色 品牌03 1800 抽屉柜（滑动式）,抽屉柜,品牌03,1800,滑动式,白色,8*1*1,8
DrRG18SlGr,灰色 品牌03 1800 抽屉柜（滑动式）,抽屉柜,品牌03,1800,滑动式,灰色,8*1*1,8
DrRG18SlBe,米色 品牌03 1800 抽屉柜（滑动式）,抽屉柜,品牌03,1800,滑动式,米色,8*1*1,8
DrRG18DoBl,黑色 品牌03 1800 抽屉柜（带门式）,抽屉柜,品牌03,1800,带门式,黑色,8*1*1,8
DrRG18DoWh,白色 品牌03 1800 抽屉柜（带门式）,抽屉柜,品牌03,1800,带门式,白色,8*1*1,8
DrRG18DoGr,灰色 品牌03 1800 抽屉柜（带门式）,抽屉柜,品牌03,1800,带门式,灰色,8*1*1,8
DrRG18DoBe,米色 品牌03 1800 抽屉柜（带门式）,抽屉柜,品牌03,1800,带门式,米色,8*1*1,8
DrRG18LoBl,黑色 品牌03 1800 抽屉柜（储物锁柜）,抽屉柜,品牌03,1800,储物锁柜,黑色,8*1*1,8
DrRG18LoWh,白色 品牌03 1800 抽屉柜（储物锁柜）,抽屉柜,品牌03,1800,储物锁柜,白色,8*1*1,8
DrRG18LoGr,灰色 品牌03 1800 抽屉柜（储物锁柜）,抽屉柜,品牌03,1800,储物锁柜,灰色,8*1*1,8
DrRG18LoBe,米色 品牌03 1800 抽屉柜（储物锁柜）,抽屉柜,品牌03,1800,储物锁柜,米色,8*1*1,8
DrRG12FiBl,黑色 品牌03 1200 抽屉柜（文件收纳）,抽屉柜,品牌03,1200,文件收纳,黑色,8*1*1,8
DrRG12FiWh,白色 品牌03 1200 抽屉柜（文件收纳）,抽屉柜,品牌03,1200,文件收纳,白色,8*1*1,8
DrRG12FiGr,灰色 品牌03 1200 抽屉柜（文件收纳）,抽屉柜,品牌03,1200,文件收纳,灰色,8*1*1,8
DrRG12FiBe,米色 品牌03 1200 抽屉柜（文件收纳）,抽屉柜,品牌03,1200,文件收纳,米色,8*1*1,8
DrRG12SlBl,黑色 品牌03 1200 抽屉柜（滑动式）,抽屉柜,品牌03,1200,滑动式,黑色,8*1*1,8
DrRG12SlWh,白色 品牌03 1200 抽屉柜（滑动式）,抽屉柜,品牌03,1200,滑动式,白色,8*1*1,8
DrRG12SlGr,灰色 品牌03 1200 抽屉柜（滑动式）,抽屉柜,品牌03,1200,滑动式,灰色,8*1*1,8
DrRG12SlBe,米色 品牌03 1200 抽屉柜（滑动式）,抽屉柜,品牌03,1200,滑动式,米色,8*1*1,8
DrRG12DoBl,黑色 品牌03 1200 抽屉柜（带门式）,抽屉柜,品牌03,1200,带门式,黑色,8*1*1,8
DrRG12DoWh,白色 品牌03 1200 抽屉柜（带门式）,抽屉柜,品牌03,1200,带门式,白色,8*1*1,8
DrRG12DoGr,灰色 品牌03 1200 抽屉柜（带门式）,抽屉柜,品牌03,1200,带门式,灰色,8*1*1,8
DrRG12DoBe,米色 品牌03 1200 抽屉柜（带门式）,抽屉柜,品牌03,1200,带门式,米色,8*1*1,8
DrRG12LoBl,黑色 品牌03 1200 抽屉柜（储物锁柜）,抽屉柜,品牌03,1200,储物锁柜,黑色,8*1*1,8
DrRG12LoWh,白色 品牌03 1200 抽屉柜（储物锁柜）,抽屉柜,品牌03,1200,储物锁柜,白色,8*1*1,8
DrRG12LoGr,灰色 品牌03 1200 抽屉柜（储物锁柜）,抽屉柜,品牌03,1200,储物锁柜,灰色,8*1*1,8
DrRG12LoBe,米色 品牌03 1200 抽屉柜（储物锁柜）,抽屉柜,品牌03,1200,储物锁柜,米色,8*1*1,8
DrTE90FiBl,黑色 品牌04 900 抽屉柜（文件收纳）,抽屉柜,品牌04,900,文件收纳,黑色,8*1*1,8
DrTE90FiWh,白色 品牌04 900 抽屉柜（文件收纳）,抽屉柜,品牌04,900,文件收纳,白色,8*1*1,8
DrTE90FiGr,灰色 品牌04 900 抽屉柜（文件收纳）,抽屉柜,品牌04,900,文件收纳,灰色,8*1*1,8
DrTE90FiBe,米色 品牌04 900 抽屉柜（文件收纳）,抽屉柜,品牌04,900,文件收纳,米色,8*1*1,8
DrTE90SlBl,黑色 品牌04 900 抽屉柜（滑动式）,抽屉柜,品牌04,900,滑动式,黑色,8*1*1,8
DrTE90SlWh,白色 品牌04 900 抽屉柜（滑动式）,抽屉柜,品牌04,900,滑动式,白色,8*1*1,8
DrTE90SlGr,灰色 品牌04 900 抽屉柜（滑动式）,抽屉柜,品牌04,900,滑动式,灰色,8*1*1,8
DrTE90SlBe,米色 品牌04 900 抽屉柜（滑动式）,抽屉柜,品牌04,900,滑动式,米色,8*1*1,8
DrTE90DoBl,黑色 品牌04 900 抽屉柜（带门式）,抽屉柜,品牌04,900,带门式,黑色,8*1*1,8
DrTE90DoWh,白色 品牌04 900 抽屉柜（带门式）,抽屉柜,品牌04,900,带门式,白色,8*1*1,8
DrTE90DoGr,灰色 品牌04 900 抽屉柜（带门式）,抽屉柜,品牌04,900,带门式,灰色,8*1*1,8
DrTE90DoBe,米色 品牌04 900 抽屉柜（带门式）,抽屉柜,品牌04,900,带门式,米色,8*1*1,8
DrTE90LoBl,黑色 品牌04 900 抽屉柜（储物锁柜）,抽屉柜,品牌04,900,储物锁柜,黑色,8*1*1,8
DrTE90LoWh,白色 品牌04 900 抽屉柜（储物锁柜）,抽屉柜,品牌04,900,储物锁柜,白色,8*1*1,8
DrTE90LoGr,灰色 品牌04 900 抽屉柜（储物锁柜）,抽屉柜,品牌04,900,储物锁柜,灰色,8*1*1,8
DrTE90LoBe,米色 品牌04 900 抽屉柜（储物锁柜）,抽屉柜,品牌04,900,储物锁柜,米色,8*1*1,8
DrTE18FiBl,黑色 品牌04 1800 抽屉柜（文件收纳）,抽屉柜,品牌04,1800,文件收纳,黑色,8*1*1,8
DrTE18FiWh,白色 品牌04 1800 抽屉柜（文件收纳）,抽屉柜,品牌04,1800,文件收纳,白色,8*1*1,8
DrTE18FiGr,灰色 品牌04 1800 抽屉柜（文件收纳）,抽屉柜,品牌04,1800,文件收纳,灰色,8*1*1,8
DrTE18FiBe,米色 品牌04 1800 抽屉柜（文件收纳）,抽屉柜,品牌04,1800,文件收纳,米色,8*1*1,8
DrTE18SlBl,黑色 品牌04 1800 抽屉柜（滑动式）,抽屉柜,品牌04,1800,滑动式,黑色,8*1*1,8
DrTE18SlWh,白色 品牌04 1800 抽屉柜（滑动式）,抽屉柜,品牌04,1800,滑动式,白色,8*1*1,8
DrTE18SlGr,灰色 品牌04 1800 抽屉柜（滑动式）,抽屉柜,品牌04,1800,滑动式,灰色,8*1*1,8
DrTE18SlBe,米色 品牌04 1800 抽屉柜（滑动式）,抽屉柜,品牌04,1800,滑动式,米色,8*1*1,8
DrTE18DoBl,黑色 品牌04 1800 抽屉柜（带门式）,抽屉柜,品牌04,1800,带门式,黑色,8*1*1,8
DrTE18DoWh,白色 品牌04 1800 抽屉柜（带门式）,抽屉柜,品牌04,1800,带门式,白色,8*1*1,8
DrTE18DoGr,灰色 品牌04 1800 抽屉柜（带门式）,抽屉柜,品牌04,1800,带门式,灰色,8*1*1,8
DrTE18DoBe,米色 品牌04 1800 抽屉柜（带门式）,抽屉柜,品牌04,1800,带门式,米色,8*1*1,8
DrTE18LoBl,黑色 品牌04 1800 抽屉柜（储物锁柜）,抽屉柜,品牌04,1800,储物锁柜,黑色,8*1*1,8
DrTE18LoWh,白色 品牌04 1800 抽屉柜（储物锁柜）,抽屉柜,品牌04,1800,储物锁柜,白色,8*1*1,8
DrTE18LoGr,灰色 品牌04 1800 抽屉柜（储物锁柜）,抽屉柜,品牌04,1800,储物锁柜,灰色,8*1*1,8
DrTE18LoBe,米色 品牌04 1800 抽屉柜（储物锁柜）,抽屉柜,品牌04,1800,储物锁柜,米色,8*1*1,8
DrTE12FiBl,黑色 品牌04 1200 抽屉柜（文件收纳）,抽屉柜,品牌04,1200,文件收纳,黑色,8*1*1,8
DrTE12FiWh,白色 品牌04 1200 抽屉柜（文件收纳）,抽屉柜,品牌04,1200,文件收纳,白色,8*1*1,8
DrTE12FiGr,灰色 品牌04 1200 抽屉柜（文件收纳）,抽屉柜,品牌04,1200,文件收纳,灰色,8*1*1,8
DrTE12FiBe,米色 品牌04 1200 抽屉柜（文件收纳）,抽屉柜,品牌04,1200,文件收纳,米色,8*1*1,8
DrTE12SlBl,黑色 品牌04 1200 抽屉柜（滑动式）,抽屉柜,品牌04,1200,滑动式,黑色,8*1*1,8
DrTE12SlWh,白色 品牌04 1200 抽屉柜（滑动式）,抽屉柜,品牌04,1200,滑动式,白色,8*1*1,8
DrTE12SlGr,灰色 品牌04 1200 抽屉柜（滑动式）,抽屉柜,品牌04,1200,滑动式,灰色,8*1*1,8
DrTE12SlBe,米色 品牌04 1200 抽屉柜（滑动式）,抽屉柜,品牌04,1200,滑动式,米色,8*1*1,8
DrTE12DoBl,黑色 品牌04 1200 抽屉柜（带门式）,抽屉柜,品牌04,1200,带门式,黑色,8*1*1,8
DrTE12DoWh,白色 品牌04 1200 抽屉柜（带门式）,抽屉柜,品牌04,1200,带门式,白色,8*1*1,8
DrTE12DoGr,灰色 品牌04 1200 抽屉柜（带门式）,抽屉柜,品牌04,1200,带门式,灰色,8*1*1,8
DrTE12DoBe,米色 品牌04 1200 抽屉柜（带门式）,抽屉柜,品牌04,1200,带门式,米色,8*1*1,8
DrTE12LoBl,黑色 品牌04 1200 抽屉柜（储物锁柜）,抽屉柜,品牌04,1200,储物锁柜,黑色,8*1*1,8
DrTE12LoWh,白色 品牌04 1200 抽屉柜（储物锁柜）,抽屉柜,品牌04,1200,储物锁柜,白色,8*1*1,8
DrTE12LoGr,灰色 品牌04 1200 抽屉柜（储物锁柜）,抽屉柜,品牌04,1200,储物锁柜,灰色,8*1*1,8
DrTE12LoBe,米色 品牌04 1200 抽屉柜（储物锁柜）,抽屉柜,品牌04,1200,储物锁柜,米色,8*1*1,8
CuQE90FiBl,黑色 品牌01 900 储物柜（文件收纳）,储物柜,品牌01,900,文件收纳,黑色,8*1*1,8
CuQE90FiWh,白色 品牌01 900 储物柜（文件收纳）,储物柜,品牌01,900,文件收纳,白色,8*1*1,8
CuQE90FiGr,灰色 品牌01 900 储物柜（文件收纳）,储物柜,品牌01,900,文件收纳,灰色,8*1*1,8
CuQE90FiBe,米色 品牌01 900 储物柜（文件收纳）,储物柜,品牌01,900,文件收纳,米色,8*1*1,8
CuQE90SlBl,黑色 品牌01 900 储物柜（滑动式）,储物柜,品牌01,900,滑动式,黑色,8*1*1,8
CuQE90SlWh,白色 品牌01 900 储物柜（滑动式）,储物柜,品牌01,900,滑动式,白色,8*1*1,8
CuQE90SlGr,灰色 品牌01 900 储物柜（滑动式）,储物柜,品牌01,900,滑动式,灰色,8*1*1,8
CuQE90SlBe,米色 品牌01 900 储物柜（滑动式）,储物柜,品牌01,900,滑动式,米色,8*1*1,8
CuQE90DoBl,黑色 品牌01 900 储物柜（带门式）,储物柜,品牌01,900,带门式,黑色,8*1*1,8
CuQE90DoWh,白色 品牌01 900 储物柜（带门式）,储物柜,品牌01,900,带门式,白色,8*1*1,8
CuQE90DoGr,灰色 品牌01 900 储物柜（带门式）,储物柜,品牌01,900,带门式,灰色,8*1*1,8
CuQE90DoBe,米色 品牌01 900 储物柜（带门式）,储物柜,品牌01,900,带门式,米色,8*1*1,8
CuQE90LoBl,黑色 品牌01 900 储物柜（储物锁柜）,储物柜,品牌01,900,储物锁柜,黑色,8*1*1,8
CuQE90LoWh,白色 品牌01 900 储物柜（储物锁柜）,储物柜,品牌01,900,储物锁柜,白色,8*1*1,8
CuQE90LoGr,灰色 品牌01 900 储物柜（储物锁柜）,储物柜,品牌01,900,储物锁柜,灰色,8*1*1,8
CuQE90LoBe,米色 品牌01 900 储物柜（储物锁柜）,储物柜,品牌01,900,储物锁柜,米色,8*1*1,8
CuQE18FiBl,黑色 品牌01 1800 储物柜（文件收纳）,储物柜,品牌01,1800,文件收纳,黑色,8*1*1,8
CuQE18FiWh,白色 品牌01 1800 储物柜（文件收纳）,储物柜,品牌01,1800,文件收纳,白色,8*1*1,8
CuQE18FiGr,灰色 品牌01 1800 储物柜（文件收纳）,储物柜,品牌01,1800,文件收纳,灰色,8*1*1,8
CuQE18FiBe,米色 品牌01 1800 储物柜（文件收纳）,储物柜,品牌01,1800,文件收纳,米色,8*1*1,8
CuQE18SlBl,黑色 品牌01 1800 储物柜（滑动式）,储物柜,品牌01,1800,滑动式,黑色,8*1*1,8
CuQE18SlWh,白色 品牌01 1800 储物柜（滑动式）,储物柜,品牌01,1800,滑动式,白色,8*1*1,8
CuQE18SlGr,灰色 品牌01 1800 储物柜（滑动式）,储物柜,品牌01,1800,滑动式,灰色,8*1*1,8
CuQE18SlBe,米色 品牌01 1800 储物柜（滑动式）,储物柜,品牌01,1800,滑动式,米色,8*1*1,8
CuQE18DoBl,黑色 品牌01 1800 储物柜（带门式）,储物柜,品牌01,1800,带门式,黑色,8*1*1,8
CuQE18DoWh,白色 品牌01 1800 储物柜（带门式）,储物柜,品牌01,1800,带门式,白色,8*1*1,8
CuQE18DoGr,灰色 品牌01 1800 储物柜（带门式）,储物柜,品牌01,1800,带门式,灰色,8*1*1,8
CuQE18DoBe,米色 品牌01 1800 储物柜（带门式）,储物柜,品牌01,1800,带门式,米色,8*1*1,8
CuQE18LoBl,黑色 品牌01 1800 储物柜（储物锁柜）,储物柜,品牌01,1800,储物锁柜,黑色,8*1*1,8
CuQE18LoWh,白色 品牌01 1800 储物柜（储物锁柜）,储物柜,品牌01,1800,储物锁柜,白色,8*1*1,8
CuQE18LoGr,灰色 品牌01 1800 储物柜（储物锁柜）,储物柜,品牌01,1800,储物锁柜,灰色,8*1*1,8
CuQE18LoBe,米色 品牌01 1800 储物柜（储物锁柜）,储物柜,品牌01,1800,储物锁柜,米色,8*1*1,8
CuQE12FiBl,黑色 品牌01 1200 储物柜（文件收纳）,储物柜,品牌01,1200,文件收纳,黑色,8*1*1,8
CuQE12FiWh,白色 品牌01 1200 储物柜（文件收纳）,储物柜,品牌01,1200,文件收纳,白色,8*1*1,8
CuQE12FiGr,灰色 品牌01 1200 储物柜（文件收纳）,储物柜,品牌01,1200,文件收纳,灰色,8*1*1,8
CuQE12FiBe,米色 品牌01 1200 储物柜（文件收纳）,储物柜,品牌01,1200,文件收纳,米色,8*1*1,8
CuQE12SlBl,黑色 品牌01 1200 储物柜（滑动式）,储物柜,品牌01,1200,滑动式,黑色,8*1*1,8
CuQE12SlWh,白色 品牌01 1200 储物柜（滑动式）,储物柜,品牌01,1200,滑动式,白色,8*1*1,8
CuQE12SlGr,灰色 品牌01 1200 储物柜（滑动式）,储物柜,品牌01,1200,滑动式,灰色,8*1*1,8
CuQE12SlBe,米色 品牌01 1200 储物柜（滑动式）,储物柜,品牌01,1200,滑动式,米色,8*1*1,8
CuQE12DoBl,黑色 品牌01 1200 储物柜（带门式）,储物柜,品牌01,1200,带门式,黑色,8*1*1,8
CuQE12DoWh,白色 品牌01 1200 储物柜（带门式）,储物柜,品牌01,1200,带门式,白色,8*1*1,8
CuQE12DoGr,灰色 品牌01 1200 储物柜（带门式）,储物柜,品牌01,1200,带门式,灰色,8*1*1,8
CuQE12DoBe,米色 品牌01 1200 储物柜（带门式）,储物柜,品牌01,1200,带门式,米色,8*1*1,8
CuQE12LoBl,黑色 品牌01 1200 储物柜（储物锁柜）,储物柜,品牌01,1200,储物锁柜,黑色,8*1*1,8
CuQE12LoWh,白色 品牌01 1200 储物柜（储物锁柜）,储物柜,品牌01,1200,储物锁柜,白色,8*1*1,8
CuQE12LoGr,灰色 品牌01 1200 储物柜（储物锁柜）,储物柜,品牌01,1200,储物锁柜,灰色,8*1*1,8
CuQE12LoBe,米色 品牌01 1200 储物柜（储物锁柜）,储物柜,品牌01,1200,储物锁柜,米色,8*1*1,8
CuWE90FiBl,黑色 品牌02 900 储物柜（文件收纳）,储物柜,品牌02,900,文件收纳,黑色,8*1*1,8
CuWE90FiWh,白色 品牌02 900 储物柜（文件收纳）,储物柜,品牌02,900,文件收纳,白色,8*1*1,8
CuWE90FiGr,灰色 品牌02 900 储物柜（文件收纳）,储物柜,品牌02,900,文件收纳,灰色,8*1*1,8
CuWE90FiBe,米色 品牌02 900 储物柜（文件收纳）,储物柜,品牌02,900,文件收纳,米色,8*1*1,8
CuWE90SlBl,黑色 品牌02 900 储物柜（滑动式）,储物柜,品牌02,900,滑动式,黑色,8*1*1,8
CuWE90SlWh,白色 品牌02 900 储物柜（滑动式）,储物柜,品牌02,900,滑动式,白色,8*1*1,8
CuWE90SlGr,灰色 品牌02 900 储物柜（滑动式）,储物柜,品牌02,900,滑动式,灰色,8*1*1,8
CuWE90SlBe,米色 品牌02 900 储物柜（滑动式）,储物柜,品牌02,900,滑动式,米色,8*1*1,8
CuWE90DoBl,黑色 品牌02 900 储物柜（带门式）,储物柜,品牌02,900,带门式,黑色,8*1*1,8
CuWE90DoWh,白色 品牌02 900 储物柜（带门式）,储物柜,品牌02,900,带门式,白色,8*1*1,8
CuWE90DoGr,灰色 品牌02 900 储物柜（带门式）,储物柜,品牌02,900,带门式,灰色,8*1*1,8
CuWE90DoBe,米色 品牌02 900 储物柜（带门式）,储物柜,品牌02,900,带门式,米色,8*1*1,8
CuWE90LoBl,黑色 品牌02 900 储物柜（储物锁柜）,储物柜,品牌02,900,储物锁柜,黑色,8*1*1,8
CuWE90LoWh,白色 品牌02 900 储物柜（储物锁柜）,储物柜,品牌02,900,储物锁柜,白色,8*1*1,8
CuWE90LoGr,灰色 品牌02 900 储物柜（储物锁柜）,储物柜,品牌02,900,储物锁柜,灰色,8*1*1,8
CuWE90LoBe,米色 品牌02 900 储物柜（储物锁柜）,储物柜,品牌02,900,储物锁柜,米色,8*1*1,8
CuWE18FiBl,黑色 品牌02 1800 储物柜（文件收纳）,储物柜,品牌02,1800,文件收纳,黑色,8*1*1,8
CuWE18FiWh,白色 品牌02 1800 储物柜（文件收纳）,储物柜,品牌02,1800,文件收纳,白色,8*1*1,8
CuWE18FiGr,灰色 品牌02 1800 储物柜（文件收纳）,储物柜,品牌02,1800,文件收纳,灰色,8*1*1,8
CuWE18FiBe,米色 品牌02 1800 储物柜（文件收纳）,储物柜,品牌02,1800,文件收纳,米色,8*1*1,8
CuWE18SlBl,黑色 品牌02 1800 储物柜（滑动式）,储物柜,品牌02,1800,滑动式,黑色,8*1*1,8
CuWE18SlWh,白色 品牌02 1800 储物柜（滑动式）,储物柜,品牌02,1800,滑动式,白色,8*1*1,8
CuWE18SlGr,灰色 品牌02 1800 储物柜（滑动式）,储物柜,品牌02,1800,滑动式,灰色,8*1*1,8
CuWE18SlBe,米色 品牌02 1800 储物柜（滑动式）,储物柜,品牌02,1800,滑动式,米色,8*1*1,8
CuWE18DoBl,黑色 品牌02 1800 储物柜（带门式）,储物柜,品牌02,1800,带门式,黑色,8*1*1,8
CuWE18DoWh,白色 品牌02 1800 储物柜（带门式）,储物柜,品牌02,1800,带门式,白色,8*1*1,8
CuWE18DoGr,灰色 品牌02 1800 储物柜（带门式）,储物柜,品牌02,1800,带门式,灰色,8*1*1,8
CuWE18DoBe,米色 品牌02 1800 储物柜（带门式）,储物柜,品牌02,1800,带门式,米色,8*1*1,8
CuWE18LoBl,黑色 品牌02 1800 储物柜（储物锁柜）,储物柜,品牌02,1800,储物锁柜,黑色,8*1*1,8
CuWE18LoWh,白色 品牌02 1800 储物柜（储物锁柜）,储物柜,品牌02,1800,储物锁柜,白色,8*1*1,8
CuWE18LoGr,灰色 品牌02 1800 储物柜（储物锁柜）,储物柜,品牌02,1800,储物锁柜,灰色,8*1*1,8
CuWE18LoBe,米色 品牌02 1800 储物柜（储物锁柜）,储物柜,品牌02,1800,储物锁柜,米色,8*1*1,8
CuWE12FiBl,黑色 品牌02 1200 储物柜（文件收纳）,储物柜,品牌02,1200,文件收纳,黑色,8*1*1,8
CuWE12FiWh,白色 品牌02 1200 储物柜（文件收纳）,储物柜,品牌02,1200,文件收纳,白色,8*1*1,8
CuWE12FiGr,灰色 品牌02 1200 储物柜（文件收纳）,储物柜,品牌02,1200,文件收纳,灰色,8*1*1,8
CuWE12FiBe,米色 品牌02 1200 储物柜（文件收纳）,储物柜,品牌02,1200,文件收纳,米色,8*1*1,8
CuWE12SlBl,黑色 品牌02 1200 储物柜（滑动式）,储物柜,品牌02,1200,滑动式,黑色,8*1*1,8
CuWE12SlWh,白色 品牌02 1200 储物柜（滑动式）,储物柜,品牌02,1200,滑动式,白色,8*1*1,8
CuWE12SlGr,灰色 品牌02 1200 储物柜（滑动式）,储物柜,品牌02,1200,滑动式,灰色,8*1*1,8
CuWE12SlBe,米色 品牌02 1200 储物柜（滑动式）,储物柜,品牌02,1200,滑动式,米色,8*1*1,8
CuWE12DoBl,黑色 品牌02 1200 储物柜（带门式）,储物柜,品牌02,1200,带门式,黑色,8*1*1,8
CuWE12DoWh,白色 品牌02 1200 储物柜（带门式）,储物柜,品牌02,1200,带门式,白色,8*1*1,8
CuWE12DoGr,灰色 品牌02 1200 储物柜（带门式）,储物柜,品牌02,1200,带门式,灰色,8*1*1,8
CuWE12DoBe,米色 品牌02 1200 储物柜（带门式）,储物柜,品牌02,1200,带门式,米色,8*1*1,8
CuWE12LoBl,黑色 品牌02 1200 储物柜（储物锁柜）,储物柜,品牌02,1200,储物锁柜,黑色,8*1*1,8
CuWE12LoWh,白色 品牌02 1200 储物柜（储物锁柜）,储物柜,品牌02,1200,储物锁柜,白色,8*1*1,8
CuWE12LoGr,灰色 品牌02 1200 储物柜（储物锁柜）,储物柜,品牌02,1200,储物锁柜,灰色,8*1*1,8
CuWE12LoBe,米色 品牌02 1200 储物柜（储物锁柜）,储物柜,品牌02,1200,储物锁柜,米色,8*1*1,8
CuRG90FiBl,黑色 品牌03 900 储物柜（文件收纳）,储物柜,品牌03,900,文件收纳,黑色,8*1*1,8
CuRG90FiWh,白色 品牌03 900 储物柜（文件收纳）,储物柜,品牌03,900,文件收纳,白色,8*1*1,8
CuRG90FiGr,灰色 品牌03 900 储物柜（文件收纳）,储物柜,品牌03,900,文件收纳,灰色,8*1*1,8
CuRG90FiBe,米色 品牌03 900 储物柜（文件收纳）,储物柜,品牌03,900,文件收纳,米色,8*1*1,8
CuRG90SlBl,黑色 品牌03 900 储物柜（滑动式）,储物柜,品牌03,900,滑动式,黑色,8*1*1,8
CuRG90SlWh,白色 品牌03 900 储物柜（滑动式）,储物柜,品牌03,900,滑动式,白色,8*1*1,8
CuRG90SlGr,灰色 品牌03 900 储物柜（滑动式）,储物柜,品牌03,900,滑动式,灰色,8*1*1,8
CuRG90SlBe,米色 品牌03 900 储物柜（滑动式）,储物柜,品牌03,900,滑动式,米色,8*1*1,8
CuRG90DoBl,黑色 品牌03 900 储物柜（带门式）,储物柜,品牌03,900,带门式,黑色,8*1*1,8
CuRG90DoWh,白色 品牌03 900 储物柜（带门式）,储物柜,品牌03,900,带门式,白色,8*1*1,8
CuRG90DoGr,灰色 品牌03 900 储物柜（带门式）,储物柜,品牌03,900,带门式,灰色,8*1*1,8
CuRG90DoBe,米色 品牌03 900 储物柜（带门式）,储物柜,品牌03,900,带门式,米色,8*1*1,8
CuRG90LoBl,黑色 品牌03 900 储物柜（储物锁柜）,储物柜,品牌03,900,储物锁柜,黑色,8*1*1,8
CuRG90LoWh,白色 品牌03 900 储物柜（储物锁柜）,储物柜,品牌03,900,储物锁柜,白色,8*1*1,8
CuRG90LoGr,灰色 品牌03 900 储物柜（储物锁柜）,储物柜,品牌03,900,储物锁柜,灰色,8*1*1,8
CuRG90LoBe,米色 品牌03 900 储物柜（储物锁柜）,储物柜,品牌03,900,储物锁柜,米色,8*1*1,8
CuRG18FiBl,黑色 品牌03 1800 储物柜（文件收纳）,储物柜,品牌03,1800,文件收纳,黑色,8*1*1,8
CuRG18FiWh,白色 品牌03 1800 储物柜（文件收纳）,储物柜,品牌03,1800,文件收纳,白色,8*1*1,8
CuRG18FiGr,灰色 品牌03 1800 储物柜（文件收纳）,储物柜,品牌03,1800,文件收纳,灰色,8*1*1,8
CuRG18FiBe,米色 品牌03 1800 储物柜（文件收纳）,储物柜,品牌03,1800,文件收纳,米色,8*1*1,8
CuRG18SlBl,黑色 品牌03 1800 储物柜（滑动式）,储物柜,品牌03,1800,滑动式,黑色,8*1*1,8
CuRG18SlWh,白色 品牌03 1800 储物柜（滑动式）,储物柜,品牌03,1800,滑动式,白色,8*1*1,8
CuRG18SlGr,灰色 品牌03 1800 储物柜（滑动式）,储物柜,品牌03,1800,滑动式,灰色,8*1*1,8
CuRG18SlBe,米色 品牌03 1800 储物柜（滑动式）,储物柜,品牌03,1800,滑动式,米色,8*1*1,8
CuRG18DoBl,黑色 品牌03 1800 储物柜（带门式）,储物柜,品牌03,1800,带门式,黑色,8*1*1,8
CuRG18DoWh,白色 品牌03 1800 储物柜（带门式）,储物柜,品牌03,1800,带门式,白色,8*1*1,8
CuRG18DoGr,灰色 品牌03 1800 储物柜（带门式）,储物柜,品牌03,1800,带门式,灰色,8*1*1,8
CuRG18DoBe,米色 品牌03 1800 储物柜（带门式）,储物柜,品牌03,1800,带门式,米色,8*1*1,8
CuRG18LoBl,黑色 品牌03 1800 储物柜（储物锁柜）,储物柜,品牌03,1800,储物锁柜,黑色,8*1*1,8
CuRG18LoWh,白色 品牌03 1800 储物柜（储物锁柜）,储物柜,品牌03,1800,储物锁柜,白色,8*1*1,8
CuRG18LoGr,灰色 品牌03 1800 储物柜（储物锁柜）,储物柜,品牌03,1800,储物锁柜,灰色,8*1*1,8
CuRG18LoBe,米色 品牌03 1800 储物柜（储物锁柜）,储物柜,品牌03,1800,储物锁柜,米色,8*1*1,8
CuRG12FiBl,黑色 品牌03 1200 储物柜（文件收纳）,储物柜,品牌03,1200,文件收纳,黑色,8*1*1,8
CuRG12FiWh,白色 品牌03 1200 储物柜（文件收纳）,储物柜,品牌03,1200,文件收纳,白色,8*1*1,8
CuRG12FiGr,灰色 品牌03 1200 储物柜（文件收纳）,储物柜,品牌03,1200,文件收纳,灰色,8*1*1,8
CuRG12FiBe,米色 品牌03 1200 储物柜（文件收纳）,储物柜,品牌03,1200,文件收纳,米色,8*1*1,8
CuRG12SlBl,黑色 品牌03 1200 储物柜（滑动式）,储物柜,品牌03,1200,滑动式,黑色,8*1*1,8
CuRG12SlWh,白色 品牌03 1200 储物柜（滑动式）,储物柜,品牌03,1200,滑动式,白色,8*1*1,8
CuRG12SlGr,灰色 品牌03 1200 储物柜（滑动式）,储物柜,品牌03,1200,滑动式,灰色,8*1*1,8
CuRG12SlBe,米色 品牌03 1200 储物柜（滑动式）,储物柜,品牌03,1200,滑动式,米色,8*1*1,8
CuRG12DoBl,黑色 品牌03 1200 储物柜（带门式）,储物柜,品牌03,1200,带门式,黑色,8*1*1,8
CuRG12DoWh,白色 品牌03 1200 储物柜（带门式）,储物柜,品牌03,1200,带门式,白色,8*1*1,8
CuRG12DoGr,灰色 品牌03 1200 储物柜（带门式）,储物柜,品牌03,1200,带门式,灰色,8*1*1,8
CuRG12DoBe,米色 品牌03 1200 储物柜（带门式）,储物柜,品牌03,1200,带门式,米色,8*1*1,8
CuRG12LoBl,黑色 品牌03 1200 储物柜（储物锁柜）,储物柜,品牌03,1200,储物锁柜,黑色,8*1*1,8
CuRG12LoWh,白色 品牌03 1200 储物柜（储物锁柜）,储物柜,品牌03,1200,储物锁柜,白色,8*1*1,8
CuRG12LoGr,灰色 品牌03 1200 储物柜（储物锁柜）,储物柜,品牌03,1200,储物锁柜,灰色,8*1*1,8
CuRG12LoBe,米色 品牌03 1200 储物柜（储物锁柜）,储物柜,品牌03,1200,储物锁柜,米色,8*1*1,8
CuTE90FiBl,黑色 品牌04 900 储物柜（文件收纳）,储物柜,品牌04,900,文件收纳,黑色,8*1*1,8
CuTE90FiWh,白色 品牌04 900 储物柜（文件收纳）,储物柜,品牌04,900,文件收纳,白色,8*1*1,8
CuTE90FiGr,灰色 品牌04 900 储物柜（文件收纳）,储物柜,品牌04,900,文件收纳,灰色,8*1*1,8
CuTE90FiBe,米色 品牌04 900 储物柜（文件收纳）,储物柜,品牌04,900,文件收纳,米色,8*1*1,8
CuTE90SlBl,黑色 品牌04 900 储物柜（滑动式）,储物柜,品牌04,900,滑动式,黑色,8*1*1,8
CuTE90SlWh,白色 品牌04 900 储物柜（滑动式）,储物柜,品牌04,900,滑动式,白色,8*1*1,8
CuTE90SlGr,灰色 品牌04 900 储物柜（滑动式）,储物柜,品牌04,900,滑动式,灰色,8*1*1,8
CuTE90SlBe,米色 品牌04 900 储物柜（滑动式）,储物柜,品牌04,900,滑动式,米色,8*1*1,8
CuTE90DoBl,黑色 品牌04 900 储物柜（带门式）,储物柜,品牌04,900,带门式,黑色,8*1*1,8
CuTE90DoWh,白色 品牌04 900 储物柜（带门式）,储物柜,品牌04,900,带门式,白色,8*1*1,8
CuTE90DoGr,灰色 品牌04 900 储物柜（带门式）,储物柜,品牌04,900,带门式,灰色,8*1*1,8
CuTE90DoBe,米色 品牌04 900 储物柜（带门式）,储物柜,品牌04,900,带门式,米色,8*1*1,8
CuTE90LoBl,黑色 品牌04 900 储物柜（储物锁柜）,储物柜,品牌04,900,储物锁柜,黑色,8*1*1,8
CuTE90LoWh,白色 品牌04 900 储物柜（储物锁柜）,储物柜,品牌04,900,储物锁柜,白色,8*1*1,8
CuTE90LoGr,灰色 品牌04 900 储物柜（储物锁柜）,储物柜,品牌04,900,储物锁柜,灰色,8*1*1,8
CuTE90LoBe,米色 品牌04 900 储物柜（储物锁柜）,储物柜,品牌04,900,储物锁柜,米色,8*1*1,8
CuTE18FiBl,黑色 品牌04 1800 储物柜（文件收纳）,储物柜,品牌04,1800,文件收纳,黑色,8*1*1,8
CuTE18FiWh,白色 品牌04 1800 储物柜（文件收纳）,储物柜,品牌04,1800,文件收纳,白色,8*1*1,8
CuTE18FiGr,灰色 品牌04 1800 储物柜（文件收纳）,储物柜,品牌04,1800,文件收纳,灰色,8*1*1,8
CuTE18FiBe,米色 品牌04 1800 储物柜（文件收纳）,储物柜,品牌04,1800,文件收纳,米色,8*1*1,8
CuTE18SlBl,黑色 品牌04 1800 储物柜（滑动式）,储物柜,品牌04,1800,滑动式,黑色,8*1*1,8
CuTE18SlWh,白色 品牌04 1800 储物柜（滑动式）,储物柜,品牌04,1800,滑动式,白色,8*1*1,8
CuTE18SlGr,灰色 品牌04 1800 储物柜（滑动式）,储物柜,品牌04,1800,滑动式,灰色,8*1*1,8
CuTE18SlBe,米色 品牌04 1800 储物柜（滑动式）,储物柜,品牌04,1800,滑动式,米色,8*1*1,8
CuTE18DoBl,黑色 品牌04 1800 储物柜（带门式）,储物柜,品牌04,1800,带门式,黑色,8*1*1,8
CuTE18DoWh,白色 品牌04 1800 储物柜（带门式）,储物柜,品牌04,1800,带门式,白色,8*1*1,8
CuTE18DoGr,灰色 品牌04 1800 储物柜（带门式）,储物柜,品牌04,1800,带门式,灰色,8*1*1,8
CuTE18DoBe,米色 品牌04 1800 储物柜（带门式）,储物柜,品牌04,1800,带门式,米色,8*1*1,8
CuTE18LoBl,黑色 品牌04 1800 储物柜（储物锁柜）,储物柜,品牌04,1800,储物锁柜,黑色,8*1*1,8
CuTE18LoWh,白色 品牌04 1800 储物柜（储物锁柜）,储物柜,品牌04,1800,储物锁柜,白色,8*1*1,8
CuTE18LoGr,灰色 品牌04 1800 储物柜（储物锁柜）,储物柜,品牌04,1800,储物锁柜,灰色,8*1*1,8
CuTE18LoBe,米色 品牌04 1800 储物柜（储物锁柜）,储物柜,品牌04,1800,储物锁柜,米色,8*1*1,8
CuTE12FiBl,黑色 品牌04 1200 储物柜（文件收纳）,储物柜,品牌04,1200,文件收纳,黑色,8*1*1,8
CuTE12FiWh,白色 品牌04 1200 储物柜（文件收纳）,储物柜,品牌04,1200,文件收纳,白色,8*1*1,8
CuTE12FiGr,灰色 品牌04 1200 储物柜（文件收纳）,储物柜,品牌04,1200,文件收纳,灰色,8*1*1,8
CuTE12FiBe,米色 品牌04 1200 储物柜（文件收纳）,储物柜,品牌04,1200,文件收纳,米色,8*1*1,8
CuTE12SlBl,黑色 品牌04 1200 储物柜（滑动式）,储物柜,品牌04,1200,滑动式,黑色,8*1*1,8
CuTE12SlWh,白色 品牌04 1200 储物柜（滑动式）,储物柜,品牌04,1200,滑动式,白色,8*1*1,8
CuTE12SlGr,灰色 品牌04 1200 储物柜（滑动式）,储物柜,品牌04,1200,滑动式,灰色,8*1*1,8
CuTE12SlBe,米色 品牌04 1200 储物柜（滑动式）,储物柜,品牌04,1200,滑动式,米色,8*1*1,8
CuTE12DoBl,黑色 品牌04 1200 储物柜（带门式）,储物柜,品牌04,1200,带门式,黑色,8*1*1,8
CuTE12DoWh,白色 品牌04 1200 储物柜（带门式）,储物柜,品牌04,1200,带门式,白色,8*1*1,8
CuTE12DoGr,灰色 品牌04 1200 储物柜（带门式）,储物柜,品牌04,1200,带门式,灰色,8*1*1,8
CuTE12DoBe,米色 品牌04 1200 储物柜（带门式）,储物柜,品牌04,1200,带门式,米色,8*1*1,8
CuTE12LoBl,黑色 品牌04 1200 储物柜（储物锁柜）,储物柜,品牌04,1200,储物锁柜,黑色,8*1*1,8
CuTE12LoWh,白色 品牌04 1200 储物柜（储物锁柜）,储物柜,品牌04,1200,储物锁柜,白色,8*1*1,8
CuTE12LoGr,灰色 品牌04 1200 储物柜（储物锁柜）,储物柜,品牌04,1200,储物锁柜,灰色,8*1*1,8
CuTE12LoBe,米色 品牌04 1200 储物柜（储物锁柜）,储物柜,品牌04,1200,储物锁柜,米色,8*1*1,8
OfAESLeBl,黑色 品牌05 小号 办公椅（皮革）,办公椅,品牌05,小号,皮革,黑色,16*1*1,16
OfAESLeWh,白色 品牌05 小号 办公椅（皮革）,办公椅,品牌05,小号,皮革,白色,16*1*1,16
OfAESLeGr,灰色 品牌05 小号 办公椅（皮革）,办公椅,品牌05,小号,皮革,灰色,16*1*1,16
OfAESLePi,粉色 品牌05 小号 办公椅（皮革）,办公椅,品牌05,小号,皮革,粉色,16*1*1,16
OfAESAdBl,黑色 品牌05 小号 办公椅（可调节）,办公椅,品牌05,小号,可调节,黑色,16*1*1,16
OfAESAdWh,白色 品牌05 小号 办公椅（可调节）,办公椅,品牌05,小号,可调节,白色,16*1*1,16
OfAESAdGr,灰色 品牌05 小号 办公椅（可调节）,办公椅,品牌05,小号,可调节,灰色,16*1*1,16
OfAESAdPi,粉色 品牌05 小号 办公椅（可调节）,办公椅,品牌05,小号,可调节,粉色,16*1*1,16
OfAESHeBl,黑色 品牌05 小号 办公椅（头枕）,办公椅,品牌05,小号,头枕,黑色,16*1*1,16
OfAESHeWh,白色 品牌05 小号 办公椅（头枕）,办公椅,品牌05,小号,头枕,白色,16*1*1,16
OfAESHeGr,灰色 品牌05 小号 办公椅（头枕）,办公椅,品牌05,小号,头枕,灰色,16*1*1,16
OfAESHePi,粉色 品牌05 小号 办公椅（头枕）,办公椅,品牌05,小号,头枕,粉色,16*1*1,16
OfAESErBl,黑色 品牌05 小号 办公椅（人体工学）,办公椅,品牌05,小号,人体工学,黑色,16*1*1,16
OfAESErWh,白色 品牌05 小号 办公椅（人体工学）,办公椅,品牌05,小号,人体工学,白色,16*1*1,16
OfAESErGr,灰色 品牌05 小号 办公椅（人体工学）,办公椅,品牌05,小号,人体工学,灰色,16*1*1,16
OfAESErPi,粉色 品牌05 小号 办公椅（人体工学）,办公椅,品牌05,小号,人体工学,粉色,16*1*1,16
OfAEMLeBl,黑色 品牌05 中号 办公椅（皮革）,办公椅,品牌05,中号,皮革,黑色,16*1*1,16
OfAEMLeWh,白色 品牌05 中号 办公椅（皮革）,办公椅,品牌05,中号,皮革,白色,16*1*1,16
OfAEMLeGr,灰色 品牌05 中号 办公椅（皮革）,办公椅,品牌05,中号,皮革,灰色,16*1*1,16
OfAEMLePi,粉色 品牌05 中号 办公椅（皮革）,办公椅,品牌05,中号,皮革,粉色,16*1*1,16
OfAEMAdBl,黑色 品牌05 中号 办公椅（可调节）,办公椅,品牌05,中号,可调节,黑色,16*1*1,16
OfAEMAdWh,白色 品牌05 中号 办公椅（可调节）,办公椅,品牌05,中号,可调节,白色,16*1*1,16
OfAEMAdGr,灰色 品牌05 中号 办公椅（可调节）,办公椅,品牌05,中号,可调节,灰色,16*1*1,16
OfAEMAdPi,粉色 品牌05 中号 办公椅（可调节）,办公椅,品牌05,中号,可调节,粉色,16*1*1,16
OfAEMHeBl,黑色 品牌05 中号 办公椅（头枕）,办公椅,品牌05,中号,头枕,黑色,16*1*1,16
OfAEMHeWh,白色 品牌05 中号 办公椅（头枕）,办公椅,品牌05,中号,头枕,白色,16*1*1,16
OfAEMHeGr,灰色 品牌05 中号 办公椅（头枕）,办公椅,品牌05,中号,头枕,灰色,16*1*1,16
OfAEMHePi,粉色 品牌05 中号 办公椅（头枕）,办公椅,品牌05,中号,头枕,粉色,16*1*1,16
OfAEMErBl,黑色 品牌05 中号 办公椅（人体工学）,办公椅,品牌05,中号,人体工学,黑色,16*1*1,16
OfAEMErWh,白色 品牌05 中号 办公椅（人体工学）,办公椅,品牌05,中号,人体工学,白色,16*1*1,16
OfAEMErGr,灰色 品牌05 中号 办公椅（人体工学）,办公椅,品牌05,中号,人体工学,灰色,16*1*1,16
OfAEMErPi,粉色 品牌05 中号 办公椅（人体工学）,办公椅,品牌05,中号,人体工学,粉色,16*1*1,16
OfAELLeBl,黑色 品牌05 大号 办公椅（皮革）,办公椅,品牌05,大号,皮革,黑色,16*1*1,16
OfAELLeWh,白色 品牌05 大号 办公椅（皮革）,办公椅,品牌05,大号,皮革,白色,16*1*1,16
OfAELLeGr,灰色 品牌05 大号 办公椅（皮革）,办公椅,品牌05,大号,皮革,灰色,16*1*1,16
OfAELLePi,粉色 品牌05 大号 办公椅（皮革）,办公椅,品牌05,大号,皮革,粉色,16*1*1,16
OfAELAdBl,黑色 品牌05 大号 办公椅（可调节）,办公椅,品牌05,大号,可调节,黑色,16*1*1,16
OfAELAdWh,白色 品牌05 大号 办公椅（可调节）,办公椅,品牌05,大号,可调节,白色,16*1*1,16
OfAELAdGr,灰色 品牌05 大号 办公椅（可调节）,办公椅,品牌05,大号,可调节,灰色,16*1*1,16
OfAELAdPi,粉色 品牌05 大号 办公椅（可调节）,办公椅,品牌05,大号,可调节,粉色,16*1*1,16
OfAELHeBl,黑色 品牌05 大号 办公椅（头枕）,办公椅,品牌05,大号,头枕,黑色,16*1*1,16
OfAELHeWh,白色 品牌05 大号 办公椅（头枕）,办公椅,品牌05,大号,头枕,白色,16*1*1,16
OfAELHeGr,灰色 品牌05 大号 办公椅（头枕）,办公椅,品牌05,大号,头枕,灰色,16*1*1,16
OfAELHePi,粉色 品牌05 大号 办公椅（头枕）,办公椅,品牌05,大号,头枕,粉色,16*1*1,16
OfAELErBl,黑色 品牌05 大号 办公椅（人体工学）,办公椅,品牌05,大号,人体工学,黑色,16*1*1,16
OfAELErWh,白色 品牌05 大号 办公椅（人体工学）,办公椅,品牌05,大号,人体工学,白色,16*1*1,16
OfAELErGr,灰色 品牌05 大号 办公椅（人体工学）,办公椅,品牌05,大号,人体工学,灰色,16*1*1,16
OfAELErPi,粉色 品牌05 大号 办公椅（人体工学）,办公椅,品牌05,大号,人体工学,粉色,16*1*1,16
OfXESLeBl,黑色 品牌06 小号 办公椅（皮革）,办公椅,品牌06,小号,皮革,黑色,16*1*1,16
OfXESLeWh,白色 品牌06 小号 办公椅（皮革）,办公椅,品牌06,小号,皮革,白色,16*1*1,16
OfXESLeGr,灰色 品牌06 小号 办公椅（皮革）,办公椅,品牌06,小号,皮革,灰色,16*1*1,16
OfXESLePi,粉色 品牌06 小号 办公椅（皮革）,办公椅,品牌06,小号,皮革,粉色,16*1*1,16
OfXESAdBl,黑色 品牌06 小号 办公椅（可调节）,办公椅,品牌06,小号,可调节,黑色,16*1*1,16
OfXESAdWh,白色 品牌06 小号 办公椅（可调节）,办公椅,品牌06,小号,可调节,白色,16*1*1,16
OfXESAdGr,灰色 品牌06 小号 办公椅（可调节）,办公椅,品牌06,小号,可调节,灰色,16*1*1,16
OfXESAdPi,粉色 品牌06 小号 办公椅（可调节）,办公椅,品牌06,小号,可调节,粉色,16*1*1,16
OfXESHeBl,黑色 品牌06 小号 办公椅（头枕）,办公椅,品牌06,小号,头枕,黑色,16*1*1,16
OfXESHeWh,白色 品牌06 小号 办公椅（头枕）,办公椅,品牌06,小号,头枕,白色,16*1*1,16
OfXESHeGr,灰色 品牌06 小号 办公椅（头枕）,办公椅,品牌06,小号,头枕,灰色,16*1*1,16
OfXESHePi,粉色 品牌06 小号 办公椅（头枕）,办公椅,品牌06,小号,头枕,粉色,16*1*1,16
OfXESErBl,黑色 品牌06 小号 办公椅（人体工学）,办公椅,品牌06,小号,人体工学,黑色,16*1*1,16
OfXESErWh,白色 品牌06 小号 办公椅（人体工学）,办公椅,品牌06,小号,人体工学,白色,16*1*1,16
OfXESErGr,灰色 品牌06 小号 办公椅（人体工学）,办公椅,品牌06,小号,人体工学,灰色,16*1*1,16
OfXESErPi,粉色 品牌06 小号 办公椅（人体工学）,办公椅,品牌06,小号,人体工学,粉色,16*1*1,16
OfXEMLeBl,黑色 品牌06 中号 办公椅（皮革）,办公椅,品牌06,中号,皮革,黑色,16*1*1,16
OfXEMLeWh,白色 品牌06 中号 办公椅（皮革）,办公椅,品牌06,中号,皮革,白色,16*1*1,16
OfXEMLeGr,灰色 品牌06 中号 办公椅（皮革）,办公椅,品牌06,中号,皮革,灰色,16*1*1,16
OfXEMLePi,粉色 品牌06 中号 办公椅（皮革）,办公椅,品牌06,中号,皮革,粉色,16*1*1,16
OfXEMAdBl,黑色 品牌06 中号 办公椅（可调节）,办公椅,品牌06,中号,可调节,黑色,16*1*1,16
OfXEMAdWh,白色 品牌06 中号 办公椅（可调节）,办公椅,品牌06,中号,可调节,白色,16*1*1,16
OfXEMAdGr,灰色 品牌06 中号 办公椅（可调节）,办公椅,品牌06,中号,可调节,灰色,16*1*1,16
OfXEMAdPi,粉色 品牌06 中号 办公椅（可调节）,办公椅,品牌06,中号,可调节,粉色,16*1*1,16
OfXEMHeBl,黑色 品牌06 中号 办公椅（头枕）,办公椅,品牌06,中号,头枕,黑色,16*1*1,16
OfXEMHeWh,白色 品牌06 中号 办公椅（头枕）,办公椅,品牌06,中号,头枕,白色,16*1*1,16
OfXEMHeGr,灰色 品牌06 中号 办公椅（头枕）,办公椅,品牌06,中号,头枕,灰色,16*1*1,16
OfXEMHePi,粉色 品牌06 中号 办公椅（头枕）,办公椅,品牌06,中号,头枕,粉色,16*1*1,16
OfXEMErBl,黑色 品牌06 中号 办公椅（人体工学）,办公椅,品牌06,中号,人体工学,黑色,16*1*1,16
OfXEMErWh,白色 品牌06 中号 办公椅（人体工学）,办公椅,品牌06,中号,人体工学,白色,16*1*1,16
OfXEMErGr,灰色 品牌06 中号 办公椅（人体工学）,办公椅,品牌06,中号,人体工学,灰色,16*1*1,16
OfXEMErPi,粉色 品牌06 中号 办公椅（人体工学）,办公椅,品牌06,中号,人体工学,粉色,16*1*1,16
OfXELLeBl,黑色 品牌06 大号 办公椅（皮革）,办公椅,品牌06,大号,皮革,黑色,16*1*1,16
OfXELLeWh,白色 品牌06 大号 办公椅（皮革）,办公椅,品牌06,大号,皮革,白色,16*1*1,16
OfXELLeGr,灰色 品牌06 大号 办公椅（皮革）,办公椅,品牌06,大号,皮革,灰色,16*1*1,16
OfXELLePi,粉色 品牌06 大号 办公椅（皮革）,办公椅,品牌06,大号,皮革,粉色,16*1*1,16
OfXELAdBl,黑色 品牌06 大号 办公椅（可调节）,办公椅,品牌06,大号,可调节,黑色,16*1*1,16
OfXELAdWh,白色 品牌06 大号 办公椅（可调节）,办公椅,品牌06,大号,可调节,白色,16*1*1,16
OfXELAdGr,灰色 品牌06 大号 办公椅（可调节）,办公椅,品牌06,大号,可调节,灰色,16*1*1,16
OfXELAdPi,粉色 品牌06 大号 办公椅（可调节）,办公椅,品牌06,大号,可调节,粉色,16*1*1,16
OfXELHeBl,黑色 品牌06 大号 办公椅（头枕）,办公椅,品牌06,大号,头枕,黑色,16*1*1,16
OfXELHeWh,白色 品牌06 大号 办公椅（头枕）,办公椅,品牌06,大号,头枕,白色,16*1*1,16
OfXELHeGr,灰色 品牌06 大号 办公椅（头枕）,办公椅,品牌06,大号,头枕,灰色,16*1*1,16
OfXELHePi,粉色 品牌06 大号 办公椅（头枕）,办公椅,品牌06,大号,头枕,粉色,16*1*1,16
OfXELErBl,黑色 品牌06 大号 办公椅（人体工学）,办公椅,品牌06,大号,人体工学,黑色,16*1*1,16
OfXELErWh,白色 品牌06 大号 办公椅（人体工学）,办公椅,品牌06,大号,人体工学,白色,16*1*1,16
OfXELErGr,灰色 品牌06 大号 办公椅（人体工学）,办公椅,品牌06,大号,人体工学,灰色,16*1*1,16
OfXELErPi,粉色 品牌06 大号 办公椅（人体工学）,办公椅,品牌06,大号,人体工学,粉色,16*1*1,16
OfOGSLeBl,黑色 品牌07 小号 办公椅（皮革）,办公椅,品牌07,小号,皮革,黑色,16*1*1,16
OfOGSLeWh,白色 品牌07 小号 办公椅（皮革）,办公椅,品牌07,小号,皮革,白色,16*1*1,16
OfOGSLeGr,灰色 品牌07 小号 办公椅（皮革）,办公椅,品牌07,小号,皮革,灰色,16*1*1,16
OfOGSLePi,粉色 品牌07 小号 办公椅（皮革）,办公椅,品牌07,小号,皮革,粉色,16*1*1,16
OfOGSAdBl,黑色 品牌07 小号 办公椅（可调节）,办公椅,品牌07,小号,可调节,黑色,16*1*1,16
OfOGSAdWh,白色 品牌07 小号 办公椅（可调节）,办公椅,品牌07,小号,可调节,白色,16*1*1,16
OfOGSAdGr,灰色 品牌07 小号 办公椅（可调节）,办公椅,品牌07,小号,可调节,灰色,16*1*1,16
OfOGSAdPi,粉色 品牌07 小号 办公椅（可调节）,办公椅,品牌07,小号,可调节,粉色,16*1*1,16
OfOGSHeBl,黑色 品牌07 小号 办公椅（头枕）,办公椅,品牌07,小号,头枕,黑色,16*1*1,16
OfOGSHeWh,白色 品牌07 小号 办公椅（头枕）,办公椅,品牌07,小号,头枕,白色,16*1*1,16
OfOGSHeGr,灰色 品牌07 小号 办公椅（头枕）,办公椅,品牌07,小号,头枕,灰色,16*1*1,16
OfOGSHePi,粉色 品牌07 小号 办公椅（头枕）,办公椅,品牌07,小号,头枕,粉色,16*1*1,16
OfOGSErBl,黑色 品牌07 小号 办公椅（人体工学）,办公椅,品牌07,小号,人体工学,黑色,16*1*1,16
OfOGSErWh,白色 品牌07 小号 办公椅（人体工学）,办公椅,品牌07,小号,人体工学,白色,16*1*1,16
OfOGSErGr,灰色 品牌07 小号 办公椅（人体工学）,办公椅,品牌07,小号,人体工学,灰色,16*1*1,16
OfOGSErPi,粉色 品牌07 小号 办公椅（人体工学）,办公椅,品牌07,小号,人体工学,粉色,16*1*1,16
OfOGMLeBl,黑色 品牌07 中号 办公椅（皮革）,办公椅,品牌07,中号,皮革,黑色,16*1*1,16
OfOGMLeWh,白色 品牌07 中号 办公椅（皮革）,办公椅,品牌07,中号,皮革,白色,16*1*1,16
OfOGMLeGr,灰色 品牌07 中号 办公椅（皮革）,办公椅,品牌07,中号,皮革,灰色,16*1*1,16
OfOGMLePi,粉色 品牌07 中号 办公椅（皮革）,办公椅,品牌07,中号,皮革,粉色,16*1*1,16
OfOGMAdBl,黑色 品牌07 中号 办公椅（可调节）,办公椅,品牌07,中号,可调节,黑色,16*1*1,16
OfOGMAdWh,白色 品牌07 中号 办公椅（可调节）,办公椅,品牌07,中号,可调节,白色,16*1*1,16
OfOGMAdGr,灰色 品牌07 中号 办公椅（可调节）,办公椅,品牌07,中号,可调节,灰色,16*1*1,16
OfOGMAdPi,粉色 品牌07 中号 办公椅（可调节）,办公椅,品牌07,中号,可调节,粉色,16*1*1,16
OfOGMHeBl,黑色 品牌07 中号 办公椅（头枕）,办公椅,品牌07,中号,头枕,黑色,16*1*1,16
OfOGMHeWh,白色 品牌07 中号 办公椅（头枕）,办公椅,品牌07,中号,头枕,白色,16*1*1,16
OfOGMHeGr,灰色 品牌07 中号 办公椅（头枕）,办公椅,品牌07,中号,头枕,灰色,16*1*1,16
OfOGMHePi,粉色 品牌07 中号 办公椅（头枕）,办公椅,品牌07,中号,头枕,粉色,16*1*1,16
OfOGMErBl,黑色 品牌07 中号 办公椅（人体工学）,办公椅,品牌07,中号,人体工学,黑色,16*1*1,16
OfOGMErWh,白色 品牌07 中号 办公椅（人体工学）,办公椅,品牌07,中号,人体工学,白色,16*1*1,16
OfOGMErGr,灰色 品牌07 中号 办公椅（人体工学）,办公椅,品牌07,中号,人体工学,灰色,16*1*1,16
OfOGMErPi,粉色 品牌07 中号 办公椅（人体工学）,办公椅,品牌07,中号,人体工学,粉色,16*1*1,16
OfOGLLeBl,黑色 品牌07 大号 办公椅（皮革）,办公椅,品牌07,大号,皮革,黑色,16*1*1,16
OfOGLLeWh,白色 品牌07 大号 办公椅（皮革）,办公椅,品牌07,大号,皮革,白色,16*1*1,16
OfOGLLeGr,灰色 品牌07 大号 办公椅（皮革）,办公椅,品牌07,大号,皮革,灰色,16*1*1,16
OfOGLLePi,粉色 品牌07 大号 办公椅（皮革）,办公椅,品牌07,大号,皮革,粉色,16*1*1,16
OfOGLAdBl,黑色 品牌07 大号 办公椅（可调节）,办公椅,品牌07,大号,可调节,黑色,16*1*1,16
OfOGLAdWh,白色 品牌07 大号 办公椅（可调节）,办公椅,品牌07,大号,可调节,白色,16*1*1,16
OfOGLAdGr,灰色 品牌07 大号 办公椅（可调节）,办公椅,品牌07,大号,可调节,灰色,16*1*1,16
OfOGLAdPi,粉色 品牌07 大号 办公椅（可调节）,办公椅,品牌07,大号,可调节,粉色,16*1*1,16
OfOGLHeBl,黑色 品牌07 大号 办公椅（头枕）,办公椅,品牌07,大号,头枕,黑色,16*1*1,16
OfOGLHeWh,白色 品牌07 大号 办公椅（头枕）,办公椅,品牌07,大号,头枕,白色,16*1*1,16
OfOGLHeGr,灰色 品牌07 大号 办公椅（头枕）,办公椅,品牌07,大号,头枕,灰色,16*1*1,16
OfOGLHePi,粉色 品牌07 大号 办公椅（头枕）,办公椅,品牌07,大号,头枕,粉色,16*1*1,16
OfOGLErBl,黑色 品牌07 大号 办公椅（人体工学）,办公椅,品牌07,大号,人体工学,黑色,16*1*1,16
OfOGLErWh,白色 品牌07 大号 办公椅（人体工学）,办公椅,品牌07,大号,人体工学,白色,16*1*1,16
OfOGLErGr,灰色 品牌07 大号 办公椅（人体工学）,办公椅,品牌07,大号,人体工学,灰色,16*1*1,16
OfOGLErPi,粉色 品牌07 大号 办公椅（人体工学）,办公椅,品牌07,大号,人体工学,粉色,16*1*1,16
OfSESLeBl,黑色 品牌08 小号 办公椅（皮革）,办公椅,品牌08,小号,皮革,黑色,16*1*1,16
OfSESLeWh,白色 品牌08 小号 办公椅（皮革）,办公椅,品牌08,小号,皮革,白色,16*1*1,16
OfSESLeGr,灰色 品牌08 小号 办公椅（皮革）,办公椅,品牌08,小号,皮革,灰色,16*1*1,16
OfSESLePi,粉色 品牌08 小号 办公椅（皮革）,办公椅,品牌08,小号,皮革,粉色,16*1*1,16
OfSESAdBl,黑色 品牌08 小号 办公椅（可调节）,办公椅,品牌08,小号,可调节,黑色,16*1*1,16
OfSESAdWh,白色 品牌08 小号 办公椅（可调节）,办公椅,品牌08,小号,可调节,白色,16*1*1,16
OfSESAdGr,灰色 品牌08 小号 办公椅（可调节）,办公椅,品牌08,小号,可调节,灰色,16*1*1,16
OfSESAdPi,粉色 品牌08 小号 办公椅（可调节）,办公椅,品牌08,小号,可调节,粉色,16*1*1,16
OfSESHeBl,黑色 品牌08 小号 办公椅（头枕）,办公椅,品牌08,小号,头枕,黑色,16*1*1,16
OfSESHeWh,白色 品牌08 小号 办公椅（头枕）,办公椅,品牌08,小号,头枕,白色,16*1*1,16
OfSESHeGr,灰色 品牌08 小号 办公椅（头枕）,办公椅,品牌08,小号,头枕,灰色,16*1*1,16
OfSESHePi,粉色 品牌08 小号 办公椅（头枕）,办公椅,品牌08,小号,头枕,粉色,16*1*1,16
OfSESErBl,黑色 品牌08 小号 办公椅（人体工学）,办公椅,品牌08,小号,人体工学,黑色,16*1*1,16
OfSESErWh,白色 品牌08 小号 办公椅（人体工学）,办公椅,品牌08,小号,人体工学,白色,16*1*1,16
OfSESErGr,灰色 品牌08 小号 办公椅（人体工学）,办公椅,品牌08,小号,人体工学,灰色,16*1*1,16
OfSESErPi,粉色 品牌08 小号 办公椅（人体工学）,办公椅,品牌08,小号,人体工学,粉色,16*1*1,16
OfSEMLeBl,黑色 品牌08 中号 办公椅（皮革）,办公椅,品牌08,中号,皮革,黑色,16*1*1,16
OfSEMLeWh,白色 品牌08 中号 办公椅（皮革）,办公椅,品牌08,中号,皮革,白色,16*1*1,16
OfSEMLeGr,灰色 品牌08 中号 办公椅（皮革）,办公椅,品牌08,中号,皮革,灰色,16*1*1,16
OfSEMLePi,粉色 品牌08 中号 办公椅（皮革）,办公椅,品牌08,中号,皮革,粉色,16*1*1,16
OfSEMAdBl,黑色 品牌08 中号 办公椅（可调节）,办公椅,品牌08,中号,可调节,黑色,16*1*1,16
OfSEMAdWh,白色 品牌08 中号 办公椅（可调节）,办公椅,品牌08,中号,可调节,白色,16*1*1,16
OfSEMAdGr,灰色 品牌08 中号 办公椅（可调节）,办公椅,品牌08,中号,可调节,灰色,16*1*1,16
OfSEMAdPi,粉色 品牌08 中号 办公椅（可调节）,办公椅,品牌08,中号,可调节,粉色,16*1*1,16
OfSEMHeBl,黑色 品牌08 中号 办公椅（头枕）,办公椅,品牌08,中号,头枕,黑色,16*1*1,16
OfSEMHeWh,白色 品牌08 中号 办公椅（头枕）,办公椅,品牌08,中号,头枕,白色,16*1*1,16
OfSEMHeGr,灰色 品牌08 中号 办公椅（头枕）,办公椅,品牌08,中号,头枕,灰色,16*1*1,16
OfSEMHePi,粉色 品牌08 中号 办公椅（头枕）,办公椅,品牌08,中号,头枕,粉色,16*1*1,16
OfSEMErBl,黑色 品牌08 中号 办公椅（人体工学）,办公椅,品牌08,中号,人体工学,黑色,16*1*1,16
OfSEMErWh,白色 品牌08 中号 办公椅（人体工学）,办公椅,品牌08,中号,人体工学,白色,16*1*1,16
OfSEMErGr,灰色 品牌08 中号 办公椅（人体工学）,办公椅,品牌08,中号,人体工学,灰色,16*1*1,16
OfSEMErPi,粉色 品牌08 中号 办公椅（人体工学）,办公椅,品牌08,中号,人体工学,粉色,16*1*1,16
OfSELLeBl,黑色 品牌08 大号 办公椅（皮革）,办公椅,品牌08,大号,皮革,黑色,16*1*1,16
OfSELLeWh,白色 品牌08 大号 办公椅（皮革）,办公椅,品牌08,大号,皮革,白色,16*1*1,16
OfSELLeGr,灰色 品牌08 大号 办公椅（皮革）,办公椅,品牌08,大号,皮革,灰色,16*1*1,16
OfSELLePi,粉色 品牌08 大号 办公椅（皮革）,办公椅,品牌08,大号,皮革,粉色,16*1*1,16
OfSELAdBl,黑色 品牌08 大号 办公椅（可调节）,办公椅,品牌08,大号,可调节,黑色,16*1*1,16
OfSELAdWh,白色 品牌08 大号 办公椅（可调节）,办公椅,品牌08,大号,可调节,白色,16*1*1,16
OfSELAdGr,灰色 品牌08 大号 办公椅（可调节）,办公椅,品牌08,大号,可调节,灰色,16*1*1,16
OfSELAdPi,粉色 品牌08 大号 办公椅（可调节）,办公椅,品牌08,大号,可调节,粉色,16*1*1,16
OfSELHeBl,黑色 品牌08 大号 办公椅（头枕）,办公椅,品牌08,大号,头枕,黑色,16*1*1,16
OfSELHeWh,白色 品牌08 大号 办公椅（头枕）,办公椅,品牌08,大号,头枕,白色,16*1*1,16
OfSELHeGr,灰色 品牌08 大号 办公椅（头枕）,办公椅,品牌08,大号,头枕,灰色,16*1*1,16
OfSELHePi,粉色 品牌08 大号 办公椅（头枕）,办公椅,品牌08,大号,头枕,粉色,16*1*1,16
OfSELErBl,黑色 品牌08 大号 办公椅（人体工学）,办公椅,品牌08,大号,人体工学,黑色,16*1*1,16
OfSELErWh,白色 品牌08 大号 办公椅（人体工学）,办公椅,品牌08,大号,人体工学,白色,16*1*1,16
OfSELErGr,灰色 品牌08 大号 办公椅（人体工学）,办公椅,品牌08,大号,人体工学,灰色,16*1*1,16
OfSELErPi,粉色 品牌08 大号 办公椅（人体工学）,办公椅,品牌08,大号,人体工学,粉色,16*1*1,16
GaAESLeBl,黑色 品牌05 小号 游戏椅（皮革）,游戏椅,品牌05,小号,皮革,黑色,16*1*1,16
GaAESLeWh,白色 品牌05 小号 游戏椅（皮革）,游戏椅,品牌05,小号,皮革,白色,16*1*1,16
GaAESLeGr,灰色 品牌05 小号 游戏椅（皮革）,游戏椅,品牌05,小号,皮革,灰色,16*1*1,16
GaAESLePi,粉色 品牌05 小号 游戏椅（皮革）,游戏椅,品牌05,小号,皮革,粉色,16*1*1,16
GaAESAdBl,黑色 品牌05 小号 游戏椅（可调节）,游戏椅,品牌05,小号,可调节,黑色,16*1*1,16
GaAESAdWh,白色 品牌05 小号 游戏椅（可调节）,游戏椅,品牌05,小号,可调节,白色,16*1*1,16
GaAESAdGr,灰色 品牌05 小号 游戏椅（可调节）,游戏椅,品牌05,小号,可调节,灰色,16*1*1,16
GaAESAdPi,粉色 品牌05 小号 游戏椅（可调节）,游戏椅,品牌05,小号,可调节,粉色,16*1*1,16
GaAESHeBl,黑色 品牌05 小号 游戏椅（头枕）,游戏椅,品牌05,小号,头枕,黑色,16*1*1,16
GaAESHeWh,白色 品牌05 小号 游戏椅（头枕）,游戏椅,品牌05,小号,头枕,白色,16*1*1,16
GaAESHeGr,灰色 品牌05 小号 游戏椅（头枕）,游戏椅,品牌05,小号,头枕,灰色,16*1*1,16
GaAESHePi,粉色 品牌05 小号 游戏椅（头枕）,游戏椅,品牌05,小号,头枕,粉色,16*1*1,16
GaAESErBl,黑色 品牌05 小号 游戏椅（人体工学）,游戏椅,品牌05,小号,人体工学,黑色,16*1*1,16
GaAESErWh,白色 品牌05 小号 游戏椅（人体工学）,游戏椅,品牌05,小号,人体工学,白色,16*1*1,16
GaAESErGr,灰色 品牌05 小号 游戏椅（人体工学）,游戏椅,品牌05,小号,人体工学,灰色,16*1*1,16
GaAESErPi,粉色 品牌05 小号 游戏椅（人体工学）,游戏椅,品牌05,小号,人体工学,粉色,16*1*1,16
GaAEMLeBl,黑色 品牌05 中号 游戏椅（皮革）,游戏椅,品牌05,中号,皮革,黑色,16*1*1,16
GaAEMLeWh,白色 品牌05 中号 游戏椅（皮革）,游戏椅,品牌05,中号,皮革,白色,16*1*1,16
GaAEMLeGr,灰色 品牌05 中号 游戏椅（皮革）,游戏椅,品牌05,中号,皮革,灰色,16*1*1,16
GaAEMLePi,粉色 品牌05 中号 游戏椅（皮革）,游戏椅,品牌05,中号,皮革,粉色,16*1*1,16
GaAEMAdBl,黑色 品牌05 中号 游戏椅（可调节）,游戏椅,品牌05,中号,可调节,黑色,16*1*1,16
GaAEMAdWh,白色 品牌05 中号 游戏椅（可调节）,游戏椅,品牌05,中号,可调节,白色,16*1*1,16
GaAEMAdGr,灰色 品牌05 中号 游戏椅（可调节）,游戏椅,品牌05,中号,可调节,灰色,16*1*1,16
GaAEMAdPi,粉色 品牌05 中号 游戏椅（可调节）,游戏椅,品牌05,中号,可调节,粉色,16*1*1,16
GaAEMHeBl,黑色 品牌05 中号 游戏椅（头枕）,游戏椅,品牌05,中号,头枕,黑色,16*1*1,16
GaAEMHeWh,白色 品牌05 中号 游戏椅（头枕）,游戏椅,品牌05,中号,头枕,白色,16*1*1,16
GaAEMHeGr,灰色 品牌05 中号 游戏椅（头枕）,游戏椅,品牌05,中号,头枕,灰色,16*1*1,16
GaAEMHePi,粉色 品牌05 中号 游戏椅（头枕）,游戏椅,品牌05,中号,头枕,粉色,16*1*1,16
GaAEMErBl,黑色 品牌05 中号 游戏椅（人体工学）,游戏椅,品牌05,中号,人体工学,黑色,16*1*1,16
GaAEMErWh,白色 品牌05 中号 游戏椅（人体工学）,游戏椅,品牌05,中号,人体工学,白色,16*1*1,16
GaAEMErGr,灰色 品牌05 中号 游戏椅（人体工学）,游戏椅,品牌05,中号,人体工学,灰色,16*1*1,16
GaAEMErPi,粉色 品牌05 中号 游戏椅（人体工学）,游戏椅,品牌05,中号,人体工学,粉色,16*1*1,16
GaAELLeBl,黑色 品牌05 大号 游戏椅（皮革）,游戏椅,品牌05,大号,皮革,黑色,16*1*1,16
GaAELLeWh,白色 品牌05 大号 游戏椅（皮革）,游戏椅,品牌05,大号,皮革,白色,16*1*1,16
GaAELLeGr,灰色 品牌05 大号 游戏椅（皮革）,游戏椅,品牌05,大号,皮革,灰色,16*1*1,16
GaAELLePi,粉色 品牌05 大号 游戏椅（皮革）,游戏椅,品牌05,大号,皮革,粉色,16*1*1,16
GaAELAdBl,黑色 品牌05 大号 游戏椅（可调节）,游戏椅,品牌05,大号,可调节,黑色,16*1*1,16
GaAELAdWh,白色 品牌05 大号 游戏椅（可调节）,游戏椅,品牌05,大号,可调节,白色,16*1*1,16
GaAELAdGr,灰色 品牌05 大号 游戏椅（可调节）,游戏椅,品牌05,大号,可调节,灰色,16*1*1,16
GaAELAdPi,粉色 品牌05 大号 游戏椅（可调节）,游戏椅,品牌05,大号,可调节,粉色,16*1*1,16
GaAELHeBl,黑色 品牌05 大号 游戏椅（头枕）,游戏椅,品牌05,大号,头枕,黑色,16*1*1,16
GaAELHeWh,白色 品牌05 大号 游戏椅（头枕）,游戏椅,品牌05,大号,头枕,白色,16*1*1,16
GaAELHeGr,灰色 品牌05 大号 游戏椅（头枕）,游戏椅,品牌05,大号,头枕,灰色,16*1*1,16
GaAELHePi,粉色 品牌05 大号 游戏椅（头枕）,游戏椅,品牌05,大号,头枕,粉色,16*1*1,16
GaAELErBl,黑色 品牌05 大号 游戏椅（人体工学）,游戏椅,品牌05,大号,人体工学,黑色,16*1*1,16
GaAELErWh,白色 品牌05 大号 游戏椅（人体工学）,游戏椅,品牌05,大号,人体工学,白色,16*1*1,16
GaAELErGr,灰色 品牌05 大号 游戏椅（人体工学）,游戏椅,品牌05,大号,人体工学,灰色,16*1*1,16
GaAELErPi,粉色 品牌05 大号 游戏椅（人体工学）,游戏椅,品牌05,大号,人体工学,粉色,16*1*1,16
GaXESLeBl,黑色 品牌06 小号 游戏椅（皮革）,游戏椅,品牌06,小号,皮革,黑色,16*1*1,16
GaXESLeWh,白色 品牌06 小号 游戏椅（皮革）,游戏椅,品牌06,小号,皮革,白色,16*1*1,16
GaXESLeGr,灰色 品牌06 小号 游戏椅（皮革）,游戏椅,品牌06,小号,皮革,灰色,16*1*1,16
GaXESLePi,粉色 品牌06 小号 游戏椅（皮革）,游戏椅,品牌06,小号,皮革,粉色,16*1*1,16
GaXESAdBl,黑色 品牌06 小号 游戏椅（可调节）,游戏椅,品牌06,小号,可调节,黑色,16*1*1,16
GaXESAdWh,白色 品牌06 小号 游戏椅（可调节）,游戏椅,品牌06,小号,可调节,白色,16*1*1,16
GaXESAdGr,灰色 品牌06 小号 游戏椅（可调节）,游戏椅,品牌06,小号,可调节,灰色,16*1*1,16
GaXESAdPi,粉色 品牌06 小号 游戏椅（可调节）,游戏椅,品牌06,小号,可调节,粉色,16*1*1,16
GaXESHeBl,黑色 品牌06 小号 游戏椅（头枕）,游戏椅,品牌06,小号,头枕,黑色,16*1*1,16
GaXESHeWh,白色 品牌06 小号 游戏椅（头枕）,游戏椅,品牌06,小号,头枕,白色,16*1*1,16
GaXESHeGr,灰色 品牌06 小号 游戏椅（头枕）,游戏椅,品牌06,小号,头枕,灰色,16*1*1,16
GaXESHePi,粉色 品牌06 小号 游戏椅（头枕）,游戏椅,品牌06,小号,头枕,粉色,16*1*1,16
GaXESErBl,黑色 品牌06 小号 游戏椅（人体工学）,游戏椅,品牌06,小号,人体工学,黑色,16*1*1,16
GaXESErWh,白色 品牌06 小号 游戏椅（人体工学）,游戏椅,品牌06,小号,人体工学,白色,16*1*1,16
GaXESErGr,灰色 品牌06 小号 游戏椅（人体工学）,游戏椅,品牌06,小号,人体工学,灰色,16*1*1,16
GaXESErPi,粉色 品牌06 小号 游戏椅（人体工学）,游戏椅,品牌06,小号,人体工学,粉色,16*1*1,16
GaXEMLeBl,黑色 品牌06 中号 游戏椅（皮革）,游戏椅,品牌06,中号,皮革,黑色,16*1*1,16
GaXEMLeWh,白色 品牌06 中号 游戏椅（皮革）,游戏椅,品牌06,中号,皮革,白色,16*1*1,16
GaXEMLeGr,灰色 品牌06 中号 游戏椅（皮革）,游戏椅,品牌06,中号,皮革,灰色,16*1*1,16
GaXEMLePi,粉色 品牌06 中号 游戏椅（皮革）,游戏椅,品牌06,中号,皮革,粉色,16*1*1,16
GaXEMAdBl,黑色 品牌06 中号 游戏椅（可调节）,游戏椅,品牌06,中号,可调节,黑色,16*1*1,16
GaXEMAdWh,白色 品牌06 中号 游戏椅（可调节）,游戏椅,品牌06,中号,可调节,白色,16*1*1,16
GaXEMAdGr,灰色 品牌06 中号 游戏椅（可调节）,游戏椅,品牌06,中号,可调节,灰色,16*1*1,16
GaXEMAdPi,粉色 品牌06 中号 游戏椅（可调节）,游戏椅,品牌06,中号,可调节,粉色,16*1*1,16
GaXEMHeBl,黑色 品牌06 中号 游戏椅（头枕）,游戏椅,品牌06,中号,头枕,黑色,16*1*1,16
GaXEMHeWh,白色 品牌06 中号 游戏椅（头枕）,游戏椅,品牌06,中号,头枕,白色,16*1*1,16
GaXEMHeGr,灰色 品牌06 中号 游戏椅（头枕）,游戏椅,品牌06,中号,头枕,灰色,16*1*1,16
GaXEMHePi,粉色 品牌06 中号 游戏椅（头枕）,游戏椅,品牌06,中号,头枕,粉色,16*1*1,16
GaXEMErBl,黑色 品牌06 中号 游戏椅（人体工学）,游戏椅,品牌06,中号,人体工学,黑色,16*1*1,16
GaXEMErWh,白色 品牌06 中号 游戏椅（人体工学）,游戏椅,品牌06,中号,人体工学,白色,16*1*1,16
GaXEMErGr,灰色 品牌06 中号 游戏椅（人体工学）,游戏椅,品牌06,中号,人体工学,灰色,16*1*1,16
GaXEMErPi,粉色 品牌06 中号 游戏椅（人体工学）,游戏椅,品牌06,中号,人体工学,粉色,16*1*1,16
GaXELLeBl,黑色 品牌06 大号 游戏椅（皮革）,游戏椅,品牌06,大号,皮革,黑色,16*1*1,16
GaXELLeWh,白色 品牌06 大号 游戏椅（皮革）,游戏椅,品牌06,大号,皮革,白色,16*1*1,16
GaXELLeGr,灰色 品牌06 大号 游戏椅（皮革）,游戏椅,品牌06,大号,皮革,灰色,16*1*1,16
GaXELLePi,粉色 品牌06 大号 游戏椅（皮革）,游戏椅,品牌06,大号,皮革,粉色,16*1*1,16
GaXELAdBl,黑色 品牌06 大号 游戏椅（可调节）,游戏椅,品牌06,大号,可调节,黑色,16*1*1,16
GaXELAdWh,白色 品牌06 大号 游戏椅（可调节）,游戏椅,品牌06,大号,可调节,白色,16*1*1,16
GaXELAdGr,灰色 品牌06 大号 游戏椅（可调节）,游戏椅,品牌06,大号,可调节,灰色,16*1*1,16
GaXELAdPi,粉色 品牌06 大号 游戏椅（可调节）,游戏椅,品牌06,大号,可调节,粉色,16*1*1,16
GaXELHeBl,黑色 品牌06 大号 游戏椅（头枕）,游戏椅,品牌06,大号,头枕,黑色,16*1*1,16
GaXELHeWh,白色 品牌06 大号 游戏椅（头枕）,游戏椅,品牌06,大号,头枕,白色,16*1*1,16
GaXELHeGr,灰色 品牌06 大号 游戏椅（头枕）,游戏椅,品牌06,大号,头枕,灰色,16*1*1,16
GaXELHePi,粉色 品牌06 大号 游戏椅（头枕）,游戏椅,品牌06,大号,头枕,粉色,16*1*1,16
GaXELErBl,黑色 品牌06 大号 游戏椅（人体工学）,游戏椅,品牌06,大号,人体工学,黑色,16*1*1,16
GaXELErWh,白色 品牌06 大号 游戏椅（人体工学）,游戏椅,品牌06,大号,人体工学,白色,16*1*1,16
GaXELErGr,灰色 品牌06 大号 游戏椅（人体工学）,游戏椅,品牌06,大号,人体工学,灰色,16*1*1,16
GaXELErPi,粉色 品牌06 大号 游戏椅（人体工学）,游戏椅,品牌06,大号,人体工学,粉色,16*1*1,16
GaOGSLeBl,黑色 品牌07 小号 游戏椅（皮革）,游戏椅,品牌07,小号,皮革,黑色,16*1*1,16
GaOGSLeWh,白色 品牌07 小号 游戏椅（皮革）,游戏椅,品牌07,小号,皮革,白色,16*1*1,16
GaOGSLeGr,灰色 品牌07 小号 游戏椅（皮革）,游戏椅,品牌07,小号,皮革,灰色,16*1*1,16
GaOGSLePi,粉色 品牌07 小号 游戏椅（皮革）,游戏椅,品牌07,小号,皮革,粉色,16*1*1,16
GaOGSAdBl,黑色 品牌07 小号 游戏椅（可调节）,游戏椅,品牌07,小号,可调节,黑色,16*1*1,16
GaOGSAdWh,白色 品牌07 小号 游戏椅（可调节）,游戏椅,品牌07,小号,可调节,白色,16*1*1,16
GaOGSAdGr,灰色 品牌07 小号 游戏椅（可调节）,游戏椅,品牌07,小号,可调节,灰色,16*1*1,16
GaOGSAdPi,粉色 品牌07 小号 游戏椅（可调节）,游戏椅,品牌07,小号,可调节,粉色,16*1*1,16
GaOGSHeBl,黑色 品牌07 小号 游戏椅（头枕）,游戏椅,品牌07,小号,头枕,黑色,16*1*1,16
GaOGSHeWh,白色 品牌07 小号 游戏椅（头枕）,游戏椅,品牌07,小号,头枕,白色,16*1*1,16
GaOGSHeGr,灰色 品牌07 小号 游戏椅（头枕）,游戏椅,品牌07,小号,头枕,灰色,16*1*1,16
GaOGSHePi,粉色 品牌07 小号 游戏椅（头枕）,游戏椅,品牌07,小号,头枕,粉色,16*1*1,16
GaOGSErBl,黑色 品牌07 小号 游戏椅（人体工学）,游戏椅,品牌07,小号,人体工学,黑色,16*1*1,16
GaOGSErWh,白色 品牌07 小号 游戏椅（人体工学）,游戏椅,品牌07,小号,人体工学,白色,16*1*1,16
GaOGSErGr,灰色 品牌07 小号 游戏椅（人体工学）,游戏椅,品牌07,小号,人体工学,灰色,16*1*1,16
GaOGSErPi,粉色 品牌07 小号 游戏椅（人体工学）,游戏椅,品牌07,小号,人体工学,粉色,16*1*1,16
GaOGMLeBl,黑色 品牌07 中号 游戏椅（皮革）,游戏椅,品牌07,中号,皮革,黑色,16*1*1,16
GaOGMLeWh,白色 品牌07 中号 游戏椅（皮革）,游戏椅,品牌07,中号,皮革,白色,16*1*1,16
GaOGMLeGr,灰色 品牌07 中号 游戏椅（皮革）,游戏椅,品牌07,中号,皮革,灰色,16*1*1,16
GaOGMLePi,粉色 品牌07 中号 游戏椅（皮革）,游戏椅,品牌07,中号,皮革,粉色,16*1*1,16
GaOGMAdBl,黑色 品牌07 中号 游戏椅（可调节）,游戏椅,品牌07,中号,可调节,黑色,16*1*1,16
GaOGMAdWh,白色 品牌07 中号 游戏椅（可调节）,游戏椅,品牌07,中号,可调节,白色,16*1*1,16
GaOGMAdGr,灰色 品牌07 中号 游戏椅（可调节）,游戏椅,品牌07,中号,可调节,灰色,16*1*1,16
GaOGMAdPi,粉色 品牌07 中号 游戏椅（可调节）,游戏椅,品牌07,中号,可调节,粉色,16*1*1,16
GaOGMHeBl,黑色 品牌07 中号 游戏椅（头枕）,游戏椅,品牌07,中号,头枕,黑色,16*1*1,16
GaOGMHeWh,白色 品牌07 中号 游戏椅（头枕）,游戏椅,品牌07,中号,头枕,白色,16*1*1,16
GaOGMHeGr,灰色 品牌07 中号 游戏椅（头枕）,游戏椅,品牌07,中号,头枕,灰色,16*1*1,16
GaOGMHePi,粉色 品牌07 中号 游戏椅（头枕）,游戏椅,品牌07,中号,头枕,粉色,16*1*1,16
GaOGMErBl,黑色 品牌07 中号 游戏椅（人体工学）,游戏椅,品牌07,中号,人体工学,黑色,16*1*1,16
GaOGMErWh,白色 品牌07 中号 游戏椅（人体工学）,游戏椅,品牌07,中号,人体工学,白色,16*1*1,16
GaOGMErGr,灰色 品牌07 中号 游戏椅（人体工学）,游戏椅,品牌07,中号,人体工学,灰色,16*1*1,16
GaOGMErPi,粉色 品牌07 中号 游戏椅（人体工学）,游戏椅,品牌07,中号,人体工学,粉色,16*1*1,16
GaOGLLeBl,黑色 品牌07 大号 游戏椅（皮革）,游戏椅,品牌07,大号,皮革,黑色,16*1*1,16
GaOGLLeWh,白色 品牌07 大号 游戏椅（皮革）,游戏椅,品牌07,大号,皮革,白色,16*1*1,16
GaOGLLeGr,灰色 品牌07 大号 游戏椅（皮革）,游戏椅,品牌07,大号,皮革,灰色,16*1*1,16
GaOGLLePi,粉色 品牌07 大号 游戏椅（皮革）,游戏椅,品牌07,大号,皮革,粉色,16*1*1,16
GaOGLAdBl,黑色 品牌07 大号 游戏椅（可调节）,游戏椅,品牌07,大号,可调节,黑色,16*1*1,16
GaOGLAdWh,白色 品牌07 大号 游戏椅（可调节）,游戏椅,品牌07,大号,可调节,白色,16*1*1,16
GaOGLAdGr,灰色 品牌07 大号 游戏椅（可调节）,游戏椅,品牌07,大号,可调节,灰色,16*1*1,16
GaOGLAdPi,粉色 品牌07 大号 游戏椅（可调节）,游戏椅,品牌07,大号,可调节,粉色,16*1*1,16
GaOGLHeBl,黑色 品牌07 大号 游戏椅（头枕）,游戏椅,品牌07,大号,头枕,黑色,16*1*1,16
GaOGLHeWh,白色 品牌07 大号 游戏椅（头枕）,游戏椅,品牌07,大号,头枕,白色,16*1*1,16
GaOGLHeGr,灰色 品牌07 大号 游戏椅（头枕）,游戏椅,品牌07,大号,头枕,灰色,16*1*1,16
GaOGLHePi,粉色 品牌07 大号 游戏椅（头枕）,游戏椅,品牌07,大号,头枕,粉色,16*1*1,16
GaOGLErBl,黑色 品牌07 大号 游戏椅（人体工学）,游戏椅,品牌07,大号,人体工学,黑色,16*1*1,16
GaOGLErWh,白色 品牌07 大号 游戏椅（人体工学）,游戏椅,品牌07,大号,人体工学,白色,16*1*1,16
GaOGLErGr,灰色 品牌07 大号 游戏椅（人体工学）,游戏椅,品牌07,大号,人体工学,灰色,16*1*1,16
GaOGLErPi,粉色 品牌07 大号 游戏椅（人体工学）,游戏椅,品牌07,大号,人体工学,粉色,16*1*1,16
GaSESLeBl,黑色 品牌08 小号 游戏椅（皮革）,游戏椅,品牌08,小号,皮革,黑色,16*1*1,16
GaSESLeWh,白色 品牌08 小号 游戏椅（皮革）,游戏椅,品牌08,小号,皮革,白色,16*1*1,16
GaSESLeGr,灰色 品牌08 小号 游戏椅（皮革）,游戏椅,品牌08,小号,皮革,灰色,16*1*1,16
GaSESLePi,粉色 品牌08 小号 游戏椅（皮革）,游戏椅,品牌08,小号,皮革,粉色,16*1*1,16
GaSESAdBl,黑色 品牌08 小号 游戏椅（可调节）,游戏椅,品牌08,小号,可调节,黑色,16*1*1,16
GaSESAdWh,白色 品牌08 小号 游戏椅（可调节）,游戏椅,品牌08,小号,可调节,白色,16*1*1,16
GaSESAdGr,灰色 品牌08 小号 游戏椅（可调节）,游戏椅,品牌08,小号,可调节,灰色,16*1*1,16
GaSESAdPi,粉色 品牌08 小号 游戏椅（可调节）,游戏椅,品牌08,小号,可调节,粉色,16*1*1,16
GaSESHeBl,黑色 品牌08 小号 游戏椅（头枕）,游戏椅,品牌08,小号,头枕,黑色,16*1*1,16
GaSESHeWh,白色 品牌08 小号 游戏椅（头枕）,游戏椅,品牌08,小号,头枕,白色,16*1*1,16
GaSESHeGr,灰色 品牌08 小号 游戏椅（头枕）,游戏椅,品牌08,小号,头枕,灰色,16*1*1,16
GaSESHePi,粉色 品牌08 小号 游戏椅（头枕）,游戏椅,品牌08,小号,头枕,粉色,16*1*1,16
GaSESErBl,黑色 品牌08 小号 游戏椅（人体工学）,游戏椅,品牌08,小号,人体工学,黑色,16*1*1,16
GaSESErWh,白色 品牌08 小号 游戏椅（人体工学）,游戏椅,品牌08,小号,人体工学,白色,16*1*1,16
GaSESErGr,灰色 品牌08 小号 游戏椅（人体工学）,游戏椅,品牌08,小号,人体工学,灰色,16*1*1,16
GaSESErPi,粉色 品牌08 小号 游戏椅（人体工学）,游戏椅,品牌08,小号,人体工学,粉色,16*1*1,16
GaSEMLeBl,黑色 品牌08 中号 游戏椅（皮革）,游戏椅,品牌08,中号,皮革,黑色,16*1*1,16
GaSEMLeWh,白色 品牌08 中号 游戏椅（皮革）,游戏椅,品牌08,中号,皮革,白色,16*1*1,16
GaSEMLeGr,灰色 品牌08 中号 游戏椅（皮革）,游戏椅,品牌08,中号,皮革,灰色,16*1*1,16
GaSEMLePi,粉色 品牌08 中号 游戏椅（皮革）,游戏椅,品牌08,中号,皮革,粉色,16*1*1,16
GaSEMAdBl,黑色 品牌08 中号 游戏椅（可调节）,游戏椅,品牌08,中号,可调节,黑色,16*1*1,16
GaSEMAdWh,白色 品牌08 中号 游戏椅（可调节）,游戏椅,品牌08,中号,可调节,白色,16*1*1,16
GaSEMAdGr,灰色 品牌08 中号 游戏椅（可调节）,游戏椅,品牌08,中号,可调节,灰色,16*1*1,16
GaSEMAdPi,粉色 品牌08 中号 游戏椅（可调节）,游戏椅,品牌08,中号,可调节,粉色,16*1*1,16
GaSEMHeBl,黑色 品牌08 中号 游戏椅（头枕）,游戏椅,品牌08,中号,头枕,黑色,16*1*1,16
GaSEMHeWh,白色 品牌08 中号 游戏椅（头枕）,游戏椅,品牌08,中号,头枕,白色,16*1*1,16
GaSEMHeGr,灰色 品牌08 中号 游戏椅（头枕）,游戏椅,品牌08,中号,头枕,灰色,16*1*1,16
GaSEMHePi,粉色 品牌08 中号 游戏椅（头枕）,游戏椅,品牌08,中号,头枕,粉色,16*1*1,16
GaSEMErBl,黑色 品牌08 中号 游戏椅（人体工学）,游戏椅,品牌08,中号,人体工学,黑色,16*1*1,16
GaSEMErWh,白色 品牌08 中号 游戏椅（人体工学）,游戏椅,品牌08,中号,人体工学,白色,16*1*1,16
GaSEMErGr,灰色 品牌08 中号 游戏椅（人体工学）,游戏椅,品牌08,中号,人体工学,灰色,16*1*1,16
GaSEMErPi,粉色 品牌08 中号 游戏椅（人体工学）,游戏椅,品牌08,中号,人体工学,粉色,16*1*1,16
GaSELLeBl,黑色 品牌08 大号 游戏椅（皮革）,游戏椅,品牌08,大号,皮革,黑色,16*1*1,16
GaSELLeWh,白色 品牌08 大号 游戏椅（皮革）,游戏椅,品牌08,大号,皮革,白色,16*1*1,16
GaSELLeGr,灰色 品牌08 大号 游戏椅（皮革）,游戏椅,品牌08,大号,皮革,灰色,16*1*1,16
GaSELLePi,粉色 品牌08 大号 游戏椅（皮革）,游戏椅,品牌08,大号,皮革,粉色,16*1*1,16
GaSELAdBl,黑色 品牌08 大号 游戏椅（可调节）,游戏椅,品牌08,大号,可调节,黑色,16*1*1,16
GaSELAdWh,白色 品牌08 大号 游戏椅（可调节）,游戏椅,品牌08,大号,可调节,白色,16*1*1,16
GaSELAdGr,灰色 品牌08 大号 游戏椅（可调节）,游戏椅,品牌08,大号,可调节,灰色,16*1*1,16
GaSELAdPi,粉色 品牌08 大号 游戏椅（可调节）,游戏椅,品牌08,大号,可调节,粉色,16*1*1,16
GaSELHeBl,黑色 品牌08 大号 游戏椅（头枕）,游戏椅,品牌08,大号,头枕,黑色,16*1*1,16
GaSELHeWh,白色 品牌08 大号 游戏椅（头枕）,游戏椅,品牌08,大号,头枕,白色,16*1*1,16
GaSELHeGr,灰色 品牌08 大号 游戏椅（头枕）,游戏椅,品牌08,大号,头枕,灰色,16*1*1,16
GaSELHePi,粉色 品牌08 大号 游戏椅（头枕）,游戏椅,品牌08,大号,头枕,粉色,16*1*1,16
GaSELErBl,黑色 品牌08 大号 游戏椅（人体工学）,游戏椅,品牌08,大号,人体工学,黑色,16*1*1,16
GaSELErWh,白色 品牌08 大号 游戏椅（人体工学）,游戏椅,品牌08,大号,人体工学,白色,16*1*1,16
GaSELErGr,灰色 品牌08 大号 游戏椅（人体工学）,游戏椅,品牌08,大号,人体工学,灰色,16*1*1,16
GaSELErPi,粉色 品牌08 大号 游戏椅（人体工学）,游戏椅,品牌08,大号,人体工学,粉色,16*1*1,16
KeHc45BlBl,黑色 品牌09 450 键盘（蓝牙）,键盘,品牌09,450,蓝牙,黑色,16*10*1,160
KeHc45BlWh,白色 品牌09 450 键盘（蓝牙）,键盘,品牌09,450,蓝牙,白色,16*10*1,160
KeHc45BlNa,藏青色 品牌09 450 键盘（蓝牙）,键盘,品牌09,450,蓝牙,藏青色,16*10*1,160
KeHc45BlPi,粉色 品牌09 450 键盘（蓝牙）,键盘,品牌09,450,蓝牙,粉色,16*10*1,160
KeHc45WiBl,黑色 品牌09 450 键盘（有线）,键盘,品牌09,450,有线,黑色,16*10*1,160
KeHc45WiWh,白色 品牌09 450 键盘（有线）,键盘,品牌09,450,有线,白色,16*10*1,160
KeHc45WiNa,藏青色 品牌09 450 键盘（有线）,键盘,品牌09,450,有线,藏青色,16*10*1,160
KeHc45WiPi,粉色 品牌09 450 键盘（有线）,键盘,品牌09,450,有线,粉色,16*10*1,160
KeHc45ErBl,黑色 品牌09 450 键盘（人体工学）,键盘,品牌09,450,人体工学,黑色,16*10*1,160
KeHc45ErWh,白色 品牌09 450 键盘（人体工学）,键盘,品牌09,450,人体工学,白色,16*10*1,160
KeHc45ErNa,藏青色 品牌09 450 键盘（人体工学）,键盘,品牌09,450,人体工学,藏青色,16*10*1,160
KeHc45ErPi,粉色 品牌09 450 键盘（人体工学）,键盘,品牌09,450,人体工学,粉色,16*10*1,160
KeHc45MeBl,黑色 品牌09 450 键盘（机械式）,键盘,品牌09,450,机械式,黑色,16*10*1,160
KeHc45MeWh,白色 品牌09 450 键盘（机械式）,键盘,品牌09,450,机械式,白色,16*10*1,160
KeHc45MeNa,藏青色 品牌09 450 键盘（机械式）,键盘,品牌09,450,机械式,藏青色,16*10*1,160
KeHc45MePi,粉色 品牌09 450 键盘（机械式）,键盘,品牌09,450,机械式,粉色,16*10*1,160
KeHc35BlBl,黑色 品牌09 350 键盘（蓝牙）,键盘,品牌09,350,蓝牙,黑色,16*10*1,160
KeHc35BlWh,白色 品牌09 350 键盘（蓝牙）,键盘,品牌09,350,蓝牙,白色,16*10*1,160
KeHc35BlNa,藏青色 品牌09 350 键盘（蓝牙）,键盘,品牌09,350,蓝牙,藏青色,16*10*1,160
KeHc35BlPi,粉色 品牌09 350 键盘（蓝牙）,键盘,品牌09,350,蓝牙,粉色,16*10*1,160
KeHc35WiBl,黑色 品牌09 350 键盘（有线）,键盘,品牌09,350,有线,黑色,16*10*1,160
KeHc35WiWh,白色 品牌09 350 键盘（有线）,键盘,品牌09,350,有线,白色,16*10*1,160
KeHc35WiNa,藏青色 品牌09 350 键盘（有线）,键盘,品牌09,350,有线,藏青色,16*10*1,160
KeHc35WiPi,粉色 品牌09 350 键盘（有线）,键盘,品牌09,350,有线,粉色,16*10*1,160
KeHc35ErBl,黑色 品牌09 350 键盘（人体工学）,键盘,品牌09,350,人体工学,黑色,16*10*1,160
KeHc35ErWh,白色 品牌09 350 键盘（人体工学）,键盘,品牌09,350,人体工学,白色,16*10*1,160
KeHc35ErNa,藏青色 品牌09 350 键盘（人体工学）,键盘,品牌09,350,人体工学,藏青色,16*10*1,160
KeHc35ErPi,粉色 品牌09 350 键盘（人体工学）,键盘,品牌09,350,人体工学,粉色,16*10*1,160
KeHc35MeBl,黑色 品牌09 350 键盘（机械式）,键盘,品牌09,350,机械式,黑色,16*10*1,160
KeHc35MeWh,白色 品牌09 350 键盘（机械式）,键盘,品牌09,350,机械式,白色,16*10*1,160
KeHc35MeNa,藏青色 品牌09 350 键盘（机械式）,键盘,品牌09,350,机械式,藏青色,16*10*1,160
KeHc35MePi,粉色 品牌09 350 键盘（机械式）,键盘,品牌09,350,机械式,粉色,16*10*1,160
KeHc27BlBl,黑色 品牌09 270 键盘（蓝牙）,键盘,品牌09,270,蓝牙,黑色,16*10*1,160
KeHc27BlWh,白色 品牌09 270 键盘（蓝牙）,键盘,品牌09,270,蓝牙,白色,16*10*1,160
KeHc27BlNa,藏青色 品牌09 270 键盘（蓝牙）,键盘,品牌09,270,蓝牙,藏青色,16*10*1,160
KeHc27BlPi,粉色 品牌09 270 键盘（蓝牙）,键盘,品牌09,270,蓝牙,粉色,16*10*1,160
KeHc27WiBl,黑色 品牌09 270 键盘（有线）,键盘,品牌09,270,有线,黑色,16*10*1,160
KeHc27WiWh,白色 品牌09 270 键盘（有线）,键盘,品牌09,270,有线,白色,16*10*1,160
KeHc27WiNa,藏青色 品牌09 270 键盘（有线）,键盘,品牌09,270,有线,藏青色,16*10*1,160
KeHc27WiPi,粉色 品牌09 270 键盘（有线）,键盘,品牌09,270,有线,粉色,16*10*1,160
KeHc27ErBl,黑色 品牌09 270 键盘（人体工学）,键盘,品牌09,270,人体工学,黑色,16*10*1,160
KeHc27ErWh,白色 品牌09 270 键盘（人体工学）,键盘,品牌09,270,人体工学,白色,16*10*1,160
KeHc27ErNa,藏青色 品牌09 270 键盘（人体工学）,键盘,品牌09,270,人体工学,藏青色,16*10*1,160
KeHc27ErPi,粉色 品牌09 270 键盘（人体工学）,键盘,品牌09,270,人体工学,粉色,16*10*1,160
KeHc27MeBl,黑色 品牌09 270 键盘（机械式）,键盘,品牌09,270,机械式,黑色,16*10*1,160
KeHc27MeWh,白色 品牌09 270 键盘（机械式）,键盘,品牌09,270,机械式,白色,16*10*1,160
KeHc27MeNa,藏青色 品牌09 270 键盘（机械式）,键盘,品牌09,270,机械式,藏青色,16*10*1,160
KeHc27MePi,粉色 品牌09 270 键盘（机械式）,键盘,品牌09,270,机械式,粉色,16*10*1,160
KeRe45BlBl,黑色 品牌10 450 键盘（蓝牙）,键盘,品牌10,450,蓝牙,黑色,16*10*1,160
KeRe45BlWh,白色 品牌10 450 键盘（蓝牙）,键盘,品牌10,450,蓝牙,白色,16*10*1,160
KeRe45BlNa,藏青色 品牌10 450 键盘（蓝牙）,键盘,品牌10,450,蓝牙,藏青色,16*10*1,160
KeRe45BlPi,粉色 品牌10 450 键盘（蓝牙）,键盘,品牌10,450,蓝牙,粉色,16*10*1,160
KeRe45WiBl,黑色 品牌10 450 键盘（有线）,键盘,品牌10,450,有线,黑色,16*10*1,160
KeRe45WiWh,白色 品牌10 450 键盘（有线）,键盘,品牌10,450,有线,白色,16*10*1,160
KeRe45WiNa,藏青色 品牌10 450 键盘（有线）,键盘,品牌10,450,有线,藏青色,16*10*1,160
KeRe45WiPi,粉色 品牌10 450 键盘（有线）,键盘,品牌10,450,有线,粉色,16*10*1,160
KeRe45ErBl,黑色 品牌10 450 键盘（人体工学）,键盘,品牌10,450,人体工学,黑色,16*10*1,160
KeRe45ErWh,白色 品牌10 450 键盘（人体工学）,键盘,品牌10,450,人体工学,白色,16*10*1,160
KeRe45ErNa,藏青色 品牌10 450 键盘（人体工学）,键盘,品牌10,450,人体工学,藏青色,16*10*1,160
KeRe45ErPi,粉色 品牌10 450 键盘（人体工学）,键盘,品牌10,450,人体工学,粉色,16*10*1,160
KeRe45MeBl,黑色 品牌10 450 键盘（机械式）,键盘,品牌10,450,机械式,黑色,16*10*1,160
KeRe45MeWh,白色 品牌10 450 键盘（机械式）,键盘,品牌10,450,机械式,白色,16*10*1,160
KeRe45MeNa,藏青色 品牌10 450 键盘（机械式）,键盘,品牌10,450,机械式,藏青色,16*10*1,160
KeRe45MePi,粉色 品牌10 450 键盘（机械式）,键盘,品牌10,450,机械式,粉色,16*10*1,160
KeRe35BlBl,黑色 品牌10 350 键盘（蓝牙）,键盘,品牌10,350,蓝牙,黑色,16*10*1,160
KeRe35BlWh,白色 品牌10 350 键盘（蓝牙）,键盘,品牌10,350,蓝牙,白色,16*10*1,160
KeRe35BlNa,藏青色 品牌10 350 键盘（蓝牙）,键盘,品牌10,350,蓝牙,藏青色,16*10*1,160
KeRe35BlPi,粉色 品牌10 350 键盘（蓝牙）,键盘,品牌10,350,蓝牙,粉色,16*10*1,160
KeRe35WiBl,黑色 品牌10 350 键盘（有线）,键盘,品牌10,350,有线,黑色,16*10*1,160
KeRe35WiWh,白色 品牌10 350 键盘（有线）,键盘,品牌10,350,有线,白色,16*10*1,160
KeRe35WiNa,藏青色 品牌10 350 键盘（有线）,键盘,品牌10,350,有线,藏青色,16*10*1,160
KeRe35WiPi,粉色 品牌10 350 键盘（有线）,键盘,品牌10,350,有线,粉色,16*10*1,160
KeRe35ErBl,黑色 品牌10 350 键盘（人体工学）,键盘,品牌10,350,人体工学,黑色,16*10*1,160
KeRe35ErWh,白色 品牌10 350 键盘（人体工学）,键盘,品牌10,350,人体工学,白色,16*10*1,160
KeRe35ErNa,藏青色 品牌10 350 键盘（人体工学）,键盘,品牌10,350,人体工学,藏青色,16*10*1,160
KeRe35ErPi,粉色 品牌10 350 键盘（人体工学）,键盘,品牌10,350,人体工学,粉色,16*10*1,160
KeRe35MeBl,黑色 品牌10 350 键盘（机械式）,键盘,品牌10,350,机械式,黑色,16*10*1,160
KeRe35MeWh,白色 品牌10 350 键盘（机械式）,键盘,品牌10,350,机械式,白色,16*10*1,160
KeRe35MeNa,藏青色 品牌10 350 键盘（机械式）,键盘,品牌10,350,机械式,藏青色,16*10*1,160
KeRe35MePi,粉色 品牌10 350 键盘（机械式）,键盘,品牌10,350,机械式,粉色,16*10*1,160
KeRe27BlBl,黑色 品牌10 270 键盘（蓝牙）,键盘,品牌10,270,蓝牙,黑色,16*10*1,160
KeRe27BlWh,白色 品牌10 270 键盘（蓝牙）,键盘,品牌10,270,蓝牙,白色,16*10*1,160
KeRe27BlNa,藏青色 品牌10 270 键盘（蓝牙）,键盘,品牌10,270,蓝牙,藏青色,16*10*1,160
KeRe27BlPi,粉色 品牌10 270 键盘（蓝牙）,键盘,品牌10,270,蓝牙,粉色,16*10*1,160
KeRe27WiBl,黑色 品牌10 270 键盘（有线）,键盘,品牌10,270,有线,黑色,16*10*1,160
KeRe27WiWh,白色 品牌10 270 键盘（有线）,键盘,品牌10,270,有线,白色,16*10*1,160
KeRe27WiNa,藏青色 品牌10 270 键盘（有线）,键盘,品牌10,270,有线,藏青色,16*10*1,160
KeRe27WiPi,粉色 品牌10 270 键盘（有线）,键盘,品牌10,270,有线,粉色,16*10*1,160
KeRe27ErBl,黑色 品牌10 270 键盘（人体工学）,键盘,品牌10,270,人体工学,黑色,16*10*1,160
KeRe27ErWh,白色 品牌10 270 键盘（人体工学）,键盘,品牌10,270,人体工学,白色,16*10*1,160
KeRe27ErNa,藏青色 品牌10 270 键盘（人体工学）,键盘,品牌10,270,人体工学,藏青色,16*10*1,160
KeRe27ErPi,粉色 品牌10 270 键盘（人体工学）,键盘,品牌10,270,人体工学,粉色,16*10*1,160
KeRe27MeBl,黑色 品牌10 270 键盘（机械式）,键盘,品牌10,270,机械式,黑色,16*10*1,160
KeRe27MeWh,白色 品牌10 270 键盘（机械式）,键盘,品牌10,270,机械式,白色,16*10*1,160
KeRe27MeNa,藏青色 品牌10 270 键盘（机械式）,键盘,品牌10,270,机械式,藏青色,16*10*1,160
KeRe27MePi,粉色 品牌10 270 键盘（机械式）,键盘,品牌10,270,机械式,粉色,16*10*1,160
KeSu45BlBl,黑色 品牌11 450 键盘（蓝牙）,键盘,品牌11,450,蓝牙,黑色,16*10*1,160
KeSu45BlWh,白色 品牌11 450 键盘（蓝牙）,键盘,品牌11,450,蓝牙,白色,16*10*1,160
KeSu45BlNa,藏青色 品牌11 450 键盘（蓝牙）,键盘,品牌11,450,蓝牙,藏青色,16*10*1,160
KeSu45BlPi,粉色 品牌11 450 键盘（蓝牙）,键盘,品牌11,450,蓝牙,粉色,16*10*1,160
KeSu45WiBl,黑色 品牌11 450 键盘（有线）,键盘,品牌11,450,有线,黑色,16*10*1,160
KeSu45WiWh,白色 品牌11 450 键盘（有线）,键盘,品牌11,450,有线,白色,16*10*1,160
KeSu45WiNa,藏青色 品牌11 450 键盘（有线）,键盘,品牌11,450,有线,藏青色,16*10*1,160
KeSu45WiPi,粉色 品牌11 450 键盘（有线）,键盘,品牌11,450,有线,粉色,16*10*1,160
KeSu45ErBl,黑色 品牌11 450 键盘（人体工学）,键盘,品牌11,450,人体工学,黑色,16*10*1,160
KeSu45ErWh,白色 品牌11 450 键盘（人体工学）,键盘,品牌11,450,人体工学,白色,16*10*1,160
KeSu45ErNa,藏青色 品牌11 450 键盘（人体工学）,键盘,品牌11,450,人体工学,藏青色,16*10*1,160
KeSu45ErPi,粉色 品牌11 450 键盘（人体工学）,键盘,品牌11,450,人体工学,粉色,16*10*1,160
KeSu45MeBl,黑色 品牌11 450 键盘（机械式）,键盘,品牌11,450,机械式,黑色,16*10*1,160
KeSu45MeWh,白色 品牌11 450 键盘（机械式）,键盘,品牌11,450,机械式,白色,16*10*1,160
KeSu45MeNa,藏青色 品牌11 450 键盘（机械式）,键盘,品牌11,450,机械式,藏青色,16*10*1,160
KeSu45MePi,粉色 品牌11 450 键盘（机械式）,键盘,品牌11,450,机械式,粉色,16*10*1,160
KeSu35BlBl,黑色 品牌11 350 键盘（蓝牙）,键盘,品牌11,350,蓝牙,黑色,16*10*1,160
KeSu35BlWh,白色 品牌11 350 键盘（蓝牙）,键盘,品牌11,350,蓝牙,白色,16*10*1,160
KeSu35BlNa,藏青色 品牌11 350 键盘（蓝牙）,键盘,品牌11,350,蓝牙,藏青色,16*10*1,160
KeSu35BlPi,粉色 品牌11 350 键盘（蓝牙）,键盘,品牌11,350,蓝牙,粉色,16*10*1,160
KeSu35WiBl,黑色 品牌11 350 键盘（有线）,键盘,品牌11,350,有线,黑色,16*10*1,160
KeSu35WiWh,白色 品牌11 350 键盘（有线）,键盘,品牌11,350,有线,白色,16*10*1,160
KeSu35WiNa,藏青色 品牌11 350 键盘（有线）,键盘,品牌11,350,有线,藏青色,16*10*1,160
KeSu35WiPi,粉色 品牌11 350 键盘（有线）,键盘,品牌11,350,有线,粉色,16*10*1,160
KeSu35ErBl,黑色 品牌11 350 键盘（人体工学）,键盘,品牌11,350,人体工学,黑色,16*10*1,160
KeSu35ErWh,白色 品牌11 350 键盘（人体工学）,键盘,品牌11,350,人体工学,白色,16*10*1,160
KeSu35ErNa,藏青色 品牌11 350 键盘（人体工学）,键盘,品牌11,350,人体工学,藏青色,16*10*1,160
KeSu35ErPi,粉色 品牌11 350 键盘（人体工学）,键盘,品牌11,350,人体工学,粉色,16*10*1,160
KeSu35MeBl,黑色 品牌11 350 键盘（机械式）,键盘,品牌11,350,机械式,黑色,16*10*1,160
KeSu35MeWh,白色 品牌11 350 键盘（机械式）,键盘,品牌11,350,机械式,白色,16*10*1,160
KeSu35MeNa,藏青色 品牌11 350 键盘（机械式）,键盘,品牌11,350,机械式,藏青色,16*10*1,160
KeSu35MePi,粉色 品牌11 350 键盘（机械式）,键盘,品牌11,350,机械式,粉色,16*10*1,160
KeSu27BlBl,黑色 品牌11 270 键盘（蓝牙）,键盘,品牌11,270,蓝牙,黑色,16*10*1,160
KeSu27BlWh,白色 品牌11 270 键盘（蓝牙）,键盘,品牌11,270,蓝牙,白色,16*10*1,160
KeSu27BlNa,藏青色 品牌11 270 键盘（蓝牙）,键盘,品牌11,270,蓝牙,藏青色,16*10*1,160
KeSu27BlPi,粉色 品牌11 270 键盘（蓝牙）,键盘,品牌11,270,蓝牙,粉色,16*10*1,160
KeSu27WiBl,黑色 品牌11 270 键盘（有线）,键盘,品牌11,270,有线,黑色,16*10*1,160
KeSu27WiWh,白色 品牌11 270 键盘（有线）,键盘,品牌11,270,有线,白色,16*10*1,160
KeSu27WiNa,藏青色 品牌11 270 键盘（有线）,键盘,品牌11,270,有线,藏青色,16*10*1,160
KeSu27WiPi,粉色 品牌11 270 键盘（有线）,键盘,品牌11,270,有线,粉色,16*10*1,160
KeSu27ErBl,黑色 品牌11 270 键盘（人体工学）,键盘,品牌11,270,人体工学,黑色,16*10*1,160
KeSu27ErWh,白色 品牌11 270 键盘（人体工学）,键盘,品牌11,270,人体工学,白色,16*10*1,160
KeSu27ErNa,藏青色 品牌11 270 键盘（人体工学）,键盘,品牌11,270,人体工学,藏青色,16*10*1,160
KeSu27ErPi,粉色 品牌11 270 键盘（人体工学）,键盘,品牌11,270,人体工学,粉色,16*10*1,160
KeSu27MeBl,黑色 品牌11 270 键盘（机械式）,键盘,品牌11,270,机械式,黑色,16*10*1,160
KeSu27MeWh,白色 品牌11 270 键盘（机械式）,键盘,品牌11,270,机械式,白色,16*10*1,160
KeSu27MeNa,藏青色 品牌11 270 键盘（机械式）,键盘,品牌11,270,机械式,藏青色,16*10*1,160
KeSu27MePi,粉色 品牌11 270 键盘（机械式）,键盘,品牌11,270,机械式,粉色,16*10*1,160
KePH45BlBl,黑色 品牌12 450 键盘（蓝牙）,键盘,品牌12,450,蓝牙,黑色,16*10*1,160
KePH45BlWh,白色 品牌12 450 键盘（蓝牙）,键盘,品牌12,450,蓝牙,白色,16*10*1,160
KePH45BlNa,藏青色 品牌12 450 键盘（蓝牙）,键盘,品牌12,450,蓝牙,藏青色,16*10*1,160
KePH45BlPi,粉色 品牌12 450 键盘（蓝牙）,键盘,品牌12,450,蓝牙,粉色,16*10*1,160
KePH45WiBl,黑色 品牌12 450 键盘（有线）,键盘,品牌12,450,有线,黑色,16*10*1,160
KePH45WiWh,白色 品牌12 450 键盘（有线）,键盘,品牌12,450,有线,白色,16*10*1,160
KePH45WiNa,藏青色 品牌12 450 键盘（有线）,键盘,品牌12,450,有线,藏青色,16*10*1,160
KePH45WiPi,粉色 品牌12 450 键盘（有线）,键盘,品牌12,450,有线,粉色,16*10*1,160
KePH45ErBl,黑色 品牌12 450 键盘（人体工学）,键盘,品牌12,450,人体工学,黑色,16*10*1,160
KePH45ErWh,白色 品牌12 450 键盘（人体工学）,键盘,品牌12,450,人体工学,白色,16*10*1,160
KePH45ErNa,藏青色 品牌12 450 键盘（人体工学）,键盘,品牌12,450,人体工学,藏青色,16*10*1,160
KePH45ErPi,粉色 品牌12 450 键盘（人体工学）,键盘,品牌12,450,人体工学,粉色,16*10*1,160
KePH45MeBl,黑色 品牌12 450 键盘（机械式）,键盘,品牌12,450,机械式,黑色,16*10*1,160
KePH45MeWh,白色 品牌12 450 键盘（机械式）,键盘,品牌12,450,机械式,白色,16*10*1,160
KePH45MeNa,藏青色 品牌12 450 键盘（机械式）,键盘,品牌12,450,机械式,藏青色,16*10*1,160
KePH45MePi,粉色 品牌12 450 键盘（机械式）,键盘,品牌12,450,机械式,粉色,16*10*1,160
KePH35BlBl,黑色 品牌12 350 键盘（蓝牙）,键盘,品牌12,350,蓝牙,黑色,16*10*1,160
KePH35BlWh,白色 品牌12 350 键盘（蓝牙）,键盘,品牌12,350,蓝牙,白色,16*10*1,160
KePH35BlNa,藏青色 品牌12 350 键盘（蓝牙）,键盘,品牌12,350,蓝牙,藏青色,16*10*1,160
KePH35BlPi,粉色 品牌12 350 键盘（蓝牙）,键盘,品牌12,350,蓝牙,粉色,16*10*1,160
KePH35WiBl,黑色 品牌12 350 键盘（有线）,键盘,品牌12,350,有线,黑色,16*10*1,160
KePH35WiWh,白色 品牌12 350 键盘（有线）,键盘,品牌12,350,有线,白色,16*10*1,160
KePH35WiNa,藏青色 品牌12 350 键盘（有线）,键盘,品牌12,350,有线,藏青色,16*10*1,160
KePH35WiPi,粉色 品牌12 350 键盘（有线）,键盘,品牌12,350,有线,粉色,16*10*1,160
KePH35ErBl,黑色 品牌12 350 键盘（人体工学）,键盘,品牌12,350,人体工学,黑色,16*10*1,160
KePH35ErWh,白色 品牌12 350 键盘（人体工学）,键盘,品牌12,350,人体工学,白色,16*10*1,160
KePH35ErNa,藏青色 品牌12 350 键盘（人体工学）,键盘,品牌12,350,人体工学,藏青色,16*10*1,160
KePH35ErPi,粉色 品牌12 350 键盘（人体工学）,键盘,品牌12,350,人体工学,粉色,16*10*1,160
KePH35MeBl,黑色 品牌12 350 键盘（机械式）,键盘,品牌12,350,机械式,黑色,16*10*1,160
KePH35MeWh,白色 品牌12 350 键盘（机械式）,键盘,品牌12,350,机械式,白色,16*10*1,160
KePH35MeNa,藏青色 品牌12 350 键盘（机械式）,键盘,品牌12,350,机械式,藏青色,16*10*1,160
KePH35MePi,粉色 品牌12 350 键盘（机械式）,键盘,品牌12,350,机械式,粉色,16*10*1,160
KePH27BlBl,黑色 品牌12 270 键盘（蓝牙）,键盘,品牌12,270,蓝牙,黑色,16*10*1,160
KePH27BlWh,白色 品牌12 270 键盘（蓝牙）,键盘,品牌12,270,蓝牙,白色,16*10*1,160
KePH27BlNa,藏青色 品牌12 270 键盘（蓝牙）,键盘,品牌12,270,蓝牙,藏青色,16*10*1,160
KePH27BlPi,粉色 品牌12 270 键盘（蓝牙）,键盘,品牌12,270,蓝牙,粉色,16*10*1,160
KePH27WiBl,黑色 品牌12 270 键盘（有线）,键盘,品牌12,270,有线,黑色,16*10*1,160
KePH27WiWh,白色 品牌12 270 键盘（有线）,键盘,品牌12,270,有线,白色,16*10*1,160
KePH27WiNa,藏青色 品牌12 270 键盘（有线）,键盘,品牌12,270,有线,藏青色,16*10*1,160
KePH27WiPi,粉色 品牌12 270 键盘（有线）,键盘,品牌12,270,有线,粉色,16*10*1,160
KePH27ErBl,黑色 品牌12 270 键盘（人体工学）,键盘,品牌12,270,人体工学,黑色,16*10*1,160
KePH27ErWh,白色 品牌12 270 键盘（人体工学）,键盘,品牌12,270,人体工学,白色,16*10*1,160
KePH27ErNa,藏青色 品牌12 270 键盘（人体工学）,键盘,品牌12,270,人体工学,藏青色,16*10*1,160
KePH27ErPi,粉色 品牌12 270 键盘（人体工学）,键盘,品牌12,270,人体工学,粉色,16*10*1,160
KePH27MeBl,黑色 品牌12 270 键盘（机械式）,键盘,品牌12,270,机械式,黑色,16*10*1,160
KePH27MeWh,白色 品牌12 270 键盘（机械式）,键盘,品牌12,270,机械式,白色,16*10*1,160
KePH27MeNa,藏青色 品牌12 270 键盘（机械式）,键盘,品牌12,270,机械式,藏青色,16*10*1,160
KePH27MePi,粉色 品牌12 270 键盘（机械式）,键盘,品牌12,270,机械式,粉色,16*10*1,160
MoHc45BlBl,黑色 品牌09 450 鼠标（蓝牙）,鼠标,品牌09,450,蓝牙,黑色,16*10*1,160
MoHc45BlWh,白色 品牌09 450 鼠标（蓝牙）,鼠标,品牌09,450,蓝牙,白色,16*10*1,160
MoHc45BlNa,藏青色 品牌09 450 鼠标（蓝牙）,鼠标,品牌09,450,蓝牙,藏青色,16*10*1,160
MoHc45BlPi,粉色 品牌09 450 鼠标（蓝牙）,鼠标,品牌09,450,蓝牙,粉色,16*10*1,160
MoHc45WiBl,黑色 品牌09 450 鼠标（有线）,鼠标,品牌09,450,有线,黑色,16*10*1,160
MoHc45WiWh,白色 品牌09 450 鼠标（有线）,鼠标,品牌09,450,有线,白色,16*10*1,160
MoHc45WiNa,藏青色 品牌09 450 鼠标（有线）,鼠标,品牌09,450,有线,藏青色,16*10*1,160
MoHc45WiPi,粉色 品牌09 450 鼠标（有线）,鼠标,品牌09,450,有线,粉色,16*10*1,160
MoHc45ErBl,黑色 品牌09 450 鼠标（人体工学）,鼠标,品牌09,450,人体工学,黑色,16*10*1,160
MoHc45ErWh,白色 品牌09 450 鼠标（人体工学）,鼠标,品牌09,450,人体工学,白色,16*10*1,160
MoHc45ErNa,藏青色 品牌09 450 鼠标（人体工学）,鼠标,品牌09,450,人体工学,藏青色,16*10*1,160
MoHc45ErPi,粉色 品牌09 450 鼠标（人体工学）,鼠标,品牌09,450,人体工学,粉色,16*10*1,160
MoHc45MeBl,黑色 品牌09 450 鼠标（机械式）,鼠标,品牌09,450,机械式,黑色,16*10*1,160
MoHc45MeWh,白色 品牌09 450 鼠标（机械式）,鼠标,品牌09,450,机械式,白色,16*10*1,160
MoHc45MeNa,藏青色 品牌09 450 鼠标（机械式）,鼠标,品牌09,450,机械式,藏青色,16*10*1,160
MoHc45MePi,粉色 品牌09 450 鼠标（机械式）,鼠标,品牌09,450,机械式,粉色,16*10*1,160
MoHc35BlBl,黑色 品牌09 350 鼠标（蓝牙）,鼠标,品牌09,350,蓝牙,黑色,16*10*1,160
MoHc35BlWh,白色 品牌09 350 鼠标（蓝牙）,鼠标,品牌09,350,蓝牙,白色,16*10*1,160
MoHc35BlNa,藏青色 品牌09 350 鼠标（蓝牙）,鼠标,品牌09,350,蓝牙,藏青色,16*10*1,160
MoHc35BlPi,粉色 品牌09 350 鼠标（蓝牙）,鼠标,品牌09,350,蓝牙,粉色,16*10*1,160
MoHc35WiBl,黑色 品牌09 350 鼠标（有线）,鼠标,品牌09,350,有线,黑色,16*10*1,160
MoHc35WiWh,白色 品牌09 350 鼠标（有线）,鼠标,品牌09,350,有线,白色,16*10*1,160
MoHc35WiNa,藏青色 品牌09 350 鼠标（有线）,鼠标,品牌09,350,有线,藏青色,16*10*1,160
MoHc35WiPi,粉色 品牌09 350 鼠标（有线）,鼠标,品牌09,350,有线,粉色,16*10*1,160
MoHc35ErBl,黑色 品牌09 350 鼠标（人体工学）,鼠标,品牌09,350,人体工学,黑色,16*10*1,160
MoHc35ErWh,白色 品牌09 350 鼠标（人体工学）,鼠标,品牌09,350,人体工学,白色,16*10*1,160
MoHc35ErNa,藏青色 品牌09 350 鼠标（人体工学）,鼠标,品牌09,350,人体工学,藏青色,16*10*1,160
MoHc35ErPi,粉色 品牌09 350 鼠标（人体工学）,鼠标,品牌09,350,人体工学,粉色,16*10*1,160
MoHc35MeBl,黑色 品牌09 350 鼠标（机械式）,鼠标,品牌09,350,机械式,黑色,16*10*1,160
MoHc35MeWh,白色 品牌09 350 鼠标（机械式）,鼠标,品牌09,350,机械式,白色,16*10*1,160
MoHc35MeNa,藏青色 品牌09 350 鼠标（机械式）,鼠标,品牌09,350,机械式,藏青色,16*10*1,160
MoHc35MePi,粉色 品牌09 350 鼠标（机械式）,鼠标,品牌09,350,机械式,粉色,16*10*1,160
MoHc27BlBl,黑色 品牌09 270 鼠标（蓝牙）,鼠标,品牌09,270,蓝牙,黑色,16*10*1,160
MoHc27BlWh,白色 品牌09 270 鼠标（蓝牙）,鼠标,品牌09,270,蓝牙,白色,16*10*1,160
MoHc27BlNa,藏青色 品牌09 270 鼠标（蓝牙）,鼠标,品牌09,270,蓝牙,藏青色,16*10*1,160
MoHc27BlPi,粉色 品牌09 270 鼠标（蓝牙）,鼠标,品牌09,270,蓝牙,粉色,16*10*1,160
MoHc27WiBl,黑色 品牌09 270 鼠标（有线）,鼠标,品牌09,270,有线,黑色,16*10*1,160
MoHc27WiWh,白色 品牌09 270 鼠标（有线）,鼠标,品牌09,270,有线,白色,16*10*1,160
MoHc27WiNa,藏青色 品牌09 270 鼠标（有线）,鼠标,品牌09,270,有线,藏青色,16*10*1,160
MoHc27WiPi,粉色 品牌09 270 鼠标（有线）,鼠标,品牌09,270,有线,粉色,16*10*1,160
MoHc27ErBl,黑色 品牌09 270 鼠标（人体工学）,鼠标,品牌09,270,人体工学,黑色,16*10*1,160
MoHc27ErWh,白色 品牌09 270 鼠标（人体工学）,鼠标,品牌09,270,人体工学,白色,16*10*1,160
MoHc27ErNa,藏青色 品牌09 270 鼠标（人体工学）,鼠标,品牌09,270,人体工学,藏青色,16*10*1,160
MoHc27ErPi,粉色 品牌09 270 鼠标（人体工学）,鼠标,品牌09,270,人体工学,粉色,16*10*1,160
MoHc27MeBl,黑色 品牌09 270 鼠标（机械式）,鼠标,品牌09,270,机械式,黑色,16*10*1,160
MoHc27MeWh,白色 品牌09 270 鼠标（机械式）,鼠标,品牌09,270,机械式,白色,16*10*1,160
MoHc27MeNa,藏青色 品牌09 270 鼠标（机械式）,鼠标,品牌09,270,机械式,藏青色,16*10*1,160
MoHc27MePi,粉色 品牌09 270 鼠标（机械式）,鼠标,品牌09,270,机械式,粉色,16*10*1,160
MoRe45BlBl,黑色 品牌10 450 鼠标（蓝牙）,鼠标,品牌10,450,蓝牙,黑色,16*10*1,160
MoRe45BlWh,白色 品牌10 450 鼠标（蓝牙）,鼠标,品牌10,450,蓝牙,白色,16*10*1,160
MoRe45BlNa,藏青色 品牌10 450 鼠标（蓝牙）,鼠标,品牌10,450,蓝牙,藏青色,16*10*1,160
MoRe45BlPi,粉色 品牌10 450 鼠标（蓝牙）,鼠标,品牌10,450,蓝牙,粉色,16*10*1,160
MoRe45WiBl,黑色 品牌10 450 鼠标（有线）,鼠标,品牌10,450,有线,黑色,16*10*1,160
MoRe45WiWh,白色 品牌10 450 鼠标（有线）,鼠标,品牌10,450,有线,白色,16*10*1,160
MoRe45WiNa,藏青色 品牌10 450 鼠标（有线）,鼠标,品牌10,450,有线,藏青色,16*10*1,160
MoRe45WiPi,粉色 品牌10 450 鼠标（有线）,鼠标,品牌10,450,有线,粉色,16*10*1,160
MoRe45ErBl,黑色 品牌10 450 鼠标（人体工学）,鼠标,品牌10,450,人体工学,黑色,16*10*1,160
MoRe45ErWh,白色 品牌10 450 鼠标（人体工学）,鼠标,品牌10,450,人体工学,白色,16*10*1,160
MoRe45ErNa,藏青色 品牌10 450 鼠标（人体工学）,鼠标,品牌10,450,人体工学,藏青色,16*10*1,160
MoRe45ErPi,粉色 品牌10 450 鼠标（人体工学）,鼠标,品牌10,450,人体工学,粉色,16*10*1,160
MoRe45MeBl,黑色 品牌10 450 鼠标（机械式）,鼠标,品牌10,450,机械式,黑色,16*10*1,160
MoRe45MeWh,白色 品牌10 450 鼠标（机械式）,鼠标,品牌10,450,机械式,白色,16*10*1,160
MoRe45MeNa,藏青色 品牌10 450 鼠标（机械式）,鼠标,品牌10,450,机械式,藏青色,16*10*1,160
MoRe45MePi,粉色 品牌10 450 鼠标（机械式）,鼠标,品牌10,450,机械式,粉色,16*10*1,160
MoRe35BlBl,黑色 品牌10 350 鼠标（蓝牙）,鼠标,品牌10,350,蓝牙,黑色,16*10*1,160
MoRe35BlWh,白色 品牌10 350 鼠标（蓝牙）,鼠标,品牌10,350,蓝牙,白色,16*10*1,160
MoRe35BlNa,藏青色 品牌10 350 鼠标（蓝牙）,鼠标,品牌10,350,蓝牙,藏青色,16*10*1,160
MoRe35BlPi,粉色 品牌10 350 鼠标（蓝牙）,鼠标,品牌10,350,蓝牙,粉色,16*10*1,160
MoRe35WiBl,黑色 品牌10 350 鼠标（有线）,鼠标,品牌10,350,有线,黑色,16*10*1,160
MoRe35WiWh,白色 品牌10 350 鼠标（有线）,鼠标,品牌10,350,有线,白色,16*10*1,160
MoRe35WiNa,藏青色 品牌10 350 鼠标（有线）,鼠标,品牌10,350,有线,藏青色,16*10*1,160
MoRe35WiPi,粉色 品牌10 350 鼠标（有线）,鼠标,品牌10,350,有线,粉色,16*10*1,160
MoRe35ErBl,黑色 品牌10 350 鼠标（人体工学）,鼠标,品牌10,350,人体工学,黑色,16*10*1,160
MoRe35ErWh,白色 品牌10 350 鼠标（人体工学）,鼠标,品牌10,350,人体工学,白色,16*10*1,160
MoRe35ErNa,藏青色 品牌10 350 鼠标（人体工学）,鼠标,品牌10,350,人体工学,藏青色,16*10*1,160
MoRe35ErPi,粉色 品牌10 350 鼠标（人体工学）,鼠标,品牌10,350,人体工学,粉色,16*10*1,160
MoRe35MeBl,黑色 品牌10 350 鼠标（机械式）,鼠标,品牌10,350,机械式,黑色,16*10*1,160
MoRe35MeWh,白色 品牌10 350 鼠标（机械式）,鼠标,品牌10,350,机械式,白色,16*10*1,160
MoRe35MeNa,藏青色 品牌10 350 鼠标（机械式）,鼠标,品牌10,350,机械式,藏青色,16*10*1,160
MoRe35MePi,粉色 品牌10 350 鼠标（机械式）,鼠标,品牌10,350,机械式,粉色,16*10*1,160
MoRe27BlBl,黑色 品牌10 270 鼠标（蓝牙）,鼠标,品牌10,270,蓝牙,黑色,16*10*1,160
MoRe27BlWh,白色 品牌10 270 鼠标（蓝牙）,鼠标,品牌10,270,蓝牙,白色,16*10*1,160
MoRe27BlNa,藏青色 品牌10 270 鼠标（蓝牙）,鼠标,品牌10,270,蓝牙,藏青色,16*10*1,160
MoRe27BlPi,粉色 品牌10 270 鼠标（蓝牙）,鼠标,品牌10,270,蓝牙,粉色,16*10*1,160
MoRe27WiBl,黑色 品牌10 270 鼠标（有线）,鼠标,品牌10,270,有线,黑色,16*10*1,160
MoRe27WiWh,白色 品牌10 270 鼠标（有线）,鼠标,品牌10,270,有线,白色,16*10*1,160
MoRe27WiNa,藏青色 品牌10 270 鼠标（有线）,鼠标,品牌10,270,有线,藏青色,16*10*1,160
MoRe27WiPi,粉色 品牌10 270 鼠标（有线）,鼠标,品牌10,270,有线,粉色,16*10*1,160
MoRe27ErBl,黑色 品牌10 270 鼠标（人体工学）,鼠标,品牌10,270,人体工学,黑色,16*10*1,160
MoRe27ErWh,白色 品牌10 270 鼠标（人体工学）,鼠标,品牌10,270,人体工学,白色,16*10*1,160
MoRe27ErNa,藏青色 品牌10 270 鼠标（人体工学）,鼠标,品牌10,270,人体工学,藏青色,16*10*1,160
MoRe27ErPi,粉色 品牌10 270 鼠标（人体工学）,鼠标,品牌10,270,人体工学,粉色,16*10*1,160
MoRe27MeBl,黑色 品牌10 270 鼠标（机械式）,鼠标,品牌10,270,机械式,黑色,16*10*1,160
MoRe27MeWh,白色 品牌10 270 鼠标（机械式）,鼠标,品牌10,270,机械式,白色,16*10*1,160
MoRe27MeNa,藏青色 品牌10 270 鼠标（机械式）,鼠标,品牌10,270,机械式,藏青色,16*10*1,160
MoRe27MePi,粉色 品牌10 270 鼠标（机械式）,鼠标,品牌10,270,机械式,粉色,16*10*1,160
MoSu45BlBl,黑色 品牌11 450 鼠标（蓝牙）,鼠标,品牌11,450,蓝牙,黑色,16*10*1,160
MoSu45BlWh,白色 品牌11 450 鼠标（蓝牙）,鼠标,品牌11,450,蓝牙,白色,16*10*1,160
MoSu45BlNa,藏青色 品牌11 450 鼠标（蓝牙）,鼠标,品牌11,450,蓝牙,藏青色,16*10*1,160
MoSu45BlPi,粉色 品牌11 450 鼠标（蓝牙）,鼠标,品牌11,450,蓝牙,粉色,16*10*1,160
MoSu45WiBl,黑色 品牌11 450 鼠标（有线）,鼠标,品牌11,450,有线,黑色,16*10*1,160
MoSu45WiWh,白色 品牌11 450 鼠标（有线）,鼠标,品牌11,450,有线,白色,16*10*1,160
MoSu45WiNa,藏青色 品牌11 450 鼠标（有线）,鼠标,品牌11,450,有线,藏青色,16*10*1,160
MoSu45WiPi,粉色 品牌11 450 鼠标（有线）,鼠标,品牌11,450,有线,粉色,16*10*1,160
MoSu45ErBl,黑色 品牌11 450 鼠标（人体工学）,鼠标,品牌11,450,人体工学,黑色,16*10*1,160
MoSu45ErWh,白色 品牌11 450 鼠标（人体工学）,鼠标,品牌11,450,人体工学,白色,16*10*1,160
MoSu45ErNa,藏青色 品牌11 450 鼠标（人体工学）,鼠标,品牌11,450,人体工学,藏青色,16*10*1,160
MoSu45ErPi,粉色 品牌11 450 鼠标（人体工学）,鼠标,品牌11,450,人体工学,粉色,16*10*1,160
MoSu45MeBl,黑色 品牌11 450 鼠标（机械式）,鼠标,品牌11,450,机械式,黑色,16*10*1,160
MoSu45MeWh,白色 品牌11 450 鼠标（机械式）,鼠标,品牌11,450,机械式,白色,16*10*1,160
MoSu45MeNa,藏青色 品牌11 450 鼠标（机械式）,鼠标,品牌11,450,机械式,藏青色,16*10*1,160
MoSu45MePi,粉色 品牌11 450 鼠标（机械式）,鼠标,品牌11,450,机械式,粉色,16*10*1,160
MoSu35BlBl,黑色 品牌11 350 鼠标（蓝牙）,鼠标,品牌11,350,蓝牙,黑色,16*10*1,160
MoSu35BlWh,白色 品牌11 350 鼠标（蓝牙）,鼠标,品牌11,350,蓝牙,白色,16*10*1,160
MoSu35BlNa,藏青色 品牌11 350 鼠标（蓝牙）,鼠标,品牌11,350,蓝牙,藏青色,16*10*1,160
MoSu35BlPi,粉色 品牌11 350 鼠标（蓝牙）,鼠标,品牌11,350,蓝牙,粉色,16*10*1,160
MoSu35WiBl,黑色 品牌11 350 鼠标（有线）,鼠标,品牌11,350,有线,黑色,16*10*1,160
MoSu35WiWh,白色 品牌11 350 鼠标（有线）,鼠标,品牌11,350,有线,白色,16*10*1,160
MoSu35WiNa,藏青色 品牌11 350 鼠标（有线）,鼠标,品牌11,350,有线,藏青色,16*10*1,160
MoSu35WiPi,粉色 品牌11 350 鼠标（有线）,鼠标,品牌11,350,有线,粉色,16*10*1,160
MoSu35ErBl,黑色 品牌11 350 鼠标（人体工学）,鼠标,品牌11,350,人体工学,黑色,16*10*1,160
MoSu35ErWh,白色 品牌11 350 鼠标（人体工学）,鼠标,品牌11,350,人体工学,白色,16*10*1,160
MoSu35ErNa,藏青色 品牌11 350 鼠标（人体工学）,鼠标,品牌11,350,人体工学,藏青色,16*10*1,160
MoSu35ErPi,粉色 品牌11 350 鼠标（人体工学）,鼠标,品牌11,350,人体工学,粉色,16*10*1,160
MoSu35MeBl,黑色 品牌11 350 鼠标（机械式）,鼠标,品牌11,350,机械式,黑色,16*10*1,160
MoSu35MeWh,白色 品牌11 350 鼠标（机械式）,鼠标,品牌11,350,机械式,白色,16*10*1,160
MoSu35MeNa,藏青色 品牌11 350 鼠标（机械式）,鼠标,品牌11,350,机械式,藏青色,16*10*1,160
MoSu35MePi,粉色 品牌11 350 鼠标（机械式）,鼠标,品牌11,350,机械式,粉色,16*10*1,160
MoSu27BlBl,黑色 品牌11 270 鼠标（蓝牙）,鼠标,品牌11,270,蓝牙,黑色,16*10*1,160
MoSu27BlWh,白色 品牌11 270 鼠标（蓝牙）,鼠标,品牌11,270,蓝牙,白色,16*10*1,160
MoSu27BlNa,藏青色 品牌11 270 鼠标（蓝牙）,鼠标,品牌11,270,蓝牙,藏青色,16*10*1,160
MoSu27BlPi,粉色 品牌11 270 鼠标（蓝牙）,鼠标,品牌11,270,蓝牙,粉色,16*10*1,160
MoSu27WiBl,黑色 品牌11 270 鼠标（有线）,鼠标,品牌11,270,有线,黑色,16*10*1,160
MoSu27WiWh,白色 品牌11 270 鼠标（有线）,鼠标,品牌11,270,有线,白色,16*10*1,160
MoSu27WiNa,藏青色 品牌11 270 鼠标（有线）,鼠标,品牌11,270,有线,藏青色,16*10*1,160
MoSu27WiPi,粉色 品牌11 270 鼠标（有线）,鼠标,品牌11,270,有线,粉色,16*10*1,160
MoSu27ErBl,黑色 品牌11 270 鼠标（人体工学）,鼠标,品牌11,270,人体工学,黑色,16*10*1,160
MoSu27ErWh,白色 品牌11 270 鼠标（人体工学）,鼠标,品牌11,270,人体工学,白色,16*10*1,160
MoSu27ErNa,藏青色 品牌11 270 鼠标（人体工学）,鼠标,品牌11,270,人体工学,藏青色,16*10*1,160
MoSu27ErPi,粉色 品牌11 270 鼠标（人体工学）,鼠标,品牌11,270,人体工学,粉色,16*10*1,160
MoSu27MeBl,黑色 品牌11 270 鼠标（机械式）,鼠标,品牌11,270,机械式,黑色,16*10*1,160
MoSu27MeWh,白色 品牌11 270 鼠标（机械式）,鼠标,品牌11,270,机械式,白色,16*10*1,160
MoSu27MeNa,藏青色 品牌11 270 鼠标（机械式）,鼠标,品牌11,270,机械式,藏青色,16*10*1,160
MoSu27MePi,粉色 品牌11 270 鼠标（机械式）,鼠标,品牌11,270,机械式,粉色,16*10*1,160
MoPH45BlBl,黑色 品牌12 450 鼠标（蓝牙）,鼠标,品牌12,450,蓝牙,黑色,16*10*1,160
MoPH45BlWh,白色 品牌12 450 鼠标（蓝牙）,鼠标,品牌12,450,蓝牙,白色,16*10*1,160
MoPH45BlNa,藏青色 品牌12 450 鼠标（蓝牙）,鼠标,品牌12,450,蓝牙,藏青色,16*10*1,160
MoPH45BlPi,粉色 品牌12 450 鼠标（蓝牙）,鼠标,品牌12,450,蓝牙,粉色,16*10*1,160
MoPH45WiBl,黑色 品牌12 450 鼠标（有线）,鼠标,品牌12,450,有线,黑色,16*10*1,160
MoPH45WiWh,白色 品牌12 450 鼠标（有线）,鼠标,品牌12,450,有线,白色,16*10*1,160
MoPH45WiNa,藏青色 品牌12 450 鼠标（有线）,鼠标,品牌12,450,有线,藏青色,16*10*1,160
MoPH45WiPi,粉色 品牌12 450 鼠标（有线）,鼠标,品牌12,450,有线,粉色,16*10*1,160
MoPH45ErBl,黑色 品牌12 450 鼠标（人体工学）,鼠标,品牌12,450,人体工学,黑色,16*10*1,160
MoPH45ErWh,白色 品牌12 450 鼠标（人体工学）,鼠标,品牌12,450,人体工学,白色,16*10*1,160
MoPH45ErNa,藏青色 品牌12 450 鼠标（人体工学）,鼠标,品牌12,450,人体工学,藏青色,16*10*1,160
MoPH45ErPi,粉色 品牌12 450 鼠标（人体工学）,鼠标,品牌12,450,人体工学,粉色,16*10*1,160
MoPH45MeBl,黑色 品牌12 450 鼠标（机械式）,鼠标,品牌12,450,机械式,黑色,16*10*1,160
MoPH45MeWh,白色 品牌12 450 鼠标（机械式）,鼠标,品牌12,450,机械式,白色,16*10*1,160
MoPH45MeNa,藏青色 品牌12 450 鼠标（机械式）,鼠标,品牌12,450,机械式,藏青色,16*10*1,160
MoPH45MePi,粉色 品牌12 450 鼠标（机械式）,鼠标,品牌12,450,机械式,粉色,16*10*1,160
MoPH35BlBl,黑色 品牌12 350 鼠标（蓝牙）,鼠标,品牌12,350,蓝牙,黑色,16*10*1,160
MoPH35BlWh,白色 品牌12 350 鼠标（蓝牙）,鼠标,品牌12,350,蓝牙,白色,16*10*1,160
MoPH35BlNa,藏青色 品牌12 350 鼠标（蓝牙）,鼠标,品牌12,350,蓝牙,藏青色,16*10*1,160
MoPH35BlPi,粉色 品牌12 350 鼠标（蓝牙）,鼠标,品牌12,350,蓝牙,粉色,16*10*1,160
MoPH35WiBl,黑色 品牌12 350 鼠标（有线）,鼠标,品牌12,350,有线,黑色,16*10*1,160
MoPH35WiWh,白色 品牌12 350 鼠标（有线）,鼠标,品牌12,350,有线,白色,16*10*1,160
MoPH35WiNa,藏青色 品牌12 350 鼠标（有线）,鼠标,品牌12,350,有线,藏青色,16*10*1,160
MoPH35WiPi,粉色 品牌12 350 鼠标（有线）,鼠标,品牌12,350,有线,粉色,16*10*1,160
MoPH35ErBl,黑色 品牌12 350 鼠标（人体工学）,鼠标,品牌12,350,人体工学,黑色,16*10*1,160
MoPH35ErWh,白色 品牌12 350 鼠标（人体工学）,鼠标,品牌12,350,人体工学,白色,16*10*1,160
MoPH35ErNa,藏青色 品牌12 350 鼠标（人体工学）,鼠标,品牌12,350,人体工学,藏青色,16*10*1,160
MoPH35ErPi,粉色 品牌12 350 鼠标（人体工学）,鼠标,品牌12,350,人体工学,粉色,16*10*1,160
MoPH35MeBl,黑色 品牌12 350 鼠标（机械式）,鼠标,品牌12,350,机械式,黑色,16*10*1,160
MoPH35MeWh,白色 品牌12 350 鼠标（机械式）,鼠标,品牌12,350,机械式,白色,16*10*1,160
MoPH35MeNa,藏青色 品牌12 350 鼠标（机械式）,鼠标,品牌12,350,机械式,藏青色,16*10*1,160
MoPH35MePi,粉色 品牌12 350 鼠标（机械式）,鼠标,品牌12,350,机械式,粉色,16*10*1,160
MoPH27BlBl,黑色 品牌12 270 鼠标（蓝牙）,鼠标,品牌12,270,蓝牙,黑色,16*10*1,160
MoPH27BlWh,白色 品牌12 270 鼠标（蓝牙）,鼠标,品牌12,270,蓝牙,白色,16*10*1,160
MoPH27BlNa,藏青色 品牌12 270 鼠标（蓝牙）,鼠标,品牌12,270,蓝牙,藏青色,16*10*1,160
MoPH27BlPi,粉色 品牌12 270 鼠标（蓝牙）,鼠标,品牌12,270,蓝牙,粉色,16*10*1,160
MoPH27WiBl,黑色 品牌12 270 鼠标（有线）,鼠标,品牌12,270,有线,黑色,16*10*1,160
MoPH27WiWh,白色 品牌12 270 鼠标（有线）,鼠标,品牌12,270,有线,白色,16*10*1,160
MoPH27WiNa,藏青色 品牌12 270 鼠标（有线）,鼠标,品牌12,270,有线,藏青色,16*10*1,160
MoPH27WiPi,粉色 品牌12 270 鼠标（有线）,鼠标,品牌12,270,有线,粉色,16*10*1,160
MoPH27ErBl,黑色 品牌12 270 鼠标（人体工学）,鼠标,品牌12,270,人体工学,黑色,16*10*1,160
MoPH27ErWh,白色 品牌12 270 鼠标（人体工学）,鼠标,品牌12,270,人体工学,白色,16*10*1,160
MoPH27ErNa,藏青色 品牌12 270 鼠标（人体工学）,鼠标,品牌12,270,人体工学,藏青色,16*10*1,160
MoPH27ErPi,粉色 品牌12 270 鼠标（人体工学）,鼠标,品牌12,270,人体工学,粉色,16*10*1,160
MoPH27MeBl,黑色 品牌12 270 鼠标（机械式）,鼠标,品牌12,270,机械式,黑色,16*10*1,160
MoPH27MeWh,白色 品牌12 270 鼠标（机械式）,鼠标,品牌12,270,机械式,白色,16*10*1,160
MoPH27MeNa,藏青色 品牌12 270 鼠标（机械式）,鼠标,品牌12,270,机械式,藏青色,16*10*1,160
MoPH27MePi,粉色 品牌12 270 鼠标（机械式）,鼠标,品牌12,270,机械式,粉色,16*10*1,160
LaPH148GBl,黑色 品牌12 14英寸 笔记本电脑（8吉字节内存）,笔记本电脑,品牌12,14英寸,8吉字节内存,黑色,16*1*1,16
LaPH148GWh,白色 品牌12 14英寸 笔记本电脑（8吉字节内存）,笔记本电脑,品牌12,14英寸,8吉字节内存,白色,16*1*1,16
LaPH148GGr,灰色 品牌12 14英寸 笔记本电脑（8吉字节内存）,笔记本电脑,品牌12,14英寸,8吉字节内存,灰色,16*1*1,16
LaPH148GSi,银色 品牌12 14英寸 笔记本电脑（8吉字节内存）,笔记本电脑,品牌12,14英寸,8吉字节内存,银色,16*1*1,16
LaPH1416Bl,黑色 品牌12 14英寸 笔记本电脑（16吉字节内存）,笔记本电脑,品牌12,14英寸,16吉字节内存,黑色,16*1*1,16
LaPH1416Wh,白色 品牌12 14英寸 笔记本电脑（16吉字节内存）,笔记本电脑,品牌12,14英寸,16吉字节内存,白色,16*1*1,16
LaPH1416Gr,灰色 品牌12 14英寸 笔记本电脑（16吉字节内存）,笔记本电脑,品牌12,14英寸,16吉字节内存,灰色,16*1*1,16
LaPH1416Si,银色 品牌12 14英寸 笔记本电脑（16吉字节内存）,笔记本电脑,品牌12,14英寸,16吉字节内存,银色,16*1*1,16
LaPH1432Bl,黑色 品牌12 14英寸 笔记本电脑（32吉字节内存）,笔记本电脑,品牌12,14英寸,32吉字节内存,黑色,16*1*1,16
LaPH1432Wh,白色 品牌12 14英寸 笔记本电脑（32吉字节内存）,笔记本电脑,品牌12,14英寸,32吉字节内存,白色,16*1*1,16
LaPH1432Gr,灰色 品牌12 14英寸 笔记本电脑（32吉字节内存）,笔记本电脑,品牌12,14英寸,32吉字节内存,灰色,16*1*1,16
LaPH1432Si,银色 品牌12 14英寸 笔记本电脑（32吉字节内存）,笔记本电脑,品牌12,14英寸,32吉字节内存,银色,16*1*1,16
LaPH14i5Bl,黑色 品牌12 14英寸 笔记本电脑（第5代处理器）,笔记本电脑,品牌12,14英寸,第5代处理器,黑色,16*1*1,16
LaPH14i5Wh,白色 品牌12 14英寸 笔记本电脑（第5代处理器）,笔记本电脑,品牌12,14英寸,第5代处理器,白色,16*1*1,16
LaPH14i5Gr,灰色 品牌12 14英寸 笔记本电脑（第5代处理器）,笔记本电脑,品牌12,14英寸,第5代处理器,灰色,16*1*1,16
LaPH14i5Si,银色 品牌12 14英寸 笔记本电脑（第5代处理器）,笔记本电脑,品牌12,14英寸,第5代处理器,银色,16*1*1,16
LaPH14i7Bl,黑色 品牌12 14英寸 笔记本电脑（第7代处理器）,笔记本电脑,品牌12,14英寸,第7代处理器,黑色,16*1*1,16
LaPH14i7Wh,白色 品牌12 14英寸 笔记本电脑（第7代处理器）,笔记本电脑,品牌12,14英寸,第7代处理器,白色,16*1*1,16
LaPH14i7Gr,灰色 品牌12 14英寸 笔记本电脑（第7代处理器）,笔记本电脑,品牌12,14英寸,第7代处理器,灰色,16*1*1,16
LaPH14i7Si,银色 品牌12 14英寸 笔记本电脑（第7代处理器）,笔记本电脑,品牌12,14英寸,第7代处理器,银色,16*1*1,16
LaPH158GBl,黑色 品牌12 15英寸 笔记本电脑（8吉字节内存）,笔记本电脑,品牌12,15英寸,8吉字节内存,黑色,16*1*1,16
LaPH158GWh,白色 品牌12 15英寸 笔记本电脑（8吉字节内存）,笔记本电脑,品牌12,15英寸,8吉字节内存,白色,16*1*1,16
LaPH158GGr,灰色 品牌12 15英寸 笔记本电脑（8吉字节内存）,笔记本电脑,品牌12,15英寸,8吉字节内存,灰色,16*1*1,16
LaPH158GSi,银色 品牌12 15英寸 笔记本电脑（8吉字节内存）,笔记本电脑,品牌12,15英寸,8吉字节内存,银色,16*1*1,16
LaPH1516Bl,黑色 品牌12 15英寸 笔记本电脑（16吉字节内存）,笔记本电脑,品牌12,15英寸,16吉字节内存,黑色,16*1*1,16
LaPH1516Wh,白色 品牌12 15英寸 笔记本电脑（16吉字节内存）,笔记本电脑,品牌12,15英寸,16吉字节内存,白色,16*1*1,16
LaPH1516Gr,灰色 品牌12 15英寸 笔记本电脑（16吉字节内存）,笔记本电脑,品牌12,15英寸,16吉字节内存,灰色,16*1*1,16
LaPH1516Si,银色 品牌12 15英寸 笔记本电脑（16吉字节内存）,笔记本电脑,品牌12,15英寸,16吉字节内存,银色,16*1*1,16
LaPH1532Bl,黑色 品牌12 15英寸 笔记本电脑（32吉字节内存）,笔记本电脑,品牌12,15英寸,32吉字节内存,黑色,16*1*1,16
LaPH1532Wh,白色 品牌12 15英寸 笔记本电脑（32吉字节内存）,笔记本电脑,品牌12,15英寸,32吉字节内存,白色,16*1*1,16
LaPH1532Gr,灰色 品牌12 15英寸 笔记本电脑（32吉字节内存）,笔记本电脑,品牌12,15英寸,32吉字节内存,灰色,16*1*1,16
LaPH1532Si,银色 品牌12 15英寸 笔记本电脑（32吉字节内存）,笔记本电脑,品牌12,15英寸,32吉字节内存,银色,16*1*1,16
LaPH15i5Bl,黑色 品牌12 15英寸 笔记本电脑（第5代处理器）,笔记本电脑,品牌12,15英寸,第5代处理器,黑色,16*1*1,16
LaPH15i5Wh,白色 品牌12 15英寸 笔记本电脑（第5代处理器）,笔记本电脑,品牌12,15英寸,第5代处理器,白色,16*1*1,16
LaPH15i5Gr,灰色 品牌12 15英寸 笔记本电脑（第5代处理器）,笔记本电脑,品牌12,15英寸,第5代处理器,灰色,16*1*1,16
LaPH15i5Si,银色 品牌12 15英寸 笔记本电脑（第5代处理器）,笔记本电脑,品牌12,15英寸,第5代处理器,银色,16*1*1,16
LaPH15i7Bl,黑色 品牌12 15英寸 笔记本电脑（第7代处理器）,笔记本电脑,品牌12,15英寸,第7代处理器,黑色,16*1*1,16
LaPH15i7Wh,白色 品牌12 15英寸 笔记本电脑（第7代处理器）,笔记本电脑,品牌12,15英寸,第7代处理器,白色,16*1*1,16
LaPH15i7Gr,灰色 品牌12 15英寸 笔记本电脑（第7代处理器）,笔记本电脑,品牌12,15英寸,第7代处理器,灰色,16*1*1,16
LaPH15i7Si,银色 品牌12 15英寸 笔记本电脑（第7代处理器）,笔记本电脑,品牌12,15英寸,第7代处理器,银色,16*1*1,16
LaPH178GBl,黑色 品牌12 17英寸 笔记本电脑（8吉字节内存）,笔记本电脑,品牌12,17英寸,8吉字节内存,黑色,16*1*1,16
LaPH178GWh,白色 品牌12 17英寸 笔记本电脑（8吉字节内存）,笔记本电脑,品牌12,17英寸,8吉字节内存,白色,16*1*1,16
LaPH178GGr,灰色 品牌12 17英寸 笔记本电脑（8吉字节内存）,笔记本电脑,品牌12,17英寸,8吉字节内存,灰色,16*1*1,16
LaPH178GSi,银色 品牌12 17英寸 笔记本电脑（8吉字节内存）,笔记本电脑,品牌12,17英寸,8吉字节内存,银色,16*1*1,16
LaPH1716Bl,黑色 品牌12 17英寸 笔记本电脑（16吉字节内存）,笔记本电脑,品牌12,17英寸,16吉字节内存,黑色,16*1*1,16
LaPH1716Wh,白色 品牌12 17英寸 笔记本电脑（16吉字节内存）,笔记本电脑,品牌12,17英寸,16吉字节内存,白色,16*1*1,16
LaPH1716Gr,灰色 品牌12 17英寸 笔记本电脑（16吉字节内存）,笔记本电脑,品牌12,17英寸,16吉字节内存,灰色,16*1*1,16
LaPH1716Si,银色 品牌12 17英寸 笔记本电脑（16吉字节内存）,笔记本电脑,品牌12,17英寸,16吉字节内存,银色,16*1*1,16
LaPH1732Bl,黑色 品牌12 17英寸 笔记本电脑（32吉字节内存）,笔记本电脑,品牌12,17英寸,32吉字节内存,黑色,16*1*1,16
LaPH1732Wh,白色 品牌12 17英寸 笔记本电脑（32吉字节内存）,笔记本电脑,品牌12,17英寸,32吉字节内存,白色,16*1*1,16
LaPH1732Gr,灰色 品牌12 17英寸 笔记本电脑（32吉字节内存）,笔记本电脑,品牌12,17英寸,32吉字节内存,灰色,16*1*1,16
LaPH1732Si,银色 品牌12 17英寸 笔记本电脑（32吉字节内存）,笔记本电脑,品牌12,17英寸,32吉字节内存,银色,16*1*1,16
LaPH17i5Bl,黑色 品牌12 17英寸 笔记本电脑（第5代处理器）,笔记本电脑,品牌12,17英寸,第5代处理器,黑色,16*1*1,16
LaPH17i5Wh,白色 品牌12 17英寸 笔记本电脑（第5代处理器）,笔记本电脑,品牌12,17英寸,第5代处理器,白色,16*1*1,16
LaPH17i5Gr,灰色 品牌12 17英寸 笔记本电脑（第5代处理器）,笔记本电脑,品牌12,17英寸,第5代处理器,灰色,16*1*1,16
LaPH17i5Si,银色 品牌12 17英寸 笔记本电脑（第5代处理器）,笔记本电脑,品牌12,17英寸,第5代处理器,银色,16*1*1,16
LaPH17i7Bl,黑色 品牌12 17英寸 笔记本电脑（第7代处理器）,笔记本电脑,品牌12,17英寸,第7代处理器,黑色,16*1*1,16
LaPH17i7Wh,白色 品牌12 17英寸 笔记本电脑（第7代处理器）,笔记本电脑,品牌12,17英寸,第7代处理器,白色,16*1*1,16
LaPH17i7Gr,灰色 品牌12 17英寸 笔记本电脑（第7代处理器）,笔记本电脑,品牌12,17英寸,第7代处理器,灰色,16*1*1,16
LaPH17i7Si,银色 品牌12 17英寸 笔记本电脑（第7代处理器）,笔记本电脑,品牌12,17英寸,第7代处理器,银色,16*1*1,16
LaSu148GBl,黑色 品牌11 14英寸 笔记本电脑（8吉字节内存）,笔记本电脑,品牌11,14英寸,8吉字节内存,黑色,16*1*1,16
LaSu148GWh,白色 品牌11 14英寸 笔记本电脑（8吉字节内存）,笔记本电脑,品牌11,14英寸,8吉字节内存,白色,16*1*1,16
LaSu148GGr,灰色 品牌11 14英寸 笔记本电脑（8吉字节内存）,笔记本电脑,品牌11,14英寸,8吉字节内存,灰色,16*1*1,16
LaSu148GSi,银色 品牌11 14英寸 笔记本电脑（8吉字节内存）,笔记本电脑,品牌11,14英寸,8吉字节内存,银色,16*1*1,16
LaSu1416Bl,黑色 品牌11 14英寸 笔记本电脑（16吉字节内存）,笔记本电脑,品牌11,14英寸,16吉字节内存,黑色,16*1*1,16
LaSu1416Wh,白色 品牌11 14英寸 笔记本电脑（16吉字节内存）,笔记本电脑,品牌11,14英寸,16吉字节内存,白色,16*1*1,16
LaSu1416Gr,灰色 品牌11 14英寸 笔记本电脑（16吉字节内存）,笔记本电脑,品牌11,14英寸,16吉字节内存,灰色,16*1*1,16
LaSu1416Si,银色 品牌11 14英寸 笔记本电脑（16吉字节内存）,笔记本电脑,品牌11,14英寸,16吉字节内存,银色,16*1*1,16
LaSu1432Bl,黑色 品牌11 14英寸 笔记本电脑（32吉字节内存）,笔记本电脑,品牌11,14英寸,32吉字节内存,黑色,16*1*1,16
LaSu1432Wh,白色 品牌11 14英寸 笔记本电脑（32吉字节内存）,笔记本电脑,品牌11,14英寸,32吉字节内存,白色,16*1*1,16
LaSu1432Gr,灰色 品牌11 14英寸 笔记本电脑（32吉字节内存）,笔记本电脑,品牌11,14英寸,32吉字节内存,灰色,16*1*1,16
LaSu1432Si,银色 品牌11 14英寸 笔记本电脑（32吉字节内存）,笔记本电脑,品牌11,14英寸,32吉字节内存,银色,16*1*1,16
LaSu14i5Bl,黑色 品牌11 14英寸 笔记本电脑（第5代处理器）,笔记本电脑,品牌11,14英寸,第5代处理器,黑色,16*1*1,16
LaSu14i5Wh,白色 品牌11 14英寸 笔记本电脑（第5代处理器）,笔记本电脑,品牌11,14英寸,第5代处理器,白色,16*1*1,16
LaSu14i5Gr,灰色 品牌11 14英寸 笔记本电脑（第5代处理器）,笔记本电脑,品牌11,14英寸,第5代处理器,灰色,16*1*1,16
LaSu14i5Si,银色 品牌11 14英寸 笔记本电脑（第5代处理器）,笔记本电脑,品牌11,14英寸,第5代处理器,银色,16*1*1,16
LaSu14i7Bl,黑色 品牌11 14英寸 笔记本电脑（第7代处理器）,笔记本电脑,品牌11,14英寸,第7代处理器,黑色,16*1*1,16
LaSu14i7Wh,白色 品牌11 14英寸 笔记本电脑（第7代处理器）,笔记本电脑,品牌11,14英寸,第7代处理器,白色,16*1*1,16
LaSu14i7Gr,灰色 品牌11 14英寸 笔记本电脑（第7代处理器）,笔记本电脑,品牌11,14英寸,第7代处理器,灰色,16*1*1,16
LaSu14i7Si,银色 品牌11 14英寸 笔记本电脑（第7代处理器）,笔记本电脑,品牌11,14英寸,第7代处理器,银色,16*1*1,16
LaSu158GBl,黑色 品牌11 15英寸 笔记本电脑（8吉字节内存）,笔记本电脑,品牌11,15英寸,8吉字节内存,黑色,16*1*1,16
LaSu158GWh,白色 品牌11 15英寸 笔记本电脑（8吉字节内存）,笔记本电脑,品牌11,15英寸,8吉字节内存,白色,16*1*1,16
LaSu158GGr,灰色 品牌11 15英寸 笔记本电脑（8吉字节内存）,笔记本电脑,品牌11,15英寸,8吉字节内存,灰色,16*1*1,16
LaSu158GSi,银色 品牌11 15英寸 笔记本电脑（8吉字节内存）,笔记本电脑,品牌11,15英寸,8吉字节内存,银色,16*1*1,16
LaSu1516Bl,黑色 品牌11 15英寸 笔记本电脑（16吉字节内存）,笔记本电脑,品牌11,15英寸,16吉字节内存,黑色,16*1*1,16
LaSu1516Wh,白色 品牌11 15英寸 笔记本电脑（16吉字节内存）,笔记本电脑,品牌11,15英寸,16吉字节内存,白色,16*1*1,16
LaSu1516Gr,灰色 品牌11 15英寸 笔记本电脑（16吉字节内存）,笔记本电脑,品牌11,15英寸,16吉字节内存,灰色,16*1*1,16
LaSu1516Si,银色 品牌11 15英寸 笔记本电脑（16吉字节内存）,笔记本电脑,品牌11,15英寸,16吉字节内存,银色,16*1*1,16
LaSu1532Bl,黑色 品牌11 15英寸 笔记本电脑（32吉字节内存）,笔记本电脑,品牌11,15英寸,32吉字节内存,黑色,16*1*1,16
LaSu1532Wh,白色 品牌11 15英寸 笔记本电脑（32吉字节内存）,笔记本电脑,品牌11,15英寸,32吉字节内存,白色,16*1*1,16
LaSu1532Gr,灰色 品牌11 15英寸 笔记本电脑（32吉字节内存）,笔记本电脑,品牌11,15英寸,32吉字节内存,灰色,16*1*1,16
LaSu1532Si,银色 品牌11 15英寸 笔记本电脑（32吉字节内存）,笔记本电脑,品牌11,15英寸,32吉字节内存,银色,16*1*1,16
LaSu15i5Bl,黑色 品牌11 15英寸 笔记本电脑（第5代处理器）,笔记本电脑,品牌11,15英寸,第5代处理器,黑色,16*1*1,16
LaSu15i5Wh,白色 品牌11 15英寸 笔记本电脑（第5代处理器）,笔记本电脑,品牌11,15英寸,第5代处理器,白色,16*1*1,16
LaSu15i5Gr,灰色 品牌11 15英寸 笔记本电脑（第5代处理器）,笔记本电脑,品牌11,15英寸,第5代处理器,灰色,16*1*1,16
LaSu15i5Si,银色 品牌11 15英寸 笔记本电脑（第5代处理器）,笔记本电脑,品牌11,15英寸,第5代处理器,银色,16*1*1,16
LaSu15i7Bl,黑色 品牌11 15英寸 笔记本电脑（第7代处理器）,笔记本电脑,品牌11,15英寸,第7代处理器,黑色,16*1*1,16
LaSu15i7Wh,白色 品牌11 15英寸 笔记本电脑（第7代处理器）,笔记本电脑,品牌11,15英寸,第7代处理器,白色,16*1*1,16
LaSu15i7Gr,灰色 品牌11 15英寸 笔记本电脑（第7代处理器）,笔记本电脑,品牌11,15英寸,第7代处理器,灰色,16*1*1,16
LaSu15i7Si,银色 品牌11 15英寸 笔记本电脑（第7代处理器）,笔记本电脑,品牌11,15英寸,第7代处理器,银色,16*1*1,16
LaSu178GBl,黑色 品牌11 17英寸 笔记本电脑（8吉字节内存）,笔记本电脑,品牌11,17英寸,8吉字节内存,黑色,16*1*1,16
LaSu178GWh,白色 品牌11 17英寸 笔记本电脑（8吉字节内存）,笔记本电脑,品牌11,17英寸,8吉字节内存,白色,16*1*1,16
LaSu178GGr,灰色 品牌11 17英寸 笔记本电脑（8吉字节内存）,笔记本电脑,品牌11,17英寸,8吉字节内存,灰色,16*1*1,16
LaSu178GSi,银色 品牌11 17英寸 笔记本电脑（8吉字节内存）,笔记本电脑,品牌11,17英寸,8吉字节内存,银色,16*1*1,16
LaSu1716Bl,黑色 品牌11 17英寸 笔记本电脑（16吉字节内存）,笔记本电脑,品牌11,17英寸,16吉字节内存,黑色,16*1*1,16
LaSu1716Wh,白色 品牌11 17英寸 笔记本电脑（16吉字节内存）,笔记本电脑,品牌11,17英寸,16吉字节内存,白色,16*1*1,16
LaSu1716Gr,灰色 品牌11 17英寸 笔记本电脑（16吉字节内存）,笔记本电脑,品牌11,17英寸,16吉字节内存,灰色,16*1*1,16
LaSu1716Si,银色 品牌11 17英寸 笔记本电脑（16吉字节内存）,笔记本电脑,品牌11,17英寸,16吉字节内存,银色,16*1*1,16
LaSu1732Bl,黑色 品牌11 17英寸 笔记本电脑（32吉字节内存）,笔记本电脑,品牌11,17英寸,32吉字节内存,黑色,16*1*1,16
LaSu1732Wh,白色 品牌11 17英寸 笔记本电脑（32吉字节内存）,笔记本电脑,品牌11,17英寸,32吉字节内存,白色,16*1*1,16
LaSu1732Gr,灰色 品牌11 17英寸 笔记本电脑（32吉字节内存）,笔记本电脑,品牌11,17英寸,32吉字节内存,灰色,16*1*1,16
LaSu1732Si,银色 品牌11 17英寸 笔记本电脑（32吉字节内存）,笔记本电脑,品牌11,17英寸,32吉字节内存,银色,16*1*1,16
LaSu17i5Bl,黑色 品牌11 17英寸 笔记本电脑（第5代处理器）,笔记本电脑,品牌11,17英寸,第5代处理器,黑色,16*1*1,16
LaSu17i5Wh,白色 品牌11 17英寸 笔记本电脑（第5代处理器）,笔记本电脑,品牌11,17英寸,第5代处理器,白色,16*1*1,16
LaSu17i5Gr,灰色 品牌11 17英寸 笔记本电脑（第5代处理器）,笔记本电脑,品牌11,17英寸,第5代处理器,灰色,16*1*1,16
LaSu17i5Si,银色 品牌11 17英寸 笔记本电脑（第5代处理器）,笔记本电脑,品牌11,17英寸,第5代处理器,银色,16*1*1,16
LaSu17i7Bl,黑色 品牌11 17英寸 笔记本电脑（第7代处理器）,笔记本电脑,品牌11,17英寸,第7代处理器,黑色,16*1*1,16
LaSu17i7Wh,白色 品牌11 17英寸 笔记本电脑（第7代处理器）,笔记本电脑,品牌11,17英寸,第7代处理器,白色,16*1*1,16
LaSu17i7Gr,灰色 品牌11 17英寸 笔记本电脑（第7代处理器）,笔记本电脑,品牌11,17英寸,第7代处理器,灰色,16*1*1,16
LaSu17i7Si,银色 品牌11 17英寸 笔记本电脑（第7代处理器）,笔记本电脑,品牌11,17英寸,第7代处理器,银色,16*1*1,16
LaOv148GBl,黑色 品牌13 14英寸 笔记本电脑（8吉字节内存）,笔记本电脑,品牌13,14英寸,8吉字节内存,黑色,16*1*1,16
LaOv148GWh,白色 品牌13 14英寸 笔记本电脑（8吉字节内存）,笔记本电脑,品牌13,14英寸,8吉字节内存,白色,16*1*1,16
LaOv148GGr,灰色 品牌13 14英寸 笔记本电脑（8吉字节内存）,笔记本电脑,品牌13,14英寸,8吉字节内存,灰色,16*1*1,16
LaOv148GSi,银色 品牌13 14英寸 笔记本电脑（8吉字节内存）,笔记本电脑,品牌13,14英寸,8吉字节内存,银色,16*1*1,16
LaOv1416Bl,黑色 品牌13 14英寸 笔记本电脑（16吉字节内存）,笔记本电脑,品牌13,14英寸,16吉字节内存,黑色,16*1*1,16
LaOv1416Wh,白色 品牌13 14英寸 笔记本电脑（16吉字节内存）,笔记本电脑,品牌13,14英寸,16吉字节内存,白色,16*1*1,16
LaOv1416Gr,灰色 品牌13 14英寸 笔记本电脑（16吉字节内存）,笔记本电脑,品牌13,14英寸,16吉字节内存,灰色,16*1*1,16
LaOv1416Si,银色 品牌13 14英寸 笔记本电脑（16吉字节内存）,笔记本电脑,品牌13,14英寸,16吉字节内存,银色,16*1*1,16
LaOv1432Bl,黑色 品牌13 14英寸 笔记本电脑（32吉字节内存）,笔记本电脑,品牌13,14英寸,32吉字节内存,黑色,16*1*1,16
LaOv1432Wh,白色 品牌13 14英寸 笔记本电脑（32吉字节内存）,笔记本电脑,品牌13,14英寸,32吉字节内存,白色,16*1*1,16
LaOv1432Gr,灰色 品牌13 14英寸 笔记本电脑（32吉字节内存）,笔记本电脑,品牌13,14英寸,32吉字节内存,灰色,16*1*1,16
LaOv1432Si,银色 品牌13 14英寸 笔记本电脑（32吉字节内存）,笔记本电脑,品牌13,14英寸,32吉字节内存,银色,16*1*1,16
LaOv14i5Bl,黑色 品牌13 14英寸 笔记本电脑（第5代处理器）,笔记本电脑,品牌13,14英寸,第5代处理器,黑色,16*1*1,16
LaOv14i5Wh,白色 品牌13 14英寸 笔记本电脑（第5代处理器）,笔记本电脑,品牌13,14英寸,第5代处理器,白色,16*1*1,16
LaOv14i5Gr,灰色 品牌13 14英寸 笔记本电脑（第5代处理器）,笔记本电脑,品牌13,14英寸,第5代处理器,灰色,16*1*1,16
LaOv14i5Si,银色 品牌13 14英寸 笔记本电脑（第5代处理器）,笔记本电脑,品牌13,14英寸,第5代处理器,银色,16*1*1,16
LaOv14i7Bl,黑色 品牌13 14英寸 笔记本电脑（第7代处理器）,笔记本电脑,品牌13,14英寸,第7代处理器,黑色,16*1*1,16
LaOv14i7Wh,白色 品牌13 14英寸 笔记本电脑（第7代处理器）,笔记本电脑,品牌13,14英寸,第7代处理器,白色,16*1*1,16
LaOv14i7Gr,灰色 品牌13 14英寸 笔记本电脑（第7代处理器）,笔记本电脑,品牌13,14英寸,第7代处理器,灰色,16*1*1,16
LaOv14i7Si,银色 品牌13 14英寸 笔记本电脑（第7代处理器）,笔记本电脑,品牌13,14英寸,第7代处理器,银色,16*1*1,16
LaOv158GBl,黑色 品牌13 15英寸 笔记本电脑（8吉字节内存）,笔记本电脑,品牌13,15英寸,8吉字节内存,黑色,16*1*1,16
LaOv158GWh,白色 品牌13 15英寸 笔记本电脑（8吉字节内存）,笔记本电脑,品牌13,15英寸,8吉字节内存,白色,16*1*1,16
LaOv158GGr,灰色 品牌13 15英寸 笔记本电脑（8吉字节内存）,笔记本电脑,品牌13,15英寸,8吉字节内存,灰色,16*1*1,16
LaOv158GSi,银色 品牌13 15英寸 笔记本电脑（8吉字节内存）,笔记本电脑,品牌13,15英寸,8吉字节内存,银色,16*1*1,16
LaOv1516Bl,黑色 品牌13 15英寸 笔记本电脑（16吉字节内存）,笔记本电脑,品牌13,15英寸,16吉字节内存,黑色,16*1*1,16
LaOv1516Wh,白色 品牌13 15英寸 笔记本电脑（16吉字节内存）,笔记本电脑,品牌13,15英寸,16吉字节内存,白色,16*1*1,16
LaOv1516Gr,灰色 品牌13 15英寸 笔记本电脑（16吉字节内存）,笔记本电脑,品牌13,15英寸,16吉字节内存,灰色,16*1*1,16
LaOv1516Si,银色 品牌13 15英寸 笔记本电脑（16吉字节内存）,笔记本电脑,品牌13,15英寸,16吉字节内存,银色,16*1*1,16
LaOv1532Bl,黑色 品牌13 15英寸 笔记本电脑（32吉字节内存）,笔记本电脑,品牌13,15英寸,32吉字节内存,黑色,16*1*1,16
LaOv1532Wh,白色 品牌13 15英寸 笔记本电脑（32吉字节内存）,笔记本电脑,品牌13,15英寸,32吉字节内存,白色,16*1*1,16
LaOv1532Gr,灰色 品牌13 15英寸 笔记本电脑（32吉字节内存）,笔记本电脑,品牌13,15英寸,32吉字节内存,灰色,16*1*1,16
LaOv1532Si,银色 品牌13 15英寸 笔记本电脑（32吉字节内存）,笔记本电脑,品牌13,15英寸,32吉字节内存,银色,16*1*1,16
LaOv15i5Bl,黑色 品牌13 15英寸 笔记本电脑（第5代处理器）,笔记本电脑,品牌13,15英寸,第5代处理器,黑色,16*1*1,16
LaOv15i5Wh,白色 品牌13 15英寸 笔记本电脑（第5代处理器）,笔记本电脑,品牌13,15英寸,第5代处理器,白色,16*1*1,16
LaOv15i5Gr,灰色 品牌13 15英寸 笔记本电脑（第5代处理器）,笔记本电脑,品牌13,15英寸,第5代处理器,灰色,16*1*1,16
LaOv15i5Si,银色 品牌13 15英寸 笔记本电脑（第5代处理器）,笔记本电脑,品牌13,15英寸,第5代处理器,银色,16*1*1,16
LaOv15i7Bl,黑色 品牌13 15英寸 笔记本电脑（第7代处理器）,笔记本电脑,品牌13,15英寸,第7代处理器,黑色,16*1*1,16
LaOv15i7Wh,白色 品牌13 15英寸 笔记本电脑（第7代处理器）,笔记本电脑,品牌13,15英寸,第7代处理器,白色,16*1*1,16
LaOv15i7Gr,灰色 品牌13 15英寸 笔记本电脑（第7代处理器）,笔记本电脑,品牌13,15英寸,第7代处理器,灰色,16*1*1,16
LaOv15i7Si,银色 品牌13 15英寸 笔记本电脑（第7代处理器）,笔记本电脑,品牌13,15英寸,第7代处理器,银色,16*1*1,16
LaOv178GBl,黑色 品牌13 17英寸 笔记本电脑（8吉字节内存）,笔记本电脑,品牌13,17英寸,8吉字节内存,黑色,16*1*1,16
LaOv178GWh,白色 品牌13 17英寸 笔记本电脑（8吉字节内存）,笔记本电脑,品牌13,17英寸,8吉字节内存,白色,16*1*1,16
LaOv178GGr,灰色 品牌13 17英寸 笔记本电脑（8吉字节内存）,笔记本电脑,品牌13,17英寸,8吉字节内存,灰色,16*1*1,16
LaOv178GSi,银色 品牌13 17英寸 笔记本电脑（8吉字节内存）,笔记本电脑,品牌13,17英寸,8吉字节内存,银色,16*1*1,16
LaOv1716Bl,黑色 品牌13 17英寸 笔记本电脑（16吉字节内存）,笔记本电脑,品牌13,17英寸,16吉字节内存,黑色,16*1*1,16
LaOv1716Wh,白色 品牌13 17英寸 笔记本电脑（16吉字节内存）,笔记本电脑,品牌13,17英寸,16吉字节内存,白色,16*1*1,16
LaOv1716Gr,灰色 品牌13 17英寸 笔记本电脑（16吉字节内存）,笔记本电脑,品牌13,17英寸,16吉字节内存,灰色,16*1*1,16
LaOv1716Si,银色 品牌13 17英寸 笔记本电脑（16吉字节内存）,笔记本电脑,品牌13,17英寸,16吉字节内存,银色,16*1*1,16
LaOv1732Bl,黑色 品牌13 17英寸 笔记本电脑（32吉字节内存）,笔记本电脑,品牌13,17英寸,32吉字节内存,黑色,16*1*1,16
LaOv1732Wh,白色 品牌13 17英寸 笔记本电脑（32吉字节内存）,笔记本电脑,品牌13,17英寸,32吉字节内存,白色,16*1*1,16
LaOv1732Gr,灰色 品牌13 17英寸 笔记本电脑（32吉字节内存）,笔记本电脑,品牌13,17英寸,32吉字节内存,灰色,16*1*1,16
LaOv1732Si,银色 品牌13 17英寸 笔记本电脑（32吉字节内存）,笔记本电脑,品牌13,17英寸,32吉字节内存,银色,16*1*1,16
LaOv17i5Bl,黑色 品牌13 17英寸 笔记本电脑（第5代处理器）,笔记本电脑,品牌13,17英寸,第5代处理器,黑色,16*1*1,16
LaOv17i5Wh,白色 品牌13 17英寸 笔记本电脑（第5代处理器）,笔记本电脑,品牌13,17英寸,第5代处理器,白色,16*1*1,16
LaOv17i5Gr,灰色 品牌13 17英寸 笔记本电脑（第5代处理器）,笔记本电脑,品牌13,17英寸,第5代处理器,灰色,16*1*1,16
LaOv17i5Si,银色 品牌13 17英寸 笔记本电脑（第5代处理器）,笔记本电脑,品牌13,17英寸,第5代处理器,银色,16*1*1,16
LaOv17i7Bl,黑色 品牌13 17英寸 笔记本电脑（第7代处理器）,笔记本电脑,品牌13,17英寸,第7代处理器,黑色,16*1*1,16
LaOv17i7Wh,白色 品牌13 17英寸 笔记本电脑（第7代处理器）,笔记本电脑,品牌13,17英寸,第7代处理器,白色,16*1*1,16
LaOv17i7Gr,灰色 品牌13 17英寸 笔记本电脑（第7代处理器）,笔记本电脑,品牌13,17英寸,第7代处理器,灰色,16*1*1,16
LaOv17i7Si,银色 品牌13 17英寸 笔记本电脑（第7代处理器）,笔记本电脑,品牌13,17英寸,第7代处理器,银色,16*1*1,16
LaRe148GBl,黑色 品牌14 14英寸 笔记本电脑（8吉字节内存）,笔记本电脑,品牌14,14英寸,8吉字节内存,黑色,16*1*1,16
LaRe148GWh,白色 品牌14 14英寸 笔记本电脑（8吉字节内存）,笔记本电脑,品牌14,14英寸,8吉字节内存,白色,16*1*1,16
LaRe148GGr,灰色 品牌14 14英寸 笔记本电脑（8吉字节内存）,笔记本电脑,品牌14,14英寸,8吉字节内存,灰色,16*1*1,16
LaRe148GSi,银色 品牌14 14英寸 笔记本电脑（8吉字节内存）,笔记本电脑,品牌14,14英寸,8吉字节内存,银色,16*1*1,16
LaRe1416Bl,黑色 品牌14 14英寸 笔记本电脑（16吉字节内存）,笔记本电脑,品牌14,14英寸,16吉字节内存,黑色,16*1*1,16
LaRe1416Wh,白色 品牌14 14英寸 笔记本电脑（16吉字节内存）,笔记本电脑,品牌14,14英寸,16吉字节内存,白色,16*1*1,16
LaRe1416Gr,灰色 品牌14 14英寸 笔记本电脑（16吉字节内存）,笔记本电脑,品牌14,14英寸,16吉字节内存,灰色,16*1*1,16
LaRe1416Si,银色 品牌14 14英寸 笔记本电脑（16吉字节内存）,笔记本电脑,品牌14,14英寸,16吉字节内存,银色,16*1*1,16
LaRe1432Bl,黑色 品牌14 14英寸 笔记本电脑（32吉字节内存）,笔记本电脑,品牌14,14英寸,32吉字节内存,黑色,16*1*1,16
LaRe1432Wh,白色 品牌14 14英寸 笔记本电脑（32吉字节内存）,笔记本电脑,品牌14,14英寸,32吉字节内存,白色,16*1*1,16
LaRe1432Gr,灰色 品牌14 14英寸 笔记本电脑（32吉字节内存）,笔记本电脑,品牌14,14英寸,32吉字节内存,灰色,16*1*1,16
LaRe1432Si,银色 品牌14 14英寸 笔记本电脑（32吉字节内存）,笔记本电脑,品牌14,14英寸,32吉字节内存,银色,16*1*1,16
LaRe14i5Bl,黑色 品牌14 14英寸 笔记本电脑（第5代处理器）,笔记本电脑,品牌14,14英寸,第5代处理器,黑色,16*1*1,16
LaRe14i5Wh,白色 品牌14 14英寸 笔记本电脑（第5代处理器）,笔记本电脑,品牌14,14英寸,第5代处理器,白色,16*1*1,16
LaRe14i5Gr,灰色 品牌14 14英寸 笔记本电脑（第5代处理器）,笔记本电脑,品牌14,14英寸,第5代处理器,灰色,16*1*1,16
LaRe14i5Si,银色 品牌14 14英寸 笔记本电脑（第5代处理器）,笔记本电脑,品牌14,14英寸,第5代处理器,银色,16*1*1,16
LaRe14i7Bl,黑色 品牌14 14英寸 笔记本电脑（第7代处理器）,笔记本电脑,品牌14,14英寸,第7代处理器,黑色,16*1*1,16
LaRe14i7Wh,白色 品牌14 14英寸 笔记本电脑（第7代处理器）,笔记本电脑,品牌14,14英寸,第7代处理器,白色,16*1*1,16
LaRe14i7Gr,灰色 品牌14 14英寸 笔记本电脑（第7代处理器）,笔记本电脑,品牌14,14英寸,第7代处理器,灰色,16*1*1,16
LaRe14i7Si,银色 品牌14 14英寸 笔记本电脑（第7代处理器）,笔记本电脑,品牌14,14英寸,第7代处理器,银色,16*1*1,16
LaRe158GBl,黑色 品牌14 15英寸 笔记本电脑（8吉字节内存）,笔记本电脑,品牌14,15英寸,8吉字节内存,黑色,16*1*1,16
LaRe158GWh,白色 品牌14 15英寸 笔记本电脑（8吉字节内存）,笔记本电脑,品牌14,15英寸,8吉字节内存,白色,16*1*1,16
LaRe158GGr,灰色 品牌14 15英寸 笔记本电脑（8吉字节内存）,笔记本电脑,品牌14,15英寸,8吉字节内存,灰色,16*1*1,16
LaRe158GSi,银色 品牌14 15英寸 笔记本电脑（8吉字节内存）,笔记本电脑,品牌14,15英寸,8吉字节内存,银色,16*1*1,16
LaRe1516Bl,黑色 品牌14 15英寸 笔记本电脑（16吉字节内存）,笔记本电脑,品牌14,15英寸,16吉字节内存,黑色,16*1*1,16
LaRe1516Wh,白色 品牌14 15英寸 笔记本电脑（16吉字节内存）,笔记本电脑,品牌14,15英寸,16吉字节内存,白色,16*1*1,16
LaRe1516Gr,灰色 品牌14 15英寸 笔记本电脑（16吉字节内存）,笔记本电脑,品牌14,15英寸,16吉字节内存,灰色,16*1*1,16
LaRe1516Si,银色 品牌14 15英寸 笔记本电脑（16吉字节内存）,笔记本电脑,品牌14,15英寸,16吉字节内存,银色,16*1*1,16
LaRe1532Bl,黑色 品牌14 15英寸 笔记本电脑（32吉字节内存）,笔记本电脑,品牌14,15英寸,32吉字节内存,黑色,16*1*1,16
LaRe1532Wh,白色 品牌14 15英寸 笔记本电脑（32吉字节内存）,笔记本电脑,品牌14,15英寸,32吉字节内存,白色,16*1*1,16
LaRe1532Gr,灰色 品牌14 15英寸 笔记本电脑（32吉字节内存）,笔记本电脑,品牌14,15英寸,32吉字节内存,灰色,16*1*1,16
LaRe1532Si,银色 品牌14 15英寸 笔记本电脑（32吉字节内存）,笔记本电脑,品牌14,15英寸,32吉字节内存,银色,16*1*1,16
LaRe15i5Bl,黑色 品牌14 15英寸 笔记本电脑（第5代处理器）,笔记本电脑,品牌14,15英寸,第5代处理器,黑色,16*1*1,16
LaRe15i5Wh,白色 品牌14 15英寸 笔记本电脑（第5代处理器）,笔记本电脑,品牌14,15英寸,第5代处理器,白色,16*1*1,16
LaRe15i5Gr,灰色 品牌14 15英寸 笔记本电脑（第5代处理器）,笔记本电脑,品牌14,15英寸,第5代处理器,灰色,16*1*1,16
LaRe15i5Si,银色 品牌14 15英寸 笔记本电脑（第5代处理器）,笔记本电脑,品牌14,15英寸,第5代处理器,银色,16*1*1,16
LaRe15i7Bl,黑色 品牌14 15英寸 笔记本电脑（第7代处理器）,笔记本电脑,品牌14,15英寸,第7代处理器,黑色,16*1*1,16
LaRe15i7Wh,白色 品牌14 15英寸 笔记本电脑（第7代处理器）,笔记本电脑,品牌14,15英寸,第7代处理器,白色,16*1*1,16
LaRe15i7Gr,灰色 品牌14 15英寸 笔记本电脑（第7代处理器）,笔记本电脑,品牌14,15英寸,第7代处理器,灰色,16*1*1,16
LaRe15i7Si,银色 品牌14 15英寸 笔记本电脑（第7代处理器）,笔记本电脑,品牌14,15英寸,第7代处理器,银色,16*1*1,16
LaRe178GBl,黑色 品牌14 17英寸 笔记本电脑（8吉字节内存）,笔记本电脑,品牌14,17英寸,8吉字节内存,黑色,16*1*1,16
LaRe178GWh,白色 品牌14 17英寸 笔记本电脑（8吉字节内存）,笔记本电脑,品牌14,17英寸,8吉字节内存,白色,16*1*1,16
LaRe178GGr,灰色 品牌14 17英寸 笔记本电脑（8吉字节内存）,笔记本电脑,品牌14,17英寸,8吉字节内存,灰色,16*1*1,16
LaRe178GSi,银色 品牌14 17英寸 笔记本电脑（8吉字节内存）,笔记本电脑,品牌14,17英寸,8吉字节内存,银色,16*1*1,16
LaRe1716Bl,黑色 品牌14 17英寸 笔记本电脑（16吉字节内存）,笔记本电脑,品牌14,17英寸,16吉字节内存,黑色,16*1*1,16
LaRe1716Wh,白色 品牌14 17英寸 笔记本电脑（16吉字节内存）,笔记本电脑,品牌14,17英寸,16吉字节内存,白色,16*1*1,16
LaRe1716Gr,灰色 品牌14 17英寸 笔记本电脑（16吉字节内存）,笔记本电脑,品牌14,17英寸,16吉字节内存,灰色,16*1*1,16
LaRe1716Si,银色 品牌14 17英寸 笔记本电脑（16吉字节内存）,笔记本电脑,品牌14,17英寸,16吉字节内存,银色,16*1*1,16
LaRe1732Bl,黑色 品牌14 17英寸 笔记本电脑（32吉字节内存）,笔记本电脑,品牌14,17英寸,32吉字节内存,黑色,16*1*1,16
LaRe1732Wh,白色 品牌14 17英寸 笔记本电脑（32吉字节内存）,笔记本电脑,品牌14,17英寸,32吉字节内存,白色,16*1*1,16
LaRe1732Gr,灰色 品牌14 17英寸 笔记本电脑（32吉字节内存）,笔记本电脑,品牌14,17英寸,32吉字节内存,灰色,16*1*1,16
LaRe1732Si,银色 品牌14 17英寸 笔记本电脑（32吉字节内存）,笔记本电脑,品牌14,17英寸,32吉字节内存,银色,16*1*1,16
LaRe17i5Bl,黑色 品牌14 17英寸 笔记本电脑（第5代处理器）,笔记本电脑,品牌14,17英寸,第5代处理器,黑色,16*1*1,16
LaRe17i5Wh,白色 品牌14 17英寸 笔记本电脑（第5代处理器）,笔记本电脑,品牌14,17英寸,第5代处理器,白色,16*1*1,16
LaRe17i5Gr,灰色 品牌14 17英寸 笔记本电脑（第5代处理器）,笔记本电脑,品牌14,17英寸,第5代处理器,灰色,16*1*1,16
LaRe17i5Si,银色 品牌14 17英寸 笔记本电脑（第5代处理器）,笔记本电脑,品牌14,17英寸,第5代处理器,银色,16*1*1,16
LaRe17i7Bl,黑色 品牌14 17英寸 笔记本电脑（第7代处理器）,笔记本电脑,品牌14,17英寸,第7代处理器,黑色,16*1*1,16
LaRe17i7Wh,白色 品牌14 17英寸 笔记本电脑（第7代处理器）,笔记本电脑,品牌14,17英寸,第7代处理器,白色,16*1*1,16
LaRe17i7Gr,灰色 品牌14 17英寸 笔记本电脑（第7代处理器）,笔记本电脑,品牌14,17英寸,第7代处理器,灰色,16*1*1,16
LaRe17i7Si,银色 品牌14 17英寸 笔记本电脑（第7代处理器）,笔记本电脑,品牌14,17英寸,第7代处理器,银色,16*1*1,16
LaYn148GBl,黑色 品牌15 14英寸 笔记本电脑（8吉字节内存）,笔记本电脑,品牌15,14英寸,8吉字节内存,黑色,16*1*1,16
LaYn148GWh,白色 品牌15 14英寸 笔记本电脑（8吉字节内存）,笔记本电脑,品牌15,14英寸,8吉字节内存,白色,16*1*1,16
LaYn148GGr,灰色 品牌15 14英寸 笔记本电脑（8吉字节内存）,笔记本电脑,品牌15,14英寸,8吉字节内存,灰色,16*1*1,16
LaYn148GSi,银色 品牌15 14英寸 笔记本电脑（8吉字节内存）,笔记本电脑,品牌15,14英寸,8吉字节内存,银色,16*1*1,16
LaYn1416Bl,黑色 品牌15 14英寸 笔记本电脑（16吉字节内存）,笔记本电脑,品牌15,14英寸,16吉字节内存,黑色,16*1*1,16
LaYn1416Wh,白色 品牌15 14英寸 笔记本电脑（16吉字节内存）,笔记本电脑,品牌15,14英寸,16吉字节内存,白色,16*1*1,16
LaYn1416Gr,灰色 品牌15 14英寸 笔记本电脑（16吉字节内存）,笔记本电脑,品牌15,14英寸,16吉字节内存,灰色,16*1*1,16
LaYn1416Si,银色 品牌15 14英寸 笔记本电脑（16吉字节内存）,笔记本电脑,品牌15,14英寸,16吉字节内存,银色,16*1*1,16
LaYn1432Bl,黑色 品牌15 14英寸 笔记本电脑（32吉字节内存）,笔记本电脑,品牌15,14英寸,32吉字节内存,黑色,16*1*1,16
LaYn1432Wh,白色 品牌15 14英寸 笔记本电脑（32吉字节内存）,笔记本电脑,品牌15,14英寸,32吉字节内存,白色,16*1*1,16
LaYn1432Gr,灰色 品牌15 14英寸 笔记本电脑（32吉字节内存）,笔记本电脑,品牌15,14英寸,32吉字节内存,灰色,16*1*1,16
LaYn1432Si,银色 品牌15 14英寸 笔记本电脑（32吉字节内存）,笔记本电脑,品牌15,14英寸,32吉字节内存,银色,16*1*1,16
LaYn14i5Bl,黑色 品牌15 14英寸 笔记本电脑（第5代处理器）,笔记本电脑,品牌15,14英寸,第5代处理器,黑色,16*1*1,16
LaYn14i5Wh,白色 品牌15 14英寸 笔记本电脑（第5代处理器）,笔记本电脑,品牌15,14英寸,第5代处理器,白色,16*1*1,16
LaYn14i5Gr,灰色 品牌15 14英寸 笔记本电脑（第5代处理器）,笔记本电脑,品牌15,14英寸,第5代处理器,灰色,16*1*1,16
LaYn14i5Si,银色 品牌15 14英寸 笔记本电脑（第5代处理器）,笔记本电脑,品牌15,14英寸,第5代处理器,银色,16*1*1,16
LaYn14i7Bl,黑色 品牌15 14英寸 笔记本电脑（第7代处理器）,笔记本电脑,品牌15,14英寸,第7代处理器,黑色,16*1*1,16
LaYn14i7Wh,白色 品牌15 14英寸 笔记本电脑（第7代处理器）,笔记本电脑,品牌15,14英寸,第7代处理器,白色,16*1*1,16
LaYn14i7Gr,灰色 品牌15 14英寸 笔记本电脑（第7代处理器）,笔记本电脑,品牌15,14英寸,第7代处理器,灰色,16*1*1,16
LaYn14i7Si,银色 品牌15 14英寸 笔记本电脑（第7代处理器）,笔记本电脑,品牌15,14英寸,第7代处理器,银色,16*1*1,16
LaYn158GBl,黑色 品牌15 15英寸 笔记本电脑（8吉字节内存）,笔记本电脑,品牌15,15英寸,8吉字节内存,黑色,16*1*1,16
LaYn158GWh,白色 品牌15 15英寸 笔记本电脑（8吉字节内存）,笔记本电脑,品牌15,15英寸,8吉字节内存,白色,16*1*1,16
LaYn158GGr,灰色 品牌15 15英寸 笔记本电脑（8吉字节内存）,笔记本电脑,品牌15,15英寸,8吉字节内存,灰色,16*1*1,16
LaYn158GSi,银色 品牌15 15英寸 笔记本电脑（8吉字节内存）,笔记本电脑,品牌15,15英寸,8吉字节内存,银色,16*1*1,16
LaYn1516Bl,黑色 品牌15 15英寸 笔记本电脑（16吉字节内存）,笔记本电脑,品牌15,15英寸,16吉字节内存,黑色,16*1*1,16
LaYn1516Wh,白色 品牌15 15英寸 笔记本电脑（16吉字节内存）,笔记本电脑,品牌15,15英寸,16吉字节内存,白色,16*1*1,16
LaYn1516Gr,灰色 品牌15 15英寸 笔记本电脑（16吉字节内存）,笔记本电脑,品牌15,15英寸,16吉字节内存,灰色,16*1*1,16
LaYn1516Si,银色 品牌15 15英寸 笔记本电脑（16吉字节内存）,笔记本电脑,品牌15,15英寸,16吉字节内存,银色,16*1*1,16
LaYn1532Bl,黑色 品牌15 15英寸 笔记本电脑（32吉字节内存）,笔记本电脑,品牌15,15英寸,32吉字节内存,黑色,16*1*1,16
LaYn1532Wh,白色 品牌15 15英寸 笔记本电脑（32吉字节内存）,笔记本电脑,品牌15,15英寸,32吉字节内存,白色,16*1*1,16
LaYn1532Gr,灰色 品牌15 15英寸 笔记本电脑（32吉字节内存）,笔记本电脑,品牌15,15英寸,32吉字节内存,灰色,16*1*1,16
LaYn1532Si,银色 品牌15 15英寸 笔记本电脑（32吉字节内存）,笔记本电脑,品牌15,15英寸,32吉字节内存,银色,16*1*1,16
LaYn15i5Bl,黑色 品牌15 15英寸 笔记本电脑（第5代处理器）,笔记本电脑,品牌15,15英寸,第5代处理器,黑色,16*1*1,16
LaYn15i5Wh,白色 品牌15 15英寸 笔记本电脑（第5代处理器）,笔记本电脑,品牌15,15英寸,第5代处理器,白色,16*1*1,16
LaYn15i5Gr,灰色 品牌15 15英寸 笔记本电脑（第5代处理器）,笔记本电脑,品牌15,15英寸,第5代处理器,灰色,16*1*1,16
LaYn15i5Si,银色 品牌15 15英寸 笔记本电脑（第5代处理器）,笔记本电脑,品牌15,15英寸,第5代处理器,银色,16*1*1,16
LaYn15i7Bl,黑色 品牌15 15英寸 笔记本电脑（第7代处理器）,笔记本电脑,品牌15,15英寸,第7代处理器,黑色,16*1*1,16
LaYn15i7Wh,白色 品牌15 15英寸 笔记本电脑（第7代处理器）,笔记本电脑,品牌15,15英寸,第7代处理器,白色,16*1*1,16
LaYn15i7Gr,灰色 品牌15 15英寸 笔记本电脑（第7代处理器）,笔记本电脑,品牌15,15英寸,第7代处理器,灰色,16*1*1,16
LaYn15i7Si,银色 品牌15 15英寸 笔记本电脑（第7代处理器）,笔记本电脑,品牌15,15英寸,第7代处理器,银色,16*1*1,16
LaYn178GBl,黑色 品牌15 17英寸 笔记本电脑（8吉字节内存）,笔记本电脑,品牌15,17英寸,8吉字节内存,黑色,16*1*1,16
LaYn178GWh,白色 品牌15 17英寸 笔记本电脑（8吉字节内存）,笔记本电脑,品牌15,17英寸,8吉字节内存,白色,16*1*1,16
LaYn178GGr,灰色 品牌15 17英寸 笔记本电脑（8吉字节内存）,笔记本电脑,品牌15,17英寸,8吉字节内存,灰色,16*1*1,16
LaYn178GSi,银色 品牌15 17英寸 笔记本电脑（8吉字节内存）,笔记本电脑,品牌15,17英寸,8吉字节内存,银色,16*1*1,16
LaYn1716Bl,黑色 品牌15 17英寸 笔记本电脑（16吉字节内存）,笔记本电脑,品牌15,17英寸,16吉字节内存,黑色,16*1*1,16
LaYn1716Wh,白色 品牌15 17英寸 笔记本电脑（16吉字节内存）,笔记本电脑,品牌15,17英寸,16吉字节内存,白色,16*1*1,16
LaYn1716Gr,灰色 品牌15 17英寸 笔记本电脑（16吉字节内存）,笔记本电脑,品牌15,17英寸,16吉字节内存,灰色,16*1*1,16
LaYn1716Si,银色 品牌15 17英寸 笔记本电脑（16吉字节内存）,笔记本电脑,品牌15,17英寸,16吉字节内存,银色,16*1*1,16
LaYn1732Bl,黑色 品牌15 17英寸 笔记本电脑（32吉字节内存）,笔记本电脑,品牌15,17英寸,32吉字节内存,黑色,16*1*1,16
LaYn1732Wh,白色 品牌15 17英寸 笔记本电脑（32吉字节内存）,笔记本电脑,品牌15,17英寸,32吉字节内存,白色,16*1*1,16
LaYn1732Gr,灰色 品牌15 17英寸 笔记本电脑（32吉字节内存）,笔记本电脑,品牌15,17英寸,32吉字节内存,灰色,16*1*1,16
LaYn1732Si,银色 品牌15 17英寸 笔记本电脑（32吉字节内存）,笔记本电脑,品牌15,17英寸,32吉字节内存,银色,16*1*1,16
LaYn17i5Bl,黑色 品牌15 17英寸 笔记本电脑（第5代处理器）,笔记本电脑,品牌15,17英寸,第5代处理器,黑色,16*1*1,16
LaYn17i5Wh,白色 品牌15 17英寸 笔记本电脑（第5代处理器）,笔记本电脑,品牌15,17英寸,第5代处理器,白色,16*1*1,16
LaYn17i5Gr,灰色 品牌15 17英寸 笔记本电脑（第5代处理器）,笔记本电脑,品牌15,17英寸,第5代处理器,灰色,16*1*1,16
LaYn17i5Si,银色 品牌15 17英寸 笔记本电脑（第5代处理器）,笔记本电脑,品牌15,17英寸,第5代处理器,银色,16*1*1,16
LaYn17i7Bl,黑色 品牌15 17英寸 笔记本电脑（第7代处理器）,笔记本电脑,品牌15,17英寸,第7代处理器,黑色,16*1*1,16
LaYn17i7Wh,白色 品牌15 17英寸 笔记本电脑（第7代处理器）,笔记本电脑,品牌15,17英寸,第7代处理器,白色,16*1*1,16
LaYn17i7Gr,灰色 品牌15 17英寸 笔记本电脑（第7代处理器）,笔记本电脑,品牌15,17英寸,第7代处理器,灰色,16*1*1,16
LaYn17i7Si,银色 品牌15 17英寸 笔记本电脑（第7代处理器）,笔记本电脑,品牌15,17英寸,第7代处理器,银色,16*1*1,16
AlPH148GBl,黑色 品牌12 14英寸 一体机（8吉字节内存）,一体机,品牌12,14英寸,8吉字节内存,黑色,16*1*1,16
AlPH148GWh,白色 品牌12 14英寸 一体机（8吉字节内存）,一体机,品牌12,14英寸,8吉字节内存,白色,16*1*1,16
AlPH148GGr,灰色 品牌12 14英寸 一体机（8吉字节内存）,一体机,品牌12,14英寸,8吉字节内存,灰色,16*1*1,16
AlPH148GSi,银色 品牌12 14英寸 一体机（8吉字节内存）,一体机,品牌12,14英寸,8吉字节内存,银色,16*1*1,16
AlPH1416Bl,黑色 品牌12 14英寸 一体机（16吉字节内存）,一体机,品牌12,14英寸,16吉字节内存,黑色,16*1*1,16
AlPH1416Wh,白色 品牌12 14英寸 一体机（16吉字节内存）,一体机,品牌12,14英寸,16吉字节内存,白色,16*1*1,16
AlPH1416Gr,灰色 品牌12 14英寸 一体机（16吉字节内存）,一体机,品牌12,14英寸,16吉字节内存,灰色,16*1*1,16
AlPH1416Si,银色 品牌12 14英寸 一体机（16吉字节内存）,一体机,品牌12,14英寸,16吉字节内存,银色,16*1*1,16
AlPH1432Bl,黑色 品牌12 14英寸 一体机（32吉字节内存）,一体机,品牌12,14英寸,32吉字节内存,黑色,16*1*1,16
AlPH1432Wh,白色 品牌12 14英寸 一体机（32吉字节内存）,一体机,品牌12,14英寸,32吉字节内存,白色,16*1*1,16
AlPH1432Gr,灰色 品牌12 14英寸 一体机（32吉字节内存）,一体机,品牌12,14英寸,32吉字节内存,灰色,16*1*1,16
AlPH1432Si,银色 品牌12 14英寸 一体机（32吉字节内存）,一体机,品牌12,14英寸,32吉字节内存,银色,16*1*1,16
AlPH14i5Bl,黑色 品牌12 14英寸 一体机（第5代处理器）,一体机,品牌12,14英寸,第5代处理器,黑色,16*1*1,16
AlPH14i5Wh,白色 品牌12 14英寸 一体机（第5代处理器）,一体机,品牌12,14英寸,第5代处理器,白色,16*1*1,16
AlPH14i5Gr,灰色 品牌12 14英寸 一体机（第5代处理器）,一体机,品牌12,14英寸,第5代处理器,灰色,16*1*1,16
AlPH14i5Si,银色 品牌12 14英寸 一体机（第5代处理器）,一体机,品牌12,14英寸,第5代处理器,银色,16*1*1,16
AlPH14i7Bl,黑色 品牌12 14英寸 一体机（第7代处理器）,一体机,品牌12,14英寸,第7代处理器,黑色,16*1*1,16
AlPH14i7Wh,白色 品牌12 14英寸 一体机（第7代处理器）,一体机,品牌12,14英寸,第7代处理器,白色,16*1*1,16
AlPH14i7Gr,灰色 品牌12 14英寸 一体机（第7代处理器）,一体机,品牌12,14英寸,第7代处理器,灰色,16*1*1,16
AlPH14i7Si,银色 品牌12 14英寸 一体机（第7代处理器）,一体机,品牌12,14英寸,第7代处理器,银色,16*1*1,16
AlPH158GBl,黑色 品牌12 15英寸 一体机（8吉字节内存）,一体机,品牌12,15英寸,8吉字节内存,黑色,16*1*1,16
AlPH158GWh,白色 品牌12 15英寸 一体机（8吉字节内存）,一体机,品牌12,15英寸,8吉字节内存,白色,16*1*1,16
AlPH158GGr,灰色 品牌12 15英寸 一体机（8吉字节内存）,一体机,品牌12,15英寸,8吉字节内存,灰色,16*1*1,16
AlPH158GSi,银色 品牌12 15英寸 一体机（8吉字节内存）,一体机,品牌12,15英寸,8吉字节内存,银色,16*1*1,16
AlPH1516Bl,黑色 品牌12 15英寸 一体机（16吉字节内存）,一体机,品牌12,15英寸,16吉字节内存,黑色,16*1*1,16
AlPH1516Wh,白色 品牌12 15英寸 一体机（16吉字节内存）,一体机,品牌12,15英寸,16吉字节内存,白色,16*1*1,16
AlPH1516Gr,灰色 品牌12 15英寸 一体机（16吉字节内存）,一体机,品牌12,15英寸,16吉字节内存,灰色,16*1*1,16
AlPH1516Si,银色 品牌12 15英寸 一体机（16吉字节内存）,一体机,品牌12,15英寸,16吉字节内存,银色,16*1*1,16
AlPH1532Bl,黑色 品牌12 15英寸 一体机（32吉字节内存）,一体机,品牌12,15英寸,32吉字节内存,黑色,16*1*1,16
AlPH1532Wh,白色 品牌12 15英寸 一体机（32吉字节内存）,一体机,品牌12,15英寸,32吉字节内存,白色,16*1*1,16
AlPH1532Gr,灰色 品牌12 15英寸 一体机（32吉字节内存）,一体机,品牌12,15英寸,32吉字节内存,灰色,16*1*1,16
AlPH1532Si,银色 品牌12 15英寸 一体机（32吉字节内存）,一体机,品牌12,15英寸,32吉字节内存,银色,16*1*1,16
AlPH15i5Bl,黑色 品牌12 15英寸 一体机（第5代处理器）,一体机,品牌12,15英寸,第5代处理器,黑色,16*1*1,16
AlPH15i5Wh,白色 品牌12 15英寸 一体机（第5代处理器）,一体机,品牌12,15英寸,第5代处理器,白色,16*1*1,16
AlPH15i5Gr,灰色 品牌12 15英寸 一体机（第5代处理器）,一体机,品牌12,15英寸,第5代处理器,灰色,16*1*1,16
AlPH15i5Si,银色 品牌12 15英寸 一体机（第5代处理器）,一体机,品牌12,15英寸,第5代处理器,银色,16*1*1,16
AlPH15i7Bl,黑色 品牌12 15英寸 一体机（第7代处理器）,一体机,品牌12,15英寸,第7代处理器,黑色,16*1*1,16
AlPH15i7Wh,白色 品牌12 15英寸 一体机（第7代处理器）,一体机,品牌12,15英寸,第7代处理器,白色,16*1*1,16
AlPH15i7Gr,灰色 品牌12 15英寸 一体机（第7代处理器）,一体机,品牌12,15英寸,第7代处理器,灰色,16*1*1,16
AlPH15i7Si,银色 品牌12 15英寸 一体机（第7代处理器）,一体机,品牌12,15英寸,第7代处理器,银色,16*1*1,16
AlPH178GBl,黑色 品牌12 17英寸 一体机（8吉字节内存）,一体机,品牌12,17英寸,8吉字节内存,黑色,16*1*1,16
AlPH178GWh,白色 品牌12 17英寸 一体机（8吉字节内存）,一体机,品牌12,17英寸,8吉字节内存,白色,16*1*1,16
AlPH178GGr,灰色 品牌12 17英寸 一体机（8吉字节内存）,一体机,品牌12,17英寸,8吉字节内存,灰色,16*1*1,16
AlPH178GSi,银色 品牌12 17英寸 一体机（8吉字节内存）,一体机,品牌12,17英寸,8吉字节内存,银色,16*1*1,16
AlPH1716Bl,黑色 品牌12 17英寸 一体机（16吉字节内存）,一体机,品牌12,17英寸,16吉字节内存,黑色,16*1*1,16
AlPH1716Wh,白色 品牌12 17英寸 一体机（16吉字节内存）,一体机,品牌12,17英寸,16吉字节内存,白色,16*1*1,16
AlPH1716Gr,灰色 品牌12 17英寸 一体机（16吉字节内存）,一体机,品牌12,17英寸,16吉字节内存,灰色,16*1*1,16
AlPH1716Si,银色 品牌12 17英寸 一体机（16吉字节内存）,一体机,品牌12,17英寸,16吉字节内存,银色,16*1*1,16
AlPH1732Bl,黑色 品牌12 17英寸 一体机（32吉字节内存）,一体机,品牌12,17英寸,32吉字节内存,黑色,16*1*1,16
AlPH1732Wh,白色 品牌12 17英寸 一体机（32吉字节内存）,一体机,品牌12,17英寸,32吉字节内存,白色,16*1*1,16
AlPH1732Gr,灰色 品牌12 17英寸 一体机（32吉字节内存）,一体机,品牌12,17英寸,32吉字节内存,灰色,16*1*1,16
AlPH1732Si,银色 品牌12 17英寸 一体机（32吉字节内存）,一体机,品牌12,17英寸,32吉字节内存,银色,16*1*1,16
AlPH17i5Bl,黑色 品牌12 17英寸 一体机（第5代处理器）,一体机,品牌12,17英寸,第5代处理器,黑色,16*1*1,16
AlPH17i5Wh,白色 品牌12 17英寸 一体机（第5代处理器）,一体机,品牌12,17英寸,第5代处理器,白色,16*1*1,16
AlPH17i5Gr,灰色 品牌12 17英寸 一体机（第5代处理器）,一体机,品牌12,17英寸,第5代处理器,灰色,16*1*1,16
AlPH17i5Si,银色 品牌12 17英寸 一体机（第5代处理器）,一体机,品牌12,17英寸,第5代处理器,银色,16*1*1,16
AlPH17i7Bl,黑色 品牌12 17英寸 一体机（第7代处理器）,一体机,品牌12,17英寸,第7代处理器,黑色,16*1*1,16
AlPH17i7Wh,白色 品牌12 17英寸 一体机（第7代处理器）,一体机,品牌12,17英寸,第7代处理器,白色,16*1*1,16
AlPH17i7Gr,灰色 品牌12 17英寸 一体机（第7代处理器）,一体机,品牌12,17英寸,第7代处理器,灰色,16*1*1,16
AlPH17i7Si,银色 品牌12 17英寸 一体机（第7代处理器）,一体机,品牌12,17英寸,第7代处理器,银色,16*1*1,16
AlSu148GBl,黑色 品牌11 14英寸 一体机（8吉字节内存）,一体机,品牌11,14英寸,8吉字节内存,黑色,16*1*1,16
AlSu148GWh,白色 品牌11 14英寸 一体机（8吉字节内存）,一体机,品牌11,14英寸,8吉字节内存,白色,16*1*1,16
AlSu148GGr,灰色 品牌11 14英寸 一体机（8吉字节内存）,一体机,品牌11,14英寸,8吉字节内存,灰色,16*1*1,16
AlSu148GSi,银色 品牌11 14英寸 一体机（8吉字节内存）,一体机,品牌11,14英寸,8吉字节内存,银色,16*1*1,16
AlSu1416Bl,黑色 品牌11 14英寸 一体机（16吉字节内存）,一体机,品牌11,14英寸,16吉字节内存,黑色,16*1*1,16
AlSu1416Wh,白色 品牌11 14英寸 一体机（16吉字节内存）,一体机,品牌11,14英寸,16吉字节内存,白色,16*1*1,16
AlSu1416Gr,灰色 品牌11 14英寸 一体机（16吉字节内存）,一体机,品牌11,14英寸,16吉字节内存,灰色,16*1*1,16
AlSu1416Si,银色 品牌11 14英寸 一体机（16吉字节内存）,一体机,品牌11,14英寸,16吉字节内存,银色,16*1*1,16
AlSu1432Bl,黑色 品牌11 14英寸 一体机（32吉字节内存）,一体机,品牌11,14英寸,32吉字节内存,黑色,16*1*1,16
AlSu1432Wh,白色 品牌11 14英寸 一体机（32吉字节内存）,一体机,品牌11,14英寸,32吉字节内存,白色,16*1*1,16
AlSu1432Gr,灰色 品牌11 14英寸 一体机（32吉字节内存）,一体机,品牌11,14英寸,32吉字节内存,灰色,16*1*1,16
AlSu1432Si,银色 品牌11 14英寸 一体机（32吉字节内存）,一体机,品牌11,14英寸,32吉字节内存,银色,16*1*1,16
AlSu14i5Bl,黑色 品牌11 14英寸 一体机（第5代处理器）,一体机,品牌11,14英寸,第5代处理器,黑色,16*1*1,16
AlSu14i5Wh,白色 品牌11 14英寸 一体机（第5代处理器）,一体机,品牌11,14英寸,第5代处理器,白色,16*1*1,16
AlSu14i5Gr,灰色 品牌11 14英寸 一体机（第5代处理器）,一体机,品牌11,14英寸,第5代处理器,灰色,16*1*1,16
AlSu14i5Si,银色 品牌11 14英寸 一体机（第5代处理器）,一体机,品牌11,14英寸,第5代处理器,银色,16*1*1,16
AlSu14i7Bl,黑色 品牌11 14英寸 一体机（第7代处理器）,一体机,品牌11,14英寸,第7代处理器,黑色,16*1*1,16
AlSu14i7Wh,白色 品牌11 14英寸 一体机（第7代处理器）,一体机,品牌11,14英寸,第7代处理器,白色,16*1*1,16
AlSu14i7Gr,灰色 品牌11 14英寸 一体机（第7代处理器）,一体机,品牌11,14英寸,第7代处理器,灰色,16*1*1,16
AlSu14i7Si,银色 品牌11 14英寸 一体机（第7代处理器）,一体机,品牌11,14英寸,第7代处理器,银色,16*1*1,16
AlSu158GBl,黑色 品牌11 15英寸 一体机（8吉字节内存）,一体机,品牌11,15英寸,8吉字节内存,黑色,16*1*1,16
AlSu158GWh,白色 品牌11 15英寸 一体机（8吉字节内存）,一体机,品牌11,15英寸,8吉字节内存,白色,16*1*1,16
AlSu158GGr,灰色 品牌11 15英寸 一体机（8吉字节内存）,一体机,品牌11,15英寸,8吉字节内存,灰色,16*1*1,16
AlSu158GSi,银色 品牌11 15英寸 一体机（8吉字节内存）,一体机,品牌11,15英寸,8吉字节内存,银色,16*1*1,16
AlSu1516Bl,黑色 品牌11 15英寸 一体机（16吉字节内存）,一体机,品牌11,15英寸,16吉字节内存,黑色,16*1*1,16
AlSu1516Wh,白色 品牌11 15英寸 一体机（16吉字节内存）,一体机,品牌11,15英寸,16吉字节内存,白色,16*1*1,16
AlSu1516Gr,灰色 品牌11 15英寸 一体机（16吉字节内存）,一体机,品牌11,15英寸,16吉字节内存,灰色,16*1*1,16
AlSu1516Si,银色 品牌11 15英寸 一体机（16吉字节内存）,一体机,品牌11,15英寸,16吉字节内存,银色,16*1*1,16
AlSu1532Bl,黑色 品牌11 15英寸 一体机（32吉字节内存）,一体机,品牌11,15英寸,32吉字节内存,黑色,16*1*1,16
AlSu1532Wh,白色 品牌11 15英寸 一体机（32吉字节内存）,一体机,品牌11,15英寸,32吉字节内存,白色,16*1*1,16
AlSu1532Gr,灰色 品牌11 15英寸 一体机（32吉字节内存）,一体机,品牌11,15英寸,32吉字节内存,灰色,16*1*1,16
AlSu1532Si,银色 品牌11 15英寸 一体机（32吉字节内存）,一体机,品牌11,15英寸,32吉字节内存,银色,16*1*1,16
AlSu15i5Bl,黑色 品牌11 15英寸 一体机（第5代处理器）,一体机,品牌11,15英寸,第5代处理器,黑色,16*1*1,16
AlSu15i5Wh,白色 品牌11 15英寸 一体机（第5代处理器）,一体机,品牌11,15英寸,第5代处理器,白色,16*1*1,16
AlSu15i5Gr,灰色 品牌11 15英寸 一体机（第5代处理器）,一体机,品牌11,15英寸,第5代处理器,灰色,16*1*1,16
AlSu15i5Si,银色 品牌11 15英寸 一体机（第5代处理器）,一体机,品牌11,15英寸,第5代处理器,银色,16*1*1,16
AlSu15i7Bl,黑色 品牌11 15英寸 一体机（第7代处理器）,一体机,品牌11,15英寸,第7代处理器,黑色,16*1*1,16
AlSu15i7Wh,白色 品牌11 15英寸 一体机（第7代处理器）,一体机,品牌11,15英寸,第7代处理器,白色,16*1*1,16
AlSu15i7Gr,灰色 品牌11 15英寸 一体机（第7代处理器）,一体机,品牌11,15英寸,第7代处理器,灰色,16*1*1,16
AlSu15i7Si,银色 品牌11 15英寸 一体机（第7代处理器）,一体机,品牌11,15英寸,第7代处理器,银色,16*1*1,16
AlSu178GBl,黑色 品牌11 17英寸 一体机（8吉字节内存）,一体机,品牌11,17英寸,8吉字节内存,黑色,16*1*1,16
AlSu178GWh,白色 品牌11 17英寸 一体机（8吉字节内存）,一体机,品牌11,17英寸,8吉字节内存,白色,16*1*1,16
AlSu178GGr,灰色 品牌11 17英寸 一体机（8吉字节内存）,一体机,品牌11,17英寸,8吉字节内存,灰色,16*1*1,16
AlSu178GSi,银色 品牌11 17英寸 一体机（8吉字节内存）,一体机,品牌11,17英寸,8吉字节内存,银色,16*1*1,16
AlSu1716Bl,黑色 品牌11 17英寸 一体机（16吉字节内存）,一体机,品牌11,17英寸,16吉字节内存,黑色,16*1*1,16
AlSu1716Wh,白色 品牌11 17英寸 一体机（16吉字节内存）,一体机,品牌11,17英寸,16吉字节内存,白色,16*1*1,16
AlSu1716Gr,灰色 品牌11 17英寸 一体机（16吉字节内存）,一体机,品牌11,17英寸,16吉字节内存,灰色,16*1*1,16
AlSu1716Si,银色 品牌11 17英寸 一体机（16吉字节内存）,一体机,品牌11,17英寸,16吉字节内存,银色,16*1*1,16
AlSu1732Bl,黑色 品牌11 17英寸 一体机（32吉字节内存）,一体机,品牌11,17英寸,32吉字节内存,黑色,16*1*1,16
AlSu1732Wh,白色 品牌11 17英寸 一体机（32吉字节内存）,一体机,品牌11,17英寸,32吉字节内存,白色,16*1*1,16
AlSu1732Gr,灰色 品牌11 17英寸 一体机（32吉字节内存）,一体机,品牌11,17英寸,32吉字节内存,灰色,16*1*1,16
AlSu1732Si,银色 品牌11 17英寸 一体机（32吉字节内存）,一体机,品牌11,17英寸,32吉字节内存,银色,16*1*1,16
AlSu17i5Bl,黑色 品牌11 17英寸 一体机（第5代处理器）,一体机,品牌11,17英寸,第5代处理器,黑色,16*1*1,16
AlSu17i5Wh,白色 品牌11 17英寸 一体机（第5代处理器）,一体机,品牌11,17英寸,第5代处理器,白色,16*1*1,16
AlSu17i5Gr,灰色 品牌11 17英寸 一体机（第5代处理器）,一体机,品牌11,17英寸,第5代处理器,灰色,16*1*1,16
AlSu17i5Si,银色 品牌11 17英寸 一体机（第5代处理器）,一体机,品牌11,17英寸,第5代处理器,银色,16*1*1,16
AlSu17i7Bl,黑色 品牌11 17英寸 一体机（第7代处理器）,一体机,品牌11,17英寸,第7代处理器,黑色,16*1*1,16
AlSu17i7Wh,白色 品牌11 17英寸 一体机（第7代处理器）,一体机,品牌11,17英寸,第7代处理器,白色,16*1*1,16
AlSu17i7Gr,灰色 品牌11 17英寸 一体机（第7代处理器）,一体机,品牌11,17英寸,第7代处理器,灰色,16*1*1,16
AlSu17i7Si,银色 品牌11 17英寸 一体机（第7代处理器）,一体机,品牌11,17英寸,第7代处理器,银色,16*1*1,16
AlOv148GBl,黑色 品牌13 14英寸 一体机（8吉字节内存）,一体机,品牌13,14英寸,8吉字节内存,黑色,16*1*1,16
AlOv148GWh,白色 品牌13 14英寸 一体机（8吉字节内存）,一体机,品牌13,14英寸,8吉字节内存,白色,16*1*1,16
AlOv148GGr,灰色 品牌13 14英寸 一体机（8吉字节内存）,一体机,品牌13,14英寸,8吉字节内存,灰色,16*1*1,16
AlOv148GSi,银色 品牌13 14英寸 一体机（8吉字节内存）,一体机,品牌13,14英寸,8吉字节内存,银色,16*1*1,16
AlOv1416Bl,黑色 品牌13 14英寸 一体机（16吉字节内存）,一体机,品牌13,14英寸,16吉字节内存,黑色,16*1*1,16
AlOv1416Wh,白色 品牌13 14英寸 一体机（16吉字节内存）,一体机,品牌13,14英寸,16吉字节内存,白色,16*1*1,16
AlOv1416Gr,灰色 品牌13 14英寸 一体机（16吉字节内存）,一体机,品牌13,14英寸,16吉字节内存,灰色,16*1*1,16
AlOv1416Si,银色 品牌13 14英寸 一体机（16吉字节内存）,一体机,品牌13,14英寸,16吉字节内存,银色,16*1*1,16
AlOv1432Bl,黑色 品牌13 14英寸 一体机（32吉字节内存）,一体机,品牌13,14英寸,32吉字节内存,黑色,16*1*1,16
AlOv1432Wh,白色 品牌13 14英寸 一体机（32吉字节内存）,一体机,品牌13,14英寸,32吉字节内存,白色,16*1*1,16
AlOv1432Gr,灰色 品牌13 14英寸 一体机（32吉字节内存）,一体机,品牌13,14英寸,32吉字节内存,灰色,16*1*1,16
AlOv1432Si,银色 品牌13 14英寸 一体机（32吉字节内存）,一体机,品牌13,14英寸,32吉字节内存,银色,16*1*1,16
AlOv14i5Bl,黑色 品牌13 14英寸 一体机（第5代处理器）,一体机,品牌13,14英寸,第5代处理器,黑色,16*1*1,16
AlOv14i5Wh,白色 品牌13 14英寸 一体机（第5代处理器）,一体机,品牌13,14英寸,第5代处理器,白色,16*1*1,16
AlOv14i5Gr,灰色 品牌13 14英寸 一体机（第5代处理器）,一体机,品牌13,14英寸,第5代处理器,灰色,16*1*1,16
AlOv14i5Si,银色 品牌13 14英寸 一体机（第5代处理器）,一体机,品牌13,14英寸,第5代处理器,银色,16*1*1,16
AlOv14i7Bl,黑色 品牌13 14英寸 一体机（第7代处理器）,一体机,品牌13,14英寸,第7代处理器,黑色,16*1*1,16
AlOv14i7Wh,白色 品牌13 14英寸 一体机（第7代处理器）,一体机,品牌13,14英寸,第7代处理器,白色,16*1*1,16
AlOv14i7Gr,灰色 品牌13 14英寸 一体机（第7代处理器）,一体机,品牌13,14英寸,第7代处理器,灰色,16*1*1,16
AlOv14i7Si,银色 品牌13 14英寸 一体机（第7代处理器）,一体机,品牌13,14英寸,第7代处理器,银色,16*1*1,16
AlOv158GBl,黑色 品牌13 15英寸 一体机（8吉字节内存）,一体机,品牌13,15英寸,8吉字节内存,黑色,16*1*1,16
AlOv158GWh,白色 品牌13 15英寸 一体机（8吉字节内存）,一体机,品牌13,15英寸,8吉字节内存,白色,16*1*1,16
AlOv158GGr,灰色 品牌13 15英寸 一体机（8吉字节内存）,一体机,品牌13,15英寸,8吉字节内存,灰色,16*1*1,16
AlOv158GSi,银色 品牌13 15英寸 一体机（8吉字节内存）,一体机,品牌13,15英寸,8吉字节内存,银色,16*1*1,16
AlOv1516Bl,黑色 品牌13 15英寸 一体机（16吉字节内存）,一体机,品牌13,15英寸,16吉字节内存,黑色,16*1*1,16
AlOv1516Wh,白色 品牌13 15英寸 一体机（16吉字节内存）,一体机,品牌13,15英寸,16吉字节内存,白色,16*1*1,16
AlOv1516Gr,灰色 品牌13 15英寸 一体机（16吉字节内存）,一体机,品牌13,15英寸,16吉字节内存,灰色,16*1*1,16
AlOv1516Si,银色 品牌13 15英寸 一体机（16吉字节内存）,一体机,品牌13,15英寸,16吉字节内存,银色,16*1*1,16
AlOv1532Bl,黑色 品牌13 15英寸 一体机（32吉字节内存）,一体机,品牌13,15英寸,32吉字节内存,黑色,16*1*1,16
AlOv1532Wh,白色 品牌13 15英寸 一体机（32吉字节内存）,一体机,品牌13,15英寸,32吉字节内存,白色,16*1*1,16
AlOv1532Gr,灰色 品牌13 15英寸 一体机（32吉字节内存）,一体机,品牌13,15英寸,32吉字节内存,灰色,16*1*1,16
AlOv1532Si,银色 品牌13 15英寸 一体机（32吉字节内存）,一体机,品牌13,15英寸,32吉字节内存,银色,16*1*1,16
AlOv15i5Bl,黑色 品牌13 15英寸 一体机（第5代处理器）,一体机,品牌13,15英寸,第5代处理器,黑色,16*1*1,16
AlOv15i5Wh,白色 品牌13 15英寸 一体机（第5代处理器）,一体机,品牌13,15英寸,第5代处理器,白色,16*1*1,16
AlOv15i5Gr,灰色 品牌13 15英寸 一体机（第5代处理器）,一体机,品牌13,15英寸,第5代处理器,灰色,16*1*1,16
AlOv15i5Si,银色 品牌13 15英寸 一体机（第5代处理器）,一体机,品牌13,15英寸,第5代处理器,银色,16*1*1,16
AlOv15i7Bl,黑色 品牌13 15英寸 一体机（第7代处理器）,一体机,品牌13,15英寸,第7代处理器,黑色,16*1*1,16
AlOv15i7Wh,白色 品牌13 15英寸 一体机（第7代处理器）,一体机,品牌13,15英寸,第7代处理器,白色,16*1*1,16
AlOv15i7Gr,灰色 品牌13 15英寸 一体机（第7代处理器）,一体机,品牌13,15英寸,第7代处理器,灰色,16*1*1,16
AlOv15i7Si,银色 品牌13 15英寸 一体机（第7代处理器）,一体机,品牌13,15英寸,第7代处理器,银色,16*1*1,16
AlOv178GBl,黑色 品牌13 17英寸 一体机（8吉字节内存）,一体机,品牌13,17英寸,8吉字节内存,黑色,16*1*1,16
AlOv178GWh,白色 品牌13 17英寸 一体机（8吉字节内存）,一体机,品牌13,17英寸,8吉字节内存,白色,16*1*1,16
AlOv178GGr,灰色 品牌13 17英寸 一体机（8吉字节内存）,一体机,品牌13,17英寸,8吉字节内存,灰色,16*1*1,16
AlOv178GSi,银色 品牌13 17英寸 一体机（8吉字节内存）,一体机,品牌13,17英寸,8吉字节内存,银色,16*1*1,16
AlOv1716Bl,黑色 品牌13 17英寸 一体机（16吉字节内存）,一体机,品牌13,17英寸,16吉字节内存,黑色,16*1*1,16
AlOv1716Wh,白色 品牌13 17英寸 一体机（16吉字节内存）,一体机,品牌13,17英寸,16吉字节内存,白色,16*1*1,16
AlOv1716Gr,灰色 品牌13 17英寸 一体机（16吉字节内存）,一体机,品牌13,17英寸,16吉字节内存,灰色,16*1*1,16
AlOv1716Si,银色 品牌13 17英寸 一体机（16吉字节内存）,一体机,品牌13,17英寸,16吉字节内存,银色,16*1*1,16
AlOv1732Bl,黑色 品牌13 17英寸 一体机（32吉字节内存）,一体机,品牌13,17英寸,32吉字节内存,黑色,16*1*1,16
AlOv1732Wh,白色 品牌13 17英寸 一体机（32吉字节内存）,一体机,品牌13,17英寸,32吉字节内存,白色,16*1*1,16
AlOv1732Gr,灰色 品牌13 17英寸 一体机（32吉字节内存）,一体机,品牌13,17英寸,32吉字节内存,灰色,16*1*1,16
AlOv1732Si,银色 品牌13 17英寸 一体机（32吉字节内存）,一体机,品牌13,17英寸,32吉字节内存,银色,16*1*1,16
AlOv17i5Bl,黑色 品牌13 17英寸 一体机（第5代处理器）,一体机,品牌13,17英寸,第5代处理器,黑色,16*1*1,16
AlOv17i5Wh,白色 品牌13 17英寸 一体机（第5代处理器）,一体机,品牌13,17英寸,第5代处理器,白色,16*1*1,16
AlOv17i5Gr,灰色 品牌13 17英寸 一体机（第5代处理器）,一体机,品牌13,17英寸,第5代处理器,灰色,16*1*1,16
AlOv17i5Si,银色 品牌13 17英寸 一体机（第5代处理器）,一体机,品牌13,17英寸,第5代处理器,银色,16*1*1,16
AlOv17i7Bl,黑色 品牌13 17英寸 一体机（第7代处理器）,一体机,品牌13,17英寸,第7代处理器,黑色,16*1*1,16
AlOv17i7Wh,白色 品牌13 17英寸 一体机（第7代处理器）,一体机,品牌13,17英寸,第7代处理器,白色,16*1*1,16
AlOv17i7Gr,灰色 品牌13 17英寸 一体机（第7代处理器）,一体机,品牌13,17英寸,第7代处理器,灰色,16*1*1,16
AlOv17i7Si,银色 品牌13 17英寸 一体机（第7代处理器）,一体机,品牌13,17英寸,第7代处理器,银色,16*1*1,16
AlRe148GBl,黑色 品牌14 14英寸 一体机（8吉字节内存）,一体机,品牌14,14英寸,8吉字节内存,黑色,16*1*1,16
AlRe148GWh,白色 品牌14 14英寸 一体机（8吉字节内存）,一体机,品牌14,14英寸,8吉字节内存,白色,16*1*1,16
AlRe148GGr,灰色 品牌14 14英寸 一体机（8吉字节内存）,一体机,品牌14,14英寸,8吉字节内存,灰色,16*1*1,16
AlRe148GSi,银色 品牌14 14英寸 一体机（8吉字节内存）,一体机,品牌14,14英寸,8吉字节内存,银色,16*1*1,16
AlRe1416Bl,黑色 品牌14 14英寸 一体机（16吉字节内存）,一体机,品牌14,14英寸,16吉字节内存,黑色,16*1*1,16
AlRe1416Wh,白色 品牌14 14英寸 一体机（16吉字节内存）,一体机,品牌14,14英寸,16吉字节内存,白色,16*1*1,16
AlRe1416Gr,灰色 品牌14 14英寸 一体机（16吉字节内存）,一体机,品牌14,14英寸,16吉字节内存,灰色,16*1*1,16
AlRe1416Si,银色 品牌14 14英寸 一体机（16吉字节内存）,一体机,品牌14,14英寸,16吉字节内存,银色,16*1*1,16
AlRe1432Bl,黑色 品牌14 14英寸 一体机（32吉字节内存）,一体机,品牌14,14英寸,32吉字节内存,黑色,16*1*1,16
AlRe1432Wh,白色 品牌14 14英寸 一体机（32吉字节内存）,一体机,品牌14,14英寸,32吉字节内存,白色,16*1*1,16
AlRe1432Gr,灰色 品牌14 14英寸 一体机（32吉字节内存）,一体机,品牌14,14英寸,32吉字节内存,灰色,16*1*1,16
AlRe1432Si,银色 品牌14 14英寸 一体机（32吉字节内存）,一体机,品牌14,14英寸,32吉字节内存,银色,16*1*1,16
AlRe14i5Bl,黑色 品牌14 14英寸 一体机（第5代处理器）,一体机,品牌14,14英寸,第5代处理器,黑色,16*1*1,16
AlRe14i5Wh,白色 品牌14 14英寸 一体机（第5代处理器）,一体机,品牌14,14英寸,第5代处理器,白色,16*1*1,16
AlRe14i5Gr,灰色 品牌14 14英寸 一体机（第5代处理器）,一体机,品牌14,14英寸,第5代处理器,灰色,16*1*1,16
AlRe14i5Si,银色 品牌14 14英寸 一体机（第5代处理器）,一体机,品牌14,14英寸,第5代处理器,银色,16*1*1,16
AlRe14i7Bl,黑色 品牌14 14英寸 一体机（第7代处理器）,一体机,品牌14,14英寸,第7代处理器,黑色,16*1*1,16
AlRe14i7Wh,白色 品牌14 14英寸 一体机（第7代处理器）,一体机,品牌14,14英寸,第7代处理器,白色,16*1*1,16
AlRe14i7Gr,灰色 品牌14 14英寸 一体机（第7代处理器）,一体机,品牌14,14英寸,第7代处理器,灰色,16*1*1,16
AlRe14i7Si,银色 品牌14 14英寸 一体机（第7代处理器）,一体机,品牌14,14英寸,第7代处理器,银色,16*1*1,16
AlRe158GBl,黑色 品牌14 15英寸 一体机（8吉字节内存）,一体机,品牌14,15英寸,8吉字节内存,黑色,16*1*1,16
AlRe158GWh,白色 品牌14 15英寸 一体机（8吉字节内存）,一体机,品牌14,15英寸,8吉字节内存,白色,16*1*1,16
AlRe158GGr,灰色 品牌14 15英寸 一体机（8吉字节内存）,一体机,品牌14,15英寸,8吉字节内存,灰色,16*1*1,16
AlRe158GSi,银色 品牌14 15英寸 一体机（8吉字节内存）,一体机,品牌14,15英寸,8吉字节内存,银色,16*1*1,16
AlRe1516Bl,黑色 品牌14 15英寸 一体机（16吉字节内存）,一体机,品牌14,15英寸,16吉字节内存,黑色,16*1*1,16
AlRe1516Wh,白色 品牌14 15英寸 一体机（16吉字节内存）,一体机,品牌14,15英寸,16吉字节内存,白色,16*1*1,16
AlRe1516Gr,灰色 品牌14 15英寸 一体机（16吉字节内存）,一体机,品牌14,15英寸,16吉字节内存,灰色,16*1*1,16
AlRe1516Si,银色 品牌14 15英寸 一体机（16吉字节内存）,一体机,品牌14,15英寸,16吉字节内存,银色,16*1*1,16
AlRe1532Bl,黑色 品牌14 15英寸 一体机（32吉字节内存）,一体机,品牌14,15英寸,32吉字节内存,黑色,16*1*1,16
AlRe1532Wh,白色 品牌14 15英寸 一体机（32吉字节内存）,一体机,品牌14,15英寸,32吉字节内存,白色,16*1*1,16
AlRe1532Gr,灰色 品牌14 15英寸 一体机（32吉字节内存）,一体机,品牌14,15英寸,32吉字节内存,灰色,16*1*1,16
AlRe1532Si,银色 品牌14 15英寸 一体机（32吉字节内存）,一体机,品牌14,15英寸,32吉字节内存,银色,16*1*1,16
AlRe15i5Bl,黑色 品牌14 15英寸 一体机（第5代处理器）,一体机,品牌14,15英寸,第5代处理器,黑色,16*1*1,16
AlRe15i5Wh,白色 品牌14 15英寸 一体机（第5代处理器）,一体机,品牌14,15英寸,第5代处理器,白色,16*1*1,16
AlRe15i5Gr,灰色 品牌14 15英寸 一体机（第5代处理器）,一体机,品牌14,15英寸,第5代处理器,灰色,16*1*1,16
AlRe15i5Si,银色 品牌14 15英寸 一体机（第5代处理器）,一体机,品牌14,15英寸,第5代处理器,银色,16*1*1,16
AlRe15i7Bl,黑色 品牌14 15英寸 一体机（第7代处理器）,一体机,品牌14,15英寸,第7代处理器,黑色,16*1*1,16
AlRe15i7Wh,白色 品牌14 15英寸 一体机（第7代处理器）,一体机,品牌14,15英寸,第7代处理器,白色,16*1*1,16
AlRe15i7Gr,灰色 品牌14 15英寸 一体机（第7代处理器）,一体机,品牌14,15英寸,第7代处理器,灰色,16*1*1,16
AlRe15i7Si,银色 品牌14 15英寸 一体机（第7代处理器）,一体机,品牌14,15英寸,第7代处理器,银色,16*1*1,16
AlRe178GBl,黑色 品牌14 17英寸 一体机（8吉字节内存）,一体机,品牌14,17英寸,8吉字节内存,黑色,16*1*1,16
AlRe178GWh,白色 品牌14 17英寸 一体机（8吉字节内存）,一体机,品牌14,17英寸,8吉字节内存,白色,16*1*1,16
AlRe178GGr,灰色 品牌14 17英寸 一体机（8吉字节内存）,一体机,品牌14,17英寸,8吉字节内存,灰色,16*1*1,16
AlRe178GSi,银色 品牌14 17英寸 一体机（8吉字节内存）,一体机,品牌14,17英寸,8吉字节内存,银色,16*1*1,16
AlRe1716Bl,黑色 品牌14 17英寸 一体机（16吉字节内存）,一体机,品牌14,17英寸,16吉字节内存,黑色,16*1*1,16
AlRe1716Wh,白色 品牌14 17英寸 一体机（16吉字节内存）,一体机,品牌14,17英寸,16吉字节内存,白色,16*1*1,16
AlRe1716Gr,灰色 品牌14 17英寸 一体机（16吉字节内存）,一体机,品牌14,17英寸,16吉字节内存,灰色,16*1*1,16
AlRe1716Si,银色 品牌14 17英寸 一体机（16吉字节内存）,一体机,品牌14,17英寸,16吉字节内存,银色,16*1*1,16
AlRe1732Bl,黑色 品牌14 17英寸 一体机（32吉字节内存）,一体机,品牌14,17英寸,32吉字节内存,黑色,16*1*1,16
AlRe1732Wh,白色 品牌14 17英寸 一体机（32吉字节内存）,一体机,品牌14,17英寸,32吉字节内存,白色,16*1*1,16
AlRe1732Gr,灰色 品牌14 17英寸 一体机（32吉字节内存）,一体机,品牌14,17英寸,32吉字节内存,灰色,16*1*1,16
AlRe1732Si,银色 品牌14 17英寸 一体机（32吉字节内存）,一体机,品牌14,17英寸,32吉字节内存,银色,16*1*1,16
AlRe17i5Bl,黑色 品牌14 17英寸 一体机（第5代处理器）,一体机,品牌14,17英寸,第5代处理器,黑色,16*1*1,16
AlRe17i5Wh,白色 品牌14 17英寸 一体机（第5代处理器）,一体机,品牌14,17英寸,第5代处理器,白色,16*1*1,16
AlRe17i5Gr,灰色 品牌14 17英寸 一体机（第5代处理器）,一体机,品牌14,17英寸,第5代处理器,灰色,16*1*1,16
AlRe17i5Si,银色 品牌14 17英寸 一体机（第5代处理器）,一体机,品牌14,17英寸,第5代处理器,银色,16*1*1,16
AlRe17i7Bl,黑色 品牌14 17英寸 一体机（第7代处理器）,一体机,品牌14,17英寸,第7代处理器,黑色,16*1*1,16
AlRe17i7Wh,白色 品牌14 17英寸 一体机（第7代处理器）,一体机,品牌14,17英寸,第7代处理器,白色,16*1*1,16
AlRe17i7Gr,灰色 品牌14 17英寸 一体机（第7代处理器）,一体机,品牌14,17英寸,第7代处理器,灰色,16*1*1,16
AlRe17i7Si,银色 品牌14 17英寸 一体机（第7代处理器）,一体机,品牌14,17英寸,第7代处理器,银色,16*1*1,16
AlYn148GBl,黑色 品牌15 14英寸 一体机（8吉字节内存）,一体机,品牌15,14英寸,8吉字节内存,黑色,16*1*1,16
AlYn148GWh,白色 品牌15 14英寸 一体机（8吉字节内存）,一体机,品牌15,14英寸,8吉字节内存,白色,16*1*1,16
AlYn148GGr,灰色 品牌15 14英寸 一体机（8吉字节内存）,一体机,品牌15,14英寸,8吉字节内存,灰色,16*1*1,16
AlYn148GSi,银色 品牌15 14英寸 一体机（8吉字节内存）,一体机,品牌15,14英寸,8吉字节内存,银色,16*1*1,16
AlYn1416Bl,黑色 品牌15 14英寸 一体机（16吉字节内存）,一体机,品牌15,14英寸,16吉字节内存,黑色,16*1*1,16
AlYn1416Wh,白色 品牌15 14英寸 一体机（16吉字节内存）,一体机,品牌15,14英寸,16吉字节内存,白色,16*1*1,16
AlYn1416Gr,灰色 品牌15 14英寸 一体机（16吉字节内存）,一体机,品牌15,14英寸,16吉字节内存,灰色,16*1*1,16
AlYn1416Si,银色 品牌15 14英寸 一体机（16吉字节内存）,一体机,品牌15,14英寸,16吉字节内存,银色,16*1*1,16
AlYn1432Bl,黑色 品牌15 14英寸 一体机（32吉字节内存）,一体机,品牌15,14英寸,32吉字节内存,黑色,16*1*1,16
AlYn1432Wh,白色 品牌15 14英寸 一体机（32吉字节内存）,一体机,品牌15,14英寸,32吉字节内存,白色,16*1*1,16
AlYn1432Gr,灰色 品牌15 14英寸 一体机（32吉字节内存）,一体机,品牌15,14英寸,32吉字节内存,灰色,16*1*1,16
AlYn1432Si,银色 品牌15 14英寸 一体机（32吉字节内存）,一体机,品牌15,14英寸,32吉字节内存,银色,16*1*1,16
AlYn14i5Bl,黑色 品牌15 14英寸 一体机（第5代处理器）,一体机,品牌15,14英寸,第5代处理器,黑色,16*1*1,16
AlYn14i5Wh,白色 品牌15 14英寸 一体机（第5代处理器）,一体机,品牌15,14英寸,第5代处理器,白色,16*1*1,16
AlYn14i5Gr,灰色 品牌15 14英寸 一体机（第5代处理器）,一体机,品牌15,14英寸,第5代处理器,灰色,16*1*1,16
AlYn14i5Si,银色 品牌15 14英寸 一体机（第5代处理器）,一体机,品牌15,14英寸,第5代处理器,银色,16*1*1,16
AlYn14i7Bl,黑色 品牌15 14英寸 一体机（第7代处理器）,一体机,品牌15,14英寸,第7代处理器,黑色,16*1*1,16
AlYn14i7Wh,白色 品牌15 14英寸 一体机（第7代处理器）,一体机,品牌15,14英寸,第7代处理器,白色,16*1*1,16
AlYn14i7Gr,灰色 品牌15 14英寸 一体机（第7代处理器）,一体机,品牌15,14英寸,第7代处理器,灰色,16*1*1,16
AlYn14i7Si,银色 品牌15 14英寸 一体机（第7代处理器）,一体机,品牌15,14英寸,第7代处理器,银色,16*1*1,16
AlYn158GBl,黑色 品牌15 15英寸 一体机（8吉字节内存）,一体机,品牌15,15英寸,8吉字节内存,黑色,16*1*1,16
AlYn158GWh,白色 品牌15 15英寸 一体机（8吉字节内存）,一体机,品牌15,15英寸,8吉字节内存,白色,16*1*1,16
AlYn158GGr,灰色 品牌15 15英寸 一体机（8吉字节内存）,一体机,品牌15,15英寸,8吉字节内存,灰色,16*1*1,16
AlYn158GSi,银色 品牌15 15英寸 一体机（8吉字节内存）,一体机,品牌15,15英寸,8吉字节内存,银色,16*1*1,16
AlYn1516Bl,黑色 品牌15 15英寸 一体机（16吉字节内存）,一体机,品牌15,15英寸,16吉字节内存,黑色,16*1*1,16
AlYn1516Wh,白色 品牌15 15英寸 一体机（16吉字节内存）,一体机,品牌15,15英寸,16吉字节内存,白色,16*1*1,16
AlYn1516Gr,灰色 品牌15 15英寸 一体机（16吉字节内存）,一体机,品牌15,15英寸,16吉字节内存,灰色,16*1*1,16
AlYn1516Si,银色 品牌15 15英寸 一体机（16吉字节内存）,一体机,品牌15,15英寸,16吉字节内存,银色,16*1*1,16
AlYn1532Bl,黑色 品牌15 15英寸 一体机（32吉字节内存）,一体机,品牌15,15英寸,32吉字节内存,黑色,16*1*1,16
AlYn1532Wh,白色 品牌15 15英寸 一体机（32吉字节内存）,一体机,品牌15,15英寸,32吉字节内存,白色,16*1*1,16
AlYn1532Gr,灰色 品牌15 15英寸 一体机（32吉字节内存）,一体机,品牌15,15英寸,32吉字节内存,灰色,16*1*1,16
AlYn1532Si,银色 品牌15 15英寸 一体机（32吉字节内存）,一体机,品牌15,15英寸,32吉字节内存,银色,16*1*1,16
AlYn15i5Bl,黑色 品牌15 15英寸 一体机（第5代处理器）,一体机,品牌15,15英寸,第5代处理器,黑色,16*1*1,16
AlYn15i5Wh,白色 品牌15 15英寸 一体机（第5代处理器）,一体机,品牌15,15英寸,第5代处理器,白色,16*1*1,16
AlYn15i5Gr,灰色 品牌15 15英寸 一体机（第5代处理器）,一体机,品牌15,15英寸,第5代处理器,灰色,16*1*1,16
AlYn15i5Si,银色 品牌15 15英寸 一体机（第5代处理器）,一体机,品牌15,15英寸,第5代处理器,银色,16*1*1,16
AlYn15i7Bl,黑色 品牌15 15英寸 一体机（第7代处理器）,一体机,品牌15,15英寸,第7代处理器,黑色,16*1*1,16
AlYn15i7Wh,白色 品牌15 15英寸 一体机（第7代处理器）,一体机,品牌15,15英寸,第7代处理器,白色,16*1*1,16
AlYn15i7Gr,灰色 品牌15 15英寸 一体机（第7代处理器）,一体机,品牌15,15英寸,第7代处理器,灰色,16*1*1,16
AlYn15i7Si,银色 品牌15 15英寸 一体机（第7代处理器）,一体机,品牌15,15英寸,第7代处理器,银色,16*1*1,16
AlYn178GBl,黑色 品牌15 17英寸 一体机（8吉字节内存）,一体机,品牌15,17英寸,8吉字节内存,黑色,16*1*1,16
AlYn178GWh,白色 品牌15 17英寸 一体机（8吉字节内存）,一体机,品牌15,17英寸,8吉字节内存,白色,16*1*1,16
AlYn178GGr,灰色 品牌15 17英寸 一体机（8吉字节内存）,一体机,品牌15,17英寸,8吉字节内存,灰色,16*1*1,16
AlYn178GSi,银色 品牌15 17英寸 一体机（8吉字节内存）,一体机,品牌15,17英寸,8吉字节内存,银色,16*1*1,16
AlYn1716Bl,黑色 品牌15 17英寸 一体机（16吉字节内存）,一体机,品牌15,17英寸,16吉字节内存,黑色,16*1*1,16
AlYn1716Wh,白色 品牌15 17英寸 一体机（16吉字节内存）,一体机,品牌15,17英寸,16吉字节内存,白色,16*1*1,16
AlYn1716Gr,灰色 品牌15 17英寸 一体机（16吉字节内存）,一体机,品牌15,17英寸,16吉字节内存,灰色,16*1*1,16
AlYn1716Si,银色 品牌15 17英寸 一体机（16吉字节内存）,一体机,品牌15,17英寸,16吉字节内存,银色,16*1*1,16
AlYn1732Bl,黑色 品牌15 17英寸 一体机（32吉字节内存）,一体机,品牌15,17英寸,32吉字节内存,黑色,16*1*1,16
AlYn1732Wh,白色 品牌15 17英寸 一体机（32吉字节内存）,一体机,品牌15,17英寸,32吉字节内存,白色,16*1*1,16
AlYn1732Gr,灰色 品牌15 17英寸 一体机（32吉字节内存）,一体机,品牌15,17英寸,32吉字节内存,灰色,16*1*1,16
AlYn1732Si,银色 品牌15 17英寸 一体机（32吉字节内存）,一体机,品牌15,17英寸,32吉字节内存,银色,16*1*1,16
AlYn17i5Bl,黑色 品牌15 17英寸 一体机（第5代处理器）,一体机,品牌15,17英寸,第5代处理器,黑色,16*1*1,16
AlYn17i5Wh,白色 品牌15 17英寸 一体机（第5代处理器）,一体机,品牌15,17英寸,第5代处理器,白色,16*1*1,16
AlYn17i5Gr,灰色 品牌15 17英寸 一体机（第5代处理器）,一体机,品牌15,17英寸,第5代处理器,灰色,16*1*1,16
AlYn17i5Si,银色 品牌15 17英寸 一体机（第5代处理器）,一体机,品牌15,17英寸,第5代处理器,银色,16*1*1,16
AlYn17i7Bl,黑色 品牌15 17英寸 一体机（第7代处理器）,一体机,品牌15,17英寸,第7代处理器,黑色,16*1*1,16
AlYn17i7Wh,白色 品牌15 17英寸 一体机（第7代处理器）,一体机,品牌15,17英寸,第7代处理器,白色,16*1*1,16
AlYn17i7Gr,灰色 品牌15 17英寸 一体机（第7代处理器）,一体机,品牌15,17英寸,第7代处理器,灰色,16*1*1,16
AlYn17i7Si,银色 品牌15 17英寸 一体机（第7代处理器）,一体机,品牌15,17英寸,第7代处理器,银色,16*1*1,16
NoExA4doBl,黑色 品牌16 四号纸 笔记本（点阵）,笔记本,品牌16,四号纸,点阵,黑色,48*10*5,2400
NoExA4doWh,白色 品牌16 四号纸 笔记本（点阵）,笔记本,品牌16,四号纸,点阵,白色,48*10*5,2400
NoExA4doGr,灰色 品牌16 四号纸 笔记本（点阵）,笔记本,品牌16,四号纸,点阵,灰色,48*10*5,2400
NoExA4doSi,银色 品牌16 四号纸 笔记本（点阵）,笔记本,品牌16,四号纸,点阵,银色,48*10*5,2400
NoExA4liBl,黑色 品牌16 四号纸 笔记本（线条）,笔记本,品牌16,四号纸,线条,黑色,48*10*5,2400
NoExA4liWh,白色 品牌16 四号纸 笔记本（线条）,笔记本,品牌16,四号纸,线条,白色,48*10*5,2400
NoExA4liGr,灰色 品牌16 四号纸 笔记本（线条）,笔记本,品牌16,四号纸,线条,灰色,48*10*5,2400
NoExA4liSi,银色 品牌16 四号纸 笔记本（线条）,笔记本,品牌16,四号纸,线条,银色,48*10*5,2400
NoExA4ruBl,黑色 品牌16 四号纸 笔记本（横线）,笔记本,品牌16,四号纸,横线,黑色,48*10*5,2400
NoExA4ruWh,白色 品牌16 四号纸 笔记本（横线）,笔记本,品牌16,四号纸,横线,白色,48*10*5,2400
NoExA4ruGr,灰色 品牌16 四号纸 笔记本（横线）,笔记本,品牌16,四号纸,横线,灰色,48*10*5,2400
NoExA4ruSi,银色 品牌16 四号纸 笔记本（横线）,笔记本,品牌16,四号纸,横线,银色,48*10*5,2400
NoExA5doBl,黑色 品牌16 五号纸 笔记本（点阵）,笔记本,品牌16,五号纸,点阵,黑色,48*10*5,2400
NoExA5doWh,白色 品牌16 五号纸 笔记本（点阵）,笔记本,品牌16,五号纸,点阵,白色,48*10*5,2400
NoExA5doGr,灰色 品牌16 五号纸 笔记本（点阵）,笔记本,品牌16,五号纸,点阵,灰色,48*10*5,2400
NoExA5doSi,银色 品牌16 五号纸 笔记本（点阵）,笔记本,品牌16,五号纸,点阵,银色,48*10*5,2400
NoExA5liBl,黑色 品牌16 五号纸 笔记本（线条）,笔记本,品牌16,五号纸,线条,黑色,48*10*5,2400
NoExA5liWh,白色 品牌16 五号纸 笔记本（线条）,笔记本,品牌16,五号纸,线条,白色,48*10*5,2400
NoExA5liGr,灰色 品牌16 五号纸 笔记本（线条）,笔记本,品牌16,五号纸,线条,灰色,48*10*5,2400
NoExA5liSi,银色 品牌16 五号纸 笔记本（线条）,笔记本,品牌16,五号纸,线条,银色,48*10*5,2400
NoExA5ruBl,黑色 品牌16 五号纸 笔记本（横线）,笔记本,品牌16,五号纸,横线,黑色,48*10*5,2400
NoExA5ruWh,白色 品牌16 五号纸 笔记本（横线）,笔记本,品牌16,五号纸,横线,白色,48*10*5,2400
NoExA5ruGr,灰色 品牌16 五号纸 笔记本（横线）,笔记本,品牌16,五号纸,横线,灰色,48*10*5,2400
NoExA5ruSi,银色 品牌16 五号纸 笔记本（横线）,笔记本,品牌16,五号纸,横线,银色,48*10*5,2400
NoExA3doBl,黑色 品牌16 三号纸 笔记本（点阵）,笔记本,品牌16,三号纸,点阵,黑色,48*10*5,2400
NoExA3doWh,白色 品牌16 三号纸 笔记本（点阵）,笔记本,品牌16,三号纸,点阵,白色,48*10*5,2400
NoExA3doGr,灰色 品牌16 三号纸 笔记本（点阵）,笔记本,品牌16,三号纸,点阵,灰色,48*10*5,2400
NoExA3doSi,银色 品牌16 三号纸 笔记本（点阵）,笔记本,品牌16,三号纸,点阵,银色,48*10*5,2400
NoExA3liBl,黑色 品牌16 三号纸 笔记本（线条）,笔记本,品牌16,三号纸,线条,黑色,48*10*5,2400
NoExA3liWh,白色 品牌16 三号纸 笔记本（线条）,笔记本,品牌16,三号纸,线条,白色,48*10*5,2400
NoExA3liGr,灰色 品牌16 三号纸 笔记本（线条）,笔记本,品牌16,三号纸,线条,灰色,48*10*5,2400
NoExA3liSi,银色 品牌16 三号纸 笔记本（线条）,笔记本,品牌16,三号纸,线条,银色,48*10*5,2400
NoExA3ruBl,黑色 品牌16 三号纸 笔记本（横线）,笔记本,品牌16,三号纸,横线,黑色,48*10*5,2400
NoExA3ruWh,白色 品牌16 三号纸 笔记本（横线）,笔记本,品牌16,三号纸,横线,白色,48*10*5,2400
NoExA3ruGr,灰色 品牌16 三号纸 笔记本（横线）,笔记本,品牌16,三号纸,横线,灰色,48*10*5,2400
NoExA3ruSi,银色 品牌16 三号纸 笔记本（横线）,笔记本,品牌16,三号纸,横线,银色,48*10*5,2400
NoScA4doBl,黑色 品牌17 四号纸 笔记本（点阵）,笔记本,品牌17,四号纸,点阵,黑色,48*10*5,2400
NoScA4doWh,白色 品牌17 四号纸 笔记本（点阵）,笔记本,品牌17,四号纸,点阵,白色,48*10*5,2400
NoScA4doGr,灰色 品牌17 四号纸 笔记本（点阵）,笔记本,品牌17,四号纸,点阵,灰色,48*10*5,2400
NoScA4doSi,银色 品牌17 四号纸 笔记本（点阵）,笔记本,品牌17,四号纸,点阵,银色,48*10*5,2400
NoScA4liBl,黑色 品牌17 四号纸 笔记本（线条）,笔记本,品牌17,四号纸,线条,黑色,48*10*5,2400
NoScA4liWh,白色 品牌17 四号纸 笔记本（线条）,笔记本,品牌17,四号纸,线条,白色,48*10*5,2400
NoScA4liGr,灰色 品牌17 四号纸 笔记本（线条）,笔记本,品牌17,四号纸,线条,灰色,48*10*5,2400
NoScA4liSi,银色 品牌17 四号纸 笔记本（线条）,笔记本,品牌17,四号纸,线条,银色,48*10*5,2400
NoScA4ruBl,黑色 品牌17 四号纸 笔记本（横线）,笔记本,品牌17,四号纸,横线,黑色,48*10*5,2400
NoScA4ruWh,白色 品牌17 四号纸 笔记本（横线）,笔记本,品牌17,四号纸,横线,白色,48*10*5,2400
NoScA4ruGr,灰色 品牌17 四号纸 笔记本（横线）,笔记本,品牌17,四号纸,横线,灰色,48*10*5,2400
NoScA4ruSi,银色 品牌17 四号纸 笔记本（横线）,笔记本,品牌17,四号纸,横线,银色,48*10*5,2400
NoScA5doBl,黑色 品牌17 五号纸 笔记本（点阵）,笔记本,品牌17,五号纸,点阵,黑色,48*10*5,2400
NoScA5doWh,白色 品牌17 五号纸 笔记本（点阵）,笔记本,品牌17,五号纸,点阵,白色,48*10*5,2400
NoScA5doGr,灰色 品牌17 五号纸 笔记本（点阵）,笔记本,品牌17,五号纸,点阵,灰色,48*10*5,2400
NoScA5doSi,银色 品牌17 五号纸 笔记本（点阵）,笔记本,品牌17,五号纸,点阵,银色,48*10*5,2400
NoScA5liBl,黑色 品牌17 五号纸 笔记本（线条）,笔记本,品牌17,五号纸,线条,黑色,48*10*5,2400
NoScA5liWh,白色 品牌17 五号纸 笔记本（线条）,笔记本,品牌17,五号纸,线条,白色,48*10*5,2400
NoScA5liGr,灰色 品牌17 五号纸 笔记本（线条）,笔记本,品牌17,五号纸,线条,灰色,48*10*5,2400
NoScA5liSi,银色 品牌17 五号纸 笔记本（线条）,笔记本,品牌17,五号纸,线条,银色,48*10*5,2400
NoScA5ruBl,黑色 品牌17 五号纸 笔记本（横线）,笔记本,品牌17,五号纸,横线,黑色,48*10*5,2400
NoScA5ruWh,白色 品牌17 五号纸 笔记本（横线）,笔记本,品牌17,五号纸,横线,白色,48*10*5,2400
NoScA5ruGr,灰色 品牌17 五号纸 笔记本（横线）,笔记本,品牌17,五号纸,横线,灰色,48*10*5,2400
NoScA5ruSi,银色 品牌17 五号纸 笔记本（横线）,笔记本,品牌17,五号纸,横线,银色,48*10*5,2400
NoScA3doBl,黑色 品牌17 三号纸 笔记本（点阵）,笔记本,品牌17,三号纸,点阵,黑色,48*10*5,2400
NoScA3doWh,白色 品牌17 三号纸 笔记本（点阵）,笔记本,品牌17,三号纸,点阵,白色,48*10*5,2400
NoScA3doGr,灰色 品牌17 三号纸 笔记本（点阵）,笔记本,品牌17,三号纸,点阵,灰色,48*10*5,2400
NoScA3doSi,银色 品牌17 三号纸 笔记本（点阵）,笔记本,品牌17,三号纸,点阵,银色,48*10*5,2400
NoScA3liBl,黑色 品牌17 三号纸 笔记本（线条）,笔记本,品牌17,三号纸,线条,黑色,48*10*5,2400
NoScA3liWh,白色 品牌17 三号纸 笔记本（线条）,笔记本,品牌17,三号纸,线条,白色,48*10*5,2400
NoScA3liGr,灰色 品牌17 三号纸 笔记本（线条）,笔记本,品牌17,三号纸,线条,灰色,48*10*5,2400
NoScA3liSi,银色 品牌17 三号纸 笔记本（线条）,笔记本,品牌17,三号纸,线条,银色,48*10*5,2400
NoScA3ruBl,黑色 品牌17 三号纸 笔记本（横线）,笔记本,品牌17,三号纸,横线,黑色,48*10*5,2400
NoScA3ruWh,白色 品牌17 三号纸 笔记本（横线）,笔记本,品牌17,三号纸,横线,白色,48*10*5,2400
NoScA3ruGr,灰色 品牌17 三号纸 笔记本（横线）,笔记本,品牌17,三号纸,横线,灰色,48*10*5,2400
NoScA3ruSi,银色 品牌17 三号纸 笔记本（横线）,笔记本,品牌17,三号纸,横线,银色,48*10*5,2400
NoGrA4doBl,黑色 品牌18 四号纸 笔记本（点阵）,笔记本,品牌18,四号纸,点阵,黑色,48*10*5,2400
NoGrA4doWh,白色 品牌18 四号纸 笔记本（点阵）,笔记本,品牌18,四号纸,点阵,白色,48*10*5,2400
NoGrA4doGr,灰色 品牌18 四号纸 笔记本（点阵）,笔记本,品牌18,四号纸,点阵,灰色,48*10*5,2400
NoGrA4doSi,银色 品牌18 四号纸 笔记本（点阵）,笔记本,品牌18,四号纸,点阵,银色,48*10*5,2400
NoGrA4liBl,黑色 品牌18 四号纸 笔记本（线条）,笔记本,品牌18,四号纸,线条,黑色,48*10*5,2400
NoGrA4liWh,白色 品牌18 四号纸 笔记本（线条）,笔记本,品牌18,四号纸,线条,白色,48*10*5,2400
NoGrA4liGr,灰色 品牌18 四号纸 笔记本（线条）,笔记本,品牌18,四号纸,线条,灰色,48*10*5,2400
NoGrA4liSi,银色 品牌18 四号纸 笔记本（线条）,笔记本,品牌18,四号纸,线条,银色,48*10*5,2400
NoGrA4ruBl,黑色 品牌18 四号纸 笔记本（横线）,笔记本,品牌18,四号纸,横线,黑色,48*10*5,2400
NoGrA4ruWh,白色 品牌18 四号纸 笔记本（横线）,笔记本,品牌18,四号纸,横线,白色,48*10*5,2400
NoGrA4ruGr,灰色 品牌18 四号纸 笔记本（横线）,笔记本,品牌18,四号纸,横线,灰色,48*10*5,2400
NoGrA4ruSi,银色 品牌18 四号纸 笔记本（横线）,笔记本,品牌18,四号纸,横线,银色,48*10*5,2400
NoGrA5doBl,黑色 品牌18 五号纸 笔记本（点阵）,笔记本,品牌18,五号纸,点阵,黑色,48*10*5,2400
NoGrA5doWh,白色 品牌18 五号纸 笔记本（点阵）,笔记本,品牌18,五号纸,点阵,白色,48*10*5,2400
NoGrA5doGr,灰色 品牌18 五号纸 笔记本（点阵）,笔记本,品牌18,五号纸,点阵,灰色,48*10*5,2400
NoGrA5doSi,银色 品牌18 五号纸 笔记本（点阵）,笔记本,品牌18,五号纸,点阵,银色,48*10*5,2400
NoGrA5liBl,黑色 品牌18 五号纸 笔记本（线条）,笔记本,品牌18,五号纸,线条,黑色,48*10*5,2400
NoGrA5liWh,白色 品牌18 五号纸 笔记本（线条）,笔记本,品牌18,五号纸,线条,白色,48*10*5,2400
NoGrA5liGr,灰色 品牌18 五号纸 笔记本（线条）,笔记本,品牌18,五号纸,线条,灰色,48*10*5,2400
NoGrA5liSi,银色 品牌18 五号纸 笔记本（线条）,笔记本,品牌18,五号纸,线条,银色,48*10*5,2400
NoGrA5ruBl,黑色 品牌18 五号纸 笔记本（横线）,笔记本,品牌18,五号纸,横线,黑色,48*10*5,2400
NoGrA5ruWh,白色 品牌18 五号纸 笔记本（横线）,笔记本,品牌18,五号纸,横线,白色,48*10*5,2400
NoGrA5ruGr,灰色 品牌18 五号纸 笔记本（横线）,笔记本,品牌18,五号纸,横线,灰色,48*10*5,2400
NoGrA5ruSi,银色 品牌18 五号纸 笔记本（横线）,笔记本,品牌18,五号纸,横线,银色,48*10*5,2400
NoGrA3doBl,黑色 品牌18 三号纸 笔记本（点阵）,笔记本,品牌18,三号纸,点阵,黑色,48*10*5,2400
NoGrA3doWh,白色 品牌18 三号纸 笔记本（点阵）,笔记本,品牌18,三号纸,点阵,白色,48*10*5,2400
NoGrA3doGr,灰色 品牌18 三号纸 笔记本（点阵）,笔记本,品牌18,三号纸,点阵,灰色,48*10*5,2400
NoGrA3doSi,银色 品牌18 三号纸 笔记本（点阵）,笔记本,品牌18,三号纸,点阵,银色,48*10*5,2400
NoGrA3liBl,黑色 品牌18 三号纸 笔记本（线条）,笔记本,品牌18,三号纸,线条,黑色,48*10*5,2400
NoGrA3liWh,白色 品牌18 三号纸 笔记本（线条）,笔记本,品牌18,三号纸,线条,白色,48*10*5,2400
NoGrA3liGr,灰色 品牌18 三号纸 笔记本（线条）,笔记本,品牌18,三号纸,线条,灰色,48*10*5,2400
NoGrA3liSi,银色 品牌18 三号纸 笔记本（线条）,笔记本,品牌18,三号纸,线条,银色,48*10*5,2400
NoGrA3ruBl,黑色 品牌18 三号纸 笔记本（横线）,笔记本,品牌18,三号纸,横线,黑色,48*10*5,2400
NoGrA3ruWh,白色 品牌18 三号纸 笔记本（横线）,笔记本,品牌18,三号纸,横线,白色,48*10*5,2400
NoGrA3ruGr,灰色 品牌18 三号纸 笔记本（横线）,笔记本,品牌18,三号纸,横线,灰色,48*10*5,2400
NoGrA3ruSi,银色 品牌18 三号纸 笔记本（横线）,笔记本,品牌18,三号纸,横线,银色,48*10*5,2400
NoMuA4doBl,黑色 品牌19 四号纸 笔记本（点阵）,笔记本,品牌19,四号纸,点阵,黑色,48*10*5,2400
NoMuA4doWh,白色 品牌19 四号纸 笔记本（点阵）,笔记本,品牌19,四号纸,点阵,白色,48*10*5,2400
NoMuA4doGr,灰色 品牌19 四号纸 笔记本（点阵）,笔记本,品牌19,四号纸,点阵,灰色,48*10*5,2400
NoMuA4doSi,银色 品牌19 四号纸 笔记本（点阵）,笔记本,品牌19,四号纸,点阵,银色,48*10*5,2400
NoMuA4liBl,黑色 品牌19 四号纸 笔记本（线条）,笔记本,品牌19,四号纸,线条,黑色,48*10*5,2400
NoMuA4liWh,白色 品牌19 四号纸 笔记本（线条）,笔记本,品牌19,四号纸,线条,白色,48*10*5,2400
NoMuA4liGr,灰色 品牌19 四号纸 笔记本（线条）,笔记本,品牌19,四号纸,线条,灰色,48*10*5,2400
NoMuA4liSi,银色 品牌19 四号纸 笔记本（线条）,笔记本,品牌19,四号纸,线条,银色,48*10*5,2400
NoMuA4ruBl,黑色 品牌19 四号纸 笔记本（横线）,笔记本,品牌19,四号纸,横线,黑色,48*10*5,2400
NoMuA4ruWh,白色 品牌19 四号纸 笔记本（横线）,笔记本,品牌19,四号纸,横线,白色,48*10*5,2400
NoMuA4ruGr,灰色 品牌19 四号纸 笔记本（横线）,笔记本,品牌19,四号纸,横线,灰色,48*10*5,2400
NoMuA4ruSi,银色 品牌19 四号纸 笔记本（横线）,笔记本,品牌19,四号纸,横线,银色,48*10*5,2400
NoMuA5doBl,黑色 品牌19 五号纸 笔记本（点阵）,笔记本,品牌19,五号纸,点阵,黑色,48*10*5,2400
NoMuA5doWh,白色 品牌19 五号纸 笔记本（点阵）,笔记本,品牌19,五号纸,点阵,白色,48*10*5,2400
NoMuA5doGr,灰色 品牌19 五号纸 笔记本（点阵）,笔记本,品牌19,五号纸,点阵,灰色,48*10*5,2400
NoMuA5doSi,银色 品牌19 五号纸 笔记本（点阵）,笔记本,品牌19,五号纸,点阵,银色,48*10*5,2400
NoMuA5liBl,黑色 品牌19 五号纸 笔记本（线条）,笔记本,品牌19,五号纸,线条,黑色,48*10*5,2400
NoMuA5liWh,白色 品牌19 五号纸 笔记本（线条）,笔记本,品牌19,五号纸,线条,白色,48*10*5,2400
NoMuA5liGr,灰色 品牌19 五号纸 笔记本（线条）,笔记本,品牌19,五号纸,线条,灰色,48*10*5,2400
NoMuA5liSi,银色 品牌19 五号纸 笔记本（线条）,笔记本,品牌19,五号纸,线条,银色,48*10*5,2400
NoMuA5ruBl,黑色 品牌19 五号纸 笔记本（横线）,笔记本,品牌19,五号纸,横线,黑色,48*10*5,2400
NoMuA5ruWh,白色 品牌19 五号纸 笔记本（横线）,笔记本,品牌19,五号纸,横线,白色,48*10*5,2400
NoMuA5ruGr,灰色 品牌19 五号纸 笔记本（横线）,笔记本,品牌19,五号纸,横线,灰色,48*10*5,2400
NoMuA5ruSi,银色 品牌19 五号纸 笔记本（横线）,笔记本,品牌19,五号纸,横线,银色,48*10*5,2400
NoMuA3doBl,黑色 品牌19 三号纸 笔记本（点阵）,笔记本,品牌19,三号纸,点阵,黑色,48*10*5,2400
NoMuA3doWh,白色 品牌19 三号纸 笔记本（点阵）,笔记本,品牌19,三号纸,点阵,白色,48*10*5,2400
NoMuA3doGr,灰色 品牌19 三号纸 笔记本（点阵）,笔记本,品牌19,三号纸,点阵,灰色,48*10*5,2400
NoMuA3doSi,银色 品牌19 三号纸 笔记本（点阵）,笔记本,品牌19,三号纸,点阵,银色,48*10*5,2400
NoMuA3liBl,黑色 品牌19 三号纸 笔记本（线条）,笔记本,品牌19,三号纸,线条,黑色,48*10*5,2400
NoMuA3liWh,白色 品牌19 三号纸 笔记本（线条）,笔记本,品牌19,三号纸,线条,白色,48*10*5,2400
NoMuA3liGr,灰色 品牌19 三号纸 笔记本（线条）,笔记本,品牌19,三号纸,线条,灰色,48*10*5,2400
NoMuA3liSi,银色 品牌19 三号纸 笔记本（线条）,笔记本,品牌19,三号纸,线条,银色,48*10*5,2400
NoMuA3ruBl,黑色 品牌19 三号纸 笔记本（横线）,笔记本,品牌19,三号纸,横线,黑色,48*10*5,2400
NoMuA3ruWh,白色 品牌19 三号纸 笔记本（横线）,笔记本,品牌19,三号纸,横线,白色,48*10*5,2400
NoMuA3ruGr,灰色 品牌19 三号纸 笔记本（横线）,笔记本,品牌19,三号纸,横线,灰色,48*10*5,2400
NoMuA3ruSi,银色 品牌19 三号纸 笔记本（横线）,笔记本,品牌19,三号纸,横线,银色,48*10*5,2400
SPAl12WaBl,黑色 品牌20 12 触控笔（水彩）,触控笔,品牌20,12,水彩,黑色,48*10*5,2400
SPAl12WaWh,白色 品牌20 12 触控笔（水彩）,触控笔,品牌20,12,水彩,白色,48*10*5,2400
SPAl12WaGr,灰色 品牌20 12 触控笔（水彩）,触控笔,品牌20,12,水彩,灰色,48*10*5,2400
SPAl12WaPi,粉色 品牌20 12 触控笔（水彩）,触控笔,品牌20,12,水彩,粉色,48*10*5,2400
SPAl12HeBl,黑色 品牌20 12 触控笔（六角形）,触控笔,品牌20,12,六角形,黑色,48*10*5,2400
SPAl12HeWh,白色 品牌20 12 触控笔（六角形）,触控笔,品牌20,12,六角形,白色,48*10*5,2400
SPAl12HeGr,灰色 品牌20 12 触控笔（六角形）,触控笔,品牌20,12,六角形,灰色,48*10*5,2400
SPAl12HePi,粉色 品牌20 12 触控笔（六角形）,触控笔,品牌20,12,六角形,粉色,48*10*5,2400
SPAl12SoBl,黑色 品牌20 12 触控笔（可溶性）,触控笔,品牌20,12,可溶性,黑色,48*10*5,2400
SPAl12SoWh,白色 品牌20 12 触控笔（可溶性）,触控笔,品牌20,12,可溶性,白色,48*10*5,2400
SPAl12SoGr,灰色 品牌20 12 触控笔（可溶性）,触控笔,品牌20,12,可溶性,灰色,48*10*5,2400
SPAl12SoPi,粉色 品牌20 12 触控笔（可溶性）,触控笔,品牌20,12,可溶性,粉色,48*10*5,2400
SPAl24WaBl,黑色 品牌20 24 触控笔（水彩）,触控笔,品牌20,24,水彩,黑色,48*10*5,2400
SPAl24WaWh,白色 品牌20 24 触控笔（水彩）,触控笔,品牌20,24,水彩,白色,48*10*5,2400
SPAl24WaGr,灰色 品牌20 24 触控笔（水彩）,触控笔,品牌20,24,水彩,灰色,48*10*5,2400
SPAl24WaPi,粉色 品牌20 24 触控笔（水彩）,触控笔,品牌20,24,水彩,粉色,48*10*5,2400
SPAl24HeBl,黑色 品牌20 24 触控笔（六角形）,触控笔,品牌20,24,六角形,黑色,48*10*5,2400
SPAl24HeWh,白色 品牌20 24 触控笔（六角形）,触控笔,品牌20,24,六角形,白色,48*10*5,2400
SPAl24HeGr,灰色 品牌20 24 触控笔（六角形）,触控笔,品牌20,24,六角形,灰色,48*10*5,2400
SPAl24HePi,粉色 品牌20 24 触控笔（六角形）,触控笔,品牌20,24,六角形,粉色,48*10*5,2400
SPAl24SoBl,黑色 品牌20 24 触控笔（可溶性）,触控笔,品牌20,24,可溶性,黑色,48*10*5,2400
SPAl24SoWh,白色 品牌20 24 触控笔（可溶性）,触控笔,品牌20,24,可溶性,白色,48*10*5,2400
SPAl24SoGr,灰色 品牌20 24 触控笔（可溶性）,触控笔,品牌20,24,可溶性,灰色,48*10*5,2400
SPAl24SoPi,粉色 品牌20 24 触控笔（可溶性）,触控笔,品牌20,24,可溶性,粉色,48*10*5,2400
SPAl50WaBl,黑色 品牌20 50 触控笔（水彩）,触控笔,品牌20,50,水彩,黑色,48*10*5,2400
SPAl50WaWh,白色 品牌20 50 触控笔（水彩）,触控笔,品牌20,50,水彩,白色,48*10*5,2400
SPAl50WaGr,灰色 品牌20 50 触控笔（水彩）,触控笔,品牌20,50,水彩,灰色,48*10*5,2400
SPAl50WaPi,粉色 品牌20 50 触控笔（水彩）,触控笔,品牌20,50,水彩,粉色,48*10*5,2400
SPAl50HeBl,黑色 品牌20 50 触控笔（六角形）,触控笔,品牌20,50,六角形,黑色,48*10*5,2400
SPAl50HeWh,白色 品牌20 50 触控笔（六角形）,触控笔,品牌20,50,六角形,白色,48*10*5,2400
SPAl50HeGr,灰色 品牌20 50 触控笔（六角形）,触控笔,品牌20,50,六角形,灰色,48*10*5,2400
SPAl50HePi,粉色 品牌20 50 触控笔（六角形）,触控笔,品牌20,50,六角形,粉色,48*10*5,2400
SPAl50SoBl,黑色 品牌20 50 触控笔（可溶性）,触控笔,品牌20,50,可溶性,黑色,48*10*5,2400
SPAl50SoWh,白色 品牌20 50 触控笔（可溶性）,触控笔,品牌20,50,可溶性,白色,48*10*5,2400
SPAl50SoGr,灰色 品牌20 50 触控笔（可溶性）,触控笔,品牌20,50,可溶性,灰色,48*10*5,2400
SPAl50SoPi,粉色 品牌20 50 触控笔（可溶性）,触控笔,品牌20,50,可溶性,粉色,48*10*5,2400
SPGi12WaBl,黑色 品牌21 12 触控笔（水彩）,触控笔,品牌21,12,水彩,黑色,48*10*5,2400
SPGi12WaWh,白色 品牌21 12 触控笔（水彩）,触控笔,品牌21,12,水彩,白色,48*10*5,2400
SPGi12WaGr,灰色 品牌21 12 触控笔（水彩）,触控笔,品牌21,12,水彩,灰色,48*10*5,2400
SPGi12WaPi,粉色 品牌21 12 触控笔（水彩）,触控笔,品牌21,12,水彩,粉色,48*10*5,2400
SPGi12HeBl,黑色 品牌21 12 触控笔（六角形）,触控笔,品牌21,12,六角形,黑色,48*10*5,2400
SPGi12HeWh,白色 品牌21 12 触控笔（六角形）,触控笔,品牌21,12,六角形,白色,48*10*5,2400
SPGi12HeGr,灰色 品牌21 12 触控笔（六角形）,触控笔,品牌21,12,六角形,灰色,48*10*5,2400
SPGi12HePi,粉色 品牌21 12 触控笔（六角形）,触控笔,品牌21,12,六角形,粉色,48*10*5,2400
SPGi12SoBl,黑色 品牌21 12 触控笔（可溶性）,触控笔,品牌21,12,可溶性,黑色,48*10*5,2400
SPGi12SoWh,白色 品牌21 12 触控笔（可溶性）,触控笔,品牌21,12,可溶性,白色,48*10*5,2400
SPGi12SoGr,灰色 品牌21 12 触控笔（可溶性）,触控笔,品牌21,12,可溶性,灰色,48*10*5,2400
SPGi12SoPi,粉色 品牌21 12 触控笔（可溶性）,触控笔,品牌21,12,可溶性,粉色,48*10*5,2400
SPGi24WaBl,黑色 品牌21 24 触控笔（水彩）,触控笔,品牌21,24,水彩,黑色,48*10*5,2400
SPGi24WaWh,白色 品牌21 24 触控笔（水彩）,触控笔,品牌21,24,水彩,白色,48*10*5,2400
SPGi24WaGr,灰色 品牌21 24 触控笔（水彩）,触控笔,品牌21,24,水彩,灰色,48*10*5,2400
SPGi24WaPi,粉色 品牌21 24 触控笔（水彩）,触控笔,品牌21,24,水彩,粉色,48*10*5,2400
SPGi24HeBl,黑色 品牌21 24 触控笔（六角形）,触控笔,品牌21,24,六角形,黑色,48*10*5,2400
SPGi24HeWh,白色 品牌21 24 触控笔（六角形）,触控笔,品牌21,24,六角形,白色,48*10*5,2400
SPGi24HeGr,灰色 品牌21 24 触控笔（六角形）,触控笔,品牌21,24,六角形,灰色,48*10*5,2400
SPGi24HePi,粉色 品牌21 24 触控笔（六角形）,触控笔,品牌21,24,六角形,粉色,48*10*5,2400
SPGi24SoBl,黑色 品牌21 24 触控笔（可溶性）,触控笔,品牌21,24,可溶性,黑色,48*10*5,2400
SPGi24SoWh,白色 品牌21 24 触控笔（可溶性）,触控笔,品牌21,24,可溶性,白色,48*10*5,2400
SPGi24SoGr,灰色 品牌21 24 触控笔（可溶性）,触控笔,品牌21,24,可溶性,灰色,48*10*5,2400
SPGi24SoPi,粉色 品牌21 24 触控笔（可溶性）,触控笔,品牌21,24,可溶性,粉色,48*10*5,2400
SPGi50WaBl,黑色 品牌21 50 触控笔（水彩）,触控笔,品牌21,50,水彩,黑色,48*10*5,2400
SPGi50WaWh,白色 品牌21 50 触控笔（水彩）,触控笔,品牌21,50,水彩,白色,48*10*5,2400
SPGi50WaGr,灰色 品牌21 50 触控笔（水彩）,触控笔,品牌21,50,水彩,灰色,48*10*5,2400
SPGi50WaPi,粉色 品牌21 50 触控笔（水彩）,触控笔,品牌21,50,水彩,粉色,48*10*5,2400
SPGi50HeBl,黑色 品牌21 50 触控笔（六角形）,触控笔,品牌21,50,六角形,黑色,48*10*5,2400
SPGi50HeWh,白色 品牌21 50 触控笔（六角形）,触控笔,品牌21,50,六角形,白色,48*10*5,2400
SPGi50HeGr,灰色 品牌21 50 触控笔（六角形）,触控笔,品牌21,50,六角形,灰色,48*10*5,2400
SPGi50HePi,粉色 品牌21 50 触控笔（六角形）,触控笔,品牌21,50,六角形,粉色,48*10*5,2400
SPGi50SoBl,黑色 品牌21 50 触控笔（可溶性）,触控笔,品牌21,50,可溶性,黑色,48*10*5,2400
SPGi50SoWh,白色 品牌21 50 触控笔（可溶性）,触控笔,品牌21,50,可溶性,白色,48*10*5,2400
SPGi50SoGr,灰色 品牌21 50 触控笔（可溶性）,触控笔,品牌21,50,可溶性,灰色,48*10*5,2400
SPGi50SoPi,粉色 品牌21 50 触控笔（可溶性）,触控笔,品牌21,50,可溶性,粉色,48*10*5,2400
SPRe12WaBl,黑色 品牌22 12 触控笔（水彩）,触控笔,品牌22,12,水彩,黑色,48*10*5,2400
SPRe12WaWh,白色 品牌22 12 触控笔（水彩）,触控笔,品牌22,12,水彩,白色,48*10*5,2400
SPRe12WaGr,灰色 品牌22 12 触控笔（水彩）,触控笔,品牌22,12,水彩,灰色,48*10*5,2400
SPRe12WaPi,粉色 品牌22 12 触控笔（水彩）,触控笔,品牌22,12,水彩,粉色,48*10*5,2400
SPRe12HeBl,黑色 品牌22 12 触控笔（六角形）,触控笔,品牌22,12,六角形,黑色,48*10*5,2400
SPRe12HeWh,白色 品牌22 12 触控笔（六角形）,触控笔,品牌22,12,六角形,白色,48*10*5,2400
SPRe12HeGr,灰色 品牌22 12 触控笔（六角形）,触控笔,品牌22,12,六角形,灰色,48*10*5,2400
SPRe12HePi,粉色 品牌22 12 触控笔（六角形）,触控笔,品牌22,12,六角形,粉色,48*10*5,2400
SPRe12SoBl,黑色 品牌22 12 触控笔（可溶性）,触控笔,品牌22,12,可溶性,黑色,48*10*5,2400
SPRe12SoWh,白色 品牌22 12 触控笔（可溶性）,触控笔,品牌22,12,可溶性,白色,48*10*5,2400
SPRe12SoGr,灰色 品牌22 12 触控笔（可溶性）,触控笔,品牌22,12,可溶性,灰色,48*10*5,2400
SPRe12SoPi,粉色 品牌22 12 触控笔（可溶性）,触控笔,品牌22,12,可溶性,粉色,48*10*5,2400
SPRe24WaBl,黑色 品牌22 24 触控笔（水彩）,触控笔,品牌22,24,水彩,黑色,48*10*5,2400
SPRe24WaWh,白色 品牌22 24 触控笔（水彩）,触控笔,品牌22,24,水彩,白色,48*10*5,2400
SPRe24WaGr,灰色 品牌22 24 触控笔（水彩）,触控笔,品牌22,24,水彩,灰色,48*10*5,2400
SPRe24WaPi,粉色 品牌22 24 触控笔（水彩）,触控笔,品牌22,24,水彩,粉色,48*10*5,2400
SPRe24HeBl,黑色 品牌22 24 触控笔（六角形）,触控笔,品牌22,24,六角形,黑色,48*10*5,2400
SPRe24HeWh,白色 品牌22 24 触控笔（六角形）,触控笔,品牌22,24,六角形,白色,48*10*5,2400
SPRe24HeGr,灰色 品牌22 24 触控笔（六角形）,触控笔,品牌22,24,六角形,灰色,48*10*5,2400
SPRe24HePi,粉色 品牌22 24 触控笔（六角形）,触控笔,品牌22,24,六角形,粉色,48*10*5,2400
SPRe24SoBl,黑色 品牌22 24 触控笔（可溶性）,触控笔,品牌22,24,可溶性,黑色,48*10*5,2400
SPRe24SoWh,白色 品牌22 24 触控笔（可溶性）,触控笔,品牌22,24,可溶性,白色,48*10*5,2400
SPRe24SoGr,灰色 品牌22 24 触控笔（可溶性）,触控笔,品牌22,24,可溶性,灰色,48*10*5,2400
SPRe24SoPi,粉色 品牌22 24 触控笔（可溶性）,触控笔,品牌22,24,可溶性,粉色,48*10*5,2400
SPRe50WaBl,黑色 品牌22 50 触控笔（水彩）,触控笔,品牌22,50,水彩,黑色,48*10*5,2400
SPRe50WaWh,白色 品牌22 50 触控笔（水彩）,触控笔,品牌22,50,水彩,白色,48*10*5,2400
SPRe50WaGr,灰色 品牌22 50 触控笔（水彩）,触控笔,品牌22,50,水彩,灰色,48*10*5,2400
SPRe50WaPi,粉色 品牌22 50 触控笔（水彩）,触控笔,品牌22,50,水彩,粉色,48*10*5,2400
SPRe50HeBl,黑色 品牌22 50 触控笔（六角形）,触控笔,品牌22,50,六角形,黑色,48*10*5,2400
SPRe50HeWh,白色 品牌22 50 触控笔（六角形）,触控笔,品牌22,50,六角形,白色,48*10*5,2400
SPRe50HeGr,灰色 品牌22 50 触控笔（六角形）,触控笔,品牌22,50,六角形,灰色,48*10*5,2400
SPRe50HePi,粉色 品牌22 50 触控笔（六角形）,触控笔,品牌22,50,六角形,粉色,48*10*5,2400
SPRe50SoBl,黑色 品牌22 50 触控笔（可溶性）,触控笔,品牌22,50,可溶性,黑色,48*10*5,2400
SPRe50SoWh,白色 品牌22 50 触控笔（可溶性）,触控笔,品牌22,50,可溶性,白色,48*10*5,2400
SPRe50SoGr,灰色 品牌22 50 触控笔（可溶性）,触控笔,品牌22,50,可溶性,灰色,48*10*5,2400
SPRe50SoPi,粉色 品牌22 50 触控笔（可溶性）,触控笔,品牌22,50,可溶性,粉色,48*10*5,2400
SPNa12WaBl,黑色 品牌23 12 触控笔（水彩）,触控笔,品牌23,12,水彩,黑色,48*10*5,2400
SPNa12WaWh,白色 品牌23 12 触控笔（水彩）,触控笔,品牌23,12,水彩,白色,48*10*5,2400
SPNa12WaGr,灰色 品牌23 12 触控笔（水彩）,触控笔,品牌23,12,水彩,灰色,48*10*5,2400
SPNa12WaPi,粉色 品牌23 12 触控笔（水彩）,触控笔,品牌23,12,水彩,粉色,48*10*5,2400
SPNa12HeBl,黑色 品牌23 12 触控笔（六角形）,触控笔,品牌23,12,六角形,黑色,48*10*5,2400
SPNa12HeWh,白色 品牌23 12 触控笔（六角形）,触控笔,品牌23,12,六角形,白色,48*10*5,2400
SPNa12HeGr,灰色 品牌23 12 触控笔（六角形）,触控笔,品牌23,12,六角形,灰色,48*10*5,2400
SPNa12HePi,粉色 品牌23 12 触控笔（六角形）,触控笔,品牌23,12,六角形,粉色,48*10*5,2400
SPNa12SoBl,黑色 品牌23 12 触控笔（可溶性）,触控笔,品牌23,12,可溶性,黑色,48*10*5,2400
SPNa12SoWh,白色 品牌23 12 触控笔（可溶性）,触控笔,品牌23,12,可溶性,白色,48*10*5,2400
SPNa12SoGr,灰色 品牌23 12 触控笔（可溶性）,触控笔,品牌23,12,可溶性,灰色,48*10*5,2400
SPNa12SoPi,粉色 品牌23 12 触控笔（可溶性）,触控笔,品牌23,12,可溶性,粉色,48*10*5,2400
SPNa24WaBl,黑色 品牌23 24 触控笔（水彩）,触控笔,品牌23,24,水彩,黑色,48*10*5,2400
SPNa24WaWh,白色 品牌23 24 触控笔（水彩）,触控笔,品牌23,24,水彩,白色,48*10*5,2400
SPNa24WaGr,灰色 品牌23 24 触控笔（水彩）,触控笔,品牌23,24,水彩,灰色,48*10*5,2400
SPNa24WaPi,粉色 品牌23 24 触控笔（水彩）,触控笔,品牌23,24,水彩,粉色,48*10*5,2400
SPNa24HeBl,黑色 品牌23 24 触控笔（六角形）,触控笔,品牌23,24,六角形,黑色,48*10*5,2400
SPNa24HeWh,白色 品牌23 24 触控笔（六角形）,触控笔,品牌23,24,六角形,白色,48*10*5,2400
SPNa24HeGr,灰色 品牌23 24 触控笔（六角形）,触控笔,品牌23,24,六角形,灰色,48*10*5,2400
SPNa24HePi,粉色 品牌23 24 触控笔（六角形）,触控笔,品牌23,24,六角形,粉色,48*10*5,2400
SPNa24SoBl,黑色 品牌23 24 触控笔（可溶性）,触控笔,品牌23,24,可溶性,黑色,48*10*5,2400
SPNa24SoWh,白色 品牌23 24 触控笔（可溶性）,触控笔,品牌23,24,可溶性,白色,48*10*5,2400
SPNa24SoGr,灰色 品牌23 24 触控笔（可溶性）,触控笔,品牌23,24,可溶性,灰色,48*10*5,2400
SPNa24SoPi,粉色 品牌23 24 触控笔（可溶性）,触控笔,品牌23,24,可溶性,粉色,48*10*5,2400
SPNa50WaBl,黑色 品牌23 50 触控笔（水彩）,触控笔,品牌23,50,水彩,黑色,48*10*5,2400
SPNa50WaWh,白色 品牌23 50 触控笔（水彩）,触控笔,品牌23,50,水彩,白色,48*10*5,2400
SPNa50WaGr,灰色 品牌23 50 触控笔（水彩）,触控笔,品牌23,50,水彩,灰色,48*10*5,2400
SPNa50WaPi,粉色 品牌23 50 触控笔（水彩）,触控笔,品牌23,50,水彩,粉色,48*10*5,2400
SPNa50HeBl,黑色 品牌23 50 触控笔（六角形）,触控笔,品牌23,50,六角形,黑色,48*10*5,2400
SPNa50HeWh,白色 品牌23 50 触控笔（六角形）,触控笔,品牌23,50,六角形,白色,48*10*5,2400
SPNa50HeGr,灰色 品牌23 50 触控笔（六角形）,触控笔,品牌23,50,六角形,灰色,48*10*5,2400
SPNa50HePi,粉色 品牌23 50 触控笔（六角形）,触控笔,品牌23,50,六角形,粉色,48*10*5,2400
SPNa50SoBl,黑色 品牌23 50 触控笔（可溶性）,触控笔,品牌23,50,可溶性,黑色,48*10*5,2400
SPNa50SoWh,白色 品牌23 50 触控笔（可溶性）,触控笔,品牌23,50,可溶性,白色,48*10*5,2400
SPNa50SoGr,灰色 品牌23 50 触控笔（可溶性）,触控笔,品牌23,50,可溶性,灰色,48*10*5,2400
SPNa50SoPi,粉色 品牌23 50 触控笔（可溶性）,触控笔,品牌23,50,可溶性,粉色,48*10*5,2400
PeAl12WaBl,黑色 品牌20 12 铅笔（水彩）,铅笔,品牌20,12,水彩,黑色,48*10*5,2400
PeAl12WaWh,白色 品牌20 12 铅笔（水彩）,铅笔,品牌20,12,水彩,白色,48*10*5,2400
PeAl12WaGr,灰色 品牌20 12 铅笔（水彩）,铅笔,品牌20,12,水彩,灰色,48*10*5,2400
PeAl12WaPi,粉色 品牌20 12 铅笔（水彩）,铅笔,品牌20,12,水彩,粉色,48*10*5,2400
PeAl12HeBl,黑色 品牌20 12 铅笔（六角形）,铅笔,品牌20,12,六角形,黑色,48*10*5,2400
PeAl12HeWh,白色 品牌20 12 铅笔（六角形）,铅笔,品牌20,12,六角形,白色,48*10*5,2400
PeAl12HeGr,灰色 品牌20 12 铅笔（六角形）,铅笔,品牌20,12,六角形,灰色,48*10*5,2400
PeAl12HePi,粉色 品牌20 12 铅笔（六角形）,铅笔,品牌20,12,六角形,粉色,48*10*5,2400
PeAl12SoBl,黑色 品牌20 12 铅笔（可溶性）,铅笔,品牌20,12,可溶性,黑色,48*10*5,2400
PeAl12SoWh,白色 品牌20 12 铅笔（可溶性）,铅笔,品牌20,12,可溶性,白色,48*10*5,2400
PeAl12SoGr,灰色 品牌20 12 铅笔（可溶性）,铅笔,品牌20,12,可溶性,灰色,48*10*5,2400
PeAl12SoPi,粉色 品牌20 12 铅笔（可溶性）,铅笔,品牌20,12,可溶性,粉色,48*10*5,2400
PeAl24WaBl,黑色 品牌20 24 铅笔（水彩）,铅笔,品牌20,24,水彩,黑色,48*10*5,2400
PeAl24WaWh,白色 品牌20 24 铅笔（水彩）,铅笔,品牌20,24,水彩,白色,48*10*5,2400
PeAl24WaGr,灰色 品牌20 24 铅笔（水彩）,铅笔,品牌20,24,水彩,灰色,48*10*5,2400
PeAl24WaPi,粉色 品牌20 24 铅笔（水彩）,铅笔,品牌20,24,水彩,粉色,48*10*5,2400
PeAl24HeBl,黑色 品牌20 24 铅笔（六角形）,铅笔,品牌20,24,六角形,黑色,48*10*5,2400
PeAl24HeWh,白色 品牌20 24 铅笔（六角形）,铅笔,品牌20,24,六角形,白色,48*10*5,2400
PeAl24HeGr,灰色 品牌20 24 铅笔（六角形）,铅笔,品牌20,24,六角形,灰色,48*10*5,2400
PeAl24HePi,粉色 品牌20 24 铅笔（六角形）,铅笔,品牌20,24,六角形,粉色,48*10*5,2400
PeAl24SoBl,黑色 品牌20 24 铅笔（可溶性）,铅笔,品牌20,24,可溶性,黑色,48*10*5,2400
PeAl24SoWh,白色 品牌20 24 铅笔（可溶性）,铅笔,品牌20,24,可溶性,白色,48*10*5,2400
PeAl24SoGr,灰色 品牌20 24 铅笔（可溶性）,铅笔,品牌20,24,可溶性,灰色,48*10*5,2400
PeAl24SoPi,粉色 品牌20 24 铅笔（可溶性）,铅笔,品牌20,24,可溶性,粉色,48*10*5,2400
PeAl50WaBl,黑色 品牌20 50 铅笔（水彩）,铅笔,品牌20,50,水彩,黑色,48*10*5,2400
PeAl50WaWh,白色 品牌20 50 铅笔（水彩）,铅笔,品牌20,50,水彩,白色,48*10*5,2400
PeAl50WaGr,灰色 品牌20 50 铅笔（水彩）,铅笔,品牌20,50,水彩,灰色,48*10*5,2400
PeAl50WaPi,粉色 品牌20 50 铅笔（水彩）,铅笔,品牌20,50,水彩,粉色,48*10*5,2400
PeAl50HeBl,黑色 品牌20 50 铅笔（六角形）,铅笔,品牌20,50,六角形,黑色,48*10*5,2400
PeAl50HeWh,白色 品牌20 50 铅笔（六角形）,铅笔,品牌20,50,六角形,白色,48*10*5,2400
PeAl50HeGr,灰色 品牌20 50 铅笔（六角形）,铅笔,品牌20,50,六角形,灰色,48*10*5,2400
PeAl50HePi,粉色 品牌20 50 铅笔（六角形）,铅笔,品牌20,50,六角形,粉色,48*10*5,2400
PeAl50SoBl,黑色 品牌20 50 铅笔（可溶性）,铅笔,品牌20,50,可溶性,黑色,48*10*5,2400
PeAl50SoWh,白色 品牌20 50 铅笔（可溶性）,铅笔,品牌20,50,可溶性,白色,48*10*5,2400
PeAl50SoGr,灰色 品牌20 50 铅笔（可溶性）,铅笔,品牌20,50,可溶性,灰色,48*10*5,2400
PeAl50SoPi,粉色 品牌20 50 铅笔（可溶性）,铅笔,品牌20,50,可溶性,粉色,48*10*5,2400
PeGi12WaBl,黑色 品牌21 12 铅笔（水彩）,铅笔,品牌21,12,水彩,黑色,48*10*5,2400
PeGi12WaWh,白色 品牌21 12 铅笔（水彩）,铅笔,品牌21,12,水彩,白色,48*10*5,2400
PeGi12WaGr,灰色 品牌21 12 铅笔（水彩）,铅笔,品牌21,12,水彩,灰色,48*10*5,2400
PeGi12WaPi,粉色 品牌21 12 铅笔（水彩）,铅笔,品牌21,12,水彩,粉色,48*10*5,2400
PeGi12HeBl,黑色 品牌21 12 铅笔（六角形）,铅笔,品牌21,12,六角形,黑色,48*10*5,2400
PeGi12HeWh,白色 品牌21 12 铅笔（六角形）,铅笔,品牌21,12,六角形,白色,48*10*5,2400
PeGi12HeGr,灰色 品牌21 12 铅笔（六角形）,铅笔,品牌21,12,六角形,灰色,48*10*5,2400
PeGi12HePi,粉色 品牌21 12 铅笔（六角形）,铅笔,品牌21,12,六角形,粉色,48*10*5,2400
PeGi12SoBl,黑色 品牌21 12 铅笔（可溶性）,铅笔,品牌21,12,可溶性,黑色,48*10*5,2400
PeGi12SoWh,白色 品牌21 12 铅笔（可溶性）,铅笔,品牌21,12,可溶性,白色,48*10*5,2400
PeGi12SoGr,灰色 品牌21 12 铅笔（可溶性）,铅笔,品牌21,12,可溶性,灰色,48*10*5,2400
PeGi12SoPi,粉色 品牌21 12 铅笔（可溶性）,铅笔,品牌21,12,可溶性,粉色,48*10*5,2400
PeGi24WaBl,黑色 品牌21 24 铅笔（水彩）,铅笔,品牌21,24,水彩,黑色,48*10*5,2400
PeGi24WaWh,白色 品牌21 24 铅笔（水彩）,铅笔,品牌21,24,水彩,白色,48*10*5,2400
PeGi24WaGr,灰色 品牌21 24 铅笔（水彩）,铅笔,品牌21,24,水彩,灰色,48*10*5,2400
PeGi24WaPi,粉色 品牌21 24 铅笔（水彩）,铅笔,品牌21,24,水彩,粉色,48*10*5,2400
PeGi24HeBl,黑色 品牌21 24 铅笔（六角形）,铅笔,品牌21,24,六角形,黑色,48*10*5,2400
PeGi24HeWh,白色 品牌21 24 铅笔（六角形）,铅笔,品牌21,24,六角形,白色,48*10*5,2400
PeGi24HeGr,灰色 品牌21 24 铅笔（六角形）,铅笔,品牌21,24,六角形,灰色,48*10*5,2400
PeGi24HePi,粉色 品牌21 24 铅笔（六角形）,铅笔,品牌21,24,六角形,粉色,48*10*5,2400
PeGi24SoBl,黑色 品牌21 24 铅笔（可溶性）,铅笔,品牌21,24,可溶性,黑色,48*10*5,2400
PeGi24SoWh,白色 品牌21 24 铅笔（可溶性）,铅笔,品牌21,24,可溶性,白色,48*10*5,2400
PeGi24SoGr,灰色 品牌21 24 铅笔（可溶性）,铅笔,品牌21,24,可溶性,灰色,48*10*5,2400
PeGi24SoPi,粉色 品牌21 24 铅笔（可溶性）,铅笔,品牌21,24,可溶性,粉色,48*10*5,2400
PeGi50WaBl,黑色 品牌21 50 铅笔（水彩）,铅笔,品牌21,50,水彩,黑色,48*10*5,2400
PeGi50WaWh,白色 品牌21 50 铅笔（水彩）,铅笔,品牌21,50,水彩,白色,48*10*5,2400
PeGi50WaGr,灰色 品牌21 50 铅笔（水彩）,铅笔,品牌21,50,水彩,灰色,48*10*5,2400
PeGi50WaPi,粉色 品牌21 50 铅笔（水彩）,铅笔,品牌21,50,水彩,粉色,48*10*5,2400
PeGi50HeBl,黑色 品牌21 50 铅笔（六角形）,铅笔,品牌21,50,六角形,黑色,48*10*5,2400
PeGi50HeWh,白色 品牌21 50 铅笔（六角形）,铅笔,品牌21,50,六角形,白色,48*10*5,2400
PeGi50HeGr,灰色 品牌21 50 铅笔（六角形）,铅笔,品牌21,50,六角形,灰色,48*10*5,2400
PeGi50HePi,粉色 品牌21 50 铅笔（六角形）,铅笔,品牌21,50,六角形,粉色,48*10*5,2400
PeGi50SoBl,黑色 品牌21 50 铅笔（可溶性）,铅笔,品牌21,50,可溶性,黑色,48*10*5,2400
PeGi50SoWh,白色 品牌21 50 铅笔（可溶性）,铅笔,品牌21,50,可溶性,白色,48*10*5,2400
PeGi50SoGr,灰色 品牌21 50 铅笔（可溶性）,铅笔,品牌21,50,可溶性,灰色,48*10*5,2400
PeGi50SoPi,粉色 品牌21 50 铅笔（可溶性）,铅笔,品牌21,50,可溶性,粉色,48*10*5,2400
PeRe12WaBl,黑色 品牌22 12 铅笔（水彩）,铅笔,品牌22,12,水彩,黑色,48*10*5,2400
PeRe12WaWh,白色 品牌22 12 铅笔（水彩）,铅笔,品牌22,12,水彩,白色,48*10*5,2400
PeRe12WaGr,灰色 品牌22 12 铅笔（水彩）,铅笔,品牌22,12,水彩,灰色,48*10*5,2400
PeRe12WaPi,粉色 品牌22 12 铅笔（水彩）,铅笔,品牌22,12,水彩,粉色,48*10*5,2400
PeRe12HeBl,黑色 品牌22 12 铅笔（六角形）,铅笔,品牌22,12,六角形,黑色,48*10*5,2400
PeRe12HeWh,白色 品牌22 12 铅笔（六角形）,铅笔,品牌22,12,六角形,白色,48*10*5,2400
PeRe12HeGr,灰色 品牌22 12 铅笔（六角形）,铅笔,品牌22,12,六角形,灰色,48*10*5,2400
PeRe12HePi,粉色 品牌22 12 铅笔（六角形）,铅笔,品牌22,12,六角形,粉色,48*10*5,2400
PeRe12SoBl,黑色 品牌22 12 铅笔（可溶性）,铅笔,品牌22,12,可溶性,黑色,48*10*5,2400
PeRe12SoWh,白色 品牌22 12 铅笔（可溶性）,铅笔,品牌22,12,可溶性,白色,48*10*5,2400
PeRe12SoGr,灰色 品牌22 12 铅笔（可溶性）,铅笔,品牌22,12,可溶性,灰色,48*10*5,2400
PeRe12SoPi,粉色 品牌22 12 铅笔（可溶性）,铅笔,品牌22,12,可溶性,粉色,48*10*5,2400
PeRe24WaBl,黑色 品牌22 24 铅笔（水彩）,铅笔,品牌22,24,水彩,黑色,48*10*5,2400
PeRe24WaWh,白色 品牌22 24 铅笔（水彩）,铅笔,品牌22,24,水彩,白色,48*10*5,2400
PeRe24WaGr,灰色 品牌22 24 铅笔（水彩）,铅笔,品牌22,24,水彩,灰色,48*10*5,2400
PeRe24WaPi,粉色 品牌22 24 铅笔（水彩）,铅笔,品牌22,24,水彩,粉色,48*10*5,2400
PeRe24HeBl,黑色 品牌22 24 铅笔（六角形）,铅笔,品牌22,24,六角形,黑色,48*10*5,2400
PeRe24HeWh,白色 品牌22 24 铅笔（六角形）,铅笔,品牌22,24,六角形,白色,48*10*5,2400
PeRe24HeGr,灰色 品牌22 24 铅笔（六角形）,铅笔,品牌22,24,六角形,灰色,48*10*5,2400
PeRe24HePi,粉色 品牌22 24 铅笔（六角形）,铅笔,品牌22,24,六角形,粉色,48*10*5,2400
PeRe24SoBl,黑色 品牌22 24 铅笔（可溶性）,铅笔,品牌22,24,可溶性,黑色,48*10*5,2400
PeRe24SoWh,白色 品牌22 24 铅笔（可溶性）,铅笔,品牌22,24,可溶性,白色,48*10*5,2400
PeRe24SoGr,灰色 品牌22 24 铅笔（可溶性）,铅笔,品牌22,24,可溶性,灰色,48*10*5,2400
PeRe24SoPi,粉色 品牌22 24 铅笔（可溶性）,铅笔,品牌22,24,可溶性,粉色,48*10*5,2400
PeRe50WaBl,黑色 品牌22 50 铅笔（水彩）,铅笔,品牌22,50,水彩,黑色,48*10*5,2400
PeRe50WaWh,白色 品牌22 50 铅笔（水彩）,铅笔,品牌22,50,水彩,白色,48*10*5,2400
PeRe50WaGr,灰色 品牌22 50 铅笔（水彩）,铅笔,品牌22,50,水彩,灰色,48*10*5,2400
PeRe50WaPi,粉色 品牌22 50 铅笔（水彩）,铅笔,品牌22,50,水彩,粉色,48*10*5,2400
PeRe50HeBl,黑色 品牌22 50 铅笔（六角形）,铅笔,品牌22,50,六角形,黑色,48*10*5,2400
PeRe50HeWh,白色 品牌22 50 铅笔（六角形）,铅笔,品牌22,50,六角形,白色,48*10*5,2400
PeRe50HeGr,灰色 品牌22 50 铅笔（六角形）,铅笔,品牌22,50,六角形,灰色,48*10*5,2400
PeRe50HePi,粉色 品牌22 50 铅笔（六角形）,铅笔,品牌22,50,六角形,粉色,48*10*5,2400
PeRe50SoBl,黑色 品牌22 50 铅笔（可溶性）,铅笔,品牌22,50,可溶性,黑色,48*10*5,2400
PeRe50SoWh,白色 品牌22 50 铅笔（可溶性）,铅笔,品牌22,50,可溶性,白色,48*10*5,2400
PeRe50SoGr,灰色 品牌22 50 铅笔（可溶性）,铅笔,品牌22,50,可溶性,灰色,48*10*5,2400
PeRe50SoPi,粉色 品牌22 50 铅笔（可溶性）,铅笔,品牌22,50,可溶性,粉色,48*10*5,2400
PeNa12WaBl,黑色 品牌23 12 铅笔（水彩）,铅笔,品牌23,12,水彩,黑色,48*10*5,2400
PeNa12WaWh,白色 品牌23 12 铅笔（水彩）,铅笔,品牌23,12,水彩,白色,48*10*5,2400
PeNa12WaGr,灰色 品牌23 12 铅笔（水彩）,铅笔,品牌23,12,水彩,灰色,48*10*5,2400
PeNa12WaPi,粉色 品牌23 12 铅笔（水彩）,铅笔,品牌23,12,水彩,粉色,48*10*5,2400
PeNa12HeBl,黑色 品牌23 12 铅笔（六角形）,铅笔,品牌23,12,六角形,黑色,48*10*5,2400
PeNa12HeWh,白色 品牌23 12 铅笔（六角形）,铅笔,品牌23,12,六角形,白色,48*10*5,2400
PeNa12HeGr,灰色 品牌23 12 铅笔（六角形）,铅笔,品牌23,12,六角形,灰色,48*10*5,2400
PeNa12HePi,粉色 品牌23 12 铅笔（六角形）,铅笔,品牌23,12,六角形,粉色,48*10*5,2400
PeNa12SoBl,黑色 品牌23 12 铅笔（可溶性）,铅笔,品牌23,12,可溶性,黑色,48*10*5,2400
PeNa12SoWh,白色 品牌23 12 铅笔（可溶性）,铅笔,品牌23,12,可溶性,白色,48*10*5,2400
PeNa12SoGr,灰色 品牌23 12 铅笔（可溶性）,铅笔,品牌23,12,可溶性,灰色,48*10*5,2400
PeNa12SoPi,粉色 品牌23 12 铅笔（可溶性）,铅笔,品牌23,12,可溶性,粉色,48*10*5,2400
PeNa24WaBl,黑色 品牌23 24 铅笔（水彩）,铅笔,品牌23,24,水彩,黑色,48*10*5,2400
PeNa24WaWh,白色 品牌23 24 铅笔（水彩）,铅笔,品牌23,24,水彩,白色,48*10*5,2400
PeNa24WaGr,灰色 品牌23 24 铅笔（水彩）,铅笔,品牌23,24,水彩,灰色,48*10*5,2400
PeNa24WaPi,粉色 品牌23 24 铅笔（水彩）,铅笔,品牌23,24,水彩,粉色,48*10*5,2400
PeNa24HeBl,黑色 品牌23 24 铅笔（六角形）,铅笔,品牌23,24,六角形,黑色,48*10*5,2400
PeNa24HeWh,白色 品牌23 24 铅笔（六角形）,铅笔,品牌23,24,六角形,白色,48*10*5,2400
PeNa24HeGr,灰色 品牌23 24 铅笔（六角形）,铅笔,品牌23,24,六角形,灰色,48*10*5,2400
PeNa24HePi,粉色 品牌23 24 铅笔（六角形）,铅笔,品牌23,24,六角形,粉色,48*10*5,2400
PeNa24SoBl,黑色 品牌23 24 铅笔（可溶性）,铅笔,品牌23,24,可溶性,黑色,48*10*5,2400
PeNa24SoWh,白色 品牌23 24 铅笔（可溶性）,铅笔,品牌23,24,可溶性,白色,48*10*5,2400
PeNa24SoGr,灰色 品牌23 24 铅笔（可溶性）,铅笔,品牌23,24,可溶性,灰色,48*10*5,2400
PeNa24SoPi,粉色 品牌23 24 铅笔（可溶性）,铅笔,品牌23,24,可溶性,粉色,48*10*5,2400
PeNa50WaBl,黑色 品牌23 50 铅笔（水彩）,铅笔,品牌23,50,水彩,黑色,48*10*5,2400
PeNa50WaWh,白色 品牌23 50 铅笔（水彩）,铅笔,品牌23,50,水彩,白色,48*10*5,2400
PeNa50WaGr,灰色 品牌23 50 铅笔（水彩）,铅笔,品牌23,50,水彩,灰色,48*10*5,2400
PeNa50WaPi,粉色 品牌23 50 铅笔（水彩）,铅笔,品牌23,50,水彩,粉色,48*10*5,2400
PeNa50HeBl,黑色 品牌23 50 铅笔（六角形）,铅笔,品牌23,50,六角形,黑色,48*10*5,2400
PeNa50HeWh,白色 品牌23 50 铅笔（六角形）,铅笔,品牌23,50,六角形,白色,48*10*5,2400
PeNa50HeGr,灰色 品牌23 50 铅笔（六角形）,铅笔,品牌23,50,六角形,灰色,48*10*5,2400
PeNa50HePi,粉色 品牌23 50 铅笔（六角形）,铅笔,品牌23,50,六角形,粉色,48*10*5,2400
PeNa50SoBl,黑色 品牌23 50 铅笔（可溶性）,铅笔,品牌23,50,可溶性,黑色,48*10*5,2400
PeNa50SoWh,白色 品牌23 50 铅笔（可溶性）,铅笔,品牌23,50,可溶性,白色,48*10*5,2400
PeNa50SoGr,灰色 品牌23 50 铅笔（可溶性）,铅笔,品牌23,50,可溶性,灰色,48*10*5,2400
PeNa50SoPi,粉色 品牌23 50 铅笔（可溶性）,铅笔,品牌23,50,可溶性,粉色,48*10*5,2400
PrPHA4WiBl,黑色 品牌12 四号纸 打印机（无线网络）,打印机,品牌12,四号纸,无线网络,黑色,16*1*1,16
PrPHA4WiWh,白色 品牌12 四号纸 打印机（无线网络）,打印机,品牌12,四号纸,无线网络,白色,16*1*1,16
PrPHA4WiGr,灰色 品牌12 四号纸 打印机（无线网络）,打印机,品牌12,四号纸,无线网络,灰色,16*1*1,16
PrPHA4WiMi,混合色 品牌12 四号纸 打印机（无线网络）,打印机,品牌12,四号纸,无线网络,混合色,16*1*1,16
PrPHA4LaBl,黑色 品牌12 四号纸 打印机（激光）,打印机,品牌12,四号纸,激光,黑色,16*1*1,16
PrPHA4LaWh,白色 品牌12 四号纸 打印机（激光）,打印机,品牌12,四号纸,激光,白色,16*1*1,16
PrPHA4LaGr,灰色 品牌12 四号纸 打印机（激光）,打印机,品牌12,四号纸,激光,灰色,16*1*1,16
PrPHA4LaMi,混合色 品牌12 四号纸 打印机（激光）,打印机,品牌12,四号纸,激光,混合色,16*1*1,16
PrPHA4InBl,黑色 品牌12 四号纸 打印机（喷墨）,打印机,品牌12,四号纸,喷墨,黑色,16*1*1,16
PrPHA4InWh,白色 品牌12 四号纸 打印机（喷墨）,打印机,品牌12,四号纸,喷墨,白色,16*1*1,16
PrPHA4InGr,灰色 品牌12 四号纸 打印机（喷墨）,打印机,品牌12,四号纸,喷墨,灰色,16*1*1,16
PrPHA4InMi,混合色 品牌12 四号纸 打印机（喷墨）,打印机,品牌12,四号纸,喷墨,混合色,16*1*1,16
PrPHA4MoBl,黑色 品牌12 四号纸 打印机（黑白）,打印机,品牌12,四号纸,黑白,黑色,16*1*1,16
PrPHA4MoWh,白色 品牌12 四号纸 打印机（黑白）,打印机,品牌12,四号纸,黑白,白色,16*1*1,16
PrPHA4MoGr,灰色 品牌12 四号纸 打印机（黑白）,打印机,品牌12,四号纸,黑白,灰色,16*1*1,16
PrPHA4MoMi,混合色 品牌12 四号纸 打印机（黑白）,打印机,品牌12,四号纸,黑白,混合色,16*1*1,16
PrPHA4AlBl,黑色 品牌12 四号纸 打印机（一体式）,打印机,品牌12,四号纸,一体式,黑色,16*1*1,16
PrPHA4AlWh,白色 品牌12 四号纸 打印机（一体式）,打印机,品牌12,四号纸,一体式,白色,16*1*1,16
PrPHA4AlGr,灰色 品牌12 四号纸 打印机（一体式）,打印机,品牌12,四号纸,一体式,灰色,16*1*1,16
PrPHA4AlMi,混合色 品牌12 四号纸 打印机（一体式）,打印机,品牌12,四号纸,一体式,混合色,16*1*1,16
PrPHA3WiBl,黑色 品牌12 三号纸 打印机（无线网络）,打印机,品牌12,三号纸,无线网络,黑色,16*1*1,16
PrPHA3WiWh,白色 品牌12 三号纸 打印机（无线网络）,打印机,品牌12,三号纸,无线网络,白色,16*1*1,16
PrPHA3WiGr,灰色 品牌12 三号纸 打印机（无线网络）,打印机,品牌12,三号纸,无线网络,灰色,16*1*1,16
PrPHA3WiMi,混合色 品牌12 三号纸 打印机（无线网络）,打印机,品牌12,三号纸,无线网络,混合色,16*1*1,16
PrPHA3LaBl,黑色 品牌12 三号纸 打印机（激光）,打印机,品牌12,三号纸,激光,黑色,16*1*1,16
PrPHA3LaWh,白色 品牌12 三号纸 打印机（激光）,打印机,品牌12,三号纸,激光,白色,16*1*1,16
PrPHA3LaGr,灰色 品牌12 三号纸 打印机（激光）,打印机,品牌12,三号纸,激光,灰色,16*1*1,16
PrPHA3LaMi,混合色 品牌12 三号纸 打印机（激光）,打印机,品牌12,三号纸,激光,混合色,16*1*1,16
PrPHA3InBl,黑色 品牌12 三号纸 打印机（喷墨）,打印机,品牌12,三号纸,喷墨,黑色,16*1*1,16
PrPHA3InWh,白色 品牌12 三号纸 打印机（喷墨）,打印机,品牌12,三号纸,喷墨,白色,16*1*1,16
PrPHA3InGr,灰色 品牌12 三号纸 打印机（喷墨）,打印机,品牌12,三号纸,喷墨,灰色,16*1*1,16
PrPHA3InMi,混合色 品牌12 三号纸 打印机（喷墨）,打印机,品牌12,三号纸,喷墨,混合色,16*1*1,16
PrPHA3MoBl,黑色 品牌12 三号纸 打印机（黑白）,打印机,品牌12,三号纸,黑白,黑色,16*1*1,16
PrPHA3MoWh,白色 品牌12 三号纸 打印机（黑白）,打印机,品牌12,三号纸,黑白,白色,16*1*1,16
PrPHA3MoGr,灰色 品牌12 三号纸 打印机（黑白）,打印机,品牌12,三号纸,黑白,灰色,16*1*1,16
PrPHA3MoMi,混合色 品牌12 三号纸 打印机（黑白）,打印机,品牌12,三号纸,黑白,混合色,16*1*1,16
PrPHA3AlBl,黑色 品牌12 三号纸 打印机（一体式）,打印机,品牌12,三号纸,一体式,黑色,16*1*1,16
PrPHA3AlWh,白色 品牌12 三号纸 打印机（一体式）,打印机,品牌12,三号纸,一体式,白色,16*1*1,16
PrPHA3AlGr,灰色 品牌12 三号纸 打印机（一体式）,打印机,品牌12,三号纸,一体式,灰色,16*1*1,16
PrPHA3AlMi,混合色 品牌12 三号纸 打印机（一体式）,打印机,品牌12,三号纸,一体式,混合色,16*1*1,16
PrPHA2WiBl,黑色 品牌12 二号纸 打印机（无线网络）,打印机,品牌12,二号纸,无线网络,黑色,16*1*1,16
PrPHA2WiWh,白色 品牌12 二号纸 打印机（无线网络）,打印机,品牌12,二号纸,无线网络,白色,16*1*1,16
PrPHA2WiGr,灰色 品牌12 二号纸 打印机（无线网络）,打印机,品牌12,二号纸,无线网络,灰色,16*1*1,16
PrPHA2WiMi,混合色 品牌12 二号纸 打印机（无线网络）,打印机,品牌12,二号纸,无线网络,混合色,16*1*1,16
PrPHA2LaBl,黑色 品牌12 二号纸 打印机（激光）,打印机,品牌12,二号纸,激光,黑色,16*1*1,16
PrPHA2LaWh,白色 品牌12 二号纸 打印机（激光）,打印机,品牌12,二号纸,激光,白色,16*1*1,16
PrPHA2LaGr,灰色 品牌12 二号纸 打印机（激光）,打印机,品牌12,二号纸,激光,灰色,16*1*1,16
PrPHA2LaMi,混合色 品牌12 二号纸 打印机（激光）,打印机,品牌12,二号纸,激光,混合色,16*1*1,16
PrPHA2InBl,黑色 品牌12 二号纸 打印机（喷墨）,打印机,品牌12,二号纸,喷墨,黑色,16*1*1,16
PrPHA2InWh,白色 品牌12 二号纸 打印机（喷墨）,打印机,品牌12,二号纸,喷墨,白色,16*1*1,16
PrPHA2InGr,灰色 品牌12 二号纸 打印机（喷墨）,打印机,品牌12,二号纸,喷墨,灰色,16*1*1,16
PrPHA2InMi,混合色 品牌12 二号纸 打印机（喷墨）,打印机,品牌12,二号纸,喷墨,混合色,16*1*1,16
PrPHA2MoBl,黑色 品牌12 二号纸 打印机（黑白）,打印机,品牌12,二号纸,黑白,黑色,16*1*1,16
PrPHA2MoWh,白色 品牌12 二号纸 打印机（黑白）,打印机,品牌12,二号纸,黑白,白色,16*1*1,16
PrPHA2MoGr,灰色 品牌12 二号纸 打印机（黑白）,打印机,品牌12,二号纸,黑白,灰色,16*1*1,16
PrPHA2MoMi,混合色 品牌12 二号纸 打印机（黑白）,打印机,品牌12,二号纸,黑白,混合色,16*1*1,16
PrPHA2AlBl,黑色 品牌12 二号纸 打印机（一体式）,打印机,品牌12,二号纸,一体式,黑色,16*1*1,16
PrPHA2AlWh,白色 品牌12 二号纸 打印机（一体式）,打印机,品牌12,二号纸,一体式,白色,16*1*1,16
PrPHA2AlGr,灰色 品牌12 二号纸 打印机（一体式）,打印机,品牌12,二号纸,一体式,灰色,16*1*1,16
PrPHA2AlMi,混合色 品牌12 二号纸 打印机（一体式）,打印机,品牌12,二号纸,一体式,混合色,16*1*1,16
PrReA4WiBl,黑色 品牌24 四号纸 打印机（无线网络）,打印机,品牌24,四号纸,无线网络,黑色,16*1*1,16
PrReA4WiWh,白色 品牌24 四号纸 打印机（无线网络）,打印机,品牌24,四号纸,无线网络,白色,16*1*1,16
PrReA4WiGr,灰色 品牌24 四号纸 打印机（无线网络）,打印机,品牌24,四号纸,无线网络,灰色,16*1*1,16
PrReA4WiMi,混合色 品牌24 四号纸 打印机（无线网络）,打印机,品牌24,四号纸,无线网络,混合色,16*1*1,16
PrReA4LaBl,黑色 品牌24 四号纸 打印机（激光）,打印机,品牌24,四号纸,激光,黑色,16*1*1,16
PrReA4LaWh,白色 品牌24 四号纸 打印机（激光）,打印机,品牌24,四号纸,激光,白色,16*1*1,16
PrReA4LaGr,灰色 品牌24 四号纸 打印机（激光）,打印机,品牌24,四号纸,激光,灰色,16*1*1,16
PrReA4LaMi,混合色 品牌24 四号纸 打印机（激光）,打印机,品牌24,四号纸,激光,混合色,16*1*1,16
PrReA4InBl,黑色 品牌24 四号纸 打印机（喷墨）,打印机,品牌24,四号纸,喷墨,黑色,16*1*1,16
PrReA4InWh,白色 品牌24 四号纸 打印机（喷墨）,打印机,品牌24,四号纸,喷墨,白色,16*1*1,16
PrReA4InGr,灰色 品牌24 四号纸 打印机（喷墨）,打印机,品牌24,四号纸,喷墨,灰色,16*1*1,16
PrReA4InMi,混合色 品牌24 四号纸 打印机（喷墨）,打印机,品牌24,四号纸,喷墨,混合色,16*1*1,16
PrReA4MoBl,黑色 品牌24 四号纸 打印机（黑白）,打印机,品牌24,四号纸,黑白,黑色,16*1*1,16
PrReA4MoWh,白色 品牌24 四号纸 打印机（黑白）,打印机,品牌24,四号纸,黑白,白色,16*1*1,16
PrReA4MoGr,灰色 品牌24 四号纸 打印机（黑白）,打印机,品牌24,四号纸,黑白,灰色,16*1*1,16
PrReA4MoMi,混合色 品牌24 四号纸 打印机（黑白）,打印机,品牌24,四号纸,黑白,混合色,16*1*1,16
PrReA4AlBl,黑色 品牌24 四号纸 打印机（一体式）,打印机,品牌24,四号纸,一体式,黑色,16*1*1,16
PrReA4AlWh,白色 品牌24 四号纸 打印机（一体式）,打印机,品牌24,四号纸,一体式,白色,16*1*1,16
PrReA4AlGr,灰色 品牌24 四号纸 打印机（一体式）,打印机,品牌24,四号纸,一体式,灰色,16*1*1,16
PrReA4AlMi,混合色 品牌24 四号纸 打印机（一体式）,打印机,品牌24,四号纸,一体式,混合色,16*1*1,16
PrReA3WiBl,黑色 品牌24 三号纸 打印机（无线网络）,打印机,品牌24,三号纸,无线网络,黑色,16*1*1,16
PrReA3WiWh,白色 品牌24 三号纸 打印机（无线网络）,打印机,品牌24,三号纸,无线网络,白色,16*1*1,16
PrReA3WiGr,灰色 品牌24 三号纸 打印机（无线网络）,打印机,品牌24,三号纸,无线网络,灰色,16*1*1,16
PrReA3WiMi,混合色 品牌24 三号纸 打印机（无线网络）,打印机,品牌24,三号纸,无线网络,混合色,16*1*1,16
PrReA3LaBl,黑色 品牌24 三号纸 打印机（激光）,打印机,品牌24,三号纸,激光,黑色,16*1*1,16
PrReA3LaWh,白色 品牌24 三号纸 打印机（激光）,打印机,品牌24,三号纸,激光,白色,16*1*1,16
PrReA3LaGr,灰色 品牌24 三号纸 打印机（激光）,打印机,品牌24,三号纸,激光,灰色,16*1*1,16
PrReA3LaMi,混合色 品牌24 三号纸 打印机（激光）,打印机,品牌24,三号纸,激光,混合色,16*1*1,16
PrReA3InBl,黑色 品牌24 三号纸 打印机（喷墨）,打印机,品牌24,三号纸,喷墨,黑色,16*1*1,16
PrReA3InWh,白色 品牌24 三号纸 打印机（喷墨）,打印机,品牌24,三号纸,喷墨,白色,16*1*1,16
PrReA3InGr,灰色 品牌24 三号纸 打印机（喷墨）,打印机,品牌24,三号纸,喷墨,灰色,16*1*1,16
PrReA3InMi,混合色 品牌24 三号纸 打印机（喷墨）,打印机,品牌24,三号纸,喷墨,混合色,16*1*1,16
PrReA3MoBl,黑色 品牌24 三号纸 打印机（黑白）,打印机,品牌24,三号纸,黑白,黑色,16*1*1,16
PrReA3MoWh,白色 品牌24 三号纸 打印机（黑白）,打印机,品牌24,三号纸,黑白,白色,16*1*1,16
PrReA3MoGr,灰色 品牌24 三号纸 打印机（黑白）,打印机,品牌24,三号纸,黑白,灰色,16*1*1,16
PrReA3MoMi,混合色 品牌24 三号纸 打印机（黑白）,打印机,品牌24,三号纸,黑白,混合色,16*1*1,16
PrReA3AlBl,黑色 品牌24 三号纸 打印机（一体式）,打印机,品牌24,三号纸,一体式,黑色,16*1*1,16
PrReA3AlWh,白色 品牌24 三号纸 打印机（一体式）,打印机,品牌24,三号纸,一体式,白色,16*1*1,16
PrReA3AlGr,灰色 品牌24 三号纸 打印机（一体式）,打印机,品牌24,三号纸,一体式,灰色,16*1*1,16
PrReA3AlMi,混合色 品牌24 三号纸 打印机（一体式）,打印机,品牌24,三号纸,一体式,混合色,16*1*1,16
PrReA2WiBl,黑色 品牌24 二号纸 打印机（无线网络）,打印机,品牌24,二号纸,无线网络,黑色,16*1*1,16
PrReA2WiWh,白色 品牌24 二号纸 打印机（无线网络）,打印机,品牌24,二号纸,无线网络,白色,16*1*1,16
PrReA2WiGr,灰色 品牌24 二号纸 打印机（无线网络）,打印机,品牌24,二号纸,无线网络,灰色,16*1*1,16
PrReA2WiMi,混合色 品牌24 二号纸 打印机（无线网络）,打印机,品牌24,二号纸,无线网络,混合色,16*1*1,16
PrReA2LaBl,黑色 品牌24 二号纸 打印机（激光）,打印机,品牌24,二号纸,激光,黑色,16*1*1,16
PrReA2LaWh,白色 品牌24 二号纸 打印机（激光）,打印机,品牌24,二号纸,激光,白色,16*1*1,16
PrReA2LaGr,灰色 品牌24 二号纸 打印机（激光）,打印机,品牌24,二号纸,激光,灰色,16*1*1,16
PrReA2LaMi,混合色 品牌24 二号纸 打印机（激光）,打印机,品牌24,二号纸,激光,混合色,16*1*1,16
PrReA2InBl,黑色 品牌24 二号纸 打印机（喷墨）,打印机,品牌24,二号纸,喷墨,黑色,16*1*1,16
PrReA2InWh,白色 品牌24 二号纸 打印机（喷墨）,打印机,品牌24,二号纸,喷墨,白色,16*1*1,16
PrReA2InGr,灰色 品牌24 二号纸 打印机（喷墨）,打印机,品牌24,二号纸,喷墨,灰色,16*1*1,16
PrReA2InMi,混合色 品牌24 二号纸 打印机（喷墨）,打印机,品牌24,二号纸,喷墨,混合色,16*1*1,16
PrReA2MoBl,黑色 品牌24 二号纸 打印机（黑白）,打印机,品牌24,二号纸,黑白,黑色,16*1*1,16
PrReA2MoWh,白色 品牌24 二号纸 打印机（黑白）,打印机,品牌24,二号纸,黑白,白色,16*1*1,16
PrReA2MoGr,灰色 品牌24 二号纸 打印机（黑白）,打印机,品牌24,二号纸,黑白,灰色,16*1*1,16
PrReA2MoMi,混合色 品牌24 二号纸 打印机（黑白）,打印机,品牌24,二号纸,黑白,混合色,16*1*1,16
PrReA2AlBl,黑色 品牌24 二号纸 打印机（一体式）,打印机,品牌24,二号纸,一体式,黑色,16*1*1,16
PrReA2AlWh,白色 品牌24 二号纸 打印机（一体式）,打印机,品牌24,二号纸,一体式,白色,16*1*1,16
PrReA2AlGr,灰色 品牌24 二号纸 打印机（一体式）,打印机,品牌24,二号纸,一体式,灰色,16*1*1,16
PrReA2AlMi,混合色 品牌24 二号纸 打印机（一体式）,打印机,品牌24,二号纸,一体式,混合色,16*1*1,16
PrSoA4WiBl,黑色 品牌25 四号纸 打印机（无线网络）,打印机,品牌25,四号纸,无线网络,黑色,16*1*1,16
PrSoA4WiWh,白色 品牌25 四号纸 打印机（无线网络）,打印机,品牌25,四号纸,无线网络,白色,16*1*1,16
PrSoA4WiGr,灰色 品牌25 四号纸 打印机（无线网络）,打印机,品牌25,四号纸,无线网络,灰色,16*1*1,16
PrSoA4WiMi,混合色 品牌25 四号纸 打印机（无线网络）,打印机,品牌25,四号纸,无线网络,混合色,16*1*1,16
PrSoA4LaBl,黑色 品牌25 四号纸 打印机（激光）,打印机,品牌25,四号纸,激光,黑色,16*1*1,16
PrSoA4LaWh,白色 品牌25 四号纸 打印机（激光）,打印机,品牌25,四号纸,激光,白色,16*1*1,16
PrSoA4LaGr,灰色 品牌25 四号纸 打印机（激光）,打印机,品牌25,四号纸,激光,灰色,16*1*1,16
PrSoA4LaMi,混合色 品牌25 四号纸 打印机（激光）,打印机,品牌25,四号纸,激光,混合色,16*1*1,16
PrSoA4InBl,黑色 品牌25 四号纸 打印机（喷墨）,打印机,品牌25,四号纸,喷墨,黑色,16*1*1,16
PrSoA4InWh,白色 品牌25 四号纸 打印机（喷墨）,打印机,品牌25,四号纸,喷墨,白色,16*1*1,16
PrSoA4InGr,灰色 品牌25 四号纸 打印机（喷墨）,打印机,品牌25,四号纸,喷墨,灰色,16*1*1,16
PrSoA4InMi,混合色 品牌25 四号纸 打印机（喷墨）,打印机,品牌25,四号纸,喷墨,混合色,16*1*1,16
PrSoA4MoBl,黑色 品牌25 四号纸 打印机（黑白）,打印机,品牌25,四号纸,黑白,黑色,16*1*1,16
PrSoA4MoWh,白色 品牌25 四号纸 打印机（黑白）,打印机,品牌25,四号纸,黑白,白色,16*1*1,16
PrSoA4MoGr,灰色 品牌25 四号纸 打印机（黑白）,打印机,品牌25,四号纸,黑白,灰色,16*1*1,16
PrSoA4MoMi,混合色 品牌25 四号纸 打印机（黑白）,打印机,品牌25,四号纸,黑白,混合色,16*1*1,16
PrSoA4AlBl,黑色 品牌25 四号纸 打印机（一体式）,打印机,品牌25,四号纸,一体式,黑色,16*1*1,16
PrSoA4AlWh,白色 品牌25 四号纸 打印机（一体式）,打印机,品牌25,四号纸,一体式,白色,16*1*1,16
PrSoA4AlGr,灰色 品牌25 四号纸 打印机（一体式）,打印机,品牌25,四号纸,一体式,灰色,16*1*1,16
PrSoA4AlMi,混合色 品牌25 四号纸 打印机（一体式）,打印机,品牌25,四号纸,一体式,混合色,16*1*1,16
PrSoA3WiBl,黑色 品牌25 三号纸 打印机（无线网络）,打印机,品牌25,三号纸,无线网络,黑色,16*1*1,16
PrSoA3WiWh,白色 品牌25 三号纸 打印机（无线网络）,打印机,品牌25,三号纸,无线网络,白色,16*1*1,16
PrSoA3WiGr,灰色 品牌25 三号纸 打印机（无线网络）,打印机,品牌25,三号纸,无线网络,灰色,16*1*1,16
PrSoA3WiMi,混合色 品牌25 三号纸 打印机（无线网络）,打印机,品牌25,三号纸,无线网络,混合色,16*1*1,16
PrSoA3LaBl,黑色 品牌25 三号纸 打印机（激光）,打印机,品牌25,三号纸,激光,黑色,16*1*1,16
PrSoA3LaWh,白色 品牌25 三号纸 打印机（激光）,打印机,品牌25,三号纸,激光,白色,16*1*1,16
PrSoA3LaGr,灰色 品牌25 三号纸 打印机（激光）,打印机,品牌25,三号纸,激光,灰色,16*1*1,16
PrSoA3LaMi,混合色 品牌25 三号纸 打印机（激光）,打印机,品牌25,三号纸,激光,混合色,16*1*1,16
PrSoA3InBl,黑色 品牌25 三号纸 打印机（喷墨）,打印机,品牌25,三号纸,喷墨,黑色,16*1*1,16
PrSoA3InWh,白色 品牌25 三号纸 打印机（喷墨）,打印机,品牌25,三号纸,喷墨,白色,16*1*1,16
PrSoA3InGr,灰色 品牌25 三号纸 打印机（喷墨）,打印机,品牌25,三号纸,喷墨,灰色,16*1*1,16
PrSoA3InMi,混合色 品牌25 三号纸 打印机（喷墨）,打印机,品牌25,三号纸,喷墨,混合色,16*1*1,16
PrSoA3MoBl,黑色 品牌25 三号纸 打印机（黑白）,打印机,品牌25,三号纸,黑白,黑色,16*1*1,16
PrSoA3MoWh,白色 品牌25 三号纸 打印机（黑白）,打印机,品牌25,三号纸,黑白,白色,16*1*1,16
PrSoA3MoGr,灰色 品牌25 三号纸 打印机（黑白）,打印机,品牌25,三号纸,黑白,灰色,16*1*1,16
PrSoA3MoMi,混合色 品牌25 三号纸 打印机（黑白）,打印机,品牌25,三号纸,黑白,混合色,16*1*1,16
PrSoA3AlBl,黑色 品牌25 三号纸 打印机（一体式）,打印机,品牌25,三号纸,一体式,黑色,16*1*1,16
PrSoA3AlWh,白色 品牌25 三号纸 打印机（一体式）,打印机,品牌25,三号纸,一体式,白色,16*1*1,16
PrSoA3AlGr,灰色 品牌25 三号纸 打印机（一体式）,打印机,品牌25,三号纸,一体式,灰色,16*1*1,16
PrSoA3AlMi,混合色 品牌25 三号纸 打印机（一体式）,打印机,品牌25,三号纸,一体式,混合色,16*1*1,16
PrSoA2WiBl,黑色 品牌25 二号纸 打印机（无线网络）,打印机,品牌25,二号纸,无线网络,黑色,16*1*1,16
PrSoA2WiWh,白色 品牌25 二号纸 打印机（无线网络）,打印机,品牌25,二号纸,无线网络,白色,16*1*1,16
PrSoA2WiGr,灰色 品牌25 二号纸 打印机（无线网络）,打印机,品牌25,二号纸,无线网络,灰色,16*1*1,16
PrSoA2WiMi,混合色 品牌25 二号纸 打印机（无线网络）,打印机,品牌25,二号纸,无线网络,混合色,16*1*1,16
PrSoA2LaBl,黑色 品牌25 二号纸 打印机（激光）,打印机,品牌25,二号纸,激光,黑色,16*1*1,16
PrSoA2LaWh,白色 品牌25 二号纸 打印机（激光）,打印机,品牌25,二号纸,激光,白色,16*1*1,16
PrSoA2LaGr,灰色 品牌25 二号纸 打印机（激光）,打印机,品牌25,二号纸,激光,灰色,16*1*1,16
PrSoA2LaMi,混合色 品牌25 二号纸 打印机（激光）,打印机,品牌25,二号纸,激光,混合色,16*1*1,16
PrSoA2InBl,黑色 品牌25 二号纸 打印机（喷墨）,打印机,品牌25,二号纸,喷墨,黑色,16*1*1,16
PrSoA2InWh,白色 品牌25 二号纸 打印机（喷墨）,打印机,品牌25,二号纸,喷墨,白色,16*1*1,16
PrSoA2InGr,灰色 品牌25 二号纸 打印机（喷墨）,打印机,品牌25,二号纸,喷墨,灰色,16*1*1,16
PrSoA2InMi,混合色 品牌25 二号纸 打印机（喷墨）,打印机,品牌25,二号纸,喷墨,混合色,16*1*1,16
PrSoA2MoBl,黑色 品牌25 二号纸 打印机（黑白）,打印机,品牌25,二号纸,黑白,黑色,16*1*1,16
PrSoA2MoWh,白色 品牌25 二号纸 打印机（黑白）,打印机,品牌25,二号纸,黑白,白色,16*1*1,16
PrSoA2MoGr,灰色 品牌25 二号纸 打印机（黑白）,打印机,品牌25,二号纸,黑白,灰色,16*1*1,16
PrSoA2MoMi,混合色 品牌25 二号纸 打印机（黑白）,打印机,品牌25,二号纸,黑白,混合色,16*1*1,16
PrSoA2AlBl,黑色 品牌25 二号纸 打印机（一体式）,打印机,品牌25,二号纸,一体式,黑色,16*1*1,16
PrSoA2AlWh,白色 品牌25 二号纸 打印机（一体式）,打印机,品牌25,二号纸,一体式,白色,16*1*1,16
PrSoA2AlGr,灰色 品牌25 二号纸 打印机（一体式）,打印机,品牌25,二号纸,一体式,灰色,16*1*1,16
PrSoA2AlMi,混合色 品牌25 二号纸 打印机（一体式）,打印机,品牌25,二号纸,一体式,混合色,16*1*1,16
PrNoA4WiBl,黑色 品牌26 四号纸 打印机（无线网络）,打印机,品牌26,四号纸,无线网络,黑色,16*1*1,16
PrNoA4WiWh,白色 品牌26 四号纸 打印机（无线网络）,打印机,品牌26,四号纸,无线网络,白色,16*1*1,16
PrNoA4WiGr,灰色 品牌26 四号纸 打印机（无线网络）,打印机,品牌26,四号纸,无线网络,灰色,16*1*1,16
PrNoA4WiMi,混合色 品牌26 四号纸 打印机（无线网络）,打印机,品牌26,四号纸,无线网络,混合色,16*1*1,16
PrNoA4LaBl,黑色 品牌26 四号纸 打印机（激光）,打印机,品牌26,四号纸,激光,黑色,16*1*1,16
PrNoA4LaWh,白色 品牌26 四号纸 打印机（激光）,打印机,品牌26,四号纸,激光,白色,16*1*1,16
PrNoA4LaGr,灰色 品牌26 四号纸 打印机（激光）,打印机,品牌26,四号纸,激光,灰色,16*1*1,16
PrNoA4LaMi,混合色 品牌26 四号纸 打印机（激光）,打印机,品牌26,四号纸,激光,混合色,16*1*1,16
PrNoA4InBl,黑色 品牌26 四号纸 打印机（喷墨）,打印机,品牌26,四号纸,喷墨,黑色,16*1*1,16
PrNoA4InWh,白色 品牌26 四号纸 打印机（喷墨）,打印机,品牌26,四号纸,喷墨,白色,16*1*1,16
PrNoA4InGr,灰色 品牌26 四号纸 打印机（喷墨）,打印机,品牌26,四号纸,喷墨,灰色,16*1*1,16
PrNoA4InMi,混合色 品牌26 四号纸 打印机（喷墨）,打印机,品牌26,四号纸,喷墨,混合色,16*1*1,16
PrNoA4MoBl,黑色 品牌26 四号纸 打印机（黑白）,打印机,品牌26,四号纸,黑白,黑色,16*1*1,16
PrNoA4MoWh,白色 品牌26 四号纸 打印机（黑白）,打印机,品牌26,四号纸,黑白,白色,16*1*1,16
PrNoA4MoGr,灰色 品牌26 四号纸 打印机（黑白）,打印机,品牌26,四号纸,黑白,灰色,16*1*1,16
PrNoA4MoMi,混合色 品牌26 四号纸 打印机（黑白）,打印机,品牌26,四号纸,黑白,混合色,16*1*1,16
PrNoA4AlBl,黑色 品牌26 四号纸 打印机（一体式）,打印机,品牌26,四号纸,一体式,黑色,16*1*1,16
PrNoA4AlWh,白色 品牌26 四号纸 打印机（一体式）,打印机,品牌26,四号纸,一体式,白色,16*1*1,16
PrNoA4AlGr,灰色 品牌26 四号纸 打印机（一体式）,打印机,品牌26,四号纸,一体式,灰色,16*1*1,16
PrNoA4AlMi,混合色 品牌26 四号纸 打印机（一体式）,打印机,品牌26,四号纸,一体式,混合色,16*1*1,16
PrNoA3WiBl,黑色 品牌26 三号纸 打印机（无线网络）,打印机,品牌26,三号纸,无线网络,黑色,16*1*1,16
PrNoA3WiWh,白色 品牌26 三号纸 打印机（无线网络）,打印机,品牌26,三号纸,无线网络,白色,16*1*1,16
PrNoA3WiGr,灰色 品牌26 三号纸 打印机（无线网络）,打印机,品牌26,三号纸,无线网络,灰色,16*1*1,16
PrNoA3WiMi,混合色 品牌26 三号纸 打印机（无线网络）,打印机,品牌26,三号纸,无线网络,混合色,16*1*1,16
PrNoA3LaBl,黑色 品牌26 三号纸 打印机（激光）,打印机,品牌26,三号纸,激光,黑色,16*1*1,16
PrNoA3LaWh,白色 品牌26 三号纸 打印机（激光）,打印机,品牌26,三号纸,激光,白色,16*1*1,16
PrNoA3LaGr,灰色 品牌26 三号纸 打印机（激光）,打印机,品牌26,三号纸,激光,灰色,16*1*1,16
PrNoA3LaMi,混合色 品牌26 三号纸 打印机（激光）,打印机,品牌26,三号纸,激光,混合色,16*1*1,16
PrNoA3InBl,黑色 品牌26 三号纸 打印机（喷墨）,打印机,品牌26,三号纸,喷墨,黑色,16*1*1,16
PrNoA3InWh,白色 品牌26 三号纸 打印机（喷墨）,打印机,品牌26,三号纸,喷墨,白色,16*1*1,16
PrNoA3InGr,灰色 品牌26 三号纸 打印机（喷墨）,打印机,品牌26,三号纸,喷墨,灰色,16*1*1,16
PrNoA3InMi,混合色 品牌26 三号纸 打印机（喷墨）,打印机,品牌26,三号纸,喷墨,混合色,16*1*1,16
PrNoA3MoBl,黑色 品牌26 三号纸 打印机（黑白）,打印机,品牌26,三号纸,黑白,黑色,16*1*1,16
PrNoA3MoWh,白色 品牌26 三号纸 打印机（黑白）,打印机,品牌26,三号纸,黑白,白色,16*1*1,16
PrNoA3MoGr,灰色 品牌26 三号纸 打印机（黑白）,打印机,品牌26,三号纸,黑白,灰色,16*1*1,16
PrNoA3MoMi,混合色 品牌26 三号纸 打印机（黑白）,打印机,品牌26,三号纸,黑白,混合色,16*1*1,16
PrNoA3AlBl,黑色 品牌26 三号纸 打印机（一体式）,打印机,品牌26,三号纸,一体式,黑色,16*1*1,16
PrNoA3AlWh,白色 品牌26 三号纸 打印机（一体式）,打印机,品牌26,三号纸,一体式,白色,16*1*1,16
PrNoA3AlGr,灰色 品牌26 三号纸 打印机（一体式）,打印机,品牌26,三号纸,一体式,灰色,16*1*1,16
PrNoA3AlMi,混合色 品牌26 三号纸 打印机（一体式）,打印机,品牌26,三号纸,一体式,混合色,16*1*1,16
PrNoA2WiBl,黑色 品牌26 二号纸 打印机（无线网络）,打印机,品牌26,二号纸,无线网络,黑色,16*1*1,16
PrNoA2WiWh,白色 品牌26 二号纸 打印机（无线网络）,打印机,品牌26,二号纸,无线网络,白色,16*1*1,16
PrNoA2WiGr,灰色 品牌26 二号纸 打印机（无线网络）,打印机,品牌26,二号纸,无线网络,灰色,16*1*1,16
PrNoA2WiMi,混合色 品牌26 二号纸 打印机（无线网络）,打印机,品牌26,二号纸,无线网络,混合色,16*1*1,16
PrNoA2LaBl,黑色 品牌26 二号纸 打印机（激光）,打印机,品牌26,二号纸,激光,黑色,16*1*1,16
PrNoA2LaWh,白色 品牌26 二号纸 打印机（激光）,打印机,品牌26,二号纸,激光,白色,16*1*1,16
PrNoA2LaGr,灰色 品牌26 二号纸 打印机（激光）,打印机,品牌26,二号纸,激光,灰色,16*1*1,16
PrNoA2LaMi,混合色 品牌26 二号纸 打印机（激光）,打印机,品牌26,二号纸,激光,混合色,16*1*1,16
PrNoA2InBl,黑色 品牌26 二号纸 打印机（喷墨）,打印机,品牌26,二号纸,喷墨,黑色,16*1*1,16
PrNoA2InWh,白色 品牌26 二号纸 打印机（喷墨）,打印机,品牌26,二号纸,喷墨,白色,16*1*1,16
PrNoA2InGr,灰色 品牌26 二号纸 打印机（喷墨）,打印机,品牌26,二号纸,喷墨,灰色,16*1*1,16
PrNoA2InMi,混合色 品牌26 二号纸 打印机（喷墨）,打印机,品牌26,二号纸,喷墨,混合色,16*1*1,16
PrNoA2MoBl,黑色 品牌26 二号纸 打印机（黑白）,打印机,品牌26,二号纸,黑白,黑色,16*1*1,16
PrNoA2MoWh,白色 品牌26 二号纸 打印机（黑白）,打印机,品牌26,二号纸,黑白,白色,16*1*1,16
PrNoA2MoGr,灰色 品牌26 二号纸 打印机（黑白）,打印机,品牌26,二号纸,黑白,灰色,16*1*1,16
PrNoA2MoMi,混合色 品牌26 二号纸 打印机（黑白）,打印机,品牌26,二号纸,黑白,混合色,16*1*1,16
PrNoA2AlBl,黑色 品牌26 二号纸 打印机（一体式）,打印机,品牌26,二号纸,一体式,黑色,16*1*1,16
PrNoA2AlWh,白色 品牌26 二号纸 打印机（一体式）,打印机,品牌26,二号纸,一体式,白色,16*1*1,16
PrNoA2AlGr,灰色 品牌26 二号纸 打印机（一体式）,打印机,品牌26,二号纸,一体式,灰色,16*1*1,16
PrNoA2AlMi,混合色 品牌26 二号纸 打印机（一体式）,打印机,品牌26,二号纸,一体式,混合色,16*1*1,16
TaAE15AdBl,黑色 品牌05 1500 桌子（可调节）,桌子,品牌05,1500,可调节,黑色,8*1*1,8
TaAE15AdWh,白色 品牌05 1500 桌子（可调节）,桌子,品牌05,1500,可调节,白色,8*1*1,8
TaAE15AdGr,灰色 品牌05 1500 桌子（可调节）,桌子,品牌05,1500,可调节,灰色,8*1*1,8
TaAE15AdSi,银色 品牌05 1500 桌子（可调节）,桌子,品牌05,1500,可调节,银色,8*1*1,8
TaAE15AuBl,黑色 品牌05 1500 桌子（自动调节）,桌子,品牌05,1500,自动调节,黑色,8*1*1,8
TaAE15AuWh,白色 品牌05 1500 桌子（自动调节）,桌子,品牌05,1500,自动调节,白色,8*1*1,8
TaAE15AuGr,灰色 品牌05 1500 桌子（自动调节）,桌子,品牌05,1500,自动调节,灰色,8*1*1,8
TaAE15AuSi,银色 品牌05 1500 桌子（自动调节）,桌子,品牌05,1500,自动调节,银色,8*1*1,8
TaAE15WoBl,黑色 品牌05 1500 桌子（工作站）,桌子,品牌05,1500,工作站,黑色,8*1*1,8
TaAE15WoWh,白色 品牌05 1500 桌子（工作站）,桌子,品牌05,1500,工作站,白色,8*1*1,8
TaAE15WoGr,灰色 品牌05 1500 桌子（工作站）,桌子,品牌05,1500,工作站,灰色,8*1*1,8
TaAE15WoSi,银色 品牌05 1500 桌子（工作站）,桌子,品牌05,1500,工作站,银色,8*1*1,8
TaAE15FrBl,黑色 品牌05 1500 桌子（框架式）,桌子,品牌05,1500,框架式,黑色,8*1*1,8
TaAE15FrWh,白色 品牌05 1500 桌子（框架式）,桌子,品牌05,1500,框架式,白色,8*1*1,8
TaAE15FrGr,灰色 品牌05 1500 桌子（框架式）,桌子,品牌05,1500,框架式,灰色,8*1*1,8
TaAE15FrSi,银色 品牌05 1500 桌子（框架式）,桌子,品牌05,1500,框架式,银色,8*1*1,8
TaAE18AdBl,黑色 品牌05 1800 桌子（可调节）,桌子,品牌05,1800,可调节,黑色,8*1*1,8
TaAE18AdWh,白色 品牌05 1800 桌子（可调节）,桌子,品牌05,1800,可调节,白色,8*1*1,8
TaAE18AdGr,灰色 品牌05 1800 桌子（可调节）,桌子,品牌05,1800,可调节,灰色,8*1*1,8
TaAE18AdSi,银色 品牌05 1800 桌子（可调节）,桌子,品牌05,1800,可调节,银色,8*1*1,8
TaAE18AuBl,黑色 品牌05 1800 桌子（自动调节）,桌子,品牌05,1800,自动调节,黑色,8*1*1,8
TaAE18AuWh,白色 品牌05 1800 桌子（自动调节）,桌子,品牌05,1800,自动调节,白色,8*1*1,8
TaAE18AuGr,灰色 品牌05 1800 桌子（自动调节）,桌子,品牌05,1800,自动调节,灰色,8*1*1,8
TaAE18AuSi,银色 品牌05 1800 桌子（自动调节）,桌子,品牌05,1800,自动调节,银色,8*1*1,8
TaAE18WoBl,黑色 品牌05 1800 桌子（工作站）,桌子,品牌05,1800,工作站,黑色,8*1*1,8
TaAE18WoWh,白色 品牌05 1800 桌子（工作站）,桌子,品牌05,1800,工作站,白色,8*1*1,8
TaAE18WoGr,灰色 品牌05 1800 桌子（工作站）,桌子,品牌05,1800,工作站,灰色,8*1*1,8
TaAE18WoSi,银色 品牌05 1800 桌子（工作站）,桌子,品牌05,1800,工作站,银色,8*1*1,8
TaAE18FrBl,黑色 品牌05 1800 桌子（框架式）,桌子,品牌05,1800,框架式,黑色,8*1*1,8
TaAE18FrWh,白色 品牌05 1800 桌子（框架式）,桌子,品牌05,1800,框架式,白色,8*1*1,8
TaAE18FrGr,灰色 品牌05 1800 桌子（框架式）,桌子,品牌05,1800,框架式,灰色,8*1*1,8
TaAE18FrSi,银色 品牌05 1800 桌子（框架式）,桌子,品牌05,1800,框架式,银色,8*1*1,8
TaAE10AdBl,黑色 品牌05 1000 桌子（可调节）,桌子,品牌05,1000,可调节,黑色,8*1*1,8
TaAE10AdWh,白色 品牌05 1000 桌子（可调节）,桌子,品牌05,1000,可调节,白色,8*1*1,8
TaAE10AdGr,灰色 品牌05 1000 桌子（可调节）,桌子,品牌05,1000,可调节,灰色,8*1*1,8
TaAE10AdSi,银色 品牌05 1000 桌子（可调节）,桌子,品牌05,1000,可调节,银色,8*1*1,8
TaAE10AuBl,黑色 品牌05 1000 桌子（自动调节）,桌子,品牌05,1000,自动调节,黑色,8*1*1,8
TaAE10AuWh,白色 品牌05 1000 桌子（自动调节）,桌子,品牌05,1000,自动调节,白色,8*1*1,8
TaAE10AuGr,灰色 品牌05 1000 桌子（自动调节）,桌子,品牌05,1000,自动调节,灰色,8*1*1,8
TaAE10AuSi,银色 品牌05 1000 桌子（自动调节）,桌子,品牌05,1000,自动调节,银色,8*1*1,8
TaAE10WoBl,黑色 品牌05 1000 桌子（工作站）,桌子,品牌05,1000,工作站,黑色,8*1*1,8
TaAE10WoWh,白色 品牌05 1000 桌子（工作站）,桌子,品牌05,1000,工作站,白色,8*1*1,8
TaAE10WoGr,灰色 品牌05 1000 桌子（工作站）,桌子,品牌05,1000,工作站,灰色,8*1*1,8
TaAE10WoSi,银色 品牌05 1000 桌子（工作站）,桌子,品牌05,1000,工作站,银色,8*1*1,8
TaAE10FrBl,黑色 品牌05 1000 桌子（框架式）,桌子,品牌05,1000,框架式,黑色,8*1*1,8
TaAE10FrWh,白色 品牌05 1000 桌子（框架式）,桌子,品牌05,1000,框架式,白色,8*1*1,8
TaAE10FrGr,灰色 品牌05 1000 桌子（框架式）,桌子,品牌05,1000,框架式,灰色,8*1*1,8
TaAE10FrSi,银色 品牌05 1000 桌子（框架式）,桌子,品牌05,1000,框架式,银色,8*1*1,8
TaCI15AdBl,黑色 品牌27 1500 桌子（可调节）,桌子,品牌27,1500,可调节,黑色,8*1*1,8
TaCI15AdWh,白色 品牌27 1500 桌子（可调节）,桌子,品牌27,1500,可调节,白色,8*1*1,8
TaCI15AdGr,灰色 品牌27 1500 桌子（可调节）,桌子,品牌27,1500,可调节,灰色,8*1*1,8
TaCI15AdSi,银色 品牌27 1500 桌子（可调节）,桌子,品牌27,1500,可调节,银色,8*1*1,8
TaCI15AuBl,黑色 品牌27 1500 桌子（自动调节）,桌子,品牌27,1500,自动调节,黑色,8*1*1,8
TaCI15AuWh,白色 品牌27 1500 桌子（自动调节）,桌子,品牌27,1500,自动调节,白色,8*1*1,8
TaCI15AuGr,灰色 品牌27 1500 桌子（自动调节）,桌子,品牌27,1500,自动调节,灰色,8*1*1,8
TaCI15AuSi,银色 品牌27 1500 桌子（自动调节）,桌子,品牌27,1500,自动调节,银色,8*1*1,8
TaCI15WoBl,黑色 品牌27 1500 桌子（工作站）,桌子,品牌27,1500,工作站,黑色,8*1*1,8
TaCI15WoWh,白色 品牌27 1500 桌子（工作站）,桌子,品牌27,1500,工作站,白色,8*1*1,8
TaCI15WoGr,灰色 品牌27 1500 桌子（工作站）,桌子,品牌27,1500,工作站,灰色,8*1*1,8
TaCI15WoSi,银色 品牌27 1500 桌子（工作站）,桌子,品牌27,1500,工作站,银色,8*1*1,8
TaCI15FrBl,黑色 品牌27 1500 桌子（框架式）,桌子,品牌27,1500,框架式,黑色,8*1*1,8
TaCI15FrWh,白色 品牌27 1500 桌子（框架式）,桌子,品牌27,1500,框架式,白色,8*1*1,8
TaCI15FrGr,灰色 品牌27 1500 桌子（框架式）,桌子,品牌27,1500,框架式,灰色,8*1*1,8
TaCI15FrSi,银色 品牌27 1500 桌子（框架式）,桌子,品牌27,1500,框架式,银色,8*1*1,8
TaCI18AdBl,黑色 品牌27 1800 桌子（可调节）,桌子,品牌27,1800,可调节,黑色,8*1*1,8
TaCI18AdWh,白色 品牌27 1800 桌子（可调节）,桌子,品牌27,1800,可调节,白色,8*1*1,8
TaCI18AdGr,灰色 品牌27 1800 桌子（可调节）,桌子,品牌27,1800,可调节,灰色,8*1*1,8
TaCI18AdSi,银色 品牌27 1800 桌子（可调节）,桌子,品牌27,1800,可调节,银色,8*1*1,8
TaCI18AuBl,黑色 品牌27 1800 桌子（自动调节）,桌子,品牌27,1800,自动调节,黑色,8*1*1,8
TaCI18AuWh,白色 品牌27 1800 桌子（自动调节）,桌子,品牌27,1800,自动调节,白色,8*1*1,8
TaCI18AuGr,灰色 品牌27 1800 桌子（自动调节）,桌子,品牌27,1800,自动调节,灰色,8*1*1,8
TaCI18AuSi,银色 品牌27 1800 桌子（自动调节）,桌子,品牌27,1800,自动调节,银色,8*1*1,8
TaCI18WoBl,黑色 品牌27 1800 桌子（工作站）,桌子,品牌27,1800,工作站,黑色,8*1*1,8
TaCI18WoWh,白色 品牌27 1800 桌子（工作站）,桌子,品牌27,1800,工作站,白色,8*1*1,8
TaCI18WoGr,灰色 品牌27 1800 桌子（工作站）,桌子,品牌27,1800,工作站,灰色,8*1*1,8
TaCI18WoSi,银色 品牌27 1800 桌子（工作站）,桌子,品牌27,1800,工作站,银色,8*1*1,8
TaCI18FrBl,黑色 品牌27 1800 桌子（框架式）,桌子,品牌27,1800,框架式,黑色,8*1*1,8
TaCI18FrWh,白色 品牌27 1800 桌子（框架式）,桌子,品牌27,1800,框架式,白色,8*1*1,8
TaCI18FrGr,灰色 品牌27 1800 桌子（框架式）,桌子,品牌27,1800,框架式,灰色,8*1*1,8
TaCI18FrSi,银色 品牌27 1800 桌子（框架式）,桌子,品牌27,1800,框架式,银色,8*1*1,8
TaCI10AdBl,黑色 品牌27 1000 桌子（可调节）,桌子,品牌27,1000,可调节,黑色,8*1*1,8
TaCI10AdWh,白色 品牌27 1000 桌子（可调节）,桌子,品牌27,1000,可调节,白色,8*1*1,8
TaCI10AdGr,灰色 品牌27 1000 桌子（可调节）,桌子,品牌27,1000,可调节,灰色,8*1*1,8
TaCI10AdSi,银色 品牌27 1000 桌子（可调节）,桌子,品牌27,1000,可调节,银色,8*1*1,8
TaCI10AuBl,黑色 品牌27 1000 桌子（自动调节）,桌子,品牌27,1000,自动调节,黑色,8*1*1,8
TaCI10AuWh,白色 品牌27 1000 桌子（自动调节）,桌子,品牌27,1000,自动调节,白色,8*1*1,8
TaCI10AuGr,灰色 品牌27 1000 桌子（自动调节）,桌子,品牌27,1000,自动调节,灰色,8*1*1,8
TaCI10AuSi,银色 品牌27 1000 桌子（自动调节）,桌子,品牌27,1000,自动调节,银色,8*1*1,8
TaCI10WoBl,黑色 品牌27 1000 桌子（工作站）,桌子,品牌27,1000,工作站,黑色,8*1*1,8
TaCI10WoWh,白色 品牌27 1000 桌子（工作站）,桌子,品牌27,1000,工作站,白色,8*1*1,8
TaCI10WoGr,灰色 品牌27 1000 桌子（工作站）,桌子,品牌27,1000,工作站,灰色,8*1*1,8
TaCI10WoSi,银色 品牌27 1000 桌子（工作站）,桌子,品牌27,1000,工作站,银色,8*1*1,8
TaCI10FrBl,黑色 品牌27 1000 桌子（框架式）,桌子,品牌27,1000,框架式,黑色,8*1*1,8
TaCI10FrWh,白色 品牌27 1000 桌子（框架式）,桌子,品牌27,1000,框架式,白色,8*1*1,8
TaCI10FrGr,灰色 品牌27 1000 桌子（框架式）,桌子,品牌27,1000,框架式,灰色,8*1*1,8
TaCI10FrSi,银色 品牌27 1000 桌子（框架式）,桌子,品牌27,1000,框架式,银色,8*1*1,8
TaTR15AdBl,黑色 品牌28 1500 桌子（可调节）,桌子,品牌28,1500,可调节,黑色,8*1*1,8
TaTR15AdWh,白色 品牌28 1500 桌子（可调节）,桌子,品牌28,1500,可调节,白色,8*1*1,8
TaTR15AdGr,灰色 品牌28 1500 桌子（可调节）,桌子,品牌28,1500,可调节,灰色,8*1*1,8
TaTR15AdSi,银色 品牌28 1500 桌子（可调节）,桌子,品牌28,1500,可调节,银色,8*1*1,8
TaTR15AuBl,黑色 品牌28 1500 桌子（自动调节）,桌子,品牌28,1500,自动调节,黑色,8*1*1,8
TaTR15AuWh,白色 品牌28 1500 桌子（自动调节）,桌子,品牌28,1500,自动调节,白色,8*1*1,8
TaTR15AuGr,灰色 品牌28 1500 桌子（自动调节）,桌子,品牌28,1500,自动调节,灰色,8*1*1,8
TaTR15AuSi,银色 品牌28 1500 桌子（自动调节）,桌子,品牌28,1500,自动调节,银色,8*1*1,8
TaTR15WoBl,黑色 品牌28 1500 桌子（工作站）,桌子,品牌28,1500,工作站,黑色,8*1*1,8
TaTR15WoWh,白色 品牌28 1500 桌子（工作站）,桌子,品牌28,1500,工作站,白色,8*1*1,8
TaTR15WoGr,灰色 品牌28 1500 桌子（工作站）,桌子,品牌28,1500,工作站,灰色,8*1*1,8
TaTR15WoSi,银色 品牌28 1500 桌子（工作站）,桌子,品牌28,1500,工作站,银色,8*1*1,8
TaTR15FrBl,黑色 品牌28 1500 桌子（框架式）,桌子,品牌28,1500,框架式,黑色,8*1*1,8
TaTR15FrWh,白色 品牌28 1500 桌子（框架式）,桌子,品牌28,1500,框架式,白色,8*1*1,8
TaTR15FrGr,灰色 品牌28 1500 桌子（框架式）,桌子,品牌28,1500,框架式,灰色,8*1*1,8
TaTR15FrSi,银色 品牌28 1500 桌子（框架式）,桌子,品牌28,1500,框架式,银色,8*1*1,8
TaTR18AdBl,黑色 品牌28 1800 桌子（可调节）,桌子,品牌28,1800,可调节,黑色,8*1*1,8
TaTR18AdWh,白色 品牌28 1800 桌子（可调节）,桌子,品牌28,1800,可调节,白色,8*1*1,8
TaTR18AdGr,灰色 品牌28 1800 桌子（可调节）,桌子,品牌28,1800,可调节,灰色,8*1*1,8
TaTR18AdSi,银色 品牌28 1800 桌子（可调节）,桌子,品牌28,1800,可调节,银色,8*1*1,8
TaTR18AuBl,黑色 品牌28 1800 桌子（自动调节）,桌子,品牌28,1800,自动调节,黑色,8*1*1,8
TaTR18AuWh,白色 品牌28 1800 桌子（自动调节）,桌子,品牌28,1800,自动调节,白色,8*1*1,8
TaTR18AuGr,灰色 品牌28 1800 桌子（自动调节）,桌子,品牌28,1800,自动调节,灰色,8*1*1,8
TaTR18AuSi,银色 品牌28 1800 桌子（自动调节）,桌子,品牌28,1800,自动调节,银色,8*1*1,8
TaTR18WoBl,黑色 品牌28 1800 桌子（工作站）,桌子,品牌28,1800,工作站,黑色,8*1*1,8
TaTR18WoWh,白色 品牌28 1800 桌子（工作站）,桌子,品牌28,1800,工作站,白色,8*1*1,8
TaTR18WoGr,灰色 品牌28 1800 桌子（工作站）,桌子,品牌28,1800,工作站,灰色,8*1*1,8
TaTR18WoSi,银色 品牌28 1800 桌子（工作站）,桌子,品牌28,1800,工作站,银色,8*1*1,8
TaTR18FrBl,黑色 品牌28 1800 桌子（框架式）,桌子,品牌28,1800,框架式,黑色,8*1*1,8
TaTR18FrWh,白色 品牌28 1800 桌子（框架式）,桌子,品牌28,1800,框架式,白色,8*1*1,8
TaTR18FrGr,灰色 品牌28 1800 桌子（框架式）,桌子,品牌28,1800,框架式,灰色,8*1*1,8
TaTR18FrSi,银色 品牌28 1800 桌子（框架式）,桌子,品牌28,1800,框架式,银色,8*1*1,8
TaTR10AdBl,黑色 品牌28 1000 桌子（可调节）,桌子,品牌28,1000,可调节,黑色,8*1*1,8
TaTR10AdWh,白色 品牌28 1000 桌子（可调节）,桌子,品牌28,1000,可调节,白色,8*1*1,8
TaTR10AdGr,灰色 品牌28 1000 桌子（可调节）,桌子,品牌28,1000,可调节,灰色,8*1*1,8
TaTR10AdSi,银色 品牌28 1000 桌子（可调节）,桌子,品牌28,1000,可调节,银色,8*1*1,8
TaTR10AuBl,黑色 品牌28 1000 桌子（自动调节）,桌子,品牌28,1000,自动调节,黑色,8*1*1,8
TaTR10AuWh,白色 品牌28 1000 桌子（自动调节）,桌子,品牌28,1000,自动调节,白色,8*1*1,8
TaTR10AuGr,灰色 品牌28 1000 桌子（自动调节）,桌子,品牌28,1000,自动调节,灰色,8*1*1,8
TaTR10AuSi,银色 品牌28 1000 桌子（自动调节）,桌子,品牌28,1000,自动调节,银色,8*1*1,8
TaTR10WoBl,黑色 品牌28 1000 桌子（工作站）,桌子,品牌28,1000,工作站,黑色,8*1*1,8
TaTR10WoWh,白色 品牌28 1000 桌子（工作站）,桌子,品牌28,1000,工作站,白色,8*1*1,8
TaTR10WoGr,灰色 品牌28 1000 桌子（工作站）,桌子,品牌28,1000,工作站,灰色,8*1*1,8
TaTR10WoSi,银色 品牌28 1000 桌子（工作站）,桌子,品牌28,1000,工作站,银色,8*1*1,8
TaTR10FrBl,黑色 品牌28 1000 桌子（框架式）,桌子,品牌28,1000,框架式,黑色,8*1*1,8
TaTR10FrWh,白色 品牌28 1000 桌子（框架式）,桌子,品牌28,1000,框架式,白色,8*1*1,8
TaTR10FrGr,灰色 品牌28 1000 桌子（框架式）,桌子,品牌28,1000,框架式,灰色,8*1*1,8
TaTR10FrSi,银色 品牌28 1000 桌子（框架式）,桌子,品牌28,1000,框架式,银色,8*1*1,8
TaTR15AdBl,黑色 品牌29 1500 桌子（可调节）,桌子,品牌29,1500,可调节,黑色,8*1*1,8
TaTR15AdWh,白色 品牌29 1500 桌子（可调节）,桌子,品牌29,1500,可调节,白色,8*1*1,8
TaTR15AdGr,灰色 品牌29 1500 桌子（可调节）,桌子,品牌29,1500,可调节,灰色,8*1*1,8
TaTR15AdSi,银色 品牌29 1500 桌子（可调节）,桌子,品牌29,1500,可调节,银色,8*1*1,8
TaTR15AuBl,黑色 品牌29 1500 桌子（自动调节）,桌子,品牌29,1500,自动调节,黑色,8*1*1,8
TaTR15AuWh,白色 品牌29 1500 桌子（自动调节）,桌子,品牌29,1500,自动调节,白色,8*1*1,8
TaTR15AuGr,灰色 品牌29 1500 桌子（自动调节）,桌子,品牌29,1500,自动调节,灰色,8*1*1,8
TaTR15AuSi,银色 品牌29 1500 桌子（自动调节）,桌子,品牌29,1500,自动调节,银色,8*1*1,8
TaTR15WoBl,黑色 品牌29 1500 桌子（工作站）,桌子,品牌29,1500,工作站,黑色,8*1*1,8
TaTR15WoWh,白色 品牌29 1500 桌子（工作站）,桌子,品牌29,1500,工作站,白色,8*1*1,8
TaTR15WoGr,灰色 品牌29 1500 桌子（工作站）,桌子,品牌29,1500,工作站,灰色,8*1*1,8
TaTR15WoSi,银色 品牌29 1500 桌子（工作站）,桌子,品牌29,1500,工作站,银色,8*1*1,8
TaTR15FrBl,黑色 品牌29 1500 桌子（框架式）,桌子,品牌29,1500,框架式,黑色,8*1*1,8
TaTR15FrWh,白色 品牌29 1500 桌子（框架式）,桌子,品牌29,1500,框架式,白色,8*1*1,8
TaTR15FrGr,灰色 品牌29 1500 桌子（框架式）,桌子,品牌29,1500,框架式,灰色,8*1*1,8
TaTR15FrSi,银色 品牌29 1500 桌子（框架式）,桌子,品牌29,1500,框架式,银色,8*1*1,8
TaTR18AdBl,黑色 品牌29 1800 桌子（可调节）,桌子,品牌29,1800,可调节,黑色,8*1*1,8
TaTR18AdWh,白色 品牌29 1800 桌子（可调节）,桌子,品牌29,1800,可调节,白色,8*1*1,8
TaTR18AdGr,灰色 品牌29 1800 桌子（可调节）,桌子,品牌29,1800,可调节,灰色,8*1*1,8
TaTR18AdSi,银色 品牌29 1800 桌子（可调节）,桌子,品牌29,1800,可调节,银色,8*1*1,8
TaTR18AuBl,黑色 品牌29 1800 桌子（自动调节）,桌子,品牌29,1800,自动调节,黑色,8*1*1,8
TaTR18AuWh,白色 品牌29 1800 桌子（自动调节）,桌子,品牌29,1800,自动调节,白色,8*1*1,8
TaTR18AuGr,灰色 品牌29 1800 桌子（自动调节）,桌子,品牌29,1800,自动调节,灰色,8*1*1,8
TaTR18AuSi,银色 品牌29 1800 桌子（自动调节）,桌子,品牌29,1800,自动调节,银色,8*1*1,8
TaTR18WoBl,黑色 品牌29 1800 桌子（工作站）,桌子,品牌29,1800,工作站,黑色,8*1*1,8
TaTR18WoWh,白色 品牌29 1800 桌子（工作站）,桌子,品牌29,1800,工作站,白色,8*1*1,8
TaTR18WoGr,灰色 品牌29 1800 桌子（工作站）,桌子,品牌29,1800,工作站,灰色,8*1*1,8
TaTR18WoSi,银色 品牌29 1800 桌子（工作站）,桌子,品牌29,1800,工作站,银色,8*1*1,8
TaTR18FrBl,黑色 品牌29 1800 桌子（框架式）,桌子,品牌29,1800,框架式,黑色,8*1*1,8
TaTR18FrWh,白色 品牌29 1800 桌子（框架式）,桌子,品牌29,1800,框架式,白色,8*1*1,8
TaTR18FrGr,灰色 品牌29 1800 桌子（框架式）,桌子,品牌29,1800,框架式,灰色,8*1*1,8
TaTR18FrSi,银色 品牌29 1800 桌子（框架式）,桌子,品牌29,1800,框架式,银色,8*1*1,8
TaTR10AdBl,黑色 品牌29 1000 桌子（可调节）,桌子,品牌29,1000,可调节,黑色,8*1*1,8
TaTR10AdWh,白色 品牌29 1000 桌子（可调节）,桌子,品牌29,1000,可调节,白色,8*1*1,8
TaTR10AdGr,灰色 品牌29 1000 桌子（可调节）,桌子,品牌29,1000,可调节,灰色,8*1*1,8
TaTR10AdSi,银色 品牌29 1000 桌子（可调节）,桌子,品牌29,1000,可调节,银色,8*1*1,8
TaTR10AuBl,黑色 品牌29 1000 桌子（自动调节）,桌子,品牌29,1000,自动调节,黑色,8*1*1,8
TaTR10AuWh,白色 品牌29 1000 桌子（自动调节）,桌子,品牌29,1000,自动调节,白色,8*1*1,8
TaTR10AuGr,灰色 品牌29 1000 桌子（自动调节）,桌子,品牌29,1000,自动调节,灰色,8*1*1,8
TaTR10AuSi,银色 品牌29 1000 桌子（自动调节）,桌子,品牌29,1000,自动调节,银色,8*1*1,8
TaTR10WoBl,黑色 品牌29 1000 桌子（工作站）,桌子,品牌29,1000,工作站,黑色,8*1*1,8
TaTR10WoWh,白色 品牌29 1000 桌子（工作站）,桌子,品牌29,1000,工作站,白色,8*1*1,8
TaTR10WoGr,灰色 品牌29 1000 桌子（工作站）,桌子,品牌29,1000,工作站,灰色,8*1*1,8
TaTR10WoSi,银色 品牌29 1000 桌子（工作站）,桌子,品牌29,1000,工作站,银色,8*1*1,8
TaTR10FrBl,黑色 品牌29 1000 桌子（框架式）,桌子,品牌29,1000,框架式,黑色,8*1*1,8
TaTR10FrWh,白色 品牌29 1000 桌子（框架式）,桌子,品牌29,1000,框架式,白色,8*1*1,8
TaTR10FrGr,灰色 品牌29 1000 桌子（框架式）,桌子,品牌29,1000,框架式,灰色,8*1*1,8
TaTR10FrSi,银色 品牌29 1000 桌子（框架式）,桌子,品牌29,1000,框架式,银色,8*1*1,8
TVGn32FHBl,黑色 品牌30 32英寸 电视机（全高清）,电视机,品牌30,32英寸,全高清,黑色,8*1*1,8
TVGn32FHWh,白色 品牌30 32英寸 电视机（全高清）,电视机,品牌30,32英寸,全高清,白色,8*1*1,8
TVGn32FHGr,灰色 品牌30 32英寸 电视机（全高清）,电视机,品牌30,32英寸,全高清,灰色,8*1*1,8
TVGn32FHSi,银色 品牌30 32英寸 电视机（全高清）,电视机,品牌30,32英寸,全高清,银色,8*1*1,8
TVGn324KBl,黑色 品牌30 32英寸 电视机（超高清）,电视机,品牌30,32英寸,超高清,黑色,8*1*1,8
TVGn324KWh,白色 品牌30 32英寸 电视机（超高清）,电视机,品牌30,32英寸,超高清,白色,8*1*1,8
TVGn324KGr,灰色 品牌30 32英寸 电视机（超高清）,电视机,品牌30,32英寸,超高清,灰色,8*1*1,8
TVGn324KSi,银色 品牌30 32英寸 电视机（超高清）,电视机,品牌30,32英寸,超高清,银色,8*1*1,8
TVGn32SFBl,黑色 品牌30 32英寸 电视机（超级全高清）,电视机,品牌30,32英寸,超级全高清,黑色,8*1*1,8
TVGn32SFWh,白色 品牌30 32英寸 电视机（超级全高清）,电视机,品牌30,32英寸,超级全高清,白色,8*1*1,8
TVGn32SFGr,灰色 品牌30 32英寸 电视机（超级全高清）,电视机,品牌30,32英寸,超级全高清,灰色,8*1*1,8
TVGn32SFSi,银色 品牌30 32英寸 电视机（超级全高清）,电视机,品牌30,32英寸,超级全高清,银色,8*1*1,8
TVGn32S4Bl,黑色 品牌30 32英寸 电视机（超级超高清）,电视机,品牌30,32英寸,超级超高清,黑色,8*1*1,8
TVGn32S4Wh,白色 品牌30 32英寸 电视机（超级超高清）,电视机,品牌30,32英寸,超级超高清,白色,8*1*1,8
TVGn32S4Gr,灰色 品牌30 32英寸 电视机（超级超高清）,电视机,品牌30,32英寸,超级超高清,灰色,8*1*1,8
TVGn32S4Si,银色 品牌30 32英寸 电视机（超级超高清）,电视机,品牌30,32英寸,超级超高清,银色,8*1*1,8
TVGn42FHBl,黑色 品牌30 42英寸 电视机（全高清）,电视机,品牌30,42英寸,全高清,黑色,8*1*1,8
TVGn42FHWh,白色 品牌30 42英寸 电视机（全高清）,电视机,品牌30,42英寸,全高清,白色,8*1*1,8
TVGn42FHGr,灰色 品牌30 42英寸 电视机（全高清）,电视机,品牌30,42英寸,全高清,灰色,8*1*1,8
TVGn42FHSi,银色 品牌30 42英寸 电视机（全高清）,电视机,品牌30,42英寸,全高清,银色,8*1*1,8
TVGn424KBl,黑色 品牌30 42英寸 电视机（超高清）,电视机,品牌30,42英寸,超高清,黑色,8*1*1,8
TVGn424KWh,白色 品牌30 42英寸 电视机（超高清）,电视机,品牌30,42英寸,超高清,白色,8*1*1,8
TVGn424KGr,灰色 品牌30 42英寸 电视机（超高清）,电视机,品牌30,42英寸,超高清,灰色,8*1*1,8
TVGn424KSi,银色 品牌30 42英寸 电视机（超高清）,电视机,品牌30,42英寸,超高清,银色,8*1*1,8
TVGn42SFBl,黑色 品牌30 42英寸 电视机（超级全高清）,电视机,品牌30,42英寸,超级全高清,黑色,8*1*1,8
TVGn42SFWh,白色 品牌30 42英寸 电视机（超级全高清）,电视机,品牌30,42英寸,超级全高清,白色,8*1*1,8
TVGn42SFGr,灰色 品牌30 42英寸 电视机（超级全高清）,电视机,品牌30,42英寸,超级全高清,灰色,8*1*1,8
TVGn42SFSi,银色 品牌30 42英寸 电视机（超级全高清）,电视机,品牌30,42英寸,超级全高清,银色,8*1*1,8
TVGn42S4Bl,黑色 品牌30 42英寸 电视机（超级超高清）,电视机,品牌30,42英寸,超级超高清,黑色,8*1*1,8
TVGn42S4Wh,白色 品牌30 42英寸 电视机（超级超高清）,电视机,品牌30,42英寸,超级超高清,白色,8*1*1,8
TVGn42S4Gr,灰色 品牌30 42英寸 电视机（超级超高清）,电视机,品牌30,42英寸,超级超高清,灰色,8*1*1,8
TVGn42S4Si,银色 品牌30 42英寸 电视机（超级超高清）,电视机,品牌30,42英寸,超级超高清,银色,8*1*1,8
TVGn50FHBl,黑色 品牌30 50英寸 电视机（全高清）,电视机,品牌30,50英寸,全高清,黑色,8*1*1,8
TVGn50FHWh,白色 品牌30 50英寸 电视机（全高清）,电视机,品牌30,50英寸,全高清,白色,8*1*1,8
TVGn50FHGr,灰色 品牌30 50英寸 电视机（全高清）,电视机,品牌30,50英寸,全高清,灰色,8*1*1,8
TVGn50FHSi,银色 品牌30 50英寸 电视机（全高清）,电视机,品牌30,50英寸,全高清,银色,8*1*1,8
TVGn504KBl,黑色 品牌30 50英寸 电视机（超高清）,电视机,品牌30,50英寸,超高清,黑色,8*1*1,8
TVGn504KWh,白色 品牌30 50英寸 电视机（超高清）,电视机,品牌30,50英寸,超高清,白色,8*1*1,8
TVGn504KGr,灰色 品牌30 50英寸 电视机（超高清）,电视机,品牌30,50英寸,超高清,灰色,8*1*1,8
TVGn504KSi,银色 品牌30 50英寸 电视机（超高清）,电视机,品牌30,50英寸,超高清,银色,8*1*1,8
TVGn50SFBl,黑色 品牌30 50英寸 电视机（超级全高清）,电视机,品牌30,50英寸,超级全高清,黑色,8*1*1,8
TVGn50SFWh,白色 品牌30 50英寸 电视机（超级全高清）,电视机,品牌30,50英寸,超级全高清,白色,8*1*1,8
TVGn50SFGr,灰色 品牌30 50英寸 电视机（超级全高清）,电视机,品牌30,50英寸,超级全高清,灰色,8*1*1,8
TVGn50SFSi,银色 品牌30 50英寸 电视机（超级全高清）,电视机,品牌30,50英寸,超级全高清,银色,8*1*1,8
TVGn50S4Bl,黑色 品牌30 50英寸 电视机（超级超高清）,电视机,品牌30,50英寸,超级超高清,黑色,8*1*1,8
TVGn50S4Wh,白色 品牌30 50英寸 电视机（超级超高清）,电视机,品牌30,50英寸,超级超高清,白色,8*1*1,8
TVGn50S4Gr,灰色 品牌30 50英寸 电视机（超级超高清）,电视机,品牌30,50英寸,超级超高清,灰色,8*1*1,8
TVGn50S4Si,银色 品牌30 50英寸 电视机（超级超高清）,电视机,品牌30,50英寸,超级超高清,银色,8*1*1,8
TVGn65FHBl,黑色 品牌30 65英寸 电视机（全高清）,电视机,品牌30,65英寸,全高清,黑色,8*1*1,8
TVGn65FHWh,白色 品牌30 65英寸 电视机（全高清）,电视机,品牌30,65英寸,全高清,白色,8*1*1,8
TVGn65FHGr,灰色 品牌30 65英寸 电视机（全高清）,电视机,品牌30,65英寸,全高清,灰色,8*1*1,8
TVGn65FHSi,银色 品牌30 65英寸 电视机（全高清）,电视机,品牌30,65英寸,全高清,银色,8*1*1,8
TVGn654KBl,黑色 品牌30 65英寸 电视机（超高清）,电视机,品牌30,65英寸,超高清,黑色,8*1*1,8
TVGn654KWh,白色 品牌30 65英寸 电视机（超高清）,电视机,品牌30,65英寸,超高清,白色,8*1*1,8
TVGn654KGr,灰色 品牌30 65英寸 电视机（超高清）,电视机,品牌30,65英寸,超高清,灰色,8*1*1,8
TVGn654KSi,银色 品牌30 65英寸 电视机（超高清）,电视机,品牌30,65英寸,超高清,银色,8*1*1,8
TVGn65SFBl,黑色 品牌30 65英寸 电视机（超级全高清）,电视机,品牌30,65英寸,超级全高清,黑色,8*1*1,8
TVGn65SFWh,白色 品牌30 65英寸 电视机（超级全高清）,电视机,品牌30,65英寸,超级全高清,白色,8*1*1,8
TVGn65SFGr,灰色 品牌30 65英寸 电视机（超级全高清）,电视机,品牌30,65英寸,超级全高清,灰色,8*1*1,8
TVGn65SFSi,银色 品牌30 65英寸 电视机（超级全高清）,电视机,品牌30,65英寸,超级全高清,银色,8*1*1,8
TVGn65S4Bl,黑色 品牌30 65英寸 电视机（超级超高清）,电视机,品牌30,65英寸,超级超高清,黑色,8*1*1,8
TVGn65S4Wh,白色 品牌30 65英寸 电视机（超级超高清）,电视机,品牌30,65英寸,超级超高清,白色,8*1*1,8
TVGn65S4Gr,灰色 品牌30 65英寸 电视机（超级超高清）,电视机,品牌30,65英寸,超级超高清,灰色,8*1*1,8
TVGn65S4Si,银色 品牌30 65英寸 电视机（超级超高清）,电视机,品牌30,65英寸,超级超高清,银色,8*1*1,8
TVGn75FHBl,黑色 品牌30 75英寸 电视机（全高清）,电视机,品牌30,75英寸,全高清,黑色,8*1*1,8
TVGn75FHWh,白色 品牌30 75英寸 电视机（全高清）,电视机,品牌30,75英寸,全高清,白色,8*1*1,8
TVGn75FHGr,灰色 品牌30 75英寸 电视机（全高清）,电视机,品牌30,75英寸,全高清,灰色,8*1*1,8
TVGn75FHSi,银色 品牌30 75英寸 电视机（全高清）,电视机,品牌30,75英寸,全高清,银色,8*1*1,8
TVGn754KBl,黑色 品牌30 75英寸 电视机（超高清）,电视机,品牌30,75英寸,超高清,黑色,8*1*1,8
TVGn754KWh,白色 品牌30 75英寸 电视机（超高清）,电视机,品牌30,75英寸,超高清,白色,8*1*1,8
TVGn754KGr,灰色 品牌30 75英寸 电视机（超高清）,电视机,品牌30,75英寸,超高清,灰色,8*1*1,8
TVGn754KSi,银色 品牌30 75英寸 电视机（超高清）,电视机,品牌30,75英寸,超高清,银色,8*1*1,8
TVGn75SFBl,黑色 品牌30 75英寸 电视机（超级全高清）,电视机,品牌30,75英寸,超级全高清,黑色,8*1*1,8
TVGn75SFWh,白色 品牌30 75英寸 电视机（超级全高清）,电视机,品牌30,75英寸,超级全高清,白色,8*1*1,8
TVGn75SFGr,灰色 品牌30 75英寸 电视机（超级全高清）,电视机,品牌30,75英寸,超级全高清,灰色,8*1*1,8
TVGn75SFSi,银色 品牌30 75英寸 电视机（超级全高清）,电视机,品牌30,75英寸,超级全高清,银色,8*1*1,8
TVGn75S4Bl,黑色 品牌30 75英寸 电视机（超级超高清）,电视机,品牌30,75英寸,超级超高清,黑色,8*1*1,8
TVGn75S4Wh,白色 品牌30 75英寸 电视机（超级超高清）,电视机,品牌30,75英寸,超级超高清,白色,8*1*1,8
TVGn75S4Gr,灰色 品牌30 75英寸 电视机（超级超高清）,电视机,品牌30,75英寸,超级超高清,灰色,8*1*1,8
TVGn75S4Si,银色 品牌30 75英寸 电视机（超级超高清）,电视机,品牌30,75英寸,超级超高清,银色,8*1*1,8
TVGL32FHBl,黑色 品牌31 32英寸 电视机（全高清）,电视机,品牌31,32英寸,全高清,黑色,8*1*1,8
TVGL32FHWh,白色 品牌31 32英寸 电视机（全高清）,电视机,品牌31,32英寸,全高清,白色,8*1*1,8
TVGL32FHGr,灰色 品牌31 32英寸 电视机（全高清）,电视机,品牌31,32英寸,全高清,灰色,8*1*1,8
TVGL32FHSi,银色 品牌31 32英寸 电视机（全高清）,电视机,品牌31,32英寸,全高清,银色,8*1*1,8
TVGL324KBl,黑色 品牌31 32英寸 电视机（超高清）,电视机,品牌31,32英寸,超高清,黑色,8*1*1,8
TVGL324KWh,白色 品牌31 32英寸 电视机（超高清）,电视机,品牌31,32英寸,超高清,白色,8*1*1,8
TVGL324KGr,灰色 品牌31 32英寸 电视机（超高清）,电视机,品牌31,32英寸,超高清,灰色,8*1*1,8
TVGL324KSi,银色 品牌31 32英寸 电视机（超高清）,电视机,品牌31,32英寸,超高清,银色,8*1*1,8
TVGL32SFBl,黑色 品牌31 32英寸 电视机（超级全高清）,电视机,品牌31,32英寸,超级全高清,黑色,8*1*1,8
TVGL32SFWh,白色 品牌31 32英寸 电视机（超级全高清）,电视机,品牌31,32英寸,超级全高清,白色,8*1*1,8
TVGL32SFGr,灰色 品牌31 32英寸 电视机（超级全高清）,电视机,品牌31,32英寸,超级全高清,灰色,8*1*1,8
TVGL32SFSi,银色 品牌31 32英寸 电视机（超级全高清）,电视机,品牌31,32英寸,超级全高清,银色,8*1*1,8
TVGL32S4Bl,黑色 品牌31 32英寸 电视机（超级超高清）,电视机,品牌31,32英寸,超级超高清,黑色,8*1*1,8
TVGL32S4Wh,白色 品牌31 32英寸 电视机（超级超高清）,电视机,品牌31,32英寸,超级超高清,白色,8*1*1,8
TVGL32S4Gr,灰色 品牌31 32英寸 电视机（超级超高清）,电视机,品牌31,32英寸,超级超高清,灰色,8*1*1,8
TVGL32S4Si,银色 品牌31 32英寸 电视机（超级超高清）,电视机,品牌31,32英寸,超级超高清,银色,8*1*1,8
TVGL42FHBl,黑色 品牌31 42英寸 电视机（全高清）,电视机,品牌31,42英寸,全高清,黑色,8*1*1,8
TVGL42FHWh,白色 品牌31 42英寸 电视机（全高清）,电视机,品牌31,42英寸,全高清,白色,8*1*1,8
TVGL42FHGr,灰色 品牌31 42英寸 电视机（全高清）,电视机,品牌31,42英寸,全高清,灰色,8*1*1,8
TVGL42FHSi,银色 品牌31 42英寸 电视机（全高清）,电视机,品牌31,42英寸,全高清,银色,8*1*1,8
TVGL424KBl,黑色 品牌31 42英寸 电视机（超高清）,电视机,品牌31,42英寸,超高清,黑色,8*1*1,8
TVGL424KWh,白色 品牌31 42英寸 电视机（超高清）,电视机,品牌31,42英寸,超高清,白色,8*1*1,8
TVGL424KGr,灰色 品牌31 42英寸 电视机（超高清）,电视机,品牌31,42英寸,超高清,灰色,8*1*1,8
TVGL424KSi,银色 品牌31 42英寸 电视机（超高清）,电视机,品牌31,42英寸,超高清,银色,8*1*1,8
TVGL42SFBl,黑色 品牌31 42英寸 电视机（超级全高清）,电视机,品牌31,42英寸,超级全高清,黑色,8*1*1,8
TVGL42SFWh,白色 品牌31 42英寸 电视机（超级全高清）,电视机,品牌31,42英寸,超级全高清,白色,8*1*1,8
TVGL42SFGr,灰色 品牌31 42英寸 电视机（超级全高清）,电视机,品牌31,42英寸,超级全高清,灰色,8*1*1,8
TVGL42SFSi,银色 品牌31 42英寸 电视机（超级全高清）,电视机,品牌31,42英寸,超级全高清,银色,8*1*1,8
TVGL42S4Bl,黑色 品牌31 42英寸 电视机（超级超高清）,电视机,品牌31,42英寸,超级超高清,黑色,8*1*1,8
TVGL42S4Wh,白色 品牌31 42英寸 电视机（超级超高清）,电视机,品牌31,42英寸,超级超高清,白色,8*1*1,8
TVGL42S4Gr,灰色 品牌31 42英寸 电视机（超级超高清）,电视机,品牌31,42英寸,超级超高清,灰色,8*1*1,8
TVGL42S4Si,银色 品牌31 42英寸 电视机（超级超高清）,电视机,品牌31,42英寸,超级超高清,银色,8*1*1,8
TVGL50FHBl,黑色 品牌31 50英寸 电视机（全高清）,电视机,品牌31,50英寸,全高清,黑色,8*1*1,8
TVGL50FHWh,白色 品牌31 50英寸 电视机（全高清）,电视机,品牌31,50英寸,全高清,白色,8*1*1,8
TVGL50FHGr,灰色 品牌31 50英寸 电视机（全高清）,电视机,品牌31,50英寸,全高清,灰色,8*1*1,8
TVGL50FHSi,银色 品牌31 50英寸 电视机（全高清）,电视机,品牌31,50英寸,全高清,银色,8*1*1,8
TVGL504KBl,黑色 品牌31 50英寸 电视机（超高清）,电视机,品牌31,50英寸,超高清,黑色,8*1*1,8
TVGL504KWh,白色 品牌31 50英寸 电视机（超高清）,电视机,品牌31,50英寸,超高清,白色,8*1*1,8
TVGL504KGr,灰色 品牌31 50英寸 电视机（超高清）,电视机,品牌31,50英寸,超高清,灰色,8*1*1,8
TVGL504KSi,银色 品牌31 50英寸 电视机（超高清）,电视机,品牌31,50英寸,超高清,银色,8*1*1,8
TVGL50SFBl,黑色 品牌31 50英寸 电视机（超级全高清）,电视机,品牌31,50英寸,超级全高清,黑色,8*1*1,8
TVGL50SFWh,白色 品牌31 50英寸 电视机（超级全高清）,电视机,品牌31,50英寸,超级全高清,白色,8*1*1,8
TVGL50SFGr,灰色 品牌31 50英寸 电视机（超级全高清）,电视机,品牌31,50英寸,超级全高清,灰色,8*1*1,8
TVGL50SFSi,银色 品牌31 50英寸 电视机（超级全高清）,电视机,品牌31,50英寸,超级全高清,银色,8*1*1,8
TVGL50S4Bl,黑色 品牌31 50英寸 电视机（超级超高清）,电视机,品牌31,50英寸,超级超高清,黑色,8*1*1,8
TVGL50S4Wh,白色 品牌31 50英寸 电视机（超级超高清）,电视机,品牌31,50英寸,超级超高清,白色,8*1*1,8
TVGL50S4Gr,灰色 品牌31 50英寸 电视机（超级超高清）,电视机,品牌31,50英寸,超级超高清,灰色,8*1*1,8
TVGL50S4Si,银色 品牌31 50英寸 电视机（超级超高清）,电视机,品牌31,50英寸,超级超高清,银色,8*1*1,8
TVGL65FHBl,黑色 品牌31 65英寸 电视机（全高清）,电视机,品牌31,65英寸,全高清,黑色,8*1*1,8
TVGL65FHWh,白色 品牌31 65英寸 电视机（全高清）,电视机,品牌31,65英寸,全高清,白色,8*1*1,8
TVGL65FHGr,灰色 品牌31 65英寸 电视机（全高清）,电视机,品牌31,65英寸,全高清,灰色,8*1*1,8
TVGL65FHSi,银色 品牌31 65英寸 电视机（全高清）,电视机,品牌31,65英寸,全高清,银色,8*1*1,8
TVGL654KBl,黑色 品牌31 65英寸 电视机（超高清）,电视机,品牌31,65英寸,超高清,黑色,8*1*1,8
TVGL654KWh,白色 品牌31 65英寸 电视机（超高清）,电视机,品牌31,65英寸,超高清,白色,8*1*1,8
TVGL654KGr,灰色 品牌31 65英寸 电视机（超高清）,电视机,品牌31,65英寸,超高清,灰色,8*1*1,8
TVGL654KSi,银色 品牌31 65英寸 电视机（超高清）,电视机,品牌31,65英寸,超高清,银色,8*1*1,8
TVGL65SFBl,黑色 品牌31 65英寸 电视机（超级全高清）,电视机,品牌31,65英寸,超级全高清,黑色,8*1*1,8
TVGL65SFWh,白色 品牌31 65英寸 电视机（超级全高清）,电视机,品牌31,65英寸,超级全高清,白色,8*1*1,8
TVGL65SFGr,灰色 品牌31 65英寸 电视机（超级全高清）,电视机,品牌31,65英寸,超级全高清,灰色,8*1*1,8
TVGL65SFSi,银色 品牌31 65英寸 电视机（超级全高清）,电视机,品牌31,65英寸,超级全高清,银色,8*1*1,8
TVGL65S4Bl,黑色 品牌31 65英寸 电视机（超级超高清）,电视机,品牌31,65英寸,超级超高清,黑色,8*1*1,8
TVGL65S4Wh,白色 品牌31 65英寸 电视机（超级超高清）,电视机,品牌31,65英寸,超级超高清,白色,8*1*1,8
TVGL65S4Gr,灰色 品牌31 65英寸 电视机（超级超高清）,电视机,品牌31,65英寸,超级超高清,灰色,8*1*1,8
TVGL65S4Si,银色 品牌31 65英寸 电视机（超级超高清）,电视机,品牌31,65英寸,超级超高清,银色,8*1*1,8
TVGL75FHBl,黑色 品牌31 75英寸 电视机（全高清）,电视机,品牌31,75英寸,全高清,黑色,8*1*1,8
TVGL75FHWh,白色 品牌31 75英寸 电视机（全高清）,电视机,品牌31,75英寸,全高清,白色,8*1*1,8
TVGL75FHGr,灰色 品牌31 75英寸 电视机（全高清）,电视机,品牌31,75英寸,全高清,灰色,8*1*1,8
TVGL75FHSi,银色 品牌31 75英寸 电视机（全高清）,电视机,品牌31,75英寸,全高清,银色,8*1*1,8
TVGL754KBl,黑色 品牌31 75英寸 电视机（超高清）,电视机,品牌31,75英寸,超高清,黑色,8*1*1,8
TVGL754KWh,白色 品牌31 75英寸 电视机（超高清）,电视机,品牌31,75英寸,超高清,白色,8*1*1,8
TVGL754KGr,灰色 品牌31 75英寸 电视机（超高清）,电视机,品牌31,75英寸,超高清,灰色,8*1*1,8
TVGL754KSi,银色 品牌31 75英寸 电视机（超高清）,电视机,品牌31,75英寸,超高清,银色,8*1*1,8
TVGL75SFBl,黑色 品牌31 75英寸 电视机（超级全高清）,电视机,品牌31,75英寸,超级全高清,黑色,8*1*1,8
TVGL75SFWh,白色 品牌31 75英寸 电视机（超级全高清）,电视机,品牌31,75英寸,超级全高清,白色,8*1*1,8
TVGL75SFGr,灰色 品牌31 75英寸 电视机（超级全高清）,电视机,品牌31,75英寸,超级全高清,灰色,8*1*1,8
TVGL75SFSi,银色 品牌31 75英寸 电视机（超级全高清）,电视机,品牌31,75英寸,超级全高清,银色,8*1*1,8
TVGL75S4Bl,黑色 品牌31 75英寸 电视机（超级超高清）,电视机,品牌31,75英寸,超级超高清,黑色,8*1*1,8
TVGL75S4Wh,白色 品牌31 75英寸 电视机（超级超高清）,电视机,品牌31,75英寸,超级超高清,白色,8*1*1,8
TVGL75S4Gr,灰色 品牌31 75英寸 电视机（超级超高清）,电视机,品牌31,75英寸,超级超高清,灰色,8*1*1,8
TVGL75S4Si,银色 品牌31 75英寸 电视机（超级超高清）,电视机,品牌31,75英寸,超级超高清,银色,8*1*1,8
TVYn32FHBl,黑色 品牌15 32英寸 电视机（全高清）,电视机,品牌15,32英寸,全高清,黑色,8*1*1,8
TVYn32FHWh,白色 品牌15 32英寸 电视机（全高清）,电视机,品牌15,32英寸,全高清,白色,8*1*1,8
TVYn32FHGr,灰色 品牌15 32英寸 电视机（全高清）,电视机,品牌15,32英寸,全高清,灰色,8*1*1,8
TVYn32FHSi,银色 品牌15 32英寸 电视机（全高清）,电视机,品牌15,32英寸,全高清,银色,8*1*1,8
TVYn324KBl,黑色 品牌15 32英寸 电视机（超高清）,电视机,品牌15,32英寸,超高清,黑色,8*1*1,8
TVYn324KWh,白色 品牌15 32英寸 电视机（超高清）,电视机,品牌15,32英寸,超高清,白色,8*1*1,8
TVYn324KGr,灰色 品牌15 32英寸 电视机（超高清）,电视机,品牌15,32英寸,超高清,灰色,8*1*1,8
TVYn324KSi,银色 品牌15 32英寸 电视机（超高清）,电视机,品牌15,32英寸,超高清,银色,8*1*1,8
TVYn32SFBl,黑色 品牌15 32英寸 电视机（超级全高清）,电视机,品牌15,32英寸,超级全高清,黑色,8*1*1,8
TVYn32SFWh,白色 品牌15 32英寸 电视机（超级全高清）,电视机,品牌15,32英寸,超级全高清,白色,8*1*1,8
TVYn32SFGr,灰色 品牌15 32英寸 电视机（超级全高清）,电视机,品牌15,32英寸,超级全高清,灰色,8*1*1,8
TVYn32SFSi,银色 品牌15 32英寸 电视机（超级全高清）,电视机,品牌15,32英寸,超级全高清,银色,8*1*1,8
TVYn32S4Bl,黑色 品牌15 32英寸 电视机（超级超高清）,电视机,品牌15,32英寸,超级超高清,黑色,8*1*1,8
TVYn32S4Wh,白色 品牌15 32英寸 电视机（超级超高清）,电视机,品牌15,32英寸,超级超高清,白色,8*1*1,8
TVYn32S4Gr,灰色 品牌15 32英寸 电视机（超级超高清）,电视机,品牌15,32英寸,超级超高清,灰色,8*1*1,8
TVYn32S4Si,银色 品牌15 32英寸 电视机（超级超高清）,电视机,品牌15,32英寸,超级超高清,银色,8*1*1,8
TVYn42FHBl,黑色 品牌15 42英寸 电视机（全高清）,电视机,品牌15,42英寸,全高清,黑色,8*1*1,8
TVYn42FHWh,白色 品牌15 42英寸 电视机（全高清）,电视机,品牌15,42英寸,全高清,白色,8*1*1,8
TVYn42FHGr,灰色 品牌15 42英寸 电视机（全高清）,电视机,品牌15,42英寸,全高清,灰色,8*1*1,8
TVYn42FHSi,银色 品牌15 42英寸 电视机（全高清）,电视机,品牌15,42英寸,全高清,银色,8*1*1,8
TVYn424KBl,黑色 品牌15 42英寸 电视机（超高清）,电视机,品牌15,42英寸,超高清,黑色,8*1*1,8
TVYn424KWh,白色 品牌15 42英寸 电视机（超高清）,电视机,品牌15,42英寸,超高清,白色,8*1*1,8
TVYn424KGr,灰色 品牌15 42英寸 电视机（超高清）,电视机,品牌15,42英寸,超高清,灰色,8*1*1,8
TVYn424KSi,银色 品牌15 42英寸 电视机（超高清）,电视机,品牌15,42英寸,超高清,银色,8*1*1,8
TVYn42SFBl,黑色 品牌15 42英寸 电视机（超级全高清）,电视机,品牌15,42英寸,超级全高清,黑色,8*1*1,8
TVYn42SFWh,白色 品牌15 42英寸 电视机（超级全高清）,电视机,品牌15,42英寸,超级全高清,白色,8*1*1,8
TVYn42SFGr,灰色 品牌15 42英寸 电视机（超级全高清）,电视机,品牌15,42英寸,超级全高清,灰色,8*1*1,8
TVYn42SFSi,银色 品牌15 42英寸 电视机（超级全高清）,电视机,品牌15,42英寸,超级全高清,银色,8*1*1,8
TVYn42S4Bl,黑色 品牌15 42英寸 电视机（超级超高清）,电视机,品牌15,42英寸,超级超高清,黑色,8*1*1,8
TVYn42S4Wh,白色 品牌15 42英寸 电视机（超级超高清）,电视机,品牌15,42英寸,超级超高清,白色,8*1*1,8
TVYn42S4Gr,灰色 品牌15 42英寸 电视机（超级超高清）,电视机,品牌15,42英寸,超级超高清,灰色,8*1*1,8
TVYn42S4Si,银色 品牌15 42英寸 电视机（超级超高清）,电视机,品牌15,42英寸,超级超高清,银色,8*1*1,8
TVYn50FHBl,黑色 品牌15 50英寸 电视机（全高清）,电视机,品牌15,50英寸,全高清,黑色,8*1*1,8
TVYn50FHWh,白色 品牌15 50英寸 电视机（全高清）,电视机,品牌15,50英寸,全高清,白色,8*1*1,8
TVYn50FHGr,灰色 品牌15 50英寸 电视机（全高清）,电视机,品牌15,50英寸,全高清,灰色,8*1*1,8
TVYn50FHSi,银色 品牌15 50英寸 电视机（全高清）,电视机,品牌15,50英寸,全高清,银色,8*1*1,8
TVYn504KBl,黑色 品牌15 50英寸 电视机（超高清）,电视机,品牌15,50英寸,超高清,黑色,8*1*1,8
TVYn504KWh,白色 品牌15 50英寸 电视机（超高清）,电视机,品牌15,50英寸,超高清,白色,8*1*1,8
TVYn504KGr,灰色 品牌15 50英寸 电视机（超高清）,电视机,品牌15,50英寸,超高清,灰色,8*1*1,8
TVYn504KSi,银色 品牌15 50英寸 电视机（超高清）,电视机,品牌15,50英寸,超高清,银色,8*1*1,8
TVYn50SFBl,黑色 品牌15 50英寸 电视机（超级全高清）,电视机,品牌15,50英寸,超级全高清,黑色,8*1*1,8
TVYn50SFWh,白色 品牌15 50英寸 电视机（超级全高清）,电视机,品牌15,50英寸,超级全高清,白色,8*1*1,8
TVYn50SFGr,灰色 品牌15 50英寸 电视机（超级全高清）,电视机,品牌15,50英寸,超级全高清,灰色,8*1*1,8
TVYn50SFSi,银色 品牌15 50英寸 电视机（超级全高清）,电视机,品牌15,50英寸,超级全高清,银色,8*1*1,8
TVYn50S4Bl,黑色 品牌15 50英寸 电视机（超级超高清）,电视机,品牌15,50英寸,超级超高清,黑色,8*1*1,8
TVYn50S4Wh,白色 品牌15 50英寸 电视机（超级超高清）,电视机,品牌15,50英寸,超级超高清,白色,8*1*1,8
TVYn50S4Gr,灰色 品牌15 50英寸 电视机（超级超高清）,电视机,品牌15,50英寸,超级超高清,灰色,8*1*1,8
TVYn50S4Si,银色 品牌15 50英寸 电视机（超级超高清）,电视机,品牌15,50英寸,超级超高清,银色,8*1*1,8
TVYn65FHBl,黑色 品牌15 65英寸 电视机（全高清）,电视机,品牌15,65英寸,全高清,黑色,8*1*1,8
TVYn65FHWh,白色 品牌15 65英寸 电视机（全高清）,电视机,品牌15,65英寸,全高清,白色,8*1*1,8
TVYn65FHGr,灰色 品牌15 65英寸 电视机（全高清）,电视机,品牌15,65英寸,全高清,灰色,8*1*1,8
TVYn65FHSi,银色 品牌15 65英寸 电视机（全高清）,电视机,品牌15,65英寸,全高清,银色,8*1*1,8
TVYn654KBl,黑色 品牌15 65英寸 电视机（超高清）,电视机,品牌15,65英寸,超高清,黑色,8*1*1,8
TVYn654KWh,白色 品牌15 65英寸 电视机（超高清）,电视机,品牌15,65英寸,超高清,白色,8*1*1,8
TVYn654KGr,灰色 品牌15 65英寸 电视机（超高清）,电视机,品牌15,65英寸,超高清,灰色,8*1*1,8
TVYn654KSi,银色 品牌15 65英寸 电视机（超高清）,电视机,品牌15,65英寸,超高清,银色,8*1*1,8
TVYn65SFBl,黑色 品牌15 65英寸 电视机（超级全高清）,电视机,品牌15,65英寸,超级全高清,黑色,8*1*1,8
TVYn65SFWh,白色 品牌15 65英寸 电视机（超级全高清）,电视机,品牌15,65英寸,超级全高清,白色,8*1*1,8
TVYn65SFGr,灰色 品牌15 65英寸 电视机（超级全高清）,电视机,品牌15,65英寸,超级全高清,灰色,8*1*1,8
TVYn65SFSi,银色 品牌15 65英寸 电视机（超级全高清）,电视机,品牌15,65英寸,超级全高清,银色,8*1*1,8
TVYn65S4Bl,黑色 品牌15 65英寸 电视机（超级超高清）,电视机,品牌15,65英寸,超级超高清,黑色,8*1*1,8
TVYn65S4Wh,白色 品牌15 65英寸 电视机（超级超高清）,电视机,品牌15,65英寸,超级超高清,白色,8*1*1,8
TVYn65S4Gr,灰色 品牌15 65英寸 电视机（超级超高清）,电视机,品牌15,65英寸,超级超高清,灰色,8*1*1,8
TVYn65S4Si,银色 品牌15 65英寸 电视机（超级超高清）,电视机,品牌15,65英寸,超级超高清,银色,8*1*1,8
TVYn75FHBl,黑色 品牌15 75英寸 电视机（全高清）,电视机,品牌15,75英寸,全高清,黑色,8*1*1,8
TVYn75FHWh,白色 品牌15 75英寸 电视机（全高清）,电视机,品牌15,75英寸,全高清,白色,8*1*1,8
TVYn75FHGr,灰色 品牌15 75英寸 电视机（全高清）,电视机,品牌15,75英寸,全高清,灰色,8*1*1,8
TVYn75FHSi,银色 品牌15 75英寸 电视机（全高清）,电视机,品牌15,75英寸,全高清,银色,8*1*1,8
TVYn754KBl,黑色 品牌15 75英寸 电视机（超高清）,电视机,品牌15,75英寸,超高清,黑色,8*1*1,8
TVYn754KWh,白色 品牌15 75英寸 电视机（超高清）,电视机,品牌15,75英寸,超高清,白色,8*1*1,8
TVYn754KGr,灰色 品牌15 75英寸 电视机（超高清）,电视机,品牌15,75英寸,超高清,灰色,8*1*1,8
TVYn754KSi,银色 品牌15 75英寸 电视机（超高清）,电视机,品牌15,75英寸,超高清,银色,8*1*1,8
TVYn75SFBl,黑色 品牌15 75英寸 电视机（超级全高清）,电视机,品牌15,75英寸,超级全高清,黑色,8*1*1,8
TVYn75SFWh,白色 品牌15 75英寸 电视机（超级全高清）,电视机,品牌15,75英寸,超级全高清,白色,8*1*1,8
TVYn75SFGr,灰色 品牌15 75英寸 电视机（超级全高清）,电视机,品牌15,75英寸,超级全高清,灰色,8*1*1,8
TVYn75SFSi,银色 品牌15 75英寸 电视机（超级全高清）,电视机,品牌15,75英寸,超级全高清,银色,8*1*1,8
TVYn75S4Bl,黑色 品牌15 75英寸 电视机（超级超高清）,电视机,品牌15,75英寸,超级超高清,黑色,8*1*1,8
TVYn75S4Wh,白色 品牌15 75英寸 电视机（超级超高清）,电视机,品牌15,75英寸,超级超高清,白色,8*1*1,8
TVYn75S4Gr,灰色 品牌15 75英寸 电视机（超级超高清）,电视机,品牌15,75英寸,超级超高清,灰色,8*1*1,8
TVYn75S4Si,银色 品牌15 75英寸 电视机（超级超高清）,电视机,品牌15,75英寸,超级超高清,银色,8*1*1,8
TVEs32FHBl,黑色 品牌32 32英寸 电视机（全高清）,电视机,品牌32,32英寸,全高清,黑色,8*1*1,8
TVEs32FHWh,白色 品牌32 32英寸 电视机（全高清）,电视机,品牌32,32英寸,全高清,白色,8*1*1,8
TVEs32FHGr,灰色 品牌32 32英寸 电视机（全高清）,电视机,品牌32,32英寸,全高清,灰色,8*1*1,8
TVEs32FHSi,银色 品牌32 32英寸 电视机（全高清）,电视机,品牌32,32英寸,全高清,银色,8*1*1,8
TVEs324KBl,黑色 品牌32 32英寸 电视机（超高清）,电视机,品牌32,32英寸,超高清,黑色,8*1*1,8
TVEs324KWh,白色 品牌32 32英寸 电视机（超高清）,电视机,品牌32,32英寸,超高清,白色,8*1*1,8
TVEs324KGr,灰色 品牌32 32英寸 电视机（超高清）,电视机,品牌32,32英寸,超高清,灰色,8*1*1,8
TVEs324KSi,银色 品牌32 32英寸 电视机（超高清）,电视机,品牌32,32英寸,超高清,银色,8*1*1,8
TVEs32SFBl,黑色 品牌32 32英寸 电视机（超级全高清）,电视机,品牌32,32英寸,超级全高清,黑色,8*1*1,8
TVEs32SFWh,白色 品牌32 32英寸 电视机（超级全高清）,电视机,品牌32,32英寸,超级全高清,白色,8*1*1,8
TVEs32SFGr,灰色 品牌32 32英寸 电视机（超级全高清）,电视机,品牌32,32英寸,超级全高清,灰色,8*1*1,8
TVEs32SFSi,银色 品牌32 32英寸 电视机（超级全高清）,电视机,品牌32,32英寸,超级全高清,银色,8*1*1,8
TVEs32S4Bl,黑色 品牌32 32英寸 电视机（超级超高清）,电视机,品牌32,32英寸,超级超高清,黑色,8*1*1,8
TVEs32S4Wh,白色 品牌32 32英寸 电视机（超级超高清）,电视机,品牌32,32英寸,超级超高清,白色,8*1*1,8
TVEs32S4Gr,灰色 品牌32 32英寸 电视机（超级超高清）,电视机,品牌32,32英寸,超级超高清,灰色,8*1*1,8
TVEs32S4Si,银色 品牌32 32英寸 电视机（超级超高清）,电视机,品牌32,32英寸,超级超高清,银色,8*1*1,8
TVEs42FHBl,黑色 品牌32 42英寸 电视机（全高清）,电视机,品牌32,42英寸,全高清,黑色,8*1*1,8
TVEs42FHWh,白色 品牌32 42英寸 电视机（全高清）,电视机,品牌32,42英寸,全高清,白色,8*1*1,8
TVEs42FHGr,灰色 品牌32 42英寸 电视机（全高清）,电视机,品牌32,42英寸,全高清,灰色,8*1*1,8
TVEs42FHSi,银色 品牌32 42英寸 电视机（全高清）,电视机,品牌32,42英寸,全高清,银色,8*1*1,8
TVEs424KBl,黑色 品牌32 42英寸 电视机（超高清）,电视机,品牌32,42英寸,超高清,黑色,8*1*1,8
TVEs424KWh,白色 品牌32 42英寸 电视机（超高清）,电视机,品牌32,42英寸,超高清,白色,8*1*1,8
TVEs424KGr,灰色 品牌32 42英寸 电视机（超高清）,电视机,品牌32,42英寸,超高清,灰色,8*1*1,8
TVEs424KSi,银色 品牌32 42英寸 电视机（超高清）,电视机,品牌32,42英寸,超高清,银色,8*1*1,8
TVEs42SFBl,黑色 品牌32 42英寸 电视机（超级全高清）,电视机,品牌32,42英寸,超级全高清,黑色,8*1*1,8
TVEs42SFWh,白色 品牌32 42英寸 电视机（超级全高清）,电视机,品牌32,42英寸,超级全高清,白色,8*1*1,8
TVEs42SFGr,灰色 品牌32 42英寸 电视机（超级全高清）,电视机,品牌32,42英寸,超级全高清,灰色,8*1*1,8
TVEs42SFSi,银色 品牌32 42英寸 电视机（超级全高清）,电视机,品牌32,42英寸,超级全高清,银色,8*1*1,8
TVEs42S4Bl,黑色 品牌32 42英寸 电视机（超级超高清）,电视机,品牌32,42英寸,超级超高清,黑色,8*1*1,8
TVEs42S4Wh,白色 品牌32 42英寸 电视机（超级超高清）,电视机,品牌32,42英寸,超级超高清,白色,8*1*1,8
TVEs42S4Gr,灰色 品牌32 42英寸 电视机（超级超高清）,电视机,品牌32,42英寸,超级超高清,灰色,8*1*1,8
TVEs42S4Si,银色 品牌32 42英寸 电视机（超级超高清）,电视机,品牌32,42英寸,超级超高清,银色,8*1*1,8
TVEs50FHBl,黑色 品牌32 50英寸 电视机（全高清）,电视机,品牌32,50英寸,全高清,黑色,8*1*1,8
TVEs50FHWh,白色 品牌32 50英寸 电视机（全高清）,电视机,品牌32,50英寸,全高清,白色,8*1*1,8
TVEs50FHGr,灰色 品牌32 50英寸 电视机（全高清）,电视机,品牌32,50英寸,全高清,灰色,8*1*1,8
TVEs50FHSi,银色 品牌32 50英寸 电视机（全高清）,电视机,品牌32,50英寸,全高清,银色,8*1*1,8
TVEs504KBl,黑色 品牌32 50英寸 电视机（超高清）,电视机,品牌32,50英寸,超高清,黑色,8*1*1,8
TVEs504KWh,白色 品牌32 50英寸 电视机（超高清）,电视机,品牌32,50英寸,超高清,白色,8*1*1,8
TVEs504KGr,灰色 品牌32 50英寸 电视机（超高清）,电视机,品牌32,50英寸,超高清,灰色,8*1*1,8
TVEs504KSi,银色 品牌32 50英寸 电视机（超高清）,电视机,品牌32,50英寸,超高清,银色,8*1*1,8
TVEs50SFBl,黑色 品牌32 50英寸 电视机（超级全高清）,电视机,品牌32,50英寸,超级全高清,黑色,8*1*1,8
TVEs50SFWh,白色 品牌32 50英寸 电视机（超级全高清）,电视机,品牌32,50英寸,超级全高清,白色,8*1*1,8
TVEs50SFGr,灰色 品牌32 50英寸 电视机（超级全高清）,电视机,品牌32,50英寸,超级全高清,灰色,8*1*1,8
TVEs50SFSi,银色 品牌32 50英寸 电视机（超级全高清）,电视机,品牌32,50英寸,超级全高清,银色,8*1*1,8
TVEs50S4Bl,黑色 品牌32 50英寸 电视机（超级超高清）,电视机,品牌32,50英寸,超级超高清,黑色,8*1*1,8
TVEs50S4Wh,白色 品牌32 50英寸 电视机（超级超高清）,电视机,品牌32,50英寸,超级超高清,白色,8*1*1,8
TVEs50S4Gr,灰色 品牌32 50英寸 电视机（超级超高清）,电视机,品牌32,50英寸,超级超高清,灰色,8*1*1,8
TVEs50S4Si,银色 品牌32 50英寸 电视机（超级超高清）,电视机,品牌32,50英寸,超级超高清,银色,8*1*1,8
TVEs65FHBl,黑色 品牌32 65英寸 电视机（全高清）,电视机,品牌32,65英寸,全高清,黑色,8*1*1,8
TVEs65FHWh,白色 品牌32 65英寸 电视机（全高清）,电视机,品牌32,65英寸,全高清,白色,8*1*1,8
TVEs65FHGr,灰色 品牌32 65英寸 电视机（全高清）,电视机,品牌32,65英寸,全高清,灰色,8*1*1,8
TVEs65FHSi,银色 品牌32 65英寸 电视机（全高清）,电视机,品牌32,65英寸,全高清,银色,8*1*1,8
TVEs654KBl,黑色 品牌32 65英寸 电视机（超高清）,电视机,品牌32,65英寸,超高清,黑色,8*1*1,8
TVEs654KWh,白色 品牌32 65英寸 电视机（超高清）,电视机,品牌32,65英寸,超高清,白色,8*1*1,8
TVEs654KGr,灰色 品牌32 65英寸 电视机（超高清）,电视机,品牌32,65英寸,超高清,灰色,8*1*1,8
TVEs654KSi,银色 品牌32 65英寸 电视机（超高清）,电视机,品牌32,65英寸,超高清,银色,8*1*1,8
TVEs65SFBl,黑色 品牌32 65英寸 电视机（超级全高清）,电视机,品牌32,65英寸,超级全高清,黑色,8*1*1,8
TVEs65SFWh,白色 品牌32 65英寸 电视机（超级全高清）,电视机,品牌32,65英寸,超级全高清,白色,8*1*1,8
TVEs65SFGr,灰色 品牌32 65英寸 电视机（超级全高清）,电视机,品牌32,65英寸,超级全高清,灰色,8*1*1,8
TVEs65SFSi,银色 品牌32 65英寸 电视机（超级全高清）,电视机,品牌32,65英寸,超级全高清,银色,8*1*1,8
TVEs65S4Bl,黑色 品牌32 65英寸 电视机（超级超高清）,电视机,品牌32,65英寸,超级超高清,黑色,8*1*1,8
TVEs65S4Wh,白色 品牌32 65英寸 电视机（超级超高清）,电视机,品牌32,65英寸,超级超高清,白色,8*1*1,8
TVEs65S4Gr,灰色 品牌32 65英寸 电视机（超级超高清）,电视机,品牌32,65英寸,超级超高清,灰色,8*1*1,8
TVEs65S4Si,银色 品牌32 65英寸 电视机（超级超高清）,电视机,品牌32,65英寸,超级超高清,银色,8*1*1,8
TVEs75FHBl,黑色 品牌32 75英寸 电视机（全高清）,电视机,品牌32,75英寸,全高清,黑色,8*1*1,8
TVEs75FHWh,白色 品牌32 75英寸 电视机（全高清）,电视机,品牌32,75英寸,全高清,白色,8*1*1,8
TVEs75FHGr,灰色 品牌32 75英寸 电视机（全高清）,电视机,品牌32,75英寸,全高清,灰色,8*1*1,8
TVEs75FHSi,银色 品牌32 75英寸 电视机（全高清）,电视机,品牌32,75英寸,全高清,银色,8*1*1,8
TVEs754KBl,黑色 品牌32 75英寸 电视机（超高清）,电视机,品牌32,75英寸,超高清,黑色,8*1*1,8
TVEs754KWh,白色 品牌32 75英寸 电视机（超高清）,电视机,品牌32,75英寸,超高清,白色,8*1*1,8
TVEs754KGr,灰色 品牌32 75英寸 电视机（超高清）,电视机,品牌32,75英寸,超高清,灰色,8*1*1,8
TVEs754KSi,银色 品牌32 75英寸 电视机（超高清）,电视机,品牌32,75英寸,超高清,银色,8*1*1,8
TVEs75SFBl,黑色 品牌32 75英寸 电视机（超级全高清）,电视机,品牌32,75英寸,超级全高清,黑色,8*1*1,8
TVEs75SFWh,白色 品牌32 75英寸 电视机（超级全高清）,电视机,品牌32,75英寸,超级全高清,白色,8*1*1,8
TVEs75SFGr,灰色 品牌32 75英寸 电视机（超级全高清）,电视机,品牌32,75英寸,超级全高清,灰色,8*1*1,8
TVEs75SFSi,银色 品牌32 75英寸 电视机（超级全高清）,电视机,品牌32,75英寸,超级全高清,银色,8*1*1,8
TVEs75S4Bl,黑色 品牌32 75英寸 电视机（超级超高清）,电视机,品牌32,75英寸,超级超高清,黑色,8*1*1,8
TVEs75S4Wh,白色 品牌32 75英寸 电视机（超级超高清）,电视机,品牌32,75英寸,超级超高清,白色,8*1*1,8
TVEs75S4Gr,灰色 品牌32 75英寸 电视机（超级超高清）,电视机,品牌32,75英寸,超级超高清,灰色,8*1*1,8
TVEs75S4Si,银色 品牌32 75英寸 电视机（超级超高清）,电视机,品牌32,75英寸,超级超高清,银色,8*1*1,8
