商品编码,商品描述,商品类别,品牌,规格,功能特征,颜色,托盘规格,数量,库位编码,操作员工,去向动作,客户编号,作业任务
KeSu45BlBl,黑色 品牌11 450 键盘（蓝牙）,键盘,品牌11,450,蓝牙,黑色,16*10*1,160,AK12A,克里斯,出库,30077,拣货
NoExA3liGr,灰色 品牌16 三号纸 笔记本（线条）,笔记本,品牌16,三号纸,线条,灰色,48*10*5,2400,AL35G,艾米,出库,30096,拣货
GaXEMErBl,黑色 品牌06 中号 游戏椅（人体工学）,游戏椅,品牌06,中号,人体工学,黑色,16*1*1,10,AT85F,简,出库,30076,拣货
AlYn158GBl,黑色 品牌15 15英寸 一体机（8吉字节内存）,一体机,品牌15,15英寸,8吉字节内存,黑色,16*1*1,16,DK24C,莎拉,出库,30041,拣货
TVYn65S4Bl,黑色 品牌15 65英寸 电视机（超级超高清）,电视机,品牌15,65英寸,超级超高清,黑色,8*1*1,2,BN82E,艾米,出库,30054,拣货
PrNoA2LaWh,白色 品牌26 二号纸 打印机（激光）,打印机,品牌26,二号纸,激光,白色,16*1*1,16,BX75B,艾米,出库,30094,拣货
PrReA4LaMi,混合色 品牌24 四号纸 打印机（激光）,打印机,品牌24,四号纸,激光,混合色,16*1*1,6,BZ68D,亚历克斯,出库,30093,拣货
OfOGMLeGr,灰色 品牌07 中号 办公椅（皮革）,办公椅,品牌07,中号,皮革,灰色,16*1*1,16,AZ10F,艾米,出库,30028,拣货
KePH35WiPi,粉色 品牌12 350 键盘（有线）,键盘,品牌12,350,有线,粉色,16*10*1,142,AZ09D,大卫,出库,30035,拣货
CuRG90LoGr,灰色 品牌03 900 储物柜（储物锁柜）,储物柜,品牌03,900,储物锁柜,灰色,8*1*1,8,BS07B,简,出库,30003,拣货
DrTE18FiBl,黑色 品牌04 1800 抽屉柜（文件收纳）,抽屉柜,品牌04,1800,文件收纳,黑色,8*1*1,8,BM70H,迈克,出库,30014,拣货
PrReA3MoWh,白色 品牌24 三号纸 打印机（黑白）,打印机,品牌24,三号纸,黑白,白色,16*1*1,15,CL14E,简,出库,30063,拣货
LaRe1532Bl,黑色 品牌14 15英寸 笔记本电脑（32吉字节内存）,笔记本电脑,品牌14,15英寸,32吉字节内存,黑色,16*1*1,5,BS94G,劳拉,出库,30022,拣货
CuWE90LoBl,黑色 品牌02 900 储物柜（储物锁柜）,储物柜,品牌02,900,储物锁柜,黑色,8*1*1,1,AP89H,简,出库,30001,拣货
GaAEMHeBl,黑色 品牌05 中号 游戏椅（头枕）,游戏椅,品牌05,中号,头枕,黑色,16*1*1,13,AK64F,简,出库,30093,拣货
CuTE18LoWh,白色 品牌04 1800 储物柜（储物锁柜）,储物柜,品牌04,1800,储物锁柜,白色,8*1*1,8,AN08B,约翰,出库,30092,拣货
TVEs654KBl,黑色 品牌32 65英寸 电视机（超高清）,电视机,品牌32,65英寸,超高清,黑色,8*1*1,8,AR70G,艾米丽,出库,30019,拣货
SPGi50HeWh,白色 品牌21 50 触控笔（六角形）,触控笔,品牌21,50,六角形,白色,48*10*5,685,DN95E,迈克,出库,30029,拣货
TaTR18AdWh,白色 品牌29 1800 桌子（可调节）,桌子,品牌29,1800,可调节,白色,8*1*1,4,AQ01F,莎拉,出库,30080,拣货
AlSu178GBl,黑色 品牌11 17英寸 一体机（8吉字节内存）,一体机,品牌11,17英寸,8吉字节内存,黑色,16*1*1,7,DU35F,亚历克斯,出库,30036,拣货
LaRe17i5Si,银色 品牌14 17英寸 笔记本电脑（第5代处理器）,笔记本电脑,品牌14,17英寸,第5代处理器,银色,16*1*1,5,AG93D,艾米,出库,30010,拣货
LaPH17i5Si,银色 品牌12 17英寸 笔记本电脑（第5代处理器）,笔记本电脑,品牌12,17英寸,第5代处理器,银色,16*1*1,16,BH53H,劳拉,出库,30020,拣货
MoHc35BlBl,黑色 品牌09 350 鼠标（蓝牙）,鼠标,品牌09,350,蓝牙,黑色,16*10*1,160,CM95D,迈克,出库,30055,拣货
TVGL32SFSi,银色 品牌31 32英寸 电视机（超级全高清）,电视机,品牌31,32英寸,超级全高清,银色,8*1*1,8,AF12D,亚历克斯,出库,30095,拣货
GaOGSAdBl,黑色 品牌07 小号 游戏椅（可调节）,游戏椅,品牌07,小号,可调节,黑色,16*1*1,7,DT60C,亚历克斯,出库,30094,拣货
LaPH15i5Wh,白色 品牌12 15英寸 笔记本电脑（第5代处理器）,笔记本电脑,品牌12,15英寸,第5代处理器,白色,16*1*1,16,CL85B,亚历克斯,出库,30065,拣货
AlRe158GGr,灰色 品牌14 15英寸 一体机（8吉字节内存）,一体机,品牌14,15英寸,8吉字节内存,灰色,16*1*1,16,CR02E,艾米丽,出库,30059,拣货
MoPH45WiBl,黑色 品牌12 450 鼠标（有线）,鼠标,品牌12,450,有线,黑色,16*10*1,160,DN36G,艾米,出库,30097,拣货
GaOGMLeBl,黑色 品牌07 中号 游戏椅（皮革）,游戏椅,品牌07,中号,皮革,黑色,16*1*1,10,AG68F,艾米,出库,30040,拣货
OfSELErPi,粉色 品牌08 大号 办公椅（人体工学）,办公椅,品牌08,大号,人体工学,粉色,16*1*1,16,AY42E,大卫,出库,30025,拣货
GaXEMLeGr,灰色 品牌06 中号 游戏椅（皮革）,游戏椅,品牌06,中号,皮革,灰色,16*1*1,16,AO75H,约翰,出库,30011,拣货
DrWE12DoGr,灰色 品牌02 1200 抽屉柜（带门式）,抽屉柜,品牌02,1200,带门式,灰色,8*1*1,8,DZ24G,克里斯,出库,30087,拣货
MoSu45ErNa,藏青色 品牌11 450 鼠标（人体工学）,鼠标,品牌11,450,人体工学,藏青色,16*10*1,129,DL93A,艾米,出库,30031,拣货
CuRG18LoBe,米色 品牌03 1800 储物柜（储物锁柜）,储物柜,品牌03,1800,储物锁柜,米色,8*1*1,8,CU76E,简,出库,30029,拣货
PrReA4LaBl,黑色 品牌24 四号纸 打印机（激光）,打印机,品牌24,四号纸,激光,黑色,16*1*1,9,AM22E,克里斯,出库,30019,拣货
AlPH17i7Wh,白色 品牌12 17英寸 一体机（第7代处理器）,一体机,品牌12,17英寸,第7代处理器,白色,16*1*1,5,BK70D,迈克,出库,30049,拣货
CuQE18LoBe,米色 品牌01 1800 储物柜（储物锁柜）,储物柜,品牌01,1800,储物锁柜,米色,8*1*1,8,DX83E,约翰,出库,30013,拣货
AlYn14i5Si,银色 品牌15 14英寸 一体机（第5代处理器）,一体机,品牌15,14英寸,第5代处理器,银色,16*1*1,5,DH21H,大卫,出库,30080,拣货
LaOv148GSi,银色 品牌13 14英寸 笔记本电脑（8吉字节内存）,笔记本电脑,品牌13,14英寸,8吉字节内存,银色,16*1*1,16,DK89F,劳拉,出库,30007,拣货
KePH27ErWh,白色 品牌12 270 键盘（人体工学）,键盘,品牌12,270,人体工学,白色,16*10*1,160,CZ13C,克里斯,出库,30044,拣货
CuTE12SlBl,黑色 品牌04 1200 储物柜（滑动式）,储物柜,品牌04,1200,滑动式,黑色,8*1*1,8,CR32A,艾米,出库,30094,拣货
PeAl12HePi,粉色 品牌20 12 铅笔（六角形）,铅笔,品牌20,12,六角形,粉色,48*10*5,2400,BF50H,简,出库,30075,拣货
CaRG18SlGr,灰色 品牌03 1800 文件柜（滑动式）,文件柜,品牌03,1800,滑动式,灰色,8*1*1,8,BH36B,艾米,出库,30068,拣货
CuQE18FiBe,米色 品牌01 1800 储物柜（文件收纳）,储物柜,品牌01,1800,文件收纳,米色,8*1*1,8,DJ58A,大卫,出库,30027,拣货
TVYn324KWh,白色 品牌15 32英寸 电视机（超高清）,电视机,品牌15,32英寸,超高清,白色,8*1*1,4,AX10E,克里斯,出库,30062,拣货
AlPH178GGr,灰色 品牌12 17英寸 一体机（8吉字节内存）,一体机,品牌12,17英寸,8吉字节内存,灰色,16*1*1,9,AY70G,大卫,出库,30015,拣货
AlSu15i5Bl,黑色 品牌11 15英寸 一体机（第5代处理器）,一体机,品牌11,15英寸,第5代处理器,黑色,16*1*1,3,BF82C,迈克,出库,30003,拣货
NoScA3liBl,黑色 品牌17 三号纸 笔记本（线条）,笔记本,品牌17,三号纸,线条,黑色,48*10*5,132,AP21C,艾米丽,出库,30089,拣货
MoPH45WiNa,藏青色 品牌12 450 鼠标（有线）,鼠标,品牌12,450,有线,藏青色,16*10*1,160,BU35E,克里斯,出库,30014,拣货
KeHc35ErBl,黑色 品牌09 350 键盘（人体工学）,键盘,品牌09,350,人体工学,黑色,16*10*1,160,CT56E,约翰,出库,30096,拣货
CuQE12LoBl,黑色 品牌01 1200 储物柜（储物锁柜）,储物柜,品牌01,1200,储物锁柜,黑色,8*1*1,8,BT67F,迈克,出库,30038,拣货
MoSu27ErWh,白色 品牌11 270 鼠标（人体工学）,鼠标,品牌11,270,人体工学,白色,16*10*1,153,AG59A,大卫,出库,30042,拣货
TVEs654KSi,银色 品牌32 65英寸 电视机（超高清）,电视机,品牌32,65英寸,超高清,银色,8*1*1,8,CO24A,大卫,出库,30010,拣货
AlOv158GWh,白色 品牌13 15英寸 一体机（8吉字节内存）,一体机,品牌13,15英寸,8吉字节内存,白色,16*1*1,11,DF22F,克里斯,出库,30000,拣货
LaSu1416Bl,黑色 品牌11 14英寸 笔记本电脑（16吉字节内存）,笔记本电脑,品牌11,14英寸,16吉字节内存,黑色,16*1*1,16,BN52D,简,出库,30007,拣货
GaXELAdGr,灰色 品牌06 大号 游戏椅（可调节）,游戏椅,品牌06,大号,可调节,灰色,16*1*1,16,AZ31B,艾米,出库,30029,拣货
TVEs75S4Si,银色 品牌32 75英寸 电视机（超级超高清）,电视机,品牌32,75英寸,超级超高清,银色,8*1*1,3,CY36A,艾米,出库,30091,拣货
DrTE90LoGr,灰色 品牌04 900 抽屉柜（储物锁柜）,抽屉柜,品牌04,900,储物锁柜,灰色,8*1*1,8,BK65D,简,出库,30007,拣货
OfSESHeGr,灰色 品牌08 小号 办公椅（头枕）,办公椅,品牌08,小号,头枕,灰色,16*1*1,16,DP93F,克里斯,出库,30064,拣货
PeGi24SoWh,白色 品牌21 24 铅笔（可溶性）,铅笔,品牌21,24,可溶性,白色,48*10*5,181,AQ86B,劳拉,出库,30074,拣货
TaTR15FrSi,银色 品牌29 1500 桌子（框架式）,桌子,品牌29,1500,框架式,银色,8*1*1,2,BP35A,亚历克斯,出库,30044,拣货
TaCI18AdSi,银色 品牌27 1800 桌子（可调节）,桌子,品牌27,1800,可调节,银色,8*1*1,5,DU03F,亚历克斯,出库,30070,拣货
PrNoA2AlGr,灰色 品牌26 二号纸 打印机（一体式）,打印机,品牌26,二号纸,一体式,灰色,16*1*1,16,CX39E,莎拉,出库,30038,拣货
PrNoA4LaBl,黑色 品牌26 四号纸 打印机（激光）,打印机,品牌26,四号纸,激光,黑色,16*1*1,16,BQ02A,艾米丽,出库,30060,拣货
DrQE18FiBe,米色 品牌01 1800 抽屉柜（文件收纳）,抽屉柜,品牌01,1800,文件收纳,米色,8*1*1,8,CO76C,克里斯,出库,30056,拣货
NoScA5doGr,灰色 品牌17 五号纸 笔记本（点阵）,笔记本,品牌17,五号纸,点阵,灰色,48*10*5,2400,DH74H,莎拉,出库,30099,拣货
DrTE90FiWh,白色 品牌04 900 抽屉柜（文件收纳）,抽屉柜,品牌04,900,文件收纳,白色,8*1*1,1,CY75D,克里斯,出库,30080,拣货
KeRe27WiPi,粉色 品牌10 270 键盘（有线）,键盘,品牌10,270,有线,粉色,16*10*1,123,BP50B,亚历克斯,出库,30048,拣货
SPGi50WaWh,白色 品牌21 50 触控笔（水彩）,触控笔,品牌21,50,水彩,白色,48*10*5,2296,BW78E,大卫,出库,30062,拣货
MoPH45MeBl,黑色 品牌12 450 鼠标（机械式）,鼠标,品牌12,450,机械式,黑色,16*10*1,160,DL73A,克里斯,出库,30007,拣货
PeRe12SoGr,灰色 品牌22 12 铅笔（可溶性）,铅笔,品牌22,12,可溶性,灰色,48*10*5,257,CJ80A,艾米,出库,30039,拣货
SPAl50SoWh,白色 品牌20 50 触控笔（可溶性）,触控笔,品牌20,50,可溶性,白色,48*10*5,2018,CF08A,莎拉,出库,30080,拣货
PrReA3MoWh,白色 品牌24 三号纸 打印机（黑白）,打印机,品牌24,三号纸,黑白,白色,16*1*1,16,BV09H,劳拉,出库,30025,拣货
CaTE90DoBe,米色 品牌04 900 文件柜（带门式）,文件柜,品牌04,900,带门式,米色,8*1*1,8,DJ23A,克里斯,出库,30014,拣货
LaOv14i5Gr,灰色 品牌13 14英寸 笔记本电脑（第5代处理器）,笔记本电脑,品牌13,14英寸,第5代处理器,灰色,16*1*1,7,BP13H,艾米,出库,30037,拣货
NoScA3liGr,灰色 品牌17 三号纸 笔记本（线条）,笔记本,品牌17,三号纸,线条,灰色,48*10*5,2400,BQ44H,艾米,出库,30033,拣货
KeSu35WiWh,白色 品牌11 350 键盘（有线）,键盘,品牌11,350,有线,白色,16*10*1,160,DK79D,大卫,出库,30021,拣货
AlSu178GSi,银色 品牌11 17英寸 一体机（8吉字节内存）,一体机,品牌11,17英寸,8吉字节内存,银色,16*1*1,8,BY85H,亚历克斯,出库,30057,拣货
AlSu15i5Bl,黑色 品牌11 15英寸 一体机（第5代处理器）,一体机,品牌11,15英寸,第5代处理器,黑色,16*1*1,16,DP53A,简,出库,30001,拣货
MoSu35ErWh,白色 品牌11 350 鼠标（人体工学）,鼠标,品牌11,350,人体工学,白色,16*10*1,149,CT29A,迈克,出库,30009,拣货
SPAl12WaPi,粉色 品牌20 12 触控笔（水彩）,触控笔,品牌20,12,水彩,粉色,48*10*5,1545,CP61A,克里斯,出库,30078,拣货
TaTR18WoWh,白色 品牌28 1800 桌子（工作站）,桌子,品牌28,1800,工作站,白色,8*1*1,7,DY30G,艾米,出库,30005,拣货
PrSoA2LaGr,灰色 品牌25 二号纸 打印机（激光）,打印机,品牌25,二号纸,激光,灰色,16*1*1,16,DJ64D,大卫,出库,30001,拣货
AlPH1732Wh,白色 品牌12 17英寸 一体机（32吉字节内存）,一体机,品牌12,17英寸,32吉字节内存,白色,16*1*1,16,CT41E,亚历克斯,出库,30092,拣货
PeAl24WaWh,白色 品牌20 24 铅笔（水彩）,铅笔,品牌20,24,水彩,白色,48*10*5,2400,AL10H,亚历克斯,出库,30026,拣货
DrWE18LoGr,灰色 品牌02 1800 抽屉柜（储物锁柜）,抽屉柜,品牌02,1800,储物锁柜,灰色,8*1*1,5,CF69A,约翰,出库,30018,拣货
GaOGMHeWh,白色 品牌07 中号 游戏椅（头枕）,游戏椅,品牌07,中号,头枕,白色,16*1*1,16,DT78C,简,出库,30066,拣货
CuWE18FiWh,白色 品牌02 1800 储物柜（文件收纳）,储物柜,品牌02,1800,文件收纳,白色,8*1*1,6,CQ39D,克里斯,出库,30044,拣货
GaSEMHeWh,白色 品牌08 中号 游戏椅（头枕）,游戏椅,品牌08,中号,头枕,白色,16*1*1,4,DU41B,亚历克斯,出库,30081,拣货
LaPH14i5Si,银色 品牌12 14英寸 笔记本电脑（第5代处理器）,笔记本电脑,品牌12,14英寸,第5代处理器,银色,16*1*1,16,AO60D,大卫,出库,30091,拣货
PrPHA4MoBl,黑色 品牌12 四号纸 打印机（黑白）,打印机,品牌12,四号纸,黑白,黑色,16*1*1,16,DQ56A,约翰,出库,30078,拣货
PrSoA3LaBl,黑色 品牌25 三号纸 打印机（激光）,打印机,品牌25,三号纸,激光,黑色,16*1*1,16,DR78D,大卫,出库,30078,拣货
NoExA5liBl,黑色 品牌16 五号纸 笔记本（线条）,笔记本,品牌16,五号纸,线条,黑色,48*10*5,2400,AH08A,莎拉,出库,30061,拣货
LaSu158GSi,银色 品牌11 15英寸 笔记本电脑（8吉字节内存）,笔记本电脑,品牌11,15英寸,8吉字节内存,银色,16*1*1,16,DM37H,简,出库,30036,拣货
CuQE90DoWh,白色 品牌01 900 储物柜（带门式）,储物柜,品牌01,900,带门式,白色,8*1*1,4,AL36E,莎拉,出库,30090,拣货
PeAl50WaGr,灰色 品牌20 50 铅笔（水彩）,铅笔,品牌20,50,水彩,灰色,48*10*5,2400,DL05H,莎拉,出库,30098,拣货
TVEs424KWh,白色 品牌32 42英寸 电视机（超高清）,电视机,品牌32,42英寸,超高清,白色,8*1*1,6,CZ28A,克里斯,出库,30086,拣货
SPRe50SoBl,黑色 品牌22 50 触控笔（可溶性）,触控笔,品牌22,50,可溶性,黑色,48*10*5,1261,AK98F,大卫,出库,30083,拣货
CaTE90FiWh,白色 品牌04 900 文件柜（文件收纳）,文件柜,品牌04,900,文件收纳,白色,8*1*1,8,BW44E,艾米,出库,30081,拣货
PeNa12WaBl,黑色 品牌23 12 铅笔（水彩）,铅笔,品牌23,12,水彩,黑色,48*10*5,2400,DM14E,简,出库,30087,拣货
AlYn17i7Bl,黑色 品牌15 17英寸 一体机（第7代处理器）,一体机,品牌15,17英寸,第7代处理器,黑色,16*1*1,12,AW81C,约翰,出库,30024,拣货
MoHc35ErWh,白色 品牌09 350 鼠标（人体工学）,鼠标,品牌09,350,人体工学,白色,16*10*1,18,CI02F,约翰,出库,30088,拣货
LaOv1732Bl,黑色 品牌13 17英寸 笔记本电脑（32吉字节内存）,笔记本电脑,品牌13,17英寸,32吉字节内存,黑色,16*1*1,16,DR09H,艾米丽,出库,30064,拣货
LaPH15i5Wh,白色 品牌12 15英寸 笔记本电脑（第5代处理器）,笔记本电脑,品牌12,15英寸,第5代处理器,白色,16*1*1,1,AQ57D,大卫,出库,30032,拣货
AlYn1732Gr,灰色 品牌15 17英寸 一体机（32吉字节内存）,一体机,品牌15,17英寸,32吉字节内存,灰色,16*1*1,12,AL28G,劳拉,出库,30085,拣货
CaTE90FiWh,白色 品牌04 900 文件柜（文件收纳）,文件柜,品牌04,900,文件收纳,白色,8*1*1,8,BR70B,亚历克斯,出库,30019,拣货
SPAl12WaWh,白色 品牌20 12 触控笔（水彩）,触控笔,品牌20,12,水彩,白色,48*10*5,1119,DY34A,艾米,出库,30004,拣货
KeSu35ErBl,黑色 品牌11 350 键盘（人体工学）,键盘,品牌11,350,人体工学,黑色,16*10*1,34,BF50D,劳拉,出库,30005,拣货
MoHc27BlNa,藏青色 品牌09 270 鼠标（蓝牙）,鼠标,品牌09,270,蓝牙,藏青色,16*10*1,160,AO78F,约翰,出库,30064,拣货
CuRG90LoGr,灰色 品牌03 900 储物柜（储物锁柜）,储物柜,品牌03,900,储物锁柜,灰色,8*1*1,1,CZ43D,艾米,出库,30031,拣货
OfOGSAdBl,黑色 品牌07 小号 办公椅（可调节）,办公椅,品牌07,小号,可调节,黑色,16*1*1,13,BY49E,约翰,出库,30023,拣货
AlSu1716Wh,白色 品牌11 17英寸 一体机（16吉字节内存）,一体机,品牌11,17英寸,16吉字节内存,白色,16*1*1,16,AS11A,艾米,出库,30053,拣货
PrPHA4LaWh,白色 品牌12 四号纸 打印机（激光）,打印机,品牌12,四号纸,激光,白色,16*1*1,1,CW03F,简,出库,30000,拣货
KeSu27WiNa,藏青色 品牌11 270 键盘（有线）,键盘,品牌11,270,有线,藏青色,16*10*1,71,BY50B,约翰,出库,30022,拣货
KeRe45BlPi,粉色 品牌10 450 键盘（蓝牙）,键盘,品牌10,450,蓝牙,粉色,16*10*1,136,DS69C,艾米丽,出库,30081,拣货
PeRe50HeGr,灰色 品牌22 50 铅笔（六角形）,铅笔,品牌22,50,六角形,灰色,48*10*5,2400,CG71B,大卫,出库,30075,拣货
CuWE90LoGr,灰色 品牌02 900 储物柜（储物锁柜）,储物柜,品牌02,900,储物锁柜,灰色,8*1*1,4,DM46C,约翰,出库,30044,拣货
TVGn50FHBl,黑色 品牌30 50英寸 电视机（全高清）,电视机,品牌30,50英寸,全高清,黑色,8*1*1,8,AJ87H,艾米,出库,30012,拣货
DrQE18FiWh,白色 品牌01 1800 抽屉柜（文件收纳）,抽屉柜,品牌01,1800,文件收纳,白色,8*1*1,8,AY50E,约翰,出库,30045,拣货
LaPH17i5Si,银色 品牌12 17英寸 笔记本电脑（第5代处理器）,笔记本电脑,品牌12,17英寸,第5代处理器,银色,16*1*1,12,AJ93A,艾米丽,出库,30070,拣货
CaWE18FiWh,白色 品牌02 1800 文件柜（文件收纳）,文件柜,品牌02,1800,文件收纳,白色,8*1*1,5,BR07B,约翰,出库,30028,拣货
PrPHA2LaMi,混合色 品牌12 二号纸 打印机（激光）,打印机,品牌12,二号纸,激光,混合色,16*1*1,16,CK93H,艾米丽,出库,30027,拣货
PrPHA4WiMi,混合色 品牌12 四号纸 打印机（无线网络）,打印机,品牌12,四号纸,无线网络,混合色,16*1*1,16,AW86D,艾米,出库,30008,拣货
TaCI15AdSi,银色 品牌27 1500 桌子（可调节）,桌子,品牌27,1500,可调节,银色,8*1*1,8,DN36D,简,出库,30020,拣货
PrPHA4InBl,黑色 品牌12 四号纸 打印机（喷墨）,打印机,品牌12,四号纸,喷墨,黑色,16*1*1,16,BV68G,简,出库,30035,拣货
LaYn15i5Bl,黑色 品牌15 15英寸 笔记本电脑（第5代处理器）,笔记本电脑,品牌15,15英寸,第5代处理器,黑色,16*1*1,7,BH54A,大卫,出库,30036,拣货
CaRG12SlGr,灰色 品牌03 1200 文件柜（滑动式）,文件柜,品牌03,1200,滑动式,灰色,8*1*1,8,AV95D,艾米丽,出库,30037,拣货
TaAE15WoBl,黑色 品牌05 1500 桌子（工作站）,桌子,品牌05,1500,工作站,黑色,8*1*1,2,CL07E,约翰,出库,30041,拣货
MoRe45ErWh,白色 品牌10 450 鼠标（人体工学）,鼠标,品牌10,450,人体工学,白色,16*10*1,96,BR07E,大卫,出库,30027,拣货
CaTE90FiGr,灰色 品牌04 900 文件柜（文件收纳）,文件柜,品牌04,900,文件收纳,灰色,8*1*1,6,BT79H,艾米丽,出库,30038,拣货
NoMuA3doWh,白色 品牌19 三号纸 笔记本（点阵）,笔记本,品牌19,三号纸,点阵,白色,48*10*5,2206,BL38H,大卫,出库,30058,拣货
LaOv17i5Wh,白色 品牌13 17英寸 笔记本电脑（第5代处理器）,笔记本电脑,品牌13,17英寸,第5代处理器,白色,16*1*1,16,DN27H,劳拉,出库,30045,拣货
PeAl24HePi,粉色 品牌20 24 铅笔（六角形）,铅笔,品牌20,24,六角形,粉色,48*10*5,2400,AG07H,简,出库,30077,拣货
CaRG12SlBl,黑色 品牌03 1200 文件柜（滑动式）,文件柜,品牌03,1200,滑动式,黑色,8*1*1,2,DL20A,莎拉,出库,30002,拣货
CuTE12FiBl,黑色 品牌04 1200 储物柜（文件收纳）,储物柜,品牌04,1200,文件收纳,黑色,8*1*1,1,DV56B,艾米,出库,30040,拣货
PrSoA3WiBl,黑色 品牌25 三号纸 打印机（无线网络）,打印机,品牌25,三号纸,无线网络,黑色,16*1*1,16,DY85A,莎拉,出库,30016,拣货
TaTR18FrGr,灰色 品牌29 1800 桌子（框架式）,桌子,品牌29,1800,框架式,灰色,8*1*1,8,BI54H,亚历克斯,出库,30087,拣货
KeHc27ErWh,白色 品牌09 270 键盘（人体工学）,键盘,品牌09,270,人体工学,白色,16*10*1,160,DG72H,劳拉,出库,30054,拣货
OfAESErPi,粉色 品牌05 小号 办公椅（人体工学）,办公椅,品牌05,小号,人体工学,粉色,16*1*1,16,BM06H,艾米,出库,30082,拣货
PrPHA3AlBl,黑色 品牌12 三号纸 打印机（一体式）,打印机,品牌12,三号纸,一体式,黑色,16*1*1,16,DN01E,大卫,出库,30008,拣货
DrWE90DoBl,黑色 品牌02 900 抽屉柜（带门式）,抽屉柜,品牌02,900,带门式,黑色,8*1*1,2,AU52H,艾米丽,出库,30051,拣货
CaQE90SlGr,灰色 品牌01 900 文件柜（滑动式）,文件柜,品牌01,900,滑动式,灰色,8*1*1,3,DN77F,简,出库,30024,拣货
LaOv1516Gr,灰色 品牌13 15英寸 笔记本电脑（16吉字节内存）,笔记本电脑,品牌13,15英寸,16吉字节内存,灰色,16*1*1,5,BH29D,大卫,出库,30058,拣货
LaRe1516Gr,灰色 品牌14 15英寸 笔记本电脑（16吉字节内存）,笔记本电脑,品牌14,15英寸,16吉字节内存,灰色,16*1*1,2,DL30B,迈克,出库,30038,拣货
KePH27ErBl,黑色 品牌12 270 键盘（人体工学）,键盘,品牌12,270,人体工学,黑色,16*10*1,160,DU53H,艾米丽,出库,30020,拣货
DrRG12SlBe,米色 品牌03 1200 抽屉柜（滑动式）,抽屉柜,品牌03,1200,滑动式,米色,8*1*1,1,AI82C,艾米丽,出库,30027,拣货
TaCI10AdGr,灰色 品牌27 1000 桌子（可调节）,桌子,品牌27,1000,可调节,灰色,8*1*1,3,CO05E,艾米,出库,30077,拣货
MoSu27MeWh,白色 品牌11 270 鼠标（机械式）,鼠标,品牌11,270,机械式,白色,16*10*1,119,AS71G,亚历克斯,出库,30087,拣货
PeAl50HeBl,黑色 品牌20 50 铅笔（六角形）,铅笔,品牌20,50,六角形,黑色,48*10*5,2400,BL25H,大卫,出库,30011,拣货
TVEs324KSi,银色 品牌32 32英寸 电视机（超高清）,电视机,品牌32,32英寸,超高清,银色,8*1*1,8,DH89D,亚历克斯,出库,30026,拣货
KeHc35MeNa,藏青色 品牌09 350 键盘（机械式）,键盘,品牌09,350,机械式,藏青色,16*10*1,88,DF59B,克里斯,出库,30011,拣货
LaOv17i5Wh,白色 品牌13 17英寸 笔记本电脑（第5代处理器）,笔记本电脑,品牌13,17英寸,第5代处理器,白色,16*1*1,16,DY21C,莎拉,出库,30070,拣货
SPRe12SoWh,白色 品牌22 12 触控笔（可溶性）,触控笔,品牌22,12,可溶性,白色,48*10*5,1233,CH04H,劳拉,出库,30086,拣货
TVEs654KWh,白色 品牌32 65英寸 电视机（超高清）,电视机,品牌32,65英寸,超高清,白色,8*1*1,8,CU42A,约翰,出库,30068,拣货
NoGrA3liSi,银色 品牌18 三号纸 笔记本（线条）,笔记本,品牌18,三号纸,线条,银色,48*10*5,348,AL12B,大卫,出库,30048,拣货
AlPH14i5Gr,灰色 品牌12 14英寸 一体机（第5代处理器）,一体机,品牌12,14英寸,第5代处理器,灰色,16*1*1,7,AP79C,艾米,出库,30042,拣货
AlOv15i7Wh,白色 品牌13 15英寸 一体机（第7代处理器）,一体机,品牌13,15英寸,第7代处理器,白色,16*1*1,16,BJ76D,莎拉,出库,30078,拣货
AlOv15i7Wh,白色 品牌13 15英寸 一体机（第7代处理器）,一体机,品牌13,15英寸,第7代处理器,白色,16*1*1,15,AS51A,劳拉,出库,30080,拣货
AlOv1432Wh,白色 品牌13 14英寸 一体机（32吉字节内存）,一体机,品牌13,14英寸,32吉字节内存,白色,16*1*1,16,BW70A,克里斯,出库,30023,拣货
DrRG18LoWh,白色 品牌03 1800 抽屉柜（储物锁柜）,抽屉柜,品牌03,1800,储物锁柜,白色,8*1*1,8,DS69G,亚历克斯,出库,30054,拣货
LaSu158GWh,白色 品牌11 15英寸 笔记本电脑（8吉字节内存）,笔记本电脑,品牌11,15英寸,8吉字节内存,白色,16*1*1,16,DV90A,简,出库,30043,拣货
KeHc35MeWh,白色 品牌09 350 键盘（机械式）,键盘,品牌09,350,机械式,白色,16*10*1,160,AN67B,克里斯,出库,30080,拣货
TVGL32FHGr,灰色 品牌31 32英寸 电视机（全高清）,电视机,品牌31,32英寸,全高清,灰色,8*1*1,4,AL14A,莎拉,出库,30082,拣货
SPRe50WaBl,黑色 品牌22 50 触控笔（水彩）,触控笔,品牌22,50,水彩,黑色,48*10*5,1555,BP73G,约翰,出库,30073,拣货
PrReA2WiBl,黑色 品牌24 二号纸 打印机（无线网络）,打印机,品牌24,二号纸,无线网络,黑色,16*1*1,16,AN11C,艾米丽,出库,30082,拣货
TVGn754KWh,白色 品牌30 75英寸 电视机（超高清）,电视机,品牌30,75英寸,超高清,白色,8*1*1,7,DI72F,艾米丽,出库,30082,拣货
LaOv1516Bl,黑色 品牌13 15英寸 笔记本电脑（16吉字节内存）,笔记本电脑,品牌13,15英寸,16吉字节内存,黑色,16*1*1,7,DW91G,亚历克斯,出库,30075,拣货
KeRe27MePi,粉色 品牌10 270 键盘（机械式）,键盘,品牌10,270,机械式,粉色,16*10*1,160,AU18C,大卫,出库,30042,拣货
TaCI10FrGr,灰色 品牌27 1000 桌子（框架式）,桌子,品牌27,1000,框架式,灰色,8*1*1,8,DS07A,约翰,出库,30025,拣货
CaRG18LoBl,黑色 品牌03 1800 文件柜（储物锁柜）,文件柜,品牌03,1800,储物锁柜,黑色,8*1*1,8,DR12F,艾米,出库,30036,拣货
MoRe45WiPi,粉色 品牌10 450 鼠标（有线）,鼠标,品牌10,450,有线,粉色,16*10*1,160,CN52E,艾米,出库,30016,拣货
DrWE12FiGr,灰色 品牌02 1200 抽屉柜（文件收纳）,抽屉柜,品牌02,1200,文件收纳,灰色,8*1*1,8,CV28E,艾米,出库,30097,拣货
CuWE12LoBe,米色 品牌02 1200 储物柜（储物锁柜）,储物柜,品牌02,1200,储物锁柜,米色,8*1*1,8,AY02H,约翰,出库,30055,拣货
GaSESErGr,灰色 品牌08 小号 游戏椅（人体工学）,游戏椅,品牌08,小号,人体工学,灰色,16*1*1,16,DI39B,亚历克斯,出库,30072,拣货
TVYn75FHBl,黑色 品牌15 75英寸 电视机（全高清）,电视机,品牌15,75英寸,全高清,黑色,8*1*1,1,DM66F,约翰,出库,30050,拣货
PrNoA4WiMi,混合色 品牌26 四号纸 打印机（无线网络）,打印机,品牌26,四号纸,无线网络,混合色,16*1*1,13,BO20H,大卫,出库,30005,拣货
GaAEMAdWh,白色 品牌05 中号 游戏椅（可调节）,游戏椅,品牌05,中号,可调节,白色,16*1*1,16,AO03G,迈克,出库,30024,拣货
LaOv17i5Bl,黑色 品牌13 17英寸 笔记本电脑（第5代处理器）,笔记本电脑,品牌13,17英寸,第5代处理器,黑色,16*1*1,16,BV11B,亚历克斯,出库,30008,拣货
PrNoA2InWh,白色 品牌26 二号纸 打印机（喷墨）,打印机,品牌26,二号纸,喷墨,白色,16*1*1,6,BF25C,亚历克斯,出库,30086,拣货
OfXEMHeBl,黑色 品牌06 中号 办公椅（头枕）,办公椅,品牌06,中号,头枕,黑色,16*1*1,16,AU85F,艾米丽,出库,30086,拣货
TaAE18FrBl,黑色 品牌05 1800 桌子（框架式）,桌子,品牌05,1800,框架式,黑色,8*1*1,8,DX38C,艾米丽,出库,30014,拣货
TaTR15WoWh,白色 品牌28 1500 桌子（工作站）,桌子,品牌28,1500,工作站,白色,8*1*1,1,BV57B,迈克,出库,30012,拣货
AlPH178GWh,白色 品牌12 17英寸 一体机（8吉字节内存）,一体机,品牌12,17英寸,8吉字节内存,白色,16*1*1,9,CP64F,艾米,出库,30015,拣货
TVGL50FHWh,白色 品牌31 50英寸 电视机（全高清）,电视机,品牌31,50英寸,全高清,白色,8*1*1,6,AQ87D,约翰,出库,30023,拣货
NoMuA4ruGr,灰色 品牌19 四号纸 笔记本（横线）,笔记本,品牌19,四号纸,横线,灰色,48*10*5,2400,AZ90G,迈克,出库,30013,拣货
PeAl12WaPi,粉色 品牌20 12 铅笔（水彩）,铅笔,品牌20,12,水彩,粉色,48*10*5,2400,CZ47E,大卫,出库,30047,拣货
DrWE18LoBe,米色 品牌02 1800 抽屉柜（储物锁柜）,抽屉柜,品牌02,1800,储物锁柜,米色,8*1*1,8,CY84H,亚历克斯,出库,30065,拣货
LaRe14i7Bl,黑色 品牌14 14英寸 笔记本电脑（第7代处理器）,笔记本电脑,品牌14,14英寸,第7代处理器,黑色,16*1*1,5,BL07A,劳拉,出库,30041,拣货
TVYn65FHSi,银色 品牌15 65英寸 电视机（全高清）,电视机,品牌15,65英寸,全高清,银色,8*1*1,3,BM02F,简,出库,30052,拣货
GaOGMHeWh,白色 品牌07 中号 游戏椅（头枕）,游戏椅,品牌07,中号,头枕,白色,16*1*1,16,BV75H,艾米,出库,30092,拣货
PrPHA3AlMi,混合色 品牌12 三号纸 打印机（一体式）,打印机,品牌12,三号纸,一体式,混合色,16*1*1,16,DU04B,劳拉,出库,30052,拣货
DrTE90LoBl,黑色 品牌04 900 抽屉柜（储物锁柜）,抽屉柜,品牌04,900,储物锁柜,黑色,8*1*1,2,BV08E,莎拉,出库,30006,拣货
MoSu27ErBl,黑色 品牌11 270 鼠标（人体工学）,鼠标,品牌11,270,人体工学,黑色,16*10*1,160,DQ86G,亚历克斯,出库,30087,拣货
PrReA2AlMi,混合色 品牌24 二号纸 打印机（一体式）,打印机,品牌24,二号纸,一体式,混合色,16*1*1,16,BN35G,克里斯,出库,30053,拣货
PrReA4InWh,白色 品牌24 四号纸 打印机（喷墨）,打印机,品牌24,四号纸,喷墨,白色,16*1*1,16,BN60D,克里斯,出库,30045,拣货
TVGn504KGr,灰色 品牌30 50英寸 电视机（超高清）,电视机,品牌30,50英寸,超高清,灰色,8*1*1,2,AP52B,约翰,出库,30057,拣货
DrTE12FiBe,米色 品牌04 1200 抽屉柜（文件收纳）,抽屉柜,品牌04,1200,文件收纳,米色,8*1*1,8,DL55E,莎拉,出库,30038,拣货
CaRG12DoBe,米色 品牌03 1200 文件柜（带门式）,文件柜,品牌03,1200,带门式,米色,8*1*1,1,CV25C,莎拉,出库,30075,拣货
TVGn42SFBl,黑色 品牌30 42英寸 电视机（超级全高清）,电视机,品牌30,42英寸,超级全高清,黑色,8*1*1,5,CO18E,艾米,出库,30030,拣货
TaTR10AuWh,白色 品牌29 1000 桌子（自动调节）,桌子,品牌29,1000,自动调节,白色,8*1*1,8,AU36B,约翰,出库,30089,拣货
MoSu27MeBl,黑色 品牌11 270 鼠标（机械式）,鼠标,品牌11,270,机械式,黑色,16*10*1,126,BI92D,莎拉,出库,30041,拣货
SPRe12HeWh,白色 品牌22 12 触控笔（六角形）,触控笔,品牌22,12,六角形,白色,48*10*5,2400,AJ92D,艾米丽,出库,30037,拣货
CuRG12LoWh,白色 品牌03 1200 储物柜（储物锁柜）,储物柜,品牌03,1200,储物锁柜,白色,8*1*1,8,DN42F,简,出库,30029,拣货
PrReA3LaBl,黑色 品牌24 三号纸 打印机（激光）,打印机,品牌24,三号纸,激光,黑色,16*1*1,3,CY20F,约翰,出库,30079,拣货
PeRe12WaWh,白色 品牌22 12 铅笔（水彩）,铅笔,品牌22,12,水彩,白色,48*10*5,456,AS11H,简,出库,30028,拣货
PeNa24WaBl,黑色 品牌23 24 铅笔（水彩）,铅笔,品牌23,24,水彩,黑色,48*10*5,754,DX02C,莎拉,出库,30084,拣货
OfAESErBl,黑色 品牌05 小号 办公椅（人体工学）,办公椅,品牌05,小号,人体工学,黑色,16*1*1,14,BM17E,约翰,出库,30028,拣货
TVGL32FHWh,白色 品牌31 32英寸 电视机（全高清）,电视机,品牌31,32英寸,全高清,白色,8*1*1,8,CL96E,约翰,出库,30009,拣货
PeRe12SoBl,黑色 品牌22 12 铅笔（可溶性）,铅笔,品牌22,12,可溶性,黑色,48*10*5,2400,AR51C,艾米,出库,30034,拣货
SPRe50WaGr,灰色 品牌22 50 触控笔（水彩）,触控笔,品牌22,50,水彩,灰色,48*10*5,1714,CK95A,劳拉,出库,30010,拣货
TaTR10AdBl,黑色 品牌28 1000 桌子（可调节）,桌子,品牌28,1000,可调节,黑色,8*1*1,8,DI63B,莎拉,出库,30019,拣货
DrRG12SlBe,米色 品牌03 1200 抽屉柜（滑动式）,抽屉柜,品牌03,1200,滑动式,米色,8*1*1,8,DZ07F,莎拉,出库,30029,拣货
PeGi24SoPi,粉色 品牌21 24 铅笔（可溶性）,铅笔,品牌21,24,可溶性,粉色,48*10*5,2400,BT70G,简,出库,30022,拣货
LaPH17i7Si,银色 品牌12 17英寸 笔记本电脑（第7代处理器）,笔记本电脑,品牌12,17英寸,第7代处理器,银色,16*1*1,16,CT69B,克里斯,出库,30048,拣货
AlSu1532Gr,灰色 品牌11 15英寸 一体机（32吉字节内存）,一体机,品牌11,15英寸,32吉字节内存,灰色,16*1*1,6,AF78F,艾米,出库,30050,拣货
TVGL654KWh,白色 品牌31 65英寸 电视机（超高清）,电视机,品牌31,65英寸,超高清,白色,8*1*1,8,AU96H,艾米丽,出库,30033,拣货
NoGrA3ruWh,白色 品牌18 三号纸 笔记本（横线）,笔记本,品牌18,三号纸,横线,白色,48*10*5,350,DF59E,劳拉,出库,30011,拣货
TVEs42FHSi,银色 品牌32 42英寸 电视机（全高清）,电视机,品牌32,42英寸,全高清,银色,8*1*1,1,DF84G,约翰,出库,30005,拣货
DrRG90LoBe,米色 品牌03 900 抽屉柜（储物锁柜）,抽屉柜,品牌03,900,储物锁柜,米色,8*1*1,8,AY05F,简,出库,30030,拣货
TaAE10AuSi,银色 品牌05 1000 桌子（自动调节）,桌子,品牌05,1000,自动调节,银色,8*1*1,8,AM28D,简,出库,30064,拣货
KePH27WiNa,藏青色 品牌12 270 键盘（有线）,键盘,品牌12,270,有线,藏青色,16*10*1,160,AT17B,亚历克斯,出库,30031,拣货
TVEs42SFWh,白色 品牌32 42英寸 电视机（超级全高清）,电视机,品牌32,42英寸,超级全高清,白色,8*1*1,8,AM05F,迈克,出库,30096,拣货
KeRe45ErBl,黑色 品牌10 450 键盘（人体工学）,键盘,品牌10,450,人体工学,黑色,16*10*1,160,AX72C,克里斯,出库,30042,拣货
KeSu45ErPi,粉色 品牌11 450 键盘（人体工学）,键盘,品牌11,450,人体工学,粉色,16*10*1,160,DN04C,艾米丽,出库,30005,拣货
CaTE12LoGr,灰色 品牌04 1200 文件柜（储物锁柜）,文件柜,品牌04,1200,储物锁柜,灰色,8*1*1,6,CL22G,简,出库,30028,拣货
PeRe50HeGr,灰色 品牌22 50 铅笔（六角形）,铅笔,品牌22,50,六角形,灰色,48*10*5,549,DW42D,大卫,出库,30010,拣货
PeRe50SoGr,灰色 品牌22 50 铅笔（可溶性）,铅笔,品牌22,50,可溶性,灰色,48*10*5,2400,CU78A,克里斯,出库,30063,拣货
PrNoA4MoGr,灰色 品牌26 四号纸 打印机（黑白）,打印机,品牌26,四号纸,黑白,灰色,16*1*1,16,DQ95F,迈克,出库,30033,拣货
NoScA3liGr,灰色 品牌17 三号纸 笔记本（线条）,笔记本,品牌17,三号纸,线条,灰色,48*10*5,2400,DJ88F,大卫,出库,30020,拣货
AlPH17i5Bl,黑色 品牌12 17英寸 一体机（第5代处理器）,一体机,品牌12,17英寸,第5代处理器,黑色,16*1*1,16,BG21E,克里斯,出库,30042,拣货
CuTE90LoBe,米色 品牌04 900 储物柜（储物锁柜）,储物柜,品牌04,900,储物锁柜,米色,8*1*1,8,DF71G,简,出库,30077,拣货
GaSESErGr,灰色 品牌08 小号 游戏椅（人体工学）,游戏椅,品牌08,小号,人体工学,灰色,16*1*1,16,DO84C,亚历克斯,出库,30085,拣货
KeRe27WiBl,黑色 品牌10 270 键盘（有线）,键盘,品牌10,270,有线,黑色,16*10*1,160,CR08D,亚历克斯,出库,30078,拣货
TaCI15FrGr,灰色 品牌27 1500 桌子（框架式）,桌子,品牌27,1500,框架式,灰色,8*1*1,4,CY16F,迈克,出库,30067,拣货
CaQE90SlBe,米色 品牌01 900 文件柜（滑动式）,文件柜,品牌01,900,滑动式,米色,8*1*1,4,AG33D,莎拉,出库,30066,拣货
LaSu15i7Wh,白色 品牌11 15英寸 笔记本电脑（第7代处理器）,笔记本电脑,品牌11,15英寸,第7代处理器,白色,16*1*1,5,CY98G,简,出库,30041,拣货
NoGrA5liBl,黑色 品牌18 五号纸 笔记本（线条）,笔记本,品牌18,五号纸,线条,黑色,48*10*5,2400,CH73F,劳拉,出库,30070,拣货
MoHc27WiNa,藏青色 品牌09 270 鼠标（有线）,鼠标,品牌09,270,有线,藏青色,16*10*1,110,DJ70F,艾米丽,出库,30027,拣货
TVGn32S4Si,银色 品牌30 32英寸 电视机（超级超高清）,电视机,品牌30,32英寸,超级超高清,银色,8*1*1,8,AU10H,莎拉,出库,30086,拣货
KeHc27MeWh,白色 品牌09 270 键盘（机械式）,键盘,品牌09,270,机械式,白色,16*10*1,160,DQ18H,莎拉,出库,30004,拣货
TaCI10FrGr,灰色 品牌27 1000 桌子（框架式）,桌子,品牌27,1000,框架式,灰色,8*1*1,6,DO14H,艾米,出库,30066,拣货
LaRe158GWh,白色 品牌14 15英寸 笔记本电脑（8吉字节内存）,笔记本电脑,品牌14,15英寸,8吉字节内存,白色,16*1*1,8,CO54F,克里斯,出库,30094,拣货
TVGn654KGr,灰色 品牌30 65英寸 电视机（超高清）,电视机,品牌30,65英寸,超高清,灰色,8*1*1,8,DG93C,迈克,出库,30033,拣货
LaRe1716Wh,白色 品牌14 17英寸 笔记本电脑（16吉字节内存）,笔记本电脑,品牌14,17英寸,16吉字节内存,白色,16*1*1,6,DG25H,迈克,出库,30071,拣货
KePH27MePi,粉色 品牌12 270 键盘（机械式）,键盘,品牌12,270,机械式,粉色,16*10*1,160,DY55D,迈克,出库,30096,拣货
CaWE12LoWh,白色 品牌02 1200 文件柜（储物锁柜）,文件柜,品牌02,1200,储物锁柜,白色,8*1*1,8,DX87G,劳拉,出库,30072,拣货
TVEs32S4Bl,黑色 品牌32 32英寸 电视机（超级超高清）,电视机,品牌32,32英寸,超级超高清,黑色,8*1*1,7,AH07F,艾米丽,出库,30057,拣货
AlPH158GBl,黑色 品牌12 15英寸 一体机（8吉字节内存）,一体机,品牌12,15英寸,8吉字节内存,黑色,16*1*1,16,AU24A,简,出库,30020,拣货
PeRe24HeBl,黑色 品牌22 24 铅笔（六角形）,铅笔,品牌22,24,六角形,黑色,48*10*5,2400,DN37F,简,出库,30083,拣货
TaTR10AuGr,灰色 品牌29 1000 桌子（自动调节）,桌子,品牌29,1000,自动调节,灰色,8*1*1,4,DJ04C,艾米丽,出库,30041,拣货
DrRG12LoGr,灰色 品牌03 1200 抽屉柜（储物锁柜）,抽屉柜,品牌03,1200,储物锁柜,灰色,8*1*1,8,BS06G,克里斯,出库,30033,拣货
NoMuA3liGr,灰色 品牌19 三号纸 笔记本（线条）,笔记本,品牌19,三号纸,线条,灰色,48*10*5,2085,AG79A,劳拉,出库,30094,拣货
CaTE12FiBl,黑色 品牌04 1200 文件柜（文件收纳）,文件柜,品牌04,1200,文件收纳,黑色,8*1*1,8,CW34H,亚历克斯,出库,30046,拣货
KeHc35WiNa,藏青色 品牌09 350 键盘（有线）,键盘,品牌09,350,有线,藏青色,16*10*1,83,CV44A,艾米丽,出库,30085,拣货
TaCI18AdGr,灰色 品牌27 1800 桌子（可调节）,桌子,品牌27,1800,可调节,灰色,8*1*1,2,AQ19H,莎拉,出库,30078,拣货
NoMuA3liSi,银色 品牌19 三号纸 笔记本（线条）,笔记本,品牌19,三号纸,线条,银色,48*10*5,489,AQ78G,艾米,出库,30057,拣货
CaTE12SlBe,米色 品牌04 1200 文件柜（滑动式）,文件柜,品牌04,1200,滑动式,米色,8*1*1,8,BT69E,艾米,出库,30054,拣货
KeHc27ErNa,藏青色 品牌09 270 键盘（人体工学）,键盘,品牌09,270,人体工学,藏青色,16*10*1,160,BZ95A,克里斯,出库,30004,拣货
PeNa24WaGr,灰色 品牌23 24 铅笔（水彩）,铅笔,品牌23,24,水彩,灰色,48*10*5,284,AU75B,迈克,出库,30014,拣货
TVGn65S4Si,银色 品牌30 65英寸 电视机（超级超高清）,电视机,品牌30,65英寸,超级超高清,银色,8*1*1,8,DG60C,约翰,出库,30015,拣货
CuRG18DoWh,白色 品牌03 1800 储物柜（带门式）,储物柜,品牌03,1800,带门式,白色,8*1*1,8,CT71E,艾米丽,出库,30078,拣货
MoRe35WiNa,藏青色 品牌10 350 鼠标（有线）,鼠标,品牌10,350,有线,藏青色,16*10*1,23,AS25D,莎拉,出库,30088,拣货
GaXESLeBl,黑色 品牌06 小号 游戏椅（皮革）,游戏椅,品牌06,小号,皮革,黑色,16*1*1,8,AF96H,大卫,出库,30051,拣货
PrPHA4MoGr,灰色 品牌12 四号纸 打印机（黑白）,打印机,品牌12,四号纸,黑白,灰色,16*1*1,13,AI07B,劳拉,出库,30075,拣货
TaTR18FrSi,银色 品牌28 1800 桌子（框架式）,桌子,品牌28,1800,框架式,银色,8*1*1,8,BH62D,迈克,出库,30090,拣货
CaQE90DoGr,灰色 品牌01 900 文件柜（带门式）,文件柜,品牌01,900,带门式,灰色,8*1*1,8,BJ29E,亚历克斯,出库,30034,拣货
DrRG90LoWh,白色 品牌03 900 抽屉柜（储物锁柜）,抽屉柜,品牌03,900,储物锁柜,白色,8*1*1,2,DL30F,劳拉,出库,30007,拣货
KePH27MeWh,白色 品牌12 270 键盘（机械式）,键盘,品牌12,270,机械式,白色,16*10*1,160,CK87D,约翰,出库,30052,拣货
OfSELHeGr,灰色 品牌08 大号 办公椅（头枕）,办公椅,品牌08,大号,头枕,灰色,16*1*1,12,AL20A,莎拉,出库,30081,拣货
TVGL65S4Gr,灰色 品牌31 65英寸 电视机（超级超高清）,电视机,品牌31,65英寸,超级超高清,灰色,8*1*1,8,CY25H,艾米,出库,30035,拣货
CuWE12FiGr,灰色 品牌02 1200 储物柜（文件收纳）,储物柜,品牌02,1200,文件收纳,灰色,8*1*1,2,AL74G,简,出库,30009,拣货
MoRe27WiNa,藏青色 品牌10 270 鼠标（有线）,鼠标,品牌10,270,有线,藏青色,16*10*1,131,BO85E,艾米丽,出库,30096,拣货
MoPH45ErNa,藏青色 品牌12 450 鼠标（人体工学）,鼠标,品牌12,450,人体工学,藏青色,16*10*1,160,AY60F,亚历克斯,出库,30076,拣货
DrQE12LoGr,灰色 品牌01 1200 抽屉柜（储物锁柜）,抽屉柜,品牌01,1200,储物锁柜,灰色,8*1*1,8,AP57A,劳拉,出库,30042,拣货
CaRG12SlGr,灰色 品牌03 1200 文件柜（滑动式）,文件柜,品牌03,1200,滑动式,灰色,8*1*1,8,CR86A,约翰,出库,30094,拣货
GaOGSLePi,粉色 品牌07 小号 游戏椅（皮革）,游戏椅,品牌07,小号,皮革,粉色,16*1*1,16,DM83G,亚历克斯,出库,30038,拣货
CaQE12FiBe,米色 品牌01 1200 文件柜（文件收纳）,文件柜,品牌01,1200,文件收纳,米色,8*1*1,8,CO02B,艾米,出库,30073,拣货
TVGL65SFGr,灰色 品牌31 65英寸 电视机（超级全高清）,电视机,品牌31,65英寸,超级全高清,灰色,8*1*1,8,BF27H,艾米,出库,30059,拣货
PeRe24SoPi,粉色 品牌22 24 铅笔（可溶性）,铅笔,品牌22,24,可溶性,粉色,48*10*5,2400,CR34A,艾米,出库,30010,拣货
PeNa12WaGr,灰色 品牌23 12 铅笔（水彩）,铅笔,品牌23,12,水彩,灰色,48*10*5,1803,DU15C,亚历克斯,出库,30082,拣货
AlSu158GSi,银色 品牌11 15英寸 一体机（8吉字节内存）,一体机,品牌11,15英寸,8吉字节内存,银色,16*1*1,16,CG38H,莎拉,出库,30067,拣货
TVGn32S4Si,银色 品牌30 32英寸 电视机（超级超高清）,电视机,品牌30,32英寸,超级超高清,银色,8*1*1,7,DM95C,迈克,出库,30039,拣货
TaTR15WoSi,银色 品牌28 1500 桌子（工作站）,桌子,品牌28,1500,工作站,银色,8*1*1,8,CN74G,迈克,出库,30013,拣货
NoScA5doGr,灰色 品牌17 五号纸 笔记本（点阵）,笔记本,品牌17,五号纸,点阵,灰色,48*10*5,2400,AV42F,约翰,出库,30029,拣货
NoMuA3liGr,灰色 品牌19 三号纸 笔记本（线条）,笔记本,品牌19,三号纸,线条,灰色,48*10*5,2400,CM33H,艾米,出库,30044,拣货
TVEs75FHGr,灰色 品牌32 75英寸 电视机（全高清）,电视机,品牌32,75英寸,全高清,灰色,8*1*1,8,DY64B,迈克,出库,30037,拣货
PrNoA2InMi,混合色 品牌26 二号纸 打印机（喷墨）,打印机,品牌26,二号纸,喷墨,混合色,16*1*1,16,BW66C,约翰,出库,30014,拣货
SPGi24SoBl,黑色 品牌21 24 触控笔（可溶性）,触控笔,品牌21,24,可溶性,黑色,48*10*5,1,BQ85C,劳拉,出库,30087,拣货
KeRe45WiWh,白色 品牌10 450 键盘（有线）,键盘,品牌10,450,有线,白色,16*10*1,160,CK53E,艾米丽,出库,30008,拣货
CaQE12FiBe,米色 品牌01 1200 文件柜（文件收纳）,文件柜,品牌01,1200,文件收纳,米色,8*1*1,8,DH16F,艾米,出库,30041,拣货
OfOGSAdBl,黑色 品牌07 小号 办公椅（可调节）,办公椅,品牌07,小号,可调节,黑色,16*1*1,1,DN13A,亚历克斯,出库,30026,拣货
TVGL754KWh,白色 品牌31 75英寸 电视机（超高清）,电视机,品牌31,75英寸,超高清,白色,8*1*1,4,DF25H,大卫,出库,30084,拣货
TVGL65SFWh,白色 品牌31 65英寸 电视机（超级全高清）,电视机,品牌31,65英寸,超级全高清,白色,8*1*1,8,AI34H,迈克,出库,30024,拣货
LaRe178GBl,黑色 品牌14 17英寸 笔记本电脑（8吉字节内存）,笔记本电脑,品牌14,17英寸,8吉字节内存,黑色,16*1*1,8,AJ19C,劳拉,出库,30097,拣货
TaTR18FrWh,白色 品牌28 1800 桌子（框架式）,桌子,品牌28,1800,框架式,白色,8*1*1,3,CY37B,约翰,出库,30087,拣货
PeNa50HeBl,黑色 品牌23 50 铅笔（六角形）,铅笔,品牌23,50,六角形,黑色,48*10*5,2400,CK39B,迈克,出库,30019,拣货
NoMuA3doWh,白色 品牌19 三号纸 笔记本（点阵）,笔记本,品牌19,三号纸,点阵,白色,48*10*5,2400,AJ46C,艾米丽,出库,30014,拣货
TVYn504KGr,灰色 品牌15 50英寸 电视机（超高清）,电视机,品牌15,50英寸,超高清,灰色,8*1*1,4,DR09F,亚历克斯,出库,30081,拣货
AlSu1432Si,银色 品牌11 14英寸 一体机（32吉字节内存）,一体机,品牌11,14英寸,32吉字节内存,银色,16*1*1,15,CM21F,艾米,出库,30096,拣货
SPRe12HeWh,白色 品牌22 12 触控笔（六角形）,触控笔,品牌22,12,六角形,白色,48*10*5,2400,BJ03C,亚历克斯,出库,30074,拣货
OfSESHeBl,黑色 品牌08 小号 办公椅（头枕）,办公椅,品牌08,小号,头枕,黑色,16*1*1,7,CN69B,迈克,出库,30082,拣货
KeHc27ErNa,藏青色 品牌09 270 键盘（人体工学）,键盘,品牌09,270,人体工学,藏青色,16*10*1,91,DR41G,艾米,出库,30053,拣货
MoHc45ErNa,藏青色 品牌09 450 鼠标（人体工学）,鼠标,品牌09,450,人体工学,藏青色,16*10*1,160,AS46C,克里斯,出库,30073,拣货
KeSu27WiWh,白色 品牌11 270 键盘（有线）,键盘,品牌11,270,有线,白色,16*10*1,160,AV25C,克里斯,出库,30051,拣货
MoHc45BlNa,藏青色 品牌09 450 鼠标（蓝牙）,鼠标,品牌09,450,蓝牙,藏青色,16*10*1,160,AK45D,大卫,出库,30080,拣货
TVEs504KSi,银色 品牌32 50英寸 电视机（超高清）,电视机,品牌32,50英寸,超高清,银色,8*1*1,8,DL61E,艾米,出库,30087,拣货
CaWE90DoGr,灰色 品牌02 900 文件柜（带门式）,文件柜,品牌02,900,带门式,灰色,8*1*1,7,AW86H,克里斯,出库,30035,拣货
TaCI18WoWh,白色 品牌27 1800 桌子（工作站）,桌子,品牌27,1800,工作站,白色,8*1*1,8,DF59C,莎拉,出库,30045,拣货
PeRe24HeGr,灰色 品牌22 24 铅笔（六角形）,铅笔,品牌22,24,六角形,灰色,48*10*5,2400,DY66F,劳拉,出库,30061,拣货
TVYn42S4Bl,黑色 品牌15 42英寸 电视机（超级超高清）,电视机,品牌15,42英寸,超级超高清,黑色,8*1*1,4,AZ84F,克里斯,出库,30014,拣货
TaCI18AdSi,银色 品牌27 1800 桌子（可调节）,桌子,品牌27,1800,可调节,银色,8*1*1,8,AX66D,艾米丽,出库,30047,拣货
SPGi50HeWh,白色 品牌21 50 触控笔（六角形）,触控笔,品牌21,50,六角形,白色,48*10*5,368,CM72H,艾米,出库,30096,拣货
MoSu35WiWh,白色 品牌11 350 鼠标（有线）,鼠标,品牌11,350,有线,白色,16*10*1,160,BF36H,艾米丽,出库,30051,拣货
TVYn324KSi,银色 品牌15 32英寸 电视机（超高清）,电视机,品牌15,32英寸,超高清,银色,8*1*1,8,CJ43H,劳拉,出库,30044,拣货
LaRe1532Si,银色 品牌14 15英寸 笔记本电脑（32吉字节内存）,笔记本电脑,品牌14,15英寸,32吉字节内存,银色,16*1*1,11,CF29B,艾米,出库,30020,拣货
CuTE18DoWh,白色 品牌04 1800 储物柜（带门式）,储物柜,品牌04,1800,带门式,白色,8*1*1,6,BH07E,约翰,出库,30043,拣货
TaTR18FrWh,白色 品牌28 1800 桌子（框架式）,桌子,品牌28,1800,框架式,白色,8*1*1,7,AF98E,劳拉,出库,30068,拣货
KePH35ErWh,白色 品牌12 350 键盘（人体工学）,键盘,品牌12,350,人体工学,白色,16*10*1,125,CF62G,艾米,出库,30086,拣货
LaPH15i7Si,银色 品牌12 15英寸 笔记本电脑（第7代处理器）,笔记本电脑,品牌12,15英寸,第7代处理器,银色,16*1*1,11,CK61B,约翰,出库,30032,拣货
OfAEMHeBl,黑色 品牌05 中号 办公椅（头枕）,办公椅,品牌05,中号,头枕,黑色,16*1*1,16,DM42A,约翰,出库,30054,拣货
GaXESAdBl,黑色 品牌06 小号 游戏椅（可调节）,游戏椅,品牌06,小号,可调节,黑色,16*1*1,6,DQ95A,莎拉,出库,30002,拣货
LaYn1532Gr,灰色 品牌15 15英寸 笔记本电脑（32吉字节内存）,笔记本电脑,品牌15,15英寸,32吉字节内存,灰色,16*1*1,16,DN09B,劳拉,出库,30036,拣货
SPAl50SoPi,粉色 品牌20 50 触控笔（可溶性）,触控笔,品牌20,50,可溶性,粉色,48*10*5,2400,BI79A,迈克,出库,30016,拣货
GaOGMHeGr,灰色 品牌07 中号 游戏椅（头枕）,游戏椅,品牌07,中号,头枕,灰色,16*1*1,16,DH22E,克里斯,出库,30025,拣货
NoExA4doGr,灰色 品牌16 四号纸 笔记本（点阵）,笔记本,品牌16,四号纸,点阵,灰色,48*10*5,2400,CN08G,大卫,出库,30065,拣货
TVEs42S4Si,银色 品牌32 42英寸 电视机（超级超高清）,电视机,品牌32,42英寸,超级超高清,银色,8*1*1,3,AJ33H,艾米,出库,30003,拣货
TaCI18AuSi,银色 品牌27 1800 桌子（自动调节）,桌子,品牌27,1800,自动调节,银色,8*1*1,8,BU52D,克里斯,出库,30005,拣货
DrTE90SlWh,白色 品牌04 900 抽屉柜（滑动式）,抽屉柜,品牌04,900,滑动式,白色,8*1*1,3,CV25G,莎拉,出库,30087,拣货
SPNa12SoWh,白色 品牌23 12 触控笔（可溶性）,触控笔,品牌23,12,可溶性,白色,48*10*5,1853,BT76C,艾米丽,出库,30022,拣货
NoMuA3liBl,黑色 品牌19 三号纸 笔记本（线条）,笔记本,品牌19,三号纸,线条,黑色,48*10*5,638,AK88E,约翰,出库,30012,拣货
PrReA2WiWh,白色 品牌24 二号纸 打印机（无线网络）,打印机,品牌24,二号纸,无线网络,白色,16*1*1,16,CL63E,艾米,出库,30058,拣货
CaWE18SlBl,黑色 品牌02 1800 文件柜（滑动式）,文件柜,品牌02,1800,滑动式,黑色,8*1*1,8,CV80C,莎拉,出库,30068,拣货
CaQE12DoBe,米色 品牌01 1200 文件柜（带门式）,文件柜,品牌01,1200,带门式,米色,8*1*1,8,BY71A,劳拉,出库,30009,拣货
MoHc45BlNa,藏青色 品牌09 450 鼠标（蓝牙）,鼠标,品牌09,450,蓝牙,藏青色,16*10*1,48,AO09D,劳拉,出库,30076,拣货
TVYn75FHWh,白色 品牌15 75英寸 电视机（全高清）,电视机,品牌15,75英寸,全高清,白色,8*1*1,8,DJ92D,艾米丽,出库,30053,拣货
PeAl24HePi,粉色 品牌20 24 铅笔（六角形）,铅笔,品牌20,24,六角形,粉色,48*10*5,1788,DI31G,克里斯,出库,30031,拣货
TVEs50SFBl,黑色 品牌32 50英寸 电视机（超级全高清）,电视机,品牌32,50英寸,超级全高清,黑色,8*1*1,1,AS18G,约翰,出库,30068,拣货
PeAl24HePi,粉色 品牌20 24 铅笔（六角形）,铅笔,品牌20,24,六角形,粉色,48*10*5,813,CT42F,约翰,出库,30070,拣货
AlRe14i5Si,银色 品牌14 14英寸 一体机（第5代处理器）,一体机,品牌14,14英寸,第5代处理器,银色,16*1*1,16,AT07B,简,出库,30013,拣货
LaSu1532Si,银色 品牌11 15英寸 笔记本电脑（32吉字节内存）,笔记本电脑,品牌11,15英寸,32吉字节内存,银色,16*1*1,16,DX77H,约翰,出库,30032,拣货
AlOv1732Gr,灰色 品牌13 17英寸 一体机（32吉字节内存）,一体机,品牌13,17英寸,32吉字节内存,灰色,16*1*1,16,AV18B,亚历克斯,出库,30049,拣货
NoExA4ruBl,黑色 品牌16 四号纸 笔记本（横线）,笔记本,品牌16,四号纸,横线,黑色,48*10*5,193,AO22C,克里斯,出库,30043,拣货
PrPHA2AlMi,混合色 品牌12 二号纸 打印机（一体式）,打印机,品牌12,二号纸,一体式,混合色,16*1*1,8,AL60D,克里斯,出库,30021,拣货
SPRe24SoBl,黑色 品牌22 24 触控笔（可溶性）,触控笔,品牌22,24,可溶性,黑色,48*10*5,2400,DY75C,劳拉,出库,30057,拣货
OfAEMErGr,灰色 品牌05 中号 办公椅（人体工学）,办公椅,品牌05,中号,人体工学,灰色,16*1*1,16,DX06H,迈克,出库,30032,拣货
PeRe24WaPi,粉色 品牌22 24 铅笔（水彩）,铅笔,品牌22,24,水彩,粉色,48*10*5,2400,CT82F,艾米丽,出库,30015,拣货
CuQE90FiBe,米色 品牌01 900 储物柜（文件收纳）,储物柜,品牌01,900,文件收纳,米色,8*1*1,8,BG18C,艾米丽,出库,30089,拣货
CuTE12LoBl,黑色 品牌04 1200 储物柜（储物锁柜）,储物柜,品牌04,1200,储物锁柜,黑色,8*1*1,6,CY34E,约翰,出库,30051,拣货
CuRG90SlBe,米色 品牌03 900 储物柜（滑动式）,储物柜,品牌03,900,滑动式,米色,8*1*1,4,CF87B,大卫,出库,30020,拣货
PrSoA2WiMi,混合色 品牌25 二号纸 打印机（无线网络）,打印机,品牌25,二号纸,无线网络,混合色,16*1*1,16,AO92E,简,出库,30078,拣货
CaWE12LoWh,白色 品牌02 1200 文件柜（储物锁柜）,文件柜,品牌02,1200,储物锁柜,白色,8*1*1,6,AN05C,亚历克斯,出库,30092,拣货
GaSESAdPi,粉色 品牌08 小号 游戏椅（可调节）,游戏椅,品牌08,小号,可调节,粉色,16*1*1,16,DL51F,莎拉,出库,30073,拣货
TVGL75FHBl,黑色 品牌31 75英寸 电视机（全高清）,电视机,品牌31,75英寸,全高清,黑色,8*1*1,8,DZ70E,艾米丽,出库,30014,拣货
SPRe12HePi,粉色 品牌22 12 触控笔（六角形）,触控笔,品牌22,12,六角形,粉色,48*10*5,2053,CY72F,迈克,出库,30031,拣货
KePH27WiWh,白色 品牌12 270 键盘（有线）,键盘,品牌12,270,有线,白色,16*10*1,135,DI01C,大卫,出库,30036,拣货
CaWE18SlWh,白色 品牌02 1800 文件柜（滑动式）,文件柜,品牌02,1800,滑动式,白色,8*1*1,8,AV28F,大卫,出库,30048,拣货
PeRe24SoWh,白色 品牌22 24 铅笔（可溶性）,铅笔,品牌22,24,可溶性,白色,48*10*5,1696,BL72A,克里斯,出库,30053,拣货
KePH35MeNa,藏青色 品牌12 350 键盘（机械式）,键盘,品牌12,350,机械式,藏青色,16*10*1,160,BV26F,简,出库,30026,拣货
KeHc27WiPi,粉色 品牌09 270 键盘（有线）,键盘,品牌09,270,有线,粉色,16*10*1,108,BU51G,劳拉,出库,30037,拣货
OfOGMHeBl,黑色 品牌07 中号 办公椅（头枕）,办公椅,品牌07,中号,头枕,黑色,16*1*1,6,AZ19E,简,出库,30009,拣货
DrRG12LoGr,灰色 品牌03 1200 抽屉柜（储物锁柜）,抽屉柜,品牌03,1200,储物锁柜,灰色,8*1*1,8,CQ13D,迈克,出库,30075,拣货
CuTE12FiWh,白色 品牌04 1200 储物柜（文件收纳）,储物柜,品牌04,1200,文件收纳,白色,8*1*1,4,BO19G,简,出库,30036,拣货
TVYn32S4Bl,黑色 品牌15 32英寸 电视机（超级超高清）,电视机,品牌15,32英寸,超级超高清,黑色,8*1*1,1,AN64H,艾米丽,出库,30051,拣货
TaCI18WoWh,白色 品牌27 1800 桌子（工作站）,桌子,品牌27,1800,工作站,白色,8*1*1,8,CK80E,艾米丽,出库,30001,拣货
LaPH1532Si,银色 品牌12 15英寸 笔记本电脑（32吉字节内存）,笔记本电脑,品牌12,15英寸,32吉字节内存,银色,16*1*1,13,CR10A,克里斯,出库,30099,拣货
AlYn148GSi,银色 品牌15 14英寸 一体机（8吉字节内存）,一体机,品牌15,14英寸,8吉字节内存,银色,16*1*1,1,DQ91G,约翰,出库,30038,拣货
KePH27BlBl,黑色 品牌12 270 键盘（蓝牙）,键盘,品牌12,270,蓝牙,黑色,16*10*1,43,CK74D,艾米,出库,30050,拣货
LaRe17i5Gr,灰色 品牌14 17英寸 笔记本电脑（第5代处理器）,笔记本电脑,品牌14,17英寸,第5代处理器,灰色,16*1*1,16,AP69F,迈克,出库,30001,拣货
GaOGMHePi,粉色 品牌07 中号 游戏椅（头枕）,游戏椅,品牌07,中号,头枕,粉色,16*1*1,16,CX72B,艾米,出库,30009,拣货
LaOv1532Gr,灰色 品牌13 15英寸 笔记本电脑（32吉字节内存）,笔记本电脑,品牌13,15英寸,32吉字节内存,灰色,16*1*1,16,DU97A,简,出库,30034,拣货
PeGi24WaPi,粉色 品牌21 24 铅笔（水彩）,铅笔,品牌21,24,水彩,粉色,48*10*5,58,DK19H,大卫,出库,30095,拣货
PeAl50HeGr,灰色 品牌20 50 铅笔（六角形）,铅笔,品牌20,50,六角形,灰色,48*10*5,368,BS03A,劳拉,出库,30071,拣货
PrPHA3WiBl,黑色 品牌12 三号纸 打印机（无线网络）,打印机,品牌12,三号纸,无线网络,黑色,16*1*1,3,AX13H,劳拉,出库,30056,拣货
PeNa24WaBl,黑色 品牌23 24 铅笔（水彩）,铅笔,品牌23,24,水彩,黑色,48*10*5,2400,AT01A,亚历克斯,出库,30047,拣货
AlSu17i7Si,银色 品牌11 17英寸 一体机（第7代处理器）,一体机,品牌11,17英寸,第7代处理器,银色,16*1*1,15,AJ03D,简,出库,30088,拣货
SPNa12SoWh,白色 品牌23 12 触控笔（可溶性）,触控笔,品牌23,12,可溶性,白色,48*10*5,1025,CF23G,迈克,出库,30023,拣货
LaSu1732Bl,黑色 品牌11 17英寸 笔记本电脑（32吉字节内存）,笔记本电脑,品牌11,17英寸,32吉字节内存,黑色,16*1*1,16,AX15E,艾米丽,出库,30028,拣货
CaTE12LoBe,米色 品牌04 1200 文件柜（储物锁柜）,文件柜,品牌04,1200,储物锁柜,米色,8*1*1,6,CM49C,亚历克斯,出库,30097,拣货
DrRG90LoBl,黑色 品牌03 900 抽屉柜（储物锁柜）,抽屉柜,品牌03,900,储物锁柜,黑色,8*1*1,8,CI91G,克里斯,出库,30096,拣货
GaOGMErBl,黑色 品牌07 中号 游戏椅（人体工学）,游戏椅,品牌07,中号,人体工学,黑色,16*1*1,16,AL84B,艾米丽,出库,30096,拣货
KeHc45ErNa,藏青色 品牌09 450 键盘（人体工学）,键盘,品牌09,450,人体工学,藏青色,16*10*1,160,AI60B,艾米丽,出库,30083,拣货
CaWE18LoGr,灰色 品牌02 1800 文件柜（储物锁柜）,文件柜,品牌02,1800,储物锁柜,灰色,8*1*1,6,BY15C,艾米丽,出库,30096,拣货
NoScA3doGr,灰色 品牌17 三号纸 笔记本（点阵）,笔记本,品牌17,三号纸,点阵,灰色,48*10*5,2400,BS02C,劳拉,出库,30022,拣货
TVGn32S4Wh,白色 品牌30 32英寸 电视机（超级超高清）,电视机,品牌30,32英寸,超级超高清,白色,8*1*1,8,CL84E,劳拉,出库,30030,拣货
TaAE15FrWh,白色 品牌05 1500 桌子（框架式）,桌子,品牌05,1500,框架式,白色,8*1*1,8,CX22E,艾米丽,出库,30053,拣货
MoSu27BlWh,白色 品牌11 270 鼠标（蓝牙）,鼠标,品牌11,270,蓝牙,白色,16*10*1,160,AH67B,莎拉,出库,30011,拣货
CaTE18LoBe,米色 品牌04 1800 文件柜（储物锁柜）,文件柜,品牌04,1800,储物锁柜,米色,8*1*1,8,AM21B,约翰,出库,30083,拣货
DrQE12SlGr,灰色 品牌01 1200 抽屉柜（滑动式）,抽屉柜,品牌01,1200,滑动式,灰色,8*1*1,8,AG80D,艾米丽,出库,30048,拣货
PeGi24HeGr,灰色 品牌21 24 铅笔（六角形）,铅笔,品牌21,24,六角形,灰色,48*10*5,1455,CU98C,莎拉,出库,30038,拣货
OfOGLLeWh,白色 品牌07 大号 办公椅（皮革）,办公椅,品牌07,大号,皮革,白色,16*1*1,16,DU85A,莎拉,出库,30011,拣货
AlRe15i5Bl,黑色 品牌14 15英寸 一体机（第5代处理器）,一体机,品牌14,15英寸,第5代处理器,黑色,16*1*1,16,CK30G,莎拉,出库,30072,拣货
OfOGLAdBl,黑色 品牌07 大号 办公椅（可调节）,办公椅,品牌07,大号,可调节,黑色,16*1*1,16,AY63E,约翰,出库,30092,拣货
DrWE18SlBe,米色 品牌02 1800 抽屉柜（滑动式）,抽屉柜,品牌02,1800,滑动式,米色,8*1*1,8,BW18D,莎拉,出库,30060,拣货
TVGn324KBl,黑色 品牌30 32英寸 电视机（超高清）,电视机,品牌30,32英寸,超高清,黑色,8*1*1,8,BH91C,克里斯,出库,30002,拣货
SPRe24SoBl,黑色 品牌22 24 触控笔（可溶性）,触控笔,品牌22,24,可溶性,黑色,48*10*5,2400,DZ65E,大卫,出库,30043,拣货
PeAl50HeBl,黑色 品牌20 50 铅笔（六角形）,铅笔,品牌20,50,六角形,黑色,48*10*5,2400,CY48C,迈克,出库,30099,拣货
NoExA3ruGr,灰色 品牌16 三号纸 笔记本（横线）,笔记本,品牌16,三号纸,横线,灰色,48*10*5,2400,BF32H,克里斯,出库,30030,拣货
TVYn32FHSi,银色 品牌15 32英寸 电视机（全高清）,电视机,品牌15,32英寸,全高清,银色,8*1*1,1,DW85D,莎拉,出库,30095,拣货
TaCI15WoGr,灰色 品牌27 1500 桌子（工作站）,桌子,品牌27,1500,工作站,灰色,8*1*1,4,DU23G,约翰,出库,30087,拣货
AlSu1716Wh,白色 品牌11 17英寸 一体机（16吉字节内存）,一体机,品牌11,17英寸,16吉字节内存,白色,16*1*1,16,AH38G,艾米,出库,30075,拣货
TVYn654KBl,黑色 品牌15 65英寸 电视机（超高清）,电视机,品牌15,65英寸,超高清,黑色,8*1*1,8,DM06E,艾米丽,出库,30000,拣货
TVEs65FHWh,白色 品牌32 65英寸 电视机（全高清）,电视机,品牌32,65英寸,全高清,白色,8*1*1,8,BT89H,简,出库,30062,拣货
AlOv15i5Si,银色 品牌13 15英寸 一体机（第5代处理器）,一体机,品牌13,15英寸,第5代处理器,银色,16*1*1,16,DM51D,迈克,出库,30067,拣货
CuQE90FiBl,黑色 品牌01 900 储物柜（文件收纳）,储物柜,品牌01,900,文件收纳,黑色,8*1*1,8,BZ79G,迈克,出库,30044,拣货
LaRe15i5Gr,灰色 品牌14 15英寸 笔记本电脑（第5代处理器）,笔记本电脑,品牌14,15英寸,第5代处理器,灰色,16*1*1,1,CU88G,艾米,出库,30038,拣货
LaRe1432Wh,白色 品牌14 14英寸 笔记本电脑（32吉字节内存）,笔记本电脑,品牌14,14英寸,32吉字节内存,白色,16*1*1,16,BV61F,莎拉,出库,30021,拣货
CaQE12LoWh,白色 品牌01 1200 文件柜（储物锁柜）,文件柜,品牌01,1200,储物锁柜,白色,8*1*1,8,CY29C,艾米丽,出库,30019,拣货
NoMuA3ruBl,黑色 品牌19 三号纸 笔记本（横线）,笔记本,品牌19,三号纸,横线,黑色,48*10*5,2010,CT31C,迈克,出库,30020,拣货
PrSoA3MoMi,混合色 品牌25 三号纸 打印机（黑白）,打印机,品牌25,三号纸,黑白,混合色,16*1*1,7,AX01A,亚历克斯,出库,30092,拣货
DrQE18SlBe,米色 品牌01 1800 抽屉柜（滑动式）,抽屉柜,品牌01,1800,滑动式,米色,8*1*1,8,CG29F,克里斯,出库,30093,拣货
TaTR15WoSi,银色 品牌28 1500 桌子（工作站）,桌子,品牌28,1500,工作站,银色,8*1*1,8,CZ26A,迈克,出库,30067,拣货
AlPH148GSi,银色 品牌12 14英寸 一体机（8吉字节内存）,一体机,品牌12,14英寸,8吉字节内存,银色,16*1*1,14,DU39G,简,出库,30070,拣货
AlYn1516Bl,黑色 品牌15 15英寸 一体机（16吉字节内存）,一体机,品牌15,15英寸,16吉字节内存,黑色,16*1*1,16,AL48G,艾米丽,出库,30034,拣货
KeRe27ErNa,藏青色 品牌10 270 键盘（人体工学）,键盘,品牌10,270,人体工学,藏青色,16*10*1,25,DS98C,迈克,出库,30018,拣货
TVEs654KSi,银色 品牌32 65英寸 电视机（超高清）,电视机,品牌32,65英寸,超高清,银色,8*1*1,8,AY58C,莎拉,出库,30086,拣货
OfXELLeGr,灰色 品牌06 大号 办公椅（皮革）,办公椅,品牌06,大号,皮革,灰色,16*1*1,16,DK91F,艾米丽,出库,30029,拣货
PrNoA4InGr,灰色 品牌26 四号纸 打印机（喷墨）,打印机,品牌26,四号纸,喷墨,灰色,16*1*1,16,DJ05F,亚历克斯,出库,30024,拣货
KePH35ErWh,白色 品牌12 350 键盘（人体工学）,键盘,品牌12,350,人体工学,白色,16*10*1,160,CS59F,劳拉,出库,30053,拣货
NoScA5doBl,黑色 品牌17 五号纸 笔记本（点阵）,笔记本,品牌17,五号纸,点阵,黑色,48*10*5,1620,DG07G,约翰,出库,30053,拣货
CuWE90SlGr,灰色 品牌02 900 储物柜（滑动式）,储物柜,品牌02,900,滑动式,灰色,8*1*1,1,DQ91B,约翰,出库,30003,拣货
CaWE18DoGr,灰色 品牌02 1800 文件柜（带门式）,文件柜,品牌02,1800,带门式,灰色,8*1*1,4,DH81F,大卫,出库,30057,拣货
CuTE18SlBl,黑色 品牌04 1800 储物柜（滑动式）,储物柜,品牌04,1800,滑动式,黑色,8*1*1,4,DM44C,约翰,出库,30073,拣货
MoSu27BlBl,黑色 品牌11 270 鼠标（蓝牙）,鼠标,品牌11,270,蓝牙,黑色,16*10*1,160,AU37F,艾米,出库,30004,拣货
CaTE12DoGr,灰色 品牌04 1200 文件柜（带门式）,文件柜,品牌04,1200,带门式,灰色,8*1*1,8,CX70F,艾米丽,出库,30038,拣货
KeRe35BlBl,黑色 品牌10 350 键盘（蓝牙）,键盘,品牌10,350,蓝牙,黑色,16*10*1,160,DP18A,简,出库,30096,拣货
TVGL32S4Si,银色 品牌31 32英寸 电视机（超级超高清）,电视机,品牌31,32英寸,超级超高清,银色,8*1*1,8,CT57G,亚历克斯,出库,30051,拣货
PrReA3AlBl,黑色 品牌24 三号纸 打印机（一体式）,打印机,品牌24,三号纸,一体式,黑色,16*1*1,16,AW10G,亚历克斯,出库,30079,拣货
AlOv158GSi,银色 品牌13 15英寸 一体机（8吉字节内存）,一体机,品牌13,15英寸,8吉字节内存,银色,16*1*1,16,BG19G,艾米,出库,30006,拣货
GaAEMLeGr,灰色 品牌05 中号 游戏椅（皮革）,游戏椅,品牌05,中号,皮革,灰色,16*1*1,16,BQ56B,约翰,出库,30088,拣货
CaRG12SlBe,米色 品牌03 1200 文件柜（滑动式）,文件柜,品牌03,1200,滑动式,米色,8*1*1,8,AP56D,艾米,出库,30038,拣货
CuTE12SlWh,白色 品牌04 1200 储物柜（滑动式）,储物柜,品牌04,1200,滑动式,白色,8*1*1,8,AJ15F,艾米丽,出库,30033,拣货
OfXESAdGr,灰色 品牌06 小号 办公椅（可调节）,办公椅,品牌06,小号,可调节,灰色,16*1*1,15,CG23E,约翰,出库,30024,拣货
OfSESErPi,粉色 品牌08 小号 办公椅（人体工学）,办公椅,品牌08,小号,人体工学,粉色,16*1*1,16,DR77E,大卫,出库,30047,拣货
LaSu178GSi,银色 品牌11 17英寸 笔记本电脑（8吉字节内存）,笔记本电脑,品牌11,17英寸,8吉字节内存,银色,16*1*1,3,CQ59B,莎拉,出库,30033,拣货
CuWE18DoGr,灰色 品牌02 1800 储物柜（带门式）,储物柜,品牌02,1800,带门式,灰色,8*1*1,8,DM70A,艾米丽,出库,30010,拣货
MoHc45ErPi,粉色 品牌09 450 鼠标（人体工学）,鼠标,品牌09,450,人体工学,粉色,16*10*1,160,AG18F,简,出库,30027,拣货
PrPHA2LaGr,灰色 品牌12 二号纸 打印机（激光）,打印机,品牌12,二号纸,激光,灰色,16*1*1,16,AP81D,迈克,出库,30013,拣货
LaPH1416Si,银色 品牌12 14英寸 笔记本电脑（16吉字节内存）,笔记本电脑,品牌12,14英寸,16吉字节内存,银色,16*1*1,16,AO10F,劳拉,出库,30085,拣货
LaPH15i5Wh,白色 品牌12 15英寸 笔记本电脑（第5代处理器）,笔记本电脑,品牌12,15英寸,第5代处理器,白色,16*1*1,3,AV47A,约翰,出库,30099,拣货
GaAEMAdGr,灰色 品牌05 中号 游戏椅（可调节）,游戏椅,品牌05,中号,可调节,灰色,16*1*1,16,AR92E,迈克,出库,30058,拣货
CaTE90SlGr,灰色 品牌04 900 文件柜（滑动式）,文件柜,品牌04,900,滑动式,灰色,8*1*1,2,AY11C,迈克,出库,30094,拣货
PrPHA4MoMi,混合色 品牌12 四号纸 打印机（黑白）,打印机,品牌12,四号纸,黑白,混合色,16*1*1,16,DO93F,劳拉,出库,30048,拣货
DrRG90SlBe,米色 品牌03 900 抽屉柜（滑动式）,抽屉柜,品牌03,900,滑动式,米色,8*1*1,2,AF54E,亚历克斯,出库,30055,拣货
GaSESErGr,灰色 品牌08 小号 游戏椅（人体工学）,游戏椅,品牌08,小号,人体工学,灰色,16*1*1,3,AY80H,约翰,出库,30033,拣货
CaWE18FiWh,白色 品牌02 1800 文件柜（文件收纳）,文件柜,品牌02,1800,文件收纳,白色,8*1*1,2,AL24A,简,出库,30092,拣货
CaTE12SlBl,黑色 品牌04 1200 文件柜（滑动式）,文件柜,品牌04,1200,滑动式,黑色,8*1*1,7,DW34D,简,出库,30032,拣货
MoSu45MePi,粉色 品牌11 450 鼠标（机械式）,鼠标,品牌11,450,机械式,粉色,16*10*1,12,DQ17C,克里斯,出库,30024,拣货
KePH35ErWh,白色 品牌12 350 键盘（人体工学）,键盘,品牌12,350,人体工学,白色,16*10*1,160,BZ80H,大卫,出库,30050,拣货
OfOGSHePi,粉色 品牌07 小号 办公椅（头枕）,办公椅,品牌07,小号,头枕,粉色,16*1*1,16,AM75E,亚历克斯,出库,30069,拣货
CaTE12SlWh,白色 品牌04 1200 文件柜（滑动式）,文件柜,品牌04,1200,滑动式,白色,8*1*1,2,CJ35C,艾米丽,出库,30088,拣货
AlYn148GGr,灰色 品牌15 14英寸 一体机（8吉字节内存）,一体机,品牌15,14英寸,8吉字节内存,灰色,16*1*1,12,BL16D,迈克,出库,30070,拣货
NoMuA3liBl,黑色 品牌19 三号纸 笔记本（线条）,笔记本,品牌19,三号纸,线条,黑色,48*10*5,2400,DX11E,劳拉,出库,30092,拣货
TaTR18FrSi,银色 品牌28 1800 桌子（框架式）,桌子,品牌28,1800,框架式,银色,8*1*1,1,DG40E,莎拉,出库,30028,拣货
NoExA3ruBl,黑色 品牌16 三号纸 笔记本（横线）,笔记本,品牌16,三号纸,横线,黑色,48*10*5,2400,BN30F,大卫,出库,30032,拣货
CaTE90FiGr,灰色 品牌04 900 文件柜（文件收纳）,文件柜,品牌04,900,文件收纳,灰色,8*1*1,8,CS76H,迈克,出库,30090,拣货
PrNoA4AlBl,黑色 品牌26 四号纸 打印机（一体式）,打印机,品牌26,四号纸,一体式,黑色,16*1*1,16,BV28D,莎拉,出库,30091,拣货
MoHc35MeNa,藏青色 品牌09 350 鼠标（机械式）,鼠标,品牌09,350,机械式,藏青色,16*10*1,14,DQ66E,亚历克斯,出库,30093,拣货
CuRG12FiGr,灰色 品牌03 1200 储物柜（文件收纳）,储物柜,品牌03,1200,文件收纳,灰色,8*1*1,6,BS72F,亚历克斯,出库,30020,拣货
KeSu35ErBl,黑色 品牌11 350 键盘（人体工学）,键盘,品牌11,350,人体工学,黑色,16*10*1,90,DP32G,简,出库,30091,拣货
NoGrA5doSi,银色 品牌18 五号纸 笔记本（点阵）,笔记本,品牌18,五号纸,点阵,银色,48*10*5,1995,BG68D,简,出库,30005,拣货
MoSu45ErNa,藏青色 品牌11 450 鼠标（人体工学）,鼠标,品牌11,450,人体工学,藏青色,16*10*1,160,BI38B,克里斯,出库,30052,拣货
MoRe35ErWh,白色 品牌10 350 鼠标（人体工学）,鼠标,品牌10,350,人体工学,白色,16*10*1,36,BV30C,艾米丽,出库,30066,拣货
AlRe1716Bl,黑色 品牌14 17英寸 一体机（16吉字节内存）,一体机,品牌14,17英寸,16吉字节内存,黑色,16*1*1,16,BL85D,莎拉,出库,30052,拣货
AlYn178GGr,灰色 品牌15 17英寸 一体机（8吉字节内存）,一体机,品牌15,17英寸,8吉字节内存,灰色,16*1*1,5,BH83A,克里斯,出库,30099,拣货
LaPH158GBl,黑色 品牌12 15英寸 笔记本电脑（8吉字节内存）,笔记本电脑,品牌12,15英寸,8吉字节内存,黑色,16*1*1,16,CV11A,约翰,出库,30076,拣货
SPGi12SoGr,灰色 品牌21 12 触控笔（可溶性）,触控笔,品牌21,12,可溶性,灰色,48*10*5,418,AM11E,简,出库,30081,拣货
KeHc45WiPi,粉色 品牌09 450 键盘（有线）,键盘,品牌09,450,有线,粉色,16*10*1,160,CG21A,亚历克斯,出库,30062,拣货
LaPH15i7Bl,黑色 品牌12 15英寸 笔记本电脑（第7代处理器）,笔记本电脑,品牌12,15英寸,第7代处理器,黑色,16*1*1,3,AG26D,大卫,出库,30029,拣货
PeRe50WaPi,粉色 品牌22 50 铅笔（水彩）,铅笔,品牌22,50,水彩,粉色,48*10*5,316,AK29G,劳拉,出库,30003,拣货
TVGL42SFBl,黑色 品牌31 42英寸 电视机（超级全高清）,电视机,品牌31,42英寸,超级全高清,黑色,8*1*1,8,AZ04B,莎拉,出库,30098,拣货
TVGn654KGr,灰色 品牌30 65英寸 电视机（超高清）,电视机,品牌30,65英寸,超高清,灰色,8*1*1,8,AG85E,艾米丽,出库,30046,拣货
OfXELAdWh,白色 品牌06 大号 办公椅（可调节）,办公椅,品牌06,大号,可调节,白色,16*1*1,16,BQ90D,莎拉,出库,30020,拣货
LaRe1416Gr,灰色 品牌14 14英寸 笔记本电脑（16吉字节内存）,笔记本电脑,品牌14,14英寸,16吉字节内存,灰色,16*1*1,15,BM40B,约翰,出库,30052,拣货
CuTE90DoBe,米色 品牌04 900 储物柜（带门式）,储物柜,品牌04,900,带门式,米色,8*1*1,5,BO25C,劳拉,出库,30082,拣货
PeAl50HeBl,黑色 品牌20 50 铅笔（六角形）,铅笔,品牌20,50,六角形,黑色,48*10*5,725,DO54D,约翰,出库,30010,拣货
CaRG18FiBe,米色 品牌03 1800 文件柜（文件收纳）,文件柜,品牌03,1800,文件收纳,米色,8*1*1,4,BN34D,克里斯,出库,30040,拣货
KeRe35BlWh,白色 品牌10 350 键盘（蓝牙）,键盘,品牌10,350,蓝牙,白色,16*10*1,129,BP34B,克里斯,出库,30054,拣货
CuQE90DoBe,米色 品牌01 900 储物柜（带门式）,储物柜,品牌01,900,带门式,米色,8*1*1,8,AG81G,莎拉,出库,30011,拣货
PrSoA4LaBl,黑色 品牌25 四号纸 打印机（激光）,打印机,品牌25,四号纸,激光,黑色,16*1*1,9,DH13F,亚历克斯,出库,30076,拣货
LaSu17i7Wh,白色 品牌11 17英寸 笔记本电脑（第7代处理器）,笔记本电脑,品牌11,17英寸,第7代处理器,白色,16*1*1,6,BJ25G,艾米丽,出库,30018,拣货
AlRe1716Bl,黑色 品牌14 17英寸 一体机（16吉字节内存）,一体机,品牌14,17英寸,16吉字节内存,黑色,16*1*1,16,CF55F,艾米,出库,30058,拣货
AlSu1516Si,银色 品牌11 15英寸 一体机（16吉字节内存）,一体机,品牌11,15英寸,16吉字节内存,银色,16*1*1,5,CT18C,艾米,出库,30039,拣货
MoRe27BlPi,粉色 品牌10 270 鼠标（蓝牙）,鼠标,品牌10,270,蓝牙,粉色,16*10*1,2,AX67A,艾米,出库,30026,拣货
SPRe24WaGr,灰色 品牌22 24 触控笔（水彩）,触控笔,品牌22,24,水彩,灰色,48*10*5,1957,DX78H,亚历克斯,出库,30024,拣货
GaSELErPi,粉色 品牌08 大号 游戏椅（人体工学）,游戏椅,品牌08,大号,人体工学,粉色,16*1*1,2,CF15G,劳拉,出库,30066,拣货
CuWE90SlBe,米色 品牌02 900 储物柜（滑动式）,储物柜,品牌02,900,滑动式,米色,8*1*1,8,AL38D,亚历克斯,出库,30087,拣货
LaPH158GWh,白色 品牌12 15英寸 笔记本电脑（8吉字节内存）,笔记本电脑,品牌12,15英寸,8吉字节内存,白色,16*1*1,16,AR97C,艾米,出库,30019,拣货
NoGrA4liWh,白色 品牌18 四号纸 笔记本（线条）,笔记本,品牌18,四号纸,线条,白色,48*10*5,1323,CH53D,亚历克斯,出库,30001,拣货
AlOv178GGr,灰色 品牌13 17英寸 一体机（8吉字节内存）,一体机,品牌13,17英寸,8吉字节内存,灰色,16*1*1,16,BU92A,亚历克斯,出库,30054,拣货
AlPH1432Wh,白色 品牌12 14英寸 一体机（32吉字节内存）,一体机,品牌12,14英寸,32吉字节内存,白色,16*1*1,1,BS42B,艾米,出库,30079,拣货
GaXEMErWh,白色 品牌06 中号 游戏椅（人体工学）,游戏椅,品牌06,中号,人体工学,白色,16*1*1,8,CI93B,劳拉,出库,30069,拣货
OfSEMAdBl,黑色 品牌08 中号 办公椅（可调节）,办公椅,品牌08,中号,可调节,黑色,16*1*1,16,CG66A,约翰,出库,30043,拣货
TVGL75SFSi,银色 品牌31 75英寸 电视机（超级全高清）,电视机,品牌31,75英寸,超级全高清,银色,8*1*1,8,CG25C,艾米丽,出库,30083,拣货
CuWE90FiGr,灰色 品牌02 900 储物柜（文件收纳）,储物柜,品牌02,900,文件收纳,灰色,8*1*1,8,BV71F,劳拉,出库,30003,拣货
DrWE90FiBe,米色 品牌02 900 抽屉柜（文件收纳）,抽屉柜,品牌02,900,文件收纳,米色,8*1*1,8,DY49A,劳拉,出库,30088,拣货
LaPH158GBl,黑色 品牌12 15英寸 笔记本电脑（8吉字节内存）,笔记本电脑,品牌12,15英寸,8吉字节内存,黑色,16*1*1,16,DH72A,亚历克斯,出库,30005,拣货
GaXEMLePi,粉色 品牌06 中号 游戏椅（皮革）,游戏椅,品牌06,中号,皮革,粉色,16*1*1,10,DQ23G,大卫,出库,30008,拣货
KeRe27MePi,粉色 品牌10 270 键盘（机械式）,键盘,品牌10,270,机械式,粉色,16*10*1,86,BK07G,克里斯,出库,30094,拣货
SPAl12HePi,粉色 品牌20 12 触控笔（六角形）,触控笔,品牌20,12,六角形,粉色,48*10*5,2400,AK96G,约翰,出库,30031,拣货
TaTR18AuSi,银色 品牌29 1800 桌子（自动调节）,桌子,品牌29,1800,自动调节,银色,8*1*1,8,BM13B,亚历克斯,出库,30003,拣货
TVGn754KGr,灰色 品牌30 75英寸 电视机（超高清）,电视机,品牌30,75英寸,超高清,灰色,8*1*1,8,AF23H,大卫,出库,30076,拣货
KeSu45ErPi,粉色 品牌11 450 键盘（人体工学）,键盘,品牌11,450,人体工学,粉色,16*10*1,160,DY88B,迈克,出库,30096,拣货
TVGL42S4Wh,白色 品牌31 42英寸 电视机（超级超高清）,电视机,品牌31,42英寸,超级超高清,白色,8*1*1,8,CM10B,艾米丽,出库,30003,拣货
MoSu27MeBl,黑色 品牌11 270 鼠标（机械式）,鼠标,品牌11,270,机械式,黑色,16*10*1,81,BR80E,简,出库,30085,拣货
GaOGLErPi,粉色 品牌07 大号 游戏椅（人体工学）,游戏椅,品牌07,大号,人体工学,粉色,16*1*1,16,DO95A,艾米丽,出库,30063,拣货
TVGL65SFGr,灰色 品牌31 65英寸 电视机（超级全高清）,电视机,品牌31,65英寸,超级全高清,灰色,8*1*1,8,CO75C,迈克,出库,30054,拣货
OfXELHeBl,黑色 品牌06 大号 办公椅（头枕）,办公椅,品牌06,大号,头枕,黑色,16*1*1,4,CV97B,简,出库,30070,拣货
CaWE90FiBl,黑色 品牌02 900 文件柜（文件收纳）,文件柜,品牌02,900,文件收纳,黑色,8*1*1,8,AL42A,艾米丽,出库,30002,拣货
KeHc27MeWh,白色 品牌09 270 键盘（机械式）,键盘,品牌09,270,机械式,白色,16*10*1,130,DP11D,约翰,出库,30074,拣货
LaSu1516Si,银色 品牌11 15英寸 笔记本电脑（16吉字节内存）,笔记本电脑,品牌11,15英寸,16吉字节内存,银色,16*1*1,16,AP57E,艾米,出库,30010,拣货
AlRe1416Wh,白色 品牌14 14英寸 一体机（16吉字节内存）,一体机,品牌14,14英寸,16吉字节内存,白色,16*1*1,15,DS16H,大卫,出库,30061,拣货
DrWE12LoBe,米色 品牌02 1200 抽屉柜（储物锁柜）,抽屉柜,品牌02,1200,储物锁柜,米色,8*1*1,8,BU92C,劳拉,出库,30042,拣货
PeGi50WaBl,黑色 品牌21 50 铅笔（水彩）,铅笔,品牌21,50,水彩,黑色,48*10*5,2400,DX56A,简,出库,30094,拣货
TVYn42FHGr,灰色 品牌15 42英寸 电视机（全高清）,电视机,品牌15,42英寸,全高清,灰色,8*1*1,7,DO70H,艾米丽,出库,30054,拣货
LaSu1532Wh,白色 品牌11 15英寸 笔记本电脑（32吉字节内存）,笔记本电脑,品牌11,15英寸,32吉字节内存,白色,16*1*1,15,BT38C,克里斯,出库,30087,拣货
NoGrA3doSi,银色 品牌18 三号纸 笔记本（点阵）,笔记本,品牌18,三号纸,点阵,银色,48*10*5,2400,CI42E,劳拉,出库,30011,拣货
DrTE18FiWh,白色 品牌04 1800 抽屉柜（文件收纳）,抽屉柜,品牌04,1800,文件收纳,白色,8*1*1,8,CH05G,简,出库,30039,拣货
CaRG12LoWh,白色 品牌03 1200 文件柜（储物锁柜）,文件柜,品牌03,1200,储物锁柜,白色,8*1*1,8,AR53D,克里斯,出库,30085,拣货
TVEs754KSi,银色 品牌32 75英寸 电视机（超高清）,电视机,品牌32,75英寸,超高清,银色,8*1*1,3,CR43C,大卫,出库,30096,拣货
CaTE90FiBe,米色 品牌04 900 文件柜（文件收纳）,文件柜,品牌04,900,文件收纳,米色,8*1*1,1,CX04C,艾米,出库,30053,拣货
TaCI18AuGr,灰色 品牌27 1800 桌子（自动调节）,桌子,品牌27,1800,自动调节,灰色,8*1*1,4,BO48G,大卫,出库,30091,拣货
DrQE90LoGr,灰色 品牌01 900 抽屉柜（储物锁柜）,抽屉柜,品牌01,900,储物锁柜,灰色,8*1*1,1,DX80F,亚历克斯,出库,30042,拣货
TVGL424KBl,黑色 品牌31 42英寸 电视机（超高清）,电视机,品牌31,42英寸,超高清,黑色,8*1*1,8,DP15H,莎拉,出库,30079,拣货
TaTR18AdWh,白色 品牌29 1800 桌子（可调节）,桌子,品牌29,1800,可调节,白色,8*1*1,8,AK54E,克里斯,出库,30078,拣货
TVEs324KWh,白色 品牌32 32英寸 电视机（超高清）,电视机,品牌32,32英寸,超高清,白色,8*1*1,1,DM77B,迈克,出库,30065,拣货
NoScA4doSi,银色 品牌17 四号纸 笔记本（点阵）,笔记本,品牌17,四号纸,点阵,银色,48*10*5,2400,CM06G,劳拉,出库,30068,拣货
SPAl50WaWh,白色 品牌20 50 触控笔（水彩）,触控笔,品牌20,50,水彩,白色,48*10*5,2400,AX68G,艾米丽,出库,30000,拣货
SPRe50HeBl,黑色 品牌22 50 触控笔（六角形）,触控笔,品牌22,50,六角形,黑色,48*10*5,1383,DQ65D,克里斯,出库,30070,拣货
TaTR10AdSi,银色 品牌28 1000 桌子（可调节）,桌子,品牌28,1000,可调节,银色,8*1*1,8,BU33D,艾米,出库,30044,拣货
LaOv14i7Si,银色 品牌13 14英寸 笔记本电脑（第7代处理器）,笔记本电脑,品牌13,14英寸,第7代处理器,银色,16*1*1,16,AF03E,亚历克斯,出库,30046,拣货
TaTR10AuWh,白色 品牌29 1000 桌子（自动调节）,桌子,品牌29,1000,自动调节,白色,8*1*1,4,CS52A,简,出库,30062,拣货
DrQE18LoBe,米色 品牌01 1800 抽屉柜（储物锁柜）,抽屉柜,品牌01,1800,储物锁柜,米色,8*1*1,2,DQ97B,克里斯,出库,30031,拣货
KeRe35ErNa,藏青色 品牌10 350 键盘（人体工学）,键盘,品牌10,350,人体工学,藏青色,16*10*1,160,DM92B,约翰,出库,30026,拣货
CuTE18SlBe,米色 品牌04 1800 储物柜（滑动式）,储物柜,品牌04,1800,滑动式,米色,8*1*1,6,AG56B,迈克,出库,30016,拣货
TVGL75S4Bl,黑色 品牌31 75英寸 电视机（超级超高清）,电视机,品牌31,75英寸,超级超高清,黑色,8*1*1,8,DL64F,大卫,出库,30028,拣货
MoSu27WiPi,粉色 品牌11 270 鼠标（有线）,鼠标,品牌11,270,有线,粉色,16*10*1,2,CY07G,艾米丽,出库,30067,拣货
CaRG90FiBl,黑色 品牌03 900 文件柜（文件收纳）,文件柜,品牌03,900,文件收纳,黑色,8*1*1,8,BW81E,迈克,出库,30039,拣货
LaPH14i5Gr,灰色 品牌12 14英寸 笔记本电脑（第5代处理器）,笔记本电脑,品牌12,14英寸,第5代处理器,灰色,16*1*1,9,AR63A,大卫,出库,30002,拣货
MoRe35WiPi,粉色 品牌10 350 鼠标（有线）,鼠标,品牌10,350,有线,粉色,16*10*1,160,AO84B,艾米丽,出库,30048,拣货
GaAESAdWh,白色 品牌05 小号 游戏椅（可调节）,游戏椅,品牌05,小号,可调节,白色,16*1*1,16,AU17H,迈克,出库,30097,拣货
LaRe1416Bl,黑色 品牌14 14英寸 笔记本电脑（16吉字节内存）,笔记本电脑,品牌14,14英寸,16吉字节内存,黑色,16*1*1,16,AW75B,大卫,出库,30001,拣货
KeRe45BlPi,粉色 品牌10 450 键盘（蓝牙）,键盘,品牌10,450,蓝牙,粉色,16*10*1,160,CX50B,克里斯,出库,30089,拣货
KeHc45MeNa,藏青色 品牌09 450 键盘（机械式）,键盘,品牌09,450,机械式,藏青色,16*10*1,160,BK30E,亚历克斯,出库,30054,拣货
MoRe35BlWh,白色 品牌10 350 鼠标（蓝牙）,鼠标,品牌10,350,蓝牙,白色,16*10*1,160,BX18G,艾米丽,出库,30088,拣货
OfSESAdPi,粉色 品牌08 小号 办公椅（可调节）,办公椅,品牌08,小号,可调节,粉色,16*1*1,16,CF75C,约翰,出库,30074,拣货
LaOv1732Bl,黑色 品牌13 17英寸 笔记本电脑（32吉字节内存）,笔记本电脑,品牌13,17英寸,32吉字节内存,黑色,16*1*1,16,DZ69E,艾米丽,出库,30042,拣货
PeRe12HeGr,灰色 品牌22 12 铅笔（六角形）,铅笔,品牌22,12,六角形,灰色,48*10*5,1113,AK84F,克里斯,出库,30020,拣货
LaYn1532Gr,灰色 品牌15 15英寸 笔记本电脑（32吉字节内存）,笔记本电脑,品牌15,15英寸,32吉字节内存,灰色,16*1*1,16,AP53E,劳拉,出库,30006,拣货
AlRe14i5Gr,灰色 品牌14 14英寸 一体机（第5代处理器）,一体机,品牌14,14英寸,第5代处理器,灰色,16*1*1,16,DS01A,克里斯,出库,30001,拣货
LaRe1432Gr,灰色 品牌14 14英寸 笔记本电脑（32吉字节内存）,笔记本电脑,品牌14,14英寸,32吉字节内存,灰色,16*1*1,16,AT39H,劳拉,出库,30091,拣货
TVGn32S4Si,银色 品牌30 32英寸 电视机（超级超高清）,电视机,品牌30,32英寸,超级超高清,银色,8*1*1,8,BN04H,艾米丽,出库,30001,拣货
CaRG12LoWh,白色 品牌03 1200 文件柜（储物锁柜）,文件柜,品牌03,1200,储物锁柜,白色,8*1*1,6,DH49A,大卫,出库,30008,拣货
LaSu1432Gr,灰色 品牌11 14英寸 笔记本电脑（32吉字节内存）,笔记本电脑,品牌11,14英寸,32吉字节内存,灰色,16*1*1,16,AN13H,劳拉,出库,30091,拣货
LaRe14i7Gr,灰色 品牌14 14英寸 笔记本电脑（第7代处理器）,笔记本电脑,品牌14,14英寸,第7代处理器,灰色,16*1*1,5,DO62G,约翰,出库,30031,拣货
MoSu35WiWh,白色 品牌11 350 鼠标（有线）,鼠标,品牌11,350,有线,白色,16*10*1,160,AF24E,迈克,出库,30086,拣货
TaTR18FrGr,灰色 品牌29 1800 桌子（框架式）,桌子,品牌29,1800,框架式,灰色,8*1*1,8,BS90A,约翰,出库,30015,拣货
PrSoA4WiWh,白色 品牌25 四号纸 打印机（无线网络）,打印机,品牌25,四号纸,无线网络,白色,16*1*1,16,AM02E,大卫,出库,30006,拣货
SPGi24WaPi,粉色 品牌21 24 触控笔（水彩）,触控笔,品牌21,24,水彩,粉色,48*10*5,2332,DO73G,艾米丽,出库,30068,拣货
SPRe24HeWh,白色 品牌22 24 触控笔（六角形）,触控笔,品牌22,24,六角形,白色,48*10*5,2400,DK42B,大卫,出库,30079,拣货
NoGrA3doSi,银色 品牌18 三号纸 笔记本（点阵）,笔记本,品牌18,三号纸,点阵,银色,48*10*5,2400,AV77G,大卫,出库,30098,拣货
PrSoA2LaMi,混合色 品牌25 二号纸 打印机（激光）,打印机,品牌25,二号纸,激光,混合色,16*1*1,16,AJ05A,莎拉,出库,30042,拣货
CuRG18FiWh,白色 品牌03 1800 储物柜（文件收纳）,储物柜,品牌03,1800,文件收纳,白色,8*1*1,2,AK38F,艾米,出库,30086,拣货
CaWE90SlBl,黑色 品牌02 900 文件柜（滑动式）,文件柜,品牌02,900,滑动式,黑色,8*1*1,8,BW82F,艾米,出库,30086,拣货
CaQE12LoBe,米色 品牌01 1200 文件柜（储物锁柜）,文件柜,品牌01,1200,储物锁柜,米色,8*1*1,8,AK43E,简,出库,30063,拣货
TaCI15FrWh,白色 品牌27 1500 桌子（框架式）,桌子,品牌27,1500,框架式,白色,8*1*1,1,BO52H,简,出库,30029,拣货
SPNa24WaGr,灰色 品牌23 24 触控笔（水彩）,触控笔,品牌23,24,水彩,灰色,48*10*5,2400,BV84G,劳拉,出库,30086,拣货
LaSu1416Bl,黑色 品牌11 14英寸 笔记本电脑（16吉字节内存）,笔记本电脑,品牌11,14英寸,16吉字节内存,黑色,16*1*1,16,AF67H,莎拉,出库,30093,拣货
KeRe27BlBl,黑色 品牌10 270 键盘（蓝牙）,键盘,品牌10,270,蓝牙,黑色,16*10*1,15,BM14A,艾米,出库,30022,拣货
AlSu158GGr,灰色 品牌11 15英寸 一体机（8吉字节内存）,一体机,品牌11,15英寸,8吉字节内存,灰色,16*1*1,3,DJ54F,莎拉,出库,30080,拣货
LaSu15i5Si,银色 品牌11 15英寸 笔记本电脑（第5代处理器）,笔记本电脑,品牌11,15英寸,第5代处理器,银色,16*1*1,16,CX46A,亚历克斯,出库,30066,拣货
MoSu27WiPi,粉色 品牌11 270 鼠标（有线）,鼠标,品牌11,270,有线,粉色,16*10*1,160,DX45D,艾米丽,出库,30062,拣货
TVEs75FHGr,灰色 品牌32 75英寸 电视机（全高清）,电视机,品牌32,75英寸,全高清,灰色,8*1*1,8,DF36H,亚历克斯,出库,30012,拣货
MoHc45ErPi,粉色 品牌09 450 鼠标（人体工学）,鼠标,品牌09,450,人体工学,粉色,16*10*1,160,CK92E,迈克,出库,30002,拣货
AlPH1516Bl,黑色 品牌12 15英寸 一体机（16吉字节内存）,一体机,品牌12,15英寸,16吉字节内存,黑色,16*1*1,4,AT70F,克里斯,出库,30087,拣货
PeAl12WaPi,粉色 品牌20 12 铅笔（水彩）,铅笔,品牌20,12,水彩,粉色,48*10*5,607,DV76H,劳拉,出库,30095,拣货
PeNa12WaBl,黑色 品牌23 12 铅笔（水彩）,铅笔,品牌23,12,水彩,黑色,48*10*5,2400,DV58C,劳拉,出库,30066,拣货
DrQE18LoBe,米色 品牌01 1800 抽屉柜（储物锁柜）,抽屉柜,品牌01,1800,储物锁柜,米色,8*1*1,8,BH84C,大卫,出库,30022,拣货
MoHc27MeBl,黑色 品牌09 270 鼠标（机械式）,鼠标,品牌09,270,机械式,黑色,16*10*1,4,BS31D,约翰,出库,30032,拣货
GaSEMHeWh,白色 品牌08 中号 游戏椅（头枕）,游戏椅,品牌08,中号,头枕,白色,16*1*1,4,CK75E,克里斯,出库,30023,拣货
KePH27WiPi,粉色 品牌12 270 键盘（有线）,键盘,品牌12,270,有线,粉色,16*10*1,160,CN50B,劳拉,出库,30011,拣货
DrRG18SlGr,灰色 品牌03 1800 抽屉柜（滑动式）,抽屉柜,品牌03,1800,滑动式,灰色,8*1*1,8,DU18G,约翰,出库,30039,拣货
PeRe12SoPi,粉色 品牌22 12 铅笔（可溶性）,铅笔,品牌22,12,可溶性,粉色,48*10*5,2400,CZ29C,克里斯,出库,30086,拣货
PeGi50HePi,粉色 品牌21 50 铅笔（六角形）,铅笔,品牌21,50,六角形,粉色,48*10*5,2184,CF34D,克里斯,出库,30015,拣货
KeSu35MePi,粉色 品牌11 350 键盘（机械式）,键盘,品牌11,350,机械式,粉色,16*10*1,160,CP22A,艾米丽,出库,30061,拣货
GaOGSAdPi,粉色 品牌07 小号 游戏椅（可调节）,游戏椅,品牌07,小号,可调节,粉色,16*1*1,16,AI96C,莎拉,出库,30019,拣货
KeRe27MePi,粉色 品牌10 270 键盘（机械式）,键盘,品牌10,270,机械式,粉色,16*10*1,160,CP79H,莎拉,出库,30087,拣货
KeHc27BlBl,黑色 品牌09 270 键盘（蓝牙）,键盘,品牌09,270,蓝牙,黑色,16*10*1,160,BU07C,大卫,出库,30085,拣货
MoPH45ErPi,粉色 品牌12 450 鼠标（人体工学）,鼠标,品牌12,450,人体工学,粉色,16*10*1,160,BZ46H,约翰,出库,30004,拣货
LaYn1716Gr,灰色 品牌15 17英寸 笔记本电脑（16吉字节内存）,笔记本电脑,品牌15,17英寸,16吉字节内存,灰色,16*1*1,16,CI69D,艾米丽,出库,30042,拣货
LaYn14i5Bl,黑色 品牌15 14英寸 笔记本电脑（第5代处理器）,笔记本电脑,品牌15,14英寸,第5代处理器,黑色,16*1*1,14,BZ62D,莎拉,出库,30031,拣货
PrReA2InGr,灰色 品牌24 二号纸 打印机（喷墨）,打印机,品牌24,二号纸,喷墨,灰色,16*1*1,16,BH43E,艾米,出库,30099,拣货
TaAE15WoBl,黑色 品牌05 1500 桌子（工作站）,桌子,品牌05,1500,工作站,黑色,8*1*1,8,DX03G,约翰,出库,30085,拣货
DrRG12FiBl,黑色 品牌03 1200 抽屉柜（文件收纳）,抽屉柜,品牌03,1200,文件收纳,黑色,8*1*1,8,DW64F,亚历克斯,出库,30028,拣货
CuTE18FiWh,白色 品牌04 1800 储物柜（文件收纳）,储物柜,品牌04,1800,文件收纳,白色,8*1*1,7,DO64C,约翰,出库,30092,拣货
CuWE18FiGr,灰色 品牌02 1800 储物柜（文件收纳）,储物柜,品牌02,1800,文件收纳,灰色,8*1*1,3,DL64B,亚历克斯,出库,30041,拣货
KeHc35ErBl,黑色 品牌09 350 键盘（人体工学）,键盘,品牌09,350,人体工学,黑色,16*10*1,47,DP48C,艾米丽,出库,30045,拣货
TaAE15AdBl,黑色 品牌05 1500 桌子（可调节）,桌子,品牌05,1500,可调节,黑色,8*1*1,3,BX10E,艾米丽,出库,30030,拣货
GaXESLeBl,黑色 品牌06 小号 游戏椅（皮革）,游戏椅,品牌06,小号,皮革,黑色,16*1*1,16,DN74D,劳拉,出库,30070,拣货
LaSu17i5Gr,灰色 品牌11 17英寸 笔记本电脑（第5代处理器）,笔记本电脑,品牌11,17英寸,第5代处理器,灰色,16*1*1,4,BW41A,简,出库,30033,拣货
LaOv1732Si,银色 品牌13 17英寸 笔记本电脑（32吉字节内存）,笔记本电脑,品牌13,17英寸,32吉字节内存,银色,16*1*1,16,DZ41G,莎拉,出库,30047,拣货
CaWE18SlBe,米色 品牌02 1800 文件柜（滑动式）,文件柜,品牌02,1800,滑动式,米色,8*1*1,8,AN58A,迈克,出库,30028,拣货
LaOv1516Gr,灰色 品牌13 15英寸 笔记本电脑（16吉字节内存）,笔记本电脑,品牌13,15英寸,16吉字节内存,灰色,16*1*1,9,BR14H,艾米丽,出库,30064,拣货
SPAl50HeGr,灰色 品牌20 50 触控笔（六角形）,触控笔,品牌20,50,六角形,灰色,48*10*5,547,AN12C,艾米丽,出库,30083,拣货
GaSEMHeGr,灰色 品牌08 中号 游戏椅（头枕）,游戏椅,品牌08,中号,头枕,灰色,16*1*1,16,BO26C,大卫,出库,30078,拣货
TVYn32SFWh,白色 品牌15 32英寸 电视机（超级全高清）,电视机,品牌15,32英寸,超级全高清,白色,8*1*1,8,AO41E,莎拉,出库,30030,拣货
OfAEMAdWh,白色 品牌05 中号 办公椅（可调节）,办公椅,品牌05,中号,可调节,白色,16*1*1,16,CX95A,约翰,出库,30056,拣货
TVYn32SFBl,黑色 品牌15 32英寸 电视机（超级全高清）,电视机,品牌15,32英寸,超级全高清,黑色,8*1*1,8,AZ85B,大卫,出库,30051,拣货
DrWE12DoWh,白色 品牌02 1200 抽屉柜（带门式）,抽屉柜,品牌02,1200,带门式,白色,8*1*1,2,BX93H,莎拉,出库,30056,拣货
AlYn1516Wh,白色 品牌15 15英寸 一体机（16吉字节内存）,一体机,品牌15,15英寸,16吉字节内存,白色,16*1*1,3,CK08D,艾米丽,出库,30067,拣货
AlPH14i5Gr,灰色 品牌12 14英寸 一体机（第5代处理器）,一体机,品牌12,14英寸,第5代处理器,灰色,16*1*1,16,AV46A,亚历克斯,出库,30019,拣货
MoRe27ErBl,黑色 品牌10 270 鼠标（人体工学）,鼠标,品牌10,270,人体工学,黑色,16*10*1,160,DG27C,劳拉,出库,30093,拣货
DrTE12LoWh,白色 品牌04 1200 抽屉柜（储物锁柜）,抽屉柜,品牌04,1200,储物锁柜,白色,8*1*1,3,BR21E,劳拉,出库,30052,拣货
CuRG12FiWh,白色 品牌03 1200 储物柜（文件收纳）,储物柜,品牌03,1200,文件收纳,白色,8*1*1,8,AT71E,劳拉,出库,30008,拣货
LaSu148GSi,银色 品牌11 14英寸 笔记本电脑（8吉字节内存）,笔记本电脑,品牌11,14英寸,8吉字节内存,银色,16*1*1,6,DI69B,莎拉,出库,30073,拣货
OfOGSLeBl,黑色 品牌07 小号 办公椅（皮革）,办公椅,品牌07,小号,皮革,黑色,16*1*1,3,AR44H,迈克,出库,30034,拣货
TaCI10WoSi,银色 品牌27 1000 桌子（工作站）,桌子,品牌27,1000,工作站,银色,8*1*1,5,CK29F,简,出库,30044,拣货
LaOv148GWh,白色 品牌13 14英寸 笔记本电脑（8吉字节内存）,笔记本电脑,品牌13,14英寸,8吉字节内存,白色,16*1*1,15,AS39G,约翰,出库,30024,拣货
AlOv1516Gr,灰色 品牌13 15英寸 一体机（16吉字节内存）,一体机,品牌13,15英寸,16吉字节内存,灰色,16*1*1,10,AS79D,莎拉,出库,30056,拣货
PrSoA3MoBl,黑色 品牌25 三号纸 打印机（黑白）,打印机,品牌25,三号纸,黑白,黑色,16*1*1,11,DP11H,大卫,出库,30005,拣货
MoPH45ErPi,粉色 品牌12 450 鼠标（人体工学）,鼠标,品牌12,450,人体工学,粉色,16*10*1,51,DR75F,艾米,出库,30016,拣货
NoScA3liGr,灰色 品牌17 三号纸 笔记本（线条）,笔记本,品牌17,三号纸,线条,灰色,48*10*5,2400,AG91E,大卫,出库,30099,拣货
OfAELAdWh,白色 品牌05 大号 办公椅（可调节）,办公椅,品牌05,大号,可调节,白色,16*1*1,8,AQ23E,迈克,出库,30076,拣货
TaTR10FrBl,黑色 品牌28 1000 桌子（框架式）,桌子,品牌28,1000,框架式,黑色,8*1*1,8,AW59H,莎拉,出库,30011,拣货
OfXELLeBl,黑色 品牌06 大号 办公椅（皮革）,办公椅,品牌06,大号,皮革,黑色,16*1*1,16,CZ37A,约翰,出库,30006,拣货
AlSu14i7Bl,黑色 品牌11 14英寸 一体机（第7代处理器）,一体机,品牌11,14英寸,第7代处理器,黑色,16*1*1,8,AX07C,简,出库,30022,拣货
CuTE90DoBl,黑色 品牌04 900 储物柜（带门式）,储物柜,品牌04,900,带门式,黑色,8*1*1,8,DS03G,劳拉,出库,30003,拣货
OfSEMAdWh,白色 品牌08 中号 办公椅（可调节）,办公椅,品牌08,中号,可调节,白色,16*1*1,13,CR25F,迈克,出库,30061,拣货
DrRG18LoBl,黑色 品牌03 1800 抽屉柜（储物锁柜）,抽屉柜,品牌03,1800,储物锁柜,黑色,8*1*1,7,CP49B,艾米丽,出库,30033,拣货
TVGL654KWh,白色 品牌31 65英寸 电视机（超高清）,电视机,品牌31,65英寸,超高清,白色,8*1*1,2,AF36G,大卫,出库,30072,拣货
GaAEMErGr,灰色 品牌05 中号 游戏椅（人体工学）,游戏椅,品牌05,中号,人体工学,灰色,16*1*1,16,AL40G,迈克,出库,30041,拣货
LaSu1516Bl,黑色 品牌11 15英寸 笔记本电脑（16吉字节内存）,笔记本电脑,品牌11,15英寸,16吉字节内存,黑色,16*1*1,10,DL16G,艾米,出库,30084,拣货
OfOGLAdGr,灰色 品牌07 大号 办公椅（可调节）,办公椅,品牌07,大号,可调节,灰色,16*1*1,16,BP19G,大卫,出库,30051,拣货
NoMuA3ruWh,白色 品牌19 三号纸 笔记本（横线）,笔记本,品牌19,三号纸,横线,白色,48*10*5,2400,CR64G,简,出库,30053,拣货
TVYn32FHSi,银色 品牌15 32英寸 电视机（全高清）,电视机,品牌15,32英寸,全高清,银色,8*1*1,8,BM42B,艾米,出库,30028,拣货
TVYn754KWh,白色 品牌15 75英寸 电视机（超高清）,电视机,品牌15,75英寸,超高清,白色,8*1*1,8,BG63C,艾米丽,出库,30003,拣货
PrNoA2InMi,混合色 品牌26 二号纸 打印机（喷墨）,打印机,品牌26,二号纸,喷墨,混合色,16*1*1,16,DN81H,迈克,出库,30077,拣货
GaOGSLeGr,灰色 品牌07 小号 游戏椅（皮革）,游戏椅,品牌07,小号,皮革,灰色,16*1*1,16,AS21A,艾米,出库,30003,拣货
TVGn32S4Bl,黑色 品牌30 32英寸 电视机（超级超高清）,电视机,品牌30,32英寸,超级超高清,黑色,8*1*1,8,CO26B,劳拉,出库,30027,拣货
AlSu15i7Si,银色 品牌11 15英寸 一体机（第7代处理器）,一体机,品牌11,15英寸,第7代处理器,银色,16*1*1,3,AI80D,简,出库,30008,拣货
OfSEMAdWh,白色 品牌08 中号 办公椅（可调节）,办公椅,品牌08,中号,可调节,白色,16*1*1,16,DW44F,克里斯,出库,30069,拣货
LaOv14i7Wh,白色 品牌13 14英寸 笔记本电脑（第7代处理器）,笔记本电脑,品牌13,14英寸,第7代处理器,白色,16*1*1,16,BO51C,艾米,出库,30077,拣货
MoRe27BlNa,藏青色 品牌10 270 鼠标（蓝牙）,鼠标,品牌10,270,蓝牙,藏青色,16*10*1,160,DP18E,约翰,出库,30056,拣货
AlOv1732Gr,灰色 品牌13 17英寸 一体机（32吉字节内存）,一体机,品牌13,17英寸,32吉字节内存,灰色,16*1*1,16,BU68E,艾米,出库,30061,拣货
AlYn17i5Si,银色 品牌15 17英寸 一体机（第5代处理器）,一体机,品牌15,17英寸,第5代处理器,银色,16*1*1,16,CX91D,简,出库,30067,拣货
LaSu17i7Bl,黑色 品牌11 17英寸 笔记本电脑（第7代处理器）,笔记本电脑,品牌11,17英寸,第7代处理器,黑色,16*1*1,16,DR32H,亚历克斯,出库,30004,拣货
LaSu1416Bl,黑色 品牌11 14英寸 笔记本电脑（16吉字节内存）,笔记本电脑,品牌11,14英寸,16吉字节内存,黑色,16*1*1,16,BF23B,克里斯,出库,30055,拣货
MoHc45ErPi,粉色 品牌09 450 鼠标（人体工学）,鼠标,品牌09,450,人体工学,粉色,16*10*1,56,DU98D,约翰,出库,30017,拣货
AlOv158GSi,银色 品牌13 15英寸 一体机（8吉字节内存）,一体机,品牌13,15英寸,8吉字节内存,银色,16*1*1,16,CP64A,简,出库,30010,拣货
TaTR10AdSi,银色 品牌28 1000 桌子（可调节）,桌子,品牌28,1000,可调节,银色,8*1*1,4,BW06D,亚历克斯,出库,30087,拣货
LaPH15i5Si,银色 品牌12 15英寸 笔记本电脑（第5代处理器）,笔记本电脑,品牌12,15英寸,第5代处理器,银色,16*1*1,16,BU66E,迈克,出库,30015,拣货
CuQE12SlGr,灰色 品牌01 1200 储物柜（滑动式）,储物柜,品牌01,1200,滑动式,灰色,8*1*1,3,DF76C,简,出库,30062,拣货
TaTR10AuBl,黑色 品牌28 1000 桌子（自动调节）,桌子,品牌28,1000,自动调节,黑色,8*1*1,8,DX89F,莎拉,出库,30069,拣货
TaTR10AdWh,白色 品牌28 1000 桌子（可调节）,桌子,品牌28,1000,可调节,白色,8*1*1,4,BF29G,大卫,出库,30092,拣货
DrWE12SlWh,白色 品牌02 1200 抽屉柜（滑动式）,抽屉柜,品牌02,1200,滑动式,白色,8*1*1,8,CT33B,迈克,出库,30050,拣货
TaCI10FrSi,银色 品牌27 1000 桌子（框架式）,桌子,品牌27,1000,框架式,银色,8*1*1,7,DH40F,艾米丽,出库,30070,拣货
KeSu45WiWh,白色 品牌11 450 键盘（有线）,键盘,品牌11,450,有线,白色,16*10*1,160,DJ69C,亚历克斯,出库,30014,拣货
DrQE18FiBl,黑色 品牌01 1800 抽屉柜（文件收纳）,抽屉柜,品牌01,1800,文件收纳,黑色,8*1*1,7,BR93H,简,出库,30016,拣货
GaSESLeBl,黑色 品牌08 小号 游戏椅（皮革）,游戏椅,品牌08,小号,皮革,黑色,16*1*1,16,BS26G,艾米丽,出库,30098,拣货
KeHc45ErPi,粉色 品牌09 450 键盘（人体工学）,键盘,品牌09,450,人体工学,粉色,16*10*1,129,CX85B,迈克,出库,30038,拣货
DrWE90LoWh,白色 品牌02 900 抽屉柜（储物锁柜）,抽屉柜,品牌02,900,储物锁柜,白色,8*1*1,3,CR30C,莎拉,出库,30049,拣货
AlPH158GWh,白色 品牌12 15英寸 一体机（8吉字节内存）,一体机,品牌12,15英寸,8吉字节内存,白色,16*1*1,16,AZ87A,亚历克斯,出库,30062,拣货
AlSu1432Wh,白色 品牌11 14英寸 一体机（32吉字节内存）,一体机,品牌11,14英寸,32吉字节内存,白色,16*1*1,16,DM24E,大卫,出库,30065,拣货
KePH27BlPi,粉色 品牌12 270 键盘（蓝牙）,键盘,品牌12,270,蓝牙,粉色,16*10*1,73,CQ24H,约翰,出库,30089,拣货
PrPHA4WiWh,白色 品牌12 四号纸 打印机（无线网络）,打印机,品牌12,四号纸,无线网络,白色,16*1*1,16,AR26A,艾米,出库,30047,拣货
LaRe15i5Wh,白色 品牌14 15英寸 笔记本电脑（第5代处理器）,笔记本电脑,品牌14,15英寸,第5代处理器,白色,16*1*1,16,CP01H,艾米,出库,30096,拣货
OfAEMHeWh,白色 品牌05 中号 办公椅（头枕）,办公椅,品牌05,中号,头枕,白色,16*1*1,3,BL95B,艾米丽,出库,30031,拣货
GaAESAdWh,白色 品牌05 小号 游戏椅（可调节）,游戏椅,品牌05,小号,可调节,白色,16*1*1,8,CX85A,艾米,出库,30005,拣货
DrTE18DoBe,米色 品牌04 1800 抽屉柜（带门式）,抽屉柜,品牌04,1800,带门式,米色,8*1*1,8,AT46A,克里斯,出库,30040,拣货
CuQE18FiBe,米色 品牌01 1800 储物柜（文件收纳）,储物柜,品牌01,1800,文件收纳,米色,8*1*1,8,CT96B,莎拉,出库,30098,拣货
PrNoA3WiWh,白色 品牌26 三号纸 打印机（无线网络）,打印机,品牌26,三号纸,无线网络,白色,16*1*1,16,CT56H,艾米,出库,30020,拣货
LaOv14i7Bl,黑色 品牌13 14英寸 笔记本电脑（第7代处理器）,笔记本电脑,品牌13,14英寸,第7代处理器,黑色,16*1*1,8,DH54D,约翰,出库,30024,拣货
OfSEMErBl,黑色 品牌08 中号 办公椅（人体工学）,办公椅,品牌08,中号,人体工学,黑色,16*1*1,16,AS34H,艾米丽,出库,30077,拣货
KeHc45MeBl,黑色 品牌09 450 键盘（机械式）,键盘,品牌09,450,机械式,黑色,16*10*1,160,AM46G,大卫,出库,30097,拣货
TaTR10FrBl,黑色 品牌28 1000 桌子（框架式）,桌子,品牌28,1000,框架式,黑色,8*1*1,2,DG32D,劳拉,出库,30075,拣货
TaTR18AuSi,银色 品牌28 1800 桌子（自动调节）,桌子,品牌28,1800,自动调节,银色,8*1*1,1,DG44C,简,出库,30006,拣货
OfSESAdGr,灰色 品牌08 小号 办公椅（可调节）,办公椅,品牌08,小号,可调节,灰色,16*1*1,10,AH30E,艾米,出库,30066,拣货
OfSELAdGr,灰色 品牌08 大号 办公椅（可调节）,办公椅,品牌08,大号,可调节,灰色,16*1*1,16,DG69H,简,出库,30000,拣货
CaQE18SlBl,黑色 品牌01 1800 文件柜（滑动式）,文件柜,品牌01,1800,滑动式,黑色,8*1*1,8,DQ51F,艾米丽,出库,30061,拣货
LaOv17i7Wh,白色 品牌13 17英寸 笔记本电脑（第7代处理器）,笔记本电脑,品牌13,17英寸,第7代处理器,白色,16*1*1,14,BU58E,大卫,出库,30039,拣货
MoHc35WiBl,黑色 品牌09 350 鼠标（有线）,鼠标,品牌09,350,有线,黑色,16*10*1,147,BT19C,劳拉,出库,30013,拣货
CaRG12FiBl,黑色 品牌03 1200 文件柜（文件收纳）,文件柜,品牌03,1200,文件收纳,黑色,8*1*1,1,BM45F,简,出库,30084,拣货
TaTR18AdGr,灰色 品牌29 1800 桌子（可调节）,桌子,品牌29,1800,可调节,灰色,8*1*1,8,DG92B,克里斯,出库,30054,拣货
PrReA2LaGr,灰色 品牌24 二号纸 打印机（激光）,打印机,品牌24,二号纸,激光,灰色,16*1*1,2,BH13G,艾米丽,出库,30095,拣货
PeNa24WaWh,白色 品牌23 24 铅笔（水彩）,铅笔,品牌23,24,水彩,白色,48*10*5,2400,AI80A,大卫,出库,30088,拣货
GaOGMAdGr,灰色 品牌07 中号 游戏椅（可调节）,游戏椅,品牌07,中号,可调节,灰色,16*1*1,2,DQ51H,劳拉,出库,30006,拣货
TVEs754KBl,黑色 品牌32 75英寸 电视机（超高清）,电视机,品牌32,75英寸,超高清,黑色,8*1*1,7,AT42C,大卫,出库,30003,拣货
CaWE18SlBl,黑色 品牌02 1800 文件柜（滑动式）,文件柜,品牌02,1800,滑动式,黑色,8*1*1,6,AY09C,亚历克斯,出库,30089,拣货
LaYn1516Gr,灰色 品牌15 15英寸 笔记本电脑（16吉字节内存）,笔记本电脑,品牌15,15英寸,16吉字节内存,灰色,16*1*1,16,CH73C,克里斯,出库,30088,拣货
CuWE18LoWh,白色 品牌02 1800 储物柜（储物锁柜）,储物柜,品牌02,1800,储物锁柜,白色,8*1*1,8,BK68F,克里斯,出库,30040,拣货
TVGn654KSi,银色 品牌30 65英寸 电视机（超高清）,电视机,品牌30,65英寸,超高清,银色,8*1*1,1,DI38H,约翰,出库,30067,拣货
TaCI15AdBl,黑色 品牌27 1500 桌子（可调节）,桌子,品牌27,1500,可调节,黑色,8*1*1,8,BQ53A,亚历克斯,出库,30018,拣货
CuTE12FiBe,米色 品牌04 1200 储物柜（文件收纳）,储物柜,品牌04,1200,文件收纳,米色,8*1*1,4,CX10E,艾米丽,出库,30039,拣货
GaAESAdPi,粉色 品牌05 小号 游戏椅（可调节）,游戏椅,品牌05,小号,可调节,粉色,16*1*1,4,CP76H,克里斯,出库,30084,拣货
PeGi50SoGr,灰色 品牌21 50 铅笔（可溶性）,铅笔,品牌21,50,可溶性,灰色,48*10*5,1148,DS42E,亚历克斯,出库,30004,拣货
AlSu158GSi,银色 品牌11 15英寸 一体机（8吉字节内存）,一体机,品牌11,15英寸,8吉字节内存,银色,16*1*1,16,BL61C,约翰,出库,30082,拣货
SPNa50WaBl,黑色 品牌23 50 触控笔（水彩）,触控笔,品牌23,50,水彩,黑色,48*10*5,2400,AY05G,亚历克斯,出库,30033,拣货
LaSu15i7Gr,灰色 品牌11 15英寸 笔记本电脑（第7代处理器）,笔记本电脑,品牌11,15英寸,第7代处理器,灰色,16*1*1,16,AZ91D,简,出库,30050,拣货
AlOv158GSi,银色 品牌13 15英寸 一体机（8吉字节内存）,一体机,品牌13,15英寸,8吉字节内存,银色,16*1*1,6,BF30E,艾米,出库,30049,拣货
LaSu17i7Bl,黑色 品牌11 17英寸 笔记本电脑（第7代处理器）,笔记本电脑,品牌11,17英寸,第7代处理器,黑色,16*1*1,16,DS75G,克里斯,出库,30095,拣货
NoGrA3doGr,灰色 品牌18 三号纸 笔记本（点阵）,笔记本,品牌18,三号纸,点阵,灰色,48*10*5,553,CG32A,迈克,出库,30099,拣货
AlPH158GGr,灰色 品牌12 15英寸 一体机（8吉字节内存）,一体机,品牌12,15英寸,8吉字节内存,灰色,16*1*1,9,AR65B,艾米丽,出库,30089,拣货
TaTR15AdGr,灰色 品牌29 1500 桌子（可调节）,桌子,品牌29,1500,可调节,灰色,8*1*1,1,CP12G,亚历克斯,出库,30001,拣货
PeNa24WaGr,灰色 品牌23 24 铅笔（水彩）,铅笔,品牌23,24,水彩,灰色,48*10*5,2400,AP81B,艾米,出库,30083,拣货
TVGn65SFSi,银色 品牌30 65英寸 电视机（超级全高清）,电视机,品牌30,65英寸,超级全高清,银色,8*1*1,2,AO04E,劳拉,出库,30095,拣货
SPGi12WaPi,粉色 品牌21 12 触控笔（水彩）,触控笔,品牌21,12,水彩,粉色,48*10*5,1641,CF29H,迈克,出库,30069,拣货
GaOGLErPi,粉色 品牌07 大号 游戏椅（人体工学）,游戏椅,品牌07,大号,人体工学,粉色,16*1*1,16,DQ15E,约翰,出库,30019,拣货
CuWE18SlBl,黑色 品牌02 1800 储物柜（滑动式）,储物柜,品牌02,1800,滑动式,黑色,8*1*1,8,DM34F,迈克,出库,30012,拣货
DrTE18LoWh,白色 品牌04 1800 抽屉柜（储物锁柜）,抽屉柜,品牌04,1800,储物锁柜,白色,8*1*1,8,DV78F,亚历克斯,出库,30091,拣货
MoPH27MeBl,黑色 品牌12 270 鼠标（机械式）,鼠标,品牌12,270,机械式,黑色,16*10*1,30,BU11B,艾米丽,出库,30049,拣货
CaWE90LoGr,灰色 品牌02 900 文件柜（储物锁柜）,文件柜,品牌02,900,储物锁柜,灰色,8*1*1,8,AH84A,克里斯,出库,30079,拣货
TVYn75S4Si,银色 品牌15 75英寸 电视机（超级超高清）,电视机,品牌15,75英寸,超级超高清,银色,8*1*1,6,DZ45B,克里斯,出库,30068,拣货
AlOv1416Wh,白色 品牌13 14英寸 一体机（16吉字节内存）,一体机,品牌13,14英寸,16吉字节内存,白色,16*1*1,16,BO55D,克里斯,出库,30035,拣货
PeRe24WaWh,白色 品牌22 24 铅笔（水彩）,铅笔,品牌22,24,水彩,白色,48*10*5,2400,CT95H,迈克,出库,30007,拣货
TVEs65S4Gr,灰色 品牌32 65英寸 电视机（超级超高清）,电视机,品牌32,65英寸,超级超高清,灰色,8*1*1,8,DZ24C,亚历克斯,出库,30042,拣货
AlSu15i7Bl,黑色 品牌11 15英寸 一体机（第7代处理器）,一体机,品牌11,15英寸,第7代处理器,黑色,16*1*1,16,DK83E,约翰,出库,30006,拣货
GaXESLeBl,黑色 品牌06 小号 游戏椅（皮革）,游戏椅,品牌06,小号,皮革,黑色,16*1*1,9,DF32F,艾米丽,出库,30035,拣货
CuQE90SlBe,米色 品牌01 900 储物柜（滑动式）,储物柜,品牌01,900,滑动式,米色,8*1*1,4,AX20F,莎拉,出库,30042,拣货
AlRe14i5Wh,白色 品牌14 14英寸 一体机（第5代处理器）,一体机,品牌14,14英寸,第5代处理器,白色,16*1*1,16,BJ06A,大卫,出库,30047,拣货
TaCI18WoWh,白色 品牌27 1800 桌子（工作站）,桌子,品牌27,1800,工作站,白色,8*1*1,8,DS57F,大卫,出库,30016,拣货
CuQE90FiWh,白色 品牌01 900 储物柜（文件收纳）,储物柜,品牌01,900,文件收纳,白色,8*1*1,6,CQ90G,约翰,出库,30058,拣货
CuQE90FiBl,黑色 品牌01 900 储物柜（文件收纳）,储物柜,品牌01,900,文件收纳,黑色,8*1*1,5,AS85F,简,出库,30075,拣货
DrRG18DoWh,白色 品牌03 1800 抽屉柜（带门式）,抽屉柜,品牌03,1800,带门式,白色,8*1*1,8,BG07E,克里斯,出库,30089,拣货
AlRe14i5Bl,黑色 品牌14 14英寸 一体机（第5代处理器）,一体机,品牌14,14英寸,第5代处理器,黑色,16*1*1,16,BJ93C,莎拉,出库,30061,拣货
TVGL65FHWh,白色 品牌31 65英寸 电视机（全高清）,电视机,品牌31,65英寸,全高清,白色,8*1*1,2,DV13B,亚历克斯,出库,30070,拣货
PeAl24HeGr,灰色 品牌20 24 铅笔（六角形）,铅笔,品牌20,24,六角形,灰色,48*10*5,2400,CJ29F,克里斯,出库,30000,拣货
MoRe27MeNa,藏青色 品牌10 270 鼠标（机械式）,鼠标,品牌10,270,机械式,藏青色,16*10*1,148,AR61F,大卫,出库,30073,拣货
PrNoA3AlWh,白色 品牌26 三号纸 打印机（一体式）,打印机,品牌26,三号纸,一体式,白色,16*1*1,16,DT38E,艾米,出库,30072,拣货
OfSESAdPi,粉色 品牌08 小号 办公椅（可调节）,办公椅,品牌08,小号,可调节,粉色,16*1*1,16,CZ44C,简,出库,30090,拣货
PeAl12HePi,粉色 品牌20 12 铅笔（六角形）,铅笔,品牌20,12,六角形,粉色,48*10*5,1140,DM86E,迈克,出库,30058,拣货
SPAl24WaWh,白色 品牌20 24 触控笔（水彩）,触控笔,品牌20,24,水彩,白色,48*10*5,770,CX59C,迈克,出库,30082,拣货
AlRe14i7Gr,灰色 品牌14 14英寸 一体机（第7代处理器）,一体机,品牌14,14英寸,第7代处理器,灰色,16*1*1,16,CZ12G,艾米丽,出库,30025,拣货
PrReA4WiBl,黑色 品牌24 四号纸 打印机（无线网络）,打印机,品牌24,四号纸,无线网络,黑色,16*1*1,14,CL15B,艾米,出库,30001,拣货
LaOv1516Si,银色 品牌13 15英寸 笔记本电脑（16吉字节内存）,笔记本电脑,品牌13,15英寸,16吉字节内存,银色,16*1*1,16,AO98H,艾米,出库,30083,拣货
AlYn14i7Si,银色 品牌15 14英寸 一体机（第7代处理器）,一体机,品牌15,14英寸,第7代处理器,银色,16*1*1,15,DJ20D,克里斯,出库,30062,拣货
CuRG18SlBl,黑色 品牌03 1800 储物柜（滑动式）,储物柜,品牌03,1800,滑动式,黑色,8*1*1,6,DY81F,亚历克斯,出库,30051,拣货
MoHc27BlPi,粉色 品牌09 270 鼠标（蓝牙）,鼠标,品牌09,270,蓝牙,粉色,16*10*1,160,DO19H,简,出库,30059,拣货
NoGrA5doBl,黑色 品牌18 五号纸 笔记本（点阵）,笔记本,品牌18,五号纸,点阵,黑色,48*10*5,2400,DI43E,约翰,出库,30041,拣货
DrWE90SlGr,灰色 品牌02 900 抽屉柜（滑动式）,抽屉柜,品牌02,900,滑动式,灰色,8*1*1,8,DY11C,莎拉,出库,30036,拣货
AlSu1416Wh,白色 品牌11 14英寸 一体机（16吉字节内存）,一体机,品牌11,14英寸,16吉字节内存,白色,16*1*1,7,CU92F,迈克,出库,30012,拣货
GaSELErPi,粉色 品牌08 大号 游戏椅（人体工学）,游戏椅,品牌08,大号,人体工学,粉色,16*1*1,16,DL71D,艾米,出库,30044,拣货
TaCI15AdGr,灰色 品牌27 1500 桌子（可调节）,桌子,品牌27,1500,可调节,灰色,8*1*1,7,AM28F,劳拉,出库,30009,拣货
PrSoA4InWh,白色 品牌25 四号纸 打印机（喷墨）,打印机,品牌25,四号纸,喷墨,白色,16*1*1,7,AI51F,简,出库,30016,拣货
KeSu45BlBl,黑色 品牌11 450 键盘（蓝牙）,键盘,品牌11,450,蓝牙,黑色,16*10*1,160,AL06A,简,出库,30059,拣货
OfOGLLeWh,白色 品牌07 大号 办公椅（皮革）,办公椅,品牌07,大号,皮革,白色,16*1*1,16,AG73B,莎拉,出库,30013,拣货
TaTR18FrBl,黑色 品牌29 1800 桌子（框架式）,桌子,品牌29,1800,框架式,黑色,8*1*1,4,DU03E,大卫,出库,30036,拣货
NoMuA5doBl,黑色 品牌19 五号纸 笔记本（点阵）,笔记本,品牌19,五号纸,点阵,黑色,48*10*5,2400,CT12E,大卫,出库,30008,拣货
OfOGSHeGr,灰色 品牌07 小号 办公椅（头枕）,办公椅,品牌07,小号,头枕,灰色,16*1*1,16,DF37B,大卫,出库,30001,拣货
PrPHA3AlGr,灰色 品牌12 三号纸 打印机（一体式）,打印机,品牌12,三号纸,一体式,灰色,16*1*1,16,BL98E,简,出库,30072,拣货
DrWE12SlBl,黑色 品牌02 1200 抽屉柜（滑动式）,抽屉柜,品牌02,1200,滑动式,黑色,8*1*1,8,CR71F,克里斯,出库,30092,拣货
MoSu45BlPi,粉色 品牌11 450 鼠标（蓝牙）,鼠标,品牌11,450,蓝牙,粉色,16*10*1,149,CX88A,大卫,出库,30073,拣货
OfXELLePi,粉色 品牌06 大号 办公椅（皮革）,办公椅,品牌06,大号,皮革,粉色,16*1*1,6,DO78E,大卫,出库,30068,拣货
CuTE12DoGr,灰色 品牌04 1200 储物柜（带门式）,储物柜,品牌04,1200,带门式,灰色,8*1*1,8,BF74A,大卫,出库,30076,拣货
PrNoA2AlWh,白色 品牌26 二号纸 打印机（一体式）,打印机,品牌26,二号纸,一体式,白色,16*1*1,16,CK37D,约翰,出库,30074,拣货
KeRe27BlNa,藏青色 品牌10 270 键盘（蓝牙）,键盘,品牌10,270,蓝牙,藏青色,16*10*1,160,CJ02C,克里斯,出库,30092,拣货
MoPH45BlNa,藏青色 品牌12 450 鼠标（蓝牙）,鼠标,品牌12,450,蓝牙,藏青色,16*10*1,30,AT37E,约翰,出库,30056,拣货
TVEs75S4Gr,灰色 品牌32 75英寸 电视机（超级超高清）,电视机,品牌32,75英寸,超级超高清,灰色,8*1*1,2,CW91D,简,出库,30034,拣货
MoRe27ErPi,粉色 品牌10 270 鼠标（人体工学）,鼠标,品牌10,270,人体工学,粉色,16*10*1,111,DW50D,克里斯,出库,30026,拣货
AlSu1716Wh,白色 品牌11 17英寸 一体机（16吉字节内存）,一体机,品牌11,17英寸,16吉字节内存,白色,16*1*1,14,DG68C,迈克,出库,30070,拣货
NoMuA5ruBl,黑色 品牌19 五号纸 笔记本（横线）,笔记本,品牌19,五号纸,横线,黑色,48*10*5,2400,CT47B,简,出库,30084,拣货
PrNoA3AlWh,白色 品牌26 三号纸 打印机（一体式）,打印机,品牌26,三号纸,一体式,白色,16*1*1,16,AG48E,简,出库,30009,拣货
PeGi24HePi,粉色 品牌21 24 铅笔（六角形）,铅笔,品牌21,24,六角形,粉色,48*10*5,2400,BJ21B,迈克,出库,30076,拣货
TaTR18WoBl,黑色 品牌28 1800 桌子（工作站）,桌子,品牌28,1800,工作站,黑色,8*1*1,8,BU45F,莎拉,出库,30062,拣货
TaAE18AuSi,银色 品牌05 1800 桌子（自动调节）,桌子,品牌05,1800,自动调节,银色,8*1*1,1,DK07C,克里斯,出库,30094,拣货
TVEs75FHBl,黑色 品牌32 75英寸 电视机（全高清）,电视机,品牌32,75英寸,全高清,黑色,8*1*1,8,BY48F,劳拉,出库,30010,拣货
LaSu1532Si,银色 品牌11 15英寸 笔记本电脑（32吉字节内存）,笔记本电脑,品牌11,15英寸,32吉字节内存,银色,16*1*1,15,CW87C,约翰,出库,30029,拣货
LaRe1716Si,银色 品牌14 17英寸 笔记本电脑（16吉字节内存）,笔记本电脑,品牌14,17英寸,16吉字节内存,银色,16*1*1,7,BU98B,大卫,出库,30042,拣货
PrReA4WiBl,黑色 品牌24 四号纸 打印机（无线网络）,打印机,品牌24,四号纸,无线网络,黑色,16*1*1,16,CW93C,艾米丽,出库,30002,拣货
DrQE18FiWh,白色 品牌01 1800 抽屉柜（文件收纳）,抽屉柜,品牌01,1800,文件收纳,白色,8*1*1,8,CP60E,迈克,出库,30081,拣货
AlPH178GGr,灰色 品牌12 17英寸 一体机（8吉字节内存）,一体机,品牌12,17英寸,8吉字节内存,灰色,16*1*1,2,BG11G,劳拉,出库,30078,拣货
PrSoA4WiBl,黑色 品牌25 四号纸 打印机（无线网络）,打印机,品牌25,四号纸,无线网络,黑色,16*1*1,7,AH35C,大卫,出库,30073,拣货
SPRe24WaBl,黑色 品牌22 24 触控笔（水彩）,触控笔,品牌22,24,水彩,黑色,48*10*5,2300,DW68F,迈克,出库,30087,拣货
AlOv1416Bl,黑色 品牌13 14英寸 一体机（16吉字节内存）,一体机,品牌13,14英寸,16吉字节内存,黑色,16*1*1,9,BH66E,艾米,出库,30094,拣货
GaSEMAdWh,白色 品牌08 中号 游戏椅（可调节）,游戏椅,品牌08,中号,可调节,白色,16*1*1,16,AP66C,艾米,出库,30074,拣货
PeNa50HeWh,白色 品牌23 50 铅笔（六角形）,铅笔,品牌23,50,六角形,白色,48*10*5,790,AU97G,劳拉,出库,30020,拣货
TVEs424KSi,银色 品牌32 42英寸 电视机（超高清）,电视机,品牌32,42英寸,超高清,银色,8*1*1,8,CJ92D,艾米丽,出库,30078,拣货
GaXESLePi,粉色 品牌06 小号 游戏椅（皮革）,游戏椅,品牌06,小号,皮革,粉色,16*1*1,2,BH90G,艾米丽,出库,30059,拣货
MoHc35ErWh,白色 品牌09 350 鼠标（人体工学）,鼠标,品牌09,350,人体工学,白色,16*10*1,160,DG34D,艾米,出库,30086,拣货
PeNa12HePi,粉色 品牌23 12 铅笔（六角形）,铅笔,品牌23,12,六角形,粉色,48*10*5,2400,AX33H,约翰,出库,30069,拣货
KeRe27BlBl,黑色 品牌10 270 键盘（蓝牙）,键盘,品牌10,270,蓝牙,黑色,16*10*1,160,CQ52A,迈克,出库,30078,拣货
KeHc45MeBl,黑色 品牌09 450 键盘（机械式）,键盘,品牌09,450,机械式,黑色,16*10*1,160,AV03G,艾米丽,出库,30022,拣货
TaCI18WoBl,黑色 品牌27 1800 桌子（工作站）,桌子,品牌27,1800,工作站,黑色,8*1*1,3,AT83F,约翰,出库,30057,拣货
SPGi50HePi,粉色 品牌21 50 触控笔（六角形）,触控笔,品牌21,50,六角形,粉色,48*10*5,2400,BM77F,克里斯,出库,30061,拣货
MoSu45WiPi,粉色 品牌11 450 鼠标（有线）,鼠标,品牌11,450,有线,粉色,16*10*1,160,DU85F,克里斯,出库,30074,拣货
GaOGMErBl,黑色 品牌07 中号 游戏椅（人体工学）,游戏椅,品牌07,中号,人体工学,黑色,16*1*1,16,BN60C,劳拉,出库,30094,拣货
GaOGSErBl,黑色 品牌07 小号 游戏椅（人体工学）,游戏椅,品牌07,小号,人体工学,黑色,16*1*1,13,BU93G,迈克,出库,30064,拣货
MoPH45MePi,粉色 品牌12 450 鼠标（机械式）,鼠标,品牌12,450,机械式,粉色,16*10*1,150,DV63F,艾米,出库,30009,拣货
KeHc35WiWh,白色 品牌09 350 键盘（有线）,键盘,品牌09,350,有线,白色,16*10*1,67,BM47B,迈克,出库,30059,拣货
LaOv1516Wh,白色 品牌13 15英寸 笔记本电脑（16吉字节内存）,笔记本电脑,品牌13,15英寸,16吉字节内存,白色,16*1*1,16,AF58B,劳拉,出库,30056,拣货
CaWE12LoBe,米色 品牌02 1200 文件柜（储物锁柜）,文件柜,品牌02,1200,储物锁柜,米色,8*1*1,8,CN27C,约翰,出库,30036,拣货
GaSESHeGr,灰色 品牌08 小号 游戏椅（头枕）,游戏椅,品牌08,小号,头枕,灰色,16*1*1,7,CN11H,迈克,出库,30084,拣货
DrQE90SlWh,白色 品牌01 900 抽屉柜（滑动式）,抽屉柜,品牌01,900,滑动式,白色,8*1*1,2,AY45H,劳拉,出库,30082,拣货
AlYn1432Wh,白色 品牌15 14英寸 一体机（32吉字节内存）,一体机,品牌15,14英寸,32吉字节内存,白色,16*1*1,16,CY97E,艾米,出库,30050,拣货
GaOGLHePi,粉色 品牌07 大号 游戏椅（头枕）,游戏椅,品牌07,大号,头枕,粉色,16*1*1,14,AJ06B,克里斯,出库,30007,拣货
SPNa50HePi,粉色 品牌23 50 触控笔（六角形）,触控笔,品牌23,50,六角形,粉色,48*10*5,2400,DU02G,艾米丽,出库,30021,拣货
PeGi50HeWh,白色 品牌21 50 铅笔（六角形）,铅笔,品牌21,50,六角形,白色,48*10*5,1274,CO62D,迈克,出库,30086,拣货
MoPH45MeWh,白色 品牌12 450 鼠标（机械式）,鼠标,品牌12,450,机械式,白色,16*10*1,92,DU81D,亚历克斯,出库,30099,拣货
CaWE18SlBl,黑色 品牌02 1800 文件柜（滑动式）,文件柜,品牌02,1800,滑动式,黑色,8*1*1,8,DY47G,艾米丽,出库,30010,拣货
PeGi24HeBl,黑色 品牌21 24 铅笔（六角形）,铅笔,品牌21,24,六角形,黑色,48*10*5,772,CU86C,劳拉,出库,30065,拣货
NoGrA5ruWh,白色 品牌18 五号纸 笔记本（横线）,笔记本,品牌18,五号纸,横线,白色,48*10*5,2035,AR20D,简,出库,30024,拣货
OfXEMErGr,灰色 品牌06 中号 办公椅（人体工学）,办公椅,品牌06,中号,人体工学,灰色,16*1*1,12,AU67B,大卫,出库,30025,拣货
LaRe14i7Bl,黑色 品牌14 14英寸 笔记本电脑（第7代处理器）,笔记本电脑,品牌14,14英寸,第7代处理器,黑色,16*1*1,12,CI53H,莎拉,出库,30013,拣货
CaQE18SlBl,黑色 品牌01 1800 文件柜（滑动式）,文件柜,品牌01,1800,滑动式,黑色,8*1*1,8,AW89D,艾米丽,出库,30001,拣货
TaTR10WoGr,灰色 品牌28 1000 桌子（工作站）,桌子,品牌28,1000,工作站,灰色,8*1*1,3,DR52E,亚历克斯,出库,30038,拣货
SPRe50SoWh,白色 品牌22 50 触控笔（可溶性）,触控笔,品牌22,50,可溶性,白色,48*10*5,1965,AO30C,亚历克斯,出库,30050,拣货
NoMuA4doBl,黑色 品牌19 四号纸 笔记本（点阵）,笔记本,品牌19,四号纸,点阵,黑色,48*10*5,2400,BM14C,艾米,出库,30034,拣货
SPGi12HeWh,白色 品牌21 12 触控笔（六角形）,触控笔,品牌21,12,六角形,白色,48*10*5,1583,CW74E,简,出库,30007,拣货
PrReA2AlGr,灰色 品牌24 二号纸 打印机（一体式）,打印机,品牌24,二号纸,一体式,灰色,16*1*1,14,CS75C,劳拉,出库,30013,拣货
TaTR18AuBl,黑色 品牌29 1800 桌子（自动调节）,桌子,品牌29,1800,自动调节,黑色,8*1*1,8,BK36C,劳拉,出库,30074,拣货
PrSoA3WiWh,白色 品牌25 三号纸 打印机（无线网络）,打印机,品牌25,三号纸,无线网络,白色,16*1*1,14,BM60D,简,出库,30083,拣货
GaAEMLeBl,黑色 品牌05 中号 游戏椅（皮革）,游戏椅,品牌05,中号,皮革,黑色,16*1*1,16,CK43B,约翰,出库,30024,拣货
AlPH17i5Si,银色 品牌12 17英寸 一体机（第5代处理器）,一体机,品牌12,17英寸,第5代处理器,银色,16*1*1,15,BW42E,艾米,出库,30074,拣货
TVGL754KBl,黑色 品牌31 75英寸 电视机（超高清）,电视机,品牌31,75英寸,超高清,黑色,8*1*1,8,CH93D,亚历克斯,出库,30012,拣货
LaSu1716Wh,白色 品牌11 17英寸 笔记本电脑（16吉字节内存）,笔记本电脑,品牌11,17英寸,16吉字节内存,白色,16*1*1,16,BM05F,克里斯,出库,30092,拣货
TVEs654KWh,白色 品牌32 65英寸 电视机（超高清）,电视机,品牌32,65英寸,超高清,白色,8*1*1,4,AW31H,简,出库,30061,拣货
AlSu15i5Gr,灰色 品牌11 15英寸 一体机（第5代处理器）,一体机,品牌11,15英寸,第5代处理器,灰色,16*1*1,13,BR01D,迈克,出库,30072,拣货
AlPH1716Gr,灰色 品牌12 17英寸 一体机（16吉字节内存）,一体机,品牌12,17英寸,16吉字节内存,灰色,16*1*1,16,DH88G,约翰,出库,30006,拣货
SPGi50WaBl,黑色 品牌21 50 触控笔（水彩）,触控笔,品牌21,50,水彩,黑色,48*10*5,2341,BS71A,简,出库,30060,拣货
GaAELLeWh,白色 品牌05 大号 游戏椅（皮革）,游戏椅,品牌05,大号,皮革,白色,16*1*1,16,DK77D,约翰,出库,30044,拣货
DrRG90DoGr,灰色 品牌03 900 抽屉柜（带门式）,抽屉柜,品牌03,900,带门式,灰色,8*1*1,4,CR93C,亚历克斯,出库,30013,拣货
GaSELAdGr,灰色 品牌08 大号 游戏椅（可调节）,游戏椅,品牌08,大号,可调节,灰色,16*1*1,12,DG26F,亚历克斯,出库,30062,拣货
TVYn42FHSi,银色 品牌15 42英寸 电视机（全高清）,电视机,品牌15,42英寸,全高清,银色,8*1*1,8,CO52A,劳拉,出库,30096,拣货
PrSoA4AlBl,黑色 品牌25 四号纸 打印机（一体式）,打印机,品牌25,四号纸,一体式,黑色,16*1*1,16,BF43A,克里斯,出库,30096,拣货
TVGn65SFBl,黑色 品牌30 65英寸 电视机（超级全高清）,电视机,品牌30,65英寸,超级全高清,黑色,8*1*1,4,AQ34H,艾米,出库,30058,拣货
LaRe158GGr,灰色 品牌14 15英寸 笔记本电脑（8吉字节内存）,笔记本电脑,品牌14,15英寸,8吉字节内存,灰色,16*1*1,16,CG24C,莎拉,出库,30089,拣货
LaYn1516Bl,黑色 品牌15 15英寸 笔记本电脑（16吉字节内存）,笔记本电脑,品牌15,15英寸,16吉字节内存,黑色,16*1*1,16,AO08H,迈克,出库,30036,拣货
TVGL654KBl,黑色 品牌31 65英寸 电视机（超高清）,电视机,品牌31,65英寸,超高清,黑色,8*1*1,8,BG45E,大卫,出库,30063,拣货
AlYn1532Bl,黑色 品牌15 15英寸 一体机（32吉字节内存）,一体机,品牌15,15英寸,32吉字节内存,黑色,16*1*1,14,CF40F,克里斯,出库,30027,拣货
PrNoA3AlWh,白色 品牌26 三号纸 打印机（一体式）,打印机,品牌26,三号纸,一体式,白色,16*1*1,16,CL25C,大卫,出库,30073,拣货
AlSu15i5Gr,灰色 品牌11 15英寸 一体机（第5代处理器）,一体机,品牌11,15英寸,第5代处理器,灰色,16*1*1,13,CK69G,劳拉,出库,30002,拣货
GaSESErBl,黑色 品牌08 小号 游戏椅（人体工学）,游戏椅,品牌08,小号,人体工学,黑色,16*1*1,16,CF65E,迈克,出库,30013,拣货
PeAl24WaBl,黑色 品牌20 24 铅笔（水彩）,铅笔,品牌20,24,水彩,黑色,48*10*5,470,BX23H,艾米丽,出库,30027,拣货
MoPH35WiBl,黑色 品牌12 350 鼠标（有线）,鼠标,品牌12,350,有线,黑色,16*10*1,59,DY08G,迈克,出库,30077,拣货
DrQE12SlBe,米色 品牌01 1200 抽屉柜（滑动式）,抽屉柜,品牌01,1200,滑动式,米色,8*1*1,3,BL02D,克里斯,出库,30072,拣货
LaPH1432Si,银色 品牌12 14英寸 笔记本电脑（32吉字节内存）,笔记本电脑,品牌12,14英寸,32吉字节内存,银色,16*1*1,16,AJ49C,约翰,出库,30087,拣货
SPGi12WaPi,粉色 品牌21 12 触控笔（水彩）,触控笔,品牌21,12,水彩,粉色,48*10*5,2400,CR21D,劳拉,出库,30051,拣货
LaPH14i7Bl,黑色 品牌12 14英寸 笔记本电脑（第7代处理器）,笔记本电脑,品牌12,14英寸,第7代处理器,黑色,16*1*1,16,DU58G,劳拉,出库,30054,拣货
SPGi24SoGr,灰色 品牌21 24 触控笔（可溶性）,触控笔,品牌21,24,可溶性,灰色,48*10*5,2280,BT18H,劳拉,出库,30024,拣货
LaOv1432Si,银色 品牌13 14英寸 笔记本电脑（32吉字节内存）,笔记本电脑,品牌13,14英寸,32吉字节内存,银色,16*1*1,16,BP39A,艾米丽,出库,30018,拣货
MoSu27WiNa,藏青色 品牌11 270 鼠标（有线）,鼠标,品牌11,270,有线,藏青色,16*10*1,35,CS49F,大卫,出库,30019,拣货
SPRe24WaGr,灰色 品牌22 24 触控笔（水彩）,触控笔,品牌22,24,水彩,灰色,48*10*5,706,BS09H,劳拉,出库,30061,拣货
DrRG90SlBl,黑色 品牌03 900 抽屉柜（滑动式）,抽屉柜,品牌03,900,滑动式,黑色,8*1*1,8,BY16H,克里斯,出库,30050,拣货
GaAEMLeGr,灰色 品牌05 中号 游戏椅（皮革）,游戏椅,品牌05,中号,皮革,灰色,16*1*1,16,CN81E,约翰,出库,30054,拣货
KeSu35WiWh,白色 品牌11 350 键盘（有线）,键盘,品牌11,350,有线,白色,16*10*1,160,CN86F,亚历克斯,出库,30046,拣货
KeHc35ErWh,白色 品牌09 350 键盘（人体工学）,键盘,品牌09,350,人体工学,白色,16*10*1,74,AT81E,大卫,出库,30066,拣货
PeRe50HeGr,灰色 品牌22 50 铅笔（六角形）,铅笔,品牌22,50,六角形,灰色,48*10*5,2400,DX14C,艾米丽,出库,30068,拣货
PrNoA2AlMi,混合色 品牌26 二号纸 打印机（一体式）,打印机,品牌26,二号纸,一体式,混合色,16*1*1,11,DT94A,劳拉,出库,30009,拣货
OfSELHeWh,白色 品牌08 大号 办公椅（头枕）,办公椅,品牌08,大号,头枕,白色,16*1*1,16,DS44H,克里斯,出库,30087,拣货
GaAEMAdGr,灰色 品牌05 中号 游戏椅（可调节）,游戏椅,品牌05,中号,可调节,灰色,16*1*1,16,CK18D,迈克,出库,30041,拣货
KeRe45ErWh,白色 品牌10 450 键盘（人体工学）,键盘,品牌10,450,人体工学,白色,16*10*1,40,DK69D,克里斯,出库,30065,拣货
PrPHA4MoWh,白色 品牌12 四号纸 打印机（黑白）,打印机,品牌12,四号纸,黑白,白色,16*1*1,3,BV93G,约翰,出库,30015,拣货
OfOGLHeGr,灰色 品牌07 大号 办公椅（头枕）,办公椅,品牌07,大号,头枕,灰色,16*1*1,16,DO50G,艾米丽,出库,30012,拣货
TVYn42SFGr,灰色 品牌15 42英寸 电视机（超级全高清）,电视机,品牌15,42英寸,超级全高清,灰色,8*1*1,8,DH96G,大卫,出库,30003,拣货
GaSESAdPi,粉色 品牌08 小号 游戏椅（可调节）,游戏椅,品牌08,小号,可调节,粉色,16*1*1,16,BY38C,大卫,出库,30038,拣货
KeSu35MePi,粉色 品牌11 350 键盘（机械式）,键盘,品牌11,350,机械式,粉色,16*10*1,160,AO59G,莎拉,出库,30025,拣货
TVYn504KWh,白色 品牌15 50英寸 电视机（超高清）,电视机,品牌15,50英寸,超高清,白色,8*1*1,8,AK04D,简,出库,30094,拣货
AlOv148GGr,灰色 品牌13 14英寸 一体机（8吉字节内存）,一体机,品牌13,14英寸,8吉字节内存,灰色,16*1*1,3,CO12H,莎拉,出库,30039,拣货
CuQE18DoBe,米色 品牌01 1800 储物柜（带门式）,储物柜,品牌01,1800,带门式,米色,8*1*1,7,BT48A,艾米,出库,30012,拣货
GaXESHeBl,黑色 品牌06 小号 游戏椅（头枕）,游戏椅,品牌06,小号,头枕,黑色,16*1*1,2,AR69G,莎拉,出库,30094,拣货
OfXESLeWh,白色 品牌06 小号 办公椅（皮革）,办公椅,品牌06,小号,皮革,白色,16*1*1,16,AZ32A,约翰,出库,30075,拣货
AlRe17i7Gr,灰色 品牌14 17英寸 一体机（第7代处理器）,一体机,品牌14,17英寸,第7代处理器,灰色,16*1*1,16,AU46G,艾米,出库,30041,拣货
OfAESAdPi,粉色 品牌05 小号 办公椅（可调节）,办公椅,品牌05,小号,可调节,粉色,16*1*1,13,BL31E,莎拉,出库,30049,拣货
SPRe24HeWh,白色 品牌22 24 触控笔（六角形）,触控笔,品牌22,24,六角形,白色,48*10*5,2400,BQ51B,简,出库,30037,拣货
KeRe45ErPi,粉色 品牌10 450 键盘（人体工学）,键盘,品牌10,450,人体工学,粉色,16*10*1,151,CX36C,简,出库,30003,拣货
SPNa24SoBl,黑色 品牌23 24 触控笔（可溶性）,触控笔,品牌23,24,可溶性,黑色,48*10*5,2400,CN58H,约翰,出库,30040,拣货
CaTE90DoGr,灰色 品牌04 900 文件柜（带门式）,文件柜,品牌04,900,带门式,灰色,8*1*1,7,CL79G,劳拉,出库,30008,拣货
AlRe1532Wh,白色 品牌14 15英寸 一体机（32吉字节内存）,一体机,品牌14,15英寸,32吉字节内存,白色,16*1*1,16,CV29D,劳拉,出库,30042,拣货
OfOGMLePi,粉色 品牌07 中号 办公椅（皮革）,办公椅,品牌07,中号,皮革,粉色,16*1*1,5,CL71H,劳拉,出库,30073,拣货
TaCI15AuWh,白色 品牌27 1500 桌子（自动调节）,桌子,品牌27,1500,自动调节,白色,8*1*1,4,AQ63C,克里斯,出库,30009,拣货
CaWE90FiWh,白色 品牌02 900 文件柜（文件收纳）,文件柜,品牌02,900,文件收纳,白色,8*1*1,8,DV41F,克里斯,出库,30050,拣货
PrSoA2WiMi,混合色 品牌25 二号纸 打印机（无线网络）,打印机,品牌25,二号纸,无线网络,混合色,16*1*1,16,AL70C,迈克,出库,30099,拣货
DrRG90DoBl,黑色 品牌03 900 抽屉柜（带门式）,抽屉柜,品牌03,900,带门式,黑色,8*1*1,3,AY72G,艾米丽,出库,30064,拣货
CuWE18LoGr,灰色 品牌02 1800 储物柜（储物锁柜）,储物柜,品牌02,1800,储物锁柜,灰色,8*1*1,2,DX31F,迈克,出库,30089,拣货
GaOGSLePi,粉色 品牌07 小号 游戏椅（皮革）,游戏椅,品牌07,小号,皮革,粉色,16*1*1,16,DP39G,约翰,出库,30009,拣货
SPGi50SoWh,白色 品牌21 50 触控笔（可溶性）,触控笔,品牌21,50,可溶性,白色,48*10*5,1005,AV37H,迈克,出库,30011,拣货
GaOGSLeBl,黑色 品牌07 小号 游戏椅（皮革）,游戏椅,品牌07,小号,皮革,黑色,16*1*1,16,DR25F,劳拉,出库,30066,拣货
GaSESAdPi,粉色 品牌08 小号 游戏椅（可调节）,游戏椅,品牌08,小号,可调节,粉色,16*1*1,12,AG66D,克里斯,出库,30073,拣货
CaRG18LoGr,灰色 品牌03 1800 文件柜（储物锁柜）,文件柜,品牌03,1800,储物锁柜,灰色,8*1*1,1,CQ95F,艾米,出库,30074,拣货
DrTE90DoBe,米色 品牌04 900 抽屉柜（带门式）,抽屉柜,品牌04,900,带门式,米色,8*1*1,1,BU41B,亚历克斯,出库,30019,拣货
SPAl12WaPi,粉色 品牌20 12 触控笔（水彩）,触控笔,品牌20,12,水彩,粉色,48*10*5,2400,AP24F,亚历克斯,出库,30026,拣货
OfSELLeGr,灰色 品牌08 大号 办公椅（皮革）,办公椅,品牌08,大号,皮革,灰色,16*1*1,13,AK43D,迈克,出库,30047,拣货
GaSEMAdPi,粉色 品牌08 中号 游戏椅（可调节）,游戏椅,品牌08,中号,可调节,粉色,16*1*1,16,CF06H,莎拉,出库,30044,拣货
CuWE18SlBe,米色 品牌02 1800 储物柜（滑动式）,储物柜,品牌02,1800,滑动式,米色,8*1*1,8,DS60G,迈克,出库,30094,拣货
DrQE90LoBe,米色 品牌01 900 抽屉柜（储物锁柜）,抽屉柜,品牌01,900,储物锁柜,米色,8*1*1,5,AP54C,大卫,出库,30023,拣货
OfSEMErBl,黑色 品牌08 中号 办公椅（人体工学）,办公椅,品牌08,中号,人体工学,黑色,16*1*1,16,DL33F,克里斯,出库,30040,拣货
SPGi24WaPi,粉色 品牌21 24 触控笔（水彩）,触控笔,品牌21,24,水彩,粉色,48*10*5,2400,BL95C,亚历克斯,出库,30032,拣货
MoPH27ErNa,藏青色 品牌12 270 鼠标（人体工学）,鼠标,品牌12,270,人体工学,藏青色,16*10*1,160,BQ93F,大卫,出库,30089,拣货
NoScA4doWh,白色 品牌17 四号纸 笔记本（点阵）,笔记本,品牌17,四号纸,点阵,白色,48*10*5,716,CQ94B,约翰,出库,30046,拣货
AlSu148GSi,银色 品牌11 14英寸 一体机（8吉字节内存）,一体机,品牌11,14英寸,8吉字节内存,银色,16*1*1,2,BS59C,迈克,出库,30013,拣货
CaRG12LoGr,灰色 品牌03 1200 文件柜（储物锁柜）,文件柜,品牌03,1200,储物锁柜,灰色,8*1*1,8,CO33E,亚历克斯,出库,30098,拣货
OfOGLErPi,粉色 品牌07 大号 办公椅（人体工学）,办公椅,品牌07,大号,人体工学,粉色,16*1*1,16,AI03H,简,出库,30031,拣货
NoScA3ruWh,白色 品牌17 三号纸 笔记本（横线）,笔记本,品牌17,三号纸,横线,白色,48*10*5,181,AX46D,莎拉,出库,30020,拣货
AlYn17i7Wh,白色 品牌15 17英寸 一体机（第7代处理器）,一体机,品牌15,17英寸,第7代处理器,白色,16*1*1,4,AW03A,大卫,出库,30088,拣货
SPGi24WaPi,粉色 品牌21 24 触控笔（水彩）,触控笔,品牌21,24,水彩,粉色,48*10*5,995,CX08G,克里斯,出库,30031,拣货
TaCI15AuBl,黑色 品牌27 1500 桌子（自动调节）,桌子,品牌27,1500,自动调节,黑色,8*1*1,4,DH23C,亚历克斯,出库,30099,拣货
OfAELAdPi,粉色 品牌05 大号 办公椅（可调节）,办公椅,品牌05,大号,可调节,粉色,16*1*1,9,AN82D,劳拉,出库,30092,拣货
LaSu1532Gr,灰色 品牌11 15英寸 笔记本电脑（32吉字节内存）,笔记本电脑,品牌11,15英寸,32吉字节内存,灰色,16*1*1,4,BR84D,艾米丽,出库,30051,拣货
CaQE18SlBe,米色 品牌01 1800 文件柜（滑动式）,文件柜,品牌01,1800,滑动式,米色,8*1*1,8,DR25C,大卫,出库,30070,拣货
NoExA4liGr,灰色 品牌16 四号纸 笔记本（线条）,笔记本,品牌16,四号纸,线条,灰色,48*10*5,2400,DX33H,亚历克斯,出库,30067,拣货
NoGrA5ruWh,白色 品牌18 五号纸 笔记本（横线）,笔记本,品牌18,五号纸,横线,白色,48*10*5,2400,DR97H,大卫,出库,30040,拣货
PrSoA2InBl,黑色 品牌25 二号纸 打印机（喷墨）,打印机,品牌25,二号纸,喷墨,黑色,16*1*1,11,BY44A,克里斯,出库,30010,拣货
NoGrA3doSi,银色 品牌18 三号纸 笔记本（点阵）,笔记本,品牌18,三号纸,点阵,银色,48*10*5,2400,CT41F,大卫,出库,30058,拣货
TVYn75FHGr,灰色 品牌15 75英寸 电视机（全高清）,电视机,品牌15,75英寸,全高清,灰色,8*1*1,4,DW17H,克里斯,出库,30067,拣货
PrSoA3LaBl,黑色 品牌25 三号纸 打印机（激光）,打印机,品牌25,三号纸,激光,黑色,16*1*1,16,BY97F,劳拉,出库,30081,拣货
OfXEMErPi,粉色 品牌06 中号 办公椅（人体工学）,办公椅,品牌06,中号,人体工学,粉色,16*1*1,16,CV05G,大卫,出库,30083,拣货
DrWE90FiGr,灰色 品牌02 900 抽屉柜（文件收纳）,抽屉柜,品牌02,900,文件收纳,灰色,8*1*1,1,AU19D,简,出库,30004,拣货
DrRG18DoBl,黑色 品牌03 1800 抽屉柜（带门式）,抽屉柜,品牌03,1800,带门式,黑色,8*1*1,6,DG30E,劳拉,出库,30050,拣货
DrTE90SlWh,白色 品牌04 900 抽屉柜（滑动式）,抽屉柜,品牌04,900,滑动式,白色,8*1*1,8,BS26D,克里斯,出库,30052,拣货
TaTR18FrWh,白色 品牌28 1800 桌子（框架式）,桌子,品牌28,1800,框架式,白色,8*1*1,8,CI57D,艾米丽,出库,30024,拣货
MoSu27WiPi,粉色 品牌11 270 鼠标（有线）,鼠标,品牌11,270,有线,粉色,16*10*1,160,CL35E,艾米,出库,30087,拣货
LaPH17i7Si,银色 品牌12 17英寸 笔记本电脑（第7代处理器）,笔记本电脑,品牌12,17英寸,第7代处理器,银色,16*1*1,16,CM79A,迈克,出库,30052,拣货
CuQE18LoBe,米色 品牌01 1800 储物柜（储物锁柜）,储物柜,品牌01,1800,储物锁柜,米色,8*1*1,8,CU09G,约翰,出库,30059,拣货
LaOv148GGr,灰色 品牌13 14英寸 笔记本电脑（8吉字节内存）,笔记本电脑,品牌13,14英寸,8吉字节内存,灰色,16*1*1,6,BU61G,艾米丽,出库,30085,拣货
DrQE12DoGr,灰色 品牌01 1200 抽屉柜（带门式）,抽屉柜,品牌01,1200,带门式,灰色,8*1*1,5,BS56D,克里斯,出库,30060,拣货
TVYn75S4Bl,黑色 品牌15 75英寸 电视机（超级超高清）,电视机,品牌15,75英寸,超级超高清,黑色,8*1*1,7,CK87G,劳拉,出库,30087,拣货
OfAELHeWh,白色 品牌05 大号 办公椅（头枕）,办公椅,品牌05,大号,头枕,白色,16*1*1,15,AP63E,克里斯,出库,30062,拣货
TVGL42FHGr,灰色 品牌31 42英寸 电视机（全高清）,电视机,品牌31,42英寸,全高清,灰色,8*1*1,5,CL19D,约翰,出库,30029,拣货
PrSoA3WiMi,混合色 品牌25 三号纸 打印机（无线网络）,打印机,品牌25,三号纸,无线网络,混合色,16*1*1,16,BY47G,大卫,出库,30024,拣货
OfSESHeGr,灰色 品牌08 小号 办公椅（头枕）,办公椅,品牌08,小号,头枕,灰色,16*1*1,16,BJ15H,莎拉,出库,30084,拣货
MoHc35WiWh,白色 品牌09 350 鼠标（有线）,鼠标,品牌09,350,有线,白色,16*10*1,133,DZ91G,约翰,出库,30093,拣货
KeSu45WiPi,粉色 品牌11 450 键盘（有线）,键盘,品牌11,450,有线,粉色,16*10*1,160,DN59H,迈克,出库,30045,拣货
TVEs654KBl,黑色 品牌32 65英寸 电视机（超高清）,电视机,品牌32,65英寸,超高清,黑色,8*1*1,8,DO49G,大卫,出库,30080,拣货
TVGn32S4Gr,灰色 品牌30 32英寸 电视机（超级超高清）,电视机,品牌30,32英寸,超级超高清,灰色,8*1*1,1,CU52H,简,出库,30039,拣货
LaYn1732Wh,白色 品牌15 17英寸 笔记本电脑（32吉字节内存）,笔记本电脑,品牌15,17英寸,32吉字节内存,白色,16*1*1,9,AY58A,艾米,出库,30046,拣货
DrWE12SlBl,黑色 品牌02 1200 抽屉柜（滑动式）,抽屉柜,品牌02,1200,滑动式,黑色,8*1*1,8,DX25C,艾米丽,出库,30009,拣货
DrRG90LoBl,黑色 品牌03 900 抽屉柜（储物锁柜）,抽屉柜,品牌03,900,储物锁柜,黑色,8*1*1,4,CS51F,莎拉,出库,30022,拣货
PrReA4InWh,白色 品牌24 四号纸 打印机（喷墨）,打印机,品牌24,四号纸,喷墨,白色,16*1*1,10,CS07F,艾米丽,出库,30011,拣货
CuQE12SlGr,灰色 品牌01 1200 储物柜（滑动式）,储物柜,品牌01,1200,滑动式,灰色,8*1*1,8,BR23G,劳拉,出库,30016,拣货
LaOv1716Bl,黑色 品牌13 17英寸 笔记本电脑（16吉字节内存）,笔记本电脑,品牌13,17英寸,16吉字节内存,黑色,16*1*1,14,CY42E,约翰,出库,30049,拣货
AlPH1532Wh,白色 品牌12 15英寸 一体机（32吉字节内存）,一体机,品牌12,15英寸,32吉字节内存,白色,16*1*1,16,DZ18D,艾米,出库,30044,拣货
PeRe50HeWh,白色 品牌22 50 铅笔（六角形）,铅笔,品牌22,50,六角形,白色,48*10*5,2400,CY51H,迈克,出库,30050,拣货
PrPHA4MoMi,混合色 品牌12 四号纸 打印机（黑白）,打印机,品牌12,四号纸,黑白,混合色,16*1*1,16,DK58H,约翰,出库,30064,拣货
MoRe27ErWh,白色 品牌10 270 鼠标（人体工学）,鼠标,品牌10,270,人体工学,白色,16*10*1,44,BZ25H,艾米丽,出库,30051,拣货
NoMuA4ruBl,黑色 品牌19 四号纸 笔记本（横线）,笔记本,品牌19,四号纸,横线,黑色,48*10*5,2400,DK84E,大卫,出库,30096,拣货
MoSu27WiPi,粉色 品牌11 270 鼠标（有线）,鼠标,品牌11,270,有线,粉色,16*10*1,160,BX34C,莎拉,出库,30090,拣货
CuTE12FiBe,米色 品牌04 1200 储物柜（文件收纳）,储物柜,品牌04,1200,文件收纳,米色,8*1*1,6,CZ65F,艾米,出库,30046,拣货
OfSELAdPi,粉色 品牌08 大号 办公椅（可调节）,办公椅,品牌08,大号,可调节,粉色,16*1*1,3,AU81H,艾米,出库,30041,拣货
NoExA5liGr,灰色 品牌16 五号纸 笔记本（线条）,笔记本,品牌16,五号纸,线条,灰色,48*10*5,948,DW74A,艾米丽,出库,30058,拣货
DrTE12LoGr,灰色 品牌04 1200 抽屉柜（储物锁柜）,抽屉柜,品牌04,1200,储物锁柜,灰色,8*1*1,8,BR46E,艾米丽,出库,30099,拣货
SPGi50WaBl,黑色 品牌21 50 触控笔（水彩）,触控笔,品牌21,50,水彩,黑色,48*10*5,228,AZ48E,克里斯,出库,30067,拣货
CuTE18LoWh,白色 品牌04 1800 储物柜（储物锁柜）,储物柜,品牌04,1800,储物锁柜,白色,8*1*1,8,BV25A,大卫,出库,30001,拣货
AlPH178GGr,灰色 品牌12 17英寸 一体机（8吉字节内存）,一体机,品牌12,17英寸,8吉字节内存,灰色,16*1*1,1,CZ75G,莎拉,出库,30042,拣货
TVGn42S4Bl,黑色 品牌30 42英寸 电视机（超级超高清）,电视机,品牌30,42英寸,超级超高清,黑色,8*1*1,7,DR28B,迈克,出库,30048,拣货
LaYn14i5Wh,白色 品牌15 14英寸 笔记本电脑（第5代处理器）,笔记本电脑,品牌15,14英寸,第5代处理器,白色,16*1*1,9,BH17H,约翰,出库,30063,拣货
SPRe50HeGr,灰色 品牌22 50 触控笔（六角形）,触控笔,品牌22,50,六角形,灰色,48*10*5,2400,BW59D,迈克,出库,30086,拣货
PrNoA3LaWh,白色 品牌26 三号纸 打印机（激光）,打印机,品牌26,三号纸,激光,白色,16*1*1,16,DG34C,亚历克斯,出库,30085,拣货
PrReA3MoWh,白色 品牌24 三号纸 打印机（黑白）,打印机,品牌24,三号纸,黑白,白色,16*1*1,16,BX22H,艾米,出库,30073,拣货
DrWE90FiBe,米色 品牌02 900 抽屉柜（文件收纳）,抽屉柜,品牌02,900,文件收纳,米色,8*1*1,8,DK36A,劳拉,出库,30075,拣货
MoPH45MePi,粉色 品牌12 450 鼠标（机械式）,鼠标,品牌12,450,机械式,粉色,16*10*1,160,BR53E,约翰,出库,30014,拣货
MoHc27WiBl,黑色 品牌09 270 鼠标（有线）,鼠标,品牌09,270,有线,黑色,16*10*1,68,BG28A,艾米丽,出库,30076,拣货
TaTR15WoWh,白色 品牌29 1500 桌子（工作站）,桌子,品牌29,1500,工作站,白色,8*1*1,8,AK42B,劳拉,出库,30077,拣货
SPAl24WaBl,黑色 品牌20 24 触控笔（水彩）,触控笔,品牌20,24,水彩,黑色,48*10*5,1301,DU13A,大卫,出库,30029,拣货
PrReA2LaWh,白色 品牌24 二号纸 打印机（激光）,打印机,品牌24,二号纸,激光,白色,16*1*1,1,DX37C,克里斯,出库,30054,拣货
MoSu27ErPi,粉色 品牌11 270 鼠标（人体工学）,鼠标,品牌11,270,人体工学,粉色,16*10*1,28,DX59F,迈克,出库,30078,拣货
KeHc45MeNa,藏青色 品牌09 450 键盘（机械式）,键盘,品牌09,450,机械式,藏青色,16*10*1,160,AP09A,艾米,出库,30070,拣货
GaAESAdBl,黑色 品牌05 小号 游戏椅（可调节）,游戏椅,品牌05,小号,可调节,黑色,16*1*1,16,BJ54D,艾米,出库,30022,拣货
OfSESHePi,粉色 品牌08 小号 办公椅（头枕）,办公椅,品牌08,小号,头枕,粉色,16*1*1,4,CT44F,迈克,出库,30083,拣货
AlYn148GSi,银色 品牌15 14英寸 一体机（8吉字节内存）,一体机,品牌15,14英寸,8吉字节内存,银色,16*1*1,16,AW30D,约翰,出库,30092,拣货
PrPHA2InMi,混合色 品牌12 二号纸 打印机（喷墨）,打印机,品牌12,二号纸,喷墨,混合色,16*1*1,16,DG46A,劳拉,出库,30035,拣货
LaOv158GWh,白色 品牌13 15英寸 笔记本电脑（8吉字节内存）,笔记本电脑,品牌13,15英寸,8吉字节内存,白色,16*1*1,16,DT71H,莎拉,出库,30074,拣货
KeRe35ErBl,黑色 品牌10 350 键盘（人体工学）,键盘,品牌10,350,人体工学,黑色,16*10*1,92,BX39C,莎拉,出库,30024,拣货
PeRe12HeWh,白色 品牌22 12 铅笔（六角形）,铅笔,品牌22,12,六角形,白色,48*10*5,2400,CG74E,莎拉,出库,30050,拣货
CuQE12FiBe,米色 品牌01 1200 储物柜（文件收纳）,储物柜,品牌01,1200,文件收纳,米色,8*1*1,8,CF38A,约翰,出库,30020,拣货
PeNa12SoWh,白色 品牌23 12 铅笔（可溶性）,铅笔,品牌23,12,可溶性,白色,48*10*5,2400,BM44E,约翰,出库,30095,拣货
CuWE18LoWh,白色 品牌02 1800 储物柜（储物锁柜）,储物柜,品牌02,1800,储物锁柜,白色,8*1*1,8,CK41B,劳拉,出库,30057,拣货
OfXESLeWh,白色 品牌06 小号 办公椅（皮革）,办公椅,品牌06,小号,皮革,白色,16*1*1,9,CX79A,简,出库,30000,拣货
TaCI10AdGr,灰色 品牌27 1000 桌子（可调节）,桌子,品牌27,1000,可调节,灰色,8*1*1,3,CO65A,艾米丽,出库,30097,拣货
AlOv178GGr,灰色 品牌13 17英寸 一体机（8吉字节内存）,一体机,品牌13,17英寸,8吉字节内存,灰色,16*1*1,1,DS95H,克里斯,出库,30062,拣货
LaRe14i5Wh,白色 品牌14 14英寸 笔记本电脑（第5代处理器）,笔记本电脑,品牌14,14英寸,第5代处理器,白色,16*1*1,4,BM14F,约翰,出库,30046,拣货
LaRe17i7Bl,黑色 品牌14 17英寸 笔记本电脑（第7代处理器）,笔记本电脑,品牌14,17英寸,第7代处理器,黑色,16*1*1,9,AN17E,艾米丽,出库,30037,拣货
CaTE18FiWh,白色 品牌04 1800 文件柜（文件收纳）,文件柜,品牌04,1800,文件收纳,白色,8*1*1,3,DO08B,劳拉,出库,30067,拣货
OfXEMHeBl,黑色 品牌06 中号 办公椅（头枕）,办公椅,品牌06,中号,头枕,黑色,16*1*1,16,CG08F,克里斯,出库,30083,拣货
MoRe35BlBl,黑色 品牌10 350 鼠标（蓝牙）,鼠标,品牌10,350,蓝牙,黑色,16*10*1,159,AW07G,大卫,出库,30064,拣货
CaTE12FiBe,米色 品牌04 1200 文件柜（文件收纳）,文件柜,品牌04,1200,文件收纳,米色,8*1*1,5,BG57A,劳拉,出库,30040,拣货
DrQE12DoBl,黑色 品牌01 1200 抽屉柜（带门式）,抽屉柜,品牌01,1200,带门式,黑色,8*1*1,8,CT83E,约翰,出库,30081,拣货
TVEs50S4Si,银色 品牌32 50英寸 电视机（超级超高清）,电视机,品牌32,50英寸,超级超高清,银色,8*1*1,7,BR78H,大卫,出库,30050,拣货
OfSESAdGr,灰色 品牌08 小号 办公椅（可调节）,办公椅,品牌08,小号,可调节,灰色,16*1*1,1,AJ61E,大卫,出库,30092,拣货
NoExA3ruBl,黑色 品牌16 三号纸 笔记本（横线）,笔记本,品牌16,三号纸,横线,黑色,48*10*5,2400,AZ30A,迈克,出库,30032,拣货
CuWE90SlBe,米色 品牌02 900 储物柜（滑动式）,储物柜,品牌02,900,滑动式,米色,8*1*1,8,BL81B,大卫,出库,30000,拣货
MoHc27ErPi,粉色 品牌09 270 鼠标（人体工学）,鼠标,品牌09,270,人体工学,粉色,16*10*1,74,BT73B,简,出库,30014,拣货
OfXEMLeGr,灰色 品牌06 中号 办公椅（皮革）,办公椅,品牌06,中号,皮革,灰色,16*1*1,3,BX37F,劳拉,出库,30050,拣货
MoPH35ErBl,黑色 品牌12 350 鼠标（人体工学）,鼠标,品牌12,350,人体工学,黑色,16*10*1,98,CW79A,亚历克斯,出库,30005,拣货
NoGrA5liBl,黑色 品牌18 五号纸 笔记本（线条）,笔记本,品牌18,五号纸,线条,黑色,48*10*5,2400,BN20B,艾米,出库,30068,拣货
OfAEMErGr,灰色 品牌05 中号 办公椅（人体工学）,办公椅,品牌05,中号,人体工学,灰色,16*1*1,16,BN25G,大卫,出库,30045,拣货
CuQE12SlBl,黑色 品牌01 1200 储物柜（滑动式）,储物柜,品牌01,1200,滑动式,黑色,8*1*1,8,BQ64D,莎拉,出库,30048,拣货
OfAESErGr,灰色 品牌05 小号 办公椅（人体工学）,办公椅,品牌05,小号,人体工学,灰色,16*1*1,16,CV54G,大卫,出库,30084,拣货
DrTE18FiWh,白色 品牌04 1800 抽屉柜（文件收纳）,抽屉柜,品牌04,1800,文件收纳,白色,8*1*1,8,CS76B,莎拉,出库,30089,拣货
GaOGLLeBl,黑色 品牌07 大号 游戏椅（皮革）,游戏椅,品牌07,大号,皮革,黑色,16*1*1,16,DU88G,艾米,出库,30065,拣货
PrPHA2LaBl,黑色 品牌12 二号纸 打印机（激光）,打印机,品牌12,二号纸,激光,黑色,16*1*1,16,CY75A,劳拉,出库,30056,拣货
PeAl24HeGr,灰色 品牌20 24 铅笔（六角形）,铅笔,品牌20,24,六角形,灰色,48*10*5,1727,DG03C,简,出库,30007,拣货
PeGi24WaPi,粉色 品牌21 24 铅笔（水彩）,铅笔,品牌21,24,水彩,粉色,48*10*5,2052,BI10G,艾米丽,出库,30051,拣货
DrRG18LoWh,白色 品牌03 1800 抽屉柜（储物锁柜）,抽屉柜,品牌03,1800,储物锁柜,白色,8*1*1,8,CL59B,亚历克斯,出库,30060,拣货
LaOv1516Bl,黑色 品牌13 15英寸 笔记本电脑（16吉字节内存）,笔记本电脑,品牌13,15英寸,16吉字节内存,黑色,16*1*1,16,DM17D,艾米丽,出库,30042,拣货
OfSEMLeBl,黑色 品牌08 中号 办公椅（皮革）,办公椅,品牌08,中号,皮革,黑色,16*1*1,16,CK88B,约翰,出库,30074,拣货
PrReA2WiWh,白色 品牌24 二号纸 打印机（无线网络）,打印机,品牌24,二号纸,无线网络,白色,16*1*1,16,CS01D,亚历克斯,出库,30062,拣货
AlPH15i7Gr,灰色 品牌12 15英寸 一体机（第7代处理器）,一体机,品牌12,15英寸,第7代处理器,灰色,16*1*1,16,AG29H,劳拉,出库,30021,拣货
SPGi12HeBl,黑色 品牌21 12 触控笔（六角形）,触控笔,品牌21,12,六角形,黑色,48*10*5,2400,CH37F,约翰,出库,30029,拣货
TVGL32SFSi,银色 品牌31 32英寸 电视机（超级全高清）,电视机,品牌31,32英寸,超级全高清,银色,8*1*1,8,CN05F,莎拉,出库,30024,拣货
PrSoA2LaMi,混合色 品牌25 二号纸 打印机（激光）,打印机,品牌25,二号纸,激光,混合色,16*1*1,6,AO48G,约翰,出库,30065,拣货
KePH35BlWh,白色 品牌12 350 键盘（蓝牙）,键盘,品牌12,350,蓝牙,白色,16*10*1,160,CN33E,克里斯,出库,30036,拣货
AlSu178GBl,黑色 品牌11 17英寸 一体机（8吉字节内存）,一体机,品牌11,17英寸,8吉字节内存,黑色,16*1*1,16,DF70F,亚历克斯,出库,30070,拣货
GaOGSErWh,白色 品牌07 小号 游戏椅（人体工学）,游戏椅,品牌07,小号,人体工学,白色,16*1*1,16,AP09F,劳拉,出库,30084,拣货
DrTE90FiBl,黑色 品牌04 900 抽屉柜（文件收纳）,抽屉柜,品牌04,900,文件收纳,黑色,8*1*1,3,AS26A,莎拉,出库,30032,拣货
CaWE18DoBe,米色 品牌02 1800 文件柜（带门式）,文件柜,品牌02,1800,带门式,米色,8*1*1,3,AO81C,克里斯,出库,30022,拣货
GaAEMHeBl,黑色 品牌05 中号 游戏椅（头枕）,游戏椅,品牌05,中号,头枕,黑色,16*1*1,9,BI24C,约翰,出库,30083,拣货
TVGn32S4Wh,白色 品牌30 32英寸 电视机（超级超高清）,电视机,品牌30,32英寸,超级超高清,白色,8*1*1,8,CO14A,迈克,出库,30012,拣货
CuTE90SlBl,黑色 品牌04 900 储物柜（滑动式）,储物柜,品牌04,900,滑动式,黑色,8*1*1,4,BR51C,艾米丽,出库,30017,拣货
OfXELLeGr,灰色 品牌06 大号 办公椅（皮革）,办公椅,品牌06,大号,皮革,灰色,16*1*1,16,DR41F,亚历克斯,出库,30049,拣货
DrQE18SlWh,白色 品牌01 1800 抽屉柜（滑动式）,抽屉柜,品牌01,1800,滑动式,白色,8*1*1,8,BF67B,劳拉,出库,30091,拣货
PrPHA4InBl,黑色 品牌12 四号纸 打印机（喷墨）,打印机,品牌12,四号纸,喷墨,黑色,16*1*1,16,AV22G,亚历克斯,出库,30092,拣货
TaAE18AdGr,灰色 品牌05 1800 桌子（可调节）,桌子,品牌05,1800,可调节,灰色,8*1*1,8,CI46G,亚历克斯,出库,30031,拣货
CaRG90LoBe,米色 品牌03 900 文件柜（储物锁柜）,文件柜,品牌03,900,储物锁柜,米色,8*1*1,8,BQ10F,艾米丽,出库,30002,拣货
SPAl12WaPi,粉色 品牌20 12 触控笔（水彩）,触控笔,品牌20,12,水彩,粉色,48*10*5,48,DL25H,迈克,出库,30074,拣货
LaPH1716Si,银色 品牌12 17英寸 笔记本电脑（16吉字节内存）,笔记本电脑,品牌12,17英寸,16吉字节内存,银色,16*1*1,8,BG06D,亚历克斯,出库,30085,拣货
AlPH1532Gr,灰色 品牌12 15英寸 一体机（32吉字节内存）,一体机,品牌12,15英寸,32吉字节内存,灰色,16*1*1,16,AX25H,简,出库,30011,拣货
TaTR18AuWh,白色 品牌29 1800 桌子（自动调节）,桌子,品牌29,1800,自动调节,白色,8*1*1,2,CZ63E,克里斯,出库,30050,拣货
PrPHA4WiMi,混合色 品牌12 四号纸 打印机（无线网络）,打印机,品牌12,四号纸,无线网络,混合色,16*1*1,16,BF07D,约翰,出库,30039,拣货
KePH35WiWh,白色 品牌12 350 键盘（有线）,键盘,品牌12,350,有线,白色,16*10*1,160,AY74G,简,出库,30087,拣货
KeRe45BlBl,黑色 品牌10 450 键盘（蓝牙）,键盘,品牌10,450,蓝牙,黑色,16*10*1,160,BZ52B,约翰,出库,30073,拣货
DrQE18LoBl,黑色 品牌01 1800 抽屉柜（储物锁柜）,抽屉柜,品牌01,1800,储物锁柜,黑色,8*1*1,8,DM43H,艾米,出库,30066,拣货
GaSEMErWh,白色 品牌08 中号 游戏椅（人体工学）,游戏椅,品牌08,中号,人体工学,白色,16*1*1,16,CG11C,迈克,出库,30005,拣货
DrTE18LoWh,白色 品牌04 1800 抽屉柜（储物锁柜）,抽屉柜,品牌04,1800,储物锁柜,白色,8*1*1,8,CL22A,克里斯,出库,30047,拣货
MoSu35WiNa,藏青色 品牌11 350 鼠标（有线）,鼠标,品牌11,350,有线,藏青色,16*10*1,160,CP91E,简,出库,30046,拣货
GaXESHeBl,黑色 品牌06 小号 游戏椅（头枕）,游戏椅,品牌06,小号,头枕,黑色,16*1*1,12,CJ45C,约翰,出库,30029,拣货
LaRe158GWh,白色 品牌14 15英寸 笔记本电脑（8吉字节内存）,笔记本电脑,品牌14,15英寸,8吉字节内存,白色,16*1*1,10,CJ65C,亚历克斯,出库,30088,拣货
TVGn42S4Si,银色 品牌30 42英寸 电视机（超级超高清）,电视机,品牌30,42英寸,超级超高清,银色,8*1*1,8,BL65C,克里斯,出库,30068,拣货
PeGi50HeWh,白色 品牌21 50 铅笔（六角形）,铅笔,品牌21,50,六角形,白色,48*10*5,1323,AL63C,克里斯,出库,30032,拣货
GaXESErWh,白色 品牌06 小号 游戏椅（人体工学）,游戏椅,品牌06,小号,人体工学,白色,16*1*1,11,CX57H,简,出库,30081,拣货
TaTR18WoGr,灰色 品牌29 1800 桌子（工作站）,桌子,品牌29,1800,工作站,灰色,8*1*1,8,DY87E,大卫,出库,30064,拣货
LaYn15i5Gr,灰色 品牌15 15英寸 笔记本电脑（第5代处理器）,笔记本电脑,品牌15,15英寸,第5代处理器,灰色,16*1*1,16,BK84C,大卫,出库,30099,拣货
CaQE12DoWh,白色 品牌01 1200 文件柜（带门式）,文件柜,品牌01,1200,带门式,白色,8*1*1,8,AI39H,简,出库,30064,拣货
MoPH45MePi,粉色 品牌12 450 鼠标（机械式）,鼠标,品牌12,450,机械式,粉色,16*10*1,25,AK91A,迈克,出库,30038,拣货
OfSEMErBl,黑色 品牌08 中号 办公椅（人体工学）,办公椅,品牌08,中号,人体工学,黑色,16*1*1,11,BT49H,亚历克斯,出库,30077,拣货
LaPH158GSi,银色 品牌12 15英寸 笔记本电脑（8吉字节内存）,笔记本电脑,品牌12,15英寸,8吉字节内存,银色,16*1*1,16,CU96A,迈克,出库,30024,拣货
TVYn75FHSi,银色 品牌15 75英寸 电视机（全高清）,电视机,品牌15,75英寸,全高清,银色,8*1*1,8,AQ42E,莎拉,出库,30008,拣货
CaQE18SlGr,灰色 品牌01 1800 文件柜（滑动式）,文件柜,品牌01,1800,滑动式,灰色,8*1*1,8,BJ88A,劳拉,出库,30079,拣货
TVGn32S4Si,银色 品牌30 32英寸 电视机（超级超高清）,电视机,品牌30,32英寸,超级超高清,银色,8*1*1,8,CF86F,约翰,出库,30044,拣货
SPRe12WaBl,黑色 品牌22 12 触控笔（水彩）,触控笔,品牌22,12,水彩,黑色,48*10*5,2400,AX26E,迈克,出库,30014,拣货
PrPHA3MoGr,灰色 品牌12 三号纸 打印机（黑白）,打印机,品牌12,三号纸,黑白,灰色,16*1*1,2,DL25F,约翰,出库,30007,拣货
PrNoA2WiMi,混合色 品牌26 二号纸 打印机（无线网络）,打印机,品牌26,二号纸,无线网络,混合色,16*1*1,3,CU58C,克里斯,出库,30000,拣货
LaRe14i7Si,银色 品牌14 14英寸 笔记本电脑（第7代处理器）,笔记本电脑,品牌14,14英寸,第7代处理器,银色,16*1*1,16,BU93A,莎拉,出库,30003,拣货
MoRe35WiNa,藏青色 品牌10 350 鼠标（有线）,鼠标,品牌10,350,有线,藏青色,16*10*1,15,BL31A,亚历克斯,出库,30085,拣货
CuTE18DoBl,黑色 品牌04 1800 储物柜（带门式）,储物柜,品牌04,1800,带门式,黑色,8*1*1,6,CN66D,亚历克斯,出库,30065,拣货
TVYn32SFSi,银色 品牌15 32英寸 电视机（超级全高清）,电视机,品牌15,32英寸,超级全高清,银色,8*1*1,8,BL92F,约翰,出库,30071,拣货
OfSESHeGr,灰色 品牌08 小号 办公椅（头枕）,办公椅,品牌08,小号,头枕,灰色,16*1*1,16,DH24B,莎拉,出库,30078,拣货
AlPH158GWh,白色 品牌12 15英寸 一体机（8吉字节内存）,一体机,品牌12,15英寸,8吉字节内存,白色,16*1*1,16,CF38H,艾米丽,出库,30074,拣货
NoGrA5ruBl,黑色 品牌18 五号纸 笔记本（横线）,笔记本,品牌18,五号纸,横线,黑色,48*10*5,2400,CR63F,亚历克斯,出库,30023,拣货
MoHc27WiWh,白色 品牌09 270 鼠标（有线）,鼠标,品牌09,270,有线,白色,16*10*1,160,AG38D,约翰,出库,30039,拣货
CaTE12DoGr,灰色 品牌04 1200 文件柜（带门式）,文件柜,品牌04,1200,带门式,灰色,8*1*1,8,AP53B,简,出库,30022,拣货
NoGrA4doWh,白色 品牌18 四号纸 笔记本（点阵）,笔记本,品牌18,四号纸,点阵,白色,48*10*5,2400,BI34G,艾米丽,出库,30013,拣货
TaTR18FrSi,银色 品牌28 1800 桌子（框架式）,桌子,品牌28,1800,框架式,银色,8*1*1,6,DI97C,简,出库,30045,拣货
AlSu14i5Si,银色 品牌11 14英寸 一体机（第5代处理器）,一体机,品牌11,14英寸,第5代处理器,银色,16*1*1,2,BQ66F,克里斯,出库,30017,拣货
LaYn15i5Gr,灰色 品牌15 15英寸 笔记本电脑（第5代处理器）,笔记本电脑,品牌15,15英寸,第5代处理器,灰色,16*1*1,16,BU72D,亚历克斯,出库,30093,拣货
TVGL32SFWh,白色 品牌31 32英寸 电视机（超级全高清）,电视机,品牌31,32英寸,超级全高清,白色,8*1*1,8,CU76C,克里斯,出库,30013,拣货
PeGi24WaGr,灰色 品牌21 24 铅笔（水彩）,铅笔,品牌21,24,水彩,灰色,48*10*5,1327,DY58A,大卫,出库,30087,拣货
LaOv17i5Bl,黑色 品牌13 17英寸 笔记本电脑（第5代处理器）,笔记本电脑,品牌13,17英寸,第5代处理器,黑色,16*1*1,16,AS90H,大卫,出库,30006,拣货
PrReA3LaWh,白色 品牌24 三号纸 打印机（激光）,打印机,品牌24,三号纸,激光,白色,16*1*1,1,AV08B,克里斯,出库,30001,拣货
KeHc45WiPi,粉色 品牌09 450 键盘（有线）,键盘,品牌09,450,有线,粉色,16*10*1,67,AH20A,劳拉,出库,30057,拣货
TVYn424KBl,黑色 品牌15 42英寸 电视机（超高清）,电视机,品牌15,42英寸,超高清,黑色,8*1*1,8,DJ43H,简,出库,30096,拣货
CuRG12FiGr,灰色 品牌03 1200 储物柜（文件收纳）,储物柜,品牌03,1200,文件收纳,灰色,8*1*1,1,AR64A,莎拉,出库,30046,拣货
TaAE18FrBl,黑色 品牌05 1800 桌子（框架式）,桌子,品牌05,1800,框架式,黑色,8*1*1,2,BV71D,简,出库,30039,拣货
KePH35WiNa,藏青色 品牌12 350 键盘（有线）,键盘,品牌12,350,有线,藏青色,16*10*1,160,AH20D,大卫,出库,30061,拣货
OfSESHeGr,灰色 品牌08 小号 办公椅（头枕）,办公椅,品牌08,小号,头枕,灰色,16*1*1,11,DQ89D,约翰,出库,30099,拣货
NoScA3ruBl,黑色 品牌17 三号纸 笔记本（横线）,笔记本,品牌17,三号纸,横线,黑色,48*10*5,1687,AG10D,大卫,出库,30043,拣货
CaWE12SlGr,灰色 品牌02 1200 文件柜（滑动式）,文件柜,品牌02,1200,滑动式,灰色,8*1*1,1,BJ38G,莎拉,出库,30089,拣货
AlSu1532Si,银色 品牌11 15英寸 一体机（32吉字节内存）,一体机,品牌11,15英寸,32吉字节内存,银色,16*1*1,10,CI63F,莎拉,出库,30075,拣货
DrTE90FiBl,黑色 品牌04 900 抽屉柜（文件收纳）,抽屉柜,品牌04,900,文件收纳,黑色,8*1*1,3,BS94B,亚历克斯,出库,30072,拣货
TVEs75FHGr,灰色 品牌32 75英寸 电视机（全高清）,电视机,品牌32,75英寸,全高清,灰色,8*1*1,8,BZ39F,约翰,出库,30056,拣货
KePH45WiBl,黑色 品牌12 450 键盘（有线）,键盘,品牌12,450,有线,黑色,16*10*1,31,CP23A,亚历克斯,出库,30062,拣货
TVGL654KBl,黑色 品牌31 65英寸 电视机（超高清）,电视机,品牌31,65英寸,超高清,黑色,8*1*1,8,BV63A,约翰,出库,30005,拣货
PrSoA2MoBl,黑色 品牌25 二号纸 打印机（黑白）,打印机,品牌25,二号纸,黑白,黑色,16*1*1,16,AM75G,克里斯,出库,30063,拣货
LaPH15i5Gr,灰色 品牌12 15英寸 笔记本电脑（第5代处理器）,笔记本电脑,品牌12,15英寸,第5代处理器,灰色,16*1*1,16,DK56E,克里斯,出库,30094,拣货
PrReA4WiMi,混合色 品牌24 四号纸 打印机（无线网络）,打印机,品牌24,四号纸,无线网络,混合色,16*1*1,16,AT21D,克里斯,出库,30045,拣货
PrSoA2MoBl,黑色 品牌25 二号纸 打印机（黑白）,打印机,品牌25,二号纸,黑白,黑色,16*1*1,9,CG12C,亚历克斯,出库,30072,拣货
AlSu1516Wh,白色 品牌11 15英寸 一体机（16吉字节内存）,一体机,品牌11,15英寸,16吉字节内存,白色,16*1*1,16,AU48A,克里斯,出库,30068,拣货
PeRe24SoPi,粉色 品牌22 24 铅笔（可溶性）,铅笔,品牌22,24,可溶性,粉色,48*10*5,591,AH27C,迈克,出库,30099,拣货
MoHc27MePi,粉色 品牌09 270 鼠标（机械式）,鼠标,品牌09,270,机械式,粉色,16*10*1,127,CY23F,艾米丽,出库,30066,拣货
DrTE12FiBe,米色 品牌04 1200 抽屉柜（文件收纳）,抽屉柜,品牌04,1200,文件收纳,米色,8*1*1,4,DM86C,大卫,出库,30078,拣货
LaPH1432Gr,灰色 品牌12 14英寸 笔记本电脑（32吉字节内存）,笔记本电脑,品牌12,14英寸,32吉字节内存,灰色,16*1*1,6,BT37B,约翰,出库,30028,拣货
TVGL50S4Gr,灰色 品牌31 50英寸 电视机（超级超高清）,电视机,品牌31,50英寸,超级超高清,灰色,8*1*1,8,AX74E,简,出库,30028,拣货
TVEs32S4Si,银色 品牌32 32英寸 电视机（超级超高清）,电视机,品牌32,32英寸,超级超高清,银色,8*1*1,7,AP97D,大卫,出库,30091,拣货
GaSELAdWh,白色 品牌08 大号 游戏椅（可调节）,游戏椅,品牌08,大号,可调节,白色,16*1*1,1,AW28A,简,出库,30095,拣货
CaWE12FiWh,白色 品牌02 1200 文件柜（文件收纳）,文件柜,品牌02,1200,文件收纳,白色,8*1*1,8,CT32F,迈克,出库,30030,拣货
AlRe1532Wh,白色 品牌14 15英寸 一体机（32吉字节内存）,一体机,品牌14,15英寸,32吉字节内存,白色,16*1*1,16,BL72C,迈克,出库,30047,拣货
TaAE18FrGr,灰色 品牌05 1800 桌子（框架式）,桌子,品牌05,1800,框架式,灰色,8*1*1,8,CQ08F,迈克,出库,30079,拣货
KeHc27ErPi,粉色 品牌09 270 键盘（人体工学）,键盘,品牌09,270,人体工学,粉色,16*10*1,63,BR06H,艾米丽,出库,30003,拣货
NoScA5doBl,黑色 品牌17 五号纸 笔记本（点阵）,笔记本,品牌17,五号纸,点阵,黑色,48*10*5,2400,AU61D,劳拉,出库,30009,拣货
PrPHA3WiMi,混合色 品牌12 三号纸 打印机（无线网络）,打印机,品牌12,三号纸,无线网络,混合色,16*1*1,15,DM76F,亚历克斯,出库,30019,拣货
AlSu1516Wh,白色 品牌11 15英寸 一体机（16吉字节内存）,一体机,品牌11,15英寸,16吉字节内存,白色,16*1*1,12,BZ50C,克里斯,出库,30018,拣货
MoSu45ErBl,黑色 品牌11 450 鼠标（人体工学）,鼠标,品牌11,450,人体工学,黑色,16*10*1,160,BY61B,简,出库,30050,拣货
LaRe17i7Si,银色 品牌14 17英寸 笔记本电脑（第7代处理器）,笔记本电脑,品牌14,17英寸,第7代处理器,银色,16*1*1,16,CH38C,莎拉,出库,30036,拣货
PeRe50SoWh,白色 品牌22 50 铅笔（可溶性）,铅笔,品牌22,50,可溶性,白色,48*10*5,428,DH07G,莎拉,出库,30071,拣货
PrSoA4LaMi,混合色 品牌25 四号纸 打印机（激光）,打印机,品牌25,四号纸,激光,混合色,16*1*1,10,DS11C,亚历克斯,出库,30053,拣货
PrReA4AlGr,灰色 品牌24 四号纸 打印机（一体式）,打印机,品牌24,四号纸,一体式,灰色,16*1*1,6,AT13A,大卫,出库,30051,拣货
OfXESLeBl,黑色 品牌06 小号 办公椅（皮革）,办公椅,品牌06,小号,皮革,黑色,16*1*1,16,BL59A,莎拉,出库,30068,拣货
DrWE18LoWh,白色 品牌02 1800 抽屉柜（储物锁柜）,抽屉柜,品牌02,1800,储物锁柜,白色,8*1*1,2,AY84H,约翰,出库,30048,拣货
MoPH27WiBl,黑色 品牌12 270 鼠标（有线）,鼠标,品牌12,270,有线,黑色,16*10*1,133,DS58G,亚历克斯,出库,30010,拣货
PrNoA2InBl,黑色 品牌26 二号纸 打印机（喷墨）,打印机,品牌26,二号纸,喷墨,黑色,16*1*1,15,CU54G,艾米丽,出库,30029,拣货
MoRe35BlNa,藏青色 品牌10 350 鼠标（蓝牙）,鼠标,品牌10,350,蓝牙,藏青色,16*10*1,54,BV09A,迈克,出库,30093,拣货
TVYn50SFSi,银色 品牌15 50英寸 电视机（超级全高清）,电视机,品牌15,50英寸,超级全高清,银色,8*1*1,8,DG44F,简,出库,30083,拣货
DrWE90FiBe,米色 品牌02 900 抽屉柜（文件收纳）,抽屉柜,品牌02,900,文件收纳,米色,8*1*1,8,DW43G,莎拉,出库,30000,拣货
OfXESAdWh,白色 品牌06 小号 办公椅（可调节）,办公椅,品牌06,小号,可调节,白色,16*1*1,7,DY41H,迈克,出库,30033,拣货
AlPH1716Bl,黑色 品牌12 17英寸 一体机（16吉字节内存）,一体机,品牌12,17英寸,16吉字节内存,黑色,16*1*1,13,CX46B,艾米,出库,30051,拣货
AlSu1532Bl,黑色 品牌11 15英寸 一体机（32吉字节内存）,一体机,品牌11,15英寸,32吉字节内存,黑色,16*1*1,16,AH39A,艾米,出库,30082,拣货
LaSu15i7Si,银色 品牌11 15英寸 笔记本电脑（第7代处理器）,笔记本电脑,品牌11,15英寸,第7代处理器,银色,16*1*1,6,CR27D,迈克,出库,30034,拣货
CuRG12DoGr,灰色 品牌03 1200 储物柜（带门式）,储物柜,品牌03,1200,带门式,灰色,8*1*1,6,BS41A,简,出库,30092,拣货
CuRG12DoGr,灰色 品牌03 1200 储物柜（带门式）,储物柜,品牌03,1200,带门式,灰色,8*1*1,8,AZ53A,迈克,出库,30037,拣货
PeNa12HeWh,白色 品牌23 12 铅笔（六角形）,铅笔,品牌23,12,六角形,白色,48*10*5,2400,CL21A,简,出库,30061,拣货
TaCI18FrWh,白色 品牌27 1800 桌子（框架式）,桌子,品牌27,1800,框架式,白色,8*1*1,8,DJ01G,克里斯,出库,30037,拣货
NoMuA5ruBl,黑色 品牌19 五号纸 笔记本（横线）,笔记本,品牌19,五号纸,横线,黑色,48*10*5,2400,BK16H,艾米,出库,30082,拣货
AlYn1432Gr,灰色 品牌15 14英寸 一体机（32吉字节内存）,一体机,品牌15,14英寸,32吉字节内存,灰色,16*1*1,16,BK57F,劳拉,出库,30008,拣货
LaRe17i5Gr,灰色 品牌14 17英寸 笔记本电脑（第5代处理器）,笔记本电脑,品牌14,17英寸,第5代处理器,灰色,16*1*1,16,DU69D,莎拉,出库,30036,拣货
DrWE18LoBe,米色 品牌02 1800 抽屉柜（储物锁柜）,抽屉柜,品牌02,1800,储物锁柜,米色,8*1*1,2,DP92E,迈克,出库,30051,拣货
NoExA5liWh,白色 品牌16 五号纸 笔记本（线条）,笔记本,品牌16,五号纸,线条,白色,48*10*5,2400,DH61C,约翰,出库,30042,拣货
CaQE12DoBl,黑色 品牌01 1200 文件柜（带门式）,文件柜,品牌01,1200,带门式,黑色,8*1*1,8,AZ73C,迈克,出库,30002,拣货
GaAELHeBl,黑色 品牌05 大号 游戏椅（头枕）,游戏椅,品牌05,大号,头枕,黑色,16*1*1,16,AK32H,亚历克斯,出库,30010,拣货
OfXEMHePi,粉色 品牌06 中号 办公椅（头枕）,办公椅,品牌06,中号,头枕,粉色,16*1*1,16,BP14G,艾米丽,出库,30017,拣货
LaRe158GGr,灰色 品牌14 15英寸 笔记本电脑（8吉字节内存）,笔记本电脑,品牌14,15英寸,8吉字节内存,灰色,16*1*1,4,AI05E,简,出库,30030,拣货
SPAl50HePi,粉色 品牌20 50 触控笔（六角形）,触控笔,品牌20,50,六角形,粉色,48*10*5,954,BW80E,大卫,出库,30055,拣货
GaOGSErPi,粉色 品牌07 小号 游戏椅（人体工学）,游戏椅,品牌07,小号,人体工学,粉色,16*1*1,14,AH87A,艾米,出库,30040,拣货
AlOv17i7Bl,黑色 品牌13 17英寸 一体机（第7代处理器）,一体机,品牌13,17英寸,第7代处理器,黑色,16*1*1,16,CY17H,约翰,出库,30053,拣货
TVGL50S4Bl,黑色 品牌31 50英寸 电视机（超级超高清）,电视机,品牌31,50英寸,超级超高清,黑色,8*1*1,8,BI65H,艾米丽,出库,30059,拣货
PrReA3LaGr,灰色 品牌24 三号纸 打印机（激光）,打印机,品牌24,三号纸,激光,灰色,16*1*1,7,BP12G,大卫,出库,30005,拣货
CuQE12LoGr,灰色 品牌01 1200 储物柜（储物锁柜）,储物柜,品牌01,1200,储物锁柜,灰色,8*1*1,8,DY94B,莎拉,出库,30001,拣货
OfOGMAdBl,黑色 品牌07 中号 办公椅（可调节）,办公椅,品牌07,中号,可调节,黑色,16*1*1,6,AT69H,亚历克斯,出库,30005,拣货
SPAl24WaPi,粉色 品牌20 24 触控笔（水彩）,触控笔,品牌20,24,水彩,粉色,48*10*5,652,DG29A,艾米丽,出库,30042,拣货
DrQE12DoBl,黑色 品牌01 1200 抽屉柜（带门式）,抽屉柜,品牌01,1200,带门式,黑色,8*1*1,2,CZ11H,劳拉,出库,30057,拣货
DrQE12LoGr,灰色 品牌01 1200 抽屉柜（储物锁柜）,抽屉柜,品牌01,1200,储物锁柜,灰色,8*1*1,8,AU32H,简,出库,30082,拣货
AlRe158GSi,银色 品牌14 15英寸 一体机（8吉字节内存）,一体机,品牌14,15英寸,8吉字节内存,银色,16*1*1,16,AP29H,亚历克斯,出库,30069,拣货
TVEs50SFGr,灰色 品牌32 50英寸 电视机（超级全高清）,电视机,品牌32,50英寸,超级全高清,灰色,8*1*1,6,CS64G,简,出库,30022,拣货
GaSEMAdWh,白色 品牌08 中号 游戏椅（可调节）,游戏椅,品牌08,中号,可调节,白色,16*1*1,9,DL61H,大卫,出库,30099,拣货
TVGn65S4Bl,黑色 品牌30 65英寸 电视机（超级超高清）,电视机,品牌30,65英寸,超级超高清,黑色,8*1*1,8,CW27C,艾米丽,出库,30023,拣货
AlRe15i5Wh,白色 品牌14 15英寸 一体机（第5代处理器）,一体机,品牌14,15英寸,第5代处理器,白色,16*1*1,8,BI55H,约翰,出库,30019,拣货
PeNa12HePi,粉色 品牌23 12 铅笔（六角形）,铅笔,品牌23,12,六角形,粉色,48*10*5,409,AY58D,劳拉,出库,30074,拣货
TVEs65SFWh,白色 品牌32 65英寸 电视机（超级全高清）,电视机,品牌32,65英寸,超级全高清,白色,8*1*1,2,DF35B,艾米丽,出库,30079,拣货
AlRe14i5Si,银色 品牌14 14英寸 一体机（第5代处理器）,一体机,品牌14,14英寸,第5代处理器,银色,16*1*1,15,BK27H,亚历克斯,出库,30086,拣货
AlOv178GSi,银色 品牌13 17英寸 一体机（8吉字节内存）,一体机,品牌13,17英寸,8吉字节内存,银色,16*1*1,2,BT80E,亚历克斯,出库,30010,拣货
PeRe12WaPi,粉色 品牌22 12 铅笔（水彩）,铅笔,品牌22,12,水彩,粉色,48*10*5,1370,BS23B,简,出库,30085,拣货
LaPH1432Si,银色 品牌12 14英寸 笔记本电脑（32吉字节内存）,笔记本电脑,品牌12,14英寸,32吉字节内存,银色,16*1*1,16,AP37B,迈克,出库,30047,拣货
TVGL654KWh,白色 品牌31 65英寸 电视机（超高清）,电视机,品牌31,65英寸,超高清,白色,8*1*1,8,AH39E,简,出库,30037,拣货
CaTE18LoGr,灰色 品牌04 1800 文件柜（储物锁柜）,文件柜,品牌04,1800,储物锁柜,灰色,8*1*1,4,BU59D,克里斯,出库,30086,拣货
MoPH45WiPi,粉色 品牌12 450 鼠标（有线）,鼠标,品牌12,450,有线,粉色,16*10*1,87,AY91D,简,出库,30027,拣货
GaOGSErBl,黑色 品牌07 小号 游戏椅（人体工学）,游戏椅,品牌07,小号,人体工学,黑色,16*1*1,4,BH52A,莎拉,出库,30019,拣货
CaQE18FiBe,米色 品牌01 1800 文件柜（文件收纳）,文件柜,品牌01,1800,文件收纳,米色,8*1*1,5,CG92H,艾米,出库,30078,拣货
NoExA4ruSi,银色 品牌16 四号纸 笔记本（横线）,笔记本,品牌16,四号纸,横线,银色,48*10*5,2202,BK31E,大卫,出库,30029,拣货
LaSu1732Wh,白色 品牌11 17英寸 笔记本电脑（32吉字节内存）,笔记本电脑,品牌11,17英寸,32吉字节内存,白色,16*1*1,16,DU24G,简,出库,30024,拣货
MoRe45MePi,粉色 品牌10 450 鼠标（机械式）,鼠标,品牌10,450,机械式,粉色,16*10*1,139,CR97B,艾米丽,出库,30065,拣货
PrPHA3MoWh,白色 品牌12 三号纸 打印机（黑白）,打印机,品牌12,三号纸,黑白,白色,16*1*1,11,CL61F,大卫,出库,30018,拣货
SPAl50WaPi,粉色 品牌20 50 触控笔（水彩）,触控笔,品牌20,50,水彩,粉色,48*10*5,2400,AH40B,莎拉,出库,30000,拣货
PrReA3InBl,黑色 品牌24 三号纸 打印机（喷墨）,打印机,品牌24,三号纸,喷墨,黑色,16*1*1,5,DJ46H,莎拉,出库,30063,拣货
AlOv178GGr,灰色 品牌13 17英寸 一体机（8吉字节内存）,一体机,品牌13,17英寸,8吉字节内存,灰色,16*1*1,16,DF21A,简,出库,30054,拣货
DrTE90SlBe,米色 品牌04 900 抽屉柜（滑动式）,抽屉柜,品牌04,900,滑动式,米色,8*1*1,8,CZ25H,莎拉,出库,30094,拣货
LaSu17i5Gr,灰色 品牌11 17英寸 笔记本电脑（第5代处理器）,笔记本电脑,品牌11,17英寸,第5代处理器,灰色,16*1*1,9,DS13D,大卫,出库,30066,拣货
PrNoA2InMi,混合色 品牌26 二号纸 打印机（喷墨）,打印机,品牌26,二号纸,喷墨,混合色,16*1*1,10,BV91F,克里斯,出库,30071,拣货
DrRG90LoBl,黑色 品牌03 900 抽屉柜（储物锁柜）,抽屉柜,品牌03,900,储物锁柜,黑色,8*1*1,8,DZ32E,亚历克斯,出库,30007,拣货
MoRe27MeNa,藏青色 品牌10 270 鼠标（机械式）,鼠标,品牌10,270,机械式,藏青色,16*10*1,110,BK55C,莎拉,出库,30057,拣货
TaTR10AuWh,白色 品牌29 1000 桌子（自动调节）,桌子,品牌29,1000,自动调节,白色,8*1*1,8,AS52B,大卫,出库,30091,拣货
PeGi12SoBl,黑色 品牌21 12 铅笔（可溶性）,铅笔,品牌21,12,可溶性,黑色,48*10*5,2160,CQ59A,亚历克斯,出库,30054,拣货
KeHc35WiBl,黑色 品牌09 350 键盘（有线）,键盘,品牌09,350,有线,黑色,16*10*1,160,AK35G,艾米,出库,30065,拣货
TVGL65S4Bl,黑色 品牌31 65英寸 电视机（超级超高清）,电视机,品牌31,65英寸,超级超高清,黑色,8*1*1,2,AS93H,迈克,出库,30043,拣货
DrRG18DoGr,灰色 品牌03 1800 抽屉柜（带门式）,抽屉柜,品牌03,1800,带门式,灰色,8*1*1,8,BY23G,艾米丽,出库,30060,拣货
TaTR10WoBl,黑色 品牌29 1000 桌子（工作站）,桌子,品牌29,1000,工作站,黑色,8*1*1,7,CY92B,艾米丽,出库,30093,拣货
LaOv1732Gr,灰色 品牌13 17英寸 笔记本电脑（32吉字节内存）,笔记本电脑,品牌13,17英寸,32吉字节内存,灰色,16*1*1,16,CN96D,劳拉,出库,30025,拣货
OfAEMErGr,灰色 品牌05 中号 办公椅（人体工学）,办公椅,品牌05,中号,人体工学,灰色,16*1*1,16,DY52D,艾米,出库,30023,拣货
TVGL32SFSi,银色 品牌31 32英寸 电视机（超级全高清）,电视机,品牌31,32英寸,超级全高清,银色,8*1*1,8,DV88C,克里斯,出库,30096,拣货
TaTR18AdSi,银色 品牌28 1800 桌子（可调节）,桌子,品牌28,1800,可调节,银色,8*1*1,8,CZ46E,大卫,出库,30005,拣货
DrRG90LoWh,白色 品牌03 900 抽屉柜（储物锁柜）,抽屉柜,品牌03,900,储物锁柜,白色,8*1*1,8,BF12D,劳拉,出库,30026,拣货
CaRG12FiBl,黑色 品牌03 1200 文件柜（文件收纳）,文件柜,品牌03,1200,文件收纳,黑色,8*1*1,1,AV13E,亚历克斯,出库,30042,拣货
AlSu14i5Si,银色 品牌11 14英寸 一体机（第5代处理器）,一体机,品牌11,14英寸,第5代处理器,银色,16*1*1,9,BX72D,约翰,出库,30073,拣货
LaYn15i5Wh,白色 品牌15 15英寸 笔记本电脑（第5代处理器）,笔记本电脑,品牌15,15英寸,第5代处理器,白色,16*1*1,1,AN30A,迈克,出库,30088,拣货
AlOv148GGr,灰色 品牌13 14英寸 一体机（8吉字节内存）,一体机,品牌13,14英寸,8吉字节内存,灰色,16*1*1,1,CP59H,莎拉,出库,30001,拣货
PrPHA3AlBl,黑色 品牌12 三号纸 打印机（一体式）,打印机,品牌12,三号纸,一体式,黑色,16*1*1,16,DF41A,约翰,出库,30051,拣货
TVEs32FHSi,银色 品牌32 32英寸 电视机（全高清）,电视机,品牌32,32英寸,全高清,银色,8*1*1,8,AF13B,迈克,出库,30044,拣货
PrReA2WiWh,白色 品牌24 二号纸 打印机（无线网络）,打印机,品牌24,二号纸,无线网络,白色,16*1*1,16,CV17G,大卫,出库,30073,拣货
TVYn65S4Wh,白色 品牌15 65英寸 电视机（超级超高清）,电视机,品牌15,65英寸,超级超高清,白色,8*1*1,1,AF42C,艾米丽,出库,30089,拣货
CuRG12LoWh,白色 品牌03 1200 储物柜（储物锁柜）,储物柜,品牌03,1200,储物锁柜,白色,8*1*1,4,DS60E,约翰,出库,30007,拣货
GaXESAdPi,粉色 品牌06 小号 游戏椅（可调节）,游戏椅,品牌06,小号,可调节,粉色,16*1*1,8,BW51H,克里斯,出库,30026,拣货
PeRe50WaGr,灰色 品牌22 50 铅笔（水彩）,铅笔,品牌22,50,水彩,灰色,48*10*5,2400,BO94B,简,出库,30077,拣货
PrSoA4MoBl,黑色 品牌25 四号纸 打印机（黑白）,打印机,品牌25,四号纸,黑白,黑色,16*1*1,8,BO94C,亚历克斯,出库,30052,拣货
OfOGMHeWh,白色 品牌07 中号 办公椅（头枕）,办公椅,品牌07,中号,头枕,白色,16*1*1,16,BJ12F,大卫,出库,30065,拣货
DrWE12DoWh,白色 品牌02 1200 抽屉柜（带门式）,抽屉柜,品牌02,1200,带门式,白色,8*1*1,7,AR85G,大卫,出库,30091,拣货
OfOGMHeWh,白色 品牌07 中号 办公椅（头枕）,办公椅,品牌07,中号,头枕,白色,16*1*1,3,AN88D,莎拉,出库,30010,拣货
AlOv158GBl,黑色 品牌13 15英寸 一体机（8吉字节内存）,一体机,品牌13,15英寸,8吉字节内存,黑色,16*1*1,16,BH29C,简,出库,30029,拣货
DrTE18SlBe,米色 品牌04 1800 抽屉柜（滑动式）,抽屉柜,品牌04,1800,滑动式,米色,8*1*1,8,BL64A,迈克,出库,30084,拣货
NoExA5liBl,黑色 品牌16 五号纸 笔记本（线条）,笔记本,品牌16,五号纸,线条,黑色,48*10*5,1648,DZ37B,大卫,出库,30055,拣货
GaXELHePi,粉色 品牌06 大号 游戏椅（头枕）,游戏椅,品牌06,大号,头枕,粉色,16*1*1,16,CS76C,大卫,出库,30015,拣货
MoPH45ErNa,藏青色 品牌12 450 鼠标（人体工学）,鼠标,品牌12,450,人体工学,藏青色,16*10*1,160,BI37E,艾米,出库,30078,拣货
PrSoA3AlMi,混合色 品牌25 三号纸 打印机（一体式）,打印机,品牌25,三号纸,一体式,混合色,16*1*1,16,AH16E,大卫,出库,30097,拣货
TaCI18FrWh,白色 品牌27 1800 桌子（框架式）,桌子,品牌27,1800,框架式,白色,8*1*1,8,BR56F,克里斯,出库,30093,拣货
GaAEMAdGr,灰色 品牌05 中号 游戏椅（可调节）,游戏椅,品牌05,中号,可调节,灰色,16*1*1,16,AW20C,克里斯,出库,30058,拣货
LaSu14i7Wh,白色 品牌11 14英寸 笔记本电脑（第7代处理器）,笔记本电脑,品牌11,14英寸,第7代处理器,白色,16*1*1,16,AR06C,迈克,出库,30067,拣货
TaAE15AdBl,黑色 品牌05 1500 桌子（可调节）,桌子,品牌05,1500,可调节,黑色,8*1*1,7,DY59G,克里斯,出库,30069,拣货
LaOv148GGr,灰色 品牌13 14英寸 笔记本电脑（8吉字节内存）,笔记本电脑,品牌13,14英寸,8吉字节内存,灰色,16*1*1,16,AP47H,简,出库,30050,拣货
GaAELErBl,黑色 品牌05 大号 游戏椅（人体工学）,游戏椅,品牌05,大号,人体工学,黑色,16*1*1,16,DL75H,简,出库,30029,拣货
AlSu1732Si,银色 品牌11 17英寸 一体机（32吉字节内存）,一体机,品牌11,17英寸,32吉字节内存,银色,16*1*1,8,DZ57G,莎拉,出库,30011,拣货
AlRe14i5Si,银色 品牌14 14英寸 一体机（第5代处理器）,一体机,品牌14,14英寸,第5代处理器,银色,16*1*1,1,AZ20D,简,出库,30017,拣货
DrWE12SlBl,黑色 品牌02 1200 抽屉柜（滑动式）,抽屉柜,品牌02,1200,滑动式,黑色,8*1*1,4,DO92B,克里斯,出库,30064,拣货
SPNa50HePi,粉色 品牌23 50 触控笔（六角形）,触控笔,品牌23,50,六角形,粉色,48*10*5,2400,BT75C,迈克,出库,30016,拣货
TVEs654KWh,白色 品牌32 65英寸 电视机（超高清）,电视机,品牌32,65英寸,超高清,白色,8*1*1,8,CG37E,约翰,出库,30017,拣货
AlPH148GWh,白色 品牌12 14英寸 一体机（8吉字节内存）,一体机,品牌12,14英寸,8吉字节内存,白色,16*1*1,3,CX54G,亚历克斯,出库,30077,拣货
CuWE12SlBl,黑色 品牌02 1200 储物柜（滑动式）,储物柜,品牌02,1200,滑动式,黑色,8*1*1,4,AZ12D,简,出库,30094,拣货
LaYn15i7Bl,黑色 品牌15 15英寸 笔记本电脑（第7代处理器）,笔记本电脑,品牌15,15英寸,第7代处理器,黑色,16*1*1,16,AT90B,大卫,出库,30029,拣货
AlPH178GSi,银色 品牌12 17英寸 一体机（8吉字节内存）,一体机,品牌12,17英寸,8吉字节内存,银色,16*1*1,16,AI26C,约翰,出库,30032,拣货
TaTR18WoSi,银色 品牌28 1800 桌子（工作站）,桌子,品牌28,1800,工作站,银色,8*1*1,8,BQ42G,艾米,出库,30083,拣货
DrTE12DoBe,米色 品牌04 1200 抽屉柜（带门式）,抽屉柜,品牌04,1200,带门式,米色,8*1*1,8,DV38F,约翰,出库,30052,拣货
LaOv15i7Gr,灰色 品牌13 15英寸 笔记本电脑（第7代处理器）,笔记本电脑,品牌13,15英寸,第7代处理器,灰色,16*1*1,16,CQ70C,约翰,出库,30013,拣货
LaOv1532Gr,灰色 品牌13 15英寸 笔记本电脑（32吉字节内存）,笔记本电脑,品牌13,15英寸,32吉字节内存,灰色,16*1*1,16,DM74D,简,出库,30092,拣货
GaAESLePi,粉色 品牌05 小号 游戏椅（皮革）,游戏椅,品牌05,小号,皮革,粉色,16*1*1,16,CY69H,简,出库,30055,拣货
PeGi12SoGr,灰色 品牌21 12 铅笔（可溶性）,铅笔,品牌21,12,可溶性,灰色,48*10*5,1455,BK44G,大卫,出库,30017,拣货
SPNa50HePi,粉色 品牌23 50 触控笔（六角形）,触控笔,品牌23,50,六角形,粉色,48*10*5,2400,BW24H,艾米,出库,30003,拣货
LaPH15i7Bl,黑色 品牌12 15英寸 笔记本电脑（第7代处理器）,笔记本电脑,品牌12,15英寸,第7代处理器,黑色,16*1*1,6,CX15D,迈克,出库,30088,拣货
LaSu1716Wh,白色 品牌11 17英寸 笔记本电脑（16吉字节内存）,笔记本电脑,品牌11,17英寸,16吉字节内存,白色,16*1*1,8,AY11D,约翰,出库,30016,拣货
KeHc35ErBl,黑色 品牌09 350 键盘（人体工学）,键盘,品牌09,350,人体工学,黑色,16*10*1,160,DW10A,艾米,出库,30099,拣货
MoHc35WiNa,藏青色 品牌09 350 鼠标（有线）,鼠标,品牌09,350,有线,藏青色,16*10*1,77,BV83C,亚历克斯,出库,30007,拣货
TVGn32SFWh,白色 品牌30 32英寸 电视机（超级全高清）,电视机,品牌30,32英寸,超级全高清,白色,8*1*1,8,CO77G,约翰,出库,30024,拣货
DrRG12LoGr,灰色 品牌03 1200 抽屉柜（储物锁柜）,抽屉柜,品牌03,1200,储物锁柜,灰色,8*1*1,8,AL09G,约翰,出库,30036,拣货
DrWE18DoGr,灰色 品牌02 1800 抽屉柜（带门式）,抽屉柜,品牌02,1800,带门式,灰色,8*1*1,8,AS22C,亚历克斯,出库,30070,拣货
PeRe50SoWh,白色 品牌22 50 铅笔（可溶性）,铅笔,品牌22,50,可溶性,白色,48*10*5,2400,CL86H,克里斯,出库,30017,拣货
PeAl24WaBl,黑色 品牌20 24 铅笔（水彩）,铅笔,品牌20,24,水彩,黑色,48*10*5,1439,AY04B,大卫,出库,30063,拣货
KeSu35WiNa,藏青色 品牌11 350 键盘（有线）,键盘,品牌11,350,有线,藏青色,16*10*1,41,BN65G,克里斯,出库,30064,拣货
TVYn32SFGr,灰色 品牌15 32英寸 电视机（超级全高清）,电视机,品牌15,32英寸,超级全高清,灰色,8*1*1,1,AW49E,莎拉,出库,30096,拣货
NoExA5doSi,银色 品牌16 五号纸 笔记本（点阵）,笔记本,品牌16,五号纸,点阵,银色,48*10*5,2227,BF18B,劳拉,出库,30068,拣货
OfAESErWh,白色 品牌05 小号 办公椅（人体工学）,办公椅,品牌05,小号,人体工学,白色,16*1*1,12,BO03A,迈克,出库,30069,拣货
CaWE18FiWh,白色 品牌02 1800 文件柜（文件收纳）,文件柜,品牌02,1800,文件收纳,白色,8*1*1,8,BV52C,艾米,出库,30017,拣货
PrNoA2InBl,黑色 品牌26 二号纸 打印机（喷墨）,打印机,品牌26,二号纸,喷墨,黑色,16*1*1,16,CM37A,劳拉,出库,30000,拣货
AlRe14i5Wh,白色 品牌14 14英寸 一体机（第5代处理器）,一体机,品牌14,14英寸,第5代处理器,白色,16*1*1,7,AW77H,莎拉,出库,30023,拣货
LaRe14i5Gr,灰色 品牌14 14英寸 笔记本电脑（第5代处理器）,笔记本电脑,品牌14,14英寸,第5代处理器,灰色,16*1*1,16,AQ02F,克里斯,出库,30023,拣货
MoPH35ErBl,黑色 品牌12 350 鼠标（人体工学）,鼠标,品牌12,350,人体工学,黑色,16*10*1,160,CH23C,约翰,出库,30049,拣货
DrTE90FiBe,米色 品牌04 900 抽屉柜（文件收纳）,抽屉柜,品牌04,900,文件收纳,米色,8*1*1,3,AZ21C,克里斯,出库,30095,拣货
PrReA3AlBl,黑色 品牌24 三号纸 打印机（一体式）,打印机,品牌24,三号纸,一体式,黑色,16*1*1,16,BW16F,简,出库,30043,拣货
MoRe35MeBl,黑色 品牌10 350 鼠标（机械式）,鼠标,品牌10,350,机械式,黑色,16*10*1,135,AN19H,艾米丽,出库,30075,拣货
MoRe45MePi,粉色 品牌10 450 鼠标（机械式）,鼠标,品牌10,450,机械式,粉色,16*10*1,146,BM84H,约翰,出库,30057,拣货
LaOv158GSi,银色 品牌13 15英寸 笔记本电脑（8吉字节内存）,笔记本电脑,品牌13,15英寸,8吉字节内存,银色,16*1*1,16,AW95B,艾米,出库,30013,拣货
SPRe24SoGr,灰色 品牌22 24 触控笔（可溶性）,触控笔,品牌22,24,可溶性,灰色,48*10*5,631,BW19B,大卫,出库,30045,拣货
PrSoA2MoGr,灰色 品牌25 二号纸 打印机（黑白）,打印机,品牌25,二号纸,黑白,灰色,16*1*1,16,BX89H,莎拉,出库,30062,拣货
PrNoA3MoMi,混合色 品牌26 三号纸 打印机（黑白）,打印机,品牌26,三号纸,黑白,混合色,16*1*1,5,AL80E,迈克,出库,30084,拣货
GaAEMErBl,黑色 品牌05 中号 游戏椅（人体工学）,游戏椅,品牌05,中号,人体工学,黑色,16*1*1,1,BU51B,简,出库,30045,拣货
LaYn15i7Wh,白色 品牌15 15英寸 笔记本电脑（第7代处理器）,笔记本电脑,品牌15,15英寸,第7代处理器,白色,16*1*1,16,AH47C,艾米,出库,30083,拣货
CaQE90DoGr,灰色 品牌01 900 文件柜（带门式）,文件柜,品牌01,900,带门式,灰色,8*1*1,8,CV53F,艾米丽,出库,30059,拣货
KeHc27WiBl,黑色 品牌09 270 键盘（有线）,键盘,品牌09,270,有线,黑色,16*10*1,156,BQ87C,大卫,出库,30083,拣货
CuTE90FiWh,白色 品牌04 900 储物柜（文件收纳）,储物柜,品牌04,900,文件收纳,白色,8*1*1,1,CG28D,莎拉,出库,30004,拣货
DrQE18SlBl,黑色 品牌01 1800 抽屉柜（滑动式）,抽屉柜,品牌01,1800,滑动式,黑色,8*1*1,5,AP67G,劳拉,出库,30073,拣货
KeHc27ErNa,藏青色 品牌09 270 键盘（人体工学）,键盘,品牌09,270,人体工学,藏青色,16*10*1,32,AH55F,迈克,出库,30062,拣货
PeNa50HeGr,灰色 品牌23 50 铅笔（六角形）,铅笔,品牌23,50,六角形,灰色,48*10*5,2400,AW55A,约翰,出库,30026,拣货
CaRG90SlGr,灰色 品牌03 900 文件柜（滑动式）,文件柜,品牌03,900,滑动式,灰色,8*1*1,4,DL28D,大卫,出库,30086,拣货
MoPH27BlWh,白色 品牌12 270 鼠标（蓝牙）,鼠标,品牌12,270,蓝牙,白色,16*10*1,160,CL64H,艾米丽,出库,30006,拣货
GaAEMHeWh,白色 品牌05 中号 游戏椅（头枕）,游戏椅,品牌05,中号,头枕,白色,16*1*1,16,AJ73G,大卫,出库,30095,拣货
PrReA3WiGr,灰色 品牌24 三号纸 打印机（无线网络）,打印机,品牌24,三号纸,无线网络,灰色,16*1*1,16,CI79B,莎拉,出库,30053,拣货
CuQE18LoBl,黑色 品牌01 1800 储物柜（储物锁柜）,储物柜,品牌01,1800,储物锁柜,黑色,8*1*1,4,CQ15A,约翰,出库,30090,拣货
MoPH35MeNa,藏青色 品牌12 350 鼠标（机械式）,鼠标,品牌12,350,机械式,藏青色,16*10*1,96,CP62C,莎拉,出库,30049,拣货
TaTR15WoGr,灰色 品牌29 1500 桌子（工作站）,桌子,品牌29,1500,工作站,灰色,8*1*1,8,BZ06H,简,出库,30088,拣货
TVGn754KBl,黑色 品牌30 75英寸 电视机（超高清）,电视机,品牌30,75英寸,超高清,黑色,8*1*1,3,DO72G,迈克,出库,30059,拣货
PeGi24HeGr,灰色 品牌21 24 铅笔（六角形）,铅笔,品牌21,24,六角形,灰色,48*10*5,2400,DZ36F,迈克,出库,30088,拣货
MoPH45WiPi,粉色 品牌12 450 鼠标（有线）,鼠标,品牌12,450,有线,粉色,16*10*1,44,CT91B,简,出库,30019,拣货
KeHc35ErWh,白色 品牌09 350 键盘（人体工学）,键盘,品牌09,350,人体工学,白色,16*10*1,160,DN74C,迈克,出库,30053,拣货
PeRe12SoBl,黑色 品牌22 12 铅笔（可溶性）,铅笔,品牌22,12,可溶性,黑色,48*10*5,2400,AZ25C,克里斯,出库,30066,拣货
KeRe45BlNa,藏青色 品牌10 450 键盘（蓝牙）,键盘,品牌10,450,蓝牙,藏青色,16*10*1,160,BX32G,莎拉,出库,30010,拣货
DrWE12SlBl,黑色 品牌02 1200 抽屉柜（滑动式）,抽屉柜,品牌02,1200,滑动式,黑色,8*1*1,8,CF59D,艾米丽,出库,30062,拣货
TaTR10AuSi,银色 品牌29 1000 桌子（自动调节）,桌子,品牌29,1000,自动调节,银色,8*1*1,1,AX35C,简,出库,30067,拣货
TaTR15WoWh,白色 品牌28 1500 桌子（工作站）,桌子,品牌28,1500,工作站,白色,8*1*1,8,CP27F,迈克,出库,30095,拣货
PrSoA2InBl,黑色 品牌25 二号纸 打印机（喷墨）,打印机,品牌25,二号纸,喷墨,黑色,16*1*1,16,AR96F,艾米,出库,30044,拣货
OfSEMLeGr,灰色 品牌08 中号 办公椅（皮革）,办公椅,品牌08,中号,皮革,灰色,16*1*1,15,DJ01E,迈克,出库,30044,拣货
PrPHA4MoMi,混合色 品牌12 四号纸 打印机（黑白）,打印机,品牌12,四号纸,黑白,混合色,16*1*1,16,CO83F,亚历克斯,出库,30014,拣货
PrReA4WiMi,混合色 品牌24 四号纸 打印机（无线网络）,打印机,品牌24,四号纸,无线网络,混合色,16*1*1,16,BQ21D,莎拉,出库,30027,拣货
PeGi24HeGr,灰色 品牌21 24 铅笔（六角形）,铅笔,品牌21,24,六角形,灰色,48*10*5,2400,AJ79A,亚历克斯,出库,30012,拣货
TVEs65SFWh,白色 品牌32 65英寸 电视机（超级全高清）,电视机,品牌32,65英寸,超级全高清,白色,8*1*1,8,BQ21F,劳拉,出库,30006,拣货
TVEs50S4Wh,白色 品牌32 50英寸 电视机（超级超高清）,电视机,品牌32,50英寸,超级超高清,白色,8*1*1,1,CF50G,劳拉,出库,30091,拣货
MoPH27MeBl,黑色 品牌12 270 鼠标（机械式）,鼠标,品牌12,270,机械式,黑色,16*10*1,160,AL98F,劳拉,出库,30026,拣货
DrTE12DoBl,黑色 品牌04 1200 抽屉柜（带门式）,抽屉柜,品牌04,1200,带门式,黑色,8*1*1,8,DZ94E,克里斯,出库,30005,拣货
SPNa24HePi,粉色 品牌23 24 触控笔（六角形）,触控笔,品牌23,24,六角形,粉色,48*10*5,1347,BF20F,克里斯,出库,30012,拣货
TVYn42FHBl,黑色 品牌15 42英寸 电视机（全高清）,电视机,品牌15,42英寸,全高清,黑色,8*1*1,8,AM61A,艾米丽,出库,30062,拣货
MoHc27BlNa,藏青色 品牌09 270 鼠标（蓝牙）,鼠标,品牌09,270,蓝牙,藏青色,16*10*1,160,CZ77C,劳拉,出库,30031,拣货
MoSu27WiNa,藏青色 品牌11 270 鼠标（有线）,鼠标,品牌11,270,有线,藏青色,16*10*1,160,DW78H,亚历克斯,出库,30096,拣货
NoGrA5doGr,灰色 品牌18 五号纸 笔记本（点阵）,笔记本,品牌18,五号纸,点阵,灰色,48*10*5,692,CQ73F,大卫,出库,30053,拣货
LaSu14i7Bl,黑色 品牌11 14英寸 笔记本电脑（第7代处理器）,笔记本电脑,品牌11,14英寸,第7代处理器,黑色,16*1*1,8,AS55E,约翰,出库,30050,拣货
AlOv158GGr,灰色 品牌13 15英寸 一体机（8吉字节内存）,一体机,品牌13,15英寸,8吉字节内存,灰色,16*1*1,16,CT10B,约翰,出库,30030,拣货
AlYn1416Wh,白色 品牌15 14英寸 一体机（16吉字节内存）,一体机,品牌15,14英寸,16吉字节内存,白色,16*1*1,4,BH60C,迈克,出库,30076,拣货
GaAEMLeWh,白色 品牌05 中号 游戏椅（皮革）,游戏椅,品牌05,中号,皮革,白色,16*1*1,16,DV16H,大卫,出库,30083,拣货
TVEs42SFGr,灰色 品牌32 42英寸 电视机（超级全高清）,电视机,品牌32,42英寸,超级全高清,灰色,8*1*1,7,DX73G,亚历克斯,出库,30019,拣货
CaWE18FiGr,灰色 品牌02 1800 文件柜（文件收纳）,文件柜,品牌02,1800,文件收纳,灰色,8*1*1,5,CM88C,艾米,出库,30029,拣货
PeRe50HeWh,白色 品牌22 50 铅笔（六角形）,铅笔,品牌22,50,六角形,白色,48*10*5,2400,DN31E,劳拉,出库,30032,拣货
PrPHA3WiGr,灰色 品牌12 三号纸 打印机（无线网络）,打印机,品牌12,三号纸,无线网络,灰色,16*1*1,13,DX25H,亚历克斯,出库,30035,拣货
KeSu35WiWh,白色 品牌11 350 键盘（有线）,键盘,品牌11,350,有线,白色,16*10*1,160,BW79G,大卫,出库,30033,拣货
TVYn32SFGr,灰色 品牌15 32英寸 电视机（超级全高清）,电视机,品牌15,32英寸,超级全高清,灰色,8*1*1,8,BO44E,大卫,出库,30074,拣货
CaWE18LoBe,米色 品牌02 1800 文件柜（储物锁柜）,文件柜,品牌02,1800,储物锁柜,米色,8*1*1,8,AO93F,亚历克斯,出库,30000,拣货
PrReA2AlMi,混合色 品牌24 二号纸 打印机（一体式）,打印机,品牌24,二号纸,一体式,混合色,16*1*1,16,DU66D,大卫,出库,30056,拣货
LaRe1432Bl,黑色 品牌14 14英寸 笔记本电脑（32吉字节内存）,笔记本电脑,品牌14,14英寸,32吉字节内存,黑色,16*1*1,1,BW98B,简,出库,30028,拣货
LaOv14i5Gr,灰色 品牌13 14英寸 笔记本电脑（第5代处理器）,笔记本电脑,品牌13,14英寸,第5代处理器,灰色,16*1*1,16,BG18G,莎拉,出库,30095,拣货
TVGL32S4Si,银色 品牌31 32英寸 电视机（超级超高清）,电视机,品牌31,32英寸,超级超高清,银色,8*1*1,7,AH42E,简,出库,30069,拣货
DrWE12DoGr,灰色 品牌02 1200 抽屉柜（带门式）,抽屉柜,品牌02,1200,带门式,灰色,8*1*1,8,DV06B,莎拉,出库,30063,拣货
TVGL75S4Wh,白色 品牌31 75英寸 电视机（超级超高清）,电视机,品牌31,75英寸,超级超高清,白色,8*1*1,6,AW92A,艾米,出库,30069,拣货
DrQE18LoWh,白色 品牌01 1800 抽屉柜（储物锁柜）,抽屉柜,品牌01,1800,储物锁柜,白色,8*1*1,2,DI13F,迈克,出库,30046,拣货
CaRG18FiGr,灰色 品牌03 1800 文件柜（文件收纳）,文件柜,品牌03,1800,文件收纳,灰色,8*1*1,7,CM85B,迈克,出库,30092,拣货
TaTR15FrWh,白色 品牌29 1500 桌子（框架式）,桌子,品牌29,1500,框架式,白色,8*1*1,4,BP86B,劳拉,出库,30073,拣货
CuRG12DoBl,黑色 品牌03 1200 储物柜（带门式）,储物柜,品牌03,1200,带门式,黑色,8*1*1,8,DL97H,克里斯,出库,30063,拣货
KeHc27BlNa,藏青色 品牌09 270 键盘（蓝牙）,键盘,品牌09,270,蓝牙,藏青色,16*10*1,8,AO16E,劳拉,出库,30018,拣货
LaYn1716Bl,黑色 品牌15 17英寸 笔记本电脑（16吉字节内存）,笔记本电脑,品牌15,17英寸,16吉字节内存,黑色,16*1*1,6,DS90D,大卫,出库,30025,拣货
TaTR18AuGr,灰色 品牌28 1800 桌子（自动调节）,桌子,品牌28,1800,自动调节,灰色,8*1*1,3,CO62E,亚历克斯,出库,30018,拣货
LaSu158GGr,灰色 品牌11 15英寸 笔记本电脑（8吉字节内存）,笔记本电脑,品牌11,15英寸,8吉字节内存,灰色,16*1*1,6,BX44F,迈克,出库,30095,拣货
DrQE90LoBe,米色 品牌01 900 抽屉柜（储物锁柜）,抽屉柜,品牌01,900,储物锁柜,米色,8*1*1,8,DS32C,简,出库,30043,拣货
MoPH45BlNa,藏青色 品牌12 450 鼠标（蓝牙）,鼠标,品牌12,450,蓝牙,藏青色,16*10*1,160,DU69H,艾米,出库,30014,拣货
OfOGMErBl,黑色 品牌07 中号 办公椅（人体工学）,办公椅,品牌07,中号,人体工学,黑色,16*1*1,1,BR43G,克里斯,出库,30080,拣货
PrReA2WiWh,白色 品牌24 二号纸 打印机（无线网络）,打印机,品牌24,二号纸,无线网络,白色,16*1*1,16,AT50D,劳拉,出库,30065,拣货
GaSELHeBl,黑色 品牌08 大号 游戏椅（头枕）,游戏椅,品牌08,大号,头枕,黑色,16*1*1,10,DI64B,劳拉,出库,30006,拣货
DrWE90FiBl,黑色 品牌02 900 抽屉柜（文件收纳）,抽屉柜,品牌02,900,文件收纳,黑色,8*1*1,8,AJ53F,简,出库,30012,拣货
TVGn75SFSi,银色 品牌30 75英寸 电视机（超级全高清）,电视机,品牌30,75英寸,超级全高清,银色,8*1*1,8,BU20G,亚历克斯,出库,30081,拣货
GaAEMHeWh,白色 品牌05 中号 游戏椅（头枕）,游戏椅,品牌05,中号,头枕,白色,16*1*1,2,CR63C,克里斯,出库,30098,拣货
TVGn504KWh,白色 品牌30 50英寸 电视机（超高清）,电视机,品牌30,50英寸,超高清,白色,8*1*1,8,AX01H,简,出库,30079,拣货
OfAESErPi,粉色 品牌05 小号 办公椅（人体工学）,办公椅,品牌05,小号,人体工学,粉色,16*1*1,16,AJ17C,艾米丽,出库,30037,拣货
MoHc45BlPi,粉色 品牌09 450 鼠标（蓝牙）,鼠标,品牌09,450,蓝牙,粉色,16*10*1,14,BK68G,约翰,出库,30085,拣货
GaOGMLeBl,黑色 品牌07 中号 游戏椅（皮革）,游戏椅,品牌07,中号,皮革,黑色,16*1*1,4,DZ87F,艾米丽,出库,30036,拣货
CuTE18FiGr,灰色 品牌04 1800 储物柜（文件收纳）,储物柜,品牌04,1800,文件收纳,灰色,8*1*1,4,DG77B,克里斯,出库,30086,拣货
KeRe45MeBl,黑色 品牌10 450 键盘（机械式）,键盘,品牌10,450,机械式,黑色,16*10*1,23,AJ50C,亚历克斯,出库,30071,拣货
PrNoA4AlBl,黑色 品牌26 四号纸 打印机（一体式）,打印机,品牌26,四号纸,一体式,黑色,16*1*1,16,CQ90H,劳拉,出库,30018,拣货
LaYn1416Gr,灰色 品牌15 14英寸 笔记本电脑（16吉字节内存）,笔记本电脑,品牌15,14英寸,16吉字节内存,灰色,16*1*1,16,CL31G,大卫,出库,30084,拣货
LaOv1516Si,银色 品牌13 15英寸 笔记本电脑（16吉字节内存）,笔记本电脑,品牌13,15英寸,16吉字节内存,银色,16*1*1,16,CT49E,迈克,出库,30049,拣货
TVYn32SFWh,白色 品牌15 32英寸 电视机（超级全高清）,电视机,品牌15,32英寸,超级全高清,白色,8*1*1,6,AZ50F,简,出库,30093,拣货
LaRe14i7Gr,灰色 品牌14 14英寸 笔记本电脑（第7代处理器）,笔记本电脑,品牌14,14英寸,第7代处理器,灰色,16*1*1,16,AP61H,大卫,出库,30098,拣货
CaTE18DoBe,米色 品牌04 1800 文件柜（带门式）,文件柜,品牌04,1800,带门式,米色,8*1*1,1,AR32H,迈克,出库,30009,拣货
TVYn424KBl,黑色 品牌15 42英寸 电视机（超高清）,电视机,品牌15,42英寸,超高清,黑色,8*1*1,1,BQ14B,迈克,出库,30063,拣货
PrNoA2InMi,混合色 品牌26 二号纸 打印机（喷墨）,打印机,品牌26,二号纸,喷墨,混合色,16*1*1,8,DW22A,简,出库,30005,拣货
KePH35BlPi,粉色 品牌12 350 键盘（蓝牙）,键盘,品牌12,350,蓝牙,粉色,16*10*1,160,BR92D,亚历克斯,出库,30093,拣货
GaAEMLeGr,灰色 品牌05 中号 游戏椅（皮革）,游戏椅,品牌05,中号,皮革,灰色,16*1*1,3,AS13A,简,出库,30095,拣货
TVEs324KWh,白色 品牌32 32英寸 电视机（超高清）,电视机,品牌32,32英寸,超高清,白色,8*1*1,8,BK14G,克里斯,出库,30037,拣货
TaAE18FrGr,灰色 品牌05 1800 桌子（框架式）,桌子,品牌05,1800,框架式,灰色,8*1*1,8,BS94A,艾米,出库,30085,拣货
DrTE12SlWh,白色 品牌04 1200 抽屉柜（滑动式）,抽屉柜,品牌04,1200,滑动式,白色,8*1*1,7,AV64H,迈克,出库,30015,拣货
TVGL50S4Bl,黑色 品牌31 50英寸 电视机（超级超高清）,电视机,品牌31,50英寸,超级超高清,黑色,8*1*1,8,CT47D,亚历克斯,出库,30001,拣货
PrPHA4AlMi,混合色 品牌12 四号纸 打印机（一体式）,打印机,品牌12,四号纸,一体式,混合色,16*1*1,1,DI95D,迈克,出库,30063,拣货
SPRe50WaPi,粉色 品牌22 50 触控笔（水彩）,触控笔,品牌22,50,水彩,粉色,48*10*5,2400,CG34B,艾米丽,出库,30029,拣货
AlPH158GWh,白色 品牌12 15英寸 一体机（8吉字节内存）,一体机,品牌12,15英寸,8吉字节内存,白色,16*1*1,1,AU85G,亚历克斯,出库,30074,拣货
DrQE90DoBe,米色 品牌01 900 抽屉柜（带门式）,抽屉柜,品牌01,900,带门式,米色,8*1*1,6,CP97A,亚历克斯,出库,30090,拣货
SPNa24WaWh,白色 品牌23 24 触控笔（水彩）,触控笔,品牌23,24,水彩,白色,48*10*5,2400,DI11C,迈克,出库,30042,拣货
MoHc35ErWh,白色 品牌09 350 鼠标（人体工学）,鼠标,品牌09,350,人体工学,白色,16*10*1,136,BI85G,艾米丽,出库,30095,拣货
TaTR10AdGr,灰色 品牌28 1000 桌子（可调节）,桌子,品牌28,1000,可调节,灰色,8*1*1,8,AG89D,大卫,出库,30091,拣货
AlOv14i5Wh,白色 品牌13 14英寸 一体机（第5代处理器）,一体机,品牌13,14英寸,第5代处理器,白色,16*1*1,6,DJ59F,亚历克斯,出库,30087,拣货
PrNoA3AlWh,白色 品牌26 三号纸 打印机（一体式）,打印机,品牌26,三号纸,一体式,白色,16*1*1,7,CF70H,大卫,出库,30069,拣货
TVGL50S4Wh,白色 品牌31 50英寸 电视机（超级超高清）,电视机,品牌31,50英寸,超级超高清,白色,8*1*1,8,AI61D,亚历克斯,出库,30005,拣货
KeSu27MeWh,白色 品牌11 270 键盘（机械式）,键盘,品牌11,270,机械式,白色,16*10*1,160,BM68D,克里斯,出库,30066,拣货
DrRG90FiWh,白色 品牌03 900 抽屉柜（文件收纳）,抽屉柜,品牌03,900,文件收纳,白色,8*1*1,8,CG59F,劳拉,出库,30083,拣货
TVGn42FHWh,白色 品牌30 42英寸 电视机（全高清）,电视机,品牌30,42英寸,全高清,白色,8*1*1,8,CQ14H,大卫,出库,30059,拣货
KePH45MeBl,黑色 品牌12 450 键盘（机械式）,键盘,品牌12,450,机械式,黑色,16*10*1,160,BP93D,简,出库,30051,拣货
CaTE18SlBl,黑色 品牌04 1800 文件柜（滑动式）,文件柜,品牌04,1800,滑动式,黑色,8*1*1,8,AY76A,莎拉,出库,30001,拣货
LaSu14i7Bl,黑色 品牌11 14英寸 笔记本电脑（第7代处理器）,笔记本电脑,品牌11,14英寸,第7代处理器,黑色,16*1*1,16,DS52D,劳拉,出库,30020,拣货
MoRe35WiPi,粉色 品牌10 350 鼠标（有线）,鼠标,品牌10,350,有线,粉色,16*10*1,54,DY29F,亚历克斯,出库,30006,拣货
SPAl24HePi,粉色 品牌20 24 触控笔（六角形）,触控笔,品牌20,24,六角形,粉色,48*10*5,852,CP28D,莎拉,出库,30070,拣货
AlPH1716Gr,灰色 品牌12 17英寸 一体机（16吉字节内存）,一体机,品牌12,17英寸,16吉字节内存,灰色,16*1*1,16,DJ90C,克里斯,出库,30003,拣货
LaRe1532Gr,灰色 品牌14 15英寸 笔记本电脑（32吉字节内存）,笔记本电脑,品牌14,15英寸,32吉字节内存,灰色,16*1*1,6,BI87G,克里斯,出库,30058,拣货
NoGrA5liBl,黑色 品牌18 五号纸 笔记本（线条）,笔记本,品牌18,五号纸,线条,黑色,48*10*5,1407,DR62H,大卫,出库,30016,拣货
LaRe14i7Si,银色 品牌14 14英寸 笔记本电脑（第7代处理器）,笔记本电脑,品牌14,14英寸,第7代处理器,银色,16*1*1,16,BJ49H,艾米,出库,30014,拣货
KeSu45MePi,粉色 品牌11 450 键盘（机械式）,键盘,品牌11,450,机械式,粉色,16*10*1,160,BH56H,大卫,出库,30078,拣货
AlRe1732Bl,黑色 品牌14 17英寸 一体机（32吉字节内存）,一体机,品牌14,17英寸,32吉字节内存,黑色,16*1*1,16,BO06G,约翰,出库,30015,拣货
DrQE18DoWh,白色 品牌01 1800 抽屉柜（带门式）,抽屉柜,品牌01,1800,带门式,白色,8*1*1,8,BW31D,亚历克斯,出库,30012,拣货
AlSu1532Bl,黑色 品牌11 15英寸 一体机（32吉字节内存）,一体机,品牌11,15英寸,32吉字节内存,黑色,16*1*1,9,AO15A,简,出库,30089,拣货
DrTE12FiWh,白色 品牌04 1200 抽屉柜（文件收纳）,抽屉柜,品牌04,1200,文件收纳,白色,8*1*1,6,DG52F,克里斯,出库,30082,拣货
DrWE18FiBe,米色 品牌02 1800 抽屉柜（文件收纳）,抽屉柜,品牌02,1800,文件收纳,米色,8*1*1,8,CL48E,劳拉,出库,30085,拣货
PeNa50HeWh,白色 品牌23 50 铅笔（六角形）,铅笔,品牌23,50,六角形,白色,48*10*5,2400,DZ34B,莎拉,出库,30055,拣货
TaTR18AuBl,黑色 品牌29 1800 桌子（自动调节）,桌子,品牌29,1800,自动调节,黑色,8*1*1,5,BO08G,迈克,出库,30009,拣货
CuQE12LoWh,白色 品牌01 1200 储物柜（储物锁柜）,储物柜,品牌01,1200,储物锁柜,白色,8*1*1,8,CL20B,艾米丽,出库,30041,拣货
TVYn42FHGr,灰色 品牌15 42英寸 电视机（全高清）,电视机,品牌15,42英寸,全高清,灰色,8*1*1,2,DG89F,劳拉,出库,30046,拣货
SPNa12SoPi,粉色 品牌23 12 触控笔（可溶性）,触控笔,品牌23,12,可溶性,粉色,48*10*5,2400,CK86B,迈克,出库,30035,拣货
KePH45ErBl,黑色 品牌12 450 键盘（人体工学）,键盘,品牌12,450,人体工学,黑色,16*10*1,160,CU34F,莎拉,出库,30067,拣货
CaWE90FiBl,黑色 品牌02 900 文件柜（文件收纳）,文件柜,品牌02,900,文件收纳,黑色,8*1*1,8,CN25G,大卫,出库,30051,拣货
AlSu14i7Si,银色 品牌11 14英寸 一体机（第7代处理器）,一体机,品牌11,14英寸,第7代处理器,银色,16*1*1,11,BW53E,克里斯,出库,30079,拣货
OfXELHeGr,灰色 品牌06 大号 办公椅（头枕）,办公椅,品牌06,大号,头枕,灰色,16*1*1,16,BI09A,艾米,出库,30017,拣货
LaSu14i5Si,银色 品牌11 14英寸 笔记本电脑（第5代处理器）,笔记本电脑,品牌11,14英寸,第5代处理器,银色,16*1*1,16,DO80E,艾米,出库,30093,拣货
AlRe17i7Gr,灰色 品牌14 17英寸 一体机（第7代处理器）,一体机,品牌14,17英寸,第7代处理器,灰色,16*1*1,16,DY62H,克里斯,出库,30039,拣货
AlYn15i5Gr,灰色 品牌15 15英寸 一体机（第5代处理器）,一体机,品牌15,15英寸,第5代处理器,灰色,16*1*1,14,CR15F,克里斯,出库,30027,拣货
AlSu17i7Gr,灰色 品牌11 17英寸 一体机（第7代处理器）,一体机,品牌11,17英寸,第7代处理器,灰色,16*1*1,5,AY09H,简,出库,30085,拣货
CuWE18SlBl,黑色 品牌02 1800 储物柜（滑动式）,储物柜,品牌02,1800,滑动式,黑色,8*1*1,7,BW29H,克里斯,出库,30077,拣货
PeGi50HeGr,灰色 品牌21 50 铅笔（六角形）,铅笔,品牌21,50,六角形,灰色,48*10*5,939,AF62A,约翰,出库,30069,拣货
TaTR10AdWh,白色 品牌28 1000 桌子（可调节）,桌子,品牌28,1000,可调节,白色,8*1*1,8,CX12E,劳拉,出库,30077,拣货
KeHc35BlBl,黑色 品牌09 350 键盘（蓝牙）,键盘,品牌09,350,蓝牙,黑色,16*10*1,86,BZ86C,莎拉,出库,30052,拣货
CuQE12SlBl,黑色 品牌01 1200 储物柜（滑动式）,储物柜,品牌01,1200,滑动式,黑色,8*1*1,8,AL58B,约翰,出库,30030,拣货
SPGi24WaPi,粉色 品牌21 24 触控笔（水彩）,触控笔,品牌21,24,水彩,粉色,48*10*5,2400,AX31A,艾米丽,出库,30001,拣货
TVEs654KGr,灰色 品牌32 65英寸 电视机（超高清）,电视机,品牌32,65英寸,超高清,灰色,8*1*1,4,BY23F,艾米,出库,30022,拣货
CaRG90FiWh,白色 品牌03 900 文件柜（文件收纳）,文件柜,品牌03,900,文件收纳,白色,8*1*1,8,DS55E,亚历克斯,出库,30041,拣货
GaAESAdPi,粉色 品牌05 小号 游戏椅（可调节）,游戏椅,品牌05,小号,可调节,粉色,16*1*1,16,CN32F,莎拉,出库,30011,拣货
OfAELAdWh,白色 品牌05 大号 办公椅（可调节）,办公椅,品牌05,大号,可调节,白色,16*1*1,5,AM12F,约翰,出库,30043,拣货
AlSu17i7Bl,黑色 品牌11 17英寸 一体机（第7代处理器）,一体机,品牌11,17英寸,第7代处理器,黑色,16*1*1,6,DY85H,亚历克斯,出库,30086,拣货
MoHc45MeNa,藏青色 品牌09 450 鼠标（机械式）,鼠标,品牌09,450,机械式,藏青色,16*10*1,160,CJ87D,大卫,出库,30091,拣货
TaTR15AuGr,灰色 品牌28 1500 桌子（自动调节）,桌子,品牌28,1500,自动调节,灰色,8*1*1,6,BW41H,迈克,出库,30000,拣货
SPAl50WaBl,黑色 品牌20 50 触控笔（水彩）,触控笔,品牌20,50,水彩,黑色,48*10*5,2400,BM07D,劳拉,出库,30010,拣货
CuQE12LoBe,米色 品牌01 1200 储物柜（储物锁柜）,储物柜,品牌01,1200,储物锁柜,米色,8*1*1,8,BK48D,大卫,出库,30098,拣货
TVYn32S4Wh,白色 品牌15 32英寸 电视机（超级超高清）,电视机,品牌15,32英寸,超级超高清,白色,8*1*1,1,CK22B,约翰,出库,30014,拣货
DrWE12LoGr,灰色 品牌02 1200 抽屉柜（储物锁柜）,抽屉柜,品牌02,1200,储物锁柜,灰色,8*1*1,8,BJ85B,莎拉,出库,30095,拣货
LaSu17i7Bl,黑色 品牌11 17英寸 笔记本电脑（第7代处理器）,笔记本电脑,品牌11,17英寸,第7代处理器,黑色,16*1*1,16,AL80F,简,出库,30043,拣货
DrRG90LoWh,白色 品牌03 900 抽屉柜（储物锁柜）,抽屉柜,品牌03,900,储物锁柜,白色,8*1*1,8,CM79D,艾米,出库,30064,拣货
CaTE90FiBl,黑色 品牌04 900 文件柜（文件收纳）,文件柜,品牌04,900,文件收纳,黑色,8*1*1,6,BF68C,劳拉,出库,30096,拣货
LaYn1716Bl,黑色 品牌15 17英寸 笔记本电脑（16吉字节内存）,笔记本电脑,品牌15,17英寸,16吉字节内存,黑色,16*1*1,12,BJ90E,大卫,出库,30030,拣货
NoMuA5liBl,黑色 品牌19 五号纸 笔记本（线条）,笔记本,品牌19,五号纸,线条,黑色,48*10*5,2400,DR01C,大卫,出库,30034,拣货
GaAELErBl,黑色 品牌05 大号 游戏椅（人体工学）,游戏椅,品牌05,大号,人体工学,黑色,16*1*1,3,DT02H,艾米丽,出库,30039,拣货
TaTR15WoGr,灰色 品牌29 1500 桌子（工作站）,桌子,品牌29,1500,工作站,灰色,8*1*1,8,BY26G,克里斯,出库,30083,拣货
SPNa24HePi,粉色 品牌23 24 触控笔（六角形）,触控笔,品牌23,24,六角形,粉色,48*10*5,1219,CK97G,迈克,出库,30041,拣货
LaYn1532Wh,白色 品牌15 15英寸 笔记本电脑（32吉字节内存）,笔记本电脑,品牌15,15英寸,32吉字节内存,白色,16*1*1,1,CN58B,艾米,出库,30075,拣货
DrWE12SlWh,白色 品牌02 1200 抽屉柜（滑动式）,抽屉柜,品牌02,1200,滑动式,白色,8*1*1,6,DU15B,约翰,出库,30059,拣货
TVGL424KSi,银色 品牌31 42英寸 电视机（超高清）,电视机,品牌31,42英寸,超高清,银色,8*1*1,4,AV31B,简,出库,30049,拣货
NoGrA5liWh,白色 品牌18 五号纸 笔记本（线条）,笔记本,品牌18,五号纸,线条,白色,48*10*5,286,DN26A,克里斯,出库,30068,拣货
DrRG12DoGr,灰色 品牌03 1200 抽屉柜（带门式）,抽屉柜,品牌03,1200,带门式,灰色,8*1*1,8,DV38B,简,出库,30013,拣货
PrSoA3WiMi,混合色 品牌25 三号纸 打印机（无线网络）,打印机,品牌25,三号纸,无线网络,混合色,16*1*1,5,BL62F,克里斯,出库,30089,拣货
PrNoA2AlGr,灰色 品牌26 二号纸 打印机（一体式）,打印机,品牌26,二号纸,一体式,灰色,16*1*1,16,BZ15E,艾米,出库,30084,拣货
KeSu27WiWh,白色 品牌11 270 键盘（有线）,键盘,品牌11,270,有线,白色,16*10*1,106,DS98E,大卫,出库,30095,拣货
LaOv148GWh,白色 品牌13 14英寸 笔记本电脑（8吉字节内存）,笔记本电脑,品牌13,14英寸,8吉字节内存,白色,16*1*1,5,AI36G,莎拉,出库,30015,拣货
DrRG90SlBl,黑色 品牌03 900 抽屉柜（滑动式）,抽屉柜,品牌03,900,滑动式,黑色,8*1*1,8,DT62C,简,出库,30081,拣货
CuWE18SlBl,黑色 品牌02 1800 储物柜（滑动式）,储物柜,品牌02,1800,滑动式,黑色,8*1*1,8,AO85E,简,出库,30045,拣货
LaPH17i7Si,银色 品牌12 17英寸 笔记本电脑（第7代处理器）,笔记本电脑,品牌12,17英寸,第7代处理器,银色,16*1*1,16,CX82H,大卫,出库,30080,拣货
MoPH35MeWh,白色 品牌12 350 鼠标（机械式）,鼠标,品牌12,350,机械式,白色,16*10*1,160,AM33H,莎拉,出库,30041,拣货
TaTR10AdBl,黑色 品牌28 1000 桌子（可调节）,桌子,品牌28,1000,可调节,黑色,8*1*1,8,DU70B,亚历克斯,出库,30057,拣货
CaRG90FiWh,白色 品牌03 900 文件柜（文件收纳）,文件柜,品牌03,900,文件收纳,白色,8*1*1,6,CG19A,大卫,出库,30047,拣货
AlOv14i5Wh,白色 品牌13 14英寸 一体机（第5代处理器）,一体机,品牌13,14英寸,第5代处理器,白色,16*1*1,16,AG23F,莎拉,出库,30050,拣货
KeHc27WiNa,藏青色 品牌09 270 键盘（有线）,键盘,品牌09,270,有线,藏青色,16*10*1,130,BQ27C,艾米,出库,30037,拣货
LaSu17i5Wh,白色 品牌11 17英寸 笔记本电脑（第5代处理器）,笔记本电脑,品牌11,17英寸,第5代处理器,白色,16*1*1,2,CV43G,简,出库,30050,拣货
SPRe12SoBl,黑色 品牌22 12 触控笔（可溶性）,触控笔,品牌22,12,可溶性,黑色,48*10*5,2400,BN88D,简,出库,30047,拣货
SPGi50WaGr,灰色 品牌21 50 触控笔（水彩）,触控笔,品牌21,50,水彩,灰色,48*10*5,875,CL08A,莎拉,出库,30002,拣货
TVEs65SFGr,灰色 品牌32 65英寸 电视机（超级全高清）,电视机,品牌32,65英寸,超级全高清,灰色,8*1*1,8,AY62E,约翰,出库,30079,拣货
DrQE12SlBl,黑色 品牌01 1200 抽屉柜（滑动式）,抽屉柜,品牌01,1200,滑动式,黑色,8*1*1,6,BN33C,迈克,出库,30046,拣货
PrReA2WiMi,混合色 品牌24 二号纸 打印机（无线网络）,打印机,品牌24,二号纸,无线网络,混合色,16*1*1,16,BH90A,迈克,出库,30060,拣货
KeHc45MeBl,黑色 品牌09 450 键盘（机械式）,键盘,品牌09,450,机械式,黑色,16*10*1,90,BR71B,简,出库,30082,拣货
OfOGMErBl,黑色 品牌07 中号 办公椅（人体工学）,办公椅,品牌07,中号,人体工学,黑色,16*1*1,16,CR56C,劳拉,出库,30029,拣货
PrSoA3InBl,黑色 品牌25 三号纸 打印机（喷墨）,打印机,品牌25,三号纸,喷墨,黑色,16*1*1,16,AY37H,艾米,出库,30078,拣货
NoExA4ruSi,银色 品牌16 四号纸 笔记本（横线）,笔记本,品牌16,四号纸,横线,银色,48*10*5,2400,DX56F,约翰,出库,30094,拣货
SPGi50SoWh,白色 品牌21 50 触控笔（可溶性）,触控笔,品牌21,50,可溶性,白色,48*10*5,810,BQ18B,大卫,出库,30077,拣货
LaPH1516Gr,灰色 品牌12 15英寸 笔记本电脑（16吉字节内存）,笔记本电脑,品牌12,15英寸,16吉字节内存,灰色,16*1*1,16,CJ17H,莎拉,出库,30093,拣货
CuWE18SlWh,白色 品牌02 1800 储物柜（滑动式）,储物柜,品牌02,1800,滑动式,白色,8*1*1,2,AS93F,劳拉,出库,30091,拣货
AlPH15i5Bl,黑色 品牌12 15英寸 一体机（第5代处理器）,一体机,品牌12,15英寸,第5代处理器,黑色,16*1*1,6,CK66D,劳拉,出库,30076,拣货
AlPH158GSi,银色 品牌12 15英寸 一体机（8吉字节内存）,一体机,品牌12,15英寸,8吉字节内存,银色,16*1*1,16,CQ19A,迈克,出库,30076,拣货
CuQE12LoGr,灰色 品牌01 1200 储物柜（储物锁柜）,储物柜,品牌01,1200,储物锁柜,灰色,8*1*1,8,DV94G,莎拉,出库,30021,拣货
TVGn42FHWh,白色 品牌30 42英寸 电视机（全高清）,电视机,品牌30,42英寸,全高清,白色,8*1*1,5,BT62B,艾米,出库,30048,拣货
GaOGSErGr,灰色 品牌07 小号 游戏椅（人体工学）,游戏椅,品牌07,小号,人体工学,灰色,16*1*1,10,BS39F,克里斯,出库,30085,拣货
OfOGSErBl,黑色 品牌07 小号 办公椅（人体工学）,办公椅,品牌07,小号,人体工学,黑色,16*1*1,16,DV44D,劳拉,出库,30053,拣货
SPAl24WaBl,黑色 品牌20 24 触控笔（水彩）,触控笔,品牌20,24,水彩,黑色,48*10*5,2400,CU25E,大卫,出库,30059,拣货
CuRG12LoBl,黑色 品牌03 1200 储物柜（储物锁柜）,储物柜,品牌03,1200,储物锁柜,黑色,8*1*1,7,AY67F,克里斯,出库,30005,拣货
DrWE90SlBl,黑色 品牌02 900 抽屉柜（滑动式）,抽屉柜,品牌02,900,滑动式,黑色,8*1*1,8,BZ37B,艾米,出库,30028,拣货
LaOv1432Bl,黑色 品牌13 14英寸 笔记本电脑（32吉字节内存）,笔记本电脑,品牌13,14英寸,32吉字节内存,黑色,16*1*1,16,CK97H,劳拉,出库,30063,拣货
SPGi12HeWh,白色 品牌21 12 触控笔（六角形）,触控笔,品牌21,12,六角形,白色,48*10*5,2400,BU30D,劳拉,出库,30094,拣货
KeRe45ErWh,白色 品牌10 450 键盘（人体工学）,键盘,品牌10,450,人体工学,白色,16*10*1,160,AR75G,约翰,出库,30033,拣货
TaTR10WoSi,银色 品牌29 1000 桌子（工作站）,桌子,品牌29,1000,工作站,银色,8*1*1,4,CH30C,大卫,出库,30009,拣货
DrRG18LoGr,灰色 品牌03 1800 抽屉柜（储物锁柜）,抽屉柜,品牌03,1800,储物锁柜,灰色,8*1*1,8,DU20E,简,出库,30079,拣货
KePH27MePi,粉色 品牌12 270 键盘（机械式）,键盘,品牌12,270,机械式,粉色,16*10*1,146,AZ39A,艾米丽,出库,30069,拣货
AlRe17i7Gr,灰色 品牌14 17英寸 一体机（第7代处理器）,一体机,品牌14,17英寸,第7代处理器,灰色,16*1*1,10,CS68H,莎拉,出库,30060,拣货
LaPH1432Wh,白色 品牌12 14英寸 笔记本电脑（32吉字节内存）,笔记本电脑,品牌12,14英寸,32吉字节内存,白色,16*1*1,16,BX32F,劳拉,出库,30091,拣货
TVEs50S4Gr,灰色 品牌32 50英寸 电视机（超级超高清）,电视机,品牌32,50英寸,超级超高清,灰色,8*1*1,4,AO30E,劳拉,出库,30086,拣货
TVGn65S4Bl,黑色 品牌30 65英寸 电视机（超级超高清）,电视机,品牌30,65英寸,超级超高清,黑色,8*1*1,8,DW55D,艾米丽,出库,30063,拣货
SPGi50WaPi,粉色 品牌21 50 触控笔（水彩）,触控笔,品牌21,50,水彩,粉色,48*10*5,2400,AN36F,克里斯,出库,30089,拣货
CuQE18SlGr,灰色 品牌01 1800 储物柜（滑动式）,储物柜,品牌01,1800,滑动式,灰色,8*1*1,8,BM20D,艾米,出库,30027,拣货
LaYn1516Wh,白色 品牌15 15英寸 笔记本电脑（16吉字节内存）,笔记本电脑,品牌15,15英寸,16吉字节内存,白色,16*1*1,5,CY75E,亚历克斯,出库,30046,拣货
PrReA3WiBl,黑色 品牌24 三号纸 打印机（无线网络）,打印机,品牌24,三号纸,无线网络,黑色,16*1*1,11,CF38G,艾米,出库,30080,拣货
SPGi24WaWh,白色 品牌21 24 触控笔（水彩）,触控笔,品牌21,24,水彩,白色,48*10*5,336,BM26B,艾米丽,出库,30072,拣货
TaTR10WoBl,黑色 品牌29 1000 桌子（工作站）,桌子,品牌29,1000,工作站,黑色,8*1*1,8,AO96A,简,出库,30074,拣货
TaAE15FrBl,黑色 品牌05 1500 桌子（框架式）,桌子,品牌05,1500,框架式,黑色,8*1*1,5,AH90E,约翰,出库,30003,拣货
GaSEMAdGr,灰色 品牌08 中号 游戏椅（可调节）,游戏椅,品牌08,中号,可调节,灰色,16*1*1,12,BH37F,迈克,出库,30026,拣货
MoSu35WiWh,白色 品牌11 350 鼠标（有线）,鼠标,品牌11,350,有线,白色,16*10*1,160,DQ50B,莎拉,出库,30000,拣货
NoGrA3doWh,白色 品牌18 三号纸 笔记本（点阵）,笔记本,品牌18,三号纸,点阵,白色,48*10*5,2400,DF32G,迈克,出库,30064,拣货
AlSu15i7Bl,黑色 品牌11 15英寸 一体机（第7代处理器）,一体机,品牌11,15英寸,第7代处理器,黑色,16*1*1,16,DH92F,艾米丽,出库,30074,拣货
PrNoA4LaWh,白色 品牌26 四号纸 打印机（激光）,打印机,品牌26,四号纸,激光,白色,16*1*1,4,AY44F,艾米,出库,30037,拣货
TVGL654KWh,白色 品牌31 65英寸 电视机（超高清）,电视机,品牌31,65英寸,超高清,白色,8*1*1,8,AY29G,艾米丽,出库,30083,拣货
NoGrA3doSi,银色 品牌18 三号纸 笔记本（点阵）,笔记本,品牌18,三号纸,点阵,银色,48*10*5,2400,DM15B,克里斯,出库,30021,拣货
NoExA4ruGr,灰色 品牌16 四号纸 笔记本（横线）,笔记本,品牌16,四号纸,横线,灰色,48*10*5,2400,DH78C,艾米丽,出库,30096,拣货
LaSu178GGr,灰色 品牌11 17英寸 笔记本电脑（8吉字节内存）,笔记本电脑,品牌11,17英寸,8吉字节内存,灰色,16*1*1,16,CW36G,劳拉,出库,30083,拣货
GaSESErBl,黑色 品牌08 小号 游戏椅（人体工学）,游戏椅,品牌08,小号,人体工学,黑色,16*1*1,2,BU21D,简,出库,30080,拣货
PrPHA2InMi,混合色 品牌12 二号纸 打印机（喷墨）,打印机,品牌12,二号纸,喷墨,混合色,16*1*1,16,AS43G,大卫,出库,30080,拣货
TVGn50FHGr,灰色 品牌30 50英寸 电视机（全高清）,电视机,品牌30,50英寸,全高清,灰色,8*1*1,5,CK03F,劳拉,出库,30095,拣货
TVGn654KGr,灰色 品牌30 65英寸 电视机（超高清）,电视机,品牌30,65英寸,超高清,灰色,8*1*1,8,BZ33F,劳拉,出库,30005,拣货
TVGL75S4Si,银色 品牌31 75英寸 电视机（超级超高清）,电视机,品牌31,75英寸,超级超高清,银色,8*1*1,1,AW36E,迈克,出库,30014,拣货
DrWE90DoBe,米色 品牌02 900 抽屉柜（带门式）,抽屉柜,品牌02,900,带门式,米色,8*1*1,3,AU01H,艾米丽,出库,30041,拣货
DrTE12FiWh,白色 品牌04 1200 抽屉柜（文件收纳）,抽屉柜,品牌04,1200,文件收纳,白色,8*1*1,8,BH92E,约翰,出库,30021,拣货
TVGL32S4Gr,灰色 品牌31 32英寸 电视机（超级超高清）,电视机,品牌31,32英寸,超级超高清,灰色,8*1*1,2,DH05B,莎拉,出库,30007,拣货
CuQE12DoWh,白色 品牌01 1200 储物柜（带门式）,储物柜,品牌01,1200,带门式,白色,8*1*1,8,BL78G,大卫,出库,30064,拣货
LaYn1432Bl,黑色 品牌15 14英寸 笔记本电脑（32吉字节内存）,笔记本电脑,品牌15,14英寸,32吉字节内存,黑色,16*1*1,10,CO22F,简,出库,30075,拣货
CuRG18FiGr,灰色 品牌03 1800 储物柜（文件收纳）,储物柜,品牌03,1800,文件收纳,灰色,8*1*1,1,CS85G,克里斯,出库,30028,拣货
OfOGSHeBl,黑色 品牌07 小号 办公椅（头枕）,办公椅,品牌07,小号,头枕,黑色,16*1*1,11,AF50H,艾米,出库,30078,拣货
LaOv1732Gr,灰色 品牌13 17英寸 笔记本电脑（32吉字节内存）,笔记本电脑,品牌13,17英寸,32吉字节内存,灰色,16*1*1,12,CX14A,艾米丽,出库,30088,拣货
MoHc27BlBl,黑色 品牌09 270 鼠标（蓝牙）,鼠标,品牌09,270,蓝牙,黑色,16*10*1,52,AV65F,克里斯,出库,30064,拣货
TVGL42SFWh,白色 品牌31 42英寸 电视机（超级全高清）,电视机,品牌31,42英寸,超级全高清,白色,8*1*1,8,AO17A,艾米丽,出库,30079,拣货
CaWE18FiWh,白色 品牌02 1800 文件柜（文件收纳）,文件柜,品牌02,1800,文件收纳,白色,8*1*1,8,AK93E,大卫,出库,30042,拣货
MoSu27ErWh,白色 品牌11 270 鼠标（人体工学）,鼠标,品牌11,270,人体工学,白色,16*10*1,160,BI19B,迈克,出库,30001,拣货
DrTE18LoBe,米色 品牌04 1800 抽屉柜（储物锁柜）,抽屉柜,品牌04,1800,储物锁柜,米色,8*1*1,8,CN23G,简,出库,30002,拣货
PeRe12HeWh,白色 品牌22 12 铅笔（六角形）,铅笔,品牌22,12,六角形,白色,48*10*5,2400,CU50H,劳拉,出库,30086,拣货
MoSu27BlNa,藏青色 品牌11 270 鼠标（蓝牙）,鼠标,品牌11,270,蓝牙,藏青色,16*10*1,43,AJ72G,迈克,出库,30034,拣货
TVYn75FHWh,白色 品牌15 75英寸 电视机（全高清）,电视机,品牌15,75英寸,全高清,白色,8*1*1,8,AL83E,莎拉,出库,30087,拣货
PeRe24SoPi,粉色 品牌22 24 铅笔（可溶性）,铅笔,品牌22,24,可溶性,粉色,48*10*5,2400,CS68F,迈克,出库,30037,拣货
LaYn17i5Wh,白色 品牌15 17英寸 笔记本电脑（第5代处理器）,笔记本电脑,品牌15,17英寸,第5代处理器,白色,16*1*1,10,DH50E,亚历克斯,出库,30024,拣货
MoPH27MePi,粉色 品牌12 270 鼠标（机械式）,鼠标,品牌12,270,机械式,粉色,16*10*1,101,DK38G,莎拉,出库,30060,拣货
TVGL42S4Wh,白色 品牌31 42英寸 电视机（超级超高清）,电视机,品牌31,42英寸,超级超高清,白色,8*1*1,4,AG47H,简,出库,30046,拣货
TaTR18WoBl,黑色 品牌29 1800 桌子（工作站）,桌子,品牌29,1800,工作站,黑色,8*1*1,6,DT88F,约翰,出库,30013,拣货
NoGrA3doWh,白色 品牌18 三号纸 笔记本（点阵）,笔记本,品牌18,三号纸,点阵,白色,48*10*5,2400,CL51E,亚历克斯,出库,30030,拣货
OfOGSLeGr,灰色 品牌07 小号 办公椅（皮革）,办公椅,品牌07,小号,皮革,灰色,16*1*1,4,CQ69F,简,出库,30092,拣货
MoSu45WiWh,白色 品牌11 450 鼠标（有线）,鼠标,品牌11,450,有线,白色,16*10*1,125,BH96B,艾米,出库,30077,拣货
OfOGSErWh,白色 品牌07 小号 办公椅（人体工学）,办公椅,品牌07,小号,人体工学,白色,16*1*1,16,BU74A,艾米,出库,30004,拣货
LaPH17i7Gr,灰色 品牌12 17英寸 笔记本电脑（第7代处理器）,笔记本电脑,品牌12,17英寸,第7代处理器,灰色,16*1*1,16,DW83B,约翰,出库,30075,拣货
NoGrA5doGr,灰色 品牌18 五号纸 笔记本（点阵）,笔记本,品牌18,五号纸,点阵,灰色,48*10*5,2400,AM92H,艾米,出库,30057,拣货
TaTR10AuWh,白色 品牌29 1000 桌子（自动调节）,桌子,品牌29,1000,自动调节,白色,8*1*1,8,AW09G,约翰,出库,30065,拣货
PrSoA3LaBl,黑色 品牌25 三号纸 打印机（激光）,打印机,品牌25,三号纸,激光,黑色,16*1*1,16,CR40B,克里斯,出库,30013,拣货
PrPHA4LaBl,黑色 品牌12 四号纸 打印机（激光）,打印机,品牌12,四号纸,激光,黑色,16*1*1,1,BU31G,莎拉,出库,30044,拣货
NoGrA3ruBl,黑色 品牌18 三号纸 笔记本（横线）,笔记本,品牌18,三号纸,横线,黑色,48*10*5,320,BP68D,克里斯,出库,30070,拣货
TVYn50S4Gr,灰色 品牌15 50英寸 电视机（超级超高清）,电视机,品牌15,50英寸,超级超高清,灰色,8*1*1,2,AJ92F,简,出库,30095,拣货
MoRe45MeNa,藏青色 品牌10 450 鼠标（机械式）,鼠标,品牌10,450,机械式,藏青色,16*10*1,131,CW37E,莎拉,出库,30020,拣货
OfSEMHeBl,黑色 品牌08 中号 办公椅（头枕）,办公椅,品牌08,中号,头枕,黑色,16*1*1,16,DN65C,艾米丽,出库,30038,拣货
LaYn1716Bl,黑色 品牌15 17英寸 笔记本电脑（16吉字节内存）,笔记本电脑,品牌15,17英寸,16吉字节内存,黑色,16*1*1,16,BH90E,艾米丽,出库,30036,拣货
OfOGLLeBl,黑色 品牌07 大号 办公椅（皮革）,办公椅,品牌07,大号,皮革,黑色,16*1*1,14,CV91E,简,出库,30010,拣货
LaYn1516Gr,灰色 品牌15 15英寸 笔记本电脑（16吉字节内存）,笔记本电脑,品牌15,15英寸,16吉字节内存,灰色,16*1*1,16,AW04C,简,出库,30029,拣货
PrReA3MoWh,白色 品牌24 三号纸 打印机（黑白）,打印机,品牌24,三号纸,黑白,白色,16*1*1,5,BG21B,简,出库,30070,拣货
GaAELAdPi,粉色 品牌05 大号 游戏椅（可调节）,游戏椅,品牌05,大号,可调节,粉色,16*1*1,11,AS34D,大卫,出库,30094,拣货
TaTR18FrGr,灰色 品牌29 1800 桌子（框架式）,桌子,品牌29,1800,框架式,灰色,8*1*1,7,DV04E,劳拉,出库,30004,拣货
NoScA5doGr,灰色 品牌17 五号纸 笔记本（点阵）,笔记本,品牌17,五号纸,点阵,灰色,48*10*5,538,BN14G,莎拉,出库,30056,拣货
TVGL424KBl,黑色 品牌31 42英寸 电视机（超高清）,电视机,品牌31,42英寸,超高清,黑色,8*1*1,8,DV02G,克里斯,出库,30030,拣货
NoExA3liSi,银色 品牌16 三号纸 笔记本（线条）,笔记本,品牌16,三号纸,线条,银色,48*10*5,1520,CW30D,大卫,出库,30067,拣货
CuRG12DoBe,米色 品牌03 1200 储物柜（带门式）,储物柜,品牌03,1200,带门式,米色,8*1*1,6,DG86G,简,出库,30095,拣货
PrSoA3InBl,黑色 品牌25 三号纸 打印机（喷墨）,打印机,品牌25,三号纸,喷墨,黑色,16*1*1,15,AX77G,莎拉,出库,30085,拣货
TVEs504KBl,黑色 品牌32 50英寸 电视机（超高清）,电视机,品牌32,50英寸,超高清,黑色,8*1*1,8,DN98C,艾米丽,出库,30095,拣货
PrSoA3WiGr,灰色 品牌25 三号纸 打印机（无线网络）,打印机,品牌25,三号纸,无线网络,灰色,16*1*1,13,BI88H,莎拉,出库,30045,拣货
TVGL32S4Bl,黑色 品牌31 32英寸 电视机（超级超高清）,电视机,品牌31,32英寸,超级超高清,黑色,8*1*1,1,CX54E,亚历克斯,出库,30092,拣货
CuTE90SlBe,米色 品牌04 900 储物柜（滑动式）,储物柜,品牌04,900,滑动式,米色,8*1*1,8,DQ49E,约翰,出库,30017,拣货
NoScA3ruWh,白色 品牌17 三号纸 笔记本（横线）,笔记本,品牌17,三号纸,横线,白色,48*10*5,982,CX88F,大卫,出库,30028,拣货
AlSu17i5Wh,白色 品牌11 17英寸 一体机（第5代处理器）,一体机,品牌11,17英寸,第5代处理器,白色,16*1*1,16,CV77A,艾米,出库,30088,拣货
NoExA3liBl,黑色 品牌16 三号纸 笔记本（线条）,笔记本,品牌16,三号纸,线条,黑色,48*10*5,2400,BH09C,约翰,出库,30049,拣货
LaSu1732Bl,黑色 品牌11 17英寸 笔记本电脑（32吉字节内存）,笔记本电脑,品牌11,17英寸,32吉字节内存,黑色,16*1*1,16,CU81C,艾米,出库,30020,拣货
MoHc35BlBl,黑色 品牌09 350 鼠标（蓝牙）,鼠标,品牌09,350,蓝牙,黑色,16*10*1,160,CN82F,大卫,出库,30082,拣货
TaAE15AuWh,白色 品牌05 1500 桌子（自动调节）,桌子,品牌05,1500,自动调节,白色,8*1*1,8,AP93G,大卫,出库,30019,拣货
SPAl12WaGr,灰色 品牌20 12 触控笔（水彩）,触控笔,品牌20,12,水彩,灰色,48*10*5,198,BH24B,简,出库,30054,拣货
AlRe14i5Bl,黑色 品牌14 14英寸 一体机（第5代处理器）,一体机,品牌14,14英寸,第5代处理器,黑色,16*1*1,5,AG36B,艾米丽,出库,30067,拣货
KePH45BlBl,黑色 品牌12 450 键盘（蓝牙）,键盘,品牌12,450,蓝牙,黑色,16*10*1,160,CP39G,约翰,出库,30022,拣货
GaOGMHeGr,灰色 品牌07 中号 游戏椅（头枕）,游戏椅,品牌07,中号,头枕,灰色,16*1*1,16,BU73E,艾米,出库,30097,拣货
PeAl50WaGr,灰色 品牌20 50 铅笔（水彩）,铅笔,品牌20,50,水彩,灰色,48*10*5,2400,BV46E,艾米丽,出库,30001,拣货
TVGL32FHBl,黑色 品牌31 32英寸 电视机（全高清）,电视机,品牌31,32英寸,全高清,黑色,8*1*1,8,AL48C,克里斯,出库,30061,拣货
PeNa12WaWh,白色 品牌23 12 铅笔（水彩）,铅笔,品牌23,12,水彩,白色,48*10*5,2400,BQ81D,简,出库,30024,拣货
CaTE12DoBe,米色 品牌04 1200 文件柜（带门式）,文件柜,品牌04,1200,带门式,米色,8*1*1,8,CK23H,简,出库,30073,拣货
AlSu1416Bl,黑色 品牌11 14英寸 一体机（16吉字节内存）,一体机,品牌11,14英寸,16吉字节内存,黑色,16*1*1,16,CL73F,艾米丽,出库,30040,拣货
MoPH35BlBl,黑色 品牌12 350 鼠标（蓝牙）,鼠标,品牌12,350,蓝牙,黑色,16*10*1,34,BU68B,迈克,出库,30068,拣货
KeSu35WiPi,粉色 品牌11 350 键盘（有线）,键盘,品牌11,350,有线,粉色,16*10*1,38,DN03G,迈克,出库,30042,拣货
PrNoA3LaWh,白色 品牌26 三号纸 打印机（激光）,打印机,品牌26,三号纸,激光,白色,16*1*1,4,BR83A,艾米丽,出库,30093,拣货
KeHc35WiPi,粉色 品牌09 350 键盘（有线）,键盘,品牌09,350,有线,粉色,16*10*1,160,CI41A,迈克,出库,30088,拣货
CuWE90FiBe,米色 品牌02 900 储物柜（文件收纳）,储物柜,品牌02,900,文件收纳,米色,8*1*1,8,AW61A,克里斯,出库,30098,拣货
TVGn65S4Bl,黑色 品牌30 65英寸 电视机（超级超高清）,电视机,品牌30,65英寸,超级超高清,黑色,8*1*1,8,DN90B,克里斯,出库,30068,拣货
LaRe158GGr,灰色 品牌14 15英寸 笔记本电脑（8吉字节内存）,笔记本电脑,品牌14,15英寸,8吉字节内存,灰色,16*1*1,3,AQ50A,莎拉,出库,30021,拣货
AlYn15i5Gr,灰色 品牌15 15英寸 一体机（第5代处理器）,一体机,品牌15,15英寸,第5代处理器,灰色,16*1*1,16,CR17E,约翰,出库,30050,拣货
LaRe1432Gr,灰色 品牌14 14英寸 笔记本电脑（32吉字节内存）,笔记本电脑,品牌14,14英寸,32吉字节内存,灰色,16*1*1,3,CT62E,劳拉,出库,30002,拣货
LaYn148GGr,灰色 品牌15 14英寸 笔记本电脑（8吉字节内存）,笔记本电脑,品牌15,14英寸,8吉字节内存,灰色,16*1*1,8,CO58G,亚历克斯,出库,30009,拣货
NoExA4doGr,灰色 品牌16 四号纸 笔记本（点阵）,笔记本,品牌16,四号纸,点阵,灰色,48*10*5,2114,AP63A,大卫,出库,30051,拣货
OfOGLLeWh,白色 品牌07 大号 办公椅（皮革）,办公椅,品牌07,大号,皮革,白色,16*1*1,16,CN36F,克里斯,出库,30017,拣货
PeRe12HeWh,白色 品牌22 12 铅笔（六角形）,铅笔,品牌22,12,六角形,白色,48*10*5,2400,DV09H,克里斯,出库,30030,拣货
TVYn75SFGr,灰色 品牌15 75英寸 电视机（超级全高清）,电视机,品牌15,75英寸,超级全高清,灰色,8*1*1,5,CX98G,大卫,出库,30009,拣货
MoRe35WiBl,黑色 品牌10 350 鼠标（有线）,鼠标,品牌10,350,有线,黑色,16*10*1,35,AT98A,劳拉,出库,30063,拣货
LaOv17i5Gr,灰色 品牌13 17英寸 笔记本电脑（第5代处理器）,笔记本电脑,品牌13,17英寸,第5代处理器,灰色,16*1*1,16,BK82H,亚历克斯,出库,30012,拣货
PrReA3WiBl,黑色 品牌24 三号纸 打印机（无线网络）,打印机,品牌24,三号纸,无线网络,黑色,16*1*1,16,CF58A,约翰,出库,30099,拣货
SPAl24WaBl,黑色 品牌20 24 触控笔（水彩）,触控笔,品牌20,24,水彩,黑色,48*10*5,2400,CQ09C,迈克,出库,30057,拣货
PeNa50SoWh,白色 品牌23 50 铅笔（可溶性）,铅笔,品牌23,50,可溶性,白色,48*10*5,2400,DH44C,简,出库,30058,拣货
KeHc27WiBl,黑色 品牌09 270 键盘（有线）,键盘,品牌09,270,有线,黑色,16*10*1,78,BY21B,劳拉,出库,30083,拣货
TVGn50FHBl,黑色 品牌30 50英寸 电视机（全高清）,电视机,品牌30,50英寸,全高清,黑色,8*1*1,7,AG52E,莎拉,出库,30006,拣货
CuQE12DoWh,白色 品牌01 1200 储物柜（带门式）,储物柜,品牌01,1200,带门式,白色,8*1*1,8,CS56A,约翰,出库,30063,拣货
TVEs75FHSi,银色 品牌32 75英寸 电视机（全高清）,电视机,品牌32,75英寸,全高清,银色,8*1*1,2,AF07A,艾米,出库,30049,拣货
LaRe17i5Wh,白色 品牌14 17英寸 笔记本电脑（第5代处理器）,笔记本电脑,品牌14,17英寸,第5代处理器,白色,16*1*1,16,DP95H,克里斯,出库,30070,拣货
NoGrA4liGr,灰色 品牌18 四号纸 笔记本（线条）,笔记本,品牌18,四号纸,线条,灰色,48*10*5,2400,BJ20A,艾米,出库,30012,拣货
PrReA4AlGr,灰色 品牌24 四号纸 打印机（一体式）,打印机,品牌24,四号纸,一体式,灰色,16*1*1,16,DS21C,简,出库,30007,拣货
AlRe15i5Wh,白色 品牌14 15英寸 一体机（第5代处理器）,一体机,品牌14,15英寸,第5代处理器,白色,16*1*1,16,DI05C,艾米丽,出库,30022,拣货
DrWE12SlWh,白色 品牌02 1200 抽屉柜（滑动式）,抽屉柜,品牌02,1200,滑动式,白色,8*1*1,8,AH19G,约翰,出库,30093,拣货
NoGrA5liBl,黑色 品牌18 五号纸 笔记本（线条）,笔记本,品牌18,五号纸,线条,黑色,48*10*5,2400,DJ02E,艾米丽,出库,30097,拣货
TaTR10WoWh,白色 品牌29 1000 桌子（工作站）,桌子,品牌29,1000,工作站,白色,8*1*1,5,BZ71D,亚历克斯,出库,30011,拣货
DrWE90LoBl,黑色 品牌02 900 抽屉柜（储物锁柜）,抽屉柜,品牌02,900,储物锁柜,黑色,8*1*1,3,CT49F,艾米,出库,30051,拣货
MoSu45BlNa,藏青色 品牌11 450 鼠标（蓝牙）,鼠标,品牌11,450,蓝牙,藏青色,16*10*1,153,AO74D,亚历克斯,出库,30060,拣货
LaRe1532Wh,白色 品牌14 15英寸 笔记本电脑（32吉字节内存）,笔记本电脑,品牌14,15英寸,32吉字节内存,白色,16*1*1,6,DK12C,艾米丽,出库,30088,拣货
OfSELAdPi,粉色 品牌08 大号 办公椅（可调节）,办公椅,品牌08,大号,可调节,粉色,16*1*1,7,AR61B,简,出库,30035,拣货
LaSu17i5Bl,黑色 品牌11 17英寸 笔记本电脑（第5代处理器）,笔记本电脑,品牌11,17英寸,第5代处理器,黑色,16*1*1,16,BO95G,大卫,出库,30082,拣货
PrPHA3AlWh,白色 品牌12 三号纸 打印机（一体式）,打印机,品牌12,三号纸,一体式,白色,16*1*1,16,BI11C,艾米,出库,30096,拣货
MoRe35WiWh,白色 品牌10 350 鼠标（有线）,鼠标,品牌10,350,有线,白色,16*10*1,160,CY08E,亚历克斯,出库,30019,拣货
GaSESHeBl,黑色 品牌08 小号 游戏椅（头枕）,游戏椅,品牌08,小号,头枕,黑色,16*1*1,16,CT94B,劳拉,出库,30096,拣货
GaAESLeBl,黑色 品牌05 小号 游戏椅（皮革）,游戏椅,品牌05,小号,皮革,黑色,16*1*1,13,CZ28B,约翰,出库,30034,拣货
TVGn654KSi,银色 品牌30 65英寸 电视机（超高清）,电视机,品牌30,65英寸,超高清,银色,8*1*1,8,BT19H,大卫,出库,30013,拣货
LaYn1516Gr,灰色 品牌15 15英寸 笔记本电脑（16吉字节内存）,笔记本电脑,品牌15,15英寸,16吉字节内存,灰色,16*1*1,16,DP37G,简,出库,30047,拣货
KeHc35ErPi,粉色 品牌09 350 键盘（人体工学）,键盘,品牌09,350,人体工学,粉色,16*10*1,112,AW90D,克里斯,出库,30086,拣货
MoHc35BlWh,白色 品牌09 350 鼠标（蓝牙）,鼠标,品牌09,350,蓝牙,白色,16*10*1,112,AY82D,简,出库,30081,拣货
AlOv17i5Bl,黑色 品牌13 17英寸 一体机（第5代处理器）,一体机,品牌13,17英寸,第5代处理器,黑色,16*1*1,16,AW27E,约翰,出库,30001,拣货
MoPH45MeNa,藏青色 品牌12 450 鼠标（机械式）,鼠标,品牌12,450,机械式,藏青色,16*10*1,149,DL85E,约翰,出库,30016,拣货
PeRe24HeGr,灰色 品牌22 24 铅笔（六角形）,铅笔,品牌22,24,六角形,灰色,48*10*5,2400,DS37H,约翰,出库,30099,拣货
KeHc27WiBl,黑色 品牌09 270 键盘（有线）,键盘,品牌09,270,有线,黑色,16*10*1,160,CF32E,艾米,出库,30070,拣货
LaRe178GWh,白色 品牌14 17英寸 笔记本电脑（8吉字节内存）,笔记本电脑,品牌14,17英寸,8吉字节内存,白色,16*1*1,16,DZ32B,迈克,出库,30017,拣货
KeRe45MeNa,藏青色 品牌10 450 键盘（机械式）,键盘,品牌10,450,机械式,藏青色,16*10*1,160,AQ49E,约翰,出库,30078,拣货
SPRe24SoGr,灰色 品牌22 24 触控笔（可溶性）,触控笔,品牌22,24,可溶性,灰色,48*10*5,2400,CK75H,莎拉,出库,30073,拣货
TaAE18WoGr,灰色 品牌05 1800 桌子（工作站）,桌子,品牌05,1800,工作站,灰色,8*1*1,5,BK95D,约翰,出库,30008,拣货
LaSu17i5Gr,灰色 品牌11 17英寸 笔记本电脑（第5代处理器）,笔记本电脑,品牌11,17英寸,第5代处理器,灰色,16*1*1,16,DU16A,迈克,出库,30026,拣货
MoSu27WiPi,粉色 品牌11 270 鼠标（有线）,鼠标,品牌11,270,有线,粉色,16*10*1,160,AO13F,克里斯,出库,30052,拣货
GaSELHeWh,白色 品牌08 大号 游戏椅（头枕）,游戏椅,品牌08,大号,头枕,白色,16*1*1,16,BG29E,劳拉,出库,30076,拣货
OfSESHeBl,黑色 品牌08 小号 办公椅（头枕）,办公椅,品牌08,小号,头枕,黑色,16*1*1,14,DS19A,迈克,出库,30008,拣货
LaSu15i7Gr,灰色 品牌11 15英寸 笔记本电脑（第7代处理器）,笔记本电脑,品牌11,15英寸,第7代处理器,灰色,16*1*1,16,DV82E,约翰,出库,30007,拣货
AlOv148GGr,灰色 品牌13 14英寸 一体机（8吉字节内存）,一体机,品牌13,14英寸,8吉字节内存,灰色,16*1*1,16,AN52B,约翰,出库,30065,拣货
PrPHA4InGr,灰色 品牌12 四号纸 打印机（喷墨）,打印机,品牌12,四号纸,喷墨,灰色,16*1*1,11,BH09E,迈克,出库,30067,拣货
TaCI15AdWh,白色 品牌27 1500 桌子（可调节）,桌子,品牌27,1500,可调节,白色,8*1*1,8,BX60G,莎拉,出库,30064,拣货
PeAl12HePi,粉色 品牌20 12 铅笔（六角形）,铅笔,品牌20,12,六角形,粉色,48*10*5,1230,CO43F,艾米,出库,30070,拣货
AlPH17i5Gr,灰色 品牌12 17英寸 一体机（第5代处理器）,一体机,品牌12,17英寸,第5代处理器,灰色,16*1*1,16,AJ73C,迈克,出库,30030,拣货
LaPH1532Wh,白色 品牌12 15英寸 笔记本电脑（32吉字节内存）,笔记本电脑,品牌12,15英寸,32吉字节内存,白色,16*1*1,16,DL31C,克里斯,出库,30021,拣货
TVGn754KSi,银色 品牌30 75英寸 电视机（超高清）,电视机,品牌30,75英寸,超高清,银色,8*1*1,5,BZ90D,艾米丽,出库,30040,拣货
AlYn14i7Wh,白色 品牌15 14英寸 一体机（第7代处理器）,一体机,品牌15,14英寸,第7代处理器,白色,16*1*1,16,DY88A,劳拉,出库,30086,拣货
NoMuA4ruGr,灰色 品牌19 四号纸 笔记本（横线）,笔记本,品牌19,四号纸,横线,灰色,48*10*5,2400,BK98C,大卫,出库,30062,拣货
DrRG90LoGr,灰色 品牌03 900 抽屉柜（储物锁柜）,抽屉柜,品牌03,900,储物锁柜,灰色,8*1*1,8,BU43D,亚历克斯,出库,30064,拣货
PrPHA4InMi,混合色 品牌12 四号纸 打印机（喷墨）,打印机,品牌12,四号纸,喷墨,混合色,16*1*1,16,BW71F,莎拉,出库,30023,拣货
MoRe27ErBl,黑色 品牌10 270 鼠标（人体工学）,鼠标,品牌10,270,人体工学,黑色,16*10*1,160,BU61A,亚历克斯,出库,30091,拣货
AlSu1732Bl,黑色 品牌11 17英寸 一体机（32吉字节内存）,一体机,品牌11,17英寸,32吉字节内存,黑色,16*1*1,1,CN88D,约翰,出库,30061,拣货
DrWE18DoBe,米色 品牌02 1800 抽屉柜（带门式）,抽屉柜,品牌02,1800,带门式,米色,8*1*1,8,BP45G,简,出库,30097,拣货
OfSELAdWh,白色 品牌08 大号 办公椅（可调节）,办公椅,品牌08,大号,可调节,白色,16*1*1,16,DW25G,艾米,出库,30027,拣货
NoMuA3doBl,黑色 品牌19 三号纸 笔记本（点阵）,笔记本,品牌19,三号纸,点阵,黑色,48*10*5,1785,BY42C,大卫,出库,30040,拣货
LaYn158GWh,白色 品牌15 15英寸 笔记本电脑（8吉字节内存）,笔记本电脑,品牌15,15英寸,8吉字节内存,白色,16*1*1,11,BK59E,迈克,出库,30000,拣货
CuRG12DoGr,灰色 品牌03 1200 储物柜（带门式）,储物柜,品牌03,1200,带门式,灰色,8*1*1,2,AO66F,劳拉,出库,30067,拣货
GaSESHePi,粉色 品牌08 小号 游戏椅（头枕）,游戏椅,品牌08,小号,头枕,粉色,16*1*1,16,AM76F,莎拉,出库,30049,拣货
AlPH158GSi,银色 品牌12 15英寸 一体机（8吉字节内存）,一体机,品牌12,15英寸,8吉字节内存,银色,16*1*1,12,DS31B,迈克,出库,30005,拣货
TaCI15AdGr,灰色 品牌27 1500 桌子（可调节）,桌子,品牌27,1500,可调节,灰色,8*1*1,6,DH36H,艾米丽,出库,30016,拣货
GaAEMAdWh,白色 品牌05 中号 游戏椅（可调节）,游戏椅,品牌05,中号,可调节,白色,16*1*1,6,AZ32D,莎拉,出库,30081,拣货
TVGn65S4Bl,黑色 品牌30 65英寸 电视机（超级超高清）,电视机,品牌30,65英寸,超级超高清,黑色,8*1*1,8,AW25A,约翰,出库,30091,拣货
TVGn75S4Bl,黑色 品牌30 75英寸 电视机（超级超高清）,电视机,品牌30,75英寸,超级超高清,黑色,8*1*1,8,DM31A,约翰,出库,30004,拣货
TVGL754KBl,黑色 品牌31 75英寸 电视机（超高清）,电视机,品牌31,75英寸,超高清,黑色,8*1*1,8,CF34C,艾米,出库,30079,拣货
LaOv14i5Bl,黑色 品牌13 14英寸 笔记本电脑（第5代处理器）,笔记本电脑,品牌13,14英寸,第5代处理器,黑色,16*1*1,16,DN72H,亚历克斯,出库,30030,拣货
GaAEMLeWh,白色 品牌05 中号 游戏椅（皮革）,游戏椅,品牌05,中号,皮革,白色,16*1*1,16,CR24H,艾米丽,出库,30010,拣货
PrNoA4LaWh,白色 品牌26 四号纸 打印机（激光）,打印机,品牌26,四号纸,激光,白色,16*1*1,9,DS10D,艾米丽,出库,30005,拣货
TaTR18AdGr,灰色 品牌29 1800 桌子（可调节）,桌子,品牌29,1800,可调节,灰色,8*1*1,8,DQ55E,约翰,出库,30060,拣货
GaAELAdBl,黑色 品牌05 大号 游戏椅（可调节）,游戏椅,品牌05,大号,可调节,黑色,16*1*1,7,BJ11F,艾米,出库,30065,拣货
AlYn1716Si,银色 品牌15 17英寸 一体机（16吉字节内存）,一体机,品牌15,17英寸,16吉字节内存,银色,16*1*1,11,BQ50H,迈克,出库,30044,拣货
KeRe45MePi,粉色 品牌10 450 键盘（机械式）,键盘,品牌10,450,机械式,粉色,16*10*1,160,BX78D,亚历克斯,出库,30017,拣货
OfXELAdBl,黑色 品牌06 大号 办公椅（可调节）,办公椅,品牌06,大号,可调节,黑色,16*1*1,16,DR07D,艾米,出库,30077,拣货
GaOGLAdGr,灰色 品牌07 大号 游戏椅（可调节）,游戏椅,品牌07,大号,可调节,灰色,16*1*1,16,CZ18D,约翰,出库,30046,拣货
PeGi24SoBl,黑色 品牌21 24 铅笔（可溶性）,铅笔,品牌21,24,可溶性,黑色,48*10*5,2400,BU06A,艾米,出库,30056,拣货
GaAESAdWh,白色 品牌05 小号 游戏椅（可调节）,游戏椅,品牌05,小号,可调节,白色,16*1*1,8,BR12G,克里斯,出库,30062,拣货
LaSu1416Wh,白色 品牌11 14英寸 笔记本电脑（16吉字节内存）,笔记本电脑,品牌11,14英寸,16吉字节内存,白色,16*1*1,1,BX48A,约翰,出库,30081,拣货
TVYn504KGr,灰色 品牌15 50英寸 电视机（超高清）,电视机,品牌15,50英寸,超高清,灰色,8*1*1,4,AT83D,艾米,出库,30025,拣货
GaSELLeWh,白色 品牌08 大号 游戏椅（皮革）,游戏椅,品牌08,大号,皮革,白色,16*1*1,2,CX66G,迈克,出库,30069,拣货
SPAl12HeGr,灰色 品牌20 12 触控笔（六角形）,触控笔,品牌20,12,六角形,灰色,48*10*5,2400,CQ79C,劳拉,出库,30013,拣货
PrNoA3WiGr,灰色 品牌26 三号纸 打印机（无线网络）,打印机,品牌26,三号纸,无线网络,灰色,16*1*1,3,AJ38B,艾米,出库,30020,拣货
KeHc27ErPi,粉色 品牌09 270 键盘（人体工学）,键盘,品牌09,270,人体工学,粉色,16*10*1,23,DO70C,艾米,出库,30037,拣货
DrRG90LoWh,白色 品牌03 900 抽屉柜（储物锁柜）,抽屉柜,品牌03,900,储物锁柜,白色,8*1*1,8,AZ16E,克里斯,出库,30030,拣货
LaRe1716Si,银色 品牌14 17英寸 笔记本电脑（16吉字节内存）,笔记本电脑,品牌14,17英寸,16吉字节内存,银色,16*1*1,5,BU96E,迈克,出库,30078,拣货
OfOGSHeWh,白色 品牌07 小号 办公椅（头枕）,办公椅,品牌07,小号,头枕,白色,16*1*1,12,CL63F,大卫,出库,30059,拣货
TaTR18AuBl,黑色 品牌28 1800 桌子（自动调节）,桌子,品牌28,1800,自动调节,黑色,8*1*1,6,CJ89C,克里斯,出库,30080,拣货
CuQE18SlBe,米色 品牌01 1800 储物柜（滑动式）,储物柜,品牌01,1800,滑动式,米色,8*1*1,4,DY88G,迈克,出库,30039,拣货
CaTE18LoWh,白色 品牌04 1800 文件柜（储物锁柜）,文件柜,品牌04,1800,储物锁柜,白色,8*1*1,8,CL50C,克里斯,出库,30077,拣货
PrReA2WiWh,白色 品牌24 二号纸 打印机（无线网络）,打印机,品牌24,二号纸,无线网络,白色,16*1*1,16,AW68G,艾米丽,出库,30075,拣货
PrSoA4LaBl,黑色 品牌25 四号纸 打印机（激光）,打印机,品牌25,四号纸,激光,黑色,16*1*1,14,BL15F,亚历克斯,出库,30037,拣货
PrNoA2AlBl,黑色 品牌26 二号纸 打印机（一体式）,打印机,品牌26,二号纸,一体式,黑色,16*1*1,16,DU55A,大卫,出库,30055,拣货
CuTE90SlGr,灰色 品牌04 900 储物柜（滑动式）,储物柜,品牌04,900,滑动式,灰色,8*1*1,8,BH53B,迈克,出库,30015,拣货
AlPH1716Si,银色 品牌12 17英寸 一体机（16吉字节内存）,一体机,品牌12,17英寸,16吉字节内存,银色,16*1*1,10,DJ49B,克里斯,出库,30021,拣货
OfSELHeGr,灰色 品牌08 大号 办公椅（头枕）,办公椅,品牌08,大号,头枕,灰色,16*1*1,16,BW92G,克里斯,出库,30052,拣货
GaSEMLeGr,灰色 品牌08 中号 游戏椅（皮革）,游戏椅,品牌08,中号,皮革,灰色,16*1*1,2,CW91G,简,出库,30018,拣货
AlOv148GSi,银色 品牌13 14英寸 一体机（8吉字节内存）,一体机,品牌13,14英寸,8吉字节内存,银色,16*1*1,16,AN92E,劳拉,出库,30000,拣货
CuQE18SlGr,灰色 品牌01 1800 储物柜（滑动式）,储物柜,品牌01,1800,滑动式,灰色,8*1*1,2,BV41H,艾米丽,出库,30026,拣货
TVGn754KSi,银色 品牌30 75英寸 电视机（超高清）,电视机,品牌30,75英寸,超高清,银色,8*1*1,8,DO83C,迈克,出库,30049,拣货
TaTR15FrBl,黑色 品牌28 1500 桌子（框架式）,桌子,品牌28,1500,框架式,黑色,8*1*1,8,BJ77B,劳拉,出库,30096,拣货
TVGn42SFSi,银色 品牌30 42英寸 电视机（超级全高清）,电视机,品牌30,42英寸,超级全高清,银色,8*1*1,7,AN24E,克里斯,出库,30062,拣货
PrSoA2LaMi,混合色 品牌25 二号纸 打印机（激光）,打印机,品牌25,二号纸,激光,混合色,16*1*1,2,DU80H,迈克,出库,30016,拣货
GaSELErPi,粉色 品牌08 大号 游戏椅（人体工学）,游戏椅,品牌08,大号,人体工学,粉色,16*1*1,16,DM83H,约翰,出库,30058,拣货
DrTE18SlBl,黑色 品牌04 1800 抽屉柜（滑动式）,抽屉柜,品牌04,1800,滑动式,黑色,8*1*1,5,CM65B,迈克,出库,30077,拣货
TVYn42SFWh,白色 品牌15 42英寸 电视机（超级全高清）,电视机,品牌15,42英寸,超级全高清,白色,8*1*1,1,CX58F,艾米丽,出库,30060,拣货
CaRG12LoBl,黑色 品牌03 1200 文件柜（储物锁柜）,文件柜,品牌03,1200,储物锁柜,黑色,8*1*1,8,CG02E,艾米,出库,30016,拣货
TVYn32SFWh,白色 品牌15 32英寸 电视机（超级全高清）,电视机,品牌15,32英寸,超级全高清,白色,8*1*1,5,AT10C,艾米,出库,30069,拣货
MoPH27ErWh,白色 品牌12 270 鼠标（人体工学）,鼠标,品牌12,270,人体工学,白色,16*10*1,160,AI56C,劳拉,出库,30082,拣货
AlSu1432Si,银色 品牌11 14英寸 一体机（32吉字节内存）,一体机,品牌11,14英寸,32吉字节内存,银色,16*1*1,14,DH81D,大卫,出库,30064,拣货
PeNa12SoWh,白色 品牌23 12 铅笔（可溶性）,铅笔,品牌23,12,可溶性,白色,48*10*5,622,DR17H,莎拉,出库,30075,拣货
CuQE90FiBl,黑色 品牌01 900 储物柜（文件收纳）,储物柜,品牌01,900,文件收纳,黑色,8*1*1,8,BH91G,约翰,出库,30091,拣货
TVGn75SFGr,灰色 品牌30 75英寸 电视机（超级全高清）,电视机,品牌30,75英寸,超级全高清,灰色,8*1*1,8,CP54G,劳拉,出库,30072,拣货
TaTR15WoWh,白色 品牌28 1500 桌子（工作站）,桌子,品牌28,1500,工作站,白色,8*1*1,2,CI77H,莎拉,出库,30084,拣货
KeHc27MeWh,白色 品牌09 270 键盘（机械式）,键盘,品牌09,270,机械式,白色,16*10*1,128,DY48G,莎拉,出库,30044,拣货
TVGn32SFSi,银色 品牌30 32英寸 电视机（超级全高清）,电视机,品牌30,32英寸,超级全高清,银色,8*1*1,2,BS41B,简,出库,30020,拣货
PeGi24HeGr,灰色 品牌21 24 铅笔（六角形）,铅笔,品牌21,24,六角形,灰色,48*10*5,2257,AJ21B,莎拉,出库,30047,拣货
PrPHA2InMi,混合色 品牌12 二号纸 打印机（喷墨）,打印机,品牌12,二号纸,喷墨,混合色,16*1*1,16,BS29C,迈克,出库,30070,拣货
SPNa12SoGr,灰色 品牌23 12 触控笔（可溶性）,触控笔,品牌23,12,可溶性,灰色,48*10*5,899,BR97C,莎拉,出库,30000,拣货
DrQE12DoGr,灰色 品牌01 1200 抽屉柜（带门式）,抽屉柜,品牌01,1200,带门式,灰色,8*1*1,1,BS93A,亚历克斯,出库,30009,拣货
CuQE18SlWh,白色 品牌01 1800 储物柜（滑动式）,储物柜,品牌01,1800,滑动式,白色,8*1*1,3,AN69G,亚历克斯,出库,30012,拣货
MoSu45ErNa,藏青色 品牌11 450 鼠标（人体工学）,鼠标,品牌11,450,人体工学,藏青色,16*10*1,160,DH90B,劳拉,出库,30062,拣货
OfSEMHeGr,灰色 品牌08 中号 办公椅（头枕）,办公椅,品牌08,中号,头枕,灰色,16*1*1,11,BS49B,艾米丽,出库,30063,拣货
GaOGSLeGr,灰色 品牌07 小号 游戏椅（皮革）,游戏椅,品牌07,小号,皮革,灰色,16*1*1,16,AQ62A,迈克,出库,30075,拣货
TVGn50S4Gr,灰色 品牌30 50英寸 电视机（超级超高清）,电视机,品牌30,50英寸,超级超高清,灰色,8*1*1,8,DU51H,约翰,出库,30054,拣货
AlPH1416Gr,灰色 品牌12 14英寸 一体机（16吉字节内存）,一体机,品牌12,14英寸,16吉字节内存,灰色,16*1*1,10,AF40F,约翰,出库,30061,拣货
KePH45BlBl,黑色 品牌12 450 键盘（蓝牙）,键盘,品牌12,450,蓝牙,黑色,16*10*1,160,CG13C,艾米,出库,30020,拣货
CuTE18SlBe,米色 品牌04 1800 储物柜（滑动式）,储物柜,品牌04,1800,滑动式,米色,8*1*1,8,DV44F,大卫,出库,30071,拣货
CuWE12LoBe,米色 品牌02 1200 储物柜（储物锁柜）,储物柜,品牌02,1200,储物锁柜,米色,8*1*1,8,BX10B,克里斯,出库,30049,拣货
KeRe45ErPi,粉色 品牌10 450 键盘（人体工学）,键盘,品牌10,450,人体工学,粉色,16*10*1,160,AH72H,简,出库,30029,拣货
TVGn42SFBl,黑色 品牌30 42英寸 电视机（超级全高清）,电视机,品牌30,42英寸,超级全高清,黑色,8*1*1,8,DF51H,艾米,出库,30078,拣货
TaAE10AuBl,黑色 品牌05 1000 桌子（自动调节）,桌子,品牌05,1000,自动调节,黑色,8*1*1,5,DO64H,克里斯,出库,30001,拣货
KeRe27BlNa,藏青色 品牌10 270 键盘（蓝牙）,键盘,品牌10,270,蓝牙,藏青色,16*10*1,67,AG14G,亚历克斯,出库,30011,拣货
LaPH14i7Si,银色 品牌12 14英寸 笔记本电脑（第7代处理器）,笔记本电脑,品牌12,14英寸,第7代处理器,银色,16*1*1,16,CQ23A,劳拉,出库,30089,拣货
TaCI10WoSi,银色 品牌27 1000 桌子（工作站）,桌子,品牌27,1000,工作站,银色,8*1*1,8,AK07E,大卫,出库,30089,拣货
SPNa12SoGr,灰色 品牌23 12 触控笔（可溶性）,触控笔,品牌23,12,可溶性,灰色,48*10*5,2400,DL72H,简,出库,30023,拣货
CuRG90SlBl,黑色 品牌03 900 储物柜（滑动式）,储物柜,品牌03,900,滑动式,黑色,8*1*1,8,DV25B,艾米,出库,30072,拣货
OfOGLAdBl,黑色 品牌07 大号 办公椅（可调节）,办公椅,品牌07,大号,可调节,黑色,16*1*1,16,AW02F,大卫,出库,30031,拣货
AlPH14i7Bl,黑色 品牌12 14英寸 一体机（第7代处理器）,一体机,品牌12,14英寸,第7代处理器,黑色,16*1*1,14,BP53A,莎拉,出库,30090,拣货
LaPH14i7Bl,黑色 品牌12 14英寸 笔记本电脑（第7代处理器）,笔记本电脑,品牌12,14英寸,第7代处理器,黑色,16*1*1,1,AQ72E,约翰,出库,30021,拣货
AlOv17i5Si,银色 品牌13 17英寸 一体机（第5代处理器）,一体机,品牌13,17英寸,第5代处理器,银色,16*1*1,7,DF36C,简,出库,30048,拣货
MoRe35WiWh,白色 品牌10 350 鼠标（有线）,鼠标,品牌10,350,有线,白色,16*10*1,22,BY75C,简,出库,30001,拣货
PrReA4WiGr,灰色 品牌24 四号纸 打印机（无线网络）,打印机,品牌24,四号纸,无线网络,灰色,16*1*1,6,DO62C,大卫,出库,30071,拣货
MoPH27ErNa,藏青色 品牌12 270 鼠标（人体工学）,鼠标,品牌12,270,人体工学,藏青色,16*10*1,160,AG96B,艾米,出库,30037,拣货
PeGi50WaGr,灰色 品牌21 50 铅笔（水彩）,铅笔,品牌21,50,水彩,灰色,48*10*5,2400,BR42F,艾米,出库,30012,拣货
TaCI10AuWh,白色 品牌27 1000 桌子（自动调节）,桌子,品牌27,1000,自动调节,白色,8*1*1,6,BU49C,迈克,出库,30020,拣货
CaTE18SlGr,灰色 品牌04 1800 文件柜（滑动式）,文件柜,品牌04,1800,滑动式,灰色,8*1*1,8,DH64H,简,出库,30040,拣货
PrReA2WiWh,白色 品牌24 二号纸 打印机（无线网络）,打印机,品牌24,二号纸,无线网络,白色,16*1*1,11,BU79B,艾米,出库,30099,拣货
MoRe45ErBl,黑色 品牌10 450 鼠标（人体工学）,鼠标,品牌10,450,人体工学,黑色,16*10*1,110,AT54A,约翰,出库,30055,拣货
MoSu45WiWh,白色 品牌11 450 鼠标（有线）,鼠标,品牌11,450,有线,白色,16*10*1,160,BN52A,约翰,出库,30043,拣货
TVGn654KWh,白色 品牌30 65英寸 电视机（超高清）,电视机,品牌30,65英寸,超高清,白色,8*1*1,6,AU04A,艾米,出库,30061,拣货
OfOGSErGr,灰色 品牌07 小号 办公椅（人体工学）,办公椅,品牌07,小号,人体工学,灰色,16*1*1,16,CJ64B,莎拉,出库,30015,拣货
CuTE12FiWh,白色 品牌04 1200 储物柜（文件收纳）,储物柜,品牌04,1200,文件收纳,白色,8*1*1,8,BR96C,简,出库,30022,拣货
TaCI18AuSi,银色 品牌27 1800 桌子（自动调节）,桌子,品牌27,1800,自动调节,银色,8*1*1,8,CI26F,约翰,出库,30048,拣货
PrNoA3MoMi,混合色 品牌26 三号纸 打印机（黑白）,打印机,品牌26,三号纸,黑白,混合色,16*1*1,7,DV31D,迈克,出库,30038,拣货
TVEs32FHBl,黑色 品牌32 32英寸 电视机（全高清）,电视机,品牌32,32英寸,全高清,黑色,8*1*1,7,DW29H,简,出库,30082,拣货
DrRG12DoBl,黑色 品牌03 1200 抽屉柜（带门式）,抽屉柜,品牌03,1200,带门式,黑色,8*1*1,2,CU42F,艾米,出库,30094,拣货
GaOGLAdPi,粉色 品牌07 大号 游戏椅（可调节）,游戏椅,品牌07,大号,可调节,粉色,16*1*1,10,DJ39B,大卫,出库,30093,拣货
CaQE12LoGr,灰色 品牌01 1200 文件柜（储物锁柜）,文件柜,品牌01,1200,储物锁柜,灰色,8*1*1,7,BV02A,约翰,出库,30064,拣货
OfXEMAdBl,黑色 品牌06 中号 办公椅（可调节）,办公椅,品牌06,中号,可调节,黑色,16*1*1,2,AP36H,莎拉,出库,30077,拣货
TaTR18AdBl,黑色 品牌29 1800 桌子（可调节）,桌子,品牌29,1800,可调节,黑色,8*1*1,8,DJ40D,艾米,出库,30018,拣货
NoGrA5ruWh,白色 品牌18 五号纸 笔记本（横线）,笔记本,品牌18,五号纸,横线,白色,48*10*5,2400,AI64A,克里斯,出库,30074,拣货
MoHc45BlNa,藏青色 品牌09 450 鼠标（蓝牙）,鼠标,品牌09,450,蓝牙,藏青色,16*10*1,160,AG73G,大卫,出库,30066,拣货
MoSu27BlWh,白色 品牌11 270 鼠标（蓝牙）,鼠标,品牌11,270,蓝牙,白色,16*10*1,160,BJ09D,克里斯,出库,30077,拣货
LaOv148GGr,灰色 品牌13 14英寸 笔记本电脑（8吉字节内存）,笔记本电脑,品牌13,14英寸,8吉字节内存,灰色,16*1*1,16,DN46C,简,出库,30024,拣货
LaOv158GWh,白色 品牌13 15英寸 笔记本电脑（8吉字节内存）,笔记本电脑,品牌13,15英寸,8吉字节内存,白色,16*1*1,16,AP51H,大卫,出库,30014,拣货
PrPHA3WiGr,灰色 品牌12 三号纸 打印机（无线网络）,打印机,品牌12,三号纸,无线网络,灰色,16*1*1,16,BH61H,约翰,出库,30099,拣货
TaAE18AdSi,银色 品牌05 1800 桌子（可调节）,桌子,品牌05,1800,可调节,银色,8*1*1,8,DW56B,克里斯,出库,30036,拣货
DrQE18FiGr,灰色 品牌01 1800 抽屉柜（文件收纳）,抽屉柜,品牌01,1800,文件收纳,灰色,8*1*1,3,AY11H,简,出库,30097,拣货
TaTR10AdBl,黑色 品牌28 1000 桌子（可调节）,桌子,品牌28,1000,可调节,黑色,8*1*1,8,DK24A,亚历克斯,出库,30045,拣货
TaTR15AuGr,灰色 品牌28 1500 桌子（自动调节）,桌子,品牌28,1500,自动调节,灰色,8*1*1,8,AY19B,劳拉,出库,30022,拣货
PrReA4AlMi,混合色 品牌24 四号纸 打印机（一体式）,打印机,品牌24,四号纸,一体式,混合色,16*1*1,16,AI34G,大卫,出库,30059,拣货
MoPH27BlNa,藏青色 品牌12 270 鼠标（蓝牙）,鼠标,品牌12,270,蓝牙,藏青色,16*10*1,152,AL14H,简,出库,30005,拣货
DrTE90LoGr,灰色 品牌04 900 抽屉柜（储物锁柜）,抽屉柜,品牌04,900,储物锁柜,灰色,8*1*1,8,DH78F,亚历克斯,出库,30088,拣货
LaYn1732Si,银色 品牌15 17英寸 笔记本电脑（32吉字节内存）,笔记本电脑,品牌15,17英寸,32吉字节内存,银色,16*1*1,2,CK87E,约翰,出库,30086,拣货
KeRe35ErBl,黑色 品牌10 350 键盘（人体工学）,键盘,品牌10,350,人体工学,黑色,16*10*1,160,BW63D,艾米丽,出库,30061,拣货
AlPH15i7Gr,灰色 品牌12 15英寸 一体机（第7代处理器）,一体机,品牌12,15英寸,第7代处理器,灰色,16*1*1,8,CT54G,亚历克斯,出库,30028,拣货
TVGL75S4Si,银色 品牌31 75英寸 电视机（超级超高清）,电视机,品牌31,75英寸,超级超高清,银色,8*1*1,5,CW10G,艾米丽,出库,30011,拣货
LaOv158GSi,银色 品牌13 15英寸 笔记本电脑（8吉字节内存）,笔记本电脑,品牌13,15英寸,8吉字节内存,银色,16*1*1,13,AM10C,艾米,出库,30074,拣货
TVGn754KSi,银色 品牌30 75英寸 电视机（超高清）,电视机,品牌30,75英寸,超高清,银色,8*1*1,8,AZ88E,大卫,出库,30029,拣货
AlPH178GGr,灰色 品牌12 17英寸 一体机（8吉字节内存）,一体机,品牌12,17英寸,8吉字节内存,灰色,16*1*1,9,AP59C,迈克,出库,30072,拣货
DrRG90SlWh,白色 品牌03 900 抽屉柜（滑动式）,抽屉柜,品牌03,900,滑动式,白色,8*1*1,4,DM80E,大卫,出库,30063,拣货
LaSu17i7Bl,黑色 品牌11 17英寸 笔记本电脑（第7代处理器）,笔记本电脑,品牌11,17英寸,第7代处理器,黑色,16*1*1,2,BW25B,劳拉,出库,30050,拣货
NoScA3ruBl,黑色 品牌17 三号纸 笔记本（横线）,笔记本,品牌17,三号纸,横线,黑色,48*10*5,1440,CS10G,莎拉,出库,30098,拣货
AlYn14i5Bl,黑色 品牌15 14英寸 一体机（第5代处理器）,一体机,品牌15,14英寸,第5代处理器,黑色,16*1*1,16,BS38G,劳拉,出库,30058,拣货
PrSoA3LaBl,黑色 品牌25 三号纸 打印机（激光）,打印机,品牌25,三号纸,激光,黑色,16*1*1,11,BY17A,克里斯,出库,30009,拣货
CaWE12SlBl,黑色 品牌02 1200 文件柜（滑动式）,文件柜,品牌02,1200,滑动式,黑色,8*1*1,1,AQ05C,迈克,出库,30023,拣货
PrReA4WiBl,黑色 品牌24 四号纸 打印机（无线网络）,打印机,品牌24,四号纸,无线网络,黑色,16*1*1,16,DK66A,莎拉,出库,30090,拣货
LaRe17i7Gr,灰色 品牌14 17英寸 笔记本电脑（第7代处理器）,笔记本电脑,品牌14,17英寸,第7代处理器,灰色,16*1*1,9,AV93A,大卫,出库,30011,拣货
AlOv1416Bl,黑色 品牌13 14英寸 一体机（16吉字节内存）,一体机,品牌13,14英寸,16吉字节内存,黑色,16*1*1,13,CW32A,艾米丽,出库,30007,拣货
KeSu35MeWh,白色 品牌11 350 键盘（机械式）,键盘,品牌11,350,机械式,白色,16*10*1,160,BV18E,艾米丽,出库,30021,拣货
MoRe27MeWh,白色 品牌10 270 鼠标（机械式）,鼠标,品牌10,270,机械式,白色,16*10*1,160,CW71G,亚历克斯,出库,30041,拣货
CuRG18FiBe,米色 品牌03 1800 储物柜（文件收纳）,储物柜,品牌03,1800,文件收纳,米色,8*1*1,8,AT25A,艾米丽,出库,30032,拣货
DrQE12SlBl,黑色 品牌01 1200 抽屉柜（滑动式）,抽屉柜,品牌01,1200,滑动式,黑色,8*1*1,8,AM18E,艾米,出库,30097,拣货
LaRe15i7Wh,白色 品牌14 15英寸 笔记本电脑（第7代处理器）,笔记本电脑,品牌14,15英寸,第7代处理器,白色,16*1*1,16,BK87A,约翰,出库,30074,拣货
DrWE12DoBe,米色 品牌02 1200 抽屉柜（带门式）,抽屉柜,品牌02,1200,带门式,米色,8*1*1,8,DX31D,劳拉,出库,30003,拣货
CaQE18DoWh,白色 品牌01 1800 文件柜（带门式）,文件柜,品牌01,1800,带门式,白色,8*1*1,1,DV71H,艾米,出库,30092,拣货
MoHc27BlBl,黑色 品牌09 270 鼠标（蓝牙）,鼠标,品牌09,270,蓝牙,黑色,16*10*1,160,CW39B,亚历克斯,出库,30081,拣货
DrWE18DoBe,米色 品牌02 1800 抽屉柜（带门式）,抽屉柜,品牌02,1800,带门式,米色,8*1*1,2,DL70H,大卫,出库,30065,拣货
MoHc35ErWh,白色 品牌09 350 鼠标（人体工学）,鼠标,品牌09,350,人体工学,白色,16*10*1,160,DU74C,亚历克斯,出库,30065,拣货
CuTE90SlGr,灰色 品牌04 900 储物柜（滑动式）,储物柜,品牌04,900,滑动式,灰色,8*1*1,2,DS89G,大卫,出库,30027,拣货
DrWE18LoGr,灰色 品牌02 1800 抽屉柜（储物锁柜）,抽屉柜,品牌02,1800,储物锁柜,灰色,8*1*1,2,DO75A,克里斯,出库,30061,拣货
PrPHA4AlWh,白色 品牌12 四号纸 打印机（一体式）,打印机,品牌12,四号纸,一体式,白色,16*1*1,16,AK63C,劳拉,出库,30010,拣货
SPAl50WaBl,黑色 品牌20 50 触控笔（水彩）,触控笔,品牌20,50,水彩,黑色,48*10*5,989,DH06E,艾米丽,出库,30048,拣货
LaSu1532Si,银色 品牌11 15英寸 笔记本电脑（32吉字节内存）,笔记本电脑,品牌11,15英寸,32吉字节内存,银色,16*1*1,16,BT97G,简,出库,30096,拣货
TaAE18AuBl,黑色 品牌05 1800 桌子（自动调节）,桌子,品牌05,1800,自动调节,黑色,8*1*1,3,AX35H,艾米,出库,30037,拣货
AlPH1732Wh,白色 品牌12 17英寸 一体机（32吉字节内存）,一体机,品牌12,17英寸,32吉字节内存,白色,16*1*1,2,AF95B,简,出库,30034,拣货
MoSu27BlWh,白色 品牌11 270 鼠标（蓝牙）,鼠标,品牌11,270,蓝牙,白色,16*10*1,129,CV98G,迈克,出库,30067,拣货
GaXEMHeBl,黑色 品牌06 中号 游戏椅（头枕）,游戏椅,品牌06,中号,头枕,黑色,16*1*1,16,BS58H,迈克,出库,30026,拣货
TVEs65FHBl,黑色 品牌32 65英寸 电视机（全高清）,电视机,品牌32,65英寸,全高清,黑色,8*1*1,4,AT72G,艾米,出库,30010,拣货
PeNa12HePi,粉色 品牌23 12 铅笔（六角形）,铅笔,品牌23,12,六角形,粉色,48*10*5,2400,DW03D,劳拉,出库,30096,拣货
TaTR10AuBl,黑色 品牌28 1000 桌子（自动调节）,桌子,品牌28,1000,自动调节,黑色,8*1*1,8,DR52F,克里斯,出库,30041,拣货
MoHc27BlWh,白色 品牌09 270 鼠标（蓝牙）,鼠标,品牌09,270,蓝牙,白色,16*10*1,120,DK19E,迈克,出库,30063,拣货
TVEs50SFBl,黑色 品牌32 50英寸 电视机（超级全高清）,电视机,品牌32,50英寸,超级全高清,黑色,8*1*1,7,BM38A,艾米丽,出库,30086,拣货
OfAESLeGr,灰色 品牌05 小号 办公椅（皮革）,办公椅,品牌05,小号,皮革,灰色,16*1*1,16,DL82F,艾米,出库,30083,拣货
MoPH27BlBl,黑色 品牌12 270 鼠标（蓝牙）,鼠标,品牌12,270,蓝牙,黑色,16*10*1,48,AT77H,莎拉,出库,30007,拣货
SPRe50HePi,粉色 品牌22 50 触控笔（六角形）,触控笔,品牌22,50,六角形,粉色,48*10*5,1852,BX18C,克里斯,出库,30083,拣货
CuTE12LoBl,黑色 品牌04 1200 储物柜（储物锁柜）,储物柜,品牌04,1200,储物锁柜,黑色,8*1*1,8,DI73A,艾米丽,出库,30060,拣货
TaCI15WoBl,黑色 品牌27 1500 桌子（工作站）,桌子,品牌27,1500,工作站,黑色,8*1*1,7,BZ04F,莎拉,出库,30018,拣货
OfAELAdWh,白色 品牌05 大号 办公椅（可调节）,办公椅,品牌05,大号,可调节,白色,16*1*1,16,DR78B,简,出库,30094,拣货
LaPH1732Bl,黑色 品牌12 17英寸 笔记本电脑（32吉字节内存）,笔记本电脑,品牌12,17英寸,32吉字节内存,黑色,16*1*1,15,AX75A,克里斯,出库,30054,拣货
TaAE10AdWh,白色 品牌05 1000 桌子（可调节）,桌子,品牌05,1000,可调节,白色,8*1*1,7,BK60F,克里斯,出库,30063,拣货
PrNoA3InBl,黑色 品牌26 三号纸 打印机（喷墨）,打印机,品牌26,三号纸,喷墨,黑色,16*1*1,16,BH86D,亚历克斯,出库,30044,拣货
TaCI18FrSi,银色 品牌27 1800 桌子（框架式）,桌子,品牌27,1800,框架式,银色,8*1*1,8,CL21F,艾米,出库,30050,拣货
PrReA4LaBl,黑色 品牌24 四号纸 打印机（激光）,打印机,品牌24,四号纸,激光,黑色,16*1*1,16,CR48B,劳拉,出库,30078,拣货
MoPH45MeBl,黑色 品牌12 450 鼠标（机械式）,鼠标,品牌12,450,机械式,黑色,16*10*1,160,BY06B,劳拉,出库,30094,拣货
DrRG12SlBl,黑色 品牌03 1200 抽屉柜（滑动式）,抽屉柜,品牌03,1200,滑动式,黑色,8*1*1,4,AT65B,亚历克斯,出库,30032,拣货
LaPH1732Gr,灰色 品牌12 17英寸 笔记本电脑（32吉字节内存）,笔记本电脑,品牌12,17英寸,32吉字节内存,灰色,16*1*1,16,BP02G,迈克,出库,30086,拣货
GaXEMAdWh,白色 品牌06 中号 游戏椅（可调节）,游戏椅,品牌06,中号,可调节,白色,16*1*1,1,BW56E,劳拉,出库,30034,拣货
CuQE18LoBl,黑色 品牌01 1800 储物柜（储物锁柜）,储物柜,品牌01,1800,储物锁柜,黑色,8*1*1,8,DV45C,简,出库,30045,拣货
DrRG12SlBe,米色 品牌03 1200 抽屉柜（滑动式）,抽屉柜,品牌03,1200,滑动式,米色,8*1*1,8,CW86E,迈克,出库,30002,拣货
LaYn1532Wh,白色 品牌15 15英寸 笔记本电脑（32吉字节内存）,笔记本电脑,品牌15,15英寸,32吉字节内存,白色,16*1*1,16,BZ80A,迈克,出库,30060,拣货
GaAESHePi,粉色 品牌05 小号 游戏椅（头枕）,游戏椅,品牌05,小号,头枕,粉色,16*1*1,13,AY04D,亚历克斯,出库,30085,拣货
CaQE12LoBe,米色 品牌01 1200 文件柜（储物锁柜）,文件柜,品牌01,1200,储物锁柜,米色,8*1*1,6,AH87C,大卫,出库,30063,拣货
CuWE18FiWh,白色 品牌02 1800 储物柜（文件收纳）,储物柜,品牌02,1800,文件收纳,白色,8*1*1,8,CR78A,克里斯,出库,30033,拣货
TaTR15AuWh,白色 品牌28 1500 桌子（自动调节）,桌子,品牌28,1500,自动调节,白色,8*1*1,8,CF70E,大卫,出库,30088,拣货
AlSu17i7Wh,白色 品牌11 17英寸 一体机（第7代处理器）,一体机,品牌11,17英寸,第7代处理器,白色,16*1*1,14,AZ94E,莎拉,出库,30091,拣货
AlPH1732Si,银色 品牌12 17英寸 一体机（32吉字节内存）,一体机,品牌12,17英寸,32吉字节内存,银色,16*1*1,16,AF74F,迈克,出库,30086,拣货
NoGrA3liGr,灰色 品牌18 三号纸 笔记本（线条）,笔记本,品牌18,三号纸,线条,灰色,48*10*5,673,AH49F,迈克,出库,30065,拣货
LaYn1432Si,银色 品牌15 14英寸 笔记本电脑（32吉字节内存）,笔记本电脑,品牌15,14英寸,32吉字节内存,银色,16*1*1,6,CW38E,克里斯,出库,30062,拣货
NoExA4doGr,灰色 品牌16 四号纸 笔记本（点阵）,笔记本,品牌16,四号纸,点阵,灰色,48*10*5,2400,CV68E,劳拉,出库,30035,拣货
GaAELHePi,粉色 品牌05 大号 游戏椅（头枕）,游戏椅,品牌05,大号,头枕,粉色,16*1*1,12,DN08A,莎拉,出库,30098,拣货
OfAELLeBl,黑色 品牌05 大号 办公椅（皮革）,办公椅,品牌05,大号,皮革,黑色,16*1*1,16,AN73E,迈克,出库,30033,拣货
LaPH1516Si,银色 品牌12 15英寸 笔记本电脑（16吉字节内存）,笔记本电脑,品牌12,15英寸,16吉字节内存,银色,16*1*1,15,CT02G,克里斯,出库,30090,拣货
TaTR18WoBl,黑色 品牌29 1800 桌子（工作站）,桌子,品牌29,1800,工作站,黑色,8*1*1,8,BM95G,艾米丽,出库,30070,拣货
CaTE18LoBl,黑色 品牌04 1800 文件柜（储物锁柜）,文件柜,品牌04,1800,储物锁柜,黑色,8*1*1,5,CX41D,约翰,出库,30036,拣货
CuRG12SlGr,灰色 品牌03 1200 储物柜（滑动式）,储物柜,品牌03,1200,滑动式,灰色,8*1*1,8,BM05E,大卫,出库,30015,拣货
TVGL75SFSi,银色 品牌31 75英寸 电视机（超级全高清）,电视机,品牌31,75英寸,超级全高清,银色,8*1*1,8,AM04D,克里斯,出库,30020,拣货
SPAl12WaBl,黑色 品牌20 12 触控笔（水彩）,触控笔,品牌20,12,水彩,黑色,48*10*5,1750,CT89C,亚历克斯,出库,30051,拣货
OfOGLLeBl,黑色 品牌07 大号 办公椅（皮革）,办公椅,品牌07,大号,皮革,黑色,16*1*1,16,CT11F,简,出库,30038,拣货
TaTR15AdWh,白色 品牌28 1500 桌子（可调节）,桌子,品牌28,1500,可调节,白色,8*1*1,8,DJ46A,大卫,出库,30022,拣货
GaOGLAdGr,灰色 品牌07 大号 游戏椅（可调节）,游戏椅,品牌07,大号,可调节,灰色,16*1*1,16,CH35F,劳拉,出库,30002,拣货
PrNoA3WiBl,黑色 品牌26 三号纸 打印机（无线网络）,打印机,品牌26,三号纸,无线网络,黑色,16*1*1,16,AJ49A,劳拉,出库,30089,拣货
OfOGSHeGr,灰色 品牌07 小号 办公椅（头枕）,办公椅,品牌07,小号,头枕,灰色,16*1*1,13,DP37A,简,出库,30094,拣货
TaTR18WoBl,黑色 品牌29 1800 桌子（工作站）,桌子,品牌29,1800,工作站,黑色,8*1*1,3,BH41B,大卫,出库,30021,拣货
TaTR18AuWh,白色 品牌28 1800 桌子（自动调节）,桌子,品牌28,1800,自动调节,白色,8*1*1,8,AT14B,迈克,出库,30084,拣货
SPAl50WaWh,白色 品牌20 50 触控笔（水彩）,触控笔,品牌20,50,水彩,白色,48*10*5,1121,BX01H,劳拉,出库,30040,拣货
DrTE18LoWh,白色 品牌04 1800 抽屉柜（储物锁柜）,抽屉柜,品牌04,1800,储物锁柜,白色,8*1*1,8,CV26H,亚历克斯,出库,30025,拣货
AlPH1716Wh,白色 品牌12 17英寸 一体机（16吉字节内存）,一体机,品牌12,17英寸,16吉字节内存,白色,16*1*1,4,CS55F,艾米,出库,30024,拣货
DrTE12LoBe,米色 品牌04 1200 抽屉柜（储物锁柜）,抽屉柜,品牌04,1200,储物锁柜,米色,8*1*1,8,CN51C,莎拉,出库,30082,拣货
AlOv15i5Gr,灰色 品牌13 15英寸 一体机（第5代处理器）,一体机,品牌13,15英寸,第5代处理器,灰色,16*1*1,16,AZ52H,克里斯,出库,30029,拣货
TVEs754KSi,银色 品牌32 75英寸 电视机（超高清）,电视机,品牌32,75英寸,超高清,银色,8*1*1,6,DL87H,克里斯,出库,30080,拣货
AlYn178GGr,灰色 品牌15 17英寸 一体机（8吉字节内存）,一体机,品牌15,17英寸,8吉字节内存,灰色,16*1*1,5,CR94A,亚历克斯,出库,30063,拣货
TVEs504KSi,银色 品牌32 50英寸 电视机（超高清）,电视机,品牌32,50英寸,超高清,银色,8*1*1,8,DU80G,劳拉,出库,30064,拣货
CuWE12FiGr,灰色 品牌02 1200 储物柜（文件收纳）,储物柜,品牌02,1200,文件收纳,灰色,8*1*1,7,DZ50C,亚历克斯,出库,30066,拣货
NoMuA3liBl,黑色 品牌19 三号纸 笔记本（线条）,笔记本,品牌19,三号纸,线条,黑色,48*10*5,2400,CQ63A,克里斯,出库,30059,拣货
PeNa12HeGr,灰色 品牌23 12 铅笔（六角形）,铅笔,品牌23,12,六角形,灰色,48*10*5,2400,BH15G,简,出库,30031,拣货
AlPH1516Gr,灰色 品牌12 15英寸 一体机（16吉字节内存）,一体机,品牌12,15英寸,16吉字节内存,灰色,16*1*1,4,CS27A,亚历克斯,出库,30051,拣货
KePH35WiBl,黑色 品牌12 350 键盘（有线）,键盘,品牌12,350,有线,黑色,16*10*1,160,DW47B,约翰,出库,30002,拣货
DrTE90LoBe,米色 品牌04 900 抽屉柜（储物锁柜）,抽屉柜,品牌04,900,储物锁柜,米色,8*1*1,2,BI53H,迈克,出库,30018,拣货
GaSEMLePi,粉色 品牌08 中号 游戏椅（皮革）,游戏椅,品牌08,中号,皮革,粉色,16*1*1,4,AZ13A,克里斯,出库,30016,拣货
CaWE12LoGr,灰色 品牌02 1200 文件柜（储物锁柜）,文件柜,品牌02,1200,储物锁柜,灰色,8*1*1,5,BH93D,迈克,出库,30075,拣货
KePH45BlBl,黑色 品牌12 450 键盘（蓝牙）,键盘,品牌12,450,蓝牙,黑色,16*10*1,92,CM91E,莎拉,出库,30095,拣货
TVEs32SFSi,银色 品牌32 32英寸 电视机（超级全高清）,电视机,品牌32,32英寸,超级全高清,银色,8*1*1,8,AK76F,莎拉,出库,30070,拣货
TVGL65FHGr,灰色 品牌31 65英寸 电视机（全高清）,电视机,品牌31,65英寸,全高清,灰色,8*1*1,8,BS94H,简,出库,30055,拣货
TVGL32S4Wh,白色 品牌31 32英寸 电视机（超级超高清）,电视机,品牌31,32英寸,超级超高清,白色,8*1*1,8,BZ63E,艾米,出库,30098,拣货
MoRe45ErPi,粉色 品牌10 450 鼠标（人体工学）,鼠标,品牌10,450,人体工学,粉色,16*10*1,140,DV86E,莎拉,出库,30039,拣货
TaTR18WoGr,灰色 品牌29 1800 桌子（工作站）,桌子,品牌29,1800,工作站,灰色,8*1*1,8,AN01E,艾米丽,出库,30014,拣货
AlYn15i5Gr,灰色 品牌15 15英寸 一体机（第5代处理器）,一体机,品牌15,15英寸,第5代处理器,灰色,16*1*1,16,AT48E,大卫,出库,30019,拣货
TVEs75FHBl,黑色 品牌32 75英寸 电视机（全高清）,电视机,品牌32,75英寸,全高清,黑色,8*1*1,8,CN12H,劳拉,出库,30012,拣货
LaOv14i7Gr,灰色 品牌13 14英寸 笔记本电脑（第7代处理器）,笔记本电脑,品牌13,14英寸,第7代处理器,灰色,16*1*1,16,BG42D,简,出库,30030,拣货
DrTE12FiBl,黑色 品牌04 1200 抽屉柜（文件收纳）,抽屉柜,品牌04,1200,文件收纳,黑色,8*1*1,6,DY71B,亚历克斯,出库,30046,拣货
TVYn754KBl,黑色 品牌15 75英寸 电视机（超高清）,电视机,品牌15,75英寸,超高清,黑色,8*1*1,8,DG04A,迈克,出库,30017,拣货
DrTE90FiBe,米色 品牌04 900 抽屉柜（文件收纳）,抽屉柜,品牌04,900,文件收纳,米色,8*1*1,6,AM13H,约翰,出库,30073,拣货
TVYn32SFSi,银色 品牌15 32英寸 电视机（超级全高清）,电视机,品牌15,32英寸,超级全高清,银色,8*1*1,8,BN16G,简,出库,30045,拣货
TaTR15WoSi,银色 品牌29 1500 桌子（工作站）,桌子,品牌29,1500,工作站,银色,8*1*1,1,BU39F,亚历克斯,出库,30090,拣货
GaSELHePi,粉色 品牌08 大号 游戏椅（头枕）,游戏椅,品牌08,大号,头枕,粉色,16*1*1,10,AY08D,亚历克斯,出库,30055,拣货
MoRe45BlNa,藏青色 品牌10 450 鼠标（蓝牙）,鼠标,品牌10,450,蓝牙,藏青色,16*10*1,160,CO74H,莎拉,出库,30065,拣货
CaRG18DoWh,白色 品牌03 1800 文件柜（带门式）,文件柜,品牌03,1800,带门式,白色,8*1*1,2,BH81C,劳拉,出库,30026,拣货
LaRe14i7Si,银色 品牌14 14英寸 笔记本电脑（第7代处理器）,笔记本电脑,品牌14,14英寸,第7代处理器,银色,16*1*1,3,AF16B,大卫,出库,30017,拣货
TVEs754KSi,银色 品牌32 75英寸 电视机（超高清）,电视机,品牌32,75英寸,超高清,银色,8*1*1,8,DG04E,大卫,出库,30002,拣货
OfXELAdPi,粉色 品牌06 大号 办公椅（可调节）,办公椅,品牌06,大号,可调节,粉色,16*1*1,16,AI23A,克里斯,出库,30018,拣货
MoPH45MeNa,藏青色 品牌12 450 鼠标（机械式）,鼠标,品牌12,450,机械式,藏青色,16*10*1,160,AS02G,艾米丽,出库,30006,拣货
LaSu14i5Si,银色 品牌11 14英寸 笔记本电脑（第5代处理器）,笔记本电脑,品牌11,14英寸,第5代处理器,银色,16*1*1,16,AI38F,艾米丽,出库,30016,拣货
DrWE90FiBe,米色 品牌02 900 抽屉柜（文件收纳）,抽屉柜,品牌02,900,文件收纳,米色,8*1*1,8,AT26C,迈克,出库,30028,拣货
PeRe12SoBl,黑色 品牌22 12 铅笔（可溶性）,铅笔,品牌22,12,可溶性,黑色,48*10*5,2400,CJ29G,迈克,出库,30073,拣货
AlRe1532Wh,白色 品牌14 15英寸 一体机（32吉字节内存）,一体机,品牌14,15英寸,32吉字节内存,白色,16*1*1,16,CL62B,简,出库,30039,拣货
TaTR10AdWh,白色 品牌28 1000 桌子（可调节）,桌子,品牌28,1000,可调节,白色,8*1*1,8,BM33D,艾米丽,出库,30077,拣货
TVGL654KBl,黑色 品牌31 65英寸 电视机（超高清）,电视机,品牌31,65英寸,超高清,黑色,8*1*1,8,AR96E,亚历克斯,出库,30033,拣货
DrQE18LoBl,黑色 品牌01 1800 抽屉柜（储物锁柜）,抽屉柜,品牌01,1800,储物锁柜,黑色,8*1*1,8,BQ63F,莎拉,出库,30003,拣货
TVGL424KWh,白色 品牌31 42英寸 电视机（超高清）,电视机,品牌31,42英寸,超高清,白色,8*1*1,8,CS78H,克里斯,出库,30038,拣货
PeNa12SoWh,白色 品牌23 12 铅笔（可溶性）,铅笔,品牌23,12,可溶性,白色,48*10*5,2015,AO61A,大卫,出库,30049,拣货
LaYn14i7Wh,白色 品牌15 14英寸 笔记本电脑（第7代处理器）,笔记本电脑,品牌15,14英寸,第7代处理器,白色,16*1*1,16,AL74D,简,出库,30035,拣货
CaWE90FiWh,白色 品牌02 900 文件柜（文件收纳）,文件柜,品牌02,900,文件收纳,白色,8*1*1,8,DX77A,约翰,出库,30095,拣货
CuRG90LoWh,白色 品牌03 900 储物柜（储物锁柜）,储物柜,品牌03,900,储物锁柜,白色,8*1*1,8,BR58C,莎拉,出库,30070,拣货
TaCI10FrWh,白色 品牌27 1000 桌子（框架式）,桌子,品牌27,1000,框架式,白色,8*1*1,8,CS52D,约翰,出库,30015,拣货
CuRG18FiBl,黑色 品牌03 1800 储物柜（文件收纳）,储物柜,品牌03,1800,文件收纳,黑色,8*1*1,5,AT62F,劳拉,出库,30083,拣货
TVEs50S4Gr,灰色 品牌32 50英寸 电视机（超级超高清）,电视机,品牌32,50英寸,超级超高清,灰色,8*1*1,1,DL76E,劳拉,出库,30020,拣货
TVGn32FHGr,灰色 品牌30 32英寸 电视机（全高清）,电视机,品牌30,32英寸,全高清,灰色,8*1*1,7,AM92A,莎拉,出库,30002,拣货
KeHc35MeNa,藏青色 品牌09 350 键盘（机械式）,键盘,品牌09,350,机械式,藏青色,16*10*1,117,BI52E,约翰,出库,30055,拣货
PrPHA2MoMi,混合色 品牌12 二号纸 打印机（黑白）,打印机,品牌12,二号纸,黑白,混合色,16*1*1,16,BX33B,迈克,出库,30018,拣货
CaRG90SlBe,米色 品牌03 900 文件柜（滑动式）,文件柜,品牌03,900,滑动式,米色,8*1*1,8,CI19G,约翰,出库,30005,拣货
LaRe1432Gr,灰色 品牌14 14英寸 笔记本电脑（32吉字节内存）,笔记本电脑,品牌14,14英寸,32吉字节内存,灰色,16*1*1,16,DP02B,莎拉,出库,30022,拣货
CaRG12DoBe,米色 品牌03 1200 文件柜（带门式）,文件柜,品牌03,1200,带门式,米色,8*1*1,2,DO10D,简,出库,30066,拣货
TaTR10WoGr,灰色 品牌28 1000 桌子（工作站）,桌子,品牌28,1000,工作站,灰色,8*1*1,8,BX24G,大卫,出库,30026,拣货
OfAEMHeWh,白色 品牌05 中号 办公椅（头枕）,办公椅,品牌05,中号,头枕,白色,16*1*1,16,CO75E,克里斯,出库,30098,拣货
CaTE12DoBe,米色 品牌04 1200 文件柜（带门式）,文件柜,品牌04,1200,带门式,米色,8*1*1,3,DM81F,劳拉,出库,30002,拣货
LaOv1532Bl,黑色 品牌13 15英寸 笔记本电脑（32吉字节内存）,笔记本电脑,品牌13,15英寸,32吉字节内存,黑色,16*1*1,16,CS03H,简,出库,30027,拣货
NoGrA5doBl,黑色 品牌18 五号纸 笔记本（点阵）,笔记本,品牌18,五号纸,点阵,黑色,48*10*5,2400,CY87D,迈克,出库,30070,拣货
CuTE90DoBe,米色 品牌04 900 储物柜（带门式）,储物柜,品牌04,900,带门式,米色,8*1*1,8,AM06H,约翰,出库,30041,拣货
AlRe1416Gr,灰色 品牌14 14英寸 一体机（16吉字节内存）,一体机,品牌14,14英寸,16吉字节内存,灰色,16*1*1,16,BL24D,大卫,出库,30091,拣货
LaPH1516Bl,黑色 品牌12 15英寸 笔记本电脑（16吉字节内存）,笔记本电脑,品牌12,15英寸,16吉字节内存,黑色,16*1*1,16,AR39C,莎拉,出库,30051,拣货
PeAl50WaPi,粉色 品牌20 50 铅笔（水彩）,铅笔,品牌20,50,水彩,粉色,48*10*5,2400,DI58G,艾米丽,出库,30066,拣货
AlSu14i7Si,银色 品牌11 14英寸 一体机（第7代处理器）,一体机,品牌11,14英寸,第7代处理器,银色,16*1*1,15,DY52H,艾米,出库,30022,拣货
TVYn65FHGr,灰色 品牌15 65英寸 电视机（全高清）,电视机,品牌15,65英寸,全高清,灰色,8*1*1,5,DO89D,艾米丽,出库,30052,拣货
AlRe1416Bl,黑色 品牌14 14英寸 一体机（16吉字节内存）,一体机,品牌14,14英寸,16吉字节内存,黑色,16*1*1,1,CN15E,简,出库,30010,拣货
AlOv15i5Si,银色 品牌13 15英寸 一体机（第5代处理器）,一体机,品牌13,15英寸,第5代处理器,银色,16*1*1,16,CS47D,迈克,出库,30096,拣货
CaWE18SlGr,灰色 品牌02 1800 文件柜（滑动式）,文件柜,品牌02,1800,滑动式,灰色,8*1*1,8,CP05F,莎拉,出库,30021,拣货
SPAl24SoBl,黑色 品牌20 24 触控笔（可溶性）,触控笔,品牌20,24,可溶性,黑色,48*10*5,2400,DZ18H,莎拉,出库,30009,拣货
CaQE18LoWh,白色 品牌01 1800 文件柜（储物锁柜）,文件柜,品牌01,1800,储物锁柜,白色,8*1*1,8,CY88H,艾米丽,出库,30031,拣货
NoMuA4liBl,黑色 品牌19 四号纸 笔记本（线条）,笔记本,品牌19,四号纸,线条,黑色,48*10*5,2400,BU81C,艾米,出库,30021,拣货
GaXELErPi,粉色 品牌06 大号 游戏椅（人体工学）,游戏椅,品牌06,大号,人体工学,粉色,16*1*1,16,DP07B,迈克,出库,30007,拣货
GaXELHeBl,黑色 品牌06 大号 游戏椅（头枕）,游戏椅,品牌06,大号,头枕,黑色,16*1*1,12,AP96E,迈克,出库,30055,拣货
NoExA3ruGr,灰色 品牌16 三号纸 笔记本（横线）,笔记本,品牌16,三号纸,横线,灰色,48*10*5,770,DL46G,劳拉,出库,30048,拣货
CuQE18LoGr,灰色 品牌01 1800 储物柜（储物锁柜）,储物柜,品牌01,1800,储物锁柜,灰色,8*1*1,8,AU08D,莎拉,出库,30023,拣货
PrNoA2AlWh,白色 品牌26 二号纸 打印机（一体式）,打印机,品牌26,二号纸,一体式,白色,16*1*1,13,CY98H,约翰,出库,30040,拣货
TaTR15AdWh,白色 品牌28 1500 桌子（可调节）,桌子,品牌28,1500,可调节,白色,8*1*1,8,AH47B,克里斯,出库,30078,拣货
TVGn50FHBl,黑色 品牌30 50英寸 电视机（全高清）,电视机,品牌30,50英寸,全高清,黑色,8*1*1,7,BP69F,莎拉,出库,30005,拣货
MoRe27MeNa,藏青色 品牌10 270 鼠标（机械式）,鼠标,品牌10,270,机械式,藏青色,16*10*1,160,AZ27H,莎拉,出库,30003,拣货
OfSELHeWh,白色 品牌08 大号 办公椅（头枕）,办公椅,品牌08,大号,头枕,白色,16*1*1,12,DZ86E,艾米丽,出库,30011,拣货
OfOGLHeGr,灰色 品牌07 大号 办公椅（头枕）,办公椅,品牌07,大号,头枕,灰色,16*1*1,11,DQ15F,大卫,出库,30058,拣货
AlOv1432Wh,白色 品牌13 14英寸 一体机（32吉字节内存）,一体机,品牌13,14英寸,32吉字节内存,白色,16*1*1,2,AG18H,亚历克斯,出库,30085,拣货
LaOv1532Gr,灰色 品牌13 15英寸 笔记本电脑（32吉字节内存）,笔记本电脑,品牌13,15英寸,32吉字节内存,灰色,16*1*1,16,BL90D,克里斯,出库,30036,拣货
MoSu35MePi,粉色 品牌11 350 鼠标（机械式）,鼠标,品牌11,350,机械式,粉色,16*10*1,160,DO18D,简,出库,30083,拣货
OfXESHeWh,白色 品牌06 小号 办公椅（头枕）,办公椅,品牌06,小号,头枕,白色,16*1*1,16,CP86G,克里斯,出库,30089,拣货
CuRG90DoWh,白色 品牌03 900 储物柜（带门式）,储物柜,品牌03,900,带门式,白色,8*1*1,2,AY32A,约翰,出库,30019,拣货
LaRe1716Wh,白色 品牌14 17英寸 笔记本电脑（16吉字节内存）,笔记本电脑,品牌14,17英寸,16吉字节内存,白色,16*1*1,16,CJ97F,约翰,出库,30049,拣货
AlPH1732Gr,灰色 品牌12 17英寸 一体机（32吉字节内存）,一体机,品牌12,17英寸,32吉字节内存,灰色,16*1*1,2,AF43F,迈克,出库,30079,拣货
TaTR18AdBl,黑色 品牌29 1800 桌子（可调节）,桌子,品牌29,1800,可调节,黑色,8*1*1,1,AW06G,艾米丽,出库,30075,拣货
TaTR15WoWh,白色 品牌29 1500 桌子（工作站）,桌子,品牌29,1500,工作站,白色,8*1*1,3,BI21B,迈克,出库,30014,拣货
PrReA4WiBl,黑色 品牌24 四号纸 打印机（无线网络）,打印机,品牌24,四号纸,无线网络,黑色,16*1*1,11,AR65E,大卫,出库,30011,拣货
LaRe158GBl,黑色 品牌14 15英寸 笔记本电脑（8吉字节内存）,笔记本电脑,品牌14,15英寸,8吉字节内存,黑色,16*1*1,16,BZ64G,克里斯,出库,30065,拣货
LaYn15i7Wh,白色 品牌15 15英寸 笔记本电脑（第7代处理器）,笔记本电脑,品牌15,15英寸,第7代处理器,白色,16*1*1,7,DX85H,大卫,出库,30077,拣货
PrNoA2MoMi,混合色 品牌26 二号纸 打印机（黑白）,打印机,品牌26,二号纸,黑白,混合色,16*1*1,16,AZ58C,大卫,出库,30076,拣货
TVYn42FHSi,银色 品牌15 42英寸 电视机（全高清）,电视机,品牌15,42英寸,全高清,银色,8*1*1,8,BM81C,亚历克斯,出库,30079,拣货
OfAEMErPi,粉色 品牌05 中号 办公椅（人体工学）,办公椅,品牌05,中号,人体工学,粉色,16*1*1,4,BO16F,迈克,出库,30063,拣货
TaTR18FrWh,白色 品牌29 1800 桌子（框架式）,桌子,品牌29,1800,框架式,白色,8*1*1,8,CH94F,艾米,出库,30067,拣货
AlOv1532Wh,白色 品牌13 15英寸 一体机（32吉字节内存）,一体机,品牌13,15英寸,32吉字节内存,白色,16*1*1,16,AY63D,简,出库,30001,拣货
MoHc35MeNa,藏青色 品牌09 350 鼠标（机械式）,鼠标,品牌09,350,机械式,藏青色,16*10*1,74,CI71H,劳拉,出库,30026,拣货
NoExA4doSi,银色 品牌16 四号纸 笔记本（点阵）,笔记本,品牌16,四号纸,点阵,银色,48*10*5,2400,CI29B,迈克,出库,30097,拣货
TVGL75FHGr,灰色 品牌31 75英寸 电视机（全高清）,电视机,品牌31,75英寸,全高清,灰色,8*1*1,4,CS14F,迈克,出库,30062,拣货
PrSoA3WiBl,黑色 品牌25 三号纸 打印机（无线网络）,打印机,品牌25,三号纸,无线网络,黑色,16*1*1,16,CU15G,艾米丽,出库,30022,拣货
LaSu1716Wh,白色 品牌11 17英寸 笔记本电脑（16吉字节内存）,笔记本电脑,品牌11,17英寸,16吉字节内存,白色,16*1*1,8,DS49E,劳拉,出库,30084,拣货
KeRe35WiBl,黑色 品牌10 350 键盘（有线）,键盘,品牌10,350,有线,黑色,16*10*1,157,AZ36B,大卫,出库,30039,拣货
TaTR15AuWh,白色 品牌28 1500 桌子（自动调节）,桌子,品牌28,1500,自动调节,白色,8*1*1,6,AK59A,大卫,出库,30056,拣货
KeSu35ErPi,粉色 品牌11 350 键盘（人体工学）,键盘,品牌11,350,人体工学,粉色,16*10*1,160,BL45E,莎拉,出库,30015,拣货
CaTE12FiGr,灰色 品牌04 1200 文件柜（文件收纳）,文件柜,品牌04,1200,文件收纳,灰色,8*1*1,2,DV65A,大卫,出库,30082,拣货
PrSoA2InWh,白色 品牌25 二号纸 打印机（喷墨）,打印机,品牌25,二号纸,喷墨,白色,16*1*1,16,BU38A,莎拉,出库,30037,拣货
PrPHA3MoWh,白色 品牌12 三号纸 打印机（黑白）,打印机,品牌12,三号纸,黑白,白色,16*1*1,16,AX05D,莎拉,出库,30068,拣货
DrWE18FiWh,白色 品牌02 1800 抽屉柜（文件收纳）,抽屉柜,品牌02,1800,文件收纳,白色,8*1*1,8,DI49E,莎拉,出库,30031,拣货
TaAE18AuBl,黑色 品牌05 1800 桌子（自动调节）,桌子,品牌05,1800,自动调节,黑色,8*1*1,8,CR27C,简,出库,30041,拣货
MoSu27ErBl,黑色 品牌11 270 鼠标（人体工学）,鼠标,品牌11,270,人体工学,黑色,16*10*1,160,BN55H,艾米丽,出库,30007,拣货
PrReA4MoGr,灰色 品牌24 四号纸 打印机（黑白）,打印机,品牌24,四号纸,黑白,灰色,16*1*1,16,BG78E,简,出库,30091,拣货
SPGi24HePi,粉色 品牌21 24 触控笔（六角形）,触控笔,品牌21,24,六角形,粉色,48*10*5,45,AN68A,劳拉,出库,30012,拣货
KeSu35BlNa,藏青色 品牌11 350 键盘（蓝牙）,键盘,品牌11,350,蓝牙,藏青色,16*10*1,155,DX38B,简,出库,30066,拣货
NoGrA5liWh,白色 品牌18 五号纸 笔记本（线条）,笔记本,品牌18,五号纸,线条,白色,48*10*5,2400,DM53B,艾米,出库,30071,拣货
PrReA3AlBl,黑色 品牌24 三号纸 打印机（一体式）,打印机,品牌24,三号纸,一体式,黑色,16*1*1,9,BG92A,莎拉,出库,30094,拣货
MoSu35WiWh,白色 品牌11 350 鼠标（有线）,鼠标,品牌11,350,有线,白色,16*10*1,160,DR11H,大卫,出库,30073,拣货
NoMuA3ruBl,黑色 品牌19 三号纸 笔记本（横线）,笔记本,品牌19,三号纸,横线,黑色,48*10*5,22,BJ91B,迈克,出库,30076,拣货
AlRe1516Si,银色 品牌14 15英寸 一体机（16吉字节内存）,一体机,品牌14,15英寸,16吉字节内存,银色,16*1*1,16,BY35D,艾米,出库,30092,拣货
SPNa12WaGr,灰色 品牌23 12 触控笔（水彩）,触控笔,品牌23,12,水彩,灰色,48*10*5,576,BU57F,迈克,出库,30009,拣货
MoHc45WiWh,白色 品牌09 450 鼠标（有线）,鼠标,品牌09,450,有线,白色,16*10*1,160,DM11D,艾米,出库,30038,拣货
LaOv17i7Si,银色 品牌13 17英寸 笔记本电脑（第7代处理器）,笔记本电脑,品牌13,17英寸,第7代处理器,银色,16*1*1,16,CQ29H,艾米,出库,30049,拣货
TVGL42S4Si,银色 品牌31 42英寸 电视机（超级超高清）,电视机,品牌31,42英寸,超级超高清,银色,8*1*1,8,AR42E,艾米丽,出库,30018,拣货
LaYn148GBl,黑色 品牌15 14英寸 笔记本电脑（8吉字节内存）,笔记本电脑,品牌15,14英寸,8吉字节内存,黑色,16*1*1,3,BQ65A,莎拉,出库,30057,拣货
CuQE12DoBl,黑色 品牌01 1200 储物柜（带门式）,储物柜,品牌01,1200,带门式,黑色,8*1*1,8,DI15C,劳拉,出库,30078,拣货
LaPH1532Wh,白色 品牌12 15英寸 笔记本电脑（32吉字节内存）,笔记本电脑,品牌12,15英寸,32吉字节内存,白色,16*1*1,16,AG95G,劳拉,出库,30055,拣货
CuQE12DoBl,黑色 品牌01 1200 储物柜（带门式）,储物柜,品牌01,1200,带门式,黑色,8*1*1,8,BR27E,迈克,出库,30020,拣货
KePH27WiPi,粉色 品牌12 270 键盘（有线）,键盘,品牌12,270,有线,粉色,16*10*1,155,AU84G,迈克,出库,30064,拣货
CuRG12LoGr,灰色 品牌03 1200 储物柜（储物锁柜）,储物柜,品牌03,1200,储物锁柜,灰色,8*1*1,2,AO02E,劳拉,出库,30067,拣货
CuRG12DoBe,米色 品牌03 1200 储物柜（带门式）,储物柜,品牌03,1200,带门式,米色,8*1*1,3,AO73A,克里斯,出库,30084,拣货
TVGn50S4Gr,灰色 品牌30 50英寸 电视机（超级超高清）,电视机,品牌30,50英寸,超级超高清,灰色,8*1*1,8,DU85B,艾米丽,出库,30025,拣货
TVGL42S4Wh,白色 品牌31 42英寸 电视机（超级超高清）,电视机,品牌31,42英寸,超级超高清,白色,8*1*1,8,CL50F,约翰,出库,30030,拣货
TVGL42S4Wh,白色 品牌31 42英寸 电视机（超级超高清）,电视机,品牌31,42英寸,超级超高清,白色,8*1*1,8,AX91A,简,出库,30082,拣货
DrRG12LoWh,白色 品牌03 1200 抽屉柜（储物锁柜）,抽屉柜,品牌03,1200,储物锁柜,白色,8*1*1,8,CN57D,艾米丽,出库,30020,拣货
TVGn75SFWh,白色 品牌30 75英寸 电视机（超级全高清）,电视机,品牌30,75英寸,超级全高清,白色,8*1*1,8,CG22H,艾米,出库,30052,拣货
AlYn17i5Si,银色 品牌15 17英寸 一体机（第5代处理器）,一体机,品牌15,17英寸,第5代处理器,银色,16*1*1,16,AP79F,莎拉,出库,30042,拣货
GaXELAdGr,灰色 品牌06 大号 游戏椅（可调节）,游戏椅,品牌06,大号,可调节,灰色,16*1*1,16,DJ23E,大卫,出库,30069,拣货
AlPH1432Wh,白色 品牌12 14英寸 一体机（32吉字节内存）,一体机,品牌12,14英寸,32吉字节内存,白色,16*1*1,16,DY62G,劳拉,出库,30006,拣货
NoScA3liBl,黑色 品牌17 三号纸 笔记本（线条）,笔记本,品牌17,三号纸,线条,黑色,48*10*5,2400,DY26B,亚历克斯,出库,30091,拣货
AlRe14i5Bl,黑色 品牌14 14英寸 一体机（第5代处理器）,一体机,品牌14,14英寸,第5代处理器,黑色,16*1*1,16,DS20H,克里斯,出库,30011,拣货
MoHc27MePi,粉色 品牌09 270 鼠标（机械式）,鼠标,品牌09,270,机械式,粉色,16*10*1,160,AQ63E,克里斯,出库,30040,拣货
TVYn75S4Si,银色 品牌15 75英寸 电视机（超级超高清）,电视机,品牌15,75英寸,超级超高清,银色,8*1*1,8,AS31F,大卫,出库,30052,拣货
GaXELErWh,白色 品牌06 大号 游戏椅（人体工学）,游戏椅,品牌06,大号,人体工学,白色,16*1*1,3,CK65C,亚历克斯,出库,30042,拣货
NoExA4doWh,白色 品牌16 四号纸 笔记本（点阵）,笔记本,品牌16,四号纸,点阵,白色,48*10*5,650,DS98B,迈克,出库,30069,拣货
LaYn1516Si,银色 品牌15 15英寸 笔记本电脑（16吉字节内存）,笔记本电脑,品牌15,15英寸,16吉字节内存,银色,16*1*1,14,DP92G,迈克,出库,30056,拣货
PeRe12HeWh,白色 品牌22 12 铅笔（六角形）,铅笔,品牌22,12,六角形,白色,48*10*5,2400,AH89H,迈克,出库,30019,拣货
DrQE90SlBe,米色 品牌01 900 抽屉柜（滑动式）,抽屉柜,品牌01,900,滑动式,米色,8*1*1,8,CZ83F,约翰,出库,30067,拣货
MoRe27WiBl,黑色 品牌10 270 鼠标（有线）,鼠标,品牌10,270,有线,黑色,16*10*1,32,DF69C,约翰,出库,30036,拣货
TVEs50FHBl,黑色 品牌32 50英寸 电视机（全高清）,电视机,品牌32,50英寸,全高清,黑色,8*1*1,6,DF65C,约翰,出库,30029,拣货
DrRG18DoGr,灰色 品牌03 1800 抽屉柜（带门式）,抽屉柜,品牌03,1800,带门式,灰色,8*1*1,6,AU14B,简,出库,30002,拣货
LaOv17i5Wh,白色 品牌13 17英寸 笔记本电脑（第5代处理器）,笔记本电脑,品牌13,17英寸,第5代处理器,白色,16*1*1,16,CM30C,劳拉,出库,30028,拣货
LaPH1432Si,银色 品牌12 14英寸 笔记本电脑（32吉字节内存）,笔记本电脑,品牌12,14英寸,32吉字节内存,银色,16*1*1,16,CU90C,莎拉,出库,30051,拣货
LaYn1732Si,银色 品牌15 17英寸 笔记本电脑（32吉字节内存）,笔记本电脑,品牌15,17英寸,32吉字节内存,银色,16*1*1,11,BF32E,克里斯,出库,30077,拣货
LaRe1516Wh,白色 品牌14 15英寸 笔记本电脑（16吉字节内存）,笔记本电脑,品牌14,15英寸,16吉字节内存,白色,16*1*1,9,BG12D,亚历克斯,出库,30078,拣货
TVYn65SFGr,灰色 品牌15 65英寸 电视机（超级全高清）,电视机,品牌15,65英寸,超级全高清,灰色,8*1*1,2,DZ07B,劳拉,出库,30034,拣货
TaTR15WoBl,黑色 品牌29 1500 桌子（工作站）,桌子,品牌29,1500,工作站,黑色,8*1*1,8,DT20G,约翰,出库,30043,拣货
PrSoA3LaWh,白色 品牌25 三号纸 打印机（激光）,打印机,品牌25,三号纸,激光,白色,16*1*1,16,CN28F,克里斯,出库,30091,拣货
CaRG18DoWh,白色 品牌03 1800 文件柜（带门式）,文件柜,品牌03,1800,带门式,白色,8*1*1,8,BH40F,简,出库,30002,拣货
LaYn14i7Gr,灰色 品牌15 14英寸 笔记本电脑（第7代处理器）,笔记本电脑,品牌15,14英寸,第7代处理器,灰色,16*1*1,16,CF32B,简,出库,30016,拣货
CuTE90SlWh,白色 品牌04 900 储物柜（滑动式）,储物柜,品牌04,900,滑动式,白色,8*1*1,8,DG70G,约翰,出库,30079,拣货
AlOv15i5Gr,灰色 品牌13 15英寸 一体机（第5代处理器）,一体机,品牌13,15英寸,第5代处理器,灰色,16*1*1,16,AZ41B,约翰,出库,30002,拣货
CaWE90LoGr,灰色 品牌02 900 文件柜（储物锁柜）,文件柜,品牌02,900,储物锁柜,灰色,8*1*1,8,AJ48B,约翰,出库,30028,拣货
PrReA4WiBl,黑色 品牌24 四号纸 打印机（无线网络）,打印机,品牌24,四号纸,无线网络,黑色,16*1*1,16,BY57E,迈克,出库,30070,拣货
TVGL42FHSi,银色 品牌31 42英寸 电视机（全高清）,电视机,品牌31,42英寸,全高清,银色,8*1*1,8,BU35H,艾米丽,出库,30087,拣货
LaPH17i7Bl,黑色 品牌12 17英寸 笔记本电脑（第7代处理器）,笔记本电脑,品牌12,17英寸,第7代处理器,黑色,16*1*1,4,BS73G,艾米丽,出库,30001,拣货
MoPH27ErBl,黑色 品牌12 270 鼠标（人体工学）,鼠标,品牌12,270,人体工学,黑色,16*10*1,149,CY87G,约翰,出库,30066,拣货
CuQE12DoWh,白色 品牌01 1200 储物柜（带门式）,储物柜,品牌01,1200,带门式,白色,8*1*1,6,DU16C,克里斯,出库,30068,拣货
NoScA3doWh,白色 品牌17 三号纸 笔记本（点阵）,笔记本,品牌17,三号纸,点阵,白色,48*10*5,2400,AO05E,迈克,出库,30002,拣货
CuQE18FiGr,灰色 品牌01 1800 储物柜（文件收纳）,储物柜,品牌01,1800,文件收纳,灰色,8*1*1,6,AY90D,克里斯,出库,30048,拣货
KeRe35MeNa,藏青色 品牌10 350 键盘（机械式）,键盘,品牌10,350,机械式,藏青色,16*10*1,160,BU82D,约翰,出库,30091,拣货
LaPH148GSi,银色 品牌12 14英寸 笔记本电脑（8吉字节内存）,笔记本电脑,品牌12,14英寸,8吉字节内存,银色,16*1*1,4,AU30B,艾米丽,出库,30047,拣货
LaOv148GGr,灰色 品牌13 14英寸 笔记本电脑（8吉字节内存）,笔记本电脑,品牌13,14英寸,8吉字节内存,灰色,16*1*1,7,AO40H,简,出库,30029,拣货
AlRe14i7Bl,黑色 品牌14 14英寸 一体机（第7代处理器）,一体机,品牌14,14英寸,第7代处理器,黑色,16*1*1,16,BF82H,大卫,出库,30073,拣货
SPNa12WaGr,灰色 品牌23 12 触控笔（水彩）,触控笔,品牌23,12,水彩,灰色,48*10*5,1165,AW21H,约翰,出库,30031,拣货
OfXELAdBl,黑色 品牌06 大号 办公椅（可调节）,办公椅,品牌06,大号,可调节,黑色,16*1*1,7,AY51F,艾米丽,出库,30067,拣货
GaXEMAdGr,灰色 品牌06 中号 游戏椅（可调节）,游戏椅,品牌06,中号,可调节,灰色,16*1*1,12,CH12G,简,出库,30095,拣货
TVYn754KBl,黑色 品牌15 75英寸 电视机（超高清）,电视机,品牌15,75英寸,超高清,黑色,8*1*1,3,BJ50B,简,出库,30043,拣货
NoScA5doBl,黑色 品牌17 五号纸 笔记本（点阵）,笔记本,品牌17,五号纸,点阵,黑色,48*10*5,2400,CF90G,莎拉,出库,30062,拣货
TVYn32FHWh,白色 品牌15 32英寸 电视机（全高清）,电视机,品牌15,32英寸,全高清,白色,8*1*1,8,DP71G,大卫,出库,30063,拣货
AlOv15i7Bl,黑色 品牌13 15英寸 一体机（第7代处理器）,一体机,品牌13,15英寸,第7代处理器,黑色,16*1*1,16,CJ49C,简,出库,30027,拣货
DrQE18FiBe,米色 品牌01 1800 抽屉柜（文件收纳）,抽屉柜,品牌01,1800,文件收纳,米色,8*1*1,8,DI60D,劳拉,出库,30012,拣货
LaRe14i5Wh,白色 品牌14 14英寸 笔记本电脑（第5代处理器）,笔记本电脑,品牌14,14英寸,第5代处理器,白色,16*1*1,16,CX77G,艾米丽,出库,30080,拣货
DrQE12SlGr,灰色 品牌01 1200 抽屉柜（滑动式）,抽屉柜,品牌01,1200,滑动式,灰色,8*1*1,5,DO38C,艾米,出库,30023,拣货
GaAESLeBl,黑色 品牌05 小号 游戏椅（皮革）,游戏椅,品牌05,小号,皮革,黑色,16*1*1,10,CO82H,约翰,出库,30010,拣货
DrWE12LoBl,黑色 品牌02 1200 抽屉柜（储物锁柜）,抽屉柜,品牌02,1200,储物锁柜,黑色,8*1*1,2,DM69D,莎拉,出库,30023,拣货
DrQE90LoBe,米色 品牌01 900 抽屉柜（储物锁柜）,抽屉柜,品牌01,900,储物锁柜,米色,8*1*1,3,CY88G,艾米,出库,30083,拣货
AlPH15i5Si,银色 品牌12 15英寸 一体机（第5代处理器）,一体机,品牌12,15英寸,第5代处理器,银色,16*1*1,16,AV79C,迈克,出库,30000,拣货
PrPHA4MoMi,混合色 品牌12 四号纸 打印机（黑白）,打印机,品牌12,四号纸,黑白,混合色,16*1*1,16,CY27H,亚历克斯,出库,30031,拣货
AlPH1516Bl,黑色 品牌12 15英寸 一体机（16吉字节内存）,一体机,品牌12,15英寸,16吉字节内存,黑色,16*1*1,3,AU52C,亚历克斯,出库,30063,拣货
MoHc45WiWh,白色 品牌09 450 鼠标（有线）,鼠标,品牌09,450,有线,白色,16*10*1,160,DX08D,大卫,出库,30048,拣货
CaTE90FiGr,灰色 品牌04 900 文件柜（文件收纳）,文件柜,品牌04,900,文件收纳,灰色,8*1*1,8,BT66E,艾米丽,出库,30064,拣货
OfOGSLeBl,黑色 品牌07 小号 办公椅（皮革）,办公椅,品牌07,小号,皮革,黑色,16*1*1,16,DJ66G,劳拉,出库,30016,拣货
LaYn158GBl,黑色 品牌15 15英寸 笔记本电脑（8吉字节内存）,笔记本电脑,品牌15,15英寸,8吉字节内存,黑色,16*1*1,16,CI68E,亚历克斯,出库,30013,拣货
TaCI18WoWh,白色 品牌27 1800 桌子（工作站）,桌子,品牌27,1800,工作站,白色,8*1*1,8,CN04F,劳拉,出库,30045,拣货
SPRe12WaBl,黑色 品牌22 12 触控笔（水彩）,触控笔,品牌22,12,水彩,黑色,48*10*5,417,BH45G,莎拉,出库,30097,拣货
NoGrA4ruSi,银色 品牌18 四号纸 笔记本（横线）,笔记本,品牌18,四号纸,横线,银色,48*10*5,1229,CI84E,简,出库,30006,拣货
LaRe1432Gr,灰色 品牌14 14英寸 笔记本电脑（32吉字节内存）,笔记本电脑,品牌14,14英寸,32吉字节内存,灰色,16*1*1,11,AU11H,劳拉,出库,30098,拣货
PeNa24WaPi,粉色 品牌23 24 铅笔（水彩）,铅笔,品牌23,24,水彩,粉色,48*10*5,2400,DO09D,简,出库,30060,拣货
PeRe24WaGr,灰色 品牌22 24 铅笔（水彩）,铅笔,品牌22,24,水彩,灰色,48*10*5,2400,DT32G,亚历克斯,出库,30051,拣货
LaRe17i5Gr,灰色 品牌14 17英寸 笔记本电脑（第5代处理器）,笔记本电脑,品牌14,17英寸,第5代处理器,灰色,16*1*1,10,CZ10F,艾米丽,出库,30037,拣货
GaAESHeBl,黑色 品牌05 小号 游戏椅（头枕）,游戏椅,品牌05,小号,头枕,黑色,16*1*1,2,CY80B,艾米,出库,30051,拣货
PrPHA3AlMi,混合色 品牌12 三号纸 打印机（一体式）,打印机,品牌12,三号纸,一体式,混合色,16*1*1,14,DL17A,约翰,出库,30020,拣货
LaOv1516Wh,白色 品牌13 15英寸 笔记本电脑（16吉字节内存）,笔记本电脑,品牌13,15英寸,16吉字节内存,白色,16*1*1,16,CW16H,艾米,出库,30033,拣货
LaOv148GGr,灰色 品牌13 14英寸 笔记本电脑（8吉字节内存）,笔记本电脑,品牌13,14英寸,8吉字节内存,灰色,16*1*1,16,CG02B,劳拉,出库,30013,拣货
TVYn50SFWh,白色 品牌15 50英寸 电视机（超级全高清）,电视机,品牌15,50英寸,超级全高清,白色,8*1*1,8,BT89B,艾米丽,出库,30052,拣货
GaXELErWh,白色 品牌06 大号 游戏椅（人体工学）,游戏椅,品牌06,大号,人体工学,白色,16*1*1,12,AF81D,艾米丽,出库,30076,拣货
MoRe35ErBl,黑色 品牌10 350 鼠标（人体工学）,鼠标,品牌10,350,人体工学,黑色,16*10*1,160,DH51D,迈克,出库,30060,拣货
AlOv17i7Bl,黑色 品牌13 17英寸 一体机（第7代处理器）,一体机,品牌13,17英寸,第7代处理器,黑色,16*1*1,16,DY28E,艾米丽,出库,30075,拣货
NoScA5ruWh,白色 品牌17 五号纸 笔记本（横线）,笔记本,品牌17,五号纸,横线,白色,48*10*5,1880,CJ55H,简,出库,30019,拣货
OfXELHeBl,黑色 品牌06 大号 办公椅（头枕）,办公椅,品牌06,大号,头枕,黑色,16*1*1,16,AK97F,亚历克斯,出库,30051,拣货
CuWE18FiGr,灰色 品牌02 1800 储物柜（文件收纳）,储物柜,品牌02,1800,文件收纳,灰色,8*1*1,8,AG92B,艾米丽,出库,30059,拣货
AlPH17i7Bl,黑色 品牌12 17英寸 一体机（第7代处理器）,一体机,品牌12,17英寸,第7代处理器,黑色,16*1*1,16,BO58C,大卫,出库,30027,拣货
SPAl12HeBl,黑色 品牌20 12 触控笔（六角形）,触控笔,品牌20,12,六角形,黑色,48*10*5,731,DV78D,迈克,出库,30067,拣货
DrWE12LoGr,灰色 品牌02 1200 抽屉柜（储物锁柜）,抽屉柜,品牌02,1200,储物锁柜,灰色,8*1*1,8,AQ45A,莎拉,出库,30064,拣货
MoHc35ErPi,粉色 品牌09 350 鼠标（人体工学）,鼠标,品牌09,350,人体工学,粉色,16*10*1,32,AX32C,克里斯,出库,30051,拣货
LaPH17i7Bl,黑色 品牌12 17英寸 笔记本电脑（第7代处理器）,笔记本电脑,品牌12,17英寸,第7代处理器,黑色,16*1*1,12,DW76F,亚历克斯,出库,30074,拣货
OfOGLHeGr,灰色 品牌07 大号 办公椅（头枕）,办公椅,品牌07,大号,头枕,灰色,16*1*1,10,CU24A,简,出库,30017,拣货
SPNa24HePi,粉色 品牌23 24 触控笔（六角形）,触控笔,品牌23,24,六角形,粉色,48*10*5,753,CT82C,大卫,出库,30075,拣货
TaTR10FrBl,黑色 品牌28 1000 桌子（框架式）,桌子,品牌28,1000,框架式,黑色,8*1*1,8,DX39F,迈克,出库,30035,拣货
NoScA4liBl,黑色 品牌17 四号纸 笔记本（线条）,笔记本,品牌17,四号纸,线条,黑色,48*10*5,542,BR57B,艾米丽,出库,30088,拣货
GaAELErBl,黑色 品牌05 大号 游戏椅（人体工学）,游戏椅,品牌05,大号,人体工学,黑色,16*1*1,14,CP40D,亚历克斯,出库,30019,拣货
NoExA4doWh,白色 品牌16 四号纸 笔记本（点阵）,笔记本,品牌16,四号纸,点阵,白色,48*10*5,7,BU48G,莎拉,出库,30044,拣货
TVGn32SFWh,白色 品牌30 32英寸 电视机（超级全高清）,电视机,品牌30,32英寸,超级全高清,白色,8*1*1,4,CZ32F,艾米,出库,30003,拣货
PeRe24WaGr,灰色 品牌22 24 铅笔（水彩）,铅笔,品牌22,24,水彩,灰色,48*10*5,130,BZ40D,亚历克斯,出库,30098,拣货
TVGL32SFBl,黑色 品牌31 32英寸 电视机（超级全高清）,电视机,品牌31,32英寸,超级全高清,黑色,8*1*1,8,DN12G,大卫,出库,30029,拣货
TaAE15AdWh,白色 品牌05 1500 桌子（可调节）,桌子,品牌05,1500,可调节,白色,8*1*1,8,CL55A,莎拉,出库,30002,拣货
LaRe1716Si,银色 品牌14 17英寸 笔记本电脑（16吉字节内存）,笔记本电脑,品牌14,17英寸,16吉字节内存,银色,16*1*1,7,DT60E,莎拉,出库,30096,拣货
MoHc27ErPi,粉色 品牌09 270 鼠标（人体工学）,鼠标,品牌09,270,人体工学,粉色,16*10*1,160,AT02A,大卫,出库,30093,拣货
NoMuA5ruBl,黑色 品牌19 五号纸 笔记本（横线）,笔记本,品牌19,五号纸,横线,黑色,48*10*5,910,DQ05A,迈克,出库,30024,拣货
CuQE18FiBe,米色 品牌01 1800 储物柜（文件收纳）,储物柜,品牌01,1800,文件收纳,米色,8*1*1,6,CN64A,约翰,出库,30069,拣货
SPGi12WaPi,粉色 品牌21 12 触控笔（水彩）,触控笔,品牌21,12,水彩,粉色,48*10*5,2400,AU33B,约翰,出库,30057,拣货
PeRe24SoGr,灰色 品牌22 24 铅笔（可溶性）,铅笔,品牌22,24,可溶性,灰色,48*10*5,2400,BK38A,艾米丽,出库,30089,拣货
TVGL42FHGr,灰色 品牌31 42英寸 电视机（全高清）,电视机,品牌31,42英寸,全高清,灰色,8*1*1,4,BO42B,克里斯,出库,30080,拣货
OfXESLeWh,白色 品牌06 小号 办公椅（皮革）,办公椅,品牌06,小号,皮革,白色,16*1*1,16,DK45F,劳拉,出库,30098,拣货
OfOGSAdPi,粉色 品牌07 小号 办公椅（可调节）,办公椅,品牌07,小号,可调节,粉色,16*1*1,8,AV60E,约翰,出库,30055,拣货
OfAESErBl,黑色 品牌05 小号 办公椅（人体工学）,办公椅,品牌05,小号,人体工学,黑色,16*1*1,16,CU81B,劳拉,出库,30045,拣货
PrReA3WiWh,白色 品牌24 三号纸 打印机（无线网络）,打印机,品牌24,三号纸,无线网络,白色,16*1*1,12,DX55H,克里斯,出库,30012,拣货
TaTR10AuBl,黑色 品牌29 1000 桌子（自动调节）,桌子,品牌29,1000,自动调节,黑色,8*1*1,6,BS24A,迈克,出库,30019,拣货
PrSoA4AlMi,混合色 品牌25 四号纸 打印机（一体式）,打印机,品牌25,四号纸,一体式,混合色,16*1*1,2,AV61F,艾米丽,出库,30097,拣货
TVGL65FHSi,银色 品牌31 65英寸 电视机（全高清）,电视机,品牌31,65英寸,全高清,银色,8*1*1,4,AO12C,艾米丽,出库,30082,拣货
DrQE18SlWh,白色 品牌01 1800 抽屉柜（滑动式）,抽屉柜,品牌01,1800,滑动式,白色,8*1*1,8,AT82E,艾米丽,出库,30089,拣货
CaWE90SlBe,米色 品牌02 900 文件柜（滑动式）,文件柜,品牌02,900,滑动式,米色,8*1*1,8,BK85E,艾米,出库,30003,拣货
OfXESErPi,粉色 品牌06 小号 办公椅（人体工学）,办公椅,品牌06,小号,人体工学,粉色,16*1*1,16,CP35E,艾米丽,出库,30096,拣货
TVGL50SFGr,灰色 品牌31 50英寸 电视机（超级全高清）,电视机,品牌31,50英寸,超级全高清,灰色,8*1*1,8,AP42G,约翰,出库,30038,拣货
KeRe27MePi,粉色 品牌10 270 键盘（机械式）,键盘,品牌10,270,机械式,粉色,16*10*1,160,DW53D,约翰,出库,30003,拣货
DrQE18DoGr,灰色 品牌01 1800 抽屉柜（带门式）,抽屉柜,品牌01,1800,带门式,灰色,8*1*1,2,CJ17A,艾米丽,出库,30067,拣货
KeHc35ErNa,藏青色 品牌09 350 键盘（人体工学）,键盘,品牌09,350,人体工学,藏青色,16*10*1,67,AP87E,劳拉,出库,30070,拣货
NoMuA3doWh,白色 品牌19 三号纸 笔记本（点阵）,笔记本,品牌19,三号纸,点阵,白色,48*10*5,2400,AN69C,迈克,出库,30084,拣货
CaTE18SlBe,米色 品牌04 1800 文件柜（滑动式）,文件柜,品牌04,1800,滑动式,米色,8*1*1,6,AF43D,莎拉,出库,30061,拣货
PeRe50HePi,粉色 品牌22 50 铅笔（六角形）,铅笔,品牌22,50,六角形,粉色,48*10*5,476,BV10B,艾米丽,出库,30098,拣货
KePH35MeNa,藏青色 品牌12 350 键盘（机械式）,键盘,品牌12,350,机械式,藏青色,16*10*1,160,BW44A,克里斯,出库,30000,拣货
AlPH17i7Gr,灰色 品牌12 17英寸 一体机（第7代处理器）,一体机,品牌12,17英寸,第7代处理器,灰色,16*1*1,16,DQ17H,简,出库,30063,拣货
PrReA2InWh,白色 品牌24 二号纸 打印机（喷墨）,打印机,品牌24,二号纸,喷墨,白色,16*1*1,8,AJ89C,艾米丽,出库,30000,拣货
TVGn50S4Si,银色 品牌30 50英寸 电视机（超级超高清）,电视机,品牌30,50英寸,超级超高清,银色,8*1*1,1,CL81A,简,出库,30095,拣货
TVYn754KSi,银色 品牌15 75英寸 电视机（超高清）,电视机,品牌15,75英寸,超高清,银色,8*1*1,8,CT26F,约翰,出库,30014,拣货
CuTE90FiGr,灰色 品牌04 900 储物柜（文件收纳）,储物柜,品牌04,900,文件收纳,灰色,8*1*1,8,BH65E,艾米丽,出库,30025,拣货
SPAl50SoWh,白色 品牌20 50 触控笔（可溶性）,触控笔,品牌20,50,可溶性,白色,48*10*5,1416,AK95H,劳拉,出库,30073,拣货
PrNoA2MoMi,混合色 品牌26 二号纸 打印机（黑白）,打印机,品牌26,二号纸,黑白,混合色,16*1*1,16,CF04D,艾米丽,出库,30034,拣货
SPAl12SoGr,灰色 品牌20 12 触控笔（可溶性）,触控笔,品牌20,12,可溶性,灰色,48*10*5,1931,CP13F,劳拉,出库,30015,拣货
GaAELErBl,黑色 品牌05 大号 游戏椅（人体工学）,游戏椅,品牌05,大号,人体工学,黑色,16*1*1,16,BR13F,劳拉,出库,30079,拣货
CaRG18LoGr,灰色 品牌03 1800 文件柜（储物锁柜）,文件柜,品牌03,1800,储物锁柜,灰色,8*1*1,8,CO91D,艾米,出库,30045,拣货
CuTE90SlWh,白色 品牌04 900 储物柜（滑动式）,储物柜,品牌04,900,滑动式,白色,8*1*1,8,CK22F,艾米,出库,30074,拣货
GaSESHeGr,灰色 品牌08 小号 游戏椅（头枕）,游戏椅,品牌08,小号,头枕,灰色,16*1*1,16,DV61E,艾米,出库,30024,拣货
OfSELErBl,黑色 品牌08 大号 办公椅（人体工学）,办公椅,品牌08,大号,人体工学,黑色,16*1*1,16,BI65F,劳拉,出库,30083,拣货
SPGi12WaPi,粉色 品牌21 12 触控笔（水彩）,触控笔,品牌21,12,水彩,粉色,48*10*5,672,AW09B,大卫,出库,30061,拣货
GaAESErBl,黑色 品牌05 小号 游戏椅（人体工学）,游戏椅,品牌05,小号,人体工学,黑色,16*1*1,16,DZ52G,亚历克斯,出库,30063,拣货
LaRe15i5Si,银色 品牌14 15英寸 笔记本电脑（第5代处理器）,笔记本电脑,品牌14,15英寸,第5代处理器,银色,16*1*1,15,AY82F,简,出库,30009,拣货
DrWE12SlBe,米色 品牌02 1200 抽屉柜（滑动式）,抽屉柜,品牌02,1200,滑动式,米色,8*1*1,3,AY91E,简,出库,30041,拣货
MoHc35MeNa,藏青色 品牌09 350 鼠标（机械式）,鼠标,品牌09,350,机械式,藏青色,16*10*1,160,DW75C,艾米丽,出库,30082,拣货
MoSu27WiPi,粉色 品牌11 270 鼠标（有线）,鼠标,品牌11,270,有线,粉色,16*10*1,154,BR01E,迈克,出库,30080,拣货
CuWE90SlBe,米色 品牌02 900 储物柜（滑动式）,储物柜,品牌02,900,滑动式,米色,8*1*1,4,CM48G,艾米,出库,30063,拣货
PeRe24WaPi,粉色 品牌22 24 铅笔（水彩）,铅笔,品牌22,24,水彩,粉色,48*10*5,2400,CG50G,约翰,出库,30002,拣货
GaAEMHeBl,黑色 品牌05 中号 游戏椅（头枕）,游戏椅,品牌05,中号,头枕,黑色,16*1*1,16,CT40D,莎拉,出库,30018,拣货
LaRe17i5Wh,白色 品牌14 17英寸 笔记本电脑（第5代处理器）,笔记本电脑,品牌14,17英寸,第5代处理器,白色,16*1*1,16,AQ20F,劳拉,出库,30070,拣货
TVGL50SFGr,灰色 品牌31 50英寸 电视机（超级全高清）,电视机,品牌31,50英寸,超级全高清,灰色,8*1*1,8,AM37D,克里斯,出库,30031,拣货
NoGrA3doGr,灰色 品牌18 三号纸 笔记本（点阵）,笔记本,品牌18,三号纸,点阵,灰色,48*10*5,1124,AV56D,亚历克斯,出库,30007,拣货
DrQE18DoGr,灰色 品牌01 1800 抽屉柜（带门式）,抽屉柜,品牌01,1800,带门式,灰色,8*1*1,4,AJ50G,亚历克斯,出库,30028,拣货
TaTR18FrBl,黑色 品牌28 1800 桌子（框架式）,桌子,品牌28,1800,框架式,黑色,8*1*1,8,AK23B,艾米,出库,30020,拣货
TVGL50SFGr,灰色 品牌31 50英寸 电视机（超级全高清）,电视机,品牌31,50英寸,超级全高清,灰色,8*1*1,8,DT19H,克里斯,出库,30093,拣货
CuRG18DoBl,黑色 品牌03 1800 储物柜（带门式）,储物柜,品牌03,1800,带门式,黑色,8*1*1,3,AR50C,亚历克斯,出库,30094,拣货
PrSoA2MoBl,黑色 品牌25 二号纸 打印机（黑白）,打印机,品牌25,二号纸,黑白,黑色,16*1*1,16,DR12G,大卫,出库,30022,拣货
DrWE18DoWh,白色 品牌02 1800 抽屉柜（带门式）,抽屉柜,品牌02,1800,带门式,白色,8*1*1,6,AM69D,克里斯,出库,30075,拣货
OfOGLAdWh,白色 品牌07 大号 办公椅（可调节）,办公椅,品牌07,大号,可调节,白色,16*1*1,16,AL09H,亚历克斯,出库,30053,拣货
TVEs32S4Bl,黑色 品牌32 32英寸 电视机（超级超高清）,电视机,品牌32,32英寸,超级超高清,黑色,8*1*1,8,DQ79C,艾米丽,出库,30017,拣货
TVEs50SFBl,黑色 品牌32 50英寸 电视机（超级全高清）,电视机,品牌32,50英寸,超级全高清,黑色,8*1*1,8,DK61D,艾米丽,出库,30068,拣货
CuRG12SlWh,白色 品牌03 1200 储物柜（滑动式）,储物柜,品牌03,1200,滑动式,白色,8*1*1,4,DZ35F,艾米,出库,30074,拣货
TVEs32SFSi,银色 品牌32 32英寸 电视机（超级全高清）,电视机,品牌32,32英寸,超级全高清,银色,8*1*1,8,BO22D,亚历克斯,出库,30092,拣货
MoRe35MeWh,白色 品牌10 350 鼠标（机械式）,鼠标,品牌10,350,机械式,白色,16*10*1,160,CR96E,艾米,出库,30046,拣货
AlYn15i7Gr,灰色 品牌15 15英寸 一体机（第7代处理器）,一体机,品牌15,15英寸,第7代处理器,灰色,16*1*1,4,BF62C,约翰,出库,30051,拣货
MoHc27WiWh,白色 品牌09 270 鼠标（有线）,鼠标,品牌09,270,有线,白色,16*10*1,160,DF63E,约翰,出库,30071,拣货
DrWE18DoBe,米色 品牌02 1800 抽屉柜（带门式）,抽屉柜,品牌02,1800,带门式,米色,8*1*1,8,BN33E,艾米,出库,30014,拣货
TVGL504KWh,白色 品牌31 50英寸 电视机（超高清）,电视机,品牌31,50英寸,超高清,白色,8*1*1,3,CS44A,大卫,出库,30030,拣货
MoSu35WiPi,粉色 品牌11 350 鼠标（有线）,鼠标,品牌11,350,有线,粉色,16*10*1,74,AI18G,简,出库,30036,拣货
GaXELAdWh,白色 品牌06 大号 游戏椅（可调节）,游戏椅,品牌06,大号,可调节,白色,16*1*1,16,CL58G,克里斯,出库,30097,拣货
TaAE10WoGr,灰色 品牌05 1000 桌子（工作站）,桌子,品牌05,1000,工作站,灰色,8*1*1,5,CK33B,艾米丽,出库,30040,拣货
TVGL754KGr,灰色 品牌31 75英寸 电视机（超高清）,电视机,品牌31,75英寸,超高清,灰色,8*1*1,1,DJ62A,亚历克斯,出库,30049,拣货
DrWE90FiBe,米色 品牌02 900 抽屉柜（文件收纳）,抽屉柜,品牌02,900,文件收纳,米色,8*1*1,8,DZ02H,艾米,出库,30063,拣货
MoHc35MeBl,黑色 品牌09 350 鼠标（机械式）,鼠标,品牌09,350,机械式,黑色,16*10*1,160,CV09H,大卫,出库,30024,拣货
CaWE18FiWh,白色 品牌02 1800 文件柜（文件收纳）,文件柜,品牌02,1800,文件收纳,白色,8*1*1,8,AO75G,亚历克斯,出库,30015,拣货
TVEs65S4Wh,白色 品牌32 65英寸 电视机（超级超高清）,电视机,品牌32,65英寸,超级超高清,白色,8*1*1,8,AS55B,克里斯,出库,30077,拣货
PeRe50HeGr,灰色 品牌22 50 铅笔（六角形）,铅笔,品牌22,50,六角形,灰色,48*10*5,2400,BT16C,大卫,出库,30040,拣货
LaRe15i5Wh,白色 品牌14 15英寸 笔记本电脑（第5代处理器）,笔记本电脑,品牌14,15英寸,第5代处理器,白色,16*1*1,16,AO01E,约翰,出库,30086,拣货
KeRe35ErWh,白色 品牌10 350 键盘（人体工学）,键盘,品牌10,350,人体工学,白色,16*10*1,14,DZ90D,劳拉,出库,30081,拣货
AlOv14i5Bl,黑色 品牌13 14英寸 一体机（第5代处理器）,一体机,品牌13,14英寸,第5代处理器,黑色,16*1*1,1,CJ64E,亚历克斯,出库,30014,拣货
PrReA4WiMi,混合色 品牌24 四号纸 打印机（无线网络）,打印机,品牌24,四号纸,无线网络,混合色,16*1*1,16,DO76B,迈克,出库,30009,拣货
AlYn1516Bl,黑色 品牌15 15英寸 一体机（16吉字节内存）,一体机,品牌15,15英寸,16吉字节内存,黑色,16*1*1,1,CF57H,莎拉,出库,30087,拣货
NoGrA3ruGr,灰色 品牌18 三号纸 笔记本（横线）,笔记本,品牌18,三号纸,横线,灰色,48*10*5,1392,DN06H,约翰,出库,30030,拣货
AlYn15i5Bl,黑色 品牌15 15英寸 一体机（第5代处理器）,一体机,品牌15,15英寸,第5代处理器,黑色,16*1*1,12,BY26F,大卫,出库,30067,拣货
SPRe50HeGr,灰色 品牌22 50 触控笔（六角形）,触控笔,品牌22,50,六角形,灰色,48*10*5,2400,CY30D,劳拉,出库,30058,拣货
TVGn75SFWh,白色 品牌30 75英寸 电视机（超级全高清）,电视机,品牌30,75英寸,超级全高清,白色,8*1*1,6,DN48C,约翰,出库,30099,拣货
CuRG90LoWh,白色 品牌03 900 储物柜（储物锁柜）,储物柜,品牌03,900,储物锁柜,白色,8*1*1,3,BF01A,简,出库,30093,拣货
AlSu15i5Gr,灰色 品牌11 15英寸 一体机（第5代处理器）,一体机,品牌11,15英寸,第5代处理器,灰色,16*1*1,14,DP25E,亚历克斯,出库,30093,拣货
PrNoA2InBl,黑色 品牌26 二号纸 打印机（喷墨）,打印机,品牌26,二号纸,喷墨,黑色,16*1*1,16,BX25C,艾米,出库,30066,拣货
OfXESLePi,粉色 品牌06 小号 办公椅（皮革）,办公椅,品牌06,小号,皮革,粉色,16*1*1,12,AF97G,劳拉,出库,30053,拣货
TVGn65SFBl,黑色 品牌30 65英寸 电视机（超级全高清）,电视机,品牌30,65英寸,超级全高清,黑色,8*1*1,8,AT18F,约翰,出库,30031,拣货
MoHc45BlNa,藏青色 品牌09 450 鼠标（蓝牙）,鼠标,品牌09,450,蓝牙,藏青色,16*10*1,152,AH06D,克里斯,出库,30092,拣货
SPNa12HeWh,白色 品牌23 12 触控笔（六角形）,触控笔,品牌23,12,六角形,白色,48*10*5,2054,DT79F,莎拉,出库,30052,拣货
PeAl50HeGr,灰色 品牌20 50 铅笔（六角形）,铅笔,品牌20,50,六角形,灰色,48*10*5,896,AQ21F,亚历克斯,出库,30065,拣货
CaWE12LoWh,白色 品牌02 1200 文件柜（储物锁柜）,文件柜,品牌02,1200,储物锁柜,白色,8*1*1,8,DY87D,艾米丽,出库,30071,拣货
TVEs42SFWh,白色 品牌32 42英寸 电视机（超级全高清）,电视机,品牌32,42英寸,超级全高清,白色,8*1*1,2,BR08H,迈克,出库,30059,拣货
PeNa12SoWh,白色 品牌23 12 铅笔（可溶性）,铅笔,品牌23,12,可溶性,白色,48*10*5,2400,DN37G,艾米,出库,30060,拣货
LaPH14i7Bl,黑色 品牌12 14英寸 笔记本电脑（第7代处理器）,笔记本电脑,品牌12,14英寸,第7代处理器,黑色,16*1*1,2,CS47G,约翰,出库,30034,拣货
TVGn754KGr,灰色 品牌30 75英寸 电视机（超高清）,电视机,品牌30,75英寸,超高清,灰色,8*1*1,6,DP54C,艾米,出库,30016,拣货
AlOv17i5Gr,灰色 品牌13 17英寸 一体机（第5代处理器）,一体机,品牌13,17英寸,第5代处理器,灰色,16*1*1,2,CF81F,艾米,出库,30044,拣货
OfXEMAdBl,黑色 品牌06 中号 办公椅（可调节）,办公椅,品牌06,中号,可调节,黑色,16*1*1,16,BX87D,简,出库,30013,拣货
DrQE90DoWh,白色 品牌01 900 抽屉柜（带门式）,抽屉柜,品牌01,900,带门式,白色,8*1*1,8,BN62C,迈克,出库,30000,拣货
CaWE90SlBe,米色 品牌02 900 文件柜（滑动式）,文件柜,品牌02,900,滑动式,米色,8*1*1,2,BP59A,克里斯,出库,30051,拣货
SPGi50SoWh,白色 品牌21 50 触控笔（可溶性）,触控笔,品牌21,50,可溶性,白色,48*10*5,2400,DK85E,克里斯,出库,30082,拣货
NoExA5doBl,黑色 品牌16 五号纸 笔记本（点阵）,笔记本,品牌16,五号纸,点阵,黑色,48*10*5,1934,AR71F,亚历克斯,出库,30053,拣货
OfXESErPi,粉色 品牌06 小号 办公椅（人体工学）,办公椅,品牌06,小号,人体工学,粉色,16*1*1,3,BI21G,艾米,出库,30001,拣货
LaRe14i5Gr,灰色 品牌14 14英寸 笔记本电脑（第5代处理器）,笔记本电脑,品牌14,14英寸,第5代处理器,灰色,16*1*1,8,BP03E,克里斯,出库,30025,拣货
GaSELErPi,粉色 品牌08 大号 游戏椅（人体工学）,游戏椅,品牌08,大号,人体工学,粉色,16*1*1,11,BJ69C,亚历克斯,出库,30032,拣货
GaAELLeWh,白色 品牌05 大号 游戏椅（皮革）,游戏椅,品牌05,大号,皮革,白色,16*1*1,5,DG21A,亚历克斯,出库,30011,拣货
DrQE90LoBl,黑色 品牌01 900 抽屉柜（储物锁柜）,抽屉柜,品牌01,900,储物锁柜,黑色,8*1*1,8,DK17A,克里斯,出库,30037,拣货
AlOv1516Gr,灰色 品牌13 15英寸 一体机（16吉字节内存）,一体机,品牌13,15英寸,16吉字节内存,灰色,16*1*1,16,DL03H,迈克,出库,30049,拣货
LaRe178GGr,灰色 品牌14 17英寸 笔记本电脑（8吉字节内存）,笔记本电脑,品牌14,17英寸,8吉字节内存,灰色,16*1*1,12,CQ84E,艾米,出库,30058,拣货
SPGi24SoWh,白色 品牌21 24 触控笔（可溶性）,触控笔,品牌21,24,可溶性,白色,48*10*5,181,CY47D,劳拉,出库,30039,拣货
MoSu45ErBl,黑色 品牌11 450 鼠标（人体工学）,鼠标,品牌11,450,人体工学,黑色,16*10*1,160,CQ63G,约翰,出库,30047,拣货
NoMuA3liBl,黑色 品牌19 三号纸 笔记本（线条）,笔记本,品牌19,三号纸,线条,黑色,48*10*5,2190,DP03B,劳拉,出库,30023,拣货
PrPHA3AlGr,灰色 品牌12 三号纸 打印机（一体式）,打印机,品牌12,三号纸,一体式,灰色,16*1*1,16,DM91B,约翰,出库,30015,拣货
AlRe1532Bl,黑色 品牌14 15英寸 一体机（32吉字节内存）,一体机,品牌14,15英寸,32吉字节内存,黑色,16*1*1,16,DK07B,迈克,出库,30021,拣货
LaPH15i7Gr,灰色 品牌12 15英寸 笔记本电脑（第7代处理器）,笔记本电脑,品牌12,15英寸,第7代处理器,灰色,16*1*1,10,AM05D,劳拉,出库,30018,拣货
MoPH27BlNa,藏青色 品牌12 270 鼠标（蓝牙）,鼠标,品牌12,270,蓝牙,藏青色,16*10*1,89,DF18H,大卫,出库,30038,拣货
PrPHA2AlGr,灰色 品牌12 二号纸 打印机（一体式）,打印机,品牌12,二号纸,一体式,灰色,16*1*1,7,CM21C,简,出库,30017,拣货
NoExA5doSi,银色 品牌16 五号纸 笔记本（点阵）,笔记本,品牌16,五号纸,点阵,银色,48*10*5,1721,AN67F,劳拉,出库,30092,拣货
OfSESHeGr,灰色 品牌08 小号 办公椅（头枕）,办公椅,品牌08,小号,头枕,灰色,16*1*1,16,AL32A,艾米,出库,30088,拣货
CuQE90FiBl,黑色 品牌01 900 储物柜（文件收纳）,储物柜,品牌01,900,文件收纳,黑色,8*1*1,8,AI57D,劳拉,出库,30094,拣货
NoScA4ruGr,灰色 品牌17 四号纸 笔记本（横线）,笔记本,品牌17,四号纸,横线,灰色,48*10*5,2400,DS51C,迈克,出库,30041,拣货
MoHc45ErNa,藏青色 品牌09 450 鼠标（人体工学）,鼠标,品牌09,450,人体工学,藏青色,16*10*1,120,AK28E,简,出库,30080,拣货
TVEs50S4Wh,白色 品牌32 50英寸 电视机（超级超高清）,电视机,品牌32,50英寸,超级超高清,白色,8*1*1,8,DO58B,劳拉,出库,30072,拣货
LaSu1516Bl,黑色 品牌11 15英寸 笔记本电脑（16吉字节内存）,笔记本电脑,品牌11,15英寸,16吉字节内存,黑色,16*1*1,9,BY10D,迈克,出库,30085,拣货
TVGn75S4Bl,黑色 品牌30 75英寸 电视机（超级超高清）,电视机,品牌30,75英寸,超级超高清,黑色,8*1*1,8,CL29G,大卫,出库,30099,拣货
DrQE18FiBe,米色 品牌01 1800 抽屉柜（文件收纳）,抽屉柜,品牌01,1800,文件收纳,米色,8*1*1,8,AU03A,艾米,出库,30070,拣货
LaOv148GWh,白色 品牌13 14英寸 笔记本电脑（8吉字节内存）,笔记本电脑,品牌13,14英寸,8吉字节内存,白色,16*1*1,1,BX54H,艾米,出库,30012,拣货
LaOv1732Bl,黑色 品牌13 17英寸 笔记本电脑（32吉字节内存）,笔记本电脑,品牌13,17英寸,32吉字节内存,黑色,16*1*1,16,AW86E,艾米丽,出库,30003,拣货
TaTR18AuSi,银色 品牌29 1800 桌子（自动调节）,桌子,品牌29,1800,自动调节,银色,8*1*1,8,BT95H,劳拉,出库,30067,拣货
PrReA3MoMi,混合色 品牌24 三号纸 打印机（黑白）,打印机,品牌24,三号纸,黑白,混合色,16*1*1,8,DY83C,艾米丽,出库,30041,拣货
TVYn75FHBl,黑色 品牌15 75英寸 电视机（全高清）,电视机,品牌15,75英寸,全高清,黑色,8*1*1,8,DX27F,艾米丽,出库,30094,拣货
LaSu1732Bl,黑色 品牌11 17英寸 笔记本电脑（32吉字节内存）,笔记本电脑,品牌11,17英寸,32吉字节内存,黑色,16*1*1,16,AQ46F,劳拉,出库,30089,拣货
NoExA3ruWh,白色 品牌16 三号纸 笔记本（横线）,笔记本,品牌16,三号纸,横线,白色,48*10*5,504,CG95B,简,出库,30032,拣货
DrRG90DoGr,灰色 品牌03 900 抽屉柜（带门式）,抽屉柜,品牌03,900,带门式,灰色,8*1*1,7,BZ08A,艾米丽,出库,30093,拣货
GaXEMLeWh,白色 品牌06 中号 游戏椅（皮革）,游戏椅,品牌06,中号,皮革,白色,16*1*1,16,BQ43H,亚历克斯,出库,30025,拣货
TVGn32S4Wh,白色 品牌30 32英寸 电视机（超级超高清）,电视机,品牌30,32英寸,超级超高清,白色,8*1*1,8,AQ43F,大卫,出库,30086,拣货
PrSoA4MoGr,灰色 品牌25 四号纸 打印机（黑白）,打印机,品牌25,四号纸,黑白,灰色,16*1*1,16,CQ43B,亚历克斯,出库,30001,拣货
GaXESLeBl,黑色 品牌06 小号 游戏椅（皮革）,游戏椅,品牌06,小号,皮革,黑色,16*1*1,16,DV81E,迈克,出库,30049,拣货
TVYn32S4Wh,白色 品牌15 32英寸 电视机（超级超高清）,电视机,品牌15,32英寸,超级超高清,白色,8*1*1,4,AX88D,约翰,出库,30096,拣货
PeNa12HeGr,灰色 品牌23 12 铅笔（六角形）,铅笔,品牌23,12,六角形,灰色,48*10*5,1695,CM27G,简,出库,30070,拣货
GaOGMLeWh,白色 品牌07 中号 游戏椅（皮革）,游戏椅,品牌07,中号,皮革,白色,16*1*1,3,DH42G,克里斯,出库,30068,拣货
TVGL50SFGr,灰色 品牌31 50英寸 电视机（超级全高清）,电视机,品牌31,50英寸,超级全高清,灰色,8*1*1,8,BF71F,约翰,出库,30087,拣货
PeNa24WaBl,黑色 品牌23 24 铅笔（水彩）,铅笔,品牌23,24,水彩,黑色,48*10*5,2400,BJ88H,艾米,出库,30030,拣货
MoSu45MePi,粉色 品牌11 450 鼠标（机械式）,鼠标,品牌11,450,机械式,粉色,16*10*1,128,AS42H,劳拉,出库,30015,拣货
TVGL65SFWh,白色 品牌31 65英寸 电视机（超级全高清）,电视机,品牌31,65英寸,超级全高清,白色,8*1*1,2,AK38B,简,出库,30066,拣货
TVGn324KBl,黑色 品牌30 32英寸 电视机（超高清）,电视机,品牌30,32英寸,超高清,黑色,8*1*1,8,BH20E,莎拉,出库,30004,拣货
OfAESAdBl,黑色 品牌05 小号 办公椅（可调节）,办公椅,品牌05,小号,可调节,黑色,16*1*1,11,BF06F,大卫,出库,30018,拣货
DrRG12DoBl,黑色 品牌03 1200 抽屉柜（带门式）,抽屉柜,品牌03,1200,带门式,黑色,8*1*1,8,AQ97A,大卫,出库,30028,拣货
MoRe27WiNa,藏青色 品牌10 270 鼠标（有线）,鼠标,品牌10,270,有线,藏青色,16*10*1,160,CY58A,迈克,出库,30085,拣货
DrWE12DoBe,米色 品牌02 1200 抽屉柜（带门式）,抽屉柜,品牌02,1200,带门式,米色,8*1*1,8,BZ21G,大卫,出库,30079,拣货
CuQE12DoBl,黑色 品牌01 1200 储物柜（带门式）,储物柜,品牌01,1200,带门式,黑色,8*1*1,8,CV49F,亚历克斯,出库,30085,拣货
KeSu27WiWh,白色 品牌11 270 键盘（有线）,键盘,品牌11,270,有线,白色,16*10*1,87,AJ06C,克里斯,出库,30039,拣货
LaRe178GWh,白色 品牌14 17英寸 笔记本电脑（8吉字节内存）,笔记本电脑,品牌14,17英寸,8吉字节内存,白色,16*1*1,16,DW07E,亚历克斯,出库,30096,拣货
AlRe1716Wh,白色 品牌14 17英寸 一体机（16吉字节内存）,一体机,品牌14,17英寸,16吉字节内存,白色,16*1*1,16,BR67B,克里斯,出库,30063,拣货
AlSu1532Wh,白色 品牌11 15英寸 一体机（32吉字节内存）,一体机,品牌11,15英寸,32吉字节内存,白色,16*1*1,4,AN76E,莎拉,出库,30088,拣货
TaCI10AdWh,白色 品牌27 1000 桌子（可调节）,桌子,品牌27,1000,可调节,白色,8*1*1,1,DQ44F,约翰,出库,30053,拣货
NoExA5doSi,银色 品牌16 五号纸 笔记本（点阵）,笔记本,品牌16,五号纸,点阵,银色,48*10*5,2400,CV28H,劳拉,出库,30018,拣货
SPGi12SoGr,灰色 品牌21 12 触控笔（可溶性）,触控笔,品牌21,12,可溶性,灰色,48*10*5,1700,DK05A,劳拉,出库,30084,拣货
AlOv158GWh,白色 品牌13 15英寸 一体机（8吉字节内存）,一体机,品牌13,15英寸,8吉字节内存,白色,16*1*1,12,BI16B,迈克,出库,30097,拣货
OfSESHePi,粉色 品牌08 小号 办公椅（头枕）,办公椅,品牌08,小号,头枕,粉色,16*1*1,16,CO18F,艾米,出库,30052,拣货
CuWE90LoWh,白色 品牌02 900 储物柜（储物锁柜）,储物柜,品牌02,900,储物锁柜,白色,8*1*1,6,BP45C,大卫,出库,30011,拣货
MoRe35BlPi,粉色 品牌10 350 鼠标（蓝牙）,鼠标,品牌10,350,蓝牙,粉色,16*10*1,160,CI96F,劳拉,出库,30045,拣货
KeSu35WiBl,黑色 品牌11 350 键盘（有线）,键盘,品牌11,350,有线,黑色,16*10*1,120,BL30E,大卫,出库,30056,拣货
GaAELErPi,粉色 品牌05 大号 游戏椅（人体工学）,游戏椅,品牌05,大号,人体工学,粉色,16*1*1,16,DV49H,约翰,出库,30052,拣货
KeRe27MePi,粉色 品牌10 270 键盘（机械式）,键盘,品牌10,270,机械式,粉色,16*10*1,160,AF63D,约翰,出库,30003,拣货
TaCI15AuWh,白色 品牌27 1500 桌子（自动调节）,桌子,品牌27,1500,自动调节,白色,8*1*1,6,CJ65F,劳拉,出库,30005,拣货
TVGL50S4Bl,黑色 品牌31 50英寸 电视机（超级超高清）,电视机,品牌31,50英寸,超级超高清,黑色,8*1*1,8,DM30B,大卫,出库,30035,拣货
TaTR18WoSi,银色 品牌28 1800 桌子（工作站）,桌子,品牌28,1800,工作站,银色,8*1*1,8,DG40A,约翰,出库,30000,拣货
NoScA5doGr,灰色 品牌17 五号纸 笔记本（点阵）,笔记本,品牌17,五号纸,点阵,灰色,48*10*5,1917,DO93H,迈克,出库,30043,拣货
TVGn32FHSi,银色 品牌30 32英寸 电视机（全高清）,电视机,品牌30,32英寸,全高清,银色,8*1*1,8,CT18F,大卫,出库,30088,拣货
PrPHA2InMi,混合色 品牌12 二号纸 打印机（喷墨）,打印机,品牌12,二号纸,喷墨,混合色,16*1*1,16,DZ34E,大卫,出库,30010,拣货
KeHc35WiPi,粉色 品牌09 350 键盘（有线）,键盘,品牌09,350,有线,粉色,16*10*1,7,BX33A,大卫,出库,30068,拣货
TVGL32S4Si,银色 品牌31 32英寸 电视机（超级超高清）,电视机,品牌31,32英寸,超级超高清,银色,8*1*1,2,CT49H,约翰,出库,30061,拣货
LaPH1716Gr,灰色 品牌12 17英寸 笔记本电脑（16吉字节内存）,笔记本电脑,品牌12,17英寸,16吉字节内存,灰色,16*1*1,1,DS19F,克里斯,出库,30080,拣货
GaOGLLeBl,黑色 品牌07 大号 游戏椅（皮革）,游戏椅,品牌07,大号,皮革,黑色,16*1*1,16,BZ23E,劳拉,出库,30054,拣货
CaTE90DoBl,黑色 品牌04 900 文件柜（带门式）,文件柜,品牌04,900,带门式,黑色,8*1*1,2,BH95A,简,出库,30072,拣货
TVYn504KBl,黑色 品牌15 50英寸 电视机（超高清）,电视机,品牌15,50英寸,超高清,黑色,8*1*1,8,CX79F,劳拉,出库,30043,拣货
CuWE90LoWh,白色 品牌02 900 储物柜（储物锁柜）,储物柜,品牌02,900,储物锁柜,白色,8*1*1,7,CF07C,劳拉,出库,30096,拣货
SPNa24HePi,粉色 品牌23 24 触控笔（六角形）,触控笔,品牌23,24,六角形,粉色,48*10*5,2097,AX84A,克里斯,出库,30088,拣货
TVGn50SFGr,灰色 品牌30 50英寸 电视机（超级全高清）,电视机,品牌30,50英寸,超级全高清,灰色,8*1*1,3,BY24C,大卫,出库,30092,拣货
PrNoA3WiGr,灰色 品牌26 三号纸 打印机（无线网络）,打印机,品牌26,三号纸,无线网络,灰色,16*1*1,15,AG52C,简,出库,30026,拣货
GaOGLHeGr,灰色 品牌07 大号 游戏椅（头枕）,游戏椅,品牌07,大号,头枕,灰色,16*1*1,3,BV62C,艾米,出库,30063,拣货
KeRe27ErPi,粉色 品牌10 270 键盘（人体工学）,键盘,品牌10,270,人体工学,粉色,16*10*1,104,AJ20E,迈克,出库,30086,拣货
TaTR10FrWh,白色 品牌28 1000 桌子（框架式）,桌子,品牌28,1000,框架式,白色,8*1*1,8,BL98B,莎拉,出库,30024,拣货
TaAE10FrWh,白色 品牌05 1000 桌子（框架式）,桌子,品牌05,1000,框架式,白色,8*1*1,5,CN05E,迈克,出库,30049,拣货
PrPHA4LaMi,混合色 品牌12 四号纸 打印机（激光）,打印机,品牌12,四号纸,激光,混合色,16*1*1,5,BM86B,亚历克斯,出库,30027,拣货
TaTR15WoSi,银色 品牌28 1500 桌子（工作站）,桌子,品牌28,1500,工作站,银色,8*1*1,7,CM19C,莎拉,出库,30051,拣货
LaSu178GGr,灰色 品牌11 17英寸 笔记本电脑（8吉字节内存）,笔记本电脑,品牌11,17英寸,8吉字节内存,灰色,16*1*1,16,CH57D,劳拉,出库,30075,拣货
TaTR18WoBl,黑色 品牌29 1800 桌子（工作站）,桌子,品牌29,1800,工作站,黑色,8*1*1,8,DO54C,大卫,出库,30099,拣货
CuTE18FiBl,黑色 品牌04 1800 储物柜（文件收纳）,储物柜,品牌04,1800,文件收纳,黑色,8*1*1,4,BO86C,劳拉,出库,30024,拣货
LaPH1416Wh,白色 品牌12 14英寸 笔记本电脑（16吉字节内存）,笔记本电脑,品牌12,14英寸,16吉字节内存,白色,16*1*1,14,AO42C,迈克,出库,30010,拣货
MoRe35ErNa,藏青色 品牌10 350 鼠标（人体工学）,鼠标,品牌10,350,人体工学,藏青色,16*10*1,160,AP15C,艾米,出库,30065,拣货
MoRe45MeWh,白色 品牌10 450 鼠标（机械式）,鼠标,品牌10,450,机械式,白色,16*10*1,11,BT10G,迈克,出库,30017,拣货
PrNoA4WiMi,混合色 品牌26 四号纸 打印机（无线网络）,打印机,品牌26,四号纸,无线网络,混合色,16*1*1,12,BY12F,约翰,出库,30043,拣货
KePH35WiBl,黑色 品牌12 350 键盘（有线）,键盘,品牌12,350,有线,黑色,16*10*1,160,AN04H,莎拉,出库,30076,拣货
CaTE18SlBe,米色 品牌04 1800 文件柜（滑动式）,文件柜,品牌04,1800,滑动式,米色,8*1*1,8,DP87B,艾米,出库,30030,拣货
MoRe35ErBl,黑色 品牌10 350 鼠标（人体工学）,鼠标,品牌10,350,人体工学,黑色,16*10*1,160,BK89C,莎拉,出库,30002,拣货
LaYn17i5Bl,黑色 品牌15 17英寸 笔记本电脑（第5代处理器）,笔记本电脑,品牌15,17英寸,第5代处理器,黑色,16*1*1,16,DZ63C,劳拉,出库,30046,拣货
PrPHA3MoWh,白色 品牌12 三号纸 打印机（黑白）,打印机,品牌12,三号纸,黑白,白色,16*1*1,1,CN45G,克里斯,出库,30072,拣货
AlOv15i7Gr,灰色 品牌13 15英寸 一体机（第7代处理器）,一体机,品牌13,15英寸,第7代处理器,灰色,16*1*1,5,CI86F,劳拉,出库,30078,拣货
DrWE18SlGr,灰色 品牌02 1800 抽屉柜（滑动式）,抽屉柜,品牌02,1800,滑动式,灰色,8*1*1,8,BR46B,劳拉,出库,30000,拣货
TaTR18WoSi,银色 品牌28 1800 桌子（工作站）,桌子,品牌28,1800,工作站,银色,8*1*1,8,AK45F,莎拉,出库,30091,拣货
CaWE90SlGr,灰色 品牌02 900 文件柜（滑动式）,文件柜,品牌02,900,滑动式,灰色,8*1*1,8,DP32D,艾米丽,出库,30020,拣货
PeGi50WaPi,粉色 品牌21 50 铅笔（水彩）,铅笔,品牌21,50,水彩,粉色,48*10*5,219,DQ84F,劳拉,出库,30097,拣货
TaTR18FrSi,银色 品牌29 1800 桌子（框架式）,桌子,品牌29,1800,框架式,银色,8*1*1,3,CN74B,艾米,出库,30065,拣货
TVEs50SFSi,银色 品牌32 50英寸 电视机（超级全高清）,电视机,品牌32,50英寸,超级全高清,银色,8*1*1,8,AK53G,艾米,出库,30007,拣货
PeRe24HeGr,灰色 品牌22 24 铅笔（六角形）,铅笔,品牌22,24,六角形,灰色,48*10*5,2400,CR25A,艾米丽,出库,30031,拣货
OfAELAdWh,白色 品牌05 大号 办公椅（可调节）,办公椅,品牌05,大号,可调节,白色,16*1*1,16,CW31A,劳拉,出库,30001,拣货
CaTE90FiGr,灰色 品牌04 900 文件柜（文件收纳）,文件柜,品牌04,900,文件收纳,灰色,8*1*1,1,AL96C,艾米丽,出库,30038,拣货
CaWE90LoWh,白色 品牌02 900 文件柜（储物锁柜）,文件柜,品牌02,900,储物锁柜,白色,8*1*1,8,BM16B,克里斯,出库,30024,拣货
MoPH45WiNa,藏青色 品牌12 450 鼠标（有线）,鼠标,品牌12,450,有线,藏青色,16*10*1,160,AZ57D,大卫,出库,30027,拣货
LaYn15i5Gr,灰色 品牌15 15英寸 笔记本电脑（第5代处理器）,笔记本电脑,品牌15,15英寸,第5代处理器,灰色,16*1*1,16,AX95A,莎拉,出库,30000,拣货
AlPH15i5Gr,灰色 品牌12 15英寸 一体机（第5代处理器）,一体机,品牌12,15英寸,第5代处理器,灰色,16*1*1,2,CI40G,简,出库,30017,拣货
NoMuA5doBl,黑色 品牌19 五号纸 笔记本（点阵）,笔记本,品牌19,五号纸,点阵,黑色,48*10*5,2400,AH49G,艾米丽,出库,30077,拣货
DrRG12LoBl,黑色 品牌03 1200 抽屉柜（储物锁柜）,抽屉柜,品牌03,1200,储物锁柜,黑色,8*1*1,8,BN93B,艾米,出库,30032,拣货
PrSoA2MoWh,白色 品牌25 二号纸 打印机（黑白）,打印机,品牌25,二号纸,黑白,白色,16*1*1,2,BU74H,克里斯,出库,30074,拣货
PeRe12SoGr,灰色 品牌22 12 铅笔（可溶性）,铅笔,品牌22,12,可溶性,灰色,48*10*5,819,BN82C,约翰,出库,30002,拣货
AlSu1532Si,银色 品牌11 15英寸 一体机（32吉字节内存）,一体机,品牌11,15英寸,32吉字节内存,银色,16*1*1,10,AH01D,约翰,出库,30075,拣货
CuQE18LoGr,灰色 品牌01 1800 储物柜（储物锁柜）,储物柜,品牌01,1800,储物锁柜,灰色,8*1*1,2,CH16H,劳拉,出库,30026,拣货
MoPH35MePi,粉色 品牌12 350 鼠标（机械式）,鼠标,品牌12,350,机械式,粉色,16*10*1,38,DH44H,劳拉,出库,30022,拣货
CaTE12FiGr,灰色 品牌04 1200 文件柜（文件收纳）,文件柜,品牌04,1200,文件收纳,灰色,8*1*1,8,BS45E,艾米丽,出库,30020,拣货
KeRe27WiNa,藏青色 品牌10 270 键盘（有线）,键盘,品牌10,270,有线,藏青色,16*10*1,150,CU60B,艾米,出库,30060,拣货
TVEs424KSi,银色 品牌32 42英寸 电视机（超高清）,电视机,品牌32,42英寸,超高清,银色,8*1*1,8,CK74H,艾米丽,出库,30081,拣货
DrTE90SlGr,灰色 品牌04 900 抽屉柜（滑动式）,抽屉柜,品牌04,900,滑动式,灰色,8*1*1,1,DL38A,亚历克斯,出库,30037,拣货
NoMuA5ruWh,白色 品牌19 五号纸 笔记本（横线）,笔记本,品牌19,五号纸,横线,白色,48*10*5,2400,AO41C,大卫,出库,30005,拣货
GaAESErPi,粉色 品牌05 小号 游戏椅（人体工学）,游戏椅,品牌05,小号,人体工学,粉色,16*1*1,9,BG25D,劳拉,出库,30086,拣货
AlPH1732Si,银色 品牌12 17英寸 一体机（32吉字节内存）,一体机,品牌12,17英寸,32吉字节内存,银色,16*1*1,16,CK21B,大卫,出库,30027,拣货
TaTR10AuGr,灰色 品牌29 1000 桌子（自动调节）,桌子,品牌29,1000,自动调节,灰色,8*1*1,8,DQ82E,迈克,出库,30078,拣货
LaPH178GBl,黑色 品牌12 17英寸 笔记本电脑（8吉字节内存）,笔记本电脑,品牌12,17英寸,8吉字节内存,黑色,16*1*1,1,AR30B,约翰,出库,30022,拣货
AlSu1532Gr,灰色 品牌11 15英寸 一体机（32吉字节内存）,一体机,品牌11,15英寸,32吉字节内存,灰色,16*1*1,16,BY67F,克里斯,出库,30014,拣货
AlYn17i7Wh,白色 品牌15 17英寸 一体机（第7代处理器）,一体机,品牌15,17英寸,第7代处理器,白色,16*1*1,7,DO97D,莎拉,出库,30079,拣货
GaSEMLeGr,灰色 品牌08 中号 游戏椅（皮革）,游戏椅,品牌08,中号,皮革,灰色,16*1*1,16,BN73G,亚历克斯,出库,30043,拣货
AlRe1416Bl,黑色 品牌14 14英寸 一体机（16吉字节内存）,一体机,品牌14,14英寸,16吉字节内存,黑色,16*1*1,8,BO90A,大卫,出库,30055,拣货
TVYn754KBl,黑色 品牌15 75英寸 电视机（超高清）,电视机,品牌15,75英寸,超高清,黑色,8*1*1,6,CP71B,大卫,出库,30076,拣货
KeHc45ErPi,粉色 品牌09 450 键盘（人体工学）,键盘,品牌09,450,人体工学,粉色,16*10*1,110,CF75F,艾米丽,出库,30097,拣货
MoHc27WiNa,藏青色 品牌09 270 鼠标（有线）,鼠标,品牌09,270,有线,藏青色,16*10*1,160,AK14E,大卫,出库,30064,拣货
GaAEMLeBl,黑色 品牌05 中号 游戏椅（皮革）,游戏椅,品牌05,中号,皮革,黑色,16*1*1,16,AI69B,迈克,出库,30066,拣货
CaWE18DoGr,灰色 品牌02 1800 文件柜（带门式）,文件柜,品牌02,1800,带门式,灰色,8*1*1,2,DR71F,克里斯,出库,30080,拣货
GaOGLErGr,灰色 品牌07 大号 游戏椅（人体工学）,游戏椅,品牌07,大号,人体工学,灰色,16*1*1,4,DQ16G,亚历克斯,出库,30098,拣货
SPGi50SoGr,灰色 品牌21 50 触控笔（可溶性）,触控笔,品牌21,50,可溶性,灰色,48*10*5,2329,BX82C,约翰,出库,30008,拣货
CaQE90SlWh,白色 品牌01 900 文件柜（滑动式）,文件柜,品牌01,900,滑动式,白色,8*1*1,8,AP13E,约翰,出库,30000,拣货
AlRe158GGr,灰色 品牌14 15英寸 一体机（8吉字节内存）,一体机,品牌14,15英寸,8吉字节内存,灰色,16*1*1,16,CW21H,艾米,出库,30004,拣货
PeGi24HeWh,白色 品牌21 24 铅笔（六角形）,铅笔,品牌21,24,六角形,白色,48*10*5,2400,BJ17G,大卫,出库,30072,拣货
AlPH1432Gr,灰色 品牌12 14英寸 一体机（32吉字节内存）,一体机,品牌12,14英寸,32吉字节内存,灰色,16*1*1,16,AH21E,简,出库,30052,拣货
TaTR15FrSi,银色 品牌28 1500 桌子（框架式）,桌子,品牌28,1500,框架式,银色,8*1*1,3,DI07A,莎拉,出库,30029,拣货
KeHc27ErBl,黑色 品牌09 270 键盘（人体工学）,键盘,品牌09,270,人体工学,黑色,16*10*1,160,BN27D,莎拉,出库,30038,拣货
PrNoA3AlWh,白色 品牌26 三号纸 打印机（一体式）,打印机,品牌26,三号纸,一体式,白色,16*1*1,1,CK16B,克里斯,出库,30038,拣货
AlSu17i7Gr,灰色 品牌11 17英寸 一体机（第7代处理器）,一体机,品牌11,17英寸,第7代处理器,灰色,16*1*1,14,DQ45H,亚历克斯,出库,30009,拣货
CuQE12SlWh,白色 品牌01 1200 储物柜（滑动式）,储物柜,品牌01,1200,滑动式,白色,8*1*1,6,BN45H,约翰,出库,30064,拣货
AlYn178GGr,灰色 品牌15 17英寸 一体机（8吉字节内存）,一体机,品牌15,17英寸,8吉字节内存,灰色,16*1*1,1,DJ70B,艾米,出库,30051,拣货
AlYn1516Wh,白色 品牌15 15英寸 一体机（16吉字节内存）,一体机,品牌15,15英寸,16吉字节内存,白色,16*1*1,16,AY88G,艾米丽,出库,30017,拣货
SPRe12HePi,粉色 品牌22 12 触控笔（六角形）,触控笔,品牌22,12,六角形,粉色,48*10*5,1306,CV52H,大卫,出库,30099,拣货
CaTE12DoGr,灰色 品牌04 1200 文件柜（带门式）,文件柜,品牌04,1200,带门式,灰色,8*1*1,4,DZ04B,克里斯,出库,30002,拣货
CuWE12FiBe,米色 品牌02 1200 储物柜（文件收纳）,储物柜,品牌02,1200,文件收纳,米色,8*1*1,8,BU54E,莎拉,出库,30056,拣货
AlRe14i5Si,银色 品牌14 14英寸 一体机（第5代处理器）,一体机,品牌14,14英寸,第5代处理器,银色,16*1*1,2,AZ41G,约翰,出库,30026,拣货
TaCI18WoSi,银色 品牌27 1800 桌子（工作站）,桌子,品牌27,1800,工作站,银色,8*1*1,8,DO28F,迈克,出库,30012,拣货
SPGi50WaBl,黑色 品牌21 50 触控笔（水彩）,触控笔,品牌21,50,水彩,黑色,48*10*5,2203,BF02E,迈克,出库,30029,拣货
KeRe45BlBl,黑色 品牌10 450 键盘（蓝牙）,键盘,品牌10,450,蓝牙,黑色,16*10*1,160,DT33D,艾米,出库,30026,拣货
KeRe45ErPi,粉色 品牌10 450 键盘（人体工学）,键盘,品牌10,450,人体工学,粉色,16*10*1,160,AF15G,大卫,出库,30093,拣货
KeHc27MeWh,白色 品牌09 270 键盘（机械式）,键盘,品牌09,270,机械式,白色,16*10*1,123,CJ30D,简,出库,30031,拣货
SPNa50WaPi,粉色 品牌23 50 触控笔（水彩）,触控笔,品牌23,50,水彩,粉色,48*10*5,2400,DS47C,大卫,出库,30007,拣货
NoScA4ruBl,黑色 品牌17 四号纸 笔记本（横线）,笔记本,品牌17,四号纸,横线,黑色,48*10*5,881,BR18B,克里斯,出库,30063,拣货
MoHc27MePi,粉色 品牌09 270 鼠标（机械式）,鼠标,品牌09,270,机械式,粉色,16*10*1,23,CS08G,克里斯,出库,30087,拣货
PrSoA2LaMi,混合色 品牌25 二号纸 打印机（激光）,打印机,品牌25,二号纸,激光,混合色,16*1*1,16,CQ55H,艾米丽,出库,30055,拣货
MoHc27WiNa,藏青色 品牌09 270 鼠标（有线）,鼠标,品牌09,270,有线,藏青色,16*10*1,157,CT93E,约翰,出库,30099,拣货
TaCI10WoWh,白色 品牌27 1000 桌子（工作站）,桌子,品牌27,1000,工作站,白色,8*1*1,5,AO71F,简,出库,30048,拣货
LaPH148GWh,白色 品牌12 14英寸 笔记本电脑（8吉字节内存）,笔记本电脑,品牌12,14英寸,8吉字节内存,白色,16*1*1,7,AV92C,简,出库,30026,拣货
SPAl12SoBl,黑色 品牌20 12 触控笔（可溶性）,触控笔,品牌20,12,可溶性,黑色,48*10*5,2400,DP93G,艾米丽,出库,30017,拣货
MoHc45MeNa,藏青色 品牌09 450 鼠标（机械式）,鼠标,品牌09,450,机械式,藏青色,16*10*1,160,AN81A,劳拉,出库,30091,拣货
AlRe1732Si,银色 品牌14 17英寸 一体机（32吉字节内存）,一体机,品牌14,17英寸,32吉字节内存,银色,16*1*1,8,AU78F,劳拉,出库,30023,拣货
NoScA5doBl,黑色 品牌17 五号纸 笔记本（点阵）,笔记本,品牌17,五号纸,点阵,黑色,48*10*5,2400,BP91C,克里斯,出库,30063,拣货
NoExA3doSi,银色 品牌16 三号纸 笔记本（点阵）,笔记本,品牌16,三号纸,点阵,银色,48*10*5,1735,AR30E,艾米丽,出库,30031,拣货
PeGi50HeWh,白色 品牌21 50 铅笔（六角形）,铅笔,品牌21,50,六角形,白色,48*10*5,2400,CQ32H,约翰,出库,30007,拣货
LaSu15i5Wh,白色 品牌11 15英寸 笔记本电脑（第5代处理器）,笔记本电脑,品牌11,15英寸,第5代处理器,白色,16*1*1,16,BY12B,劳拉,出库,30047,拣货
GaAELHeGr,灰色 品牌05 大号 游戏椅（头枕）,游戏椅,品牌05,大号,头枕,灰色,16*1*1,4,BX38A,莎拉,出库,30092,拣货
TaTR18FrWh,白色 品牌28 1800 桌子（框架式）,桌子,品牌28,1800,框架式,白色,8*1*1,8,CK49G,克里斯,出库,30033,拣货
GaSESAdPi,粉色 品牌08 小号 游戏椅（可调节）,游戏椅,品牌08,小号,可调节,粉色,16*1*1,16,AK87B,简,出库,30099,拣货
CaQE12FiBl,黑色 品牌01 1200 文件柜（文件收纳）,文件柜,品牌01,1200,文件收纳,黑色,8*1*1,8,CV71H,亚历克斯,出库,30063,拣货
TVGn324KGr,灰色 品牌30 32英寸 电视机（超高清）,电视机,品牌30,32英寸,超高清,灰色,8*1*1,8,DT79C,亚历克斯,出库,30088,拣货
PeGi24WaWh,白色 品牌21 24 铅笔（水彩）,铅笔,品牌21,24,水彩,白色,48*10*5,724,DG94D,简,出库,30063,拣货
DrQE18LoBl,黑色 品牌01 1800 抽屉柜（储物锁柜）,抽屉柜,品牌01,1800,储物锁柜,黑色,8*1*1,4,BG53F,亚历克斯,出库,30086,拣货
KeRe27BlNa,藏青色 品牌10 270 键盘（蓝牙）,键盘,品牌10,270,蓝牙,藏青色,16*10*1,19,AQ22C,艾米丽,出库,30088,拣货
CuTE18DoBl,黑色 品牌04 1800 储物柜（带门式）,储物柜,品牌04,1800,带门式,黑色,8*1*1,8,DN31F,克里斯,出库,30075,拣货
KePH35BlPi,粉色 品牌12 350 键盘（蓝牙）,键盘,品牌12,350,蓝牙,粉色,16*10*1,160,CJ87C,亚历克斯,出库,30039,拣货
TVEs75SFGr,灰色 品牌32 75英寸 电视机（超级全高清）,电视机,品牌32,75英寸,超级全高清,灰色,8*1*1,2,BV64E,简,出库,30028,拣货
MoRe27ErPi,粉色 品牌10 270 鼠标（人体工学）,鼠标,品牌10,270,人体工学,粉色,16*10*1,160,BX02A,简,出库,30063,拣货
PrNoA3MoWh,白色 品牌26 三号纸 打印机（黑白）,打印机,品牌26,三号纸,黑白,白色,16*1*1,8,AU10A,亚历克斯,出库,30044,拣货
AlRe1432Bl,黑色 品牌14 14英寸 一体机（32吉字节内存）,一体机,品牌14,14英寸,32吉字节内存,黑色,16*1*1,16,AS06F,艾米,出库,30090,拣货
DrTE18DoBl,黑色 品牌04 1800 抽屉柜（带门式）,抽屉柜,品牌04,1800,带门式,黑色,8*1*1,6,BO75G,艾米丽,出库,30064,拣货
TVYn75SFSi,银色 品牌15 75英寸 电视机（超级全高清）,电视机,品牌15,75英寸,超级全高清,银色,8*1*1,7,CM98D,劳拉,出库,30022,拣货
TVYn42SFBl,黑色 品牌15 42英寸 电视机（超级全高清）,电视机,品牌15,42英寸,超级全高清,黑色,8*1*1,8,BN26G,简,出库,30096,拣货
LaRe178GWh,白色 品牌14 17英寸 笔记本电脑（8吉字节内存）,笔记本电脑,品牌14,17英寸,8吉字节内存,白色,16*1*1,16,AU66G,大卫,出库,30025,拣货
DrTE12SlBl,黑色 品牌04 1200 抽屉柜（滑动式）,抽屉柜,品牌04,1200,滑动式,黑色,8*1*1,8,AU57F,大卫,出库,30015,拣货
TaAE15AuSi,银色 品牌05 1500 桌子（自动调节）,桌子,品牌05,1500,自动调节,银色,8*1*1,8,DP09G,莎拉,出库,30034,拣货
KeSu45WiWh,白色 品牌11 450 键盘（有线）,键盘,品牌11,450,有线,白色,16*10*1,160,BF92D,简,出库,30055,拣货
TVYn42SFBl,黑色 品牌15 42英寸 电视机（超级全高清）,电视机,品牌15,42英寸,超级全高清,黑色,8*1*1,7,CZ70F,莎拉,出库,30094,拣货
SPGi12WaPi,粉色 品牌21 12 触控笔（水彩）,触控笔,品牌21,12,水彩,粉色,48*10*5,2400,CW29F,艾米丽,出库,30077,拣货
LaOv1732Wh,白色 品牌13 17英寸 笔记本电脑（32吉字节内存）,笔记本电脑,品牌13,17英寸,32吉字节内存,白色,16*1*1,13,BL29H,亚历克斯,出库,30028,拣货
KeSu27WiWh,白色 品牌11 270 键盘（有线）,键盘,品牌11,270,有线,白色,16*10*1,160,CU09B,大卫,出库,30098,拣货
TaTR18WoBl,黑色 品牌29 1800 桌子（工作站）,桌子,品牌29,1800,工作站,黑色,8*1*1,1,DU64A,劳拉,出库,30031,拣货
AlRe14i5Si,银色 品牌14 14英寸 一体机（第5代处理器）,一体机,品牌14,14英寸,第5代处理器,银色,16*1*1,16,DT48G,大卫,出库,30002,拣货
OfAEMAdGr,灰色 品牌05 中号 办公椅（可调节）,办公椅,品牌05,中号,可调节,灰色,16*1*1,3,CW58A,约翰,出库,30087,拣货
AlPH158GBl,黑色 品牌12 15英寸 一体机（8吉字节内存）,一体机,品牌12,15英寸,8吉字节内存,黑色,16*1*1,9,BH04C,约翰,出库,30053,拣货
PeRe24WaGr,灰色 品牌22 24 铅笔（水彩）,铅笔,品牌22,24,水彩,灰色,48*10*5,475,CQ34A,迈克,出库,30058,拣货
GaAEMAdWh,白色 品牌05 中号 游戏椅（可调节）,游戏椅,品牌05,中号,可调节,白色,16*1*1,7,BL25C,莎拉,出库,30008,拣货
DrTE18SlGr,灰色 品牌04 1800 抽屉柜（滑动式）,抽屉柜,品牌04,1800,滑动式,灰色,8*1*1,5,AJ94E,亚历克斯,出库,30085,拣货
KeSu27WiPi,粉色 品牌11 270 键盘（有线）,键盘,品牌11,270,有线,粉色,16*10*1,9,CY43E,约翰,出库,30014,拣货
PeGi24HeWh,白色 品牌21 24 铅笔（六角形）,铅笔,品牌21,24,六角形,白色,48*10*5,2400,AY95E,大卫,出库,30097,拣货
LaPH15i7Wh,白色 品牌12 15英寸 笔记本电脑（第7代处理器）,笔记本电脑,品牌12,15英寸,第7代处理器,白色,16*1*1,16,CO16G,亚历克斯,出库,30080,拣货
LaYn1416Si,银色 品牌15 14英寸 笔记本电脑（16吉字节内存）,笔记本电脑,品牌15,14英寸,16吉字节内存,银色,16*1*1,12,CU83E,莎拉,出库,30032,拣货
TaCI18FrWh,白色 品牌27 1800 桌子（框架式）,桌子,品牌27,1800,框架式,白色,8*1*1,8,BP43D,克里斯,出库,30047,拣货
TaAE18AdSi,银色 品牌05 1800 桌子（可调节）,桌子,品牌05,1800,可调节,银色,8*1*1,5,AK43H,克里斯,出库,30014,拣货
LaOv1432Gr,灰色 品牌13 14英寸 笔记本电脑（32吉字节内存）,笔记本电脑,品牌13,14英寸,32吉字节内存,灰色,16*1*1,16,AR54B,迈克,出库,30078,拣货
GaSELAdWh,白色 品牌08 大号 游戏椅（可调节）,游戏椅,品牌08,大号,可调节,白色,16*1*1,2,DN88F,大卫,出库,30032,拣货
PrNoA3MoBl,黑色 品牌26 三号纸 打印机（黑白）,打印机,品牌26,三号纸,黑白,黑色,16*1*1,16,CX06G,简,出库,30004,拣货
LaOv158GSi,银色 品牌13 15英寸 笔记本电脑（8吉字节内存）,笔记本电脑,品牌13,15英寸,8吉字节内存,银色,16*1*1,16,BF70G,简,出库,30082,拣货
OfAEMLeBl,黑色 品牌05 中号 办公椅（皮革）,办公椅,品牌05,中号,皮革,黑色,16*1*1,16,BF65C,迈克,出库,30027,拣货
KeHc35BlPi,粉色 品牌09 350 键盘（蓝牙）,键盘,品牌09,350,蓝牙,粉色,16*10*1,27,BQ52C,大卫,出库,30088,拣货
PeNa24SoBl,黑色 品牌23 24 铅笔（可溶性）,铅笔,品牌23,24,可溶性,黑色,48*10*5,2400,AN01C,劳拉,出库,30065,拣货
PrNoA3InBl,黑色 品牌26 三号纸 打印机（喷墨）,打印机,品牌26,三号纸,喷墨,黑色,16*1*1,7,DQ70D,大卫,出库,30011,拣货
GaAEMLePi,粉色 品牌05 中号 游戏椅（皮革）,游戏椅,品牌05,中号,皮革,粉色,16*1*1,15,AL89H,约翰,出库,30068,拣货
CuQE90FiGr,灰色 品牌01 900 储物柜（文件收纳）,储物柜,品牌01,900,文件收纳,灰色,8*1*1,8,AM84F,亚历克斯,出库,30089,拣货
PeGi24HeWh,白色 品牌21 24 铅笔（六角形）,铅笔,品牌21,24,六角形,白色,48*10*5,2400,CR24A,艾米丽,出库,30076,拣货
PrReA2InMi,混合色 品牌24 二号纸 打印机（喷墨）,打印机,品牌24,二号纸,喷墨,混合色,16*1*1,5,DI57B,亚历克斯,出库,30060,拣货
CuRG12DoBl,黑色 品牌03 1200 储物柜（带门式）,储物柜,品牌03,1200,带门式,黑色,8*1*1,8,CR51H,亚历克斯,出库,30011,拣货
SPGi24HeWh,白色 品牌21 24 触控笔（六角形）,触控笔,品牌21,24,六角形,白色,48*10*5,2400,BU27E,约翰,出库,30063,拣货
GaAEMLeGr,灰色 品牌05 中号 游戏椅（皮革）,游戏椅,品牌05,中号,皮革,灰色,16*1*1,16,DQ22D,劳拉,出库,30036,拣货
PrSoA4AlMi,混合色 品牌25 四号纸 打印机（一体式）,打印机,品牌25,四号纸,一体式,混合色,16*1*1,11,DF13C,简,出库,30006,拣货
KeHc45WiPi,粉色 品牌09 450 键盘（有线）,键盘,品牌09,450,有线,粉色,16*10*1,160,CF74A,迈克,出库,30049,拣货
PeAl12HeWh,白色 品牌20 12 铅笔（六角形）,铅笔,品牌20,12,六角形,白色,48*10*5,287,BS37C,艾米丽,出库,30030,拣货
AlSu1416Bl,黑色 品牌11 14英寸 一体机（16吉字节内存）,一体机,品牌11,14英寸,16吉字节内存,黑色,16*1*1,16,DP47E,克里斯,出库,30027,拣货
TVGn32SFBl,黑色 品牌30 32英寸 电视机（超级全高清）,电视机,品牌30,32英寸,超级全高清,黑色,8*1*1,8,CT28E,艾米丽,出库,30074,拣货
AlYn1716Bl,黑色 品牌15 17英寸 一体机（16吉字节内存）,一体机,品牌15,17英寸,16吉字节内存,黑色,16*1*1,16,AJ01D,大卫,出库,30040,拣货
TaTR15AdWh,白色 品牌29 1500 桌子（可调节）,桌子,品牌29,1500,可调节,白色,8*1*1,8,DX25B,艾米,出库,30074,拣货
TVEs42SFSi,银色 品牌32 42英寸 电视机（超级全高清）,电视机,品牌32,42英寸,超级全高清,银色,8*1*1,8,CW98H,艾米,出库,30051,拣货
LaSu1516Bl,黑色 品牌11 15英寸 笔记本电脑（16吉字节内存）,笔记本电脑,品牌11,15英寸,16吉字节内存,黑色,16*1*1,16,DZ40A,克里斯,出库,30001,拣货
PeAl24WaGr,灰色 品牌20 24 铅笔（水彩）,铅笔,品牌20,24,水彩,灰色,48*10*5,108,DP20A,劳拉,出库,30057,拣货
KeSu45BlWh,白色 品牌11 450 键盘（蓝牙）,键盘,品牌11,450,蓝牙,白色,16*10*1,57,CZ51H,艾米,出库,30095,拣货
LaSu1732Wh,白色 品牌11 17英寸 笔记本电脑（32吉字节内存）,笔记本电脑,品牌11,17英寸,32吉字节内存,白色,16*1*1,16,DW20B,莎拉,出库,30091,拣货
LaOv1516Wh,白色 品牌13 15英寸 笔记本电脑（16吉字节内存）,笔记本电脑,品牌13,15英寸,16吉字节内存,白色,16*1*1,15,DM31C,莎拉,出库,30091,拣货
NoMuA3liWh,白色 品牌19 三号纸 笔记本（线条）,笔记本,品牌19,三号纸,线条,白色,48*10*5,2400,DK51D,迈克,出库,30065,拣货
SPGi50SoPi,粉色 品牌21 50 触控笔（可溶性）,触控笔,品牌21,50,可溶性,粉色,48*10*5,2191,BN66A,艾米丽,出库,30006,拣货
PrSoA2InWh,白色 品牌25 二号纸 打印机（喷墨）,打印机,品牌25,二号纸,喷墨,白色,16*1*1,16,DL29F,迈克,出库,30095,拣货
NoExA5liGr,灰色 品牌16 五号纸 笔记本（线条）,笔记本,品牌16,五号纸,线条,灰色,48*10*5,2400,CP91B,迈克,出库,30079,拣货
MoHc35BlBl,黑色 品牌09 350 鼠标（蓝牙）,鼠标,品牌09,350,蓝牙,黑色,16*10*1,160,DL28H,亚历克斯,出库,30000,拣货
MoSu27WiNa,藏青色 品牌11 270 鼠标（有线）,鼠标,品牌11,270,有线,藏青色,16*10*1,145,CI39A,艾米,出库,30046,拣货
GaSEMErPi,粉色 品牌08 中号 游戏椅（人体工学）,游戏椅,品牌08,中号,人体工学,粉色,16*1*1,11,DP17C,克里斯,出库,30075,拣货
GaXELHeGr,灰色 品牌06 大号 游戏椅（头枕）,游戏椅,品牌06,大号,头枕,灰色,16*1*1,9,DO07C,莎拉,出库,30085,拣货
TVGn75S4Gr,灰色 品牌30 75英寸 电视机（超级超高清）,电视机,品牌30,75英寸,超级超高清,灰色,8*1*1,8,AL69D,莎拉,出库,30048,拣货
CuRG12SlBe,米色 品牌03 1200 储物柜（滑动式）,储物柜,品牌03,1200,滑动式,米色,8*1*1,8,AQ66B,艾米,出库,30094,拣货
GaXESLeBl,黑色 品牌06 小号 游戏椅（皮革）,游戏椅,品牌06,小号,皮革,黑色,16*1*1,16,BF28G,大卫,出库,30034,拣货
KeHc45MePi,粉色 品牌09 450 键盘（机械式）,键盘,品牌09,450,机械式,粉色,16*10*1,160,DR56B,简,出库,30030,拣货
NoMuA4liWh,白色 品牌19 四号纸 笔记本（线条）,笔记本,品牌19,四号纸,线条,白色,48*10*5,2400,AL87C,大卫,出库,30028,拣货
CuQE90DoGr,灰色 品牌01 900 储物柜（带门式）,储物柜,品牌01,900,带门式,灰色,8*1*1,8,AU22E,大卫,出库,30095,拣货
AlOv1516Bl,黑色 品牌13 15英寸 一体机（16吉字节内存）,一体机,品牌13,15英寸,16吉字节内存,黑色,16*1*1,16,DN31A,约翰,出库,30015,拣货
AlSu17i5Wh,白色 品牌11 17英寸 一体机（第5代处理器）,一体机,品牌11,17英寸,第5代处理器,白色,16*1*1,16,BR47B,劳拉,出库,30078,拣货
DrQE12SlWh,白色 品牌01 1200 抽屉柜（滑动式）,抽屉柜,品牌01,1200,滑动式,白色,8*1*1,1,DR50H,亚历克斯,出库,30089,拣货
PrNoA2WiGr,灰色 品牌26 二号纸 打印机（无线网络）,打印机,品牌26,二号纸,无线网络,灰色,16*1*1,10,CK62F,约翰,出库,30064,拣货
CuTE12LoBe,米色 品牌04 1200 储物柜（储物锁柜）,储物柜,品牌04,1200,储物锁柜,米色,8*1*1,8,DM44B,克里斯,出库,30034,拣货
SPGi24WaWh,白色 品牌21 24 触控笔（水彩）,触控笔,品牌21,24,水彩,白色,48*10*5,2400,DH28F,亚历克斯,出库,30013,拣货
SPNa24HeGr,灰色 品牌23 24 触控笔（六角形）,触控笔,品牌23,24,六角形,灰色,48*10*5,1069,AJ13H,约翰,出库,30037,拣货
SPGi12SoWh,白色 品牌21 12 触控笔（可溶性）,触控笔,品牌21,12,可溶性,白色,48*10*5,1413,CV49D,劳拉,出库,30045,拣货
LaSu14i7Si,银色 品牌11 14英寸 笔记本电脑（第7代处理器）,笔记本电脑,品牌11,14英寸,第7代处理器,银色,16*1*1,15,AJ67C,艾米,出库,30084,拣货
NoScA5doWh,白色 品牌17 五号纸 笔记本（点阵）,笔记本,品牌17,五号纸,点阵,白色,48*10*5,73,DI08G,迈克,出库,30021,拣货
LaPH158GWh,白色 品牌12 15英寸 笔记本电脑（8吉字节内存）,笔记本电脑,品牌12,15英寸,8吉字节内存,白色,16*1*1,5,BL73H,简,出库,30011,拣货
DrTE18FiBl,黑色 品牌04 1800 抽屉柜（文件收纳）,抽屉柜,品牌04,1800,文件收纳,黑色,8*1*1,8,DQ77E,约翰,出库,30066,拣货
LaPH14i7Wh,白色 品牌12 14英寸 笔记本电脑（第7代处理器）,笔记本电脑,品牌12,14英寸,第7代处理器,白色,16*1*1,16,AI74B,约翰,出库,30015,拣货
PrSoA4WiGr,灰色 品牌25 四号纸 打印机（无线网络）,打印机,品牌25,四号纸,无线网络,灰色,16*1*1,9,BI07D,大卫,出库,30003,拣货
LaSu1516Si,银色 品牌11 15英寸 笔记本电脑（16吉字节内存）,笔记本电脑,品牌11,15英寸,16吉字节内存,银色,16*1*1,3,AZ45A,艾米丽,出库,30017,拣货
GaOGMLeWh,白色 品牌07 中号 游戏椅（皮革）,游戏椅,品牌07,中号,皮革,白色,16*1*1,16,BF53F,亚历克斯,出库,30018,拣货
CuWE90LoGr,灰色 品牌02 900 储物柜（储物锁柜）,储物柜,品牌02,900,储物锁柜,灰色,8*1*1,2,DG73B,简,出库,30030,拣货
PrSoA3MoBl,黑色 品牌25 三号纸 打印机（黑白）,打印机,品牌25,三号纸,黑白,黑色,16*1*1,16,AR83D,艾米丽,出库,30063,拣货
CuWE90DoBl,黑色 品牌02 900 储物柜（带门式）,储物柜,品牌02,900,带门式,黑色,8*1*1,8,AG06A,莎拉,出库,30013,拣货
DrRG90SlGr,灰色 品牌03 900 抽屉柜（滑动式）,抽屉柜,品牌03,900,滑动式,灰色,8*1*1,8,CG07E,简,出库,30034,拣货
AlPH17i5Gr,灰色 品牌12 17英寸 一体机（第5代处理器）,一体机,品牌12,17英寸,第5代处理器,灰色,16*1*1,16,BO04H,约翰,出库,30093,拣货
PeGi50WaBl,黑色 品牌21 50 铅笔（水彩）,铅笔,品牌21,50,水彩,黑色,48*10*5,2400,BT66F,简,出库,30036,拣货
NoGrA4doWh,白色 品牌18 四号纸 笔记本（点阵）,笔记本,品牌18,四号纸,点阵,白色,48*10*5,2400,BO18F,约翰,出库,30022,拣货
LaYn158GBl,黑色 品牌15 15英寸 笔记本电脑（8吉字节内存）,笔记本电脑,品牌15,15英寸,8吉字节内存,黑色,16*1*1,7,CV55F,亚历克斯,出库,30097,拣货
TaTR15FrGr,灰色 品牌28 1500 桌子（框架式）,桌子,品牌28,1500,框架式,灰色,8*1*1,5,BK63A,大卫,出库,30093,拣货
TaTR10AuGr,灰色 品牌29 1000 桌子（自动调节）,桌子,品牌29,1000,自动调节,灰色,8*1*1,8,DL19B,大卫,出库,30078,拣货
OfOGLHePi,粉色 品牌07 大号 办公椅（头枕）,办公椅,品牌07,大号,头枕,粉色,16*1*1,16,BV17H,莎拉,出库,30045,拣货
OfXEMHePi,粉色 品牌06 中号 办公椅（头枕）,办公椅,品牌06,中号,头枕,粉色,16*1*1,16,DQ07F,简,出库,30002,拣货
LaSu1432Gr,灰色 品牌11 14英寸 笔记本电脑（32吉字节内存）,笔记本电脑,品牌11,14英寸,32吉字节内存,灰色,16*1*1,15,BL63H,迈克,出库,30081,拣货
MoSu45BlBl,黑色 品牌11 450 鼠标（蓝牙）,鼠标,品牌11,450,蓝牙,黑色,16*10*1,137,DG47B,艾米丽,出库,30085,拣货
TaCI18WoBl,黑色 品牌27 1800 桌子（工作站）,桌子,品牌27,1800,工作站,黑色,8*1*1,8,CS92G,亚历克斯,出库,30013,拣货
NoExA3doBl,黑色 品牌16 三号纸 笔记本（点阵）,笔记本,品牌16,三号纸,点阵,黑色,48*10*5,1523,BV06A,简,出库,30094,拣货
OfAELHeGr,灰色 品牌05 大号 办公椅（头枕）,办公椅,品牌05,大号,头枕,灰色,16*1*1,16,DF92A,亚历克斯,出库,30019,拣货
DrTE12FiBe,米色 品牌04 1200 抽屉柜（文件收纳）,抽屉柜,品牌04,1200,文件收纳,米色,8*1*1,8,CK97C,艾米,出库,30093,拣货
AlOv15i5Bl,黑色 品牌13 15英寸 一体机（第5代处理器）,一体机,品牌13,15英寸,第5代处理器,黑色,16*1*1,13,AO14H,劳拉,出库,30059,拣货
TaTR18AuWh,白色 品牌29 1800 桌子（自动调节）,桌子,品牌29,1800,自动调节,白色,8*1*1,2,CW67F,迈克,出库,30037,拣货
SPNa12HePi,粉色 品牌23 12 触控笔（六角形）,触控笔,品牌23,12,六角形,粉色,48*10*5,1882,DT72C,大卫,出库,30012,拣货
LaPH14i7Gr,灰色 品牌12 14英寸 笔记本电脑（第7代处理器）,笔记本电脑,品牌12,14英寸,第7代处理器,灰色,16*1*1,14,CV33B,简,出库,30047,拣货
GaXELAdPi,粉色 品牌06 大号 游戏椅（可调节）,游戏椅,品牌06,大号,可调节,粉色,16*1*1,5,BR02G,艾米,出库,30031,拣货
MoRe35WiPi,粉色 品牌10 350 鼠标（有线）,鼠标,品牌10,350,有线,粉色,16*10*1,160,DW42A,迈克,出库,30033,拣货
AlYn15i5Gr,灰色 品牌15 15英寸 一体机（第5代处理器）,一体机,品牌15,15英寸,第5代处理器,灰色,16*1*1,16,CL56A,大卫,出库,30068,拣货
TVEs65FHWh,白色 品牌32 65英寸 电视机（全高清）,电视机,品牌32,65英寸,全高清,白色,8*1*1,8,AY42H,简,出库,30001,拣货
AlSu14i5Si,银色 品牌11 14英寸 一体机（第5代处理器）,一体机,品牌11,14英寸,第5代处理器,银色,16*1*1,16,AH77B,莎拉,出库,30000,拣货
DrQE12SlGr,灰色 品牌01 1200 抽屉柜（滑动式）,抽屉柜,品牌01,1200,滑动式,灰色,8*1*1,8,BQ04G,迈克,出库,30000,拣货
CuWE90FiWh,白色 品牌02 900 储物柜（文件收纳）,储物柜,品牌02,900,文件收纳,白色,8*1*1,8,BK18F,劳拉,出库,30025,拣货
SPAl24WaGr,灰色 品牌20 24 触控笔（水彩）,触控笔,品牌20,24,水彩,灰色,48*10*5,2400,DS30H,劳拉,出库,30017,拣货
LaYn15i7Bl,黑色 品牌15 15英寸 笔记本电脑（第7代处理器）,笔记本电脑,品牌15,15英寸,第7代处理器,黑色,16*1*1,7,AU41D,亚历克斯,出库,30039,拣货
AlRe17i5Gr,灰色 品牌14 17英寸 一体机（第5代处理器）,一体机,品牌14,17英寸,第5代处理器,灰色,16*1*1,8,CM69F,艾米丽,出库,30094,拣货
TVGL424KSi,银色 品牌31 42英寸 电视机（超高清）,电视机,品牌31,42英寸,超高清,银色,8*1*1,5,DG49C,克里斯,出库,30081,拣货
NoScA3ruWh,白色 品牌17 三号纸 笔记本（横线）,笔记本,品牌17,三号纸,横线,白色,48*10*5,1298,AY34E,约翰,出库,30075,拣货
SPAl50WaWh,白色 品牌20 50 触控笔（水彩）,触控笔,品牌20,50,水彩,白色,48*10*5,2400,CO01B,艾米丽,出库,30021,拣货
MoRe35ErWh,白色 品牌10 350 鼠标（人体工学）,鼠标,品牌10,350,人体工学,白色,16*10*1,160,CF31A,亚历克斯,出库,30015,拣货
KeSu45ErNa,藏青色 品牌11 450 键盘（人体工学）,键盘,品牌11,450,人体工学,藏青色,16*10*1,13,CF22F,亚历克斯,出库,30062,拣货
NoScA5ruBl,黑色 品牌17 五号纸 笔记本（横线）,笔记本,品牌17,五号纸,横线,黑色,48*10*5,2388,CH63G,莎拉,出库,30026,拣货
CaTE12DoGr,灰色 品牌04 1200 文件柜（带门式）,文件柜,品牌04,1200,带门式,灰色,8*1*1,8,DR58F,艾米,出库,30001,拣货
CaRG12DoBl,黑色 品牌03 1200 文件柜（带门式）,文件柜,品牌03,1200,带门式,黑色,8*1*1,7,AZ16B,约翰,出库,30088,拣货
LaYn15i7Si,银色 品牌15 15英寸 笔记本电脑（第7代处理器）,笔记本电脑,品牌15,15英寸,第7代处理器,银色,16*1*1,10,DM69B,约翰,出库,30079,拣货
OfOGSAdPi,粉色 品牌07 小号 办公椅（可调节）,办公椅,品牌07,小号,可调节,粉色,16*1*1,16,CO79D,克里斯,出库,30023,拣货
KeSu35MeBl,黑色 品牌11 350 键盘（机械式）,键盘,品牌11,350,机械式,黑色,16*10*1,66,DG12B,亚历克斯,出库,30028,拣货
PrReA4MoMi,混合色 品牌24 四号纸 打印机（黑白）,打印机,品牌24,四号纸,黑白,混合色,16*1*1,7,CX62C,劳拉,出库,30003,拣货
CuTE90DoBl,黑色 品牌04 900 储物柜（带门式）,储物柜,品牌04,900,带门式,黑色,8*1*1,8,AG84E,艾米丽,出库,30007,拣货
OfOGSErWh,白色 品牌07 小号 办公椅（人体工学）,办公椅,品牌07,小号,人体工学,白色,16*1*1,16,AL18H,克里斯,出库,30003,拣货
AlSu17i5Wh,白色 品牌11 17英寸 一体机（第5代处理器）,一体机,品牌11,17英寸,第5代处理器,白色,16*1*1,16,CS95F,莎拉,出库,30051,拣货
NoGrA3doSi,银色 品牌18 三号纸 笔记本（点阵）,笔记本,品牌18,三号纸,点阵,银色,48*10*5,2400,AZ55F,克里斯,出库,30044,拣货
DrQE12DoWh,白色 品牌01 1200 抽屉柜（带门式）,抽屉柜,品牌01,1200,带门式,白色,8*1*1,8,DG14D,莎拉,出库,30074,拣货
DrQE12SlGr,灰色 品牌01 1200 抽屉柜（滑动式）,抽屉柜,品牌01,1200,滑动式,灰色,8*1*1,8,DR87E,迈克,出库,30086,拣货
LaRe158GGr,灰色 品牌14 15英寸 笔记本电脑（8吉字节内存）,笔记本电脑,品牌14,15英寸,8吉字节内存,灰色,16*1*1,16,CX92C,艾米丽,出库,30084,拣货
PeRe50SoWh,白色 品牌22 50 铅笔（可溶性）,铅笔,品牌22,50,可溶性,白色,48*10*5,2400,AQ16D,约翰,出库,30084,拣货
CaQE12FiBe,米色 品牌01 1200 文件柜（文件收纳）,文件柜,品牌01,1200,文件收纳,米色,8*1*1,6,AY40B,劳拉,出库,30002,拣货
TVGL65SFGr,灰色 品牌31 65英寸 电视机（超级全高清）,电视机,品牌31,65英寸,超级全高清,灰色,8*1*1,8,BQ01H,莎拉,出库,30069,拣货
LaPH1716Bl,黑色 品牌12 17英寸 笔记本电脑（16吉字节内存）,笔记本电脑,品牌12,17英寸,16吉字节内存,黑色,16*1*1,3,AL20E,亚历克斯,出库,30096,拣货
MoRe35ErWh,白色 品牌10 350 鼠标（人体工学）,鼠标,品牌10,350,人体工学,白色,16*10*1,41,DF72B,简,出库,30087,拣货
GaAEMLePi,粉色 品牌05 中号 游戏椅（皮革）,游戏椅,品牌05,中号,皮革,粉色,16*1*1,16,AQ05H,莎拉,出库,30004,拣货
LaPH148GWh,白色 品牌12 14英寸 笔记本电脑（8吉字节内存）,笔记本电脑,品牌12,14英寸,8吉字节内存,白色,16*1*1,4,DZ01C,莎拉,出库,30045,拣货
TVEs42S4Wh,白色 品牌32 42英寸 电视机（超级超高清）,电视机,品牌32,42英寸,超级超高清,白色,8*1*1,8,CF25G,艾米,出库,30090,拣货
CaTE90DoGr,灰色 品牌04 900 文件柜（带门式）,文件柜,品牌04,900,带门式,灰色,8*1*1,5,DL85H,亚历克斯,出库,30069,拣货
LaPH1716Wh,白色 品牌12 17英寸 笔记本电脑（16吉字节内存）,笔记本电脑,品牌12,17英寸,16吉字节内存,白色,16*1*1,16,BP60G,艾米丽,出库,30017,拣货
LaYn17i5Si,银色 品牌15 17英寸 笔记本电脑（第5代处理器）,笔记本电脑,品牌15,17英寸,第5代处理器,银色,16*1*1,1,DO76H,劳拉,出库,30030,拣货
PrPHA4LaWh,白色 品牌12 四号纸 打印机（激光）,打印机,品牌12,四号纸,激光,白色,16*1*1,16,DO38A,艾米丽,出库,30059,拣货
AlSu178GBl,黑色 品牌11 17英寸 一体机（8吉字节内存）,一体机,品牌11,17英寸,8吉字节内存,黑色,16*1*1,5,BK84D,迈克,出库,30065,拣货
TaCI18FrWh,白色 品牌27 1800 桌子（框架式）,桌子,品牌27,1800,框架式,白色,8*1*1,4,DM96F,莎拉,出库,30017,拣货
PeNa24HeGr,灰色 品牌23 24 铅笔（六角形）,铅笔,品牌23,24,六角形,灰色,48*10*5,1252,BV50E,艾米丽,出库,30006,拣货
KePH45ErNa,藏青色 品牌12 450 键盘（人体工学）,键盘,品牌12,450,人体工学,藏青色,16*10*1,25,DN65E,简,出库,30068,拣货
AlYn158GBl,黑色 品牌15 15英寸 一体机（8吉字节内存）,一体机,品牌15,15英寸,8吉字节内存,黑色,16*1*1,16,AX61C,克里斯,出库,30091,拣货
TaAE10AuGr,灰色 品牌05 1000 桌子（自动调节）,桌子,品牌05,1000,自动调节,灰色,8*1*1,8,DN85H,约翰,出库,30001,拣货
TVGL65FHSi,银色 品牌31 65英寸 电视机（全高清）,电视机,品牌31,65英寸,全高清,银色,8*1*1,3,DG86F,艾米丽,出库,30068,拣货
TaAE10FrBl,黑色 品牌05 1000 桌子（框架式）,桌子,品牌05,1000,框架式,黑色,8*1*1,8,BL57A,约翰,出库,30061,拣货
NoMuA3doWh,白色 品牌19 三号纸 笔记本（点阵）,笔记本,品牌19,三号纸,点阵,白色,48*10*5,1454,DK62E,莎拉,出库,30015,拣货
DrRG12SlWh,白色 品牌03 1200 抽屉柜（滑动式）,抽屉柜,品牌03,1200,滑动式,白色,8*1*1,3,DT89E,约翰,出库,30000,拣货
PeGi50WaBl,黑色 品牌21 50 铅笔（水彩）,铅笔,品牌21,50,水彩,黑色,48*10*5,2400,BZ90G,艾米丽,出库,30040,拣货
OfSELErPi,粉色 品牌08 大号 办公椅（人体工学）,办公椅,品牌08,大号,人体工学,粉色,16*1*1,16,BR16G,艾米丽,出库,30027,拣货
AlPH178GBl,黑色 品牌12 17英寸 一体机（8吉字节内存）,一体机,品牌12,17英寸,8吉字节内存,黑色,16*1*1,16,CQ83H,亚历克斯,出库,30091,拣货
TVGL42FHBl,黑色 品牌31 42英寸 电视机（全高清）,电视机,品牌31,42英寸,全高清,黑色,8*1*1,8,CL89F,艾米丽,出库,30024,拣货
LaYn15i7Gr,灰色 品牌15 15英寸 笔记本电脑（第7代处理器）,笔记本电脑,品牌15,15英寸,第7代处理器,灰色,16*1*1,16,BX74H,艾米丽,出库,30001,拣货
OfXELHePi,粉色 品牌06 大号 办公椅（头枕）,办公椅,品牌06,大号,头枕,粉色,16*1*1,16,CF30A,简,出库,30065,拣货
PrPHA3LaGr,灰色 品牌12 三号纸 打印机（激光）,打印机,品牌12,三号纸,激光,灰色,16*1*1,16,CQ79F,莎拉,出库,30009,拣货
GaXELHePi,粉色 品牌06 大号 游戏椅（头枕）,游戏椅,品牌06,大号,头枕,粉色,16*1*1,16,CM01H,迈克,出库,30014,拣货
PeAl24SoWh,白色 品牌20 24 铅笔（可溶性）,铅笔,品牌20,24,可溶性,白色,48*10*5,1101,CN28C,艾米,出库,30040,拣货
KePH27ErBl,黑色 品牌12 270 键盘（人体工学）,键盘,品牌12,270,人体工学,黑色,16*10*1,68,AQ67A,亚历克斯,出库,30093,拣货
LaRe1416Bl,黑色 品牌14 14英寸 笔记本电脑（16吉字节内存）,笔记本电脑,品牌14,14英寸,16吉字节内存,黑色,16*1*1,16,BT16D,约翰,出库,30089,拣货
LaPH1532Gr,灰色 品牌12 15英寸 笔记本电脑（32吉字节内存）,笔记本电脑,品牌12,15英寸,32吉字节内存,灰色,16*1*1,13,BQ95F,莎拉,出库,30011,拣货
TaCI10WoBl,黑色 品牌27 1000 桌子（工作站）,桌子,品牌27,1000,工作站,黑色,8*1*1,6,BJ54C,亚历克斯,出库,30063,拣货
MoRe35WiPi,粉色 品牌10 350 鼠标（有线）,鼠标,品牌10,350,有线,粉色,16*10*1,160,DH41E,克里斯,出库,30005,拣货
CuRG12FiBe,米色 品牌03 1200 储物柜（文件收纳）,储物柜,品牌03,1200,文件收纳,米色,8*1*1,1,BK42G,亚历克斯,出库,30052,拣货
CaTE90DoWh,白色 品牌04 900 文件柜（带门式）,文件柜,品牌04,900,带门式,白色,8*1*1,4,CY97G,迈克,出库,30005,拣货
NoExA4ruBl,黑色 品牌16 四号纸 笔记本（横线）,笔记本,品牌16,四号纸,横线,黑色,48*10*5,2400,BP77A,莎拉,出库,30005,拣货
PeGi50SoGr,灰色 品牌21 50 铅笔（可溶性）,铅笔,品牌21,50,可溶性,灰色,48*10*5,2400,CO20F,艾米丽,出库,30064,拣货
MoRe27BlBl,黑色 品牌10 270 鼠标（蓝牙）,鼠标,品牌10,270,蓝牙,黑色,16*10*1,160,CW52D,劳拉,出库,30078,拣货
CuRG18SlBe,米色 品牌03 1800 储物柜（滑动式）,储物柜,品牌03,1800,滑动式,米色,8*1*1,8,AF51B,莎拉,出库,30009,拣货
PrSoA3AlGr,灰色 品牌25 三号纸 打印机（一体式）,打印机,品牌25,三号纸,一体式,灰色,16*1*1,16,AU29B,艾米,出库,30029,拣货
KeSu35WiNa,藏青色 品牌11 350 键盘（有线）,键盘,品牌11,350,有线,藏青色,16*10*1,6,CO56H,劳拉,出库,30097,拣货
TVGL75FHSi,银色 品牌31 75英寸 电视机（全高清）,电视机,品牌31,75英寸,全高清,银色,8*1*1,8,DR68A,莎拉,出库,30043,拣货
PeRe50HeBl,黑色 品牌22 50 铅笔（六角形）,铅笔,品牌22,50,六角形,黑色,48*10*5,1261,AS98G,约翰,出库,30024,拣货
TVEs50S4Si,银色 品牌32 50英寸 电视机（超级超高清）,电视机,品牌32,50英寸,超级超高清,银色,8*1*1,3,AT63B,亚历克斯,出库,30059,拣货
CuRG18DoGr,灰色 品牌03 1800 储物柜（带门式）,储物柜,品牌03,1800,带门式,灰色,8*1*1,8,CG29E,亚历克斯,出库,30069,拣货
OfSELLeWh,白色 品牌08 大号 办公椅（皮革）,办公椅,品牌08,大号,皮革,白色,16*1*1,10,BI50E,莎拉,出库,30071,拣货
TaTR15AuBl,黑色 品牌28 1500 桌子（自动调节）,桌子,品牌28,1500,自动调节,黑色,8*1*1,2,BF13B,莎拉,出库,30059,拣货
KeHc27MeWh,白色 品牌09 270 键盘（机械式）,键盘,品牌09,270,机械式,白色,16*10*1,160,BX61D,亚历克斯,出库,30033,拣货
CuQE90SlBe,米色 品牌01 900 储物柜（滑动式）,储物柜,品牌01,900,滑动式,米色,8*1*1,7,AG75H,莎拉,出库,30030,拣货
GaSESAdBl,黑色 品牌08 小号 游戏椅（可调节）,游戏椅,品牌08,小号,可调节,黑色,16*1*1,8,BT03B,亚历克斯,出库,30074,拣货
AlPH17i7Gr,灰色 品牌12 17英寸 一体机（第7代处理器）,一体机,品牌12,17英寸,第7代处理器,灰色,16*1*1,16,DO94H,劳拉,出库,30047,拣货
AlSu1516Bl,黑色 品牌11 15英寸 一体机（16吉字节内存）,一体机,品牌11,15英寸,16吉字节内存,黑色,16*1*1,8,BN72F,莎拉,出库,30024,拣货
GaSESErWh,白色 品牌08 小号 游戏椅（人体工学）,游戏椅,品牌08,小号,人体工学,白色,16*1*1,15,DG58B,克里斯,出库,30048,拣货
LaRe1716Wh,白色 品牌14 17英寸 笔记本电脑（16吉字节内存）,笔记本电脑,品牌14,17英寸,16吉字节内存,白色,16*1*1,16,BU25F,亚历克斯,出库,30089,拣货
CaQE90SlBe,米色 品牌01 900 文件柜（滑动式）,文件柜,品牌01,900,滑动式,米色,8*1*1,8,BJ73F,艾米丽,出库,30090,拣货
KePH27MeBl,黑色 品牌12 270 键盘（机械式）,键盘,品牌12,270,机械式,黑色,16*10*1,132,DI02B,艾米丽,出库,30088,拣货
CuQE18FiBe,米色 品牌01 1800 储物柜（文件收纳）,储物柜,品牌01,1800,文件收纳,米色,8*1*1,8,BH76F,约翰,出库,30081,拣货
PrReA2AlMi,混合色 品牌24 二号纸 打印机（一体式）,打印机,品牌24,二号纸,一体式,混合色,16*1*1,16,BL40H,亚历克斯,出库,30053,拣货
CuTE90FiGr,灰色 品牌04 900 储物柜（文件收纳）,储物柜,品牌04,900,文件收纳,灰色,8*1*1,2,CM60F,约翰,出库,30056,拣货
CaWE18SlWh,白色 品牌02 1800 文件柜（滑动式）,文件柜,品牌02,1800,滑动式,白色,8*1*1,8,DR70E,艾米,出库,30083,拣货
CaRG18DoBe,米色 品牌03 1800 文件柜（带门式）,文件柜,品牌03,1800,带门式,米色,8*1*1,8,BZ59B,艾米丽,出库,30033,拣货
GaAESLePi,粉色 品牌05 小号 游戏椅（皮革）,游戏椅,品牌05,小号,皮革,粉色,16*1*1,16,BY66F,亚历克斯,出库,30017,拣货
AlPH1716Si,银色 品牌12 17英寸 一体机（16吉字节内存）,一体机,品牌12,17英寸,16吉字节内存,银色,16*1*1,14,BL94H,约翰,出库,30019,拣货
TVEs42SFSi,银色 品牌32 42英寸 电视机（超级全高清）,电视机,品牌32,42英寸,超级全高清,银色,8*1*1,8,BL21C,约翰,出库,30089,拣货
MoHc45BlPi,粉色 品牌09 450 鼠标（蓝牙）,鼠标,品牌09,450,蓝牙,粉色,16*10*1,160,CN73E,劳拉,出库,30035,拣货
SPAl50HePi,粉色 品牌20 50 触控笔（六角形）,触控笔,品牌20,50,六角形,粉色,48*10*5,1824,BP54F,莎拉,出库,30045,拣货
LaSu15i7Gr,灰色 品牌11 15英寸 笔记本电脑（第7代处理器）,笔记本电脑,品牌11,15英寸,第7代处理器,灰色,16*1*1,16,CP44A,劳拉,出库,30098,拣货
SPGi50SoGr,灰色 品牌21 50 触控笔（可溶性）,触控笔,品牌21,50,可溶性,灰色,48*10*5,2400,BV94C,劳拉,出库,30071,拣货
CaQE12FiWh,白色 品牌01 1200 文件柜（文件收纳）,文件柜,品牌01,1200,文件收纳,白色,8*1*1,5,AR62B,艾米,出库,30076,拣货
CuQE12DoBl,黑色 品牌01 1200 储物柜（带门式）,储物柜,品牌01,1200,带门式,黑色,8*1*1,8,CS28E,简,出库,30079,拣货
PrNoA4WiMi,混合色 品牌26 四号纸 打印机（无线网络）,打印机,品牌26,四号纸,无线网络,混合色,16*1*1,2,AW26F,艾米丽,出库,30058,拣货
GaSELErGr,灰色 品牌08 大号 游戏椅（人体工学）,游戏椅,品牌08,大号,人体工学,灰色,16*1*1,5,AW52F,迈克,出库,30023,拣货
MoSu45ErWh,白色 品牌11 450 鼠标（人体工学）,鼠标,品牌11,450,人体工学,白色,16*10*1,160,CW34A,亚历克斯,出库,30060,拣货
TaCI18AuBl,黑色 品牌27 1800 桌子（自动调节）,桌子,品牌27,1800,自动调节,黑色,8*1*1,1,BZ18C,迈克,出库,30033,拣货
DrTE12FiWh,白色 品牌04 1200 抽屉柜（文件收纳）,抽屉柜,品牌04,1200,文件收纳,白色,8*1*1,8,BM95B,劳拉,出库,30095,拣货
TVGL75S4Gr,灰色 品牌31 75英寸 电视机（超级超高清）,电视机,品牌31,75英寸,超级超高清,灰色,8*1*1,6,BQ59D,莎拉,出库,30034,拣货
AlYn14i7Si,银色 品牌15 14英寸 一体机（第7代处理器）,一体机,品牌15,14英寸,第7代处理器,银色,16*1*1,2,DN15B,约翰,出库,30035,拣货
KeSu35BlWh,白色 品牌11 350 键盘（蓝牙）,键盘,品牌11,350,蓝牙,白色,16*10*1,30,DQ67A,克里斯,出库,30005,拣货
TVEs75S4Bl,黑色 品牌32 75英寸 电视机（超级超高清）,电视机,品牌32,75英寸,超级超高清,黑色,8*1*1,4,BP83C,莎拉,出库,30021,拣货
TaTR10AdWh,白色 品牌28 1000 桌子（可调节）,桌子,品牌28,1000,可调节,白色,8*1*1,8,AI15A,迈克,出库,30079,拣货
AlRe1732Si,银色 品牌14 17英寸 一体机（32吉字节内存）,一体机,品牌14,17英寸,32吉字节内存,银色,16*1*1,16,DK11F,劳拉,出库,30018,拣货
LaOv15i5Wh,白色 品牌13 15英寸 笔记本电脑（第5代处理器）,笔记本电脑,品牌13,15英寸,第5代处理器,白色,16*1*1,16,DF73A,约翰,出库,30030,拣货
TaTR10AdBl,黑色 品牌28 1000 桌子（可调节）,桌子,品牌28,1000,可调节,黑色,8*1*1,7,AX82C,迈克,出库,30013,拣货
GaOGLHeGr,灰色 品牌07 大号 游戏椅（头枕）,游戏椅,品牌07,大号,头枕,灰色,16*1*1,16,CF16E,艾米,出库,30078,拣货
DrQE12LoGr,灰色 品牌01 1200 抽屉柜（储物锁柜）,抽屉柜,品牌01,1200,储物锁柜,灰色,8*1*1,8,AN14A,艾米丽,出库,30076,拣货
TVGL42SFGr,灰色 品牌31 42英寸 电视机（超级全高清）,电视机,品牌31,42英寸,超级全高清,灰色,8*1*1,3,DZ38A,简,出库,30004,拣货
OfXEMLePi,粉色 品牌06 中号 办公椅（皮革）,办公椅,品牌06,中号,皮革,粉色,16*1*1,16,AR56C,大卫,出库,30021,拣货
OfOGMHePi,粉色 品牌07 中号 办公椅（头枕）,办公椅,品牌07,中号,头枕,粉色,16*1*1,9,DZ39A,艾米丽,出库,30072,拣货
LaRe15i7Wh,白色 品牌14 15英寸 笔记本电脑（第7代处理器）,笔记本电脑,品牌14,15英寸,第7代处理器,白色,16*1*1,9,CQ91H,大卫,出库,30023,拣货
DrWE18FiBe,米色 品牌02 1800 抽屉柜（文件收纳）,抽屉柜,品牌02,1800,文件收纳,米色,8*1*1,8,DZ68F,莎拉,出库,30096,拣货
TaAE15AuWh,白色 品牌05 1500 桌子（自动调节）,桌子,品牌05,1500,自动调节,白色,8*1*1,6,BS37B,约翰,出库,30060,拣货
CuWE18DoBe,米色 品牌02 1800 储物柜（带门式）,储物柜,品牌02,1800,带门式,米色,8*1*1,8,DK85C,克里斯,出库,30093,拣货
KeRe35WiBl,黑色 品牌10 350 键盘（有线）,键盘,品牌10,350,有线,黑色,16*10*1,39,DJ40C,克里斯,出库,30004,拣货
CuRG18DoBl,黑色 品牌03 1800 储物柜（带门式）,储物柜,品牌03,1800,带门式,黑色,8*1*1,3,DU53C,克里斯,出库,30063,拣货
AlSu1732Si,银色 品牌11 17英寸 一体机（32吉字节内存）,一体机,品牌11,17英寸,32吉字节内存,银色,16*1*1,7,AG44E,艾米,出库,30094,拣货
AlSu1532Wh,白色 品牌11 15英寸 一体机（32吉字节内存）,一体机,品牌11,15英寸,32吉字节内存,白色,16*1*1,13,BH69D,艾米,出库,30045,拣货
PeNa50WaWh,白色 品牌23 50 铅笔（水彩）,铅笔,品牌23,50,水彩,白色,48*10*5,1565,CK63E,艾米丽,出库,30000,拣货
NoExA5doBl,黑色 品牌16 五号纸 笔记本（点阵）,笔记本,品牌16,五号纸,点阵,黑色,48*10*5,1804,BQ24C,亚历克斯,出库,30038,拣货
GaAESAdGr,灰色 品牌05 小号 游戏椅（可调节）,游戏椅,品牌05,小号,可调节,灰色,16*1*1,10,AP28E,大卫,出库,30068,拣货
TVGL65S4Gr,灰色 品牌31 65英寸 电视机（超级超高清）,电视机,品牌31,65英寸,超级超高清,灰色,8*1*1,8,AW21D,莎拉,出库,30027,拣货
CuRG90LoGr,灰色 品牌03 900 储物柜（储物锁柜）,储物柜,品牌03,900,储物锁柜,灰色,8*1*1,4,DF62B,莎拉,出库,30054,拣货
OfOGLAdWh,白色 品牌07 大号 办公椅（可调节）,办公椅,品牌07,大号,可调节,白色,16*1*1,16,CH32D,克里斯,出库,30058,拣货
GaAELAdGr,灰色 品牌05 大号 游戏椅（可调节）,游戏椅,品牌05,大号,可调节,灰色,16*1*1,5,BZ44G,简,出库,30050,拣货
CaWE90LoWh,白色 品牌02 900 文件柜（储物锁柜）,文件柜,品牌02,900,储物锁柜,白色,8*1*1,8,AU41F,艾米丽,出库,30026,拣货
NoGrA5ruWh,白色 品牌18 五号纸 笔记本（横线）,笔记本,品牌18,五号纸,横线,白色,48*10*5,2400,DU98E,克里斯,出库,30029,拣货
AlPH14i7Gr,灰色 品牌12 14英寸 一体机（第7代处理器）,一体机,品牌12,14英寸,第7代处理器,灰色,16*1*1,14,CZ54G,约翰,出库,30089,拣货
MoPH27ErNa,藏青色 品牌12 270 鼠标（人体工学）,鼠标,品牌12,270,人体工学,藏青色,16*10*1,160,AP69B,克里斯,出库,30091,拣货
GaAEMHePi,粉色 品牌05 中号 游戏椅（头枕）,游戏椅,品牌05,中号,头枕,粉色,16*1*1,9,AW40A,大卫,出库,30068,拣货
PrNoA4WiGr,灰色 品牌26 四号纸 打印机（无线网络）,打印机,品牌26,四号纸,无线网络,灰色,16*1*1,16,BO77G,简,出库,30013,拣货
PrPHA2MoMi,混合色 品牌12 二号纸 打印机（黑白）,打印机,品牌12,二号纸,黑白,混合色,16*1*1,16,CM01D,劳拉,出库,30053,拣货
SPAl12HeGr,灰色 品牌20 12 触控笔（六角形）,触控笔,品牌20,12,六角形,灰色,48*10*5,2400,CP97H,约翰,出库,30078,拣货
TaAE15FrSi,银色 品牌05 1500 桌子（框架式）,桌子,品牌05,1500,框架式,银色,8*1*1,6,CN36B,艾米,出库,30011,拣货
OfOGSHeBl,黑色 品牌07 小号 办公椅（头枕）,办公椅,品牌07,小号,头枕,黑色,16*1*1,3,DG97E,简,出库,30001,拣货
SPRe24SoWh,白色 品牌22 24 触控笔（可溶性）,触控笔,品牌22,24,可溶性,白色,48*10*5,1625,BT98G,劳拉,出库,30035,拣货
GaSESAdBl,黑色 品牌08 小号 游戏椅（可调节）,游戏椅,品牌08,小号,可调节,黑色,16*1*1,13,DN78C,艾米丽,出库,30068,拣货
AlOv1532Wh,白色 品牌13 15英寸 一体机（32吉字节内存）,一体机,品牌13,15英寸,32吉字节内存,白色,16*1*1,16,DK72H,大卫,出库,30044,拣货
CaRG18DoBl,黑色 品牌03 1800 文件柜（带门式）,文件柜,品牌03,1800,带门式,黑色,8*1*1,4,BV61C,大卫,出库,30094,拣货
TVEs42SFSi,银色 品牌32 42英寸 电视机（超级全高清）,电视机,品牌32,42英寸,超级全高清,银色,8*1*1,8,DT65E,克里斯,出库,30017,拣货
OfAELHeGr,灰色 品牌05 大号 办公椅（头枕）,办公椅,品牌05,大号,头枕,灰色,16*1*1,16,CR33C,克里斯,出库,30059,拣货
KeRe35ErBl,黑色 品牌10 350 键盘（人体工学）,键盘,品牌10,350,人体工学,黑色,16*10*1,160,BR88F,亚历克斯,出库,30030,拣货
CaQE90LoBe,米色 品牌01 900 文件柜（储物锁柜）,文件柜,品牌01,900,储物锁柜,米色,8*1*1,8,DK87H,约翰,出库,30055,拣货
PrPHA4MoBl,黑色 品牌12 四号纸 打印机（黑白）,打印机,品牌12,四号纸,黑白,黑色,16*1*1,16,BR38H,艾米丽,出库,30077,拣货
TaCI18AdWh,白色 品牌27 1800 桌子（可调节）,桌子,品牌27,1800,可调节,白色,8*1*1,8,CP76A,克里斯,出库,30091,拣货
TVGL32S4Si,银色 品牌31 32英寸 电视机（超级超高清）,电视机,品牌31,32英寸,超级超高清,银色,8*1*1,8,CO80G,劳拉,出库,30094,拣货
TVGL32FHWh,白色 品牌31 32英寸 电视机（全高清）,电视机,品牌31,32英寸,全高清,白色,8*1*1,8,CK65H,克里斯,出库,30010,拣货
PrNoA4WiMi,混合色 品牌26 四号纸 打印机（无线网络）,打印机,品牌26,四号纸,无线网络,混合色,16*1*1,7,DT29F,迈克,出库,30032,拣货
OfOGSLeBl,黑色 品牌07 小号 办公椅（皮革）,办公椅,品牌07,小号,皮革,黑色,16*1*1,16,BS98E,约翰,出库,30011,拣货
CaTE18LoBl,黑色 品牌04 1800 文件柜（储物锁柜）,文件柜,品牌04,1800,储物锁柜,黑色,8*1*1,4,AM39B,莎拉,出库,30039,拣货
DrWE18FiWh,白色 品牌02 1800 抽屉柜（文件收纳）,抽屉柜,品牌02,1800,文件收纳,白色,8*1*1,8,DM84D,艾米丽,出库,30076,拣货
TaTR10FrGr,灰色 品牌28 1000 桌子（框架式）,桌子,品牌28,1000,框架式,灰色,8*1*1,3,AF31C,亚历克斯,出库,30077,拣货
CaWE12SlGr,灰色 品牌02 1200 文件柜（滑动式）,文件柜,品牌02,1200,滑动式,灰色,8*1*1,8,DR64C,约翰,出库,30035,拣货
KeHc35ErPi,粉色 品牌09 350 键盘（人体工学）,键盘,品牌09,350,人体工学,粉色,16*10*1,92,AP48A,亚历克斯,出库,30000,拣货
CuWE18FiWh,白色 品牌02 1800 储物柜（文件收纳）,储物柜,品牌02,1800,文件收纳,白色,8*1*1,8,AU53H,艾米,出库,30053,拣货
OfSEMErGr,灰色 品牌08 中号 办公椅（人体工学）,办公椅,品牌08,中号,人体工学,灰色,16*1*1,16,DP16D,艾米丽,出库,30020,拣货
CaRG90FiBe,米色 品牌03 900 文件柜（文件收纳）,文件柜,品牌03,900,文件收纳,米色,8*1*1,4,DI60G,艾米,出库,30024,拣货
SPAl24HeBl,黑色 品牌20 24 触控笔（六角形）,触控笔,品牌20,24,六角形,黑色,48*10*5,971,CX18B,约翰,出库,30063,拣货
TaTR10AuGr,灰色 品牌29 1000 桌子（自动调节）,桌子,品牌29,1000,自动调节,灰色,8*1*1,8,DF58A,大卫,出库,30094,拣货
AlPH17i7Gr,灰色 品牌12 17英寸 一体机（第7代处理器）,一体机,品牌12,17英寸,第7代处理器,灰色,16*1*1,16,BG40B,简,出库,30062,拣货
LaOv1732Si,银色 品牌13 17英寸 笔记本电脑（32吉字节内存）,笔记本电脑,品牌13,17英寸,32吉字节内存,银色,16*1*1,16,AM31C,迈克,出库,30074,拣货
CaRG18LoBl,黑色 品牌03 1800 文件柜（储物锁柜）,文件柜,品牌03,1800,储物锁柜,黑色,8*1*1,8,DV91G,艾米,出库,30095,拣货
OfSELLeGr,灰色 品牌08 大号 办公椅（皮革）,办公椅,品牌08,大号,皮革,灰色,16*1*1,8,BJ18C,克里斯,出库,30053,拣货
CaRG12SlBe,米色 品牌03 1200 文件柜（滑动式）,文件柜,品牌03,1200,滑动式,米色,8*1*1,8,AJ04A,克里斯,出库,30076,拣货
DrRG90SlGr,灰色 品牌03 900 抽屉柜（滑动式）,抽屉柜,品牌03,900,滑动式,灰色,8*1*1,6,AX78H,迈克,出库,30035,拣货
SPNa24SoBl,黑色 品牌23 24 触控笔（可溶性）,触控笔,品牌23,24,可溶性,黑色,48*10*5,2400,CW96F,劳拉,出库,30033,拣货
AlSu1432Gr,灰色 品牌11 14英寸 一体机（32吉字节内存）,一体机,品牌11,14英寸,32吉字节内存,灰色,16*1*1,16,BF49H,大卫,出库,30017,拣货
TVYn75S4Bl,黑色 品牌15 75英寸 电视机（超级超高清）,电视机,品牌15,75英寸,超级超高清,黑色,8*1*1,8,CW68D,艾米,出库,30079,拣货
MoPH45MeWh,白色 品牌12 450 鼠标（机械式）,鼠标,品牌12,450,机械式,白色,16*10*1,160,BK10B,艾米,出库,30063,拣货
KeRe35ErBl,黑色 品牌10 350 键盘（人体工学）,键盘,品牌10,350,人体工学,黑色,16*10*1,160,CI21E,大卫,出库,30020,拣货
NoMuA3ruBl,黑色 品牌19 三号纸 笔记本（横线）,笔记本,品牌19,三号纸,横线,黑色,48*10*5,1082,AS64B,艾米丽,出库,30065,拣货
GaSEMLePi,粉色 品牌08 中号 游戏椅（皮革）,游戏椅,品牌08,中号,皮革,粉色,16*1*1,3,AL18B,劳拉,出库,30092,拣货
PrNoA4MoGr,灰色 品牌26 四号纸 打印机（黑白）,打印机,品牌26,四号纸,黑白,灰色,16*1*1,15,CL98E,劳拉,出库,30098,拣货
LaPH14i7Wh,白色 品牌12 14英寸 笔记本电脑（第7代处理器）,笔记本电脑,品牌12,14英寸,第7代处理器,白色,16*1*1,14,DH78E,劳拉,出库,30067,拣货
PrPHA2InMi,混合色 品牌12 二号纸 打印机（喷墨）,打印机,品牌12,二号纸,喷墨,混合色,16*1*1,16,BK83D,艾米丽,出库,30041,拣货
AlRe1432Gr,灰色 品牌14 14英寸 一体机（32吉字节内存）,一体机,品牌14,14英寸,32吉字节内存,灰色,16*1*1,2,DV25H,迈克,出库,30006,拣货
KeRe35MeNa,藏青色 品牌10 350 键盘（机械式）,键盘,品牌10,350,机械式,藏青色,16*10*1,51,CN01B,克里斯,出库,30089,拣货
AlPH1732Wh,白色 品牌12 17英寸 一体机（32吉字节内存）,一体机,品牌12,17英寸,32吉字节内存,白色,16*1*1,10,AW48D,劳拉,出库,30055,拣货
GaOGSErWh,白色 品牌07 小号 游戏椅（人体工学）,游戏椅,品牌07,小号,人体工学,白色,16*1*1,16,AF55E,克里斯,出库,30087,拣货
CaQE12LoGr,灰色 品牌01 1200 文件柜（储物锁柜）,文件柜,品牌01,1200,储物锁柜,灰色,8*1*1,8,DR38C,劳拉,出库,30042,拣货
TVGL65SFSi,银色 品牌31 65英寸 电视机（超级全高清）,电视机,品牌31,65英寸,超级全高清,银色,8*1*1,6,AT15F,克里斯,出库,30035,拣货
CaTE18DoGr,灰色 品牌04 1800 文件柜（带门式）,文件柜,品牌04,1800,带门式,灰色,8*1*1,8,CH05D,艾米,出库,30045,拣货
TVGn504KSi,银色 品牌30 50英寸 电视机（超高清）,电视机,品牌30,50英寸,超高清,银色,8*1*1,5,BZ59F,大卫,出库,30039,拣货
PrSoA2MoGr,灰色 品牌25 二号纸 打印机（黑白）,打印机,品牌25,二号纸,黑白,灰色,16*1*1,11,DN32C,艾米,出库,30009,拣货
KePH35WiPi,粉色 品牌12 350 键盘（有线）,键盘,品牌12,350,有线,粉色,16*10*1,76,DH28G,克里斯,出库,30025,拣货
LaOv148GGr,灰色 品牌13 14英寸 笔记本电脑（8吉字节内存）,笔记本电脑,品牌13,14英寸,8吉字节内存,灰色,16*1*1,16,DJ43B,约翰,出库,30024,拣货
TaAE10AdSi,银色 品牌05 1000 桌子（可调节）,桌子,品牌05,1000,可调节,银色,8*1*1,8,DM71H,艾米丽,出库,30041,拣货
LaPH17i5Si,银色 品牌12 17英寸 笔记本电脑（第5代处理器）,笔记本电脑,品牌12,17英寸,第5代处理器,银色,16*1*1,16,AG64A,简,出库,30046,拣货
TaTR18WoBl,黑色 品牌29 1800 桌子（工作站）,桌子,品牌29,1800,工作站,黑色,8*1*1,8,BN08G,克里斯,出库,30020,拣货
MoSu35BlWh,白色 品牌11 350 鼠标（蓝牙）,鼠标,品牌11,350,蓝牙,白色,16*10*1,153,CM52E,艾米丽,出库,30042,拣货
CuWE12FiBl,黑色 品牌02 1200 储物柜（文件收纳）,储物柜,品牌02,1200,文件收纳,黑色,8*1*1,6,CR27B,大卫,出库,30034,拣货
CaRG18FiWh,白色 品牌03 1800 文件柜（文件收纳）,文件柜,品牌03,1800,文件收纳,白色,8*1*1,8,AZ79B,简,出库,30024,拣货
KeSu27BlNa,藏青色 品牌11 270 键盘（蓝牙）,键盘,品牌11,270,蓝牙,藏青色,16*10*1,160,AJ26G,劳拉,出库,30071,拣货
SPNa24SoPi,粉色 品牌23 24 触控笔（可溶性）,触控笔,品牌23,24,可溶性,粉色,48*10*5,2400,CR05E,迈克,出库,30087,拣货
CaRG12SlWh,白色 品牌03 1200 文件柜（滑动式）,文件柜,品牌03,1200,滑动式,白色,8*1*1,8,BK65F,大卫,出库,30009,拣货
TaTR10WoBl,黑色 品牌29 1000 桌子（工作站）,桌子,品牌29,1000,工作站,黑色,8*1*1,8,BM98G,克里斯,出库,30030,拣货
GaOGSErWh,白色 品牌07 小号 游戏椅（人体工学）,游戏椅,品牌07,小号,人体工学,白色,16*1*1,12,DK62D,莎拉,出库,30026,拣货
PrNoA4InMi,混合色 品牌26 四号纸 打印机（喷墨）,打印机,品牌26,四号纸,喷墨,混合色,16*1*1,16,AZ65H,克里斯,出库,30073,拣货
GaOGMErGr,灰色 品牌07 中号 游戏椅（人体工学）,游戏椅,品牌07,中号,人体工学,灰色,16*1*1,16,BP76F,简,出库,30070,拣货
AlSu14i7Gr,灰色 品牌11 14英寸 一体机（第7代处理器）,一体机,品牌11,14英寸,第7代处理器,灰色,16*1*1,16,AN77G,劳拉,出库,30051,拣货
AlPH1432Gr,灰色 品牌12 14英寸 一体机（32吉字节内存）,一体机,品牌12,14英寸,32吉字节内存,灰色,16*1*1,9,BP47D,莎拉,出库,30063,拣货
GaSESAdPi,粉色 品牌08 小号 游戏椅（可调节）,游戏椅,品牌08,小号,可调节,粉色,16*1*1,1,CL78E,亚历克斯,出库,30073,拣货
AlPH1416Gr,灰色 品牌12 14英寸 一体机（16吉字节内存）,一体机,品牌12,14英寸,16吉字节内存,灰色,16*1*1,5,CN22E,亚历克斯,出库,30000,拣货
CaWE18LoBe,米色 品牌02 1800 文件柜（储物锁柜）,文件柜,品牌02,1800,储物锁柜,米色,8*1*1,5,AM85G,迈克,出库,30001,拣货
NoScA4liWh,白色 品牌17 四号纸 笔记本（线条）,笔记本,品牌17,四号纸,线条,白色,48*10*5,2400,AV08H,简,出库,30053,拣货
DrQE18FiWh,白色 品牌01 1800 抽屉柜（文件收纳）,抽屉柜,品牌01,1800,文件收纳,白色,8*1*1,8,AU63B,大卫,出库,30094,拣货
OfAELErGr,灰色 品牌05 大号 办公椅（人体工学）,办公椅,品牌05,大号,人体工学,灰色,16*1*1,16,DV68H,艾米丽,出库,30074,拣货
DrQE12SlGr,灰色 品牌01 1200 抽屉柜（滑动式）,抽屉柜,品牌01,1200,滑动式,灰色,8*1*1,8,AZ82B,约翰,出库,30024,拣货
SPGi50SoWh,白色 品牌21 50 触控笔（可溶性）,触控笔,品牌21,50,可溶性,白色,48*10*5,2400,AN51C,莎拉,出库,30099,拣货
PrPHA4AlGr,灰色 品牌12 四号纸 打印机（一体式）,打印机,品牌12,四号纸,一体式,灰色,16*1*1,16,CV78C,大卫,出库,30002,拣货
TVGL75S4Gr,灰色 品牌31 75英寸 电视机（超级超高清）,电视机,品牌31,75英寸,超级超高清,灰色,8*1*1,8,BL06B,亚历克斯,出库,30059,拣货
GaSELHeWh,白色 品牌08 大号 游戏椅（头枕）,游戏椅,品牌08,大号,头枕,白色,16*1*1,16,DX04D,简,出库,30047,拣货
GaXELAdBl,黑色 品牌06 大号 游戏椅（可调节）,游戏椅,品牌06,大号,可调节,黑色,16*1*1,8,AM29C,约翰,出库,30012,拣货
SPNa24HeGr,灰色 品牌23 24 触控笔（六角形）,触控笔,品牌23,24,六角形,灰色,48*10*5,2400,DW11C,艾米,出库,30045,拣货
KeSu35WiWh,白色 品牌11 350 键盘（有线）,键盘,品牌11,350,有线,白色,16*10*1,105,CP87B,克里斯,出库,30021,拣货
OfAELHeWh,白色 品牌05 大号 办公椅（头枕）,办公椅,品牌05,大号,头枕,白色,16*1*1,3,DU19E,莎拉,出库,30080,拣货
PrNoA2LaBl,黑色 品牌26 二号纸 打印机（激光）,打印机,品牌26,二号纸,激光,黑色,16*1*1,11,AO36E,迈克,出库,30021,拣货
MoPH27BlNa,藏青色 品牌12 270 鼠标（蓝牙）,鼠标,品牌12,270,蓝牙,藏青色,16*10*1,34,AG12F,劳拉,出库,30000,拣货
TaTR10AuBl,黑色 品牌28 1000 桌子（自动调节）,桌子,品牌28,1000,自动调节,黑色,8*1*1,4,DV87C,约翰,出库,30064,拣货
DrTE12FiBe,米色 品牌04 1200 抽屉柜（文件收纳）,抽屉柜,品牌04,1200,文件收纳,米色,8*1*1,8,AF28B,艾米丽,出库,30017,拣货
AlSu15i5Bl,黑色 品牌11 15英寸 一体机（第5代处理器）,一体机,品牌11,15英寸,第5代处理器,黑色,16*1*1,16,BR81F,劳拉,出库,30019,拣货
TaTR18FrSi,银色 品牌29 1800 桌子（框架式）,桌子,品牌29,1800,框架式,银色,8*1*1,8,AX04E,艾米,出库,30015,拣货
OfXELErBl,黑色 品牌06 大号 办公椅（人体工学）,办公椅,品牌06,大号,人体工学,黑色,16*1*1,3,DQ07B,大卫,出库,30038,拣货
OfAEMLePi,粉色 品牌05 中号 办公椅（皮革）,办公椅,品牌05,中号,皮革,粉色,16*1*1,15,DN95A,简,出库,30080,拣货
KeRe45BlBl,黑色 品牌10 450 键盘（蓝牙）,键盘,品牌10,450,蓝牙,黑色,16*10*1,3,CX93D,亚历克斯,出库,30042,拣货
CaRG18LoBe,米色 品牌03 1800 文件柜（储物锁柜）,文件柜,品牌03,1800,储物锁柜,米色,8*1*1,4,CN73H,简,出库,30017,拣货
PrPHA4WiWh,白色 品牌12 四号纸 打印机（无线网络）,打印机,品牌12,四号纸,无线网络,白色,16*1*1,16,DR17G,迈克,出库,30020,拣货
LaOv1516Bl,黑色 品牌13 15英寸 笔记本电脑（16吉字节内存）,笔记本电脑,品牌13,15英寸,16吉字节内存,黑色,16*1*1,16,BM47E,劳拉,出库,30089,拣货
CuQE90DoBe,米色 品牌01 900 储物柜（带门式）,储物柜,品牌01,900,带门式,米色,8*1*1,4,BM97C,艾米,出库,30002,拣货
GaOGMErBl,黑色 品牌07 中号 游戏椅（人体工学）,游戏椅,品牌07,中号,人体工学,黑色,16*1*1,16,DN86F,亚历克斯,出库,30017,拣货
SPNa50HeGr,灰色 品牌23 50 触控笔（六角形）,触控笔,品牌23,50,六角形,灰色,48*10*5,2400,BP09D,劳拉,出库,30046,拣货
KePH35BlPi,粉色 品牌12 350 键盘（蓝牙）,键盘,品牌12,350,蓝牙,粉色,16*10*1,160,BL57F,劳拉,出库,30056,拣货
AlYn1516Si,银色 品牌15 15英寸 一体机（16吉字节内存）,一体机,品牌15,15英寸,16吉字节内存,银色,16*1*1,4,BY44G,劳拉,出库,30056,拣货
MoHc27WiWh,白色 品牌09 270 鼠标（有线）,鼠标,品牌09,270,有线,白色,16*10*1,160,AO33A,克里斯,出库,30000,拣货
TVEs504KSi,银色 品牌32 50英寸 电视机（超高清）,电视机,品牌32,50英寸,超高清,银色,8*1*1,2,AX14F,大卫,出库,30020,拣货
TaCI15AdWh,白色 品牌27 1500 桌子（可调节）,桌子,品牌27,1500,可调节,白色,8*1*1,8,AF44G,艾米,出库,30081,拣货
MoPH35WiPi,粉色 品牌12 350 鼠标（有线）,鼠标,品牌12,350,有线,粉色,16*10*1,74,CN17F,艾米,出库,30049,拣货
AlPH14i5Wh,白色 品牌12 14英寸 一体机（第5代处理器）,一体机,品牌12,14英寸,第5代处理器,白色,16*1*1,11,AU09H,克里斯,出库,30051,拣货
NoScA5liSi,银色 品牌17 五号纸 笔记本（线条）,笔记本,品牌17,五号纸,线条,银色,48*10*5,323,DL59E,简,出库,30085,拣货
PrReA3WiMi,混合色 品牌24 三号纸 打印机（无线网络）,打印机,品牌24,三号纸,无线网络,混合色,16*1*1,1,DR56F,约翰,出库,30058,拣货
AlRe1716Gr,灰色 品牌14 17英寸 一体机（16吉字节内存）,一体机,品牌14,17英寸,16吉字节内存,灰色,16*1*1,1,CW14G,克里斯,出库,30075,拣货
DrQE12DoWh,白色 品牌01 1200 抽屉柜（带门式）,抽屉柜,品牌01,1200,带门式,白色,8*1*1,3,DH48C,克里斯,出库,30074,拣货
DrRG18FiGr,灰色 品牌03 1800 抽屉柜（文件收纳）,抽屉柜,品牌03,1800,文件收纳,灰色,8*1*1,8,AF03F,克里斯,出库,30015,拣货
CaRG12SlWh,白色 品牌03 1200 文件柜（滑动式）,文件柜,品牌03,1200,滑动式,白色,8*1*1,8,AM66G,莎拉,出库,30024,拣货
TVEs75SFWh,白色 品牌32 75英寸 电视机（超级全高清）,电视机,品牌32,75英寸,超级全高清,白色,8*1*1,8,CY85H,简,出库,30023,拣货
KeRe27MePi,粉色 品牌10 270 键盘（机械式）,键盘,品牌10,270,机械式,粉色,16*10*1,160,AM73A,约翰,出库,30063,拣货
NoMuA3ruBl,黑色 品牌19 三号纸 笔记本（横线）,笔记本,品牌19,三号纸,横线,黑色,48*10*5,321,BJ03D,艾米丽,出库,30081,拣货
CuQE12LoBe,米色 品牌01 1200 储物柜（储物锁柜）,储物柜,品牌01,1200,储物锁柜,米色,8*1*1,8,CV59H,约翰,出库,30055,拣货
AlYn15i5Si,银色 品牌15 15英寸 一体机（第5代处理器）,一体机,品牌15,15英寸,第5代处理器,银色,16*1*1,16,AR79E,艾米丽,出库,30047,拣货
PeAl50HeWh,白色 品牌20 50 铅笔（六角形）,铅笔,品牌20,50,六角形,白色,48*10*5,293,DY50D,简,出库,30031,拣货
CaRG90LoBe,米色 品牌03 900 文件柜（储物锁柜）,文件柜,品牌03,900,储物锁柜,米色,8*1*1,8,BJ30A,艾米,出库,30048,拣货
DrQE12FiWh,白色 品牌01 1200 抽屉柜（文件收纳）,抽屉柜,品牌01,1200,文件收纳,白色,8*1*1,8,BJ32A,亚历克斯,出库,30016,拣货
TaAE10AdGr,灰色 品牌05 1000 桌子（可调节）,桌子,品牌05,1000,可调节,灰色,8*1*1,8,BK63F,约翰,出库,30002,拣货
PrReA2WiBl,黑色 品牌24 二号纸 打印机（无线网络）,打印机,品牌24,二号纸,无线网络,黑色,16*1*1,13,CJ57A,克里斯,出库,30004,拣货
CaTE18LoWh,白色 品牌04 1800 文件柜（储物锁柜）,文件柜,品牌04,1800,储物锁柜,白色,8*1*1,4,BG05G,艾米,出库,30095,拣货
TVGL75FHGr,灰色 品牌31 75英寸 电视机（全高清）,电视机,品牌31,75英寸,全高清,灰色,8*1*1,2,AT76G,劳拉,出库,30073,拣货
KePH45MeBl,黑色 品牌12 450 键盘（机械式）,键盘,品牌12,450,机械式,黑色,16*10*1,160,CW30F,艾米,出库,30040,拣货
CuRG12FiBl,黑色 品牌03 1200 储物柜（文件收纳）,储物柜,品牌03,1200,文件收纳,黑色,8*1*1,4,BP74D,艾米丽,出库,30020,拣货
CuQE90DoBe,米色 品牌01 900 储物柜（带门式）,储物柜,品牌01,900,带门式,米色,8*1*1,8,BU36D,迈克,出库,30035,拣货
OfOGMAdPi,粉色 品牌07 中号 办公椅（可调节）,办公椅,品牌07,中号,可调节,粉色,16*1*1,2,DZ13D,亚历克斯,出库,30051,拣货
TVGn75SFBl,黑色 品牌30 75英寸 电视机（超级全高清）,电视机,品牌30,75英寸,超级全高清,黑色,8*1*1,8,AO52A,艾米丽,出库,30019,拣货
MoRe45WiWh,白色 品牌10 450 鼠标（有线）,鼠标,品牌10,450,有线,白色,16*10*1,160,BT53D,克里斯,出库,30071,拣货
OfAELLePi,粉色 品牌05 大号 办公椅（皮革）,办公椅,品牌05,大号,皮革,粉色,16*1*1,5,BW92H,莎拉,出库,30052,拣货
LaSu17i5Wh,白色 品牌11 17英寸 笔记本电脑（第5代处理器）,笔记本电脑,品牌11,17英寸,第5代处理器,白色,16*1*1,9,BY11B,劳拉,出库,30029,拣货
KeRe27WiPi,粉色 品牌10 270 键盘（有线）,键盘,品牌10,270,有线,粉色,16*10*1,16,BS29G,亚历克斯,出库,30031,拣货
CuRG18SlBl,黑色 品牌03 1800 储物柜（滑动式）,储物柜,品牌03,1800,滑动式,黑色,8*1*1,8,CK19C,艾米丽,出库,30050,拣货
SPRe12WaBl,黑色 品牌22 12 触控笔（水彩）,触控笔,品牌22,12,水彩,黑色,48*10*5,2400,BO53F,劳拉,出库,30000,拣货
MoRe35WiWh,白色 品牌10 350 鼠标（有线）,鼠标,品牌10,350,有线,白色,16*10*1,160,BH18D,艾米丽,出库,30024,拣货
OfSELHeWh,白色 品牌08 大号 办公椅（头枕）,办公椅,品牌08,大号,头枕,白色,16*1*1,10,CH31C,克里斯,出库,30064,拣货
CaWE12FiBe,米色 品牌02 1200 文件柜（文件收纳）,文件柜,品牌02,1200,文件收纳,米色,8*1*1,8,AK82A,劳拉,出库,30084,拣货
TaAE10FrWh,白色 品牌05 1000 桌子（框架式）,桌子,品牌05,1000,框架式,白色,8*1*1,8,DG54D,简,出库,30023,拣货
LaPH158GBl,黑色 品牌12 15英寸 笔记本电脑（8吉字节内存）,笔记本电脑,品牌12,15英寸,8吉字节内存,黑色,16*1*1,9,AI88B,劳拉,出库,30041,拣货
TVYn65S4Bl,黑色 品牌15 65英寸 电视机（超级超高清）,电视机,品牌15,65英寸,超级超高清,黑色,8*1*1,4,CL12H,艾米丽,出库,30029,拣货
PrSoA2LaGr,灰色 品牌25 二号纸 打印机（激光）,打印机,品牌25,二号纸,激光,灰色,16*1*1,16,BW82D,艾米,出库,30065,拣货
CaWE90SlBe,米色 品牌02 900 文件柜（滑动式）,文件柜,品牌02,900,滑动式,米色,8*1*1,8,AL11D,莎拉,出库,30049,拣货
NoMuA4liWh,白色 品牌19 四号纸 笔记本（线条）,笔记本,品牌19,四号纸,线条,白色,48*10*5,2400,BQ38D,艾米,出库,30033,拣货
GaOGLHeBl,黑色 品牌07 大号 游戏椅（头枕）,游戏椅,品牌07,大号,头枕,黑色,16*1*1,16,AQ95E,艾米,出库,30068,拣货
CuTE12SlBl,黑色 品牌04 1200 储物柜（滑动式）,储物柜,品牌04,1200,滑动式,黑色,8*1*1,2,CJ95F,简,出库,30087,拣货
CuTE90LoBl,黑色 品牌04 900 储物柜（储物锁柜）,储物柜,品牌04,900,储物锁柜,黑色,8*1*1,7,DN06C,约翰,出库,30066,拣货
KeSu45ErWh,白色 品牌11 450 键盘（人体工学）,键盘,品牌11,450,人体工学,白色,16*10*1,160,DY13C,大卫,出库,30055,拣货
CuRG12SlBe,米色 品牌03 1200 储物柜（滑动式）,储物柜,品牌03,1200,滑动式,米色,8*1*1,7,CO74F,约翰,出库,30072,拣货
PrReA2InMi,混合色 品牌24 二号纸 打印机（喷墨）,打印机,品牌24,二号纸,喷墨,混合色,16*1*1,16,BL41D,亚历克斯,出库,30093,拣货
TVEs65SFWh,白色 品牌32 65英寸 电视机（超级全高清）,电视机,品牌32,65英寸,超级全高清,白色,8*1*1,4,CU39A,劳拉,出库,30094,拣货
TaCI18FrWh,白色 品牌27 1800 桌子（框架式）,桌子,品牌27,1800,框架式,白色,8*1*1,8,DW21C,艾米,出库,30091,拣货
TVGL42S4Gr,灰色 品牌31 42英寸 电视机（超级超高清）,电视机,品牌31,42英寸,超级超高清,灰色,8*1*1,8,DZ31H,克里斯,出库,30083,拣货
AlPH148GBl,黑色 品牌12 14英寸 一体机（8吉字节内存）,一体机,品牌12,14英寸,8吉字节内存,黑色,16*1*1,16,DK61F,艾米丽,出库,30070,拣货
AlRe1432Wh,白色 品牌14 14英寸 一体机（32吉字节内存）,一体机,品牌14,14英寸,32吉字节内存,白色,16*1*1,16,BY72H,简,出库,30055,拣货
AlYn1416Bl,黑色 品牌15 14英寸 一体机（16吉字节内存）,一体机,品牌15,14英寸,16吉字节内存,黑色,16*1*1,16,DQ11B,简,出库,30041,拣货
KePH45MeBl,黑色 品牌12 450 键盘（机械式）,键盘,品牌12,450,机械式,黑色,16*10*1,160,CV32F,简,出库,30079,拣货
SPGi12WaGr,灰色 品牌21 12 触控笔（水彩）,触控笔,品牌21,12,水彩,灰色,48*10*5,2400,CV97A,大卫,出库,30069,拣货
PeAl50WaGr,灰色 品牌20 50 铅笔（水彩）,铅笔,品牌20,50,水彩,灰色,48*10*5,2400,DO55E,亚历克斯,出库,30056,拣货
OfAEMErPi,粉色 品牌05 中号 办公椅（人体工学）,办公椅,品牌05,中号,人体工学,粉色,16*1*1,15,BN25D,亚历克斯,出库,30097,拣货
TVGL65S4Gr,灰色 品牌31 65英寸 电视机（超级超高清）,电视机,品牌31,65英寸,超级超高清,灰色,8*1*1,2,BS17G,大卫,出库,30060,拣货
TVYn32FHWh,白色 品牌15 32英寸 电视机（全高清）,电视机,品牌15,32英寸,全高清,白色,8*1*1,8,AV83G,劳拉,出库,30042,拣货
PrNoA4MoGr,灰色 品牌26 四号纸 打印机（黑白）,打印机,品牌26,四号纸,黑白,灰色,16*1*1,16,BY23H,简,出库,30045,拣货
KeSu27BlWh,白色 品牌11 270 键盘（蓝牙）,键盘,品牌11,270,蓝牙,白色,16*10*1,160,AS83F,简,出库,30017,拣货
KeRe27MeWh,白色 品牌10 270 键盘（机械式）,键盘,品牌10,270,机械式,白色,16*10*1,119,DV27F,亚历克斯,出库,30006,拣货
LaPH17i7Bl,黑色 品牌12 17英寸 笔记本电脑（第7代处理器）,笔记本电脑,品牌12,17英寸,第7代处理器,黑色,16*1*1,7,BY58D,简,出库,30040,拣货
PrNoA4InGr,灰色 品牌26 四号纸 打印机（喷墨）,打印机,品牌26,四号纸,喷墨,灰色,16*1*1,3,AO63G,莎拉,出库,30014,拣货
CaQE12LoGr,灰色 品牌01 1200 文件柜（储物锁柜）,文件柜,品牌01,1200,储物锁柜,灰色,8*1*1,8,DY90B,艾米,出库,30011,拣货
PrSoA3LaMi,混合色 品牌25 三号纸 打印机（激光）,打印机,品牌25,三号纸,激光,混合色,16*1*1,16,AZ71D,约翰,出库,30034,拣货
GaXEMAdPi,粉色 品牌06 中号 游戏椅（可调节）,游戏椅,品牌06,中号,可调节,粉色,16*1*1,4,BH60G,迈克,出库,30045,拣货
GaSESLeGr,灰色 品牌08 小号 游戏椅（皮革）,游戏椅,品牌08,小号,皮革,灰色,16*1*1,5,AZ24B,大卫,出库,30040,拣货
AlOv1732Bl,黑色 品牌13 17英寸 一体机（32吉字节内存）,一体机,品牌13,17英寸,32吉字节内存,黑色,16*1*1,16,DO03E,迈克,出库,30033,拣货
MoHc35WiWh,白色 品牌09 350 鼠标（有线）,鼠标,品牌09,350,有线,白色,16*10*1,160,BN25B,大卫,出库,30054,拣货
DrWE90FiBl,黑色 品牌02 900 抽屉柜（文件收纳）,抽屉柜,品牌02,900,文件收纳,黑色,8*1*1,8,AY61C,劳拉,出库,30076,拣货
LaPH1532Si,银色 品牌12 15英寸 笔记本电脑（32吉字节内存）,笔记本电脑,品牌12,15英寸,32吉字节内存,银色,16*1*1,6,AV76D,克里斯,出库,30063,拣货
DrQE18SlGr,灰色 品牌01 1800 抽屉柜（滑动式）,抽屉柜,品牌01,1800,滑动式,灰色,8*1*1,8,CF13A,亚历克斯,出库,30039,拣货
DrTE90SlGr,灰色 品牌04 900 抽屉柜（滑动式）,抽屉柜,品牌04,900,滑动式,灰色,8*1*1,7,AS78B,克里斯,出库,30090,拣货
MoHc35ErBl,黑色 品牌09 350 鼠标（人体工学）,鼠标,品牌09,350,人体工学,黑色,16*10*1,131,CV01F,约翰,出库,30017,拣货
GaAESLePi,粉色 品牌05 小号 游戏椅（皮革）,游戏椅,品牌05,小号,皮革,粉色,16*1*1,16,BR18A,迈克,出库,30092,拣货
AlRe178GGr,灰色 品牌14 17英寸 一体机（8吉字节内存）,一体机,品牌14,17英寸,8吉字节内存,灰色,16*1*1,1,DZ33B,简,出库,30054,拣货
NoGrA4liGr,灰色 品牌18 四号纸 笔记本（线条）,笔记本,品牌18,四号纸,线条,灰色,48*10*5,2400,AN09E,艾米,出库,30068,拣货
GaXEMHeGr,灰色 品牌06 中号 游戏椅（头枕）,游戏椅,品牌06,中号,头枕,灰色,16*1*1,3,BT24E,艾米丽,出库,30056,拣货
AlSu14i5Bl,黑色 品牌11 14英寸 一体机（第5代处理器）,一体机,品牌11,14英寸,第5代处理器,黑色,16*1*1,14,CX85H,亚历克斯,出库,30017,拣货
TaCI18AdBl,黑色 品牌27 1800 桌子（可调节）,桌子,品牌27,1800,可调节,黑色,8*1*1,5,CV08A,迈克,出库,30079,拣货
LaOv158GWh,白色 品牌13 15英寸 笔记本电脑（8吉字节内存）,笔记本电脑,品牌13,15英寸,8吉字节内存,白色,16*1*1,13,CI75G,大卫,出库,30039,拣货
PeNa24SoGr,灰色 品牌23 24 铅笔（可溶性）,铅笔,品牌23,24,可溶性,灰色,48*10*5,2400,BY62G,约翰,出库,30075,拣货
AlOv1716Bl,黑色 品牌13 17英寸 一体机（16吉字节内存）,一体机,品牌13,17英寸,16吉字节内存,黑色,16*1*1,16,BN80D,克里斯,出库,30015,拣货
CaRG12FiWh,白色 品牌03 1200 文件柜（文件收纳）,文件柜,品牌03,1200,文件收纳,白色,8*1*1,8,BQ98B,迈克,出库,30020,拣货
TVEs50S4Gr,灰色 品牌32 50英寸 电视机（超级超高清）,电视机,品牌32,50英寸,超级超高清,灰色,8*1*1,7,DX39H,莎拉,出库,30051,拣货
TVYn42SFWh,白色 品牌15 42英寸 电视机（超级全高清）,电视机,品牌15,42英寸,超级全高清,白色,8*1*1,8,CU92G,克里斯,出库,30035,拣货
KeSu45BlBl,黑色 品牌11 450 键盘（蓝牙）,键盘,品牌11,450,蓝牙,黑色,16*10*1,160,AX46F,大卫,出库,30004,拣货
LaOv14i5Wh,白色 品牌13 14英寸 笔记本电脑（第5代处理器）,笔记本电脑,品牌13,14英寸,第5代处理器,白色,16*1*1,16,AO55B,艾米,出库,30036,拣货
PrReA3WiGr,灰色 品牌24 三号纸 打印机（无线网络）,打印机,品牌24,三号纸,无线网络,灰色,16*1*1,16,AX94E,艾米,出库,30023,拣货
NoScA3doBl,黑色 品牌17 三号纸 笔记本（点阵）,笔记本,品牌17,三号纸,点阵,黑色,48*10*5,2400,CP39F,艾米丽,出库,30036,拣货
OfOGLAdGr,灰色 品牌07 大号 办公椅（可调节）,办公椅,品牌07,大号,可调节,灰色,16*1*1,16,BZ50F,大卫,出库,30027,拣货
AlRe14i7Gr,灰色 品牌14 14英寸 一体机（第7代处理器）,一体机,品牌14,14英寸,第7代处理器,灰色,16*1*1,16,BN08H,迈克,出库,30048,拣货
KeSu45ErPi,粉色 品牌11 450 键盘（人体工学）,键盘,品牌11,450,人体工学,粉色,16*10*1,16,DY57E,简,出库,30058,拣货
PrReA2WiWh,白色 品牌24 二号纸 打印机（无线网络）,打印机,品牌24,二号纸,无线网络,白色,16*1*1,6,DL51E,莎拉,出库,30067,拣货
DrWE18DoWh,白色 品牌02 1800 抽屉柜（带门式）,抽屉柜,品牌02,1800,带门式,白色,8*1*1,8,DN28G,迈克,出库,30056,拣货
LaOv1432Wh,白色 品牌13 14英寸 笔记本电脑（32吉字节内存）,笔记本电脑,品牌13,14英寸,32吉字节内存,白色,16*1*1,8,AL04C,迈克,出库,30051,拣货
CuTE18SlBe,米色 品牌04 1800 储物柜（滑动式）,储物柜,品牌04,1800,滑动式,米色,8*1*1,8,BN85E,艾米丽,出库,30039,拣货
DrQE18FiBe,米色 品牌01 1800 抽屉柜（文件收纳）,抽屉柜,品牌01,1800,文件收纳,米色,8*1*1,3,AW71F,亚历克斯,出库,30075,拣货
PeAl24SoPi,粉色 品牌20 24 铅笔（可溶性）,铅笔,品牌20,24,可溶性,粉色,48*10*5,2400,BH86E,莎拉,出库,30057,拣货
MoPH45MeWh,白色 品牌12 450 鼠标（机械式）,鼠标,品牌12,450,机械式,白色,16*10*1,160,CZ05B,艾米,出库,30004,拣货
LaRe1416Gr,灰色 品牌14 14英寸 笔记本电脑（16吉字节内存）,笔记本电脑,品牌14,14英寸,16吉字节内存,灰色,16*1*1,16,CU75G,莎拉,出库,30093,拣货
PeGi24HeWh,白色 品牌21 24 铅笔（六角形）,铅笔,品牌21,24,六角形,白色,48*10*5,2400,BS81F,艾米丽,出库,30013,拣货
TaAE18FrBl,黑色 品牌05 1800 桌子（框架式）,桌子,品牌05,1800,框架式,黑色,8*1*1,7,CW57H,劳拉,出库,30077,拣货
LaSu1416Bl,黑色 品牌11 14英寸 笔记本电脑（16吉字节内存）,笔记本电脑,品牌11,14英寸,16吉字节内存,黑色,16*1*1,16,DV52B,克里斯,出库,30007,拣货
KePH35MeBl,黑色 品牌12 350 键盘（机械式）,键盘,品牌12,350,机械式,黑色,16*10*1,160,BZ80G,克里斯,出库,30045,拣货
MoRe27MeNa,藏青色 品牌10 270 鼠标（机械式）,鼠标,品牌10,270,机械式,藏青色,16*10*1,160,CJ30H,约翰,出库,30005,拣货
TVYn32SFSi,银色 品牌15 32英寸 电视机（超级全高清）,电视机,品牌15,32英寸,超级全高清,银色,8*1*1,8,AR95A,克里斯,出库,30056,拣货
GaXELAdPi,粉色 品牌06 大号 游戏椅（可调节）,游戏椅,品牌06,大号,可调节,粉色,16*1*1,16,AN38H,艾米丽,出库,30016,拣货
KeHc35WiPi,粉色 品牌09 350 键盘（有线）,键盘,品牌09,350,有线,粉色,16*10*1,160,CZ78H,克里斯,出库,30017,拣货
CaRG18LoWh,白色 品牌03 1800 文件柜（储物锁柜）,文件柜,品牌03,1800,储物锁柜,白色,8*1*1,8,CL13F,莎拉,出库,30029,拣货
PeGi50WaBl,黑色 品牌21 50 铅笔（水彩）,铅笔,品牌21,50,水彩,黑色,48*10*5,2400,BW92B,艾米,出库,30005,拣货
GaOGSErWh,白色 品牌07 小号 游戏椅（人体工学）,游戏椅,品牌07,小号,人体工学,白色,16*1*1,12,AN03B,艾米丽,出库,30001,拣货
TaCI15WoBl,黑色 品牌27 1500 桌子（工作站）,桌子,品牌27,1500,工作站,黑色,8*1*1,5,CJ32H,艾米,出库,30032,拣货
KeRe45ErBl,黑色 品牌10 450 键盘（人体工学）,键盘,品牌10,450,人体工学,黑色,16*10*1,160,AO71D,亚历克斯,出库,30003,拣货
AlRe1516Si,银色 品牌14 15英寸 一体机（16吉字节内存）,一体机,品牌14,15英寸,16吉字节内存,银色,16*1*1,16,AR77F,亚历克斯,出库,30070,拣货
DrQE12DoBl,黑色 品牌01 1200 抽屉柜（带门式）,抽屉柜,品牌01,1200,带门式,黑色,8*1*1,7,CJ96C,莎拉,出库,30056,拣货
CaTE18DoBl,黑色 品牌04 1800 文件柜（带门式）,文件柜,品牌04,1800,带门式,黑色,8*1*1,8,DR60A,迈克,出库,30080,拣货
AlSu15i5Si,银色 品牌11 15英寸 一体机（第5代处理器）,一体机,品牌11,15英寸,第5代处理器,银色,16*1*1,13,AO07A,艾米丽,出库,30073,拣货
TVEs42FHBl,黑色 品牌32 42英寸 电视机（全高清）,电视机,品牌32,42英寸,全高清,黑色,8*1*1,8,CJ61D,简,出库,30094,拣货
PrReA2InGr,灰色 品牌24 二号纸 打印机（喷墨）,打印机,品牌24,二号纸,喷墨,灰色,16*1*1,16,BN41G,简,出库,30055,拣货
AlSu17i7Wh,白色 品牌11 17英寸 一体机（第7代处理器）,一体机,品牌11,17英寸,第7代处理器,白色,16*1*1,16,BQ20G,约翰,出库,30093,拣货
CuTE12LoBl,黑色 品牌04 1200 储物柜（储物锁柜）,储物柜,品牌04,1200,储物锁柜,黑色,8*1*1,8,CV50D,劳拉,出库,30020,拣货
PeRe24WaGr,灰色 品牌22 24 铅笔（水彩）,铅笔,品牌22,24,水彩,灰色,48*10*5,2400,AZ05G,简,出库,30080,拣货
PrReA4InGr,灰色 品牌24 四号纸 打印机（喷墨）,打印机,品牌24,四号纸,喷墨,灰色,16*1*1,14,AY70E,亚历克斯,出库,30074,拣货
AlRe1532Gr,灰色 品牌14 15英寸 一体机（32吉字节内存）,一体机,品牌14,15英寸,32吉字节内存,灰色,16*1*1,12,CI33C,约翰,出库,30046,拣货
GaOGLHeGr,灰色 品牌07 大号 游戏椅（头枕）,游戏椅,品牌07,大号,头枕,灰色,16*1*1,16,DT85F,亚历克斯,出库,30021,拣货
CuQE90LoBl,黑色 品牌01 900 储物柜（储物锁柜）,储物柜,品牌01,900,储物锁柜,黑色,8*1*1,8,BQ28H,约翰,出库,30087,拣货
AlYn17i7Bl,黑色 品牌15 17英寸 一体机（第7代处理器）,一体机,品牌15,17英寸,第7代处理器,黑色,16*1*1,14,DQ11D,简,出库,30057,拣货
PrPHA3WiGr,灰色 品牌12 三号纸 打印机（无线网络）,打印机,品牌12,三号纸,无线网络,灰色,16*1*1,16,BR20G,迈克,出库,30019,拣货
SPAl50HePi,粉色 品牌20 50 触控笔（六角形）,触控笔,品牌20,50,六角形,粉色,48*10*5,2072,BF09A,劳拉,出库,30016,拣货
GaXEMLeGr,灰色 品牌06 中号 游戏椅（皮革）,游戏椅,品牌06,中号,皮革,灰色,16*1*1,16,CP55E,亚历克斯,出库,30081,拣货
PeAl12WaPi,粉色 品牌20 12 铅笔（水彩）,铅笔,品牌20,12,水彩,粉色,48*10*5,2400,DR57A,约翰,出库,30032,拣货
OfSELHeGr,灰色 品牌08 大号 办公椅（头枕）,办公椅,品牌08,大号,头枕,灰色,16*1*1,16,DH56C,艾米,出库,30051,拣货
AlYn15i7Gr,灰色 品牌15 15英寸 一体机（第7代处理器）,一体机,品牌15,15英寸,第7代处理器,灰色,16*1*1,16,DS31E,莎拉,出库,30049,拣货
LaSu17i5Si,银色 品牌11 17英寸 笔记本电脑（第5代处理器）,笔记本电脑,品牌11,17英寸,第5代处理器,银色,16*1*1,10,BW50A,莎拉,出库,30061,拣货
OfOGSLeBl,黑色 品牌07 小号 办公椅（皮革）,办公椅,品牌07,小号,皮革,黑色,16*1*1,16,DJ11H,劳拉,出库,30056,拣货
CaQE18DoWh,白色 品牌01 1800 文件柜（带门式）,文件柜,品牌01,1800,带门式,白色,8*1*1,8,BR60E,简,出库,30039,拣货
MoRe35ErNa,藏青色 品牌10 350 鼠标（人体工学）,鼠标,品牌10,350,人体工学,藏青色,16*10*1,160,BJ97F,克里斯,出库,30003,拣货
OfOGLErPi,粉色 品牌07 大号 办公椅（人体工学）,办公椅,品牌07,大号,人体工学,粉色,16*1*1,16,BO80C,劳拉,出库,30097,拣货
PrReA4AlMi,混合色 品牌24 四号纸 打印机（一体式）,打印机,品牌24,四号纸,一体式,混合色,16*1*1,1,AU95G,艾米丽,出库,30005,拣货
AlRe158GGr,灰色 品牌14 15英寸 一体机（8吉字节内存）,一体机,品牌14,15英寸,8吉字节内存,灰色,16*1*1,6,DJ48A,劳拉,出库,30076,拣货
DrTE12SlWh,白色 品牌04 1200 抽屉柜（滑动式）,抽屉柜,品牌04,1200,滑动式,白色,8*1*1,8,DM65F,约翰,出库,30046,拣货
KeSu45MeBl,黑色 品牌11 450 键盘（机械式）,键盘,品牌11,450,机械式,黑色,16*10*1,9,DL28E,简,出库,30048,拣货
NoGrA5ruBl,黑色 品牌18 五号纸 笔记本（横线）,笔记本,品牌18,五号纸,横线,黑色,48*10*5,820,AN21F,迈克,出库,30024,拣货
PrNoA3LaWh,白色 品牌26 三号纸 打印机（激光）,打印机,品牌26,三号纸,激光,白色,16*1*1,1,CF36A,莎拉,出库,30008,拣货
GaXELHePi,粉色 品牌06 大号 游戏椅（头枕）,游戏椅,品牌06,大号,头枕,粉色,16*1*1,16,BS90F,简,出库,30026,拣货
GaOGSLeWh,白色 品牌07 小号 游戏椅（皮革）,游戏椅,品牌07,小号,皮革,白色,16*1*1,16,BF04F,亚历克斯,出库,30024,拣货
DrTE90SlBl,黑色 品牌04 900 抽屉柜（滑动式）,抽屉柜,品牌04,900,滑动式,黑色,8*1*1,8,CQ74B,简,出库,30007,拣货
CuQE18LoBl,黑色 品牌01 1800 储物柜（储物锁柜）,储物柜,品牌01,1800,储物锁柜,黑色,8*1*1,6,BV36H,简,出库,30063,拣货
KePH27ErPi,粉色 品牌12 270 键盘（人体工学）,键盘,品牌12,270,人体工学,粉色,16*10*1,160,CO69H,克里斯,出库,30099,拣货
MoHc35ErPi,粉色 品牌09 350 鼠标（人体工学）,鼠标,品牌09,350,人体工学,粉色,16*10*1,135,DX92B,亚历克斯,出库,30002,拣货
TaCI18FrWh,白色 品牌27 1800 桌子（框架式）,桌子,品牌27,1800,框架式,白色,8*1*1,3,CM94A,克里斯,出库,30052,拣货
LaYn14i7Gr,灰色 品牌15 14英寸 笔记本电脑（第7代处理器）,笔记本电脑,品牌15,14英寸,第7代处理器,灰色,16*1*1,16,DG80B,莎拉,出库,30034,拣货
TVEs324KSi,银色 品牌32 32英寸 电视机（超高清）,电视机,品牌32,32英寸,超高清,银色,8*1*1,8,DJ57H,莎拉,出库,30001,拣货
LaYn1532Si,银色 品牌15 15英寸 笔记本电脑（32吉字节内存）,笔记本电脑,品牌15,15英寸,32吉字节内存,银色,16*1*1,7,DF40C,克里斯,出库,30020,拣货
PeGi24HeBl,黑色 品牌21 24 铅笔（六角形）,铅笔,品牌21,24,六角形,黑色,48*10*5,1665,CZ10H,大卫,出库,30021,拣货
CaRG18FiGr,灰色 品牌03 1800 文件柜（文件收纳）,文件柜,品牌03,1800,文件收纳,灰色,8*1*1,8,BF14G,大卫,出库,30078,拣货
OfOGMAdBl,黑色 品牌07 中号 办公椅（可调节）,办公椅,品牌07,中号,可调节,黑色,16*1*1,13,AI33G,简,出库,30098,拣货
MoHc35MeNa,藏青色 品牌09 350 鼠标（机械式）,鼠标,品牌09,350,机械式,藏青色,16*10*1,139,AH31B,艾米丽,出库,30015,拣货
PeGi50WaGr,灰色 品牌21 50 铅笔（水彩）,铅笔,品牌21,50,水彩,灰色,48*10*5,2104,BP13D,亚历克斯,出库,30023,拣货
PeNa50SoWh,白色 品牌23 50 铅笔（可溶性）,铅笔,品牌23,50,可溶性,白色,48*10*5,2400,DH30E,劳拉,出库,30043,拣货
TVGn32FHWh,白色 品牌30 32英寸 电视机（全高清）,电视机,品牌30,32英寸,全高清,白色,8*1*1,6,AK35H,艾米丽,出库,30053,拣货
NoExA4liBl,黑色 品牌16 四号纸 笔记本（线条）,笔记本,品牌16,四号纸,线条,黑色,48*10*5,1212,DN12D,迈克,出库,30045,拣货
GaOGMAdGr,灰色 品牌07 中号 游戏椅（可调节）,游戏椅,品牌07,中号,可调节,灰色,16*1*1,10,AM31B,艾米丽,出库,30037,拣货
AlRe1532Bl,黑色 品牌14 15英寸 一体机（32吉字节内存）,一体机,品牌14,15英寸,32吉字节内存,黑色,16*1*1,16,DH91A,迈克,出库,30051,拣货
LaRe178GSi,银色 品牌14 17英寸 笔记本电脑（8吉字节内存）,笔记本电脑,品牌14,17英寸,8吉字节内存,银色,16*1*1,1,BP84E,艾米,出库,30028,拣货
PeRe12SoWh,白色 品牌22 12 铅笔（可溶性）,铅笔,品牌22,12,可溶性,白色,48*10*5,2400,BL54E,艾米丽,出库,30002,拣货
MoSu45ErWh,白色 品牌11 450 鼠标（人体工学）,鼠标,品牌11,450,人体工学,白色,16*10*1,90,BT92B,约翰,出库,30067,拣货
TVGn324KGr,灰色 品牌30 32英寸 电视机（超高清）,电视机,品牌30,32英寸,超高清,灰色,8*1*1,8,DG09F,莎拉,出库,30033,拣货
SPGi50SoBl,黑色 品牌21 50 触控笔（可溶性）,触控笔,品牌21,50,可溶性,黑色,48*10*5,2400,AQ94D,简,出库,30003,拣货
LaSu1516Gr,灰色 品牌11 15英寸 笔记本电脑（16吉字节内存）,笔记本电脑,品牌11,15英寸,16吉字节内存,灰色,16*1*1,15,DS76D,劳拉,出库,30002,拣货
AlRe1516Gr,灰色 品牌14 15英寸 一体机（16吉字节内存）,一体机,品牌14,15英寸,16吉字节内存,灰色,16*1*1,16,DU22B,莎拉,出库,30034,拣货
PeNa50SoWh,白色 品牌23 50 铅笔（可溶性）,铅笔,品牌23,50,可溶性,白色,48*10*5,2400,DL89B,莎拉,出库,30083,拣货
TVEs654KSi,银色 品牌32 65英寸 电视机（超高清）,电视机,品牌32,65英寸,超高清,银色,8*1*1,8,DM34E,艾米丽,出库,30041,拣货
TaTR15AuWh,白色 品牌28 1500 桌子（自动调节）,桌子,品牌28,1500,自动调节,白色,8*1*1,8,CZ87H,艾米,出库,30039,拣货
CaRG90SlBe,米色 品牌03 900 文件柜（滑动式）,文件柜,品牌03,900,滑动式,米色,8*1*1,8,AQ22F,艾米丽,出库,30026,拣货
LaSu17i7Gr,灰色 品牌11 17英寸 笔记本电脑（第7代处理器）,笔记本电脑,品牌11,17英寸,第7代处理器,灰色,16*1*1,16,AT82D,亚历克斯,出库,30076,拣货
SPRe24SoPi,粉色 品牌22 24 触控笔（可溶性）,触控笔,品牌22,24,可溶性,粉色,48*10*5,2400,AJ46A,劳拉,出库,30082,拣货
LaRe14i5Gr,灰色 品牌14 14英寸 笔记本电脑（第5代处理器）,笔记本电脑,品牌14,14英寸,第5代处理器,灰色,16*1*1,16,BX19D,简,出库,30062,拣货
PrSoA3WiGr,灰色 品牌25 三号纸 打印机（无线网络）,打印机,品牌25,三号纸,无线网络,灰色,16*1*1,16,CN75D,亚历克斯,出库,30071,拣货
NoMuA4doSi,银色 品牌19 四号纸 笔记本（点阵）,笔记本,品牌19,四号纸,点阵,银色,48*10*5,1727,BO52C,简,出库,30079,拣货
OfAELLePi,粉色 品牌05 大号 办公椅（皮革）,办公椅,品牌05,大号,皮革,粉色,16*1*1,8,CI75F,劳拉,出库,30032,拣货
DrTE12SlBe,米色 品牌04 1200 抽屉柜（滑动式）,抽屉柜,品牌04,1200,滑动式,米色,8*1*1,4,AU48B,艾米丽,出库,30032,拣货
PrSoA3AlWh,白色 品牌25 三号纸 打印机（一体式）,打印机,品牌25,三号纸,一体式,白色,16*1*1,16,CG29A,大卫,出库,30043,拣货
GaOGMHeBl,黑色 品牌07 中号 游戏椅（头枕）,游戏椅,品牌07,中号,头枕,黑色,16*1*1,11,DH79H,劳拉,出库,30079,拣货
TVYn65SFGr,灰色 品牌15 65英寸 电视机（超级全高清）,电视机,品牌15,65英寸,超级全高清,灰色,8*1*1,2,CS70B,莎拉,出库,30006,拣货
CuWE18FiGr,灰色 品牌02 1800 储物柜（文件收纳）,储物柜,品牌02,1800,文件收纳,灰色,8*1*1,3,BS43E,简,出库,30000,拣货
AlOv178GWh,白色 品牌13 17英寸 一体机（8吉字节内存）,一体机,品牌13,17英寸,8吉字节内存,白色,16*1*1,16,DF62E,艾米,出库,30054,拣货
CaQE18DoWh,白色 品牌01 1800 文件柜（带门式）,文件柜,品牌01,1800,带门式,白色,8*1*1,8,CP23E,大卫,出库,30009,拣货
PeAl24SoWh,白色 品牌20 24 铅笔（可溶性）,铅笔,品牌20,24,可溶性,白色,48*10*5,2296,AV79H,大卫,出库,30069,拣货
GaXESErWh,白色 品牌06 小号 游戏椅（人体工学）,游戏椅,品牌06,小号,人体工学,白色,16*1*1,16,AW44H,迈克,出库,30017,拣货
AlOv17i5Bl,黑色 品牌13 17英寸 一体机（第5代处理器）,一体机,品牌13,17英寸,第5代处理器,黑色,16*1*1,15,CP01G,简,出库,30002,拣货
KeSu45MeNa,藏青色 品牌11 450 键盘（机械式）,键盘,品牌11,450,机械式,藏青色,16*10*1,125,CR10H,约翰,出库,30017,拣货
CaQE90DoBe,米色 品牌01 900 文件柜（带门式）,文件柜,品牌01,900,带门式,米色,8*1*1,8,AG50B,简,出库,30046,拣货
AlRe1732Si,银色 品牌14 17英寸 一体机（32吉字节内存）,一体机,品牌14,17英寸,32吉字节内存,银色,16*1*1,13,DN38D,亚历克斯,出库,30088,拣货
LaSu14i7Wh,白色 品牌11 14英寸 笔记本电脑（第7代处理器）,笔记本电脑,品牌11,14英寸,第7代处理器,白色,16*1*1,16,BF49F,克里斯,出库,30026,拣货
PrSoA4LaGr,灰色 品牌25 四号纸 打印机（激光）,打印机,品牌25,四号纸,激光,灰色,16*1*1,4,BI59C,克里斯,出库,30094,拣货
TVGL42SFWh,白色 品牌31 42英寸 电视机（超级全高清）,电视机,品牌31,42英寸,超级全高清,白色,8*1*1,8,BK35A,克里斯,出库,30065,拣货
LaSu14i5Si,银色 品牌11 14英寸 笔记本电脑（第5代处理器）,笔记本电脑,品牌11,14英寸,第5代处理器,银色,16*1*1,16,DL80B,艾米丽,出库,30033,拣货
SPNa12WaBl,黑色 品牌23 12 触控笔（水彩）,触控笔,品牌23,12,水彩,黑色,48*10*5,2400,DL67A,艾米丽,出库,30008,拣货
TVGn50FHSi,银色 品牌30 50英寸 电视机（全高清）,电视机,品牌30,50英寸,全高清,银色,8*1*1,8,BK31C,简,出库,30091,拣货
SPAl24HeGr,灰色 品牌20 24 触控笔（六角形）,触控笔,品牌20,24,六角形,灰色,48*10*5,2400,AU45F,艾米丽,出库,30067,拣货
LaRe1432Wh,白色 品牌14 14英寸 笔记本电脑（32吉字节内存）,笔记本电脑,品牌14,14英寸,32吉字节内存,白色,16*1*1,16,BN09A,艾米,出库,30020,拣货
TVEs50FHSi,银色 品牌32 50英寸 电视机（全高清）,电视机,品牌32,50英寸,全高清,银色,8*1*1,5,CO97E,大卫,出库,30029,拣货
MoPH27WiWh,白色 品牌12 270 鼠标（有线）,鼠标,品牌12,270,有线,白色,16*10*1,160,AQ48B,艾米丽,出库,30096,拣货
NoGrA5doGr,灰色 品牌18 五号纸 笔记本（点阵）,笔记本,品牌18,五号纸,点阵,灰色,48*10*5,1751,AU89A,艾米丽,出库,30056,拣货
SPGi24WaBl,黑色 品牌21 24 触控笔（水彩）,触控笔,品牌21,24,水彩,黑色,48*10*5,2400,DI87B,莎拉,出库,30028,拣货
AlYn1432Bl,黑色 品牌15 14英寸 一体机（32吉字节内存）,一体机,品牌15,14英寸,32吉字节内存,黑色,16*1*1,12,AX92F,艾米,出库,30005,拣货
KeHc27ErWh,白色 品牌09 270 键盘（人体工学）,键盘,品牌09,270,人体工学,白色,16*10*1,153,DN77G,迈克,出库,30027,拣货
CuWE90DoBe,米色 品牌02 900 储物柜（带门式）,储物柜,品牌02,900,带门式,米色,8*1*1,3,CZ49A,约翰,出库,30017,拣货
MoSu35WiNa,藏青色 品牌11 350 鼠标（有线）,鼠标,品牌11,350,有线,藏青色,16*10*1,160,CO34E,劳拉,出库,30000,拣货
CaRG12LoWh,白色 品牌03 1200 文件柜（储物锁柜）,文件柜,品牌03,1200,储物锁柜,白色,8*1*1,8,CW73B,艾米,出库,30023,拣货
KePH45ErNa,藏青色 品牌12 450 键盘（人体工学）,键盘,品牌12,450,人体工学,藏青色,16*10*1,90,DW81G,克里斯,出库,30012,拣货
PrSoA2LaGr,灰色 品牌25 二号纸 打印机（激光）,打印机,品牌25,二号纸,激光,灰色,16*1*1,16,CQ35A,艾米,出库,30038,拣货
PeNa24HeGr,灰色 品牌23 24 铅笔（六角形）,铅笔,品牌23,24,六角形,灰色,48*10*5,386,AW74A,简,出库,30092,拣货
PrNoA4LaWh,白色 品牌26 四号纸 打印机（激光）,打印机,品牌26,四号纸,激光,白色,16*1*1,12,DU14H,迈克,出库,30039,拣货
TaTR15WoWh,白色 品牌29 1500 桌子（工作站）,桌子,品牌29,1500,工作站,白色,8*1*1,8,DK16E,莎拉,出库,30031,拣货
CuTE90LoWh,白色 品牌04 900 储物柜（储物锁柜）,储物柜,品牌04,900,储物锁柜,白色,8*1*1,3,BL25D,艾米,出库,30004,拣货
DrQE12SlGr,灰色 品牌01 1200 抽屉柜（滑动式）,抽屉柜,品牌01,1200,滑动式,灰色,8*1*1,8,BX07C,艾米丽,出库,30022,拣货
PrNoA4AlGr,灰色 品牌26 四号纸 打印机（一体式）,打印机,品牌26,四号纸,一体式,灰色,16*1*1,5,BV02F,劳拉,出库,30045,拣货
TVGn42SFBl,黑色 品牌30 42英寸 电视机（超级全高清）,电视机,品牌30,42英寸,超级全高清,黑色,8*1*1,1,BY01H,迈克,出库,30021,拣货
DrQE90FiBl,黑色 品牌01 900 抽屉柜（文件收纳）,抽屉柜,品牌01,900,文件收纳,黑色,8*1*1,8,CU07H,亚历克斯,出库,30084,拣货
DrQE90DoBe,米色 品牌01 900 抽屉柜（带门式）,抽屉柜,品牌01,900,带门式,米色,8*1*1,4,CR89B,简,出库,30022,拣货
DrWE18LoGr,灰色 品牌02 1800 抽屉柜（储物锁柜）,抽屉柜,品牌02,1800,储物锁柜,灰色,8*1*1,8,DK89A,大卫,出库,30056,拣货
TaTR15WoGr,灰色 品牌29 1500 桌子（工作站）,桌子,品牌29,1500,工作站,灰色,8*1*1,7,AU19B,迈克,出库,30089,拣货
OfAELErBl,黑色 品牌05 大号 办公椅（人体工学）,办公椅,品牌05,大号,人体工学,黑色,16*1*1,4,DQ55C,艾米,出库,30028,拣货
AlYn1432Bl,黑色 品牌15 14英寸 一体机（32吉字节内存）,一体机,品牌15,14英寸,32吉字节内存,黑色,16*1*1,16,BZ32H,简,出库,30018,拣货
TVGn42SFWh,白色 品牌30 42英寸 电视机（超级全高清）,电视机,品牌30,42英寸,超级全高清,白色,8*1*1,8,BX52D,简,出库,30052,拣货
NoGrA4ruBl,黑色 品牌18 四号纸 笔记本（横线）,笔记本,品牌18,四号纸,横线,黑色,48*10*5,2400,AM06C,约翰,出库,30086,拣货
NoMuA5liBl,黑色 品牌19 五号纸 笔记本（线条）,笔记本,品牌19,五号纸,线条,黑色,48*10*5,2400,BH54F,克里斯,出库,30003,拣货
AlSu1732Wh,白色 品牌11 17英寸 一体机（32吉字节内存）,一体机,品牌11,17英寸,32吉字节内存,白色,16*1*1,12,DF50F,大卫,出库,30029,拣货
PeGi50HeGr,灰色 品牌21 50 铅笔（六角形）,铅笔,品牌21,50,六角形,灰色,48*10*5,2400,AW24C,艾米,出库,30042,拣货
DrTE90SlBl,黑色 品牌04 900 抽屉柜（滑动式）,抽屉柜,品牌04,900,滑动式,黑色,8*1*1,7,CX38C,迈克,出库,30041,拣货
AlSu15i5Wh,白色 品牌11 15英寸 一体机（第5代处理器）,一体机,品牌11,15英寸,第5代处理器,白色,16*1*1,16,BL11B,亚历克斯,出库,30082,拣货
GaSESAdWh,白色 品牌08 小号 游戏椅（可调节）,游戏椅,品牌08,小号,可调节,白色,16*1*1,14,BT13E,简,出库,30036,拣货
TaCI18AdSi,银色 品牌27 1800 桌子（可调节）,桌子,品牌27,1800,可调节,银色,8*1*1,5,BV77G,简,出库,30059,拣货
CaQE12FiBe,米色 品牌01 1200 文件柜（文件收纳）,文件柜,品牌01,1200,文件收纳,米色,8*1*1,8,DI06H,艾米,出库,30036,拣货
MoRe27ErPi,粉色 品牌10 270 鼠标（人体工学）,鼠标,品牌10,270,人体工学,粉色,16*10*1,160,CQ45H,莎拉,出库,30051,拣货
LaSu14i7Wh,白色 品牌11 14英寸 笔记本电脑（第7代处理器）,笔记本电脑,品牌11,14英寸,第7代处理器,白色,16*1*1,5,BU48H,艾米,出库,30081,拣货
TVEs654KBl,黑色 品牌32 65英寸 电视机（超高清）,电视机,品牌32,65英寸,超高清,黑色,8*1*1,8,BJ96B,亚历克斯,出库,30044,拣货
AlSu17i5Gr,灰色 品牌11 17英寸 一体机（第5代处理器）,一体机,品牌11,17英寸,第5代处理器,灰色,16*1*1,16,DY23G,迈克,出库,30027,拣货
CuTE90FiBl,黑色 品牌04 900 储物柜（文件收纳）,储物柜,品牌04,900,文件收纳,黑色,8*1*1,8,DN14B,艾米,出库,30046,拣货
LaOv1532Bl,黑色 品牌13 15英寸 笔记本电脑（32吉字节内存）,笔记本电脑,品牌13,15英寸,32吉字节内存,黑色,16*1*1,14,CX08E,大卫,出库,30023,拣货
SPNa12WaPi,粉色 品牌23 12 触控笔（水彩）,触控笔,品牌23,12,水彩,粉色,48*10*5,1275,DH63B,简,出库,30081,拣货
TaCI10AuWh,白色 品牌27 1000 桌子（自动调节）,桌子,品牌27,1000,自动调节,白色,8*1*1,8,AW91F,简,出库,30057,拣货
KeRe35ErNa,藏青色 品牌10 350 键盘（人体工学）,键盘,品牌10,350,人体工学,藏青色,16*10*1,160,DH21B,亚历克斯,出库,30047,拣货
TaAE10AuBl,黑色 品牌05 1000 桌子（自动调节）,桌子,品牌05,1000,自动调节,黑色,8*1*1,8,DW58D,迈克,出库,30083,拣货
KeHc27BlNa,藏青色 品牌09 270 键盘（蓝牙）,键盘,品牌09,270,蓝牙,藏青色,16*10*1,160,AX97A,艾米丽,出库,30019,拣货
AlRe15i5Gr,灰色 品牌14 15英寸 一体机（第5代处理器）,一体机,品牌14,15英寸,第5代处理器,灰色,16*1*1,7,DZ77A,约翰,出库,30037,拣货
PeNa50WaPi,粉色 品牌23 50 铅笔（水彩）,铅笔,品牌23,50,水彩,粉色,48*10*5,2400,AV09C,亚历克斯,出库,30098,拣货
CuRG18SlBl,黑色 品牌03 1800 储物柜（滑动式）,储物柜,品牌03,1800,滑动式,黑色,8*1*1,1,DV93B,艾米,出库,30071,拣货
PrReA4WiMi,混合色 品牌24 四号纸 打印机（无线网络）,打印机,品牌24,四号纸,无线网络,混合色,16*1*1,16,BZ40G,简,出库,30059,拣货
PeAl24SoGr,灰色 品牌20 24 铅笔（可溶性）,铅笔,品牌20,24,可溶性,灰色,48*10*5,2400,CO33A,克里斯,出库,30060,拣货
PrReA2MoBl,黑色 品牌24 二号纸 打印机（黑白）,打印机,品牌24,二号纸,黑白,黑色,16*1*1,16,AK61D,约翰,出库,30019,拣货
PeNa24HeBl,黑色 品牌23 24 铅笔（六角形）,铅笔,品牌23,24,六角形,黑色,48*10*5,128,DX41G,克里斯,出库,30083,拣货
CaTE18SlBe,米色 品牌04 1800 文件柜（滑动式）,文件柜,品牌04,1800,滑动式,米色,8*1*1,8,DM02B,艾米丽,出库,30094,拣货
CaRG18SlGr,灰色 品牌03 1800 文件柜（滑动式）,文件柜,品牌03,1800,滑动式,灰色,8*1*1,8,BW64F,艾米,出库,30091,拣货
TVGL75S4Gr,灰色 品牌31 75英寸 电视机（超级超高清）,电视机,品牌31,75英寸,超级超高清,灰色,8*1*1,8,BP15E,约翰,出库,30024,拣货
MoSu35ErWh,白色 品牌11 350 鼠标（人体工学）,鼠标,品牌11,350,人体工学,白色,16*10*1,15,AM53H,艾米丽,出库,30051,拣货
LaPH1516Bl,黑色 品牌12 15英寸 笔记本电脑（16吉字节内存）,笔记本电脑,品牌12,15英寸,16吉字节内存,黑色,16*1*1,8,CM49E,迈克,出库,30023,拣货
GaSESHeGr,灰色 品牌08 小号 游戏椅（头枕）,游戏椅,品牌08,小号,头枕,灰色,16*1*1,16,AK42G,约翰,出库,30009,拣货
PrReA3AlGr,灰色 品牌24 三号纸 打印机（一体式）,打印机,品牌24,三号纸,一体式,灰色,16*1*1,16,DQ34B,简,出库,30071,拣货
TaTR18AdGr,灰色 品牌29 1800 桌子（可调节）,桌子,品牌29,1800,可调节,灰色,8*1*1,8,BH87H,艾米,出库,30074,拣货
LaSu14i7Wh,白色 品牌11 14英寸 笔记本电脑（第7代处理器）,笔记本电脑,品牌11,14英寸,第7代处理器,白色,16*1*1,8,AN33A,克里斯,出库,30021,拣货
CaRG12FiGr,灰色 品牌03 1200 文件柜（文件收纳）,文件柜,品牌03,1200,文件收纳,灰色,8*1*1,1,BU91A,大卫,出库,30032,拣货
TVYn42SFGr,灰色 品牌15 42英寸 电视机（超级全高清）,电视机,品牌15,42英寸,超级全高清,灰色,8*1*1,8,CP57D,亚历克斯,出库,30010,拣货
KePH27ErBl,黑色 品牌12 270 键盘（人体工学）,键盘,品牌12,270,人体工学,黑色,16*10*1,160,CL75H,莎拉,出库,30014,拣货
SPAl12SoWh,白色 品牌20 12 触控笔（可溶性）,触控笔,品牌20,12,可溶性,白色,48*10*5,461,AH42B,劳拉,出库,30071,拣货
CaQE18SlBl,黑色 品牌01 1800 文件柜（滑动式）,文件柜,品牌01,1800,滑动式,黑色,8*1*1,6,CI42H,莎拉,出库,30032,拣货
LaOv1532Bl,黑色 品牌13 15英寸 笔记本电脑（32吉字节内存）,笔记本电脑,品牌13,15英寸,32吉字节内存,黑色,16*1*1,16,CJ43F,简,出库,30017,拣货
CuTE90SlBl,黑色 品牌04 900 储物柜（滑动式）,储物柜,品牌04,900,滑动式,黑色,8*1*1,7,DI74F,艾米,出库,30079,拣货
NoExA4liWh,白色 品牌16 四号纸 笔记本（线条）,笔记本,品牌16,四号纸,线条,白色,48*10*5,174,CT32C,约翰,出库,30014,拣货
KeHc27WiWh,白色 品牌09 270 键盘（有线）,键盘,品牌09,270,有线,白色,16*10*1,136,CJ21F,约翰,出库,30055,拣货
AlSu17i7Wh,白色 品牌11 17英寸 一体机（第7代处理器）,一体机,品牌11,17英寸,第7代处理器,白色,16*1*1,16,DJ31A,劳拉,出库,30002,拣货
NoScA5doSi,银色 品牌17 五号纸 笔记本（点阵）,笔记本,品牌17,五号纸,点阵,银色,48*10*5,1517,CP41G,简,出库,30009,拣货
OfOGLAdWh,白色 品牌07 大号 办公椅（可调节）,办公椅,品牌07,大号,可调节,白色,16*1*1,12,BW06B,艾米丽,出库,30007,拣货
DrTE18FiWh,白色 品牌04 1800 抽屉柜（文件收纳）,抽屉柜,品牌04,1800,文件收纳,白色,8*1*1,8,AQ01E,艾米,出库,30020,拣货
SPNa24SoPi,粉色 品牌23 24 触控笔（可溶性）,触控笔,品牌23,24,可溶性,粉色,48*10*5,1268,BG62D,艾米丽,出库,30030,拣货
DrRG90FiBl,黑色 品牌03 900 抽屉柜（文件收纳）,抽屉柜,品牌03,900,文件收纳,黑色,8*1*1,3,BO11E,艾米丽,出库,30046,拣货
GaAELLePi,粉色 品牌05 大号 游戏椅（皮革）,游戏椅,品牌05,大号,皮革,粉色,16*1*1,2,CQ27G,艾米,出库,30009,拣货
LaSu1716Gr,灰色 品牌11 17英寸 笔记本电脑（16吉字节内存）,笔记本电脑,品牌11,17英寸,16吉字节内存,灰色,16*1*1,16,CH51E,艾米,出库,30006,拣货
LaPH17i5Si,银色 品牌12 17英寸 笔记本电脑（第5代处理器）,笔记本电脑,品牌12,17英寸,第5代处理器,银色,16*1*1,16,CY84A,大卫,出库,30002,拣货
SPRe50HeGr,灰色 品牌22 50 触控笔（六角形）,触控笔,品牌22,50,六角形,灰色,48*10*5,2400,CI25G,大卫,出库,30050,拣货
TVEs65FHWh,白色 品牌32 65英寸 电视机（全高清）,电视机,品牌32,65英寸,全高清,白色,8*1*1,8,BW74H,克里斯,出库,30010,拣货
AlRe148GSi,银色 品牌14 14英寸 一体机（8吉字节内存）,一体机,品牌14,14英寸,8吉字节内存,银色,16*1*1,16,CH62G,艾米丽,出库,30018,拣货
PrReA4InMi,混合色 品牌24 四号纸 打印机（喷墨）,打印机,品牌24,四号纸,喷墨,混合色,16*1*1,11,CK36H,莎拉,出库,30098,拣货
TVEs50FHWh,白色 品牌32 50英寸 电视机（全高清）,电视机,品牌32,50英寸,全高清,白色,8*1*1,8,AH92B,约翰,出库,30011,拣货
SPGi50SoWh,白色 品牌21 50 触控笔（可溶性）,触控笔,品牌21,50,可溶性,白色,48*10*5,2400,CW64B,劳拉,出库,30024,拣货
PrNoA3MoGr,灰色 品牌26 三号纸 打印机（黑白）,打印机,品牌26,三号纸,黑白,灰色,16*1*1,7,AY48E,艾米丽,出库,30046,拣货
PrPHA4LaMi,混合色 品牌12 四号纸 打印机（激光）,打印机,品牌12,四号纸,激光,混合色,16*1*1,8,DP59C,亚历克斯,出库,30099,拣货
CuRG12FiWh,白色 品牌03 1200 储物柜（文件收纳）,储物柜,品牌03,1200,文件收纳,白色,8*1*1,8,DQ03C,大卫,出库,30099,拣货
LaYn1432Bl,黑色 品牌15 14英寸 笔记本电脑（32吉字节内存）,笔记本电脑,品牌15,14英寸,32吉字节内存,黑色,16*1*1,16,AH15H,简,出库,30063,拣货
CaRG90FiBe,米色 品牌03 900 文件柜（文件收纳）,文件柜,品牌03,900,文件收纳,米色,8*1*1,2,BJ16E,迈克,出库,30003,拣货
TVEs324KBl,黑色 品牌32 32英寸 电视机（超高清）,电视机,品牌32,32英寸,超高清,黑色,8*1*1,8,DI34C,艾米,出库,30030,拣货
PrSoA2MoBl,黑色 品牌25 二号纸 打印机（黑白）,打印机,品牌25,二号纸,黑白,黑色,16*1*1,1,AL82B,艾米丽,出库,30040,拣货
LaYn14i7Gr,灰色 品牌15 14英寸 笔记本电脑（第7代处理器）,笔记本电脑,品牌15,14英寸,第7代处理器,灰色,16*1*1,16,AX42F,迈克,出库,30055,拣货
PrSoA4WiGr,灰色 品牌25 四号纸 打印机（无线网络）,打印机,品牌25,四号纸,无线网络,灰色,16*1*1,16,BW60H,艾米丽,出库,30097,拣货
TaTR10AdBl,黑色 品牌28 1000 桌子（可调节）,桌子,品牌28,1000,可调节,黑色,8*1*1,8,BG25A,迈克,出库,30034,拣货
GaAEMLeBl,黑色 品牌05 中号 游戏椅（皮革）,游戏椅,品牌05,中号,皮革,黑色,16*1*1,16,AT02C,克里斯,出库,30018,拣货
AlOv17i5Bl,黑色 品牌13 17英寸 一体机（第5代处理器）,一体机,品牌13,17英寸,第5代处理器,黑色,16*1*1,16,DF54E,劳拉,出库,30076,拣货
CaRG90SlBe,米色 品牌03 900 文件柜（滑动式）,文件柜,品牌03,900,滑动式,米色,8*1*1,8,DJ88G,劳拉,出库,30032,拣货
TVYn424KSi,银色 品牌15 42英寸 电视机（超高清）,电视机,品牌15,42英寸,超高清,银色,8*1*1,8,BX64F,克里斯,出库,30010,拣货
CuTE18LoBe,米色 品牌04 1800 储物柜（储物锁柜）,储物柜,品牌04,1800,储物锁柜,米色,8*1*1,8,AM77H,莎拉,出库,30060,拣货
MoPH35ErWh,白色 品牌12 350 鼠标（人体工学）,鼠标,品牌12,350,人体工学,白色,16*10*1,17,DY58G,劳拉,出库,30068,拣货
LaOv148GWh,白色 品牌13 14英寸 笔记本电脑（8吉字节内存）,笔记本电脑,品牌13,14英寸,8吉字节内存,白色,16*1*1,16,DZ69G,大卫,出库,30055,拣货
LaYn15i5Gr,灰色 品牌15 15英寸 笔记本电脑（第5代处理器）,笔记本电脑,品牌15,15英寸,第5代处理器,灰色,16*1*1,16,DG13C,莎拉,出库,30001,拣货
OfXELAdPi,粉色 品牌06 大号 办公椅（可调节）,办公椅,品牌06,大号,可调节,粉色,16*1*1,16,CJ63G,简,出库,30027,拣货
NoGrA5liBl,黑色 品牌18 五号纸 笔记本（线条）,笔记本,品牌18,五号纸,线条,黑色,48*10*5,2400,AI96F,简,出库,30004,拣货
AlRe17i7Si,银色 品牌14 17英寸 一体机（第7代处理器）,一体机,品牌14,17英寸,第7代处理器,银色,16*1*1,5,AT04A,艾米,出库,30046,拣货
PeRe24SoPi,粉色 品牌22 24 铅笔（可溶性）,铅笔,品牌22,24,可溶性,粉色,48*10*5,1440,BV13D,简,出库,30024,拣货
LaOv14i5Bl,黑色 品牌13 14英寸 笔记本电脑（第5代处理器）,笔记本电脑,品牌13,14英寸,第5代处理器,黑色,16*1*1,16,DG64G,艾米,出库,30046,拣货
AlSu148GGr,灰色 品牌11 14英寸 一体机（8吉字节内存）,一体机,品牌11,14英寸,8吉字节内存,灰色,16*1*1,12,BT81H,莎拉,出库,30098,拣货
LaOv14i7Si,银色 品牌13 14英寸 笔记本电脑（第7代处理器）,笔记本电脑,品牌13,14英寸,第7代处理器,银色,16*1*1,16,CU36E,大卫,出库,30019,拣货
KeHc35WiBl,黑色 品牌09 350 键盘（有线）,键盘,品牌09,350,有线,黑色,16*10*1,160,AS52D,约翰,出库,30042,拣货
PrReA2AlGr,灰色 品牌24 二号纸 打印机（一体式）,打印机,品牌24,二号纸,一体式,灰色,16*1*1,16,CO30A,亚历克斯,出库,30054,拣货
AlSu15i7Gr,灰色 品牌11 15英寸 一体机（第7代处理器）,一体机,品牌11,15英寸,第7代处理器,灰色,16*1*1,8,BY06H,大卫,出库,30073,拣货
NoExA4ruGr,灰色 品牌16 四号纸 笔记本（横线）,笔记本,品牌16,四号纸,横线,灰色,48*10*5,1331,AH36C,克里斯,出库,30019,拣货
AlPH1716Gr,灰色 品牌12 17英寸 一体机（16吉字节内存）,一体机,品牌12,17英寸,16吉字节内存,灰色,16*1*1,6,DM79H,大卫,出库,30073,拣货
PeRe24WaPi,粉色 品牌22 24 铅笔（水彩）,铅笔,品牌22,24,水彩,粉色,48*10*5,2400,DH89B,艾米丽,出库,30082,拣货
NoMuA4liBl,黑色 品牌19 四号纸 笔记本（线条）,笔记本,品牌19,四号纸,线条,黑色,48*10*5,2400,BZ81A,艾米丽,出库,30068,拣货
GaXELHePi,粉色 品牌06 大号 游戏椅（头枕）,游戏椅,品牌06,大号,头枕,粉色,16*1*1,16,AL86B,艾米丽,出库,30006,拣货
LaPH178GBl,黑色 品牌12 17英寸 笔记本电脑（8吉字节内存）,笔记本电脑,品牌12,17英寸,8吉字节内存,黑色,16*1*1,8,AI77G,劳拉,出库,30091,拣货
LaPH1416Gr,灰色 品牌12 14英寸 笔记本电脑（16吉字节内存）,笔记本电脑,品牌12,14英寸,16吉字节内存,灰色,16*1*1,2,CZ37D,莎拉,出库,30076,拣货
CuRG90SlGr,灰色 品牌03 900 储物柜（滑动式）,储物柜,品牌03,900,滑动式,灰色,8*1*1,6,DV69H,亚历克斯,出库,30017,拣货
TaTR15FrWh,白色 品牌28 1500 桌子（框架式）,桌子,品牌28,1500,框架式,白色,8*1*1,8,AV89H,大卫,出库,30045,拣货
DrRG12SlWh,白色 品牌03 1200 抽屉柜（滑动式）,抽屉柜,品牌03,1200,滑动式,白色,8*1*1,8,CS15E,克里斯,出库,30009,拣货
PrSoA2AlBl,黑色 品牌25 二号纸 打印机（一体式）,打印机,品牌25,二号纸,一体式,黑色,16*1*1,15,BL05G,简,出库,30066,拣货
LaRe1416Bl,黑色 品牌14 14英寸 笔记本电脑（16吉字节内存）,笔记本电脑,品牌14,14英寸,16吉字节内存,黑色,16*1*1,4,CZ31A,艾米,出库,30023,拣货
OfXESHeWh,白色 品牌06 小号 办公椅（头枕）,办公椅,品牌06,小号,头枕,白色,16*1*1,13,DN58G,克里斯,出库,30016,拣货
LaOv14i5Gr,灰色 品牌13 14英寸 笔记本电脑（第5代处理器）,笔记本电脑,品牌13,14英寸,第5代处理器,灰色,16*1*1,16,BN11H,艾米,出库,30020,拣货
AlRe15i5Gr,灰色 品牌14 15英寸 一体机（第5代处理器）,一体机,品牌14,15英寸,第5代处理器,灰色,16*1*1,16,AP55C,劳拉,出库,30078,拣货
DrTE90DoWh,白色 品牌04 900 抽屉柜（带门式）,抽屉柜,品牌04,900,带门式,白色,8*1*1,8,CY19C,迈克,出库,30087,拣货
PrPHA4MoMi,混合色 品牌12 四号纸 打印机（黑白）,打印机,品牌12,四号纸,黑白,混合色,16*1*1,16,BJ66G,劳拉,出库,30089,拣货
TVGL42SFWh,白色 品牌31 42英寸 电视机（超级全高清）,电视机,品牌31,42英寸,超级全高清,白色,8*1*1,8,BJ52F,亚历克斯,出库,30071,拣货
PrPHA4LaWh,白色 品牌12 四号纸 打印机（激光）,打印机,品牌12,四号纸,激光,白色,16*1*1,8,AL79D,大卫,出库,30020,拣货
NoScA5doBl,黑色 品牌17 五号纸 笔记本（点阵）,笔记本,品牌17,五号纸,点阵,黑色,48*10*5,2400,AW73A,克里斯,出库,30055,拣货
CuQE18FiBe,米色 品牌01 1800 储物柜（文件收纳）,储物柜,品牌01,1800,文件收纳,米色,8*1*1,8,AP96A,劳拉,出库,30005,拣货
TVGn504KGr,灰色 品牌30 50英寸 电视机（超高清）,电视机,品牌30,50英寸,超高清,灰色,8*1*1,8,DR94C,劳拉,出库,30048,拣货
OfAELAdBl,黑色 品牌05 大号 办公椅（可调节）,办公椅,品牌05,大号,可调节,黑色,16*1*1,16,BM64G,艾米,出库,30005,拣货
MoRe45WiWh,白色 品牌10 450 鼠标（有线）,鼠标,品牌10,450,有线,白色,16*10*1,160,CZ35F,莎拉,出库,30017,拣货
CaQE18SlGr,灰色 品牌01 1800 文件柜（滑动式）,文件柜,品牌01,1800,滑动式,灰色,8*1*1,8,DN43C,艾米,出库,30072,拣货
NoGrA5ruBl,黑色 品牌18 五号纸 笔记本（横线）,笔记本,品牌18,五号纸,横线,黑色,48*10*5,2400,CN90F,劳拉,出库,30083,拣货
AlOv1732Gr,灰色 品牌13 17英寸 一体机（32吉字节内存）,一体机,品牌13,17英寸,32吉字节内存,灰色,16*1*1,2,AW42E,艾米,出库,30014,拣货
GaOGLLeGr,灰色 品牌07 大号 游戏椅（皮革）,游戏椅,品牌07,大号,皮革,灰色,16*1*1,9,CR09E,大卫,出库,30074,拣货
LaRe14i7Wh,白色 品牌14 14英寸 笔记本电脑（第7代处理器）,笔记本电脑,品牌14,14英寸,第7代处理器,白色,16*1*1,12,DW80A,劳拉,出库,30022,拣货
TVEs75S4Wh,白色 品牌32 75英寸 电视机（超级超高清）,电视机,品牌32,75英寸,超级超高清,白色,8*1*1,8,AI68G,简,出库,30033,拣货
PeAl12SoGr,灰色 品牌20 12 铅笔（可溶性）,铅笔,品牌20,12,可溶性,灰色,48*10*5,915,AI98F,克里斯,出库,30015,拣货
TaTR15WoGr,灰色 品牌29 1500 桌子（工作站）,桌子,品牌29,1500,工作站,灰色,8*1*1,2,BI94B,莎拉,出库,30039,拣货
PrPHA4InBl,黑色 品牌12 四号纸 打印机（喷墨）,打印机,品牌12,四号纸,喷墨,黑色,16*1*1,16,BU24A,亚历克斯,出库,30004,拣货
PrReA2InGr,灰色 品牌24 二号纸 打印机（喷墨）,打印机,品牌24,二号纸,喷墨,灰色,16*1*1,16,CV82A,约翰,出库,30079,拣货
DrQE18SlWh,白色 品牌01 1800 抽屉柜（滑动式）,抽屉柜,品牌01,1800,滑动式,白色,8*1*1,5,DT89A,莎拉,出库,30097,拣货
GaXELAdBl,黑色 品牌06 大号 游戏椅（可调节）,游戏椅,品牌06,大号,可调节,黑色,16*1*1,16,AY22B,劳拉,出库,30083,拣货
MoSu45MePi,粉色 品牌11 450 鼠标（机械式）,鼠标,品牌11,450,机械式,粉色,16*10*1,160,CN27D,简,出库,30079,拣货
GaAELHePi,粉色 品牌05 大号 游戏椅（头枕）,游戏椅,品牌05,大号,头枕,粉色,16*1*1,16,DF08E,克里斯,出库,30031,拣货
OfSEMErBl,黑色 品牌08 中号 办公椅（人体工学）,办公椅,品牌08,中号,人体工学,黑色,16*1*1,16,CF93C,亚历克斯,出库,30033,拣货
LaYn178GBl,黑色 品牌15 17英寸 笔记本电脑（8吉字节内存）,笔记本电脑,品牌15,17英寸,8吉字节内存,黑色,16*1*1,16,DU27C,亚历克斯,出库,30065,拣货
TVGL65FHGr,灰色 品牌31 65英寸 电视机（全高清）,电视机,品牌31,65英寸,全高清,灰色,8*1*1,8,BL64C,简,出库,30035,拣货
AlPH1716Wh,白色 品牌12 17英寸 一体机（16吉字节内存）,一体机,品牌12,17英寸,16吉字节内存,白色,16*1*1,7,CR67C,亚历克斯,出库,30053,拣货
PrReA3MoMi,混合色 品牌24 三号纸 打印机（黑白）,打印机,品牌24,三号纸,黑白,混合色,16*1*1,16,BU27F,大卫,出库,30079,拣货
SPNa50HeGr,灰色 品牌23 50 触控笔（六角形）,触控笔,品牌23,50,六角形,灰色,48*10*5,978,DO37F,迈克,出库,30011,拣货
PrSoA2LaGr,灰色 品牌25 二号纸 打印机（激光）,打印机,品牌25,二号纸,激光,灰色,16*1*1,2,AN27E,莎拉,出库,30080,拣货
PrReA3AlBl,黑色 品牌24 三号纸 打印机（一体式）,打印机,品牌24,三号纸,一体式,黑色,16*1*1,16,DQ77G,克里斯,出库,30035,拣货
CuWE90SlGr,灰色 品牌02 900 储物柜（滑动式）,储物柜,品牌02,900,滑动式,灰色,8*1*1,8,AX22F,简,出库,30055,拣货
AlSu148GBl,黑色 品牌11 14英寸 一体机（8吉字节内存）,一体机,品牌11,14英寸,8吉字节内存,黑色,16*1*1,16,AJ64H,艾米,出库,30024,拣货
GaXESErWh,白色 品牌06 小号 游戏椅（人体工学）,游戏椅,品牌06,小号,人体工学,白色,16*1*1,16,DW75G,亚历克斯,出库,30012,拣货
PrReA2AlBl,黑色 品牌24 二号纸 打印机（一体式）,打印机,品牌24,二号纸,一体式,黑色,16*1*1,9,BM49G,莎拉,出库,30049,拣货
OfAEMErPi,粉色 品牌05 中号 办公椅（人体工学）,办公椅,品牌05,中号,人体工学,粉色,16*1*1,16,DR03F,艾米丽,出库,30024,拣货
CuWE90SlBe,米色 品牌02 900 储物柜（滑动式）,储物柜,品牌02,900,滑动式,米色,8*1*1,7,AX27B,亚历克斯,出库,30020,拣货
PrPHA4InGr,灰色 品牌12 四号纸 打印机（喷墨）,打印机,品牌12,四号纸,喷墨,灰色,16*1*1,1,AS49E,简,出库,30007,拣货
AlSu158GBl,黑色 品牌11 15英寸 一体机（8吉字节内存）,一体机,品牌11,15英寸,8吉字节内存,黑色,16*1*1,8,BK42F,简,出库,30097,拣货
PrReA4WiMi,混合色 品牌24 四号纸 打印机（无线网络）,打印机,品牌24,四号纸,无线网络,混合色,16*1*1,16,CU53G,亚历克斯,出库,30002,拣货
CaQE90LoBe,米色 品牌01 900 文件柜（储物锁柜）,文件柜,品牌01,900,储物锁柜,米色,8*1*1,6,AT53G,劳拉,出库,30013,拣货
GaXELHeBl,黑色 品牌06 大号 游戏椅（头枕）,游戏椅,品牌06,大号,头枕,黑色,16*1*1,6,CV97D,劳拉,出库,30081,拣货
PeNa12SoBl,黑色 品牌23 12 铅笔（可溶性）,铅笔,品牌23,12,可溶性,黑色,48*10*5,1516,DH88F,迈克,出库,30062,拣货
MoRe27BlPi,粉色 品牌10 270 鼠标（蓝牙）,鼠标,品牌10,270,蓝牙,粉色,16*10*1,142,DH57B,劳拉,出库,30039,拣货
PrReA4InWh,白色 品牌24 四号纸 打印机（喷墨）,打印机,品牌24,四号纸,喷墨,白色,16*1*1,16,AT80C,艾米丽,出库,30002,拣货
MoSu45WiBl,黑色 品牌11 450 鼠标（有线）,鼠标,品牌11,450,有线,黑色,16*10*1,125,AY78A,劳拉,出库,30012,拣货
DrTE12SlBe,米色 品牌04 1200 抽屉柜（滑动式）,抽屉柜,品牌04,1200,滑动式,米色,8*1*1,8,AP43D,约翰,出库,30024,拣货
GaAESAdPi,粉色 品牌05 小号 游戏椅（可调节）,游戏椅,品牌05,小号,可调节,粉色,16*1*1,9,BR85D,约翰,出库,30014,拣货
PrReA2LaWh,白色 品牌24 二号纸 打印机（激光）,打印机,品牌24,二号纸,激光,白色,16*1*1,16,BT42E,艾米丽,出库,30061,拣货
LaPH158GGr,灰色 品牌12 15英寸 笔记本电脑（8吉字节内存）,笔记本电脑,品牌12,15英寸,8吉字节内存,灰色,16*1*1,16,AK10C,简,出库,30037,拣货
DrTE90SlBl,黑色 品牌04 900 抽屉柜（滑动式）,抽屉柜,品牌04,900,滑动式,黑色,8*1*1,2,CP34D,克里斯,出库,30085,拣货
CuWE12FiWh,白色 品牌02 1200 储物柜（文件收纳）,储物柜,品牌02,1200,文件收纳,白色,8*1*1,8,DJ34E,迈克,出库,30077,拣货
LaYn17i5Gr,灰色 品牌15 17英寸 笔记本电脑（第5代处理器）,笔记本电脑,品牌15,17英寸,第5代处理器,灰色,16*1*1,16,CQ54F,简,出库,30004,拣货
DrTE12DoBe,米色 品牌04 1200 抽屉柜（带门式）,抽屉柜,品牌04,1200,带门式,米色,8*1*1,2,BF53C,劳拉,出库,30060,拣货
LaPH1532Wh,白色 品牌12 15英寸 笔记本电脑（32吉字节内存）,笔记本电脑,品牌12,15英寸,32吉字节内存,白色,16*1*1,11,BO85D,简,出库,30010,拣货
DrWE12DoGr,灰色 品牌02 1200 抽屉柜（带门式）,抽屉柜,品牌02,1200,带门式,灰色,8*1*1,8,AR91D,约翰,出库,30027,拣货
MoSu45ErWh,白色 品牌11 450 鼠标（人体工学）,鼠标,品牌11,450,人体工学,白色,16*10*1,27,DY37F,亚历克斯,出库,30081,拣货
OfAEMErGr,灰色 品牌05 中号 办公椅（人体工学）,办公椅,品牌05,中号,人体工学,灰色,16*1*1,5,CV33F,简,出库,30097,拣货
TVGn50S4Gr,灰色 品牌30 50英寸 电视机（超级超高清）,电视机,品牌30,50英寸,超级超高清,灰色,8*1*1,2,AL27E,迈克,出库,30085,拣货
TVGL65S4Si,银色 品牌31 65英寸 电视机（超级超高清）,电视机,品牌31,65英寸,超级超高清,银色,8*1*1,8,BU34D,莎拉,出库,30059,拣货
AlRe15i7Wh,白色 品牌14 15英寸 一体机（第7代处理器）,一体机,品牌14,15英寸,第7代处理器,白色,16*1*1,6,CW09C,迈克,出库,30049,拣货
TVYn75FHWh,白色 品牌15 75英寸 电视机（全高清）,电视机,品牌15,75英寸,全高清,白色,8*1*1,8,AH41C,简,出库,30031,拣货
GaXESErGr,灰色 品牌06 小号 游戏椅（人体工学）,游戏椅,品牌06,小号,人体工学,灰色,16*1*1,7,DF19F,迈克,出库,30071,拣货
TaTR10AuSi,银色 品牌28 1000 桌子（自动调节）,桌子,品牌28,1000,自动调节,银色,8*1*1,7,DI85H,劳拉,出库,30062,拣货
SPGi24HeWh,白色 品牌21 24 触控笔（六角形）,触控笔,品牌21,24,六角形,白色,48*10*5,2400,CW53F,劳拉,出库,30009,拣货
CaRG18SlBl,黑色 品牌03 1800 文件柜（滑动式）,文件柜,品牌03,1800,滑动式,黑色,8*1*1,5,DY28F,约翰,出库,30037,拣货
PeNa24SoPi,粉色 品牌23 24 铅笔（可溶性）,铅笔,品牌23,24,可溶性,粉色,48*10*5,1730,CX96H,约翰,出库,30054,拣货
CuWE90DoGr,灰色 品牌02 900 储物柜（带门式）,储物柜,品牌02,900,带门式,灰色,8*1*1,4,AP35F,劳拉,出库,30098,拣货
LaOv158GSi,银色 品牌13 15英寸 笔记本电脑（8吉字节内存）,笔记本电脑,品牌13,15英寸,8吉字节内存,银色,16*1*1,16,DW31E,艾米丽,出库,30064,拣货
SPAl24SoBl,黑色 品牌20 24 触控笔（可溶性）,触控笔,品牌20,24,可溶性,黑色,48*10*5,260,AN54H,亚历克斯,出库,30004,拣货
KeRe27MePi,粉色 品牌10 270 键盘（机械式）,键盘,品牌10,270,机械式,粉色,16*10*1,160,CV14A,艾米丽,出库,30078,拣货
TaAE10AuSi,银色 品牌05 1000 桌子（自动调节）,桌子,品牌05,1000,自动调节,银色,8*1*1,8,CR16G,克里斯,出库,30070,拣货
TVEs75S4Bl,黑色 品牌32 75英寸 电视机（超级超高清）,电视机,品牌32,75英寸,超级超高清,黑色,8*1*1,8,BN32F,克里斯,出库,30089,拣货
PrPHA4AlWh,白色 品牌12 四号纸 打印机（一体式）,打印机,品牌12,四号纸,一体式,白色,16*1*1,12,DY62A,克里斯,出库,30042,拣货
AlSu1432Si,银色 品牌11 14英寸 一体机（32吉字节内存）,一体机,品牌11,14英寸,32吉字节内存,银色,16*1*1,10,AV10D,约翰,出库,30007,拣货
LaSu15i5Wh,白色 品牌11 15英寸 笔记本电脑（第5代处理器）,笔记本电脑,品牌11,15英寸,第5代处理器,白色,16*1*1,12,CK24H,亚历克斯,出库,30028,拣货
CaQE12SlBe,米色 品牌01 1200 文件柜（滑动式）,文件柜,品牌01,1200,滑动式,米色,8*1*1,8,DZ68B,劳拉,出库,30016,拣货
PrSoA3WiGr,灰色 品牌25 三号纸 打印机（无线网络）,打印机,品牌25,三号纸,无线网络,灰色,16*1*1,16,AY21H,简,出库,30040,拣货
MoRe27BlNa,藏青色 品牌10 270 鼠标（蓝牙）,鼠标,品牌10,270,蓝牙,藏青色,16*10*1,160,DG95A,迈克,出库,30082,拣货
NoExA5doWh,白色 品牌16 五号纸 笔记本（点阵）,笔记本,品牌16,五号纸,点阵,白色,48*10*5,541,DV57B,莎拉,出库,30099,拣货
GaSEMAdWh,白色 品牌08 中号 游戏椅（可调节）,游戏椅,品牌08,中号,可调节,白色,16*1*1,16,DY19G,迈克,出库,30014,拣货
CuRG18DoGr,灰色 品牌03 1800 储物柜（带门式）,储物柜,品牌03,1800,带门式,灰色,8*1*1,2,CJ21E,大卫,出库,30028,拣货
MoHc35MeNa,藏青色 品牌09 350 鼠标（机械式）,鼠标,品牌09,350,机械式,藏青色,16*10*1,59,BX09C,艾米,出库,30047,拣货
AlPH158GGr,灰色 品牌12 15英寸 一体机（8吉字节内存）,一体机,品牌12,15英寸,8吉字节内存,灰色,16*1*1,16,CT65D,莎拉,出库,30055,拣货
DrRG12SlWh,白色 品牌03 1200 抽屉柜（滑动式）,抽屉柜,品牌03,1200,滑动式,白色,8*1*1,8,BO15F,简,出库,30086,拣货
LaOv15i7Bl,黑色 品牌13 15英寸 笔记本电脑（第7代处理器）,笔记本电脑,品牌13,15英寸,第7代处理器,黑色,16*1*1,16,CS46G,大卫,出库,30053,拣货
LaPH1716Bl,黑色 品牌12 17英寸 笔记本电脑（16吉字节内存）,笔记本电脑,品牌12,17英寸,16吉字节内存,黑色,16*1*1,16,AN01D,大卫,出库,30071,拣货
PrSoA2MoGr,灰色 品牌25 二号纸 打印机（黑白）,打印机,品牌25,二号纸,黑白,灰色,16*1*1,16,AZ37H,艾米丽,出库,30090,拣货
PeRe24HeWh,白色 品牌22 24 铅笔（六角形）,铅笔,品牌22,24,六角形,白色,48*10*5,2400,CY07F,大卫,出库,30019,拣货
SPRe12SoGr,灰色 品牌22 12 触控笔（可溶性）,触控笔,品牌22,12,可溶性,灰色,48*10*5,2400,AI29E,大卫,出库,30075,拣货
SPNa24HePi,粉色 品牌23 24 触控笔（六角形）,触控笔,品牌23,24,六角形,粉色,48*10*5,1702,BL14B,大卫,出库,30009,拣货
KeHc45ErNa,藏青色 品牌09 450 键盘（人体工学）,键盘,品牌09,450,人体工学,藏青色,16*10*1,160,BK71B,克里斯,出库,30017,拣货
PrReA4AlGr,灰色 品牌24 四号纸 打印机（一体式）,打印机,品牌24,四号纸,一体式,灰色,16*1*1,8,CZ20E,大卫,出库,30006,拣货
AlRe17i5Gr,灰色 品牌14 17英寸 一体机（第5代处理器）,一体机,品牌14,17英寸,第5代处理器,灰色,16*1*1,11,AN35G,简,出库,30078,拣货
PrReA2MoBl,黑色 品牌24 二号纸 打印机（黑白）,打印机,品牌24,二号纸,黑白,黑色,16*1*1,16,DQ73H,莎拉,出库,30027,拣货
KeHc45ErPi,粉色 品牌09 450 键盘（人体工学）,键盘,品牌09,450,人体工学,粉色,16*10*1,160,DY56F,迈克,出库,30008,拣货
CuWE90LoBl,黑色 品牌02 900 储物柜（储物锁柜）,储物柜,品牌02,900,储物锁柜,黑色,8*1*1,1,AT98H,迈克,出库,30031,拣货
MoSu27ErBl,黑色 品牌11 270 鼠标（人体工学）,鼠标,品牌11,270,人体工学,黑色,16*10*1,160,AZ87B,劳拉,出库,30019,拣货
NoScA4liBl,黑色 品牌17 四号纸 笔记本（线条）,笔记本,品牌17,四号纸,线条,黑色,48*10*5,2338,BX10D,约翰,出库,30043,拣货
MoHc27MeNa,藏青色 品牌09 270 鼠标（机械式）,鼠标,品牌09,270,机械式,藏青色,16*10*1,23,CR41H,亚历克斯,出库,30005,拣货
AlRe14i5Si,银色 品牌14 14英寸 一体机（第5代处理器）,一体机,品牌14,14英寸,第5代处理器,银色,16*1*1,4,BM01A,亚历克斯,出库,30060,拣货
PeAl24HeGr,灰色 品牌20 24 铅笔（六角形）,铅笔,品牌20,24,六角形,灰色,48*10*5,2400,CL14A,大卫,出库,30068,拣货
TVEs65FHWh,白色 品牌32 65英寸 电视机（全高清）,电视机,品牌32,65英寸,全高清,白色,8*1*1,8,DJ10B,艾米丽,出库,30045,拣货
MoPH35BlPi,粉色 品牌12 350 鼠标（蓝牙）,鼠标,品牌12,350,蓝牙,粉色,16*10*1,72,DZ43C,迈克,出库,30088,拣货
CaWE18SlBl,黑色 品牌02 1800 文件柜（滑动式）,文件柜,品牌02,1800,滑动式,黑色,8*1*1,8,AX67C,亚历克斯,出库,30097,拣货
KePH35BlPi,粉色 品牌12 350 键盘（蓝牙）,键盘,品牌12,350,蓝牙,粉色,16*10*1,160,BP51F,迈克,出库,30026,拣货
LaPH15i5Gr,灰色 品牌12 15英寸 笔记本电脑（第5代处理器）,笔记本电脑,品牌12,15英寸,第5代处理器,灰色,16*1*1,6,BS71G,简,出库,30029,拣货
NoGrA3doSi,银色 品牌18 三号纸 笔记本（点阵）,笔记本,品牌18,三号纸,点阵,银色,48*10*5,2400,BQ25C,简,出库,30076,拣货
AlYn17i5Wh,白色 品牌15 17英寸 一体机（第5代处理器）,一体机,品牌15,17英寸,第5代处理器,白色,16*1*1,7,CT86G,迈克,出库,30049,拣货
PrReA2LaWh,白色 品牌24 二号纸 打印机（激光）,打印机,品牌24,二号纸,激光,白色,16*1*1,13,AT61G,大卫,出库,30067,拣货
MoRe45BlNa,藏青色 品牌10 450 鼠标（蓝牙）,鼠标,品牌10,450,蓝牙,藏青色,16*10*1,160,CJ27H,艾米,出库,30035,拣货
MoHc35MeBl,黑色 品牌09 350 鼠标（机械式）,鼠标,品牌09,350,机械式,黑色,16*10*1,160,CS16F,克里斯,出库,30079,拣货
TaCI15WoSi,银色 品牌27 1500 桌子（工作站）,桌子,品牌27,1500,工作站,银色,8*1*1,5,CY35C,艾米,出库,30017,拣货
CaWE12SlBl,黑色 品牌02 1200 文件柜（滑动式）,文件柜,品牌02,1200,滑动式,黑色,8*1*1,8,AU81C,简,出库,30056,拣货
KeHc45ErNa,藏青色 品牌09 450 键盘（人体工学）,键盘,品牌09,450,人体工学,藏青色,16*10*1,75,AH95E,劳拉,出库,30088,拣货
KeSu45WiPi,粉色 品牌11 450 键盘（有线）,键盘,品牌11,450,有线,粉色,16*10*1,160,DJ15E,莎拉,出库,30075,拣货
GaOGSErWh,白色 品牌07 小号 游戏椅（人体工学）,游戏椅,品牌07,小号,人体工学,白色,16*1*1,16,AV07D,劳拉,出库,30053,拣货
PrPHA4MoMi,混合色 品牌12 四号纸 打印机（黑白）,打印机,品牌12,四号纸,黑白,混合色,16*1*1,5,DH56A,劳拉,出库,30089,拣货
DrWE12DoBl,黑色 品牌02 1200 抽屉柜（带门式）,抽屉柜,品牌02,1200,带门式,黑色,8*1*1,8,BT26G,艾米丽,出库,30045,拣货
AlOv17i7Gr,灰色 品牌13 17英寸 一体机（第7代处理器）,一体机,品牌13,17英寸,第7代处理器,灰色,16*1*1,3,DG82E,简,出库,30087,拣货
SPNa24SoPi,粉色 品牌23 24 触控笔（可溶性）,触控笔,品牌23,24,可溶性,粉色,48*10*5,2400,CZ91D,莎拉,出库,30056,拣货
GaSELErPi,粉色 品牌08 大号 游戏椅（人体工学）,游戏椅,品牌08,大号,人体工学,粉色,16*1*1,16,BJ50E,亚历克斯,出库,30024,拣货
SPRe50HePi,粉色 品牌22 50 触控笔（六角形）,触控笔,品牌22,50,六角形,粉色,48*10*5,2396,AL06C,亚历克斯,出库,30077,拣货
KeRe27MePi,粉色 品牌10 270 键盘（机械式）,键盘,品牌10,270,机械式,粉色,16*10*1,160,CJ74H,劳拉,出库,30016,拣货
AlRe14i7Bl,黑色 品牌14 14英寸 一体机（第7代处理器）,一体机,品牌14,14英寸,第7代处理器,黑色,16*1*1,16,AV77H,大卫,出库,30041,拣货
OfOGLAdBl,黑色 品牌07 大号 办公椅（可调节）,办公椅,品牌07,大号,可调节,黑色,16*1*1,3,DL08B,克里斯,出库,30030,拣货
DrWE12SlBl,黑色 品牌02 1200 抽屉柜（滑动式）,抽屉柜,品牌02,1200,滑动式,黑色,8*1*1,8,DI15E,克里斯,出库,30088,拣货
SPAl12SoGr,灰色 品牌20 12 触控笔（可溶性）,触控笔,品牌20,12,可溶性,灰色,48*10*5,1675,DV22H,莎拉,出库,30042,拣货
TVYn32FHWh,白色 品牌15 32英寸 电视机（全高清）,电视机,品牌15,32英寸,全高清,白色,8*1*1,8,DT64D,约翰,出库,30049,拣货
LaRe14i5Gr,灰色 品牌14 14英寸 笔记本电脑（第5代处理器）,笔记本电脑,品牌14,14英寸,第5代处理器,灰色,16*1*1,3,DH18H,约翰,出库,30075,拣货
LaSu15i7Bl,黑色 品牌11 15英寸 笔记本电脑（第7代处理器）,笔记本电脑,品牌11,15英寸,第7代处理器,黑色,16*1*1,3,BN64D,克里斯,出库,30032,拣货
PrReA4AlWh,白色 品牌24 四号纸 打印机（一体式）,打印机,品牌24,四号纸,一体式,白色,16*1*1,16,CR65D,亚历克斯,出库,30086,拣货
AlSu1732Bl,黑色 品牌11 17英寸 一体机（32吉字节内存）,一体机,品牌11,17英寸,32吉字节内存,黑色,16*1*1,1,DS21E,莎拉,出库,30048,拣货
KeHc35MeWh,白色 品牌09 350 键盘（机械式）,键盘,品牌09,350,机械式,白色,16*10*1,160,CK07H,莎拉,出库,30090,拣货
LaOv14i7Bl,黑色 品牌13 14英寸 笔记本电脑（第7代处理器）,笔记本电脑,品牌13,14英寸,第7代处理器,黑色,16*1*1,8,BU01A,艾米,出库,30056,拣货
TVYn50S4Gr,灰色 品牌15 50英寸 电视机（超级超高清）,电视机,品牌15,50英寸,超级超高清,灰色,8*1*1,3,DR02A,艾米,出库,30091,拣货
NoExA4liSi,银色 品牌16 四号纸 笔记本（线条）,笔记本,品牌16,四号纸,线条,银色,48*10*5,1938,CT31B,迈克,出库,30039,拣货
OfSEMHeBl,黑色 品牌08 中号 办公椅（头枕）,办公椅,品牌08,中号,头枕,黑色,16*1*1,16,BK72C,艾米,出库,30031,拣货
AlYn14i7Wh,白色 品牌15 14英寸 一体机（第7代处理器）,一体机,品牌15,14英寸,第7代处理器,白色,16*1*1,3,DI88A,简,出库,30062,拣货
CaWE12DoGr,灰色 品牌02 1200 文件柜（带门式）,文件柜,品牌02,1200,带门式,灰色,8*1*1,8,CU78E,莎拉,出库,30016,拣货
KeSu27WiPi,粉色 品牌11 270 键盘（有线）,键盘,品牌11,270,有线,粉色,16*10*1,160,CX86A,艾米,出库,30009,拣货
GaOGMHeBl,黑色 品牌07 中号 游戏椅（头枕）,游戏椅,品牌07,中号,头枕,黑色,16*1*1,16,BJ57B,迈克,出库,30025,拣货
CuQE12DoBl,黑色 品牌01 1200 储物柜（带门式）,储物柜,品牌01,1200,带门式,黑色,8*1*1,8,AY67C,艾米,出库,30001,拣货
TaCI10AdBl,黑色 品牌27 1000 桌子（可调节）,桌子,品牌27,1000,可调节,黑色,8*1*1,4,AV71A,亚历克斯,出库,30074,拣货
PrReA2LaMi,混合色 品牌24 二号纸 打印机（激光）,打印机,品牌24,二号纸,激光,混合色,16*1*1,9,AH86G,艾米,出库,30042,拣货
KeRe45MeBl,黑色 品牌10 450 键盘（机械式）,键盘,品牌10,450,机械式,黑色,16*10*1,64,CQ67F,克里斯,出库,30096,拣货
AlYn1432Bl,黑色 品牌15 14英寸 一体机（32吉字节内存）,一体机,品牌15,14英寸,32吉字节内存,黑色,16*1*1,16,BJ15B,迈克,出库,30071,拣货
SPNa50WaPi,粉色 品牌23 50 触控笔（水彩）,触控笔,品牌23,50,水彩,粉色,48*10*5,211,CU70D,劳拉,出库,30045,拣货
DrQE18LoBl,黑色 品牌01 1800 抽屉柜（储物锁柜）,抽屉柜,品牌01,1800,储物锁柜,黑色,8*1*1,8,CG11H,艾米,出库,30090,拣货
DrWE12LoGr,灰色 品牌02 1200 抽屉柜（储物锁柜）,抽屉柜,品牌02,1200,储物锁柜,灰色,8*1*1,8,BH54E,约翰,出库,30078,拣货
KeSu45ErWh,白色 品牌11 450 键盘（人体工学）,键盘,品牌11,450,人体工学,白色,16*10*1,146,CI30A,莎拉,出库,30072,拣货
PrNoA4LaGr,灰色 品牌26 四号纸 打印机（激光）,打印机,品牌26,四号纸,激光,灰色,16*1*1,14,DZ22F,简,出库,30032,拣货
PrNoA3LaWh,白色 品牌26 三号纸 打印机（激光）,打印机,品牌26,三号纸,激光,白色,16*1*1,16,BU81G,艾米丽,出库,30035,拣货
CuQE12SlBl,黑色 品牌01 1200 储物柜（滑动式）,储物柜,品牌01,1200,滑动式,黑色,8*1*1,1,DK64H,莎拉,出库,30036,拣货
AlRe1732Si,银色 品牌14 17英寸 一体机（32吉字节内存）,一体机,品牌14,17英寸,32吉字节内存,银色,16*1*1,1,BS05H,大卫,出库,30041,拣货
TaCI15WoGr,灰色 品牌27 1500 桌子（工作站）,桌子,品牌27,1500,工作站,灰色,8*1*1,8,CH22A,艾米丽,出库,30012,拣货
GaSESHePi,粉色 品牌08 小号 游戏椅（头枕）,游戏椅,品牌08,小号,头枕,粉色,16*1*1,16,AS14B,大卫,出库,30085,拣货
CaRG12SlGr,灰色 品牌03 1200 文件柜（滑动式）,文件柜,品牌03,1200,滑动式,灰色,8*1*1,8,AF27A,迈克,出库,30060,拣货
TaTR10AdSi,银色 品牌29 1000 桌子（可调节）,桌子,品牌29,1000,可调节,银色,8*1*1,8,DN79F,约翰,出库,30096,拣货
GaXEMLeWh,白色 品牌06 中号 游戏椅（皮革）,游戏椅,品牌06,中号,皮革,白色,16*1*1,15,BM84F,艾米丽,出库,30041,拣货
DrQE12SlGr,灰色 品牌01 1200 抽屉柜（滑动式）,抽屉柜,品牌01,1200,滑动式,灰色,8*1*1,8,AW34E,劳拉,出库,30074,拣货
TVEs42SFSi,银色 品牌32 42英寸 电视机（超级全高清）,电视机,品牌32,42英寸,超级全高清,银色,8*1*1,5,AL65D,劳拉,出库,30075,拣货
TVGL65FHSi,银色 品牌31 65英寸 电视机（全高清）,电视机,品牌31,65英寸,全高清,银色,8*1*1,2,BX22C,莎拉,出库,30036,拣货
KePH35MeNa,藏青色 品牌12 350 键盘（机械式）,键盘,品牌12,350,机械式,藏青色,16*10*1,112,BO16H,莎拉,出库,30006,拣货
PeNa24SoGr,灰色 品牌23 24 铅笔（可溶性）,铅笔,品牌23,24,可溶性,灰色,48*10*5,147,CF93F,亚历克斯,出库,30027,拣货
TVGL504KGr,灰色 品牌31 50英寸 电视机（超高清）,电视机,品牌31,50英寸,超高清,灰色,8*1*1,8,CO98H,克里斯,出库,30031,拣货
DrQE90LoBl,黑色 品牌01 900 抽屉柜（储物锁柜）,抽屉柜,品牌01,900,储物锁柜,黑色,8*1*1,8,BH83F,克里斯,出库,30006,拣货
DrRG12FiBe,米色 品牌03 1200 抽屉柜（文件收纳）,抽屉柜,品牌03,1200,文件收纳,米色,8*1*1,3,BY75B,劳拉,出库,30061,拣货
GaAEMAdGr,灰色 品牌05 中号 游戏椅（可调节）,游戏椅,品牌05,中号,可调节,灰色,16*1*1,16,DP24D,劳拉,出库,30000,拣货
GaXESAdBl,黑色 品牌06 小号 游戏椅（可调节）,游戏椅,品牌06,小号,可调节,黑色,16*1*1,16,AQ18D,简,出库,30072,拣货
LaRe1416Si,银色 品牌14 14英寸 笔记本电脑（16吉字节内存）,笔记本电脑,品牌14,14英寸,16吉字节内存,银色,16*1*1,16,CU77E,劳拉,出库,30062,拣货
CaRG90FiBl,黑色 品牌03 900 文件柜（文件收纳）,文件柜,品牌03,900,文件收纳,黑色,8*1*1,8,AT28D,克里斯,出库,30066,拣货
SPAl50HeBl,黑色 品牌20 50 触控笔（六角形）,触控笔,品牌20,50,六角形,黑色,48*10*5,192,BH71H,莎拉,出库,30002,拣货
KeRe27BlWh,白色 品牌10 270 键盘（蓝牙）,键盘,品牌10,270,蓝牙,白色,16*10*1,157,CH22B,约翰,出库,30094,拣货
LaRe1716Bl,黑色 品牌14 17英寸 笔记本电脑（16吉字节内存）,笔记本电脑,品牌14,17英寸,16吉字节内存,黑色,16*1*1,16,DQ55D,亚历克斯,出库,30028,拣货
PrReA2InMi,混合色 品牌24 二号纸 打印机（喷墨）,打印机,品牌24,二号纸,喷墨,混合色,16*1*1,3,BH90D,克里斯,出库,30008,拣货
AlOv1732Si,银色 品牌13 17英寸 一体机（32吉字节内存）,一体机,品牌13,17英寸,32吉字节内存,银色,16*1*1,10,CG37D,亚历克斯,出库,30049,拣货
PrPHA4MoWh,白色 品牌12 四号纸 打印机（黑白）,打印机,品牌12,四号纸,黑白,白色,16*1*1,6,BG53D,迈克,出库,30087,拣货
KeHc35MeNa,藏青色 品牌09 350 键盘（机械式）,键盘,品牌09,350,机械式,藏青色,16*10*1,119,AS94F,莎拉,出库,30061,拣货
NoMuA3liGr,灰色 品牌19 三号纸 笔记本（线条）,笔记本,品牌19,三号纸,线条,灰色,48*10*5,1812,CT96A,约翰,出库,30047,拣货
SPGi12WaGr,灰色 品牌21 12 触控笔（水彩）,触控笔,品牌21,12,水彩,灰色,48*10*5,1860,BI68G,简,出库,30062,拣货
CaTE12LoBl,黑色 品牌04 1200 文件柜（储物锁柜）,文件柜,品牌04,1200,储物锁柜,黑色,8*1*1,1,CS08D,大卫,出库,30034,拣货
PrReA4LaBl,黑色 品牌24 四号纸 打印机（激光）,打印机,品牌24,四号纸,激光,黑色,16*1*1,16,AG33C,迈克,出库,30062,拣货
AlYn17i7Bl,黑色 品牌15 17英寸 一体机（第7代处理器）,一体机,品牌15,17英寸,第7代处理器,黑色,16*1*1,16,BV90A,大卫,出库,30060,拣货
MoSu45ErPi,粉色 品牌11 450 鼠标（人体工学）,鼠标,品牌11,450,人体工学,粉色,16*10*1,60,AM11H,艾米丽,出库,30030,拣货
TaTR15AdGr,灰色 品牌29 1500 桌子（可调节）,桌子,品牌29,1500,可调节,灰色,8*1*1,8,AQ53G,约翰,出库,30015,拣货
LaYn17i5Gr,灰色 品牌15 17英寸 笔记本电脑（第5代处理器）,笔记本电脑,品牌15,17英寸,第5代处理器,灰色,16*1*1,16,DK43D,艾米,出库,30022,拣货
DrQE90LoBe,米色 品牌01 900 抽屉柜（储物锁柜）,抽屉柜,品牌01,900,储物锁柜,米色,8*1*1,8,DT84H,约翰,出库,30048,拣货
TVGL75S4Wh,白色 品牌31 75英寸 电视机（超级超高清）,电视机,品牌31,75英寸,超级超高清,白色,8*1*1,8,CR82A,迈克,出库,30095,拣货
MoRe27MeNa,藏青色 品牌10 270 鼠标（机械式）,鼠标,品牌10,270,机械式,藏青色,16*10*1,160,DN97C,大卫,出库,30065,拣货
OfSELHeWh,白色 品牌08 大号 办公椅（头枕）,办公椅,品牌08,大号,头枕,白色,16*1*1,3,CY30E,亚历克斯,出库,30090,拣货
PeGi50WaPi,粉色 品牌21 50 铅笔（水彩）,铅笔,品牌21,50,水彩,粉色,48*10*5,2400,AF31F,约翰,出库,30082,拣货
PrReA4LaWh,白色 品牌24 四号纸 打印机（激光）,打印机,品牌24,四号纸,激光,白色,16*1*1,16,AK98H,约翰,出库,30074,拣货
GaAESAdGr,灰色 品牌05 小号 游戏椅（可调节）,游戏椅,品牌05,小号,可调节,灰色,16*1*1,16,CS81D,大卫,出库,30037,拣货
MoPH45MeBl,黑色 品牌12 450 鼠标（机械式）,鼠标,品牌12,450,机械式,黑色,16*10*1,160,DU30E,大卫,出库,30024,拣货
LaYn14i5Wh,白色 品牌15 14英寸 笔记本电脑（第5代处理器）,笔记本电脑,品牌15,14英寸,第5代处理器,白色,16*1*1,16,AN04E,艾米,出库,30083,拣货
TVGn324KWh,白色 品牌30 32英寸 电视机（超高清）,电视机,品牌30,32英寸,超高清,白色,8*1*1,1,CU37B,莎拉,出库,30095,拣货
NoExA3ruGr,灰色 品牌16 三号纸 笔记本（横线）,笔记本,品牌16,三号纸,横线,灰色,48*10*5,1190,AG18D,约翰,出库,30093,拣货
PeNa24WaPi,粉色 品牌23 24 铅笔（水彩）,铅笔,品牌23,24,水彩,粉色,48*10*5,2400,BK19C,亚历克斯,出库,30018,拣货
GaXESLeGr,灰色 品牌06 小号 游戏椅（皮革）,游戏椅,品牌06,小号,皮革,灰色,16*1*1,2,DK39H,克里斯,出库,30089,拣货
GaSESLeGr,灰色 品牌08 小号 游戏椅（皮革）,游戏椅,品牌08,小号,皮革,灰色,16*1*1,16,AZ06D,艾米,出库,30044,拣货
OfSESHeGr,灰色 品牌08 小号 办公椅（头枕）,办公椅,品牌08,小号,头枕,灰色,16*1*1,14,AH16D,艾米,出库,30009,拣货
AlRe15i7Bl,黑色 品牌14 15英寸 一体机（第7代处理器）,一体机,品牌14,15英寸,第7代处理器,黑色,16*1*1,16,AJ86F,艾米,出库,30058,拣货
GaSELErGr,灰色 品牌08 大号 游戏椅（人体工学）,游戏椅,品牌08,大号,人体工学,灰色,16*1*1,2,CK81A,艾米,出库,30039,拣货
PeRe24HeBl,黑色 品牌22 24 铅笔（六角形）,铅笔,品牌22,24,六角形,黑色,48*10*5,2322,CF11B,艾米丽,出库,30018,拣货
KeRe35WiNa,藏青色 品牌10 350 键盘（有线）,键盘,品牌10,350,有线,藏青色,16*10*1,36,DN67D,约翰,出库,30016,拣货
KePH45BlBl,黑色 品牌12 450 键盘（蓝牙）,键盘,品牌12,450,蓝牙,黑色,16*10*1,160,CI74A,简,出库,30012,拣货
TVGn75FHGr,灰色 品牌30 75英寸 电视机（全高清）,电视机,品牌30,75英寸,全高清,灰色,8*1*1,4,BQ82B,亚历克斯,出库,30074,拣货
TaCI10AuSi,银色 品牌27 1000 桌子（自动调节）,桌子,品牌27,1000,自动调节,银色,8*1*1,5,CY04F,简,出库,30013,拣货
LaPH14i5Gr,灰色 品牌12 14英寸 笔记本电脑（第5代处理器）,笔记本电脑,品牌12,14英寸,第5代处理器,灰色,16*1*1,15,BZ45B,克里斯,出库,30074,拣货
TaTR18AdGr,灰色 品牌29 1800 桌子（可调节）,桌子,品牌29,1800,可调节,灰色,8*1*1,7,BZ12B,劳拉,出库,30041,拣货
CaTE18DoGr,灰色 品牌04 1800 文件柜（带门式）,文件柜,品牌04,1800,带门式,灰色,8*1*1,8,BW25H,劳拉,出库,30035,拣货
DrRG90DoBl,黑色 品牌03 900 抽屉柜（带门式）,抽屉柜,品牌03,900,带门式,黑色,8*1*1,4,DK15D,艾米丽,出库,30090,拣货
OfXELHeGr,灰色 品牌06 大号 办公椅（头枕）,办公椅,品牌06,大号,头枕,灰色,16*1*1,16,BX20F,莎拉,出库,30050,拣货
NoExA3doWh,白色 品牌16 三号纸 笔记本（点阵）,笔记本,品牌16,三号纸,点阵,白色,48*10*5,2400,CI97H,迈克,出库,30099,拣货
TVYn654KSi,银色 品牌15 65英寸 电视机（超高清）,电视机,品牌15,65英寸,超高清,银色,8*1*1,8,AX14H,克里斯,出库,30094,拣货
NoScA5doWh,白色 品牌17 五号纸 笔记本（点阵）,笔记本,品牌17,五号纸,点阵,白色,48*10*5,2400,AU50A,大卫,出库,30093,拣货
CuRG18FiBe,米色 品牌03 1800 储物柜（文件收纳）,储物柜,品牌03,1800,文件收纳,米色,8*1*1,8,DP71F,亚历克斯,出库,30024,拣货
DrRG12LoBe,米色 品牌03 1200 抽屉柜（储物锁柜）,抽屉柜,品牌03,1200,储物锁柜,米色,8*1*1,7,BX54C,约翰,出库,30008,拣货
SPRe24SoBl,黑色 品牌22 24 触控笔（可溶性）,触控笔,品牌22,24,可溶性,黑色,48*10*5,2400,AK65H,艾米,出库,30094,拣货
GaSESLeWh,白色 品牌08 小号 游戏椅（皮革）,游戏椅,品牌08,小号,皮革,白色,16*1*1,8,AG88E,莎拉,出库,30096,拣货
DrWE12LoBl,黑色 品牌02 1200 抽屉柜（储物锁柜）,抽屉柜,品牌02,1200,储物锁柜,黑色,8*1*1,4,CG92G,艾米,出库,30076,拣货
GaAEMLeBl,黑色 品牌05 中号 游戏椅（皮革）,游戏椅,品牌05,中号,皮革,黑色,16*1*1,16,DQ34H,简,出库,30074,拣货
AlOv1432Gr,灰色 品牌13 14英寸 一体机（32吉字节内存）,一体机,品牌13,14英寸,32吉字节内存,灰色,16*1*1,3,DX62B,约翰,出库,30018,拣货
AlOv14i5Gr,灰色 品牌13 14英寸 一体机（第5代处理器）,一体机,品牌13,14英寸,第5代处理器,灰色,16*1*1,16,AW26E,简,出库,30050,拣货
CuQE90DoWh,白色 品牌01 900 储物柜（带门式）,储物柜,品牌01,900,带门式,白色,8*1*1,8,CU86D,艾米丽,出库,30081,拣货
OfOGMErPi,粉色 品牌07 中号 办公椅（人体工学）,办公椅,品牌07,中号,人体工学,粉色,16*1*1,16,CX12B,艾米丽,出库,30003,拣货
TVYn654KSi,银色 品牌15 65英寸 电视机（超高清）,电视机,品牌15,65英寸,超高清,银色,8*1*1,8,DO12B,劳拉,出库,30045,拣货
DrQE12DoWh,白色 品牌01 1200 抽屉柜（带门式）,抽屉柜,品牌01,1200,带门式,白色,8*1*1,7,AR13D,迈克,出库,30041,拣货
OfXELLeGr,灰色 品牌06 大号 办公椅（皮革）,办公椅,品牌06,大号,皮革,灰色,16*1*1,11,DM16B,艾米丽,出库,30063,拣货
AlRe1716Bl,黑色 品牌14 17英寸 一体机（16吉字节内存）,一体机,品牌14,17英寸,16吉字节内存,黑色,16*1*1,16,DL31A,艾米,出库,30024,拣货
MoSu35ErPi,粉色 品牌11 350 鼠标（人体工学）,鼠标,品牌11,350,人体工学,粉色,16*10*1,160,AN36E,迈克,出库,30059,拣货
LaRe1532Bl,黑色 品牌14 15英寸 笔记本电脑（32吉字节内存）,笔记本电脑,品牌14,15英寸,32吉字节内存,黑色,16*1*1,16,DG71C,克里斯,出库,30044,拣货
SPAl24SoBl,黑色 品牌20 24 触控笔（可溶性）,触控笔,品牌20,24,可溶性,黑色,48*10*5,388,CP77B,迈克,出库,30085,拣货
TVEs42SFGr,灰色 品牌32 42英寸 电视机（超级全高清）,电视机,品牌32,42英寸,超级全高清,灰色,8*1*1,7,DN34C,艾米丽,出库,30000,拣货
OfSESAdPi,粉色 品牌08 小号 办公椅（可调节）,办公椅,品牌08,小号,可调节,粉色,16*1*1,16,BU79F,劳拉,出库,30048,拣货
AlRe178GBl,黑色 品牌14 17英寸 一体机（8吉字节内存）,一体机,品牌14,17英寸,8吉字节内存,黑色,16*1*1,1,CY81D,迈克,出库,30085,拣货
NoScA3doGr,灰色 品牌17 三号纸 笔记本（点阵）,笔记本,品牌17,三号纸,点阵,灰色,48*10*5,2400,CJ04A,艾米丽,出库,30033,拣货
DrTE18SlBe,米色 品牌04 1800 抽屉柜（滑动式）,抽屉柜,品牌04,1800,滑动式,米色,8*1*1,8,CV94G,艾米,出库,30038,拣货
PrReA3LaGr,灰色 品牌24 三号纸 打印机（激光）,打印机,品牌24,三号纸,激光,灰色,16*1*1,14,CL32H,艾米丽,出库,30054,拣货
AlRe15i5Wh,白色 品牌14 15英寸 一体机（第5代处理器）,一体机,品牌14,15英寸,第5代处理器,白色,16*1*1,16,AU67G,艾米,出库,30083,拣货
CaWE90FiWh,白色 品牌02 900 文件柜（文件收纳）,文件柜,品牌02,900,文件收纳,白色,8*1*1,8,BX08B,艾米丽,出库,30086,拣货
SPGi24WaWh,白色 品牌21 24 触控笔（水彩）,触控笔,品牌21,24,水彩,白色,48*10*5,2400,CU22B,艾米,出库,30090,拣货
TVGL75FHSi,银色 品牌31 75英寸 电视机（全高清）,电视机,品牌31,75英寸,全高清,银色,8*1*1,8,CP56B,克里斯,出库,30009,拣货
AlSu15i7Gr,灰色 品牌11 15英寸 一体机（第7代处理器）,一体机,品牌11,15英寸,第7代处理器,灰色,16*1*1,16,DX60C,约翰,出库,30013,拣货
PrNoA4AlWh,白色 品牌26 四号纸 打印机（一体式）,打印机,品牌26,四号纸,一体式,白色,16*1*1,4,DN14E,艾米丽,出库,30060,拣货
LaRe1532Si,银色 品牌14 15英寸 笔记本电脑（32吉字节内存）,笔记本电脑,品牌14,15英寸,32吉字节内存,银色,16*1*1,8,DP65D,劳拉,出库,30023,拣货
PeRe12HeWh,白色 品牌22 12 铅笔（六角形）,铅笔,品牌22,12,六角形,白色,48*10*5,2242,AJ70F,简,出库,30009,拣货
LaRe1416Wh,白色 品牌14 14英寸 笔记本电脑（16吉字节内存）,笔记本电脑,品牌14,14英寸,16吉字节内存,白色,16*1*1,16,CP52A,克里斯,出库,30076,拣货
TVGL75S4Gr,灰色 品牌31 75英寸 电视机（超级超高清）,电视机,品牌31,75英寸,超级超高清,灰色,8*1*1,8,BN94F,莎拉,出库,30084,拣货
GaOGSHeBl,黑色 品牌07 小号 游戏椅（头枕）,游戏椅,品牌07,小号,头枕,黑色,16*1*1,15,BP21E,迈克,出库,30082,拣货
TaCI18FrGr,灰色 品牌27 1800 桌子（框架式）,桌子,品牌27,1800,框架式,灰色,8*1*1,2,DK43F,约翰,出库,30065,拣货
MoPH45ErWh,白色 品牌12 450 鼠标（人体工学）,鼠标,品牌12,450,人体工学,白色,16*10*1,60,CO40D,莎拉,出库,30076,拣货
LaYn15i5Bl,黑色 品牌15 15英寸 笔记本电脑（第5代处理器）,笔记本电脑,品牌15,15英寸,第5代处理器,黑色,16*1*1,8,CU20B,迈克,出库,30063,拣货
NoScA3liGr,灰色 品牌17 三号纸 笔记本（线条）,笔记本,品牌17,三号纸,线条,灰色,48*10*5,1975,AL20G,简,出库,30072,拣货
PeNa50HeWh,白色 品牌23 50 铅笔（六角形）,铅笔,品牌23,50,六角形,白色,48*10*5,2400,AX49G,克里斯,出库,30029,拣货
MoPH45MeWh,白色 品牌12 450 鼠标（机械式）,鼠标,品牌12,450,机械式,白色,16*10*1,160,CL37H,劳拉,出库,30019,拣货
GaXEMLeWh,白色 品牌06 中号 游戏椅（皮革）,游戏椅,品牌06,中号,皮革,白色,16*1*1,9,BP83B,克里斯,出库,30077,拣货
TVGL42SFBl,黑色 品牌31 42英寸 电视机（超级全高清）,电视机,品牌31,42英寸,超级全高清,黑色,8*1*1,8,CS88D,艾米丽,出库,30021,拣货
KeHc45BlNa,藏青色 品牌09 450 键盘（蓝牙）,键盘,品牌09,450,蓝牙,藏青色,16*10*1,160,BU87B,莎拉,出库,30000,拣货
MoHc35MeNa,藏青色 品牌09 350 鼠标（机械式）,鼠标,品牌09,350,机械式,藏青色,16*10*1,160,AK41F,艾米,出库,30081,拣货
NoScA4doSi,银色 品牌17 四号纸 笔记本（点阵）,笔记本,品牌17,四号纸,点阵,银色,48*10*5,1776,BS47B,约翰,出库,30054,拣货
PeNa12SoWh,白色 品牌23 12 铅笔（可溶性）,铅笔,品牌23,12,可溶性,白色,48*10*5,2400,BV43H,劳拉,出库,30023,拣货
DrTE18FiBl,黑色 品牌04 1800 抽屉柜（文件收纳）,抽屉柜,品牌04,1800,文件收纳,黑色,8*1*1,8,AH54A,亚历克斯,出库,30013,拣货
SPAl50SoPi,粉色 品牌20 50 触控笔（可溶性）,触控笔,品牌20,50,可溶性,粉色,48*10*5,494,CM66G,简,出库,30074,拣货
LaSu15i7Wh,白色 品牌11 15英寸 笔记本电脑（第7代处理器）,笔记本电脑,品牌11,15英寸,第7代处理器,白色,16*1*1,4,AG26G,克里斯,出库,30057,拣货
AlOv158GGr,灰色 品牌13 15英寸 一体机（8吉字节内存）,一体机,品牌13,15英寸,8吉字节内存,灰色,16*1*1,12,CZ69H,艾米丽,出库,30048,拣货
NoMuA4liSi,银色 品牌19 四号纸 笔记本（线条）,笔记本,品牌19,四号纸,线条,银色,48*10*5,1347,BQ64F,艾米丽,出库,30020,拣货
MoSu35MePi,粉色 品牌11 350 鼠标（机械式）,鼠标,品牌11,350,机械式,粉色,16*10*1,8,DR68H,亚历克斯,出库,30037,拣货
LaSu1516Wh,白色 品牌11 15英寸 笔记本电脑（16吉字节内存）,笔记本电脑,品牌11,15英寸,16吉字节内存,白色,16*1*1,16,DW36C,克里斯,出库,30076,拣货
LaPH158GSi,银色 品牌12 15英寸 笔记本电脑（8吉字节内存）,笔记本电脑,品牌12,15英寸,8吉字节内存,银色,16*1*1,13,CI28B,艾米,出库,30073,拣货
OfAESErWh,白色 品牌05 小号 办公椅（人体工学）,办公椅,品牌05,小号,人体工学,白色,16*1*1,16,BV48C,大卫,出库,30010,拣货
TVEs65FHWh,白色 品牌32 65英寸 电视机（全高清）,电视机,品牌32,65英寸,全高清,白色,8*1*1,8,AK23G,迈克,出库,30008,拣货
CuTE18LoBe,米色 品牌04 1800 储物柜（储物锁柜）,储物柜,品牌04,1800,储物锁柜,米色,8*1*1,8,AR98D,劳拉,出库,30045,拣货
AlPH14i7Bl,黑色 品牌12 14英寸 一体机（第7代处理器）,一体机,品牌12,14英寸,第7代处理器,黑色,16*1*1,16,AR12C,迈克,出库,30099,拣货
KeSu27MeWh,白色 品牌11 270 键盘（机械式）,键盘,品牌11,270,机械式,白色,16*10*1,160,BM52E,迈克,出库,30007,拣货
TVYn42SFGr,灰色 品牌15 42英寸 电视机（超级全高清）,电视机,品牌15,42英寸,超级全高清,灰色,8*1*1,8,DL70F,亚历克斯,出库,30088,拣货
PrPHA4InBl,黑色 品牌12 四号纸 打印机（喷墨）,打印机,品牌12,四号纸,喷墨,黑色,16*1*1,1,BL96F,劳拉,出库,30008,拣货
KePH45ErNa,藏青色 品牌12 450 键盘（人体工学）,键盘,品牌12,450,人体工学,藏青色,16*10*1,132,AO97D,简,出库,30015,拣货
GaOGMErWh,白色 品牌07 中号 游戏椅（人体工学）,游戏椅,品牌07,中号,人体工学,白色,16*1*1,3,BU95A,克里斯,出库,30046,拣货
LaOv1716Si,银色 品牌13 17英寸 笔记本电脑（16吉字节内存）,笔记本电脑,品牌13,17英寸,16吉字节内存,银色,16*1*1,1,BJ65F,大卫,出库,30085,拣货
LaPH17i5Si,银色 品牌12 17英寸 笔记本电脑（第5代处理器）,笔记本电脑,品牌12,17英寸,第5代处理器,银色,16*1*1,16,CM35E,克里斯,出库,30026,拣货
LaYn1716Wh,白色 品牌15 17英寸 笔记本电脑（16吉字节内存）,笔记本电脑,品牌15,17英寸,16吉字节内存,白色,16*1*1,16,CX30H,艾米丽,出库,30053,拣货
LaPH17i7Bl,黑色 品牌12 17英寸 笔记本电脑（第7代处理器）,笔记本电脑,品牌12,17英寸,第7代处理器,黑色,16*1*1,2,BX62A,亚历克斯,出库,30045,拣货
SPNa12WaBl,黑色 品牌23 12 触控笔（水彩）,触控笔,品牌23,12,水彩,黑色,48*10*5,2400,DF36G,亚历克斯,出库,30057,拣货
DrTE12DoBl,黑色 品牌04 1200 抽屉柜（带门式）,抽屉柜,品牌04,1200,带门式,黑色,8*1*1,5,CR10E,莎拉,出库,30053,拣货
CuQE12LoGr,灰色 品牌01 1200 储物柜（储物锁柜）,储物柜,品牌01,1200,储物锁柜,灰色,8*1*1,8,DF98A,迈克,出库,30043,拣货
TVGL42S4Wh,白色 品牌31 42英寸 电视机（超级超高清）,电视机,品牌31,42英寸,超级超高清,白色,8*1*1,8,AN67H,迈克,出库,30004,拣货
PrNoA4WiGr,灰色 品牌26 四号纸 打印机（无线网络）,打印机,品牌26,四号纸,无线网络,灰色,16*1*1,16,BW47C,大卫,出库,30029,拣货
TaTR15WoBl,黑色 品牌29 1500 桌子（工作站）,桌子,品牌29,1500,工作站,黑色,8*1*1,8,AO06E,大卫,出库,30038,拣货
DrQE18FiBe,米色 品牌01 1800 抽屉柜（文件收纳）,抽屉柜,品牌01,1800,文件收纳,米色,8*1*1,8,DS55A,莎拉,出库,30041,拣货
CaWE12LoBe,米色 品牌02 1200 文件柜（储物锁柜）,文件柜,品牌02,1200,储物锁柜,米色,8*1*1,3,CG50H,迈克,出库,30066,拣货
TVEs75FHBl,黑色 品牌32 75英寸 电视机（全高清）,电视机,品牌32,75英寸,全高清,黑色,8*1*1,1,AR47E,艾米,出库,30077,拣货
PrSoA4InGr,灰色 品牌25 四号纸 打印机（喷墨）,打印机,品牌25,四号纸,喷墨,灰色,16*1*1,11,CF45F,亚历克斯,出库,30080,拣货
OfAESHeBl,黑色 品牌05 小号 办公椅（头枕）,办公椅,品牌05,小号,头枕,黑色,16*1*1,4,BH84B,艾米,出库,30035,拣货
KeHc27BlBl,黑色 品牌09 270 键盘（蓝牙）,键盘,品牌09,270,蓝牙,黑色,16*10*1,160,DF07D,亚历克斯,出库,30037,拣货
KeRe35ErBl,黑色 品牌10 350 键盘（人体工学）,键盘,品牌10,350,人体工学,黑色,16*10*1,18,CX08H,大卫,出库,30055,拣货
GaAESAdWh,白色 品牌05 小号 游戏椅（可调节）,游戏椅,品牌05,小号,可调节,白色,16*1*1,15,BP94A,约翰,出库,30023,拣货
PeRe12SoPi,粉色 品牌22 12 铅笔（可溶性）,铅笔,品牌22,12,可溶性,粉色,48*10*5,2400,DP98E,劳拉,出库,30002,拣货
OfSELLeGr,灰色 品牌08 大号 办公椅（皮革）,办公椅,品牌08,大号,皮革,灰色,16*1*1,16,AS90F,大卫,出库,30057,拣货
TVEs42SFWh,白色 品牌32 42英寸 电视机（超级全高清）,电视机,品牌32,42英寸,超级全高清,白色,8*1*1,1,AP81H,莎拉,出库,30075,拣货
PeAl24HeWh,白色 品牌20 24 铅笔（六角形）,铅笔,品牌20,24,六角形,白色,48*10*5,2400,DP53D,大卫,出库,30079,拣货
OfAESErBl,黑色 品牌05 小号 办公椅（人体工学）,办公椅,品牌05,小号,人体工学,黑色,16*1*1,16,DM80G,亚历克斯,出库,30002,拣货
DrRG12SlWh,白色 品牌03 1200 抽屉柜（滑动式）,抽屉柜,品牌03,1200,滑动式,白色,8*1*1,1,DU79C,约翰,出库,30080,拣货
TVGn42FHSi,银色 品牌30 42英寸 电视机（全高清）,电视机,品牌30,42英寸,全高清,银色,8*1*1,6,CS54C,劳拉,出库,30071,拣货
OfOGSErPi,粉色 品牌07 小号 办公椅（人体工学）,办公椅,品牌07,小号,人体工学,粉色,16*1*1,7,DM83B,约翰,出库,30093,拣货
TaTR18AdGr,灰色 品牌29 1800 桌子（可调节）,桌子,品牌29,1800,可调节,灰色,8*1*1,8,CI19D,克里斯,出库,30080,拣货
DrQE12SlBe,米色 品牌01 1200 抽屉柜（滑动式）,抽屉柜,品牌01,1200,滑动式,米色,8*1*1,8,DS20A,迈克,出库,30021,拣货
PeRe12SoPi,粉色 品牌22 12 铅笔（可溶性）,铅笔,品牌22,12,可溶性,粉色,48*10*5,2400,AM81E,迈克,出库,30078,拣货
LaRe1416Bl,黑色 品牌14 14英寸 笔记本电脑（16吉字节内存）,笔记本电脑,品牌14,14英寸,16吉字节内存,黑色,16*1*1,14,BR39A,劳拉,出库,30067,拣货
GaAELLeGr,灰色 品牌05 大号 游戏椅（皮革）,游戏椅,品牌05,大号,皮革,灰色,16*1*1,16,DY41E,劳拉,出库,30003,拣货
NoScA5ruBl,黑色 品牌17 五号纸 笔记本（横线）,笔记本,品牌17,五号纸,横线,黑色,48*10*5,2400,BM33E,迈克,出库,30053,拣货
TaTR10FrSi,银色 品牌28 1000 桌子（框架式）,桌子,品牌28,1000,框架式,银色,8*1*1,2,AO37A,简,出库,30064,拣货
TVGL75FHGr,灰色 品牌31 75英寸 电视机（全高清）,电视机,品牌31,75英寸,全高清,灰色,8*1*1,8,BM69F,大卫,出库,30003,拣货
AlPH14i7Wh,白色 品牌12 14英寸 一体机（第7代处理器）,一体机,品牌12,14英寸,第7代处理器,白色,16*1*1,16,DW12G,劳拉,出库,30081,拣货
AlOv1732Wh,白色 品牌13 17英寸 一体机（32吉字节内存）,一体机,品牌13,17英寸,32吉字节内存,白色,16*1*1,16,DL85A,劳拉,出库,30041,拣货
DrTE90FiBe,米色 品牌04 900 抽屉柜（文件收纳）,抽屉柜,品牌04,900,文件收纳,米色,8*1*1,7,CV63H,克里斯,出库,30015,拣货
LaRe15i7Gr,灰色 品牌14 15英寸 笔记本电脑（第7代处理器）,笔记本电脑,品牌14,15英寸,第7代处理器,灰色,16*1*1,15,AJ60G,艾米丽,出库,30072,拣货
GaXEMLeGr,灰色 品牌06 中号 游戏椅（皮革）,游戏椅,品牌06,中号,皮革,灰色,16*1*1,14,CW02H,艾米,出库,30078,拣货
NoGrA3doSi,银色 品牌18 三号纸 笔记本（点阵）,笔记本,品牌18,三号纸,点阵,银色,48*10*5,2400,CJ23C,迈克,出库,30059,拣货
MoPH35MeNa,藏青色 品牌12 350 鼠标（机械式）,鼠标,品牌12,350,机械式,藏青色,16*10*1,70,BF48B,艾米丽,出库,30001,拣货
OfXESAdWh,白色 品牌06 小号 办公椅（可调节）,办公椅,品牌06,小号,可调节,白色,16*1*1,16,DI26D,简,出库,30092,拣货
MoSu35WiNa,藏青色 品牌11 350 鼠标（有线）,鼠标,品牌11,350,有线,藏青色,16*10*1,160,AP22D,亚历克斯,出库,30062,拣货
NoGrA5ruSi,银色 品牌18 五号纸 笔记本（横线）,笔记本,品牌18,五号纸,横线,银色,48*10*5,1329,DG41B,迈克,出库,30079,拣货
TVGL754KSi,银色 品牌31 75英寸 电视机（超高清）,电视机,品牌31,75英寸,超高清,银色,8*1*1,1,AG32D,艾米,出库,30061,拣货
AlPH1732Wh,白色 品牌12 17英寸 一体机（32吉字节内存）,一体机,品牌12,17英寸,32吉字节内存,白色,16*1*1,16,DR80C,大卫,出库,30002,拣货
TaAE18WoSi,银色 品牌05 1800 桌子（工作站）,桌子,品牌05,1800,工作站,银色,8*1*1,4,AL39C,艾米丽,出库,30045,拣货
PrNoA4InBl,黑色 品牌26 四号纸 打印机（喷墨）,打印机,品牌26,四号纸,喷墨,黑色,16*1*1,16,BM37C,迈克,出库,30082,拣货
GaSEMHePi,粉色 品牌08 中号 游戏椅（头枕）,游戏椅,品牌08,中号,头枕,粉色,16*1*1,16,DJ06F,亚历克斯,出库,30028,拣货
MoSu27MePi,粉色 品牌11 270 鼠标（机械式）,鼠标,品牌11,270,机械式,粉色,16*10*1,160,CP92A,简,出库,30051,拣货
PrSoA4WiGr,灰色 品牌25 四号纸 打印机（无线网络）,打印机,品牌25,四号纸,无线网络,灰色,16*1*1,16,AI52D,莎拉,出库,30012,拣货
TaTR18WoSi,银色 品牌29 1800 桌子（工作站）,桌子,品牌29,1800,工作站,银色,8*1*1,8,DT33H,大卫,出库,30043,拣货
PeNa12WaBl,黑色 品牌23 12 铅笔（水彩）,铅笔,品牌23,12,水彩,黑色,48*10*5,239,CI89D,大卫,出库,30022,拣货
KeSu27ErBl,黑色 品牌11 270 键盘（人体工学）,键盘,品牌11,270,人体工学,黑色,16*10*1,160,BU78E,克里斯,出库,30039,拣货
TVEs42S4Bl,黑色 品牌32 42英寸 电视机（超级超高清）,电视机,品牌32,42英寸,超级超高清,黑色,8*1*1,8,DR18F,亚历克斯,出库,30025,拣货
PrNoA4MoGr,灰色 品牌26 四号纸 打印机（黑白）,打印机,品牌26,四号纸,黑白,灰色,16*1*1,16,CK17F,艾米丽,出库,30002,拣货
TaCI15AdBl,黑色 品牌27 1500 桌子（可调节）,桌子,品牌27,1500,可调节,黑色,8*1*1,8,DM53E,劳拉,出库,30065,拣货
AlYn1532Gr,灰色 品牌15 15英寸 一体机（32吉字节内存）,一体机,品牌15,15英寸,32吉字节内存,灰色,16*1*1,7,DS37B,迈克,出库,30022,拣货
PeNa24SoBl,黑色 品牌23 24 铅笔（可溶性）,铅笔,品牌23,24,可溶性,黑色,48*10*5,947,AU16C,艾米,出库,30098,拣货
OfOGLHeGr,灰色 品牌07 大号 办公椅（头枕）,办公椅,品牌07,大号,头枕,灰色,16*1*1,9,CW24H,劳拉,出库,30048,拣货
CuQE12SlBl,黑色 品牌01 1200 储物柜（滑动式）,储物柜,品牌01,1200,滑动式,黑色,8*1*1,8,DF65B,简,出库,30020,拣货
NoMuA3liGr,灰色 品牌19 三号纸 笔记本（线条）,笔记本,品牌19,三号纸,线条,灰色,48*10*5,2400,DG53F,艾米,出库,30055,拣货
CuTE18FiBe,米色 品牌04 1800 储物柜（文件收纳）,储物柜,品牌04,1800,文件收纳,米色,8*1*1,8,CX18H,劳拉,出库,30085,拣货
AlSu1516Bl,黑色 品牌11 15英寸 一体机（16吉字节内存）,一体机,品牌11,15英寸,16吉字节内存,黑色,16*1*1,16,CX64G,迈克,出库,30077,拣货
TVGn65S4Si,银色 品牌30 65英寸 电视机（超级超高清）,电视机,品牌30,65英寸,超级超高清,银色,8*1*1,7,BR71D,迈克,出库,30051,拣货
LaYn1416Bl,黑色 品牌15 14英寸 笔记本电脑（16吉字节内存）,笔记本电脑,品牌15,14英寸,16吉字节内存,黑色,16*1*1,3,AJ40H,劳拉,出库,30048,拣货
LaRe15i5Bl,黑色 品牌14 15英寸 笔记本电脑（第5代处理器）,笔记本电脑,品牌14,15英寸,第5代处理器,黑色,16*1*1,16,CU62C,艾米丽,出库,30035,拣货
KeRe27MePi,粉色 品牌10 270 键盘（机械式）,键盘,品牌10,270,机械式,粉色,16*10*1,160,AY09F,劳拉,出库,30060,拣货
LaOv1732Bl,黑色 品牌13 17英寸 笔记本电脑（32吉字节内存）,笔记本电脑,品牌13,17英寸,32吉字节内存,黑色,16*1*1,16,AF18H,艾米丽,出库,30000,拣货
PeNa12SoPi,粉色 品牌23 12 铅笔（可溶性）,铅笔,品牌23,12,可溶性,粉色,48*10*5,1295,DO29G,莎拉,出库,30056,拣货
OfAEMHeBl,黑色 品牌05 中号 办公椅（头枕）,办公椅,品牌05,中号,头枕,黑色,16*1*1,2,AL19B,大卫,出库,30006,拣货
AlPH14i7Wh,白色 品牌12 14英寸 一体机（第7代处理器）,一体机,品牌12,14英寸,第7代处理器,白色,16*1*1,3,DP10F,迈克,出库,30008,拣货
TaTR18FrWh,白色 品牌29 1800 桌子（框架式）,桌子,品牌29,1800,框架式,白色,8*1*1,8,CT15H,迈克,出库,30033,拣货
OfAESHePi,粉色 品牌05 小号 办公椅（头枕）,办公椅,品牌05,小号,头枕,粉色,16*1*1,6,DU61H,艾米,出库,30004,拣货
PrSoA3WiMi,混合色 品牌25 三号纸 打印机（无线网络）,打印机,品牌25,三号纸,无线网络,混合色,16*1*1,7,BY80D,迈克,出库,30006,拣货
KePH45ErPi,粉色 品牌12 450 键盘（人体工学）,键盘,品牌12,450,人体工学,粉色,16*10*1,160,BG13A,劳拉,出库,30088,拣货
GaSESErWh,白色 品牌08 小号 游戏椅（人体工学）,游戏椅,品牌08,小号,人体工学,白色,16*1*1,4,BQ10C,约翰,出库,30057,拣货
PeNa24WaBl,黑色 品牌23 24 铅笔（水彩）,铅笔,品牌23,24,水彩,黑色,48*10*5,2400,AH69D,大卫,出库,30025,拣货
PeAl12HePi,粉色 品牌20 12 铅笔（六角形）,铅笔,品牌20,12,六角形,粉色,48*10*5,2400,AZ78B,莎拉,出库,30076,拣货
PeGi24SoGr,灰色 品牌21 24 铅笔（可溶性）,铅笔,品牌21,24,可溶性,灰色,48*10*5,2400,DO03G,艾米,出库,30069,拣货
TaTR15AdBl,黑色 品牌29 1500 桌子（可调节）,桌子,品牌29,1500,可调节,黑色,8*1*1,8,AH24C,艾米,出库,30062,拣货
OfSEMHeBl,黑色 品牌08 中号 办公椅（头枕）,办公椅,品牌08,中号,头枕,黑色,16*1*1,16,BO98F,简,出库,30025,拣货
AlRe15i7Bl,黑色 品牌14 15英寸 一体机（第7代处理器）,一体机,品牌14,15英寸,第7代处理器,黑色,16*1*1,16,CW64H,简,出库,30092,拣货
TaTR15FrWh,白色 品牌28 1500 桌子（框架式）,桌子,品牌28,1500,框架式,白色,8*1*1,7,BH74F,简,出库,30075,拣货
SPRe50WaWh,白色 品牌22 50 触控笔（水彩）,触控笔,品牌22,50,水彩,白色,48*10*5,243,AN09G,大卫,出库,30050,拣货
OfAEMErGr,灰色 品牌05 中号 办公椅（人体工学）,办公椅,品牌05,中号,人体工学,灰色,16*1*1,16,AI36H,莎拉,出库,30048,拣货
LaRe14i7Gr,灰色 品牌14 14英寸 笔记本电脑（第7代处理器）,笔记本电脑,品牌14,14英寸,第7代处理器,灰色,16*1*1,16,CO81F,大卫,出库,30026,拣货
CuWE12FiGr,灰色 品牌02 1200 储物柜（文件收纳）,储物柜,品牌02,1200,文件收纳,灰色,8*1*1,8,CN26A,莎拉,出库,30090,拣货
CuTE18LoWh,白色 品牌04 1800 储物柜（储物锁柜）,储物柜,品牌04,1800,储物锁柜,白色,8*1*1,8,BU37A,克里斯,出库,30030,拣货
OfOGSErWh,白色 品牌07 小号 办公椅（人体工学）,办公椅,品牌07,小号,人体工学,白色,16*1*1,16,BL27D,迈克,出库,30046,拣货
LaYn14i7Si,银色 品牌15 14英寸 笔记本电脑（第7代处理器）,笔记本电脑,品牌15,14英寸,第7代处理器,银色,16*1*1,2,CV07B,莎拉,出库,30058,拣货
KeHc45WiBl,黑色 品牌09 450 键盘（有线）,键盘,品牌09,450,有线,黑色,16*10*1,160,CQ45A,迈克,出库,30027,拣货
DrTE18LoGr,灰色 品牌04 1800 抽屉柜（储物锁柜）,抽屉柜,品牌04,1800,储物锁柜,灰色,8*1*1,5,CU55F,大卫,出库,30050,拣货
CuRG12DoWh,白色 品牌03 1200 储物柜（带门式）,储物柜,品牌03,1200,带门式,白色,8*1*1,8,AR70E,劳拉,出库,30046,拣货
LaPH148GSi,银色 品牌12 14英寸 笔记本电脑（8吉字节内存）,笔记本电脑,品牌12,14英寸,8吉字节内存,银色,16*1*1,16,AP69H,克里斯,出库,30070,拣货
PrReA4AlWh,白色 品牌24 四号纸 打印机（一体式）,打印机,品牌24,四号纸,一体式,白色,16*1*1,13,AW02E,艾米丽,出库,30049,拣货
CuRG90DoWh,白色 品牌03 900 储物柜（带门式）,储物柜,品牌03,900,带门式,白色,8*1*1,5,AW43G,艾米丽,出库,30008,拣货
CaQE90SlWh,白色 品牌01 900 文件柜（滑动式）,文件柜,品牌01,900,滑动式,白色,8*1*1,8,AP31A,劳拉,出库,30033,拣货
LaOv148GBl,黑色 品牌13 14英寸 笔记本电脑（8吉字节内存）,笔记本电脑,品牌13,14英寸,8吉字节内存,黑色,16*1*1,8,CQ76A,艾米,出库,30014,拣货
LaPH17i7Si,银色 品牌12 17英寸 笔记本电脑（第7代处理器）,笔记本电脑,品牌12,17英寸,第7代处理器,银色,16*1*1,16,BR32G,大卫,出库,30025,拣货
KeRe45WiWh,白色 品牌10 450 键盘（有线）,键盘,品牌10,450,有线,白色,16*10*1,160,BZ77D,艾米丽,出库,30006,拣货
CaRG18DoGr,灰色 品牌03 1800 文件柜（带门式）,文件柜,品牌03,1800,带门式,灰色,8*1*1,2,AW21C,艾米丽,出库,30018,拣货
TVEs75SFBl,黑色 品牌32 75英寸 电视机（超级全高清）,电视机,品牌32,75英寸,超级全高清,黑色,8*1*1,8,DG60G,艾米丽,出库,30059,拣货
TVGn32FHWh,白色 品牌30 32英寸 电视机（全高清）,电视机,品牌30,32英寸,全高清,白色,8*1*1,5,BX46H,克里斯,出库,30073,拣货
OfOGSErWh,白色 品牌07 小号 办公椅（人体工学）,办公椅,品牌07,小号,人体工学,白色,16*1*1,16,CF04A,艾米丽,出库,30069,拣货
OfXELLeGr,灰色 品牌06 大号 办公椅（皮革）,办公椅,品牌06,大号,皮革,灰色,16*1*1,4,DG93D,约翰,出库,30080,拣货
CuQE18LoBe,米色 品牌01 1800 储物柜（储物锁柜）,储物柜,品牌01,1800,储物锁柜,米色,8*1*1,6,DM95G,艾米丽,出库,30073,拣货
PeNa50HePi,粉色 品牌23 50 铅笔（六角形）,铅笔,品牌23,50,六角形,粉色,48*10*5,2400,DX48F,迈克,出库,30024,拣货
DrWE18FiBl,黑色 品牌02 1800 抽屉柜（文件收纳）,抽屉柜,品牌02,1800,文件收纳,黑色,8*1*1,3,CQ85F,艾米丽,出库,30016,拣货
MoPH35MeBl,黑色 品牌12 350 鼠标（机械式）,鼠标,品牌12,350,机械式,黑色,16*10*1,160,BL85B,莎拉,出库,30055,拣货
AlYn1516Wh,白色 品牌15 15英寸 一体机（16吉字节内存）,一体机,品牌15,15英寸,16吉字节内存,白色,16*1*1,15,BH09D,克里斯,出库,30007,拣货
LaSu1732Gr,灰色 品牌11 17英寸 笔记本电脑（32吉字节内存）,笔记本电脑,品牌11,17英寸,32吉字节内存,灰色,16*1*1,16,DJ36H,艾米丽,出库,30015,拣货
OfOGSAdBl,黑色 品牌07 小号 办公椅（可调节）,办公椅,品牌07,小号,可调节,黑色,16*1*1,4,BG96E,莎拉,出库,30083,拣货
PrPHA2LaWh,白色 品牌12 二号纸 打印机（激光）,打印机,品牌12,二号纸,激光,白色,16*1*1,3,BJ42E,艾米,出库,30030,拣货
AlRe158GWh,白色 品牌14 15英寸 一体机（8吉字节内存）,一体机,品牌14,15英寸,8吉字节内存,白色,16*1*1,12,DJ79D,简,出库,30098,拣货
PrNoA3AlBl,黑色 品牌26 三号纸 打印机（一体式）,打印机,品牌26,三号纸,一体式,黑色,16*1*1,16,CZ27C,大卫,出库,30016,拣货
OfAELErWh,白色 品牌05 大号 办公椅（人体工学）,办公椅,品牌05,大号,人体工学,白色,16*1*1,16,AT22D,亚历克斯,出库,30041,拣货
OfSELErBl,黑色 品牌08 大号 办公椅（人体工学）,办公椅,品牌08,大号,人体工学,黑色,16*1*1,16,AR31C,亚历克斯,出库,30049,拣货
DrQE90SlBe,米色 品牌01 900 抽屉柜（滑动式）,抽屉柜,品牌01,900,滑动式,米色,8*1*1,1,AM42E,劳拉,出库,30069,拣货
NoExA3ruSi,银色 品牌16 三号纸 笔记本（横线）,笔记本,品牌16,三号纸,横线,银色,48*10*5,2400,CH87E,简,出库,30050,拣货
CaRG18DoWh,白色 品牌03 1800 文件柜（带门式）,文件柜,品牌03,1800,带门式,白色,8*1*1,4,BU39B,艾米,出库,30040,拣货
TVGL75S4Wh,白色 品牌31 75英寸 电视机（超级超高清）,电视机,品牌31,75英寸,超级超高清,白色,8*1*1,8,BH82F,艾米,出库,30087,拣货
PeNa50SoWh,白色 品牌23 50 铅笔（可溶性）,铅笔,品牌23,50,可溶性,白色,48*10*5,2400,AT82H,大卫,出库,30054,拣货
TVGL32S4Si,银色 品牌31 32英寸 电视机（超级超高清）,电视机,品牌31,32英寸,超级超高清,银色,8*1*1,4,DK71E,艾米,出库,30008,拣货
DrRG90LoBe,米色 品牌03 900 抽屉柜（储物锁柜）,抽屉柜,品牌03,900,储物锁柜,米色,8*1*1,8,DQ09E,艾米,出库,30024,拣货
MoRe45MeWh,白色 品牌10 450 鼠标（机械式）,鼠标,品牌10,450,机械式,白色,16*10*1,160,DL93B,迈克,出库,30039,拣货
CuRG90SlGr,灰色 品牌03 900 储物柜（滑动式）,储物柜,品牌03,900,滑动式,灰色,8*1*1,8,CZ69C,迈克,出库,30043,拣货
TVGL424KWh,白色 品牌31 42英寸 电视机（超高清）,电视机,品牌31,42英寸,超高清,白色,8*1*1,8,AF01E,约翰,出库,30059,拣货
TaTR10WoWh,白色 品牌28 1000 桌子（工作站）,桌子,品牌28,1000,工作站,白色,8*1*1,8,BO41B,简,出库,30043,拣货
CuRG12FiGr,灰色 品牌03 1200 储物柜（文件收纳）,储物柜,品牌03,1200,文件收纳,灰色,8*1*1,6,DM58F,艾米丽,出库,30051,拣货
AlYn1732Bl,黑色 品牌15 17英寸 一体机（32吉字节内存）,一体机,品牌15,17英寸,32吉字节内存,黑色,16*1*1,16,CY95C,迈克,出库,30015,拣货
OfOGLAdBl,黑色 品牌07 大号 办公椅（可调节）,办公椅,品牌07,大号,可调节,黑色,16*1*1,6,AO34F,艾米,出库,30033,拣货
PrNoA3LaBl,黑色 品牌26 三号纸 打印机（激光）,打印机,品牌26,三号纸,激光,黑色,16*1*1,16,DY75A,艾米丽,出库,30024,拣货
LaSu15i5Gr,灰色 品牌11 15英寸 笔记本电脑（第5代处理器）,笔记本电脑,品牌11,15英寸,第5代处理器,灰色,16*1*1,4,BM65A,迈克,出库,30000,拣货
DrWE90FiBl,黑色 品牌02 900 抽屉柜（文件收纳）,抽屉柜,品牌02,900,文件收纳,黑色,8*1*1,8,CG70B,亚历克斯,出库,30084,拣货
PrSoA4LaGr,灰色 品牌25 四号纸 打印机（激光）,打印机,品牌25,四号纸,激光,灰色,16*1*1,16,BF16A,约翰,出库,30099,拣货
LaRe1532Si,银色 品牌14 15英寸 笔记本电脑（32吉字节内存）,笔记本电脑,品牌14,15英寸,32吉字节内存,银色,16*1*1,2,DU39H,约翰,出库,30013,拣货
TVGL75S4Bl,黑色 品牌31 75英寸 电视机（超级超高清）,电视机,品牌31,75英寸,超级超高清,黑色,8*1*1,8,BJ43C,简,出库,30014,拣货
AlRe148GBl,黑色 品牌14 14英寸 一体机（8吉字节内存）,一体机,品牌14,14英寸,8吉字节内存,黑色,16*1*1,16,AQ25G,艾米,出库,30084,拣货
OfAELHePi,粉色 品牌05 大号 办公椅（头枕）,办公椅,品牌05,大号,头枕,粉色,16*1*1,1,DY04C,简,出库,30011,拣货
AlRe14i5Bl,黑色 品牌14 14英寸 一体机（第5代处理器）,一体机,品牌14,14英寸,第5代处理器,黑色,16*1*1,16,CY79G,简,出库,30048,拣货
TVYn32SFGr,灰色 品牌15 32英寸 电视机（超级全高清）,电视机,品牌15,32英寸,超级全高清,灰色,8*1*1,5,AY18H,迈克,出库,30047,拣货
OfAELHeWh,白色 品牌05 大号 办公椅（头枕）,办公椅,品牌05,大号,头枕,白色,16*1*1,3,DH16G,大卫,出库,30083,拣货
GaOGLLePi,粉色 品牌07 大号 游戏椅（皮革）,游戏椅,品牌07,大号,皮革,粉色,16*1*1,16,DL95A,艾米丽,出库,30002,拣货
TaCI10FrSi,银色 品牌27 1000 桌子（框架式）,桌子,品牌27,1000,框架式,银色,8*1*1,5,DV38H,艾米,出库,30026,拣货
NoMuA4doGr,灰色 品牌19 四号纸 笔记本（点阵）,笔记本,品牌19,四号纸,点阵,灰色,48*10*5,2400,AX77C,劳拉,出库,30015,拣货
PeGi24WaPi,粉色 品牌21 24 铅笔（水彩）,铅笔,品牌21,24,水彩,粉色,48*10*5,560,DR57G,劳拉,出库,30058,拣货
NoExA3ruWh,白色 品牌16 三号纸 笔记本（横线）,笔记本,品牌16,三号纸,横线,白色,48*10*5,2400,AK67G,简,出库,30061,拣货
LaOv1732Wh,白色 品牌13 17英寸 笔记本电脑（32吉字节内存）,笔记本电脑,品牌13,17英寸,32吉字节内存,白色,16*1*1,16,BU67D,亚历克斯,出库,30034,拣货
AlRe1516Wh,白色 品牌14 15英寸 一体机（16吉字节内存）,一体机,品牌14,15英寸,16吉字节内存,白色,16*1*1,16,CK15C,约翰,出库,30030,拣货
KeSu27BlNa,藏青色 品牌11 270 键盘（蓝牙）,键盘,品牌11,270,蓝牙,藏青色,16*10*1,160,AU61G,克里斯,出库,30045,拣货
TVYn75S4Gr,灰色 品牌15 75英寸 电视机（超级超高清）,电视机,品牌15,75英寸,超级超高清,灰色,8*1*1,8,CL44G,约翰,出库,30033,拣货
AlRe15i7Wh,白色 品牌14 15英寸 一体机（第7代处理器）,一体机,品牌14,15英寸,第7代处理器,白色,16*1*1,16,DQ18C,简,出库,30048,拣货
CaRG12FiWh,白色 品牌03 1200 文件柜（文件收纳）,文件柜,品牌03,1200,文件收纳,白色,8*1*1,8,DI67E,亚历克斯,出库,30038,拣货
NoGrA3liGr,灰色 品牌18 三号纸 笔记本（线条）,笔记本,品牌18,三号纸,线条,灰色,48*10*5,1488,BW47A,莎拉,出库,30023,拣货
TaAE10WoBl,黑色 品牌05 1000 桌子（工作站）,桌子,品牌05,1000,工作站,黑色,8*1*1,2,AR19D,亚历克斯,出库,30061,拣货
GaXESLePi,粉色 品牌06 小号 游戏椅（皮革）,游戏椅,品牌06,小号,皮革,粉色,16*1*1,16,BG65B,克里斯,出库,30090,拣货
TaAE10AuGr,灰色 品牌05 1000 桌子（自动调节）,桌子,品牌05,1000,自动调节,灰色,8*1*1,7,CP30H,约翰,出库,30043,拣货
AlYn15i5Si,银色 品牌15 15英寸 一体机（第5代处理器）,一体机,品牌15,15英寸,第5代处理器,银色,16*1*1,16,BQ56E,简,出库,30092,拣货
DrRG18LoGr,灰色 品牌03 1800 抽屉柜（储物锁柜）,抽屉柜,品牌03,1800,储物锁柜,灰色,8*1*1,8,CM27E,大卫,出库,30056,拣货
PeRe12WaGr,灰色 品牌22 12 铅笔（水彩）,铅笔,品牌22,12,水彩,灰色,48*10*5,2400,DH53D,亚历克斯,出库,30067,拣货
TaAE15AdGr,灰色 品牌05 1500 桌子（可调节）,桌子,品牌05,1500,可调节,灰色,8*1*1,6,BZ58B,简,出库,30050,拣货
NoGrA3doGr,灰色 品牌18 三号纸 笔记本（点阵）,笔记本,品牌18,三号纸,点阵,灰色,48*10*5,2400,BQ41C,迈克,出库,30027,拣货
CuWE90LoWh,白色 品牌02 900 储物柜（储物锁柜）,储物柜,品牌02,900,储物锁柜,白色,8*1*1,8,DI44F,莎拉,出库,30037,拣货
GaOGMErGr,灰色 品牌07 中号 游戏椅（人体工学）,游戏椅,品牌07,中号,人体工学,灰色,16*1*1,16,AS93G,约翰,出库,30045,拣货
TVGn75FHSi,银色 品牌30 75英寸 电视机（全高清）,电视机,品牌30,75英寸,全高清,银色,8*1*1,2,DK14G,艾米,出库,30064,拣货
PrReA3InGr,灰色 品牌24 三号纸 打印机（喷墨）,打印机,品牌24,三号纸,喷墨,灰色,16*1*1,16,DX40H,迈克,出库,30096,拣货
OfOGLLeWh,白色 品牌07 大号 办公椅（皮革）,办公椅,品牌07,大号,皮革,白色,16*1*1,16,DI75B,亚历克斯,出库,30054,拣货
DrQE12LoGr,灰色 品牌01 1200 抽屉柜（储物锁柜）,抽屉柜,品牌01,1200,储物锁柜,灰色,8*1*1,8,BJ90H,克里斯,出库,30043,拣货
KeRe45ErBl,黑色 品牌10 450 键盘（人体工学）,键盘,品牌10,450,人体工学,黑色,16*10*1,50,DN09C,艾米,出库,30089,拣货
DrTE90SlGr,灰色 品牌04 900 抽屉柜（滑动式）,抽屉柜,品牌04,900,滑动式,灰色,8*1*1,2,DR60H,亚历克斯,出库,30001,拣货
LaOv14i7Gr,灰色 品牌13 14英寸 笔记本电脑（第7代处理器）,笔记本电脑,品牌13,14英寸,第7代处理器,灰色,16*1*1,7,AH64D,莎拉,出库,30073,拣货
CaRG18DoGr,灰色 品牌03 1800 文件柜（带门式）,文件柜,品牌03,1800,带门式,灰色,8*1*1,8,CQ08H,亚历克斯,出库,30037,拣货
NoMuA3ruWh,白色 品牌19 三号纸 笔记本（横线）,笔记本,品牌19,三号纸,横线,白色,48*10*5,2400,AJ16A,劳拉,出库,30096,拣货
LaRe148GWh,白色 品牌14 14英寸 笔记本电脑（8吉字节内存）,笔记本电脑,品牌14,14英寸,8吉字节内存,白色,16*1*1,4,AI14B,大卫,出库,30039,拣货
CaQE12FiGr,灰色 品牌01 1200 文件柜（文件收纳）,文件柜,品牌01,1200,文件收纳,灰色,8*1*1,8,DK08C,约翰,出库,30032,拣货
TaCI15AdSi,银色 品牌27 1500 桌子（可调节）,桌子,品牌27,1500,可调节,银色,8*1*1,8,AT45E,大卫,出库,30045,拣货
OfAEMAdPi,粉色 品牌05 中号 办公椅（可调节）,办公椅,品牌05,中号,可调节,粉色,16*1*1,10,CO77E,大卫,出库,30088,拣货
LaSu1732Bl,黑色 品牌11 17英寸 笔记本电脑（32吉字节内存）,笔记本电脑,品牌11,17英寸,32吉字节内存,黑色,16*1*1,16,CK01G,大卫,出库,30031,拣货
AlRe1416Si,银色 品牌14 14英寸 一体机（16吉字节内存）,一体机,品牌14,14英寸,16吉字节内存,银色,16*1*1,16,CV91A,劳拉,出库,30040,拣货
TaAE18AdSi,银色 品牌05 1800 桌子（可调节）,桌子,品牌05,1800,可调节,银色,8*1*1,5,DX03H,亚历克斯,出库,30024,拣货
GaOGMErBl,黑色 品牌07 中号 游戏椅（人体工学）,游戏椅,品牌07,中号,人体工学,黑色,16*1*1,7,DG82C,劳拉,出库,30015,拣货
AlRe1732Wh,白色 品牌14 17英寸 一体机（32吉字节内存）,一体机,品牌14,17英寸,32吉字节内存,白色,16*1*1,16,AR43C,艾米,出库,30080,拣货
CuWE90DoWh,白色 品牌02 900 储物柜（带门式）,储物柜,品牌02,900,带门式,白色,8*1*1,8,DS27B,亚历克斯,出库,30014,拣货
TVGn32S4Wh,白色 品牌30 32英寸 电视机（超级超高清）,电视机,品牌30,32英寸,超级超高清,白色,8*1*1,4,BV79H,大卫,出库,30029,拣货
KeHc35BlWh,白色 品牌09 350 键盘（蓝牙）,键盘,品牌09,350,蓝牙,白色,16*10*1,90,AL32F,劳拉,出库,30028,拣货
GaOGMHeBl,黑色 品牌07 中号 游戏椅（头枕）,游戏椅,品牌07,中号,头枕,黑色,16*1*1,16,BN63B,艾米丽,出库,30064,拣货
TVGn504KWh,白色 品牌30 50英寸 电视机（超高清）,电视机,品牌30,50英寸,超高清,白色,8*1*1,8,AF65F,劳拉,出库,30053,拣货
KeSu45BlBl,黑色 品牌11 450 键盘（蓝牙）,键盘,品牌11,450,蓝牙,黑色,16*10*1,160,DP94C,亚历克斯,出库,30096,拣货
CuRG90FiGr,灰色 品牌03 900 储物柜（文件收纳）,储物柜,品牌03,900,文件收纳,灰色,8*1*1,8,DI13H,艾米,出库,30004,拣货
MoPH45ErBl,黑色 品牌12 450 鼠标（人体工学）,鼠标,品牌12,450,人体工学,黑色,16*10*1,160,AL59E,莎拉,出库,30020,拣货
MoSu35ErBl,黑色 品牌11 350 鼠标（人体工学）,鼠标,品牌11,350,人体工学,黑色,16*10*1,54,AX11B,约翰,出库,30057,拣货
PeRe24SoGr,灰色 品牌22 24 铅笔（可溶性）,铅笔,品牌22,24,可溶性,灰色,48*10*5,1410,CR09G,约翰,出库,30095,拣货
PeNa50SoPi,粉色 品牌23 50 铅笔（可溶性）,铅笔,品牌23,50,可溶性,粉色,48*10*5,2400,AX74D,大卫,出库,30031,拣货
AlRe15i7Wh,白色 品牌14 15英寸 一体机（第7代处理器）,一体机,品牌14,15英寸,第7代处理器,白色,16*1*1,2,BN78E,简,出库,30095,拣货
PrNoA3InBl,黑色 品牌26 三号纸 打印机（喷墨）,打印机,品牌26,三号纸,喷墨,黑色,16*1*1,16,DK59B,约翰,出库,30032,拣货
TaTR15WoSi,银色 品牌28 1500 桌子（工作站）,桌子,品牌28,1500,工作站,银色,8*1*1,6,AQ96G,大卫,出库,30090,拣货
KeRe27WiNa,藏青色 品牌10 270 键盘（有线）,键盘,品牌10,270,有线,藏青色,16*10*1,106,DH11G,迈克,出库,30056,拣货
LaSu14i5Wh,白色 品牌11 14英寸 笔记本电脑（第5代处理器）,笔记本电脑,品牌11,14英寸,第5代处理器,白色,16*1*1,6,AZ73E,艾米丽,出库,30081,拣货
PrReA4MoGr,灰色 品牌24 四号纸 打印机（黑白）,打印机,品牌24,四号纸,黑白,灰色,16*1*1,16,BX82D,简,出库,30088,拣货
MoHc35MeNa,藏青色 品牌09 350 鼠标（机械式）,鼠标,品牌09,350,机械式,藏青色,16*10*1,158,CM48C,艾米丽,出库,30086,拣货
CaWE12SlBl,黑色 品牌02 1200 文件柜（滑动式）,文件柜,品牌02,1200,滑动式,黑色,8*1*1,8,CG21H,莎拉,出库,30021,拣货
KePH35BlPi,粉色 品牌12 350 键盘（蓝牙）,键盘,品牌12,350,蓝牙,粉色,16*10*1,21,DK11D,约翰,出库,30067,拣货
PrNoA2AlMi,混合色 品牌26 二号纸 打印机（一体式）,打印机,品牌26,二号纸,一体式,混合色,16*1*1,16,DU92B,莎拉,出库,30071,拣货
DrWE90FiWh,白色 品牌02 900 抽屉柜（文件收纳）,抽屉柜,品牌02,900,文件收纳,白色,8*1*1,7,DF92B,艾米,出库,30029,拣货
MoRe27BlPi,粉色 品牌10 270 鼠标（蓝牙）,鼠标,品牌10,270,蓝牙,粉色,16*10*1,83,CJ95G,迈克,出库,30095,拣货
DrTE18DoBl,黑色 品牌04 1800 抽屉柜（带门式）,抽屉柜,品牌04,1800,带门式,黑色,8*1*1,8,AL12F,艾米,出库,30047,拣货
KeSu27BlBl,黑色 品牌11 270 键盘（蓝牙）,键盘,品牌11,270,蓝牙,黑色,16*10*1,72,DU62C,约翰,出库,30044,拣货
LaYn15i7Gr,灰色 品牌15 15英寸 笔记本电脑（第7代处理器）,笔记本电脑,品牌15,15英寸,第7代处理器,灰色,16*1*1,4,BW55H,约翰,出库,30076,拣货
PrReA2LaMi,混合色 品牌24 二号纸 打印机（激光）,打印机,品牌24,二号纸,激光,混合色,16*1*1,7,AK90G,亚历克斯,出库,30013,拣货
PeNa50SoBl,黑色 品牌23 50 铅笔（可溶性）,铅笔,品牌23,50,可溶性,黑色,48*10*5,2400,BJ77C,亚历克斯,出库,30027,拣货
KeHc45MePi,粉色 品牌09 450 键盘（机械式）,键盘,品牌09,450,机械式,粉色,16*10*1,160,DM10H,简,出库,30069,拣货
TaTR10WoBl,黑色 品牌29 1000 桌子（工作站）,桌子,品牌29,1000,工作站,黑色,8*1*1,6,DO12F,亚历克斯,出库,30015,拣货
TaCI15FrGr,灰色 品牌27 1500 桌子（框架式）,桌子,品牌27,1500,框架式,灰色,8*1*1,8,AQ03A,亚历克斯,出库,30062,拣货
CuQE90LoBe,米色 品牌01 900 储物柜（储物锁柜）,储物柜,品牌01,900,储物锁柜,米色,8*1*1,7,CZ96G,约翰,出库,30047,拣货
OfXELAdPi,粉色 品牌06 大号 办公椅（可调节）,办公椅,品牌06,大号,可调节,粉色,16*1*1,14,BW27C,大卫,出库,30034,拣货
TVGL42S4Wh,白色 品牌31 42英寸 电视机（超级超高清）,电视机,品牌31,42英寸,超级超高清,白色,8*1*1,8,CQ89B,大卫,出库,30024,拣货
AlOv1716Bl,黑色 品牌13 17英寸 一体机（16吉字节内存）,一体机,品牌13,17英寸,16吉字节内存,黑色,16*1*1,7,BH98E,大卫,出库,30008,拣货
SPNa24WaGr,灰色 品牌23 24 触控笔（水彩）,触控笔,品牌23,24,水彩,灰色,48*10*5,2311,CU64F,劳拉,出库,30024,拣货
OfAELErBl,黑色 品牌05 大号 办公椅（人体工学）,办公椅,品牌05,大号,人体工学,黑色,16*1*1,8,CK77G,迈克,出库,30084,拣货
AlPH17i7Gr,灰色 品牌12 17英寸 一体机（第7代处理器）,一体机,品牌12,17英寸,第7代处理器,灰色,16*1*1,9,DU73E,约翰,出库,30020,拣货
OfSELErPi,粉色 品牌08 大号 办公椅（人体工学）,办公椅,品牌08,大号,人体工学,粉色,16*1*1,16,DZ31E,艾米丽,出库,30057,拣货
TVGn65SFWh,白色 品牌30 65英寸 电视机（超级全高清）,电视机,品牌30,65英寸,超级全高清,白色,8*1*1,5,DI74E,艾米,出库,30070,拣货
OfSESHeWh,白色 品牌08 小号 办公椅（头枕）,办公椅,品牌08,小号,头枕,白色,16*1*1,8,BR71H,艾米,出库,30025,拣货
GaOGLHeGr,灰色 品牌07 大号 游戏椅（头枕）,游戏椅,品牌07,大号,头枕,灰色,16*1*1,16,AS65F,克里斯,出库,30057,拣货
TaTR10AdBl,黑色 品牌28 1000 桌子（可调节）,桌子,品牌28,1000,可调节,黑色,8*1*1,1,AZ04C,简,出库,30071,拣货
GaAELHeGr,灰色 品牌05 大号 游戏椅（头枕）,游戏椅,品牌05,大号,头枕,灰色,16*1*1,16,DX26G,艾米丽,出库,30023,拣货
TVYn50FHWh,白色 品牌15 50英寸 电视机（全高清）,电视机,品牌15,50英寸,全高清,白色,8*1*1,8,AN31A,亚历克斯,出库,30008,拣货
TaCI10WoSi,银色 品牌27 1000 桌子（工作站）,桌子,品牌27,1000,工作站,银色,8*1*1,8,BI22G,艾米丽,出库,30001,拣货
DrWE18DoWh,白色 品牌02 1800 抽屉柜（带门式）,抽屉柜,品牌02,1800,带门式,白色,8*1*1,2,AI93E,大卫,出库,30080,拣货
MoSu35BlNa,藏青色 品牌11 350 鼠标（蓝牙）,鼠标,品牌11,350,蓝牙,藏青色,16*10*1,160,CF65C,大卫,出库,30037,拣货
AlSu178GBl,黑色 品牌11 17英寸 一体机（8吉字节内存）,一体机,品牌11,17英寸,8吉字节内存,黑色,16*1*1,16,DM60E,简,出库,30040,拣货
TVEs654KWh,白色 品牌32 65英寸 电视机（超高清）,电视机,品牌32,65英寸,超高清,白色,8*1*1,8,BG06C,亚历克斯,出库,30069,拣货
AlYn1416Si,银色 品牌15 14英寸 一体机（16吉字节内存）,一体机,品牌15,14英寸,16吉字节内存,银色,16*1*1,16,BK97A,亚历克斯,出库,30027,拣货
NoScA3doGr,灰色 品牌17 三号纸 笔记本（点阵）,笔记本,品牌17,三号纸,点阵,灰色,48*10*5,2400,CR40H,莎拉,出库,30095,拣货
LaRe1416Bl,黑色 品牌14 14英寸 笔记本电脑（16吉字节内存）,笔记本电脑,品牌14,14英寸,16吉字节内存,黑色,16*1*1,16,DV36F,克里斯,出库,30087,拣货
DrTE90SlWh,白色 品牌04 900 抽屉柜（滑动式）,抽屉柜,品牌04,900,滑动式,白色,8*1*1,8,BI44C,劳拉,出库,30005,拣货
AlSu1416Si,银色 品牌11 14英寸 一体机（16吉字节内存）,一体机,品牌11,14英寸,16吉字节内存,银色,16*1*1,15,DT96H,克里斯,出库,30067,拣货
TaCI18FrGr,灰色 品牌27 1800 桌子（框架式）,桌子,品牌27,1800,框架式,灰色,8*1*1,8,DU24D,克里斯,出库,30079,拣货
OfOGLAdGr,灰色 品牌07 大号 办公椅（可调节）,办公椅,品牌07,大号,可调节,灰色,16*1*1,14,DU22H,莎拉,出库,30004,拣货
AlPH158GWh,白色 品牌12 15英寸 一体机（8吉字节内存）,一体机,品牌12,15英寸,8吉字节内存,白色,16*1*1,16,CK10A,克里斯,出库,30090,拣货
MoRe45BlBl,黑色 品牌10 450 鼠标（蓝牙）,鼠标,品牌10,450,蓝牙,黑色,16*10*1,20,CO14C,劳拉,出库,30092,拣货
PrPHA3MoWh,白色 品牌12 三号纸 打印机（黑白）,打印机,品牌12,三号纸,黑白,白色,16*1*1,16,AI51E,艾米丽,出库,30006,拣货
LaOv1716Gr,灰色 品牌13 17英寸 笔记本电脑（16吉字节内存）,笔记本电脑,品牌13,17英寸,16吉字节内存,灰色,16*1*1,16,CO03D,劳拉,出库,30021,拣货
TaAE15AuBl,黑色 品牌05 1500 桌子（自动调节）,桌子,品牌05,1500,自动调节,黑色,8*1*1,8,DV46F,亚历克斯,出库,30067,拣货
LaSu15i5Gr,灰色 品牌11 15英寸 笔记本电脑（第5代处理器）,笔记本电脑,品牌11,15英寸,第5代处理器,灰色,16*1*1,10,BM09E,约翰,出库,30063,拣货
PeAl24SoWh,白色 品牌20 24 铅笔（可溶性）,铅笔,品牌20,24,可溶性,白色,48*10*5,2400,DV34F,约翰,出库,30086,拣货
AlYn178GGr,灰色 品牌15 17英寸 一体机（8吉字节内存）,一体机,品牌15,17英寸,8吉字节内存,灰色,16*1*1,3,BW05C,亚历克斯,出库,30093,拣货
LaSu158GWh,白色 品牌11 15英寸 笔记本电脑（8吉字节内存）,笔记本电脑,品牌11,15英寸,8吉字节内存,白色,16*1*1,16,DQ83D,艾米,出库,30077,拣货
KePH27WiNa,藏青色 品牌12 270 键盘（有线）,键盘,品牌12,270,有线,藏青色,16*10*1,160,BT88D,亚历克斯,出库,30078,拣货
DrQE18FiGr,灰色 品牌01 1800 抽屉柜（文件收纳）,抽屉柜,品牌01,1800,文件收纳,灰色,8*1*1,8,CV69G,简,出库,30086,拣货
OfSELHePi,粉色 品牌08 大号 办公椅（头枕）,办公椅,品牌08,大号,头枕,粉色,16*1*1,5,DZ55E,约翰,出库,30041,拣货
TVGL75FHWh,白色 品牌31 75英寸 电视机（全高清）,电视机,品牌31,75英寸,全高清,白色,8*1*1,1,CW62C,迈克,出库,30000,拣货
SPGi50SoWh,白色 品牌21 50 触控笔（可溶性）,触控笔,品牌21,50,可溶性,白色,48*10*5,2400,AV94A,约翰,出库,30095,拣货
TVGL50SFGr,灰色 品牌31 50英寸 电视机（超级全高清）,电视机,品牌31,50英寸,超级全高清,灰色,8*1*1,8,AG02G,莎拉,出库,30098,拣货
LaRe148GWh,白色 品牌14 14英寸 笔记本电脑（8吉字节内存）,笔记本电脑,品牌14,14英寸,8吉字节内存,白色,16*1*1,5,CU28C,迈克,出库,30016,拣货
DrTE90DoGr,灰色 品牌04 900 抽屉柜（带门式）,抽屉柜,品牌04,900,带门式,灰色,8*1*1,6,CZ88E,大卫,出库,30090,拣货
PeGi12HePi,粉色 品牌21 12 铅笔（六角形）,铅笔,品牌21,12,六角形,粉色,48*10*5,265,CH76D,简,出库,30068,拣货
GaAEMAdBl,黑色 品牌05 中号 游戏椅（可调节）,游戏椅,品牌05,中号,可调节,黑色,16*1*1,16,BI52A,简,出库,30032,拣货
TaTR18AdWh,白色 品牌29 1800 桌子（可调节）,桌子,品牌29,1800,可调节,白色,8*1*1,8,DX43C,劳拉,出库,30017,拣货
AlOv1716Si,银色 品牌13 17英寸 一体机（16吉字节内存）,一体机,品牌13,17英寸,16吉字节内存,银色,16*1*1,8,AF07G,简,出库,30085,拣货
AlSu1416Bl,黑色 品牌11 14英寸 一体机（16吉字节内存）,一体机,品牌11,14英寸,16吉字节内存,黑色,16*1*1,16,BP58C,简,出库,30012,拣货
TVGL50SFSi,银色 品牌31 50英寸 电视机（超级全高清）,电视机,品牌31,50英寸,超级全高清,银色,8*1*1,6,AO97E,莎拉,出库,30070,拣货
TaTR18WoWh,白色 品牌28 1800 桌子（工作站）,桌子,品牌28,1800,工作站,白色,8*1*1,6,AX79F,艾米丽,出库,30080,拣货
LaPH1732Wh,白色 品牌12 17英寸 笔记本电脑（32吉字节内存）,笔记本电脑,品牌12,17英寸,32吉字节内存,白色,16*1*1,16,BI72F,克里斯,出库,30058,拣货
CuRG18SlWh,白色 品牌03 1800 储物柜（滑动式）,储物柜,品牌03,1800,滑动式,白色,8*1*1,1,DJ69G,莎拉,出库,30003,拣货
PrNoA3InBl,黑色 品牌26 三号纸 打印机（喷墨）,打印机,品牌26,三号纸,喷墨,黑色,16*1*1,16,DY18H,约翰,出库,30001,拣货
TVGn75SFBl,黑色 品牌30 75英寸 电视机（超级全高清）,电视机,品牌30,75英寸,超级全高清,黑色,8*1*1,8,BH88C,劳拉,出库,30075,拣货
LaYn158GSi,银色 品牌15 15英寸 笔记本电脑（8吉字节内存）,笔记本电脑,品牌15,15英寸,8吉字节内存,银色,16*1*1,4,AL62H,亚历克斯,出库,30094,拣货
AlSu1516Wh,白色 品牌11 15英寸 一体机（16吉字节内存）,一体机,品牌11,15英寸,16吉字节内存,白色,16*1*1,16,AW83H,迈克,出库,30003,拣货
MoRe27WiBl,黑色 品牌10 270 鼠标（有线）,鼠标,品牌10,270,有线,黑色,16*10*1,151,CL81G,简,出库,30031,拣货
AlSu1732Si,银色 品牌11 17英寸 一体机（32吉字节内存）,一体机,品牌11,17英寸,32吉字节内存,银色,16*1*1,13,AN82B,艾米,出库,30083,拣货
TVGn50FHBl,黑色 品牌30 50英寸 电视机（全高清）,电视机,品牌30,50英寸,全高清,黑色,8*1*1,8,DI91E,艾米丽,出库,30060,拣货
AlRe14i7Gr,灰色 品牌14 14英寸 一体机（第7代处理器）,一体机,品牌14,14英寸,第7代处理器,灰色,16*1*1,16,DJ08C,莎拉,出库,30024,拣货
TVYn424KWh,白色 品牌15 42英寸 电视机（超高清）,电视机,品牌15,42英寸,超高清,白色,8*1*1,1,AF57C,莎拉,出库,30079,拣货
MoRe35ErWh,白色 品牌10 350 鼠标（人体工学）,鼠标,品牌10,350,人体工学,白色,16*10*1,64,BF65G,克里斯,出库,30069,拣货
LaPH1732Gr,灰色 品牌12 17英寸 笔记本电脑（32吉字节内存）,笔记本电脑,品牌12,17英寸,32吉字节内存,灰色,16*1*1,7,BT68B,艾米丽,出库,30084,拣货
SPNa12WaPi,粉色 品牌23 12 触控笔（水彩）,触控笔,品牌23,12,水彩,粉色,48*10*5,2400,DR21E,艾米,出库,30033,拣货
OfAESAdPi,粉色 品牌05 小号 办公椅（可调节）,办公椅,品牌05,小号,可调节,粉色,16*1*1,16,CU11C,艾米丽,出库,30064,拣货
TVGn65S4Si,银色 品牌30 65英寸 电视机（超级超高清）,电视机,品牌30,65英寸,超级超高清,银色,8*1*1,8,AZ98H,艾米丽,出库,30000,拣货
LaOv1716Si,银色 品牌13 17英寸 笔记本电脑（16吉字节内存）,笔记本电脑,品牌13,17英寸,16吉字节内存,银色,16*1*1,2,CP12F,艾米,出库,30001,拣货
TVGn754KWh,白色 品牌30 75英寸 电视机（超高清）,电视机,品牌30,75英寸,超高清,白色,8*1*1,8,DQ85C,克里斯,出库,30062,拣货
DrWE12DoBe,米色 品牌02 1200 抽屉柜（带门式）,抽屉柜,品牌02,1200,带门式,米色,8*1*1,8,AO22A,约翰,出库,30044,拣货
PrNoA3WiGr,灰色 品牌26 三号纸 打印机（无线网络）,打印机,品牌26,三号纸,无线网络,灰色,16*1*1,13,AX37C,艾米,出库,30066,拣货
TVYn32FHGr,灰色 品牌15 32英寸 电视机（全高清）,电视机,品牌15,32英寸,全高清,灰色,8*1*1,1,DN54F,约翰,出库,30089,拣货
PeRe24SoPi,粉色 品牌22 24 铅笔（可溶性）,铅笔,品牌22,24,可溶性,粉色,48*10*5,1265,BW87G,大卫,出库,30025,拣货
CuQE90SlWh,白色 品牌01 900 储物柜（滑动式）,储物柜,品牌01,900,滑动式,白色,8*1*1,2,AU12B,约翰,出库,30042,拣货
PrNoA3MoMi,混合色 品牌26 三号纸 打印机（黑白）,打印机,品牌26,三号纸,黑白,混合色,16*1*1,16,BK12E,艾米,出库,30050,拣货
TaTR18AdWh,白色 品牌29 1800 桌子（可调节）,桌子,品牌29,1800,可调节,白色,8*1*1,6,DS14F,亚历克斯,出库,30098,拣货
AlSu148GBl,黑色 品牌11 14英寸 一体机（8吉字节内存）,一体机,品牌11,14英寸,8吉字节内存,黑色,16*1*1,16,CN70B,迈克,出库,30091,拣货
PrReA4WiGr,灰色 品牌24 四号纸 打印机（无线网络）,打印机,品牌24,四号纸,无线网络,灰色,16*1*1,16,CY24B,艾米,出库,30037,拣货
KeHc35MeBl,黑色 品牌09 350 键盘（机械式）,键盘,品牌09,350,机械式,黑色,16*10*1,160,CS19E,克里斯,出库,30056,拣货
PeNa24WaPi,粉色 品牌23 24 铅笔（水彩）,铅笔,品牌23,24,水彩,粉色,48*10*5,1462,BZ82E,约翰,出库,30083,拣货
NoExA3doWh,白色 品牌16 三号纸 笔记本（点阵）,笔记本,品牌16,三号纸,点阵,白色,48*10*5,2400,CJ23F,迈克,出库,30027,拣货
DrTE18LoWh,白色 品牌04 1800 抽屉柜（储物锁柜）,抽屉柜,品牌04,1800,储物锁柜,白色,8*1*1,8,BT32C,大卫,出库,30022,拣货
TaTR10AdGr,灰色 品牌29 1000 桌子（可调节）,桌子,品牌29,1000,可调节,灰色,8*1*1,3,CZ88C,克里斯,出库,30073,拣货
TVGL42FHBl,黑色 品牌31 42英寸 电视机（全高清）,电视机,品牌31,42英寸,全高清,黑色,8*1*1,1,CK35H,约翰,出库,30041,拣货
GaOGLErWh,白色 品牌07 大号 游戏椅（人体工学）,游戏椅,品牌07,大号,人体工学,白色,16*1*1,9,DS05G,劳拉,出库,30031,拣货
OfSELLePi,粉色 品牌08 大号 办公椅（皮革）,办公椅,品牌08,大号,皮革,粉色,16*1*1,5,DN41A,亚历克斯,出库,30072,拣货
PrReA4WiMi,混合色 品牌24 四号纸 打印机（无线网络）,打印机,品牌24,四号纸,无线网络,混合色,16*1*1,16,BN05B,简,出库,30005,拣货
PeRe24WaPi,粉色 品牌22 24 铅笔（水彩）,铅笔,品牌22,24,水彩,粉色,48*10*5,2400,CI38B,艾米,出库,30059,拣货
LaSu1516Wh,白色 品牌11 15英寸 笔记本电脑（16吉字节内存）,笔记本电脑,品牌11,15英寸,16吉字节内存,白色,16*1*1,16,CN93D,亚历克斯,出库,30048,拣货
LaRe1416Bl,黑色 品牌14 14英寸 笔记本电脑（16吉字节内存）,笔记本电脑,品牌14,14英寸,16吉字节内存,黑色,16*1*1,16,BO63D,克里斯,出库,30049,拣货
MoPH45BlBl,黑色 品牌12 450 鼠标（蓝牙）,鼠标,品牌12,450,蓝牙,黑色,16*10*1,160,CG38C,莎拉,出库,30066,拣货
NoGrA3ruSi,银色 品牌18 三号纸 笔记本（横线）,笔记本,品牌18,三号纸,横线,银色,48*10*5,2400,AQ95F,克里斯,出库,30044,拣货
PeAl50HeBl,黑色 品牌20 50 铅笔（六角形）,铅笔,品牌20,50,六角形,黑色,48*10*5,2011,DX35H,大卫,出库,30032,拣货
TaCI15FrBl,黑色 品牌27 1500 桌子（框架式）,桌子,品牌27,1500,框架式,黑色,8*1*1,8,CR19C,克里斯,出库,30063,拣货
CuWE18SlBl,黑色 品牌02 1800 储物柜（滑动式）,储物柜,品牌02,1800,滑动式,黑色,8*1*1,6,DZ82A,迈克,出库,30025,拣货
OfOGLAdPi,粉色 品牌07 大号 办公椅（可调节）,办公椅,品牌07,大号,可调节,粉色,16*1*1,16,CZ57A,艾米丽,出库,30047,拣货
DrQE90SlBe,米色 品牌01 900 抽屉柜（滑动式）,抽屉柜,品牌01,900,滑动式,米色,8*1*1,8,DW65A,简,出库,30093,拣货
LaOv1716Wh,白色 品牌13 17英寸 笔记本电脑（16吉字节内存）,笔记本电脑,品牌13,17英寸,16吉字节内存,白色,16*1*1,16,CK40A,莎拉,出库,30094,拣货
PeGi24WaBl,黑色 品牌21 24 铅笔（水彩）,铅笔,品牌21,24,水彩,黑色,48*10*5,1321,AN61E,劳拉,出库,30054,拣货
PrPHA2WiGr,灰色 品牌12 二号纸 打印机（无线网络）,打印机,品牌12,二号纸,无线网络,灰色,16*1*1,11,CW54F,简,出库,30046,拣货
NoGrA3doWh,白色 品牌18 三号纸 笔记本（点阵）,笔记本,品牌18,三号纸,点阵,白色,48*10*5,2400,CM46G,亚历克斯,出库,30082,拣货
TVGn654KSi,银色 品牌30 65英寸 电视机（超高清）,电视机,品牌30,65英寸,超高清,银色,8*1*1,1,AF34A,约翰,出库,30005,拣货
CuWE12SlBe,米色 品牌02 1200 储物柜（滑动式）,储物柜,品牌02,1200,滑动式,米色,8*1*1,1,DY32A,克里斯,出库,30051,拣货
PeNa24HePi,粉色 品牌23 24 铅笔（六角形）,铅笔,品牌23,24,六角形,粉色,48*10*5,1721,CP17D,艾米,出库,30062,拣货
PrSoA4WiGr,灰色 品牌25 四号纸 打印机（无线网络）,打印机,品牌25,四号纸,无线网络,灰色,16*1*1,16,AM86F,约翰,出库,30069,拣货
LaOv1732Bl,黑色 品牌13 17英寸 笔记本电脑（32吉字节内存）,笔记本电脑,品牌13,17英寸,32吉字节内存,黑色,16*1*1,16,DI47C,克里斯,出库,30081,拣货
TaAE15WoBl,黑色 品牌05 1500 桌子（工作站）,桌子,品牌05,1500,工作站,黑色,8*1*1,4,CK37C,艾米,出库,30071,拣货
OfAEMHeGr,灰色 品牌05 中号 办公椅（头枕）,办公椅,品牌05,中号,头枕,灰色,16*1*1,16,CO62H,大卫,出库,30085,拣货
GaXESHeBl,黑色 品牌06 小号 游戏椅（头枕）,游戏椅,品牌06,小号,头枕,黑色,16*1*1,16,DQ13H,艾米丽,出库,30012,拣货
GaXESLePi,粉色 品牌06 小号 游戏椅（皮革）,游戏椅,品牌06,小号,皮革,粉色,16*1*1,16,CJ61B,莎拉,出库,30039,拣货
TaCI10WoSi,银色 品牌27 1000 桌子（工作站）,桌子,品牌27,1000,工作站,银色,8*1*1,8,DO41B,艾米,出库,30078,拣货
PeRe12HeBl,黑色 品牌22 12 铅笔（六角形）,铅笔,品牌22,12,六角形,黑色,48*10*5,732,DR70D,简,出库,30030,拣货
TaAE18AdWh,白色 品牌05 1800 桌子（可调节）,桌子,品牌05,1800,可调节,白色,8*1*1,3,CV85G,莎拉,出库,30072,拣货
GaSESErBl,黑色 品牌08 小号 游戏椅（人体工学）,游戏椅,品牌08,小号,人体工学,黑色,16*1*1,16,DZ34H,迈克,出库,30045,拣货
DrRG90LoGr,灰色 品牌03 900 抽屉柜（储物锁柜）,抽屉柜,品牌03,900,储物锁柜,灰色,8*1*1,8,BL07G,艾米,出库,30035,拣货
AlOv14i5Bl,黑色 品牌13 14英寸 一体机（第5代处理器）,一体机,品牌13,14英寸,第5代处理器,黑色,16*1*1,5,CQ40C,大卫,出库,30067,拣货
LaRe15i5Bl,黑色 品牌14 15英寸 笔记本电脑（第5代处理器）,笔记本电脑,品牌14,15英寸,第5代处理器,黑色,16*1*1,16,CT30G,大卫,出库,30089,拣货
CuWE18SlWh,白色 品牌02 1800 储物柜（滑动式）,储物柜,品牌02,1800,滑动式,白色,8*1*1,8,DT37E,简,出库,30005,拣货
GaSESHeWh,白色 品牌08 小号 游戏椅（头枕）,游戏椅,品牌08,小号,头枕,白色,16*1*1,14,DH31F,艾米丽,出库,30025,拣货
CaRG90DoGr,灰色 品牌03 900 文件柜（带门式）,文件柜,品牌03,900,带门式,灰色,8*1*1,8,CV71C,大卫,出库,30077,拣货
GaXEMLePi,粉色 品牌06 中号 游戏椅（皮革）,游戏椅,品牌06,中号,皮革,粉色,16*1*1,10,AY01B,克里斯,出库,30025,拣货
PeNa24HeGr,灰色 品牌23 24 铅笔（六角形）,铅笔,品牌23,24,六角形,灰色,48*10*5,1457,DL84D,迈克,出库,30012,拣货
SPGi24WaWh,白色 品牌21 24 触控笔（水彩）,触控笔,品牌21,24,水彩,白色,48*10*5,2400,AO32G,简,出库,30001,拣货
CaRG18FiBl,黑色 品牌03 1800 文件柜（文件收纳）,文件柜,品牌03,1800,文件收纳,黑色,8*1*1,3,CV14G,劳拉,出库,30018,拣货
GaOGSLeWh,白色 品牌07 小号 游戏椅（皮革）,游戏椅,品牌07,小号,皮革,白色,16*1*1,16,CH85B,莎拉,出库,30057,拣货
GaSELLePi,粉色 品牌08 大号 游戏椅（皮革）,游戏椅,品牌08,大号,皮革,粉色,16*1*1,16,BK37D,约翰,出库,30075,拣货
PrNoA4AlWh,白色 品牌26 四号纸 打印机（一体式）,打印机,品牌26,四号纸,一体式,白色,16*1*1,16,BL70E,迈克,出库,30091,拣货
AlRe1516Wh,白色 品牌14 15英寸 一体机（16吉字节内存）,一体机,品牌14,15英寸,16吉字节内存,白色,16*1*1,16,AR53C,克里斯,出库,30085,拣货
GaSEMHeBl,黑色 品牌08 中号 游戏椅（头枕）,游戏椅,品牌08,中号,头枕,黑色,16*1*1,9,DG04G,迈克,出库,30007,拣货
TVYn65S4Si,银色 品牌15 65英寸 电视机（超级超高清）,电视机,品牌15,65英寸,超级超高清,银色,8*1*1,7,CK04D,亚历克斯,出库,30025,拣货
GaSELAdGr,灰色 品牌08 大号 游戏椅（可调节）,游戏椅,品牌08,大号,可调节,灰色,16*1*1,2,BT95G,大卫,出库,30005,拣货
GaAELAdBl,黑色 品牌05 大号 游戏椅（可调节）,游戏椅,品牌05,大号,可调节,黑色,16*1*1,9,CO98D,艾米,出库,30026,拣货
GaSELErPi,粉色 品牌08 大号 游戏椅（人体工学）,游戏椅,品牌08,大号,人体工学,粉色,16*1*1,13,DS01E,简,出库,30094,拣货
PrNoA4AlBl,黑色 品牌26 四号纸 打印机（一体式）,打印机,品牌26,四号纸,一体式,黑色,16*1*1,16,BH18E,简,出库,30033,拣货
KeRe27MePi,粉色 品牌10 270 键盘（机械式）,键盘,品牌10,270,机械式,粉色,16*10*1,85,CS46B,艾米丽,出库,30010,拣货
KeRe27MePi,粉色 品牌10 270 键盘（机械式）,键盘,品牌10,270,机械式,粉色,16*10*1,160,AK20G,迈克,出库,30041,拣货
MoSu27MeWh,白色 品牌11 270 鼠标（机械式）,鼠标,品牌11,270,机械式,白色,16*10*1,75,AH85E,迈克,出库,30031,拣货
OfSELErBl,黑色 品牌08 大号 办公椅（人体工学）,办公椅,品牌08,大号,人体工学,黑色,16*1*1,16,AL62G,亚历克斯,出库,30004,拣货
OfSELHeGr,灰色 品牌08 大号 办公椅（头枕）,办公椅,品牌08,大号,头枕,灰色,16*1*1,16,DU16E,劳拉,出库,30023,拣货
GaAESHePi,粉色 品牌05 小号 游戏椅（头枕）,游戏椅,品牌05,小号,头枕,粉色,16*1*1,16,AY09D,克里斯,出库,30001,拣货
KeSu27ErWh,白色 品牌11 270 键盘（人体工学）,键盘,品牌11,270,人体工学,白色,16*10*1,26,CH49H,克里斯,出库,30026,拣货
GaXELHeBl,黑色 品牌06 大号 游戏椅（头枕）,游戏椅,品牌06,大号,头枕,黑色,16*1*1,8,CQ58B,艾米丽,出库,30074,拣货
TaTR18AuGr,灰色 品牌29 1800 桌子（自动调节）,桌子,品牌29,1800,自动调节,灰色,8*1*1,4,BM79E,劳拉,出库,30062,拣货
TVGn75S4Bl,黑色 品牌30 75英寸 电视机（超级超高清）,电视机,品牌30,75英寸,超级超高清,黑色,8*1*1,2,DS55D,艾米丽,出库,30055,拣货
DrWE90SlBe,米色 品牌02 900 抽屉柜（滑动式）,抽屉柜,品牌02,900,滑动式,米色,8*1*1,4,DS45H,亚历克斯,出库,30056,拣货
AlRe1716Bl,黑色 品牌14 17英寸 一体机（16吉字节内存）,一体机,品牌14,17英寸,16吉字节内存,黑色,16*1*1,16,AJ09B,劳拉,出库,30070,拣货
AlYn15i7Gr,灰色 品牌15 15英寸 一体机（第7代处理器）,一体机,品牌15,15英寸,第7代处理器,灰色,16*1*1,16,CI87B,简,出库,30014,拣货
KeRe35MePi,粉色 品牌10 350 键盘（机械式）,键盘,品牌10,350,机械式,粉色,16*10*1,160,AL78C,莎拉,出库,30078,拣货
OfSELErWh,白色 品牌08 大号 办公椅（人体工学）,办公椅,品牌08,大号,人体工学,白色,16*1*1,16,CG86E,约翰,出库,30063,拣货
AlOv17i7Gr,灰色 品牌13 17英寸 一体机（第7代处理器）,一体机,品牌13,17英寸,第7代处理器,灰色,16*1*1,8,BF44F,亚历克斯,出库,30073,拣货
GaOGLAdGr,灰色 品牌07 大号 游戏椅（可调节）,游戏椅,品牌07,大号,可调节,灰色,16*1*1,14,BO79C,艾米,出库,30029,拣货
MoSu27BlNa,藏青色 品牌11 270 鼠标（蓝牙）,鼠标,品牌11,270,蓝牙,藏青色,16*10*1,160,AG09B,劳拉,出库,30049,拣货
KeRe45BlNa,藏青色 品牌10 450 键盘（蓝牙）,键盘,品牌10,450,蓝牙,藏青色,16*10*1,56,DZ71D,艾米丽,出库,30047,拣货
GaOGMErGr,灰色 品牌07 中号 游戏椅（人体工学）,游戏椅,品牌07,中号,人体工学,灰色,16*1*1,14,BV54C,艾米,出库,30051,拣货
LaSu1432Wh,白色 品牌11 14英寸 笔记本电脑（32吉字节内存）,笔记本电脑,品牌11,14英寸,32吉字节内存,白色,16*1*1,13,CL34B,克里斯,出库,30035,拣货
PrPHA3WiGr,灰色 品牌12 三号纸 打印机（无线网络）,打印机,品牌12,三号纸,无线网络,灰色,16*1*1,7,BV84E,亚历克斯,出库,30021,拣货
SPGi50HeWh,白色 品牌21 50 触控笔（六角形）,触控笔,品牌21,50,六角形,白色,48*10*5,240,BV46F,简,出库,30017,拣货
NoScA5ruWh,白色 品牌17 五号纸 笔记本（横线）,笔记本,品牌17,五号纸,横线,白色,48*10*5,175,BM46F,劳拉,出库,30027,拣货
TVEs75S4Si,银色 品牌32 75英寸 电视机（超级超高清）,电视机,品牌32,75英寸,超级超高清,银色,8*1*1,8,AK60B,亚历克斯,出库,30039,拣货
AlRe1732Bl,黑色 品牌14 17英寸 一体机（32吉字节内存）,一体机,品牌14,17英寸,32吉字节内存,黑色,16*1*1,4,CW40B,艾米,出库,30084,拣货
AlRe14i5Gr,灰色 品牌14 14英寸 一体机（第5代处理器）,一体机,品牌14,14英寸,第5代处理器,灰色,16*1*1,16,CJ25A,艾米,出库,30058,拣货
TVGn65SFBl,黑色 品牌30 65英寸 电视机（超级全高清）,电视机,品牌30,65英寸,超级全高清,黑色,8*1*1,8,AF45F,莎拉,出库,30056,拣货
GaXEMErBl,黑色 品牌06 中号 游戏椅（人体工学）,游戏椅,品牌06,中号,人体工学,黑色,16*1*1,12,CI28D,劳拉,出库,30089,拣货
TVGn654KGr,灰色 品牌30 65英寸 电视机（超高清）,电视机,品牌30,65英寸,超高清,灰色,8*1*1,8,BS01F,亚历克斯,出库,30038,拣货
AlSu15i5Gr,灰色 品牌11 15英寸 一体机（第5代处理器）,一体机,品牌11,15英寸,第5代处理器,灰色,16*1*1,16,AV63B,大卫,出库,30076,拣货
KePH27MeWh,白色 品牌12 270 键盘（机械式）,键盘,品牌12,270,机械式,白色,16*10*1,160,BS48B,艾米,出库,30022,拣货
PrNoA3InGr,灰色 品牌26 三号纸 打印机（喷墨）,打印机,品牌26,三号纸,喷墨,灰色,16*1*1,16,DR27H,艾米,出库,30037,拣货
GaSELAdGr,灰色 品牌08 大号 游戏椅（可调节）,游戏椅,品牌08,大号,可调节,灰色,16*1*1,16,BR11C,大卫,出库,30056,拣货
CuWE18LoWh,白色 品牌02 1800 储物柜（储物锁柜）,储物柜,品牌02,1800,储物锁柜,白色,8*1*1,7,CJ96A,莎拉,出库,30019,拣货
LaPH148GSi,银色 品牌12 14英寸 笔记本电脑（8吉字节内存）,笔记本电脑,品牌12,14英寸,8吉字节内存,银色,16*1*1,16,BO76B,约翰,出库,30066,拣货
TVGn504KWh,白色 品牌30 50英寸 电视机（超高清）,电视机,品牌30,50英寸,超高清,白色,8*1*1,8,CW78F,约翰,出库,30023,拣货
MoHc45WiBl,黑色 品牌09 450 鼠标（有线）,鼠标,品牌09,450,有线,黑色,16*10*1,160,DJ11F,艾米丽,出库,30023,拣货
KeHc45BlPi,粉色 品牌09 450 键盘（蓝牙）,键盘,品牌09,450,蓝牙,粉色,16*10*1,160,AR52D,迈克,出库,30034,拣货
NoMuA5liSi,银色 品牌19 五号纸 笔记本（线条）,笔记本,品牌19,五号纸,线条,银色,48*10*5,2400,CW46A,艾米丽,出库,30071,拣货
LaOv14i7Si,银色 品牌13 14英寸 笔记本电脑（第7代处理器）,笔记本电脑,品牌13,14英寸,第7代处理器,银色,16*1*1,16,BP24H,克里斯,出库,30077,拣货
KeRe35MePi,粉色 品牌10 350 键盘（机械式）,键盘,品牌10,350,机械式,粉色,16*10*1,9,DX68B,艾米,出库,30095,拣货
PeGi24HeBl,黑色 品牌21 24 铅笔（六角形）,铅笔,品牌21,24,六角形,黑色,48*10*5,1879,AT11C,克里斯,出库,30000,拣货
TVGL32FHWh,白色 品牌31 32英寸 电视机（全高清）,电视机,品牌31,32英寸,全高清,白色,8*1*1,8,CM94D,迈克,出库,30057,拣货
TVYn75SFBl,黑色 品牌15 75英寸 电视机（超级全高清）,电视机,品牌15,75英寸,超级全高清,黑色,8*1*1,8,DG71F,迈克,出库,30060,拣货
TVGn32S4Gr,灰色 品牌30 32英寸 电视机（超级超高清）,电视机,品牌30,32英寸,超级超高清,灰色,8*1*1,2,BH29A,亚历克斯,出库,30053,拣货
KeSu35MeWh,白色 品牌11 350 键盘（机械式）,键盘,品牌11,350,机械式,白色,16*10*1,129,AQ79G,劳拉,出库,30056,拣货
AlSu1416Si,银色 品牌11 14英寸 一体机（16吉字节内存）,一体机,品牌11,14英寸,16吉字节内存,银色,16*1*1,10,CI93C,艾米丽,出库,30059,拣货
GaAESAdPi,粉色 品牌05 小号 游戏椅（可调节）,游戏椅,品牌05,小号,可调节,粉色,16*1*1,10,AT20C,莎拉,出库,30068,拣货
KeSu27BlWh,白色 品牌11 270 键盘（蓝牙）,键盘,品牌11,270,蓝牙,白色,16*10*1,47,DL68H,亚历克斯,出库,30058,拣货
TaCI15AdWh,白色 品牌27 1500 桌子（可调节）,桌子,品牌27,1500,可调节,白色,8*1*1,3,DT44G,简,出库,30065,拣货
TVYn65SFBl,黑色 品牌15 65英寸 电视机（超级全高清）,电视机,品牌15,65英寸,超级全高清,黑色,8*1*1,8,DX32G,简,出库,30005,拣货
LaYn14i5Si,银色 品牌15 14英寸 笔记本电脑（第5代处理器）,笔记本电脑,品牌15,14英寸,第5代处理器,银色,16*1*1,14,AN39C,艾米丽,出库,30073,拣货
DrQE12DoGr,灰色 品牌01 1200 抽屉柜（带门式）,抽屉柜,品牌01,1200,带门式,灰色,8*1*1,5,AZ18G,艾米,出库,30068,拣货
SPNa50HePi,粉色 品牌23 50 触控笔（六角形）,触控笔,品牌23,50,六角形,粉色,48*10*5,1812,BJ95E,约翰,出库,30069,拣货
CuQE18SlBe,米色 品牌01 1800 储物柜（滑动式）,储物柜,品牌01,1800,滑动式,米色,8*1*1,6,DP19A,莎拉,出库,30099,拣货
LaYn14i5Wh,白色 品牌15 14英寸 笔记本电脑（第5代处理器）,笔记本电脑,品牌15,14英寸,第5代处理器,白色,16*1*1,16,BY50D,劳拉,出库,30057,拣货
LaYn158GSi,银色 品牌15 15英寸 笔记本电脑（8吉字节内存）,笔记本电脑,品牌15,15英寸,8吉字节内存,银色,16*1*1,1,DV66A,艾米丽,出库,30007,拣货
PrReA2LaGr,灰色 品牌24 二号纸 打印机（激光）,打印机,品牌24,二号纸,激光,灰色,16*1*1,16,CS79F,艾米丽,出库,30050,拣货
TVYn65SFSi,银色 品牌15 65英寸 电视机（超级全高清）,电视机,品牌15,65英寸,超级全高清,银色,8*1*1,1,CW05H,莎拉,出库,30091,拣货
CaRG18FiBl,黑色 品牌03 1800 文件柜（文件收纳）,文件柜,品牌03,1800,文件收纳,黑色,8*1*1,8,DU43B,艾米丽,出库,30097,拣货
NoMuA4liSi,银色 品牌19 四号纸 笔记本（线条）,笔记本,品牌19,四号纸,线条,银色,48*10*5,2400,AQ69G,简,出库,30082,拣货
PrNoA3LaWh,白色 品牌26 三号纸 打印机（激光）,打印机,品牌26,三号纸,激光,白色,16*1*1,16,BW13C,大卫,出库,30061,拣货
DrTE90LoGr,灰色 品牌04 900 抽屉柜（储物锁柜）,抽屉柜,品牌04,900,储物锁柜,灰色,8*1*1,8,CX33A,莎拉,出库,30008,拣货
LaSu148GWh,白色 品牌11 14英寸 笔记本电脑（8吉字节内存）,笔记本电脑,品牌11,14英寸,8吉字节内存,白色,16*1*1,6,BX38B,艾米,出库,30099,拣货
GaXESErWh,白色 品牌06 小号 游戏椅（人体工学）,游戏椅,品牌06,小号,人体工学,白色,16*1*1,16,AY90E,约翰,出库,30016,拣货
PrSoA2WiGr,灰色 品牌25 二号纸 打印机（无线网络）,打印机,品牌25,二号纸,无线网络,灰色,16*1*1,16,CF03G,艾米丽,出库,30094,拣货
PeAl50WaGr,灰色 品牌20 50 铅笔（水彩）,铅笔,品牌20,50,水彩,灰色,48*10*5,2400,BK96D,艾米,出库,30063,拣货
LaYn17i5Wh,白色 品牌15 17英寸 笔记本电脑（第5代处理器）,笔记本电脑,品牌15,17英寸,第5代处理器,白色,16*1*1,16,DU44A,约翰,出库,30022,拣货
DrTE18DoWh,白色 品牌04 1800 抽屉柜（带门式）,抽屉柜,品牌04,1800,带门式,白色,8*1*1,5,DK90A,艾米丽,出库,30068,拣货
CaQE12DoBl,黑色 品牌01 1200 文件柜（带门式）,文件柜,品牌01,1200,带门式,黑色,8*1*1,8,AX71B,劳拉,出库,30068,拣货
DrQE90DoGr,灰色 品牌01 900 抽屉柜（带门式）,抽屉柜,品牌01,900,带门式,灰色,8*1*1,8,BI11A,艾米丽,出库,30032,拣货
LaSu1732Bl,黑色 品牌11 17英寸 笔记本电脑（32吉字节内存）,笔记本电脑,品牌11,17英寸,32吉字节内存,黑色,16*1*1,5,DI73D,莎拉,出库,30019,拣货
PeRe50WaBl,黑色 品牌22 50 铅笔（水彩）,铅笔,品牌22,50,水彩,黑色,48*10*5,2400,AH52H,大卫,出库,30094,拣货
DrQE18DoWh,白色 品牌01 1800 抽屉柜（带门式）,抽屉柜,品牌01,1800,带门式,白色,8*1*1,6,BM25H,亚历克斯,出库,30059,拣货
CuQE12FiBe,米色 品牌01 1200 储物柜（文件收纳）,储物柜,品牌01,1200,文件收纳,米色,8*1*1,7,DZ49H,约翰,出库,30088,拣货
CuQE12FiWh,白色 品牌01 1200 储物柜（文件收纳）,储物柜,品牌01,1200,文件收纳,白色,8*1*1,4,BR53B,劳拉,出库,30088,拣货
NoExA3doWh,白色 品牌16 三号纸 笔记本（点阵）,笔记本,品牌16,三号纸,点阵,白色,48*10*5,85,CH41F,简,出库,30087,拣货
CuQE12LoBl,黑色 品牌01 1200 储物柜（储物锁柜）,储物柜,品牌01,1200,储物锁柜,黑色,8*1*1,6,BZ67E,莎拉,出库,30002,拣货
GaAESErGr,灰色 品牌05 小号 游戏椅（人体工学）,游戏椅,品牌05,小号,人体工学,灰色,16*1*1,10,CZ90E,简,出库,30081,拣货
TVGL75S4Wh,白色 品牌31 75英寸 电视机（超级超高清）,电视机,品牌31,75英寸,超级超高清,白色,8*1*1,6,AS25H,迈克,出库,30096,拣货
TaCI15FrGr,灰色 品牌27 1500 桌子（框架式）,桌子,品牌27,1500,框架式,灰色,8*1*1,6,AG19D,劳拉,出库,30008,拣货
PeGi24HeWh,白色 品牌21 24 铅笔（六角形）,铅笔,品牌21,24,六角形,白色,48*10*5,2400,DZ07A,亚历克斯,出库,30008,拣货
PeNa24WaWh,白色 品牌23 24 铅笔（水彩）,铅笔,品牌23,24,水彩,白色,48*10*5,2400,DZ94A,大卫,出库,30039,拣货
AlOv1516Si,银色 品牌13 15英寸 一体机（16吉字节内存）,一体机,品牌13,15英寸,16吉字节内存,银色,16*1*1,10,DG53E,艾米,出库,30030,拣货
TVGL65FHBl,黑色 品牌31 65英寸 电视机（全高清）,电视机,品牌31,65英寸,全高清,黑色,8*1*1,2,DG44H,亚历克斯,出库,30006,拣货
CaRG90FiBl,黑色 品牌03 900 文件柜（文件收纳）,文件柜,品牌03,900,文件收纳,黑色,8*1*1,2,BR84E,克里斯,出库,30077,拣货
DrQE12DoBe,米色 品牌01 1200 抽屉柜（带门式）,抽屉柜,品牌01,1200,带门式,米色,8*1*1,7,CS82H,劳拉,出库,30002,拣货
AlYn1416Wh,白色 品牌15 14英寸 一体机（16吉字节内存）,一体机,品牌15,14英寸,16吉字节内存,白色,16*1*1,2,CG35B,艾米,出库,30015,拣货
CaQE12SlBl,黑色 品牌01 1200 文件柜（滑动式）,文件柜,品牌01,1200,滑动式,黑色,8*1*1,5,DI20F,克里斯,出库,30085,拣货
LaOv1432Bl,黑色 品牌13 14英寸 笔记本电脑（32吉字节内存）,笔记本电脑,品牌13,14英寸,32吉字节内存,黑色,16*1*1,13,DP31G,简,出库,30098,拣货
AlRe1732Si,银色 品牌14 17英寸 一体机（32吉字节内存）,一体机,品牌14,17英寸,32吉字节内存,银色,16*1*1,16,CJ39B,艾米丽,出库,30011,拣货
OfSEMHeGr,灰色 品牌08 中号 办公椅（头枕）,办公椅,品牌08,中号,头枕,灰色,16*1*1,4,AZ04G,约翰,出库,30042,拣货
MoHc35WiPi,粉色 品牌09 350 鼠标（有线）,鼠标,品牌09,350,有线,粉色,16*10*1,160,BQ70A,亚历克斯,出库,30010,拣货
MoPH27ErNa,藏青色 品牌12 270 鼠标（人体工学）,鼠标,品牌12,270,人体工学,藏青色,16*10*1,160,CU95D,劳拉,出库,30057,拣货
TVGn654KGr,灰色 品牌30 65英寸 电视机（超高清）,电视机,品牌30,65英寸,超高清,灰色,8*1*1,8,AT74B,克里斯,出库,30094,拣货
SPRe12HeBl,黑色 品牌22 12 触控笔（六角形）,触控笔,品牌22,12,六角形,黑色,48*10*5,2300,AG63C,莎拉,出库,30011,拣货
CaQE90SlBe,米色 品牌01 900 文件柜（滑动式）,文件柜,品牌01,900,滑动式,米色,8*1*1,8,BQ47E,迈克,出库,30023,拣货
MoPH45ErWh,白色 品牌12 450 鼠标（人体工学）,鼠标,品牌12,450,人体工学,白色,16*10*1,3,DQ21G,简,出库,30016,拣货
AlSu158GSi,银色 品牌11 15英寸 一体机（8吉字节内存）,一体机,品牌11,15英寸,8吉字节内存,银色,16*1*1,11,AK81E,劳拉,出库,30094,拣货
PrNoA3LaGr,灰色 品牌26 三号纸 打印机（激光）,打印机,品牌26,三号纸,激光,灰色,16*1*1,1,CY49D,亚历克斯,出库,30018,拣货
LaRe1732Bl,黑色 品牌14 17英寸 笔记本电脑（32吉字节内存）,笔记本电脑,品牌14,17英寸,32吉字节内存,黑色,16*1*1,6,BZ58H,简,出库,30049,拣货
KeHc35ErWh,白色 品牌09 350 键盘（人体工学）,键盘,品牌09,350,人体工学,白色,16*10*1,121,DT71C,克里斯,出库,30034,拣货
LaYn158GWh,白色 品牌15 15英寸 笔记本电脑（8吉字节内存）,笔记本电脑,品牌15,15英寸,8吉字节内存,白色,16*1*1,16,BU05E,简,出库,30046,拣货
DrQE90DoGr,灰色 品牌01 900 抽屉柜（带门式）,抽屉柜,品牌01,900,带门式,灰色,8*1*1,8,BF65E,克里斯,出库,30072,拣货
GaAELErWh,白色 品牌05 大号 游戏椅（人体工学）,游戏椅,品牌05,大号,人体工学,白色,16*1*1,6,AP76A,简,出库,30059,拣货
PeGi12WaGr,灰色 品牌21 12 铅笔（水彩）,铅笔,品牌21,12,水彩,灰色,48*10*5,2400,DJ49F,简,出库,30077,拣货
AlSu14i5Si,银色 品牌11 14英寸 一体机（第5代处理器）,一体机,品牌11,14英寸,第5代处理器,银色,16*1*1,16,CQ36B,劳拉,出库,30019,拣货
AlOv1716Wh,白色 品牌13 17英寸 一体机（16吉字节内存）,一体机,品牌13,17英寸,16吉字节内存,白色,16*1*1,16,AT15E,艾米丽,出库,30005,拣货
MoHc27MePi,粉色 品牌09 270 鼠标（机械式）,鼠标,品牌09,270,机械式,粉色,16*10*1,22,CF52B,大卫,出库,30014,拣货
AlRe15i5Wh,白色 品牌14 15英寸 一体机（第5代处理器）,一体机,品牌14,15英寸,第5代处理器,白色,16*1*1,16,AF18A,艾米,出库,30040,拣货
GaAEMAdPi,粉色 品牌05 中号 游戏椅（可调节）,游戏椅,品牌05,中号,可调节,粉色,16*1*1,7,BR63C,克里斯,出库,30008,拣货
GaOGLHeWh,白色 品牌07 大号 游戏椅（头枕）,游戏椅,品牌07,大号,头枕,白色,16*1*1,13,DK51B,艾米丽,出库,30033,拣货
GaXELAdPi,粉色 品牌06 大号 游戏椅（可调节）,游戏椅,品牌06,大号,可调节,粉色,16*1*1,1,AT14A,艾米,出库,30062,拣货
CuTE18SlBe,米色 品牌04 1800 储物柜（滑动式）,储物柜,品牌04,1800,滑动式,米色,8*1*1,8,DR85D,简,出库,30093,拣货
PeRe50SoWh,白色 品牌22 50 铅笔（可溶性）,铅笔,品牌22,50,可溶性,白色,48*10*5,1105,AO11C,约翰,出库,30064,拣货
AlPH17i7Bl,黑色 品牌12 17英寸 一体机（第7代处理器）,一体机,品牌12,17英寸,第7代处理器,黑色,16*1*1,16,AY14H,大卫,出库,30070,拣货
LaRe14i5Gr,灰色 品牌14 14英寸 笔记本电脑（第5代处理器）,笔记本电脑,品牌14,14英寸,第5代处理器,灰色,16*1*1,16,BU89A,艾米丽,出库,30025,拣货
PrReA2LaWh,白色 品牌24 二号纸 打印机（激光）,打印机,品牌24,二号纸,激光,白色,16*1*1,16,DJ98F,约翰,出库,30060,拣货
TaTR18FrWh,白色 品牌29 1800 桌子（框架式）,桌子,品牌29,1800,框架式,白色,8*1*1,8,DY40E,艾米,出库,30090,拣货
KeSu45WiNa,藏青色 品牌11 450 键盘（有线）,键盘,品牌11,450,有线,藏青色,16*10*1,18,DS80G,克里斯,出库,30037,拣货
GaSELLeGr,灰色 品牌08 大号 游戏椅（皮革）,游戏椅,品牌08,大号,皮革,灰色,16*1*1,9,DO58E,约翰,出库,30032,拣货
CaTE18LoGr,灰色 品牌04 1800 文件柜（储物锁柜）,文件柜,品牌04,1800,储物锁柜,灰色,8*1*1,8,CH80D,迈克,出库,30039,拣货
GaSELAdPi,粉色 品牌08 大号 游戏椅（可调节）,游戏椅,品牌08,大号,可调节,粉色,16*1*1,10,DR19D,莎拉,出库,30007,拣货
NoExA3liWh,白色 品牌16 三号纸 笔记本（线条）,笔记本,品牌16,三号纸,线条,白色,48*10*5,1957,AY65B,亚历克斯,出库,30019,拣货
PrPHA3MoBl,黑色 品牌12 三号纸 打印机（黑白）,打印机,品牌12,三号纸,黑白,黑色,16*1*1,3,BL88B,大卫,出库,30062,拣货
DrRG18SlBe,米色 品牌03 1800 抽屉柜（滑动式）,抽屉柜,品牌03,1800,滑动式,米色,8*1*1,8,DN33F,莎拉,出库,30099,拣货
GaSESHeBl,黑色 品牌08 小号 游戏椅（头枕）,游戏椅,品牌08,小号,头枕,黑色,16*1*1,3,BP61D,迈克,出库,30041,拣货
LaPH17i7Bl,黑色 品牌12 17英寸 笔记本电脑（第7代处理器）,笔记本电脑,品牌12,17英寸,第7代处理器,黑色,16*1*1,16,DH65H,艾米丽,出库,30025,拣货
AlPH1716Si,银色 品牌12 17英寸 一体机（16吉字节内存）,一体机,品牌12,17英寸,16吉字节内存,银色,16*1*1,2,DT20D,克里斯,出库,30028,拣货
PrSoA4AlBl,黑色 品牌25 四号纸 打印机（一体式）,打印机,品牌25,四号纸,一体式,黑色,16*1*1,1,AV76B,大卫,出库,30020,拣货
TaAE18AdBl,黑色 品牌05 1800 桌子（可调节）,桌子,品牌05,1800,可调节,黑色,8*1*1,8,CF83E,亚历克斯,出库,30029,拣货
LaYn1732Si,银色 品牌15 17英寸 笔记本电脑（32吉字节内存）,笔记本电脑,品牌15,17英寸,32吉字节内存,银色,16*1*1,3,BF81G,艾米,出库,30065,拣货
CuWE18SlGr,灰色 品牌02 1800 储物柜（滑动式）,储物柜,品牌02,1800,滑动式,灰色,8*1*1,7,CM30B,大卫,出库,30064,拣货
PrNoA4LaWh,白色 品牌26 四号纸 打印机（激光）,打印机,品牌26,四号纸,激光,白色,16*1*1,16,BR86C,克里斯,出库,30084,拣货
CaQE90SlBl,黑色 品牌01 900 文件柜（滑动式）,文件柜,品牌01,900,滑动式,黑色,8*1*1,6,BJ65D,劳拉,出库,30027,拣货
KeHc27BlBl,黑色 品牌09 270 键盘（蓝牙）,键盘,品牌09,270,蓝牙,黑色,16*10*1,160,AQ91D,艾米,出库,30090,拣货
AlPH14i7Gr,灰色 品牌12 14英寸 一体机（第7代处理器）,一体机,品牌12,14英寸,第7代处理器,灰色,16*1*1,16,DP62B,迈克,出库,30018,拣货
OfOGSLeBl,黑色 品牌07 小号 办公椅（皮革）,办公椅,品牌07,小号,皮革,黑色,16*1*1,16,AV26B,艾米,出库,30047,拣货
DrTE90FiBe,米色 品牌04 900 抽屉柜（文件收纳）,抽屉柜,品牌04,900,文件收纳,米色,8*1*1,8,AH88A,艾米丽,出库,30010,拣货
TVGn424KBl,黑色 品牌30 42英寸 电视机（超高清）,电视机,品牌30,42英寸,超高清,黑色,8*1*1,8,DH40C,亚历克斯,出库,30070,拣货
DrRG18SlWh,白色 品牌03 1800 抽屉柜（滑动式）,抽屉柜,品牌03,1800,滑动式,白色,8*1*1,8,CK69E,莎拉,出库,30041,拣货
PrNoA4InGr,灰色 品牌26 四号纸 打印机（喷墨）,打印机,品牌26,四号纸,喷墨,灰色,16*1*1,16,AY31G,莎拉,出库,30057,拣货
PeNa24SoGr,灰色 品牌23 24 铅笔（可溶性）,铅笔,品牌23,24,可溶性,灰色,48*10*5,2400,CN09G,艾米丽,出库,30075,拣货
CaQE12SlWh,白色 品牌01 1200 文件柜（滑动式）,文件柜,品牌01,1200,滑动式,白色,8*1*1,8,AL11C,劳拉,出库,30090,拣货
PrPHA4InWh,白色 品牌12 四号纸 打印机（喷墨）,打印机,品牌12,四号纸,喷墨,白色,16*1*1,16,CK42G,简,出库,30037,拣货
CuRG12FiWh,白色 品牌03 1200 储物柜（文件收纳）,储物柜,品牌03,1200,文件收纳,白色,8*1*1,8,DG03H,莎拉,出库,30076,拣货
LaSu1516Bl,黑色 品牌11 15英寸 笔记本电脑（16吉字节内存）,笔记本电脑,品牌11,15英寸,16吉字节内存,黑色,16*1*1,4,AL34A,大卫,出库,30095,拣货
AlRe1432Bl,黑色 品牌14 14英寸 一体机（32吉字节内存）,一体机,品牌14,14英寸,32吉字节内存,黑色,16*1*1,14,CQ38B,约翰,出库,30076,拣货
LaPH1432Bl,黑色 品牌12 14英寸 笔记本电脑（32吉字节内存）,笔记本电脑,品牌12,14英寸,32吉字节内存,黑色,16*1*1,8,BV81F,劳拉,出库,30096,拣货
NoScA5doBl,黑色 品牌17 五号纸 笔记本（点阵）,笔记本,品牌17,五号纸,点阵,黑色,48*10*5,2400,CX31D,莎拉,出库,30087,拣货
MoHc27MeWh,白色 品牌09 270 鼠标（机械式）,鼠标,品牌09,270,机械式,白色,16*10*1,157,AN21H,艾米丽,出库,30041,拣货
PeNa12WaPi,粉色 品牌23 12 铅笔（水彩）,铅笔,品牌23,12,水彩,粉色,48*10*5,1735,BR79E,简,出库,30046,拣货
PrReA2InWh,白色 品牌24 二号纸 打印机（喷墨）,打印机,品牌24,二号纸,喷墨,白色,16*1*1,10,AS24A,亚历克斯,出库,30097,拣货
GaSEMAdWh,白色 品牌08 中号 游戏椅（可调节）,游戏椅,品牌08,中号,可调节,白色,16*1*1,16,CI49F,艾米丽,出库,30045,拣货
NoGrA4doGr,灰色 品牌18 四号纸 笔记本（点阵）,笔记本,品牌18,四号纸,点阵,灰色,48*10*5,2400,CU26H,约翰,出库,30050,拣货
OfOGMErWh,白色 品牌07 中号 办公椅（人体工学）,办公椅,品牌07,中号,人体工学,白色,16*1*1,16,DZ24A,大卫,出库,30097,拣货
SPRe12SoPi,粉色 品牌22 12 触控笔（可溶性）,触控笔,品牌22,12,可溶性,粉色,48*10*5,2400,AM90D,迈克,出库,30066,拣货
TaTR15AdWh,白色 品牌29 1500 桌子（可调节）,桌子,品牌29,1500,可调节,白色,8*1*1,8,CI53A,莎拉,出库,30023,拣货
LaRe14i7Gr,灰色 品牌14 14英寸 笔记本电脑（第7代处理器）,笔记本电脑,品牌14,14英寸,第7代处理器,灰色,16*1*1,16,BQ48F,简,出库,30081,拣货
TVGL32SFSi,银色 品牌31 32英寸 电视机（超级全高清）,电视机,品牌31,32英寸,超级全高清,银色,8*1*1,3,AI16G,亚历克斯,出库,30068,拣货
TaAE18AdGr,灰色 品牌05 1800 桌子（可调节）,桌子,品牌05,1800,可调节,灰色,8*1*1,8,AN11F,劳拉,出库,30036,拣货
LaOv17i5Wh,白色 品牌13 17英寸 笔记本电脑（第5代处理器）,笔记本电脑,品牌13,17英寸,第5代处理器,白色,16*1*1,3,CZ37F,约翰,出库,30044,拣货
DrQE12SlBe,米色 品牌01 1200 抽屉柜（滑动式）,抽屉柜,品牌01,1200,滑动式,米色,8*1*1,8,BV15D,克里斯,出库,30089,拣货
CuQE18DoBe,米色 品牌01 1800 储物柜（带门式）,储物柜,品牌01,1800,带门式,米色,8*1*1,6,AF81A,莎拉,出库,30095,拣货
PrPHA3WiGr,灰色 品牌12 三号纸 打印机（无线网络）,打印机,品牌12,三号纸,无线网络,灰色,16*1*1,16,DF98D,克里斯,出库,30050,拣货
LaOv148GGr,灰色 品牌13 14英寸 笔记本电脑（8吉字节内存）,笔记本电脑,品牌13,14英寸,8吉字节内存,灰色,16*1*1,16,DH78H,艾米丽,出库,30068,拣货
CaWE12SlWh,白色 品牌02 1200 文件柜（滑动式）,文件柜,品牌02,1200,滑动式,白色,8*1*1,8,DY24C,劳拉,出库,30014,拣货
LaSu158GSi,银色 品牌11 15英寸 笔记本电脑（8吉字节内存）,笔记本电脑,品牌11,15英寸,8吉字节内存,银色,16*1*1,16,AO88A,简,出库,30040,拣货
PrReA3WiGr,灰色 品牌24 三号纸 打印机（无线网络）,打印机,品牌24,三号纸,无线网络,灰色,16*1*1,16,CS94C,艾米丽,出库,30002,拣货
CuTE90SlGr,灰色 品牌04 900 储物柜（滑动式）,储物柜,品牌04,900,滑动式,灰色,8*1*1,3,BX55E,亚历克斯,出库,30065,拣货
DrRG18LoGr,灰色 品牌03 1800 抽屉柜（储物锁柜）,抽屉柜,品牌03,1800,储物锁柜,灰色,8*1*1,2,DH98H,莎拉,出库,30038,拣货
DrRG12FiWh,白色 品牌03 1200 抽屉柜（文件收纳）,抽屉柜,品牌03,1200,文件收纳,白色,8*1*1,8,BT07F,大卫,出库,30046,拣货
AlPH158GSi,银色 品牌12 15英寸 一体机（8吉字节内存）,一体机,品牌12,15英寸,8吉字节内存,银色,16*1*1,5,CZ95C,艾米丽,出库,30074,拣货
LaSu1516Si,银色 品牌11 15英寸 笔记本电脑（16吉字节内存）,笔记本电脑,品牌11,15英寸,16吉字节内存,银色,16*1*1,16,AV05F,克里斯,出库,30073,拣货
CaWE18DoGr,灰色 品牌02 1800 文件柜（带门式）,文件柜,品牌02,1800,带门式,灰色,8*1*1,8,CX28G,亚历克斯,出库,30059,拣货
LaPH1532Bl,黑色 品牌12 15英寸 笔记本电脑（32吉字节内存）,笔记本电脑,品牌12,15英寸,32吉字节内存,黑色,16*1*1,16,DT95F,亚历克斯,出库,30040,拣货
CaTE90LoBe,米色 品牌04 900 文件柜（储物锁柜）,文件柜,品牌04,900,储物锁柜,米色,8*1*1,8,AH65B,艾米,出库,30014,拣货
OfSELErPi,粉色 品牌08 大号 办公椅（人体工学）,办公椅,品牌08,大号,人体工学,粉色,16*1*1,16,AQ53B,艾米丽,出库,30071,拣货
MoHc35MeNa,藏青色 品牌09 350 鼠标（机械式）,鼠标,品牌09,350,机械式,藏青色,16*10*1,160,CI26H,劳拉,出库,30000,拣货
PrReA2InGr,灰色 品牌24 二号纸 打印机（喷墨）,打印机,品牌24,二号纸,喷墨,灰色,16*1*1,16,CJ40F,大卫,出库,30019,拣货
GaOGSHeWh,白色 品牌07 小号 游戏椅（头枕）,游戏椅,品牌07,小号,头枕,白色,16*1*1,5,DM57E,莎拉,出库,30080,拣货
AlRe14i7Gr,灰色 品牌14 14英寸 一体机（第7代处理器）,一体机,品牌14,14英寸,第7代处理器,灰色,16*1*1,11,AH70H,简,出库,30033,拣货
CaQE18DoBl,黑色 品牌01 1800 文件柜（带门式）,文件柜,品牌01,1800,带门式,黑色,8*1*1,7,DP53G,约翰,出库,30082,拣货
TVYn42FHGr,灰色 品牌15 42英寸 电视机（全高清）,电视机,品牌15,42英寸,全高清,灰色,8*1*1,8,DR46G,约翰,出库,30025,拣货
TVEs75S4Wh,白色 品牌32 75英寸 电视机（超级超高清）,电视机,品牌32,75英寸,超级超高清,白色,8*1*1,7,BV87E,大卫,出库,30089,拣货
LaPH1516Wh,白色 品牌12 15英寸 笔记本电脑（16吉字节内存）,笔记本电脑,品牌12,15英寸,16吉字节内存,白色,16*1*1,9,CZ66B,劳拉,出库,30073,拣货
NoScA5liBl,黑色 品牌17 五号纸 笔记本（线条）,笔记本,品牌17,五号纸,线条,黑色,48*10*5,2400,CZ74B,莎拉,出库,30093,拣货
LaPH1416Bl,黑色 品牌12 14英寸 笔记本电脑（16吉字节内存）,笔记本电脑,品牌12,14英寸,16吉字节内存,黑色,16*1*1,6,CZ98A,劳拉,出库,30073,拣货
GaAESErWh,白色 品牌05 小号 游戏椅（人体工学）,游戏椅,品牌05,小号,人体工学,白色,16*1*1,16,BL39G,迈克,出库,30013,拣货
CaQE12SlBe,米色 品牌01 1200 文件柜（滑动式）,文件柜,品牌01,1200,滑动式,米色,8*1*1,8,DO97B,大卫,出库,30025,拣货
DrWE18LoWh,白色 品牌02 1800 抽屉柜（储物锁柜）,抽屉柜,品牌02,1800,储物锁柜,白色,8*1*1,8,AH44E,艾米,出库,30054,拣货
LaYn1716Wh,白色 品牌15 17英寸 笔记本电脑（16吉字节内存）,笔记本电脑,品牌15,17英寸,16吉字节内存,白色,16*1*1,16,DM27H,亚历克斯,出库,30022,拣货
AlSu158GSi,银色 品牌11 15英寸 一体机（8吉字节内存）,一体机,品牌11,15英寸,8吉字节内存,银色,16*1*1,16,BQ58D,艾米,出库,30073,拣货
TaCI18FrWh,白色 品牌27 1800 桌子（框架式）,桌子,品牌27,1800,框架式,白色,8*1*1,8,BZ02C,莎拉,出库,30069,拣货
SPRe12SoBl,黑色 品牌22 12 触控笔（可溶性）,触控笔,品牌22,12,可溶性,黑色,48*10*5,2400,DY05E,迈克,出库,30060,拣货
LaRe15i5Wh,白色 品牌14 15英寸 笔记本电脑（第5代处理器）,笔记本电脑,品牌14,15英寸,第5代处理器,白色,16*1*1,15,BH35G,艾米,出库,30000,拣货
AlYn148GWh,白色 品牌15 14英寸 一体机（8吉字节内存）,一体机,品牌15,14英寸,8吉字节内存,白色,16*1*1,2,AR53F,大卫,出库,30072,拣货
AlYn1432Bl,黑色 品牌15 14英寸 一体机（32吉字节内存）,一体机,品牌15,14英寸,32吉字节内存,黑色,16*1*1,3,CI20G,大卫,出库,30046,拣货
CuQE90SlBe,米色 品牌01 900 储物柜（滑动式）,储物柜,品牌01,900,滑动式,米色,8*1*1,6,AY69F,莎拉,出库,30062,拣货
OfOGSAdPi,粉色 品牌07 小号 办公椅（可调节）,办公椅,品牌07,小号,可调节,粉色,16*1*1,16,DT42F,莎拉,出库,30069,拣货
PeRe24WaWh,白色 品牌22 24 铅笔（水彩）,铅笔,品牌22,24,水彩,白色,48*10*5,2400,DS08A,简,出库,30068,拣货
OfXELAdPi,粉色 品牌06 大号 办公椅（可调节）,办公椅,品牌06,大号,可调节,粉色,16*1*1,16,DO45E,克里斯,出库,30022,拣货
TVGn504KWh,白色 品牌30 50英寸 电视机（超高清）,电视机,品牌30,50英寸,超高清,白色,8*1*1,7,CU10C,约翰,出库,30078,拣货
KeSu27BlWh,白色 品牌11 270 键盘（蓝牙）,键盘,品牌11,270,蓝牙,白色,16*10*1,160,AX92E,艾米丽,出库,30020,拣货
NoMuA5doWh,白色 品牌19 五号纸 笔记本（点阵）,笔记本,品牌19,五号纸,点阵,白色,48*10*5,2038,DG12G,艾米,出库,30066,拣货
OfXEMHePi,粉色 品牌06 中号 办公椅（头枕）,办公椅,品牌06,中号,头枕,粉色,16*1*1,7,AW08H,大卫,出库,30089,拣货
OfAELLeBl,黑色 品牌05 大号 办公椅（皮革）,办公椅,品牌05,大号,皮革,黑色,16*1*1,16,BF67F,克里斯,出库,30079,拣货
OfAEMErGr,灰色 品牌05 中号 办公椅（人体工学）,办公椅,品牌05,中号,人体工学,灰色,16*1*1,16,AF48F,克里斯,出库,30082,拣货
SPGi50SoWh,白色 品牌21 50 触控笔（可溶性）,触控笔,品牌21,50,可溶性,白色,48*10*5,2400,BW79F,莎拉,出库,30004,拣货
NoScA4doSi,银色 品牌17 四号纸 笔记本（点阵）,笔记本,品牌17,四号纸,点阵,银色,48*10*5,2400,DM11H,劳拉,出库,30040,拣货
CuTE12FiBe,米色 品牌04 1200 储物柜（文件收纳）,储物柜,品牌04,1200,文件收纳,米色,8*1*1,8,AP90G,克里斯,出库,30046,拣货
AlOv14i5Si,银色 品牌13 14英寸 一体机（第5代处理器）,一体机,品牌13,14英寸,第5代处理器,银色,16*1*1,16,AL96D,简,出库,30018,拣货
GaAEMErBl,黑色 品牌05 中号 游戏椅（人体工学）,游戏椅,品牌05,中号,人体工学,黑色,16*1*1,16,CF98D,亚历克斯,出库,30021,拣货
TVGL654KBl,黑色 品牌31 65英寸 电视机（超高清）,电视机,品牌31,65英寸,超高清,黑色,8*1*1,8,CL44B,约翰,出库,30056,拣货
LaYn15i7Si,银色 品牌15 15英寸 笔记本电脑（第7代处理器）,笔记本电脑,品牌15,15英寸,第7代处理器,银色,16*1*1,8,BH70A,约翰,出库,30081,拣货
TaCI10WoSi,银色 品牌27 1000 桌子（工作站）,桌子,品牌27,1000,工作站,银色,8*1*1,3,BX90A,艾米,出库,30099,拣货
TVGn32FHBl,黑色 品牌30 32英寸 电视机（全高清）,电视机,品牌30,32英寸,全高清,黑色,8*1*1,8,BF63G,劳拉,出库,30079,拣货
CaQE90DoWh,白色 品牌01 900 文件柜（带门式）,文件柜,品牌01,900,带门式,白色,8*1*1,5,DS62H,艾米,出库,30084,拣货
GaOGSHeGr,灰色 品牌07 小号 游戏椅（头枕）,游戏椅,品牌07,小号,头枕,灰色,16*1*1,16,AW41D,亚历克斯,出库,30075,拣货
AlSu158GWh,白色 品牌11 15英寸 一体机（8吉字节内存）,一体机,品牌11,15英寸,8吉字节内存,白色,16*1*1,1,DI09A,劳拉,出库,30084,拣货
DrQE18LoBl,黑色 品牌01 1800 抽屉柜（储物锁柜）,抽屉柜,品牌01,1800,储物锁柜,黑色,8*1*1,8,AV18A,艾米丽,出库,30001,拣货
NoGrA5ruBl,黑色 品牌18 五号纸 笔记本（横线）,笔记本,品牌18,五号纸,横线,黑色,48*10*5,1696,CF44B,艾米丽,出库,30096,拣货
GaAELAdWh,白色 品牌05 大号 游戏椅（可调节）,游戏椅,品牌05,大号,可调节,白色,16*1*1,6,CL12E,亚历克斯,出库,30014,拣货
MoPH35BlPi,粉色 品牌12 350 鼠标（蓝牙）,鼠标,品牌12,350,蓝牙,粉色,16*10*1,160,BY94B,约翰,出库,30065,拣货
AlYn14i7Gr,灰色 品牌15 14英寸 一体机（第7代处理器）,一体机,品牌15,14英寸,第7代处理器,灰色,16*1*1,16,DS49C,克里斯,出库,30066,拣货
GaSELErPi,粉色 品牌08 大号 游戏椅（人体工学）,游戏椅,品牌08,大号,人体工学,粉色,16*1*1,15,BG87A,莎拉,出库,30087,拣货
DrTE12FiBl,黑色 品牌04 1200 抽屉柜（文件收纳）,抽屉柜,品牌04,1200,文件收纳,黑色,8*1*1,1,BN23E,克里斯,出库,30052,拣货
CaQE18DoBl,黑色 品牌01 1800 文件柜（带门式）,文件柜,品牌01,1800,带门式,黑色,8*1*1,8,AR26H,克里斯,出库,30014,拣货
MoHc35WiPi,粉色 品牌09 350 鼠标（有线）,鼠标,品牌09,350,有线,粉色,16*10*1,113,CV94C,亚历克斯,出库,30001,拣货
PrSoA3AlGr,灰色 品牌25 三号纸 打印机（一体式）,打印机,品牌25,三号纸,一体式,灰色,16*1*1,14,DG96G,约翰,出库,30001,拣货
MoSu35ErBl,黑色 品牌11 350 鼠标（人体工学）,鼠标,品牌11,350,人体工学,黑色,16*10*1,11,BO60B,艾米丽,出库,30047,拣货
TaAE18AdSi,银色 品牌05 1800 桌子（可调节）,桌子,品牌05,1800,可调节,银色,8*1*1,8,CI89E,克里斯,出库,30092,拣货
PrPHA2WiGr,灰色 品牌12 二号纸 打印机（无线网络）,打印机,品牌12,二号纸,无线网络,灰色,16*1*1,16,BL49D,劳拉,出库,30030,拣货
TaTR10WoGr,灰色 品牌29 1000 桌子（工作站）,桌子,品牌29,1000,工作站,灰色,8*1*1,8,CM56F,克里斯,出库,30086,拣货
TaCI18WoWh,白色 品牌27 1800 桌子（工作站）,桌子,品牌27,1800,工作站,白色,8*1*1,8,AK62H,大卫,出库,30078,拣货
TVGn50FHSi,银色 品牌30 50英寸 电视机（全高清）,电视机,品牌30,50英寸,全高清,银色,8*1*1,5,CP09E,亚历克斯,出库,30002,拣货
LaRe15i7Wh,白色 品牌14 15英寸 笔记本电脑（第7代处理器）,笔记本电脑,品牌14,15英寸,第7代处理器,白色,16*1*1,16,DY80E,劳拉,出库,30060,拣货
KePH27ErPi,粉色 品牌12 270 键盘（人体工学）,键盘,品牌12,270,人体工学,粉色,16*10*1,116,BF50A,简,出库,30058,拣货
TVYn65FHWh,白色 品牌15 65英寸 电视机（全高清）,电视机,品牌15,65英寸,全高清,白色,8*1*1,3,CN70D,艾米,出库,30085,拣货
DrWE12FiBl,黑色 品牌02 1200 抽屉柜（文件收纳）,抽屉柜,品牌02,1200,文件收纳,黑色,8*1*1,8,DT52H,艾米丽,出库,30019,拣货
LaYn15i7Bl,黑色 品牌15 15英寸 笔记本电脑（第7代处理器）,笔记本电脑,品牌15,15英寸,第7代处理器,黑色,16*1*1,16,BF35A,亚历克斯,出库,30011,拣货
LaPH14i7Bl,黑色 品牌12 14英寸 笔记本电脑（第7代处理器）,笔记本电脑,品牌12,14英寸,第7代处理器,黑色,16*1*1,16,AJ78D,艾米丽,出库,30052,拣货
AlOv1432Gr,灰色 品牌13 14英寸 一体机（32吉字节内存）,一体机,品牌13,14英寸,32吉字节内存,灰色,16*1*1,16,DT10A,大卫,出库,30041,拣货
CaQE18SlGr,灰色 品牌01 1800 文件柜（滑动式）,文件柜,品牌01,1800,滑动式,灰色,8*1*1,8,BT25E,艾米,出库,30051,拣货
OfSEMLeBl,黑色 品牌08 中号 办公椅（皮革）,办公椅,品牌08,中号,皮革,黑色,16*1*1,16,AO81G,迈克,出库,30043,拣货
CaRG12FiBe,米色 品牌03 1200 文件柜（文件收纳）,文件柜,品牌03,1200,文件收纳,米色,8*1*1,8,BJ42H,简,出库,30032,拣货
PeRe12SoBl,黑色 品牌22 12 铅笔（可溶性）,铅笔,品牌22,12,可溶性,黑色,48*10*5,2400,DT36D,亚历克斯,出库,30045,拣货
AlYn15i5Bl,黑色 品牌15 15英寸 一体机（第5代处理器）,一体机,品牌15,15英寸,第5代处理器,黑色,16*1*1,16,CF12G,莎拉,出库,30011,拣货
PrNoA3LaMi,混合色 品牌26 三号纸 打印机（激光）,打印机,品牌26,三号纸,激光,混合色,16*1*1,1,BO57B,亚历克斯,出库,30025,拣货
AlOv14i5Si,银色 品牌13 14英寸 一体机（第5代处理器）,一体机,品牌13,14英寸,第5代处理器,银色,16*1*1,1,DH57C,大卫,出库,30023,拣货
MoPH45BlBl,黑色 品牌12 450 鼠标（蓝牙）,鼠标,品牌12,450,蓝牙,黑色,16*10*1,160,AX40B,迈克,出库,30079,拣货
OfSELErBl,黑色 品牌08 大号 办公椅（人体工学）,办公椅,品牌08,大号,人体工学,黑色,16*1*1,3,BN03G,亚历克斯,出库,30040,拣货
CaRG90SlGr,灰色 品牌03 900 文件柜（滑动式）,文件柜,品牌03,900,滑动式,灰色,8*1*1,7,AQ01B,艾米,出库,30078,拣货
NoMuA4ruWh,白色 品牌19 四号纸 笔记本（横线）,笔记本,品牌19,四号纸,横线,白色,48*10*5,1488,BW46D,迈克,出库,30042,拣货
TaTR15FrSi,银色 品牌28 1500 桌子（框架式）,桌子,品牌28,1500,框架式,银色,8*1*1,8,DF82G,约翰,出库,30047,拣货
KeSu35WiWh,白色 品牌11 350 键盘（有线）,键盘,品牌11,350,有线,白色,16*10*1,21,BH79E,约翰,出库,30029,拣货
CuRG18FiWh,白色 品牌03 1800 储物柜（文件收纳）,储物柜,品牌03,1800,文件收纳,白色,8*1*1,5,DX54G,简,出库,30079,拣货
TaAE10AuGr,灰色 品牌05 1000 桌子（自动调节）,桌子,品牌05,1000,自动调节,灰色,8*1*1,2,CI65G,艾米,出库,30040,拣货
OfSELAdGr,灰色 品牌08 大号 办公椅（可调节）,办公椅,品牌08,大号,可调节,灰色,16*1*1,4,AH39G,简,出库,30073,拣货
GaAESAdGr,灰色 品牌05 小号 游戏椅（可调节）,游戏椅,品牌05,小号,可调节,灰色,16*1*1,16,AY45E,迈克,出库,30078,拣货
MoRe35ErBl,黑色 品牌10 350 鼠标（人体工学）,鼠标,品牌10,350,人体工学,黑色,16*10*1,160,CR25C,艾米,出库,30098,拣货
CaWE90SlBe,米色 品牌02 900 文件柜（滑动式）,文件柜,品牌02,900,滑动式,米色,8*1*1,8,AW87A,简,出库,30009,拣货
TVEs50SFGr,灰色 品牌32 50英寸 电视机（超级全高清）,电视机,品牌32,50英寸,超级全高清,灰色,8*1*1,8,BV64B,迈克,出库,30066,拣货
AlPH1432Wh,白色 品牌12 14英寸 一体机（32吉字节内存）,一体机,品牌12,14英寸,32吉字节内存,白色,16*1*1,2,DV84D,大卫,出库,30064,拣货
NoGrA5liSi,银色 品牌18 五号纸 笔记本（线条）,笔记本,品牌18,五号纸,线条,银色,48*10*5,157,BO76E,劳拉,出库,30077,拣货
TVEs65SFSi,银色 品牌32 65英寸 电视机（超级全高清）,电视机,品牌32,65英寸,超级全高清,银色,8*1*1,3,BM69G,约翰,出库,30023,拣货
AlSu14i7Wh,白色 品牌11 14英寸 一体机（第7代处理器）,一体机,品牌11,14英寸,第7代处理器,白色,16*1*1,16,DU97D,亚历克斯,出库,30056,拣货
DrQE12SlWh,白色 品牌01 1200 抽屉柜（滑动式）,抽屉柜,品牌01,1200,滑动式,白色,8*1*1,8,BH49H,约翰,出库,30015,拣货
PrReA4WiBl,黑色 品牌24 四号纸 打印机（无线网络）,打印机,品牌24,四号纸,无线网络,黑色,16*1*1,12,CH04C,劳拉,出库,30001,拣货
SPGi24SoWh,白色 品牌21 24 触控笔（可溶性）,触控笔,品牌21,24,可溶性,白色,48*10*5,2400,AK62A,亚历克斯,出库,30015,拣货
DrWE12DoBe,米色 品牌02 1200 抽屉柜（带门式）,抽屉柜,品牌02,1200,带门式,米色,8*1*1,1,BP40D,莎拉,出库,30041,拣货
AlSu1516Wh,白色 品牌11 15英寸 一体机（16吉字节内存）,一体机,品牌11,15英寸,16吉字节内存,白色,16*1*1,16,AG03C,克里斯,出库,30088,拣货
TVEs754KSi,银色 品牌32 75英寸 电视机（超高清）,电视机,品牌32,75英寸,超高清,银色,8*1*1,8,DG01E,亚历克斯,出库,30059,拣货
TaTR15WoGr,灰色 品牌29 1500 桌子（工作站）,桌子,品牌29,1500,工作站,灰色,8*1*1,8,AK97D,简,出库,30014,拣货
SPAl12WaPi,粉色 品牌20 12 触控笔（水彩）,触控笔,品牌20,12,水彩,粉色,48*10*5,2400,CF82C,迈克,出库,30034,拣货
SPGi50SoWh,白色 品牌21 50 触控笔（可溶性）,触控笔,品牌21,50,可溶性,白色,48*10*5,2400,BF05H,大卫,出库,30099,拣货
TVGL42S4Wh,白色 品牌31 42英寸 电视机（超级超高清）,电视机,品牌31,42英寸,超级超高清,白色,8*1*1,2,DW59D,劳拉,出库,30084,拣货
NoMuA3doSi,银色 品牌19 三号纸 笔记本（点阵）,笔记本,品牌19,三号纸,点阵,银色,48*10*5,841,BP20H,克里斯,出库,30064,拣货
AlRe17i7Si,银色 品牌14 17英寸 一体机（第7代处理器）,一体机,品牌14,17英寸,第7代处理器,银色,16*1*1,16,AH31E,大卫,出库,30040,拣货
AlOv17i5Bl,黑色 品牌13 17英寸 一体机（第5代处理器）,一体机,品牌13,17英寸,第5代处理器,黑色,16*1*1,16,BV13A,迈克,出库,30028,拣货
TVYn75FHBl,黑色 品牌15 75英寸 电视机（全高清）,电视机,品牌15,75英寸,全高清,黑色,8*1*1,7,DF61F,约翰,出库,30078,拣货
SPAl50SoWh,白色 品牌20 50 触控笔（可溶性）,触控笔,品牌20,50,可溶性,白色,48*10*5,701,AP75G,大卫,出库,30037,拣货
SPAl24HeGr,灰色 品牌20 24 触控笔（六角形）,触控笔,品牌20,24,六角形,灰色,48*10*5,2400,DS27G,迈克,出库,30030,拣货
LaPH1532Bl,黑色 品牌12 15英寸 笔记本电脑（32吉字节内存）,笔记本电脑,品牌12,15英寸,32吉字节内存,黑色,16*1*1,16,CW84C,亚历克斯,出库,30062,拣货
TaTR18AuBl,黑色 品牌28 1800 桌子（自动调节）,桌子,品牌28,1800,自动调节,黑色,8*1*1,8,BL66A,大卫,出库,30031,拣货
CaTE90LoBl,黑色 品牌04 900 文件柜（储物锁柜）,文件柜,品牌04,900,储物锁柜,黑色,8*1*1,8,CW81B,大卫,出库,30047,拣货
OfAESLePi,粉色 品牌05 小号 办公椅（皮革）,办公椅,品牌05,小号,皮革,粉色,16*1*1,16,BP03F,迈克,出库,30077,拣货
KePH35WiWh,白色 品牌12 350 键盘（有线）,键盘,品牌12,350,有线,白色,16*10*1,160,DF42H,艾米,出库,30078,拣货
KeSu45MeNa,藏青色 品牌11 450 键盘（机械式）,键盘,品牌11,450,机械式,藏青色,16*10*1,160,BO78E,大卫,出库,30087,拣货
LaRe1516Wh,白色 品牌14 15英寸 笔记本电脑（16吉字节内存）,笔记本电脑,品牌14,15英寸,16吉字节内存,白色,16*1*1,8,AZ55D,迈克,出库,30014,拣货
KeHc45ErBl,黑色 品牌09 450 键盘（人体工学）,键盘,品牌09,450,人体工学,黑色,16*10*1,159,BF46H,约翰,出库,30011,拣货
TVYn42S4Gr,灰色 品牌15 42英寸 电视机（超级超高清）,电视机,品牌15,42英寸,超级超高清,灰色,8*1*1,7,CV92B,亚历克斯,出库,30010,拣货
KeRe35BlPi,粉色 品牌10 350 键盘（蓝牙）,键盘,品牌10,350,蓝牙,粉色,16*10*1,144,AQ10F,艾米丽,出库,30064,拣货
AlRe158GSi,银色 品牌14 15英寸 一体机（8吉字节内存）,一体机,品牌14,15英寸,8吉字节内存,银色,16*1*1,16,CO17D,克里斯,出库,30059,拣货
OfAEMAdPi,粉色 品牌05 中号 办公椅（可调节）,办公椅,品牌05,中号,可调节,粉色,16*1*1,8,BW08A,迈克,出库,30083,拣货
NoScA5liGr,灰色 品牌17 五号纸 笔记本（线条）,笔记本,品牌17,五号纸,线条,灰色,48*10*5,2400,CL26D,迈克,出库,30064,拣货
KePH45BlBl,黑色 品牌12 450 键盘（蓝牙）,键盘,品牌12,450,蓝牙,黑色,16*10*1,160,CM62D,艾米丽,出库,30064,拣货
LaRe14i5Wh,白色 品牌14 14英寸 笔记本电脑（第5代处理器）,笔记本电脑,品牌14,14英寸,第5代处理器,白色,16*1*1,1,DR78C,克里斯,出库,30000,拣货
CuQE90DoBe,米色 品牌01 900 储物柜（带门式）,储物柜,品牌01,900,带门式,米色,8*1*1,8,BU13H,约翰,出库,30007,拣货
LaRe14i5Si,银色 品牌14 14英寸 笔记本电脑（第5代处理器）,笔记本电脑,品牌14,14英寸,第5代处理器,银色,16*1*1,1,DV29A,约翰,出库,30048,拣货
PeRe50WaGr,灰色 品牌22 50 铅笔（水彩）,铅笔,品牌22,50,水彩,灰色,48*10*5,2400,BK59H,劳拉,出库,30053,拣货
AlOv17i5Gr,灰色 品牌13 17英寸 一体机（第5代处理器）,一体机,品牌13,17英寸,第5代处理器,灰色,16*1*1,16,BG26C,约翰,出库,30015,拣货
LaYn17i5Gr,灰色 品牌15 17英寸 笔记本电脑（第5代处理器）,笔记本电脑,品牌15,17英寸,第5代处理器,灰色,16*1*1,16,DL71C,简,出库,30059,拣货
LaRe15i5Wh,白色 品牌14 15英寸 笔记本电脑（第5代处理器）,笔记本电脑,品牌14,15英寸,第5代处理器,白色,16*1*1,16,AS12C,大卫,出库,30010,拣货
KeRe35ErPi,粉色 品牌10 350 键盘（人体工学）,键盘,品牌10,350,人体工学,粉色,16*10*1,69,DG39F,劳拉,出库,30008,拣货
AlOv17i5Wh,白色 品牌13 17英寸 一体机（第5代处理器）,一体机,品牌13,17英寸,第5代处理器,白色,16*1*1,16,DR58B,劳拉,出库,30057,拣货
MoPH27BlNa,藏青色 品牌12 270 鼠标（蓝牙）,鼠标,品牌12,270,蓝牙,藏青色,16*10*1,86,BO30B,亚历克斯,出库,30072,拣货
MoSu35WiNa,藏青色 品牌11 350 鼠标（有线）,鼠标,品牌11,350,有线,藏青色,16*10*1,160,DG28H,艾米丽,出库,30000,拣货
TVEs50SFGr,灰色 品牌32 50英寸 电视机（超级全高清）,电视机,品牌32,50英寸,超级全高清,灰色,8*1*1,2,CI13C,劳拉,出库,30012,拣货
CaRG12SlGr,灰色 品牌03 1200 文件柜（滑动式）,文件柜,品牌03,1200,滑动式,灰色,8*1*1,8,DV14E,迈克,出库,30050,拣货
CaWE18FiWh,白色 品牌02 1800 文件柜（文件收纳）,文件柜,品牌02,1800,文件收纳,白色,8*1*1,4,DF13D,简,出库,30042,拣货
MoHc35BlWh,白色 品牌09 350 鼠标（蓝牙）,鼠标,品牌09,350,蓝牙,白色,16*10*1,160,AZ01H,艾米,出库,30039,拣货
TaTR15FrGr,灰色 品牌28 1500 桌子（框架式）,桌子,品牌28,1500,框架式,灰色,8*1*1,8,CQ93D,劳拉,出库,30008,拣货
DrTE18FiGr,灰色 品牌04 1800 抽屉柜（文件收纳）,抽屉柜,品牌04,1800,文件收纳,灰色,8*1*1,8,DM50A,艾米丽,出库,30028,拣货
TaTR18WoSi,银色 品牌28 1800 桌子（工作站）,桌子,品牌28,1800,工作站,银色,8*1*1,8,BP61B,艾米,出库,30029,拣货
TVEs32FHGr,灰色 品牌32 32英寸 电视机（全高清）,电视机,品牌32,32英寸,全高清,灰色,8*1*1,5,CZ50F,克里斯,出库,30015,拣货
PrNoA2LaBl,黑色 品牌26 二号纸 打印机（激光）,打印机,品牌26,二号纸,激光,黑色,16*1*1,13,DI51F,艾米,出库,30074,拣货
CuWE18FiBl,黑色 品牌02 1800 储物柜（文件收纳）,储物柜,品牌02,1800,文件收纳,黑色,8*1*1,8,DQ88H,约翰,出库,30062,拣货
AlRe1532Si,银色 品牌14 15英寸 一体机（32吉字节内存）,一体机,品牌14,15英寸,32吉字节内存,银色,16*1*1,9,AG90G,简,出库,30000,拣货
MoRe35ErWh,白色 品牌10 350 鼠标（人体工学）,鼠标,品牌10,350,人体工学,白色,16*10*1,160,AX70A,约翰,出库,30026,拣货
DrRG12DoGr,灰色 品牌03 1200 抽屉柜（带门式）,抽屉柜,品牌03,1200,带门式,灰色,8*1*1,8,DM64H,约翰,出库,30036,拣货
CuTE12DoBl,黑色 品牌04 1200 储物柜（带门式）,储物柜,品牌04,1200,带门式,黑色,8*1*1,8,BU07G,约翰,出库,30065,拣货
AlSu15i5Gr,灰色 品牌11 15英寸 一体机（第5代处理器）,一体机,品牌11,15英寸,第5代处理器,灰色,16*1*1,16,DL20G,简,出库,30087,拣货
DrWE90LoGr,灰色 品牌02 900 抽屉柜（储物锁柜）,抽屉柜,品牌02,900,储物锁柜,灰色,8*1*1,8,BZ81E,克里斯,出库,30012,拣货
KePH35MeBl,黑色 品牌12 350 键盘（机械式）,键盘,品牌12,350,机械式,黑色,16*10*1,84,DF37C,亚历克斯,出库,30047,拣货
TVYn504KWh,白色 品牌15 50英寸 电视机（超高清）,电视机,品牌15,50英寸,超高清,白色,8*1*1,4,CT23E,约翰,出库,30090,拣货
DrQE12SlGr,灰色 品牌01 1200 抽屉柜（滑动式）,抽屉柜,品牌01,1200,滑动式,灰色,8*1*1,8,CP69C,克里斯,出库,30013,拣货
TVGL42FHGr,灰色 品牌31 42英寸 电视机（全高清）,电视机,品牌31,42英寸,全高清,灰色,8*1*1,2,BK29E,亚历克斯,出库,30013,拣货
PrPHA4WiWh,白色 品牌12 四号纸 打印机（无线网络）,打印机,品牌12,四号纸,无线网络,白色,16*1*1,6,CZ29G,迈克,出库,30033,拣货
DrWE12FiGr,灰色 品牌02 1200 抽屉柜（文件收纳）,抽屉柜,品牌02,1200,文件收纳,灰色,8*1*1,8,DI24G,简,出库,30021,拣货
LaPH148GBl,黑色 品牌12 14英寸 笔记本电脑（8吉字节内存）,笔记本电脑,品牌12,14英寸,8吉字节内存,黑色,16*1*1,16,AI77B,亚历克斯,出库,30052,拣货
AlSu1532Wh,白色 品牌11 15英寸 一体机（32吉字节内存）,一体机,品牌11,15英寸,32吉字节内存,白色,16*1*1,7,BZ26B,迈克,出库,30059,拣货
KeHc45ErWh,白色 品牌09 450 键盘（人体工学）,键盘,品牌09,450,人体工学,白色,16*10*1,134,AO79C,艾米,出库,30064,拣货
PrReA3InBl,黑色 品牌24 三号纸 打印机（喷墨）,打印机,品牌24,三号纸,喷墨,黑色,16*1*1,12,AP06C,约翰,出库,30062,拣货
PrReA4MoGr,灰色 品牌24 四号纸 打印机（黑白）,打印机,品牌24,四号纸,黑白,灰色,16*1*1,16,AN77F,艾米,出库,30091,拣货
CaRG18SlBl,黑色 品牌03 1800 文件柜（滑动式）,文件柜,品牌03,1800,滑动式,黑色,8*1*1,7,DR96F,劳拉,出库,30008,拣货
MoHc27WiWh,白色 品牌09 270 鼠标（有线）,鼠标,品牌09,270,有线,白色,16*10*1,160,DX54C,迈克,出库,30069,拣货
CaQE12FiGr,灰色 品牌01 1200 文件柜（文件收纳）,文件柜,品牌01,1200,文件收纳,灰色,8*1*1,2,CF35G,艾米丽,出库,30031,拣货
MoSu45WiPi,粉色 品牌11 450 鼠标（有线）,鼠标,品牌11,450,有线,粉色,16*10*1,143,CS74C,简,出库,30039,拣货
CaQE90DoGr,灰色 品牌01 900 文件柜（带门式）,文件柜,品牌01,900,带门式,灰色,8*1*1,8,DO67E,艾米丽,出库,30045,拣货
AlPH14i5Si,银色 品牌12 14英寸 一体机（第5代处理器）,一体机,品牌12,14英寸,第5代处理器,银色,16*1*1,16,DR60D,大卫,出库,30081,拣货
LaPH1716Bl,黑色 品牌12 17英寸 笔记本电脑（16吉字节内存）,笔记本电脑,品牌12,17英寸,16吉字节内存,黑色,16*1*1,16,CL56E,迈克,出库,30024,拣货
MoSu27BlPi,粉色 品牌11 270 鼠标（蓝牙）,鼠标,品牌11,270,蓝牙,粉色,16*10*1,159,AT50F,迈克,出库,30005,拣货
KeSu45MePi,粉色 品牌11 450 键盘（机械式）,键盘,品牌11,450,机械式,粉色,16*10*1,160,DX05C,艾米,出库,30090,拣货
TaTR18FrSi,银色 品牌29 1800 桌子（框架式）,桌子,品牌29,1800,框架式,银色,8*1*1,3,BI28C,克里斯,出库,30094,拣货
LaSu15i5Si,银色 品牌11 15英寸 笔记本电脑（第5代处理器）,笔记本电脑,品牌11,15英寸,第5代处理器,银色,16*1*1,16,BH13C,克里斯,出库,30054,拣货
LaRe1432Wh,白色 品牌14 14英寸 笔记本电脑（32吉字节内存）,笔记本电脑,品牌14,14英寸,32吉字节内存,白色,16*1*1,16,DP05A,莎拉,出库,30035,拣货
OfSELLeGr,灰色 品牌08 大号 办公椅（皮革）,办公椅,品牌08,大号,皮革,灰色,16*1*1,16,BR47H,亚历克斯,出库,30077,拣货
TaTR10AuGr,灰色 品牌29 1000 桌子（自动调节）,桌子,品牌29,1000,自动调节,灰色,8*1*1,8,CY43B,莎拉,出库,30060,拣货
NoMuA5liBl,黑色 品牌19 五号纸 笔记本（线条）,笔记本,品牌19,五号纸,线条,黑色,48*10*5,2030,AN97B,莎拉,出库,30080,拣货
AlPH15i7Bl,黑色 品牌12 15英寸 一体机（第7代处理器）,一体机,品牌12,15英寸,第7代处理器,黑色,16*1*1,2,CF80D,迈克,出库,30014,拣货
NoGrA5doGr,灰色 品牌18 五号纸 笔记本（点阵）,笔记本,品牌18,五号纸,点阵,灰色,48*10*5,1034,CV21D,克里斯,出库,30096,拣货
GaXEMLeBl,黑色 品牌06 中号 游戏椅（皮革）,游戏椅,品牌06,中号,皮革,黑色,16*1*1,16,CG56G,简,出库,30035,拣货
KeHc45WiWh,白色 品牌09 450 键盘（有线）,键盘,品牌09,450,有线,白色,16*10*1,160,DS93F,亚历克斯,出库,30061,拣货
CuRG18LoBe,米色 品牌03 1800 储物柜（储物锁柜）,储物柜,品牌03,1800,储物锁柜,米色,8*1*1,8,AQ93A,艾米,出库,30038,拣货
TVGL324KWh,白色 品牌31 32英寸 电视机（超高清）,电视机,品牌31,32英寸,超高清,白色,8*1*1,8,DM75C,约翰,出库,30046,拣货
TaTR10WoSi,银色 品牌29 1000 桌子（工作站）,桌子,品牌29,1000,工作站,银色,8*1*1,8,AI73F,迈克,出库,30078,拣货
SPNa24WaBl,黑色 品牌23 24 触控笔（水彩）,触控笔,品牌23,24,水彩,黑色,48*10*5,369,DT90H,约翰,出库,30065,拣货
DrTE18DoWh,白色 品牌04 1800 抽屉柜（带门式）,抽屉柜,品牌04,1800,带门式,白色,8*1*1,2,CI52E,艾米,出库,30094,拣货
LaRe1432Si,银色 品牌14 14英寸 笔记本电脑（32吉字节内存）,笔记本电脑,品牌14,14英寸,32吉字节内存,银色,16*1*1,16,CM97H,约翰,出库,30043,拣货
GaOGSHeBl,黑色 品牌07 小号 游戏椅（头枕）,游戏椅,品牌07,小号,头枕,黑色,16*1*1,16,CK21G,大卫,出库,30043,拣货
CaTE12FiGr,灰色 品牌04 1200 文件柜（文件收纳）,文件柜,品牌04,1200,文件收纳,灰色,8*1*1,8,DQ93D,艾米丽,出库,30063,拣货
DrWE12LoGr,灰色 品牌02 1200 抽屉柜（储物锁柜）,抽屉柜,品牌02,1200,储物锁柜,灰色,8*1*1,8,CU58G,亚历克斯,出库,30090,拣货
TVGL65S4Wh,白色 品牌31 65英寸 电视机（超级超高清）,电视机,品牌31,65英寸,超级超高清,白色,8*1*1,3,BG01D,约翰,出库,30058,拣货
OfSESLeBl,黑色 品牌08 小号 办公椅（皮革）,办公椅,品牌08,小号,皮革,黑色,16*1*1,11,CH58H,亚历克斯,出库,30008,拣货
GaOGSErGr,灰色 品牌07 小号 游戏椅（人体工学）,游戏椅,品牌07,小号,人体工学,灰色,16*1*1,16,AX41E,亚历克斯,出库,30073,拣货
GaXESAdBl,黑色 品牌06 小号 游戏椅（可调节）,游戏椅,品牌06,小号,可调节,黑色,16*1*1,16,AJ17H,迈克,出库,30018,拣货
TVYn75FHWh,白色 品牌15 75英寸 电视机（全高清）,电视机,品牌15,75英寸,全高清,白色,8*1*1,1,CT73E,劳拉,出库,30025,拣货
AlRe1516Si,银色 品牌14 15英寸 一体机（16吉字节内存）,一体机,品牌14,15英寸,16吉字节内存,银色,16*1*1,16,CF39G,克里斯,出库,30051,拣货
KeRe45WiNa,藏青色 品牌10 450 键盘（有线）,键盘,品牌10,450,有线,藏青色,16*10*1,124,BR81B,克里斯,出库,30089,拣货
SPRe24SoBl,黑色 品牌22 24 触控笔（可溶性）,触控笔,品牌22,24,可溶性,黑色,48*10*5,261,CU27F,艾米丽,出库,30096,拣货
AlYn178GBl,黑色 品牌15 17英寸 一体机（8吉字节内存）,一体机,品牌15,17英寸,8吉字节内存,黑色,16*1*1,4,AK26F,约翰,出库,30071,拣货
TVYn75FHBl,黑色 品牌15 75英寸 电视机（全高清）,电视机,品牌15,75英寸,全高清,黑色,8*1*1,8,DW43E,约翰,出库,30028,拣货
SPNa24WaWh,白色 品牌23 24 触控笔（水彩）,触控笔,品牌23,24,水彩,白色,48*10*5,2400,CG93H,约翰,出库,30085,拣货
LaPH17i7Bl,黑色 品牌12 17英寸 笔记本电脑（第7代处理器）,笔记本电脑,品牌12,17英寸,第7代处理器,黑色,16*1*1,5,CY33H,大卫,出库,30016,拣货
PrNoA4LaGr,灰色 品牌26 四号纸 打印机（激光）,打印机,品牌26,四号纸,激光,灰色,16*1*1,16,BR95B,劳拉,出库,30030,拣货
KePH35ErWh,白色 品牌12 350 键盘（人体工学）,键盘,品牌12,350,人体工学,白色,16*10*1,160,CS77A,简,出库,30087,拣货
LaOv14i5Wh,白色 品牌13 14英寸 笔记本电脑（第5代处理器）,笔记本电脑,品牌13,14英寸,第5代处理器,白色,16*1*1,16,BU91C,莎拉,出库,30030,拣货
GaOGLErBl,黑色 品牌07 大号 游戏椅（人体工学）,游戏椅,品牌07,大号,人体工学,黑色,16*1*1,16,BT30B,约翰,出库,30091,拣货
SPRe50SoWh,白色 品牌22 50 触控笔（可溶性）,触控笔,品牌22,50,可溶性,白色,48*10*5,1894,CL90H,艾米,出库,30079,拣货
TVGL65S4Wh,白色 品牌31 65英寸 电视机（超级超高清）,电视机,品牌31,65英寸,超级超高清,白色,8*1*1,6,CW12F,克里斯,出库,30095,拣货
GaAESHePi,粉色 品牌05 小号 游戏椅（头枕）,游戏椅,品牌05,小号,头枕,粉色,16*1*1,6,DY93A,克里斯,出库,30096,拣货
GaAESHeGr,灰色 品牌05 小号 游戏椅（头枕）,游戏椅,品牌05,小号,头枕,灰色,16*1*1,14,BV92A,亚历克斯,出库,30091,拣货
TVEs654KBl,黑色 品牌32 65英寸 电视机（超高清）,电视机,品牌32,65英寸,超高清,黑色,8*1*1,8,AM53D,约翰,出库,30082,拣货
TVYn50S4Wh,白色 品牌15 50英寸 电视机（超级超高清）,电视机,品牌15,50英寸,超级超高清,白色,8*1*1,8,BQ90A,莎拉,出库,30044,拣货
AlOv1432Wh,白色 品牌13 14英寸 一体机（32吉字节内存）,一体机,品牌13,14英寸,32吉字节内存,白色,16*1*1,16,DG07F,克里斯,出库,30045,拣货
KePH35ErPi,粉色 品牌12 350 键盘（人体工学）,键盘,品牌12,350,人体工学,粉色,16*10*1,68,DQ88A,莎拉,出库,30056,拣货
GaXEMLeBl,黑色 品牌06 中号 游戏椅（皮革）,游戏椅,品牌06,中号,皮革,黑色,16*1*1,16,CP64E,艾米丽,出库,30005,拣货
PrSoA3AlBl,黑色 品牌25 三号纸 打印机（一体式）,打印机,品牌25,三号纸,一体式,黑色,16*1*1,16,CZ36C,迈克,出库,30013,拣货
AlSu158GSi,银色 品牌11 15英寸 一体机（8吉字节内存）,一体机,品牌11,15英寸,8吉字节内存,银色,16*1*1,6,AO55F,艾米丽,出库,30018,拣货
LaRe15i5Bl,黑色 品牌14 15英寸 笔记本电脑（第5代处理器）,笔记本电脑,品牌14,15英寸,第5代处理器,黑色,16*1*1,13,AP02G,艾米,出库,30072,拣货
TVEs75FHSi,银色 品牌32 75英寸 电视机（全高清）,电视机,品牌32,75英寸,全高清,银色,8*1*1,4,BX81B,约翰,出库,30046,拣货
TVYn32FHWh,白色 品牌15 32英寸 电视机（全高清）,电视机,品牌15,32英寸,全高清,白色,8*1*1,8,CY60C,克里斯,出库,30093,拣货
CuTE18LoBe,米色 品牌04 1800 储物柜（储物锁柜）,储物柜,品牌04,1800,储物锁柜,米色,8*1*1,1,CM12E,莎拉,出库,30095,拣货
TaTR15AdGr,灰色 品牌28 1500 桌子（可调节）,桌子,品牌28,1500,可调节,灰色,8*1*1,8,BP31B,艾米丽,出库,30086,拣货
CuRG18FiBl,黑色 品牌03 1800 储物柜（文件收纳）,储物柜,品牌03,1800,文件收纳,黑色,8*1*1,8,AZ54B,亚历克斯,出库,30049,拣货
SPRe24HePi,粉色 品牌22 24 触控笔（六角形）,触控笔,品牌22,24,六角形,粉色,48*10*5,45,DN05H,艾米,出库,30086,拣货
TVGL65S4Si,银色 品牌31 65英寸 电视机（超级超高清）,电视机,品牌31,65英寸,超级超高清,银色,8*1*1,7,BZ15A,大卫,出库,30031,拣货
GaAESAdWh,白色 品牌05 小号 游戏椅（可调节）,游戏椅,品牌05,小号,可调节,白色,16*1*1,16,DN02B,大卫,出库,30098,拣货
GaAESAdBl,黑色 品牌05 小号 游戏椅（可调节）,游戏椅,品牌05,小号,可调节,黑色,16*1*1,10,AU10D,劳拉,出库,30085,拣货
AlOv17i5Gr,灰色 品牌13 17英寸 一体机（第5代处理器）,一体机,品牌13,17英寸,第5代处理器,灰色,16*1*1,16,DK51H,大卫,出库,30048,拣货
SPAl12WaPi,粉色 品牌20 12 触控笔（水彩）,触控笔,品牌20,12,水彩,粉色,48*10*5,2400,AH46G,迈克,出库,30058,拣货
GaOGSAdBl,黑色 品牌07 小号 游戏椅（可调节）,游戏椅,品牌07,小号,可调节,黑色,16*1*1,12,BU53B,艾米,出库,30098,拣货
AlOv14i7Si,银色 品牌13 14英寸 一体机（第7代处理器）,一体机,品牌13,14英寸,第7代处理器,银色,16*1*1,16,AV62F,大卫,出库,30058,拣货
LaRe14i7Wh,白色 品牌14 14英寸 笔记本电脑（第7代处理器）,笔记本电脑,品牌14,14英寸,第7代处理器,白色,16*1*1,16,AO23F,迈克,出库,30082,拣货
DrTE18SlBl,黑色 品牌04 1800 抽屉柜（滑动式）,抽屉柜,品牌04,1800,滑动式,黑色,8*1*1,2,AJ56F,约翰,出库,30059,拣货
AlYn14i5Bl,黑色 品牌15 14英寸 一体机（第5代处理器）,一体机,品牌15,14英寸,第5代处理器,黑色,16*1*1,16,AG87D,迈克,出库,30063,拣货
OfSELAdGr,灰色 品牌08 大号 办公椅（可调节）,办公椅,品牌08,大号,可调节,灰色,16*1*1,16,CZ36B,艾米丽,出库,30066,拣货
GaOGSAdWh,白色 品牌07 小号 游戏椅（可调节）,游戏椅,品牌07,小号,可调节,白色,16*1*1,14,AX62B,亚历克斯,出库,30018,拣货
NoGrA5ruWh,白色 品牌18 五号纸 笔记本（横线）,笔记本,品牌18,五号纸,横线,白色,48*10*5,1064,AV74G,亚历克斯,出库,30074,拣货
OfSELAdGr,灰色 品牌08 大号 办公椅（可调节）,办公椅,品牌08,大号,可调节,灰色,16*1*1,16,BJ89C,艾米丽,出库,30023,拣货
CaRG12LoGr,灰色 品牌03 1200 文件柜（储物锁柜）,文件柜,品牌03,1200,储物锁柜,灰色,8*1*1,8,CL60D,劳拉,出库,30078,拣货
TVEs424KSi,银色 品牌32 42英寸 电视机（超高清）,电视机,品牌32,42英寸,超高清,银色,8*1*1,8,CH68E,艾米,出库,30064,拣货
LaSu1732Gr,灰色 品牌11 17英寸 笔记本电脑（32吉字节内存）,笔记本电脑,品牌11,17英寸,32吉字节内存,灰色,16*1*1,16,DF58G,艾米丽,出库,30079,拣货
PeRe24SoGr,灰色 品牌22 24 铅笔（可溶性）,铅笔,品牌22,24,可溶性,灰色,48*10*5,2400,BM07F,艾米丽,出库,30027,拣货
CaTE90LoBl,黑色 品牌04 900 文件柜（储物锁柜）,文件柜,品牌04,900,储物锁柜,黑色,8*1*1,6,CQ10B,约翰,出库,30079,拣货
PrPHA3InWh,白色 品牌12 三号纸 打印机（喷墨）,打印机,品牌12,三号纸,喷墨,白色,16*1*1,16,CV32H,亚历克斯,出库,30015,拣货
LaOv14i7Bl,黑色 品牌13 14英寸 笔记本电脑（第7代处理器）,笔记本电脑,品牌13,14英寸,第7代处理器,黑色,16*1*1,12,DP48B,艾米丽,出库,30027,拣货
TVGn65FHGr,灰色 品牌30 65英寸 电视机（全高清）,电视机,品牌30,65英寸,全高清,灰色,8*1*1,8,DO58H,艾米,出库,30060,拣货
PeGi24SoGr,灰色 品牌21 24 铅笔（可溶性）,铅笔,品牌21,24,可溶性,灰色,48*10*5,2400,DS83C,大卫,出库,30000,拣货
PeGi24HeGr,灰色 品牌21 24 铅笔（六角形）,铅笔,品牌21,24,六角形,灰色,48*10*5,2400,CP06E,约翰,出库,30048,拣货
DrWE12SlWh,白色 品牌02 1200 抽屉柜（滑动式）,抽屉柜,品牌02,1200,滑动式,白色,8*1*1,8,AO58E,约翰,出库,30081,拣货
AlSu1716Bl,黑色 品牌11 17英寸 一体机（16吉字节内存）,一体机,品牌11,17英寸,16吉字节内存,黑色,16*1*1,16,AQ64H,莎拉,出库,30044,拣货
SPGi50SoGr,灰色 品牌21 50 触控笔（可溶性）,触控笔,品牌21,50,可溶性,灰色,48*10*5,2400,BR90B,亚历克斯,出库,30010,拣货
GaOGMErBl,黑色 品牌07 中号 游戏椅（人体工学）,游戏椅,品牌07,中号,人体工学,黑色,16*1*1,16,CT13D,亚历克斯,出库,30014,拣货
LaOv1432Gr,灰色 品牌13 14英寸 笔记本电脑（32吉字节内存）,笔记本电脑,品牌13,14英寸,32吉字节内存,灰色,16*1*1,16,BJ61E,艾米丽,出库,30040,拣货
AlSu14i5Gr,灰色 品牌11 14英寸 一体机（第5代处理器）,一体机,品牌11,14英寸,第5代处理器,灰色,16*1*1,16,AQ70B,艾米丽,出库,30062,拣货
CuRG18FiBe,米色 品牌03 1800 储物柜（文件收纳）,储物柜,品牌03,1800,文件收纳,米色,8*1*1,8,AH15C,大卫,出库,30036,拣货
AlYn1716Si,银色 品牌15 17英寸 一体机（16吉字节内存）,一体机,品牌15,17英寸,16吉字节内存,银色,16*1*1,1,DU58H,劳拉,出库,30043,拣货
LaPH158GBl,黑色 品牌12 15英寸 笔记本电脑（8吉字节内存）,笔记本电脑,品牌12,15英寸,8吉字节内存,黑色,16*1*1,16,AS73F,大卫,出库,30027,拣货
KeSu35ErNa,藏青色 品牌11 350 键盘（人体工学）,键盘,品牌11,350,人体工学,藏青色,16*10*1,160,AZ49E,劳拉,出库,30005,拣货
AlSu1432Wh,白色 品牌11 14英寸 一体机（32吉字节内存）,一体机,品牌11,14英寸,32吉字节内存,白色,16*1*1,12,BJ37D,艾米,出库,30042,拣货
CuRG18DoWh,白色 品牌03 1800 储物柜（带门式）,储物柜,品牌03,1800,带门式,白色,8*1*1,8,BW46A,亚历克斯,出库,30028,拣货
NoScA4doSi,银色 品牌17 四号纸 笔记本（点阵）,笔记本,品牌17,四号纸,点阵,银色,48*10*5,1542,AX16F,亚历克斯,出库,30094,拣货
DrRG90LoGr,灰色 品牌03 900 抽屉柜（储物锁柜）,抽屉柜,品牌03,900,储物锁柜,灰色,8*1*1,8,CF93H,莎拉,出库,30046,拣货
TVEs65FHWh,白色 品牌32 65英寸 电视机（全高清）,电视机,品牌32,65英寸,全高清,白色,8*1*1,8,BW98H,约翰,出库,30087,拣货
MoHc35BlWh,白色 品牌09 350 鼠标（蓝牙）,鼠标,品牌09,350,蓝牙,白色,16*10*1,76,BG61G,约翰,出库,30088,拣货
PeGi12SoPi,粉色 品牌21 12 铅笔（可溶性）,铅笔,品牌21,12,可溶性,粉色,48*10*5,2148,BU32E,艾米丽,出库,30079,拣货
LaYn1432Gr,灰色 品牌15 14英寸 笔记本电脑（32吉字节内存）,笔记本电脑,品牌15,14英寸,32吉字节内存,灰色,16*1*1,16,CR74B,艾米,出库,30078,拣货
LaPH1532Si,银色 品牌12 15英寸 笔记本电脑（32吉字节内存）,笔记本电脑,品牌12,15英寸,32吉字节内存,银色,16*1*1,16,BN33D,艾米丽,出库,30039,拣货
DrRG90LoBe,米色 品牌03 900 抽屉柜（储物锁柜）,抽屉柜,品牌03,900,储物锁柜,米色,8*1*1,4,BF35C,艾米,出库,30046,拣货
CaWE90SlBe,米色 品牌02 900 文件柜（滑动式）,文件柜,品牌02,900,滑动式,米色,8*1*1,8,AF22C,迈克,出库,30099,拣货
GaSEMAdPi,粉色 品牌08 中号 游戏椅（可调节）,游戏椅,品牌08,中号,可调节,粉色,16*1*1,2,DP17B,克里斯,出库,30026,拣货
MoHc27BlNa,藏青色 品牌09 270 鼠标（蓝牙）,鼠标,品牌09,270,蓝牙,藏青色,16*10*1,160,CX27B,克里斯,出库,30075,拣货
AlSu148GWh,白色 品牌11 14英寸 一体机（8吉字节内存）,一体机,品牌11,14英寸,8吉字节内存,白色,16*1*1,7,AV33D,简,出库,30002,拣货
SPGi12WaBl,黑色 品牌21 12 触控笔（水彩）,触控笔,品牌21,12,水彩,黑色,48*10*5,1817,DL90H,简,出库,30042,拣货
KeSu45ErPi,粉色 品牌11 450 键盘（人体工学）,键盘,品牌11,450,人体工学,粉色,16*10*1,160,AF13C,简,出库,30029,拣货
NoGrA3ruSi,银色 品牌18 三号纸 笔记本（横线）,笔记本,品牌18,三号纸,横线,银色,48*10*5,2400,AK48G,亚历克斯,出库,30007,拣货
SPRe24HeGr,灰色 品牌22 24 触控笔（六角形）,触控笔,品牌22,24,六角形,灰色,48*10*5,958,BV18F,大卫,出库,30097,拣货
AlYn1516Bl,黑色 品牌15 15英寸 一体机（16吉字节内存）,一体机,品牌15,15英寸,16吉字节内存,黑色,16*1*1,16,CH77F,艾米丽,出库,30044,拣货
DrTE12FiWh,白色 品牌04 1200 抽屉柜（文件收纳）,抽屉柜,品牌04,1200,文件收纳,白色,8*1*1,8,DR22B,克里斯,出库,30018,拣货
LaYn15i7Wh,白色 品牌15 15英寸 笔记本电脑（第7代处理器）,笔记本电脑,品牌15,15英寸,第7代处理器,白色,16*1*1,16,CU53B,艾米丽,出库,30095,拣货
LaPH1532Gr,灰色 品牌12 15英寸 笔记本电脑（32吉字节内存）,笔记本电脑,品牌12,15英寸,32吉字节内存,灰色,16*1*1,2,DR85G,莎拉,出库,30071,拣货
AlSu15i5Bl,黑色 品牌11 15英寸 一体机（第5代处理器）,一体机,品牌11,15英寸,第5代处理器,黑色,16*1*1,16,CR55F,莎拉,出库,30039,拣货
NoScA4doSi,银色 品牌17 四号纸 笔记本（点阵）,笔记本,品牌17,四号纸,点阵,银色,48*10*5,2400,BW50D,克里斯,出库,30030,拣货
OfXEMHeGr,灰色 品牌06 中号 办公椅（头枕）,办公椅,品牌06,中号,头枕,灰色,16*1*1,5,CY44E,亚历克斯,出库,30053,拣货
AlYn14i5Si,银色 品牌15 14英寸 一体机（第5代处理器）,一体机,品牌15,14英寸,第5代处理器,银色,16*1*1,8,CX44G,劳拉,出库,30003,拣货
TaAE10AdGr,灰色 品牌05 1000 桌子（可调节）,桌子,品牌05,1000,可调节,灰色,8*1*1,3,DV40E,莎拉,出库,30031,拣货
KePH27ErWh,白色 品牌12 270 键盘（人体工学）,键盘,品牌12,270,人体工学,白色,16*10*1,28,CT57C,劳拉,出库,30089,拣货
PrReA4WiBl,黑色 品牌24 四号纸 打印机（无线网络）,打印机,品牌24,四号纸,无线网络,黑色,16*1*1,16,AO04C,克里斯,出库,30036,拣货
TaTR15AuWh,白色 品牌29 1500 桌子（自动调节）,桌子,品牌29,1500,自动调节,白色,8*1*1,1,BI53C,亚历克斯,出库,30000,拣货
DrQE18SlWh,白色 品牌01 1800 抽屉柜（滑动式）,抽屉柜,品牌01,1800,滑动式,白色,8*1*1,8,BV91G,莎拉,出库,30010,拣货
PeRe24SoPi,粉色 品牌22 24 铅笔（可溶性）,铅笔,品牌22,24,可溶性,粉色,48*10*5,2400,DT50D,克里斯,出库,30042,拣货
AlPH1432Gr,灰色 品牌12 14英寸 一体机（32吉字节内存）,一体机,品牌12,14英寸,32吉字节内存,灰色,16*1*1,16,DZ96G,莎拉,出库,30004,拣货
MoSu27ErPi,粉色 品牌11 270 鼠标（人体工学）,鼠标,品牌11,270,人体工学,粉色,16*10*1,81,DU06E,简,出库,30054,拣货
CaTE90SlWh,白色 品牌04 900 文件柜（滑动式）,文件柜,品牌04,900,滑动式,白色,8*1*1,8,AU73F,亚历克斯,出库,30016,拣货
TVEs42SFWh,白色 品牌32 42英寸 电视机（超级全高清）,电视机,品牌32,42英寸,超级全高清,白色,8*1*1,8,AR90H,迈克,出库,30013,拣货
MoPH35WiBl,黑色 品牌12 350 鼠标（有线）,鼠标,品牌12,350,有线,黑色,16*10*1,160,AR80A,迈克,出库,30087,拣货
AlYn14i5Gr,灰色 品牌15 14英寸 一体机（第5代处理器）,一体机,品牌15,14英寸,第5代处理器,灰色,16*1*1,11,AH18H,艾米,出库,30009,拣货
AlSu1532Bl,黑色 品牌11 15英寸 一体机（32吉字节内存）,一体机,品牌11,15英寸,32吉字节内存,黑色,16*1*1,16,DN03B,亚历克斯,出库,30061,拣货
KeSu27ErWh,白色 品牌11 270 键盘（人体工学）,键盘,品牌11,270,人体工学,白色,16*10*1,160,DI88F,迈克,出库,30002,拣货
GaSESAdPi,粉色 品牌08 小号 游戏椅（可调节）,游戏椅,品牌08,小号,可调节,粉色,16*1*1,16,AK60G,艾米,出库,30099,拣货
KePH27ErBl,黑色 品牌12 270 键盘（人体工学）,键盘,品牌12,270,人体工学,黑色,16*10*1,160,AT34G,克里斯,出库,30077,拣货
GaSEMAdWh,白色 品牌08 中号 游戏椅（可调节）,游戏椅,品牌08,中号,可调节,白色,16*1*1,16,BO39H,莎拉,出库,30027,拣货
TVYn424KGr,灰色 品牌15 42英寸 电视机（超高清）,电视机,品牌15,42英寸,超高清,灰色,8*1*1,7,BS40C,大卫,出库,30071,拣货
PrPHA3MoBl,黑色 品牌12 三号纸 打印机（黑白）,打印机,品牌12,三号纸,黑白,黑色,16*1*1,16,AI76A,亚历克斯,出库,30060,拣货
DrQE90DoGr,灰色 品牌01 900 抽屉柜（带门式）,抽屉柜,品牌01,900,带门式,灰色,8*1*1,8,CH71B,亚历克斯,出库,30096,拣货
TVGn324KBl,黑色 品牌30 32英寸 电视机（超高清）,电视机,品牌30,32英寸,超高清,黑色,8*1*1,8,CG31G,约翰,出库,30051,拣货
OfXEMAdPi,粉色 品牌06 中号 办公椅（可调节）,办公椅,品牌06,中号,可调节,粉色,16*1*1,7,AT63H,艾米丽,出库,30048,拣货
PrSoA2InMi,混合色 品牌25 二号纸 打印机（喷墨）,打印机,品牌25,二号纸,喷墨,混合色,16*1*1,8,BI26B,艾米丽,出库,30049,拣货
OfOGMHeGr,灰色 品牌07 中号 办公椅（头枕）,办公椅,品牌07,中号,头枕,灰色,16*1*1,13,CQ58D,艾米,出库,30030,拣货
TVYn754KWh,白色 品牌15 75英寸 电视机（超高清）,电视机,品牌15,75英寸,超高清,白色,8*1*1,8,AH21G,劳拉,出库,30087,拣货
TaTR18FrSi,银色 品牌28 1800 桌子（框架式）,桌子,品牌28,1800,框架式,银色,8*1*1,8,BH93G,简,出库,30088,拣货
KeHc45BlWh,白色 品牌09 450 键盘（蓝牙）,键盘,品牌09,450,蓝牙,白色,16*10*1,160,DP80B,劳拉,出库,30048,拣货
OfAESErWh,白色 品牌05 小号 办公椅（人体工学）,办公椅,品牌05,小号,人体工学,白色,16*1*1,13,AV23B,劳拉,出库,30091,拣货
TVEs75FHBl,黑色 品牌32 75英寸 电视机（全高清）,电视机,品牌32,75英寸,全高清,黑色,8*1*1,8,CG83F,亚历克斯,出库,30027,拣货
PrReA3LaBl,黑色 品牌24 三号纸 打印机（激光）,打印机,品牌24,三号纸,激光,黑色,16*1*1,3,CT38B,约翰,出库,30074,拣货
TVYn50FHSi,银色 品牌15 50英寸 电视机（全高清）,电视机,品牌15,50英寸,全高清,银色,8*1*1,8,CG03A,莎拉,出库,30007,拣货
DrRG90FiBe,米色 品牌03 900 抽屉柜（文件收纳）,抽屉柜,品牌03,900,文件收纳,米色,8*1*1,2,CZ79F,莎拉,出库,30004,拣货
SPAl50WaGr,灰色 品牌20 50 触控笔（水彩）,触控笔,品牌20,50,水彩,灰色,48*10*5,2400,CO23E,大卫,出库,30061,拣货
TaCI10FrBl,黑色 品牌27 1000 桌子（框架式）,桌子,品牌27,1000,框架式,黑色,8*1*1,8,AX76G,艾米丽,出库,30084,拣货
DrTE12DoBe,米色 品牌04 1200 抽屉柜（带门式）,抽屉柜,品牌04,1200,带门式,米色,8*1*1,6,BU73B,亚历克斯,出库,30023,拣货
KeHc35MeBl,黑色 品牌09 350 键盘（机械式）,键盘,品牌09,350,机械式,黑色,16*10*1,155,BZ71B,迈克,出库,30061,拣货
PeGi50WaPi,粉色 品牌21 50 铅笔（水彩）,铅笔,品牌21,50,水彩,粉色,48*10*5,2400,AY17A,约翰,出库,30062,拣货
TaAE15AuBl,黑色 品牌05 1500 桌子（自动调节）,桌子,品牌05,1500,自动调节,黑色,8*1*1,8,AW30G,艾米,出库,30052,拣货
AlSu1716Gr,灰色 品牌11 17英寸 一体机（16吉字节内存）,一体机,品牌11,17英寸,16吉字节内存,灰色,16*1*1,15,AK06E,简,出库,30074,拣货
GaSELErBl,黑色 品牌08 大号 游戏椅（人体工学）,游戏椅,品牌08,大号,人体工学,黑色,16*1*1,4,AN37E,迈克,出库,30039,拣货
CuWE18DoBl,黑色 品牌02 1800 储物柜（带门式）,储物柜,品牌02,1800,带门式,黑色,8*1*1,1,CV17A,大卫,出库,30008,拣货
OfAEMErBl,黑色 品牌05 中号 办公椅（人体工学）,办公椅,品牌05,中号,人体工学,黑色,16*1*1,16,BW09B,大卫,出库,30073,拣货
AlSu15i5Wh,白色 品牌11 15英寸 一体机（第5代处理器）,一体机,品牌11,15英寸,第5代处理器,白色,16*1*1,16,BT51G,迈克,出库,30080,拣货
AlOv178GSi,银色 品牌13 17英寸 一体机（8吉字节内存）,一体机,品牌13,17英寸,8吉字节内存,银色,16*1*1,5,AG28B,迈克,出库,30040,拣货
MoPH35ErNa,藏青色 品牌12 350 鼠标（人体工学）,鼠标,品牌12,350,人体工学,藏青色,16*10*1,160,BO75A,艾米丽,出库,30069,拣货
LaSu15i5Wh,白色 品牌11 15英寸 笔记本电脑（第5代处理器）,笔记本电脑,品牌11,15英寸,第5代处理器,白色,16*1*1,1,DP51B,莎拉,出库,30011,拣货
CuQE90DoBe,米色 品牌01 900 储物柜（带门式）,储物柜,品牌01,900,带门式,米色,8*1*1,8,AM65G,莎拉,出库,30088,拣货
TVYn754KSi,银色 品牌15 75英寸 电视机（超高清）,电视机,品牌15,75英寸,超高清,银色,8*1*1,4,DM82A,大卫,出库,30057,拣货
PeGi50WaGr,灰色 品牌21 50 铅笔（水彩）,铅笔,品牌21,50,水彩,灰色,48*10*5,2039,BZ98E,莎拉,出库,30002,拣货
AlYn1416Bl,黑色 品牌15 14英寸 一体机（16吉字节内存）,一体机,品牌15,14英寸,16吉字节内存,黑色,16*1*1,8,BX38G,约翰,出库,30022,拣货
MoHc45MeNa,藏青色 品牌09 450 鼠标（机械式）,鼠标,品牌09,450,机械式,藏青色,16*10*1,160,AF63F,莎拉,出库,30015,拣货
PeGi24WaBl,黑色 品牌21 24 铅笔（水彩）,铅笔,品牌21,24,水彩,黑色,48*10*5,434,BK82B,简,出库,30002,拣货
TVEs32FHBl,黑色 品牌32 32英寸 电视机（全高清）,电视机,品牌32,32英寸,全高清,黑色,8*1*1,8,AL07A,简,出库,30009,拣货
PrReA4WiBl,黑色 品牌24 四号纸 打印机（无线网络）,打印机,品牌24,四号纸,无线网络,黑色,16*1*1,16,BI62D,简,出库,30034,拣货
CaQE12LoGr,灰色 品牌01 1200 文件柜（储物锁柜）,文件柜,品牌01,1200,储物锁柜,灰色,8*1*1,8,AQ44E,莎拉,出库,30039,拣货
OfOGLAdWh,白色 品牌07 大号 办公椅（可调节）,办公椅,品牌07,大号,可调节,白色,16*1*1,16,AN25B,简,出库,30077,拣货
OfSELAdWh,白色 品牌08 大号 办公椅（可调节）,办公椅,品牌08,大号,可调节,白色,16*1*1,16,CR78D,迈克,出库,30025,拣货
DrQE90LoBe,米色 品牌01 900 抽屉柜（储物锁柜）,抽屉柜,品牌01,900,储物锁柜,米色,8*1*1,6,DY70D,迈克,出库,30018,拣货
PrPHA4WiWh,白色 品牌12 四号纸 打印机（无线网络）,打印机,品牌12,四号纸,无线网络,白色,16*1*1,16,BY53G,克里斯,出库,30091,拣货
OfSEMLeGr,灰色 品牌08 中号 办公椅（皮革）,办公椅,品牌08,中号,皮革,灰色,16*1*1,3,AT28G,劳拉,出库,30010,拣货
LaSu15i7Gr,灰色 品牌11 15英寸 笔记本电脑（第7代处理器）,笔记本电脑,品牌11,15英寸,第7代处理器,灰色,16*1*1,4,DQ74D,约翰,出库,30058,拣货
TVGn75SFWh,白色 品牌30 75英寸 电视机（超级全高清）,电视机,品牌30,75英寸,超级全高清,白色,8*1*1,8,DM03H,劳拉,出库,30058,拣货
SPRe24WaGr,灰色 品牌22 24 触控笔（水彩）,触控笔,品牌22,24,水彩,灰色,48*10*5,192,DP73F,莎拉,出库,30029,拣货
PrPHA3InWh,白色 品牌12 三号纸 打印机（喷墨）,打印机,品牌12,三号纸,喷墨,白色,16*1*1,7,CU23G,亚历克斯,出库,30045,拣货
TaTR10FrWh,白色 品牌28 1000 桌子（框架式）,桌子,品牌28,1000,框架式,白色,8*1*1,8,BW65F,莎拉,出库,30004,拣货
CuTE18FiBl,黑色 品牌04 1800 储物柜（文件收纳）,储物柜,品牌04,1800,文件收纳,黑色,8*1*1,1,DI64G,大卫,出库,30058,拣货
CaRG12FiWh,白色 品牌03 1200 文件柜（文件收纳）,文件柜,品牌03,1200,文件收纳,白色,8*1*1,8,CZ94F,亚历克斯,出库,30013,拣货
LaRe158GBl,黑色 品牌14 15英寸 笔记本电脑（8吉字节内存）,笔记本电脑,品牌14,15英寸,8吉字节内存,黑色,16*1*1,16,CS20F,约翰,出库,30019,拣货
TVEs324KWh,白色 品牌32 32英寸 电视机（超高清）,电视机,品牌32,32英寸,超高清,白色,8*1*1,8,DW55G,劳拉,出库,30053,拣货
SPGi24WaGr,灰色 品牌21 24 触控笔（水彩）,触控笔,品牌21,24,水彩,灰色,48*10*5,2400,DO72E,劳拉,出库,30089,拣货
TaCI15AdGr,灰色 品牌27 1500 桌子（可调节）,桌子,品牌27,1500,可调节,灰色,8*1*1,1,CL47A,劳拉,出库,30039,拣货
OfXELAdWh,白色 品牌06 大号 办公椅（可调节）,办公椅,品牌06,大号,可调节,白色,16*1*1,6,BF85D,迈克,出库,30063,拣货
CuTE12SlBe,米色 品牌04 1200 储物柜（滑动式）,储物柜,品牌04,1200,滑动式,米色,8*1*1,8,AN18F,大卫,出库,30099,拣货
PrSoA4AlGr,灰色 品牌25 四号纸 打印机（一体式）,打印机,品牌25,四号纸,一体式,灰色,16*1*1,13,AY90C,迈克,出库,30032,拣货
LaRe1532Bl,黑色 品牌14 15英寸 笔记本电脑（32吉字节内存）,笔记本电脑,品牌14,15英寸,32吉字节内存,黑色,16*1*1,16,DZ83F,艾米,出库,30061,拣货
AlOv15i5Wh,白色 品牌13 15英寸 一体机（第5代处理器）,一体机,品牌13,15英寸,第5代处理器,白色,16*1*1,8,AS51G,简,出库,30012,拣货
NoScA4ruSi,银色 品牌17 四号纸 笔记本（横线）,笔记本,品牌17,四号纸,横线,银色,48*10*5,36,BR55G,莎拉,出库,30092,拣货
LaRe158GWh,白色 品牌14 15英寸 笔记本电脑（8吉字节内存）,笔记本电脑,品牌14,15英寸,8吉字节内存,白色,16*1*1,16,DY28B,大卫,出库,30023,拣货
KeSu27WiWh,白色 品牌11 270 键盘（有线）,键盘,品牌11,270,有线,白色,16*10*1,160,DQ77A,莎拉,出库,30027,拣货
MoPH27BlNa,藏青色 品牌12 270 鼠标（蓝牙）,鼠标,品牌12,270,蓝牙,藏青色,16*10*1,74,BI56A,克里斯,出库,30077,拣货
OfAESHeWh,白色 品牌05 小号 办公椅（头枕）,办公椅,品牌05,小号,头枕,白色,16*1*1,16,CS55B,艾米丽,出库,30088,拣货
GaSEMLeGr,灰色 品牌08 中号 游戏椅（皮革）,游戏椅,品牌08,中号,皮革,灰色,16*1*1,16,CK78B,亚历克斯,出库,30071,拣货
NoExA3ruBl,黑色 品牌16 三号纸 笔记本（横线）,笔记本,品牌16,三号纸,横线,黑色,48*10*5,2400,BP53E,约翰,出库,30038,拣货
DrTE12DoGr,灰色 品牌04 1200 抽屉柜（带门式）,抽屉柜,品牌04,1200,带门式,灰色,8*1*1,8,AO01F,亚历克斯,出库,30052,拣货
AlPH15i5Si,银色 品牌12 15英寸 一体机（第5代处理器）,一体机,品牌12,15英寸,第5代处理器,银色,16*1*1,16,CJ98E,约翰,出库,30042,拣货
CuTE18DoBe,米色 品牌04 1800 储物柜（带门式）,储物柜,品牌04,1800,带门式,米色,8*1*1,8,DZ28H,大卫,出库,30033,拣货
KeHc27MeWh,白色 品牌09 270 键盘（机械式）,键盘,品牌09,270,机械式,白色,16*10*1,160,BF14A,艾米,出库,30006,拣货
CuTE90SlBe,米色 品牌04 900 储物柜（滑动式）,储物柜,品牌04,900,滑动式,米色,8*1*1,6,AO84A,约翰,出库,30056,拣货
MoHc27WiPi,粉色 品牌09 270 鼠标（有线）,鼠标,品牌09,270,有线,粉色,16*10*1,22,CJ68C,克里斯,出库,30047,拣货
AlSu14i5Bl,黑色 品牌11 14英寸 一体机（第5代处理器）,一体机,品牌11,14英寸,第5代处理器,黑色,16*1*1,16,BF60G,莎拉,出库,30082,拣货
SPAl50WaBl,黑色 品牌20 50 触控笔（水彩）,触控笔,品牌20,50,水彩,黑色,48*10*5,2316,CV57F,劳拉,出库,30079,拣货
LaRe15i5Si,银色 品牌14 15英寸 笔记本电脑（第5代处理器）,笔记本电脑,品牌14,15英寸,第5代处理器,银色,16*1*1,16,DN69B,莎拉,出库,30071,拣货
DrWE90FiBl,黑色 品牌02 900 抽屉柜（文件收纳）,抽屉柜,品牌02,900,文件收纳,黑色,8*1*1,6,BJ62H,艾米,出库,30083,拣货
TaTR10AdSi,银色 品牌28 1000 桌子（可调节）,桌子,品牌28,1000,可调节,银色,8*1*1,8,BZ17F,亚历克斯,出库,30008,拣货
LaOv1432Bl,黑色 品牌13 14英寸 笔记本电脑（32吉字节内存）,笔记本电脑,品牌13,14英寸,32吉字节内存,黑色,16*1*1,16,DF90A,劳拉,出库,30006,拣货
CuQE12FiBe,米色 品牌01 1200 储物柜（文件收纳）,储物柜,品牌01,1200,文件收纳,米色,8*1*1,6,BG66D,劳拉,出库,30026,拣货
NoScA5liSi,银色 品牌17 五号纸 笔记本（线条）,笔记本,品牌17,五号纸,线条,银色,48*10*5,1231,AH47A,大卫,出库,30060,拣货
NoMuA5liBl,黑色 品牌19 五号纸 笔记本（线条）,笔记本,品牌19,五号纸,线条,黑色,48*10*5,1429,DL30G,劳拉,出库,30092,拣货
LaRe1732Si,银色 品牌14 17英寸 笔记本电脑（32吉字节内存）,笔记本电脑,品牌14,17英寸,32吉字节内存,银色,16*1*1,4,BO62H,约翰,出库,30096,拣货
GaOGMHeBl,黑色 品牌07 中号 游戏椅（头枕）,游戏椅,品牌07,中号,头枕,黑色,16*1*1,16,AQ23A,克里斯,出库,30096,拣货
OfAEMErPi,粉色 品牌05 中号 办公椅（人体工学）,办公椅,品牌05,中号,人体工学,粉色,16*1*1,16,AT87F,劳拉,出库,30022,拣货
GaOGSErBl,黑色 品牌07 小号 游戏椅（人体工学）,游戏椅,品牌07,小号,人体工学,黑色,16*1*1,16,CM36G,迈克,出库,30094,拣货
MoSu27MeBl,黑色 品牌11 270 鼠标（机械式）,鼠标,品牌11,270,机械式,黑色,16*10*1,148,BJ22C,莎拉,出库,30000,拣货
AlSu178GSi,银色 品牌11 17英寸 一体机（8吉字节内存）,一体机,品牌11,17英寸,8吉字节内存,银色,16*1*1,16,AN28B,亚历克斯,出库,30037,拣货
TVGn324KGr,灰色 品牌30 32英寸 电视机（超高清）,电视机,品牌30,32英寸,超高清,灰色,8*1*1,3,AL86F,莎拉,出库,30084,拣货
CaRG12SlGr,灰色 品牌03 1200 文件柜（滑动式）,文件柜,品牌03,1200,滑动式,灰色,8*1*1,8,CY59H,艾米丽,出库,30010,拣货
CuQE12SlGr,灰色 品牌01 1200 储物柜（滑动式）,储物柜,品牌01,1200,滑动式,灰色,8*1*1,8,CH75H,莎拉,出库,30029,拣货
PeAl50HeBl,黑色 品牌20 50 铅笔（六角形）,铅笔,品牌20,50,六角形,黑色,48*10*5,2400,AU15C,亚历克斯,出库,30042,拣货
CaTE18SlBl,黑色 品牌04 1800 文件柜（滑动式）,文件柜,品牌04,1800,滑动式,黑色,8*1*1,8,BH43H,艾米,出库,30052,拣货
CuTE90DoBl,黑色 品牌04 900 储物柜（带门式）,储物柜,品牌04,900,带门式,黑色,8*1*1,8,AN40G,克里斯,出库,30097,拣货
TaTR18WoWh,白色 品牌29 1800 桌子（工作站）,桌子,品牌29,1800,工作站,白色,8*1*1,7,DV07F,迈克,出库,30099,拣货
MoRe35WiBl,黑色 品牌10 350 鼠标（有线）,鼠标,品牌10,350,有线,黑色,16*10*1,33,CX95H,莎拉,出库,30015,拣货
PrReA3InGr,灰色 品牌24 三号纸 打印机（喷墨）,打印机,品牌24,三号纸,喷墨,灰色,16*1*1,4,DN89D,简,出库,30066,拣货
CaTE12LoWh,白色 品牌04 1200 文件柜（储物锁柜）,文件柜,品牌04,1200,储物锁柜,白色,8*1*1,8,AF38C,亚历克斯,出库,30044,拣货
TaAE10FrWh,白色 品牌05 1000 桌子（框架式）,桌子,品牌05,1000,框架式,白色,8*1*1,2,BL08B,大卫,出库,30006,拣货
KeRe27WiWh,白色 品牌10 270 键盘（有线）,键盘,品牌10,270,有线,白色,16*10*1,160,CV12D,亚历克斯,出库,30050,拣货
TVGn324KGr,灰色 品牌30 32英寸 电视机（超高清）,电视机,品牌30,32英寸,超高清,灰色,8*1*1,8,DQ41C,劳拉,出库,30010,拣货
KePH45BlBl,黑色 品牌12 450 键盘（蓝牙）,键盘,品牌12,450,蓝牙,黑色,16*10*1,160,AU64B,克里斯,出库,30087,拣货
DrTE18SlBe,米色 品牌04 1800 抽屉柜（滑动式）,抽屉柜,品牌04,1800,滑动式,米色,8*1*1,7,AP79B,劳拉,出库,30084,拣货
MoHc45BlBl,黑色 品牌09 450 鼠标（蓝牙）,鼠标,品牌09,450,蓝牙,黑色,16*10*1,85,AF80E,迈克,出库,30048,拣货
TaTR15WoWh,白色 品牌29 1500 桌子（工作站）,桌子,品牌29,1500,工作站,白色,8*1*1,8,AV14E,艾米,出库,30008,拣货
TVGn42SFGr,灰色 品牌30 42英寸 电视机（超级全高清）,电视机,品牌30,42英寸,超级全高清,灰色,8*1*1,8,AK42E,劳拉,出库,30035,拣货
LaSu178GSi,银色 品牌11 17英寸 笔记本电脑（8吉字节内存）,笔记本电脑,品牌11,17英寸,8吉字节内存,银色,16*1*1,2,BW77G,劳拉,出库,30050,拣货
KeHc27ErNa,藏青色 品牌09 270 键盘（人体工学）,键盘,品牌09,270,人体工学,藏青色,16*10*1,160,DS28A,莎拉,出库,30090,拣货
PrPHA2WiWh,白色 品牌12 二号纸 打印机（无线网络）,打印机,品牌12,二号纸,无线网络,白色,16*1*1,15,CP91C,艾米丽,出库,30046,拣货
TVEs32SFGr,灰色 品牌32 32英寸 电视机（超级全高清）,电视机,品牌32,32英寸,超级全高清,灰色,8*1*1,8,AZ65B,简,出库,30030,拣货
LaRe1432Bl,黑色 品牌14 14英寸 笔记本电脑（32吉字节内存）,笔记本电脑,品牌14,14英寸,32吉字节内存,黑色,16*1*1,16,BI79C,莎拉,出库,30042,拣货
SPAl50HeWh,白色 品牌20 50 触控笔（六角形）,触控笔,品牌20,50,六角形,白色,48*10*5,1684,CI49H,简,出库,30040,拣货
SPGi50SoWh,白色 品牌21 50 触控笔（可溶性）,触控笔,品牌21,50,可溶性,白色,48*10*5,2400,DM79C,克里斯,出库,30075,拣货
CaRG12LoBe,米色 品牌03 1200 文件柜（储物锁柜）,文件柜,品牌03,1200,储物锁柜,米色,8*1*1,6,AL62C,莎拉,出库,30081,拣货
MoHc27BlPi,粉色 品牌09 270 鼠标（蓝牙）,鼠标,品牌09,270,蓝牙,粉色,16*10*1,4,BU35A,克里斯,出库,30051,拣货
TVGL32SFWh,白色 品牌31 32英寸 电视机（超级全高清）,电视机,品牌31,32英寸,超级全高清,白色,8*1*1,8,DU67D,亚历克斯,出库,30020,拣货
KeHc45MePi,粉色 品牌09 450 键盘（机械式）,键盘,品牌09,450,机械式,粉色,16*10*1,160,AH81E,莎拉,出库,30035,拣货
LaSu148GWh,白色 品牌11 14英寸 笔记本电脑（8吉字节内存）,笔记本电脑,品牌11,14英寸,8吉字节内存,白色,16*1*1,16,BU31D,大卫,出库,30049,拣货
OfAEMErBl,黑色 品牌05 中号 办公椅（人体工学）,办公椅,品牌05,中号,人体工学,黑色,16*1*1,16,DT02G,克里斯,出库,30008,拣货
TaTR15AuGr,灰色 品牌28 1500 桌子（自动调节）,桌子,品牌28,1500,自动调节,灰色,8*1*1,8,BT74H,简,出库,30038,拣货
CaTE18SlBl,黑色 品牌04 1800 文件柜（滑动式）,文件柜,品牌04,1800,滑动式,黑色,8*1*1,8,CV84A,克里斯,出库,30088,拣货
CaQE18FiBe,米色 品牌01 1800 文件柜（文件收纳）,文件柜,品牌01,1800,文件收纳,米色,8*1*1,8,BG87C,克里斯,出库,30095,拣货
TVYn42S4Wh,白色 品牌15 42英寸 电视机（超级超高清）,电视机,品牌15,42英寸,超级超高清,白色,8*1*1,1,BW19C,莎拉,出库,30065,拣货
CaTE90SlGr,灰色 品牌04 900 文件柜（滑动式）,文件柜,品牌04,900,滑动式,灰色,8*1*1,8,CT55G,迈克,出库,30084,拣货
KeHc27ErNa,藏青色 品牌09 270 键盘（人体工学）,键盘,品牌09,270,人体工学,藏青色,16*10*1,149,DI41E,艾米丽,出库,30031,拣货
PrNoA4LaWh,白色 品牌26 四号纸 打印机（激光）,打印机,品牌26,四号纸,激光,白色,16*1*1,16,CV13D,简,出库,30045,拣货
CaRG90FiBe,米色 品牌03 900 文件柜（文件收纳）,文件柜,品牌03,900,文件收纳,米色,8*1*1,6,CG44F,莎拉,出库,30086,拣货
TVEs75SFBl,黑色 品牌32 75英寸 电视机（超级全高清）,电视机,品牌32,75英寸,超级全高清,黑色,8*1*1,8,AX07G,劳拉,出库,30057,拣货
DrRG18SlGr,灰色 品牌03 1800 抽屉柜（滑动式）,抽屉柜,品牌03,1800,滑动式,灰色,8*1*1,5,AJ36B,克里斯,出库,30081,拣货
TVGn654KBl,黑色 品牌30 65英寸 电视机（超高清）,电视机,品牌30,65英寸,超高清,黑色,8*1*1,8,DU70H,亚历克斯,出库,30028,拣货
KePH45BlWh,白色 品牌12 450 键盘（蓝牙）,键盘,品牌12,450,蓝牙,白色,16*10*1,160,AL72H,迈克,出库,30000,拣货
TVYn75FHWh,白色 品牌15 75英寸 电视机（全高清）,电视机,品牌15,75英寸,全高清,白色,8*1*1,5,AY72D,艾米,出库,30048,拣货
OfSELHeGr,灰色 品牌08 大号 办公椅（头枕）,办公椅,品牌08,大号,头枕,灰色,16*1*1,16,CP43F,克里斯,出库,30051,拣货
LaSu178GSi,银色 品牌11 17英寸 笔记本电脑（8吉字节内存）,笔记本电脑,品牌11,17英寸,8吉字节内存,银色,16*1*1,16,CV36H,简,出库,30026,拣货
CaWE18SlGr,灰色 品牌02 1800 文件柜（滑动式）,文件柜,品牌02,1800,滑动式,灰色,8*1*1,8,CP48F,亚历克斯,出库,30098,拣货
MoSu45MePi,粉色 品牌11 450 鼠标（机械式）,鼠标,品牌11,450,机械式,粉色,16*10*1,20,BO87C,简,出库,30082,拣货
CuRG18SlBe,米色 品牌03 1800 储物柜（滑动式）,储物柜,品牌03,1800,滑动式,米色,8*1*1,8,BY81F,莎拉,出库,30061,拣货
GaSEMAdWh,白色 品牌08 中号 游戏椅（可调节）,游戏椅,品牌08,中号,可调节,白色,16*1*1,16,CO60H,克里斯,出库,30062,拣货
CuWE90DoBl,黑色 品牌02 900 储物柜（带门式）,储物柜,品牌02,900,带门式,黑色,8*1*1,2,CQ58G,艾米丽,出库,30066,拣货
CuRG90FiBe,米色 品牌03 900 储物柜（文件收纳）,储物柜,品牌03,900,文件收纳,米色,8*1*1,8,AS10H,迈克,出库,30019,拣货
TVEs424KGr,灰色 品牌32 42英寸 电视机（超高清）,电视机,品牌32,42英寸,超高清,灰色,8*1*1,3,CK64C,克里斯,出库,30036,拣货
MoSu45MePi,粉色 品牌11 450 鼠标（机械式）,鼠标,品牌11,450,机械式,粉色,16*10*1,9,DN10H,劳拉,出库,30099,拣货
LaRe158GGr,灰色 品牌14 15英寸 笔记本电脑（8吉字节内存）,笔记本电脑,品牌14,15英寸,8吉字节内存,灰色,16*1*1,16,DV13D,克里斯,出库,30063,拣货
LaSu1716Wh,白色 品牌11 17英寸 笔记本电脑（16吉字节内存）,笔记本电脑,品牌11,17英寸,16吉字节内存,白色,16*1*1,16,BF20D,约翰,出库,30009,拣货
LaSu158GSi,银色 品牌11 15英寸 笔记本电脑（8吉字节内存）,笔记本电脑,品牌11,15英寸,8吉字节内存,银色,16*1*1,16,CI84G,克里斯,出库,30000,拣货
AlYn15i7Wh,白色 品牌15 15英寸 一体机（第7代处理器）,一体机,品牌15,15英寸,第7代处理器,白色,16*1*1,16,BQ65C,艾米丽,出库,30056,拣货
OfOGMHeGr,灰色 品牌07 中号 办公椅（头枕）,办公椅,品牌07,中号,头枕,灰色,16*1*1,16,DI49G,莎拉,出库,30096,拣货
TaTR15FrSi,银色 品牌28 1500 桌子（框架式）,桌子,品牌28,1500,框架式,银色,8*1*1,8,DP79E,艾米丽,出库,30032,拣货
PrSoA2InWh,白色 品牌25 二号纸 打印机（喷墨）,打印机,品牌25,二号纸,喷墨,白色,16*1*1,16,CK69F,简,出库,30065,拣货
AlRe178GBl,黑色 品牌14 17英寸 一体机（8吉字节内存）,一体机,品牌14,17英寸,8吉字节内存,黑色,16*1*1,14,CX63E,迈克,出库,30080,拣货
CuWE90SlBl,黑色 品牌02 900 储物柜（滑动式）,储物柜,品牌02,900,滑动式,黑色,8*1*1,4,AP15E,亚历克斯,出库,30035,拣货
LaRe148GWh,白色 品牌14 14英寸 笔记本电脑（8吉字节内存）,笔记本电脑,品牌14,14英寸,8吉字节内存,白色,16*1*1,16,CS64B,艾米丽,出库,30056,拣货
DrQE12SlBe,米色 品牌01 1200 抽屉柜（滑动式）,抽屉柜,品牌01,1200,滑动式,米色,8*1*1,8,DP50H,劳拉,出库,30059,拣货
LaYn14i7Gr,灰色 品牌15 14英寸 笔记本电脑（第7代处理器）,笔记本电脑,品牌15,14英寸,第7代处理器,灰色,16*1*1,16,CL98F,劳拉,出库,30067,拣货
LaRe1516Si,银色 品牌14 15英寸 笔记本电脑（16吉字节内存）,笔记本电脑,品牌14,15英寸,16吉字节内存,银色,16*1*1,4,AW95F,迈克,出库,30043,拣货
TVYn32S4Si,银色 品牌15 32英寸 电视机（超级超高清）,电视机,品牌15,32英寸,超级超高清,银色,8*1*1,5,CI18D,简,出库,30055,拣货
GaAELErBl,黑色 品牌05 大号 游戏椅（人体工学）,游戏椅,品牌05,大号,人体工学,黑色,16*1*1,2,AU93A,克里斯,出库,30025,拣货
PeGi24WaWh,白色 品牌21 24 铅笔（水彩）,铅笔,品牌21,24,水彩,白色,48*10*5,1794,DF18E,克里斯,出库,30028,拣货
DrTE18FiBl,黑色 品牌04 1800 抽屉柜（文件收纳）,抽屉柜,品牌04,1800,文件收纳,黑色,8*1*1,8,CY35A,亚历克斯,出库,30030,拣货
CuRG18FiBe,米色 品牌03 1800 储物柜（文件收纳）,储物柜,品牌03,1800,文件收纳,米色,8*1*1,8,BF33D,劳拉,出库,30078,拣货
TVGL65SFGr,灰色 品牌31 65英寸 电视机（超级全高清）,电视机,品牌31,65英寸,超级全高清,灰色,8*1*1,3,BM61D,莎拉,出库,30091,拣货
CuQE18SlWh,白色 品牌01 1800 储物柜（滑动式）,储物柜,品牌01,1800,滑动式,白色,8*1*1,4,AT19F,艾米丽,出库,30060,拣货
LaSu14i7Wh,白色 品牌11 14英寸 笔记本电脑（第7代处理器）,笔记本电脑,品牌11,14英寸,第7代处理器,白色,16*1*1,16,DL32D,克里斯,出库,30075,拣货
CuRG18SlBe,米色 品牌03 1800 储物柜（滑动式）,储物柜,品牌03,1800,滑动式,米色,8*1*1,6,DX02A,约翰,出库,30067,拣货
NoGrA5ruGr,灰色 品牌18 五号纸 笔记本（横线）,笔记本,品牌18,五号纸,横线,灰色,48*10*5,2400,CN90C,克里斯,出库,30088,拣货
TVYn75SFBl,黑色 品牌15 75英寸 电视机（超级全高清）,电视机,品牌15,75英寸,超级全高清,黑色,8*1*1,8,CK16E,简,出库,30063,拣货
PrReA3WiGr,灰色 品牌24 三号纸 打印机（无线网络）,打印机,品牌24,三号纸,无线网络,灰色,16*1*1,16,CO98A,迈克,出库,30039,拣货
CaQE12DoBl,黑色 品牌01 1200 文件柜（带门式）,文件柜,品牌01,1200,带门式,黑色,8*1*1,7,AG24G,劳拉,出库,30036,拣货
DrRG12SlBl,黑色 品牌03 1200 抽屉柜（滑动式）,抽屉柜,品牌03,1200,滑动式,黑色,8*1*1,8,DW51A,简,出库,30043,拣货
DrTE18DoGr,灰色 品牌04 1800 抽屉柜（带门式）,抽屉柜,品牌04,1800,带门式,灰色,8*1*1,6,AY10E,迈克,出库,30074,拣货
CuRG90FiWh,白色 品牌03 900 储物柜（文件收纳）,储物柜,品牌03,900,文件收纳,白色,8*1*1,1,CN30B,亚历克斯,出库,30053,拣货
TVEs504KBl,黑色 品牌32 50英寸 电视机（超高清）,电视机,品牌32,50英寸,超高清,黑色,8*1*1,2,CU52G,艾米,出库,30052,拣货
GaAESErGr,灰色 品牌05 小号 游戏椅（人体工学）,游戏椅,品牌05,小号,人体工学,灰色,16*1*1,6,AV10F,亚历克斯,出库,30087,拣货
DrTE90DoBl,黑色 品牌04 900 抽屉柜（带门式）,抽屉柜,品牌04,900,带门式,黑色,8*1*1,6,BJ10H,艾米丽,出库,30012,拣货
PrPHA4InGr,灰色 品牌12 四号纸 打印机（喷墨）,打印机,品牌12,四号纸,喷墨,灰色,16*1*1,16,DO17E,艾米,出库,30041,拣货
PrReA2AlMi,混合色 品牌24 二号纸 打印机（一体式）,打印机,品牌24,二号纸,一体式,混合色,16*1*1,13,AS50C,亚历克斯,出库,30061,拣货
AlPH17i7Wh,白色 品牌12 17英寸 一体机（第7代处理器）,一体机,品牌12,17英寸,第7代处理器,白色,16*1*1,16,BL70H,劳拉,出库,30093,拣货
PeRe50WaWh,白色 品牌22 50 铅笔（水彩）,铅笔,品牌22,50,水彩,白色,48*10*5,1570,CU43B,约翰,出库,30047,拣货
KeHc35WiPi,粉色 品牌09 350 键盘（有线）,键盘,品牌09,350,有线,粉色,16*10*1,160,CH15G,大卫,出库,30074,拣货
PrNoA3InGr,灰色 品牌26 三号纸 打印机（喷墨）,打印机,品牌26,三号纸,喷墨,灰色,16*1*1,16,DN95G,克里斯,出库,30037,拣货
MoHc27BlBl,黑色 品牌09 270 鼠标（蓝牙）,鼠标,品牌09,270,蓝牙,黑色,16*10*1,160,BM37D,艾米丽,出库,30089,拣货
CaRG90FiBl,黑色 品牌03 900 文件柜（文件收纳）,文件柜,品牌03,900,文件收纳,黑色,8*1*1,8,BM27H,莎拉,出库,30039,拣货
AlYn1432Wh,白色 品牌15 14英寸 一体机（32吉字节内存）,一体机,品牌15,14英寸,32吉字节内存,白色,16*1*1,16,BM94H,迈克,出库,30029,拣货
PrSoA2WiBl,黑色 品牌25 二号纸 打印机（无线网络）,打印机,品牌25,二号纸,无线网络,黑色,16*1*1,13,CK51H,简,出库,30034,拣货
CuTE90SlWh,白色 品牌04 900 储物柜（滑动式）,储物柜,品牌04,900,滑动式,白色,8*1*1,8,DH16C,艾米丽,出库,30085,拣货
CaQE90SlBe,米色 品牌01 900 文件柜（滑动式）,文件柜,品牌01,900,滑动式,米色,8*1*1,8,DG05H,简,出库,30070,拣货
MoSu27ErWh,白色 品牌11 270 鼠标（人体工学）,鼠标,品牌11,270,人体工学,白色,16*10*1,160,CY27F,亚历克斯,出库,30055,拣货
TVGL50SFGr,灰色 品牌31 50英寸 电视机（超级全高清）,电视机,品牌31,50英寸,超级全高清,灰色,8*1*1,8,CG10E,大卫,出库,30014,拣货
PrNoA4InBl,黑色 品牌26 四号纸 打印机（喷墨）,打印机,品牌26,四号纸,喷墨,黑色,16*1*1,16,AF73F,亚历克斯,出库,30076,拣货
CuTE90DoGr,灰色 品牌04 900 储物柜（带门式）,储物柜,品牌04,900,带门式,灰色,8*1*1,5,DV61A,大卫,出库,30092,拣货
PrPHA3InGr,灰色 品牌12 三号纸 打印机（喷墨）,打印机,品牌12,三号纸,喷墨,灰色,16*1*1,15,DU43H,艾米,出库,30027,拣货
TaTR15FrSi,银色 品牌28 1500 桌子（框架式）,桌子,品牌28,1500,框架式,银色,8*1*1,8,CP45G,艾米丽,出库,30082,拣货
SPRe12SoPi,粉色 品牌22 12 触控笔（可溶性）,触控笔,品牌22,12,可溶性,粉色,48*10*5,890,CR27A,艾米,出库,30024,拣货
KeHc35MeWh,白色 品牌09 350 键盘（机械式）,键盘,品牌09,350,机械式,白色,16*10*1,160,CF15F,迈克,出库,30002,拣货
NoScA3doBl,黑色 品牌17 三号纸 笔记本（点阵）,笔记本,品牌17,三号纸,点阵,黑色,48*10*5,2400,DM29H,莎拉,出库,30072,拣货
SPGi50HeBl,黑色 品牌21 50 触控笔（六角形）,触控笔,品牌21,50,六角形,黑色,48*10*5,1769,DU50F,克里斯,出库,30035,拣货
KeRe45BlBl,黑色 品牌10 450 键盘（蓝牙）,键盘,品牌10,450,蓝牙,黑色,16*10*1,160,DM30G,约翰,出库,30079,拣货
KeSu35ErNa,藏青色 品牌11 350 键盘（人体工学）,键盘,品牌11,350,人体工学,藏青色,16*10*1,160,DS52A,亚历克斯,出库,30011,拣货
LaPH1716Gr,灰色 品牌12 17英寸 笔记本电脑（16吉字节内存）,笔记本电脑,品牌12,17英寸,16吉字节内存,灰色,16*1*1,15,BS78F,约翰,出库,30001,拣货
AlYn158GBl,黑色 品牌15 15英寸 一体机（8吉字节内存）,一体机,品牌15,15英寸,8吉字节内存,黑色,16*1*1,9,CT13F,简,出库,30015,拣货
TaCI18WoGr,灰色 品牌27 1800 桌子（工作站）,桌子,品牌27,1800,工作站,灰色,8*1*1,8,AG58E,大卫,出库,30056,拣货
KeSu35WiWh,白色 品牌11 350 键盘（有线）,键盘,品牌11,350,有线,白色,16*10*1,160,BW37H,艾米,出库,30027,拣货
GaSESAdGr,灰色 品牌08 小号 游戏椅（可调节）,游戏椅,品牌08,小号,可调节,灰色,16*1*1,16,AV04F,克里斯,出库,30007,拣货
TVGn42FHSi,银色 品牌30 42英寸 电视机（全高清）,电视机,品牌30,42英寸,全高清,银色,8*1*1,8,AV45B,劳拉,出库,30031,拣货
SPRe50SoGr,灰色 品牌22 50 触控笔（可溶性）,触控笔,品牌22,50,可溶性,灰色,48*10*5,1723,DI15F,迈克,出库,30009,拣货
TaTR15AdGr,灰色 品牌29 1500 桌子（可调节）,桌子,品牌29,1500,可调节,灰色,8*1*1,8,AU54G,莎拉,出库,30051,拣货
AlOv1416Wh,白色 品牌13 14英寸 一体机（16吉字节内存）,一体机,品牌13,14英寸,16吉字节内存,白色,16*1*1,16,CU86B,迈克,出库,30074,拣货
LaOv17i5Bl,黑色 品牌13 17英寸 笔记本电脑（第5代处理器）,笔记本电脑,品牌13,17英寸,第5代处理器,黑色,16*1*1,16,AG39A,大卫,出库,30000,拣货
GaOGLAdGr,灰色 品牌07 大号 游戏椅（可调节）,游戏椅,品牌07,大号,可调节,灰色,16*1*1,16,AL48B,约翰,出库,30095,拣货
AlYn14i5Bl,黑色 品牌15 14英寸 一体机（第5代处理器）,一体机,品牌15,14英寸,第5代处理器,黑色,16*1*1,15,AK65G,简,出库,30092,拣货
AlPH1716Gr,灰色 品牌12 17英寸 一体机（16吉字节内存）,一体机,品牌12,17英寸,16吉字节内存,灰色,16*1*1,5,BJ67G,简,出库,30007,拣货
GaSEMErPi,粉色 品牌08 中号 游戏椅（人体工学）,游戏椅,品牌08,中号,人体工学,粉色,16*1*1,16,CL50A,简,出库,30059,拣货
NoMuA5doBl,黑色 品牌19 五号纸 笔记本（点阵）,笔记本,品牌19,五号纸,点阵,黑色,48*10*5,2400,AI22H,亚历克斯,出库,30059,拣货
LaOv1732Gr,灰色 品牌13 17英寸 笔记本电脑（32吉字节内存）,笔记本电脑,品牌13,17英寸,32吉字节内存,灰色,16*1*1,15,AK36H,简,出库,30036,拣货
TVYn65S4Gr,灰色 品牌15 65英寸 电视机（超级超高清）,电视机,品牌15,65英寸,超级超高清,灰色,8*1*1,6,BI23F,简,出库,30084,拣货
TVYn65SFBl,黑色 品牌15 65英寸 电视机（超级全高清）,电视机,品牌15,65英寸,超级全高清,黑色,8*1*1,8,AT75D,劳拉,出库,30082,拣货
KeHc45BlNa,藏青色 品牌09 450 键盘（蓝牙）,键盘,品牌09,450,蓝牙,藏青色,16*10*1,147,CQ03H,克里斯,出库,30065,拣货
LaSu15i7Si,银色 品牌11 15英寸 笔记本电脑（第7代处理器）,笔记本电脑,品牌11,15英寸,第7代处理器,银色,16*1*1,8,AG23B,简,出库,30060,拣货
AlPH1516Si,银色 品牌12 15英寸 一体机（16吉字节内存）,一体机,品牌12,15英寸,16吉字节内存,银色,16*1*1,11,AR77B,约翰,出库,30040,拣货
CaTE12DoBe,米色 品牌04 1200 文件柜（带门式）,文件柜,品牌04,1200,带门式,米色,8*1*1,8,AN44E,莎拉,出库,30001,拣货
SPRe50SoBl,黑色 品牌22 50 触控笔（可溶性）,触控笔,品牌22,50,可溶性,黑色,48*10*5,1536,AX09B,艾米丽,出库,30031,拣货
TaTR18FrBl,黑色 品牌28 1800 桌子（框架式）,桌子,品牌28,1800,框架式,黑色,8*1*1,4,BU65B,艾米,出库,30056,拣货
AlRe1516Wh,白色 品牌14 15英寸 一体机（16吉字节内存）,一体机,品牌14,15英寸,16吉字节内存,白色,16*1*1,11,BQ79H,劳拉,出库,30098,拣货
OfAESLePi,粉色 品牌05 小号 办公椅（皮革）,办公椅,品牌05,小号,皮革,粉色,16*1*1,16,BG41B,艾米丽,出库,30005,拣货
AlOv1732Bl,黑色 品牌13 17英寸 一体机（32吉字节内存）,一体机,品牌13,17英寸,32吉字节内存,黑色,16*1*1,16,BK64E,克里斯,出库,30025,拣货
CaRG18LoBl,黑色 品牌03 1800 文件柜（储物锁柜）,文件柜,品牌03,1800,储物锁柜,黑色,8*1*1,8,BQ48D,克里斯,出库,30012,拣货
SPAl12WaBl,黑色 品牌20 12 触控笔（水彩）,触控笔,品牌20,12,水彩,黑色,48*10*5,969,AN75A,艾米丽,出库,30065,拣货
TaCI15AdSi,银色 品牌27 1500 桌子（可调节）,桌子,品牌27,1500,可调节,银色,8*1*1,8,CP48B,艾米,出库,30003,拣货
AlRe14i7Si,银色 品牌14 14英寸 一体机（第7代处理器）,一体机,品牌14,14英寸,第7代处理器,银色,16*1*1,1,AZ53C,艾米,出库,30008,拣货
MoPH45ErPi,粉色 品牌12 450 鼠标（人体工学）,鼠标,品牌12,450,人体工学,粉色,16*10*1,160,BX66G,约翰,出库,30091,拣货
LaPH1716Wh,白色 品牌12 17英寸 笔记本电脑（16吉字节内存）,笔记本电脑,品牌12,17英寸,16吉字节内存,白色,16*1*1,16,AS18D,克里斯,出库,30070,拣货
CaQE12FiGr,灰色 品牌01 1200 文件柜（文件收纳）,文件柜,品牌01,1200,文件收纳,灰色,8*1*1,6,DN85F,劳拉,出库,30069,拣货
GaSESErGr,灰色 品牌08 小号 游戏椅（人体工学）,游戏椅,品牌08,小号,人体工学,灰色,16*1*1,16,CM03B,迈克,出库,30061,拣货
PeGi24WaBl,黑色 品牌21 24 铅笔（水彩）,铅笔,品牌21,24,水彩,黑色,48*10*5,327,BV26A,迈克,出库,30004,拣货
TVGn424KSi,银色 品牌30 42英寸 电视机（超高清）,电视机,品牌30,42英寸,超高清,银色,8*1*1,8,AF05E,艾米,出库,30088,拣货
PrNoA4MoBl,黑色 品牌26 四号纸 打印机（黑白）,打印机,品牌26,四号纸,黑白,黑色,16*1*1,5,DV36C,劳拉,出库,30054,拣货
SPRe50HeWh,白色 品牌22 50 触控笔（六角形）,触控笔,品牌22,50,六角形,白色,48*10*5,279,CT73A,劳拉,出库,30040,拣货
DrWE12SlBl,黑色 品牌02 1200 抽屉柜（滑动式）,抽屉柜,品牌02,1200,滑动式,黑色,8*1*1,2,AL77F,约翰,出库,30036,拣货
CaTE18DoWh,白色 品牌04 1800 文件柜（带门式）,文件柜,品牌04,1800,带门式,白色,8*1*1,4,BN81F,亚历克斯,出库,30006,拣货
PrSoA2WiMi,混合色 品牌25 二号纸 打印机（无线网络）,打印机,品牌25,二号纸,无线网络,混合色,16*1*1,16,DO51A,约翰,出库,30014,拣货
TVGn324KBl,黑色 品牌30 32英寸 电视机（超高清）,电视机,品牌30,32英寸,超高清,黑色,8*1*1,8,BN86C,艾米丽,出库,30044,拣货
PrReA3AlGr,灰色 品牌24 三号纸 打印机（一体式）,打印机,品牌24,三号纸,一体式,灰色,16*1*1,8,AK24A,大卫,出库,30039,拣货
CuQE90LoBl,黑色 品牌01 900 储物柜（储物锁柜）,储物柜,品牌01,900,储物锁柜,黑色,8*1*1,8,AZ07F,克里斯,出库,30068,拣货
NoGrA5ruBl,黑色 品牌18 五号纸 笔记本（横线）,笔记本,品牌18,五号纸,横线,黑色,48*10*5,1687,BH12A,大卫,出库,30002,拣货
LaOv17i7Bl,黑色 品牌13 17英寸 笔记本电脑（第7代处理器）,笔记本电脑,品牌13,17英寸,第7代处理器,黑色,16*1*1,12,CZ95D,迈克,出库,30073,拣货
OfAELHePi,粉色 品牌05 大号 办公椅（头枕）,办公椅,品牌05,大号,头枕,粉色,16*1*1,12,AK86F,大卫,出库,30084,拣货
OfXEMHePi,粉色 品牌06 中号 办公椅（头枕）,办公椅,品牌06,中号,头枕,粉色,16*1*1,16,BF31B,大卫,出库,30033,拣货
MoPH45MeNa,藏青色 品牌12 450 鼠标（机械式）,鼠标,品牌12,450,机械式,藏青色,16*10*1,92,AG10H,亚历克斯,出库,30001,拣货
TaTR15AuGr,灰色 品牌29 1500 桌子（自动调节）,桌子,品牌29,1500,自动调节,灰色,8*1*1,7,BJ95C,大卫,出库,30040,拣货
TVGL754KWh,白色 品牌31 75英寸 电视机（超高清）,电视机,品牌31,75英寸,超高清,白色,8*1*1,7,DX80A,克里斯,出库,30099,拣货
GaAEMAdBl,黑色 品牌05 中号 游戏椅（可调节）,游戏椅,品牌05,中号,可调节,黑色,16*1*1,16,DQ50A,简,出库,30044,拣货
AlSu15i7Si,银色 品牌11 15英寸 一体机（第7代处理器）,一体机,品牌11,15英寸,第7代处理器,银色,16*1*1,16,AI94H,迈克,出库,30037,拣货
LaPH1732Wh,白色 品牌12 17英寸 笔记本电脑（32吉字节内存）,笔记本电脑,品牌12,17英寸,32吉字节内存,白色,16*1*1,16,AG17D,大卫,出库,30071,拣货
LaOv1532Si,银色 品牌13 15英寸 笔记本电脑（32吉字节内存）,笔记本电脑,品牌13,15英寸,32吉字节内存,银色,16*1*1,16,BV18B,约翰,出库,30048,拣货
CaQE18FiGr,灰色 品牌01 1800 文件柜（文件收纳）,文件柜,品牌01,1800,文件收纳,灰色,8*1*1,2,CI37D,艾米,出库,30012,拣货
TVEs504KSi,银色 品牌32 50英寸 电视机（超高清）,电视机,品牌32,50英寸,超高清,银色,8*1*1,7,CI55B,简,出库,30008,拣货
NoScA3ruGr,灰色 品牌17 三号纸 笔记本（横线）,笔记本,品牌17,三号纸,横线,灰色,48*10*5,1130,AM39D,劳拉,出库,30007,拣货
GaAESHePi,粉色 品牌05 小号 游戏椅（头枕）,游戏椅,品牌05,小号,头枕,粉色,16*1*1,16,AU27E,艾米丽,出库,30030,拣货
MoRe45WiPi,粉色 品牌10 450 鼠标（有线）,鼠标,品牌10,450,有线,粉色,16*10*1,160,BQ07A,约翰,出库,30058,拣货
CaRG18FiWh,白色 品牌03 1800 文件柜（文件收纳）,文件柜,品牌03,1800,文件收纳,白色,8*1*1,8,AL07H,亚历克斯,出库,30010,拣货
DrRG12LoWh,白色 品牌03 1200 抽屉柜（储物锁柜）,抽屉柜,品牌03,1200,储物锁柜,白色,8*1*1,8,CF45G,迈克,出库,30052,拣货
CuQE12DoGr,灰色 品牌01 1200 储物柜（带门式）,储物柜,品牌01,1200,带门式,灰色,8*1*1,8,CY29D,克里斯,出库,30091,拣货
AlRe1516Si,银色 品牌14 15英寸 一体机（16吉字节内存）,一体机,品牌14,15英寸,16吉字节内存,银色,16*1*1,16,BL19F,亚历克斯,出库,30047,拣货
AlYn15i7Bl,黑色 品牌15 15英寸 一体机（第7代处理器）,一体机,品牌15,15英寸,第7代处理器,黑色,16*1*1,10,DL41A,简,出库,30054,拣货
KeHc27WiWh,白色 品牌09 270 键盘（有线）,键盘,品牌09,270,有线,白色,16*10*1,160,BG26H,简,出库,30034,拣货
KeSu35WiWh,白色 品牌11 350 键盘（有线）,键盘,品牌11,350,有线,白色,16*10*1,160,AH15E,莎拉,出库,30046,拣货
AlPH14i5Gr,灰色 品牌12 14英寸 一体机（第5代处理器）,一体机,品牌12,14英寸,第5代处理器,灰色,16*1*1,11,CF67C,克里斯,出库,30039,拣货
AlPH1732Gr,灰色 品牌12 17英寸 一体机（32吉字节内存）,一体机,品牌12,17英寸,32吉字节内存,灰色,16*1*1,10,BZ36C,简,出库,30079,拣货
CuWE18LoBl,黑色 品牌02 1800 储物柜（储物锁柜）,储物柜,品牌02,1800,储物锁柜,黑色,8*1*1,8,CU40H,莎拉,出库,30055,拣货
MoPH35MeBl,黑色 品牌12 350 鼠标（机械式）,鼠标,品牌12,350,机械式,黑色,16*10*1,160,BP73F,艾米丽,出库,30079,拣货
PrSoA4InWh,白色 品牌25 四号纸 打印机（喷墨）,打印机,品牌25,四号纸,喷墨,白色,16*1*1,9,BH57H,迈克,出库,30058,拣货
TVYn424KWh,白色 品牌15 42英寸 电视机（超高清）,电视机,品牌15,42英寸,超高清,白色,8*1*1,3,CV07F,克里斯,出库,30030,拣货
MoSu45ErNa,藏青色 品牌11 450 鼠标（人体工学）,鼠标,品牌11,450,人体工学,藏青色,16*10*1,160,CT78B,劳拉,出库,30099,拣货
CaQE12FiWh,白色 品牌01 1200 文件柜（文件收纳）,文件柜,品牌01,1200,文件收纳,白色,8*1*1,1,CY50G,艾米,出库,30039,拣货
LaPH14i7Gr,灰色 品牌12 14英寸 笔记本电脑（第7代处理器）,笔记本电脑,品牌12,14英寸,第7代处理器,灰色,16*1*1,8,CN62A,亚历克斯,出库,30036,拣货
OfXEMLeWh,白色 品牌06 中号 办公椅（皮革）,办公椅,品牌06,中号,皮革,白色,16*1*1,4,CR21H,艾米丽,出库,30034,拣货
NoMuA5ruWh,白色 品牌19 五号纸 笔记本（横线）,笔记本,品牌19,五号纸,横线,白色,48*10*5,2400,DV81D,迈克,出库,30070,拣货
CaTE18DoBl,黑色 品牌04 1800 文件柜（带门式）,文件柜,品牌04,1800,带门式,黑色,8*1*1,3,CO83C,艾米丽,出库,30000,拣货
PeAl50WaBl,黑色 品牌20 50 铅笔（水彩）,铅笔,品牌20,50,水彩,黑色,48*10*5,532,BP60D,艾米丽,出库,30053,拣货
LaRe14i5Si,银色 品牌14 14英寸 笔记本电脑（第5代处理器）,笔记本电脑,品牌14,14英寸,第5代处理器,银色,16*1*1,13,AJ62E,亚历克斯,出库,30003,拣货
DrWE12DoBl,黑色 品牌02 1200 抽屉柜（带门式）,抽屉柜,品牌02,1200,带门式,黑色,8*1*1,8,AV59G,克里斯,出库,30030,拣货
KeRe27MeNa,藏青色 品牌10 270 键盘（机械式）,键盘,品牌10,270,机械式,藏青色,16*10*1,13,CL10F,约翰,出库,30085,拣货
TaTR10FrBl,黑色 品牌28 1000 桌子（框架式）,桌子,品牌28,1000,框架式,黑色,8*1*1,7,DT88E,艾米,出库,30079,拣货
LaOv17i5Bl,黑色 品牌13 17英寸 笔记本电脑（第5代处理器）,笔记本电脑,品牌13,17英寸,第5代处理器,黑色,16*1*1,16,DK48F,艾米丽,出库,30030,拣货
NoMuA3liGr,灰色 品牌19 三号纸 笔记本（线条）,笔记本,品牌19,三号纸,线条,灰色,48*10*5,336,DG17D,莎拉,出库,30092,拣货
PrSoA4InGr,灰色 品牌25 四号纸 打印机（喷墨）,打印机,品牌25,四号纸,喷墨,灰色,16*1*1,16,AM82E,克里斯,出库,30000,拣货
GaAEMErGr,灰色 品牌05 中号 游戏椅（人体工学）,游戏椅,品牌05,中号,人体工学,灰色,16*1*1,5,BP84B,约翰,出库,30062,拣货
NoScA5doSi,银色 品牌17 五号纸 笔记本（点阵）,笔记本,品牌17,五号纸,点阵,银色,48*10*5,575,AF91A,克里斯,出库,30079,拣货
AlPH14i5Gr,灰色 品牌12 14英寸 一体机（第5代处理器）,一体机,品牌12,14英寸,第5代处理器,灰色,16*1*1,7,DU75H,艾米丽,出库,30058,拣货
LaOv14i5Bl,黑色 品牌13 14英寸 笔记本电脑（第5代处理器）,笔记本电脑,品牌13,14英寸,第5代处理器,黑色,16*1*1,16,AO56D,大卫,出库,30095,拣货
TaTR10AuWh,白色 品牌29 1000 桌子（自动调节）,桌子,品牌29,1000,自动调节,白色,8*1*1,8,AT35H,简,出库,30005,拣货
KeRe45MePi,粉色 品牌10 450 键盘（机械式）,键盘,品牌10,450,机械式,粉色,16*10*1,52,BL88E,亚历克斯,出库,30026,拣货
GaAEMErWh,白色 品牌05 中号 游戏椅（人体工学）,游戏椅,品牌05,中号,人体工学,白色,16*1*1,15,BI72B,亚历克斯,出库,30072,拣货
AlPH1432Si,银色 品牌12 14英寸 一体机（32吉字节内存）,一体机,品牌12,14英寸,32吉字节内存,银色,16*1*1,11,BX77B,莎拉,出库,30073,拣货
MoPH27BlNa,藏青色 品牌12 270 鼠标（蓝牙）,鼠标,品牌12,270,蓝牙,藏青色,16*10*1,160,DZ84C,约翰,出库,30051,拣货
CuQE18LoBe,米色 品牌01 1800 储物柜（储物锁柜）,储物柜,品牌01,1800,储物锁柜,米色,8*1*1,8,BS79B,简,出库,30072,拣货
AlRe1732Wh,白色 品牌14 17英寸 一体机（32吉字节内存）,一体机,品牌14,17英寸,32吉字节内存,白色,16*1*1,16,BG29A,约翰,出库,30032,拣货
PeNa12SoBl,黑色 品牌23 12 铅笔（可溶性）,铅笔,品牌23,12,可溶性,黑色,48*10*5,527,CK95C,简,出库,30012,拣货
TVYn424KWh,白色 品牌15 42英寸 电视机（超高清）,电视机,品牌15,42英寸,超高清,白色,8*1*1,6,CP87A,劳拉,出库,30024,拣货
GaXELAdBl,黑色 品牌06 大号 游戏椅（可调节）,游戏椅,品牌06,大号,可调节,黑色,16*1*1,5,DZ35E,劳拉,出库,30017,拣货
GaOGMErBl,黑色 品牌07 中号 游戏椅（人体工学）,游戏椅,品牌07,中号,人体工学,黑色,16*1*1,16,BS07E,克里斯,出库,30088,拣货
LaPH1416Si,银色 品牌12 14英寸 笔记本电脑（16吉字节内存）,笔记本电脑,品牌12,14英寸,16吉字节内存,银色,16*1*1,16,AJ76D,约翰,出库,30080,拣货
PrNoA2LaBl,黑色 品牌26 二号纸 打印机（激光）,打印机,品牌26,二号纸,激光,黑色,16*1*1,7,CQ95H,莎拉,出库,30046,拣货
PrNoA4InGr,灰色 品牌26 四号纸 打印机（喷墨）,打印机,品牌26,四号纸,喷墨,灰色,16*1*1,16,BW72F,约翰,出库,30080,拣货
TaTR10AuWh,白色 品牌29 1000 桌子（自动调节）,桌子,品牌29,1000,自动调节,白色,8*1*1,8,DG30B,简,出库,30072,拣货
OfSEMLePi,粉色 品牌08 中号 办公椅（皮革）,办公椅,品牌08,中号,皮革,粉色,16*1*1,1,CX68H,简,出库,30028,拣货
KeHc45ErNa,藏青色 品牌09 450 键盘（人体工学）,键盘,品牌09,450,人体工学,藏青色,16*10*1,160,CX04E,亚历克斯,出库,30054,拣货
LaPH1716Bl,黑色 品牌12 17英寸 笔记本电脑（16吉字节内存）,笔记本电脑,品牌12,17英寸,16吉字节内存,黑色,16*1*1,16,AZ76B,克里斯,出库,30076,拣货
CuTE12DoBe,米色 品牌04 1200 储物柜（带门式）,储物柜,品牌04,1200,带门式,米色,8*1*1,8,AX66E,莎拉,出库,30006,拣货
AlYn148GWh,白色 品牌15 14英寸 一体机（8吉字节内存）,一体机,品牌15,14英寸,8吉字节内存,白色,16*1*1,9,BR60D,克里斯,出库,30079,拣货
GaSESErGr,灰色 品牌08 小号 游戏椅（人体工学）,游戏椅,品牌08,小号,人体工学,灰色,16*1*1,7,BG76F,艾米丽,出库,30087,拣货
TaTR10AuGr,灰色 品牌29 1000 桌子（自动调节）,桌子,品牌29,1000,自动调节,灰色,8*1*1,8,BW75H,约翰,出库,30005,拣货
MoRe27BlBl,黑色 品牌10 270 鼠标（蓝牙）,鼠标,品牌10,270,蓝牙,黑色,16*10*1,160,BX08G,克里斯,出库,30009,拣货
CaWE12SlBl,黑色 品牌02 1200 文件柜（滑动式）,文件柜,品牌02,1200,滑动式,黑色,8*1*1,8,BZ03E,艾米丽,出库,30031,拣货
DrRG18DoGr,灰色 品牌03 1800 抽屉柜（带门式）,抽屉柜,品牌03,1800,带门式,灰色,8*1*1,8,CS17E,简,出库,30091,拣货
CaTE18FiBe,米色 品牌04 1800 文件柜（文件收纳）,文件柜,品牌04,1800,文件收纳,米色,8*1*1,6,DV35A,迈克,出库,30091,拣货
MoPH35WiPi,粉色 品牌12 350 鼠标（有线）,鼠标,品牌12,350,有线,粉色,16*10*1,104,DN40B,大卫,出库,30090,拣货
NoMuA3doBl,黑色 品牌19 三号纸 笔记本（点阵）,笔记本,品牌19,三号纸,点阵,黑色,48*10*5,2039,AR32E,艾米丽,出库,30091,拣货
CuRG12DoBe,米色 品牌03 1200 储物柜（带门式）,储物柜,品牌03,1200,带门式,米色,8*1*1,8,AY53B,艾米,出库,30015,拣货
CaRG12LoWh,白色 品牌03 1200 文件柜（储物锁柜）,文件柜,品牌03,1200,储物锁柜,白色,8*1*1,8,BZ23F,莎拉,出库,30080,拣货
MoPH27WiWh,白色 品牌12 270 鼠标（有线）,鼠标,品牌12,270,有线,白色,16*10*1,160,DP76C,约翰,出库,30060,拣货
TaTR15AuWh,白色 品牌28 1500 桌子（自动调节）,桌子,品牌28,1500,自动调节,白色,8*1*1,6,BO65D,大卫,出库,30088,拣货
OfAEMHeGr,灰色 品牌05 中号 办公椅（头枕）,办公椅,品牌05,中号,头枕,灰色,16*1*1,9,CQ07E,大卫,出库,30053,拣货
KeSu45BlNa,藏青色 品牌11 450 键盘（蓝牙）,键盘,品牌11,450,蓝牙,藏青色,16*10*1,160,CW06F,迈克,出库,30061,拣货
NoGrA5ruBl,黑色 品牌18 五号纸 笔记本（横线）,笔记本,品牌18,五号纸,横线,黑色,48*10*5,2400,BI45F,大卫,出库,30014,拣货
KePH35ErWh,白色 品牌12 350 键盘（人体工学）,键盘,品牌12,350,人体工学,白色,16*10*1,160,CS78A,迈克,出库,30087,拣货
PeNa50HeWh,白色 品牌23 50 铅笔（六角形）,铅笔,品牌23,50,六角形,白色,48*10*5,1764,CW07C,简,出库,30011,拣货
AlSu148GWh,白色 品牌11 14英寸 一体机（8吉字节内存）,一体机,品牌11,14英寸,8吉字节内存,白色,16*1*1,5,CV67E,约翰,出库,30096,拣货
MoHc35WiWh,白色 品牌09 350 鼠标（有线）,鼠标,品牌09,350,有线,白色,16*10*1,45,DU48B,劳拉,出库,30008,拣货
MoSu35MeNa,藏青色 品牌11 350 鼠标（机械式）,鼠标,品牌11,350,机械式,藏青色,16*10*1,160,CG53B,约翰,出库,30030,拣货
TaCI10FrSi,银色 品牌27 1000 桌子（框架式）,桌子,品牌27,1000,框架式,银色,8*1*1,8,CF10H,艾米丽,出库,30058,拣货
AlSu17i5Wh,白色 品牌11 17英寸 一体机（第5代处理器）,一体机,品牌11,17英寸,第5代处理器,白色,16*1*1,16,DX70B,克里斯,出库,30045,拣货
AlPH1416Si,银色 品牌12 14英寸 一体机（16吉字节内存）,一体机,品牌12,14英寸,16吉字节内存,银色,16*1*1,16,BS01E,大卫,出库,30068,拣货
MoRe27BlNa,藏青色 品牌10 270 鼠标（蓝牙）,鼠标,品牌10,270,蓝牙,藏青色,16*10*1,160,CM97D,艾米,出库,30045,拣货
CuRG12LoBl,黑色 品牌03 1200 储物柜（储物锁柜）,储物柜,品牌03,1200,储物锁柜,黑色,8*1*1,8,AK79F,简,出库,30003,拣货
LaPH14i5Si,银色 品牌12 14英寸 笔记本电脑（第5代处理器）,笔记本电脑,品牌12,14英寸,第5代处理器,银色,16*1*1,8,DY31B,简,出库,30000,拣货
OfSELHeWh,白色 品牌08 大号 办公椅（头枕）,办公椅,品牌08,大号,头枕,白色,16*1*1,13,AL36F,约翰,出库,30042,拣货
SPGi24SoWh,白色 品牌21 24 触控笔（可溶性）,触控笔,品牌21,24,可溶性,白色,48*10*5,2400,CZ48F,劳拉,出库,30002,拣货
GaXESAdWh,白色 品牌06 小号 游戏椅（可调节）,游戏椅,品牌06,小号,可调节,白色,16*1*1,8,DK93C,约翰,出库,30061,拣货
LaPH1516Bl,黑色 品牌12 15英寸 笔记本电脑（16吉字节内存）,笔记本电脑,品牌12,15英寸,16吉字节内存,黑色,16*1*1,16,BI15E,劳拉,出库,30093,拣货
LaSu17i7Wh,白色 品牌11 17英寸 笔记本电脑（第7代处理器）,笔记本电脑,品牌11,17英寸,第7代处理器,白色,16*1*1,12,CF69G,大卫,出库,30070,拣货
KeHc27BlPi,粉色 品牌09 270 键盘（蓝牙）,键盘,品牌09,270,蓝牙,粉色,16*10*1,160,CK72E,大卫,出库,30086,拣货
CaQE18FiWh,白色 品牌01 1800 文件柜（文件收纳）,文件柜,品牌01,1800,文件收纳,白色,8*1*1,2,CU97H,莎拉,出库,30058,拣货
GaXEMHeGr,灰色 品牌06 中号 游戏椅（头枕）,游戏椅,品牌06,中号,头枕,灰色,16*1*1,12,BS92E,约翰,出库,30062,拣货
LaSu1532Si,银色 品牌11 15英寸 笔记本电脑（32吉字节内存）,笔记本电脑,品牌11,15英寸,32吉字节内存,银色,16*1*1,16,CI66H,亚历克斯,出库,30054,拣货
AlSu1416Bl,黑色 品牌11 14英寸 一体机（16吉字节内存）,一体机,品牌11,14英寸,16吉字节内存,黑色,16*1*1,16,CF72F,亚历克斯,出库,30034,拣货
CuTE90DoGr,灰色 品牌04 900 储物柜（带门式）,储物柜,品牌04,900,带门式,灰色,8*1*1,8,BH92D,大卫,出库,30010,拣货
OfXEMHeBl,黑色 品牌06 中号 办公椅（头枕）,办公椅,品牌06,中号,头枕,黑色,16*1*1,16,DN15G,大卫,出库,30092,拣货
OfXEMLeBl,黑色 品牌06 中号 办公椅（皮革）,办公椅,品牌06,中号,皮革,黑色,16*1*1,16,CP20G,迈克,出库,30078,拣货
CuRG90LoGr,灰色 品牌03 900 储物柜（储物锁柜）,储物柜,品牌03,900,储物锁柜,灰色,8*1*1,2,DV16B,莎拉,出库,30093,拣货
KeHc45ErNa,藏青色 品牌09 450 键盘（人体工学）,键盘,品牌09,450,人体工学,藏青色,16*10*1,52,DT06B,大卫,出库,30039,拣货
AlOv1532Gr,灰色 品牌13 15英寸 一体机（32吉字节内存）,一体机,品牌13,15英寸,32吉字节内存,灰色,16*1*1,16,BN36D,莎拉,出库,30093,拣货
LaYn1516Gr,灰色 品牌15 15英寸 笔记本电脑（16吉字节内存）,笔记本电脑,品牌15,15英寸,16吉字节内存,灰色,16*1*1,14,CJ89E,艾米,出库,30000,拣货
PrNoA2MoMi,混合色 品牌26 二号纸 打印机（黑白）,打印机,品牌26,二号纸,黑白,混合色,16*1*1,1,DZ28G,艾米,出库,30065,拣货
TaCI18AuBl,黑色 品牌27 1800 桌子（自动调节）,桌子,品牌27,1800,自动调节,黑色,8*1*1,8,AG38H,迈克,出库,30042,拣货
CuRG90FiWh,白色 品牌03 900 储物柜（文件收纳）,储物柜,品牌03,900,文件收纳,白色,8*1*1,8,BQ90H,莎拉,出库,30043,拣货
LaOv158GSi,银色 品牌13 15英寸 笔记本电脑（8吉字节内存）,笔记本电脑,品牌13,15英寸,8吉字节内存,银色,16*1*1,11,AJ21A,艾米,出库,30019,拣货
TaCI15FrGr,灰色 品牌27 1500 桌子（框架式）,桌子,品牌27,1500,框架式,灰色,8*1*1,4,CW85G,艾米,出库,30008,拣货
AlSu17i5Gr,灰色 品牌11 17英寸 一体机（第5代处理器）,一体机,品牌11,17英寸,第5代处理器,灰色,16*1*1,16,CG61D,亚历克斯,出库,30084,拣货
GaSELAdWh,白色 品牌08 大号 游戏椅（可调节）,游戏椅,品牌08,大号,可调节,白色,16*1*1,9,BS72D,简,出库,30030,拣货
NoExA5liSi,银色 品牌16 五号纸 笔记本（线条）,笔记本,品牌16,五号纸,线条,银色,48*10*5,2400,BZ88C,简,出库,30017,拣货
PrReA2InBl,黑色 品牌24 二号纸 打印机（喷墨）,打印机,品牌24,二号纸,喷墨,黑色,16*1*1,10,BT24H,劳拉,出库,30078,拣货
DrQE18LoGr,灰色 品牌01 1800 抽屉柜（储物锁柜）,抽屉柜,品牌01,1800,储物锁柜,灰色,8*1*1,8,DX31H,约翰,出库,30056,拣货
PrPHA4MoMi,混合色 品牌12 四号纸 打印机（黑白）,打印机,品牌12,四号纸,黑白,混合色,16*1*1,16,BH35E,大卫,出库,30050,拣货
CuTE90SlWh,白色 品牌04 900 储物柜（滑动式）,储物柜,品牌04,900,滑动式,白色,8*1*1,4,CU49H,莎拉,出库,30017,拣货
PeRe50WaBl,黑色 品牌22 50 铅笔（水彩）,铅笔,品牌22,50,水彩,黑色,48*10*5,2400,CO86D,劳拉,出库,30087,拣货
CaRG18LoBl,黑色 品牌03 1800 文件柜（储物锁柜）,文件柜,品牌03,1800,储物锁柜,黑色,8*1*1,8,DJ70A,克里斯,出库,30087,拣货
TaTR18FrBl,黑色 品牌28 1800 桌子（框架式）,桌子,品牌28,1800,框架式,黑色,8*1*1,8,DL07E,迈克,出库,30034,拣货
LaSu1516Si,银色 品牌11 15英寸 笔记本电脑（16吉字节内存）,笔记本电脑,品牌11,15英寸,16吉字节内存,银色,16*1*1,16,AT26H,劳拉,出库,30015,拣货
PrSoA4InBl,黑色 品牌25 四号纸 打印机（喷墨）,打印机,品牌25,四号纸,喷墨,黑色,16*1*1,16,CT98G,亚历克斯,出库,30075,拣货
CaWE12DoWh,白色 品牌02 1200 文件柜（带门式）,文件柜,品牌02,1200,带门式,白色,8*1*1,2,AR38H,艾米丽,出库,30070,拣货
LaPH1416Wh,白色 品牌12 14英寸 笔记本电脑（16吉字节内存）,笔记本电脑,品牌12,14英寸,16吉字节内存,白色,16*1*1,16,AG77A,艾米丽,出库,30013,拣货
OfOGMAdPi,粉色 品牌07 中号 办公椅（可调节）,办公椅,品牌07,中号,可调节,粉色,16*1*1,16,AI76H,劳拉,出库,30098,拣货
GaAELLeGr,灰色 品牌05 大号 游戏椅（皮革）,游戏椅,品牌05,大号,皮革,灰色,16*1*1,16,BF51B,克里斯,出库,30030,拣货
KeSu35MeWh,白色 品牌11 350 键盘（机械式）,键盘,品牌11,350,机械式,白色,16*10*1,160,AU94B,大卫,出库,30092,拣货
DrQE12DoGr,灰色 品牌01 1200 抽屉柜（带门式）,抽屉柜,品牌01,1200,带门式,灰色,8*1*1,8,AH77D,莎拉,出库,30010,拣货
CaRG90LoGr,灰色 品牌03 900 文件柜（储物锁柜）,文件柜,品牌03,900,储物锁柜,灰色,8*1*1,8,AH61B,艾米,出库,30034,拣货
LaOv1716Wh,白色 品牌13 17英寸 笔记本电脑（16吉字节内存）,笔记本电脑,品牌13,17英寸,16吉字节内存,白色,16*1*1,12,BG38E,劳拉,出库,30059,拣货
GaSELAdGr,灰色 品牌08 大号 游戏椅（可调节）,游戏椅,品牌08,大号,可调节,灰色,16*1*1,16,DK78F,亚历克斯,出库,30065,拣货
CuWE90SlBe,米色 品牌02 900 储物柜（滑动式）,储物柜,品牌02,900,滑动式,米色,8*1*1,8,BP29A,大卫,出库,30094,拣货
PrNoA4LaGr,灰色 品牌26 四号纸 打印机（激光）,打印机,品牌26,四号纸,激光,灰色,16*1*1,6,DF70C,劳拉,出库,30024,拣货
OfXELHeBl,黑色 品牌06 大号 办公椅（头枕）,办公椅,品牌06,大号,头枕,黑色,16*1*1,12,AJ66F,艾米,出库,30057,拣货
PrReA2AlBl,黑色 品牌24 二号纸 打印机（一体式）,打印机,品牌24,二号纸,一体式,黑色,16*1*1,9,BS12F,简,出库,30078,拣货
AlSu15i7Gr,灰色 品牌11 15英寸 一体机（第7代处理器）,一体机,品牌11,15英寸,第7代处理器,灰色,16*1*1,16,AF01A,亚历克斯,出库,30068,拣货
MoRe27BlBl,黑色 品牌10 270 鼠标（蓝牙）,鼠标,品牌10,270,蓝牙,黑色,16*10*1,139,CF26F,克里斯,出库,30078,拣货
OfOGSHeBl,黑色 品牌07 小号 办公椅（头枕）,办公椅,品牌07,小号,头枕,黑色,16*1*1,16,DW66H,迈克,出库,30048,拣货
LaSu14i5Si,银色 品牌11 14英寸 笔记本电脑（第5代处理器）,笔记本电脑,品牌11,14英寸,第5代处理器,银色,16*1*1,16,DI44C,莎拉,出库,30091,拣货
AlPH14i5Gr,灰色 品牌12 14英寸 一体机（第5代处理器）,一体机,品牌12,14英寸,第5代处理器,灰色,16*1*1,16,BQ58E,亚历克斯,出库,30020,拣货
AlRe1716Bl,黑色 品牌14 17英寸 一体机（16吉字节内存）,一体机,品牌14,17英寸,16吉字节内存,黑色,16*1*1,16,BG68H,莎拉,出库,30048,拣货
PeRe50HeWh,白色 品牌22 50 铅笔（六角形）,铅笔,品牌22,50,六角形,白色,48*10*5,2400,AI34E,约翰,出库,30035,拣货
LaYn158GBl,黑色 品牌15 15英寸 笔记本电脑（8吉字节内存）,笔记本电脑,品牌15,15英寸,8吉字节内存,黑色,16*1*1,11,BK11D,简,出库,30074,拣货
LaSu1516Bl,黑色 品牌11 15英寸 笔记本电脑（16吉字节内存）,笔记本电脑,品牌11,15英寸,16吉字节内存,黑色,16*1*1,16,AJ52D,劳拉,出库,30053,拣货
NoGrA3liWh,白色 品牌18 三号纸 笔记本（线条）,笔记本,品牌18,三号纸,线条,白色,48*10*5,2400,DO09B,莎拉,出库,30031,拣货
AlRe14i5Wh,白色 品牌14 14英寸 一体机（第5代处理器）,一体机,品牌14,14英寸,第5代处理器,白色,16*1*1,12,AP43F,克里斯,出库,30007,拣货
GaAESAdGr,灰色 品牌05 小号 游戏椅（可调节）,游戏椅,品牌05,小号,可调节,灰色,16*1*1,15,DT57C,莎拉,出库,30059,拣货
CuTE12LoBe,米色 品牌04 1200 储物柜（储物锁柜）,储物柜,品牌04,1200,储物锁柜,米色,8*1*1,8,BX90E,亚历克斯,出库,30051,拣货
GaAELHeGr,灰色 品牌05 大号 游戏椅（头枕）,游戏椅,品牌05,大号,头枕,灰色,16*1*1,6,BM50C,莎拉,出库,30037,拣货
SPGi24SoPi,粉色 品牌21 24 触控笔（可溶性）,触控笔,品牌21,24,可溶性,粉色,48*10*5,2400,AZ48A,迈克,出库,30026,拣货
MoPH35BlWh,白色 品牌12 350 鼠标（蓝牙）,鼠标,品牌12,350,蓝牙,白色,16*10*1,160,BJ22H,简,出库,30022,拣货
KeSu27BlBl,黑色 品牌11 270 键盘（蓝牙）,键盘,品牌11,270,蓝牙,黑色,16*10*1,160,AX50A,亚历克斯,出库,30090,拣货
GaXEMHePi,粉色 品牌06 中号 游戏椅（头枕）,游戏椅,品牌06,中号,头枕,粉色,16*1*1,15,BW83C,迈克,出库,30049,拣货
CuRG90SlWh,白色 品牌03 900 储物柜（滑动式）,储物柜,品牌03,900,滑动式,白色,8*1*1,8,BY16E,大卫,出库,30098,拣货
LaPH17i7Si,银色 品牌12 17英寸 笔记本电脑（第7代处理器）,笔记本电脑,品牌12,17英寸,第7代处理器,银色,16*1*1,3,CG40G,艾米,出库,30017,拣货
LaSu15i5Wh,白色 品牌11 15英寸 笔记本电脑（第5代处理器）,笔记本电脑,品牌11,15英寸,第5代处理器,白色,16*1*1,16,DN50H,亚历克斯,出库,30067,拣货
LaPH148GSi,银色 品牌12 14英寸 笔记本电脑（8吉字节内存）,笔记本电脑,品牌12,14英寸,8吉字节内存,银色,16*1*1,7,AQ85E,劳拉,出库,30083,拣货
MoHc27BlBl,黑色 品牌09 270 鼠标（蓝牙）,鼠标,品牌09,270,蓝牙,黑色,16*10*1,160,BJ43H,劳拉,出库,30010,拣货
NoMuA5ruWh,白色 品牌19 五号纸 笔记本（横线）,笔记本,品牌19,五号纸,横线,白色,48*10*5,2400,BK66A,约翰,出库,30022,拣货
AlRe14i5Bl,黑色 品牌14 14英寸 一体机（第5代处理器）,一体机,品牌14,14英寸,第5代处理器,黑色,16*1*1,14,BZ73F,简,出库,30075,拣货
PeGi50WaBl,黑色 品牌21 50 铅笔（水彩）,铅笔,品牌21,50,水彩,黑色,48*10*5,2400,CN22F,亚历克斯,出库,30061,拣货
AlPH1516Bl,黑色 品牌12 15英寸 一体机（16吉字节内存）,一体机,品牌12,15英寸,16吉字节内存,黑色,16*1*1,16,CZ32B,简,出库,30080,拣货
MoHc27BlNa,藏青色 品牌09 270 鼠标（蓝牙）,鼠标,品牌09,270,蓝牙,藏青色,16*10*1,160,BU63G,迈克,出库,30086,拣货
TVYn32SFWh,白色 品牌15 32英寸 电视机（超级全高清）,电视机,品牌15,32英寸,超级全高清,白色,8*1*1,3,BX69D,莎拉,出库,30032,拣货
CuQE18SlBl,黑色 品牌01 1800 储物柜（滑动式）,储物柜,品牌01,1800,滑动式,黑色,8*1*1,2,DH96C,克里斯,出库,30091,拣货
LaSu14i5Si,银色 品牌11 14英寸 笔记本电脑（第5代处理器）,笔记本电脑,品牌11,14英寸,第5代处理器,银色,16*1*1,16,BQ41E,艾米,出库,30062,拣货
DrRG90FiBl,黑色 品牌03 900 抽屉柜（文件收纳）,抽屉柜,品牌03,900,文件收纳,黑色,8*1*1,6,CZ84A,劳拉,出库,30031,拣货
SPAl12WaWh,白色 品牌20 12 触控笔（水彩）,触控笔,品牌20,12,水彩,白色,48*10*5,19,BN89B,大卫,出库,30091,拣货
CaTE18SlBe,米色 品牌04 1800 文件柜（滑动式）,文件柜,品牌04,1800,滑动式,米色,8*1*1,7,DS31G,艾米,出库,30022,拣货
DrTE90FiBl,黑色 品牌04 900 抽屉柜（文件收纳）,抽屉柜,品牌04,900,文件收纳,黑色,8*1*1,7,AR31E,莎拉,出库,30026,拣货
TaCI18FrGr,灰色 品牌27 1800 桌子（框架式）,桌子,品牌27,1800,框架式,灰色,8*1*1,3,DK05H,艾米,出库,30069,拣货
CuQE18LoBe,米色 品牌01 1800 储物柜（储物锁柜）,储物柜,品牌01,1800,储物锁柜,米色,8*1*1,8,CY70F,克里斯,出库,30000,拣货
LaPH1532Bl,黑色 品牌12 15英寸 笔记本电脑（32吉字节内存）,笔记本电脑,品牌12,15英寸,32吉字节内存,黑色,16*1*1,16,BM73B,艾米丽,出库,30060,拣货
TVEs504KBl,黑色 品牌32 50英寸 电视机（超高清）,电视机,品牌32,50英寸,超高清,黑色,8*1*1,8,AF98D,约翰,出库,30057,拣货
CuTE18LoWh,白色 品牌04 1800 储物柜（储物锁柜）,储物柜,品牌04,1800,储物锁柜,白色,8*1*1,8,DL56E,大卫,出库,30085,拣货
DrQE18FiBe,米色 品牌01 1800 抽屉柜（文件收纳）,抽屉柜,品牌01,1800,文件收纳,米色,8*1*1,8,AI75C,迈克,出库,30098,拣货
CuRG18LoGr,灰色 品牌03 1800 储物柜（储物锁柜）,储物柜,品牌03,1800,储物锁柜,灰色,8*1*1,8,DM72H,简,出库,30022,拣货
SPRe50HeGr,灰色 品牌22 50 触控笔（六角形）,触控笔,品牌22,50,六角形,灰色,48*10*5,1354,AJ67H,简,出库,30080,拣货
KeHc27BlPi,粉色 品牌09 270 键盘（蓝牙）,键盘,品牌09,270,蓝牙,粉色,16*10*1,160,CW58G,克里斯,出库,30059,拣货
SPGi24SoWh,白色 品牌21 24 触控笔（可溶性）,触控笔,品牌21,24,可溶性,白色,48*10*5,1688,CP15B,艾米丽,出库,30040,拣货
PrPHA4LaBl,黑色 品牌12 四号纸 打印机（激光）,打印机,品牌12,四号纸,激光,黑色,16*1*1,7,DO46E,劳拉,出库,30079,拣货
DrRG12LoBl,黑色 品牌03 1200 抽屉柜（储物锁柜）,抽屉柜,品牌03,1200,储物锁柜,黑色,8*1*1,8,BQ07D,劳拉,出库,30074,拣货
PrPHA4InWh,白色 品牌12 四号纸 打印机（喷墨）,打印机,品牌12,四号纸,喷墨,白色,16*1*1,5,CP73A,大卫,出库,30015,拣货
MoSu27ErWh,白色 品牌11 270 鼠标（人体工学）,鼠标,品牌11,270,人体工学,白色,16*10*1,160,BP17B,莎拉,出库,30082,拣货
PeNa24WaBl,黑色 品牌23 24 铅笔（水彩）,铅笔,品牌23,24,水彩,黑色,48*10*5,237,BX44H,约翰,出库,30053,拣货
GaSELAdBl,黑色 品牌08 大号 游戏椅（可调节）,游戏椅,品牌08,大号,可调节,黑色,16*1*1,16,DU55F,亚历克斯,出库,30025,拣货
AlSu15i7Wh,白色 品牌11 15英寸 一体机（第7代处理器）,一体机,品牌11,15英寸,第7代处理器,白色,16*1*1,8,AL44C,艾米丽,出库,30070,拣货
LaYn15i5Gr,灰色 品牌15 15英寸 笔记本电脑（第5代处理器）,笔记本电脑,品牌15,15英寸,第5代处理器,灰色,16*1*1,16,DL40C,莎拉,出库,30078,拣货
OfAELLeGr,灰色 品牌05 大号 办公椅（皮革）,办公椅,品牌05,大号,皮革,灰色,16*1*1,16,DN89A,劳拉,出库,30084,拣货
PrSoA4InBl,黑色 品牌25 四号纸 打印机（喷墨）,打印机,品牌25,四号纸,喷墨,黑色,16*1*1,2,CU81E,约翰,出库,30082,拣货
TVGL75S4Gr,灰色 品牌31 75英寸 电视机（超级超高清）,电视机,品牌31,75英寸,超级超高清,灰色,8*1*1,8,AH32H,莎拉,出库,30000,拣货
NoGrA3ruWh,白色 品牌18 三号纸 笔记本（横线）,笔记本,品牌18,三号纸,横线,白色,48*10*5,681,AR28B,亚历克斯,出库,30060,拣货
OfOGSLeGr,灰色 品牌07 小号 办公椅（皮革）,办公椅,品牌07,小号,皮革,灰色,16*1*1,12,BU88F,艾米丽,出库,30053,拣货
OfSELAdWh,白色 品牌08 大号 办公椅（可调节）,办公椅,品牌08,大号,可调节,白色,16*1*1,16,DT01E,劳拉,出库,30062,拣货
TVEs75FHSi,银色 品牌32 75英寸 电视机（全高清）,电视机,品牌32,75英寸,全高清,银色,8*1*1,5,BP41H,亚历克斯,出库,30028,拣货
AlRe1416Gr,灰色 品牌14 14英寸 一体机（16吉字节内存）,一体机,品牌14,14英寸,16吉字节内存,灰色,16*1*1,16,AQ91A,艾米丽,出库,30072,拣货
MoPH45WiWh,白色 品牌12 450 鼠标（有线）,鼠标,品牌12,450,有线,白色,16*10*1,70,BS13C,艾米丽,出库,30099,拣货
SPAl12SoWh,白色 品牌20 12 触控笔（可溶性）,触控笔,品牌20,12,可溶性,白色,48*10*5,2360,CU67A,简,出库,30048,拣货
KeHc27ErWh,白色 品牌09 270 键盘（人体工学）,键盘,品牌09,270,人体工学,白色,16*10*1,44,CV60A,艾米,出库,30001,拣货
TVGn65SFBl,黑色 品牌30 65英寸 电视机（超级全高清）,电视机,品牌30,65英寸,超级全高清,黑色,8*1*1,8,CJ93H,大卫,出库,30047,拣货
KeHc45BlPi,粉色 品牌09 450 键盘（蓝牙）,键盘,品牌09,450,蓝牙,粉色,16*10*1,160,AF39B,劳拉,出库,30097,拣货
PrSoA3LaMi,混合色 品牌25 三号纸 打印机（激光）,打印机,品牌25,三号纸,激光,混合色,16*1*1,16,BO76G,艾米丽,出库,30049,拣货
AlSu1532Bl,黑色 品牌11 15英寸 一体机（32吉字节内存）,一体机,品牌11,15英寸,32吉字节内存,黑色,16*1*1,16,BJ22G,劳拉,出库,30078,拣货
TaTR15AdBl,黑色 品牌28 1500 桌子（可调节）,桌子,品牌28,1500,可调节,黑色,8*1*1,8,DO59D,克里斯,出库,30022,拣货
MoRe35ErBl,黑色 品牌10 350 鼠标（人体工学）,鼠标,品牌10,350,人体工学,黑色,16*10*1,154,CG55B,艾米,出库,30079,拣货
AlSu15i7Bl,黑色 品牌11 15英寸 一体机（第7代处理器）,一体机,品牌11,15英寸,第7代处理器,黑色,16*1*1,8,BO14E,克里斯,出库,30082,拣货
DrWE12DoBl,黑色 品牌02 1200 抽屉柜（带门式）,抽屉柜,品牌02,1200,带门式,黑色,8*1*1,8,DG02C,迈克,出库,30085,拣货
AlRe1532Wh,白色 品牌14 15英寸 一体机（32吉字节内存）,一体机,品牌14,15英寸,32吉字节内存,白色,16*1*1,16,CL50G,约翰,出库,30099,拣货
TaCI15AuGr,灰色 品牌27 1500 桌子（自动调节）,桌子,品牌27,1500,自动调节,灰色,8*1*1,8,CY45A,艾米,出库,30077,拣货
PeNa24HePi,粉色 品牌23 24 铅笔（六角形）,铅笔,品牌23,24,六角形,粉色,48*10*5,1462,AS56C,亚历克斯,出库,30058,拣货
OfSESAdWh,白色 品牌08 小号 办公椅（可调节）,办公椅,品牌08,小号,可调节,白色,16*1*1,4,DX94A,迈克,出库,30075,拣货
CuTE18FiGr,灰色 品牌04 1800 储物柜（文件收纳）,储物柜,品牌04,1800,文件收纳,灰色,8*1*1,6,DT92E,亚历克斯,出库,30095,拣货
TaTR15FrBl,黑色 品牌29 1500 桌子（框架式）,桌子,品牌29,1500,框架式,黑色,8*1*1,8,CX79D,克里斯,出库,30027,拣货
TVYn42SFBl,黑色 品牌15 42英寸 电视机（超级全高清）,电视机,品牌15,42英寸,超级全高清,黑色,8*1*1,8,DY63F,艾米丽,出库,30081,拣货
NoExA3liWh,白色 品牌16 三号纸 笔记本（线条）,笔记本,品牌16,三号纸,线条,白色,48*10*5,2400,BM24E,约翰,出库,30036,拣货
TVEs75FHWh,白色 品牌32 75英寸 电视机（全高清）,电视机,品牌32,75英寸,全高清,白色,8*1*1,8,BJ98C,劳拉,出库,30069,拣货
PrSoA3InWh,白色 品牌25 三号纸 打印机（喷墨）,打印机,品牌25,三号纸,喷墨,白色,16*1*1,16,BY67C,大卫,出库,30099,拣货
LaOv158GGr,灰色 品牌13 15英寸 笔记本电脑（8吉字节内存）,笔记本电脑,品牌13,15英寸,8吉字节内存,灰色,16*1*1,7,CN94D,迈克,出库,30015,拣货
LaOv1732Bl,黑色 品牌13 17英寸 笔记本电脑（32吉字节内存）,笔记本电脑,品牌13,17英寸,32吉字节内存,黑色,16*1*1,14,CU32A,迈克,出库,30048,拣货
NoGrA3doSi,银色 品牌18 三号纸 笔记本（点阵）,笔记本,品牌18,三号纸,点阵,银色,48*10*5,2400,AS44C,大卫,出库,30089,拣货
NoGrA4liGr,灰色 品牌18 四号纸 笔记本（线条）,笔记本,品牌18,四号纸,线条,灰色,48*10*5,2400,AU63D,艾米丽,出库,30083,拣货
AlSu1516Wh,白色 品牌11 15英寸 一体机（16吉字节内存）,一体机,品牌11,15英寸,16吉字节内存,白色,16*1*1,14,CK97E,简,出库,30098,拣货
TVGL75S4Wh,白色 品牌31 75英寸 电视机（超级超高清）,电视机,品牌31,75英寸,超级超高清,白色,8*1*1,8,DJ79F,亚历克斯,出库,30042,拣货
NoGrA5liGr,灰色 品牌18 五号纸 笔记本（线条）,笔记本,品牌18,五号纸,线条,灰色,48*10*5,2400,DK02D,简,出库,30094,拣货
OfSESHePi,粉色 品牌08 小号 办公椅（头枕）,办公椅,品牌08,小号,头枕,粉色,16*1*1,16,DL84E,艾米丽,出库,30031,拣货
TaAE10AdBl,黑色 品牌05 1000 桌子（可调节）,桌子,品牌05,1000,可调节,黑色,8*1*1,4,AR34A,艾米丽,出库,30098,拣货
CaTE12FiGr,灰色 品牌04 1200 文件柜（文件收纳）,文件柜,品牌04,1200,文件收纳,灰色,8*1*1,8,BZ98G,大卫,出库,30017,拣货
AlRe178GSi,银色 品牌14 17英寸 一体机（8吉字节内存）,一体机,品牌14,17英寸,8吉字节内存,银色,16*1*1,2,DK93E,约翰,出库,30042,拣货
TVGL65SFWh,白色 品牌31 65英寸 电视机（超级全高清）,电视机,品牌31,65英寸,超级全高清,白色,8*1*1,1,CS60F,迈克,出库,30013,拣货
TaTR15FrWh,白色 品牌28 1500 桌子（框架式）,桌子,品牌28,1500,框架式,白色,8*1*1,8,DZ03C,莎拉,出库,30064,拣货
TaCI10AdGr,灰色 品牌27 1000 桌子（可调节）,桌子,品牌27,1000,可调节,灰色,8*1*1,8,AX03G,劳拉,出库,30066,拣货
NoExA5liSi,银色 品牌16 五号纸 笔记本（线条）,笔记本,品牌16,五号纸,线条,银色,48*10*5,129,CG47B,大卫,出库,30066,拣货
TaAE10FrGr,灰色 品牌05 1000 桌子（框架式）,桌子,品牌05,1000,框架式,灰色,8*1*1,8,CU46B,迈克,出库,30072,拣货
SPGi24HeBl,黑色 品牌21 24 触控笔（六角形）,触控笔,品牌21,24,六角形,黑色,48*10*5,2400,DN51G,劳拉,出库,30025,拣货
TVYn32SFWh,白色 品牌15 32英寸 电视机（超级全高清）,电视机,品牌15,32英寸,超级全高清,白色,8*1*1,8,CK84C,克里斯,出库,30078,拣货
SPGi24HePi,粉色 品牌21 24 触控笔（六角形）,触控笔,品牌21,24,六角形,粉色,48*10*5,2400,DU83D,艾米,出库,30002,拣货
OfOGLAdBl,黑色 品牌07 大号 办公椅（可调节）,办公椅,品牌07,大号,可调节,黑色,16*1*1,16,CV17F,莎拉,出库,30063,拣货
GaAEMErGr,灰色 品牌05 中号 游戏椅（人体工学）,游戏椅,品牌05,中号,人体工学,灰色,16*1*1,16,AR76E,克里斯,出库,30083,拣货
MoPH27MeWh,白色 品牌12 270 鼠标（机械式）,鼠标,品牌12,270,机械式,白色,16*10*1,160,AK86H,莎拉,出库,30059,拣货
PeRe12WaWh,白色 品牌22 12 铅笔（水彩）,铅笔,品牌22,12,水彩,白色,48*10*5,2400,CH66D,迈克,出库,30072,拣货
CuWE12FiGr,灰色 品牌02 1200 储物柜（文件收纳）,储物柜,品牌02,1200,文件收纳,灰色,8*1*1,8,BY50A,约翰,出库,30094,拣货
TVYn42SFBl,黑色 品牌15 42英寸 电视机（超级全高清）,电视机,品牌15,42英寸,超级全高清,黑色,8*1*1,8,DP86F,简,出库,30085,拣货
OfOGMLePi,粉色 品牌07 中号 办公椅（皮革）,办公椅,品牌07,中号,皮革,粉色,16*1*1,1,DL13F,劳拉,出库,30007,拣货
TVGn32SFSi,银色 品牌30 32英寸 电视机（超级全高清）,电视机,品牌30,32英寸,超级全高清,银色,8*1*1,3,CU40D,克里斯,出库,30093,拣货
DrRG18SlWh,白色 品牌03 1800 抽屉柜（滑动式）,抽屉柜,品牌03,1800,滑动式,白色,8*1*1,8,AY30G,劳拉,出库,30056,拣货
TaTR10AuGr,灰色 品牌28 1000 桌子（自动调节）,桌子,品牌28,1000,自动调节,灰色,8*1*1,1,CS94E,艾米丽,出库,30097,拣货
CuQE18LoWh,白色 品牌01 1800 储物柜（储物锁柜）,储物柜,品牌01,1800,储物锁柜,白色,8*1*1,5,CM89H,莎拉,出库,30032,拣货
TVGL75FHSi,银色 品牌31 75英寸 电视机（全高清）,电视机,品牌31,75英寸,全高清,银色,8*1*1,6,BW05E,简,出库,30078,拣货
NoMuA5ruWh,白色 品牌19 五号纸 笔记本（横线）,笔记本,品牌19,五号纸,横线,白色,48*10*5,393,AS27G,简,出库,30082,拣货
PeGi50SoGr,灰色 品牌21 50 铅笔（可溶性）,铅笔,品牌21,50,可溶性,灰色,48*10*5,2400,CT12G,莎拉,出库,30076,拣货
MoRe45WiWh,白色 品牌10 450 鼠标（有线）,鼠标,品牌10,450,有线,白色,16*10*1,160,AT51D,大卫,出库,30081,拣货
LaSu1416Bl,黑色 品牌11 14英寸 笔记本电脑（16吉字节内存）,笔记本电脑,品牌11,14英寸,16吉字节内存,黑色,16*1*1,16,DL67D,简,出库,30069,拣货
DrTE12DoBl,黑色 品牌04 1200 抽屉柜（带门式）,抽屉柜,品牌04,1200,带门式,黑色,8*1*1,8,DH77C,简,出库,30005,拣货
SPRe24HeBl,黑色 品牌22 24 触控笔（六角形）,触控笔,品牌22,24,六角形,黑色,48*10*5,214,DQ65C,劳拉,出库,30078,拣货
LaOv17i5Wh,白色 品牌13 17英寸 笔记本电脑（第5代处理器）,笔记本电脑,品牌13,17英寸,第5代处理器,白色,16*1*1,16,AS78G,大卫,出库,30000,拣货
NoExA4liSi,银色 品牌16 四号纸 笔记本（线条）,笔记本,品牌16,四号纸,线条,银色,48*10*5,2400,CT97A,迈克,出库,30071,拣货
TVYn75FHGr,灰色 品牌15 75英寸 电视机（全高清）,电视机,品牌15,75英寸,全高清,灰色,8*1*1,2,AP62A,莎拉,出库,30054,拣货
KeHc45ErPi,粉色 品牌09 450 键盘（人体工学）,键盘,品牌09,450,人体工学,粉色,16*10*1,160,DU27D,艾米丽,出库,30034,拣货
GaOGSAdGr,灰色 品牌07 小号 游戏椅（可调节）,游戏椅,品牌07,小号,可调节,灰色,16*1*1,16,CM71A,劳拉,出库,30041,拣货
TVEs65SFBl,黑色 品牌32 65英寸 电视机（超级全高清）,电视机,品牌32,65英寸,超级全高清,黑色,8*1*1,5,CS72D,劳拉,出库,30000,拣货
PeNa24SoWh,白色 品牌23 24 铅笔（可溶性）,铅笔,品牌23,24,可溶性,白色,48*10*5,2400,AH77F,劳拉,出库,30022,拣货
OfXESHeGr,灰色 品牌06 小号 办公椅（头枕）,办公椅,品牌06,小号,头枕,灰色,16*1*1,16,BH41C,亚历克斯,出库,30093,拣货
KeHc45BlBl,黑色 品牌09 450 键盘（蓝牙）,键盘,品牌09,450,蓝牙,黑色,16*10*1,160,CN09F,约翰,出库,30030,拣货
TaAE10FrGr,灰色 品牌05 1000 桌子（框架式）,桌子,品牌05,1000,框架式,灰色,8*1*1,4,BP27F,简,出库,30035,拣货
AlYn178GGr,灰色 品牌15 17英寸 一体机（8吉字节内存）,一体机,品牌15,17英寸,8吉字节内存,灰色,16*1*1,15,BZ73B,约翰,出库,30094,拣货
CuRG12LoBl,黑色 品牌03 1200 储物柜（储物锁柜）,储物柜,品牌03,1200,储物锁柜,黑色,8*1*1,1,CS31C,迈克,出库,30097,拣货
CuWE90SlWh,白色 品牌02 900 储物柜（滑动式）,储物柜,品牌02,900,滑动式,白色,8*1*1,3,AU91C,大卫,出库,30039,拣货
GaAELLePi,粉色 品牌05 大号 游戏椅（皮革）,游戏椅,品牌05,大号,皮革,粉色,16*1*1,7,CW23C,劳拉,出库,30003,拣货
LaRe178GSi,银色 品牌14 17英寸 笔记本电脑（8吉字节内存）,笔记本电脑,品牌14,17英寸,8吉字节内存,银色,16*1*1,10,AF79E,艾米,出库,30072,拣货
CaWE12LoGr,灰色 品牌02 1200 文件柜（储物锁柜）,文件柜,品牌02,1200,储物锁柜,灰色,8*1*1,2,CT51B,简,出库,30095,拣货
PrReA3AlBl,黑色 品牌24 三号纸 打印机（一体式）,打印机,品牌24,三号纸,一体式,黑色,16*1*1,1,CF84H,劳拉,出库,30037,拣货
LaPH148GGr,灰色 品牌12 14英寸 笔记本电脑（8吉字节内存）,笔记本电脑,品牌12,14英寸,8吉字节内存,灰色,16*1*1,10,BG90F,亚历克斯,出库,30072,拣货
GaAESAdGr,灰色 品牌05 小号 游戏椅（可调节）,游戏椅,品牌05,小号,可调节,灰色,16*1*1,16,AX48F,约翰,出库,30066,拣货
TVGn32S4Si,银色 品牌30 32英寸 电视机（超级超高清）,电视机,品牌30,32英寸,超级超高清,银色,8*1*1,8,AH84G,简,出库,30033,拣货
LaOv1432Gr,灰色 品牌13 14英寸 笔记本电脑（32吉字节内存）,笔记本电脑,品牌13,14英寸,32吉字节内存,灰色,16*1*1,16,DY66A,艾米丽,出库,30029,拣货
CuQE90LoBe,米色 品牌01 900 储物柜（储物锁柜）,储物柜,品牌01,900,储物锁柜,米色,8*1*1,3,AU96E,迈克,出库,30070,拣货
OfSELAdBl,黑色 品牌08 大号 办公椅（可调节）,办公椅,品牌08,大号,可调节,黑色,16*1*1,5,BN15E,约翰,出库,30046,拣货
GaAELAdGr,灰色 品牌05 大号 游戏椅（可调节）,游戏椅,品牌05,大号,可调节,灰色,16*1*1,6,CP04A,莎拉,出库,30063,拣货
OfXESAdBl,黑色 品牌06 小号 办公椅（可调节）,办公椅,品牌06,小号,可调节,黑色,16*1*1,16,AY11E,亚历克斯,出库,30072,拣货
CaQE90LoWh,白色 品牌01 900 文件柜（储物锁柜）,文件柜,品牌01,900,储物锁柜,白色,8*1*1,6,DH65G,约翰,出库,30033,拣货
PrPHA3AlMi,混合色 品牌12 三号纸 打印机（一体式）,打印机,品牌12,三号纸,一体式,混合色,16*1*1,16,CU12G,简,出库,30000,拣货
DrWE12FiBe,米色 品牌02 1200 抽屉柜（文件收纳）,抽屉柜,品牌02,1200,文件收纳,米色,8*1*1,8,BR89F,亚历克斯,出库,30019,拣货
TVEs754KBl,黑色 品牌32 75英寸 电视机（超高清）,电视机,品牌32,75英寸,超高清,黑色,8*1*1,8,CT42H,克里斯,出库,30069,拣货
OfXEMLeWh,白色 品牌06 中号 办公椅（皮革）,办公椅,品牌06,中号,皮革,白色,16*1*1,2,CQ84B,简,出库,30087,拣货
PrNoA4WiMi,混合色 品牌26 四号纸 打印机（无线网络）,打印机,品牌26,四号纸,无线网络,混合色,16*1*1,15,CG94F,艾米丽,出库,30034,拣货
CaRG18FiBe,米色 品牌03 1800 文件柜（文件收纳）,文件柜,品牌03,1800,文件收纳,米色,8*1*1,8,DX05D,简,出库,30052,拣货
TVEs65FHSi,银色 品牌32 65英寸 电视机（全高清）,电视机,品牌32,65英寸,全高清,银色,8*1*1,8,CR91C,艾米,出库,30055,拣货
OfAEMAdPi,粉色 品牌05 中号 办公椅（可调节）,办公椅,品牌05,中号,可调节,粉色,16*1*1,16,CX24B,克里斯,出库,30075,拣货
TaTR18FrBl,黑色 品牌28 1800 桌子（框架式）,桌子,品牌28,1800,框架式,黑色,8*1*1,5,DU35G,艾米丽,出库,30000,拣货
SPGi50SoBl,黑色 品牌21 50 触控笔（可溶性）,触控笔,品牌21,50,可溶性,黑色,48*10*5,445,AP04B,艾米,出库,30008,拣货
DrWE18DoGr,灰色 品牌02 1800 抽屉柜（带门式）,抽屉柜,品牌02,1800,带门式,灰色,8*1*1,8,BK83H,大卫,出库,30075,拣货
DrWE90DoBl,黑色 品牌02 900 抽屉柜（带门式）,抽屉柜,品牌02,900,带门式,黑色,8*1*1,8,AF32F,莎拉,出库,30038,拣货
PeNa24WaGr,灰色 品牌23 24 铅笔（水彩）,铅笔,品牌23,24,水彩,灰色,48*10*5,1310,BM08A,克里斯,出库,30020,拣货
AlOv14i7Si,银色 品牌13 14英寸 一体机（第7代处理器）,一体机,品牌13,14英寸,第7代处理器,银色,16*1*1,5,DK68B,艾米丽,出库,30061,拣货
TVGn75S4Wh,白色 品牌30 75英寸 电视机（超级超高清）,电视机,品牌30,75英寸,超级超高清,白色,8*1*1,8,BS33F,亚历克斯,出库,30071,拣货
DrQE12FiBl,黑色 品牌01 1200 抽屉柜（文件收纳）,抽屉柜,品牌01,1200,文件收纳,黑色,8*1*1,8,CI06C,亚历克斯,出库,30032,拣货
CaTE12FiBe,米色 品牌04 1200 文件柜（文件收纳）,文件柜,品牌04,1200,文件收纳,米色,8*1*1,8,CR56D,迈克,出库,30090,拣货
SPGi50SoWh,白色 品牌21 50 触控笔（可溶性）,触控笔,品牌21,50,可溶性,白色,48*10*5,2400,DJ86E,劳拉,出库,30000,拣货
LaSu178GGr,灰色 品牌11 17英寸 笔记本电脑（8吉字节内存）,笔记本电脑,品牌11,17英寸,8吉字节内存,灰色,16*1*1,16,CQ43H,简,出库,30092,拣货
PeGi24HeWh,白色 品牌21 24 铅笔（六角形）,铅笔,品牌21,24,六角形,白色,48*10*5,1534,DP37C,莎拉,出库,30086,拣货
DrTE12SlGr,灰色 品牌04 1200 抽屉柜（滑动式）,抽屉柜,品牌04,1200,滑动式,灰色,8*1*1,8,DS16F,劳拉,出库,30057,拣货
NoExA3liBl,黑色 品牌16 三号纸 笔记本（线条）,笔记本,品牌16,三号纸,线条,黑色,48*10*5,2400,BK28B,劳拉,出库,30053,拣货
TVEs42SFSi,银色 品牌32 42英寸 电视机（超级全高清）,电视机,品牌32,42英寸,超级全高清,银色,8*1*1,1,BF94B,约翰,出库,30040,拣货
PeNa24WaWh,白色 品牌23 24 铅笔（水彩）,铅笔,品牌23,24,水彩,白色,48*10*5,321,DM41G,约翰,出库,30064,拣货
TVGn50SFGr,灰色 品牌30 50英寸 电视机（超级全高清）,电视机,品牌30,50英寸,超级全高清,灰色,8*1*1,8,BS59B,大卫,出库,30081,拣货
NoGrA3liWh,白色 品牌18 三号纸 笔记本（线条）,笔记本,品牌18,三号纸,线条,白色,48*10*5,2400,BL22E,劳拉,出库,30056,拣货
KeSu27BlWh,白色 品牌11 270 键盘（蓝牙）,键盘,品牌11,270,蓝牙,白色,16*10*1,160,CH82A,亚历克斯,出库,30065,拣货
PrNoA4WiGr,灰色 品牌26 四号纸 打印机（无线网络）,打印机,品牌26,四号纸,无线网络,灰色,16*1*1,4,AX19C,亚历克斯,出库,30042,拣货
GaOGMLePi,粉色 品牌07 中号 游戏椅（皮革）,游戏椅,品牌07,中号,皮革,粉色,16*1*1,9,AP96C,莎拉,出库,30069,拣货
CuWE12LoBe,米色 品牌02 1200 储物柜（储物锁柜）,储物柜,品牌02,1200,储物锁柜,米色,8*1*1,3,AL33B,迈克,出库,30067,拣货
TVEs42FHBl,黑色 品牌32 42英寸 电视机（全高清）,电视机,品牌32,42英寸,全高清,黑色,8*1*1,8,BH68C,艾米,出库,30029,拣货
MoSu35ErWh,白色 品牌11 350 鼠标（人体工学）,鼠标,品牌11,350,人体工学,白色,16*10*1,138,CI52C,莎拉,出库,30066,拣货
MoSu27MePi,粉色 品牌11 270 鼠标（机械式）,鼠标,品牌11,270,机械式,粉色,16*10*1,160,AZ89H,大卫,出库,30096,拣货
OfXESHeGr,灰色 品牌06 小号 办公椅（头枕）,办公椅,品牌06,小号,头枕,灰色,16*1*1,4,CN13C,亚历克斯,出库,30051,拣货
MoRe45MeWh,白色 品牌10 450 鼠标（机械式）,鼠标,品牌10,450,机械式,白色,16*10*1,160,BG13D,迈克,出库,30059,拣货
LaSu1716Wh,白色 品牌11 17英寸 笔记本电脑（16吉字节内存）,笔记本电脑,品牌11,17英寸,16吉字节内存,白色,16*1*1,1,AM62A,莎拉,出库,30075,拣货
CaWE12SlBl,黑色 品牌02 1200 文件柜（滑动式）,文件柜,品牌02,1200,滑动式,黑色,8*1*1,8,DV25D,大卫,出库,30090,拣货
OfSESLeGr,灰色 品牌08 小号 办公椅（皮革）,办公椅,品牌08,小号,皮革,灰色,16*1*1,16,DN11E,大卫,出库,30019,拣货
TVGn75FHGr,灰色 品牌30 75英寸 电视机（全高清）,电视机,品牌30,75英寸,全高清,灰色,8*1*1,6,AU35C,艾米丽,出库,30096,拣货
PrSoA4LaBl,黑色 品牌25 四号纸 打印机（激光）,打印机,品牌25,四号纸,激光,黑色,16*1*1,16,BR05E,克里斯,出库,30072,拣货
DrTE90LoBe,米色 品牌04 900 抽屉柜（储物锁柜）,抽屉柜,品牌04,900,储物锁柜,米色,8*1*1,2,BW87E,约翰,出库,30046,拣货
SPNa50SoPi,粉色 品牌23 50 触控笔（可溶性）,触控笔,品牌23,50,可溶性,粉色,48*10*5,365,DH14H,大卫,出库,30003,拣货
TVEs75SFWh,白色 品牌32 75英寸 电视机（超级全高清）,电视机,品牌32,75英寸,超级全高清,白色,8*1*1,6,AP89B,莎拉,出库,30008,拣货
GaXEMLeWh,白色 品牌06 中号 游戏椅（皮革）,游戏椅,品牌06,中号,皮革,白色,16*1*1,16,BS72G,简,出库,30028,拣货
MoRe35MeWh,白色 品牌10 350 鼠标（机械式）,鼠标,品牌10,350,机械式,白色,16*10*1,160,AO94G,大卫,出库,30001,拣货
CuQE12LoBe,米色 品牌01 1200 储物柜（储物锁柜）,储物柜,品牌01,1200,储物锁柜,米色,8*1*1,8,AM34C,艾米丽,出库,30038,拣货
LaSu15i5Wh,白色 品牌11 15英寸 笔记本电脑（第5代处理器）,笔记本电脑,品牌11,15英寸,第5代处理器,白色,16*1*1,16,BY84E,亚历克斯,出库,30000,拣货
TVYn65S4Si,银色 品牌15 65英寸 电视机（超级超高清）,电视机,品牌15,65英寸,超级超高清,银色,8*1*1,8,CM33C,简,出库,30039,拣货
KeSu35WiBl,黑色 品牌11 350 键盘（有线）,键盘,品牌11,350,有线,黑色,16*10*1,3,BW64A,克里斯,出库,30011,拣货
TVGL50S4Gr,灰色 品牌31 50英寸 电视机（超级超高清）,电视机,品牌31,50英寸,超级超高清,灰色,8*1*1,3,DZ27C,约翰,出库,30049,拣货
AlRe1732Wh,白色 品牌14 17英寸 一体机（32吉字节内存）,一体机,品牌14,17英寸,32吉字节内存,白色,16*1*1,16,CI05G,迈克,出库,30047,拣货
KeHc27BlBl,黑色 品牌09 270 键盘（蓝牙）,键盘,品牌09,270,蓝牙,黑色,16*10*1,50,AX30B,劳拉,出库,30089,拣货
AlYn17i5Si,银色 品牌15 17英寸 一体机（第5代处理器）,一体机,品牌15,17英寸,第5代处理器,银色,16*1*1,16,BP90A,艾米,出库,30073,拣货
TVEs504KSi,银色 品牌32 50英寸 电视机（超高清）,电视机,品牌32,50英寸,超高清,银色,8*1*1,7,BU29C,约翰,出库,30024,拣货
DrTE90SlBe,米色 品牌04 900 抽屉柜（滑动式）,抽屉柜,品牌04,900,滑动式,米色,8*1*1,8,DL80C,劳拉,出库,30015,拣货
KeRe45ErBl,黑色 品牌10 450 键盘（人体工学）,键盘,品牌10,450,人体工学,黑色,16*10*1,160,CI94G,亚历克斯,出库,30011,拣货
SPAl12HePi,粉色 品牌20 12 触控笔（六角形）,触控笔,品牌20,12,六角形,粉色,48*10*5,2400,BQ20A,迈克,出库,30027,拣货
NoGrA3doSi,银色 品牌18 三号纸 笔记本（点阵）,笔记本,品牌18,三号纸,点阵,银色,48*10*5,2400,AO31F,劳拉,出库,30050,拣货
AlSu17i5Si,银色 品牌11 17英寸 一体机（第5代处理器）,一体机,品牌11,17英寸,第5代处理器,银色,16*1*1,16,BQ76D,约翰,出库,30055,拣货
SPGi24HeWh,白色 品牌21 24 触控笔（六角形）,触控笔,品牌21,24,六角形,白色,48*10*5,2400,BY19C,迈克,出库,30050,拣货
AlRe15i5Gr,灰色 品牌14 15英寸 一体机（第5代处理器）,一体机,品牌14,15英寸,第5代处理器,灰色,16*1*1,16,AS77A,亚历克斯,出库,30006,拣货
CaQE90LoGr,灰色 品牌01 900 文件柜（储物锁柜）,文件柜,品牌01,900,储物锁柜,灰色,8*1*1,8,BO76H,大卫,出库,30019,拣货
PrReA4AlGr,灰色 品牌24 四号纸 打印机（一体式）,打印机,品牌24,四号纸,一体式,灰色,16*1*1,16,AQ95C,艾米丽,出库,30025,拣货
PrReA3MoWh,白色 品牌24 三号纸 打印机（黑白）,打印机,品牌24,三号纸,黑白,白色,16*1*1,16,AO63F,克里斯,出库,30048,拣货
CaQE90SlWh,白色 品牌01 900 文件柜（滑动式）,文件柜,品牌01,900,滑动式,白色,8*1*1,8,DW70E,亚历克斯,出库,30023,拣货
TVYn32SFGr,灰色 品牌15 32英寸 电视机（超级全高清）,电视机,品牌15,32英寸,超级全高清,灰色,8*1*1,2,AV32A,迈克,出库,30046,拣货
OfAESErWh,白色 品牌05 小号 办公椅（人体工学）,办公椅,品牌05,小号,人体工学,白色,16*1*1,16,BR97D,艾米丽,出库,30016,拣货
TVGn50SFSi,银色 品牌30 50英寸 电视机（超级全高清）,电视机,品牌30,50英寸,超级全高清,银色,8*1*1,8,BY19G,亚历克斯,出库,30082,拣货
LaRe17i7Bl,黑色 品牌14 17英寸 笔记本电脑（第7代处理器）,笔记本电脑,品牌14,17英寸,第7代处理器,黑色,16*1*1,16,DY95C,亚历克斯,出库,30089,拣货
MoSu45BlWh,白色 品牌11 450 鼠标（蓝牙）,鼠标,品牌11,450,蓝牙,白色,16*10*1,81,DT81B,迈克,出库,30039,拣货
OfOGSLeWh,白色 品牌07 小号 办公椅（皮革）,办公椅,品牌07,小号,皮革,白色,16*1*1,10,CP09C,迈克,出库,30028,拣货
PrPHA4LaBl,黑色 品牌12 四号纸 打印机（激光）,打印机,品牌12,四号纸,激光,黑色,16*1*1,6,DY50E,亚历克斯,出库,30005,拣货
TVYn50SFGr,灰色 品牌15 50英寸 电视机（超级全高清）,电视机,品牌15,50英寸,超级全高清,灰色,8*1*1,8,BZ48E,莎拉,出库,30097,拣货
CuQE18LoBe,米色 品牌01 1800 储物柜（储物锁柜）,储物柜,品牌01,1800,储物锁柜,米色,8*1*1,8,DF21D,艾米,出库,30051,拣货
DrWE18DoBe,米色 品牌02 1800 抽屉柜（带门式）,抽屉柜,品牌02,1800,带门式,米色,8*1*1,8,DX84A,约翰,出库,30049,拣货
LaOv14i7Si,银色 品牌13 14英寸 笔记本电脑（第7代处理器）,笔记本电脑,品牌13,14英寸,第7代处理器,银色,16*1*1,16,AR31A,亚历克斯,出库,30084,拣货
PrReA3WiBl,黑色 品牌24 三号纸 打印机（无线网络）,打印机,品牌24,三号纸,无线网络,黑色,16*1*1,16,DH85F,艾米,出库,30016,拣货
KePH27WiNa,藏青色 品牌12 270 键盘（有线）,键盘,品牌12,270,有线,藏青色,16*10*1,160,AJ75F,艾米丽,出库,30099,拣货
CaRG12FiBe,米色 品牌03 1200 文件柜（文件收纳）,文件柜,品牌03,1200,文件收纳,米色,8*1*1,8,AJ06G,大卫,出库,30088,拣货
TVYn75S4Gr,灰色 品牌15 75英寸 电视机（超级超高清）,电视机,品牌15,75英寸,超级超高清,灰色,8*1*1,8,BY61A,简,出库,30012,拣货
CaQE18DoBe,米色 品牌01 1800 文件柜（带门式）,文件柜,品牌01,1800,带门式,米色,8*1*1,2,BT71C,大卫,出库,30061,拣货
NoGrA3ruSi,银色 品牌18 三号纸 笔记本（横线）,笔记本,品牌18,三号纸,横线,银色,48*10*5,2400,DV83G,劳拉,出库,30051,拣货
TaTR10FrGr,灰色 品牌29 1000 桌子（框架式）,桌子,品牌29,1000,框架式,灰色,8*1*1,8,BS32E,大卫,出库,30096,拣货
TVEs65S4Wh,白色 品牌32 65英寸 电视机（超级超高清）,电视机,品牌32,65英寸,超级超高清,白色,8*1*1,8,DW05D,约翰,出库,30046,拣货
TaCI15AuGr,灰色 品牌27 1500 桌子（自动调节）,桌子,品牌27,1500,自动调节,灰色,8*1*1,1,DQ37A,迈克,出库,30036,拣货
TaAE10AdBl,黑色 品牌05 1000 桌子（可调节）,桌子,品牌05,1000,可调节,黑色,8*1*1,4,AY55G,艾米丽,出库,30098,拣货
AlYn178GWh,白色 品牌15 17英寸 一体机（8吉字节内存）,一体机,品牌15,17英寸,8吉字节内存,白色,16*1*1,16,CZ50A,艾米丽,出库,30059,拣货
MoRe35WiBl,黑色 品牌10 350 鼠标（有线）,鼠标,品牌10,350,有线,黑色,16*10*1,99,CQ31B,莎拉,出库,30017,拣货
PrReA3MoWh,白色 品牌24 三号纸 打印机（黑白）,打印机,品牌24,三号纸,黑白,白色,16*1*1,16,BU18B,简,出库,30002,拣货
TaAE10FrSi,银色 品牌05 1000 桌子（框架式）,桌子,品牌05,1000,框架式,银色,8*1*1,8,BG98A,约翰,出库,30071,拣货
OfSELErWh,白色 品牌08 大号 办公椅（人体工学）,办公椅,品牌08,大号,人体工学,白色,16*1*1,1,BS52E,大卫,出库,30095,拣货
DrRG18SlWh,白色 品牌03 1800 抽屉柜（滑动式）,抽屉柜,品牌03,1800,滑动式,白色,8*1*1,8,DU60A,艾米,出库,30054,拣货
PeNa50HePi,粉色 品牌23 50 铅笔（六角形）,铅笔,品牌23,50,六角形,粉色,48*10*5,2057,BJ25H,大卫,出库,30041,拣货
PrNoA3MoBl,黑色 品牌26 三号纸 打印机（黑白）,打印机,品牌26,三号纸,黑白,黑色,16*1*1,16,AH14B,艾米,出库,30045,拣货
GaSEMAdPi,粉色 品牌08 中号 游戏椅（可调节）,游戏椅,品牌08,中号,可调节,粉色,16*1*1,16,CT35A,劳拉,出库,30075,拣货
CuTE12DoBl,黑色 品牌04 1200 储物柜（带门式）,储物柜,品牌04,1200,带门式,黑色,8*1*1,8,CM96F,莎拉,出库,30069,拣货
CaTE90LoBl,黑色 品牌04 900 文件柜（储物锁柜）,文件柜,品牌04,900,储物锁柜,黑色,8*1*1,8,CW08E,莎拉,出库,30096,拣货
CaWE18FiBl,黑色 品牌02 1800 文件柜（文件收纳）,文件柜,品牌02,1800,文件收纳,黑色,8*1*1,8,DN98G,劳拉,出库,30064,拣货
AlRe1516Si,银色 品牌14 15英寸 一体机（16吉字节内存）,一体机,品牌14,15英寸,16吉字节内存,银色,16*1*1,12,DY63G,亚历克斯,出库,30087,拣货
CaTE18LoBe,米色 品牌04 1800 文件柜（储物锁柜）,文件柜,品牌04,1800,储物锁柜,米色,8*1*1,7,CH02D,大卫,出库,30047,拣货
MoRe45MeWh,白色 品牌10 450 鼠标（机械式）,鼠标,品牌10,450,机械式,白色,16*10*1,66,BG64A,简,出库,30099,拣货
CuWE90FiBe,米色 品牌02 900 储物柜（文件收纳）,储物柜,品牌02,900,文件收纳,米色,8*1*1,8,DS24G,克里斯,出库,30096,拣货
TaTR15AdGr,灰色 品牌28 1500 桌子（可调节）,桌子,品牌28,1500,可调节,灰色,8*1*1,8,CY20E,艾米丽,出库,30065,拣货
CuRG18FiBl,黑色 品牌03 1800 储物柜（文件收纳）,储物柜,品牌03,1800,文件收纳,黑色,8*1*1,3,DP88F,约翰,出库,30015,拣货
CaTE18SlBl,黑色 品牌04 1800 文件柜（滑动式）,文件柜,品牌04,1800,滑动式,黑色,8*1*1,8,DK92E,劳拉,出库,30082,拣货
GaXELHeBl,黑色 品牌06 大号 游戏椅（头枕）,游戏椅,品牌06,大号,头枕,黑色,16*1*1,10,AG94G,艾米,出库,30083,拣货
CaRG90DoBl,黑色 品牌03 900 文件柜（带门式）,文件柜,品牌03,900,带门式,黑色,8*1*1,8,AG33H,简,出库,30021,拣货
TVYn50FHBl,黑色 品牌15 50英寸 电视机（全高清）,电视机,品牌15,50英寸,全高清,黑色,8*1*1,8,AV67B,约翰,出库,30003,拣货
CaTE12DoBl,黑色 品牌04 1200 文件柜（带门式）,文件柜,品牌04,1200,带门式,黑色,8*1*1,4,BT29F,艾米丽,出库,30058,拣货
KeRe35MeWh,白色 品牌10 350 键盘（机械式）,键盘,品牌10,350,机械式,白色,16*10*1,10,BJ75B,艾米丽,出库,30080,拣货
OfOGLAdWh,白色 品牌07 大号 办公椅（可调节）,办公椅,品牌07,大号,可调节,白色,16*1*1,16,CI82F,约翰,出库,30091,拣货
MoRe45WiWh,白色 品牌10 450 鼠标（有线）,鼠标,品牌10,450,有线,白色,16*10*1,43,DI70C,劳拉,出库,30026,拣货
AlPH14i7Wh,白色 品牌12 14英寸 一体机（第7代处理器）,一体机,品牌12,14英寸,第7代处理器,白色,16*1*1,16,AL93C,简,出库,30029,拣货
GaOGMHePi,粉色 品牌07 中号 游戏椅（头枕）,游戏椅,品牌07,中号,头枕,粉色,16*1*1,16,BH45F,劳拉,出库,30079,拣货
DrRG18FiBl,黑色 品牌03 1800 抽屉柜（文件收纳）,抽屉柜,品牌03,1800,文件收纳,黑色,8*1*1,2,CJ20E,劳拉,出库,30018,拣货
OfOGLErPi,粉色 品牌07 大号 办公椅（人体工学）,办公椅,品牌07,大号,人体工学,粉色,16*1*1,16,DY65D,艾米,出库,30001,拣货
PrSoA3WiGr,灰色 品牌25 三号纸 打印机（无线网络）,打印机,品牌25,三号纸,无线网络,灰色,16*1*1,16,DY23H,莎拉,出库,30062,拣货
GaSEMHePi,粉色 品牌08 中号 游戏椅（头枕）,游戏椅,品牌08,中号,头枕,粉色,16*1*1,16,BW45C,艾米,出库,30035,拣货
KeRe45BlWh,白色 品牌10 450 键盘（蓝牙）,键盘,品牌10,450,蓝牙,白色,16*10*1,160,CK40C,克里斯,出库,30093,拣货
LaPH1732Wh,白色 品牌12 17英寸 笔记本电脑（32吉字节内存）,笔记本电脑,品牌12,17英寸,32吉字节内存,白色,16*1*1,16,BN49B,克里斯,出库,30011,拣货
NoExA5doGr,灰色 品牌16 五号纸 笔记本（点阵）,笔记本,品牌16,五号纸,点阵,灰色,48*10*5,2400,DZ32F,大卫,出库,30084,拣货
PrSoA2InWh,白色 品牌25 二号纸 打印机（喷墨）,打印机,品牌25,二号纸,喷墨,白色,16*1*1,16,BO53A,约翰,出库,30053,拣货
LaPH17i5Si,银色 品牌12 17英寸 笔记本电脑（第5代处理器）,笔记本电脑,品牌12,17英寸,第5代处理器,银色,16*1*1,13,BO75H,约翰,出库,30091,拣货
AlRe158GWh,白色 品牌14 15英寸 一体机（8吉字节内存）,一体机,品牌14,15英寸,8吉字节内存,白色,16*1*1,16,DR37D,迈克,出库,30042,拣货
PeNa12SoGr,灰色 品牌23 12 铅笔（可溶性）,铅笔,品牌23,12,可溶性,灰色,48*10*5,2400,AL83A,莎拉,出库,30091,拣货
TaTR15WoGr,灰色 品牌28 1500 桌子（工作站）,桌子,品牌28,1500,工作站,灰色,8*1*1,8,DM12E,艾米,出库,30032,拣货
LaYn14i5Bl,黑色 品牌15 14英寸 笔记本电脑（第5代处理器）,笔记本电脑,品牌15,14英寸,第5代处理器,黑色,16*1*1,16,DP49G,约翰,出库,30038,拣货
PrNoA3InBl,黑色 品牌26 三号纸 打印机（喷墨）,打印机,品牌26,三号纸,喷墨,黑色,16*1*1,16,DK22G,迈克,出库,30012,拣货
NoExA5doSi,银色 品牌16 五号纸 笔记本（点阵）,笔记本,品牌16,五号纸,点阵,银色,48*10*5,2400,AV36E,约翰,出库,30025,拣货
AlRe148GWh,白色 品牌14 14英寸 一体机（8吉字节内存）,一体机,品牌14,14英寸,8吉字节内存,白色,16*1*1,16,DI93E,迈克,出库,30022,拣货
CaQE90FiWh,白色 品牌01 900 文件柜（文件收纳）,文件柜,品牌01,900,文件收纳,白色,8*1*1,8,BQ19F,约翰,出库,30089,拣货
TaCI18FrBl,黑色 品牌27 1800 桌子（框架式）,桌子,品牌27,1800,框架式,黑色,8*1*1,8,AR59D,大卫,出库,30060,拣货
DrRG90LoGr,灰色 品牌03 900 抽屉柜（储物锁柜）,抽屉柜,品牌03,900,储物锁柜,灰色,8*1*1,8,CK40D,大卫,出库,30050,拣货
GaSESLePi,粉色 品牌08 小号 游戏椅（皮革）,游戏椅,品牌08,小号,皮革,粉色,16*1*1,3,AS81D,简,出库,30061,拣货
NoScA4ruWh,白色 品牌17 四号纸 笔记本（横线）,笔记本,品牌17,四号纸,横线,白色,48*10*5,2400,DY49D,艾米丽,出库,30081,拣货
DrQE90LoBe,米色 品牌01 900 抽屉柜（储物锁柜）,抽屉柜,品牌01,900,储物锁柜,米色,8*1*1,8,CO43D,简,出库,30094,拣货
CuRG90SlGr,灰色 品牌03 900 储物柜（滑动式）,储物柜,品牌03,900,滑动式,灰色,8*1*1,8,DT72H,大卫,出库,30081,拣货
NoExA5doSi,银色 品牌16 五号纸 笔记本（点阵）,笔记本,品牌16,五号纸,点阵,银色,48*10*5,2400,DQ74B,迈克,出库,30083,拣货
TVEs424KWh,白色 品牌32 42英寸 电视机（超高清）,电视机,品牌32,42英寸,超高清,白色,8*1*1,5,CU30E,约翰,出库,30050,拣货
TaAE10FrGr,灰色 品牌05 1000 桌子（框架式）,桌子,品牌05,1000,框架式,灰色,8*1*1,8,DF14F,艾米丽,出库,30054,拣货
KeHc45BlNa,藏青色 品牌09 450 键盘（蓝牙）,键盘,品牌09,450,蓝牙,藏青色,16*10*1,160,CR09B,克里斯,出库,30057,拣货
TVGL424KSi,银色 品牌31 42英寸 电视机（超高清）,电视机,品牌31,42英寸,超高清,银色,8*1*1,2,DW29F,艾米,出库,30078,拣货
MoPH35BlNa,藏青色 品牌12 350 鼠标（蓝牙）,鼠标,品牌12,350,蓝牙,藏青色,16*10*1,131,AX46A,艾米丽,出库,30021,拣货
PrNoA4MoGr,灰色 品牌26 四号纸 打印机（黑白）,打印机,品牌26,四号纸,黑白,灰色,16*1*1,16,BK97B,艾米,出库,30047,拣货
GaXELLeBl,黑色 品牌06 大号 游戏椅（皮革）,游戏椅,品牌06,大号,皮革,黑色,16*1*1,3,AS32D,艾米,出库,30038,拣货
SPGi24HeWh,白色 品牌21 24 触控笔（六角形）,触控笔,品牌21,24,六角形,白色,48*10*5,2400,DP11E,劳拉,出库,30095,拣货
LaRe14i7Gr,灰色 品牌14 14英寸 笔记本电脑（第7代处理器）,笔记本电脑,品牌14,14英寸,第7代处理器,灰色,16*1*1,16,CM92H,迈克,出库,30024,拣货
TVGn32SFSi,银色 品牌30 32英寸 电视机（超级全高清）,电视机,品牌30,32英寸,超级全高清,银色,8*1*1,8,CY31H,艾米,出库,30088,拣货
GaSELErPi,粉色 品牌08 大号 游戏椅（人体工学）,游戏椅,品牌08,大号,人体工学,粉色,16*1*1,16,AM04H,克里斯,出库,30058,拣货
NoGrA4ruWh,白色 品牌18 四号纸 笔记本（横线）,笔记本,品牌18,四号纸,横线,白色,48*10*5,704,DS02A,莎拉,出库,30092,拣货
LaOv158GGr,灰色 品牌13 15英寸 笔记本电脑（8吉字节内存）,笔记本电脑,品牌13,15英寸,8吉字节内存,灰色,16*1*1,12,CK94F,艾米,出库,30029,拣货
KeHc35WiPi,粉色 品牌09 350 键盘（有线）,键盘,品牌09,350,有线,粉色,16*10*1,160,DQ02A,迈克,出库,30021,拣货
LaYn1516Wh,白色 品牌15 15英寸 笔记本电脑（16吉字节内存）,笔记本电脑,品牌15,15英寸,16吉字节内存,白色,16*1*1,16,BT84F,简,出库,30010,拣货
DrWE12FiBe,米色 品牌02 1200 抽屉柜（文件收纳）,抽屉柜,品牌02,1200,文件收纳,米色,8*1*1,8,DP46F,克里斯,出库,30087,拣货
NoGrA5liBl,黑色 品牌18 五号纸 笔记本（线条）,笔记本,品牌18,五号纸,线条,黑色,48*10*5,1429,AX80A,艾米丽,出库,30083,拣货
LaOv14i5Wh,白色 品牌13 14英寸 笔记本电脑（第5代处理器）,笔记本电脑,品牌13,14英寸,第5代处理器,白色,16*1*1,16,DX06D,迈克,出库,30022,拣货
DrRG12LoBl,黑色 品牌03 1200 抽屉柜（储物锁柜）,抽屉柜,品牌03,1200,储物锁柜,黑色,8*1*1,8,AZ08H,大卫,出库,30053,拣货
AlYn1516Wh,白色 品牌15 15英寸 一体机（16吉字节内存）,一体机,品牌15,15英寸,16吉字节内存,白色,16*1*1,12,CO94G,艾米,出库,30019,拣货
KeHc27MeBl,黑色 品牌09 270 键盘（机械式）,键盘,品牌09,270,机械式,黑色,16*10*1,160,DR62E,简,出库,30097,拣货
TVYn504KBl,黑色 品牌15 50英寸 电视机（超高清）,电视机,品牌15,50英寸,超高清,黑色,8*1*1,2,CZ78G,莎拉,出库,30015,拣货
KeHc45BlBl,黑色 品牌09 450 键盘（蓝牙）,键盘,品牌09,450,蓝牙,黑色,16*10*1,160,BF86D,莎拉,出库,30089,拣货
PeNa50WaPi,粉色 品牌23 50 铅笔（水彩）,铅笔,品牌23,50,水彩,粉色,48*10*5,2400,CW67A,简,出库,30054,拣货
KeRe35MeBl,黑色 品牌10 350 键盘（机械式）,键盘,品牌10,350,机械式,黑色,16*10*1,17,AZ44F,艾米丽,出库,30019,拣货
GaXELErWh,白色 品牌06 大号 游戏椅（人体工学）,游戏椅,品牌06,大号,人体工学,白色,16*1*1,16,BH86H,劳拉,出库,30003,拣货
MoRe45WiBl,黑色 品牌10 450 鼠标（有线）,鼠标,品牌10,450,有线,黑色,16*10*1,103,BL79C,亚历克斯,出库,30082,拣货
AlRe15i5Wh,白色 品牌14 15英寸 一体机（第5代处理器）,一体机,品牌14,15英寸,第5代处理器,白色,16*1*1,16,BF82D,劳拉,出库,30011,拣货
SPGi24WaBl,黑色 品牌21 24 触控笔（水彩）,触控笔,品牌21,24,水彩,黑色,48*10*5,2400,BV88F,艾米,出库,30032,拣货
TaTR18WoSi,银色 品牌28 1800 桌子（工作站）,桌子,品牌28,1800,工作站,银色,8*1*1,8,CY93C,大卫,出库,30010,拣货
DrQE18DoWh,白色 品牌01 1800 抽屉柜（带门式）,抽屉柜,品牌01,1800,带门式,白色,8*1*1,3,BP98A,迈克,出库,30092,拣货
LaSu14i7Gr,灰色 品牌11 14英寸 笔记本电脑（第7代处理器）,笔记本电脑,品牌11,14英寸,第7代处理器,灰色,16*1*1,3,CU54H,简,出库,30044,拣货
PeAl12HeWh,白色 品牌20 12 铅笔（六角形）,铅笔,品牌20,12,六角形,白色,48*10*5,2400,DN79A,艾米丽,出库,30036,拣货
CaWE18LoBl,黑色 品牌02 1800 文件柜（储物锁柜）,文件柜,品牌02,1800,储物锁柜,黑色,8*1*1,8,BY63C,迈克,出库,30080,拣货
CuRG18LoWh,白色 品牌03 1800 储物柜（储物锁柜）,储物柜,品牌03,1800,储物锁柜,白色,8*1*1,6,BN84C,劳拉,出库,30082,拣货
NoScA3doWh,白色 品牌17 三号纸 笔记本（点阵）,笔记本,品牌17,三号纸,点阵,白色,48*10*5,2400,CL66C,亚历克斯,出库,30029,拣货
MoPH35BlPi,粉色 品牌12 350 鼠标（蓝牙）,鼠标,品牌12,350,蓝牙,粉色,16*10*1,160,BS74F,克里斯,出库,30053,拣货
PeRe50HeGr,灰色 品牌22 50 铅笔（六角形）,铅笔,品牌22,50,六角形,灰色,48*10*5,2400,CZ48C,约翰,出库,30054,拣货
AlRe148GGr,灰色 品牌14 14英寸 一体机（8吉字节内存）,一体机,品牌14,14英寸,8吉字节内存,灰色,16*1*1,10,CS91D,艾米,出库,30001,拣货
TaTR18WoGr,灰色 品牌29 1800 桌子（工作站）,桌子,品牌29,1800,工作站,灰色,8*1*1,4,BJ79B,约翰,出库,30030,拣货
GaSELHeWh,白色 品牌08 大号 游戏椅（头枕）,游戏椅,品牌08,大号,头枕,白色,16*1*1,13,BJ71C,克里斯,出库,30017,拣货
TVGL75S4Si,银色 品牌31 75英寸 电视机（超级超高清）,电视机,品牌31,75英寸,超级超高清,银色,8*1*1,8,CM07E,大卫,出库,30008,拣货
TVGn65FHSi,银色 品牌30 65英寸 电视机（全高清）,电视机,品牌30,65英寸,全高清,银色,8*1*1,2,DM91H,莎拉,出库,30077,拣货
TVGL42FHBl,黑色 品牌31 42英寸 电视机（全高清）,电视机,品牌31,42英寸,全高清,黑色,8*1*1,4,DJ47B,克里斯,出库,30062,拣货
KeHc27ErNa,藏青色 品牌09 270 键盘（人体工学）,键盘,品牌09,270,人体工学,藏青色,16*10*1,160,CH19C,迈克,出库,30079,拣货
PrSoA3LaMi,混合色 品牌25 三号纸 打印机（激光）,打印机,品牌25,三号纸,激光,混合色,16*1*1,16,CP05H,迈克,出库,30004,拣货
KePH35BlBl,黑色 品牌12 350 键盘（蓝牙）,键盘,品牌12,350,蓝牙,黑色,16*10*1,160,BS74B,约翰,出库,30094,拣货
LaSu1416Wh,白色 品牌11 14英寸 笔记本电脑（16吉字节内存）,笔记本电脑,品牌11,14英寸,16吉字节内存,白色,16*1*1,16,AU46B,大卫,出库,30031,拣货
MoPH35BlPi,粉色 品牌12 350 鼠标（蓝牙）,鼠标,品牌12,350,蓝牙,粉色,16*10*1,160,BH08D,莎拉,出库,30085,拣货
GaSESErBl,黑色 品牌08 小号 游戏椅（人体工学）,游戏椅,品牌08,小号,人体工学,黑色,16*1*1,8,DF02C,莎拉,出库,30081,拣货
TVEs654KSi,银色 品牌32 65英寸 电视机（超高清）,电视机,品牌32,65英寸,超高清,银色,8*1*1,8,AL70H,迈克,出库,30047,拣货
PrSoA2MoBl,黑色 品牌25 二号纸 打印机（黑白）,打印机,品牌25,二号纸,黑白,黑色,16*1*1,16,BX64B,艾米,出库,30056,拣货
PrPHA3WiMi,混合色 品牌12 三号纸 打印机（无线网络）,打印机,品牌12,三号纸,无线网络,混合色,16*1*1,7,CH11D,大卫,出库,30033,拣货
LaOv14i7Gr,灰色 品牌13 14英寸 笔记本电脑（第7代处理器）,笔记本电脑,品牌13,14英寸,第7代处理器,灰色,16*1*1,16,AV23D,简,出库,30099,拣货
TVEs424KWh,白色 品牌32 42英寸 电视机（超高清）,电视机,品牌32,42英寸,超高清,白色,8*1*1,8,BL56B,劳拉,出库,30082,拣货
TaCI10AuWh,白色 品牌27 1000 桌子（自动调节）,桌子,品牌27,1000,自动调节,白色,8*1*1,8,DN61B,克里斯,出库,30043,拣货
TaTR18AdBl,黑色 品牌29 1800 桌子（可调节）,桌子,品牌29,1800,可调节,黑色,8*1*1,8,BU15F,大卫,出库,30093,拣货
MoHc45WiBl,黑色 品牌09 450 鼠标（有线）,鼠标,品牌09,450,有线,黑色,16*10*1,160,BF53E,大卫,出库,30062,拣货
TaTR15AdGr,灰色 品牌28 1500 桌子（可调节）,桌子,品牌28,1500,可调节,灰色,8*1*1,2,DF63C,大卫,出库,30023,拣货
CaWE12DoGr,灰色 品牌02 1200 文件柜（带门式）,文件柜,品牌02,1200,带门式,灰色,8*1*1,8,BS47H,莎拉,出库,30064,拣货
NoGrA5doBl,黑色 品牌18 五号纸 笔记本（点阵）,笔记本,品牌18,五号纸,点阵,黑色,48*10*5,862,BV66E,克里斯,出库,30074,拣货
AlPH1416Bl,黑色 品牌12 14英寸 一体机（16吉字节内存）,一体机,品牌12,14英寸,16吉字节内存,黑色,16*1*1,16,DS90C,劳拉,出库,30097,拣货
GaSEMAdPi,粉色 品牌08 中号 游戏椅（可调节）,游戏椅,品牌08,中号,可调节,粉色,16*1*1,3,AN12F,亚历克斯,出库,30014,拣货
OfXELLeGr,灰色 品牌06 大号 办公椅（皮革）,办公椅,品牌06,大号,皮革,灰色,16*1*1,13,CV36F,约翰,出库,30090,拣货
MoHc27WiWh,白色 品牌09 270 鼠标（有线）,鼠标,品牌09,270,有线,白色,16*10*1,160,DY56A,艾米,出库,30043,拣货
LaPH1732Wh,白色 品牌12 17英寸 笔记本电脑（32吉字节内存）,笔记本电脑,品牌12,17英寸,32吉字节内存,白色,16*1*1,16,DP84B,莎拉,出库,30075,拣货
LaYn1516Wh,白色 品牌15 15英寸 笔记本电脑（16吉字节内存）,笔记本电脑,品牌15,15英寸,16吉字节内存,白色,16*1*1,10,CO37D,约翰,出库,30056,拣货
LaYn15i5Bl,黑色 品牌15 15英寸 笔记本电脑（第5代处理器）,笔记本电脑,品牌15,15英寸,第5代处理器,黑色,16*1*1,5,AW40H,约翰,出库,30033,拣货
PrSoA3AlMi,混合色 品牌25 三号纸 打印机（一体式）,打印机,品牌25,三号纸,一体式,混合色,16*1*1,16,CH23D,克里斯,出库,30076,拣货
PrPHA2InWh,白色 品牌12 二号纸 打印机（喷墨）,打印机,品牌12,二号纸,喷墨,白色,16*1*1,1,AT39D,大卫,出库,30052,拣货
NoMuA3ruBl,黑色 品牌19 三号纸 笔记本（横线）,笔记本,品牌19,三号纸,横线,黑色,48*10*5,1706,AZ35D,约翰,出库,30066,拣货
TVGn75SFGr,灰色 品牌30 75英寸 电视机（超级全高清）,电视机,品牌30,75英寸,超级全高清,灰色,8*1*1,8,BM33F,约翰,出库,30084,拣货
TaCI10FrBl,黑色 品牌27 1000 桌子（框架式）,桌子,品牌27,1000,框架式,黑色,8*1*1,8,BJ72H,劳拉,出库,30048,拣货
LaRe1516Bl,黑色 品牌14 15英寸 笔记本电脑（16吉字节内存）,笔记本电脑,品牌14,15英寸,16吉字节内存,黑色,16*1*1,9,BM11H,大卫,出库,30055,拣货
NoMuA3ruWh,白色 品牌19 三号纸 笔记本（横线）,笔记本,品牌19,三号纸,横线,白色,48*10*5,2400,AJ33E,约翰,出库,30047,拣货
PrPHA3AlGr,灰色 品牌12 三号纸 打印机（一体式）,打印机,品牌12,三号纸,一体式,灰色,16*1*1,9,CU34G,迈克,出库,30095,拣货
AlOv1532Wh,白色 品牌13 15英寸 一体机（32吉字节内存）,一体机,品牌13,15英寸,32吉字节内存,白色,16*1*1,5,CM67E,简,出库,30024,拣货
SPNa24SoPi,粉色 品牌23 24 触控笔（可溶性）,触控笔,品牌23,24,可溶性,粉色,48*10*5,2210,BF09C,劳拉,出库,30057,拣货
OfOGMAdPi,粉色 品牌07 中号 办公椅（可调节）,办公椅,品牌07,中号,可调节,粉色,16*1*1,16,AZ01A,莎拉,出库,30027,拣货
TVGn32S4Si,银色 品牌30 32英寸 电视机（超级超高清）,电视机,品牌30,32英寸,超级超高清,银色,8*1*1,8,BT65E,艾米丽,出库,30029,拣货
LaYn158GSi,银色 品牌15 15英寸 笔记本电脑（8吉字节内存）,笔记本电脑,品牌15,15英寸,8吉字节内存,银色,16*1*1,16,BV54H,莎拉,出库,30087,拣货
LaYn1532Wh,白色 品牌15 15英寸 笔记本电脑（32吉字节内存）,笔记本电脑,品牌15,15英寸,32吉字节内存,白色,16*1*1,16,DZ50D,大卫,出库,30006,拣货
MoHc27BlBl,黑色 品牌09 270 鼠标（蓝牙）,鼠标,品牌09,270,蓝牙,黑色,16*10*1,160,BW90E,简,出库,30005,拣货
PrReA3InGr,灰色 品牌24 三号纸 打印机（喷墨）,打印机,品牌24,三号纸,喷墨,灰色,16*1*1,16,CT63G,莎拉,出库,30014,拣货
TaTR18WoGr,灰色 品牌28 1800 桌子（工作站）,桌子,品牌28,1800,工作站,灰色,8*1*1,8,DK83G,亚历克斯,出库,30068,拣货
SPRe12SoBl,黑色 品牌22 12 触控笔（可溶性）,触控笔,品牌22,12,可溶性,黑色,48*10*5,2400,AY81C,简,出库,30012,拣货
SPRe50SoPi,粉色 品牌22 50 触控笔（可溶性）,触控笔,品牌22,50,可溶性,粉色,48*10*5,1513,BR27D,克里斯,出库,30059,拣货
KeRe35WiNa,藏青色 品牌10 350 键盘（有线）,键盘,品牌10,350,有线,藏青色,16*10*1,10,CI73C,艾米丽,出库,30073,拣货
NoMuA3doSi,银色 品牌19 三号纸 笔记本（点阵）,笔记本,品牌19,三号纸,点阵,银色,48*10*5,2021,BR75A,亚历克斯,出库,30024,拣货
LaOv1732Si,银色 品牌13 17英寸 笔记本电脑（32吉字节内存）,笔记本电脑,品牌13,17英寸,32吉字节内存,银色,16*1*1,16,AU49G,莎拉,出库,30019,拣货
TVYn65FHGr,灰色 品牌15 65英寸 电视机（全高清）,电视机,品牌15,65英寸,全高清,灰色,8*1*1,1,BQ44G,简,出库,30059,拣货
DrTE18DoBl,黑色 品牌04 1800 抽屉柜（带门式）,抽屉柜,品牌04,1800,带门式,黑色,8*1*1,2,CJ91C,约翰,出库,30052,拣货
LaRe17i7Bl,黑色 品牌14 17英寸 笔记本电脑（第7代处理器）,笔记本电脑,品牌14,17英寸,第7代处理器,黑色,16*1*1,9,AG70H,迈克,出库,30093,拣货
GaOGMHeWh,白色 品牌07 中号 游戏椅（头枕）,游戏椅,品牌07,中号,头枕,白色,16*1*1,16,AV04G,劳拉,出库,30094,拣货
NoExA5liWh,白色 品牌16 五号纸 笔记本（线条）,笔记本,品牌16,五号纸,线条,白色,48*10*5,2400,AJ18C,迈克,出库,30045,拣货
LaOv15i7Bl,黑色 品牌13 15英寸 笔记本电脑（第7代处理器）,笔记本电脑,品牌13,15英寸,第7代处理器,黑色,16*1*1,16,DV23H,莎拉,出库,30049,拣货
KePH35ErPi,粉色 品牌12 350 键盘（人体工学）,键盘,品牌12,350,人体工学,粉色,16*10*1,147,BP87C,艾米丽,出库,30051,拣货
TaCI10WoGr,灰色 品牌27 1000 桌子（工作站）,桌子,品牌27,1000,工作站,灰色,8*1*1,7,DZ66C,莎拉,出库,30067,拣货
KeHc27BlWh,白色 品牌09 270 键盘（蓝牙）,键盘,品牌09,270,蓝牙,白色,16*10*1,160,BT83H,劳拉,出库,30065,拣货
TVGn50S4Gr,灰色 品牌30 50英寸 电视机（超级超高清）,电视机,品牌30,50英寸,超级超高清,灰色,8*1*1,8,AQ25C,迈克,出库,30090,拣货
DrWE12DoWh,白色 品牌02 1200 抽屉柜（带门式）,抽屉柜,品牌02,1200,带门式,白色,8*1*1,5,DS39B,艾米丽,出库,30094,拣货
LaPH178GSi,银色 品牌12 17英寸 笔记本电脑（8吉字节内存）,笔记本电脑,品牌12,17英寸,8吉字节内存,银色,16*1*1,13,AJ76A,简,出库,30046,拣货
NoScA3doGr,灰色 品牌17 三号纸 笔记本（点阵）,笔记本,品牌17,三号纸,点阵,灰色,48*10*5,2400,DX59A,迈克,出库,30041,拣货
AlSu17i5Si,银色 品牌11 17英寸 一体机（第5代处理器）,一体机,品牌11,17英寸,第5代处理器,银色,16*1*1,16,AU85C,莎拉,出库,30030,拣货
TVEs504KWh,白色 品牌32 50英寸 电视机（超高清）,电视机,品牌32,50英寸,超高清,白色,8*1*1,3,AT53D,艾米丽,出库,30005,拣货
CaRG18SlBe,米色 品牌03 1800 文件柜（滑动式）,文件柜,品牌03,1800,滑动式,米色,8*1*1,6,BU47D,莎拉,出库,30097,拣货
PeRe12SoWh,白色 品牌22 12 铅笔（可溶性）,铅笔,品牌22,12,可溶性,白色,48*10*5,2400,DL06B,克里斯,出库,30059,拣货
AlOv17i5Si,银色 品牌13 17英寸 一体机（第5代处理器）,一体机,品牌13,17英寸,第5代处理器,银色,16*1*1,16,AU56A,亚历克斯,出库,30029,拣货
GaSEMErBl,黑色 品牌08 中号 游戏椅（人体工学）,游戏椅,品牌08,中号,人体工学,黑色,16*1*1,13,BW59E,劳拉,出库,30060,拣货
MoHc35WiWh,白色 品牌09 350 鼠标（有线）,鼠标,品牌09,350,有线,白色,16*10*1,160,BX02D,艾米丽,出库,30027,拣货
AlYn1716Wh,白色 品牌15 17英寸 一体机（16吉字节内存）,一体机,品牌15,17英寸,16吉字节内存,白色,16*1*1,12,AS20H,劳拉,出库,30039,拣货
TVGL424KSi,银色 品牌31 42英寸 电视机（超高清）,电视机,品牌31,42英寸,超高清,银色,8*1*1,5,BS80C,大卫,出库,30068,拣货
GaOGSErBl,黑色 品牌07 小号 游戏椅（人体工学）,游戏椅,品牌07,小号,人体工学,黑色,16*1*1,16,BN95F,莎拉,出库,30040,拣货
CuQE90LoBl,黑色 品牌01 900 储物柜（储物锁柜）,储物柜,品牌01,900,储物锁柜,黑色,8*1*1,6,BZ65A,简,出库,30066,拣货
AlYn15i7Gr,灰色 品牌15 15英寸 一体机（第7代处理器）,一体机,品牌15,15英寸,第7代处理器,灰色,16*1*1,16,CT25C,简,出库,30064,拣货
DrWE18LoBe,米色 品牌02 1800 抽屉柜（储物锁柜）,抽屉柜,品牌02,1800,储物锁柜,米色,8*1*1,3,DF37F,简,出库,30046,拣货
OfOGSLeGr,灰色 品牌07 小号 办公椅（皮革）,办公椅,品牌07,小号,皮革,灰色,16*1*1,4,DH95E,莎拉,出库,30060,拣货
TVEs75FHGr,灰色 品牌32 75英寸 电视机（全高清）,电视机,品牌32,75英寸,全高清,灰色,8*1*1,8,DL49F,莎拉,出库,30053,拣货
KePH35BlNa,藏青色 品牌12 350 键盘（蓝牙）,键盘,品牌12,350,蓝牙,藏青色,16*10*1,89,AN25F,克里斯,出库,30019,拣货
TVEs424KBl,黑色 品牌32 42英寸 电视机（超高清）,电视机,品牌32,42英寸,超高清,黑色,8*1*1,3,BP52H,亚历克斯,出库,30039,拣货
GaSESErBl,黑色 品牌08 小号 游戏椅（人体工学）,游戏椅,品牌08,小号,人体工学,黑色,16*1*1,5,BL69A,艾米丽,出库,30084,拣货
PeGi24WaGr,灰色 品牌21 24 铅笔（水彩）,铅笔,品牌21,24,水彩,灰色,48*10*5,2400,DI64C,亚历克斯,出库,30042,拣货
TaAE10AuGr,灰色 品牌05 1000 桌子（自动调节）,桌子,品牌05,1000,自动调节,灰色,8*1*1,8,DG24E,迈克,出库,30088,拣货
PrNoA4InMi,混合色 品牌26 四号纸 打印机（喷墨）,打印机,品牌26,四号纸,喷墨,混合色,16*1*1,16,AJ71H,克里斯,出库,30026,拣货
AlPH14i7Wh,白色 品牌12 14英寸 一体机（第7代处理器）,一体机,品牌12,14英寸,第7代处理器,白色,16*1*1,11,BV49D,劳拉,出库,30038,拣货
PrPHA3InMi,混合色 品牌12 三号纸 打印机（喷墨）,打印机,品牌12,三号纸,喷墨,混合色,16*1*1,16,BO88F,约翰,出库,30099,拣货
PeRe12HeBl,黑色 品牌22 12 铅笔（六角形）,铅笔,品牌22,12,六角形,黑色,48*10*5,2400,BS67E,莎拉,出库,30066,拣货
OfXELAdGr,灰色 品牌06 大号 办公椅（可调节）,办公椅,品牌06,大号,可调节,灰色,16*1*1,16,BT50G,克里斯,出库,30038,拣货
PeRe50SoPi,粉色 品牌22 50 铅笔（可溶性）,铅笔,品牌22,50,可溶性,粉色,48*10*5,2070,AU88D,大卫,出库,30049,拣货
LaYn1732Gr,灰色 品牌15 17英寸 笔记本电脑（32吉字节内存）,笔记本电脑,品牌15,17英寸,32吉字节内存,灰色,16*1*1,7,BP96F,迈克,出库,30011,拣货
TVYn75SFSi,银色 品牌15 75英寸 电视机（超级全高清）,电视机,品牌15,75英寸,超级全高清,银色,8*1*1,8,BM41G,约翰,出库,30068,拣货
NoScA3doGr,灰色 品牌17 三号纸 笔记本（点阵）,笔记本,品牌17,三号纸,点阵,灰色,48*10*5,2400,BH92A,莎拉,出库,30084,拣货
OfXESErPi,粉色 品牌06 小号 办公椅（人体工学）,办公椅,品牌06,小号,人体工学,粉色,16*1*1,16,BN41D,艾米,出库,30044,拣货
DrQE90FiBl,黑色 品牌01 900 抽屉柜（文件收纳）,抽屉柜,品牌01,900,文件收纳,黑色,8*1*1,4,AK38C,艾米,出库,30099,拣货
NoMuA5liBl,黑色 品牌19 五号纸 笔记本（线条）,笔记本,品牌19,五号纸,线条,黑色,48*10*5,2400,AQ74G,克里斯,出库,30068,拣货
TVGn65SFSi,银色 品牌30 65英寸 电视机（超级全高清）,电视机,品牌30,65英寸,超级全高清,银色,8*1*1,6,BG39H,劳拉,出库,30029,拣货
SPNa12HeGr,灰色 品牌23 12 触控笔（六角形）,触控笔,品牌23,12,六角形,灰色,48*10*5,575,BS98H,大卫,出库,30028,拣货
CaQE18SlBe,米色 品牌01 1800 文件柜（滑动式）,文件柜,品牌01,1800,滑动式,米色,8*1*1,8,AN38C,劳拉,出库,30001,拣货
TaAE18FrGr,灰色 品牌05 1800 桌子（框架式）,桌子,品牌05,1800,框架式,灰色,8*1*1,6,DQ68D,大卫,出库,30016,拣货
OfOGMHePi,粉色 品牌07 中号 办公椅（头枕）,办公椅,品牌07,中号,头枕,粉色,16*1*1,14,DZ27D,艾米丽,出库,30028,拣货
TaTR18WoWh,白色 品牌29 1800 桌子（工作站）,桌子,品牌29,1800,工作站,白色,8*1*1,8,AG81A,迈克,出库,30093,拣货
TVGL42FHBl,黑色 品牌31 42英寸 电视机（全高清）,电视机,品牌31,42英寸,全高清,黑色,8*1*1,8,BW89E,莎拉,出库,30003,拣货
SPNa24SoBl,黑色 品牌23 24 触控笔（可溶性）,触控笔,品牌23,24,可溶性,黑色,48*10*5,1038,BV57A,劳拉,出库,30000,拣货
PrNoA4WiMi,混合色 品牌26 四号纸 打印机（无线网络）,打印机,品牌26,四号纸,无线网络,混合色,16*1*1,16,CP66A,迈克,出库,30008,拣货
PrNoA4LaMi,混合色 品牌26 四号纸 打印机（激光）,打印机,品牌26,四号纸,激光,混合色,16*1*1,9,BL58G,亚历克斯,出库,30037,拣货
PeRe12WaGr,灰色 品牌22 12 铅笔（水彩）,铅笔,品牌22,12,水彩,灰色,48*10*5,2400,CF11D,简,出库,30083,拣货
AlPH1732Gr,灰色 品牌12 17英寸 一体机（32吉字节内存）,一体机,品牌12,17英寸,32吉字节内存,灰色,16*1*1,16,AV60A,约翰,出库,30056,拣货
GaSELErGr,灰色 品牌08 大号 游戏椅（人体工学）,游戏椅,品牌08,大号,人体工学,灰色,16*1*1,14,CZ63C,约翰,出库,30016,拣货
CuTE90DoBl,黑色 品牌04 900 储物柜（带门式）,储物柜,品牌04,900,带门式,黑色,8*1*1,8,CL06A,艾米,出库,30048,拣货
PrSoA4WiGr,灰色 品牌25 四号纸 打印机（无线网络）,打印机,品牌25,四号纸,无线网络,灰色,16*1*1,16,CY77G,艾米,出库,30073,拣货
AlPH148GBl,黑色 品牌12 14英寸 一体机（8吉字节内存）,一体机,品牌12,14英寸,8吉字节内存,黑色,16*1*1,16,CI10A,莎拉,出库,30037,拣货
PrReA3MoWh,白色 品牌24 三号纸 打印机（黑白）,打印机,品牌24,三号纸,黑白,白色,16*1*1,12,BI40G,亚历克斯,出库,30054,拣货
PrNoA3AlBl,黑色 品牌26 三号纸 打印机（一体式）,打印机,品牌26,三号纸,一体式,黑色,16*1*1,16,BN81H,艾米,出库,30074,拣货
GaAELAdWh,白色 品牌05 大号 游戏椅（可调节）,游戏椅,品牌05,大号,可调节,白色,16*1*1,5,AW13B,莎拉,出库,30089,拣货
DrTE18FiBl,黑色 品牌04 1800 抽屉柜（文件收纳）,抽屉柜,品牌04,1800,文件收纳,黑色,8*1*1,8,BQ25B,艾米丽,出库,30035,拣货
OfAELHeWh,白色 品牌05 大号 办公椅（头枕）,办公椅,品牌05,大号,头枕,白色,16*1*1,13,AU24F,约翰,出库,30046,拣货
CuRG18FiWh,白色 品牌03 1800 储物柜（文件收纳）,储物柜,品牌03,1800,文件收纳,白色,8*1*1,6,DM71B,艾米,出库,30066,拣货
TVGL504KBl,黑色 品牌31 50英寸 电视机（超高清）,电视机,品牌31,50英寸,超高清,黑色,8*1*1,8,AU64F,莎拉,出库,30039,拣货
TaTR18WoGr,灰色 品牌29 1800 桌子（工作站）,桌子,品牌29,1800,工作站,灰色,8*1*1,2,BN65F,艾米丽,出库,30036,拣货
CaWE90FiWh,白色 品牌02 900 文件柜（文件收纳）,文件柜,品牌02,900,文件收纳,白色,8*1*1,8,DG90A,艾米丽,出库,30032,拣货
GaOGMAdWh,白色 品牌07 中号 游戏椅（可调节）,游戏椅,品牌07,中号,可调节,白色,16*1*1,5,BF24C,迈克,出库,30073,拣货
AlPH1516Gr,灰色 品牌12 15英寸 一体机（16吉字节内存）,一体机,品牌12,15英寸,16吉字节内存,灰色,16*1*1,16,CR09H,艾米,出库,30039,拣货
CaWE90SlWh,白色 品牌02 900 文件柜（滑动式）,文件柜,品牌02,900,滑动式,白色,8*1*1,8,DF94D,克里斯,出库,30035,拣货
GaOGSLeGr,灰色 品牌07 小号 游戏椅（皮革）,游戏椅,品牌07,小号,皮革,灰色,16*1*1,13,BI28A,莎拉,出库,30006,拣货
OfAEMErPi,粉色 品牌05 中号 办公椅（人体工学）,办公椅,品牌05,中号,人体工学,粉色,16*1*1,15,DR46C,迈克,出库,30051,拣货
TaAE10FrBl,黑色 品牌05 1000 桌子（框架式）,桌子,品牌05,1000,框架式,黑色,8*1*1,8,BY89H,大卫,出库,30081,拣货
MoPH45BlWh,白色 品牌12 450 鼠标（蓝牙）,鼠标,品牌12,450,蓝牙,白色,16*10*1,160,BZ94C,约翰,出库,30090,拣货
CuQE12DoBe,米色 品牌01 1200 储物柜（带门式）,储物柜,品牌01,1200,带门式,米色,8*1*1,8,CZ72A,莎拉,出库,30000,拣货
OfAESErGr,灰色 品牌05 小号 办公椅（人体工学）,办公椅,品牌05,小号,人体工学,灰色,16*1*1,6,AI48A,约翰,出库,30087,拣货
DrWE12DoBe,米色 品牌02 1200 抽屉柜（带门式）,抽屉柜,品牌02,1200,带门式,米色,8*1*1,1,DM84F,简,出库,30026,拣货
NoMuA4ruSi,银色 品牌19 四号纸 笔记本（横线）,笔记本,品牌19,四号纸,横线,银色,48*10*5,2400,AT21E,迈克,出库,30074,拣货
TaAE15FrBl,黑色 品牌05 1500 桌子（框架式）,桌子,品牌05,1500,框架式,黑色,8*1*1,8,AN70G,艾米,出库,30019,拣货
NoGrA3doBl,黑色 品牌18 三号纸 笔记本（点阵）,笔记本,品牌18,三号纸,点阵,黑色,48*10*5,571,BU67E,莎拉,出库,30024,拣货
CuTE18SlWh,白色 品牌04 1800 储物柜（滑动式）,储物柜,品牌04,1800,滑动式,白色,8*1*1,5,BG85E,劳拉,出库,30041,拣货
SPAl12HePi,粉色 品牌20 12 触控笔（六角形）,触控笔,品牌20,12,六角形,粉色,48*10*5,2400,DR91H,大卫,出库,30054,拣货
TVYn50SFWh,白色 品牌15 50英寸 电视机（超级全高清）,电视机,品牌15,50英寸,超级全高清,白色,8*1*1,8,DL56D,克里斯,出库,30082,拣货
DrWE12LoGr,灰色 品牌02 1200 抽屉柜（储物锁柜）,抽屉柜,品牌02,1200,储物锁柜,灰色,8*1*1,8,CG70C,约翰,出库,30073,拣货
GaAEMAdGr,灰色 品牌05 中号 游戏椅（可调节）,游戏椅,品牌05,中号,可调节,灰色,16*1*1,16,DL10G,约翰,出库,30014,拣货
PeRe50WaBl,黑色 品牌22 50 铅笔（水彩）,铅笔,品牌22,50,水彩,黑色,48*10*5,2400,AU36C,亚历克斯,出库,30097,拣货
AlYn1432Si,银色 品牌15 14英寸 一体机（32吉字节内存）,一体机,品牌15,14英寸,32吉字节内存,银色,16*1*1,16,CM44E,简,出库,30051,拣货
TVYn42SFBl,黑色 品牌15 42英寸 电视机（超级全高清）,电视机,品牌15,42英寸,超级全高清,黑色,8*1*1,8,AQ49B,迈克,出库,30004,拣货
DrTE90FiBe,米色 品牌04 900 抽屉柜（文件收纳）,抽屉柜,品牌04,900,文件收纳,米色,8*1*1,8,BY66B,克里斯,出库,30036,拣货
TaCI15WoWh,白色 品牌27 1500 桌子（工作站）,桌子,品牌27,1500,工作站,白色,8*1*1,8,CS95D,简,出库,30068,拣货
LaPH158GSi,银色 品牌12 15英寸 笔记本电脑（8吉字节内存）,笔记本电脑,品牌12,15英寸,8吉字节内存,银色,16*1*1,15,CP98H,亚历克斯,出库,30080,拣货
TVGn75S4Bl,黑色 品牌30 75英寸 电视机（超级超高清）,电视机,品牌30,75英寸,超级超高清,黑色,8*1*1,8,BS80G,简,出库,30084,拣货
CaTE90LoBe,米色 品牌04 900 文件柜（储物锁柜）,文件柜,品牌04,900,储物锁柜,米色,8*1*1,8,CW64D,简,出库,30096,拣货
TaCI18WoWh,白色 品牌27 1800 桌子（工作站）,桌子,品牌27,1800,工作站,白色,8*1*1,8,CH35G,艾米丽,出库,30088,拣货
LaRe1516Gr,灰色 品牌14 15英寸 笔记本电脑（16吉字节内存）,笔记本电脑,品牌14,15英寸,16吉字节内存,灰色,16*1*1,16,AK61B,大卫,出库,30059,拣货
PrSoA2MoMi,混合色 品牌25 二号纸 打印机（黑白）,打印机,品牌25,二号纸,黑白,混合色,16*1*1,16,BR42C,克里斯,出库,30054,拣货
PeAl24WaWh,白色 品牌20 24 铅笔（水彩）,铅笔,品牌20,24,水彩,白色,48*10*5,1619,CM43A,克里斯,出库,30001,拣货
MoHc27ErBl,黑色 品牌09 270 鼠标（人体工学）,鼠标,品牌09,270,人体工学,黑色,16*10*1,160,BR29F,简,出库,30046,拣货
OfAEMAdPi,粉色 品牌05 中号 办公椅（可调节）,办公椅,品牌05,中号,可调节,粉色,16*1*1,16,BW34A,约翰,出库,30099,拣货
MoHc35BlBl,黑色 品牌09 350 鼠标（蓝牙）,鼠标,品牌09,350,蓝牙,黑色,16*10*1,160,DR60G,莎拉,出库,30075,拣货
PeRe50HeGr,灰色 品牌22 50 铅笔（六角形）,铅笔,品牌22,50,六角形,灰色,48*10*5,2400,CO83B,约翰,出库,30072,拣货
KeRe35MeBl,黑色 品牌10 350 键盘（机械式）,键盘,品牌10,350,机械式,黑色,16*10*1,160,BY70B,大卫,出库,30001,拣货
KeRe45BlNa,藏青色 品牌10 450 键盘（蓝牙）,键盘,品牌10,450,蓝牙,藏青色,16*10*1,160,AY62A,简,出库,30091,拣货
LaYn148GWh,白色 品牌15 14英寸 笔记本电脑（8吉字节内存）,笔记本电脑,品牌15,14英寸,8吉字节内存,白色,16*1*1,6,BP09E,克里斯,出库,30017,拣货
DrWE18LoBe,米色 品牌02 1800 抽屉柜（储物锁柜）,抽屉柜,品牌02,1800,储物锁柜,米色,8*1*1,7,BJ55D,莎拉,出库,30000,拣货
KePH27WiNa,藏青色 品牌12 270 键盘（有线）,键盘,品牌12,270,有线,藏青色,16*10*1,139,BR34E,亚历克斯,出库,30040,拣货
AlPH1732Wh,白色 品牌12 17英寸 一体机（32吉字节内存）,一体机,品牌12,17英寸,32吉字节内存,白色,16*1*1,14,CX07H,劳拉,出库,30077,拣货
TaTR10FrWh,白色 品牌28 1000 桌子（框架式）,桌子,品牌28,1000,框架式,白色,8*1*1,7,DY10B,莎拉,出库,30052,拣货
TVEs32FHSi,银色 品牌32 32英寸 电视机（全高清）,电视机,品牌32,32英寸,全高清,银色,8*1*1,2,CO43B,简,出库,30026,拣货
SPGi24HeWh,白色 品牌21 24 触控笔（六角形）,触控笔,品牌21,24,六角形,白色,48*10*5,182,DZ97B,劳拉,出库,30018,拣货
TVGL50S4Wh,白色 品牌31 50英寸 电视机（超级超高清）,电视机,品牌31,50英寸,超级超高清,白色,8*1*1,4,AO02H,迈克,出库,30065,拣货
OfOGMErPi,粉色 品牌07 中号 办公椅（人体工学）,办公椅,品牌07,中号,人体工学,粉色,16*1*1,5,DG30H,迈克,出库,30099,拣货
CaRG18SlBl,黑色 品牌03 1800 文件柜（滑动式）,文件柜,品牌03,1800,滑动式,黑色,8*1*1,4,DP38E,莎拉,出库,30023,拣货
TVGn42FHWh,白色 品牌30 42英寸 电视机（全高清）,电视机,品牌30,42英寸,全高清,白色,8*1*1,8,DO30H,艾米丽,出库,30082,拣货
LaPH1732Si,银色 品牌12 17英寸 笔记本电脑（32吉字节内存）,笔记本电脑,品牌12,17英寸,32吉字节内存,银色,16*1*1,15,DF51G,简,出库,30026,拣货
KePH35BlPi,粉色 品牌12 350 键盘（蓝牙）,键盘,品牌12,350,蓝牙,粉色,16*10*1,160,AQ49C,约翰,出库,30036,拣货
AlRe1416Si,银色 品牌14 14英寸 一体机（16吉字节内存）,一体机,品牌14,14英寸,16吉字节内存,银色,16*1*1,16,DJ17C,迈克,出库,30080,拣货
AlPH15i5Bl,黑色 品牌12 15英寸 一体机（第5代处理器）,一体机,品牌12,15英寸,第5代处理器,黑色,16*1*1,8,CS33F,艾米丽,出库,30085,拣货
TVGn50S4Gr,灰色 品牌30 50英寸 电视机（超级超高清）,电视机,品牌30,50英寸,超级超高清,灰色,8*1*1,5,BW30H,艾米,出库,30059,拣货
KeRe45WiNa,藏青色 品牌10 450 键盘（有线）,键盘,品牌10,450,有线,藏青色,16*10*1,9,DH35H,大卫,出库,30021,拣货
AlYn15i5Gr,灰色 品牌15 15英寸 一体机（第5代处理器）,一体机,品牌15,15英寸,第5代处理器,灰色,16*1*1,16,AQ08B,劳拉,出库,30031,拣货
SPRe12WaPi,粉色 品牌22 12 触控笔（水彩）,触控笔,品牌22,12,水彩,粉色,48*10*5,1692,CT42E,艾米丽,出库,30079,拣货
AlRe14i7Gr,灰色 品牌14 14英寸 一体机（第7代处理器）,一体机,品牌14,14英寸,第7代处理器,灰色,16*1*1,16,AI40H,劳拉,出库,30051,拣货
CaQE18FiBe,米色 品牌01 1800 文件柜（文件收纳）,文件柜,品牌01,1800,文件收纳,米色,8*1*1,1,BZ46F,简,出库,30096,拣货
LaRe1432Wh,白色 品牌14 14英寸 笔记本电脑（32吉字节内存）,笔记本电脑,品牌14,14英寸,32吉字节内存,白色,16*1*1,16,BP56G,克里斯,出库,30097,拣货
GaXELErPi,粉色 品牌06 大号 游戏椅（人体工学）,游戏椅,品牌06,大号,人体工学,粉色,16*1*1,16,DJ42D,克里斯,出库,30042,拣货
AlYn1732Bl,黑色 品牌15 17英寸 一体机（32吉字节内存）,一体机,品牌15,17英寸,32吉字节内存,黑色,16*1*1,2,DK49E,迈克,出库,30090,拣货
KeSu27ErNa,藏青色 品牌11 270 键盘（人体工学）,键盘,品牌11,270,人体工学,藏青色,16*10*1,60,BQ81A,克里斯,出库,30058,拣货
CaQE18DoBe,米色 品牌01 1800 文件柜（带门式）,文件柜,品牌01,1800,带门式,米色,8*1*1,2,AO92F,莎拉,出库,30028,拣货
NoExA3liGr,灰色 品牌16 三号纸 笔记本（线条）,笔记本,品牌16,三号纸,线条,灰色,48*10*5,2400,BY32A,劳拉,出库,30038,拣货
NoExA3doWh,白色 品牌16 三号纸 笔记本（点阵）,笔记本,品牌16,三号纸,点阵,白色,48*10*5,676,BQ09E,大卫,出库,30002,拣货
GaOGSErBl,黑色 品牌07 小号 游戏椅（人体工学）,游戏椅,品牌07,小号,人体工学,黑色,16*1*1,16,BQ67C,艾米,出库,30036,拣货
TVGn42S4Si,银色 品牌30 42英寸 电视机（超级超高清）,电视机,品牌30,42英寸,超级超高清,银色,8*1*1,7,AV08D,艾米,出库,30037,拣货
GaAESHeWh,白色 品牌05 小号 游戏椅（头枕）,游戏椅,品牌05,小号,头枕,白色,16*1*1,16,CJ46C,大卫,出库,30043,拣货
PrReA2WiWh,白色 品牌24 二号纸 打印机（无线网络）,打印机,品牌24,二号纸,无线网络,白色,16*1*1,16,CR13B,简,出库,30085,拣货
SPGi24WaGr,灰色 品牌21 24 触控笔（水彩）,触控笔,品牌21,24,水彩,灰色,48*10*5,2400,CV86H,亚历克斯,出库,30012,拣货
LaSu148GGr,灰色 品牌11 14英寸 笔记本电脑（8吉字节内存）,笔记本电脑,品牌11,14英寸,8吉字节内存,灰色,16*1*1,16,AM01B,莎拉,出库,30001,拣货
LaSu1432Bl,黑色 品牌11 14英寸 笔记本电脑（32吉字节内存）,笔记本电脑,品牌11,14英寸,32吉字节内存,黑色,16*1*1,16,DK97A,大卫,出库,30041,拣货
DrWE90DoWh,白色 品牌02 900 抽屉柜（带门式）,抽屉柜,品牌02,900,带门式,白色,8*1*1,1,BU87D,亚历克斯,出库,30012,拣货
TaTR18AuWh,白色 品牌28 1800 桌子（自动调节）,桌子,品牌28,1800,自动调节,白色,8*1*1,8,DI09F,莎拉,出库,30031,拣货
MoRe27WiNa,藏青色 品牌10 270 鼠标（有线）,鼠标,品牌10,270,有线,藏青色,16*10*1,160,BV02E,艾米,出库,30069,拣货
AlRe14i7Wh,白色 品牌14 14英寸 一体机（第7代处理器）,一体机,品牌14,14英寸,第7代处理器,白色,16*1*1,9,CF33A,约翰,出库,30098,拣货
TaCI10WoSi,银色 品牌27 1000 桌子（工作站）,桌子,品牌27,1000,工作站,银色,8*1*1,4,AI08D,约翰,出库,30062,拣货
TVEs424KWh,白色 品牌32 42英寸 电视机（超高清）,电视机,品牌32,42英寸,超高清,白色,8*1*1,5,DX48C,约翰,出库,30045,拣货
CuTE12FiGr,灰色 品牌04 1200 储物柜（文件收纳）,储物柜,品牌04,1200,文件收纳,灰色,8*1*1,1,BL85H,克里斯,出库,30097,拣货
NoGrA5liBl,黑色 品牌18 五号纸 笔记本（线条）,笔记本,品牌18,五号纸,线条,黑色,48*10*5,2400,DZ08G,简,出库,30032,拣货
CuTE90SlWh,白色 品牌04 900 储物柜（滑动式）,储物柜,品牌04,900,滑动式,白色,8*1*1,8,DV66B,克里斯,出库,30064,拣货
CuQE18LoBl,黑色 品牌01 1800 储物柜（储物锁柜）,储物柜,品牌01,1800,储物锁柜,黑色,8*1*1,8,DF47B,艾米,出库,30090,拣货
DrTE12SlWh,白色 品牌04 1200 抽屉柜（滑动式）,抽屉柜,品牌04,1200,滑动式,白色,8*1*1,5,BL74E,艾米,出库,30060,拣货
MoHc35MeNa,藏青色 品牌09 350 鼠标（机械式）,鼠标,品牌09,350,机械式,藏青色,16*10*1,160,DH32G,劳拉,出库,30031,拣货
CuQE12FiWh,白色 品牌01 1200 储物柜（文件收纳）,储物柜,品牌01,1200,文件收纳,白色,8*1*1,3,AV20C,克里斯,出库,30082,拣货
AlPH1516Bl,黑色 品牌12 15英寸 一体机（16吉字节内存）,一体机,品牌12,15英寸,16吉字节内存,黑色,16*1*1,16,CR01C,亚历克斯,出库,30000,拣货
OfXESErGr,灰色 品牌06 小号 办公椅（人体工学）,办公椅,品牌06,小号,人体工学,灰色,16*1*1,16,BS33D,克里斯,出库,30015,拣货
OfSEMErBl,黑色 品牌08 中号 办公椅（人体工学）,办公椅,品牌08,中号,人体工学,黑色,16*1*1,16,DV66F,莎拉,出库,30098,拣货
GaAESAdWh,白色 品牌05 小号 游戏椅（可调节）,游戏椅,品牌05,小号,可调节,白色,16*1*1,16,BV78H,亚历克斯,出库,30071,拣货
LaYn178GBl,黑色 品牌15 17英寸 笔记本电脑（8吉字节内存）,笔记本电脑,品牌15,17英寸,8吉字节内存,黑色,16*1*1,10,CO07C,艾米丽,出库,30072,拣货
AlOv1716Wh,白色 品牌13 17英寸 一体机（16吉字节内存）,一体机,品牌13,17英寸,16吉字节内存,白色,16*1*1,11,AF53D,莎拉,出库,30036,拣货
TVEs50S4Bl,黑色 品牌32 50英寸 电视机（超级超高清）,电视机,品牌32,50英寸,超级超高清,黑色,8*1*1,4,CK83H,艾米,出库,30002,拣货
TVEs32SFBl,黑色 品牌32 32英寸 电视机（超级全高清）,电视机,品牌32,32英寸,超级全高清,黑色,8*1*1,7,CF07B,克里斯,出库,30092,拣货
AlRe1716Si,银色 品牌14 17英寸 一体机（16吉字节内存）,一体机,品牌14,17英寸,16吉字节内存,银色,16*1*1,8,DG12A,莎拉,出库,30062,拣货
TVEs42SFWh,白色 品牌32 42英寸 电视机（超级全高清）,电视机,品牌32,42英寸,超级全高清,白色,8*1*1,8,BJ07C,大卫,出库,30084,拣货
TaCI10FrBl,黑色 品牌27 1000 桌子（框架式）,桌子,品牌27,1000,框架式,黑色,8*1*1,8,BY43F,艾米丽,出库,30029,拣货
PrNoA3LaWh,白色 品牌26 三号纸 打印机（激光）,打印机,品牌26,三号纸,激光,白色,16*1*1,6,AM59D,艾米,出库,30078,拣货
MoPH45WiNa,藏青色 品牌12 450 鼠标（有线）,鼠标,品牌12,450,有线,藏青色,16*10*1,160,BL06D,克里斯,出库,30086,拣货
LaOv15i7Bl,黑色 品牌13 15英寸 笔记本电脑（第7代处理器）,笔记本电脑,品牌13,15英寸,第7代处理器,黑色,16*1*1,16,CF58F,亚历克斯,出库,30051,拣货
TVYn50SFBl,黑色 品牌15 50英寸 电视机（超级全高清）,电视机,品牌15,50英寸,超级全高清,黑色,8*1*1,8,BH50A,简,出库,30016,拣货
AlYn158GSi,银色 品牌15 15英寸 一体机（8吉字节内存）,一体机,品牌15,15英寸,8吉字节内存,银色,16*1*1,11,DQ23D,克里斯,出库,30073,拣货
TVGL32FHBl,黑色 品牌31 32英寸 电视机（全高清）,电视机,品牌31,32英寸,全高清,黑色,8*1*1,8,DO10B,迈克,出库,30072,拣货
NoExA4liGr,灰色 品牌16 四号纸 笔记本（线条）,笔记本,品牌16,四号纸,线条,灰色,48*10*5,2400,DG13H,克里斯,出库,30069,拣货
TVGL42SFBl,黑色 品牌31 42英寸 电视机（超级全高清）,电视机,品牌31,42英寸,超级全高清,黑色,8*1*1,8,BX14A,克里斯,出库,30069,拣货
CaRG18DoGr,灰色 品牌03 1800 文件柜（带门式）,文件柜,品牌03,1800,带门式,灰色,8*1*1,8,CX19D,艾米丽,出库,30015,拣货
PeRe24WaPi,粉色 品牌22 24 铅笔（水彩）,铅笔,品牌22,24,水彩,粉色,48*10*5,343,CF35F,迈克,出库,30061,拣货
GaAESLePi,粉色 品牌05 小号 游戏椅（皮革）,游戏椅,品牌05,小号,皮革,粉色,16*1*1,16,BP08E,亚历克斯,出库,30056,拣货
PrReA3LaBl,黑色 品牌24 三号纸 打印机（激光）,打印机,品牌24,三号纸,激光,黑色,16*1*1,12,DK12F,艾米丽,出库,30020,拣货
OfAESHeBl,黑色 品牌05 小号 办公椅（头枕）,办公椅,品牌05,小号,头枕,黑色,16*1*1,16,CV18B,劳拉,出库,30051,拣货
TVYn424KBl,黑色 品牌15 42英寸 电视机（超高清）,电视机,品牌15,42英寸,超高清,黑色,8*1*1,6,AS83H,约翰,出库,30086,拣货
NoScA4ruWh,白色 品牌17 四号纸 笔记本（横线）,笔记本,品牌17,四号纸,横线,白色,48*10*5,2400,AF91G,亚历克斯,出库,30080,拣货
MoSu45BlBl,黑色 品牌11 450 鼠标（蓝牙）,鼠标,品牌11,450,蓝牙,黑色,16*10*1,8,AI51D,迈克,出库,30031,拣货
PrPHA3InBl,黑色 品牌12 三号纸 打印机（喷墨）,打印机,品牌12,三号纸,喷墨,黑色,16*1*1,16,AP88G,克里斯,出库,30042,拣货
PrSoA3LaGr,灰色 品牌25 三号纸 打印机（激光）,打印机,品牌25,三号纸,激光,灰色,16*1*1,3,AQ23D,克里斯,出库,30066,拣货
NoMuA5liWh,白色 品牌19 五号纸 笔记本（线条）,笔记本,品牌19,五号纸,线条,白色,48*10*5,1681,BX09H,克里斯,出库,30081,拣货
AlSu15i5Bl,黑色 品牌11 15英寸 一体机（第5代处理器）,一体机,品牌11,15英寸,第5代处理器,黑色,16*1*1,16,BV29E,莎拉,出库,30075,拣货
TaCI18AuBl,黑色 品牌27 1800 桌子（自动调节）,桌子,品牌27,1800,自动调节,黑色,8*1*1,6,CP24D,约翰,出库,30022,拣货
GaOGSLeWh,白色 品牌07 小号 游戏椅（皮革）,游戏椅,品牌07,小号,皮革,白色,16*1*1,8,AQ73A,迈克,出库,30021,拣货
LaSu1532Si,银色 品牌11 15英寸 笔记本电脑（32吉字节内存）,笔记本电脑,品牌11,15英寸,32吉字节内存,银色,16*1*1,16,AR01B,简,出库,30003,拣货
SPAl24WaWh,白色 品牌20 24 触控笔（水彩）,触控笔,品牌20,24,水彩,白色,48*10*5,1368,DX07C,莎拉,出库,30008,拣货
PrNoA2WiGr,灰色 品牌26 二号纸 打印机（无线网络）,打印机,品牌26,二号纸,无线网络,灰色,16*1*1,16,BJ02D,简,出库,30092,拣货
MoSu35BlWh,白色 品牌11 350 鼠标（蓝牙）,鼠标,品牌11,350,蓝牙,白色,16*10*1,88,BL65A,约翰,出库,30016,拣货
CuTE18SlBe,米色 品牌04 1800 储物柜（滑动式）,储物柜,品牌04,1800,滑动式,米色,8*1*1,8,BZ43D,莎拉,出库,30096,拣货
TVGn754KWh,白色 品牌30 75英寸 电视机（超高清）,电视机,品牌30,75英寸,超高清,白色,8*1*1,8,AO83C,简,出库,30090,拣货
DrWE90FiBe,米色 品牌02 900 抽屉柜（文件收纳）,抽屉柜,品牌02,900,文件收纳,米色,8*1*1,4,CK93D,简,出库,30065,拣货
PeGi24SoPi,粉色 品牌21 24 铅笔（可溶性）,铅笔,品牌21,24,可溶性,粉色,48*10*5,550,DF57G,艾米丽,出库,30088,拣货
GaSEMErWh,白色 品牌08 中号 游戏椅（人体工学）,游戏椅,品牌08,中号,人体工学,白色,16*1*1,16,AH92E,莎拉,出库,30047,拣货
CaWE18FiWh,白色 品牌02 1800 文件柜（文件收纳）,文件柜,品牌02,1800,文件收纳,白色,8*1*1,8,BX47D,约翰,出库,30083,拣货
GaOGLErPi,粉色 品牌07 大号 游戏椅（人体工学）,游戏椅,品牌07,大号,人体工学,粉色,16*1*1,16,AY84E,大卫,出库,30007,拣货
TVEs65S4Si,银色 品牌32 65英寸 电视机（超级超高清）,电视机,品牌32,65英寸,超级超高清,银色,8*1*1,6,BL35A,迈克,出库,30002,拣货
CuTE18LoWh,白色 品牌04 1800 储物柜（储物锁柜）,储物柜,品牌04,1800,储物锁柜,白色,8*1*1,8,CL17G,艾米,出库,30007,拣货
TVGL75FHWh,白色 品牌31 75英寸 电视机（全高清）,电视机,品牌31,75英寸,全高清,白色,8*1*1,3,AS73A,约翰,出库,30058,拣货
CuWE12FiWh,白色 品牌02 1200 储物柜（文件收纳）,储物柜,品牌02,1200,文件收纳,白色,8*1*1,8,BW40B,亚历克斯,出库,30031,拣货
PeNa50HeBl,黑色 品牌23 50 铅笔（六角形）,铅笔,品牌23,50,六角形,黑色,48*10*5,1034,AN26C,大卫,出库,30080,拣货
CaQE18FiBe,米色 品牌01 1800 文件柜（文件收纳）,文件柜,品牌01,1800,文件收纳,米色,8*1*1,8,DW18G,艾米,出库,30099,拣货
AlSu1532Gr,灰色 品牌11 15英寸 一体机（32吉字节内存）,一体机,品牌11,15英寸,32吉字节内存,灰色,16*1*1,6,DT56H,迈克,出库,30067,拣货
SPNa12WaPi,粉色 品牌23 12 触控笔（水彩）,触控笔,品牌23,12,水彩,粉色,48*10*5,2400,AF15H,莎拉,出库,30042,拣货
NoScA4ruSi,银色 品牌17 四号纸 笔记本（横线）,笔记本,品牌17,四号纸,横线,银色,48*10*5,669,CX01H,劳拉,出库,30089,拣货
CaQE12DoBe,米色 品牌01 1200 文件柜（带门式）,文件柜,品牌01,1200,带门式,米色,8*1*1,7,CW51F,简,出库,30083,拣货
TaCI10WoSi,银色 品牌27 1000 桌子（工作站）,桌子,品牌27,1000,工作站,银色,8*1*1,8,AR12D,简,出库,30062,拣货
DrQE18DoGr,灰色 品牌01 1800 抽屉柜（带门式）,抽屉柜,品牌01,1800,带门式,灰色,8*1*1,8,AS06G,艾米丽,出库,30080,拣货
DrWE12LoBl,黑色 品牌02 1200 抽屉柜（储物锁柜）,抽屉柜,品牌02,1200,储物锁柜,黑色,8*1*1,8,CG14H,艾米丽,出库,30088,拣货
TVGn504KWh,白色 品牌30 50英寸 电视机（超高清）,电视机,品牌30,50英寸,超高清,白色,8*1*1,8,CV69H,克里斯,出库,30069,拣货
GaOGLAdPi,粉色 品牌07 大号 游戏椅（可调节）,游戏椅,品牌07,大号,可调节,粉色,16*1*1,16,CX16H,迈克,出库,30078,拣货
MoHc27MePi,粉色 品牌09 270 鼠标（机械式）,鼠标,品牌09,270,机械式,粉色,16*10*1,160,BV59C,莎拉,出库,30090,拣货
PrReA4WiBl,黑色 品牌24 四号纸 打印机（无线网络）,打印机,品牌24,四号纸,无线网络,黑色,16*1*1,12,DO40A,亚历克斯,出库,30044,拣货
KePH27ErPi,粉色 品牌12 270 键盘（人体工学）,键盘,品牌12,270,人体工学,粉色,16*10*1,160,AG11D,克里斯,出库,30050,拣货
LaSu1432Si,银色 品牌11 14英寸 笔记本电脑（32吉字节内存）,笔记本电脑,品牌11,14英寸,32吉字节内存,银色,16*1*1,11,AX20G,迈克,出库,30020,拣货
DrQE12LoBe,米色 品牌01 1200 抽屉柜（储物锁柜）,抽屉柜,品牌01,1200,储物锁柜,米色,8*1*1,8,BR63E,迈克,出库,30010,拣货
PrReA4MoMi,混合色 品牌24 四号纸 打印机（黑白）,打印机,品牌24,四号纸,黑白,混合色,16*1*1,11,CO41C,简,出库,30095,拣货
DrQE18FiWh,白色 品牌01 1800 抽屉柜（文件收纳）,抽屉柜,品牌01,1800,文件收纳,白色,8*1*1,8,AV80F,莎拉,出库,30096,拣货
PrNoA2AlWh,白色 品牌26 二号纸 打印机（一体式）,打印机,品牌26,二号纸,一体式,白色,16*1*1,8,DL35F,劳拉,出库,30041,拣货
NoScA4doGr,灰色 品牌17 四号纸 笔记本（点阵）,笔记本,品牌17,四号纸,点阵,灰色,48*10*5,2310,CY05F,劳拉,出库,30072,拣货
PeAl12HeGr,灰色 品牌20 12 铅笔（六角形）,铅笔,品牌20,12,六角形,灰色,48*10*5,535,DS54G,迈克,出库,30031,拣货
LaYn1732Gr,灰色 品牌15 17英寸 笔记本电脑（32吉字节内存）,笔记本电脑,品牌15,17英寸,32吉字节内存,灰色,16*1*1,12,BN13D,约翰,出库,30035,拣货
LaOv1532Si,银色 品牌13 15英寸 笔记本电脑（32吉字节内存）,笔记本电脑,品牌13,15英寸,32吉字节内存,银色,16*1*1,10,BN59A,艾米,出库,30033,拣货
PrReA4MoMi,混合色 品牌24 四号纸 打印机（黑白）,打印机,品牌24,四号纸,黑白,混合色,16*1*1,16,BI74C,克里斯,出库,30096,拣货
TaTR18FrBl,黑色 品牌29 1800 桌子（框架式）,桌子,品牌29,1800,框架式,黑色,8*1*1,7,DK31D,劳拉,出库,30013,拣货
AlSu15i5Gr,灰色 品牌11 15英寸 一体机（第5代处理器）,一体机,品牌11,15英寸,第5代处理器,灰色,16*1*1,15,AG06D,约翰,出库,30013,拣货
CaRG18DoBl,黑色 品牌03 1800 文件柜（带门式）,文件柜,品牌03,1800,带门式,黑色,8*1*1,6,BT95E,艾米,出库,30045,拣货
TaAE18FrBl,黑色 品牌05 1800 桌子（框架式）,桌子,品牌05,1800,框架式,黑色,8*1*1,8,DZ30D,亚历克斯,出库,30099,拣货
CuRG18FiBl,黑色 品牌03 1800 储物柜（文件收纳）,储物柜,品牌03,1800,文件收纳,黑色,8*1*1,8,BY51D,迈克,出库,30086,拣货
TVYn504KWh,白色 品牌15 50英寸 电视机（超高清）,电视机,品牌15,50英寸,超高清,白色,8*1*1,8,AG93B,约翰,出库,30085,拣货
KeRe35WiWh,白色 品牌10 350 键盘（有线）,键盘,品牌10,350,有线,白色,16*10*1,72,BI51D,约翰,出库,30080,拣货
KeHc27WiWh,白色 品牌09 270 键盘（有线）,键盘,品牌09,270,有线,白色,16*10*1,88,CZ04A,克里斯,出库,30005,拣货
CaWE18DoWh,白色 品牌02 1800 文件柜（带门式）,文件柜,品牌02,1800,带门式,白色,8*1*1,8,CX32A,亚历克斯,出库,30026,拣货
MoPH35ErPi,粉色 品牌12 350 鼠标（人体工学）,鼠标,品牌12,350,人体工学,粉色,16*10*1,85,CR13E,迈克,出库,30063,拣货
AlSu1716Bl,黑色 品牌11 17英寸 一体机（16吉字节内存）,一体机,品牌11,17英寸,16吉字节内存,黑色,16*1*1,16,CO19B,艾米,出库,30097,拣货
CaRG18SlBl,黑色 品牌03 1800 文件柜（滑动式）,文件柜,品牌03,1800,滑动式,黑色,8*1*1,7,AF74B,艾米,出库,30018,拣货
TaCI18AuSi,银色 品牌27 1800 桌子（自动调节）,桌子,品牌27,1800,自动调节,银色,8*1*1,8,AO74C,克里斯,出库,30025,拣货
TVEs65SFWh,白色 品牌32 65英寸 电视机（超级全高清）,电视机,品牌32,65英寸,超级全高清,白色,8*1*1,8,AN86C,亚历克斯,出库,30085,拣货
OfAESHeWh,白色 品牌05 小号 办公椅（头枕）,办公椅,品牌05,小号,头枕,白色,16*1*1,9,CG82D,艾米,出库,30080,拣货
AlPH1432Gr,灰色 品牌12 14英寸 一体机（32吉字节内存）,一体机,品牌12,14英寸,32吉字节内存,灰色,16*1*1,16,DG01C,艾米丽,出库,30018,拣货
AlPH178GWh,白色 品牌12 17英寸 一体机（8吉字节内存）,一体机,品牌12,17英寸,8吉字节内存,白色,16*1*1,5,DP88C,亚历克斯,出库,30068,拣货
MoSu27ErBl,黑色 品牌11 270 鼠标（人体工学）,鼠标,品牌11,270,人体工学,黑色,16*10*1,160,DN26E,劳拉,出库,30033,拣货
TVGn654KBl,黑色 品牌30 65英寸 电视机（超高清）,电视机,品牌30,65英寸,超高清,黑色,8*1*1,7,DV13C,艾米,出库,30075,拣货
AlYn15i7Gr,灰色 品牌15 15英寸 一体机（第7代处理器）,一体机,品牌15,15英寸,第7代处理器,灰色,16*1*1,13,DK45G,亚历克斯,出库,30096,拣货
TVGL754KBl,黑色 品牌31 75英寸 电视机（超高清）,电视机,品牌31,75英寸,超高清,黑色,8*1*1,8,AJ61D,约翰,出库,30093,拣货
TaAE18AdGr,灰色 品牌05 1800 桌子（可调节）,桌子,品牌05,1800,可调节,灰色,8*1*1,8,BH96E,亚历克斯,出库,30069,拣货
SPRe50HeGr,灰色 品牌22 50 触控笔（六角形）,触控笔,品牌22,50,六角形,灰色,48*10*5,583,DY50C,艾米,出库,30077,拣货
LaRe1532Wh,白色 品牌14 15英寸 笔记本电脑（32吉字节内存）,笔记本电脑,品牌14,15英寸,32吉字节内存,白色,16*1*1,15,BL97D,艾米,出库,30071,拣货
OfOGLAdGr,灰色 品牌07 大号 办公椅（可调节）,办公椅,品牌07,大号,可调节,灰色,16*1*1,16,DL08F,艾米丽,出库,30026,拣货
TVYn50FHGr,灰色 品牌15 50英寸 电视机（全高清）,电视机,品牌15,50英寸,全高清,灰色,8*1*1,8,BR96F,大卫,出库,30095,拣货
CaRG12LoWh,白色 品牌03 1200 文件柜（储物锁柜）,文件柜,品牌03,1200,储物锁柜,白色,8*1*1,8,DJ73B,迈克,出库,30028,拣货
OfSESLeGr,灰色 品牌08 小号 办公椅（皮革）,办公椅,品牌08,小号,皮革,灰色,16*1*1,13,DJ96G,劳拉,出库,30086,拣货
LaPH1732Wh,白色 品牌12 17英寸 笔记本电脑（32吉字节内存）,笔记本电脑,品牌12,17英寸,32吉字节内存,白色,16*1*1,16,BU17A,亚历克斯,出库,30020,拣货
CuWE18FiGr,灰色 品牌02 1800 储物柜（文件收纳）,储物柜,品牌02,1800,文件收纳,灰色,8*1*1,1,DI36A,亚历克斯,出库,30029,拣货
TVGL65SFGr,灰色 品牌31 65英寸 电视机（超级全高清）,电视机,品牌31,65英寸,超级全高清,灰色,8*1*1,7,CZ24H,迈克,出库,30061,拣货
DrQE90FiWh,白色 品牌01 900 抽屉柜（文件收纳）,抽屉柜,品牌01,900,文件收纳,白色,8*1*1,6,BG87H,迈克,出库,30029,拣货
NoGrA5liGr,灰色 品牌18 五号纸 笔记本（线条）,笔记本,品牌18,五号纸,线条,灰色,48*10*5,2400,DO07A,艾米丽,出库,30004,拣货
AlYn1416Wh,白色 品牌15 14英寸 一体机（16吉字节内存）,一体机,品牌15,14英寸,16吉字节内存,白色,16*1*1,11,BS54G,莎拉,出库,30096,拣货
TaCI18AdSi,银色 品牌27 1800 桌子（可调节）,桌子,品牌27,1800,可调节,银色,8*1*1,8,CN24D,大卫,出库,30056,拣货
GaXELErWh,白色 品牌06 大号 游戏椅（人体工学）,游戏椅,品牌06,大号,人体工学,白色,16*1*1,16,CH24E,劳拉,出库,30040,拣货
PrNoA3InBl,黑色 品牌26 三号纸 打印机（喷墨）,打印机,品牌26,三号纸,喷墨,黑色,16*1*1,12,DF60G,简,出库,30082,拣货
AlYn1516Wh,白色 品牌15 15英寸 一体机（16吉字节内存）,一体机,品牌15,15英寸,16吉字节内存,白色,16*1*1,16,CQ53E,艾米,出库,30034,拣货
LaYn14i5Wh,白色 品牌15 14英寸 笔记本电脑（第5代处理器）,笔记本电脑,品牌15,14英寸,第5代处理器,白色,16*1*1,16,CX59F,艾米,出库,30078,拣货
OfOGMLeBl,黑色 品牌07 中号 办公椅（皮革）,办公椅,品牌07,中号,皮革,黑色,16*1*1,16,BG37B,艾米,出库,30032,拣货
AlOv178GGr,灰色 品牌13 17英寸 一体机（8吉字节内存）,一体机,品牌13,17英寸,8吉字节内存,灰色,16*1*1,16,BR95F,简,出库,30081,拣货
CaQE12FiGr,灰色 品牌01 1200 文件柜（文件收纳）,文件柜,品牌01,1200,文件收纳,灰色,8*1*1,8,CK24E,迈克,出库,30083,拣货
TaAE10AdBl,黑色 品牌05 1000 桌子（可调节）,桌子,品牌05,1000,可调节,黑色,8*1*1,7,AY61F,亚历克斯,出库,30068,拣货
PrReA3LaBl,黑色 品牌24 三号纸 打印机（激光）,打印机,品牌24,三号纸,激光,黑色,16*1*1,16,BI90G,艾米丽,出库,30079,拣货
SPNa24SoPi,粉色 品牌23 24 触控笔（可溶性）,触控笔,品牌23,24,可溶性,粉色,48*10*5,2400,DX18B,简,出库,30074,拣货
MoHc45ErWh,白色 品牌09 450 鼠标（人体工学）,鼠标,品牌09,450,人体工学,白色,16*10*1,160,CH02C,简,出库,30043,拣货
LaPH158GGr,灰色 品牌12 15英寸 笔记本电脑（8吉字节内存）,笔记本电脑,品牌12,15英寸,8吉字节内存,灰色,16*1*1,16,BR32A,劳拉,出库,30095,拣货
KeRe45ErNa,藏青色 品牌10 450 键盘（人体工学）,键盘,品牌10,450,人体工学,藏青色,16*10*1,64,AK45G,劳拉,出库,30013,拣货
TaCI15AuGr,灰色 品牌27 1500 桌子（自动调节）,桌子,品牌27,1500,自动调节,灰色,8*1*1,8,AV28H,约翰,出库,30088,拣货
GaXELAdBl,黑色 品牌06 大号 游戏椅（可调节）,游戏椅,品牌06,大号,可调节,黑色,16*1*1,16,BR84C,艾米,出库,30060,拣货
DrRG18SlGr,灰色 品牌03 1800 抽屉柜（滑动式）,抽屉柜,品牌03,1800,滑动式,灰色,8*1*1,8,DH98D,简,出库,30015,拣货
CuTE18SlBl,黑色 品牌04 1800 储物柜（滑动式）,储物柜,品牌04,1800,滑动式,黑色,8*1*1,7,AY56D,简,出库,30071,拣货
GaXEMLeWh,白色 品牌06 中号 游戏椅（皮革）,游戏椅,品牌06,中号,皮革,白色,16*1*1,16,DM84H,克里斯,出库,30056,拣货
TVYn42FHGr,灰色 品牌15 42英寸 电视机（全高清）,电视机,品牌15,42英寸,全高清,灰色,8*1*1,4,CW41E,莎拉,出库,30020,拣货
DrQE12FiWh,白色 品牌01 1200 抽屉柜（文件收纳）,抽屉柜,品牌01,1200,文件收纳,白色,8*1*1,8,DO22B,艾米丽,出库,30059,拣货
OfAEMErBl,黑色 品牌05 中号 办公椅（人体工学）,办公椅,品牌05,中号,人体工学,黑色,16*1*1,12,CN54D,大卫,出库,30076,拣货
DrTE18DoGr,灰色 品牌04 1800 抽屉柜（带门式）,抽屉柜,品牌04,1800,带门式,灰色,8*1*1,8,CX75G,迈克,出库,30095,拣货
GaSESAdBl,黑色 品牌08 小号 游戏椅（可调节）,游戏椅,品牌08,小号,可调节,黑色,16*1*1,1,BN07B,约翰,出库,30019,拣货
CaQE12DoBl,黑色 品牌01 1200 文件柜（带门式）,文件柜,品牌01,1200,带门式,黑色,8*1*1,8,BW77E,迈克,出库,30036,拣货
PrNoA2WiMi,混合色 品牌26 二号纸 打印机（无线网络）,打印机,品牌26,二号纸,无线网络,混合色,16*1*1,16,BK41A,艾米丽,出库,30019,拣货
PeAl24SoGr,灰色 品牌20 24 铅笔（可溶性）,铅笔,品牌20,24,可溶性,灰色,48*10*5,2400,DH76D,劳拉,出库,30001,拣货
PrPHA2InBl,黑色 品牌12 二号纸 打印机（喷墨）,打印机,品牌12,二号纸,喷墨,黑色,16*1*1,7,AO82H,大卫,出库,30025,拣货
LaRe17i5Wh,白色 品牌14 17英寸 笔记本电脑（第5代处理器）,笔记本电脑,品牌14,17英寸,第5代处理器,白色,16*1*1,16,DY28H,约翰,出库,30045,拣货
PeRe24WaGr,灰色 品牌22 24 铅笔（水彩）,铅笔,品牌22,24,水彩,灰色,48*10*5,2400,CL96C,艾米丽,出库,30024,拣货
MoRe45MeWh,白色 品牌10 450 鼠标（机械式）,鼠标,品牌10,450,机械式,白色,16*10*1,8,AN57H,迈克,出库,30034,拣货
LaPH1416Gr,灰色 品牌12 14英寸 笔记本电脑（16吉字节内存）,笔记本电脑,品牌12,14英寸,16吉字节内存,灰色,16*1*1,16,BR85A,劳拉,出库,30090,拣货
PrNoA3InWh,白色 品牌26 三号纸 打印机（喷墨）,打印机,品牌26,三号纸,喷墨,白色,16*1*1,16,AP31H,亚历克斯,出库,30022,拣货
KeSu35MeBl,黑色 品牌11 350 键盘（机械式）,键盘,品牌11,350,机械式,黑色,16*10*1,48,DW15F,莎拉,出库,30056,拣货
DrWE18DoGr,灰色 品牌02 1800 抽屉柜（带门式）,抽屉柜,品牌02,1800,带门式,灰色,8*1*1,5,AO28D,艾米,出库,30012,拣货
KeSu35MeBl,黑色 品牌11 350 键盘（机械式）,键盘,品牌11,350,机械式,黑色,16*10*1,160,DG38A,艾米丽,出库,30094,拣货
TVGL504KGr,灰色 品牌31 50英寸 电视机（超高清）,电视机,品牌31,50英寸,超高清,灰色,8*1*1,8,DZ81G,迈克,出库,30073,拣货
SPGi24HePi,粉色 品牌21 24 触控笔（六角形）,触控笔,品牌21,24,六角形,粉色,48*10*5,2400,AK19F,艾米,出库,30023,拣货
NoMuA3ruWh,白色 品牌19 三号纸 笔记本（横线）,笔记本,品牌19,三号纸,横线,白色,48*10*5,2400,AX89E,克里斯,出库,30068,拣货
KeHc45BlNa,藏青色 品牌09 450 键盘（蓝牙）,键盘,品牌09,450,蓝牙,藏青色,16*10*1,81,CR70A,简,出库,30018,拣货
CuRG90LoBl,黑色 品牌03 900 储物柜（储物锁柜）,储物柜,品牌03,900,储物锁柜,黑色,8*1*1,8,AK26D,艾米丽,出库,30010,拣货
PeRe50HeGr,灰色 品牌22 50 铅笔（六角形）,铅笔,品牌22,50,六角形,灰色,48*10*5,2400,DV28C,简,出库,30099,拣货
PrReA3LaBl,黑色 品牌24 三号纸 打印机（激光）,打印机,品牌24,三号纸,激光,黑色,16*1*1,16,DP13C,艾米,出库,30028,拣货
TVEs324KSi,银色 品牌32 32英寸 电视机（超高清）,电视机,品牌32,32英寸,超高清,银色,8*1*1,8,DQ63A,莎拉,出库,30072,拣货
DrTE18LoBe,米色 品牌04 1800 抽屉柜（储物锁柜）,抽屉柜,品牌04,1800,储物锁柜,米色,8*1*1,8,DV48E,亚历克斯,出库,30084,拣货
LaOv15i7Gr,灰色 品牌13 15英寸 笔记本电脑（第7代处理器）,笔记本电脑,品牌13,15英寸,第7代处理器,灰色,16*1*1,16,CU73D,迈克,出库,30062,拣货
PrNoA4LaBl,黑色 品牌26 四号纸 打印机（激光）,打印机,品牌26,四号纸,激光,黑色,16*1*1,16,BY49D,艾米丽,出库,30039,拣货
TVGn50S4Si,银色 品牌30 50英寸 电视机（超级超高清）,电视机,品牌30,50英寸,超级超高清,银色,8*1*1,8,DV22A,劳拉,出库,30057,拣货
DrTE18LoBe,米色 品牌04 1800 抽屉柜（储物锁柜）,抽屉柜,品牌04,1800,储物锁柜,米色,8*1*1,8,CH75C,克里斯,出库,30015,拣货
AlSu15i7Wh,白色 品牌11 15英寸 一体机（第7代处理器）,一体机,品牌11,15英寸,第7代处理器,白色,16*1*1,9,CH11F,大卫,出库,30099,拣货
MoPH27ErNa,藏青色 品牌12 270 鼠标（人体工学）,鼠标,品牌12,270,人体工学,藏青色,16*10*1,160,BI60C,简,出库,30036,拣货
AlOv158GSi,银色 品牌13 15英寸 一体机（8吉字节内存）,一体机,品牌13,15英寸,8吉字节内存,银色,16*1*1,16,BV69F,艾米丽,出库,30008,拣货
CuWE18FiWh,白色 品牌02 1800 储物柜（文件收纳）,储物柜,品牌02,1800,文件收纳,白色,8*1*1,8,DP55C,大卫,出库,30003,拣货
MoPH27MeNa,藏青色 品牌12 270 鼠标（机械式）,鼠标,品牌12,270,机械式,藏青色,16*10*1,15,DV19E,迈克,出库,30099,拣货
AlYn1532Bl,黑色 品牌15 15英寸 一体机（32吉字节内存）,一体机,品牌15,15英寸,32吉字节内存,黑色,16*1*1,16,DJ63G,克里斯,出库,30059,拣货
AlOv15i7Wh,白色 品牌13 15英寸 一体机（第7代处理器）,一体机,品牌13,15英寸,第7代处理器,白色,16*1*1,16,AI02D,艾米,出库,30009,拣货
GaSEMAdPi,粉色 品牌08 中号 游戏椅（可调节）,游戏椅,品牌08,中号,可调节,粉色,16*1*1,16,DG47A,艾米丽,出库,30052,拣货
TaAE15WoWh,白色 品牌05 1500 桌子（工作站）,桌子,品牌05,1500,工作站,白色,8*1*1,2,CU28D,简,出库,30073,拣货
GaOGMHeWh,白色 品牌07 中号 游戏椅（头枕）,游戏椅,品牌07,中号,头枕,白色,16*1*1,16,CR35H,艾米,出库,30007,拣货
DrWE18LoWh,白色 品牌02 1800 抽屉柜（储物锁柜）,抽屉柜,品牌02,1800,储物锁柜,白色,8*1*1,8,CO79B,艾米,出库,30014,拣货
TVEs324KBl,黑色 品牌32 32英寸 电视机（超高清）,电视机,品牌32,32英寸,超高清,黑色,8*1*1,3,AY71C,艾米丽,出库,30034,拣货
OfOGMAdWh,白色 品牌07 中号 办公椅（可调节）,办公椅,品牌07,中号,可调节,白色,16*1*1,16,AN75B,亚历克斯,出库,30093,拣货
LaYn1432Wh,白色 品牌15 14英寸 笔记本电脑（32吉字节内存）,笔记本电脑,品牌15,14英寸,32吉字节内存,白色,16*1*1,7,BI27D,艾米丽,出库,30045,拣货
OfXELHePi,粉色 品牌06 大号 办公椅（头枕）,办公椅,品牌06,大号,头枕,粉色,16*1*1,7,BS41E,简,出库,30073,拣货
AlYn17i5Si,银色 品牌15 17英寸 一体机（第5代处理器）,一体机,品牌15,17英寸,第5代处理器,银色,16*1*1,16,DJ28B,克里斯,出库,30069,拣货
PrPHA3LaMi,混合色 品牌12 三号纸 打印机（激光）,打印机,品牌12,三号纸,激光,混合色,16*1*1,16,DO93C,艾米丽,出库,30014,拣货
LaOv158GWh,白色 品牌13 15英寸 笔记本电脑（8吉字节内存）,笔记本电脑,品牌13,15英寸,8吉字节内存,白色,16*1*1,16,DG76E,艾米,出库,30006,拣货
CaWE12SlBl,黑色 品牌02 1200 文件柜（滑动式）,文件柜,品牌02,1200,滑动式,黑色,8*1*1,8,CY52E,简,出库,30018,拣货
KeRe27BlBl,黑色 品牌10 270 键盘（蓝牙）,键盘,品牌10,270,蓝牙,黑色,16*10*1,160,DO31D,艾米丽,出库,30022,拣货
TVEs75SFWh,白色 品牌32 75英寸 电视机（超级全高清）,电视机,品牌32,75英寸,超级全高清,白色,8*1*1,8,BU74D,约翰,出库,30070,拣货
OfSESErWh,白色 品牌08 小号 办公椅（人体工学）,办公椅,品牌08,小号,人体工学,白色,16*1*1,3,BJ95D,大卫,出库,30000,拣货
TVGn324KGr,灰色 品牌30 32英寸 电视机（超高清）,电视机,品牌30,32英寸,超高清,灰色,8*1*1,8,AL78E,迈克,出库,30074,拣货
LaPH1416Bl,黑色 品牌12 14英寸 笔记本电脑（16吉字节内存）,笔记本电脑,品牌12,14英寸,16吉字节内存,黑色,16*1*1,3,DW61A,艾米,出库,30021,拣货
PeAl12HeWh,白色 品牌20 12 铅笔（六角形）,铅笔,品牌20,12,六角形,白色,48*10*5,2400,AJ49B,莎拉,出库,30081,拣货
TaTR15WoGr,灰色 品牌28 1500 桌子（工作站）,桌子,品牌28,1500,工作站,灰色,8*1*1,2,BX57H,莎拉,出库,30032,拣货
TaCI18AuBl,黑色 品牌27 1800 桌子（自动调节）,桌子,品牌27,1800,自动调节,黑色,8*1*1,8,BN03E,迈克,出库,30029,拣货
AlOv15i7Wh,白色 品牌13 15英寸 一体机（第7代处理器）,一体机,品牌13,15英寸,第7代处理器,白色,16*1*1,16,BR25E,艾米,出库,30054,拣货
PrSoA2AlBl,黑色 品牌25 二号纸 打印机（一体式）,打印机,品牌25,二号纸,一体式,黑色,16*1*1,16,CR53C,亚历克斯,出库,30021,拣货
TVGn42S4Gr,灰色 品牌30 42英寸 电视机（超级超高清）,电视机,品牌30,42英寸,超级超高清,灰色,8*1*1,8,DW14A,迈克,出库,30098,拣货
MoPH45ErWh,白色 品牌12 450 鼠标（人体工学）,鼠标,品牌12,450,人体工学,白色,16*10*1,105,DP54A,克里斯,出库,30094,拣货
NoMuA3doWh,白色 品牌19 三号纸 笔记本（点阵）,笔记本,品牌19,三号纸,点阵,白色,48*10*5,912,CX48D,莎拉,出库,30062,拣货
CuRG18DoBl,黑色 品牌03 1800 储物柜（带门式）,储物柜,品牌03,1800,带门式,黑色,8*1*1,8,CZ70B,劳拉,出库,30068,拣货
PrNoA2WiBl,黑色 品牌26 二号纸 打印机（无线网络）,打印机,品牌26,二号纸,无线网络,黑色,16*1*1,16,DW75A,劳拉,出库,30015,拣货
GaAESAdPi,粉色 品牌05 小号 游戏椅（可调节）,游戏椅,品牌05,小号,可调节,粉色,16*1*1,9,BO05A,艾米丽,出库,30043,拣货
DrTE12LoBe,米色 品牌04 1200 抽屉柜（储物锁柜）,抽屉柜,品牌04,1200,储物锁柜,米色,8*1*1,7,DN57C,莎拉,出库,30050,拣货
AlSu1416Si,银色 品牌11 14英寸 一体机（16吉字节内存）,一体机,品牌11,14英寸,16吉字节内存,银色,16*1*1,7,AN59F,约翰,出库,30064,拣货
CaRG18FiBl,黑色 品牌03 1800 文件柜（文件收纳）,文件柜,品牌03,1800,文件收纳,黑色,8*1*1,8,AV23F,艾米丽,出库,30054,拣货
PrPHA4MoWh,白色 品牌12 四号纸 打印机（黑白）,打印机,品牌12,四号纸,黑白,白色,16*1*1,16,DK82G,劳拉,出库,30059,拣货
AlOv148GGr,灰色 品牌13 14英寸 一体机（8吉字节内存）,一体机,品牌13,14英寸,8吉字节内存,灰色,16*1*1,16,AU66C,亚历克斯,出库,30038,拣货
OfXESErBl,黑色 品牌06 小号 办公椅（人体工学）,办公椅,品牌06,小号,人体工学,黑色,16*1*1,16,DQ68H,约翰,出库,30077,拣货
AlYn17i7Bl,黑色 品牌15 17英寸 一体机（第7代处理器）,一体机,品牌15,17英寸,第7代处理器,黑色,16*1*1,13,BJ29D,克里斯,出库,30012,拣货
PrPHA3LaGr,灰色 品牌12 三号纸 打印机（激光）,打印机,品牌12,三号纸,激光,灰色,16*1*1,13,AL60A,克里斯,出库,30045,拣货
CaRG18LoGr,灰色 品牌03 1800 文件柜（储物锁柜）,文件柜,品牌03,1800,储物锁柜,灰色,8*1*1,5,BL25F,迈克,出库,30049,拣货
DrQE18LoBe,米色 品牌01 1800 抽屉柜（储物锁柜）,抽屉柜,品牌01,1800,储物锁柜,米色,8*1*1,8,AP25D,迈克,出库,30040,拣货
TVEs504KSi,银色 品牌32 50英寸 电视机（超高清）,电视机,品牌32,50英寸,超高清,银色,8*1*1,6,CP92G,艾米,出库,30034,拣货
CuQE18DoBe,米色 品牌01 1800 储物柜（带门式）,储物柜,品牌01,1800,带门式,米色,8*1*1,2,AU40E,艾米丽,出库,30032,拣货
AlYn1532Bl,黑色 品牌15 15英寸 一体机（32吉字节内存）,一体机,品牌15,15英寸,32吉字节内存,黑色,16*1*1,10,BK52D,大卫,出库,30011,拣货
PrSoA4InGr,灰色 品牌25 四号纸 打印机（喷墨）,打印机,品牌25,四号纸,喷墨,灰色,16*1*1,16,DM98F,迈克,出库,30005,拣货
KeSu45WiWh,白色 品牌11 450 键盘（有线）,键盘,品牌11,450,有线,白色,16*10*1,160,DZ87C,简,出库,30077,拣货
GaOGMLeWh,白色 品牌07 中号 游戏椅（皮革）,游戏椅,品牌07,中号,皮革,白色,16*1*1,8,BL91G,亚历克斯,出库,30085,拣货
CaQE18FiGr,灰色 品牌01 1800 文件柜（文件收纳）,文件柜,品牌01,1800,文件收纳,灰色,8*1*1,5,AM07C,大卫,出库,30096,拣货
CaQE90SlBe,米色 品牌01 900 文件柜（滑动式）,文件柜,品牌01,900,滑动式,米色,8*1*1,8,CY02E,亚历克斯,出库,30075,拣货
PrReA4InWh,白色 品牌24 四号纸 打印机（喷墨）,打印机,品牌24,四号纸,喷墨,白色,16*1*1,10,BN26B,艾米丽,出库,30065,拣货
AlSu15i7Gr,灰色 品牌11 15英寸 一体机（第7代处理器）,一体机,品牌11,15英寸,第7代处理器,灰色,16*1*1,14,BX27A,艾米丽,出库,30047,拣货
PrNoA2InBl,黑色 品牌26 二号纸 打印机（喷墨）,打印机,品牌26,二号纸,喷墨,黑色,16*1*1,16,DO36F,迈克,出库,30044,拣货
PrNoA4LaMi,混合色 品牌26 四号纸 打印机（激光）,打印机,品牌26,四号纸,激光,混合色,16*1*1,16,AS45C,劳拉,出库,30093,拣货
KeRe27MeBl,黑色 品牌10 270 键盘（机械式）,键盘,品牌10,270,机械式,黑色,16*10*1,132,AW42G,约翰,出库,30001,拣货
AlOv17i7Wh,白色 品牌13 17英寸 一体机（第7代处理器）,一体机,品牌13,17英寸,第7代处理器,白色,16*1*1,15,BK17D,艾米,出库,30039,拣货
OfXEMAdWh,白色 品牌06 中号 办公椅（可调节）,办公椅,品牌06,中号,可调节,白色,16*1*1,16,AM32H,莎拉,出库,30051,拣货
CuQE12SlGr,灰色 品牌01 1200 储物柜（滑动式）,储物柜,品牌01,1200,滑动式,灰色,8*1*1,8,DZ29F,艾米丽,出库,30062,拣货
NoMuA3doBl,黑色 品牌19 三号纸 笔记本（点阵）,笔记本,品牌19,三号纸,点阵,黑色,48*10*5,2400,BP96C,迈克,出库,30032,拣货
CaWE12FiGr,灰色 品牌02 1200 文件柜（文件收纳）,文件柜,品牌02,1200,文件收纳,灰色,8*1*1,2,CZ05G,迈克,出库,30017,拣货
MoSu27ErBl,黑色 品牌11 270 鼠标（人体工学）,鼠标,品牌11,270,人体工学,黑色,16*10*1,160,CU81H,简,出库,30013,拣货
PrPHA2LaWh,白色 品牌12 二号纸 打印机（激光）,打印机,品牌12,二号纸,激光,白色,16*1*1,4,AZ18D,简,出库,30062,拣货
AlPH17i5Wh,白色 品牌12 17英寸 一体机（第5代处理器）,一体机,品牌12,17英寸,第5代处理器,白色,16*1*1,4,BM82B,莎拉,出库,30093,拣货
LaOv158GBl,黑色 品牌13 15英寸 笔记本电脑（8吉字节内存）,笔记本电脑,品牌13,15英寸,8吉字节内存,黑色,16*1*1,6,DJ29F,克里斯,出库,30090,拣货
AlYn1432Gr,灰色 品牌15 14英寸 一体机（32吉字节内存）,一体机,品牌15,14英寸,32吉字节内存,灰色,16*1*1,16,AJ96H,亚历克斯,出库,30039,拣货
LaOv17i7Si,银色 品牌13 17英寸 笔记本电脑（第7代处理器）,笔记本电脑,品牌13,17英寸,第7代处理器,银色,16*1*1,16,AR69B,大卫,出库,30032,拣货
PeAl12HeWh,白色 品牌20 12 铅笔（六角形）,铅笔,品牌20,12,六角形,白色,48*10*5,2302,AX18B,简,出库,30084,拣货
SPAl12HeWh,白色 品牌20 12 触控笔（六角形）,触控笔,品牌20,12,六角形,白色,48*10*5,1325,CS97H,迈克,出库,30029,拣货
NoGrA4liGr,灰色 品牌18 四号纸 笔记本（线条）,笔记本,品牌18,四号纸,线条,灰色,48*10*5,2400,DV95A,艾米丽,出库,30067,拣货
OfAESHeWh,白色 品牌05 小号 办公椅（头枕）,办公椅,品牌05,小号,头枕,白色,16*1*1,16,CQ39H,莎拉,出库,30094,拣货
PeGi12HeGr,灰色 品牌21 12 铅笔（六角形）,铅笔,品牌21,12,六角形,灰色,48*10*5,2400,AQ38H,亚历克斯,出库,30043,拣货
AlRe14i5Si,银色 品牌14 14英寸 一体机（第5代处理器）,一体机,品牌14,14英寸,第5代处理器,银色,16*1*1,16,CP90G,约翰,出库,30017,拣货
TVYn50FHGr,灰色 品牌15 50英寸 电视机（全高清）,电视机,品牌15,50英寸,全高清,灰色,8*1*1,1,AV52G,亚历克斯,出库,30052,拣货
MoHc35MePi,粉色 品牌09 350 鼠标（机械式）,鼠标,品牌09,350,机械式,粉色,16*10*1,160,BR29C,大卫,出库,30098,拣货
CuRG90LoGr,灰色 品牌03 900 储物柜（储物锁柜）,储物柜,品牌03,900,储物锁柜,灰色,8*1*1,8,BY88D,艾米,出库,30046,拣货
PrSoA2WiMi,混合色 品牌25 二号纸 打印机（无线网络）,打印机,品牌25,二号纸,无线网络,混合色,16*1*1,6,DO36D,简,出库,30078,拣货
TVEs324KWh,白色 品牌32 32英寸 电视机（超高清）,电视机,品牌32,32英寸,超高清,白色,8*1*1,7,CH98A,劳拉,出库,30082,拣货
PrNoA4InWh,白色 品牌26 四号纸 打印机（喷墨）,打印机,品牌26,四号纸,喷墨,白色,16*1*1,6,CG54F,艾米,出库,30051,拣货
LaOv17i5Bl,黑色 品牌13 17英寸 笔记本电脑（第5代处理器）,笔记本电脑,品牌13,17英寸,第5代处理器,黑色,16*1*1,16,CV87G,艾米,出库,30091,拣货
CuWE12SlGr,灰色 品牌02 1200 储物柜（滑动式）,储物柜,品牌02,1200,滑动式,灰色,8*1*1,8,DF28D,劳拉,出库,30035,拣货
GaOGMHeGr,灰色 品牌07 中号 游戏椅（头枕）,游戏椅,品牌07,中号,头枕,灰色,16*1*1,16,AS53A,大卫,出库,30036,拣货
PeRe12HeWh,白色 品牌22 12 铅笔（六角形）,铅笔,品牌22,12,六角形,白色,48*10*5,1627,DU21B,莎拉,出库,30019,拣货
OfAEMLeBl,黑色 品牌05 中号 办公椅（皮革）,办公椅,品牌05,中号,皮革,黑色,16*1*1,16,DQ04H,克里斯,出库,30091,拣货
DrWE18FiBe,米色 品牌02 1800 抽屉柜（文件收纳）,抽屉柜,品牌02,1800,文件收纳,米色,8*1*1,8,CX41G,大卫,出库,30031,拣货
LaSu1732Bl,黑色 品牌11 17英寸 笔记本电脑（32吉字节内存）,笔记本电脑,品牌11,17英寸,32吉字节内存,黑色,16*1*1,5,AM74G,大卫,出库,30079,拣货
NoScA3liGr,灰色 品牌17 三号纸 笔记本（线条）,笔记本,品牌17,三号纸,线条,灰色,48*10*5,2400,BU58G,劳拉,出库,30082,拣货
LaSu158GSi,银色 品牌11 15英寸 笔记本电脑（8吉字节内存）,笔记本电脑,品牌11,15英寸,8吉字节内存,银色,16*1*1,16,CZ41C,克里斯,出库,30067,拣货
OfOGLErPi,粉色 品牌07 大号 办公椅（人体工学）,办公椅,品牌07,大号,人体工学,粉色,16*1*1,16,DN52H,艾米丽,出库,30090,拣货
AlYn17i7Bl,黑色 品牌15 17英寸 一体机（第7代处理器）,一体机,品牌15,17英寸,第7代处理器,黑色,16*1*1,13,CF11F,艾米丽,出库,30055,拣货
LaYn1732Si,银色 品牌15 17英寸 笔记本电脑（32吉字节内存）,笔记本电脑,品牌15,17英寸,32吉字节内存,银色,16*1*1,2,CS58G,艾米,出库,30005,拣货
LaSu1716Gr,灰色 品牌11 17英寸 笔记本电脑（16吉字节内存）,笔记本电脑,品牌11,17英寸,16吉字节内存,灰色,16*1*1,16,CS87G,大卫,出库,30084,拣货
LaRe158GGr,灰色 品牌14 15英寸 笔记本电脑（8吉字节内存）,笔记本电脑,品牌14,15英寸,8吉字节内存,灰色,16*1*1,14,BI63A,简,出库,30076,拣货
LaSu1416Bl,黑色 品牌11 14英寸 笔记本电脑（16吉字节内存）,笔记本电脑,品牌11,14英寸,16吉字节内存,黑色,16*1*1,16,DK10B,简,出库,30062,拣货
GaAEMHePi,粉色 品牌05 中号 游戏椅（头枕）,游戏椅,品牌05,中号,头枕,粉色,16*1*1,10,DH44D,简,出库,30054,拣货
AlSu17i5Bl,黑色 品牌11 17英寸 一体机（第5代处理器）,一体机,品牌11,17英寸,第5代处理器,黑色,16*1*1,1,DF54F,克里斯,出库,30006,拣货
SPGi12HeWh,白色 品牌21 12 触控笔（六角形）,触控笔,品牌21,12,六角形,白色,48*10*5,2400,AR17G,亚历克斯,出库,30038,拣货
TaTR18AdWh,白色 品牌28 1800 桌子（可调节）,桌子,品牌28,1800,可调节,白色,8*1*1,8,CJ41H,艾米,出库,30077,拣货
OfOGSAdGr,灰色 品牌07 小号 办公椅（可调节）,办公椅,品牌07,小号,可调节,灰色,16*1*1,15,CW94H,莎拉,出库,30074,拣货
DrRG90SlBl,黑色 品牌03 900 抽屉柜（滑动式）,抽屉柜,品牌03,900,滑动式,黑色,8*1*1,6,AJ02G,约翰,出库,30012,拣货
LaPH1532Bl,黑色 品牌12 15英寸 笔记本电脑（32吉字节内存）,笔记本电脑,品牌12,15英寸,32吉字节内存,黑色,16*1*1,16,CG91D,简,出库,30004,拣货
PrNoA3LaMi,混合色 品牌26 三号纸 打印机（激光）,打印机,品牌26,三号纸,激光,混合色,16*1*1,6,BN03A,亚历克斯,出库,30038,拣货
LaSu1532Gr,灰色 品牌11 15英寸 笔记本电脑（32吉字节内存）,笔记本电脑,品牌11,15英寸,32吉字节内存,灰色,16*1*1,16,DR66H,迈克,出库,30007,拣货
SPGi24WaWh,白色 品牌21 24 触控笔（水彩）,触控笔,品牌21,24,水彩,白色,48*10*5,2400,CY56F,克里斯,出库,30020,拣货
OfOGSAdPi,粉色 品牌07 小号 办公椅（可调节）,办公椅,品牌07,小号,可调节,粉色,16*1*1,16,CZ07D,劳拉,出库,30088,拣货
LaSu14i5Si,银色 品牌11 14英寸 笔记本电脑（第5代处理器）,笔记本电脑,品牌11,14英寸,第5代处理器,银色,16*1*1,16,BM10A,克里斯,出库,30059,拣货
LaPH17i5Si,银色 品牌12 17英寸 笔记本电脑（第5代处理器）,笔记本电脑,品牌12,17英寸,第5代处理器,银色,16*1*1,16,AN18G,大卫,出库,30041,拣货
AlPH1516Gr,灰色 品牌12 15英寸 一体机（16吉字节内存）,一体机,品牌12,15英寸,16吉字节内存,灰色,16*1*1,13,CM64B,亚历克斯,出库,30091,拣货
PrPHA2MoMi,混合色 品牌12 二号纸 打印机（黑白）,打印机,品牌12,二号纸,黑白,混合色,16*1*1,16,AI67A,克里斯,出库,30041,拣货
PrSoA4WiGr,灰色 品牌25 四号纸 打印机（无线网络）,打印机,品牌25,四号纸,无线网络,灰色,16*1*1,2,AW47G,约翰,出库,30017,拣货
CuTE18SlGr,灰色 品牌04 1800 储物柜（滑动式）,储物柜,品牌04,1800,滑动式,灰色,8*1*1,7,AY28E,莎拉,出库,30044,拣货
GaOGSAdGr,灰色 品牌07 小号 游戏椅（可调节）,游戏椅,品牌07,小号,可调节,灰色,16*1*1,16,AJ45B,亚历克斯,出库,30080,拣货
MoPH27ErBl,黑色 品牌12 270 鼠标（人体工学）,鼠标,品牌12,270,人体工学,黑色,16*10*1,160,CL37D,简,出库,30019,拣货
DrTE12DoBe,米色 品牌04 1200 抽屉柜（带门式）,抽屉柜,品牌04,1200,带门式,米色,8*1*1,8,AX14D,克里斯,出库,30061,拣货
CuWE12LoWh,白色 品牌02 1200 储物柜（储物锁柜）,储物柜,品牌02,1200,储物锁柜,白色,8*1*1,8,BV51G,克里斯,出库,30046,拣货
DrWE90FiBe,米色 品牌02 900 抽屉柜（文件收纳）,抽屉柜,品牌02,900,文件收纳,米色,8*1*1,8,DH87H,劳拉,出库,30004,拣货
KeRe35WiBl,黑色 品牌10 350 键盘（有线）,键盘,品牌10,350,有线,黑色,16*10*1,142,CM14A,约翰,出库,30031,拣货
GaAESAdGr,灰色 品牌05 小号 游戏椅（可调节）,游戏椅,品牌05,小号,可调节,灰色,16*1*1,16,CJ54A,克里斯,出库,30046,拣货
PrSoA3WiMi,混合色 品牌25 三号纸 打印机（无线网络）,打印机,品牌25,三号纸,无线网络,混合色,16*1*1,16,DZ22G,劳拉,出库,30062,拣货
GaXELErWh,白色 品牌06 大号 游戏椅（人体工学）,游戏椅,品牌06,大号,人体工学,白色,16*1*1,16,CI50A,迈克,出库,30038,拣货
CaQE18SlBl,黑色 品牌01 1800 文件柜（滑动式）,文件柜,品牌01,1800,滑动式,黑色,8*1*1,3,BK22F,大卫,出库,30075,拣货
MoHc27ErPi,粉色 品牌09 270 鼠标（人体工学）,鼠标,品牌09,270,人体工学,粉色,16*10*1,111,BR86E,艾米丽,出库,30024,拣货
SPAl24HeBl,黑色 品牌20 24 触控笔（六角形）,触控笔,品牌20,24,六角形,黑色,48*10*5,2111,CN13E,莎拉,出库,30019,拣货
LaRe148GWh,白色 品牌14 14英寸 笔记本电脑（8吉字节内存）,笔记本电脑,品牌14,14英寸,8吉字节内存,白色,16*1*1,16,BI31D,艾米丽,出库,30092,拣货
TVEs504KWh,白色 品牌32 50英寸 电视机（超高清）,电视机,品牌32,50英寸,超高清,白色,8*1*1,8,CS25F,艾米,出库,30024,拣货
MoSu27WiNa,藏青色 品牌11 270 鼠标（有线）,鼠标,品牌11,270,有线,藏青色,16*10*1,160,AV27F,莎拉,出库,30021,拣货
LaSu14i7Gr,灰色 品牌11 14英寸 笔记本电脑（第7代处理器）,笔记本电脑,品牌11,14英寸,第7代处理器,灰色,16*1*1,3,BX97G,约翰,出库,30053,拣货
SPRe12SoBl,黑色 品牌22 12 触控笔（可溶性）,触控笔,品牌22,12,可溶性,黑色,48*10*5,130,BK55G,劳拉,出库,30062,拣货
LaOv14i5Wh,白色 品牌13 14英寸 笔记本电脑（第5代处理器）,笔记本电脑,品牌13,14英寸,第5代处理器,白色,16*1*1,16,AO29H,迈克,出库,30032,拣货
MoSu45MeWh,白色 品牌11 450 鼠标（机械式）,鼠标,品牌11,450,机械式,白色,16*10*1,149,BU11C,约翰,出库,30025,拣货
AlPH15i7Si,银色 品牌12 15英寸 一体机（第7代处理器）,一体机,品牌12,15英寸,第7代处理器,银色,16*1*1,4,DW01E,艾米,出库,30080,拣货
PrPHA3InGr,灰色 品牌12 三号纸 打印机（喷墨）,打印机,品牌12,三号纸,喷墨,灰色,16*1*1,12,CS10E,约翰,出库,30019,拣货
CuRG90FiBl,黑色 品牌03 900 储物柜（文件收纳）,储物柜,品牌03,900,文件收纳,黑色,8*1*1,3,DX61E,克里斯,出库,30025,拣货
LaRe158GWh,白色 品牌14 15英寸 笔记本电脑（8吉字节内存）,笔记本电脑,品牌14,15英寸,8吉字节内存,白色,16*1*1,16,BL64G,莎拉,出库,30055,拣货
CaQE12SlWh,白色 品牌01 1200 文件柜（滑动式）,文件柜,品牌01,1200,滑动式,白色,8*1*1,6,CL46D,莎拉,出库,30099,拣货
DrTE12FiGr,灰色 品牌04 1200 抽屉柜（文件收纳）,抽屉柜,品牌04,1200,文件收纳,灰色,8*1*1,2,DU59D,约翰,出库,30035,拣货
MoSu45WiNa,藏青色 品牌11 450 鼠标（有线）,鼠标,品牌11,450,有线,藏青色,16*10*1,57,BR78G,亚历克斯,出库,30033,拣货
TVGL50S4Wh,白色 品牌31 50英寸 电视机（超级超高清）,电视机,品牌31,50英寸,超级超高清,白色,8*1*1,8,AJ03B,劳拉,出库,30088,拣货
TVYn50FHBl,黑色 品牌15 50英寸 电视机（全高清）,电视机,品牌15,50英寸,全高清,黑色,8*1*1,8,DF77C,迈克,出库,30030,拣货
PeNa12HeWh,白色 品牌23 12 铅笔（六角形）,铅笔,品牌23,12,六角形,白色,48*10*5,2342,CS08A,约翰,出库,30088,拣货
OfAESHeGr,灰色 品牌05 小号 办公椅（头枕）,办公椅,品牌05,小号,头枕,灰色,16*1*1,13,CU75E,克里斯,出库,30058,拣货
GaXEMHePi,粉色 品牌06 中号 游戏椅（头枕）,游戏椅,品牌06,中号,头枕,粉色,16*1*1,16,BM48B,大卫,出库,30054,拣货
AlPH15i5Si,银色 品牌12 15英寸 一体机（第5代处理器）,一体机,品牌12,15英寸,第5代处理器,银色,16*1*1,1,DU25E,简,出库,30089,拣货
AlSu15i5Wh,白色 品牌11 15英寸 一体机（第5代处理器）,一体机,品牌11,15英寸,第5代处理器,白色,16*1*1,9,BO26H,艾米丽,出库,30010,拣货
MoHc45BlNa,藏青色 品牌09 450 鼠标（蓝牙）,鼠标,品牌09,450,蓝牙,藏青色,16*10*1,152,CZ14D,迈克,出库,30055,拣货
CuWE12FiWh,白色 品牌02 1200 储物柜（文件收纳）,储物柜,品牌02,1200,文件收纳,白色,8*1*1,8,BT60C,大卫,出库,30065,拣货
PrNoA2MoWh,白色 品牌26 二号纸 打印机（黑白）,打印机,品牌26,二号纸,黑白,白色,16*1*1,12,AS31E,亚历克斯,出库,30098,拣货
TVGL42FHSi,银色 品牌31 42英寸 电视机（全高清）,电视机,品牌31,42英寸,全高清,银色,8*1*1,1,AM39A,艾米丽,出库,30055,拣货
NoExA3liBl,黑色 品牌16 三号纸 笔记本（线条）,笔记本,品牌16,三号纸,线条,黑色,48*10*5,2400,CW70B,亚历克斯,出库,30023,拣货
TaTR15AdSi,银色 品牌28 1500 桌子（可调节）,桌子,品牌28,1500,可调节,银色,8*1*1,8,AM50C,简,出库,30004,拣货
GaSESErGr,灰色 品牌08 小号 游戏椅（人体工学）,游戏椅,品牌08,小号,人体工学,灰色,16*1*1,16,AF42A,艾米,出库,30077,拣货
PrPHA4InGr,灰色 品牌12 四号纸 打印机（喷墨）,打印机,品牌12,四号纸,喷墨,灰色,16*1*1,16,AX16C,大卫,出库,30077,拣货
GaOGSAdPi,粉色 品牌07 小号 游戏椅（可调节）,游戏椅,品牌07,小号,可调节,粉色,16*1*1,9,DZ13H,劳拉,出库,30039,拣货
GaXEMHeBl,黑色 品牌06 中号 游戏椅（头枕）,游戏椅,品牌06,中号,头枕,黑色,16*1*1,16,AH22D,迈克,出库,30002,拣货
LaYn178GSi,银色 品牌15 17英寸 笔记本电脑（8吉字节内存）,笔记本电脑,品牌15,17英寸,8吉字节内存,银色,16*1*1,11,DR19F,大卫,出库,30061,拣货
LaOv15i5Wh,白色 品牌13 15英寸 笔记本电脑（第5代处理器）,笔记本电脑,品牌13,15英寸,第5代处理器,白色,16*1*1,6,AT17F,迈克,出库,30055,拣货
CuWE18FiGr,灰色 品牌02 1800 储物柜（文件收纳）,储物柜,品牌02,1800,文件收纳,灰色,8*1*1,8,CY82B,劳拉,出库,30006,拣货
AlPH14i5Gr,灰色 品牌12 14英寸 一体机（第5代处理器）,一体机,品牌12,14英寸,第5代处理器,灰色,16*1*1,16,DW33G,克里斯,出库,30003,拣货
GaSESLeGr,灰色 品牌08 小号 游戏椅（皮革）,游戏椅,品牌08,小号,皮革,灰色,16*1*1,16,CG66B,克里斯,出库,30001,拣货
CaRG18DoWh,白色 品牌03 1800 文件柜（带门式）,文件柜,品牌03,1800,带门式,白色,8*1*1,8,DP81E,莎拉,出库,30068,拣货
OfOGMAdWh,白色 品牌07 中号 办公椅（可调节）,办公椅,品牌07,中号,可调节,白色,16*1*1,11,BI61D,劳拉,出库,30011,拣货
MoHc27ErBl,黑色 品牌09 270 鼠标（人体工学）,鼠标,品牌09,270,人体工学,黑色,16*10*1,35,BO52D,克里斯,出库,30068,拣货
NoExA5ruSi,银色 品牌16 五号纸 笔记本（横线）,笔记本,品牌16,五号纸,横线,银色,48*10*5,1162,AI72H,克里斯,出库,30024,拣货
MoSu35MeNa,藏青色 品牌11 350 鼠标（机械式）,鼠标,品牌11,350,机械式,藏青色,16*10*1,65,DX91E,艾米,出库,30028,拣货
PrPHA3AlBl,黑色 品牌12 三号纸 打印机（一体式）,打印机,品牌12,三号纸,一体式,黑色,16*1*1,16,BT67G,劳拉,出库,30063,拣货
TVYn324KWh,白色 品牌15 32英寸 电视机（超高清）,电视机,品牌15,32英寸,超高清,白色,8*1*1,8,BN89G,劳拉,出库,30055,拣货
LaOv1516Wh,白色 品牌13 15英寸 笔记本电脑（16吉字节内存）,笔记本电脑,品牌13,15英寸,16吉字节内存,白色,16*1*1,16,BO63C,克里斯,出库,30008,拣货
SPAl12SoBl,黑色 品牌20 12 触控笔（可溶性）,触控笔,品牌20,12,可溶性,黑色,48*10*5,1900,CX16B,大卫,出库,30055,拣货
TVGL65SFBl,黑色 品牌31 65英寸 电视机（超级全高清）,电视机,品牌31,65英寸,超级全高清,黑色,8*1*1,8,DX90A,莎拉,出库,30004,拣货
TVEs42SFWh,白色 品牌32 42英寸 电视机（超级全高清）,电视机,品牌32,42英寸,超级全高清,白色,8*1*1,8,DX86H,莎拉,出库,30004,拣货
NoExA3ruBl,黑色 品牌16 三号纸 笔记本（横线）,笔记本,品牌16,三号纸,横线,黑色,48*10*5,2392,DM25D,劳拉,出库,30003,拣货
AlOv1516Si,银色 品牌13 15英寸 一体机（16吉字节内存）,一体机,品牌13,15英寸,16吉字节内存,银色,16*1*1,16,AX11C,大卫,出库,30023,拣货
AlRe14i7Bl,黑色 品牌14 14英寸 一体机（第7代处理器）,一体机,品牌14,14英寸,第7代处理器,黑色,16*1*1,8,CK67E,莎拉,出库,30074,拣货
NoGrA4liBl,黑色 品牌18 四号纸 笔记本（线条）,笔记本,品牌18,四号纸,线条,黑色,48*10*5,1322,DM20B,艾米丽,出库,30030,拣货
AlYn178GGr,灰色 品牌15 17英寸 一体机（8吉字节内存）,一体机,品牌15,17英寸,8吉字节内存,灰色,16*1*1,6,AK93G,亚历克斯,出库,30047,拣货
LaPH17i7Bl,黑色 品牌12 17英寸 笔记本电脑（第7代处理器）,笔记本电脑,品牌12,17英寸,第7代处理器,黑色,16*1*1,16,CF65D,亚历克斯,出库,30035,拣货
TVGn42FHGr,灰色 品牌30 42英寸 电视机（全高清）,电视机,品牌30,42英寸,全高清,灰色,8*1*1,6,CF42G,劳拉,出库,30049,拣货
NoMuA3doWh,白色 品牌19 三号纸 笔记本（点阵）,笔记本,品牌19,三号纸,点阵,白色,48*10*5,2400,CN96F,劳拉,出库,30096,拣货
SPGi24HePi,粉色 品牌21 24 触控笔（六角形）,触控笔,品牌21,24,六角形,粉色,48*10*5,2400,BP68E,约翰,出库,30043,拣货
MoRe45WiWh,白色 品牌10 450 鼠标（有线）,鼠标,品牌10,450,有线,白色,16*10*1,160,AL51B,劳拉,出库,30053,拣货
NoGrA5liBl,黑色 品牌18 五号纸 笔记本（线条）,笔记本,品牌18,五号纸,线条,黑色,48*10*5,1289,CG61H,亚历克斯,出库,30053,拣货
PrSoA3AlGr,灰色 品牌25 三号纸 打印机（一体式）,打印机,品牌25,三号纸,一体式,灰色,16*1*1,16,AG94B,简,出库,30096,拣货
AlPH17i7Bl,黑色 品牌12 17英寸 一体机（第7代处理器）,一体机,品牌12,17英寸,第7代处理器,黑色,16*1*1,6,DI57E,莎拉,出库,30091,拣货
GaAEMAdGr,灰色 品牌05 中号 游戏椅（可调节）,游戏椅,品牌05,中号,可调节,灰色,16*1*1,16,BV92E,亚历克斯,出库,30083,拣货
PrNoA3LaBl,黑色 品牌26 三号纸 打印机（激光）,打印机,品牌26,三号纸,激光,黑色,16*1*1,11,BQ18D,劳拉,出库,30009,拣货
NoMuA4doGr,灰色 品牌19 四号纸 笔记本（点阵）,笔记本,品牌19,四号纸,点阵,灰色,48*10*5,359,AH50A,莎拉,出库,30023,拣货
PrSoA4LaBl,黑色 品牌25 四号纸 打印机（激光）,打印机,品牌25,四号纸,激光,黑色,16*1*1,15,CH22D,莎拉,出库,30060,拣货
TaTR15FrGr,灰色 品牌28 1500 桌子（框架式）,桌子,品牌28,1500,框架式,灰色,8*1*1,2,BF77F,约翰,出库,30002,拣货
GaXELHeWh,白色 品牌06 大号 游戏椅（头枕）,游戏椅,品牌06,大号,头枕,白色,16*1*1,3,AH09H,艾米丽,出库,30031,拣货
CuWE18SlWh,白色 品牌02 1800 储物柜（滑动式）,储物柜,品牌02,1800,滑动式,白色,8*1*1,5,BX43C,迈克,出库,30062,拣货
DrRG12DoBl,黑色 品牌03 1200 抽屉柜（带门式）,抽屉柜,品牌03,1200,带门式,黑色,8*1*1,8,AS21F,莎拉,出库,30081,拣货
AlSu17i7Gr,灰色 品牌11 17英寸 一体机（第7代处理器）,一体机,品牌11,17英寸,第7代处理器,灰色,16*1*1,4,DK02E,莎拉,出库,30036,拣货
LaYn178GWh,白色 品牌15 17英寸 笔记本电脑（8吉字节内存）,笔记本电脑,品牌15,17英寸,8吉字节内存,白色,16*1*1,3,AX86E,大卫,出库,30068,拣货
CuRG18LoBl,黑色 品牌03 1800 储物柜（储物锁柜）,储物柜,品牌03,1800,储物锁柜,黑色,8*1*1,8,BY21H,迈克,出库,30016,拣货
CaQE90DoBe,米色 品牌01 900 文件柜（带门式）,文件柜,品牌01,900,带门式,米色,8*1*1,8,BV78B,约翰,出库,30085,拣货
OfAEMErPi,粉色 品牌05 中号 办公椅（人体工学）,办公椅,品牌05,中号,人体工学,粉色,16*1*1,16,DV02E,劳拉,出库,30006,拣货
AlRe1732Gr,灰色 品牌14 17英寸 一体机（32吉字节内存）,一体机,品牌14,17英寸,32吉字节内存,灰色,16*1*1,16,DV69G,大卫,出库,30043,拣货
SPNa50SoPi,粉色 品牌23 50 触控笔（可溶性）,触控笔,品牌23,50,可溶性,粉色,48*10*5,2228,BW13F,约翰,出库,30040,拣货
LaOv17i7Wh,白色 品牌13 17英寸 笔记本电脑（第7代处理器）,笔记本电脑,品牌13,17英寸,第7代处理器,白色,16*1*1,11,DJ10G,艾米丽,出库,30009,拣货
PrSoA2AlMi,混合色 品牌25 二号纸 打印机（一体式）,打印机,品牌25,二号纸,一体式,混合色,16*1*1,16,AU32D,迈克,出库,30004,拣货
CuRG12DoBe,米色 品牌03 1200 储物柜（带门式）,储物柜,品牌03,1200,带门式,米色,8*1*1,5,AZ16A,艾米丽,出库,30088,拣货
LaPH1416Wh,白色 品牌12 14英寸 笔记本电脑（16吉字节内存）,笔记本电脑,品牌12,14英寸,16吉字节内存,白色,16*1*1,10,CS67B,简,出库,30072,拣货
TVGL65SFWh,白色 品牌31 65英寸 电视机（超级全高清）,电视机,品牌31,65英寸,超级全高清,白色,8*1*1,8,DX85C,亚历克斯,出库,30044,拣货
MoRe27MeWh,白色 品牌10 270 鼠标（机械式）,鼠标,品牌10,270,机械式,白色,16*10*1,160,AN52A,莎拉,出库,30033,拣货
PrPHA2AlBl,黑色 品牌12 二号纸 打印机（一体式）,打印机,品牌12,二号纸,一体式,黑色,16*1*1,5,BV69C,迈克,出库,30029,拣货
LaOv1416Gr,灰色 品牌13 14英寸 笔记本电脑（16吉字节内存）,笔记本电脑,品牌13,14英寸,16吉字节内存,灰色,16*1*1,13,BQ76E,迈克,出库,30007,拣货
LaSu1716Gr,灰色 品牌11 17英寸 笔记本电脑（16吉字节内存）,笔记本电脑,品牌11,17英寸,16吉字节内存,灰色,16*1*1,16,DO89E,莎拉,出库,30001,拣货
CaRG18DoBe,米色 品牌03 1800 文件柜（带门式）,文件柜,品牌03,1800,带门式,米色,8*1*1,1,AK44C,亚历克斯,出库,30064,拣货
AlRe1516Gr,灰色 品牌14 15英寸 一体机（16吉字节内存）,一体机,品牌14,15英寸,16吉字节内存,灰色,16*1*1,16,CZ22E,艾米,出库,30067,拣货
CuWE12LoBe,米色 品牌02 1200 储物柜（储物锁柜）,储物柜,品牌02,1200,储物锁柜,米色,8*1*1,8,BZ55G,劳拉,出库,30057,拣货
PrPHA3WiGr,灰色 品牌12 三号纸 打印机（无线网络）,打印机,品牌12,三号纸,无线网络,灰色,16*1*1,1,CN53H,艾米,出库,30072,拣货
MoSu27WiNa,藏青色 品牌11 270 鼠标（有线）,鼠标,品牌11,270,有线,藏青色,16*10*1,160,DF71H,克里斯,出库,30001,拣货
TaTR15WoWh,白色 品牌29 1500 桌子（工作站）,桌子,品牌29,1500,工作站,白色,8*1*1,8,DJ38E,亚历克斯,出库,30071,拣货
PrPHA4LaWh,白色 品牌12 四号纸 打印机（激光）,打印机,品牌12,四号纸,激光,白色,16*1*1,16,BS12A,亚历克斯,出库,30051,拣货
TaCI18FrSi,银色 品牌27 1800 桌子（框架式）,桌子,品牌27,1800,框架式,银色,8*1*1,8,CT06G,约翰,出库,30085,拣货
DrRG12LoGr,灰色 品牌03 1200 抽屉柜（储物锁柜）,抽屉柜,品牌03,1200,储物锁柜,灰色,8*1*1,8,CU57E,克里斯,出库,30036,拣货
LaPH178GBl,黑色 品牌12 17英寸 笔记本电脑（8吉字节内存）,笔记本电脑,品牌12,17英寸,8吉字节内存,黑色,16*1*1,7,AS82C,亚历克斯,出库,30005,拣货
DrWE90LoBe,米色 品牌02 900 抽屉柜（储物锁柜）,抽屉柜,品牌02,900,储物锁柜,米色,8*1*1,8,CU49D,简,出库,30085,拣货
OfAELErGr,灰色 品牌05 大号 办公椅（人体工学）,办公椅,品牌05,大号,人体工学,灰色,16*1*1,5,BW15D,克里斯,出库,30040,拣货
AlSu1432Bl,黑色 品牌11 14英寸 一体机（32吉字节内存）,一体机,品牌11,14英寸,32吉字节内存,黑色,16*1*1,5,AM05H,约翰,出库,30061,拣货
OfOGLHeBl,黑色 品牌07 大号 办公椅（头枕）,办公椅,品牌07,大号,头枕,黑色,16*1*1,14,CY98A,亚历克斯,出库,30095,拣货
DrTE12DoWh,白色 品牌04 1200 抽屉柜（带门式）,抽屉柜,品牌04,1200,带门式,白色,8*1*1,5,BT81D,迈克,出库,30060,拣货
LaYn14i5Wh,白色 品牌15 14英寸 笔记本电脑（第5代处理器）,笔记本电脑,品牌15,14英寸,第5代处理器,白色,16*1*1,16,AU92A,艾米丽,出库,30019,拣货
OfSEMErPi,粉色 品牌08 中号 办公椅（人体工学）,办公椅,品牌08,中号,人体工学,粉色,16*1*1,16,CH20G,大卫,出库,30006,拣货
AlOv15i7Gr,灰色 品牌13 15英寸 一体机（第7代处理器）,一体机,品牌13,15英寸,第7代处理器,灰色,16*1*1,11,BJ06D,劳拉,出库,30091,拣货
TVGn504KWh,白色 品牌30 50英寸 电视机（超高清）,电视机,品牌30,50英寸,超高清,白色,8*1*1,8,AK31A,劳拉,出库,30047,拣货
OfSEMErBl,黑色 品牌08 中号 办公椅（人体工学）,办公椅,品牌08,中号,人体工学,黑色,16*1*1,6,AX96A,大卫,出库,30043,拣货
CuTE18LoWh,白色 品牌04 1800 储物柜（储物锁柜）,储物柜,品牌04,1800,储物锁柜,白色,8*1*1,8,BZ15C,亚历克斯,出库,30024,拣货
MoHc27ErBl,黑色 品牌09 270 鼠标（人体工学）,鼠标,品牌09,270,人体工学,黑色,16*10*1,132,BT54F,简,出库,30087,拣货
OfOGSAdGr,灰色 品牌07 小号 办公椅（可调节）,办公椅,品牌07,小号,可调节,灰色,16*1*1,12,BY30F,简,出库,30087,拣货
TVEs75FHGr,灰色 品牌32 75英寸 电视机（全高清）,电视机,品牌32,75英寸,全高清,灰色,8*1*1,3,CL91A,艾米,出库,30066,拣货
DrQE12SlGr,灰色 品牌01 1200 抽屉柜（滑动式）,抽屉柜,品牌01,1200,滑动式,灰色,8*1*1,8,DJ41H,大卫,出库,30040,拣货
KeHc27BlPi,粉色 品牌09 270 键盘（蓝牙）,键盘,品牌09,270,蓝牙,粉色,16*10*1,137,DF08A,约翰,出库,30072,拣货
TaCI10AdBl,黑色 品牌27 1000 桌子（可调节）,桌子,品牌27,1000,可调节,黑色,8*1*1,8,AN38B,亚历克斯,出库,30051,拣货
DrQE18FiBe,米色 品牌01 1800 抽屉柜（文件收纳）,抽屉柜,品牌01,1800,文件收纳,米色,8*1*1,8,DH69C,克里斯,出库,30095,拣货
KeHc27BlBl,黑色 品牌09 270 键盘（蓝牙）,键盘,品牌09,270,蓝牙,黑色,16*10*1,10,CT66D,简,出库,30070,拣货
AlYn17i7Bl,黑色 品牌15 17英寸 一体机（第7代处理器）,一体机,品牌15,17英寸,第7代处理器,黑色,16*1*1,7,CJ52G,约翰,出库,30051,拣货
OfXELErGr,灰色 品牌06 大号 办公椅（人体工学）,办公椅,品牌06,大号,人体工学,灰色,16*1*1,9,BZ26A,亚历克斯,出库,30091,拣货
SPAl50HeBl,黑色 品牌20 50 触控笔（六角形）,触控笔,品牌20,50,六角形,黑色,48*10*5,2400,DM35F,艾米丽,出库,30066,拣货
CuWE90FiGr,灰色 品牌02 900 储物柜（文件收纳）,储物柜,品牌02,900,文件收纳,灰色,8*1*1,4,AU85A,莎拉,出库,30011,拣货
SPRe50SoPi,粉色 品牌22 50 触控笔（可溶性）,触控笔,品牌22,50,可溶性,粉色,48*10*5,2400,CV65E,大卫,出库,30019,拣货
PrReA2WiBl,黑色 品牌24 二号纸 打印机（无线网络）,打印机,品牌24,二号纸,无线网络,黑色,16*1*1,16,DL55F,劳拉,出库,30015,拣货
CaWE18DoGr,灰色 品牌02 1800 文件柜（带门式）,文件柜,品牌02,1800,带门式,灰色,8*1*1,8,AQ44F,莎拉,出库,30015,拣货
CaTE18FiGr,灰色 品牌04 1800 文件柜（文件收纳）,文件柜,品牌04,1800,文件收纳,灰色,8*1*1,6,CH06H,迈克,出库,30050,拣货
PeAl12WaPi,粉色 品牌20 12 铅笔（水彩）,铅笔,品牌20,12,水彩,粉色,48*10*5,342,BY63H,劳拉,出库,30055,拣货
MoHc45WiNa,藏青色 品牌09 450 鼠标（有线）,鼠标,品牌09,450,有线,藏青色,16*10*1,124,BU63A,艾米丽,出库,30016,拣货
PeRe12SoBl,黑色 品牌22 12 铅笔（可溶性）,铅笔,品牌22,12,可溶性,黑色,48*10*5,2014,BW35C,艾米,出库,30050,拣货
NoGrA4doGr,灰色 品牌18 四号纸 笔记本（点阵）,笔记本,品牌18,四号纸,点阵,灰色,48*10*5,2400,CU08D,大卫,出库,30011,拣货
GaXEMLeWh,白色 品牌06 中号 游戏椅（皮革）,游戏椅,品牌06,中号,皮革,白色,16*1*1,16,BF87B,大卫,出库,30060,拣货
PrSoA2MoMi,混合色 品牌25 二号纸 打印机（黑白）,打印机,品牌25,二号纸,黑白,混合色,16*1*1,16,AG49A,迈克,出库,30053,拣货
LaPH17i7Bl,黑色 品牌12 17英寸 笔记本电脑（第7代处理器）,笔记本电脑,品牌12,17英寸,第7代处理器,黑色,16*1*1,16,CI52G,艾米丽,出库,30098,拣货
TaCI15AdGr,灰色 品牌27 1500 桌子（可调节）,桌子,品牌27,1500,可调节,灰色,8*1*1,1,CT75B,克里斯,出库,30088,拣货
LaSu17i7Si,银色 品牌11 17英寸 笔记本电脑（第7代处理器）,笔记本电脑,品牌11,17英寸,第7代处理器,银色,16*1*1,9,BY84A,艾米,出库,30001,拣货
NoMuA5ruWh,白色 品牌19 五号纸 笔记本（横线）,笔记本,品牌19,五号纸,横线,白色,48*10*5,2400,BQ70D,艾米丽,出库,30026,拣货
LaSu15i5Gr,灰色 品牌11 15英寸 笔记本电脑（第5代处理器）,笔记本电脑,品牌11,15英寸,第5代处理器,灰色,16*1*1,16,AX53G,大卫,出库,30077,拣货
KePH35MeBl,黑色 品牌12 350 键盘（机械式）,键盘,品牌12,350,机械式,黑色,16*10*1,160,AO52C,莎拉,出库,30062,拣货
KeRe27MePi,粉色 品牌10 270 键盘（机械式）,键盘,品牌10,270,机械式,粉色,16*10*1,49,AY62H,迈克,出库,30004,拣货
GaOGSAdGr,灰色 品牌07 小号 游戏椅（可调节）,游戏椅,品牌07,小号,可调节,灰色,16*1*1,16,AT98B,亚历克斯,出库,30090,拣货
CaQE90DoGr,灰色 品牌01 900 文件柜（带门式）,文件柜,品牌01,900,带门式,灰色,8*1*1,7,DI35D,亚历克斯,出库,30099,拣货
PeAl50HeWh,白色 品牌20 50 铅笔（六角形）,铅笔,品牌20,50,六角形,白色,48*10*5,6,CH09B,劳拉,出库,30008,拣货
OfSEMErBl,黑色 品牌08 中号 办公椅（人体工学）,办公椅,品牌08,中号,人体工学,黑色,16*1*1,16,CX32E,大卫,出库,30022,拣货
DrQE18SlBe,米色 品牌01 1800 抽屉柜（滑动式）,抽屉柜,品牌01,1800,滑动式,米色,8*1*1,1,BY02C,克里斯,出库,30086,拣货
GaAEMErGr,灰色 品牌05 中号 游戏椅（人体工学）,游戏椅,品牌05,中号,人体工学,灰色,16*1*1,9,BK75G,简,出库,30056,拣货
GaSESErGr,灰色 品牌08 小号 游戏椅（人体工学）,游戏椅,品牌08,小号,人体工学,灰色,16*1*1,16,CK30C,大卫,出库,30087,拣货
GaOGLHeBl,黑色 品牌07 大号 游戏椅（头枕）,游戏椅,品牌07,大号,头枕,黑色,16*1*1,7,BW28E,艾米,出库,30052,拣货
CaQE18SlWh,白色 品牌01 1800 文件柜（滑动式）,文件柜,品牌01,1800,滑动式,白色,8*1*1,8,BG03A,约翰,出库,30009,拣货
GaAEMHeGr,灰色 品牌05 中号 游戏椅（头枕）,游戏椅,品牌05,中号,头枕,灰色,16*1*1,5,BT67C,迈克,出库,30034,拣货
CuWE90SlBe,米色 品牌02 900 储物柜（滑动式）,储物柜,品牌02,900,滑动式,米色,8*1*1,8,AN66G,克里斯,出库,30089,拣货
PrSoA3InWh,白色 品牌25 三号纸 打印机（喷墨）,打印机,品牌25,三号纸,喷墨,白色,16*1*1,6,CW76E,克里斯,出库,30054,拣货
TVGL32SFSi,银色 品牌31 32英寸 电视机（超级全高清）,电视机,品牌31,32英寸,超级全高清,银色,8*1*1,2,DV92E,劳拉,出库,30046,拣货
AlPH14i5Bl,黑色 品牌12 14英寸 一体机（第5代处理器）,一体机,品牌12,14英寸,第5代处理器,黑色,16*1*1,16,AV46H,劳拉,出库,30075,拣货
PrSoA3AlWh,白色 品牌25 三号纸 打印机（一体式）,打印机,品牌25,三号纸,一体式,白色,16*1*1,16,CW54H,艾米丽,出库,30046,拣货
AlOv14i7Gr,灰色 品牌13 14英寸 一体机（第7代处理器）,一体机,品牌13,14英寸,第7代处理器,灰色,16*1*1,5,DY68G,亚历克斯,出库,30034,拣货
TaAE10AdGr,灰色 品牌05 1000 桌子（可调节）,桌子,品牌05,1000,可调节,灰色,8*1*1,8,DT38F,约翰,出库,30044,拣货
PrNoA4MoMi,混合色 品牌26 四号纸 打印机（黑白）,打印机,品牌26,四号纸,黑白,混合色,16*1*1,16,CM38A,简,出库,30089,拣货
TaTR15WoBl,黑色 品牌29 1500 桌子（工作站）,桌子,品牌29,1500,工作站,黑色,8*1*1,8,DR84E,大卫,出库,30000,拣货
LaOv178GWh,白色 品牌13 17英寸 笔记本电脑（8吉字节内存）,笔记本电脑,品牌13,17英寸,8吉字节内存,白色,16*1*1,12,AT59G,莎拉,出库,30073,拣货
LaOv1716Gr,灰色 品牌13 17英寸 笔记本电脑（16吉字节内存）,笔记本电脑,品牌13,17英寸,16吉字节内存,灰色,16*1*1,13,AH87B,简,出库,30086,拣货
TVGn65SFWh,白色 品牌30 65英寸 电视机（超级全高清）,电视机,品牌30,65英寸,超级全高清,白色,8*1*1,8,CU01F,克里斯,出库,30037,拣货
CuQE90FiBl,黑色 品牌01 900 储物柜（文件收纳）,储物柜,品牌01,900,文件收纳,黑色,8*1*1,8,AS94B,约翰,出库,30007,拣货
KePH35MeBl,黑色 品牌12 350 键盘（机械式）,键盘,品牌12,350,机械式,黑色,16*10*1,129,CN65C,简,出库,30045,拣货
PrNoA4InMi,混合色 品牌26 四号纸 打印机（喷墨）,打印机,品牌26,四号纸,喷墨,混合色,16*1*1,16,BQ10D,劳拉,出库,30018,拣货
AlSu148GBl,黑色 品牌11 14英寸 一体机（8吉字节内存）,一体机,品牌11,14英寸,8吉字节内存,黑色,16*1*1,16,DJ67G,大卫,出库,30022,拣货
CaWE12LoBe,米色 品牌02 1200 文件柜（储物锁柜）,文件柜,品牌02,1200,储物锁柜,米色,8*1*1,6,CU25H,艾米,出库,30022,拣货
AlYn1516Wh,白色 品牌15 15英寸 一体机（16吉字节内存）,一体机,品牌15,15英寸,16吉字节内存,白色,16*1*1,16,DR58E,迈克,出库,30082,拣货
TVGL504KSi,银色 品牌31 50英寸 电视机（超高清）,电视机,品牌31,50英寸,超高清,银色,8*1*1,6,AW21F,大卫,出库,30020,拣货
KeRe35MeBl,黑色 品牌10 350 键盘（机械式）,键盘,品牌10,350,机械式,黑色,16*10*1,102,CL14C,艾米,出库,30015,拣货
CuQE12SlGr,灰色 品牌01 1200 储物柜（滑动式）,储物柜,品牌01,1200,滑动式,灰色,8*1*1,8,BH22G,艾米,出库,30028,拣货
OfOGMLeBl,黑色 品牌07 中号 办公椅（皮革）,办公椅,品牌07,中号,皮革,黑色,16*1*1,11,DU46A,劳拉,出库,30061,拣货
KeSu35WiNa,藏青色 品牌11 350 键盘（有线）,键盘,品牌11,350,有线,藏青色,16*10*1,49,CQ28D,亚历克斯,出库,30050,拣货
CuWE18FiGr,灰色 品牌02 1800 储物柜（文件收纳）,储物柜,品牌02,1800,文件收纳,灰色,8*1*1,8,AY25E,亚历克斯,出库,30040,拣货
TVGn32S4Bl,黑色 品牌30 32英寸 电视机（超级超高清）,电视机,品牌30,32英寸,超级超高清,黑色,8*1*1,4,CG52H,艾米,出库,30057,拣货
AlOv1732Si,银色 品牌13 17英寸 一体机（32吉字节内存）,一体机,品牌13,17英寸,32吉字节内存,银色,16*1*1,10,CT27A,艾米,出库,30083,拣货
PeGi50SoPi,粉色 品牌21 50 铅笔（可溶性）,铅笔,品牌21,50,可溶性,粉色,48*10*5,228,DR14H,艾米丽,出库,30022,拣货
PrNoA2LaWh,白色 品牌26 二号纸 打印机（激光）,打印机,品牌26,二号纸,激光,白色,16*1*1,16,BU86F,约翰,出库,30005,拣货
MoSu35ErNa,藏青色 品牌11 350 鼠标（人体工学）,鼠标,品牌11,350,人体工学,藏青色,16*10*1,52,BF35D,劳拉,出库,30088,拣货
LaYn1432Gr,灰色 品牌15 14英寸 笔记本电脑（32吉字节内存）,笔记本电脑,品牌15,14英寸,32吉字节内存,灰色,16*1*1,11,DI32D,大卫,出库,30024,拣货
GaSESAdPi,粉色 品牌08 小号 游戏椅（可调节）,游戏椅,品牌08,小号,可调节,粉色,16*1*1,4,CZ10C,劳拉,出库,30067,拣货
TVGn42S4Gr,灰色 品牌30 42英寸 电视机（超级超高清）,电视机,品牌30,42英寸,超级超高清,灰色,8*1*1,7,DW49B,艾米丽,出库,30094,拣货
NoScA5liGr,灰色 品牌17 五号纸 笔记本（线条）,笔记本,品牌17,五号纸,线条,灰色,48*10*5,2400,AQ53A,艾米丽,出库,30045,拣货
TVEs754KBl,黑色 品牌32 75英寸 电视机（超高清）,电视机,品牌32,75英寸,超高清,黑色,8*1*1,1,AM53C,简,出库,30081,拣货
PrNoA3AlBl,黑色 品牌26 三号纸 打印机（一体式）,打印机,品牌26,三号纸,一体式,黑色,16*1*1,16,DK43C,迈克,出库,30068,拣货
TaCI18AuWh,白色 品牌27 1800 桌子（自动调节）,桌子,品牌27,1800,自动调节,白色,8*1*1,8,AF43E,艾米丽,出库,30054,拣货
OfXEMErPi,粉色 品牌06 中号 办公椅（人体工学）,办公椅,品牌06,中号,人体工学,粉色,16*1*1,16,CT72B,艾米,出库,30013,拣货
NoScA5doBl,黑色 品牌17 五号纸 笔记本（点阵）,笔记本,品牌17,五号纸,点阵,黑色,48*10*5,2400,DV44H,约翰,出库,30091,拣货
TVGn42FHSi,银色 品牌30 42英寸 电视机（全高清）,电视机,品牌30,42英寸,全高清,银色,8*1*1,8,AK05A,克里斯,出库,30007,拣货
SPGi24HeWh,白色 品牌21 24 触控笔（六角形）,触控笔,品牌21,24,六角形,白色,48*10*5,2400,AN23D,艾米丽,出库,30049,拣货
TaTR18AdBl,黑色 品牌28 1800 桌子（可调节）,桌子,品牌28,1800,可调节,黑色,8*1*1,2,BK73F,莎拉,出库,30005,拣货
MoHc45ErNa,藏青色 品牌09 450 鼠标（人体工学）,鼠标,品牌09,450,人体工学,藏青色,16*10*1,158,AU30D,迈克,出库,30044,拣货
CaTE18LoBe,米色 品牌04 1800 文件柜（储物锁柜）,文件柜,品牌04,1800,储物锁柜,米色,8*1*1,5,DI02G,迈克,出库,30041,拣货
TVGL75S4Gr,灰色 品牌31 75英寸 电视机（超级超高清）,电视机,品牌31,75英寸,超级超高清,灰色,8*1*1,8,AP28G,约翰,出库,30093,拣货
PrSoA2InWh,白色 品牌25 二号纸 打印机（喷墨）,打印机,品牌25,二号纸,喷墨,白色,16*1*1,14,BJ15E,劳拉,出库,30011,拣货
CaWE12SlWh,白色 品牌02 1200 文件柜（滑动式）,文件柜,品牌02,1200,滑动式,白色,8*1*1,8,CF86D,亚历克斯,出库,30010,拣货
PrNoA4LaBl,黑色 品牌26 四号纸 打印机（激光）,打印机,品牌26,四号纸,激光,黑色,16*1*1,16,DN62F,艾米,出库,30008,拣货
PrNoA4AlWh,白色 品牌26 四号纸 打印机（一体式）,打印机,品牌26,四号纸,一体式,白色,16*1*1,16,BH14E,约翰,出库,30012,拣货
LaPH1432Wh,白色 品牌12 14英寸 笔记本电脑（32吉字节内存）,笔记本电脑,品牌12,14英寸,32吉字节内存,白色,16*1*1,3,DX20E,艾米,出库,30052,拣货
DrRG12LoBl,黑色 品牌03 1200 抽屉柜（储物锁柜）,抽屉柜,品牌03,1200,储物锁柜,黑色,8*1*1,5,BT08A,迈克,出库,30037,拣货
OfAEMErBl,黑色 品牌05 中号 办公椅（人体工学）,办公椅,品牌05,中号,人体工学,黑色,16*1*1,16,AY35E,克里斯,出库,30018,拣货
CuQE12FiBe,米色 品牌01 1200 储物柜（文件收纳）,储物柜,品牌01,1200,文件收纳,米色,8*1*1,3,CS46E,亚历克斯,出库,30049,拣货
DrTE90FiBe,米色 品牌04 900 抽屉柜（文件收纳）,抽屉柜,品牌04,900,文件收纳,米色,8*1*1,3,BV66G,艾米,出库,30002,拣货
PrNoA3LaBl,黑色 品牌26 三号纸 打印机（激光）,打印机,品牌26,三号纸,激光,黑色,16*1*1,16,AJ52C,艾米丽,出库,30082,拣货
GaSEMHeWh,白色 品牌08 中号 游戏椅（头枕）,游戏椅,品牌08,中号,头枕,白色,16*1*1,13,BR27G,克里斯,出库,30053,拣货
DrQE12SlGr,灰色 品牌01 1200 抽屉柜（滑动式）,抽屉柜,品牌01,1200,滑动式,灰色,8*1*1,4,AN29F,艾米丽,出库,30053,拣货
PrReA3AlBl,黑色 品牌24 三号纸 打印机（一体式）,打印机,品牌24,三号纸,一体式,黑色,16*1*1,16,CR05D,莎拉,出库,30000,拣货
AlPH1532Si,银色 品牌12 15英寸 一体机（32吉字节内存）,一体机,品牌12,15英寸,32吉字节内存,银色,16*1*1,4,CO62A,艾米丽,出库,30023,拣货
TVYn424KSi,银色 品牌15 42英寸 电视机（超高清）,电视机,品牌15,42英寸,超高清,银色,8*1*1,8,AV19B,亚历克斯,出库,30068,拣货
LaYn17i7Bl,黑色 品牌15 17英寸 笔记本电脑（第7代处理器）,笔记本电脑,品牌15,17英寸,第7代处理器,黑色,16*1*1,16,AR43H,艾米丽,出库,30066,拣货
GaXEMLeBl,黑色 品牌06 中号 游戏椅（皮革）,游戏椅,品牌06,中号,皮革,黑色,16*1*1,11,CT19D,约翰,出库,30037,拣货
LaYn15i7Bl,黑色 品牌15 15英寸 笔记本电脑（第7代处理器）,笔记本电脑,品牌15,15英寸,第7代处理器,黑色,16*1*1,16,BO14F,莎拉,出库,30096,拣货
PrSoA2MoBl,黑色 品牌25 二号纸 打印机（黑白）,打印机,品牌25,二号纸,黑白,黑色,16*1*1,16,DJ07E,迈克,出库,30073,拣货
PeGi50SoBl,黑色 品牌21 50 铅笔（可溶性）,铅笔,品牌21,50,可溶性,黑色,48*10*5,1850,DK57D,艾米丽,出库,30056,拣货
TaTR15AdBl,黑色 品牌29 1500 桌子（可调节）,桌子,品牌29,1500,可调节,黑色,8*1*1,1,BV87C,大卫,出库,30022,拣货
KePH27ErBl,黑色 品牌12 270 键盘（人体工学）,键盘,品牌12,270,人体工学,黑色,16*10*1,149,BI86E,约翰,出库,30004,拣货
OfOGLErWh,白色 品牌07 大号 办公椅（人体工学）,办公椅,品牌07,大号,人体工学,白色,16*1*1,3,DM23E,艾米丽,出库,30082,拣货
DrRG12SlBl,黑色 品牌03 1200 抽屉柜（滑动式）,抽屉柜,品牌03,1200,滑动式,黑色,8*1*1,8,CN12B,艾米,出库,30049,拣货
CuQE12FiBe,米色 品牌01 1200 储物柜（文件收纳）,储物柜,品牌01,1200,文件收纳,米色,8*1*1,8,DJ62H,大卫,出库,30037,拣货
CaQE90FiBl,黑色 品牌01 900 文件柜（文件收纳）,文件柜,品牌01,900,文件收纳,黑色,8*1*1,8,BL89G,约翰,出库,30074,拣货
GaOGLLeBl,黑色 品牌07 大号 游戏椅（皮革）,游戏椅,品牌07,大号,皮革,黑色,16*1*1,15,AH64B,大卫,出库,30016,拣货
SPGi24SoGr,灰色 品牌21 24 触控笔（可溶性）,触控笔,品牌21,24,可溶性,灰色,48*10*5,2400,CL38A,简,出库,30078,拣货
CaQE90SlBe,米色 品牌01 900 文件柜（滑动式）,文件柜,品牌01,900,滑动式,米色,8*1*1,8,CR32B,艾米,出库,30057,拣货
OfOGSHeGr,灰色 品牌07 小号 办公椅（头枕）,办公椅,品牌07,小号,头枕,灰色,16*1*1,16,BY83D,艾米丽,出库,30011,拣货
KeHc45ErNa,藏青色 品牌09 450 键盘（人体工学）,键盘,品牌09,450,人体工学,藏青色,16*10*1,3,CG26E,约翰,出库,30002,拣货
KeHc45WiWh,白色 品牌09 450 键盘（有线）,键盘,品牌09,450,有线,白色,16*10*1,106,BW90H,克里斯,出库,30033,拣货
GaOGSAdGr,灰色 品牌07 小号 游戏椅（可调节）,游戏椅,品牌07,小号,可调节,灰色,16*1*1,16,CJ09B,大卫,出库,30096,拣货
PrNoA3WiMi,混合色 品牌26 三号纸 打印机（无线网络）,打印机,品牌26,三号纸,无线网络,混合色,16*1*1,16,BY69A,大卫,出库,30021,拣货
PeAl24HeGr,灰色 品牌20 24 铅笔（六角形）,铅笔,品牌20,24,六角形,灰色,48*10*5,6,CL51F,艾米,出库,30017,拣货
LaPH17i7Gr,灰色 品牌12 17英寸 笔记本电脑（第7代处理器）,笔记本电脑,品牌12,17英寸,第7代处理器,灰色,16*1*1,9,CW68E,艾米丽,出库,30091,拣货
TVGL65SFWh,白色 品牌31 65英寸 电视机（超级全高清）,电视机,品牌31,65英寸,超级全高清,白色,8*1*1,8,BG42H,大卫,出库,30059,拣货
TaCI10FrSi,银色 品牌27 1000 桌子（框架式）,桌子,品牌27,1000,框架式,银色,8*1*1,5,CM31F,简,出库,30067,拣货
TVGn504KGr,灰色 品牌30 50英寸 电视机（超高清）,电视机,品牌30,50英寸,超高清,灰色,8*1*1,7,BI35D,亚历克斯,出库,30025,拣货
CuRG90SlGr,灰色 品牌03 900 储物柜（滑动式）,储物柜,品牌03,900,滑动式,灰色,8*1*1,8,BG73A,约翰,出库,30009,拣货
CaQE90SlBe,米色 品牌01 900 文件柜（滑动式）,文件柜,品牌01,900,滑动式,米色,8*1*1,8,AV19D,莎拉,出库,30069,拣货
PrNoA3AlBl,黑色 品牌26 三号纸 打印机（一体式）,打印机,品牌26,三号纸,一体式,黑色,16*1*1,11,BP71A,艾米,出库,30055,拣货
SPNa12SoPi,粉色 品牌23 12 触控笔（可溶性）,触控笔,品牌23,12,可溶性,粉色,48*10*5,1577,DW21D,克里斯,出库,30068,拣货
OfAELLePi,粉色 品牌05 大号 办公椅（皮革）,办公椅,品牌05,大号,皮革,粉色,16*1*1,16,CL26F,大卫,出库,30061,拣货
DrTE12DoBl,黑色 品牌04 1200 抽屉柜（带门式）,抽屉柜,品牌04,1200,带门式,黑色,8*1*1,6,DJ82G,劳拉,出库,30069,拣货
TVEs65S4Wh,白色 品牌32 65英寸 电视机（超级超高清）,电视机,品牌32,65英寸,超级超高清,白色,8*1*1,8,CS31F,简,出库,30028,拣货
TaCI18AuBl,黑色 品牌27 1800 桌子（自动调节）,桌子,品牌27,1800,自动调节,黑色,8*1*1,5,BF64D,艾米丽,出库,30078,拣货
CaRG90FiBl,黑色 品牌03 900 文件柜（文件收纳）,文件柜,品牌03,900,文件收纳,黑色,8*1*1,8,AX97E,约翰,出库,30018,拣货
DrQE18DoWh,白色 品牌01 1800 抽屉柜（带门式）,抽屉柜,品牌01,1800,带门式,白色,8*1*1,8,CY64H,劳拉,出库,30006,拣货
DrQE18FiWh,白色 品牌01 1800 抽屉柜（文件收纳）,抽屉柜,品牌01,1800,文件收纳,白色,8*1*1,8,BQ50D,莎拉,出库,30032,拣货
TaAE18WoBl,黑色 品牌05 1800 桌子（工作站）,桌子,品牌05,1800,工作站,黑色,8*1*1,8,AW71H,简,出库,30060,拣货
DrTE90DoBe,米色 品牌04 900 抽屉柜（带门式）,抽屉柜,品牌04,900,带门式,米色,8*1*1,8,AF94F,克里斯,出库,30039,拣货
GaAESErBl,黑色 品牌05 小号 游戏椅（人体工学）,游戏椅,品牌05,小号,人体工学,黑色,16*1*1,16,AQ06H,约翰,出库,30029,拣货
SPAl50SoWh,白色 品牌20 50 触控笔（可溶性）,触控笔,品牌20,50,可溶性,白色,48*10*5,2400,DN98D,简,出库,30077,拣货
GaSEMErPi,粉色 品牌08 中号 游戏椅（人体工学）,游戏椅,品牌08,中号,人体工学,粉色,16*1*1,16,DS30A,克里斯,出库,30021,拣货
AlPH1516Si,银色 品牌12 15英寸 一体机（16吉字节内存）,一体机,品牌12,15英寸,16吉字节内存,银色,16*1*1,2,BX04F,莎拉,出库,30073,拣货
AlRe1416Si,银色 品牌14 14英寸 一体机（16吉字节内存）,一体机,品牌14,14英寸,16吉字节内存,银色,16*1*1,16,DS08C,艾米丽,出库,30023,拣货
SPAl12HeGr,灰色 品牌20 12 触控笔（六角形）,触控笔,品牌20,12,六角形,灰色,48*10*5,2400,CY44G,简,出库,30036,拣货
PrPHA3WiGr,灰色 品牌12 三号纸 打印机（无线网络）,打印机,品牌12,三号纸,无线网络,灰色,16*1*1,16,BP83A,简,出库,30071,拣货
DrQE18FiBe,米色 品牌01 1800 抽屉柜（文件收纳）,抽屉柜,品牌01,1800,文件收纳,米色,8*1*1,7,DX84F,克里斯,出库,30079,拣货
PrNoA2MoMi,混合色 品牌26 二号纸 打印机（黑白）,打印机,品牌26,二号纸,黑白,混合色,16*1*1,5,CQ06H,约翰,出库,30075,拣货
TVYn654KWh,白色 品牌15 65英寸 电视机（超高清）,电视机,品牌15,65英寸,超高清,白色,8*1*1,7,AF74C,迈克,出库,30080,拣货
KeSu45MeNa,藏青色 品牌11 450 键盘（机械式）,键盘,品牌11,450,机械式,藏青色,16*10*1,160,BI91D,约翰,出库,30034,拣货
GaAELErBl,黑色 品牌05 大号 游戏椅（人体工学）,游戏椅,品牌05,大号,人体工学,黑色,16*1*1,16,CQ67H,克里斯,出库,30024,拣货
AlRe148GBl,黑色 品牌14 14英寸 一体机（8吉字节内存）,一体机,品牌14,14英寸,8吉字节内存,黑色,16*1*1,16,DP42G,迈克,出库,30026,拣货
CaRG90LoBe,米色 品牌03 900 文件柜（储物锁柜）,文件柜,品牌03,900,储物锁柜,米色,8*1*1,7,AF08F,劳拉,出库,30017,拣货
SPAl12WaBl,黑色 品牌20 12 触控笔（水彩）,触控笔,品牌20,12,水彩,黑色,48*10*5,959,AF32B,约翰,出库,30058,拣货
PrPHA3AlMi,混合色 品牌12 三号纸 打印机（一体式）,打印机,品牌12,三号纸,一体式,混合色,16*1*1,16,CZ75C,迈克,出库,30038,拣货
TVEs42SFWh,白色 品牌32 42英寸 电视机（超级全高清）,电视机,品牌32,42英寸,超级全高清,白色,8*1*1,8,AJ97H,劳拉,出库,30094,拣货
DrRG90FiBe,米色 品牌03 900 抽屉柜（文件收纳）,抽屉柜,品牌03,900,文件收纳,米色,8*1*1,7,DW55C,艾米丽,出库,30058,拣货
AlSu158GBl,黑色 品牌11 15英寸 一体机（8吉字节内存）,一体机,品牌11,15英寸,8吉字节内存,黑色,16*1*1,16,BK19G,莎拉,出库,30099,拣货
TaTR18FrBl,黑色 品牌28 1800 桌子（框架式）,桌子,品牌28,1800,框架式,黑色,8*1*1,5,DI07H,约翰,出库,30022,拣货
TVGn324KBl,黑色 品牌30 32英寸 电视机（超高清）,电视机,品牌30,32英寸,超高清,黑色,8*1*1,8,CH34E,劳拉,出库,30063,拣货
TaAE18AuGr,灰色 品牌05 1800 桌子（自动调节）,桌子,品牌05,1800,自动调节,灰色,8*1*1,4,BO54A,莎拉,出库,30024,拣货
CuWE90FiBe,米色 品牌02 900 储物柜（文件收纳）,储物柜,品牌02,900,文件收纳,米色,8*1*1,8,AT96B,简,出库,30018,拣货
SPGi24SoPi,粉色 品牌21 24 触控笔（可溶性）,触控笔,品牌21,24,可溶性,粉色,48*10*5,2400,CH21C,迈克,出库,30004,拣货
AlYn1416Wh,白色 品牌15 14英寸 一体机（16吉字节内存）,一体机,品牌15,14英寸,16吉字节内存,白色,16*1*1,16,DY60G,莎拉,出库,30068,拣货
SPRe50WaGr,灰色 品牌22 50 触控笔（水彩）,触控笔,品牌22,50,水彩,灰色,48*10*5,1874,BM98B,莎拉,出库,30096,拣货
KeSu27BlNa,藏青色 品牌11 270 键盘（蓝牙）,键盘,品牌11,270,蓝牙,藏青色,16*10*1,160,CV75E,克里斯,出库,30031,拣货
LaSu158GSi,银色 品牌11 15英寸 笔记本电脑（8吉字节内存）,笔记本电脑,品牌11,15英寸,8吉字节内存,银色,16*1*1,3,BZ08E,约翰,出库,30047,拣货
AlPH17i7Wh,白色 品牌12 17英寸 一体机（第7代处理器）,一体机,品牌12,17英寸,第7代处理器,白色,16*1*1,16,CF97D,克里斯,出库,30092,拣货
AlYn15i7Si,银色 品牌15 15英寸 一体机（第7代处理器）,一体机,品牌15,15英寸,第7代处理器,银色,16*1*1,16,CK43C,迈克,出库,30042,拣货
MoRe45BlPi,粉色 品牌10 450 鼠标（蓝牙）,鼠标,品牌10,450,蓝牙,粉色,16*10*1,76,BP81G,约翰,出库,30028,拣货
TaCI10WoSi,银色 品牌27 1000 桌子（工作站）,桌子,品牌27,1000,工作站,银色,8*1*1,7,DG18D,约翰,出库,30019,拣货
MoHc27MePi,粉色 品牌09 270 鼠标（机械式）,鼠标,品牌09,270,机械式,粉色,16*10*1,28,CJ81F,艾米丽,出库,30088,拣货
PeGi24HeWh,白色 品牌21 24 铅笔（六角形）,铅笔,品牌21,24,六角形,白色,48*10*5,1892,CX19B,亚历克斯,出库,30095,拣货
SPNa24WaPi,粉色 品牌23 24 触控笔（水彩）,触控笔,品牌23,24,水彩,粉色,48*10*5,1996,CO47F,艾米丽,出库,30019,拣货
CuWE12FiGr,灰色 品牌02 1200 储物柜（文件收纳）,储物柜,品牌02,1200,文件收纳,灰色,8*1*1,8,CH90H,克里斯,出库,30068,拣货
PeRe12SoBl,黑色 品牌22 12 铅笔（可溶性）,铅笔,品牌22,12,可溶性,黑色,48*10*5,2400,BY03E,大卫,出库,30045,拣货
CaRG12FiBe,米色 品牌03 1200 文件柜（文件收纳）,文件柜,品牌03,1200,文件收纳,米色,8*1*1,7,AL29B,克里斯,出库,30039,拣货
KeRe27WiBl,黑色 品牌10 270 键盘（有线）,键盘,品牌10,270,有线,黑色,16*10*1,160,CV88D,约翰,出库,30005,拣货
KeSu45BlBl,黑色 品牌11 450 键盘（蓝牙）,键盘,品牌11,450,蓝牙,黑色,16*10*1,136,DK78E,约翰,出库,30054,拣货
LaRe178GWh,白色 品牌14 17英寸 笔记本电脑（8吉字节内存）,笔记本电脑,品牌14,17英寸,8吉字节内存,白色,16*1*1,16,DR48D,迈克,出库,30061,拣货
AlOv1532Si,银色 品牌13 15英寸 一体机（32吉字节内存）,一体机,品牌13,15英寸,32吉字节内存,银色,16*1*1,3,DU89A,艾米丽,出库,30040,拣货
AlOv15i7Gr,灰色 品牌13 15英寸 一体机（第7代处理器）,一体机,品牌13,15英寸,第7代处理器,灰色,16*1*1,16,CL30E,大卫,出库,30009,拣货
MoHc35BlPi,粉色 品牌09 350 鼠标（蓝牙）,鼠标,品牌09,350,蓝牙,粉色,16*10*1,123,AZ78H,迈克,出库,30089,拣货
LaSu1716Gr,灰色 品牌11 17英寸 笔记本电脑（16吉字节内存）,笔记本电脑,品牌11,17英寸,16吉字节内存,灰色,16*1*1,16,BQ48E,劳拉,出库,30013,拣货
TaAE15AdSi,银色 品牌05 1500 桌子（可调节）,桌子,品牌05,1500,可调节,银色,8*1*1,8,DY09E,亚历克斯,出库,30035,拣货
CaTE12DoBl,黑色 品牌04 1200 文件柜（带门式）,文件柜,品牌04,1200,带门式,黑色,8*1*1,3,AK46C,约翰,出库,30027,拣货
CuWE90DoGr,灰色 品牌02 900 储物柜（带门式）,储物柜,品牌02,900,带门式,灰色,8*1*1,8,DL18E,克里斯,出库,30001,拣货
MoPH45BlNa,藏青色 品牌12 450 鼠标（蓝牙）,鼠标,品牌12,450,蓝牙,藏青色,16*10*1,42,AX83G,约翰,出库,30056,拣货
SPGi50SoBl,黑色 品牌21 50 触控笔（可溶性）,触控笔,品牌21,50,可溶性,黑色,48*10*5,2400,CO21H,约翰,出库,30039,拣货
GaXEMLeWh,白色 品牌06 中号 游戏椅（皮革）,游戏椅,品牌06,中号,皮革,白色,16*1*1,16,DW10F,亚历克斯,出库,30019,拣货
MoSu45BlWh,白色 品牌11 450 鼠标（蓝牙）,鼠标,品牌11,450,蓝牙,白色,16*10*1,158,CM41C,大卫,出库,30044,拣货
LaPH14i7Bl,黑色 品牌12 14英寸 笔记本电脑（第7代处理器）,笔记本电脑,品牌12,14英寸,第7代处理器,黑色,16*1*1,16,CG33D,亚历克斯,出库,30093,拣货
MoSu45WiWh,白色 品牌11 450 鼠标（有线）,鼠标,品牌11,450,有线,白色,16*10*1,76,BM82D,艾米丽,出库,30084,拣货
LaSu17i5Wh,白色 品牌11 17英寸 笔记本电脑（第5代处理器）,笔记本电脑,品牌11,17英寸,第5代处理器,白色,16*1*1,16,CF68C,约翰,出库,30001,拣货
TVYn75FHBl,黑色 品牌15 75英寸 电视机（全高清）,电视机,品牌15,75英寸,全高清,黑色,8*1*1,4,AH27H,约翰,出库,30009,拣货
TaTR10WoBl,黑色 品牌29 1000 桌子（工作站）,桌子,品牌29,1000,工作站,黑色,8*1*1,1,CN51B,莎拉,出库,30022,拣货
AlRe14i5Bl,黑色 品牌14 14英寸 一体机（第5代处理器）,一体机,品牌14,14英寸,第5代处理器,黑色,16*1*1,16,BU60G,约翰,出库,30075,拣货
GaAESHeWh,白色 品牌05 小号 游戏椅（头枕）,游戏椅,品牌05,小号,头枕,白色,16*1*1,3,AU73G,约翰,出库,30004,拣货
TVGn424KBl,黑色 品牌30 42英寸 电视机（超高清）,电视机,品牌30,42英寸,超高清,黑色,8*1*1,8,AL45C,亚历克斯,出库,30083,拣货
OfAELLeBl,黑色 品牌05 大号 办公椅（皮革）,办公椅,品牌05,大号,皮革,黑色,16*1*1,16,AV63C,莎拉,出库,30003,拣货
PrReA4LaBl,黑色 品牌24 四号纸 打印机（激光）,打印机,品牌24,四号纸,激光,黑色,16*1*1,13,AG48G,迈克,出库,30037,拣货
LaRe158GBl,黑色 品牌14 15英寸 笔记本电脑（8吉字节内存）,笔记本电脑,品牌14,15英寸,8吉字节内存,黑色,16*1*1,16,DV73B,简,出库,30096,拣货
KeHc45ErNa,藏青色 品牌09 450 键盘（人体工学）,键盘,品牌09,450,人体工学,藏青色,16*10*1,160,DM07C,约翰,出库,30056,拣货
NoExA4ruWh,白色 品牌16 四号纸 笔记本（横线）,笔记本,品牌16,四号纸,横线,白色,48*10*5,2400,CQ05E,莎拉,出库,30006,拣货
LaRe14i5Wh,白色 品牌14 14英寸 笔记本电脑（第5代处理器）,笔记本电脑,品牌14,14英寸,第5代处理器,白色,16*1*1,16,CW51E,简,出库,30010,拣货
NoScA3ruWh,白色 品牌17 三号纸 笔记本（横线）,笔记本,品牌17,三号纸,横线,白色,48*10*5,2330,AW07D,迈克,出库,30049,拣货
CaQE18SlBl,黑色 品牌01 1800 文件柜（滑动式）,文件柜,品牌01,1800,滑动式,黑色,8*1*1,8,CJ13G,简,出库,30040,拣货
OfSELAdPi,粉色 品牌08 大号 办公椅（可调节）,办公椅,品牌08,大号,可调节,粉色,16*1*1,16,BP07D,简,出库,30056,拣货
TaTR15WoBl,黑色 品牌29 1500 桌子（工作站）,桌子,品牌29,1500,工作站,黑色,8*1*1,8,DP95D,约翰,出库,30019,拣货
AlPH14i7Gr,灰色 品牌12 14英寸 一体机（第7代处理器）,一体机,品牌12,14英寸,第7代处理器,灰色,16*1*1,16,DF52E,约翰,出库,30018,拣货
OfSELLeWh,白色 品牌08 大号 办公椅（皮革）,办公椅,品牌08,大号,皮革,白色,16*1*1,9,CF11G,迈克,出库,30006,拣货
AlRe17i7Wh,白色 品牌14 17英寸 一体机（第7代处理器）,一体机,品牌14,17英寸,第7代处理器,白色,16*1*1,15,DN08E,劳拉,出库,30068,拣货
TVGL32S4Bl,黑色 品牌31 32英寸 电视机（超级超高清）,电视机,品牌31,32英寸,超级超高清,黑色,8*1*1,8,BI89D,迈克,出库,30080,拣货
SPAl50WaBl,黑色 品牌20 50 触控笔（水彩）,触控笔,品牌20,50,水彩,黑色,48*10*5,2008,CX85G,约翰,出库,30015,拣货
PeAl12HeGr,灰色 品牌20 12 铅笔（六角形）,铅笔,品牌20,12,六角形,灰色,48*10*5,2400,AQ13A,约翰,出库,30040,拣货
LaYn148GWh,白色 品牌15 14英寸 笔记本电脑（8吉字节内存）,笔记本电脑,品牌15,14英寸,8吉字节内存,白色,16*1*1,16,BL26F,莎拉,出库,30065,拣货
CuRG12FiWh,白色 品牌03 1200 储物柜（文件收纳）,储物柜,品牌03,1200,文件收纳,白色,8*1*1,4,AN50E,艾米丽,出库,30077,拣货
PrNoA4InGr,灰色 品牌26 四号纸 打印机（喷墨）,打印机,品牌26,四号纸,喷墨,灰色,16*1*1,16,CH38B,艾米,出库,30050,拣货
CuRG12FiGr,灰色 品牌03 1200 储物柜（文件收纳）,储物柜,品牌03,1200,文件收纳,灰色,8*1*1,8,BM86D,劳拉,出库,30018,拣货
GaSESErWh,白色 品牌08 小号 游戏椅（人体工学）,游戏椅,品牌08,小号,人体工学,白色,16*1*1,16,CU68D,艾米,出库,30035,拣货
PrPHA4AlBl,黑色 品牌12 四号纸 打印机（一体式）,打印机,品牌12,四号纸,一体式,黑色,16*1*1,15,DJ69F,莎拉,出库,30032,拣货
LaRe178GWh,白色 品牌14 17英寸 笔记本电脑（8吉字节内存）,笔记本电脑,品牌14,17英寸,8吉字节内存,白色,16*1*1,16,AP59B,大卫,出库,30032,拣货
MoPH35WiBl,黑色 品牌12 350 鼠标（有线）,鼠标,品牌12,350,有线,黑色,16*10*1,160,DH87G,莎拉,出库,30097,拣货
GaOGMAdBl,黑色 品牌07 中号 游戏椅（可调节）,游戏椅,品牌07,中号,可调节,黑色,16*1*1,16,AR18E,克里斯,出库,30047,拣货
LaYn1716Gr,灰色 品牌15 17英寸 笔记本电脑（16吉字节内存）,笔记本电脑,品牌15,17英寸,16吉字节内存,灰色,16*1*1,4,DF33E,艾米丽,出库,30034,拣货
NoGrA4liGr,灰色 品牌18 四号纸 笔记本（线条）,笔记本,品牌18,四号纸,线条,灰色,48*10*5,1284,DU95H,艾米丽,出库,30046,拣货
GaOGMAdGr,灰色 品牌07 中号 游戏椅（可调节）,游戏椅,品牌07,中号,可调节,灰色,16*1*1,16,CJ77A,迈克,出库,30076,拣货
NoMuA5liSi,银色 品牌19 五号纸 笔记本（线条）,笔记本,品牌19,五号纸,线条,银色,48*10*5,1937,BY27E,约翰,出库,30092,拣货
TaCI15WoSi,银色 品牌27 1500 桌子（工作站）,桌子,品牌27,1500,工作站,银色,8*1*1,3,BN41H,艾米,出库,30007,拣货
PrReA2InMi,混合色 品牌24 二号纸 打印机（喷墨）,打印机,品牌24,二号纸,喷墨,混合色,16*1*1,7,CZ57D,克里斯,出库,30080,拣货
LaPH1732Gr,灰色 品牌12 17英寸 笔记本电脑（32吉字节内存）,笔记本电脑,品牌12,17英寸,32吉字节内存,灰色,16*1*1,16,BF06A,艾米,出库,30060,拣货
TVYn75FHWh,白色 品牌15 75英寸 电视机（全高清）,电视机,品牌15,75英寸,全高清,白色,8*1*1,1,BS89E,大卫,出库,30072,拣货
TVGn32SFBl,黑色 品牌30 32英寸 电视机（超级全高清）,电视机,品牌30,32英寸,超级全高清,黑色,8*1*1,2,CR75B,简,出库,30007,拣货
TVEs65S4Si,银色 品牌32 65英寸 电视机（超级超高清）,电视机,品牌32,65英寸,超级超高清,银色,8*1*1,3,CF63F,亚历克斯,出库,30031,拣货
AlSu1516Wh,白色 品牌11 15英寸 一体机（16吉字节内存）,一体机,品牌11,15英寸,16吉字节内存,白色,16*1*1,16,DF27H,大卫,出库,30057,拣货
NoMuA3liGr,灰色 品牌19 三号纸 笔记本（线条）,笔记本,品牌19,三号纸,线条,灰色,48*10*5,1649,DG11E,艾米丽,出库,30040,拣货
NoScA3doSi,银色 品牌17 三号纸 笔记本（点阵）,笔记本,品牌17,三号纸,点阵,银色,48*10*5,2400,CF25D,迈克,出库,30032,拣货
OfAESErBl,黑色 品牌05 小号 办公椅（人体工学）,办公椅,品牌05,小号,人体工学,黑色,16*1*1,16,CG08D,艾米,出库,30038,拣货
TVGL324KGr,灰色 品牌31 32英寸 电视机（超高清）,电视机,品牌31,32英寸,超高清,灰色,8*1*1,3,AW19E,亚历克斯,出库,30034,拣货
PrNoA2AlGr,灰色 品牌26 二号纸 打印机（一体式）,打印机,品牌26,二号纸,一体式,灰色,16*1*1,16,AW77B,艾米,出库,30032,拣货
MoHc27WiWh,白色 品牌09 270 鼠标（有线）,鼠标,品牌09,270,有线,白色,16*10*1,33,DQ67D,艾米丽,出库,30093,拣货
AlOv14i5Wh,白色 品牌13 14英寸 一体机（第5代处理器）,一体机,品牌13,14英寸,第5代处理器,白色,16*1*1,16,DI79C,简,出库,30036,拣货
PrReA2AlGr,灰色 品牌24 二号纸 打印机（一体式）,打印机,品牌24,二号纸,一体式,灰色,16*1*1,16,DS32H,大卫,出库,30031,拣货
KePH45ErPi,粉色 品牌12 450 键盘（人体工学）,键盘,品牌12,450,人体工学,粉色,16*10*1,160,BY06C,简,出库,30033,拣货
TVGL75S4Gr,灰色 品牌31 75英寸 电视机（超级超高清）,电视机,品牌31,75英寸,超级超高清,灰色,8*1*1,6,BK32F,迈克,出库,30080,拣货
LaSu1716Wh,白色 品牌11 17英寸 笔记本电脑（16吉字节内存）,笔记本电脑,品牌11,17英寸,16吉字节内存,白色,16*1*1,12,CN24F,克里斯,出库,30011,拣货
OfOGLLePi,粉色 品牌07 大号 办公椅（皮革）,办公椅,品牌07,大号,皮革,粉色,16*1*1,16,AO53F,简,出库,30010,拣货
CuTE18DoBl,黑色 品牌04 1800 储物柜（带门式）,储物柜,品牌04,1800,带门式,黑色,8*1*1,5,DG56B,艾米,出库,30097,拣货
CuQE90LoBe,米色 品牌01 900 储物柜（储物锁柜）,储物柜,品牌01,900,储物锁柜,米色,8*1*1,8,AW70E,大卫,出库,30085,拣货
PrNoA3AlBl,黑色 品牌26 三号纸 打印机（一体式）,打印机,品牌26,三号纸,一体式,黑色,16*1*1,13,CU92A,简,出库,30086,拣货
NoGrA5liWh,白色 品牌18 五号纸 笔记本（线条）,笔记本,品牌18,五号纸,线条,白色,48*10*5,2400,CX11B,克里斯,出库,30038,拣货
DrRG18LoGr,灰色 品牌03 1800 抽屉柜（储物锁柜）,抽屉柜,品牌03,1800,储物锁柜,灰色,8*1*1,5,AQ02D,约翰,出库,30053,拣货
PrSoA2LaBl,黑色 品牌25 二号纸 打印机（激光）,打印机,品牌25,二号纸,激光,黑色,16*1*1,16,AM78A,艾米丽,出库,30078,拣货
GaXEMLeWh,白色 品牌06 中号 游戏椅（皮革）,游戏椅,品牌06,中号,皮革,白色,16*1*1,16,CZ21E,克里斯,出库,30099,拣货
OfOGSLeWh,白色 品牌07 小号 办公椅（皮革）,办公椅,品牌07,小号,皮革,白色,16*1*1,16,AW17D,约翰,出库,30006,拣货
MoSu27ErBl,黑色 品牌11 270 鼠标（人体工学）,鼠标,品牌11,270,人体工学,黑色,16*10*1,160,DN92G,迈克,出库,30001,拣货
PeNa12HePi,粉色 品牌23 12 铅笔（六角形）,铅笔,品牌23,12,六角形,粉色,48*10*5,2400,CN90D,劳拉,出库,30057,拣货
LaRe17i5Gr,灰色 品牌14 17英寸 笔记本电脑（第5代处理器）,笔记本电脑,品牌14,17英寸,第5代处理器,灰色,16*1*1,11,DZ60C,艾米丽,出库,30022,拣货
TVGn32SFBl,黑色 品牌30 32英寸 电视机（超级全高清）,电视机,品牌30,32英寸,超级全高清,黑色,8*1*1,8,AT06H,劳拉,出库,30083,拣货
TVEs324KBl,黑色 品牌32 32英寸 电视机（超高清）,电视机,品牌32,32英寸,超高清,黑色,8*1*1,5,DK19G,简,出库,30028,拣货
DrWE12DoBe,米色 品牌02 1200 抽屉柜（带门式）,抽屉柜,品牌02,1200,带门式,米色,8*1*1,8,CF39A,艾米丽,出库,30033,拣货
TVGn32S4Wh,白色 品牌30 32英寸 电视机（超级超高清）,电视机,品牌30,32英寸,超级超高清,白色,8*1*1,8,AO45G,艾米,出库,30039,拣货
DrQE12DoWh,白色 品牌01 1200 抽屉柜（带门式）,抽屉柜,品牌01,1200,带门式,白色,8*1*1,7,DI28A,亚历克斯,出库,30092,拣货
LaYn1532Bl,黑色 品牌15 15英寸 笔记本电脑（32吉字节内存）,笔记本电脑,品牌15,15英寸,32吉字节内存,黑色,16*1*1,2,AT15D,迈克,出库,30077,拣货
CaRG18LoBl,黑色 品牌03 1800 文件柜（储物锁柜）,文件柜,品牌03,1800,储物锁柜,黑色,8*1*1,8,CF27A,劳拉,出库,30026,拣货
CaQE18DoBl,黑色 品牌01 1800 文件柜（带门式）,文件柜,品牌01,1800,带门式,黑色,8*1*1,8,AU98G,莎拉,出库,30034,拣货
GaOGSLeWh,白色 品牌07 小号 游戏椅（皮革）,游戏椅,品牌07,小号,皮革,白色,16*1*1,4,CH06F,大卫,出库,30030,拣货
OfXELErBl,黑色 品牌06 大号 办公椅（人体工学）,办公椅,品牌06,大号,人体工学,黑色,16*1*1,16,CR17B,艾米,出库,30041,拣货
TaCI18AdSi,银色 品牌27 1800 桌子（可调节）,桌子,品牌27,1800,可调节,银色,8*1*1,8,CZ51C,克里斯,出库,30066,拣货
GaOGSErWh,白色 品牌07 小号 游戏椅（人体工学）,游戏椅,品牌07,小号,人体工学,白色,16*1*1,16,DI68E,克里斯,出库,30045,拣货
DrQE12LoGr,灰色 品牌01 1200 抽屉柜（储物锁柜）,抽屉柜,品牌01,1200,储物锁柜,灰色,8*1*1,8,BJ62B,艾米丽,出库,30060,拣货
OfOGLErWh,白色 品牌07 大号 办公椅（人体工学）,办公椅,品牌07,大号,人体工学,白色,16*1*1,10,BI33H,莎拉,出库,30081,拣货
TaTR15WoBl,黑色 品牌29 1500 桌子（工作站）,桌子,品牌29,1500,工作站,黑色,8*1*1,8,BT49F,约翰,出库,30043,拣货
AlRe15i7Bl,黑色 品牌14 15英寸 一体机（第7代处理器）,一体机,品牌14,15英寸,第7代处理器,黑色,16*1*1,16,AW16G,迈克,出库,30056,拣货
OfOGSErBl,黑色 品牌07 小号 办公椅（人体工学）,办公椅,品牌07,小号,人体工学,黑色,16*1*1,7,DT41A,艾米,出库,30094,拣货
SPAl50WaPi,粉色 品牌20 50 触控笔（水彩）,触控笔,品牌20,50,水彩,粉色,48*10*5,2400,BF02B,莎拉,出库,30033,拣货
AlYn15i5Gr,灰色 品牌15 15英寸 一体机（第5代处理器）,一体机,品牌15,15英寸,第5代处理器,灰色,16*1*1,16,BI42E,艾米丽,出库,30010,拣货
KePH35BlBl,黑色 品牌12 350 键盘（蓝牙）,键盘,品牌12,350,蓝牙,黑色,16*10*1,45,DV13H,莎拉,出库,30074,拣货
OfAEMErPi,粉色 品牌05 中号 办公椅（人体工学）,办公椅,品牌05,中号,人体工学,粉色,16*1*1,16,DJ08A,克里斯,出库,30081,拣货
CaWE90FiBe,米色 品牌02 900 文件柜（文件收纳）,文件柜,品牌02,900,文件收纳,米色,8*1*1,8,BY28G,劳拉,出库,30050,拣货
PeNa12HeBl,黑色 品牌23 12 铅笔（六角形）,铅笔,品牌23,12,六角形,黑色,48*10*5,2400,BQ57A,艾米,出库,30087,拣货
SPGi50HeWh,白色 品牌21 50 触控笔（六角形）,触控笔,品牌21,50,六角形,白色,48*10*5,2400,BN45B,克里斯,出库,30090,拣货
CaTE18LoGr,灰色 品牌04 1800 文件柜（储物锁柜）,文件柜,品牌04,1800,储物锁柜,灰色,8*1*1,8,DQ61H,劳拉,出库,30034,拣货
TVEs654KWh,白色 品牌32 65英寸 电视机（超高清）,电视机,品牌32,65英寸,超高清,白色,8*1*1,3,DO21D,迈克,出库,30023,拣货
CaQE18FiBe,米色 品牌01 1800 文件柜（文件收纳）,文件柜,品牌01,1800,文件收纳,米色,8*1*1,8,AQ32C,迈克,出库,30084,拣货
CuTE90LoGr,灰色 品牌04 900 储物柜（储物锁柜）,储物柜,品牌04,900,储物锁柜,灰色,8*1*1,3,AS79C,亚历克斯,出库,30060,拣货
PeGi24SoWh,白色 品牌21 24 铅笔（可溶性）,铅笔,品牌21,24,可溶性,白色,48*10*5,2400,CQ61G,大卫,出库,30024,拣货
CuQE90DoWh,白色 品牌01 900 储物柜（带门式）,储物柜,品牌01,900,带门式,白色,8*1*1,2,DT24H,克里斯,出库,30086,拣货
DrRG18LoWh,白色 品牌03 1800 抽屉柜（储物锁柜）,抽屉柜,品牌03,1800,储物锁柜,白色,8*1*1,2,BS13G,克里斯,出库,30078,拣货
CuTE18LoGr,灰色 品牌04 1800 储物柜（储物锁柜）,储物柜,品牌04,1800,储物锁柜,灰色,8*1*1,2,BV11A,克里斯,出库,30091,拣货
GaAELErWh,白色 品牌05 大号 游戏椅（人体工学）,游戏椅,品牌05,大号,人体工学,白色,16*1*1,7,DS78C,莎拉,出库,30038,拣货
CaTE18SlBl,黑色 品牌04 1800 文件柜（滑动式）,文件柜,品牌04,1800,滑动式,黑色,8*1*1,8,AO41H,约翰,出库,30002,拣货
LaSu15i5Si,银色 品牌11 15英寸 笔记本电脑（第5代处理器）,笔记本电脑,品牌11,15英寸,第5代处理器,银色,16*1*1,16,DX70G,克里斯,出库,30022,拣货
KeHc45MePi,粉色 品牌09 450 键盘（机械式）,键盘,品牌09,450,机械式,粉色,16*10*1,160,AU47F,莎拉,出库,30077,拣货
OfAELAdWh,白色 品牌05 大号 办公椅（可调节）,办公椅,品牌05,大号,可调节,白色,16*1*1,16,CY16A,大卫,出库,30092,拣货
NoMuA5ruWh,白色 品牌19 五号纸 笔记本（横线）,笔记本,品牌19,五号纸,横线,白色,48*10*5,2400,BI58B,亚历克斯,出库,30070,拣货
MoHc45BlNa,藏青色 品牌09 450 鼠标（蓝牙）,鼠标,品牌09,450,蓝牙,藏青色,16*10*1,160,CU96F,莎拉,出库,30044,拣货
KeHc27ErBl,黑色 品牌09 270 键盘（人体工学）,键盘,品牌09,270,人体工学,黑色,16*10*1,160,DP97E,克里斯,出库,30021,拣货
AlYn1532Wh,白色 品牌15 15英寸 一体机（32吉字节内存）,一体机,品牌15,15英寸,32吉字节内存,白色,16*1*1,16,BW81A,亚历克斯,出库,30005,拣货
PeNa24WaPi,粉色 品牌23 24 铅笔（水彩）,铅笔,品牌23,24,水彩,粉色,48*10*5,2400,AX71D,大卫,出库,30059,拣货
CaTE18LoWh,白色 品牌04 1800 文件柜（储物锁柜）,文件柜,品牌04,1800,储物锁柜,白色,8*1*1,8,AN32F,亚历克斯,出库,30026,拣货
CuRG90DoWh,白色 品牌03 900 储物柜（带门式）,储物柜,品牌03,900,带门式,白色,8*1*1,8,AJ94H,亚历克斯,出库,30058,拣货
LaYn14i5Wh,白色 品牌15 14英寸 笔记本电脑（第5代处理器）,笔记本电脑,品牌15,14英寸,第5代处理器,白色,16*1*1,16,BI68H,简,出库,30083,拣货
OfAEMErPi,粉色 品牌05 中号 办公椅（人体工学）,办公椅,品牌05,中号,人体工学,粉色,16*1*1,16,DN12F,大卫,出库,30019,拣货
TVGL75S4Gr,灰色 品牌31 75英寸 电视机（超级超高清）,电视机,品牌31,75英寸,超级超高清,灰色,8*1*1,1,AX01C,简,出库,30050,拣货
AlYn1432Gr,灰色 品牌15 14英寸 一体机（32吉字节内存）,一体机,品牌15,14英寸,32吉字节内存,灰色,16*1*1,16,CY76A,亚历克斯,出库,30061,拣货
TaTR10AuGr,灰色 品牌29 1000 桌子（自动调节）,桌子,品牌29,1000,自动调节,灰色,8*1*1,8,CU90D,劳拉,出库,30021,拣货
CuTE18DoBe,米色 品牌04 1800 储物柜（带门式）,储物柜,品牌04,1800,带门式,米色,8*1*1,8,CX01G,亚历克斯,出库,30037,拣货
TVYn754KSi,银色 品牌15 75英寸 电视机（超高清）,电视机,品牌15,75英寸,超高清,银色,8*1*1,8,AF14G,简,出库,30092,拣货
LaSu1516Wh,白色 品牌11 15英寸 笔记本电脑（16吉字节内存）,笔记本电脑,品牌11,15英寸,16吉字节内存,白色,16*1*1,3,DZ64B,约翰,出库,30091,拣货
NoGrA4liBl,黑色 品牌18 四号纸 笔记本（线条）,笔记本,品牌18,四号纸,线条,黑色,48*10*5,1270,DY29G,约翰,出库,30017,拣货
AlOv1716Wh,白色 品牌13 17英寸 一体机（16吉字节内存）,一体机,品牌13,17英寸,16吉字节内存,白色,16*1*1,16,DH74F,迈克,出库,30015,拣货
PeNa24HeWh,白色 品牌23 24 铅笔（六角形）,铅笔,品牌23,24,六角形,白色,48*10*5,2400,BL15B,艾米,出库,30021,拣货
AlPH1416Si,银色 品牌12 14英寸 一体机（16吉字节内存）,一体机,品牌12,14英寸,16吉字节内存,银色,16*1*1,16,BT74E,劳拉,出库,30031,拣货
OfAELAdGr,灰色 品牌05 大号 办公椅（可调节）,办公椅,品牌05,大号,可调节,灰色,16*1*1,16,AR88G,约翰,出库,30027,拣货
MoHc35WiNa,藏青色 品牌09 350 鼠标（有线）,鼠标,品牌09,350,有线,藏青色,16*10*1,96,BR73D,克里斯,出库,30089,拣货
TVEs754KGr,灰色 品牌32 75英寸 电视机（超高清）,电视机,品牌32,75英寸,超高清,灰色,8*1*1,8,AS31D,约翰,出库,30049,拣货
TaAE15FrGr,灰色 品牌05 1500 桌子（框架式）,桌子,品牌05,1500,框架式,灰色,8*1*1,8,DT07E,艾米,出库,30094,拣货
TaTR10AuSi,银色 品牌29 1000 桌子（自动调节）,桌子,品牌29,1000,自动调节,银色,8*1*1,2,BG39C,迈克,出库,30006,拣货
LaRe17i5Wh,白色 品牌14 17英寸 笔记本电脑（第5代处理器）,笔记本电脑,品牌14,17英寸,第5代处理器,白色,16*1*1,16,BQ93H,亚历克斯,出库,30012,拣货
LaRe1432Wh,白色 品牌14 14英寸 笔记本电脑（32吉字节内存）,笔记本电脑,品牌14,14英寸,32吉字节内存,白色,16*1*1,3,BY37H,迈克,出库,30035,拣货
PrSoA2AlMi,混合色 品牌25 二号纸 打印机（一体式）,打印机,品牌25,二号纸,一体式,混合色,16*1*1,7,BS13A,迈克,出库,30009,拣货
PeRe12HeWh,白色 品牌22 12 铅笔（六角形）,铅笔,品牌22,12,六角形,白色,48*10*5,2400,CP14F,莎拉,出库,30038,拣货
LaPH1732Gr,灰色 品牌12 17英寸 笔记本电脑（32吉字节内存）,笔记本电脑,品牌12,17英寸,32吉字节内存,灰色,16*1*1,3,AI34B,约翰,出库,30019,拣货
DrRG18LoGr,灰色 品牌03 1800 抽屉柜（储物锁柜）,抽屉柜,品牌03,1800,储物锁柜,灰色,8*1*1,8,CM22C,劳拉,出库,30027,拣货
GaSEMAdBl,黑色 品牌08 中号 游戏椅（可调节）,游戏椅,品牌08,中号,可调节,黑色,16*1*1,3,CG20G,艾米丽,出库,30049,拣货
MoRe27BlBl,黑色 品牌10 270 鼠标（蓝牙）,鼠标,品牌10,270,蓝牙,黑色,16*10*1,160,BV06C,亚历克斯,出库,30086,拣货
CaRG90LoBe,米色 品牌03 900 文件柜（储物锁柜）,文件柜,品牌03,900,储物锁柜,米色,8*1*1,8,AS53F,克里斯,出库,30082,拣货
PeNa24HeBl,黑色 品牌23 24 铅笔（六角形）,铅笔,品牌23,24,六角形,黑色,48*10*5,446,BV32H,艾米,出库,30061,拣货
AlRe1716Wh,白色 品牌14 17英寸 一体机（16吉字节内存）,一体机,品牌14,17英寸,16吉字节内存,白色,16*1*1,16,BT95D,亚历克斯,出库,30096,拣货
AlYn178GBl,黑色 品牌15 17英寸 一体机（8吉字节内存）,一体机,品牌15,17英寸,8吉字节内存,黑色,16*1*1,4,AX09C,亚历克斯,出库,30057,拣货
MoSu27BlWh,白色 品牌11 270 鼠标（蓝牙）,鼠标,品牌11,270,蓝牙,白色,16*10*1,126,DK61C,莎拉,出库,30000,拣货
TVGL75S4Si,银色 品牌31 75英寸 电视机（超级超高清）,电视机,品牌31,75英寸,超级超高清,银色,8*1*1,8,DK72B,艾米,出库,30011,拣货
CuQE18SlBe,米色 品牌01 1800 储物柜（滑动式）,储物柜,品牌01,1800,滑动式,米色,8*1*1,7,CJ11D,简,出库,30061,拣货
DrRG18LoWh,白色 品牌03 1800 抽屉柜（储物锁柜）,抽屉柜,品牌03,1800,储物锁柜,白色,8*1*1,8,CR44B,克里斯,出库,30044,拣货
SPNa50SoGr,灰色 品牌23 50 触控笔（可溶性）,触控笔,品牌23,50,可溶性,灰色,48*10*5,933,CF96C,艾米,出库,30081,拣货
DrWE12FiBl,黑色 品牌02 1200 抽屉柜（文件收纳）,抽屉柜,品牌02,1200,文件收纳,黑色,8*1*1,8,CL25A,劳拉,出库,30099,拣货
PrNoA2WiGr,灰色 品牌26 二号纸 打印机（无线网络）,打印机,品牌26,二号纸,无线网络,灰色,16*1*1,16,BM83B,约翰,出库,30032,拣货
PrSoA3LaMi,混合色 品牌25 三号纸 打印机（激光）,打印机,品牌25,三号纸,激光,混合色,16*1*1,16,AS07F,约翰,出库,30004,拣货
CuWE18LoWh,白色 品牌02 1800 储物柜（储物锁柜）,储物柜,品牌02,1800,储物锁柜,白色,8*1*1,8,BQ94C,约翰,出库,30012,拣货
OfSESAdPi,粉色 品牌08 小号 办公椅（可调节）,办公椅,品牌08,小号,可调节,粉色,16*1*1,16,BO54D,迈克,出库,30056,拣货
MoRe27WiWh,白色 品牌10 270 鼠标（有线）,鼠标,品牌10,270,有线,白色,16*10*1,160,DM10F,克里斯,出库,30064,拣货
SPGi24HePi,粉色 品牌21 24 触控笔（六角形）,触控笔,品牌21,24,六角形,粉色,48*10*5,2400,BZ28D,大卫,出库,30037,拣货
SPGi12HeBl,黑色 品牌21 12 触控笔（六角形）,触控笔,品牌21,12,六角形,黑色,48*10*5,412,CM29C,艾米,出库,30029,拣货
LaSu15i5Si,银色 品牌11 15英寸 笔记本电脑（第5代处理器）,笔记本电脑,品牌11,15英寸,第5代处理器,银色,16*1*1,16,AV81E,克里斯,出库,30031,拣货
OfSESErWh,白色 品牌08 小号 办公椅（人体工学）,办公椅,品牌08,小号,人体工学,白色,16*1*1,12,CU14H,简,出库,30050,拣货
TVGL32S4Gr,灰色 品牌31 32英寸 电视机（超级超高清）,电视机,品牌31,32英寸,超级超高清,灰色,8*1*1,4,CK86D,艾米,出库,30043,拣货
TaCI15FrWh,白色 品牌27 1500 桌子（框架式）,桌子,品牌27,1500,框架式,白色,8*1*1,7,BS73D,亚历克斯,出库,30071,拣货
KeSu45ErWh,白色 品牌11 450 键盘（人体工学）,键盘,品牌11,450,人体工学,白色,16*10*1,160,CG68H,约翰,出库,30043,拣货
TaTR15WoSi,银色 品牌28 1500 桌子（工作站）,桌子,品牌28,1500,工作站,银色,8*1*1,8,BW16E,劳拉,出库,30087,拣货
TaAE18WoSi,银色 品牌05 1800 桌子（工作站）,桌子,品牌05,1800,工作站,银色,8*1*1,8,DV45B,大卫,出库,30060,拣货
TaAE15FrGr,灰色 品牌05 1500 桌子（框架式）,桌子,品牌05,1500,框架式,灰色,8*1*1,4,AI08F,艾米,出库,30002,拣货
OfSESAdWh,白色 品牌08 小号 办公椅（可调节）,办公椅,品牌08,小号,可调节,白色,16*1*1,12,BN61D,劳拉,出库,30031,拣货
PrSoA3MoMi,混合色 品牌25 三号纸 打印机（黑白）,打印机,品牌25,三号纸,黑白,混合色,16*1*1,4,AM57E,大卫,出库,30031,拣货
LaRe1432Wh,白色 品牌14 14英寸 笔记本电脑（32吉字节内存）,笔记本电脑,品牌14,14英寸,32吉字节内存,白色,16*1*1,16,BV81H,艾米丽,出库,30039,拣货
KeRe35MeNa,藏青色 品牌10 350 键盘（机械式）,键盘,品牌10,350,机械式,藏青色,16*10*1,160,AP97G,莎拉,出库,30092,拣货
CaWE90SlGr,灰色 品牌02 900 文件柜（滑动式）,文件柜,品牌02,900,滑动式,灰色,8*1*1,8,CS93B,迈克,出库,30066,拣货
TVGn32SFWh,白色 品牌30 32英寸 电视机（超级全高清）,电视机,品牌30,32英寸,超级全高清,白色,8*1*1,6,AN38D,莎拉,出库,30048,拣货
LaPH17i5Si,银色 品牌12 17英寸 笔记本电脑（第5代处理器）,笔记本电脑,品牌12,17英寸,第5代处理器,银色,16*1*1,9,BS32C,艾米,出库,30098,拣货
AlYn17i5Bl,黑色 品牌15 17英寸 一体机（第5代处理器）,一体机,品牌15,17英寸,第5代处理器,黑色,16*1*1,9,BO52E,亚历克斯,出库,30049,拣货
LaSu1416Wh,白色 品牌11 14英寸 笔记本电脑（16吉字节内存）,笔记本电脑,品牌11,14英寸,16吉字节内存,白色,16*1*1,16,CW17E,亚历克斯,出库,30043,拣货
TaTR18AuSi,银色 品牌29 1800 桌子（自动调节）,桌子,品牌29,1800,自动调节,银色,8*1*1,8,CZ76H,约翰,出库,30079,拣货
GaAELErBl,黑色 品牌05 大号 游戏椅（人体工学）,游戏椅,品牌05,大号,人体工学,黑色,16*1*1,16,AY83B,艾米,出库,30019,拣货
GaSELHeWh,白色 品牌08 大号 游戏椅（头枕）,游戏椅,品牌08,大号,头枕,白色,16*1*1,16,CR95C,简,出库,30012,拣货
TaTR18WoWh,白色 品牌29 1800 桌子（工作站）,桌子,品牌29,1800,工作站,白色,8*1*1,8,BP85F,劳拉,出库,30094,拣货
KeHc45BlPi,粉色 品牌09 450 键盘（蓝牙）,键盘,品牌09,450,蓝牙,粉色,16*10*1,160,DW89E,艾米丽,出库,30055,拣货
MoRe35ErNa,藏青色 品牌10 350 鼠标（人体工学）,鼠标,品牌10,350,人体工学,藏青色,16*10*1,68,AY25A,约翰,出库,30064,拣货
CuQE18SlGr,灰色 品牌01 1800 储物柜（滑动式）,储物柜,品牌01,1800,滑动式,灰色,8*1*1,7,DL17D,莎拉,出库,30022,拣货
NoScA4liGr,灰色 品牌17 四号纸 笔记本（线条）,笔记本,品牌17,四号纸,线条,灰色,48*10*5,1492,BS25A,亚历克斯,出库,30077,拣货
AlPH17i5Gr,灰色 品牌12 17英寸 一体机（第5代处理器）,一体机,品牌12,17英寸,第5代处理器,灰色,16*1*1,16,CG57F,大卫,出库,30071,拣货
CuQE90FiBl,黑色 品牌01 900 储物柜（文件收纳）,储物柜,品牌01,900,文件收纳,黑色,8*1*1,3,DF77H,艾米,出库,30089,拣货
PrReA2MoMi,混合色 品牌24 二号纸 打印机（黑白）,打印机,品牌24,二号纸,黑白,混合色,16*1*1,8,AZ05A,大卫,出库,30093,拣货
DrRG12LoGr,灰色 品牌03 1200 抽屉柜（储物锁柜）,抽屉柜,品牌03,1200,储物锁柜,灰色,8*1*1,8,BF51G,约翰,出库,30048,拣货
AlPH1516Bl,黑色 品牌12 15英寸 一体机（16吉字节内存）,一体机,品牌12,15英寸,16吉字节内存,黑色,16*1*1,16,CH54F,劳拉,出库,30036,拣货
LaRe17i5Gr,灰色 品牌14 17英寸 笔记本电脑（第5代处理器）,笔记本电脑,品牌14,17英寸,第5代处理器,灰色,16*1*1,16,CU30D,约翰,出库,30076,拣货
SPNa24SoPi,粉色 品牌23 24 触控笔（可溶性）,触控笔,品牌23,24,可溶性,粉色,48*10*5,2400,BJ35C,约翰,出库,30068,拣货
KeHc45MeBl,黑色 品牌09 450 键盘（机械式）,键盘,品牌09,450,机械式,黑色,16*10*1,82,BQ30F,莎拉,出库,30068,拣货
TVGn32FHBl,黑色 品牌30 32英寸 电视机（全高清）,电视机,品牌30,32英寸,全高清,黑色,8*1*1,8,BI23C,简,出库,30053,拣货
CaWE90LoWh,白色 品牌02 900 文件柜（储物锁柜）,文件柜,品牌02,900,储物锁柜,白色,8*1*1,8,CO55A,劳拉,出库,30075,拣货
DrTE90SlWh,白色 品牌04 900 抽屉柜（滑动式）,抽屉柜,品牌04,900,滑动式,白色,8*1*1,5,CW29G,迈克,出库,30020,拣货
KeRe27ErWh,白色 品牌10 270 键盘（人体工学）,键盘,品牌10,270,人体工学,白色,16*10*1,32,BO59E,亚历克斯,出库,30052,拣货
PeRe24HeGr,灰色 品牌22 24 铅笔（六角形）,铅笔,品牌22,24,六角形,灰色,48*10*5,2400,DO77B,莎拉,出库,30051,拣货
SPNa24HeBl,黑色 品牌23 24 触控笔（六角形）,触控笔,品牌23,24,六角形,黑色,48*10*5,2400,AL49B,简,出库,30086,拣货
SPAl12WaPi,粉色 品牌20 12 触控笔（水彩）,触控笔,品牌20,12,水彩,粉色,48*10*5,2400,BR91F,约翰,出库,30074,拣货
NoGrA5liBl,黑色 品牌18 五号纸 笔记本（线条）,笔记本,品牌18,五号纸,线条,黑色,48*10*5,2400,BN43G,劳拉,出库,30047,拣货
AlYn14i5Bl,黑色 品牌15 14英寸 一体机（第5代处理器）,一体机,品牌15,14英寸,第5代处理器,黑色,16*1*1,16,AR51G,亚历克斯,出库,30042,拣货
TVEs75FHWh,白色 品牌32 75英寸 电视机（全高清）,电视机,品牌32,75英寸,全高清,白色,8*1*1,8,AW21A,艾米丽,出库,30066,拣货
CaWE12LoWh,白色 品牌02 1200 文件柜（储物锁柜）,文件柜,品牌02,1200,储物锁柜,白色,8*1*1,8,CX52C,艾米丽,出库,30001,拣货
TVYn50SFBl,黑色 品牌15 50英寸 电视机（超级全高清）,电视机,品牌15,50英寸,超级全高清,黑色,8*1*1,8,BU76A,简,出库,30057,拣货
LaOv1732Bl,黑色 品牌13 17英寸 笔记本电脑（32吉字节内存）,笔记本电脑,品牌13,17英寸,32吉字节内存,黑色,16*1*1,16,DU68E,艾米,出库,30078,拣货
AlPH17i5Bl,黑色 品牌12 17英寸 一体机（第5代处理器）,一体机,品牌12,17英寸,第5代处理器,黑色,16*1*1,16,AW80H,大卫,出库,30051,拣货
OfSEMLeBl,黑色 品牌08 中号 办公椅（皮革）,办公椅,品牌08,中号,皮革,黑色,16*1*1,3,DT39D,迈克,出库,30094,拣货
TVEs75FHGr,灰色 品牌32 75英寸 电视机（全高清）,电视机,品牌32,75英寸,全高清,灰色,8*1*1,8,AU70A,亚历克斯,出库,30076,拣货
OfOGMHeGr,灰色 品牌07 中号 办公椅（头枕）,办公椅,品牌07,中号,头枕,灰色,16*1*1,16,DI42F,莎拉,出库,30053,拣货
AlYn1516Si,银色 品牌15 15英寸 一体机（16吉字节内存）,一体机,品牌15,15英寸,16吉字节内存,银色,16*1*1,2,BQ10H,大卫,出库,30084,拣货
GaOGMErBl,黑色 品牌07 中号 游戏椅（人体工学）,游戏椅,品牌07,中号,人体工学,黑色,16*1*1,12,BQ23G,约翰,出库,30070,拣货
TaTR18FrWh,白色 品牌28 1800 桌子（框架式）,桌子,品牌28,1800,框架式,白色,8*1*1,8,CJ61A,简,出库,30087,拣货
DrTE12DoBe,米色 品牌04 1200 抽屉柜（带门式）,抽屉柜,品牌04,1200,带门式,米色,8*1*1,8,DX66F,亚历克斯,出库,30040,拣货
KeHc27WiBl,黑色 品牌09 270 键盘（有线）,键盘,品牌09,270,有线,黑色,16*10*1,25,AS76H,简,出库,30042,拣货
OfOGLLePi,粉色 品牌07 大号 办公椅（皮革）,办公椅,品牌07,大号,皮革,粉色,16*1*1,16,AQ60A,莎拉,出库,30081,拣货
GaOGSLeGr,灰色 品牌07 小号 游戏椅（皮革）,游戏椅,品牌07,小号,皮革,灰色,16*1*1,2,DR33F,艾米,出库,30074,拣货
PeRe12SoPi,粉色 品牌22 12 铅笔（可溶性）,铅笔,品牌22,12,可溶性,粉色,48*10*5,2400,CI82A,迈克,出库,30091,拣货
PrReA4WiMi,混合色 品牌24 四号纸 打印机（无线网络）,打印机,品牌24,四号纸,无线网络,混合色,16*1*1,16,DQ37E,劳拉,出库,30007,拣货
AlSu14i5Bl,黑色 品牌11 14英寸 一体机（第5代处理器）,一体机,品牌11,14英寸,第5代处理器,黑色,16*1*1,15,DS36D,艾米,出库,30091,拣货
TaTR15AdGr,灰色 品牌28 1500 桌子（可调节）,桌子,品牌28,1500,可调节,灰色,8*1*1,8,CQ56F,约翰,出库,30043,拣货
DrTE18FiGr,灰色 品牌04 1800 抽屉柜（文件收纳）,抽屉柜,品牌04,1800,文件收纳,灰色,8*1*1,8,DL16H,简,出库,30007,拣货
PrReA4AlWh,白色 品牌24 四号纸 打印机（一体式）,打印机,品牌24,四号纸,一体式,白色,16*1*1,16,AL85B,莎拉,出库,30031,拣货
KeRe45MePi,粉色 品牌10 450 键盘（机械式）,键盘,品牌10,450,机械式,粉色,16*10*1,96,CK06A,简,出库,30047,拣货
AlOv1732Si,银色 品牌13 17英寸 一体机（32吉字节内存）,一体机,品牌13,17英寸,32吉字节内存,银色,16*1*1,13,CX38E,艾米丽,出库,30070,拣货
OfSEMAdGr,灰色 品牌08 中号 办公椅（可调节）,办公椅,品牌08,中号,可调节,灰色,16*1*1,16,BF36A,艾米丽,出库,30045,拣货
TaTR10AdBl,黑色 品牌28 1000 桌子（可调节）,桌子,品牌28,1000,可调节,黑色,8*1*1,3,AZ82C,简,出库,30071,拣货
CaRG18FiGr,灰色 品牌03 1800 文件柜（文件收纳）,文件柜,品牌03,1800,文件收纳,灰色,8*1*1,8,BL88F,简,出库,30029,拣货
CuQE12LoBe,米色 品牌01 1200 储物柜（储物锁柜）,储物柜,品牌01,1200,储物锁柜,米色,8*1*1,8,DL66F,迈克,出库,30034,拣货
PeRe50WaPi,粉色 品牌22 50 铅笔（水彩）,铅笔,品牌22,50,水彩,粉色,48*10*5,139,DX11G,亚历克斯,出库,30069,拣货
TVGL42S4Wh,白色 品牌31 42英寸 电视机（超级超高清）,电视机,品牌31,42英寸,超级超高清,白色,8*1*1,8,DM76H,亚历克斯,出库,30013,拣货
PeGi24HeGr,灰色 品牌21 24 铅笔（六角形）,铅笔,品牌21,24,六角形,灰色,48*10*5,2400,DY25H,迈克,出库,30091,拣货
CuTE12DoGr,灰色 品牌04 1200 储物柜（带门式）,储物柜,品牌04,1200,带门式,灰色,8*1*1,3,DR28H,劳拉,出库,30046,拣货
AlSu17i5Gr,灰色 品牌11 17英寸 一体机（第5代处理器）,一体机,品牌11,17英寸,第5代处理器,灰色,16*1*1,3,DP13A,迈克,出库,30070,拣货
LaRe15i5Gr,灰色 品牌14 15英寸 笔记本电脑（第5代处理器）,笔记本电脑,品牌14,15英寸,第5代处理器,灰色,16*1*1,16,DR39B,约翰,出库,30081,拣货
TaCI15FrGr,灰色 品牌27 1500 桌子（框架式）,桌子,品牌27,1500,框架式,灰色,8*1*1,4,DW67E,迈克,出库,30073,拣货
CuRG90FiWh,白色 品牌03 900 储物柜（文件收纳）,储物柜,品牌03,900,文件收纳,白色,8*1*1,8,BT14B,大卫,出库,30068,拣货
AlPH1732Si,银色 品牌12 17英寸 一体机（32吉字节内存）,一体机,品牌12,17英寸,32吉字节内存,银色,16*1*1,3,DT75C,大卫,出库,30008,拣货
DrRG12LoWh,白色 品牌03 1200 抽屉柜（储物锁柜）,抽屉柜,品牌03,1200,储物锁柜,白色,8*1*1,1,DX74A,大卫,出库,30049,拣货
TVGn65S4Bl,黑色 品牌30 65英寸 电视机（超级超高清）,电视机,品牌30,65英寸,超级超高清,黑色,8*1*1,8,BH33C,莎拉,出库,30088,拣货
MoHc27ErWh,白色 品牌09 270 鼠标（人体工学）,鼠标,品牌09,270,人体工学,白色,16*10*1,160,BJ52H,简,出库,30063,拣货
GaSESErGr,灰色 品牌08 小号 游戏椅（人体工学）,游戏椅,品牌08,小号,人体工学,灰色,16*1*1,16,BI59G,约翰,出库,30038,拣货
DrWE12FiWh,白色 品牌02 1200 抽屉柜（文件收纳）,抽屉柜,品牌02,1200,文件收纳,白色,8*1*1,8,DJ53F,克里斯,出库,30082,拣货
LaRe1516Gr,灰色 品牌14 15英寸 笔记本电脑（16吉字节内存）,笔记本电脑,品牌14,15英寸,16吉字节内存,灰色,16*1*1,3,CM67A,克里斯,出库,30066,拣货
KeHc35ErWh,白色 品牌09 350 键盘（人体工学）,键盘,品牌09,350,人体工学,白色,16*10*1,36,AF89G,迈克,出库,30010,拣货
TVYn324KSi,银色 品牌15 32英寸 电视机（超高清）,电视机,品牌15,32英寸,超高清,银色,8*1*1,1,DY03H,迈克,出库,30021,拣货
SPAl24WaPi,粉色 品牌20 24 触控笔（水彩）,触控笔,品牌20,24,水彩,粉色,48*10*5,1303,DO65B,艾米丽,出库,30095,拣货
SPNa12SoBl,黑色 品牌23 12 触控笔（可溶性）,触控笔,品牌23,12,可溶性,黑色,48*10*5,1706,AN15G,克里斯,出库,30098,拣货
GaXELLeWh,白色 品牌06 大号 游戏椅（皮革）,游戏椅,品牌06,大号,皮革,白色,16*1*1,16,CU34E,亚历克斯,出库,30024,拣货
TVYn754KWh,白色 品牌15 75英寸 电视机（超高清）,电视机,品牌15,75英寸,超高清,白色,8*1*1,4,CH91G,劳拉,出库,30048,拣货
CaRG90FiBl,黑色 品牌03 900 文件柜（文件收纳）,文件柜,品牌03,900,文件收纳,黑色,8*1*1,8,BH31A,约翰,出库,30034,拣货
TVYn654KSi,银色 品牌15 65英寸 电视机（超高清）,电视机,品牌15,65英寸,超高清,银色,8*1*1,5,BY83H,亚历克斯,出库,30090,拣货
PrSoA4AlWh,白色 品牌25 四号纸 打印机（一体式）,打印机,品牌25,四号纸,一体式,白色,16*1*1,14,BY35A,约翰,出库,30060,拣货
LaSu15i5Si,银色 品牌11 15英寸 笔记本电脑（第5代处理器）,笔记本电脑,品牌11,15英寸,第5代处理器,银色,16*1*1,16,CY94C,约翰,出库,30039,拣货
CaRG12FiWh,白色 品牌03 1200 文件柜（文件收纳）,文件柜,品牌03,1200,文件收纳,白色,8*1*1,3,DH67G,亚历克斯,出库,30016,拣货
KeRe45ErBl,黑色 品牌10 450 键盘（人体工学）,键盘,品牌10,450,人体工学,黑色,16*10*1,160,DZ10H,亚历克斯,出库,30079,拣货
DrQE90SlBe,米色 品牌01 900 抽屉柜（滑动式）,抽屉柜,品牌01,900,滑动式,米色,8*1*1,8,DU28E,约翰,出库,30087,拣货
PrNoA2InWh,白色 品牌26 二号纸 打印机（喷墨）,打印机,品牌26,二号纸,喷墨,白色,16*1*1,2,CQ22C,艾米丽,出库,30066,拣货
LaRe17i7Gr,灰色 品牌14 17英寸 笔记本电脑（第7代处理器）,笔记本电脑,品牌14,17英寸,第7代处理器,灰色,16*1*1,16,AH62F,劳拉,出库,30068,拣货
LaSu15i7Wh,白色 品牌11 15英寸 笔记本电脑（第7代处理器）,笔记本电脑,品牌11,15英寸,第7代处理器,白色,16*1*1,13,CU92E,约翰,出库,30094,拣货
LaPH1416Si,银色 品牌12 14英寸 笔记本电脑（16吉字节内存）,笔记本电脑,品牌12,14英寸,16吉字节内存,银色,16*1*1,16,CY80F,大卫,出库,30054,拣货
SPAl24SoBl,黑色 品牌20 24 触控笔（可溶性）,触控笔,品牌20,24,可溶性,黑色,48*10*5,150,DY22E,艾米,出库,30014,拣货
MoHc27MePi,粉色 品牌09 270 鼠标（机械式）,鼠标,品牌09,270,机械式,粉色,16*10*1,160,CN75E,迈克,出库,30019,拣货
TaTR10FrWh,白色 品牌28 1000 桌子（框架式）,桌子,品牌28,1000,框架式,白色,8*1*1,8,AT05C,亚历克斯,出库,30019,拣货
CaWE90LoBe,米色 品牌02 900 文件柜（储物锁柜）,文件柜,品牌02,900,储物锁柜,米色,8*1*1,3,CL11F,大卫,出库,30004,拣货
MoSu35BlBl,黑色 品牌11 350 鼠标（蓝牙）,鼠标,品牌11,350,蓝牙,黑色,16*10*1,82,DH23B,简,出库,30084,拣货
GaAEMAdGr,灰色 品牌05 中号 游戏椅（可调节）,游戏椅,品牌05,中号,可调节,灰色,16*1*1,7,CN04D,亚历克斯,出库,30023,拣货
KePH35WiNa,藏青色 品牌12 350 键盘（有线）,键盘,品牌12,350,有线,藏青色,16*10*1,30,BT93F,艾米,出库,30091,拣货
KePH45BlBl,黑色 品牌12 450 键盘（蓝牙）,键盘,品牌12,450,蓝牙,黑色,16*10*1,119,DY60H,迈克,出库,30084,拣货
OfOGLHeGr,灰色 品牌07 大号 办公椅（头枕）,办公椅,品牌07,大号,头枕,灰色,16*1*1,8,DR64A,艾米,出库,30006,拣货
CaQE90SlWh,白色 品牌01 900 文件柜（滑动式）,文件柜,品牌01,900,滑动式,白色,8*1*1,8,AH17H,迈克,出库,30029,拣货
GaXESHeWh,白色 品牌06 小号 游戏椅（头枕）,游戏椅,品牌06,小号,头枕,白色,16*1*1,6,DI91D,艾米丽,出库,30063,拣货
SPNa24WaWh,白色 品牌23 24 触控笔（水彩）,触控笔,品牌23,24,水彩,白色,48*10*5,2400,BS55H,大卫,出库,30008,拣货
PrSoA4WiMi,混合色 品牌25 四号纸 打印机（无线网络）,打印机,品牌25,四号纸,无线网络,混合色,16*1*1,16,AP57H,莎拉,出库,30092,拣货
LaSu14i5Si,银色 品牌11 14英寸 笔记本电脑（第5代处理器）,笔记本电脑,品牌11,14英寸,第5代处理器,银色,16*1*1,14,DM94H,约翰,出库,30005,拣货
LaRe158GSi,银色 品牌14 15英寸 笔记本电脑（8吉字节内存）,笔记本电脑,品牌14,15英寸,8吉字节内存,银色,16*1*1,6,CV69F,莎拉,出库,30020,拣货
AlYn14i5Bl,黑色 品牌15 14英寸 一体机（第5代处理器）,一体机,品牌15,14英寸,第5代处理器,黑色,16*1*1,13,BO19E,克里斯,出库,30054,拣货
LaSu1516Bl,黑色 品牌11 15英寸 笔记本电脑（16吉字节内存）,笔记本电脑,品牌11,15英寸,16吉字节内存,黑色,16*1*1,16,CW02G,艾米丽,出库,30010,拣货
LaOv1516Gr,灰色 品牌13 15英寸 笔记本电脑（16吉字节内存）,笔记本电脑,品牌13,15英寸,16吉字节内存,灰色,16*1*1,16,DV45D,克里斯,出库,30065,拣货
SPGi12HeBl,黑色 品牌21 12 触控笔（六角形）,触控笔,品牌21,12,六角形,黑色,48*10*5,2400,CY79F,艾米丽,出库,30025,拣货
TVGn50S4Bl,黑色 品牌30 50英寸 电视机（超级超高清）,电视机,品牌30,50英寸,超级超高清,黑色,8*1*1,6,AR66H,迈克,出库,30066,拣货
AlPH17i5Gr,灰色 品牌12 17英寸 一体机（第5代处理器）,一体机,品牌12,17英寸,第5代处理器,灰色,16*1*1,16,CN80D,简,出库,30060,拣货
DrQE18LoBl,黑色 品牌01 1800 抽屉柜（储物锁柜）,抽屉柜,品牌01,1800,储物锁柜,黑色,8*1*1,8,CM22F,简,出库,30073,拣货
NoGrA5liBl,黑色 品牌18 五号纸 笔记本（线条）,笔记本,品牌18,五号纸,线条,黑色,48*10*5,2400,CT68G,亚历克斯,出库,30065,拣货
AlYn158GGr,灰色 品牌15 15英寸 一体机（8吉字节内存）,一体机,品牌15,15英寸,8吉字节内存,灰色,16*1*1,6,AL55C,大卫,出库,30071,拣货
GaSELErGr,灰色 品牌08 大号 游戏椅（人体工学）,游戏椅,品牌08,大号,人体工学,灰色,16*1*1,16,AL37H,约翰,出库,30029,拣货
NoMuA3ruSi,银色 品牌19 三号纸 笔记本（横线）,笔记本,品牌19,三号纸,横线,银色,48*10*5,229,CT61G,艾米,出库,30050,拣货
SPGi24WaWh,白色 品牌21 24 触控笔（水彩）,触控笔,品牌21,24,水彩,白色,48*10*5,2400,BJ90G,简,出库,30019,拣货
AlYn1716Bl,黑色 品牌15 17英寸 一体机（16吉字节内存）,一体机,品牌15,17英寸,16吉字节内存,黑色,16*1*1,16,AI92D,约翰,出库,30060,拣货
TVEs75FHSi,银色 品牌32 75英寸 电视机（全高清）,电视机,品牌32,75英寸,全高清,银色,8*1*1,3,DG20A,简,出库,30065,拣货
MoHc45WiBl,黑色 品牌09 450 鼠标（有线）,鼠标,品牌09,450,有线,黑色,16*10*1,160,BR18G,克里斯,出库,30029,拣货
TVGL50SFGr,灰色 品牌31 50英寸 电视机（超级全高清）,电视机,品牌31,50英寸,超级全高清,灰色,8*1*1,6,DF31E,艾米,出库,30056,拣货
PrReA2LaWh,白色 品牌24 二号纸 打印机（激光）,打印机,品牌24,二号纸,激光,白色,16*1*1,16,BP08F,艾米,出库,30065,拣货
PrPHA3LaMi,混合色 品牌12 三号纸 打印机（激光）,打印机,品牌12,三号纸,激光,混合色,16*1*1,1,CJ31B,克里斯,出库,30052,拣货
MoHc45ErBl,黑色 品牌09 450 鼠标（人体工学）,鼠标,品牌09,450,人体工学,黑色,16*10*1,160,DN61C,简,出库,30069,拣货
KeRe27MeWh,白色 品牌10 270 键盘（机械式）,键盘,品牌10,270,机械式,白色,16*10*1,160,AL33H,克里斯,出库,30021,拣货
PeNa12WaGr,灰色 品牌23 12 铅笔（水彩）,铅笔,品牌23,12,水彩,灰色,48*10*5,2400,BZ38C,亚历克斯,出库,30005,拣货
LaRe158GBl,黑色 品牌14 15英寸 笔记本电脑（8吉字节内存）,笔记本电脑,品牌14,15英寸,8吉字节内存,黑色,16*1*1,16,CT89B,艾米丽,出库,30025,拣货
LaOv1732Si,银色 品牌13 17英寸 笔记本电脑（32吉字节内存）,笔记本电脑,品牌13,17英寸,32吉字节内存,银色,16*1*1,16,AZ38H,大卫,出库,30023,拣货
MoRe45ErWh,白色 品牌10 450 鼠标（人体工学）,鼠标,品牌10,450,人体工学,白色,16*10*1,160,DI69E,大卫,出库,30096,拣货
PeNa12SoWh,白色 品牌23 12 铅笔（可溶性）,铅笔,品牌23,12,可溶性,白色,48*10*5,2400,BJ66F,艾米,出库,30049,拣货
OfAESHePi,粉色 品牌05 小号 办公椅（头枕）,办公椅,品牌05,小号,头枕,粉色,16*1*1,16,CI59E,大卫,出库,30092,拣货
AlOv17i5Gr,灰色 品牌13 17英寸 一体机（第5代处理器）,一体机,品牌13,17英寸,第5代处理器,灰色,16*1*1,10,AK25F,克里斯,出库,30014,拣货
PrPHA4LaWh,白色 品牌12 四号纸 打印机（激光）,打印机,品牌12,四号纸,激光,白色,16*1*1,16,CM63E,劳拉,出库,30033,拣货
MoHc27BlNa,藏青色 品牌09 270 鼠标（蓝牙）,鼠标,品牌09,270,蓝牙,藏青色,16*10*1,160,BK88G,劳拉,出库,30073,拣货
LaSu1732Wh,白色 品牌11 17英寸 笔记本电脑（32吉字节内存）,笔记本电脑,品牌11,17英寸,32吉字节内存,白色,16*1*1,16,AP11H,艾米丽,出库,30035,拣货
NoScA5doSi,银色 品牌17 五号纸 笔记本（点阵）,笔记本,品牌17,五号纸,点阵,银色,48*10*5,2400,DY46A,克里斯,出库,30074,拣货
AlSu1516Bl,黑色 品牌11 15英寸 一体机（16吉字节内存）,一体机,品牌11,15英寸,16吉字节内存,黑色,16*1*1,6,CG55H,克里斯,出库,30071,拣货
DrWE18SlWh,白色 品牌02 1800 抽屉柜（滑动式）,抽屉柜,品牌02,1800,滑动式,白色,8*1*1,8,CM42G,约翰,出库,30042,拣货
LaPH1732Wh,白色 品牌12 17英寸 笔记本电脑（32吉字节内存）,笔记本电脑,品牌12,17英寸,32吉字节内存,白色,16*1*1,16,AQ33A,劳拉,出库,30043,拣货
TVEs42SFWh,白色 品牌32 42英寸 电视机（超级全高清）,电视机,品牌32,42英寸,超级全高清,白色,8*1*1,7,CY85E,简,出库,30065,拣货
CuRG18LoWh,白色 品牌03 1800 储物柜（储物锁柜）,储物柜,品牌03,1800,储物锁柜,白色,8*1*1,8,DT20C,迈克,出库,30032,拣货
PrNoA4AlWh,白色 品牌26 四号纸 打印机（一体式）,打印机,品牌26,四号纸,一体式,白色,16*1*1,16,AH59F,艾米丽,出库,30021,拣货
LaOv148GGr,灰色 品牌13 14英寸 笔记本电脑（8吉字节内存）,笔记本电脑,品牌13,14英寸,8吉字节内存,灰色,16*1*1,16,DU12E,约翰,出库,30039,拣货
GaSELErGr,灰色 品牌08 大号 游戏椅（人体工学）,游戏椅,品牌08,大号,人体工学,灰色,16*1*1,16,AV60F,莎拉,出库,30004,拣货
CaWE90SlBe,米色 品牌02 900 文件柜（滑动式）,文件柜,品牌02,900,滑动式,米色,8*1*1,8,CG06B,艾米丽,出库,30056,拣货
CuRG90FiWh,白色 品牌03 900 储物柜（文件收纳）,储物柜,品牌03,900,文件收纳,白色,8*1*1,4,CR24C,艾米,出库,30027,拣货
OfOGMHePi,粉色 品牌07 中号 办公椅（头枕）,办公椅,品牌07,中号,头枕,粉色,16*1*1,4,AQ50H,亚历克斯,出库,30088,拣货
TVGL504KBl,黑色 品牌31 50英寸 电视机（超高清）,电视机,品牌31,50英寸,超高清,黑色,8*1*1,8,CO12G,克里斯,出库,30054,拣货
TVYn42SFBl,黑色 品牌15 42英寸 电视机（超级全高清）,电视机,品牌15,42英寸,超级全高清,黑色,8*1*1,8,CK54C,艾米,出库,30009,拣货
AlRe158GGr,灰色 品牌14 15英寸 一体机（8吉字节内存）,一体机,品牌14,15英寸,8吉字节内存,灰色,16*1*1,16,CS57D,大卫,出库,30020,拣货
TVEs754KBl,黑色 品牌32 75英寸 电视机（超高清）,电视机,品牌32,75英寸,超高清,黑色,8*1*1,8,BQ09G,克里斯,出库,30058,拣货
DrTE90SlWh,白色 品牌04 900 抽屉柜（滑动式）,抽屉柜,品牌04,900,滑动式,白色,8*1*1,8,CI80E,大卫,出库,30022,拣货
DrTE90LoWh,白色 品牌04 900 抽屉柜（储物锁柜）,抽屉柜,品牌04,900,储物锁柜,白色,8*1*1,8,CU39B,迈克,出库,30010,拣货
GaAESLeBl,黑色 品牌05 小号 游戏椅（皮革）,游戏椅,品牌05,小号,皮革,黑色,16*1*1,15,CT93C,克里斯,出库,30039,拣货
CuQE12SlWh,白色 品牌01 1200 储物柜（滑动式）,储物柜,品牌01,1200,滑动式,白色,8*1*1,6,CL94B,约翰,出库,30072,拣货
AlRe1516Si,银色 品牌14 15英寸 一体机（16吉字节内存）,一体机,品牌14,15英寸,16吉字节内存,银色,16*1*1,16,AF98A,简,出库,30004,拣货
AlPH15i7Wh,白色 品牌12 15英寸 一体机（第7代处理器）,一体机,品牌12,15英寸,第7代处理器,白色,16*1*1,16,CF94B,迈克,出库,30004,拣货
CaTE90FiWh,白色 品牌04 900 文件柜（文件收纳）,文件柜,品牌04,900,文件收纳,白色,8*1*1,8,BS39G,莎拉,出库,30075,拣货
TaTR10FrGr,灰色 品牌29 1000 桌子（框架式）,桌子,品牌29,1000,框架式,灰色,8*1*1,8,DG87F,迈克,出库,30096,拣货
SPGi50SoWh,白色 品牌21 50 触控笔（可溶性）,触控笔,品牌21,50,可溶性,白色,48*10*5,2400,AN29H,莎拉,出库,30015,拣货
AlRe1416Gr,灰色 品牌14 14英寸 一体机（16吉字节内存）,一体机,品牌14,14英寸,16吉字节内存,灰色,16*1*1,13,CP18F,简,出库,30075,拣货
LaRe15i7Wh,白色 品牌14 15英寸 笔记本电脑（第7代处理器）,笔记本电脑,品牌14,15英寸,第7代处理器,白色,16*1*1,16,CY38B,克里斯,出库,30004,拣货
MoRe27MePi,粉色 品牌10 270 鼠标（机械式）,鼠标,品牌10,270,机械式,粉色,16*10*1,157,BZ94H,亚历克斯,出库,30000,拣货
AlPH17i7Gr,灰色 品牌12 17英寸 一体机（第7代处理器）,一体机,品牌12,17英寸,第7代处理器,灰色,16*1*1,16,DJ67F,艾米丽,出库,30070,拣货
CaQE18FiGr,灰色 品牌01 1800 文件柜（文件收纳）,文件柜,品牌01,1800,文件收纳,灰色,8*1*1,8,BT25G,劳拉,出库,30048,拣货
KeSu45WiWh,白色 品牌11 450 键盘（有线）,键盘,品牌11,450,有线,白色,16*10*1,108,AM26G,大卫,出库,30073,拣货
DrQE18FiWh,白色 品牌01 1800 抽屉柜（文件收纳）,抽屉柜,品牌01,1800,文件收纳,白色,8*1*1,8,AN98D,亚历克斯,出库,30005,拣货
DrQE90SlGr,灰色 品牌01 900 抽屉柜（滑动式）,抽屉柜,品牌01,900,滑动式,灰色,8*1*1,8,CW21A,迈克,出库,30073,拣货
CuRG18FiBe,米色 品牌03 1800 储物柜（文件收纳）,储物柜,品牌03,1800,文件收纳,米色,8*1*1,8,CU66H,简,出库,30051,拣货
DrRG12SlBl,黑色 品牌03 1200 抽屉柜（滑动式）,抽屉柜,品牌03,1200,滑动式,黑色,8*1*1,2,DF76G,亚历克斯,出库,30021,拣货
KeRe45ErPi,粉色 品牌10 450 键盘（人体工学）,键盘,品牌10,450,人体工学,粉色,16*10*1,51,BZ72E,艾米丽,出库,30036,拣货
SPGi24HeBl,黑色 品牌21 24 触控笔（六角形）,触控笔,品牌21,24,六角形,黑色,48*10*5,2061,DK88B,简,出库,30055,拣货
TVGL75S4Gr,灰色 品牌31 75英寸 电视机（超级超高清）,电视机,品牌31,75英寸,超级超高清,灰色,8*1*1,7,AP91A,艾米丽,出库,30077,拣货
GaAESErPi,粉色 品牌05 小号 游戏椅（人体工学）,游戏椅,品牌05,小号,人体工学,粉色,16*1*1,16,AI16A,劳拉,出库,30055,拣货
AlRe15i5Gr,灰色 品牌14 15英寸 一体机（第5代处理器）,一体机,品牌14,15英寸,第5代处理器,灰色,16*1*1,16,DS88F,莎拉,出库,30099,拣货
SPNa24SoBl,黑色 品牌23 24 触控笔（可溶性）,触控笔,品牌23,24,可溶性,黑色,48*10*5,2400,CW87G,劳拉,出库,30065,拣货
NoGrA5liGr,灰色 品牌18 五号纸 笔记本（线条）,笔记本,品牌18,五号纸,线条,灰色,48*10*5,2400,BX50D,艾米,出库,30053,拣货
NoGrA3doGr,灰色 品牌18 三号纸 笔记本（点阵）,笔记本,品牌18,三号纸,点阵,灰色,48*10*5,173,AK51C,艾米丽,出库,30034,拣货
MoRe27BlNa,藏青色 品牌10 270 鼠标（蓝牙）,鼠标,品牌10,270,蓝牙,藏青色,16*10*1,160,CT15A,艾米,出库,30086,拣货
PeNa12HeWh,白色 品牌23 12 铅笔（六角形）,铅笔,品牌23,12,六角形,白色,48*10*5,573,AI79F,克里斯,出库,30013,拣货
OfOGMLeBl,黑色 品牌07 中号 办公椅（皮革）,办公椅,品牌07,中号,皮革,黑色,16*1*1,16,CG36G,迈克,出库,30086,拣货
SPAl24SoGr,灰色 品牌20 24 触控笔（可溶性）,触控笔,品牌20,24,可溶性,灰色,48*10*5,85,CV21F,莎拉,出库,30099,拣货
OfSELHeGr,灰色 品牌08 大号 办公椅（头枕）,办公椅,品牌08,大号,头枕,灰色,16*1*1,15,CT21H,劳拉,出库,30009,拣货
KeSu27BlWh,白色 品牌11 270 键盘（蓝牙）,键盘,品牌11,270,蓝牙,白色,16*10*1,3,BN58A,莎拉,出库,30058,拣货
TVEs65S4Bl,黑色 品牌32 65英寸 电视机（超级超高清）,电视机,品牌32,65英寸,超级超高清,黑色,8*1*1,8,AO86G,莎拉,出库,30081,拣货
AlSu1732Si,银色 品牌11 17英寸 一体机（32吉字节内存）,一体机,品牌11,17英寸,32吉字节内存,银色,16*1*1,7,DO29B,大卫,出库,30013,拣货
TVYn75S4Gr,灰色 品牌15 75英寸 电视机（超级超高清）,电视机,品牌15,75英寸,超级超高清,灰色,8*1*1,8,BF91A,莎拉,出库,30051,拣货
NoScA5liSi,银色 品牌17 五号纸 笔记本（线条）,笔记本,品牌17,五号纸,线条,银色,48*10*5,2107,BM78A,大卫,出库,30011,拣货
TaTR15WoGr,灰色 品牌29 1500 桌子（工作站）,桌子,品牌29,1500,工作站,灰色,8*1*1,8,BN09G,艾米丽,出库,30008,拣货
TVYn65SFSi,银色 品牌15 65英寸 电视机（超级全高清）,电视机,品牌15,65英寸,超级全高清,银色,8*1*1,3,BI40D,艾米丽,出库,30004,拣货
SPNa24WaBl,黑色 品牌23 24 触控笔（水彩）,触控笔,品牌23,24,水彩,黑色,48*10*5,2400,AJ10G,克里斯,出库,30018,拣货
PeNa12SoBl,黑色 品牌23 12 铅笔（可溶性）,铅笔,品牌23,12,可溶性,黑色,48*10*5,763,BM71F,约翰,出库,30087,拣货
GaOGSLeWh,白色 品牌07 小号 游戏椅（皮革）,游戏椅,品牌07,小号,皮革,白色,16*1*1,16,BS31C,迈克,出库,30075,拣货
TVGL75SFGr,灰色 品牌31 75英寸 电视机（超级全高清）,电视机,品牌31,75英寸,超级全高清,灰色,8*1*1,8,BO66H,劳拉,出库,30010,拣货
LaYn17i5Wh,白色 品牌15 17英寸 笔记本电脑（第5代处理器）,笔记本电脑,品牌15,17英寸,第5代处理器,白色,16*1*1,16,CO27G,克里斯,出库,30027,拣货
MoPH35BlPi,粉色 品牌12 350 鼠标（蓝牙）,鼠标,品牌12,350,蓝牙,粉色,16*10*1,160,DQ10A,艾米,出库,30024,拣货
CaQE18LoWh,白色 品牌01 1800 文件柜（储物锁柜）,文件柜,品牌01,1800,储物锁柜,白色,8*1*1,4,AY29A,简,出库,30094,拣货
PeAl24HePi,粉色 品牌20 24 铅笔（六角形）,铅笔,品牌20,24,六角形,粉色,48*10*5,2400,AL63E,简,出库,30016,拣货
CaTE12FiGr,灰色 品牌04 1200 文件柜（文件收纳）,文件柜,品牌04,1200,文件收纳,灰色,8*1*1,8,AN14B,大卫,出库,30014,拣货
AlOv1532Wh,白色 品牌13 15英寸 一体机（32吉字节内存）,一体机,品牌13,15英寸,32吉字节内存,白色,16*1*1,16,CP02E,艾米,出库,30083,拣货
AlSu178GSi,银色 品牌11 17英寸 一体机（8吉字节内存）,一体机,品牌11,17英寸,8吉字节内存,银色,16*1*1,16,AV61H,艾米,出库,30060,拣货
GaOGMHeBl,黑色 品牌07 中号 游戏椅（头枕）,游戏椅,品牌07,中号,头枕,黑色,16*1*1,16,BL83C,克里斯,出库,30065,拣货
GaOGSLeWh,白色 品牌07 小号 游戏椅（皮革）,游戏椅,品牌07,小号,皮革,白色,16*1*1,7,BM80D,克里斯,出库,30027,拣货
PrPHA3InBl,黑色 品牌12 三号纸 打印机（喷墨）,打印机,品牌12,三号纸,喷墨,黑色,16*1*1,13,DH06B,大卫,出库,30071,拣货
CuRG90SlWh,白色 品牌03 900 储物柜（滑动式）,储物柜,品牌03,900,滑动式,白色,8*1*1,4,DX04H,劳拉,出库,30089,拣货
LaRe1716Gr,灰色 品牌14 17英寸 笔记本电脑（16吉字节内存）,笔记本电脑,品牌14,17英寸,16吉字节内存,灰色,16*1*1,16,AP51G,劳拉,出库,30017,拣货
LaRe1416Bl,黑色 品牌14 14英寸 笔记本电脑（16吉字节内存）,笔记本电脑,品牌14,14英寸,16吉字节内存,黑色,16*1*1,6,AF47B,艾米,出库,30026,拣货
PrNoA4AlWh,白色 品牌26 四号纸 打印机（一体式）,打印机,品牌26,四号纸,一体式,白色,16*1*1,1,BQ19B,亚历克斯,出库,30042,拣货
LaOv1432Si,银色 品牌13 14英寸 笔记本电脑（32吉字节内存）,笔记本电脑,品牌13,14英寸,32吉字节内存,银色,16*1*1,16,BU44A,克里斯,出库,30012,拣货
CaTE18FiBe,米色 品牌04 1800 文件柜（文件收纳）,文件柜,品牌04,1800,文件收纳,米色,8*1*1,8,AK77A,亚历克斯,出库,30021,拣货
GaOGMErWh,白色 品牌07 中号 游戏椅（人体工学）,游戏椅,品牌07,中号,人体工学,白色,16*1*1,1,AF80A,约翰,出库,30029,拣货
GaAELAdWh,白色 品牌05 大号 游戏椅（可调节）,游戏椅,品牌05,大号,可调节,白色,16*1*1,7,DW33E,亚历克斯,出库,30039,拣货
AlOv17i5Wh,白色 品牌13 17英寸 一体机（第5代处理器）,一体机,品牌13,17英寸,第5代处理器,白色,16*1*1,4,CJ65H,莎拉,出库,30028,拣货
OfXEMAdBl,黑色 品牌06 中号 办公椅（可调节）,办公椅,品牌06,中号,可调节,黑色,16*1*1,5,AO93B,大卫,出库,30047,拣货
KeHc35ErBl,黑色 品牌09 350 键盘（人体工学）,键盘,品牌09,350,人体工学,黑色,16*10*1,127,CP25C,莎拉,出库,30019,拣货
KeSu27BlWh,白色 品牌11 270 键盘（蓝牙）,键盘,品牌11,270,蓝牙,白色,16*10*1,160,AS02D,简,出库,30082,拣货
PeAl50SoBl,黑色 品牌20 50 铅笔（可溶性）,铅笔,品牌20,50,可溶性,黑色,48*10*5,339,BO56D,莎拉,出库,30014,拣货
NoExA4liWh,白色 品牌16 四号纸 笔记本（线条）,笔记本,品牌16,四号纸,线条,白色,48*10*5,2098,AO23B,劳拉,出库,30077,拣货
PrReA2AlMi,混合色 品牌24 二号纸 打印机（一体式）,打印机,品牌24,二号纸,一体式,混合色,16*1*1,9,CO65E,艾米丽,出库,30013,拣货
LaPH1532Wh,白色 品牌12 15英寸 笔记本电脑（32吉字节内存）,笔记本电脑,品牌12,15英寸,32吉字节内存,白色,16*1*1,16,BN27F,简,出库,30035,拣货
MoHc27MePi,粉色 品牌09 270 鼠标（机械式）,鼠标,品牌09,270,机械式,粉色,16*10*1,9,CM59H,约翰,出库,30052,拣货
LaPH17i7Si,银色 品牌12 17英寸 笔记本电脑（第7代处理器）,笔记本电脑,品牌12,17英寸,第7代处理器,银色,16*1*1,16,AS68H,亚历克斯,出库,30066,拣货
TaAE10FrSi,银色 品牌05 1000 桌子（框架式）,桌子,品牌05,1000,框架式,银色,8*1*1,2,CR85H,迈克,出库,30030,拣货
MoSu45MeNa,藏青色 品牌11 450 鼠标（机械式）,鼠标,品牌11,450,机械式,藏青色,16*10*1,160,AZ69A,大卫,出库,30050,拣货
DrRG90FiBe,米色 品牌03 900 抽屉柜（文件收纳）,抽屉柜,品牌03,900,文件收纳,米色,8*1*1,8,CU02C,亚历克斯,出库,30005,拣货
SPAl12WaBl,黑色 品牌20 12 触控笔（水彩）,触控笔,品牌20,12,水彩,黑色,48*10*5,1110,DN34G,艾米丽,出库,30087,拣货
NoMuA3doSi,银色 品牌19 三号纸 笔记本（点阵）,笔记本,品牌19,三号纸,点阵,银色,48*10*5,1354,BY09C,艾米丽,出库,30054,拣货
TVYn42FHBl,黑色 品牌15 42英寸 电视机（全高清）,电视机,品牌15,42英寸,全高清,黑色,8*1*1,8,BG80A,劳拉,出库,30022,拣货
MoRe45WiPi,粉色 品牌10 450 鼠标（有线）,鼠标,品牌10,450,有线,粉色,16*10*1,160,DY97H,克里斯,出库,30049,拣货
PrPHA3AlBl,黑色 品牌12 三号纸 打印机（一体式）,打印机,品牌12,三号纸,一体式,黑色,16*1*1,16,CL54E,大卫,出库,30082,拣货
TaTR18FrWh,白色 品牌28 1800 桌子（框架式）,桌子,品牌28,1800,框架式,白色,8*1*1,8,CZ06H,大卫,出库,30051,拣货
TVEs32FHGr,灰色 品牌32 32英寸 电视机（全高清）,电视机,品牌32,32英寸,全高清,灰色,8*1*1,3,CG77H,艾米,出库,30017,拣货
NoScA3ruBl,黑色 品牌17 三号纸 笔记本（横线）,笔记本,品牌17,三号纸,横线,黑色,48*10*5,2400,DL42D,迈克,出库,30095,拣货
CuQE90LoGr,灰色 品牌01 900 储物柜（储物锁柜）,储物柜,品牌01,900,储物锁柜,灰色,8*1*1,8,BP01A,莎拉,出库,30091,拣货
CuTE18LoWh,白色 品牌04 1800 储物柜（储物锁柜）,储物柜,品牌04,1800,储物锁柜,白色,8*1*1,8,CG70F,亚历克斯,出库,30052,拣货
LaSu1416Bl,黑色 品牌11 14英寸 笔记本电脑（16吉字节内存）,笔记本电脑,品牌11,14英寸,16吉字节内存,黑色,16*1*1,16,DV91D,约翰,出库,30029,拣货
OfOGMLePi,粉色 品牌07 中号 办公椅（皮革）,办公椅,品牌07,中号,皮革,粉色,16*1*1,16,CN66A,艾米丽,出库,30073,拣货
TVGL654KSi,银色 品牌31 65英寸 电视机（超高清）,电视机,品牌31,65英寸,超高清,银色,8*1*1,8,AS13E,克里斯,出库,30059,拣货
AlYn178GWh,白色 品牌15 17英寸 一体机（8吉字节内存）,一体机,品牌15,17英寸,8吉字节内存,白色,16*1*1,16,BY13F,亚历克斯,出库,30005,拣货
GaAEMLeWh,白色 品牌05 中号 游戏椅（皮革）,游戏椅,品牌05,中号,皮革,白色,16*1*1,16,AT54E,大卫,出库,30074,拣货
LaSu15i7Gr,灰色 品牌11 15英寸 笔记本电脑（第7代处理器）,笔记本电脑,品牌11,15英寸,第7代处理器,灰色,16*1*1,16,AY04H,莎拉,出库,30065,拣货
TaCI18AdBl,黑色 品牌27 1800 桌子（可调节）,桌子,品牌27,1800,可调节,黑色,8*1*1,6,CI24C,简,出库,30087,拣货
DrTE90SlWh,白色 品牌04 900 抽屉柜（滑动式）,抽屉柜,品牌04,900,滑动式,白色,8*1*1,8,CF74C,劳拉,出库,30010,拣货
LaOv1716Gr,灰色 品牌13 17英寸 笔记本电脑（16吉字节内存）,笔记本电脑,品牌13,17英寸,16吉字节内存,灰色,16*1*1,16,BV07G,简,出库,30086,拣货
NoScA4ruWh,白色 品牌17 四号纸 笔记本（横线）,笔记本,品牌17,四号纸,横线,白色,48*10*5,2400,CT84E,大卫,出库,30091,拣货
MoRe45ErNa,藏青色 品牌10 450 鼠标（人体工学）,鼠标,品牌10,450,人体工学,藏青色,16*10*1,160,DT25A,亚历克斯,出库,30073,拣货
SPGi24HeBl,黑色 品牌21 24 触控笔（六角形）,触控笔,品牌21,24,六角形,黑色,48*10*5,88,DI40F,约翰,出库,30017,拣货
TVGL42S4Wh,白色 品牌31 42英寸 电视机（超级超高清）,电视机,品牌31,42英寸,超级超高清,白色,8*1*1,8,AG41H,大卫,出库,30029,拣货
TVGL65FHSi,银色 品牌31 65英寸 电视机（全高清）,电视机,品牌31,65英寸,全高清,银色,8*1*1,4,CN17C,莎拉,出库,30050,拣货
LaOv1532Bl,黑色 品牌13 15英寸 笔记本电脑（32吉字节内存）,笔记本电脑,品牌13,15英寸,32吉字节内存,黑色,16*1*1,4,BW36F,迈克,出库,30068,拣货
AlPH148GBl,黑色 品牌12 14英寸 一体机（8吉字节内存）,一体机,品牌12,14英寸,8吉字节内存,黑色,16*1*1,16,DL85G,克里斯,出库,30000,拣货
CuWE90SlBl,黑色 品牌02 900 储物柜（滑动式）,储物柜,品牌02,900,滑动式,黑色,8*1*1,6,AN81D,劳拉,出库,30034,拣货
DrTE12DoWh,白色 品牌04 1200 抽屉柜（带门式）,抽屉柜,品牌04,1200,带门式,白色,8*1*1,8,AQ88B,克里斯,出库,30023,拣货
AlRe158GSi,银色 品牌14 15英寸 一体机（8吉字节内存）,一体机,品牌14,15英寸,8吉字节内存,银色,16*1*1,15,DW65E,迈克,出库,30009,拣货
TVGL32S4Gr,灰色 品牌31 32英寸 电视机（超级超高清）,电视机,品牌31,32英寸,超级超高清,灰色,8*1*1,3,AT96F,艾米,出库,30049,拣货
MoRe45ErWh,白色 品牌10 450 鼠标（人体工学）,鼠标,品牌10,450,人体工学,白色,16*10*1,160,AU51G,大卫,出库,30076,拣货
KeHc35WiNa,藏青色 品牌09 350 键盘（有线）,键盘,品牌09,350,有线,藏青色,16*10*1,160,AS82D,克里斯,出库,30032,拣货
TaTR18AdGr,灰色 品牌29 1800 桌子（可调节）,桌子,品牌29,1800,可调节,灰色,8*1*1,3,DQ30G,大卫,出库,30001,拣货
TVYn65FHBl,黑色 品牌15 65英寸 电视机（全高清）,电视机,品牌15,65英寸,全高清,黑色,8*1*1,5,BR96G,劳拉,出库,30049,拣货
TaTR18AuSi,银色 品牌29 1800 桌子（自动调节）,桌子,品牌29,1800,自动调节,银色,8*1*1,6,BK74E,约翰,出库,30054,拣货
CuWE18LoWh,白色 品牌02 1800 储物柜（储物锁柜）,储物柜,品牌02,1800,储物锁柜,白色,8*1*1,8,CM28G,迈克,出库,30066,拣货
AlYn1716Wh,白色 品牌15 17英寸 一体机（16吉字节内存）,一体机,品牌15,17英寸,16吉字节内存,白色,16*1*1,11,AP10G,大卫,出库,30071,拣货
TaTR15WoWh,白色 品牌29 1500 桌子（工作站）,桌子,品牌29,1500,工作站,白色,8*1*1,8,DS73B,大卫,出库,30008,拣货
AlYn15i5Si,银色 品牌15 15英寸 一体机（第5代处理器）,一体机,品牌15,15英寸,第5代处理器,银色,16*1*1,8,AX65C,艾米,出库,30046,拣货
PeNa12SoGr,灰色 品牌23 12 铅笔（可溶性）,铅笔,品牌23,12,可溶性,灰色,48*10*5,1431,CU72F,简,出库,30087,拣货
OfXELLeWh,白色 品牌06 大号 办公椅（皮革）,办公椅,品牌06,大号,皮革,白色,16*1*1,16,DR26D,莎拉,出库,30028,拣货
TaTR18AuBl,黑色 品牌28 1800 桌子（自动调节）,桌子,品牌28,1800,自动调节,黑色,8*1*1,8,DG79E,约翰,出库,30011,拣货
PrNoA2AlMi,混合色 品牌26 二号纸 打印机（一体式）,打印机,品牌26,二号纸,一体式,混合色,16*1*1,4,AL93H,简,出库,30026,拣货
MoPH27ErNa,藏青色 品牌12 270 鼠标（人体工学）,鼠标,品牌12,270,人体工学,藏青色,16*10*1,160,CL80A,亚历克斯,出库,30025,拣货
SPNa24SoBl,黑色 品牌23 24 触控笔（可溶性）,触控笔,品牌23,24,可溶性,黑色,48*10*5,2400,BP20D,约翰,出库,30098,拣货
GaSEMErPi,粉色 品牌08 中号 游戏椅（人体工学）,游戏椅,品牌08,中号,人体工学,粉色,16*1*1,16,DM74B,艾米,出库,30004,拣货
DrRG18LoBe,米色 品牌03 1800 抽屉柜（储物锁柜）,抽屉柜,品牌03,1800,储物锁柜,米色,8*1*1,2,AM83E,艾米,出库,30076,拣货
AlOv1516Bl,黑色 品牌13 15英寸 一体机（16吉字节内存）,一体机,品牌13,15英寸,16吉字节内存,黑色,16*1*1,16,AF25B,艾米,出库,30075,拣货
GaOGSLeGr,灰色 品牌07 小号 游戏椅（皮革）,游戏椅,品牌07,小号,皮革,灰色,16*1*1,16,DK09C,克里斯,出库,30032,拣货
CaQE90SlBe,米色 品牌01 900 文件柜（滑动式）,文件柜,品牌01,900,滑动式,米色,8*1*1,5,CZ61E,艾米丽,出库,30091,拣货
GaOGMHeBl,黑色 品牌07 中号 游戏椅（头枕）,游戏椅,品牌07,中号,头枕,黑色,16*1*1,16,CW93F,约翰,出库,30086,拣货
CaRG12FiWh,白色 品牌03 1200 文件柜（文件收纳）,文件柜,品牌03,1200,文件收纳,白色,8*1*1,8,BF68D,劳拉,出库,30062,拣货
KeSu27ErBl,黑色 品牌11 270 键盘（人体工学）,键盘,品牌11,270,人体工学,黑色,16*10*1,96,BJ61B,简,出库,30011,拣货
GaXESAdBl,黑色 品牌06 小号 游戏椅（可调节）,游戏椅,品牌06,小号,可调节,黑色,16*1*1,7,DG85H,大卫,出库,30091,拣货
CaQE18FiGr,灰色 品牌01 1800 文件柜（文件收纳）,文件柜,品牌01,1800,文件收纳,灰色,8*1*1,8,DL72F,艾米,出库,30060,拣货
OfAEMHeBl,黑色 品牌05 中号 办公椅（头枕）,办公椅,品牌05,中号,头枕,黑色,16*1*1,16,CP29H,迈克,出库,30008,拣货
KeSu45BlPi,粉色 品牌11 450 键盘（蓝牙）,键盘,品牌11,450,蓝牙,粉色,16*10*1,20,AN06G,克里斯,出库,30080,拣货
CaRG18SlWh,白色 品牌03 1800 文件柜（滑动式）,文件柜,品牌03,1800,滑动式,白色,8*1*1,8,CP67G,克里斯,出库,30049,拣货
PrSoA2InBl,黑色 品牌25 二号纸 打印机（喷墨）,打印机,品牌25,二号纸,喷墨,黑色,16*1*1,16,AF57B,莎拉,出库,30090,拣货
CaQE90FiGr,灰色 品牌01 900 文件柜（文件收纳）,文件柜,品牌01,900,文件收纳,灰色,8*1*1,8,DM41B,克里斯,出库,30009,拣货
TVYn42SFGr,灰色 品牌15 42英寸 电视机（超级全高清）,电视机,品牌15,42英寸,超级全高清,灰色,8*1*1,2,DY02G,简,出库,30088,拣货
LaSu15i5Bl,黑色 品牌11 15英寸 笔记本电脑（第5代处理器）,笔记本电脑,品牌11,15英寸,第5代处理器,黑色,16*1*1,16,AW90G,简,出库,30004,拣货
PrSoA3AlMi,混合色 品牌25 三号纸 打印机（一体式）,打印机,品牌25,三号纸,一体式,混合色,16*1*1,16,AQ67D,莎拉,出库,30063,拣货
DrWE90SlBe,米色 品牌02 900 抽屉柜（滑动式）,抽屉柜,品牌02,900,滑动式,米色,8*1*1,8,BV11D,迈克,出库,30085,拣货
PrSoA3AlGr,灰色 品牌25 三号纸 打印机（一体式）,打印机,品牌25,三号纸,一体式,灰色,16*1*1,16,AV86D,约翰,出库,30031,拣货
SPNa50WaBl,黑色 品牌23 50 触控笔（水彩）,触控笔,品牌23,50,水彩,黑色,48*10*5,2400,DP70G,约翰,出库,30098,拣货
MoRe27WiNa,藏青色 品牌10 270 鼠标（有线）,鼠标,品牌10,270,有线,藏青色,16*10*1,160,AU78H,艾米,出库,30070,拣货
CaRG12LoGr,灰色 品牌03 1200 文件柜（储物锁柜）,文件柜,品牌03,1200,储物锁柜,灰色,8*1*1,6,AI69G,劳拉,出库,30027,拣货
TaAE18AdWh,白色 品牌05 1800 桌子（可调节）,桌子,品牌05,1800,可调节,白色,8*1*1,6,AI04F,劳拉,出库,30090,拣货
CuTE90SlBl,黑色 品牌04 900 储物柜（滑动式）,储物柜,品牌04,900,滑动式,黑色,8*1*1,8,CS82A,迈克,出库,30079,拣货
SPRe50SoGr,灰色 品牌22 50 触控笔（可溶性）,触控笔,品牌22,50,可溶性,灰色,48*10*5,2400,AX42G,亚历克斯,出库,30014,拣货
TVYn65S4Bl,黑色 品牌15 65英寸 电视机（超级超高清）,电视机,品牌15,65英寸,超级超高清,黑色,8*1*1,5,AM41F,劳拉,出库,30054,拣货
OfAEMErBl,黑色 品牌05 中号 办公椅（人体工学）,办公椅,品牌05,中号,人体工学,黑色,16*1*1,16,DM56A,克里斯,出库,30083,拣货
CaQE90FiBe,米色 品牌01 900 文件柜（文件收纳）,文件柜,品牌01,900,文件收纳,米色,8*1*1,8,BT89D,亚历克斯,出库,30066,拣货
SPRe12WaPi,粉色 品牌22 12 触控笔（水彩）,触控笔,品牌22,12,水彩,粉色,48*10*5,2400,DT09A,约翰,出库,30057,拣货
TVGL65FHGr,灰色 品牌31 65英寸 电视机（全高清）,电视机,品牌31,65英寸,全高清,灰色,8*1*1,6,BL73E,迈克,出库,30088,拣货
LaPH17i7Bl,黑色 品牌12 17英寸 笔记本电脑（第7代处理器）,笔记本电脑,品牌12,17英寸,第7代处理器,黑色,16*1*1,7,DG14G,艾米丽,出库,30071,拣货
MoPH35BlPi,粉色 品牌12 350 鼠标（蓝牙）,鼠标,品牌12,350,蓝牙,粉色,16*10*1,160,AN57E,简,出库,30041,拣货
AlYn15i7Gr,灰色 品牌15 15英寸 一体机（第7代处理器）,一体机,品牌15,15英寸,第7代处理器,灰色,16*1*1,4,BM68A,莎拉,出库,30097,拣货
CaTE90LoBl,黑色 品牌04 900 文件柜（储物锁柜）,文件柜,品牌04,900,储物锁柜,黑色,8*1*1,8,DI03H,约翰,出库,30015,拣货
PrSoA3WiGr,灰色 品牌25 三号纸 打印机（无线网络）,打印机,品牌25,三号纸,无线网络,灰色,16*1*1,16,BF16B,劳拉,出库,30049,拣货
PeAl50HeBl,黑色 品牌20 50 铅笔（六角形）,铅笔,品牌20,50,六角形,黑色,48*10*5,2400,CG28C,莎拉,出库,30083,拣货
TVGL654KWh,白色 品牌31 65英寸 电视机（超高清）,电视机,品牌31,65英寸,超高清,白色,8*1*1,2,CL70E,简,出库,30070,拣货
GaSESHeGr,灰色 品牌08 小号 游戏椅（头枕）,游戏椅,品牌08,小号,头枕,灰色,16*1*1,16,CX88D,艾米,出库,30064,拣货
TVEs32FHSi,银色 品牌32 32英寸 电视机（全高清）,电视机,品牌32,32英寸,全高清,银色,8*1*1,8,AG08C,艾米丽,出库,30043,拣货
TaTR10FrBl,黑色 品牌28 1000 桌子（框架式）,桌子,品牌28,1000,框架式,黑色,8*1*1,8,CT39B,克里斯,出库,30072,拣货
MoPH35BlWh,白色 品牌12 350 鼠标（蓝牙）,鼠标,品牌12,350,蓝牙,白色,16*10*1,160,BL24F,艾米丽,出库,30037,拣货
DrWE90FiWh,白色 品牌02 900 抽屉柜（文件收纳）,抽屉柜,品牌02,900,文件收纳,白色,8*1*1,8,CS98A,亚历克斯,出库,30075,拣货
MoPH45MeBl,黑色 品牌12 450 鼠标（机械式）,鼠标,品牌12,450,机械式,黑色,16*10*1,160,CX16D,艾米丽,出库,30019,拣货
LaRe15i7Wh,白色 品牌14 15英寸 笔记本电脑（第7代处理器）,笔记本电脑,品牌14,15英寸,第7代处理器,白色,16*1*1,16,AJ40F,劳拉,出库,30019,拣货
CaTE18DoBl,黑色 品牌04 1800 文件柜（带门式）,文件柜,品牌04,1800,带门式,黑色,8*1*1,5,AR66D,约翰,出库,30006,拣货
TaCI10FrBl,黑色 品牌27 1000 桌子（框架式）,桌子,品牌27,1000,框架式,黑色,8*1*1,8,CP25H,艾米,出库,30066,拣货
OfXEMErPi,粉色 品牌06 中号 办公椅（人体工学）,办公椅,品牌06,中号,人体工学,粉色,16*1*1,16,AP15D,大卫,出库,30031,拣货
MoHc35ErWh,白色 品牌09 350 鼠标（人体工学）,鼠标,品牌09,350,人体工学,白色,16*10*1,160,CZ59D,迈克,出库,30094,拣货
LaSu15i7Gr,灰色 品牌11 15英寸 笔记本电脑（第7代处理器）,笔记本电脑,品牌11,15英寸,第7代处理器,灰色,16*1*1,16,DH73F,亚历克斯,出库,30074,拣货
TVYn50SFWh,白色 品牌15 50英寸 电视机（超级全高清）,电视机,品牌15,50英寸,超级全高清,白色,8*1*1,6,AS80D,迈克,出库,30093,拣货
KeHc27WiWh,白色 品牌09 270 键盘（有线）,键盘,品牌09,270,有线,白色,16*10*1,92,BL60C,迈克,出库,30007,拣货
CaRG18DoWh,白色 品牌03 1800 文件柜（带门式）,文件柜,品牌03,1800,带门式,白色,8*1*1,1,BT85C,莎拉,出库,30090,拣货
PeGi50WaWh,白色 品牌21 50 铅笔（水彩）,铅笔,品牌21,50,水彩,白色,48*10*5,786,BM07B,亚历克斯,出库,30015,拣货
OfSELLeWh,白色 品牌08 大号 办公椅（皮革）,办公椅,品牌08,大号,皮革,白色,16*1*1,14,CG49F,莎拉,出库,30011,拣货
MoSu27BlNa,藏青色 品牌11 270 鼠标（蓝牙）,鼠标,品牌11,270,蓝牙,藏青色,16*10*1,160,BI52B,莎拉,出库,30057,拣货
TVGL424KBl,黑色 品牌31 42英寸 电视机（超高清）,电视机,品牌31,42英寸,超高清,黑色,8*1*1,7,CP19C,大卫,出库,30003,拣货
GaXEMHePi,粉色 品牌06 中号 游戏椅（头枕）,游戏椅,品牌06,中号,头枕,粉色,16*1*1,8,AN15H,艾米,出库,30044,拣货
NoGrA4ruSi,银色 品牌18 四号纸 笔记本（横线）,笔记本,品牌18,四号纸,横线,银色,48*10*5,2400,BT01A,劳拉,出库,30041,拣货
GaAEMHeBl,黑色 品牌05 中号 游戏椅（头枕）,游戏椅,品牌05,中号,头枕,黑色,16*1*1,13,DZ19D,约翰,出库,30095,拣货
MoHc27WiWh,白色 品牌09 270 鼠标（有线）,鼠标,品牌09,270,有线,白色,16*10*1,160,CQ14G,迈克,出库,30091,拣货
TVGL32S4Bl,黑色 品牌31 32英寸 电视机（超级超高清）,电视机,品牌31,32英寸,超级超高清,黑色,8*1*1,7,CN73C,约翰,出库,30097,拣货
DrQE18SlWh,白色 品牌01 1800 抽屉柜（滑动式）,抽屉柜,品牌01,1800,滑动式,白色,8*1*1,8,AQ10E,大卫,出库,30025,拣货
OfSELHePi,粉色 品牌08 大号 办公椅（头枕）,办公椅,品牌08,大号,头枕,粉色,16*1*1,16,CU43D,艾米,出库,30024,拣货
TVYn65SFBl,黑色 品牌15 65英寸 电视机（超级全高清）,电视机,品牌15,65英寸,超级全高清,黑色,8*1*1,8,DY20F,莎拉,出库,30018,拣货
KeHc27ErNa,藏青色 品牌09 270 键盘（人体工学）,键盘,品牌09,270,人体工学,藏青色,16*10*1,160,DJ80D,莎拉,出库,30068,拣货
TVEs754KBl,黑色 品牌32 75英寸 电视机（超高清）,电视机,品牌32,75英寸,超高清,黑色,8*1*1,8,BP97E,亚历克斯,出库,30026,拣货
CaWE18DoBe,米色 品牌02 1800 文件柜（带门式）,文件柜,品牌02,1800,带门式,米色,8*1*1,8,BJ30G,亚历克斯,出库,30087,拣货
OfSELAdGr,灰色 品牌08 大号 办公椅（可调节）,办公椅,品牌08,大号,可调节,灰色,16*1*1,8,CH70D,克里斯,出库,30097,拣货
PrReA3LaMi,混合色 品牌24 三号纸 打印机（激光）,打印机,品牌24,三号纸,激光,混合色,16*1*1,15,AZ15E,约翰,出库,30027,拣货
CuTE18LoBl,黑色 品牌04 1800 储物柜（储物锁柜）,储物柜,品牌04,1800,储物锁柜,黑色,8*1*1,2,DO26E,简,出库,30072,拣货
SPAl24SoBl,黑色 品牌20 24 触控笔（可溶性）,触控笔,品牌20,24,可溶性,黑色,48*10*5,2400,CU12H,克里斯,出库,30066,拣货
DrTE18DoBl,黑色 品牌04 1800 抽屉柜（带门式）,抽屉柜,品牌04,1800,带门式,黑色,8*1*1,6,DH79D,亚历克斯,出库,30003,拣货
NoMuA4liSi,银色 品牌19 四号纸 笔记本（线条）,笔记本,品牌19,四号纸,线条,银色,48*10*5,2400,BW70F,艾米丽,出库,30054,拣货
AlYn1532Si,银色 品牌15 15英寸 一体机（32吉字节内存）,一体机,品牌15,15英寸,32吉字节内存,银色,16*1*1,16,CX90F,迈克,出库,30055,拣货
KeSu27WiPi,粉色 品牌11 270 键盘（有线）,键盘,品牌11,270,有线,粉色,16*10*1,160,DM48A,艾米丽,出库,30092,拣货
AlRe178GSi,银色 品牌14 17英寸 一体机（8吉字节内存）,一体机,品牌14,17英寸,8吉字节内存,银色,16*1*1,7,DF91B,迈克,出库,30022,拣货
TVYn504KGr,灰色 品牌15 50英寸 电视机（超高清）,电视机,品牌15,50英寸,超高清,灰色,8*1*1,2,AQ19B,约翰,出库,30035,拣货
CuTE18SlBl,黑色 品牌04 1800 储物柜（滑动式）,储物柜,品牌04,1800,滑动式,黑色,8*1*1,3,DL01D,迈克,出库,30049,拣货
OfAESHePi,粉色 品牌05 小号 办公椅（头枕）,办公椅,品牌05,小号,头枕,粉色,16*1*1,16,BM98C,亚历克斯,出库,30008,拣货
GaOGMAdBl,黑色 品牌07 中号 游戏椅（可调节）,游戏椅,品牌07,中号,可调节,黑色,16*1*1,2,AY15E,莎拉,出库,30058,拣货
PrNoA4InGr,灰色 品牌26 四号纸 打印机（喷墨）,打印机,品牌26,四号纸,喷墨,灰色,16*1*1,16,CG20F,克里斯,出库,30097,拣货
AlYn1716Wh,白色 品牌15 17英寸 一体机（16吉字节内存）,一体机,品牌15,17英寸,16吉字节内存,白色,16*1*1,8,AY71F,约翰,出库,30002,拣货
LaRe14i5Bl,黑色 品牌14 14英寸 笔记本电脑（第5代处理器）,笔记本电脑,品牌14,14英寸,第5代处理器,黑色,16*1*1,4,DX89D,简,出库,30077,拣货
TVEs50S4Wh,白色 品牌32 50英寸 电视机（超级超高清）,电视机,品牌32,50英寸,超级超高清,白色,8*1*1,3,BQ11H,艾米丽,出库,30033,拣货
LaPH15i7Wh,白色 品牌12 15英寸 笔记本电脑（第7代处理器）,笔记本电脑,品牌12,15英寸,第7代处理器,白色,16*1*1,16,AM46E,亚历克斯,出库,30087,拣货
LaYn158GGr,灰色 品牌15 15英寸 笔记本电脑（8吉字节内存）,笔记本电脑,品牌15,15英寸,8吉字节内存,灰色,16*1*1,11,AF70H,简,出库,30086,拣货
TVGn42S4Bl,黑色 品牌30 42英寸 电视机（超级超高清）,电视机,品牌30,42英寸,超级超高清,黑色,8*1*1,6,AG54H,艾米,出库,30084,拣货
MoSu27ErNa,藏青色 品牌11 270 鼠标（人体工学）,鼠标,品牌11,270,人体工学,藏青色,16*10*1,160,DZ98G,亚历克斯,出库,30052,拣货
TVEs32S4Si,银色 品牌32 32英寸 电视机（超级超高清）,电视机,品牌32,32英寸,超级超高清,银色,8*1*1,2,DJ70D,克里斯,出库,30001,拣货
PrReA2WiBl,黑色 品牌24 二号纸 打印机（无线网络）,打印机,品牌24,二号纸,无线网络,黑色,16*1*1,16,BH76C,莎拉,出库,30040,拣货
DrRG90FiGr,灰色 品牌03 900 抽屉柜（文件收纳）,抽屉柜,品牌03,900,文件收纳,灰色,8*1*1,1,AG21H,克里斯,出库,30025,拣货
LaYn15i5Si,银色 品牌15 15英寸 笔记本电脑（第5代处理器）,笔记本电脑,品牌15,15英寸,第5代处理器,银色,16*1*1,16,BQ04F,大卫,出库,30017,拣货
TVGn75S4Wh,白色 品牌30 75英寸 电视机（超级超高清）,电视机,品牌30,75英寸,超级超高清,白色,8*1*1,8,AH09F,迈克,出库,30089,拣货
PrPHA4InBl,黑色 品牌12 四号纸 打印机（喷墨）,打印机,品牌12,四号纸,喷墨,黑色,16*1*1,16,DN56G,劳拉,出库,30004,拣货
CaRG90SlBe,米色 品牌03 900 文件柜（滑动式）,文件柜,品牌03,900,滑动式,米色,8*1*1,8,DK93A,艾米丽,出库,30057,拣货
AlSu17i7Bl,黑色 品牌11 17英寸 一体机（第7代处理器）,一体机,品牌11,17英寸,第7代处理器,黑色,16*1*1,16,DQ82B,艾米,出库,30051,拣货
CuRG90FiBl,黑色 品牌03 900 储物柜（文件收纳）,储物柜,品牌03,900,文件收纳,黑色,8*1*1,7,CL52E,约翰,出库,30032,拣货
GaXELErWh,白色 品牌06 大号 游戏椅（人体工学）,游戏椅,品牌06,大号,人体工学,白色,16*1*1,12,DL61A,莎拉,出库,30092,拣货
CaRG12DoBl,黑色 品牌03 1200 文件柜（带门式）,文件柜,品牌03,1200,带门式,黑色,8*1*1,8,BS04H,艾米,出库,30024,拣货
LaRe148GWh,白色 品牌14 14英寸 笔记本电脑（8吉字节内存）,笔记本电脑,品牌14,14英寸,8吉字节内存,白色,16*1*1,16,DX48A,艾米,出库,30080,拣货
OfXESLePi,粉色 品牌06 小号 办公椅（皮革）,办公椅,品牌06,小号,皮革,粉色,16*1*1,16,BX80D,亚历克斯,出库,30057,拣货
TaAE18FrSi,银色 品牌05 1800 桌子（框架式）,桌子,品牌05,1800,框架式,银色,8*1*1,8,AF92C,克里斯,出库,30080,拣货
NoGrA4ruWh,白色 品牌18 四号纸 笔记本（横线）,笔记本,品牌18,四号纸,横线,白色,48*10*5,1110,DQ58G,艾米丽,出库,30026,拣货
SPGi24SoWh,白色 品牌21 24 触控笔（可溶性）,触控笔,品牌21,24,可溶性,白色,48*10*5,2400,CI22E,克里斯,出库,30040,拣货
AlYn14i5Wh,白色 品牌15 14英寸 一体机（第5代处理器）,一体机,品牌15,14英寸,第5代处理器,白色,16*1*1,16,BN48H,艾米丽,出库,30078,拣货
LaRe17i5Wh,白色 品牌14 17英寸 笔记本电脑（第5代处理器）,笔记本电脑,品牌14,17英寸,第5代处理器,白色,16*1*1,16,CF11E,迈克,出库,30091,拣货
GaXEMLeWh,白色 品牌06 中号 游戏椅（皮革）,游戏椅,品牌06,中号,皮革,白色,16*1*1,4,DG39E,艾米丽,出库,30061,拣货
DrTE18SlWh,白色 品牌04 1800 抽屉柜（滑动式）,抽屉柜,品牌04,1800,滑动式,白色,8*1*1,5,DZ30A,艾米,出库,30039,拣货
NoExA4ruBl,黑色 品牌16 四号纸 笔记本（横线）,笔记本,品牌16,四号纸,横线,黑色,48*10*5,649,AW69B,亚历克斯,出库,30071,拣货
AlPH178GSi,银色 品牌12 17英寸 一体机（8吉字节内存）,一体机,品牌12,17英寸,8吉字节内存,银色,16*1*1,16,CP65E,劳拉,出库,30094,拣货
SPRe50HeGr,灰色 品牌22 50 触控笔（六角形）,触控笔,品牌22,50,六角形,灰色,48*10*5,2400,BF56B,大卫,出库,30093,拣货
PrPHA4AlWh,白色 品牌12 四号纸 打印机（一体式）,打印机,品牌12,四号纸,一体式,白色,16*1*1,12,AV87A,艾米丽,出库,30040,拣货
TVYn324KGr,灰色 品牌15 32英寸 电视机（超高清）,电视机,品牌15,32英寸,超高清,灰色,8*1*1,6,DY02A,亚历克斯,出库,30097,拣货
OfXEMLePi,粉色 品牌06 中号 办公椅（皮革）,办公椅,品牌06,中号,皮革,粉色,16*1*1,16,AZ02B,艾米丽,出库,30058,拣货
TaTR10FrSi,银色 品牌28 1000 桌子（框架式）,桌子,品牌28,1000,框架式,银色,8*1*1,8,BU40D,艾米丽,出库,30036,拣货
TVGL65FHSi,银色 品牌31 65英寸 电视机（全高清）,电视机,品牌31,65英寸,全高清,银色,8*1*1,8,CY15H,亚历克斯,出库,30033,拣货
TaTR18AdSi,银色 品牌28 1800 桌子（可调节）,桌子,品牌28,1800,可调节,银色,8*1*1,5,AL16F,大卫,出库,30076,拣货
PeRe50HeGr,灰色 品牌22 50 铅笔（六角形）,铅笔,品牌22,50,六角形,灰色,48*10*5,2400,BQ21G,莎拉,出库,30053,拣货
TaCI18FrWh,白色 品牌27 1800 桌子（框架式）,桌子,品牌27,1800,框架式,白色,8*1*1,8,BZ52G,艾米,出库,30020,拣货
TVGL32S4Wh,白色 品牌31 32英寸 电视机（超级超高清）,电视机,品牌31,32英寸,超级超高清,白色,8*1*1,6,DH12E,亚历克斯,出库,30017,拣货
AlYn15i5Si,银色 品牌15 15英寸 一体机（第5代处理器）,一体机,品牌15,15英寸,第5代处理器,银色,16*1*1,13,CI62H,克里斯,出库,30071,拣货
SPRe50HePi,粉色 品牌22 50 触控笔（六角形）,触控笔,品牌22,50,六角形,粉色,48*10*5,2400,DG22G,莎拉,出库,30063,拣货
NoMuA5doBl,黑色 品牌19 五号纸 笔记本（点阵）,笔记本,品牌19,五号纸,点阵,黑色,48*10*5,2400,CT11A,约翰,出库,30009,拣货
GaSESErBl,黑色 品牌08 小号 游戏椅（人体工学）,游戏椅,品牌08,小号,人体工学,黑色,16*1*1,1,AZ59D,迈克,出库,30066,拣货
LaYn17i5Wh,白色 品牌15 17英寸 笔记本电脑（第5代处理器）,笔记本电脑,品牌15,17英寸,第5代处理器,白色,16*1*1,16,AU72F,大卫,出库,30080,拣货
MoRe35BlWh,白色 品牌10 350 鼠标（蓝牙）,鼠标,品牌10,350,蓝牙,白色,16*10*1,46,AL69C,艾米丽,出库,30065,拣货
DrTE90DoWh,白色 品牌04 900 抽屉柜（带门式）,抽屉柜,品牌04,900,带门式,白色,8*1*1,8,CU60D,克里斯,出库,30094,拣货
OfOGMHeWh,白色 品牌07 中号 办公椅（头枕）,办公椅,品牌07,中号,头枕,白色,16*1*1,11,CV19H,大卫,出库,30036,拣货
OfSELLeGr,灰色 品牌08 大号 办公椅（皮革）,办公椅,品牌08,大号,皮革,灰色,16*1*1,9,AX29D,大卫,出库,30000,拣货
LaRe14i5Wh,白色 品牌14 14英寸 笔记本电脑（第5代处理器）,笔记本电脑,品牌14,14英寸,第5代处理器,白色,16*1*1,8,DM24G,劳拉,出库,30032,拣货
PrSoA3InBl,黑色 品牌25 三号纸 打印机（喷墨）,打印机,品牌25,三号纸,喷墨,黑色,16*1*1,11,BN36B,艾米丽,出库,30074,拣货
TaTR15WoWh,白色 品牌28 1500 桌子（工作站）,桌子,品牌28,1500,工作站,白色,8*1*1,8,AO59A,莎拉,出库,30079,拣货
KePH45ErPi,粉色 品牌12 450 键盘（人体工学）,键盘,品牌12,450,人体工学,粉色,16*10*1,160,BK53A,克里斯,出库,30022,拣货
SPNa50SoPi,粉色 品牌23 50 触控笔（可溶性）,触控笔,品牌23,50,可溶性,粉色,48*10*5,2400,BM84E,艾米丽,出库,30084,拣货
CuRG90LoWh,白色 品牌03 900 储物柜（储物锁柜）,储物柜,品牌03,900,储物锁柜,白色,8*1*1,8,BH44H,莎拉,出库,30033,拣货
KeSu45MeBl,黑色 品牌11 450 键盘（机械式）,键盘,品牌11,450,机械式,黑色,16*10*1,51,BM93F,劳拉,出库,30010,拣货
LaYn17i5Si,银色 品牌15 17英寸 笔记本电脑（第5代处理器）,笔记本电脑,品牌15,17英寸,第5代处理器,银色,16*1*1,16,DG98A,艾米,出库,30096,拣货
NoMuA5ruBl,黑色 品牌19 五号纸 笔记本（横线）,笔记本,品牌19,五号纸,横线,黑色,48*10*5,2400,CR94E,简,出库,30025,拣货
PeAl50HePi,粉色 品牌20 50 铅笔（六角形）,铅笔,品牌20,50,六角形,粉色,48*10*5,2289,AK68E,约翰,出库,30064,拣货
TVGn42S4Si,银色 品牌30 42英寸 电视机（超级超高清）,电视机,品牌30,42英寸,超级超高清,银色,8*1*1,2,CY37G,大卫,出库,30079,拣货
PeRe24HeBl,黑色 品牌22 24 铅笔（六角形）,铅笔,品牌22,24,六角形,黑色,48*10*5,2400,BI55E,迈克,出库,30057,拣货
SPGi24HeGr,灰色 品牌21 24 触控笔（六角形）,触控笔,品牌21,24,六角形,灰色,48*10*5,2400,DK71C,克里斯,出库,30070,拣货
OfOGLAdPi,粉色 品牌07 大号 办公椅（可调节）,办公椅,品牌07,大号,可调节,粉色,16*1*1,14,BG42A,亚历克斯,出库,30097,拣货
AlRe1516Wh,白色 品牌14 15英寸 一体机（16吉字节内存）,一体机,品牌14,15英寸,16吉字节内存,白色,16*1*1,16,DG77A,艾米,出库,30068,拣货
CuQE12LoBe,米色 品牌01 1200 储物柜（储物锁柜）,储物柜,品牌01,1200,储物锁柜,米色,8*1*1,8,DF32B,劳拉,出库,30066,拣货
KeHc35ErBl,黑色 品牌09 350 键盘（人体工学）,键盘,品牌09,350,人体工学,黑色,16*10*1,124,BY57C,亚历克斯,出库,30005,拣货
TVEs424KSi,银色 品牌32 42英寸 电视机（超高清）,电视机,品牌32,42英寸,超高清,银色,8*1*1,8,AI25H,克里斯,出库,30080,拣货
AlRe1416Gr,灰色 品牌14 14英寸 一体机（16吉字节内存）,一体机,品牌14,14英寸,16吉字节内存,灰色,16*1*1,16,CF92H,劳拉,出库,30056,拣货
PeNa24SoWh,白色 品牌23 24 铅笔（可溶性）,铅笔,品牌23,24,可溶性,白色,48*10*5,264,DJ45D,克里斯,出库,30014,拣货
PrReA4WiWh,白色 品牌24 四号纸 打印机（无线网络）,打印机,品牌24,四号纸,无线网络,白色,16*1*1,16,DV16D,劳拉,出库,30023,拣货
CuTE12LoBe,米色 品牌04 1200 储物柜（储物锁柜）,储物柜,品牌04,1200,储物锁柜,米色,8*1*1,8,BN86E,克里斯,出库,30054,拣货
CaQE12LoBe,米色 品牌01 1200 文件柜（储物锁柜）,文件柜,品牌01,1200,储物锁柜,米色,8*1*1,8,CT03G,简,出库,30086,拣货
LaOv15i5Wh,白色 品牌13 15英寸 笔记本电脑（第5代处理器）,笔记本电脑,品牌13,15英寸,第5代处理器,白色,16*1*1,11,CU02D,约翰,出库,30038,拣货
TVGL424KWh,白色 品牌31 42英寸 电视机（超高清）,电视机,品牌31,42英寸,超高清,白色,8*1*1,8,AV66C,亚历克斯,出库,30060,拣货
MoRe45MeWh,白色 品牌10 450 鼠标（机械式）,鼠标,品牌10,450,机械式,白色,16*10*1,40,CV64B,艾米,出库,30042,拣货
PrNoA4MoWh,白色 品牌26 四号纸 打印机（黑白）,打印机,品牌26,四号纸,黑白,白色,16*1*1,4,AZ60A,亚历克斯,出库,30092,拣货
MoSu27ErWh,白色 品牌11 270 鼠标（人体工学）,鼠标,品牌11,270,人体工学,白色,16*10*1,141,DP41D,艾米,出库,30083,拣货
TVEs654KWh,白色 品牌32 65英寸 电视机（超高清）,电视机,品牌32,65英寸,超高清,白色,8*1*1,7,CY02C,艾米,出库,30089,拣货
SPAl50HeBl,黑色 品牌20 50 触控笔（六角形）,触控笔,品牌20,50,六角形,黑色,48*10*5,2400,AQ93E,大卫,出库,30015,拣货
KeRe27WiWh,白色 品牌10 270 键盘（有线）,键盘,品牌10,270,有线,白色,16*10*1,160,AU77E,莎拉,出库,30089,拣货
PrNoA2MoWh,白色 品牌26 二号纸 打印机（黑白）,打印机,品牌26,二号纸,黑白,白色,16*1*1,15,AN78B,劳拉,出库,30022,拣货
LaSu1416Bl,黑色 品牌11 14英寸 笔记本电脑（16吉字节内存）,笔记本电脑,品牌11,14英寸,16吉字节内存,黑色,16*1*1,16,CQ88H,艾米,出库,30032,拣货
KeRe35MeNa,藏青色 品牌10 350 键盘（机械式）,键盘,品牌10,350,机械式,藏青色,16*10*1,160,AM23A,艾米丽,出库,30033,拣货
PeNa12WaPi,粉色 品牌23 12 铅笔（水彩）,铅笔,品牌23,12,水彩,粉色,48*10*5,2400,AU80E,劳拉,出库,30033,拣货
KeHc35WiBl,黑色 品牌09 350 键盘（有线）,键盘,品牌09,350,有线,黑色,16*10*1,160,CV60G,简,出库,30082,拣货
TaTR10AuWh,白色 品牌29 1000 桌子（自动调节）,桌子,品牌29,1000,自动调节,白色,8*1*1,8,DY97A,艾米丽,出库,30053,拣货
KeRe45BlNa,藏青色 品牌10 450 键盘（蓝牙）,键盘,品牌10,450,蓝牙,藏青色,16*10*1,160,BZ45E,艾米,出库,30040,拣货
TVGn654KSi,银色 品牌30 65英寸 电视机（超高清）,电视机,品牌30,65英寸,超高清,银色,8*1*1,1,BY95G,约翰,出库,30046,拣货
PrNoA4MoGr,灰色 品牌26 四号纸 打印机（黑白）,打印机,品牌26,四号纸,黑白,灰色,16*1*1,16,BR41C,亚历克斯,出库,30043,拣货
KeRe45MeWh,白色 品牌10 450 键盘（机械式）,键盘,品牌10,450,机械式,白色,16*10*1,160,BX64H,艾米,出库,30072,拣货
AlOv148GSi,银色 品牌13 14英寸 一体机（8吉字节内存）,一体机,品牌13,14英寸,8吉字节内存,银色,16*1*1,1,DI59H,简,出库,30088,拣货
TVGL75S4Wh,白色 品牌31 75英寸 电视机（超级超高清）,电视机,品牌31,75英寸,超级超高清,白色,8*1*1,8,CI37G,莎拉,出库,30014,拣货
LaSu15i7Wh,白色 品牌11 15英寸 笔记本电脑（第7代处理器）,笔记本电脑,品牌11,15英寸,第7代处理器,白色,16*1*1,16,BN75G,莎拉,出库,30044,拣货
LaYn15i7Si,银色 品牌15 15英寸 笔记本电脑（第7代处理器）,笔记本电脑,品牌15,15英寸,第7代处理器,银色,16*1*1,3,AM22G,艾米,出库,30000,拣货
TVEs324KSi,银色 品牌32 32英寸 电视机（超高清）,电视机,品牌32,32英寸,超高清,银色,8*1*1,6,CT43D,约翰,出库,30084,拣货
MoRe27ErBl,黑色 品牌10 270 鼠标（人体工学）,鼠标,品牌10,270,人体工学,黑色,16*10*1,160,AN23F,迈克,出库,30028,拣货
KeHc27ErBl,黑色 品牌09 270 键盘（人体工学）,键盘,品牌09,270,人体工学,黑色,16*10*1,160,DP73H,劳拉,出库,30045,拣货
MoHc45WiPi,粉色 品牌09 450 鼠标（有线）,鼠标,品牌09,450,有线,粉色,16*10*1,160,AS48F,迈克,出库,30036,拣货
OfOGSErGr,灰色 品牌07 小号 办公椅（人体工学）,办公椅,品牌07,小号,人体工学,灰色,16*1*1,16,DJ87C,克里斯,出库,30050,拣货
DrWE18SlGr,灰色 品牌02 1800 抽屉柜（滑动式）,抽屉柜,品牌02,1800,滑动式,灰色,8*1*1,7,AS13G,简,出库,30029,拣货
AlOv14i5Wh,白色 品牌13 14英寸 一体机（第5代处理器）,一体机,品牌13,14英寸,第5代处理器,白色,16*1*1,16,CZ42H,大卫,出库,30054,拣货
TaAE10FrGr,灰色 品牌05 1000 桌子（框架式）,桌子,品牌05,1000,框架式,灰色,8*1*1,8,CG68C,劳拉,出库,30072,拣货
KeHc35WiBl,黑色 品牌09 350 键盘（有线）,键盘,品牌09,350,有线,黑色,16*10*1,134,CF98E,大卫,出库,30001,拣货
PeNa24HeBl,黑色 品牌23 24 铅笔（六角形）,铅笔,品牌23,24,六角形,黑色,48*10*5,809,CO94B,简,出库,30077,拣货
TVYn32S4Si,银色 品牌15 32英寸 电视机（超级超高清）,电视机,品牌15,32英寸,超级超高清,银色,8*1*1,8,BR59D,克里斯,出库,30057,拣货
PrNoA2AlMi,混合色 品牌26 二号纸 打印机（一体式）,打印机,品牌26,二号纸,一体式,混合色,16*1*1,16,DV75B,艾米,出库,30055,拣货
SPNa24WaWh,白色 品牌23 24 触控笔（水彩）,触控笔,品牌23,24,水彩,白色,48*10*5,2400,AW35G,艾米,出库,30011,拣货
DrTE90LoBl,黑色 品牌04 900 抽屉柜（储物锁柜）,抽屉柜,品牌04,900,储物锁柜,黑色,8*1*1,8,CX51C,迈克,出库,30005,拣货
CuTE12FiWh,白色 品牌04 1200 储物柜（文件收纳）,储物柜,品牌04,1200,文件收纳,白色,8*1*1,8,BY31B,迈克,出库,30032,拣货
TVYn32SFWh,白色 品牌15 32英寸 电视机（超级全高清）,电视机,品牌15,32英寸,超级全高清,白色,8*1*1,5,DF31H,亚历克斯,出库,30012,拣货
AlSu1516Si,银色 品牌11 15英寸 一体机（16吉字节内存）,一体机,品牌11,15英寸,16吉字节内存,银色,16*1*1,5,DM64F,亚历克斯,出库,30022,拣货
KeRe35MeBl,黑色 品牌10 350 键盘（机械式）,键盘,品牌10,350,机械式,黑色,16*10*1,49,CT93A,艾米丽,出库,30073,拣货
OfXELHeBl,黑色 品牌06 大号 办公椅（头枕）,办公椅,品牌06,大号,头枕,黑色,16*1*1,16,BY46G,迈克,出库,30008,拣货
AlSu14i5Si,银色 品牌11 14英寸 一体机（第5代处理器）,一体机,品牌11,14英寸,第5代处理器,银色,16*1*1,1,DN68F,劳拉,出库,30084,拣货
OfAELAdPi,粉色 品牌05 大号 办公椅（可调节）,办公椅,品牌05,大号,可调节,粉色,16*1*1,16,CP68D,劳拉,出库,30057,拣货
SPAl50WaPi,粉色 品牌20 50 触控笔（水彩）,触控笔,品牌20,50,水彩,粉色,48*10*5,2400,DX85A,劳拉,出库,30006,拣货
LaSu1732Gr,灰色 品牌11 17英寸 笔记本电脑（32吉字节内存）,笔记本电脑,品牌11,17英寸,32吉字节内存,灰色,16*1*1,3,CH88D,简,出库,30060,拣货
KeRe45BlWh,白色 品牌10 450 键盘（蓝牙）,键盘,品牌10,450,蓝牙,白色,16*10*1,160,DG82G,艾米丽,出库,30043,拣货
LaPH15i5Si,银色 品牌12 15英寸 笔记本电脑（第5代处理器）,笔记本电脑,品牌12,15英寸,第5代处理器,银色,16*1*1,5,CK47A,简,出库,30081,拣货
NoGrA5ruBl,黑色 品牌18 五号纸 笔记本（横线）,笔记本,品牌18,五号纸,横线,黑色,48*10*5,2225,CV39H,亚历克斯,出库,30061,拣货
LaOv1532Bl,黑色 品牌13 15英寸 笔记本电脑（32吉字节内存）,笔记本电脑,品牌13,15英寸,32吉字节内存,黑色,16*1*1,16,AY20B,艾米丽,出库,30093,拣货
AlPH17i7Wh,白色 品牌12 17英寸 一体机（第7代处理器）,一体机,品牌12,17英寸,第7代处理器,白色,16*1*1,16,CV01C,克里斯,出库,30012,拣货
DrWE90SlWh,白色 品牌02 900 抽屉柜（滑动式）,抽屉柜,品牌02,900,滑动式,白色,8*1*1,5,CL10E,劳拉,出库,30020,拣货
LaOv158GSi,银色 品牌13 15英寸 笔记本电脑（8吉字节内存）,笔记本电脑,品牌13,15英寸,8吉字节内存,银色,16*1*1,16,CZ20G,艾米,出库,30015,拣货
CaWE12SlBl,黑色 品牌02 1200 文件柜（滑动式）,文件柜,品牌02,1200,滑动式,黑色,8*1*1,6,CW86A,劳拉,出库,30071,拣货
MoRe45ErNa,藏青色 品牌10 450 鼠标（人体工学）,鼠标,品牌10,450,人体工学,藏青色,16*10*1,43,AG86G,艾米丽,出库,30082,拣货
CuWE90FiGr,灰色 品牌02 900 储物柜（文件收纳）,储物柜,品牌02,900,文件收纳,灰色,8*1*1,5,CK12D,迈克,出库,30017,拣货
AlYn14i5Bl,黑色 品牌15 14英寸 一体机（第5代处理器）,一体机,品牌15,14英寸,第5代处理器,黑色,16*1*1,16,BQ27B,艾米丽,出库,30030,拣货
MoHc45WiWh,白色 品牌09 450 鼠标（有线）,鼠标,品牌09,450,有线,白色,16*10*1,17,BI20G,艾米丽,出库,30028,拣货
LaOv1416Gr,灰色 品牌13 14英寸 笔记本电脑（16吉字节内存）,笔记本电脑,品牌13,14英寸,16吉字节内存,灰色,16*1*1,16,DL89A,艾米,出库,30020,拣货
MoRe45ErNa,藏青色 品牌10 450 鼠标（人体工学）,鼠标,品牌10,450,人体工学,藏青色,16*10*1,160,CU35F,亚历克斯,出库,30015,拣货
NoMuA3doWh,白色 品牌19 三号纸 笔记本（点阵）,笔记本,品牌19,三号纸,点阵,白色,48*10*5,2400,DJ52F,亚历克斯,出库,30096,拣货
TVGL50FHGr,灰色 品牌31 50英寸 电视机（全高清）,电视机,品牌31,50英寸,全高清,灰色,8*1*1,8,DJ18G,大卫,出库,30028,拣货
AlOv1516Gr,灰色 品牌13 15英寸 一体机（16吉字节内存）,一体机,品牌13,15英寸,16吉字节内存,灰色,16*1*1,16,CP61E,大卫,出库,30088,拣货
CaWE90DoBe,米色 品牌02 900 文件柜（带门式）,文件柜,品牌02,900,带门式,米色,8*1*1,8,AG23D,迈克,出库,30002,拣货
SPGi50WaWh,白色 品牌21 50 触控笔（水彩）,触控笔,品牌21,50,水彩,白色,48*10*5,2042,CH50E,迈克,出库,30088,拣货
SPGi24SoWh,白色 品牌21 24 触控笔（可溶性）,触控笔,品牌21,24,可溶性,白色,48*10*5,2400,BI21D,艾米丽,出库,30044,拣货
PrSoA2LaBl,黑色 品牌25 二号纸 打印机（激光）,打印机,品牌25,二号纸,激光,黑色,16*1*1,16,CT83D,艾米,出库,30053,拣货
KeHc45BlNa,藏青色 品牌09 450 键盘（蓝牙）,键盘,品牌09,450,蓝牙,藏青色,16*10*1,37,AX66F,艾米丽,出库,30009,拣货
DrRG18SlGr,灰色 品牌03 1800 抽屉柜（滑动式）,抽屉柜,品牌03,1800,滑动式,灰色,8*1*1,8,DP77E,莎拉,出库,30051,拣货
CaRG90LoBl,黑色 品牌03 900 文件柜（储物锁柜）,文件柜,品牌03,900,储物锁柜,黑色,8*1*1,8,AZ22H,约翰,出库,30029,拣货
OfOGLErBl,黑色 品牌07 大号 办公椅（人体工学）,办公椅,品牌07,大号,人体工学,黑色,16*1*1,16,CJ59E,大卫,出库,30098,拣货
PrPHA2AlBl,黑色 品牌12 二号纸 打印机（一体式）,打印机,品牌12,二号纸,一体式,黑色,16*1*1,16,AX02D,劳拉,出库,30032,拣货
GaAELHeBl,黑色 品牌05 大号 游戏椅（头枕）,游戏椅,品牌05,大号,头枕,黑色,16*1*1,1,AN54A,约翰,出库,30024,拣货
CuWE90FiBe,米色 品牌02 900 储物柜（文件收纳）,储物柜,品牌02,900,文件收纳,米色,8*1*1,2,BM83C,简,出库,30028,拣货
AlSu17i5Bl,黑色 品牌11 17英寸 一体机（第5代处理器）,一体机,品牌11,17英寸,第5代处理器,黑色,16*1*1,16,DV97A,克里斯,出库,30095,拣货
DrTE12SlBl,黑色 品牌04 1200 抽屉柜（滑动式）,抽屉柜,品牌04,1200,滑动式,黑色,8*1*1,5,AF28C,简,出库,30057,拣货
NoExA3ruSi,银色 品牌16 三号纸 笔记本（横线）,笔记本,品牌16,三号纸,横线,银色,48*10*5,307,DT85G,莎拉,出库,30080,拣货
OfAESLeGr,灰色 品牌05 小号 办公椅（皮革）,办公椅,品牌05,小号,皮革,灰色,16*1*1,1,CI04G,克里斯,出库,30090,拣货
CaWE90FiBl,黑色 品牌02 900 文件柜（文件收纳）,文件柜,品牌02,900,文件收纳,黑色,8*1*1,8,AS28G,亚历克斯,出库,30023,拣货
PrPHA2LaBl,黑色 品牌12 二号纸 打印机（激光）,打印机,品牌12,二号纸,激光,黑色,16*1*1,5,BQ37A,莎拉,出库,30033,拣货
TVEs50FHSi,银色 品牌32 50英寸 电视机（全高清）,电视机,品牌32,50英寸,全高清,银色,8*1*1,5,DZ11D,莎拉,出库,30098,拣货
TVYn65FHGr,灰色 品牌15 65英寸 电视机（全高清）,电视机,品牌15,65英寸,全高清,灰色,8*1*1,1,AO08F,约翰,出库,30048,拣货
AlOv17i7Gr,灰色 品牌13 17英寸 一体机（第7代处理器）,一体机,品牌13,17英寸,第7代处理器,灰色,16*1*1,4,DL57D,艾米,出库,30027,拣货
AlYn15i5Si,银色 品牌15 15英寸 一体机（第5代处理器）,一体机,品牌15,15英寸,第5代处理器,银色,16*1*1,8,DO48H,莎拉,出库,30067,拣货
LaOv148GWh,白色 品牌13 14英寸 笔记本电脑（8吉字节内存）,笔记本电脑,品牌13,14英寸,8吉字节内存,白色,16*1*1,16,AN91C,亚历克斯,出库,30000,拣货
CuQE18DoBl,黑色 品牌01 1800 储物柜（带门式）,储物柜,品牌01,1800,带门式,黑色,8*1*1,6,CG46C,大卫,出库,30007,拣货
DrRG18SlWh,白色 品牌03 1800 抽屉柜（滑动式）,抽屉柜,品牌03,1800,滑动式,白色,8*1*1,7,DU66A,简,出库,30057,拣货
AlPH14i5Wh,白色 品牌12 14英寸 一体机（第5代处理器）,一体机,品牌12,14英寸,第5代处理器,白色,16*1*1,16,CV75B,艾米丽,出库,30042,拣货
CuQE12SlWh,白色 品牌01 1200 储物柜（滑动式）,储物柜,品牌01,1200,滑动式,白色,8*1*1,3,BZ90H,莎拉,出库,30014,拣货
LaRe14i7Gr,灰色 品牌14 14英寸 笔记本电脑（第7代处理器）,笔记本电脑,品牌14,14英寸,第7代处理器,灰色,16*1*1,16,DO31H,艾米,出库,30006,拣货
CuRG90DoWh,白色 品牌03 900 储物柜（带门式）,储物柜,品牌03,900,带门式,白色,8*1*1,1,CZ35A,简,出库,30095,拣货
OfSELHePi,粉色 品牌08 大号 办公椅（头枕）,办公椅,品牌08,大号,头枕,粉色,16*1*1,16,DF85G,迈克,出库,30026,拣货
LaSu1532Si,银色 品牌11 15英寸 笔记本电脑（32吉字节内存）,笔记本电脑,品牌11,15英寸,32吉字节内存,银色,16*1*1,16,AQ44H,迈克,出库,30003,拣货
LaOv1432Si,银色 品牌13 14英寸 笔记本电脑（32吉字节内存）,笔记本电脑,品牌13,14英寸,32吉字节内存,银色,16*1*1,16,DO69G,约翰,出库,30075,拣货
CuTE18LoBe,米色 品牌04 1800 储物柜（储物锁柜）,储物柜,品牌04,1800,储物锁柜,米色,8*1*1,8,DP17F,艾米丽,出库,30096,拣货
TVGn75S4Bl,黑色 品牌30 75英寸 电视机（超级超高清）,电视机,品牌30,75英寸,超级超高清,黑色,8*1*1,4,BY05H,迈克,出库,30060,拣货
GaSESLeBl,黑色 品牌08 小号 游戏椅（皮革）,游戏椅,品牌08,小号,皮革,黑色,16*1*1,16,DU48G,大卫,出库,30065,拣货
MoSu35BlNa,藏青色 品牌11 350 鼠标（蓝牙）,鼠标,品牌11,350,蓝牙,藏青色,16*10*1,4,DX54H,莎拉,出库,30025,拣货
PeGi50HeGr,灰色 品牌21 50 铅笔（六角形）,铅笔,品牌21,50,六角形,灰色,48*10*5,2400,DW42C,迈克,出库,30001,拣货
TVYn324KSi,银色 品牌15 32英寸 电视机（超高清）,电视机,品牌15,32英寸,超高清,银色,8*1*1,7,CN42H,克里斯,出库,30045,拣货
PeRe24HeWh,白色 品牌22 24 铅笔（六角形）,铅笔,品牌22,24,六角形,白色,48*10*5,115,AL31G,迈克,出库,30079,拣货
AlSu148GGr,灰色 品牌11 14英寸 一体机（8吉字节内存）,一体机,品牌11,14英寸,8吉字节内存,灰色,16*1*1,4,DY98B,约翰,出库,30070,拣货
SPNa50HePi,粉色 品牌23 50 触控笔（六角形）,触控笔,品牌23,50,六角形,粉色,48*10*5,2400,CY51F,劳拉,出库,30049,拣货
KeSu35ErWh,白色 品牌11 350 键盘（人体工学）,键盘,品牌11,350,人体工学,白色,16*10*1,160,CX98B,迈克,出库,30077,拣货
AlSu15i5Gr,灰色 品牌11 15英寸 一体机（第5代处理器）,一体机,品牌11,15英寸,第5代处理器,灰色,16*1*1,16,AX20B,简,出库,30077,拣货
AlSu17i5Si,银色 品牌11 17英寸 一体机（第5代处理器）,一体机,品牌11,17英寸,第5代处理器,银色,16*1*1,16,DT49G,劳拉,出库,30060,拣货
GaAELHeWh,白色 品牌05 大号 游戏椅（头枕）,游戏椅,品牌05,大号,头枕,白色,16*1*1,16,DW11B,约翰,出库,30043,拣货
CaTE18SlBe,米色 品牌04 1800 文件柜（滑动式）,文件柜,品牌04,1800,滑动式,米色,8*1*1,8,DJ48F,劳拉,出库,30056,拣货
LaPH14i5Gr,灰色 品牌12 14英寸 笔记本电脑（第5代处理器）,笔记本电脑,品牌12,14英寸,第5代处理器,灰色,16*1*1,16,AH18F,迈克,出库,30087,拣货
TVGL32S4Bl,黑色 品牌31 32英寸 电视机（超级超高清）,电视机,品牌31,32英寸,超级超高清,黑色,8*1*1,1,DX60B,迈克,出库,30016,拣货
PrReA3WiBl,黑色 品牌24 三号纸 打印机（无线网络）,打印机,品牌24,三号纸,无线网络,黑色,16*1*1,16,AP51C,艾米丽,出库,30045,拣货
TVYn75FHWh,白色 品牌15 75英寸 电视机（全高清）,电视机,品牌15,75英寸,全高清,白色,8*1*1,8,CU64D,劳拉,出库,30011,拣货
PrSoA2AlBl,黑色 品牌25 二号纸 打印机（一体式）,打印机,品牌25,二号纸,一体式,黑色,16*1*1,16,DU18E,莎拉,出库,30001,拣货
KePH35WiWh,白色 品牌12 350 键盘（有线）,键盘,品牌12,350,有线,白色,16*10*1,160,BU65E,莎拉,出库,30097,拣货
LaPH14i7Si,银色 品牌12 14英寸 笔记本电脑（第7代处理器）,笔记本电脑,品牌12,14英寸,第7代处理器,银色,16*1*1,16,DY67D,克里斯,出库,30083,拣货
CuTE18LoBe,米色 品牌04 1800 储物柜（储物锁柜）,储物柜,品牌04,1800,储物锁柜,米色,8*1*1,8,CS89B,艾米,出库,30093,拣货
TaAE18AdSi,银色 品牌05 1800 桌子（可调节）,桌子,品牌05,1800,可调节,银色,8*1*1,7,AR21G,克里斯,出库,30045,拣货
LaYn1716Wh,白色 品牌15 17英寸 笔记本电脑（16吉字节内存）,笔记本电脑,品牌15,17英寸,16吉字节内存,白色,16*1*1,16,BO96B,艾米,出库,30099,拣货
TaCI15AuBl,黑色 品牌27 1500 桌子（自动调节）,桌子,品牌27,1500,自动调节,黑色,8*1*1,8,BN04C,亚历克斯,出库,30055,拣货
AlRe1532Wh,白色 品牌14 15英寸 一体机（32吉字节内存）,一体机,品牌14,15英寸,32吉字节内存,白色,16*1*1,16,AJ48G,大卫,出库,30081,拣货
TVGn65FHBl,黑色 品牌30 65英寸 电视机（全高清）,电视机,品牌30,65英寸,全高清,黑色,8*1*1,3,BO19F,亚历克斯,出库,30020,拣货
DrTE18FiGr,灰色 品牌04 1800 抽屉柜（文件收纳）,抽屉柜,品牌04,1800,文件收纳,灰色,8*1*1,8,BU01D,亚历克斯,出库,30026,拣货
KeHc27BlPi,粉色 品牌09 270 键盘（蓝牙）,键盘,品牌09,270,蓝牙,粉色,16*10*1,160,BP27D,艾米,出库,30063,拣货
DrQE12DoBl,黑色 品牌01 1200 抽屉柜（带门式）,抽屉柜,品牌01,1200,带门式,黑色,8*1*1,2,DV04H,艾米,出库,30091,拣货
MoHc35MeBl,黑色 品牌09 350 鼠标（机械式）,鼠标,品牌09,350,机械式,黑色,16*10*1,71,AZ18B,克里斯,出库,30077,拣货
GaXEMLeGr,灰色 品牌06 中号 游戏椅（皮革）,游戏椅,品牌06,中号,皮革,灰色,16*1*1,16,CL49C,迈克,出库,30080,拣货
LaRe15i7Gr,灰色 品牌14 15英寸 笔记本电脑（第7代处理器）,笔记本电脑,品牌14,15英寸,第7代处理器,灰色,16*1*1,9,CJ11A,亚历克斯,出库,30002,拣货
GaSESLeWh,白色 品牌08 小号 游戏椅（皮革）,游戏椅,品牌08,小号,皮革,白色,16*1*1,6,CW19E,亚历克斯,出库,30076,拣货
MoRe35WiWh,白色 品牌10 350 鼠标（有线）,鼠标,品牌10,350,有线,白色,16*10*1,160,CP33B,简,出库,30062,拣货
CaQE12FiBe,米色 品牌01 1200 文件柜（文件收纳）,文件柜,品牌01,1200,文件收纳,米色,8*1*1,8,CV70F,迈克,出库,30066,拣货
PrNoA3InWh,白色 品牌26 三号纸 打印机（喷墨）,打印机,品牌26,三号纸,喷墨,白色,16*1*1,16,BS18A,大卫,出库,30013,拣货
NoMuA5doGr,灰色 品牌19 五号纸 笔记本（点阵）,笔记本,品牌19,五号纸,点阵,灰色,48*10*5,2400,BS78G,莎拉,出库,30002,拣货
OfOGSErGr,灰色 品牌07 小号 办公椅（人体工学）,办公椅,品牌07,小号,人体工学,灰色,16*1*1,16,AH08H,迈克,出库,30034,拣货
OfSESAdPi,粉色 品牌08 小号 办公椅（可调节）,办公椅,品牌08,小号,可调节,粉色,16*1*1,5,DG49E,约翰,出库,30095,拣货
GaOGLHeWh,白色 品牌07 大号 游戏椅（头枕）,游戏椅,品牌07,大号,头枕,白色,16*1*1,4,BU06B,莎拉,出库,30064,拣货
TVGn654KBl,黑色 品牌30 65英寸 电视机（超高清）,电视机,品牌30,65英寸,超高清,黑色,8*1*1,6,BP20F,简,出库,30053,拣货
OfAEMLeBl,黑色 品牌05 中号 办公椅（皮革）,办公椅,品牌05,中号,皮革,黑色,16*1*1,16,CK79C,简,出库,30000,拣货
TVGn32S4Wh,白色 品牌30 32英寸 电视机（超级超高清）,电视机,品牌30,32英寸,超级超高清,白色,8*1*1,8,CH55H,约翰,出库,30063,拣货
PrPHA3AlBl,黑色 品牌12 三号纸 打印机（一体式）,打印机,品牌12,三号纸,一体式,黑色,16*1*1,16,BT53C,亚历克斯,出库,30001,拣货
CaQE90FiBl,黑色 品牌01 900 文件柜（文件收纳）,文件柜,品牌01,900,文件收纳,黑色,8*1*1,7,DT13C,简,出库,30084,拣货
CaRG18SlWh,白色 品牌03 1800 文件柜（滑动式）,文件柜,品牌03,1800,滑动式,白色,8*1*1,8,AR67E,莎拉,出库,30069,拣货
KeHc45BlNa,藏青色 品牌09 450 键盘（蓝牙）,键盘,品牌09,450,蓝牙,藏青色,16*10*1,160,AQ71A,约翰,出库,30067,拣货
GaXEMErWh,白色 品牌06 中号 游戏椅（人体工学）,游戏椅,品牌06,中号,人体工学,白色,16*1*1,14,BT10D,劳拉,出库,30064,拣货
LaOv1432Bl,黑色 品牌13 14英寸 笔记本电脑（32吉字节内存）,笔记本电脑,品牌13,14英寸,32吉字节内存,黑色,16*1*1,16,AM89F,大卫,出库,30019,拣货
AlYn14i5Wh,白色 品牌15 14英寸 一体机（第5代处理器）,一体机,品牌15,14英寸,第5代处理器,白色,16*1*1,7,CL92H,克里斯,出库,30081,拣货
CuWE12LoBe,米色 品牌02 1200 储物柜（储物锁柜）,储物柜,品牌02,1200,储物锁柜,米色,8*1*1,6,BL61F,莎拉,出库,30035,拣货
KeHc35ErBl,黑色 品牌09 350 键盘（人体工学）,键盘,品牌09,350,人体工学,黑色,16*10*1,83,CP32A,莎拉,出库,30091,拣货
MoHc35ErNa,藏青色 品牌09 350 鼠标（人体工学）,鼠标,品牌09,350,人体工学,藏青色,16*10*1,160,CU88E,劳拉,出库,30094,拣货
NoMuA4liBl,黑色 品牌19 四号纸 笔记本（线条）,笔记本,品牌19,四号纸,线条,黑色,48*10*5,2400,AN43A,简,出库,30085,拣货
TaTR15WoWh,白色 品牌28 1500 桌子（工作站）,桌子,品牌28,1500,工作站,白色,8*1*1,1,DZ17H,大卫,出库,30053,拣货
OfAEMHeWh,白色 品牌05 中号 办公椅（头枕）,办公椅,品牌05,中号,头枕,白色,16*1*1,4,BL37A,大卫,出库,30069,拣货
PeRe12HeBl,黑色 品牌22 12 铅笔（六角形）,铅笔,品牌22,12,六角形,黑色,48*10*5,1034,AX65E,大卫,出库,30022,拣货
TVGL32FHGr,灰色 品牌31 32英寸 电视机（全高清）,电视机,品牌31,32英寸,全高清,灰色,8*1*1,2,BZ49B,大卫,出库,30053,拣货
TaTR10AdBl,黑色 品牌28 1000 桌子（可调节）,桌子,品牌28,1000,可调节,黑色,8*1*1,8,CO71G,简,出库,30099,拣货
OfSEMHeBl,黑色 品牌08 中号 办公椅（头枕）,办公椅,品牌08,中号,头枕,黑色,16*1*1,10,DP61G,简,出库,30058,拣货
KeHc45BlNa,藏青色 品牌09 450 键盘（蓝牙）,键盘,品牌09,450,蓝牙,藏青色,16*10*1,148,AW19H,迈克,出库,30000,拣货
NoExA4ruGr,灰色 品牌16 四号纸 笔记本（横线）,笔记本,品牌16,四号纸,横线,灰色,48*10*5,1756,AF27C,简,出库,30022,拣货
CaRG18SlGr,灰色 品牌03 1800 文件柜（滑动式）,文件柜,品牌03,1800,滑动式,灰色,8*1*1,8,AQ69E,约翰,出库,30046,拣货
LaSu1416Wh,白色 品牌11 14英寸 笔记本电脑（16吉字节内存）,笔记本电脑,品牌11,14英寸,16吉字节内存,白色,16*1*1,16,BN17H,艾米,出库,30023,拣货
DrQE90LoGr,灰色 品牌01 900 抽屉柜（储物锁柜）,抽屉柜,品牌01,900,储物锁柜,灰色,8*1*1,8,AS68C,迈克,出库,30048,拣货
OfAEMHeWh,白色 品牌05 中号 办公椅（头枕）,办公椅,品牌05,中号,头枕,白色,16*1*1,16,BJ17F,劳拉,出库,30001,拣货
LaYn1716Bl,黑色 品牌15 17英寸 笔记本电脑（16吉字节内存）,笔记本电脑,品牌15,17英寸,16吉字节内存,黑色,16*1*1,16,BI08B,劳拉,出库,30037,拣货
PrNoA3LaWh,白色 品牌26 三号纸 打印机（激光）,打印机,品牌26,三号纸,激光,白色,16*1*1,16,DY47D,艾米丽,出库,30099,拣货
NoScA5ruWh,白色 品牌17 五号纸 笔记本（横线）,笔记本,品牌17,五号纸,横线,白色,48*10*5,451,BT96C,简,出库,30012,拣货
AlYn14i7Bl,黑色 品牌15 14英寸 一体机（第7代处理器）,一体机,品牌15,14英寸,第7代处理器,黑色,16*1*1,13,DM77C,迈克,出库,30061,拣货
PrPHA2LaWh,白色 品牌12 二号纸 打印机（激光）,打印机,品牌12,二号纸,激光,白色,16*1*1,16,BL90B,大卫,出库,30007,拣货
LaRe1432Wh,白色 品牌14 14英寸 笔记本电脑（32吉字节内存）,笔记本电脑,品牌14,14英寸,32吉字节内存,白色,16*1*1,16,DR63B,莎拉,出库,30094,拣货
TVYn32SFWh,白色 品牌15 32英寸 电视机（超级全高清）,电视机,品牌15,32英寸,超级全高清,白色,8*1*1,8,DL26E,大卫,出库,30068,拣货
GaOGMErGr,灰色 品牌07 中号 游戏椅（人体工学）,游戏椅,品牌07,中号,人体工学,灰色,16*1*1,13,DM09G,劳拉,出库,30083,拣货
PrPHA2InMi,混合色 品牌12 二号纸 打印机（喷墨）,打印机,品牌12,二号纸,喷墨,混合色,16*1*1,7,DV33H,莎拉,出库,30094,拣货
CaRG18FiBl,黑色 品牌03 1800 文件柜（文件收纳）,文件柜,品牌03,1800,文件收纳,黑色,8*1*1,8,AR97F,艾米丽,出库,30039,拣货
LaRe17i5Wh,白色 品牌14 17英寸 笔记本电脑（第5代处理器）,笔记本电脑,品牌14,17英寸,第5代处理器,白色,16*1*1,16,DM72E,亚历克斯,出库,30025,拣货
MoPH45MeWh,白色 品牌12 450 鼠标（机械式）,鼠标,品牌12,450,机械式,白色,16*10*1,58,BZ48G,莎拉,出库,30056,拣货
TVYn50FHSi,银色 品牌15 50英寸 电视机（全高清）,电视机,品牌15,50英寸,全高清,银色,8*1*1,8,DR63A,莎拉,出库,30093,拣货
LaPH1732Gr,灰色 品牌12 17英寸 笔记本电脑（32吉字节内存）,笔记本电脑,品牌12,17英寸,32吉字节内存,灰色,16*1*1,16,DS03A,约翰,出库,30067,拣货
TaTR18FrWh,白色 品牌29 1800 桌子（框架式）,桌子,品牌29,1800,框架式,白色,8*1*1,2,CP67F,莎拉,出库,30091,拣货
PrPHA3AlBl,黑色 品牌12 三号纸 打印机（一体式）,打印机,品牌12,三号纸,一体式,黑色,16*1*1,16,DO14D,克里斯,出库,30086,拣货
KeSu27MePi,粉色 品牌11 270 键盘（机械式）,键盘,品牌11,270,机械式,粉色,16*10*1,160,CN41H,克里斯,出库,30069,拣货
PrNoA4WiBl,黑色 品牌26 四号纸 打印机（无线网络）,打印机,品牌26,四号纸,无线网络,黑色,16*1*1,2,CQ84G,劳拉,出库,30091,拣货
LaYn1416Wh,白色 品牌15 14英寸 笔记本电脑（16吉字节内存）,笔记本电脑,品牌15,14英寸,16吉字节内存,白色,16*1*1,14,AO44B,约翰,出库,30054,拣货
TVGn50FHSi,银色 品牌30 50英寸 电视机（全高清）,电视机,品牌30,50英寸,全高清,银色,8*1*1,7,AX50F,劳拉,出库,30008,拣货
PeRe12HePi,粉色 品牌22 12 铅笔（六角形）,铅笔,品牌22,12,六角形,粉色,48*10*5,2400,CP52F,迈克,出库,30097,拣货
LaRe1416Wh,白色 品牌14 14英寸 笔记本电脑（16吉字节内存）,笔记本电脑,品牌14,14英寸,16吉字节内存,白色,16*1*1,9,BG84G,大卫,出库,30083,拣货
LaPH15i5Gr,灰色 品牌12 15英寸 笔记本电脑（第5代处理器）,笔记本电脑,品牌12,15英寸,第5代处理器,灰色,16*1*1,16,BV07B,艾米,出库,30009,拣货
CaWE18LoBl,黑色 品牌02 1800 文件柜（储物锁柜）,文件柜,品牌02,1800,储物锁柜,黑色,8*1*1,8,DF64E,亚历克斯,出库,30096,拣货
TaAE15AuWh,白色 品牌05 1500 桌子（自动调节）,桌子,品牌05,1500,自动调节,白色,8*1*1,8,CS38G,约翰,出库,30079,拣货
CaWE12SlWh,白色 品牌02 1200 文件柜（滑动式）,文件柜,品牌02,1200,滑动式,白色,8*1*1,8,DP04B,艾米,出库,30085,拣货
PrSoA3MoBl,黑色 品牌25 三号纸 打印机（黑白）,打印机,品牌25,三号纸,黑白,黑色,16*1*1,16,CJ40B,亚历克斯,出库,30092,拣货
AlRe17i7Si,银色 品牌14 17英寸 一体机（第7代处理器）,一体机,品牌14,17英寸,第7代处理器,银色,16*1*1,13,BF20E,艾米,出库,30057,拣货
CaWE18LoBl,黑色 品牌02 1800 文件柜（储物锁柜）,文件柜,品牌02,1800,储物锁柜,黑色,8*1*1,6,DT25H,亚历克斯,出库,30067,拣货
CuQE12FiBe,米色 品牌01 1200 储物柜（文件收纳）,储物柜,品牌01,1200,文件收纳,米色,8*1*1,5,BN57F,劳拉,出库,30039,拣货
CaWE18SlBe,米色 品牌02 1800 文件柜（滑动式）,文件柜,品牌02,1800,滑动式,米色,8*1*1,1,BO79E,莎拉,出库,30079,拣货
KeSu27WiPi,粉色 品牌11 270 键盘（有线）,键盘,品牌11,270,有线,粉色,16*10*1,160,DV70E,克里斯,出库,30036,拣货
LaPH1432Wh,白色 品牌12 14英寸 笔记本电脑（32吉字节内存）,笔记本电脑,品牌12,14英寸,32吉字节内存,白色,16*1*1,7,BF03A,艾米,出库,30068,拣货
LaRe1716Si,银色 品牌14 17英寸 笔记本电脑（16吉字节内存）,笔记本电脑,品牌14,17英寸,16吉字节内存,银色,16*1*1,16,AM90C,艾米丽,出库,30028,拣货
PrSoA3AlWh,白色 品牌25 三号纸 打印机（一体式）,打印机,品牌25,三号纸,一体式,白色,16*1*1,8,AV67E,艾米,出库,30074,拣货
AlSu158GBl,黑色 品牌11 15英寸 一体机（8吉字节内存）,一体机,品牌11,15英寸,8吉字节内存,黑色,16*1*1,3,BZ45A,劳拉,出库,30053,拣货
PrReA3InBl,黑色 品牌24 三号纸 打印机（喷墨）,打印机,品牌24,三号纸,喷墨,黑色,16*1*1,16,BN38C,莎拉,出库,30087,拣货
PrPHA3LaMi,混合色 品牌12 三号纸 打印机（激光）,打印机,品牌12,三号纸,激光,混合色,16*1*1,16,DN84H,简,出库,30040,拣货
NoGrA3doWh,白色 品牌18 三号纸 笔记本（点阵）,笔记本,品牌18,三号纸,点阵,白色,48*10*5,1064,BH56E,克里斯,出库,30012,拣货
SPGi24WaBl,黑色 品牌21 24 触控笔（水彩）,触控笔,品牌21,24,水彩,黑色,48*10*5,709,DN48B,大卫,出库,30076,拣货
SPRe12WaBl,黑色 品牌22 12 触控笔（水彩）,触控笔,品牌22,12,水彩,黑色,48*10*5,1164,BT73D,莎拉,出库,30064,拣货
PeAl12SoGr,灰色 品牌20 12 铅笔（可溶性）,铅笔,品牌20,12,可溶性,灰色,48*10*5,720,BR85F,艾米丽,出库,30028,拣货
TaCI18WoSi,银色 品牌27 1800 桌子（工作站）,桌子,品牌27,1800,工作站,银色,8*1*1,8,BO07C,劳拉,出库,30084,拣货
PrSoA2WiMi,混合色 品牌25 二号纸 打印机（无线网络）,打印机,品牌25,二号纸,无线网络,混合色,16*1*1,16,DG23D,大卫,出库,30008,拣货
AlOv178GGr,灰色 品牌13 17英寸 一体机（8吉字节内存）,一体机,品牌13,17英寸,8吉字节内存,灰色,16*1*1,16,CS62F,艾米,出库,30057,拣货
LaYn1416Si,银色 品牌15 14英寸 笔记本电脑（16吉字节内存）,笔记本电脑,品牌15,14英寸,16吉字节内存,银色,16*1*1,11,CI37B,劳拉,出库,30069,拣货
TVGL50FHSi,银色 品牌31 50英寸 电视机（全高清）,电视机,品牌31,50英寸,全高清,银色,8*1*1,4,AR60D,亚历克斯,出库,30029,拣货
MoHc27WiBl,黑色 品牌09 270 鼠标（有线）,鼠标,品牌09,270,有线,黑色,16*10*1,47,AP73A,迈克,出库,30069,拣货
PeGi50WaGr,灰色 品牌21 50 铅笔（水彩）,铅笔,品牌21,50,水彩,灰色,48*10*5,1397,AN35B,克里斯,出库,30037,拣货
CaQE18DoGr,灰色 品牌01 1800 文件柜（带门式）,文件柜,品牌01,1800,带门式,灰色,8*1*1,1,AS15B,克里斯,出库,30089,拣货
MoRe45WiPi,粉色 品牌10 450 鼠标（有线）,鼠标,品牌10,450,有线,粉色,16*10*1,160,CG79H,劳拉,出库,30007,拣货
GaXESAdWh,白色 品牌06 小号 游戏椅（可调节）,游戏椅,品牌06,小号,可调节,白色,16*1*1,1,BW31E,迈克,出库,30047,拣货
TVYn32SFGr,灰色 品牌15 32英寸 电视机（超级全高清）,电视机,品牌15,32英寸,超级全高清,灰色,8*1*1,4,DJ28C,艾米丽,出库,30054,拣货
MoHc45ErNa,藏青色 品牌09 450 鼠标（人体工学）,鼠标,品牌09,450,人体工学,藏青色,16*10*1,160,CQ02H,约翰,出库,30096,拣货
OfOGMLeGr,灰色 品牌07 中号 办公椅（皮革）,办公椅,品牌07,中号,皮革,灰色,16*1*1,16,BT25D,莎拉,出库,30032,拣货
DrTE18DoGr,灰色 品牌04 1800 抽屉柜（带门式）,抽屉柜,品牌04,1800,带门式,灰色,8*1*1,3,AM96A,莎拉,出库,30045,拣货
OfOGLAdGr,灰色 品牌07 大号 办公椅（可调节）,办公椅,品牌07,大号,可调节,灰色,16*1*1,6,AW20H,迈克,出库,30083,拣货
PeAl50SoGr,灰色 品牌20 50 铅笔（可溶性）,铅笔,品牌20,50,可溶性,灰色,48*10*5,51,BN04B,亚历克斯,出库,30090,拣货
GaSELLeGr,灰色 品牌08 大号 游戏椅（皮革）,游戏椅,品牌08,大号,皮革,灰色,16*1*1,16,DG67D,劳拉,出库,30009,拣货
NoScA3doSi,银色 品牌17 三号纸 笔记本（点阵）,笔记本,品牌17,三号纸,点阵,银色,48*10*5,2400,CU23E,克里斯,出库,30026,拣货
OfXEMHePi,粉色 品牌06 中号 办公椅（头枕）,办公椅,品牌06,中号,头枕,粉色,16*1*1,5,BT77H,简,出库,30032,拣货
CuRG12SlBe,米色 品牌03 1200 储物柜（滑动式）,储物柜,品牌03,1200,滑动式,米色,8*1*1,8,BT05G,迈克,出库,30034,拣货
LaOv17i5Bl,黑色 品牌13 17英寸 笔记本电脑（第5代处理器）,笔记本电脑,品牌13,17英寸,第5代处理器,黑色,16*1*1,16,DG48G,莎拉,出库,30035,拣货
DrWE18SlGr,灰色 品牌02 1800 抽屉柜（滑动式）,抽屉柜,品牌02,1800,滑动式,灰色,8*1*1,8,AN61H,莎拉,出库,30052,拣货
GaSESLePi,粉色 品牌08 小号 游戏椅（皮革）,游戏椅,品牌08,小号,皮革,粉色,16*1*1,9,DM98D,简,出库,30035,拣货
KeRe45ErBl,黑色 品牌10 450 键盘（人体工学）,键盘,品牌10,450,人体工学,黑色,16*10*1,160,DN24B,亚历克斯,出库,30065,拣货
AlSu17i5Si,银色 品牌11 17英寸 一体机（第5代处理器）,一体机,品牌11,17英寸,第5代处理器,银色,16*1*1,16,BS73C,简,出库,30029,拣货
PeAl24SoBl,黑色 品牌20 24 铅笔（可溶性）,铅笔,品牌20,24,可溶性,黑色,48*10*5,611,CW04E,克里斯,出库,30073,拣货
GaSEMAdGr,灰色 品牌08 中号 游戏椅（可调节）,游戏椅,品牌08,中号,可调节,灰色,16*1*1,16,BS83C,艾米,出库,30069,拣货
PrNoA2InGr,灰色 品牌26 二号纸 打印机（喷墨）,打印机,品牌26,二号纸,喷墨,灰色,16*1*1,13,BR80F,艾米,出库,30098,拣货
TaCI10AdGr,灰色 品牌27 1000 桌子（可调节）,桌子,品牌27,1000,可调节,灰色,8*1*1,8,DO33B,克里斯,出库,30021,拣货
KeRe45MeBl,黑色 品牌10 450 键盘（机械式）,键盘,品牌10,450,机械式,黑色,16*10*1,158,CK95B,迈克,出库,30005,拣货
TVGn42FHWh,白色 品牌30 42英寸 电视机（全高清）,电视机,品牌30,42英寸,全高清,白色,8*1*1,8,AS24C,大卫,出库,30085,拣货
LaOv1416Gr,灰色 品牌13 14英寸 笔记本电脑（16吉字节内存）,笔记本电脑,品牌13,14英寸,16吉字节内存,灰色,16*1*1,3,DN83B,克里斯,出库,30076,拣货
DrRG90SlWh,白色 品牌03 900 抽屉柜（滑动式）,抽屉柜,品牌03,900,滑动式,白色,8*1*1,1,BZ32C,约翰,出库,30031,拣货
CaTE90LoBe,米色 品牌04 900 文件柜（储物锁柜）,文件柜,品牌04,900,储物锁柜,米色,8*1*1,8,DY17D,克里斯,出库,30098,拣货
OfAEMAdPi,粉色 品牌05 中号 办公椅（可调节）,办公椅,品牌05,中号,可调节,粉色,16*1*1,2,BH93H,克里斯,出库,30013,拣货
AlOv15i7Wh,白色 品牌13 15英寸 一体机（第7代处理器）,一体机,品牌13,15英寸,第7代处理器,白色,16*1*1,10,CY91E,克里斯,出库,30074,拣货
CaTE18FiBl,黑色 品牌04 1800 文件柜（文件收纳）,文件柜,品牌04,1800,文件收纳,黑色,8*1*1,5,BV86C,约翰,出库,30067,拣货
DrRG90SlBe,米色 品牌03 900 抽屉柜（滑动式）,抽屉柜,品牌03,900,滑动式,米色,8*1*1,8,BU49H,迈克,出库,30069,拣货
AlPH158GWh,白色 品牌12 15英寸 一体机（8吉字节内存）,一体机,品牌12,15英寸,8吉字节内存,白色,16*1*1,16,BL94F,艾米,出库,30031,拣货
SPNa24WaWh,白色 品牌23 24 触控笔（水彩）,触控笔,品牌23,24,水彩,白色,48*10*5,2400,DK66H,大卫,出库,30007,拣货
TVYn42S4Gr,灰色 品牌15 42英寸 电视机（超级超高清）,电视机,品牌15,42英寸,超级超高清,灰色,8*1*1,4,CU80H,亚历克斯,出库,30064,拣货
CuTE18SlBe,米色 品牌04 1800 储物柜（滑动式）,储物柜,品牌04,1800,滑动式,米色,8*1*1,8,CL23G,克里斯,出库,30043,拣货
AlPH17i7Gr,灰色 品牌12 17英寸 一体机（第7代处理器）,一体机,品牌12,17英寸,第7代处理器,灰色,16*1*1,16,DT67E,大卫,出库,30093,拣货
TaAE15FrWh,白色 品牌05 1500 桌子（框架式）,桌子,品牌05,1500,框架式,白色,8*1*1,5,AN90C,约翰,出库,30010,拣货
AlPH15i5Bl,黑色 品牌12 15英寸 一体机（第5代处理器）,一体机,品牌12,15英寸,第5代处理器,黑色,16*1*1,16,CG22D,约翰,出库,30096,拣货
GaSESErBl,黑色 品牌08 小号 游戏椅（人体工学）,游戏椅,品牌08,小号,人体工学,黑色,16*1*1,16,CJ37E,艾米丽,出库,30039,拣货
AlRe14i7Gr,灰色 品牌14 14英寸 一体机（第7代处理器）,一体机,品牌14,14英寸,第7代处理器,灰色,16*1*1,16,DW68E,艾米丽,出库,30029,拣货
PrPHA3AlMi,混合色 品牌12 三号纸 打印机（一体式）,打印机,品牌12,三号纸,一体式,混合色,16*1*1,13,CP68G,克里斯,出库,30023,拣货
AlSu1416Bl,黑色 品牌11 14英寸 一体机（16吉字节内存）,一体机,品牌11,14英寸,16吉字节内存,黑色,16*1*1,16,BJ72G,大卫,出库,30083,拣货
TVGn65SFSi,银色 品牌30 65英寸 电视机（超级全高清）,电视机,品牌30,65英寸,超级全高清,银色,8*1*1,1,DI29G,艾米,出库,30010,拣货
MoSu35MePi,粉色 品牌11 350 鼠标（机械式）,鼠标,品牌11,350,机械式,粉色,16*10*1,160,AG11F,艾米,出库,30075,拣货
AlPH158GSi,银色 品牌12 15英寸 一体机（8吉字节内存）,一体机,品牌12,15英寸,8吉字节内存,银色,16*1*1,8,AP43H,劳拉,出库,30075,拣货
PrReA3AlBl,黑色 品牌24 三号纸 打印机（一体式）,打印机,品牌24,三号纸,一体式,黑色,16*1*1,16,AG66C,大卫,出库,30012,拣货
CuQE18DoGr,灰色 品牌01 1800 储物柜（带门式）,储物柜,品牌01,1800,带门式,灰色,8*1*1,7,AK58D,简,出库,30029,拣货
GaSEMLeBl,黑色 品牌08 中号 游戏椅（皮革）,游戏椅,品牌08,中号,皮革,黑色,16*1*1,14,CQ09A,莎拉,出库,30047,拣货
PrPHA4InWh,白色 品牌12 四号纸 打印机（喷墨）,打印机,品牌12,四号纸,喷墨,白色,16*1*1,16,AK60E,艾米,出库,30035,拣货
LaPH17i5Bl,黑色 品牌12 17英寸 笔记本电脑（第5代处理器）,笔记本电脑,品牌12,17英寸,第5代处理器,黑色,16*1*1,10,DV28D,简,出库,30099,拣货
CaTE12DoBe,米色 品牌04 1200 文件柜（带门式）,文件柜,品牌04,1200,带门式,米色,8*1*1,8,BP92E,大卫,出库,30098,拣货
PeRe50HeGr,灰色 品牌22 50 铅笔（六角形）,铅笔,品牌22,50,六角形,灰色,48*10*5,2400,DK35B,亚历克斯,出库,30025,拣货
GaSESErBl,黑色 品牌08 小号 游戏椅（人体工学）,游戏椅,品牌08,小号,人体工学,黑色,16*1*1,5,BT31G,艾米,出库,30036,拣货
OfOGMLePi,粉色 品牌07 中号 办公椅（皮革）,办公椅,品牌07,中号,皮革,粉色,16*1*1,16,DF13E,简,出库,30050,拣货
GaSELLeGr,灰色 品牌08 大号 游戏椅（皮革）,游戏椅,品牌08,大号,皮革,灰色,16*1*1,16,DH40B,简,出库,30066,拣货
CuTE12FiWh,白色 品牌04 1200 储物柜（文件收纳）,储物柜,品牌04,1200,文件收纳,白色,8*1*1,8,AQ48D,劳拉,出库,30024,拣货
CuRG90LoBl,黑色 品牌03 900 储物柜（储物锁柜）,储物柜,品牌03,900,储物锁柜,黑色,8*1*1,8,DN64H,简,出库,30058,拣货
SPRe24WaWh,白色 品牌22 24 触控笔（水彩）,触控笔,品牌22,24,水彩,白色,48*10*5,2400,BR58H,艾米,出库,30005,拣货
CuTE12SlBe,米色 品牌04 1200 储物柜（滑动式）,储物柜,品牌04,1200,滑动式,米色,8*1*1,2,BJ07G,莎拉,出库,30051,拣货
KeHc35WiBl,黑色 品牌09 350 键盘（有线）,键盘,品牌09,350,有线,黑色,16*10*1,160,AX59B,克里斯,出库,30089,拣货
TVGL654KBl,黑色 品牌31 65英寸 电视机（超高清）,电视机,品牌31,65英寸,超高清,黑色,8*1*1,8,DG97G,迈克,出库,30076,拣货
PrSoA3MoMi,混合色 品牌25 三号纸 打印机（黑白）,打印机,品牌25,三号纸,黑白,混合色,16*1*1,2,AL33E,约翰,出库,30070,拣货
GaAESLeGr,灰色 品牌05 小号 游戏椅（皮革）,游戏椅,品牌05,小号,皮革,灰色,16*1*1,16,BK97G,约翰,出库,30044,拣货
KeRe27WiNa,藏青色 品牌10 270 键盘（有线）,键盘,品牌10,270,有线,藏青色,16*10*1,160,BS76E,克里斯,出库,30005,拣货
AlSu15i5Gr,灰色 品牌11 15英寸 一体机（第5代处理器）,一体机,品牌11,15英寸,第5代处理器,灰色,16*1*1,16,CW10B,简,出库,30061,拣货
OfXELLeWh,白色 品牌06 大号 办公椅（皮革）,办公椅,品牌06,大号,皮革,白色,16*1*1,5,AW64G,迈克,出库,30061,拣货
LaRe15i5Wh,白色 品牌14 15英寸 笔记本电脑（第5代处理器）,笔记本电脑,品牌14,15英寸,第5代处理器,白色,16*1*1,16,CK34G,简,出库,30073,拣货
CaQE90FiWh,白色 品牌01 900 文件柜（文件收纳）,文件柜,品牌01,900,文件收纳,白色,8*1*1,8,CJ71A,克里斯,出库,30073,拣货
TVYn50S4Si,银色 品牌15 50英寸 电视机（超级超高清）,电视机,品牌15,50英寸,超级超高清,银色,8*1*1,8,BL79B,克里斯,出库,30086,拣货
CuQE12SlGr,灰色 品牌01 1200 储物柜（滑动式）,储物柜,品牌01,1200,滑动式,灰色,8*1*1,8,DM33D,艾米丽,出库,30084,拣货
TVEs42FHBl,黑色 品牌32 42英寸 电视机（全高清）,电视机,品牌32,42英寸,全高清,黑色,8*1*1,8,DM57B,迈克,出库,30023,拣货
TVGL75FHGr,灰色 品牌31 75英寸 电视机（全高清）,电视机,品牌31,75英寸,全高清,灰色,8*1*1,2,CT37F,约翰,出库,30096,拣货
KeSu35ErWh,白色 品牌11 350 键盘（人体工学）,键盘,品牌11,350,人体工学,白色,16*10*1,96,AT48B,克里斯,出库,30078,拣货
CuQE90DoGr,灰色 品牌01 900 储物柜（带门式）,储物柜,品牌01,900,带门式,灰色,8*1*1,8,CO55E,简,出库,30093,拣货
GaAEMErWh,白色 品牌05 中号 游戏椅（人体工学）,游戏椅,品牌05,中号,人体工学,白色,16*1*1,16,DT38D,艾米,出库,30032,拣货
NoScA4ruWh,白色 品牌17 四号纸 笔记本（横线）,笔记本,品牌17,四号纸,横线,白色,48*10*5,508,BJ63E,约翰,出库,30029,拣货
LaYn1716Bl,黑色 品牌15 17英寸 笔记本电脑（16吉字节内存）,笔记本电脑,品牌15,17英寸,16吉字节内存,黑色,16*1*1,16,AQ77C,亚历克斯,出库,30009,拣货
PrSoA4MoGr,灰色 品牌25 四号纸 打印机（黑白）,打印机,品牌25,四号纸,黑白,灰色,16*1*1,16,CN11A,约翰,出库,30099,拣货
MoRe27BlPi,粉色 品牌10 270 鼠标（蓝牙）,鼠标,品牌10,270,蓝牙,粉色,16*10*1,160,AT75G,亚历克斯,出库,30095,拣货
PrNoA2WiWh,白色 品牌26 二号纸 打印机（无线网络）,打印机,品牌26,二号纸,无线网络,白色,16*1*1,14,CQ79A,艾米,出库,30022,拣货
GaSELErWh,白色 品牌08 大号 游戏椅（人体工学）,游戏椅,品牌08,大号,人体工学,白色,16*1*1,7,DI63H,莎拉,出库,30044,拣货
GaSELErWh,白色 品牌08 大号 游戏椅（人体工学）,游戏椅,品牌08,大号,人体工学,白色,16*1*1,16,DU48E,艾米丽,出库,30030,拣货
PeGi24HeGr,灰色 品牌21 24 铅笔（六角形）,铅笔,品牌21,24,六角形,灰色,48*10*5,2400,BF24D,劳拉,出库,30067,拣货
MoHc27MePi,粉色 品牌09 270 鼠标（机械式）,鼠标,品牌09,270,机械式,粉色,16*10*1,45,DJ59C,迈克,出库,30061,拣货
OfOGSErWh,白色 品牌07 小号 办公椅（人体工学）,办公椅,品牌07,小号,人体工学,白色,16*1*1,16,CK40F,克里斯,出库,30034,拣货
PrSoA3MoBl,黑色 品牌25 三号纸 打印机（黑白）,打印机,品牌25,三号纸,黑白,黑色,16*1*1,16,BG47H,简,出库,30027,拣货
AlOv1516Gr,灰色 品牌13 15英寸 一体机（16吉字节内存）,一体机,品牌13,15英寸,16吉字节内存,灰色,16*1*1,16,AG37F,艾米丽,出库,30096,拣货
MoSu45BlBl,黑色 品牌11 450 鼠标（蓝牙）,鼠标,品牌11,450,蓝牙,黑色,16*10*1,14,DJ84D,艾米丽,出库,30045,拣货
CuWE90LoBe,米色 品牌02 900 储物柜（储物锁柜）,储物柜,品牌02,900,储物锁柜,米色,8*1*1,7,AU43E,大卫,出库,30029,拣货
TVYn65S4Gr,灰色 品牌15 65英寸 电视机（超级超高清）,电视机,品牌15,65英寸,超级超高清,灰色,8*1*1,2,CG35E,艾米丽,出库,30080,拣货
LaPH1532Gr,灰色 品牌12 15英寸 笔记本电脑（32吉字节内存）,笔记本电脑,品牌12,15英寸,32吉字节内存,灰色,16*1*1,16,BL10A,约翰,出库,30064,拣货
LaRe1516Gr,灰色 品牌14 15英寸 笔记本电脑（16吉字节内存）,笔记本电脑,品牌14,15英寸,16吉字节内存,灰色,16*1*1,12,AF81F,简,出库,30035,拣货
KeRe45BlBl,黑色 品牌10 450 键盘（蓝牙）,键盘,品牌10,450,蓝牙,黑色,16*10*1,151,BL30C,约翰,出库,30096,拣货
MoHc35WiPi,粉色 品牌09 350 鼠标（有线）,鼠标,品牌09,350,有线,粉色,16*10*1,160,CU86F,艾米,出库,30060,拣货
GaXESLeBl,黑色 品牌06 小号 游戏椅（皮革）,游戏椅,品牌06,小号,皮革,黑色,16*1*1,16,AW36D,迈克,出库,30068,拣货
DrRG90LoBe,米色 品牌03 900 抽屉柜（储物锁柜）,抽屉柜,品牌03,900,储物锁柜,米色,8*1*1,4,CW42A,克里斯,出库,30016,拣货
CaTE90FiWh,白色 品牌04 900 文件柜（文件收纳）,文件柜,品牌04,900,文件收纳,白色,8*1*1,8,CN61A,亚历克斯,出库,30035,拣货
TVYn32S4Wh,白色 品牌15 32英寸 电视机（超级超高清）,电视机,品牌15,32英寸,超级超高清,白色,8*1*1,4,DY76B,约翰,出库,30053,拣货
PrPHA4InGr,灰色 品牌12 四号纸 打印机（喷墨）,打印机,品牌12,四号纸,喷墨,灰色,16*1*1,4,CM19H,亚历克斯,出库,30025,拣货
TVGL32S4Bl,黑色 品牌31 32英寸 电视机（超级超高清）,电视机,品牌31,32英寸,超级超高清,黑色,8*1*1,8,AF97F,大卫,出库,30002,拣货
PeAl50WaGr,灰色 品牌20 50 铅笔（水彩）,铅笔,品牌20,50,水彩,灰色,48*10*5,2400,AS08C,亚历克斯,出库,30061,拣货
PeAl50SoWh,白色 品牌20 50 铅笔（可溶性）,铅笔,品牌20,50,可溶性,白色,48*10*5,562,AY21E,克里斯,出库,30015,拣货
LaYn14i7Si,银色 品牌15 14英寸 笔记本电脑（第7代处理器）,笔记本电脑,品牌15,14英寸,第7代处理器,银色,16*1*1,16,BZ29C,克里斯,出库,30097,拣货
SPAl24SoGr,灰色 品牌20 24 触控笔（可溶性）,触控笔,品牌20,24,可溶性,灰色,48*10*5,2400,AM43B,大卫,出库,30028,拣货
OfSESHePi,粉色 品牌08 小号 办公椅（头枕）,办公椅,品牌08,小号,头枕,粉色,16*1*1,16,AY13G,克里斯,出库,30053,拣货
MoHc45MeWh,白色 品牌09 450 鼠标（机械式）,鼠标,品牌09,450,机械式,白色,16*10*1,160,BM77H,艾米,出库,30059,拣货
TaTR18AuSi,银色 品牌29 1800 桌子（自动调节）,桌子,品牌29,1800,自动调节,银色,8*1*1,6,BM14G,克里斯,出库,30037,拣货
KeSu27BlPi,粉色 品牌11 270 键盘（蓝牙）,键盘,品牌11,270,蓝牙,粉色,16*10*1,129,DL26A,迈克,出库,30095,拣货
TaCI15WoGr,灰色 品牌27 1500 桌子（工作站）,桌子,品牌27,1500,工作站,灰色,8*1*1,8,DR43E,克里斯,出库,30006,拣货
TVEs42FHBl,黑色 品牌32 42英寸 电视机（全高清）,电视机,品牌32,42英寸,全高清,黑色,8*1*1,8,DM13G,大卫,出库,30023,拣货
MoHc35BlWh,白色 品牌09 350 鼠标（蓝牙）,鼠标,品牌09,350,蓝牙,白色,16*10*1,160,BS19F,约翰,出库,30079,拣货
NoExA4doBl,黑色 品牌16 四号纸 笔记本（点阵）,笔记本,品牌16,四号纸,点阵,黑色,48*10*5,2400,CM12C,劳拉,出库,30059,拣货
TaCI18FrBl,黑色 品牌27 1800 桌子（框架式）,桌子,品牌27,1800,框架式,黑色,8*1*1,8,AT54B,莎拉,出库,30028,拣货
AlOv1532Bl,黑色 品牌13 15英寸 一体机（32吉字节内存）,一体机,品牌13,15英寸,32吉字节内存,黑色,16*1*1,3,BS44D,迈克,出库,30022,拣货
LaYn1716Wh,白色 品牌15 17英寸 笔记本电脑（16吉字节内存）,笔记本电脑,品牌15,17英寸,16吉字节内存,白色,16*1*1,4,DQ04A,亚历克斯,出库,30002,拣货
CuWE90SlBe,米色 品牌02 900 储物柜（滑动式）,储物柜,品牌02,900,滑动式,米色,8*1*1,8,DW67D,亚历克斯,出库,30023,拣货
TaTR15AdGr,灰色 品牌29 1500 桌子（可调节）,桌子,品牌29,1500,可调节,灰色,8*1*1,8,AM31D,大卫,出库,30078,拣货
AlYn1732Wh,白色 品牌15 17英寸 一体机（32吉字节内存）,一体机,品牌15,17英寸,32吉字节内存,白色,16*1*1,5,CO37A,劳拉,出库,30088,拣货
CaRG18SlGr,灰色 品牌03 1800 文件柜（滑动式）,文件柜,品牌03,1800,滑动式,灰色,8*1*1,2,BM62B,克里斯,出库,30062,拣货
MoRe27WiBl,黑色 品牌10 270 鼠标（有线）,鼠标,品牌10,270,有线,黑色,16*10*1,146,AI53E,简,出库,30062,拣货
CaWE12FiGr,灰色 品牌02 1200 文件柜（文件收纳）,文件柜,品牌02,1200,文件收纳,灰色,8*1*1,8,AP06F,简,出库,30059,拣货
TVYn654KGr,灰色 品牌15 65英寸 电视机（超高清）,电视机,品牌15,65英寸,超高清,灰色,8*1*1,8,BF76E,莎拉,出库,30063,拣货
KeHc45MeNa,藏青色 品牌09 450 键盘（机械式）,键盘,品牌09,450,机械式,藏青色,16*10*1,33,CF43E,克里斯,出库,30077,拣货
LaSu15i7Gr,灰色 品牌11 15英寸 笔记本电脑（第7代处理器）,笔记本电脑,品牌11,15英寸,第7代处理器,灰色,16*1*1,16,CT67F,克里斯,出库,30078,拣货
AlSu1416Si,银色 品牌11 14英寸 一体机（16吉字节内存）,一体机,品牌11,14英寸,16吉字节内存,银色,16*1*1,8,DN32E,莎拉,出库,30072,拣货
CuRG18DoBl,黑色 品牌03 1800 储物柜（带门式）,储物柜,品牌03,1800,带门式,黑色,8*1*1,8,CL25B,大卫,出库,30095,拣货
AlPH1516Wh,白色 品牌12 15英寸 一体机（16吉字节内存）,一体机,品牌12,15英寸,16吉字节内存,白色,16*1*1,15,AK81G,简,出库,30047,拣货
AlYn148GBl,黑色 品牌15 14英寸 一体机（8吉字节内存）,一体机,品牌15,14英寸,8吉字节内存,黑色,16*1*1,4,DR74B,莎拉,出库,30089,拣货
SPNa50HeGr,灰色 品牌23 50 触控笔（六角形）,触控笔,品牌23,50,六角形,灰色,48*10*5,2400,CN26D,克里斯,出库,30036,拣货
LaRe1416Gr,灰色 品牌14 14英寸 笔记本电脑（16吉字节内存）,笔记本电脑,品牌14,14英寸,16吉字节内存,灰色,16*1*1,5,CF30C,迈克,出库,30089,拣货
PeNa12WaBl,黑色 品牌23 12 铅笔（水彩）,铅笔,品牌23,12,水彩,黑色,48*10*5,962,AZ92F,大卫,出库,30042,拣货
PrSoA3WiWh,白色 品牌25 三号纸 打印机（无线网络）,打印机,品牌25,三号纸,无线网络,白色,16*1*1,12,DY39F,亚历克斯,出库,30057,拣货
KeSu35ErNa,藏青色 品牌11 350 键盘（人体工学）,键盘,品牌11,350,人体工学,藏青色,16*10*1,160,CM46F,艾米,出库,30097,拣货
SPGi24HeBl,黑色 品牌21 24 触控笔（六角形）,触控笔,品牌21,24,六角形,黑色,48*10*5,445,BI76C,艾米丽,出库,30041,拣货
TVEs75S4Wh,白色 品牌32 75英寸 电视机（超级超高清）,电视机,品牌32,75英寸,超级超高清,白色,8*1*1,2,DX41E,艾米,出库,30036,拣货
LaOv178GBl,黑色 品牌13 17英寸 笔记本电脑（8吉字节内存）,笔记本电脑,品牌13,17英寸,8吉字节内存,黑色,16*1*1,14,DM71C,迈克,出库,30044,拣货
AlOv1516Bl,黑色 品牌13 15英寸 一体机（16吉字节内存）,一体机,品牌13,15英寸,16吉字节内存,黑色,16*1*1,5,AK64D,迈克,出库,30039,拣货
PeRe12HeGr,灰色 品牌22 12 铅笔（六角形）,铅笔,品牌22,12,六角形,灰色,48*10*5,1739,CO76E,简,出库,30089,拣货
CuRG18LoBe,米色 品牌03 1800 储物柜（储物锁柜）,储物柜,品牌03,1800,储物锁柜,米色,8*1*1,8,BZ41B,莎拉,出库,30092,拣货
TVGn42SFWh,白色 品牌30 42英寸 电视机（超级全高清）,电视机,品牌30,42英寸,超级全高清,白色,8*1*1,8,CO32A,克里斯,出库,30068,拣货
LaPH178GWh,白色 品牌12 17英寸 笔记本电脑（8吉字节内存）,笔记本电脑,品牌12,17英寸,8吉字节内存,白色,16*1*1,10,CK37G,约翰,出库,30058,拣货
TVGL75S4Wh,白色 品牌31 75英寸 电视机（超级超高清）,电视机,品牌31,75英寸,超级超高清,白色,8*1*1,8,DJ75C,大卫,出库,30031,拣货
MoSu45WiPi,粉色 品牌11 450 鼠标（有线）,鼠标,品牌11,450,有线,粉色,16*10*1,2,AV83C,简,出库,30026,拣货
MoPH45WiNa,藏青色 品牌12 450 鼠标（有线）,鼠标,品牌12,450,有线,藏青色,16*10*1,160,DY73F,约翰,出库,30068,拣货
PeNa50SoGr,灰色 品牌23 50 铅笔（可溶性）,铅笔,品牌23,50,可溶性,灰色,48*10*5,361,CG94G,亚历克斯,出库,30042,拣货
PeAl12SoGr,灰色 品牌20 12 铅笔（可溶性）,铅笔,品牌20,12,可溶性,灰色,48*10*5,1084,BP18F,艾米,出库,30032,拣货
KeSu45WiNa,藏青色 品牌11 450 键盘（有线）,键盘,品牌11,450,有线,藏青色,16*10*1,160,DZ55G,莎拉,出库,30013,拣货
CuTE90LoGr,灰色 品牌04 900 储物柜（储物锁柜）,储物柜,品牌04,900,储物锁柜,灰色,8*1*1,8,BW38B,亚历克斯,出库,30035,拣货
KeHc45BlBl,黑色 品牌09 450 键盘（蓝牙）,键盘,品牌09,450,蓝牙,黑色,16*10*1,160,DO68E,约翰,出库,30084,拣货
CuRG12FiWh,白色 品牌03 1200 储物柜（文件收纳）,储物柜,品牌03,1200,文件收纳,白色,8*1*1,8,BM86A,约翰,出库,30036,拣货
OfOGLErBl,黑色 品牌07 大号 办公椅（人体工学）,办公椅,品牌07,大号,人体工学,黑色,16*1*1,14,DY04F,莎拉,出库,30077,拣货
AlRe178GWh,白色 品牌14 17英寸 一体机（8吉字节内存）,一体机,品牌14,17英寸,8吉字节内存,白色,16*1*1,16,AR62A,艾米丽,出库,30037,拣货
AlOv1532Gr,灰色 品牌13 15英寸 一体机（32吉字节内存）,一体机,品牌13,15英寸,32吉字节内存,灰色,16*1*1,7,CW57C,劳拉,出库,30078,拣货
LaRe15i7Gr,灰色 品牌14 15英寸 笔记本电脑（第7代处理器）,笔记本电脑,品牌14,15英寸,第7代处理器,灰色,16*1*1,5,AF72A,大卫,出库,30002,拣货
OfSELHePi,粉色 品牌08 大号 办公椅（头枕）,办公椅,品牌08,大号,头枕,粉色,16*1*1,16,CO36C,克里斯,出库,30057,拣货
LaPH14i7Si,银色 品牌12 14英寸 笔记本电脑（第7代处理器）,笔记本电脑,品牌12,14英寸,第7代处理器,银色,16*1*1,7,DL75G,亚历克斯,出库,30097,拣货
SPRe50HeGr,灰色 品牌22 50 触控笔（六角形）,触控笔,品牌22,50,六角形,灰色,48*10*5,1958,DV46G,简,出库,30016,拣货
CuWE18FiGr,灰色 品牌02 1800 储物柜（文件收纳）,储物柜,品牌02,1800,文件收纳,灰色,8*1*1,3,BF08H,亚历克斯,出库,30099,拣货
CaWE18DoBe,米色 品牌02 1800 文件柜（带门式）,文件柜,品牌02,1800,带门式,米色,8*1*1,8,CO59E,克里斯,出库,30039,拣货
CuRG90SlBl,黑色 品牌03 900 储物柜（滑动式）,储物柜,品牌03,900,滑动式,黑色,8*1*1,8,DM89A,亚历克斯,出库,30078,拣货
TVYn50SFBl,黑色 品牌15 50英寸 电视机（超级全高清）,电视机,品牌15,50英寸,超级全高清,黑色,8*1*1,8,BI56D,艾米,出库,30024,拣货
PrPHA2AlBl,黑色 品牌12 二号纸 打印机（一体式）,打印机,品牌12,二号纸,一体式,黑色,16*1*1,1,CU62E,艾米丽,出库,30085,拣货
LaPH14i7Bl,黑色 品牌12 14英寸 笔记本电脑（第7代处理器）,笔记本电脑,品牌12,14英寸,第7代处理器,黑色,16*1*1,9,BV18C,大卫,出库,30063,拣货
TVGn42SFWh,白色 品牌30 42英寸 电视机（超级全高清）,电视机,品牌30,42英寸,超级全高清,白色,8*1*1,4,CL87H,亚历克斯,出库,30090,拣货
CaQE90FiWh,白色 品牌01 900 文件柜（文件收纳）,文件柜,品牌01,900,文件收纳,白色,8*1*1,8,AR37F,莎拉,出库,30047,拣货
PrNoA2MoBl,黑色 品牌26 二号纸 打印机（黑白）,打印机,品牌26,二号纸,黑白,黑色,16*1*1,6,AN48D,迈克,出库,30069,拣货
NoExA3liBl,黑色 品牌16 三号纸 笔记本（线条）,笔记本,品牌16,三号纸,线条,黑色,48*10*5,2400,CF90E,约翰,出库,30009,拣货
OfSESHeGr,灰色 品牌08 小号 办公椅（头枕）,办公椅,品牌08,小号,头枕,灰色,16*1*1,16,DL71A,莎拉,出库,30067,拣货
OfXELAdPi,粉色 品牌06 大号 办公椅（可调节）,办公椅,品牌06,大号,可调节,粉色,16*1*1,16,DL59F,亚历克斯,出库,30018,拣货
PrNoA4AlBl,黑色 品牌26 四号纸 打印机（一体式）,打印机,品牌26,四号纸,一体式,黑色,16*1*1,16,CS41A,劳拉,出库,30055,拣货
OfOGMLeBl,黑色 品牌07 中号 办公椅（皮革）,办公椅,品牌07,中号,皮革,黑色,16*1*1,16,BY64F,大卫,出库,30009,拣货
DrTE18FiGr,灰色 品牌04 1800 抽屉柜（文件收纳）,抽屉柜,品牌04,1800,文件收纳,灰色,8*1*1,8,CO75B,约翰,出库,30012,拣货
SPGi24HePi,粉色 品牌21 24 触控笔（六角形）,触控笔,品牌21,24,六角形,粉色,48*10*5,2400,CW55C,亚历克斯,出库,30071,拣货
AlYn14i5Gr,灰色 品牌15 14英寸 一体机（第5代处理器）,一体机,品牌15,14英寸,第5代处理器,灰色,16*1*1,16,BR24B,克里斯,出库,30088,拣货
TaTR18AuSi,银色 品牌29 1800 桌子（自动调节）,桌子,品牌29,1800,自动调节,银色,8*1*1,8,AF88H,艾米,出库,30014,拣货
TVGL50S4Gr,灰色 品牌31 50英寸 电视机（超级超高清）,电视机,品牌31,50英寸,超级超高清,灰色,8*1*1,8,AM72F,简,出库,30047,拣货
DrQE12LoGr,灰色 品牌01 1200 抽屉柜（储物锁柜）,抽屉柜,品牌01,1200,储物锁柜,灰色,8*1*1,8,BR39E,艾米丽,出库,30051,拣货
AlOv1732Wh,白色 品牌13 17英寸 一体机（32吉字节内存）,一体机,品牌13,17英寸,32吉字节内存,白色,16*1*1,3,AI94C,亚历克斯,出库,30012,拣货
LaPH158GGr,灰色 品牌12 15英寸 笔记本电脑（8吉字节内存）,笔记本电脑,品牌12,15英寸,8吉字节内存,灰色,16*1*1,10,DF85B,克里斯,出库,30050,拣货
TaAE15AuGr,灰色 品牌05 1500 桌子（自动调节）,桌子,品牌05,1500,自动调节,灰色,8*1*1,8,DI50D,艾米丽,出库,30082,拣货
PrSoA4MoWh,白色 品牌25 四号纸 打印机（黑白）,打印机,品牌25,四号纸,黑白,白色,16*1*1,10,DS46B,大卫,出库,30064,拣货
TVYn75SFBl,黑色 品牌15 75英寸 电视机（超级全高清）,电视机,品牌15,75英寸,超级全高清,黑色,8*1*1,8,AZ44H,克里斯,出库,30056,拣货
PrPHA2LaGr,灰色 品牌12 二号纸 打印机（激光）,打印机,品牌12,二号纸,激光,灰色,16*1*1,16,CX81G,莎拉,出库,30091,拣货
GaAESAdWh,白色 品牌05 小号 游戏椅（可调节）,游戏椅,品牌05,小号,可调节,白色,16*1*1,14,BQ07F,大卫,出库,30031,拣货
GaSEMHeWh,白色 品牌08 中号 游戏椅（头枕）,游戏椅,品牌08,中号,头枕,白色,16*1*1,15,BZ84H,迈克,出库,30097,拣货
NoScA4ruBl,黑色 品牌17 四号纸 笔记本（横线）,笔记本,品牌17,四号纸,横线,黑色,48*10*5,1814,CZ31D,迈克,出库,30024,拣货
CaWE12LoBl,黑色 品牌02 1200 文件柜（储物锁柜）,文件柜,品牌02,1200,储物锁柜,黑色,8*1*1,4,AR56F,简,出库,30020,拣货
LaSu158GSi,银色 品牌11 15英寸 笔记本电脑（8吉字节内存）,笔记本电脑,品牌11,15英寸,8吉字节内存,银色,16*1*1,16,CI29D,简,出库,30077,拣货
LaSu158GWh,白色 品牌11 15英寸 笔记本电脑（8吉字节内存）,笔记本电脑,品牌11,15英寸,8吉字节内存,白色,16*1*1,16,CT49D,劳拉,出库,30037,拣货
SPNa50SoWh,白色 品牌23 50 触控笔（可溶性）,触控笔,品牌23,50,可溶性,白色,48*10*5,168,CV69A,克里斯,出库,30006,拣货
PrPHA3InWh,白色 品牌12 三号纸 打印机（喷墨）,打印机,品牌12,三号纸,喷墨,白色,16*1*1,16,DN23C,艾米丽,出库,30025,拣货
MoHc35BlWh,白色 品牌09 350 鼠标（蓝牙）,鼠标,品牌09,350,蓝牙,白色,16*10*1,160,DW08E,迈克,出库,30068,拣货
KeHc27MePi,粉色 品牌09 270 键盘（机械式）,键盘,品牌09,270,机械式,粉色,16*10*1,56,DN94C,艾米,出库,30015,拣货
CuQE18SlBe,米色 品牌01 1800 储物柜（滑动式）,储物柜,品牌01,1800,滑动式,米色,8*1*1,5,CF05G,迈克,出库,30019,拣货
SPAl50HeGr,灰色 品牌20 50 触控笔（六角形）,触控笔,品牌20,50,六角形,灰色,48*10*5,2400,CM49F,迈克,出库,30016,拣货
PeRe24SoGr,灰色 品牌22 24 铅笔（可溶性）,铅笔,品牌22,24,可溶性,灰色,48*10*5,1944,DP14B,亚历克斯,出库,30003,拣货
LaSu148GGr,灰色 品牌11 14英寸 笔记本电脑（8吉字节内存）,笔记本电脑,品牌11,14英寸,8吉字节内存,灰色,16*1*1,6,AS38E,约翰,出库,30029,拣货
CaWE90DoBl,黑色 品牌02 900 文件柜（带门式）,文件柜,品牌02,900,带门式,黑色,8*1*1,5,AK93C,艾米,出库,30094,拣货
NoMuA5ruGr,灰色 品牌19 五号纸 笔记本（横线）,笔记本,品牌19,五号纸,横线,灰色,48*10*5,462,BF46D,简,出库,30084,拣货
TaTR15AdWh,白色 品牌29 1500 桌子（可调节）,桌子,品牌29,1500,可调节,白色,8*1*1,8,CU56D,莎拉,出库,30046,拣货
PeRe50SoWh,白色 品牌22 50 铅笔（可溶性）,铅笔,品牌22,50,可溶性,白色,48*10*5,2400,BR75G,亚历克斯,出库,30050,拣货
TVYn32SFWh,白色 品牌15 32英寸 电视机（超级全高清）,电视机,品牌15,32英寸,超级全高清,白色,8*1*1,8,CL39D,亚历克斯,出库,30062,拣货
LaYn17i5Wh,白色 品牌15 17英寸 笔记本电脑（第5代处理器）,笔记本电脑,品牌15,17英寸,第5代处理器,白色,16*1*1,16,BL61G,亚历克斯,出库,30052,拣货
NoMuA3liGr,灰色 品牌19 三号纸 笔记本（线条）,笔记本,品牌19,三号纸,线条,灰色,48*10*5,2400,DV01D,艾米,出库,30012,拣货
GaXESLeGr,灰色 品牌06 小号 游戏椅（皮革）,游戏椅,品牌06,小号,皮革,灰色,16*1*1,16,CG07G,艾米丽,出库,30028,拣货
GaXELLeBl,黑色 品牌06 大号 游戏椅（皮革）,游戏椅,品牌06,大号,皮革,黑色,16*1*1,16,AL79A,大卫,出库,30043,拣货
AlSu1532Wh,白色 品牌11 15英寸 一体机（32吉字节内存）,一体机,品牌11,15英寸,32吉字节内存,白色,16*1*1,8,CR53F,迈克,出库,30089,拣货
LaSu158GSi,银色 品牌11 15英寸 笔记本电脑（8吉字节内存）,笔记本电脑,品牌11,15英寸,8吉字节内存,银色,16*1*1,16,CQ31C,劳拉,出库,30017,拣货
CuRG12LoBl,黑色 品牌03 1200 储物柜（储物锁柜）,储物柜,品牌03,1200,储物锁柜,黑色,8*1*1,8,AY03E,克里斯,出库,30083,拣货
TVGn50S4Wh,白色 品牌30 50英寸 电视机（超级超高清）,电视机,品牌30,50英寸,超级超高清,白色,8*1*1,4,BT14G,简,出库,30014,拣货
PrReA3MoMi,混合色 品牌24 三号纸 打印机（黑白）,打印机,品牌24,三号纸,黑白,混合色,16*1*1,16,DU75G,大卫,出库,30071,拣货
MoPH45WiBl,黑色 品牌12 450 鼠标（有线）,鼠标,品牌12,450,有线,黑色,16*10*1,160,AN06F,劳拉,出库,30065,拣货
CuQE90LoGr,灰色 品牌01 900 储物柜（储物锁柜）,储物柜,品牌01,900,储物锁柜,灰色,8*1*1,8,AI25G,迈克,出库,30091,拣货
SPRe12SoPi,粉色 品牌22 12 触控笔（可溶性）,触控笔,品牌22,12,可溶性,粉色,48*10*5,2400,CW42B,劳拉,出库,30021,拣货
TVGL32FHSi,银色 品牌31 32英寸 电视机（全高清）,电视机,品牌31,32英寸,全高清,银色,8*1*1,3,DI68C,简,出库,30086,拣货
DrTE90LoWh,白色 品牌04 900 抽屉柜（储物锁柜）,抽屉柜,品牌04,900,储物锁柜,白色,8*1*1,4,AH69E,简,出库,30059,拣货
GaSELAdWh,白色 品牌08 大号 游戏椅（可调节）,游戏椅,品牌08,大号,可调节,白色,16*1*1,16,BW28G,亚历克斯,出库,30046,拣货
LaYn158GGr,灰色 品牌15 15英寸 笔记本电脑（8吉字节内存）,笔记本电脑,品牌15,15英寸,8吉字节内存,灰色,16*1*1,15,DM90B,约翰,出库,30079,拣货
CaTE90SlGr,灰色 品牌04 900 文件柜（滑动式）,文件柜,品牌04,900,滑动式,灰色,8*1*1,8,CP79G,莎拉,出库,30038,拣货
PrSoA3InWh,白色 品牌25 三号纸 打印机（喷墨）,打印机,品牌25,三号纸,喷墨,白色,16*1*1,12,BL04H,艾米,出库,30061,拣货
TVGn424KBl,黑色 品牌30 42英寸 电视机（超高清）,电视机,品牌30,42英寸,超高清,黑色,8*1*1,1,CU48A,艾米丽,出库,30092,拣货
LaRe1516Bl,黑色 品牌14 15英寸 笔记本电脑（16吉字节内存）,笔记本电脑,品牌14,15英寸,16吉字节内存,黑色,16*1*1,14,BU31A,艾米,出库,30091,拣货
TaAE15AuSi,银色 品牌05 1500 桌子（自动调节）,桌子,品牌05,1500,自动调节,银色,8*1*1,2,DW01A,亚历克斯,出库,30052,拣货
SPAl24WaBl,黑色 品牌20 24 触控笔（水彩）,触控笔,品牌20,24,水彩,黑色,48*10*5,2400,BP74G,克里斯,出库,30088,拣货
OfSELErPi,粉色 品牌08 大号 办公椅（人体工学）,办公椅,品牌08,大号,人体工学,粉色,16*1*1,16,BN35E,艾米丽,出库,30022,拣货
AlPH1516Bl,黑色 品牌12 15英寸 一体机（16吉字节内存）,一体机,品牌12,15英寸,16吉字节内存,黑色,16*1*1,16,CF58C,莎拉,出库,30084,拣货
DrQE12SlGr,灰色 品牌01 1200 抽屉柜（滑动式）,抽屉柜,品牌01,1200,滑动式,灰色,8*1*1,8,DL23H,大卫,出库,30046,拣货
AlYn1716Wh,白色 品牌15 17英寸 一体机（16吉字节内存）,一体机,品牌15,17英寸,16吉字节内存,白色,16*1*1,16,DO40G,艾米,出库,30088,拣货
OfAEMLeBl,黑色 品牌05 中号 办公椅（皮革）,办公椅,品牌05,中号,皮革,黑色,16*1*1,16,AL89A,艾米,出库,30023,拣货
PeAl24HePi,粉色 品牌20 24 铅笔（六角形）,铅笔,品牌20,24,六角形,粉色,48*10*5,2400,BO85H,迈克,出库,30045,拣货
KeRe27ErBl,黑色 品牌10 270 键盘（人体工学）,键盘,品牌10,270,人体工学,黑色,16*10*1,88,AS91D,莎拉,出库,30030,拣货
LaYn15i5Gr,灰色 品牌15 15英寸 笔记本电脑（第5代处理器）,笔记本电脑,品牌15,15英寸,第5代处理器,灰色,16*1*1,16,DP92H,亚历克斯,出库,30022,拣货
TVGn75S4Bl,黑色 品牌30 75英寸 电视机（超级超高清）,电视机,品牌30,75英寸,超级超高清,黑色,8*1*1,8,AM72D,迈克,出库,30005,拣货
PeNa12HeGr,灰色 品牌23 12 铅笔（六角形）,铅笔,品牌23,12,六角形,灰色,48*10*5,599,DO66A,艾米,出库,30065,拣货
OfXELAdBl,黑色 品牌06 大号 办公椅（可调节）,办公椅,品牌06,大号,可调节,黑色,16*1*1,13,BU97E,劳拉,出库,30095,拣货
LaRe1416Wh,白色 品牌14 14英寸 笔记本电脑（16吉字节内存）,笔记本电脑,品牌14,14英寸,16吉字节内存,白色,16*1*1,16,DR65F,艾米丽,出库,30093,拣货
SPNa12SoBl,黑色 品牌23 12 触控笔（可溶性）,触控笔,品牌23,12,可溶性,黑色,48*10*5,788,BM95E,莎拉,出库,30032,拣货
TVEs65S4Wh,白色 品牌32 65英寸 电视机（超级超高清）,电视机,品牌32,65英寸,超级超高清,白色,8*1*1,8,AH29G,艾米,出库,30044,拣货
PeAl12HePi,粉色 品牌20 12 铅笔（六角形）,铅笔,品牌20,12,六角形,粉色,48*10*5,1042,BU75A,简,出库,30036,拣货
PrReA2MoWh,白色 品牌24 二号纸 打印机（黑白）,打印机,品牌24,二号纸,黑白,白色,16*1*1,9,AM38B,简,出库,30037,拣货
LaPH1416Si,银色 品牌12 14英寸 笔记本电脑（16吉字节内存）,笔记本电脑,品牌12,14英寸,16吉字节内存,银色,16*1*1,1,CV80H,约翰,出库,30064,拣货
TaTR10AdGr,灰色 品牌28 1000 桌子（可调节）,桌子,品牌28,1000,可调节,灰色,8*1*1,3,DX28C,艾米,出库,30026,拣货
AlOv1716Wh,白色 品牌13 17英寸 一体机（16吉字节内存）,一体机,品牌13,17英寸,16吉字节内存,白色,16*1*1,6,BU21C,克里斯,出库,30078,拣货
PrSoA4MoMi,混合色 品牌25 四号纸 打印机（黑白）,打印机,品牌25,四号纸,黑白,混合色,16*1*1,16,AT41C,简,出库,30012,拣货
PeAl12HeWh,白色 品牌20 12 铅笔（六角形）,铅笔,品牌20,12,六角形,白色,48*10*5,2400,DM32D,简,出库,30091,拣货
TVEs65FHBl,黑色 品牌32 65英寸 电视机（全高清）,电视机,品牌32,65英寸,全高清,黑色,8*1*1,7,DR83D,莎拉,出库,30012,拣货
NoMuA4liBl,黑色 品牌19 四号纸 笔记本（线条）,笔记本,品牌19,四号纸,线条,黑色,48*10*5,2400,BJ54A,克里斯,出库,30077,拣货
AlPH1416Bl,黑色 品牌12 14英寸 一体机（16吉字节内存）,一体机,品牌12,14英寸,16吉字节内存,黑色,16*1*1,3,DS96F,莎拉,出库,30048,拣货
TVGn32S4Gr,灰色 品牌30 32英寸 电视机（超级超高清）,电视机,品牌30,32英寸,超级超高清,灰色,8*1*1,2,AH46C,克里斯,出库,30000,拣货
OfOGMHeGr,灰色 品牌07 中号 办公椅（头枕）,办公椅,品牌07,中号,头枕,灰色,16*1*1,2,BW22F,艾米,出库,30039,拣货
MoHc35BlNa,藏青色 品牌09 350 鼠标（蓝牙）,鼠标,品牌09,350,蓝牙,藏青色,16*10*1,148,DF92H,克里斯,出库,30052,拣货
KeSu27ErWh,白色 品牌11 270 键盘（人体工学）,键盘,品牌11,270,人体工学,白色,16*10*1,160,DT16B,大卫,出库,30070,拣货
CaWE90FiBl,黑色 品牌02 900 文件柜（文件收纳）,文件柜,品牌02,900,文件收纳,黑色,8*1*1,8,CX88C,大卫,出库,30090,拣货
SPAl12WaGr,灰色 品牌20 12 触控笔（水彩）,触控笔,品牌20,12,水彩,灰色,48*10*5,313,CJ10C,劳拉,出库,30044,拣货
LaRe1732Gr,灰色 品牌14 17英寸 笔记本电脑（32吉字节内存）,笔记本电脑,品牌14,17英寸,32吉字节内存,灰色,16*1*1,16,CO56A,劳拉,出库,30075,拣货
LaPH14i7Gr,灰色 品牌12 14英寸 笔记本电脑（第7代处理器）,笔记本电脑,品牌12,14英寸,第7代处理器,灰色,16*1*1,16,AY84G,克里斯,出库,30014,拣货
MoPH27ErPi,粉色 品牌12 270 鼠标（人体工学）,鼠标,品牌12,270,人体工学,粉色,16*10*1,160,CF20A,大卫,出库,30022,拣货
LaOv148GGr,灰色 品牌13 14英寸 笔记本电脑（8吉字节内存）,笔记本电脑,品牌13,14英寸,8吉字节内存,灰色,16*1*1,16,DG23B,莎拉,出库,30075,拣货
AlPH1532Wh,白色 品牌12 15英寸 一体机（32吉字节内存）,一体机,品牌12,15英寸,32吉字节内存,白色,16*1*1,6,BQ19G,劳拉,出库,30070,拣货
TaCI18FrBl,黑色 品牌27 1800 桌子（框架式）,桌子,品牌27,1800,框架式,黑色,8*1*1,4,AW78G,克里斯,出库,30053,拣货
AlSu1732Bl,黑色 品牌11 17英寸 一体机（32吉字节内存）,一体机,品牌11,17英寸,32吉字节内存,黑色,16*1*1,1,AO80F,亚历克斯,出库,30095,拣货
TVEs32SFSi,银色 品牌32 32英寸 电视机（超级全高清）,电视机,品牌32,32英寸,超级全高清,银色,8*1*1,8,AF10C,艾米丽,出库,30060,拣货
SPAl24SoBl,黑色 品牌20 24 触控笔（可溶性）,触控笔,品牌20,24,可溶性,黑色,48*10*5,2350,CV53E,约翰,出库,30093,拣货
NoGrA3doWh,白色 品牌18 三号纸 笔记本（点阵）,笔记本,品牌18,三号纸,点阵,白色,48*10*5,2400,CI45B,劳拉,出库,30082,拣货
SPAl50WaPi,粉色 品牌20 50 触控笔（水彩）,触控笔,品牌20,50,水彩,粉色,48*10*5,780,DV90E,迈克,出库,30025,拣货
AlYn15i5Wh,白色 品牌15 15英寸 一体机（第5代处理器）,一体机,品牌15,15英寸,第5代处理器,白色,16*1*1,16,DO42A,迈克,出库,30042,拣货
CaTE90SlWh,白色 品牌04 900 文件柜（滑动式）,文件柜,品牌04,900,滑动式,白色,8*1*1,2,DW89F,约翰,出库,30040,拣货
MoSu35MePi,粉色 品牌11 350 鼠标（机械式）,鼠标,品牌11,350,机械式,粉色,16*10*1,160,BR07A,劳拉,出库,30000,拣货
LaRe1432Gr,灰色 品牌14 14英寸 笔记本电脑（32吉字节内存）,笔记本电脑,品牌14,14英寸,32吉字节内存,灰色,16*1*1,8,DS93E,劳拉,出库,30020,拣货
AlPH1416Wh,白色 品牌12 14英寸 一体机（16吉字节内存）,一体机,品牌12,14英寸,16吉字节内存,白色,16*1*1,5,BJ01D,约翰,出库,30091,拣货
TaAE10AdSi,银色 品牌05 1000 桌子（可调节）,桌子,品牌05,1000,可调节,银色,8*1*1,4,CP63C,艾米丽,出库,30004,拣货
DrWE90FiBl,黑色 品牌02 900 抽屉柜（文件收纳）,抽屉柜,品牌02,900,文件收纳,黑色,8*1*1,8,BK38H,约翰,出库,30041,拣货
KeSu27ErWh,白色 品牌11 270 键盘（人体工学）,键盘,品牌11,270,人体工学,白色,16*10*1,160,AH95A,简,出库,30006,拣货
LaSu148GSi,银色 品牌11 14英寸 笔记本电脑（8吉字节内存）,笔记本电脑,品牌11,14英寸,8吉字节内存,银色,16*1*1,16,BR74G,克里斯,出库,30044,拣货
CuTE12DoBe,米色 品牌04 1200 储物柜（带门式）,储物柜,品牌04,1200,带门式,米色,8*1*1,8,AR18F,简,出库,30069,拣货
OfOGSHeGr,灰色 品牌07 小号 办公椅（头枕）,办公椅,品牌07,小号,头枕,灰色,16*1*1,16,BZ24B,艾米丽,出库,30075,拣货
TVYn32S4Si,银色 品牌15 32英寸 电视机（超级超高清）,电视机,品牌15,32英寸,超级超高清,银色,8*1*1,8,CN46A,莎拉,出库,30088,拣货
DrQE18DoWh,白色 品牌01 1800 抽屉柜（带门式）,抽屉柜,品牌01,1800,带门式,白色,8*1*1,8,CO41G,艾米丽,出库,30092,拣货
PrReA2AlGr,灰色 品牌24 二号纸 打印机（一体式）,打印机,品牌24,二号纸,一体式,灰色,16*1*1,16,CY45E,莎拉,出库,30016,拣货
GaSELErPi,粉色 品牌08 大号 游戏椅（人体工学）,游戏椅,品牌08,大号,人体工学,粉色,16*1*1,16,BI39E,艾米丽,出库,30072,拣货
NoExA3liBl,黑色 品牌16 三号纸 笔记本（线条）,笔记本,品牌16,三号纸,线条,黑色,48*10*5,2400,AN82H,亚历克斯,出库,30093,拣货
CaRG18FiBl,黑色 品牌03 1800 文件柜（文件收纳）,文件柜,品牌03,1800,文件收纳,黑色,8*1*1,8,CP52D,克里斯,出库,30068,拣货
LaPH1716Bl,黑色 品牌12 17英寸 笔记本电脑（16吉字节内存）,笔记本电脑,品牌12,17英寸,16吉字节内存,黑色,16*1*1,16,CG57B,劳拉,出库,30026,拣货
PeNa50WaBl,黑色 品牌23 50 铅笔（水彩）,铅笔,品牌23,50,水彩,黑色,48*10*5,2400,AQ01G,莎拉,出库,30013,拣货
TVEs32SFSi,银色 品牌32 32英寸 电视机（超级全高清）,电视机,品牌32,32英寸,超级全高清,银色,8*1*1,8,BL29A,迈克,出库,30043,拣货
DrTE12FiBe,米色 品牌04 1200 抽屉柜（文件收纳）,抽屉柜,品牌04,1200,文件收纳,米色,8*1*1,3,BM76A,艾米,出库,30024,拣货
AlRe1516Gr,灰色 品牌14 15英寸 一体机（16吉字节内存）,一体机,品牌14,15英寸,16吉字节内存,灰色,16*1*1,16,CV23G,艾米丽,出库,30079,拣货
LaRe1516Wh,白色 品牌14 15英寸 笔记本电脑（16吉字节内存）,笔记本电脑,品牌14,15英寸,16吉字节内存,白色,16*1*1,11,BK47B,约翰,出库,30060,拣货
AlYn15i5Wh,白色 品牌15 15英寸 一体机（第5代处理器）,一体机,品牌15,15英寸,第5代处理器,白色,16*1*1,16,CS63B,劳拉,出库,30059,拣货
PrPHA4AlBl,黑色 品牌12 四号纸 打印机（一体式）,打印机,品牌12,四号纸,一体式,黑色,16*1*1,16,DJ46F,简,出库,30052,拣货
DrTE18FiGr,灰色 品牌04 1800 抽屉柜（文件收纳）,抽屉柜,品牌04,1800,文件收纳,灰色,8*1*1,6,DF09D,艾米丽,出库,30077,拣货
PrSoA3AlWh,白色 品牌25 三号纸 打印机（一体式）,打印机,品牌25,三号纸,一体式,白色,16*1*1,1,BO28B,约翰,出库,30020,拣货
PrNoA2InBl,黑色 品牌26 二号纸 打印机（喷墨）,打印机,品牌26,二号纸,喷墨,黑色,16*1*1,14,DW18B,亚历克斯,出库,30057,拣货
CaQE12LoWh,白色 品牌01 1200 文件柜（储物锁柜）,文件柜,品牌01,1200,储物锁柜,白色,8*1*1,1,AG72D,简,出库,30058,拣货
AlRe17i5Gr,灰色 品牌14 17英寸 一体机（第5代处理器）,一体机,品牌14,17英寸,第5代处理器,灰色,16*1*1,16,BV46D,大卫,出库,30051,拣货
CuTE18LoGr,灰色 品牌04 1800 储物柜（储物锁柜）,储物柜,品牌04,1800,储物锁柜,灰色,8*1*1,3,CJ50C,艾米,出库,30056,拣货
TaAE15AuSi,银色 品牌05 1500 桌子（自动调节）,桌子,品牌05,1500,自动调节,银色,8*1*1,8,DQ71B,简,出库,30070,拣货
TVGn65FHSi,银色 品牌30 65英寸 电视机（全高清）,电视机,品牌30,65英寸,全高清,银色,8*1*1,3,DL54A,简,出库,30026,拣货
SPRe12WaBl,黑色 品牌22 12 触控笔（水彩）,触控笔,品牌22,12,水彩,黑色,48*10*5,2400,AV21A,亚历克斯,出库,30014,拣货
OfAEMErBl,黑色 品牌05 中号 办公椅（人体工学）,办公椅,品牌05,中号,人体工学,黑色,16*1*1,16,BG79B,亚历克斯,出库,30051,拣货
SPNa24SoGr,灰色 品牌23 24 触控笔（可溶性）,触控笔,品牌23,24,可溶性,灰色,48*10*5,2400,AS05H,艾米丽,出库,30056,拣货
PeNa24HeWh,白色 品牌23 24 铅笔（六角形）,铅笔,品牌23,24,六角形,白色,48*10*5,2400,DS40E,简,出库,30024,拣货
SPNa50HePi,粉色 品牌23 50 触控笔（六角形）,触控笔,品牌23,50,六角形,粉色,48*10*5,2400,BO71C,莎拉,出库,30043,拣货
TVYn32SFWh,白色 品牌15 32英寸 电视机（超级全高清）,电视机,品牌15,32英寸,超级全高清,白色,8*1*1,8,BM54D,简,出库,30071,拣货
TVGn50S4Wh,白色 品牌30 50英寸 电视机（超级超高清）,电视机,品牌30,50英寸,超级超高清,白色,8*1*1,8,AN92H,简,出库,30052,拣货
PrPHA2AlWh,白色 品牌12 二号纸 打印机（一体式）,打印机,品牌12,二号纸,一体式,白色,16*1*1,16,BU19F,艾米丽,出库,30016,拣货
DrWE12FiGr,灰色 品牌02 1200 抽屉柜（文件收纳）,抽屉柜,品牌02,1200,文件收纳,灰色,8*1*1,7,AR51F,亚历克斯,出库,30021,拣货
DrRG12FiGr,灰色 品牌03 1200 抽屉柜（文件收纳）,抽屉柜,品牌03,1200,文件收纳,灰色,8*1*1,8,AU18D,艾米,出库,30036,拣货
SPGi12WaPi,粉色 品牌21 12 触控笔（水彩）,触控笔,品牌21,12,水彩,粉色,48*10*5,29,AK67E,简,出库,30080,拣货
TaTR15FrBl,黑色 品牌29 1500 桌子（框架式）,桌子,品牌29,1500,框架式,黑色,8*1*1,8,AW29A,劳拉,出库,30076,拣货
KePH35WiPi,粉色 品牌12 350 键盘（有线）,键盘,品牌12,350,有线,粉色,16*10*1,25,BY98C,约翰,出库,30090,拣货
NoGrA5ruGr,灰色 品牌18 五号纸 笔记本（横线）,笔记本,品牌18,五号纸,横线,灰色,48*10*5,2400,CN06B,艾米,出库,30061,拣货
TVGL424KGr,灰色 品牌31 42英寸 电视机（超高清）,电视机,品牌31,42英寸,超高清,灰色,8*1*1,8,AQ59B,艾米,出库,30061,拣货
LaRe178GGr,灰色 品牌14 17英寸 笔记本电脑（8吉字节内存）,笔记本电脑,品牌14,17英寸,8吉字节内存,灰色,16*1*1,16,BS40E,莎拉,出库,30064,拣货
TVGL50FHSi,银色 品牌31 50英寸 电视机（全高清）,电视机,品牌31,50英寸,全高清,银色,8*1*1,5,DZ92B,简,出库,30022,拣货
TVEs32SFWh,白色 品牌32 32英寸 电视机（超级全高清）,电视机,品牌32,32英寸,超级全高清,白色,8*1*1,6,AM51D,迈克,出库,30053,拣货
PeAl12HeGr,灰色 品牌20 12 铅笔（六角形）,铅笔,品牌20,12,六角形,灰色,48*10*5,2400,DV20C,艾米,出库,30050,拣货
TVGL324KWh,白色 品牌31 32英寸 电视机（超高清）,电视机,品牌31,32英寸,超高清,白色,8*1*1,3,BR19G,莎拉,出库,30006,拣货
SPRe24WaPi,粉色 品牌22 24 触控笔（水彩）,触控笔,品牌22,24,水彩,粉色,48*10*5,466,BV46G,简,出库,30042,拣货
DrTE12DoBe,米色 品牌04 1200 抽屉柜（带门式）,抽屉柜,品牌04,1200,带门式,米色,8*1*1,8,AS16G,艾米丽,出库,30041,拣货
MoPH27BlNa,藏青色 品牌12 270 鼠标（蓝牙）,鼠标,品牌12,270,蓝牙,藏青色,16*10*1,160,CJ38B,劳拉,出库,30049,拣货
GaSEMErBl,黑色 品牌08 中号 游戏椅（人体工学）,游戏椅,品牌08,中号,人体工学,黑色,16*1*1,11,CU61A,莎拉,出库,30064,拣货
GaXESLeBl,黑色 品牌06 小号 游戏椅（皮革）,游戏椅,品牌06,小号,皮革,黑色,16*1*1,16,AX57F,克里斯,出库,30053,拣货
MoSu27BlPi,粉色 品牌11 270 鼠标（蓝牙）,鼠标,品牌11,270,蓝牙,粉色,16*10*1,160,CM79G,约翰,出库,30018,拣货
SPAl50HeWh,白色 品牌20 50 触控笔（六角形）,触控笔,品牌20,50,六角形,白色,48*10*5,1613,CK62E,克里斯,出库,30097,拣货
LaSu1432Wh,白色 品牌11 14英寸 笔记本电脑（32吉字节内存）,笔记本电脑,品牌11,14英寸,32吉字节内存,白色,16*1*1,16,DZ36E,莎拉,出库,30054,拣货
TVEs32S4Bl,黑色 品牌32 32英寸 电视机（超级超高清）,电视机,品牌32,32英寸,超级超高清,黑色,8*1*1,4,AZ40D,克里斯,出库,30098,拣货
LaOv178GWh,白色 品牌13 17英寸 笔记本电脑（8吉字节内存）,笔记本电脑,品牌13,17英寸,8吉字节内存,白色,16*1*1,14,DY91F,约翰,出库,30030,拣货
CaTE18SlBl,黑色 品牌04 1800 文件柜（滑动式）,文件柜,品牌04,1800,滑动式,黑色,8*1*1,8,AF81B,约翰,出库,30070,拣货
GaSELHeGr,灰色 品牌08 大号 游戏椅（头枕）,游戏椅,品牌08,大号,头枕,灰色,16*1*1,16,CH31A,约翰,出库,30049,拣货
LaPH17i7Bl,黑色 品牌12 17英寸 笔记本电脑（第7代处理器）,笔记本电脑,品牌12,17英寸,第7代处理器,黑色,16*1*1,11,DQ57B,艾米丽,出库,30078,拣货
NoExA3ruBl,黑色 品牌16 三号纸 笔记本（横线）,笔记本,品牌16,三号纸,横线,黑色,48*10*5,2400,DT21G,大卫,出库,30094,拣货
TVEs65FHWh,白色 品牌32 65英寸 电视机（全高清）,电视机,品牌32,65英寸,全高清,白色,8*1*1,8,DI21E,克里斯,出库,30033,拣货
TaAE18AdGr,灰色 品牌05 1800 桌子（可调节）,桌子,品牌05,1800,可调节,灰色,8*1*1,7,BO66A,艾米丽,出库,30079,拣货
PrSoA4InGr,灰色 品牌25 四号纸 打印机（喷墨）,打印机,品牌25,四号纸,喷墨,灰色,16*1*1,16,DS19E,迈克,出库,30085,拣货
LaOv14i7Gr,灰色 品牌13 14英寸 笔记本电脑（第7代处理器）,笔记本电脑,品牌13,14英寸,第7代处理器,灰色,16*1*1,3,AX93F,大卫,出库,30095,拣货
GaXEMAdGr,灰色 品牌06 中号 游戏椅（可调节）,游戏椅,品牌06,中号,可调节,灰色,16*1*1,16,BK57B,约翰,出库,30099,拣货
SPRe12WaBl,黑色 品牌22 12 触控笔（水彩）,触控笔,品牌22,12,水彩,黑色,48*10*5,2400,DL15C,克里斯,出库,30051,拣货
TVGn42S4Gr,灰色 品牌30 42英寸 电视机（超级超高清）,电视机,品牌30,42英寸,超级超高清,灰色,8*1*1,8,DN64D,莎拉,出库,30075,拣货
GaAESHeBl,黑色 品牌05 小号 游戏椅（头枕）,游戏椅,品牌05,小号,头枕,黑色,16*1*1,8,BW93F,简,出库,30054,拣货
PrReA4MoGr,灰色 品牌24 四号纸 打印机（黑白）,打印机,品牌24,四号纸,黑白,灰色,16*1*1,4,AR71D,莎拉,出库,30005,拣货
DrQE18LoBl,黑色 品牌01 1800 抽屉柜（储物锁柜）,抽屉柜,品牌01,1800,储物锁柜,黑色,8*1*1,3,AI06C,艾米,出库,30080,拣货
TaCI18FrBl,黑色 品牌27 1800 桌子（框架式）,桌子,品牌27,1800,框架式,黑色,8*1*1,5,CN24C,简,出库,30075,拣货
AlSu1432Gr,灰色 品牌11 14英寸 一体机（32吉字节内存）,一体机,品牌11,14英寸,32吉字节内存,灰色,16*1*1,1,CT39G,约翰,出库,30085,拣货
OfXELHeBl,黑色 品牌06 大号 办公椅（头枕）,办公椅,品牌06,大号,头枕,黑色,16*1*1,16,AN01H,约翰,出库,30047,拣货
LaRe15i5Wh,白色 品牌14 15英寸 笔记本电脑（第5代处理器）,笔记本电脑,品牌14,15英寸,第5代处理器,白色,16*1*1,16,AQ98D,迈克,出库,30073,拣货
TaTR10FrBl,黑色 品牌28 1000 桌子（框架式）,桌子,品牌28,1000,框架式,黑色,8*1*1,8,BN33G,莎拉,出库,30095,拣货
SPNa12SoPi,粉色 品牌23 12 触控笔（可溶性）,触控笔,品牌23,12,可溶性,粉色,48*10*5,830,CY90G,艾米,出库,30052,拣货
AlYn1716Gr,灰色 品牌15 17英寸 一体机（16吉字节内存）,一体机,品牌15,17英寸,16吉字节内存,灰色,16*1*1,16,BS50H,亚历克斯,出库,30080,拣货
DrWE90LoWh,白色 品牌02 900 抽屉柜（储物锁柜）,抽屉柜,品牌02,900,储物锁柜,白色,8*1*1,8,BZ35C,约翰,出库,30049,拣货
LaOv148GBl,黑色 品牌13 14英寸 笔记本电脑（8吉字节内存）,笔记本电脑,品牌13,14英寸,8吉字节内存,黑色,16*1*1,10,AT24D,艾米丽,出库,30055,拣货
TaTR10FrSi,银色 品牌29 1000 桌子（框架式）,桌子,品牌29,1000,框架式,银色,8*1*1,4,AO76H,约翰,出库,30051,拣货
OfSESHePi,粉色 品牌08 小号 办公椅（头枕）,办公椅,品牌08,小号,头枕,粉色,16*1*1,15,CP84H,亚历克斯,出库,30041,拣货
AlYn1716Wh,白色 品牌15 17英寸 一体机（16吉字节内存）,一体机,品牌15,17英寸,16吉字节内存,白色,16*1*1,16,DG62F,大卫,出库,30043,拣货
OfSEMHeBl,黑色 品牌08 中号 办公椅（头枕）,办公椅,品牌08,中号,头枕,黑色,16*1*1,14,DK16F,克里斯,出库,30073,拣货
AlSu14i7Gr,灰色 品牌11 14英寸 一体机（第7代处理器）,一体机,品牌11,14英寸,第7代处理器,灰色,16*1*1,16,AS47E,亚历克斯,出库,30043,拣货
GaAEMAdBl,黑色 品牌05 中号 游戏椅（可调节）,游戏椅,品牌05,中号,可调节,黑色,16*1*1,16,CM31A,莎拉,出库,30031,拣货
TVYn42S4Si,银色 品牌15 42英寸 电视机（超级超高清）,电视机,品牌15,42英寸,超级超高清,银色,8*1*1,3,DM02G,约翰,出库,30009,拣货
PeGi12SoPi,粉色 品牌21 12 铅笔（可溶性）,铅笔,品牌21,12,可溶性,粉色,48*10*5,380,AU97A,迈克,出库,30055,拣货
TaTR15WoSi,银色 品牌28 1500 桌子（工作站）,桌子,品牌28,1500,工作站,银色,8*1*1,8,BY04E,简,出库,30092,拣货
TVGn42SFWh,白色 品牌30 42英寸 电视机（超级全高清）,电视机,品牌30,42英寸,超级全高清,白色,8*1*1,8,BT36D,艾米,出库,30001,拣货
LaYn1716Bl,黑色 品牌15 17英寸 笔记本电脑（16吉字节内存）,笔记本电脑,品牌15,17英寸,16吉字节内存,黑色,16*1*1,8,AU69B,劳拉,出库,30094,拣货
DrQE90SlWh,白色 品牌01 900 抽屉柜（滑动式）,抽屉柜,品牌01,900,滑动式,白色,8*1*1,8,DX61G,艾米,出库,30025,拣货
TVGn32S4Si,银色 品牌30 32英寸 电视机（超级超高清）,电视机,品牌30,32英寸,超级超高清,银色,8*1*1,7,BK43F,亚历克斯,出库,30084,拣货
KeRe35ErBl,黑色 品牌10 350 键盘（人体工学）,键盘,品牌10,350,人体工学,黑色,16*10*1,140,AT41G,迈克,出库,30016,拣货
GaSELAdWh,白色 品牌08 大号 游戏椅（可调节）,游戏椅,品牌08,大号,可调节,白色,16*1*1,14,CO82C,约翰,出库,30016,拣货
MoRe45BlWh,白色 品牌10 450 鼠标（蓝牙）,鼠标,品牌10,450,蓝牙,白色,16*10*1,160,BK92G,亚历克斯,出库,30079,拣货
AlSu1532Bl,黑色 品牌11 15英寸 一体机（32吉字节内存）,一体机,品牌11,15英寸,32吉字节内存,黑色,16*1*1,16,DG57A,艾米,出库,30055,拣货
CuRG12FiWh,白色 品牌03 1200 储物柜（文件收纳）,储物柜,品牌03,1200,文件收纳,白色,8*1*1,8,CT07C,克里斯,出库,30010,拣货
TaTR18WoSi,银色 品牌28 1800 桌子（工作站）,桌子,品牌28,1800,工作站,银色,8*1*1,4,BY07D,克里斯,出库,30014,拣货
MoRe35MeBl,黑色 品牌10 350 鼠标（机械式）,鼠标,品牌10,350,机械式,黑色,16*10*1,160,BZ95B,克里斯,出库,30028,拣货
AlRe1516Gr,灰色 品牌14 15英寸 一体机（16吉字节内存）,一体机,品牌14,15英寸,16吉字节内存,灰色,16*1*1,16,AO62H,艾米丽,出库,30006,拣货
PrReA2InMi,混合色 品牌24 二号纸 打印机（喷墨）,打印机,品牌24,二号纸,喷墨,混合色,16*1*1,16,DX11F,约翰,出库,30019,拣货
AlPH14i5Bl,黑色 品牌12 14英寸 一体机（第5代处理器）,一体机,品牌12,14英寸,第5代处理器,黑色,16*1*1,14,BZ95G,大卫,出库,30003,拣货
TaCI10AdBl,黑色 品牌27 1000 桌子（可调节）,桌子,品牌27,1000,可调节,黑色,8*1*1,1,DO62H,亚历克斯,出库,30003,拣货
KeHc45MeBl,黑色 品牌09 450 键盘（机械式）,键盘,品牌09,450,机械式,黑色,16*10*1,160,DU53D,艾米,出库,30034,拣货
GaAEMAdGr,灰色 品牌05 中号 游戏椅（可调节）,游戏椅,品牌05,中号,可调节,灰色,16*1*1,4,AT30H,大卫,出库,30096,拣货
CuTE18SlWh,白色 品牌04 1800 储物柜（滑动式）,储物柜,品牌04,1800,滑动式,白色,8*1*1,6,AU94C,莎拉,出库,30093,拣货
CaTE90SlWh,白色 品牌04 900 文件柜（滑动式）,文件柜,品牌04,900,滑动式,白色,8*1*1,2,CF42D,迈克,出库,30089,拣货
TaCI10FrWh,白色 品牌27 1000 桌子（框架式）,桌子,品牌27,1000,框架式,白色,8*1*1,8,AI79B,莎拉,出库,30062,拣货
NoGrA4ruBl,黑色 品牌18 四号纸 笔记本（横线）,笔记本,品牌18,四号纸,横线,黑色,48*10*5,2355,BO32A,劳拉,出库,30086,拣货
KePH45ErBl,黑色 品牌12 450 键盘（人体工学）,键盘,品牌12,450,人体工学,黑色,16*10*1,160,CT91C,迈克,出库,30011,拣货
PrNoA2AlMi,混合色 品牌26 二号纸 打印机（一体式）,打印机,品牌26,二号纸,一体式,混合色,16*1*1,16,CV22D,艾米丽,出库,30081,拣货
TVGL65SFWh,白色 品牌31 65英寸 电视机（超级全高清）,电视机,品牌31,65英寸,超级全高清,白色,8*1*1,8,DF02H,约翰,出库,30089,拣货
DrWE12DoGr,灰色 品牌02 1200 抽屉柜（带门式）,抽屉柜,品牌02,1200,带门式,灰色,8*1*1,8,CN39H,劳拉,出库,30074,拣货
KeHc27WiBl,黑色 品牌09 270 键盘（有线）,键盘,品牌09,270,有线,黑色,16*10*1,160,DO93E,莎拉,出库,30060,拣货
TVGn50FHBl,黑色 品牌30 50英寸 电视机（全高清）,电视机,品牌30,50英寸,全高清,黑色,8*1*1,8,DR66F,简,出库,30045,拣货
NoGrA3doWh,白色 品牌18 三号纸 笔记本（点阵）,笔记本,品牌18,三号纸,点阵,白色,48*10*5,2400,AT21G,克里斯,出库,30039,拣货
GaOGSLePi,粉色 品牌07 小号 游戏椅（皮革）,游戏椅,品牌07,小号,皮革,粉色,16*1*1,8,CV91C,艾米,出库,30038,拣货
CuTE12DoBe,米色 品牌04 1200 储物柜（带门式）,储物柜,品牌04,1200,带门式,米色,8*1*1,2,CF28H,约翰,出库,30054,拣货
DrQE90SlBe,米色 品牌01 900 抽屉柜（滑动式）,抽屉柜,品牌01,900,滑动式,米色,8*1*1,8,AI49C,克里斯,出库,30065,拣货
CaTE18DoBl,黑色 品牌04 1800 文件柜（带门式）,文件柜,品牌04,1800,带门式,黑色,8*1*1,8,CR27G,克里斯,出库,30094,拣货
LaPH158GWh,白色 品牌12 15英寸 笔记本电脑（8吉字节内存）,笔记本电脑,品牌12,15英寸,8吉字节内存,白色,16*1*1,16,DG37A,劳拉,出库,30047,拣货
GaAESAdPi,粉色 品牌05 小号 游戏椅（可调节）,游戏椅,品牌05,小号,可调节,粉色,16*1*1,16,AY65H,克里斯,出库,30059,拣货
LaRe158GSi,银色 品牌14 15英寸 笔记本电脑（8吉字节内存）,笔记本电脑,品牌14,15英寸,8吉字节内存,银色,16*1*1,7,AI38G,克里斯,出库,30068,拣货
GaXELErPi,粉色 品牌06 大号 游戏椅（人体工学）,游戏椅,品牌06,大号,人体工学,粉色,16*1*1,16,AQ83A,艾米,出库,30008,拣货
LaRe15i5Si,银色 品牌14 15英寸 笔记本电脑（第5代处理器）,笔记本电脑,品牌14,15英寸,第5代处理器,银色,16*1*1,16,CF57D,莎拉,出库,30095,拣货
OfOGSErBl,黑色 品牌07 小号 办公椅（人体工学）,办公椅,品牌07,小号,人体工学,黑色,16*1*1,16,DV32B,艾米,出库,30029,拣货
DrWE12LoGr,灰色 品牌02 1200 抽屉柜（储物锁柜）,抽屉柜,品牌02,1200,储物锁柜,灰色,8*1*1,8,DQ64C,艾米,出库,30028,拣货
LaSu1416Wh,白色 品牌11 14英寸 笔记本电脑（16吉字节内存）,笔记本电脑,品牌11,14英寸,16吉字节内存,白色,16*1*1,16,DW67F,大卫,出库,30085,拣货
PeNa12SoWh,白色 品牌23 12 铅笔（可溶性）,铅笔,品牌23,12,可溶性,白色,48*10*5,2400,CF22C,艾米丽,出库,30059,拣货
MoRe27ErPi,粉色 品牌10 270 鼠标（人体工学）,鼠标,品牌10,270,人体工学,粉色,16*10*1,160,DT06H,莎拉,出库,30001,拣货
GaAEMLeWh,白色 品牌05 中号 游戏椅（皮革）,游戏椅,品牌05,中号,皮革,白色,16*1*1,16,BS67G,艾米丽,出库,30008,拣货
MoSu45BlBl,黑色 品牌11 450 鼠标（蓝牙）,鼠标,品牌11,450,蓝牙,黑色,16*10*1,160,CO42B,迈克,出库,30086,拣货
TVEs65SFSi,银色 品牌32 65英寸 电视机（超级全高清）,电视机,品牌32,65英寸,超级全高清,银色,8*1*1,1,AR84H,亚历克斯,出库,30047,拣货
AlYn15i7Bl,黑色 品牌15 15英寸 一体机（第7代处理器）,一体机,品牌15,15英寸,第7代处理器,黑色,16*1*1,10,CH08H,亚历克斯,出库,30060,拣货
DrQE90LoBe,米色 品牌01 900 抽屉柜（储物锁柜）,抽屉柜,品牌01,900,储物锁柜,米色,8*1*1,5,CU89D,迈克,出库,30020,拣货
SPRe12HeBl,黑色 品牌22 12 触控笔（六角形）,触控笔,品牌22,12,六角形,黑色,48*10*5,465,DR34F,莎拉,出库,30075,拣货
LaYn1532Gr,灰色 品牌15 15英寸 笔记本电脑（32吉字节内存）,笔记本电脑,品牌15,15英寸,32吉字节内存,灰色,16*1*1,12,CM76F,简,出库,30095,拣货
LaRe14i5Wh,白色 品牌14 14英寸 笔记本电脑（第5代处理器）,笔记本电脑,品牌14,14英寸,第5代处理器,白色,16*1*1,16,BS82C,简,出库,30067,拣货
TVEs75FHSi,银色 品牌32 75英寸 电视机（全高清）,电视机,品牌32,75英寸,全高清,银色,8*1*1,8,CL21E,莎拉,出库,30052,拣货
SPGi12HeGr,灰色 品牌21 12 触控笔（六角形）,触控笔,品牌21,12,六角形,灰色,48*10*5,199,DQ29C,艾米,出库,30084,拣货
NoExA3ruSi,银色 品牌16 三号纸 笔记本（横线）,笔记本,品牌16,三号纸,横线,银色,48*10*5,79,BH12G,莎拉,出库,30050,拣货
TVEs75FHWh,白色 品牌32 75英寸 电视机（全高清）,电视机,品牌32,75英寸,全高清,白色,8*1*1,1,BO03E,亚历克斯,出库,30028,拣货
OfAESHePi,粉色 品牌05 小号 办公椅（头枕）,办公椅,品牌05,小号,头枕,粉色,16*1*1,16,BO21G,克里斯,出库,30093,拣货
TVYn42S4Bl,黑色 品牌15 42英寸 电视机（超级超高清）,电视机,品牌15,42英寸,超级超高清,黑色,8*1*1,1,BI34F,大卫,出库,30043,拣货
TaTR15AdGr,灰色 品牌29 1500 桌子（可调节）,桌子,品牌29,1500,可调节,灰色,8*1*1,8,AT81B,简,出库,30083,拣货
CuQE12FiBl,黑色 品牌01 1200 储物柜（文件收纳）,储物柜,品牌01,1200,文件收纳,黑色,8*1*1,8,DT50G,约翰,出库,30092,拣货
SPNa50WaBl,黑色 品牌23 50 触控笔（水彩）,触控笔,品牌23,50,水彩,黑色,48*10*5,2400,DV24H,克里斯,出库,30024,拣货
TVEs75FHBl,黑色 品牌32 75英寸 电视机（全高清）,电视机,品牌32,75英寸,全高清,黑色,8*1*1,6,AX80B,莎拉,出库,30029,拣货
KeRe45BlNa,藏青色 品牌10 450 键盘（蓝牙）,键盘,品牌10,450,蓝牙,藏青色,16*10*1,155,BH82D,亚历克斯,出库,30023,拣货
MoHc45BlNa,藏青色 品牌09 450 鼠标（蓝牙）,鼠标,品牌09,450,蓝牙,藏青色,16*10*1,160,AU15E,莎拉,出库,30094,拣货
LaOv178GSi,银色 品牌13 17英寸 笔记本电脑（8吉字节内存）,笔记本电脑,品牌13,17英寸,8吉字节内存,银色,16*1*1,8,AX54G,莎拉,出库,30046,拣货
DrTE90DoBe,米色 品牌04 900 抽屉柜（带门式）,抽屉柜,品牌04,900,带门式,米色,8*1*1,8,AX18F,大卫,出库,30048,拣货
TaTR10WoGr,灰色 品牌29 1000 桌子（工作站）,桌子,品牌29,1000,工作站,灰色,8*1*1,6,CL08C,迈克,出库,30057,拣货
SPGi12SoBl,黑色 品牌21 12 触控笔（可溶性）,触控笔,品牌21,12,可溶性,黑色,48*10*5,943,CQ96H,莎拉,出库,30034,拣货
PrReA4AlMi,混合色 品牌24 四号纸 打印机（一体式）,打印机,品牌24,四号纸,一体式,混合色,16*1*1,11,CZ98F,简,出库,30028,拣货
DrTE12LoWh,白色 品牌04 1200 抽屉柜（储物锁柜）,抽屉柜,品牌04,1200,储物锁柜,白色,8*1*1,4,BK23A,简,出库,30083,拣货
LaOv1732Si,银色 品牌13 17英寸 笔记本电脑（32吉字节内存）,笔记本电脑,品牌13,17英寸,32吉字节内存,银色,16*1*1,12,CX27A,简,出库,30083,拣货
PrSoA2MoWh,白色 品牌25 二号纸 打印机（黑白）,打印机,品牌25,二号纸,黑白,白色,16*1*1,15,BK21E,克里斯,出库,30016,拣货
CuRG12LoBe,米色 品牌03 1200 储物柜（储物锁柜）,储物柜,品牌03,1200,储物锁柜,米色,8*1*1,5,DT59C,艾米丽,出库,30038,拣货
AlPH14i7Si,银色 品牌12 14英寸 一体机（第7代处理器）,一体机,品牌12,14英寸,第7代处理器,银色,16*1*1,1,AZ84G,艾米丽,出库,30092,拣货
TVGn324KWh,白色 品牌30 32英寸 电视机（超高清）,电视机,品牌30,32英寸,超高清,白色,8*1*1,7,AT44H,艾米,出库,30082,拣货
LaOv14i7Gr,灰色 品牌13 14英寸 笔记本电脑（第7代处理器）,笔记本电脑,品牌13,14英寸,第7代处理器,灰色,16*1*1,3,DG24D,劳拉,出库,30088,拣货
DrTE90LoWh,白色 品牌04 900 抽屉柜（储物锁柜）,抽屉柜,品牌04,900,储物锁柜,白色,8*1*1,6,CM78A,劳拉,出库,30029,拣货
TVEs504KSi,银色 品牌32 50英寸 电视机（超高清）,电视机,品牌32,50英寸,超高清,银色,8*1*1,8,AO42H,莎拉,出库,30001,拣货
TVEs42SFWh,白色 品牌32 42英寸 电视机（超级全高清）,电视机,品牌32,42英寸,超级全高清,白色,8*1*1,3,DL62G,亚历克斯,出库,30031,拣货
LaSu178GWh,白色 品牌11 17英寸 笔记本电脑（8吉字节内存）,笔记本电脑,品牌11,17英寸,8吉字节内存,白色,16*1*1,16,CT27B,劳拉,出库,30018,拣货
MoRe35ErNa,藏青色 品牌10 350 鼠标（人体工学）,鼠标,品牌10,350,人体工学,藏青色,16*10*1,160,CN43F,迈克,出库,30086,拣货
SPAl50HeGr,灰色 品牌20 50 触控笔（六角形）,触控笔,品牌20,50,六角形,灰色,48*10*5,1941,AW58A,亚历克斯,出库,30082,拣货
OfXEMAdPi,粉色 品牌06 中号 办公椅（可调节）,办公椅,品牌06,中号,可调节,粉色,16*1*1,9,AR72E,迈克,出库,30096,拣货
TaAE15FrGr,灰色 品牌05 1500 桌子（框架式）,桌子,品牌05,1500,框架式,灰色,8*1*1,4,DV97D,克里斯,出库,30032,拣货
AlYn17i7Bl,黑色 品牌15 17英寸 一体机（第7代处理器）,一体机,品牌15,17英寸,第7代处理器,黑色,16*1*1,16,CT45B,克里斯,出库,30092,拣货
OfAESErWh,白色 品牌05 小号 办公椅（人体工学）,办公椅,品牌05,小号,人体工学,白色,16*1*1,16,DN70F,大卫,出库,30034,拣货
NoExA5liWh,白色 品牌16 五号纸 笔记本（线条）,笔记本,品牌16,五号纸,线条,白色,48*10*5,1312,BP56D,艾米,出库,30040,拣货
PeGi50SoGr,灰色 品牌21 50 铅笔（可溶性）,铅笔,品牌21,50,可溶性,灰色,48*10*5,2400,CG80E,大卫,出库,30028,拣货
DrTE90FiBl,黑色 品牌04 900 抽屉柜（文件收纳）,抽屉柜,品牌04,900,文件收纳,黑色,8*1*1,8,CF07A,迈克,出库,30070,拣货
GaSEMHePi,粉色 品牌08 中号 游戏椅（头枕）,游戏椅,品牌08,中号,头枕,粉色,16*1*1,12,AR93F,莎拉,出库,30039,拣货
TVGL32S4Bl,黑色 品牌31 32英寸 电视机（超级超高清）,电视机,品牌31,32英寸,超级超高清,黑色,8*1*1,4,AF64C,大卫,出库,30083,拣货
PeAl12WaGr,灰色 品牌20 12 铅笔（水彩）,铅笔,品牌20,12,水彩,灰色,48*10*5,558,BH04G,艾米,出库,30000,拣货
KeRe45MeWh,白色 品牌10 450 键盘（机械式）,键盘,品牌10,450,机械式,白色,16*10*1,160,DV89C,简,出库,30085,拣货
DrQE12SlWh,白色 品牌01 1200 抽屉柜（滑动式）,抽屉柜,品牌01,1200,滑动式,白色,8*1*1,8,AZ54D,约翰,出库,30073,拣货
AlYn158GWh,白色 品牌15 15英寸 一体机（8吉字节内存）,一体机,品牌15,15英寸,8吉字节内存,白色,16*1*1,16,BW92D,莎拉,出库,30081,拣货
OfXESErWh,白色 品牌06 小号 办公椅（人体工学）,办公椅,品牌06,小号,人体工学,白色,16*1*1,1,AP20A,艾米丽,出库,30043,拣货
PrSoA3WiMi,混合色 品牌25 三号纸 打印机（无线网络）,打印机,品牌25,三号纸,无线网络,混合色,16*1*1,3,BJ08F,克里斯,出库,30069,拣货
SPRe50WaBl,黑色 品牌22 50 触控笔（水彩）,触控笔,品牌22,50,水彩,黑色,48*10*5,945,AZ62H,莎拉,出库,30024,拣货
AlOv17i5Gr,灰色 品牌13 17英寸 一体机（第5代处理器）,一体机,品牌13,17英寸,第5代处理器,灰色,16*1*1,16,CQ15E,艾米丽,出库,30080,拣货
GaOGSAdPi,粉色 品牌07 小号 游戏椅（可调节）,游戏椅,品牌07,小号,可调节,粉色,16*1*1,16,DJ77E,亚历克斯,出库,30070,拣货
DrTE90SlWh,白色 品牌04 900 抽屉柜（滑动式）,抽屉柜,品牌04,900,滑动式,白色,8*1*1,8,BQ41F,约翰,出库,30049,拣货
GaOGSAdGr,灰色 品牌07 小号 游戏椅（可调节）,游戏椅,品牌07,小号,可调节,灰色,16*1*1,16,BW19D,亚历克斯,出库,30083,拣货
LaYn148GWh,白色 品牌15 14英寸 笔记本电脑（8吉字节内存）,笔记本电脑,品牌15,14英寸,8吉字节内存,白色,16*1*1,16,BS90C,克里斯,出库,30010,拣货
TVGL42FHSi,银色 品牌31 42英寸 电视机（全高清）,电视机,品牌31,42英寸,全高清,银色,8*1*1,8,DM29G,简,出库,30012,拣货
TaAE10FrBl,黑色 品牌05 1000 桌子（框架式）,桌子,品牌05,1000,框架式,黑色,8*1*1,1,AY10F,艾米,出库,30074,拣货
LaPH158GGr,灰色 品牌12 15英寸 笔记本电脑（8吉字节内存）,笔记本电脑,品牌12,15英寸,8吉字节内存,灰色,16*1*1,13,BF53D,莎拉,出库,30026,拣货
MoPH27BlNa,藏青色 品牌12 270 鼠标（蓝牙）,鼠标,品牌12,270,蓝牙,藏青色,16*10*1,160,AH34A,约翰,出库,30096,拣货
GaOGSHeGr,灰色 品牌07 小号 游戏椅（头枕）,游戏椅,品牌07,小号,头枕,灰色,16*1*1,16,CF93D,克里斯,出库,30081,拣货
NoGrA5doWh,白色 品牌18 五号纸 笔记本（点阵）,笔记本,品牌18,五号纸,点阵,白色,48*10*5,1109,CR73E,艾米丽,出库,30021,拣货
SPAl50WaPi,粉色 品牌20 50 触控笔（水彩）,触控笔,品牌20,50,水彩,粉色,48*10*5,2400,CQ76B,劳拉,出库,30063,拣货
LaYn1516Bl,黑色 品牌15 15英寸 笔记本电脑（16吉字节内存）,笔记本电脑,品牌15,15英寸,16吉字节内存,黑色,16*1*1,16,CU23H,约翰,出库,30067,拣货
PrNoA4LaMi,混合色 品牌26 四号纸 打印机（激光）,打印机,品牌26,四号纸,激光,混合色,16*1*1,16,AW40E,莎拉,出库,30017,拣货
DrWE12DoWh,白色 品牌02 1200 抽屉柜（带门式）,抽屉柜,品牌02,1200,带门式,白色,8*1*1,8,BW24B,克里斯,出库,30070,拣货
SPGi24HeBl,黑色 品牌21 24 触控笔（六角形）,触控笔,品牌21,24,六角形,黑色,48*10*5,1729,BH02G,艾米,出库,30033,拣货
PeRe12WaWh,白色 品牌22 12 铅笔（水彩）,铅笔,品牌22,12,水彩,白色,48*10*5,2400,DW81H,亚历克斯,出库,30039,拣货
TVEs75S4Bl,黑色 品牌32 75英寸 电视机（超级超高清）,电视机,品牌32,75英寸,超级超高清,黑色,8*1*1,8,BP78A,大卫,出库,30002,拣货
CuRG12DoGr,灰色 品牌03 1200 储物柜（带门式）,储物柜,品牌03,1200,带门式,灰色,8*1*1,8,BL69B,艾米丽,出库,30079,拣货
LaYn17i5Gr,灰色 品牌15 17英寸 笔记本电脑（第5代处理器）,笔记本电脑,品牌15,17英寸,第5代处理器,灰色,16*1*1,9,AT43C,迈克,出库,30052,拣货
KeHc45WiPi,粉色 品牌09 450 键盘（有线）,键盘,品牌09,450,有线,粉色,16*10*1,160,CZ62F,莎拉,出库,30072,拣货
OfAELLeBl,黑色 品牌05 大号 办公椅（皮革）,办公椅,品牌05,大号,皮革,黑色,16*1*1,2,DH57E,简,出库,30034,拣货
SPRe24SoBl,黑色 品牌22 24 触控笔（可溶性）,触控笔,品牌22,24,可溶性,黑色,48*10*5,2400,BT53E,莎拉,出库,30065,拣货
PeRe12WaBl,黑色 品牌22 12 铅笔（水彩）,铅笔,品牌22,12,水彩,黑色,48*10*5,1409,AQ31H,艾米丽,出库,30005,拣货
AlOv15i5Gr,灰色 品牌13 15英寸 一体机（第5代处理器）,一体机,品牌13,15英寸,第5代处理器,灰色,16*1*1,16,DP28H,迈克,出库,30090,拣货
AlPH14i7Gr,灰色 品牌12 14英寸 一体机（第7代处理器）,一体机,品牌12,14英寸,第7代处理器,灰色,16*1*1,16,AO53H,亚历克斯,出库,30076,拣货
TVGn424KBl,黑色 品牌30 42英寸 电视机（超高清）,电视机,品牌30,42英寸,超高清,黑色,8*1*1,8,AO07F,克里斯,出库,30043,拣货
PrNoA4WiGr,灰色 品牌26 四号纸 打印机（无线网络）,打印机,品牌26,四号纸,无线网络,灰色,16*1*1,16,BP91F,简,出库,30005,拣货
AlOv178GWh,白色 品牌13 17英寸 一体机（8吉字节内存）,一体机,品牌13,17英寸,8吉字节内存,白色,16*1*1,16,BW19H,莎拉,出库,30053,拣货
CuTE90LoBe,米色 品牌04 900 储物柜（储物锁柜）,储物柜,品牌04,900,储物锁柜,米色,8*1*1,8,BT63H,克里斯,出库,30011,拣货
MoPH45ErWh,白色 品牌12 450 鼠标（人体工学）,鼠标,品牌12,450,人体工学,白色,16*10*1,120,BT57A,艾米丽,出库,30013,拣货
LaYn1716Gr,灰色 品牌15 17英寸 笔记本电脑（16吉字节内存）,笔记本电脑,品牌15,17英寸,16吉字节内存,灰色,16*1*1,16,AQ95G,大卫,出库,30056,拣货
LaPH17i7Si,银色 品牌12 17英寸 笔记本电脑（第7代处理器）,笔记本电脑,品牌12,17英寸,第7代处理器,银色,16*1*1,16,CP42B,简,出库,30010,拣货
CuQE18DoBl,黑色 品牌01 1800 储物柜（带门式）,储物柜,品牌01,1800,带门式,黑色,8*1*1,6,DS61D,劳拉,出库,30058,拣货
AlPH1732Wh,白色 品牌12 17英寸 一体机（32吉字节内存）,一体机,品牌12,17英寸,32吉字节内存,白色,16*1*1,4,AL54H,亚历克斯,出库,30050,拣货
CuTE90LoBe,米色 品牌04 900 储物柜（储物锁柜）,储物柜,品牌04,900,储物锁柜,米色,8*1*1,8,CI23A,莎拉,出库,30073,拣货
GaOGMLeWh,白色 品牌07 中号 游戏椅（皮革）,游戏椅,品牌07,中号,皮革,白色,16*1*1,16,CX87G,简,出库,30016,拣货
NoMuA3liGr,灰色 品牌19 三号纸 笔记本（线条）,笔记本,品牌19,三号纸,线条,灰色,48*10*5,2400,AO62F,艾米,出库,30005,拣货
DrWE18LoBe,米色 品牌02 1800 抽屉柜（储物锁柜）,抽屉柜,品牌02,1800,储物锁柜,米色,8*1*1,1,AT02B,迈克,出库,30078,拣货
PrNoA4LaMi,混合色 品牌26 四号纸 打印机（激光）,打印机,品牌26,四号纸,激光,混合色,16*1*1,16,CI07D,亚历克斯,出库,30091,拣货
AlYn15i7Gr,灰色 品牌15 15英寸 一体机（第7代处理器）,一体机,品牌15,15英寸,第7代处理器,灰色,16*1*1,16,CW31E,艾米,出库,30020,拣货
AlSu17i7Wh,白色 品牌11 17英寸 一体机（第7代处理器）,一体机,品牌11,17英寸,第7代处理器,白色,16*1*1,10,AV31E,克里斯,出库,30076,拣货
TVGn42SFBl,黑色 品牌30 42英寸 电视机（超级全高清）,电视机,品牌30,42英寸,超级全高清,黑色,8*1*1,8,AL09B,简,出库,30083,拣货
TaAE15WoGr,灰色 品牌05 1500 桌子（工作站）,桌子,品牌05,1500,工作站,灰色,8*1*1,8,BO81H,简,出库,30061,拣货
SPNa12WaGr,灰色 品牌23 12 触控笔（水彩）,触控笔,品牌23,12,水彩,灰色,48*10*5,845,AU24C,莎拉,出库,30038,拣货
TaTR18AuWh,白色 品牌28 1800 桌子（自动调节）,桌子,品牌28,1800,自动调节,白色,8*1*1,8,DM12C,艾米丽,出库,30034,拣货
TVGn32SFGr,灰色 品牌30 32英寸 电视机（超级全高清）,电视机,品牌30,32英寸,超级全高清,灰色,8*1*1,8,AX65D,简,出库,30035,拣货
LaSu17i7Bl,黑色 品牌11 17英寸 笔记本电脑（第7代处理器）,笔记本电脑,品牌11,17英寸,第7代处理器,黑色,16*1*1,16,CR79E,简,出库,30039,拣货
NoScA5liSi,银色 品牌17 五号纸 笔记本（线条）,笔记本,品牌17,五号纸,线条,银色,48*10*5,1444,AW29E,克里斯,出库,30008,拣货
LaYn178GBl,黑色 品牌15 17英寸 笔记本电脑（8吉字节内存）,笔记本电脑,品牌15,17英寸,8吉字节内存,黑色,16*1*1,9,BJ45C,迈克,出库,30096,拣货
CuQE90DoBe,米色 品牌01 900 储物柜（带门式）,储物柜,品牌01,900,带门式,米色,8*1*1,8,CG21C,克里斯,出库,30004,拣货
PrPHA3AlGr,灰色 品牌12 三号纸 打印机（一体式）,打印机,品牌12,三号纸,一体式,灰色,16*1*1,16,BU44G,克里斯,出库,30019,拣货
SPGi50SoBl,黑色 品牌21 50 触控笔（可溶性）,触控笔,品牌21,50,可溶性,黑色,48*10*5,1249,AW96F,克里斯,出库,30092,拣货
OfAEMErBl,黑色 品牌05 中号 办公椅（人体工学）,办公椅,品牌05,中号,人体工学,黑色,16*1*1,6,AV33B,亚历克斯,出库,30064,拣货
PeNa12WaBl,黑色 品牌23 12 铅笔（水彩）,铅笔,品牌23,12,水彩,黑色,48*10*5,1170,DH59F,亚历克斯,出库,30063,拣货
PrReA4LaWh,白色 品牌24 四号纸 打印机（激光）,打印机,品牌24,四号纸,激光,白色,16*1*1,16,DN38A,艾米丽,出库,30002,拣货
PrSoA4InGr,灰色 品牌25 四号纸 打印机（喷墨）,打印机,品牌25,四号纸,喷墨,灰色,16*1*1,14,BV21D,约翰,出库,30082,拣货
CaTE18SlGr,灰色 品牌04 1800 文件柜（滑动式）,文件柜,品牌04,1800,滑动式,灰色,8*1*1,8,CT30D,大卫,出库,30077,拣货
AlRe1416Gr,灰色 品牌14 14英寸 一体机（16吉字节内存）,一体机,品牌14,14英寸,16吉字节内存,灰色,16*1*1,16,DG76H,大卫,出库,30037,拣货
LaPH1532Wh,白色 品牌12 15英寸 笔记本电脑（32吉字节内存）,笔记本电脑,品牌12,15英寸,32吉字节内存,白色,16*1*1,16,CL39B,艾米丽,出库,30005,拣货
CaWE90FiGr,灰色 品牌02 900 文件柜（文件收纳）,文件柜,品牌02,900,文件收纳,灰色,8*1*1,8,CM24F,大卫,出库,30018,拣货
LaRe14i7Si,银色 品牌14 14英寸 笔记本电脑（第7代处理器）,笔记本电脑,品牌14,14英寸,第7代处理器,银色,16*1*1,16,CK27F,简,出库,30027,拣货
MoHc35WiPi,粉色 品牌09 350 鼠标（有线）,鼠标,品牌09,350,有线,粉色,16*10*1,160,CN16H,劳拉,出库,30056,拣货
AlYn1416Bl,黑色 品牌15 14英寸 一体机（16吉字节内存）,一体机,品牌15,14英寸,16吉字节内存,黑色,16*1*1,16,BU63B,大卫,出库,30093,拣货
TaTR10AuWh,白色 品牌29 1000 桌子（自动调节）,桌子,品牌29,1000,自动调节,白色,8*1*1,8,CS51D,劳拉,出库,30046,拣货
TVGL75FHGr,灰色 品牌31 75英寸 电视机（全高清）,电视机,品牌31,75英寸,全高清,灰色,8*1*1,8,DV96G,克里斯,出库,30031,拣货
PeNa12SoGr,灰色 品牌23 12 铅笔（可溶性）,铅笔,品牌23,12,可溶性,灰色,48*10*5,761,CF61G,克里斯,出库,30029,拣货
AlYn15i5Bl,黑色 品牌15 15英寸 一体机（第5代处理器）,一体机,品牌15,15英寸,第5代处理器,黑色,16*1*1,16,AX36B,简,出库,30001,拣货
SPRe12SoGr,灰色 品牌22 12 触控笔（可溶性）,触控笔,品牌22,12,可溶性,灰色,48*10*5,2400,AM51A,艾米丽,出库,30087,拣货
GaOGSHeBl,黑色 品牌07 小号 游戏椅（头枕）,游戏椅,品牌07,小号,头枕,黑色,16*1*1,16,AF73E,迈克,出库,30055,拣货
PrReA4AlWh,白色 品牌24 四号纸 打印机（一体式）,打印机,品牌24,四号纸,一体式,白色,16*1*1,16,AL90B,劳拉,出库,30082,拣货
GaSEMAdGr,灰色 品牌08 中号 游戏椅（可调节）,游戏椅,品牌08,中号,可调节,灰色,16*1*1,16,CL17F,艾米,出库,30015,拣货
GaXELLeWh,白色 品牌06 大号 游戏椅（皮革）,游戏椅,品牌06,大号,皮革,白色,16*1*1,16,AW59A,艾米丽,出库,30019,拣货
SPNa24WaWh,白色 品牌23 24 触控笔（水彩）,触控笔,品牌23,24,水彩,白色,48*10*5,2281,AF51H,劳拉,出库,30095,拣货
TVGn42SFSi,银色 品牌30 42英寸 电视机（超级全高清）,电视机,品牌30,42英寸,超级全高清,银色,8*1*1,8,BL91F,艾米,出库,30003,拣货
NoMuA5doBl,黑色 品牌19 五号纸 笔记本（点阵）,笔记本,品牌19,五号纸,点阵,黑色,48*10*5,453,BO91A,亚历克斯,出库,30004,拣货
NoExA4liGr,灰色 品牌16 四号纸 笔记本（线条）,笔记本,品牌16,四号纸,线条,灰色,48*10*5,2400,BH17G,艾米,出库,30094,拣货
LaPH17i7Si,银色 品牌12 17英寸 笔记本电脑（第7代处理器）,笔记本电脑,品牌12,17英寸,第7代处理器,银色,16*1*1,16,CN72E,简,出库,30077,拣货
PrReA2AlWh,白色 品牌24 二号纸 打印机（一体式）,打印机,品牌24,二号纸,一体式,白色,16*1*1,7,CX59E,克里斯,出库,30038,拣货
LaYn17i7Bl,黑色 品牌15 17英寸 笔记本电脑（第7代处理器）,笔记本电脑,品牌15,17英寸,第7代处理器,黑色,16*1*1,15,BJ10G,莎拉,出库,30048,拣货
LaRe17i5Gr,灰色 品牌14 17英寸 笔记本电脑（第5代处理器）,笔记本电脑,品牌14,17英寸,第5代处理器,灰色,16*1*1,16,DW27A,亚历克斯,出库,30067,拣货
TaAE18WoSi,银色 品牌05 1800 桌子（工作站）,桌子,品牌05,1800,工作站,银色,8*1*1,8,DJ20E,克里斯,出库,30067,拣货
PrNoA3LaWh,白色 品牌26 三号纸 打印机（激光）,打印机,品牌26,三号纸,激光,白色,16*1*1,16,DH05F,简,出库,30091,拣货
GaXESAdBl,黑色 品牌06 小号 游戏椅（可调节）,游戏椅,品牌06,小号,可调节,黑色,16*1*1,16,CS57F,克里斯,出库,30090,拣货
KePH45WiWh,白色 品牌12 450 键盘（有线）,键盘,品牌12,450,有线,白色,16*10*1,28,CU75C,克里斯,出库,30037,拣货
OfAESErPi,粉色 品牌05 小号 办公椅（人体工学）,办公椅,品牌05,小号,人体工学,粉色,16*1*1,13,CX66A,迈克,出库,30088,拣货
LaSu158GWh,白色 品牌11 15英寸 笔记本电脑（8吉字节内存）,笔记本电脑,品牌11,15英寸,8吉字节内存,白色,16*1*1,16,BX36F,约翰,出库,30092,拣货
MoPH27BlNa,藏青色 品牌12 270 鼠标（蓝牙）,鼠标,品牌12,270,蓝牙,藏青色,16*10*1,87,BV36D,艾米丽,出库,30060,拣货
SPRe50WaBl,黑色 品牌22 50 触控笔（水彩）,触控笔,品牌22,50,水彩,黑色,48*10*5,1866,AP76D,劳拉,出库,30036,拣货
CaRG90SlBl,黑色 品牌03 900 文件柜（滑动式）,文件柜,品牌03,900,滑动式,黑色,8*1*1,8,AK49E,亚历克斯,出库,30029,拣货
CaQE18FiBe,米色 品牌01 1800 文件柜（文件收纳）,文件柜,品牌01,1800,文件收纳,米色,8*1*1,8,DP43C,克里斯,出库,30063,拣货
NoMuA5liBl,黑色 品牌19 五号纸 笔记本（线条）,笔记本,品牌19,五号纸,线条,黑色,48*10*5,2400,DM40G,亚历克斯,出库,30023,拣货
TVGn42SFGr,灰色 品牌30 42英寸 电视机（超级全高清）,电视机,品牌30,42英寸,超级全高清,灰色,8*1*1,5,BL21H,艾米,出库,30083,拣货
PrPHA4InWh,白色 品牌12 四号纸 打印机（喷墨）,打印机,品牌12,四号纸,喷墨,白色,16*1*1,16,BR25A,克里斯,出库,30041,拣货
LaOv17i5Wh,白色 品牌13 17英寸 笔记本电脑（第5代处理器）,笔记本电脑,品牌13,17英寸,第5代处理器,白色,16*1*1,16,AV66E,艾米,出库,30010,拣货
CuTE90SlBl,黑色 品牌04 900 储物柜（滑动式）,储物柜,品牌04,900,滑动式,黑色,8*1*1,8,BJ02F,艾米丽,出库,30016,拣货
KeSu45WiWh,白色 品牌11 450 键盘（有线）,键盘,品牌11,450,有线,白色,16*10*1,160,AF46D,大卫,出库,30056,拣货
TVGn75S4Bl,黑色 品牌30 75英寸 电视机（超级超高清）,电视机,品牌30,75英寸,超级超高清,黑色,8*1*1,8,DY44B,简,出库,30099,拣货
NoMuA3liGr,灰色 品牌19 三号纸 笔记本（线条）,笔记本,品牌19,三号纸,线条,灰色,48*10*5,2400,AF41C,艾米,出库,30069,拣货
LaPH14i7Si,银色 品牌12 14英寸 笔记本电脑（第7代处理器）,笔记本电脑,品牌12,14英寸,第7代处理器,银色,16*1*1,16,CQ20G,艾米丽,出库,30078,拣货
MoHc35WiWh,白色 品牌09 350 鼠标（有线）,鼠标,品牌09,350,有线,白色,16*10*1,34,BS46A,约翰,出库,30058,拣货
NoExA5ruGr,灰色 品牌16 五号纸 笔记本（横线）,笔记本,品牌16,五号纸,横线,灰色,48*10*5,673,BN62D,迈克,出库,30065,拣货
CaQE18LoBl,黑色 品牌01 1800 文件柜（储物锁柜）,文件柜,品牌01,1800,储物锁柜,黑色,8*1*1,8,DO82B,劳拉,出库,30073,拣货
PeRe12SoBl,黑色 品牌22 12 铅笔（可溶性）,铅笔,品牌22,12,可溶性,黑色,48*10*5,2400,DT69H,莎拉,出库,30096,拣货
OfXEMAdBl,黑色 品牌06 中号 办公椅（可调节）,办公椅,品牌06,中号,可调节,黑色,16*1*1,10,AM59B,亚历克斯,出库,30004,拣货
AlPH15i7Gr,灰色 品牌12 15英寸 一体机（第7代处理器）,一体机,品牌12,15英寸,第7代处理器,灰色,16*1*1,6,CS34C,劳拉,出库,30081,拣货
TaCI10AdBl,黑色 品牌27 1000 桌子（可调节）,桌子,品牌27,1000,可调节,黑色,8*1*1,1,BS21B,艾米丽,出库,30061,拣货
MoPH45WiWh,白色 品牌12 450 鼠标（有线）,鼠标,品牌12,450,有线,白色,16*10*1,160,DP30G,大卫,出库,30004,拣货
AlRe1416Bl,黑色 品牌14 14英寸 一体机（16吉字节内存）,一体机,品牌14,14英寸,16吉字节内存,黑色,16*1*1,8,DK71A,劳拉,出库,30021,拣货
PeRe50HeGr,灰色 品牌22 50 铅笔（六角形）,铅笔,品牌22,50,六角形,灰色,48*10*5,2400,BT83A,约翰,出库,30068,拣货
LaYn1732Bl,黑色 品牌15 17英寸 笔记本电脑（32吉字节内存）,笔记本电脑,品牌15,17英寸,32吉字节内存,黑色,16*1*1,16,AV57A,迈克,出库,30034,拣货
TVGL42FHSi,银色 品牌31 42英寸 电视机（全高清）,电视机,品牌31,42英寸,全高清,银色,8*1*1,8,CM74E,简,出库,30069,拣货
TVYn65SFWh,白色 品牌15 65英寸 电视机（超级全高清）,电视机,品牌15,65英寸,超级全高清,白色,8*1*1,3,BX78E,劳拉,出库,30043,拣货
LaOv1716Gr,灰色 品牌13 17英寸 笔记本电脑（16吉字节内存）,笔记本电脑,品牌13,17英寸,16吉字节内存,灰色,16*1*1,16,BW63G,艾米,出库,30023,拣货
SPNa12WaPi,粉色 品牌23 12 触控笔（水彩）,触控笔,品牌23,12,水彩,粉色,48*10*5,2400,DR76G,莎拉,出库,30054,拣货
CuWE12DoBl,黑色 品牌02 1200 储物柜（带门式）,储物柜,品牌02,1200,带门式,黑色,8*1*1,1,AK36F,艾米,出库,30078,拣货
AlRe14i7Gr,灰色 品牌14 14英寸 一体机（第7代处理器）,一体机,品牌14,14英寸,第7代处理器,灰色,16*1*1,8,CO80C,劳拉,出库,30081,拣货
AlOv14i7Gr,灰色 品牌13 14英寸 一体机（第7代处理器）,一体机,品牌13,14英寸,第7代处理器,灰色,16*1*1,8,DX46A,克里斯,出库,30039,拣货
PeAl50WaBl,黑色 品牌20 50 铅笔（水彩）,铅笔,品牌20,50,水彩,黑色,48*10*5,2400,DU48A,艾米丽,出库,30097,拣货
KeHc35ErBl,黑色 品牌09 350 键盘（人体工学）,键盘,品牌09,350,人体工学,黑色,16*10*1,51,CX09H,亚历克斯,出库,30022,拣货
AlOv178GGr,灰色 品牌13 17英寸 一体机（8吉字节内存）,一体机,品牌13,17英寸,8吉字节内存,灰色,16*1*1,15,AV68A,艾米,出库,30070,拣货
LaRe15i5Wh,白色 品牌14 15英寸 笔记本电脑（第5代处理器）,笔记本电脑,品牌14,15英寸,第5代处理器,白色,16*1*1,16,DV52H,大卫,出库,30020,拣货
DrQE18SlWh,白色 品牌01 1800 抽屉柜（滑动式）,抽屉柜,品牌01,1800,滑动式,白色,8*1*1,7,CT11C,劳拉,出库,30054,拣货
CuTE12DoGr,灰色 品牌04 1200 储物柜（带门式）,储物柜,品牌04,1200,带门式,灰色,8*1*1,8,AR70C,克里斯,出库,30081,拣货
CaTE18FiBl,黑色 品牌04 1800 文件柜（文件收纳）,文件柜,品牌04,1800,文件收纳,黑色,8*1*1,7,AG32G,艾米,出库,30050,拣货
OfSELErPi,粉色 品牌08 大号 办公椅（人体工学）,办公椅,品牌08,大号,人体工学,粉色,16*1*1,16,DK51G,大卫,出库,30044,拣货
MoPH45MeNa,藏青色 品牌12 450 鼠标（机械式）,鼠标,品牌12,450,机械式,藏青色,16*10*1,160,DU43A,简,出库,30029,拣货
CuTE12DoBl,黑色 品牌04 1200 储物柜（带门式）,储物柜,品牌04,1200,带门式,黑色,8*1*1,6,BJ24H,艾米丽,出库,30072,拣货
TVGn42FHGr,灰色 品牌30 42英寸 电视机（全高清）,电视机,品牌30,42英寸,全高清,灰色,8*1*1,2,DN40C,亚历克斯,出库,30003,拣货
MoHc35BlBl,黑色 品牌09 350 鼠标（蓝牙）,鼠标,品牌09,350,蓝牙,黑色,16*10*1,160,CY44C,艾米丽,出库,30012,拣货
KeRe45BlBl,黑色 品牌10 450 键盘（蓝牙）,键盘,品牌10,450,蓝牙,黑色,16*10*1,86,CX72C,艾米,出库,30028,拣货
GaXEMErPi,粉色 品牌06 中号 游戏椅（人体工学）,游戏椅,品牌06,中号,人体工学,粉色,16*1*1,16,CJ36E,克里斯,出库,30088,拣货
LaOv148GGr,灰色 品牌13 14英寸 笔记本电脑（8吉字节内存）,笔记本电脑,品牌13,14英寸,8吉字节内存,灰色,16*1*1,16,CG33F,简,出库,30021,拣货
CaQE18SlBe,米色 品牌01 1800 文件柜（滑动式）,文件柜,品牌01,1800,滑动式,米色,8*1*1,8,BX03H,艾米,出库,30040,拣货
GaSESHeBl,黑色 品牌08 小号 游戏椅（头枕）,游戏椅,品牌08,小号,头枕,黑色,16*1*1,16,BV90C,劳拉,出库,30068,拣货
LaSu17i5Gr,灰色 品牌11 17英寸 笔记本电脑（第5代处理器）,笔记本电脑,品牌11,17英寸,第5代处理器,灰色,16*1*1,16,CN84B,亚历克斯,出库,30069,拣货
DrQE18FiWh,白色 品牌01 1800 抽屉柜（文件收纳）,抽屉柜,品牌01,1800,文件收纳,白色,8*1*1,5,AV23A,简,出库,30043,拣货
DrRG90LoWh,白色 品牌03 900 抽屉柜（储物锁柜）,抽屉柜,品牌03,900,储物锁柜,白色,8*1*1,8,AO78E,克里斯,出库,30015,拣货
OfAELLePi,粉色 品牌05 大号 办公椅（皮革）,办公椅,品牌05,大号,皮革,粉色,16*1*1,8,AV18C,艾米丽,出库,30065,拣货
LaPH14i5Wh,白色 品牌12 14英寸 笔记本电脑（第5代处理器）,笔记本电脑,品牌12,14英寸,第5代处理器,白色,16*1*1,9,AP92C,大卫,出库,30049,拣货
TVGL32SFBl,黑色 品牌31 32英寸 电视机（超级全高清）,电视机,品牌31,32英寸,超级全高清,黑色,8*1*1,8,DK33A,莎拉,出库,30022,拣货
DrQE18DoWh,白色 品牌01 1800 抽屉柜（带门式）,抽屉柜,品牌01,1800,带门式,白色,8*1*1,4,CH11G,亚历克斯,出库,30055,拣货
DrTE90LoGr,灰色 品牌04 900 抽屉柜（储物锁柜）,抽屉柜,品牌04,900,储物锁柜,灰色,8*1*1,8,CR93G,约翰,出库,30033,拣货
AlYn15i7Gr,灰色 品牌15 15英寸 一体机（第7代处理器）,一体机,品牌15,15英寸,第7代处理器,灰色,16*1*1,1,CX77A,艾米丽,出库,30003,拣货
CaQE12FiWh,白色 品牌01 1200 文件柜（文件收纳）,文件柜,品牌01,1200,文件收纳,白色,8*1*1,1,BW09F,艾米,出库,30002,拣货
PrPHA4MoMi,混合色 品牌12 四号纸 打印机（黑白）,打印机,品牌12,四号纸,黑白,混合色,16*1*1,16,CQ88G,简,出库,30040,拣货
OfOGLAdGr,灰色 品牌07 大号 办公椅（可调节）,办公椅,品牌07,大号,可调节,灰色,16*1*1,13,BL12H,艾米,出库,30072,拣货
AlOv17i5Gr,灰色 品牌13 17英寸 一体机（第5代处理器）,一体机,品牌13,17英寸,第5代处理器,灰色,16*1*1,16,AW39A,亚历克斯,出库,30001,拣货
DrWE12SlBe,米色 品牌02 1200 抽屉柜（滑动式）,抽屉柜,品牌02,1200,滑动式,米色,8*1*1,8,CY64D,亚历克斯,出库,30011,拣货
KeSu35BlBl,黑色 品牌11 350 键盘（蓝牙）,键盘,品牌11,350,蓝牙,黑色,16*10*1,111,AP63D,克里斯,出库,30039,拣货
KePH27ErNa,藏青色 品牌12 270 键盘（人体工学）,键盘,品牌12,270,人体工学,藏青色,16*10*1,89,BI88E,迈克,出库,30021,拣货
NoScA4liGr,灰色 品牌17 四号纸 笔记本（线条）,笔记本,品牌17,四号纸,线条,灰色,48*10*5,294,CH34F,克里斯,出库,30023,拣货
PrNoA4LaMi,混合色 品牌26 四号纸 打印机（激光）,打印机,品牌26,四号纸,激光,混合色,16*1*1,16,AR34F,艾米丽,出库,30086,拣货
NoMuA4ruSi,银色 品牌19 四号纸 笔记本（横线）,笔记本,品牌19,四号纸,横线,银色,48*10*5,2400,CO32B,迈克,出库,30024,拣货
LaRe15i7Wh,白色 品牌14 15英寸 笔记本电脑（第7代处理器）,笔记本电脑,品牌14,15英寸,第7代处理器,白色,16*1*1,8,CI52H,艾米,出库,30040,拣货
NoGrA4liWh,白色 品牌18 四号纸 笔记本（线条）,笔记本,品牌18,四号纸,线条,白色,48*10*5,1320,BM28D,莎拉,出库,30046,拣货
LaPH1716Bl,黑色 品牌12 17英寸 笔记本电脑（16吉字节内存）,笔记本电脑,品牌12,17英寸,16吉字节内存,黑色,16*1*1,16,CJ35D,亚历克斯,出库,30087,拣货
PrNoA4MoGr,灰色 品牌26 四号纸 打印机（黑白）,打印机,品牌26,四号纸,黑白,灰色,16*1*1,16,CR27F,劳拉,出库,30000,拣货
KePH35MeNa,藏青色 品牌12 350 键盘（机械式）,键盘,品牌12,350,机械式,藏青色,16*10*1,88,BO35C,简,出库,30009,拣货
PeRe12SoPi,粉色 品牌22 12 铅笔（可溶性）,铅笔,品牌22,12,可溶性,粉色,48*10*5,2400,AQ85D,艾米丽,出库,30086,拣货
NoExA5doWh,白色 品牌16 五号纸 笔记本（点阵）,笔记本,品牌16,五号纸,点阵,白色,48*10*5,1199,DQ52E,简,出库,30022,拣货
NoGrA5liBl,黑色 品牌18 五号纸 笔记本（线条）,笔记本,品牌18,五号纸,线条,黑色,48*10*5,2400,AP32H,迈克,出库,30055,拣货
NoGrA3liWh,白色 品牌18 三号纸 笔记本（线条）,笔记本,品牌18,三号纸,线条,白色,48*10*5,30,AM03B,莎拉,出库,30031,拣货
LaSu1716Gr,灰色 品牌11 17英寸 笔记本电脑（16吉字节内存）,笔记本电脑,品牌11,17英寸,16吉字节内存,灰色,16*1*1,16,CR62E,艾米丽,出库,30090,拣货
SPGi50SoBl,黑色 品牌21 50 触控笔（可溶性）,触控笔,品牌21,50,可溶性,黑色,48*10*5,1163,CX33D,莎拉,出库,30060,拣货
KeHc27WiPi,粉色 品牌09 270 键盘（有线）,键盘,品牌09,270,有线,粉色,16*10*1,78,CN40G,迈克,出库,30041,拣货
TVYn50FHSi,银色 品牌15 50英寸 电视机（全高清）,电视机,品牌15,50英寸,全高清,银色,8*1*1,8,DU07H,亚历克斯,出库,30045,拣货
PeNa24WaBl,黑色 品牌23 24 铅笔（水彩）,铅笔,品牌23,24,水彩,黑色,48*10*5,2400,BQ71H,约翰,出库,30048,拣货
CaWE12DoWh,白色 品牌02 1200 文件柜（带门式）,文件柜,品牌02,1200,带门式,白色,8*1*1,8,BF51D,大卫,出库,30037,拣货
PrNoA3InWh,白色 品牌26 三号纸 打印机（喷墨）,打印机,品牌26,三号纸,喷墨,白色,16*1*1,16,CG68E,劳拉,出库,30089,拣货
TVGL654KWh,白色 品牌31 65英寸 电视机（超高清）,电视机,品牌31,65英寸,超高清,白色,8*1*1,5,CL62C,劳拉,出库,30052,拣货
LaSu1432Gr,灰色 品牌11 14英寸 笔记本电脑（32吉字节内存）,笔记本电脑,品牌11,14英寸,32吉字节内存,灰色,16*1*1,13,DT82D,亚历克斯,出库,30030,拣货
AlYn1416Si,银色 品牌15 14英寸 一体机（16吉字节内存）,一体机,品牌15,14英寸,16吉字节内存,银色,16*1*1,16,AK55D,迈克,出库,30001,拣货
TVEs75SFSi,银色 品牌32 75英寸 电视机（超级全高清）,电视机,品牌32,75英寸,超级全高清,银色,8*1*1,8,AL36H,亚历克斯,出库,30002,拣货
LaOv148GGr,灰色 品牌13 14英寸 笔记本电脑（8吉字节内存）,笔记本电脑,品牌13,14英寸,8吉字节内存,灰色,16*1*1,16,BI25A,亚历克斯,出库,30070,拣货
TVEs42SFSi,银色 品牌32 42英寸 电视机（超级全高清）,电视机,品牌32,42英寸,超级全高清,银色,8*1*1,8,DM25H,简,出库,30016,拣货
TaTR18AdSi,银色 品牌29 1800 桌子（可调节）,桌子,品牌29,1800,可调节,银色,8*1*1,1,AR60C,大卫,出库,30043,拣货
NoMuA4liWh,白色 品牌19 四号纸 笔记本（线条）,笔记本,品牌19,四号纸,线条,白色,48*10*5,2400,DX22E,大卫,出库,30082,拣货
CuWE90SlGr,灰色 品牌02 900 储物柜（滑动式）,储物柜,品牌02,900,滑动式,灰色,8*1*1,8,DT46F,约翰,出库,30017,拣货
OfAELLeWh,白色 品牌05 大号 办公椅（皮革）,办公椅,品牌05,大号,皮革,白色,16*1*1,9,DI91C,克里斯,出库,30006,拣货
CuWE12LoBe,米色 品牌02 1200 储物柜（储物锁柜）,储物柜,品牌02,1200,储物锁柜,米色,8*1*1,7,BS91C,克里斯,出库,30086,拣货
TVGL42SFGr,灰色 品牌31 42英寸 电视机（超级全高清）,电视机,品牌31,42英寸,超级全高清,灰色,8*1*1,8,BG11F,艾米,出库,30078,拣货
TaTR15FrWh,白色 品牌28 1500 桌子（框架式）,桌子,品牌28,1500,框架式,白色,8*1*1,8,AJ93B,克里斯,出库,30050,拣货
LaYn1732Wh,白色 品牌15 17英寸 笔记本电脑（32吉字节内存）,笔记本电脑,品牌15,17英寸,32吉字节内存,白色,16*1*1,7,DQ61G,简,出库,30041,拣货
KeHc35WiNa,藏青色 品牌09 350 键盘（有线）,键盘,品牌09,350,有线,藏青色,16*10*1,88,BX16F,莎拉,出库,30056,拣货
KePH27WiBl,黑色 品牌12 270 键盘（有线）,键盘,品牌12,270,有线,黑色,16*10*1,149,CU85C,克里斯,出库,30007,拣货
TVGn32S4Wh,白色 品牌30 32英寸 电视机（超级超高清）,电视机,品牌30,32英寸,超级超高清,白色,8*1*1,8,DT80G,劳拉,出库,30059,拣货
GaSEMErWh,白色 品牌08 中号 游戏椅（人体工学）,游戏椅,品牌08,中号,人体工学,白色,16*1*1,16,CO35D,莎拉,出库,30088,拣货
MoSu27BlWh,白色 品牌11 270 鼠标（蓝牙）,鼠标,品牌11,270,蓝牙,白色,16*10*1,160,AZ61G,约翰,出库,30097,拣货
PeNa24WaPi,粉色 品牌23 24 铅笔（水彩）,铅笔,品牌23,24,水彩,粉色,48*10*5,2400,BM88F,迈克,出库,30065,拣货
AlPH17i7Gr,灰色 品牌12 17英寸 一体机（第7代处理器）,一体机,品牌12,17英寸,第7代处理器,灰色,16*1*1,16,AR06B,艾米,出库,30076,拣货
TVGL65FHGr,灰色 品牌31 65英寸 电视机（全高清）,电视机,品牌31,65英寸,全高清,灰色,8*1*1,1,CT81F,艾米,出库,30055,拣货
GaSEMLePi,粉色 品牌08 中号 游戏椅（皮革）,游戏椅,品牌08,中号,皮革,粉色,16*1*1,4,BH79C,劳拉,出库,30047,拣货
PrNoA4AlMi,混合色 品牌26 四号纸 打印机（一体式）,打印机,品牌26,四号纸,一体式,混合色,16*1*1,11,BV97G,艾米丽,出库,30060,拣货
PeRe50HeGr,灰色 品牌22 50 铅笔（六角形）,铅笔,品牌22,50,六角形,灰色,48*10*5,1081,DS57G,劳拉,出库,30047,拣货
CaWE90FiBl,黑色 品牌02 900 文件柜（文件收纳）,文件柜,品牌02,900,文件收纳,黑色,8*1*1,5,BK62G,莎拉,出库,30070,拣货
MoHc35MePi,粉色 品牌09 350 鼠标（机械式）,鼠标,品牌09,350,机械式,粉色,16*10*1,160,BV42C,艾米丽,出库,30066,拣货
LaPH1432Wh,白色 品牌12 14英寸 笔记本电脑（32吉字节内存）,笔记本电脑,品牌12,14英寸,32吉字节内存,白色,16*1*1,16,CN69C,亚历克斯,出库,30057,拣货
TVEs654KBl,黑色 品牌32 65英寸 电视机（超高清）,电视机,品牌32,65英寸,超高清,黑色,8*1*1,8,AT78F,劳拉,出库,30049,拣货
MoHc27MeBl,黑色 品牌09 270 鼠标（机械式）,鼠标,品牌09,270,机械式,黑色,16*10*1,160,CF64B,莎拉,出库,30043,拣货
CuRG18LoBe,米色 品牌03 1800 储物柜（储物锁柜）,储物柜,品牌03,1800,储物锁柜,米色,8*1*1,8,CT30C,简,出库,30087,拣货
NoGrA3liBl,黑色 品牌18 三号纸 笔记本（线条）,笔记本,品牌18,三号纸,线条,黑色,48*10*5,252,BL05B,约翰,出库,30094,拣货
PrPHA4MoMi,混合色 品牌12 四号纸 打印机（黑白）,打印机,品牌12,四号纸,黑白,混合色,16*1*1,5,DV23F,艾米,出库,30026,拣货
DrWE90LoBl,黑色 品牌02 900 抽屉柜（储物锁柜）,抽屉柜,品牌02,900,储物锁柜,黑色,8*1*1,8,CK45A,大卫,出库,30036,拣货
GaSESHeGr,灰色 品牌08 小号 游戏椅（头枕）,游戏椅,品牌08,小号,头枕,灰色,16*1*1,9,CN93B,亚历克斯,出库,30072,拣货
TVEs654KBl,黑色 品牌32 65英寸 电视机（超高清）,电视机,品牌32,65英寸,超高清,黑色,8*1*1,8,BN32B,克里斯,出库,30065,拣货
DrWE90SlWh,白色 品牌02 900 抽屉柜（滑动式）,抽屉柜,品牌02,900,滑动式,白色,8*1*1,5,BQ98G,劳拉,出库,30028,拣货
TaCI18AuBl,黑色 品牌27 1800 桌子（自动调节）,桌子,品牌27,1800,自动调节,黑色,8*1*1,8,CU95B,艾米,出库,30094,拣货
SPNa24SoPi,粉色 品牌23 24 触控笔（可溶性）,触控笔,品牌23,24,可溶性,粉色,48*10*5,1498,BF32B,迈克,出库,30011,拣货
LaPH178GSi,银色 品牌12 17英寸 笔记本电脑（8吉字节内存）,笔记本电脑,品牌12,17英寸,8吉字节内存,银色,16*1*1,12,CO46C,艾米丽,出库,30077,拣货
PeAl24SoWh,白色 品牌20 24 铅笔（可溶性）,铅笔,品牌20,24,可溶性,白色,48*10*5,2332,AF86C,亚历克斯,出库,30090,拣货
TaTR15WoBl,黑色 品牌29 1500 桌子（工作站）,桌子,品牌29,1500,工作站,黑色,8*1*1,7,BF44D,克里斯,出库,30036,拣货
CaQE18LoGr,灰色 品牌01 1800 文件柜（储物锁柜）,文件柜,品牌01,1800,储物锁柜,灰色,8*1*1,1,BI17E,艾米,出库,30068,拣货
KeRe35BlBl,黑色 品牌10 350 键盘（蓝牙）,键盘,品牌10,350,蓝牙,黑色,16*10*1,58,DV51H,大卫,出库,30099,拣货
DrWE18FiWh,白色 品牌02 1800 抽屉柜（文件收纳）,抽屉柜,品牌02,1800,文件收纳,白色,8*1*1,8,CH72A,艾米丽,出库,30008,拣货
AlYn17i5Bl,黑色 品牌15 17英寸 一体机（第5代处理器）,一体机,品牌15,17英寸,第5代处理器,黑色,16*1*1,11,BS01B,劳拉,出库,30026,拣货
TaCI10AuSi,银色 品牌27 1000 桌子（自动调节）,桌子,品牌27,1000,自动调节,银色,8*1*1,4,CS10B,艾米,出库,30075,拣货
SPRe12WaBl,黑色 品牌22 12 触控笔（水彩）,触控笔,品牌22,12,水彩,黑色,48*10*5,1662,DZ63G,劳拉,出库,30085,拣货
PrReA4MoGr,灰色 品牌24 四号纸 打印机（黑白）,打印机,品牌24,四号纸,黑白,灰色,16*1*1,16,BS97F,劳拉,出库,30004,拣货
GaXESAdPi,粉色 品牌06 小号 游戏椅（可调节）,游戏椅,品牌06,小号,可调节,粉色,16*1*1,16,DQ02E,简,出库,30082,拣货
PrReA4MoGr,灰色 品牌24 四号纸 打印机（黑白）,打印机,品牌24,四号纸,黑白,灰色,16*1*1,16,BQ81B,亚历克斯,出库,30097,拣货
KeHc27BlNa,藏青色 品牌09 270 键盘（蓝牙）,键盘,品牌09,270,蓝牙,藏青色,16*10*1,41,DK28F,艾米丽,出库,30064,拣货
GaXESLeBl,黑色 品牌06 小号 游戏椅（皮革）,游戏椅,品牌06,小号,皮革,黑色,16*1*1,16,AG51B,艾米丽,出库,30056,拣货
PeAl24SoBl,黑色 品牌20 24 铅笔（可溶性）,铅笔,品牌20,24,可溶性,黑色,48*10*5,2400,BG86F,简,出库,30048,拣货
GaXESLeBl,黑色 品牌06 小号 游戏椅（皮革）,游戏椅,品牌06,小号,皮革,黑色,16*1*1,16,DO78B,迈克,出库,30075,拣货
OfSEMAdWh,白色 品牌08 中号 办公椅（可调节）,办公椅,品牌08,中号,可调节,白色,16*1*1,10,BS16H,约翰,出库,30055,拣货
TVYn32SFSi,银色 品牌15 32英寸 电视机（超级全高清）,电视机,品牌15,32英寸,超级全高清,银色,8*1*1,8,CI79C,艾米,出库,30088,拣货
LaYn15i7Gr,灰色 品牌15 15英寸 笔记本电脑（第7代处理器）,笔记本电脑,品牌15,15英寸,第7代处理器,灰色,16*1*1,5,DQ85D,迈克,出库,30032,拣货
TVYn42FHWh,白色 品牌15 42英寸 电视机（全高清）,电视机,品牌15,42英寸,全高清,白色,8*1*1,5,CQ40G,约翰,出库,30028,拣货
AlSu17i5Si,银色 品牌11 17英寸 一体机（第5代处理器）,一体机,品牌11,17英寸,第5代处理器,银色,16*1*1,16,DU65D,劳拉,出库,30047,拣货
MoRe45BlWh,白色 品牌10 450 鼠标（蓝牙）,鼠标,品牌10,450,蓝牙,白色,16*10*1,114,CX15G,迈克,出库,30059,拣货
GaSESAdPi,粉色 品牌08 小号 游戏椅（可调节）,游戏椅,品牌08,小号,可调节,粉色,16*1*1,16,BM50F,艾米,出库,30005,拣货
MoPH35WiBl,黑色 品牌12 350 鼠标（有线）,鼠标,品牌12,350,有线,黑色,16*10*1,120,AJ07C,迈克,出库,30031,拣货
SPNa12HeGr,灰色 品牌23 12 触控笔（六角形）,触控笔,品牌23,12,六角形,灰色,48*10*5,950,AH26E,简,出库,30055,拣货
TVYn654KGr,灰色 品牌15 65英寸 电视机（超高清）,电视机,品牌15,65英寸,超高清,灰色,8*1*1,3,DO80C,简,出库,30098,拣货
CaWE90SlBl,黑色 品牌02 900 文件柜（滑动式）,文件柜,品牌02,900,滑动式,黑色,8*1*1,6,CV34E,简,出库,30084,拣货
PeNa12HeWh,白色 品牌23 12 铅笔（六角形）,铅笔,品牌23,12,六角形,白色,48*10*5,2400,AK85E,亚历克斯,出库,30067,拣货
TVGL75S4Gr,灰色 品牌31 75英寸 电视机（超级超高清）,电视机,品牌31,75英寸,超级超高清,灰色,8*1*1,8,AO33B,迈克,出库,30014,拣货
TVGn324KGr,灰色 品牌30 32英寸 电视机（超高清）,电视机,品牌30,32英寸,超高清,灰色,8*1*1,8,AY79H,艾米,出库,30091,拣货
PrPHA2AlBl,黑色 品牌12 二号纸 打印机（一体式）,打印机,品牌12,二号纸,一体式,黑色,16*1*1,1,AT75C,劳拉,出库,30063,拣货
OfXESErGr,灰色 品牌06 小号 办公椅（人体工学）,办公椅,品牌06,小号,人体工学,灰色,16*1*1,16,CN98H,莎拉,出库,30059,拣货
AlOv148GSi,银色 品牌13 14英寸 一体机（8吉字节内存）,一体机,品牌13,14英寸,8吉字节内存,银色,16*1*1,16,CP92D,简,出库,30076,拣货
AlRe14i5Gr,灰色 品牌14 14英寸 一体机（第5代处理器）,一体机,品牌14,14英寸,第5代处理器,灰色,16*1*1,16,DF25E,克里斯,出库,30013,拣货
AlPH1416Si,银色 品牌12 14英寸 一体机（16吉字节内存）,一体机,品牌12,14英寸,16吉字节内存,银色,16*1*1,7,BZ79A,大卫,出库,30049,拣货
AlYn158GGr,灰色 品牌15 15英寸 一体机（8吉字节内存）,一体机,品牌15,15英寸,8吉字节内存,灰色,16*1*1,16,BG33G,大卫,出库,30081,拣货
KeSu35ErNa,藏青色 品牌11 350 键盘（人体工学）,键盘,品牌11,350,人体工学,藏青色,16*10*1,160,CM90D,劳拉,出库,30071,拣货
OfXEMAdWh,白色 品牌06 中号 办公椅（可调节）,办公椅,品牌06,中号,可调节,白色,16*1*1,16,AR73C,莎拉,出库,30071,拣货
DrRG90FiBe,米色 品牌03 900 抽屉柜（文件收纳）,抽屉柜,品牌03,900,文件收纳,米色,8*1*1,2,DM77E,简,出库,30043,拣货
AlYn15i5Si,银色 品牌15 15英寸 一体机（第5代处理器）,一体机,品牌15,15英寸,第5代处理器,银色,16*1*1,16,DU86E,简,出库,30066,拣货
PrNoA3LaBl,黑色 品牌26 三号纸 打印机（激光）,打印机,品牌26,三号纸,激光,黑色,16*1*1,16,AH53D,艾米,出库,30069,拣货
TaTR18FrBl,黑色 品牌29 1800 桌子（框架式）,桌子,品牌29,1800,框架式,黑色,8*1*1,8,CZ01D,简,出库,30074,拣货
CaQE12FiWh,白色 品牌01 1200 文件柜（文件收纳）,文件柜,品牌01,1200,文件收纳,白色,8*1*1,8,CI13B,简,出库,30035,拣货
CuRG18DoBl,黑色 品牌03 1800 储物柜（带门式）,储物柜,品牌03,1800,带门式,黑色,8*1*1,8,AP80F,约翰,出库,30082,拣货
TVGL42S4Wh,白色 品牌31 42英寸 电视机（超级超高清）,电视机,品牌31,42英寸,超级超高清,白色,8*1*1,8,AX76A,克里斯,出库,30029,拣货
DrWE18FiBl,黑色 品牌02 1800 抽屉柜（文件收纳）,抽屉柜,品牌02,1800,文件收纳,黑色,8*1*1,8,DJ50C,简,出库,30089,拣货
TaAE15AdGr,灰色 品牌05 1500 桌子（可调节）,桌子,品牌05,1500,可调节,灰色,8*1*1,3,DG06H,迈克,出库,30038,拣货
KeSu27WiPi,粉色 品牌11 270 键盘（有线）,键盘,品牌11,270,有线,粉色,16*10*1,160,DI77C,艾米丽,出库,30027,拣货
PrNoA4MoGr,灰色 品牌26 四号纸 打印机（黑白）,打印机,品牌26,四号纸,黑白,灰色,16*1*1,16,DI86A,克里斯,出库,30035,拣货
KeSu45ErWh,白色 品牌11 450 键盘（人体工学）,键盘,品牌11,450,人体工学,白色,16*10*1,160,DM24H,亚历克斯,出库,30066,拣货
GaAESAdWh,白色 品牌05 小号 游戏椅（可调节）,游戏椅,品牌05,小号,可调节,白色,16*1*1,16,BT76A,艾米,出库,30070,拣货
CuTE90DoBe,米色 品牌04 900 储物柜（带门式）,储物柜,品牌04,900,带门式,米色,8*1*1,3,CF37H,莎拉,出库,30091,拣货
GaSEMHeBl,黑色 品牌08 中号 游戏椅（头枕）,游戏椅,品牌08,中号,头枕,黑色,16*1*1,7,BU60A,亚历克斯,出库,30077,拣货
TaCI15FrBl,黑色 品牌27 1500 桌子（框架式）,桌子,品牌27,1500,框架式,黑色,8*1*1,5,AZ40F,约翰,出库,30003,拣货
PeAl50SoGr,灰色 品牌20 50 铅笔（可溶性）,铅笔,品牌20,50,可溶性,灰色,48*10*5,2400,DT05A,艾米丽,出库,30061,拣货
AlYn158GGr,灰色 品牌15 15英寸 一体机（8吉字节内存）,一体机,品牌15,15英寸,8吉字节内存,灰色,16*1*1,2,DH43E,大卫,出库,30020,拣货
KePH35WiBl,黑色 品牌12 350 键盘（有线）,键盘,品牌12,350,有线,黑色,16*10*1,160,CR16C,简,出库,30053,拣货
NoMuA5liBl,黑色 品牌19 五号纸 笔记本（线条）,笔记本,品牌19,五号纸,线条,黑色,48*10*5,2400,CJ08H,莎拉,出库,30018,拣货
PrReA2MoGr,灰色 品牌24 二号纸 打印机（黑白）,打印机,品牌24,二号纸,黑白,灰色,16*1*1,12,DY45H,约翰,出库,30078,拣货
AlSu17i7Bl,黑色 品牌11 17英寸 一体机（第7代处理器）,一体机,品牌11,17英寸,第7代处理器,黑色,16*1*1,16,BH56G,简,出库,30072,拣货
TVGn75SFGr,灰色 品牌30 75英寸 电视机（超级全高清）,电视机,品牌30,75英寸,超级全高清,灰色,8*1*1,8,DJ33B,艾米,出库,30012,拣货
PrNoA3InGr,灰色 品牌26 三号纸 打印机（喷墨）,打印机,品牌26,三号纸,喷墨,灰色,16*1*1,6,CR63H,迈克,出库,30045,拣货
GaAEMHeGr,灰色 品牌05 中号 游戏椅（头枕）,游戏椅,品牌05,中号,头枕,灰色,16*1*1,16,CQ69H,艾米丽,出库,30042,拣货
PrReA2WiMi,混合色 品牌24 二号纸 打印机（无线网络）,打印机,品牌24,二号纸,无线网络,混合色,16*1*1,16,BJ96A,克里斯,出库,30064,拣货
AlOv1732Si,银色 品牌13 17英寸 一体机（32吉字节内存）,一体机,品牌13,17英寸,32吉字节内存,银色,16*1*1,15,CS90A,简,出库,30012,拣货
MoPH45MeBl,黑色 品牌12 450 鼠标（机械式）,鼠标,品牌12,450,机械式,黑色,16*10*1,160,CP42F,劳拉,出库,30094,拣货
PrNoA3MoBl,黑色 品牌26 三号纸 打印机（黑白）,打印机,品牌26,三号纸,黑白,黑色,16*1*1,8,AP78E,约翰,出库,30002,拣货
KeRe27ErBl,黑色 品牌10 270 键盘（人体工学）,键盘,品牌10,270,人体工学,黑色,16*10*1,88,BH67B,迈克,出库,30050,拣货
PeRe24HeBl,黑色 品牌22 24 铅笔（六角形）,铅笔,品牌22,24,六角形,黑色,48*10*5,2400,BW40E,大卫,出库,30035,拣货
DrQE90FiBe,米色 品牌01 900 抽屉柜（文件收纳）,抽屉柜,品牌01,900,文件收纳,米色,8*1*1,8,AS48D,简,出库,30026,拣货
DrRG90LoBe,米色 品牌03 900 抽屉柜（储物锁柜）,抽屉柜,品牌03,900,储物锁柜,米色,8*1*1,5,AU87C,迈克,出库,30044,拣货
CaQE12LoGr,灰色 品牌01 1200 文件柜（储物锁柜）,文件柜,品牌01,1200,储物锁柜,灰色,8*1*1,8,BJ88D,劳拉,出库,30045,拣货
LaRe148GWh,白色 品牌14 14英寸 笔记本电脑（8吉字节内存）,笔记本电脑,品牌14,14英寸,8吉字节内存,白色,16*1*1,13,BU67G,劳拉,出库,30096,拣货
TaTR18AdSi,银色 品牌28 1800 桌子（可调节）,桌子,品牌28,1800,可调节,银色,8*1*1,8,AW95G,克里斯,出库,30000,拣货
KeSu45ErPi,粉色 品牌11 450 键盘（人体工学）,键盘,品牌11,450,人体工学,粉色,16*10*1,31,CH71F,简,出库,30073,拣货
OfAESAdBl,黑色 品牌05 小号 办公椅（可调节）,办公椅,品牌05,小号,可调节,黑色,16*1*1,16,AV72B,亚历克斯,出库,30095,拣货
OfOGMErBl,黑色 品牌07 中号 办公椅（人体工学）,办公椅,品牌07,中号,人体工学,黑色,16*1*1,16,DO59F,艾米,出库,30089,拣货
NoMuA4doSi,银色 品牌19 四号纸 笔记本（点阵）,笔记本,品牌19,四号纸,点阵,银色,48*10*5,2400,DF50D,克里斯,出库,30061,拣货
AlYn1532Bl,黑色 品牌15 15英寸 一体机（32吉字节内存）,一体机,品牌15,15英寸,32吉字节内存,黑色,16*1*1,16,CS80G,艾米丽,出库,30089,拣货
PeAl12HeGr,灰色 品牌20 12 铅笔（六角形）,铅笔,品牌20,12,六角形,灰色,48*10*5,2400,BM89A,大卫,出库,30022,拣货
CuTE12SlBe,米色 品牌04 1200 储物柜（滑动式）,储物柜,品牌04,1200,滑动式,米色,8*1*1,8,BI15A,克里斯,出库,30052,拣货
LaOv1432Bl,黑色 品牌13 14英寸 笔记本电脑（32吉字节内存）,笔记本电脑,品牌13,14英寸,32吉字节内存,黑色,16*1*1,16,DZ67H,艾米,出库,30092,拣货
TaAE15FrGr,灰色 品牌05 1500 桌子（框架式）,桌子,品牌05,1500,框架式,灰色,8*1*1,8,CU63E,迈克,出库,30034,拣货
LaYn17i5Wh,白色 品牌15 17英寸 笔记本电脑（第5代处理器）,笔记本电脑,品牌15,17英寸,第5代处理器,白色,16*1*1,16,DS84D,迈克,出库,30045,拣货
TVGn32SFBl,黑色 品牌30 32英寸 电视机（超级全高清）,电视机,品牌30,32英寸,超级全高清,黑色,8*1*1,8,CN91F,简,出库,30040,拣货
TVGL42FHWh,白色 品牌31 42英寸 电视机（全高清）,电视机,品牌31,42英寸,全高清,白色,8*1*1,8,AW60G,艾米丽,出库,30044,拣货
OfXEMLeWh,白色 品牌06 中号 办公椅（皮革）,办公椅,品牌06,中号,皮革,白色,16*1*1,8,AM42H,简,出库,30033,拣货
CaWE18DoWh,白色 品牌02 1800 文件柜（带门式）,文件柜,品牌02,1800,带门式,白色,8*1*1,3,AK39D,亚历克斯,出库,30077,拣货
NoGrA5doGr,灰色 品牌18 五号纸 笔记本（点阵）,笔记本,品牌18,五号纸,点阵,灰色,48*10*5,2400,BG27G,简,出库,30023,拣货
NoGrA3ruWh,白色 品牌18 三号纸 笔记本（横线）,笔记本,品牌18,三号纸,横线,白色,48*10*5,2400,CG35A,艾米丽,出库,30079,拣货
PeAl12WaWh,白色 品牌20 12 铅笔（水彩）,铅笔,品牌20,12,水彩,白色,48*10*5,2223,AS78E,莎拉,出库,30061,拣货
MoRe35ErPi,粉色 品牌10 350 鼠标（人体工学）,鼠标,品牌10,350,人体工学,粉色,16*10*1,104,BG69G,约翰,出库,30028,拣货
GaXELAdPi,粉色 品牌06 大号 游戏椅（可调节）,游戏椅,品牌06,大号,可调节,粉色,16*1*1,16,DY52B,艾米,出库,30016,拣货
OfSEMErGr,灰色 品牌08 中号 办公椅（人体工学）,办公椅,品牌08,中号,人体工学,灰色,16*1*1,6,AI07H,莎拉,出库,30039,拣货
OfSEMHePi,粉色 品牌08 中号 办公椅（头枕）,办公椅,品牌08,中号,头枕,粉色,16*1*1,1,AK31D,艾米,出库,30057,拣货
AlSu178GWh,白色 品牌11 17英寸 一体机（8吉字节内存）,一体机,品牌11,17英寸,8吉字节内存,白色,16*1*1,16,CJ34G,莎拉,出库,30038,拣货
NoScA4doSi,银色 品牌17 四号纸 笔记本（点阵）,笔记本,品牌17,四号纸,点阵,银色,48*10*5,2400,BV67F,克里斯,出库,30008,拣货
KeSu27WiPi,粉色 品牌11 270 键盘（有线）,键盘,品牌11,270,有线,粉色,16*10*1,160,BF63A,亚历克斯,出库,30001,拣货
MoPH35ErNa,藏青色 品牌12 350 鼠标（人体工学）,鼠标,品牌12,350,人体工学,藏青色,16*10*1,160,AK85A,大卫,出库,30004,拣货
TVGn50FHBl,黑色 品牌30 50英寸 电视机（全高清）,电视机,品牌30,50英寸,全高清,黑色,8*1*1,5,BS38D,艾米,出库,30067,拣货
AlOv1716Si,银色 品牌13 17英寸 一体机（16吉字节内存）,一体机,品牌13,17英寸,16吉字节内存,银色,16*1*1,12,AM72G,艾米,出库,30053,拣货
TVYn32SFBl,黑色 品牌15 32英寸 电视机（超级全高清）,电视机,品牌15,32英寸,超级全高清,黑色,8*1*1,2,AZ81C,亚历克斯,出库,30057,拣货
AlOv1716Bl,黑色 品牌13 17英寸 一体机（16吉字节内存）,一体机,品牌13,17英寸,16吉字节内存,黑色,16*1*1,11,CK62B,约翰,出库,30070,拣货
OfXELLeGr,灰色 品牌06 大号 办公椅（皮革）,办公椅,品牌06,大号,皮革,灰色,16*1*1,3,BP25B,克里斯,出库,30064,拣货
KeHc27BlWh,白色 品牌09 270 键盘（蓝牙）,键盘,品牌09,270,蓝牙,白色,16*10*1,160,DM33C,劳拉,出库,30011,拣货
OfOGLLePi,粉色 品牌07 大号 办公椅（皮革）,办公椅,品牌07,大号,皮革,粉色,16*1*1,15,DJ37B,克里斯,出库,30044,拣货
AlSu1716Gr,灰色 品牌11 17英寸 一体机（16吉字节内存）,一体机,品牌11,17英寸,16吉字节内存,灰色,16*1*1,1,DJ07A,艾米丽,出库,30067,拣货
TVEs42FHBl,黑色 品牌32 42英寸 电视机（全高清）,电视机,品牌32,42英寸,全高清,黑色,8*1*1,8,DL25G,克里斯,出库,30028,拣货
AlSu1716Wh,白色 品牌11 17英寸 一体机（16吉字节内存）,一体机,品牌11,17英寸,16吉字节内存,白色,16*1*1,16,BU42C,莎拉,出库,30078,拣货
GaSESLeGr,灰色 品牌08 小号 游戏椅（皮革）,游戏椅,品牌08,小号,皮革,灰色,16*1*1,8,DN83G,莎拉,出库,30014,拣货
DrRG12FiBl,黑色 品牌03 1200 抽屉柜（文件收纳）,抽屉柜,品牌03,1200,文件收纳,黑色,8*1*1,6,BW23H,艾米,出库,30069,拣货
PrNoA4MoGr,灰色 品牌26 四号纸 打印机（黑白）,打印机,品牌26,四号纸,黑白,灰色,16*1*1,16,DU94D,亚历克斯,出库,30036,拣货
PeAl50SoGr,灰色 品牌20 50 铅笔（可溶性）,铅笔,品牌20,50,可溶性,灰色,48*10*5,2400,CV02A,莎拉,出库,30048,拣货
LaRe1432Wh,白色 品牌14 14英寸 笔记本电脑（32吉字节内存）,笔记本电脑,品牌14,14英寸,32吉字节内存,白色,16*1*1,16,DQ64D,克里斯,出库,30026,拣货
DrQE18FiWh,白色 品牌01 1800 抽屉柜（文件收纳）,抽屉柜,品牌01,1800,文件收纳,白色,8*1*1,8,CX03F,简,出库,30019,拣货
PeRe24HeGr,灰色 品牌22 24 铅笔（六角形）,铅笔,品牌22,24,六角形,灰色,48*10*5,2400,BV08D,劳拉,出库,30001,拣货
CuWE90FiGr,灰色 品牌02 900 储物柜（文件收纳）,储物柜,品牌02,900,文件收纳,灰色,8*1*1,8,BO46E,艾米,出库,30058,拣货
LaOv1532Si,银色 品牌13 15英寸 笔记本电脑（32吉字节内存）,笔记本电脑,品牌13,15英寸,32吉字节内存,银色,16*1*1,12,BG84H,迈克,出库,30069,拣货
CuWE18SlWh,白色 品牌02 1800 储物柜（滑动式）,储物柜,品牌02,1800,滑动式,白色,8*1*1,8,DH59H,莎拉,出库,30037,拣货
AlSu1432Wh,白色 品牌11 14英寸 一体机（32吉字节内存）,一体机,品牌11,14英寸,32吉字节内存,白色,16*1*1,7,DR96A,莎拉,出库,30028,拣货
MoSu35MePi,粉色 品牌11 350 鼠标（机械式）,鼠标,品牌11,350,机械式,粉色,16*10*1,126,BW04C,亚历克斯,出库,30019,拣货
PeAl12HeGr,灰色 品牌20 12 铅笔（六角形）,铅笔,品牌20,12,六角形,灰色,48*10*5,1660,DW70D,约翰,出库,30058,拣货
TVGn424KBl,黑色 品牌30 42英寸 电视机（超高清）,电视机,品牌30,42英寸,超高清,黑色,8*1*1,5,BP35H,克里斯,出库,30004,拣货
MoRe45BlNa,藏青色 品牌10 450 鼠标（蓝牙）,鼠标,品牌10,450,蓝牙,藏青色,16*10*1,160,DO22C,莎拉,出库,30085,拣货
TVYn32FHSi,银色 品牌15 32英寸 电视机（全高清）,电视机,品牌15,32英寸,全高清,银色,8*1*1,8,AM15D,艾米,出库,30074,拣货
PeNa12HeWh,白色 品牌23 12 铅笔（六角形）,铅笔,品牌23,12,六角形,白色,48*10*5,2400,DW27F,艾米,出库,30042,拣货
PeNa50WaPi,粉色 品牌23 50 铅笔（水彩）,铅笔,品牌23,50,水彩,粉色,48*10*5,2400,DP15D,劳拉,出库,30021,拣货
PrSoA2InWh,白色 品牌25 二号纸 打印机（喷墨）,打印机,品牌25,二号纸,喷墨,白色,16*1*1,16,AG75G,大卫,出库,30036,拣货
DrRG12DoBl,黑色 品牌03 1200 抽屉柜（带门式）,抽屉柜,品牌03,1200,带门式,黑色,8*1*1,5,AL07E,约翰,出库,30079,拣货
CuQE18FiBe,米色 品牌01 1800 储物柜（文件收纳）,储物柜,品牌01,1800,文件收纳,米色,8*1*1,8,DO27A,劳拉,出库,30025,拣货
MoPH45BlNa,藏青色 品牌12 450 鼠标（蓝牙）,鼠标,品牌12,450,蓝牙,藏青色,16*10*1,160,AH96D,大卫,出库,30062,拣货
TaAE18FrBl,黑色 品牌05 1800 桌子（框架式）,桌子,品牌05,1800,框架式,黑色,8*1*1,8,AH04F,艾米,出库,30004,拣货
CaRG18LoGr,灰色 品牌03 1800 文件柜（储物锁柜）,文件柜,品牌03,1800,储物锁柜,灰色,8*1*1,8,BX62H,迈克,出库,30046,拣货
PrReA4InGr,灰色 品牌24 四号纸 打印机（喷墨）,打印机,品牌24,四号纸,喷墨,灰色,16*1*1,3,DF88B,莎拉,出库,30057,拣货
MoHc27WiBl,黑色 品牌09 270 鼠标（有线）,鼠标,品牌09,270,有线,黑色,16*10*1,56,BZ84B,莎拉,出库,30003,拣货
AlPH158GSi,银色 品牌12 15英寸 一体机（8吉字节内存）,一体机,品牌12,15英寸,8吉字节内存,银色,16*1*1,16,CZ80H,简,出库,30035,拣货
AlYn148GGr,灰色 品牌15 14英寸 一体机（8吉字节内存）,一体机,品牌15,14英寸,8吉字节内存,灰色,16*1*1,16,CW05E,大卫,出库,30079,拣货
TaAE10WoGr,灰色 品牌05 1000 桌子（工作站）,桌子,品牌05,1000,工作站,灰色,8*1*1,2,DF57H,简,出库,30051,拣货
CuTE12LoWh,白色 品牌04 1200 储物柜（储物锁柜）,储物柜,品牌04,1200,储物锁柜,白色,8*1*1,4,CH02G,简,出库,30055,拣货
LaRe14i5Si,银色 品牌14 14英寸 笔记本电脑（第5代处理器）,笔记本电脑,品牌14,14英寸,第5代处理器,银色,16*1*1,12,AQ38G,艾米,出库,30049,拣货
PrSoA4LaBl,黑色 品牌25 四号纸 打印机（激光）,打印机,品牌25,四号纸,激光,黑色,16*1*1,16,AF11E,亚历克斯,出库,30006,拣货
TVYn50SFSi,银色 品牌15 50英寸 电视机（超级全高清）,电视机,品牌15,50英寸,超级全高清,银色,8*1*1,4,DM78D,约翰,出库,30008,拣货
PrPHA2LaWh,白色 品牌12 二号纸 打印机（激光）,打印机,品牌12,二号纸,激光,白色,16*1*1,7,BM46A,莎拉,出库,30056,拣货
MoPH27ErNa,藏青色 品牌12 270 鼠标（人体工学）,鼠标,品牌12,270,人体工学,藏青色,16*10*1,160,CQ22H,亚历克斯,出库,30083,拣货
MoRe45MeWh,白色 品牌10 450 鼠标（机械式）,鼠标,品牌10,450,机械式,白色,16*10*1,160,DQ88D,劳拉,出库,30093,拣货
TVGL654KSi,银色 品牌31 65英寸 电视机（超高清）,电视机,品牌31,65英寸,超高清,银色,8*1*1,8,CF81E,简,出库,30089,拣货
PrSoA4MoGr,灰色 品牌25 四号纸 打印机（黑白）,打印机,品牌25,四号纸,黑白,灰色,16*1*1,4,CJ78E,简,出库,30085,拣货
MoRe35MeNa,藏青色 品牌10 350 鼠标（机械式）,鼠标,品牌10,350,机械式,藏青色,16*10*1,160,DQ93H,艾米丽,出库,30090,拣货
PrPHA3InMi,混合色 品牌12 三号纸 打印机（喷墨）,打印机,品牌12,三号纸,喷墨,混合色,16*1*1,16,DX21F,艾米丽,出库,30060,拣货
LaSu178GGr,灰色 品牌11 17英寸 笔记本电脑（8吉字节内存）,笔记本电脑,品牌11,17英寸,8吉字节内存,灰色,16*1*1,16,BJ63A,约翰,出库,30092,拣货
DrQE90DoWh,白色 品牌01 900 抽屉柜（带门式）,抽屉柜,品牌01,900,带门式,白色,8*1*1,4,BJ24G,艾米丽,出库,30077,拣货
AlPH1732Wh,白色 品牌12 17英寸 一体机（32吉字节内存）,一体机,品牌12,17英寸,32吉字节内存,白色,16*1*1,16,AT15H,约翰,出库,30083,拣货
CaRG18FiGr,灰色 品牌03 1800 文件柜（文件收纳）,文件柜,品牌03,1800,文件收纳,灰色,8*1*1,8,AJ80H,克里斯,出库,30004,拣货
KeRe45ErPi,粉色 品牌10 450 键盘（人体工学）,键盘,品牌10,450,人体工学,粉色,16*10*1,160,AL18A,大卫,出库,30078,拣货
AlOv1432Gr,灰色 品牌13 14英寸 一体机（32吉字节内存）,一体机,品牌13,14英寸,32吉字节内存,灰色,16*1*1,16,CO46A,简,出库,30054,拣货
CuWE90SlBl,黑色 品牌02 900 储物柜（滑动式）,储物柜,品牌02,900,滑动式,黑色,8*1*1,5,BU91G,克里斯,出库,30028,拣货
OfXELErGr,灰色 品牌06 大号 办公椅（人体工学）,办公椅,品牌06,大号,人体工学,灰色,16*1*1,8,CH80C,亚历克斯,出库,30068,拣货
TVYn65S4Bl,黑色 品牌15 65英寸 电视机（超级超高清）,电视机,品牌15,65英寸,超级超高清,黑色,8*1*1,8,CI25B,大卫,出库,30040,拣货
TVGL50FHBl,黑色 品牌31 50英寸 电视机（全高清）,电视机,品牌31,50英寸,全高清,黑色,8*1*1,6,AU07C,简,出库,30053,拣货
LaRe1716Wh,白色 品牌14 17英寸 笔记本电脑（16吉字节内存）,笔记本电脑,品牌14,17英寸,16吉字节内存,白色,16*1*1,16,BI45D,迈克,出库,30091,拣货
LaYn17i7Bl,黑色 品牌15 17英寸 笔记本电脑（第7代处理器）,笔记本电脑,品牌15,17英寸,第7代处理器,黑色,16*1*1,14,DT37D,大卫,出库,30032,拣货
MoPH35BlPi,粉色 品牌12 350 鼠标（蓝牙）,鼠标,品牌12,350,蓝牙,粉色,16*10*1,109,CO75D,莎拉,出库,30031,拣货
TVGL42FHSi,银色 品牌31 42英寸 电视机（全高清）,电视机,品牌31,42英寸,全高清,银色,8*1*1,8,AF40D,亚历克斯,出库,30000,拣货
DrRG90SlWh,白色 品牌03 900 抽屉柜（滑动式）,抽屉柜,品牌03,900,滑动式,白色,8*1*1,5,AV03C,大卫,出库,30052,拣货
KeHc35ErPi,粉色 品牌09 350 键盘（人体工学）,键盘,品牌09,350,人体工学,粉色,16*10*1,160,BP88B,艾米,出库,30071,拣货
TVGn32FHSi,银色 品牌30 32英寸 电视机（全高清）,电视机,品牌30,32英寸,全高清,银色,8*1*1,1,CZ30G,克里斯,出库,30026,拣货
OfAEMErBl,黑色 品牌05 中号 办公椅（人体工学）,办公椅,品牌05,中号,人体工学,黑色,16*1*1,16,BU62G,约翰,出库,30020,拣货
PrPHA3LaMi,混合色 品牌12 三号纸 打印机（激光）,打印机,品牌12,三号纸,激光,混合色,16*1*1,5,CR22C,艾米,出库,30028,拣货
LaRe1516Gr,灰色 品牌14 15英寸 笔记本电脑（16吉字节内存）,笔记本电脑,品牌14,15英寸,16吉字节内存,灰色,16*1*1,16,CQ06D,艾米丽,出库,30022,拣货
KeRe27WiWh,白色 品牌10 270 键盘（有线）,键盘,品牌10,270,有线,白色,16*10*1,160,BZ78H,简,出库,30057,拣货
DrTE18DoWh,白色 品牌04 1800 抽屉柜（带门式）,抽屉柜,品牌04,1800,带门式,白色,8*1*1,5,DT35G,简,出库,30008,拣货
SPRe50HePi,粉色 品牌22 50 触控笔（六角形）,触控笔,品牌22,50,六角形,粉色,48*10*5,1115,BP34E,亚历克斯,出库,30039,拣货
SPRe24SoGr,灰色 品牌22 24 触控笔（可溶性）,触控笔,品牌22,24,可溶性,灰色,48*10*5,2400,AI36E,莎拉,出库,30011,拣货
SPNa24HeGr,灰色 品牌23 24 触控笔（六角形）,触控笔,品牌23,24,六角形,灰色,48*10*5,2400,DR79B,艾米,出库,30060,拣货
LaSu14i7Bl,黑色 品牌11 14英寸 笔记本电脑（第7代处理器）,笔记本电脑,品牌11,14英寸,第7代处理器,黑色,16*1*1,16,BI90H,大卫,出库,30047,拣货
SPRe50HeGr,灰色 品牌22 50 触控笔（六角形）,触控笔,品牌22,50,六角形,灰色,48*10*5,2400,BZ65D,劳拉,出库,30025,拣货
KeHc35MePi,粉色 品牌09 350 键盘（机械式）,键盘,品牌09,350,机械式,粉色,16*10*1,141,BJ93A,莎拉,出库,30043,拣货
PrNoA4LaMi,混合色 品牌26 四号纸 打印机（激光）,打印机,品牌26,四号纸,激光,混合色,16*1*1,16,CQ25E,亚历克斯,出库,30013,拣货
NoMuA3doGr,灰色 品牌19 三号纸 笔记本（点阵）,笔记本,品牌19,三号纸,点阵,灰色,48*10*5,8,AG16E,迈克,出库,30082,拣货
NoScA5ruSi,银色 品牌17 五号纸 笔记本（横线）,笔记本,品牌17,五号纸,横线,银色,48*10*5,996,AY96B,迈克,出库,30049,拣货
MoRe45BlNa,藏青色 品牌10 450 鼠标（蓝牙）,鼠标,品牌10,450,蓝牙,藏青色,16*10*1,135,DO79G,莎拉,出库,30089,拣货
TVYn324KGr,灰色 品牌15 32英寸 电视机（超高清）,电视机,品牌15,32英寸,超高清,灰色,8*1*1,4,AQ81F,劳拉,出库,30090,拣货
GaOGLHeGr,灰色 品牌07 大号 游戏椅（头枕）,游戏椅,品牌07,大号,头枕,灰色,16*1*1,16,AT05G,大卫,出库,30056,拣货
PrSoA4AlWh,白色 品牌25 四号纸 打印机（一体式）,打印机,品牌25,四号纸,一体式,白色,16*1*1,12,BW72A,艾米,出库,30058,拣货
OfOGLAdPi,粉色 品牌07 大号 办公椅（可调节）,办公椅,品牌07,大号,可调节,粉色,16*1*1,16,CT10C,约翰,出库,30031,拣货
CuRG12DoBl,黑色 品牌03 1200 储物柜（带门式）,储物柜,品牌03,1200,带门式,黑色,8*1*1,8,CM75A,莎拉,出库,30038,拣货
LaSu1516Si,银色 品牌11 15英寸 笔记本电脑（16吉字节内存）,笔记本电脑,品牌11,15英寸,16吉字节内存,银色,16*1*1,16,BP11G,迈克,出库,30029,拣货
LaRe14i5Gr,灰色 品牌14 14英寸 笔记本电脑（第5代处理器）,笔记本电脑,品牌14,14英寸,第5代处理器,灰色,16*1*1,16,AU92D,迈克,出库,30065,拣货
PrReA4AlGr,灰色 品牌24 四号纸 打印机（一体式）,打印机,品牌24,四号纸,一体式,灰色,16*1*1,16,DU31B,艾米丽,出库,30024,拣货
SPGi24SoPi,粉色 品牌21 24 触控笔（可溶性）,触控笔,品牌21,24,可溶性,粉色,48*10*5,1348,AV79F,艾米,出库,30074,拣货
TVGL32S4Bl,黑色 品牌31 32英寸 电视机（超级超高清）,电视机,品牌31,32英寸,超级超高清,黑色,8*1*1,6,DR27F,亚历克斯,出库,30067,拣货
DrRG12DoWh,白色 品牌03 1200 抽屉柜（带门式）,抽屉柜,品牌03,1200,带门式,白色,8*1*1,7,CL94E,约翰,出库,30027,拣货
DrWE90FiBl,黑色 品牌02 900 抽屉柜（文件收纳）,抽屉柜,品牌02,900,文件收纳,黑色,8*1*1,8,AQ68A,亚历克斯,出库,30068,拣货
PrPHA3WiMi,混合色 品牌12 三号纸 打印机（无线网络）,打印机,品牌12,三号纸,无线网络,混合色,16*1*1,14,CQ55C,艾米丽,出库,30022,拣货
LaPH1432Si,银色 品牌12 14英寸 笔记本电脑（32吉字节内存）,笔记本电脑,品牌12,14英寸,32吉字节内存,银色,16*1*1,16,BQ16B,莎拉,出库,30022,拣货
PeRe12HeWh,白色 品牌22 12 铅笔（六角形）,铅笔,品牌22,12,六角形,白色,48*10*5,2400,CY67C,克里斯,出库,30036,拣货
TaAE10AdWh,白色 品牌05 1000 桌子（可调节）,桌子,品牌05,1000,可调节,白色,8*1*1,5,DI56H,大卫,出库,30055,拣货
KeRe27WiBl,黑色 品牌10 270 键盘（有线）,键盘,品牌10,270,有线,黑色,16*10*1,160,AN88C,简,出库,30020,拣货
CuQE90SlGr,灰色 品牌01 900 储物柜（滑动式）,储物柜,品牌01,900,滑动式,灰色,8*1*1,5,CS45A,艾米丽,出库,30091,拣货
PrPHA2MoMi,混合色 品牌12 二号纸 打印机（黑白）,打印机,品牌12,二号纸,黑白,混合色,16*1*1,16,DH53A,克里斯,出库,30054,拣货
TaTR15AdBl,黑色 品牌28 1500 桌子（可调节）,桌子,品牌28,1500,可调节,黑色,8*1*1,8,BR16B,艾米丽,出库,30000,拣货
LaOv17i5Wh,白色 品牌13 17英寸 笔记本电脑（第5代处理器）,笔记本电脑,品牌13,17英寸,第5代处理器,白色,16*1*1,8,DF07F,克里斯,出库,30091,拣货
AlRe158GSi,银色 品牌14 15英寸 一体机（8吉字节内存）,一体机,品牌14,15英寸,8吉字节内存,银色,16*1*1,2,AF60A,艾米,出库,30091,拣货
AlYn178GSi,银色 品牌15 17英寸 一体机（8吉字节内存）,一体机,品牌15,17英寸,8吉字节内存,银色,16*1*1,1,BL83G,亚历克斯,出库,30092,拣货
MoHc45ErWh,白色 品牌09 450 鼠标（人体工学）,鼠标,品牌09,450,人体工学,白色,16*10*1,70,DK34E,莎拉,出库,30009,拣货
AlOv148GSi,银色 品牌13 14英寸 一体机（8吉字节内存）,一体机,品牌13,14英寸,8吉字节内存,银色,16*1*1,16,BH01C,大卫,出库,30076,拣货
AlOv1732Wh,白色 品牌13 17英寸 一体机（32吉字节内存）,一体机,品牌13,17英寸,32吉字节内存,白色,16*1*1,10,DO27F,克里斯,出库,30034,拣货
GaSELHeWh,白色 品牌08 大号 游戏椅（头枕）,游戏椅,品牌08,大号,头枕,白色,16*1*1,16,DO01H,约翰,出库,30033,拣货
CaRG18LoBl,黑色 品牌03 1800 文件柜（储物锁柜）,文件柜,品牌03,1800,储物锁柜,黑色,8*1*1,8,CP07F,克里斯,出库,30027,拣货
CuRG90SlGr,灰色 品牌03 900 储物柜（滑动式）,储物柜,品牌03,900,滑动式,灰色,8*1*1,8,BL52D,迈克,出库,30009,拣货
CuRG90LoGr,灰色 品牌03 900 储物柜（储物锁柜）,储物柜,品牌03,900,储物锁柜,灰色,8*1*1,8,CQ76G,劳拉,出库,30014,拣货
AlYn14i7Bl,黑色 品牌15 14英寸 一体机（第7代处理器）,一体机,品牌15,14英寸,第7代处理器,黑色,16*1*1,16,CP81A,艾米丽,出库,30046,拣货
DrTE12LoBe,米色 品牌04 1200 抽屉柜（储物锁柜）,抽屉柜,品牌04,1200,储物锁柜,米色,8*1*1,3,CN57A,莎拉,出库,30048,拣货
AlOv17i5Si,银色 品牌13 17英寸 一体机（第5代处理器）,一体机,品牌13,17英寸,第5代处理器,银色,16*1*1,16,AF57A,艾米,出库,30037,拣货
LaPH1416Gr,灰色 品牌12 14英寸 笔记本电脑（16吉字节内存）,笔记本电脑,品牌12,14英寸,16吉字节内存,灰色,16*1*1,16,AG15A,劳拉,出库,30062,拣货
NoExA3liSi,银色 品牌16 三号纸 笔记本（线条）,笔记本,品牌16,三号纸,线条,银色,48*10*5,2400,AT54D,劳拉,出库,30054,拣货
KeSu35MePi,粉色 品牌11 350 键盘（机械式）,键盘,品牌11,350,机械式,粉色,16*10*1,160,AZ89B,艾米丽,出库,30033,拣货
TaCI10AdBl,黑色 品牌27 1000 桌子（可调节）,桌子,品牌27,1000,可调节,黑色,8*1*1,8,BN58B,艾米,出库,30075,拣货
CuWE18FiGr,灰色 品牌02 1800 储物柜（文件收纳）,储物柜,品牌02,1800,文件收纳,灰色,8*1*1,5,BL07B,迈克,出库,30037,拣货
CaTE12LoWh,白色 品牌04 1200 文件柜（储物锁柜）,文件柜,品牌04,1200,储物锁柜,白色,8*1*1,1,AR86A,简,出库,30007,拣货
TVGn32S4Si,银色 品牌30 32英寸 电视机（超级超高清）,电视机,品牌30,32英寸,超级超高清,银色,8*1*1,6,CR28A,大卫,出库,30026,拣货
LaSu1732Si,银色 品牌11 17英寸 笔记本电脑（32吉字节内存）,笔记本电脑,品牌11,17英寸,32吉字节内存,银色,16*1*1,9,BH37G,莎拉,出库,30012,拣货
CaQE18SlBe,米色 品牌01 1800 文件柜（滑动式）,文件柜,品牌01,1800,滑动式,米色,8*1*1,8,DN66C,莎拉,出库,30067,拣货
TaTR18AuWh,白色 品牌29 1800 桌子（自动调节）,桌子,品牌29,1800,自动调节,白色,8*1*1,8,BW28A,艾米丽,出库,30081,拣货
CuTE18LoWh,白色 品牌04 1800 储物柜（储物锁柜）,储物柜,品牌04,1800,储物锁柜,白色,8*1*1,8,CX42C,约翰,出库,30065,拣货
MoHc27MePi,粉色 品牌09 270 鼠标（机械式）,鼠标,品牌09,270,机械式,粉色,16*10*1,118,CV61A,约翰,出库,30065,拣货
MoPH45WiNa,藏青色 品牌12 450 鼠标（有线）,鼠标,品牌12,450,有线,藏青色,16*10*1,141,CN41C,劳拉,出库,30009,拣货
DrRG18DoGr,灰色 品牌03 1800 抽屉柜（带门式）,抽屉柜,品牌03,1800,带门式,灰色,8*1*1,6,AY45G,大卫,出库,30068,拣货
PrSoA3MoGr,灰色 品牌25 三号纸 打印机（黑白）,打印机,品牌25,三号纸,黑白,灰色,16*1*1,5,DY45C,约翰,出库,30028,拣货
GaXESHeBl,黑色 品牌06 小号 游戏椅（头枕）,游戏椅,品牌06,小号,头枕,黑色,16*1*1,6,AX57B,迈克,出库,30095,拣货
AlRe1516Si,银色 品牌14 15英寸 一体机（16吉字节内存）,一体机,品牌14,15英寸,16吉字节内存,银色,16*1*1,16,BV91A,艾米,出库,30011,拣货
PeRe12WaWh,白色 品牌22 12 铅笔（水彩）,铅笔,品牌22,12,水彩,白色,48*10*5,2400,AI05B,劳拉,出库,30072,拣货
PrReA3InMi,混合色 品牌24 三号纸 打印机（喷墨）,打印机,品牌24,三号纸,喷墨,混合色,16*1*1,15,BL38B,约翰,出库,30041,拣货
TVGL75S4Gr,灰色 品牌31 75英寸 电视机（超级超高清）,电视机,品牌31,75英寸,超级超高清,灰色,8*1*1,8,DG67H,简,出库,30041,拣货
CaTE90FiGr,灰色 品牌04 900 文件柜（文件收纳）,文件柜,品牌04,900,文件收纳,灰色,8*1*1,8,DN37D,简,出库,30051,拣货
AlRe14i7Wh,白色 品牌14 14英寸 一体机（第7代处理器）,一体机,品牌14,14英寸,第7代处理器,白色,16*1*1,13,CQ95E,莎拉,出库,30057,拣货
OfAEMErPi,粉色 品牌05 中号 办公椅（人体工学）,办公椅,品牌05,中号,人体工学,粉色,16*1*1,6,AS60A,简,出库,30019,拣货
TaTR10AuWh,白色 品牌28 1000 桌子（自动调节）,桌子,品牌28,1000,自动调节,白色,8*1*1,8,BR28G,艾米丽,出库,30076,拣货
DrTE18DoBl,黑色 品牌04 1800 抽屉柜（带门式）,抽屉柜,品牌04,1800,带门式,黑色,8*1*1,6,DV51D,劳拉,出库,30099,拣货
AlYn14i5Si,银色 品牌15 14英寸 一体机（第5代处理器）,一体机,品牌15,14英寸,第5代处理器,银色,16*1*1,16,BF62H,劳拉,出库,30027,拣货
CaWE18DoBe,米色 品牌02 1800 文件柜（带门式）,文件柜,品牌02,1800,带门式,米色,8*1*1,8,DK53C,克里斯,出库,30011,拣货
SPGi12SoBl,黑色 品牌21 12 触控笔（可溶性）,触控笔,品牌21,12,可溶性,黑色,48*10*5,2400,BU28G,迈克,出库,30037,拣货
GaAESAdBl,黑色 品牌05 小号 游戏椅（可调节）,游戏椅,品牌05,小号,可调节,黑色,16*1*1,16,AR32C,克里斯,出库,30007,拣货
CuRG12FiBl,黑色 品牌03 1200 储物柜（文件收纳）,储物柜,品牌03,1200,文件收纳,黑色,8*1*1,8,AR81A,劳拉,出库,30029,拣货
GaOGLHeWh,白色 品牌07 大号 游戏椅（头枕）,游戏椅,品牌07,大号,头枕,白色,16*1*1,10,AJ04F,艾米丽,出库,30072,拣货
TVYn654KSi,银色 品牌15 65英寸 电视机（超高清）,电视机,品牌15,65英寸,超高清,银色,8*1*1,8,DP48A,艾米,出库,30088,拣货
KeRe35MePi,粉色 品牌10 350 键盘（机械式）,键盘,品牌10,350,机械式,粉色,16*10*1,40,AT60G,大卫,出库,30047,拣货
LaSu17i5Si,银色 品牌11 17英寸 笔记本电脑（第5代处理器）,笔记本电脑,品牌11,17英寸,第5代处理器,银色,16*1*1,16,CK12F,大卫,出库,30013,拣货
TVGL42FHWh,白色 品牌31 42英寸 电视机（全高清）,电视机,品牌31,42英寸,全高清,白色,8*1*1,2,AG71D,克里斯,出库,30021,拣货
CuTE12LoBe,米色 品牌04 1200 储物柜（储物锁柜）,储物柜,品牌04,1200,储物锁柜,米色,8*1*1,6,AZ53E,克里斯,出库,30093,拣货
PrPHA2MoMi,混合色 品牌12 二号纸 打印机（黑白）,打印机,品牌12,二号纸,黑白,混合色,16*1*1,16,BH47F,克里斯,出库,30039,拣货
KeSu27MeNa,藏青色 品牌11 270 键盘（机械式）,键盘,品牌11,270,机械式,藏青色,16*10*1,30,AU28B,大卫,出库,30067,拣货
GaAEMHePi,粉色 品牌05 中号 游戏椅（头枕）,游戏椅,品牌05,中号,头枕,粉色,16*1*1,16,DW59A,亚历克斯,出库,30065,拣货
AlPH1732Wh,白色 品牌12 17英寸 一体机（32吉字节内存）,一体机,品牌12,17英寸,32吉字节内存,白色,16*1*1,16,DF80H,大卫,出库,30065,拣货
PrReA2MoGr,灰色 品牌24 二号纸 打印机（黑白）,打印机,品牌24,二号纸,黑白,灰色,16*1*1,16,BR36F,简,出库,30049,拣货
CaWE18DoBe,米色 品牌02 1800 文件柜（带门式）,文件柜,品牌02,1800,带门式,米色,8*1*1,8,CR92H,约翰,出库,30036,拣货
GaSELAdWh,白色 品牌08 大号 游戏椅（可调节）,游戏椅,品牌08,大号,可调节,白色,16*1*1,2,CS63H,约翰,出库,30060,拣货
LaRe1716Si,银色 品牌14 17英寸 笔记本电脑（16吉字节内存）,笔记本电脑,品牌14,17英寸,16吉字节内存,银色,16*1*1,16,CJ16E,大卫,出库,30091,拣货
KeHc27MePi,粉色 品牌09 270 键盘（机械式）,键盘,品牌09,270,机械式,粉色,16*10*1,160,AM12G,约翰,出库,30086,拣货
KePH35BlPi,粉色 品牌12 350 键盘（蓝牙）,键盘,品牌12,350,蓝牙,粉色,16*10*1,43,BT46F,大卫,出库,30043,拣货
PrReA4WiBl,黑色 品牌24 四号纸 打印机（无线网络）,打印机,品牌24,四号纸,无线网络,黑色,16*1*1,16,DN15D,简,出库,30092,拣货
DrQE90DoGr,灰色 品牌01 900 抽屉柜（带门式）,抽屉柜,品牌01,900,带门式,灰色,8*1*1,4,BI95H,简,出库,30056,拣货
TVGL754KBl,黑色 品牌31 75英寸 电视机（超高清）,电视机,品牌31,75英寸,超高清,黑色,8*1*1,8,BG45G,简,出库,30031,拣货
AlPH1416Si,银色 品牌12 14英寸 一体机（16吉字节内存）,一体机,品牌12,14英寸,16吉字节内存,银色,16*1*1,14,BK77B,莎拉,出库,30087,拣货
AlOv148GSi,银色 品牌13 14英寸 一体机（8吉字节内存）,一体机,品牌13,14英寸,8吉字节内存,银色,16*1*1,12,AI93C,劳拉,出库,30042,拣货
SPRe24HeWh,白色 品牌22 24 触控笔（六角形）,触控笔,品牌22,24,六角形,白色,48*10*5,2400,DI83G,简,出库,30098,拣货
TVYn654KWh,白色 品牌15 65英寸 电视机（超高清）,电视机,品牌15,65英寸,超高清,白色,8*1*1,4,BH66G,劳拉,出库,30015,拣货
KeHc35ErNa,藏青色 品牌09 350 键盘（人体工学）,键盘,品牌09,350,人体工学,藏青色,16*10*1,76,BR33D,迈克,出库,30072,拣货
LaPH1732Gr,灰色 品牌12 17英寸 笔记本电脑（32吉字节内存）,笔记本电脑,品牌12,17英寸,32吉字节内存,灰色,16*1*1,16,AU42B,约翰,出库,30043,拣货
MoPH35BlPi,粉色 品牌12 350 鼠标（蓝牙）,鼠标,品牌12,350,蓝牙,粉色,16*10*1,160,DI44D,约翰,出库,30013,拣货
SPRe50SoBl,黑色 品牌22 50 触控笔（可溶性）,触控笔,品牌22,50,可溶性,黑色,48*10*5,1767,BM72B,莎拉,出库,30095,拣货
DrQE90FiBl,黑色 品牌01 900 抽屉柜（文件收纳）,抽屉柜,品牌01,900,文件收纳,黑色,8*1*1,8,DX76F,莎拉,出库,30026,拣货
OfAESErBl,黑色 品牌05 小号 办公椅（人体工学）,办公椅,品牌05,小号,人体工学,黑色,16*1*1,16,BL51F,艾米丽,出库,30065,拣货
NoScA4liBl,黑色 品牌17 四号纸 笔记本（线条）,笔记本,品牌17,四号纸,线条,黑色,48*10*5,1839,AF10D,劳拉,出库,30035,拣货
LaYn1516Si,银色 品牌15 15英寸 笔记本电脑（16吉字节内存）,笔记本电脑,品牌15,15英寸,16吉字节内存,银色,16*1*1,12,AK12H,克里斯,出库,30034,拣货
TVEs754KWh,白色 品牌32 75英寸 电视机（超高清）,电视机,品牌32,75英寸,超高清,白色,8*1*1,1,CM25C,简,出库,30087,拣货
AlRe1532Gr,灰色 品牌14 15英寸 一体机（32吉字节内存）,一体机,品牌14,15英寸,32吉字节内存,灰色,16*1*1,5,AJ35H,迈克,出库,30094,拣货
CuTE90LoBe,米色 品牌04 900 储物柜（储物锁柜）,储物柜,品牌04,900,储物锁柜,米色,8*1*1,2,AV89D,劳拉,出库,30018,拣货
CaTE18LoGr,灰色 品牌04 1800 文件柜（储物锁柜）,文件柜,品牌04,1800,储物锁柜,灰色,8*1*1,8,BM12F,约翰,出库,30089,拣货
CuTE90DoWh,白色 品牌04 900 储物柜（带门式）,储物柜,品牌04,900,带门式,白色,8*1*1,5,CT51H,克里斯,出库,30033,拣货
PrPHA3AlBl,黑色 品牌12 三号纸 打印机（一体式）,打印机,品牌12,三号纸,一体式,黑色,16*1*1,16,BT43G,艾米,出库,30028,拣货
DrQE18FiGr,灰色 品牌01 1800 抽屉柜（文件收纳）,抽屉柜,品牌01,1800,文件收纳,灰色,8*1*1,8,AQ64A,大卫,出库,30065,拣货
CaQE18FiBe,米色 品牌01 1800 文件柜（文件收纳）,文件柜,品牌01,1800,文件收纳,米色,8*1*1,8,BR59C,艾米,出库,30041,拣货
TaAE10AuGr,灰色 品牌05 1000 桌子（自动调节）,桌子,品牌05,1000,自动调节,灰色,8*1*1,8,CU33E,简,出库,30009,拣货
TaAE18AdSi,银色 品牌05 1800 桌子（可调节）,桌子,品牌05,1800,可调节,银色,8*1*1,8,BL88D,大卫,出库,30028,拣货
NoScA3doGr,灰色 品牌17 三号纸 笔记本（点阵）,笔记本,品牌17,三号纸,点阵,灰色,48*10*5,2400,BM70E,迈克,出库,30096,拣货
KeSu45BlWh,白色 品牌11 450 键盘（蓝牙）,键盘,品牌11,450,蓝牙,白色,16*10*1,33,DH57F,艾米丽,出库,30068,拣货
AlYn1532Si,银色 品牌15 15英寸 一体机（32吉字节内存）,一体机,品牌15,15英寸,32吉字节内存,银色,16*1*1,15,AN16G,克里斯,出库,30097,拣货
PrPHA3InGr,灰色 品牌12 三号纸 打印机（喷墨）,打印机,品牌12,三号纸,喷墨,灰色,16*1*1,16,DV75C,亚历克斯,出库,30001,拣货
KeRe45ErBl,黑色 品牌10 450 键盘（人体工学）,键盘,品牌10,450,人体工学,黑色,16*10*1,160,BX28C,简,出库,30059,拣货
GaAEMHeWh,白色 品牌05 中号 游戏椅（头枕）,游戏椅,品牌05,中号,头枕,白色,16*1*1,1,DU97F,艾米,出库,30025,拣货
TVYn32S4Si,银色 品牌15 32英寸 电视机（超级超高清）,电视机,品牌15,32英寸,超级超高清,银色,8*1*1,8,DR59E,大卫,出库,30043,拣货
TaTR18AdBl,黑色 品牌28 1800 桌子（可调节）,桌子,品牌28,1800,可调节,黑色,8*1*1,6,CG56B,克里斯,出库,30063,拣货
PeNa12WaBl,黑色 品牌23 12 铅笔（水彩）,铅笔,品牌23,12,水彩,黑色,48*10*5,1296,AK55H,约翰,出库,30038,拣货
TVGn42SFBl,黑色 品牌30 42英寸 电视机（超级全高清）,电视机,品牌30,42英寸,超级全高清,黑色,8*1*1,8,BU71F,约翰,出库,30045,拣货
LaPH1532Bl,黑色 品牌12 15英寸 笔记本电脑（32吉字节内存）,笔记本电脑,品牌12,15英寸,32吉字节内存,黑色,16*1*1,10,DV41E,艾米丽,出库,30092,拣货
NoGrA5ruBl,黑色 品牌18 五号纸 笔记本（横线）,笔记本,品牌18,五号纸,横线,黑色,48*10*5,2400,AT07E,大卫,出库,30080,拣货
TVEs32FHGr,灰色 品牌32 32英寸 电视机（全高清）,电视机,品牌32,32英寸,全高清,灰色,8*1*1,8,AM77D,艾米丽,出库,30041,拣货
DrWE90FiBl,黑色 品牌02 900 抽屉柜（文件收纳）,抽屉柜,品牌02,900,文件收纳,黑色,8*1*1,8,AI47H,艾米,出库,30083,拣货
TVEs324KGr,灰色 品牌32 32英寸 电视机（超高清）,电视机,品牌32,32英寸,超高清,灰色,8*1*1,7,DV42B,迈克,出库,30013,拣货
TVYn50SFBl,黑色 品牌15 50英寸 电视机（超级全高清）,电视机,品牌15,50英寸,超级全高清,黑色,8*1*1,5,AW63F,艾米,出库,30048,拣货
TaCI15FrWh,白色 品牌27 1500 桌子（框架式）,桌子,品牌27,1500,框架式,白色,8*1*1,8,BU09B,亚历克斯,出库,30019,拣货
LaRe158GBl,黑色 品牌14 15英寸 笔记本电脑（8吉字节内存）,笔记本电脑,品牌14,15英寸,8吉字节内存,黑色,16*1*1,16,CQ98H,艾米丽,出库,30095,拣货
CaWE18SlBl,黑色 品牌02 1800 文件柜（滑动式）,文件柜,品牌02,1800,滑动式,黑色,8*1*1,8,BQ26A,简,出库,30030,拣货
PrSoA4MoGr,灰色 品牌25 四号纸 打印机（黑白）,打印机,品牌25,四号纸,黑白,灰色,16*1*1,16,BN69G,莎拉,出库,30001,拣货
NoGrA5liWh,白色 品牌18 五号纸 笔记本（线条）,笔记本,品牌18,五号纸,线条,白色,48*10*5,569,BJ98F,亚历克斯,出库,30094,拣货
MoHc45WiBl,黑色 品牌09 450 鼠标（有线）,鼠标,品牌09,450,有线,黑色,16*10*1,160,AU18H,艾米丽,出库,30054,拣货
OfSEMAdGr,灰色 品牌08 中号 办公椅（可调节）,办公椅,品牌08,中号,可调节,灰色,16*1*1,16,AO69F,劳拉,出库,30069,拣货
GaAEMHeWh,白色 品牌05 中号 游戏椅（头枕）,游戏椅,品牌05,中号,头枕,白色,16*1*1,15,AO56A,莎拉,出库,30024,拣货
CuRG12FiBl,黑色 品牌03 1200 储物柜（文件收纳）,储物柜,品牌03,1200,文件收纳,黑色,8*1*1,8,DU40G,迈克,出库,30066,拣货
GaOGLHeBl,黑色 品牌07 大号 游戏椅（头枕）,游戏椅,品牌07,大号,头枕,黑色,16*1*1,14,AU47G,迈克,出库,30087,拣货
PrPHA3AlBl,黑色 品牌12 三号纸 打印机（一体式）,打印机,品牌12,三号纸,一体式,黑色,16*1*1,16,BW18F,劳拉,出库,30009,拣货
AlOv17i5Gr,灰色 品牌13 17英寸 一体机（第5代处理器）,一体机,品牌13,17英寸,第5代处理器,灰色,16*1*1,16,DT30G,大卫,出库,30027,拣货
CaWE90DoWh,白色 品牌02 900 文件柜（带门式）,文件柜,品牌02,900,带门式,白色,8*1*1,4,AL62A,迈克,出库,30006,拣货
LaOv15i7Bl,黑色 品牌13 15英寸 笔记本电脑（第7代处理器）,笔记本电脑,品牌13,15英寸,第7代处理器,黑色,16*1*1,14,BO64E,大卫,出库,30062,拣货
PrNoA3LaWh,白色 品牌26 三号纸 打印机（激光）,打印机,品牌26,三号纸,激光,白色,16*1*1,16,AO19C,大卫,出库,30077,拣货
PrPHA3WiGr,灰色 品牌12 三号纸 打印机（无线网络）,打印机,品牌12,三号纸,无线网络,灰色,16*1*1,16,AV62C,简,出库,30052,拣货
CaWE18LoBe,米色 品牌02 1800 文件柜（储物锁柜）,文件柜,品牌02,1800,储物锁柜,米色,8*1*1,8,AX28E,大卫,出库,30039,拣货
CaRG12LoBl,黑色 品牌03 1200 文件柜（储物锁柜）,文件柜,品牌03,1200,储物锁柜,黑色,8*1*1,8,CT87E,艾米丽,出库,30029,拣货
CuQE18DoGr,灰色 品牌01 1800 储物柜（带门式）,储物柜,品牌01,1800,带门式,灰色,8*1*1,8,AU07G,艾米,出库,30086,拣货
LaPH17i7Wh,白色 品牌12 17英寸 笔记本电脑（第7代处理器）,笔记本电脑,品牌12,17英寸,第7代处理器,白色,16*1*1,16,DO55F,大卫,出库,30026,拣货
GaSESLeBl,黑色 品牌08 小号 游戏椅（皮革）,游戏椅,品牌08,小号,皮革,黑色,16*1*1,16,AU57B,迈克,出库,30008,拣货
MoPH27BlWh,白色 品牌12 270 鼠标（蓝牙）,鼠标,品牌12,270,蓝牙,白色,16*10*1,160,CK41E,大卫,出库,30054,拣货
CaRG18FiBe,米色 品牌03 1800 文件柜（文件收纳）,文件柜,品牌03,1800,文件收纳,米色,8*1*1,8,DX07G,大卫,出库,30059,拣货
MoSu45MeNa,藏青色 品牌11 450 鼠标（机械式）,鼠标,品牌11,450,机械式,藏青色,16*10*1,160,BL20A,劳拉,出库,30044,拣货
NoMuA5ruBl,黑色 品牌19 五号纸 笔记本（横线）,笔记本,品牌19,五号纸,横线,黑色,48*10*5,2400,BN53D,简,出库,30031,拣货
CaQE18FiGr,灰色 品牌01 1800 文件柜（文件收纳）,文件柜,品牌01,1800,文件收纳,灰色,8*1*1,1,BK34E,莎拉,出库,30043,拣货
KeSu35WiNa,藏青色 品牌11 350 键盘（有线）,键盘,品牌11,350,有线,藏青色,16*10*1,112,CQ32A,迈克,出库,30057,拣货
DrQE90DoGr,灰色 品牌01 900 抽屉柜（带门式）,抽屉柜,品牌01,900,带门式,灰色,8*1*1,8,CJ32C,迈克,出库,30040,拣货
OfSESHeBl,黑色 品牌08 小号 办公椅（头枕）,办公椅,品牌08,小号,头枕,黑色,16*1*1,16,CU37G,莎拉,出库,30069,拣货
AlOv178GBl,黑色 品牌13 17英寸 一体机（8吉字节内存）,一体机,品牌13,17英寸,8吉字节内存,黑色,16*1*1,1,BO93G,克里斯,出库,30077,拣货
MoPH45ErBl,黑色 品牌12 450 鼠标（人体工学）,鼠标,品牌12,450,人体工学,黑色,16*10*1,160,DS26D,艾米丽,出库,30012,拣货
PrPHA2MoBl,黑色 品牌12 二号纸 打印机（黑白）,打印机,品牌12,二号纸,黑白,黑色,16*1*1,16,BP43A,迈克,出库,30054,拣货
SPGi24WaBl,黑色 品牌21 24 触控笔（水彩）,触控笔,品牌21,24,水彩,黑色,48*10*5,2400,CJ19A,劳拉,出库,30060,拣货
GaSESAdGr,灰色 品牌08 小号 游戏椅（可调节）,游戏椅,品牌08,小号,可调节,灰色,16*1*1,11,BU49A,简,出库,30044,拣货
CaQE12SlBl,黑色 品牌01 1200 文件柜（滑动式）,文件柜,品牌01,1200,滑动式,黑色,8*1*1,8,CW03G,大卫,出库,30068,拣货
NoScA4ruBl,黑色 品牌17 四号纸 笔记本（横线）,笔记本,品牌17,四号纸,横线,黑色,48*10*5,2400,BQ31C,艾米丽,出库,30002,拣货
TaTR18AdGr,灰色 品牌29 1800 桌子（可调节）,桌子,品牌29,1800,可调节,灰色,8*1*1,8,BY90F,大卫,出库,30048,拣货
TVGL65FHSi,银色 品牌31 65英寸 电视机（全高清）,电视机,品牌31,65英寸,全高清,银色,8*1*1,8,BY49F,大卫,出库,30048,拣货
KeHc35ErBl,黑色 品牌09 350 键盘（人体工学）,键盘,品牌09,350,人体工学,黑色,16*10*1,160,CQ82B,艾米丽,出库,30026,拣货
TaTR18AuSi,银色 品牌28 1800 桌子（自动调节）,桌子,品牌28,1800,自动调节,银色,8*1*1,3,AX71C,约翰,出库,30033,拣货
LaPH14i5Si,银色 品牌12 14英寸 笔记本电脑（第5代处理器）,笔记本电脑,品牌12,14英寸,第5代处理器,银色,16*1*1,4,CW97C,简,出库,30097,拣货
PrPHA4WiBl,黑色 品牌12 四号纸 打印机（无线网络）,打印机,品牌12,四号纸,无线网络,黑色,16*1*1,11,DF40H,克里斯,出库,30084,拣货
PrNoA4MoGr,灰色 品牌26 四号纸 打印机（黑白）,打印机,品牌26,四号纸,黑白,灰色,16*1*1,16,CV97H,约翰,出库,30023,拣货
DrWE18LoWh,白色 品牌02 1800 抽屉柜（储物锁柜）,抽屉柜,品牌02,1800,储物锁柜,白色,8*1*1,5,AM51G,迈克,出库,30086,拣货
CuRG12LoBl,黑色 品牌03 1200 储物柜（储物锁柜）,储物柜,品牌03,1200,储物锁柜,黑色,8*1*1,8,AG13B,简,出库,30000,拣货
CaRG18LoGr,灰色 品牌03 1800 文件柜（储物锁柜）,文件柜,品牌03,1800,储物锁柜,灰色,8*1*1,8,DM58H,大卫,出库,30021,拣货
AlYn15i7Wh,白色 品牌15 15英寸 一体机（第7代处理器）,一体机,品牌15,15英寸,第7代处理器,白色,16*1*1,16,AO07C,迈克,出库,30037,拣货
TVYn324KSi,银色 品牌15 32英寸 电视机（超高清）,电视机,品牌15,32英寸,超高清,银色,8*1*1,8,AT43E,克里斯,出库,30051,拣货
KeHc35ErWh,白色 品牌09 350 键盘（人体工学）,键盘,品牌09,350,人体工学,白色,16*10*1,160,AN59A,迈克,出库,30074,拣货
KeRe45BlWh,白色 品牌10 450 键盘（蓝牙）,键盘,品牌10,450,蓝牙,白色,16*10*1,160,AO77C,艾米,出库,30045,拣货
TaCI18AuGr,灰色 品牌27 1800 桌子（自动调节）,桌子,品牌27,1800,自动调节,灰色,8*1*1,2,CM22H,大卫,出库,30036,拣货
LaPH15i5Si,银色 品牌12 15英寸 笔记本电脑（第5代处理器）,笔记本电脑,品牌12,15英寸,第5代处理器,银色,16*1*1,9,DM81E,亚历克斯,出库,30097,拣货
NoMuA5liWh,白色 品牌19 五号纸 笔记本（线条）,笔记本,品牌19,五号纸,线条,白色,48*10*5,600,BX08E,莎拉,出库,30030,拣货
KeSu35MeBl,黑色 品牌11 350 键盘（机械式）,键盘,品牌11,350,机械式,黑色,16*10*1,160,BW94A,艾米丽,出库,30081,拣货
AlPH17i7Gr,灰色 品牌12 17英寸 一体机（第7代处理器）,一体机,品牌12,17英寸,第7代处理器,灰色,16*1*1,16,AW32G,约翰,出库,30002,拣货
DrQE18DoWh,白色 品牌01 1800 抽屉柜（带门式）,抽屉柜,品牌01,1800,带门式,白色,8*1*1,8,BV80A,约翰,出库,30051,拣货
PrNoA4MoGr,灰色 品牌26 四号纸 打印机（黑白）,打印机,品牌26,四号纸,黑白,灰色,16*1*1,16,DL77C,亚历克斯,出库,30014,拣货
PrPHA3MoBl,黑色 品牌12 三号纸 打印机（黑白）,打印机,品牌12,三号纸,黑白,黑色,16*1*1,16,AZ59F,迈克,出库,30032,拣货
TaTR15FrBl,黑色 品牌29 1500 桌子（框架式）,桌子,品牌29,1500,框架式,黑色,8*1*1,1,DM72B,劳拉,出库,30094,拣货
TVGL75SFSi,银色 品牌31 75英寸 电视机（超级全高清）,电视机,品牌31,75英寸,超级全高清,银色,8*1*1,8,BM62A,亚历克斯,出库,30056,拣货
PrNoA4LaWh,白色 品牌26 四号纸 打印机（激光）,打印机,品牌26,四号纸,激光,白色,16*1*1,16,BQ02B,艾米,出库,30086,拣货
AlYn1416Si,银色 品牌15 14英寸 一体机（16吉字节内存）,一体机,品牌15,14英寸,16吉字节内存,银色,16*1*1,3,DR44A,迈克,出库,30010,拣货
LaSu15i7Wh,白色 品牌11 15英寸 笔记本电脑（第7代处理器）,笔记本电脑,品牌11,15英寸,第7代处理器,白色,16*1*1,16,BZ49H,简,出库,30022,拣货
TaTR18AuSi,银色 品牌29 1800 桌子（自动调节）,桌子,品牌29,1800,自动调节,银色,8*1*1,8,CV21G,莎拉,出库,30056,拣货
TaAE15FrGr,灰色 品牌05 1500 桌子（框架式）,桌子,品牌05,1500,框架式,灰色,8*1*1,7,BQ67G,简,出库,30031,拣货
KeHc35WiPi,粉色 品牌09 350 键盘（有线）,键盘,品牌09,350,有线,粉色,16*10*1,92,DP16C,艾米丽,出库,30083,拣货
PrPHA4WiMi,混合色 品牌12 四号纸 打印机（无线网络）,打印机,品牌12,四号纸,无线网络,混合色,16*1*1,16,CV32G,克里斯,出库,30062,拣货
CaTE90LoBe,米色 品牌04 900 文件柜（储物锁柜）,文件柜,品牌04,900,储物锁柜,米色,8*1*1,8,CP84F,简,出库,30092,拣货
CuWE12LoBe,米色 品牌02 1200 储物柜（储物锁柜）,储物柜,品牌02,1200,储物锁柜,米色,8*1*1,8,DO50H,克里斯,出库,30022,拣货
LaRe14i7Gr,灰色 品牌14 14英寸 笔记本电脑（第7代处理器）,笔记本电脑,品牌14,14英寸,第7代处理器,灰色,16*1*1,16,BT32E,亚历克斯,出库,30013,拣货
CaWE18SlGr,灰色 品牌02 1800 文件柜（滑动式）,文件柜,品牌02,1800,滑动式,灰色,8*1*1,2,AS22F,莎拉,出库,30096,拣货
AlOv15i5Si,银色 品牌13 15英寸 一体机（第5代处理器）,一体机,品牌13,15英寸,第5代处理器,银色,16*1*1,12,CY76D,劳拉,出库,30054,拣货
KeRe45ErPi,粉色 品牌10 450 键盘（人体工学）,键盘,品牌10,450,人体工学,粉色,16*10*1,160,BL11D,大卫,出库,30059,拣货
NoExA5doSi,银色 品牌16 五号纸 笔记本（点阵）,笔记本,品牌16,五号纸,点阵,银色,48*10*5,2400,BM76C,约翰,出库,30047,拣货
MoHc27BlBl,黑色 品牌09 270 鼠标（蓝牙）,鼠标,品牌09,270,蓝牙,黑色,16*10*1,160,AH11E,艾米,出库,30089,拣货
CuRG90LoWh,白色 品牌03 900 储物柜（储物锁柜）,储物柜,品牌03,900,储物锁柜,白色,8*1*1,8,BR12E,克里斯,出库,30026,拣货
TVGn75S4Si,银色 品牌30 75英寸 电视机（超级超高清）,电视机,品牌30,75英寸,超级超高清,银色,8*1*1,8,AX95B,约翰,出库,30096,拣货
GaSEMLeGr,灰色 品牌08 中号 游戏椅（皮革）,游戏椅,品牌08,中号,皮革,灰色,16*1*1,16,DT65C,克里斯,出库,30069,拣货
AlYn178GSi,银色 品牌15 17英寸 一体机（8吉字节内存）,一体机,品牌15,17英寸,8吉字节内存,银色,16*1*1,12,CX09D,亚历克斯,出库,30094,拣货
LaYn178GWh,白色 品牌15 17英寸 笔记本电脑（8吉字节内存）,笔记本电脑,品牌15,17英寸,8吉字节内存,白色,16*1*1,16,BS46C,亚历克斯,出库,30031,拣货
PeRe12SoBl,黑色 品牌22 12 铅笔（可溶性）,铅笔,品牌22,12,可溶性,黑色,48*10*5,1642,CV10C,简,出库,30009,拣货
TVGn65S4Gr,灰色 品牌30 65英寸 电视机（超级超高清）,电视机,品牌30,65英寸,超级超高清,灰色,8*1*1,2,BM08G,亚历克斯,出库,30028,拣货
AlSu1532Bl,黑色 品牌11 15英寸 一体机（32吉字节内存）,一体机,品牌11,15英寸,32吉字节内存,黑色,16*1*1,16,BY82C,克里斯,出库,30042,拣货
LaSu15i5Wh,白色 品牌11 15英寸 笔记本电脑（第5代处理器）,笔记本电脑,品牌11,15英寸,第5代处理器,白色,16*1*1,8,CT36A,大卫,出库,30044,拣货
AlOv1432Bl,黑色 品牌13 14英寸 一体机（32吉字节内存）,一体机,品牌13,14英寸,32吉字节内存,黑色,16*1*1,16,DO34F,亚历克斯,出库,30088,拣货
AlPH1432Wh,白色 品牌12 14英寸 一体机（32吉字节内存）,一体机,品牌12,14英寸,32吉字节内存,白色,16*1*1,1,AL19E,莎拉,出库,30068,拣货
TaTR10AdWh,白色 品牌29 1000 桌子（可调节）,桌子,品牌29,1000,可调节,白色,8*1*1,3,DX96F,莎拉,出库,30022,拣货
NoExA5ruBl,黑色 品牌16 五号纸 笔记本（横线）,笔记本,品牌16,五号纸,横线,黑色,48*10*5,2400,DH16A,亚历克斯,出库,30081,拣货
OfOGLLeBl,黑色 品牌07 大号 办公椅（皮革）,办公椅,品牌07,大号,皮革,黑色,16*1*1,16,AI56H,简,出库,30026,拣货
PrNoA3LaBl,黑色 品牌26 三号纸 打印机（激光）,打印机,品牌26,三号纸,激光,黑色,16*1*1,16,BY91G,亚历克斯,出库,30039,拣货
AlRe148GWh,白色 品牌14 14英寸 一体机（8吉字节内存）,一体机,品牌14,14英寸,8吉字节内存,白色,16*1*1,16,BX13E,艾米,出库,30074,拣货
LaPH14i7Gr,灰色 品牌12 14英寸 笔记本电脑（第7代处理器）,笔记本电脑,品牌12,14英寸,第7代处理器,灰色,16*1*1,3,CV78A,亚历克斯,出库,30025,拣货
DrRG12DoBl,黑色 品牌03 1200 抽屉柜（带门式）,抽屉柜,品牌03,1200,带门式,黑色,8*1*1,8,DF94F,劳拉,出库,30001,拣货
CuQE12DoWh,白色 品牌01 1200 储物柜（带门式）,储物柜,品牌01,1200,带门式,白色,8*1*1,8,BO97H,艾米,出库,30095,拣货
CaTE90LoBe,米色 品牌04 900 文件柜（储物锁柜）,文件柜,品牌04,900,储物锁柜,米色,8*1*1,4,DG20D,艾米丽,出库,30066,拣货
LaPH148GBl,黑色 品牌12 14英寸 笔记本电脑（8吉字节内存）,笔记本电脑,品牌12,14英寸,8吉字节内存,黑色,16*1*1,16,DW38H,亚历克斯,出库,30077,拣货
GaSEMLePi,粉色 品牌08 中号 游戏椅（皮革）,游戏椅,品牌08,中号,皮革,粉色,16*1*1,16,BH81G,大卫,出库,30034,拣货
OfOGLErBl,黑色 品牌07 大号 办公椅（人体工学）,办公椅,品牌07,大号,人体工学,黑色,16*1*1,2,BG84D,迈克,出库,30086,拣货
CaTE90DoBe,米色 品牌04 900 文件柜（带门式）,文件柜,品牌04,900,带门式,米色,8*1*1,8,CH18F,大卫,出库,30027,拣货
LaPH15i5Si,银色 品牌12 15英寸 笔记本电脑（第5代处理器）,笔记本电脑,品牌12,15英寸,第5代处理器,银色,16*1*1,6,CX89G,艾米丽,出库,30046,拣货
PrSoA4WiGr,灰色 品牌25 四号纸 打印机（无线网络）,打印机,品牌25,四号纸,无线网络,灰色,16*1*1,16,DQ24C,大卫,出库,30089,拣货
MoRe35WiWh,白色 品牌10 350 鼠标（有线）,鼠标,品牌10,350,有线,白色,16*10*1,154,CJ77F,约翰,出库,30091,拣货
TVGn50SFSi,银色 品牌30 50英寸 电视机（超级全高清）,电视机,品牌30,50英寸,超级全高清,银色,8*1*1,8,BM55F,劳拉,出库,30079,拣货
TaTR18AdWh,白色 品牌29 1800 桌子（可调节）,桌子,品牌29,1800,可调节,白色,8*1*1,8,BN19B,劳拉,出库,30071,拣货
LaYn17i7Gr,灰色 品牌15 17英寸 笔记本电脑（第7代处理器）,笔记本电脑,品牌15,17英寸,第7代处理器,灰色,16*1*1,5,CX53D,劳拉,出库,30067,拣货
CaRG12SlWh,白色 品牌03 1200 文件柜（滑动式）,文件柜,品牌03,1200,滑动式,白色,8*1*1,6,AS34E,莎拉,出库,30000,拣货
GaSESErWh,白色 品牌08 小号 游戏椅（人体工学）,游戏椅,品牌08,小号,人体工学,白色,16*1*1,16,AF96E,艾米,出库,30045,拣货
CuTE12DoGr,灰色 品牌04 1200 储物柜（带门式）,储物柜,品牌04,1200,带门式,灰色,8*1*1,8,CH65F,简,出库,30073,拣货
DrTE12DoBe,米色 品牌04 1200 抽屉柜（带门式）,抽屉柜,品牌04,1200,带门式,米色,8*1*1,8,BY01A,约翰,出库,30067,拣货
LaPH158GSi,银色 品牌12 15英寸 笔记本电脑（8吉字节内存）,笔记本电脑,品牌12,15英寸,8吉字节内存,银色,16*1*1,14,AV26D,艾米丽,出库,30023,拣货
OfSESHeWh,白色 品牌08 小号 办公椅（头枕）,办公椅,品牌08,小号,头枕,白色,16*1*1,6,AW15E,亚历克斯,出库,30020,拣货
AlOv1432Si,银色 品牌13 14英寸 一体机（32吉字节内存）,一体机,品牌13,14英寸,32吉字节内存,银色,16*1*1,16,CG62F,简,出库,30039,拣货
NoGrA5ruGr,灰色 品牌18 五号纸 笔记本（横线）,笔记本,品牌18,五号纸,横线,灰色,48*10*5,1894,DX54E,劳拉,出库,30073,拣货
PeNa50SoPi,粉色 品牌23 50 铅笔（可溶性）,铅笔,品牌23,50,可溶性,粉色,48*10*5,1502,BK86C,莎拉,出库,30070,拣货
TaTR15WoWh,白色 品牌28 1500 桌子（工作站）,桌子,品牌28,1500,工作站,白色,8*1*1,2,AN40C,约翰,出库,30032,拣货
CuTE18LoBe,米色 品牌04 1800 储物柜（储物锁柜）,储物柜,品牌04,1800,储物锁柜,米色,8*1*1,3,CL34D,艾米,出库,30045,拣货
TVGn75SFSi,银色 品牌30 75英寸 电视机（超级全高清）,电视机,品牌30,75英寸,超级全高清,银色,8*1*1,8,DR62G,克里斯,出库,30017,拣货
TVEs65S4Wh,白色 品牌32 65英寸 电视机（超级超高清）,电视机,品牌32,65英寸,超级超高清,白色,8*1*1,8,DO53F,劳拉,出库,30015,拣货
GaOGSErBl,黑色 品牌07 小号 游戏椅（人体工学）,游戏椅,品牌07,小号,人体工学,黑色,16*1*1,16,CK92F,艾米丽,出库,30007,拣货
AlYn14i5Si,银色 品牌15 14英寸 一体机（第5代处理器）,一体机,品牌15,14英寸,第5代处理器,银色,16*1*1,16,DS47H,大卫,出库,30099,拣货
CaTE18DoGr,灰色 品牌04 1800 文件柜（带门式）,文件柜,品牌04,1800,带门式,灰色,8*1*1,8,CV36C,莎拉,出库,30058,拣货
GaXESAdWh,白色 品牌06 小号 游戏椅（可调节）,游戏椅,品牌06,小号,可调节,白色,16*1*1,16,CY37C,简,出库,30043,拣货
DrTE12LoGr,灰色 品牌04 1200 抽屉柜（储物锁柜）,抽屉柜,品牌04,1200,储物锁柜,灰色,8*1*1,7,AT39E,莎拉,出库,30026,拣货
LaRe14i5Bl,黑色 品牌14 14英寸 笔记本电脑（第5代处理器）,笔记本电脑,品牌14,14英寸,第5代处理器,黑色,16*1*1,16,AZ33G,亚历克斯,出库,30022,拣货
KeHc35MeNa,藏青色 品牌09 350 键盘（机械式）,键盘,品牌09,350,机械式,藏青色,16*10*1,160,DP51F,大卫,出库,30077,拣货
GaAESErGr,灰色 品牌05 小号 游戏椅（人体工学）,游戏椅,品牌05,小号,人体工学,灰色,16*1*1,16,BR22E,大卫,出库,30074,拣货
TVYn42S4Wh,白色 品牌15 42英寸 电视机（超级超高清）,电视机,品牌15,42英寸,超级超高清,白色,8*1*1,4,DV64H,约翰,出库,30057,拣货
TVYn424KWh,白色 品牌15 42英寸 电视机（超高清）,电视机,品牌15,42英寸,超高清,白色,8*1*1,8,BP12A,约翰,出库,30025,拣货
PeRe24HePi,粉色 品牌22 24 铅笔（六角形）,铅笔,品牌22,24,六角形,粉色,48*10*5,2226,AZ29B,亚历克斯,出库,30016,拣货
MoRe27BlNa,藏青色 品牌10 270 鼠标（蓝牙）,鼠标,品牌10,270,蓝牙,藏青色,16*10*1,160,CF93A,克里斯,出库,30028,拣货
SPGi24HeWh,白色 品牌21 24 触控笔（六角形）,触控笔,品牌21,24,六角形,白色,48*10*5,2400,BK68B,克里斯,出库,30062,拣货
KeRe35WiWh,白色 品牌10 350 键盘（有线）,键盘,品牌10,350,有线,白色,16*10*1,96,AR52G,艾米,出库,30033,拣货
DrQE12DoWh,白色 品牌01 1200 抽屉柜（带门式）,抽屉柜,品牌01,1200,带门式,白色,8*1*1,6,DI07C,亚历克斯,出库,30087,拣货
TVGL75S4Bl,黑色 品牌31 75英寸 电视机（超级超高清）,电视机,品牌31,75英寸,超级超高清,黑色,8*1*1,2,BS51B,约翰,出库,30059,拣货
DrTE12DoBe,米色 品牌04 1200 抽屉柜（带门式）,抽屉柜,品牌04,1200,带门式,米色,8*1*1,8,BT58B,劳拉,出库,30040,拣货
NoMuA4liWh,白色 品牌19 四号纸 笔记本（线条）,笔记本,品牌19,四号纸,线条,白色,48*10*5,2400,BS68D,劳拉,出库,30010,拣货
PeGi50SoGr,灰色 品牌21 50 铅笔（可溶性）,铅笔,品牌21,50,可溶性,灰色,48*10*5,868,AX38H,莎拉,出库,30046,拣货
MoSu45BlPi,粉色 品牌11 450 鼠标（蓝牙）,鼠标,品牌11,450,蓝牙,粉色,16*10*1,136,DO19C,简,出库,30041,拣货
TVYn32S4Bl,黑色 品牌15 32英寸 电视机（超级超高清）,电视机,品牌15,32英寸,超级超高清,黑色,8*1*1,8,AU80F,约翰,出库,30053,拣货
TVEs654KBl,黑色 品牌32 65英寸 电视机（超高清）,电视机,品牌32,65英寸,超高清,黑色,8*1*1,3,BP43H,莎拉,出库,30039,拣货
PeNa12SoGr,灰色 品牌23 12 铅笔（可溶性）,铅笔,品牌23,12,可溶性,灰色,48*10*5,2400,AQ61H,简,出库,30045,拣货
TVGL42S4Wh,白色 品牌31 42英寸 电视机（超级超高清）,电视机,品牌31,42英寸,超级超高清,白色,8*1*1,8,BV45C,克里斯,出库,30043,拣货
MoPH45MeBl,黑色 品牌12 450 鼠标（机械式）,鼠标,品牌12,450,机械式,黑色,16*10*1,160,BF89E,莎拉,出库,30040,拣货
CuRG90SlGr,灰色 品牌03 900 储物柜（滑动式）,储物柜,品牌03,900,滑动式,灰色,8*1*1,8,CX58D,简,出库,30082,拣货
LaOv1432Si,银色 品牌13 14英寸 笔记本电脑（32吉字节内存）,笔记本电脑,品牌13,14英寸,32吉字节内存,银色,16*1*1,12,BM67E,艾米,出库,30038,拣货
LaOv1516Si,银色 品牌13 15英寸 笔记本电脑（16吉字节内存）,笔记本电脑,品牌13,15英寸,16吉字节内存,银色,16*1*1,16,DW96A,迈克,出库,30011,拣货
MoRe45BlPi,粉色 品牌10 450 鼠标（蓝牙）,鼠标,品牌10,450,蓝牙,粉色,16*10*1,50,DT72F,大卫,出库,30040,拣货
LaOv17i5Wh,白色 品牌13 17英寸 笔记本电脑（第5代处理器）,笔记本电脑,品牌13,17英寸,第5代处理器,白色,16*1*1,16,DF81B,约翰,出库,30053,拣货
OfSELErGr,灰色 品牌08 大号 办公椅（人体工学）,办公椅,品牌08,大号,人体工学,灰色,16*1*1,4,DF81D,克里斯,出库,30005,拣货
OfOGLLeBl,黑色 品牌07 大号 办公椅（皮革）,办公椅,品牌07,大号,皮革,黑色,16*1*1,16,CJ07E,亚历克斯,出库,30085,拣货
LaOv1716Si,银色 品牌13 17英寸 笔记本电脑（16吉字节内存）,笔记本电脑,品牌13,17英寸,16吉字节内存,银色,16*1*1,16,CV30C,迈克,出库,30077,拣货
OfSEMLeBl,黑色 品牌08 中号 办公椅（皮革）,办公椅,品牌08,中号,皮革,黑色,16*1*1,16,CY07C,迈克,出库,30064,拣货
LaOv15i5Wh,白色 品牌13 15英寸 笔记本电脑（第5代处理器）,笔记本电脑,品牌13,15英寸,第5代处理器,白色,16*1*1,16,BV13C,克里斯,出库,30051,拣货
CaRG12SlWh,白色 品牌03 1200 文件柜（滑动式）,文件柜,品牌03,1200,滑动式,白色,8*1*1,8,CI53D,艾米,出库,30058,拣货
DrWE18FiBl,黑色 品牌02 1800 抽屉柜（文件收纳）,抽屉柜,品牌02,1800,文件收纳,黑色,8*1*1,8,CO34A,亚历克斯,出库,30031,拣货
PrSoA3MoMi,混合色 品牌25 三号纸 打印机（黑白）,打印机,品牌25,三号纸,黑白,混合色,16*1*1,11,DH85H,莎拉,出库,30061,拣货
LaOv1516Wh,白色 品牌13 15英寸 笔记本电脑（16吉字节内存）,笔记本电脑,品牌13,15英寸,16吉字节内存,白色,16*1*1,16,AH74C,莎拉,出库,30041,拣货
GaAEMErBl,黑色 品牌05 中号 游戏椅（人体工学）,游戏椅,品牌05,中号,人体工学,黑色,16*1*1,14,BT06H,约翰,出库,30089,拣货
CaTE18LoBe,米色 品牌04 1800 文件柜（储物锁柜）,文件柜,品牌04,1800,储物锁柜,米色,8*1*1,8,CN61F,克里斯,出库,30063,拣货
LaOv15i7Bl,黑色 品牌13 15英寸 笔记本电脑（第7代处理器）,笔记本电脑,品牌13,15英寸,第7代处理器,黑色,16*1*1,3,DI85E,艾米,出库,30017,拣货
PeNa24HeBl,黑色 品牌23 24 铅笔（六角形）,铅笔,品牌23,24,六角形,黑色,48*10*5,1298,BW32F,大卫,出库,30035,拣货
KeHc27WiPi,粉色 品牌09 270 键盘（有线）,键盘,品牌09,270,有线,粉色,16*10*1,104,DK32A,大卫,出库,30094,拣货
OfAESHeBl,黑色 品牌05 小号 办公椅（头枕）,办公椅,品牌05,小号,头枕,黑色,16*1*1,16,CG33H,艾米,出库,30053,拣货
LaYn15i5Si,银色 品牌15 15英寸 笔记本电脑（第5代处理器）,笔记本电脑,品牌15,15英寸,第5代处理器,银色,16*1*1,16,BV90D,劳拉,出库,30075,拣货
NoGrA4liGr,灰色 品牌18 四号纸 笔记本（线条）,笔记本,品牌18,四号纸,线条,灰色,48*10*5,845,BQ63B,劳拉,出库,30071,拣货
CuWE12LoBe,米色 品牌02 1200 储物柜（储物锁柜）,储物柜,品牌02,1200,储物锁柜,米色,8*1*1,1,AV44G,克里斯,出库,30021,拣货
DrWE12FiBe,米色 品牌02 1200 抽屉柜（文件收纳）,抽屉柜,品牌02,1200,文件收纳,米色,8*1*1,8,DJ70H,艾米,出库,30091,拣货
NoScA3ruSi,银色 品牌17 三号纸 笔记本（横线）,笔记本,品牌17,三号纸,横线,银色,48*10*5,332,BI70H,劳拉,出库,30014,拣货
SPAl50WaGr,灰色 品牌20 50 触控笔（水彩）,触控笔,品牌20,50,水彩,灰色,48*10*5,2400,AK18A,艾米,出库,30019,拣货
OfSESAdPi,粉色 品牌08 小号 办公椅（可调节）,办公椅,品牌08,小号,可调节,粉色,16*1*1,16,CO03H,亚历克斯,出库,30096,拣货
CuQE12SlBl,黑色 品牌01 1200 储物柜（滑动式）,储物柜,品牌01,1200,滑动式,黑色,8*1*1,8,BS61C,艾米,出库,30058,拣货
GaSELErPi,粉色 品牌08 大号 游戏椅（人体工学）,游戏椅,品牌08,大号,人体工学,粉色,16*1*1,4,AZ54C,劳拉,出库,30099,拣货
PrSoA3WiGr,灰色 品牌25 三号纸 打印机（无线网络）,打印机,品牌25,三号纸,无线网络,灰色,16*1*1,16,DY26E,劳拉,出库,30045,拣货
PrReA2InGr,灰色 品牌24 二号纸 打印机（喷墨）,打印机,品牌24,二号纸,喷墨,灰色,16*1*1,16,CI08E,莎拉,出库,30042,拣货
PrNoA2InGr,灰色 品牌26 二号纸 打印机（喷墨）,打印机,品牌26,二号纸,喷墨,灰色,16*1*1,16,AS69F,大卫,出库,30093,拣货
DrWE12DoBe,米色 品牌02 1200 抽屉柜（带门式）,抽屉柜,品牌02,1200,带门式,米色,8*1*1,1,DP57F,简,出库,30084,拣货
CaRG12DoGr,灰色 品牌03 1200 文件柜（带门式）,文件柜,品牌03,1200,带门式,灰色,8*1*1,5,BI02D,亚历克斯,出库,30030,拣货
AlOv1532Bl,黑色 品牌13 15英寸 一体机（32吉字节内存）,一体机,品牌13,15英寸,32吉字节内存,黑色,16*1*1,16,BV28B,莎拉,出库,30084,拣货
GaOGLLeGr,灰色 品牌07 大号 游戏椅（皮革）,游戏椅,品牌07,大号,皮革,灰色,16*1*1,1,BM91F,艾米,出库,30072,拣货
DrWE12SlBl,黑色 品牌02 1200 抽屉柜（滑动式）,抽屉柜,品牌02,1200,滑动式,黑色,8*1*1,8,BR38D,迈克,出库,30099,拣货
TVGL324KSi,银色 品牌31 32英寸 电视机（超高清）,电视机,品牌31,32英寸,超高清,银色,8*1*1,3,BF81F,简,出库,30081,拣货
MoPH35BlPi,粉色 品牌12 350 鼠标（蓝牙）,鼠标,品牌12,350,蓝牙,粉色,16*10*1,160,AX62D,大卫,出库,30041,拣货
GaAESLeBl,黑色 品牌05 小号 游戏椅（皮革）,游戏椅,品牌05,小号,皮革,黑色,16*1*1,14,DX30B,迈克,出库,30089,拣货
PrPHA4InGr,灰色 品牌12 四号纸 打印机（喷墨）,打印机,品牌12,四号纸,喷墨,灰色,16*1*1,16,DH96E,克里斯,出库,30047,拣货
LaSu14i7Gr,灰色 品牌11 14英寸 笔记本电脑（第7代处理器）,笔记本电脑,品牌11,14英寸,第7代处理器,灰色,16*1*1,7,CI15A,艾米丽,出库,30045,拣货
TaTR10WoWh,白色 品牌29 1000 桌子（工作站）,桌子,品牌29,1000,工作站,白色,8*1*1,5,CP63F,克里斯,出库,30058,拣货
TVGn65FHWh,白色 品牌30 65英寸 电视机（全高清）,电视机,品牌30,65英寸,全高清,白色,8*1*1,5,BI25B,克里斯,出库,30055,拣货
MoSu45ErWh,白色 品牌11 450 鼠标（人体工学）,鼠标,品牌11,450,人体工学,白色,16*10*1,3,CU06B,约翰,出库,30028,拣货
AlSu1532Gr,灰色 品牌11 15英寸 一体机（32吉字节内存）,一体机,品牌11,15英寸,32吉字节内存,灰色,16*1*1,5,AZ26E,莎拉,出库,30016,拣货
PeRe24WaBl,黑色 品牌22 24 铅笔（水彩）,铅笔,品牌22,24,水彩,黑色,48*10*5,170,BT84G,艾米丽,出库,30004,拣货
TaTR18AdWh,白色 品牌29 1800 桌子（可调节）,桌子,品牌29,1800,可调节,白色,8*1*1,4,CU65H,大卫,出库,30058,拣货
AlRe14i7Bl,黑色 品牌14 14英寸 一体机（第7代处理器）,一体机,品牌14,14英寸,第7代处理器,黑色,16*1*1,16,DS78G,艾米,出库,30086,拣货
MoSu45ErWh,白色 品牌11 450 鼠标（人体工学）,鼠标,品牌11,450,人体工学,白色,16*10*1,109,DZ31A,艾米,出库,30032,拣货
DrQE12DoGr,灰色 品牌01 1200 抽屉柜（带门式）,抽屉柜,品牌01,1200,带门式,灰色,8*1*1,8,DH50C,大卫,出库,30092,拣货
TVEs42SFSi,银色 品牌32 42英寸 电视机（超级全高清）,电视机,品牌32,42英寸,超级全高清,银色,8*1*1,4,DL37D,迈克,出库,30004,拣货
TaAE10AuGr,灰色 品牌05 1000 桌子（自动调节）,桌子,品牌05,1000,自动调节,灰色,8*1*1,7,CF82E,劳拉,出库,30044,拣货
GaAELHePi,粉色 品牌05 大号 游戏椅（头枕）,游戏椅,品牌05,大号,头枕,粉色,16*1*1,14,CT78F,克里斯,出库,30033,拣货
MoSu45MeNa,藏青色 品牌11 450 鼠标（机械式）,鼠标,品牌11,450,机械式,藏青色,16*10*1,160,CK88A,大卫,出库,30095,拣货
LaPH158GBl,黑色 品牌12 15英寸 笔记本电脑（8吉字节内存）,笔记本电脑,品牌12,15英寸,8吉字节内存,黑色,16*1*1,16,AZ77H,简,出库,30018,拣货
CaTE90DoBe,米色 品牌04 900 文件柜（带门式）,文件柜,品牌04,900,带门式,米色,8*1*1,8,CV23C,莎拉,出库,30018,拣货
DrQE12SlBe,米色 品牌01 1200 抽屉柜（滑动式）,抽屉柜,品牌01,1200,滑动式,米色,8*1*1,8,CW81C,莎拉,出库,30010,拣货
MoHc27WiWh,白色 品牌09 270 鼠标（有线）,鼠标,品牌09,270,有线,白色,16*10*1,160,AS38B,艾米,出库,30089,拣货
LaRe15i5Gr,灰色 品牌14 15英寸 笔记本电脑（第5代处理器）,笔记本电脑,品牌14,15英寸,第5代处理器,灰色,16*1*1,15,AG41G,简,出库,30087,拣货
TVEs32FHSi,银色 品牌32 32英寸 电视机（全高清）,电视机,品牌32,32英寸,全高清,银色,8*1*1,7,AT84D,艾米丽,出库,30033,拣货
NoScA4liWh,白色 品牌17 四号纸 笔记本（线条）,笔记本,品牌17,四号纸,线条,白色,48*10*5,2400,DG89C,大卫,出库,30046,拣货
TaAE15AdWh,白色 品牌05 1500 桌子（可调节）,桌子,品牌05,1500,可调节,白色,8*1*1,4,CX15C,约翰,出库,30032,拣货
GaSELLeGr,灰色 品牌08 大号 游戏椅（皮革）,游戏椅,品牌08,大号,皮革,灰色,16*1*1,16,BG77B,约翰,出库,30091,拣货
DrTE90DoBl,黑色 品牌04 900 抽屉柜（带门式）,抽屉柜,品牌04,900,带门式,黑色,8*1*1,2,BT39C,劳拉,出库,30030,拣货
GaSESErGr,灰色 品牌08 小号 游戏椅（人体工学）,游戏椅,品牌08,小号,人体工学,灰色,16*1*1,16,BU82G,艾米,出库,30017,拣货
CuTE12SlWh,白色 品牌04 1200 储物柜（滑动式）,储物柜,品牌04,1200,滑动式,白色,8*1*1,8,BH16B,艾米,出库,30024,拣货
PrPHA2AlMi,混合色 品牌12 二号纸 打印机（一体式）,打印机,品牌12,二号纸,一体式,混合色,16*1*1,10,AY91H,艾米,出库,30067,拣货
AlYn15i7Si,银色 品牌15 15英寸 一体机（第7代处理器）,一体机,品牌15,15英寸,第7代处理器,银色,16*1*1,10,BY55G,莎拉,出库,30020,拣货
NoGrA5doWh,白色 品牌18 五号纸 笔记本（点阵）,笔记本,品牌18,五号纸,点阵,白色,48*10*5,653,BT62H,艾米丽,出库,30061,拣货
LaSu178GGr,灰色 品牌11 17英寸 笔记本电脑（8吉字节内存）,笔记本电脑,品牌11,17英寸,8吉字节内存,灰色,16*1*1,16,DS76G,克里斯,出库,30005,拣货
SPRe12SoGr,灰色 品牌22 12 触控笔（可溶性）,触控笔,品牌22,12,可溶性,灰色,48*10*5,2127,BR45D,克里斯,出库,30009,拣货
MoSu45ErBl,黑色 品牌11 450 鼠标（人体工学）,鼠标,品牌11,450,人体工学,黑色,16*10*1,38,BY82F,简,出库,30013,拣货
MoSu35ErNa,藏青色 品牌11 350 鼠标（人体工学）,鼠标,品牌11,350,人体工学,藏青色,16*10*1,12,AN46B,艾米,出库,30056,拣货
MoPH35BlWh,白色 品牌12 350 鼠标（蓝牙）,鼠标,品牌12,350,蓝牙,白色,16*10*1,84,BJ24E,大卫,出库,30089,拣货
LaOv14i7Bl,黑色 品牌13 14英寸 笔记本电脑（第7代处理器）,笔记本电脑,品牌13,14英寸,第7代处理器,黑色,16*1*1,16,AO05G,约翰,出库,30061,拣货
MoSu27ErBl,黑色 品牌11 270 鼠标（人体工学）,鼠标,品牌11,270,人体工学,黑色,16*10*1,149,DO59C,艾米丽,出库,30024,拣货
LaOv148GWh,白色 品牌13 14英寸 笔记本电脑（8吉字节内存）,笔记本电脑,品牌13,14英寸,8吉字节内存,白色,16*1*1,16,BU22D,艾米丽,出库,30064,拣货
CuWE18FiBl,黑色 品牌02 1800 储物柜（文件收纳）,储物柜,品牌02,1800,文件收纳,黑色,8*1*1,5,CT85G,大卫,出库,30076,拣货
KeSu45MeNa,藏青色 品牌11 450 键盘（机械式）,键盘,品牌11,450,机械式,藏青色,16*10*1,160,AW39D,劳拉,出库,30033,拣货
TaTR15WoBl,黑色 品牌29 1500 桌子（工作站）,桌子,品牌29,1500,工作站,黑色,8*1*1,8,CP33A,约翰,出库,30090,拣货
CuQE18SlWh,白色 品牌01 1800 储物柜（滑动式）,储物柜,品牌01,1800,滑动式,白色,8*1*1,1,DH54E,大卫,出库,30026,拣货
TVGn324KBl,黑色 品牌30 32英寸 电视机（超高清）,电视机,品牌30,32英寸,超高清,黑色,8*1*1,7,DV86G,迈克,出库,30080,拣货
OfXESAdGr,灰色 品牌06 小号 办公椅（可调节）,办公椅,品牌06,小号,可调节,灰色,16*1*1,16,DH30A,克里斯,出库,30052,拣货
NoMuA4ruBl,黑色 品牌19 四号纸 笔记本（横线）,笔记本,品牌19,四号纸,横线,黑色,48*10*5,2400,BN80A,莎拉,出库,30031,拣货
LaSu15i7Bl,黑色 品牌11 15英寸 笔记本电脑（第7代处理器）,笔记本电脑,品牌11,15英寸,第7代处理器,黑色,16*1*1,5,DW06C,亚历克斯,出库,30002,拣货
OfXEMHeGr,灰色 品牌06 中号 办公椅（头枕）,办公椅,品牌06,中号,头枕,灰色,16*1*1,16,DQ69C,劳拉,出库,30058,拣货
CuTE90LoBe,米色 品牌04 900 储物柜（储物锁柜）,储物柜,品牌04,900,储物锁柜,米色,8*1*1,6,AS95D,克里斯,出库,30069,拣货
NoScA4liWh,白色 品牌17 四号纸 笔记本（线条）,笔记本,品牌17,四号纸,线条,白色,48*10*5,2400,CY34H,亚历克斯,出库,30028,拣货
PeRe24WaGr,灰色 品牌22 24 铅笔（水彩）,铅笔,品牌22,24,水彩,灰色,48*10*5,2375,CO73H,莎拉,出库,30056,拣货
DrTE90FiBe,米色 品牌04 900 抽屉柜（文件收纳）,抽屉柜,品牌04,900,文件收纳,米色,8*1*1,8,DK89B,简,出库,30047,拣货
AlPH15i5Si,银色 品牌12 15英寸 一体机（第5代处理器）,一体机,品牌12,15英寸,第5代处理器,银色,16*1*1,16,BT68E,克里斯,出库,30047,拣货
LaPH1416Gr,灰色 品牌12 14英寸 笔记本电脑（16吉字节内存）,笔记本电脑,品牌12,14英寸,16吉字节内存,灰色,16*1*1,8,CZ41E,劳拉,出库,30062,拣货
DrRG90LoBe,米色 品牌03 900 抽屉柜（储物锁柜）,抽屉柜,品牌03,900,储物锁柜,米色,8*1*1,8,AY23A,约翰,出库,30003,拣货
LaOv14i7Wh,白色 品牌13 14英寸 笔记本电脑（第7代处理器）,笔记本电脑,品牌13,14英寸,第7代处理器,白色,16*1*1,16,CS79E,大卫,出库,30076,拣货
MoRe27BlWh,白色 品牌10 270 鼠标（蓝牙）,鼠标,品牌10,270,蓝牙,白色,16*10*1,139,DJ68C,克里斯,出库,30011,拣货
MoSu27BlWh,白色 品牌11 270 鼠标（蓝牙）,鼠标,品牌11,270,蓝牙,白色,16*10*1,154,DT86H,简,出库,30008,拣货
TVYn324KWh,白色 品牌15 32英寸 电视机（超高清）,电视机,品牌15,32英寸,超高清,白色,8*1*1,8,DL41C,迈克,出库,30022,拣货
AlSu158GSi,银色 品牌11 15英寸 一体机（8吉字节内存）,一体机,品牌11,15英寸,8吉字节内存,银色,16*1*1,16,AT25D,艾米,出库,30041,拣货
AlPH14i7Si,银色 品牌12 14英寸 一体机（第7代处理器）,一体机,品牌12,14英寸,第7代处理器,银色,16*1*1,2,CT56C,约翰,出库,30076,拣货
CuWE18FiWh,白色 品牌02 1800 储物柜（文件收纳）,储物柜,品牌02,1800,文件收纳,白色,8*1*1,8,DM89E,克里斯,出库,30004,拣货
TaTR18AuSi,银色 品牌29 1800 桌子（自动调节）,桌子,品牌29,1800,自动调节,银色,8*1*1,8,DN67A,莎拉,出库,30083,拣货
TaTR15FrBl,黑色 品牌29 1500 桌子（框架式）,桌子,品牌29,1500,框架式,黑色,8*1*1,8,CG83C,迈克,出库,30095,拣货
DrTE90SlBl,黑色 品牌04 900 抽屉柜（滑动式）,抽屉柜,品牌04,900,滑动式,黑色,8*1*1,8,AX17B,莎拉,出库,30073,拣货
SPAl24SoWh,白色 品牌20 24 触控笔（可溶性）,触控笔,品牌20,24,可溶性,白色,48*10*5,16,CI35F,克里斯,出库,30041,拣货
TVGn32FHGr,灰色 品牌30 32英寸 电视机（全高清）,电视机,品牌30,32英寸,全高清,灰色,8*1*1,2,CX61D,克里斯,出库,30031,拣货
LaOv15i5Wh,白色 品牌13 15英寸 笔记本电脑（第5代处理器）,笔记本电脑,品牌13,15英寸,第5代处理器,白色,16*1*1,16,AH08F,莎拉,出库,30063,拣货
DrRG18SlGr,灰色 品牌03 1800 抽屉柜（滑动式）,抽屉柜,品牌03,1800,滑动式,灰色,8*1*1,8,DU86D,大卫,出库,30065,拣货
GaAESHePi,粉色 品牌05 小号 游戏椅（头枕）,游戏椅,品牌05,小号,头枕,粉色,16*1*1,16,BT15B,劳拉,出库,30059,拣货
CaWE12DoGr,灰色 品牌02 1200 文件柜（带门式）,文件柜,品牌02,1200,带门式,灰色,8*1*1,8,DG97H,迈克,出库,30057,拣货
PeGi24HePi,粉色 品牌21 24 铅笔（六角形）,铅笔,品牌21,24,六角形,粉色,48*10*5,1029,DJ89F,劳拉,出库,30050,拣货
LaYn17i7Gr,灰色 品牌15 17英寸 笔记本电脑（第7代处理器）,笔记本电脑,品牌15,17英寸,第7代处理器,灰色,16*1*1,4,DN14C,大卫,出库,30056,拣货
GaOGLErWh,白色 品牌07 大号 游戏椅（人体工学）,游戏椅,品牌07,大号,人体工学,白色,16*1*1,16,BI60G,克里斯,出库,30064,拣货
AlRe15i5Wh,白色 品牌14 15英寸 一体机（第5代处理器）,一体机,品牌14,15英寸,第5代处理器,白色,16*1*1,16,DP36E,艾米,出库,30040,拣货
CaRG12SlBe,米色 品牌03 1200 文件柜（滑动式）,文件柜,品牌03,1200,滑动式,米色,8*1*1,4,AX73E,劳拉,出库,30043,拣货
LaOv1732Gr,灰色 品牌13 17英寸 笔记本电脑（32吉字节内存）,笔记本电脑,品牌13,17英寸,32吉字节内存,灰色,16*1*1,16,CX66E,大卫,出库,30032,拣货
TaTR18FrGr,灰色 品牌29 1800 桌子（框架式）,桌子,品牌29,1800,框架式,灰色,8*1*1,8,DU58B,劳拉,出库,30073,拣货
TVGn654KGr,灰色 品牌30 65英寸 电视机（超高清）,电视机,品牌30,65英寸,超高清,灰色,8*1*1,8,BX40D,艾米丽,出库,30031,拣货
GaOGSLeWh,白色 品牌07 小号 游戏椅（皮革）,游戏椅,品牌07,小号,皮革,白色,16*1*1,11,BQ84A,约翰,出库,30002,拣货
MoHc35ErNa,藏青色 品牌09 350 鼠标（人体工学）,鼠标,品牌09,350,人体工学,藏青色,16*10*1,49,DY44G,简,出库,30055,拣货
CaTE90FiBl,黑色 品牌04 900 文件柜（文件收纳）,文件柜,品牌04,900,文件收纳,黑色,8*1*1,8,AI15F,约翰,出库,30004,拣货
OfOGMAdBl,黑色 品牌07 中号 办公椅（可调节）,办公椅,品牌07,中号,可调节,黑色,16*1*1,7,DZ47H,艾米,出库,30051,拣货
KeHc45ErNa,藏青色 品牌09 450 键盘（人体工学）,键盘,品牌09,450,人体工学,藏青色,16*10*1,160,CH42G,亚历克斯,出库,30041,拣货
NoMuA3liGr,灰色 品牌19 三号纸 笔记本（线条）,笔记本,品牌19,三号纸,线条,灰色,48*10*5,2400,DW47G,约翰,出库,30032,拣货
TVGL75FHSi,银色 品牌31 75英寸 电视机（全高清）,电视机,品牌31,75英寸,全高清,银色,8*1*1,4,BJ48C,克里斯,出库,30078,拣货
CuTE90FiGr,灰色 品牌04 900 储物柜（文件收纳）,储物柜,品牌04,900,文件收纳,灰色,8*1*1,8,DX19G,莎拉,出库,30009,拣货
TVGL65SFWh,白色 品牌31 65英寸 电视机（超级全高清）,电视机,品牌31,65英寸,超级全高清,白色,8*1*1,8,DK20B,大卫,出库,30027,拣货
MoHc35BlBl,黑色 品牌09 350 鼠标（蓝牙）,鼠标,品牌09,350,蓝牙,黑色,16*10*1,71,CS44E,艾米,出库,30075,拣货
OfAEMLeWh,白色 品牌05 中号 办公椅（皮革）,办公椅,品牌05,中号,皮革,白色,16*1*1,16,BY85D,克里斯,出库,30047,拣货
CuTE18DoGr,灰色 品牌04 1800 储物柜（带门式）,储物柜,品牌04,1800,带门式,灰色,8*1*1,1,BM14D,亚历克斯,出库,30090,拣货
OfAELLePi,粉色 品牌05 大号 办公椅（皮革）,办公椅,品牌05,大号,皮革,粉色,16*1*1,3,DI13E,莎拉,出库,30044,拣货
TVYn65S4Bl,黑色 品牌15 65英寸 电视机（超级超高清）,电视机,品牌15,65英寸,超级超高清,黑色,8*1*1,8,AR45C,大卫,出库,30068,拣货
CuTE18DoBe,米色 品牌04 1800 储物柜（带门式）,储物柜,品牌04,1800,带门式,米色,8*1*1,8,BZ29G,莎拉,出库,30029,拣货
GaSESErGr,灰色 品牌08 小号 游戏椅（人体工学）,游戏椅,品牌08,小号,人体工学,灰色,16*1*1,16,DM19D,艾米丽,出库,30084,拣货
CaQE12SlBl,黑色 品牌01 1200 文件柜（滑动式）,文件柜,品牌01,1200,滑动式,黑色,8*1*1,8,BX94C,简,出库,30037,拣货
TVGn42S4Bl,黑色 品牌30 42英寸 电视机（超级超高清）,电视机,品牌30,42英寸,超级超高清,黑色,8*1*1,2,AP29A,亚历克斯,出库,30093,拣货
PrSoA3WiBl,黑色 品牌25 三号纸 打印机（无线网络）,打印机,品牌25,三号纸,无线网络,黑色,16*1*1,16,CY32C,艾米,出库,30099,拣货
PrReA4InGr,灰色 品牌24 四号纸 打印机（喷墨）,打印机,品牌24,四号纸,喷墨,灰色,16*1*1,14,AH14F,大卫,出库,30044,拣货
MoRe45ErPi,粉色 品牌10 450 鼠标（人体工学）,鼠标,品牌10,450,人体工学,粉色,16*10*1,157,BY85A,约翰,出库,30068,拣货
PrPHA2MoMi,混合色 品牌12 二号纸 打印机（黑白）,打印机,品牌12,二号纸,黑白,混合色,16*1*1,16,DK55A,莎拉,出库,30096,拣货
PrPHA4LaBl,黑色 品牌12 四号纸 打印机（激光）,打印机,品牌12,四号纸,激光,黑色,16*1*1,16,BH74A,艾米,出库,30067,拣货
KeRe27WiPi,粉色 品牌10 270 键盘（有线）,键盘,品牌10,270,有线,粉色,16*10*1,119,BF80H,简,出库,30004,拣货
PrNoA4InMi,混合色 品牌26 四号纸 打印机（喷墨）,打印机,品牌26,四号纸,喷墨,混合色,16*1*1,16,AN03F,简,出库,30033,拣货
DrWE90FiBl,黑色 品牌02 900 抽屉柜（文件收纳）,抽屉柜,品牌02,900,文件收纳,黑色,8*1*1,4,BL24E,亚历克斯,出库,30093,拣货
DrTE90FiBl,黑色 品牌04 900 抽屉柜（文件收纳）,抽屉柜,品牌04,900,文件收纳,黑色,8*1*1,8,CP82C,克里斯,出库,30025,拣货
OfAESHeWh,白色 品牌05 小号 办公椅（头枕）,办公椅,品牌05,小号,头枕,白色,16*1*1,16,CG49C,简,出库,30007,拣货
TaTR18FrWh,白色 品牌28 1800 桌子（框架式）,桌子,品牌28,1800,框架式,白色,8*1*1,8,DH25H,艾米,出库,30026,拣货
SPNa24WaGr,灰色 品牌23 24 触控笔（水彩）,触控笔,品牌23,24,水彩,灰色,48*10*5,2400,DQ01F,莎拉,出库,30082,拣货
DrWE90FiBl,黑色 品牌02 900 抽屉柜（文件收纳）,抽屉柜,品牌02,900,文件收纳,黑色,8*1*1,8,BG16C,约翰,出库,30050,拣货
OfOGLErGr,灰色 品牌07 大号 办公椅（人体工学）,办公椅,品牌07,大号,人体工学,灰色,16*1*1,13,AU79F,大卫,出库,30068,拣货
NoGrA4liGr,灰色 品牌18 四号纸 笔记本（线条）,笔记本,品牌18,四号纸,线条,灰色,48*10*5,2400,CY83E,莎拉,出库,30052,拣货
TVEs65SFSi,银色 品牌32 65英寸 电视机（超级全高清）,电视机,品牌32,65英寸,超级全高清,银色,8*1*1,8,DQ98F,约翰,出库,30054,拣货
NoScA3ruWh,白色 品牌17 三号纸 笔记本（横线）,笔记本,品牌17,三号纸,横线,白色,48*10*5,1071,AH77C,艾米丽,出库,30069,拣货
DrTE12FiBl,黑色 品牌04 1200 抽屉柜（文件收纳）,抽屉柜,品牌04,1200,文件收纳,黑色,8*1*1,2,CH09F,克里斯,出库,30071,拣货
MoSu35MeWh,白色 品牌11 350 鼠标（机械式）,鼠标,品牌11,350,机械式,白色,16*10*1,73,BY68D,迈克,出库,30099,拣货
TVEs42SFGr,灰色 品牌32 42英寸 电视机（超级全高清）,电视机,品牌32,42英寸,超级全高清,灰色,8*1*1,8,BW34C,大卫,出库,30072,拣货
LaOv17i7Si,银色 品牌13 17英寸 笔记本电脑（第7代处理器）,笔记本电脑,品牌13,17英寸,第7代处理器,银色,16*1*1,6,CK56A,简,出库,30056,拣货
NoScA5doBl,黑色 品牌17 五号纸 笔记本（点阵）,笔记本,品牌17,五号纸,点阵,黑色,48*10*5,2400,CV81G,大卫,出库,30017,拣货
DrQE18SlWh,白色 品牌01 1800 抽屉柜（滑动式）,抽屉柜,品牌01,1800,滑动式,白色,8*1*1,8,DK19B,大卫,出库,30082,拣货
AlYn158GGr,灰色 品牌15 15英寸 一体机（8吉字节内存）,一体机,品牌15,15英寸,8吉字节内存,灰色,16*1*1,16,DW25D,克里斯,出库,30000,拣货
GaOGSHeWh,白色 品牌07 小号 游戏椅（头枕）,游戏椅,品牌07,小号,头枕,白色,16*1*1,1,AR14C,迈克,出库,30027,拣货
PrSoA3AlGr,灰色 品牌25 三号纸 打印机（一体式）,打印机,品牌25,三号纸,一体式,灰色,16*1*1,2,BR55H,约翰,出库,30044,拣货
CaRG18FiWh,白色 品牌03 1800 文件柜（文件收纳）,文件柜,品牌03,1800,文件收纳,白色,8*1*1,8,BL51C,劳拉,出库,30019,拣货
LaYn1416Si,银色 品牌15 14英寸 笔记本电脑（16吉字节内存）,笔记本电脑,品牌15,14英寸,16吉字节内存,银色,16*1*1,10,CM96D,简,出库,30083,拣货
PrPHA4LaWh,白色 品牌12 四号纸 打印机（激光）,打印机,品牌12,四号纸,激光,白色,16*1*1,16,BX82F,大卫,出库,30044,拣货
SPRe50HeBl,黑色 品牌22 50 触控笔（六角形）,触控笔,品牌22,50,六角形,黑色,48*10*5,2400,BQ56A,艾米,出库,30000,拣货
NoGrA5doBl,黑色 品牌18 五号纸 笔记本（点阵）,笔记本,品牌18,五号纸,点阵,黑色,48*10*5,2400,AM29D,亚历克斯,出库,30055,拣货
AlYn1532Wh,白色 品牌15 15英寸 一体机（32吉字节内存）,一体机,品牌15,15英寸,32吉字节内存,白色,16*1*1,16,CJ46F,大卫,出库,30044,拣货
LaYn14i5Wh,白色 品牌15 14英寸 笔记本电脑（第5代处理器）,笔记本电脑,品牌15,14英寸,第5代处理器,白色,16*1*1,16,BU67C,大卫,出库,30038,拣货
AlOv14i7Bl,黑色 品牌13 14英寸 一体机（第7代处理器）,一体机,品牌13,14英寸,第7代处理器,黑色,16*1*1,16,AF29C,大卫,出库,30037,拣货
PrNoA3InBl,黑色 品牌26 三号纸 打印机（喷墨）,打印机,品牌26,三号纸,喷墨,黑色,16*1*1,16,CH17B,劳拉,出库,30054,拣货
CaQE18DoBl,黑色 品牌01 1800 文件柜（带门式）,文件柜,品牌01,1800,带门式,黑色,8*1*1,8,BJ51F,克里斯,出库,30024,拣货
AlSu15i7Si,银色 品牌11 15英寸 一体机（第7代处理器）,一体机,品牌11,15英寸,第7代处理器,银色,16*1*1,16,CW64F,约翰,出库,30052,拣货
AlOv1732Gr,灰色 品牌13 17英寸 一体机（32吉字节内存）,一体机,品牌13,17英寸,32吉字节内存,灰色,16*1*1,16,CF31G,亚历克斯,出库,30073,拣货
NoGrA5liWh,白色 品牌18 五号纸 笔记本（线条）,笔记本,品牌18,五号纸,线条,白色,48*10*5,825,CZ27H,大卫,出库,30091,拣货
GaXELErBl,黑色 品牌06 大号 游戏椅（人体工学）,游戏椅,品牌06,大号,人体工学,黑色,16*1*1,10,BM43G,艾米,出库,30038,拣货
TVEs65FHWh,白色 品牌32 65英寸 电视机（全高清）,电视机,品牌32,65英寸,全高清,白色,8*1*1,8,DY15C,亚历克斯,出库,30085,拣货
DrTE90SlWh,白色 品牌04 900 抽屉柜（滑动式）,抽屉柜,品牌04,900,滑动式,白色,8*1*1,1,CU89E,莎拉,出库,30058,拣货
KeRe45ErBl,黑色 品牌10 450 键盘（人体工学）,键盘,品牌10,450,人体工学,黑色,16*10*1,156,CW20B,大卫,出库,30039,拣货
PrSoA4MoGr,灰色 品牌25 四号纸 打印机（黑白）,打印机,品牌25,四号纸,黑白,灰色,16*1*1,5,AW01A,艾米丽,出库,30049,拣货
CuTE18LoWh,白色 品牌04 1800 储物柜（储物锁柜）,储物柜,品牌04,1800,储物锁柜,白色,8*1*1,8,BN83D,亚历克斯,出库,30034,拣货
GaXELLeWh,白色 品牌06 大号 游戏椅（皮革）,游戏椅,品牌06,大号,皮革,白色,16*1*1,16,CG41B,简,出库,30010,拣货
SPRe50HePi,粉色 品牌22 50 触控笔（六角形）,触控笔,品牌22,50,六角形,粉色,48*10*5,2400,CS94H,亚历克斯,出库,30088,拣货
KePH35BlNa,藏青色 品牌12 350 键盘（蓝牙）,键盘,品牌12,350,蓝牙,藏青色,16*10*1,111,BO84E,艾米丽,出库,30054,拣货
KeSu35MeWh,白色 品牌11 350 键盘（机械式）,键盘,品牌11,350,机械式,白色,16*10*1,90,DH72F,亚历克斯,出库,30005,拣货
TVGL424KWh,白色 品牌31 42英寸 电视机（超高清）,电视机,品牌31,42英寸,超高清,白色,8*1*1,8,CJ94F,亚历克斯,出库,30048,拣货
AlOv1432Bl,黑色 品牌13 14英寸 一体机（32吉字节内存）,一体机,品牌13,14英寸,32吉字节内存,黑色,16*1*1,16,AV28A,艾米丽,出库,30082,拣货
OfXELAdGr,灰色 品牌06 大号 办公椅（可调节）,办公椅,品牌06,大号,可调节,灰色,16*1*1,16,DV93D,艾米,出库,30042,拣货
CuQE12LoGr,灰色 品牌01 1200 储物柜（储物锁柜）,储物柜,品牌01,1200,储物锁柜,灰色,8*1*1,8,AJ43E,亚历克斯,出库,30053,拣货
KeHc35MeWh,白色 品牌09 350 键盘（机械式）,键盘,品牌09,350,机械式,白色,16*10*1,160,AI47G,约翰,出库,30083,拣货
KeRe45ErPi,粉色 品牌10 450 键盘（人体工学）,键盘,品牌10,450,人体工学,粉色,16*10*1,104,DY73B,亚历克斯,出库,30024,拣货
AlRe17i5Wh,白色 品牌14 17英寸 一体机（第5代处理器）,一体机,品牌14,17英寸,第5代处理器,白色,16*1*1,2,CO51C,简,出库,30023,拣货
TaTR15AuBl,黑色 品牌29 1500 桌子（自动调节）,桌子,品牌29,1500,自动调节,黑色,8*1*1,6,AI04A,艾米丽,出库,30093,拣货
LaRe15i7Wh,白色 品牌14 15英寸 笔记本电脑（第7代处理器）,笔记本电脑,品牌14,15英寸,第7代处理器,白色,16*1*1,16,CS23E,艾米丽,出库,30094,拣货
LaYn15i5Gr,灰色 品牌15 15英寸 笔记本电脑（第5代处理器）,笔记本电脑,品牌15,15英寸,第5代处理器,灰色,16*1*1,16,BI01D,迈克,出库,30013,拣货
GaAELLeGr,灰色 品牌05 大号 游戏椅（皮革）,游戏椅,品牌05,大号,皮革,灰色,16*1*1,16,BQ82F,莎拉,出库,30038,拣货
TVEs75S4Gr,灰色 品牌32 75英寸 电视机（超级超高清）,电视机,品牌32,75英寸,超级超高清,灰色,8*1*1,4,BG53H,迈克,出库,30090,拣货
TaAE15FrBl,黑色 品牌05 1500 桌子（框架式）,桌子,品牌05,1500,框架式,黑色,8*1*1,7,AS23B,克里斯,出库,30027,拣货
MoSu27ErBl,黑色 品牌11 270 鼠标（人体工学）,鼠标,品牌11,270,人体工学,黑色,16*10*1,3,CW15H,艾米,出库,30039,拣货
DrQE18LoWh,白色 品牌01 1800 抽屉柜（储物锁柜）,抽屉柜,品牌01,1800,储物锁柜,白色,8*1*1,7,DJ90G,简,出库,30021,拣货
GaAEMErBl,黑色 品牌05 中号 游戏椅（人体工学）,游戏椅,品牌05,中号,人体工学,黑色,16*1*1,6,DY53E,艾米丽,出库,30053,拣货
DrQE90FiBe,米色 品牌01 900 抽屉柜（文件收纳）,抽屉柜,品牌01,900,文件收纳,米色,8*1*1,1,DY58E,劳拉,出库,30016,拣货
MoHc35MeBl,黑色 品牌09 350 鼠标（机械式）,鼠标,品牌09,350,机械式,黑色,16*10*1,160,AV28G,艾米丽,出库,30092,拣货
PrNoA3WiMi,混合色 品牌26 三号纸 打印机（无线网络）,打印机,品牌26,三号纸,无线网络,混合色,16*1*1,15,CK61H,简,出库,30073,拣货
CaTE90LoBe,米色 品牌04 900 文件柜（储物锁柜）,文件柜,品牌04,900,储物锁柜,米色,8*1*1,8,DQ84H,约翰,出库,30056,拣货
LaRe1732Gr,灰色 品牌14 17英寸 笔记本电脑（32吉字节内存）,笔记本电脑,品牌14,17英寸,32吉字节内存,灰色,16*1*1,16,AO62C,劳拉,出库,30072,拣货
AlSu178GBl,黑色 品牌11 17英寸 一体机（8吉字节内存）,一体机,品牌11,17英寸,8吉字节内存,黑色,16*1*1,16,AY01F,劳拉,出库,30014,拣货
PeNa50SoWh,白色 品牌23 50 铅笔（可溶性）,铅笔,品牌23,50,可溶性,白色,48*10*5,2134,DU74H,劳拉,出库,30050,拣货
AlRe158GWh,白色 品牌14 15英寸 一体机（8吉字节内存）,一体机,品牌14,15英寸,8吉字节内存,白色,16*1*1,16,DQ48A,克里斯,出库,30026,拣货
AlPH1516Gr,灰色 品牌12 15英寸 一体机（16吉字节内存）,一体机,品牌12,15英寸,16吉字节内存,灰色,16*1*1,7,CU08A,劳拉,出库,30080,拣货
DrTE90LoWh,白色 品牌04 900 抽屉柜（储物锁柜）,抽屉柜,品牌04,900,储物锁柜,白色,8*1*1,8,AT57B,迈克,出库,30025,拣货
AlPH14i5Wh,白色 品牌12 14英寸 一体机（第5代处理器）,一体机,品牌12,14英寸,第5代处理器,白色,16*1*1,16,BU58C,艾米,出库,30038,拣货
TaTR18AdSi,银色 品牌28 1800 桌子（可调节）,桌子,品牌28,1800,可调节,银色,8*1*1,8,DP53F,迈克,出库,30086,拣货
PrNoA3InWh,白色 品牌26 三号纸 打印机（喷墨）,打印机,品牌26,三号纸,喷墨,白色,16*1*1,16,BG19F,约翰,出库,30051,拣货
TaTR18AuGr,灰色 品牌29 1800 桌子（自动调节）,桌子,品牌29,1800,自动调节,灰色,8*1*1,2,BU01G,艾米丽,出库,30043,拣货
SPNa50WaBl,黑色 品牌23 50 触控笔（水彩）,触控笔,品牌23,50,水彩,黑色,48*10*5,1101,DG42C,迈克,出库,30096,拣货
KeSu27BlPi,粉色 品牌11 270 键盘（蓝牙）,键盘,品牌11,270,蓝牙,粉色,16*10*1,111,DK84A,艾米丽,出库,30042,拣货
GaSESHeBl,黑色 品牌08 小号 游戏椅（头枕）,游戏椅,品牌08,小号,头枕,黑色,16*1*1,13,DH54F,莎拉,出库,30067,拣货
CaWE12SlWh,白色 品牌02 1200 文件柜（滑动式）,文件柜,品牌02,1200,滑动式,白色,8*1*1,8,DM65B,艾米丽,出库,30097,拣货
GaSESAdGr,灰色 品牌08 小号 游戏椅（可调节）,游戏椅,品牌08,小号,可调节,灰色,16*1*1,16,DP89F,莎拉,出库,30006,拣货
KeHc35WiNa,藏青色 品牌09 350 键盘（有线）,键盘,品牌09,350,有线,藏青色,16*10*1,160,CI57E,迈克,出库,30080,拣货
CuRG18SlGr,灰色 品牌03 1800 储物柜（滑动式）,储物柜,品牌03,1800,滑动式,灰色,8*1*1,7,CW69A,亚历克斯,出库,30058,拣货
PrSoA4InGr,灰色 品牌25 四号纸 打印机（喷墨）,打印机,品牌25,四号纸,喷墨,灰色,16*1*1,16,DL91H,艾米丽,出库,30054,拣货
OfXELHeBl,黑色 品牌06 大号 办公椅（头枕）,办公椅,品牌06,大号,头枕,黑色,16*1*1,16,BH48D,亚历克斯,出库,30056,拣货
OfOGLErPi,粉色 品牌07 大号 办公椅（人体工学）,办公椅,品牌07,大号,人体工学,粉色,16*1*1,16,BT56E,简,出库,30042,拣货
SPRe50HeGr,灰色 品牌22 50 触控笔（六角形）,触控笔,品牌22,50,六角形,灰色,48*10*5,1054,DX17G,艾米,出库,30025,拣货
CuTE18DoBl,黑色 品牌04 1800 储物柜（带门式）,储物柜,品牌04,1800,带门式,黑色,8*1*1,8,AL30A,亚历克斯,出库,30078,拣货
DrRG18LoGr,灰色 品牌03 1800 抽屉柜（储物锁柜）,抽屉柜,品牌03,1800,储物锁柜,灰色,8*1*1,7,BW70G,克里斯,出库,30026,拣货
OfOGLErPi,粉色 品牌07 大号 办公椅（人体工学）,办公椅,品牌07,大号,人体工学,粉色,16*1*1,16,BS93D,艾米丽,出库,30069,拣货
AlRe1432Si,银色 品牌14 14英寸 一体机（32吉字节内存）,一体机,品牌14,14英寸,32吉字节内存,银色,16*1*1,16,BT27B,亚历克斯,出库,30022,拣货
DrRG18SlWh,白色 品牌03 1800 抽屉柜（滑动式）,抽屉柜,品牌03,1800,滑动式,白色,8*1*1,8,CL17H,克里斯,出库,30041,拣货
MoSu45ErWh,白色 品牌11 450 鼠标（人体工学）,鼠标,品牌11,450,人体工学,白色,16*10*1,93,DO91F,艾米丽,出库,30095,拣货
DrQE18DoBl,黑色 品牌01 1800 抽屉柜（带门式）,抽屉柜,品牌01,1800,带门式,黑色,8*1*1,8,CY70B,劳拉,出库,30028,拣货
MoRe27BlWh,白色 品牌10 270 鼠标（蓝牙）,鼠标,品牌10,270,蓝牙,白色,16*10*1,160,CI93H,大卫,出库,30048,拣货
DrWE12LoGr,灰色 品牌02 1200 抽屉柜（储物锁柜）,抽屉柜,品牌02,1200,储物锁柜,灰色,8*1*1,8,CW94F,克里斯,出库,30060,拣货
PrSoA3InMi,混合色 品牌25 三号纸 打印机（喷墨）,打印机,品牌25,三号纸,喷墨,混合色,16*1*1,14,AI55B,艾米丽,出库,30017,拣货
PrNoA4WiWh,白色 品牌26 四号纸 打印机（无线网络）,打印机,品牌26,四号纸,无线网络,白色,16*1*1,7,DY47H,艾米丽,出库,30007,拣货
AlRe1416Wh,白色 品牌14 14英寸 一体机（16吉字节内存）,一体机,品牌14,14英寸,16吉字节内存,白色,16*1*1,2,DM14D,艾米,出库,30072,拣货
TVEs75S4Wh,白色 品牌32 75英寸 电视机（超级超高清）,电视机,品牌32,75英寸,超级超高清,白色,8*1*1,1,BG17D,克里斯,出库,30020,拣货
LaRe1432Bl,黑色 品牌14 14英寸 笔记本电脑（32吉字节内存）,笔记本电脑,品牌14,14英寸,32吉字节内存,黑色,16*1*1,14,AM94C,迈克,出库,30030,拣货
LaRe1516Gr,灰色 品牌14 15英寸 笔记本电脑（16吉字节内存）,笔记本电脑,品牌14,15英寸,16吉字节内存,灰色,16*1*1,16,CG21E,艾米丽,出库,30025,拣货
PrPHA2LaMi,混合色 品牌12 二号纸 打印机（激光）,打印机,品牌12,二号纸,激光,混合色,16*1*1,6,DM40B,克里斯,出库,30038,拣货
TVGL75S4Si,银色 品牌31 75英寸 电视机（超级超高清）,电视机,品牌31,75英寸,超级超高清,银色,8*1*1,8,BQ02D,约翰,出库,30077,拣货
PrNoA2WiMi,混合色 品牌26 二号纸 打印机（无线网络）,打印机,品牌26,二号纸,无线网络,混合色,16*1*1,2,BW70B,大卫,出库,30012,拣货
NoGrA5liWh,白色 品牌18 五号纸 笔记本（线条）,笔记本,品牌18,五号纸,线条,白色,48*10*5,1595,BX07A,艾米,出库,30049,拣货
TaTR18AuGr,灰色 品牌29 1800 桌子（自动调节）,桌子,品牌29,1800,自动调节,灰色,8*1*1,8,AU31E,迈克,出库,30061,拣货
DrWE12LoGr,灰色 品牌02 1200 抽屉柜（储物锁柜）,抽屉柜,品牌02,1200,储物锁柜,灰色,8*1*1,1,CM05D,艾米,出库,30033,拣货
PrPHA2LaBl,黑色 品牌12 二号纸 打印机（激光）,打印机,品牌12,二号纸,激光,黑色,16*1*1,5,AP67A,莎拉,出库,30017,拣货
KeSu27ErWh,白色 品牌11 270 键盘（人体工学）,键盘,品牌11,270,人体工学,白色,16*10*1,160,BM87A,亚历克斯,出库,30028,拣货
KeHc45ErNa,藏青色 品牌09 450 键盘（人体工学）,键盘,品牌09,450,人体工学,藏青色,16*10*1,160,AL20H,约翰,出库,30035,拣货
AlSu1416Bl,黑色 品牌11 14英寸 一体机（16吉字节内存）,一体机,品牌11,14英寸,16吉字节内存,黑色,16*1*1,16,DN94G,亚历克斯,出库,30044,拣货
TVEs754KBl,黑色 品牌32 75英寸 电视机（超高清）,电视机,品牌32,75英寸,超高清,黑色,8*1*1,7,DM87G,劳拉,出库,30046,拣货
AlOv1716Bl,黑色 品牌13 17英寸 一体机（16吉字节内存）,一体机,品牌13,17英寸,16吉字节内存,黑色,16*1*1,13,BM30F,简,出库,30015,拣货
MoPH45BlPi,粉色 品牌12 450 鼠标（蓝牙）,鼠标,品牌12,450,蓝牙,粉色,16*10*1,98,AU84E,大卫,出库,30074,拣货
TaCI15AdGr,灰色 品牌27 1500 桌子（可调节）,桌子,品牌27,1500,可调节,灰色,8*1*1,4,DN50E,约翰,出库,30001,拣货
GaOGLHePi,粉色 品牌07 大号 游戏椅（头枕）,游戏椅,品牌07,大号,头枕,粉色,16*1*1,15,BX82B,艾米丽,出库,30047,拣货
CuTE90LoBe,米色 品牌04 900 储物柜（储物锁柜）,储物柜,品牌04,900,储物锁柜,米色,8*1*1,8,BP28B,艾米丽,出库,30020,拣货
PrPHA3InMi,混合色 品牌12 三号纸 打印机（喷墨）,打印机,品牌12,三号纸,喷墨,混合色,16*1*1,16,BS66D,约翰,出库,30044,拣货
GaAELAdBl,黑色 品牌05 大号 游戏椅（可调节）,游戏椅,品牌05,大号,可调节,黑色,16*1*1,12,BI06E,大卫,出库,30086,拣货
KePH45ErBl,黑色 品牌12 450 键盘（人体工学）,键盘,品牌12,450,人体工学,黑色,16*10*1,160,AW44F,劳拉,出库,30081,拣货
KeSu35BlWh,白色 品牌11 350 键盘（蓝牙）,键盘,品牌11,350,蓝牙,白色,16*10*1,86,DG81H,简,出库,30091,拣货
KeSu35MeBl,黑色 品牌11 350 键盘（机械式）,键盘,品牌11,350,机械式,黑色,16*10*1,160,AM76A,艾米丽,出库,30072,拣货
LaOv158GWh,白色 品牌13 15英寸 笔记本电脑（8吉字节内存）,笔记本电脑,品牌13,15英寸,8吉字节内存,白色,16*1*1,16,BI03C,亚历克斯,出库,30067,拣货
AlYn17i7Si,银色 品牌15 17英寸 一体机（第7代处理器）,一体机,品牌15,17英寸,第7代处理器,银色,16*1*1,1,DQ56G,艾米,出库,30081,拣货
CaRG18FiBl,黑色 品牌03 1800 文件柜（文件收纳）,文件柜,品牌03,1800,文件收纳,黑色,8*1*1,2,CL62F,劳拉,出库,30055,拣货
LaYn15i7Wh,白色 品牌15 15英寸 笔记本电脑（第7代处理器）,笔记本电脑,品牌15,15英寸,第7代处理器,白色,16*1*1,16,CJ42A,艾米,出库,30061,拣货
LaPH1732Wh,白色 品牌12 17英寸 笔记本电脑（32吉字节内存）,笔记本电脑,品牌12,17英寸,32吉字节内存,白色,16*1*1,16,AY01G,简,出库,30035,拣货
PrSoA4LaBl,黑色 品牌25 四号纸 打印机（激光）,打印机,品牌25,四号纸,激光,黑色,16*1*1,13,CF68B,约翰,出库,30081,拣货
MoPH27BlNa,藏青色 品牌12 270 鼠标（蓝牙）,鼠标,品牌12,270,蓝牙,藏青色,16*10*1,160,BR22B,克里斯,出库,30086,拣货
PrPHA3InWh,白色 品牌12 三号纸 打印机（喷墨）,打印机,品牌12,三号纸,喷墨,白色,16*1*1,16,DF32D,约翰,出库,30052,拣货
AlRe15i7Bl,黑色 品牌14 15英寸 一体机（第7代处理器）,一体机,品牌14,15英寸,第7代处理器,黑色,16*1*1,10,AN07H,艾米,出库,30094,拣货
OfAELAdBl,黑色 品牌05 大号 办公椅（可调节）,办公椅,品牌05,大号,可调节,黑色,16*1*1,16,AM88G,莎拉,出库,30061,拣货
AlPH1516Bl,黑色 品牌12 15英寸 一体机（16吉字节内存）,一体机,品牌12,15英寸,16吉字节内存,黑色,16*1*1,16,AS78C,艾米丽,出库,30033,拣货
LaRe158GBl,黑色 品牌14 15英寸 笔记本电脑（8吉字节内存）,笔记本电脑,品牌14,15英寸,8吉字节内存,黑色,16*1*1,16,CU60A,迈克,出库,30030,拣货
LaSu1732Wh,白色 品牌11 17英寸 笔记本电脑（32吉字节内存）,笔记本电脑,品牌11,17英寸,32吉字节内存,白色,16*1*1,12,CX17A,艾米丽,出库,30044,拣货
CaTE90FiGr,灰色 品牌04 900 文件柜（文件收纳）,文件柜,品牌04,900,文件收纳,灰色,8*1*1,8,DG90C,莎拉,出库,30009,拣货
PeNa50WaBl,黑色 品牌23 50 铅笔（水彩）,铅笔,品牌23,50,水彩,黑色,48*10*5,2400,CU12C,劳拉,出库,30019,拣货
AlSu17i5Bl,黑色 品牌11 17英寸 一体机（第5代处理器）,一体机,品牌11,17英寸,第5代处理器,黑色,16*1*1,5,AW24F,劳拉,出库,30020,拣货
PrSoA4WiGr,灰色 品牌25 四号纸 打印机（无线网络）,打印机,品牌25,四号纸,无线网络,灰色,16*1*1,4,DI89G,克里斯,出库,30083,拣货
NoExA4doWh,白色 品牌16 四号纸 笔记本（点阵）,笔记本,品牌16,四号纸,点阵,白色,48*10*5,693,BJ64E,艾米,出库,30071,拣货
KeSu27BlNa,藏青色 品牌11 270 键盘（蓝牙）,键盘,品牌11,270,蓝牙,藏青色,16*10*1,141,CR37G,艾米丽,出库,30037,拣货
CuQE18LoBe,米色 品牌01 1800 储物柜（储物锁柜）,储物柜,品牌01,1800,储物锁柜,米色,8*1*1,8,AU41A,迈克,出库,30049,拣货
TVYn50S4Si,银色 品牌15 50英寸 电视机（超级超高清）,电视机,品牌15,50英寸,超级超高清,银色,8*1*1,8,BV98A,简,出库,30072,拣货
TVEs65S4Si,银色 品牌32 65英寸 电视机（超级超高清）,电视机,品牌32,65英寸,超级超高清,银色,8*1*1,8,DP01E,迈克,出库,30096,拣货
PeGi24HePi,粉色 品牌21 24 铅笔（六角形）,铅笔,品牌21,24,六角形,粉色,48*10*5,2400,BM67F,艾米丽,出库,30079,拣货
PeRe12HePi,粉色 品牌22 12 铅笔（六角形）,铅笔,品牌22,12,六角形,粉色,48*10*5,2400,CS43A,艾米丽,出库,30043,拣货
AlRe14i5Wh,白色 品牌14 14英寸 一体机（第5代处理器）,一体机,品牌14,14英寸,第5代处理器,白色,16*1*1,1,DP70H,莎拉,出库,30050,拣货
CuTE18LoBl,黑色 品牌04 1800 储物柜（储物锁柜）,储物柜,品牌04,1800,储物锁柜,黑色,8*1*1,7,BV02H,大卫,出库,30026,拣货
TaTR10FrBl,黑色 品牌28 1000 桌子（框架式）,桌子,品牌28,1000,框架式,黑色,8*1*1,8,AN45C,艾米,出库,30045,拣货
TaAE18WoGr,灰色 品牌05 1800 桌子（工作站）,桌子,品牌05,1800,工作站,灰色,8*1*1,8,CO04B,约翰,出库,30076,拣货
SPGi24SoBl,黑色 品牌21 24 触控笔（可溶性）,触控笔,品牌21,24,可溶性,黑色,48*10*5,851,BI39F,简,出库,30037,拣货
TVGn32SFWh,白色 品牌30 32英寸 电视机（超级全高清）,电视机,品牌30,32英寸,超级全高清,白色,8*1*1,4,BK09A,艾米丽,出库,30036,拣货
KeSu27MeNa,藏青色 品牌11 270 键盘（机械式）,键盘,品牌11,270,机械式,藏青色,16*10*1,160,DS22H,亚历克斯,出库,30096,拣货
MoRe35BlNa,藏青色 品牌10 350 鼠标（蓝牙）,鼠标,品牌10,350,蓝牙,藏青色,16*10*1,160,AF18F,艾米丽,出库,30068,拣货
MoSu45WiPi,粉色 品牌11 450 鼠标（有线）,鼠标,品牌11,450,有线,粉色,16*10*1,18,CJ21G,艾米,出库,30069,拣货
TVYn75SFBl,黑色 品牌15 75英寸 电视机（超级全高清）,电视机,品牌15,75英寸,超级全高清,黑色,8*1*1,8,DY45E,亚历克斯,出库,30020,拣货
TVGn75S4Gr,灰色 品牌30 75英寸 电视机（超级超高清）,电视机,品牌30,75英寸,超级超高清,灰色,8*1*1,8,BW15F,艾米丽,出库,30003,拣货
NoExA3liGr,灰色 品牌16 三号纸 笔记本（线条）,笔记本,品牌16,三号纸,线条,灰色,48*10*5,2400,AI21G,迈克,出库,30094,拣货
KeHc35BlNa,藏青色 品牌09 350 键盘（蓝牙）,键盘,品牌09,350,蓝牙,藏青色,16*10*1,120,AV97H,约翰,出库,30052,拣货
OfAELLeBl,黑色 品牌05 大号 办公椅（皮革）,办公椅,品牌05,大号,皮革,黑色,16*1*1,6,AL10B,克里斯,出库,30099,拣货
TaTR10FrBl,黑色 品牌29 1000 桌子（框架式）,桌子,品牌29,1000,框架式,黑色,8*1*1,1,AK23E,简,出库,30056,拣货
PeRe50WaWh,白色 品牌22 50 铅笔（水彩）,铅笔,品牌22,50,水彩,白色,48*10*5,1804,BT20H,约翰,出库,30034,拣货
PrSoA2InBl,黑色 品牌25 二号纸 打印机（喷墨）,打印机,品牌25,二号纸,喷墨,黑色,16*1*1,16,DV32G,亚历克斯,出库,30051,拣货
CaWE12DoGr,灰色 品牌02 1200 文件柜（带门式）,文件柜,品牌02,1200,带门式,灰色,8*1*1,6,AV12A,克里斯,出库,30080,拣货
LaPH148GWh,白色 品牌12 14英寸 笔记本电脑（8吉字节内存）,笔记本电脑,品牌12,14英寸,8吉字节内存,白色,16*1*1,15,CL61G,大卫,出库,30015,拣货
AlSu17i5Si,银色 品牌11 17英寸 一体机（第5代处理器）,一体机,品牌11,17英寸,第5代处理器,银色,16*1*1,16,CX73B,艾米,出库,30066,拣货
GaAESHeBl,黑色 品牌05 小号 游戏椅（头枕）,游戏椅,品牌05,小号,头枕,黑色,16*1*1,16,CK14C,克里斯,出库,30089,拣货
CuTE90FiGr,灰色 品牌04 900 储物柜（文件收纳）,储物柜,品牌04,900,文件收纳,灰色,8*1*1,8,CH68G,迈克,出库,30031,拣货
NoMuA3doSi,银色 品牌19 三号纸 笔记本（点阵）,笔记本,品牌19,三号纸,点阵,银色,48*10*5,368,AP70A,克里斯,出库,30089,拣货
CaWE18DoGr,灰色 品牌02 1800 文件柜（带门式）,文件柜,品牌02,1800,带门式,灰色,8*1*1,7,BF62F,艾米丽,出库,30009,拣货
TVYn50SFGr,灰色 品牌15 50英寸 电视机（超级全高清）,电视机,品牌15,50英寸,超级全高清,灰色,8*1*1,1,BX17B,亚历克斯,出库,30062,拣货
TaAE10FrSi,银色 品牌05 1000 桌子（框架式）,桌子,品牌05,1000,框架式,银色,8*1*1,8,DQ03B,迈克,出库,30081,拣货
TaTR15AuWh,白色 品牌28 1500 桌子（自动调节）,桌子,品牌28,1500,自动调节,白色,8*1*1,6,DO91C,约翰,出库,30069,拣货
KePH35MeBl,黑色 品牌12 350 键盘（机械式）,键盘,品牌12,350,机械式,黑色,16*10*1,160,BO12H,亚历克斯,出库,30081,拣货
GaXEMLeBl,黑色 品牌06 中号 游戏椅（皮革）,游戏椅,品牌06,中号,皮革,黑色,16*1*1,16,CW09A,简,出库,30024,拣货
LaRe15i5Bl,黑色 品牌14 15英寸 笔记本电脑（第5代处理器）,笔记本电脑,品牌14,15英寸,第5代处理器,黑色,16*1*1,16,AF89E,迈克,出库,30098,拣货
OfXESLeBl,黑色 品牌06 小号 办公椅（皮革）,办公椅,品牌06,小号,皮革,黑色,16*1*1,13,AY92G,大卫,出库,30098,拣货
MoPH45MeWh,白色 品牌12 450 鼠标（机械式）,鼠标,品牌12,450,机械式,白色,16*10*1,160,DU56B,艾米,出库,30097,拣货
DrQE12FiBe,米色 品牌01 1200 抽屉柜（文件收纳）,抽屉柜,品牌01,1200,文件收纳,米色,8*1*1,1,BH25E,亚历克斯,出库,30025,拣货
PeAl12HeGr,灰色 品牌20 12 铅笔（六角形）,铅笔,品牌20,12,六角形,灰色,48*10*5,2400,DT79B,劳拉,出库,30018,拣货
CaRG18SlGr,灰色 品牌03 1800 文件柜（滑动式）,文件柜,品牌03,1800,滑动式,灰色,8*1*1,2,AM78B,克里斯,出库,30002,拣货
LaRe158GBl,黑色 品牌14 15英寸 笔记本电脑（8吉字节内存）,笔记本电脑,品牌14,15英寸,8吉字节内存,黑色,16*1*1,16,BG88D,艾米丽,出库,30010,拣货
LaRe158GGr,灰色 品牌14 15英寸 笔记本电脑（8吉字节内存）,笔记本电脑,品牌14,15英寸,8吉字节内存,灰色,16*1*1,16,DP61H,克里斯,出库,30093,拣货
PeAl50WaGr,灰色 品牌20 50 铅笔（水彩）,铅笔,品牌20,50,水彩,灰色,48*10*5,2400,DY48E,约翰,出库,30056,拣货
AlPH17i7Gr,灰色 品牌12 17英寸 一体机（第7代处理器）,一体机,品牌12,17英寸,第7代处理器,灰色,16*1*1,11,BZ93G,简,出库,30095,拣货
PeNa50HeGr,灰色 品牌23 50 铅笔（六角形）,铅笔,品牌23,50,六角形,灰色,48*10*5,2400,BO33H,亚历克斯,出库,30045,拣货
OfXESAdWh,白色 品牌06 小号 办公椅（可调节）,办公椅,品牌06,小号,可调节,白色,16*1*1,16,CT72F,大卫,出库,30073,拣货
AlPH1416Gr,灰色 品牌12 14英寸 一体机（16吉字节内存）,一体机,品牌12,14英寸,16吉字节内存,灰色,16*1*1,4,CP84C,亚历克斯,出库,30062,拣货
AlRe1432Gr,灰色 品牌14 14英寸 一体机（32吉字节内存）,一体机,品牌14,14英寸,32吉字节内存,灰色,16*1*1,5,DF04F,莎拉,出库,30067,拣货
PrSoA3LaMi,混合色 品牌25 三号纸 打印机（激光）,打印机,品牌25,三号纸,激光,混合色,16*1*1,13,CK49B,艾米,出库,30079,拣货
LaPH15i7Si,银色 品牌12 15英寸 笔记本电脑（第7代处理器）,笔记本电脑,品牌12,15英寸,第7代处理器,银色,16*1*1,3,CX97H,简,出库,30054,拣货
DrQE12SlBe,米色 品牌01 1200 抽屉柜（滑动式）,抽屉柜,品牌01,1200,滑动式,米色,8*1*1,8,DK22E,亚历克斯,出库,30059,拣货
TaTR18AuGr,灰色 品牌29 1800 桌子（自动调节）,桌子,品牌29,1800,自动调节,灰色,8*1*1,8,DU88H,艾米丽,出库,30069,拣货
TVGn424KBl,黑色 品牌30 42英寸 电视机（超高清）,电视机,品牌30,42英寸,超高清,黑色,8*1*1,8,AL31C,简,出库,30086,拣货
MoPH45BlWh,白色 品牌12 450 鼠标（蓝牙）,鼠标,品牌12,450,蓝牙,白色,16*10*1,47,CK97A,迈克,出库,30029,拣货
KeSu45WiNa,藏青色 品牌11 450 键盘（有线）,键盘,品牌11,450,有线,藏青色,16*10*1,160,BU21G,亚历克斯,出库,30021,拣货
OfXEMErWh,白色 品牌06 中号 办公椅（人体工学）,办公椅,品牌06,中号,人体工学,白色,16*1*1,16,BG48D,劳拉,出库,30021,拣货
DrTE12SlWh,白色 品牌04 1200 抽屉柜（滑动式）,抽屉柜,品牌04,1200,滑动式,白色,8*1*1,8,BU68F,简,出库,30085,拣货
PrSoA2MoWh,白色 品牌25 二号纸 打印机（黑白）,打印机,品牌25,二号纸,黑白,白色,16*1*1,13,BM88A,艾米丽,出库,30073,拣货
TVEs654KGr,灰色 品牌32 65英寸 电视机（超高清）,电视机,品牌32,65英寸,超高清,灰色,8*1*1,8,AV70B,约翰,出库,30098,拣货
OfOGLAdGr,灰色 品牌07 大号 办公椅（可调节）,办公椅,品牌07,大号,可调节,灰色,16*1*1,16,DQ30D,简,出库,30094,拣货
NoMuA4ruGr,灰色 品牌19 四号纸 笔记本（横线）,笔记本,品牌19,四号纸,横线,灰色,48*10*5,2277,DG62E,亚历克斯,出库,30081,拣货
PeGi50WaPi,粉色 品牌21 50 铅笔（水彩）,铅笔,品牌21,50,水彩,粉色,48*10*5,944,BF60D,简,出库,30038,拣货
PrPHA2LaMi,混合色 品牌12 二号纸 打印机（激光）,打印机,品牌12,二号纸,激光,混合色,16*1*1,16,DJ13B,艾米丽,出库,30080,拣货
PeAl50HeBl,黑色 品牌20 50 铅笔（六角形）,铅笔,品牌20,50,六角形,黑色,48*10*5,2400,CO46G,艾米丽,出库,30079,拣货
KeSu35ErNa,藏青色 品牌11 350 键盘（人体工学）,键盘,品牌11,350,人体工学,藏青色,16*10*1,160,AR67H,迈克,出库,30072,拣货
MoPH35MeNa,藏青色 品牌12 350 鼠标（机械式）,鼠标,品牌12,350,机械式,藏青色,16*10*1,69,AO54G,艾米,出库,30004,拣货
PrPHA3AlGr,灰色 品牌12 三号纸 打印机（一体式）,打印机,品牌12,三号纸,一体式,灰色,16*1*1,16,CS13G,迈克,出库,30032,拣货
NoGrA3ruWh,白色 品牌18 三号纸 笔记本（横线）,笔记本,品牌18,三号纸,横线,白色,48*10*5,479,CG19E,大卫,出库,30021,拣货
TaTR15FrGr,灰色 品牌29 1500 桌子（框架式）,桌子,品牌29,1500,框架式,灰色,8*1*1,8,DF33A,简,出库,30026,拣货
CuWE12SlBl,黑色 品牌02 1200 储物柜（滑动式）,储物柜,品牌02,1200,滑动式,黑色,8*1*1,7,DK54A,劳拉,出库,30060,拣货
TVGn654KGr,灰色 品牌30 65英寸 电视机（超高清）,电视机,品牌30,65英寸,超高清,灰色,8*1*1,8,BX65D,莎拉,出库,30013,拣货
CaRG12SlGr,灰色 品牌03 1200 文件柜（滑动式）,文件柜,品牌03,1200,滑动式,灰色,8*1*1,8,AF78C,大卫,出库,30025,拣货
MoPH27MePi,粉色 品牌12 270 鼠标（机械式）,鼠标,品牌12,270,机械式,粉色,16*10*1,67,BV62G,亚历克斯,出库,30079,拣货
GaXELAdGr,灰色 品牌06 大号 游戏椅（可调节）,游戏椅,品牌06,大号,可调节,灰色,16*1*1,16,BR34A,劳拉,出库,30094,拣货
LaOv14i5Wh,白色 品牌13 14英寸 笔记本电脑（第5代处理器）,笔记本电脑,品牌13,14英寸,第5代处理器,白色,16*1*1,14,DK38F,劳拉,出库,30087,拣货
OfOGMLeGr,灰色 品牌07 中号 办公椅（皮革）,办公椅,品牌07,中号,皮革,灰色,16*1*1,16,AY47H,克里斯,出库,30050,拣货
KePH35WiNa,藏青色 品牌12 350 键盘（有线）,键盘,品牌12,350,有线,藏青色,16*10*1,160,BL22H,迈克,出库,30092,拣货
CaRG12SlBl,黑色 品牌03 1200 文件柜（滑动式）,文件柜,品牌03,1200,滑动式,黑色,8*1*1,2,DY92C,简,出库,30000,拣货
GaAELErPi,粉色 品牌05 大号 游戏椅（人体工学）,游戏椅,品牌05,大号,人体工学,粉色,16*1*1,16,CO72D,艾米丽,出库,30088,拣货
CuQE12LoBl,黑色 品牌01 1200 储物柜（储物锁柜）,储物柜,品牌01,1200,储物锁柜,黑色,8*1*1,1,BJ32C,大卫,出库,30053,拣货
CuWE18LoBl,黑色 品牌02 1800 储物柜（储物锁柜）,储物柜,品牌02,1800,储物锁柜,黑色,8*1*1,2,AU22F,大卫,出库,30044,拣货
KeSu35WiWh,白色 品牌11 350 键盘（有线）,键盘,品牌11,350,有线,白色,16*10*1,160,AX86G,艾米丽,出库,30088,拣货
LaRe1432Si,银色 品牌14 14英寸 笔记本电脑（32吉字节内存）,笔记本电脑,品牌14,14英寸,32吉字节内存,银色,16*1*1,11,AK32G,艾米,出库,30094,拣货
KeRe45BlWh,白色 品牌10 450 键盘（蓝牙）,键盘,品牌10,450,蓝牙,白色,16*10*1,160,DR58D,迈克,出库,30043,拣货
LaYn1516Bl,黑色 品牌15 15英寸 笔记本电脑（16吉字节内存）,笔记本电脑,品牌15,15英寸,16吉字节内存,黑色,16*1*1,8,AU12H,艾米,出库,30056,拣货
MoHc45WiPi,粉色 品牌09 450 鼠标（有线）,鼠标,品牌09,450,有线,粉色,16*10*1,160,DG70C,艾米丽,出库,30054,拣货
AlYn17i5Si,银色 品牌15 17英寸 一体机（第5代处理器）,一体机,品牌15,17英寸,第5代处理器,银色,16*1*1,16,DI01F,劳拉,出库,30060,拣货
LaYn17i7Bl,黑色 品牌15 17英寸 笔记本电脑（第7代处理器）,笔记本电脑,品牌15,17英寸,第7代处理器,黑色,16*1*1,16,CU78F,约翰,出库,30046,拣货
TVYn65S4Gr,灰色 品牌15 65英寸 电视机（超级超高清）,电视机,品牌15,65英寸,超级超高清,灰色,8*1*1,1,DQ88G,大卫,出库,30085,拣货
KeHc35WiWh,白色 品牌09 350 键盘（有线）,键盘,品牌09,350,有线,白色,16*10*1,66,BK63B,艾米丽,出库,30045,拣货
SPRe50HeGr,灰色 品牌22 50 触控笔（六角形）,触控笔,品牌22,50,六角形,灰色,48*10*5,2400,DT63E,艾米丽,出库,30080,拣货
OfSELAdWh,白色 品牌08 大号 办公椅（可调节）,办公椅,品牌08,大号,可调节,白色,16*1*1,10,CG49D,艾米,出库,30000,拣货
GaAEMHeWh,白色 品牌05 中号 游戏椅（头枕）,游戏椅,品牌05,中号,头枕,白色,16*1*1,16,AV68F,亚历克斯,出库,30021,拣货
OfOGLErPi,粉色 品牌07 大号 办公椅（人体工学）,办公椅,品牌07,大号,人体工学,粉色,16*1*1,2,AJ62F,迈克,出库,30059,拣货
AlOv14i5Bl,黑色 品牌13 14英寸 一体机（第5代处理器）,一体机,品牌13,14英寸,第5代处理器,黑色,16*1*1,14,BZ91F,迈克,出库,30098,拣货
TVYn75SFBl,黑色 品牌15 75英寸 电视机（超级全高清）,电视机,品牌15,75英寸,超级全高清,黑色,8*1*1,2,AS36B,约翰,出库,30012,拣货
PrPHA3AlWh,白色 品牌12 三号纸 打印机（一体式）,打印机,品牌12,三号纸,一体式,白色,16*1*1,2,DX01C,亚历克斯,出库,30009,拣货
AlPH148GBl,黑色 品牌12 14英寸 一体机（8吉字节内存）,一体机,品牌12,14英寸,8吉字节内存,黑色,16*1*1,13,AG29D,艾米,出库,30063,拣货
TVGn32S4Si,银色 品牌30 32英寸 电视机（超级超高清）,电视机,品牌30,32英寸,超级超高清,银色,8*1*1,8,DR05G,简,出库,30038,拣货
PrNoA3InBl,黑色 品牌26 三号纸 打印机（喷墨）,打印机,品牌26,三号纸,喷墨,黑色,16*1*1,16,CW46D,艾米丽,出库,30056,拣货
TVGn324KWh,白色 品牌30 32英寸 电视机（超高清）,电视机,品牌30,32英寸,超高清,白色,8*1*1,8,DW54H,艾米,出库,30002,拣货
PeRe50WaBl,黑色 品牌22 50 铅笔（水彩）,铅笔,品牌22,50,水彩,黑色,48*10*5,2400,BL79G,约翰,出库,30013,拣货
TVGn32S4Bl,黑色 品牌30 32英寸 电视机（超级超高清）,电视机,品牌30,32英寸,超级超高清,黑色,8*1*1,3,DS48B,劳拉,出库,30016,拣货
AlRe1416Wh,白色 品牌14 14英寸 一体机（16吉字节内存）,一体机,品牌14,14英寸,16吉字节内存,白色,16*1*1,16,DL21E,约翰,出库,30094,拣货
TVYn42SFGr,灰色 品牌15 42英寸 电视机（超级全高清）,电视机,品牌15,42英寸,超级全高清,灰色,8*1*1,3,DM40D,亚历克斯,出库,30062,拣货
GaOGLHeBl,黑色 品牌07 大号 游戏椅（头枕）,游戏椅,品牌07,大号,头枕,黑色,16*1*1,16,BO70C,艾米,出库,30059,拣货
LaRe1716Si,银色 品牌14 17英寸 笔记本电脑（16吉字节内存）,笔记本电脑,品牌14,17英寸,16吉字节内存,银色,16*1*1,16,DW33H,克里斯,出库,30020,拣货
TaAE10WoSi,银色 品牌05 1000 桌子（工作站）,桌子,品牌05,1000,工作站,银色,8*1*1,8,CZ15E,克里斯,出库,30035,拣货
LaPH148GWh,白色 品牌12 14英寸 笔记本电脑（8吉字节内存）,笔记本电脑,品牌12,14英寸,8吉字节内存,白色,16*1*1,13,BM85A,大卫,出库,30062,拣货
AlRe158GWh,白色 品牌14 15英寸 一体机（8吉字节内存）,一体机,品牌14,15英寸,8吉字节内存,白色,16*1*1,16,DK74G,迈克,出库,30087,拣货
GaXELErWh,白色 品牌06 大号 游戏椅（人体工学）,游戏椅,品牌06,大号,人体工学,白色,16*1*1,16,AQ26A,克里斯,出库,30052,拣货
PrSoA4MoBl,黑色 品牌25 四号纸 打印机（黑白）,打印机,品牌25,四号纸,黑白,黑色,16*1*1,9,DP51A,劳拉,出库,30057,拣货
KeHc27MeWh,白色 品牌09 270 键盘（机械式）,键盘,品牌09,270,机械式,白色,16*10*1,27,AV19H,亚历克斯,出库,30078,拣货
TVGL324KGr,灰色 品牌31 32英寸 电视机（超高清）,电视机,品牌31,32英寸,超高清,灰色,8*1*1,3,DU82F,约翰,出库,30037,拣货
GaXELErPi,粉色 品牌06 大号 游戏椅（人体工学）,游戏椅,品牌06,大号,人体工学,粉色,16*1*1,16,AL12H,艾米,出库,30086,拣货
CaRG18LoGr,灰色 品牌03 1800 文件柜（储物锁柜）,文件柜,品牌03,1800,储物锁柜,灰色,8*1*1,4,CW95C,迈克,出库,30076,拣货
AlRe158GSi,银色 品牌14 15英寸 一体机（8吉字节内存）,一体机,品牌14,15英寸,8吉字节内存,银色,16*1*1,13,DT01H,亚历克斯,出库,30034,拣货
MoRe45WiPi,粉色 品牌10 450 鼠标（有线）,鼠标,品牌10,450,有线,粉色,16*10*1,111,AZ56A,艾米丽,出库,30080,拣货
NoScA4ruGr,灰色 品牌17 四号纸 笔记本（横线）,笔记本,品牌17,四号纸,横线,灰色,48*10*5,1862,DG08A,克里斯,出库,30025,拣货
TVGn50S4Gr,灰色 品牌30 50英寸 电视机（超级超高清）,电视机,品牌30,50英寸,超级超高清,灰色,8*1*1,8,DO66F,艾米,出库,30093,拣货
TaCI10WoSi,银色 品牌27 1000 桌子（工作站）,桌子,品牌27,1000,工作站,银色,8*1*1,8,BT69C,迈克,出库,30014,拣货
AlRe1532Wh,白色 品牌14 15英寸 一体机（32吉字节内存）,一体机,品牌14,15英寸,32吉字节内存,白色,16*1*1,16,BN20A,迈克,出库,30057,拣货
TaTR18WoSi,银色 品牌28 1800 桌子（工作站）,桌子,品牌28,1800,工作站,银色,8*1*1,8,BZ43H,简,出库,30086,拣货
TVGn42FHGr,灰色 品牌30 42英寸 电视机（全高清）,电视机,品牌30,42英寸,全高清,灰色,8*1*1,2,DX18H,艾米,出库,30001,拣货
CaTE12SlBl,黑色 品牌04 1200 文件柜（滑动式）,文件柜,品牌04,1200,滑动式,黑色,8*1*1,1,CV31B,大卫,出库,30068,拣货
PrPHA4AlGr,灰色 品牌12 四号纸 打印机（一体式）,打印机,品牌12,四号纸,一体式,灰色,16*1*1,16,CK86E,大卫,出库,30059,拣货
OfXELAdWh,白色 品牌06 大号 办公椅（可调节）,办公椅,品牌06,大号,可调节,白色,16*1*1,16,AZ21D,莎拉,出库,30082,拣货
TaAE10WoWh,白色 品牌05 1000 桌子（工作站）,桌子,品牌05,1000,工作站,白色,8*1*1,5,BQ08G,莎拉,出库,30049,拣货
TaTR10FrSi,银色 品牌29 1000 桌子（框架式）,桌子,品牌29,1000,框架式,银色,8*1*1,8,BW46E,亚历克斯,出库,30051,拣货
NoMuA5ruSi,银色 品牌19 五号纸 笔记本（横线）,笔记本,品牌19,五号纸,横线,银色,48*10*5,1904,AP26A,约翰,出库,30078,拣货
CaTE90SlWh,白色 品牌04 900 文件柜（滑动式）,文件柜,品牌04,900,滑动式,白色,8*1*1,8,DS69A,约翰,出库,30012,拣货
PeAl12WaBl,黑色 品牌20 12 铅笔（水彩）,铅笔,品牌20,12,水彩,黑色,48*10*5,2375,DX22F,劳拉,出库,30076,拣货
TaAE10AdWh,白色 品牌05 1000 桌子（可调节）,桌子,品牌05,1000,可调节,白色,8*1*1,1,AL42D,艾米,出库,30041,拣货
DrRG12FiGr,灰色 品牌03 1200 抽屉柜（文件收纳）,抽屉柜,品牌03,1200,文件收纳,灰色,8*1*1,6,CQ31D,艾米,出库,30054,拣货
PrReA2WiMi,混合色 品牌24 二号纸 打印机（无线网络）,打印机,品牌24,二号纸,无线网络,混合色,16*1*1,16,AX36G,莎拉,出库,30050,拣货
DrQE18DoGr,灰色 品牌01 1800 抽屉柜（带门式）,抽屉柜,品牌01,1800,带门式,灰色,8*1*1,6,CI12G,艾米丽,出库,30068,拣货
TVGL50SFGr,灰色 品牌31 50英寸 电视机（超级全高清）,电视机,品牌31,50英寸,超级全高清,灰色,8*1*1,8,BF91B,劳拉,出库,30095,拣货
TVGL32S4Wh,白色 品牌31 32英寸 电视机（超级超高清）,电视机,品牌31,32英寸,超级超高清,白色,8*1*1,8,BK90H,克里斯,出库,30039,拣货
NoGrA4ruSi,银色 品牌18 四号纸 笔记本（横线）,笔记本,品牌18,四号纸,横线,银色,48*10*5,776,BF31H,迈克,出库,30020,拣货
CuRG90LoBl,黑色 品牌03 900 储物柜（储物锁柜）,储物柜,品牌03,900,储物锁柜,黑色,8*1*1,8,DP22G,莎拉,出库,30032,拣货
DrWE90SlBl,黑色 品牌02 900 抽屉柜（滑动式）,抽屉柜,品牌02,900,滑动式,黑色,8*1*1,8,CP40F,大卫,出库,30038,拣货
MoPH35MeNa,藏青色 品牌12 350 鼠标（机械式）,鼠标,品牌12,350,机械式,藏青色,16*10*1,79,CV13C,约翰,出库,30025,拣货
OfXESAdGr,灰色 品牌06 小号 办公椅（可调节）,办公椅,品牌06,小号,可调节,灰色,16*1*1,16,DJ16A,迈克,出库,30070,拣货
DrRG18SlBe,米色 品牌03 1800 抽屉柜（滑动式）,抽屉柜,品牌03,1800,滑动式,米色,8*1*1,8,DZ03A,艾米丽,出库,30028,拣货
AlRe1716Wh,白色 品牌14 17英寸 一体机（16吉字节内存）,一体机,品牌14,17英寸,16吉字节内存,白色,16*1*1,2,DF96G,艾米丽,出库,30077,拣货
PeRe24HeGr,灰色 品牌22 24 铅笔（六角形）,铅笔,品牌22,24,六角形,灰色,48*10*5,1243,BJ37G,克里斯,出库,30086,拣货
TVYn42SFGr,灰色 品牌15 42英寸 电视机（超级全高清）,电视机,品牌15,42英寸,超级全高清,灰色,8*1*1,8,BG38H,艾米,出库,30055,拣货
TVEs504KBl,黑色 品牌32 50英寸 电视机（超高清）,电视机,品牌32,50英寸,超高清,黑色,8*1*1,8,AR33A,劳拉,出库,30056,拣货
MoHc35MeNa,藏青色 品牌09 350 鼠标（机械式）,鼠标,品牌09,350,机械式,藏青色,16*10*1,133,AK15D,大卫,出库,30043,拣货
AlRe1432Wh,白色 品牌14 14英寸 一体机（32吉字节内存）,一体机,品牌14,14英寸,32吉字节内存,白色,16*1*1,16,AI14G,大卫,出库,30084,拣货
MoPH27MeBl,黑色 品牌12 270 鼠标（机械式）,鼠标,品牌12,270,机械式,黑色,16*10*1,124,BO80D,迈克,出库,30040,拣货
LaOv1516Si,银色 品牌13 15英寸 笔记本电脑（16吉字节内存）,笔记本电脑,品牌13,15英寸,16吉字节内存,银色,16*1*1,16,DP50D,大卫,出库,30080,拣货
GaSESLeGr,灰色 品牌08 小号 游戏椅（皮革）,游戏椅,品牌08,小号,皮革,灰色,16*1*1,2,DS01F,约翰,出库,30048,拣货
OfSELErPi,粉色 品牌08 大号 办公椅（人体工学）,办公椅,品牌08,大号,人体工学,粉色,16*1*1,16,CN53B,迈克,出库,30015,拣货
LaYn17i7Bl,黑色 品牌15 17英寸 笔记本电脑（第7代处理器）,笔记本电脑,品牌15,17英寸,第7代处理器,黑色,16*1*1,16,DR55G,艾米,出库,30095,拣货
TaCI18WoWh,白色 品牌27 1800 桌子（工作站）,桌子,品牌27,1800,工作站,白色,8*1*1,8,DG61B,克里斯,出库,30049,拣货
LaPH14i7Si,银色 品牌12 14英寸 笔记本电脑（第7代处理器）,笔记本电脑,品牌12,14英寸,第7代处理器,银色,16*1*1,16,CX97G,亚历克斯,出库,30066,拣货
PrSoA4WiMi,混合色 品牌25 四号纸 打印机（无线网络）,打印机,品牌25,四号纸,无线网络,混合色,16*1*1,16,DS41B,克里斯,出库,30018,拣货
DrRG90SlGr,灰色 品牌03 900 抽屉柜（滑动式）,抽屉柜,品牌03,900,滑动式,灰色,8*1*1,4,CI34E,克里斯,出库,30049,拣货
AlSu1516Bl,黑色 品牌11 15英寸 一体机（16吉字节内存）,一体机,品牌11,15英寸,16吉字节内存,黑色,16*1*1,16,BR30D,约翰,出库,30053,拣货
CaRG12LoWh,白色 品牌03 1200 文件柜（储物锁柜）,文件柜,品牌03,1200,储物锁柜,白色,8*1*1,8,AX57C,艾米丽,出库,30070,拣货
LaRe1716Bl,黑色 品牌14 17英寸 笔记本电脑（16吉字节内存）,笔记本电脑,品牌14,17英寸,16吉字节内存,黑色,16*1*1,16,DU63F,艾米丽,出库,30084,拣货
DrTE18FiBl,黑色 品牌04 1800 抽屉柜（文件收纳）,抽屉柜,品牌04,1800,文件收纳,黑色,8*1*1,6,AL88B,艾米,出库,30010,拣货
TVGn32SFBl,黑色 品牌30 32英寸 电视机（超级全高清）,电视机,品牌30,32英寸,超级全高清,黑色,8*1*1,8,BW10E,莎拉,出库,30029,拣货
LaYn1732Si,银色 品牌15 17英寸 笔记本电脑（32吉字节内存）,笔记本电脑,品牌15,17英寸,32吉字节内存,银色,16*1*1,16,CS70A,艾米丽,出库,30082,拣货
GaOGLHeGr,灰色 品牌07 大号 游戏椅（头枕）,游戏椅,品牌07,大号,头枕,灰色,16*1*1,16,CL03A,艾米,出库,30009,拣货
DrWE12DoBe,米色 品牌02 1200 抽屉柜（带门式）,抽屉柜,品牌02,1200,带门式,米色,8*1*1,8,AZ95G,大卫,出库,30078,拣货
PeNa12SoBl,黑色 品牌23 12 铅笔（可溶性）,铅笔,品牌23,12,可溶性,黑色,48*10*5,2400,AX49H,约翰,出库,30047,拣货
AlSu1432Si,银色 品牌11 14英寸 一体机（32吉字节内存）,一体机,品牌11,14英寸,32吉字节内存,银色,16*1*1,8,CR86C,简,出库,30055,拣货
PrNoA3WiMi,混合色 品牌26 三号纸 打印机（无线网络）,打印机,品牌26,三号纸,无线网络,混合色,16*1*1,16,CH55G,劳拉,出库,30003,拣货
CuTE90DoBl,黑色 品牌04 900 储物柜（带门式）,储物柜,品牌04,900,带门式,黑色,8*1*1,2,BY72B,约翰,出库,30079,拣货
PeGi12SoGr,灰色 品牌21 12 铅笔（可溶性）,铅笔,品牌21,12,可溶性,灰色,48*10*5,982,DT35C,大卫,出库,30062,拣货
SPAl12HePi,粉色 品牌20 12 触控笔（六角形）,触控笔,品牌20,12,六角形,粉色,48*10*5,2400,AZ15F,简,出库,30042,拣货
KeHc35BlBl,黑色 品牌09 350 键盘（蓝牙）,键盘,品牌09,350,蓝牙,黑色,16*10*1,160,CS58B,莎拉,出库,30031,拣货
LaOv15i7Gr,灰色 品牌13 15英寸 笔记本电脑（第7代处理器）,笔记本电脑,品牌13,15英寸,第7代处理器,灰色,16*1*1,16,CH88A,约翰,出库,30038,拣货
PrReA4LaGr,灰色 品牌24 四号纸 打印机（激光）,打印机,品牌24,四号纸,激光,灰色,16*1*1,16,AU39G,亚历克斯,出库,30005,拣货
CuWE90SlBl,黑色 品牌02 900 储物柜（滑动式）,储物柜,品牌02,900,滑动式,黑色,8*1*1,8,BO94A,艾米,出库,30005,拣货
AlOv1516Gr,灰色 品牌13 15英寸 一体机（16吉字节内存）,一体机,品牌13,15英寸,16吉字节内存,灰色,16*1*1,16,DK79E,亚历克斯,出库,30092,拣货
LaPH15i5Bl,黑色 品牌12 15英寸 笔记本电脑（第5代处理器）,笔记本电脑,品牌12,15英寸,第5代处理器,黑色,16*1*1,16,AW21E,莎拉,出库,30004,拣货
CaQE90FiBe,米色 品牌01 900 文件柜（文件收纳）,文件柜,品牌01,900,文件收纳,米色,8*1*1,2,AU41C,艾米丽,出库,30083,拣货
AlYn178GGr,灰色 品牌15 17英寸 一体机（8吉字节内存）,一体机,品牌15,17英寸,8吉字节内存,灰色,16*1*1,2,BG78C,莎拉,出库,30038,拣货
MoRe35MeBl,黑色 品牌10 350 鼠标（机械式）,鼠标,品牌10,350,机械式,黑色,16*10*1,160,AO20A,艾米丽,出库,30033,拣货
PeAl12HeWh,白色 品牌20 12 铅笔（六角形）,铅笔,品牌20,12,六角形,白色,48*10*5,1858,BF51A,简,出库,30004,拣货
SPAl12SoPi,粉色 品牌20 12 触控笔（可溶性）,触控笔,品牌20,12,可溶性,粉色,48*10*5,226,DV73F,艾米丽,出库,30018,拣货
TVGn42FHGr,灰色 品牌30 42英寸 电视机（全高清）,电视机,品牌30,42英寸,全高清,灰色,8*1*1,2,DR93A,迈克,出库,30077,拣货
TaTR18WoSi,银色 品牌28 1800 桌子（工作站）,桌子,品牌28,1800,工作站,银色,8*1*1,5,CK28H,莎拉,出库,30001,拣货
AlOv1532Bl,黑色 品牌13 15英寸 一体机（32吉字节内存）,一体机,品牌13,15英寸,32吉字节内存,黑色,16*1*1,16,DM42G,艾米丽,出库,30061,拣货
KeHc45MeBl,黑色 品牌09 450 键盘（机械式）,键盘,品牌09,450,机械式,黑色,16*10*1,160,CZ02C,艾米,出库,30068,拣货
LaOv14i7Gr,灰色 品牌13 14英寸 笔记本电脑（第7代处理器）,笔记本电脑,品牌13,14英寸,第7代处理器,灰色,16*1*1,16,AP39F,艾米,出库,30066,拣货
DrWE90FiBe,米色 品牌02 900 抽屉柜（文件收纳）,抽屉柜,品牌02,900,文件收纳,米色,8*1*1,8,DT79H,大卫,出库,30027,拣货
LaRe1532Si,银色 品牌14 15英寸 笔记本电脑（32吉字节内存）,笔记本电脑,品牌14,15英寸,32吉字节内存,银色,16*1*1,13,CH70G,迈克,出库,30065,拣货
CuQE18LoBe,米色 品牌01 1800 储物柜（储物锁柜）,储物柜,品牌01,1800,储物锁柜,米色,8*1*1,8,DP89C,劳拉,出库,30049,拣货
LaSu1432Bl,黑色 品牌11 14英寸 笔记本电脑（32吉字节内存）,笔记本电脑,品牌11,14英寸,32吉字节内存,黑色,16*1*1,16,CG83G,迈克,出库,30057,拣货
PeRe12SoBl,黑色 品牌22 12 铅笔（可溶性）,铅笔,品牌22,12,可溶性,黑色,48*10*5,957,CW44B,艾米丽,出库,30061,拣货
AlOv14i5Bl,黑色 品牌13 14英寸 一体机（第5代处理器）,一体机,品牌13,14英寸,第5代处理器,黑色,16*1*1,2,BF01D,艾米丽,出库,30027,拣货
TVEs324KBl,黑色 品牌32 32英寸 电视机（超高清）,电视机,品牌32,32英寸,超高清,黑色,8*1*1,8,AV41H,亚历克斯,出库,30031,拣货
AlPH178GSi,银色 品牌12 17英寸 一体机（8吉字节内存）,一体机,品牌12,17英寸,8吉字节内存,银色,16*1*1,16,DK47B,迈克,出库,30052,拣货
PrPHA4MoMi,混合色 品牌12 四号纸 打印机（黑白）,打印机,品牌12,四号纸,黑白,混合色,16*1*1,4,CU31A,劳拉,出库,30033,拣货
PeAl24SoPi,粉色 品牌20 24 铅笔（可溶性）,铅笔,品牌20,24,可溶性,粉色,48*10*5,400,BQ30D,艾米,出库,30037,拣货
KeHc35BlPi,粉色 品牌09 350 键盘（蓝牙）,键盘,品牌09,350,蓝牙,粉色,16*10*1,40,CZ47B,克里斯,出库,30064,拣货
PrPHA2MoBl,黑色 品牌12 二号纸 打印机（黑白）,打印机,品牌12,二号纸,黑白,黑色,16*1*1,5,AT98G,迈克,出库,30049,拣货
MoHc27ErBl,黑色 品牌09 270 鼠标（人体工学）,鼠标,品牌09,270,人体工学,黑色,16*10*1,160,BU54H,大卫,出库,30046,拣货
KePH27WiBl,黑色 品牌12 270 键盘（有线）,键盘,品牌12,270,有线,黑色,16*10*1,132,CP86H,约翰,出库,30066,拣货
CuRG90SlWh,白色 品牌03 900 储物柜（滑动式）,储物柜,品牌03,900,滑动式,白色,8*1*1,8,AV51A,克里斯,出库,30040,拣货
OfOGSAdGr,灰色 品牌07 小号 办公椅（可调节）,办公椅,品牌07,小号,可调节,灰色,16*1*1,6,AI05D,大卫,出库,30052,拣货
OfAELHeWh,白色 品牌05 大号 办公椅（头枕）,办公椅,品牌05,大号,头枕,白色,16*1*1,16,BS88A,大卫,出库,30025,拣货
CuTE90DoBe,米色 品牌04 900 储物柜（带门式）,储物柜,品牌04,900,带门式,米色,8*1*1,7,CL65D,劳拉,出库,30058,拣货
MoRe45MeNa,藏青色 品牌10 450 鼠标（机械式）,鼠标,品牌10,450,机械式,藏青色,16*10*1,160,AF67A,简,出库,30052,拣货
MoSu35ErNa,藏青色 品牌11 350 鼠标（人体工学）,鼠标,品牌11,350,人体工学,藏青色,16*10*1,13,DL84H,亚历克斯,出库,30068,拣货
NoGrA4liGr,灰色 品牌18 四号纸 笔记本（线条）,笔记本,品牌18,四号纸,线条,灰色,48*10*5,931,AL57H,劳拉,出库,30002,拣货
MoSu27BlWh,白色 品牌11 270 鼠标（蓝牙）,鼠标,品牌11,270,蓝牙,白色,16*10*1,160,CV26A,迈克,出库,30050,拣货
CaRG90FiBl,黑色 品牌03 900 文件柜（文件收纳）,文件柜,品牌03,900,文件收纳,黑色,8*1*1,5,DO16G,亚历克斯,出库,30093,拣货
SPNa50HeGr,灰色 品牌23 50 触控笔（六角形）,触控笔,品牌23,50,六角形,灰色,48*10*5,257,CO44D,艾米丽,出库,30037,拣货
SPRe50WaGr,灰色 品牌22 50 触控笔（水彩）,触控笔,品牌22,50,水彩,灰色,48*10*5,2400,AU33F,莎拉,出库,30084,拣货
DrTE18SlGr,灰色 品牌04 1800 抽屉柜（滑动式）,抽屉柜,品牌04,1800,滑动式,灰色,8*1*1,8,BS01A,约翰,出库,30034,拣货
OfSEMErPi,粉色 品牌08 中号 办公椅（人体工学）,办公椅,品牌08,中号,人体工学,粉色,16*1*1,16,BL77D,克里斯,出库,30064,拣货
KePH27BlWh,白色 品牌12 270 键盘（蓝牙）,键盘,品牌12,270,蓝牙,白色,16*10*1,156,BW59F,大卫,出库,30054,拣货
LaYn178GSi,银色 品牌15 17英寸 笔记本电脑（8吉字节内存）,笔记本电脑,品牌15,17英寸,8吉字节内存,银色,16*1*1,7,AK48D,大卫,出库,30090,拣货
PeNa12WaBl,黑色 品牌23 12 铅笔（水彩）,铅笔,品牌23,12,水彩,黑色,48*10*5,1045,CR44F,劳拉,出库,30034,拣货
DrWE18DoWh,白色 品牌02 1800 抽屉柜（带门式）,抽屉柜,品牌02,1800,带门式,白色,8*1*1,8,CJ34D,简,出库,30066,拣货
KeSu45WiPi,粉色 品牌11 450 键盘（有线）,键盘,品牌11,450,有线,粉色,16*10*1,120,DL28G,克里斯,出库,30009,拣货
PrReA4AlWh,白色 品牌24 四号纸 打印机（一体式）,打印机,品牌24,四号纸,一体式,白色,16*1*1,10,AW27G,大卫,出库,30049,拣货
TVEs50FHBl,黑色 品牌32 50英寸 电视机（全高清）,电视机,品牌32,50英寸,全高清,黑色,8*1*1,8,DP27D,亚历克斯,出库,30025,拣货
CaQE12DoBe,米色 品牌01 1200 文件柜（带门式）,文件柜,品牌01,1200,带门式,米色,8*1*1,8,BP60C,亚历克斯,出库,30079,拣货
NoExA4doGr,灰色 品牌16 四号纸 笔记本（点阵）,笔记本,品牌16,四号纸,点阵,灰色,48*10*5,2400,CQ24B,约翰,出库,30083,拣货
LaOv1716Bl,黑色 品牌13 17英寸 笔记本电脑（16吉字节内存）,笔记本电脑,品牌13,17英寸,16吉字节内存,黑色,16*1*1,16,AP61C,亚历克斯,出库,30028,拣货
TVEs65FHSi,银色 品牌32 65英寸 电视机（全高清）,电视机,品牌32,65英寸,全高清,银色,8*1*1,8,DQ32C,克里斯,出库,30085,拣货
KeHc35ErWh,白色 品牌09 350 键盘（人体工学）,键盘,品牌09,350,人体工学,白色,16*10*1,107,CW31B,约翰,出库,30057,拣货
DrRG90DoBe,米色 品牌03 900 抽屉柜（带门式）,抽屉柜,品牌03,900,带门式,米色,8*1*1,8,CP24H,大卫,出库,30096,拣货
MoSu45MeNa,藏青色 品牌11 450 鼠标（机械式）,鼠标,品牌11,450,机械式,藏青色,16*10*1,160,BL23A,克里斯,出库,30067,拣货
NoScA4doSi,银色 品牌17 四号纸 笔记本（点阵）,笔记本,品牌17,四号纸,点阵,银色,48*10*5,2400,DP59A,莎拉,出库,30097,拣货
TaCI10WoWh,白色 品牌27 1000 桌子（工作站）,桌子,品牌27,1000,工作站,白色,8*1*1,8,AG54B,简,出库,30020,拣货
GaSESLeGr,灰色 品牌08 小号 游戏椅（皮革）,游戏椅,品牌08,小号,皮革,灰色,16*1*1,16,BF36E,简,出库,30084,拣货
MoHc27BlPi,粉色 品牌09 270 鼠标（蓝牙）,鼠标,品牌09,270,蓝牙,粉色,16*10*1,12,AR60G,艾米丽,出库,30001,拣货
AlRe1416Gr,灰色 品牌14 14英寸 一体机（16吉字节内存）,一体机,品牌14,14英寸,16吉字节内存,灰色,16*1*1,16,CU68H,简,出库,30069,拣货
MoRe45WiNa,藏青色 品牌10 450 鼠标（有线）,鼠标,品牌10,450,有线,藏青色,16*10*1,137,DH13H,克里斯,出库,30060,拣货
DrWE12LoWh,白色 品牌02 1200 抽屉柜（储物锁柜）,抽屉柜,品牌02,1200,储物锁柜,白色,8*1*1,8,CR52H,莎拉,出库,30018,拣货
MoRe35WiPi,粉色 品牌10 350 鼠标（有线）,鼠标,品牌10,350,有线,粉色,16*10*1,160,AO17C,约翰,出库,30016,拣货
AlSu15i5Gr,灰色 品牌11 15英寸 一体机（第5代处理器）,一体机,品牌11,15英寸,第5代处理器,灰色,16*1*1,16,AY16F,克里斯,出库,30025,拣货
CaTE18LoGr,灰色 品牌04 1800 文件柜（储物锁柜）,文件柜,品牌04,1800,储物锁柜,灰色,8*1*1,8,BG66G,劳拉,出库,30011,拣货
PeNa24WaBl,黑色 品牌23 24 铅笔（水彩）,铅笔,品牌23,24,水彩,黑色,48*10*5,2400,DO25E,大卫,出库,30022,拣货
PeRe24HeGr,灰色 品牌22 24 铅笔（六角形）,铅笔,品牌22,24,六角形,灰色,48*10*5,634,DI81B,亚历克斯,出库,30052,拣货
TVEs32FHGr,灰色 品牌32 32英寸 电视机（全高清）,电视机,品牌32,32英寸,全高清,灰色,8*1*1,8,AR84B,艾米,出库,30016,拣货
GaSESErBl,黑色 品牌08 小号 游戏椅（人体工学）,游戏椅,品牌08,小号,人体工学,黑色,16*1*1,16,AZ49C,克里斯,出库,30063,拣货
OfAEMLePi,粉色 品牌05 中号 办公椅（皮革）,办公椅,品牌05,中号,皮革,粉色,16*1*1,3,BP80B,大卫,出库,30001,拣货
CaQE12SlBe,米色 品牌01 1200 文件柜（滑动式）,文件柜,品牌01,1200,滑动式,米色,8*1*1,5,BO98A,莎拉,出库,30053,拣货
CuRG12LoWh,白色 品牌03 1200 储物柜（储物锁柜）,储物柜,品牌03,1200,储物锁柜,白色,8*1*1,6,CN55E,约翰,出库,30039,拣货
AlRe17i5Si,银色 品牌14 17英寸 一体机（第5代处理器）,一体机,品牌14,17英寸,第5代处理器,银色,16*1*1,13,DU50A,大卫,出库,30052,拣货
SPRe24SoBl,黑色 品牌22 24 触控笔（可溶性）,触控笔,品牌22,24,可溶性,黑色,48*10*5,1144,DN28B,艾米,出库,30058,拣货
OfXESErGr,灰色 品牌06 小号 办公椅（人体工学）,办公椅,品牌06,小号,人体工学,灰色,16*1*1,16,BJ70H,艾米,出库,30086,拣货
GaSESHeGr,灰色 品牌08 小号 游戏椅（头枕）,游戏椅,品牌08,小号,头枕,灰色,16*1*1,8,DW26G,约翰,出库,30051,拣货
PeRe50HePi,粉色 品牌22 50 铅笔（六角形）,铅笔,品牌22,50,六角形,粉色,48*10*5,347,AN68B,大卫,出库,30091,拣货
DrRG12SlBe,米色 品牌03 1200 抽屉柜（滑动式）,抽屉柜,品牌03,1200,滑动式,米色,8*1*1,4,DM38E,约翰,出库,30082,拣货
KeSu35MePi,粉色 品牌11 350 键盘（机械式）,键盘,品牌11,350,机械式,粉色,16*10*1,160,AZ36D,亚历克斯,出库,30013,拣货
TaTR15FrGr,灰色 品牌29 1500 桌子（框架式）,桌子,品牌29,1500,框架式,灰色,8*1*1,8,AT82G,克里斯,出库,30020,拣货
DrWE18SlGr,灰色 品牌02 1800 抽屉柜（滑动式）,抽屉柜,品牌02,1800,滑动式,灰色,8*1*1,8,CX57F,艾米,出库,30060,拣货
TaAE15WoGr,灰色 品牌05 1500 桌子（工作站）,桌子,品牌05,1500,工作站,灰色,8*1*1,2,BM56G,大卫,出库,30057,拣货
KeSu27BlNa,藏青色 品牌11 270 键盘（蓝牙）,键盘,品牌11,270,蓝牙,藏青色,16*10*1,130,DG91F,约翰,出库,30086,拣货
CuRG18SlBe,米色 品牌03 1800 储物柜（滑动式）,储物柜,品牌03,1800,滑动式,米色,8*1*1,8,CI57A,约翰,出库,30033,拣货
CuWE12SlWh,白色 品牌02 1200 储物柜（滑动式）,储物柜,品牌02,1200,滑动式,白色,8*1*1,2,AF37D,大卫,出库,30044,拣货
TVGn75S4Si,银色 品牌30 75英寸 电视机（超级超高清）,电视机,品牌30,75英寸,超级超高清,银色,8*1*1,7,AX86D,莎拉,出库,30022,拣货
GaAESErPi,粉色 品牌05 小号 游戏椅（人体工学）,游戏椅,品牌05,小号,人体工学,粉色,16*1*1,16,BX68A,简,出库,30020,拣货
TVGL424KBl,黑色 品牌31 42英寸 电视机（超高清）,电视机,品牌31,42英寸,超高清,黑色,8*1*1,2,AL90G,简,出库,30042,拣货
KeRe35MeNa,藏青色 品牌10 350 键盘（机械式）,键盘,品牌10,350,机械式,藏青色,16*10*1,160,DP11B,迈克,出库,30064,拣货
AlSu17i5Wh,白色 品牌11 17英寸 一体机（第5代处理器）,一体机,品牌11,17英寸,第5代处理器,白色,16*1*1,11,CZ82H,大卫,出库,30052,拣货
KeSu35WiWh,白色 品牌11 350 键盘（有线）,键盘,品牌11,350,有线,白色,16*10*1,56,CL06C,克里斯,出库,30075,拣货
TVGL50SFBl,黑色 品牌31 50英寸 电视机（超级全高清）,电视机,品牌31,50英寸,超级全高清,黑色,8*1*1,8,CO14E,克里斯,出库,30022,拣货
PrNoA4LaGr,灰色 品牌26 四号纸 打印机（激光）,打印机,品牌26,四号纸,激光,灰色,16*1*1,16,DW15D,迈克,出库,30016,拣货
CaQE12SlBe,米色 品牌01 1200 文件柜（滑动式）,文件柜,品牌01,1200,滑动式,米色,8*1*1,8,DF18F,约翰,出库,30098,拣货
PrNoA4LaWh,白色 品牌26 四号纸 打印机（激光）,打印机,品牌26,四号纸,激光,白色,16*1*1,16,CO49A,莎拉,出库,30063,拣货
NoExA5liSi,银色 品牌16 五号纸 笔记本（线条）,笔记本,品牌16,五号纸,线条,银色,48*10*5,2400,BQ03E,艾米丽,出库,30007,拣货
GaAESErGr,灰色 品牌05 小号 游戏椅（人体工学）,游戏椅,品牌05,小号,人体工学,灰色,16*1*1,2,BR12B,亚历克斯,出库,30045,拣货
MoSu45MePi,粉色 品牌11 450 鼠标（机械式）,鼠标,品牌11,450,机械式,粉色,16*10*1,160,CN50D,克里斯,出库,30005,拣货
TaAE10AdSi,银色 品牌05 1000 桌子（可调节）,桌子,品牌05,1000,可调节,银色,8*1*1,2,CR12F,艾米丽,出库,30091,拣货
MoPH45ErPi,粉色 品牌12 450 鼠标（人体工学）,鼠标,品牌12,450,人体工学,粉色,16*10*1,160,DX51B,艾米丽,出库,30043,拣货
KeHc45MeNa,藏青色 品牌09 450 键盘（机械式）,键盘,品牌09,450,机械式,藏青色,16*10*1,62,CM08C,艾米丽,出库,30022,拣货
TVEs504KWh,白色 品牌32 50英寸 电视机（超高清）,电视机,品牌32,50英寸,超高清,白色,8*1*1,2,CW96H,艾米,出库,30003,拣货
AlOv15i7Bl,黑色 品牌13 15英寸 一体机（第7代处理器）,一体机,品牌13,15英寸,第7代处理器,黑色,16*1*1,2,DT07G,亚历克斯,出库,30087,拣货
CaQE12FiBl,黑色 品牌01 1200 文件柜（文件收纳）,文件柜,品牌01,1200,文件收纳,黑色,8*1*1,8,BX50G,艾米丽,出库,30044,拣货
CaQE12DoBe,米色 品牌01 1200 文件柜（带门式）,文件柜,品牌01,1200,带门式,米色,8*1*1,8,BL26G,大卫,出库,30083,拣货
LaSu14i7Wh,白色 品牌11 14英寸 笔记本电脑（第7代处理器）,笔记本电脑,品牌11,14英寸,第7代处理器,白色,16*1*1,16,CP52H,亚历克斯,出库,30028,拣货
MoHc35BlWh,白色 品牌09 350 鼠标（蓝牙）,鼠标,品牌09,350,蓝牙,白色,16*10*1,160,DK19A,莎拉,出库,30072,拣货
CuTE12DoWh,白色 品牌04 1200 储物柜（带门式）,储物柜,品牌04,1200,带门式,白色,8*1*1,2,DZ83G,简,出库,30023,拣货
SPNa50WaPi,粉色 品牌23 50 触控笔（水彩）,触控笔,品牌23,50,水彩,粉色,48*10*5,2400,AT36D,大卫,出库,30067,拣货
AlYn158GGr,灰色 品牌15 15英寸 一体机（8吉字节内存）,一体机,品牌15,15英寸,8吉字节内存,灰色,16*1*1,16,AO79F,劳拉,出库,30076,拣货
PrReA3InWh,白色 品牌24 三号纸 打印机（喷墨）,打印机,品牌24,三号纸,喷墨,白色,16*1*1,11,AG34E,迈克,出库,30093,拣货
DrTE12SlBe,米色 品牌04 1200 抽屉柜（滑动式）,抽屉柜,品牌04,1200,滑动式,米色,8*1*1,8,AV41B,迈克,出库,30060,拣货
MoRe35WiPi,粉色 品牌10 350 鼠标（有线）,鼠标,品牌10,350,有线,粉色,16*10*1,20,DK62F,艾米丽,出库,30052,拣货
CuQE90LoGr,灰色 品牌01 900 储物柜（储物锁柜）,储物柜,品牌01,900,储物锁柜,灰色,8*1*1,8,DP56D,大卫,出库,30071,拣货
LaOv1432Bl,黑色 品牌13 14英寸 笔记本电脑（32吉字节内存）,笔记本电脑,品牌13,14英寸,32吉字节内存,黑色,16*1*1,16,BM27F,亚历克斯,出库,30020,拣货
KeRe35MeBl,黑色 品牌10 350 键盘（机械式）,键盘,品牌10,350,机械式,黑色,16*10*1,160,DT62F,劳拉,出库,30049,拣货
AlOv158GGr,灰色 品牌13 15英寸 一体机（8吉字节内存）,一体机,品牌13,15英寸,8吉字节内存,灰色,16*1*1,3,AW40D,艾米,出库,30037,拣货
KePH35BlBl,黑色 品牌12 350 键盘（蓝牙）,键盘,品牌12,350,蓝牙,黑色,16*10*1,160,DZ66D,克里斯,出库,30028,拣货
PrReA3AlGr,灰色 品牌24 三号纸 打印机（一体式）,打印机,品牌24,三号纸,一体式,灰色,16*1*1,16,DF18D,艾米,出库,30036,拣货
OfXELLePi,粉色 品牌06 大号 办公椅（皮革）,办公椅,品牌06,大号,皮革,粉色,16*1*1,9,BG71E,简,出库,30085,拣货
PrSoA3MoMi,混合色 品牌25 三号纸 打印机（黑白）,打印机,品牌25,三号纸,黑白,混合色,16*1*1,16,BS85G,莎拉,出库,30016,拣货
DrWE18SlBe,米色 品牌02 1800 抽屉柜（滑动式）,抽屉柜,品牌02,1800,滑动式,米色,8*1*1,7,AI09E,克里斯,出库,30057,拣货
NoGrA3doGr,灰色 品牌18 三号纸 笔记本（点阵）,笔记本,品牌18,三号纸,点阵,灰色,48*10*5,571,AG74H,迈克,出库,30003,拣货
SPAl12SoGr,灰色 品牌20 12 触控笔（可溶性）,触控笔,品牌20,12,可溶性,灰色,48*10*5,132,AT46G,约翰,出库,30021,拣货
AlRe17i5Gr,灰色 品牌14 17英寸 一体机（第5代处理器）,一体机,品牌14,17英寸,第5代处理器,灰色,16*1*1,16,DO89G,莎拉,出库,30028,拣货
NoScA5ruWh,白色 品牌17 五号纸 笔记本（横线）,笔记本,品牌17,五号纸,横线,白色,48*10*5,2400,BT60H,迈克,出库,30008,拣货
CaWE12DoWh,白色 品牌02 1200 文件柜（带门式）,文件柜,品牌02,1200,带门式,白色,8*1*1,2,DO66E,艾米,出库,30018,拣货
PrReA4WiBl,黑色 品牌24 四号纸 打印机（无线网络）,打印机,品牌24,四号纸,无线网络,黑色,16*1*1,16,CU89A,艾米,出库,30057,拣货
OfSESAdPi,粉色 品牌08 小号 办公椅（可调节）,办公椅,品牌08,小号,可调节,粉色,16*1*1,16,CW35B,简,出库,30070,拣货
MoPH35MeWh,白色 品牌12 350 鼠标（机械式）,鼠标,品牌12,350,机械式,白色,16*10*1,22,DG88C,亚历克斯,出库,30046,拣货
LaPH1532Bl,黑色 品牌12 15英寸 笔记本电脑（32吉字节内存）,笔记本电脑,品牌12,15英寸,32吉字节内存,黑色,16*1*1,16,CO11G,艾米丽,出库,30018,拣货
TVGL32FHBl,黑色 品牌31 32英寸 电视机（全高清）,电视机,品牌31,32英寸,全高清,黑色,8*1*1,6,CH16A,莎拉,出库,30091,拣货
OfXEMErBl,黑色 品牌06 中号 办公椅（人体工学）,办公椅,品牌06,中号,人体工学,黑色,16*1*1,16,AY24H,大卫,出库,30010,拣货
AlPH148GBl,黑色 品牌12 14英寸 一体机（8吉字节内存）,一体机,品牌12,14英寸,8吉字节内存,黑色,16*1*1,16,CY02D,简,出库,30098,拣货
CuRG90DoGr,灰色 品牌03 900 储物柜（带门式）,储物柜,品牌03,900,带门式,灰色,8*1*1,1,CM73H,克里斯,出库,30001,拣货
KePH35WiNa,藏青色 品牌12 350 键盘（有线）,键盘,品牌12,350,有线,藏青色,16*10*1,160,DY13E,约翰,出库,30093,拣货
DrQE12LoGr,灰色 品牌01 1200 抽屉柜（储物锁柜）,抽屉柜,品牌01,1200,储物锁柜,灰色,8*1*1,8,AG18B,大卫,出库,30035,拣货
GaSELAdBl,黑色 品牌08 大号 游戏椅（可调节）,游戏椅,品牌08,大号,可调节,黑色,16*1*1,10,BZ19D,劳拉,出库,30055,拣货
CuWE12DoWh,白色 品牌02 1200 储物柜（带门式）,储物柜,品牌02,1200,带门式,白色,8*1*1,8,CI69B,莎拉,出库,30019,拣货
TVEs754KWh,白色 品牌32 75英寸 电视机（超高清）,电视机,品牌32,75英寸,超高清,白色,8*1*1,7,BQ29A,克里斯,出库,30028,拣货
PrNoA2InBl,黑色 品牌26 二号纸 打印机（喷墨）,打印机,品牌26,二号纸,喷墨,黑色,16*1*1,16,DR07E,克里斯,出库,30023,拣货
TVGn754KSi,银色 品牌30 75英寸 电视机（超高清）,电视机,品牌30,75英寸,超高清,银色,8*1*1,6,BZ79D,劳拉,出库,30051,拣货
TVGn32S4Si,银色 品牌30 32英寸 电视机（超级超高清）,电视机,品牌30,32英寸,超级超高清,银色,8*1*1,8,BF69C,莎拉,出库,30029,拣货
KeSu27ErWh,白色 品牌11 270 键盘（人体工学）,键盘,品牌11,270,人体工学,白色,16*10*1,160,AF55D,亚历克斯,出库,30037,拣货
CaQE18SlBl,黑色 品牌01 1800 文件柜（滑动式）,文件柜,品牌01,1800,滑动式,黑色,8*1*1,6,CZ79D,亚历克斯,出库,30067,拣货
NoGrA5doBl,黑色 品牌18 五号纸 笔记本（点阵）,笔记本,品牌18,五号纸,点阵,黑色,48*10*5,1774,DJ92C,亚历克斯,出库,30079,拣货
PrReA2LaBl,黑色 品牌24 二号纸 打印机（激光）,打印机,品牌24,二号纸,激光,黑色,16*1*1,12,BX93A,克里斯,出库,30092,拣货
KeHc45MeNa,藏青色 品牌09 450 键盘（机械式）,键盘,品牌09,450,机械式,藏青色,16*10*1,9,BM79A,亚历克斯,出库,30036,拣货
CuTE90SlGr,灰色 品牌04 900 储物柜（滑动式）,储物柜,品牌04,900,滑动式,灰色,8*1*1,6,DH17H,莎拉,出库,30057,拣货
AlSu17i5Wh,白色 品牌11 17英寸 一体机（第5代处理器）,一体机,品牌11,17英寸,第5代处理器,白色,16*1*1,9,AQ40D,劳拉,出库,30006,拣货
CaTE18DoBl,黑色 品牌04 1800 文件柜（带门式）,文件柜,品牌04,1800,带门式,黑色,8*1*1,5,BW37E,迈克,出库,30027,拣货
TVGn42FHWh,白色 品牌30 42英寸 电视机（全高清）,电视机,品牌30,42英寸,全高清,白色,8*1*1,8,BS56F,艾米,出库,30044,拣货
NoExA4doWh,白色 品牌16 四号纸 笔记本（点阵）,笔记本,品牌16,四号纸,点阵,白色,48*10*5,2018,BM48H,约翰,出库,30001,拣货
DrQE12LoGr,灰色 品牌01 1200 抽屉柜（储物锁柜）,抽屉柜,品牌01,1200,储物锁柜,灰色,8*1*1,2,CR26A,大卫,出库,30026,拣货
NoGrA5ruSi,银色 品牌18 五号纸 笔记本（横线）,笔记本,品牌18,五号纸,横线,银色,48*10*5,859,DR37B,劳拉,出库,30032,拣货
SPGi24HePi,粉色 品牌21 24 触控笔（六角形）,触控笔,品牌21,24,六角形,粉色,48*10*5,2400,AM74D,艾米,出库,30034,拣货
AlRe1432Si,银色 品牌14 14英寸 一体机（32吉字节内存）,一体机,品牌14,14英寸,32吉字节内存,银色,16*1*1,7,AO23G,克里斯,出库,30023,拣货
OfAEMAdPi,粉色 品牌05 中号 办公椅（可调节）,办公椅,品牌05,中号,可调节,粉色,16*1*1,6,CK48A,莎拉,出库,30040,拣货
TaTR10AuWh,白色 品牌29 1000 桌子（自动调节）,桌子,品牌29,1000,自动调节,白色,8*1*1,3,CR50E,克里斯,出库,30092,拣货
PrReA2AlMi,混合色 品牌24 二号纸 打印机（一体式）,打印机,品牌24,二号纸,一体式,混合色,16*1*1,16,AO53C,迈克,出库,30074,拣货
TVGn75S4Si,银色 品牌30 75英寸 电视机（超级超高清）,电视机,品牌30,75英寸,超级超高清,银色,8*1*1,7,DV10G,劳拉,出库,30097,拣货
CuTE12DoBe,米色 品牌04 1200 储物柜（带门式）,储物柜,品牌04,1200,带门式,米色,8*1*1,3,DK58B,劳拉,出库,30080,拣货
KePH35WiBl,黑色 品牌12 350 键盘（有线）,键盘,品牌12,350,有线,黑色,16*10*1,160,BJ40D,大卫,出库,30058,拣货
AlYn14i5Gr,灰色 品牌15 14英寸 一体机（第5代处理器）,一体机,品牌15,14英寸,第5代处理器,灰色,16*1*1,4,DV17D,亚历克斯,出库,30075,拣货
AlRe178GWh,白色 品牌14 17英寸 一体机（8吉字节内存）,一体机,品牌14,17英寸,8吉字节内存,白色,16*1*1,5,AT06D,迈克,出库,30080,拣货
SPAl24SoGr,灰色 品牌20 24 触控笔（可溶性）,触控笔,品牌20,24,可溶性,灰色,48*10*5,1472,CR94D,简,出库,30013,拣货
PeGi50SoGr,灰色 品牌21 50 铅笔（可溶性）,铅笔,品牌21,50,可溶性,灰色,48*10*5,2400,CL72B,大卫,出库,30027,拣货
CaWE18DoBe,米色 品牌02 1800 文件柜（带门式）,文件柜,品牌02,1800,带门式,米色,8*1*1,8,CG01G,简,出库,30052,拣货
PrPHA3WiMi,混合色 品牌12 三号纸 打印机（无线网络）,打印机,品牌12,三号纸,无线网络,混合色,16*1*1,16,AP01G,艾米丽,出库,30083,拣货
PeNa12HePi,粉色 品牌23 12 铅笔（六角形）,铅笔,品牌23,12,六角形,粉色,48*10*5,62,DW02G,迈克,出库,30068,拣货
PeRe24SoPi,粉色 品牌22 24 铅笔（可溶性）,铅笔,品牌22,24,可溶性,粉色,48*10*5,1567,BT05C,劳拉,出库,30012,拣货
LaYn1516Bl,黑色 品牌15 15英寸 笔记本电脑（16吉字节内存）,笔记本电脑,品牌15,15英寸,16吉字节内存,黑色,16*1*1,16,BP26A,克里斯,出库,30050,拣货
NoScA5ruBl,黑色 品牌17 五号纸 笔记本（横线）,笔记本,品牌17,五号纸,横线,黑色,48*10*5,667,CO19D,约翰,出库,30030,拣货
AlYn1432Wh,白色 品牌15 14英寸 一体机（32吉字节内存）,一体机,品牌15,14英寸,32吉字节内存,白色,16*1*1,16,DG22D,艾米,出库,30007,拣货
LaYn1516Wh,白色 品牌15 15英寸 笔记本电脑（16吉字节内存）,笔记本电脑,品牌15,15英寸,16吉字节内存,白色,16*1*1,13,BO86F,艾米丽,出库,30009,拣货
SPNa50WaPi,粉色 品牌23 50 触控笔（水彩）,触控笔,品牌23,50,水彩,粉色,48*10*5,2400,AT56E,艾米丽,出库,30085,拣货
DrTE12DoBe,米色 品牌04 1200 抽屉柜（带门式）,抽屉柜,品牌04,1200,带门式,米色,8*1*1,8,BP30H,艾米丽,出库,30092,拣货
SPNa24SoPi,粉色 品牌23 24 触控笔（可溶性）,触控笔,品牌23,24,可溶性,粉色,48*10*5,1714,BG11B,简,出库,30068,拣货
TVEs75S4Si,银色 品牌32 75英寸 电视机（超级超高清）,电视机,品牌32,75英寸,超级超高清,银色,8*1*1,8,DO31C,亚历克斯,出库,30056,拣货
PeAl24WaGr,灰色 品牌20 24 铅笔（水彩）,铅笔,品牌20,24,水彩,灰色,48*10*5,1613,CP22F,约翰,出库,30027,拣货
KeHc45ErPi,粉色 品牌09 450 键盘（人体工学）,键盘,品牌09,450,人体工学,粉色,16*10*1,14,DO24A,艾米,出库,30034,拣货
KeRe35ErBl,黑色 品牌10 350 键盘（人体工学）,键盘,品牌10,350,人体工学,黑色,16*10*1,26,DG17B,亚历克斯,出库,30093,拣货
DrWE12LoGr,灰色 品牌02 1200 抽屉柜（储物锁柜）,抽屉柜,品牌02,1200,储物锁柜,灰色,8*1*1,8,AM42F,克里斯,出库,30058,拣货
OfXELAdPi,粉色 品牌06 大号 办公椅（可调节）,办公椅,品牌06,大号,可调节,粉色,16*1*1,16,CP34C,克里斯,出库,30056,拣货
TVYn75SFBl,黑色 品牌15 75英寸 电视机（超级全高清）,电视机,品牌15,75英寸,超级全高清,黑色,8*1*1,8,CR88E,大卫,出库,30094,拣货
GaAELHePi,粉色 品牌05 大号 游戏椅（头枕）,游戏椅,品牌05,大号,头枕,粉色,16*1*1,16,BM21C,莎拉,出库,30022,拣货
OfSELAdGr,灰色 品牌08 大号 办公椅（可调节）,办公椅,品牌08,大号,可调节,灰色,16*1*1,16,CK05E,艾米丽,出库,30019,拣货
DrQE90FiBe,米色 品牌01 900 抽屉柜（文件收纳）,抽屉柜,品牌01,900,文件收纳,米色,8*1*1,8,AW22B,艾米,出库,30085,拣货
LaYn1532Bl,黑色 品牌15 15英寸 笔记本电脑（32吉字节内存）,笔记本电脑,品牌15,15英寸,32吉字节内存,黑色,16*1*1,10,DL37F,简,出库,30043,拣货
MoHc35MeNa,藏青色 品牌09 350 鼠标（机械式）,鼠标,品牌09,350,机械式,藏青色,16*10*1,150,CR66E,艾米丽,出库,30051,拣货
AlPH14i7Gr,灰色 品牌12 14英寸 一体机（第7代处理器）,一体机,品牌12,14英寸,第7代处理器,灰色,16*1*1,16,DV24A,莎拉,出库,30013,拣货
AlOv1432Bl,黑色 品牌13 14英寸 一体机（32吉字节内存）,一体机,品牌13,14英寸,32吉字节内存,黑色,16*1*1,16,BN73A,大卫,出库,30038,拣货
TVEs65FHWh,白色 品牌32 65英寸 电视机（全高清）,电视机,品牌32,65英寸,全高清,白色,8*1*1,8,BY64C,迈克,出库,30015,拣货
NoGrA3ruBl,黑色 品牌18 三号纸 笔记本（横线）,笔记本,品牌18,三号纸,横线,黑色,48*10*5,1490,CN75B,艾米,出库,30088,拣货
MoHc45WiBl,黑色 品牌09 450 鼠标（有线）,鼠标,品牌09,450,有线,黑色,16*10*1,160,AV73C,克里斯,出库,30091,拣货
MoRe35MeNa,藏青色 品牌10 350 鼠标（机械式）,鼠标,品牌10,350,机械式,藏青色,16*10*1,96,CG25B,劳拉,出库,30066,拣货
PeGi50SoBl,黑色 品牌21 50 铅笔（可溶性）,铅笔,品牌21,50,可溶性,黑色,48*10*5,133,AN92A,大卫,出库,30037,拣货
PeRe24WaPi,粉色 品牌22 24 铅笔（水彩）,铅笔,品牌22,24,水彩,粉色,48*10*5,2400,CT68H,简,出库,30043,拣货
PrSoA3MoMi,混合色 品牌25 三号纸 打印机（黑白）,打印机,品牌25,三号纸,黑白,混合色,16*1*1,14,DJ39H,大卫,出库,30005,拣货
TVEs42S4Wh,白色 品牌32 42英寸 电视机（超级超高清）,电视机,品牌32,42英寸,超级超高清,白色,8*1*1,8,CQ92D,约翰,出库,30027,拣货
TaTR10AuBl,黑色 品牌28 1000 桌子（自动调节）,桌子,品牌28,1000,自动调节,黑色,8*1*1,8,DI10C,简,出库,30040,拣货
AlPH158GGr,灰色 品牌12 15英寸 一体机（8吉字节内存）,一体机,品牌12,15英寸,8吉字节内存,灰色,16*1*1,16,DT53C,大卫,出库,30073,拣货
DrRG12SlBl,黑色 品牌03 1200 抽屉柜（滑动式）,抽屉柜,品牌03,1200,滑动式,黑色,8*1*1,3,CP39C,莎拉,出库,30039,拣货
TVEs75FHBl,黑色 品牌32 75英寸 电视机（全高清）,电视机,品牌32,75英寸,全高清,黑色,8*1*1,8,DJ85G,艾米,出库,30004,拣货
TaCI15AuSi,银色 品牌27 1500 桌子（自动调节）,桌子,品牌27,1500,自动调节,银色,8*1*1,8,CM43G,莎拉,出库,30091,拣货
TaAE15AuWh,白色 品牌05 1500 桌子（自动调节）,桌子,品牌05,1500,自动调节,白色,8*1*1,1,BY11G,克里斯,出库,30088,拣货
SPNa24HeGr,灰色 品牌23 24 触控笔（六角形）,触控笔,品牌23,24,六角形,灰色,48*10*5,2400,DV66G,艾米,出库,30043,拣货
LaRe1732Si,银色 品牌14 17英寸 笔记本电脑（32吉字节内存）,笔记本电脑,品牌14,17英寸,32吉字节内存,银色,16*1*1,16,DI81H,亚历克斯,出库,30045,拣货
NoExA4doWh,白色 品牌16 四号纸 笔记本（点阵）,笔记本,品牌16,四号纸,点阵,白色,48*10*5,765,AJ63D,简,出库,30096,拣货
LaSu17i7Bl,黑色 品牌11 17英寸 笔记本电脑（第7代处理器）,笔记本电脑,品牌11,17英寸,第7代处理器,黑色,16*1*1,16,DN66G,莎拉,出库,30061,拣货
SPNa12WaBl,黑色 品牌23 12 触控笔（水彩）,触控笔,品牌23,12,水彩,黑色,48*10*5,2400,DG69A,艾米丽,出库,30031,拣货
TaTR15WoWh,白色 品牌29 1500 桌子（工作站）,桌子,品牌29,1500,工作站,白色,8*1*1,8,DR51C,大卫,出库,30078,拣货
CuRG12LoBe,米色 品牌03 1200 储物柜（储物锁柜）,储物柜,品牌03,1200,储物锁柜,米色,8*1*1,1,DG05F,艾米,出库,30019,拣货
DrRG12SlBl,黑色 品牌03 1200 抽屉柜（滑动式）,抽屉柜,品牌03,1200,滑动式,黑色,8*1*1,8,DX72C,莎拉,出库,30023,拣货
LaSu1716Bl,黑色 品牌11 17英寸 笔记本电脑（16吉字节内存）,笔记本电脑,品牌11,17英寸,16吉字节内存,黑色,16*1*1,14,BP84F,约翰,出库,30018,拣货
PeAl12HeGr,灰色 品牌20 12 铅笔（六角形）,铅笔,品牌20,12,六角形,灰色,48*10*5,2400,DO53E,艾米,出库,30077,拣货
NoExA4liWh,白色 品牌16 四号纸 笔记本（线条）,笔记本,品牌16,四号纸,线条,白色,48*10*5,2081,BK79F,迈克,出库,30067,拣货
TVEs50S4Si,银色 品牌32 50英寸 电视机（超级超高清）,电视机,品牌32,50英寸,超级超高清,银色,8*1*1,8,DM56H,劳拉,出库,30040,拣货
LaYn178GGr,灰色 品牌15 17英寸 笔记本电脑（8吉字节内存）,笔记本电脑,品牌15,17英寸,8吉字节内存,灰色,16*1*1,3,AR58A,艾米,出库,30083,拣货
CaTE90DoBl,黑色 品牌04 900 文件柜（带门式）,文件柜,品牌04,900,带门式,黑色,8*1*1,2,DN44C,约翰,出库,30011,拣货
TVGn32SFWh,白色 品牌30 32英寸 电视机（超级全高清）,电视机,品牌30,32英寸,超级全高清,白色,8*1*1,8,AZ77E,简,出库,30026,拣货
DrTE12FiBe,米色 品牌04 1200 抽屉柜（文件收纳）,抽屉柜,品牌04,1200,文件收纳,米色,8*1*1,8,CR75A,艾米,出库,30088,拣货
NoExA4liGr,灰色 品牌16 四号纸 笔记本（线条）,笔记本,品牌16,四号纸,线条,灰色,48*10*5,2400,CJ31E,亚历克斯,出库,30067,拣货
KeSu35WiBl,黑色 品牌11 350 键盘（有线）,键盘,品牌11,350,有线,黑色,16*10*1,160,BG07A,艾米丽,出库,30018,拣货
KeRe35BlNa,藏青色 品牌10 350 键盘（蓝牙）,键盘,品牌10,350,蓝牙,藏青色,16*10*1,45,CR34E,简,出库,30071,拣货
LaRe1716Wh,白色 品牌14 17英寸 笔记本电脑（16吉字节内存）,笔记本电脑,品牌14,17英寸,16吉字节内存,白色,16*1*1,16,DK76H,艾米,出库,30044,拣货
CaQE90SlBe,米色 品牌01 900 文件柜（滑动式）,文件柜,品牌01,900,滑动式,米色,8*1*1,8,CO16D,艾米丽,出库,30005,拣货
LaYn14i7Gr,灰色 品牌15 14英寸 笔记本电脑（第7代处理器）,笔记本电脑,品牌15,14英寸,第7代处理器,灰色,16*1*1,16,DN92B,莎拉,出库,30048,拣货
NoScA5doGr,灰色 品牌17 五号纸 笔记本（点阵）,笔记本,品牌17,五号纸,点阵,灰色,48*10*5,2400,CT84H,莎拉,出库,30007,拣货
AlRe1516Wh,白色 品牌14 15英寸 一体机（16吉字节内存）,一体机,品牌14,15英寸,16吉字节内存,白色,16*1*1,2,AU23C,艾米丽,出库,30036,拣货
NoGrA4doSi,银色 品牌18 四号纸 笔记本（点阵）,笔记本,品牌18,四号纸,点阵,银色,48*10*5,379,AP95G,大卫,出库,30090,拣货
KeRe27MePi,粉色 品牌10 270 键盘（机械式）,键盘,品牌10,270,机械式,粉色,16*10*1,160,AL42H,劳拉,出库,30022,拣货
LaYn1432Bl,黑色 品牌15 14英寸 笔记本电脑（32吉字节内存）,笔记本电脑,品牌15,14英寸,32吉字节内存,黑色,16*1*1,10,DW40B,劳拉,出库,30000,拣货
TVGn32S4Si,银色 品牌30 32英寸 电视机（超级超高清）,电视机,品牌30,32英寸,超级超高清,银色,8*1*1,3,CL92B,大卫,出库,30061,拣货
GaAESErGr,灰色 品牌05 小号 游戏椅（人体工学）,游戏椅,品牌05,小号,人体工学,灰色,16*1*1,16,DN36F,大卫,出库,30063,拣货
CuWE90LoGr,灰色 品牌02 900 储物柜（储物锁柜）,储物柜,品牌02,900,储物锁柜,灰色,8*1*1,8,BX88G,莎拉,出库,30074,拣货
TVYn42SFGr,灰色 品牌15 42英寸 电视机（超级全高清）,电视机,品牌15,42英寸,超级全高清,灰色,8*1*1,8,BQ15H,莎拉,出库,30056,拣货
DrQE18LoWh,白色 品牌01 1800 抽屉柜（储物锁柜）,抽屉柜,品牌01,1800,储物锁柜,白色,8*1*1,4,DM88H,简,出库,30045,拣货
DrRG18SlGr,灰色 品牌03 1800 抽屉柜（滑动式）,抽屉柜,品牌03,1800,滑动式,灰色,8*1*1,8,BI18A,艾米丽,出库,30012,拣货
LaPH1716Wh,白色 品牌12 17英寸 笔记本电脑（16吉字节内存）,笔记本电脑,品牌12,17英寸,16吉字节内存,白色,16*1*1,16,CK18E,艾米丽,出库,30068,拣货
LaPH17i5Si,银色 品牌12 17英寸 笔记本电脑（第5代处理器）,笔记本电脑,品牌12,17英寸,第5代处理器,银色,16*1*1,16,AS26C,艾米丽,出库,30026,拣货
PrNoA2MoWh,白色 品牌26 二号纸 打印机（黑白）,打印机,品牌26,二号纸,黑白,白色,16*1*1,16,BM85E,约翰,出库,30071,拣货
LaOv158GSi,银色 品牌13 15英寸 笔记本电脑（8吉字节内存）,笔记本电脑,品牌13,15英寸,8吉字节内存,银色,16*1*1,16,AY67D,简,出库,30059,拣货
DrQE18DoWh,白色 品牌01 1800 抽屉柜（带门式）,抽屉柜,品牌01,1800,带门式,白色,8*1*1,4,DQ34G,艾米丽,出库,30093,拣货
SPRe12WaBl,黑色 品牌22 12 触控笔（水彩）,触控笔,品牌22,12,水彩,黑色,48*10*5,2400,CN71C,亚历克斯,出库,30052,拣货
DrWE12LoBe,米色 品牌02 1200 抽屉柜（储物锁柜）,抽屉柜,品牌02,1200,储物锁柜,米色,8*1*1,5,CN26F,大卫,出库,30069,拣货
PrPHA2AlWh,白色 品牌12 二号纸 打印机（一体式）,打印机,品牌12,二号纸,一体式,白色,16*1*1,16,BP60B,艾米,出库,30063,拣货
MoPH35ErNa,藏青色 品牌12 350 鼠标（人体工学）,鼠标,品牌12,350,人体工学,藏青色,16*10*1,160,DL51A,大卫,出库,30047,拣货
PrNoA4LaMi,混合色 品牌26 四号纸 打印机（激光）,打印机,品牌26,四号纸,激光,混合色,16*1*1,10,CP07D,亚历克斯,出库,30046,拣货
TVGn65FHBl,黑色 品牌30 65英寸 电视机（全高清）,电视机,品牌30,65英寸,全高清,黑色,8*1*1,8,DS75D,迈克,出库,30035,拣货
LaOv1732Si,银色 品牌13 17英寸 笔记本电脑（32吉字节内存）,笔记本电脑,品牌13,17英寸,32吉字节内存,银色,16*1*1,16,BM77G,简,出库,30032,拣货
TaTR18AdSi,银色 品牌28 1800 桌子（可调节）,桌子,品牌28,1800,可调节,银色,8*1*1,3,DH85E,克里斯,出库,30097,拣货
TVGn50FHGr,灰色 品牌30 50英寸 电视机（全高清）,电视机,品牌30,50英寸,全高清,灰色,8*1*1,3,BL53F,克里斯,出库,30024,拣货
PrReA4LaBl,黑色 品牌24 四号纸 打印机（激光）,打印机,品牌24,四号纸,激光,黑色,16*1*1,16,BT37D,简,出库,30098,拣货
PeAl50WaPi,粉色 品牌20 50 铅笔（水彩）,铅笔,品牌20,50,水彩,粉色,48*10*5,2232,DZ88C,莎拉,出库,30025,拣货
OfAESHeGr,灰色 品牌05 小号 办公椅（头枕）,办公椅,品牌05,小号,头枕,灰色,16*1*1,4,CG45B,劳拉,出库,30099,拣货
TVEs504KGr,灰色 品牌32 50英寸 电视机（超高清）,电视机,品牌32,50英寸,超高清,灰色,8*1*1,5,AI38E,劳拉,出库,30009,拣货
LaOv148GSi,银色 品牌13 14英寸 笔记本电脑（8吉字节内存）,笔记本电脑,品牌13,14英寸,8吉字节内存,银色,16*1*1,16,AH89A,简,出库,30000,拣货
PeRe50HeGr,灰色 品牌22 50 铅笔（六角形）,铅笔,品牌22,50,六角形,灰色,48*10*5,2400,DP91D,艾米,出库,30024,拣货
MoPH45WiBl,黑色 品牌12 450 鼠标（有线）,鼠标,品牌12,450,有线,黑色,16*10*1,121,AF02H,大卫,出库,30081,拣货
TVGL65FHGr,灰色 品牌31 65英寸 电视机（全高清）,电视机,品牌31,65英寸,全高清,灰色,8*1*1,5,CH90E,劳拉,出库,30012,拣货
PrNoA4LaWh,白色 品牌26 四号纸 打印机（激光）,打印机,品牌26,四号纸,激光,白色,16*1*1,12,DP97C,亚历克斯,出库,30019,拣货
PeNa50SoWh,白色 品牌23 50 铅笔（可溶性）,铅笔,品牌23,50,可溶性,白色,48*10*5,2400,BF45F,迈克,出库,30057,拣货
PrSoA2MoGr,灰色 品牌25 二号纸 打印机（黑白）,打印机,品牌25,二号纸,黑白,灰色,16*1*1,16,CV58A,克里斯,出库,30093,拣货
KeRe45ErPi,粉色 品牌10 450 键盘（人体工学）,键盘,品牌10,450,人体工学,粉色,16*10*1,160,BO78H,艾米,出库,30068,拣货
PrReA2WiWh,白色 品牌24 二号纸 打印机（无线网络）,打印机,品牌24,二号纸,无线网络,白色,16*1*1,16,DQ03F,艾米,出库,30066,拣货
AlPH178GGr,灰色 品牌12 17英寸 一体机（8吉字节内存）,一体机,品牌12,17英寸,8吉字节内存,灰色,16*1*1,16,AZ21B,约翰,出库,30019,拣货
NoScA5liGr,灰色 品牌17 五号纸 笔记本（线条）,笔记本,品牌17,五号纸,线条,灰色,48*10*5,657,CJ97E,迈克,出库,30091,拣货
KeSu27WiNa,藏青色 品牌11 270 键盘（有线）,键盘,品牌11,270,有线,藏青色,16*10*1,103,AL24C,克里斯,出库,30083,拣货
MoSu35BlBl,黑色 品牌11 350 鼠标（蓝牙）,鼠标,品牌11,350,蓝牙,黑色,16*10*1,80,CO15G,简,出库,30006,拣货
DrTE12SlGr,灰色 品牌04 1200 抽屉柜（滑动式）,抽屉柜,品牌04,1200,滑动式,灰色,8*1*1,8,DL92C,亚历克斯,出库,30062,拣货
SPRe24SoGr,灰色 品牌22 24 触控笔（可溶性）,触控笔,品牌22,24,可溶性,灰色,48*10*5,905,AM65A,艾米,出库,30033,拣货
KeHc45BlBl,黑色 品牌09 450 键盘（蓝牙）,键盘,品牌09,450,蓝牙,黑色,16*10*1,115,CJ94D,迈克,出库,30027,拣货
KePH27MeWh,白色 品牌12 270 键盘（机械式）,键盘,品牌12,270,机械式,白色,16*10*1,124,DR98E,莎拉,出库,30093,拣货
CaQE12FiBe,米色 品牌01 1200 文件柜（文件收纳）,文件柜,品牌01,1200,文件收纳,米色,8*1*1,1,AL41H,克里斯,出库,30022,拣货
PrNoA4AlBl,黑色 品牌26 四号纸 打印机（一体式）,打印机,品牌26,四号纸,一体式,黑色,16*1*1,16,AX47C,亚历克斯,出库,30014,拣货
AlRe1532Si,银色 品牌14 15英寸 一体机（32吉字节内存）,一体机,品牌14,15英寸,32吉字节内存,银色,16*1*1,16,DW74C,大卫,出库,30067,拣货
TVEs32SFBl,黑色 品牌32 32英寸 电视机（超级全高清）,电视机,品牌32,32英寸,超级全高清,黑色,8*1*1,2,BI71G,艾米丽,出库,30047,拣货
LaRe14i7Si,银色 品牌14 14英寸 笔记本电脑（第7代处理器）,笔记本电脑,品牌14,14英寸,第7代处理器,银色,16*1*1,16,AV21E,莎拉,出库,30052,拣货
KeHc35MeWh,白色 品牌09 350 键盘（机械式）,键盘,品牌09,350,机械式,白色,16*10*1,28,CK44A,艾米,出库,30089,拣货
KeRe45ErBl,黑色 品牌10 450 键盘（人体工学）,键盘,品牌10,450,人体工学,黑色,16*10*1,160,AW27H,艾米丽,出库,30019,拣货
NoExA3ruWh,白色 品牌16 三号纸 笔记本（横线）,笔记本,品牌16,三号纸,横线,白色,48*10*5,2400,AQ62C,莎拉,出库,30023,拣货
PrSoA4MoMi,混合色 品牌25 四号纸 打印机（黑白）,打印机,品牌25,四号纸,黑白,混合色,16*1*1,16,BV35F,简,出库,30083,拣货
AlOv158GWh,白色 品牌13 15英寸 一体机（8吉字节内存）,一体机,品牌13,15英寸,8吉字节内存,白色,16*1*1,1,AQ08H,亚历克斯,出库,30088,拣货
PeGi24SoBl,黑色 品牌21 24 铅笔（可溶性）,铅笔,品牌21,24,可溶性,黑色,48*10*5,2400,AO24C,迈克,出库,30062,拣货
OfSEMAdBl,黑色 品牌08 中号 办公椅（可调节）,办公椅,品牌08,中号,可调节,黑色,16*1*1,8,AZ90E,亚历克斯,出库,30005,拣货
TVGn324KBl,黑色 品牌30 32英寸 电视机（超高清）,电视机,品牌30,32英寸,超高清,黑色,8*1*1,5,BN28C,大卫,出库,30034,拣货
TVYn65SFSi,银色 品牌15 65英寸 电视机（超级全高清）,电视机,品牌15,65英寸,超级全高清,银色,8*1*1,8,CX70B,大卫,出库,30094,拣货
CuRG12FiWh,白色 品牌03 1200 储物柜（文件收纳）,储物柜,品牌03,1200,文件收纳,白色,8*1*1,8,CQ65B,约翰,出库,30092,拣货
KeRe35WiPi,粉色 品牌10 350 键盘（有线）,键盘,品牌10,350,有线,粉色,16*10*1,65,CY41E,亚历克斯,出库,30029,拣货
AlYn1732Gr,灰色 品牌15 17英寸 一体机（32吉字节内存）,一体机,品牌15,17英寸,32吉字节内存,灰色,16*1*1,3,BV36B,克里斯,出库,30037,拣货
TVYn65S4Si,银色 品牌15 65英寸 电视机（超级超高清）,电视机,品牌15,65英寸,超级超高清,银色,8*1*1,8,AT11F,劳拉,出库,30083,拣货
PeNa12SoWh,白色 品牌23 12 铅笔（可溶性）,铅笔,品牌23,12,可溶性,白色,48*10*5,1548,BS73E,大卫,出库,30024,拣货
NoScA4ruBl,黑色 品牌17 四号纸 笔记本（横线）,笔记本,品牌17,四号纸,横线,黑色,48*10*5,2289,BO32B,艾米,出库,30019,拣货
TaAE18AdWh,白色 品牌05 1800 桌子（可调节）,桌子,品牌05,1800,可调节,白色,8*1*1,8,DM41H,艾米丽,出库,30006,拣货
TVYn424KWh,白色 品牌15 42英寸 电视机（超高清）,电视机,品牌15,42英寸,超高清,白色,8*1*1,8,BQ63A,大卫,出库,30055,拣货
TVYn32S4Bl,黑色 品牌15 32英寸 电视机（超级超高清）,电视机,品牌15,32英寸,超级超高清,黑色,8*1*1,8,AF54D,艾米,出库,30087,拣货
AlSu1516Wh,白色 品牌11 15英寸 一体机（16吉字节内存）,一体机,品牌11,15英寸,16吉字节内存,白色,16*1*1,3,DQ58A,迈克,出库,30072,拣货
CaWE90DoWh,白色 品牌02 900 文件柜（带门式）,文件柜,品牌02,900,带门式,白色,8*1*1,8,DY41B,劳拉,出库,30050,拣货
OfSEMHeWh,白色 品牌08 中号 办公椅（头枕）,办公椅,品牌08,中号,头枕,白色,16*1*1,11,DS70B,劳拉,出库,30032,拣货
PeNa50SoWh,白色 品牌23 50 铅笔（可溶性）,铅笔,品牌23,50,可溶性,白色,48*10*5,2400,DQ50D,莎拉,出库,30081,拣货
GaOGSAdPi,粉色 品牌07 小号 游戏椅（可调节）,游戏椅,品牌07,小号,可调节,粉色,16*1*1,16,DZ27B,莎拉,出库,30025,拣货
DrTE18LoBe,米色 品牌04 1800 抽屉柜（储物锁柜）,抽屉柜,品牌04,1800,储物锁柜,米色,8*1*1,8,CU83G,劳拉,出库,30080,拣货
PrNoA3AlBl,黑色 品牌26 三号纸 打印机（一体式）,打印机,品牌26,三号纸,一体式,黑色,16*1*1,16,DM48F,艾米,出库,30013,拣货
GaAESErPi,粉色 品牌05 小号 游戏椅（人体工学）,游戏椅,品牌05,小号,人体工学,粉色,16*1*1,16,DI59G,简,出库,30049,拣货
TVYn754KSi,银色 品牌15 75英寸 电视机（超高清）,电视机,品牌15,75英寸,超高清,银色,8*1*1,6,DZ27E,劳拉,出库,30046,拣货
TaCI18AuWh,白色 品牌27 1800 桌子（自动调节）,桌子,品牌27,1800,自动调节,白色,8*1*1,8,BM69B,艾米丽,出库,30091,拣货
CaWE12FiBl,黑色 品牌02 1200 文件柜（文件收纳）,文件柜,品牌02,1200,文件收纳,黑色,8*1*1,6,BN03B,简,出库,30009,拣货
PrPHA2WiGr,灰色 品牌12 二号纸 打印机（无线网络）,打印机,品牌12,二号纸,无线网络,灰色,16*1*1,6,DX89B,艾米,出库,30059,拣货
LaPH158GSi,银色 品牌12 15英寸 笔记本电脑（8吉字节内存）,笔记本电脑,品牌12,15英寸,8吉字节内存,银色,16*1*1,16,DM97A,克里斯,出库,30094,拣货
TaTR15WoWh,白色 品牌29 1500 桌子（工作站）,桌子,品牌29,1500,工作站,白色,8*1*1,6,BM43D,迈克,出库,30023,拣货
GaAESHeWh,白色 品牌05 小号 游戏椅（头枕）,游戏椅,品牌05,小号,头枕,白色,16*1*1,16,DT51F,莎拉,出库,30057,拣货
KePH27ErBl,黑色 品牌12 270 键盘（人体工学）,键盘,品牌12,270,人体工学,黑色,16*10*1,95,BQ36A,简,出库,30057,拣货
KeSu35BlBl,黑色 品牌11 350 键盘（蓝牙）,键盘,品牌11,350,蓝牙,黑色,16*10*1,42,AJ88G,莎拉,出库,30024,拣货
GaXESAdWh,白色 品牌06 小号 游戏椅（可调节）,游戏椅,品牌06,小号,可调节,白色,16*1*1,16,BT68H,迈克,出库,30082,拣货
TaAE18AdBl,黑色 品牌05 1800 桌子（可调节）,桌子,品牌05,1800,可调节,黑色,8*1*1,8,AU42D,迈克,出库,30016,拣货
TVEs75SFBl,黑色 品牌32 75英寸 电视机（超级全高清）,电视机,品牌32,75英寸,超级全高清,黑色,8*1*1,8,CK17D,约翰,出库,30017,拣货
LaSu1732Gr,灰色 品牌11 17英寸 笔记本电脑（32吉字节内存）,笔记本电脑,品牌11,17英寸,32吉字节内存,灰色,16*1*1,16,AS75E,克里斯,出库,30001,拣货
KeHc35MeWh,白色 品牌09 350 键盘（机械式）,键盘,品牌09,350,机械式,白色,16*10*1,160,BF44G,艾米丽,出库,30052,拣货
AlRe1732Bl,黑色 品牌14 17英寸 一体机（32吉字节内存）,一体机,品牌14,17英寸,32吉字节内存,黑色,16*1*1,16,BO73C,艾米丽,出库,30061,拣货
AlRe1416Si,银色 品牌14 14英寸 一体机（16吉字节内存）,一体机,品牌14,14英寸,16吉字节内存,银色,16*1*1,15,DM66E,迈克,出库,30096,拣货
CuRG18LoWh,白色 品牌03 1800 储物柜（储物锁柜）,储物柜,品牌03,1800,储物锁柜,白色,8*1*1,8,CT96C,亚历克斯,出库,30058,拣货
DrRG12DoBl,黑色 品牌03 1200 抽屉柜（带门式）,抽屉柜,品牌03,1200,带门式,黑色,8*1*1,1,BJ42B,莎拉,出库,30059,拣货
DrWE12DoBe,米色 品牌02 1200 抽屉柜（带门式）,抽屉柜,品牌02,1200,带门式,米色,8*1*1,8,AU41G,艾米,出库,30016,拣货
NoExA5liGr,灰色 品牌16 五号纸 笔记本（线条）,笔记本,品牌16,五号纸,线条,灰色,48*10*5,2400,AV38G,劳拉,出库,30098,拣货
CaTE18DoGr,灰色 品牌04 1800 文件柜（带门式）,文件柜,品牌04,1800,带门式,灰色,8*1*1,8,AG25F,亚历克斯,出库,30094,拣货
CuTE18LoBl,黑色 品牌04 1800 储物柜（储物锁柜）,储物柜,品牌04,1800,储物锁柜,黑色,8*1*1,3,DN55G,约翰,出库,30095,拣货
SPAl12SoPi,粉色 品牌20 12 触控笔（可溶性）,触控笔,品牌20,12,可溶性,粉色,48*10*5,2400,DN56B,简,出库,30041,拣货
KeSu27WiBl,黑色 品牌11 270 键盘（有线）,键盘,品牌11,270,有线,黑色,16*10*1,43,DO85D,大卫,出库,30099,拣货
CaTE18SlBl,黑色 品牌04 1800 文件柜（滑动式）,文件柜,品牌04,1800,滑动式,黑色,8*1*1,5,CX11F,克里斯,出库,30014,拣货
SPAl24HeBl,黑色 品牌20 24 触控笔（六角形）,触控笔,品牌20,24,六角形,黑色,48*10*5,1582,AF10B,约翰,出库,30086,拣货
CuTE90SlBe,米色 品牌04 900 储物柜（滑动式）,储物柜,品牌04,900,滑动式,米色,8*1*1,8,AP46F,简,出库,30097,拣货
PrSoA2InWh,白色 品牌25 二号纸 打印机（喷墨）,打印机,品牌25,二号纸,喷墨,白色,16*1*1,16,AV26A,艾米,出库,30014,拣货
NoGrA3doSi,银色 品牌18 三号纸 笔记本（点阵）,笔记本,品牌18,三号纸,点阵,银色,48*10*5,2400,DM85A,约翰,出库,30033,拣货
LaOv1532Wh,白色 品牌13 15英寸 笔记本电脑（32吉字节内存）,笔记本电脑,品牌13,15英寸,32吉字节内存,白色,16*1*1,16,AN62H,约翰,出库,30007,拣货
PeAl24HeGr,灰色 品牌20 24 铅笔（六角形）,铅笔,品牌20,24,六角形,灰色,48*10*5,2400,DT74B,艾米丽,出库,30045,拣货
CaQE90FiWh,白色 品牌01 900 文件柜（文件收纳）,文件柜,品牌01,900,文件收纳,白色,8*1*1,8,AX98E,大卫,出库,30057,拣货
AlPH1532Bl,黑色 品牌12 15英寸 一体机（32吉字节内存）,一体机,品牌12,15英寸,32吉字节内存,黑色,16*1*1,5,AI66B,亚历克斯,出库,30089,拣货
CuWE18LoWh,白色 品牌02 1800 储物柜（储物锁柜）,储物柜,品牌02,1800,储物锁柜,白色,8*1*1,8,AT41E,简,出库,30086,拣货
LaYn1716Wh,白色 品牌15 17英寸 笔记本电脑（16吉字节内存）,笔记本电脑,品牌15,17英寸,16吉字节内存,白色,16*1*1,14,DJ32A,约翰,出库,30026,拣货
AlRe17i5Gr,灰色 品牌14 17英寸 一体机（第5代处理器）,一体机,品牌14,17英寸,第5代处理器,灰色,16*1*1,16,BY73E,迈克,出库,30045,拣货
AlSu17i7Wh,白色 品牌11 17英寸 一体机（第7代处理器）,一体机,品牌11,17英寸,第7代处理器,白色,16*1*1,16,AJ22C,约翰,出库,30098,拣货
KeSu45ErWh,白色 品牌11 450 键盘（人体工学）,键盘,品牌11,450,人体工学,白色,16*10*1,63,AY05D,莎拉,出库,30025,拣货
LaPH158GGr,灰色 品牌12 15英寸 笔记本电脑（8吉字节内存）,笔记本电脑,品牌12,15英寸,8吉字节内存,灰色,16*1*1,13,CG10H,艾米,出库,30082,拣货
TVGL75S4Gr,灰色 品牌31 75英寸 电视机（超级超高清）,电视机,品牌31,75英寸,超级超高清,灰色,8*1*1,8,CP45D,简,出库,30046,拣货
PrNoA4AlWh,白色 品牌26 四号纸 打印机（一体式）,打印机,品牌26,四号纸,一体式,白色,16*1*1,15,DW73G,迈克,出库,30062,拣货
DrWE18FiGr,灰色 品牌02 1800 抽屉柜（文件收纳）,抽屉柜,品牌02,1800,文件收纳,灰色,8*1*1,4,DG45F,简,出库,30039,拣货
CuTE90DoBl,黑色 品牌04 900 储物柜（带门式）,储物柜,品牌04,900,带门式,黑色,8*1*1,2,CP47H,简,出库,30027,拣货
MoPH27BlWh,白色 品牌12 270 鼠标（蓝牙）,鼠标,品牌12,270,蓝牙,白色,16*10*1,160,AX28B,简,出库,30051,拣货
NoScA4liGr,灰色 品牌17 四号纸 笔记本（线条）,笔记本,品牌17,四号纸,线条,灰色,48*10*5,1334,AT41D,亚历克斯,出库,30002,拣货
PrReA2InWh,白色 品牌24 二号纸 打印机（喷墨）,打印机,品牌24,二号纸,喷墨,白色,16*1*1,6,DT93D,莎拉,出库,30060,拣货
PrPHA2WiGr,灰色 品牌12 二号纸 打印机（无线网络）,打印机,品牌12,二号纸,无线网络,灰色,16*1*1,16,BZ46D,亚历克斯,出库,30084,拣货
AlOv17i5Bl,黑色 品牌13 17英寸 一体机（第5代处理器）,一体机,品牌13,17英寸,第5代处理器,黑色,16*1*1,16,DQ06C,迈克,出库,30090,拣货
GaOGLHeGr,灰色 品牌07 大号 游戏椅（头枕）,游戏椅,品牌07,大号,头枕,灰色,16*1*1,15,BG78G,克里斯,出库,30091,拣货
LaYn15i7Wh,白色 品牌15 15英寸 笔记本电脑（第7代处理器）,笔记本电脑,品牌15,15英寸,第7代处理器,白色,16*1*1,2,BL55A,艾米,出库,30036,拣货
KeSu45MePi,粉色 品牌11 450 键盘（机械式）,键盘,品牌11,450,机械式,粉色,16*10*1,160,CV27B,艾米丽,出库,30015,拣货
KeSu27ErWh,白色 品牌11 270 键盘（人体工学）,键盘,品牌11,270,人体工学,白色,16*10*1,94,DT19D,克里斯,出库,30026,拣货
OfOGMHeGr,灰色 品牌07 中号 办公椅（头枕）,办公椅,品牌07,中号,头枕,灰色,16*1*1,14,CW93H,迈克,出库,30093,拣货
MoSu27MeNa,藏青色 品牌11 270 鼠标（机械式）,鼠标,品牌11,270,机械式,藏青色,16*10*1,8,AI19G,约翰,出库,30037,拣货
AlPH1516Bl,黑色 品牌12 15英寸 一体机（16吉字节内存）,一体机,品牌12,15英寸,16吉字节内存,黑色,16*1*1,16,AN03D,简,出库,30097,拣货
TVEs65SFWh,白色 品牌32 65英寸 电视机（超级全高清）,电视机,品牌32,65英寸,超级全高清,白色,8*1*1,8,CL55D,克里斯,出库,30033,拣货
LaRe158GBl,黑色 品牌14 15英寸 笔记本电脑（8吉字节内存）,笔记本电脑,品牌14,15英寸,8吉字节内存,黑色,16*1*1,16,AT21F,艾米,出库,30052,拣货
TaAE10FrBl,黑色 品牌05 1000 桌子（框架式）,桌子,品牌05,1000,框架式,黑色,8*1*1,1,CI07E,艾米,出库,30010,拣货
NoGrA3liGr,灰色 品牌18 三号纸 笔记本（线条）,笔记本,品牌18,三号纸,线条,灰色,48*10*5,2400,DO79F,劳拉,出库,30011,拣货
AlPH1516Wh,白色 品牌12 15英寸 一体机（16吉字节内存）,一体机,品牌12,15英寸,16吉字节内存,白色,16*1*1,10,AZ15B,劳拉,出库,30085,拣货
LaSu1532Bl,黑色 品牌11 15英寸 笔记本电脑（32吉字节内存）,笔记本电脑,品牌11,15英寸,32吉字节内存,黑色,16*1*1,12,AK07H,亚历克斯,出库,30070,拣货
TVGL50S4Si,银色 品牌31 50英寸 电视机（超级超高清）,电视机,品牌31,50英寸,超级超高清,银色,8*1*1,8,AS46D,迈克,出库,30066,拣货
PrSoA2MoBl,黑色 品牌25 二号纸 打印机（黑白）,打印机,品牌25,二号纸,黑白,黑色,16*1*1,16,DJ61B,劳拉,出库,30082,拣货
TVGL50S4Gr,灰色 品牌31 50英寸 电视机（超级超高清）,电视机,品牌31,50英寸,超级超高清,灰色,8*1*1,4,AF83H,迈克,出库,30024,拣货
TVYn424KGr,灰色 品牌15 42英寸 电视机（超高清）,电视机,品牌15,42英寸,超高清,灰色,8*1*1,7,DQ94H,克里斯,出库,30028,拣货
SPRe24WaWh,白色 品牌22 24 触控笔（水彩）,触控笔,品牌22,24,水彩,白色,48*10*5,2400,BK44D,迈克,出库,30020,拣货
LaYn1732Bl,黑色 品牌15 17英寸 笔记本电脑（32吉字节内存）,笔记本电脑,品牌15,17英寸,32吉字节内存,黑色,16*1*1,16,DX08A,艾米,出库,30090,拣货
CuTE90SlGr,灰色 品牌04 900 储物柜（滑动式）,储物柜,品牌04,900,滑动式,灰色,8*1*1,7,DP34D,简,出库,30037,拣货
LaSu1732Wh,白色 品牌11 17英寸 笔记本电脑（32吉字节内存）,笔记本电脑,品牌11,17英寸,32吉字节内存,白色,16*1*1,14,BQ89G,简,出库,30004,拣货
NoExA5ruBl,黑色 品牌16 五号纸 笔记本（横线）,笔记本,品牌16,五号纸,横线,黑色,48*10*5,2400,BM91A,简,出库,30001,拣货
OfOGLLePi,粉色 品牌07 大号 办公椅（皮革）,办公椅,品牌07,大号,皮革,粉色,16*1*1,16,BM55H,克里斯,出库,30053,拣货
AlPH14i5Gr,灰色 品牌12 14英寸 一体机（第5代处理器）,一体机,品牌12,14英寸,第5代处理器,灰色,16*1*1,16,CH85F,劳拉,出库,30050,拣货
TaAE10AuSi,银色 品牌05 1000 桌子（自动调节）,桌子,品牌05,1000,自动调节,银色,8*1*1,8,DN88C,劳拉,出库,30087,拣货
SPNa50WaGr,灰色 品牌23 50 触控笔（水彩）,触控笔,品牌23,50,水彩,灰色,48*10*5,1906,BU83A,劳拉,出库,30075,拣货
NoScA3doGr,灰色 品牌17 三号纸 笔记本（点阵）,笔记本,品牌17,三号纸,点阵,灰色,48*10*5,2400,CN86H,约翰,出库,30072,拣货
CaRG90SlBe,米色 品牌03 900 文件柜（滑动式）,文件柜,品牌03,900,滑动式,米色,8*1*1,8,CL03G,艾米,出库,30086,拣货
NoMuA5doBl,黑色 品牌19 五号纸 笔记本（点阵）,笔记本,品牌19,五号纸,点阵,黑色,48*10*5,1738,DU57C,克里斯,出库,30081,拣货
LaYn1532Gr,灰色 品牌15 15英寸 笔记本电脑（32吉字节内存）,笔记本电脑,品牌15,15英寸,32吉字节内存,灰色,16*1*1,12,DY13G,劳拉,出库,30052,拣货
TaTR15WoWh,白色 品牌29 1500 桌子（工作站）,桌子,品牌29,1500,工作站,白色,8*1*1,8,AQ66C,莎拉,出库,30022,拣货
TVGL50SFBl,黑色 品牌31 50英寸 电视机（超级全高清）,电视机,品牌31,50英寸,超级全高清,黑色,8*1*1,4,BJ74D,劳拉,出库,30020,拣货
TaTR10WoGr,灰色 品牌28 1000 桌子（工作站）,桌子,品牌28,1000,工作站,灰色,8*1*1,8,AV12F,艾米丽,出库,30002,拣货
OfAEMAdWh,白色 品牌05 中号 办公椅（可调节）,办公椅,品牌05,中号,可调节,白色,16*1*1,6,AG90A,克里斯,出库,30046,拣货
PeAl24HeGr,灰色 品牌20 24 铅笔（六角形）,铅笔,品牌20,24,六角形,灰色,48*10*5,2400,BJ84E,大卫,出库,30082,拣货
LaRe158GBl,黑色 品牌14 15英寸 笔记本电脑（8吉字节内存）,笔记本电脑,品牌14,15英寸,8吉字节内存,黑色,16*1*1,16,AM45F,迈克,出库,30029,拣货
MoHc35BlNa,藏青色 品牌09 350 鼠标（蓝牙）,鼠标,品牌09,350,蓝牙,藏青色,16*10*1,13,BO10G,迈克,出库,30079,拣货
AlYn1716Bl,黑色 品牌15 17英寸 一体机（16吉字节内存）,一体机,品牌15,17英寸,16吉字节内存,黑色,16*1*1,15,CM72G,莎拉,出库,30059,拣货
TVYn42S4Gr,灰色 品牌15 42英寸 电视机（超级超高清）,电视机,品牌15,42英寸,超级超高清,灰色,8*1*1,1,CG71H,约翰,出库,30008,拣货
AlPH158GBl,黑色 品牌12 15英寸 一体机（8吉字节内存）,一体机,品牌12,15英寸,8吉字节内存,黑色,16*1*1,11,AF28G,克里斯,出库,30083,拣货
PeNa24WaGr,灰色 品牌23 24 铅笔（水彩）,铅笔,品牌23,24,水彩,灰色,48*10*5,2400,CI14E,莎拉,出库,30089,拣货
MoRe35MeBl,黑色 品牌10 350 鼠标（机械式）,鼠标,品牌10,350,机械式,黑色,16*10*1,160,BR73G,简,出库,30021,拣货
PeNa50SoBl,黑色 品牌23 50 铅笔（可溶性）,铅笔,品牌23,50,可溶性,黑色,48*10*5,2400,BJ16D,艾米,出库,30064,拣货
MoSu27ErNa,藏青色 品牌11 270 鼠标（人体工学）,鼠标,品牌11,270,人体工学,藏青色,16*10*1,10,AU82F,亚历克斯,出库,30070,拣货
DrQE12FiBe,米色 品牌01 1200 抽屉柜（文件收纳）,抽屉柜,品牌01,1200,文件收纳,米色,8*1*1,7,CQ70F,亚历克斯,出库,30072,拣货
NoGrA4ruBl,黑色 品牌18 四号纸 笔记本（横线）,笔记本,品牌18,四号纸,横线,黑色,48*10*5,1275,DG61A,莎拉,出库,30055,拣货
KeSu35BlWh,白色 品牌11 350 键盘（蓝牙）,键盘,品牌11,350,蓝牙,白色,16*10*1,94,BX48G,迈克,出库,30003,拣货
AlPH1432Gr,灰色 品牌12 14英寸 一体机（32吉字节内存）,一体机,品牌12,14英寸,32吉字节内存,灰色,16*1*1,16,BJ87H,亚历克斯,出库,30086,拣货
CaWE18SlBl,黑色 品牌02 1800 文件柜（滑动式）,文件柜,品牌02,1800,滑动式,黑色,8*1*1,5,BS59A,艾米丽,出库,30063,拣货
MoPH45ErPi,粉色 品牌12 450 鼠标（人体工学）,鼠标,品牌12,450,人体工学,粉色,16*10*1,136,CT51A,迈克,出库,30058,拣货
DrWE18SlBl,黑色 品牌02 1800 抽屉柜（滑动式）,抽屉柜,品牌02,1800,滑动式,黑色,8*1*1,3,BK29A,约翰,出库,30084,拣货
SPNa24WaWh,白色 品牌23 24 触控笔（水彩）,触控笔,品牌23,24,水彩,白色,48*10*5,2400,CU46G,亚历克斯,出库,30057,拣货
DrRG90SlBe,米色 品牌03 900 抽屉柜（滑动式）,抽屉柜,品牌03,900,滑动式,米色,8*1*1,8,DL33E,劳拉,出库,30051,拣货
LaSu17i7Bl,黑色 品牌11 17英寸 笔记本电脑（第7代处理器）,笔记本电脑,品牌11,17英寸,第7代处理器,黑色,16*1*1,16,DK10F,简,出库,30075,拣货
NoMuA3liBl,黑色 品牌19 三号纸 笔记本（线条）,笔记本,品牌19,三号纸,线条,黑色,48*10*5,1076,CJ79A,克里斯,出库,30007,拣货
TaAE18FrGr,灰色 品牌05 1800 桌子（框架式）,桌子,品牌05,1800,框架式,灰色,8*1*1,8,CM20H,迈克,出库,30050,拣货
DrWE12DoGr,灰色 品牌02 1200 抽屉柜（带门式）,抽屉柜,品牌02,1200,带门式,灰色,8*1*1,8,CY03A,迈克,出库,30068,拣货
PrPHA4AlGr,灰色 品牌12 四号纸 打印机（一体式）,打印机,品牌12,四号纸,一体式,灰色,16*1*1,16,DK20F,大卫,出库,30032,拣货
PeRe12WaGr,灰色 品牌22 12 铅笔（水彩）,铅笔,品牌22,12,水彩,灰色,48*10*5,2400,AY29D,克里斯,出库,30005,拣货
NoMuA4ruBl,黑色 品牌19 四号纸 笔记本（横线）,笔记本,品牌19,四号纸,横线,黑色,48*10*5,2400,AJ96A,简,出库,30099,拣货
CaQE12DoBe,米色 品牌01 1200 文件柜（带门式）,文件柜,品牌01,1200,带门式,米色,8*1*1,6,CY86D,亚历克斯,出库,30093,拣货
AlSu1716Wh,白色 品牌11 17英寸 一体机（16吉字节内存）,一体机,品牌11,17英寸,16吉字节内存,白色,16*1*1,12,DJ97E,莎拉,出库,30025,拣货
AlRe15i5Gr,灰色 品牌14 15英寸 一体机（第5代处理器）,一体机,品牌14,15英寸,第5代处理器,灰色,16*1*1,16,CP74H,克里斯,出库,30093,拣货
LaRe14i7Si,银色 品牌14 14英寸 笔记本电脑（第7代处理器）,笔记本电脑,品牌14,14英寸,第7代处理器,银色,16*1*1,4,CX52A,莎拉,出库,30073,拣货
DrQE18SlBe,米色 品牌01 1800 抽屉柜（滑动式）,抽屉柜,品牌01,1800,滑动式,米色,8*1*1,7,AO15E,迈克,出库,30066,拣货
TVYn75S4Bl,黑色 品牌15 75英寸 电视机（超级超高清）,电视机,品牌15,75英寸,超级超高清,黑色,8*1*1,8,AV81G,简,出库,30080,拣货
KePH27MePi,粉色 品牌12 270 键盘（机械式）,键盘,品牌12,270,机械式,粉色,16*10*1,160,BL19B,艾米丽,出库,30049,拣货
GaOGLHeBl,黑色 品牌07 大号 游戏椅（头枕）,游戏椅,品牌07,大号,头枕,黑色,16*1*1,6,AI54D,莎拉,出库,30076,拣货
AlRe1732Gr,灰色 品牌14 17英寸 一体机（32吉字节内存）,一体机,品牌14,17英寸,32吉字节内存,灰色,16*1*1,7,BN31F,亚历克斯,出库,30044,拣货
LaSu15i5Wh,白色 品牌11 15英寸 笔记本电脑（第5代处理器）,笔记本电脑,品牌11,15英寸,第5代处理器,白色,16*1*1,16,BL89D,劳拉,出库,30014,拣货
GaOGLErPi,粉色 品牌07 大号 游戏椅（人体工学）,游戏椅,品牌07,大号,人体工学,粉色,16*1*1,1,AF89H,约翰,出库,30025,拣货
KePH27BlNa,藏青色 品牌12 270 键盘（蓝牙）,键盘,品牌12,270,蓝牙,藏青色,16*10*1,160,DY11H,劳拉,出库,30037,拣货
LaYn158GSi,银色 品牌15 15英寸 笔记本电脑（8吉字节内存）,笔记本电脑,品牌15,15英寸,8吉字节内存,银色,16*1*1,16,BO89C,大卫,出库,30057,拣货
GaAESLeWh,白色 品牌05 小号 游戏椅（皮革）,游戏椅,品牌05,小号,皮革,白色,16*1*1,16,BN55D,艾米丽,出库,30087,拣货
CuWE12LoGr,灰色 品牌02 1200 储物柜（储物锁柜）,储物柜,品牌02,1200,储物锁柜,灰色,8*1*1,6,AL37G,大卫,出库,30088,拣货
KeHc45BlBl,黑色 品牌09 450 键盘（蓝牙）,键盘,品牌09,450,蓝牙,黑色,16*10*1,142,CW05F,艾米,出库,30092,拣货
NoScA5liBl,黑色 品牌17 五号纸 笔记本（线条）,笔记本,品牌17,五号纸,线条,黑色,48*10*5,2400,CJ62F,莎拉,出库,30078,拣货
TVEs754KSi,银色 品牌32 75英寸 电视机（超高清）,电视机,品牌32,75英寸,超高清,银色,8*1*1,5,CF57C,艾米,出库,30009,拣货
LaPH1732Bl,黑色 品牌12 17英寸 笔记本电脑（32吉字节内存）,笔记本电脑,品牌12,17英寸,32吉字节内存,黑色,16*1*1,9,BY17H,亚历克斯,出库,30080,拣货
KeSu35ErPi,粉色 品牌11 350 键盘（人体工学）,键盘,品牌11,350,人体工学,粉色,16*10*1,50,CU24G,莎拉,出库,30020,拣货
PeRe24SoGr,灰色 品牌22 24 铅笔（可溶性）,铅笔,品牌22,24,可溶性,灰色,48*10*5,612,DV21H,劳拉,出库,30048,拣货
CaTE90LoBe,米色 品牌04 900 文件柜（储物锁柜）,文件柜,品牌04,900,储物锁柜,米色,8*1*1,3,CQ71A,迈克,出库,30053,拣货
CaTE18DoGr,灰色 品牌04 1800 文件柜（带门式）,文件柜,品牌04,1800,带门式,灰色,8*1*1,2,CK21F,克里斯,出库,30012,拣货
TVGL65S4Gr,灰色 品牌31 65英寸 电视机（超级超高清）,电视机,品牌31,65英寸,超级超高清,灰色,8*1*1,8,AG77E,大卫,出库,30052,拣货
NoExA3ruSi,银色 品牌16 三号纸 笔记本（横线）,笔记本,品牌16,三号纸,横线,银色,48*10*5,2400,AN83A,劳拉,出库,30015,拣货
GaOGSLeWh,白色 品牌07 小号 游戏椅（皮革）,游戏椅,品牌07,小号,皮革,白色,16*1*1,6,CO17E,劳拉,出库,30061,拣货
TVEs654KBl,黑色 品牌32 65英寸 电视机（超高清）,电视机,品牌32,65英寸,超高清,黑色,8*1*1,8,CY73A,简,出库,30019,拣货
DrWE90LoWh,白色 品牌02 900 抽屉柜（储物锁柜）,抽屉柜,品牌02,900,储物锁柜,白色,8*1*1,8,CJ59B,克里斯,出库,30079,拣货
DrRG90DoGr,灰色 品牌03 900 抽屉柜（带门式）,抽屉柜,品牌03,900,带门式,灰色,8*1*1,7,BZ16B,莎拉,出库,30056,拣货
MoPH45MeWh,白色 品牌12 450 鼠标（机械式）,鼠标,品牌12,450,机械式,白色,16*10*1,160,AW86B,约翰,出库,30086,拣货
GaOGMErPi,粉色 品牌07 中号 游戏椅（人体工学）,游戏椅,品牌07,中号,人体工学,粉色,16*1*1,16,DX29F,约翰,出库,30038,拣货
AlOv1732Bl,黑色 品牌13 17英寸 一体机（32吉字节内存）,一体机,品牌13,17英寸,32吉字节内存,黑色,16*1*1,1,CO90G,迈克,出库,30039,拣货
PrNoA4MoMi,混合色 品牌26 四号纸 打印机（黑白）,打印机,品牌26,四号纸,黑白,混合色,16*1*1,16,CF72E,简,出库,30051,拣货
TaTR15AuBl,黑色 品牌28 1500 桌子（自动调节）,桌子,品牌28,1500,自动调节,黑色,8*1*1,4,BV97H,劳拉,出库,30081,拣货
KeRe35MeNa,藏青色 品牌10 350 键盘（机械式）,键盘,品牌10,350,机械式,藏青色,16*10*1,160,BX60D,大卫,出库,30091,拣货
NoMuA4doBl,黑色 品牌19 四号纸 笔记本（点阵）,笔记本,品牌19,四号纸,点阵,黑色,48*10*5,1593,BK98B,克里斯,出库,30001,拣货
MoRe45WiWh,白色 品牌10 450 鼠标（有线）,鼠标,品牌10,450,有线,白色,16*10*1,160,DZ79H,约翰,出库,30080,拣货
PeAl50SoPi,粉色 品牌20 50 铅笔（可溶性）,铅笔,品牌20,50,可溶性,粉色,48*10*5,1399,CI20C,劳拉,出库,30090,拣货
LaOv15i7Wh,白色 品牌13 15英寸 笔记本电脑（第7代处理器）,笔记本电脑,品牌13,15英寸,第7代处理器,白色,16*1*1,16,BG74H,艾米丽,出库,30071,拣货
DrWE12DoGr,灰色 品牌02 1200 抽屉柜（带门式）,抽屉柜,品牌02,1200,带门式,灰色,8*1*1,7,DV21B,大卫,出库,30085,拣货
MoSu27BlNa,藏青色 品牌11 270 鼠标（蓝牙）,鼠标,品牌11,270,蓝牙,藏青色,16*10*1,160,CP13A,劳拉,出库,30059,拣货
MoHc35MeNa,藏青色 品牌09 350 鼠标（机械式）,鼠标,品牌09,350,机械式,藏青色,16*10*1,160,CL52B,迈克,出库,30035,拣货
TVEs32FHSi,银色 品牌32 32英寸 电视机（全高清）,电视机,品牌32,32英寸,全高清,银色,8*1*1,1,CX63G,约翰,出库,30084,拣货
KeHc45WiNa,藏青色 品牌09 450 键盘（有线）,键盘,品牌09,450,有线,藏青色,16*10*1,25,DS88G,艾米,出库,30073,拣货
NoScA3liGr,灰色 品牌17 三号纸 笔记本（线条）,笔记本,品牌17,三号纸,线条,灰色,48*10*5,2261,BY67B,劳拉,出库,30088,拣货
TaTR18AuWh,白色 品牌29 1800 桌子（自动调节）,桌子,品牌29,1800,自动调节,白色,8*1*1,8,BG02G,大卫,出库,30035,拣货
CuRG18LoBl,黑色 品牌03 1800 储物柜（储物锁柜）,储物柜,品牌03,1800,储物锁柜,黑色,8*1*1,8,DV33G,简,出库,30015,拣货
CaWE90LoBl,黑色 品牌02 900 文件柜（储物锁柜）,文件柜,品牌02,900,储物锁柜,黑色,8*1*1,8,AG19C,约翰,出库,30040,拣货
KePH45ErBl,黑色 品牌12 450 键盘（人体工学）,键盘,品牌12,450,人体工学,黑色,16*10*1,83,BR66H,莎拉,出库,30018,拣货
CuTE90FiWh,白色 品牌04 900 储物柜（文件收纳）,储物柜,品牌04,900,文件收纳,白色,8*1*1,8,CT71D,艾米丽,出库,30002,拣货
AlRe1716Gr,灰色 品牌14 17英寸 一体机（16吉字节内存）,一体机,品牌14,17英寸,16吉字节内存,灰色,16*1*1,16,CV66E,艾米丽,出库,30097,拣货
LaSu1532Gr,灰色 品牌11 15英寸 笔记本电脑（32吉字节内存）,笔记本电脑,品牌11,15英寸,32吉字节内存,灰色,16*1*1,1,CK89H,简,出库,30087,拣货
LaPH17i7Si,银色 品牌12 17英寸 笔记本电脑（第7代处理器）,笔记本电脑,品牌12,17英寸,第7代处理器,银色,16*1*1,6,CL44D,亚历克斯,出库,30011,拣货
DrQE18FiBe,米色 品牌01 1800 抽屉柜（文件收纳）,抽屉柜,品牌01,1800,文件收纳,米色,8*1*1,8,AT12A,迈克,出库,30004,拣货
GaSEMAdPi,粉色 品牌08 中号 游戏椅（可调节）,游戏椅,品牌08,中号,可调节,粉色,16*1*1,10,DT84F,大卫,出库,30041,拣货
KePH45MeBl,黑色 品牌12 450 键盘（机械式）,键盘,品牌12,450,机械式,黑色,16*10*1,99,AP43A,莎拉,出库,30029,拣货
TVYn324KSi,银色 品牌15 32英寸 电视机（超高清）,电视机,品牌15,32英寸,超高清,银色,8*1*1,2,AW02D,迈克,出库,30058,拣货
AlSu1732Bl,黑色 品牌11 17英寸 一体机（32吉字节内存）,一体机,品牌11,17英寸,32吉字节内存,黑色,16*1*1,16,CI63A,亚历克斯,出库,30075,拣货
TVYn75SFBl,黑色 品牌15 75英寸 电视机（超级全高清）,电视机,品牌15,75英寸,超级全高清,黑色,8*1*1,8,DY61B,艾米,出库,30078,拣货
TVGL50S4Si,银色 品牌31 50英寸 电视机（超级超高清）,电视机,品牌31,50英寸,超级超高清,银色,8*1*1,8,BI19D,艾米,出库,30095,拣货
TaAE18AuBl,黑色 品牌05 1800 桌子（自动调节）,桌子,品牌05,1800,自动调节,黑色,8*1*1,8,AW43H,大卫,出库,30037,拣货
CuWE90FiBe,米色 品牌02 900 储物柜（文件收纳）,储物柜,品牌02,900,文件收纳,米色,8*1*1,8,DG66A,莎拉,出库,30049,拣货
SPAl50WaGr,灰色 品牌20 50 触控笔（水彩）,触控笔,品牌20,50,水彩,灰色,48*10*5,2400,DU67B,简,出库,30050,拣货
AlSu1532Wh,白色 品牌11 15英寸 一体机（32吉字节内存）,一体机,品牌11,15英寸,32吉字节内存,白色,16*1*1,13,AW83B,莎拉,出库,30029,拣货
GaXELAdGr,灰色 品牌06 大号 游戏椅（可调节）,游戏椅,品牌06,大号,可调节,灰色,16*1*1,16,BK76D,艾米丽,出库,30000,拣货
DrTE18LoBl,黑色 品牌04 1800 抽屉柜（储物锁柜）,抽屉柜,品牌04,1800,储物锁柜,黑色,8*1*1,4,AW38H,莎拉,出库,30058,拣货
OfSELLeBl,黑色 品牌08 大号 办公椅（皮革）,办公椅,品牌08,大号,皮革,黑色,16*1*1,16,CS74D,亚历克斯,出库,30041,拣货
MoHc45ErNa,藏青色 品牌09 450 鼠标（人体工学）,鼠标,品牌09,450,人体工学,藏青色,16*10*1,160,DO83H,迈克,出库,30037,拣货
PeRe12SoBl,黑色 品牌22 12 铅笔（可溶性）,铅笔,品牌22,12,可溶性,黑色,48*10*5,2400,DR26E,约翰,出库,30019,拣货
PrSoA2LaBl,黑色 品牌25 二号纸 打印机（激光）,打印机,品牌25,二号纸,激光,黑色,16*1*1,7,DX56C,艾米丽,出库,30036,拣货
LaSu178GSi,银色 品牌11 17英寸 笔记本电脑（8吉字节内存）,笔记本电脑,品牌11,17英寸,8吉字节内存,银色,16*1*1,16,DF41G,简,出库,30017,拣货
AlOv148GGr,灰色 品牌13 14英寸 一体机（8吉字节内存）,一体机,品牌13,14英寸,8吉字节内存,灰色,16*1*1,16,BJ46H,迈克,出库,30079,拣货
DrTE12DoBe,米色 品牌04 1200 抽屉柜（带门式）,抽屉柜,品牌04,1200,带门式,米色,8*1*1,6,AY43D,简,出库,30097,拣货
AlYn178GWh,白色 品牌15 17英寸 一体机（8吉字节内存）,一体机,品牌15,17英寸,8吉字节内存,白色,16*1*1,16,BI45H,亚历克斯,出库,30092,拣货
DrRG18LoBe,米色 品牌03 1800 抽屉柜（储物锁柜）,抽屉柜,品牌03,1800,储物锁柜,米色,8*1*1,7,AR43A,迈克,出库,30089,拣货
AlOv1532Bl,黑色 品牌13 15英寸 一体机（32吉字节内存）,一体机,品牌13,15英寸,32吉字节内存,黑色,16*1*1,7,AT05E,亚历克斯,出库,30057,拣货
CaWE18SlWh,白色 品牌02 1800 文件柜（滑动式）,文件柜,品牌02,1800,滑动式,白色,8*1*1,8,BK02A,约翰,出库,30041,拣货
NoGrA4doWh,白色 品牌18 四号纸 笔记本（点阵）,笔记本,品牌18,四号纸,点阵,白色,48*10*5,1882,AZ05C,劳拉,出库,30001,拣货
TVEs75SFGr,灰色 品牌32 75英寸 电视机（超级全高清）,电视机,品牌32,75英寸,超级全高清,灰色,8*1*1,8,BI48G,莎拉,出库,30022,拣货
GaXESAdPi,粉色 品牌06 小号 游戏椅（可调节）,游戏椅,品牌06,小号,可调节,粉色,16*1*1,16,DF75C,莎拉,出库,30060,拣货
LaRe15i7Bl,黑色 品牌14 15英寸 笔记本电脑（第7代处理器）,笔记本电脑,品牌14,15英寸,第7代处理器,黑色,16*1*1,4,CL66D,大卫,出库,30074,拣货
SPRe24WaWh,白色 品牌22 24 触控笔（水彩）,触控笔,品牌22,24,水彩,白色,48*10*5,2043,BN19C,莎拉,出库,30063,拣货
SPGi50HeBl,黑色 品牌21 50 触控笔（六角形）,触控笔,品牌21,50,六角形,黑色,48*10*5,518,DG36D,约翰,出库,30076,拣货
TVGn65SFBl,黑色 品牌30 65英寸 电视机（超级全高清）,电视机,品牌30,65英寸,超级全高清,黑色,8*1*1,8,DT30A,大卫,出库,30063,拣货
DrTE18FiBl,黑色 品牌04 1800 抽屉柜（文件收纳）,抽屉柜,品牌04,1800,文件收纳,黑色,8*1*1,8,DR94G,莎拉,出库,30029,拣货
PrPHA3InBl,黑色 品牌12 三号纸 打印机（喷墨）,打印机,品牌12,三号纸,喷墨,黑色,16*1*1,16,AQ86G,克里斯,出库,30005,拣货
KeSu27BlBl,黑色 品牌11 270 键盘（蓝牙）,键盘,品牌11,270,蓝牙,黑色,16*10*1,160,CM65A,亚历克斯,出库,30098,拣货
CuQE12FiBe,米色 品牌01 1200 储物柜（文件收纳）,储物柜,品牌01,1200,文件收纳,米色,8*1*1,8,DM81C,劳拉,出库,30016,拣货
LaYn15i7Si,银色 品牌15 15英寸 笔记本电脑（第7代处理器）,笔记本电脑,品牌15,15英寸,第7代处理器,银色,16*1*1,6,BY14B,艾米丽,出库,30060,拣货
AlSu17i5Bl,黑色 品牌11 17英寸 一体机（第5代处理器）,一体机,品牌11,17英寸,第5代处理器,黑色,16*1*1,4,AX11H,克里斯,出库,30074,拣货
LaRe1416Bl,黑色 品牌14 14英寸 笔记本电脑（16吉字节内存）,笔记本电脑,品牌14,14英寸,16吉字节内存,黑色,16*1*1,16,DU62G,迈克,出库,30083,拣货
GaSEMHeWh,白色 品牌08 中号 游戏椅（头枕）,游戏椅,品牌08,中号,头枕,白色,16*1*1,16,AU73A,艾米,出库,30036,拣货
LaPH148GBl,黑色 品牌12 14英寸 笔记本电脑（8吉字节内存）,笔记本电脑,品牌12,14英寸,8吉字节内存,黑色,16*1*1,14,CS29E,艾米丽,出库,30040,拣货
LaRe178GGr,灰色 品牌14 17英寸 笔记本电脑（8吉字节内存）,笔记本电脑,品牌14,17英寸,8吉字节内存,灰色,16*1*1,14,DS33G,莎拉,出库,30094,拣货
NoExA4doSi,银色 品牌16 四号纸 笔记本（点阵）,笔记本,品牌16,四号纸,点阵,银色,48*10*5,2177,BM49E,莎拉,出库,30005,拣货
TVYn65SFSi,银色 品牌15 65英寸 电视机（超级全高清）,电视机,品牌15,65英寸,超级全高清,银色,8*1*1,7,AR27D,亚历克斯,出库,30028,拣货
CuQE90FiBl,黑色 品牌01 900 储物柜（文件收纳）,储物柜,品牌01,900,文件收纳,黑色,8*1*1,8,CI33A,约翰,出库,30009,拣货
TVGL75FHGr,灰色 品牌31 75英寸 电视机（全高清）,电视机,品牌31,75英寸,全高清,灰色,8*1*1,8,AV61C,大卫,出库,30004,拣货
PeGi24HeWh,白色 品牌21 24 铅笔（六角形）,铅笔,品牌21,24,六角形,白色,48*10*5,1474,CH37B,亚历克斯,出库,30006,拣货
SPNa12SoBl,黑色 品牌23 12 触控笔（可溶性）,触控笔,品牌23,12,可溶性,黑色,48*10*5,2400,CJ71H,艾米丽,出库,30062,拣货
LaSu15i7Wh,白色 品牌11 15英寸 笔记本电脑（第7代处理器）,笔记本电脑,品牌11,15英寸,第7代处理器,白色,16*1*1,2,BM66A,迈克,出库,30024,拣货
LaRe15i5Gr,灰色 品牌14 15英寸 笔记本电脑（第5代处理器）,笔记本电脑,品牌14,15英寸,第5代处理器,灰色,16*1*1,16,CY94H,克里斯,出库,30029,拣货
SPNa50WaBl,黑色 品牌23 50 触控笔（水彩）,触控笔,品牌23,50,水彩,黑色,48*10*5,1762,AU91D,简,出库,30089,拣货
DrWE18FiWh,白色 品牌02 1800 抽屉柜（文件收纳）,抽屉柜,品牌02,1800,文件收纳,白色,8*1*1,8,BH75F,简,出库,30061,拣货
KeHc35WiPi,粉色 品牌09 350 键盘（有线）,键盘,品牌09,350,有线,粉色,16*10*1,29,AY46C,劳拉,出库,30050,拣货
TaAE10FrBl,黑色 品牌05 1000 桌子（框架式）,桌子,品牌05,1000,框架式,黑色,8*1*1,8,BO68G,迈克,出库,30051,拣货
LaYn15i7Wh,白色 品牌15 15英寸 笔记本电脑（第7代处理器）,笔记本电脑,品牌15,15英寸,第7代处理器,白色,16*1*1,6,BM04E,亚历克斯,出库,30098,拣货
TVEs65FHWh,白色 品牌32 65英寸 电视机（全高清）,电视机,品牌32,65英寸,全高清,白色,8*1*1,8,BO06E,大卫,出库,30038,拣货
OfSELLeGr,灰色 品牌08 大号 办公椅（皮革）,办公椅,品牌08,大号,皮革,灰色,16*1*1,11,AR12A,艾米,出库,30013,拣货
DrRG90LoGr,灰色 品牌03 900 抽屉柜（储物锁柜）,抽屉柜,品牌03,900,储物锁柜,灰色,8*1*1,8,DW89C,艾米丽,出库,30002,拣货
TVYn75SFBl,黑色 品牌15 75英寸 电视机（超级全高清）,电视机,品牌15,75英寸,超级全高清,黑色,8*1*1,8,AV12C,亚历克斯,出库,30010,拣货
KeSu45ErBl,黑色 品牌11 450 键盘（人体工学）,键盘,品牌11,450,人体工学,黑色,16*10*1,86,CM11A,迈克,出库,30047,拣货
AlPH17i7Wh,白色 品牌12 17英寸 一体机（第7代处理器）,一体机,品牌12,17英寸,第7代处理器,白色,16*1*1,16,AS65B,亚历克斯,出库,30016,拣货
AlPH15i5Si,银色 品牌12 15英寸 一体机（第5代处理器）,一体机,品牌12,15英寸,第5代处理器,银色,16*1*1,16,CI63D,简,出库,30024,拣货
PrReA3WiBl,黑色 品牌24 三号纸 打印机（无线网络）,打印机,品牌24,三号纸,无线网络,黑色,16*1*1,16,CM41H,克里斯,出库,30019,拣货
LaOv15i7Si,银色 品牌13 15英寸 笔记本电脑（第7代处理器）,笔记本电脑,品牌13,15英寸,第7代处理器,银色,16*1*1,2,BK70B,简,出库,30007,拣货
AlOv148GWh,白色 品牌13 14英寸 一体机（8吉字节内存）,一体机,品牌13,14英寸,8吉字节内存,白色,16*1*1,7,CS50C,大卫,出库,30000,拣货
CaQE12FiBe,米色 品牌01 1200 文件柜（文件收纳）,文件柜,品牌01,1200,文件收纳,米色,8*1*1,4,AR54D,艾米,出库,30037,拣货
GaSELAdGr,灰色 品牌08 大号 游戏椅（可调节）,游戏椅,品牌08,大号,可调节,灰色,16*1*1,3,DT88D,简,出库,30020,拣货
PrPHA4AlWh,白色 品牌12 四号纸 打印机（一体式）,打印机,品牌12,四号纸,一体式,白色,16*1*1,16,CV14D,克里斯,出库,30007,拣货
AlYn17i5Bl,黑色 品牌15 17英寸 一体机（第5代处理器）,一体机,品牌15,17英寸,第5代处理器,黑色,16*1*1,3,DY80B,克里斯,出库,30036,拣货
TaTR10AdWh,白色 品牌28 1000 桌子（可调节）,桌子,品牌28,1000,可调节,白色,8*1*1,8,CY30F,迈克,出库,30013,拣货
NoMuA3liGr,灰色 品牌19 三号纸 笔记本（线条）,笔记本,品牌19,三号纸,线条,灰色,48*10*5,2400,BI68F,大卫,出库,30022,拣货
NoScA3doBl,黑色 品牌17 三号纸 笔记本（点阵）,笔记本,品牌17,三号纸,点阵,黑色,48*10*5,2400,AL08G,莎拉,出库,30085,拣货
LaRe14i5Wh,白色 品牌14 14英寸 笔记本电脑（第5代处理器）,笔记本电脑,品牌14,14英寸,第5代处理器,白色,16*1*1,14,BI50D,约翰,出库,30033,拣货
LaRe14i5Bl,黑色 品牌14 14英寸 笔记本电脑（第5代处理器）,笔记本电脑,品牌14,14英寸,第5代处理器,黑色,16*1*1,3,DU09F,简,出库,30028,拣货
TVEs324KBl,黑色 品牌32 32英寸 电视机（超高清）,电视机,品牌32,32英寸,超高清,黑色,8*1*1,8,DS32B,简,出库,30082,拣货
SPAl12WaPi,粉色 品牌20 12 触控笔（水彩）,触控笔,品牌20,12,水彩,粉色,48*10*5,2400,AQ20A,约翰,出库,30036,拣货
CaQE12LoWh,白色 品牌01 1200 文件柜（储物锁柜）,文件柜,品牌01,1200,储物锁柜,白色,8*1*1,8,DW49E,艾米丽,出库,30076,拣货
CaTE90LoBe,米色 品牌04 900 文件柜（储物锁柜）,文件柜,品牌04,900,储物锁柜,米色,8*1*1,8,DF54D,克里斯,出库,30070,拣货
AlPH14i7Si,银色 品牌12 14英寸 一体机（第7代处理器）,一体机,品牌12,14英寸,第7代处理器,银色,16*1*1,16,BZ72C,亚历克斯,出库,30066,拣货
CaTE12DoBe,米色 品牌04 1200 文件柜（带门式）,文件柜,品牌04,1200,带门式,米色,8*1*1,7,DZ49D,亚历克斯,出库,30014,拣货
DrQE90DoBe,米色 品牌01 900 抽屉柜（带门式）,抽屉柜,品牌01,900,带门式,米色,8*1*1,8,DI70D,大卫,出库,30036,拣货
CaTE18SlGr,灰色 品牌04 1800 文件柜（滑动式）,文件柜,品牌04,1800,滑动式,灰色,8*1*1,4,DM18E,约翰,出库,30024,拣货
MoRe35ErBl,黑色 品牌10 350 鼠标（人体工学）,鼠标,品牌10,350,人体工学,黑色,16*10*1,160,CN19B,约翰,出库,30084,拣货
TVYn65SFWh,白色 品牌15 65英寸 电视机（超级全高清）,电视机,品牌15,65英寸,超级全高清,白色,8*1*1,8,DH51C,艾米丽,出库,30093,拣货
CuQE18FiBe,米色 品牌01 1800 储物柜（文件收纳）,储物柜,品牌01,1800,文件收纳,米色,8*1*1,8,DG84G,克里斯,出库,30030,拣货
PrSoA3InWh,白色 品牌25 三号纸 打印机（喷墨）,打印机,品牌25,三号纸,喷墨,白色,16*1*1,16,DO09H,克里斯,出库,30086,拣货
KeHc35BlPi,粉色 品牌09 350 键盘（蓝牙）,键盘,品牌09,350,蓝牙,粉色,16*10*1,31,DT42G,亚历克斯,出库,30028,拣货
AlSu1732Si,银色 品牌11 17英寸 一体机（32吉字节内存）,一体机,品牌11,17英寸,32吉字节内存,银色,16*1*1,16,CJ54E,迈克,出库,30055,拣货
NoScA4doSi,银色 品牌17 四号纸 笔记本（点阵）,笔记本,品牌17,四号纸,点阵,银色,48*10*5,1281,AP13F,克里斯,出库,30008,拣货
MoHc45WiBl,黑色 品牌09 450 鼠标（有线）,鼠标,品牌09,450,有线,黑色,16*10*1,160,CU68E,艾米,出库,30013,拣货
NoExA3ruSi,银色 品牌16 三号纸 笔记本（横线）,笔记本,品牌16,三号纸,横线,银色,48*10*5,2400,CM56G,艾米丽,出库,30077,拣货
GaOGMHeGr,灰色 品牌07 中号 游戏椅（头枕）,游戏椅,品牌07,中号,头枕,灰色,16*1*1,14,CV38C,艾米,出库,30098,拣货
PrNoA3InGr,灰色 品牌26 三号纸 打印机（喷墨）,打印机,品牌26,三号纸,喷墨,灰色,16*1*1,16,DN67F,莎拉,出库,30016,拣货
AlRe14i7Bl,黑色 品牌14 14英寸 一体机（第7代处理器）,一体机,品牌14,14英寸,第7代处理器,黑色,16*1*1,16,AZ68F,克里斯,出库,30017,拣货
SPGi24HePi,粉色 品牌21 24 触控笔（六角形）,触控笔,品牌21,24,六角形,粉色,48*10*5,2400,AG15C,简,出库,30082,拣货
DrQE18LoWh,白色 品牌01 1800 抽屉柜（储物锁柜）,抽屉柜,品牌01,1800,储物锁柜,白色,8*1*1,8,DT66C,艾米丽,出库,30063,拣货
MoHc45WiPi,粉色 品牌09 450 鼠标（有线）,鼠标,品牌09,450,有线,粉色,16*10*1,55,CG17A,迈克,出库,30058,拣货
CaWE12DoBe,米色 品牌02 1200 文件柜（带门式）,文件柜,品牌02,1200,带门式,米色,8*1*1,8,CS82F,大卫,出库,30037,拣货
AlOv17i7Wh,白色 品牌13 17英寸 一体机（第7代处理器）,一体机,品牌13,17英寸,第7代处理器,白色,16*1*1,16,CF86C,亚历克斯,出库,30055,拣货
AlYn1516Bl,黑色 品牌15 15英寸 一体机（16吉字节内存）,一体机,品牌15,15英寸,16吉字节内存,黑色,16*1*1,4,AL27D,劳拉,出库,30094,拣货
PrPHA3AlGr,灰色 品牌12 三号纸 打印机（一体式）,打印机,品牌12,三号纸,一体式,灰色,16*1*1,16,CQ10E,迈克,出库,30033,拣货
MoRe35MeWh,白色 品牌10 350 鼠标（机械式）,鼠标,品牌10,350,机械式,白色,16*10*1,160,BG17E,简,出库,30087,拣货
TVGL504KGr,灰色 品牌31 50英寸 电视机（超高清）,电视机,品牌31,50英寸,超高清,灰色,8*1*1,8,AW39E,简,出库,30063,拣货
MoRe27BlNa,藏青色 品牌10 270 鼠标（蓝牙）,鼠标,品牌10,270,蓝牙,藏青色,16*10*1,160,DL29C,莎拉,出库,30052,拣货
DrTE90FiBl,黑色 品牌04 900 抽屉柜（文件收纳）,抽屉柜,品牌04,900,文件收纳,黑色,8*1*1,8,BZ74H,劳拉,出库,30012,拣货
KeHc35WiBl,黑色 品牌09 350 键盘（有线）,键盘,品牌09,350,有线,黑色,16*10*1,160,DJ91F,艾米,出库,30024,拣货
AlYn14i7Wh,白色 品牌15 14英寸 一体机（第7代处理器）,一体机,品牌15,14英寸,第7代处理器,白色,16*1*1,11,BQ35E,劳拉,出库,30080,拣货
TVYn32S4Si,银色 品牌15 32英寸 电视机（超级超高清）,电视机,品牌15,32英寸,超级超高清,银色,8*1*1,8,DP97B,艾米丽,出库,30085,拣货
GaAEMErGr,灰色 品牌05 中号 游戏椅（人体工学）,游戏椅,品牌05,中号,人体工学,灰色,16*1*1,16,CH95D,劳拉,出库,30015,拣货
OfOGLAdPi,粉色 品牌07 大号 办公椅（可调节）,办公椅,品牌07,大号,可调节,粉色,16*1*1,16,AZ86A,艾米,出库,30030,拣货
AlYn15i7Gr,灰色 品牌15 15英寸 一体机（第7代处理器）,一体机,品牌15,15英寸,第7代处理器,灰色,16*1*1,16,DW85C,克里斯,出库,30085,拣货
GaSELLePi,粉色 品牌08 大号 游戏椅（皮革）,游戏椅,品牌08,大号,皮革,粉色,16*1*1,10,DN79D,艾米,出库,30032,拣货
LaPH178GGr,灰色 品牌12 17英寸 笔记本电脑（8吉字节内存）,笔记本电脑,品牌12,17英寸,8吉字节内存,灰色,16*1*1,13,BW06E,艾米丽,出库,30045,拣货
LaSu1532Wh,白色 品牌11 15英寸 笔记本电脑（32吉字节内存）,笔记本电脑,品牌11,15英寸,32吉字节内存,白色,16*1*1,13,CM68A,亚历克斯,出库,30063,拣货
PrNoA2LaMi,混合色 品牌26 二号纸 打印机（激光）,打印机,品牌26,二号纸,激光,混合色,16*1*1,16,CY65B,劳拉,出库,30084,拣货
OfAESErGr,灰色 品牌05 小号 办公椅（人体工学）,办公椅,品牌05,小号,人体工学,灰色,16*1*1,10,DT27A,克里斯,出库,30050,拣货
LaPH158GSi,银色 品牌12 15英寸 笔记本电脑（8吉字节内存）,笔记本电脑,品牌12,15英寸,8吉字节内存,银色,16*1*1,16,CV35C,迈克,出库,30045,拣货
DrRG18LoWh,白色 品牌03 1800 抽屉柜（储物锁柜）,抽屉柜,品牌03,1800,储物锁柜,白色,8*1*1,8,AU44H,亚历克斯,出库,30053,拣货
NoExA5ruGr,灰色 品牌16 五号纸 笔记本（横线）,笔记本,品牌16,五号纸,横线,灰色,48*10*5,1591,DX38G,克里斯,出库,30069,拣货
TVGn65SFBl,黑色 品牌30 65英寸 电视机（超级全高清）,电视机,品牌30,65英寸,超级全高清,黑色,8*1*1,8,BF92B,简,出库,30014,拣货
OfSELErPi,粉色 品牌08 大号 办公椅（人体工学）,办公椅,品牌08,大号,人体工学,粉色,16*1*1,16,DK01G,大卫,出库,30026,拣货
KeHc35BlPi,粉色 品牌09 350 键盘（蓝牙）,键盘,品牌09,350,蓝牙,粉色,16*10*1,160,AR15C,约翰,出库,30033,拣货
PrPHA4AlMi,混合色 品牌12 四号纸 打印机（一体式）,打印机,品牌12,四号纸,一体式,混合色,16*1*1,16,CO31A,迈克,出库,30086,拣货
GaOGLAdPi,粉色 品牌07 大号 游戏椅（可调节）,游戏椅,品牌07,大号,可调节,粉色,16*1*1,16,AI66F,约翰,出库,30073,拣货
CuQE18LoBe,米色 品牌01 1800 储物柜（储物锁柜）,储物柜,品牌01,1800,储物锁柜,米色,8*1*1,5,BM49C,劳拉,出库,30061,拣货
NoExA4doGr,灰色 品牌16 四号纸 笔记本（点阵）,笔记本,品牌16,四号纸,点阵,灰色,48*10*5,2400,DS42C,大卫,出库,30073,拣货
LaOv17i7Si,银色 品牌13 17英寸 笔记本电脑（第7代处理器）,笔记本电脑,品牌13,17英寸,第7代处理器,银色,16*1*1,15,CR93B,亚历克斯,出库,30000,拣货
GaAELLeGr,灰色 品牌05 大号 游戏椅（皮革）,游戏椅,品牌05,大号,皮革,灰色,16*1*1,16,CI15E,艾米,出库,30060,拣货
PeAl12WaWh,白色 品牌20 12 铅笔（水彩）,铅笔,品牌20,12,水彩,白色,48*10*5,1376,BJ65C,亚历克斯,出库,30069,拣货
TaTR15WoBl,黑色 品牌29 1500 桌子（工作站）,桌子,品牌29,1500,工作站,黑色,8*1*1,5,DR53C,莎拉,出库,30082,拣货
AlSu17i5Gr,灰色 品牌11 17英寸 一体机（第5代处理器）,一体机,品牌11,17英寸,第5代处理器,灰色,16*1*1,11,DN32H,艾米,出库,30053,拣货
NoGrA3ruWh,白色 品牌18 三号纸 笔记本（横线）,笔记本,品牌18,三号纸,横线,白色,48*10*5,2045,DN49A,莎拉,出库,30076,拣货
LaSu17i7Gr,灰色 品牌11 17英寸 笔记本电脑（第7代处理器）,笔记本电脑,品牌11,17英寸,第7代处理器,灰色,16*1*1,9,DZ17E,克里斯,出库,30041,拣货
TVYn75SFSi,银色 品牌15 75英寸 电视机（超级全高清）,电视机,品牌15,75英寸,超级全高清,银色,8*1*1,8,CH89G,大卫,出库,30054,拣货
OfXEMHePi,粉色 品牌06 中号 办公椅（头枕）,办公椅,品牌06,中号,头枕,粉色,16*1*1,16,DG36A,克里斯,出库,30013,拣货
AlYn1732Wh,白色 品牌15 17英寸 一体机（32吉字节内存）,一体机,品牌15,17英寸,32吉字节内存,白色,16*1*1,9,CV87F,艾米,出库,30043,拣货
TVEs75S4Bl,黑色 品牌32 75英寸 电视机（超级超高清）,电视机,品牌32,75英寸,超级超高清,黑色,8*1*1,2,AU64G,大卫,出库,30075,拣货
CuQE18DoGr,灰色 品牌01 1800 储物柜（带门式）,储物柜,品牌01,1800,带门式,灰色,8*1*1,8,AQ98A,简,出库,30031,拣货
TVGn42SFSi,银色 品牌30 42英寸 电视机（超级全高清）,电视机,品牌30,42英寸,超级全高清,银色,8*1*1,6,BS20D,艾米丽,出库,30064,拣货
TVEs42S4Bl,黑色 品牌32 42英寸 电视机（超级超高清）,电视机,品牌32,42英寸,超级超高清,黑色,8*1*1,8,AW05H,艾米,出库,30089,拣货
MoSu45MeWh,白色 品牌11 450 鼠标（机械式）,鼠标,品牌11,450,机械式,白色,16*10*1,8,AT75F,克里斯,出库,30015,拣货
DrRG12FiBl,黑色 品牌03 1200 抽屉柜（文件收纳）,抽屉柜,品牌03,1200,文件收纳,黑色,8*1*1,8,BH55H,亚历克斯,出库,30028,拣货
KeRe45BlBl,黑色 品牌10 450 键盘（蓝牙）,键盘,品牌10,450,蓝牙,黑色,16*10*1,160,BW26F,克里斯,出库,30089,拣货
AlSu17i7Bl,黑色 品牌11 17英寸 一体机（第7代处理器）,一体机,品牌11,17英寸,第7代处理器,黑色,16*1*1,16,DX15E,亚历克斯,出库,30059,拣货
KeRe27WiWh,白色 品牌10 270 键盘（有线）,键盘,品牌10,270,有线,白色,16*10*1,160,CW97A,简,出库,30046,拣货
TaTR18AuBl,黑色 品牌29 1800 桌子（自动调节）,桌子,品牌29,1800,自动调节,黑色,8*1*1,8,CP65F,艾米,出库,30081,拣货
OfAEMLeBl,黑色 品牌05 中号 办公椅（皮革）,办公椅,品牌05,中号,皮革,黑色,16*1*1,16,CJ63B,莎拉,出库,30024,拣货
PeRe12SoPi,粉色 品牌22 12 铅笔（可溶性）,铅笔,品牌22,12,可溶性,粉色,48*10*5,2285,CZ62B,艾米,出库,30053,拣货
GaSELLeGr,灰色 品牌08 大号 游戏椅（皮革）,游戏椅,品牌08,大号,皮革,灰色,16*1*1,16,AF64F,大卫,出库,30069,拣货
MoSu27BlNa,藏青色 品牌11 270 鼠标（蓝牙）,鼠标,品牌11,270,蓝牙,藏青色,16*10*1,115,CI58E,简,出库,30040,拣货
PrPHA2InMi,混合色 品牌12 二号纸 打印机（喷墨）,打印机,品牌12,二号纸,喷墨,混合色,16*1*1,16,AW91B,迈克,出库,30061,拣货
LaPH1416Si,银色 品牌12 14英寸 笔记本电脑（16吉字节内存）,笔记本电脑,品牌12,14英寸,16吉字节内存,银色,16*1*1,16,AO89E,亚历克斯,出库,30007,拣货
CaRG18SlWh,白色 品牌03 1800 文件柜（滑动式）,文件柜,品牌03,1800,滑动式,白色,8*1*1,3,CK72C,亚历克斯,出库,30062,拣货
MoSu27WiNa,藏青色 品牌11 270 鼠标（有线）,鼠标,品牌11,270,有线,藏青色,16*10*1,160,DY53C,莎拉,出库,30059,拣货
OfAEMLePi,粉色 品牌05 中号 办公椅（皮革）,办公椅,品牌05,中号,皮革,粉色,16*1*1,9,DO26F,简,出库,30029,拣货
AlOv178GSi,银色 品牌13 17英寸 一体机（8吉字节内存）,一体机,品牌13,17英寸,8吉字节内存,银色,16*1*1,11,DV85G,艾米丽,出库,30011,拣货
GaAEMLeWh,白色 品牌05 中号 游戏椅（皮革）,游戏椅,品牌05,中号,皮革,白色,16*1*1,16,BT07H,艾米丽,出库,30058,拣货
AlSu17i7Wh,白色 品牌11 17英寸 一体机（第7代处理器）,一体机,品牌11,17英寸,第7代处理器,白色,16*1*1,12,AP02C,大卫,出库,30014,拣货
PrReA2InMi,混合色 品牌24 二号纸 打印机（喷墨）,打印机,品牌24,二号纸,喷墨,混合色,16*1*1,11,BV43F,大卫,出库,30017,拣货
TaTR18AuBl,黑色 品牌28 1800 桌子（自动调节）,桌子,品牌28,1800,自动调节,黑色,8*1*1,8,BG95G,艾米,出库,30093,拣货
GaSELHeWh,白色 品牌08 大号 游戏椅（头枕）,游戏椅,品牌08,大号,头枕,白色,16*1*1,16,DR91D,克里斯,出库,30018,拣货
DrWE18FiBe,米色 品牌02 1800 抽屉柜（文件收纳）,抽屉柜,品牌02,1800,文件收纳,米色,8*1*1,4,AK47G,简,出库,30032,拣货
MoHc27ErPi,粉色 品牌09 270 鼠标（人体工学）,鼠标,品牌09,270,人体工学,粉色,16*10*1,160,BT28C,克里斯,出库,30077,拣货
AlYn17i7Gr,灰色 品牌15 17英寸 一体机（第7代处理器）,一体机,品牌15,17英寸,第7代处理器,灰色,16*1*1,5,DR77F,克里斯,出库,30064,拣货
SPGi50HeWh,白色 品牌21 50 触控笔（六角形）,触控笔,品牌21,50,六角形,白色,48*10*5,2400,BK58H,亚历克斯,出库,30075,拣货
KeHc35ErWh,白色 品牌09 350 键盘（人体工学）,键盘,品牌09,350,人体工学,白色,16*10*1,160,DT39F,劳拉,出库,30060,拣货
LaRe178GWh,白色 品牌14 17英寸 笔记本电脑（8吉字节内存）,笔记本电脑,品牌14,17英寸,8吉字节内存,白色,16*1*1,16,CJ07F,迈克,出库,30035,拣货
OfOGLErPi,粉色 品牌07 大号 办公椅（人体工学）,办公椅,品牌07,大号,人体工学,粉色,16*1*1,16,DZ56H,艾米丽,出库,30064,拣货
DrRG12FiBe,米色 品牌03 1200 抽屉柜（文件收纳）,抽屉柜,品牌03,1200,文件收纳,米色,8*1*1,2,DK65D,亚历克斯,出库,30053,拣货
TVGn75S4Bl,黑色 品牌30 75英寸 电视机（超级超高清）,电视机,品牌30,75英寸,超级超高清,黑色,8*1*1,6,AK28H,简,出库,30016,拣货
PeNa50HePi,粉色 品牌23 50 铅笔（六角形）,铅笔,品牌23,50,六角形,粉色,48*10*5,2400,CJ23A,简,出库,30033,拣货
AlOv1516Bl,黑色 品牌13 15英寸 一体机（16吉字节内存）,一体机,品牌13,15英寸,16吉字节内存,黑色,16*1*1,16,CF55G,大卫,出库,30078,拣货
GaSELErGr,灰色 品牌08 大号 游戏椅（人体工学）,游戏椅,品牌08,大号,人体工学,灰色,16*1*1,3,BV43E,克里斯,出库,30032,拣货
KePH27ErPi,粉色 品牌12 270 键盘（人体工学）,键盘,品牌12,270,人体工学,粉色,16*10*1,160,BF88D,莎拉,出库,30003,拣货
PeAl50HeBl,黑色 品牌20 50 铅笔（六角形）,铅笔,品牌20,50,六角形,黑色,48*10*5,1800,AY52E,莎拉,出库,30091,拣货
SPGi50HeGr,灰色 品牌21 50 触控笔（六角形）,触控笔,品牌21,50,六角形,灰色,48*10*5,1244,BS63H,大卫,出库,30057,拣货
GaSESHeGr,灰色 品牌08 小号 游戏椅（头枕）,游戏椅,品牌08,小号,头枕,灰色,16*1*1,12,CS40A,艾米丽,出库,30079,拣货
CaQE12LoWh,白色 品牌01 1200 文件柜（储物锁柜）,文件柜,品牌01,1200,储物锁柜,白色,8*1*1,8,BW28D,劳拉,出库,30047,拣货
AlYn1432Bl,黑色 品牌15 14英寸 一体机（32吉字节内存）,一体机,品牌15,14英寸,32吉字节内存,黑色,16*1*1,16,BU17G,亚历克斯,出库,30013,拣货
CaWE18SlGr,灰色 品牌02 1800 文件柜（滑动式）,文件柜,品牌02,1800,滑动式,灰色,8*1*1,2,AG14A,劳拉,出库,30035,拣货
CuTE12DoGr,灰色 品牌04 1200 储物柜（带门式）,储物柜,品牌04,1200,带门式,灰色,8*1*1,8,AM77F,莎拉,出库,30010,拣货
MoRe45MeNa,藏青色 品牌10 450 鼠标（机械式）,鼠标,品牌10,450,机械式,藏青色,16*10*1,48,DN80C,约翰,出库,30030,拣货
PrPHA4AlWh,白色 品牌12 四号纸 打印机（一体式）,打印机,品牌12,四号纸,一体式,白色,16*1*1,16,BI21F,亚历克斯,出库,30029,拣货
PeRe50SoWh,白色 品牌22 50 铅笔（可溶性）,铅笔,品牌22,50,可溶性,白色,48*10*5,2400,CO57A,劳拉,出库,30015,拣货
CaRG90LoBe,米色 品牌03 900 文件柜（储物锁柜）,文件柜,品牌03,900,储物锁柜,米色,8*1*1,8,DS26A,约翰,出库,30096,拣货
AlRe1432Gr,灰色 品牌14 14英寸 一体机（32吉字节内存）,一体机,品牌14,14英寸,32吉字节内存,灰色,16*1*1,3,DT84E,劳拉,出库,30019,拣货
MoSu45WiWh,白色 品牌11 450 鼠标（有线）,鼠标,品牌11,450,有线,白色,16*10*1,160,DM46E,劳拉,出库,30038,拣货
PrReA3WiMi,混合色 品牌24 三号纸 打印机（无线网络）,打印机,品牌24,三号纸,无线网络,混合色,16*1*1,16,BJ64C,艾米丽,出库,30039,拣货
OfSEMAdWh,白色 品牌08 中号 办公椅（可调节）,办公椅,品牌08,中号,可调节,白色,16*1*1,16,CZ51G,约翰,出库,30040,拣货
KeRe27ErPi,粉色 品牌10 270 键盘（人体工学）,键盘,品牌10,270,人体工学,粉色,16*10*1,160,AU34E,艾米丽,出库,30080,拣货
CaRG90LoBe,米色 品牌03 900 文件柜（储物锁柜）,文件柜,品牌03,900,储物锁柜,米色,8*1*1,8,AK07C,约翰,出库,30099,拣货
CaRG12LoWh,白色 品牌03 1200 文件柜（储物锁柜）,文件柜,品牌03,1200,储物锁柜,白色,8*1*1,8,AS92E,莎拉,出库,30011,拣货
CuQE12SlWh,白色 品牌01 1200 储物柜（滑动式）,储物柜,品牌01,1200,滑动式,白色,8*1*1,8,AR39F,简,出库,30037,拣货
GaAELLeGr,灰色 品牌05 大号 游戏椅（皮革）,游戏椅,品牌05,大号,皮革,灰色,16*1*1,16,BR57G,克里斯,出库,30061,拣货
CaWE90DoBl,黑色 品牌02 900 文件柜（带门式）,文件柜,品牌02,900,带门式,黑色,8*1*1,6,DZ68A,劳拉,出库,30018,拣货
TaCI18FrGr,灰色 品牌27 1800 桌子（框架式）,桌子,品牌27,1800,框架式,灰色,8*1*1,8,BW87B,迈克,出库,30058,拣货
OfSESHeGr,灰色 品牌08 小号 办公椅（头枕）,办公椅,品牌08,小号,头枕,灰色,16*1*1,16,DY42H,简,出库,30036,拣货
LaYn17i5Bl,黑色 品牌15 17英寸 笔记本电脑（第5代处理器）,笔记本电脑,品牌15,17英寸,第5代处理器,黑色,16*1*1,5,DO36B,艾米丽,出库,30039,拣货
TVYn50S4Si,银色 品牌15 50英寸 电视机（超级超高清）,电视机,品牌15,50英寸,超级超高清,银色,8*1*1,2,AL55G,艾米丽,出库,30037,拣货
OfSELHeBl,黑色 品牌08 大号 办公椅（头枕）,办公椅,品牌08,大号,头枕,黑色,16*1*1,1,BU24G,约翰,出库,30096,拣货
PeRe12SoGr,灰色 品牌22 12 铅笔（可溶性）,铅笔,品牌22,12,可溶性,灰色,48*10*5,683,DN47E,克里斯,出库,30067,拣货
CuRG18SlBl,黑色 品牌03 1800 储物柜（滑动式）,储物柜,品牌03,1800,滑动式,黑色,8*1*1,3,AO52F,亚历克斯,出库,30059,拣货
MoHc27BlNa,藏青色 品牌09 270 鼠标（蓝牙）,鼠标,品牌09,270,蓝牙,藏青色,16*10*1,160,CO31D,艾米,出库,30016,拣货
DrTE18SlGr,灰色 品牌04 1800 抽屉柜（滑动式）,抽屉柜,品牌04,1800,滑动式,灰色,8*1*1,8,BY53E,劳拉,出库,30027,拣货
TVEs754KSi,银色 品牌32 75英寸 电视机（超高清）,电视机,品牌32,75英寸,超高清,银色,8*1*1,8,CW68F,亚历克斯,出库,30011,拣货
TaTR15WoGr,灰色 品牌28 1500 桌子（工作站）,桌子,品牌28,1500,工作站,灰色,8*1*1,8,CJ79E,约翰,出库,30039,拣货
CuTE12DoGr,灰色 品牌04 1200 储物柜（带门式）,储物柜,品牌04,1200,带门式,灰色,8*1*1,8,DW38A,约翰,出库,30002,拣货
TaCI18WoWh,白色 品牌27 1800 桌子（工作站）,桌子,品牌27,1800,工作站,白色,8*1*1,8,AG81D,艾米,出库,30001,拣货
OfOGLAdBl,黑色 品牌07 大号 办公椅（可调节）,办公椅,品牌07,大号,可调节,黑色,16*1*1,16,BZ18H,亚历克斯,出库,30046,拣货
OfAESHePi,粉色 品牌05 小号 办公椅（头枕）,办公椅,品牌05,小号,头枕,粉色,16*1*1,1,BO82B,亚历克斯,出库,30098,拣货
CaWE12FiGr,灰色 品牌02 1200 文件柜（文件收纳）,文件柜,品牌02,1200,文件收纳,灰色,8*1*1,8,CL64B,约翰,出库,30096,拣货
MoPH27WiWh,白色 品牌12 270 鼠标（有线）,鼠标,品牌12,270,有线,白色,16*10*1,160,BX80E,亚历克斯,出库,30079,拣货
NoGrA5ruBl,黑色 品牌18 五号纸 笔记本（横线）,笔记本,品牌18,五号纸,横线,黑色,48*10*5,2400,CN11E,约翰,出库,30052,拣货
AlRe148GWh,白色 品牌14 14英寸 一体机（8吉字节内存）,一体机,品牌14,14英寸,8吉字节内存,白色,16*1*1,16,DI79B,简,出库,30073,拣货
TVEs65FHGr,灰色 品牌32 65英寸 电视机（全高清）,电视机,品牌32,65英寸,全高清,灰色,8*1*1,8,BN33F,约翰,出库,30043,拣货
KeSu45MePi,粉色 品牌11 450 键盘（机械式）,键盘,品牌11,450,机械式,粉色,16*10*1,149,AO96E,约翰,出库,30081,拣货
SPAl50HeBl,黑色 品牌20 50 触控笔（六角形）,触控笔,品牌20,50,六角形,黑色,48*10*5,2400,DH18A,简,出库,30053,拣货
CaTE12LoWh,白色 品牌04 1200 文件柜（储物锁柜）,文件柜,品牌04,1200,储物锁柜,白色,8*1*1,6,AT98E,大卫,出库,30011,拣货
OfXEMErGr,灰色 品牌06 中号 办公椅（人体工学）,办公椅,品牌06,中号,人体工学,灰色,16*1*1,5,BN41E,艾米丽,出库,30019,拣货
KeRe45MeWh,白色 品牌10 450 键盘（机械式）,键盘,品牌10,450,机械式,白色,16*10*1,160,AZ75F,艾米丽,出库,30071,拣货
MoHc35BlNa,藏青色 品牌09 350 鼠标（蓝牙）,鼠标,品牌09,350,蓝牙,藏青色,16*10*1,148,CU60H,迈克,出库,30070,拣货
DrQE90LoGr,灰色 品牌01 900 抽屉柜（储物锁柜）,抽屉柜,品牌01,900,储物锁柜,灰色,8*1*1,5,AO90C,莎拉,出库,30038,拣货
CuWE12FiGr,灰色 品牌02 1200 储物柜（文件收纳）,储物柜,品牌02,1200,文件收纳,灰色,8*1*1,8,BU38G,大卫,出库,30050,拣货
AlRe14i5Gr,灰色 品牌14 14英寸 一体机（第5代处理器）,一体机,品牌14,14英寸,第5代处理器,灰色,16*1*1,14,DY17B,艾米,出库,30060,拣货
SPGi50SoWh,白色 品牌21 50 触控笔（可溶性）,触控笔,品牌21,50,可溶性,白色,48*10*5,2400,BO93B,劳拉,出库,30052,拣货
PrPHA3AlGr,灰色 品牌12 三号纸 打印机（一体式）,打印机,品牌12,三号纸,一体式,灰色,16*1*1,5,AX85A,劳拉,出库,30072,拣货
DrRG12LoBe,米色 品牌03 1200 抽屉柜（储物锁柜）,抽屉柜,品牌03,1200,储物锁柜,米色,8*1*1,7,AL66D,克里斯,出库,30036,拣货
TaTR10FrBl,黑色 品牌28 1000 桌子（框架式）,桌子,品牌28,1000,框架式,黑色,8*1*1,8,CN31H,艾米,出库,30001,拣货
CaQE90LoBl,黑色 品牌01 900 文件柜（储物锁柜）,文件柜,品牌01,900,储物锁柜,黑色,8*1*1,4,AX34B,大卫,出库,30011,拣货
KePH27WiPi,粉色 品牌12 270 键盘（有线）,键盘,品牌12,270,有线,粉色,16*10*1,160,DN48D,大卫,出库,30014,拣货
OfSELHeWh,白色 品牌08 大号 办公椅（头枕）,办公椅,品牌08,大号,头枕,白色,16*1*1,16,DL66E,简,出库,30050,拣货
AlRe178GSi,银色 品牌14 17英寸 一体机（8吉字节内存）,一体机,品牌14,17英寸,8吉字节内存,银色,16*1*1,11,AW89F,艾米,出库,30081,拣货
MoPH27ErPi,粉色 品牌12 270 鼠标（人体工学）,鼠标,品牌12,270,人体工学,粉色,16*10*1,160,BO22E,莎拉,出库,30084,拣货
TVEs324KSi,银色 品牌32 32英寸 电视机（超高清）,电视机,品牌32,32英寸,超高清,银色,8*1*1,7,CL31C,克里斯,出库,30017,拣货
CuQE12SlBl,黑色 品牌01 1200 储物柜（滑动式）,储物柜,品牌01,1200,滑动式,黑色,8*1*1,8,DG85F,约翰,出库,30053,拣货
PeRe24SoPi,粉色 品牌22 24 铅笔（可溶性）,铅笔,品牌22,24,可溶性,粉色,48*10*5,2400,BR74E,克里斯,出库,30081,拣货
CuRG90DoGr,灰色 品牌03 900 储物柜（带门式）,储物柜,品牌03,900,带门式,灰色,8*1*1,2,DW25B,简,出库,30024,拣货
AlYn1716Wh,白色 品牌15 17英寸 一体机（16吉字节内存）,一体机,品牌15,17英寸,16吉字节内存,白色,16*1*1,16,AZ93B,克里斯,出库,30044,拣货
KeRe45BlWh,白色 品牌10 450 键盘（蓝牙）,键盘,品牌10,450,蓝牙,白色,16*10*1,160,AL87A,艾米丽,出库,30096,拣货
AlOv1532Wh,白色 品牌13 15英寸 一体机（32吉字节内存）,一体机,品牌13,15英寸,32吉字节内存,白色,16*1*1,16,AM50A,亚历克斯,出库,30043,拣货
PrReA3WiBl,黑色 品牌24 三号纸 打印机（无线网络）,打印机,品牌24,三号纸,无线网络,黑色,16*1*1,16,AV49H,迈克,出库,30046,拣货
DrTE12DoBl,黑色 品牌04 1200 抽屉柜（带门式）,抽屉柜,品牌04,1200,带门式,黑色,8*1*1,8,CU07C,亚历克斯,出库,30006,拣货
TaCI18FrWh,白色 品牌27 1800 桌子（框架式）,桌子,品牌27,1800,框架式,白色,8*1*1,5,AO97F,简,出库,30087,拣货
CuQE12DoGr,灰色 品牌01 1200 储物柜（带门式）,储物柜,品牌01,1200,带门式,灰色,8*1*1,2,BZ47F,劳拉,出库,30033,拣货
TVEs75FHGr,灰色 品牌32 75英寸 电视机（全高清）,电视机,品牌32,75英寸,全高清,灰色,8*1*1,2,CZ08G,简,出库,30024,拣货
CuTE12DoGr,灰色 品牌04 1200 储物柜（带门式）,储物柜,品牌04,1200,带门式,灰色,8*1*1,5,CY19B,莎拉,出库,30055,拣货
TVGn65SFBl,黑色 品牌30 65英寸 电视机（超级全高清）,电视机,品牌30,65英寸,超级全高清,黑色,8*1*1,8,CW09D,艾米,出库,30050,拣货
TVGn654KGr,灰色 品牌30 65英寸 电视机（超高清）,电视机,品牌30,65英寸,超高清,灰色,8*1*1,3,DF20E,艾米丽,出库,30014,拣货
AlRe148GWh,白色 品牌14 14英寸 一体机（8吉字节内存）,一体机,品牌14,14英寸,8吉字节内存,白色,16*1*1,16,AW81H,亚历克斯,出库,30054,拣货
OfXESHeWh,白色 品牌06 小号 办公椅（头枕）,办公椅,品牌06,小号,头枕,白色,16*1*1,14,CF77B,大卫,出库,30017,拣货
CuRG12LoWh,白色 品牌03 1200 储物柜（储物锁柜）,储物柜,品牌03,1200,储物锁柜,白色,8*1*1,4,CL83E,亚历克斯,出库,30098,拣货
LaYn1716Si,银色 品牌15 17英寸 笔记本电脑（16吉字节内存）,笔记本电脑,品牌15,17英寸,16吉字节内存,银色,16*1*1,3,CQ21A,克里斯,出库,30007,拣货
MoSu35WiNa,藏青色 品牌11 350 鼠标（有线）,鼠标,品牌11,350,有线,藏青色,16*10*1,160,CV82G,劳拉,出库,30089,拣货
CuRG12FiWh,白色 品牌03 1200 储物柜（文件收纳）,储物柜,品牌03,1200,文件收纳,白色,8*1*1,8,CR62B,迈克,出库,30095,拣货
LaRe17i5Si,银色 品牌14 17英寸 笔记本电脑（第5代处理器）,笔记本电脑,品牌14,17英寸,第5代处理器,银色,16*1*1,16,DJ12A,莎拉,出库,30046,拣货
MoRe45WiPi,粉色 品牌10 450 鼠标（有线）,鼠标,品牌10,450,有线,粉色,16*10*1,160,BL20D,简,出库,30087,拣货
AlSu158GBl,黑色 品牌11 15英寸 一体机（8吉字节内存）,一体机,品牌11,15英寸,8吉字节内存,黑色,16*1*1,16,AU04G,大卫,出库,30036,拣货
TaTR10AuWh,白色 品牌28 1000 桌子（自动调节）,桌子,品牌28,1000,自动调节,白色,8*1*1,1,AF72G,约翰,出库,30022,拣货
MoPH35BlNa,藏青色 品牌12 350 鼠标（蓝牙）,鼠标,品牌12,350,蓝牙,藏青色,16*10*1,160,DM78H,莎拉,出库,30047,拣货
CuWE18FiGr,灰色 品牌02 1800 储物柜（文件收纳）,储物柜,品牌02,1800,文件收纳,灰色,8*1*1,8,AM87H,迈克,出库,30037,拣货
OfOGMAdWh,白色 品牌07 中号 办公椅（可调节）,办公椅,品牌07,中号,可调节,白色,16*1*1,10,BJ05G,迈克,出库,30005,拣货
PrNoA3MoGr,灰色 品牌26 三号纸 打印机（黑白）,打印机,品牌26,三号纸,黑白,灰色,16*1*1,7,CK07B,简,出库,30099,拣货
DrRG12DoWh,白色 品牌03 1200 抽屉柜（带门式）,抽屉柜,品牌03,1200,带门式,白色,8*1*1,8,AP34F,劳拉,出库,30033,拣货
OfAEMErPi,粉色 品牌05 中号 办公椅（人体工学）,办公椅,品牌05,中号,人体工学,粉色,16*1*1,16,DI58H,劳拉,出库,30038,拣货
PeRe24WaPi,粉色 品牌22 24 铅笔（水彩）,铅笔,品牌22,24,水彩,粉色,48*10*5,2400,AL48F,艾米,出库,30049,拣货
KeHc27MePi,粉色 品牌09 270 键盘（机械式）,键盘,品牌09,270,机械式,粉色,16*10*1,125,BR19D,莎拉,出库,30018,拣货
CaRG18FiBl,黑色 品牌03 1800 文件柜（文件收纳）,文件柜,品牌03,1800,文件收纳,黑色,8*1*1,8,CJ18D,约翰,出库,30016,拣货
CaTE18LoWh,白色 品牌04 1800 文件柜（储物锁柜）,文件柜,品牌04,1800,储物锁柜,白色,8*1*1,8,CL18A,劳拉,出库,30008,拣货
DrQE90SlGr,灰色 品牌01 900 抽屉柜（滑动式）,抽屉柜,品牌01,900,滑动式,灰色,8*1*1,8,AO60B,莎拉,出库,30036,拣货
LaRe1532Wh,白色 品牌14 15英寸 笔记本电脑（32吉字节内存）,笔记本电脑,品牌14,15英寸,32吉字节内存,白色,16*1*1,8,AL38B,克里斯,出库,30016,拣货
TVYn50S4Gr,灰色 品牌15 50英寸 电视机（超级超高清）,电视机,品牌15,50英寸,超级超高清,灰色,8*1*1,1,AN44G,艾米丽,出库,30074,拣货
DrTE12FiWh,白色 品牌04 1200 抽屉柜（文件收纳）,抽屉柜,品牌04,1200,文件收纳,白色,8*1*1,3,DV84G,艾米,出库,30040,拣货
PrSoA3WiBl,黑色 品牌25 三号纸 打印机（无线网络）,打印机,品牌25,三号纸,无线网络,黑色,16*1*1,4,CR84F,简,出库,30031,拣货
AlRe1432Gr,灰色 品牌14 14英寸 一体机（32吉字节内存）,一体机,品牌14,14英寸,32吉字节内存,灰色,16*1*1,11,CH82C,艾米丽,出库,30045,拣货
LaOv1732Bl,黑色 品牌13 17英寸 笔记本电脑（32吉字节内存）,笔记本电脑,品牌13,17英寸,32吉字节内存,黑色,16*1*1,3,BU07H,亚历克斯,出库,30073,拣货
GaXELErPi,粉色 品牌06 大号 游戏椅（人体工学）,游戏椅,品牌06,大号,人体工学,粉色,16*1*1,8,AP61E,大卫,出库,30020,拣货
DrWE18FiBl,黑色 品牌02 1800 抽屉柜（文件收纳）,抽屉柜,品牌02,1800,文件收纳,黑色,8*1*1,8,DP93B,艾米,出库,30002,拣货
AlYn158GBl,黑色 品牌15 15英寸 一体机（8吉字节内存）,一体机,品牌15,15英寸,8吉字节内存,黑色,16*1*1,16,AW62C,约翰,出库,30068,拣货
LaYn15i7Bl,黑色 品牌15 15英寸 笔记本电脑（第7代处理器）,笔记本电脑,品牌15,15英寸,第7代处理器,黑色,16*1*1,5,AL42E,艾米丽,出库,30029,拣货
PeGi24HePi,粉色 品牌21 24 铅笔（六角形）,铅笔,品牌21,24,六角形,粉色,48*10*5,566,CX90G,约翰,出库,30010,拣货
TaCI10AdBl,黑色 品牌27 1000 桌子（可调节）,桌子,品牌27,1000,可调节,黑色,8*1*1,2,BI52G,莎拉,出库,30033,拣货
TVGn65FHBl,黑色 品牌30 65英寸 电视机（全高清）,电视机,品牌30,65英寸,全高清,黑色,8*1*1,8,DK45D,简,出库,30018,拣货
TVYn65FHWh,白色 品牌15 65英寸 电视机（全高清）,电视机,品牌15,65英寸,全高清,白色,8*1*1,4,BH80C,约翰,出库,30034,拣货
OfOGMLeGr,灰色 品牌07 中号 办公椅（皮革）,办公椅,品牌07,中号,皮革,灰色,16*1*1,14,AI48D,克里斯,出库,30077,拣货
AlRe158GSi,银色 品牌14 15英寸 一体机（8吉字节内存）,一体机,品牌14,15英寸,8吉字节内存,银色,16*1*1,11,AR09G,大卫,出库,30015,拣货
TVYn65SFWh,白色 品牌15 65英寸 电视机（超级全高清）,电视机,品牌15,65英寸,超级全高清,白色,8*1*1,5,CT27C,艾米,出库,30092,拣货
TVEs42S4Bl,黑色 品牌32 42英寸 电视机（超级超高清）,电视机,品牌32,42英寸,超级超高清,黑色,8*1*1,8,BX37G,艾米,出库,30064,拣货
LaSu15i5Si,银色 品牌11 15英寸 笔记本电脑（第5代处理器）,笔记本电脑,品牌11,15英寸,第5代处理器,银色,16*1*1,16,CT75A,大卫,出库,30013,拣货
LaOv1532Gr,灰色 品牌13 15英寸 笔记本电脑（32吉字节内存）,笔记本电脑,品牌13,15英寸,32吉字节内存,灰色,16*1*1,8,AH65C,克里斯,出库,30020,拣货
CaQE12FiBe,米色 品牌01 1200 文件柜（文件收纳）,文件柜,品牌01,1200,文件收纳,米色,8*1*1,8,BX59F,简,出库,30059,拣货
DrWE12DoGr,灰色 品牌02 1200 抽屉柜（带门式）,抽屉柜,品牌02,1200,带门式,灰色,8*1*1,1,DM04A,亚历克斯,出库,30016,拣货
TaTR15AdGr,灰色 品牌29 1500 桌子（可调节）,桌子,品牌29,1500,可调节,灰色,8*1*1,8,CU73B,约翰,出库,30029,拣货
KeSu35BlWh,白色 品牌11 350 键盘（蓝牙）,键盘,品牌11,350,蓝牙,白色,16*10*1,118,CT43H,劳拉,出库,30055,拣货
GaSELHePi,粉色 品牌08 大号 游戏椅（头枕）,游戏椅,品牌08,大号,头枕,粉色,16*1*1,16,BO49F,迈克,出库,30037,拣货
AlOv15i5Gr,灰色 品牌13 15英寸 一体机（第5代处理器）,一体机,品牌13,15英寸,第5代处理器,灰色,16*1*1,4,BI44D,劳拉,出库,30048,拣货
CuTE12FiGr,灰色 品牌04 1200 储物柜（文件收纳）,储物柜,品牌04,1200,文件收纳,灰色,8*1*1,8,AF55G,亚历克斯,出库,30020,拣货
NoGrA4liGr,灰色 品牌18 四号纸 笔记本（线条）,笔记本,品牌18,四号纸,线条,灰色,48*10*5,2400,AF19A,迈克,出库,30050,拣货
PrPHA4InBl,黑色 品牌12 四号纸 打印机（喷墨）,打印机,品牌12,四号纸,喷墨,黑色,16*1*1,16,BL41G,克里斯,出库,30004,拣货
PeNa50SoWh,白色 品牌23 50 铅笔（可溶性）,铅笔,品牌23,50,可溶性,白色,48*10*5,2400,CJ07C,约翰,出库,30091,拣货
SPNa50HeBl,黑色 品牌23 50 触控笔（六角形）,触控笔,品牌23,50,六角形,黑色,48*10*5,2378,CO74C,亚历克斯,出库,30008,拣货
CuQE12DoWh,白色 品牌01 1200 储物柜（带门式）,储物柜,品牌01,1200,带门式,白色,8*1*1,8,BP34C,约翰,出库,30095,拣货
AlRe15i5Wh,白色 品牌14 15英寸 一体机（第5代处理器）,一体机,品牌14,15英寸,第5代处理器,白色,16*1*1,16,DF84B,约翰,出库,30059,拣货
TVGL50S4Si,银色 品牌31 50英寸 电视机（超级超高清）,电视机,品牌31,50英寸,超级超高清,银色,8*1*1,8,BG31E,艾米,出库,30067,拣货
MoHc35ErNa,藏青色 品牌09 350 鼠标（人体工学）,鼠标,品牌09,350,人体工学,藏青色,16*10*1,101,BQ32H,艾米丽,出库,30095,拣货
AlPH1516Gr,灰色 品牌12 15英寸 一体机（16吉字节内存）,一体机,品牌12,15英寸,16吉字节内存,灰色,16*1*1,4,AL63F,劳拉,出库,30093,拣货
DrWE18LoBe,米色 品牌02 1800 抽屉柜（储物锁柜）,抽屉柜,品牌02,1800,储物锁柜,米色,8*1*1,8,DF52F,亚历克斯,出库,30051,拣货
KeRe35MeWh,白色 品牌10 350 键盘（机械式）,键盘,品牌10,350,机械式,白色,16*10*1,69,CK09A,亚历克斯,出库,30004,拣货
TVEs42S4Gr,灰色 品牌32 42英寸 电视机（超级超高清）,电视机,品牌32,42英寸,超级超高清,灰色,8*1*1,6,BN92C,约翰,出库,30046,拣货
CuQE12DoBl,黑色 品牌01 1200 储物柜（带门式）,储物柜,品牌01,1200,带门式,黑色,8*1*1,8,CY25D,劳拉,出库,30004,拣货
CaQE18LoWh,白色 品牌01 1800 文件柜（储物锁柜）,文件柜,品牌01,1800,储物锁柜,白色,8*1*1,8,CY76E,艾米,出库,30086,拣货
CuTE18LoGr,灰色 品牌04 1800 储物柜（储物锁柜）,储物柜,品牌04,1800,储物锁柜,灰色,8*1*1,3,BT35B,艾米,出库,30008,拣货
KeSu35ErPi,粉色 品牌11 350 键盘（人体工学）,键盘,品牌11,350,人体工学,粉色,16*10*1,160,DN76H,克里斯,出库,30040,拣货
DrRG18SlBe,米色 品牌03 1800 抽屉柜（滑动式）,抽屉柜,品牌03,1800,滑动式,米色,8*1*1,2,DJ30F,约翰,出库,30051,拣货
LaPH1732Bl,黑色 品牌12 17英寸 笔记本电脑（32吉字节内存）,笔记本电脑,品牌12,17英寸,32吉字节内存,黑色,16*1*1,9,AH93G,约翰,出库,30008,拣货
KeSu27MePi,粉色 品牌11 270 键盘（机械式）,键盘,品牌11,270,机械式,粉色,16*10*1,160,AV52H,亚历克斯,出库,30086,拣货
CuQE12FiWh,白色 品牌01 1200 储物柜（文件收纳）,储物柜,品牌01,1200,文件收纳,白色,8*1*1,1,DK04G,简,出库,30050,拣货
PeGi12WaGr,灰色 品牌21 12 铅笔（水彩）,铅笔,品牌21,12,水彩,灰色,48*10*5,404,CI82G,艾米,出库,30001,拣货
PrSoA2LaGr,灰色 品牌25 二号纸 打印机（激光）,打印机,品牌25,二号纸,激光,灰色,16*1*1,11,CS94F,艾米,出库,30065,拣货
TVEs504KGr,灰色 品牌32 50英寸 电视机（超高清）,电视机,品牌32,50英寸,超高清,灰色,8*1*1,1,BM01E,劳拉,出库,30040,拣货
PrNoA3InBl,黑色 品牌26 三号纸 打印机（喷墨）,打印机,品牌26,三号纸,喷墨,黑色,16*1*1,16,AQ88E,莎拉,出库,30056,拣货
AlSu17i5Wh,白色 品牌11 17英寸 一体机（第5代处理器）,一体机,品牌11,17英寸,第5代处理器,白色,16*1*1,6,AF47A,艾米丽,出库,30037,拣货
CuQE12FiWh,白色 品牌01 1200 储物柜（文件收纳）,储物柜,品牌01,1200,文件收纳,白色,8*1*1,8,BS86D,亚历克斯,出库,30064,拣货
AlOv14i7Si,银色 品牌13 14英寸 一体机（第7代处理器）,一体机,品牌13,14英寸,第7代处理器,银色,16*1*1,8,AY15A,莎拉,出库,30054,拣货
DrQE18FiBe,米色 品牌01 1800 抽屉柜（文件收纳）,抽屉柜,品牌01,1800,文件收纳,米色,8*1*1,8,AT12E,简,出库,30059,拣货
PeNa12HePi,粉色 品牌23 12 铅笔（六角形）,铅笔,品牌23,12,六角形,粉色,48*10*5,2400,AJ34E,约翰,出库,30036,拣货
TaCI18AuWh,白色 品牌27 1800 桌子（自动调节）,桌子,品牌27,1800,自动调节,白色,8*1*1,6,AN28D,艾米丽,出库,30039,拣货
TaCI15WoWh,白色 品牌27 1500 桌子（工作站）,桌子,品牌27,1500,工作站,白色,8*1*1,4,DQ47E,简,出库,30069,拣货
TVEs324KBl,黑色 品牌32 32英寸 电视机（超高清）,电视机,品牌32,32英寸,超高清,黑色,8*1*1,4,AH47D,简,出库,30001,拣货
CaRG90LoGr,灰色 品牌03 900 文件柜（储物锁柜）,文件柜,品牌03,900,储物锁柜,灰色,8*1*1,8,CM17B,艾米丽,出库,30088,拣货
AlYn1516Gr,灰色 品牌15 15英寸 一体机（16吉字节内存）,一体机,品牌15,15英寸,16吉字节内存,灰色,16*1*1,1,BJ12G,亚历克斯,出库,30070,拣货
TaCI10WoGr,灰色 品牌27 1000 桌子（工作站）,桌子,品牌27,1000,工作站,灰色,8*1*1,4,CS01F,约翰,出库,30065,拣货
CuRG18SlBe,米色 品牌03 1800 储物柜（滑动式）,储物柜,品牌03,1800,滑动式,米色,8*1*1,8,CT01D,迈克,出库,30009,拣货
CuRG90FiGr,灰色 品牌03 900 储物柜（文件收纳）,储物柜,品牌03,900,文件收纳,灰色,8*1*1,8,BH51D,大卫,出库,30022,拣货
TVGn65FHSi,银色 品牌30 65英寸 电视机（全高清）,电视机,品牌30,65英寸,全高清,银色,8*1*1,5,BS47D,约翰,出库,30062,拣货
SPRe24HeWh,白色 品牌22 24 触控笔（六角形）,触控笔,品牌22,24,六角形,白色,48*10*5,2400,DM21H,简,出库,30027,拣货
LaPH17i5Si,银色 品牌12 17英寸 笔记本电脑（第5代处理器）,笔记本电脑,品牌12,17英寸,第5代处理器,银色,16*1*1,16,DS61E,约翰,出库,30057,拣货
DrTE12DoBe,米色 品牌04 1200 抽屉柜（带门式）,抽屉柜,品牌04,1200,带门式,米色,8*1*1,6,DM17F,大卫,出库,30053,拣货
GaSELHeGr,灰色 品牌08 大号 游戏椅（头枕）,游戏椅,品牌08,大号,头枕,灰色,16*1*1,16,DU41F,劳拉,出库,30010,拣货
MoSu45ErNa,藏青色 品牌11 450 鼠标（人体工学）,鼠标,品牌11,450,人体工学,藏青色,16*10*1,43,DU60H,克里斯,出库,30053,拣货
PrPHA3LaMi,混合色 品牌12 三号纸 打印机（激光）,打印机,品牌12,三号纸,激光,混合色,16*1*1,16,CI80C,莎拉,出库,30063,拣货
PrNoA2MoMi,混合色 品牌26 二号纸 打印机（黑白）,打印机,品牌26,二号纸,黑白,混合色,16*1*1,16,AJ67E,克里斯,出库,30059,拣货
SPAl12HePi,粉色 品牌20 12 触控笔（六角形）,触控笔,品牌20,12,六角形,粉色,48*10*5,2400,DY79A,大卫,出库,30026,拣货
OfSEMErPi,粉色 品牌08 中号 办公椅（人体工学）,办公椅,品牌08,中号,人体工学,粉色,16*1*1,10,BW28B,莎拉,出库,30016,拣货
OfOGLAdGr,灰色 品牌07 大号 办公椅（可调节）,办公椅,品牌07,大号,可调节,灰色,16*1*1,16,BZ70A,简,出库,30072,拣货
TaTR10AuBl,黑色 品牌28 1000 桌子（自动调节）,桌子,品牌28,1000,自动调节,黑色,8*1*1,4,DZ72A,艾米丽,出库,30013,拣货
AlSu17i7Bl,黑色 品牌11 17英寸 一体机（第7代处理器）,一体机,品牌11,17英寸,第7代处理器,黑色,16*1*1,14,CO37B,亚历克斯,出库,30029,拣货
AlRe178GWh,白色 品牌14 17英寸 一体机（8吉字节内存）,一体机,品牌14,17英寸,8吉字节内存,白色,16*1*1,16,AM48E,大卫,出库,30034,拣货
NoGrA5liBl,黑色 品牌18 五号纸 笔记本（线条）,笔记本,品牌18,五号纸,线条,黑色,48*10*5,2400,CW81G,艾米丽,出库,30018,拣货
OfOGSLeWh,白色 品牌07 小号 办公椅（皮革）,办公椅,品牌07,小号,皮革,白色,16*1*1,16,CZ40E,约翰,出库,30004,拣货
TVEs75SFGr,灰色 品牌32 75英寸 电视机（超级全高清）,电视机,品牌32,75英寸,超级全高清,灰色,8*1*1,8,DG78A,约翰,出库,30038,拣货
CaWE12DoBl,黑色 品牌02 1200 文件柜（带门式）,文件柜,品牌02,1200,带门式,黑色,8*1*1,5,AU61F,迈克,出库,30054,拣货
CuQE12DoGr,灰色 品牌01 1200 储物柜（带门式）,储物柜,品牌01,1200,带门式,灰色,8*1*1,7,AF86E,亚历克斯,出库,30096,拣货
SPRe24SoBl,黑色 品牌22 24 触控笔（可溶性）,触控笔,品牌22,24,可溶性,黑色,48*10*5,2400,DZ58B,迈克,出库,30077,拣货
PeRe12HeBl,黑色 品牌22 12 铅笔（六角形）,铅笔,品牌22,12,六角形,黑色,48*10*5,2400,CI61A,艾米,出库,30072,拣货
MoRe45ErNa,藏青色 品牌10 450 鼠标（人体工学）,鼠标,品牌10,450,人体工学,藏青色,16*10*1,160,AH73H,迈克,出库,30040,拣货
OfXEMHeWh,白色 品牌06 中号 办公椅（头枕）,办公椅,品牌06,中号,头枕,白色,16*1*1,5,BY02F,莎拉,出库,30007,拣货
OfAESHePi,粉色 品牌05 小号 办公椅（头枕）,办公椅,品牌05,小号,头枕,粉色,16*1*1,16,CQ47E,克里斯,出库,30022,拣货
LaYn14i5Bl,黑色 品牌15 14英寸 笔记本电脑（第5代处理器）,笔记本电脑,品牌15,14英寸,第5代处理器,黑色,16*1*1,16,DL18F,莎拉,出库,30057,拣货
PrReA3AlBl,黑色 品牌24 三号纸 打印机（一体式）,打印机,品牌24,三号纸,一体式,黑色,16*1*1,16,AT31G,艾米,出库,30029,拣货
MoPH27BlNa,藏青色 品牌12 270 鼠标（蓝牙）,鼠标,品牌12,270,蓝牙,藏青色,16*10*1,160,BQ38F,克里斯,出库,30016,拣货
DrQE18DoBe,米色 品牌01 1800 抽屉柜（带门式）,抽屉柜,品牌01,1800,带门式,米色,8*1*1,2,BF40G,亚历克斯,出库,30096,拣货
GaSELLeGr,灰色 品牌08 大号 游戏椅（皮革）,游戏椅,品牌08,大号,皮革,灰色,16*1*1,16,DS06C,克里斯,出库,30099,拣货
LaSu15i5Bl,黑色 品牌11 15英寸 笔记本电脑（第5代处理器）,笔记本电脑,品牌11,15英寸,第5代处理器,黑色,16*1*1,11,CV71B,艾米,出库,30092,拣货
MoSu45WiPi,粉色 品牌11 450 鼠标（有线）,鼠标,品牌11,450,有线,粉色,16*10*1,160,DF43D,亚历克斯,出库,30026,拣货
AlYn1432Si,银色 品牌15 14英寸 一体机（32吉字节内存）,一体机,品牌15,14英寸,32吉字节内存,银色,16*1*1,16,AT27E,莎拉,出库,30030,拣货
KeHc45MeWh,白色 品牌09 450 键盘（机械式）,键盘,品牌09,450,机械式,白色,16*10*1,160,BV03G,克里斯,出库,30083,拣货
DrWE90LoGr,灰色 品牌02 900 抽屉柜（储物锁柜）,抽屉柜,品牌02,900,储物锁柜,灰色,8*1*1,4,BR86D,简,出库,30050,拣货
OfSESLeWh,白色 品牌08 小号 办公椅（皮革）,办公椅,品牌08,小号,皮革,白色,16*1*1,4,BJ05D,艾米,出库,30085,拣货
CuTE90DoBe,米色 品牌04 900 储物柜（带门式）,储物柜,品牌04,900,带门式,米色,8*1*1,8,BY11H,劳拉,出库,30039,拣货
TVYn32SFGr,灰色 品牌15 32英寸 电视机（超级全高清）,电视机,品牌15,32英寸,超级全高清,灰色,8*1*1,8,AJ35G,克里斯,出库,30063,拣货
AlRe14i7Wh,白色 品牌14 14英寸 一体机（第7代处理器）,一体机,品牌14,14英寸,第7代处理器,白色,16*1*1,11,DS23F,简,出库,30017,拣货
TVYn32FHWh,白色 品牌15 32英寸 电视机（全高清）,电视机,品牌15,32英寸,全高清,白色,8*1*1,8,BR06G,克里斯,出库,30018,拣货
MoRe35BlBl,黑色 品牌10 350 鼠标（蓝牙）,鼠标,品牌10,350,蓝牙,黑色,16*10*1,120,AJ34F,莎拉,出库,30046,拣货
TaTR10AdWh,白色 品牌28 1000 桌子（可调节）,桌子,品牌28,1000,可调节,白色,8*1*1,8,BI14F,艾米,出库,30033,拣货
AlSu1516Bl,黑色 品牌11 15英寸 一体机（16吉字节内存）,一体机,品牌11,15英寸,16吉字节内存,黑色,16*1*1,6,BY87B,简,出库,30074,拣货
TVGL324KSi,银色 品牌31 32英寸 电视机（超高清）,电视机,品牌31,32英寸,超高清,银色,8*1*1,8,BY37B,简,出库,30070,拣货
PeAl50WaBl,黑色 品牌20 50 铅笔（水彩）,铅笔,品牌20,50,水彩,黑色,48*10*5,1844,BX92C,克里斯,出库,30008,拣货
DrTE18DoBl,黑色 品牌04 1800 抽屉柜（带门式）,抽屉柜,品牌04,1800,带门式,黑色,8*1*1,5,CT13E,约翰,出库,30032,拣货
SPNa50WaBl,黑色 品牌23 50 触控笔（水彩）,触控笔,品牌23,50,水彩,黑色,48*10*5,1609,DQ57E,劳拉,出库,30025,拣货
PrPHA2InMi,混合色 品牌12 二号纸 打印机（喷墨）,打印机,品牌12,二号纸,喷墨,混合色,16*1*1,16,AO64H,约翰,出库,30088,拣货
TVGn32SFSi,银色 品牌30 32英寸 电视机（超级全高清）,电视机,品牌30,32英寸,超级全高清,银色,8*1*1,8,DT94C,劳拉,出库,30014,拣货
AlOv17i5Bl,黑色 品牌13 17英寸 一体机（第5代处理器）,一体机,品牌13,17英寸,第5代处理器,黑色,16*1*1,4,BL68C,劳拉,出库,30096,拣货
GaSESAdPi,粉色 品牌08 小号 游戏椅（可调节）,游戏椅,品牌08,小号,可调节,粉色,16*1*1,16,DK09F,艾米丽,出库,30027,拣货
DrRG18SlGr,灰色 品牌03 1800 抽屉柜（滑动式）,抽屉柜,品牌03,1800,滑动式,灰色,8*1*1,8,DT08F,迈克,出库,30026,拣货
LaPH148GBl,黑色 品牌12 14英寸 笔记本电脑（8吉字节内存）,笔记本电脑,品牌12,14英寸,8吉字节内存,黑色,16*1*1,16,DH68E,大卫,出库,30066,拣货
AlYn1532Si,银色 品牌15 15英寸 一体机（32吉字节内存）,一体机,品牌15,15英寸,32吉字节内存,银色,16*1*1,16,CQ52H,简,出库,30004,拣货
MoPH45WiBl,黑色 品牌12 450 鼠标（有线）,鼠标,品牌12,450,有线,黑色,16*10*1,86,DM30A,迈克,出库,30083,拣货
TVGL32SFGr,灰色 品牌31 32英寸 电视机（超级全高清）,电视机,品牌31,32英寸,超级全高清,灰色,8*1*1,5,DT59D,莎拉,出库,30067,拣货
CaWE90SlBl,黑色 品牌02 900 文件柜（滑动式）,文件柜,品牌02,900,滑动式,黑色,8*1*1,6,CT09F,艾米丽,出库,30066,拣货
MoHc45MeWh,白色 品牌09 450 鼠标（机械式）,鼠标,品牌09,450,机械式,白色,16*10*1,160,BI80H,约翰,出库,30003,拣货
OfAELAdWh,白色 品牌05 大号 办公椅（可调节）,办公椅,品牌05,大号,可调节,白色,16*1*1,6,BX69F,克里斯,出库,30052,拣货
AlYn178GWh,白色 品牌15 17英寸 一体机（8吉字节内存）,一体机,品牌15,17英寸,8吉字节内存,白色,16*1*1,16,BY05E,亚历克斯,出库,30024,拣货
AlYn1532Wh,白色 品牌15 15英寸 一体机（32吉字节内存）,一体机,品牌15,15英寸,32吉字节内存,白色,16*1*1,16,AX45B,劳拉,出库,30088,拣货
SPAl50HeGr,灰色 品牌20 50 触控笔（六角形）,触控笔,品牌20,50,六角形,灰色,48*10*5,2400,CK29G,迈克,出库,30032,拣货
LaRe1516Gr,灰色 品牌14 15英寸 笔记本电脑（16吉字节内存）,笔记本电脑,品牌14,15英寸,16吉字节内存,灰色,16*1*1,16,AP36F,简,出库,30011,拣货
AlRe1416Gr,灰色 品牌14 14英寸 一体机（16吉字节内存）,一体机,品牌14,14英寸,16吉字节内存,灰色,16*1*1,1,AY20G,大卫,出库,30021,拣货
MoHc35BlBl,黑色 品牌09 350 鼠标（蓝牙）,鼠标,品牌09,350,蓝牙,黑色,16*10*1,160,AM91A,约翰,出库,30000,拣货
AlYn14i5Bl,黑色 品牌15 14英寸 一体机（第5代处理器）,一体机,品牌15,14英寸,第5代处理器,黑色,16*1*1,16,BI67G,简,出库,30049,拣货
TVGn654KBl,黑色 品牌30 65英寸 电视机（超高清）,电视机,品牌30,65英寸,超高清,黑色,8*1*1,8,AL41E,简,出库,30056,拣货
PrPHA3WiWh,白色 品牌12 三号纸 打印机（无线网络）,打印机,品牌12,三号纸,无线网络,白色,16*1*1,16,BQ92F,克里斯,出库,30025,拣货
MoSu27ErWh,白色 品牌11 270 鼠标（人体工学）,鼠标,品牌11,270,人体工学,白色,16*10*1,160,AI30B,约翰,出库,30057,拣货
KeSu45WiWh,白色 品牌11 450 键盘（有线）,键盘,品牌11,450,有线,白色,16*10*1,160,BT52F,艾米,出库,30054,拣货
MoPH45BlWh,白色 品牌12 450 鼠标（蓝牙）,鼠标,品牌12,450,蓝牙,白色,16*10*1,88,AW70C,大卫,出库,30000,拣货
GaSEMLePi,粉色 品牌08 中号 游戏椅（皮革）,游戏椅,品牌08,中号,皮革,粉色,16*1*1,16,DH96D,艾米,出库,30021,拣货
PeGi12HeGr,灰色 品牌21 12 铅笔（六角形）,铅笔,品牌21,12,六角形,灰色,48*10*5,1172,AZ07E,约翰,出库,30022,拣货
DrWE18LoWh,白色 品牌02 1800 抽屉柜（储物锁柜）,抽屉柜,品牌02,1800,储物锁柜,白色,8*1*1,8,CR38F,艾米丽,出库,30062,拣货
CuTE18FiBl,黑色 品牌04 1800 储物柜（文件收纳）,储物柜,品牌04,1800,文件收纳,黑色,8*1*1,1,CL16B,莎拉,出库,30050,拣货
PeGi50SoGr,灰色 品牌21 50 铅笔（可溶性）,铅笔,品牌21,50,可溶性,灰色,48*10*5,2400,AJ52H,亚历克斯,出库,30019,拣货
TVGL654KBl,黑色 品牌31 65英寸 电视机（超高清）,电视机,品牌31,65英寸,超高清,黑色,8*1*1,8,CS86D,艾米丽,出库,30024,拣货
GaXESErWh,白色 品牌06 小号 游戏椅（人体工学）,游戏椅,品牌06,小号,人体工学,白色,16*1*1,14,CU36H,约翰,出库,30015,拣货
KeHc45MePi,粉色 品牌09 450 键盘（机械式）,键盘,品牌09,450,机械式,粉色,16*10*1,160,DN51H,莎拉,出库,30051,拣货
PrPHA3InGr,灰色 品牌12 三号纸 打印机（喷墨）,打印机,品牌12,三号纸,喷墨,灰色,16*1*1,1,CF79D,艾米丽,出库,30050,拣货
PeNa50SoBl,黑色 品牌23 50 铅笔（可溶性）,铅笔,品牌23,50,可溶性,黑色,48*10*5,2400,DW30H,约翰,出库,30053,拣货
SPGi24WaGr,灰色 品牌21 24 触控笔（水彩）,触控笔,品牌21,24,水彩,灰色,48*10*5,1941,DP19C,莎拉,出库,30026,拣货
TaTR18FrGr,灰色 品牌28 1800 桌子（框架式）,桌子,品牌28,1800,框架式,灰色,8*1*1,6,DJ20F,艾米,出库,30005,拣货
MoHc27BlBl,黑色 品牌09 270 鼠标（蓝牙）,鼠标,品牌09,270,蓝牙,黑色,16*10*1,160,CM39B,劳拉,出库,30061,拣货
TaCI15AdBl,黑色 品牌27 1500 桌子（可调节）,桌子,品牌27,1500,可调节,黑色,8*1*1,7,CM35A,艾米,出库,30050,拣货
PrPHA3InBl,黑色 品牌12 三号纸 打印机（喷墨）,打印机,品牌12,三号纸,喷墨,黑色,16*1*1,16,CL75D,迈克,出库,30082,拣货
TVGL32SFSi,银色 品牌31 32英寸 电视机（超级全高清）,电视机,品牌31,32英寸,超级全高清,银色,8*1*1,8,CO77F,莎拉,出库,30095,拣货
TVYn654KSi,银色 品牌15 65英寸 电视机（超高清）,电视机,品牌15,65英寸,超高清,银色,8*1*1,8,BX96D,简,出库,30049,拣货
KeSu35BlNa,藏青色 品牌11 350 键盘（蓝牙）,键盘,品牌11,350,蓝牙,藏青色,16*10*1,48,DZ88A,简,出库,30092,拣货
AlRe14i7Gr,灰色 品牌14 14英寸 一体机（第7代处理器）,一体机,品牌14,14英寸,第7代处理器,灰色,16*1*1,1,DF09E,克里斯,出库,30069,拣货
AlOv15i7Bl,黑色 品牌13 15英寸 一体机（第7代处理器）,一体机,品牌13,15英寸,第7代处理器,黑色,16*1*1,10,DX50B,莎拉,出库,30048,拣货
AlSu1416Bl,黑色 品牌11 14英寸 一体机（16吉字节内存）,一体机,品牌11,14英寸,16吉字节内存,黑色,16*1*1,16,BX39H,约翰,出库,30057,拣货
PrNoA4InMi,混合色 品牌26 四号纸 打印机（喷墨）,打印机,品牌26,四号纸,喷墨,混合色,16*1*1,16,CI45C,大卫,出库,30086,拣货
OfXELHeWh,白色 品牌06 大号 办公椅（头枕）,办公椅,品牌06,大号,头枕,白色,16*1*1,5,DI86F,克里斯,出库,30028,拣货
DrQE18SlWh,白色 品牌01 1800 抽屉柜（滑动式）,抽屉柜,品牌01,1800,滑动式,白色,8*1*1,8,DL22F,大卫,出库,30096,拣货
DrWE12LoGr,灰色 品牌02 1200 抽屉柜（储物锁柜）,抽屉柜,品牌02,1200,储物锁柜,灰色,8*1*1,8,BJ43E,迈克,出库,30054,拣货
GaXESLeBl,黑色 品牌06 小号 游戏椅（皮革）,游戏椅,品牌06,小号,皮革,黑色,16*1*1,16,CY13E,简,出库,30018,拣货
OfXELAdPi,粉色 品牌06 大号 办公椅（可调节）,办公椅,品牌06,大号,可调节,粉色,16*1*1,16,CS83E,约翰,出库,30009,拣货
CuWE12LoBe,米色 品牌02 1200 储物柜（储物锁柜）,储物柜,品牌02,1200,储物锁柜,米色,8*1*1,8,AL32E,约翰,出库,30069,拣货
TVGn50FHWh,白色 品牌30 50英寸 电视机（全高清）,电视机,品牌30,50英寸,全高清,白色,8*1*1,8,AW36H,简,出库,30089,拣货
PeGi50WaWh,白色 品牌21 50 铅笔（水彩）,铅笔,品牌21,50,水彩,白色,48*10*5,1523,BU06E,迈克,出库,30024,拣货
TVGL42SFBl,黑色 品牌31 42英寸 电视机（超级全高清）,电视机,品牌31,42英寸,超级全高清,黑色,8*1*1,8,AV85A,劳拉,出库,30003,拣货
NoGrA3doSi,银色 品牌18 三号纸 笔记本（点阵）,笔记本,品牌18,三号纸,点阵,银色,48*10*5,2400,DX92C,艾米丽,出库,30082,拣货
OfOGSHePi,粉色 品牌07 小号 办公椅（头枕）,办公椅,品牌07,小号,头枕,粉色,16*1*1,4,DQ80D,迈克,出库,30007,拣货
LaYn148GBl,黑色 品牌15 14英寸 笔记本电脑（8吉字节内存）,笔记本电脑,品牌15,14英寸,8吉字节内存,黑色,16*1*1,10,CW98E,大卫,出库,30017,拣货
GaXEMLeBl,黑色 品牌06 中号 游戏椅（皮革）,游戏椅,品牌06,中号,皮革,黑色,16*1*1,12,BW11F,劳拉,出库,30019,拣货
PeNa50WaPi,粉色 品牌23 50 铅笔（水彩）,铅笔,品牌23,50,水彩,粉色,48*10*5,2400,BO05E,艾米丽,出库,30038,拣货
PeAl50WaPi,粉色 品牌20 50 铅笔（水彩）,铅笔,品牌20,50,水彩,粉色,48*10*5,2400,AQ29D,劳拉,出库,30055,拣货
AlPH158GBl,黑色 品牌12 15英寸 一体机（8吉字节内存）,一体机,品牌12,15英寸,8吉字节内存,黑色,16*1*1,16,CX62A,克里斯,出库,30032,拣货
LaYn158GWh,白色 品牌15 15英寸 笔记本电脑（8吉字节内存）,笔记本电脑,品牌15,15英寸,8吉字节内存,白色,16*1*1,6,AO32C,亚历克斯,出库,30064,拣货
TaTR10AdBl,黑色 品牌29 1000 桌子（可调节）,桌子,品牌29,1000,可调节,黑色,8*1*1,8,CY50D,莎拉,出库,30099,拣货
TVGL75SFWh,白色 品牌31 75英寸 电视机（超级全高清）,电视机,品牌31,75英寸,超级全高清,白色,8*1*1,8,CG83D,简,出库,30041,拣货
TVYn654KSi,银色 品牌15 65英寸 电视机（超高清）,电视机,品牌15,65英寸,超高清,银色,8*1*1,1,CV70A,迈克,出库,30072,拣货
CuWE90SlBe,米色 品牌02 900 储物柜（滑动式）,储物柜,品牌02,900,滑动式,米色,8*1*1,3,AN31F,艾米,出库,30035,拣货
TVEs754KGr,灰色 品牌32 75英寸 电视机（超高清）,电视机,品牌32,75英寸,超高清,灰色,8*1*1,8,CX12G,约翰,出库,30063,拣货
TaAE15WoSi,银色 品牌05 1500 桌子（工作站）,桌子,品牌05,1500,工作站,银色,8*1*1,8,CM31E,克里斯,出库,30008,拣货
GaXELAdPi,粉色 品牌06 大号 游戏椅（可调节）,游戏椅,品牌06,大号,可调节,粉色,16*1*1,16,CN55D,劳拉,出库,30087,拣货
PrReA3AlGr,灰色 品牌24 三号纸 打印机（一体式）,打印机,品牌24,三号纸,一体式,灰色,16*1*1,16,BY83G,艾米,出库,30063,拣货
TaAE10AdGr,灰色 品牌05 1000 桌子（可调节）,桌子,品牌05,1000,可调节,灰色,8*1*1,2,AF29F,简,出库,30030,拣货
DrRG90FiBe,米色 品牌03 900 抽屉柜（文件收纳）,抽屉柜,品牌03,900,文件收纳,米色,8*1*1,8,BU42G,迈克,出库,30027,拣货
CuTE18SlGr,灰色 品牌04 1800 储物柜（滑动式）,储物柜,品牌04,1800,滑动式,灰色,8*1*1,1,DN04F,艾米,出库,30048,拣货
OfOGSErGr,灰色 品牌07 小号 办公椅（人体工学）,办公椅,品牌07,小号,人体工学,灰色,16*1*1,16,CR24F,亚历克斯,出库,30024,拣货
AlOv1416Wh,白色 品牌13 14英寸 一体机（16吉字节内存）,一体机,品牌13,14英寸,16吉字节内存,白色,16*1*1,16,BN78D,迈克,出库,30096,拣货
CuRG18SlWh,白色 品牌03 1800 储物柜（滑动式）,储物柜,品牌03,1800,滑动式,白色,8*1*1,8,AI46G,迈克,出库,30018,拣货
LaSu17i5Wh,白色 品牌11 17英寸 笔记本电脑（第5代处理器）,笔记本电脑,品牌11,17英寸,第5代处理器,白色,16*1*1,16,BU25D,克里斯,出库,30067,拣货
GaXELLeGr,灰色 品牌06 大号 游戏椅（皮革）,游戏椅,品牌06,大号,皮革,灰色,16*1*1,14,CQ92A,亚历克斯,出库,30091,拣货
SPGi24WaBl,黑色 品牌21 24 触控笔（水彩）,触控笔,品牌21,24,水彩,黑色,48*10*5,931,BH25D,大卫,出库,30034,拣货
OfAELAdGr,灰色 品牌05 大号 办公椅（可调节）,办公椅,品牌05,大号,可调节,灰色,16*1*1,14,CH33C,艾米丽,出库,30098,拣货
MoPH45MeNa,藏青色 品牌12 450 鼠标（机械式）,鼠标,品牌12,450,机械式,藏青色,16*10*1,96,BG89G,劳拉,出库,30037,拣货
OfSEMAdGr,灰色 品牌08 中号 办公椅（可调节）,办公椅,品牌08,中号,可调节,灰色,16*1*1,14,DO71B,劳拉,出库,30031,拣货
AlYn15i7Si,银色 品牌15 15英寸 一体机（第7代处理器）,一体机,品牌15,15英寸,第7代处理器,银色,16*1*1,16,DY96C,劳拉,出库,30051,拣货
OfOGMErWh,白色 品牌07 中号 办公椅（人体工学）,办公椅,品牌07,中号,人体工学,白色,16*1*1,16,DF67F,亚历克斯,出库,30087,拣货
GaSEMHeBl,黑色 品牌08 中号 游戏椅（头枕）,游戏椅,品牌08,中号,头枕,黑色,16*1*1,16,DZ53A,迈克,出库,30054,拣货
CaWE90SlBl,黑色 品牌02 900 文件柜（滑动式）,文件柜,品牌02,900,滑动式,黑色,8*1*1,8,AH78D,迈克,出库,30063,拣货
CaRG18FiBe,米色 品牌03 1800 文件柜（文件收纳）,文件柜,品牌03,1800,文件收纳,米色,8*1*1,8,CV81D,莎拉,出库,30019,拣货
PeRe24WaPi,粉色 品牌22 24 铅笔（水彩）,铅笔,品牌22,24,水彩,粉色,48*10*5,2400,BI74E,艾米,出库,30087,拣货
TVYn32FHWh,白色 品牌15 32英寸 电视机（全高清）,电视机,品牌15,32英寸,全高清,白色,8*1*1,2,CT90G,艾米丽,出库,30020,拣货
CaWE90LoGr,灰色 品牌02 900 文件柜（储物锁柜）,文件柜,品牌02,900,储物锁柜,灰色,8*1*1,5,DO02G,大卫,出库,30021,拣货
KePH35BlBl,黑色 品牌12 350 键盘（蓝牙）,键盘,品牌12,350,蓝牙,黑色,16*10*1,116,DL32G,莎拉,出库,30066,拣货
SPRe12HeWh,白色 品牌22 12 触控笔（六角形）,触控笔,品牌22,12,六角形,白色,48*10*5,2400,CF54F,莎拉,出库,30097,拣货
PrSoA2LaBl,黑色 品牌25 二号纸 打印机（激光）,打印机,品牌25,二号纸,激光,黑色,16*1*1,1,CH77H,大卫,出库,30085,拣货
CaRG12LoGr,灰色 品牌03 1200 文件柜（储物锁柜）,文件柜,品牌03,1200,储物锁柜,灰色,8*1*1,6,BY91D,劳拉,出库,30054,拣货
GaXEMHeGr,灰色 品牌06 中号 游戏椅（头枕）,游戏椅,品牌06,中号,头枕,灰色,16*1*1,2,AQ41H,克里斯,出库,30078,拣货
GaAEMHeBl,黑色 品牌05 中号 游戏椅（头枕）,游戏椅,品牌05,中号,头枕,黑色,16*1*1,16,DS68D,约翰,出库,30025,拣货
GaSEMHeBl,黑色 品牌08 中号 游戏椅（头枕）,游戏椅,品牌08,中号,头枕,黑色,16*1*1,14,CX27E,约翰,出库,30058,拣货
DrQE90DoGr,灰色 品牌01 900 抽屉柜（带门式）,抽屉柜,品牌01,900,带门式,灰色,8*1*1,4,DZ70D,克里斯,出库,30010,拣货
PrPHA2MoGr,灰色 品牌12 二号纸 打印机（黑白）,打印机,品牌12,二号纸,黑白,灰色,16*1*1,4,CH80F,大卫,出库,30074,拣货
LaSu15i7Si,银色 品牌11 15英寸 笔记本电脑（第7代处理器）,笔记本电脑,品牌11,15英寸,第7代处理器,银色,16*1*1,5,AX19B,约翰,出库,30066,拣货
DrWE18LoWh,白色 品牌02 1800 抽屉柜（储物锁柜）,抽屉柜,品牌02,1800,储物锁柜,白色,8*1*1,5,DP42A,简,出库,30052,拣货
LaPH17i7Gr,灰色 品牌12 17英寸 笔记本电脑（第7代处理器）,笔记本电脑,品牌12,17英寸,第7代处理器,灰色,16*1*1,10,CP25D,简,出库,30022,拣货
TVGn32FHBl,黑色 品牌30 32英寸 电视机（全高清）,电视机,品牌30,32英寸,全高清,黑色,8*1*1,6,AR17F,迈克,出库,30017,拣货
TaTR18WoGr,灰色 品牌29 1800 桌子（工作站）,桌子,品牌29,1800,工作站,灰色,8*1*1,7,DM74A,迈克,出库,30021,拣货
PrNoA4InWh,白色 品牌26 四号纸 打印机（喷墨）,打印机,品牌26,四号纸,喷墨,白色,16*1*1,13,BS06A,约翰,出库,30035,拣货
GaSELAdWh,白色 品牌08 大号 游戏椅（可调节）,游戏椅,品牌08,大号,可调节,白色,16*1*1,10,BX63G,莎拉,出库,30062,拣货
CaRG90LoBl,黑色 品牌03 900 文件柜（储物锁柜）,文件柜,品牌03,900,储物锁柜,黑色,8*1*1,6,BG24C,劳拉,出库,30038,拣货
NoMuA3ruWh,白色 品牌19 三号纸 笔记本（横线）,笔记本,品牌19,三号纸,横线,白色,48*10*5,2400,DM32F,劳拉,出库,30028,拣货
TaTR15AuBl,黑色 品牌29 1500 桌子（自动调节）,桌子,品牌29,1500,自动调节,黑色,8*1*1,8,AR46A,莎拉,出库,30002,拣货
AlOv1516Bl,黑色 品牌13 15英寸 一体机（16吉字节内存）,一体机,品牌13,15英寸,16吉字节内存,黑色,16*1*1,16,BW91H,简,出库,30054,拣货
DrWE90FiBl,黑色 品牌02 900 抽屉柜（文件收纳）,抽屉柜,品牌02,900,文件收纳,黑色,8*1*1,6,AL79G,克里斯,出库,30022,拣货
AlYn15i7Wh,白色 品牌15 15英寸 一体机（第7代处理器）,一体机,品牌15,15英寸,第7代处理器,白色,16*1*1,11,DO18E,艾米丽,出库,30028,拣货
SPRe12SoGr,灰色 品牌22 12 触控笔（可溶性）,触控笔,品牌22,12,可溶性,灰色,48*10*5,2400,DK57F,劳拉,出库,30057,拣货
PeNa12HeWh,白色 品牌23 12 铅笔（六角形）,铅笔,品牌23,12,六角形,白色,48*10*5,276,AG66G,克里斯,出库,30034,拣货
OfSEMLeWh,白色 品牌08 中号 办公椅（皮革）,办公椅,品牌08,中号,皮革,白色,16*1*1,5,AW50B,大卫,出库,30020,拣货
TVEs32S4Bl,黑色 品牌32 32英寸 电视机（超级超高清）,电视机,品牌32,32英寸,超级超高清,黑色,8*1*1,8,DT50E,大卫,出库,30027,拣货
PeRe24SoWh,白色 品牌22 24 铅笔（可溶性）,铅笔,品牌22,24,可溶性,白色,48*10*5,1040,BY23A,艾米丽,出库,30060,拣货
AlRe14i5Wh,白色 品牌14 14英寸 一体机（第5代处理器）,一体机,品牌14,14英寸,第5代处理器,白色,16*1*1,5,BQ19H,大卫,出库,30024,拣货
CuTE12LoGr,灰色 品牌04 1200 储物柜（储物锁柜）,储物柜,品牌04,1200,储物锁柜,灰色,8*1*1,6,AZ49D,大卫,出库,30069,拣货
PeNa12HePi,粉色 品牌23 12 铅笔（六角形）,铅笔,品牌23,12,六角形,粉色,48*10*5,2400,DQ67H,约翰,出库,30000,拣货
TVYn65SFBl,黑色 品牌15 65英寸 电视机（超级全高清）,电视机,品牌15,65英寸,超级全高清,黑色,8*1*1,8,AO78C,亚历克斯,出库,30064,拣货
DrTE90DoBe,米色 品牌04 900 抽屉柜（带门式）,抽屉柜,品牌04,900,带门式,米色,8*1*1,8,DK89G,劳拉,出库,30017,拣货
DrTE18SlGr,灰色 品牌04 1800 抽屉柜（滑动式）,抽屉柜,品牌04,1800,滑动式,灰色,8*1*1,8,DQ64B,简,出库,30065,拣货
PrNoA4InWh,白色 品牌26 四号纸 打印机（喷墨）,打印机,品牌26,四号纸,喷墨,白色,16*1*1,6,BP70G,迈克,出库,30046,拣货
GaSEMLeGr,灰色 品牌08 中号 游戏椅（皮革）,游戏椅,品牌08,中号,皮革,灰色,16*1*1,16,BP13B,克里斯,出库,30073,拣货
MoHc27WiWh,白色 品牌09 270 鼠标（有线）,鼠标,品牌09,270,有线,白色,16*10*1,128,BK22E,克里斯,出库,30072,拣货
CaRG12SlWh,白色 品牌03 1200 文件柜（滑动式）,文件柜,品牌03,1200,滑动式,白色,8*1*1,7,DP46C,劳拉,出库,30019,拣货
TaAE18FrSi,银色 品牌05 1800 桌子（框架式）,桌子,品牌05,1800,框架式,银色,8*1*1,6,CR15G,约翰,出库,30003,拣货
NoGrA5liSi,银色 品牌18 五号纸 笔记本（线条）,笔记本,品牌18,五号纸,线条,银色,48*10*5,2400,BL71F,艾米丽,出库,30042,拣货
KePH27BlWh,白色 品牌12 270 键盘（蓝牙）,键盘,品牌12,270,蓝牙,白色,16*10*1,127,DS48G,艾米,出库,30087,拣货
CaRG90FiWh,白色 品牌03 900 文件柜（文件收纳）,文件柜,品牌03,900,文件收纳,白色,8*1*1,8,CN95F,亚历克斯,出库,30063,拣货
LaYn1732Bl,黑色 品牌15 17英寸 笔记本电脑（32吉字节内存）,笔记本电脑,品牌15,17英寸,32吉字节内存,黑色,16*1*1,16,DN04H,艾米丽,出库,30090,拣货
LaRe1432Gr,灰色 品牌14 14英寸 笔记本电脑（32吉字节内存）,笔记本电脑,品牌14,14英寸,32吉字节内存,灰色,16*1*1,16,AU06A,劳拉,出库,30069,拣货
PrPHA4LaGr,灰色 品牌12 四号纸 打印机（激光）,打印机,品牌12,四号纸,激光,灰色,16*1*1,5,DQ87A,约翰,出库,30039,拣货
TaCI15AdGr,灰色 品牌27 1500 桌子（可调节）,桌子,品牌27,1500,可调节,灰色,8*1*1,8,AL64B,亚历克斯,出库,30015,拣货
PeRe50HePi,粉色 品牌22 50 铅笔（六角形）,铅笔,品牌22,50,六角形,粉色,48*10*5,2400,DT41G,约翰,出库,30020,拣货
LaSu178GSi,银色 品牌11 17英寸 笔记本电脑（8吉字节内存）,笔记本电脑,品牌11,17英寸,8吉字节内存,银色,16*1*1,16,DG65A,克里斯,出库,30042,拣货
GaAELLeWh,白色 品牌05 大号 游戏椅（皮革）,游戏椅,品牌05,大号,皮革,白色,16*1*1,16,DL94E,劳拉,出库,30045,拣货
LaRe158GBl,黑色 品牌14 15英寸 笔记本电脑（8吉字节内存）,笔记本电脑,品牌14,15英寸,8吉字节内存,黑色,16*1*1,16,AV83E,劳拉,出库,30076,拣货
MoRe45WiWh,白色 品牌10 450 鼠标（有线）,鼠标,品牌10,450,有线,白色,16*10*1,160,CP26H,艾米,出库,30062,拣货
LaRe15i7Gr,灰色 品牌14 15英寸 笔记本电脑（第7代处理器）,笔记本电脑,品牌14,15英寸,第7代处理器,灰色,16*1*1,1,BX25G,亚历克斯,出库,30044,拣货
PrSoA2InBl,黑色 品牌25 二号纸 打印机（喷墨）,打印机,品牌25,二号纸,喷墨,黑色,16*1*1,16,AO67F,艾米,出库,30097,拣货
CaWE90SlGr,灰色 品牌02 900 文件柜（滑动式）,文件柜,品牌02,900,滑动式,灰色,8*1*1,8,CO22C,简,出库,30021,拣货
SPNa24WaGr,灰色 品牌23 24 触控笔（水彩）,触控笔,品牌23,24,水彩,灰色,48*10*5,489,DK73G,艾米丽,出库,30002,拣货
NoMuA3ruWh,白色 品牌19 三号纸 笔记本（横线）,笔记本,品牌19,三号纸,横线,白色,48*10*5,2400,CR72E,简,出库,30049,拣货
DrRG12SlGr,灰色 品牌03 1200 抽屉柜（滑动式）,抽屉柜,品牌03,1200,滑动式,灰色,8*1*1,5,BI31A,艾米,出库,30097,拣货
DrWE12DoBl,黑色 品牌02 1200 抽屉柜（带门式）,抽屉柜,品牌02,1200,带门式,黑色,8*1*1,8,AH34B,迈克,出库,30001,拣货
OfSELErWh,白色 品牌08 大号 办公椅（人体工学）,办公椅,品牌08,大号,人体工学,白色,16*1*1,16,AP71E,克里斯,出库,30051,拣货
LaPH148GSi,银色 品牌12 14英寸 笔记本电脑（8吉字节内存）,笔记本电脑,品牌12,14英寸,8吉字节内存,银色,16*1*1,16,AV96F,大卫,出库,30017,拣货
GaAESAdPi,粉色 品牌05 小号 游戏椅（可调节）,游戏椅,品牌05,小号,可调节,粉色,16*1*1,16,BL23H,艾米丽,出库,30028,拣货
TVGL42S4Wh,白色 品牌31 42英寸 电视机（超级超高清）,电视机,品牌31,42英寸,超级超高清,白色,8*1*1,8,BQ56D,简,出库,30079,拣货
KePH35WiNa,藏青色 品牌12 350 键盘（有线）,键盘,品牌12,350,有线,藏青色,16*10*1,160,AS94G,莎拉,出库,30073,拣货
LaPH14i7Bl,黑色 品牌12 14英寸 笔记本电脑（第7代处理器）,笔记本电脑,品牌12,14英寸,第7代处理器,黑色,16*1*1,8,DQ85B,大卫,出库,30091,拣货
TVGL50S4Bl,黑色 品牌31 50英寸 电视机（超级超高清）,电视机,品牌31,50英寸,超级超高清,黑色,8*1*1,8,BI15D,约翰,出库,30094,拣货
LaRe17i7Si,银色 品牌14 17英寸 笔记本电脑（第7代处理器）,笔记本电脑,品牌14,17英寸,第7代处理器,银色,16*1*1,3,CS18C,简,出库,30007,拣货
SPNa12WaGr,灰色 品牌23 12 触控笔（水彩）,触控笔,品牌23,12,水彩,灰色,48*10*5,2400,CK18G,亚历克斯,出库,30057,拣货
CaRG90LoBe,米色 品牌03 900 文件柜（储物锁柜）,文件柜,品牌03,900,储物锁柜,米色,8*1*1,7,BJ26C,约翰,出库,30061,拣货
AlPH1432Gr,灰色 品牌12 14英寸 一体机（32吉字节内存）,一体机,品牌12,14英寸,32吉字节内存,灰色,16*1*1,16,CO64B,亚历克斯,出库,30030,拣货
AlSu14i5Wh,白色 品牌11 14英寸 一体机（第5代处理器）,一体机,品牌11,14英寸,第5代处理器,白色,16*1*1,1,CT43C,大卫,出库,30050,拣货
KePH27BlNa,藏青色 品牌12 270 键盘（蓝牙）,键盘,品牌12,270,蓝牙,藏青色,16*10*1,160,DF15G,艾米丽,出库,30020,拣货
LaYn17i7Bl,黑色 品牌15 17英寸 笔记本电脑（第7代处理器）,笔记本电脑,品牌15,17英寸,第7代处理器,黑色,16*1*1,1,CT33C,劳拉,出库,30018,拣货
TaCI15AdBl,黑色 品牌27 1500 桌子（可调节）,桌子,品牌27,1500,可调节,黑色,8*1*1,8,AF97A,劳拉,出库,30054,拣货
GaSEMLeBl,黑色 品牌08 中号 游戏椅（皮革）,游戏椅,品牌08,中号,皮革,黑色,16*1*1,13,CI77F,约翰,出库,30007,拣货
GaSELHeWh,白色 品牌08 大号 游戏椅（头枕）,游戏椅,品牌08,大号,头枕,白色,16*1*1,6,AN74E,约翰,出库,30029,拣货
SPNa24SoPi,粉色 品牌23 24 触控笔（可溶性）,触控笔,品牌23,24,可溶性,粉色,48*10*5,652,BK98F,艾米,出库,30027,拣货
SPAl12HeWh,白色 品牌20 12 触控笔（六角形）,触控笔,品牌20,12,六角形,白色,48*10*5,1819,BT34G,艾米丽,出库,30039,拣货
AlOv1716Gr,灰色 品牌13 17英寸 一体机（16吉字节内存）,一体机,品牌13,17英寸,16吉字节内存,灰色,16*1*1,12,AF12B,简,出库,30054,拣货
AlRe158GWh,白色 品牌14 15英寸 一体机（8吉字节内存）,一体机,品牌14,15英寸,8吉字节内存,白色,16*1*1,3,CO48E,亚历克斯,出库,30066,拣货
NoMuA4liSi,银色 品牌19 四号纸 笔记本（线条）,笔记本,品牌19,四号纸,线条,银色,48*10*5,2400,CF57G,劳拉,出库,30050,拣货
AlOv1716Bl,黑色 品牌13 17英寸 一体机（16吉字节内存）,一体机,品牌13,17英寸,16吉字节内存,黑色,16*1*1,12,BT82F,克里斯,出库,30011,拣货
SPGi24HeWh,白色 品牌21 24 触控笔（六角形）,触控笔,品牌21,24,六角形,白色,48*10*5,1159,AM08D,大卫,出库,30096,拣货
TVYn50S4Gr,灰色 品牌15 50英寸 电视机（超级超高清）,电视机,品牌15,50英寸,超级超高清,灰色,8*1*1,8,DX28E,约翰,出库,30045,拣货
AlYn1732Wh,白色 品牌15 17英寸 一体机（32吉字节内存）,一体机,品牌15,17英寸,32吉字节内存,白色,16*1*1,13,AH16A,大卫,出库,30086,拣货
TaTR18FrGr,灰色 品牌29 1800 桌子（框架式）,桌子,品牌29,1800,框架式,灰色,8*1*1,8,AI41E,莎拉,出库,30092,拣货
MoHc27BlBl,黑色 品牌09 270 鼠标（蓝牙）,鼠标,品牌09,270,蓝牙,黑色,16*10*1,160,AL30B,艾米丽,出库,30029,拣货
KeHc27WiWh,白色 品牌09 270 键盘（有线）,键盘,品牌09,270,有线,白色,16*10*1,41,AR71B,亚历克斯,出库,30079,拣货
PrReA2WiMi,混合色 品牌24 二号纸 打印机（无线网络）,打印机,品牌24,二号纸,无线网络,混合色,16*1*1,8,CN62G,艾米丽,出库,30011,拣货
CaWE18LoWh,白色 品牌02 1800 文件柜（储物锁柜）,文件柜,品牌02,1800,储物锁柜,白色,8*1*1,8,BZ10F,约翰,出库,30047,拣货
CuQE18LoBe,米色 品牌01 1800 储物柜（储物锁柜）,储物柜,品牌01,1800,储物锁柜,米色,8*1*1,8,CG04G,莎拉,出库,30087,拣货
SPGi24WaBl,黑色 品牌21 24 触控笔（水彩）,触控笔,品牌21,24,水彩,黑色,48*10*5,2400,BG59B,迈克,出库,30080,拣货
OfAEMLeBl,黑色 品牌05 中号 办公椅（皮革）,办公椅,品牌05,中号,皮革,黑色,16*1*1,7,BN80E,约翰,出库,30089,拣货
KeSu35BlWh,白色 品牌11 350 键盘（蓝牙）,键盘,品牌11,350,蓝牙,白色,16*10*1,79,CL49H,大卫,出库,30010,拣货
CuTE18FiBe,米色 品牌04 1800 储物柜（文件收纳）,储物柜,品牌04,1800,文件收纳,米色,8*1*1,2,AZ52E,大卫,出库,30037,拣货
OfAELErGr,灰色 品牌05 大号 办公椅（人体工学）,办公椅,品牌05,大号,人体工学,灰色,16*1*1,16,AH02G,克里斯,出库,30036,拣货
TaTR18AuSi,银色 品牌29 1800 桌子（自动调节）,桌子,品牌29,1800,自动调节,银色,8*1*1,8,AM23C,大卫,出库,30075,拣货
TaAE15AuBl,黑色 品牌05 1500 桌子（自动调节）,桌子,品牌05,1500,自动调节,黑色,8*1*1,1,BP89D,约翰,出库,30066,拣货
LaRe158GBl,黑色 品牌14 15英寸 笔记本电脑（8吉字节内存）,笔记本电脑,品牌14,15英寸,8吉字节内存,黑色,16*1*1,1,BI46H,艾米,出库,30007,拣货
PrReA3LaWh,白色 品牌24 三号纸 打印机（激光）,打印机,品牌24,三号纸,激光,白色,16*1*1,8,AW95H,简,出库,30042,拣货
KeSu35WiWh,白色 品牌11 350 键盘（有线）,键盘,品牌11,350,有线,白色,16*10*1,160,DX25D,大卫,出库,30070,拣货
PrReA2AlGr,灰色 品牌24 二号纸 打印机（一体式）,打印机,品牌24,二号纸,一体式,灰色,16*1*1,16,DZ93A,克里斯,出库,30025,拣货
OfAELHePi,粉色 品牌05 大号 办公椅（头枕）,办公椅,品牌05,大号,头枕,粉色,16*1*1,1,AM89A,亚历克斯,出库,30007,拣货
LaYn158GGr,灰色 品牌15 15英寸 笔记本电脑（8吉字节内存）,笔记本电脑,品牌15,15英寸,8吉字节内存,灰色,16*1*1,13,AY91F,亚历克斯,出库,30066,拣货
CaRG18DoBe,米色 品牌03 1800 文件柜（带门式）,文件柜,品牌03,1800,带门式,米色,8*1*1,2,BW03B,克里斯,出库,30029,拣货
TaTR10AuWh,白色 品牌29 1000 桌子（自动调节）,桌子,品牌29,1000,自动调节,白色,8*1*1,1,AU11G,大卫,出库,30002,拣货
OfOGSErGr,灰色 品牌07 小号 办公椅（人体工学）,办公椅,品牌07,小号,人体工学,灰色,16*1*1,14,BP85A,克里斯,出库,30005,拣货
TVYn65SFWh,白色 品牌15 65英寸 电视机（超级全高清）,电视机,品牌15,65英寸,超级全高清,白色,8*1*1,8,CR14D,约翰,出库,30078,拣货
PeRe50SoGr,灰色 品牌22 50 铅笔（可溶性）,铅笔,品牌22,50,可溶性,灰色,48*10*5,2173,BU10B,约翰,出库,30053,拣货
GaXELLeGr,灰色 品牌06 大号 游戏椅（皮革）,游戏椅,品牌06,大号,皮革,灰色,16*1*1,11,AZ82E,约翰,出库,30037,拣货
GaXESAdBl,黑色 品牌06 小号 游戏椅（可调节）,游戏椅,品牌06,小号,可调节,黑色,16*1*1,16,CZ11D,艾米丽,出库,30028,拣货
AlOv17i7Gr,灰色 品牌13 17英寸 一体机（第7代处理器）,一体机,品牌13,17英寸,第7代处理器,灰色,16*1*1,9,DI88E,约翰,出库,30002,拣货
CaTE90FiGr,灰色 品牌04 900 文件柜（文件收纳）,文件柜,品牌04,900,文件收纳,灰色,8*1*1,8,DF24A,约翰,出库,30077,拣货
MoSu45BlNa,藏青色 品牌11 450 鼠标（蓝牙）,鼠标,品牌11,450,蓝牙,藏青色,16*10*1,160,AM19D,约翰,出库,30046,拣货
PrSoA3AlGr,灰色 品牌25 三号纸 打印机（一体式）,打印机,品牌25,三号纸,一体式,灰色,16*1*1,14,BR81D,亚历克斯,出库,30088,拣货
CuRG12FiWh,白色 品牌03 1200 储物柜（文件收纳）,储物柜,品牌03,1200,文件收纳,白色,8*1*1,8,BI16D,克里斯,出库,30013,拣货
GaOGLAdGr,灰色 品牌07 大号 游戏椅（可调节）,游戏椅,品牌07,大号,可调节,灰色,16*1*1,16,AI96E,简,出库,30086,拣货
KePH35BlBl,黑色 品牌12 350 键盘（蓝牙）,键盘,品牌12,350,蓝牙,黑色,16*10*1,160,DT11E,大卫,出库,30072,拣货
TVEs654KWh,白色 品牌32 65英寸 电视机（超高清）,电视机,品牌32,65英寸,超高清,白色,8*1*1,8,AR76H,迈克,出库,30085,拣货
PrReA4InWh,白色 品牌24 四号纸 打印机（喷墨）,打印机,品牌24,四号纸,喷墨,白色,16*1*1,12,BN37D,莎拉,出库,30022,拣货
SPGi24WaPi,粉色 品牌21 24 触控笔（水彩）,触控笔,品牌21,24,水彩,粉色,48*10*5,2400,DU85G,约翰,出库,30070,拣货
CuRG18DoBl,黑色 品牌03 1800 储物柜（带门式）,储物柜,品牌03,1800,带门式,黑色,8*1*1,2,DF72G,迈克,出库,30074,拣货
PrSoA2InWh,白色 品牌25 二号纸 打印机（喷墨）,打印机,品牌25,二号纸,喷墨,白色,16*1*1,16,DI58A,莎拉,出库,30023,拣货
NoScA3doSi,银色 品牌17 三号纸 笔记本（点阵）,笔记本,品牌17,三号纸,点阵,银色,48*10*5,380,AQ25B,大卫,出库,30006,拣货
TVYn32SFWh,白色 品牌15 32英寸 电视机（超级全高清）,电视机,品牌15,32英寸,超级全高清,白色,8*1*1,6,BT04F,莎拉,出库,30067,拣货
NoExA5liBl,黑色 品牌16 五号纸 笔记本（线条）,笔记本,品牌16,五号纸,线条,黑色,48*10*5,2400,AS30G,约翰,出库,30084,拣货
TaTR10AdSi,银色 品牌29 1000 桌子（可调节）,桌子,品牌29,1000,可调节,银色,8*1*1,8,BQ74H,劳拉,出库,30045,拣货
AlOv1532Wh,白色 品牌13 15英寸 一体机（32吉字节内存）,一体机,品牌13,15英寸,32吉字节内存,白色,16*1*1,16,CY93A,艾米,出库,30001,拣货
PrPHA2WiGr,灰色 品牌12 二号纸 打印机（无线网络）,打印机,品牌12,二号纸,无线网络,灰色,16*1*1,16,CF28E,亚历克斯,出库,30077,拣货
TaTR10WoSi,银色 品牌28 1000 桌子（工作站）,桌子,品牌28,1000,工作站,银色,8*1*1,8,AV66F,简,出库,30098,拣货
LaRe178GBl,黑色 品牌14 17英寸 笔记本电脑（8吉字节内存）,笔记本电脑,品牌14,17英寸,8吉字节内存,黑色,16*1*1,9,AW65A,大卫,出库,30021,拣货
GaOGMLeGr,灰色 品牌07 中号 游戏椅（皮革）,游戏椅,品牌07,中号,皮革,灰色,16*1*1,16,DP31H,劳拉,出库,30005,拣货
TaTR18AdBl,黑色 品牌29 1800 桌子（可调节）,桌子,品牌29,1800,可调节,黑色,8*1*1,4,BZ83C,莎拉,出库,30096,拣货
PrPHA2MoBl,黑色 品牌12 二号纸 打印机（黑白）,打印机,品牌12,二号纸,黑白,黑色,16*1*1,16,AM48C,劳拉,出库,30054,拣货
CaQE18SlGr,灰色 品牌01 1800 文件柜（滑动式）,文件柜,品牌01,1800,滑动式,灰色,8*1*1,4,DZ37C,莎拉,出库,30001,拣货
KeHc27ErBl,黑色 品牌09 270 键盘（人体工学）,键盘,品牌09,270,人体工学,黑色,16*10*1,160,DT80H,约翰,出库,30038,拣货
PeGi12WaGr,灰色 品牌21 12 铅笔（水彩）,铅笔,品牌21,12,水彩,灰色,48*10*5,2400,AI63E,迈克,出库,30090,拣货
CuRG18LoBl,黑色 品牌03 1800 储物柜（储物锁柜）,储物柜,品牌03,1800,储物锁柜,黑色,8*1*1,4,BI49C,迈克,出库,30054,拣货
KeRe45ErPi,粉色 品牌10 450 键盘（人体工学）,键盘,品牌10,450,人体工学,粉色,16*10*1,160,DM80D,大卫,出库,30003,拣货
PrReA4WiMi,混合色 品牌24 四号纸 打印机（无线网络）,打印机,品牌24,四号纸,无线网络,混合色,16*1*1,16,CU06D,简,出库,30047,拣货
CaQE18DoBl,黑色 品牌01 1800 文件柜（带门式）,文件柜,品牌01,1800,带门式,黑色,8*1*1,8,AF75D,约翰,出库,30048,拣货
PrPHA2LaBl,黑色 品牌12 二号纸 打印机（激光）,打印机,品牌12,二号纸,激光,黑色,16*1*1,16,DX12B,简,出库,30062,拣货
TVYn75S4Si,银色 品牌15 75英寸 电视机（超级超高清）,电视机,品牌15,75英寸,超级超高清,银色,8*1*1,8,BP03G,简,出库,30047,拣货
TVGL50S4Wh,白色 品牌31 50英寸 电视机（超级超高清）,电视机,品牌31,50英寸,超级超高清,白色,8*1*1,8,BO71D,大卫,出库,30097,拣货
TaTR15AuBl,黑色 品牌28 1500 桌子（自动调节）,桌子,品牌28,1500,自动调节,黑色,8*1*1,1,BK02D,约翰,出库,30050,拣货
AlSu158GSi,银色 品牌11 15英寸 一体机（8吉字节内存）,一体机,品牌11,15英寸,8吉字节内存,银色,16*1*1,16,AF89B,艾米,出库,30069,拣货
PeRe24SoWh,白色 品牌22 24 铅笔（可溶性）,铅笔,品牌22,24,可溶性,白色,48*10*5,2092,DI80G,克里斯,出库,30099,拣货
LaPH17i7Si,银色 品牌12 17英寸 笔记本电脑（第7代处理器）,笔记本电脑,品牌12,17英寸,第7代处理器,银色,16*1*1,16,BQ89H,莎拉,出库,30010,拣货
PeNa24WaWh,白色 品牌23 24 铅笔（水彩）,铅笔,品牌23,24,水彩,白色,48*10*5,2400,BH36H,艾米,出库,30004,拣货
PeRe50HePi,粉色 品牌22 50 铅笔（六角形）,铅笔,品牌22,50,六角形,粉色,48*10*5,2400,CI78F,劳拉,出库,30063,拣货
OfAEMErBl,黑色 品牌05 中号 办公椅（人体工学）,办公椅,品牌05,中号,人体工学,黑色,16*1*1,16,CQ75H,大卫,出库,30040,拣货
