商品编码,商品描述,商品类别,品牌,规格,功能特征,颜色,托盘规格,数量,库位编码,操作员工,来源动作,作业任务
NoGrA3ruGr,灰色 品牌18 三号纸 笔记本（横线）,笔记本,品牌18,三号纸,横线,灰色,48*10*5,2400,AZ18D,大卫,收货,上架
LaYn1516Gr,灰色 品牌15 15英寸 笔记本电脑（16吉字节内存）,笔记本电脑,品牌15,15英寸,16吉字节内存,灰色,16*1*1,16,AK74D,艾米,收货,上架
PeRe12SoWh,白色 品牌22 12 铅笔（可溶性）,铅笔,品牌22,12,可溶性,白色,48*10*5,2400,CZ78G,艾米丽,收货,上架
TaTR15AuWh,白色 品牌28 1500 桌子（自动调节）,桌子,品牌28,1500,自动调节,白色,8*1*1,8,AY91D,大卫,收货,上架
AlOv178GGr,灰色 品牌13 17英寸 一体机（8吉字节内存）,一体机,品牌13,17英寸,8吉字节内存,灰色,16*1*1,16,DK07B,艾米,收货,上架
CaWE90LoWh,白色 品牌02 900 文件柜（储物锁柜）,文件柜,品牌02,900,储物锁柜,白色,8*1*1,8,DL18E,劳拉,收货,上架
PeRe12SoBl,黑色 品牌22 12 铅笔（可溶性）,铅笔,品牌22,12,可溶性,黑色,48*10*5,2400,BT55H,劳拉,收货,上架
PeAl24HeWh,白色 品牌20 24 铅笔（六角形）,铅笔,品牌20,24,六角形,白色,48*10*5,2400,CZ42A,迈克,收货,上架
GaXEMHePi,粉色 品牌06 中号 游戏椅（头枕）,游戏椅,品牌06,中号,头枕,粉色,16*1*1,16,CZ43C,艾米,收货,上架
CaRG18LoBl,黑色 品牌03 1800 文件柜（储物锁柜）,文件柜,品牌03,1800,储物锁柜,黑色,8*1*1,8,BL45F,艾米丽,收货,上架
TVEs42SFGr,灰色 品牌32 42英寸 电视机（超级全高清）,电视机,品牌32,42英寸,超级全高清,灰色,8*1*1,8,AT98G,艾米丽,收货,上架
DrTE18DoGr,灰色 品牌04 1800 抽屉柜（带门式）,抽屉柜,品牌04,1800,带门式,灰色,8*1*1,8,CP24H,艾米丽,收货,上架
SPRe12WaBl,黑色 品牌22 12 触控笔（水彩）,触控笔,品牌22,12,水彩,黑色,48*10*5,2400,AU38D,克里斯,收货,上架
DrQE18FiBe,米色 品牌01 1800 抽屉柜（文件收纳）,抽屉柜,品牌01,1800,文件收纳,米色,8*1*1,8,DL96G,克里斯,收货,上架
MoHc45ErPi,粉色 品牌09 450 鼠标（人体工学）,鼠标,品牌09,450,人体工学,粉色,16*10*1,160,AP19C,大卫,收货,上架
AlSu1732Bl,黑色 品牌11 17英寸 一体机（32吉字节内存）,一体机,品牌11,17英寸,32吉字节内存,黑色,16*1*1,16,DF23D,莎拉,收货,上架
CuWE90LoGr,灰色 品牌02 900 储物柜（储物锁柜）,储物柜,品牌02,900,储物锁柜,灰色,8*1*1,8,AF57A,艾米,收货,上架
GaSESLePi,粉色 品牌08 小号 游戏椅（皮革）,游戏椅,品牌08,小号,皮革,粉色,16*1*1,16,AT76F,约翰,收货,上架
TVGL75S4Wh,白色 品牌31 75英寸 电视机（超级超高清）,电视机,品牌31,75英寸,超级超高清,白色,8*1*1,8,AH16A,亚历克斯,收货,上架
AlPH1516Bl,黑色 品牌12 15英寸 一体机（16吉字节内存）,一体机,品牌12,15英寸,16吉字节内存,黑色,16*1*1,16,DM09H,大卫,收货,上架
KeRe35BlBl,黑色 品牌10 350 键盘（蓝牙）,键盘,品牌10,350,蓝牙,黑色,16*10*1,160,AH14E,迈克,收货,上架
OfXEMErPi,粉色 品牌06 中号 办公椅（人体工学）,办公椅,品牌06,中号,人体工学,粉色,16*1*1,16,BK34A,亚历克斯,收货,上架
CaWE90SlBe,米色 品牌02 900 文件柜（滑动式）,文件柜,品牌02,900,滑动式,米色,8*1*1,8,AG98E,莎拉,收货,上架
SPGi50SoWh,白色 品牌21 50 触控笔（可溶性）,触控笔,品牌21,50,可溶性,白色,48*10*5,2400,CJ83E,莎拉,收货,上架
KeSu27MePi,粉色 品牌11 270 键盘（机械式）,键盘,品牌11,270,机械式,粉色,16*10*1,160,BP83B,大卫,收货,上架
PeRe50SoWh,白色 品牌22 50 铅笔（可溶性）,铅笔,品牌22,50,可溶性,白色,48*10*5,2400,AS25B,迈克,收货,上架
PrNoA3AlWh,白色 品牌26 三号纸 打印机（一体式）,打印机,品牌26,三号纸,一体式,白色,16*1*1,16,BZ03A,亚历克斯,收货,上架
TVYn32SFSi,银色 品牌15 32英寸 电视机（超级全高清）,电视机,品牌15,32英寸,超级全高清,银色,8*1*1,8,CM51H,迈克,收货,上架
LaSu15i5Si,银色 品牌11 15英寸 笔记本电脑（第5代处理器）,笔记本电脑,品牌11,15英寸,第5代处理器,银色,16*1*1,16,BL12G,迈克,收货,上架
LaSu14i5Si,银色 品牌11 14英寸 笔记本电脑（第5代处理器）,笔记本电脑,品牌11,14英寸,第5代处理器,银色,16*1*1,16,DU10B,大卫,收货,上架
MoPH45WiNa,藏青色 品牌12 450 鼠标（有线）,鼠标,品牌12,450,有线,藏青色,16*10*1,160,AQ53G,克里斯,收货,上架
GaSELHeWh,白色 品牌08 大号 游戏椅（头枕）,游戏椅,品牌08,大号,头枕,白色,16*1*1,16,BP28C,约翰,收货,上架
NoScA3doSi,银色 品牌17 三号纸 笔记本（点阵）,笔记本,品牌17,三号纸,点阵,银色,48*10*5,2400,CQ98H,简,收货,上架
CuRG12LoBl,黑色 品牌03 1200 储物柜（储物锁柜）,储物柜,品牌03,1200,储物锁柜,黑色,8*1*1,8,BG81C,亚历克斯,收货,上架
CuTE18FiBe,米色 品牌04 1800 储物柜（文件收纳）,储物柜,品牌04,1800,文件收纳,米色,8*1*1,8,DL06B,简,收货,上架
TVEs50S4Wh,白色 品牌32 50英寸 电视机（超级超高清）,电视机,品牌32,50英寸,超级超高清,白色,8*1*1,8,AJ45G,莎拉,收货,上架
DrWE90FiBl,黑色 品牌02 900 抽屉柜（文件收纳）,抽屉柜,品牌02,900,文件收纳,黑色,8*1*1,8,AK24F,艾米,收货,上架
TVYn32SFWh,白色 品牌15 32英寸 电视机（超级全高清）,电视机,品牌15,32英寸,超级全高清,白色,8*1*1,8,AZ09D,大卫,收货,上架
KePH45ErPi,粉色 品牌12 450 键盘（人体工学）,键盘,品牌12,450,人体工学,粉色,16*10*1,160,AK75F,约翰,收货,上架
TVYn32SFWh,白色 品牌15 32英寸 电视机（超级全高清）,电视机,品牌15,32英寸,超级全高清,白色,8*1*1,8,AI69C,迈克,收货,上架
CaRG90LoBe,米色 品牌03 900 文件柜（储物锁柜）,文件柜,品牌03,900,储物锁柜,米色,8*1*1,8,BW45C,劳拉,收货,上架
PrReA3InWh,白色 品牌24 三号纸 打印机（喷墨）,打印机,品牌24,三号纸,喷墨,白色,16*1*1,16,DL32G,迈克,收货,上架
SPNa12SoGr,灰色 品牌23 12 触控笔（可溶性）,触控笔,品牌23,12,可溶性,灰色,48*10*5,2400,AM05H,简,收货,上架
CaTE90FiGr,灰色 品牌04 900 文件柜（文件收纳）,文件柜,品牌04,900,文件收纳,灰色,8*1*1,8,CI14E,亚历克斯,收货,上架
TVEs42FHBl,黑色 品牌32 42英寸 电视机（全高清）,电视机,品牌32,42英寸,全高清,黑色,8*1*1,8,CI59D,克里斯,收货,上架
TaCI10WoWh,白色 品牌27 1000 桌子（工作站）,桌子,品牌27,1000,工作站,白色,8*1*1,8,AU79D,克里斯,收货,上架
TaTR15WoWh,白色 品牌29 1500 桌子（工作站）,桌子,品牌29,1500,工作站,白色,8*1*1,8,BF14A,艾米,收货,上架
PrSoA4MoMi,混合色 品牌25 四号纸 打印机（黑白）,打印机,品牌25,四号纸,黑白,混合色,16*1*1,16,AO62C,艾米丽,收货,上架
TaAE18AdBl,黑色 品牌05 1800 桌子（可调节）,桌子,品牌05,1800,可调节,黑色,8*1*1,8,AG23D,约翰,收货,上架
LaOv14i5Bl,黑色 品牌13 14英寸 笔记本电脑（第5代处理器）,笔记本电脑,品牌13,14英寸,第5代处理器,黑色,16*1*1,16,CH37F,莎拉,收货,上架
CuWE12DoBe,米色 品牌02 1200 储物柜（带门式）,储物柜,品牌02,1200,带门式,米色,8*1*1,8,BF10E,莎拉,收货,上架
DrWE12DoGr,灰色 品牌02 1200 抽屉柜（带门式）,抽屉柜,品牌02,1200,带门式,灰色,8*1*1,8,DM82A,简,收货,上架
GaOGLLePi,粉色 品牌07 大号 游戏椅（皮革）,游戏椅,品牌07,大号,皮革,粉色,16*1*1,16,BP79E,迈克,收货,上架
TVEs32S4Bl,黑色 品牌32 32英寸 电视机（超级超高清）,电视机,品牌32,32英寸,超级超高清,黑色,8*1*1,8,DG47A,劳拉,收货,上架
AlYn15i5Gr,灰色 品牌15 15英寸 一体机（第5代处理器）,一体机,品牌15,15英寸,第5代处理器,灰色,16*1*1,16,AN71G,劳拉,收货,上架
PeNa50WaPi,粉色 品牌23 50 铅笔（水彩）,铅笔,品牌23,50,水彩,粉色,48*10*5,2400,AG48C,劳拉,收货,上架
MoPH45WiBl,黑色 品牌12 450 鼠标（有线）,鼠标,品牌12,450,有线,黑色,16*10*1,160,DX22F,艾米,收货,上架
LaOv17i5Bl,黑色 品牌13 17英寸 笔记本电脑（第5代处理器）,笔记本电脑,品牌13,17英寸,第5代处理器,黑色,16*1*1,16,AZ49C,简,收货,上架
LaPH17i7Bl,黑色 品牌12 17英寸 笔记本电脑（第7代处理器）,笔记本电脑,品牌12,17英寸,第7代处理器,黑色,16*1*1,16,BZ86D,艾米丽,收货,上架
MoPH27BlBl,黑色 品牌12 270 鼠标（蓝牙）,鼠标,品牌12,270,蓝牙,黑色,16*10*1,160,CI60H,简,收货,上架
OfOGLAdPi,粉色 品牌07 大号 办公椅（可调节）,办公椅,品牌07,大号,可调节,粉色,16*1*1,16,BH29A,简,收货,上架
GaOGMHeBl,黑色 品牌07 中号 游戏椅（头枕）,游戏椅,品牌07,中号,头枕,黑色,16*1*1,16,BS34E,艾米丽,收货,上架
PrReA4AlGr,灰色 品牌24 四号纸 打印机（一体式）,打印机,品牌24,四号纸,一体式,灰色,16*1*1,16,BX48H,艾米丽,收货,上架
LaYn15i5Gr,灰色 品牌15 15英寸 笔记本电脑（第5代处理器）,笔记本电脑,品牌15,15英寸,第5代处理器,灰色,16*1*1,16,CV55B,亚历克斯,收货,上架
LaRe14i7Gr,灰色 品牌14 14英寸 笔记本电脑（第7代处理器）,笔记本电脑,品牌14,14英寸,第7代处理器,灰色,16*1*1,16,BO15G,亚历克斯,收货,上架
GaOGMLeWh,白色 品牌07 中号 游戏椅（皮革）,游戏椅,品牌07,中号,皮革,白色,16*1*1,16,DI71G,艾米丽,收货,上架
OfSEMLeBl,黑色 品牌08 中号 办公椅（皮革）,办公椅,品牌08,中号,皮革,黑色,16*1*1,16,AR06F,艾米丽,收货,上架
GaSELLeGr,灰色 品牌08 大号 游戏椅（皮革）,游戏椅,品牌08,大号,皮革,灰色,16*1*1,16,AJ77G,简,收货,上架
CuTE18SlBe,米色 品牌04 1800 储物柜（滑动式）,储物柜,品牌04,1800,滑动式,米色,8*1*1,8,CG06B,劳拉,收货,上架
OfOGMHeWh,白色 品牌07 中号 办公椅（头枕）,办公椅,品牌07,中号,头枕,白色,16*1*1,16,AT74B,大卫,收货,上架
DrWE90FiWh,白色 品牌02 900 抽屉柜（文件收纳）,抽屉柜,品牌02,900,文件收纳,白色,8*1*1,8,BO52H,艾米,收货,上架
PrSoA3MoBl,黑色 品牌25 三号纸 打印机（黑白）,打印机,品牌25,三号纸,黑白,黑色,16*1*1,16,AT12B,大卫,收货,上架
AlPH1416Wh,白色 品牌12 14英寸 一体机（16吉字节内存）,一体机,品牌12,14英寸,16吉字节内存,白色,16*1*1,16,AR97F,莎拉,收货,上架
CaWE12SlBl,黑色 品牌02 1200 文件柜（滑动式）,文件柜,品牌02,1200,滑动式,黑色,8*1*1,8,CN49E,约翰,收货,上架
DrQE18FiWh,白色 品牌01 1800 抽屉柜（文件收纳）,抽屉柜,品牌01,1800,文件收纳,白色,8*1*1,8,CI19G,简,收货,上架
AlRe1416Gr,灰色 品牌14 14英寸 一体机（16吉字节内存）,一体机,品牌14,14英寸,16吉字节内存,灰色,16*1*1,16,BJ97F,艾米丽,收货,上架
MoSu45MeNa,藏青色 品牌11 450 鼠标（机械式）,鼠标,品牌11,450,机械式,藏青色,16*10*1,160,AY24H,劳拉,收货,上架
KeHc27BlBl,黑色 品牌09 270 键盘（蓝牙）,键盘,品牌09,270,蓝牙,黑色,16*10*1,160,AV60F,大卫,收货,上架
AlRe148GWh,白色 品牌14 14英寸 一体机（8吉字节内存）,一体机,品牌14,14英寸,8吉字节内存,白色,16*1*1,16,BL51C,克里斯,收货,上架
PrReA4WiBl,黑色 品牌24 四号纸 打印机（无线网络）,打印机,品牌24,四号纸,无线网络,黑色,16*1*1,16,DQ55F,艾米丽,收货,上架
TaAE18AuBl,黑色 品牌05 1800 桌子（自动调节）,桌子,品牌05,1800,自动调节,黑色,8*1*1,8,BX38B,莎拉,收货,上架
MoSu35MePi,粉色 品牌11 350 鼠标（机械式）,鼠标,品牌11,350,机械式,粉色,16*10*1,160,AZ38C,亚历克斯,收货,上架
LaSu14i7Wh,白色 品牌11 14英寸 笔记本电脑（第7代处理器）,笔记本电脑,品牌11,14英寸,第7代处理器,白色,16*1*1,16,DK70C,约翰,收货,上架
PeRe24HeGr,灰色 品牌22 24 铅笔（六角形）,铅笔,品牌22,24,六角形,灰色,48*10*5,2400,BT57A,迈克,收货,上架
LaRe14i7Si,银色 品牌14 14英寸 笔记本电脑（第7代处理器）,笔记本电脑,品牌14,14英寸,第7代处理器,银色,16*1*1,16,AN67B,克里斯,收货,上架
MoPH45MeWh,白色 品牌12 450 鼠标（机械式）,鼠标,品牌12,450,机械式,白色,16*10*1,160,AV95H,劳拉,收货,上架
GaOGLErGr,灰色 品牌07 大号 游戏椅（人体工学）,游戏椅,品牌07,大号,人体工学,灰色,16*1*1,16,BP43G,大卫,收货,上架
NoGrA5ruWh,白色 品牌18 五号纸 笔记本（横线）,笔记本,品牌18,五号纸,横线,白色,48*10*5,2400,AF53E,劳拉,收货,上架
AlRe14i5Bl,黑色 品牌14 14英寸 一体机（第5代处理器）,一体机,品牌14,14英寸,第5代处理器,黑色,16*1*1,16,CI36A,亚历克斯,收货,上架
AlSu17i5Gr,灰色 品牌11 17英寸 一体机（第5代处理器）,一体机,品牌11,17英寸,第5代处理器,灰色,16*1*1,16,DN33G,简,收货,上架
LaPH1416Si,银色 品牌12 14英寸 笔记本电脑（16吉字节内存）,笔记本电脑,品牌12,14英寸,16吉字节内存,银色,16*1*1,16,BN20H,亚历克斯,收货,上架
PrReA4WiWh,白色 品牌24 四号纸 打印机（无线网络）,打印机,品牌24,四号纸,无线网络,白色,16*1*1,16,DF19H,艾米,收货,上架
TaTR10AdWh,白色 品牌28 1000 桌子（可调节）,桌子,品牌28,1000,可调节,白色,8*1*1,8,BT76C,艾米丽,收货,上架
DrQE18LoBl,黑色 品牌01 1800 抽屉柜（储物锁柜）,抽屉柜,品牌01,1800,储物锁柜,黑色,8*1*1,8,AL65B,艾米丽,收货,上架
MoRe27MeNa,藏青色 品牌10 270 鼠标（机械式）,鼠标,品牌10,270,机械式,藏青色,16*10*1,160,DJ61F,克里斯,收货,上架
OfSEMAdWh,白色 品牌08 中号 办公椅（可调节）,办公椅,品牌08,中号,可调节,白色,16*1*1,16,DT79C,艾米,收货,上架
SPGi24WaWh,白色 品牌21 24 触控笔（水彩）,触控笔,品牌21,24,水彩,白色,48*10*5,2400,AY04B,大卫,收货,上架
GaSEMErGr,灰色 品牌08 中号 游戏椅（人体工学）,游戏椅,品牌08,中号,人体工学,灰色,16*1*1,16,DM09G,艾米丽,收货,上架
AlOv17i5Gr,灰色 品牌13 17英寸 一体机（第5代处理器）,一体机,品牌13,17英寸,第5代处理器,灰色,16*1*1,16,DX40H,约翰,收货,上架
GaAESLeWh,白色 品牌05 小号 游戏椅（皮革）,游戏椅,品牌05,小号,皮革,白色,16*1*1,16,DP68D,约翰,收货,上架
MoHc27MeBl,黑色 品牌09 270 鼠标（机械式）,鼠标,品牌09,270,机械式,黑色,16*10*1,160,DP46F,亚历克斯,收货,上架
AlPH17i7Wh,白色 品牌12 17英寸 一体机（第7代处理器）,一体机,品牌12,17英寸,第7代处理器,白色,16*1*1,16,CI71G,迈克,收货,上架
KeSu45MePi,粉色 品牌11 450 键盘（机械式）,键盘,品牌11,450,机械式,粉色,16*10*1,160,BW29H,简,收货,上架
SPGi50SoBl,黑色 品牌21 50 触控笔（可溶性）,触控笔,品牌21,50,可溶性,黑色,48*10*5,2400,AZ20D,约翰,收货,上架
AlRe1516Gr,灰色 品牌14 15英寸 一体机（16吉字节内存）,一体机,品牌14,15英寸,16吉字节内存,灰色,16*1*1,16,AK47A,莎拉,收货,上架
KeHc27ErBl,黑色 品牌09 270 键盘（人体工学）,键盘,品牌09,270,人体工学,黑色,16*10*1,160,DV02E,劳拉,收货,上架
MoPH45MePi,粉色 品牌12 450 鼠标（机械式）,鼠标,品牌12,450,机械式,粉色,16*10*1,160,CX79C,艾米丽,收货,上架
NoExA3liGr,灰色 品牌16 三号纸 笔记本（线条）,笔记本,品牌16,三号纸,线条,灰色,48*10*5,2400,DJ36H,大卫,收货,上架
SPAl12WaPi,粉色 品牌20 12 触控笔（水彩）,触控笔,品牌20,12,水彩,粉色,48*10*5,2400,BG25B,约翰,收货,上架
AlOv14i7Bl,黑色 品牌13 14英寸 一体机（第7代处理器）,一体机,品牌13,14英寸,第7代处理器,黑色,16*1*1,16,BH75B,迈克,收货,上架
CuTE12DoBe,米色 品牌04 1200 储物柜（带门式）,储物柜,品牌04,1200,带门式,米色,8*1*1,8,AJ88B,亚历克斯,收货,上架
GaOGMErPi,粉色 品牌07 中号 游戏椅（人体工学）,游戏椅,品牌07,中号,人体工学,粉色,16*1*1,16,BQ96H,迈克,收货,上架
KeSu27WiWh,白色 品牌11 270 键盘（有线）,键盘,品牌11,270,有线,白色,16*10*1,160,BO79H,艾米,收货,上架
TaCI10AuGr,灰色 品牌27 1000 桌子（自动调节）,桌子,品牌27,1000,自动调节,灰色,8*1*1,8,DX25C,艾米丽,收货,上架
AlPH1716Si,银色 品牌12 17英寸 一体机（16吉字节内存）,一体机,品牌12,17英寸,16吉字节内存,银色,16*1*1,16,DN56G,大卫,收货,上架
CaRG90DoGr,灰色 品牌03 900 文件柜（带门式）,文件柜,品牌03,900,带门式,灰色,8*1*1,8,DW68B,简,收货,上架
GaOGLAdPi,粉色 品牌07 大号 游戏椅（可调节）,游戏椅,品牌07,大号,可调节,粉色,16*1*1,16,CM25G,劳拉,收货,上架
LaRe15i7Wh,白色 品牌14 15英寸 笔记本电脑（第7代处理器）,笔记本电脑,品牌14,15英寸,第7代处理器,白色,16*1*1,16,BP95B,亚历克斯,收货,上架
PrReA3WiBl,黑色 品牌24 三号纸 打印机（无线网络）,打印机,品牌24,三号纸,无线网络,黑色,16*1*1,16,DZ66F,简,收货,上架
TVYn50FHSi,银色 品牌15 50英寸 电视机（全高清）,电视机,品牌15,50英寸,全高清,银色,8*1*1,8,AR39C,克里斯,收货,上架
OfXELAdWh,白色 品牌06 大号 办公椅（可调节）,办公椅,品牌06,大号,可调节,白色,16*1*1,16,DS37A,莎拉,收货,上架
TVGL42FHBl,黑色 品牌31 42英寸 电视机（全高清）,电视机,品牌31,42英寸,全高清,黑色,8*1*1,8,BN82F,迈克,收货,上架
KeRe27WiNa,藏青色 品牌10 270 键盘（有线）,键盘,品牌10,270,有线,藏青色,16*10*1,160,AS30D,大卫,收货,上架
GaSEMAdBl,黑色 品牌08 中号 游戏椅（可调节）,游戏椅,品牌08,中号,可调节,黑色,16*1*1,16,AN53E,艾米,收货,上架
TaTR18FrWh,白色 品牌28 1800 桌子（框架式）,桌子,品牌28,1800,框架式,白色,8*1*1,8,AK77A,艾米,收货,上架
NoExA3liBl,黑色 品牌16 三号纸 笔记本（线条）,笔记本,品牌16,三号纸,线条,黑色,48*10*5,2400,AT34G,艾米丽,收货,上架
CuTE12FiBe,米色 品牌04 1200 储物柜（文件收纳）,储物柜,品牌04,1200,文件收纳,米色,8*1*1,8,DQ16A,大卫,收货,上架
MoHc27BlBl,黑色 品牌09 270 鼠标（蓝牙）,鼠标,品牌09,270,蓝牙,黑色,16*10*1,160,AX46F,迈克,收货,上架
MoRe27WiNa,藏青色 品牌10 270 鼠标（有线）,鼠标,品牌10,270,有线,藏青色,16*10*1,160,DJ05F,艾米,收货,上架
LaSu1716Gr,灰色 品牌11 17英寸 笔记本电脑（16吉字节内存）,笔记本电脑,品牌11,17英寸,16吉字节内存,灰色,16*1*1,16,AN27D,克里斯,收货,上架
TaAE18FrSi,银色 品牌05 1800 桌子（框架式）,桌子,品牌05,1800,框架式,银色,8*1*1,8,AM65G,约翰,收货,上架
KeHc35WiNa,藏青色 品牌09 350 键盘（有线）,键盘,品牌09,350,有线,藏青色,16*10*1,160,BN25B,迈克,收货,上架
SPAl12SoPi,粉色 品牌20 12 触控笔（可溶性）,触控笔,品牌20,12,可溶性,粉色,48*10*5,2400,DZ85D,艾米丽,收货,上架
TVGn75S4Bl,黑色 品牌30 75英寸 电视机（超级超高清）,电视机,品牌30,75英寸,超级超高清,黑色,8*1*1,8,BN44B,艾米,收货,上架
NoScA4doGr,灰色 品牌17 四号纸 笔记本（点阵）,笔记本,品牌17,四号纸,点阵,灰色,48*10*5,2400,CF53H,约翰,收货,上架
AlRe158GWh,白色 品牌14 15英寸 一体机（8吉字节内存）,一体机,品牌14,15英寸,8吉字节内存,白色,16*1*1,16,AL09H,约翰,收货,上架
KeHc35WiBl,黑色 品牌09 350 键盘（有线）,键盘,品牌09,350,有线,黑色,16*10*1,160,AO83C,克里斯,收货,上架
TVEs754KBl,黑色 品牌32 75英寸 电视机（超高清）,电视机,品牌32,75英寸,超高清,黑色,8*1*1,8,AY21C,亚历克斯,收货,上架
TaCI10AuBl,黑色 品牌27 1000 桌子（自动调节）,桌子,品牌27,1000,自动调节,黑色,8*1*1,8,DL85A,劳拉,收货,上架
PrReA2WiMi,混合色 品牌24 二号纸 打印机（无线网络）,打印机,品牌24,二号纸,无线网络,混合色,16*1*1,16,CV20G,艾米,收货,上架
KeSu45BlBl,黑色 品牌11 450 键盘（蓝牙）,键盘,品牌11,450,蓝牙,黑色,16*10*1,160,AQ66B,简,收货,上架
KePH27MeNa,藏青色 品牌12 270 键盘（机械式）,键盘,品牌12,270,机械式,藏青色,16*10*1,160,CT56G,艾米丽,收货,上架
TVGn42SFWh,白色 品牌30 42英寸 电视机（超级全高清）,电视机,品牌30,42英寸,超级全高清,白色,8*1*1,8,BW19B,简,收货,上架
LaSu1716Gr,灰色 品牌11 17英寸 笔记本电脑（16吉字节内存）,笔记本电脑,品牌11,17英寸,16吉字节内存,灰色,16*1*1,16,AN12C,简,收货,上架
TVEs654KSi,银色 品牌32 65英寸 电视机（超高清）,电视机,品牌32,65英寸,超高清,银色,8*1*1,8,DR67D,亚历克斯,收货,上架
TVGL32S4Gr,灰色 品牌31 32英寸 电视机（超级超高清）,电视机,品牌31,32英寸,超级超高清,灰色,8*1*1,8,DU46G,克里斯,收货,上架
OfSELErPi,粉色 品牌08 大号 办公椅（人体工学）,办公椅,品牌08,大号,人体工学,粉色,16*1*1,16,AI92D,简,收货,上架
AlPH1416Bl,黑色 品牌12 14英寸 一体机（16吉字节内存）,一体机,品牌12,14英寸,16吉字节内存,黑色,16*1*1,16,AS13E,大卫,收货,上架
AlSu158GSi,银色 品牌11 15英寸 一体机（8吉字节内存）,一体机,品牌11,15英寸,8吉字节内存,银色,16*1*1,16,BO06A,克里斯,收货,上架
TVGn75S4Gr,灰色 品牌30 75英寸 电视机（超级超高清）,电视机,品牌30,75英寸,超级超高清,灰色,8*1*1,8,BF65D,大卫,收货,上架
CuWE90DoBl,黑色 品牌02 900 储物柜（带门式）,储物柜,品牌02,900,带门式,黑色,8*1*1,8,DO03E,约翰,收货,上架
PrNoA2MoWh,白色 品牌26 二号纸 打印机（黑白）,打印机,品牌26,二号纸,黑白,白色,16*1*1,16,DW76F,大卫,收货,上架
MoSu27BlNa,藏青色 品牌11 270 鼠标（蓝牙）,鼠标,品牌11,270,蓝牙,藏青色,16*10*1,160,AH55F,莎拉,收货,上架
TVYn754KWh,白色 品牌15 75英寸 电视机（超高清）,电视机,品牌15,75英寸,超高清,白色,8*1*1,8,DK49D,莎拉,收货,上架
CaTE18FiBe,米色 品牌04 1800 文件柜（文件收纳）,文件柜,品牌04,1800,文件收纳,米色,8*1*1,8,DO66E,亚历克斯,收货,上架
SPNa12SoWh,白色 品牌23 12 触控笔（可溶性）,触控笔,品牌23,12,可溶性,白色,48*10*5,2400,AQ25H,简,收货,上架
LaYn1516Bl,黑色 品牌15 15英寸 笔记本电脑（16吉字节内存）,笔记本电脑,品牌15,15英寸,16吉字节内存,黑色,16*1*1,16,AW79F,艾米丽,收货,上架
LaSu1516Wh,白色 品牌11 15英寸 笔记本电脑（16吉字节内存）,笔记本电脑,品牌11,15英寸,16吉字节内存,白色,16*1*1,16,AW53C,克里斯,收货,上架
DrRG18DoGr,灰色 品牌03 1800 抽屉柜（带门式）,抽屉柜,品牌03,1800,带门式,灰色,8*1*1,8,BX81B,克里斯,收货,上架
OfAESHePi,粉色 品牌05 小号 办公椅（头枕）,办公椅,品牌05,小号,头枕,粉色,16*1*1,16,DN74E,亚历克斯,收货,上架
TVYn75SFBl,黑色 品牌15 75英寸 电视机（超级全高清）,电视机,品牌15,75英寸,超级全高清,黑色,8*1*1,8,BK45C,大卫,收货,上架
MoRe45WiWh,白色 品牌10 450 鼠标（有线）,鼠标,品牌10,450,有线,白色,16*10*1,160,AK64H,迈克,收货,上架
PrReA3WiBl,黑色 品牌24 三号纸 打印机（无线网络）,打印机,品牌24,三号纸,无线网络,黑色,16*1*1,16,CV65G,莎拉,收货,上架
TVGn32S4Si,银色 品牌30 32英寸 电视机（超级超高清）,电视机,品牌30,32英寸,超级超高清,银色,8*1*1,8,BY37G,劳拉,收货,上架
AlSu1432Bl,黑色 品牌11 14英寸 一体机（32吉字节内存）,一体机,品牌11,14英寸,32吉字节内存,黑色,16*1*1,16,AX77B,克里斯,收货,上架
PrSoA4LaBl,黑色 品牌25 四号纸 打印机（激光）,打印机,品牌25,四号纸,激光,黑色,16*1*1,16,CL60H,克里斯,收货,上架
AlRe1716Si,银色 品牌14 17英寸 一体机（16吉字节内存）,一体机,品牌14,17英寸,16吉字节内存,银色,16*1*1,16,DK17F,劳拉,收货,上架
PrNoA3LaMi,混合色 品牌26 三号纸 打印机（激光）,打印机,品牌26,三号纸,激光,混合色,16*1*1,16,CY93C,劳拉,收货,上架
CaWE12SlWh,白色 品牌02 1200 文件柜（滑动式）,文件柜,品牌02,1200,滑动式,白色,8*1*1,8,AL67G,艾米,收货,上架
PrReA3LaBl,黑色 品牌24 三号纸 打印机（激光）,打印机,品牌24,三号纸,激光,黑色,16*1*1,16,DW74C,劳拉,收货,上架
LaYn1432Bl,黑色 品牌15 14英寸 笔记本电脑（32吉字节内存）,笔记本电脑,品牌15,14英寸,32吉字节内存,黑色,16*1*1,16,AN51D,克里斯,收货,上架
CaQE90DoBe,米色 品牌01 900 文件柜（带门式）,文件柜,品牌01,900,带门式,米色,8*1*1,8,DW52D,艾米丽,收货,上架
CaWE90FiGr,灰色 品牌02 900 文件柜（文件收纳）,文件柜,品牌02,900,文件收纳,灰色,8*1*1,8,CQ70C,艾米丽,收货,上架
LaRe1716Si,银色 品牌14 17英寸 笔记本电脑（16吉字节内存）,笔记本电脑,品牌14,17英寸,16吉字节内存,银色,16*1*1,16,AW10B,劳拉,收货,上架
MoPH27ErPi,粉色 品牌12 270 鼠标（人体工学）,鼠标,品牌12,270,人体工学,粉色,16*10*1,160,AP02H,艾米丽,收货,上架
PeAl24SoWh,白色 品牌20 24 铅笔（可溶性）,铅笔,品牌20,24,可溶性,白色,48*10*5,2400,BQ38B,简,收货,上架
OfSEMAdBl,黑色 品牌08 中号 办公椅（可调节）,办公椅,品牌08,中号,可调节,黑色,16*1*1,16,AN38B,克里斯,收货,上架
TaTR10FrBl,黑色 品牌28 1000 桌子（框架式）,桌子,品牌28,1000,框架式,黑色,8*1*1,8,CS44B,约翰,收货,上架
MoRe35MeBl,黑色 品牌10 350 鼠标（机械式）,鼠标,品牌10,350,机械式,黑色,16*10*1,160,DR14C,艾米,收货,上架
LaYn14i5Bl,黑色 品牌15 14英寸 笔记本电脑（第5代处理器）,笔记本电脑,品牌15,14英寸,第5代处理器,黑色,16*1*1,16,AL27D,劳拉,收货,上架
MoPH27BlBl,黑色 品牌12 270 鼠标（蓝牙）,鼠标,品牌12,270,蓝牙,黑色,16*10*1,160,AL80E,简,收货,上架
MoSu35MePi,粉色 品牌11 350 鼠标（机械式）,鼠标,品牌11,350,机械式,粉色,16*10*1,160,CF62G,克里斯,收货,上架
NoGrA5liWh,白色 品牌18 五号纸 笔记本（线条）,笔记本,品牌18,五号纸,线条,白色,48*10*5,2400,AX15H,莎拉,收货,上架
MoSu35BlNa,藏青色 品牌11 350 鼠标（蓝牙）,鼠标,品牌11,350,蓝牙,藏青色,16*10*1,160,AM23A,艾米,收货,上架
AlSu1516Wh,白色 品牌11 15英寸 一体机（16吉字节内存）,一体机,品牌11,15英寸,16吉字节内存,白色,16*1*1,16,DU36B,约翰,收货,上架
OfAESLeGr,灰色 品牌05 小号 办公椅（皮革）,办公椅,品牌05,小号,皮革,灰色,16*1*1,16,CL03D,简,收货,上架
OfOGSErGr,灰色 品牌07 小号 办公椅（人体工学）,办公椅,品牌07,小号,人体工学,灰色,16*1*1,16,BW90G,克里斯,收货,上架
CuTE18LoGr,灰色 品牌04 1800 储物柜（储物锁柜）,储物柜,品牌04,1800,储物锁柜,灰色,8*1*1,8,CY79F,艾米,收货,上架
NoExA5liWh,白色 品牌16 五号纸 笔记本（线条）,笔记本,品牌16,五号纸,线条,白色,48*10*5,2400,AI93E,莎拉,收货,上架
AlPH1532Gr,灰色 品牌12 15英寸 一体机（32吉字节内存）,一体机,品牌12,15英寸,32吉字节内存,灰色,16*1*1,16,AQ81B,亚历克斯,收货,上架
MoRe35MeNa,藏青色 品牌10 350 鼠标（机械式）,鼠标,品牌10,350,机械式,藏青色,16*10*1,160,AO28D,简,收货,上架
CuRG90SlBe,米色 品牌03 900 储物柜（滑动式）,储物柜,品牌03,900,滑动式,米色,8*1*1,8,DP03B,约翰,收货,上架
OfAESAdBl,黑色 品牌05 小号 办公椅（可调节）,办公椅,品牌05,小号,可调节,黑色,16*1*1,16,DW47B,亚历克斯,收货,上架
AlSu14i5Gr,灰色 品牌11 14英寸 一体机（第5代处理器）,一体机,品牌11,14英寸,第5代处理器,灰色,16*1*1,16,AZ50F,迈克,收货,上架
LaOv148GGr,灰色 品牌13 14英寸 笔记本电脑（8吉字节内存）,笔记本电脑,品牌13,14英寸,8吉字节内存,灰色,16*1*1,16,CT29A,亚历克斯,收货,上架
AlYn15i5Bl,黑色 品牌15 15英寸 一体机（第5代处理器）,一体机,品牌15,15英寸,第5代处理器,黑色,16*1*1,16,BJ23D,迈克,收货,上架
DrWE12DoBe,米色 品牌02 1200 抽屉柜（带门式）,抽屉柜,品牌02,1200,带门式,米色,8*1*1,8,CQ85A,大卫,收货,上架
LaSu1732Wh,白色 品牌11 17英寸 笔记本电脑（32吉字节内存）,笔记本电脑,品牌11,17英寸,32吉字节内存,白色,16*1*1,16,AO69E,简,收货,上架
CuQE90FiGr,灰色 品牌01 900 储物柜（文件收纳）,储物柜,品牌01,900,文件收纳,灰色,8*1*1,8,BO73F,大卫,收货,上架
PrSoA4MoGr,灰色 品牌25 四号纸 打印机（黑白）,打印机,品牌25,四号纸,黑白,灰色,16*1*1,16,CT50E,亚历克斯,收货,上架
OfOGSErWh,白色 品牌07 小号 办公椅（人体工学）,办公椅,品牌07,小号,人体工学,白色,16*1*1,16,AT36D,艾米,收货,上架
CuRG18SlBe,米色 品牌03 1800 储物柜（滑动式）,储物柜,品牌03,1800,滑动式,米色,8*1*1,8,CH49F,艾米丽,收货,上架
DrTE18LoWh,白色 品牌04 1800 抽屉柜（储物锁柜）,抽屉柜,品牌04,1800,储物锁柜,白色,8*1*1,8,CQ64H,迈克,收货,上架
DrTE18LoBe,米色 品牌04 1800 抽屉柜（储物锁柜）,抽屉柜,品牌04,1800,储物锁柜,米色,8*1*1,8,BJ67A,大卫,收货,上架
CuRG12FiWh,白色 品牌03 1200 储物柜（文件收纳）,储物柜,品牌03,1200,文件收纳,白色,8*1*1,8,DG37C,克里斯,收货,上架
GaOGMErBl,黑色 品牌07 中号 游戏椅（人体工学）,游戏椅,品牌07,中号,人体工学,黑色,16*1*1,16,CL07E,艾米,收货,上架
SPAl12WaPi,粉色 品牌20 12 触控笔（水彩）,触控笔,品牌20,12,水彩,粉色,48*10*5,2400,CS65A,约翰,收货,上架
LaYn14i7Gr,灰色 品牌15 14英寸 笔记本电脑（第7代处理器）,笔记本电脑,品牌15,14英寸,第7代处理器,灰色,16*1*1,16,BY60C,克里斯,收货,上架
TVYn50SFBl,黑色 品牌15 50英寸 电视机（超级全高清）,电视机,品牌15,50英寸,超级全高清,黑色,8*1*1,8,AS07C,约翰,收货,上架
MoRe27MeWh,白色 品牌10 270 鼠标（机械式）,鼠标,品牌10,270,机械式,白色,16*10*1,160,CJ59E,简,收货,上架
MoSu45ErBl,黑色 品牌11 450 鼠标（人体工学）,鼠标,品牌11,450,人体工学,黑色,16*10*1,160,AN82B,克里斯,收货,上架
LaYn1516Bl,黑色 品牌15 15英寸 笔记本电脑（16吉字节内存）,笔记本电脑,品牌15,15英寸,16吉字节内存,黑色,16*1*1,16,BW60G,莎拉,收货,上架
OfAEMErPi,粉色 品牌05 中号 办公椅（人体工学）,办公椅,品牌05,中号,人体工学,粉色,16*1*1,16,CI42H,简,收货,上架
AlOv1732Gr,灰色 品牌13 17英寸 一体机（32吉字节内存）,一体机,品牌13,17英寸,32吉字节内存,灰色,16*1*1,16,BV10A,简,收货,上架
TaTR18AdSi,银色 品牌28 1800 桌子（可调节）,桌子,品牌28,1800,可调节,银色,8*1*1,8,CX04E,亚历克斯,收货,上架
NoScA5doSi,银色 品牌17 五号纸 笔记本（点阵）,笔记本,品牌17,五号纸,点阵,银色,48*10*5,2400,CN61A,艾米丽,收货,上架
GaSELAdGr,灰色 品牌08 大号 游戏椅（可调节）,游戏椅,品牌08,大号,可调节,灰色,16*1*1,16,BS22E,艾米,收货,上架
PrSoA2InWh,白色 品牌25 二号纸 打印机（喷墨）,打印机,品牌25,二号纸,喷墨,白色,16*1*1,16,BF58G,迈克,收货,上架
DrTE90LoGr,灰色 品牌04 900 抽屉柜（储物锁柜）,抽屉柜,品牌04,900,储物锁柜,灰色,8*1*1,8,AT12A,艾米丽,收货,上架
KeSu45WiPi,粉色 品牌11 450 键盘（有线）,键盘,品牌11,450,有线,粉色,16*10*1,160,DS05G,艾米,收货,上架
TVGn75SFSi,银色 品牌30 75英寸 电视机（超级全高清）,电视机,品牌30,75英寸,超级全高清,银色,8*1*1,8,AW79G,简,收货,上架
CuWE90FiBe,米色 品牌02 900 储物柜（文件收纳）,储物柜,品牌02,900,文件收纳,米色,8*1*1,8,DK57A,克里斯,收货,上架
CaTE12DoBe,米色 品牌04 1200 文件柜（带门式）,文件柜,品牌04,1200,带门式,米色,8*1*1,8,CH48B,约翰,收货,上架
AlYn1432Wh,白色 品牌15 14英寸 一体机（32吉字节内存）,一体机,品牌15,14英寸,32吉字节内存,白色,16*1*1,16,AZ27F,莎拉,收货,上架
LaPH1716Wh,白色 品牌12 17英寸 笔记本电脑（16吉字节内存）,笔记本电脑,品牌12,17英寸,16吉字节内存,白色,16*1*1,16,DT05D,莎拉,收货,上架
LaOv1432Gr,灰色 品牌13 14英寸 笔记本电脑（32吉字节内存）,笔记本电脑,品牌13,14英寸,32吉字节内存,灰色,16*1*1,16,CK60B,莎拉,收货,上架
TaTR10AdWh,白色 品牌28 1000 桌子（可调节）,桌子,品牌28,1000,可调节,白色,8*1*1,8,AW63F,亚历克斯,收货,上架
AlSu15i7Si,银色 品牌11 15英寸 一体机（第7代处理器）,一体机,品牌11,15英寸,第7代处理器,银色,16*1*1,16,BQ80C,简,收货,上架
KeHc27BlBl,黑色 品牌09 270 键盘（蓝牙）,键盘,品牌09,270,蓝牙,黑色,16*10*1,160,DR34C,迈克,收货,上架
DrRG90SlBl,黑色 品牌03 900 抽屉柜（滑动式）,抽屉柜,品牌03,900,滑动式,黑色,8*1*1,8,CR29E,迈克,收货,上架
DrRG18SlGr,灰色 品牌03 1800 抽屉柜（滑动式）,抽屉柜,品牌03,1800,滑动式,灰色,8*1*1,8,AZ63A,迈克,收货,上架
SPAl50WaGr,灰色 品牌20 50 触控笔（水彩）,触控笔,品牌20,50,水彩,灰色,48*10*5,2400,BZ34E,劳拉,收货,上架
NoMuA5ruBl,黑色 品牌19 五号纸 笔记本（横线）,笔记本,品牌19,五号纸,横线,黑色,48*10*5,2400,AZ57E,艾米,收货,上架
OfXELLeWh,白色 品牌06 大号 办公椅（皮革）,办公椅,品牌06,大号,皮革,白色,16*1*1,16,DM04F,艾米丽,收货,上架
AlYn1716Wh,白色 品牌15 17英寸 一体机（16吉字节内存）,一体机,品牌15,17英寸,16吉字节内存,白色,16*1*1,16,CS97H,约翰,收货,上架
PrPHA2LaBl,黑色 品牌12 二号纸 打印机（激光）,打印机,品牌12,二号纸,激光,黑色,16*1*1,16,BT80H,艾米,收货,上架
PeNa50SoBl,黑色 品牌23 50 铅笔（可溶性）,铅笔,品牌23,50,可溶性,黑色,48*10*5,2400,DS30B,莎拉,收货,上架
LaOv1716Si,银色 品牌13 17英寸 笔记本电脑（16吉字节内存）,笔记本电脑,品牌13,17英寸,16吉字节内存,银色,16*1*1,16,CM09D,艾米丽,收货,上架
LaYn1532Gr,灰色 品牌15 15英寸 笔记本电脑（32吉字节内存）,笔记本电脑,品牌15,15英寸,32吉字节内存,灰色,16*1*1,16,DZ18B,迈克,收货,上架
TaTR15WoGr,灰色 品牌28 1500 桌子（工作站）,桌子,品牌28,1500,工作站,灰色,8*1*1,8,CH34B,亚历克斯,收货,上架
OfXELAdPi,粉色 品牌06 大号 办公椅（可调节）,办公椅,品牌06,大号,可调节,粉色,16*1*1,16,CK72A,亚历克斯,收货,上架
LaOv1432Si,银色 品牌13 14英寸 笔记本电脑（32吉字节内存）,笔记本电脑,品牌13,14英寸,32吉字节内存,银色,16*1*1,16,DS27F,艾米丽,收货,上架
MoHc35MeBl,黑色 品牌09 350 鼠标（机械式）,鼠标,品牌09,350,机械式,黑色,16*10*1,160,CQ60D,亚历克斯,收货,上架
TVYn42S4Si,银色 品牌15 42英寸 电视机（超级超高清）,电视机,品牌15,42英寸,超级超高清,银色,8*1*1,8,AF89H,莎拉,收货,上架
GaSELErPi,粉色 品牌08 大号 游戏椅（人体工学）,游戏椅,品牌08,大号,人体工学,粉色,16*1*1,16,CF44B,艾米,收货,上架
CaRG12FiBe,米色 品牌03 1200 文件柜（文件收纳）,文件柜,品牌03,1200,文件收纳,米色,8*1*1,8,BI36F,迈克,收货,上架
PrNoA4LaBl,黑色 品牌26 四号纸 打印机（激光）,打印机,品牌26,四号纸,激光,黑色,16*1*1,16,AX63H,克里斯,收货,上架
KeSu27BlBl,黑色 品牌11 270 键盘（蓝牙）,键盘,品牌11,270,蓝牙,黑色,16*10*1,160,BS58A,艾米丽,收货,上架
CaWE12LoWh,白色 品牌02 1200 文件柜（储物锁柜）,文件柜,品牌02,1200,储物锁柜,白色,8*1*1,8,CV38H,亚历克斯,收货,上架
CuRG18DoBl,黑色 品牌03 1800 储物柜（带门式）,储物柜,品牌03,1800,带门式,黑色,8*1*1,8,BT28C,亚历克斯,收货,上架
TVYn654KSi,银色 品牌15 65英寸 电视机（超高清）,电视机,品牌15,65英寸,超高清,银色,8*1*1,8,DR37B,简,收货,上架
TaTR15FrWh,白色 品牌28 1500 桌子（框架式）,桌子,品牌28,1500,框架式,白色,8*1*1,8,DH35H,莎拉,收货,上架
KeRe27WiWh,白色 品牌10 270 键盘（有线）,键盘,品牌10,270,有线,白色,16*10*1,160,AS94A,简,收货,上架
AlSu1716Si,银色 品牌11 17英寸 一体机（16吉字节内存）,一体机,品牌11,17英寸,16吉字节内存,银色,16*1*1,16,BI95H,简,收货,上架
CuTE18SlBe,米色 品牌04 1800 储物柜（滑动式）,储物柜,品牌04,1800,滑动式,米色,8*1*1,8,CK98H,艾米丽,收货,上架
DrQE18LoBe,米色 品牌01 1800 抽屉柜（储物锁柜）,抽屉柜,品牌01,1800,储物锁柜,米色,8*1*1,8,BO06G,克里斯,收货,上架
CaRG18DoWh,白色 品牌03 1800 文件柜（带门式）,文件柜,品牌03,1800,带门式,白色,8*1*1,8,DI36E,艾米,收货,上架
TVGL75S4Gr,灰色 品牌31 75英寸 电视机（超级超高清）,电视机,品牌31,75英寸,超级超高清,灰色,8*1*1,8,DW48G,艾米丽,收货,上架
TVGn42SFGr,灰色 品牌30 42英寸 电视机（超级全高清）,电视机,品牌30,42英寸,超级全高清,灰色,8*1*1,8,DK74A,艾米丽,收货,上架
TaAE18FrGr,灰色 品牌05 1800 桌子（框架式）,桌子,品牌05,1800,框架式,灰色,8*1*1,8,CZ29E,艾米,收货,上架
AlPH14i7Wh,白色 品牌12 14英寸 一体机（第7代处理器）,一体机,品牌12,14英寸,第7代处理器,白色,16*1*1,16,BQ56B,艾米,收货,上架
SPNa12WaBl,黑色 品牌23 12 触控笔（水彩）,触控笔,品牌23,12,水彩,黑色,48*10*5,2400,AR65B,约翰,收货,上架
PeNa24WaGr,灰色 品牌23 24 铅笔（水彩）,铅笔,品牌23,24,水彩,灰色,48*10*5,2400,BF53G,劳拉,收货,上架
PeNa12SoWh,白色 品牌23 12 铅笔（可溶性）,铅笔,品牌23,12,可溶性,白色,48*10*5,2400,AZ69A,艾米,收货,上架
KeRe45MeBl,黑色 品牌10 450 键盘（机械式）,键盘,品牌10,450,机械式,黑色,16*10*1,160,BV59C,劳拉,收货,上架
KePH27BlNa,藏青色 品牌12 270 键盘（蓝牙）,键盘,品牌12,270,蓝牙,藏青色,16*10*1,160,BK44D,亚历克斯,收货,上架
MoSu35BlNa,藏青色 品牌11 350 鼠标（蓝牙）,鼠标,品牌11,350,蓝牙,藏青色,16*10*1,160,CZ62F,亚历克斯,收货,上架
LaRe1516Bl,黑色 品牌14 15英寸 笔记本电脑（16吉字节内存）,笔记本电脑,品牌14,15英寸,16吉字节内存,黑色,16*1*1,16,CI76F,约翰,收货,上架
KeRe45ErPi,粉色 品牌10 450 键盘（人体工学）,键盘,品牌10,450,人体工学,粉色,16*10*1,160,CM64D,大卫,收货,上架
SPRe12WaBl,黑色 品牌22 12 触控笔（水彩）,触控笔,品牌22,12,水彩,黑色,48*10*5,2400,CR86A,简,收货,上架
PeNa24WaWh,白色 品牌23 24 铅笔（水彩）,铅笔,品牌23,24,水彩,白色,48*10*5,2400,CM38A,简,收货,上架
CuWE12FiWh,白色 品牌02 1200 储物柜（文件收纳）,储物柜,品牌02,1200,文件收纳,白色,8*1*1,8,DG21A,简,收货,上架
TVYn75SFSi,银色 品牌15 75英寸 电视机（超级全高清）,电视机,品牌15,75英寸,超级全高清,银色,8*1*1,8,AN31A,迈克,收货,上架
OfAEMLeBl,黑色 品牌05 中号 办公椅（皮革）,办公椅,品牌05,中号,皮革,黑色,16*1*1,16,AN15G,劳拉,收货,上架
PrNoA3AlMi,混合色 品牌26 三号纸 打印机（一体式）,打印机,品牌26,三号纸,一体式,混合色,16*1*1,16,CH29H,亚历克斯,收货,上架
CuRG12SlBe,米色 品牌03 1200 储物柜（滑动式）,储物柜,品牌03,1200,滑动式,米色,8*1*1,8,AW22B,大卫,收货,上架
CaTE90LoBe,米色 品牌04 900 文件柜（储物锁柜）,文件柜,品牌04,900,储物锁柜,米色,8*1*1,8,BG74E,大卫,收货,上架
TVYn32S4Si,银色 品牌15 32英寸 电视机（超级超高清）,电视机,品牌15,32英寸,超级超高清,银色,8*1*1,8,CS31A,迈克,收货,上架
PrPHA3AlWh,白色 品牌12 三号纸 打印机（一体式）,打印机,品牌12,三号纸,一体式,白色,16*1*1,16,DM04A,大卫,收货,上架
CaRG12FiBe,米色 品牌03 1200 文件柜（文件收纳）,文件柜,品牌03,1200,文件收纳,米色,8*1*1,8,DP10B,劳拉,收货,上架
SPGi24SoWh,白色 品牌21 24 触控笔（可溶性）,触控笔,品牌21,24,可溶性,白色,48*10*5,2400,AR12D,迈克,收货,上架
CuTE90LoBe,米色 品牌04 900 储物柜（储物锁柜）,储物柜,品牌04,900,储物锁柜,米色,8*1*1,8,DL30F,艾米丽,收货,上架
NoGrA5ruWh,白色 品牌18 五号纸 笔记本（横线）,笔记本,品牌18,五号纸,横线,白色,48*10*5,2400,AO81A,艾米丽,收货,上架
AlYn14i5Bl,黑色 品牌15 14英寸 一体机（第5代处理器）,一体机,品牌15,14英寸,第5代处理器,黑色,16*1*1,16,DT51D,大卫,收货,上架
DrRG18DoBl,黑色 品牌03 1800 抽屉柜（带门式）,抽屉柜,品牌03,1800,带门式,黑色,8*1*1,8,AL06C,迈克,收货,上架
MoPH45ErNa,藏青色 品牌12 450 鼠标（人体工学）,鼠标,品牌12,450,人体工学,藏青色,16*10*1,160,DQ63G,简,收货,上架
LaPH17i5Si,银色 品牌12 17英寸 笔记本电脑（第5代处理器）,笔记本电脑,品牌12,17英寸,第5代处理器,银色,16*1*1,16,AP97F,亚历克斯,收货,上架
NoExA3ruBl,黑色 品牌16 三号纸 笔记本（横线）,笔记本,品牌16,三号纸,横线,黑色,48*10*5,2400,CW28C,莎拉,收货,上架
AlRe1716Bl,黑色 品牌14 17英寸 一体机（16吉字节内存）,一体机,品牌14,17英寸,16吉字节内存,黑色,16*1*1,16,BI73D,迈克,收货,上架
PrPHA2AlWh,白色 品牌12 二号纸 打印机（一体式）,打印机,品牌12,二号纸,一体式,白色,16*1*1,16,CZ60A,简,收货,上架
CaWE12SlWh,白色 品牌02 1200 文件柜（滑动式）,文件柜,品牌02,1200,滑动式,白色,8*1*1,8,BH98F,艾米,收货,上架
GaAESAdPi,粉色 品牌05 小号 游戏椅（可调节）,游戏椅,品牌05,小号,可调节,粉色,16*1*1,16,DQ98B,约翰,收货,上架
GaAESHeWh,白色 品牌05 小号 游戏椅（头枕）,游戏椅,品牌05,小号,头枕,白色,16*1*1,16,AY92A,克里斯,收货,上架
AlRe14i7Gr,灰色 品牌14 14英寸 一体机（第7代处理器）,一体机,品牌14,14英寸,第7代处理器,灰色,16*1*1,16,CG45A,迈克,收货,上架
AlOv158GSi,银色 品牌13 15英寸 一体机（8吉字节内存）,一体机,品牌13,15英寸,8吉字节内存,银色,16*1*1,16,CL53A,迈克,收货,上架
LaYn1716Wh,白色 品牌15 17英寸 笔记本电脑（16吉字节内存）,笔记本电脑,品牌15,17英寸,16吉字节内存,白色,16*1*1,16,DN03G,艾米丽,收货,上架
CaQE18FiGr,灰色 品牌01 1800 文件柜（文件收纳）,文件柜,品牌01,1800,文件收纳,灰色,8*1*1,8,BM17B,劳拉,收货,上架
NoGrA5liBl,黑色 品牌18 五号纸 笔记本（线条）,笔记本,品牌18,五号纸,线条,黑色,48*10*5,2400,AY50F,艾米丽,收货,上架
LaPH1532Bl,黑色 品牌12 15英寸 笔记本电脑（32吉字节内存）,笔记本电脑,品牌12,15英寸,32吉字节内存,黑色,16*1*1,16,BT54F,亚历克斯,收货,上架
PrPHA3LaMi,混合色 品牌12 三号纸 打印机（激光）,打印机,品牌12,三号纸,激光,混合色,16*1*1,16,BZ07E,迈克,收货,上架
CaTE90FiWh,白色 品牌04 900 文件柜（文件收纳）,文件柜,品牌04,900,文件收纳,白色,8*1*1,8,AG13B,简,收货,上架
TVGn32SFBl,黑色 品牌30 32英寸 电视机（超级全高清）,电视机,品牌30,32英寸,超级全高清,黑色,8*1*1,8,CQ76G,亚历克斯,收货,上架
CaQE18LoWh,白色 品牌01 1800 文件柜（储物锁柜）,文件柜,品牌01,1800,储物锁柜,白色,8*1*1,8,DQ74B,简,收货,上架
AlOv14i5Wh,白色 品牌13 14英寸 一体机（第5代处理器）,一体机,品牌13,14英寸,第5代处理器,白色,16*1*1,16,BQ15H,迈克,收货,上架
DrQE90LoBe,米色 品牌01 900 抽屉柜（储物锁柜）,抽屉柜,品牌01,900,储物锁柜,米色,8*1*1,8,BX77B,迈克,收货,上架
LaOv1432Bl,黑色 品牌13 14英寸 笔记本电脑（32吉字节内存）,笔记本电脑,品牌13,14英寸,32吉字节内存,黑色,16*1*1,16,CY32E,莎拉,收货,上架
MoPH35BlWh,白色 品牌12 350 鼠标（蓝牙）,鼠标,品牌12,350,蓝牙,白色,16*10*1,160,DH11G,劳拉,收货,上架
PrNoA4InGr,灰色 品牌26 四号纸 打印机（喷墨）,打印机,品牌26,四号纸,喷墨,灰色,16*1*1,16,AF03F,亚历克斯,收货,上架
PrSoA2WiMi,混合色 品牌25 二号纸 打印机（无线网络）,打印机,品牌25,二号纸,无线网络,混合色,16*1*1,16,CF94E,劳拉,收货,上架
OfOGSErGr,灰色 品牌07 小号 办公椅（人体工学）,办公椅,品牌07,小号,人体工学,灰色,16*1*1,16,CN20A,劳拉,收货,上架
MoPH45BlPi,粉色 品牌12 450 鼠标（蓝牙）,鼠标,品牌12,450,蓝牙,粉色,16*10*1,160,DI09C,大卫,收货,上架
AlRe1532Si,银色 品牌14 15英寸 一体机（32吉字节内存）,一体机,品牌14,15英寸,32吉字节内存,银色,16*1*1,16,DN98D,劳拉,收货,上架
PrPHA3AlGr,灰色 品牌12 三号纸 打印机（一体式）,打印机,品牌12,三号纸,一体式,灰色,16*1*1,16,AP06G,莎拉,收货,上架
TaTR18AdWh,白色 品牌28 1800 桌子（可调节）,桌子,品牌28,1800,可调节,白色,8*1*1,8,CH41A,劳拉,收货,上架
PeGi24HeBl,黑色 品牌21 24 铅笔（六角形）,铅笔,品牌21,24,六角形,黑色,48*10*5,2400,BW18D,克里斯,收货,上架
LaRe1432Wh,白色 品牌14 14英寸 笔记本电脑（32吉字节内存）,笔记本电脑,品牌14,14英寸,32吉字节内存,白色,16*1*1,16,DN54F,艾米,收货,上架
LaPH1416Si,银色 品牌12 14英寸 笔记本电脑（16吉字节内存）,笔记本电脑,品牌12,14英寸,16吉字节内存,银色,16*1*1,16,DV73C,大卫,收货,上架
PrSoA3LaBl,黑色 品牌25 三号纸 打印机（激光）,打印机,品牌25,三号纸,激光,黑色,16*1*1,16,CT92C,约翰,收货,上架
MoPH27ErNa,藏青色 品牌12 270 鼠标（人体工学）,鼠标,品牌12,270,人体工学,藏青色,16*10*1,160,AQ72B,艾米,收货,上架
PrPHA3InBl,黑色 品牌12 三号纸 打印机（喷墨）,打印机,品牌12,三号纸,喷墨,黑色,16*1*1,16,BS79B,亚历克斯,收货,上架
AlSu178GBl,黑色 品牌11 17英寸 一体机（8吉字节内存）,一体机,品牌11,17英寸,8吉字节内存,黑色,16*1*1,16,DL47H,迈克,收货,上架
NoGrA3doSi,银色 品牌18 三号纸 笔记本（点阵）,笔记本,品牌18,三号纸,点阵,银色,48*10*5,2400,AW41B,约翰,收货,上架
CuQE18FiBe,米色 品牌01 1800 储物柜（文件收纳）,储物柜,品牌01,1800,文件收纳,米色,8*1*1,8,DF08E,艾米丽,收货,上架
TVGL32S4Gr,灰色 品牌31 32英寸 电视机（超级超高清）,电视机,品牌31,32英寸,超级超高清,灰色,8*1*1,8,CZ26B,莎拉,收货,上架
CaQE18SlBe,米色 品牌01 1800 文件柜（滑动式）,文件柜,品牌01,1800,滑动式,米色,8*1*1,8,AS45H,劳拉,收货,上架
LaRe14i7Si,银色 品牌14 14英寸 笔记本电脑（第7代处理器）,笔记本电脑,品牌14,14英寸,第7代处理器,银色,16*1*1,16,BF65C,克里斯,收货,上架
OfAESHeWh,白色 品牌05 小号 办公椅（头枕）,办公椅,品牌05,小号,头枕,白色,16*1*1,16,DG15C,劳拉,收货,上架
PeGi24HeBl,黑色 品牌21 24 铅笔（六角形）,铅笔,品牌21,24,六角形,黑色,48*10*5,2400,DX97G,简,收货,上架
CuRG18SlBl,黑色 品牌03 1800 储物柜（滑动式）,储物柜,品牌03,1800,滑动式,黑色,8*1*1,8,AS18G,亚历克斯,收货,上架
AlOv15i5Wh,白色 品牌13 15英寸 一体机（第5代处理器）,一体机,品牌13,15英寸,第5代处理器,白色,16*1*1,16,BJ44E,亚历克斯,收货,上架
AlPH148GBl,黑色 品牌12 14英寸 一体机（8吉字节内存）,一体机,品牌12,14英寸,8吉字节内存,黑色,16*1*1,16,BO21A,约翰,收货,上架
PeNa50SoBl,黑色 品牌23 50 铅笔（可溶性）,铅笔,品牌23,50,可溶性,黑色,48*10*5,2400,BY85D,简,收货,上架
TVGn65S4Si,银色 品牌30 65英寸 电视机（超级超高清）,电视机,品牌30,65英寸,超级超高清,银色,8*1*1,8,AW74A,亚历克斯,收货,上架
MoHc27BlBl,黑色 品牌09 270 鼠标（蓝牙）,鼠标,品牌09,270,蓝牙,黑色,16*10*1,160,DU48D,艾米丽,收货,上架
MoHc45MeNa,藏青色 品牌09 450 鼠标（机械式）,鼠标,品牌09,450,机械式,藏青色,16*10*1,160,CJ81B,克里斯,收货,上架
KeSu27MePi,粉色 品牌11 270 键盘（机械式）,键盘,品牌11,270,机械式,粉色,16*10*1,160,CP31D,克里斯,收货,上架
PrPHA4InBl,黑色 品牌12 四号纸 打印机（喷墨）,打印机,品牌12,四号纸,喷墨,黑色,16*1*1,16,AK42E,迈克,收货,上架
LaSu1432Bl,黑色 品牌11 14英寸 笔记本电脑（32吉字节内存）,笔记本电脑,品牌11,14英寸,32吉字节内存,黑色,16*1*1,16,DS40A,克里斯,收货,上架
MoPH45BlNa,藏青色 品牌12 450 鼠标（蓝牙）,鼠标,品牌12,450,蓝牙,藏青色,16*10*1,160,BO26B,迈克,收货,上架
TVGn50S4Gr,灰色 品牌30 50英寸 电视机（超级超高清）,电视机,品牌30,50英寸,超级超高清,灰色,8*1*1,8,AZ49D,简,收货,上架
CuQE12LoBe,米色 品牌01 1200 储物柜（储物锁柜）,储物柜,品牌01,1200,储物锁柜,米色,8*1*1,8,AP31A,大卫,收货,上架
GaXELLeBl,黑色 品牌06 大号 游戏椅（皮革）,游戏椅,品牌06,大号,皮革,黑色,16*1*1,16,DS22A,莎拉,收货,上架
NoScA4ruWh,白色 品牌17 四号纸 笔记本（横线）,笔记本,品牌17,四号纸,横线,白色,48*10*5,2400,CY61E,艾米丽,收货,上架
CaRG90LoBe,米色 品牌03 900 文件柜（储物锁柜）,文件柜,品牌03,900,储物锁柜,米色,8*1*1,8,CU54H,劳拉,收货,上架
CuWE12SlGr,灰色 品牌02 1200 储物柜（滑动式）,储物柜,品牌02,1200,滑动式,灰色,8*1*1,8,DT17B,简,收货,上架
TVYn32FHWh,白色 品牌15 32英寸 电视机（全高清）,电视机,品牌15,32英寸,全高清,白色,8*1*1,8,AU61E,克里斯,收货,上架
KeHc35MeWh,白色 品牌09 350 键盘（机械式）,键盘,品牌09,350,机械式,白色,16*10*1,160,AQ41C,莎拉,收货,上架
LaPH14i7Bl,黑色 品牌12 14英寸 笔记本电脑（第7代处理器）,笔记本电脑,品牌12,14英寸,第7代处理器,黑色,16*1*1,16,AY65B,莎拉,收货,上架
AlOv148GGr,灰色 品牌13 14英寸 一体机（8吉字节内存）,一体机,品牌13,14英寸,8吉字节内存,灰色,16*1*1,16,DZ68B,亚历克斯,收货,上架
NoMuA4doSi,银色 品牌19 四号纸 笔记本（点阵）,笔记本,品牌19,四号纸,点阵,银色,48*10*5,2400,BJ45C,艾米,收货,上架
AlRe1532Wh,白色 品牌14 15英寸 一体机（32吉字节内存）,一体机,品牌14,15英寸,32吉字节内存,白色,16*1*1,16,BQ58E,迈克,收货,上架
TaTR18FrBl,黑色 品牌28 1800 桌子（框架式）,桌子,品牌28,1800,框架式,黑色,8*1*1,8,BF20F,简,收货,上架
SPRe12SoBl,黑色 品牌22 12 触控笔（可溶性）,触控笔,品牌22,12,可溶性,黑色,48*10*5,2400,AP28E,亚历克斯,收货,上架
AlRe1716Bl,黑色 品牌14 17英寸 一体机（16吉字节内存）,一体机,品牌14,17英寸,16吉字节内存,黑色,16*1*1,16,DY80B,大卫,收货,上架
SPGi24WaPi,粉色 品牌21 24 触控笔（水彩）,触控笔,品牌21,24,水彩,粉色,48*10*5,2400,AI82A,艾米,收货,上架
LaRe14i7Si,银色 品牌14 14英寸 笔记本电脑（第7代处理器）,笔记本电脑,品牌14,14英寸,第7代处理器,银色,16*1*1,16,BU95A,约翰,收货,上架
AlPH1416Si,银色 品牌12 14英寸 一体机（16吉字节内存）,一体机,品牌12,14英寸,16吉字节内存,银色,16*1*1,16,CP34C,大卫,收货,上架
TVGn654KGr,灰色 品牌30 65英寸 电视机（超高清）,电视机,品牌30,65英寸,超高清,灰色,8*1*1,8,DF28D,迈克,收货,上架
KeRe35BlBl,黑色 品牌10 350 键盘（蓝牙）,键盘,品牌10,350,蓝牙,黑色,16*10*1,160,AQ20F,艾米,收货,上架
CuWE12FiGr,灰色 品牌02 1200 储物柜（文件收纳）,储物柜,品牌02,1200,文件收纳,灰色,8*1*1,8,CR77H,艾米丽,收货,上架
KeHc35BlPi,粉色 品牌09 350 键盘（蓝牙）,键盘,品牌09,350,蓝牙,粉色,16*10*1,160,AO04F,莎拉,收货,上架
DrWE12LoGr,灰色 品牌02 1200 抽屉柜（储物锁柜）,抽屉柜,品牌02,1200,储物锁柜,灰色,8*1*1,8,DJ32B,约翰,收货,上架
AlYn1516Bl,黑色 品牌15 15英寸 一体机（16吉字节内存）,一体机,品牌15,15英寸,16吉字节内存,黑色,16*1*1,16,BT89B,简,收货,上架
TaAE15AuGr,灰色 品牌05 1500 桌子（自动调节）,桌子,品牌05,1500,自动调节,灰色,8*1*1,8,AN79F,莎拉,收货,上架
AlSu15i7Gr,灰色 品牌11 15英寸 一体机（第7代处理器）,一体机,品牌11,15英寸,第7代处理器,灰色,16*1*1,16,DP58A,克里斯,收货,上架
PrReA4InWh,白色 品牌24 四号纸 打印机（喷墨）,打印机,品牌24,四号纸,喷墨,白色,16*1*1,16,CU64D,劳拉,收货,上架
TVGn75S4Bl,黑色 品牌30 75英寸 电视机（超级超高清）,电视机,品牌30,75英寸,超级超高清,黑色,8*1*1,8,AO20A,迈克,收货,上架
LaOv148GGr,灰色 品牌13 14英寸 笔记本电脑（8吉字节内存）,笔记本电脑,品牌13,14英寸,8吉字节内存,灰色,16*1*1,16,CF91F,劳拉,收货,上架
CaWE90FiWh,白色 品牌02 900 文件柜（文件收纳）,文件柜,品牌02,900,文件收纳,白色,8*1*1,8,BY92H,劳拉,收货,上架
TaTR15WoGr,灰色 品牌28 1500 桌子（工作站）,桌子,品牌28,1500,工作站,灰色,8*1*1,8,AW69E,莎拉,收货,上架
LaPH1716Bl,黑色 品牌12 17英寸 笔记本电脑（16吉字节内存）,笔记本电脑,品牌12,17英寸,16吉字节内存,黑色,16*1*1,16,BI01D,克里斯,收货,上架
CaQE18DoWh,白色 品牌01 1800 文件柜（带门式）,文件柜,品牌01,1800,带门式,白色,8*1*1,8,DN70A,亚历克斯,收货,上架
DrWE18FiWh,白色 品牌02 1800 抽屉柜（文件收纳）,抽屉柜,品牌02,1800,文件收纳,白色,8*1*1,8,DV95F,大卫,收货,上架
CuTE90SlWh,白色 品牌04 900 储物柜（滑动式）,储物柜,品牌04,900,滑动式,白色,8*1*1,8,AS28G,亚历克斯,收货,上架
CaQE90SlBe,米色 品牌01 900 文件柜（滑动式）,文件柜,品牌01,900,滑动式,米色,8*1*1,8,DR33E,艾米丽,收货,上架
TVGn32S4Wh,白色 品牌30 32英寸 电视机（超级超高清）,电视机,品牌30,32英寸,超级超高清,白色,8*1*1,8,BY05G,约翰,收货,上架
NoExA5liGr,灰色 品牌16 五号纸 笔记本（线条）,笔记本,品牌16,五号纸,线条,灰色,48*10*5,2400,BW36C,克里斯,收货,上架
PeAl12HeGr,灰色 品牌20 12 铅笔（六角形）,铅笔,品牌20,12,六角形,灰色,48*10*5,2400,CW53F,亚历克斯,收货,上架
PrNoA3AlWh,白色 品牌26 三号纸 打印机（一体式）,打印机,品牌26,三号纸,一体式,白色,16*1*1,16,AN49G,迈克,收货,上架
LaPH15i5Bl,黑色 品牌12 15英寸 笔记本电脑（第5代处理器）,笔记本电脑,品牌12,15英寸,第5代处理器,黑色,16*1*1,16,BY63B,简,收货,上架
CaWE12LoBe,米色 品牌02 1200 文件柜（储物锁柜）,文件柜,品牌02,1200,储物锁柜,米色,8*1*1,8,BN01C,大卫,收货,上架
TVEs504KBl,黑色 品牌32 50英寸 电视机（超高清）,电视机,品牌32,50英寸,超高清,黑色,8*1*1,8,AH80E,简,收货,上架
SPGi50SoWh,白色 品牌21 50 触控笔（可溶性）,触控笔,品牌21,50,可溶性,白色,48*10*5,2400,CK93H,克里斯,收货,上架
GaAELErBl,黑色 品牌05 大号 游戏椅（人体工学）,游戏椅,品牌05,大号,人体工学,黑色,16*1*1,16,CF68C,艾米丽,收货,上架
PeAl24HePi,粉色 品牌20 24 铅笔（六角形）,铅笔,品牌20,24,六角形,粉色,48*10*5,2400,CU67A,劳拉,收货,上架
MoPH27MeWh,白色 品牌12 270 鼠标（机械式）,鼠标,品牌12,270,机械式,白色,16*10*1,160,DO56B,约翰,收货,上架
KePH35BlWh,白色 品牌12 350 键盘（蓝牙）,键盘,品牌12,350,蓝牙,白色,16*10*1,160,AV19F,艾米丽,收货,上架
AlPH1416Wh,白色 品牌12 14英寸 一体机（16吉字节内存）,一体机,品牌12,14英寸,16吉字节内存,白色,16*1*1,16,AV22B,劳拉,收货,上架
PrPHA3AlBl,黑色 品牌12 三号纸 打印机（一体式）,打印机,品牌12,三号纸,一体式,黑色,16*1*1,16,AI94G,大卫,收货,上架
TaTR10WoBl,黑色 品牌29 1000 桌子（工作站）,桌子,品牌29,1000,工作站,黑色,8*1*1,8,CZ98F,克里斯,收货,上架
AlRe158GWh,白色 品牌14 15英寸 一体机（8吉字节内存）,一体机,品牌14,15英寸,8吉字节内存,白色,16*1*1,16,DO80A,莎拉,收货,上架
GaXEMLeWh,白色 品牌06 中号 游戏椅（皮革）,游戏椅,品牌06,中号,皮革,白色,16*1*1,16,CG54D,大卫,收货,上架
PrNoA2InGr,灰色 品牌26 二号纸 打印机（喷墨）,打印机,品牌26,二号纸,喷墨,灰色,16*1*1,16,CY34F,亚历克斯,收货,上架
DrQE90DoGr,灰色 品牌01 900 抽屉柜（带门式）,抽屉柜,品牌01,900,带门式,灰色,8*1*1,8,AT56D,艾米丽,收货,上架
KeHc45BlPi,粉色 品牌09 450 键盘（蓝牙）,键盘,品牌09,450,蓝牙,粉色,16*10*1,160,DT20D,劳拉,收货,上架
SPRe24SoGr,灰色 品牌22 24 触控笔（可溶性）,触控笔,品牌22,24,可溶性,灰色,48*10*5,2400,AX71B,莎拉,收货,上架
KeSu27MeNa,藏青色 品牌11 270 键盘（机械式）,键盘,品牌11,270,机械式,藏青色,16*10*1,160,AS36A,大卫,收货,上架
MoPH35MeBl,黑色 品牌12 350 鼠标（机械式）,鼠标,品牌12,350,机械式,黑色,16*10*1,160,AV27H,艾米丽,收货,上架
KeSu35MePi,粉色 品牌11 350 键盘（机械式）,键盘,品牌11,350,机械式,粉色,16*10*1,160,AJ84E,劳拉,收货,上架
MoRe45ErPi,粉色 品牌10 450 鼠标（人体工学）,鼠标,品牌10,450,人体工学,粉色,16*10*1,160,AY93D,莎拉,收货,上架
PrNoA3WiGr,灰色 品牌26 三号纸 打印机（无线网络）,打印机,品牌26,三号纸,无线网络,灰色,16*1*1,16,CF77A,简,收货,上架
LaOv1732Si,银色 品牌13 17英寸 笔记本电脑（32吉字节内存）,笔记本电脑,品牌13,17英寸,32吉字节内存,银色,16*1*1,16,DY06A,约翰,收货,上架
DrQE18FiWh,白色 品牌01 1800 抽屉柜（文件收纳）,抽屉柜,品牌01,1800,文件收纳,白色,8*1*1,8,CV01D,艾米,收货,上架
DrTE90FiBe,米色 品牌04 900 抽屉柜（文件收纳）,抽屉柜,品牌04,900,文件收纳,米色,8*1*1,8,DM97C,莎拉,收货,上架
TVEs504KSi,银色 品牌32 50英寸 电视机（超高清）,电视机,品牌32,50英寸,超高清,银色,8*1*1,8,DL32C,克里斯,收货,上架
SPAl50WaWh,白色 品牌20 50 触控笔（水彩）,触控笔,品牌20,50,水彩,白色,48*10*5,2400,AV68A,劳拉,收货,上架
MoPH35BlPi,粉色 品牌12 350 鼠标（蓝牙）,鼠标,品牌12,350,蓝牙,粉色,16*10*1,160,CO58F,约翰,收货,上架
PeGi50HeGr,灰色 品牌21 50 铅笔（六角形）,铅笔,品牌21,50,六角形,灰色,48*10*5,2400,CR75B,莎拉,收货,上架
PrNoA4MoGr,灰色 品牌26 四号纸 打印机（黑白）,打印机,品牌26,四号纸,黑白,灰色,16*1*1,16,CY43E,亚历克斯,收货,上架
TVYn424KSi,银色 品牌15 42英寸 电视机（超高清）,电视机,品牌15,42英寸,超高清,银色,8*1*1,8,CG50D,大卫,收货,上架
PrReA3LaMi,混合色 品牌24 三号纸 打印机（激光）,打印机,品牌24,三号纸,激光,混合色,16*1*1,16,CI47H,艾米丽,收货,上架
NoExA5doSi,银色 品牌16 五号纸 笔记本（点阵）,笔记本,品牌16,五号纸,点阵,银色,48*10*5,2400,CI77A,艾米,收货,上架
AlSu1516Wh,白色 品牌11 15英寸 一体机（16吉字节内存）,一体机,品牌11,15英寸,16吉字节内存,白色,16*1*1,16,AX84B,劳拉,收货,上架
LaRe1416Wh,白色 品牌14 14英寸 笔记本电脑（16吉字节内存）,笔记本电脑,品牌14,14英寸,16吉字节内存,白色,16*1*1,16,DH50E,约翰,收货,上架
TVEs424KSi,银色 品牌32 42英寸 电视机（超高清）,电视机,品牌32,42英寸,超高清,银色,8*1*1,8,DN72H,劳拉,收货,上架
PrReA2WiWh,白色 品牌24 二号纸 打印机（无线网络）,打印机,品牌24,二号纸,无线网络,白色,16*1*1,16,BQ92F,劳拉,收货,上架
CuTE12SlBe,米色 品牌04 1200 储物柜（滑动式）,储物柜,品牌04,1200,滑动式,米色,8*1*1,8,DV22H,劳拉,收货,上架
SPGi50SoGr,灰色 品牌21 50 触控笔（可溶性）,触控笔,品牌21,50,可溶性,灰色,48*10*5,2400,AT48H,劳拉,收货,上架
OfSEMErGr,灰色 品牌08 中号 办公椅（人体工学）,办公椅,品牌08,中号,人体工学,灰色,16*1*1,16,DP57G,约翰,收货,上架
NoGrA3liWh,白色 品牌18 三号纸 笔记本（线条）,笔记本,品牌18,三号纸,线条,白色,48*10*5,2400,CO17G,莎拉,收货,上架
TVGn50SFSi,银色 品牌30 50英寸 电视机（超级全高清）,电视机,品牌30,50英寸,超级全高清,银色,8*1*1,8,BY57B,劳拉,收货,上架
PrSoA3LaMi,混合色 品牌25 三号纸 打印机（激光）,打印机,品牌25,三号纸,激光,混合色,16*1*1,16,DP10A,克里斯,收货,上架
AlSu1416Bl,黑色 品牌11 14英寸 一体机（16吉字节内存）,一体机,品牌11,14英寸,16吉字节内存,黑色,16*1*1,16,CR94E,迈克,收货,上架
GaOGMErGr,灰色 品牌07 中号 游戏椅（人体工学）,游戏椅,品牌07,中号,人体工学,灰色,16*1*1,16,BW30B,亚历克斯,收货,上架
KeRe45BlWh,白色 品牌10 450 键盘（蓝牙）,键盘,品牌10,450,蓝牙,白色,16*10*1,160,BW87G,艾米,收货,上架
AlOv1716Wh,白色 品牌13 17英寸 一体机（16吉字节内存）,一体机,品牌13,17英寸,16吉字节内存,白色,16*1*1,16,AN65B,大卫,收货,上架
TVEs65S4Si,银色 品牌32 65英寸 电视机（超级超高清）,电视机,品牌32,65英寸,超级超高清,银色,8*1*1,8,BG13A,莎拉,收货,上架
GaXESLeBl,黑色 品牌06 小号 游戏椅（皮革）,游戏椅,品牌06,小号,皮革,黑色,16*1*1,16,CL11D,艾米,收货,上架
TVEs654KWh,白色 品牌32 65英寸 电视机（超高清）,电视机,品牌32,65英寸,超高清,白色,8*1*1,8,DM95E,亚历克斯,收货,上架
PrSoA4InGr,灰色 品牌25 四号纸 打印机（喷墨）,打印机,品牌25,四号纸,喷墨,灰色,16*1*1,16,DU57B,大卫,收货,上架
LaSu15i5Bl,黑色 品牌11 15英寸 笔记本电脑（第5代处理器）,笔记本电脑,品牌11,15英寸,第5代处理器,黑色,16*1*1,16,BY55E,劳拉,收货,上架
TaTR10AuGr,灰色 品牌29 1000 桌子（自动调节）,桌子,品牌29,1000,自动调节,灰色,8*1*1,8,DY40G,克里斯,收货,上架
PeGi24HeWh,白色 品牌21 24 铅笔（六角形）,铅笔,品牌21,24,六角形,白色,48*10*5,2400,BJ85C,劳拉,收货,上架
SPRe50SoGr,灰色 品牌22 50 触控笔（可溶性）,触控笔,品牌22,50,可溶性,灰色,48*10*5,2400,CS92E,约翰,收货,上架
PrPHA3LaBl,黑色 品牌12 三号纸 打印机（激光）,打印机,品牌12,三号纸,激光,黑色,16*1*1,16,DL17D,迈克,收货,上架
AlSu14i5Si,银色 品牌11 14英寸 一体机（第5代处理器）,一体机,品牌11,14英寸,第5代处理器,银色,16*1*1,16,DI73B,莎拉,收货,上架
CuQE12FiWh,白色 品牌01 1200 储物柜（文件收纳）,储物柜,品牌01,1200,文件收纳,白色,8*1*1,8,BP70E,迈克,收货,上架
LaOv1516Wh,白色 品牌13 15英寸 笔记本电脑（16吉字节内存）,笔记本电脑,品牌13,15英寸,16吉字节内存,白色,16*1*1,16,DL01D,约翰,收货,上架
TVEs654KBl,黑色 品牌32 65英寸 电视机（超高清）,电视机,品牌32,65英寸,超高清,黑色,8*1*1,8,CQ65B,约翰,收货,上架
OfXEMHeGr,灰色 品牌06 中号 办公椅（头枕）,办公椅,品牌06,中号,头枕,灰色,16*1*1,16,AG67H,莎拉,收货,上架
CuTE90LoGr,灰色 品牌04 900 储物柜（储物锁柜）,储物柜,品牌04,900,储物锁柜,灰色,8*1*1,8,BJ02C,迈克,收货,上架
SPAl24SoBl,黑色 品牌20 24 触控笔（可溶性）,触控笔,品牌20,24,可溶性,黑色,48*10*5,2400,DO51A,艾米,收货,上架
LaRe17i5Si,银色 品牌14 17英寸 笔记本电脑（第5代处理器）,笔记本电脑,品牌14,17英寸,第5代处理器,银色,16*1*1,16,DX39E,艾米,收货,上架
LaRe1532Si,银色 品牌14 15英寸 笔记本电脑（32吉字节内存）,笔记本电脑,品牌14,15英寸,32吉字节内存,银色,16*1*1,16,DQ53E,约翰,收货,上架
PrReA2WiMi,混合色 品牌24 二号纸 打印机（无线网络）,打印机,品牌24,二号纸,无线网络,混合色,16*1*1,16,CJ60A,简,收货,上架
PeNa12WaPi,粉色 品牌23 12 铅笔（水彩）,铅笔,品牌23,12,水彩,粉色,48*10*5,2400,DM33C,约翰,收货,上架
GaSESAdGr,灰色 品牌08 小号 游戏椅（可调节）,游戏椅,品牌08,小号,可调节,灰色,16*1*1,16,DN72C,艾米,收货,上架
KeSu27WiPi,粉色 品牌11 270 键盘（有线）,键盘,品牌11,270,有线,粉色,16*10*1,160,DG04C,艾米,收货,上架
TVGL754KWh,白色 品牌31 75英寸 电视机（超高清）,电视机,品牌31,75英寸,超高清,白色,8*1*1,8,AZ96C,艾米,收货,上架
TaTR18AdWh,白色 品牌29 1800 桌子（可调节）,桌子,品牌29,1800,可调节,白色,8*1*1,8,AX83A,亚历克斯,收货,上架
TaTR15FrSi,银色 品牌28 1500 桌子（框架式）,桌子,品牌28,1500,框架式,银色,8*1*1,8,AJ94E,简,收货,上架
AlYn14i5Gr,灰色 品牌15 14英寸 一体机（第5代处理器）,一体机,品牌15,14英寸,第5代处理器,灰色,16*1*1,16,DP33A,简,收货,上架
PrReA4WiMi,混合色 品牌24 四号纸 打印机（无线网络）,打印机,品牌24,四号纸,无线网络,混合色,16*1*1,16,BH81H,简,收货,上架
KeRe45MePi,粉色 品牌10 450 键盘（机械式）,键盘,品牌10,450,机械式,粉色,16*10*1,160,AP26G,亚历克斯,收货,上架
AlYn158GBl,黑色 品牌15 15英寸 一体机（8吉字节内存）,一体机,品牌15,15英寸,8吉字节内存,黑色,16*1*1,16,CV08A,简,收货,上架
MoSu45WiWh,白色 品牌11 450 鼠标（有线）,鼠标,品牌11,450,有线,白色,16*10*1,160,AK42A,艾米,收货,上架
OfXELAdPi,粉色 品牌06 大号 办公椅（可调节）,办公椅,品牌06,大号,可调节,粉色,16*1*1,16,DJ09B,艾米,收货,上架
PrReA4AlWh,白色 品牌24 四号纸 打印机（一体式）,打印机,品牌24,四号纸,一体式,白色,16*1*1,16,BR22B,艾米,收货,上架
GaXELAdGr,灰色 品牌06 大号 游戏椅（可调节）,游戏椅,品牌06,大号,可调节,灰色,16*1*1,16,AS53A,简,收货,上架
AlOv15i7Gr,灰色 品牌13 15英寸 一体机（第7代处理器）,一体机,品牌13,15英寸,第7代处理器,灰色,16*1*1,16,DI11C,莎拉,收货,上架
KeRe35MeNa,藏青色 品牌10 350 键盘（机械式）,键盘,品牌10,350,机械式,藏青色,16*10*1,160,DI34H,亚历克斯,收货,上架
TVEs324KSi,银色 品牌32 32英寸 电视机（超高清）,电视机,品牌32,32英寸,超高清,银色,8*1*1,8,CI40D,莎拉,收货,上架
OfAEMHeWh,白色 品牌05 中号 办公椅（头枕）,办公椅,品牌05,中号,头枕,白色,16*1*1,16,DO81D,艾米,收货,上架
AlSu1716Bl,黑色 品牌11 17英寸 一体机（16吉字节内存）,一体机,品牌11,17英寸,16吉字节内存,黑色,16*1*1,16,AO55A,艾米丽,收货,上架
DrWE12FiBl,黑色 品牌02 1200 抽屉柜（文件收纳）,抽屉柜,品牌02,1200,文件收纳,黑色,8*1*1,8,AM02C,艾米丽,收货,上架
CaWE12SlBl,黑色 品牌02 1200 文件柜（滑动式）,文件柜,品牌02,1200,滑动式,黑色,8*1*1,8,BN35B,艾米丽,收货,上架
CuQE12LoBe,米色 品牌01 1200 储物柜（储物锁柜）,储物柜,品牌01,1200,储物锁柜,米色,8*1*1,8,CF65C,迈克,收货,上架
AlRe14i7Gr,灰色 品牌14 14英寸 一体机（第7代处理器）,一体机,品牌14,14英寸,第7代处理器,灰色,16*1*1,16,CU70H,亚历克斯,收货,上架
PrSoA4WiGr,灰色 品牌25 四号纸 打印机（无线网络）,打印机,品牌25,四号纸,无线网络,灰色,16*1*1,16,AI40H,莎拉,收货,上架
PrNoA3WiWh,白色 品牌26 三号纸 打印机（无线网络）,打印机,品牌26,三号纸,无线网络,白色,16*1*1,16,DF85E,劳拉,收货,上架
TaCI18AdSi,银色 品牌27 1800 桌子（可调节）,桌子,品牌27,1800,可调节,银色,8*1*1,8,DQ05H,亚历克斯,收货,上架
KePH45BlBl,黑色 品牌12 450 键盘（蓝牙）,键盘,品牌12,450,蓝牙,黑色,16*10*1,160,AG63D,迈克,收货,上架
GaSELErGr,灰色 品牌08 大号 游戏椅（人体工学）,游戏椅,品牌08,大号,人体工学,灰色,16*1*1,16,BJ24H,克里斯,收货,上架
PeAl24SoGr,灰色 品牌20 24 铅笔（可溶性）,铅笔,品牌20,24,可溶性,灰色,48*10*5,2400,AF15F,艾米,收货,上架
CaRG18DoWh,白色 品牌03 1800 文件柜（带门式）,文件柜,品牌03,1800,带门式,白色,8*1*1,8,CW57C,迈克,收货,上架
MoHc27ErPi,粉色 品牌09 270 鼠标（人体工学）,鼠标,品牌09,270,人体工学,粉色,16*10*1,160,AU11B,劳拉,收货,上架
CaRG12SlGr,灰色 品牌03 1200 文件柜（滑动式）,文件柜,品牌03,1200,滑动式,灰色,8*1*1,8,AM72B,简,收货,上架
TVYn50SFBl,黑色 品牌15 50英寸 电视机（超级全高清）,电视机,品牌15,50英寸,超级全高清,黑色,8*1*1,8,BS42A,劳拉,收货,上架
DrWE90LoWh,白色 品牌02 900 抽屉柜（储物锁柜）,抽屉柜,品牌02,900,储物锁柜,白色,8*1*1,8,DL25D,艾米,收货,上架
GaXESAdWh,白色 品牌06 小号 游戏椅（可调节）,游戏椅,品牌06,小号,可调节,白色,16*1*1,16,DI30C,克里斯,收货,上架
PrReA3AlBl,黑色 品牌24 三号纸 打印机（一体式）,打印机,品牌24,三号纸,一体式,黑色,16*1*1,16,BV13D,艾米,收货,上架
OfOGLLePi,粉色 品牌07 大号 办公椅（皮革）,办公椅,品牌07,大号,皮革,粉色,16*1*1,16,DM22D,大卫,收货,上架
PrNoA4AlWh,白色 品牌26 四号纸 打印机（一体式）,打印机,品牌26,四号纸,一体式,白色,16*1*1,16,CN02D,亚历克斯,收货,上架
GaSELErGr,灰色 品牌08 大号 游戏椅（人体工学）,游戏椅,品牌08,大号,人体工学,灰色,16*1*1,16,CT49H,艾米,收货,上架
LaPH14i5Si,银色 品牌12 14英寸 笔记本电脑（第5代处理器）,笔记本电脑,品牌12,14英寸,第5代处理器,银色,16*1*1,16,AV12E,克里斯,收货,上架
GaSESErPi,粉色 品牌08 小号 游戏椅（人体工学）,游戏椅,品牌08,小号,人体工学,粉色,16*1*1,16,DW88F,劳拉,收货,上架
MoHc45BlNa,藏青色 品牌09 450 鼠标（蓝牙）,鼠标,品牌09,450,蓝牙,藏青色,16*10*1,160,BF45A,艾米丽,收货,上架
PeNa50HeGr,灰色 品牌23 50 铅笔（六角形）,铅笔,品牌23,50,六角形,灰色,48*10*5,2400,CR27G,艾米,收货,上架
OfAEMErBl,黑色 品牌05 中号 办公椅（人体工学）,办公椅,品牌05,中号,人体工学,黑色,16*1*1,16,AT84D,简,收货,上架
GaSEMLeGr,灰色 品牌08 中号 游戏椅（皮革）,游戏椅,品牌08,中号,皮革,灰色,16*1*1,16,AL82F,克里斯,收货,上架
TVGL754KBl,黑色 品牌31 75英寸 电视机（超高清）,电视机,品牌31,75英寸,超高清,黑色,8*1*1,8,BP51C,艾米丽,收货,上架
DrQE12LoGr,灰色 品牌01 1200 抽屉柜（储物锁柜）,抽屉柜,品牌01,1200,储物锁柜,灰色,8*1*1,8,AH46H,艾米丽,收货,上架
PeNa50HePi,粉色 品牌23 50 铅笔（六角形）,铅笔,品牌23,50,六角形,粉色,48*10*5,2400,BG21F,简,收货,上架
CuQE18LoBe,米色 品牌01 1800 储物柜（储物锁柜）,储物柜,品牌01,1800,储物锁柜,米色,8*1*1,8,CK37F,约翰,收货,上架
PrPHA4LaBl,黑色 品牌12 四号纸 打印机（激光）,打印机,品牌12,四号纸,激光,黑色,16*1*1,16,AO04E,简,收货,上架
LaPH1416Gr,灰色 品牌12 14英寸 笔记本电脑（16吉字节内存）,笔记本电脑,品牌12,14英寸,16吉字节内存,灰色,16*1*1,16,AG52E,劳拉,收货,上架
PrNoA4WiWh,白色 品牌26 四号纸 打印机（无线网络）,打印机,品牌26,四号纸,无线网络,白色,16*1*1,16,BF84B,艾米,收货,上架
AlSu148GSi,银色 品牌11 14英寸 一体机（8吉字节内存）,一体机,品牌11,14英寸,8吉字节内存,银色,16*1*1,16,AJ42H,约翰,收货,上架
NoMuA5ruBl,黑色 品牌19 五号纸 笔记本（横线）,笔记本,品牌19,五号纸,横线,黑色,48*10*5,2400,CF29H,大卫,收货,上架
CaWE18LoBl,黑色 品牌02 1800 文件柜（储物锁柜）,文件柜,品牌02,1800,储物锁柜,黑色,8*1*1,8,DW25H,克里斯,收货,上架
AlRe17i5Gr,灰色 品牌14 17英寸 一体机（第5代处理器）,一体机,品牌14,17英寸,第5代处理器,灰色,16*1*1,16,DL67A,艾米丽,收货,上架
GaAELHePi,粉色 品牌05 大号 游戏椅（头枕）,游戏椅,品牌05,大号,头枕,粉色,16*1*1,16,AZ25C,简,收货,上架
OfOGSErBl,黑色 品牌07 小号 办公椅（人体工学）,办公椅,品牌07,小号,人体工学,黑色,16*1*1,16,BM89B,约翰,收货,上架
DrWE12LoGr,灰色 品牌02 1200 抽屉柜（储物锁柜）,抽屉柜,品牌02,1200,储物锁柜,灰色,8*1*1,8,AQ26A,迈克,收货,上架
TVGn75FHSi,银色 品牌30 75英寸 电视机（全高清）,电视机,品牌30,75英寸,全高清,银色,8*1*1,8,AG50G,艾米,收货,上架
DrRG12DoGr,灰色 品牌03 1200 抽屉柜（带门式）,抽屉柜,品牌03,1200,带门式,灰色,8*1*1,8,AH53F,克里斯,收货,上架
TVGL42S4Wh,白色 品牌31 42英寸 电视机（超级超高清）,电视机,品牌31,42英寸,超级超高清,白色,8*1*1,8,DG66B,艾米丽,收货,上架
CaQE90DoGr,灰色 品牌01 900 文件柜（带门式）,文件柜,品牌01,900,带门式,灰色,8*1*1,8,CR07C,艾米,收货,上架
TaTR10WoSi,银色 品牌29 1000 桌子（工作站）,桌子,品牌29,1000,工作站,银色,8*1*1,8,BZ06H,简,收货,上架
KeRe45ErNa,藏青色 品牌10 450 键盘（人体工学）,键盘,品牌10,450,人体工学,藏青色,16*10*1,160,CY91E,克里斯,收货,上架
NoExA4ruSi,银色 品牌16 四号纸 笔记本（横线）,笔记本,品牌16,四号纸,横线,银色,48*10*5,2400,DJ27C,迈克,收货,上架
AlRe1716Bl,黑色 品牌14 17英寸 一体机（16吉字节内存）,一体机,品牌14,17英寸,16吉字节内存,黑色,16*1*1,16,AQ79H,克里斯,收货,上架
TaAE10FrSi,银色 品牌05 1000 桌子（框架式）,桌子,品牌05,1000,框架式,银色,8*1*1,8,CI21E,克里斯,收货,上架
LaYn14i5Wh,白色 品牌15 14英寸 笔记本电脑（第5代处理器）,笔记本电脑,品牌15,14英寸,第5代处理器,白色,16*1*1,16,BU74G,劳拉,收货,上架
GaSESAdPi,粉色 品牌08 小号 游戏椅（可调节）,游戏椅,品牌08,小号,可调节,粉色,16*1*1,16,BL83G,简,收货,上架
AlPH15i7Si,银色 品牌12 15英寸 一体机（第7代处理器）,一体机,品牌12,15英寸,第7代处理器,银色,16*1*1,16,CJ31B,迈克,收货,上架
DrTE12SlBl,黑色 品牌04 1200 抽屉柜（滑动式）,抽屉柜,品牌04,1200,滑动式,黑色,8*1*1,8,BQ27A,莎拉,收货,上架
DrWE90DoBl,黑色 品牌02 900 抽屉柜（带门式）,抽屉柜,品牌02,900,带门式,黑色,8*1*1,8,CI91H,艾米,收货,上架
TaTR18FrSi,银色 品牌28 1800 桌子（框架式）,桌子,品牌28,1800,框架式,银色,8*1*1,8,CX46C,迈克,收货,上架
AlPH17i7Gr,灰色 品牌12 17英寸 一体机（第7代处理器）,一体机,品牌12,17英寸,第7代处理器,灰色,16*1*1,16,CI15G,艾米,收货,上架
TVEs65FHWh,白色 品牌32 65英寸 电视机（全高清）,电视机,品牌32,65英寸,全高清,白色,8*1*1,8,DX93H,简,收货,上架
TVYn75SFBl,黑色 品牌15 75英寸 电视机（超级全高清）,电视机,品牌15,75英寸,超级全高清,黑色,8*1*1,8,AZ07E,艾米丽,收货,上架
TVEs65S4Wh,白色 品牌32 65英寸 电视机（超级超高清）,电视机,品牌32,65英寸,超级超高清,白色,8*1*1,8,DO95H,大卫,收货,上架
TaTR10WoGr,灰色 品牌28 1000 桌子（工作站）,桌子,品牌28,1000,工作站,灰色,8*1*1,8,AN28D,艾米丽,收货,上架
DrRG12LoGr,灰色 品牌03 1200 抽屉柜（储物锁柜）,抽屉柜,品牌03,1200,储物锁柜,灰色,8*1*1,8,AS37C,约翰,收货,上架
KeSu45WiNa,藏青色 品牌11 450 键盘（有线）,键盘,品牌11,450,有线,藏青色,16*10*1,160,DL07E,简,收货,上架
PeRe12SoPi,粉色 品牌22 12 铅笔（可溶性）,铅笔,品牌22,12,可溶性,粉色,48*10*5,2400,CI13C,莎拉,收货,上架
MoHc45BlNa,藏青色 品牌09 450 鼠标（蓝牙）,鼠标,品牌09,450,蓝牙,藏青色,16*10*1,160,DF46C,亚历克斯,收货,上架
AlPH1732Wh,白色 品牌12 17英寸 一体机（32吉字节内存）,一体机,品牌12,17英寸,32吉字节内存,白色,16*1*1,16,BY02F,艾米丽,收货,上架
MoSu45ErBl,黑色 品牌11 450 鼠标（人体工学）,鼠标,品牌11,450,人体工学,黑色,16*10*1,160,AG84A,艾米,收货,上架
GaOGMErBl,黑色 品牌07 中号 游戏椅（人体工学）,游戏椅,品牌07,中号,人体工学,黑色,16*1*1,16,AF01B,迈克,收货,上架
OfXESErPi,粉色 品牌06 小号 办公椅（人体工学）,办公椅,品牌06,小号,人体工学,粉色,16*1*1,16,DS25E,艾米,收货,上架
CaWE18SlWh,白色 品牌02 1800 文件柜（滑动式）,文件柜,品牌02,1800,滑动式,白色,8*1*1,8,DW22D,迈克,收货,上架
DrTE12LoGr,灰色 品牌04 1200 抽屉柜（储物锁柜）,抽屉柜,品牌04,1200,储物锁柜,灰色,8*1*1,8,DT84H,亚历克斯,收货,上架
PrNoA3LaWh,白色 品牌26 三号纸 打印机（激光）,打印机,品牌26,三号纸,激光,白色,16*1*1,16,BT71F,亚历克斯,收货,上架
CuTE12FiGr,灰色 品牌04 1200 储物柜（文件收纳）,储物柜,品牌04,1200,文件收纳,灰色,8*1*1,8,DF96G,亚历克斯,收货,上架
CaRG90SlBe,米色 品牌03 900 文件柜（滑动式）,文件柜,品牌03,900,滑动式,米色,8*1*1,8,DP74E,简,收货,上架
KeSu35MeBl,黑色 品牌11 350 键盘（机械式）,键盘,品牌11,350,机械式,黑色,16*10*1,160,AT58C,艾米丽,收货,上架
CaRG12DoBl,黑色 品牌03 1200 文件柜（带门式）,文件柜,品牌03,1200,带门式,黑色,8*1*1,8,DR56A,艾米,收货,上架
CuRG90SlBl,黑色 品牌03 900 储物柜（滑动式）,储物柜,品牌03,900,滑动式,黑色,8*1*1,8,CY50D,劳拉,收货,上架
MoHc45WiWh,白色 品牌09 450 鼠标（有线）,鼠标,品牌09,450,有线,白色,16*10*1,160,AI23A,大卫,收货,上架
KeRe45BlNa,藏青色 品牌10 450 键盘（蓝牙）,键盘,品牌10,450,蓝牙,藏青色,16*10*1,160,CK08F,简,收货,上架
PeNa24WaPi,粉色 品牌23 24 铅笔（水彩）,铅笔,品牌23,24,水彩,粉色,48*10*5,2400,DV92E,大卫,收货,上架
PrSoA3InWh,白色 品牌25 三号纸 打印机（喷墨）,打印机,品牌25,三号纸,喷墨,白色,16*1*1,16,AY07C,艾米,收货,上架
TVYn65SFWh,白色 品牌15 65英寸 电视机（超级全高清）,电视机,品牌15,65英寸,超级全高清,白色,8*1*1,8,CW11H,迈克,收货,上架
PrReA3AlBl,黑色 品牌24 三号纸 打印机（一体式）,打印机,品牌24,三号纸,一体式,黑色,16*1*1,16,AL93C,大卫,收货,上架
AlYn158GGr,灰色 品牌15 15英寸 一体机（8吉字节内存）,一体机,品牌15,15英寸,8吉字节内存,灰色,16*1*1,16,DK41H,约翰,收货,上架
AlYn14i7Wh,白色 品牌15 14英寸 一体机（第7代处理器）,一体机,品牌15,14英寸,第7代处理器,白色,16*1*1,16,BK44E,劳拉,收货,上架
LaPH1516Bl,黑色 品牌12 15英寸 笔记本电脑（16吉字节内存）,笔记本电脑,品牌12,15英寸,16吉字节内存,黑色,16*1*1,16,BG70E,约翰,收货,上架
MoPH27ErNa,藏青色 品牌12 270 鼠标（人体工学）,鼠标,品牌12,270,人体工学,藏青色,16*10*1,160,CU53B,劳拉,收货,上架
KeHc45ErPi,粉色 品牌09 450 键盘（人体工学）,键盘,品牌09,450,人体工学,粉色,16*10*1,160,CV17G,亚历克斯,收货,上架
AlOv1732Gr,灰色 品牌13 17英寸 一体机（32吉字节内存）,一体机,品牌13,17英寸,32吉字节内存,灰色,16*1*1,16,AJ61G,莎拉,收货,上架
OfAEMErPi,粉色 品牌05 中号 办公椅（人体工学）,办公椅,品牌05,中号,人体工学,粉色,16*1*1,16,DX50C,劳拉,收货,上架
SPGi12SoGr,灰色 品牌21 12 触控笔（可溶性）,触控笔,品牌21,12,可溶性,灰色,48*10*5,2400,AH49H,迈克,收货,上架
NoScA5doBl,黑色 品牌17 五号纸 笔记本（点阵）,笔记本,品牌17,五号纸,点阵,黑色,48*10*5,2400,CV62E,莎拉,收货,上架
SPAl50SoPi,粉色 品牌20 50 触控笔（可溶性）,触控笔,品牌20,50,可溶性,粉色,48*10*5,2400,BS49G,迈克,收货,上架
OfSEMHeBl,黑色 品牌08 中号 办公椅（头枕）,办公椅,品牌08,中号,头枕,黑色,16*1*1,16,CV40A,亚历克斯,收货,上架
MoRe27ErBl,黑色 品牌10 270 鼠标（人体工学）,鼠标,品牌10,270,人体工学,黑色,16*10*1,160,BK41F,莎拉,收货,上架
SPAl12HePi,粉色 品牌20 12 触控笔（六角形）,触控笔,品牌20,12,六角形,粉色,48*10*5,2400,DV81B,迈克,收货,上架
AlOv15i7Wh,白色 品牌13 15英寸 一体机（第7代处理器）,一体机,品牌13,15英寸,第7代处理器,白色,16*1*1,16,BX69G,大卫,收货,上架
PrPHA4InGr,灰色 品牌12 四号纸 打印机（喷墨）,打印机,品牌12,四号纸,喷墨,灰色,16*1*1,16,DM48A,约翰,收货,上架
AlSu15i5Gr,灰色 品牌11 15英寸 一体机（第5代处理器）,一体机,品牌11,15英寸,第5代处理器,灰色,16*1*1,16,CP12A,艾米,收货,上架
CaTE90FiBe,米色 品牌04 900 文件柜（文件收纳）,文件柜,品牌04,900,文件收纳,米色,8*1*1,8,BK03C,艾米,收货,上架
TVEs654KWh,白色 品牌32 65英寸 电视机（超高清）,电视机,品牌32,65英寸,超高清,白色,8*1*1,8,CN62G,劳拉,收货,上架
PeRe24SoPi,粉色 品牌22 24 铅笔（可溶性）,铅笔,品牌22,24,可溶性,粉色,48*10*5,2400,BN26D,迈克,收货,上架
DrRG90FiBe,米色 品牌03 900 抽屉柜（文件收纳）,抽屉柜,品牌03,900,文件收纳,米色,8*1*1,8,DU58B,亚历克斯,收货,上架
GaOGMLeWh,白色 品牌07 中号 游戏椅（皮革）,游戏椅,品牌07,中号,皮革,白色,16*1*1,16,AL54E,艾米丽,收货,上架
AlOv158GWh,白色 品牌13 15英寸 一体机（8吉字节内存）,一体机,品牌13,15英寸,8吉字节内存,白色,16*1*1,16,DY62H,克里斯,收货,上架
CuQE90SlBe,米色 品牌01 900 储物柜（滑动式）,储物柜,品牌01,900,滑动式,米色,8*1*1,8,AL89G,简,收货,上架
NoMuA5ruWh,白色 品牌19 五号纸 笔记本（横线）,笔记本,品牌19,五号纸,横线,白色,48*10*5,2400,AZ18G,迈克,收货,上架
TVGL65SFWh,白色 品牌31 65英寸 电视机（超级全高清）,电视机,品牌31,65英寸,超级全高清,白色,8*1*1,8,CR09C,大卫,收货,上架
OfOGMLePi,粉色 品牌07 中号 办公椅（皮革）,办公椅,品牌07,中号,皮革,粉色,16*1*1,16,DY60C,克里斯,收货,上架
CaWE90SlBl,黑色 品牌02 900 文件柜（滑动式）,文件柜,品牌02,900,滑动式,黑色,8*1*1,8,AO73A,约翰,收货,上架
TaCI15AdGr,灰色 品牌27 1500 桌子（可调节）,桌子,品牌27,1500,可调节,灰色,8*1*1,8,BH57A,艾米,收货,上架
PrSoA2LaMi,混合色 品牌25 二号纸 打印机（激光）,打印机,品牌25,二号纸,激光,混合色,16*1*1,16,DZ34A,劳拉,收货,上架
KeSu45MeNa,藏青色 品牌11 450 键盘（机械式）,键盘,品牌11,450,机械式,藏青色,16*10*1,160,BI96C,艾米丽,收货,上架
TaTR15AdBl,黑色 品牌28 1500 桌子（可调节）,桌子,品牌28,1500,可调节,黑色,8*1*1,8,DO31F,克里斯,收货,上架
AlOv14i5Gr,灰色 品牌13 14英寸 一体机（第5代处理器）,一体机,品牌13,14英寸,第5代处理器,灰色,16*1*1,16,AG89G,艾米丽,收货,上架
LaPH1732Wh,白色 品牌12 17英寸 笔记本电脑（32吉字节内存）,笔记本电脑,品牌12,17英寸,32吉字节内存,白色,16*1*1,16,AO58D,约翰,收货,上架
LaPH14i7Si,银色 品牌12 14英寸 笔记本电脑（第7代处理器）,笔记本电脑,品牌12,14英寸,第7代处理器,银色,16*1*1,16,BZ21A,约翰,收货,上架
NoMuA3ruWh,白色 品牌19 三号纸 笔记本（横线）,笔记本,品牌19,三号纸,横线,白色,48*10*5,2400,BO85E,莎拉,收货,上架
PrReA3AlGr,灰色 品牌24 三号纸 打印机（一体式）,打印机,品牌24,三号纸,一体式,灰色,16*1*1,16,BW56E,迈克,收货,上架
GaXESLeGr,灰色 品牌06 小号 游戏椅（皮革）,游戏椅,品牌06,小号,皮革,灰色,16*1*1,16,DX35D,艾米,收货,上架
CaRG12SlWh,白色 品牌03 1200 文件柜（滑动式）,文件柜,品牌03,1200,滑动式,白色,8*1*1,8,AR35B,简,收货,上架
KeSu45BlPi,粉色 品牌11 450 键盘（蓝牙）,键盘,品牌11,450,蓝牙,粉色,16*10*1,160,BG60G,简,收货,上架
CaRG18FiBl,黑色 品牌03 1800 文件柜（文件收纳）,文件柜,品牌03,1800,文件收纳,黑色,8*1*1,8,CV29E,大卫,收货,上架
TVYn50FHBl,黑色 品牌15 50英寸 电视机（全高清）,电视机,品牌15,50英寸,全高清,黑色,8*1*1,8,BU01E,艾米,收货,上架
DrRG90LoBe,米色 品牌03 900 抽屉柜（储物锁柜）,抽屉柜,品牌03,900,储物锁柜,米色,8*1*1,8,BG88G,劳拉,收货,上架
PrReA4LaWh,白色 品牌24 四号纸 打印机（激光）,打印机,品牌24,四号纸,激光,白色,16*1*1,16,CL37C,大卫,收货,上架
TaCI15AuSi,银色 品牌27 1500 桌子（自动调节）,桌子,品牌27,1500,自动调节,银色,8*1*1,8,AP46C,亚历克斯,收货,上架
TVGL42S4Wh,白色 品牌31 42英寸 电视机（超级超高清）,电视机,品牌31,42英寸,超级超高清,白色,8*1*1,8,CX17A,大卫,收货,上架
SPAl50HeBl,黑色 品牌20 50 触控笔（六角形）,触控笔,品牌20,50,六角形,黑色,48*10*5,2400,CH18F,艾米丽,收货,上架
TVYn65SFWh,白色 品牌15 65英寸 电视机（超级全高清）,电视机,品牌15,65英寸,超级全高清,白色,8*1*1,8,BR38E,艾米丽,收货,上架
GaOGSErBl,黑色 品牌07 小号 游戏椅（人体工学）,游戏椅,品牌07,小号,人体工学,黑色,16*1*1,16,AX36B,大卫,收货,上架
KePH35MePi,粉色 品牌12 350 键盘（机械式）,键盘,品牌12,350,机械式,粉色,16*10*1,160,BF90F,简,收货,上架
MoSu27BlWh,白色 品牌11 270 鼠标（蓝牙）,鼠标,品牌11,270,蓝牙,白色,16*10*1,160,AG93H,简,收货,上架
DrRG90LoGr,灰色 品牌03 900 抽屉柜（储物锁柜）,抽屉柜,品牌03,900,储物锁柜,灰色,8*1*1,8,AS80G,劳拉,收货,上架
MoRe27MeNa,藏青色 品牌10 270 鼠标（机械式）,鼠标,品牌10,270,机械式,藏青色,16*10*1,160,CR13H,简,收货,上架
GaXELAdGr,灰色 品牌06 大号 游戏椅（可调节）,游戏椅,品牌06,大号,可调节,灰色,16*1*1,16,AV61F,亚历克斯,收货,上架
NoExA5liBl,黑色 品牌16 五号纸 笔记本（线条）,笔记本,品牌16,五号纸,线条,黑色,48*10*5,2400,AW69G,艾米,收货,上架
AlRe158GGr,灰色 品牌14 15英寸 一体机（8吉字节内存）,一体机,品牌14,15英寸,8吉字节内存,灰色,16*1*1,16,CS95A,克里斯,收货,上架
OfSESHePi,粉色 品牌08 小号 办公椅（头枕）,办公椅,品牌08,小号,头枕,粉色,16*1*1,16,BK25B,劳拉,收货,上架
PeNa12WaGr,灰色 品牌23 12 铅笔（水彩）,铅笔,品牌23,12,水彩,灰色,48*10*5,2400,DU48G,亚历克斯,收货,上架
CaQE12DoBe,米色 品牌01 1200 文件柜（带门式）,文件柜,品牌01,1200,带门式,米色,8*1*1,8,CI18C,艾米,收货,上架
TVYn42S4Wh,白色 品牌15 42英寸 电视机（超级超高清）,电视机,品牌15,42英寸,超级超高清,白色,8*1*1,8,BG68D,艾米丽,收货,上架
LaPH1732Wh,白色 品牌12 17英寸 笔记本电脑（32吉字节内存）,笔记本电脑,品牌12,17英寸,32吉字节内存,白色,16*1*1,16,DI24G,劳拉,收货,上架
SPRe12SoGr,灰色 品牌22 12 触控笔（可溶性）,触控笔,品牌22,12,可溶性,灰色,48*10*5,2400,DX05E,艾米,收货,上架
TaTR18FrWh,白色 品牌29 1800 桌子（框架式）,桌子,品牌29,1800,框架式,白色,8*1*1,8,AI64A,亚历克斯,收货,上架
NoScA5doSi,银色 品牌17 五号纸 笔记本（点阵）,笔记本,品牌17,五号纸,点阵,银色,48*10*5,2400,CS37G,艾米丽,收货,上架
TVYn504KWh,白色 品牌15 50英寸 电视机（超高清）,电视机,品牌15,50英寸,超高清,白色,8*1*1,8,AS14H,克里斯,收货,上架
PrReA3WiGr,灰色 品牌24 三号纸 打印机（无线网络）,打印机,品牌24,三号纸,无线网络,灰色,16*1*1,16,AH31D,艾米,收货,上架
AlPH17i7Gr,灰色 品牌12 17英寸 一体机（第7代处理器）,一体机,品牌12,17英寸,第7代处理器,灰色,16*1*1,16,BO55D,亚历克斯,收货,上架
AlSu1532Bl,黑色 品牌11 15英寸 一体机（32吉字节内存）,一体机,品牌11,15英寸,32吉字节内存,黑色,16*1*1,16,DY04A,劳拉,收货,上架
TaTR18WoSi,银色 品牌28 1800 桌子（工作站）,桌子,品牌28,1800,工作站,银色,8*1*1,8,CN92F,劳拉,收货,上架
LaPH14i7Gr,灰色 品牌12 14英寸 笔记本电脑（第7代处理器）,笔记本电脑,品牌12,14英寸,第7代处理器,灰色,16*1*1,16,DG81C,克里斯,收货,上架
AlYn1532Bl,黑色 品牌15 15英寸 一体机（32吉字节内存）,一体机,品牌15,15英寸,32吉字节内存,黑色,16*1*1,16,CG32D,莎拉,收货,上架
TaTR10AdBl,黑色 品牌28 1000 桌子（可调节）,桌子,品牌28,1000,可调节,黑色,8*1*1,8,BZ26A,克里斯,收货,上架
LaYn1432Bl,黑色 品牌15 14英寸 笔记本电脑（32吉字节内存）,笔记本电脑,品牌15,14英寸,32吉字节内存,黑色,16*1*1,16,CW38F,大卫,收货,上架
PrSoA3WiMi,混合色 品牌25 三号纸 打印机（无线网络）,打印机,品牌25,三号纸,无线网络,混合色,16*1*1,16,CY95H,约翰,收货,上架
PrSoA2InBl,黑色 品牌25 二号纸 打印机（喷墨）,打印机,品牌25,二号纸,喷墨,黑色,16*1*1,16,BL58E,莎拉,收货,上架
LaSu1432Gr,灰色 品牌11 14英寸 笔记本电脑（32吉字节内存）,笔记本电脑,品牌11,14英寸,32吉字节内存,灰色,16*1*1,16,CL67E,约翰,收货,上架
GaOGMHeBl,黑色 品牌07 中号 游戏椅（头枕）,游戏椅,品牌07,中号,头枕,黑色,16*1*1,16,BY28H,莎拉,收货,上架
CuWE90FiBl,黑色 品牌02 900 储物柜（文件收纳）,储物柜,品牌02,900,文件收纳,黑色,8*1*1,8,CJ23F,简,收货,上架
AlYn178GWh,白色 品牌15 17英寸 一体机（8吉字节内存）,一体机,品牌15,17英寸,8吉字节内存,白色,16*1*1,16,CI79E,克里斯,收货,上架
AlSu1532Bl,黑色 品牌11 15英寸 一体机（32吉字节内存）,一体机,品牌11,15英寸,32吉字节内存,黑色,16*1*1,16,DH41B,艾米丽,收货,上架
PrNoA4WiGr,灰色 品牌26 四号纸 打印机（无线网络）,打印机,品牌26,四号纸,无线网络,灰色,16*1*1,16,DF02H,劳拉,收货,上架
KeHc45BlBl,黑色 品牌09 450 键盘（蓝牙）,键盘,品牌09,450,蓝牙,黑色,16*10*1,160,DQ15H,大卫,收货,上架
OfOGLAdWh,白色 品牌07 大号 办公椅（可调节）,办公椅,品牌07,大号,可调节,白色,16*1*1,16,CT13D,克里斯,收货,上架
SPAl50WaPi,粉色 品牌20 50 触控笔（水彩）,触控笔,品牌20,50,水彩,粉色,48*10*5,2400,DL13G,艾米丽,收货,上架
DrTE18DoBl,黑色 品牌04 1800 抽屉柜（带门式）,抽屉柜,品牌04,1800,带门式,黑色,8*1*1,8,DI61H,艾米丽,收货,上架
CaRG18FiGr,灰色 品牌03 1800 文件柜（文件收纳）,文件柜,品牌03,1800,文件收纳,灰色,8*1*1,8,CU28D,莎拉,收货,上架
OfOGLErPi,粉色 品牌07 大号 办公椅（人体工学）,办公椅,品牌07,大号,人体工学,粉色,16*1*1,16,BJ66F,克里斯,收货,上架
AlPH14i5Gr,灰色 品牌12 14英寸 一体机（第5代处理器）,一体机,品牌12,14英寸,第5代处理器,灰色,16*1*1,16,DV31D,克里斯,收货,上架
PeNa12SoGr,灰色 品牌23 12 铅笔（可溶性）,铅笔,品牌23,12,可溶性,灰色,48*10*5,2400,DY77D,克里斯,收货,上架
MoSu45MePi,粉色 品牌11 450 鼠标（机械式）,鼠标,品牌11,450,机械式,粉色,16*10*1,160,CP13F,亚历克斯,收货,上架
AlRe17i7Wh,白色 品牌14 17英寸 一体机（第7代处理器）,一体机,品牌14,17英寸,第7代处理器,白色,16*1*1,16,CG78A,约翰,收货,上架
CaWE90LoGr,灰色 品牌02 900 文件柜（储物锁柜）,文件柜,品牌02,900,储物锁柜,灰色,8*1*1,8,AJ37B,约翰,收货,上架
LaPH14i5Si,银色 品牌12 14英寸 笔记本电脑（第5代处理器）,笔记本电脑,品牌12,14英寸,第5代处理器,银色,16*1*1,16,DW27A,约翰,收货,上架
KePH35WiWh,白色 品牌12 350 键盘（有线）,键盘,品牌12,350,有线,白色,16*10*1,160,DH40C,克里斯,收货,上架
GaXEMHePi,粉色 品牌06 中号 游戏椅（头枕）,游戏椅,品牌06,中号,头枕,粉色,16*1*1,16,DF40H,艾米,收货,上架
DrQE12FiGr,灰色 品牌01 1200 抽屉柜（文件收纳）,抽屉柜,品牌01,1200,文件收纳,灰色,8*1*1,8,BJ65F,约翰,收货,上架
GaOGSLePi,粉色 品牌07 小号 游戏椅（皮革）,游戏椅,品牌07,小号,皮革,粉色,16*1*1,16,DQ38E,约翰,收货,上架
DrTE12FiWh,白色 品牌04 1200 抽屉柜（文件收纳）,抽屉柜,品牌04,1200,文件收纳,白色,8*1*1,8,AY82F,约翰,收货,上架
NoScA3doBl,黑色 品牌17 三号纸 笔记本（点阵）,笔记本,品牌17,三号纸,点阵,黑色,48*10*5,2400,CM84D,迈克,收货,上架
PrPHA2InMi,混合色 品牌12 二号纸 打印机（喷墨）,打印机,品牌12,二号纸,喷墨,混合色,16*1*1,16,AS24H,迈克,收货,上架
TVGL32FHBl,黑色 品牌31 32英寸 电视机（全高清）,电视机,品牌31,32英寸,全高清,黑色,8*1*1,8,AV93B,艾米丽,收货,上架
NoExA4ruGr,灰色 品牌16 四号纸 笔记本（横线）,笔记本,品牌16,四号纸,横线,灰色,48*10*5,2400,DG89F,约翰,收货,上架
CuRG18LoGr,灰色 品牌03 1800 储物柜（储物锁柜）,储物柜,品牌03,1800,储物锁柜,灰色,8*1*1,8,DF82A,简,收货,上架
PrNoA2InBl,黑色 品牌26 二号纸 打印机（喷墨）,打印机,品牌26,二号纸,喷墨,黑色,16*1*1,16,CQ58C,亚历克斯,收货,上架
TaAE10AdWh,白色 品牌05 1000 桌子（可调节）,桌子,品牌05,1000,可调节,白色,8*1*1,8,AM81D,莎拉,收货,上架
CuRG90LoGr,灰色 品牌03 900 储物柜（储物锁柜）,储物柜,品牌03,900,储物锁柜,灰色,8*1*1,8,AU51F,莎拉,收货,上架
MoPH35MeWh,白色 品牌12 350 鼠标（机械式）,鼠标,品牌12,350,机械式,白色,16*10*1,160,AW32H,艾米丽,收货,上架
NoScA5doBl,黑色 品牌17 五号纸 笔记本（点阵）,笔记本,品牌17,五号纸,点阵,黑色,48*10*5,2400,AV92D,艾米,收货,上架
LaYn15i5Si,银色 品牌15 15英寸 笔记本电脑（第5代处理器）,笔记本电脑,品牌15,15英寸,第5代处理器,银色,16*1*1,16,DW27C,劳拉,收货,上架
PeRe24WaPi,粉色 品牌22 24 铅笔（水彩）,铅笔,品牌22,24,水彩,粉色,48*10*5,2400,DG18D,克里斯,收货,上架
LaOv158GWh,白色 品牌13 15英寸 笔记本电脑（8吉字节内存）,笔记本电脑,品牌13,15英寸,8吉字节内存,白色,16*1*1,16,BS50H,亚历克斯,收货,上架
AlPH1416Bl,黑色 品牌12 14英寸 一体机（16吉字节内存）,一体机,品牌12,14英寸,16吉字节内存,黑色,16*1*1,16,CU68A,艾米,收货,上架
CuTE18LoBe,米色 品牌04 1800 储物柜（储物锁柜）,储物柜,品牌04,1800,储物锁柜,米色,8*1*1,8,DY45A,劳拉,收货,上架
DrWE12DoWh,白色 品牌02 1200 抽屉柜（带门式）,抽屉柜,品牌02,1200,带门式,白色,8*1*1,8,CF51E,艾米丽,收货,上架
PeNa24SoGr,灰色 品牌23 24 铅笔（可溶性）,铅笔,品牌23,24,可溶性,灰色,48*10*5,2400,DY51D,艾米丽,收货,上架
PrPHA3WiGr,灰色 品牌12 三号纸 打印机（无线网络）,打印机,品牌12,三号纸,无线网络,灰色,16*1*1,16,AJ89B,大卫,收货,上架
LaOv1432Bl,黑色 品牌13 14英寸 笔记本电脑（32吉字节内存）,笔记本电脑,品牌13,14英寸,32吉字节内存,黑色,16*1*1,16,DQ23G,大卫,收货,上架
PrPHA4AlBl,黑色 品牌12 四号纸 打印机（一体式）,打印机,品牌12,四号纸,一体式,黑色,16*1*1,16,AV64H,劳拉,收货,上架
AlPH158GGr,灰色 品牌12 15英寸 一体机（8吉字节内存）,一体机,品牌12,15英寸,8吉字节内存,灰色,16*1*1,16,BJ87E,亚历克斯,收货,上架
OfAESErPi,粉色 品牌05 小号 办公椅（人体工学）,办公椅,品牌05,小号,人体工学,粉色,16*1*1,16,DX71H,大卫,收货,上架
LaRe1416Gr,灰色 品牌14 14英寸 笔记本电脑（16吉字节内存）,笔记本电脑,品牌14,14英寸,16吉字节内存,灰色,16*1*1,16,CZ27C,克里斯,收货,上架
SPRe12SoGr,灰色 品牌22 12 触控笔（可溶性）,触控笔,品牌22,12,可溶性,灰色,48*10*5,2400,DM20G,迈克,收货,上架
PeRe12HeWh,白色 品牌22 12 铅笔（六角形）,铅笔,品牌22,12,六角形,白色,48*10*5,2400,CQ28B,莎拉,收货,上架
AlOv178GWh,白色 品牌13 17英寸 一体机（8吉字节内存）,一体机,品牌13,17英寸,8吉字节内存,白色,16*1*1,16,AY53H,简,收货,上架
TaTR10FrSi,银色 品牌29 1000 桌子（框架式）,桌子,品牌29,1000,框架式,银色,8*1*1,8,CW69G,大卫,收货,上架
LaPH1532Wh,白色 品牌12 15英寸 笔记本电脑（32吉字节内存）,笔记本电脑,品牌12,15英寸,32吉字节内存,白色,16*1*1,16,AQ74G,克里斯,收货,上架
LaRe17i5Gr,灰色 品牌14 17英寸 笔记本电脑（第5代处理器）,笔记本电脑,品牌14,17英寸,第5代处理器,灰色,16*1*1,16,CU94G,大卫,收货,上架
NoExA4doSi,银色 品牌16 四号纸 笔记本（点阵）,笔记本,品牌16,四号纸,点阵,银色,48*10*5,2400,BZ88B,劳拉,收货,上架
PeNa12HePi,粉色 品牌23 12 铅笔（六角形）,铅笔,品牌23,12,六角形,粉色,48*10*5,2400,AG36H,亚历克斯,收货,上架
KePH45BlBl,黑色 品牌12 450 键盘（蓝牙）,键盘,品牌12,450,蓝牙,黑色,16*10*1,160,DV34F,大卫,收货,上架
TaTR18WoSi,银色 品牌28 1800 桌子（工作站）,桌子,品牌28,1800,工作站,银色,8*1*1,8,BL95H,大卫,收货,上架
TVEs50SFBl,黑色 品牌32 50英寸 电视机（超级全高清）,电视机,品牌32,50英寸,超级全高清,黑色,8*1*1,8,CV01F,劳拉,收货,上架
MoPH27BlNa,藏青色 品牌12 270 鼠标（蓝牙）,鼠标,品牌12,270,蓝牙,藏青色,16*10*1,160,AP25D,迈克,收货,上架
TaAE18AdBl,黑色 品牌05 1800 桌子（可调节）,桌子,品牌05,1800,可调节,黑色,8*1*1,8,AS15B,莎拉,收货,上架
TVGn42FHWh,白色 品牌30 42英寸 电视机（全高清）,电视机,品牌30,42英寸,全高清,白色,8*1*1,8,AZ40H,迈克,收货,上架
CaRG90FiBl,黑色 品牌03 900 文件柜（文件收纳）,文件柜,品牌03,900,文件收纳,黑色,8*1*1,8,DR70D,劳拉,收货,上架
PrNoA2MoWh,白色 品牌26 二号纸 打印机（黑白）,打印机,品牌26,二号纸,黑白,白色,16*1*1,16,AY92D,大卫,收货,上架
PrNoA3InBl,黑色 品牌26 三号纸 打印机（喷墨）,打印机,品牌26,三号纸,喷墨,黑色,16*1*1,16,AS36F,约翰,收货,上架
CuWE12LoBe,米色 品牌02 1200 储物柜（储物锁柜）,储物柜,品牌02,1200,储物锁柜,米色,8*1*1,8,DH07D,克里斯,收货,上架
PrNoA2AlMi,混合色 品牌26 二号纸 打印机（一体式）,打印机,品牌26,二号纸,一体式,混合色,16*1*1,16,BH08B,约翰,收货,上架
AlSu15i5Gr,灰色 品牌11 15英寸 一体机（第5代处理器）,一体机,品牌11,15英寸,第5代处理器,灰色,16*1*1,16,CM95G,艾米,收货,上架
DrWE12LoGr,灰色 品牌02 1200 抽屉柜（储物锁柜）,抽屉柜,品牌02,1200,储物锁柜,灰色,8*1*1,8,DK03H,艾米丽,收货,上架
GaSELErGr,灰色 品牌08 大号 游戏椅（人体工学）,游戏椅,品牌08,大号,人体工学,灰色,16*1*1,16,CN19E,艾米丽,收货,上架
TVGn754KWh,白色 品牌30 75英寸 电视机（超高清）,电视机,品牌30,75英寸,超高清,白色,8*1*1,8,BU18B,约翰,收货,上架
TaCI15AuGr,灰色 品牌27 1500 桌子（自动调节）,桌子,品牌27,1500,自动调节,灰色,8*1*1,8,DV34H,迈克,收货,上架
MoPH45MeWh,白色 品牌12 450 鼠标（机械式）,鼠标,品牌12,450,机械式,白色,16*10*1,160,CS68H,迈克,收货,上架
GaOGSHeGr,灰色 品牌07 小号 游戏椅（头枕）,游戏椅,品牌07,小号,头枕,灰色,16*1*1,16,BN67C,简,收货,上架
AlRe14i7Bl,黑色 品牌14 14英寸 一体机（第7代处理器）,一体机,品牌14,14英寸,第7代处理器,黑色,16*1*1,16,BY61F,简,收货,上架
OfOGSLeBl,黑色 品牌07 小号 办公椅（皮革）,办公椅,品牌07,小号,皮革,黑色,16*1*1,16,BI20G,亚历克斯,收货,上架
MoRe27BlBl,黑色 品牌10 270 鼠标（蓝牙）,鼠标,品牌10,270,蓝牙,黑色,16*10*1,160,BS90G,莎拉,收货,上架
NoGrA3doWh,白色 品牌18 三号纸 笔记本（点阵）,笔记本,品牌18,三号纸,点阵,白色,48*10*5,2400,AG14E,简,收货,上架
NoScA5ruBl,黑色 品牌17 五号纸 笔记本（横线）,笔记本,品牌17,五号纸,横线,黑色,48*10*5,2400,CH22G,艾米丽,收货,上架
TVYn75FHBl,黑色 品牌15 75英寸 电视机（全高清）,电视机,品牌15,75英寸,全高清,黑色,8*1*1,8,DT88B,艾米,收货,上架
TVYn75FHWh,白色 品牌15 75英寸 电视机（全高清）,电视机,品牌15,75英寸,全高清,白色,8*1*1,8,AO81G,莎拉,收货,上架
DrWE90FiBl,黑色 品牌02 900 抽屉柜（文件收纳）,抽屉柜,品牌02,900,文件收纳,黑色,8*1*1,8,CH83E,亚历克斯,收货,上架
PeRe12HeBl,黑色 品牌22 12 铅笔（六角形）,铅笔,品牌22,12,六角形,黑色,48*10*5,2400,AP37B,艾米丽,收货,上架
CaRG18SlGr,灰色 品牌03 1800 文件柜（滑动式）,文件柜,品牌03,1800,滑动式,灰色,8*1*1,8,DQ65A,大卫,收货,上架
LaPH1416Wh,白色 品牌12 14英寸 笔记本电脑（16吉字节内存）,笔记本电脑,品牌12,14英寸,16吉字节内存,白色,16*1*1,16,BG82F,莎拉,收货,上架
LaOv1516Si,银色 品牌13 15英寸 笔记本电脑（16吉字节内存）,笔记本电脑,品牌13,15英寸,16吉字节内存,银色,16*1*1,16,BI45H,艾米,收货,上架
PrSoA2MoBl,黑色 品牌25 二号纸 打印机（黑白）,打印机,品牌25,二号纸,黑白,黑色,16*1*1,16,AW79H,简,收货,上架
GaAESErPi,粉色 品牌05 小号 游戏椅（人体工学）,游戏椅,品牌05,小号,人体工学,粉色,16*1*1,16,DN78H,简,收货,上架
MoRe35ErWh,白色 品牌10 350 鼠标（人体工学）,鼠标,品牌10,350,人体工学,白色,16*10*1,160,CF03D,迈克,收货,上架
PrReA2LaWh,白色 品牌24 二号纸 打印机（激光）,打印机,品牌24,二号纸,激光,白色,16*1*1,16,CW19C,艾米丽,收货,上架
TaTR15FrBl,黑色 品牌28 1500 桌子（框架式）,桌子,品牌28,1500,框架式,黑色,8*1*1,8,BG59G,迈克,收货,上架
PrReA2WiWh,白色 品牌24 二号纸 打印机（无线网络）,打印机,品牌24,二号纸,无线网络,白色,16*1*1,16,CY81C,艾米,收货,上架
KeSu35WiWh,白色 品牌11 350 键盘（有线）,键盘,品牌11,350,有线,白色,16*10*1,160,BZ53B,艾米丽,收货,上架
SPNa24SoPi,粉色 品牌23 24 触控笔（可溶性）,触控笔,品牌23,24,可溶性,粉色,48*10*5,2400,AU41E,简,收货,上架
TaCI15WoWh,白色 品牌27 1500 桌子（工作站）,桌子,品牌27,1500,工作站,白色,8*1*1,8,AN66H,简,收货,上架
TVEs65SFWh,白色 品牌32 65英寸 电视机（超级全高清）,电视机,品牌32,65英寸,超级全高清,白色,8*1*1,8,BI88H,克里斯,收货,上架
AlSu14i7Wh,白色 品牌11 14英寸 一体机（第7代处理器）,一体机,品牌11,14英寸,第7代处理器,白色,16*1*1,16,BL03E,亚历克斯,收货,上架
OfSELAdPi,粉色 品牌08 大号 办公椅（可调节）,办公椅,品牌08,大号,可调节,粉色,16*1*1,16,DT02F,迈克,收货,上架
MoSu45ErWh,白色 品牌11 450 鼠标（人体工学）,鼠标,品牌11,450,人体工学,白色,16*10*1,160,BP62G,艾米,收货,上架
AlYn1716Wh,白色 品牌15 17英寸 一体机（16吉字节内存）,一体机,品牌15,17英寸,16吉字节内存,白色,16*1*1,16,AP51G,简,收货,上架
KeRe27WiWh,白色 品牌10 270 键盘（有线）,键盘,品牌10,270,有线,白色,16*10*1,160,AH96G,简,收货,上架
LaYn17i5Wh,白色 品牌15 17英寸 笔记本电脑（第5代处理器）,笔记本电脑,品牌15,17英寸,第5代处理器,白色,16*1*1,16,CH87C,莎拉,收货,上架
SPNa12SoBl,黑色 品牌23 12 触控笔（可溶性）,触控笔,品牌23,12,可溶性,黑色,48*10*5,2400,DL80F,艾米丽,收货,上架
PeRe24HeBl,黑色 品牌22 24 铅笔（六角形）,铅笔,品牌22,24,六角形,黑色,48*10*5,2400,DR98G,艾米,收货,上架
AlRe14i7Gr,灰色 品牌14 14英寸 一体机（第7代处理器）,一体机,品牌14,14英寸,第7代处理器,灰色,16*1*1,16,CZ47B,艾米,收货,上架
CuQE12DoWh,白色 品牌01 1200 储物柜（带门式）,储物柜,品牌01,1200,带门式,白色,8*1*1,8,DH96D,迈克,收货,上架
TVGL65FHGr,灰色 品牌31 65英寸 电视机（全高清）,电视机,品牌31,65英寸,全高清,灰色,8*1*1,8,CZ67F,艾米,收货,上架
DrQE12SlGr,灰色 品牌01 1200 抽屉柜（滑动式）,抽屉柜,品牌01,1200,滑动式,灰色,8*1*1,8,BV59D,大卫,收货,上架
LaRe178GGr,灰色 品牌14 17英寸 笔记本电脑（8吉字节内存）,笔记本电脑,品牌14,17英寸,8吉字节内存,灰色,16*1*1,16,DF31G,劳拉,收货,上架
KeRe45BlWh,白色 品牌10 450 键盘（蓝牙）,键盘,品牌10,450,蓝牙,白色,16*10*1,160,DS05C,大卫,收货,上架
AlRe1416Wh,白色 品牌14 14英寸 一体机（16吉字节内存）,一体机,品牌14,14英寸,16吉字节内存,白色,16*1*1,16,AQ70A,迈克,收货,上架
TVEs324KSi,银色 品牌32 32英寸 电视机（超高清）,电视机,品牌32,32英寸,超高清,银色,8*1*1,8,BY27E,迈克,收货,上架
TaTR18WoBl,黑色 品牌29 1800 桌子（工作站）,桌子,品牌29,1800,工作站,黑色,8*1*1,8,DL29D,亚历克斯,收货,上架
TaAE18WoBl,黑色 品牌05 1800 桌子（工作站）,桌子,品牌05,1800,工作站,黑色,8*1*1,8,BI42H,艾米,收货,上架
TVGn65SFBl,黑色 品牌30 65英寸 电视机（超级全高清）,电视机,品牌30,65英寸,超级全高清,黑色,8*1*1,8,DR11E,克里斯,收货,上架
TaTR15WoBl,黑色 品牌29 1500 桌子（工作站）,桌子,品牌29,1500,工作站,黑色,8*1*1,8,BF92D,迈克,收货,上架
TVGL32SFBl,黑色 品牌31 32英寸 电视机（超级全高清）,电视机,品牌31,32英寸,超级全高清,黑色,8*1*1,8,BU96E,简,收货,上架
GaOGSErWh,白色 品牌07 小号 游戏椅（人体工学）,游戏椅,品牌07,小号,人体工学,白色,16*1*1,16,CR19F,艾米丽,收货,上架
OfAELHeWh,白色 品牌05 大号 办公椅（头枕）,办公椅,品牌05,大号,头枕,白色,16*1*1,16,DG08F,简,收货,上架
NoMuA3doWh,白色 品牌19 三号纸 笔记本（点阵）,笔记本,品牌19,三号纸,点阵,白色,48*10*5,2400,CM75D,亚历克斯,收货,上架
LaOv17i7Gr,灰色 品牌13 17英寸 笔记本电脑（第7代处理器）,笔记本电脑,品牌13,17英寸,第7代处理器,灰色,16*1*1,16,DK24A,艾米,收货,上架
PeAl12WaWh,白色 品牌20 12 铅笔（水彩）,铅笔,品牌20,12,水彩,白色,48*10*5,2400,BX47B,劳拉,收货,上架
MoRe35ErNa,藏青色 品牌10 350 鼠标（人体工学）,鼠标,品牌10,350,人体工学,藏青色,16*10*1,160,DI11E,艾米,收货,上架
LaRe14i5Wh,白色 品牌14 14英寸 笔记本电脑（第5代处理器）,笔记本电脑,品牌14,14英寸,第5代处理器,白色,16*1*1,16,DM35F,劳拉,收货,上架
AlOv1516Si,银色 品牌13 15英寸 一体机（16吉字节内存）,一体机,品牌13,15英寸,16吉字节内存,银色,16*1*1,16,CK09E,简,收货,上架
TVYn42FHSi,银色 品牌15 42英寸 电视机（全高清）,电视机,品牌15,42英寸,全高清,银色,8*1*1,8,CW49H,迈克,收货,上架
PeNa24WaBl,黑色 品牌23 24 铅笔（水彩）,铅笔,品牌23,24,水彩,黑色,48*10*5,2400,AK93E,简,收货,上架
DrRG90FiBe,米色 品牌03 900 抽屉柜（文件收纳）,抽屉柜,品牌03,900,文件收纳,米色,8*1*1,8,BV83F,劳拉,收货,上架
CaQE12FiBe,米色 品牌01 1200 文件柜（文件收纳）,文件柜,品牌01,1200,文件收纳,米色,8*1*1,8,CY46F,艾米,收货,上架
NoGrA4doGr,灰色 品牌18 四号纸 笔记本（点阵）,笔记本,品牌18,四号纸,点阵,灰色,48*10*5,2400,DV77D,克里斯,收货,上架
OfAEMErGr,灰色 品牌05 中号 办公椅（人体工学）,办公椅,品牌05,中号,人体工学,灰色,16*1*1,16,BF09B,亚历克斯,收货,上架
PrNoA3AlBl,黑色 品牌26 三号纸 打印机（一体式）,打印机,品牌26,三号纸,一体式,黑色,16*1*1,16,AU73A,简,收货,上架
CaTE18DoGr,灰色 品牌04 1800 文件柜（带门式）,文件柜,品牌04,1800,带门式,灰色,8*1*1,8,BT54G,亚历克斯,收货,上架
PrNoA4LaMi,混合色 品牌26 四号纸 打印机（激光）,打印机,品牌26,四号纸,激光,混合色,16*1*1,16,CV87F,艾米丽,收货,上架
PeAl50WaPi,粉色 品牌20 50 铅笔（水彩）,铅笔,品牌20,50,水彩,粉色,48*10*5,2400,AM27A,克里斯,收货,上架
LaRe14i7Bl,黑色 品牌14 14英寸 笔记本电脑（第7代处理器）,笔记本电脑,品牌14,14英寸,第7代处理器,黑色,16*1*1,16,DX98G,亚历克斯,收货,上架
GaAESHePi,粉色 品牌05 小号 游戏椅（头枕）,游戏椅,品牌05,小号,头枕,粉色,16*1*1,16,BN37D,艾米,收货,上架
CaTE90DoBe,米色 品牌04 900 文件柜（带门式）,文件柜,品牌04,900,带门式,米色,8*1*1,8,AY15E,大卫,收货,上架
PrSoA2MoBl,黑色 品牌25 二号纸 打印机（黑白）,打印机,品牌25,二号纸,黑白,黑色,16*1*1,16,AV57H,克里斯,收货,上架
LaYn1732Bl,黑色 品牌15 17英寸 笔记本电脑（32吉字节内存）,笔记本电脑,品牌15,17英寸,32吉字节内存,黑色,16*1*1,16,CQ67F,劳拉,收货,上架
GaXESAdPi,粉色 品牌06 小号 游戏椅（可调节）,游戏椅,品牌06,小号,可调节,粉色,16*1*1,16,CN52A,大卫,收货,上架
OfAEMErGr,灰色 品牌05 中号 办公椅（人体工学）,办公椅,品牌05,中号,人体工学,灰色,16*1*1,16,BX03D,亚历克斯,收货,上架
GaSELErPi,粉色 品牌08 大号 游戏椅（人体工学）,游戏椅,品牌08,大号,人体工学,粉色,16*1*1,16,CM12D,劳拉,收货,上架
OfXELAdGr,灰色 品牌06 大号 办公椅（可调节）,办公椅,品牌06,大号,可调节,灰色,16*1*1,16,DL01H,莎拉,收货,上架
KeRe27ErPi,粉色 品牌10 270 键盘（人体工学）,键盘,品牌10,270,人体工学,粉色,16*10*1,160,AM30E,大卫,收货,上架
AlRe178GGr,灰色 品牌14 17英寸 一体机（8吉字节内存）,一体机,品牌14,17英寸,8吉字节内存,灰色,16*1*1,16,DR66H,克里斯,收货,上架
LaRe1532Bl,黑色 品牌14 15英寸 笔记本电脑（32吉字节内存）,笔记本电脑,品牌14,15英寸,32吉字节内存,黑色,16*1*1,16,CQ32H,简,收货,上架
LaPH1432Si,银色 品牌12 14英寸 笔记本电脑（32吉字节内存）,笔记本电脑,品牌12,14英寸,32吉字节内存,银色,16*1*1,16,CO71D,简,收货,上架
NoScA5liGr,灰色 品牌17 五号纸 笔记本（线条）,笔记本,品牌17,五号纸,线条,灰色,48*10*5,2400,AN82H,艾米丽,收货,上架
GaAEMLeWh,白色 品牌05 中号 游戏椅（皮革）,游戏椅,品牌05,中号,皮革,白色,16*1*1,16,CM12C,大卫,收货,上架
DrQE90SlBe,米色 品牌01 900 抽屉柜（滑动式）,抽屉柜,品牌01,900,滑动式,米色,8*1*1,8,AR20C,克里斯,收货,上架
PeGi50SoGr,灰色 品牌21 50 铅笔（可溶性）,铅笔,品牌21,50,可溶性,灰色,48*10*5,2400,AG98A,艾米,收货,上架
CuWE90DoWh,白色 品牌02 900 储物柜（带门式）,储物柜,品牌02,900,带门式,白色,8*1*1,8,CH63A,莎拉,收货,上架
CaWE18LoBe,米色 品牌02 1800 文件柜（储物锁柜）,文件柜,品牌02,1800,储物锁柜,米色,8*1*1,8,CQ66F,莎拉,收货,上架
GaSESErGr,灰色 品牌08 小号 游戏椅（人体工学）,游戏椅,品牌08,小号,人体工学,灰色,16*1*1,16,CM17G,莎拉,收货,上架
OfXEMLeBl,黑色 品牌06 中号 办公椅（皮革）,办公椅,品牌06,中号,皮革,黑色,16*1*1,16,DG27H,莎拉,收货,上架
AlOv148GGr,灰色 品牌13 14英寸 一体机（8吉字节内存）,一体机,品牌13,14英寸,8吉字节内存,灰色,16*1*1,16,CP11G,艾米丽,收货,上架
AlYn158GBl,黑色 品牌15 15英寸 一体机（8吉字节内存）,一体机,品牌15,15英寸,8吉字节内存,黑色,16*1*1,16,AK64F,亚历克斯,收货,上架
TVGn42SFWh,白色 品牌30 42英寸 电视机（超级全高清）,电视机,品牌30,42英寸,超级全高清,白色,8*1*1,8,AI41B,约翰,收货,上架
CaWE18SlWh,白色 品牌02 1800 文件柜（滑动式）,文件柜,品牌02,1800,滑动式,白色,8*1*1,8,BF18B,艾米,收货,上架
KeSu45ErPi,粉色 品牌11 450 键盘（人体工学）,键盘,品牌11,450,人体工学,粉色,16*10*1,160,BX36F,亚历克斯,收货,上架
CuWE90FiWh,白色 品牌02 900 储物柜（文件收纳）,储物柜,品牌02,900,文件收纳,白色,8*1*1,8,DO12F,大卫,收货,上架
NoMuA4doBl,黑色 品牌19 四号纸 笔记本（点阵）,笔记本,品牌19,四号纸,点阵,黑色,48*10*5,2400,CH97E,迈克,收货,上架
DrRG90FiWh,白色 品牌03 900 抽屉柜（文件收纳）,抽屉柜,品牌03,900,文件收纳,白色,8*1*1,8,DV49H,艾米丽,收货,上架
KeHc27MeBl,黑色 品牌09 270 键盘（机械式）,键盘,品牌09,270,机械式,黑色,16*10*1,160,BF12D,艾米,收货,上架
PrReA3WiGr,灰色 品牌24 三号纸 打印机（无线网络）,打印机,品牌24,三号纸,无线网络,灰色,16*1*1,16,AI88E,简,收货,上架
CuWE12FiWh,白色 品牌02 1200 储物柜（文件收纳）,储物柜,品牌02,1200,文件收纳,白色,8*1*1,8,AI53H,克里斯,收货,上架
AlRe14i5Si,银色 品牌14 14英寸 一体机（第5代处理器）,一体机,品牌14,14英寸,第5代处理器,银色,16*1*1,16,CH06H,亚历克斯,收货,上架
LaYn15i5Bl,黑色 品牌15 15英寸 笔记本电脑（第5代处理器）,笔记本电脑,品牌15,15英寸,第5代处理器,黑色,16*1*1,16,DF50B,约翰,收货,上架
DrWE18LoWh,白色 品牌02 1800 抽屉柜（储物锁柜）,抽屉柜,品牌02,1800,储物锁柜,白色,8*1*1,8,AQ85C,劳拉,收货,上架
TVGL65S4Si,银色 品牌31 65英寸 电视机（超级超高清）,电视机,品牌31,65英寸,超级超高清,银色,8*1*1,8,CL49B,克里斯,收货,上架
AlPH1416Bl,黑色 品牌12 14英寸 一体机（16吉字节内存）,一体机,品牌12,14英寸,16吉字节内存,黑色,16*1*1,16,AJ82F,艾米,收货,上架
TaCI15WoGr,灰色 品牌27 1500 桌子（工作站）,桌子,品牌27,1500,工作站,灰色,8*1*1,8,AH88E,艾米丽,收货,上架
TVYn754KWh,白色 品牌15 75英寸 电视机（超高清）,电视机,品牌15,75英寸,超高清,白色,8*1*1,8,AP32E,克里斯,收货,上架
GaAESErBl,黑色 品牌05 小号 游戏椅（人体工学）,游戏椅,品牌05,小号,人体工学,黑色,16*1*1,16,BG52D,劳拉,收货,上架
PrSoA4WiMi,混合色 品牌25 四号纸 打印机（无线网络）,打印机,品牌25,四号纸,无线网络,混合色,16*1*1,16,CO14E,简,收货,上架
TaTR10FrSi,银色 品牌29 1000 桌子（框架式）,桌子,品牌29,1000,框架式,银色,8*1*1,8,CT18F,艾米丽,收货,上架
LaRe14i5Bl,黑色 品牌14 14英寸 笔记本电脑（第5代处理器）,笔记本电脑,品牌14,14英寸,第5代处理器,黑色,16*1*1,16,AX70A,大卫,收货,上架
TaTR15AdSi,银色 品牌28 1500 桌子（可调节）,桌子,品牌28,1500,可调节,银色,8*1*1,8,DK81A,艾米丽,收货,上架
AlOv15i7Gr,灰色 品牌13 15英寸 一体机（第7代处理器）,一体机,品牌13,15英寸,第7代处理器,灰色,16*1*1,16,CP65A,亚历克斯,收货,上架
NoExA3ruSi,银色 品牌16 三号纸 笔记本（横线）,笔记本,品牌16,三号纸,横线,银色,48*10*5,2400,CG90F,大卫,收货,上架
NoMuA3liBl,黑色 品牌19 三号纸 笔记本（线条）,笔记本,品牌19,三号纸,线条,黑色,48*10*5,2400,DZ73E,艾米丽,收货,上架
TaTR18AdGr,灰色 品牌29 1800 桌子（可调节）,桌子,品牌29,1800,可调节,灰色,8*1*1,8,AX04A,艾米丽,收货,上架
GaAEMLeBl,黑色 品牌05 中号 游戏椅（皮革）,游戏椅,品牌05,中号,皮革,黑色,16*1*1,16,AH62C,克里斯,收货,上架
AlOv15i5Gr,灰色 品牌13 15英寸 一体机（第5代处理器）,一体机,品牌13,15英寸,第5代处理器,灰色,16*1*1,16,DH12D,克里斯,收货,上架
AlSu1516Bl,黑色 品牌11 15英寸 一体机（16吉字节内存）,一体机,品牌11,15英寸,16吉字节内存,黑色,16*1*1,16,CN50E,劳拉,收货,上架
MoRe35BlNa,藏青色 品牌10 350 鼠标（蓝牙）,鼠标,品牌10,350,蓝牙,藏青色,16*10*1,160,AV11F,约翰,收货,上架
TaTR18AuSi,银色 品牌29 1800 桌子（自动调节）,桌子,品牌29,1800,自动调节,银色,8*1*1,8,AG80E,艾米,收货,上架
TaTR10AdSi,银色 品牌28 1000 桌子（可调节）,桌子,品牌28,1000,可调节,银色,8*1*1,8,CG13E,简,收货,上架
GaAELErPi,粉色 品牌05 大号 游戏椅（人体工学）,游戏椅,品牌05,大号,人体工学,粉色,16*1*1,16,CL63B,亚历克斯,收货,上架
TaAE15AdWh,白色 品牌05 1500 桌子（可调节）,桌子,品牌05,1500,可调节,白色,8*1*1,8,AV29F,迈克,收货,上架
CaRG90FiBl,黑色 品牌03 900 文件柜（文件收纳）,文件柜,品牌03,900,文件收纳,黑色,8*1*1,8,DO72H,迈克,收货,上架
KePH45MeBl,黑色 品牌12 450 键盘（机械式）,键盘,品牌12,450,机械式,黑色,16*10*1,160,AJ71A,艾米丽,收货,上架
TaCI15AuWh,白色 品牌27 1500 桌子（自动调节）,桌子,品牌27,1500,自动调节,白色,8*1*1,8,DO66F,迈克,收货,上架
CaRG12SlWh,白色 品牌03 1200 文件柜（滑动式）,文件柜,品牌03,1200,滑动式,白色,8*1*1,8,CI11B,克里斯,收货,上架
OfOGMErWh,白色 品牌07 中号 办公椅（人体工学）,办公椅,品牌07,中号,人体工学,白色,16*1*1,16,BH35E,莎拉,收货,上架
AlRe15i5Gr,灰色 品牌14 15英寸 一体机（第5代处理器）,一体机,品牌14,15英寸,第5代处理器,灰色,16*1*1,16,AJ03B,莎拉,收货,上架
TaTR10AuGr,灰色 品牌29 1000 桌子（自动调节）,桌子,品牌29,1000,自动调节,灰色,8*1*1,8,CN43F,约翰,收货,上架
PrReA2WiWh,白色 品牌24 二号纸 打印机（无线网络）,打印机,品牌24,二号纸,无线网络,白色,16*1*1,16,AU41F,艾米,收货,上架
TVYn65FHSi,银色 品牌15 65英寸 电视机（全高清）,电视机,品牌15,65英寸,全高清,银色,8*1*1,8,CR11E,莎拉,收货,上架
CaTE90LoBl,黑色 品牌04 900 文件柜（储物锁柜）,文件柜,品牌04,900,储物锁柜,黑色,8*1*1,8,AH18A,莎拉,收货,上架
CaWE90FiBl,黑色 品牌02 900 文件柜（文件收纳）,文件柜,品牌02,900,文件收纳,黑色,8*1*1,8,BR36C,克里斯,收货,上架
AlYn14i5Bl,黑色 品牌15 14英寸 一体机（第5代处理器）,一体机,品牌15,14英寸,第5代处理器,黑色,16*1*1,16,DR73D,简,收货,上架
TVGL754KBl,黑色 品牌31 75英寸 电视机（超高清）,电视机,品牌31,75英寸,超高清,黑色,8*1*1,8,BL70B,艾米丽,收货,上架
GaXESLeBl,黑色 品牌06 小号 游戏椅（皮革）,游戏椅,品牌06,小号,皮革,黑色,16*1*1,16,BQ42G,迈克,收货,上架
DrTE90SlWh,白色 品牌04 900 抽屉柜（滑动式）,抽屉柜,品牌04,900,滑动式,白色,8*1*1,8,AK62A,莎拉,收货,上架
TaAE10FrWh,白色 品牌05 1000 桌子（框架式）,桌子,品牌05,1000,框架式,白色,8*1*1,8,BQ10D,艾米,收货,上架
DrTE18FiBl,黑色 品牌04 1800 抽屉柜（文件收纳）,抽屉柜,品牌04,1800,文件收纳,黑色,8*1*1,8,CY77G,克里斯,收货,上架
MoPH35WiPi,粉色 品牌12 350 鼠标（有线）,鼠标,品牌12,350,有线,粉色,16*10*1,160,BX47E,莎拉,收货,上架
OfAEMAdPi,粉色 品牌05 中号 办公椅（可调节）,办公椅,品牌05,中号,可调节,粉色,16*1*1,16,DU11B,简,收货,上架
NoGrA4ruBl,黑色 品牌18 四号纸 笔记本（横线）,笔记本,品牌18,四号纸,横线,黑色,48*10*5,2400,AL91H,大卫,收货,上架
MoSu27BlPi,粉色 品牌11 270 鼠标（蓝牙）,鼠标,品牌11,270,蓝牙,粉色,16*10*1,160,BH64A,亚历克斯,收货,上架
CuWE12LoWh,白色 品牌02 1200 储物柜（储物锁柜）,储物柜,品牌02,1200,储物锁柜,白色,8*1*1,8,DR50E,劳拉,收货,上架
CuRG18LoWh,白色 品牌03 1800 储物柜（储物锁柜）,储物柜,品牌03,1800,储物锁柜,白色,8*1*1,8,DP65G,劳拉,收货,上架
TVGL50SFBl,黑色 品牌31 50英寸 电视机（超级全高清）,电视机,品牌31,50英寸,超级全高清,黑色,8*1*1,8,CZ26G,艾米,收货,上架
SPNa50WaPi,粉色 品牌23 50 触控笔（水彩）,触控笔,品牌23,50,水彩,粉色,48*10*5,2400,BO02C,亚历克斯,收货,上架
SPAl24SoBl,黑色 品牌20 24 触控笔（可溶性）,触控笔,品牌20,24,可溶性,黑色,48*10*5,2400,AV30G,艾米,收货,上架
CuRG90SlGr,灰色 品牌03 900 储物柜（滑动式）,储物柜,品牌03,900,滑动式,灰色,8*1*1,8,CI74E,大卫,收货,上架
LaPH17i5Gr,灰色 品牌12 17英寸 笔记本电脑（第5代处理器）,笔记本电脑,品牌12,17英寸,第5代处理器,灰色,16*1*1,16,BR39C,大卫,收货,上架
GaOGSErGr,灰色 品牌07 小号 游戏椅（人体工学）,游戏椅,品牌07,小号,人体工学,灰色,16*1*1,16,DY08F,莎拉,收货,上架
LaSu15i5Wh,白色 品牌11 15英寸 笔记本电脑（第5代处理器）,笔记本电脑,品牌11,15英寸,第5代处理器,白色,16*1*1,16,CT42E,莎拉,收货,上架
OfOGLHeBl,黑色 品牌07 大号 办公椅（头枕）,办公椅,品牌07,大号,头枕,黑色,16*1*1,16,CT09H,艾米,收货,上架
PrNoA3InWh,白色 品牌26 三号纸 打印机（喷墨）,打印机,品牌26,三号纸,喷墨,白色,16*1*1,16,AJ87B,艾米丽,收货,上架
CuTE90LoBe,米色 品牌04 900 储物柜（储物锁柜）,储物柜,品牌04,900,储物锁柜,米色,8*1*1,8,DS86E,艾米丽,收货,上架
TVEs654KSi,银色 品牌32 65英寸 电视机（超高清）,电视机,品牌32,65英寸,超高清,银色,8*1*1,8,BS54C,艾米,收货,上架
PrNoA4AlBl,黑色 品牌26 四号纸 打印机（一体式）,打印机,品牌26,四号纸,一体式,黑色,16*1*1,16,CW80D,大卫,收货,上架
LaYn17i5Wh,白色 品牌15 17英寸 笔记本电脑（第5代处理器）,笔记本电脑,品牌15,17英寸,第5代处理器,白色,16*1*1,16,BW97H,劳拉,收货,上架
CaRG18DoGr,灰色 品牌03 1800 文件柜（带门式）,文件柜,品牌03,1800,带门式,灰色,8*1*1,8,CL96E,克里斯,收货,上架
TVGn75FHWh,白色 品牌30 75英寸 电视机（全高清）,电视机,品牌30,75英寸,全高清,白色,8*1*1,8,DY45H,约翰,收货,上架
AlOv1532Bl,黑色 品牌13 15英寸 一体机（32吉字节内存）,一体机,品牌13,15英寸,32吉字节内存,黑色,16*1*1,16,DO85B,约翰,收货,上架
DrWE12SlBe,米色 品牌02 1200 抽屉柜（滑动式）,抽屉柜,品牌02,1200,滑动式,米色,8*1*1,8,DS30H,劳拉,收货,上架
TVYn65S4Bl,黑色 品牌15 65英寸 电视机（超级超高清）,电视机,品牌15,65英寸,超级超高清,黑色,8*1*1,8,CQ88B,迈克,收货,上架
OfSEMAdWh,白色 品牌08 中号 办公椅（可调节）,办公椅,品牌08,中号,可调节,白色,16*1*1,16,DS84E,约翰,收货,上架
TVGL654KBl,黑色 品牌31 65英寸 电视机（超高清）,电视机,品牌31,65英寸,超高清,黑色,8*1*1,8,BZ78H,莎拉,收货,上架
TVGL75S4Wh,白色 品牌31 75英寸 电视机（超级超高清）,电视机,品牌31,75英寸,超级超高清,白色,8*1*1,8,CY98H,克里斯,收货,上架
CaWE12SlGr,灰色 品牌02 1200 文件柜（滑动式）,文件柜,品牌02,1200,滑动式,灰色,8*1*1,8,DR07D,克里斯,收货,上架
GaAEMHeWh,白色 品牌05 中号 游戏椅（头枕）,游戏椅,品牌05,中号,头枕,白色,16*1*1,16,CJ25B,劳拉,收货,上架
AlPH17i5Bl,黑色 品牌12 17英寸 一体机（第5代处理器）,一体机,品牌12,17英寸,第5代处理器,黑色,16*1*1,16,CX75H,简,收货,上架
KeSu27ErBl,黑色 品牌11 270 键盘（人体工学）,键盘,品牌11,270,人体工学,黑色,16*10*1,160,CT80C,简,收货,上架
AlPH1732Si,银色 品牌12 17英寸 一体机（32吉字节内存）,一体机,品牌12,17英寸,32吉字节内存,银色,16*1*1,16,AW69B,亚历克斯,收货,上架
KeHc45WiPi,粉色 品牌09 450 键盘（有线）,键盘,品牌09,450,有线,粉色,16*10*1,160,BI35B,亚历克斯,收货,上架
CaWE18DoWh,白色 品牌02 1800 文件柜（带门式）,文件柜,品牌02,1800,带门式,白色,8*1*1,8,AO88B,亚历克斯,收货,上架
GaOGLErWh,白色 品牌07 大号 游戏椅（人体工学）,游戏椅,品牌07,大号,人体工学,白色,16*1*1,16,DZ70E,劳拉,收货,上架
PrSoA2MoMi,混合色 品牌25 二号纸 打印机（黑白）,打印机,品牌25,二号纸,黑白,混合色,16*1*1,16,CV97H,艾米丽,收货,上架
AlOv1716Bl,黑色 品牌13 17英寸 一体机（16吉字节内存）,一体机,品牌13,17英寸,16吉字节内存,黑色,16*1*1,16,BF70C,莎拉,收货,上架
LaPH14i7Wh,白色 品牌12 14英寸 笔记本电脑（第7代处理器）,笔记本电脑,品牌12,14英寸,第7代处理器,白色,16*1*1,16,BH29H,亚历克斯,收货,上架
DrTE12DoBe,米色 品牌04 1200 抽屉柜（带门式）,抽屉柜,品牌04,1200,带门式,米色,8*1*1,8,CL47B,亚历克斯,收货,上架
KeSu27ErBl,黑色 品牌11 270 键盘（人体工学）,键盘,品牌11,270,人体工学,黑色,16*10*1,160,CZ60B,亚历克斯,收货,上架
AlRe1516Wh,白色 品牌14 15英寸 一体机（16吉字节内存）,一体机,品牌14,15英寸,16吉字节内存,白色,16*1*1,16,BX65H,大卫,收货,上架
PrNoA4LaWh,白色 品牌26 四号纸 打印机（激光）,打印机,品牌26,四号纸,激光,白色,16*1*1,16,DY10B,亚历克斯,收货,上架
CuQE12SlGr,灰色 品牌01 1200 储物柜（滑动式）,储物柜,品牌01,1200,滑动式,灰色,8*1*1,8,BL67A,亚历克斯,收货,上架
CaRG18LoGr,灰色 品牌03 1800 文件柜（储物锁柜）,文件柜,品牌03,1800,储物锁柜,灰色,8*1*1,8,DM80H,莎拉,收货,上架
TVGL42FHSi,银色 品牌31 42英寸 电视机（全高清）,电视机,品牌31,42英寸,全高清,银色,8*1*1,8,DU48B,艾米丽,收货,上架
TaTR18WoGr,灰色 品牌29 1800 桌子（工作站）,桌子,品牌29,1800,工作站,灰色,8*1*1,8,BW50H,莎拉,收货,上架
PeAl12HeWh,白色 品牌20 12 铅笔（六角形）,铅笔,品牌20,12,六角形,白色,48*10*5,2400,BG16F,约翰,收货,上架
OfOGLLeWh,白色 品牌07 大号 办公椅（皮革）,办公椅,品牌07,大号,皮革,白色,16*1*1,16,CL98E,艾米丽,收货,上架
AlRe1416Bl,黑色 品牌14 14英寸 一体机（16吉字节内存）,一体机,品牌14,14英寸,16吉字节内存,黑色,16*1*1,16,DK33A,简,收货,上架
TaTR15WoBl,黑色 品牌29 1500 桌子（工作站）,桌子,品牌29,1500,工作站,黑色,8*1*1,8,DM42F,莎拉,收货,上架
AlYn15i5Si,银色 品牌15 15英寸 一体机（第5代处理器）,一体机,品牌15,15英寸,第5代处理器,银色,16*1*1,16,AY39B,迈克,收货,上架
MoPH27WiWh,白色 品牌12 270 鼠标（有线）,鼠标,品牌12,270,有线,白色,16*10*1,160,DN15C,艾米,收货,上架
DrTE12DoBe,米色 品牌04 1200 抽屉柜（带门式）,抽屉柜,品牌04,1200,带门式,米色,8*1*1,8,AF13A,劳拉,收货,上架
CuWE90SlGr,灰色 品牌02 900 储物柜（滑动式）,储物柜,品牌02,900,滑动式,灰色,8*1*1,8,AM31G,克里斯,收货,上架
MoPH45BlBl,黑色 品牌12 450 鼠标（蓝牙）,鼠标,品牌12,450,蓝牙,黑色,16*10*1,160,BU19F,劳拉,收货,上架
SPRe12SoPi,粉色 品牌22 12 触控笔（可溶性）,触控笔,品牌22,12,可溶性,粉色,48*10*5,2400,DO81H,亚历克斯,收货,上架
AlSu1716Wh,白色 品牌11 17英寸 一体机（16吉字节内存）,一体机,品牌11,17英寸,16吉字节内存,白色,16*1*1,16,BT56F,劳拉,收货,上架
CuQE18DoGr,灰色 品牌01 1800 储物柜（带门式）,储物柜,品牌01,1800,带门式,灰色,8*1*1,8,AN03F,克里斯,收货,上架
TVGL324KSi,银色 品牌31 32英寸 电视机（超高清）,电视机,品牌31,32英寸,超高清,银色,8*1*1,8,BN78B,莎拉,收货,上架
AlSu15i5Bl,黑色 品牌11 15英寸 一体机（第5代处理器）,一体机,品牌11,15英寸,第5代处理器,黑色,16*1*1,16,CR17B,艾米丽,收货,上架
AlSu1416Bl,黑色 品牌11 14英寸 一体机（16吉字节内存）,一体机,品牌11,14英寸,16吉字节内存,黑色,16*1*1,16,CP03F,大卫,收货,上架
AlRe15i5Wh,白色 品牌14 15英寸 一体机（第5代处理器）,一体机,品牌14,15英寸,第5代处理器,白色,16*1*1,16,DJ37H,艾米,收货,上架
KeRe27BlNa,藏青色 品牌10 270 键盘（蓝牙）,键盘,品牌10,270,蓝牙,藏青色,16*10*1,160,CQ43B,莎拉,收货,上架
DrQE90SlWh,白色 品牌01 900 抽屉柜（滑动式）,抽屉柜,品牌01,900,滑动式,白色,8*1*1,8,DY78E,克里斯,收货,上架
TaAE10FrWh,白色 品牌05 1000 桌子（框架式）,桌子,品牌05,1000,框架式,白色,8*1*1,8,AF24H,约翰,收货,上架
AlYn17i5Si,银色 品牌15 17英寸 一体机（第5代处理器）,一体机,品牌15,17英寸,第5代处理器,银色,16*1*1,16,CL95B,艾米丽,收货,上架
NoExA5liSi,银色 品牌16 五号纸 笔记本（线条）,笔记本,品牌16,五号纸,线条,银色,48*10*5,2400,AL02E,简,收货,上架
DrWE90FiBe,米色 品牌02 900 抽屉柜（文件收纳）,抽屉柜,品牌02,900,文件收纳,米色,8*1*1,8,BS47D,迈克,收货,上架
TVGL50SFGr,灰色 品牌31 50英寸 电视机（超级全高清）,电视机,品牌31,50英寸,超级全高清,灰色,8*1*1,8,CQ56F,亚历克斯,收货,上架
PeAl12HeWh,白色 品牌20 12 铅笔（六角形）,铅笔,品牌20,12,六角形,白色,48*10*5,2400,CN73C,克里斯,收货,上架
PeGi24SoBl,黑色 品牌21 24 铅笔（可溶性）,铅笔,品牌21,24,可溶性,黑色,48*10*5,2400,DZ46C,约翰,收货,上架
CuTE90FiBl,黑色 品牌04 900 储物柜（文件收纳）,储物柜,品牌04,900,文件收纳,黑色,8*1*1,8,BV83C,克里斯,收货,上架
SPNa24HeBl,黑色 品牌23 24 触控笔（六角形）,触控笔,品牌23,24,六角形,黑色,48*10*5,2400,CR68H,亚历克斯,收货,上架
PrPHA4WiMi,混合色 品牌12 四号纸 打印机（无线网络）,打印机,品牌12,四号纸,无线网络,混合色,16*1*1,16,CW82D,大卫,收货,上架
AlRe14i5Wh,白色 品牌14 14英寸 一体机（第5代处理器）,一体机,品牌14,14英寸,第5代处理器,白色,16*1*1,16,AO90H,艾米丽,收货,上架
LaRe148GWh,白色 品牌14 14英寸 笔记本电脑（8吉字节内存）,笔记本电脑,品牌14,14英寸,8吉字节内存,白色,16*1*1,16,AV37E,大卫,收货,上架
OfAEMLeBl,黑色 品牌05 中号 办公椅（皮革）,办公椅,品牌05,中号,皮革,黑色,16*1*1,16,DV91H,艾米丽,收货,上架
AlPH14i7Gr,灰色 品牌12 14英寸 一体机（第7代处理器）,一体机,品牌12,14英寸,第7代处理器,灰色,16*1*1,16,CP91B,克里斯,收货,上架
CuTE18LoBe,米色 品牌04 1800 储物柜（储物锁柜）,储物柜,品牌04,1800,储物锁柜,米色,8*1*1,8,AK90H,克里斯,收货,上架
LaYn17i5Gr,灰色 品牌15 17英寸 笔记本电脑（第5代处理器）,笔记本电脑,品牌15,17英寸,第5代处理器,灰色,16*1*1,16,DL08H,迈克,收货,上架
TVGn42SFWh,白色 品牌30 42英寸 电视机（超级全高清）,电视机,品牌30,42英寸,超级全高清,白色,8*1*1,8,AI92G,简,收货,上架
TVYn424KWh,白色 品牌15 42英寸 电视机（超高清）,电视机,品牌15,42英寸,超高清,白色,8*1*1,8,BY03G,劳拉,收货,上架
PeRe12WaGr,灰色 品牌22 12 铅笔（水彩）,铅笔,品牌22,12,水彩,灰色,48*10*5,2400,CY88H,艾米,收货,上架
OfXEMHeGr,灰色 品牌06 中号 办公椅（头枕）,办公椅,品牌06,中号,头枕,灰色,16*1*1,16,CT65G,简,收货,上架
CaWE18DoBe,米色 品牌02 1800 文件柜（带门式）,文件柜,品牌02,1800,带门式,米色,8*1*1,8,AH15C,大卫,收货,上架
TVEs65S4Gr,灰色 品牌32 65英寸 电视机（超级超高清）,电视机,品牌32,65英寸,超级超高清,灰色,8*1*1,8,CM39B,艾米丽,收货,上架
TVGn32FHSi,银色 品牌30 32英寸 电视机（全高清）,电视机,品牌30,32英寸,全高清,银色,8*1*1,8,AK85F,约翰,收货,上架
CaRG18SlBl,黑色 品牌03 1800 文件柜（滑动式）,文件柜,品牌03,1800,滑动式,黑色,8*1*1,8,CJ95F,简,收货,上架
AlSu17i7Wh,白色 品牌11 17英寸 一体机（第7代处理器）,一体机,品牌11,17英寸,第7代处理器,白色,16*1*1,16,DZ92B,莎拉,收货,上架
TVEs32FHWh,白色 品牌32 32英寸 电视机（全高清）,电视机,品牌32,32英寸,全高清,白色,8*1*1,8,AL86B,约翰,收货,上架
SPGi24SoWh,白色 品牌21 24 触控笔（可溶性）,触控笔,品牌21,24,可溶性,白色,48*10*5,2400,AS98E,劳拉,收货,上架
LaOv14i7Gr,灰色 品牌13 14英寸 笔记本电脑（第7代处理器）,笔记本电脑,品牌13,14英寸,第7代处理器,灰色,16*1*1,16,AV53D,艾米丽,收货,上架
MoPH45BlBl,黑色 品牌12 450 鼠标（蓝牙）,鼠标,品牌12,450,蓝牙,黑色,16*10*1,160,AN91C,艾米,收货,上架
PeGi50SoPi,粉色 品牌21 50 铅笔（可溶性）,铅笔,品牌21,50,可溶性,粉色,48*10*5,2400,CV21F,迈克,收货,上架
GaAEMAdBl,黑色 品牌05 中号 游戏椅（可调节）,游戏椅,品牌05,中号,可调节,黑色,16*1*1,16,DX30A,约翰,收货,上架
KeHc35ErWh,白色 品牌09 350 键盘（人体工学）,键盘,品牌09,350,人体工学,白色,16*10*1,160,AJ58E,莎拉,收货,上架
TVEs75FHGr,灰色 品牌32 75英寸 电视机（全高清）,电视机,品牌32,75英寸,全高清,灰色,8*1*1,8,BU81A,亚历克斯,收货,上架
LaSu15i7Si,银色 品牌11 15英寸 笔记本电脑（第7代处理器）,笔记本电脑,品牌11,15英寸,第7代处理器,银色,16*1*1,16,AH93A,迈克,收货,上架
CuTE90DoBl,黑色 品牌04 900 储物柜（带门式）,储物柜,品牌04,900,带门式,黑色,8*1*1,8,BO25C,莎拉,收货,上架
TVGL65FHGr,灰色 品牌31 65英寸 电视机（全高清）,电视机,品牌31,65英寸,全高清,灰色,8*1*1,8,CZ06B,艾米丽,收货,上架
TaAE18AdGr,灰色 品牌05 1800 桌子（可调节）,桌子,品牌05,1800,可调节,灰色,8*1*1,8,DJ36A,艾米,收货,上架
AlSu1732Si,银色 品牌11 17英寸 一体机（32吉字节内存）,一体机,品牌11,17英寸,32吉字节内存,银色,16*1*1,16,DS32C,简,收货,上架
CaRG90LoGr,灰色 品牌03 900 文件柜（储物锁柜）,文件柜,品牌03,900,储物锁柜,灰色,8*1*1,8,DP90C,莎拉,收货,上架
LaOv14i5Wh,白色 品牌13 14英寸 笔记本电脑（第5代处理器）,笔记本电脑,品牌13,14英寸,第5代处理器,白色,16*1*1,16,AL89A,约翰,收货,上架
CuWE90FiGr,灰色 品牌02 900 储物柜（文件收纳）,储物柜,品牌02,900,文件收纳,灰色,8*1*1,8,BG42C,艾米,收货,上架
AlPH1432Wh,白色 品牌12 14英寸 一体机（32吉字节内存）,一体机,品牌12,14英寸,32吉字节内存,白色,16*1*1,16,DK08C,约翰,收货,上架
AlSu1532Gr,灰色 品牌11 15英寸 一体机（32吉字节内存）,一体机,品牌11,15英寸,32吉字节内存,灰色,16*1*1,16,AI06H,克里斯,收货,上架
KePH35WiBl,黑色 品牌12 350 键盘（有线）,键盘,品牌12,350,有线,黑色,16*10*1,160,BT45A,克里斯,收货,上架
TVGn424KSi,银色 品牌30 42英寸 电视机（超高清）,电视机,品牌30,42英寸,超高清,银色,8*1*1,8,CG93G,艾米,收货,上架
PrSoA3WiWh,白色 品牌25 三号纸 打印机（无线网络）,打印机,品牌25,三号纸,无线网络,白色,16*1*1,16,BG23B,克里斯,收货,上架
AlPH15i7Gr,灰色 品牌12 15英寸 一体机（第7代处理器）,一体机,品牌12,15英寸,第7代处理器,灰色,16*1*1,16,DV36F,艾米,收货,上架
MoSu35WiWh,白色 品牌11 350 鼠标（有线）,鼠标,品牌11,350,有线,白色,16*10*1,160,DJ07A,艾米丽,收货,上架
LaOv14i7Wh,白色 品牌13 14英寸 笔记本电脑（第7代处理器）,笔记本电脑,品牌13,14英寸,第7代处理器,白色,16*1*1,16,BQ87B,大卫,收货,上架
PrSoA2AlGr,灰色 品牌25 二号纸 打印机（一体式）,打印机,品牌25,二号纸,一体式,灰色,16*1*1,16,BV04F,大卫,收货,上架
MoPH35BlPi,粉色 品牌12 350 鼠标（蓝牙）,鼠标,品牌12,350,蓝牙,粉色,16*10*1,160,BX48A,大卫,收货,上架
AlRe1416Si,银色 品牌14 14英寸 一体机（16吉字节内存）,一体机,品牌14,14英寸,16吉字节内存,银色,16*1*1,16,DU89F,莎拉,收货,上架
TVEs654KBl,黑色 品牌32 65英寸 电视机（超高清）,电视机,品牌32,65英寸,超高清,黑色,8*1*1,8,DK03F,艾米丽,收货,上架
TVEs32SFBl,黑色 品牌32 32英寸 电视机（超级全高清）,电视机,品牌32,32英寸,超级全高清,黑色,8*1*1,8,DU79C,艾米,收货,上架
PrSoA2LaBl,黑色 品牌25 二号纸 打印机（激光）,打印机,品牌25,二号纸,激光,黑色,16*1*1,16,CN66A,莎拉,收货,上架
PeGi24SoGr,灰色 品牌21 24 铅笔（可溶性）,铅笔,品牌21,24,可溶性,灰色,48*10*5,2400,DF15H,约翰,收货,上架
MoHc27WiNa,藏青色 品牌09 270 鼠标（有线）,鼠标,品牌09,270,有线,藏青色,16*10*1,160,DX18B,克里斯,收货,上架
PeRe50WaGr,灰色 品牌22 50 铅笔（水彩）,铅笔,品牌22,50,水彩,灰色,48*10*5,2400,CV20F,简,收货,上架
KeSu27ErWh,白色 品牌11 270 键盘（人体工学）,键盘,品牌11,270,人体工学,白色,16*10*1,160,AN97F,迈克,收货,上架
DrRG12SlBl,黑色 品牌03 1200 抽屉柜（滑动式）,抽屉柜,品牌03,1200,滑动式,黑色,8*1*1,8,DQ21G,亚历克斯,收货,上架
CuWE18FiGr,灰色 品牌02 1800 储物柜（文件收纳）,储物柜,品牌02,1800,文件收纳,灰色,8*1*1,8,AU72B,亚历克斯,收货,上架
KeRe45WiWh,白色 品牌10 450 键盘（有线）,键盘,品牌10,450,有线,白色,16*10*1,160,DT38F,艾米丽,收货,上架
MoSu27ErBl,黑色 品牌11 270 鼠标（人体工学）,鼠标,品牌11,270,人体工学,黑色,16*10*1,160,DP45B,迈克,收货,上架
KePH35WiNa,藏青色 品牌12 350 键盘（有线）,键盘,品牌12,350,有线,藏青色,16*10*1,160,AH86G,约翰,收货,上架
KeSu27ErWh,白色 品牌11 270 键盘（人体工学）,键盘,品牌11,270,人体工学,白色,16*10*1,160,BF54A,亚历克斯,收货,上架
TVGL65S4Gr,灰色 品牌31 65英寸 电视机（超级超高清）,电视机,品牌31,65英寸,超级超高清,灰色,8*1*1,8,AI83F,简,收货,上架
GaOGSHeWh,白色 品牌07 小号 游戏椅（头枕）,游戏椅,品牌07,小号,头枕,白色,16*1*1,16,DN69H,亚历克斯,收货,上架
LaOv1732Bl,黑色 品牌13 17英寸 笔记本电脑（32吉字节内存）,笔记本电脑,品牌13,17英寸,32吉字节内存,黑色,16*1*1,16,DL48C,艾米丽,收货,上架
TaTR18AuWh,白色 品牌29 1800 桌子（自动调节）,桌子,品牌29,1800,自动调节,白色,8*1*1,8,CQ94B,大卫,收货,上架
KeHc27MeWh,白色 品牌09 270 键盘（机械式）,键盘,品牌09,270,机械式,白色,16*10*1,160,BL19B,约翰,收货,上架
LaRe158GBl,黑色 品牌14 15英寸 笔记本电脑（8吉字节内存）,笔记本电脑,品牌14,15英寸,8吉字节内存,黑色,16*1*1,16,DN10C,艾米,收货,上架
LaYn15i7Bl,黑色 品牌15 15英寸 笔记本电脑（第7代处理器）,笔记本电脑,品牌15,15英寸,第7代处理器,黑色,16*1*1,16,BR53A,克里斯,收货,上架
TVGn50S4Gr,灰色 品牌30 50英寸 电视机（超级超高清）,电视机,品牌30,50英寸,超级超高清,灰色,8*1*1,8,BZ13G,大卫,收货,上架
SPRe12HeWh,白色 品牌22 12 触控笔（六角形）,触控笔,品牌22,12,六角形,白色,48*10*5,2400,BS81B,克里斯,收货,上架
PrNoA2WiBl,黑色 品牌26 二号纸 打印机（无线网络）,打印机,品牌26,二号纸,无线网络,黑色,16*1*1,16,AR45G,简,收货,上架
LaPH1416Wh,白色 品牌12 14英寸 笔记本电脑（16吉字节内存）,笔记本电脑,品牌12,14英寸,16吉字节内存,白色,16*1*1,16,DH36H,劳拉,收货,上架
TVGL75S4Wh,白色 品牌31 75英寸 电视机（超级超高清）,电视机,品牌31,75英寸,超级超高清,白色,8*1*1,8,AG86H,艾米,收货,上架
TVYn50FHBl,黑色 品牌15 50英寸 电视机（全高清）,电视机,品牌15,50英寸,全高清,黑色,8*1*1,8,AO62H,亚历克斯,收货,上架
AlSu1416Bl,黑色 品牌11 14英寸 一体机（16吉字节内存）,一体机,品牌11,14英寸,16吉字节内存,黑色,16*1*1,16,DL61H,艾米,收货,上架
AlYn14i5Si,银色 品牌15 14英寸 一体机（第5代处理器）,一体机,品牌15,14英寸,第5代处理器,银色,16*1*1,16,BV18H,莎拉,收货,上架
KeRe35BlBl,黑色 品牌10 350 键盘（蓝牙）,键盘,品牌10,350,蓝牙,黑色,16*10*1,160,BL31E,简,收货,上架
OfSELLeBl,黑色 品牌08 大号 办公椅（皮革）,办公椅,品牌08,大号,皮革,黑色,16*1*1,16,AP41C,艾米,收货,上架
SPAl24HeGr,灰色 品牌20 24 触控笔（六角形）,触控笔,品牌20,24,六角形,灰色,48*10*5,2400,DS20A,莎拉,收货,上架
TVGL42SFWh,白色 品牌31 42英寸 电视机（超级全高清）,电视机,品牌31,42英寸,超级全高清,白色,8*1*1,8,CK08H,艾米,收货,上架
CaRG90FiBl,黑色 品牌03 900 文件柜（文件收纳）,文件柜,品牌03,900,文件收纳,黑色,8*1*1,8,AF10E,艾米丽,收货,上架
OfOGLErPi,粉色 品牌07 大号 办公椅（人体工学）,办公椅,品牌07,大号,人体工学,粉色,16*1*1,16,CJ98G,莎拉,收货,上架
GaSEMHePi,粉色 品牌08 中号 游戏椅（头枕）,游戏椅,品牌08,中号,头枕,粉色,16*1*1,16,DX65B,莎拉,收货,上架
OfSESHePi,粉色 品牌08 小号 办公椅（头枕）,办公椅,品牌08,小号,头枕,粉色,16*1*1,16,CY24G,简,收货,上架
SPRe24HeWh,白色 品牌22 24 触控笔（六角形）,触控笔,品牌22,24,六角形,白色,48*10*5,2400,BJ87H,约翰,收货,上架
LaYn17i5Si,银色 品牌15 17英寸 笔记本电脑（第5代处理器）,笔记本电脑,品牌15,17英寸,第5代处理器,银色,16*1*1,16,DV24D,迈克,收货,上架
CaWE18SlGr,灰色 品牌02 1800 文件柜（滑动式）,文件柜,品牌02,1800,滑动式,灰色,8*1*1,8,BI57B,克里斯,收货,上架
TVYn75SFWh,白色 品牌15 75英寸 电视机（超级全高清）,电视机,品牌15,75英寸,超级全高清,白色,8*1*1,8,DQ45A,亚历克斯,收货,上架
SPNa24WaWh,白色 品牌23 24 触控笔（水彩）,触控笔,品牌23,24,水彩,白色,48*10*5,2400,AH15H,艾米丽,收货,上架
CaWE18LoWh,白色 品牌02 1800 文件柜（储物锁柜）,文件柜,品牌02,1800,储物锁柜,白色,8*1*1,8,BL38E,克里斯,收货,上架
OfSESLeGr,灰色 品牌08 小号 办公椅（皮革）,办公椅,品牌08,小号,皮革,灰色,16*1*1,16,BX86A,简,收货,上架
NoGrA3doSi,银色 品牌18 三号纸 笔记本（点阵）,笔记本,品牌18,三号纸,点阵,银色,48*10*5,2400,CJ69D,亚历克斯,收货,上架
MoPH45ErPi,粉色 品牌12 450 鼠标（人体工学）,鼠标,品牌12,450,人体工学,粉色,16*10*1,160,AO83F,劳拉,收货,上架
MoRe35MeWh,白色 品牌10 350 鼠标（机械式）,鼠标,品牌10,350,机械式,白色,16*10*1,160,CZ46E,艾米,收货,上架
AlPH14i5Gr,灰色 品牌12 14英寸 一体机（第5代处理器）,一体机,品牌12,14英寸,第5代处理器,灰色,16*1*1,16,AX47C,简,收货,上架
NoExA3ruWh,白色 品牌16 三号纸 笔记本（横线）,笔记本,品牌16,三号纸,横线,白色,48*10*5,2400,CY36G,艾米,收货,上架
AlRe15i5Wh,白色 品牌14 15英寸 一体机（第5代处理器）,一体机,品牌14,15英寸,第5代处理器,白色,16*1*1,16,AR70G,莎拉,收货,上架
PrPHA2MoMi,混合色 品牌12 二号纸 打印机（黑白）,打印机,品牌12,二号纸,黑白,混合色,16*1*1,16,CS24G,大卫,收货,上架
DrTE18FiGr,灰色 品牌04 1800 抽屉柜（文件收纳）,抽屉柜,品牌04,1800,文件收纳,灰色,8*1*1,8,AQ93B,大卫,收货,上架
TVGn504KGr,灰色 品牌30 50英寸 电视机（超高清）,电视机,品牌30,50英寸,超高清,灰色,8*1*1,8,CO09D,克里斯,收货,上架
DrTE90SlWh,白色 品牌04 900 抽屉柜（滑动式）,抽屉柜,品牌04,900,滑动式,白色,8*1*1,8,CI56H,迈克,收货,上架
DrQE18LoWh,白色 品牌01 1800 抽屉柜（储物锁柜）,抽屉柜,品牌01,1800,储物锁柜,白色,8*1*1,8,AY22H,约翰,收货,上架
OfXELLeGr,灰色 品牌06 大号 办公椅（皮革）,办公椅,品牌06,大号,皮革,灰色,16*1*1,16,BH55B,大卫,收货,上架
PeRe12WaWh,白色 品牌22 12 铅笔（水彩）,铅笔,品牌22,12,水彩,白色,48*10*5,2400,AY90B,大卫,收货,上架
CaQE12DoBl,黑色 品牌01 1200 文件柜（带门式）,文件柜,品牌01,1200,带门式,黑色,8*1*1,8,AI38G,艾米,收货,上架
PrReA2WiMi,混合色 品牌24 二号纸 打印机（无线网络）,打印机,品牌24,二号纸,无线网络,混合色,16*1*1,16,AX83G,亚历克斯,收货,上架
TaTR10AdBl,黑色 品牌29 1000 桌子（可调节）,桌子,品牌29,1000,可调节,黑色,8*1*1,8,BK28H,大卫,收货,上架
TaCI10AuWh,白色 品牌27 1000 桌子（自动调节）,桌子,品牌27,1000,自动调节,白色,8*1*1,8,CH40B,艾米,收货,上架
PrPHA3AlMi,混合色 品牌12 三号纸 打印机（一体式）,打印机,品牌12,三号纸,一体式,混合色,16*1*1,16,CN55E,克里斯,收货,上架
AlOv1416Gr,灰色 品牌13 14英寸 一体机（16吉字节内存）,一体机,品牌13,14英寸,16吉字节内存,灰色,16*1*1,16,AU74F,劳拉,收货,上架
PeRe50WaWh,白色 品牌22 50 铅笔（水彩）,铅笔,品牌22,50,水彩,白色,48*10*5,2400,CM46A,简,收货,上架
DrTE18SlBe,米色 品牌04 1800 抽屉柜（滑动式）,抽屉柜,品牌04,1800,滑动式,米色,8*1*1,8,AO18B,亚历克斯,收货,上架
AlYn158GBl,黑色 品牌15 15英寸 一体机（8吉字节内存）,一体机,品牌15,15英寸,8吉字节内存,黑色,16*1*1,16,DL69H,艾米丽,收货,上架
OfOGLLeGr,灰色 品牌07 大号 办公椅（皮革）,办公椅,品牌07,大号,皮革,灰色,16*1*1,16,BZ90G,迈克,收货,上架
TVEs65FHWh,白色 品牌32 65英寸 电视机（全高清）,电视机,品牌32,65英寸,全高清,白色,8*1*1,8,DF77C,约翰,收货,上架
TaTR18AuSi,银色 品牌29 1800 桌子（自动调节）,桌子,品牌29,1800,自动调节,银色,8*1*1,8,AR68G,克里斯,收货,上架
KeHc35MePi,粉色 品牌09 350 键盘（机械式）,键盘,品牌09,350,机械式,粉色,16*10*1,160,CJ35C,简,收货,上架
CaWE90SlBe,米色 品牌02 900 文件柜（滑动式）,文件柜,品牌02,900,滑动式,米色,8*1*1,8,BU48G,迈克,收货,上架
DrRG18SlGr,灰色 品牌03 1800 抽屉柜（滑动式）,抽屉柜,品牌03,1800,滑动式,灰色,8*1*1,8,AU66C,劳拉,收货,上架
KeHc45MeNa,藏青色 品牌09 450 键盘（机械式）,键盘,品牌09,450,机械式,藏青色,16*10*1,160,BW25C,艾米丽,收货,上架
AlOv14i7Si,银色 品牌13 14英寸 一体机（第7代处理器）,一体机,品牌13,14英寸,第7代处理器,银色,16*1*1,16,DV83F,克里斯,收货,上架
KeHc27WiBl,黑色 品牌09 270 键盘（有线）,键盘,品牌09,270,有线,黑色,16*10*1,160,DQ98G,迈克,收货,上架
MoHc45WiBl,黑色 品牌09 450 鼠标（有线）,鼠标,品牌09,450,有线,黑色,16*10*1,160,DH07F,大卫,收货,上架
KePH27ErPi,粉色 品牌12 270 键盘（人体工学）,键盘,品牌12,270,人体工学,粉色,16*10*1,160,DJ83C,大卫,收货,上架
CuWE90FiGr,灰色 品牌02 900 储物柜（文件收纳）,储物柜,品牌02,900,文件收纳,灰色,8*1*1,8,AV58E,亚历克斯,收货,上架
AlOv15i7Wh,白色 品牌13 15英寸 一体机（第7代处理器）,一体机,品牌13,15英寸,第7代处理器,白色,16*1*1,16,DT74B,劳拉,收货,上架
AlOv15i7Gr,灰色 品牌13 15英寸 一体机（第7代处理器）,一体机,品牌13,15英寸,第7代处理器,灰色,16*1*1,16,AJ40F,劳拉,收货,上架
AlPH1716Gr,灰色 品牌12 17英寸 一体机（16吉字节内存）,一体机,品牌12,17英寸,16吉字节内存,灰色,16*1*1,16,AO29C,莎拉,收货,上架
CuQE12SlGr,灰色 品牌01 1200 储物柜（滑动式）,储物柜,品牌01,1200,滑动式,灰色,8*1*1,8,BM09H,艾米丽,收货,上架
LaSu1416Bl,黑色 品牌11 14英寸 笔记本电脑（16吉字节内存）,笔记本电脑,品牌11,14英寸,16吉字节内存,黑色,16*1*1,16,BJ95D,莎拉,收货,上架
OfAESAdGr,灰色 品牌05 小号 办公椅（可调节）,办公椅,品牌05,小号,可调节,灰色,16*1*1,16,BV79H,约翰,收货,上架
AlYn14i7Si,银色 品牌15 14英寸 一体机（第7代处理器）,一体机,品牌15,14英寸,第7代处理器,银色,16*1*1,16,DQ83A,约翰,收货,上架
LaOv15i5Gr,灰色 品牌13 15英寸 笔记本电脑（第5代处理器）,笔记本电脑,品牌13,15英寸,第5代处理器,灰色,16*1*1,16,DO80E,艾米丽,收货,上架
CaTE12LoBl,黑色 品牌04 1200 文件柜（储物锁柜）,文件柜,品牌04,1200,储物锁柜,黑色,8*1*1,8,CJ37A,莎拉,收货,上架
GaOGSHeBl,黑色 品牌07 小号 游戏椅（头枕）,游戏椅,品牌07,小号,头枕,黑色,16*1*1,16,CH46F,亚历克斯,收货,上架
DrTE90SlBl,黑色 品牌04 900 抽屉柜（滑动式）,抽屉柜,品牌04,900,滑动式,黑色,8*1*1,8,DF58G,大卫,收货,上架
TaTR15WoSi,银色 品牌28 1500 桌子（工作站）,桌子,品牌28,1500,工作站,银色,8*1*1,8,DP18E,克里斯,收货,上架
LaPH1532Si,银色 品牌12 15英寸 笔记本电脑（32吉字节内存）,笔记本电脑,品牌12,15英寸,32吉字节内存,银色,16*1*1,16,CI60B,艾米丽,收货,上架
TVYn50S4Gr,灰色 品牌15 50英寸 电视机（超级超高清）,电视机,品牌15,50英寸,超级超高清,灰色,8*1*1,8,BQ63F,艾米,收货,上架
MoHc27ErNa,藏青色 品牌09 270 鼠标（人体工学）,鼠标,品牌09,270,人体工学,藏青色,16*10*1,160,AN67E,莎拉,收货,上架
NoGrA4liGr,灰色 品牌18 四号纸 笔记本（线条）,笔记本,品牌18,四号纸,线条,灰色,48*10*5,2400,AJ89F,莎拉,收货,上架
LaOv15i7Gr,灰色 品牌13 15英寸 笔记本电脑（第7代处理器）,笔记本电脑,品牌13,15英寸,第7代处理器,灰色,16*1*1,16,DS04E,迈克,收货,上架
OfSELAdWh,白色 品牌08 大号 办公椅（可调节）,办公椅,品牌08,大号,可调节,白色,16*1*1,16,BW98B,约翰,收货,上架
GaAELHeWh,白色 品牌05 大号 游戏椅（头枕）,游戏椅,品牌05,大号,头枕,白色,16*1*1,16,AN62G,劳拉,收货,上架
SPGi50HeWh,白色 品牌21 50 触控笔（六角形）,触控笔,品牌21,50,六角形,白色,48*10*5,2400,DJ87D,艾米,收货,上架
TVYn654KWh,白色 品牌15 65英寸 电视机（超高清）,电视机,品牌15,65英寸,超高清,白色,8*1*1,8,CN13H,迈克,收货,上架
DrRG12DoBl,黑色 品牌03 1200 抽屉柜（带门式）,抽屉柜,品牌03,1200,带门式,黑色,8*1*1,8,DW55C,克里斯,收货,上架
LaSu14i5Bl,黑色 品牌11 14英寸 笔记本电脑（第5代处理器）,笔记本电脑,品牌11,14英寸,第5代处理器,黑色,16*1*1,16,BN95F,迈克,收货,上架
LaOv17i7Si,银色 品牌13 17英寸 笔记本电脑（第7代处理器）,笔记本电脑,品牌13,17英寸,第7代处理器,银色,16*1*1,16,BO10G,亚历克斯,收货,上架
GaOGSAdPi,粉色 品牌07 小号 游戏椅（可调节）,游戏椅,品牌07,小号,可调节,粉色,16*1*1,16,BV77G,大卫,收货,上架
NoMuA3liGr,灰色 品牌19 三号纸 笔记本（线条）,笔记本,品牌19,三号纸,线条,灰色,48*10*5,2400,BL53F,莎拉,收货,上架
NoMuA3ruBl,黑色 品牌19 三号纸 笔记本（横线）,笔记本,品牌19,三号纸,横线,黑色,48*10*5,2400,CV27H,劳拉,收货,上架
GaOGSAdWh,白色 品牌07 小号 游戏椅（可调节）,游戏椅,品牌07,小号,可调节,白色,16*1*1,16,AI39G,克里斯,收货,上架
LaOv14i7Si,银色 品牌13 14英寸 笔记本电脑（第7代处理器）,笔记本电脑,品牌13,14英寸,第7代处理器,银色,16*1*1,16,BH54F,约翰,收货,上架
TaTR18AuWh,白色 品牌28 1800 桌子（自动调节）,桌子,品牌28,1800,自动调节,白色,8*1*1,8,CL28F,劳拉,收货,上架
CuRG18SlBl,黑色 品牌03 1800 储物柜（滑动式）,储物柜,品牌03,1800,滑动式,黑色,8*1*1,8,BJ64B,克里斯,收货,上架
KeSu35ErNa,藏青色 品牌11 350 键盘（人体工学）,键盘,品牌11,350,人体工学,藏青色,16*10*1,160,AL14F,约翰,收货,上架
CaQE18SlBl,黑色 品牌01 1800 文件柜（滑动式）,文件柜,品牌01,1800,滑动式,黑色,8*1*1,8,DM05C,莎拉,收货,上架
SPNa24SoPi,粉色 品牌23 24 触控笔（可溶性）,触控笔,品牌23,24,可溶性,粉色,48*10*5,2400,AL36F,大卫,收货,上架
AlOv15i5Gr,灰色 品牌13 15英寸 一体机（第5代处理器）,一体机,品牌13,15英寸,第5代处理器,灰色,16*1*1,16,AQ59A,简,收货,上架
LaOv1432Wh,白色 品牌13 14英寸 笔记本电脑（32吉字节内存）,笔记本电脑,品牌13,14英寸,32吉字节内存,白色,16*1*1,16,AH66H,简,收货,上架
LaYn148GSi,银色 品牌15 14英寸 笔记本电脑（8吉字节内存）,笔记本电脑,品牌15,14英寸,8吉字节内存,银色,16*1*1,16,DG91F,艾米丽,收货,上架
OfAEMErBl,黑色 品牌05 中号 办公椅（人体工学）,办公椅,品牌05,中号,人体工学,黑色,16*1*1,16,BH18D,艾米丽,收货,上架
PrReA4MoGr,灰色 品牌24 四号纸 打印机（黑白）,打印机,品牌24,四号纸,黑白,灰色,16*1*1,16,BS55H,劳拉,收货,上架
KePH45BlBl,黑色 品牌12 450 键盘（蓝牙）,键盘,品牌12,450,蓝牙,黑色,16*10*1,160,CM68A,大卫,收货,上架
LaOv1716Gr,灰色 品牌13 17英寸 笔记本电脑（16吉字节内存）,笔记本电脑,品牌13,17英寸,16吉字节内存,灰色,16*1*1,16,AJ52H,简,收货,上架
GaAELLeWh,白色 品牌05 大号 游戏椅（皮革）,游戏椅,品牌05,大号,皮革,白色,16*1*1,16,CH27B,劳拉,收货,上架
TVGL50S4Si,银色 品牌31 50英寸 电视机（超级超高清）,电视机,品牌31,50英寸,超级超高清,银色,8*1*1,8,BI58G,艾米,收货,上架
CuWE18FiWh,白色 品牌02 1800 储物柜（文件收纳）,储物柜,品牌02,1800,文件收纳,白色,8*1*1,8,BI11F,大卫,收货,上架
SPGi24WaBl,黑色 品牌21 24 触控笔（水彩）,触控笔,品牌21,24,水彩,黑色,48*10*5,2400,DT71H,艾米丽,收货,上架
DrQE12DoWh,白色 品牌01 1200 抽屉柜（带门式）,抽屉柜,品牌01,1200,带门式,白色,8*1*1,8,BJ29A,莎拉,收货,上架
AlRe15i5Gr,灰色 品牌14 15英寸 一体机（第5代处理器）,一体机,品牌14,15英寸,第5代处理器,灰色,16*1*1,16,AU54C,亚历克斯,收货,上架
PrReA4LaBl,黑色 品牌24 四号纸 打印机（激光）,打印机,品牌24,四号纸,激光,黑色,16*1*1,16,CK66G,简,收货,上架
LaOv1716Wh,白色 品牌13 17英寸 笔记本电脑（16吉字节内存）,笔记本电脑,品牌13,17英寸,16吉字节内存,白色,16*1*1,16,DS84G,艾米丽,收货,上架
KeRe45BlPi,粉色 品牌10 450 键盘（蓝牙）,键盘,品牌10,450,蓝牙,粉色,16*10*1,160,DV77F,简,收货,上架
CuTE12DoGr,灰色 品牌04 1200 储物柜（带门式）,储物柜,品牌04,1200,带门式,灰色,8*1*1,8,DI09A,艾米丽,收货,上架
GaOGSLeWh,白色 品牌07 小号 游戏椅（皮革）,游戏椅,品牌07,小号,皮革,白色,16*1*1,16,BU66D,亚历克斯,收货,上架
PrPHA3LaGr,灰色 品牌12 三号纸 打印机（激光）,打印机,品牌12,三号纸,激光,灰色,16*1*1,16,CY45H,艾米丽,收货,上架
TaAE15AuSi,银色 品牌05 1500 桌子（自动调节）,桌子,品牌05,1500,自动调节,银色,8*1*1,8,CZ70F,简,收货,上架
SPRe50HePi,粉色 品牌22 50 触控笔（六角形）,触控笔,品牌22,50,六角形,粉色,48*10*5,2400,AV94A,劳拉,收货,上架
KePH27WiPi,粉色 品牌12 270 键盘（有线）,键盘,品牌12,270,有线,粉色,16*10*1,160,BY84A,简,收货,上架
AlPH1432Gr,灰色 品牌12 14英寸 一体机（32吉字节内存）,一体机,品牌12,14英寸,32吉字节内存,灰色,16*1*1,16,BG76B,约翰,收货,上架
DrRG18DoBe,米色 品牌03 1800 抽屉柜（带门式）,抽屉柜,品牌03,1800,带门式,米色,8*1*1,8,AG17D,艾米丽,收货,上架
TVGL75S4Si,银色 品牌31 75英寸 电视机（超级超高清）,电视机,品牌31,75英寸,超级超高清,银色,8*1*1,8,AH97F,约翰,收货,上架
TaTR15FrGr,灰色 品牌28 1500 桌子（框架式）,桌子,品牌28,1500,框架式,灰色,8*1*1,8,DR68G,克里斯,收货,上架
GaSESErGr,灰色 品牌08 小号 游戏椅（人体工学）,游戏椅,品牌08,小号,人体工学,灰色,16*1*1,16,AX42G,迈克,收货,上架
SPNa24WaGr,灰色 品牌23 24 触控笔（水彩）,触控笔,品牌23,24,水彩,灰色,48*10*5,2400,AT63B,亚历克斯,收货,上架
KePH35MeBl,黑色 品牌12 350 键盘（机械式）,键盘,品牌12,350,机械式,黑色,16*10*1,160,CF28A,劳拉,收货,上架
KeSu35MeWh,白色 品牌11 350 键盘（机械式）,键盘,品牌11,350,机械式,白色,16*10*1,160,DJ10B,大卫,收货,上架
NoMuA4ruBl,黑色 品牌19 四号纸 笔记本（横线）,笔记本,品牌19,四号纸,横线,黑色,48*10*5,2400,DI02C,劳拉,收货,上架
LaPH17i7Bl,黑色 品牌12 17英寸 笔记本电脑（第7代处理器）,笔记本电脑,品牌12,17英寸,第7代处理器,黑色,16*1*1,16,BZ84H,劳拉,收货,上架
TaCI10AdGr,灰色 品牌27 1000 桌子（可调节）,桌子,品牌27,1000,可调节,灰色,8*1*1,8,BM72H,大卫,收货,上架
NoScA5doBl,黑色 品牌17 五号纸 笔记本（点阵）,笔记本,品牌17,五号纸,点阵,黑色,48*10*5,2400,BP08B,亚历克斯,收货,上架
TVGL424KBl,黑色 品牌31 42英寸 电视机（超高清）,电视机,品牌31,42英寸,超高清,黑色,8*1*1,8,CX77G,约翰,收货,上架
SPRe24HeGr,灰色 品牌22 24 触控笔（六角形）,触控笔,品牌22,24,六角形,灰色,48*10*5,2400,CL58G,劳拉,收货,上架
MoPH27ErWh,白色 品牌12 270 鼠标（人体工学）,鼠标,品牌12,270,人体工学,白色,16*10*1,160,AR76H,艾米丽,收货,上架
AlOv1732Gr,灰色 品牌13 17英寸 一体机（32吉字节内存）,一体机,品牌13,17英寸,32吉字节内存,灰色,16*1*1,16,BS91C,莎拉,收货,上架
AlRe1732Si,银色 品牌14 17英寸 一体机（32吉字节内存）,一体机,品牌14,17英寸,32吉字节内存,银色,16*1*1,16,CQ28H,大卫,收货,上架
AlYn15i5Si,银色 品牌15 15英寸 一体机（第5代处理器）,一体机,品牌15,15英寸,第5代处理器,银色,16*1*1,16,BW14F,克里斯,收货,上架
MoPH45WiBl,黑色 品牌12 450 鼠标（有线）,鼠标,品牌12,450,有线,黑色,16*10*1,160,AP39G,简,收货,上架
AlYn17i5Si,银色 品牌15 17英寸 一体机（第5代处理器）,一体机,品牌15,17英寸,第5代处理器,银色,16*1*1,16,AU01H,莎拉,收货,上架
TaCI18FrWh,白色 品牌27 1800 桌子（框架式）,桌子,品牌27,1800,框架式,白色,8*1*1,8,DZ26G,艾米丽,收货,上架
CaQE18LoBl,黑色 品牌01 1800 文件柜（储物锁柜）,文件柜,品牌01,1800,储物锁柜,黑色,8*1*1,8,CN46E,劳拉,收货,上架
OfAESLeGr,灰色 品牌05 小号 办公椅（皮革）,办公椅,品牌05,小号,皮革,灰色,16*1*1,16,DK22E,克里斯,收货,上架
NoScA3ruGr,灰色 品牌17 三号纸 笔记本（横线）,笔记本,品牌17,三号纸,横线,灰色,48*10*5,2400,CR68C,亚历克斯,收货,上架
CaQE12SlWh,白色 品牌01 1200 文件柜（滑动式）,文件柜,品牌01,1200,滑动式,白色,8*1*1,8,CI26F,亚历克斯,收货,上架
NoScA5doGr,灰色 品牌17 五号纸 笔记本（点阵）,笔记本,品牌17,五号纸,点阵,灰色,48*10*5,2400,DU51A,大卫,收货,上架
CuRG90SlGr,灰色 品牌03 900 储物柜（滑动式）,储物柜,品牌03,900,滑动式,灰色,8*1*1,8,AJ84C,莎拉,收货,上架
OfAEMLeBl,黑色 品牌05 中号 办公椅（皮革）,办公椅,品牌05,中号,皮革,黑色,16*1*1,16,AK62E,艾米丽,收货,上架
TVEs75S4Si,银色 品牌32 75英寸 电视机（超级超高清）,电视机,品牌32,75英寸,超级超高清,银色,8*1*1,8,BM07B,劳拉,收货,上架
CuWE18SlGr,灰色 品牌02 1800 储物柜（滑动式）,储物柜,品牌02,1800,滑动式,灰色,8*1*1,8,CJ06F,莎拉,收货,上架
PrReA2AlGr,灰色 品牌24 二号纸 打印机（一体式）,打印机,品牌24,二号纸,一体式,灰色,16*1*1,16,CY44A,艾米,收货,上架
AlPH1716Gr,灰色 品牌12 17英寸 一体机（16吉字节内存）,一体机,品牌12,17英寸,16吉字节内存,灰色,16*1*1,16,AG32C,莎拉,收货,上架
PrPHA2InMi,混合色 品牌12 二号纸 打印机（喷墨）,打印机,品牌12,二号纸,喷墨,混合色,16*1*1,16,DX85C,艾米丽,收货,上架
TVEs754KBl,黑色 品牌32 75英寸 电视机（超高清）,电视机,品牌32,75英寸,超高清,黑色,8*1*1,8,AV92B,莎拉,收货,上架
DrQE12DoGr,灰色 品牌01 1200 抽屉柜（带门式）,抽屉柜,品牌01,1200,带门式,灰色,8*1*1,8,CI85F,简,收货,上架
DrWE12LoBe,米色 品牌02 1200 抽屉柜（储物锁柜）,抽屉柜,品牌02,1200,储物锁柜,米色,8*1*1,8,CL47E,艾米,收货,上架
MoHc35MePi,粉色 品牌09 350 鼠标（机械式）,鼠标,品牌09,350,机械式,粉色,16*10*1,160,CU01D,约翰,收货,上架
PeRe24WaGr,灰色 品牌22 24 铅笔（水彩）,铅笔,品牌22,24,水彩,灰色,48*10*5,2400,AG56H,艾米丽,收货,上架
MoHc27WiWh,白色 品牌09 270 鼠标（有线）,鼠标,品牌09,270,有线,白色,16*10*1,160,CG62B,简,收货,上架
NoExA5liBl,黑色 品牌16 五号纸 笔记本（线条）,笔记本,品牌16,五号纸,线条,黑色,48*10*5,2400,AV32A,约翰,收货,上架
LaYn17i5Wh,白色 品牌15 17英寸 笔记本电脑（第5代处理器）,笔记本电脑,品牌15,17英寸,第5代处理器,白色,16*1*1,16,DU82H,迈克,收货,上架
PeRe24HeGr,灰色 品牌22 24 铅笔（六角形）,铅笔,品牌22,24,六角形,灰色,48*10*5,2400,CF76G,艾米,收货,上架
PeNa50SoWh,白色 品牌23 50 铅笔（可溶性）,铅笔,品牌23,50,可溶性,白色,48*10*5,2400,DY18E,迈克,收货,上架
AlPH17i5Bl,黑色 品牌12 17英寸 一体机（第5代处理器）,一体机,品牌12,17英寸,第5代处理器,黑色,16*1*1,16,AV20H,迈克,收货,上架
DrRG18SlBe,米色 品牌03 1800 抽屉柜（滑动式）,抽屉柜,品牌03,1800,滑动式,米色,8*1*1,8,CI64D,克里斯,收货,上架
CaRG90DoBl,黑色 品牌03 900 文件柜（带门式）,文件柜,品牌03,900,带门式,黑色,8*1*1,8,BP33A,艾米,收货,上架
PrPHA2WiGr,灰色 品牌12 二号纸 打印机（无线网络）,打印机,品牌12,二号纸,无线网络,灰色,16*1*1,16,DO57D,约翰,收货,上架
OfSELErGr,灰色 品牌08 大号 办公椅（人体工学）,办公椅,品牌08,大号,人体工学,灰色,16*1*1,16,AX13H,劳拉,收货,上架
TVYn42FHBl,黑色 品牌15 42英寸 电视机（全高清）,电视机,品牌15,42英寸,全高清,黑色,8*1*1,8,DH48C,艾米,收货,上架
NoMuA3liGr,灰色 品牌19 三号纸 笔记本（线条）,笔记本,品牌19,三号纸,线条,灰色,48*10*5,2400,DS17C,亚历克斯,收货,上架
GaXELHePi,粉色 品牌06 大号 游戏椅（头枕）,游戏椅,品牌06,大号,头枕,粉色,16*1*1,16,AF48F,劳拉,收货,上架
DrWE12DoGr,灰色 品牌02 1200 抽屉柜（带门式）,抽屉柜,品牌02,1200,带门式,灰色,8*1*1,8,BQ90B,莎拉,收货,上架
DrTE12FiBe,米色 品牌04 1200 抽屉柜（文件收纳）,抽屉柜,品牌04,1200,文件收纳,米色,8*1*1,8,CN19H,劳拉,收货,上架
PeNa12SoGr,灰色 品牌23 12 铅笔（可溶性）,铅笔,品牌23,12,可溶性,灰色,48*10*5,2400,DN76G,克里斯,收货,上架
DrTE90DoWh,白色 品牌04 900 抽屉柜（带门式）,抽屉柜,品牌04,900,带门式,白色,8*1*1,8,CQ67H,约翰,收货,上架
MoSu45MeNa,藏青色 品牌11 450 鼠标（机械式）,鼠标,品牌11,450,机械式,藏青色,16*10*1,160,AK68A,迈克,收货,上架
AlRe14i5Bl,黑色 品牌14 14英寸 一体机（第5代处理器）,一体机,品牌14,14英寸,第5代处理器,黑色,16*1*1,16,DN78F,约翰,收货,上架
TaTR18FrWh,白色 品牌28 1800 桌子（框架式）,桌子,品牌28,1800,框架式,白色,8*1*1,8,CT64B,亚历克斯,收货,上架
DrRG18FiGr,灰色 品牌03 1800 抽屉柜（文件收纳）,抽屉柜,品牌03,1800,文件收纳,灰色,8*1*1,8,AI71F,大卫,收货,上架
LaOv1516Bl,黑色 品牌13 15英寸 笔记本电脑（16吉字节内存）,笔记本电脑,品牌13,15英寸,16吉字节内存,黑色,16*1*1,16,BU98B,迈克,收货,上架
SPNa12WaPi,粉色 品牌23 12 触控笔（水彩）,触控笔,品牌23,12,水彩,粉色,48*10*5,2400,CQ66G,迈克,收货,上架
MoRe35ErBl,黑色 品牌10 350 鼠标（人体工学）,鼠标,品牌10,350,人体工学,黑色,16*10*1,160,AN83B,约翰,收货,上架
TVGn654KWh,白色 品牌30 65英寸 电视机（超高清）,电视机,品牌30,65英寸,超高清,白色,8*1*1,8,CL51F,艾米丽,收货,上架
MoPH35WiBl,黑色 品牌12 350 鼠标（有线）,鼠标,品牌12,350,有线,黑色,16*10*1,160,AW94F,莎拉,收货,上架
PeGi24HeWh,白色 品牌21 24 铅笔（六角形）,铅笔,品牌21,24,六角形,白色,48*10*5,2400,BZ90C,艾米丽,收货,上架
TVEs42S4Bl,黑色 品牌32 42英寸 电视机（超级超高清）,电视机,品牌32,42英寸,超级超高清,黑色,8*1*1,8,AL76H,简,收货,上架
TVGn32S4Wh,白色 品牌30 32英寸 电视机（超级超高清）,电视机,品牌30,32英寸,超级超高清,白色,8*1*1,8,AR89C,大卫,收货,上架
MoRe35BlPi,粉色 品牌10 350 鼠标（蓝牙）,鼠标,品牌10,350,蓝牙,粉色,16*10*1,160,CQ71A,克里斯,收货,上架
CaWE18LoWh,白色 品牌02 1800 文件柜（储物锁柜）,文件柜,品牌02,1800,储物锁柜,白色,8*1*1,8,BY53E,亚历克斯,收货,上架
AlSu15i5Wh,白色 品牌11 15英寸 一体机（第5代处理器）,一体机,品牌11,15英寸,第5代处理器,白色,16*1*1,16,DX92C,艾米丽,收货,上架
LaOv15i7Bl,黑色 品牌13 15英寸 笔记本电脑（第7代处理器）,笔记本电脑,品牌13,15英寸,第7代处理器,黑色,16*1*1,16,AJ51C,艾米丽,收货,上架
LaSu1716Gr,灰色 品牌11 17英寸 笔记本电脑（16吉字节内存）,笔记本电脑,品牌11,17英寸,16吉字节内存,灰色,16*1*1,16,DQ38H,亚历克斯,收货,上架
NoMuA4liSi,银色 品牌19 四号纸 笔记本（线条）,笔记本,品牌19,四号纸,线条,银色,48*10*5,2400,BW79C,劳拉,收货,上架
MoHc35WiWh,白色 品牌09 350 鼠标（有线）,鼠标,品牌09,350,有线,白色,16*10*1,160,BJ72C,简,收货,上架
AlYn14i7Bl,黑色 品牌15 14英寸 一体机（第7代处理器）,一体机,品牌15,14英寸,第7代处理器,黑色,16*1*1,16,BL62F,大卫,收货,上架
LaOv1732Si,银色 品牌13 17英寸 笔记本电脑（32吉字节内存）,笔记本电脑,品牌13,17英寸,32吉字节内存,银色,16*1*1,16,DY64H,亚历克斯,收货,上架
MoPH45WiPi,粉色 品牌12 450 鼠标（有线）,鼠标,品牌12,450,有线,粉色,16*10*1,160,BN74B,简,收货,上架
LaOv1432Si,银色 品牌13 14英寸 笔记本电脑（32吉字节内存）,笔记本电脑,品牌13,14英寸,32吉字节内存,银色,16*1*1,16,BJ29E,艾米丽,收货,上架
GaAESLePi,粉色 品牌05 小号 游戏椅（皮革）,游戏椅,品牌05,小号,皮革,粉色,16*1*1,16,AI91G,劳拉,收货,上架
PrReA4InBl,黑色 品牌24 四号纸 打印机（喷墨）,打印机,品牌24,四号纸,喷墨,黑色,16*1*1,16,DP71E,约翰,收货,上架
CuQE90FiBl,黑色 品牌01 900 储物柜（文件收纳）,储物柜,品牌01,900,文件收纳,黑色,8*1*1,8,BY80F,莎拉,收货,上架
LaSu1516Si,银色 品牌11 15英寸 笔记本电脑（16吉字节内存）,笔记本电脑,品牌11,15英寸,16吉字节内存,银色,16*1*1,16,CI18D,艾米丽,收货,上架
SPGi24HePi,粉色 品牌21 24 触控笔（六角形）,触控笔,品牌21,24,六角形,粉色,48*10*5,2400,BW70A,劳拉,收货,上架
GaOGMAdGr,灰色 品牌07 中号 游戏椅（可调节）,游戏椅,品牌07,中号,可调节,灰色,16*1*1,16,AT12F,莎拉,收货,上架
AlYn14i5Si,银色 品牌15 14英寸 一体机（第5代处理器）,一体机,品牌15,14英寸,第5代处理器,银色,16*1*1,16,AK48G,莎拉,收货,上架
LaRe158GBl,黑色 品牌14 15英寸 笔记本电脑（8吉字节内存）,笔记本电脑,品牌14,15英寸,8吉字节内存,黑色,16*1*1,16,AY01B,克里斯,收货,上架
OfOGLLeBl,黑色 品牌07 大号 办公椅（皮革）,办公椅,品牌07,大号,皮革,黑色,16*1*1,16,AQ27G,约翰,收货,上架
TVEs65FHWh,白色 品牌32 65英寸 电视机（全高清）,电视机,品牌32,65英寸,全高清,白色,8*1*1,8,CG70B,约翰,收货,上架
LaYn178GSi,银色 品牌15 17英寸 笔记本电脑（8吉字节内存）,笔记本电脑,品牌15,17英寸,8吉字节内存,银色,16*1*1,16,DY79A,克里斯,收货,上架
MoSu27ErWh,白色 品牌11 270 鼠标（人体工学）,鼠标,品牌11,270,人体工学,白色,16*10*1,160,DS49H,迈克,收货,上架
SPRe24HeWh,白色 品牌22 24 触控笔（六角形）,触控笔,品牌22,24,六角形,白色,48*10*5,2400,BS76F,约翰,收货,上架
OfSEMErBl,黑色 品牌08 中号 办公椅（人体工学）,办公椅,品牌08,中号,人体工学,黑色,16*1*1,16,CZ22G,劳拉,收货,上架
SPGi12WaPi,粉色 品牌21 12 触控笔（水彩）,触控笔,品牌21,12,水彩,粉色,48*10*5,2400,DL03D,迈克,收货,上架
DrTE12SlBe,米色 品牌04 1200 抽屉柜（滑动式）,抽屉柜,品牌04,1200,滑动式,米色,8*1*1,8,AX82A,亚历克斯,收货,上架
PeRe24SoGr,灰色 品牌22 24 铅笔（可溶性）,铅笔,品牌22,24,可溶性,灰色,48*10*5,2400,AW81B,劳拉,收货,上架
GaAESErGr,灰色 品牌05 小号 游戏椅（人体工学）,游戏椅,品牌05,小号,人体工学,灰色,16*1*1,16,BN25E,简,收货,上架
LaPH14i7Si,银色 品牌12 14英寸 笔记本电脑（第7代处理器）,笔记本电脑,品牌12,14英寸,第7代处理器,银色,16*1*1,16,BP75H,亚历克斯,收货,上架
GaAELErPi,粉色 品牌05 大号 游戏椅（人体工学）,游戏椅,品牌05,大号,人体工学,粉色,16*1*1,16,DT57C,劳拉,收货,上架
OfXESLeGr,灰色 品牌06 小号 办公椅（皮革）,办公椅,品牌06,小号,皮革,灰色,16*1*1,16,CV20B,克里斯,收货,上架
CaRG90DoGr,灰色 品牌03 900 文件柜（带门式）,文件柜,品牌03,900,带门式,灰色,8*1*1,8,CW14H,艾米,收货,上架
CuTE90FiWh,白色 品牌04 900 储物柜（文件收纳）,储物柜,品牌04,900,文件收纳,白色,8*1*1,8,AH64D,约翰,收货,上架
PrSoA3AlGr,灰色 品牌25 三号纸 打印机（一体式）,打印机,品牌25,三号纸,一体式,灰色,16*1*1,16,BL97C,简,收货,上架
CuRG12FiBe,米色 品牌03 1200 储物柜（文件收纳）,储物柜,品牌03,1200,文件收纳,米色,8*1*1,8,AI09C,莎拉,收货,上架
TaCI15AdWh,白色 品牌27 1500 桌子（可调节）,桌子,品牌27,1500,可调节,白色,8*1*1,8,AP01F,劳拉,收货,上架
CaRG90LoBl,黑色 品牌03 900 文件柜（储物锁柜）,文件柜,品牌03,900,储物锁柜,黑色,8*1*1,8,DZ01A,莎拉,收货,上架
AlPH1532Bl,黑色 品牌12 15英寸 一体机（32吉字节内存）,一体机,品牌12,15英寸,32吉字节内存,黑色,16*1*1,16,CX85B,简,收货,上架
TaAE10AuBl,黑色 品牌05 1000 桌子（自动调节）,桌子,品牌05,1000,自动调节,黑色,8*1*1,8,AJ42A,大卫,收货,上架
PrPHA2AlBl,黑色 品牌12 二号纸 打印机（一体式）,打印机,品牌12,二号纸,一体式,黑色,16*1*1,16,AZ70C,克里斯,收货,上架
OfAEMErBl,黑色 品牌05 中号 办公椅（人体工学）,办公椅,品牌05,中号,人体工学,黑色,16*1*1,16,BF95D,克里斯,收货,上架
TVGL75S4Wh,白色 品牌31 75英寸 电视机（超级超高清）,电视机,品牌31,75英寸,超级超高清,白色,8*1*1,8,CQ15E,劳拉,收货,上架
LaPH15i5Si,银色 品牌12 15英寸 笔记本电脑（第5代处理器）,笔记本电脑,品牌12,15英寸,第5代处理器,银色,16*1*1,16,AR31C,艾米,收货,上架
TVEs65SFWh,白色 品牌32 65英寸 电视机（超级全高清）,电视机,品牌32,65英寸,超级全高清,白色,8*1*1,8,AF03D,约翰,收货,上架
PrPHA2MoMi,混合色 品牌12 二号纸 打印机（黑白）,打印机,品牌12,二号纸,黑白,混合色,16*1*1,16,DS04D,迈克,收货,上架
PrNoA4InBl,黑色 品牌26 四号纸 打印机（喷墨）,打印机,品牌26,四号纸,喷墨,黑色,16*1*1,16,CZ37H,迈克,收货,上架
CaQE90SlWh,白色 品牌01 900 文件柜（滑动式）,文件柜,品牌01,900,滑动式,白色,8*1*1,8,AG75F,约翰,收货,上架
KeHc45BlBl,黑色 品牌09 450 键盘（蓝牙）,键盘,品牌09,450,蓝牙,黑色,16*10*1,160,DW39D,亚历克斯,收货,上架
AlPH17i7Wh,白色 品牌12 17英寸 一体机（第7代处理器）,一体机,品牌12,17英寸,第7代处理器,白色,16*1*1,16,CY83E,亚历克斯,收货,上架
TVGL65FHGr,灰色 品牌31 65英寸 电视机（全高清）,电视机,品牌31,65英寸,全高清,灰色,8*1*1,8,DO84G,迈克,收货,上架
SPRe24WaWh,白色 品牌22 24 触控笔（水彩）,触控笔,品牌22,24,水彩,白色,48*10*5,2400,AT24D,迈克,收货,上架
OfAELLeBl,黑色 品牌05 大号 办公椅（皮革）,办公椅,品牌05,大号,皮革,黑色,16*1*1,16,AQ56F,艾米,收货,上架
MoRe27BlNa,藏青色 品牌10 270 鼠标（蓝牙）,鼠标,品牌10,270,蓝牙,藏青色,16*10*1,160,DG10B,艾米丽,收货,上架
NoGrA5doGr,灰色 品牌18 五号纸 笔记本（点阵）,笔记本,品牌18,五号纸,点阵,灰色,48*10*5,2400,BG04G,迈克,收货,上架
TVGL32S4Si,银色 品牌31 32英寸 电视机（超级超高清）,电视机,品牌31,32英寸,超级超高清,银色,8*1*1,8,BP82G,劳拉,收货,上架
DrQE12FiWh,白色 品牌01 1200 抽屉柜（文件收纳）,抽屉柜,品牌01,1200,文件收纳,白色,8*1*1,8,BW68G,亚历克斯,收货,上架
CuTE18SlBe,米色 品牌04 1800 储物柜（滑动式）,储物柜,品牌04,1800,滑动式,米色,8*1*1,8,DS23F,克里斯,收货,上架
DrTE18SlGr,灰色 品牌04 1800 抽屉柜（滑动式）,抽屉柜,品牌04,1800,滑动式,灰色,8*1*1,8,DV55H,莎拉,收货,上架
SPNa50HeWh,白色 品牌23 50 触控笔（六角形）,触控笔,品牌23,50,六角形,白色,48*10*5,2400,BT84C,劳拉,收货,上架
GaSEMAdPi,粉色 品牌08 中号 游戏椅（可调节）,游戏椅,品牌08,中号,可调节,粉色,16*1*1,16,BZ03G,艾米丽,收货,上架
TVGn754KWh,白色 品牌30 75英寸 电视机（超高清）,电视机,品牌30,75英寸,超高清,白色,8*1*1,8,DV44D,艾米,收货,上架
DrTE90SlBe,米色 品牌04 900 抽屉柜（滑动式）,抽屉柜,品牌04,900,滑动式,米色,8*1*1,8,AO94A,约翰,收货,上架
TaAE10AuBl,黑色 品牌05 1000 桌子（自动调节）,桌子,品牌05,1000,自动调节,黑色,8*1*1,8,CF67H,克里斯,收货,上架
SPRe12WaBl,黑色 品牌22 12 触控笔（水彩）,触控笔,品牌22,12,水彩,黑色,48*10*5,2400,CH53F,克里斯,收货,上架
PeRe24SoGr,灰色 品牌22 24 铅笔（可溶性）,铅笔,品牌22,24,可溶性,灰色,48*10*5,2400,BR24A,克里斯,收货,上架
TVYn32S4Wh,白色 品牌15 32英寸 电视机（超级超高清）,电视机,品牌15,32英寸,超级超高清,白色,8*1*1,8,CK95A,约翰,收货,上架
TaTR10WoGr,灰色 品牌28 1000 桌子（工作站）,桌子,品牌28,1000,工作站,灰色,8*1*1,8,AK32H,迈克,收货,上架
TVEs65SFWh,白色 品牌32 65英寸 电视机（超级全高清）,电视机,品牌32,65英寸,超级全高清,白色,8*1*1,8,DT70A,简,收货,上架
NoScA3doWh,白色 品牌17 三号纸 笔记本（点阵）,笔记本,品牌17,三号纸,点阵,白色,48*10*5,2400,BJ88F,艾米,收货,上架
LaSu1516Bl,黑色 品牌11 15英寸 笔记本电脑（16吉字节内存）,笔记本电脑,品牌11,15英寸,16吉字节内存,黑色,16*1*1,16,AQ69G,简,收货,上架
TaAE10FrGr,灰色 品牌05 1000 桌子（框架式）,桌子,品牌05,1000,框架式,灰色,8*1*1,8,AN59F,克里斯,收货,上架
OfOGMLeBl,黑色 品牌07 中号 办公椅（皮革）,办公椅,品牌07,中号,皮革,黑色,16*1*1,16,DM33D,迈克,收货,上架
GaSESAdPi,粉色 品牌08 小号 游戏椅（可调节）,游戏椅,品牌08,小号,可调节,粉色,16*1*1,16,AT71C,约翰,收货,上架
PrNoA4InMi,混合色 品牌26 四号纸 打印机（喷墨）,打印机,品牌26,四号纸,喷墨,混合色,16*1*1,16,CY68F,约翰,收货,上架
TVYn32SFWh,白色 品牌15 32英寸 电视机（超级全高清）,电视机,品牌15,32英寸,超级全高清,白色,8*1*1,8,BQ82H,克里斯,收货,上架
GaAELLeGr,灰色 品牌05 大号 游戏椅（皮革）,游戏椅,品牌05,大号,皮革,灰色,16*1*1,16,AK96F,约翰,收货,上架
PeNa12WaPi,粉色 品牌23 12 铅笔（水彩）,铅笔,品牌23,12,水彩,粉色,48*10*5,2400,BG38F,艾米,收货,上架
GaXELLeWh,白色 品牌06 大号 游戏椅（皮革）,游戏椅,品牌06,大号,皮革,白色,16*1*1,16,CV14A,迈克,收货,上架
CaWE90DoBe,米色 品牌02 900 文件柜（带门式）,文件柜,品牌02,900,带门式,米色,8*1*1,8,DK18H,亚历克斯,收货,上架
GaXELAdWh,白色 品牌06 大号 游戏椅（可调节）,游戏椅,品牌06,大号,可调节,白色,16*1*1,16,CJ11E,劳拉,收货,上架
TaTR18AdWh,白色 品牌29 1800 桌子（可调节）,桌子,品牌29,1800,可调节,白色,8*1*1,8,AJ84G,劳拉,收货,上架
GaOGSLeBl,黑色 品牌07 小号 游戏椅（皮革）,游戏椅,品牌07,小号,皮革,黑色,16*1*1,16,DL53D,迈克,收货,上架
KePH35ErWh,白色 品牌12 350 键盘（人体工学）,键盘,品牌12,350,人体工学,白色,16*10*1,160,AR12A,劳拉,收货,上架
LaRe15i7Gr,灰色 品牌14 15英寸 笔记本电脑（第7代处理器）,笔记本电脑,品牌14,15英寸,第7代处理器,灰色,16*1*1,16,AN74A,迈克,收货,上架
OfXEMHeBl,黑色 品牌06 中号 办公椅（头枕）,办公椅,品牌06,中号,头枕,黑色,16*1*1,16,BJ20A,劳拉,收货,上架
TaTR18FrWh,白色 品牌28 1800 桌子（框架式）,桌子,品牌28,1800,框架式,白色,8*1*1,8,AG85E,艾米丽,收货,上架
CaQE12LoBl,黑色 品牌01 1200 文件柜（储物锁柜）,文件柜,品牌01,1200,储物锁柜,黑色,8*1*1,8,DX80A,劳拉,收货,上架
PrNoA2AlWh,白色 品牌26 二号纸 打印机（一体式）,打印机,品牌26,二号纸,一体式,白色,16*1*1,16,AH32G,劳拉,收货,上架
PeRe12WaGr,灰色 品牌22 12 铅笔（水彩）,铅笔,品牌22,12,水彩,灰色,48*10*5,2400,BG12H,亚历克斯,收货,上架
KeRe27BlBl,黑色 品牌10 270 键盘（蓝牙）,键盘,品牌10,270,蓝牙,黑色,16*10*1,160,DY87D,克里斯,收货,上架
KeRe35ErBl,黑色 品牌10 350 键盘（人体工学）,键盘,品牌10,350,人体工学,黑色,16*10*1,160,DW81D,艾米,收货,上架
TaTR10AuGr,灰色 品牌29 1000 桌子（自动调节）,桌子,品牌29,1000,自动调节,灰色,8*1*1,8,BW80E,约翰,收货,上架
OfSEMHePi,粉色 品牌08 中号 办公椅（头枕）,办公椅,品牌08,中号,头枕,粉色,16*1*1,16,CM88D,亚历克斯,收货,上架
LaYn14i7Si,银色 品牌15 14英寸 笔记本电脑（第7代处理器）,笔记本电脑,品牌15,14英寸,第7代处理器,银色,16*1*1,16,DV44E,亚历克斯,收货,上架
DrTE12DoWh,白色 品牌04 1200 抽屉柜（带门式）,抽屉柜,品牌04,1200,带门式,白色,8*1*1,8,BZ87E,亚历克斯,收货,上架
KeRe35MePi,粉色 品牌10 350 键盘（机械式）,键盘,品牌10,350,机械式,粉色,16*10*1,160,DK58H,约翰,收货,上架
PrPHA4AlWh,白色 品牌12 四号纸 打印机（一体式）,打印机,品牌12,四号纸,一体式,白色,16*1*1,16,AU04G,克里斯,收货,上架
AlOv1732Gr,灰色 品牌13 17英寸 一体机（32吉字节内存）,一体机,品牌13,17英寸,32吉字节内存,灰色,16*1*1,16,CX54A,大卫,收货,上架
PrNoA2InWh,白色 品牌26 二号纸 打印机（喷墨）,打印机,品牌26,二号纸,喷墨,白色,16*1*1,16,DN61F,简,收货,上架
NoGrA5ruBl,黑色 品牌18 五号纸 笔记本（横线）,笔记本,品牌18,五号纸,横线,黑色,48*10*5,2400,BP89C,劳拉,收货,上架
MoPH27BlNa,藏青色 品牌12 270 鼠标（蓝牙）,鼠标,品牌12,270,蓝牙,藏青色,16*10*1,160,DG04G,约翰,收货,上架
CuRG90LoBl,黑色 品牌03 900 储物柜（储物锁柜）,储物柜,品牌03,900,储物锁柜,黑色,8*1*1,8,CM30C,劳拉,收货,上架
PrPHA4InWh,白色 品牌12 四号纸 打印机（喷墨）,打印机,品牌12,四号纸,喷墨,白色,16*1*1,16,CL34C,约翰,收货,上架
NoGrA3doWh,白色 品牌18 三号纸 笔记本（点阵）,笔记本,品牌18,三号纸,点阵,白色,48*10*5,2400,AI60B,克里斯,收货,上架
CuRG90FiWh,白色 品牌03 900 储物柜（文件收纳）,储物柜,品牌03,900,文件收纳,白色,8*1*1,8,BQ27G,迈克,收货,上架
OfSELErWh,白色 品牌08 大号 办公椅（人体工学）,办公椅,品牌08,大号,人体工学,白色,16*1*1,16,BW44E,劳拉,收货,上架
TaTR18AuBl,黑色 品牌28 1800 桌子（自动调节）,桌子,品牌28,1800,自动调节,黑色,8*1*1,8,DK12F,莎拉,收货,上架
NoMuA4liWh,白色 品牌19 四号纸 笔记本（线条）,笔记本,品牌19,四号纸,线条,白色,48*10*5,2400,BO71C,迈克,收货,上架
AlRe17i5Bl,黑色 品牌14 17英寸 一体机（第5代处理器）,一体机,品牌14,17英寸,第5代处理器,黑色,16*1*1,16,AZ08H,迈克,收货,上架
CaQE12LoGr,灰色 品牌01 1200 文件柜（储物锁柜）,文件柜,品牌01,1200,储物锁柜,灰色,8*1*1,8,CM35B,大卫,收货,上架
AlPH17i5Gr,灰色 品牌12 17英寸 一体机（第5代处理器）,一体机,品牌12,17英寸,第5代处理器,灰色,16*1*1,16,CF79A,大卫,收货,上架
PrNoA2LaMi,混合色 品牌26 二号纸 打印机（激光）,打印机,品牌26,二号纸,激光,混合色,16*1*1,16,CU01F,简,收货,上架
TaAE18AuBl,黑色 品牌05 1800 桌子（自动调节）,桌子,品牌05,1800,自动调节,黑色,8*1*1,8,AT32D,莎拉,收货,上架
DrWE12DoBl,黑色 品牌02 1200 抽屉柜（带门式）,抽屉柜,品牌02,1200,带门式,黑色,8*1*1,8,AT46G,莎拉,收货,上架
CaRG12SlGr,灰色 品牌03 1200 文件柜（滑动式）,文件柜,品牌03,1200,滑动式,灰色,8*1*1,8,DM24H,大卫,收货,上架
OfSEMAdGr,灰色 品牌08 中号 办公椅（可调节）,办公椅,品牌08,中号,可调节,灰色,16*1*1,16,CP81A,莎拉,收货,上架
PeGi24HeWh,白色 品牌21 24 铅笔（六角形）,铅笔,品牌21,24,六角形,白色,48*10*5,2400,AX97E,艾米,收货,上架
DrQE12DoBl,黑色 品牌01 1200 抽屉柜（带门式）,抽屉柜,品牌01,1200,带门式,黑色,8*1*1,8,BZ68D,艾米丽,收货,上架
SPNa24WaWh,白色 品牌23 24 触控笔（水彩）,触控笔,品牌23,24,水彩,白色,48*10*5,2400,CL59D,克里斯,收货,上架
NoMuA5ruWh,白色 品牌19 五号纸 笔记本（横线）,笔记本,品牌19,五号纸,横线,白色,48*10*5,2400,DW17F,大卫,收货,上架
AlOv1532Bl,黑色 品牌13 15英寸 一体机（32吉字节内存）,一体机,品牌13,15英寸,32吉字节内存,黑色,16*1*1,16,CO52A,艾米,收货,上架
NoExA4liGr,灰色 品牌16 四号纸 笔记本（线条）,笔记本,品牌16,四号纸,线条,灰色,48*10*5,2400,BP66E,莎拉,收货,上架
LaSu14i5Si,银色 品牌11 14英寸 笔记本电脑（第5代处理器）,笔记本电脑,品牌11,14英寸,第5代处理器,银色,16*1*1,16,DO71E,约翰,收货,上架
OfOGMLePi,粉色 品牌07 中号 办公椅（皮革）,办公椅,品牌07,中号,皮革,粉色,16*1*1,16,BN20B,迈克,收货,上架
MoPH27BlWh,白色 品牌12 270 鼠标（蓝牙）,鼠标,品牌12,270,蓝牙,白色,16*10*1,160,BS19F,莎拉,收货,上架
AlPH158GBl,黑色 品牌12 15英寸 一体机（8吉字节内存）,一体机,品牌12,15英寸,8吉字节内存,黑色,16*1*1,16,CF39C,亚历克斯,收货,上架
AlRe1716Wh,白色 品牌14 17英寸 一体机（16吉字节内存）,一体机,品牌14,17英寸,16吉字节内存,白色,16*1*1,16,AZ74B,亚历克斯,收货,上架
PrPHA4InBl,黑色 品牌12 四号纸 打印机（喷墨）,打印机,品牌12,四号纸,喷墨,黑色,16*1*1,16,AK46E,简,收货,上架
KeSu45WiWh,白色 品牌11 450 键盘（有线）,键盘,品牌11,450,有线,白色,16*10*1,160,DV48F,克里斯,收货,上架
LaSu15i5Wh,白色 品牌11 15英寸 笔记本电脑（第5代处理器）,笔记本电脑,品牌11,15英寸,第5代处理器,白色,16*1*1,16,AO84B,劳拉,收货,上架
LaSu1516Si,银色 品牌11 15英寸 笔记本电脑（16吉字节内存）,笔记本电脑,品牌11,15英寸,16吉字节内存,银色,16*1*1,16,CK74D,艾米,收货,上架
MoPH27BlNa,藏青色 品牌12 270 鼠标（蓝牙）,鼠标,品牌12,270,蓝牙,藏青色,16*10*1,160,BI93G,克里斯,收货,上架
DrTE18LoBe,米色 品牌04 1800 抽屉柜（储物锁柜）,抽屉柜,品牌04,1800,储物锁柜,米色,8*1*1,8,AS40H,艾米丽,收货,上架
LaRe178GWh,白色 品牌14 17英寸 笔记本电脑（8吉字节内存）,笔记本电脑,品牌14,17英寸,8吉字节内存,白色,16*1*1,16,AT07D,劳拉,收货,上架
TaTR10FrWh,白色 品牌28 1000 桌子（框架式）,桌子,品牌28,1000,框架式,白色,8*1*1,8,DX07G,克里斯,收货,上架
DrWE12FiBe,米色 品牌02 1200 抽屉柜（文件收纳）,抽屉柜,品牌02,1200,文件收纳,米色,8*1*1,8,CF57E,亚历克斯,收货,上架
DrWE12DoBe,米色 品牌02 1200 抽屉柜（带门式）,抽屉柜,品牌02,1200,带门式,米色,8*1*1,8,AP47F,简,收货,上架
TVGL32FHWh,白色 品牌31 32英寸 电视机（全高清）,电视机,品牌31,32英寸,全高清,白色,8*1*1,8,CP59E,莎拉,收货,上架
SPGi50SoWh,白色 品牌21 50 触控笔（可溶性）,触控笔,品牌21,50,可溶性,白色,48*10*5,2400,DS92E,大卫,收货,上架
PrReA3WiGr,灰色 品牌24 三号纸 打印机（无线网络）,打印机,品牌24,三号纸,无线网络,灰色,16*1*1,16,CT74B,大卫,收货,上架
OfSEMHeBl,黑色 品牌08 中号 办公椅（头枕）,办公椅,品牌08,中号,头枕,黑色,16*1*1,16,BU66E,约翰,收货,上架
LaYn15i5Bl,黑色 品牌15 15英寸 笔记本电脑（第5代处理器）,笔记本电脑,品牌15,15英寸,第5代处理器,黑色,16*1*1,16,BU20G,艾米,收货,上架
AlYn148GGr,灰色 品牌15 14英寸 一体机（8吉字节内存）,一体机,品牌15,14英寸,8吉字节内存,灰色,16*1*1,16,CL77H,克里斯,收货,上架
PeRe50HeGr,灰色 品牌22 50 铅笔（六角形）,铅笔,品牌22,50,六角形,灰色,48*10*5,2400,CS47G,约翰,收货,上架
KePH35WiNa,藏青色 品牌12 350 键盘（有线）,键盘,品牌12,350,有线,藏青色,16*10*1,160,BL71G,简,收货,上架
PeGi12WaGr,灰色 品牌21 12 铅笔（水彩）,铅笔,品牌21,12,水彩,灰色,48*10*5,2400,DF02C,艾米,收货,上架
SPAl50WaPi,粉色 品牌20 50 触控笔（水彩）,触控笔,品牌20,50,水彩,粉色,48*10*5,2400,AY86G,亚历克斯,收货,上架
CuWE12FiGr,灰色 品牌02 1200 储物柜（文件收纳）,储物柜,品牌02,1200,文件收纳,灰色,8*1*1,8,AH50B,亚历克斯,收货,上架
CuWE90LoWh,白色 品牌02 900 储物柜（储物锁柜）,储物柜,品牌02,900,储物锁柜,白色,8*1*1,8,CW27D,亚历克斯,收货,上架
TVYn65FHWh,白色 品牌15 65英寸 电视机（全高清）,电视机,品牌15,65英寸,全高清,白色,8*1*1,8,DR77D,艾米,收货,上架
LaRe17i5Wh,白色 品牌14 17英寸 笔记本电脑（第5代处理器）,笔记本电脑,品牌14,17英寸,第5代处理器,白色,16*1*1,16,AV72F,约翰,收货,上架
TaCI15WoGr,灰色 品牌27 1500 桌子（工作站）,桌子,品牌27,1500,工作站,灰色,8*1*1,8,BM89A,艾米丽,收货,上架
OfSESAdPi,粉色 品牌08 小号 办公椅（可调节）,办公椅,品牌08,小号,可调节,粉色,16*1*1,16,DV11F,艾米丽,收货,上架
PeAl50WaGr,灰色 品牌20 50 铅笔（水彩）,铅笔,品牌20,50,水彩,灰色,48*10*5,2400,DI11B,约翰,收货,上架
TaCI15AuGr,灰色 品牌27 1500 桌子（自动调节）,桌子,品牌27,1500,自动调节,灰色,8*1*1,8,AZ56B,迈克,收货,上架
LaPH1516Gr,灰色 品牌12 15英寸 笔记本电脑（16吉字节内存）,笔记本电脑,品牌12,15英寸,16吉字节内存,灰色,16*1*1,16,DI12C,劳拉,收货,上架
TVEs65FHSi,银色 品牌32 65英寸 电视机（全高清）,电视机,品牌32,65英寸,全高清,银色,8*1*1,8,BN61H,莎拉,收货,上架
PeNa12HeGr,灰色 品牌23 12 铅笔（六角形）,铅笔,品牌23,12,六角形,灰色,48*10*5,2400,CH53D,约翰,收货,上架
AlYn1432Bl,黑色 品牌15 14英寸 一体机（32吉字节内存）,一体机,品牌15,14英寸,32吉字节内存,黑色,16*1*1,16,AR17F,艾米丽,收货,上架
TVGL32SFWh,白色 品牌31 32英寸 电视机（超级全高清）,电视机,品牌31,32英寸,超级全高清,白色,8*1*1,8,DP16C,莎拉,收货,上架
KeRe35MePi,粉色 品牌10 350 键盘（机械式）,键盘,品牌10,350,机械式,粉色,16*10*1,160,DQ92B,劳拉,收货,上架
CaTE12DoBe,米色 品牌04 1200 文件柜（带门式）,文件柜,品牌04,1200,带门式,米色,8*1*1,8,CY72B,克里斯,收货,上架
TVYn42FHGr,灰色 品牌15 42英寸 电视机（全高清）,电视机,品牌15,42英寸,全高清,灰色,8*1*1,8,AZ04G,大卫,收货,上架
CuWE12FiBe,米色 品牌02 1200 储物柜（文件收纳）,储物柜,品牌02,1200,文件收纳,米色,8*1*1,8,BT55B,艾米丽,收货,上架
KeHc45WiPi,粉色 品牌09 450 键盘（有线）,键盘,品牌09,450,有线,粉色,16*10*1,160,BK93E,约翰,收货,上架
DrTE90DoBe,米色 品牌04 900 抽屉柜（带门式）,抽屉柜,品牌04,900,带门式,米色,8*1*1,8,BH41C,简,收货,上架
PeGi24WaGr,灰色 品牌21 24 铅笔（水彩）,铅笔,品牌21,24,水彩,灰色,48*10*5,2400,BW15F,大卫,收货,上架
AlSu158GBl,黑色 品牌11 15英寸 一体机（8吉字节内存）,一体机,品牌11,15英寸,8吉字节内存,黑色,16*1*1,16,DU57H,大卫,收货,上架
TVYn42SFGr,灰色 品牌15 42英寸 电视机（超级全高清）,电视机,品牌15,42英寸,超级全高清,灰色,8*1*1,8,DN10G,约翰,收货,上架
MoSu27BlBl,黑色 品牌11 270 鼠标（蓝牙）,鼠标,品牌11,270,蓝牙,黑色,16*10*1,160,CW91G,艾米丽,收货,上架
CaTE18LoWh,白色 品牌04 1800 文件柜（储物锁柜）,文件柜,品牌04,1800,储物锁柜,白色,8*1*1,8,BK17C,劳拉,收货,上架
DrQE18FiWh,白色 品牌01 1800 抽屉柜（文件收纳）,抽屉柜,品牌01,1800,文件收纳,白色,8*1*1,8,BJ98F,克里斯,收货,上架
TaTR15AdGr,灰色 品牌29 1500 桌子（可调节）,桌子,品牌29,1500,可调节,灰色,8*1*1,8,BT89G,简,收货,上架
TVYn504KWh,白色 品牌15 50英寸 电视机（超高清）,电视机,品牌15,50英寸,超高清,白色,8*1*1,8,BO33H,劳拉,收货,上架
PeAl24HePi,粉色 品牌20 24 铅笔（六角形）,铅笔,品牌20,24,六角形,粉色,48*10*5,2400,CZ50A,艾米丽,收货,上架
LaSu1432Wh,白色 品牌11 14英寸 笔记本电脑（32吉字节内存）,笔记本电脑,品牌11,14英寸,32吉字节内存,白色,16*1*1,16,CZ84E,约翰,收货,上架
AlPH178GSi,银色 品牌12 17英寸 一体机（8吉字节内存）,一体机,品牌12,17英寸,8吉字节内存,银色,16*1*1,16,CH91C,艾米丽,收货,上架
DrQE18SlWh,白色 品牌01 1800 抽屉柜（滑动式）,抽屉柜,品牌01,1800,滑动式,白色,8*1*1,8,AV12F,简,收货,上架
KeRe45MeWh,白色 品牌10 450 键盘（机械式）,键盘,品牌10,450,机械式,白色,16*10*1,160,DI29H,莎拉,收货,上架
GaOGSAdWh,白色 品牌07 小号 游戏椅（可调节）,游戏椅,品牌07,小号,可调节,白色,16*1*1,16,BW86H,迈克,收货,上架
LaRe14i7Bl,黑色 品牌14 14英寸 笔记本电脑（第7代处理器）,笔记本电脑,品牌14,14英寸,第7代处理器,黑色,16*1*1,16,DL37H,克里斯,收货,上架
KeRe35MeBl,黑色 品牌10 350 键盘（机械式）,键盘,品牌10,350,机械式,黑色,16*10*1,160,DW05C,劳拉,收货,上架
LaYn14i7Gr,灰色 品牌15 14英寸 笔记本电脑（第7代处理器）,笔记本电脑,品牌15,14英寸,第7代处理器,灰色,16*1*1,16,BY93H,简,收货,上架
KePH35BlBl,黑色 品牌12 350 键盘（蓝牙）,键盘,品牌12,350,蓝牙,黑色,16*10*1,160,AZ09A,克里斯,收货,上架
LaSu1732Bl,黑色 品牌11 17英寸 笔记本电脑（32吉字节内存）,笔记本电脑,品牌11,17英寸,32吉字节内存,黑色,16*1*1,16,DX74D,亚历克斯,收货,上架
GaOGSAdPi,粉色 品牌07 小号 游戏椅（可调节）,游戏椅,品牌07,小号,可调节,粉色,16*1*1,16,CZ10F,简,收货,上架
TaCI18AdSi,银色 品牌27 1800 桌子（可调节）,桌子,品牌27,1800,可调节,银色,8*1*1,8,DX63B,亚历克斯,收货,上架
AlYn14i5Wh,白色 品牌15 14英寸 一体机（第5代处理器）,一体机,品牌15,14英寸,第5代处理器,白色,16*1*1,16,AF63D,艾米,收货,上架
PrSoA3AlBl,黑色 品牌25 三号纸 打印机（一体式）,打印机,品牌25,三号纸,一体式,黑色,16*1*1,16,BP64A,亚历克斯,收货,上架
NoScA3liGr,灰色 品牌17 三号纸 笔记本（线条）,笔记本,品牌17,三号纸,线条,灰色,48*10*5,2400,DH45D,劳拉,收货,上架
DrWE18FiBe,米色 品牌02 1800 抽屉柜（文件收纳）,抽屉柜,品牌02,1800,文件收纳,米色,8*1*1,8,AF88H,大卫,收货,上架
TaTR10FrSi,银色 品牌28 1000 桌子（框架式）,桌子,品牌28,1000,框架式,银色,8*1*1,8,CY47H,约翰,收货,上架
CuWE18DoGr,灰色 品牌02 1800 储物柜（带门式）,储物柜,品牌02,1800,带门式,灰色,8*1*1,8,BF34E,艾米,收货,上架
OfOGMErWh,白色 品牌07 中号 办公椅（人体工学）,办公椅,品牌07,中号,人体工学,白色,16*1*1,16,BU93A,莎拉,收货,上架
LaYn158GBl,黑色 品牌15 15英寸 笔记本电脑（8吉字节内存）,笔记本电脑,品牌15,15英寸,8吉字节内存,黑色,16*1*1,16,DS07A,亚历克斯,收货,上架
KeHc35ErBl,黑色 品牌09 350 键盘（人体工学）,键盘,品牌09,350,人体工学,黑色,16*10*1,160,DS36D,莎拉,收货,上架
NoScA3liGr,灰色 品牌17 三号纸 笔记本（线条）,笔记本,品牌17,三号纸,线条,灰色,48*10*5,2400,DS44D,克里斯,收货,上架
GaXESLeBl,黑色 品牌06 小号 游戏椅（皮革）,游戏椅,品牌06,小号,皮革,黑色,16*1*1,16,AZ67H,迈克,收货,上架
LaPH15i7Wh,白色 品牌12 15英寸 笔记本电脑（第7代处理器）,笔记本电脑,品牌12,15英寸,第7代处理器,白色,16*1*1,16,DS68H,大卫,收货,上架
SPNa24HeGr,灰色 品牌23 24 触控笔（六角形）,触控笔,品牌23,24,六角形,灰色,48*10*5,2400,DH27H,大卫,收货,上架
PrReA3InBl,黑色 品牌24 三号纸 打印机（喷墨）,打印机,品牌24,三号纸,喷墨,黑色,16*1*1,16,BF39D,迈克,收货,上架
TVYn50S4Wh,白色 品牌15 50英寸 电视机（超级超高清）,电视机,品牌15,50英寸,超级超高清,白色,8*1*1,8,AG11G,艾米,收货,上架
TVEs504KSi,银色 品牌32 50英寸 电视机（超高清）,电视机,品牌32,50英寸,超高清,银色,8*1*1,8,CJ51A,劳拉,收货,上架
LaOv1732Gr,灰色 品牌13 17英寸 笔记本电脑（32吉字节内存）,笔记本电脑,品牌13,17英寸,32吉字节内存,灰色,16*1*1,16,AG19A,克里斯,收货,上架
KePH45WiBl,黑色 品牌12 450 键盘（有线）,键盘,品牌12,450,有线,黑色,16*10*1,160,BZ74F,莎拉,收货,上架
TVEs504KBl,黑色 品牌32 50英寸 电视机（超高清）,电视机,品牌32,50英寸,超高清,黑色,8*1*1,8,BV19G,大卫,收货,上架
SPAl12HeGr,灰色 品牌20 12 触控笔（六角形）,触控笔,品牌20,12,六角形,灰色,48*10*5,2400,BV69F,艾米丽,收货,上架
TVGn32SFWh,白色 品牌30 32英寸 电视机（超级全高清）,电视机,品牌30,32英寸,超级全高清,白色,8*1*1,8,CL13B,迈克,收货,上架
MoRe45MeWh,白色 品牌10 450 鼠标（机械式）,鼠标,品牌10,450,机械式,白色,16*10*1,160,DI25E,简,收货,上架
KePH35ErNa,藏青色 品牌12 350 键盘（人体工学）,键盘,品牌12,350,人体工学,藏青色,16*10*1,160,AI96A,克里斯,收货,上架
NoMuA3ruWh,白色 品牌19 三号纸 笔记本（横线）,笔记本,品牌19,三号纸,横线,白色,48*10*5,2400,BW42G,艾米丽,收货,上架
PrReA4InBl,黑色 品牌24 四号纸 打印机（喷墨）,打印机,品牌24,四号纸,喷墨,黑色,16*1*1,16,AY16F,莎拉,收货,上架
LaYn17i5Gr,灰色 品牌15 17英寸 笔记本电脑（第5代处理器）,笔记本电脑,品牌15,17英寸,第5代处理器,灰色,16*1*1,16,CN41D,克里斯,收货,上架
LaOv15i7Bl,黑色 品牌13 15英寸 笔记本电脑（第7代处理器）,笔记本电脑,品牌13,15英寸,第7代处理器,黑色,16*1*1,16,BU77E,约翰,收货,上架
LaRe14i5Gr,灰色 品牌14 14英寸 笔记本电脑（第5代处理器）,笔记本电脑,品牌14,14英寸,第5代处理器,灰色,16*1*1,16,AS98H,莎拉,收货,上架
SPAl50HeBl,黑色 品牌20 50 触控笔（六角形）,触控笔,品牌20,50,六角形,黑色,48*10*5,2400,CU05C,约翰,收货,上架
PeRe50WaBl,黑色 品牌22 50 铅笔（水彩）,铅笔,品牌22,50,水彩,黑色,48*10*5,2400,DO30E,大卫,收货,上架
GaSESHePi,粉色 品牌08 小号 游戏椅（头枕）,游戏椅,品牌08,小号,头枕,粉色,16*1*1,16,AX62C,大卫,收货,上架
PrPHA4AlWh,白色 品牌12 四号纸 打印机（一体式）,打印机,品牌12,四号纸,一体式,白色,16*1*1,16,CV44C,艾米,收货,上架
DrQE18DoBl,黑色 品牌01 1800 抽屉柜（带门式）,抽屉柜,品牌01,1800,带门式,黑色,8*1*1,8,BM65B,迈克,收货,上架
PeAl24WaWh,白色 品牌20 24 铅笔（水彩）,铅笔,品牌20,24,水彩,白色,48*10*5,2400,DM32F,艾米丽,收货,上架
LaSu1532Si,银色 品牌11 15英寸 笔记本电脑（32吉字节内存）,笔记本电脑,品牌11,15英寸,32吉字节内存,银色,16*1*1,16,CX05A,亚历克斯,收货,上架
LaOv148GSi,银色 品牌13 14英寸 笔记本电脑（8吉字节内存）,笔记本电脑,品牌13,14英寸,8吉字节内存,银色,16*1*1,16,BJ45A,迈克,收货,上架
TVEs754KGr,灰色 品牌32 75英寸 电视机（超高清）,电视机,品牌32,75英寸,超高清,灰色,8*1*1,8,AI18G,约翰,收货,上架
NoExA5doGr,灰色 品牌16 五号纸 笔记本（点阵）,笔记本,品牌16,五号纸,点阵,灰色,48*10*5,2400,DY27F,迈克,收货,上架
DrQE90FiBe,米色 品牌01 900 抽屉柜（文件收纳）,抽屉柜,品牌01,900,文件收纳,米色,8*1*1,8,DV19E,亚历克斯,收货,上架
PrSoA2InBl,黑色 品牌25 二号纸 打印机（喷墨）,打印机,品牌25,二号纸,喷墨,黑色,16*1*1,16,DX29D,简,收货,上架
LaRe15i5Si,银色 品牌14 15英寸 笔记本电脑（第5代处理器）,笔记本电脑,品牌14,15英寸,第5代处理器,银色,16*1*1,16,DM74C,约翰,收货,上架
SPNa24SoBl,黑色 品牌23 24 触控笔（可溶性）,触控笔,品牌23,24,可溶性,黑色,48*10*5,2400,AN42A,亚历克斯,收货,上架
MoPH45MeBl,黑色 品牌12 450 鼠标（机械式）,鼠标,品牌12,450,机械式,黑色,16*10*1,160,BK01E,艾米丽,收货,上架
TaAE18AdSi,银色 品牌05 1800 桌子（可调节）,桌子,品牌05,1800,可调节,银色,8*1*1,8,BH39F,简,收货,上架
CaTE18SlGr,灰色 品牌04 1800 文件柜（滑动式）,文件柜,品牌04,1800,滑动式,灰色,8*1*1,8,CV02A,艾米丽,收货,上架
KePH27MeWh,白色 品牌12 270 键盘（机械式）,键盘,品牌12,270,机械式,白色,16*10*1,160,CY16D,克里斯,收货,上架
PrNoA3AlMi,混合色 品牌26 三号纸 打印机（一体式）,打印机,品牌26,三号纸,一体式,混合色,16*1*1,16,DY75D,大卫,收货,上架
TaAE18FrGr,灰色 品牌05 1800 桌子（框架式）,桌子,品牌05,1800,框架式,灰色,8*1*1,8,BJ28B,莎拉,收货,上架
GaXEMLeGr,灰色 品牌06 中号 游戏椅（皮革）,游戏椅,品牌06,中号,皮革,灰色,16*1*1,16,AK21H,亚历克斯,收货,上架
PrReA4LaWh,白色 品牌24 四号纸 打印机（激光）,打印机,品牌24,四号纸,激光,白色,16*1*1,16,CW45A,艾米,收货,上架
CuWE90LoBl,黑色 品牌02 900 储物柜（储物锁柜）,储物柜,品牌02,900,储物锁柜,黑色,8*1*1,8,CN13F,莎拉,收货,上架
CuRG12LoBl,黑色 品牌03 1200 储物柜（储物锁柜）,储物柜,品牌03,1200,储物锁柜,黑色,8*1*1,8,AP26H,莎拉,收货,上架
TVEs424KWh,白色 品牌32 42英寸 电视机（超高清）,电视机,品牌32,42英寸,超高清,白色,8*1*1,8,AV63F,大卫,收货,上架
KePH27MePi,粉色 品牌12 270 键盘（机械式）,键盘,品牌12,270,机械式,粉色,16*10*1,160,BL31H,艾米丽,收货,上架
AlYn14i5Wh,白色 品牌15 14英寸 一体机（第5代处理器）,一体机,品牌15,14英寸,第5代处理器,白色,16*1*1,16,BX33F,艾米丽,收货,上架
TVGL324KBl,黑色 品牌31 32英寸 电视机（超高清）,电视机,品牌31,32英寸,超高清,黑色,8*1*1,8,AG57A,简,收货,上架
GaAEMLeBl,黑色 品牌05 中号 游戏椅（皮革）,游戏椅,品牌05,中号,皮革,黑色,16*1*1,16,BJ57B,亚历克斯,收货,上架
NoScA4doSi,银色 品牌17 四号纸 笔记本（点阵）,笔记本,品牌17,四号纸,点阵,银色,48*10*5,2400,BJ65D,迈克,收货,上架
AlSu178GSi,银色 品牌11 17英寸 一体机（8吉字节内存）,一体机,品牌11,17英寸,8吉字节内存,银色,16*1*1,16,DU84G,简,收货,上架
PrNoA2AlBl,黑色 品牌26 二号纸 打印机（一体式）,打印机,品牌26,二号纸,一体式,黑色,16*1*1,16,CI61A,迈克,收货,上架
KeSu35MePi,粉色 品牌11 350 键盘（机械式）,键盘,品牌11,350,机械式,粉色,16*10*1,160,AJ89C,莎拉,收货,上架
MoPH35ErPi,粉色 品牌12 350 鼠标（人体工学）,鼠标,品牌12,350,人体工学,粉色,16*10*1,160,BJ14C,亚历克斯,收货,上架
TaTR18WoBl,黑色 品牌29 1800 桌子（工作站）,桌子,品牌29,1800,工作站,黑色,8*1*1,8,CK80F,艾米丽,收货,上架
AlSu1532Bl,黑色 品牌11 15英寸 一体机（32吉字节内存）,一体机,品牌11,15英寸,32吉字节内存,黑色,16*1*1,16,AU50D,亚历克斯,收货,上架
CuQE12DoWh,白色 品牌01 1200 储物柜（带门式）,储物柜,品牌01,1200,带门式,白色,8*1*1,8,BY85H,大卫,收货,上架
PeNa50HeWh,白色 品牌23 50 铅笔（六角形）,铅笔,品牌23,50,六角形,白色,48*10*5,2400,AW33E,迈克,收货,上架
SPAl12SoPi,粉色 品牌20 12 触控笔（可溶性）,触控笔,品牌20,12,可溶性,粉色,48*10*5,2400,CW55C,简,收货,上架
GaAESErPi,粉色 品牌05 小号 游戏椅（人体工学）,游戏椅,品牌05,小号,人体工学,粉色,16*1*1,16,DR37E,大卫,收货,上架
OfXESErBl,黑色 品牌06 小号 办公椅（人体工学）,办公椅,品牌06,小号,人体工学,黑色,16*1*1,16,AW19D,劳拉,收货,上架
TVYn75SFBl,黑色 品牌15 75英寸 电视机（超级全高清）,电视机,品牌15,75英寸,超级全高清,黑色,8*1*1,8,CZ63C,艾米,收货,上架
PrSoA3AlWh,白色 品牌25 三号纸 打印机（一体式）,打印机,品牌25,三号纸,一体式,白色,16*1*1,16,CR09E,劳拉,收货,上架
TaTR10AdWh,白色 品牌28 1000 桌子（可调节）,桌子,品牌28,1000,可调节,白色,8*1*1,8,DT22A,艾米,收货,上架
GaOGSAdGr,灰色 品牌07 小号 游戏椅（可调节）,游戏椅,品牌07,小号,可调节,灰色,16*1*1,16,BL03F,劳拉,收货,上架
MoPH35BlPi,粉色 品牌12 350 鼠标（蓝牙）,鼠标,品牌12,350,蓝牙,粉色,16*10*1,160,AX39G,艾米丽,收货,上架
LaSu1532Si,银色 品牌11 15英寸 笔记本电脑（32吉字节内存）,笔记本电脑,品牌11,15英寸,32吉字节内存,银色,16*1*1,16,CX92B,约翰,收货,上架
DrQE90DoGr,灰色 品牌01 900 抽屉柜（带门式）,抽屉柜,品牌01,900,带门式,灰色,8*1*1,8,CI13F,迈克,收货,上架
AlPH158GWh,白色 品牌12 15英寸 一体机（8吉字节内存）,一体机,品牌12,15英寸,8吉字节内存,白色,16*1*1,16,DI70D,劳拉,收货,上架
GaXELErWh,白色 品牌06 大号 游戏椅（人体工学）,游戏椅,品牌06,大号,人体工学,白色,16*1*1,16,AJ39D,大卫,收货,上架
CuQE12SlBl,黑色 品牌01 1200 储物柜（滑动式）,储物柜,品牌01,1200,滑动式,黑色,8*1*1,8,DL59B,亚历克斯,收货,上架
OfXESLeWh,白色 品牌06 小号 办公椅（皮革）,办公椅,品牌06,小号,皮革,白色,16*1*1,16,DO36B,艾米,收货,上架
GaOGLLeBl,黑色 品牌07 大号 游戏椅（皮革）,游戏椅,品牌07,大号,皮革,黑色,16*1*1,16,CY98G,亚历克斯,收货,上架
TVEs65FHGr,灰色 品牌32 65英寸 电视机（全高清）,电视机,品牌32,65英寸,全高清,灰色,8*1*1,8,CI28E,亚历克斯,收货,上架
GaAELErBl,黑色 品牌05 大号 游戏椅（人体工学）,游戏椅,品牌05,大号,人体工学,黑色,16*1*1,16,AR78B,约翰,收货,上架
AlPH1516Gr,灰色 品牌12 15英寸 一体机（16吉字节内存）,一体机,品牌12,15英寸,16吉字节内存,灰色,16*1*1,16,AU91C,亚历克斯,收货,上架
AlOv17i5Bl,黑色 品牌13 17英寸 一体机（第5代处理器）,一体机,品牌13,17英寸,第5代处理器,黑色,16*1*1,16,CR35D,克里斯,收货,上架
GaOGMAdBl,黑色 品牌07 中号 游戏椅（可调节）,游戏椅,品牌07,中号,可调节,黑色,16*1*1,16,BQ25B,亚历克斯,收货,上架
KeRe27MePi,粉色 品牌10 270 键盘（机械式）,键盘,品牌10,270,机械式,粉色,16*10*1,160,CF25C,艾米丽,收货,上架
CaQE12SlBl,黑色 品牌01 1200 文件柜（滑动式）,文件柜,品牌01,1200,滑动式,黑色,8*1*1,8,BS72D,劳拉,收货,上架
MoSu35WiNa,藏青色 品牌11 350 鼠标（有线）,鼠标,品牌11,350,有线,藏青色,16*10*1,160,CR62E,简,收货,上架
GaOGLAdGr,灰色 品牌07 大号 游戏椅（可调节）,游戏椅,品牌07,大号,可调节,灰色,16*1*1,16,AX28B,莎拉,收货,上架
PeRe12SoPi,粉色 品牌22 12 铅笔（可溶性）,铅笔,品牌22,12,可溶性,粉色,48*10*5,2400,BL74D,约翰,收货,上架
AlOv17i7Gr,灰色 品牌13 17英寸 一体机（第7代处理器）,一体机,品牌13,17英寸,第7代处理器,灰色,16*1*1,16,BP84F,艾米丽,收货,上架
CuRG18FiBe,米色 品牌03 1800 储物柜（文件收纳）,储物柜,品牌03,1800,文件收纳,米色,8*1*1,8,BH16A,约翰,收货,上架
MoRe45BlWh,白色 品牌10 450 鼠标（蓝牙）,鼠标,品牌10,450,蓝牙,白色,16*10*1,160,CQ16B,大卫,收货,上架
KePH35WiNa,藏青色 品牌12 350 键盘（有线）,键盘,品牌12,350,有线,藏青色,16*10*1,160,AN06G,简,收货,上架
OfOGSAdBl,黑色 品牌07 小号 办公椅（可调节）,办公椅,品牌07,小号,可调节,黑色,16*1*1,16,DK83E,劳拉,收货,上架
PrPHA3WiGr,灰色 品牌12 三号纸 打印机（无线网络）,打印机,品牌12,三号纸,无线网络,灰色,16*1*1,16,AK41D,简,收货,上架
LaYn1732Si,银色 品牌15 17英寸 笔记本电脑（32吉字节内存）,笔记本电脑,品牌15,17英寸,32吉字节内存,银色,16*1*1,16,BW33G,艾米,收货,上架
SPAl12SoPi,粉色 品牌20 12 触控笔（可溶性）,触控笔,品牌20,12,可溶性,粉色,48*10*5,2400,DG20D,简,收货,上架
NoGrA4liGr,灰色 品牌18 四号纸 笔记本（线条）,笔记本,品牌18,四号纸,线条,灰色,48*10*5,2400,AZ84F,莎拉,收货,上架
TVGn32FHSi,银色 品牌30 32英寸 电视机（全高清）,电视机,品牌30,32英寸,全高清,银色,8*1*1,8,CJ61B,劳拉,收货,上架
SPGi50WaPi,粉色 品牌21 50 触控笔（水彩）,触控笔,品牌21,50,水彩,粉色,48*10*5,2400,AP18F,艾米丽,收货,上架
KeHc27ErNa,藏青色 品牌09 270 键盘（人体工学）,键盘,品牌09,270,人体工学,藏青色,16*10*1,160,DR48D,艾米丽,收货,上架
PeAl12SoWh,白色 品牌20 12 铅笔（可溶性）,铅笔,品牌20,12,可溶性,白色,48*10*5,2400,DR98D,约翰,收货,上架
CaTE18DoGr,灰色 品牌04 1800 文件柜（带门式）,文件柜,品牌04,1800,带门式,灰色,8*1*1,8,BF18G,简,收货,上架
TVGL65FHSi,银色 品牌31 65英寸 电视机（全高清）,电视机,品牌31,65英寸,全高清,银色,8*1*1,8,DN18E,大卫,收货,上架
DrTE90SlWh,白色 品牌04 900 抽屉柜（滑动式）,抽屉柜,品牌04,900,滑动式,白色,8*1*1,8,BP31E,亚历克斯,收货,上架
TVEs50SFGr,灰色 品牌32 50英寸 电视机（超级全高清）,电视机,品牌32,50英寸,超级全高清,灰色,8*1*1,8,CS67B,劳拉,收货,上架
MoHc45MeWh,白色 品牌09 450 鼠标（机械式）,鼠标,品牌09,450,机械式,白色,16*10*1,160,DX96F,迈克,收货,上架
PeRe24WaWh,白色 品牌22 24 铅笔（水彩）,铅笔,品牌22,24,水彩,白色,48*10*5,2400,CR75H,迈克,收货,上架
PrPHA4InMi,混合色 品牌12 四号纸 打印机（喷墨）,打印机,品牌12,四号纸,喷墨,混合色,16*1*1,16,BN31A,简,收货,上架
PrNoA2MoMi,混合色 品牌26 二号纸 打印机（黑白）,打印机,品牌26,二号纸,黑白,混合色,16*1*1,16,AU44H,艾米,收货,上架
NoMuA5doBl,黑色 品牌19 五号纸 笔记本（点阵）,笔记本,品牌19,五号纸,点阵,黑色,48*10*5,2400,CT35A,约翰,收货,上架
PeAl50WaGr,灰色 品牌20 50 铅笔（水彩）,铅笔,品牌20,50,水彩,灰色,48*10*5,2400,BM50H,劳拉,收货,上架
KeHc35MeWh,白色 品牌09 350 键盘（机械式）,键盘,品牌09,350,机械式,白色,16*10*1,160,CP54C,劳拉,收货,上架
GaAELHeWh,白色 品牌05 大号 游戏椅（头枕）,游戏椅,品牌05,大号,头枕,白色,16*1*1,16,BY80A,劳拉,收货,上架
NoGrA5doBl,黑色 品牌18 五号纸 笔记本（点阵）,笔记本,品牌18,五号纸,点阵,黑色,48*10*5,2400,AJ05C,艾米,收货,上架
DrRG90DoBe,米色 品牌03 900 抽屉柜（带门式）,抽屉柜,品牌03,900,带门式,米色,8*1*1,8,DQ12H,大卫,收货,上架
GaAESAdBl,黑色 品牌05 小号 游戏椅（可调节）,游戏椅,品牌05,小号,可调节,黑色,16*1*1,16,BV58A,亚历克斯,收货,上架
GaOGMLeGr,灰色 品牌07 中号 游戏椅（皮革）,游戏椅,品牌07,中号,皮革,灰色,16*1*1,16,AX20F,克里斯,收货,上架
DrTE12FiBe,米色 品牌04 1200 抽屉柜（文件收纳）,抽屉柜,品牌04,1200,文件收纳,米色,8*1*1,8,CU71H,亚历克斯,收货,上架
TVEs324KBl,黑色 品牌32 32英寸 电视机（超高清）,电视机,品牌32,32英寸,超高清,黑色,8*1*1,8,AY77F,劳拉,收货,上架
NoExA3doWh,白色 品牌16 三号纸 笔记本（点阵）,笔记本,品牌16,三号纸,点阵,白色,48*10*5,2400,BL97H,亚历克斯,收货,上架
CuTE12SlWh,白色 品牌04 1200 储物柜（滑动式）,储物柜,品牌04,1200,滑动式,白色,8*1*1,8,AS19B,莎拉,收货,上架
TVYn75S4Si,银色 品牌15 75英寸 电视机（超级超高清）,电视机,品牌15,75英寸,超级超高清,银色,8*1*1,8,BK34E,迈克,收货,上架
GaSESErWh,白色 品牌08 小号 游戏椅（人体工学）,游戏椅,品牌08,小号,人体工学,白色,16*1*1,16,BN28G,迈克,收货,上架
AlPH15i5Gr,灰色 品牌12 15英寸 一体机（第5代处理器）,一体机,品牌12,15英寸,第5代处理器,灰色,16*1*1,16,DS27B,莎拉,收货,上架
NoMuA4ruGr,灰色 品牌19 四号纸 笔记本（横线）,笔记本,品牌19,四号纸,横线,灰色,48*10*5,2400,BH26F,大卫,收货,上架
PrPHA4AlGr,灰色 品牌12 四号纸 打印机（一体式）,打印机,品牌12,四号纸,一体式,灰色,16*1*1,16,AJ95F,克里斯,收货,上架
CuTE18LoBe,米色 品牌04 1800 储物柜（储物锁柜）,储物柜,品牌04,1800,储物锁柜,米色,8*1*1,8,AW17C,莎拉,收货,上架
CuWE18SlWh,白色 品牌02 1800 储物柜（滑动式）,储物柜,品牌02,1800,滑动式,白色,8*1*1,8,CT04B,简,收货,上架
MoRe27BlNa,藏青色 品牌10 270 鼠标（蓝牙）,鼠标,品牌10,270,蓝牙,藏青色,16*10*1,160,AI17H,劳拉,收货,上架
SPGi24WaPi,粉色 品牌21 24 触控笔（水彩）,触控笔,品牌21,24,水彩,粉色,48*10*5,2400,BZ27G,艾米丽,收货,上架
TaCI18AuSi,银色 品牌27 1800 桌子（自动调节）,桌子,品牌27,1800,自动调节,银色,8*1*1,8,CL84B,莎拉,收货,上架
AlOv1516Bl,黑色 品牌13 15英寸 一体机（16吉字节内存）,一体机,品牌13,15英寸,16吉字节内存,黑色,16*1*1,16,CL56A,莎拉,收货,上架
LaSu15i5Gr,灰色 品牌11 15英寸 笔记本电脑（第5代处理器）,笔记本电脑,品牌11,15英寸,第5代处理器,灰色,16*1*1,16,BW50G,克里斯,收货,上架
PrPHA3WiWh,白色 品牌12 三号纸 打印机（无线网络）,打印机,品牌12,三号纸,无线网络,白色,16*1*1,16,AO89E,劳拉,收货,上架
DrQE18SlWh,白色 品牌01 1800 抽屉柜（滑动式）,抽屉柜,品牌01,1800,滑动式,白色,8*1*1,8,CO84D,迈克,收货,上架
DrTE18SlGr,灰色 品牌04 1800 抽屉柜（滑动式）,抽屉柜,品牌04,1800,滑动式,灰色,8*1*1,8,DP95D,约翰,收货,上架
SPRe50HeGr,灰色 品牌22 50 触控笔（六角形）,触控笔,品牌22,50,六角形,灰色,48*10*5,2400,BR73H,莎拉,收货,上架
DrRG12LoBl,黑色 品牌03 1200 抽屉柜（储物锁柜）,抽屉柜,品牌03,1200,储物锁柜,黑色,8*1*1,8,DW29F,劳拉,收货,上架
DrWE12LoBe,米色 品牌02 1200 抽屉柜（储物锁柜）,抽屉柜,品牌02,1200,储物锁柜,米色,8*1*1,8,BO45E,简,收货,上架
CaWE90SlGr,灰色 品牌02 900 文件柜（滑动式）,文件柜,品牌02,900,滑动式,灰色,8*1*1,8,BF46C,克里斯,收货,上架
PeNa24WaBl,黑色 品牌23 24 铅笔（水彩）,铅笔,品牌23,24,水彩,黑色,48*10*5,2400,BR21E,艾米丽,收货,上架
LaYn14i7Gr,灰色 品牌15 14英寸 笔记本电脑（第7代处理器）,笔记本电脑,品牌15,14英寸,第7代处理器,灰色,16*1*1,16,BW31A,简,收货,上架
CaWE12LoWh,白色 品牌02 1200 文件柜（储物锁柜）,文件柜,品牌02,1200,储物锁柜,白色,8*1*1,8,CV98G,艾米,收货,上架
CuWE18SlBl,黑色 品牌02 1800 储物柜（滑动式）,储物柜,品牌02,1800,滑动式,黑色,8*1*1,8,DT27F,艾米丽,收货,上架
MoRe27ErPi,粉色 品牌10 270 鼠标（人体工学）,鼠标,品牌10,270,人体工学,粉色,16*10*1,160,BQ95F,艾米,收货,上架
PeRe24HeBl,黑色 品牌22 24 铅笔（六角形）,铅笔,品牌22,24,六角形,黑色,48*10*5,2400,AV05D,克里斯,收货,上架
KeHc45ErNa,藏青色 品牌09 450 键盘（人体工学）,键盘,品牌09,450,人体工学,藏青色,16*10*1,160,CQ47A,大卫,收货,上架
AlPH178GBl,黑色 品牌12 17英寸 一体机（8吉字节内存）,一体机,品牌12,17英寸,8吉字节内存,黑色,16*1*1,16,BH93H,莎拉,收货,上架
NoScA3liGr,灰色 品牌17 三号纸 笔记本（线条）,笔记本,品牌17,三号纸,线条,灰色,48*10*5,2400,BT35B,克里斯,收货,上架
TaTR18FrSi,银色 品牌29 1800 桌子（框架式）,桌子,品牌29,1800,框架式,银色,8*1*1,8,BS23A,亚历克斯,收货,上架
GaAESAdWh,白色 品牌05 小号 游戏椅（可调节）,游戏椅,品牌05,小号,可调节,白色,16*1*1,16,BQ06C,迈克,收货,上架
TVYn65SFSi,银色 品牌15 65英寸 电视机（超级全高清）,电视机,品牌15,65英寸,超级全高清,银色,8*1*1,8,BM65A,莎拉,收货,上架
LaSu158GSi,银色 品牌11 15英寸 笔记本电脑（8吉字节内存）,笔记本电脑,品牌11,15英寸,8吉字节内存,银色,16*1*1,16,AW26B,约翰,收货,上架
GaSEMAdPi,粉色 品牌08 中号 游戏椅（可调节）,游戏椅,品牌08,中号,可调节,粉色,16*1*1,16,CH80F,大卫,收货,上架
TVEs65FHWh,白色 品牌32 65英寸 电视机（全高清）,电视机,品牌32,65英寸,全高清,白色,8*1*1,8,DW74A,劳拉,收货,上架
DrRG12LoGr,灰色 品牌03 1200 抽屉柜（储物锁柜）,抽屉柜,品牌03,1200,储物锁柜,灰色,8*1*1,8,CR98C,艾米,收货,上架
NoScA3doBl,黑色 品牌17 三号纸 笔记本（点阵）,笔记本,品牌17,三号纸,点阵,黑色,48*10*5,2400,DV66F,约翰,收货,上架
MoHc35WiPi,粉色 品牌09 350 鼠标（有线）,鼠标,品牌09,350,有线,粉色,16*10*1,160,DM96F,迈克,收货,上架
TVYn32SFWh,白色 品牌15 32英寸 电视机（超级全高清）,电视机,品牌15,32英寸,超级全高清,白色,8*1*1,8,BM33C,约翰,收货,上架
MoSu27ErBl,黑色 品牌11 270 鼠标（人体工学）,鼠标,品牌11,270,人体工学,黑色,16*10*1,160,DZ69E,大卫,收货,上架
KePH27WiPi,粉色 品牌12 270 键盘（有线）,键盘,品牌12,270,有线,粉色,16*10*1,160,DF92E,艾米,收货,上架
CuRG90SlWh,白色 品牌03 900 储物柜（滑动式）,储物柜,品牌03,900,滑动式,白色,8*1*1,8,AI20D,简,收货,上架
LaSu17i5Gr,灰色 品牌11 17英寸 笔记本电脑（第5代处理器）,笔记本电脑,品牌11,17英寸,第5代处理器,灰色,16*1*1,16,BP35A,迈克,收货,上架
CaWE18LoBl,黑色 品牌02 1800 文件柜（储物锁柜）,文件柜,品牌02,1800,储物锁柜,黑色,8*1*1,8,BW37F,艾米丽,收货,上架
KeHc27BlWh,白色 品牌09 270 键盘（蓝牙）,键盘,品牌09,270,蓝牙,白色,16*10*1,160,BH34C,莎拉,收货,上架
AlPH148GWh,白色 品牌12 14英寸 一体机（8吉字节内存）,一体机,品牌12,14英寸,8吉字节内存,白色,16*1*1,16,DH45A,简,收货,上架
AlPH178GGr,灰色 品牌12 17英寸 一体机（8吉字节内存）,一体机,品牌12,17英寸,8吉字节内存,灰色,16*1*1,16,AM67B,艾米丽,收货,上架
AlRe14i5Bl,黑色 品牌14 14英寸 一体机（第5代处理器）,一体机,品牌14,14英寸,第5代处理器,黑色,16*1*1,16,DQ17F,大卫,收货,上架
OfAESErWh,白色 品牌05 小号 办公椅（人体工学）,办公椅,品牌05,小号,人体工学,白色,16*1*1,16,BP13D,亚历克斯,收货,上架
PrNoA4AlWh,白色 品牌26 四号纸 打印机（一体式）,打印机,品牌26,四号纸,一体式,白色,16*1*1,16,AX41H,大卫,收货,上架
DrWE18LoWh,白色 品牌02 1800 抽屉柜（储物锁柜）,抽屉柜,品牌02,1800,储物锁柜,白色,8*1*1,8,CQ29H,莎拉,收货,上架
AlPH14i7Gr,灰色 品牌12 14英寸 一体机（第7代处理器）,一体机,品牌12,14英寸,第7代处理器,灰色,16*1*1,16,DH46C,莎拉,收货,上架
AlRe1716Wh,白色 品牌14 17英寸 一体机（16吉字节内存）,一体机,品牌14,17英寸,16吉字节内存,白色,16*1*1,16,AW80D,莎拉,收货,上架
GaXELLeWh,白色 品牌06 大号 游戏椅（皮革）,游戏椅,品牌06,大号,皮革,白色,16*1*1,16,CR67C,简,收货,上架
KeHc27ErNa,藏青色 品牌09 270 键盘（人体工学）,键盘,品牌09,270,人体工学,藏青色,16*10*1,160,AJ47A,莎拉,收货,上架
LaRe178GWh,白色 品牌14 17英寸 笔记本电脑（8吉字节内存）,笔记本电脑,品牌14,17英寸,8吉字节内存,白色,16*1*1,16,AJ15B,艾米,收货,上架
OfOGLErPi,粉色 品牌07 大号 办公椅（人体工学）,办公椅,品牌07,大号,人体工学,粉色,16*1*1,16,DQ32E,艾米,收货,上架
DrQE18FiBe,米色 品牌01 1800 抽屉柜（文件收纳）,抽屉柜,品牌01,1800,文件收纳,米色,8*1*1,8,CW94F,克里斯,收货,上架
LaYn17i5Wh,白色 品牌15 17英寸 笔记本电脑（第5代处理器）,笔记本电脑,品牌15,17英寸,第5代处理器,白色,16*1*1,16,BW33B,莎拉,收货,上架
CaWE90LoBe,米色 品牌02 900 文件柜（储物锁柜）,文件柜,品牌02,900,储物锁柜,米色,8*1*1,8,DW33C,亚历克斯,收货,上架
CaQE90FiBl,黑色 品牌01 900 文件柜（文件收纳）,文件柜,品牌01,900,文件收纳,黑色,8*1*1,8,CL09B,亚历克斯,收货,上架
CaQE18SlBl,黑色 品牌01 1800 文件柜（滑动式）,文件柜,品牌01,1800,滑动式,黑色,8*1*1,8,CX57G,大卫,收货,上架
PrNoA3InGr,灰色 品牌26 三号纸 打印机（喷墨）,打印机,品牌26,三号纸,喷墨,灰色,16*1*1,16,DW75C,简,收货,上架
AlSu17i5Si,银色 品牌11 17英寸 一体机（第5代处理器）,一体机,品牌11,17英寸,第5代处理器,银色,16*1*1,16,AT49G,艾米丽,收货,上架
LaOv1532Bl,黑色 品牌13 15英寸 笔记本电脑（32吉字节内存）,笔记本电脑,品牌13,15英寸,32吉字节内存,黑色,16*1*1,16,CQ88A,约翰,收货,上架
CuRG12LoWh,白色 品牌03 1200 储物柜（储物锁柜）,储物柜,品牌03,1200,储物锁柜,白色,8*1*1,8,BT11D,艾米,收货,上架
AlOv1732Gr,灰色 品牌13 17英寸 一体机（32吉字节内存）,一体机,品牌13,17英寸,32吉字节内存,灰色,16*1*1,16,BL10A,艾米丽,收货,上架
TVGL42S4Si,银色 品牌31 42英寸 电视机（超级超高清）,电视机,品牌31,42英寸,超级超高清,银色,8*1*1,8,AP20A,克里斯,收货,上架
DrWE18SlGr,灰色 品牌02 1800 抽屉柜（滑动式）,抽屉柜,品牌02,1800,滑动式,灰色,8*1*1,8,BJ28C,劳拉,收货,上架
CuRG18SlGr,灰色 品牌03 1800 储物柜（滑动式）,储物柜,品牌03,1800,滑动式,灰色,8*1*1,8,CZ08E,莎拉,收货,上架
OfAESErWh,白色 品牌05 小号 办公椅（人体工学）,办公椅,品牌05,小号,人体工学,白色,16*1*1,16,CZ27G,艾米丽,收货,上架
CaTE18SlGr,灰色 品牌04 1800 文件柜（滑动式）,文件柜,品牌04,1800,滑动式,灰色,8*1*1,8,CS54F,莎拉,收货,上架
MoRe27MeWh,白色 品牌10 270 鼠标（机械式）,鼠标,品牌10,270,机械式,白色,16*10*1,160,CS34H,劳拉,收货,上架
SPAl12HePi,粉色 品牌20 12 触控笔（六角形）,触控笔,品牌20,12,六角形,粉色,48*10*5,2400,BZ41B,亚历克斯,收货,上架
LaOv15i7Si,银色 品牌13 15英寸 笔记本电脑（第7代处理器）,笔记本电脑,品牌13,15英寸,第7代处理器,银色,16*1*1,16,AI96C,约翰,收货,上架
CaTE18LoGr,灰色 品牌04 1800 文件柜（储物锁柜）,文件柜,品牌04,1800,储物锁柜,灰色,8*1*1,8,BT81C,简,收货,上架
KeSu27BlWh,白色 品牌11 270 键盘（蓝牙）,键盘,品牌11,270,蓝牙,白色,16*10*1,160,DI80H,艾米,收货,上架
TVYn32FHWh,白色 品牌15 32英寸 电视机（全高清）,电视机,品牌15,32英寸,全高清,白色,8*1*1,8,AX53G,艾米,收货,上架
CaQE12LoGr,灰色 品牌01 1200 文件柜（储物锁柜）,文件柜,品牌01,1200,储物锁柜,灰色,8*1*1,8,AL88A,艾米,收货,上架
DrTE18DoBe,米色 品牌04 1800 抽屉柜（带门式）,抽屉柜,品牌04,1800,带门式,米色,8*1*1,8,BU33H,亚历克斯,收货,上架
PrSoA3AlMi,混合色 品牌25 三号纸 打印机（一体式）,打印机,品牌25,三号纸,一体式,混合色,16*1*1,16,BZ07B,劳拉,收货,上架
CuWE18FiBl,黑色 品牌02 1800 储物柜（文件收纳）,储物柜,品牌02,1800,文件收纳,黑色,8*1*1,8,AQ54C,克里斯,收货,上架
NoGrA4ruSi,银色 品牌18 四号纸 笔记本（横线）,笔记本,品牌18,四号纸,横线,银色,48*10*5,2400,BT51D,艾米丽,收货,上架
DrWE12DoBe,米色 品牌02 1200 抽屉柜（带门式）,抽屉柜,品牌02,1200,带门式,米色,8*1*1,8,AZ88F,莎拉,收货,上架
AlSu17i7Bl,黑色 品牌11 17英寸 一体机（第7代处理器）,一体机,品牌11,17英寸,第7代处理器,黑色,16*1*1,16,CP37C,迈克,收货,上架
PrPHA4AlMi,混合色 品牌12 四号纸 打印机（一体式）,打印机,品牌12,四号纸,一体式,混合色,16*1*1,16,DY92C,艾米丽,收货,上架
AlSu1416Si,银色 品牌11 14英寸 一体机（16吉字节内存）,一体机,品牌11,14英寸,16吉字节内存,银色,16*1*1,16,AG56A,大卫,收货,上架
OfAEMErPi,粉色 品牌05 中号 办公椅（人体工学）,办公椅,品牌05,中号,人体工学,粉色,16*1*1,16,CH95B,简,收货,上架
PeNa12SoWh,白色 品牌23 12 铅笔（可溶性）,铅笔,品牌23,12,可溶性,白色,48*10*5,2400,CU86A,劳拉,收货,上架
CaRG12SlBl,黑色 品牌03 1200 文件柜（滑动式）,文件柜,品牌03,1200,滑动式,黑色,8*1*1,8,BS56D,简,收货,上架
PrReA4AlWh,白色 品牌24 四号纸 打印机（一体式）,打印机,品牌24,四号纸,一体式,白色,16*1*1,16,DJ45D,莎拉,收货,上架
TaTR10FrSi,银色 品牌28 1000 桌子（框架式）,桌子,品牌28,1000,框架式,银色,8*1*1,8,BF72B,亚历克斯,收货,上架
CuRG18LoBl,黑色 品牌03 1800 储物柜（储物锁柜）,储物柜,品牌03,1800,储物锁柜,黑色,8*1*1,8,DW49F,亚历克斯,收货,上架
DrQE12SlBe,米色 品牌01 1200 抽屉柜（滑动式）,抽屉柜,品牌01,1200,滑动式,米色,8*1*1,8,AN29F,艾米丽,收货,上架
PeNa50SoBl,黑色 品牌23 50 铅笔（可溶性）,铅笔,品牌23,50,可溶性,黑色,48*10*5,2400,AY88B,克里斯,收货,上架
TVGL75SFGr,灰色 品牌31 75英寸 电视机（超级全高清）,电视机,品牌31,75英寸,超级全高清,灰色,8*1*1,8,AQ02F,克里斯,收货,上架
NoMuA4ruGr,灰色 品牌19 四号纸 笔记本（横线）,笔记本,品牌19,四号纸,横线,灰色,48*10*5,2400,DF94E,艾米,收货,上架
OfAEMAdPi,粉色 品牌05 中号 办公椅（可调节）,办公椅,品牌05,中号,可调节,粉色,16*1*1,16,AI39H,大卫,收货,上架
TVGn654KSi,银色 品牌30 65英寸 电视机（超高清）,电视机,品牌30,65英寸,超高清,银色,8*1*1,8,CS31H,大卫,收货,上架
TaTR18AdBl,黑色 品牌29 1800 桌子（可调节）,桌子,品牌29,1800,可调节,黑色,8*1*1,8,CV72D,约翰,收货,上架
LaSu17i5Si,银色 品牌11 17英寸 笔记本电脑（第5代处理器）,笔记本电脑,品牌11,17英寸,第5代处理器,银色,16*1*1,16,DM12G,迈克,收货,上架
OfAELAdBl,黑色 品牌05 大号 办公椅（可调节）,办公椅,品牌05,大号,可调节,黑色,16*1*1,16,BX85E,亚历克斯,收货,上架
NoScA5liGr,灰色 品牌17 五号纸 笔记本（线条）,笔记本,品牌17,五号纸,线条,灰色,48*10*5,2400,CW70C,简,收货,上架
MoHc45MeNa,藏青色 品牌09 450 鼠标（机械式）,鼠标,品牌09,450,机械式,藏青色,16*10*1,160,CX88C,劳拉,收货,上架
SPGi24HeBl,黑色 品牌21 24 触控笔（六角形）,触控笔,品牌21,24,六角形,黑色,48*10*5,2400,DQ56B,约翰,收货,上架
PrReA3InGr,灰色 品牌24 三号纸 打印机（喷墨）,打印机,品牌24,三号纸,喷墨,灰色,16*1*1,16,CF74A,大卫,收货,上架
TaTR18WoWh,白色 品牌29 1800 桌子（工作站）,桌子,品牌29,1800,工作站,白色,8*1*1,8,CW54H,劳拉,收货,上架
DrQE18FiWh,白色 品牌01 1800 抽屉柜（文件收纳）,抽屉柜,品牌01,1800,文件收纳,白色,8*1*1,8,CO92E,克里斯,收货,上架
CuRG18FiBl,黑色 品牌03 1800 储物柜（文件收纳）,储物柜,品牌03,1800,文件收纳,黑色,8*1*1,8,DG77F,艾米,收货,上架
TVYn42FHGr,灰色 品牌15 42英寸 电视机（全高清）,电视机,品牌15,42英寸,全高清,灰色,8*1*1,8,AK50E,迈克,收货,上架
TVGL654KSi,银色 品牌31 65英寸 电视机（超高清）,电视机,品牌31,65英寸,超高清,银色,8*1*1,8,BL54A,艾米丽,收货,上架
TVGn42FHSi,银色 品牌30 42英寸 电视机（全高清）,电视机,品牌30,42英寸,全高清,银色,8*1*1,8,BO22E,劳拉,收货,上架
MoSu35ErPi,粉色 品牌11 350 鼠标（人体工学）,鼠标,品牌11,350,人体工学,粉色,16*10*1,160,AG96B,艾米丽,收货,上架
SPRe50HeBl,黑色 品牌22 50 触控笔（六角形）,触控笔,品牌22,50,六角形,黑色,48*10*5,2400,AG47C,莎拉,收货,上架
TVGL424KGr,灰色 品牌31 42英寸 电视机（超高清）,电视机,品牌31,42英寸,超高清,灰色,8*1*1,8,BV86H,莎拉,收货,上架
TaTR10AdSi,银色 品牌29 1000 桌子（可调节）,桌子,品牌29,1000,可调节,银色,8*1*1,8,BN49B,亚历克斯,收货,上架
OfSESHePi,粉色 品牌08 小号 办公椅（头枕）,办公椅,品牌08,小号,头枕,粉色,16*1*1,16,CZ32B,艾米丽,收货,上架
PeGi12HeGr,灰色 品牌21 12 铅笔（六角形）,铅笔,品牌21,12,六角形,灰色,48*10*5,2400,DO47C,克里斯,收货,上架
MoSu35ErPi,粉色 品牌11 350 鼠标（人体工学）,鼠标,品牌11,350,人体工学,粉色,16*10*1,160,BW13D,大卫,收货,上架
SPGi24HeWh,白色 品牌21 24 触控笔（六角形）,触控笔,品牌21,24,六角形,白色,48*10*5,2400,BI59H,劳拉,收货,上架
SPGi24WaWh,白色 品牌21 24 触控笔（水彩）,触控笔,品牌21,24,水彩,白色,48*10*5,2400,BH06H,简,收货,上架
PeGi12HeWh,白色 品牌21 12 铅笔（六角形）,铅笔,品牌21,12,六角形,白色,48*10*5,2400,AK24D,简,收货,上架
DrQE18FiBe,米色 品牌01 1800 抽屉柜（文件收纳）,抽屉柜,品牌01,1800,文件收纳,米色,8*1*1,8,BN79B,亚历克斯,收货,上架
NoMuA4liBl,黑色 品牌19 四号纸 笔记本（线条）,笔记本,品牌19,四号纸,线条,黑色,48*10*5,2400,AV50E,大卫,收货,上架
NoScA3liBl,黑色 品牌17 三号纸 笔记本（线条）,笔记本,品牌17,三号纸,线条,黑色,48*10*5,2400,CI21G,艾米丽,收货,上架
KeRe35MeNa,藏青色 品牌10 350 键盘（机械式）,键盘,品牌10,350,机械式,藏青色,16*10*1,160,BR86G,劳拉,收货,上架
OfSELHePi,粉色 品牌08 大号 办公椅（头枕）,办公椅,品牌08,大号,头枕,粉色,16*1*1,16,BQ08E,约翰,收货,上架
CaQE12FiBl,黑色 品牌01 1200 文件柜（文件收纳）,文件柜,品牌01,1200,文件收纳,黑色,8*1*1,8,AF18F,克里斯,收货,上架
CuRG90LoBl,黑色 品牌03 900 储物柜（储物锁柜）,储物柜,品牌03,900,储物锁柜,黑色,8*1*1,8,BJ08D,劳拉,收货,上架
GaXEMHeBl,黑色 品牌06 中号 游戏椅（头枕）,游戏椅,品牌06,中号,头枕,黑色,16*1*1,16,AR38A,迈克,收货,上架
PrNoA3InBl,黑色 品牌26 三号纸 打印机（喷墨）,打印机,品牌26,三号纸,喷墨,黑色,16*1*1,16,DG69D,克里斯,收货,上架
LaPH1716Bl,黑色 品牌12 17英寸 笔记本电脑（16吉字节内存）,笔记本电脑,品牌12,17英寸,16吉字节内存,黑色,16*1*1,16,BU18F,艾米丽,收货,上架
MoHc27WiWh,白色 品牌09 270 鼠标（有线）,鼠标,品牌09,270,有线,白色,16*10*1,160,BL84H,简,收货,上架
MoHc35MeBl,黑色 品牌09 350 鼠标（机械式）,鼠标,品牌09,350,机械式,黑色,16*10*1,160,DP28D,艾米丽,收货,上架
PrNoA4MoGr,灰色 品牌26 四号纸 打印机（黑白）,打印机,品牌26,四号纸,黑白,灰色,16*1*1,16,BL92D,艾米丽,收货,上架
NoMuA5doWh,白色 品牌19 五号纸 笔记本（点阵）,笔记本,品牌19,五号纸,点阵,白色,48*10*5,2400,BW19F,约翰,收货,上架
PrPHA2LaGr,灰色 品牌12 二号纸 打印机（激光）,打印机,品牌12,二号纸,激光,灰色,16*1*1,16,DF89C,大卫,收货,上架
AlOv17i5Gr,灰色 品牌13 17英寸 一体机（第5代处理器）,一体机,品牌13,17英寸,第5代处理器,灰色,16*1*1,16,BN84F,克里斯,收货,上架
MoHc27BlNa,藏青色 品牌09 270 鼠标（蓝牙）,鼠标,品牌09,270,蓝牙,藏青色,16*10*1,160,AM54H,劳拉,收货,上架
GaSEMErWh,白色 品牌08 中号 游戏椅（人体工学）,游戏椅,品牌08,中号,人体工学,白色,16*1*1,16,AL69C,简,收货,上架
KeHc45MeBl,黑色 品牌09 450 键盘（机械式）,键盘,品牌09,450,机械式,黑色,16*10*1,160,AW45A,约翰,收货,上架
GaAEMAdGr,灰色 品牌05 中号 游戏椅（可调节）,游戏椅,品牌05,中号,可调节,灰色,16*1*1,16,DV22C,约翰,收货,上架
PrPHA3MoWh,白色 品牌12 三号纸 打印机（黑白）,打印机,品牌12,三号纸,黑白,白色,16*1*1,16,AP97G,约翰,收货,上架
AlRe17i7Gr,灰色 品牌14 17英寸 一体机（第7代处理器）,一体机,品牌14,17英寸,第7代处理器,灰色,16*1*1,16,CN76E,大卫,收货,上架
OfOGLAdBl,黑色 品牌07 大号 办公椅（可调节）,办公椅,品牌07,大号,可调节,黑色,16*1*1,16,AI12A,亚历克斯,收货,上架
GaOGMHeWh,白色 品牌07 中号 游戏椅（头枕）,游戏椅,品牌07,中号,头枕,白色,16*1*1,16,DX73G,迈克,收货,上架
CuQE12SlGr,灰色 品牌01 1200 储物柜（滑动式）,储物柜,品牌01,1200,滑动式,灰色,8*1*1,8,BN05E,迈克,收货,上架
MoRe35WiPi,粉色 品牌10 350 鼠标（有线）,鼠标,品牌10,350,有线,粉色,16*10*1,160,CG33D,约翰,收货,上架
LaOv14i5Bl,黑色 品牌13 14英寸 笔记本电脑（第5代处理器）,笔记本电脑,品牌13,14英寸,第5代处理器,黑色,16*1*1,16,CH52H,亚历克斯,收货,上架
GaOGMErBl,黑色 品牌07 中号 游戏椅（人体工学）,游戏椅,品牌07,中号,人体工学,黑色,16*1*1,16,CF22C,简,收货,上架
OfSESHeGr,灰色 品牌08 小号 办公椅（头枕）,办公椅,品牌08,小号,头枕,灰色,16*1*1,16,DO27A,劳拉,收货,上架
LaOv1732Si,银色 品牌13 17英寸 笔记本电脑（32吉字节内存）,笔记本电脑,品牌13,17英寸,32吉字节内存,银色,16*1*1,16,CO65G,亚历克斯,收货,上架
CuWE18LoGr,灰色 品牌02 1800 储物柜（储物锁柜）,储物柜,品牌02,1800,储物锁柜,灰色,8*1*1,8,BZ38A,克里斯,收货,上架
SPRe50HeGr,灰色 品牌22 50 触控笔（六角形）,触控笔,品牌22,50,六角形,灰色,48*10*5,2400,AQ76B,克里斯,收货,上架
KeRe45ErNa,藏青色 品牌10 450 键盘（人体工学）,键盘,品牌10,450,人体工学,藏青色,16*10*1,160,DW82B,简,收货,上架
LaSu15i7Wh,白色 品牌11 15英寸 笔记本电脑（第7代处理器）,笔记本电脑,品牌11,15英寸,第7代处理器,白色,16*1*1,16,DZ73C,迈克,收货,上架
TaAE18WoSi,银色 品牌05 1800 桌子（工作站）,桌子,品牌05,1800,工作站,银色,8*1*1,8,AJ47B,亚历克斯,收货,上架
OfOGSErWh,白色 品牌07 小号 办公椅（人体工学）,办公椅,品牌07,小号,人体工学,白色,16*1*1,16,DR19C,艾米,收货,上架
OfSELHeWh,白色 品牌08 大号 办公椅（头枕）,办公椅,品牌08,大号,头枕,白色,16*1*1,16,BL04H,艾米,收货,上架
TVYn32SFSi,银色 品牌15 32英寸 电视机（超级全高清）,电视机,品牌15,32英寸,超级全高清,银色,8*1*1,8,CO68A,克里斯,收货,上架
GaSESLeBl,黑色 品牌08 小号 游戏椅（皮革）,游戏椅,品牌08,小号,皮革,黑色,16*1*1,16,BJ84H,艾米,收货,上架
TVGn75S4Si,银色 品牌30 75英寸 电视机（超级超高清）,电视机,品牌30,75英寸,超级超高清,银色,8*1*1,8,AX97F,简,收货,上架
GaSEMAdGr,灰色 品牌08 中号 游戏椅（可调节）,游戏椅,品牌08,中号,可调节,灰色,16*1*1,16,DT50E,艾米丽,收货,上架
KeHc27MeBl,黑色 品牌09 270 键盘（机械式）,键盘,品牌09,270,机械式,黑色,16*10*1,160,AT52C,劳拉,收货,上架
PrNoA3WiMi,混合色 品牌26 三号纸 打印机（无线网络）,打印机,品牌26,三号纸,无线网络,混合色,16*1*1,16,AV41H,亚历克斯,收货,上架
CaTE18LoBe,米色 品牌04 1800 文件柜（储物锁柜）,文件柜,品牌04,1800,储物锁柜,米色,8*1*1,8,CG83G,艾米,收货,上架
AlSu17i5Wh,白色 品牌11 17英寸 一体机（第5代处理器）,一体机,品牌11,17英寸,第5代处理器,白色,16*1*1,16,DJ12A,大卫,收货,上架
PrNoA4MoGr,灰色 品牌26 四号纸 打印机（黑白）,打印机,品牌26,四号纸,黑白,灰色,16*1*1,16,BQ50H,亚历克斯,收货,上架
TaTR15AdGr,灰色 品牌28 1500 桌子（可调节）,桌子,品牌28,1500,可调节,灰色,8*1*1,8,AS91C,简,收货,上架
LaPH17i5Gr,灰色 品牌12 17英寸 笔记本电脑（第5代处理器）,笔记本电脑,品牌12,17英寸,第5代处理器,灰色,16*1*1,16,BU31A,艾米丽,收货,上架
LaYn1716Gr,灰色 品牌15 17英寸 笔记本电脑（16吉字节内存）,笔记本电脑,品牌15,17英寸,16吉字节内存,灰色,16*1*1,16,AL49E,劳拉,收货,上架
GaXEMLeBl,黑色 品牌06 中号 游戏椅（皮革）,游戏椅,品牌06,中号,皮革,黑色,16*1*1,16,AF28C,莎拉,收货,上架
LaOv15i5Wh,白色 品牌13 15英寸 笔记本电脑（第5代处理器）,笔记本电脑,品牌13,15英寸,第5代处理器,白色,16*1*1,16,CR34D,莎拉,收货,上架
PrReA2AlGr,灰色 品牌24 二号纸 打印机（一体式）,打印机,品牌24,二号纸,一体式,灰色,16*1*1,16,AF51D,约翰,收货,上架
MoSu27WiPi,粉色 品牌11 270 鼠标（有线）,鼠标,品牌11,270,有线,粉色,16*10*1,160,DY96C,大卫,收货,上架
SPRe24WaWh,白色 品牌22 24 触控笔（水彩）,触控笔,品牌22,24,水彩,白色,48*10*5,2400,AZ58C,迈克,收货,上架
TVEs75S4Bl,黑色 品牌32 75英寸 电视机（超级超高清）,电视机,品牌32,75英寸,超级超高清,黑色,8*1*1,8,CY94H,莎拉,收货,上架
MoSu35MePi,粉色 品牌11 350 鼠标（机械式）,鼠标,品牌11,350,机械式,粉色,16*10*1,160,DS32B,约翰,收货,上架
MoRe35WiWh,白色 品牌10 350 鼠标（有线）,鼠标,品牌10,350,有线,白色,16*10*1,160,AI95F,艾米,收货,上架
DrRG12SlWh,白色 品牌03 1200 抽屉柜（滑动式）,抽屉柜,品牌03,1200,滑动式,白色,8*1*1,8,BL76C,劳拉,收货,上架
KeRe27MeBl,黑色 品牌10 270 键盘（机械式）,键盘,品牌10,270,机械式,黑色,16*10*1,160,DH15C,迈克,收货,上架
LaRe1716Gr,灰色 品牌14 17英寸 笔记本电脑（16吉字节内存）,笔记本电脑,品牌14,17英寸,16吉字节内存,灰色,16*1*1,16,BM33E,艾米,收货,上架
CuRG12FiWh,白色 品牌03 1200 储物柜（文件收纳）,储物柜,品牌03,1200,文件收纳,白色,8*1*1,8,DG95A,约翰,收货,上架
TVGL50FHWh,白色 品牌31 50英寸 电视机（全高清）,电视机,品牌31,50英寸,全高清,白色,8*1*1,8,CW22H,亚历克斯,收货,上架
PrNoA3MoMi,混合色 品牌26 三号纸 打印机（黑白）,打印机,品牌26,三号纸,黑白,混合色,16*1*1,16,AI61D,莎拉,收货,上架
DrWE18SlGr,灰色 品牌02 1800 抽屉柜（滑动式）,抽屉柜,品牌02,1800,滑动式,灰色,8*1*1,8,AZ83B,亚历克斯,收货,上架
AlRe1732Wh,白色 品牌14 17英寸 一体机（32吉字节内存）,一体机,品牌14,17英寸,32吉字节内存,白色,16*1*1,16,AN09E,克里斯,收货,上架
OfXEMErWh,白色 品牌06 中号 办公椅（人体工学）,办公椅,品牌06,中号,人体工学,白色,16*1*1,16,BP71A,大卫,收货,上架
PeNa50WaPi,粉色 品牌23 50 铅笔（水彩）,铅笔,品牌23,50,水彩,粉色,48*10*5,2400,AQ88B,大卫,收货,上架
GaOGSLeWh,白色 品牌07 小号 游戏椅（皮革）,游戏椅,品牌07,小号,皮革,白色,16*1*1,16,BG80A,艾米,收货,上架
TaAE15AdGr,灰色 品牌05 1500 桌子（可调节）,桌子,品牌05,1500,可调节,灰色,8*1*1,8,AN15D,劳拉,收货,上架
AlRe1716Wh,白色 品牌14 17英寸 一体机（16吉字节内存）,一体机,品牌14,17英寸,16吉字节内存,白色,16*1*1,16,DH51B,大卫,收货,上架
DrWE12DoBe,米色 品牌02 1200 抽屉柜（带门式）,抽屉柜,品牌02,1200,带门式,米色,8*1*1,8,BN82C,大卫,收货,上架
PrSoA4AlBl,黑色 品牌25 四号纸 打印机（一体式）,打印机,品牌25,四号纸,一体式,黑色,16*1*1,16,DZ14C,简,收货,上架
TVGn75S4Wh,白色 品牌30 75英寸 电视机（超级超高清）,电视机,品牌30,75英寸,超级超高清,白色,8*1*1,8,AI62E,约翰,收货,上架
TaCI18FrGr,灰色 品牌27 1800 桌子（框架式）,桌子,品牌27,1800,框架式,灰色,8*1*1,8,DT87F,克里斯,收货,上架
DrTE90SlBe,米色 品牌04 900 抽屉柜（滑动式）,抽屉柜,品牌04,900,滑动式,米色,8*1*1,8,DL63H,简,收货,上架
DrTE90LoWh,白色 品牌04 900 抽屉柜（储物锁柜）,抽屉柜,品牌04,900,储物锁柜,白色,8*1*1,8,AL07H,艾米,收货,上架
PeNa50SoPi,粉色 品牌23 50 铅笔（可溶性）,铅笔,品牌23,50,可溶性,粉色,48*10*5,2400,BW52G,艾米,收货,上架
LaYn158GWh,白色 品牌15 15英寸 笔记本电脑（8吉字节内存）,笔记本电脑,品牌15,15英寸,8吉字节内存,白色,16*1*1,16,AQ93E,大卫,收货,上架
CuQE18LoBl,黑色 品牌01 1800 储物柜（储物锁柜）,储物柜,品牌01,1800,储物锁柜,黑色,8*1*1,8,BF81H,艾米,收货,上架
OfXEMAdBl,黑色 品牌06 中号 办公椅（可调节）,办公椅,品牌06,中号,可调节,黑色,16*1*1,16,DP24G,大卫,收货,上架
TVGL75FHSi,银色 品牌31 75英寸 电视机（全高清）,电视机,品牌31,75英寸,全高清,银色,8*1*1,8,CR80H,大卫,收货,上架
KeHc35WiPi,粉色 品牌09 350 键盘（有线）,键盘,品牌09,350,有线,粉色,16*10*1,160,CZ04A,亚历克斯,收货,上架
KeHc45ErNa,藏青色 品牌09 450 键盘（人体工学）,键盘,品牌09,450,人体工学,藏青色,16*10*1,160,BM02D,劳拉,收货,上架
AlYn178GWh,白色 品牌15 17英寸 一体机（8吉字节内存）,一体机,品牌15,17英寸,8吉字节内存,白色,16*1*1,16,CI74A,艾米,收货,上架
TVEs75SFWh,白色 品牌32 75英寸 电视机（超级全高清）,电视机,品牌32,75英寸,超级全高清,白色,8*1*1,8,AM16A,大卫,收货,上架
LaPH14i7Bl,黑色 品牌12 14英寸 笔记本电脑（第7代处理器）,笔记本电脑,品牌12,14英寸,第7代处理器,黑色,16*1*1,16,CH08H,简,收货,上架
MoRe27BlPi,粉色 品牌10 270 鼠标（蓝牙）,鼠标,品牌10,270,蓝牙,粉色,16*10*1,160,AR50F,亚历克斯,收货,上架
GaSESAdPi,粉色 品牌08 小号 游戏椅（可调节）,游戏椅,品牌08,小号,可调节,粉色,16*1*1,16,DM02G,大卫,收货,上架
OfSEMAdGr,灰色 品牌08 中号 办公椅（可调节）,办公椅,品牌08,中号,可调节,灰色,16*1*1,16,CT71B,劳拉,收货,上架
PeRe50WaPi,粉色 品牌22 50 铅笔（水彩）,铅笔,品牌22,50,水彩,粉色,48*10*5,2400,DQ31A,劳拉,收货,上架
TaAE15FrWh,白色 品牌05 1500 桌子（框架式）,桌子,品牌05,1500,框架式,白色,8*1*1,8,AS80C,劳拉,收货,上架
AlPH1432Gr,灰色 品牌12 14英寸 一体机（32吉字节内存）,一体机,品牌12,14英寸,32吉字节内存,灰色,16*1*1,16,BH55D,亚历克斯,收货,上架
PrPHA3MoBl,黑色 品牌12 三号纸 打印机（黑白）,打印机,品牌12,三号纸,黑白,黑色,16*1*1,16,CX45B,艾米,收货,上架
LaRe15i7Wh,白色 品牌14 15英寸 笔记本电脑（第7代处理器）,笔记本电脑,品牌14,15英寸,第7代处理器,白色,16*1*1,16,AS83F,简,收货,上架
CuWE18DoWh,白色 品牌02 1800 储物柜（带门式）,储物柜,品牌02,1800,带门式,白色,8*1*1,8,CI98E,莎拉,收货,上架
DrRG12DoGr,灰色 品牌03 1200 抽屉柜（带门式）,抽屉柜,品牌03,1200,带门式,灰色,8*1*1,8,AL89E,约翰,收货,上架
TaTR18WoWh,白色 品牌29 1800 桌子（工作站）,桌子,品牌29,1800,工作站,白色,8*1*1,8,AZ52G,艾米,收货,上架
PrSoA3WiGr,灰色 品牌25 三号纸 打印机（无线网络）,打印机,品牌25,三号纸,无线网络,灰色,16*1*1,16,CT07C,艾米丽,收货,上架
TaTR18FrBl,黑色 品牌29 1800 桌子（框架式）,桌子,品牌29,1800,框架式,黑色,8*1*1,8,DK28D,劳拉,收货,上架
AlYn15i7Gr,灰色 品牌15 15英寸 一体机（第7代处理器）,一体机,品牌15,15英寸,第7代处理器,灰色,16*1*1,16,AR56F,艾米,收货,上架
CaTE18SlBe,米色 品牌04 1800 文件柜（滑动式）,文件柜,品牌04,1800,滑动式,米色,8*1*1,8,CX75G,亚历克斯,收货,上架
SPGi24WaGr,灰色 品牌21 24 触控笔（水彩）,触控笔,品牌21,24,水彩,灰色,48*10*5,2400,DL73G,迈克,收货,上架
TVGL654KWh,白色 品牌31 65英寸 电视机（超高清）,电视机,品牌31,65英寸,超高清,白色,8*1*1,8,BJ30A,莎拉,收货,上架
OfSESHeGr,灰色 品牌08 小号 办公椅（头枕）,办公椅,品牌08,小号,头枕,灰色,16*1*1,16,BN80B,艾米丽,收货,上架
GaSESErBl,黑色 品牌08 小号 游戏椅（人体工学）,游戏椅,品牌08,小号,人体工学,黑色,16*1*1,16,BN23H,艾米丽,收货,上架
AlYn158GGr,灰色 品牌15 15英寸 一体机（8吉字节内存）,一体机,品牌15,15英寸,8吉字节内存,灰色,16*1*1,16,BI88A,迈克,收货,上架
SPAl50HeGr,灰色 品牌20 50 触控笔（六角形）,触控笔,品牌20,50,六角形,灰色,48*10*5,2400,DM74B,迈克,收货,上架
PeNa12WaGr,灰色 品牌23 12 铅笔（水彩）,铅笔,品牌23,12,水彩,灰色,48*10*5,2400,BR69B,简,收货,上架
CaQE90SlWh,白色 品牌01 900 文件柜（滑动式）,文件柜,品牌01,900,滑动式,白色,8*1*1,8,CF37H,迈克,收货,上架
CaTE12FiGr,灰色 品牌04 1200 文件柜（文件收纳）,文件柜,品牌04,1200,文件收纳,灰色,8*1*1,8,DZ37B,大卫,收货,上架
CaQE12LoWh,白色 品牌01 1200 文件柜（储物锁柜）,文件柜,品牌01,1200,储物锁柜,白色,8*1*1,8,BQ33D,劳拉,收货,上架
PrReA2WiBl,黑色 品牌24 二号纸 打印机（无线网络）,打印机,品牌24,二号纸,无线网络,黑色,16*1*1,16,DS81C,克里斯,收货,上架
AlOv1432Si,银色 品牌13 14英寸 一体机（32吉字节内存）,一体机,品牌13,14英寸,32吉字节内存,银色,16*1*1,16,DJ03D,劳拉,收货,上架
TVYn324KSi,银色 品牌15 32英寸 电视机（超高清）,电视机,品牌15,32英寸,超高清,银色,8*1*1,8,CT94G,迈克,收货,上架
AlRe1732Si,银色 品牌14 17英寸 一体机（32吉字节内存）,一体机,品牌14,17英寸,32吉字节内存,银色,16*1*1,16,DK05B,克里斯,收货,上架
CaRG12SlBe,米色 品牌03 1200 文件柜（滑动式）,文件柜,品牌03,1200,滑动式,米色,8*1*1,8,BH41F,迈克,收货,上架
CaQE12DoWh,白色 品牌01 1200 文件柜（带门式）,文件柜,品牌01,1200,带门式,白色,8*1*1,8,BX80A,亚历克斯,收货,上架
TVGL42S4Gr,灰色 品牌31 42英寸 电视机（超级超高清）,电视机,品牌31,42英寸,超级超高清,灰色,8*1*1,8,DV41G,莎拉,收货,上架
SPRe12WaGr,灰色 品牌22 12 触控笔（水彩）,触控笔,品牌22,12,水彩,灰色,48*10*5,2400,AR81H,简,收货,上架
SPNa50HeGr,灰色 品牌23 50 触控笔（六角形）,触控笔,品牌23,50,六角形,灰色,48*10*5,2400,AH41D,迈克,收货,上架
DrTE90DoBe,米色 品牌04 900 抽屉柜（带门式）,抽屉柜,品牌04,900,带门式,米色,8*1*1,8,BK21B,亚历克斯,收货,上架
KePH27WiWh,白色 品牌12 270 键盘（有线）,键盘,品牌12,270,有线,白色,16*10*1,160,BS63B,艾米丽,收货,上架
KeRe35MeBl,黑色 品牌10 350 键盘（机械式）,键盘,品牌10,350,机械式,黑色,16*10*1,160,DX88B,大卫,收货,上架
AlPH148GBl,黑色 品牌12 14英寸 一体机（8吉字节内存）,一体机,品牌12,14英寸,8吉字节内存,黑色,16*1*1,16,DF05A,克里斯,收货,上架
PrNoA4MoGr,灰色 品牌26 四号纸 打印机（黑白）,打印机,品牌26,四号纸,黑白,灰色,16*1*1,16,BH49E,劳拉,收货,上架
TVGL654KBl,黑色 品牌31 65英寸 电视机（超高清）,电视机,品牌31,65英寸,超高清,黑色,8*1*1,8,DW50D,艾米丽,收货,上架
LaOv1532Gr,灰色 品牌13 15英寸 笔记本电脑（32吉字节内存）,笔记本电脑,品牌13,15英寸,32吉字节内存,灰色,16*1*1,16,DY95C,简,收货,上架
DrQE90FiBl,黑色 品牌01 900 抽屉柜（文件收纳）,抽屉柜,品牌01,900,文件收纳,黑色,8*1*1,8,CT97A,莎拉,收货,上架
KeRe27MePi,粉色 品牌10 270 键盘（机械式）,键盘,品牌10,270,机械式,粉色,16*10*1,160,DL50F,艾米丽,收货,上架
GaOGLHeGr,灰色 品牌07 大号 游戏椅（头枕）,游戏椅,品牌07,大号,头枕,灰色,16*1*1,16,BS04G,艾米丽,收货,上架
OfOGMAdWh,白色 品牌07 中号 办公椅（可调节）,办公椅,品牌07,中号,可调节,白色,16*1*1,16,DT06B,约翰,收货,上架
LaRe1716Wh,白色 品牌14 17英寸 笔记本电脑（16吉字节内存）,笔记本电脑,品牌14,17英寸,16吉字节内存,白色,16*1*1,16,DO21G,迈克,收货,上架
TVEs65SFGr,灰色 品牌32 65英寸 电视机（超级全高清）,电视机,品牌32,65英寸,超级全高清,灰色,8*1*1,8,DI55F,艾米丽,收货,上架
PrPHA4InBl,黑色 品牌12 四号纸 打印机（喷墨）,打印机,品牌12,四号纸,喷墨,黑色,16*1*1,16,BR12E,劳拉,收货,上架
DrTE18FiWh,白色 品牌04 1800 抽屉柜（文件收纳）,抽屉柜,品牌04,1800,文件收纳,白色,8*1*1,8,DN86F,迈克,收货,上架
TaCI15AdBl,黑色 品牌27 1500 桌子（可调节）,桌子,品牌27,1500,可调节,黑色,8*1*1,8,CU36G,艾米,收货,上架
DrQE90DoBe,米色 品牌01 900 抽屉柜（带门式）,抽屉柜,品牌01,900,带门式,米色,8*1*1,8,BV17C,约翰,收货,上架
CaWE18SlBl,黑色 品牌02 1800 文件柜（滑动式）,文件柜,品牌02,1800,滑动式,黑色,8*1*1,8,AS90G,艾米丽,收货,上架
GaOGSLeGr,灰色 品牌07 小号 游戏椅（皮革）,游戏椅,品牌07,小号,皮革,灰色,16*1*1,16,AG55E,简,收货,上架
PrSoA2WiGr,灰色 品牌25 二号纸 打印机（无线网络）,打印机,品牌25,二号纸,无线网络,灰色,16*1*1,16,DI67E,亚历克斯,收货,上架
NoMuA5ruWh,白色 品牌19 五号纸 笔记本（横线）,笔记本,品牌19,五号纸,横线,白色,48*10*5,2400,BI04E,劳拉,收货,上架
CaTE12FiBe,米色 品牌04 1200 文件柜（文件收纳）,文件柜,品牌04,1200,文件收纳,米色,8*1*1,8,AT75D,莎拉,收货,上架
MoPH27MeBl,黑色 品牌12 270 鼠标（机械式）,鼠标,品牌12,270,机械式,黑色,16*10*1,160,AP48F,克里斯,收货,上架
KePH35MePi,粉色 品牌12 350 键盘（机械式）,键盘,品牌12,350,机械式,粉色,16*10*1,160,AN35G,亚历克斯,收货,上架
NoGrA3doBl,黑色 品牌18 三号纸 笔记本（点阵）,笔记本,品牌18,三号纸,点阵,黑色,48*10*5,2400,AT65A,亚历克斯,收货,上架
MoHc45ErNa,藏青色 品牌09 450 鼠标（人体工学）,鼠标,品牌09,450,人体工学,藏青色,16*10*1,160,AM44H,大卫,收货,上架
TaTR10FrBl,黑色 品牌28 1000 桌子（框架式）,桌子,品牌28,1000,框架式,黑色,8*1*1,8,CH71F,简,收货,上架
AlSu14i5Gr,灰色 品牌11 14英寸 一体机（第5代处理器）,一体机,品牌11,14英寸,第5代处理器,灰色,16*1*1,16,DX17B,亚历克斯,收货,上架
CuQE12SlBl,黑色 品牌01 1200 储物柜（滑动式）,储物柜,品牌01,1200,滑动式,黑色,8*1*1,8,BF51A,劳拉,收货,上架
PrReA2InGr,灰色 品牌24 二号纸 打印机（喷墨）,打印机,品牌24,二号纸,喷墨,灰色,16*1*1,16,BO48G,克里斯,收货,上架
PrPHA4MoMi,混合色 品牌12 四号纸 打印机（黑白）,打印机,品牌12,四号纸,黑白,混合色,16*1*1,16,CL31G,约翰,收货,上架
LaRe17i5Gr,灰色 品牌14 17英寸 笔记本电脑（第5代处理器）,笔记本电脑,品牌14,17英寸,第5代处理器,灰色,16*1*1,16,CJ91C,艾米,收货,上架
TaAE15WoBl,黑色 品牌05 1500 桌子（工作站）,桌子,品牌05,1500,工作站,黑色,8*1*1,8,AZ66C,劳拉,收货,上架
OfOGSErWh,白色 品牌07 小号 办公椅（人体工学）,办公椅,品牌07,小号,人体工学,白色,16*1*1,16,DY52C,迈克,收货,上架
SPGi50WaGr,灰色 品牌21 50 触控笔（水彩）,触控笔,品牌21,50,水彩,灰色,48*10*5,2400,CQ52B,亚历克斯,收货,上架
CuQE12FiBe,米色 品牌01 1200 储物柜（文件收纳）,储物柜,品牌01,1200,文件收纳,米色,8*1*1,8,AY38E,艾米,收货,上架
CaQE12FiBe,米色 品牌01 1200 文件柜（文件收纳）,文件柜,品牌01,1200,文件收纳,米色,8*1*1,8,AL01A,迈克,收货,上架
TaTR10WoBl,黑色 品牌29 1000 桌子（工作站）,桌子,品牌29,1000,工作站,黑色,8*1*1,8,BK12H,劳拉,收货,上架
TVGL42S4Bl,黑色 品牌31 42英寸 电视机（超级超高清）,电视机,品牌31,42英寸,超级超高清,黑色,8*1*1,8,BS51G,艾米,收货,上架
PrPHA4MoMi,混合色 品牌12 四号纸 打印机（黑白）,打印机,品牌12,四号纸,黑白,混合色,16*1*1,16,AS77H,艾米,收货,上架
NoMuA5doGr,灰色 品牌19 五号纸 笔记本（点阵）,笔记本,品牌19,五号纸,点阵,灰色,48*10*5,2400,AI46G,艾米丽,收货,上架
PrNoA4MoMi,混合色 品牌26 四号纸 打印机（黑白）,打印机,品牌26,四号纸,黑白,混合色,16*1*1,16,AO26E,艾米,收货,上架
TVYn75FHBl,黑色 品牌15 75英寸 电视机（全高清）,电视机,品牌15,75英寸,全高清,黑色,8*1*1,8,BZ17F,莎拉,收货,上架
DrTE12FiBe,米色 品牌04 1200 抽屉柜（文件收纳）,抽屉柜,品牌04,1200,文件收纳,米色,8*1*1,8,BZ35G,迈克,收货,上架
TVEs65FHWh,白色 品牌32 65英寸 电视机（全高清）,电视机,品牌32,65英寸,全高清,白色,8*1*1,8,DX80F,莎拉,收货,上架
AlOv14i5Si,银色 品牌13 14英寸 一体机（第5代处理器）,一体机,品牌13,14英寸,第5代处理器,银色,16*1*1,16,BR34E,迈克,收货,上架
CaTE18LoGr,灰色 品牌04 1800 文件柜（储物锁柜）,文件柜,品牌04,1800,储物锁柜,灰色,8*1*1,8,BN23A,亚历克斯,收货,上架
OfSELAdGr,灰色 品牌08 大号 办公椅（可调节）,办公椅,品牌08,大号,可调节,灰色,16*1*1,16,AO03A,亚历克斯,收货,上架
OfOGLAdPi,粉色 品牌07 大号 办公椅（可调节）,办公椅,品牌07,大号,可调节,粉色,16*1*1,16,AX81C,克里斯,收货,上架
PrReA2AlMi,混合色 品牌24 二号纸 打印机（一体式）,打印机,品牌24,二号纸,一体式,混合色,16*1*1,16,AV18C,大卫,收货,上架
LaYn178GWh,白色 品牌15 17英寸 笔记本电脑（8吉字节内存）,笔记本电脑,品牌15,17英寸,8吉字节内存,白色,16*1*1,16,CH54A,莎拉,收货,上架
AlOv158GSi,银色 品牌13 15英寸 一体机（8吉字节内存）,一体机,品牌13,15英寸,8吉字节内存,银色,16*1*1,16,CZ48G,简,收货,上架
PrPHA3InBl,黑色 品牌12 三号纸 打印机（喷墨）,打印机,品牌12,三号纸,喷墨,黑色,16*1*1,16,CH26A,简,收货,上架
AlSu148GBl,黑色 品牌11 14英寸 一体机（8吉字节内存）,一体机,品牌11,14英寸,8吉字节内存,黑色,16*1*1,16,BT57D,劳拉,收货,上架
TaAE10FrGr,灰色 品牌05 1000 桌子（框架式）,桌子,品牌05,1000,框架式,灰色,8*1*1,8,CV08E,劳拉,收货,上架
LaRe1716Si,银色 品牌14 17英寸 笔记本电脑（16吉字节内存）,笔记本电脑,品牌14,17英寸,16吉字节内存,银色,16*1*1,16,BZ84E,大卫,收货,上架
DrWE90SlBl,黑色 品牌02 900 抽屉柜（滑动式）,抽屉柜,品牌02,900,滑动式,黑色,8*1*1,8,AS88E,简,收货,上架
DrTE12LoBe,米色 品牌04 1200 抽屉柜（储物锁柜）,抽屉柜,品牌04,1200,储物锁柜,米色,8*1*1,8,DM72E,艾米丽,收货,上架
GaOGSLeBl,黑色 品牌07 小号 游戏椅（皮革）,游戏椅,品牌07,小号,皮革,黑色,16*1*1,16,DN64E,莎拉,收货,上架
PeAl12HeGr,灰色 品牌20 12 铅笔（六角形）,铅笔,品牌20,12,六角形,灰色,48*10*5,2400,CP61A,克里斯,收货,上架
MoRe35ErBl,黑色 品牌10 350 鼠标（人体工学）,鼠标,品牌10,350,人体工学,黑色,16*10*1,160,AG46D,克里斯,收货,上架
CaQE90SlBe,米色 品牌01 900 文件柜（滑动式）,文件柜,品牌01,900,滑动式,米色,8*1*1,8,BG47F,艾米丽,收货,上架
TaAE18AdSi,银色 品牌05 1800 桌子（可调节）,桌子,品牌05,1800,可调节,银色,8*1*1,8,BO85D,劳拉,收货,上架
TVGL42FHSi,银色 品牌31 42英寸 电视机（全高清）,电视机,品牌31,42英寸,全高清,银色,8*1*1,8,BX71A,大卫,收货,上架
PrNoA4LaGr,灰色 品牌26 四号纸 打印机（激光）,打印机,品牌26,四号纸,激光,灰色,16*1*1,16,AM43A,约翰,收货,上架
PrSoA2LaMi,混合色 品牌25 二号纸 打印机（激光）,打印机,品牌25,二号纸,激光,混合色,16*1*1,16,BR49E,克里斯,收货,上架
NoMuA3ruWh,白色 品牌19 三号纸 笔记本（横线）,笔记本,品牌19,三号纸,横线,白色,48*10*5,2400,BI39E,迈克,收货,上架
PrPHA4LaWh,白色 品牌12 四号纸 打印机（激光）,打印机,品牌12,四号纸,激光,白色,16*1*1,16,BN34D,艾米丽,收货,上架
PrReA2AlBl,黑色 品牌24 二号纸 打印机（一体式）,打印机,品牌24,二号纸,一体式,黑色,16*1*1,16,AH88H,艾米丽,收货,上架
KeRe35ErNa,藏青色 品牌10 350 键盘（人体工学）,键盘,品牌10,350,人体工学,藏青色,16*10*1,160,BG96E,艾米,收货,上架
KeSu35WiWh,白色 品牌11 350 键盘（有线）,键盘,品牌11,350,有线,白色,16*10*1,160,CM56F,艾米丽,收货,上架
SPRe12HeWh,白色 品牌22 12 触控笔（六角形）,触控笔,品牌22,12,六角形,白色,48*10*5,2400,BS75B,亚历克斯,收货,上架
DrTE18FiBl,黑色 品牌04 1800 抽屉柜（文件收纳）,抽屉柜,品牌04,1800,文件收纳,黑色,8*1*1,8,CS19F,迈克,收货,上架
SPRe50WaGr,灰色 品牌22 50 触控笔（水彩）,触控笔,品牌22,50,水彩,灰色,48*10*5,2400,AF71B,大卫,收货,上架
OfSELHeGr,灰色 品牌08 大号 办公椅（头枕）,办公椅,品牌08,大号,头枕,灰色,16*1*1,16,BV22F,迈克,收货,上架
CaQE18SlGr,灰色 品牌01 1800 文件柜（滑动式）,文件柜,品牌01,1800,滑动式,灰色,8*1*1,8,CN26A,迈克,收货,上架
CaQE90SlGr,灰色 品牌01 900 文件柜（滑动式）,文件柜,品牌01,900,滑动式,灰色,8*1*1,8,BN13G,莎拉,收货,上架
OfAESErBl,黑色 品牌05 小号 办公椅（人体工学）,办公椅,品牌05,小号,人体工学,黑色,16*1*1,16,CF69D,迈克,收货,上架
LaYn1516Wh,白色 品牌15 15英寸 笔记本电脑（16吉字节内存）,笔记本电脑,品牌15,15英寸,16吉字节内存,白色,16*1*1,16,AL77F,迈克,收货,上架
TaTR15AuGr,灰色 品牌28 1500 桌子（自动调节）,桌子,品牌28,1500,自动调节,灰色,8*1*1,8,BQ22B,劳拉,收货,上架
PrPHA3InMi,混合色 品牌12 三号纸 打印机（喷墨）,打印机,品牌12,三号纸,喷墨,混合色,16*1*1,16,CK77F,艾米,收货,上架
MoSu27BlWh,白色 品牌11 270 鼠标（蓝牙）,鼠标,品牌11,270,蓝牙,白色,16*10*1,160,AW55B,简,收货,上架
LaOv14i7Gr,灰色 品牌13 14英寸 笔记本电脑（第7代处理器）,笔记本电脑,品牌13,14英寸,第7代处理器,灰色,16*1*1,16,DZ56H,劳拉,收货,上架
OfAESHeBl,黑色 品牌05 小号 办公椅（头枕）,办公椅,品牌05,小号,头枕,黑色,16*1*1,16,DF47B,艾米,收货,上架
LaYn14i7Gr,灰色 品牌15 14英寸 笔记本电脑（第7代处理器）,笔记本电脑,品牌15,14英寸,第7代处理器,灰色,16*1*1,16,BT98B,克里斯,收货,上架
DrQE12SlGr,灰色 品牌01 1200 抽屉柜（滑动式）,抽屉柜,品牌01,1200,滑动式,灰色,8*1*1,8,CL50E,克里斯,收货,上架
KeHc35ErPi,粉色 品牌09 350 键盘（人体工学）,键盘,品牌09,350,人体工学,粉色,16*10*1,160,BV96D,简,收货,上架
TVGL50SFGr,灰色 品牌31 50英寸 电视机（超级全高清）,电视机,品牌31,50英寸,超级全高清,灰色,8*1*1,8,DZ64H,艾米丽,收货,上架
AlSu17i5Si,银色 品牌11 17英寸 一体机（第5代处理器）,一体机,品牌11,17英寸,第5代处理器,银色,16*1*1,16,AV10G,艾米丽,收货,上架
CaQE90SlBe,米色 品牌01 900 文件柜（滑动式）,文件柜,品牌01,900,滑动式,米色,8*1*1,8,BS56F,莎拉,收货,上架
TVEs75FHWh,白色 品牌32 75英寸 电视机（全高清）,电视机,品牌32,75英寸,全高清,白色,8*1*1,8,AO56C,迈克,收货,上架
PeGi50WaGr,灰色 品牌21 50 铅笔（水彩）,铅笔,品牌21,50,水彩,灰色,48*10*5,2400,BY90B,莎拉,收货,上架
OfOGSLeWh,白色 品牌07 小号 办公椅（皮革）,办公椅,品牌07,小号,皮革,白色,16*1*1,16,CW37F,艾米丽,收货,上架
TaTR10FrGr,灰色 品牌29 1000 桌子（框架式）,桌子,品牌29,1000,框架式,灰色,8*1*1,8,CH62D,艾米丽,收货,上架
PrSoA2InMi,混合色 品牌25 二号纸 打印机（喷墨）,打印机,品牌25,二号纸,喷墨,混合色,16*1*1,16,CT73A,克里斯,收货,上架
TVGL42SFBl,黑色 品牌31 42英寸 电视机（超级全高清）,电视机,品牌31,42英寸,超级全高清,黑色,8*1*1,8,CJ72E,劳拉,收货,上架
NoScA5liBl,黑色 品牌17 五号纸 笔记本（线条）,笔记本,品牌17,五号纸,线条,黑色,48*10*5,2400,DO16H,大卫,收货,上架
OfOGLAdBl,黑色 品牌07 大号 办公椅（可调节）,办公椅,品牌07,大号,可调节,黑色,16*1*1,16,AJ02G,大卫,收货,上架
AlRe1432Wh,白色 品牌14 14英寸 一体机（32吉字节内存）,一体机,品牌14,14英寸,32吉字节内存,白色,16*1*1,16,AP77H,简,收货,上架
DrQE12SlGr,灰色 品牌01 1200 抽屉柜（滑动式）,抽屉柜,品牌01,1200,滑动式,灰色,8*1*1,8,BW42F,迈克,收货,上架
PrPHA3InMi,混合色 品牌12 三号纸 打印机（喷墨）,打印机,品牌12,三号纸,喷墨,混合色,16*1*1,16,CM97H,艾米丽,收货,上架
AlYn15i7Wh,白色 品牌15 15英寸 一体机（第7代处理器）,一体机,品牌15,15英寸,第7代处理器,白色,16*1*1,16,BP75E,劳拉,收货,上架
DrQE90SlGr,灰色 品牌01 900 抽屉柜（滑动式）,抽屉柜,品牌01,900,滑动式,灰色,8*1*1,8,CO40D,亚历克斯,收货,上架
MoRe45WiNa,藏青色 品牌10 450 鼠标（有线）,鼠标,品牌10,450,有线,藏青色,16*10*1,160,AX57G,劳拉,收货,上架
SPGi12HeBl,黑色 品牌21 12 触控笔（六角形）,触控笔,品牌21,12,六角形,黑色,48*10*5,2400,CZ55A,约翰,收货,上架
DrRG90LoBl,黑色 品牌03 900 抽屉柜（储物锁柜）,抽屉柜,品牌03,900,储物锁柜,黑色,8*1*1,8,DS79G,克里斯,收货,上架
KePH45BlPi,粉色 品牌12 450 键盘（蓝牙）,键盘,品牌12,450,蓝牙,粉色,16*10*1,160,DZ45C,莎拉,收货,上架
AlRe1432Bl,黑色 品牌14 14英寸 一体机（32吉字节内存）,一体机,品牌14,14英寸,32吉字节内存,黑色,16*1*1,16,AH70H,大卫,收货,上架
CuTE12LoBl,黑色 品牌04 1200 储物柜（储物锁柜）,储物柜,品牌04,1200,储物锁柜,黑色,8*1*1,8,CP01C,迈克,收货,上架
PrReA4WiMi,混合色 品牌24 四号纸 打印机（无线网络）,打印机,品牌24,四号纸,无线网络,混合色,16*1*1,16,AO03G,简,收货,上架
AlOv17i5Si,银色 品牌13 17英寸 一体机（第5代处理器）,一体机,品牌13,17英寸,第5代处理器,银色,16*1*1,16,AL37G,艾米丽,收货,上架
SPNa24HeBl,黑色 品牌23 24 触控笔（六角形）,触控笔,品牌23,24,六角形,黑色,48*10*5,2400,BW15A,莎拉,收货,上架
OfOGSAdPi,粉色 品牌07 小号 办公椅（可调节）,办公椅,品牌07,小号,可调节,粉色,16*1*1,16,DO26C,莎拉,收货,上架
DrTE12SlGr,灰色 品牌04 1200 抽屉柜（滑动式）,抽屉柜,品牌04,1200,滑动式,灰色,8*1*1,8,DQ33D,约翰,收货,上架
NoGrA5doBl,黑色 品牌18 五号纸 笔记本（点阵）,笔记本,品牌18,五号纸,点阵,黑色,48*10*5,2400,CF86C,莎拉,收货,上架
CaRG18FiBl,黑色 品牌03 1800 文件柜（文件收纳）,文件柜,品牌03,1800,文件收纳,黑色,8*1*1,8,BP43D,亚历克斯,收货,上架
OfAESErWh,白色 品牌05 小号 办公椅（人体工学）,办公椅,品牌05,小号,人体工学,白色,16*1*1,16,DP83C,艾米丽,收货,上架
LaOv1532Bl,黑色 品牌13 15英寸 笔记本电脑（32吉字节内存）,笔记本电脑,品牌13,15英寸,32吉字节内存,黑色,16*1*1,16,AR75E,艾米丽,收货,上架
LaRe15i5Gr,灰色 品牌14 15英寸 笔记本电脑（第5代处理器）,笔记本电脑,品牌14,15英寸,第5代处理器,灰色,16*1*1,16,DU84B,劳拉,收货,上架
PrNoA3InWh,白色 品牌26 三号纸 打印机（喷墨）,打印机,品牌26,三号纸,喷墨,白色,16*1*1,16,AM36A,克里斯,收货,上架
PrNoA2InMi,混合色 品牌26 二号纸 打印机（喷墨）,打印机,品牌26,二号纸,喷墨,混合色,16*1*1,16,BV44G,亚历克斯,收货,上架
CuTE90DoWh,白色 品牌04 900 储物柜（带门式）,储物柜,品牌04,900,带门式,白色,8*1*1,8,DF11F,大卫,收货,上架
PeRe50SoWh,白色 品牌22 50 铅笔（可溶性）,铅笔,品牌22,50,可溶性,白色,48*10*5,2400,AF62A,大卫,收货,上架
DrRG12SlBl,黑色 品牌03 1200 抽屉柜（滑动式）,抽屉柜,品牌03,1200,滑动式,黑色,8*1*1,8,BI14G,艾米,收货,上架
OfXEMAdWh,白色 品牌06 中号 办公椅（可调节）,办公椅,品牌06,中号,可调节,白色,16*1*1,16,BX19E,艾米丽,收货,上架
TaTR10AuBl,黑色 品牌28 1000 桌子（自动调节）,桌子,品牌28,1000,自动调节,黑色,8*1*1,8,CN53B,迈克,收货,上架
CuQE18LoBe,米色 品牌01 1800 储物柜（储物锁柜）,储物柜,品牌01,1800,储物锁柜,米色,8*1*1,8,BY48C,劳拉,收货,上架
TaAE15AuWh,白色 品牌05 1500 桌子（自动调节）,桌子,品牌05,1500,自动调节,白色,8*1*1,8,AX58A,劳拉,收货,上架
OfSEMHeBl,黑色 品牌08 中号 办公椅（头枕）,办公椅,品牌08,中号,头枕,黑色,16*1*1,16,AU91D,劳拉,收货,上架
TaCI18AdWh,白色 品牌27 1800 桌子（可调节）,桌子,品牌27,1800,可调节,白色,8*1*1,8,BU07E,约翰,收货,上架
LaSu15i5Wh,白色 品牌11 15英寸 笔记本电脑（第5代处理器）,笔记本电脑,品牌11,15英寸,第5代处理器,白色,16*1*1,16,DG02E,莎拉,收货,上架
PeRe24HeBl,黑色 品牌22 24 铅笔（六角形）,铅笔,品牌22,24,六角形,黑色,48*10*5,2400,CQ80A,艾米,收货,上架
NoGrA5liGr,灰色 品牌18 五号纸 笔记本（线条）,笔记本,品牌18,五号纸,线条,灰色,48*10*5,2400,AU27A,约翰,收货,上架
MoHc35BlBl,黑色 品牌09 350 鼠标（蓝牙）,鼠标,品牌09,350,蓝牙,黑色,16*10*1,160,DL10E,劳拉,收货,上架
GaSEMLeBl,黑色 品牌08 中号 游戏椅（皮革）,游戏椅,品牌08,中号,皮革,黑色,16*1*1,16,DJ77E,艾米,收货,上架
TaTR18AuWh,白色 品牌29 1800 桌子（自动调节）,桌子,品牌29,1800,自动调节,白色,8*1*1,8,AK55B,大卫,收货,上架
SPRe50HeGr,灰色 品牌22 50 触控笔（六角形）,触控笔,品牌22,50,六角形,灰色,48*10*5,2400,DK81G,约翰,收货,上架
DrWE18SlWh,白色 品牌02 1800 抽屉柜（滑动式）,抽屉柜,品牌02,1800,滑动式,白色,8*1*1,8,DJ40E,亚历克斯,收货,上架
MoHc27BlBl,黑色 品牌09 270 鼠标（蓝牙）,鼠标,品牌09,270,蓝牙,黑色,16*10*1,160,AI82C,艾米,收货,上架
AlRe1532Wh,白色 品牌14 15英寸 一体机（32吉字节内存）,一体机,品牌14,15英寸,32吉字节内存,白色,16*1*1,16,CF01F,大卫,收货,上架
AlYn1716Bl,黑色 品牌15 17英寸 一体机（16吉字节内存）,一体机,品牌15,17英寸,16吉字节内存,黑色,16*1*1,16,AH48D,艾米丽,收货,上架
TaAE10FrBl,黑色 品牌05 1000 桌子（框架式）,桌子,品牌05,1000,框架式,黑色,8*1*1,8,CF79H,大卫,收货,上架
GaSEMAdWh,白色 品牌08 中号 游戏椅（可调节）,游戏椅,品牌08,中号,可调节,白色,16*1*1,16,DU73E,克里斯,收货,上架
PrPHA3AlBl,黑色 品牌12 三号纸 打印机（一体式）,打印机,品牌12,三号纸,一体式,黑色,16*1*1,16,AF32B,迈克,收货,上架
TVEs504KBl,黑色 品牌32 50英寸 电视机（超高清）,电视机,品牌32,50英寸,超高清,黑色,8*1*1,8,BH82B,莎拉,收货,上架
PeRe50HeBl,黑色 品牌22 50 铅笔（六角形）,铅笔,品牌22,50,六角形,黑色,48*10*5,2400,AS16H,艾米,收货,上架
TaCI18WoBl,黑色 品牌27 1800 桌子（工作站）,桌子,品牌27,1800,工作站,黑色,8*1*1,8,BH46B,莎拉,收货,上架
PrNoA3LaWh,白色 品牌26 三号纸 打印机（激光）,打印机,品牌26,三号纸,激光,白色,16*1*1,16,DP76A,艾米,收货,上架
TaTR18AdGr,灰色 品牌29 1800 桌子（可调节）,桌子,品牌29,1800,可调节,灰色,8*1*1,8,BW65D,克里斯,收货,上架
MoRe27ErBl,黑色 品牌10 270 鼠标（人体工学）,鼠标,品牌10,270,人体工学,黑色,16*10*1,160,BL10H,莎拉,收货,上架
PrNoA3InBl,黑色 品牌26 三号纸 打印机（喷墨）,打印机,品牌26,三号纸,喷墨,黑色,16*1*1,16,CW45B,艾米,收货,上架
CuWE18LoWh,白色 品牌02 1800 储物柜（储物锁柜）,储物柜,品牌02,1800,储物锁柜,白色,8*1*1,8,BN13D,莎拉,收货,上架
OfXESLePi,粉色 品牌06 小号 办公椅（皮革）,办公椅,品牌06,小号,皮革,粉色,16*1*1,16,DW91G,约翰,收货,上架
DrTE12SlBe,米色 品牌04 1200 抽屉柜（滑动式）,抽屉柜,品牌04,1200,滑动式,米色,8*1*1,8,AL05A,艾米,收货,上架
GaAEMLeGr,灰色 品牌05 中号 游戏椅（皮革）,游戏椅,品牌05,中号,皮革,灰色,16*1*1,16,BS35F,亚历克斯,收货,上架
OfXELAdPi,粉色 品牌06 大号 办公椅（可调节）,办公椅,品牌06,大号,可调节,粉色,16*1*1,16,BI92G,亚历克斯,收货,上架
GaXESLeBl,黑色 品牌06 小号 游戏椅（皮革）,游戏椅,品牌06,小号,皮革,黑色,16*1*1,16,DQ91A,约翰,收货,上架
DrTE12DoBl,黑色 品牌04 1200 抽屉柜（带门式）,抽屉柜,品牌04,1200,带门式,黑色,8*1*1,8,CI40C,劳拉,收货,上架
GaXEMErBl,黑色 品牌06 中号 游戏椅（人体工学）,游戏椅,品牌06,中号,人体工学,黑色,16*1*1,16,AT77A,亚历克斯,收货,上架
KeHc45MePi,粉色 品牌09 450 键盘（机械式）,键盘,品牌09,450,机械式,粉色,16*10*1,160,AZ98H,莎拉,收货,上架
NoScA3ruBl,黑色 品牌17 三号纸 笔记本（横线）,笔记本,品牌17,三号纸,横线,黑色,48*10*5,2400,AI74B,艾米丽,收货,上架
PeRe24SoPi,粉色 品牌22 24 铅笔（可溶性）,铅笔,品牌22,24,可溶性,粉色,48*10*5,2400,BY15G,艾米丽,收货,上架
OfXELLeGr,灰色 品牌06 大号 办公椅（皮革）,办公椅,品牌06,大号,皮革,灰色,16*1*1,16,DJ06F,艾米,收货,上架
AlRe1432Bl,黑色 品牌14 14英寸 一体机（32吉字节内存）,一体机,品牌14,14英寸,32吉字节内存,黑色,16*1*1,16,CM02B,莎拉,收货,上架
PrSoA4AlGr,灰色 品牌25 四号纸 打印机（一体式）,打印机,品牌25,四号纸,一体式,灰色,16*1*1,16,CJ29G,约翰,收货,上架
TaTR15WoWh,白色 品牌28 1500 桌子（工作站）,桌子,品牌28,1500,工作站,白色,8*1*1,8,CF35E,克里斯,收货,上架
PrNoA3AlBl,黑色 品牌26 三号纸 打印机（一体式）,打印机,品牌26,三号纸,一体式,黑色,16*1*1,16,BM91B,莎拉,收货,上架
CuTE90SlBl,黑色 品牌04 900 储物柜（滑动式）,储物柜,品牌04,900,滑动式,黑色,8*1*1,8,BV83E,大卫,收货,上架
AlRe14i7Gr,灰色 品牌14 14英寸 一体机（第7代处理器）,一体机,品牌14,14英寸,第7代处理器,灰色,16*1*1,16,AQ34G,约翰,收货,上架
GaSEMHePi,粉色 品牌08 中号 游戏椅（头枕）,游戏椅,品牌08,中号,头枕,粉色,16*1*1,16,AZ18A,莎拉,收货,上架
CuQE90DoGr,灰色 品牌01 900 储物柜（带门式）,储物柜,品牌01,900,带门式,灰色,8*1*1,8,BU17E,莎拉,收货,上架
TVEs75SFBl,黑色 品牌32 75英寸 电视机（超级全高清）,电视机,品牌32,75英寸,超级全高清,黑色,8*1*1,8,CQ23F,迈克,收货,上架
PrPHA3AlBl,黑色 品牌12 三号纸 打印机（一体式）,打印机,品牌12,三号纸,一体式,黑色,16*1*1,16,BS16D,简,收货,上架
GaAESErPi,粉色 品牌05 小号 游戏椅（人体工学）,游戏椅,品牌05,小号,人体工学,粉色,16*1*1,16,DZ77D,大卫,收货,上架
TaAE10AuSi,银色 品牌05 1000 桌子（自动调节）,桌子,品牌05,1000,自动调节,银色,8*1*1,8,DL39C,简,收货,上架
PeRe24WaGr,灰色 品牌22 24 铅笔（水彩）,铅笔,品牌22,24,水彩,灰色,48*10*5,2400,AF78C,迈克,收货,上架
PrNoA2AlWh,白色 品牌26 二号纸 打印机（一体式）,打印机,品牌26,二号纸,一体式,白色,16*1*1,16,DP93F,迈克,收货,上架
TVYn65S4Si,银色 品牌15 65英寸 电视机（超级超高清）,电视机,品牌15,65英寸,超级超高清,银色,8*1*1,8,BI15E,劳拉,收货,上架
DrQE18LoBl,黑色 品牌01 1800 抽屉柜（储物锁柜）,抽屉柜,品牌01,1800,储物锁柜,黑色,8*1*1,8,BU28G,简,收货,上架
AlYn17i7Bl,黑色 品牌15 17英寸 一体机（第7代处理器）,一体机,品牌15,17英寸,第7代处理器,黑色,16*1*1,16,AT06D,亚历克斯,收货,上架
LaYn1516Gr,灰色 品牌15 15英寸 笔记本电脑（16吉字节内存）,笔记本电脑,品牌15,15英寸,16吉字节内存,灰色,16*1*1,16,BK96D,简,收货,上架
CuRG18LoGr,灰色 品牌03 1800 储物柜（储物锁柜）,储物柜,品牌03,1800,储物锁柜,灰色,8*1*1,8,DO55A,艾米丽,收货,上架
LaYn1716Wh,白色 品牌15 17英寸 笔记本电脑（16吉字节内存）,笔记本电脑,品牌15,17英寸,16吉字节内存,白色,16*1*1,16,CW24H,艾米丽,收货,上架
KeHc35WiPi,粉色 品牌09 350 键盘（有线）,键盘,品牌09,350,有线,粉色,16*10*1,160,AO93C,迈克,收货,上架
TVGL75FHGr,灰色 品牌31 75英寸 电视机（全高清）,电视机,品牌31,75英寸,全高清,灰色,8*1*1,8,DH65H,艾米丽,收货,上架
KePH27ErWh,白色 品牌12 270 键盘（人体工学）,键盘,品牌12,270,人体工学,白色,16*10*1,160,CL65D,艾米丽,收货,上架
GaAELLeGr,灰色 品牌05 大号 游戏椅（皮革）,游戏椅,品牌05,大号,皮革,灰色,16*1*1,16,CF24B,克里斯,收货,上架
AlOv178GWh,白色 品牌13 17英寸 一体机（8吉字节内存）,一体机,品牌13,17英寸,8吉字节内存,白色,16*1*1,16,CX15A,亚历克斯,收货,上架
DrRG18LoGr,灰色 品牌03 1800 抽屉柜（储物锁柜）,抽屉柜,品牌03,1800,储物锁柜,灰色,8*1*1,8,AT68A,克里斯,收货,上架
MoRe35WiNa,藏青色 品牌10 350 鼠标（有线）,鼠标,品牌10,350,有线,藏青色,16*10*1,160,AO79B,大卫,收货,上架
CuRG90FiGr,灰色 品牌03 900 储物柜（文件收纳）,储物柜,品牌03,900,文件收纳,灰色,8*1*1,8,AY95E,劳拉,收货,上架
DrWE18DoWh,白色 品牌02 1800 抽屉柜（带门式）,抽屉柜,品牌02,1800,带门式,白色,8*1*1,8,BF75H,艾米丽,收货,上架
LaYn178GSi,银色 品牌15 17英寸 笔记本电脑（8吉字节内存）,笔记本电脑,品牌15,17英寸,8吉字节内存,银色,16*1*1,16,AL48B,克里斯,收货,上架
TVEs65S4Bl,黑色 品牌32 65英寸 电视机（超级超高清）,电视机,品牌32,65英寸,超级超高清,黑色,8*1*1,8,BZ67E,艾米,收货,上架
NoScA5ruBl,黑色 品牌17 五号纸 笔记本（横线）,笔记本,品牌17,五号纸,横线,黑色,48*10*5,2400,AS93C,艾米丽,收货,上架
OfXEMHePi,粉色 品牌06 中号 办公椅（头枕）,办公椅,品牌06,中号,头枕,粉色,16*1*1,16,DH53E,迈克,收货,上架
TaTR18FrBl,黑色 品牌28 1800 桌子（框架式）,桌子,品牌28,1800,框架式,黑色,8*1*1,8,DS45D,迈克,收货,上架
TaTR15WoGr,灰色 品牌29 1500 桌子（工作站）,桌子,品牌29,1500,工作站,灰色,8*1*1,8,BS10A,艾米,收货,上架
PrPHA3WiWh,白色 品牌12 三号纸 打印机（无线网络）,打印机,品牌12,三号纸,无线网络,白色,16*1*1,16,DO92H,劳拉,收货,上架
PrNoA2AlGr,灰色 品牌26 二号纸 打印机（一体式）,打印机,品牌26,二号纸,一体式,灰色,16*1*1,16,DR25C,克里斯,收货,上架
TVYn654KGr,灰色 品牌15 65英寸 电视机（超高清）,电视机,品牌15,65英寸,超高清,灰色,8*1*1,8,CN90E,亚历克斯,收货,上架
LaSu1416Bl,黑色 品牌11 14英寸 笔记本电脑（16吉字节内存）,笔记本电脑,品牌11,14英寸,16吉字节内存,黑色,16*1*1,16,CN59A,大卫,收货,上架
AlOv17i5Si,银色 品牌13 17英寸 一体机（第5代处理器）,一体机,品牌13,17英寸,第5代处理器,银色,16*1*1,16,AX14A,艾米,收货,上架
SPAl24WaGr,灰色 品牌20 24 触控笔（水彩）,触控笔,品牌20,24,水彩,灰色,48*10*5,2400,CH69C,大卫,收货,上架
DrRG90LoWh,白色 品牌03 900 抽屉柜（储物锁柜）,抽屉柜,品牌03,900,储物锁柜,白色,8*1*1,8,DY16H,简,收货,上架
GaSELLeGr,灰色 品牌08 大号 游戏椅（皮革）,游戏椅,品牌08,大号,皮革,灰色,16*1*1,16,DL38E,亚历克斯,收货,上架
TaTR10AdBl,黑色 品牌28 1000 桌子（可调节）,桌子,品牌28,1000,可调节,黑色,8*1*1,8,DM14H,艾米,收货,上架
AlRe15i7Wh,白色 品牌14 15英寸 一体机（第7代处理器）,一体机,品牌14,15英寸,第7代处理器,白色,16*1*1,16,CR71H,大卫,收货,上架
MoPH27WiWh,白色 品牌12 270 鼠标（有线）,鼠标,品牌12,270,有线,白色,16*10*1,160,BS91E,莎拉,收货,上架
MoHc35MeNa,藏青色 品牌09 350 鼠标（机械式）,鼠标,品牌09,350,机械式,藏青色,16*10*1,160,CG15D,莎拉,收货,上架
KeRe27MePi,粉色 品牌10 270 键盘（机械式）,键盘,品牌10,270,机械式,粉色,16*10*1,160,DH76C,艾米,收货,上架
LaSu1732Bl,黑色 品牌11 17英寸 笔记本电脑（32吉字节内存）,笔记本电脑,品牌11,17英寸,32吉字节内存,黑色,16*1*1,16,DU26B,简,收货,上架
NoGrA5ruWh,白色 品牌18 五号纸 笔记本（横线）,笔记本,品牌18,五号纸,横线,白色,48*10*5,2400,DU22H,迈克,收货,上架
PrReA4AlGr,灰色 品牌24 四号纸 打印机（一体式）,打印机,品牌24,四号纸,一体式,灰色,16*1*1,16,CQ02H,约翰,收货,上架
KeHc35WiBl,黑色 品牌09 350 键盘（有线）,键盘,品牌09,350,有线,黑色,16*10*1,160,DX91D,迈克,收货,上架
KeRe35ErBl,黑色 品牌10 350 键盘（人体工学）,键盘,品牌10,350,人体工学,黑色,16*10*1,160,BN63E,劳拉,收货,上架
NoMuA3doBl,黑色 品牌19 三号纸 笔记本（点阵）,笔记本,品牌19,三号纸,点阵,黑色,48*10*5,2400,AP31H,莎拉,收货,上架
CaRG12SlGr,灰色 品牌03 1200 文件柜（滑动式）,文件柜,品牌03,1200,滑动式,灰色,8*1*1,8,DM64G,迈克,收货,上架
AlPH1516Bl,黑色 品牌12 15英寸 一体机（16吉字节内存）,一体机,品牌12,15英寸,16吉字节内存,黑色,16*1*1,16,AW80H,莎拉,收货,上架
AlRe1516Gr,灰色 品牌14 15英寸 一体机（16吉字节内存）,一体机,品牌14,15英寸,16吉字节内存,灰色,16*1*1,16,DU78G,迈克,收货,上架
PeNa24SoBl,黑色 品牌23 24 铅笔（可溶性）,铅笔,品牌23,24,可溶性,黑色,48*10*5,2400,AQ88E,艾米丽,收货,上架
CaTE12SlBe,米色 品牌04 1200 文件柜（滑动式）,文件柜,品牌04,1200,滑动式,米色,8*1*1,8,BH86E,约翰,收货,上架
OfXEMLePi,粉色 品牌06 中号 办公椅（皮革）,办公椅,品牌06,中号,皮革,粉色,16*1*1,16,AX07G,迈克,收货,上架
AlOv17i5Bl,黑色 品牌13 17英寸 一体机（第5代处理器）,一体机,品牌13,17英寸,第5代处理器,黑色,16*1*1,16,DV28E,克里斯,收货,上架
AlSu1432Wh,白色 品牌11 14英寸 一体机（32吉字节内存）,一体机,品牌11,14英寸,32吉字节内存,白色,16*1*1,16,BI10G,艾米,收货,上架
AlOv1732Bl,黑色 品牌13 17英寸 一体机（32吉字节内存）,一体机,品牌13,17英寸,32吉字节内存,黑色,16*1*1,16,BR08H,艾米丽,收货,上架
NoScA5ruWh,白色 品牌17 五号纸 笔记本（横线）,笔记本,品牌17,五号纸,横线,白色,48*10*5,2400,AT41C,劳拉,收货,上架
TVEs42SFSi,银色 品牌32 42英寸 电视机（超级全高清）,电视机,品牌32,42英寸,超级全高清,银色,8*1*1,8,BQ81G,劳拉,收货,上架
LaPH1416Si,银色 品牌12 14英寸 笔记本电脑（16吉字节内存）,笔记本电脑,品牌12,14英寸,16吉字节内存,银色,16*1*1,16,DG36F,约翰,收货,上架
TVEs75SFWh,白色 品牌32 75英寸 电视机（超级全高清）,电视机,品牌32,75英寸,超级全高清,白色,8*1*1,8,BM85E,艾米,收货,上架
CuTE90SlWh,白色 品牌04 900 储物柜（滑动式）,储物柜,品牌04,900,滑动式,白色,8*1*1,8,AI52F,约翰,收货,上架
LaPH14i7Wh,白色 品牌12 14英寸 笔记本电脑（第7代处理器）,笔记本电脑,品牌12,14英寸,第7代处理器,白色,16*1*1,16,AU12H,劳拉,收货,上架
AlSu1516Si,银色 品牌11 15英寸 一体机（16吉字节内存）,一体机,品牌11,15英寸,16吉字节内存,银色,16*1*1,16,DG15D,约翰,收货,上架
CaWE90SlGr,灰色 品牌02 900 文件柜（滑动式）,文件柜,品牌02,900,滑动式,灰色,8*1*1,8,BY06B,亚历克斯,收货,上架
LaRe17i5Gr,灰色 品牌14 17英寸 笔记本电脑（第5代处理器）,笔记本电脑,品牌14,17英寸,第5代处理器,灰色,16*1*1,16,DJ62E,亚历克斯,收货,上架
LaPH1732Wh,白色 品牌12 17英寸 笔记本电脑（32吉字节内存）,笔记本电脑,品牌12,17英寸,32吉字节内存,白色,16*1*1,16,AQ03E,克里斯,收货,上架
CuQE18FiBe,米色 品牌01 1800 储物柜（文件收纳）,储物柜,品牌01,1800,文件收纳,米色,8*1*1,8,CS10E,大卫,收货,上架
DrRG12SlBe,米色 品牌03 1200 抽屉柜（滑动式）,抽屉柜,品牌03,1200,滑动式,米色,8*1*1,8,DF76F,迈克,收货,上架
PrNoA3InGr,灰色 品牌26 三号纸 打印机（喷墨）,打印机,品牌26,三号纸,喷墨,灰色,16*1*1,16,DX21A,迈克,收货,上架
CuRG18SlBl,黑色 品牌03 1800 储物柜（滑动式）,储物柜,品牌03,1800,滑动式,黑色,8*1*1,8,CU15E,简,收货,上架
CuRG12SlGr,灰色 品牌03 1200 储物柜（滑动式）,储物柜,品牌03,1200,滑动式,灰色,8*1*1,8,DL25F,迈克,收货,上架
DrQE18SlGr,灰色 品牌01 1800 抽屉柜（滑动式）,抽屉柜,品牌01,1800,滑动式,灰色,8*1*1,8,CW19E,艾米,收货,上架
PeRe50WaBl,黑色 品牌22 50 铅笔（水彩）,铅笔,品牌22,50,水彩,黑色,48*10*5,2400,AF06C,大卫,收货,上架
SPNa24SoGr,灰色 品牌23 24 触控笔（可溶性）,触控笔,品牌23,24,可溶性,灰色,48*10*5,2400,DS63H,亚历克斯,收货,上架
PrNoA3InWh,白色 品牌26 三号纸 打印机（喷墨）,打印机,品牌26,三号纸,喷墨,白色,16*1*1,16,AN39B,大卫,收货,上架
PrPHA2InMi,混合色 品牌12 二号纸 打印机（喷墨）,打印机,品牌12,二号纸,喷墨,混合色,16*1*1,16,BG88F,大卫,收货,上架
LaSu1532Gr,灰色 品牌11 15英寸 笔记本电脑（32吉字节内存）,笔记本电脑,品牌11,15英寸,32吉字节内存,灰色,16*1*1,16,BP40D,亚历克斯,收货,上架
LaOv14i7Gr,灰色 品牌13 14英寸 笔记本电脑（第7代处理器）,笔记本电脑,品牌13,14英寸,第7代处理器,灰色,16*1*1,16,BI85G,简,收货,上架
DrRG90SlBl,黑色 品牌03 900 抽屉柜（滑动式）,抽屉柜,品牌03,900,滑动式,黑色,8*1*1,8,DQ31G,简,收货,上架
KeRe45ErWh,白色 品牌10 450 键盘（人体工学）,键盘,品牌10,450,人体工学,白色,16*10*1,160,AO89C,迈克,收货,上架
KeHc45ErNa,藏青色 品牌09 450 键盘（人体工学）,键盘,品牌09,450,人体工学,藏青色,16*10*1,160,AX46D,克里斯,收货,上架
OfAELHeGr,灰色 品牌05 大号 办公椅（头枕）,办公椅,品牌05,大号,头枕,灰色,16*1*1,16,DL57B,艾米丽,收货,上架
OfOGLAdPi,粉色 品牌07 大号 办公椅（可调节）,办公椅,品牌07,大号,可调节,粉色,16*1*1,16,AI70F,劳拉,收货,上架
GaXEMAdWh,白色 品牌06 中号 游戏椅（可调节）,游戏椅,品牌06,中号,可调节,白色,16*1*1,16,BV40F,艾米,收货,上架
CaRG90FiBl,黑色 品牌03 900 文件柜（文件收纳）,文件柜,品牌03,900,文件收纳,黑色,8*1*1,8,DW33A,简,收货,上架
NoMuA4liWh,白色 品牌19 四号纸 笔记本（线条）,笔记本,品牌19,四号纸,线条,白色,48*10*5,2400,CL01D,劳拉,收货,上架
PrReA3MoWh,白色 品牌24 三号纸 打印机（黑白）,打印机,品牌24,三号纸,黑白,白色,16*1*1,16,BH94G,亚历克斯,收货,上架
AlYn15i5Gr,灰色 品牌15 15英寸 一体机（第5代处理器）,一体机,品牌15,15英寸,第5代处理器,灰色,16*1*1,16,DJ26H,艾米丽,收货,上架
DrRG12SlBe,米色 品牌03 1200 抽屉柜（滑动式）,抽屉柜,品牌03,1200,滑动式,米色,8*1*1,8,DX41E,简,收货,上架
PrSoA2InWh,白色 品牌25 二号纸 打印机（喷墨）,打印机,品牌25,二号纸,喷墨,白色,16*1*1,16,DI93C,艾米丽,收货,上架
LaRe148GGr,灰色 品牌14 14英寸 笔记本电脑（8吉字节内存）,笔记本电脑,品牌14,14英寸,8吉字节内存,灰色,16*1*1,16,BG63A,大卫,收货,上架
CuQE18FiBe,米色 品牌01 1800 储物柜（文件收纳）,储物柜,品牌01,1800,文件收纳,米色,8*1*1,8,CI40E,大卫,收货,上架
LaOv148GGr,灰色 品牌13 14英寸 笔记本电脑（8吉字节内存）,笔记本电脑,品牌13,14英寸,8吉字节内存,灰色,16*1*1,16,BM64G,劳拉,收货,上架
MoPH45WiWh,白色 品牌12 450 鼠标（有线）,鼠标,品牌12,450,有线,白色,16*10*1,160,DF35E,艾米丽,收货,上架
TaCI18WoWh,白色 品牌27 1800 桌子（工作站）,桌子,品牌27,1800,工作站,白色,8*1*1,8,CS53H,亚历克斯,收货,上架
GaSESHeGr,灰色 品牌08 小号 游戏椅（头枕）,游戏椅,品牌08,小号,头枕,灰色,16*1*1,16,CO35A,大卫,收货,上架
LaRe15i5Gr,灰色 品牌14 15英寸 笔记本电脑（第5代处理器）,笔记本电脑,品牌14,15英寸,第5代处理器,灰色,16*1*1,16,CP98C,亚历克斯,收货,上架
DrQE12FiBl,黑色 品牌01 1200 抽屉柜（文件收纳）,抽屉柜,品牌01,1200,文件收纳,黑色,8*1*1,8,DO59D,大卫,收货,上架
CaQE90FiWh,白色 品牌01 900 文件柜（文件收纳）,文件柜,品牌01,900,文件收纳,白色,8*1*1,8,DX08C,劳拉,收货,上架
DrRG90FiBe,米色 品牌03 900 抽屉柜（文件收纳）,抽屉柜,品牌03,900,文件收纳,米色,8*1*1,8,CS23C,艾米,收货,上架
DrWE18DoWh,白色 品牌02 1800 抽屉柜（带门式）,抽屉柜,品牌02,1800,带门式,白色,8*1*1,8,DQ24C,大卫,收货,上架
PeRe12SoBl,黑色 品牌22 12 铅笔（可溶性）,铅笔,品牌22,12,可溶性,黑色,48*10*5,2400,BU07H,简,收货,上架
PrSoA2MoGr,灰色 品牌25 二号纸 打印机（黑白）,打印机,品牌25,二号纸,黑白,灰色,16*1*1,16,CX12A,艾米,收货,上架
KeRe45ErBl,黑色 品牌10 450 键盘（人体工学）,键盘,品牌10,450,人体工学,黑色,16*10*1,160,AM60H,艾米丽,收货,上架
CaWE90FiBe,米色 品牌02 900 文件柜（文件收纳）,文件柜,品牌02,900,文件收纳,米色,8*1*1,8,AO90A,劳拉,收货,上架
CuWE18LoWh,白色 品牌02 1800 储物柜（储物锁柜）,储物柜,品牌02,1800,储物锁柜,白色,8*1*1,8,CS54G,亚历克斯,收货,上架
SPNa50HePi,粉色 品牌23 50 触控笔（六角形）,触控笔,品牌23,50,六角形,粉色,48*10*5,2400,CI97H,克里斯,收货,上架
GaOGLErBl,黑色 品牌07 大号 游戏椅（人体工学）,游戏椅,品牌07,大号,人体工学,黑色,16*1*1,16,DZ13D,艾米,收货,上架
AlRe158GWh,白色 品牌14 15英寸 一体机（8吉字节内存）,一体机,品牌14,15英寸,8吉字节内存,白色,16*1*1,16,BV75H,克里斯,收货,上架
AlYn17i5Si,银色 品牌15 17英寸 一体机（第5代处理器）,一体机,品牌15,17英寸,第5代处理器,银色,16*1*1,16,AS10H,劳拉,收货,上架
LaPH17i7Gr,灰色 品牌12 17英寸 笔记本电脑（第7代处理器）,笔记本电脑,品牌12,17英寸,第7代处理器,灰色,16*1*1,16,CZ11B,简,收货,上架
TVGL75S4Gr,灰色 品牌31 75英寸 电视机（超级超高清）,电视机,品牌31,75英寸,超级超高清,灰色,8*1*1,8,CG83D,迈克,收货,上架
AlOv1416Wh,白色 品牌13 14英寸 一体机（16吉字节内存）,一体机,品牌13,14英寸,16吉字节内存,白色,16*1*1,16,CG50G,莎拉,收货,上架
KeHc27WiWh,白色 品牌09 270 键盘（有线）,键盘,品牌09,270,有线,白色,16*10*1,160,CN79D,劳拉,收货,上架
GaAESHeWh,白色 品牌05 小号 游戏椅（头枕）,游戏椅,品牌05,小号,头枕,白色,16*1*1,16,CN86F,克里斯,收货,上架
TVGn42SFBl,黑色 品牌30 42英寸 电视机（超级全高清）,电视机,品牌30,42英寸,超级全高清,黑色,8*1*1,8,BG57B,艾米,收货,上架
MoHc45ErBl,黑色 品牌09 450 鼠标（人体工学）,鼠标,品牌09,450,人体工学,黑色,16*10*1,160,AM31B,克里斯,收货,上架
SPAl50WaGr,灰色 品牌20 50 触控笔（水彩）,触控笔,品牌20,50,水彩,灰色,48*10*5,2400,AY43D,艾米,收货,上架
CuWE90SlBl,黑色 品牌02 900 储物柜（滑动式）,储物柜,品牌02,900,滑动式,黑色,8*1*1,8,BG06E,克里斯,收货,上架
TaCI18AdWh,白色 品牌27 1800 桌子（可调节）,桌子,品牌27,1800,可调节,白色,8*1*1,8,BV82C,劳拉,收货,上架
LaRe14i5Gr,灰色 品牌14 14英寸 笔记本电脑（第5代处理器）,笔记本电脑,品牌14,14英寸,第5代处理器,灰色,16*1*1,16,BF21C,约翰,收货,上架
DrWE18LoBe,米色 品牌02 1800 抽屉柜（储物锁柜）,抽屉柜,品牌02,1800,储物锁柜,米色,8*1*1,8,CP30F,约翰,收货,上架
TaCI15AdSi,银色 品牌27 1500 桌子（可调节）,桌子,品牌27,1500,可调节,银色,8*1*1,8,CV83B,莎拉,收货,上架
LaRe17i5Wh,白色 品牌14 17英寸 笔记本电脑（第5代处理器）,笔记本电脑,品牌14,17英寸,第5代处理器,白色,16*1*1,16,AR39F,约翰,收货,上架
LaOv15i7Si,银色 品牌13 15英寸 笔记本电脑（第7代处理器）,笔记本电脑,品牌13,15英寸,第7代处理器,银色,16*1*1,16,AO58F,简,收货,上架
DrTE18FiGr,灰色 品牌04 1800 抽屉柜（文件收纳）,抽屉柜,品牌04,1800,文件收纳,灰色,8*1*1,8,DP36E,简,收货,上架
GaOGMHeWh,白色 品牌07 中号 游戏椅（头枕）,游戏椅,品牌07,中号,头枕,白色,16*1*1,16,CF68G,劳拉,收货,上架
PrSoA3MoWh,白色 品牌25 三号纸 打印机（黑白）,打印机,品牌25,三号纸,黑白,白色,16*1*1,16,AN67G,迈克,收货,上架
TaAE18AdSi,银色 品牌05 1800 桌子（可调节）,桌子,品牌05,1800,可调节,银色,8*1*1,8,CM23C,约翰,收货,上架
AlSu14i5Bl,黑色 品牌11 14英寸 一体机（第5代处理器）,一体机,品牌11,14英寸,第5代处理器,黑色,16*1*1,16,CT73H,艾米,收货,上架
LaRe17i5Wh,白色 品牌14 17英寸 笔记本电脑（第5代处理器）,笔记本电脑,品牌14,17英寸,第5代处理器,白色,16*1*1,16,BL09A,艾米丽,收货,上架
DrWE90SlGr,灰色 品牌02 900 抽屉柜（滑动式）,抽屉柜,品牌02,900,滑动式,灰色,8*1*1,8,AW32D,克里斯,收货,上架
DrWE90FiBe,米色 品牌02 900 抽屉柜（文件收纳）,抽屉柜,品牌02,900,文件收纳,米色,8*1*1,8,DF07D,约翰,收货,上架
PeRe50SoWh,白色 品牌22 50 铅笔（可溶性）,铅笔,品牌22,50,可溶性,白色,48*10*5,2400,AQ23A,约翰,收货,上架
AlRe15i7Bl,黑色 品牌14 15英寸 一体机（第7代处理器）,一体机,品牌14,15英寸,第7代处理器,黑色,16*1*1,16,CR15E,亚历克斯,收货,上架
AlRe14i7Bl,黑色 品牌14 14英寸 一体机（第7代处理器）,一体机,品牌14,14英寸,第7代处理器,黑色,16*1*1,16,BL26G,大卫,收货,上架
CuTE18LoWh,白色 品牌04 1800 储物柜（储物锁柜）,储物柜,品牌04,1800,储物锁柜,白色,8*1*1,8,CV66E,迈克,收货,上架
TVGn50SFGr,灰色 品牌30 50英寸 电视机（超级全高清）,电视机,品牌30,50英寸,超级全高清,灰色,8*1*1,8,DQ61H,大卫,收货,上架
LaSu15i7Gr,灰色 品牌11 15英寸 笔记本电脑（第7代处理器）,笔记本电脑,品牌11,15英寸,第7代处理器,灰色,16*1*1,16,DU83F,简,收货,上架
LaSu158GWh,白色 品牌11 15英寸 笔记本电脑（8吉字节内存）,笔记本电脑,品牌11,15英寸,8吉字节内存,白色,16*1*1,16,BL40H,克里斯,收货,上架
MoHc35ErWh,白色 品牌09 350 鼠标（人体工学）,鼠标,品牌09,350,人体工学,白色,16*10*1,160,BW24C,简,收货,上架
LaPH158GSi,银色 品牌12 15英寸 笔记本电脑（8吉字节内存）,笔记本电脑,品牌12,15英寸,8吉字节内存,银色,16*1*1,16,AG22E,大卫,收货,上架
CaQE12FiGr,灰色 品牌01 1200 文件柜（文件收纳）,文件柜,品牌01,1200,文件收纳,灰色,8*1*1,8,AJ93A,约翰,收货,上架
LaRe1416Bl,黑色 品牌14 14英寸 笔记本电脑（16吉字节内存）,笔记本电脑,品牌14,14英寸,16吉字节内存,黑色,16*1*1,16,BZ09A,简,收货,上架
KeHc35ErBl,黑色 品牌09 350 键盘（人体工学）,键盘,品牌09,350,人体工学,黑色,16*10*1,160,DP87F,劳拉,收货,上架
KeRe27ErPi,粉色 品牌10 270 键盘（人体工学）,键盘,品牌10,270,人体工学,粉色,16*10*1,160,CO02B,大卫,收货,上架
LaRe1716Wh,白色 品牌14 17英寸 笔记本电脑（16吉字节内存）,笔记本电脑,品牌14,17英寸,16吉字节内存,白色,16*1*1,16,CM52A,劳拉,收货,上架
LaRe17i5Gr,灰色 品牌14 17英寸 笔记本电脑（第5代处理器）,笔记本电脑,品牌14,17英寸,第5代处理器,灰色,16*1*1,16,DP87C,艾米,收货,上架
SPRe12HeGr,灰色 品牌22 12 触控笔（六角形）,触控笔,品牌22,12,六角形,灰色,48*10*5,2400,AY70C,大卫,收货,上架
PeRe12SoBl,黑色 品牌22 12 铅笔（可溶性）,铅笔,品牌22,12,可溶性,黑色,48*10*5,2400,CJ11D,克里斯,收货,上架
KePH35MeNa,藏青色 品牌12 350 键盘（机械式）,键盘,品牌12,350,机械式,藏青色,16*10*1,160,BJ67G,迈克,收货,上架
PrReA2WiWh,白色 品牌24 二号纸 打印机（无线网络）,打印机,品牌24,二号纸,无线网络,白色,16*1*1,16,BS02B,艾米,收货,上架
AlPH17i7Bl,黑色 品牌12 17英寸 一体机（第7代处理器）,一体机,品牌12,17英寸,第7代处理器,黑色,16*1*1,16,BY12F,艾米,收货,上架
OfXELErPi,粉色 品牌06 大号 办公椅（人体工学）,办公椅,品牌06,大号,人体工学,粉色,16*1*1,16,BM70H,亚历克斯,收货,上架
PrReA4WiGr,灰色 品牌24 四号纸 打印机（无线网络）,打印机,品牌24,四号纸,无线网络,灰色,16*1*1,16,CP27E,艾米丽,收货,上架
CaQE12LoBe,米色 品牌01 1200 文件柜（储物锁柜）,文件柜,品牌01,1200,储物锁柜,米色,8*1*1,8,CF93D,克里斯,收货,上架
GaAESHeBl,黑色 品牌05 小号 游戏椅（头枕）,游戏椅,品牌05,小号,头枕,黑色,16*1*1,16,CK72D,莎拉,收货,上架
OfOGLLeGr,灰色 品牌07 大号 办公椅（皮革）,办公椅,品牌07,大号,皮革,灰色,16*1*1,16,AN40C,艾米,收货,上架
TaTR18AdWh,白色 品牌28 1800 桌子（可调节）,桌子,品牌28,1800,可调节,白色,8*1*1,8,DQ74D,劳拉,收货,上架
PeRe50HeGr,灰色 品牌22 50 铅笔（六角形）,铅笔,品牌22,50,六角形,灰色,48*10*5,2400,AN79D,简,收货,上架
OfOGSAdGr,灰色 品牌07 小号 办公椅（可调节）,办公椅,品牌07,小号,可调节,灰色,16*1*1,16,DS15F,亚历克斯,收货,上架
MoPH35ErNa,藏青色 品牌12 350 鼠标（人体工学）,鼠标,品牌12,350,人体工学,藏青色,16*10*1,160,CH30F,亚历克斯,收货,上架
OfOGMHeGr,灰色 品牌07 中号 办公椅（头枕）,办公椅,品牌07,中号,头枕,灰色,16*1*1,16,BS41F,克里斯,收货,上架
MoPH45WiNa,藏青色 品牌12 450 鼠标（有线）,鼠标,品牌12,450,有线,藏青色,16*10*1,160,BN71F,大卫,收货,上架
TVYn50SFSi,银色 品牌15 50英寸 电视机（超级全高清）,电视机,品牌15,50英寸,超级全高清,银色,8*1*1,8,AR61B,艾米,收货,上架
LaSu1716Wh,白色 品牌11 17英寸 笔记本电脑（16吉字节内存）,笔记本电脑,品牌11,17英寸,16吉字节内存,白色,16*1*1,16,BY11B,艾米丽,收货,上架
KeRe27MeWh,白色 品牌10 270 键盘（机械式）,键盘,品牌10,270,机械式,白色,16*10*1,160,DP84B,亚历克斯,收货,上架
OfSEMLeBl,黑色 品牌08 中号 办公椅（皮革）,办公椅,品牌08,中号,皮革,黑色,16*1*1,16,BQ86G,克里斯,收货,上架
PrSoA3WiBl,黑色 品牌25 三号纸 打印机（无线网络）,打印机,品牌25,三号纸,无线网络,黑色,16*1*1,16,CV17F,莎拉,收货,上架
SPGi50HePi,粉色 品牌21 50 触控笔（六角形）,触控笔,品牌21,50,六角形,粉色,48*10*5,2400,DZ39A,大卫,收货,上架
PrSoA4InGr,灰色 品牌25 四号纸 打印机（喷墨）,打印机,品牌25,四号纸,喷墨,灰色,16*1*1,16,BU60E,简,收货,上架
PeNa12WaBl,黑色 品牌23 12 铅笔（水彩）,铅笔,品牌23,12,水彩,黑色,48*10*5,2400,AP14D,大卫,收货,上架
CuTE12DoBl,黑色 品牌04 1200 储物柜（带门式）,储物柜,品牌04,1200,带门式,黑色,8*1*1,8,BJ90G,艾米,收货,上架
LaRe15i5Wh,白色 品牌14 15英寸 笔记本电脑（第5代处理器）,笔记本电脑,品牌14,15英寸,第5代处理器,白色,16*1*1,16,BU65C,大卫,收货,上架
LaOv1532Gr,灰色 品牌13 15英寸 笔记本电脑（32吉字节内存）,笔记本电脑,品牌13,15英寸,32吉字节内存,灰色,16*1*1,16,CK28G,艾米,收货,上架
TVYn754KBl,黑色 品牌15 75英寸 电视机（超高清）,电视机,品牌15,75英寸,超高清,黑色,8*1*1,8,AJ05H,迈克,收货,上架
LaRe1516Gr,灰色 品牌14 15英寸 笔记本电脑（16吉字节内存）,笔记本电脑,品牌14,15英寸,16吉字节内存,灰色,16*1*1,16,DZ41F,艾米,收货,上架
AlSu178GWh,白色 品牌11 17英寸 一体机（8吉字节内存）,一体机,品牌11,17英寸,8吉字节内存,白色,16*1*1,16,CG78F,简,收货,上架
TVGL424KWh,白色 品牌31 42英寸 电视机（超高清）,电视机,品牌31,42英寸,超高清,白色,8*1*1,8,DP86F,简,收货,上架
MoPH27ErNa,藏青色 品牌12 270 鼠标（人体工学）,鼠标,品牌12,270,人体工学,藏青色,16*10*1,160,AQ46F,劳拉,收货,上架
CuQE12LoBl,黑色 品牌01 1200 储物柜（储物锁柜）,储物柜,品牌01,1200,储物锁柜,黑色,8*1*1,8,DY84D,大卫,收货,上架
NoGrA5liBl,黑色 品牌18 五号纸 笔记本（线条）,笔记本,品牌18,五号纸,线条,黑色,48*10*5,2400,CZ82E,简,收货,上架
NoMuA4liBl,黑色 品牌19 四号纸 笔记本（线条）,笔记本,品牌19,四号纸,线条,黑色,48*10*5,2400,CT52G,简,收货,上架
PrNoA3LaWh,白色 品牌26 三号纸 打印机（激光）,打印机,品牌26,三号纸,激光,白色,16*1*1,16,CY09B,艾米,收货,上架
OfAEMErGr,灰色 品牌05 中号 办公椅（人体工学）,办公椅,品牌05,中号,人体工学,灰色,16*1*1,16,AP74C,亚历克斯,收货,上架
AlPH158GWh,白色 品牌12 15英寸 一体机（8吉字节内存）,一体机,品牌12,15英寸,8吉字节内存,白色,16*1*1,16,AO54G,莎拉,收货,上架
PrSoA4LaGr,灰色 品牌25 四号纸 打印机（激光）,打印机,品牌25,四号纸,激光,灰色,16*1*1,16,CM35F,莎拉,收货,上架
OfXEMErPi,粉色 品牌06 中号 办公椅（人体工学）,办公椅,品牌06,中号,人体工学,粉色,16*1*1,16,AW73A,克里斯,收货,上架
LaPH1532Bl,黑色 品牌12 15英寸 笔记本电脑（32吉字节内存）,笔记本电脑,品牌12,15英寸,32吉字节内存,黑色,16*1*1,16,CS04A,简,收货,上架
LaSu17i7Si,银色 品牌11 17英寸 笔记本电脑（第7代处理器）,笔记本电脑,品牌11,17英寸,第7代处理器,银色,16*1*1,16,BM20D,大卫,收货,上架
TaAE10FrBl,黑色 品牌05 1000 桌子（框架式）,桌子,品牌05,1000,框架式,黑色,8*1*1,8,BO54B,大卫,收货,上架
AlYn1516Wh,白色 品牌15 15英寸 一体机（16吉字节内存）,一体机,品牌15,15英寸,16吉字节内存,白色,16*1*1,16,AQ62A,艾米,收货,上架
NoGrA5ruBl,黑色 品牌18 五号纸 笔记本（横线）,笔记本,品牌18,五号纸,横线,黑色,48*10*5,2400,DS87B,克里斯,收货,上架
SPRe24SoPi,粉色 品牌22 24 触控笔（可溶性）,触控笔,品牌22,24,可溶性,粉色,48*10*5,2400,BX69F,克里斯,收货,上架
AlSu17i5Si,银色 品牌11 17英寸 一体机（第5代处理器）,一体机,品牌11,17英寸,第5代处理器,银色,16*1*1,16,DU85G,艾米,收货,上架
GaXELAdPi,粉色 品牌06 大号 游戏椅（可调节）,游戏椅,品牌06,大号,可调节,粉色,16*1*1,16,BU98A,克里斯,收货,上架
CaQE90DoBe,米色 品牌01 900 文件柜（带门式）,文件柜,品牌01,900,带门式,米色,8*1*1,8,CK81B,艾米丽,收货,上架
SPGi12HeBl,黑色 品牌21 12 触控笔（六角形）,触控笔,品牌21,12,六角形,黑色,48*10*5,2400,DN66C,大卫,收货,上架
CuQE12LoWh,白色 品牌01 1200 储物柜（储物锁柜）,储物柜,品牌01,1200,储物锁柜,白色,8*1*1,8,AU86A,约翰,收货,上架
GaXELErPi,粉色 品牌06 大号 游戏椅（人体工学）,游戏椅,品牌06,大号,人体工学,粉色,16*1*1,16,DU74H,劳拉,收货,上架
TVGn754KBl,黑色 品牌30 75英寸 电视机（超高清）,电视机,品牌30,75英寸,超高清,黑色,8*1*1,8,BX58A,迈克,收货,上架
LaYn1516Wh,白色 品牌15 15英寸 笔记本电脑（16吉字节内存）,笔记本电脑,品牌15,15英寸,16吉字节内存,白色,16*1*1,16,CR63G,艾米丽,收货,上架
KeRe27MeWh,白色 品牌10 270 键盘（机械式）,键盘,品牌10,270,机械式,白色,16*10*1,160,BK08A,艾米,收货,上架
DrQE18SlWh,白色 品牌01 1800 抽屉柜（滑动式）,抽屉柜,品牌01,1800,滑动式,白色,8*1*1,8,BV85F,亚历克斯,收货,上架
CaQE90LoGr,灰色 品牌01 900 文件柜（储物锁柜）,文件柜,品牌01,900,储物锁柜,灰色,8*1*1,8,AO75F,迈克,收货,上架
TVGn50S4Si,银色 品牌30 50英寸 电视机（超级超高清）,电视机,品牌30,50英寸,超级超高清,银色,8*1*1,8,CT47H,艾米,收货,上架
CuRG12DoWh,白色 品牌03 1200 储物柜（带门式）,储物柜,品牌03,1200,带门式,白色,8*1*1,8,DT82B,约翰,收货,上架
OfAEMErPi,粉色 品牌05 中号 办公椅（人体工学）,办公椅,品牌05,中号,人体工学,粉色,16*1*1,16,BF51D,莎拉,收货,上架
LaSu178GGr,灰色 品牌11 17英寸 笔记本电脑（8吉字节内存）,笔记本电脑,品牌11,17英寸,8吉字节内存,灰色,16*1*1,16,DV13D,简,收货,上架
TaTR15WoWh,白色 品牌29 1500 桌子（工作站）,桌子,品牌29,1500,工作站,白色,8*1*1,8,AS74G,简,收货,上架
TaCI18FrWh,白色 品牌27 1800 桌子（框架式）,桌子,品牌27,1800,框架式,白色,8*1*1,8,BW71F,劳拉,收货,上架
GaXELAdGr,灰色 品牌06 大号 游戏椅（可调节）,游戏椅,品牌06,大号,可调节,灰色,16*1*1,16,CQ23C,克里斯,收货,上架
DrTE18SlGr,灰色 品牌04 1800 抽屉柜（滑动式）,抽屉柜,品牌04,1800,滑动式,灰色,8*1*1,8,CP94C,艾米丽,收货,上架
CaWE12LoGr,灰色 品牌02 1200 文件柜（储物锁柜）,文件柜,品牌02,1200,储物锁柜,灰色,8*1*1,8,CL20C,简,收货,上架
GaSELErPi,粉色 品牌08 大号 游戏椅（人体工学）,游戏椅,品牌08,大号,人体工学,粉色,16*1*1,16,DF30D,克里斯,收货,上架
MoSu27ErWh,白色 品牌11 270 鼠标（人体工学）,鼠标,品牌11,270,人体工学,白色,16*10*1,160,AM15B,迈克,收货,上架
NoMuA5doBl,黑色 品牌19 五号纸 笔记本（点阵）,笔记本,品牌19,五号纸,点阵,黑色,48*10*5,2400,BL06C,迈克,收货,上架
LaSu1732Si,银色 品牌11 17英寸 笔记本电脑（32吉字节内存）,笔记本电脑,品牌11,17英寸,32吉字节内存,银色,16*1*1,16,BL67B,艾米丽,收货,上架
KeSu27ErWh,白色 品牌11 270 键盘（人体工学）,键盘,品牌11,270,人体工学,白色,16*10*1,160,AW59E,莎拉,收货,上架
SPRe24SoBl,黑色 品牌22 24 触控笔（可溶性）,触控笔,品牌22,24,可溶性,黑色,48*10*5,2400,AQ82G,迈克,收货,上架
PrSoA2InWh,白色 品牌25 二号纸 打印机（喷墨）,打印机,品牌25,二号纸,喷墨,白色,16*1*1,16,AF31C,劳拉,收货,上架
CaRG12LoWh,白色 品牌03 1200 文件柜（储物锁柜）,文件柜,品牌03,1200,储物锁柜,白色,8*1*1,8,AL84G,艾米丽,收货,上架
KePH27ErBl,黑色 品牌12 270 键盘（人体工学）,键盘,品牌12,270,人体工学,黑色,16*10*1,160,CK87D,大卫,收货,上架
TVEs32SFSi,银色 品牌32 32英寸 电视机（超级全高清）,电视机,品牌32,32英寸,超级全高清,银色,8*1*1,8,BU02G,约翰,收货,上架
PrReA4MoWh,白色 品牌24 四号纸 打印机（黑白）,打印机,品牌24,四号纸,黑白,白色,16*1*1,16,DY38B,艾米,收货,上架
CuWE90SlBl,黑色 品牌02 900 储物柜（滑动式）,储物柜,品牌02,900,滑动式,黑色,8*1*1,8,AP37E,迈克,收货,上架
NoScA5doGr,灰色 品牌17 五号纸 笔记本（点阵）,笔记本,品牌17,五号纸,点阵,灰色,48*10*5,2400,CH05A,艾米丽,收货,上架
LaRe158GWh,白色 品牌14 15英寸 笔记本电脑（8吉字节内存）,笔记本电脑,品牌14,15英寸,8吉字节内存,白色,16*1*1,16,AT67B,克里斯,收货,上架
PeNa50SoWh,白色 品牌23 50 铅笔（可溶性）,铅笔,品牌23,50,可溶性,白色,48*10*5,2400,AW27H,大卫,收货,上架
OfAELLePi,粉色 品牌05 大号 办公椅（皮革）,办公椅,品牌05,大号,皮革,粉色,16*1*1,16,CY30E,艾米,收货,上架
LaRe158GBl,黑色 品牌14 15英寸 笔记本电脑（8吉字节内存）,笔记本电脑,品牌14,15英寸,8吉字节内存,黑色,16*1*1,16,AZ68A,莎拉,收货,上架
LaSu158GWh,白色 品牌11 15英寸 笔记本电脑（8吉字节内存）,笔记本电脑,品牌11,15英寸,8吉字节内存,白色,16*1*1,16,BL64C,约翰,收货,上架
TVYn42SFWh,白色 品牌15 42英寸 电视机（超级全高清）,电视机,品牌15,42英寸,超级全高清,白色,8*1*1,8,BN19G,约翰,收货,上架
PrReA3WiBl,黑色 品牌24 三号纸 打印机（无线网络）,打印机,品牌24,三号纸,无线网络,黑色,16*1*1,16,AZ92C,亚历克斯,收货,上架
CaTE90SlGr,灰色 品牌04 900 文件柜（滑动式）,文件柜,品牌04,900,滑动式,灰色,8*1*1,8,BO83A,亚历克斯,收货,上架
MoRe27BlNa,藏青色 品牌10 270 鼠标（蓝牙）,鼠标,品牌10,270,蓝牙,藏青色,16*10*1,160,DF80H,亚历克斯,收货,上架
CuTE90LoGr,灰色 品牌04 900 储物柜（储物锁柜）,储物柜,品牌04,900,储物锁柜,灰色,8*1*1,8,DL15C,大卫,收货,上架
OfOGLAdWh,白色 品牌07 大号 办公椅（可调节）,办公椅,品牌07,大号,可调节,白色,16*1*1,16,DT38E,迈克,收货,上架
TVEs324KBl,黑色 品牌32 32英寸 电视机（超高清）,电视机,品牌32,32英寸,超高清,黑色,8*1*1,8,CX50F,亚历克斯,收货,上架
CuWE18FiGr,灰色 品牌02 1800 储物柜（文件收纳）,储物柜,品牌02,1800,文件收纳,灰色,8*1*1,8,DU69D,莎拉,收货,上架
TVEs32FHBl,黑色 品牌32 32英寸 电视机（全高清）,电视机,品牌32,32英寸,全高清,黑色,8*1*1,8,AU42E,迈克,收货,上架
LaYn17i5Wh,白色 品牌15 17英寸 笔记本电脑（第5代处理器）,笔记本电脑,品牌15,17英寸,第5代处理器,白色,16*1*1,16,BH20G,克里斯,收货,上架
SPNa24WaGr,灰色 品牌23 24 触控笔（水彩）,触控笔,品牌23,24,水彩,灰色,48*10*5,2400,CM67A,艾米丽,收货,上架
TaTR15FrBl,黑色 品牌29 1500 桌子（框架式）,桌子,品牌29,1500,框架式,黑色,8*1*1,8,CN78D,劳拉,收货,上架
TVEs75S4Gr,灰色 品牌32 75英寸 电视机（超级超高清）,电视机,品牌32,75英寸,超级超高清,灰色,8*1*1,8,DJ74C,大卫,收货,上架
GaAEMHeBl,黑色 品牌05 中号 游戏椅（头枕）,游戏椅,品牌05,中号,头枕,黑色,16*1*1,16,AV83A,大卫,收货,上架
KeSu27MePi,粉色 品牌11 270 键盘（机械式）,键盘,品牌11,270,机械式,粉色,16*10*1,160,CW80G,艾米丽,收货,上架
LaRe17i7Bl,黑色 品牌14 17英寸 笔记本电脑（第7代处理器）,笔记本电脑,品牌14,17英寸,第7代处理器,黑色,16*1*1,16,CV58A,莎拉,收货,上架
PrNoA4AlBl,黑色 品牌26 四号纸 打印机（一体式）,打印机,品牌26,四号纸,一体式,黑色,16*1*1,16,DS48B,艾米,收货,上架
DrTE90FiBl,黑色 品牌04 900 抽屉柜（文件收纳）,抽屉柜,品牌04,900,文件收纳,黑色,8*1*1,8,DJ17F,艾米,收货,上架
NoMuA5liBl,黑色 品牌19 五号纸 笔记本（线条）,笔记本,品牌19,五号纸,线条,黑色,48*10*5,2400,AV07D,克里斯,收货,上架
NoExA3liWh,白色 品牌16 三号纸 笔记本（线条）,笔记本,品牌16,三号纸,线条,白色,48*10*5,2400,BT77H,迈克,收货,上架
LaPH1532Gr,灰色 品牌12 15英寸 笔记本电脑（32吉字节内存）,笔记本电脑,品牌12,15英寸,32吉字节内存,灰色,16*1*1,16,DH57B,简,收货,上架
SPNa12SoPi,粉色 品牌23 12 触控笔（可溶性）,触控笔,品牌23,12,可溶性,粉色,48*10*5,2400,DU35G,约翰,收货,上架
LaRe158GGr,灰色 品牌14 15英寸 笔记本电脑（8吉字节内存）,笔记本电脑,品牌14,15英寸,8吉字节内存,灰色,16*1*1,16,AT26A,迈克,收货,上架
OfAESLePi,粉色 品牌05 小号 办公椅（皮革）,办公椅,品牌05,小号,皮革,粉色,16*1*1,16,AY09D,艾米,收货,上架
KePH45ErBl,黑色 品牌12 450 键盘（人体工学）,键盘,品牌12,450,人体工学,黑色,16*10*1,160,DU37A,亚历克斯,收货,上架
OfAELLeBl,黑色 品牌05 大号 办公椅（皮革）,办公椅,品牌05,大号,皮革,黑色,16*1*1,16,AM53H,艾米丽,收货,上架
GaAESErWh,白色 品牌05 小号 游戏椅（人体工学）,游戏椅,品牌05,小号,人体工学,白色,16*1*1,16,CU26H,简,收货,上架
MoSu35WiWh,白色 品牌11 350 鼠标（有线）,鼠标,品牌11,350,有线,白色,16*10*1,160,AT47F,艾米丽,收货,上架
TVGL42FHSi,银色 品牌31 42英寸 电视机（全高清）,电视机,品牌31,42英寸,全高清,银色,8*1*1,8,BW20H,艾米丽,收货,上架
TVYn32FHWh,白色 品牌15 32英寸 电视机（全高清）,电视机,品牌15,32英寸,全高清,白色,8*1*1,8,DQ83D,莎拉,收货,上架
NoExA4ruBl,黑色 品牌16 四号纸 笔记本（横线）,笔记本,品牌16,四号纸,横线,黑色,48*10*5,2400,CL32H,简,收货,上架
LaOv17i7Gr,灰色 品牌13 17英寸 笔记本电脑（第7代处理器）,笔记本电脑,品牌13,17英寸,第7代处理器,灰色,16*1*1,16,AG10A,约翰,收货,上架
DrQE12DoGr,灰色 品牌01 1200 抽屉柜（带门式）,抽屉柜,品牌01,1200,带门式,灰色,8*1*1,8,AL72E,艾米,收货,上架
DrWE12DoBl,黑色 品牌02 1200 抽屉柜（带门式）,抽屉柜,品牌02,1200,带门式,黑色,8*1*1,8,DP61F,大卫,收货,上架
SPRe12WaPi,粉色 品牌22 12 触控笔（水彩）,触控笔,品牌22,12,水彩,粉色,48*10*5,2400,BJ14F,莎拉,收货,上架
MoSu45ErWh,白色 品牌11 450 鼠标（人体工学）,鼠标,品牌11,450,人体工学,白色,16*10*1,160,CY45A,克里斯,收货,上架
GaSESLeGr,灰色 品牌08 小号 游戏椅（皮革）,游戏椅,品牌08,小号,皮革,灰色,16*1*1,16,DN52C,约翰,收货,上架
PeNa24HeWh,白色 品牌23 24 铅笔（六角形）,铅笔,品牌23,24,六角形,白色,48*10*5,2400,BL69B,迈克,收货,上架
CuRG12DoBl,黑色 品牌03 1200 储物柜（带门式）,储物柜,品牌03,1200,带门式,黑色,8*1*1,8,BK82C,克里斯,收货,上架
KePH45ErPi,粉色 品牌12 450 键盘（人体工学）,键盘,品牌12,450,人体工学,粉色,16*10*1,160,AU81H,劳拉,收货,上架
CaTE18SlBl,黑色 品牌04 1800 文件柜（滑动式）,文件柜,品牌04,1800,滑动式,黑色,8*1*1,8,DO73G,大卫,收货,上架
AlYn17i7Si,银色 品牌15 17英寸 一体机（第7代处理器）,一体机,品牌15,17英寸,第7代处理器,银色,16*1*1,16,CK41E,大卫,收货,上架
LaOv1516Wh,白色 品牌13 15英寸 笔记本电脑（16吉字节内存）,笔记本电脑,品牌13,15英寸,16吉字节内存,白色,16*1*1,16,CX97H,艾米丽,收货,上架
SPAl24SoPi,粉色 品牌20 24 触控笔（可溶性）,触控笔,品牌20,24,可溶性,粉色,48*10*5,2400,DG20F,莎拉,收货,上架
AlRe148GWh,白色 品牌14 14英寸 一体机（8吉字节内存）,一体机,品牌14,14英寸,8吉字节内存,白色,16*1*1,16,AJ55F,简,收货,上架
DrRG90SlBe,米色 品牌03 900 抽屉柜（滑动式）,抽屉柜,品牌03,900,滑动式,米色,8*1*1,8,DL41C,艾米,收货,上架
PeGi12WaGr,灰色 品牌21 12 铅笔（水彩）,铅笔,品牌21,12,水彩,灰色,48*10*5,2400,DW62C,亚历克斯,收货,上架
GaOGMHeBl,黑色 品牌07 中号 游戏椅（头枕）,游戏椅,品牌07,中号,头枕,黑色,16*1*1,16,BF97B,迈克,收货,上架
LaSu14i7Bl,黑色 品牌11 14英寸 笔记本电脑（第7代处理器）,笔记本电脑,品牌11,14英寸,第7代处理器,黑色,16*1*1,16,DL46F,艾米,收货,上架
KeHc27WiWh,白色 品牌09 270 键盘（有线）,键盘,品牌09,270,有线,白色,16*10*1,160,AW12B,亚历克斯,收货,上架
PeGi24SoPi,粉色 品牌21 24 铅笔（可溶性）,铅笔,品牌21,24,可溶性,粉色,48*10*5,2400,DR90B,简,收货,上架
GaOGSLeGr,灰色 品牌07 小号 游戏椅（皮革）,游戏椅,品牌07,小号,皮革,灰色,16*1*1,16,DM66F,艾米,收货,上架
MoPH27ErNa,藏青色 品牌12 270 鼠标（人体工学）,鼠标,品牌12,270,人体工学,藏青色,16*10*1,160,BG11C,艾米丽,收货,上架
NoScA4doSi,银色 品牌17 四号纸 笔记本（点阵）,笔记本,品牌17,四号纸,点阵,银色,48*10*5,2400,BM59C,亚历克斯,收货,上架
SPRe24SoBl,黑色 品牌22 24 触控笔（可溶性）,触控笔,品牌22,24,可溶性,黑色,48*10*5,2400,BQ73D,克里斯,收货,上架
LaPH148GBl,黑色 品牌12 14英寸 笔记本电脑（8吉字节内存）,笔记本电脑,品牌12,14英寸,8吉字节内存,黑色,16*1*1,16,AK58E,莎拉,收货,上架
GaSELHeWh,白色 品牌08 大号 游戏椅（头枕）,游戏椅,品牌08,大号,头枕,白色,16*1*1,16,CM30E,亚历克斯,收货,上架
TVYn50SFGr,灰色 品牌15 50英寸 电视机（超级全高清）,电视机,品牌15,50英寸,超级全高清,灰色,8*1*1,8,AL69B,简,收货,上架
AlYn15i7Gr,灰色 品牌15 15英寸 一体机（第7代处理器）,一体机,品牌15,15英寸,第7代处理器,灰色,16*1*1,16,CI96B,莎拉,收货,上架
LaSu148GSi,银色 品牌11 14英寸 笔记本电脑（8吉字节内存）,笔记本电脑,品牌11,14英寸,8吉字节内存,银色,16*1*1,16,DF25E,简,收货,上架
OfXESLePi,粉色 品牌06 小号 办公椅（皮革）,办公椅,品牌06,小号,皮革,粉色,16*1*1,16,AR59D,莎拉,收货,上架
NoGrA3doWh,白色 品牌18 三号纸 笔记本（点阵）,笔记本,品牌18,三号纸,点阵,白色,48*10*5,2400,CO61D,艾米,收货,上架
NoGrA5liSi,银色 品牌18 五号纸 笔记本（线条）,笔记本,品牌18,五号纸,线条,银色,48*10*5,2400,CO57F,简,收货,上架
CuTE90FiGr,灰色 品牌04 900 储物柜（文件收纳）,储物柜,品牌04,900,文件收纳,灰色,8*1*1,8,BZ72G,莎拉,收货,上架
LaOv1432Si,银色 品牌13 14英寸 笔记本电脑（32吉字节内存）,笔记本电脑,品牌13,14英寸,32吉字节内存,银色,16*1*1,16,AG70H,约翰,收货,上架
MoRe45WiWh,白色 品牌10 450 鼠标（有线）,鼠标,品牌10,450,有线,白色,16*10*1,160,AU93A,约翰,收货,上架
MoPH45WiNa,藏青色 品牌12 450 鼠标（有线）,鼠标,品牌12,450,有线,藏青色,16*10*1,160,BV81F,大卫,收货,上架
TVEs32SFSi,银色 品牌32 32英寸 电视机（超级全高清）,电视机,品牌32,32英寸,超级全高清,银色,8*1*1,8,CM72H,劳拉,收货,上架
SPGi50SoWh,白色 品牌21 50 触控笔（可溶性）,触控笔,品牌21,50,可溶性,白色,48*10*5,2400,BW38B,劳拉,收货,上架
TVGL42S4Wh,白色 品牌31 42英寸 电视机（超级超高清）,电视机,品牌31,42英寸,超级超高清,白色,8*1*1,8,BR28H,莎拉,收货,上架
KeHc45ErPi,粉色 品牌09 450 键盘（人体工学）,键盘,品牌09,450,人体工学,粉色,16*10*1,160,BK68B,大卫,收货,上架
AlPH14i5Si,银色 品牌12 14英寸 一体机（第5代处理器）,一体机,品牌12,14英寸,第5代处理器,银色,16*1*1,16,BU63F,克里斯,收货,上架
TVGn65SFBl,黑色 品牌30 65英寸 电视机（超级全高清）,电视机,品牌30,65英寸,超级全高清,黑色,8*1*1,8,CO57D,迈克,收货,上架
TaCI15FrGr,灰色 品牌27 1500 桌子（框架式）,桌子,品牌27,1500,框架式,灰色,8*1*1,8,AR50G,克里斯,收货,上架
AlRe158GSi,银色 品牌14 15英寸 一体机（8吉字节内存）,一体机,品牌14,15英寸,8吉字节内存,银色,16*1*1,16,BX91G,克里斯,收货,上架
CuQE90LoBe,米色 品牌01 900 储物柜（储物锁柜）,储物柜,品牌01,900,储物锁柜,米色,8*1*1,8,CV86D,艾米,收货,上架
MoHc35BlWh,白色 品牌09 350 鼠标（蓝牙）,鼠标,品牌09,350,蓝牙,白色,16*10*1,160,CX05F,艾米丽,收货,上架
TaTR18AuGr,灰色 品牌29 1800 桌子（自动调节）,桌子,品牌29,1800,自动调节,灰色,8*1*1,8,CU81B,亚历克斯,收货,上架
GaOGSLeGr,灰色 品牌07 小号 游戏椅（皮革）,游戏椅,品牌07,小号,皮革,灰色,16*1*1,16,DV76F,莎拉,收货,上架
CaWE18SlGr,灰色 品牌02 1800 文件柜（滑动式）,文件柜,品牌02,1800,滑动式,灰色,8*1*1,8,DO82E,迈克,收货,上架
LaPH1532Wh,白色 品牌12 15英寸 笔记本电脑（32吉字节内存）,笔记本电脑,品牌12,15英寸,32吉字节内存,白色,16*1*1,16,AO14B,劳拉,收货,上架
AlSu15i7Bl,黑色 品牌11 15英寸 一体机（第7代处理器）,一体机,品牌11,15英寸,第7代处理器,黑色,16*1*1,16,AS37A,克里斯,收货,上架
LaOv1732Si,银色 品牌13 17英寸 笔记本电脑（32吉字节内存）,笔记本电脑,品牌13,17英寸,32吉字节内存,银色,16*1*1,16,DT69H,劳拉,收货,上架
TaTR15WoSi,银色 品牌28 1500 桌子（工作站）,桌子,品牌28,1500,工作站,银色,8*1*1,8,DY71B,克里斯,收货,上架
PrNoA3MoBl,黑色 品牌26 三号纸 打印机（黑白）,打印机,品牌26,三号纸,黑白,黑色,16*1*1,16,DR43G,艾米丽,收货,上架
CuTE90DoBe,米色 品牌04 900 储物柜（带门式）,储物柜,品牌04,900,带门式,米色,8*1*1,8,DI93F,迈克,收货,上架
LaYn15i7Bl,黑色 品牌15 15英寸 笔记本电脑（第7代处理器）,笔记本电脑,品牌15,15英寸,第7代处理器,黑色,16*1*1,16,AF32F,劳拉,收货,上架
LaYn14i7Bl,黑色 品牌15 14英寸 笔记本电脑（第7代处理器）,笔记本电脑,品牌15,14英寸,第7代处理器,黑色,16*1*1,16,DS01B,迈克,收货,上架
PrNoA3AlMi,混合色 品牌26 三号纸 打印机（一体式）,打印机,品牌26,三号纸,一体式,混合色,16*1*1,16,AZ49B,简,收货,上架
LaSu17i7Bl,黑色 品牌11 17英寸 笔记本电脑（第7代处理器）,笔记本电脑,品牌11,17英寸,第7代处理器,黑色,16*1*1,16,DW69G,迈克,收货,上架
LaPH1716Wh,白色 品牌12 17英寸 笔记本电脑（16吉字节内存）,笔记本电脑,品牌12,17英寸,16吉字节内存,白色,16*1*1,16,BK34B,艾米,收货,上架
CuRG18SlWh,白色 品牌03 1800 储物柜（滑动式）,储物柜,品牌03,1800,滑动式,白色,8*1*1,8,BT09C,大卫,收货,上架
TaCI10FrSi,银色 品牌27 1000 桌子（框架式）,桌子,品牌27,1000,框架式,银色,8*1*1,8,DL19B,简,收货,上架
OfAEMLeBl,黑色 品牌05 中号 办公椅（皮革）,办公椅,品牌05,中号,皮革,黑色,16*1*1,16,CN87B,大卫,收货,上架
TVEs65SFSi,银色 品牌32 65英寸 电视机（超级全高清）,电视机,品牌32,65英寸,超级全高清,银色,8*1*1,8,BV12H,简,收货,上架
NoMuA5liSi,银色 品牌19 五号纸 笔记本（线条）,笔记本,品牌19,五号纸,线条,银色,48*10*5,2400,AX97A,克里斯,收货,上架
CaRG12LoWh,白色 品牌03 1200 文件柜（储物锁柜）,文件柜,品牌03,1200,储物锁柜,白色,8*1*1,8,DH79G,艾米丽,收货,上架
SPNa24HeGr,灰色 品牌23 24 触控笔（六角形）,触控笔,品牌23,24,六角形,灰色,48*10*5,2400,AH76B,莎拉,收货,上架
MoSu27WiPi,粉色 品牌11 270 鼠标（有线）,鼠标,品牌11,270,有线,粉色,16*10*1,160,DJ61B,艾米丽,收货,上架
CuQE12DoBe,米色 品牌01 1200 储物柜（带门式）,储物柜,品牌01,1200,带门式,米色,8*1*1,8,BF04H,迈克,收货,上架
GaXESLePi,粉色 品牌06 小号 游戏椅（皮革）,游戏椅,品牌06,小号,皮革,粉色,16*1*1,16,DG33C,莎拉,收货,上架
CuQE12DoBl,黑色 品牌01 1200 储物柜（带门式）,储物柜,品牌01,1200,带门式,黑色,8*1*1,8,BR19G,约翰,收货,上架
TVYn32FHWh,白色 品牌15 32英寸 电视机（全高清）,电视机,品牌15,32英寸,全高清,白色,8*1*1,8,BY33B,大卫,收货,上架
PeRe12HePi,粉色 品牌22 12 铅笔（六角形）,铅笔,品牌22,12,六角形,粉色,48*10*5,2400,AU30D,克里斯,收货,上架
TVEs42SFWh,白色 品牌32 42英寸 电视机（超级全高清）,电视机,品牌32,42英寸,超级全高清,白色,8*1*1,8,DI81B,约翰,收货,上架
CaRG90LoBl,黑色 品牌03 900 文件柜（储物锁柜）,文件柜,品牌03,900,储物锁柜,黑色,8*1*1,8,DL51E,艾米丽,收货,上架
KeHc35MeBl,黑色 品牌09 350 键盘（机械式）,键盘,品牌09,350,机械式,黑色,16*10*1,160,CH26H,莎拉,收货,上架
PeRe50HePi,粉色 品牌22 50 铅笔（六角形）,铅笔,品牌22,50,六角形,粉色,48*10*5,2400,DP52A,简,收货,上架
TVGL75S4Bl,黑色 品牌31 75英寸 电视机（超级超高清）,电视机,品牌31,75英寸,超级超高清,黑色,8*1*1,8,AN17F,约翰,收货,上架
OfXELHeGr,灰色 品牌06 大号 办公椅（头枕）,办公椅,品牌06,大号,头枕,灰色,16*1*1,16,AJ59D,克里斯,收货,上架
SPGi12SoBl,黑色 品牌21 12 触控笔（可溶性）,触控笔,品牌21,12,可溶性,黑色,48*10*5,2400,DI41F,约翰,收货,上架
CuTE90DoBe,米色 品牌04 900 储物柜（带门式）,储物柜,品牌04,900,带门式,米色,8*1*1,8,AH77B,简,收货,上架
LaRe158GGr,灰色 品牌14 15英寸 笔记本电脑（8吉字节内存）,笔记本电脑,品牌14,15英寸,8吉字节内存,灰色,16*1*1,16,AS57E,莎拉,收货,上架
KePH35BlBl,黑色 品牌12 350 键盘（蓝牙）,键盘,品牌12,350,蓝牙,黑色,16*10*1,160,AN95C,约翰,收货,上架
PrSoA2LaBl,黑色 品牌25 二号纸 打印机（激光）,打印机,品牌25,二号纸,激光,黑色,16*1*1,16,AO19D,约翰,收货,上架
MoRe27ErPi,粉色 品牌10 270 鼠标（人体工学）,鼠标,品牌10,270,人体工学,粉色,16*10*1,160,CV01C,大卫,收货,上架
PrNoA2MoMi,混合色 品牌26 二号纸 打印机（黑白）,打印机,品牌26,二号纸,黑白,混合色,16*1*1,16,DH91H,迈克,收货,上架
OfAELAdWh,白色 品牌05 大号 办公椅（可调节）,办公椅,品牌05,大号,可调节,白色,16*1*1,16,AV70D,克里斯,收货,上架
TaTR18FrWh,白色 品牌28 1800 桌子（框架式）,桌子,品牌28,1800,框架式,白色,8*1*1,8,DK38F,亚历克斯,收货,上架
AlRe1732Gr,灰色 品牌14 17英寸 一体机（32吉字节内存）,一体机,品牌14,17英寸,32吉字节内存,灰色,16*1*1,16,BK52A,迈克,收货,上架
CuWE18LoGr,灰色 品牌02 1800 储物柜（储物锁柜）,储物柜,品牌02,1800,储物锁柜,灰色,8*1*1,8,AV66D,克里斯,收货,上架
KePH27WiNa,藏青色 品牌12 270 键盘（有线）,键盘,品牌12,270,有线,藏青色,16*10*1,160,AY81F,艾米丽,收货,上架
CuQE18FiBe,米色 品牌01 1800 储物柜（文件收纳）,储物柜,品牌01,1800,文件收纳,米色,8*1*1,8,DI78C,劳拉,收货,上架
NoGrA3doWh,白色 品牌18 三号纸 笔记本（点阵）,笔记本,品牌18,三号纸,点阵,白色,48*10*5,2400,BR15C,简,收货,上架
OfSELLeGr,灰色 品牌08 大号 办公椅（皮革）,办公椅,品牌08,大号,皮革,灰色,16*1*1,16,DL29F,约翰,收货,上架
CaWE12FiWh,白色 品牌02 1200 文件柜（文件收纳）,文件柜,品牌02,1200,文件收纳,白色,8*1*1,8,BO14E,莎拉,收货,上架
SPNa24HePi,粉色 品牌23 24 触控笔（六角形）,触控笔,品牌23,24,六角形,粉色,48*10*5,2400,AI09G,大卫,收货,上架
KeSu27WiPi,粉色 品牌11 270 键盘（有线）,键盘,品牌11,270,有线,粉色,16*10*1,160,CG36G,约翰,收货,上架
LaPH17i5Si,银色 品牌12 17英寸 笔记本电脑（第5代处理器）,笔记本电脑,品牌12,17英寸,第5代处理器,银色,16*1*1,16,AV14D,艾米丽,收货,上架
TVGn75FHSi,银色 品牌30 75英寸 电视机（全高清）,电视机,品牌30,75英寸,全高清,银色,8*1*1,8,DW42A,劳拉,收货,上架
DrWE18DoBe,米色 品牌02 1800 抽屉柜（带门式）,抽屉柜,品牌02,1800,带门式,米色,8*1*1,8,DO33E,艾米,收货,上架
NoExA5ruSi,银色 品牌16 五号纸 笔记本（横线）,笔记本,品牌16,五号纸,横线,银色,48*10*5,2400,AQ74A,艾米,收货,上架
CuQE18LoBe,米色 品牌01 1800 储物柜（储物锁柜）,储物柜,品牌01,1800,储物锁柜,米色,8*1*1,8,DI58A,迈克,收货,上架
PeGi24HeWh,白色 品牌21 24 铅笔（六角形）,铅笔,品牌21,24,六角形,白色,48*10*5,2400,CZ76H,艾米,收货,上架
NoExA3ruGr,灰色 品牌16 三号纸 笔记本（横线）,笔记本,品牌16,三号纸,横线,灰色,48*10*5,2400,DT88F,艾米,收货,上架
AlSu1416Si,银色 品牌11 14英寸 一体机（16吉字节内存）,一体机,品牌11,14英寸,16吉字节内存,银色,16*1*1,16,BL67F,艾米丽,收货,上架
GaAEMErGr,灰色 品牌05 中号 游戏椅（人体工学）,游戏椅,品牌05,中号,人体工学,灰色,16*1*1,16,CN01A,迈克,收货,上架
AlSu148GBl,黑色 品牌11 14英寸 一体机（8吉字节内存）,一体机,品牌11,14英寸,8吉字节内存,黑色,16*1*1,16,AZ97H,大卫,收货,上架
TVGL50FHWh,白色 品牌31 50英寸 电视机（全高清）,电视机,品牌31,50英寸,全高清,白色,8*1*1,8,AT92C,克里斯,收货,上架
TaCI18WoWh,白色 品牌27 1800 桌子（工作站）,桌子,品牌27,1800,工作站,白色,8*1*1,8,CT78F,劳拉,收货,上架
PeNa12SoWh,白色 品牌23 12 铅笔（可溶性）,铅笔,品牌23,12,可溶性,白色,48*10*5,2400,DQ30D,大卫,收货,上架
TaAE18WoBl,黑色 品牌05 1800 桌子（工作站）,桌子,品牌05,1800,工作站,黑色,8*1*1,8,DX85H,亚历克斯,收货,上架
LaRe15i7Gr,灰色 品牌14 15英寸 笔记本电脑（第7代处理器）,笔记本电脑,品牌14,15英寸,第7代处理器,灰色,16*1*1,16,BZ18E,约翰,收货,上架
PeAl50WaBl,黑色 品牌20 50 铅笔（水彩）,铅笔,品牌20,50,水彩,黑色,48*10*5,2400,CN27D,大卫,收货,上架
LaYn158GSi,银色 品牌15 15英寸 笔记本电脑（8吉字节内存）,笔记本电脑,品牌15,15英寸,8吉字节内存,银色,16*1*1,16,AR93F,简,收货,上架
PrPHA2MoBl,黑色 品牌12 二号纸 打印机（黑白）,打印机,品牌12,二号纸,黑白,黑色,16*1*1,16,AY23D,艾米,收货,上架
TVGL32S4Bl,黑色 品牌31 32英寸 电视机（超级超高清）,电视机,品牌31,32英寸,超级超高清,黑色,8*1*1,8,AO02G,亚历克斯,收货,上架
MoRe27ErBl,黑色 品牌10 270 鼠标（人体工学）,鼠标,品牌10,270,人体工学,黑色,16*10*1,160,CM48C,莎拉,收货,上架
DrQE12SlWh,白色 品牌01 1200 抽屉柜（滑动式）,抽屉柜,品牌01,1200,滑动式,白色,8*1*1,8,CK16B,艾米,收货,上架
LaSu1432Gr,灰色 品牌11 14英寸 笔记本电脑（32吉字节内存）,笔记本电脑,品牌11,14英寸,32吉字节内存,灰色,16*1*1,16,CS76C,约翰,收货,上架
OfAESErPi,粉色 品牌05 小号 办公椅（人体工学）,办公椅,品牌05,小号,人体工学,粉色,16*1*1,16,DV28H,艾米,收货,上架
NoGrA5liWh,白色 品牌18 五号纸 笔记本（线条）,笔记本,品牌18,五号纸,线条,白色,48*10*5,2400,AO83G,大卫,收货,上架
AlRe1516Gr,灰色 品牌14 15英寸 一体机（16吉字节内存）,一体机,品牌14,15英寸,16吉字节内存,灰色,16*1*1,16,AF14A,约翰,收货,上架
AlOv1532Wh,白色 品牌13 15英寸 一体机（32吉字节内存）,一体机,品牌13,15英寸,32吉字节内存,白色,16*1*1,16,BW11E,克里斯,收货,上架
CuTE12SlWh,白色 品牌04 1200 储物柜（滑动式）,储物柜,品牌04,1200,滑动式,白色,8*1*1,8,AP52B,劳拉,收货,上架
TaTR15AuBl,黑色 品牌29 1500 桌子（自动调节）,桌子,品牌29,1500,自动调节,黑色,8*1*1,8,DQ60A,艾米丽,收货,上架
NoScA3doGr,灰色 品牌17 三号纸 笔记本（点阵）,笔记本,品牌17,三号纸,点阵,灰色,48*10*5,2400,AP09C,克里斯,收货,上架
DrQE12SlBe,米色 品牌01 1200 抽屉柜（滑动式）,抽屉柜,品牌01,1200,滑动式,米色,8*1*1,8,DS09A,简,收货,上架
TVEs42S4Bl,黑色 品牌32 42英寸 电视机（超级超高清）,电视机,品牌32,42英寸,超级超高清,黑色,8*1*1,8,DZ80A,艾米丽,收货,上架
PrPHA2LaWh,白色 品牌12 二号纸 打印机（激光）,打印机,品牌12,二号纸,激光,白色,16*1*1,16,DN74D,艾米丽,收货,上架
NoExA5doSi,银色 品牌16 五号纸 笔记本（点阵）,笔记本,品牌16,五号纸,点阵,银色,48*10*5,2400,DP64A,艾米,收货,上架
AlOv158GWh,白色 品牌13 15英寸 一体机（8吉字节内存）,一体机,品牌13,15英寸,8吉字节内存,白色,16*1*1,16,DU09B,约翰,收货,上架
OfOGSErGr,灰色 品牌07 小号 办公椅（人体工学）,办公椅,品牌07,小号,人体工学,灰色,16*1*1,16,CY76A,艾米丽,收货,上架
SPGi12SoGr,灰色 品牌21 12 触控笔（可溶性）,触控笔,品牌21,12,可溶性,灰色,48*10*5,2400,DV83G,简,收货,上架
AlYn1532Wh,白色 品牌15 15英寸 一体机（32吉字节内存）,一体机,品牌15,15英寸,32吉字节内存,白色,16*1*1,16,CF63E,亚历克斯,收货,上架
AlPH1516Gr,灰色 品牌12 15英寸 一体机（16吉字节内存）,一体机,品牌12,15英寸,16吉字节内存,灰色,16*1*1,16,BN87D,莎拉,收货,上架
PeGi24HeGr,灰色 品牌21 24 铅笔（六角形）,铅笔,品牌21,24,六角形,灰色,48*10*5,2400,CV53E,约翰,收货,上架
TaTR15WoGr,灰色 品牌29 1500 桌子（工作站）,桌子,品牌29,1500,工作站,灰色,8*1*1,8,BN17C,简,收货,上架
PeNa12WaWh,白色 品牌23 12 铅笔（水彩）,铅笔,品牌23,12,水彩,白色,48*10*5,2400,AT70C,亚历克斯,收货,上架
TVGn504KWh,白色 品牌30 50英寸 电视机（超高清）,电视机,品牌30,50英寸,超高清,白色,8*1*1,8,CV78A,大卫,收货,上架
GaXELAdGr,灰色 品牌06 大号 游戏椅（可调节）,游戏椅,品牌06,大号,可调节,灰色,16*1*1,16,AL74D,艾米丽,收货,上架
CuQE12FiGr,灰色 品牌01 1200 储物柜（文件收纳）,储物柜,品牌01,1200,文件收纳,灰色,8*1*1,8,AM02F,约翰,收货,上架
LaOv1532Si,银色 品牌13 15英寸 笔记本电脑（32吉字节内存）,笔记本电脑,品牌13,15英寸,32吉字节内存,银色,16*1*1,16,BR30H,艾米,收货,上架
CaTE12DoGr,灰色 品牌04 1200 文件柜（带门式）,文件柜,品牌04,1200,带门式,灰色,8*1*1,8,AW61A,劳拉,收货,上架
KePH35BlPi,粉色 品牌12 350 键盘（蓝牙）,键盘,品牌12,350,蓝牙,粉色,16*10*1,160,DV85G,莎拉,收货,上架
TVGn324KGr,灰色 品牌30 32英寸 电视机（超高清）,电视机,品牌30,32英寸,超高清,灰色,8*1*1,8,DH13F,迈克,收货,上架
KeHc27MeWh,白色 品牌09 270 键盘（机械式）,键盘,品牌09,270,机械式,白色,16*10*1,160,AH85B,劳拉,收货,上架
GaXESHePi,粉色 品牌06 小号 游戏椅（头枕）,游戏椅,品牌06,小号,头枕,粉色,16*1*1,16,DN94G,莎拉,收货,上架
CaWE18SlBl,黑色 品牌02 1800 文件柜（滑动式）,文件柜,品牌02,1800,滑动式,黑色,8*1*1,8,BP91E,大卫,收货,上架
AlOv158GSi,银色 品牌13 15英寸 一体机（8吉字节内存）,一体机,品牌13,15英寸,8吉字节内存,银色,16*1*1,16,AF85E,莎拉,收货,上架
AlSu1716Wh,白色 品牌11 17英寸 一体机（16吉字节内存）,一体机,品牌11,17英寸,16吉字节内存,白色,16*1*1,16,BW95D,亚历克斯,收货,上架
SPNa50WaBl,黑色 品牌23 50 触控笔（水彩）,触控笔,品牌23,50,水彩,黑色,48*10*5,2400,BR83A,艾米丽,收货,上架
CuRG90LoWh,白色 品牌03 900 储物柜（储物锁柜）,储物柜,品牌03,900,储物锁柜,白色,8*1*1,8,AI28H,克里斯,收货,上架
LaOv1416Gr,灰色 品牌13 14英寸 笔记本电脑（16吉字节内存）,笔记本电脑,品牌13,14英寸,16吉字节内存,灰色,16*1*1,16,CS95F,艾米丽,收货,上架
LaSu17i5Wh,白色 品牌11 17英寸 笔记本电脑（第5代处理器）,笔记本电脑,品牌11,17英寸,第5代处理器,白色,16*1*1,16,DN69E,克里斯,收货,上架
AlRe1732Bl,黑色 品牌14 17英寸 一体机（32吉字节内存）,一体机,品牌14,17英寸,32吉字节内存,黑色,16*1*1,16,AO22A,克里斯,收货,上架
SPAl12HePi,粉色 品牌20 12 触控笔（六角形）,触控笔,品牌20,12,六角形,粉色,48*10*5,2400,AF03B,克里斯,收货,上架
KePH35WiWh,白色 品牌12 350 键盘（有线）,键盘,品牌12,350,有线,白色,16*10*1,160,AJ55G,劳拉,收货,上架
PeNa12SoBl,黑色 品牌23 12 铅笔（可溶性）,铅笔,品牌23,12,可溶性,黑色,48*10*5,2400,DS88A,克里斯,收货,上架
TaCI18FrSi,银色 品牌27 1800 桌子（框架式）,桌子,品牌27,1800,框架式,银色,8*1*1,8,CP61G,亚历克斯,收货,上架
MoHc35MeNa,藏青色 品牌09 350 鼠标（机械式）,鼠标,品牌09,350,机械式,藏青色,16*10*1,160,BI50G,劳拉,收货,上架
TVYn754KGr,灰色 品牌15 75英寸 电视机（超高清）,电视机,品牌15,75英寸,超高清,灰色,8*1*1,8,DX42B,莎拉,收货,上架
AlSu15i5Bl,黑色 品牌11 15英寸 一体机（第5代处理器）,一体机,品牌11,15英寸,第5代处理器,黑色,16*1*1,16,AX49H,迈克,收货,上架
SPNa24SoBl,黑色 品牌23 24 触控笔（可溶性）,触控笔,品牌23,24,可溶性,黑色,48*10*5,2400,AZ53F,亚历克斯,收货,上架
NoGrA4doWh,白色 品牌18 四号纸 笔记本（点阵）,笔记本,品牌18,四号纸,点阵,白色,48*10*5,2400,CH26D,克里斯,收货,上架
TVGL42SFBl,黑色 品牌31 42英寸 电视机（超级全高清）,电视机,品牌31,42英寸,超级全高清,黑色,8*1*1,8,DV90E,迈克,收货,上架
LaOv17i5Si,银色 品牌13 17英寸 笔记本电脑（第5代处理器）,笔记本电脑,品牌13,17英寸,第5代处理器,银色,16*1*1,16,BI60G,迈克,收货,上架
CuWE90SlWh,白色 品牌02 900 储物柜（滑动式）,储物柜,品牌02,900,滑动式,白色,8*1*1,8,CU77F,简,收货,上架
TaAE15FrGr,灰色 品牌05 1500 桌子（框架式）,桌子,品牌05,1500,框架式,灰色,8*1*1,8,DF33F,艾米丽,收货,上架
CuTE90DoBe,米色 品牌04 900 储物柜（带门式）,储物柜,品牌04,900,带门式,米色,8*1*1,8,DO07F,劳拉,收货,上架
CuTE90DoGr,灰色 品牌04 900 储物柜（带门式）,储物柜,品牌04,900,带门式,灰色,8*1*1,8,DQ64D,简,收货,上架
PrSoA4AlGr,灰色 品牌25 四号纸 打印机（一体式）,打印机,品牌25,四号纸,一体式,灰色,16*1*1,16,DN21H,亚历克斯,收货,上架
CuQE90DoWh,白色 品牌01 900 储物柜（带门式）,储物柜,品牌01,900,带门式,白色,8*1*1,8,CP47H,约翰,收货,上架
AlOv1432Wh,白色 品牌13 14英寸 一体机（32吉字节内存）,一体机,品牌13,14英寸,32吉字节内存,白色,16*1*1,16,DP62C,艾米,收货,上架
CuQE12DoBl,黑色 品牌01 1200 储物柜（带门式）,储物柜,品牌01,1200,带门式,黑色,8*1*1,8,AG63H,艾米,收货,上架
KeSu35MeBl,黑色 品牌11 350 键盘（机械式）,键盘,品牌11,350,机械式,黑色,16*10*1,160,AQ76A,大卫,收货,上架
PeGi50SoGr,灰色 品牌21 50 铅笔（可溶性）,铅笔,品牌21,50,可溶性,灰色,48*10*5,2400,BH11F,约翰,收货,上架
KeSu27BlBl,黑色 品牌11 270 键盘（蓝牙）,键盘,品牌11,270,蓝牙,黑色,16*10*1,160,AN50D,简,收货,上架
GaXELAdBl,黑色 品牌06 大号 游戏椅（可调节）,游戏椅,品牌06,大号,可调节,黑色,16*1*1,16,DZ28F,亚历克斯,收货,上架
LaSu178GWh,白色 品牌11 17英寸 笔记本电脑（8吉字节内存）,笔记本电脑,品牌11,17英寸,8吉字节内存,白色,16*1*1,16,CG19F,艾米,收货,上架
PeNa12HePi,粉色 品牌23 12 铅笔（六角形）,铅笔,品牌23,12,六角形,粉色,48*10*5,2400,BU92C,约翰,收货,上架
LaOv158GSi,银色 品牌13 15英寸 笔记本电脑（8吉字节内存）,笔记本电脑,品牌13,15英寸,8吉字节内存,银色,16*1*1,16,BX38E,劳拉,收货,上架
TaTR10AuGr,灰色 品牌29 1000 桌子（自动调节）,桌子,品牌29,1000,自动调节,灰色,8*1*1,8,AW69F,简,收货,上架
GaAELHeGr,灰色 品牌05 大号 游戏椅（头枕）,游戏椅,品牌05,大号,头枕,灰色,16*1*1,16,CQ97D,约翰,收货,上架
LaYn15i7Wh,白色 品牌15 15英寸 笔记本电脑（第7代处理器）,笔记本电脑,品牌15,15英寸,第7代处理器,白色,16*1*1,16,AZ67G,艾米,收货,上架
MoSu35MeNa,藏青色 品牌11 350 鼠标（机械式）,鼠标,品牌11,350,机械式,藏青色,16*10*1,160,CX09D,劳拉,收货,上架
LaSu1432Bl,黑色 品牌11 14英寸 笔记本电脑（32吉字节内存）,笔记本电脑,品牌11,14英寸,32吉字节内存,黑色,16*1*1,16,BH42B,艾米丽,收货,上架
AlPH1732Gr,灰色 品牌12 17英寸 一体机（32吉字节内存）,一体机,品牌12,17英寸,32吉字节内存,灰色,16*1*1,16,AX58D,大卫,收货,上架
SPAl50SoWh,白色 品牌20 50 触控笔（可溶性）,触控笔,品牌20,50,可溶性,白色,48*10*5,2400,BW76G,亚历克斯,收货,上架
DrQE18LoGr,灰色 品牌01 1800 抽屉柜（储物锁柜）,抽屉柜,品牌01,1800,储物锁柜,灰色,8*1*1,8,AL26F,艾米丽,收货,上架
MoPH45MeNa,藏青色 品牌12 450 鼠标（机械式）,鼠标,品牌12,450,机械式,藏青色,16*10*1,160,CI23H,艾米丽,收货,上架
AlRe1732Wh,白色 品牌14 17英寸 一体机（32吉字节内存）,一体机,品牌14,17英寸,32吉字节内存,白色,16*1*1,16,BW65F,艾米丽,收货,上架
KePH35ErWh,白色 品牌12 350 键盘（人体工学）,键盘,品牌12,350,人体工学,白色,16*10*1,160,CG73F,大卫,收货,上架
MoRe35ErNa,藏青色 品牌10 350 鼠标（人体工学）,鼠标,品牌10,350,人体工学,藏青色,16*10*1,160,BT61A,克里斯,收货,上架
CuRG18FiBe,米色 品牌03 1800 储物柜（文件收纳）,储物柜,品牌03,1800,文件收纳,米色,8*1*1,8,BG57A,迈克,收货,上架
OfOGLLeBl,黑色 品牌07 大号 办公椅（皮革）,办公椅,品牌07,大号,皮革,黑色,16*1*1,16,AS91D,克里斯,收货,上架
LaOv178GBl,黑色 品牌13 17英寸 笔记本电脑（8吉字节内存）,笔记本电脑,品牌13,17英寸,8吉字节内存,黑色,16*1*1,16,AS69E,迈克,收货,上架
CaRG18FiWh,白色 品牌03 1800 文件柜（文件收纳）,文件柜,品牌03,1800,文件收纳,白色,8*1*1,8,CI14F,大卫,收货,上架
PeGi24HeGr,灰色 品牌21 24 铅笔（六角形）,铅笔,品牌21,24,六角形,灰色,48*10*5,2400,AP26D,艾米丽,收货,上架
AlYn178GGr,灰色 品牌15 17英寸 一体机（8吉字节内存）,一体机,品牌15,17英寸,8吉字节内存,灰色,16*1*1,16,BN52A,艾米,收货,上架
CaWE90FiBe,米色 品牌02 900 文件柜（文件收纳）,文件柜,品牌02,900,文件收纳,米色,8*1*1,8,CU06B,克里斯,收货,上架
DrQE90LoBe,米色 品牌01 900 抽屉柜（储物锁柜）,抽屉柜,品牌01,900,储物锁柜,米色,8*1*1,8,CK18C,莎拉,收货,上架
TVYn42SFGr,灰色 品牌15 42英寸 电视机（超级全高清）,电视机,品牌15,42英寸,超级全高清,灰色,8*1*1,8,DR70E,劳拉,收货,上架
LaPH17i7Si,银色 品牌12 17英寸 笔记本电脑（第7代处理器）,笔记本电脑,品牌12,17英寸,第7代处理器,银色,16*1*1,16,CI63A,艾米丽,收货,上架
PrSoA2InWh,白色 品牌25 二号纸 打印机（喷墨）,打印机,品牌25,二号纸,喷墨,白色,16*1*1,16,BJ35C,艾米,收货,上架
TaCI18WoWh,白色 品牌27 1800 桌子（工作站）,桌子,品牌27,1800,工作站,白色,8*1*1,8,CG02E,莎拉,收货,上架
TVGL504KGr,灰色 品牌31 50英寸 电视机（超高清）,电视机,品牌31,50英寸,超高清,灰色,8*1*1,8,DO21F,艾米,收货,上架
PrReA4LaBl,黑色 品牌24 四号纸 打印机（激光）,打印机,品牌24,四号纸,激光,黑色,16*1*1,16,CX41D,简,收货,上架
OfOGMAdPi,粉色 品牌07 中号 办公椅（可调节）,办公椅,品牌07,中号,可调节,粉色,16*1*1,16,CT46D,莎拉,收货,上架
PrPHA3WiMi,混合色 品牌12 三号纸 打印机（无线网络）,打印机,品牌12,三号纸,无线网络,混合色,16*1*1,16,BY35G,劳拉,收货,上架
OfOGLErPi,粉色 品牌07 大号 办公椅（人体工学）,办公椅,品牌07,大号,人体工学,粉色,16*1*1,16,CI23F,克里斯,收货,上架
KeRe27ErPi,粉色 品牌10 270 键盘（人体工学）,键盘,品牌10,270,人体工学,粉色,16*10*1,160,AK69H,约翰,收货,上架
DrRG12LoWh,白色 品牌03 1200 抽屉柜（储物锁柜）,抽屉柜,品牌03,1200,储物锁柜,白色,8*1*1,8,BW92D,迈克,收货,上架
GaAESHePi,粉色 品牌05 小号 游戏椅（头枕）,游戏椅,品牌05,小号,头枕,粉色,16*1*1,16,AQ20B,艾米丽,收货,上架
AlYn148GSi,银色 品牌15 14英寸 一体机（8吉字节内存）,一体机,品牌15,14英寸,8吉字节内存,银色,16*1*1,16,CT91B,简,收货,上架
PrSoA3WiBl,黑色 品牌25 三号纸 打印机（无线网络）,打印机,品牌25,三号纸,无线网络,黑色,16*1*1,16,BU10B,莎拉,收货,上架
KeSu27MeWh,白色 品牌11 270 键盘（机械式）,键盘,品牌11,270,机械式,白色,16*10*1,160,CT45C,迈克,收货,上架
DrTE90DoBe,米色 品牌04 900 抽屉柜（带门式）,抽屉柜,品牌04,900,带门式,米色,8*1*1,8,BW43H,简,收货,上架
TVEs424KSi,银色 品牌32 42英寸 电视机（超高清）,电视机,品牌32,42英寸,超高清,银色,8*1*1,8,BI60D,莎拉,收货,上架
LaRe17i5Wh,白色 品牌14 17英寸 笔记本电脑（第5代处理器）,笔记本电脑,品牌14,17英寸,第5代处理器,白色,16*1*1,16,CM04D,劳拉,收货,上架
SPAl50SoBl,黑色 品牌20 50 触控笔（可溶性）,触控笔,品牌20,50,可溶性,黑色,48*10*5,2400,AR92B,劳拉,收货,上架
LaYn1432Gr,灰色 品牌15 14英寸 笔记本电脑（32吉字节内存）,笔记本电脑,品牌15,14英寸,32吉字节内存,灰色,16*1*1,16,CY71C,迈克,收货,上架
TaCI18AuSi,银色 品牌27 1800 桌子（自动调节）,桌子,品牌27,1800,自动调节,银色,8*1*1,8,AY22B,艾米,收货,上架
NoExA5liWh,白色 品牌16 五号纸 笔记本（线条）,笔记本,品牌16,五号纸,线条,白色,48*10*5,2400,BK09F,迈克,收货,上架
MoRe27MeBl,黑色 品牌10 270 鼠标（机械式）,鼠标,品牌10,270,机械式,黑色,16*10*1,160,BI83C,亚历克斯,收货,上架
LaYn1416Gr,灰色 品牌15 14英寸 笔记本电脑（16吉字节内存）,笔记本电脑,品牌15,14英寸,16吉字节内存,灰色,16*1*1,16,CV13F,约翰,收货,上架
GaSESErWh,白色 品牌08 小号 游戏椅（人体工学）,游戏椅,品牌08,小号,人体工学,白色,16*1*1,16,BN32A,亚历克斯,收货,上架
LaRe1732Si,银色 品牌14 17英寸 笔记本电脑（32吉字节内存）,笔记本电脑,品牌14,17英寸,32吉字节内存,银色,16*1*1,16,DN52H,亚历克斯,收货,上架
PeAl12HePi,粉色 品牌20 12 铅笔（六角形）,铅笔,品牌20,12,六角形,粉色,48*10*5,2400,DN98H,劳拉,收货,上架
OfOGLAdWh,白色 品牌07 大号 办公椅（可调节）,办公椅,品牌07,大号,可调节,白色,16*1*1,16,DR85G,劳拉,收货,上架
PrNoA4InMi,混合色 品牌26 四号纸 打印机（喷墨）,打印机,品牌26,四号纸,喷墨,混合色,16*1*1,16,CF51F,亚历克斯,收货,上架
DrRG18LoWh,白色 品牌03 1800 抽屉柜（储物锁柜）,抽屉柜,品牌03,1800,储物锁柜,白色,8*1*1,8,CW86H,克里斯,收货,上架
CaQE18SlBe,米色 品牌01 1800 文件柜（滑动式）,文件柜,品牌01,1800,滑动式,米色,8*1*1,8,BJ86C,迈克,收货,上架
KeHc35WiBl,黑色 品牌09 350 键盘（有线）,键盘,品牌09,350,有线,黑色,16*10*1,160,AF65F,简,收货,上架
DrWE12LoGr,灰色 品牌02 1200 抽屉柜（储物锁柜）,抽屉柜,品牌02,1200,储物锁柜,灰色,8*1*1,8,BP72B,约翰,收货,上架
KeSu35ErNa,藏青色 品牌11 350 键盘（人体工学）,键盘,品牌11,350,人体工学,藏青色,16*10*1,160,DP32E,艾米丽,收货,上架
KeRe27MePi,粉色 品牌10 270 键盘（机械式）,键盘,品牌10,270,机械式,粉色,16*10*1,160,CM80D,迈克,收货,上架
TVEs50S4Wh,白色 品牌32 50英寸 电视机（超级超高清）,电视机,品牌32,50英寸,超级超高清,白色,8*1*1,8,AJ91E,劳拉,收货,上架
GaSESErGr,灰色 品牌08 小号 游戏椅（人体工学）,游戏椅,品牌08,小号,人体工学,灰色,16*1*1,16,AZ61G,艾米丽,收货,上架
DrTE18FiWh,白色 品牌04 1800 抽屉柜（文件收纳）,抽屉柜,品牌04,1800,文件收纳,白色,8*1*1,8,BZ33C,克里斯,收货,上架
TVGL75SFWh,白色 品牌31 75英寸 电视机（超级全高清）,电视机,品牌31,75英寸,超级全高清,白色,8*1*1,8,CK29B,艾米丽,收货,上架
DrQE18DoWh,白色 品牌01 1800 抽屉柜（带门式）,抽屉柜,品牌01,1800,带门式,白色,8*1*1,8,CJ65D,简,收货,上架
PrPHA4WiWh,白色 品牌12 四号纸 打印机（无线网络）,打印机,品牌12,四号纸,无线网络,白色,16*1*1,16,AY95H,简,收货,上架
CaWE90FiGr,灰色 品牌02 900 文件柜（文件收纳）,文件柜,品牌02,900,文件收纳,灰色,8*1*1,8,DP57H,劳拉,收货,上架
TVGL50FHGr,灰色 品牌31 50英寸 电视机（全高清）,电视机,品牌31,50英寸,全高清,灰色,8*1*1,8,AM76F,劳拉,收货,上架
LaPH1532Bl,黑色 品牌12 15英寸 笔记本电脑（32吉字节内存）,笔记本电脑,品牌12,15英寸,32吉字节内存,黑色,16*1*1,16,AI87H,克里斯,收货,上架
TVEs50S4Si,银色 品牌32 50英寸 电视机（超级超高清）,电视机,品牌32,50英寸,超级超高清,银色,8*1*1,8,CV60E,约翰,收货,上架
PrSoA2LaGr,灰色 品牌25 二号纸 打印机（激光）,打印机,品牌25,二号纸,激光,灰色,16*1*1,16,DM33E,艾米丽,收货,上架
MoSu45WiPi,粉色 品牌11 450 鼠标（有线）,鼠标,品牌11,450,有线,粉色,16*10*1,160,BQ77F,克里斯,收货,上架
TVYn50SFGr,灰色 品牌15 50英寸 电视机（超级全高清）,电视机,品牌15,50英寸,超级全高清,灰色,8*1*1,8,CR47G,迈克,收货,上架
NoGrA3doSi,银色 品牌18 三号纸 笔记本（点阵）,笔记本,品牌18,三号纸,点阵,银色,48*10*5,2400,BL80F,约翰,收货,上架
DrRG18SlWh,白色 品牌03 1800 抽屉柜（滑动式）,抽屉柜,品牌03,1800,滑动式,白色,8*1*1,8,DW31C,艾米丽,收货,上架
GaAESAdWh,白色 品牌05 小号 游戏椅（可调节）,游戏椅,品牌05,小号,可调节,白色,16*1*1,16,DJ11H,约翰,收货,上架
TVGL75SFSi,银色 品牌31 75英寸 电视机（超级全高清）,电视机,品牌31,75英寸,超级全高清,银色,8*1*1,8,CI37C,简,收货,上架
LaSu15i5Si,银色 品牌11 15英寸 笔记本电脑（第5代处理器）,笔记本电脑,品牌11,15英寸,第5代处理器,银色,16*1*1,16,AO28E,简,收货,上架
TVEs75S4Bl,黑色 品牌32 75英寸 电视机（超级超高清）,电视机,品牌32,75英寸,超级超高清,黑色,8*1*1,8,AM85H,亚历克斯,收货,上架
GaXEMLeGr,灰色 品牌06 中号 游戏椅（皮革）,游戏椅,品牌06,中号,皮革,灰色,16*1*1,16,CG10H,克里斯,收货,上架
PeNa12WaPi,粉色 品牌23 12 铅笔（水彩）,铅笔,品牌23,12,水彩,粉色,48*10*5,2400,CG90A,简,收货,上架
TVGn32FHBl,黑色 品牌30 32英寸 电视机（全高清）,电视机,品牌30,32英寸,全高清,黑色,8*1*1,8,CP76A,约翰,收货,上架
MoHc35BlWh,白色 品牌09 350 鼠标（蓝牙）,鼠标,品牌09,350,蓝牙,白色,16*10*1,160,AW95G,约翰,收货,上架
LaPH1416Gr,灰色 品牌12 14英寸 笔记本电脑（16吉字节内存）,笔记本电脑,品牌12,14英寸,16吉字节内存,灰色,16*1*1,16,DN75B,亚历克斯,收货,上架
KePH45ErPi,粉色 品牌12 450 键盘（人体工学）,键盘,品牌12,450,人体工学,粉色,16*10*1,160,AS46B,约翰,收货,上架
LaYn178GBl,黑色 品牌15 17英寸 笔记本电脑（8吉字节内存）,笔记本电脑,品牌15,17英寸,8吉字节内存,黑色,16*1*1,16,CI78B,克里斯,收货,上架
TVYn32SFBl,黑色 品牌15 32英寸 电视机（超级全高清）,电视机,品牌15,32英寸,超级全高清,黑色,8*1*1,8,AH64G,大卫,收货,上架
CaWE18FiWh,白色 品牌02 1800 文件柜（文件收纳）,文件柜,品牌02,1800,文件收纳,白色,8*1*1,8,CR02G,莎拉,收货,上架
KeHc35BlBl,黑色 品牌09 350 键盘（蓝牙）,键盘,品牌09,350,蓝牙,黑色,16*10*1,160,DZ84E,艾米,收货,上架
TaTR15AdWh,白色 品牌29 1500 桌子（可调节）,桌子,品牌29,1500,可调节,白色,8*1*1,8,AH16D,艾米,收货,上架
CaQE12LoGr,灰色 品牌01 1200 文件柜（储物锁柜）,文件柜,品牌01,1200,储物锁柜,灰色,8*1*1,8,DX61C,莎拉,收货,上架
PeRe50HeGr,灰色 品牌22 50 铅笔（六角形）,铅笔,品牌22,50,六角形,灰色,48*10*5,2400,BU79G,亚历克斯,收货,上架
NoMuA4liBl,黑色 品牌19 四号纸 笔记本（线条）,笔记本,品牌19,四号纸,线条,黑色,48*10*5,2400,DL56H,艾米丽,收货,上架
GaSESErBl,黑色 品牌08 小号 游戏椅（人体工学）,游戏椅,品牌08,小号,人体工学,黑色,16*1*1,16,AW21H,莎拉,收货,上架
KeRe35MeBl,黑色 品牌10 350 键盘（机械式）,键盘,品牌10,350,机械式,黑色,16*10*1,160,DP19C,约翰,收货,上架
DrRG90SlGr,灰色 品牌03 900 抽屉柜（滑动式）,抽屉柜,品牌03,900,滑动式,灰色,8*1*1,8,AJ62E,艾米丽,收货,上架
TaAE15FrBl,黑色 品牌05 1500 桌子（框架式）,桌子,品牌05,1500,框架式,黑色,8*1*1,8,DT25H,约翰,收货,上架
LaPH148GBl,黑色 品牌12 14英寸 笔记本电脑（8吉字节内存）,笔记本电脑,品牌12,14英寸,8吉字节内存,黑色,16*1*1,16,DQ86F,劳拉,收货,上架
AlPH178GSi,银色 品牌12 17英寸 一体机（8吉字节内存）,一体机,品牌12,17英寸,8吉字节内存,银色,16*1*1,16,CT10F,大卫,收货,上架
CaRG12LoBl,黑色 品牌03 1200 文件柜（储物锁柜）,文件柜,品牌03,1200,储物锁柜,黑色,8*1*1,8,BF55C,克里斯,收货,上架
LaRe14i7Gr,灰色 品牌14 14英寸 笔记本电脑（第7代处理器）,笔记本电脑,品牌14,14英寸,第7代处理器,灰色,16*1*1,16,AP36A,莎拉,收货,上架
TVGn32SFSi,银色 品牌30 32英寸 电视机（超级全高清）,电视机,品牌30,32英寸,超级全高清,银色,8*1*1,8,CM95E,艾米丽,收货,上架
PrNoA4MoGr,灰色 品牌26 四号纸 打印机（黑白）,打印机,品牌26,四号纸,黑白,灰色,16*1*1,16,CU88E,迈克,收货,上架
AlSu1732Bl,黑色 品牌11 17英寸 一体机（32吉字节内存）,一体机,品牌11,17英寸,32吉字节内存,黑色,16*1*1,16,AQ93A,迈克,收货,上架
TVEs42SFSi,银色 品牌32 42英寸 电视机（超级全高清）,电视机,品牌32,42英寸,超级全高清,银色,8*1*1,8,BP17D,艾米丽,收货,上架
DrWE12FiGr,灰色 品牌02 1200 抽屉柜（文件收纳）,抽屉柜,品牌02,1200,文件收纳,灰色,8*1*1,8,AV81G,莎拉,收货,上架
TVYn32S4Si,银色 品牌15 32英寸 电视机（超级超高清）,电视机,品牌15,32英寸,超级超高清,银色,8*1*1,8,BX70H,迈克,收货,上架
TaAE18FrBl,黑色 品牌05 1800 桌子（框架式）,桌子,品牌05,1800,框架式,黑色,8*1*1,8,DW78G,克里斯,收货,上架
CuRG12FiBl,黑色 品牌03 1200 储物柜（文件收纳）,储物柜,品牌03,1200,文件收纳,黑色,8*1*1,8,BZ59C,艾米,收货,上架
GaSEMAdWh,白色 品牌08 中号 游戏椅（可调节）,游戏椅,品牌08,中号,可调节,白色,16*1*1,16,AL12B,艾米丽,收货,上架
CuTE12FiWh,白色 品牌04 1200 储物柜（文件收纳）,储物柜,品牌04,1200,文件收纳,白色,8*1*1,8,DY17D,艾米,收货,上架
CaQE90SlBe,米色 品牌01 900 文件柜（滑动式）,文件柜,品牌01,900,滑动式,米色,8*1*1,8,CS47D,克里斯,收货,上架
LaSu1516Bl,黑色 品牌11 15英寸 笔记本电脑（16吉字节内存）,笔记本电脑,品牌11,15英寸,16吉字节内存,黑色,16*1*1,16,CP18G,艾米,收货,上架
NoGrA3doSi,银色 品牌18 三号纸 笔记本（点阵）,笔记本,品牌18,三号纸,点阵,银色,48*10*5,2400,BQ50G,亚历克斯,收货,上架
OfXESAdWh,白色 品牌06 小号 办公椅（可调节）,办公椅,品牌06,小号,可调节,白色,16*1*1,16,CW58B,迈克,收货,上架
AlOv158GBl,黑色 品牌13 15英寸 一体机（8吉字节内存）,一体机,品牌13,15英寸,8吉字节内存,黑色,16*1*1,16,BM73B,约翰,收货,上架
SPGi24HePi,粉色 品牌21 24 触控笔（六角形）,触控笔,品牌21,24,六角形,粉色,48*10*5,2400,CW37H,艾米丽,收货,上架
CaQE12LoBe,米色 品牌01 1200 文件柜（储物锁柜）,文件柜,品牌01,1200,储物锁柜,米色,8*1*1,8,CG35E,大卫,收货,上架
GaOGMHePi,粉色 品牌07 中号 游戏椅（头枕）,游戏椅,品牌07,中号,头枕,粉色,16*1*1,16,BX75C,约翰,收货,上架
KeRe45BlBl,黑色 品牌10 450 键盘（蓝牙）,键盘,品牌10,450,蓝牙,黑色,16*10*1,160,AH56B,克里斯,收货,上架
LaPH158GBl,黑色 品牌12 15英寸 笔记本电脑（8吉字节内存）,笔记本电脑,品牌12,15英寸,8吉字节内存,黑色,16*1*1,16,DZ87A,劳拉,收货,上架
TVEs424KSi,银色 品牌32 42英寸 电视机（超高清）,电视机,品牌32,42英寸,超高清,银色,8*1*1,8,CN34A,劳拉,收货,上架
LaSu1732Gr,灰色 品牌11 17英寸 笔记本电脑（32吉字节内存）,笔记本电脑,品牌11,17英寸,32吉字节内存,灰色,16*1*1,16,DN24H,大卫,收货,上架
PrReA2MoBl,黑色 品牌24 二号纸 打印机（黑白）,打印机,品牌24,二号纸,黑白,黑色,16*1*1,16,DG74H,大卫,收货,上架
CuTE12DoBl,黑色 品牌04 1200 储物柜（带门式）,储物柜,品牌04,1200,带门式,黑色,8*1*1,8,BV01E,亚历克斯,收货,上架
LaYn15i7Gr,灰色 品牌15 15英寸 笔记本电脑（第7代处理器）,笔记本电脑,品牌15,15英寸,第7代处理器,灰色,16*1*1,16,CK58E,克里斯,收货,上架
PrNoA3LaBl,黑色 品牌26 三号纸 打印机（激光）,打印机,品牌26,三号纸,激光,黑色,16*1*1,16,BT04F,艾米,收货,上架
NoExA3liGr,灰色 品牌16 三号纸 笔记本（线条）,笔记本,品牌16,三号纸,线条,灰色,48*10*5,2400,AO07A,简,收货,上架
CaRG18FiBe,米色 品牌03 1800 文件柜（文件收纳）,文件柜,品牌03,1800,文件收纳,米色,8*1*1,8,BT23H,艾米,收货,上架
OfSESHeGr,灰色 品牌08 小号 办公椅（头枕）,办公椅,品牌08,小号,头枕,灰色,16*1*1,16,BL90D,莎拉,收货,上架
SPGi12HeWh,白色 品牌21 12 触控笔（六角形）,触控笔,品牌21,12,六角形,白色,48*10*5,2400,BZ39D,艾米,收货,上架
CaQE12DoBl,黑色 品牌01 1200 文件柜（带门式）,文件柜,品牌01,1200,带门式,黑色,8*1*1,8,AH65B,简,收货,上架
KeHc27BlPi,粉色 品牌09 270 键盘（蓝牙）,键盘,品牌09,270,蓝牙,粉色,16*10*1,160,CO20F,迈克,收货,上架
PeAl24HeGr,灰色 品牌20 24 铅笔（六角形）,铅笔,品牌20,24,六角形,灰色,48*10*5,2400,BF08G,劳拉,收货,上架
MoRe35WiPi,粉色 品牌10 350 鼠标（有线）,鼠标,品牌10,350,有线,粉色,16*10*1,160,AO97E,艾米,收货,上架
AlYn1432Bl,黑色 品牌15 14英寸 一体机（32吉字节内存）,一体机,品牌15,14英寸,32吉字节内存,黑色,16*1*1,16,AQ11F,简,收货,上架
NoExA5doSi,银色 品牌16 五号纸 笔记本（点阵）,笔记本,品牌16,五号纸,点阵,银色,48*10*5,2400,BU49E,艾米,收货,上架
OfXEMErPi,粉色 品牌06 中号 办公椅（人体工学）,办公椅,品牌06,中号,人体工学,粉色,16*1*1,16,CQ73F,约翰,收货,上架
TaCI18AuWh,白色 品牌27 1800 桌子（自动调节）,桌子,品牌27,1800,自动调节,白色,8*1*1,8,BQ04C,约翰,收货,上架
TaAE15AuBl,黑色 品牌05 1500 桌子（自动调节）,桌子,品牌05,1500,自动调节,黑色,8*1*1,8,CR77B,迈克,收货,上架
CaQE12LoWh,白色 品牌01 1200 文件柜（储物锁柜）,文件柜,品牌01,1200,储物锁柜,白色,8*1*1,8,BK11H,迈克,收货,上架
AlRe1516Si,银色 品牌14 15英寸 一体机（16吉字节内存）,一体机,品牌14,15英寸,16吉字节内存,银色,16*1*1,16,BL56C,艾米丽,收货,上架
TVYn75S4Bl,黑色 品牌15 75英寸 电视机（超级超高清）,电视机,品牌15,75英寸,超级超高清,黑色,8*1*1,8,DY85F,艾米丽,收货,上架
GaOGMErWh,白色 品牌07 中号 游戏椅（人体工学）,游戏椅,品牌07,中号,人体工学,白色,16*1*1,16,BJ88H,简,收货,上架
OfOGMHeWh,白色 品牌07 中号 办公椅（头枕）,办公椅,品牌07,中号,头枕,白色,16*1*1,16,CZ57B,艾米丽,收货,上架
MoPH45ErPi,粉色 品牌12 450 鼠标（人体工学）,鼠标,品牌12,450,人体工学,粉色,16*10*1,160,CW40B,亚历克斯,收货,上架
CaQE12FiGr,灰色 品牌01 1200 文件柜（文件收纳）,文件柜,品牌01,1200,文件收纳,灰色,8*1*1,8,CI33C,莎拉,收货,上架
MoHc35BlBl,黑色 品牌09 350 鼠标（蓝牙）,鼠标,品牌09,350,蓝牙,黑色,16*10*1,160,BZ66D,亚历克斯,收货,上架
TVYn32FHSi,银色 品牌15 32英寸 电视机（全高清）,电视机,品牌15,32英寸,全高清,银色,8*1*1,8,CU40G,艾米丽,收货,上架
PeAl50WaGr,灰色 品牌20 50 铅笔（水彩）,铅笔,品牌20,50,水彩,灰色,48*10*5,2400,AX94E,大卫,收货,上架
LaOv1432Gr,灰色 品牌13 14英寸 笔记本电脑（32吉字节内存）,笔记本电脑,品牌13,14英寸,32吉字节内存,灰色,16*1*1,16,DM83H,迈克,收货,上架
TVEs654KWh,白色 品牌32 65英寸 电视机（超高清）,电视机,品牌32,65英寸,超高清,白色,8*1*1,8,DM71G,简,收货,上架
MoRe27MeBl,黑色 品牌10 270 鼠标（机械式）,鼠标,品牌10,270,机械式,黑色,16*10*1,160,CP75G,亚历克斯,收货,上架
TVGL32SFSi,银色 品牌31 32英寸 电视机（超级全高清）,电视机,品牌31,32英寸,超级全高清,银色,8*1*1,8,CF09B,劳拉,收货,上架
PrSoA3LaWh,白色 品牌25 三号纸 打印机（激光）,打印机,品牌25,三号纸,激光,白色,16*1*1,16,CK26G,艾米,收货,上架
CuTE12LoBe,米色 品牌04 1200 储物柜（储物锁柜）,储物柜,品牌04,1200,储物锁柜,米色,8*1*1,8,CH90G,亚历克斯,收货,上架
TVGn654KBl,黑色 品牌30 65英寸 电视机（超高清）,电视机,品牌30,65英寸,超高清,黑色,8*1*1,8,CT02D,大卫,收货,上架
OfOGLHePi,粉色 品牌07 大号 办公椅（头枕）,办公椅,品牌07,大号,头枕,粉色,16*1*1,16,DN70F,莎拉,收货,上架
AlRe158GGr,灰色 品牌14 15英寸 一体机（8吉字节内存）,一体机,品牌14,15英寸,8吉字节内存,灰色,16*1*1,16,AU24C,亚历克斯,收货,上架
TVGL50S4Wh,白色 品牌31 50英寸 电视机（超级超高清）,电视机,品牌31,50英寸,超级超高清,白色,8*1*1,8,AR51B,亚历克斯,收货,上架
PeRe50HeGr,灰色 品牌22 50 铅笔（六角形）,铅笔,品牌22,50,六角形,灰色,48*10*5,2400,AW53D,艾米,收货,上架
KeHc45MeWh,白色 品牌09 450 键盘（机械式）,键盘,品牌09,450,机械式,白色,16*10*1,160,DQ28F,大卫,收货,上架
AlRe1532Bl,黑色 品牌14 15英寸 一体机（32吉字节内存）,一体机,品牌14,15英寸,32吉字节内存,黑色,16*1*1,16,BP75B,克里斯,收货,上架
PeNa50SoPi,粉色 品牌23 50 铅笔（可溶性）,铅笔,品牌23,50,可溶性,粉色,48*10*5,2400,DK89B,大卫,收货,上架
DrTE90FiBl,黑色 品牌04 900 抽屉柜（文件收纳）,抽屉柜,品牌04,900,文件收纳,黑色,8*1*1,8,AT11F,艾米丽,收货,上架
NoGrA5ruWh,白色 品牌18 五号纸 笔记本（横线）,笔记本,品牌18,五号纸,横线,白色,48*10*5,2400,AI66E,简,收货,上架
GaAEMAdGr,灰色 品牌05 中号 游戏椅（可调节）,游戏椅,品牌05,中号,可调节,灰色,16*1*1,16,CT73E,克里斯,收货,上架
DrWE90SlGr,灰色 品牌02 900 抽屉柜（滑动式）,抽屉柜,品牌02,900,滑动式,灰色,8*1*1,8,BL79B,艾米丽,收货,上架
GaSELErWh,白色 品牌08 大号 游戏椅（人体工学）,游戏椅,品牌08,大号,人体工学,白色,16*1*1,16,AH14B,简,收货,上架
MoSu45BlNa,藏青色 品牌11 450 鼠标（蓝牙）,鼠标,品牌11,450,蓝牙,藏青色,16*10*1,160,CL51E,迈克,收货,上架
TVYn42SFGr,灰色 品牌15 42英寸 电视机（超级全高清）,电视机,品牌15,42英寸,超级全高清,灰色,8*1*1,8,DM13A,简,收货,上架
TVYn654KBl,黑色 品牌15 65英寸 电视机（超高清）,电视机,品牌15,65英寸,超高清,黑色,8*1*1,8,DY79B,约翰,收货,上架
GaOGSHePi,粉色 品牌07 小号 游戏椅（头枕）,游戏椅,品牌07,小号,头枕,粉色,16*1*1,16,CV75H,简,收货,上架
LaYn14i5Wh,白色 品牌15 14英寸 笔记本电脑（第5代处理器）,笔记本电脑,品牌15,14英寸,第5代处理器,白色,16*1*1,16,DG06C,艾米丽,收货,上架
LaRe1416Bl,黑色 品牌14 14英寸 笔记本电脑（16吉字节内存）,笔记本电脑,品牌14,14英寸,16吉字节内存,黑色,16*1*1,16,CW67G,迈克,收货,上架
PrSoA4WiGr,灰色 品牌25 四号纸 打印机（无线网络）,打印机,品牌25,四号纸,无线网络,灰色,16*1*1,16,DK70B,劳拉,收货,上架
TVYn32SFGr,灰色 品牌15 32英寸 电视机（超级全高清）,电视机,品牌15,32英寸,超级全高清,灰色,8*1*1,8,DI11H,迈克,收货,上架
PrReA3AlBl,黑色 品牌24 三号纸 打印机（一体式）,打印机,品牌24,三号纸,一体式,黑色,16*1*1,16,DS30A,莎拉,收货,上架
CaWE18FiBl,黑色 品牌02 1800 文件柜（文件收纳）,文件柜,品牌02,1800,文件收纳,黑色,8*1*1,8,DZ45D,亚历克斯,收货,上架
TVEs754KSi,银色 品牌32 75英寸 电视机（超高清）,电视机,品牌32,75英寸,超高清,银色,8*1*1,8,DX20H,艾米丽,收货,上架
AlRe17i5Gr,灰色 品牌14 17英寸 一体机（第5代处理器）,一体机,品牌14,17英寸,第5代处理器,灰色,16*1*1,16,AF41G,克里斯,收货,上架
MoSu35WiNa,藏青色 品牌11 350 鼠标（有线）,鼠标,品牌11,350,有线,藏青色,16*10*1,160,CS14H,艾米,收货,上架
TaAE10AuGr,灰色 品牌05 1000 桌子（自动调节）,桌子,品牌05,1000,自动调节,灰色,8*1*1,8,AX11A,简,收货,上架
TVGL32S4Si,银色 品牌31 32英寸 电视机（超级超高清）,电视机,品牌31,32英寸,超级超高清,银色,8*1*1,8,AY97D,约翰,收货,上架
NoExA3liWh,白色 品牌16 三号纸 笔记本（线条）,笔记本,品牌16,三号纸,线条,白色,48*10*5,2400,CW55F,艾米,收货,上架
PeNa24SoGr,灰色 品牌23 24 铅笔（可溶性）,铅笔,品牌23,24,可溶性,灰色,48*10*5,2400,DH42G,约翰,收货,上架
GaSESLeGr,灰色 品牌08 小号 游戏椅（皮革）,游戏椅,品牌08,小号,皮革,灰色,16*1*1,16,BV92E,简,收货,上架
OfSEMErPi,粉色 品牌08 中号 办公椅（人体工学）,办公椅,品牌08,中号,人体工学,粉色,16*1*1,16,BL05H,劳拉,收货,上架
GaXEMHeBl,黑色 品牌06 中号 游戏椅（头枕）,游戏椅,品牌06,中号,头枕,黑色,16*1*1,16,AS53F,艾米丽,收货,上架
SPGi50SoGr,灰色 品牌21 50 触控笔（可溶性）,触控笔,品牌21,50,可溶性,灰色,48*10*5,2400,BW05H,劳拉,收货,上架
TaTR15AdGr,灰色 品牌29 1500 桌子（可调节）,桌子,品牌29,1500,可调节,灰色,8*1*1,8,DN85B,莎拉,收货,上架
DrRG12LoBl,黑色 品牌03 1200 抽屉柜（储物锁柜）,抽屉柜,品牌03,1200,储物锁柜,黑色,8*1*1,8,BT75C,迈克,收货,上架
LaRe17i5Wh,白色 品牌14 17英寸 笔记本电脑（第5代处理器）,笔记本电脑,品牌14,17英寸,第5代处理器,白色,16*1*1,16,CL96B,简,收货,上架
AlRe148GBl,黑色 品牌14 14英寸 一体机（8吉字节内存）,一体机,品牌14,14英寸,8吉字节内存,黑色,16*1*1,16,BJ13F,大卫,收货,上架
LaPH158GSi,银色 品牌12 15英寸 笔记本电脑（8吉字节内存）,笔记本电脑,品牌12,15英寸,8吉字节内存,银色,16*1*1,16,AP53D,约翰,收货,上架
MoPH45MeWh,白色 品牌12 450 鼠标（机械式）,鼠标,品牌12,450,机械式,白色,16*10*1,160,BW44A,莎拉,收货,上架
OfAELAdGr,灰色 品牌05 大号 办公椅（可调节）,办公椅,品牌05,大号,可调节,灰色,16*1*1,16,BI32C,艾米丽,收货,上架
DrWE18FiBe,米色 品牌02 1800 抽屉柜（文件收纳）,抽屉柜,品牌02,1800,文件收纳,米色,8*1*1,8,DQ62D,克里斯,收货,上架
SPGi50SoWh,白色 品牌21 50 触控笔（可溶性）,触控笔,品牌21,50,可溶性,白色,48*10*5,2400,DU19C,克里斯,收货,上架
OfOGLLePi,粉色 品牌07 大号 办公椅（皮革）,办公椅,品牌07,大号,皮革,粉色,16*1*1,16,DO54C,劳拉,收货,上架
GaOGSErWh,白色 品牌07 小号 游戏椅（人体工学）,游戏椅,品牌07,小号,人体工学,白色,16*1*1,16,AQ40D,大卫,收货,上架
GaSEMLeBl,黑色 品牌08 中号 游戏椅（皮革）,游戏椅,品牌08,中号,皮革,黑色,16*1*1,16,AI52D,迈克,收货,上架
LaSu1532Si,银色 品牌11 15英寸 笔记本电脑（32吉字节内存）,笔记本电脑,品牌11,15英寸,32吉字节内存,银色,16*1*1,16,DO66A,约翰,收货,上架
TVGL654KBl,黑色 品牌31 65英寸 电视机（超高清）,电视机,品牌31,65英寸,超高清,黑色,8*1*1,8,CK47F,克里斯,收货,上架
LaRe14i7Gr,灰色 品牌14 14英寸 笔记本电脑（第7代处理器）,笔记本电脑,品牌14,14英寸,第7代处理器,灰色,16*1*1,16,BS51C,克里斯,收货,上架
PeGi50WaPi,粉色 品牌21 50 铅笔（水彩）,铅笔,品牌21,50,水彩,粉色,48*10*5,2400,AK89F,大卫,收货,上架
KeHc45BlPi,粉色 品牌09 450 键盘（蓝牙）,键盘,品牌09,450,蓝牙,粉色,16*10*1,160,CZ10G,迈克,收货,上架
KePH35BlBl,黑色 品牌12 350 键盘（蓝牙）,键盘,品牌12,350,蓝牙,黑色,16*10*1,160,CL23F,艾米,收货,上架
TVGn32S4Si,银色 品牌30 32英寸 电视机（超级超高清）,电视机,品牌30,32英寸,超级超高清,银色,8*1*1,8,AZ88E,莎拉,收货,上架
MoHc27MePi,粉色 品牌09 270 鼠标（机械式）,鼠标,品牌09,270,机械式,粉色,16*10*1,160,AU11A,莎拉,收货,上架
DrWE18DoBe,米色 品牌02 1800 抽屉柜（带门式）,抽屉柜,品牌02,1800,带门式,米色,8*1*1,8,CZ46G,克里斯,收货,上架
AlOv17i7Bl,黑色 品牌13 17英寸 一体机（第7代处理器）,一体机,品牌13,17英寸,第7代处理器,黑色,16*1*1,16,BP41E,莎拉,收货,上架
TVGL32SFSi,银色 品牌31 32英寸 电视机（超级全高清）,电视机,品牌31,32英寸,超级全高清,银色,8*1*1,8,BZ93G,约翰,收货,上架
GaAESAdGr,灰色 品牌05 小号 游戏椅（可调节）,游戏椅,品牌05,小号,可调节,灰色,16*1*1,16,AZ44F,劳拉,收货,上架
NoMuA3ruWh,白色 品牌19 三号纸 笔记本（横线）,笔记本,品牌19,三号纸,横线,白色,48*10*5,2400,AN36F,劳拉,收货,上架
AlPH17i5Gr,灰色 品牌12 17英寸 一体机（第5代处理器）,一体机,品牌12,17英寸,第5代处理器,灰色,16*1*1,16,AK93G,大卫,收货,上架
TVGL32S4Wh,白色 品牌31 32英寸 电视机（超级超高清）,电视机,品牌31,32英寸,超级超高清,白色,8*1*1,8,CZ08A,亚历克斯,收货,上架
SPRe12HePi,粉色 品牌22 12 触控笔（六角形）,触控笔,品牌22,12,六角形,粉色,48*10*5,2400,AM52E,莎拉,收货,上架
PrReA2InMi,混合色 品牌24 二号纸 打印机（喷墨）,打印机,品牌24,二号纸,喷墨,混合色,16*1*1,16,DT10F,大卫,收货,上架
DrWE12FiBe,米色 品牌02 1200 抽屉柜（文件收纳）,抽屉柜,品牌02,1200,文件收纳,米色,8*1*1,8,AF64E,艾米,收货,上架
TVEs42S4Gr,灰色 品牌32 42英寸 电视机（超级超高清）,电视机,品牌32,42英寸,超级超高清,灰色,8*1*1,8,BR80G,艾米,收货,上架
CuQE90LoGr,灰色 品牌01 900 储物柜（储物锁柜）,储物柜,品牌01,900,储物锁柜,灰色,8*1*1,8,DX70F,艾米,收货,上架
GaAEMAdGr,灰色 品牌05 中号 游戏椅（可调节）,游戏椅,品牌05,中号,可调节,灰色,16*1*1,16,BI24C,劳拉,收货,上架
OfSELErBl,黑色 品牌08 大号 办公椅（人体工学）,办公椅,品牌08,大号,人体工学,黑色,16*1*1,16,AZ67F,简,收货,上架
KeSu35ErPi,粉色 品牌11 350 键盘（人体工学）,键盘,品牌11,350,人体工学,粉色,16*10*1,160,DP82B,艾米丽,收货,上架
LaSu158GSi,银色 品牌11 15英寸 笔记本电脑（8吉字节内存）,笔记本电脑,品牌11,15英寸,8吉字节内存,银色,16*1*1,16,BP57C,艾米,收货,上架
TVEs42S4Bl,黑色 品牌32 42英寸 电视机（超级超高清）,电视机,品牌32,42英寸,超级超高清,黑色,8*1*1,8,BY05B,劳拉,收货,上架
PeAl50WaGr,灰色 品牌20 50 铅笔（水彩）,铅笔,品牌20,50,水彩,灰色,48*10*5,2400,CI16D,亚历克斯,收货,上架
TaTR18WoBl,黑色 品牌28 1800 桌子（工作站）,桌子,品牌28,1800,工作站,黑色,8*1*1,8,AM49E,莎拉,收货,上架
CuRG18LoBe,米色 品牌03 1800 储物柜（储物锁柜）,储物柜,品牌03,1800,储物锁柜,米色,8*1*1,8,CV75G,大卫,收货,上架
TaCI15FrGr,灰色 品牌27 1500 桌子（框架式）,桌子,品牌27,1500,框架式,灰色,8*1*1,8,CM41C,艾米,收货,上架
SPAl12HePi,粉色 品牌20 12 触控笔（六角形）,触控笔,品牌20,12,六角形,粉色,48*10*5,2400,CM18G,迈克,收货,上架
TVGL65SFGr,灰色 品牌31 65英寸 电视机（超级全高清）,电视机,品牌31,65英寸,超级全高清,灰色,8*1*1,8,AV18B,克里斯,收货,上架
TVYn65SFBl,黑色 品牌15 65英寸 电视机（超级全高清）,电视机,品牌15,65英寸,超级全高清,黑色,8*1*1,8,BT96E,克里斯,收货,上架
PeNa24SoWh,白色 品牌23 24 铅笔（可溶性）,铅笔,品牌23,24,可溶性,白色,48*10*5,2400,BF52E,亚历克斯,收货,上架
LaOv17i5Wh,白色 品牌13 17英寸 笔记本电脑（第5代处理器）,笔记本电脑,品牌13,17英寸,第5代处理器,白色,16*1*1,16,DQ54C,劳拉,收货,上架
LaOv14i7Bl,黑色 品牌13 14英寸 笔记本电脑（第7代处理器）,笔记本电脑,品牌13,14英寸,第7代处理器,黑色,16*1*1,16,CZ47E,艾米丽,收货,上架
DrWE12FiGr,灰色 品牌02 1200 抽屉柜（文件收纳）,抽屉柜,品牌02,1200,文件收纳,灰色,8*1*1,8,CY94B,亚历克斯,收货,上架
CuQE12LoBe,米色 品牌01 1200 储物柜（储物锁柜）,储物柜,品牌01,1200,储物锁柜,米色,8*1*1,8,DP36H,约翰,收货,上架
PrReA2LaWh,白色 品牌24 二号纸 打印机（激光）,打印机,品牌24,二号纸,激光,白色,16*1*1,16,CL63E,克里斯,收货,上架
MoPH45BlWh,白色 品牌12 450 鼠标（蓝牙）,鼠标,品牌12,450,蓝牙,白色,16*10*1,160,AY81H,莎拉,收货,上架
NoGrA5liGr,灰色 品牌18 五号纸 笔记本（线条）,笔记本,品牌18,五号纸,线条,灰色,48*10*5,2400,BW04C,艾米,收货,上架
PrNoA3LaBl,黑色 品牌26 三号纸 打印机（激光）,打印机,品牌26,三号纸,激光,黑色,16*1*1,16,BH48D,迈克,收货,上架
PrNoA3MoMi,混合色 品牌26 三号纸 打印机（黑白）,打印机,品牌26,三号纸,黑白,混合色,16*1*1,16,AK23F,艾米,收货,上架
TVEs65S4Gr,灰色 品牌32 65英寸 电视机（超级超高清）,电视机,品牌32,65英寸,超级超高清,灰色,8*1*1,8,DY05E,迈克,收货,上架
CaQE90DoBe,米色 品牌01 900 文件柜（带门式）,文件柜,品牌01,900,带门式,米色,8*1*1,8,DI67B,亚历克斯,收货,上架
AlPH1732Si,银色 品牌12 17英寸 一体机（32吉字节内存）,一体机,品牌12,17英寸,32吉字节内存,银色,16*1*1,16,DS64D,克里斯,收货,上架
MoRe27BlNa,藏青色 品牌10 270 鼠标（蓝牙）,鼠标,品牌10,270,蓝牙,藏青色,16*10*1,160,AP83H,迈克,收货,上架
TaTR18FrGr,灰色 品牌29 1800 桌子（框架式）,桌子,品牌29,1800,框架式,灰色,8*1*1,8,CX78C,莎拉,收货,上架
OfXELAdBl,黑色 品牌06 大号 办公椅（可调节）,办公椅,品牌06,大号,可调节,黑色,16*1*1,16,AR22D,莎拉,收货,上架
MoPH45MeBl,黑色 品牌12 450 鼠标（机械式）,鼠标,品牌12,450,机械式,黑色,16*10*1,160,BG07C,劳拉,收货,上架
CaTE18LoBe,米色 品牌04 1800 文件柜（储物锁柜）,文件柜,品牌04,1800,储物锁柜,米色,8*1*1,8,DV58C,迈克,收货,上架
LaRe1716Wh,白色 品牌14 17英寸 笔记本电脑（16吉字节内存）,笔记本电脑,品牌14,17英寸,16吉字节内存,白色,16*1*1,16,CQ47E,艾米丽,收货,上架
TaTR15AuGr,灰色 品牌28 1500 桌子（自动调节）,桌子,品牌28,1500,自动调节,灰色,8*1*1,8,AN64D,艾米,收货,上架
TVYn65S4Si,银色 品牌15 65英寸 电视机（超级超高清）,电视机,品牌15,65英寸,超级超高清,银色,8*1*1,8,BS61C,大卫,收货,上架
PrNoA3AlWh,白色 品牌26 三号纸 打印机（一体式）,打印机,品牌26,三号纸,一体式,白色,16*1*1,16,AF84A,约翰,收货,上架
PrSoA3LaBl,黑色 品牌25 三号纸 打印机（激光）,打印机,品牌25,三号纸,激光,黑色,16*1*1,16,DP54A,艾米丽,收货,上架
TVEs65FHWh,白色 品牌32 65英寸 电视机（全高清）,电视机,品牌32,65英寸,全高清,白色,8*1*1,8,BX94H,亚历克斯,收货,上架
SPAl12SoBl,黑色 品牌20 12 触控笔（可溶性）,触控笔,品牌20,12,可溶性,黑色,48*10*5,2400,DJ31G,艾米,收货,上架
NoGrA5doGr,灰色 品牌18 五号纸 笔记本（点阵）,笔记本,品牌18,五号纸,点阵,灰色,48*10*5,2400,CU73D,大卫,收货,上架
SPGi50WaWh,白色 品牌21 50 触控笔（水彩）,触控笔,品牌21,50,水彩,白色,48*10*5,2400,AX49B,迈克,收货,上架
LaRe1432Gr,灰色 品牌14 14英寸 笔记本电脑（32吉字节内存）,笔记本电脑,品牌14,14英寸,32吉字节内存,灰色,16*1*1,16,BF03A,迈克,收货,上架
GaXEMHeWh,白色 品牌06 中号 游戏椅（头枕）,游戏椅,品牌06,中号,头枕,白色,16*1*1,16,AN37B,亚历克斯,收货,上架
OfSELAdGr,灰色 品牌08 大号 办公椅（可调节）,办公椅,品牌08,大号,可调节,灰色,16*1*1,16,BF44A,约翰,收货,上架
AlOv1532Wh,白色 品牌13 15英寸 一体机（32吉字节内存）,一体机,品牌13,15英寸,32吉字节内存,白色,16*1*1,16,AV86D,莎拉,收货,上架
CuQE12LoGr,灰色 品牌01 1200 储物柜（储物锁柜）,储物柜,品牌01,1200,储物锁柜,灰色,8*1*1,8,AG81D,简,收货,上架
MoHc35BlBl,黑色 品牌09 350 鼠标（蓝牙）,鼠标,品牌09,350,蓝牙,黑色,16*10*1,160,CZ74B,迈克,收货,上架
LaSu1416Bl,黑色 品牌11 14英寸 笔记本电脑（16吉字节内存）,笔记本电脑,品牌11,14英寸,16吉字节内存,黑色,16*1*1,16,CP66G,艾米,收货,上架
CaWE12DoGr,灰色 品牌02 1200 文件柜（带门式）,文件柜,品牌02,1200,带门式,灰色,8*1*1,8,CM89C,劳拉,收货,上架
AlYn158GWh,白色 品牌15 15英寸 一体机（8吉字节内存）,一体机,品牌15,15英寸,8吉字节内存,白色,16*1*1,16,DH95G,迈克,收货,上架
NoGrA5ruGr,灰色 品牌18 五号纸 笔记本（横线）,笔记本,品牌18,五号纸,横线,灰色,48*10*5,2400,CZ79D,亚历克斯,收货,上架
OfXESAdGr,灰色 品牌06 小号 办公椅（可调节）,办公椅,品牌06,小号,可调节,灰色,16*1*1,16,AV46D,亚历克斯,收货,上架
MoPH35MeWh,白色 品牌12 350 鼠标（机械式）,鼠标,品牌12,350,机械式,白色,16*10*1,160,DP97A,莎拉,收货,上架
OfOGLHeWh,白色 品牌07 大号 办公椅（头枕）,办公椅,品牌07,大号,头枕,白色,16*1*1,16,CO21A,大卫,收货,上架
AlSu14i7Gr,灰色 品牌11 14英寸 一体机（第7代处理器）,一体机,品牌11,14英寸,第7代处理器,灰色,16*1*1,16,BZ73F,艾米丽,收货,上架
KeRe45ErBl,黑色 品牌10 450 键盘（人体工学）,键盘,品牌10,450,人体工学,黑色,16*10*1,160,DQ19E,艾米丽,收货,上架
AlRe1732Wh,白色 品牌14 17英寸 一体机（32吉字节内存）,一体机,品牌14,17英寸,32吉字节内存,白色,16*1*1,16,AQ87G,艾米丽,收货,上架
SPNa24WaWh,白色 品牌23 24 触控笔（水彩）,触控笔,品牌23,24,水彩,白色,48*10*5,2400,AF60A,迈克,收货,上架
NoGrA3doSi,银色 品牌18 三号纸 笔记本（点阵）,笔记本,品牌18,三号纸,点阵,银色,48*10*5,2400,DI07G,简,收货,上架
GaOGLHeBl,黑色 品牌07 大号 游戏椅（头枕）,游戏椅,品牌07,大号,头枕,黑色,16*1*1,16,DO70C,莎拉,收货,上架
LaRe1416Bl,黑色 品牌14 14英寸 笔记本电脑（16吉字节内存）,笔记本电脑,品牌14,14英寸,16吉字节内存,黑色,16*1*1,16,AT90B,约翰,收货,上架
GaAELErBl,黑色 品牌05 大号 游戏椅（人体工学）,游戏椅,品牌05,大号,人体工学,黑色,16*1*1,16,DJ90G,简,收货,上架
AlOv1732Wh,白色 品牌13 17英寸 一体机（32吉字节内存）,一体机,品牌13,17英寸,32吉字节内存,白色,16*1*1,16,BO16H,约翰,收货,上架
CuTE90SlBe,米色 品牌04 900 储物柜（滑动式）,储物柜,品牌04,900,滑动式,米色,8*1*1,8,CU91C,克里斯,收货,上架
LaYn1716Bl,黑色 品牌15 17英寸 笔记本电脑（16吉字节内存）,笔记本电脑,品牌15,17英寸,16吉字节内存,黑色,16*1*1,16,CL70E,大卫,收货,上架
LaPH17i7Si,银色 品牌12 17英寸 笔记本电脑（第7代处理器）,笔记本电脑,品牌12,17英寸,第7代处理器,银色,16*1*1,16,AT88B,迈克,收货,上架
KeSu35WiBl,黑色 品牌11 350 键盘（有线）,键盘,品牌11,350,有线,黑色,16*10*1,160,CL61D,劳拉,收货,上架
PeNa50SoWh,白色 品牌23 50 铅笔（可溶性）,铅笔,品牌23,50,可溶性,白色,48*10*5,2400,DM11D,简,收货,上架
AlPH17i5Si,银色 品牌12 17英寸 一体机（第5代处理器）,一体机,品牌12,17英寸,第5代处理器,银色,16*1*1,16,AU52H,迈克,收货,上架
LaRe1532Bl,黑色 品牌14 15英寸 笔记本电脑（32吉字节内存）,笔记本电脑,品牌14,15英寸,32吉字节内存,黑色,16*1*1,16,AW07G,克里斯,收货,上架
KeSu35WiWh,白色 品牌11 350 键盘（有线）,键盘,品牌11,350,有线,白色,16*10*1,160,AP07B,迈克,收货,上架
PrPHA3AlGr,灰色 品牌12 三号纸 打印机（一体式）,打印机,品牌12,三号纸,一体式,灰色,16*1*1,16,BO81D,艾米丽,收货,上架
AlSu15i5Bl,黑色 品牌11 15英寸 一体机（第5代处理器）,一体机,品牌11,15英寸,第5代处理器,黑色,16*1*1,16,BT70G,艾米丽,收货,上架
PrNoA4InGr,灰色 品牌26 四号纸 打印机（喷墨）,打印机,品牌26,四号纸,喷墨,灰色,16*1*1,16,BI15H,大卫,收货,上架
TVGL75FHGr,灰色 品牌31 75英寸 电视机（全高清）,电视机,品牌31,75英寸,全高清,灰色,8*1*1,8,BL85B,大卫,收货,上架
GaOGSErBl,黑色 品牌07 小号 游戏椅（人体工学）,游戏椅,品牌07,小号,人体工学,黑色,16*1*1,16,DQ51F,约翰,收货,上架
NoScA5liBl,黑色 品牌17 五号纸 笔记本（线条）,笔记本,品牌17,五号纸,线条,黑色,48*10*5,2400,BR95H,亚历克斯,收货,上架
DrTE90FiBl,黑色 品牌04 900 抽屉柜（文件收纳）,抽屉柜,品牌04,900,文件收纳,黑色,8*1*1,8,AG92H,迈克,收货,上架
LaYn148GWh,白色 品牌15 14英寸 笔记本电脑（8吉字节内存）,笔记本电脑,品牌15,14英寸,8吉字节内存,白色,16*1*1,16,DW54F,莎拉,收货,上架
PeNa24SoGr,灰色 品牌23 24 铅笔（可溶性）,铅笔,品牌23,24,可溶性,灰色,48*10*5,2400,BX05H,大卫,收货,上架
MoPH45ErBl,黑色 品牌12 450 鼠标（人体工学）,鼠标,品牌12,450,人体工学,黑色,16*10*1,160,BR27D,约翰,收货,上架
TVYn424KBl,黑色 品牌15 42英寸 电视机（超高清）,电视机,品牌15,42英寸,超高清,黑色,8*1*1,8,CV98A,约翰,收货,上架
LaPH14i5Gr,灰色 品牌12 14英寸 笔记本电脑（第5代处理器）,笔记本电脑,品牌12,14英寸,第5代处理器,灰色,16*1*1,16,BJ19G,劳拉,收货,上架
DrTE90LoGr,灰色 品牌04 900 抽屉柜（储物锁柜）,抽屉柜,品牌04,900,储物锁柜,灰色,8*1*1,8,BX09H,大卫,收货,上架
CaWE12FiGr,灰色 品牌02 1200 文件柜（文件收纳）,文件柜,品牌02,1200,文件收纳,灰色,8*1*1,8,AT66B,艾米,收货,上架
TVGL75S4Si,银色 品牌31 75英寸 电视机（超级超高清）,电视机,品牌31,75英寸,超级超高清,银色,8*1*1,8,AQ98E,克里斯,收货,上架
AlRe1416Si,银色 品牌14 14英寸 一体机（16吉字节内存）,一体机,品牌14,14英寸,16吉字节内存,银色,16*1*1,16,DG86E,艾米,收货,上架
TaAE10AdGr,灰色 品牌05 1000 桌子（可调节）,桌子,品牌05,1000,可调节,灰色,8*1*1,8,DP46C,艾米,收货,上架
LaOv14i5Wh,白色 品牌13 14英寸 笔记本电脑（第5代处理器）,笔记本电脑,品牌13,14英寸,第5代处理器,白色,16*1*1,16,BK37C,艾米,收货,上架
GaOGLHeGr,灰色 品牌07 大号 游戏椅（头枕）,游戏椅,品牌07,大号,头枕,灰色,16*1*1,16,BV63A,克里斯,收货,上架
NoScA4liWh,白色 品牌17 四号纸 笔记本（线条）,笔记本,品牌17,四号纸,线条,白色,48*10*5,2400,DR24F,克里斯,收货,上架
NoScA4ruBl,黑色 品牌17 四号纸 笔记本（横线）,笔记本,品牌17,四号纸,横线,黑色,48*10*5,2400,BT01C,莎拉,收货,上架
LaPH148GSi,银色 品牌12 14英寸 笔记本电脑（8吉字节内存）,笔记本电脑,品牌12,14英寸,8吉字节内存,银色,16*1*1,16,BM90D,莎拉,收货,上架
DrRG90LoBe,米色 品牌03 900 抽屉柜（储物锁柜）,抽屉柜,品牌03,900,储物锁柜,米色,8*1*1,8,BV91F,简,收货,上架
DrRG12LoBl,黑色 品牌03 1200 抽屉柜（储物锁柜）,抽屉柜,品牌03,1200,储物锁柜,黑色,8*1*1,8,BP95A,迈克,收货,上架
PeAl24SoBl,黑色 品牌20 24 铅笔（可溶性）,铅笔,品牌20,24,可溶性,黑色,48*10*5,2400,CU45F,克里斯,收货,上架
CaRG18FiWh,白色 品牌03 1800 文件柜（文件收纳）,文件柜,品牌03,1800,文件收纳,白色,8*1*1,8,CR70G,迈克,收货,上架
DrWE90FiBl,黑色 品牌02 900 抽屉柜（文件收纳）,抽屉柜,品牌02,900,文件收纳,黑色,8*1*1,8,CW07F,莎拉,收货,上架
LaOv1732Bl,黑色 品牌13 17英寸 笔记本电脑（32吉字节内存）,笔记本电脑,品牌13,17英寸,32吉字节内存,黑色,16*1*1,16,BF31E,迈克,收货,上架
AlOv1432Gr,灰色 品牌13 14英寸 一体机（32吉字节内存）,一体机,品牌13,14英寸,32吉字节内存,灰色,16*1*1,16,AT90H,艾米丽,收货,上架
NoGrA3liWh,白色 品牌18 三号纸 笔记本（线条）,笔记本,品牌18,三号纸,线条,白色,48*10*5,2400,DT21G,亚历克斯,收货,上架
KeRe27WiWh,白色 品牌10 270 键盘（有线）,键盘,品牌10,270,有线,白色,16*10*1,160,DT35G,迈克,收货,上架
PrNoA4LaBl,黑色 品牌26 四号纸 打印机（激光）,打印机,品牌26,四号纸,激光,黑色,16*1*1,16,DO57G,亚历克斯,收货,上架
TaCI10FrBl,黑色 品牌27 1000 桌子（框架式）,桌子,品牌27,1000,框架式,黑色,8*1*1,8,BF13F,迈克,收货,上架
CaWE90LoWh,白色 品牌02 900 文件柜（储物锁柜）,文件柜,品牌02,900,储物锁柜,白色,8*1*1,8,AT85G,艾米,收货,上架
CaWE12DoBe,米色 品牌02 1200 文件柜（带门式）,文件柜,品牌02,1200,带门式,米色,8*1*1,8,CR17H,艾米丽,收货,上架
AlYn15i5Si,银色 品牌15 15英寸 一体机（第5代处理器）,一体机,品牌15,15英寸,第5代处理器,银色,16*1*1,16,DJ70D,迈克,收货,上架
CaRG12FiWh,白色 品牌03 1200 文件柜（文件收纳）,文件柜,品牌03,1200,文件收纳,白色,8*1*1,8,BO94A,亚历克斯,收货,上架
AlSu1732Gr,灰色 品牌11 17英寸 一体机（32吉字节内存）,一体机,品牌11,17英寸,32吉字节内存,灰色,16*1*1,16,BI48H,劳拉,收货,上架
TVGL424KSi,银色 品牌31 42英寸 电视机（超高清）,电视机,品牌31,42英寸,超高清,银色,8*1*1,8,AG19D,艾米,收货,上架
MoRe45WiPi,粉色 品牌10 450 鼠标（有线）,鼠标,品牌10,450,有线,粉色,16*10*1,160,CP65E,亚历克斯,收货,上架
MoRe45WiPi,粉色 品牌10 450 鼠标（有线）,鼠标,品牌10,450,有线,粉色,16*10*1,160,CF96E,迈克,收货,上架
SPGi12WaPi,粉色 品牌21 12 触控笔（水彩）,触控笔,品牌21,12,水彩,粉色,48*10*5,2400,CM06E,艾米,收货,上架
OfAELLeGr,灰色 品牌05 大号 办公椅（皮革）,办公椅,品牌05,大号,皮革,灰色,16*1*1,16,CG07E,大卫,收货,上架
LaRe17i7Si,银色 品牌14 17英寸 笔记本电脑（第7代处理器）,笔记本电脑,品牌14,17英寸,第7代处理器,银色,16*1*1,16,DV64H,劳拉,收货,上架
PrSoA3AlMi,混合色 品牌25 三号纸 打印机（一体式）,打印机,品牌25,三号纸,一体式,混合色,16*1*1,16,DK08F,劳拉,收货,上架
MoPH27ErPi,粉色 品牌12 270 鼠标（人体工学）,鼠标,品牌12,270,人体工学,粉色,16*10*1,160,AS93H,莎拉,收货,上架
MoRe27WiWh,白色 品牌10 270 鼠标（有线）,鼠标,品牌10,270,有线,白色,16*10*1,160,AY74E,简,收货,上架
AlOv1516Gr,灰色 品牌13 15英寸 一体机（16吉字节内存）,一体机,品牌13,15英寸,16吉字节内存,灰色,16*1*1,16,BX57F,克里斯,收货,上架
CaWE12DoGr,灰色 品牌02 1200 文件柜（带门式）,文件柜,品牌02,1200,带门式,灰色,8*1*1,8,CF24G,迈克,收货,上架
MoRe45ErWh,白色 品牌10 450 鼠标（人体工学）,鼠标,品牌10,450,人体工学,白色,16*10*1,160,CJ62H,劳拉,收货,上架
TVYn42S4Bl,黑色 品牌15 42英寸 电视机（超级超高清）,电视机,品牌15,42英寸,超级超高清,黑色,8*1*1,8,DM46E,克里斯,收货,上架
OfOGLAdPi,粉色 品牌07 大号 办公椅（可调节）,办公椅,品牌07,大号,可调节,粉色,16*1*1,16,DQ41H,艾米,收货,上架
MoHc35MeBl,黑色 品牌09 350 鼠标（机械式）,鼠标,品牌09,350,机械式,黑色,16*10*1,160,DV58H,艾米,收货,上架
LaRe178GGr,灰色 品牌14 17英寸 笔记本电脑（8吉字节内存）,笔记本电脑,品牌14,17英寸,8吉字节内存,灰色,16*1*1,16,DU58C,亚历克斯,收货,上架
TaTR10AdBl,黑色 品牌28 1000 桌子（可调节）,桌子,品牌28,1000,可调节,黑色,8*1*1,8,AQ11D,克里斯,收货,上架
PrReA2MoBl,黑色 品牌24 二号纸 打印机（黑白）,打印机,品牌24,二号纸,黑白,黑色,16*1*1,16,AF85A,克里斯,收货,上架
AlOv1516Gr,灰色 品牌13 15英寸 一体机（16吉字节内存）,一体机,品牌13,15英寸,16吉字节内存,灰色,16*1*1,16,DI43G,约翰,收货,上架
CuRG12FiBe,米色 品牌03 1200 储物柜（文件收纳）,储物柜,品牌03,1200,文件收纳,米色,8*1*1,8,BR92F,劳拉,收货,上架
OfOGSHeGr,灰色 品牌07 小号 办公椅（头枕）,办公椅,品牌07,小号,头枕,灰色,16*1*1,16,CP75H,克里斯,收货,上架
OfOGMLeGr,灰色 品牌07 中号 办公椅（皮革）,办公椅,品牌07,中号,皮革,灰色,16*1*1,16,CQ83E,劳拉,收货,上架
NoExA4liGr,灰色 品牌16 四号纸 笔记本（线条）,笔记本,品牌16,四号纸,线条,灰色,48*10*5,2400,BS12A,克里斯,收货,上架
MoPH27ErPi,粉色 品牌12 270 鼠标（人体工学）,鼠标,品牌12,270,人体工学,粉色,16*10*1,160,AH58E,劳拉,收货,上架
DrTE12SlWh,白色 品牌04 1200 抽屉柜（滑动式）,抽屉柜,品牌04,1200,滑动式,白色,8*1*1,8,AN13E,简,收货,上架
TVGn42FHGr,灰色 品牌30 42英寸 电视机（全高清）,电视机,品牌30,42英寸,全高清,灰色,8*1*1,8,CG85C,亚历克斯,收货,上架
MoHc27ErBl,黑色 品牌09 270 鼠标（人体工学）,鼠标,品牌09,270,人体工学,黑色,16*10*1,160,BQ86H,劳拉,收货,上架
CaQE12LoGr,灰色 品牌01 1200 文件柜（储物锁柜）,文件柜,品牌01,1200,储物锁柜,灰色,8*1*1,8,BU06E,大卫,收货,上架
AlOv1716Gr,灰色 品牌13 17英寸 一体机（16吉字节内存）,一体机,品牌13,17英寸,16吉字节内存,灰色,16*1*1,16,AS22H,约翰,收货,上架
PrPHA3MoBl,黑色 品牌12 三号纸 打印机（黑白）,打印机,品牌12,三号纸,黑白,黑色,16*1*1,16,AO36D,克里斯,收货,上架
TVYn75FHSi,银色 品牌15 75英寸 电视机（全高清）,电视机,品牌15,75英寸,全高清,银色,8*1*1,8,DU02D,亚历克斯,收货,上架
CaRG90SlBl,黑色 品牌03 900 文件柜（滑动式）,文件柜,品牌03,900,滑动式,黑色,8*1*1,8,BH13C,艾米丽,收货,上架
TaCI18FrBl,黑色 品牌27 1800 桌子（框架式）,桌子,品牌27,1800,框架式,黑色,8*1*1,8,BO88A,简,收货,上架
TVGn754KSi,银色 品牌30 75英寸 电视机（超高清）,电视机,品牌30,75英寸,超高清,银色,8*1*1,8,AP76A,艾米丽,收货,上架
CaWE18DoGr,灰色 品牌02 1800 文件柜（带门式）,文件柜,品牌02,1800,带门式,灰色,8*1*1,8,BK83D,莎拉,收货,上架
TVGn504KWh,白色 品牌30 50英寸 电视机（超高清）,电视机,品牌30,50英寸,超高清,白色,8*1*1,8,AG93E,劳拉,收货,上架
AlYn15i5Gr,灰色 品牌15 15英寸 一体机（第5代处理器）,一体机,品牌15,15英寸,第5代处理器,灰色,16*1*1,16,AF17F,简,收货,上架
AlPH15i7Bl,黑色 品牌12 15英寸 一体机（第7代处理器）,一体机,品牌12,15英寸,第7代处理器,黑色,16*1*1,16,AW25A,迈克,收货,上架
KeRe45ErPi,粉色 品牌10 450 键盘（人体工学）,键盘,品牌10,450,人体工学,粉色,16*10*1,160,DN45E,莎拉,收货,上架
CaTE18SlBl,黑色 品牌04 1800 文件柜（滑动式）,文件柜,品牌04,1800,滑动式,黑色,8*1*1,8,CY60G,大卫,收货,上架
CuWE12LoBe,米色 品牌02 1200 储物柜（储物锁柜）,储物柜,品牌02,1200,储物锁柜,米色,8*1*1,8,BO04F,艾米丽,收货,上架
LaRe148GWh,白色 品牌14 14英寸 笔记本电脑（8吉字节内存）,笔记本电脑,品牌14,14英寸,8吉字节内存,白色,16*1*1,16,AN90C,大卫,收货,上架
SPAl12SoBl,黑色 品牌20 12 触控笔（可溶性）,触控笔,品牌20,12,可溶性,黑色,48*10*5,2400,DH63B,艾米丽,收货,上架
GaXESErWh,白色 品牌06 小号 游戏椅（人体工学）,游戏椅,品牌06,小号,人体工学,白色,16*1*1,16,CY66H,艾米,收货,上架
MoSu35ErPi,粉色 品牌11 350 鼠标（人体工学）,鼠标,品牌11,350,人体工学,粉色,16*10*1,160,AQ49D,艾米丽,收货,上架
MoHc45WiWh,白色 品牌09 450 鼠标（有线）,鼠标,品牌09,450,有线,白色,16*10*1,160,BZ42A,亚历克斯,收货,上架
CaQE90SlBe,米色 品牌01 900 文件柜（滑动式）,文件柜,品牌01,900,滑动式,米色,8*1*1,8,DW25G,迈克,收货,上架
TVYn32S4Bl,黑色 品牌15 32英寸 电视机（超级超高清）,电视机,品牌15,32英寸,超级超高清,黑色,8*1*1,8,AJ27A,约翰,收货,上架
AlRe1416Gr,灰色 品牌14 14英寸 一体机（16吉字节内存）,一体机,品牌14,14英寸,16吉字节内存,灰色,16*1*1,16,DS63C,艾米,收货,上架
NoExA5ruBl,黑色 品牌16 五号纸 笔记本（横线）,笔记本,品牌16,五号纸,横线,黑色,48*10*5,2400,DF50D,亚历克斯,收货,上架
TVGn65S4Bl,黑色 品牌30 65英寸 电视机（超级超高清）,电视机,品牌30,65英寸,超级超高清,黑色,8*1*1,8,AF46C,亚历克斯,收货,上架
OfOGLAdGr,灰色 品牌07 大号 办公椅（可调节）,办公椅,品牌07,大号,可调节,灰色,16*1*1,16,CS48H,迈克,收货,上架
CaQE12FiBl,黑色 品牌01 1200 文件柜（文件收纳）,文件柜,品牌01,1200,文件收纳,黑色,8*1*1,8,DL45H,克里斯,收货,上架
LaSu17i5Si,银色 品牌11 17英寸 笔记本电脑（第5代处理器）,笔记本电脑,品牌11,17英寸,第5代处理器,银色,16*1*1,16,AL58E,亚历克斯,收货,上架
PrSoA2WiMi,混合色 品牌25 二号纸 打印机（无线网络）,打印机,品牌25,二号纸,无线网络,混合色,16*1*1,16,AI43G,艾米,收货,上架
MoHc27ErWh,白色 品牌09 270 鼠标（人体工学）,鼠标,品牌09,270,人体工学,白色,16*10*1,160,AN19E,亚历克斯,收货,上架
AlRe17i7Gr,灰色 品牌14 17英寸 一体机（第7代处理器）,一体机,品牌14,17英寸,第7代处理器,灰色,16*1*1,16,DT16B,迈克,收货,上架
DrTE90LoBl,黑色 品牌04 900 抽屉柜（储物锁柜）,抽屉柜,品牌04,900,储物锁柜,黑色,8*1*1,8,BK98F,亚历克斯,收货,上架
CuTE90LoBe,米色 品牌04 900 储物柜（储物锁柜）,储物柜,品牌04,900,储物锁柜,米色,8*1*1,8,CX31E,艾米,收货,上架
LaOv17i5Wh,白色 品牌13 17英寸 笔记本电脑（第5代处理器）,笔记本电脑,品牌13,17英寸,第5代处理器,白色,16*1*1,16,CW16E,亚历克斯,收货,上架
LaSu1732Gr,灰色 品牌11 17英寸 笔记本电脑（32吉字节内存）,笔记本电脑,品牌11,17英寸,32吉字节内存,灰色,16*1*1,16,CP67G,艾米丽,收货,上架
LaOv148GGr,灰色 品牌13 14英寸 笔记本电脑（8吉字节内存）,笔记本电脑,品牌13,14英寸,8吉字节内存,灰色,16*1*1,16,CY76E,艾米,收货,上架
LaOv17i5Gr,灰色 品牌13 17英寸 笔记本电脑（第5代处理器）,笔记本电脑,品牌13,17英寸,第5代处理器,灰色,16*1*1,16,DM84D,大卫,收货,上架
MoSu45ErNa,藏青色 品牌11 450 鼠标（人体工学）,鼠标,品牌11,450,人体工学,藏青色,16*10*1,160,BO71A,劳拉,收货,上架
SPGi24HePi,粉色 品牌21 24 触控笔（六角形）,触控笔,品牌21,24,六角形,粉色,48*10*5,2400,CK01G,莎拉,收货,上架
TaTR15WoWh,白色 品牌29 1500 桌子（工作站）,桌子,品牌29,1500,工作站,白色,8*1*1,8,CM55F,约翰,收货,上架
SPGi24HePi,粉色 品牌21 24 触控笔（六角形）,触控笔,品牌21,24,六角形,粉色,48*10*5,2400,DW70E,克里斯,收货,上架
MoRe27ErBl,黑色 品牌10 270 鼠标（人体工学）,鼠标,品牌10,270,人体工学,黑色,16*10*1,160,CK97H,莎拉,收货,上架
AlPH15i5Si,银色 品牌12 15英寸 一体机（第5代处理器）,一体机,品牌12,15英寸,第5代处理器,银色,16*1*1,16,CR53B,简,收货,上架
MoHc35ErNa,藏青色 品牌09 350 鼠标（人体工学）,鼠标,品牌09,350,人体工学,藏青色,16*10*1,160,CH39F,劳拉,收货,上架
CaRG18FiBl,黑色 品牌03 1800 文件柜（文件收纳）,文件柜,品牌03,1800,文件收纳,黑色,8*1*1,8,CT28E,简,收货,上架
KeHc35BlPi,粉色 品牌09 350 键盘（蓝牙）,键盘,品牌09,350,蓝牙,粉色,16*10*1,160,DU53D,克里斯,收货,上架
AlSu158GSi,银色 品牌11 15英寸 一体机（8吉字节内存）,一体机,品牌11,15英寸,8吉字节内存,银色,16*1*1,16,DP18D,迈克,收货,上架
LaRe15i5Bl,黑色 品牌14 15英寸 笔记本电脑（第5代处理器）,笔记本电脑,品牌14,15英寸,第5代处理器,黑色,16*1*1,16,AK97F,劳拉,收货,上架
GaXESAdBl,黑色 品牌06 小号 游戏椅（可调节）,游戏椅,品牌06,小号,可调节,黑色,16*1*1,16,BF55H,劳拉,收货,上架
MoRe45WiNa,藏青色 品牌10 450 鼠标（有线）,鼠标,品牌10,450,有线,藏青色,16*10*1,160,BY56D,亚历克斯,收货,上架
PrPHA3WiGr,灰色 品牌12 三号纸 打印机（无线网络）,打印机,品牌12,三号纸,无线网络,灰色,16*1*1,16,CJ28G,大卫,收货,上架
GaAESErGr,灰色 品牌05 小号 游戏椅（人体工学）,游戏椅,品牌05,小号,人体工学,灰色,16*1*1,16,DZ07A,大卫,收货,上架
NoMuA5liBl,黑色 品牌19 五号纸 笔记本（线条）,笔记本,品牌19,五号纸,线条,黑色,48*10*5,2400,DZ14E,大卫,收货,上架
AlYn15i5Gr,灰色 品牌15 15英寸 一体机（第5代处理器）,一体机,品牌15,15英寸,第5代处理器,灰色,16*1*1,16,BO52G,克里斯,收货,上架
NoExA3liSi,银色 品牌16 三号纸 笔记本（线条）,笔记本,品牌16,三号纸,线条,银色,48*10*5,2400,CN17C,艾米丽,收货,上架
LaYn15i7Wh,白色 品牌15 15英寸 笔记本电脑（第7代处理器）,笔记本电脑,品牌15,15英寸,第7代处理器,白色,16*1*1,16,CU66B,大卫,收货,上架
LaOv158GSi,银色 品牌13 15英寸 笔记本电脑（8吉字节内存）,笔记本电脑,品牌13,15英寸,8吉字节内存,银色,16*1*1,16,AY08B,劳拉,收货,上架
CuQE12SlGr,灰色 品牌01 1200 储物柜（滑动式）,储物柜,品牌01,1200,滑动式,灰色,8*1*1,8,DX96H,约翰,收货,上架
MoHc45BlNa,藏青色 品牌09 450 鼠标（蓝牙）,鼠标,品牌09,450,蓝牙,藏青色,16*10*1,160,DV62C,劳拉,收货,上架
GaOGMLeWh,白色 品牌07 中号 游戏椅（皮革）,游戏椅,品牌07,中号,皮革,白色,16*1*1,16,CZ78H,艾米丽,收货,上架
KeHc35WiBl,黑色 品牌09 350 键盘（有线）,键盘,品牌09,350,有线,黑色,16*10*1,160,AZ41D,约翰,收货,上架
PrSoA4LaWh,白色 品牌25 四号纸 打印机（激光）,打印机,品牌25,四号纸,激光,白色,16*1*1,16,DG03C,艾米,收货,上架
TaCI18WoGr,灰色 品牌27 1800 桌子（工作站）,桌子,品牌27,1800,工作站,灰色,8*1*1,8,BM20H,亚历克斯,收货,上架
TVGn65FHBl,黑色 品牌30 65英寸 电视机（全高清）,电视机,品牌30,65英寸,全高清,黑色,8*1*1,8,CU96F,劳拉,收货,上架
PrReA4AlGr,灰色 品牌24 四号纸 打印机（一体式）,打印机,品牌24,四号纸,一体式,灰色,16*1*1,16,DV98H,艾米丽,收货,上架
TVYn75S4Gr,灰色 品牌15 75英寸 电视机（超级超高清）,电视机,品牌15,75英寸,超级超高清,灰色,8*1*1,8,AK35G,莎拉,收货,上架
NoScA5liBl,黑色 品牌17 五号纸 笔记本（线条）,笔记本,品牌17,五号纸,线条,黑色,48*10*5,2400,CM86H,简,收货,上架
KeSu45ErNa,藏青色 品牌11 450 键盘（人体工学）,键盘,品牌11,450,人体工学,藏青色,16*10*1,160,AY85F,简,收货,上架
SPAl50WaGr,灰色 品牌20 50 触控笔（水彩）,触控笔,品牌20,50,水彩,灰色,48*10*5,2400,DS94B,迈克,收货,上架
GaOGSAdGr,灰色 品牌07 小号 游戏椅（可调节）,游戏椅,品牌07,小号,可调节,灰色,16*1*1,16,BZ23E,莎拉,收货,上架
TVGL32S4Wh,白色 品牌31 32英寸 电视机（超级超高清）,电视机,品牌31,32英寸,超级超高清,白色,8*1*1,8,AH20D,大卫,收货,上架
KeHc35ErBl,黑色 品牌09 350 键盘（人体工学）,键盘,品牌09,350,人体工学,黑色,16*10*1,160,AQ01H,艾米丽,收货,上架
CaRG12FiWh,白色 品牌03 1200 文件柜（文件收纳）,文件柜,品牌03,1200,文件收纳,白色,8*1*1,8,BX72A,克里斯,收货,上架
LaRe14i5Wh,白色 品牌14 14英寸 笔记本电脑（第5代处理器）,笔记本电脑,品牌14,14英寸,第5代处理器,白色,16*1*1,16,BS20D,简,收货,上架
PrSoA3InGr,灰色 品牌25 三号纸 打印机（喷墨）,打印机,品牌25,三号纸,喷墨,灰色,16*1*1,16,AV40D,简,收货,上架
TVEs75SFGr,灰色 品牌32 75英寸 电视机（超级全高清）,电视机,品牌32,75英寸,超级全高清,灰色,8*1*1,8,CZ83E,克里斯,收货,上架
TaTR18WoSi,银色 品牌29 1800 桌子（工作站）,桌子,品牌29,1800,工作站,银色,8*1*1,8,AS77A,大卫,收货,上架
AlSu15i7Wh,白色 品牌11 15英寸 一体机（第7代处理器）,一体机,品牌11,15英寸,第7代处理器,白色,16*1*1,16,CP57C,莎拉,收货,上架
GaAESAdWh,白色 品牌05 小号 游戏椅（可调节）,游戏椅,品牌05,小号,可调节,白色,16*1*1,16,CI96F,大卫,收货,上架
TVEs50SFGr,灰色 品牌32 50英寸 电视机（超级全高清）,电视机,品牌32,50英寸,超级全高清,灰色,8*1*1,8,DL80C,简,收货,上架
AlOv15i5Gr,灰色 品牌13 15英寸 一体机（第5代处理器）,一体机,品牌13,15英寸,第5代处理器,灰色,16*1*1,16,BM47E,莎拉,收货,上架
OfSESAdPi,粉色 品牌08 小号 办公椅（可调节）,办公椅,品牌08,小号,可调节,粉色,16*1*1,16,AG17B,亚历克斯,收货,上架
CaWE90SlBe,米色 品牌02 900 文件柜（滑动式）,文件柜,品牌02,900,滑动式,米色,8*1*1,8,CM67B,克里斯,收货,上架
CuWE90SlBe,米色 品牌02 900 储物柜（滑动式）,储物柜,品牌02,900,滑动式,米色,8*1*1,8,AL23H,艾米丽,收货,上架
TaAE10AdGr,灰色 品牌05 1000 桌子（可调节）,桌子,品牌05,1000,可调节,灰色,8*1*1,8,DX03G,亚历克斯,收货,上架
AlPH14i5Bl,黑色 品牌12 14英寸 一体机（第5代处理器）,一体机,品牌12,14英寸,第5代处理器,黑色,16*1*1,16,AG75A,简,收货,上架
AlRe17i7Si,银色 品牌14 17英寸 一体机（第7代处理器）,一体机,品牌14,17英寸,第7代处理器,银色,16*1*1,16,BX88F,莎拉,收货,上架
AlPH17i7Si,银色 品牌12 17英寸 一体机（第7代处理器）,一体机,品牌12,17英寸,第7代处理器,银色,16*1*1,16,BV37B,迈克,收货,上架
PrNoA3MoMi,混合色 品牌26 三号纸 打印机（黑白）,打印机,品牌26,三号纸,黑白,混合色,16*1*1,16,DF54A,艾米,收货,上架
TaCI18AuBl,黑色 品牌27 1800 桌子（自动调节）,桌子,品牌27,1800,自动调节,黑色,8*1*1,8,BT04C,亚历克斯,收货,上架
SPAl50WaBl,黑色 品牌20 50 触控笔（水彩）,触控笔,品牌20,50,水彩,黑色,48*10*5,2400,CZ50C,约翰,收货,上架
PrPHA4InGr,灰色 品牌12 四号纸 打印机（喷墨）,打印机,品牌12,四号纸,喷墨,灰色,16*1*1,16,CG97B,亚历克斯,收货,上架
CuQE90LoBl,黑色 品牌01 900 储物柜（储物锁柜）,储物柜,品牌01,900,储物锁柜,黑色,8*1*1,8,DV72C,艾米,收货,上架
CaRG90LoBe,米色 品牌03 900 文件柜（储物锁柜）,文件柜,品牌03,900,储物锁柜,米色,8*1*1,8,CP53E,大卫,收货,上架
MoSu45ErBl,黑色 品牌11 450 鼠标（人体工学）,鼠标,品牌11,450,人体工学,黑色,16*10*1,160,BR30B,迈克,收货,上架
GaSEMLePi,粉色 品牌08 中号 游戏椅（皮革）,游戏椅,品牌08,中号,皮革,粉色,16*1*1,16,AM85G,大卫,收货,上架
OfAEMAdWh,白色 品牌05 中号 办公椅（可调节）,办公椅,品牌05,中号,可调节,白色,16*1*1,16,AR01B,迈克,收货,上架
CuWE90FiGr,灰色 品牌02 900 储物柜（文件收纳）,储物柜,品牌02,900,文件收纳,灰色,8*1*1,8,BY73E,艾米,收货,上架
KeSu35BlNa,藏青色 品牌11 350 键盘（蓝牙）,键盘,品牌11,350,蓝牙,藏青色,16*10*1,160,BQ93A,艾米丽,收货,上架
KeSu45ErWh,白色 品牌11 450 键盘（人体工学）,键盘,品牌11,450,人体工学,白色,16*10*1,160,CJ35D,艾米,收货,上架
TVEs42SFSi,银色 品牌32 42英寸 电视机（超级全高清）,电视机,品牌32,42英寸,超级全高清,银色,8*1*1,8,CX39B,莎拉,收货,上架
MoPH35WiNa,藏青色 品牌12 350 鼠标（有线）,鼠标,品牌12,350,有线,藏青色,16*10*1,160,AH83A,莎拉,收货,上架
CuTE12DoGr,灰色 品牌04 1200 储物柜（带门式）,储物柜,品牌04,1200,带门式,灰色,8*1*1,8,AG31A,亚历克斯,收货,上架
MoSu45WiWh,白色 品牌11 450 鼠标（有线）,鼠标,品牌11,450,有线,白色,16*10*1,160,DO48A,亚历克斯,收货,上架
LaRe1732Gr,灰色 品牌14 17英寸 笔记本电脑（32吉字节内存）,笔记本电脑,品牌14,17英寸,32吉字节内存,灰色,16*1*1,16,DU77D,约翰,收货,上架
TaTR15WoSi,银色 品牌28 1500 桌子（工作站）,桌子,品牌28,1500,工作站,银色,8*1*1,8,CV63A,艾米丽,收货,上架
TVGL50SFGr,灰色 品牌31 50英寸 电视机（超级全高清）,电视机,品牌31,50英寸,超级全高清,灰色,8*1*1,8,CW08G,艾米,收货,上架
PrNoA4MoGr,灰色 品牌26 四号纸 打印机（黑白）,打印机,品牌26,四号纸,黑白,灰色,16*1*1,16,AN88D,约翰,收货,上架
AlRe1732Si,银色 品牌14 17英寸 一体机（32吉字节内存）,一体机,品牌14,17英寸,32吉字节内存,银色,16*1*1,16,CY17G,克里斯,收货,上架
SPRe24SoGr,灰色 品牌22 24 触控笔（可溶性）,触控笔,品牌22,24,可溶性,灰色,48*10*5,2400,AT42C,大卫,收货,上架
MoRe45MeNa,藏青色 品牌10 450 鼠标（机械式）,鼠标,品牌10,450,机械式,藏青色,16*10*1,160,DX39C,大卫,收货,上架
LaOv158GWh,白色 品牌13 15英寸 笔记本电脑（8吉字节内存）,笔记本电脑,品牌13,15英寸,8吉字节内存,白色,16*1*1,16,AJ07E,莎拉,收货,上架
GaOGLErPi,粉色 品牌07 大号 游戏椅（人体工学）,游戏椅,品牌07,大号,人体工学,粉色,16*1*1,16,AY25A,大卫,收货,上架
PeNa12HePi,粉色 品牌23 12 铅笔（六角形）,铅笔,品牌23,12,六角形,粉色,48*10*5,2400,CO05F,大卫,收货,上架
PrReA4MoGr,灰色 品牌24 四号纸 打印机（黑白）,打印机,品牌24,四号纸,黑白,灰色,16*1*1,16,AL44C,劳拉,收货,上架
CaQE12SlBe,米色 品牌01 1200 文件柜（滑动式）,文件柜,品牌01,1200,滑动式,米色,8*1*1,8,BK63A,克里斯,收货,上架
SPNa50HeGr,灰色 品牌23 50 触控笔（六角形）,触控笔,品牌23,50,六角形,灰色,48*10*5,2400,AW66F,亚历克斯,收货,上架
DrRG12FiBl,黑色 品牌03 1200 抽屉柜（文件收纳）,抽屉柜,品牌03,1200,文件收纳,黑色,8*1*1,8,AQ01E,约翰,收货,上架
LaPH1532Wh,白色 品牌12 15英寸 笔记本电脑（32吉字节内存）,笔记本电脑,品牌12,15英寸,32吉字节内存,白色,16*1*1,16,DZ36F,克里斯,收货,上架
TVYn654KGr,灰色 品牌15 65英寸 电视机（超高清）,电视机,品牌15,65英寸,超高清,灰色,8*1*1,8,AF93G,亚历克斯,收货,上架
AlYn178GBl,黑色 品牌15 17英寸 一体机（8吉字节内存）,一体机,品牌15,17英寸,8吉字节内存,黑色,16*1*1,16,AU19D,迈克,收货,上架
DrWE90FiBl,黑色 品牌02 900 抽屉柜（文件收纳）,抽屉柜,品牌02,900,文件收纳,黑色,8*1*1,8,AM78G,克里斯,收货,上架
TVEs654KSi,银色 品牌32 65英寸 电视机（超高清）,电视机,品牌32,65英寸,超高清,银色,8*1*1,8,CO12G,亚历克斯,收货,上架
AlSu1716Bl,黑色 品牌11 17英寸 一体机（16吉字节内存）,一体机,品牌11,17英寸,16吉字节内存,黑色,16*1*1,16,AR25G,约翰,收货,上架
KePH45ErBl,黑色 品牌12 450 键盘（人体工学）,键盘,品牌12,450,人体工学,黑色,16*10*1,160,AX49G,大卫,收货,上架
AlRe1516Si,银色 品牌14 15英寸 一体机（16吉字节内存）,一体机,品牌14,15英寸,16吉字节内存,银色,16*1*1,16,AT76H,约翰,收货,上架
CaTE18DoBl,黑色 品牌04 1800 文件柜（带门式）,文件柜,品牌04,1800,带门式,黑色,8*1*1,8,AR22F,大卫,收货,上架
LaRe1432Si,银色 品牌14 14英寸 笔记本电脑（32吉字节内存）,笔记本电脑,品牌14,14英寸,32吉字节内存,银色,16*1*1,16,CR05H,简,收货,上架
AlYn1532Gr,灰色 品牌15 15英寸 一体机（32吉字节内存）,一体机,品牌15,15英寸,32吉字节内存,灰色,16*1*1,16,AY19F,艾米丽,收货,上架
AlSu1732Bl,黑色 品牌11 17英寸 一体机（32吉字节内存）,一体机,品牌11,17英寸,32吉字节内存,黑色,16*1*1,16,CY21E,迈克,收货,上架
CuWE18FiBl,黑色 品牌02 1800 储物柜（文件收纳）,储物柜,品牌02,1800,文件收纳,黑色,8*1*1,8,DQ34E,迈克,收货,上架
PrReA2WiBl,黑色 品牌24 二号纸 打印机（无线网络）,打印机,品牌24,二号纸,无线网络,黑色,16*1*1,16,DR93E,克里斯,收货,上架
DrWE90SlBl,黑色 品牌02 900 抽屉柜（滑动式）,抽屉柜,品牌02,900,滑动式,黑色,8*1*1,8,CS85B,约翰,收货,上架
PeNa24WaPi,粉色 品牌23 24 铅笔（水彩）,铅笔,品牌23,24,水彩,粉色,48*10*5,2400,BO91H,劳拉,收货,上架
SPAl50SoGr,灰色 品牌20 50 触控笔（可溶性）,触控笔,品牌20,50,可溶性,灰色,48*10*5,2400,BW19D,简,收货,上架
GaSESHePi,粉色 品牌08 小号 游戏椅（头枕）,游戏椅,品牌08,小号,头枕,粉色,16*1*1,16,BJ15E,简,收货,上架
MoSu27BlNa,藏青色 品牌11 270 鼠标（蓝牙）,鼠标,品牌11,270,蓝牙,藏青色,16*10*1,160,AO62F,约翰,收货,上架
CaWE18FiWh,白色 品牌02 1800 文件柜（文件收纳）,文件柜,品牌02,1800,文件收纳,白色,8*1*1,8,DX89A,劳拉,收货,上架
MoRe45ErNa,藏青色 品牌10 450 鼠标（人体工学）,鼠标,品牌10,450,人体工学,藏青色,16*10*1,160,AM68A,约翰,收货,上架
TaCI10FrWh,白色 品牌27 1000 桌子（框架式）,桌子,品牌27,1000,框架式,白色,8*1*1,8,BW84B,劳拉,收货,上架
TVEs324KWh,白色 品牌32 32英寸 电视机（超高清）,电视机,品牌32,32英寸,超高清,白色,8*1*1,8,BM27H,大卫,收货,上架
CaQE18DoBe,米色 品牌01 1800 文件柜（带门式）,文件柜,品牌01,1800,带门式,米色,8*1*1,8,DI95E,劳拉,收货,上架
NoMuA4liWh,白色 品牌19 四号纸 笔记本（线条）,笔记本,品牌19,四号纸,线条,白色,48*10*5,2400,BM16D,艾米丽,收货,上架
AlYn15i5Wh,白色 品牌15 15英寸 一体机（第5代处理器）,一体机,品牌15,15英寸,第5代处理器,白色,16*1*1,16,AZ39E,约翰,收货,上架
PrReA4MoMi,混合色 品牌24 四号纸 打印机（黑白）,打印机,品牌24,四号纸,黑白,混合色,16*1*1,16,DI03E,约翰,收货,上架
TVGL754KBl,黑色 品牌31 75英寸 电视机（超高清）,电视机,品牌31,75英寸,超高清,黑色,8*1*1,8,DZ55F,艾米,收货,上架
LaRe148GBl,黑色 品牌14 14英寸 笔记本电脑（8吉字节内存）,笔记本电脑,品牌14,14英寸,8吉字节内存,黑色,16*1*1,16,DK78A,艾米丽,收货,上架
LaYn1716Bl,黑色 品牌15 17英寸 笔记本电脑（16吉字节内存）,笔记本电脑,品牌15,17英寸,16吉字节内存,黑色,16*1*1,16,AZ16B,克里斯,收货,上架
MoRe45BlNa,藏青色 品牌10 450 鼠标（蓝牙）,鼠标,品牌10,450,蓝牙,藏青色,16*10*1,160,AR71B,简,收货,上架
PeAl12WaPi,粉色 品牌20 12 铅笔（水彩）,铅笔,品牌20,12,水彩,粉色,48*10*5,2400,BJ52D,莎拉,收货,上架
PrNoA4WiWh,白色 品牌26 四号纸 打印机（无线网络）,打印机,品牌26,四号纸,无线网络,白色,16*1*1,16,AT85F,莎拉,收货,上架
OfOGLAdBl,黑色 品牌07 大号 办公椅（可调节）,办公椅,品牌07,大号,可调节,黑色,16*1*1,16,DQ21E,克里斯,收货,上架
GaSESLeGr,灰色 品牌08 小号 游戏椅（皮革）,游戏椅,品牌08,小号,皮革,灰色,16*1*1,16,AO42C,简,收货,上架
LaRe1516Gr,灰色 品牌14 15英寸 笔记本电脑（16吉字节内存）,笔记本电脑,品牌14,15英寸,16吉字节内存,灰色,16*1*1,16,DH18H,简,收货,上架
DrWE12SlBl,黑色 品牌02 1200 抽屉柜（滑动式）,抽屉柜,品牌02,1200,滑动式,黑色,8*1*1,8,AX52D,亚历克斯,收货,上架
GaSELAdGr,灰色 品牌08 大号 游戏椅（可调节）,游戏椅,品牌08,大号,可调节,灰色,16*1*1,16,DX08H,大卫,收货,上架
OfXEMHeBl,黑色 品牌06 中号 办公椅（头枕）,办公椅,品牌06,中号,头枕,黑色,16*1*1,16,AR56E,亚历克斯,收货,上架
PeRe12SoBl,黑色 品牌22 12 铅笔（可溶性）,铅笔,品牌22,12,可溶性,黑色,48*10*5,2400,BY57D,简,收货,上架
AlSu1516Si,银色 品牌11 15英寸 一体机（16吉字节内存）,一体机,品牌11,15英寸,16吉字节内存,银色,16*1*1,16,CT65C,迈克,收货,上架
DrRG90LoBl,黑色 品牌03 900 抽屉柜（储物锁柜）,抽屉柜,品牌03,900,储物锁柜,黑色,8*1*1,8,BL21C,亚历克斯,收货,上架
PrNoA3InBl,黑色 品牌26 三号纸 打印机（喷墨）,打印机,品牌26,三号纸,喷墨,黑色,16*1*1,16,CP28C,迈克,收货,上架
LaPH1716Bl,黑色 品牌12 17英寸 笔记本电脑（16吉字节内存）,笔记本电脑,品牌12,17英寸,16吉字节内存,黑色,16*1*1,16,BU11C,简,收货,上架
NoExA3liBl,黑色 品牌16 三号纸 笔记本（线条）,笔记本,品牌16,三号纸,线条,黑色,48*10*5,2400,CZ08G,大卫,收货,上架
DrQE12SlGr,灰色 品牌01 1200 抽屉柜（滑动式）,抽屉柜,品牌01,1200,滑动式,灰色,8*1*1,8,AZ12D,艾米丽,收货,上架
TVYn504KBl,黑色 品牌15 50英寸 电视机（超高清）,电视机,品牌15,50英寸,超高清,黑色,8*1*1,8,DZ44E,劳拉,收货,上架
AlRe1516Si,银色 品牌14 15英寸 一体机（16吉字节内存）,一体机,品牌14,15英寸,16吉字节内存,银色,16*1*1,16,DQ68D,艾米丽,收货,上架
TVGL65SFWh,白色 品牌31 65英寸 电视机（超级全高清）,电视机,品牌31,65英寸,超级全高清,白色,8*1*1,8,DG80A,莎拉,收货,上架
CaQE12LoGr,灰色 品牌01 1200 文件柜（储物锁柜）,文件柜,品牌01,1200,储物锁柜,灰色,8*1*1,8,BX16H,艾米,收货,上架
AlPH17i7Bl,黑色 品牌12 17英寸 一体机（第7代处理器）,一体机,品牌12,17英寸,第7代处理器,黑色,16*1*1,16,AH61D,亚历克斯,收货,上架
CaQE18DoWh,白色 品牌01 1800 文件柜（带门式）,文件柜,品牌01,1800,带门式,白色,8*1*1,8,BZ33D,简,收货,上架
LaOv1532Wh,白色 品牌13 15英寸 笔记本电脑（32吉字节内存）,笔记本电脑,品牌13,15英寸,32吉字节内存,白色,16*1*1,16,DP93G,迈克,收货,上架
TaCI10WoWh,白色 品牌27 1000 桌子（工作站）,桌子,品牌27,1000,工作站,白色,8*1*1,8,CH29B,亚历克斯,收货,上架
DrQE18DoBe,米色 品牌01 1800 抽屉柜（带门式）,抽屉柜,品牌01,1800,带门式,米色,8*1*1,8,AI02D,艾米,收货,上架
OfAELErGr,灰色 品牌05 大号 办公椅（人体工学）,办公椅,品牌05,大号,人体工学,灰色,16*1*1,16,BK24F,艾米,收货,上架
CaTE12DoBe,米色 品牌04 1200 文件柜（带门式）,文件柜,品牌04,1200,带门式,米色,8*1*1,8,BL52H,迈克,收货,上架
GaXEMErGr,灰色 品牌06 中号 游戏椅（人体工学）,游戏椅,品牌06,中号,人体工学,灰色,16*1*1,16,BY06C,亚历克斯,收货,上架
GaAEMLeWh,白色 品牌05 中号 游戏椅（皮革）,游戏椅,品牌05,中号,皮革,白色,16*1*1,16,AN90A,亚历克斯,收货,上架
KeHc45BlNa,藏青色 品牌09 450 键盘（蓝牙）,键盘,品牌09,450,蓝牙,藏青色,16*10*1,160,AT23E,亚历克斯,收货,上架
PeRe50HeGr,灰色 品牌22 50 铅笔（六角形）,铅笔,品牌22,50,六角形,灰色,48*10*5,2400,DH78D,大卫,收货,上架
GaOGSLePi,粉色 品牌07 小号 游戏椅（皮革）,游戏椅,品牌07,小号,皮革,粉色,16*1*1,16,AM69D,艾米丽,收货,上架
CaRG12LoGr,灰色 品牌03 1200 文件柜（储物锁柜）,文件柜,品牌03,1200,储物锁柜,灰色,8*1*1,8,AR15F,简,收货,上架
CaWE18DoBe,米色 品牌02 1800 文件柜（带门式）,文件柜,品牌02,1800,带门式,米色,8*1*1,8,BF65E,亚历克斯,收货,上架
TVEs32FHSi,银色 品牌32 32英寸 电视机（全高清）,电视机,品牌32,32英寸,全高清,银色,8*1*1,8,BG12B,莎拉,收货,上架
AlSu1732Bl,黑色 品牌11 17英寸 一体机（32吉字节内存）,一体机,品牌11,17英寸,32吉字节内存,黑色,16*1*1,16,AK63C,约翰,收货,上架
LaPH158GWh,白色 品牌12 15英寸 笔记本电脑（8吉字节内存）,笔记本电脑,品牌12,15英寸,8吉字节内存,白色,16*1*1,16,DF09E,劳拉,收货,上架
TaCI18WoSi,银色 品牌27 1800 桌子（工作站）,桌子,品牌27,1800,工作站,银色,8*1*1,8,BV87C,艾米,收货,上架
PrPHA2LaMi,混合色 品牌12 二号纸 打印机（激光）,打印机,品牌12,二号纸,激光,混合色,16*1*1,16,DM22C,艾米丽,收货,上架
LaPH1432Wh,白色 品牌12 14英寸 笔记本电脑（32吉字节内存）,笔记本电脑,品牌12,14英寸,32吉字节内存,白色,16*1*1,16,CR36F,迈克,收货,上架
TaCI10WoSi,银色 品牌27 1000 桌子（工作站）,桌子,品牌27,1000,工作站,银色,8*1*1,8,CK33F,劳拉,收货,上架
GaOGLHeGr,灰色 品牌07 大号 游戏椅（头枕）,游戏椅,品牌07,大号,头枕,灰色,16*1*1,16,CU92A,艾米,收货,上架
DrTE12DoWh,白色 品牌04 1200 抽屉柜（带门式）,抽屉柜,品牌04,1200,带门式,白色,8*1*1,8,DG25A,大卫,收货,上架
TaTR18AuBl,黑色 品牌29 1800 桌子（自动调节）,桌子,品牌29,1800,自动调节,黑色,8*1*1,8,AG24E,亚历克斯,收货,上架
AlPH158GSi,银色 品牌12 15英寸 一体机（8吉字节内存）,一体机,品牌12,15英寸,8吉字节内存,银色,16*1*1,16,BO04H,艾米,收货,上架
TVGn75SFBl,黑色 品牌30 75英寸 电视机（超级全高清）,电视机,品牌30,75英寸,超级全高清,黑色,8*1*1,8,AI90G,大卫,收货,上架
OfXESErGr,灰色 品牌06 小号 办公椅（人体工学）,办公椅,品牌06,小号,人体工学,灰色,16*1*1,16,BH46A,迈克,收货,上架
PrSoA4InMi,混合色 品牌25 四号纸 打印机（喷墨）,打印机,品牌25,四号纸,喷墨,混合色,16*1*1,16,BL61B,劳拉,收货,上架
TVEs65FHSi,银色 品牌32 65英寸 电视机（全高清）,电视机,品牌32,65英寸,全高清,银色,8*1*1,8,DM19H,艾米丽,收货,上架
CaRG18FiBe,米色 品牌03 1800 文件柜（文件收纳）,文件柜,品牌03,1800,文件收纳,米色,8*1*1,8,DO49C,约翰,收货,上架
CaQE18FiBe,米色 品牌01 1800 文件柜（文件收纳）,文件柜,品牌01,1800,文件收纳,米色,8*1*1,8,AU71C,艾米,收货,上架
CuTE18LoWh,白色 品牌04 1800 储物柜（储物锁柜）,储物柜,品牌04,1800,储物锁柜,白色,8*1*1,8,DM82F,迈克,收货,上架
AlRe1416Gr,灰色 品牌14 14英寸 一体机（16吉字节内存）,一体机,品牌14,14英寸,16吉字节内存,灰色,16*1*1,16,DJ29B,艾米丽,收货,上架
CuRG18DoWh,白色 品牌03 1800 储物柜（带门式）,储物柜,品牌03,1800,带门式,白色,8*1*1,8,CQ71B,艾米,收货,上架
LaPH1732Gr,灰色 品牌12 17英寸 笔记本电脑（32吉字节内存）,笔记本电脑,品牌12,17英寸,32吉字节内存,灰色,16*1*1,16,BP89A,亚历克斯,收货,上架
DrRG12DoBe,米色 品牌03 1200 抽屉柜（带门式）,抽屉柜,品牌03,1200,带门式,米色,8*1*1,8,AV65H,克里斯,收货,上架
AlRe14i5Gr,灰色 品牌14 14英寸 一体机（第5代处理器）,一体机,品牌14,14英寸,第5代处理器,灰色,16*1*1,16,CJ71H,艾米,收货,上架
NoGrA3ruSi,银色 品牌18 三号纸 笔记本（横线）,笔记本,品牌18,三号纸,横线,银色,48*10*5,2400,BV54H,约翰,收货,上架
LaOv15i7Wh,白色 品牌13 15英寸 笔记本电脑（第7代处理器）,笔记本电脑,品牌13,15英寸,第7代处理器,白色,16*1*1,16,BI58B,莎拉,收货,上架
AlRe178GWh,白色 品牌14 17英寸 一体机（8吉字节内存）,一体机,品牌14,17英寸,8吉字节内存,白色,16*1*1,16,AZ45C,克里斯,收货,上架
GaOGLAdGr,灰色 品牌07 大号 游戏椅（可调节）,游戏椅,品牌07,大号,可调节,灰色,16*1*1,16,DK63E,莎拉,收货,上架
LaOv148GWh,白色 品牌13 14英寸 笔记本电脑（8吉字节内存）,笔记本电脑,品牌13,14英寸,8吉字节内存,白色,16*1*1,16,CU30H,约翰,收货,上架
AlYn1416Bl,黑色 品牌15 14英寸 一体机（16吉字节内存）,一体机,品牌15,14英寸,16吉字节内存,黑色,16*1*1,16,CJ41G,迈克,收货,上架
LaSu178GBl,黑色 品牌11 17英寸 笔记本电脑（8吉字节内存）,笔记本电脑,品牌11,17英寸,8吉字节内存,黑色,16*1*1,16,BX42G,亚历克斯,收货,上架
GaXESAdBl,黑色 品牌06 小号 游戏椅（可调节）,游戏椅,品牌06,小号,可调节,黑色,16*1*1,16,DU50E,亚历克斯,收货,上架
PrReA3InWh,白色 品牌24 三号纸 打印机（喷墨）,打印机,品牌24,三号纸,喷墨,白色,16*1*1,16,CI37B,莎拉,收货,上架
GaSEMLePi,粉色 品牌08 中号 游戏椅（皮革）,游戏椅,品牌08,中号,皮革,粉色,16*1*1,16,DZ08H,劳拉,收货,上架
CuTE18LoWh,白色 品牌04 1800 储物柜（储物锁柜）,储物柜,品牌04,1800,储物锁柜,白色,8*1*1,8,AH77F,艾米丽,收货,上架
CaWE90FiBl,黑色 品牌02 900 文件柜（文件收纳）,文件柜,品牌02,900,文件收纳,黑色,8*1*1,8,AF59F,亚历克斯,收货,上架
OfAESHePi,粉色 品牌05 小号 办公椅（头枕）,办公椅,品牌05,小号,头枕,粉色,16*1*1,16,CO73H,简,收货,上架
NoGrA3liBl,黑色 品牌18 三号纸 笔记本（线条）,笔记本,品牌18,三号纸,线条,黑色,48*10*5,2400,DF19F,艾米丽,收货,上架
PrPHA3InMi,混合色 品牌12 三号纸 打印机（喷墨）,打印机,品牌12,三号纸,喷墨,混合色,16*1*1,16,BW81E,迈克,收货,上架
PeRe24WaGr,灰色 品牌22 24 铅笔（水彩）,铅笔,品牌22,24,水彩,灰色,48*10*5,2400,CQ65D,艾米,收货,上架
LaSu15i7Gr,灰色 品牌11 15英寸 笔记本电脑（第7代处理器）,笔记本电脑,品牌11,15英寸,第7代处理器,灰色,16*1*1,16,BL02D,莎拉,收货,上架
TVYn75SFSi,银色 品牌15 75英寸 电视机（超级全高清）,电视机,品牌15,75英寸,超级全高清,银色,8*1*1,8,CV90C,亚历克斯,收货,上架
NoMuA5liBl,黑色 品牌19 五号纸 笔记本（线条）,笔记本,品牌19,五号纸,线条,黑色,48*10*5,2400,DS14G,克里斯,收货,上架
TVEs65S4Gr,灰色 品牌32 65英寸 电视机（超级超高清）,电视机,品牌32,65英寸,超级超高清,灰色,8*1*1,8,DY29G,莎拉,收货,上架
LaSu1516Bl,黑色 品牌11 15英寸 笔记本电脑（16吉字节内存）,笔记本电脑,品牌11,15英寸,16吉字节内存,黑色,16*1*1,16,CT02F,简,收货,上架
PrReA3WiBl,黑色 品牌24 三号纸 打印机（无线网络）,打印机,品牌24,三号纸,无线网络,黑色,16*1*1,16,DL54C,大卫,收货,上架
PrNoA2LaWh,白色 品牌26 二号纸 打印机（激光）,打印机,品牌26,二号纸,激光,白色,16*1*1,16,BX64B,大卫,收货,上架
OfSEMErBl,黑色 品牌08 中号 办公椅（人体工学）,办公椅,品牌08,中号,人体工学,黑色,16*1*1,16,DX43F,简,收货,上架
DrQE90LoGr,灰色 品牌01 900 抽屉柜（储物锁柜）,抽屉柜,品牌01,900,储物锁柜,灰色,8*1*1,8,AH41C,艾米,收货,上架
MoSu35MeWh,白色 品牌11 350 鼠标（机械式）,鼠标,品牌11,350,机械式,白色,16*10*1,160,AJ74F,艾米丽,收货,上架
TVEs75FHBl,黑色 品牌32 75英寸 电视机（全高清）,电视机,品牌32,75英寸,全高清,黑色,8*1*1,8,DS28D,克里斯,收货,上架
PeRe24WaPi,粉色 品牌22 24 铅笔（水彩）,铅笔,品牌22,24,水彩,粉色,48*10*5,2400,CU88C,克里斯,收货,上架
TVGn50FHBl,黑色 品牌30 50英寸 电视机（全高清）,电视机,品牌30,50英寸,全高清,黑色,8*1*1,8,DJ33D,艾米,收货,上架
GaXELErPi,粉色 品牌06 大号 游戏椅（人体工学）,游戏椅,品牌06,大号,人体工学,粉色,16*1*1,16,BT88H,艾米,收货,上架
CuRG12FiBe,米色 品牌03 1200 储物柜（文件收纳）,储物柜,品牌03,1200,文件收纳,米色,8*1*1,8,CN68D,艾米丽,收货,上架
MoPH45ErWh,白色 品牌12 450 鼠标（人体工学）,鼠标,品牌12,450,人体工学,白色,16*10*1,160,CO31D,约翰,收货,上架
TVGL504KBl,黑色 品牌31 50英寸 电视机（超高清）,电视机,品牌31,50英寸,超高清,黑色,8*1*1,8,CQ52C,亚历克斯,收货,上架
AlYn1416Wh,白色 品牌15 14英寸 一体机（16吉字节内存）,一体机,品牌15,14英寸,16吉字节内存,白色,16*1*1,16,BR42A,艾米丽,收货,上架
AlPH1416Wh,白色 品牌12 14英寸 一体机（16吉字节内存）,一体机,品牌12,14英寸,16吉字节内存,白色,16*1*1,16,DX25E,劳拉,收货,上架
LaRe1416Bl,黑色 品牌14 14英寸 笔记本电脑（16吉字节内存）,笔记本电脑,品牌14,14英寸,16吉字节内存,黑色,16*1*1,16,AY76C,约翰,收货,上架
CaRG18SlWh,白色 品牌03 1800 文件柜（滑动式）,文件柜,品牌03,1800,滑动式,白色,8*1*1,8,BH56E,大卫,收货,上架
NoMuA4liSi,银色 品牌19 四号纸 笔记本（线条）,笔记本,品牌19,四号纸,线条,银色,48*10*5,2400,CI81E,迈克,收货,上架
PrSoA2AlBl,黑色 品牌25 二号纸 打印机（一体式）,打印机,品牌25,二号纸,一体式,黑色,16*1*1,16,BT24B,大卫,收货,上架
DrQE18DoWh,白色 品牌01 1800 抽屉柜（带门式）,抽屉柜,品牌01,1800,带门式,白色,8*1*1,8,CV09C,迈克,收货,上架
CaTE12LoWh,白色 品牌04 1200 文件柜（储物锁柜）,文件柜,品牌04,1200,储物锁柜,白色,8*1*1,8,CK86C,简,收货,上架
LaRe1716Bl,黑色 品牌14 17英寸 笔记本电脑（16吉字节内存）,笔记本电脑,品牌14,17英寸,16吉字节内存,黑色,16*1*1,16,AU70G,亚历克斯,收货,上架
GaXESHeGr,灰色 品牌06 小号 游戏椅（头枕）,游戏椅,品牌06,小号,头枕,灰色,16*1*1,16,DW49G,约翰,收货,上架
CuQE12DoBl,黑色 品牌01 1200 储物柜（带门式）,储物柜,品牌01,1200,带门式,黑色,8*1*1,8,CX74B,简,收货,上架
SPGi12HeWh,白色 品牌21 12 触控笔（六角形）,触控笔,品牌21,12,六角形,白色,48*10*5,2400,AF12C,艾米,收货,上架
OfXELHeBl,黑色 品牌06 大号 办公椅（头枕）,办公椅,品牌06,大号,头枕,黑色,16*1*1,16,BW41H,艾米,收货,上架
TVEs50FHBl,黑色 品牌32 50英寸 电视机（全高清）,电视机,品牌32,50英寸,全高清,黑色,8*1*1,8,AJ47G,亚历克斯,收货,上架
MoSu45BlBl,黑色 品牌11 450 鼠标（蓝牙）,鼠标,品牌11,450,蓝牙,黑色,16*10*1,160,AT18F,莎拉,收货,上架
TVGn424KGr,灰色 品牌30 42英寸 电视机（超高清）,电视机,品牌30,42英寸,超高清,灰色,8*1*1,8,DX56A,亚历克斯,收货,上架
NoExA4doSi,银色 品牌16 四号纸 笔记本（点阵）,笔记本,品牌16,四号纸,点阵,银色,48*10*5,2400,DT35D,迈克,收货,上架
AlYn15i7Gr,灰色 品牌15 15英寸 一体机（第7代处理器）,一体机,品牌15,15英寸,第7代处理器,灰色,16*1*1,16,DX81B,约翰,收货,上架
CaQE12FiWh,白色 品牌01 1200 文件柜（文件收纳）,文件柜,品牌01,1200,文件收纳,白色,8*1*1,8,BI28C,迈克,收货,上架
CuQE90DoBe,米色 品牌01 900 储物柜（带门式）,储物柜,品牌01,900,带门式,米色,8*1*1,8,DI44C,劳拉,收货,上架
KeRe35ErBl,黑色 品牌10 350 键盘（人体工学）,键盘,品牌10,350,人体工学,黑色,16*10*1,160,AO43C,亚历克斯,收货,上架
AlYn1432Gr,灰色 品牌15 14英寸 一体机（32吉字节内存）,一体机,品牌15,14英寸,32吉字节内存,灰色,16*1*1,16,CQ51E,大卫,收货,上架
GaOGSLeWh,白色 品牌07 小号 游戏椅（皮革）,游戏椅,品牌07,小号,皮革,白色,16*1*1,16,DK11D,克里斯,收货,上架
SPAl50WaPi,粉色 品牌20 50 触控笔（水彩）,触控笔,品牌20,50,水彩,粉色,48*10*5,2400,BL50B,亚历克斯,收货,上架
AlOv1532Wh,白色 品牌13 15英寸 一体机（32吉字节内存）,一体机,品牌13,15英寸,32吉字节内存,白色,16*1*1,16,BY78F,简,收货,上架
PeNa50WaBl,黑色 品牌23 50 铅笔（水彩）,铅笔,品牌23,50,水彩,黑色,48*10*5,2400,AX28A,劳拉,收货,上架
OfSELErPi,粉色 品牌08 大号 办公椅（人体工学）,办公椅,品牌08,大号,人体工学,粉色,16*1*1,16,AV10D,简,收货,上架
DrTE12SlWh,白色 品牌04 1200 抽屉柜（滑动式）,抽屉柜,品牌04,1200,滑动式,白色,8*1*1,8,BJ49H,艾米,收货,上架
TVGn32S4Bl,黑色 品牌30 32英寸 电视机（超级超高清）,电视机,品牌30,32英寸,超级超高清,黑色,8*1*1,8,DV23E,大卫,收货,上架
GaXELLeBl,黑色 品牌06 大号 游戏椅（皮革）,游戏椅,品牌06,大号,皮革,黑色,16*1*1,16,AJ84D,劳拉,收货,上架
TVGn324KGr,灰色 品牌30 32英寸 电视机（超高清）,电视机,品牌30,32英寸,超高清,灰色,8*1*1,8,CO81F,艾米丽,收货,上架
TaCI10FrBl,黑色 品牌27 1000 桌子（框架式）,桌子,品牌27,1000,框架式,黑色,8*1*1,8,BR67E,简,收货,上架
TVGL50S4Bl,黑色 品牌31 50英寸 电视机（超级超高清）,电视机,品牌31,50英寸,超级超高清,黑色,8*1*1,8,BS46E,大卫,收货,上架
SPRe50SoPi,粉色 品牌22 50 触控笔（可溶性）,触控笔,品牌22,50,可溶性,粉色,48*10*5,2400,CQ13C,大卫,收货,上架
SPAl12WaWh,白色 品牌20 12 触控笔（水彩）,触控笔,品牌20,12,水彩,白色,48*10*5,2400,CH03B,艾米丽,收货,上架
CaTE12LoWh,白色 品牌04 1200 文件柜（储物锁柜）,文件柜,品牌04,1200,储物锁柜,白色,8*1*1,8,CU42B,劳拉,收货,上架
CaQE18DoBe,米色 品牌01 1800 文件柜（带门式）,文件柜,品牌01,1800,带门式,米色,8*1*1,8,CR95E,大卫,收货,上架
LaSu15i7Bl,黑色 品牌11 15英寸 笔记本电脑（第7代处理器）,笔记本电脑,品牌11,15英寸,第7代处理器,黑色,16*1*1,16,BS04E,简,收货,上架
MoHc45WiBl,黑色 品牌09 450 鼠标（有线）,鼠标,品牌09,450,有线,黑色,16*10*1,160,DI89E,约翰,收货,上架
KeSu27ErWh,白色 品牌11 270 键盘（人体工学）,键盘,品牌11,270,人体工学,白色,16*10*1,160,DT90B,约翰,收货,上架
KeSu35MeBl,黑色 品牌11 350 键盘（机械式）,键盘,品牌11,350,机械式,黑色,16*10*1,160,BR55G,莎拉,收货,上架
CaQE12FiBe,米色 品牌01 1200 文件柜（文件收纳）,文件柜,品牌01,1200,文件收纳,米色,8*1*1,8,CF12A,莎拉,收货,上架
DrRG90DoWh,白色 品牌03 900 抽屉柜（带门式）,抽屉柜,品牌03,900,带门式,白色,8*1*1,8,BF95C,艾米丽,收货,上架
TVGn50FHBl,黑色 品牌30 50英寸 电视机（全高清）,电视机,品牌30,50英寸,全高清,黑色,8*1*1,8,CF98E,约翰,收货,上架
PeAl12HeWh,白色 品牌20 12 铅笔（六角形）,铅笔,品牌20,12,六角形,白色,48*10*5,2400,AM73C,莎拉,收货,上架
GaSELHeGr,灰色 品牌08 大号 游戏椅（头枕）,游戏椅,品牌08,大号,头枕,灰色,16*1*1,16,DN26C,克里斯,收货,上架
CuQE90DoBe,米色 品牌01 900 储物柜（带门式）,储物柜,品牌01,900,带门式,米色,8*1*1,8,CW59D,劳拉,收货,上架
PrReA4WiBl,黑色 品牌24 四号纸 打印机（无线网络）,打印机,品牌24,四号纸,无线网络,黑色,16*1*1,16,AX55H,艾米丽,收货,上架
LaOv17i5Wh,白色 品牌13 17英寸 笔记本电脑（第5代处理器）,笔记本电脑,品牌13,17英寸,第5代处理器,白色,16*1*1,16,AG81B,克里斯,收货,上架
PeAl50HeBl,黑色 品牌20 50 铅笔（六角形）,铅笔,品牌20,50,六角形,黑色,48*10*5,2400,BQ48G,亚历克斯,收货,上架
DrRG12LoWh,白色 品牌03 1200 抽屉柜（储物锁柜）,抽屉柜,品牌03,1200,储物锁柜,白色,8*1*1,8,DZ52G,约翰,收货,上架
NoGrA3liGr,灰色 品牌18 三号纸 笔记本（线条）,笔记本,品牌18,三号纸,线条,灰色,48*10*5,2400,DQ94F,约翰,收货,上架
TaAE15WoWh,白色 品牌05 1500 桌子（工作站）,桌子,品牌05,1500,工作站,白色,8*1*1,8,BK97G,克里斯,收货,上架
OfOGMErWh,白色 品牌07 中号 办公椅（人体工学）,办公椅,品牌07,中号,人体工学,白色,16*1*1,16,DQ98E,约翰,收货,上架
AlRe1716Gr,灰色 品牌14 17英寸 一体机（16吉字节内存）,一体机,品牌14,17英寸,16吉字节内存,灰色,16*1*1,16,CF48A,艾米,收货,上架
LaSu158GSi,银色 品牌11 15英寸 笔记本电脑（8吉字节内存）,笔记本电脑,品牌11,15英寸,8吉字节内存,银色,16*1*1,16,AK09D,艾米,收货,上架
DrTE18LoBe,米色 品牌04 1800 抽屉柜（储物锁柜）,抽屉柜,品牌04,1800,储物锁柜,米色,8*1*1,8,CQ04H,迈克,收货,上架
KeHc45BlWh,白色 品牌09 450 键盘（蓝牙）,键盘,品牌09,450,蓝牙,白色,16*10*1,160,BI14H,亚历克斯,收货,上架
TVGn324KBl,黑色 品牌30 32英寸 电视机（超高清）,电视机,品牌30,32英寸,超高清,黑色,8*1*1,8,BI01G,亚历克斯,收货,上架
PrNoA4LaWh,白色 品牌26 四号纸 打印机（激光）,打印机,品牌26,四号纸,激光,白色,16*1*1,16,CF30C,艾米,收货,上架
TVYn42SFBl,黑色 品牌15 42英寸 电视机（超级全高清）,电视机,品牌15,42英寸,超级全高清,黑色,8*1*1,8,AO58E,克里斯,收货,上架
PeGi50WaBl,黑色 品牌21 50 铅笔（水彩）,铅笔,品牌21,50,水彩,黑色,48*10*5,2400,CQ12A,莎拉,收货,上架
MoRe35ErWh,白色 品牌10 350 鼠标（人体工学）,鼠标,品牌10,350,人体工学,白色,16*10*1,160,DX02C,克里斯,收货,上架
AlYn15i7Si,银色 品牌15 15英寸 一体机（第7代处理器）,一体机,品牌15,15英寸,第7代处理器,银色,16*1*1,16,BU60B,迈克,收货,上架
KePH45BlWh,白色 品牌12 450 键盘（蓝牙）,键盘,品牌12,450,蓝牙,白色,16*10*1,160,AO41E,艾米,收货,上架
LaPH1732Gr,灰色 品牌12 17英寸 笔记本电脑（32吉字节内存）,笔记本电脑,品牌12,17英寸,32吉字节内存,灰色,16*1*1,16,BN84C,艾米丽,收货,上架
DrRG12SlWh,白色 品牌03 1200 抽屉柜（滑动式）,抽屉柜,品牌03,1200,滑动式,白色,8*1*1,8,CK14C,克里斯,收货,上架
PrNoA4LaMi,混合色 品牌26 四号纸 打印机（激光）,打印机,品牌26,四号纸,激光,混合色,16*1*1,16,CR32D,迈克,收货,上架
TVEs50FHWh,白色 品牌32 50英寸 电视机（全高清）,电视机,品牌32,50英寸,全高清,白色,8*1*1,8,CM48E,迈克,收货,上架
CaQE12FiBl,黑色 品牌01 1200 文件柜（文件收纳）,文件柜,品牌01,1200,文件收纳,黑色,8*1*1,8,AU53H,克里斯,收货,上架
GaSELAdGr,灰色 品牌08 大号 游戏椅（可调节）,游戏椅,品牌08,大号,可调节,灰色,16*1*1,16,BQ47C,约翰,收货,上架
OfOGMLeGr,灰色 品牌07 中号 办公椅（皮革）,办公椅,品牌07,中号,皮革,灰色,16*1*1,16,BU39B,大卫,收货,上架
TVYn32S4Gr,灰色 品牌15 32英寸 电视机（超级超高清）,电视机,品牌15,32英寸,超级超高清,灰色,8*1*1,8,CG18E,约翰,收货,上架
NoExA3ruWh,白色 品牌16 三号纸 笔记本（横线）,笔记本,品牌16,三号纸,横线,白色,48*10*5,2400,BT84G,克里斯,收货,上架
TaCI18AdSi,银色 品牌27 1800 桌子（可调节）,桌子,品牌27,1800,可调节,银色,8*1*1,8,BZ49H,艾米,收货,上架
PrSoA2MoWh,白色 品牌25 二号纸 打印机（黑白）,打印机,品牌25,二号纸,黑白,白色,16*1*1,16,CI05H,亚历克斯,收货,上架
LaYn14i7Gr,灰色 品牌15 14英寸 笔记本电脑（第7代处理器）,笔记本电脑,品牌15,14英寸,第7代处理器,灰色,16*1*1,16,BR41H,莎拉,收货,上架
TaTR10AuWh,白色 品牌29 1000 桌子（自动调节）,桌子,品牌29,1000,自动调节,白色,8*1*1,8,CQ14B,迈克,收货,上架
NoMuA3liBl,黑色 品牌19 三号纸 笔记本（线条）,笔记本,品牌19,三号纸,线条,黑色,48*10*5,2400,DI97C,迈克,收货,上架
TaTR10AuWh,白色 品牌29 1000 桌子（自动调节）,桌子,品牌29,1000,自动调节,白色,8*1*1,8,AP86F,艾米丽,收货,上架
TVGn75FHGr,灰色 品牌30 75英寸 电视机（全高清）,电视机,品牌30,75英寸,全高清,灰色,8*1*1,8,DU12G,艾米,收货,上架
MoHc35ErWh,白色 品牌09 350 鼠标（人体工学）,鼠标,品牌09,350,人体工学,白色,16*10*1,160,AT20C,大卫,收货,上架
AlRe1516Wh,白色 品牌14 15英寸 一体机（16吉字节内存）,一体机,品牌14,15英寸,16吉字节内存,白色,16*1*1,16,BZ21G,劳拉,收货,上架
OfAEMErBl,黑色 品牌05 中号 办公椅（人体工学）,办公椅,品牌05,中号,人体工学,黑色,16*1*1,16,BN30F,大卫,收货,上架
TVEs75FHGr,灰色 品牌32 75英寸 电视机（全高清）,电视机,品牌32,75英寸,全高清,灰色,8*1*1,8,DY60A,简,收货,上架
AlSu178GBl,黑色 品牌11 17英寸 一体机（8吉字节内存）,一体机,品牌11,17英寸,8吉字节内存,黑色,16*1*1,16,CO32A,艾米,收货,上架
PrNoA3InWh,白色 品牌26 三号纸 打印机（喷墨）,打印机,品牌26,三号纸,喷墨,白色,16*1*1,16,CP75C,亚历克斯,收货,上架
LaOv1432Si,银色 品牌13 14英寸 笔记本电脑（32吉字节内存）,笔记本电脑,品牌13,14英寸,32吉字节内存,银色,16*1*1,16,AK67E,艾米,收货,上架
NoScA5doWh,白色 品牌17 五号纸 笔记本（点阵）,笔记本,品牌17,五号纸,点阵,白色,48*10*5,2400,DK37G,艾米丽,收货,上架
TaTR15FrWh,白色 品牌28 1500 桌子（框架式）,桌子,品牌28,1500,框架式,白色,8*1*1,8,AT44H,克里斯,收货,上架
OfAEMLeWh,白色 品牌05 中号 办公椅（皮革）,办公椅,品牌05,中号,皮革,白色,16*1*1,16,CH01B,克里斯,收货,上架
PeRe50HeWh,白色 品牌22 50 铅笔（六角形）,铅笔,品牌22,50,六角形,白色,48*10*5,2400,DN40D,迈克,收货,上架
GaAESAdGr,灰色 品牌05 小号 游戏椅（可调节）,游戏椅,品牌05,小号,可调节,灰色,16*1*1,16,DM96C,亚历克斯,收货,上架
PrNoA3MoMi,混合色 品牌26 三号纸 打印机（黑白）,打印机,品牌26,三号纸,黑白,混合色,16*1*1,16,CS78H,简,收货,上架
DrRG18SlGr,灰色 品牌03 1800 抽屉柜（滑动式）,抽屉柜,品牌03,1800,滑动式,灰色,8*1*1,8,BR53B,劳拉,收货,上架
LaYn1532Wh,白色 品牌15 15英寸 笔记本电脑（32吉字节内存）,笔记本电脑,品牌15,15英寸,32吉字节内存,白色,16*1*1,16,BU15A,莎拉,收货,上架
KeRe45WiWh,白色 品牌10 450 键盘（有线）,键盘,品牌10,450,有线,白色,16*10*1,160,CJ66H,艾米丽,收货,上架
MoRe45BlNa,藏青色 品牌10 450 鼠标（蓝牙）,鼠标,品牌10,450,蓝牙,藏青色,16*10*1,160,CG55G,劳拉,收货,上架
NoGrA4liGr,灰色 品牌18 四号纸 笔记本（线条）,笔记本,品牌18,四号纸,线条,灰色,48*10*5,2400,CY65D,大卫,收货,上架
OfAELAdPi,粉色 品牌05 大号 办公椅（可调节）,办公椅,品牌05,大号,可调节,粉色,16*1*1,16,CN91E,亚历克斯,收货,上架
OfOGSHeBl,黑色 品牌07 小号 办公椅（头枕）,办公椅,品牌07,小号,头枕,黑色,16*1*1,16,CI61F,莎拉,收货,上架
MoSu27MePi,粉色 品牌11 270 鼠标（机械式）,鼠标,品牌11,270,机械式,粉色,16*10*1,160,DN63G,大卫,收货,上架
TVEs42FHBl,黑色 品牌32 42英寸 电视机（全高清）,电视机,品牌32,42英寸,全高清,黑色,8*1*1,8,BV97H,亚历克斯,收货,上架
PeRe12HeWh,白色 品牌22 12 铅笔（六角形）,铅笔,品牌22,12,六角形,白色,48*10*5,2400,BH88C,大卫,收货,上架
TVGL654KWh,白色 品牌31 65英寸 电视机（超高清）,电视机,品牌31,65英寸,超高清,白色,8*1*1,8,AL54H,约翰,收货,上架
OfOGLLeWh,白色 品牌07 大号 办公椅（皮革）,办公椅,品牌07,大号,皮革,白色,16*1*1,16,DJ16A,亚历克斯,收货,上架
CaQE18DoBl,黑色 品牌01 1800 文件柜（带门式）,文件柜,品牌01,1800,带门式,黑色,8*1*1,8,BM13H,劳拉,收货,上架
TVYn654KSi,银色 品牌15 65英寸 电视机（超高清）,电视机,品牌15,65英寸,超高清,银色,8*1*1,8,BK76D,艾米,收货,上架
AlSu14i5Gr,灰色 品牌11 14英寸 一体机（第5代处理器）,一体机,品牌11,14英寸,第5代处理器,灰色,16*1*1,16,BS44G,克里斯,收货,上架
AlOv148GSi,银色 品牌13 14英寸 一体机（8吉字节内存）,一体机,品牌13,14英寸,8吉字节内存,银色,16*1*1,16,CX88D,劳拉,收货,上架
PrReA4InMi,混合色 品牌24 四号纸 打印机（喷墨）,打印机,品牌24,四号纸,喷墨,混合色,16*1*1,16,DU66A,劳拉,收货,上架
NoExA3ruBl,黑色 品牌16 三号纸 笔记本（横线）,笔记本,品牌16,三号纸,横线,黑色,48*10*5,2400,BK55A,艾米,收货,上架
PeNa12HeWh,白色 品牌23 12 铅笔（六角形）,铅笔,品牌23,12,六角形,白色,48*10*5,2400,CK65C,迈克,收货,上架
LaSu1416Wh,白色 品牌11 14英寸 笔记本电脑（16吉字节内存）,笔记本电脑,品牌11,14英寸,16吉字节内存,白色,16*1*1,16,AP46E,简,收货,上架
PrNoA4InBl,黑色 品牌26 四号纸 打印机（喷墨）,打印机,品牌26,四号纸,喷墨,黑色,16*1*1,16,AI55B,莎拉,收货,上架
OfSESHeBl,黑色 品牌08 小号 办公椅（头枕）,办公椅,品牌08,小号,头枕,黑色,16*1*1,16,AT62B,亚历克斯,收货,上架
AlOv15i5Si,银色 品牌13 15英寸 一体机（第5代处理器）,一体机,品牌13,15英寸,第5代处理器,银色,16*1*1,16,DI77H,大卫,收货,上架
MoHc27BlNa,藏青色 品牌09 270 鼠标（蓝牙）,鼠标,品牌09,270,蓝牙,藏青色,16*10*1,160,AL91B,亚历克斯,收货,上架
TVGn654KGr,灰色 品牌30 65英寸 电视机（超高清）,电视机,品牌30,65英寸,超高清,灰色,8*1*1,8,DT94H,迈克,收货,上架
MoSu27WiNa,藏青色 品牌11 270 鼠标（有线）,鼠标,品牌11,270,有线,藏青色,16*10*1,160,CK34B,克里斯,收货,上架
LaPH1416Gr,灰色 品牌12 14英寸 笔记本电脑（16吉字节内存）,笔记本电脑,品牌12,14英寸,16吉字节内存,灰色,16*1*1,16,AT73B,迈克,收货,上架
MoHc27WiWh,白色 品牌09 270 鼠标（有线）,鼠标,品牌09,270,有线,白色,16*10*1,160,BS45D,克里斯,收货,上架
CuRG12DoBl,黑色 品牌03 1200 储物柜（带门式）,储物柜,品牌03,1200,带门式,黑色,8*1*1,8,AK22E,克里斯,收货,上架
GaSESLeGr,灰色 品牌08 小号 游戏椅（皮革）,游戏椅,品牌08,小号,皮革,灰色,16*1*1,16,BK28B,迈克,收货,上架
NoScA4ruGr,灰色 品牌17 四号纸 笔记本（横线）,笔记本,品牌17,四号纸,横线,灰色,48*10*5,2400,DZ09F,艾米丽,收货,上架
AlSu14i7Gr,灰色 品牌11 14英寸 一体机（第7代处理器）,一体机,品牌11,14英寸,第7代处理器,灰色,16*1*1,16,CK76F,亚历克斯,收货,上架
CuQE18LoBe,米色 品牌01 1800 储物柜（储物锁柜）,储物柜,品牌01,1800,储物锁柜,米色,8*1*1,8,BN43G,简,收货,上架
PeNa50HeWh,白色 品牌23 50 铅笔（六角形）,铅笔,品牌23,50,六角形,白色,48*10*5,2400,BU74A,迈克,收货,上架
OfSELHeGr,灰色 品牌08 大号 办公椅（头枕）,办公椅,品牌08,大号,头枕,灰色,16*1*1,16,AM27B,劳拉,收货,上架
NoMuA5ruWh,白色 品牌19 五号纸 笔记本（横线）,笔记本,品牌19,五号纸,横线,白色,48*10*5,2400,CI25A,劳拉,收货,上架
CuRG12DoGr,灰色 品牌03 1200 储物柜（带门式）,储物柜,品牌03,1200,带门式,灰色,8*1*1,8,DT80H,克里斯,收货,上架
SPNa12SoWh,白色 品牌23 12 触控笔（可溶性）,触控笔,品牌23,12,可溶性,白色,48*10*5,2400,AS69F,简,收货,上架
NoExA5ruSi,银色 品牌16 五号纸 笔记本（横线）,笔记本,品牌16,五号纸,横线,银色,48*10*5,2400,AH74B,简,收货,上架
TaTR18FrGr,灰色 品牌29 1800 桌子（框架式）,桌子,品牌29,1800,框架式,灰色,8*1*1,8,AR62A,莎拉,收货,上架
PeNa24WaWh,白色 品牌23 24 铅笔（水彩）,铅笔,品牌23,24,水彩,白色,48*10*5,2400,CS85H,约翰,收货,上架
CaRG90SlBe,米色 品牌03 900 文件柜（滑动式）,文件柜,品牌03,900,滑动式,米色,8*1*1,8,CT45B,亚历克斯,收货,上架
PrPHA4MoBl,黑色 品牌12 四号纸 打印机（黑白）,打印机,品牌12,四号纸,黑白,黑色,16*1*1,16,CY07F,莎拉,收货,上架
LaOv1516Gr,灰色 品牌13 15英寸 笔记本电脑（16吉字节内存）,笔记本电脑,品牌13,15英寸,16吉字节内存,灰色,16*1*1,16,BI72F,克里斯,收货,上架
MoPH35MePi,粉色 品牌12 350 鼠标（机械式）,鼠标,品牌12,350,机械式,粉色,16*10*1,160,CR63C,劳拉,收货,上架
MoPH27BlNa,藏青色 品牌12 270 鼠标（蓝牙）,鼠标,品牌12,270,蓝牙,藏青色,16*10*1,160,DH24B,艾米,收货,上架
DrWE12SlBl,黑色 品牌02 1200 抽屉柜（滑动式）,抽屉柜,品牌02,1200,滑动式,黑色,8*1*1,8,AH62F,亚历克斯,收货,上架
PeNa50SoWh,白色 品牌23 50 铅笔（可溶性）,铅笔,品牌23,50,可溶性,白色,48*10*5,2400,DV95A,艾米,收货,上架
TVGL50S4Bl,黑色 品牌31 50英寸 电视机（超级超高清）,电视机,品牌31,50英寸,超级超高清,黑色,8*1*1,8,BJ20E,简,收货,上架
TVGL424KBl,黑色 品牌31 42英寸 电视机（超高清）,电视机,品牌31,42英寸,超高清,黑色,8*1*1,8,DU21G,大卫,收货,上架
TVYn65SFWh,白色 品牌15 65英寸 电视机（超级全高清）,电视机,品牌15,65英寸,超级全高清,白色,8*1*1,8,AL45G,亚历克斯,收货,上架
GaAELLeGr,灰色 品牌05 大号 游戏椅（皮革）,游戏椅,品牌05,大号,皮革,灰色,16*1*1,16,AO49F,劳拉,收货,上架
OfOGMErBl,黑色 品牌07 中号 办公椅（人体工学）,办公椅,品牌07,中号,人体工学,黑色,16*1*1,16,BU24A,迈克,收货,上架
NoScA3doGr,灰色 品牌17 三号纸 笔记本（点阵）,笔记本,品牌17,三号纸,点阵,灰色,48*10*5,2400,AL45F,约翰,收货,上架
AlSu17i5Wh,白色 品牌11 17英寸 一体机（第5代处理器）,一体机,品牌11,17英寸,第5代处理器,白色,16*1*1,16,DS08A,莎拉,收货,上架
AlYn1416Si,银色 品牌15 14英寸 一体机（16吉字节内存）,一体机,品牌15,14英寸,16吉字节内存,银色,16*1*1,16,AQ98A,简,收货,上架
KeSu45WiWh,白色 品牌11 450 键盘（有线）,键盘,品牌11,450,有线,白色,16*10*1,160,BL48G,克里斯,收货,上架
AlYn1532Si,银色 品牌15 15英寸 一体机（32吉字节内存）,一体机,品牌15,15英寸,32吉字节内存,银色,16*1*1,16,CH19B,约翰,收货,上架
OfOGLAdBl,黑色 品牌07 大号 办公椅（可调节）,办公椅,品牌07,大号,可调节,黑色,16*1*1,16,DI33E,劳拉,收货,上架
SPRe12SoGr,灰色 品牌22 12 触控笔（可溶性）,触控笔,品牌22,12,可溶性,灰色,48*10*5,2400,BI06G,艾米丽,收货,上架
DrWE12LoGr,灰色 品牌02 1200 抽屉柜（储物锁柜）,抽屉柜,品牌02,1200,储物锁柜,灰色,8*1*1,8,AH44B,莎拉,收货,上架
LaRe15i5Wh,白色 品牌14 15英寸 笔记本电脑（第5代处理器）,笔记本电脑,品牌14,15英寸,第5代处理器,白色,16*1*1,16,AS69D,约翰,收货,上架
CuTE18DoBe,米色 品牌04 1800 储物柜（带门式）,储物柜,品牌04,1800,带门式,米色,8*1*1,8,CS33B,亚历克斯,收货,上架
PeAl24SoGr,灰色 品牌20 24 铅笔（可溶性）,铅笔,品牌20,24,可溶性,灰色,48*10*5,2400,CU35F,劳拉,收货,上架
LaPH1532Gr,灰色 品牌12 15英寸 笔记本电脑（32吉字节内存）,笔记本电脑,品牌12,15英寸,32吉字节内存,灰色,16*1*1,16,CF61A,迈克,收货,上架
GaAEMAdWh,白色 品牌05 中号 游戏椅（可调节）,游戏椅,品牌05,中号,可调节,白色,16*1*1,16,DY03B,劳拉,收货,上架
KeRe27WiBl,黑色 品牌10 270 键盘（有线）,键盘,品牌10,270,有线,黑色,16*10*1,160,BS28C,简,收货,上架
GaSEMErPi,粉色 品牌08 中号 游戏椅（人体工学）,游戏椅,品牌08,中号,人体工学,粉色,16*1*1,16,DU27D,大卫,收货,上架
TVYn50S4Si,银色 品牌15 50英寸 电视机（超级超高清）,电视机,品牌15,50英寸,超级超高清,银色,8*1*1,8,AK83E,亚历克斯,收货,上架
CuQE18DoGr,灰色 品牌01 1800 储物柜（带门式）,储物柜,品牌01,1800,带门式,灰色,8*1*1,8,BL71C,莎拉,收货,上架
PeAl50SoGr,灰色 品牌20 50 铅笔（可溶性）,铅笔,品牌20,50,可溶性,灰色,48*10*5,2400,BY38D,简,收货,上架
AlRe148GWh,白色 品牌14 14英寸 一体机（8吉字节内存）,一体机,品牌14,14英寸,8吉字节内存,白色,16*1*1,16,CJ66C,亚历克斯,收货,上架
AlOv15i7Bl,黑色 品牌13 15英寸 一体机（第7代处理器）,一体机,品牌13,15英寸,第7代处理器,黑色,16*1*1,16,BL70C,莎拉,收货,上架
TVEs75FHGr,灰色 品牌32 75英寸 电视机（全高清）,电视机,品牌32,75英寸,全高清,灰色,8*1*1,8,DS82D,约翰,收货,上架
GaOGMHeGr,灰色 品牌07 中号 游戏椅（头枕）,游戏椅,品牌07,中号,头枕,灰色,16*1*1,16,DQ11D,简,收货,上架
PeGi24SoBl,黑色 品牌21 24 铅笔（可溶性）,铅笔,品牌21,24,可溶性,黑色,48*10*5,2400,BS73D,艾米丽,收货,上架
AlOv148GSi,银色 品牌13 14英寸 一体机（8吉字节内存）,一体机,品牌13,14英寸,8吉字节内存,银色,16*1*1,16,DI65C,简,收货,上架
AlOv14i7Gr,灰色 品牌13 14英寸 一体机（第7代处理器）,一体机,品牌13,14英寸,第7代处理器,灰色,16*1*1,16,BT25D,克里斯,收货,上架
CaRG18LoWh,白色 品牌03 1800 文件柜（储物锁柜）,文件柜,品牌03,1800,储物锁柜,白色,8*1*1,8,BI71C,约翰,收货,上架
KeHc35MeNa,藏青色 品牌09 350 键盘（机械式）,键盘,品牌09,350,机械式,藏青色,16*10*1,160,CG83B,莎拉,收货,上架
NoMuA3ruBl,黑色 品牌19 三号纸 笔记本（横线）,笔记本,品牌19,三号纸,横线,黑色,48*10*5,2400,DI18F,简,收货,上架
PrSoA3AlGr,灰色 品牌25 三号纸 打印机（一体式）,打印机,品牌25,三号纸,一体式,灰色,16*1*1,16,CL29C,简,收货,上架
TVGL75S4Si,银色 品牌31 75英寸 电视机（超级超高清）,电视机,品牌31,75英寸,超级超高清,银色,8*1*1,8,AX54G,大卫,收货,上架
GaAESAdGr,灰色 品牌05 小号 游戏椅（可调节）,游戏椅,品牌05,小号,可调节,灰色,16*1*1,16,DO66D,约翰,收货,上架
TaCI10AdBl,黑色 品牌27 1000 桌子（可调节）,桌子,品牌27,1000,可调节,黑色,8*1*1,8,CX77A,克里斯,收货,上架
AlOv148GWh,白色 品牌13 14英寸 一体机（8吉字节内存）,一体机,品牌13,14英寸,8吉字节内存,白色,16*1*1,16,BY83H,莎拉,收货,上架
MoPH45MeBl,黑色 品牌12 450 鼠标（机械式）,鼠标,品牌12,450,机械式,黑色,16*10*1,160,CS77D,莎拉,收货,上架
LaRe148GWh,白色 品牌14 14英寸 笔记本电脑（8吉字节内存）,笔记本电脑,品牌14,14英寸,8吉字节内存,白色,16*1*1,16,CX64D,艾米丽,收货,上架
LaPH15i5Gr,灰色 品牌12 15英寸 笔记本电脑（第5代处理器）,笔记本电脑,品牌12,15英寸,第5代处理器,灰色,16*1*1,16,AX66D,亚历克斯,收货,上架
SPAl12WaPi,粉色 品牌20 12 触控笔（水彩）,触控笔,品牌20,12,水彩,粉色,48*10*5,2400,DR71C,亚历克斯,收货,上架
SPNa24SoBl,黑色 品牌23 24 触控笔（可溶性）,触控笔,品牌23,24,可溶性,黑色,48*10*5,2400,AT31C,大卫,收货,上架
TVEs65S4Bl,黑色 品牌32 65英寸 电视机（超级超高清）,电视机,品牌32,65英寸,超级超高清,黑色,8*1*1,8,AK12H,劳拉,收货,上架
MoHc27BlNa,藏青色 品牌09 270 鼠标（蓝牙）,鼠标,品牌09,270,蓝牙,藏青色,16*10*1,160,AL62A,艾米丽,收货,上架
CuRG18LoGr,灰色 品牌03 1800 储物柜（储物锁柜）,储物柜,品牌03,1800,储物锁柜,灰色,8*1*1,8,BG24H,简,收货,上架
KeRe45BlNa,藏青色 品牌10 450 键盘（蓝牙）,键盘,品牌10,450,蓝牙,藏青色,16*10*1,160,AY03F,劳拉,收货,上架
AlOv1432Bl,黑色 品牌13 14英寸 一体机（32吉字节内存）,一体机,品牌13,14英寸,32吉字节内存,黑色,16*1*1,16,DL68G,简,收货,上架
GaAELHeBl,黑色 品牌05 大号 游戏椅（头枕）,游戏椅,品牌05,大号,头枕,黑色,16*1*1,16,AL96G,艾米,收货,上架
LaOv148GSi,银色 品牌13 14英寸 笔记本电脑（8吉字节内存）,笔记本电脑,品牌13,14英寸,8吉字节内存,银色,16*1*1,16,CL32C,艾米,收货,上架
AlSu14i5Si,银色 品牌11 14英寸 一体机（第5代处理器）,一体机,品牌11,14英寸,第5代处理器,银色,16*1*1,16,CV69A,迈克,收货,上架
TaTR15WoWh,白色 品牌29 1500 桌子（工作站）,桌子,品牌29,1500,工作站,白色,8*1*1,8,CZ36D,克里斯,收货,上架
LaSu178GSi,银色 品牌11 17英寸 笔记本电脑（8吉字节内存）,笔记本电脑,品牌11,17英寸,8吉字节内存,银色,16*1*1,16,BP53A,克里斯,收货,上架
KeHc35ErWh,白色 品牌09 350 键盘（人体工学）,键盘,品牌09,350,人体工学,白色,16*10*1,160,AT13E,大卫,收货,上架
DrTE12DoBe,米色 品牌04 1200 抽屉柜（带门式）,抽屉柜,品牌04,1200,带门式,米色,8*1*1,8,DI28A,大卫,收货,上架
LaOv1516Wh,白色 品牌13 15英寸 笔记本电脑（16吉字节内存）,笔记本电脑,品牌13,15英寸,16吉字节内存,白色,16*1*1,16,CL28D,约翰,收货,上架
PeAl50HeBl,黑色 品牌20 50 铅笔（六角形）,铅笔,品牌20,50,六角形,黑色,48*10*5,2400,DG91D,莎拉,收货,上架
TVGn424KBl,黑色 品牌30 42英寸 电视机（超高清）,电视机,品牌30,42英寸,超高清,黑色,8*1*1,8,CJ42D,迈克,收货,上架
NoMuA4ruSi,银色 品牌19 四号纸 笔记本（横线）,笔记本,品牌19,四号纸,横线,银色,48*10*5,2400,AZ83G,克里斯,收货,上架
AlRe14i5Si,银色 品牌14 14英寸 一体机（第5代处理器）,一体机,品牌14,14英寸,第5代处理器,银色,16*1*1,16,AV53H,大卫,收货,上架
PrPHA4LaGr,灰色 品牌12 四号纸 打印机（激光）,打印机,品牌12,四号纸,激光,灰色,16*1*1,16,AS44B,莎拉,收货,上架
PrReA3AlBl,黑色 品牌24 三号纸 打印机（一体式）,打印机,品牌24,三号纸,一体式,黑色,16*1*1,16,BL27H,迈克,收货,上架
TaTR18WoSi,银色 品牌28 1800 桌子（工作站）,桌子,品牌28,1800,工作站,银色,8*1*1,8,DL85H,简,收货,上架
LaRe15i5Bl,黑色 品牌14 15英寸 笔记本电脑（第5代处理器）,笔记本电脑,品牌14,15英寸,第5代处理器,黑色,16*1*1,16,DK71E,约翰,收货,上架
PrPHA3InWh,白色 品牌12 三号纸 打印机（喷墨）,打印机,品牌12,三号纸,喷墨,白色,16*1*1,16,DP12B,劳拉,收货,上架
LaSu17i5Si,银色 品牌11 17英寸 笔记本电脑（第5代处理器）,笔记本电脑,品牌11,17英寸,第5代处理器,银色,16*1*1,16,DN28G,大卫,收货,上架
AlRe14i7Bl,黑色 品牌14 14英寸 一体机（第7代处理器）,一体机,品牌14,14英寸,第7代处理器,黑色,16*1*1,16,DP75H,亚历克斯,收货,上架
MoPH35MeBl,黑色 品牌12 350 鼠标（机械式）,鼠标,品牌12,350,机械式,黑色,16*10*1,160,BL81H,大卫,收货,上架
LaOv14i5Gr,灰色 品牌13 14英寸 笔记本电脑（第5代处理器）,笔记本电脑,品牌13,14英寸,第5代处理器,灰色,16*1*1,16,AV87B,克里斯,收货,上架
SPAl24WaBl,黑色 品牌20 24 触控笔（水彩）,触控笔,品牌20,24,水彩,黑色,48*10*5,2400,CO44F,克里斯,收货,上架
KeHc45BlNa,藏青色 品牌09 450 键盘（蓝牙）,键盘,品牌09,450,蓝牙,藏青色,16*10*1,160,AY72C,约翰,收货,上架
GaAESAdPi,粉色 品牌05 小号 游戏椅（可调节）,游戏椅,品牌05,小号,可调节,粉色,16*1*1,16,CW07B,克里斯,收货,上架
CaRG90DoGr,灰色 品牌03 900 文件柜（带门式）,文件柜,品牌03,900,带门式,灰色,8*1*1,8,AV69C,简,收货,上架
CuQE12SlBl,黑色 品牌01 1200 储物柜（滑动式）,储物柜,品牌01,1200,滑动式,黑色,8*1*1,8,AX16F,约翰,收货,上架
TVYn65SFWh,白色 品牌15 65英寸 电视机（超级全高清）,电视机,品牌15,65英寸,超级全高清,白色,8*1*1,8,CZ21G,约翰,收货,上架
GaSELAdWh,白色 品牌08 大号 游戏椅（可调节）,游戏椅,品牌08,大号,可调节,白色,16*1*1,16,CK27D,约翰,收货,上架
TVGL42SFWh,白色 品牌31 42英寸 电视机（超级全高清）,电视机,品牌31,42英寸,超级全高清,白色,8*1*1,8,DH64H,莎拉,收货,上架
GaAELAdBl,黑色 品牌05 大号 游戏椅（可调节）,游戏椅,品牌05,大号,可调节,黑色,16*1*1,16,AQ50G,简,收货,上架
TaTR18WoSi,银色 品牌29 1800 桌子（工作站）,桌子,品牌29,1800,工作站,银色,8*1*1,8,BR73G,亚历克斯,收货,上架
PrPHA3InBl,黑色 品牌12 三号纸 打印机（喷墨）,打印机,品牌12,三号纸,喷墨,黑色,16*1*1,16,AF95B,迈克,收货,上架
NoExA4doGr,灰色 品牌16 四号纸 笔记本（点阵）,笔记本,品牌16,四号纸,点阵,灰色,48*10*5,2400,BQ20H,迈克,收货,上架
KeRe27BlWh,白色 品牌10 270 键盘（蓝牙）,键盘,品牌10,270,蓝牙,白色,16*10*1,160,BW09A,艾米丽,收货,上架
KeHc27ErWh,白色 品牌09 270 键盘（人体工学）,键盘,品牌09,270,人体工学,白色,16*10*1,160,BN66H,劳拉,收货,上架
GaAESErBl,黑色 品牌05 小号 游戏椅（人体工学）,游戏椅,品牌05,小号,人体工学,黑色,16*1*1,16,AM27G,艾米丽,收货,上架
KeSu27BlNa,藏青色 品牌11 270 键盘（蓝牙）,键盘,品牌11,270,蓝牙,藏青色,16*10*1,160,CP55E,大卫,收货,上架
DrWE12SlWh,白色 品牌02 1200 抽屉柜（滑动式）,抽屉柜,品牌02,1200,滑动式,白色,8*1*1,8,CU04D,莎拉,收货,上架
LaOv1432Si,银色 品牌13 14英寸 笔记本电脑（32吉字节内存）,笔记本电脑,品牌13,14英寸,32吉字节内存,银色,16*1*1,16,DM69G,大卫,收货,上架
LaYn1732Si,银色 品牌15 17英寸 笔记本电脑（32吉字节内存）,笔记本电脑,品牌15,17英寸,32吉字节内存,银色,16*1*1,16,DN12D,约翰,收货,上架
CaTE12DoGr,灰色 品牌04 1200 文件柜（带门式）,文件柜,品牌04,1200,带门式,灰色,8*1*1,8,CG38C,劳拉,收货,上架
AlRe14i5Si,银色 品牌14 14英寸 一体机（第5代处理器）,一体机,品牌14,14英寸,第5代处理器,银色,16*1*1,16,AF51H,克里斯,收货,上架
LaRe15i7Si,银色 品牌14 15英寸 笔记本电脑（第7代处理器）,笔记本电脑,品牌14,15英寸,第7代处理器,银色,16*1*1,16,DP92H,克里斯,收货,上架
DrWE12LoWh,白色 品牌02 1200 抽屉柜（储物锁柜）,抽屉柜,品牌02,1200,储物锁柜,白色,8*1*1,8,DV40E,简,收货,上架
SPRe50SoPi,粉色 品牌22 50 触控笔（可溶性）,触控笔,品牌22,50,可溶性,粉色,48*10*5,2400,DP81A,约翰,收货,上架
CaTE12DoGr,灰色 品牌04 1200 文件柜（带门式）,文件柜,品牌04,1200,带门式,灰色,8*1*1,8,BX16C,克里斯,收货,上架
AlPH178GBl,黑色 品牌12 17英寸 一体机（8吉字节内存）,一体机,品牌12,17英寸,8吉字节内存,黑色,16*1*1,16,DP97D,莎拉,收货,上架
TVYn42S4Wh,白色 品牌15 42英寸 电视机（超级超高清）,电视机,品牌15,42英寸,超级超高清,白色,8*1*1,8,BZ27D,大卫,收货,上架
DrWE12SlBe,米色 品牌02 1200 抽屉柜（滑动式）,抽屉柜,品牌02,1200,滑动式,米色,8*1*1,8,BW06C,简,收货,上架
CuRG12DoWh,白色 品牌03 1200 储物柜（带门式）,储物柜,品牌03,1200,带门式,白色,8*1*1,8,AT65D,艾米,收货,上架
PrNoA2MoMi,混合色 品牌26 二号纸 打印机（黑白）,打印机,品牌26,二号纸,黑白,混合色,16*1*1,16,CZ34C,迈克,收货,上架
OfAEMAdGr,灰色 品牌05 中号 办公椅（可调节）,办公椅,品牌05,中号,可调节,灰色,16*1*1,16,DU08C,劳拉,收货,上架
LaYn14i7Bl,黑色 品牌15 14英寸 笔记本电脑（第7代处理器）,笔记本电脑,品牌15,14英寸,第7代处理器,黑色,16*1*1,16,AQ71F,莎拉,收货,上架
GaOGLHeBl,黑色 品牌07 大号 游戏椅（头枕）,游戏椅,品牌07,大号,头枕,黑色,16*1*1,16,DM28B,克里斯,收货,上架
TVGL42SFSi,银色 品牌31 42英寸 电视机（超级全高清）,电视机,品牌31,42英寸,超级全高清,银色,8*1*1,8,CR50E,简,收货,上架
PrReA3LaGr,灰色 品牌24 三号纸 打印机（激光）,打印机,品牌24,三号纸,激光,灰色,16*1*1,16,AQ69E,艾米丽,收货,上架
PeGi12WaWh,白色 品牌21 12 铅笔（水彩）,铅笔,品牌21,12,水彩,白色,48*10*5,2400,AK14H,约翰,收货,上架
TVYn65SFGr,灰色 品牌15 65英寸 电视机（超级全高清）,电视机,品牌15,65英寸,超级全高清,灰色,8*1*1,8,BY03H,劳拉,收货,上架
CuRG90FiWh,白色 品牌03 900 储物柜（文件收纳）,储物柜,品牌03,900,文件收纳,白色,8*1*1,8,BY68D,劳拉,收货,上架
AlYn1432Bl,黑色 品牌15 14英寸 一体机（32吉字节内存）,一体机,品牌15,14英寸,32吉字节内存,黑色,16*1*1,16,DY68G,约翰,收货,上架
TaTR18FrBl,黑色 品牌28 1800 桌子（框架式）,桌子,品牌28,1800,框架式,黑色,8*1*1,8,AI10A,莎拉,收货,上架
AlSu158GBl,黑色 品牌11 15英寸 一体机（8吉字节内存）,一体机,品牌11,15英寸,8吉字节内存,黑色,16*1*1,16,CS83B,简,收货,上架
CuQE90FiBl,黑色 品牌01 900 储物柜（文件收纳）,储物柜,品牌01,900,文件收纳,黑色,8*1*1,8,AK31D,亚历克斯,收货,上架
CaWE90SlBe,米色 品牌02 900 文件柜（滑动式）,文件柜,品牌02,900,滑动式,米色,8*1*1,8,BF81D,克里斯,收货,上架
TVGL50S4Si,银色 品牌31 50英寸 电视机（超级超高清）,电视机,品牌31,50英寸,超级超高清,银色,8*1*1,8,DP15H,简,收货,上架
LaSu17i5Wh,白色 品牌11 17英寸 笔记本电脑（第5代处理器）,笔记本电脑,品牌11,17英寸,第5代处理器,白色,16*1*1,16,DM19D,克里斯,收货,上架
PrSoA3MoWh,白色 品牌25 三号纸 打印机（黑白）,打印机,品牌25,三号纸,黑白,白色,16*1*1,16,BM21B,艾米,收货,上架
LaPH158GGr,灰色 品牌12 15英寸 笔记本电脑（8吉字节内存）,笔记本电脑,品牌12,15英寸,8吉字节内存,灰色,16*1*1,16,DS39B,约翰,收货,上架
OfOGMErWh,白色 品牌07 中号 办公椅（人体工学）,办公椅,品牌07,中号,人体工学,白色,16*1*1,16,AI24G,迈克,收货,上架
GaXEMErPi,粉色 品牌06 中号 游戏椅（人体工学）,游戏椅,品牌06,中号,人体工学,粉色,16*1*1,16,CK81H,艾米丽,收货,上架
AlSu1732Si,银色 品牌11 17英寸 一体机（32吉字节内存）,一体机,品牌11,17英寸,32吉字节内存,银色,16*1*1,16,DZ10C,简,收货,上架
AlSu1432Bl,黑色 品牌11 14英寸 一体机（32吉字节内存）,一体机,品牌11,14英寸,32吉字节内存,黑色,16*1*1,16,AP06F,劳拉,收货,上架
OfOGLErBl,黑色 品牌07 大号 办公椅（人体工学）,办公椅,品牌07,大号,人体工学,黑色,16*1*1,16,AL73B,简,收货,上架
MoRe27ErPi,粉色 品牌10 270 鼠标（人体工学）,鼠标,品牌10,270,人体工学,粉色,16*10*1,160,AW39D,莎拉,收货,上架
CaWE18DoGr,灰色 品牌02 1800 文件柜（带门式）,文件柜,品牌02,1800,带门式,灰色,8*1*1,8,AU95G,大卫,收货,上架
AlYn1716Bl,黑色 品牌15 17英寸 一体机（16吉字节内存）,一体机,品牌15,17英寸,16吉字节内存,黑色,16*1*1,16,DJ71H,约翰,收货,上架
PrSoA3InMi,混合色 品牌25 三号纸 打印机（喷墨）,打印机,品牌25,三号纸,喷墨,混合色,16*1*1,16,BV11B,艾米丽,收货,上架
OfAESAdBl,黑色 品牌05 小号 办公椅（可调节）,办公椅,品牌05,小号,可调节,黑色,16*1*1,16,CO03D,大卫,收货,上架
PrNoA4MoWh,白色 品牌26 四号纸 打印机（黑白）,打印机,品牌26,四号纸,黑白,白色,16*1*1,16,CP62C,大卫,收货,上架
CuTE12LoWh,白色 品牌04 1200 储物柜（储物锁柜）,储物柜,品牌04,1200,储物锁柜,白色,8*1*1,8,CO35G,亚历克斯,收货,上架
DrQE90DoWh,白色 品牌01 900 抽屉柜（带门式）,抽屉柜,品牌01,900,带门式,白色,8*1*1,8,DV42B,约翰,收货,上架
KePH27MeBl,黑色 品牌12 270 键盘（机械式）,键盘,品牌12,270,机械式,黑色,16*10*1,160,DQ08G,迈克,收货,上架
TaTR15FrBl,黑色 品牌28 1500 桌子（框架式）,桌子,品牌28,1500,框架式,黑色,8*1*1,8,AN38H,艾米,收货,上架
KeSu35ErNa,藏青色 品牌11 350 键盘（人体工学）,键盘,品牌11,350,人体工学,藏青色,16*10*1,160,CJ25C,莎拉,收货,上架
AlYn14i5Bl,黑色 品牌15 14英寸 一体机（第5代处理器）,一体机,品牌15,14英寸,第5代处理器,黑色,16*1*1,16,DT34D,劳拉,收货,上架
CaWE18DoWh,白色 品牌02 1800 文件柜（带门式）,文件柜,品牌02,1800,带门式,白色,8*1*1,8,AS61A,克里斯,收货,上架
TVEs32FHBl,黑色 品牌32 32英寸 电视机（全高清）,电视机,品牌32,32英寸,全高清,黑色,8*1*1,8,AS78D,约翰,收货,上架
TVEs32S4Si,银色 品牌32 32英寸 电视机（超级超高清）,电视机,品牌32,32英寸,超级超高清,银色,8*1*1,8,AX20G,约翰,收货,上架
CuTE90FiWh,白色 品牌04 900 储物柜（文件收纳）,储物柜,品牌04,900,文件收纳,白色,8*1*1,8,BZ65F,艾米,收货,上架
KeRe45MeNa,藏青色 品牌10 450 键盘（机械式）,键盘,品牌10,450,机械式,藏青色,16*10*1,160,BH98D,克里斯,收货,上架
AlPH158GSi,银色 品牌12 15英寸 一体机（8吉字节内存）,一体机,品牌12,15英寸,8吉字节内存,银色,16*1*1,16,DI81H,艾米,收货,上架
TaAE18FrBl,黑色 品牌05 1800 桌子（框架式）,桌子,品牌05,1800,框架式,黑色,8*1*1,8,DZ71C,大卫,收货,上架
MoHc45ErWh,白色 品牌09 450 鼠标（人体工学）,鼠标,品牌09,450,人体工学,白色,16*10*1,160,CQ92D,艾米,收货,上架
TVGL42FHWh,白色 品牌31 42英寸 电视机（全高清）,电视机,品牌31,42英寸,全高清,白色,8*1*1,8,BX71D,克里斯,收货,上架
KeRe45MePi,粉色 品牌10 450 键盘（机械式）,键盘,品牌10,450,机械式,粉色,16*10*1,160,BP82E,克里斯,收货,上架
SPNa12WaWh,白色 品牌23 12 触控笔（水彩）,触控笔,品牌23,12,水彩,白色,48*10*5,2400,DP11A,克里斯,收货,上架
DrQE18SlBe,米色 品牌01 1800 抽屉柜（滑动式）,抽屉柜,品牌01,1800,滑动式,米色,8*1*1,8,DI53G,亚历克斯,收货,上架
TVGL50SFWh,白色 品牌31 50英寸 电视机（超级全高清）,电视机,品牌31,50英寸,超级全高清,白色,8*1*1,8,DK57G,艾米,收货,上架
NoGrA3ruBl,黑色 品牌18 三号纸 笔记本（横线）,笔记本,品牌18,三号纸,横线,黑色,48*10*5,2400,CZ91A,迈克,收货,上架
LaPH15i7Wh,白色 品牌12 15英寸 笔记本电脑（第7代处理器）,笔记本电脑,品牌12,15英寸,第7代处理器,白色,16*1*1,16,DS80B,简,收货,上架
MoHc27BlWh,白色 品牌09 270 鼠标（蓝牙）,鼠标,品牌09,270,蓝牙,白色,16*10*1,160,AT25D,简,收货,上架
GaAEMLeBl,黑色 品牌05 中号 游戏椅（皮革）,游戏椅,品牌05,中号,皮革,黑色,16*1*1,16,AP04D,莎拉,收货,上架
GaAESHeBl,黑色 品牌05 小号 游戏椅（头枕）,游戏椅,品牌05,小号,头枕,黑色,16*1*1,16,BH73G,莎拉,收货,上架
CuRG12SlGr,灰色 品牌03 1200 储物柜（滑动式）,储物柜,品牌03,1200,滑动式,灰色,8*1*1,8,CN46F,劳拉,收货,上架
LaSu14i5Bl,黑色 品牌11 14英寸 笔记本电脑（第5代处理器）,笔记本电脑,品牌11,14英寸,第5代处理器,黑色,16*1*1,16,DP35F,莎拉,收货,上架
GaOGMLeGr,灰色 品牌07 中号 游戏椅（皮革）,游戏椅,品牌07,中号,皮革,灰色,16*1*1,16,DS47F,克里斯,收货,上架
AlOv178GBl,黑色 品牌13 17英寸 一体机（8吉字节内存）,一体机,品牌13,17英寸,8吉字节内存,黑色,16*1*1,16,AH34B,约翰,收货,上架
MoHc27MeWh,白色 品牌09 270 鼠标（机械式）,鼠标,品牌09,270,机械式,白色,16*10*1,160,AX74B,迈克,收货,上架
NoMuA3liBl,黑色 品牌19 三号纸 笔记本（线条）,笔记本,品牌19,三号纸,线条,黑色,48*10*5,2400,CH86H,艾米,收货,上架
OfOGMAdGr,灰色 品牌07 中号 办公椅（可调节）,办公椅,品牌07,中号,可调节,灰色,16*1*1,16,BX32E,艾米丽,收货,上架
TVGL65S4Wh,白色 品牌31 65英寸 电视机（超级超高清）,电视机,品牌31,65英寸,超级超高清,白色,8*1*1,8,CX92E,约翰,收货,上架
SPAl24HeGr,灰色 品牌20 24 触控笔（六角形）,触控笔,品牌20,24,六角形,灰色,48*10*5,2400,CX92C,约翰,收货,上架
GaXESHeWh,白色 品牌06 小号 游戏椅（头枕）,游戏椅,品牌06,小号,头枕,白色,16*1*1,16,DV50B,莎拉,收货,上架
PrSoA3AlWh,白色 品牌25 三号纸 打印机（一体式）,打印机,品牌25,三号纸,一体式,白色,16*1*1,16,BK45D,克里斯,收货,上架
DrQE12DoWh,白色 品牌01 1200 抽屉柜（带门式）,抽屉柜,品牌01,1200,带门式,白色,8*1*1,8,DM82G,迈克,收货,上架
MoHc35MeWh,白色 品牌09 350 鼠标（机械式）,鼠标,品牌09,350,机械式,白色,16*10*1,160,BJ18B,大卫,收货,上架
LaOv1532Wh,白色 品牌13 15英寸 笔记本电脑（32吉字节内存）,笔记本电脑,品牌13,15英寸,32吉字节内存,白色,16*1*1,16,DQ18A,约翰,收货,上架
LaRe1732Bl,黑色 品牌14 17英寸 笔记本电脑（32吉字节内存）,笔记本电脑,品牌14,17英寸,32吉字节内存,黑色,16*1*1,16,CP84D,约翰,收货,上架
TVGn65FHWh,白色 品牌30 65英寸 电视机（全高清）,电视机,品牌30,65英寸,全高清,白色,8*1*1,8,DN65G,大卫,收货,上架
SPGi24HePi,粉色 品牌21 24 触控笔（六角形）,触控笔,品牌21,24,六角形,粉色,48*10*5,2400,CT72F,莎拉,收货,上架
NoExA5doSi,银色 品牌16 五号纸 笔记本（点阵）,笔记本,品牌16,五号纸,点阵,银色,48*10*5,2400,BP18F,艾米丽,收货,上架
TVYn50S4Gr,灰色 品牌15 50英寸 电视机（超级超高清）,电视机,品牌15,50英寸,超级超高清,灰色,8*1*1,8,CI53H,迈克,收货,上架
AlPH1516Bl,黑色 品牌12 15英寸 一体机（16吉字节内存）,一体机,品牌12,15英寸,16吉字节内存,黑色,16*1*1,16,DS87A,艾米丽,收货,上架
LaRe148GSi,银色 品牌14 14英寸 笔记本电脑（8吉字节内存）,笔记本电脑,品牌14,14英寸,8吉字节内存,银色,16*1*1,16,DO54D,劳拉,收货,上架
LaSu17i5Bl,黑色 品牌11 17英寸 笔记本电脑（第5代处理器）,笔记本电脑,品牌11,17英寸,第5代处理器,黑色,16*1*1,16,CH28B,莎拉,收货,上架
NoScA5ruBl,黑色 品牌17 五号纸 笔记本（横线）,笔记本,品牌17,五号纸,横线,黑色,48*10*5,2400,AO11H,大卫,收货,上架
PrReA2MoWh,白色 品牌24 二号纸 打印机（黑白）,打印机,品牌24,二号纸,黑白,白色,16*1*1,16,AZ29H,莎拉,收货,上架
LaYn1532Bl,黑色 品牌15 15英寸 笔记本电脑（32吉字节内存）,笔记本电脑,品牌15,15英寸,32吉字节内存,黑色,16*1*1,16,DY61B,艾米,收货,上架
TaCI10WoSi,银色 品牌27 1000 桌子（工作站）,桌子,品牌27,1000,工作站,银色,8*1*1,8,AR88B,克里斯,收货,上架
KeSu45MeNa,藏青色 品牌11 450 键盘（机械式）,键盘,品牌11,450,机械式,藏青色,16*10*1,160,CV61C,艾米丽,收货,上架
LaYn14i5Si,银色 品牌15 14英寸 笔记本电脑（第5代处理器）,笔记本电脑,品牌15,14英寸,第5代处理器,银色,16*1*1,16,BZ28D,克里斯,收货,上架
OfOGMAdWh,白色 品牌07 中号 办公椅（可调节）,办公椅,品牌07,中号,可调节,白色,16*1*1,16,BX92C,莎拉,收货,上架
PrNoA3LaGr,灰色 品牌26 三号纸 打印机（激光）,打印机,品牌26,三号纸,激光,灰色,16*1*1,16,CW75C,劳拉,收货,上架
KeRe45MeBl,黑色 品牌10 450 键盘（机械式）,键盘,品牌10,450,机械式,黑色,16*10*1,160,DN67E,简,收货,上架
KeSu45WiPi,粉色 品牌11 450 键盘（有线）,键盘,品牌11,450,有线,粉色,16*10*1,160,AG41F,简,收货,上架
CuQE12DoBl,黑色 品牌01 1200 储物柜（带门式）,储物柜,品牌01,1200,带门式,黑色,8*1*1,8,BT50A,迈克,收货,上架
TVGn42FHBl,黑色 品牌30 42英寸 电视机（全高清）,电视机,品牌30,42英寸,全高清,黑色,8*1*1,8,CW40H,克里斯,收货,上架
SPNa24WaBl,黑色 品牌23 24 触控笔（水彩）,触控笔,品牌23,24,水彩,黑色,48*10*5,2400,BO32F,简,收货,上架
CaWE12LoBe,米色 品牌02 1200 文件柜（储物锁柜）,文件柜,品牌02,1200,储物锁柜,米色,8*1*1,8,AI75D,亚历克斯,收货,上架
PeAl50WaWh,白色 品牌20 50 铅笔（水彩）,铅笔,品牌20,50,水彩,白色,48*10*5,2400,AX79H,艾米丽,收货,上架
GaAEMErGr,灰色 品牌05 中号 游戏椅（人体工学）,游戏椅,品牌05,中号,人体工学,灰色,16*1*1,16,CN98G,莎拉,收货,上架
SPNa24WaBl,黑色 品牌23 24 触控笔（水彩）,触控笔,品牌23,24,水彩,黑色,48*10*5,2400,DV44A,劳拉,收货,上架
TaTR10AdWh,白色 品牌29 1000 桌子（可调节）,桌子,品牌29,1000,可调节,白色,8*1*1,8,CW76H,艾米,收货,上架
GaOGSErGr,灰色 品牌07 小号 游戏椅（人体工学）,游戏椅,品牌07,小号,人体工学,灰色,16*1*1,16,BP19G,亚历克斯,收货,上架
DrTE12DoGr,灰色 品牌04 1200 抽屉柜（带门式）,抽屉柜,品牌04,1200,带门式,灰色,8*1*1,8,DK71A,简,收货,上架
DrWE90DoWh,白色 品牌02 900 抽屉柜（带门式）,抽屉柜,品牌02,900,带门式,白色,8*1*1,8,CX25E,大卫,收货,上架
PeRe12SoPi,粉色 品牌22 12 铅笔（可溶性）,铅笔,品牌22,12,可溶性,粉色,48*10*5,2400,CU01A,简,收货,上架
KePH45BlBl,黑色 品牌12 450 键盘（蓝牙）,键盘,品牌12,450,蓝牙,黑色,16*10*1,160,AP10E,艾米丽,收货,上架
OfAEMLePi,粉色 品牌05 中号 办公椅（皮革）,办公椅,品牌05,中号,皮革,粉色,16*1*1,16,DP58C,亚历克斯,收货,上架
KeSu35ErWh,白色 品牌11 350 键盘（人体工学）,键盘,品牌11,350,人体工学,白色,16*10*1,160,AN58C,亚历克斯,收货,上架
OfAESErBl,黑色 品牌05 小号 办公椅（人体工学）,办公椅,品牌05,小号,人体工学,黑色,16*1*1,16,BQ38A,约翰,收货,上架
TVYn42S4Si,银色 品牌15 42英寸 电视机（超级超高清）,电视机,品牌15,42英寸,超级超高清,银色,8*1*1,8,BN37C,艾米,收货,上架
PrPHA4AlWh,白色 品牌12 四号纸 打印机（一体式）,打印机,品牌12,四号纸,一体式,白色,16*1*1,16,AH56F,大卫,收货,上架
CuTE12FiGr,灰色 品牌04 1200 储物柜（文件收纳）,储物柜,品牌04,1200,文件收纳,灰色,8*1*1,8,BO76H,迈克,收货,上架
KeHc27ErBl,黑色 品牌09 270 键盘（人体工学）,键盘,品牌09,270,人体工学,黑色,16*10*1,160,DS66H,莎拉,收货,上架
PeGi24HeWh,白色 品牌21 24 铅笔（六角形）,铅笔,品牌21,24,六角形,白色,48*10*5,2400,AX95A,劳拉,收货,上架
SPRe50HeWh,白色 品牌22 50 触控笔（六角形）,触控笔,品牌22,50,六角形,白色,48*10*5,2400,DR05F,艾米丽,收货,上架
OfOGLLePi,粉色 品牌07 大号 办公椅（皮革）,办公椅,品牌07,大号,皮革,粉色,16*1*1,16,BJ31A,艾米,收货,上架
DrTE90LoBe,米色 品牌04 900 抽屉柜（储物锁柜）,抽屉柜,品牌04,900,储物锁柜,米色,8*1*1,8,CI79C,大卫,收货,上架
OfAEMHeWh,白色 品牌05 中号 办公椅（头枕）,办公椅,品牌05,中号,头枕,白色,16*1*1,16,DV87D,迈克,收货,上架
NoScA5doWh,白色 品牌17 五号纸 笔记本（点阵）,笔记本,品牌17,五号纸,点阵,白色,48*10*5,2400,CX01F,莎拉,收货,上架
MoHc35ErPi,粉色 品牌09 350 鼠标（人体工学）,鼠标,品牌09,350,人体工学,粉色,16*10*1,160,AP61H,迈克,收货,上架
AlOv158GBl,黑色 品牌13 15英寸 一体机（8吉字节内存）,一体机,品牌13,15英寸,8吉字节内存,黑色,16*1*1,16,DZ62B,莎拉,收货,上架
AlSu1516Wh,白色 品牌11 15英寸 一体机（16吉字节内存）,一体机,品牌11,15英寸,16吉字节内存,白色,16*1*1,16,DG68F,莎拉,收货,上架
KePH35BlWh,白色 品牌12 350 键盘（蓝牙）,键盘,品牌12,350,蓝牙,白色,16*10*1,160,DY44E,大卫,收货,上架
TVGL75FHSi,银色 品牌31 75英寸 电视机（全高清）,电视机,品牌31,75英寸,全高清,银色,8*1*1,8,CF30E,大卫,收货,上架
GaAELAdPi,粉色 品牌05 大号 游戏椅（可调节）,游戏椅,品牌05,大号,可调节,粉色,16*1*1,16,DI64G,莎拉,收货,上架
LaRe1716Wh,白色 品牌14 17英寸 笔记本电脑（16吉字节内存）,笔记本电脑,品牌14,17英寸,16吉字节内存,白色,16*1*1,16,AS10D,艾米,收货,上架
TVYn424KGr,灰色 品牌15 42英寸 电视机（超高清）,电视机,品牌15,42英寸,超高清,灰色,8*1*1,8,DN90G,大卫,收货,上架
PrReA2AlMi,混合色 品牌24 二号纸 打印机（一体式）,打印机,品牌24,二号纸,一体式,混合色,16*1*1,16,CK69H,亚历克斯,收货,上架
PrSoA3AlGr,灰色 品牌25 三号纸 打印机（一体式）,打印机,品牌25,三号纸,一体式,灰色,16*1*1,16,AY03D,约翰,收货,上架
NoScA4doSi,银色 品牌17 四号纸 笔记本（点阵）,笔记本,品牌17,四号纸,点阵,银色,48*10*5,2400,BK76C,简,收货,上架
TVEs50FHSi,银色 品牌32 50英寸 电视机（全高清）,电视机,品牌32,50英寸,全高清,银色,8*1*1,8,CR18E,约翰,收货,上架
TVGL65SFWh,白色 品牌31 65英寸 电视机（超级全高清）,电视机,品牌31,65英寸,超级全高清,白色,8*1*1,8,CY93F,劳拉,收货,上架
CaRG18SlBl,黑色 品牌03 1800 文件柜（滑动式）,文件柜,品牌03,1800,滑动式,黑色,8*1*1,8,CK95G,艾米丽,收货,上架
AlYn1432Gr,灰色 品牌15 14英寸 一体机（32吉字节内存）,一体机,品牌15,14英寸,32吉字节内存,灰色,16*1*1,16,CL83H,艾米丽,收货,上架
PrReA4AlMi,混合色 品牌24 四号纸 打印机（一体式）,打印机,品牌24,四号纸,一体式,混合色,16*1*1,16,AT69H,约翰,收货,上架
AlYn1532Bl,黑色 品牌15 15英寸 一体机（32吉字节内存）,一体机,品牌15,15英寸,32吉字节内存,黑色,16*1*1,16,BM20B,简,收货,上架
GaAESHeGr,灰色 品牌05 小号 游戏椅（头枕）,游戏椅,品牌05,小号,头枕,灰色,16*1*1,16,BO92F,劳拉,收货,上架
PrNoA2WiWh,白色 品牌26 二号纸 打印机（无线网络）,打印机,品牌26,二号纸,无线网络,白色,16*1*1,16,BM84A,大卫,收货,上架
GaAELHeWh,白色 品牌05 大号 游戏椅（头枕）,游戏椅,品牌05,大号,头枕,白色,16*1*1,16,AV33D,克里斯,收货,上架
AlRe1716Gr,灰色 品牌14 17英寸 一体机（16吉字节内存）,一体机,品牌14,17英寸,16吉字节内存,灰色,16*1*1,16,AK55G,艾米丽,收货,上架
TVEs65SFGr,灰色 品牌32 65英寸 电视机（超级全高清）,电视机,品牌32,65英寸,超级全高清,灰色,8*1*1,8,AU07D,莎拉,收货,上架
AlSu1716Wh,白色 品牌11 17英寸 一体机（16吉字节内存）,一体机,品牌11,17英寸,16吉字节内存,白色,16*1*1,16,CN47A,大卫,收货,上架
TVYn504KBl,黑色 品牌15 50英寸 电视机（超高清）,电视机,品牌15,50英寸,超高清,黑色,8*1*1,8,DZ02G,艾米,收货,上架
AlPH158GWh,白色 品牌12 15英寸 一体机（8吉字节内存）,一体机,品牌12,15英寸,8吉字节内存,白色,16*1*1,16,BL94B,劳拉,收货,上架
PrReA3InWh,白色 品牌24 三号纸 打印机（喷墨）,打印机,品牌24,三号纸,喷墨,白色,16*1*1,16,BV43F,克里斯,收货,上架
CaRG12SlWh,白色 品牌03 1200 文件柜（滑动式）,文件柜,品牌03,1200,滑动式,白色,8*1*1,8,DF52A,迈克,收货,上架
NoScA3doGr,灰色 品牌17 三号纸 笔记本（点阵）,笔记本,品牌17,三号纸,点阵,灰色,48*10*5,2400,CZ49B,简,收货,上架
CaWE18FiWh,白色 品牌02 1800 文件柜（文件收纳）,文件柜,品牌02,1800,文件收纳,白色,8*1*1,8,BJ58C,艾米丽,收货,上架
PrReA3WiWh,白色 品牌24 三号纸 打印机（无线网络）,打印机,品牌24,三号纸,无线网络,白色,16*1*1,16,BP60H,艾米,收货,上架
CaQE18FiGr,灰色 品牌01 1800 文件柜（文件收纳）,文件柜,品牌01,1800,文件收纳,灰色,8*1*1,8,BW37D,艾米丽,收货,上架
PrNoA2MoMi,混合色 品牌26 二号纸 打印机（黑白）,打印机,品牌26,二号纸,黑白,混合色,16*1*1,16,AS20F,克里斯,收货,上架
NoMuA3liBl,黑色 品牌19 三号纸 笔记本（线条）,笔记本,品牌19,三号纸,线条,黑色,48*10*5,2400,AM22G,克里斯,收货,上架
AlRe158GGr,灰色 品牌14 15英寸 一体机（8吉字节内存）,一体机,品牌14,15英寸,8吉字节内存,灰色,16*1*1,16,CG57F,迈克,收货,上架
DrQE18FiBl,黑色 品牌01 1800 抽屉柜（文件收纳）,抽屉柜,品牌01,1800,文件收纳,黑色,8*1*1,8,BP13F,约翰,收货,上架
PeGi12WaGr,灰色 品牌21 12 铅笔（水彩）,铅笔,品牌21,12,水彩,灰色,48*10*5,2400,AU32D,艾米丽,收货,上架
OfXESAdWh,白色 品牌06 小号 办公椅（可调节）,办公椅,品牌06,小号,可调节,白色,16*1*1,16,AT92H,大卫,收货,上架
DrWE90FiBl,黑色 品牌02 900 抽屉柜（文件收纳）,抽屉柜,品牌02,900,文件收纳,黑色,8*1*1,8,BK30E,艾米,收货,上架
SPGi12SoGr,灰色 品牌21 12 触控笔（可溶性）,触控笔,品牌21,12,可溶性,灰色,48*10*5,2400,AY34D,克里斯,收货,上架
LaPH15i5Bl,黑色 品牌12 15英寸 笔记本电脑（第5代处理器）,笔记本电脑,品牌12,15英寸,第5代处理器,黑色,16*1*1,16,DI98E,艾米,收货,上架
TaCI10AuGr,灰色 品牌27 1000 桌子（自动调节）,桌子,品牌27,1000,自动调节,灰色,8*1*1,8,BU06B,艾米丽,收货,上架
TVEs654KBl,黑色 品牌32 65英寸 电视机（超高清）,电视机,品牌32,65英寸,超高清,黑色,8*1*1,8,CU90E,艾米,收货,上架
MoPH45BlBl,黑色 品牌12 450 鼠标（蓝牙）,鼠标,品牌12,450,蓝牙,黑色,16*10*1,160,DK25B,约翰,收货,上架
CaTE18DoGr,灰色 品牌04 1800 文件柜（带门式）,文件柜,品牌04,1800,带门式,灰色,8*1*1,8,DL41A,艾米,收货,上架
CaWE90LoBl,黑色 品牌02 900 文件柜（储物锁柜）,文件柜,品牌02,900,储物锁柜,黑色,8*1*1,8,BM67B,简,收货,上架
KeHc45WiBl,黑色 品牌09 450 键盘（有线）,键盘,品牌09,450,有线,黑色,16*10*1,160,CH21G,莎拉,收货,上架
LaPH1416Si,银色 品牌12 14英寸 笔记本电脑（16吉字节内存）,笔记本电脑,品牌12,14英寸,16吉字节内存,银色,16*1*1,16,DH07A,大卫,收货,上架
TVYn42SFBl,黑色 品牌15 42英寸 电视机（超级全高清）,电视机,品牌15,42英寸,超级全高清,黑色,8*1*1,8,DG64E,简,收货,上架
GaAEMLeGr,灰色 品牌05 中号 游戏椅（皮革）,游戏椅,品牌05,中号,皮革,灰色,16*1*1,16,CK21D,莎拉,收货,上架
SPGi24SoGr,灰色 品牌21 24 触控笔（可溶性）,触控笔,品牌21,24,可溶性,灰色,48*10*5,2400,AK72G,莎拉,收货,上架
DrRG90LoGr,灰色 品牌03 900 抽屉柜（储物锁柜）,抽屉柜,品牌03,900,储物锁柜,灰色,8*1*1,8,CX77D,克里斯,收货,上架
KeRe45BlNa,藏青色 品牌10 450 键盘（蓝牙）,键盘,品牌10,450,蓝牙,藏青色,16*10*1,160,CN56B,艾米,收货,上架
CaQE18DoBe,米色 品牌01 1800 文件柜（带门式）,文件柜,品牌01,1800,带门式,米色,8*1*1,8,DR86E,克里斯,收货,上架
TVEs32SFSi,银色 品牌32 32英寸 电视机（超级全高清）,电视机,品牌32,32英寸,超级全高清,银色,8*1*1,8,BH04G,亚历克斯,收货,上架
SPGi24HeWh,白色 品牌21 24 触控笔（六角形）,触控笔,品牌21,24,六角形,白色,48*10*5,2400,AH87C,劳拉,收货,上架
AlRe17i7Si,银色 品牌14 17英寸 一体机（第7代处理器）,一体机,品牌14,17英寸,第7代处理器,银色,16*1*1,16,AZ55A,艾米丽,收货,上架
TVYn754KBl,黑色 品牌15 75英寸 电视机（超高清）,电视机,品牌15,75英寸,超高清,黑色,8*1*1,8,CS55F,简,收货,上架
PrSoA2LaWh,白色 品牌25 二号纸 打印机（激光）,打印机,品牌25,二号纸,激光,白色,16*1*1,16,CZ22E,迈克,收货,上架
DrQE90SlBl,黑色 品牌01 900 抽屉柜（滑动式）,抽屉柜,品牌01,900,滑动式,黑色,8*1*1,8,BS98H,艾米,收货,上架
LaOv1716Gr,灰色 品牌13 17英寸 笔记本电脑（16吉字节内存）,笔记本电脑,品牌13,17英寸,16吉字节内存,灰色,16*1*1,16,AR38H,迈克,收货,上架
AlOv1416Bl,黑色 品牌13 14英寸 一体机（16吉字节内存）,一体机,品牌13,14英寸,16吉字节内存,黑色,16*1*1,16,BV09E,简,收货,上架
SPGi12WaWh,白色 品牌21 12 触控笔（水彩）,触控笔,品牌21,12,水彩,白色,48*10*5,2400,BS58C,约翰,收货,上架
MoPH45ErBl,黑色 品牌12 450 鼠标（人体工学）,鼠标,品牌12,450,人体工学,黑色,16*10*1,160,CM02C,克里斯,收货,上架
MoPH35MeNa,藏青色 品牌12 350 鼠标（机械式）,鼠标,品牌12,350,机械式,藏青色,16*10*1,160,AZ07F,大卫,收货,上架
TVYn32SFBl,黑色 品牌15 32英寸 电视机（超级全高清）,电视机,品牌15,32英寸,超级全高清,黑色,8*1*1,8,BH79A,大卫,收货,上架
NoMuA4liWh,白色 品牌19 四号纸 笔记本（线条）,笔记本,品牌19,四号纸,线条,白色,48*10*5,2400,CL67D,大卫,收货,上架
SPRe50SoBl,黑色 品牌22 50 触控笔（可溶性）,触控笔,品牌22,50,可溶性,黑色,48*10*5,2400,BH36G,简,收货,上架
LaSu148GGr,灰色 品牌11 14英寸 笔记本电脑（8吉字节内存）,笔记本电脑,品牌11,14英寸,8吉字节内存,灰色,16*1*1,16,BZ28H,劳拉,收货,上架
PeRe50HeWh,白色 品牌22 50 铅笔（六角形）,铅笔,品牌22,50,六角形,白色,48*10*5,2400,CI23C,劳拉,收货,上架
MoRe27BlBl,黑色 品牌10 270 鼠标（蓝牙）,鼠标,品牌10,270,蓝牙,黑色,16*10*1,160,AW25B,克里斯,收货,上架
SPNa50WaBl,黑色 品牌23 50 触控笔（水彩）,触控笔,品牌23,50,水彩,黑色,48*10*5,2400,CT52F,大卫,收货,上架
LaSu17i5Gr,灰色 品牌11 17英寸 笔记本电脑（第5代处理器）,笔记本电脑,品牌11,17英寸,第5代处理器,灰色,16*1*1,16,DQ21B,迈克,收货,上架
TVGn754KWh,白色 品牌30 75英寸 电视机（超高清）,电视机,品牌30,75英寸,超高清,白色,8*1*1,8,DX03H,莎拉,收货,上架
OfAELLeGr,灰色 品牌05 大号 办公椅（皮革）,办公椅,品牌05,大号,皮革,灰色,16*1*1,16,DK51A,艾米丽,收货,上架
AlRe15i5Gr,灰色 品牌14 15英寸 一体机（第5代处理器）,一体机,品牌14,15英寸,第5代处理器,灰色,16*1*1,16,CJ35H,莎拉,收货,上架
OfAELHeWh,白色 品牌05 大号 办公椅（头枕）,办公椅,品牌05,大号,头枕,白色,16*1*1,16,BF49C,亚历克斯,收货,上架
CuWE90FiBe,米色 品牌02 900 储物柜（文件收纳）,储物柜,品牌02,900,文件收纳,米色,8*1*1,8,CR74A,克里斯,收货,上架
TVGn65S4Si,银色 品牌30 65英寸 电视机（超级超高清）,电视机,品牌30,65英寸,超级超高清,银色,8*1*1,8,CL59B,艾米,收货,上架
SPRe50WaPi,粉色 品牌22 50 触控笔（水彩）,触控笔,品牌22,50,水彩,粉色,48*10*5,2400,AG14A,莎拉,收货,上架
MoSu35ErNa,藏青色 品牌11 350 鼠标（人体工学）,鼠标,品牌11,350,人体工学,藏青色,16*10*1,160,DY25H,简,收货,上架
MoHc45WiBl,黑色 品牌09 450 鼠标（有线）,鼠标,品牌09,450,有线,黑色,16*10*1,160,CO62E,莎拉,收货,上架
OfOGSAdBl,黑色 品牌07 小号 办公椅（可调节）,办公椅,品牌07,小号,可调节,黑色,16*1*1,16,BL08E,迈克,收货,上架
CuWE90DoWh,白色 品牌02 900 储物柜（带门式）,储物柜,品牌02,900,带门式,白色,8*1*1,8,AV02F,约翰,收货,上架
PeGi50SoGr,灰色 品牌21 50 铅笔（可溶性）,铅笔,品牌21,50,可溶性,灰色,48*10*5,2400,DI64D,亚历克斯,收货,上架
CaRG90SlWh,白色 品牌03 900 文件柜（滑动式）,文件柜,品牌03,900,滑动式,白色,8*1*1,8,AX92H,克里斯,收货,上架
TVEs42S4Bl,黑色 品牌32 42英寸 电视机（超级超高清）,电视机,品牌32,42英寸,超级超高清,黑色,8*1*1,8,CP36B,亚历克斯,收货,上架
TaCI10WoBl,黑色 品牌27 1000 桌子（工作站）,桌子,品牌27,1000,工作站,黑色,8*1*1,8,AF01E,亚历克斯,收货,上架
TVGL42FHWh,白色 品牌31 42英寸 电视机（全高清）,电视机,品牌31,42英寸,全高清,白色,8*1*1,8,DH01F,莎拉,收货,上架
GaAELHeBl,黑色 品牌05 大号 游戏椅（头枕）,游戏椅,品牌05,大号,头枕,黑色,16*1*1,16,DG04A,迈克,收货,上架
MoRe27ErWh,白色 品牌10 270 鼠标（人体工学）,鼠标,品牌10,270,人体工学,白色,16*10*1,160,AQ67C,亚历克斯,收货,上架
CaTE12SlWh,白色 品牌04 1200 文件柜（滑动式）,文件柜,品牌04,1200,滑动式,白色,8*1*1,8,BV42C,大卫,收货,上架
KeSu27MePi,粉色 品牌11 270 键盘（机械式）,键盘,品牌11,270,机械式,粉色,16*10*1,160,CF62A,大卫,收货,上架
TaTR18FrSi,银色 品牌28 1800 桌子（框架式）,桌子,品牌28,1800,框架式,银色,8*1*1,8,CR19C,亚历克斯,收货,上架
AlSu158GSi,银色 品牌11 15英寸 一体机（8吉字节内存）,一体机,品牌11,15英寸,8吉字节内存,银色,16*1*1,16,BN69D,大卫,收货,上架
PrPHA3AlWh,白色 品牌12 三号纸 打印机（一体式）,打印机,品牌12,三号纸,一体式,白色,16*1*1,16,BI68B,劳拉,收货,上架
PrSoA3InGr,灰色 品牌25 三号纸 打印机（喷墨）,打印机,品牌25,三号纸,喷墨,灰色,16*1*1,16,AZ43F,迈克,收货,上架
OfXEMAdWh,白色 品牌06 中号 办公椅（可调节）,办公椅,品牌06,中号,可调节,白色,16*1*1,16,DF47G,亚历克斯,收货,上架
DrRG90FiGr,灰色 品牌03 900 抽屉柜（文件收纳）,抽屉柜,品牌03,900,文件收纳,灰色,8*1*1,8,CP15H,克里斯,收货,上架
GaAELHeWh,白色 品牌05 大号 游戏椅（头枕）,游戏椅,品牌05,大号,头枕,白色,16*1*1,16,BW24H,简,收货,上架
DrQE12SlBl,黑色 品牌01 1200 抽屉柜（滑动式）,抽屉柜,品牌01,1200,滑动式,黑色,8*1*1,8,DP08F,简,收货,上架
TaAE18FrSi,银色 品牌05 1800 桌子（框架式）,桌子,品牌05,1800,框架式,银色,8*1*1,8,AV17G,迈克,收货,上架
TVGL424KGr,灰色 品牌31 42英寸 电视机（超高清）,电视机,品牌31,42英寸,超高清,灰色,8*1*1,8,CJ64G,约翰,收货,上架
LaRe158GSi,银色 品牌14 15英寸 笔记本电脑（8吉字节内存）,笔记本电脑,品牌14,15英寸,8吉字节内存,银色,16*1*1,16,DG47H,莎拉,收货,上架
OfXEMHeBl,黑色 品牌06 中号 办公椅（头枕）,办公椅,品牌06,中号,头枕,黑色,16*1*1,16,DG05F,迈克,收货,上架
KePH35BlNa,藏青色 品牌12 350 键盘（蓝牙）,键盘,品牌12,350,蓝牙,藏青色,16*10*1,160,AF01A,克里斯,收货,上架
PeRe24SoGr,灰色 品牌22 24 铅笔（可溶性）,铅笔,品牌22,24,可溶性,灰色,48*10*5,2400,BS73G,劳拉,收货,上架
GaSEMHeWh,白色 品牌08 中号 游戏椅（头枕）,游戏椅,品牌08,中号,头枕,白色,16*1*1,16,AO16F,大卫,收货,上架
PrPHA4MoBl,黑色 品牌12 四号纸 打印机（黑白）,打印机,品牌12,四号纸,黑白,黑色,16*1*1,16,CG80D,约翰,收货,上架
CuRG18DoGr,灰色 品牌03 1800 储物柜（带门式）,储物柜,品牌03,1800,带门式,灰色,8*1*1,8,AI21D,亚历克斯,收货,上架
LaPH178GWh,白色 品牌12 17英寸 笔记本电脑（8吉字节内存）,笔记本电脑,品牌12,17英寸,8吉字节内存,白色,16*1*1,16,CI08H,莎拉,收货,上架
GaSESHeBl,黑色 品牌08 小号 游戏椅（头枕）,游戏椅,品牌08,小号,头枕,黑色,16*1*1,16,CQ08H,约翰,收货,上架
AlRe14i7Gr,灰色 品牌14 14英寸 一体机（第7代处理器）,一体机,品牌14,14英寸,第7代处理器,灰色,16*1*1,16,CI67C,艾米,收货,上架
TaTR15FrSi,银色 品牌29 1500 桌子（框架式）,桌子,品牌29,1500,框架式,银色,8*1*1,8,AJ79G,艾米,收货,上架
TaTR15FrBl,黑色 品牌29 1500 桌子（框架式）,桌子,品牌29,1500,框架式,黑色,8*1*1,8,BG59B,简,收货,上架
TVEs75SFBl,黑色 品牌32 75英寸 电视机（超级全高清）,电视机,品牌32,75英寸,超级全高清,黑色,8*1*1,8,DU63E,大卫,收货,上架
CaQE12DoBe,米色 品牌01 1200 文件柜（带门式）,文件柜,品牌01,1200,带门式,米色,8*1*1,8,AL32E,迈克,收货,上架
GaSESHeWh,白色 品牌08 小号 游戏椅（头枕）,游戏椅,品牌08,小号,头枕,白色,16*1*1,16,DF89A,亚历克斯,收货,上架
CuTE90FiBl,黑色 品牌04 900 储物柜（文件收纳）,储物柜,品牌04,900,文件收纳,黑色,8*1*1,8,DJ92D,迈克,收货,上架
CaQE18LoGr,灰色 品牌01 1800 文件柜（储物锁柜）,文件柜,品牌01,1800,储物锁柜,灰色,8*1*1,8,CT28G,约翰,收货,上架
PeGi50WaGr,灰色 品牌21 50 铅笔（水彩）,铅笔,品牌21,50,水彩,灰色,48*10*5,2400,AW67C,简,收货,上架
LaPH1532Gr,灰色 品牌12 15英寸 笔记本电脑（32吉字节内存）,笔记本电脑,品牌12,15英寸,32吉字节内存,灰色,16*1*1,16,AI41F,亚历克斯,收货,上架
CaWE18LoBl,黑色 品牌02 1800 文件柜（储物锁柜）,文件柜,品牌02,1800,储物锁柜,黑色,8*1*1,8,BV48A,迈克,收货,上架
PrSoA3LaWh,白色 品牌25 三号纸 打印机（激光）,打印机,品牌25,三号纸,激光,白色,16*1*1,16,BX97A,艾米丽,收货,上架
DrTE18DoBe,米色 品牌04 1800 抽屉柜（带门式）,抽屉柜,品牌04,1800,带门式,米色,8*1*1,8,DO79H,劳拉,收货,上架
PeRe50HeGr,灰色 品牌22 50 铅笔（六角形）,铅笔,品牌22,50,六角形,灰色,48*10*5,2400,CZ69B,大卫,收货,上架
MoHc35MeWh,白色 品牌09 350 鼠标（机械式）,鼠标,品牌09,350,机械式,白色,16*10*1,160,AM57H,克里斯,收货,上架
KePH45MeBl,黑色 品牌12 450 键盘（机械式）,键盘,品牌12,450,机械式,黑色,16*10*1,160,DX85F,莎拉,收货,上架
TaAE10FrBl,黑色 品牌05 1000 桌子（框架式）,桌子,品牌05,1000,框架式,黑色,8*1*1,8,BY66B,克里斯,收货,上架
LaSu1416Bl,黑色 品牌11 14英寸 笔记本电脑（16吉字节内存）,笔记本电脑,品牌11,14英寸,16吉字节内存,黑色,16*1*1,16,BL48E,艾米丽,收货,上架
MoHc27BlNa,藏青色 品牌09 270 鼠标（蓝牙）,鼠标,品牌09,270,蓝牙,藏青色,16*10*1,160,AI82D,约翰,收货,上架
AlSu17i5Bl,黑色 品牌11 17英寸 一体机（第5代处理器）,一体机,品牌11,17英寸,第5代处理器,黑色,16*1*1,16,AR47F,亚历克斯,收货,上架
NoMuA4doSi,银色 品牌19 四号纸 笔记本（点阵）,笔记本,品牌19,四号纸,点阵,银色,48*10*5,2400,AS21F,亚历克斯,收货,上架
DrWE18SlBe,米色 品牌02 1800 抽屉柜（滑动式）,抽屉柜,品牌02,1800,滑动式,米色,8*1*1,8,CK43C,迈克,收货,上架
SPNa24SoPi,粉色 品牌23 24 触控笔（可溶性）,触控笔,品牌23,24,可溶性,粉色,48*10*5,2400,BW72A,莎拉,收货,上架
TaTR10AuWh,白色 品牌29 1000 桌子（自动调节）,桌子,品牌29,1000,自动调节,白色,8*1*1,8,CL44D,艾米丽,收货,上架
TVEs75S4Wh,白色 品牌32 75英寸 电视机（超级超高清）,电视机,品牌32,75英寸,超级超高清,白色,8*1*1,8,AW38H,莎拉,收货,上架
PrNoA3MoWh,白色 品牌26 三号纸 打印机（黑白）,打印机,品牌26,三号纸,黑白,白色,16*1*1,16,BS86D,克里斯,收货,上架
TVYn654KBl,黑色 品牌15 65英寸 电视机（超高清）,电视机,品牌15,65英寸,超高清,黑色,8*1*1,8,CN94A,约翰,收货,上架
LaPH1416Wh,白色 品牌12 14英寸 笔记本电脑（16吉字节内存）,笔记本电脑,品牌12,14英寸,16吉字节内存,白色,16*1*1,16,DI15E,亚历克斯,收货,上架
AlPH1732Gr,灰色 品牌12 17英寸 一体机（32吉字节内存）,一体机,品牌12,17英寸,32吉字节内存,灰色,16*1*1,16,AP39H,大卫,收货,上架
TVYn504KBl,黑色 品牌15 50英寸 电视机（超高清）,电视机,品牌15,50英寸,超高清,黑色,8*1*1,8,CN31C,大卫,收货,上架
NoExA4ruSi,银色 品牌16 四号纸 笔记本（横线）,笔记本,品牌16,四号纸,横线,银色,48*10*5,2400,CY96H,亚历克斯,收货,上架
TVGL32S4Gr,灰色 品牌31 32英寸 电视机（超级超高清）,电视机,品牌31,32英寸,超级超高清,灰色,8*1*1,8,CX80A,艾米丽,收货,上架
GaSESAdBl,黑色 品牌08 小号 游戏椅（可调节）,游戏椅,品牌08,小号,可调节,黑色,16*1*1,16,BN25G,莎拉,收货,上架
GaAESErPi,粉色 品牌05 小号 游戏椅（人体工学）,游戏椅,品牌05,小号,人体工学,粉色,16*1*1,16,AG73C,迈克,收货,上架
TaTR18AuSi,银色 品牌29 1800 桌子（自动调节）,桌子,品牌29,1800,自动调节,银色,8*1*1,8,BT55F,简,收货,上架
TaCI15WoWh,白色 品牌27 1500 桌子（工作站）,桌子,品牌27,1500,工作站,白色,8*1*1,8,AJ35B,莎拉,收货,上架
PeNa24WaBl,黑色 品牌23 24 铅笔（水彩）,铅笔,品牌23,24,水彩,黑色,48*10*5,2400,AY84H,莎拉,收货,上架
KeRe35MeNa,藏青色 品牌10 350 键盘（机械式）,键盘,品牌10,350,机械式,藏青色,16*10*1,160,CJ93E,迈克,收货,上架
TVEs50SFSi,银色 品牌32 50英寸 电视机（超级全高清）,电视机,品牌32,50英寸,超级全高清,银色,8*1*1,8,BZ88C,艾米,收货,上架
TaTR15AdGr,灰色 品牌29 1500 桌子（可调节）,桌子,品牌29,1500,可调节,灰色,8*1*1,8,BF62E,劳拉,收货,上架
AlYn1532Bl,黑色 品牌15 15英寸 一体机（32吉字节内存）,一体机,品牌15,15英寸,32吉字节内存,黑色,16*1*1,16,BS47H,约翰,收货,上架
OfSELHeBl,黑色 品牌08 大号 办公椅（头枕）,办公椅,品牌08,大号,头枕,黑色,16*1*1,16,DM78E,劳拉,收货,上架
GaXEMAdWh,白色 品牌06 中号 游戏椅（可调节）,游戏椅,品牌06,中号,可调节,白色,16*1*1,16,DO93E,大卫,收货,上架
SPNa12WaGr,灰色 品牌23 12 触控笔（水彩）,触控笔,品牌23,12,水彩,灰色,48*10*5,2400,AK51F,莎拉,收货,上架
DrTE90DoWh,白色 品牌04 900 抽屉柜（带门式）,抽屉柜,品牌04,900,带门式,白色,8*1*1,8,AG38D,简,收货,上架
SPNa24HePi,粉色 品牌23 24 触控笔（六角形）,触控笔,品牌23,24,六角形,粉色,48*10*5,2400,DF62E,克里斯,收货,上架
NoGrA4liBl,黑色 品牌18 四号纸 笔记本（线条）,笔记本,品牌18,四号纸,线条,黑色,48*10*5,2400,AV28F,约翰,收货,上架
MoHc35WiWh,白色 品牌09 350 鼠标（有线）,鼠标,品牌09,350,有线,白色,16*10*1,160,DL49F,莎拉,收货,上架
MoHc35WiPi,粉色 品牌09 350 鼠标（有线）,鼠标,品牌09,350,有线,粉色,16*10*1,160,DO67D,劳拉,收货,上架
DrQE90DoWh,白色 品牌01 900 抽屉柜（带门式）,抽屉柜,品牌01,900,带门式,白色,8*1*1,8,BV43A,迈克,收货,上架
SPRe24SoBl,黑色 品牌22 24 触控笔（可溶性）,触控笔,品牌22,24,可溶性,黑色,48*10*5,2400,BL52D,迈克,收货,上架
PrPHA4LaMi,混合色 品牌12 四号纸 打印机（激光）,打印机,品牌12,四号纸,激光,混合色,16*1*1,16,AL34G,迈克,收货,上架
CaTE18DoGr,灰色 品牌04 1800 文件柜（带门式）,文件柜,品牌04,1800,带门式,灰色,8*1*1,8,DL35A,艾米丽,收货,上架
MoHc27ErWh,白色 品牌09 270 鼠标（人体工学）,鼠标,品牌09,270,人体工学,白色,16*10*1,160,DO53E,艾米,收货,上架
CuQE18LoGr,灰色 品牌01 1800 储物柜（储物锁柜）,储物柜,品牌01,1800,储物锁柜,灰色,8*1*1,8,DU39B,亚历克斯,收货,上架
KeRe35MeBl,黑色 品牌10 350 键盘（机械式）,键盘,品牌10,350,机械式,黑色,16*10*1,160,DO65G,约翰,收货,上架
TVYn32FHWh,白色 品牌15 32英寸 电视机（全高清）,电视机,品牌15,32英寸,全高清,白色,8*1*1,8,AO01E,约翰,收货,上架
OfSESErBl,黑色 品牌08 小号 办公椅（人体工学）,办公椅,品牌08,小号,人体工学,黑色,16*1*1,16,DJ18F,莎拉,收货,上架
LaRe178GBl,黑色 品牌14 17英寸 笔记本电脑（8吉字节内存）,笔记本电脑,品牌14,17英寸,8吉字节内存,黑色,16*1*1,16,BT91E,大卫,收货,上架
SPAl24SoPi,粉色 品牌20 24 触控笔（可溶性）,触控笔,品牌20,24,可溶性,粉色,48*10*5,2400,AP97D,劳拉,收货,上架
MoSu45MeBl,黑色 品牌11 450 鼠标（机械式）,鼠标,品牌11,450,机械式,黑色,16*10*1,160,CR13A,莎拉,收货,上架
PrReA4WiGr,灰色 品牌24 四号纸 打印机（无线网络）,打印机,品牌24,四号纸,无线网络,灰色,16*1*1,16,CX16G,艾米丽,收货,上架
CuTE12FiGr,灰色 品牌04 1200 储物柜（文件收纳）,储物柜,品牌04,1200,文件收纳,灰色,8*1*1,8,CJ83A,亚历克斯,收货,上架
TaAE15AuGr,灰色 品牌05 1500 桌子（自动调节）,桌子,品牌05,1500,自动调节,灰色,8*1*1,8,BZ95A,约翰,收货,上架
DrTE90LoWh,白色 品牌04 900 抽屉柜（储物锁柜）,抽屉柜,品牌04,900,储物锁柜,白色,8*1*1,8,DP48C,大卫,收货,上架
TVYn654KWh,白色 品牌15 65英寸 电视机（超高清）,电视机,品牌15,65英寸,超高清,白色,8*1*1,8,DZ64A,亚历克斯,收货,上架
DrTE12SlBl,黑色 品牌04 1200 抽屉柜（滑动式）,抽屉柜,品牌04,1200,滑动式,黑色,8*1*1,8,CX01H,简,收货,上架
CuQE12LoBe,米色 品牌01 1200 储物柜（储物锁柜）,储物柜,品牌01,1200,储物锁柜,米色,8*1*1,8,DS95C,迈克,收货,上架
GaOGMLeGr,灰色 品牌07 中号 游戏椅（皮革）,游戏椅,品牌07,中号,皮革,灰色,16*1*1,16,BS44C,克里斯,收货,上架
CuTE90FiGr,灰色 品牌04 900 储物柜（文件收纳）,储物柜,品牌04,900,文件收纳,灰色,8*1*1,8,DT11B,艾米丽,收货,上架
CuRG12SlGr,灰色 品牌03 1200 储物柜（滑动式）,储物柜,品牌03,1200,滑动式,灰色,8*1*1,8,BQ29A,约翰,收货,上架
PeAl50WaBl,黑色 品牌20 50 铅笔（水彩）,铅笔,品牌20,50,水彩,黑色,48*10*5,2400,AI11G,克里斯,收货,上架
OfOGMHeWh,白色 品牌07 中号 办公椅（头枕）,办公椅,品牌07,中号,头枕,白色,16*1*1,16,BN22F,莎拉,收货,上架
SPAl50WaPi,粉色 品牌20 50 触控笔（水彩）,触控笔,品牌20,50,水彩,粉色,48*10*5,2400,BT38F,克里斯,收货,上架
TVGn32SFWh,白色 品牌30 32英寸 电视机（超级全高清）,电视机,品牌30,32英寸,超级全高清,白色,8*1*1,8,DH83C,莎拉,收货,上架
LaPH14i5Wh,白色 品牌12 14英寸 笔记本电脑（第5代处理器）,笔记本电脑,品牌12,14英寸,第5代处理器,白色,16*1*1,16,CK65F,亚历克斯,收货,上架
DrTE12LoGr,灰色 品牌04 1200 抽屉柜（储物锁柜）,抽屉柜,品牌04,1200,储物锁柜,灰色,8*1*1,8,AT59E,克里斯,收货,上架
LaPH17i5Si,银色 品牌12 17英寸 笔记本电脑（第5代处理器）,笔记本电脑,品牌12,17英寸,第5代处理器,银色,16*1*1,16,DV23H,亚历克斯,收货,上架
TVGn50SFBl,黑色 品牌30 50英寸 电视机（超级全高清）,电视机,品牌30,50英寸,超级全高清,黑色,8*1*1,8,DQ12G,莎拉,收货,上架
TVGL75S4Gr,灰色 品牌31 75英寸 电视机（超级超高清）,电视机,品牌31,75英寸,超级超高清,灰色,8*1*1,8,AF02B,艾米,收货,上架
PeAl24SoWh,白色 品牌20 24 铅笔（可溶性）,铅笔,品牌20,24,可溶性,白色,48*10*5,2400,CJ65E,克里斯,收货,上架
AlOv1516Gr,灰色 品牌13 15英寸 一体机（16吉字节内存）,一体机,品牌13,15英寸,16吉字节内存,灰色,16*1*1,16,AS07F,艾米,收货,上架
KeRe27BlBl,黑色 品牌10 270 键盘（蓝牙）,键盘,品牌10,270,蓝牙,黑色,16*10*1,160,BV53A,劳拉,收货,上架
LaRe15i7Gr,灰色 品牌14 15英寸 笔记本电脑（第7代处理器）,笔记本电脑,品牌14,15英寸,第7代处理器,灰色,16*1*1,16,BH90G,艾米丽,收货,上架
CuTE90FiGr,灰色 品牌04 900 储物柜（文件收纳）,储物柜,品牌04,900,文件收纳,灰色,8*1*1,8,BO84F,莎拉,收货,上架
PrReA3WiMi,混合色 品牌24 三号纸 打印机（无线网络）,打印机,品牌24,三号纸,无线网络,混合色,16*1*1,16,DY48D,迈克,收货,上架
CuRG90SlWh,白色 品牌03 900 储物柜（滑动式）,储物柜,品牌03,900,滑动式,白色,8*1*1,8,AZ60E,迈克,收货,上架
OfSESHeWh,白色 品牌08 小号 办公椅（头枕）,办公椅,品牌08,小号,头枕,白色,16*1*1,16,DX84F,约翰,收货,上架
CaQE12SlGr,灰色 品牌01 1200 文件柜（滑动式）,文件柜,品牌01,1200,滑动式,灰色,8*1*1,8,DV58B,简,收货,上架
LaRe14i5Wh,白色 品牌14 14英寸 笔记本电脑（第5代处理器）,笔记本电脑,品牌14,14英寸,第5代处理器,白色,16*1*1,16,BH69E,约翰,收货,上架
CuQE12FiBl,黑色 品牌01 1200 储物柜（文件收纳）,储物柜,品牌01,1200,文件收纳,黑色,8*1*1,8,CF38A,艾米丽,收货,上架
GaAEMHeBl,黑色 品牌05 中号 游戏椅（头枕）,游戏椅,品牌05,中号,头枕,黑色,16*1*1,16,AO08E,劳拉,收货,上架
CaRG12DoWh,白色 品牌03 1200 文件柜（带门式）,文件柜,品牌03,1200,带门式,白色,8*1*1,8,DS21B,迈克,收货,上架
CuWE12SlGr,灰色 品牌02 1200 储物柜（滑动式）,储物柜,品牌02,1200,滑动式,灰色,8*1*1,8,DQ02F,约翰,收货,上架
AlPH1532Wh,白色 品牌12 15英寸 一体机（32吉字节内存）,一体机,品牌12,15英寸,32吉字节内存,白色,16*1*1,16,BG03C,克里斯,收货,上架
PeAl12HePi,粉色 品牌20 12 铅笔（六角形）,铅笔,品牌20,12,六角形,粉色,48*10*5,2400,CS57F,亚历克斯,收货,上架
SPAl24WaGr,灰色 品牌20 24 触控笔（水彩）,触控笔,品牌20,24,水彩,灰色,48*10*5,2400,DU02F,约翰,收货,上架
TVGn75FHBl,黑色 品牌30 75英寸 电视机（全高清）,电视机,品牌30,75英寸,全高清,黑色,8*1*1,8,AP53C,莎拉,收货,上架
AlPH1416Si,银色 品牌12 14英寸 一体机（16吉字节内存）,一体机,品牌12,14英寸,16吉字节内存,银色,16*1*1,16,CT47D,迈克,收货,上架
GaSELAdPi,粉色 品牌08 大号 游戏椅（可调节）,游戏椅,品牌08,大号,可调节,粉色,16*1*1,16,AL63F,迈克,收货,上架
MoRe45WiPi,粉色 品牌10 450 鼠标（有线）,鼠标,品牌10,450,有线,粉色,16*10*1,160,BR03G,大卫,收货,上架
AlOv158GWh,白色 品牌13 15英寸 一体机（8吉字节内存）,一体机,品牌13,15英寸,8吉字节内存,白色,16*1*1,16,BQ24H,亚历克斯,收货,上架
LaSu158GSi,银色 品牌11 15英寸 笔记本电脑（8吉字节内存）,笔记本电脑,品牌11,15英寸,8吉字节内存,银色,16*1*1,16,DI73G,艾米,收货,上架
NoExA3liSi,银色 品牌16 三号纸 笔记本（线条）,笔记本,品牌16,三号纸,线条,银色,48*10*5,2400,BF42B,艾米丽,收货,上架
DrWE18DoBl,黑色 品牌02 1800 抽屉柜（带门式）,抽屉柜,品牌02,1800,带门式,黑色,8*1*1,8,DK15D,迈克,收货,上架
CuTE12DoGr,灰色 品牌04 1200 储物柜（带门式）,储物柜,品牌04,1200,带门式,灰色,8*1*1,8,CL30E,亚历克斯,收货,上架
OfXELAdBl,黑色 品牌06 大号 办公椅（可调节）,办公椅,品牌06,大号,可调节,黑色,16*1*1,16,DL44H,艾米丽,收货,上架
PeRe12HeBl,黑色 品牌22 12 铅笔（六角形）,铅笔,品牌22,12,六角形,黑色,48*10*5,2400,CZ42H,约翰,收货,上架
GaXEMAdGr,灰色 品牌06 中号 游戏椅（可调节）,游戏椅,品牌06,中号,可调节,灰色,16*1*1,16,CM88C,简,收货,上架
GaXELHePi,粉色 品牌06 大号 游戏椅（头枕）,游戏椅,品牌06,大号,头枕,粉色,16*1*1,16,CH31C,亚历克斯,收货,上架
SPGi12WaGr,灰色 品牌21 12 触控笔（水彩）,触控笔,品牌21,12,水彩,灰色,48*10*5,2400,BU12A,迈克,收货,上架
LaYn15i5Gr,灰色 品牌15 15英寸 笔记本电脑（第5代处理器）,笔记本电脑,品牌15,15英寸,第5代处理器,灰色,16*1*1,16,BU51G,简,收货,上架
TVYn75FHWh,白色 品牌15 75英寸 电视机（全高清）,电视机,品牌15,75英寸,全高清,白色,8*1*1,8,AI69G,亚历克斯,收货,上架
CuQE90LoBl,黑色 品牌01 900 储物柜（储物锁柜）,储物柜,品牌01,900,储物锁柜,黑色,8*1*1,8,DO21D,简,收货,上架
OfXEMAdBl,黑色 品牌06 中号 办公椅（可调节）,办公椅,品牌06,中号,可调节,黑色,16*1*1,16,DT72H,迈克,收货,上架
GaOGLLeGr,灰色 品牌07 大号 游戏椅（皮革）,游戏椅,品牌07,大号,皮革,灰色,16*1*1,16,BS93C,迈克,收货,上架
LaSu1516Gr,灰色 品牌11 15英寸 笔记本电脑（16吉字节内存）,笔记本电脑,品牌11,15英寸,16吉字节内存,灰色,16*1*1,16,CL16D,艾米丽,收货,上架
DrTE18DoWh,白色 品牌04 1800 抽屉柜（带门式）,抽屉柜,品牌04,1800,带门式,白色,8*1*1,8,DW33G,莎拉,收货,上架
DrQE90DoGr,灰色 品牌01 900 抽屉柜（带门式）,抽屉柜,品牌01,900,带门式,灰色,8*1*1,8,AO57G,劳拉,收货,上架
GaSESLePi,粉色 品牌08 小号 游戏椅（皮革）,游戏椅,品牌08,小号,皮革,粉色,16*1*1,16,BS09E,亚历克斯,收货,上架
GaOGSAdWh,白色 品牌07 小号 游戏椅（可调节）,游戏椅,品牌07,小号,可调节,白色,16*1*1,16,DK85C,艾米,收货,上架
KePH45WiBl,黑色 品牌12 450 键盘（有线）,键盘,品牌12,450,有线,黑色,16*10*1,160,DI06H,莎拉,收货,上架
OfXELErBl,黑色 品牌06 大号 办公椅（人体工学）,办公椅,品牌06,大号,人体工学,黑色,16*1*1,16,CQ93D,简,收货,上架
MoPH27BlWh,白色 品牌12 270 鼠标（蓝牙）,鼠标,品牌12,270,蓝牙,白色,16*10*1,160,DR13G,亚历克斯,收货,上架
AlYn1432Si,银色 品牌15 14英寸 一体机（32吉字节内存）,一体机,品牌15,14英寸,32吉字节内存,银色,16*1*1,16,AN37A,亚历克斯,收货,上架
OfOGSLeBl,黑色 品牌07 小号 办公椅（皮革）,办公椅,品牌07,小号,皮革,黑色,16*1*1,16,CX40E,克里斯,收货,上架
KeRe35MePi,粉色 品牌10 350 键盘（机械式）,键盘,品牌10,350,机械式,粉色,16*10*1,160,AY25H,迈克,收货,上架
CuQE18SlGr,灰色 品牌01 1800 储物柜（滑动式）,储物柜,品牌01,1800,滑动式,灰色,8*1*1,8,BT16D,约翰,收货,上架
AlSu1732Si,银色 品牌11 17英寸 一体机（32吉字节内存）,一体机,品牌11,17英寸,32吉字节内存,银色,16*1*1,16,DU78F,亚历克斯,收货,上架
PeGi24SoWh,白色 品牌21 24 铅笔（可溶性）,铅笔,品牌21,24,可溶性,白色,48*10*5,2400,CO76B,简,收货,上架
CaWE12DoWh,白色 品牌02 1200 文件柜（带门式）,文件柜,品牌02,1200,带门式,白色,8*1*1,8,AN76C,艾米,收货,上架
NoExA3liBl,黑色 品牌16 三号纸 笔记本（线条）,笔记本,品牌16,三号纸,线条,黑色,48*10*5,2400,BY82D,大卫,收货,上架
OfSELErBl,黑色 品牌08 大号 办公椅（人体工学）,办公椅,品牌08,大号,人体工学,黑色,16*1*1,16,AN54H,克里斯,收货,上架
KeRe35WiWh,白色 品牌10 350 键盘（有线）,键盘,品牌10,350,有线,白色,16*10*1,160,DV33D,艾米丽,收货,上架
TaCI10WoSi,银色 品牌27 1000 桌子（工作站）,桌子,品牌27,1000,工作站,银色,8*1*1,8,DT49B,简,收货,上架
DrTE12LoBl,黑色 品牌04 1200 抽屉柜（储物锁柜）,抽屉柜,品牌04,1200,储物锁柜,黑色,8*1*1,8,DQ93H,克里斯,收货,上架
LaSu178GBl,黑色 品牌11 17英寸 笔记本电脑（8吉字节内存）,笔记本电脑,品牌11,17英寸,8吉字节内存,黑色,16*1*1,16,AL40D,简,收货,上架
TVGn32SFSi,银色 品牌30 32英寸 电视机（超级全高清）,电视机,品牌30,32英寸,超级全高清,银色,8*1*1,8,DO93C,简,收货,上架
SPGi50HePi,粉色 品牌21 50 触控笔（六角形）,触控笔,品牌21,50,六角形,粉色,48*10*5,2400,AQ11B,亚历克斯,收货,上架
KeRe27BlPi,粉色 品牌10 270 键盘（蓝牙）,键盘,品牌10,270,蓝牙,粉色,16*10*1,160,BZ83F,莎拉,收货,上架
PeRe50WaPi,粉色 品牌22 50 铅笔（水彩）,铅笔,品牌22,50,水彩,粉色,48*10*5,2400,CU59G,大卫,收货,上架
DrWE90LoBl,黑色 品牌02 900 抽屉柜（储物锁柜）,抽屉柜,品牌02,900,储物锁柜,黑色,8*1*1,8,AO59A,艾米,收货,上架
GaAEMHeBl,黑色 品牌05 中号 游戏椅（头枕）,游戏椅,品牌05,中号,头枕,黑色,16*1*1,16,DQ56A,迈克,收货,上架
GaSEMHeWh,白色 品牌08 中号 游戏椅（头枕）,游戏椅,品牌08,中号,头枕,白色,16*1*1,16,AJ98H,克里斯,收货,上架
DrRG18SlBe,米色 品牌03 1800 抽屉柜（滑动式）,抽屉柜,品牌03,1800,滑动式,米色,8*1*1,8,CW79G,艾米,收货,上架
CaWE12FiBe,米色 品牌02 1200 文件柜（文件收纳）,文件柜,品牌02,1200,文件收纳,米色,8*1*1,8,DY42H,简,收货,上架
TVGn32S4Si,银色 品牌30 32英寸 电视机（超级超高清）,电视机,品牌30,32英寸,超级超高清,银色,8*1*1,8,BK60F,艾米,收货,上架
MoPH27WiWh,白色 品牌12 270 鼠标（有线）,鼠标,品牌12,270,有线,白色,16*10*1,160,BV18E,迈克,收货,上架
DrRG90SlBe,米色 品牌03 900 抽屉柜（滑动式）,抽屉柜,品牌03,900,滑动式,米色,8*1*1,8,CW64H,劳拉,收货,上架
LaSu17i7Si,银色 品牌11 17英寸 笔记本电脑（第7代处理器）,笔记本电脑,品牌11,17英寸,第7代处理器,银色,16*1*1,16,DQ78E,大卫,收货,上架
OfXELLeBl,黑色 品牌06 大号 办公椅（皮革）,办公椅,品牌06,大号,皮革,黑色,16*1*1,16,DZ24E,艾米,收货,上架
GaAEMHeGr,灰色 品牌05 中号 游戏椅（头枕）,游戏椅,品牌05,中号,头枕,灰色,16*1*1,16,DG20A,大卫,收货,上架
PeGi50WaBl,黑色 品牌21 50 铅笔（水彩）,铅笔,品牌21,50,水彩,黑色,48*10*5,2400,AS57F,克里斯,收货,上架
NoScA4ruGr,灰色 品牌17 四号纸 笔记本（横线）,笔记本,品牌17,四号纸,横线,灰色,48*10*5,2400,BP51F,莎拉,收货,上架
TaCI18FrGr,灰色 品牌27 1800 桌子（框架式）,桌子,品牌27,1800,框架式,灰色,8*1*1,8,CJ19A,劳拉,收货,上架
AlYn14i5Bl,黑色 品牌15 14英寸 一体机（第5代处理器）,一体机,品牌15,14英寸,第5代处理器,黑色,16*1*1,16,BX88H,约翰,收货,上架
KeSu45BlNa,藏青色 品牌11 450 键盘（蓝牙）,键盘,品牌11,450,蓝牙,藏青色,16*10*1,160,DU60B,大卫,收货,上架
LaPH15i5Wh,白色 品牌12 15英寸 笔记本电脑（第5代处理器）,笔记本电脑,品牌12,15英寸,第5代处理器,白色,16*1*1,16,BQ15B,劳拉,收货,上架
NoExA4liBl,黑色 品牌16 四号纸 笔记本（线条）,笔记本,品牌16,四号纸,线条,黑色,48*10*5,2400,DP87E,简,收货,上架
NoGrA5liBl,黑色 品牌18 五号纸 笔记本（线条）,笔记本,品牌18,五号纸,线条,黑色,48*10*5,2400,AO70H,莎拉,收货,上架
NoMuA5liSi,银色 品牌19 五号纸 笔记本（线条）,笔记本,品牌19,五号纸,线条,银色,48*10*5,2400,BQ85H,艾米丽,收货,上架
PrPHA2AlBl,黑色 品牌12 二号纸 打印机（一体式）,打印机,品牌12,二号纸,一体式,黑色,16*1*1,16,CM92C,艾米,收货,上架
OfOGSHeBl,黑色 品牌07 小号 办公椅（头枕）,办公椅,品牌07,小号,头枕,黑色,16*1*1,16,DG41B,大卫,收货,上架
LaOv15i7Wh,白色 品牌13 15英寸 笔记本电脑（第7代处理器）,笔记本电脑,品牌13,15英寸,第7代处理器,白色,16*1*1,16,AG35B,艾米丽,收货,上架
AlOv17i7Bl,黑色 品牌13 17英寸 一体机（第7代处理器）,一体机,品牌13,17英寸,第7代处理器,黑色,16*1*1,16,AX57C,大卫,收货,上架
PeGi50SoPi,粉色 品牌21 50 铅笔（可溶性）,铅笔,品牌21,50,可溶性,粉色,48*10*5,2400,CP13A,约翰,收货,上架
CuQE18LoBe,米色 品牌01 1800 储物柜（储物锁柜）,储物柜,品牌01,1800,储物锁柜,米色,8*1*1,8,DN25G,大卫,收货,上架
OfOGSErWh,白色 品牌07 小号 办公椅（人体工学）,办公椅,品牌07,小号,人体工学,白色,16*1*1,16,AH78A,克里斯,收货,上架
GaSELErWh,白色 品牌08 大号 游戏椅（人体工学）,游戏椅,品牌08,大号,人体工学,白色,16*1*1,16,CP39F,劳拉,收货,上架
AlOv1516Bl,黑色 品牌13 15英寸 一体机（16吉字节内存）,一体机,品牌13,15英寸,16吉字节内存,黑色,16*1*1,16,CV19G,劳拉,收货,上架
CaWE12FiGr,灰色 品牌02 1200 文件柜（文件收纳）,文件柜,品牌02,1200,文件收纳,灰色,8*1*1,8,CF90G,亚历克斯,收货,上架
AlSu17i7Wh,白色 品牌11 17英寸 一体机（第7代处理器）,一体机,品牌11,17英寸,第7代处理器,白色,16*1*1,16,AX31B,艾米,收货,上架
TaAE15FrSi,银色 品牌05 1500 桌子（框架式）,桌子,品牌05,1500,框架式,银色,8*1*1,8,BP47A,莎拉,收货,上架
AlRe1516Gr,灰色 品牌14 15英寸 一体机（16吉字节内存）,一体机,品牌14,15英寸,16吉字节内存,灰色,16*1*1,16,CX92A,艾米丽,收货,上架
TVYn32FHGr,灰色 品牌15 32英寸 电视机（全高清）,电视机,品牌15,32英寸,全高清,灰色,8*1*1,8,AG87D,克里斯,收货,上架
LaYn17i7Bl,黑色 品牌15 17英寸 笔记本电脑（第7代处理器）,笔记本电脑,品牌15,17英寸,第7代处理器,黑色,16*1*1,16,BK69A,艾米丽,收货,上架
CuWE90SlBl,黑色 品牌02 900 储物柜（滑动式）,储物柜,品牌02,900,滑动式,黑色,8*1*1,8,AV60A,克里斯,收货,上架
TVYn75S4Gr,灰色 品牌15 75英寸 电视机（超级超高清）,电视机,品牌15,75英寸,超级超高清,灰色,8*1*1,8,AH70A,迈克,收货,上架
TaTR10FrBl,黑色 品牌29 1000 桌子（框架式）,桌子,品牌29,1000,框架式,黑色,8*1*1,8,DP17B,艾米丽,收货,上架
LaSu15i5Gr,灰色 品牌11 15英寸 笔记本电脑（第5代处理器）,笔记本电脑,品牌11,15英寸,第5代处理器,灰色,16*1*1,16,AT70F,艾米丽,收货,上架
CaQE12FiBl,黑色 品牌01 1200 文件柜（文件收纳）,文件柜,品牌01,1200,文件收纳,黑色,8*1*1,8,CZ49G,艾米丽,收货,上架
GaAESLeWh,白色 品牌05 小号 游戏椅（皮革）,游戏椅,品牌05,小号,皮革,白色,16*1*1,16,BG69G,艾米,收货,上架
DrTE18FiBl,黑色 品牌04 1800 抽屉柜（文件收纳）,抽屉柜,品牌04,1800,文件收纳,黑色,8*1*1,8,BS18G,大卫,收货,上架
TaTR18FrWh,白色 品牌29 1800 桌子（框架式）,桌子,品牌29,1800,框架式,白色,8*1*1,8,CQ41F,艾米,收货,上架
PeGi12WaWh,白色 品牌21 12 铅笔（水彩）,铅笔,品牌21,12,水彩,白色,48*10*5,2400,DG39F,约翰,收货,上架
LaYn14i7Si,银色 品牌15 14英寸 笔记本电脑（第7代处理器）,笔记本电脑,品牌15,14英寸,第7代处理器,银色,16*1*1,16,BJ55E,大卫,收货,上架
DrWE12SlWh,白色 品牌02 1200 抽屉柜（滑动式）,抽屉柜,品牌02,1200,滑动式,白色,8*1*1,8,CV56H,克里斯,收货,上架
DrWE18SlWh,白色 品牌02 1800 抽屉柜（滑动式）,抽屉柜,品牌02,1800,滑动式,白色,8*1*1,8,CW04E,莎拉,收货,上架
CuTE18DoBl,黑色 品牌04 1800 储物柜（带门式）,储物柜,品牌04,1800,带门式,黑色,8*1*1,8,AN48D,简,收货,上架
NoExA3doGr,灰色 品牌16 三号纸 笔记本（点阵）,笔记本,品牌16,三号纸,点阵,灰色,48*10*5,2400,CR11F,劳拉,收货,上架
TaTR10WoWh,白色 品牌28 1000 桌子（工作站）,桌子,品牌28,1000,工作站,白色,8*1*1,8,CW37E,简,收货,上架
TVGL32S4Bl,黑色 品牌31 32英寸 电视机（超级超高清）,电视机,品牌31,32英寸,超级超高清,黑色,8*1*1,8,AU11G,莎拉,收货,上架
PeNa24SoBl,黑色 品牌23 24 铅笔（可溶性）,铅笔,品牌23,24,可溶性,黑色,48*10*5,2400,CS80G,劳拉,收货,上架
MoPH45MeWh,白色 品牌12 450 鼠标（机械式）,鼠标,品牌12,450,机械式,白色,16*10*1,160,DR20E,劳拉,收货,上架
CuRG18SlGr,灰色 品牌03 1800 储物柜（滑动式）,储物柜,品牌03,1800,滑动式,灰色,8*1*1,8,DR48B,大卫,收货,上架
LaYn1732Bl,黑色 品牌15 17英寸 笔记本电脑（32吉字节内存）,笔记本电脑,品牌15,17英寸,32吉字节内存,黑色,16*1*1,16,AR37B,亚历克斯,收货,上架
KeHc45BlWh,白色 品牌09 450 键盘（蓝牙）,键盘,品牌09,450,蓝牙,白色,16*10*1,160,BY48A,艾米,收货,上架
TaTR18WoSi,银色 品牌28 1800 桌子（工作站）,桌子,品牌28,1800,工作站,银色,8*1*1,8,BS58E,亚历克斯,收货,上架
LaPH15i7Gr,灰色 品牌12 15英寸 笔记本电脑（第7代处理器）,笔记本电脑,品牌12,15英寸,第7代处理器,灰色,16*1*1,16,AI31C,大卫,收货,上架
TVGL504KBl,黑色 品牌31 50英寸 电视机（超高清）,电视机,品牌31,50英寸,超高清,黑色,8*1*1,8,AF19A,艾米丽,收货,上架
TVYn65S4Bl,黑色 品牌15 65英寸 电视机（超级超高清）,电视机,品牌15,65英寸,超级超高清,黑色,8*1*1,8,CS17B,克里斯,收货,上架
KeRe35MeBl,黑色 品牌10 350 键盘（机械式）,键盘,品牌10,350,机械式,黑色,16*10*1,160,AQ44C,艾米丽,收货,上架
DrRG18LoGr,灰色 品牌03 1800 抽屉柜（储物锁柜）,抽屉柜,品牌03,1800,储物锁柜,灰色,8*1*1,8,AV85A,克里斯,收货,上架
MoSu45WiPi,粉色 品牌11 450 鼠标（有线）,鼠标,品牌11,450,有线,粉色,16*10*1,160,DR88D,简,收货,上架
AlRe15i7Gr,灰色 品牌14 15英寸 一体机（第7代处理器）,一体机,品牌14,15英寸,第7代处理器,灰色,16*1*1,16,BF24G,克里斯,收货,上架
CaRG90DoWh,白色 品牌03 900 文件柜（带门式）,文件柜,品牌03,900,带门式,白色,8*1*1,8,CU93E,大卫,收货,上架
PrReA4MoWh,白色 品牌24 四号纸 打印机（黑白）,打印机,品牌24,四号纸,黑白,白色,16*1*1,16,AI79C,迈克,收货,上架
KeRe35WiPi,粉色 品牌10 350 键盘（有线）,键盘,品牌10,350,有线,粉色,16*10*1,160,DQ23D,亚历克斯,收货,上架
TaTR18WoWh,白色 品牌29 1800 桌子（工作站）,桌子,品牌29,1800,工作站,白色,8*1*1,8,BX50G,莎拉,收货,上架
DrTE12DoBl,黑色 品牌04 1200 抽屉柜（带门式）,抽屉柜,品牌04,1200,带门式,黑色,8*1*1,8,AX22G,劳拉,收货,上架
MoPH27WiWh,白色 品牌12 270 鼠标（有线）,鼠标,品牌12,270,有线,白色,16*10*1,160,DN43D,劳拉,收货,上架
DrRG90SlWh,白色 品牌03 900 抽屉柜（滑动式）,抽屉柜,品牌03,900,滑动式,白色,8*1*1,8,AO63D,劳拉,收货,上架
LaPH17i7Si,银色 品牌12 17英寸 笔记本电脑（第7代处理器）,笔记本电脑,品牌12,17英寸,第7代处理器,银色,16*1*1,16,DF64B,艾米,收货,上架
LaRe15i7Gr,灰色 品牌14 15英寸 笔记本电脑（第7代处理器）,笔记本电脑,品牌14,15英寸,第7代处理器,灰色,16*1*1,16,BQ36A,迈克,收货,上架
TVYn42FHGr,灰色 品牌15 42英寸 电视机（全高清）,电视机,品牌15,42英寸,全高清,灰色,8*1*1,8,BK53H,亚历克斯,收货,上架
TaCI10AdBl,黑色 品牌27 1000 桌子（可调节）,桌子,品牌27,1000,可调节,黑色,8*1*1,8,AQ64B,亚历克斯,收货,上架
SPGi12WaPi,粉色 品牌21 12 触控笔（水彩）,触控笔,品牌21,12,水彩,粉色,48*10*5,2400,CK34E,迈克,收货,上架
LaOv17i5Wh,白色 品牌13 17英寸 笔记本电脑（第5代处理器）,笔记本电脑,品牌13,17英寸,第5代处理器,白色,16*1*1,16,BK40C,劳拉,收货,上架
MoRe45WiWh,白色 品牌10 450 鼠标（有线）,鼠标,品牌10,450,有线,白色,16*10*1,160,CR44D,简,收货,上架
PrNoA2WiBl,黑色 品牌26 二号纸 打印机（无线网络）,打印机,品牌26,二号纸,无线网络,黑色,16*1*1,16,DV10C,约翰,收货,上架
NoExA4doBl,黑色 品牌16 四号纸 笔记本（点阵）,笔记本,品牌16,四号纸,点阵,黑色,48*10*5,2400,AU28B,大卫,收货,上架
NoMuA4liWh,白色 品牌19 四号纸 笔记本（线条）,笔记本,品牌19,四号纸,线条,白色,48*10*5,2400,BI33H,大卫,收货,上架
LaRe17i5Wh,白色 品牌14 17英寸 笔记本电脑（第5代处理器）,笔记本电脑,品牌14,17英寸,第5代处理器,白色,16*1*1,16,BY57C,莎拉,收货,上架
LaYn14i7Gr,灰色 品牌15 14英寸 笔记本电脑（第7代处理器）,笔记本电脑,品牌15,14英寸,第7代处理器,灰色,16*1*1,16,BO03A,莎拉,收货,上架
PrNoA4AlGr,灰色 品牌26 四号纸 打印机（一体式）,打印机,品牌26,四号纸,一体式,灰色,16*1*1,16,BT02A,约翰,收货,上架
TVGn32FHWh,白色 品牌30 32英寸 电视机（全高清）,电视机,品牌30,32英寸,全高清,白色,8*1*1,8,DV89H,莎拉,收货,上架
OfXELAdWh,白色 品牌06 大号 办公椅（可调节）,办公椅,品牌06,大号,可调节,白色,16*1*1,16,DV96B,大卫,收货,上架
TVGn50S4Bl,黑色 品牌30 50英寸 电视机（超级超高清）,电视机,品牌30,50英寸,超级超高清,黑色,8*1*1,8,AX27B,大卫,收货,上架
GaOGLHePi,粉色 品牌07 大号 游戏椅（头枕）,游戏椅,品牌07,大号,头枕,粉色,16*1*1,16,BO68D,艾米,收货,上架
MoHc35ErNa,藏青色 品牌09 350 鼠标（人体工学）,鼠标,品牌09,350,人体工学,藏青色,16*10*1,160,CO67D,克里斯,收货,上架
TaAE18AuBl,黑色 品牌05 1800 桌子（自动调节）,桌子,品牌05,1800,自动调节,黑色,8*1*1,8,DT22G,莎拉,收货,上架
CaWE18LoBe,米色 品牌02 1800 文件柜（储物锁柜）,文件柜,品牌02,1800,储物锁柜,米色,8*1*1,8,AW12E,简,收货,上架
SPAl24HeBl,黑色 品牌20 24 触控笔（六角形）,触控笔,品牌20,24,六角形,黑色,48*10*5,2400,AK43F,约翰,收货,上架
SPRe12HePi,粉色 品牌22 12 触控笔（六角形）,触控笔,品牌22,12,六角形,粉色,48*10*5,2400,BJ22H,艾米,收货,上架
TVYn75FHBl,黑色 品牌15 75英寸 电视机（全高清）,电视机,品牌15,75英寸,全高清,黑色,8*1*1,8,DN28E,莎拉,收货,上架
MoSu35ErWh,白色 品牌11 350 鼠标（人体工学）,鼠标,品牌11,350,人体工学,白色,16*10*1,160,BH65F,劳拉,收货,上架
DrQE90FiBe,米色 品牌01 900 抽屉柜（文件收纳）,抽屉柜,品牌01,900,文件收纳,米色,8*1*1,8,CS02E,莎拉,收货,上架
TVGn50FHSi,银色 品牌30 50英寸 电视机（全高清）,电视机,品牌30,50英寸,全高清,银色,8*1*1,8,CJ89E,艾米丽,收货,上架
CaRG90LoBe,米色 品牌03 900 文件柜（储物锁柜）,文件柜,品牌03,900,储物锁柜,米色,8*1*1,8,CW24B,约翰,收货,上架
AlPH178GGr,灰色 品牌12 17英寸 一体机（8吉字节内存）,一体机,品牌12,17英寸,8吉字节内存,灰色,16*1*1,16,CZ35A,约翰,收货,上架
PrSoA4AlMi,混合色 品牌25 四号纸 打印机（一体式）,打印机,品牌25,四号纸,一体式,混合色,16*1*1,16,AI66F,艾米,收货,上架
CuRG18LoWh,白色 品牌03 1800 储物柜（储物锁柜）,储物柜,品牌03,1800,储物锁柜,白色,8*1*1,8,DX11E,克里斯,收货,上架
SPNa50WaBl,黑色 品牌23 50 触控笔（水彩）,触控笔,品牌23,50,水彩,黑色,48*10*5,2400,AR30B,艾米,收货,上架
CaQE90SlBl,黑色 品牌01 900 文件柜（滑动式）,文件柜,品牌01,900,滑动式,黑色,8*1*1,8,AP29H,约翰,收货,上架
LaSu17i5Si,银色 品牌11 17英寸 笔记本电脑（第5代处理器）,笔记本电脑,品牌11,17英寸,第5代处理器,银色,16*1*1,16,AP39F,大卫,收货,上架
OfAESLePi,粉色 品牌05 小号 办公椅（皮革）,办公椅,品牌05,小号,皮革,粉色,16*1*1,16,CS93C,莎拉,收货,上架
LaSu1732Bl,黑色 品牌11 17英寸 笔记本电脑（32吉字节内存）,笔记本电脑,品牌11,17英寸,32吉字节内存,黑色,16*1*1,16,DX61E,大卫,收货,上架
CaTE12FiWh,白色 品牌04 1200 文件柜（文件收纳）,文件柜,品牌04,1200,文件收纳,白色,8*1*1,8,CK86B,莎拉,收货,上架
NoExA5liSi,银色 品牌16 五号纸 笔记本（线条）,笔记本,品牌16,五号纸,线条,银色,48*10*5,2400,CT68F,大卫,收货,上架
AlRe14i5Bl,黑色 品牌14 14英寸 一体机（第5代处理器）,一体机,品牌14,14英寸,第5代处理器,黑色,16*1*1,16,AP04F,艾米,收货,上架
CuRG90SlBl,黑色 品牌03 900 储物柜（滑动式）,储物柜,品牌03,900,滑动式,黑色,8*1*1,8,CG12A,劳拉,收货,上架
OfOGLHeGr,灰色 品牌07 大号 办公椅（头枕）,办公椅,品牌07,大号,头枕,灰色,16*1*1,16,CT37E,约翰,收货,上架
TVGL50SFBl,黑色 品牌31 50英寸 电视机（超级全高清）,电视机,品牌31,50英寸,超级全高清,黑色,8*1*1,8,CR24H,莎拉,收货,上架
GaSESErBl,黑色 品牌08 小号 游戏椅（人体工学）,游戏椅,品牌08,小号,人体工学,黑色,16*1*1,16,AF40F,艾米丽,收货,上架
LaRe14i7Wh,白色 品牌14 14英寸 笔记本电脑（第7代处理器）,笔记本电脑,品牌14,14英寸,第7代处理器,白色,16*1*1,16,BL45E,克里斯,收货,上架
LaRe1416Gr,灰色 品牌14 14英寸 笔记本电脑（16吉字节内存）,笔记本电脑,品牌14,14英寸,16吉字节内存,灰色,16*1*1,16,BH37F,亚历克斯,收货,上架
CuRG12FiWh,白色 品牌03 1200 储物柜（文件收纳）,储物柜,品牌03,1200,文件收纳,白色,8*1*1,8,BL06D,亚历克斯,收货,上架
OfSELHePi,粉色 品牌08 大号 办公椅（头枕）,办公椅,品牌08,大号,头枕,粉色,16*1*1,16,BZ50E,劳拉,收货,上架
TVGL42S4Gr,灰色 品牌31 42英寸 电视机（超级超高清）,电视机,品牌31,42英寸,超级超高清,灰色,8*1*1,8,CJ77A,艾米丽,收货,上架
TVYn50S4Bl,黑色 品牌15 50英寸 电视机（超级超高清）,电视机,品牌15,50英寸,超级超高清,黑色,8*1*1,8,DT72C,大卫,收货,上架
AlPH1432Si,银色 品牌12 14英寸 一体机（32吉字节内存）,一体机,品牌12,14英寸,32吉字节内存,银色,16*1*1,16,AY86E,莎拉,收货,上架
CuWE18LoBe,米色 品牌02 1800 储物柜（储物锁柜）,储物柜,品牌02,1800,储物锁柜,米色,8*1*1,8,AP57E,迈克,收货,上架
GaXESAdWh,白色 品牌06 小号 游戏椅（可调节）,游戏椅,品牌06,小号,可调节,白色,16*1*1,16,AF04B,克里斯,收货,上架
MoRe35MePi,粉色 品牌10 350 鼠标（机械式）,鼠标,品牌10,350,机械式,粉色,16*10*1,160,AZ76E,迈克,收货,上架
CuTE90LoBl,黑色 品牌04 900 储物柜（储物锁柜）,储物柜,品牌04,900,储物锁柜,黑色,8*1*1,8,CZ11H,约翰,收货,上架
AlYn1416Si,银色 品牌15 14英寸 一体机（16吉字节内存）,一体机,品牌15,14英寸,16吉字节内存,银色,16*1*1,16,CV50G,约翰,收货,上架
TVEs42FHBl,黑色 品牌32 42英寸 电视机（全高清）,电视机,品牌32,42英寸,全高清,黑色,8*1*1,8,AX29D,艾米丽,收货,上架
LaYn1432Bl,黑色 品牌15 14英寸 笔记本电脑（32吉字节内存）,笔记本电脑,品牌15,14英寸,32吉字节内存,黑色,16*1*1,16,DJ02E,劳拉,收货,上架
CaWE90SlBe,米色 品牌02 900 文件柜（滑动式）,文件柜,品牌02,900,滑动式,米色,8*1*1,8,AI11F,克里斯,收货,上架
LaSu148GWh,白色 品牌11 14英寸 笔记本电脑（8吉字节内存）,笔记本电脑,品牌11,14英寸,8吉字节内存,白色,16*1*1,16,DU39H,劳拉,收货,上架
PeRe12SoWh,白色 品牌22 12 铅笔（可溶性）,铅笔,品牌22,12,可溶性,白色,48*10*5,2400,BJ34B,克里斯,收货,上架
LaPH17i7Si,银色 品牌12 17英寸 笔记本电脑（第7代处理器）,笔记本电脑,品牌12,17英寸,第7代处理器,银色,16*1*1,16,BR28G,艾米,收货,上架
NoGrA5ruBl,黑色 品牌18 五号纸 笔记本（横线）,笔记本,品牌18,五号纸,横线,黑色,48*10*5,2400,CR65D,约翰,收货,上架
CuTE18SlGr,灰色 品牌04 1800 储物柜（滑动式）,储物柜,品牌04,1800,滑动式,灰色,8*1*1,8,CF49D,迈克,收货,上架
CaRG12LoWh,白色 品牌03 1200 文件柜（储物锁柜）,文件柜,品牌03,1200,储物锁柜,白色,8*1*1,8,AX80F,克里斯,收货,上架
AlPH148GWh,白色 品牌12 14英寸 一体机（8吉字节内存）,一体机,品牌12,14英寸,8吉字节内存,白色,16*1*1,16,CH86F,莎拉,收货,上架
LaOv17i7Si,银色 品牌13 17英寸 笔记本电脑（第7代处理器）,笔记本电脑,品牌13,17英寸,第7代处理器,银色,16*1*1,16,CH67H,简,收货,上架
NoGrA3ruSi,银色 品牌18 三号纸 笔记本（横线）,笔记本,品牌18,三号纸,横线,银色,48*10*5,2400,CG96D,约翰,收货,上架
NoMuA5doGr,灰色 品牌19 五号纸 笔记本（点阵）,笔记本,品牌19,五号纸,点阵,灰色,48*10*5,2400,CZ42D,艾米,收货,上架
GaXESLeBl,黑色 品牌06 小号 游戏椅（皮革）,游戏椅,品牌06,小号,皮革,黑色,16*1*1,16,CN55D,亚历克斯,收货,上架
PrNoA3InMi,混合色 品牌26 三号纸 打印机（喷墨）,打印机,品牌26,三号纸,喷墨,混合色,16*1*1,16,BK40A,艾米丽,收货,上架
OfSESLePi,粉色 品牌08 小号 办公椅（皮革）,办公椅,品牌08,小号,皮革,粉色,16*1*1,16,CY93A,亚历克斯,收货,上架
CaRG18FiWh,白色 品牌03 1800 文件柜（文件收纳）,文件柜,品牌03,1800,文件收纳,白色,8*1*1,8,BY14B,大卫,收货,上架
AlYn1716Gr,灰色 品牌15 17英寸 一体机（16吉字节内存）,一体机,品牌15,17英寸,16吉字节内存,灰色,16*1*1,16,DL24G,莎拉,收货,上架
LaSu1416Si,银色 品牌11 14英寸 笔记本电脑（16吉字节内存）,笔记本电脑,品牌11,14英寸,16吉字节内存,银色,16*1*1,16,BS70E,约翰,收货,上架
TaTR10WoGr,灰色 品牌28 1000 桌子（工作站）,桌子,品牌28,1000,工作站,灰色,8*1*1,8,DO92C,简,收货,上架
TVGL50SFGr,灰色 品牌31 50英寸 电视机（超级全高清）,电视机,品牌31,50英寸,超级全高清,灰色,8*1*1,8,DW55G,简,收货,上架
PrSoA4InBl,黑色 品牌25 四号纸 打印机（喷墨）,打印机,品牌25,四号纸,喷墨,黑色,16*1*1,16,AO80F,亚历克斯,收货,上架
KeSu35WiWh,白色 品牌11 350 键盘（有线）,键盘,品牌11,350,有线,白色,16*10*1,160,BF26E,迈克,收货,上架
PeNa50WaPi,粉色 品牌23 50 铅笔（水彩）,铅笔,品牌23,50,水彩,粉色,48*10*5,2400,BJ44B,亚历克斯,收货,上架
OfAEMErBl,黑色 品牌05 中号 办公椅（人体工学）,办公椅,品牌05,中号,人体工学,黑色,16*1*1,16,DH22E,迈克,收货,上架
AlPH17i7Gr,灰色 品牌12 17英寸 一体机（第7代处理器）,一体机,品牌12,17英寸,第7代处理器,灰色,16*1*1,16,BJ19D,克里斯,收货,上架
TVGL424KSi,银色 品牌31 42英寸 电视机（超高清）,电视机,品牌31,42英寸,超高清,银色,8*1*1,8,DQ41F,克里斯,收货,上架
CaQE18LoBl,黑色 品牌01 1800 文件柜（储物锁柜）,文件柜,品牌01,1800,储物锁柜,黑色,8*1*1,8,BV29G,约翰,收货,上架
DrQE18FiGr,灰色 品牌01 1800 抽屉柜（文件收纳）,抽屉柜,品牌01,1800,文件收纳,灰色,8*1*1,8,DS95H,劳拉,收货,上架
TVGn324KSi,银色 品牌30 32英寸 电视机（超高清）,电视机,品牌30,32英寸,超高清,银色,8*1*1,8,AP15B,莎拉,收货,上架
LaOv158GBl,黑色 品牌13 15英寸 笔记本电脑（8吉字节内存）,笔记本电脑,品牌13,15英寸,8吉字节内存,黑色,16*1*1,16,DZ97E,简,收货,上架
KeSu35ErBl,黑色 品牌11 350 键盘（人体工学）,键盘,品牌11,350,人体工学,黑色,16*10*1,160,BJ55D,亚历克斯,收货,上架
PrSoA4InMi,混合色 品牌25 四号纸 打印机（喷墨）,打印机,品牌25,四号纸,喷墨,混合色,16*1*1,16,BR76C,简,收货,上架
TVGL42S4Bl,黑色 品牌31 42英寸 电视机（超级超高清）,电视机,品牌31,42英寸,超级超高清,黑色,8*1*1,8,DV67B,劳拉,收货,上架
PrReA3InBl,黑色 品牌24 三号纸 打印机（喷墨）,打印机,品牌24,三号纸,喷墨,黑色,16*1*1,16,AZ25D,劳拉,收货,上架
PeAl12HePi,粉色 品牌20 12 铅笔（六角形）,铅笔,品牌20,12,六角形,粉色,48*10*5,2400,CX28F,亚历克斯,收货,上架
KePH45BlBl,黑色 品牌12 450 键盘（蓝牙）,键盘,品牌12,450,蓝牙,黑色,16*10*1,160,BH55H,亚历克斯,收货,上架
CaTE12FiBe,米色 品牌04 1200 文件柜（文件收纳）,文件柜,品牌04,1200,文件收纳,米色,8*1*1,8,AJ43E,迈克,收货,上架
DrRG12DoWh,白色 品牌03 1200 抽屉柜（带门式）,抽屉柜,品牌03,1200,带门式,白色,8*1*1,8,CQ50A,迈克,收货,上架
KeSu35ErPi,粉色 品牌11 350 键盘（人体工学）,键盘,品牌11,350,人体工学,粉色,16*10*1,160,BH69B,艾米丽,收货,上架
MoHc27BlWh,白色 品牌09 270 鼠标（蓝牙）,鼠标,品牌09,270,蓝牙,白色,16*10*1,160,BP62H,约翰,收货,上架
LaOv15i7Bl,黑色 品牌13 15英寸 笔记本电脑（第7代处理器）,笔记本电脑,品牌13,15英寸,第7代处理器,黑色,16*1*1,16,DG10H,大卫,收货,上架
PeRe24HeWh,白色 品牌22 24 铅笔（六角形）,铅笔,品牌22,24,六角形,白色,48*10*5,2400,BY45E,大卫,收货,上架
CaWE18SlGr,灰色 品牌02 1800 文件柜（滑动式）,文件柜,品牌02,1800,滑动式,灰色,8*1*1,8,CK81A,简,收货,上架
TVYn32S4Bl,黑色 品牌15 32英寸 电视机（超级超高清）,电视机,品牌15,32英寸,超级超高清,黑色,8*1*1,8,AP78E,克里斯,收货,上架
LaYn17i7Bl,黑色 品牌15 17英寸 笔记本电脑（第7代处理器）,笔记本电脑,品牌15,17英寸,第7代处理器,黑色,16*1*1,16,AZ93G,艾米丽,收货,上架
TVYn654KWh,白色 品牌15 65英寸 电视机（超高清）,电视机,品牌15,65英寸,超高清,白色,8*1*1,8,AL60A,亚历克斯,收货,上架
CaRG90SlWh,白色 品牌03 900 文件柜（滑动式）,文件柜,品牌03,900,滑动式,白色,8*1*1,8,CZ48C,简,收货,上架
SPRe12WaPi,粉色 品牌22 12 触控笔（水彩）,触控笔,品牌22,12,水彩,粉色,48*10*5,2400,DJ44C,艾米丽,收货,上架
DrQE90LoBl,黑色 品牌01 900 抽屉柜（储物锁柜）,抽屉柜,品牌01,900,储物锁柜,黑色,8*1*1,8,DI77D,克里斯,收货,上架
CuRG18SlBl,黑色 品牌03 1800 储物柜（滑动式）,储物柜,品牌03,1800,滑动式,黑色,8*1*1,8,DK20E,简,收货,上架
TVEs50FHSi,银色 品牌32 50英寸 电视机（全高清）,电视机,品牌32,50英寸,全高清,银色,8*1*1,8,DZ73A,劳拉,收货,上架
TVGn75S4Wh,白色 品牌30 75英寸 电视机（超级超高清）,电视机,品牌30,75英寸,超级超高清,白色,8*1*1,8,AO84A,约翰,收货,上架
PrReA3InBl,黑色 品牌24 三号纸 打印机（喷墨）,打印机,品牌24,三号纸,喷墨,黑色,16*1*1,16,CL35F,约翰,收货,上架
PrPHA4LaWh,白色 品牌12 四号纸 打印机（激光）,打印机,品牌12,四号纸,激光,白色,16*1*1,16,BX05G,简,收货,上架
AlOv14i5Wh,白色 品牌13 14英寸 一体机（第5代处理器）,一体机,品牌13,14英寸,第5代处理器,白色,16*1*1,16,BZ33F,迈克,收货,上架
PrNoA4InBl,黑色 品牌26 四号纸 打印机（喷墨）,打印机,品牌26,四号纸,喷墨,黑色,16*1*1,16,CR33C,大卫,收货,上架
PrNoA2WiWh,白色 品牌26 二号纸 打印机（无线网络）,打印机,品牌26,二号纸,无线网络,白色,16*1*1,16,DQ04H,大卫,收货,上架
TVEs32SFSi,银色 品牌32 32英寸 电视机（超级全高清）,电视机,品牌32,32英寸,超级全高清,银色,8*1*1,8,DQ42H,简,收货,上架
AlSu17i5Wh,白色 品牌11 17英寸 一体机（第5代处理器）,一体机,品牌11,17英寸,第5代处理器,白色,16*1*1,16,CH84H,莎拉,收货,上架
LaYn1416Gr,灰色 品牌15 14英寸 笔记本电脑（16吉字节内存）,笔记本电脑,品牌15,14英寸,16吉字节内存,灰色,16*1*1,16,AU48C,艾米,收货,上架
TVYn75SFGr,灰色 品牌15 75英寸 电视机（超级全高清）,电视机,品牌15,75英寸,超级全高清,灰色,8*1*1,8,CQ70F,克里斯,收货,上架
AlOv1532Bl,黑色 品牌13 15英寸 一体机（32吉字节内存）,一体机,品牌13,15英寸,32吉字节内存,黑色,16*1*1,16,DR78B,亚历克斯,收货,上架
PrNoA4LaGr,灰色 品牌26 四号纸 打印机（激光）,打印机,品牌26,四号纸,激光,灰色,16*1*1,16,BQ17H,大卫,收货,上架
SPGi24SoBl,黑色 品牌21 24 触控笔（可溶性）,触控笔,品牌21,24,可溶性,黑色,48*10*5,2400,AI15E,劳拉,收货,上架
KeSu35BlNa,藏青色 品牌11 350 键盘（蓝牙）,键盘,品牌11,350,蓝牙,藏青色,16*10*1,160,AG78E,劳拉,收货,上架
TaAE10FrGr,灰色 品牌05 1000 桌子（框架式）,桌子,品牌05,1000,框架式,灰色,8*1*1,8,AK39E,莎拉,收货,上架
MoSu45WiBl,黑色 品牌11 450 鼠标（有线）,鼠标,品牌11,450,有线,黑色,16*10*1,160,DX17E,大卫,收货,上架
CuRG18SlBe,米色 品牌03 1800 储物柜（滑动式）,储物柜,品牌03,1800,滑动式,米色,8*1*1,8,BY79E,艾米丽,收货,上架
PeGi50HeGr,灰色 品牌21 50 铅笔（六角形）,铅笔,品牌21,50,六角形,灰色,48*10*5,2400,CY71G,艾米,收货,上架
PrSoA4MoWh,白色 品牌25 四号纸 打印机（黑白）,打印机,品牌25,四号纸,黑白,白色,16*1*1,16,AH06C,亚历克斯,收货,上架
LaRe148GBl,黑色 品牌14 14英寸 笔记本电脑（8吉字节内存）,笔记本电脑,品牌14,14英寸,8吉字节内存,黑色,16*1*1,16,DV35E,迈克,收货,上架
AlPH1516Wh,白色 品牌12 15英寸 一体机（16吉字节内存）,一体机,品牌12,15英寸,16吉字节内存,白色,16*1*1,16,CV49B,简,收货,上架
NoExA4doWh,白色 品牌16 四号纸 笔记本（点阵）,笔记本,品牌16,四号纸,点阵,白色,48*10*5,2400,BM79D,简,收货,上架
OfSELHeWh,白色 品牌08 大号 办公椅（头枕）,办公椅,品牌08,大号,头枕,白色,16*1*1,16,CU75G,艾米丽,收货,上架
PrNoA4LaWh,白色 品牌26 四号纸 打印机（激光）,打印机,品牌26,四号纸,激光,白色,16*1*1,16,AY33G,克里斯,收货,上架
MoRe45WiWh,白色 品牌10 450 鼠标（有线）,鼠标,品牌10,450,有线,白色,16*10*1,160,DJ73D,亚历克斯,收货,上架
PeRe12SoBl,黑色 品牌22 12 铅笔（可溶性）,铅笔,品牌22,12,可溶性,黑色,48*10*5,2400,BN80D,莎拉,收货,上架
AlPH1516Wh,白色 品牌12 15英寸 一体机（16吉字节内存）,一体机,品牌12,15英寸,16吉字节内存,白色,16*1*1,16,AX37C,大卫,收货,上架
TVYn32FHGr,灰色 品牌15 32英寸 电视机（全高清）,电视机,品牌15,32英寸,全高清,灰色,8*1*1,8,DY19G,克里斯,收货,上架
LaYn15i5Si,银色 品牌15 15英寸 笔记本电脑（第5代处理器）,笔记本电脑,品牌15,15英寸,第5代处理器,银色,16*1*1,16,BK58A,大卫,收货,上架
OfAELLeGr,灰色 品牌05 大号 办公椅（皮革）,办公椅,品牌05,大号,皮革,灰色,16*1*1,16,DV81D,亚历克斯,收货,上架
GaSELHePi,粉色 品牌08 大号 游戏椅（头枕）,游戏椅,品牌08,大号,头枕,粉色,16*1*1,16,AO69B,亚历克斯,收货,上架
OfSEMAdBl,黑色 品牌08 中号 办公椅（可调节）,办公椅,品牌08,中号,可调节,黑色,16*1*1,16,DJ17G,克里斯,收货,上架
MoHc27ErWh,白色 品牌09 270 鼠标（人体工学）,鼠标,品牌09,270,人体工学,白色,16*10*1,160,DM76D,克里斯,收货,上架
SPAl12WaGr,灰色 品牌20 12 触控笔（水彩）,触控笔,品牌20,12,水彩,灰色,48*10*5,2400,BN88H,克里斯,收货,上架
DrRG12SlBe,米色 品牌03 1200 抽屉柜（滑动式）,抽屉柜,品牌03,1200,滑动式,米色,8*1*1,8,AO96G,大卫,收货,上架
LaSu17i5Gr,灰色 品牌11 17英寸 笔记本电脑（第5代处理器）,笔记本电脑,品牌11,17英寸,第5代处理器,灰色,16*1*1,16,DJ79B,艾米丽,收货,上架
SPGi24HeGr,灰色 品牌21 24 触控笔（六角形）,触控笔,品牌21,24,六角形,灰色,48*10*5,2400,AN82G,劳拉,收货,上架
TaTR18WoGr,灰色 品牌29 1800 桌子（工作站）,桌子,品牌29,1800,工作站,灰色,8*1*1,8,CY72F,迈克,收货,上架
DrRG12FiGr,灰色 品牌03 1200 抽屉柜（文件收纳）,抽屉柜,品牌03,1200,文件收纳,灰色,8*1*1,8,AY12B,克里斯,收货,上架
MoPH35ErBl,黑色 品牌12 350 鼠标（人体工学）,鼠标,品牌12,350,人体工学,黑色,16*10*1,160,CH64F,约翰,收货,上架
KeRe35WiPi,粉色 品牌10 350 键盘（有线）,键盘,品牌10,350,有线,粉色,16*10*1,160,BI43G,迈克,收货,上架
OfXESHeWh,白色 品牌06 小号 办公椅（头枕）,办公椅,品牌06,小号,头枕,白色,16*1*1,16,BZ80G,迈克,收货,上架
LaSu1532Si,银色 品牌11 15英寸 笔记本电脑（32吉字节内存）,笔记本电脑,品牌11,15英寸,32吉字节内存,银色,16*1*1,16,BP85F,克里斯,收货,上架
PeGi24SoWh,白色 品牌21 24 铅笔（可溶性）,铅笔,品牌21,24,可溶性,白色,48*10*5,2400,DX60C,简,收货,上架
AlPH14i5Gr,灰色 品牌12 14英寸 一体机（第5代处理器）,一体机,品牌12,14英寸,第5代处理器,灰色,16*1*1,16,CV68G,克里斯,收货,上架
KePH35ErWh,白色 品牌12 350 键盘（人体工学）,键盘,品牌12,350,人体工学,白色,16*10*1,160,CR66D,大卫,收货,上架
AlOv17i7Gr,灰色 品牌13 17英寸 一体机（第7代处理器）,一体机,品牌13,17英寸,第7代处理器,灰色,16*1*1,16,CG43D,迈克,收货,上架
CuQE18LoGr,灰色 品牌01 1800 储物柜（储物锁柜）,储物柜,品牌01,1800,储物锁柜,灰色,8*1*1,8,CH13C,约翰,收货,上架
LaOv1516Wh,白色 品牌13 15英寸 笔记本电脑（16吉字节内存）,笔记本电脑,品牌13,15英寸,16吉字节内存,白色,16*1*1,16,BW48A,简,收货,上架
LaPH15i5Si,银色 品牌12 15英寸 笔记本电脑（第5代处理器）,笔记本电脑,品牌12,15英寸,第5代处理器,银色,16*1*1,16,AL50F,艾米丽,收货,上架
OfOGSHeWh,白色 品牌07 小号 办公椅（头枕）,办公椅,品牌07,小号,头枕,白色,16*1*1,16,DO32E,约翰,收货,上架
MoSu27ErBl,黑色 品牌11 270 鼠标（人体工学）,鼠标,品牌11,270,人体工学,黑色,16*10*1,160,DV96G,劳拉,收货,上架
MoHc35WiWh,白色 品牌09 350 鼠标（有线）,鼠标,品牌09,350,有线,白色,16*10*1,160,BU35C,艾米,收货,上架
TaTR18AdSi,银色 品牌29 1800 桌子（可调节）,桌子,品牌29,1800,可调节,银色,8*1*1,8,AZ34F,克里斯,收货,上架
NoGrA4doWh,白色 品牌18 四号纸 笔记本（点阵）,笔记本,品牌18,四号纸,点阵,白色,48*10*5,2400,AO91G,约翰,收货,上架
GaOGSAdPi,粉色 品牌07 小号 游戏椅（可调节）,游戏椅,品牌07,小号,可调节,粉色,16*1*1,16,CK29F,约翰,收货,上架
LaSu1416Bl,黑色 品牌11 14英寸 笔记本电脑（16吉字节内存）,笔记本电脑,品牌11,14英寸,16吉字节内存,黑色,16*1*1,16,DS31D,克里斯,收货,上架
TaAE18FrBl,黑色 品牌05 1800 桌子（框架式）,桌子,品牌05,1800,框架式,黑色,8*1*1,8,CU88H,莎拉,收货,上架
LaRe158GSi,银色 品牌14 15英寸 笔记本电脑（8吉字节内存）,笔记本电脑,品牌14,15英寸,8吉字节内存,银色,16*1*1,16,AV96G,克里斯,收货,上架
SPAl50WaGr,灰色 品牌20 50 触控笔（水彩）,触控笔,品牌20,50,水彩,灰色,48*10*5,2400,AM81E,迈克,收货,上架
KeRe27WiPi,粉色 品牌10 270 键盘（有线）,键盘,品牌10,270,有线,粉色,16*10*1,160,AT51A,艾米,收货,上架
AlOv17i7Bl,黑色 品牌13 17英寸 一体机（第7代处理器）,一体机,品牌13,17英寸,第7代处理器,黑色,16*1*1,16,DF53E,劳拉,收货,上架
TVGn324KGr,灰色 品牌30 32英寸 电视机（超高清）,电视机,品牌30,32英寸,超高清,灰色,8*1*1,8,AX07A,艾米,收货,上架
OfXEMLeGr,灰色 品牌06 中号 办公椅（皮革）,办公椅,品牌06,中号,皮革,灰色,16*1*1,16,CV42F,约翰,收货,上架
TVGn65SFWh,白色 品牌30 65英寸 电视机（超级全高清）,电视机,品牌30,65英寸,超级全高清,白色,8*1*1,8,CN51C,艾米,收货,上架
CuTE90SlGr,灰色 品牌04 900 储物柜（滑动式）,储物柜,品牌04,900,滑动式,灰色,8*1*1,8,AI61H,艾米丽,收货,上架
OfXEMErGr,灰色 品牌06 中号 办公椅（人体工学）,办公椅,品牌06,中号,人体工学,灰色,16*1*1,16,BF02F,大卫,收货,上架
TaAE15AuSi,银色 品牌05 1500 桌子（自动调节）,桌子,品牌05,1500,自动调节,银色,8*1*1,8,CM90A,劳拉,收货,上架
CuQE90FiBe,米色 品牌01 900 储物柜（文件收纳）,储物柜,品牌01,900,文件收纳,米色,8*1*1,8,DS77H,约翰,收货,上架
OfXELLeWh,白色 品牌06 大号 办公椅（皮革）,办公椅,品牌06,大号,皮革,白色,16*1*1,16,DN90F,亚历克斯,收货,上架
CuTE12DoBe,米色 品牌04 1200 储物柜（带门式）,储物柜,品牌04,1200,带门式,米色,8*1*1,8,DH73G,克里斯,收货,上架
LaPH15i7Bl,黑色 品牌12 15英寸 笔记本电脑（第7代处理器）,笔记本电脑,品牌12,15英寸,第7代处理器,黑色,16*1*1,16,CK67E,艾米丽,收货,上架
PrSoA4InGr,灰色 品牌25 四号纸 打印机（喷墨）,打印机,品牌25,四号纸,喷墨,灰色,16*1*1,16,CO58G,克里斯,收货,上架
GaXELErWh,白色 品牌06 大号 游戏椅（人体工学）,游戏椅,品牌06,大号,人体工学,白色,16*1*1,16,CU23E,约翰,收货,上架
CaWE12DoGr,灰色 品牌02 1200 文件柜（带门式）,文件柜,品牌02,1200,带门式,灰色,8*1*1,8,BK88G,迈克,收货,上架
AlYn148GWh,白色 品牌15 14英寸 一体机（8吉字节内存）,一体机,品牌15,14英寸,8吉字节内存,白色,16*1*1,16,CX95B,简,收货,上架
LaOv148GWh,白色 品牌13 14英寸 笔记本电脑（8吉字节内存）,笔记本电脑,品牌13,14英寸,8吉字节内存,白色,16*1*1,16,DZ66H,大卫,收货,上架
AlSu17i5Si,银色 品牌11 17英寸 一体机（第5代处理器）,一体机,品牌11,17英寸,第5代处理器,银色,16*1*1,16,BH14F,艾米,收货,上架
TVYn504KSi,银色 品牌15 50英寸 电视机（超高清）,电视机,品牌15,50英寸,超高清,银色,8*1*1,8,CP25D,艾米丽,收货,上架
LaSu14i7Wh,白色 品牌11 14英寸 笔记本电脑（第7代处理器）,笔记本电脑,品牌11,14英寸,第7代处理器,白色,16*1*1,16,BZ40D,迈克,收货,上架
KeHc45WiPi,粉色 品牌09 450 键盘（有线）,键盘,品牌09,450,有线,粉色,16*10*1,160,AO73E,艾米,收货,上架
LaRe14i7Gr,灰色 品牌14 14英寸 笔记本电脑（第7代处理器）,笔记本电脑,品牌14,14英寸,第7代处理器,灰色,16*1*1,16,CL89F,迈克,收货,上架
CaQE18DoBe,米色 品牌01 1800 文件柜（带门式）,文件柜,品牌01,1800,带门式,米色,8*1*1,8,DM53E,艾米,收货,上架
AlYn14i7Bl,黑色 品牌15 14英寸 一体机（第7代处理器）,一体机,品牌15,14英寸,第7代处理器,黑色,16*1*1,16,CR81A,艾米丽,收货,上架
SPRe24WaGr,灰色 品牌22 24 触控笔（水彩）,触控笔,品牌22,24,水彩,灰色,48*10*5,2400,CV67B,艾米,收货,上架
OfXESAdBl,黑色 品牌06 小号 办公椅（可调节）,办公椅,品牌06,小号,可调节,黑色,16*1*1,16,AJ37A,克里斯,收货,上架
AlPH1732Wh,白色 品牌12 17英寸 一体机（32吉字节内存）,一体机,品牌12,17英寸,32吉字节内存,白色,16*1*1,16,AU24F,简,收货,上架
SPNa12HeBl,黑色 品牌23 12 触控笔（六角形）,触控笔,品牌23,12,六角形,黑色,48*10*5,2400,BZ04F,迈克,收货,上架
LaOv148GSi,银色 品牌13 14英寸 笔记本电脑（8吉字节内存）,笔记本电脑,品牌13,14英寸,8吉字节内存,银色,16*1*1,16,AR55G,艾米,收货,上架
CuTE12FiWh,白色 品牌04 1200 储物柜（文件收纳）,储物柜,品牌04,1200,文件收纳,白色,8*1*1,8,BM21A,艾米丽,收货,上架
KeSu45ErWh,白色 品牌11 450 键盘（人体工学）,键盘,品牌11,450,人体工学,白色,16*10*1,160,BH36E,大卫,收货,上架
PeNa24HeWh,白色 品牌23 24 铅笔（六角形）,铅笔,品牌23,24,六角形,白色,48*10*5,2400,CJ39C,克里斯,收货,上架
TaCI18AuWh,白色 品牌27 1800 桌子（自动调节）,桌子,品牌27,1800,自动调节,白色,8*1*1,8,AR76F,艾米丽,收货,上架
PrSoA4WiGr,灰色 品牌25 四号纸 打印机（无线网络）,打印机,品牌25,四号纸,无线网络,灰色,16*1*1,16,CW98F,约翰,收货,上架
PrReA2WiMi,混合色 品牌24 二号纸 打印机（无线网络）,打印机,品牌24,二号纸,无线网络,混合色,16*1*1,16,BQ21E,迈克,收货,上架
TVGL65S4Wh,白色 品牌31 65英寸 电视机（超级超高清）,电视机,品牌31,65英寸,超级超高清,白色,8*1*1,8,CV30C,亚历克斯,收货,上架
SPRe24HeBl,黑色 品牌22 24 触控笔（六角形）,触控笔,品牌22,24,六角形,黑色,48*10*5,2400,DZ82A,劳拉,收货,上架
TaTR15FrBl,黑色 品牌29 1500 桌子（框架式）,桌子,品牌29,1500,框架式,黑色,8*1*1,8,BW27A,劳拉,收货,上架
GaSEMHeBl,黑色 品牌08 中号 游戏椅（头枕）,游戏椅,品牌08,中号,头枕,黑色,16*1*1,16,AF10G,艾米,收货,上架
MoRe35ErWh,白色 品牌10 350 鼠标（人体工学）,鼠标,品牌10,350,人体工学,白色,16*10*1,160,DU68E,亚历克斯,收货,上架
NoMuA5doGr,灰色 品牌19 五号纸 笔记本（点阵）,笔记本,品牌19,五号纸,点阵,灰色,48*10*5,2400,CZ18D,劳拉,收货,上架
TVEs75SFSi,银色 品牌32 75英寸 电视机（超级全高清）,电视机,品牌32,75英寸,超级全高清,银色,8*1*1,8,AS83E,艾米丽,收货,上架
TaCI18AuSi,银色 品牌27 1800 桌子（自动调节）,桌子,品牌27,1800,自动调节,银色,8*1*1,8,BT53H,艾米丽,收货,上架
GaSESErWh,白色 品牌08 小号 游戏椅（人体工学）,游戏椅,品牌08,小号,人体工学,白色,16*1*1,16,BH96E,简,收货,上架
TVGn42FHGr,灰色 品牌30 42英寸 电视机（全高清）,电视机,品牌30,42英寸,全高清,灰色,8*1*1,8,DK85H,大卫,收货,上架
TVYn32S4Bl,黑色 品牌15 32英寸 电视机（超级超高清）,电视机,品牌15,32英寸,超级超高清,黑色,8*1*1,8,BO19E,约翰,收货,上架
CaTE12LoBe,米色 品牌04 1200 文件柜（储物锁柜）,文件柜,品牌04,1200,储物锁柜,米色,8*1*1,8,DM04D,约翰,收货,上架
NoMuA3liBl,黑色 品牌19 三号纸 笔记本（线条）,笔记本,品牌19,三号纸,线条,黑色,48*10*5,2400,CJ89C,艾米,收货,上架
PrReA3WiMi,混合色 品牌24 三号纸 打印机（无线网络）,打印机,品牌24,三号纸,无线网络,混合色,16*1*1,16,CG04E,迈克,收货,上架
LaSu1716Bl,黑色 品牌11 17英寸 笔记本电脑（16吉字节内存）,笔记本电脑,品牌11,17英寸,16吉字节内存,黑色,16*1*1,16,DQ13H,克里斯,收货,上架
AlYn15i7Gr,灰色 品牌15 15英寸 一体机（第7代处理器）,一体机,品牌15,15英寸,第7代处理器,灰色,16*1*1,16,DS28A,简,收货,上架
AlYn158GWh,白色 品牌15 15英寸 一体机（8吉字节内存）,一体机,品牌15,15英寸,8吉字节内存,白色,16*1*1,16,CG24D,艾米丽,收货,上架
DrRG18DoWh,白色 品牌03 1800 抽屉柜（带门式）,抽屉柜,品牌03,1800,带门式,白色,8*1*1,8,BX66G,艾米,收货,上架
NoScA4ruSi,银色 品牌17 四号纸 笔记本（横线）,笔记本,品牌17,四号纸,横线,银色,48*10*5,2400,BG78G,莎拉,收货,上架
KeHc45MeNa,藏青色 品牌09 450 键盘（机械式）,键盘,品牌09,450,机械式,藏青色,16*10*1,160,CR65B,简,收货,上架
LaOv1732Bl,黑色 品牌13 17英寸 笔记本电脑（32吉字节内存）,笔记本电脑,品牌13,17英寸,32吉字节内存,黑色,16*1*1,16,DM85D,简,收货,上架
OfSESAdBl,黑色 品牌08 小号 办公椅（可调节）,办公椅,品牌08,小号,可调节,黑色,16*1*1,16,CU43A,约翰,收货,上架
LaYn1516Si,银色 品牌15 15英寸 笔记本电脑（16吉字节内存）,笔记本电脑,品牌15,15英寸,16吉字节内存,银色,16*1*1,16,DX53E,莎拉,收货,上架
SPGi24HeWh,白色 品牌21 24 触控笔（六角形）,触控笔,品牌21,24,六角形,白色,48*10*5,2400,CX64A,简,收货,上架
GaSEMAdGr,灰色 品牌08 中号 游戏椅（可调节）,游戏椅,品牌08,中号,可调节,灰色,16*1*1,16,AP02G,大卫,收货,上架
SPNa12WaGr,灰色 品牌23 12 触控笔（水彩）,触控笔,品牌23,12,水彩,灰色,48*10*5,2400,AW19E,艾米,收货,上架
CaTE18FiBe,米色 品牌04 1800 文件柜（文件收纳）,文件柜,品牌04,1800,文件收纳,米色,8*1*1,8,AV05H,迈克,收货,上架
PeAl50SoGr,灰色 品牌20 50 铅笔（可溶性）,铅笔,品牌20,50,可溶性,灰色,48*10*5,2400,BK55H,大卫,收货,上架
PrNoA2AlBl,黑色 品牌26 二号纸 打印机（一体式）,打印机,品牌26,二号纸,一体式,黑色,16*1*1,16,AW67F,艾米,收货,上架
PrReA4WiGr,灰色 品牌24 四号纸 打印机（无线网络）,打印机,品牌24,四号纸,无线网络,灰色,16*1*1,16,AW90C,莎拉,收货,上架
GaOGMHeGr,灰色 品牌07 中号 游戏椅（头枕）,游戏椅,品牌07,中号,头枕,灰色,16*1*1,16,BV41H,约翰,收货,上架
LaSu14i5Gr,灰色 品牌11 14英寸 笔记本电脑（第5代处理器）,笔记本电脑,品牌11,14英寸,第5代处理器,灰色,16*1*1,16,AF22F,劳拉,收货,上架
TaTR18AuGr,灰色 品牌29 1800 桌子（自动调节）,桌子,品牌29,1800,自动调节,灰色,8*1*1,8,BU45B,亚历克斯,收货,上架
TaAE18FrSi,银色 品牌05 1800 桌子（框架式）,桌子,品牌05,1800,框架式,银色,8*1*1,8,DH85H,艾米丽,收货,上架
PrNoA3MoMi,混合色 品牌26 三号纸 打印机（黑白）,打印机,品牌26,三号纸,黑白,混合色,16*1*1,16,BY61H,艾米,收货,上架
PeAl50WaPi,粉色 品牌20 50 铅笔（水彩）,铅笔,品牌20,50,水彩,粉色,48*10*5,2400,AX17D,大卫,收货,上架
LaOv158GSi,银色 品牌13 15英寸 笔记本电脑（8吉字节内存）,笔记本电脑,品牌13,15英寸,8吉字节内存,银色,16*1*1,16,DG89C,亚历克斯,收货,上架
CuQE18LoBe,米色 品牌01 1800 储物柜（储物锁柜）,储物柜,品牌01,1800,储物锁柜,米色,8*1*1,8,DI49B,艾米,收货,上架
NoMuA3ruWh,白色 品牌19 三号纸 笔记本（横线）,笔记本,品牌19,三号纸,横线,白色,48*10*5,2400,CR07A,莎拉,收货,上架
PrPHA4InGr,灰色 品牌12 四号纸 打印机（喷墨）,打印机,品牌12,四号纸,喷墨,灰色,16*1*1,16,AP39D,艾米丽,收货,上架
OfOGMHeBl,黑色 品牌07 中号 办公椅（头枕）,办公椅,品牌07,中号,头枕,黑色,16*1*1,16,DQ44F,迈克,收货,上架
TaTR18AdGr,灰色 品牌28 1800 桌子（可调节）,桌子,品牌28,1800,可调节,灰色,8*1*1,8,BV45F,亚历克斯,收货,上架
LaOv1532Si,银色 品牌13 15英寸 笔记本电脑（32吉字节内存）,笔记本电脑,品牌13,15英寸,32吉字节内存,银色,16*1*1,16,DM38E,莎拉,收货,上架
TVEs424KWh,白色 品牌32 42英寸 电视机（超高清）,电视机,品牌32,42英寸,超高清,白色,8*1*1,8,CS11A,艾米,收货,上架
PeRe12WaGr,灰色 品牌22 12 铅笔（水彩）,铅笔,品牌22,12,水彩,灰色,48*10*5,2400,AT31D,艾米丽,收货,上架
MoPH45WiPi,粉色 品牌12 450 鼠标（有线）,鼠标,品牌12,450,有线,粉色,16*10*1,160,AX11C,艾米,收货,上架
DrTE12DoBl,黑色 品牌04 1200 抽屉柜（带门式）,抽屉柜,品牌04,1200,带门式,黑色,8*1*1,8,BI50A,约翰,收货,上架
TaTR15FrBl,黑色 品牌29 1500 桌子（框架式）,桌子,品牌29,1500,框架式,黑色,8*1*1,8,AW44F,克里斯,收货,上架
MoHc45WiNa,藏青色 品牌09 450 鼠标（有线）,鼠标,品牌09,450,有线,藏青色,16*10*1,160,CP92D,劳拉,收货,上架
LaRe15i5Wh,白色 品牌14 15英寸 笔记本电脑（第5代处理器）,笔记本电脑,品牌14,15英寸,第5代处理器,白色,16*1*1,16,DZ17C,艾米丽,收货,上架
MoSu27ErBl,黑色 品牌11 270 鼠标（人体工学）,鼠标,品牌11,270,人体工学,黑色,16*10*1,160,AU97C,劳拉,收货,上架
CuTE18DoBe,米色 品牌04 1800 储物柜（带门式）,储物柜,品牌04,1800,带门式,米色,8*1*1,8,BU52G,艾米丽,收货,上架
MoRe27WiNa,藏青色 品牌10 270 鼠标（有线）,鼠标,品牌10,270,有线,藏青色,16*10*1,160,CG13G,约翰,收货,上架
GaSELHeWh,白色 品牌08 大号 游戏椅（头枕）,游戏椅,品牌08,大号,头枕,白色,16*1*1,16,AN50G,约翰,收货,上架
TaTR18FrWh,白色 品牌28 1800 桌子（框架式）,桌子,品牌28,1800,框架式,白色,8*1*1,8,CF32B,简,收货,上架
TVGL50S4Wh,白色 品牌31 50英寸 电视机（超级超高清）,电视机,品牌31,50英寸,超级超高清,白色,8*1*1,8,DG61A,简,收货,上架
CuQE90LoWh,白色 品牌01 900 储物柜（储物锁柜）,储物柜,品牌01,900,储物锁柜,白色,8*1*1,8,BK46D,简,收货,上架
CuTE90LoWh,白色 品牌04 900 储物柜（储物锁柜）,储物柜,品牌04,900,储物锁柜,白色,8*1*1,8,BI64C,克里斯,收货,上架
AlYn14i5Bl,黑色 品牌15 14英寸 一体机（第5代处理器）,一体机,品牌15,14英寸,第5代处理器,黑色,16*1*1,16,CH83B,艾米丽,收货,上架
KeSu45WiBl,黑色 品牌11 450 键盘（有线）,键盘,品牌11,450,有线,黑色,16*10*1,160,CX19B,大卫,收货,上架
LaPH178GWh,白色 品牌12 17英寸 笔记本电脑（8吉字节内存）,笔记本电脑,品牌12,17英寸,8吉字节内存,白色,16*1*1,16,CT96F,约翰,收货,上架
OfSESAdBl,黑色 品牌08 小号 办公椅（可调节）,办公椅,品牌08,小号,可调节,黑色,16*1*1,16,DS60G,克里斯,收货,上架
TaTR10WoBl,黑色 品牌29 1000 桌子（工作站）,桌子,品牌29,1000,工作站,黑色,8*1*1,8,BL05G,迈克,收货,上架
SPAl12HeGr,灰色 品牌20 12 触控笔（六角形）,触控笔,品牌20,12,六角形,灰色,48*10*5,2400,BJ72A,艾米丽,收货,上架
TVEs32SFSi,银色 品牌32 32英寸 电视机（超级全高清）,电视机,品牌32,32英寸,超级全高清,银色,8*1*1,8,CU40C,约翰,收货,上架
TVEs75FHBl,黑色 品牌32 75英寸 电视机（全高清）,电视机,品牌32,75英寸,全高清,黑色,8*1*1,8,BS90F,劳拉,收货,上架
KeHc45WiBl,黑色 品牌09 450 键盘（有线）,键盘,品牌09,450,有线,黑色,16*10*1,160,CY01A,劳拉,收货,上架
TVEs65FHSi,银色 品牌32 65英寸 电视机（全高清）,电视机,品牌32,65英寸,全高清,银色,8*1*1,8,AY18H,艾米丽,收货,上架
DrTE90FiBl,黑色 品牌04 900 抽屉柜（文件收纳）,抽屉柜,品牌04,900,文件收纳,黑色,8*1*1,8,CT76H,劳拉,收货,上架
AlSu17i5Gr,灰色 品牌11 17英寸 一体机（第5代处理器）,一体机,品牌11,17英寸,第5代处理器,灰色,16*1*1,16,DW11H,莎拉,收货,上架
PrReA2InGr,灰色 品牌24 二号纸 打印机（喷墨）,打印机,品牌24,二号纸,喷墨,灰色,16*1*1,16,AH07F,迈克,收货,上架
CaQE12SlGr,灰色 品牌01 1200 文件柜（滑动式）,文件柜,品牌01,1200,滑动式,灰色,8*1*1,8,DG64F,简,收货,上架
PeRe50SoWh,白色 品牌22 50 铅笔（可溶性）,铅笔,品牌22,50,可溶性,白色,48*10*5,2400,BN77D,亚历克斯,收货,上架
PrSoA3InMi,混合色 品牌25 三号纸 打印机（喷墨）,打印机,品牌25,三号纸,喷墨,混合色,16*1*1,16,DS53E,克里斯,收货,上架
DrQE12FiBe,米色 品牌01 1200 抽屉柜（文件收纳）,抽屉柜,品牌01,1200,文件收纳,米色,8*1*1,8,CY25F,约翰,收货,上架
TVYn75S4Si,银色 品牌15 75英寸 电视机（超级超高清）,电视机,品牌15,75英寸,超级超高清,银色,8*1*1,8,BY40B,简,收货,上架
CaRG90DoBe,米色 品牌03 900 文件柜（带门式）,文件柜,品牌03,900,带门式,米色,8*1*1,8,DJ28E,大卫,收货,上架
OfSELHeBl,黑色 品牌08 大号 办公椅（头枕）,办公椅,品牌08,大号,头枕,黑色,16*1*1,16,DF72F,约翰,收货,上架
CaWE18SlGr,灰色 品牌02 1800 文件柜（滑动式）,文件柜,品牌02,1800,滑动式,灰色,8*1*1,8,BI10B,迈克,收货,上架
AlOv14i5Bl,黑色 品牌13 14英寸 一体机（第5代处理器）,一体机,品牌13,14英寸,第5代处理器,黑色,16*1*1,16,AK82F,约翰,收货,上架
CaWE12FiWh,白色 品牌02 1200 文件柜（文件收纳）,文件柜,品牌02,1200,文件收纳,白色,8*1*1,8,DP88F,亚历克斯,收货,上架
TaAE10FrSi,银色 品牌05 1000 桌子（框架式）,桌子,品牌05,1000,框架式,银色,8*1*1,8,CS55B,艾米丽,收货,上架
DrQE12FiBl,黑色 品牌01 1200 抽屉柜（文件收纳）,抽屉柜,品牌01,1200,文件收纳,黑色,8*1*1,8,DP61H,艾米,收货,上架
PeAl24WaPi,粉色 品牌20 24 铅笔（水彩）,铅笔,品牌20,24,水彩,粉色,48*10*5,2400,BO40A,简,收货,上架
TVEs32S4Wh,白色 品牌32 32英寸 电视机（超级超高清）,电视机,品牌32,32英寸,超级超高清,白色,8*1*1,8,CF45E,迈克,收货,上架
TaTR15AuGr,灰色 品牌29 1500 桌子（自动调节）,桌子,品牌29,1500,自动调节,灰色,8*1*1,8,BP94F,艾米,收货,上架
TVGL32S4Bl,黑色 品牌31 32英寸 电视机（超级超高清）,电视机,品牌31,32英寸,超级超高清,黑色,8*1*1,8,CU91B,简,收货,上架
GaSESAdGr,灰色 品牌08 小号 游戏椅（可调节）,游戏椅,品牌08,小号,可调节,灰色,16*1*1,16,BY56G,简,收货,上架
LaSu15i7Si,银色 品牌11 15英寸 笔记本电脑（第7代处理器）,笔记本电脑,品牌11,15英寸,第7代处理器,银色,16*1*1,16,CK44C,克里斯,收货,上架
CuWE18FiWh,白色 品牌02 1800 储物柜（文件收纳）,储物柜,品牌02,1800,文件收纳,白色,8*1*1,8,AW89H,迈克,收货,上架
PrNoA4LaWh,白色 品牌26 四号纸 打印机（激光）,打印机,品牌26,四号纸,激光,白色,16*1*1,16,BX04F,艾米丽,收货,上架
TVGn75SFGr,灰色 品牌30 75英寸 电视机（超级全高清）,电视机,品牌30,75英寸,超级全高清,灰色,8*1*1,8,BZ17D,约翰,收货,上架
DrTE18DoWh,白色 品牌04 1800 抽屉柜（带门式）,抽屉柜,品牌04,1800,带门式,白色,8*1*1,8,DI86A,劳拉,收货,上架
MoHc45WiPi,粉色 品牌09 450 鼠标（有线）,鼠标,品牌09,450,有线,粉色,16*10*1,160,CU46C,克里斯,收货,上架
LaRe178GWh,白色 品牌14 17英寸 笔记本电脑（8吉字节内存）,笔记本电脑,品牌14,17英寸,8吉字节内存,白色,16*1*1,16,CG11C,亚历克斯,收货,上架
TVYn32FHGr,灰色 品牌15 32英寸 电视机（全高清）,电视机,品牌15,32英寸,全高清,灰色,8*1*1,8,CZ95D,克里斯,收货,上架
AlRe15i5Gr,灰色 品牌14 15英寸 一体机（第5代处理器）,一体机,品牌14,15英寸,第5代处理器,灰色,16*1*1,16,DL55E,艾米丽,收货,上架
TaCI18FrWh,白色 品牌27 1800 桌子（框架式）,桌子,品牌27,1800,框架式,白色,8*1*1,8,BW59F,莎拉,收货,上架
TVYn32FHGr,灰色 品牌15 32英寸 电视机（全高清）,电视机,品牌15,32英寸,全高清,灰色,8*1*1,8,DR54H,克里斯,收货,上架
MoSu35MeNa,藏青色 品牌11 350 鼠标（机械式）,鼠标,品牌11,350,机械式,藏青色,16*10*1,160,DQ53A,迈克,收货,上架
LaOv1732Wh,白色 品牌13 17英寸 笔记本电脑（32吉字节内存）,笔记本电脑,品牌13,17英寸,32吉字节内存,白色,16*1*1,16,BK68G,莎拉,收货,上架
TaCI15WoBl,黑色 品牌27 1500 桌子（工作站）,桌子,品牌27,1500,工作站,黑色,8*1*1,8,CG55H,约翰,收货,上架
SPGi24WaWh,白色 品牌21 24 触控笔（水彩）,触控笔,品牌21,24,水彩,白色,48*10*5,2400,BW28B,迈克,收货,上架
GaSEMAdBl,黑色 品牌08 中号 游戏椅（可调节）,游戏椅,品牌08,中号,可调节,黑色,16*1*1,16,BS68D,约翰,收货,上架
TaCI10WoGr,灰色 品牌27 1000 桌子（工作站）,桌子,品牌27,1000,工作站,灰色,8*1*1,8,CG31G,迈克,收货,上架
TVGn654KGr,灰色 品牌30 65英寸 电视机（超高清）,电视机,品牌30,65英寸,超高清,灰色,8*1*1,8,DR66D,莎拉,收货,上架
DrQE12FiBl,黑色 品牌01 1200 抽屉柜（文件收纳）,抽屉柜,品牌01,1200,文件收纳,黑色,8*1*1,8,DS42C,约翰,收货,上架
AlRe14i7Wh,白色 品牌14 14英寸 一体机（第7代处理器）,一体机,品牌14,14英寸,第7代处理器,白色,16*1*1,16,DR61D,劳拉,收货,上架
PrSoA4AlWh,白色 品牌25 四号纸 打印机（一体式）,打印机,品牌25,四号纸,一体式,白色,16*1*1,16,BT63H,迈克,收货,上架
NoMuA5liWh,白色 品牌19 五号纸 笔记本（线条）,笔记本,品牌19,五号纸,线条,白色,48*10*5,2400,CM14D,艾米,收货,上架
NoExA4ruWh,白色 品牌16 四号纸 笔记本（横线）,笔记本,品牌16,四号纸,横线,白色,48*10*5,2400,CI52G,迈克,收货,上架
GaSEMErPi,粉色 品牌08 中号 游戏椅（人体工学）,游戏椅,品牌08,中号,人体工学,粉色,16*1*1,16,DL35C,迈克,收货,上架
TVEs42SFWh,白色 品牌32 42英寸 电视机（超级全高清）,电视机,品牌32,42英寸,超级全高清,白色,8*1*1,8,BX78G,亚历克斯,收货,上架
GaAEMLeGr,灰色 品牌05 中号 游戏椅（皮革）,游戏椅,品牌05,中号,皮革,灰色,16*1*1,16,BS59C,亚历克斯,收货,上架
DrQE90FiBe,米色 品牌01 900 抽屉柜（文件收纳）,抽屉柜,品牌01,900,文件收纳,米色,8*1*1,8,DX05F,莎拉,收货,上架
TVGL50S4Bl,黑色 品牌31 50英寸 电视机（超级超高清）,电视机,品牌31,50英寸,超级超高清,黑色,8*1*1,8,BH82D,大卫,收货,上架
GaXESAdGr,灰色 品牌06 小号 游戏椅（可调节）,游戏椅,品牌06,小号,可调节,灰色,16*1*1,16,CU57E,克里斯,收货,上架
TVGn65SFSi,银色 品牌30 65英寸 电视机（超级全高清）,电视机,品牌30,65英寸,超级全高清,银色,8*1*1,8,DK32H,艾米,收货,上架
TaTR15WoSi,银色 品牌29 1500 桌子（工作站）,桌子,品牌29,1500,工作站,银色,8*1*1,8,BH72C,艾米丽,收货,上架
LaPH148GSi,银色 品牌12 14英寸 笔记本电脑（8吉字节内存）,笔记本电脑,品牌12,14英寸,8吉字节内存,银色,16*1*1,16,DH05B,简,收货,上架
KeSu27ErPi,粉色 品牌11 270 键盘（人体工学）,键盘,品牌11,270,人体工学,粉色,16*10*1,160,DT07C,莎拉,收货,上架
NoMuA3doWh,白色 品牌19 三号纸 笔记本（点阵）,笔记本,品牌19,三号纸,点阵,白色,48*10*5,2400,AX19B,迈克,收货,上架
PeGi24HePi,粉色 品牌21 24 铅笔（六角形）,铅笔,品牌21,24,六角形,粉色,48*10*5,2400,BL96A,迈克,收货,上架
MoPH35MeNa,藏青色 品牌12 350 鼠标（机械式）,鼠标,品牌12,350,机械式,藏青色,16*10*1,160,DJ54B,克里斯,收货,上架
KeRe35MeNa,藏青色 品牌10 350 键盘（机械式）,键盘,品牌10,350,机械式,藏青色,16*10*1,160,AI87F,克里斯,收货,上架
AlOv178GWh,白色 品牌13 17英寸 一体机（8吉字节内存）,一体机,品牌13,17英寸,8吉字节内存,白色,16*1*1,16,BR09H,大卫,收货,上架
LaOv1416Wh,白色 品牌13 14英寸 笔记本电脑（16吉字节内存）,笔记本电脑,品牌13,14英寸,16吉字节内存,白色,16*1*1,16,AN68B,艾米丽,收货,上架
PrReA4WiBl,黑色 品牌24 四号纸 打印机（无线网络）,打印机,品牌24,四号纸,无线网络,黑色,16*1*1,16,CU30E,劳拉,收货,上架
TaTR18WoWh,白色 品牌28 1800 桌子（工作站）,桌子,品牌28,1800,工作站,白色,8*1*1,8,CV07F,简,收货,上架
LaYn1432Wh,白色 品牌15 14英寸 笔记本电脑（32吉字节内存）,笔记本电脑,品牌15,14英寸,32吉字节内存,白色,16*1*1,16,CY41F,劳拉,收货,上架
TaCI15FrWh,白色 品牌27 1500 桌子（框架式）,桌子,品牌27,1500,框架式,白色,8*1*1,8,DI01C,约翰,收货,上架
TVEs75FHBl,黑色 品牌32 75英寸 电视机（全高清）,电视机,品牌32,75英寸,全高清,黑色,8*1*1,8,BY02C,简,收货,上架
AlRe1416Bl,黑色 品牌14 14英寸 一体机（16吉字节内存）,一体机,品牌14,14英寸,16吉字节内存,黑色,16*1*1,16,CX22E,莎拉,收货,上架
AlRe15i5Wh,白色 品牌14 15英寸 一体机（第5代处理器）,一体机,品牌14,15英寸,第5代处理器,白色,16*1*1,16,CO21G,简,收货,上架
TaAE10AdGr,灰色 品牌05 1000 桌子（可调节）,桌子,品牌05,1000,可调节,灰色,8*1*1,8,AG80A,约翰,收货,上架
MoHc27MeWh,白色 品牌09 270 鼠标（机械式）,鼠标,品牌09,270,机械式,白色,16*10*1,160,BR43E,迈克,收货,上架
TVGn65SFSi,银色 品牌30 65英寸 电视机（超级全高清）,电视机,品牌30,65英寸,超级全高清,银色,8*1*1,8,CS91A,约翰,收货,上架
PeGi50HeBl,黑色 品牌21 50 铅笔（六角形）,铅笔,品牌21,50,六角形,黑色,48*10*5,2400,DS61D,亚历克斯,收货,上架
AlPH14i7Si,银色 品牌12 14英寸 一体机（第7代处理器）,一体机,品牌12,14英寸,第7代处理器,银色,16*1*1,16,AK05G,简,收货,上架
GaXEMHePi,粉色 品牌06 中号 游戏椅（头枕）,游戏椅,品牌06,中号,头枕,粉色,16*1*1,16,DM71D,简,收货,上架
GaXEMErBl,黑色 品牌06 中号 游戏椅（人体工学）,游戏椅,品牌06,中号,人体工学,黑色,16*1*1,16,BZ36C,亚历克斯,收货,上架
GaAEMAdWh,白色 品牌05 中号 游戏椅（可调节）,游戏椅,品牌05,中号,可调节,白色,16*1*1,16,BH32A,亚历克斯,收货,上架
TaTR10FrGr,灰色 品牌28 1000 桌子（框架式）,桌子,品牌28,1000,框架式,灰色,8*1*1,8,BP83A,迈克,收货,上架
CuRG90FiGr,灰色 品牌03 900 储物柜（文件收纳）,储物柜,品牌03,900,文件收纳,灰色,8*1*1,8,BI40D,艾米丽,收货,上架
CaTE12SlBl,黑色 品牌04 1200 文件柜（滑动式）,文件柜,品牌04,1200,滑动式,黑色,8*1*1,8,BG72G,莎拉,收货,上架
AlSu14i5Wh,白色 品牌11 14英寸 一体机（第5代处理器）,一体机,品牌11,14英寸,第5代处理器,白色,16*1*1,16,DR04A,大卫,收货,上架
SPGi50SoGr,灰色 品牌21 50 触控笔（可溶性）,触控笔,品牌21,50,可溶性,灰色,48*10*5,2400,BV06C,大卫,收货,上架
PrNoA2InBl,黑色 品牌26 二号纸 打印机（喷墨）,打印机,品牌26,二号纸,喷墨,黑色,16*1*1,16,DQ52D,大卫,收货,上架
CuQE12LoBe,米色 品牌01 1200 储物柜（储物锁柜）,储物柜,品牌01,1200,储物锁柜,米色,8*1*1,8,BL36C,克里斯,收货,上架
AlYn158GSi,银色 品牌15 15英寸 一体机（8吉字节内存）,一体机,品牌15,15英寸,8吉字节内存,银色,16*1*1,16,BY19C,艾米丽,收货,上架
AlSu148GBl,黑色 品牌11 14英寸 一体机（8吉字节内存）,一体机,品牌11,14英寸,8吉字节内存,黑色,16*1*1,16,DM69B,约翰,收货,上架
CuTE90SlGr,灰色 品牌04 900 储物柜（滑动式）,储物柜,品牌04,900,滑动式,灰色,8*1*1,8,BP22F,亚历克斯,收货,上架
TaTR10AdWh,白色 品牌28 1000 桌子（可调节）,桌子,品牌28,1000,可调节,白色,8*1*1,8,CI42F,莎拉,收货,上架
GaOGLAdGr,灰色 品牌07 大号 游戏椅（可调节）,游戏椅,品牌07,大号,可调节,灰色,16*1*1,16,BT07C,迈克,收货,上架
KeHc35WiBl,黑色 品牌09 350 键盘（有线）,键盘,品牌09,350,有线,黑色,16*10*1,160,AW17A,莎拉,收货,上架
LaPH15i7Si,银色 品牌12 15英寸 笔记本电脑（第7代处理器）,笔记本电脑,品牌12,15英寸,第7代处理器,银色,16*1*1,16,CI57E,艾米丽,收货,上架
CuTE90LoWh,白色 品牌04 900 储物柜（储物锁柜）,储物柜,品牌04,900,储物锁柜,白色,8*1*1,8,CG57G,艾米,收货,上架
CaQE12FiBl,黑色 品牌01 1200 文件柜（文件收纳）,文件柜,品牌01,1200,文件收纳,黑色,8*1*1,8,CS51E,克里斯,收货,上架
TaTR10AdSi,银色 品牌28 1000 桌子（可调节）,桌子,品牌28,1000,可调节,银色,8*1*1,8,CM73H,大卫,收货,上架
OfAEMLePi,粉色 品牌05 中号 办公椅（皮革）,办公椅,品牌05,中号,皮革,粉色,16*1*1,16,CX66C,迈克,收货,上架
CaTE90LoBl,黑色 品牌04 900 文件柜（储物锁柜）,文件柜,品牌04,900,储物锁柜,黑色,8*1*1,8,AI10E,克里斯,收货,上架
NoMuA5liBl,黑色 品牌19 五号纸 笔记本（线条）,笔记本,品牌19,五号纸,线条,黑色,48*10*5,2400,BL37A,简,收货,上架
LaSu1732Wh,白色 品牌11 17英寸 笔记本电脑（32吉字节内存）,笔记本电脑,品牌11,17英寸,32吉字节内存,白色,16*1*1,16,AO25B,迈克,收货,上架
TVGn75SFSi,银色 品牌30 75英寸 电视机（超级全高清）,电视机,品牌30,75英寸,超级全高清,银色,8*1*1,8,DW79F,克里斯,收货,上架
DrTE90LoBl,黑色 品牌04 900 抽屉柜（储物锁柜）,抽屉柜,品牌04,900,储物锁柜,黑色,8*1*1,8,BY90F,简,收货,上架
TaTR15FrWh,白色 品牌28 1500 桌子（框架式）,桌子,品牌28,1500,框架式,白色,8*1*1,8,DI52H,艾米,收货,上架
CaQE12LoWh,白色 品牌01 1200 文件柜（储物锁柜）,文件柜,品牌01,1200,储物锁柜,白色,8*1*1,8,CH89A,艾米丽,收货,上架
MoSu35BlPi,粉色 品牌11 350 鼠标（蓝牙）,鼠标,品牌11,350,蓝牙,粉色,16*10*1,160,BR62E,迈克,收货,上架
NoExA4doBl,黑色 品牌16 四号纸 笔记本（点阵）,笔记本,品牌16,四号纸,点阵,黑色,48*10*5,2400,AK10E,亚历克斯,收货,上架
MoHc45ErWh,白色 品牌09 450 鼠标（人体工学）,鼠标,品牌09,450,人体工学,白色,16*10*1,160,DO50E,艾米,收货,上架
PeAl12SoPi,粉色 品牌20 12 铅笔（可溶性）,铅笔,品牌20,12,可溶性,粉色,48*10*5,2400,BT77E,劳拉,收货,上架
TVYn424KSi,银色 品牌15 42英寸 电视机（超高清）,电视机,品牌15,42英寸,超高清,银色,8*1*1,8,AJ59F,艾米丽,收货,上架
AlYn1716Gr,灰色 品牌15 17英寸 一体机（16吉字节内存）,一体机,品牌15,17英寸,16吉字节内存,灰色,16*1*1,16,DY63F,克里斯,收货,上架
MoPH45BlNa,藏青色 品牌12 450 鼠标（蓝牙）,鼠标,品牌12,450,蓝牙,藏青色,16*10*1,160,AJ58G,克里斯,收货,上架
NoGrA3ruSi,银色 品牌18 三号纸 笔记本（横线）,笔记本,品牌18,三号纸,横线,银色,48*10*5,2400,DN64H,约翰,收货,上架
AlRe14i7Wh,白色 品牌14 14英寸 一体机（第7代处理器）,一体机,品牌14,14英寸,第7代处理器,白色,16*1*1,16,BH74F,大卫,收货,上架
TaTR10AdWh,白色 品牌29 1000 桌子（可调节）,桌子,品牌29,1000,可调节,白色,8*1*1,8,AG28D,克里斯,收货,上架
TVGn42S4Bl,黑色 品牌30 42英寸 电视机（超级超高清）,电视机,品牌30,42英寸,超级超高清,黑色,8*1*1,8,BH51C,克里斯,收货,上架
OfOGLHePi,粉色 品牌07 大号 办公椅（头枕）,办公椅,品牌07,大号,头枕,粉色,16*1*1,16,BR83B,迈克,收货,上架
TVYn75S4Bl,黑色 品牌15 75英寸 电视机（超级超高清）,电视机,品牌15,75英寸,超级超高清,黑色,8*1*1,8,CF58H,迈克,收货,上架
TVYn424KWh,白色 品牌15 42英寸 电视机（超高清）,电视机,品牌15,42英寸,超高清,白色,8*1*1,8,AT59B,亚历克斯,收货,上架
TVGn65SFBl,黑色 品牌30 65英寸 电视机（超级全高清）,电视机,品牌30,65英寸,超级全高清,黑色,8*1*1,8,DQ18C,简,收货,上架
TaAE10AdGr,灰色 品牌05 1000 桌子（可调节）,桌子,品牌05,1000,可调节,灰色,8*1*1,8,DU80H,迈克,收货,上架
SPAl50HeGr,灰色 品牌20 50 触控笔（六角形）,触控笔,品牌20,50,六角形,灰色,48*10*5,2400,AT53A,劳拉,收货,上架
TVGL32SFGr,灰色 品牌31 32英寸 电视机（超级全高清）,电视机,品牌31,32英寸,超级全高清,灰色,8*1*1,8,BR06H,艾米,收货,上架
GaAEMLeGr,灰色 品牌05 中号 游戏椅（皮革）,游戏椅,品牌05,中号,皮革,灰色,16*1*1,16,AV77B,克里斯,收货,上架
OfOGMHeGr,灰色 品牌07 中号 办公椅（头枕）,办公椅,品牌07,中号,头枕,灰色,16*1*1,16,CL85E,艾米,收货,上架
CaQE90LoBe,米色 品牌01 900 文件柜（储物锁柜）,文件柜,品牌01,900,储物锁柜,米色,8*1*1,8,AJ31D,艾米,收货,上架
NoMuA3ruBl,黑色 品牌19 三号纸 笔记本（横线）,笔记本,品牌19,三号纸,横线,黑色,48*10*5,2400,CS82F,艾米,收货,上架
SPRe12HeBl,黑色 品牌22 12 触控笔（六角形）,触控笔,品牌22,12,六角形,黑色,48*10*5,2400,CV86F,艾米,收货,上架
TVGL42FHGr,灰色 品牌31 42英寸 电视机（全高清）,电视机,品牌31,42英寸,全高清,灰色,8*1*1,8,DY12G,艾米,收货,上架
TVYn50FHSi,银色 品牌15 50英寸 电视机（全高清）,电视机,品牌15,50英寸,全高清,银色,8*1*1,8,AU58E,艾米,收货,上架
PrPHA3AlGr,灰色 品牌12 三号纸 打印机（一体式）,打印机,品牌12,三号纸,一体式,灰色,16*1*1,16,BI14D,艾米丽,收货,上架
AlYn17i7Bl,黑色 品牌15 17英寸 一体机（第7代处理器）,一体机,品牌15,17英寸,第7代处理器,黑色,16*1*1,16,AH69G,艾米,收货,上架
PrReA2MoGr,灰色 品牌24 二号纸 打印机（黑白）,打印机,品牌24,二号纸,黑白,灰色,16*1*1,16,DO77C,莎拉,收货,上架
CaRG18SlWh,白色 品牌03 1800 文件柜（滑动式）,文件柜,品牌03,1800,滑动式,白色,8*1*1,8,DO64C,克里斯,收货,上架
PeRe50WaBl,黑色 品牌22 50 铅笔（水彩）,铅笔,品牌22,50,水彩,黑色,48*10*5,2400,CO87H,艾米丽,收货,上架
LaPH1732Si,银色 品牌12 17英寸 笔记本电脑（32吉字节内存）,笔记本电脑,品牌12,17英寸,32吉字节内存,银色,16*1*1,16,DX50A,克里斯,收货,上架
TVYn32FHWh,白色 品牌15 32英寸 电视机（全高清）,电视机,品牌15,32英寸,全高清,白色,8*1*1,8,BK26D,大卫,收货,上架
AlYn158GWh,白色 品牌15 15英寸 一体机（8吉字节内存）,一体机,品牌15,15英寸,8吉字节内存,白色,16*1*1,16,BJ76D,克里斯,收货,上架
CuQE18SlBl,黑色 品牌01 1800 储物柜（滑动式）,储物柜,品牌01,1800,滑动式,黑色,8*1*1,8,CS41G,亚历克斯,收货,上架
DrQE90LoBl,黑色 品牌01 900 抽屉柜（储物锁柜）,抽屉柜,品牌01,900,储物锁柜,黑色,8*1*1,8,AT76E,迈克,收货,上架
GaOGSAdGr,灰色 品牌07 小号 游戏椅（可调节）,游戏椅,品牌07,小号,可调节,灰色,16*1*1,16,BI66A,艾米丽,收货,上架
TVEs32FHGr,灰色 品牌32 32英寸 电视机（全高清）,电视机,品牌32,32英寸,全高清,灰色,8*1*1,8,DY40E,劳拉,收货,上架
PeRe24WaGr,灰色 品牌22 24 铅笔（水彩）,铅笔,品牌22,24,水彩,灰色,48*10*5,2400,BS72B,约翰,收货,上架
MoHc27MeBl,黑色 品牌09 270 鼠标（机械式）,鼠标,品牌09,270,机械式,黑色,16*10*1,160,CS95E,迈克,收货,上架
PeAl12WaWh,白色 品牌20 12 铅笔（水彩）,铅笔,品牌20,12,水彩,白色,48*10*5,2400,AU85C,劳拉,收货,上架
TVYn654KBl,黑色 品牌15 65英寸 电视机（超高清）,电视机,品牌15,65英寸,超高清,黑色,8*1*1,8,BF68D,艾米,收货,上架
LaYn1716Gr,灰色 品牌15 17英寸 笔记本电脑（16吉字节内存）,笔记本电脑,品牌15,17英寸,16吉字节内存,灰色,16*1*1,16,AQ61B,艾米丽,收货,上架
AlOv148GSi,银色 品牌13 14英寸 一体机（8吉字节内存）,一体机,品牌13,14英寸,8吉字节内存,银色,16*1*1,16,CJ27H,艾米,收货,上架
OfAELAdBl,黑色 品牌05 大号 办公椅（可调节）,办公椅,品牌05,大号,可调节,黑色,16*1*1,16,AO91D,迈克,收货,上架
PeAl50WaPi,粉色 品牌20 50 铅笔（水彩）,铅笔,品牌20,50,水彩,粉色,48*10*5,2400,DF55A,大卫,收货,上架
DrRG12FiBe,米色 品牌03 1200 抽屉柜（文件收纳）,抽屉柜,品牌03,1200,文件收纳,米色,8*1*1,8,AM72E,克里斯,收货,上架
SPNa50HePi,粉色 品牌23 50 触控笔（六角形）,触控笔,品牌23,50,六角形,粉色,48*10*5,2400,CG85H,艾米,收货,上架
SPAl50SoBl,黑色 品牌20 50 触控笔（可溶性）,触控笔,品牌20,50,可溶性,黑色,48*10*5,2400,DV53F,艾米丽,收货,上架
PrPHA4MoBl,黑色 品牌12 四号纸 打印机（黑白）,打印机,品牌12,四号纸,黑白,黑色,16*1*1,16,BY15A,克里斯,收货,上架
TaCI18FrWh,白色 品牌27 1800 桌子（框架式）,桌子,品牌27,1800,框架式,白色,8*1*1,8,BF48B,亚历克斯,收货,上架
DrTE12LoWh,白色 品牌04 1200 抽屉柜（储物锁柜）,抽屉柜,品牌04,1200,储物锁柜,白色,8*1*1,8,BN19B,亚历克斯,收货,上架
PrNoA4InMi,混合色 品牌26 四号纸 打印机（喷墨）,打印机,品牌26,四号纸,喷墨,混合色,16*1*1,16,DK33G,约翰,收货,上架
AlPH1716Wh,白色 品牌12 17英寸 一体机（16吉字节内存）,一体机,品牌12,17英寸,16吉字节内存,白色,16*1*1,16,BL89G,约翰,收货,上架
PrReA3WiGr,灰色 品牌24 三号纸 打印机（无线网络）,打印机,品牌24,三号纸,无线网络,灰色,16*1*1,16,DL98F,劳拉,收货,上架
LaOv1432Si,银色 品牌13 14英寸 笔记本电脑（32吉字节内存）,笔记本电脑,品牌13,14英寸,32吉字节内存,银色,16*1*1,16,CG28C,劳拉,收货,上架
KeHc27WiBl,黑色 品牌09 270 键盘（有线）,键盘,品牌09,270,有线,黑色,16*10*1,160,CS03H,莎拉,收货,上架
PrReA3LaWh,白色 品牌24 三号纸 打印机（激光）,打印机,品牌24,三号纸,激光,白色,16*1*1,16,CV16F,大卫,收货,上架
KeHc45ErPi,粉色 品牌09 450 键盘（人体工学）,键盘,品牌09,450,人体工学,粉色,16*10*1,160,BU98F,大卫,收货,上架
PrNoA3InWh,白色 品牌26 三号纸 打印机（喷墨）,打印机,品牌26,三号纸,喷墨,白色,16*1*1,16,AY43F,克里斯,收货,上架
TaTR18WoBl,黑色 品牌29 1800 桌子（工作站）,桌子,品牌29,1800,工作站,黑色,8*1*1,8,CF43C,艾米,收货,上架
GaSESAdPi,粉色 品牌08 小号 游戏椅（可调节）,游戏椅,品牌08,小号,可调节,粉色,16*1*1,16,CS79C,简,收货,上架
MoSu45ErNa,藏青色 品牌11 450 鼠标（人体工学）,鼠标,品牌11,450,人体工学,藏青色,16*10*1,160,BJ97C,莎拉,收货,上架
PrSoA2MoBl,黑色 品牌25 二号纸 打印机（黑白）,打印机,品牌25,二号纸,黑白,黑色,16*1*1,16,AH72G,莎拉,收货,上架
GaAESAdGr,灰色 品牌05 小号 游戏椅（可调节）,游戏椅,品牌05,小号,可调节,灰色,16*1*1,16,BX98E,艾米丽,收货,上架
GaOGLLeBl,黑色 品牌07 大号 游戏椅（皮革）,游戏椅,品牌07,大号,皮革,黑色,16*1*1,16,BY85A,莎拉,收货,上架
AlYn1432Si,银色 品牌15 14英寸 一体机（32吉字节内存）,一体机,品牌15,14英寸,32吉字节内存,银色,16*1*1,16,CM04A,大卫,收货,上架
KeRe27WiBl,黑色 品牌10 270 键盘（有线）,键盘,品牌10,270,有线,黑色,16*10*1,160,BM91F,亚历克斯,收货,上架
AlYn17i7Gr,灰色 品牌15 17英寸 一体机（第7代处理器）,一体机,品牌15,17英寸,第7代处理器,灰色,16*1*1,16,AF45H,艾米,收货,上架
DrRG12DoBe,米色 品牌03 1200 抽屉柜（带门式）,抽屉柜,品牌03,1200,带门式,米色,8*1*1,8,CU48B,劳拉,收货,上架
GaOGSLePi,粉色 品牌07 小号 游戏椅（皮革）,游戏椅,品牌07,小号,皮革,粉色,16*1*1,16,CX74E,约翰,收货,上架
TVGn754KSi,银色 品牌30 75英寸 电视机（超高清）,电视机,品牌30,75英寸,超高清,银色,8*1*1,8,DV24H,劳拉,收货,上架
OfXELHeBl,黑色 品牌06 大号 办公椅（头枕）,办公椅,品牌06,大号,头枕,黑色,16*1*1,16,DU18D,莎拉,收货,上架
PrSoA2MoBl,黑色 品牌25 二号纸 打印机（黑白）,打印机,品牌25,二号纸,黑白,黑色,16*1*1,16,BQ65B,艾米丽,收货,上架
MoRe45ErNa,藏青色 品牌10 450 鼠标（人体工学）,鼠标,品牌10,450,人体工学,藏青色,16*10*1,160,AM11H,简,收货,上架
LaOv1716Bl,黑色 品牌13 17英寸 笔记本电脑（16吉字节内存）,笔记本电脑,品牌13,17英寸,16吉字节内存,黑色,16*1*1,16,AJ90G,约翰,收货,上架
DrRG90DoBl,黑色 品牌03 900 抽屉柜（带门式）,抽屉柜,品牌03,900,带门式,黑色,8*1*1,8,DO94H,克里斯,收货,上架
TVYn65S4Si,银色 品牌15 65英寸 电视机（超级超高清）,电视机,品牌15,65英寸,超级超高清,银色,8*1*1,8,DM32G,约翰,收货,上架
DrRG12DoBl,黑色 品牌03 1200 抽屉柜（带门式）,抽屉柜,品牌03,1200,带门式,黑色,8*1*1,8,DO58H,莎拉,收货,上架
KePH35ErPi,粉色 品牌12 350 键盘（人体工学）,键盘,品牌12,350,人体工学,粉色,16*10*1,160,DZ95H,简,收货,上架
TaCI10WoBl,黑色 品牌27 1000 桌子（工作站）,桌子,品牌27,1000,工作站,黑色,8*1*1,8,DY49A,艾米,收货,上架
PrNoA4MoBl,黑色 品牌26 四号纸 打印机（黑白）,打印机,品牌26,四号纸,黑白,黑色,16*1*1,16,BN10D,莎拉,收货,上架
LaRe14i5Si,银色 品牌14 14英寸 笔记本电脑（第5代处理器）,笔记本电脑,品牌14,14英寸,第5代处理器,银色,16*1*1,16,AU71D,迈克,收货,上架
PrNoA2LaBl,黑色 品牌26 二号纸 打印机（激光）,打印机,品牌26,二号纸,激光,黑色,16*1*1,16,CP07D,大卫,收货,上架
TVYn50SFGr,灰色 品牌15 50英寸 电视机（超级全高清）,电视机,品牌15,50英寸,超级全高清,灰色,8*1*1,8,AH01F,约翰,收货,上架
NoGrA3ruWh,白色 品牌18 三号纸 笔记本（横线）,笔记本,品牌18,三号纸,横线,白色,48*10*5,2400,DG55H,约翰,收货,上架
NoMuA4doGr,灰色 品牌19 四号纸 笔记本（点阵）,笔记本,品牌19,四号纸,点阵,灰色,48*10*5,2400,CN11E,劳拉,收货,上架
OfXELHeBl,黑色 品牌06 大号 办公椅（头枕）,办公椅,品牌06,大号,头枕,黑色,16*1*1,16,BG03E,大卫,收货,上架
LaRe158GWh,白色 品牌14 15英寸 笔记本电脑（8吉字节内存）,笔记本电脑,品牌14,15英寸,8吉字节内存,白色,16*1*1,16,AM50F,大卫,收货,上架
LaPH17i5Si,银色 品牌12 17英寸 笔记本电脑（第5代处理器）,笔记本电脑,品牌12,17英寸,第5代处理器,银色,16*1*1,16,AZ64H,迈克,收货,上架
CaQE90FiWh,白色 品牌01 900 文件柜（文件收纳）,文件柜,品牌01,900,文件收纳,白色,8*1*1,8,CO17E,克里斯,收货,上架
CuQE90LoBl,黑色 品牌01 900 储物柜（储物锁柜）,储物柜,品牌01,900,储物锁柜,黑色,8*1*1,8,CR45A,迈克,收货,上架
TVGL754KGr,灰色 品牌31 75英寸 电视机（超高清）,电视机,品牌31,75英寸,超高清,灰色,8*1*1,8,DJ18H,大卫,收货,上架
SPNa24SoGr,灰色 品牌23 24 触控笔（可溶性）,触控笔,品牌23,24,可溶性,灰色,48*10*5,2400,BR07A,大卫,收货,上架
LaPH17i5Wh,白色 品牌12 17英寸 笔记本电脑（第5代处理器）,笔记本电脑,品牌12,17英寸,第5代处理器,白色,16*1*1,16,CL80E,艾米丽,收货,上架
AlPH158GGr,灰色 品牌12 15英寸 一体机（8吉字节内存）,一体机,品牌12,15英寸,8吉字节内存,灰色,16*1*1,16,AS31B,劳拉,收货,上架
LaPH17i7Si,银色 品牌12 17英寸 笔记本电脑（第7代处理器）,笔记本电脑,品牌12,17英寸,第7代处理器,银色,16*1*1,16,CT79H,简,收货,上架
NoMuA4liSi,银色 品牌19 四号纸 笔记本（线条）,笔记本,品牌19,四号纸,线条,银色,48*10*5,2400,CJ56B,劳拉,收货,上架
AlYn1432Gr,灰色 品牌15 14英寸 一体机（32吉字节内存）,一体机,品牌15,14英寸,32吉字节内存,灰色,16*1*1,16,CQ59A,艾米,收货,上架
AlRe15i7Wh,白色 品牌14 15英寸 一体机（第7代处理器）,一体机,品牌14,15英寸,第7代处理器,白色,16*1*1,16,DG65B,简,收货,上架
NoExA5liBl,黑色 品牌16 五号纸 笔记本（线条）,笔记本,品牌16,五号纸,线条,黑色,48*10*5,2400,AI05C,大卫,收货,上架
NoMuA5liSi,银色 品牌19 五号纸 笔记本（线条）,笔记本,品牌19,五号纸,线条,银色,48*10*5,2400,AI67D,迈克,收货,上架
LaYn15i5Gr,灰色 品牌15 15英寸 笔记本电脑（第5代处理器）,笔记本电脑,品牌15,15英寸,第5代处理器,灰色,16*1*1,16,AW10A,亚历克斯,收货,上架
TVEs75FHBl,黑色 品牌32 75英寸 电视机（全高清）,电视机,品牌32,75英寸,全高清,黑色,8*1*1,8,CS08A,迈克,收货,上架
OfXEMAdWh,白色 品牌06 中号 办公椅（可调节）,办公椅,品牌06,中号,可调节,白色,16*1*1,16,AF98H,劳拉,收货,上架
KeSu45MeWh,白色 品牌11 450 键盘（机械式）,键盘,品牌11,450,机械式,白色,16*10*1,160,BL01D,约翰,收货,上架
TaTR18FrWh,白色 品牌29 1800 桌子（框架式）,桌子,品牌29,1800,框架式,白色,8*1*1,8,AV61C,艾米丽,收货,上架
AlOv17i5Wh,白色 品牌13 17英寸 一体机（第5代处理器）,一体机,品牌13,17英寸,第5代处理器,白色,16*1*1,16,DV66B,大卫,收货,上架
LaPH15i7Si,银色 品牌12 15英寸 笔记本电脑（第7代处理器）,笔记本电脑,品牌12,15英寸,第7代处理器,银色,16*1*1,16,CU82B,简,收货,上架
LaPH17i7Bl,黑色 品牌12 17英寸 笔记本电脑（第7代处理器）,笔记本电脑,品牌12,17英寸,第7代处理器,黑色,16*1*1,16,BN39B,克里斯,收货,上架
PrSoA4MoGr,灰色 品牌25 四号纸 打印机（黑白）,打印机,品牌25,四号纸,黑白,灰色,16*1*1,16,BR91B,劳拉,收货,上架
NoGrA3doGr,灰色 品牌18 三号纸 笔记本（点阵）,笔记本,品牌18,三号纸,点阵,灰色,48*10*5,2400,CQ31F,亚历克斯,收货,上架
TVEs42SFGr,灰色 品牌32 42英寸 电视机（超级全高清）,电视机,品牌32,42英寸,超级全高清,灰色,8*1*1,8,CM88E,大卫,收货,上架
DrTE90DoBe,米色 品牌04 900 抽屉柜（带门式）,抽屉柜,品牌04,900,带门式,米色,8*1*1,8,AX29E,亚历克斯,收货,上架
AlPH148GSi,银色 品牌12 14英寸 一体机（8吉字节内存）,一体机,品牌12,14英寸,8吉字节内存,银色,16*1*1,16,BP51H,迈克,收货,上架
OfSESErGr,灰色 品牌08 小号 办公椅（人体工学）,办公椅,品牌08,小号,人体工学,灰色,16*1*1,16,CH38F,约翰,收货,上架
KeRe45BlBl,黑色 品牌10 450 键盘（蓝牙）,键盘,品牌10,450,蓝牙,黑色,16*10*1,160,AT37A,劳拉,收货,上架
GaAELAdGr,灰色 品牌05 大号 游戏椅（可调节）,游戏椅,品牌05,大号,可调节,灰色,16*1*1,16,AF22E,艾米,收货,上架
CuQE12DoGr,灰色 品牌01 1200 储物柜（带门式）,储物柜,品牌01,1200,带门式,灰色,8*1*1,8,CO18E,简,收货,上架
DrTE12FiBe,米色 品牌04 1200 抽屉柜（文件收纳）,抽屉柜,品牌04,1200,文件收纳,米色,8*1*1,8,DX48E,莎拉,收货,上架
PrReA4WiBl,黑色 品牌24 四号纸 打印机（无线网络）,打印机,品牌24,四号纸,无线网络,黑色,16*1*1,16,CO94G,艾米丽,收货,上架
KeHc35WiNa,藏青色 品牌09 350 键盘（有线）,键盘,品牌09,350,有线,藏青色,16*10*1,160,CN68G,迈克,收货,上架
GaOGMLeWh,白色 品牌07 中号 游戏椅（皮革）,游戏椅,品牌07,中号,皮革,白色,16*1*1,16,BX64H,亚历克斯,收货,上架
PeNa12HePi,粉色 品牌23 12 铅笔（六角形）,铅笔,品牌23,12,六角形,粉色,48*10*5,2400,DH16F,亚历克斯,收货,上架
CuWE12DoWh,白色 品牌02 1200 储物柜（带门式）,储物柜,品牌02,1200,带门式,白色,8*1*1,8,BY96A,莎拉,收货,上架
NoMuA4ruWh,白色 品牌19 四号纸 笔记本（横线）,笔记本,品牌19,四号纸,横线,白色,48*10*5,2400,BJ43C,艾米,收货,上架
MoRe35MeBl,黑色 品牌10 350 鼠标（机械式）,鼠标,品牌10,350,机械式,黑色,16*10*1,160,CU36F,大卫,收货,上架
LaOv1432Wh,白色 品牌13 14英寸 笔记本电脑（32吉字节内存）,笔记本电脑,品牌13,14英寸,32吉字节内存,白色,16*1*1,16,DM64F,迈克,收货,上架
LaSu1732Si,银色 品牌11 17英寸 笔记本电脑（32吉字节内存）,笔记本电脑,品牌11,17英寸,32吉字节内存,银色,16*1*1,16,AQ67E,莎拉,收货,上架
NoGrA4doGr,灰色 品牌18 四号纸 笔记本（点阵）,笔记本,品牌18,四号纸,点阵,灰色,48*10*5,2400,BM49G,大卫,收货,上架
AlRe148GSi,银色 品牌14 14英寸 一体机（8吉字节内存）,一体机,品牌14,14英寸,8吉字节内存,银色,16*1*1,16,AJ48C,莎拉,收货,上架
AlOv1532Wh,白色 品牌13 15英寸 一体机（32吉字节内存）,一体机,品牌13,15英寸,32吉字节内存,白色,16*1*1,16,AL69E,大卫,收货,上架
LaSu148GWh,白色 品牌11 14英寸 笔记本电脑（8吉字节内存）,笔记本电脑,品牌11,14英寸,8吉字节内存,白色,16*1*1,16,DG45G,莎拉,收货,上架
MoHc45WiPi,粉色 品牌09 450 鼠标（有线）,鼠标,品牌09,450,有线,粉色,16*10*1,160,AQ62G,莎拉,收货,上架
GaOGSLeBl,黑色 品牌07 小号 游戏椅（皮革）,游戏椅,品牌07,小号,皮革,黑色,16*1*1,16,BP81G,约翰,收货,上架
GaOGSLePi,粉色 品牌07 小号 游戏椅（皮革）,游戏椅,品牌07,小号,皮革,粉色,16*1*1,16,BL57A,大卫,收货,上架
TVGL42FHWh,白色 品牌31 42英寸 电视机（全高清）,电视机,品牌31,42英寸,全高清,白色,8*1*1,8,CN57B,克里斯,收货,上架
MoSu27BlWh,白色 品牌11 270 鼠标（蓝牙）,鼠标,品牌11,270,蓝牙,白色,16*10*1,160,DU46H,迈克,收货,上架
NoScA4ruGr,灰色 品牌17 四号纸 笔记本（横线）,笔记本,品牌17,四号纸,横线,灰色,48*10*5,2400,DL63B,克里斯,收货,上架
SPGi50HeWh,白色 品牌21 50 触控笔（六角形）,触控笔,品牌21,50,六角形,白色,48*10*5,2400,CU49H,艾米,收货,上架
PrPHA3LaMi,混合色 品牌12 三号纸 打印机（激光）,打印机,品牌12,三号纸,激光,混合色,16*1*1,16,DO79A,克里斯,收货,上架
KeSu35MeWh,白色 品牌11 350 键盘（机械式）,键盘,品牌11,350,机械式,白色,16*10*1,160,DT58D,劳拉,收货,上架
LaOv17i5Bl,黑色 品牌13 17英寸 笔记本电脑（第5代处理器）,笔记本电脑,品牌13,17英寸,第5代处理器,黑色,16*1*1,16,AQ52B,简,收货,上架
AlPH158GSi,银色 品牌12 15英寸 一体机（8吉字节内存）,一体机,品牌12,15英寸,8吉字节内存,银色,16*1*1,16,DS74F,大卫,收货,上架
SPRe12SoPi,粉色 品牌22 12 触控笔（可溶性）,触控笔,品牌22,12,可溶性,粉色,48*10*5,2400,CR63H,迈克,收货,上架
DrRG18DoWh,白色 品牌03 1800 抽屉柜（带门式）,抽屉柜,品牌03,1800,带门式,白色,8*1*1,8,AX66A,简,收货,上架
LaYn1532Si,银色 品牌15 15英寸 笔记本电脑（32吉字节内存）,笔记本电脑,品牌15,15英寸,32吉字节内存,银色,16*1*1,16,DS19G,克里斯,收货,上架
AlPH148GSi,银色 品牌12 14英寸 一体机（8吉字节内存）,一体机,品牌12,14英寸,8吉字节内存,银色,16*1*1,16,BX80E,迈克,收货,上架
LaYn1416Wh,白色 品牌15 14英寸 笔记本电脑（16吉字节内存）,笔记本电脑,品牌15,14英寸,16吉字节内存,白色,16*1*1,16,AK85H,迈克,收货,上架
TVGL32S4Gr,灰色 品牌31 32英寸 电视机（超级超高清）,电视机,品牌31,32英寸,超级超高清,灰色,8*1*1,8,BW79D,艾米,收货,上架
TaTR10FrGr,灰色 品牌29 1000 桌子（框架式）,桌子,品牌29,1000,框架式,灰色,8*1*1,8,CV63F,大卫,收货,上架
CaTE12FiWh,白色 品牌04 1200 文件柜（文件收纳）,文件柜,品牌04,1200,文件收纳,白色,8*1*1,8,BP06G,约翰,收货,上架
AlRe15i5Wh,白色 品牌14 15英寸 一体机（第5代处理器）,一体机,品牌14,15英寸,第5代处理器,白色,16*1*1,16,AR66D,简,收货,上架
PrSoA3LaWh,白色 品牌25 三号纸 打印机（激光）,打印机,品牌25,三号纸,激光,白色,16*1*1,16,CU56C,艾米丽,收货,上架
KeHc35ErPi,粉色 品牌09 350 键盘（人体工学）,键盘,品牌09,350,人体工学,粉色,16*10*1,160,BH88E,约翰,收货,上架
GaXEMErPi,粉色 品牌06 中号 游戏椅（人体工学）,游戏椅,品牌06,中号,人体工学,粉色,16*1*1,16,BO10C,迈克,收货,上架
PrSoA4LaBl,黑色 品牌25 四号纸 打印机（激光）,打印机,品牌25,四号纸,激光,黑色,16*1*1,16,AW61H,简,收货,上架
SPNa12HePi,粉色 品牌23 12 触控笔（六角形）,触控笔,品牌23,12,六角形,粉色,48*10*5,2400,CK10H,大卫,收货,上架
TaCI10FrGr,灰色 品牌27 1000 桌子（框架式）,桌子,品牌27,1000,框架式,灰色,8*1*1,8,BS05F,约翰,收货,上架
PrNoA4LaMi,混合色 品牌26 四号纸 打印机（激光）,打印机,品牌26,四号纸,激光,混合色,16*1*1,16,DS72C,劳拉,收货,上架
PrPHA4InMi,混合色 品牌12 四号纸 打印机（喷墨）,打印机,品牌12,四号纸,喷墨,混合色,16*1*1,16,CK54B,简,收货,上架
AlSu1532Wh,白色 品牌11 15英寸 一体机（32吉字节内存）,一体机,品牌11,15英寸,32吉字节内存,白色,16*1*1,16,CU62C,大卫,收货,上架
NoScA4ruWh,白色 品牌17 四号纸 笔记本（横线）,笔记本,品牌17,四号纸,横线,白色,48*10*5,2400,CF95D,劳拉,收货,上架
AlYn178GBl,黑色 品牌15 17英寸 一体机（8吉字节内存）,一体机,品牌15,17英寸,8吉字节内存,黑色,16*1*1,16,AQ73B,大卫,收货,上架
GaOGSErWh,白色 品牌07 小号 游戏椅（人体工学）,游戏椅,品牌07,小号,人体工学,白色,16*1*1,16,DK28C,莎拉,收货,上架
TVEs50SFSi,银色 品牌32 50英寸 电视机（超级全高清）,电视机,品牌32,50英寸,超级全高清,银色,8*1*1,8,AW14B,莎拉,收货,上架
AlYn14i7Bl,黑色 品牌15 14英寸 一体机（第7代处理器）,一体机,品牌15,14英寸,第7代处理器,黑色,16*1*1,16,CF53G,约翰,收货,上架
CaQE12FiBe,米色 品牌01 1200 文件柜（文件收纳）,文件柜,品牌01,1200,文件收纳,米色,8*1*1,8,BZ48D,莎拉,收货,上架
PrReA3LaWh,白色 品牌24 三号纸 打印机（激光）,打印机,品牌24,三号纸,激光,白色,16*1*1,16,AV28A,劳拉,收货,上架
DrTE90FiBe,米色 品牌04 900 抽屉柜（文件收纳）,抽屉柜,品牌04,900,文件收纳,米色,8*1*1,8,AT71E,简,收货,上架
PrReA3LaBl,黑色 品牌24 三号纸 打印机（激光）,打印机,品牌24,三号纸,激光,黑色,16*1*1,16,AO96A,劳拉,收货,上架
AlYn17i7Gr,灰色 品牌15 17英寸 一体机（第7代处理器）,一体机,品牌15,17英寸,第7代处理器,灰色,16*1*1,16,DG52D,克里斯,收货,上架
CaQE18FiBl,黑色 品牌01 1800 文件柜（文件收纳）,文件柜,品牌01,1800,文件收纳,黑色,8*1*1,8,CT49F,劳拉,收货,上架
DrRG12FiBe,米色 品牌03 1200 抽屉柜（文件收纳）,抽屉柜,品牌03,1200,文件收纳,米色,8*1*1,8,AI67B,艾米,收货,上架
CuRG90DoBe,米色 品牌03 900 储物柜（带门式）,储物柜,品牌03,900,带门式,米色,8*1*1,8,AO56D,艾米,收货,上架
CaTE12DoBe,米色 品牌04 1200 文件柜（带门式）,文件柜,品牌04,1200,带门式,米色,8*1*1,8,CL94B,克里斯,收货,上架
KeHc27BlWh,白色 品牌09 270 键盘（蓝牙）,键盘,品牌09,270,蓝牙,白色,16*10*1,160,CK25E,大卫,收货,上架
AlRe1732Bl,黑色 品牌14 17英寸 一体机（32吉字节内存）,一体机,品牌14,17英寸,32吉字节内存,黑色,16*1*1,16,AN55F,艾米,收货,上架
TVGn75SFWh,白色 品牌30 75英寸 电视机（超级全高清）,电视机,品牌30,75英寸,超级全高清,白色,8*1*1,8,BF55A,莎拉,收货,上架
GaOGSHePi,粉色 品牌07 小号 游戏椅（头枕）,游戏椅,品牌07,小号,头枕,粉色,16*1*1,16,BS11G,克里斯,收货,上架
MoRe45ErWh,白色 品牌10 450 鼠标（人体工学）,鼠标,品牌10,450,人体工学,白色,16*10*1,160,CZ15A,克里斯,收货,上架
NoMuA5ruGr,灰色 品牌19 五号纸 笔记本（横线）,笔记本,品牌19,五号纸,横线,灰色,48*10*5,2400,DN67F,简,收货,上架
AlYn15i7Bl,黑色 品牌15 15英寸 一体机（第7代处理器）,一体机,品牌15,15英寸,第7代处理器,黑色,16*1*1,16,AG64F,艾米丽,收货,上架
PeGi24HePi,粉色 品牌21 24 铅笔（六角形）,铅笔,品牌21,24,六角形,粉色,48*10*5,2400,AQ94F,迈克,收货,上架
TVEs50S4Si,银色 品牌32 50英寸 电视机（超级超高清）,电视机,品牌32,50英寸,超级超高清,银色,8*1*1,8,DR61F,克里斯,收货,上架
TaCI15AuBl,黑色 品牌27 1500 桌子（自动调节）,桌子,品牌27,1500,自动调节,黑色,8*1*1,8,DK78C,艾米丽,收货,上架
TVGn65FHGr,灰色 品牌30 65英寸 电视机（全高清）,电视机,品牌30,65英寸,全高清,灰色,8*1*1,8,DP71C,莎拉,收货,上架
OfOGSAdPi,粉色 品牌07 小号 办公椅（可调节）,办公椅,品牌07,小号,可调节,粉色,16*1*1,16,CG63G,大卫,收货,上架
AlSu14i5Gr,灰色 品牌11 14英寸 一体机（第5代处理器）,一体机,品牌11,14英寸,第5代处理器,灰色,16*1*1,16,CW97D,约翰,收货,上架
TaTR18FrSi,银色 品牌29 1800 桌子（框架式）,桌子,品牌29,1800,框架式,银色,8*1*1,8,CW81E,艾米丽,收货,上架
GaAESHeBl,黑色 品牌05 小号 游戏椅（头枕）,游戏椅,品牌05,小号,头枕,黑色,16*1*1,16,BU65B,简,收货,上架
NoScA4liWh,白色 品牌17 四号纸 笔记本（线条）,笔记本,品牌17,四号纸,线条,白色,48*10*5,2400,AG53H,莎拉,收货,上架
PeNa24WaPi,粉色 品牌23 24 铅笔（水彩）,铅笔,品牌23,24,水彩,粉色,48*10*5,2400,DI73D,艾米,收货,上架
CaRG18LoBl,黑色 品牌03 1800 文件柜（储物锁柜）,文件柜,品牌03,1800,储物锁柜,黑色,8*1*1,8,AW88C,艾米,收货,上架
TVYn75S4Bl,黑色 品牌15 75英寸 电视机（超级超高清）,电视机,品牌15,75英寸,超级超高清,黑色,8*1*1,8,BG28H,莎拉,收货,上架
GaAELLeWh,白色 品牌05 大号 游戏椅（皮革）,游戏椅,品牌05,大号,皮革,白色,16*1*1,16,CM92F,劳拉,收货,上架
CuRG90LoBl,黑色 品牌03 900 储物柜（储物锁柜）,储物柜,品牌03,900,储物锁柜,黑色,8*1*1,8,DS63E,莎拉,收货,上架
KePH27BlPi,粉色 品牌12 270 键盘（蓝牙）,键盘,品牌12,270,蓝牙,粉色,16*10*1,160,AY01F,亚历克斯,收货,上架
LaSu1732Wh,白色 品牌11 17英寸 笔记本电脑（32吉字节内存）,笔记本电脑,品牌11,17英寸,32吉字节内存,白色,16*1*1,16,BG98D,迈克,收货,上架
SPGi12SoPi,粉色 品牌21 12 触控笔（可溶性）,触控笔,品牌21,12,可溶性,粉色,48*10*5,2400,CY69H,亚历克斯,收货,上架
MoPH45WiNa,藏青色 品牌12 450 鼠标（有线）,鼠标,品牌12,450,有线,藏青色,16*10*1,160,AW93E,克里斯,收货,上架
AlOv178GSi,银色 品牌13 17英寸 一体机（8吉字节内存）,一体机,品牌13,17英寸,8吉字节内存,银色,16*1*1,16,AK60E,艾米,收货,上架
LaOv1516Bl,黑色 品牌13 15英寸 笔记本电脑（16吉字节内存）,笔记本电脑,品牌13,15英寸,16吉字节内存,黑色,16*1*1,16,BN43B,艾米,收货,上架
LaYn158GGr,灰色 品牌15 15英寸 笔记本电脑（8吉字节内存）,笔记本电脑,品牌15,15英寸,8吉字节内存,灰色,16*1*1,16,AZ47A,迈克,收货,上架
PeNa12SoWh,白色 品牌23 12 铅笔（可溶性）,铅笔,品牌23,12,可溶性,白色,48*10*5,2400,DI02H,简,收货,上架
DrTE12SlBe,米色 品牌04 1200 抽屉柜（滑动式）,抽屉柜,品牌04,1200,滑动式,米色,8*1*1,8,BF07A,劳拉,收货,上架
LaYn1732Si,银色 品牌15 17英寸 笔记本电脑（32吉字节内存）,笔记本电脑,品牌15,17英寸,32吉字节内存,银色,16*1*1,16,AP25G,克里斯,收货,上架
CaWE18FiWh,白色 品牌02 1800 文件柜（文件收纳）,文件柜,品牌02,1800,文件收纳,白色,8*1*1,8,CH70H,约翰,收货,上架
NoExA4doBl,黑色 品牌16 四号纸 笔记本（点阵）,笔记本,品牌16,四号纸,点阵,黑色,48*10*5,2400,AZ50C,克里斯,收货,上架
AlPH17i5Wh,白色 品牌12 17英寸 一体机（第5代处理器）,一体机,品牌12,17英寸,第5代处理器,白色,16*1*1,16,DH11F,约翰,收货,上架
KeSu27BlBl,黑色 品牌11 270 键盘（蓝牙）,键盘,品牌11,270,蓝牙,黑色,16*10*1,160,DH03F,艾米,收货,上架
GaOGMErGr,灰色 品牌07 中号 游戏椅（人体工学）,游戏椅,品牌07,中号,人体工学,灰色,16*1*1,16,AW07D,莎拉,收货,上架
OfXESAdWh,白色 品牌06 小号 办公椅（可调节）,办公椅,品牌06,小号,可调节,白色,16*1*1,16,AN40E,艾米丽,收货,上架
PrNoA3LaWh,白色 品牌26 三号纸 打印机（激光）,打印机,品牌26,三号纸,激光,白色,16*1*1,16,CT12B,莎拉,收货,上架
NoMuA5ruWh,白色 品牌19 五号纸 笔记本（横线）,笔记本,品牌19,五号纸,横线,白色,48*10*5,2400,DG30E,亚历克斯,收货,上架
LaRe1732Bl,黑色 品牌14 17英寸 笔记本电脑（32吉字节内存）,笔记本电脑,品牌14,17英寸,32吉字节内存,黑色,16*1*1,16,DM56A,莎拉,收货,上架
AlSu158GSi,银色 品牌11 15英寸 一体机（8吉字节内存）,一体机,品牌11,15英寸,8吉字节内存,银色,16*1*1,16,BZ91F,简,收货,上架
TaTR15AdWh,白色 品牌29 1500 桌子（可调节）,桌子,品牌29,1500,可调节,白色,8*1*1,8,DW67B,劳拉,收货,上架
DrRG90SlBe,米色 品牌03 900 抽屉柜（滑动式）,抽屉柜,品牌03,900,滑动式,米色,8*1*1,8,BG38H,劳拉,收货,上架
TVYn324KWh,白色 品牌15 32英寸 电视机（超高清）,电视机,品牌15,32英寸,超高清,白色,8*1*1,8,DR31B,艾米丽,收货,上架
DrWE18SlBe,米色 品牌02 1800 抽屉柜（滑动式）,抽屉柜,品牌02,1800,滑动式,米色,8*1*1,8,CR30H,艾米丽,收货,上架
PrSoA2AlMi,混合色 品牌25 二号纸 打印机（一体式）,打印机,品牌25,二号纸,一体式,混合色,16*1*1,16,CJ48H,约翰,收货,上架
CuQE90LoBl,黑色 品牌01 900 储物柜（储物锁柜）,储物柜,品牌01,900,储物锁柜,黑色,8*1*1,8,AM05F,迈克,收货,上架
CuTE12LoBl,黑色 品牌04 1200 储物柜（储物锁柜）,储物柜,品牌04,1200,储物锁柜,黑色,8*1*1,8,DY47H,莎拉,收货,上架
MoRe35MeWh,白色 品牌10 350 鼠标（机械式）,鼠标,品牌10,350,机械式,白色,16*10*1,160,CF46A,约翰,收货,上架
SPNa12HeGr,灰色 品牌23 12 触控笔（六角形）,触控笔,品牌23,12,六角形,灰色,48*10*5,2400,DP92D,大卫,收货,上架
TVGL75FHSi,银色 品牌31 75英寸 电视机（全高清）,电视机,品牌31,75英寸,全高清,银色,8*1*1,8,CO54A,约翰,收货,上架
TVYn65S4Wh,白色 品牌15 65英寸 电视机（超级超高清）,电视机,品牌15,65英寸,超级超高清,白色,8*1*1,8,CF93C,大卫,收货,上架
GaAESLeGr,灰色 品牌05 小号 游戏椅（皮革）,游戏椅,品牌05,小号,皮革,灰色,16*1*1,16,BQ38F,莎拉,收货,上架
CaQE18FiWh,白色 品牌01 1800 文件柜（文件收纳）,文件柜,品牌01,1800,文件收纳,白色,8*1*1,8,CT91F,克里斯,收货,上架
PrNoA4WiGr,灰色 品牌26 四号纸 打印机（无线网络）,打印机,品牌26,四号纸,无线网络,灰色,16*1*1,16,AH39C,劳拉,收货,上架
PeRe24HePi,粉色 品牌22 24 铅笔（六角形）,铅笔,品牌22,24,六角形,粉色,48*10*5,2400,DY92D,亚历克斯,收货,上架
AlPH15i5Bl,黑色 品牌12 15英寸 一体机（第5代处理器）,一体机,品牌12,15英寸,第5代处理器,黑色,16*1*1,16,BU59D,艾米,收货,上架
KeRe35WiNa,藏青色 品牌10 350 键盘（有线）,键盘,品牌10,350,有线,藏青色,16*10*1,160,BI57D,大卫,收货,上架
TVGn75SFBl,黑色 品牌30 75英寸 电视机（超级全高清）,电视机,品牌30,75英寸,超级全高清,黑色,8*1*1,8,BX82D,艾米丽,收货,上架
SPAl24HeWh,白色 品牌20 24 触控笔（六角形）,触控笔,品牌20,24,六角形,白色,48*10*5,2400,CV94F,艾米丽,收货,上架
LaPH158GGr,灰色 品牌12 15英寸 笔记本电脑（8吉字节内存）,笔记本电脑,品牌12,15英寸,8吉字节内存,灰色,16*1*1,16,AP29G,亚历克斯,收货,上架
MoRe45ErBl,黑色 品牌10 450 鼠标（人体工学）,鼠标,品牌10,450,人体工学,黑色,16*10*1,160,AX36G,莎拉,收货,上架
MoHc45BlWh,白色 品牌09 450 鼠标（蓝牙）,鼠标,品牌09,450,蓝牙,白色,16*10*1,160,BX33B,克里斯,收货,上架
AlYn17i5Si,银色 品牌15 17英寸 一体机（第5代处理器）,一体机,品牌15,17英寸,第5代处理器,银色,16*1*1,16,CK72H,简,收货,上架
LaPH1732Bl,黑色 品牌12 17英寸 笔记本电脑（32吉字节内存）,笔记本电脑,品牌12,17英寸,32吉字节内存,黑色,16*1*1,16,DM27A,劳拉,收货,上架
PrSoA2LaGr,灰色 品牌25 二号纸 打印机（激光）,打印机,品牌25,二号纸,激光,灰色,16*1*1,16,AY58C,大卫,收货,上架
CuQE18LoBl,黑色 品牌01 1800 储物柜（储物锁柜）,储物柜,品牌01,1800,储物锁柜,黑色,8*1*1,8,AU97E,大卫,收货,上架
CaTE18LoGr,灰色 品牌04 1800 文件柜（储物锁柜）,文件柜,品牌04,1800,储物锁柜,灰色,8*1*1,8,CU40F,艾米丽,收货,上架
TaAE10AdBl,黑色 品牌05 1000 桌子（可调节）,桌子,品牌05,1000,可调节,黑色,8*1*1,8,AW78A,劳拉,收货,上架
KePH27BlWh,白色 品牌12 270 键盘（蓝牙）,键盘,品牌12,270,蓝牙,白色,16*10*1,160,BG06C,约翰,收货,上架
PeAl12HePi,粉色 品牌20 12 铅笔（六角形）,铅笔,品牌20,12,六角形,粉色,48*10*5,2400,BL70E,大卫,收货,上架
AlSu178GWh,白色 品牌11 17英寸 一体机（8吉字节内存）,一体机,品牌11,17英寸,8吉字节内存,白色,16*1*1,16,DZ21A,艾米,收货,上架
MoHc45BlPi,粉色 品牌09 450 鼠标（蓝牙）,鼠标,品牌09,450,蓝牙,粉色,16*10*1,160,DK24F,迈克,收货,上架
DrWE12SlBl,黑色 品牌02 1200 抽屉柜（滑动式）,抽屉柜,品牌02,1200,滑动式,黑色,8*1*1,8,AP12A,简,收货,上架
LaSu15i7Si,银色 品牌11 15英寸 笔记本电脑（第7代处理器）,笔记本电脑,品牌11,15英寸,第7代处理器,银色,16*1*1,16,CZ57F,艾米丽,收货,上架
SPGi24WaGr,灰色 品牌21 24 触控笔（水彩）,触控笔,品牌21,24,水彩,灰色,48*10*5,2400,AO01G,约翰,收货,上架
PrPHA2WiGr,灰色 品牌12 二号纸 打印机（无线网络）,打印机,品牌12,二号纸,无线网络,灰色,16*1*1,16,BJ36D,简,收货,上架
PeNa24WaGr,灰色 品牌23 24 铅笔（水彩）,铅笔,品牌23,24,水彩,灰色,48*10*5,2400,BM12A,莎拉,收货,上架
DrWE18DoBe,米色 品牌02 1800 抽屉柜（带门式）,抽屉柜,品牌02,1800,带门式,米色,8*1*1,8,AV51A,艾米,收货,上架
GaSEMAdWh,白色 品牌08 中号 游戏椅（可调节）,游戏椅,品牌08,中号,可调节,白色,16*1*1,16,DX48F,大卫,收货,上架
SPRe50SoBl,黑色 品牌22 50 触控笔（可溶性）,触控笔,品牌22,50,可溶性,黑色,48*10*5,2400,CP69H,劳拉,收货,上架
TVGn75SFSi,银色 品牌30 75英寸 电视机（超级全高清）,电视机,品牌30,75英寸,超级全高清,银色,8*1*1,8,BW40E,简,收货,上架
CaTE90FiWh,白色 品牌04 900 文件柜（文件收纳）,文件柜,品牌04,900,文件收纳,白色,8*1*1,8,CU54D,莎拉,收货,上架
LaOv158GWh,白色 品牌13 15英寸 笔记本电脑（8吉字节内存）,笔记本电脑,品牌13,15英寸,8吉字节内存,白色,16*1*1,16,BX13E,艾米丽,收货,上架
MoRe35ErBl,黑色 品牌10 350 鼠标（人体工学）,鼠标,品牌10,350,人体工学,黑色,16*10*1,160,BY49D,简,收货,上架
PeAl50WaPi,粉色 品牌20 50 铅笔（水彩）,铅笔,品牌20,50,水彩,粉色,48*10*5,2400,CO11G,莎拉,收货,上架
AlPH17i7Wh,白色 品牌12 17英寸 一体机（第7代处理器）,一体机,品牌12,17英寸,第7代处理器,白色,16*1*1,16,BJ35F,亚历克斯,收货,上架
TVGL32SFBl,黑色 品牌31 32英寸 电视机（超级全高清）,电视机,品牌31,32英寸,超级全高清,黑色,8*1*1,8,AS71G,迈克,收货,上架
AlOv1516Si,银色 品牌13 15英寸 一体机（16吉字节内存）,一体机,品牌13,15英寸,16吉字节内存,银色,16*1*1,16,DP45H,克里斯,收货,上架
CaWE90SlBe,米色 品牌02 900 文件柜（滑动式）,文件柜,品牌02,900,滑动式,米色,8*1*1,8,DK10B,艾米,收货,上架
AlRe178GGr,灰色 品牌14 17英寸 一体机（8吉字节内存）,一体机,品牌14,17英寸,8吉字节内存,灰色,16*1*1,16,AK70F,亚历克斯,收货,上架
AlRe1532Bl,黑色 品牌14 15英寸 一体机（32吉字节内存）,一体机,品牌14,15英寸,32吉字节内存,黑色,16*1*1,16,CJ32C,克里斯,收货,上架
CuRG12FiBe,米色 品牌03 1200 储物柜（文件收纳）,储物柜,品牌03,1200,文件收纳,米色,8*1*1,8,CY32G,莎拉,收货,上架
MoSu45BlNa,藏青色 品牌11 450 鼠标（蓝牙）,鼠标,品牌11,450,蓝牙,藏青色,16*10*1,160,BH75H,莎拉,收货,上架
OfXEMAdWh,白色 品牌06 中号 办公椅（可调节）,办公椅,品牌06,中号,可调节,白色,16*1*1,16,CK65H,简,收货,上架
OfXESLeWh,白色 品牌06 小号 办公椅（皮革）,办公椅,品牌06,小号,皮革,白色,16*1*1,16,AV68F,迈克,收货,上架
LaSu1516Bl,黑色 品牌11 15英寸 笔记本电脑（16吉字节内存）,笔记本电脑,品牌11,15英寸,16吉字节内存,黑色,16*1*1,16,BI64G,大卫,收货,上架
LaPH15i5Si,银色 品牌12 15英寸 笔记本电脑（第5代处理器）,笔记本电脑,品牌12,15英寸,第5代处理器,银色,16*1*1,16,CU11E,迈克,收货,上架
TVYn75SFBl,黑色 品牌15 75英寸 电视机（超级全高清）,电视机,品牌15,75英寸,超级全高清,黑色,8*1*1,8,BT70A,约翰,收货,上架
GaXEMLeBl,黑色 品牌06 中号 游戏椅（皮革）,游戏椅,品牌06,中号,皮革,黑色,16*1*1,16,DZ19D,克里斯,收货,上架
TVYn42FHGr,灰色 品牌15 42英寸 电视机（全高清）,电视机,品牌15,42英寸,全高清,灰色,8*1*1,8,AV32G,艾米,收货,上架
TaTR10AdBl,黑色 品牌29 1000 桌子（可调节）,桌子,品牌29,1000,可调节,黑色,8*1*1,8,AF94F,简,收货,上架
CuRG18FiWh,白色 品牌03 1800 储物柜（文件收纳）,储物柜,品牌03,1800,文件收纳,白色,8*1*1,8,CJ44A,艾米,收货,上架
KeSu45ErWh,白色 品牌11 450 键盘（人体工学）,键盘,品牌11,450,人体工学,白色,16*10*1,160,BV19H,约翰,收货,上架
AlOv17i5Gr,灰色 品牌13 17英寸 一体机（第5代处理器）,一体机,品牌13,17英寸,第5代处理器,灰色,16*1*1,16,AP08D,亚历克斯,收货,上架
PeGi24SoPi,粉色 品牌21 24 铅笔（可溶性）,铅笔,品牌21,24,可溶性,粉色,48*10*5,2400,CZ78A,亚历克斯,收货,上架
SPNa50SoPi,粉色 品牌23 50 触控笔（可溶性）,触控笔,品牌23,50,可溶性,粉色,48*10*5,2400,DQ55B,亚历克斯,收货,上架
GaAEMErBl,黑色 品牌05 中号 游戏椅（人体工学）,游戏椅,品牌05,中号,人体工学,黑色,16*1*1,16,BV84G,亚历克斯,收货,上架
CaQE18DoBl,黑色 品牌01 1800 文件柜（带门式）,文件柜,品牌01,1800,带门式,黑色,8*1*1,8,AT10C,大卫,收货,上架
DrRG90SlGr,灰色 品牌03 900 抽屉柜（滑动式）,抽屉柜,品牌03,900,滑动式,灰色,8*1*1,8,CP46A,莎拉,收货,上架
SPGi24SoPi,粉色 品牌21 24 触控笔（可溶性）,触控笔,品牌21,24,可溶性,粉色,48*10*5,2400,CV50D,艾米,收货,上架
GaSELAdBl,黑色 品牌08 大号 游戏椅（可调节）,游戏椅,品牌08,大号,可调节,黑色,16*1*1,16,BQ85C,艾米,收货,上架
KeHc45MeNa,藏青色 品牌09 450 键盘（机械式）,键盘,品牌09,450,机械式,藏青色,16*10*1,160,BW66C,大卫,收货,上架
SPGi12WaWh,白色 品牌21 12 触控笔（水彩）,触控笔,品牌21,12,水彩,白色,48*10*5,2400,AS75H,克里斯,收货,上架
CaRG12SlBe,米色 品牌03 1200 文件柜（滑动式）,文件柜,品牌03,1200,滑动式,米色,8*1*1,8,DT76B,简,收货,上架
MoPH35BlPi,粉色 品牌12 350 鼠标（蓝牙）,鼠标,品牌12,350,蓝牙,粉色,16*10*1,160,BO44E,迈克,收货,上架
GaOGLErGr,灰色 品牌07 大号 游戏椅（人体工学）,游戏椅,品牌07,大号,人体工学,灰色,16*1*1,16,AK95G,艾米,收货,上架
PrSoA4InBl,黑色 品牌25 四号纸 打印机（喷墨）,打印机,品牌25,四号纸,喷墨,黑色,16*1*1,16,BR69H,约翰,收货,上架
CaQE18FiBe,米色 品牌01 1800 文件柜（文件收纳）,文件柜,品牌01,1800,文件收纳,米色,8*1*1,8,CI30F,简,收货,上架
PeRe24WaGr,灰色 品牌22 24 铅笔（水彩）,铅笔,品牌22,24,水彩,灰色,48*10*5,2400,AG73A,迈克,收货,上架
MoSu45BlNa,藏青色 品牌11 450 鼠标（蓝牙）,鼠标,品牌11,450,蓝牙,藏青色,16*10*1,160,BN89D,艾米,收货,上架
LaOv14i5Gr,灰色 品牌13 14英寸 笔记本电脑（第5代处理器）,笔记本电脑,品牌13,14英寸,第5代处理器,灰色,16*1*1,16,BK80E,克里斯,收货,上架
LaOv1532Gr,灰色 品牌13 15英寸 笔记本电脑（32吉字节内存）,笔记本电脑,品牌13,15英寸,32吉字节内存,灰色,16*1*1,16,DV86G,简,收货,上架
AlOv14i7Bl,黑色 品牌13 14英寸 一体机（第7代处理器）,一体机,品牌13,14英寸,第7代处理器,黑色,16*1*1,16,DF95C,迈克,收货,上架
TVEs65S4Wh,白色 品牌32 65英寸 电视机（超级超高清）,电视机,品牌32,65英寸,超级超高清,白色,8*1*1,8,BO59A,莎拉,收货,上架
TaTR15AuBl,黑色 品牌29 1500 桌子（自动调节）,桌子,品牌29,1500,自动调节,黑色,8*1*1,8,CF34F,克里斯,收货,上架
CuWE12DoWh,白色 品牌02 1200 储物柜（带门式）,储物柜,品牌02,1200,带门式,白色,8*1*1,8,AZ21D,艾米,收货,上架
TVYn504KWh,白色 品牌15 50英寸 电视机（超高清）,电视机,品牌15,50英寸,超高清,白色,8*1*1,8,DO19H,约翰,收货,上架
TVEs504KBl,黑色 品牌32 50英寸 电视机（超高清）,电视机,品牌32,50英寸,超高清,黑色,8*1*1,8,AL38B,简,收货,上架
OfXELHeGr,灰色 品牌06 大号 办公椅（头枕）,办公椅,品牌06,大号,头枕,灰色,16*1*1,16,AQ13A,大卫,收货,上架
AlSu1416Wh,白色 品牌11 14英寸 一体机（16吉字节内存）,一体机,品牌11,14英寸,16吉字节内存,白色,16*1*1,16,CX88A,莎拉,收货,上架
PrNoA2InMi,混合色 品牌26 二号纸 打印机（喷墨）,打印机,品牌26,二号纸,喷墨,混合色,16*1*1,16,AU68A,迈克,收货,上架
MoPH45MeBl,黑色 品牌12 450 鼠标（机械式）,鼠标,品牌12,450,机械式,黑色,16*10*1,160,CS19C,简,收货,上架
MoPH35WiPi,粉色 品牌12 350 鼠标（有线）,鼠标,品牌12,350,有线,粉色,16*10*1,160,CF75C,莎拉,收货,上架
SPAl24HePi,粉色 品牌20 24 触控笔（六角形）,触控笔,品牌20,24,六角形,粉色,48*10*5,2400,DZ58E,亚历克斯,收货,上架
NoScA5doWh,白色 品牌17 五号纸 笔记本（点阵）,笔记本,品牌17,五号纸,点阵,白色,48*10*5,2400,CZ38A,莎拉,收货,上架
PeGi24SoPi,粉色 品牌21 24 铅笔（可溶性）,铅笔,品牌21,24,可溶性,粉色,48*10*5,2400,AP74G,约翰,收货,上架
LaOv1732Bl,黑色 品牌13 17英寸 笔记本电脑（32吉字节内存）,笔记本电脑,品牌13,17英寸,32吉字节内存,黑色,16*1*1,16,CH95E,约翰,收货,上架
TaTR18WoGr,灰色 品牌29 1800 桌子（工作站）,桌子,品牌29,1800,工作站,灰色,8*1*1,8,BM59B,大卫,收货,上架
AlPH1516Wh,白色 品牌12 15英寸 一体机（16吉字节内存）,一体机,品牌12,15英寸,16吉字节内存,白色,16*1*1,16,BH98E,莎拉,收货,上架
OfSESHePi,粉色 品牌08 小号 办公椅（头枕）,办公椅,品牌08,小号,头枕,粉色,16*1*1,16,DK42B,劳拉,收货,上架
SPGi50SoPi,粉色 品牌21 50 触控笔（可溶性）,触控笔,品牌21,50,可溶性,粉色,48*10*5,2400,BO40H,约翰,收货,上架
SPNa50HeWh,白色 品牌23 50 触控笔（六角形）,触控笔,品牌23,50,六角形,白色,48*10*5,2400,BN47D,克里斯,收货,上架
OfSELHeWh,白色 品牌08 大号 办公椅（头枕）,办公椅,品牌08,大号,头枕,白色,16*1*1,16,BI98G,艾米,收货,上架
DrQE90SlWh,白色 品牌01 900 抽屉柜（滑动式）,抽屉柜,品牌01,900,滑动式,白色,8*1*1,8,DU16C,迈克,收货,上架
CaWE18LoBe,米色 品牌02 1800 文件柜（储物锁柜）,文件柜,品牌02,1800,储物锁柜,米色,8*1*1,8,BL77A,大卫,收货,上架
TVEs50FHSi,银色 品牌32 50英寸 电视机（全高清）,电视机,品牌32,50英寸,全高清,银色,8*1*1,8,DK14B,迈克,收货,上架
PrPHA3MoGr,灰色 品牌12 三号纸 打印机（黑白）,打印机,品牌12,三号纸,黑白,灰色,16*1*1,16,DG08A,约翰,收货,上架
DrRG18LoGr,灰色 品牌03 1800 抽屉柜（储物锁柜）,抽屉柜,品牌03,1800,储物锁柜,灰色,8*1*1,8,AS79D,艾米,收货,上架
GaAESLeGr,灰色 品牌05 小号 游戏椅（皮革）,游戏椅,品牌05,小号,皮革,灰色,16*1*1,16,AN04C,迈克,收货,上架
AlOv178GBl,黑色 品牌13 17英寸 一体机（8吉字节内存）,一体机,品牌13,17英寸,8吉字节内存,黑色,16*1*1,16,DN69B,艾米丽,收货,上架
OfXEMErBl,黑色 品牌06 中号 办公椅（人体工学）,办公椅,品牌06,中号,人体工学,黑色,16*1*1,16,AX52G,艾米,收货,上架
CaTE12SlWh,白色 品牌04 1200 文件柜（滑动式）,文件柜,品牌04,1200,滑动式,白色,8*1*1,8,DL24E,克里斯,收货,上架
MoRe27BlWh,白色 品牌10 270 鼠标（蓝牙）,鼠标,品牌10,270,蓝牙,白色,16*10*1,160,CP98E,艾米丽,收货,上架
DrRG12DoBl,黑色 品牌03 1200 抽屉柜（带门式）,抽屉柜,品牌03,1200,带门式,黑色,8*1*1,8,AI76H,艾米,收货,上架
LaRe1432Gr,灰色 品牌14 14英寸 笔记本电脑（32吉字节内存）,笔记本电脑,品牌14,14英寸,32吉字节内存,灰色,16*1*1,16,BV28D,莎拉,收货,上架
OfOGLErPi,粉色 品牌07 大号 办公椅（人体工学）,办公椅,品牌07,大号,人体工学,粉色,16*1*1,16,AX60H,艾米丽,收货,上架
GaOGMErPi,粉色 品牌07 中号 游戏椅（人体工学）,游戏椅,品牌07,中号,人体工学,粉色,16*1*1,16,BV71B,艾米,收货,上架
CaWE12LoWh,白色 品牌02 1200 文件柜（储物锁柜）,文件柜,品牌02,1200,储物锁柜,白色,8*1*1,8,DK89A,艾米,收货,上架
GaAEMErWh,白色 品牌05 中号 游戏椅（人体工学）,游戏椅,品牌05,中号,人体工学,白色,16*1*1,16,BX86B,简,收货,上架
OfSEMAdPi,粉色 品牌08 中号 办公椅（可调节）,办公椅,品牌08,中号,可调节,粉色,16*1*1,16,BX94E,劳拉,收货,上架
SPGi50HePi,粉色 品牌21 50 触控笔（六角形）,触控笔,品牌21,50,六角形,粉色,48*10*5,2400,DY95A,简,收货,上架
PeRe50HePi,粉色 品牌22 50 铅笔（六角形）,铅笔,品牌22,50,六角形,粉色,48*10*5,2400,DR41G,简,收货,上架
TVGL42S4Si,银色 品牌31 42英寸 电视机（超级超高清）,电视机,品牌31,42英寸,超级超高清,银色,8*1*1,8,DN46C,劳拉,收货,上架
OfAELAdBl,黑色 品牌05 大号 办公椅（可调节）,办公椅,品牌05,大号,可调节,黑色,16*1*1,16,AF62B,艾米丽,收货,上架
PrSoA4InMi,混合色 品牌25 四号纸 打印机（喷墨）,打印机,品牌25,四号纸,喷墨,混合色,16*1*1,16,AY23H,克里斯,收货,上架
PrSoA3MoMi,混合色 品牌25 三号纸 打印机（黑白）,打印机,品牌25,三号纸,黑白,混合色,16*1*1,16,AQ80G,迈克,收货,上架
AlOv1732Gr,灰色 品牌13 17英寸 一体机（32吉字节内存）,一体机,品牌13,17英寸,32吉字节内存,灰色,16*1*1,16,BQ23B,简,收货,上架
PrSoA2AlWh,白色 品牌25 二号纸 打印机（一体式）,打印机,品牌25,二号纸,一体式,白色,16*1*1,16,AK20B,大卫,收货,上架
KeHc35WiNa,藏青色 品牌09 350 键盘（有线）,键盘,品牌09,350,有线,藏青色,16*10*1,160,CW83G,艾米,收货,上架
LaYn15i5Si,银色 品牌15 15英寸 笔记本电脑（第5代处理器）,笔记本电脑,品牌15,15英寸,第5代处理器,银色,16*1*1,16,BK56C,大卫,收货,上架
PrPHA3AlWh,白色 品牌12 三号纸 打印机（一体式）,打印机,品牌12,三号纸,一体式,白色,16*1*1,16,CY44F,约翰,收货,上架
GaAEMLePi,粉色 品牌05 中号 游戏椅（皮革）,游戏椅,品牌05,中号,皮革,粉色,16*1*1,16,AV12H,大卫,收货,上架
TaTR18WoWh,白色 品牌28 1800 桌子（工作站）,桌子,品牌28,1800,工作站,白色,8*1*1,8,CI98A,克里斯,收货,上架
SPAl24HeWh,白色 品牌20 24 触控笔（六角形）,触控笔,品牌20,24,六角形,白色,48*10*5,2400,AH87A,克里斯,收货,上架
SPNa24SoBl,黑色 品牌23 24 触控笔（可溶性）,触控笔,品牌23,24,可溶性,黑色,48*10*5,2400,CY73A,迈克,收货,上架
MoSu27ErNa,藏青色 品牌11 270 鼠标（人体工学）,鼠标,品牌11,270,人体工学,藏青色,16*10*1,160,DK51B,迈克,收货,上架
PrNoA4WiWh,白色 品牌26 四号纸 打印机（无线网络）,打印机,品牌26,四号纸,无线网络,白色,16*1*1,16,BF38F,约翰,收货,上架
PrReA2WiMi,混合色 品牌24 二号纸 打印机（无线网络）,打印机,品牌24,二号纸,无线网络,混合色,16*1*1,16,CG06D,艾米,收货,上架
LaSu1532Gr,灰色 品牌11 15英寸 笔记本电脑（32吉字节内存）,笔记本电脑,品牌11,15英寸,32吉字节内存,灰色,16*1*1,16,AT37E,艾米丽,收货,上架
OfXEMHePi,粉色 品牌06 中号 办公椅（头枕）,办公椅,品牌06,中号,头枕,粉色,16*1*1,16,AI18A,简,收货,上架
MoPH35MeWh,白色 品牌12 350 鼠标（机械式）,鼠标,品牌12,350,机械式,白色,16*10*1,160,CH17B,莎拉,收货,上架
CuQE12DoGr,灰色 品牌01 1200 储物柜（带门式）,储物柜,品牌01,1200,带门式,灰色,8*1*1,8,AK45C,迈克,收货,上架
GaSESErGr,灰色 品牌08 小号 游戏椅（人体工学）,游戏椅,品牌08,小号,人体工学,灰色,16*1*1,16,CQ80B,约翰,收货,上架
PrNoA4InWh,白色 品牌26 四号纸 打印机（喷墨）,打印机,品牌26,四号纸,喷墨,白色,16*1*1,16,CF70E,亚历克斯,收货,上架
LaSu148GWh,白色 品牌11 14英寸 笔记本电脑（8吉字节内存）,笔记本电脑,品牌11,14英寸,8吉字节内存,白色,16*1*1,16,AV94B,莎拉,收货,上架
PrPHA4WiMi,混合色 品牌12 四号纸 打印机（无线网络）,打印机,品牌12,四号纸,无线网络,混合色,16*1*1,16,CZ47C,莎拉,收货,上架
MoPH45BlBl,黑色 品牌12 450 鼠标（蓝牙）,鼠标,品牌12,450,蓝牙,黑色,16*10*1,160,DY83H,大卫,收货,上架
CuTE12DoBe,米色 品牌04 1200 储物柜（带门式）,储物柜,品牌04,1200,带门式,米色,8*1*1,8,CT47B,简,收货,上架
GaXESAdBl,黑色 品牌06 小号 游戏椅（可调节）,游戏椅,品牌06,小号,可调节,黑色,16*1*1,16,DN51G,克里斯,收货,上架
DrWE12DoGr,灰色 品牌02 1200 抽屉柜（带门式）,抽屉柜,品牌02,1200,带门式,灰色,8*1*1,8,CG79C,亚历克斯,收货,上架
AlOv158GWh,白色 品牌13 15英寸 一体机（8吉字节内存）,一体机,品牌13,15英寸,8吉字节内存,白色,16*1*1,16,AH18C,艾米,收货,上架
TVGL32SFWh,白色 品牌31 32英寸 电视机（超级全高清）,电视机,品牌31,32英寸,超级全高清,白色,8*1*1,8,BM69G,莎拉,收货,上架
DrWE18SlBe,米色 品牌02 1800 抽屉柜（滑动式）,抽屉柜,品牌02,1800,滑动式,米色,8*1*1,8,AR37H,亚历克斯,收货,上架
SPRe50SoWh,白色 品牌22 50 触控笔（可溶性）,触控笔,品牌22,50,可溶性,白色,48*10*5,2400,DY52D,亚历克斯,收货,上架
LaSu17i5Si,银色 品牌11 17英寸 笔记本电脑（第5代处理器）,笔记本电脑,品牌11,17英寸,第5代处理器,银色,16*1*1,16,BH95F,克里斯,收货,上架
DrRG12DoBl,黑色 品牌03 1200 抽屉柜（带门式）,抽屉柜,品牌03,1200,带门式,黑色,8*1*1,8,BH07C,莎拉,收货,上架
CuTE12DoWh,白色 品牌04 1200 储物柜（带门式）,储物柜,品牌04,1200,带门式,白色,8*1*1,8,DH77D,艾米,收货,上架
TVEs50SFGr,灰色 品牌32 50英寸 电视机（超级全高清）,电视机,品牌32,50英寸,超级全高清,灰色,8*1*1,8,BN05B,大卫,收货,上架
AlOv1732Bl,黑色 品牌13 17英寸 一体机（32吉字节内存）,一体机,品牌13,17英寸,32吉字节内存,黑色,16*1*1,16,DW44E,大卫,收货,上架
PrReA2WiWh,白色 品牌24 二号纸 打印机（无线网络）,打印机,品牌24,二号纸,无线网络,白色,16*1*1,16,DW43H,亚历克斯,收货,上架
TVGL50S4Wh,白色 品牌31 50英寸 电视机（超级超高清）,电视机,品牌31,50英寸,超级超高清,白色,8*1*1,8,BM37D,迈克,收货,上架
NoGrA3ruGr,灰色 品牌18 三号纸 笔记本（横线）,笔记本,品牌18,三号纸,横线,灰色,48*10*5,2400,AI98F,简,收货,上架
GaSESLeGr,灰色 品牌08 小号 游戏椅（皮革）,游戏椅,品牌08,小号,皮革,灰色,16*1*1,16,AH03E,亚历克斯,收货,上架
PrPHA3WiWh,白色 品牌12 三号纸 打印机（无线网络）,打印机,品牌12,三号纸,无线网络,白色,16*1*1,16,CX52A,简,收货,上架
LaSu178GSi,银色 品牌11 17英寸 笔记本电脑（8吉字节内存）,笔记本电脑,品牌11,17英寸,8吉字节内存,银色,16*1*1,16,DN42A,克里斯,收货,上架
SPRe24WaWh,白色 品牌22 24 触控笔（水彩）,触控笔,品牌22,24,水彩,白色,48*10*5,2400,CM20E,艾米丽,收货,上架
DrQE90DoBl,黑色 品牌01 900 抽屉柜（带门式）,抽屉柜,品牌01,900,带门式,黑色,8*1*1,8,AO95E,劳拉,收货,上架
KePH35BlBl,黑色 品牌12 350 键盘（蓝牙）,键盘,品牌12,350,蓝牙,黑色,16*10*1,160,DJ34E,克里斯,收货,上架
KeRe35MePi,粉色 品牌10 350 键盘（机械式）,键盘,品牌10,350,机械式,粉色,16*10*1,160,DU03E,约翰,收货,上架
CaWE18LoBl,黑色 品牌02 1800 文件柜（储物锁柜）,文件柜,品牌02,1800,储物锁柜,黑色,8*1*1,8,BU49H,艾米,收货,上架
PrNoA4InBl,黑色 品牌26 四号纸 打印机（喷墨）,打印机,品牌26,四号纸,喷墨,黑色,16*1*1,16,AT31G,约翰,收货,上架
CuRG12LoGr,灰色 品牌03 1200 储物柜（储物锁柜）,储物柜,品牌03,1200,储物锁柜,灰色,8*1*1,8,CK20A,艾米,收货,上架
MoSu35ErWh,白色 品牌11 350 鼠标（人体工学）,鼠标,品牌11,350,人体工学,白色,16*10*1,160,CZ37B,艾米,收货,上架
CaWE18FiBe,米色 品牌02 1800 文件柜（文件收纳）,文件柜,品牌02,1800,文件收纳,米色,8*1*1,8,DJ21F,大卫,收货,上架
LaSu1416Si,银色 品牌11 14英寸 笔记本电脑（16吉字节内存）,笔记本电脑,品牌11,14英寸,16吉字节内存,银色,16*1*1,16,DV14H,艾米丽,收货,上架
MoHc35ErNa,藏青色 品牌09 350 鼠标（人体工学）,鼠标,品牌09,350,人体工学,藏青色,16*10*1,160,CU86D,大卫,收货,上架
LaPH17i7Wh,白色 品牌12 17英寸 笔记本电脑（第7代处理器）,笔记本电脑,品牌12,17英寸,第7代处理器,白色,16*1*1,16,CO89H,克里斯,收货,上架
CaTE18SlBe,米色 品牌04 1800 文件柜（滑动式）,文件柜,品牌04,1800,滑动式,米色,8*1*1,8,AK52E,克里斯,收货,上架
TaCI15FrBl,黑色 品牌27 1500 桌子（框架式）,桌子,品牌27,1500,框架式,黑色,8*1*1,8,CU73C,简,收货,上架
DrQE90LoWh,白色 品牌01 900 抽屉柜（储物锁柜）,抽屉柜,品牌01,900,储物锁柜,白色,8*1*1,8,DT33H,约翰,收货,上架
TVGn654KBl,黑色 品牌30 65英寸 电视机（超高清）,电视机,品牌30,65英寸,超高清,黑色,8*1*1,8,BV07E,迈克,收货,上架
PrNoA4WiBl,黑色 品牌26 四号纸 打印机（无线网络）,打印机,品牌26,四号纸,无线网络,黑色,16*1*1,16,CM31E,劳拉,收货,上架
DrTE12FiBe,米色 品牌04 1200 抽屉柜（文件收纳）,抽屉柜,品牌04,1200,文件收纳,米色,8*1*1,8,CO54B,艾米,收货,上架
AlYn158GWh,白色 品牌15 15英寸 一体机（8吉字节内存）,一体机,品牌15,15英寸,8吉字节内存,白色,16*1*1,16,AY19E,亚历克斯,收货,上架
CaTE12SlBl,黑色 品牌04 1200 文件柜（滑动式）,文件柜,品牌04,1200,滑动式,黑色,8*1*1,8,BI55E,约翰,收货,上架
NoGrA3doSi,银色 品牌18 三号纸 笔记本（点阵）,笔记本,品牌18,三号纸,点阵,银色,48*10*5,2400,DX17C,简,收货,上架
DrQE90SlBe,米色 品牌01 900 抽屉柜（滑动式）,抽屉柜,品牌01,900,滑动式,米色,8*1*1,8,DT63E,约翰,收货,上架
LaYn14i7Wh,白色 品牌15 14英寸 笔记本电脑（第7代处理器）,笔记本电脑,品牌15,14英寸,第7代处理器,白色,16*1*1,16,DK22B,简,收货,上架
OfXEMLeBl,黑色 品牌06 中号 办公椅（皮革）,办公椅,品牌06,中号,皮革,黑色,16*1*1,16,DQ95G,迈克,收货,上架
GaOGSAdPi,粉色 品牌07 小号 游戏椅（可调节）,游戏椅,品牌07,小号,可调节,粉色,16*1*1,16,AV46H,亚历克斯,收货,上架
LaPH14i5Wh,白色 品牌12 14英寸 笔记本电脑（第5代处理器）,笔记本电脑,品牌12,14英寸,第5代处理器,白色,16*1*1,16,AI41E,莎拉,收货,上架
TVGn75S4Bl,黑色 品牌30 75英寸 电视机（超级超高清）,电视机,品牌30,75英寸,超级超高清,黑色,8*1*1,8,CG28A,约翰,收货,上架
PrPHA2InMi,混合色 品牌12 二号纸 打印机（喷墨）,打印机,品牌12,二号纸,喷墨,混合色,16*1*1,16,AR98A,大卫,收货,上架
TaTR10AuSi,银色 品牌28 1000 桌子（自动调节）,桌子,品牌28,1000,自动调节,银色,8*1*1,8,DV08D,亚历克斯,收货,上架
DrQE18LoBe,米色 品牌01 1800 抽屉柜（储物锁柜）,抽屉柜,品牌01,1800,储物锁柜,米色,8*1*1,8,BV17H,约翰,收货,上架
KeHc45BlWh,白色 品牌09 450 键盘（蓝牙）,键盘,品牌09,450,蓝牙,白色,16*10*1,160,CU93F,艾米丽,收货,上架
CaQE90SlBe,米色 品牌01 900 文件柜（滑动式）,文件柜,品牌01,900,滑动式,米色,8*1*1,8,BH85D,迈克,收货,上架
TVEs65S4Bl,黑色 品牌32 65英寸 电视机（超级超高清）,电视机,品牌32,65英寸,超级超高清,黑色,8*1*1,8,CY70B,莎拉,收货,上架
OfAESLeGr,灰色 品牌05 小号 办公椅（皮革）,办公椅,品牌05,小号,皮革,灰色,16*1*1,16,AG05H,艾米,收货,上架
SPAl24WaBl,黑色 品牌20 24 触控笔（水彩）,触控笔,品牌20,24,水彩,黑色,48*10*5,2400,AV95E,简,收货,上架
MoPH35WiPi,粉色 品牌12 350 鼠标（有线）,鼠标,品牌12,350,有线,粉色,16*10*1,160,DR75F,莎拉,收货,上架
AlSu1416Gr,灰色 品牌11 14英寸 一体机（16吉字节内存）,一体机,品牌11,14英寸,16吉字节内存,灰色,16*1*1,16,CN08A,约翰,收货,上架
TaTR15AdSi,银色 品牌28 1500 桌子（可调节）,桌子,品牌28,1500,可调节,银色,8*1*1,8,DN47E,艾米丽,收货,上架
KeHc35BlNa,藏青色 品牌09 350 键盘（蓝牙）,键盘,品牌09,350,蓝牙,藏青色,16*10*1,160,CI69D,艾米,收货,上架
MoSu45BlBl,黑色 品牌11 450 鼠标（蓝牙）,鼠标,品牌11,450,蓝牙,黑色,16*10*1,160,AR98H,劳拉,收货,上架
DrWE90LoWh,白色 品牌02 900 抽屉柜（储物锁柜）,抽屉柜,品牌02,900,储物锁柜,白色,8*1*1,8,BQ89G,迈克,收货,上架
LaSu15i7Gr,灰色 品牌11 15英寸 笔记本电脑（第7代处理器）,笔记本电脑,品牌11,15英寸,第7代处理器,灰色,16*1*1,16,BM77G,克里斯,收货,上架
CuTE90SlBl,黑色 品牌04 900 储物柜（滑动式）,储物柜,品牌04,900,滑动式,黑色,8*1*1,8,DH72F,亚历克斯,收货,上架
AlOv148GWh,白色 品牌13 14英寸 一体机（8吉字节内存）,一体机,品牌13,14英寸,8吉字节内存,白色,16*1*1,16,AN08B,迈克,收货,上架
GaAEMErWh,白色 品牌05 中号 游戏椅（人体工学）,游戏椅,品牌05,中号,人体工学,白色,16*1*1,16,BR21H,莎拉,收货,上架
OfAESAdBl,黑色 品牌05 小号 办公椅（可调节）,办公椅,品牌05,小号,可调节,黑色,16*1*1,16,DM56H,简,收货,上架
AlPH15i7Wh,白色 品牌12 15英寸 一体机（第7代处理器）,一体机,品牌12,15英寸,第7代处理器,白色,16*1*1,16,BF51H,克里斯,收货,上架
TaAE18AuWh,白色 品牌05 1800 桌子（自动调节）,桌子,品牌05,1800,自动调节,白色,8*1*1,8,AT28D,莎拉,收货,上架
TVYn324KGr,灰色 品牌15 32英寸 电视机（超高清）,电视机,品牌15,32英寸,超高清,灰色,8*1*1,8,AX41D,约翰,收货,上架
DrWE18LoGr,灰色 品牌02 1800 抽屉柜（储物锁柜）,抽屉柜,品牌02,1800,储物锁柜,灰色,8*1*1,8,CW82H,迈克,收货,上架
TaTR10AdSi,银色 品牌29 1000 桌子（可调节）,桌子,品牌29,1000,可调节,银色,8*1*1,8,AR20D,大卫,收货,上架
AlRe178GGr,灰色 品牌14 17英寸 一体机（8吉字节内存）,一体机,品牌14,17英寸,8吉字节内存,灰色,16*1*1,16,BR73C,约翰,收货,上架
TVYn50SFSi,银色 品牌15 50英寸 电视机（超级全高清）,电视机,品牌15,50英寸,超级全高清,银色,8*1*1,8,CK87G,克里斯,收货,上架
LaSu14i5Si,银色 品牌11 14英寸 笔记本电脑（第5代处理器）,笔记本电脑,品牌11,14英寸,第5代处理器,银色,16*1*1,16,CM20C,莎拉,收货,上架
PrReA4MoGr,灰色 品牌24 四号纸 打印机（黑白）,打印机,品牌24,四号纸,黑白,灰色,16*1*1,16,CV71G,迈克,收货,上架
CaTE18SlBe,米色 品牌04 1800 文件柜（滑动式）,文件柜,品牌04,1800,滑动式,米色,8*1*1,8,AN26H,亚历克斯,收货,上架
LaRe17i7Gr,灰色 品牌14 17英寸 笔记本电脑（第7代处理器）,笔记本电脑,品牌14,17英寸,第7代处理器,灰色,16*1*1,16,CH25G,迈克,收货,上架
PrSoA4InMi,混合色 品牌25 四号纸 打印机（喷墨）,打印机,品牌25,四号纸,喷墨,混合色,16*1*1,16,DQ66E,简,收货,上架
AlYn14i5Wh,白色 品牌15 14英寸 一体机（第5代处理器）,一体机,品牌15,14英寸,第5代处理器,白色,16*1*1,16,DQ34F,艾米丽,收货,上架
TVEs324KGr,灰色 品牌32 32英寸 电视机（超高清）,电视机,品牌32,32英寸,超高清,灰色,8*1*1,8,BI76C,约翰,收货,上架
GaOGMHeBl,黑色 品牌07 中号 游戏椅（头枕）,游戏椅,品牌07,中号,头枕,黑色,16*1*1,16,AM96D,莎拉,收货,上架
OfOGMAdWh,白色 品牌07 中号 办公椅（可调节）,办公椅,品牌07,中号,可调节,白色,16*1*1,16,DS59A,莎拉,收货,上架
PrSoA4InGr,灰色 品牌25 四号纸 打印机（喷墨）,打印机,品牌25,四号纸,喷墨,灰色,16*1*1,16,CQ04B,艾米,收货,上架
PrPHA2InGr,灰色 品牌12 二号纸 打印机（喷墨）,打印机,品牌12,二号纸,喷墨,灰色,16*1*1,16,BT83A,迈克,收货,上架
AlYn15i7Wh,白色 品牌15 15英寸 一体机（第7代处理器）,一体机,品牌15,15英寸,第7代处理器,白色,16*1*1,16,BT31C,劳拉,收货,上架
CaQE90SlGr,灰色 品牌01 900 文件柜（滑动式）,文件柜,品牌01,900,滑动式,灰色,8*1*1,8,DJ43G,克里斯,收货,上架
CuQE90DoBe,米色 品牌01 900 储物柜（带门式）,储物柜,品牌01,900,带门式,米色,8*1*1,8,AK25C,简,收货,上架
PeNa24SoPi,粉色 品牌23 24 铅笔（可溶性）,铅笔,品牌23,24,可溶性,粉色,48*10*5,2400,CP81E,莎拉,收货,上架
KeRe35MeWh,白色 品牌10 350 键盘（机械式）,键盘,品牌10,350,机械式,白色,16*10*1,160,DI05H,艾米,收货,上架
OfXELHePi,粉色 品牌06 大号 办公椅（头枕）,办公椅,品牌06,大号,头枕,粉色,16*1*1,16,DT65C,艾米,收货,上架
GaOGMErGr,灰色 品牌07 中号 游戏椅（人体工学）,游戏椅,品牌07,中号,人体工学,灰色,16*1*1,16,BJ20C,莎拉,收货,上架
OfAESAdBl,黑色 品牌05 小号 办公椅（可调节）,办公椅,品牌05,小号,可调节,黑色,16*1*1,16,AX14F,亚历克斯,收货,上架
MoHc35WiNa,藏青色 品牌09 350 鼠标（有线）,鼠标,品牌09,350,有线,藏青色,16*10*1,160,BI72B,简,收货,上架
PrReA2MoWh,白色 品牌24 二号纸 打印机（黑白）,打印机,品牌24,二号纸,黑白,白色,16*1*1,16,BZ29E,艾米,收货,上架
LaPH1416Gr,灰色 品牌12 14英寸 笔记本电脑（16吉字节内存）,笔记本电脑,品牌12,14英寸,16吉字节内存,灰色,16*1*1,16,CZ13C,约翰,收货,上架
SPGi24SoPi,粉色 品牌21 24 触控笔（可溶性）,触控笔,品牌21,24,可溶性,粉色,48*10*5,2400,AH76E,亚历克斯,收货,上架
PrNoA4InGr,灰色 品牌26 四号纸 打印机（喷墨）,打印机,品牌26,四号纸,喷墨,灰色,16*1*1,16,BZ05H,简,收货,上架
DrWE18FiWh,白色 品牌02 1800 抽屉柜（文件收纳）,抽屉柜,品牌02,1800,文件收纳,白色,8*1*1,8,DV50C,亚历克斯,收货,上架
LaSu14i7Gr,灰色 品牌11 14英寸 笔记本电脑（第7代处理器）,笔记本电脑,品牌11,14英寸,第7代处理器,灰色,16*1*1,16,DX48A,约翰,收货,上架
MoRe27BlPi,粉色 品牌10 270 鼠标（蓝牙）,鼠标,品牌10,270,蓝牙,粉色,16*10*1,160,BZ76E,艾米,收货,上架
CaQE90SlBe,米色 品牌01 900 文件柜（滑动式）,文件柜,品牌01,900,滑动式,米色,8*1*1,8,BS73C,艾米丽,收货,上架
AlPH1416Wh,白色 品牌12 14英寸 一体机（16吉字节内存）,一体机,品牌12,14英寸,16吉字节内存,白色,16*1*1,16,AH47H,约翰,收货,上架
TVGL42SFBl,黑色 品牌31 42英寸 电视机（超级全高清）,电视机,品牌31,42英寸,超级全高清,黑色,8*1*1,8,CJ85E,简,收货,上架
TVGL42S4Gr,灰色 品牌31 42英寸 电视机（超级超高清）,电视机,品牌31,42英寸,超级超高清,灰色,8*1*1,8,BR93H,艾米,收货,上架
KeSu35MeWh,白色 品牌11 350 键盘（机械式）,键盘,品牌11,350,机械式,白色,16*10*1,160,BR62D,大卫,收货,上架
KePH27MeBl,黑色 品牌12 270 键盘（机械式）,键盘,品牌12,270,机械式,黑色,16*10*1,160,DQ04A,亚历克斯,收货,上架
CuQE90FiBl,黑色 品牌01 900 储物柜（文件收纳）,储物柜,品牌01,900,文件收纳,黑色,8*1*1,8,BH10A,艾米丽,收货,上架
CaWE90LoWh,白色 品牌02 900 文件柜（储物锁柜）,文件柜,品牌02,900,储物锁柜,白色,8*1*1,8,AZ08G,约翰,收货,上架
TVYn75S4Wh,白色 品牌15 75英寸 电视机（超级超高清）,电视机,品牌15,75英寸,超级超高清,白色,8*1*1,8,AN76E,简,收货,上架
TaCI15FrSi,银色 品牌27 1500 桌子（框架式）,桌子,品牌27,1500,框架式,银色,8*1*1,8,AQ10G,约翰,收货,上架
PrPHA4WiGr,灰色 品牌12 四号纸 打印机（无线网络）,打印机,品牌12,四号纸,无线网络,灰色,16*1*1,16,AT08F,迈克,收货,上架
PrPHA4LaGr,灰色 品牌12 四号纸 打印机（激光）,打印机,品牌12,四号纸,激光,灰色,16*1*1,16,DY57D,劳拉,收货,上架
OfOGMHeBl,黑色 品牌07 中号 办公椅（头枕）,办公椅,品牌07,中号,头枕,黑色,16*1*1,16,CX61F,简,收货,上架
PeAl50WaGr,灰色 品牌20 50 铅笔（水彩）,铅笔,品牌20,50,水彩,灰色,48*10*5,2400,CT25B,莎拉,收货,上架
PeGi50SoGr,灰色 品牌21 50 铅笔（可溶性）,铅笔,品牌21,50,可溶性,灰色,48*10*5,2400,AW44G,莎拉,收货,上架
KePH27WiNa,藏青色 品牌12 270 键盘（有线）,键盘,品牌12,270,有线,藏青色,16*10*1,160,BM30H,莎拉,收货,上架
GaOGLLeWh,白色 品牌07 大号 游戏椅（皮革）,游戏椅,品牌07,大号,皮革,白色,16*1*1,16,BG24C,亚历克斯,收货,上架
TVGn50S4Wh,白色 品牌30 50英寸 电视机（超级超高清）,电视机,品牌30,50英寸,超级超高清,白色,8*1*1,8,CT27C,大卫,收货,上架
TVGn42SFGr,灰色 品牌30 42英寸 电视机（超级全高清）,电视机,品牌30,42英寸,超级全高清,灰色,8*1*1,8,BP74B,迈克,收货,上架
SPGi12WaPi,粉色 品牌21 12 触控笔（水彩）,触控笔,品牌21,12,水彩,粉色,48*10*5,2400,BG17D,艾米丽,收货,上架
LaOv178GBl,黑色 品牌13 17英寸 笔记本电脑（8吉字节内存）,笔记本电脑,品牌13,17英寸,8吉字节内存,黑色,16*1*1,16,CS19E,迈克,收货,上架
TaTR10FrWh,白色 品牌29 1000 桌子（框架式）,桌子,品牌29,1000,框架式,白色,8*1*1,8,CH17C,克里斯,收货,上架
LaPH15i5Si,银色 品牌12 15英寸 笔记本电脑（第5代处理器）,笔记本电脑,品牌12,15英寸,第5代处理器,银色,16*1*1,16,AQ44E,迈克,收货,上架
CaWE18DoBl,黑色 品牌02 1800 文件柜（带门式）,文件柜,品牌02,1800,带门式,黑色,8*1*1,8,BZ96C,简,收货,上架
CuQE18DoBl,黑色 品牌01 1800 储物柜（带门式）,储物柜,品牌01,1800,带门式,黑色,8*1*1,8,DO96A,莎拉,收货,上架
GaSESHeBl,黑色 品牌08 小号 游戏椅（头枕）,游戏椅,品牌08,小号,头枕,黑色,16*1*1,16,DS61E,亚历克斯,收货,上架
PrNoA3AlBl,黑色 品牌26 三号纸 打印机（一体式）,打印机,品牌26,三号纸,一体式,黑色,16*1*1,16,AU07F,艾米丽,收货,上架
TaAE10WoWh,白色 品牌05 1000 桌子（工作站）,桌子,品牌05,1000,工作站,白色,8*1*1,8,DT72G,艾米,收货,上架
PrReA2LaGr,灰色 品牌24 二号纸 打印机（激光）,打印机,品牌24,二号纸,激光,灰色,16*1*1,16,DM40E,克里斯,收货,上架
CuQE90FiGr,灰色 品牌01 900 储物柜（文件收纳）,储物柜,品牌01,900,文件收纳,灰色,8*1*1,8,DP23B,劳拉,收货,上架
SPNa24WaPi,粉色 品牌23 24 触控笔（水彩）,触控笔,品牌23,24,水彩,粉色,48*10*5,2400,BS68B,大卫,收货,上架
MoRe27ErNa,藏青色 品牌10 270 鼠标（人体工学）,鼠标,品牌10,270,人体工学,藏青色,16*10*1,160,BI55A,约翰,收货,上架
DrRG12DoGr,灰色 品牌03 1200 抽屉柜（带门式）,抽屉柜,品牌03,1200,带门式,灰色,8*1*1,8,DR62B,约翰,收货,上架
SPRe24HeBl,黑色 品牌22 24 触控笔（六角形）,触控笔,品牌22,24,六角形,黑色,48*10*5,2400,DF50A,简,收货,上架
LaSu14i5Bl,黑色 品牌11 14英寸 笔记本电脑（第5代处理器）,笔记本电脑,品牌11,14英寸,第5代处理器,黑色,16*1*1,16,BY62G,劳拉,收货,上架
MoPH45BlNa,藏青色 品牌12 450 鼠标（蓝牙）,鼠标,品牌12,450,蓝牙,藏青色,16*10*1,160,AI16G,克里斯,收货,上架
TaCI18WoSi,银色 品牌27 1800 桌子（工作站）,桌子,品牌27,1800,工作站,银色,8*1*1,8,DO01F,亚历克斯,收货,上架
GaSEMLeWh,白色 品牌08 中号 游戏椅（皮革）,游戏椅,品牌08,中号,皮革,白色,16*1*1,16,BX35B,劳拉,收货,上架
CaQE12LoGr,灰色 品牌01 1200 文件柜（储物锁柜）,文件柜,品牌01,1200,储物锁柜,灰色,8*1*1,8,BP82C,艾米,收货,上架
KeRe45MeNa,藏青色 品牌10 450 键盘（机械式）,键盘,品牌10,450,机械式,藏青色,16*10*1,160,BS48A,莎拉,收货,上架
PeRe50WaPi,粉色 品牌22 50 铅笔（水彩）,铅笔,品牌22,50,水彩,粉色,48*10*5,2400,DU23C,大卫,收货,上架
TVGn75S4Si,银色 品牌30 75英寸 电视机（超级超高清）,电视机,品牌30,75英寸,超级超高清,银色,8*1*1,8,AZ76B,大卫,收货,上架
TaAE18AdWh,白色 品牌05 1800 桌子（可调节）,桌子,品牌05,1800,可调节,白色,8*1*1,8,CK39A,艾米,收货,上架
CuQE90DoBl,黑色 品牌01 900 储物柜（带门式）,储物柜,品牌01,900,带门式,黑色,8*1*1,8,AN78B,劳拉,收货,上架
AlSu158GBl,黑色 品牌11 15英寸 一体机（8吉字节内存）,一体机,品牌11,15英寸,8吉字节内存,黑色,16*1*1,16,BQ15D,约翰,收货,上架
TVYn75SFGr,灰色 品牌15 75英寸 电视机（超级全高清）,电视机,品牌15,75英寸,超级全高清,灰色,8*1*1,8,AH40B,亚历克斯,收货,上架
LaYn158GBl,黑色 品牌15 15英寸 笔记本电脑（8吉字节内存）,笔记本电脑,品牌15,15英寸,8吉字节内存,黑色,16*1*1,16,BO53F,简,收货,上架
TVEs654KSi,银色 品牌32 65英寸 电视机（超高清）,电视机,品牌32,65英寸,超高清,银色,8*1*1,8,DZ35E,大卫,收货,上架
PrNoA4InGr,灰色 品牌26 四号纸 打印机（喷墨）,打印机,品牌26,四号纸,喷墨,灰色,16*1*1,16,CL32E,艾米丽,收货,上架
KeRe27MePi,粉色 品牌10 270 键盘（机械式）,键盘,品牌10,270,机械式,粉色,16*10*1,160,AW77H,简,收货,上架
PrReA3WiMi,混合色 品牌24 三号纸 打印机（无线网络）,打印机,品牌24,三号纸,无线网络,混合色,16*1*1,16,CX68H,劳拉,收货,上架
GaSESErGr,灰色 品牌08 小号 游戏椅（人体工学）,游戏椅,品牌08,小号,人体工学,灰色,16*1*1,16,AR56C,约翰,收货,上架
KeHc35WiBl,黑色 品牌09 350 键盘（有线）,键盘,品牌09,350,有线,黑色,16*10*1,160,BW50C,劳拉,收货,上架
SPNa24SoWh,白色 品牌23 24 触控笔（可溶性）,触控笔,品牌23,24,可溶性,白色,48*10*5,2400,AO76E,简,收货,上架
AlYn15i5Si,银色 品牌15 15英寸 一体机（第5代处理器）,一体机,品牌15,15英寸,第5代处理器,银色,16*1*1,16,BR97G,克里斯,收货,上架
LaYn1416Si,银色 品牌15 14英寸 笔记本电脑（16吉字节内存）,笔记本电脑,品牌15,14英寸,16吉字节内存,银色,16*1*1,16,DM94H,简,收货,上架
LaPH1432Wh,白色 品牌12 14英寸 笔记本电脑（32吉字节内存）,笔记本电脑,品牌12,14英寸,32吉字节内存,白色,16*1*1,16,DF73B,迈克,收货,上架
LaOv148GWh,白色 品牌13 14英寸 笔记本电脑（8吉字节内存）,笔记本电脑,品牌13,14英寸,8吉字节内存,白色,16*1*1,16,BM53A,艾米丽,收货,上架
LaYn148GGr,灰色 品牌15 14英寸 笔记本电脑（8吉字节内存）,笔记本电脑,品牌15,14英寸,8吉字节内存,灰色,16*1*1,16,DX68B,艾米丽,收货,上架
AlPH1532Bl,黑色 品牌12 15英寸 一体机（32吉字节内存）,一体机,品牌12,15英寸,32吉字节内存,黑色,16*1*1,16,AN41E,劳拉,收货,上架
AlSu14i7Gr,灰色 品牌11 14英寸 一体机（第7代处理器）,一体机,品牌11,14英寸,第7代处理器,灰色,16*1*1,16,DF21F,迈克,收货,上架
PeAl50SoPi,粉色 品牌20 50 铅笔（可溶性）,铅笔,品牌20,50,可溶性,粉色,48*10*5,2400,AY14H,约翰,收货,上架
PeRe50WaPi,粉色 品牌22 50 铅笔（水彩）,铅笔,品牌22,50,水彩,粉色,48*10*5,2400,CP56H,约翰,收货,上架
LaRe1416Gr,灰色 品牌14 14英寸 笔记本电脑（16吉字节内存）,笔记本电脑,品牌14,14英寸,16吉字节内存,灰色,16*1*1,16,DL87G,简,收货,上架
CaRG18SlGr,灰色 品牌03 1800 文件柜（滑动式）,文件柜,品牌03,1800,滑动式,灰色,8*1*1,8,DG55B,亚历克斯,收货,上架
CaTE12SlGr,灰色 品牌04 1200 文件柜（滑动式）,文件柜,品牌04,1200,滑动式,灰色,8*1*1,8,BH51H,劳拉,收货,上架
OfSESHeBl,黑色 品牌08 小号 办公椅（头枕）,办公椅,品牌08,小号,头枕,黑色,16*1*1,16,BW79G,大卫,收货,上架
OfOGLHeGr,灰色 品牌07 大号 办公椅（头枕）,办公椅,品牌07,大号,头枕,灰色,16*1*1,16,BX44A,莎拉,收货,上架
MoHc45BlPi,粉色 品牌09 450 鼠标（蓝牙）,鼠标,品牌09,450,蓝牙,粉色,16*10*1,160,CN24C,约翰,收货,上架
AlRe14i7Bl,黑色 品牌14 14英寸 一体机（第7代处理器）,一体机,品牌14,14英寸,第7代处理器,黑色,16*1*1,16,BL03D,简,收货,上架
PeRe50WaBl,黑色 品牌22 50 铅笔（水彩）,铅笔,品牌22,50,水彩,黑色,48*10*5,2400,CH65E,约翰,收货,上架
MoPH35BlWh,白色 品牌12 350 鼠标（蓝牙）,鼠标,品牌12,350,蓝牙,白色,16*10*1,160,BT17B,艾米,收货,上架
OfSESHeGr,灰色 品牌08 小号 办公椅（头枕）,办公椅,品牌08,小号,头枕,灰色,16*1*1,16,BN44G,约翰,收货,上架
NoGrA3doWh,白色 品牌18 三号纸 笔记本（点阵）,笔记本,品牌18,三号纸,点阵,白色,48*10*5,2400,AP55C,克里斯,收货,上架
MoRe45ErBl,黑色 品牌10 450 鼠标（人体工学）,鼠标,品牌10,450,人体工学,黑色,16*10*1,160,BT04D,约翰,收货,上架
CuQE90DoWh,白色 品牌01 900 储物柜（带门式）,储物柜,品牌01,900,带门式,白色,8*1*1,8,BU63H,迈克,收货,上架
PrPHA4InMi,混合色 品牌12 四号纸 打印机（喷墨）,打印机,品牌12,四号纸,喷墨,混合色,16*1*1,16,BT95F,劳拉,收货,上架
CaTE90DoBl,黑色 品牌04 900 文件柜（带门式）,文件柜,品牌04,900,带门式,黑色,8*1*1,8,AV69D,约翰,收货,上架
OfXELErGr,灰色 品牌06 大号 办公椅（人体工学）,办公椅,品牌06,大号,人体工学,灰色,16*1*1,16,DL38D,简,收货,上架
LaPH1716Wh,白色 品牌12 17英寸 笔记本电脑（16吉字节内存）,笔记本电脑,品牌12,17英寸,16吉字节内存,白色,16*1*1,16,DG77H,迈克,收货,上架
DrWE12DoBl,黑色 品牌02 1200 抽屉柜（带门式）,抽屉柜,品牌02,1200,带门式,黑色,8*1*1,8,BQ08B,艾米,收货,上架
LaSu15i5Wh,白色 品牌11 15英寸 笔记本电脑（第5代处理器）,笔记本电脑,品牌11,15英寸,第5代处理器,白色,16*1*1,16,DV12F,简,收货,上架
LaSu14i7Gr,灰色 品牌11 14英寸 笔记本电脑（第7代处理器）,笔记本电脑,品牌11,14英寸,第7代处理器,灰色,16*1*1,16,AM18A,亚历克斯,收货,上架
TaAE15AuGr,灰色 品牌05 1500 桌子（自动调节）,桌子,品牌05,1500,自动调节,灰色,8*1*1,8,BW51H,迈克,收货,上架
AlPH148GWh,白色 品牌12 14英寸 一体机（8吉字节内存）,一体机,品牌12,14英寸,8吉字节内存,白色,16*1*1,16,DX26F,大卫,收货,上架
SPAl24SoGr,灰色 品牌20 24 触控笔（可溶性）,触控笔,品牌20,24,可溶性,灰色,48*10*5,2400,BX82B,艾米,收货,上架
PeAl50SoGr,灰色 品牌20 50 铅笔（可溶性）,铅笔,品牌20,50,可溶性,灰色,48*10*5,2400,DK49B,简,收货,上架
OfSELErBl,黑色 品牌08 大号 办公椅（人体工学）,办公椅,品牌08,大号,人体工学,黑色,16*1*1,16,CH25F,约翰,收货,上架
MoPH27BlBl,黑色 品牌12 270 鼠标（蓝牙）,鼠标,品牌12,270,蓝牙,黑色,16*10*1,160,BL61D,简,收货,上架
PrSoA2MoMi,混合色 品牌25 二号纸 打印机（黑白）,打印机,品牌25,二号纸,黑白,混合色,16*1*1,16,AX33F,克里斯,收货,上架
CaWE18FiGr,灰色 品牌02 1800 文件柜（文件收纳）,文件柜,品牌02,1800,文件收纳,灰色,8*1*1,8,CQ31C,亚历克斯,收货,上架
PrPHA4WiGr,灰色 品牌12 四号纸 打印机（无线网络）,打印机,品牌12,四号纸,无线网络,灰色,16*1*1,16,DF36H,劳拉,收货,上架
TVGL65SFGr,灰色 品牌31 65英寸 电视机（超级全高清）,电视机,品牌31,65英寸,超级全高清,灰色,8*1*1,8,DG98A,莎拉,收货,上架
TVGn324KBl,黑色 品牌30 32英寸 电视机（超高清）,电视机,品牌30,32英寸,超高清,黑色,8*1*1,8,CV72E,约翰,收货,上架
TVYn42S4Wh,白色 品牌15 42英寸 电视机（超级超高清）,电视机,品牌15,42英寸,超级超高清,白色,8*1*1,8,BM55F,亚历克斯,收货,上架
MoSu35BlBl,黑色 品牌11 350 鼠标（蓝牙）,鼠标,品牌11,350,蓝牙,黑色,16*10*1,160,CM31F,简,收货,上架
AlPH14i5Gr,灰色 品牌12 14英寸 一体机（第5代处理器）,一体机,品牌12,14英寸,第5代处理器,灰色,16*1*1,16,DF04A,大卫,收货,上架
AlYn15i5Wh,白色 品牌15 15英寸 一体机（第5代处理器）,一体机,品牌15,15英寸,第5代处理器,白色,16*1*1,16,CY34B,克里斯,收货,上架
CaTE90SlWh,白色 品牌04 900 文件柜（滑动式）,文件柜,品牌04,900,滑动式,白色,8*1*1,8,BG32D,约翰,收货,上架
KeSu45MePi,粉色 品牌11 450 键盘（机械式）,键盘,品牌11,450,机械式,粉色,16*10*1,160,DZ82B,艾米,收货,上架
SPAl12WaBl,黑色 品牌20 12 触控笔（水彩）,触控笔,品牌20,12,水彩,黑色,48*10*5,2400,BQ85G,劳拉,收货,上架
TaCI15FrWh,白色 品牌27 1500 桌子（框架式）,桌子,品牌27,1500,框架式,白色,8*1*1,8,CS98A,大卫,收货,上架
AlSu1516Si,银色 品牌11 15英寸 一体机（16吉字节内存）,一体机,品牌11,15英寸,16吉字节内存,银色,16*1*1,16,BV55B,亚历克斯,收货,上架
AlPH14i7Wh,白色 品牌12 14英寸 一体机（第7代处理器）,一体机,品牌12,14英寸,第7代处理器,白色,16*1*1,16,DF92A,克里斯,收货,上架
PrNoA3WiBl,黑色 品牌26 三号纸 打印机（无线网络）,打印机,品牌26,三号纸,无线网络,黑色,16*1*1,16,DX34C,克里斯,收货,上架
TaTR15WoBl,黑色 品牌28 1500 桌子（工作站）,桌子,品牌28,1500,工作站,黑色,8*1*1,8,DO14B,简,收货,上架
TVYn754KSi,银色 品牌15 75英寸 电视机（超高清）,电视机,品牌15,75英寸,超高清,银色,8*1*1,8,BM25F,克里斯,收货,上架
LaSu1432Gr,灰色 品牌11 14英寸 笔记本电脑（32吉字节内存）,笔记本电脑,品牌11,14英寸,32吉字节内存,灰色,16*1*1,16,DJ01E,迈克,收货,上架
AlSu15i5Bl,黑色 品牌11 15英寸 一体机（第5代处理器）,一体机,品牌11,15英寸,第5代处理器,黑色,16*1*1,16,BI61C,约翰,收货,上架
GaOGLHeWh,白色 品牌07 大号 游戏椅（头枕）,游戏椅,品牌07,大号,头枕,白色,16*1*1,16,DZ28D,约翰,收货,上架
AlRe148GSi,银色 品牌14 14英寸 一体机（8吉字节内存）,一体机,品牌14,14英寸,8吉字节内存,银色,16*1*1,16,AK14F,艾米,收货,上架
TVYn42FHBl,黑色 品牌15 42英寸 电视机（全高清）,电视机,品牌15,42英寸,全高清,黑色,8*1*1,8,CS48A,大卫,收货,上架
PrNoA2WiGr,灰色 品牌26 二号纸 打印机（无线网络）,打印机,品牌26,二号纸,无线网络,灰色,16*1*1,16,DW55D,迈克,收货,上架
KeSu45ErPi,粉色 品牌11 450 键盘（人体工学）,键盘,品牌11,450,人体工学,粉色,16*10*1,160,BJ16H,约翰,收货,上架
CaTE90SlBe,米色 品牌04 900 文件柜（滑动式）,文件柜,品牌04,900,滑动式,米色,8*1*1,8,AX67C,劳拉,收货,上架
NoGrA4ruBl,黑色 品牌18 四号纸 笔记本（横线）,笔记本,品牌18,四号纸,横线,黑色,48*10*5,2400,AP55A,克里斯,收货,上架
GaAEMHeGr,灰色 品牌05 中号 游戏椅（头枕）,游戏椅,品牌05,中号,头枕,灰色,16*1*1,16,AM60E,约翰,收货,上架
CuQE12SlGr,灰色 品牌01 1200 储物柜（滑动式）,储物柜,品牌01,1200,滑动式,灰色,8*1*1,8,DJ71D,艾米,收货,上架
OfAESHePi,粉色 品牌05 小号 办公椅（头枕）,办公椅,品牌05,小号,头枕,粉色,16*1*1,16,DP98A,艾米丽,收货,上架
CaTE12LoGr,灰色 品牌04 1200 文件柜（储物锁柜）,文件柜,品牌04,1200,储物锁柜,灰色,8*1*1,8,BK03B,大卫,收货,上架
PrSoA3AlBl,黑色 品牌25 三号纸 打印机（一体式）,打印机,品牌25,三号纸,一体式,黑色,16*1*1,16,DW01E,约翰,收货,上架
DrRG18DoBe,米色 品牌03 1800 抽屉柜（带门式）,抽屉柜,品牌03,1800,带门式,米色,8*1*1,8,CG34C,克里斯,收货,上架
LaSu1532Gr,灰色 品牌11 15英寸 笔记本电脑（32吉字节内存）,笔记本电脑,品牌11,15英寸,32吉字节内存,灰色,16*1*1,16,CI84F,莎拉,收货,上架
TVGn32S4Wh,白色 品牌30 32英寸 电视机（超级超高清）,电视机,品牌30,32英寸,超级超高清,白色,8*1*1,8,AU85F,简,收货,上架
NoScA5doBl,黑色 品牌17 五号纸 笔记本（点阵）,笔记本,品牌17,五号纸,点阵,黑色,48*10*5,2400,BJ01G,艾米,收货,上架
PrPHA4AlBl,黑色 品牌12 四号纸 打印机（一体式）,打印机,品牌12,四号纸,一体式,黑色,16*1*1,16,DZ67G,艾米丽,收货,上架
CuTE90FiBe,米色 品牌04 900 储物柜（文件收纳）,储物柜,品牌04,900,文件收纳,米色,8*1*1,8,DZ22D,约翰,收货,上架
TaAE18FrWh,白色 品牌05 1800 桌子（框架式）,桌子,品牌05,1800,框架式,白色,8*1*1,8,DJ40D,简,收货,上架
OfXESLeBl,黑色 品牌06 小号 办公椅（皮革）,办公椅,品牌06,小号,皮革,黑色,16*1*1,16,CP33F,迈克,收货,上架
LaRe1532Bl,黑色 品牌14 15英寸 笔记本电脑（32吉字节内存）,笔记本电脑,品牌14,15英寸,32吉字节内存,黑色,16*1*1,16,DW05D,莎拉,收货,上架
TVEs42FHSi,银色 品牌32 42英寸 电视机（全高清）,电视机,品牌32,42英寸,全高清,银色,8*1*1,8,DV25B,大卫,收货,上架
PrReA3LaMi,混合色 品牌24 三号纸 打印机（激光）,打印机,品牌24,三号纸,激光,混合色,16*1*1,16,DK35A,克里斯,收货,上架
PeRe24WaGr,灰色 品牌22 24 铅笔（水彩）,铅笔,品牌22,24,水彩,灰色,48*10*5,2400,CZ24F,简,收货,上架
NoGrA3liBl,黑色 品牌18 三号纸 笔记本（线条）,笔记本,品牌18,三号纸,线条,黑色,48*10*5,2400,DH96G,莎拉,收货,上架
AlPH1416Si,银色 品牌12 14英寸 一体机（16吉字节内存）,一体机,品牌12,14英寸,16吉字节内存,银色,16*1*1,16,CH73A,克里斯,收货,上架
TVYn42S4Gr,灰色 品牌15 42英寸 电视机（超级超高清）,电视机,品牌15,42英寸,超级超高清,灰色,8*1*1,8,CM48B,大卫,收货,上架
TaAE15FrGr,灰色 品牌05 1500 桌子（框架式）,桌子,品牌05,1500,框架式,灰色,8*1*1,8,DJ53A,克里斯,收货,上架
CuWE18DoGr,灰色 品牌02 1800 储物柜（带门式）,储物柜,品牌02,1800,带门式,灰色,8*1*1,8,AG38H,劳拉,收货,上架
PeAl24WaWh,白色 品牌20 24 铅笔（水彩）,铅笔,品牌20,24,水彩,白色,48*10*5,2400,BK43F,艾米,收货,上架
TaAE15AuBl,黑色 品牌05 1500 桌子（自动调节）,桌子,品牌05,1500,自动调节,黑色,8*1*1,8,CX85E,艾米丽,收货,上架
LaRe15i7Si,银色 品牌14 15英寸 笔记本电脑（第7代处理器）,笔记本电脑,品牌14,15英寸,第7代处理器,银色,16*1*1,16,DI38H,劳拉,收货,上架
KeHc45MePi,粉色 品牌09 450 键盘（机械式）,键盘,品牌09,450,机械式,粉色,16*10*1,160,CR67A,艾米丽,收货,上架
LaOv1732Bl,黑色 品牌13 17英寸 笔记本电脑（32吉字节内存）,笔记本电脑,品牌13,17英寸,32吉字节内存,黑色,16*1*1,16,DM79A,莎拉,收货,上架
TVYn50S4Wh,白色 品牌15 50英寸 电视机（超级超高清）,电视机,品牌15,50英寸,超级超高清,白色,8*1*1,8,DR62H,亚历克斯,收货,上架
LaPH178GWh,白色 品牌12 17英寸 笔记本电脑（8吉字节内存）,笔记本电脑,品牌12,17英寸,8吉字节内存,白色,16*1*1,16,CO65E,劳拉,收货,上架
MoRe45ErWh,白色 品牌10 450 鼠标（人体工学）,鼠标,品牌10,450,人体工学,白色,16*10*1,160,AU67D,艾米,收货,上架
CaRG12LoWh,白色 品牌03 1200 文件柜（储物锁柜）,文件柜,品牌03,1200,储物锁柜,白色,8*1*1,8,BS01F,莎拉,收货,上架
PrReA2LaBl,黑色 品牌24 二号纸 打印机（激光）,打印机,品牌24,二号纸,激光,黑色,16*1*1,16,DJ18B,劳拉,收货,上架
GaAESAdPi,粉色 品牌05 小号 游戏椅（可调节）,游戏椅,品牌05,小号,可调节,粉色,16*1*1,16,BS23B,约翰,收货,上架
CuWE18LoBl,黑色 品牌02 1800 储物柜（储物锁柜）,储物柜,品牌02,1800,储物锁柜,黑色,8*1*1,8,AU79F,劳拉,收货,上架
TVGn65FHWh,白色 品牌30 65英寸 电视机（全高清）,电视机,品牌30,65英寸,全高清,白色,8*1*1,8,BX62A,艾米,收货,上架
PeRe12HeWh,白色 品牌22 12 铅笔（六角形）,铅笔,品牌22,12,六角形,白色,48*10*5,2400,CI89E,克里斯,收货,上架
GaAELAdWh,白色 品牌05 大号 游戏椅（可调节）,游戏椅,品牌05,大号,可调节,白色,16*1*1,16,AY21H,约翰,收货,上架
CuWE18FiWh,白色 品牌02 1800 储物柜（文件收纳）,储物柜,品牌02,1800,文件收纳,白色,8*1*1,8,BV18G,约翰,收货,上架
TVGn65SFBl,黑色 品牌30 65英寸 电视机（超级全高清）,电视机,品牌30,65英寸,超级全高清,黑色,8*1*1,8,DP39C,艾米丽,收货,上架
SPNa50SoPi,粉色 品牌23 50 触控笔（可溶性）,触控笔,品牌23,50,可溶性,粉色,48*10*5,2400,CZ51H,劳拉,收货,上架
LaPH17i7Wh,白色 品牌12 17英寸 笔记本电脑（第7代处理器）,笔记本电脑,品牌12,17英寸,第7代处理器,白色,16*1*1,16,AY25G,简,收货,上架
TVEs32SFGr,灰色 品牌32 32英寸 电视机（超级全高清）,电视机,品牌32,32英寸,超级全高清,灰色,8*1*1,8,AX69F,劳拉,收货,上架
DrQE90LoWh,白色 品牌01 900 抽屉柜（储物锁柜）,抽屉柜,品牌01,900,储物锁柜,白色,8*1*1,8,CH10F,劳拉,收货,上架
NoGrA5ruGr,灰色 品牌18 五号纸 笔记本（横线）,笔记本,品牌18,五号纸,横线,灰色,48*10*5,2400,DK07C,迈克,收货,上架
CaRG90LoBl,黑色 品牌03 900 文件柜（储物锁柜）,文件柜,品牌03,900,储物锁柜,黑色,8*1*1,8,AM05B,亚历克斯,收货,上架
CaRG18FiGr,灰色 品牌03 1800 文件柜（文件收纳）,文件柜,品牌03,1800,文件收纳,灰色,8*1*1,8,CH55B,克里斯,收货,上架
CuRG90LoWh,白色 品牌03 900 储物柜（储物锁柜）,储物柜,品牌03,900,储物锁柜,白色,8*1*1,8,BO82C,亚历克斯,收货,上架
TaTR10AuSi,银色 品牌29 1000 桌子（自动调节）,桌子,品牌29,1000,自动调节,银色,8*1*1,8,DJ34C,艾米丽,收货,上架
CuWE12LoWh,白色 品牌02 1200 储物柜（储物锁柜）,储物柜,品牌02,1200,储物锁柜,白色,8*1*1,8,CZ83F,大卫,收货,上架
KeHc45WiWh,白色 品牌09 450 键盘（有线）,键盘,品牌09,450,有线,白色,16*10*1,160,BN61C,迈克,收货,上架
MoHc27BlBl,黑色 品牌09 270 鼠标（蓝牙）,鼠标,品牌09,270,蓝牙,黑色,16*10*1,160,AT87H,莎拉,收货,上架
LaOv15i7Si,银色 品牌13 15英寸 笔记本电脑（第7代处理器）,笔记本电脑,品牌13,15英寸,第7代处理器,银色,16*1*1,16,AT75C,迈克,收货,上架
DrRG18SlWh,白色 品牌03 1800 抽屉柜（滑动式）,抽屉柜,品牌03,1800,滑动式,白色,8*1*1,8,DJ38F,劳拉,收货,上架
TVGL32S4Bl,黑色 品牌31 32英寸 电视机（超级超高清）,电视机,品牌31,32英寸,超级超高清,黑色,8*1*1,8,CF11E,劳拉,收货,上架
PeRe50WaGr,灰色 品牌22 50 铅笔（水彩）,铅笔,品牌22,50,水彩,灰色,48*10*5,2400,CP91A,艾米,收货,上架
TaCI18AdGr,灰色 品牌27 1800 桌子（可调节）,桌子,品牌27,1800,可调节,灰色,8*1*1,8,BU91G,大卫,收货,上架
AlSu1716Wh,白色 品牌11 17英寸 一体机（16吉字节内存）,一体机,品牌11,17英寸,16吉字节内存,白色,16*1*1,16,BH74G,克里斯,收货,上架
PeAl12HePi,粉色 品牌20 12 铅笔（六角形）,铅笔,品牌20,12,六角形,粉色,48*10*5,2400,DL63A,莎拉,收货,上架
PeAl24WaWh,白色 品牌20 24 铅笔（水彩）,铅笔,品牌20,24,水彩,白色,48*10*5,2400,CL42E,约翰,收货,上架
CaRG90DoGr,灰色 品牌03 900 文件柜（带门式）,文件柜,品牌03,900,带门式,灰色,8*1*1,8,BM82D,迈克,收货,上架
SPAl24SoGr,灰色 品牌20 24 触控笔（可溶性）,触控笔,品牌20,24,可溶性,灰色,48*10*5,2400,AU36B,迈克,收货,上架
LaRe17i5Wh,白色 品牌14 17英寸 笔记本电脑（第5代处理器）,笔记本电脑,品牌14,17英寸,第5代处理器,白色,16*1*1,16,AO23G,劳拉,收货,上架
CuQE90FiBl,黑色 品牌01 900 储物柜（文件收纳）,储物柜,品牌01,900,文件收纳,黑色,8*1*1,8,DH72E,克里斯,收货,上架
TVGn32S4Gr,灰色 品牌30 32英寸 电视机（超级超高清）,电视机,品牌30,32英寸,超级超高清,灰色,8*1*1,8,BK98B,大卫,收货,上架
LaRe178GGr,灰色 品牌14 17英寸 笔记本电脑（8吉字节内存）,笔记本电脑,品牌14,17英寸,8吉字节内存,灰色,16*1*1,16,CS79F,劳拉,收货,上架
CuWE12FiBe,米色 品牌02 1200 储物柜（文件收纳）,储物柜,品牌02,1200,文件收纳,米色,8*1*1,8,AT45F,艾米,收货,上架
GaAELErBl,黑色 品牌05 大号 游戏椅（人体工学）,游戏椅,品牌05,大号,人体工学,黑色,16*1*1,16,AH17H,劳拉,收货,上架
TaCI18AuSi,银色 品牌27 1800 桌子（自动调节）,桌子,品牌27,1800,自动调节,银色,8*1*1,8,BH21D,迈克,收货,上架
TVYn50FHGr,灰色 品牌15 50英寸 电视机（全高清）,电视机,品牌15,50英寸,全高清,灰色,8*1*1,8,BH87C,克里斯,收货,上架
SPRe50SoWh,白色 品牌22 50 触控笔（可溶性）,触控笔,品牌22,50,可溶性,白色,48*10*5,2400,AS12C,莎拉,收货,上架
OfSEMHePi,粉色 品牌08 中号 办公椅（头枕）,办公椅,品牌08,中号,头枕,粉色,16*1*1,16,AI43E,迈克,收货,上架
LaYn1532Si,银色 品牌15 15英寸 笔记本电脑（32吉字节内存）,笔记本电脑,品牌15,15英寸,32吉字节内存,银色,16*1*1,16,DQ77A,艾米丽,收货,上架
KeRe45ErPi,粉色 品牌10 450 键盘（人体工学）,键盘,品牌10,450,人体工学,粉色,16*10*1,160,BY44G,亚历克斯,收货,上架
AlSu1532Gr,灰色 品牌11 15英寸 一体机（32吉字节内存）,一体机,品牌11,15英寸,32吉字节内存,灰色,16*1*1,16,DS92F,迈克,收货,上架
OfXESLeWh,白色 品牌06 小号 办公椅（皮革）,办公椅,品牌06,小号,皮革,白色,16*1*1,16,CZ21D,简,收货,上架
TVGL65FHBl,黑色 品牌31 65英寸 电视机（全高清）,电视机,品牌31,65英寸,全高清,黑色,8*1*1,8,CU63H,迈克,收货,上架
CuWE12DoBl,黑色 品牌02 1200 储物柜（带门式）,储物柜,品牌02,1200,带门式,黑色,8*1*1,8,DH13H,劳拉,收货,上架
CuRG18SlBl,黑色 品牌03 1800 储物柜（滑动式）,储物柜,品牌03,1800,滑动式,黑色,8*1*1,8,BR07B,艾米,收货,上架
GaSESAdPi,粉色 品牌08 小号 游戏椅（可调节）,游戏椅,品牌08,小号,可调节,粉色,16*1*1,16,AZ67C,亚历克斯,收货,上架
MoPH27ErPi,粉色 品牌12 270 鼠标（人体工学）,鼠标,品牌12,270,人体工学,粉色,16*10*1,160,CO48E,克里斯,收货,上架
OfOGLLeBl,黑色 品牌07 大号 办公椅（皮革）,办公椅,品牌07,大号,皮革,黑色,16*1*1,16,BG07E,约翰,收货,上架
TaAE18AuBl,黑色 品牌05 1800 桌子（自动调节）,桌子,品牌05,1800,自动调节,黑色,8*1*1,8,BL08F,克里斯,收货,上架
KeHc35ErPi,粉色 品牌09 350 键盘（人体工学）,键盘,品牌09,350,人体工学,粉色,16*10*1,160,BI68F,迈克,收货,上架
TaTR18WoWh,白色 品牌28 1800 桌子（工作站）,桌子,品牌28,1800,工作站,白色,8*1*1,8,AW90D,迈克,收货,上架
NoExA3ruSi,银色 品牌16 三号纸 笔记本（横线）,笔记本,品牌16,三号纸,横线,银色,48*10*5,2400,AN14B,亚历克斯,收货,上架
DrTE12LoGr,灰色 品牌04 1200 抽屉柜（储物锁柜）,抽屉柜,品牌04,1200,储物锁柜,灰色,8*1*1,8,DI13H,亚历克斯,收货,上架
DrQE90SlGr,灰色 品牌01 900 抽屉柜（滑动式）,抽屉柜,品牌01,900,滑动式,灰色,8*1*1,8,DV59C,亚历克斯,收货,上架
LaOv15i7Si,银色 品牌13 15英寸 笔记本电脑（第7代处理器）,笔记本电脑,品牌13,15英寸,第7代处理器,银色,16*1*1,16,BM92H,大卫,收货,上架
LaSu14i7Gr,灰色 品牌11 14英寸 笔记本电脑（第7代处理器）,笔记本电脑,品牌11,14英寸,第7代处理器,灰色,16*1*1,16,AL90C,简,收货,上架
TaTR10FrWh,白色 品牌29 1000 桌子（框架式）,桌子,品牌29,1000,框架式,白色,8*1*1,8,DI38E,大卫,收货,上架
GaSELLePi,粉色 品牌08 大号 游戏椅（皮革）,游戏椅,品牌08,大号,皮革,粉色,16*1*1,16,DH73F,莎拉,收货,上架
LaRe15i5Bl,黑色 品牌14 15英寸 笔记本电脑（第5代处理器）,笔记本电脑,品牌14,15英寸,第5代处理器,黑色,16*1*1,16,BR63A,迈克,收货,上架
PeGi50SoPi,粉色 品牌21 50 铅笔（可溶性）,铅笔,品牌21,50,可溶性,粉色,48*10*5,2400,DQ27A,亚历克斯,收货,上架
LaSu17i7Si,银色 品牌11 17英寸 笔记本电脑（第7代处理器）,笔记本电脑,品牌11,17英寸,第7代处理器,银色,16*1*1,16,BU58E,莎拉,收货,上架
LaPH1716Gr,灰色 品牌12 17英寸 笔记本电脑（16吉字节内存）,笔记本电脑,品牌12,17英寸,16吉字节内存,灰色,16*1*1,16,AI49B,莎拉,收货,上架
NoScA5ruBl,黑色 品牌17 五号纸 笔记本（横线）,笔记本,品牌17,五号纸,横线,黑色,48*10*5,2400,BQ62F,约翰,收货,上架
TaTR10FrSi,银色 品牌28 1000 桌子（框架式）,桌子,品牌28,1000,框架式,银色,8*1*1,8,DI79C,劳拉,收货,上架
GaAEMHeWh,白色 品牌05 中号 游戏椅（头枕）,游戏椅,品牌05,中号,头枕,白色,16*1*1,16,AP85C,约翰,收货,上架
DrWE12FiGr,灰色 品牌02 1200 抽屉柜（文件收纳）,抽屉柜,品牌02,1200,文件收纳,灰色,8*1*1,8,CO70D,约翰,收货,上架
DrWE90SlGr,灰色 品牌02 900 抽屉柜（滑动式）,抽屉柜,品牌02,900,滑动式,灰色,8*1*1,8,CH55C,迈克,收货,上架
LaRe15i7Si,银色 品牌14 15英寸 笔记本电脑（第7代处理器）,笔记本电脑,品牌14,15英寸,第7代处理器,银色,16*1*1,16,AT26H,艾米丽,收货,上架
TVEs75S4Wh,白色 品牌32 75英寸 电视机（超级超高清）,电视机,品牌32,75英寸,超级超高清,白色,8*1*1,8,AL45D,劳拉,收货,上架
TVGn424KWh,白色 品牌30 42英寸 电视机（超高清）,电视机,品牌30,42英寸,超高清,白色,8*1*1,8,CY35C,亚历克斯,收货,上架
PeNa50WaWh,白色 品牌23 50 铅笔（水彩）,铅笔,品牌23,50,水彩,白色,48*10*5,2400,CX48B,简,收货,上架
PeRe50SoWh,白色 品牌22 50 铅笔（可溶性）,铅笔,品牌22,50,可溶性,白色,48*10*5,2400,CL02H,迈克,收货,上架
CaWE18LoBl,黑色 品牌02 1800 文件柜（储物锁柜）,文件柜,品牌02,1800,储物锁柜,黑色,8*1*1,8,CW67D,劳拉,收货,上架
OfSESErPi,粉色 品牌08 小号 办公椅（人体工学）,办公椅,品牌08,小号,人体工学,粉色,16*1*1,16,CY52B,克里斯,收货,上架
CaRG18DoBl,黑色 品牌03 1800 文件柜（带门式）,文件柜,品牌03,1800,带门式,黑色,8*1*1,8,BG31E,艾米丽,收货,上架
TVGn65SFGr,灰色 品牌30 65英寸 电视机（超级全高清）,电视机,品牌30,65英寸,超级全高清,灰色,8*1*1,8,AV17E,艾米丽,收货,上架
KeHc35MeBl,黑色 品牌09 350 键盘（机械式）,键盘,品牌09,350,机械式,黑色,16*10*1,160,CH67F,艾米丽,收货,上架
NoScA4ruWh,白色 品牌17 四号纸 笔记本（横线）,笔记本,品牌17,四号纸,横线,白色,48*10*5,2400,DO56D,克里斯,收货,上架
GaAESLeBl,黑色 品牌05 小号 游戏椅（皮革）,游戏椅,品牌05,小号,皮革,黑色,16*1*1,16,AV62G,迈克,收货,上架
TaAE18AuWh,白色 品牌05 1800 桌子（自动调节）,桌子,品牌05,1800,自动调节,白色,8*1*1,8,BW93E,克里斯,收货,上架
TVGn42S4Si,银色 品牌30 42英寸 电视机（超级超高清）,电视机,品牌30,42英寸,超级超高清,银色,8*1*1,8,DQ14H,劳拉,收货,上架
MoPH35BlNa,藏青色 品牌12 350 鼠标（蓝牙）,鼠标,品牌12,350,蓝牙,藏青色,16*10*1,160,BN61D,劳拉,收货,上架
AlYn178GSi,银色 品牌15 17英寸 一体机（8吉字节内存）,一体机,品牌15,17英寸,8吉字节内存,银色,16*1*1,16,DO25G,劳拉,收货,上架
CaQE12DoBe,米色 品牌01 1200 文件柜（带门式）,文件柜,品牌01,1200,带门式,米色,8*1*1,8,CO76G,克里斯,收货,上架
SPNa12HeWh,白色 品牌23 12 触控笔（六角形）,触控笔,品牌23,12,六角形,白色,48*10*5,2400,BW13A,克里斯,收货,上架
OfAESErGr,灰色 品牌05 小号 办公椅（人体工学）,办公椅,品牌05,小号,人体工学,灰色,16*1*1,16,AM84B,简,收货,上架
MoHc45BlNa,藏青色 品牌09 450 鼠标（蓝牙）,鼠标,品牌09,450,蓝牙,藏青色,16*10*1,160,BP84D,大卫,收货,上架
MoHc35MePi,粉色 品牌09 350 鼠标（机械式）,鼠标,品牌09,350,机械式,粉色,16*10*1,160,CT11C,莎拉,收货,上架
NoExA3doSi,银色 品牌16 三号纸 笔记本（点阵）,笔记本,品牌16,三号纸,点阵,银色,48*10*5,2400,AT72A,亚历克斯,收货,上架
LaSu14i7Bl,黑色 品牌11 14英寸 笔记本电脑（第7代处理器）,笔记本电脑,品牌11,14英寸,第7代处理器,黑色,16*1*1,16,BI09H,约翰,收货,上架
MoRe35MeNa,藏青色 品牌10 350 鼠标（机械式）,鼠标,品牌10,350,机械式,藏青色,16*10*1,160,DT88A,大卫,收货,上架
PrNoA3LaBl,黑色 品牌26 三号纸 打印机（激光）,打印机,品牌26,三号纸,激光,黑色,16*1*1,16,DO76E,亚历克斯,收货,上架
PeGi50WaPi,粉色 品牌21 50 铅笔（水彩）,铅笔,品牌21,50,水彩,粉色,48*10*5,2400,CK12D,克里斯,收货,上架
GaSEMLeGr,灰色 品牌08 中号 游戏椅（皮革）,游戏椅,品牌08,中号,皮革,灰色,16*1*1,16,AH65C,约翰,收货,上架
MoHc27WiBl,黑色 品牌09 270 鼠标（有线）,鼠标,品牌09,270,有线,黑色,16*10*1,160,AV22C,约翰,收货,上架
TVGL424KGr,灰色 品牌31 42英寸 电视机（超高清）,电视机,品牌31,42英寸,超高清,灰色,8*1*1,8,AO25E,约翰,收货,上架
LaSu17i7Wh,白色 品牌11 17英寸 笔记本电脑（第7代处理器）,笔记本电脑,品牌11,17英寸,第7代处理器,白色,16*1*1,16,DH14C,莎拉,收货,上架
MoPH45WiNa,藏青色 品牌12 450 鼠标（有线）,鼠标,品牌12,450,有线,藏青色,16*10*1,160,AI34G,莎拉,收货,上架
MoHc27MeWh,白色 品牌09 270 鼠标（机械式）,鼠标,品牌09,270,机械式,白色,16*10*1,160,DN75D,劳拉,收货,上架
CuRG90SlBl,黑色 品牌03 900 储物柜（滑动式）,储物柜,品牌03,900,滑动式,黑色,8*1*1,8,CQ12G,克里斯,收货,上架
AlOv14i5Gr,灰色 品牌13 14英寸 一体机（第5代处理器）,一体机,品牌13,14英寸,第5代处理器,灰色,16*1*1,16,AU24G,莎拉,收货,上架
MoHc45WiPi,粉色 品牌09 450 鼠标（有线）,鼠标,品牌09,450,有线,粉色,16*10*1,160,DJ97C,亚历克斯,收货,上架
PeRe12WaWh,白色 品牌22 12 铅笔（水彩）,铅笔,品牌22,12,水彩,白色,48*10*5,2400,AL36E,简,收货,上架
LaSu17i5Wh,白色 品牌11 17英寸 笔记本电脑（第5代处理器）,笔记本电脑,品牌11,17英寸,第5代处理器,白色,16*1*1,16,CG89E,艾米丽,收货,上架
CaTE90SlGr,灰色 品牌04 900 文件柜（滑动式）,文件柜,品牌04,900,滑动式,灰色,8*1*1,8,CN61F,艾米,收货,上架
KeRe35BlNa,藏青色 品牌10 350 键盘（蓝牙）,键盘,品牌10,350,蓝牙,藏青色,16*10*1,160,BZ68A,克里斯,收货,上架
MoHc35WiWh,白色 品牌09 350 鼠标（有线）,鼠标,品牌09,350,有线,白色,16*10*1,160,AU46H,约翰,收货,上架
PeRe50HeGr,灰色 品牌22 50 铅笔（六角形）,铅笔,品牌22,50,六角形,灰色,48*10*5,2400,BJ51C,艾米,收货,上架
TaAE10FrBl,黑色 品牌05 1000 桌子（框架式）,桌子,品牌05,1000,框架式,黑色,8*1*1,8,CZ94D,简,收货,上架
GaSEMLeGr,灰色 品牌08 中号 游戏椅（皮革）,游戏椅,品牌08,中号,皮革,灰色,16*1*1,16,CP57D,克里斯,收货,上架
AlSu14i7Gr,灰色 品牌11 14英寸 一体机（第7代处理器）,一体机,品牌11,14英寸,第7代处理器,灰色,16*1*1,16,CG29E,迈克,收货,上架
OfOGLAdWh,白色 品牌07 大号 办公椅（可调节）,办公椅,品牌07,大号,可调节,白色,16*1*1,16,CU31H,简,收货,上架
OfSEMErPi,粉色 品牌08 中号 办公椅（人体工学）,办公椅,品牌08,中号,人体工学,粉色,16*1*1,16,AN52B,大卫,收货,上架
DrTE90FiGr,灰色 品牌04 900 抽屉柜（文件收纳）,抽屉柜,品牌04,900,文件收纳,灰色,8*1*1,8,DF83B,约翰,收货,上架
LaYn1416Wh,白色 品牌15 14英寸 笔记本电脑（16吉字节内存）,笔记本电脑,品牌15,14英寸,16吉字节内存,白色,16*1*1,16,DU78D,亚历克斯,收货,上架
GaAESAdBl,黑色 品牌05 小号 游戏椅（可调节）,游戏椅,品牌05,小号,可调节,黑色,16*1*1,16,DW02A,大卫,收货,上架
OfOGLAdBl,黑色 品牌07 大号 办公椅（可调节）,办公椅,品牌07,大号,可调节,黑色,16*1*1,16,DV90C,亚历克斯,收货,上架
LaRe178GWh,白色 品牌14 17英寸 笔记本电脑（8吉字节内存）,笔记本电脑,品牌14,17英寸,8吉字节内存,白色,16*1*1,16,CJ22E,大卫,收货,上架
PeNa12HeWh,白色 品牌23 12 铅笔（六角形）,铅笔,品牌23,12,六角形,白色,48*10*5,2400,DQ09E,克里斯,收货,上架
LaRe1516Si,银色 品牌14 15英寸 笔记本电脑（16吉字节内存）,笔记本电脑,品牌14,15英寸,16吉字节内存,银色,16*1*1,16,CW87B,艾米,收货,上架
TVEs75S4Gr,灰色 品牌32 75英寸 电视机（超级超高清）,电视机,品牌32,75英寸,超级超高清,灰色,8*1*1,8,DI64A,大卫,收货,上架
TVYn654KWh,白色 品牌15 65英寸 电视机（超高清）,电视机,品牌15,65英寸,超高清,白色,8*1*1,8,DQ07B,艾米丽,收货,上架
LaRe17i7Bl,黑色 品牌14 17英寸 笔记本电脑（第7代处理器）,笔记本电脑,品牌14,17英寸,第7代处理器,黑色,16*1*1,16,DL03G,亚历克斯,收货,上架
LaPH158GGr,灰色 品牌12 15英寸 笔记本电脑（8吉字节内存）,笔记本电脑,品牌12,15英寸,8吉字节内存,灰色,16*1*1,16,DT59D,亚历克斯,收货,上架
TaTR18AuWh,白色 品牌29 1800 桌子（自动调节）,桌子,品牌29,1800,自动调节,白色,8*1*1,8,AY94E,亚历克斯,收货,上架
LaYn17i7Bl,黑色 品牌15 17英寸 笔记本电脑（第7代处理器）,笔记本电脑,品牌15,17英寸,第7代处理器,黑色,16*1*1,16,CX90F,大卫,收货,上架
KePH45MeBl,黑色 品牌12 450 键盘（机械式）,键盘,品牌12,450,机械式,黑色,16*10*1,160,BF31H,劳拉,收货,上架
AlYn14i5Wh,白色 品牌15 14英寸 一体机（第5代处理器）,一体机,品牌15,14英寸,第5代处理器,白色,16*1*1,16,AY11A,简,收货,上架
AlRe17i5Si,银色 品牌14 17英寸 一体机（第5代处理器）,一体机,品牌14,17英寸,第5代处理器,银色,16*1*1,16,AZ55D,劳拉,收货,上架
AlYn1532Si,银色 品牌15 15英寸 一体机（32吉字节内存）,一体机,品牌15,15英寸,32吉字节内存,银色,16*1*1,16,BS13G,艾米丽,收货,上架
CaWE12LoBe,米色 品牌02 1200 文件柜（储物锁柜）,文件柜,品牌02,1200,储物锁柜,米色,8*1*1,8,BF53E,劳拉,收货,上架
PrSoA4MoWh,白色 品牌25 四号纸 打印机（黑白）,打印机,品牌25,四号纸,黑白,白色,16*1*1,16,DY86F,简,收货,上架
TVEs75FHSi,银色 品牌32 75英寸 电视机（全高清）,电视机,品牌32,75英寸,全高清,银色,8*1*1,8,BW82D,迈克,收货,上架
LaYn17i7Gr,灰色 品牌15 17英寸 笔记本电脑（第7代处理器）,笔记本电脑,品牌15,17英寸,第7代处理器,灰色,16*1*1,16,BJ70H,大卫,收货,上架
OfXESHePi,粉色 品牌06 小号 办公椅（头枕）,办公椅,品牌06,小号,头枕,粉色,16*1*1,16,BL51B,莎拉,收货,上架
NoGrA4liSi,银色 品牌18 四号纸 笔记本（线条）,笔记本,品牌18,四号纸,线条,银色,48*10*5,2400,BZ40B,亚历克斯,收货,上架
AlSu1716Bl,黑色 品牌11 17英寸 一体机（16吉字节内存）,一体机,品牌11,17英寸,16吉字节内存,黑色,16*1*1,16,AW81C,艾米丽,收货,上架
TVGL504KWh,白色 品牌31 50英寸 电视机（超高清）,电视机,品牌31,50英寸,超高清,白色,8*1*1,8,AM48B,亚历克斯,收货,上架
PrPHA3LaMi,混合色 品牌12 三号纸 打印机（激光）,打印机,品牌12,三号纸,激光,混合色,16*1*1,16,DY34H,亚历克斯,收货,上架
TVGL75S4Si,银色 品牌31 75英寸 电视机（超级超高清）,电视机,品牌31,75英寸,超级超高清,银色,8*1*1,8,DY23F,克里斯,收货,上架
AlRe1432Si,银色 品牌14 14英寸 一体机（32吉字节内存）,一体机,品牌14,14英寸,32吉字节内存,银色,16*1*1,16,DM71E,亚历克斯,收货,上架
CuQE12DoBe,米色 品牌01 1200 储物柜（带门式）,储物柜,品牌01,1200,带门式,米色,8*1*1,8,AQ98F,莎拉,收货,上架
TVGL324KWh,白色 品牌31 32英寸 电视机（超高清）,电视机,品牌31,32英寸,超高清,白色,8*1*1,8,DS65B,艾米丽,收货,上架
AlSu1432Gr,灰色 品牌11 14英寸 一体机（32吉字节内存）,一体机,品牌11,14英寸,32吉字节内存,灰色,16*1*1,16,CP23E,莎拉,收货,上架
AlOv178GSi,银色 品牌13 17英寸 一体机（8吉字节内存）,一体机,品牌13,17英寸,8吉字节内存,银色,16*1*1,16,CX46H,简,收货,上架
NoGrA3ruBl,黑色 品牌18 三号纸 笔记本（横线）,笔记本,品牌18,三号纸,横线,黑色,48*10*5,2400,AM94C,大卫,收货,上架
PrNoA3LaBl,黑色 品牌26 三号纸 打印机（激光）,打印机,品牌26,三号纸,激光,黑色,16*1*1,16,DQ49B,劳拉,收货,上架
TaAE15WoWh,白色 品牌05 1500 桌子（工作站）,桌子,品牌05,1500,工作站,白色,8*1*1,8,AF44G,简,收货,上架
OfSEMErPi,粉色 品牌08 中号 办公椅（人体工学）,办公椅,品牌08,中号,人体工学,粉色,16*1*1,16,DK34E,迈克,收货,上架
CaRG90LoWh,白色 品牌03 900 文件柜（储物锁柜）,文件柜,品牌03,900,储物锁柜,白色,8*1*1,8,AJ66E,莎拉,收货,上架
AlSu15i5Bl,黑色 品牌11 15英寸 一体机（第5代处理器）,一体机,品牌11,15英寸,第5代处理器,黑色,16*1*1,16,CG02H,克里斯,收货,上架
PrNoA3WiMi,混合色 品牌26 三号纸 打印机（无线网络）,打印机,品牌26,三号纸,无线网络,混合色,16*1*1,16,DP32C,莎拉,收货,上架
LaSu1416Si,银色 品牌11 14英寸 笔记本电脑（16吉字节内存）,笔记本电脑,品牌11,14英寸,16吉字节内存,银色,16*1*1,16,AO06H,克里斯,收货,上架
LaYn15i5Si,银色 品牌15 15英寸 笔记本电脑（第5代处理器）,笔记本电脑,品牌15,15英寸,第5代处理器,银色,16*1*1,16,DX58B,约翰,收货,上架
CaQE90FiBe,米色 品牌01 900 文件柜（文件收纳）,文件柜,品牌01,900,文件收纳,米色,8*1*1,8,BS73B,约翰,收货,上架
TaTR15AdBl,黑色 品牌28 1500 桌子（可调节）,桌子,品牌28,1500,可调节,黑色,8*1*1,8,DJ90B,莎拉,收货,上架
KeHc45WiNa,藏青色 品牌09 450 键盘（有线）,键盘,品牌09,450,有线,藏青色,16*10*1,160,BU15C,艾米,收货,上架
TVYn754KSi,银色 品牌15 75英寸 电视机（超高清）,电视机,品牌15,75英寸,超高清,银色,8*1*1,8,DV32E,劳拉,收货,上架
AlOv15i5Si,银色 品牌13 15英寸 一体机（第5代处理器）,一体机,品牌13,15英寸,第5代处理器,银色,16*1*1,16,BW92B,约翰,收货,上架
PeRe50SoPi,粉色 品牌22 50 铅笔（可溶性）,铅笔,品牌22,50,可溶性,粉色,48*10*5,2400,BM87A,莎拉,收货,上架
LaOv148GWh,白色 品牌13 14英寸 笔记本电脑（8吉字节内存）,笔记本电脑,品牌13,14英寸,8吉字节内存,白色,16*1*1,16,CU50A,大卫,收货,上架
TVEs654KGr,灰色 品牌32 65英寸 电视机（超高清）,电视机,品牌32,65英寸,超高清,灰色,8*1*1,8,BZ23C,艾米丽,收货,上架
LaOv17i5Gr,灰色 品牌13 17英寸 笔记本电脑（第5代处理器）,笔记本电脑,品牌13,17英寸,第5代处理器,灰色,16*1*1,16,CQ97A,克里斯,收货,上架
PeRe50HeWh,白色 品牌22 50 铅笔（六角形）,铅笔,品牌22,50,六角形,白色,48*10*5,2400,BI50C,克里斯,收货,上架
TVGL754KGr,灰色 品牌31 75英寸 电视机（超高清）,电视机,品牌31,75英寸,超高清,灰色,8*1*1,8,BM72G,简,收货,上架
PrNoA2WiMi,混合色 品牌26 二号纸 打印机（无线网络）,打印机,品牌26,二号纸,无线网络,混合色,16*1*1,16,CV89E,迈克,收货,上架
KeSu45WiBl,黑色 品牌11 450 键盘（有线）,键盘,品牌11,450,有线,黑色,16*10*1,160,CV50H,艾米,收货,上架
TVEs324KBl,黑色 品牌32 32英寸 电视机（超高清）,电视机,品牌32,32英寸,超高清,黑色,8*1*1,8,BN85C,艾米,收货,上架
TVEs75SFWh,白色 品牌32 75英寸 电视机（超级全高清）,电视机,品牌32,75英寸,超级全高清,白色,8*1*1,8,AI94A,艾米丽,收货,上架
CuWE90SlGr,灰色 品牌02 900 储物柜（滑动式）,储物柜,品牌02,900,滑动式,灰色,8*1*1,8,BJ58G,约翰,收货,上架
NoExA3doBl,黑色 品牌16 三号纸 笔记本（点阵）,笔记本,品牌16,三号纸,点阵,黑色,48*10*5,2400,BK22B,劳拉,收货,上架
SPNa24SoBl,黑色 品牌23 24 触控笔（可溶性）,触控笔,品牌23,24,可溶性,黑色,48*10*5,2400,AX53F,艾米,收货,上架
PrSoA4AlWh,白色 品牌25 四号纸 打印机（一体式）,打印机,品牌25,四号纸,一体式,白色,16*1*1,16,AF95E,劳拉,收货,上架
AlRe14i5Bl,黑色 品牌14 14英寸 一体机（第5代处理器）,一体机,品牌14,14英寸,第5代处理器,黑色,16*1*1,16,AL17D,简,收货,上架
GaXEMErGr,灰色 品牌06 中号 游戏椅（人体工学）,游戏椅,品牌06,中号,人体工学,灰色,16*1*1,16,DQ52E,艾米丽,收货,上架
AlPH14i7Gr,灰色 品牌12 14英寸 一体机（第7代处理器）,一体机,品牌12,14英寸,第7代处理器,灰色,16*1*1,16,CG60C,劳拉,收货,上架
DrWE90SlBe,米色 品牌02 900 抽屉柜（滑动式）,抽屉柜,品牌02,900,滑动式,米色,8*1*1,8,AL14H,克里斯,收货,上架
SPAl12WaBl,黑色 品牌20 12 触控笔（水彩）,触控笔,品牌20,12,水彩,黑色,48*10*5,2400,CY23F,劳拉,收货,上架
TVYn42SFBl,黑色 品牌15 42英寸 电视机（超级全高清）,电视机,品牌15,42英寸,超级全高清,黑色,8*1*1,8,AK23B,迈克,收货,上架
SPGi50SoWh,白色 品牌21 50 触控笔（可溶性）,触控笔,品牌21,50,可溶性,白色,48*10*5,2400,AU33H,艾米,收货,上架
CaRG18LoBl,黑色 品牌03 1800 文件柜（储物锁柜）,文件柜,品牌03,1800,储物锁柜,黑色,8*1*1,8,BK45B,亚历克斯,收货,上架
PeGi24HePi,粉色 品牌21 24 铅笔（六角形）,铅笔,品牌21,24,六角形,粉色,48*10*5,2400,CT88F,迈克,收货,上架
LaPH1416Si,银色 品牌12 14英寸 笔记本电脑（16吉字节内存）,笔记本电脑,品牌12,14英寸,16吉字节内存,银色,16*1*1,16,BU27A,劳拉,收货,上架
DrRG12DoBl,黑色 品牌03 1200 抽屉柜（带门式）,抽屉柜,品牌03,1200,带门式,黑色,8*1*1,8,BU22C,艾米,收货,上架
LaPH17i5Si,银色 品牌12 17英寸 笔记本电脑（第5代处理器）,笔记本电脑,品牌12,17英寸,第5代处理器,银色,16*1*1,16,BM01E,大卫,收货,上架
AlOv14i7Si,银色 品牌13 14英寸 一体机（第7代处理器）,一体机,品牌13,14英寸,第7代处理器,银色,16*1*1,16,DU21C,艾米,收货,上架
KeSu35MeWh,白色 品牌11 350 键盘（机械式）,键盘,品牌11,350,机械式,白色,16*10*1,160,CG05H,艾米,收货,上架
LaYn15i7Si,银色 品牌15 15英寸 笔记本电脑（第7代处理器）,笔记本电脑,品牌15,15英寸,第7代处理器,银色,16*1*1,16,AX17C,迈克,收货,上架
CuTE12DoGr,灰色 品牌04 1200 储物柜（带门式）,储物柜,品牌04,1200,带门式,灰色,8*1*1,8,DF45D,迈克,收货,上架
TaCI10AdBl,黑色 品牌27 1000 桌子（可调节）,桌子,品牌27,1000,可调节,黑色,8*1*1,8,BY31F,艾米丽,收货,上架
AlPH14i5Wh,白色 品牌12 14英寸 一体机（第5代处理器）,一体机,品牌12,14英寸,第5代处理器,白色,16*1*1,16,AZ90H,莎拉,收货,上架
CaRG12FiBl,黑色 品牌03 1200 文件柜（文件收纳）,文件柜,品牌03,1200,文件收纳,黑色,8*1*1,8,CW67H,莎拉,收货,上架
PrPHA2WiBl,黑色 品牌12 二号纸 打印机（无线网络）,打印机,品牌12,二号纸,无线网络,黑色,16*1*1,16,BL02A,艾米,收货,上架
TaCI18WoWh,白色 品牌27 1800 桌子（工作站）,桌子,品牌27,1800,工作站,白色,8*1*1,8,BF16F,艾米,收货,上架
LaSu14i5Bl,黑色 品牌11 14英寸 笔记本电脑（第5代处理器）,笔记本电脑,品牌11,14英寸,第5代处理器,黑色,16*1*1,16,AS08C,莎拉,收货,上架
NoScA5ruBl,黑色 品牌17 五号纸 笔记本（横线）,笔记本,品牌17,五号纸,横线,黑色,48*10*5,2400,BV65F,莎拉,收货,上架
LaRe158GGr,灰色 品牌14 15英寸 笔记本电脑（8吉字节内存）,笔记本电脑,品牌14,15英寸,8吉字节内存,灰色,16*1*1,16,AZ29B,大卫,收货,上架
AlSu1416Wh,白色 品牌11 14英寸 一体机（16吉字节内存）,一体机,品牌11,14英寸,16吉字节内存,白色,16*1*1,16,CR04H,亚历克斯,收货,上架
LaRe1432Gr,灰色 品牌14 14英寸 笔记本电脑（32吉字节内存）,笔记本电脑,品牌14,14英寸,32吉字节内存,灰色,16*1*1,16,AL95B,简,收货,上架
CuQE12DoBl,黑色 品牌01 1200 储物柜（带门式）,储物柜,品牌01,1200,带门式,黑色,8*1*1,8,AV46E,迈克,收货,上架
PrPHA3MoBl,黑色 品牌12 三号纸 打印机（黑白）,打印机,品牌12,三号纸,黑白,黑色,16*1*1,16,BQ77A,亚历克斯,收货,上架
TVYn42SFSi,银色 品牌15 42英寸 电视机（超级全高清）,电视机,品牌15,42英寸,超级全高清,银色,8*1*1,8,CP06E,克里斯,收货,上架
TVYn32FHWh,白色 品牌15 32英寸 电视机（全高清）,电视机,品牌15,32英寸,全高清,白色,8*1*1,8,CS07F,约翰,收货,上架
TVYn504KGr,灰色 品牌15 50英寸 电视机（超高清）,电视机,品牌15,50英寸,超高清,灰色,8*1*1,8,AY82A,劳拉,收货,上架
PeAl50WaBl,黑色 品牌20 50 铅笔（水彩）,铅笔,品牌20,50,水彩,黑色,48*10*5,2400,DQ80D,约翰,收货,上架
TaCI15FrGr,灰色 品牌27 1500 桌子（框架式）,桌子,品牌27,1500,框架式,灰色,8*1*1,8,CV52H,莎拉,收货,上架
AlOv17i5Bl,黑色 品牌13 17英寸 一体机（第5代处理器）,一体机,品牌13,17英寸,第5代处理器,黑色,16*1*1,16,AZ19A,克里斯,收货,上架
LaRe14i7Gr,灰色 品牌14 14英寸 笔记本电脑（第7代处理器）,笔记本电脑,品牌14,14英寸,第7代处理器,灰色,16*1*1,16,CQ02E,克里斯,收货,上架
LaRe1532Bl,黑色 品牌14 15英寸 笔记本电脑（32吉字节内存）,笔记本电脑,品牌14,15英寸,32吉字节内存,黑色,16*1*1,16,AU40E,迈克,收货,上架
LaYn1516Wh,白色 品牌15 15英寸 笔记本电脑（16吉字节内存）,笔记本电脑,品牌15,15英寸,16吉字节内存,白色,16*1*1,16,DN35E,莎拉,收货,上架
LaOv178GGr,灰色 品牌13 17英寸 笔记本电脑（8吉字节内存）,笔记本电脑,品牌13,17英寸,8吉字节内存,灰色,16*1*1,16,DI45D,简,收货,上架
OfAESHeGr,灰色 品牌05 小号 办公椅（头枕）,办公椅,品牌05,小号,头枕,灰色,16*1*1,16,BJ60G,迈克,收货,上架
PrPHA2AlBl,黑色 品牌12 二号纸 打印机（一体式）,打印机,品牌12,二号纸,一体式,黑色,16*1*1,16,AL43B,莎拉,收货,上架
TVGL50S4Gr,灰色 品牌31 50英寸 电视机（超级超高清）,电视机,品牌31,50英寸,超级超高清,灰色,8*1*1,8,CW55D,亚历克斯,收货,上架
TVYn75FHGr,灰色 品牌15 75英寸 电视机（全高清）,电视机,品牌15,75英寸,全高清,灰色,8*1*1,8,DU25E,劳拉,收货,上架
PrSoA4MoGr,灰色 品牌25 四号纸 打印机（黑白）,打印机,品牌25,四号纸,黑白,灰色,16*1*1,16,AG86G,约翰,收货,上架
NoMuA4doWh,白色 品牌19 四号纸 笔记本（点阵）,笔记本,品牌19,四号纸,点阵,白色,48*10*5,2400,AF28B,劳拉,收货,上架
SPNa50SoGr,灰色 品牌23 50 触控笔（可溶性）,触控笔,品牌23,50,可溶性,灰色,48*10*5,2400,AN57B,劳拉,收货,上架
CaRG18DoGr,灰色 品牌03 1800 文件柜（带门式）,文件柜,品牌03,1800,带门式,灰色,8*1*1,8,AT82E,艾米丽,收货,上架
TVGL32SFSi,银色 品牌31 32英寸 电视机（超级全高清）,电视机,品牌31,32英寸,超级全高清,银色,8*1*1,8,AL70H,艾米,收货,上架
PrSoA3WiBl,黑色 品牌25 三号纸 打印机（无线网络）,打印机,品牌25,三号纸,无线网络,黑色,16*1*1,16,AG81G,艾米,收货,上架
TaAE10FrGr,灰色 品牌05 1000 桌子（框架式）,桌子,品牌05,1000,框架式,灰色,8*1*1,8,BT20H,艾米,收货,上架
LaOv1416Si,银色 品牌13 14英寸 笔记本电脑（16吉字节内存）,笔记本电脑,品牌13,14英寸,16吉字节内存,银色,16*1*1,16,BV21F,艾米丽,收货,上架
TaAE18WoGr,灰色 品牌05 1800 桌子（工作站）,桌子,品牌05,1800,工作站,灰色,8*1*1,8,AR31A,迈克,收货,上架
MoHc27ErBl,黑色 品牌09 270 鼠标（人体工学）,鼠标,品牌09,270,人体工学,黑色,16*10*1,160,BK52D,劳拉,收货,上架
PeNa50WaPi,粉色 品牌23 50 铅笔（水彩）,铅笔,品牌23,50,水彩,粉色,48*10*5,2400,DG70G,简,收货,上架
GaOGSErPi,粉色 品牌07 小号 游戏椅（人体工学）,游戏椅,品牌07,小号,人体工学,粉色,16*1*1,16,DY31B,简,收货,上架
NoGrA5ruBl,黑色 品牌18 五号纸 笔记本（横线）,笔记本,品牌18,五号纸,横线,黑色,48*10*5,2400,AQ91A,克里斯,收货,上架
AlOv148GSi,银色 品牌13 14英寸 一体机（8吉字节内存）,一体机,品牌13,14英寸,8吉字节内存,银色,16*1*1,16,DW70G,莎拉,收货,上架
TVYn32FHGr,灰色 品牌15 32英寸 电视机（全高清）,电视机,品牌15,32英寸,全高清,灰色,8*1*1,8,CW58G,莎拉,收货,上架
KeSu27ErBl,黑色 品牌11 270 键盘（人体工学）,键盘,品牌11,270,人体工学,黑色,16*10*1,160,CF72A,劳拉,收货,上架
OfOGLAdPi,粉色 品牌07 大号 办公椅（可调节）,办公椅,品牌07,大号,可调节,粉色,16*1*1,16,AH88D,大卫,收货,上架
LaYn15i5Bl,黑色 品牌15 15英寸 笔记本电脑（第5代处理器）,笔记本电脑,品牌15,15英寸,第5代处理器,黑色,16*1*1,16,DX95C,艾米,收货,上架
OfSEMErGr,灰色 品牌08 中号 办公椅（人体工学）,办公椅,品牌08,中号,人体工学,灰色,16*1*1,16,CG64B,约翰,收货,上架
AlOv14i7Bl,黑色 品牌13 14英寸 一体机（第7代处理器）,一体机,品牌13,14英寸,第7代处理器,黑色,16*1*1,16,CF13A,简,收货,上架
TVGn42S4Bl,黑色 品牌30 42英寸 电视机（超级超高清）,电视机,品牌30,42英寸,超级超高清,黑色,8*1*1,8,DG81A,克里斯,收货,上架
MoHc45WiNa,藏青色 品牌09 450 鼠标（有线）,鼠标,品牌09,450,有线,藏青色,16*10*1,160,AN13G,劳拉,收货,上架
GaAEMLeWh,白色 品牌05 中号 游戏椅（皮革）,游戏椅,品牌05,中号,皮革,白色,16*1*1,16,AQ33A,迈克,收货,上架
CuTE18DoGr,灰色 品牌04 1800 储物柜（带门式）,储物柜,品牌04,1800,带门式,灰色,8*1*1,8,BS04H,克里斯,收货,上架
KeHc35MeNa,藏青色 品牌09 350 键盘（机械式）,键盘,品牌09,350,机械式,藏青色,16*10*1,160,BW76B,亚历克斯,收货,上架
AlOv1532Wh,白色 品牌13 15英寸 一体机（32吉字节内存）,一体机,品牌13,15英寸,32吉字节内存,白色,16*1*1,16,DI31A,亚历克斯,收货,上架
DrTE18DoGr,灰色 品牌04 1800 抽屉柜（带门式）,抽屉柜,品牌04,1800,带门式,灰色,8*1*1,8,BY50D,亚历克斯,收货,上架
GaAEMAdPi,粉色 品牌05 中号 游戏椅（可调节）,游戏椅,品牌05,中号,可调节,粉色,16*1*1,16,CG25B,莎拉,收货,上架
LaRe15i5Si,银色 品牌14 15英寸 笔记本电脑（第5代处理器）,笔记本电脑,品牌14,15英寸,第5代处理器,银色,16*1*1,16,BP12E,大卫,收货,上架
NoMuA4ruWh,白色 品牌19 四号纸 笔记本（横线）,笔记本,品牌19,四号纸,横线,白色,48*10*5,2400,CL83E,艾米,收货,上架
GaXEMErBl,黑色 品牌06 中号 游戏椅（人体工学）,游戏椅,品牌06,中号,人体工学,黑色,16*1*1,16,DI79D,约翰,收货,上架
TVGL65FHSi,银色 品牌31 65英寸 电视机（全高清）,电视机,品牌31,65英寸,全高清,银色,8*1*1,8,BG76H,约翰,收货,上架
OfSESAdGr,灰色 品牌08 小号 办公椅（可调节）,办公椅,品牌08,小号,可调节,灰色,16*1*1,16,CI94G,亚历克斯,收货,上架
DrQE18DoGr,灰色 品牌01 1800 抽屉柜（带门式）,抽屉柜,品牌01,1800,带门式,灰色,8*1*1,8,DJ15B,迈克,收货,上架
PrPHA2MoBl,黑色 品牌12 二号纸 打印机（黑白）,打印机,品牌12,二号纸,黑白,黑色,16*1*1,16,BZ52G,艾米,收货,上架
TVGn50S4Wh,白色 品牌30 50英寸 电视机（超级超高清）,电视机,品牌30,50英寸,超级超高清,白色,8*1*1,8,BV15E,莎拉,收货,上架
CuQE12DoBe,米色 品牌01 1200 储物柜（带门式）,储物柜,品牌01,1200,带门式,米色,8*1*1,8,DH12E,约翰,收货,上架
PrSoA2InMi,混合色 品牌25 二号纸 打印机（喷墨）,打印机,品牌25,二号纸,喷墨,混合色,16*1*1,16,CK50F,艾米丽,收货,上架
OfXELAdGr,灰色 品牌06 大号 办公椅（可调节）,办公椅,品牌06,大号,可调节,灰色,16*1*1,16,AT98A,艾米,收货,上架
PrPHA2WiMi,混合色 品牌12 二号纸 打印机（无线网络）,打印机,品牌12,二号纸,无线网络,混合色,16*1*1,16,DV79G,迈克,收货,上架
LaSu15i7Wh,白色 品牌11 15英寸 笔记本电脑（第7代处理器）,笔记本电脑,品牌11,15英寸,第7代处理器,白色,16*1*1,16,DW70D,艾米,收货,上架
OfXESLeWh,白色 品牌06 小号 办公椅（皮革）,办公椅,品牌06,小号,皮革,白色,16*1*1,16,BJ49E,劳拉,收货,上架
TVEs32FHSi,银色 品牌32 32英寸 电视机（全高清）,电视机,品牌32,32英寸,全高清,银色,8*1*1,8,CM76H,亚历克斯,收货,上架
TaTR15WoWh,白色 品牌29 1500 桌子（工作站）,桌子,品牌29,1500,工作站,白色,8*1*1,8,CT75B,艾米丽,收货,上架
AlYn15i5Gr,灰色 品牌15 15英寸 一体机（第5代处理器）,一体机,品牌15,15英寸,第5代处理器,灰色,16*1*1,16,BM14F,艾米丽,收货,上架
TaTR10AdBl,黑色 品牌28 1000 桌子（可调节）,桌子,品牌28,1000,可调节,黑色,8*1*1,8,DN87E,迈克,收货,上架
SPAl12WaBl,黑色 品牌20 12 触控笔（水彩）,触控笔,品牌20,12,水彩,黑色,48*10*5,2400,AZ49E,艾米丽,收货,上架
KeRe45BlBl,黑色 品牌10 450 键盘（蓝牙）,键盘,品牌10,450,蓝牙,黑色,16*10*1,160,DQ18G,克里斯,收货,上架
TaTR15WoWh,白色 品牌28 1500 桌子（工作站）,桌子,品牌28,1500,工作站,白色,8*1*1,8,AU62E,大卫,收货,上架
TVGL424KBl,黑色 品牌31 42英寸 电视机（超高清）,电视机,品牌31,42英寸,超高清,黑色,8*1*1,8,CI75F,大卫,收货,上架
LaSu1532Bl,黑色 品牌11 15英寸 笔记本电脑（32吉字节内存）,笔记本电脑,品牌11,15英寸,32吉字节内存,黑色,16*1*1,16,DR02G,劳拉,收货,上架
AlRe1732Wh,白色 品牌14 17英寸 一体机（32吉字节内存）,一体机,品牌14,17英寸,32吉字节内存,白色,16*1*1,16,BH93D,简,收货,上架
CuWE90SlGr,灰色 品牌02 900 储物柜（滑动式）,储物柜,品牌02,900,滑动式,灰色,8*1*1,8,DR31D,克里斯,收货,上架
KeHc27ErBl,黑色 品牌09 270 键盘（人体工学）,键盘,品牌09,270,人体工学,黑色,16*10*1,160,BI56A,迈克,收货,上架
CaTE12DoBl,黑色 品牌04 1200 文件柜（带门式）,文件柜,品牌04,1200,带门式,黑色,8*1*1,8,DM55G,艾米,收货,上架
SPGi24WaBl,黑色 品牌21 24 触控笔（水彩）,触控笔,品牌21,24,水彩,黑色,48*10*5,2400,AK98H,亚历克斯,收货,上架
OfXESLeBl,黑色 品牌06 小号 办公椅（皮革）,办公椅,品牌06,小号,皮革,黑色,16*1*1,16,AZ19F,莎拉,收货,上架
AlYn148GSi,银色 品牌15 14英寸 一体机（8吉字节内存）,一体机,品牌15,14英寸,8吉字节内存,银色,16*1*1,16,DM40B,约翰,收货,上架
AlSu178GSi,银色 品牌11 17英寸 一体机（8吉字节内存）,一体机,品牌11,17英寸,8吉字节内存,银色,16*1*1,16,DP37C,大卫,收货,上架
PrReA4MoMi,混合色 品牌24 四号纸 打印机（黑白）,打印机,品牌24,四号纸,黑白,混合色,16*1*1,16,BL12H,简,收货,上架
AlOv14i5Bl,黑色 品牌13 14英寸 一体机（第5代处理器）,一体机,品牌13,14英寸,第5代处理器,黑色,16*1*1,16,AH24H,大卫,收货,上架
AlPH14i7Gr,灰色 品牌12 14英寸 一体机（第7代处理器）,一体机,品牌12,14英寸,第7代处理器,灰色,16*1*1,16,DH81C,克里斯,收货,上架
CaTE18SlBe,米色 品牌04 1800 文件柜（滑动式）,文件柜,品牌04,1800,滑动式,米色,8*1*1,8,DJ32A,简,收货,上架
SPAl50HePi,粉色 品牌20 50 触控笔（六角形）,触控笔,品牌20,50,六角形,粉色,48*10*5,2400,CZ69F,艾米丽,收货,上架
AlRe1532Si,银色 品牌14 15英寸 一体机（32吉字节内存）,一体机,品牌14,15英寸,32吉字节内存,银色,16*1*1,16,CN38F,约翰,收货,上架
DrTE12FiBe,米色 品牌04 1200 抽屉柜（文件收纳）,抽屉柜,品牌04,1200,文件收纳,米色,8*1*1,8,BX39A,简,收货,上架
CaQE90LoWh,白色 品牌01 900 文件柜（储物锁柜）,文件柜,品牌01,900,储物锁柜,白色,8*1*1,8,CT41E,大卫,收货,上架
NoGrA5doSi,银色 品牌18 五号纸 笔记本（点阵）,笔记本,品牌18,五号纸,点阵,银色,48*10*5,2400,DW02F,莎拉,收货,上架
OfAEMLePi,粉色 品牌05 中号 办公椅（皮革）,办公椅,品牌05,中号,皮革,粉色,16*1*1,16,DK49E,约翰,收货,上架
OfSELErWh,白色 品牌08 大号 办公椅（人体工学）,办公椅,品牌08,大号,人体工学,白色,16*1*1,16,AU47F,迈克,收货,上架
PrReA4LaWh,白色 品牌24 四号纸 打印机（激光）,打印机,品牌24,四号纸,激光,白色,16*1*1,16,CO48H,劳拉,收货,上架
TVGn754KGr,灰色 品牌30 75英寸 电视机（超高清）,电视机,品牌30,75英寸,超高清,灰色,8*1*1,8,CK64C,大卫,收货,上架
GaAELErWh,白色 品牌05 大号 游戏椅（人体工学）,游戏椅,品牌05,大号,人体工学,白色,16*1*1,16,DP05H,艾米,收货,上架
PeGi50HeWh,白色 品牌21 50 铅笔（六角形）,铅笔,品牌21,50,六角形,白色,48*10*5,2400,DL49C,劳拉,收货,上架
AlYn1416Wh,白色 品牌15 14英寸 一体机（16吉字节内存）,一体机,品牌15,14英寸,16吉字节内存,白色,16*1*1,16,AT47E,约翰,收货,上架
CuWE18SlBl,黑色 品牌02 1800 储物柜（滑动式）,储物柜,品牌02,1800,滑动式,黑色,8*1*1,8,DM65F,艾米,收货,上架
DrQE90SlWh,白色 品牌01 900 抽屉柜（滑动式）,抽屉柜,品牌01,900,滑动式,白色,8*1*1,8,CW58E,艾米丽,收货,上架
AlRe1432Gr,灰色 品牌14 14英寸 一体机（32吉字节内存）,一体机,品牌14,14英寸,32吉字节内存,灰色,16*1*1,16,CQ24B,大卫,收货,上架
TVYn654KWh,白色 品牌15 65英寸 电视机（超高清）,电视机,品牌15,65英寸,超高清,白色,8*1*1,8,CP54E,艾米,收货,上架
TVYn50S4Bl,黑色 品牌15 50英寸 电视机（超级超高清）,电视机,品牌15,50英寸,超级超高清,黑色,8*1*1,8,BY77A,劳拉,收货,上架
CuRG90DoBl,黑色 品牌03 900 储物柜（带门式）,储物柜,品牌03,900,带门式,黑色,8*1*1,8,DS19H,大卫,收货,上架
OfAELAdBl,黑色 品牌05 大号 办公椅（可调节）,办公椅,品牌05,大号,可调节,黑色,16*1*1,16,BJ73H,莎拉,收货,上架
CuTE18DoWh,白色 品牌04 1800 储物柜（带门式）,储物柜,品牌04,1800,带门式,白色,8*1*1,8,BJ85F,亚历克斯,收货,上架
LaYn148GWh,白色 品牌15 14英寸 笔记本电脑（8吉字节内存）,笔记本电脑,品牌15,14英寸,8吉字节内存,白色,16*1*1,16,BN95A,亚历克斯,收货,上架
AlPH14i5Gr,灰色 品牌12 14英寸 一体机（第5代处理器）,一体机,品牌12,14英寸,第5代处理器,灰色,16*1*1,16,BS33B,简,收货,上架
AlOv17i7Wh,白色 品牌13 17英寸 一体机（第7代处理器）,一体机,品牌13,17英寸,第7代处理器,白色,16*1*1,16,CY74B,简,收货,上架
LaOv1732Si,银色 品牌13 17英寸 笔记本电脑（32吉字节内存）,笔记本电脑,品牌13,17英寸,32吉字节内存,银色,16*1*1,16,CP73E,约翰,收货,上架
PeRe50HeGr,灰色 品牌22 50 铅笔（六角形）,铅笔,品牌22,50,六角形,灰色,48*10*5,2400,BL23F,大卫,收货,上架
CaQE12DoBl,黑色 品牌01 1200 文件柜（带门式）,文件柜,品牌01,1200,带门式,黑色,8*1*1,8,BF35B,克里斯,收货,上架
OfOGMErPi,粉色 品牌07 中号 办公椅（人体工学）,办公椅,品牌07,中号,人体工学,粉色,16*1*1,16,AW48D,简,收货,上架
PeNa50HeWh,白色 品牌23 50 铅笔（六角形）,铅笔,品牌23,50,六角形,白色,48*10*5,2400,AZ13C,简,收货,上架
TVEs75SFGr,灰色 品牌32 75英寸 电视机（超级全高清）,电视机,品牌32,75英寸,超级全高清,灰色,8*1*1,8,AF63G,约翰,收货,上架
TVEs50SFSi,银色 品牌32 50英寸 电视机（超级全高清）,电视机,品牌32,50英寸,超级全高清,银色,8*1*1,8,AQ60F,劳拉,收货,上架
LaSu1516Gr,灰色 品牌11 15英寸 笔记本电脑（16吉字节内存）,笔记本电脑,品牌11,15英寸,16吉字节内存,灰色,16*1*1,16,DF94D,大卫,收货,上架
GaOGMErGr,灰色 品牌07 中号 游戏椅（人体工学）,游戏椅,品牌07,中号,人体工学,灰色,16*1*1,16,DW61G,艾米丽,收货,上架
OfOGLAdBl,黑色 品牌07 大号 办公椅（可调节）,办公椅,品牌07,大号,可调节,黑色,16*1*1,16,DO59F,艾米丽,收货,上架
PrPHA4InWh,白色 品牌12 四号纸 打印机（喷墨）,打印机,品牌12,四号纸,喷墨,白色,16*1*1,16,CF88G,克里斯,收货,上架
TaCI15WoSi,银色 品牌27 1500 桌子（工作站）,桌子,品牌27,1500,工作站,银色,8*1*1,8,AL18H,大卫,收货,上架
KeHc35WiBl,黑色 品牌09 350 键盘（有线）,键盘,品牌09,350,有线,黑色,16*10*1,160,BQ56D,劳拉,收货,上架
CaRG12SlWh,白色 品牌03 1200 文件柜（滑动式）,文件柜,品牌03,1200,滑动式,白色,8*1*1,8,DZ60D,简,收货,上架
CuWE90LoBl,黑色 品牌02 900 储物柜（储物锁柜）,储物柜,品牌02,900,储物锁柜,黑色,8*1*1,8,AH90A,大卫,收货,上架
MoHc45MeWh,白色 品牌09 450 鼠标（机械式）,鼠标,品牌09,450,机械式,白色,16*10*1,160,BU25A,克里斯,收货,上架
OfXELLeBl,黑色 品牌06 大号 办公椅（皮革）,办公椅,品牌06,大号,皮革,黑色,16*1*1,16,AP79E,迈克,收货,上架
KeSu35WiWh,白色 品牌11 350 键盘（有线）,键盘,品牌11,350,有线,白色,16*10*1,160,BY76F,亚历克斯,收货,上架
MoRe27BlWh,白色 品牌10 270 鼠标（蓝牙）,鼠标,品牌10,270,蓝牙,白色,16*10*1,160,BS42D,劳拉,收货,上架
NoMuA3liSi,银色 品牌19 三号纸 笔记本（线条）,笔记本,品牌19,三号纸,线条,银色,48*10*5,2400,CM34E,劳拉,收货,上架
KePH35MeBl,黑色 品牌12 350 键盘（机械式）,键盘,品牌12,350,机械式,黑色,16*10*1,160,CS10G,简,收货,上架
PrReA4MoBl,黑色 品牌24 四号纸 打印机（黑白）,打印机,品牌24,四号纸,黑白,黑色,16*1*1,16,DI74F,艾米,收货,上架
DrQE90LoWh,白色 品牌01 900 抽屉柜（储物锁柜）,抽屉柜,品牌01,900,储物锁柜,白色,8*1*1,8,DQ16H,约翰,收货,上架
CaWE12SlBe,米色 品牌02 1200 文件柜（滑动式）,文件柜,品牌02,1200,滑动式,米色,8*1*1,8,AS02E,艾米丽,收货,上架
LaYn1432Wh,白色 品牌15 14英寸 笔记本电脑（32吉字节内存）,笔记本电脑,品牌15,14英寸,32吉字节内存,白色,16*1*1,16,AS07A,简,收货,上架
SPAl24HeGr,灰色 品牌20 24 触控笔（六角形）,触控笔,品牌20,24,六角形,灰色,48*10*5,2400,BM78E,亚历克斯,收货,上架
GaAELHeWh,白色 品牌05 大号 游戏椅（头枕）,游戏椅,品牌05,大号,头枕,白色,16*1*1,16,DL79D,约翰,收货,上架
SPGi24HeWh,白色 品牌21 24 触控笔（六角形）,触控笔,品牌21,24,六角形,白色,48*10*5,2400,AT75B,简,收货,上架
TaTR18AuGr,灰色 品牌28 1800 桌子（自动调节）,桌子,品牌28,1800,自动调节,灰色,8*1*1,8,BY10D,亚历克斯,收货,上架
DrRG12DoBl,黑色 品牌03 1200 抽屉柜（带门式）,抽屉柜,品牌03,1200,带门式,黑色,8*1*1,8,DY97C,约翰,收货,上架
PeRe50HeGr,灰色 品牌22 50 铅笔（六角形）,铅笔,品牌22,50,六角形,灰色,48*10*5,2400,BH48C,迈克,收货,上架
TVYn65SFSi,银色 品牌15 65英寸 电视机（超级全高清）,电视机,品牌15,65英寸,超级全高清,银色,8*1*1,8,DH74D,大卫,收货,上架
DrQE90SlBl,黑色 品牌01 900 抽屉柜（滑动式）,抽屉柜,品牌01,900,滑动式,黑色,8*1*1,8,DN08A,莎拉,收货,上架
TVYn42FHWh,白色 品牌15 42英寸 电视机（全高清）,电视机,品牌15,42英寸,全高清,白色,8*1*1,8,AO96F,简,收货,上架
CuRG12DoGr,灰色 品牌03 1200 储物柜（带门式）,储物柜,品牌03,1200,带门式,灰色,8*1*1,8,AW44E,亚历克斯,收货,上架
LaRe14i7Wh,白色 品牌14 14英寸 笔记本电脑（第7代处理器）,笔记本电脑,品牌14,14英寸,第7代处理器,白色,16*1*1,16,CT93E,大卫,收货,上架
LaYn15i5Wh,白色 品牌15 15英寸 笔记本电脑（第5代处理器）,笔记本电脑,品牌15,15英寸,第5代处理器,白色,16*1*1,16,AW17D,艾米丽,收货,上架
CuQE90DoBl,黑色 品牌01 900 储物柜（带门式）,储物柜,品牌01,900,带门式,黑色,8*1*1,8,DK09D,艾米,收货,上架
TVEs42S4Wh,白色 品牌32 42英寸 电视机（超级超高清）,电视机,品牌32,42英寸,超级超高清,白色,8*1*1,8,AX05D,约翰,收货,上架
LaOv1532Si,银色 品牌13 15英寸 笔记本电脑（32吉字节内存）,笔记本电脑,品牌13,15英寸,32吉字节内存,银色,16*1*1,16,AL64E,大卫,收货,上架
LaPH14i5Si,银色 品牌12 14英寸 笔记本电脑（第5代处理器）,笔记本电脑,品牌12,14英寸,第5代处理器,银色,16*1*1,16,BR55E,艾米,收货,上架
KeSu35MeWh,白色 品牌11 350 键盘（机械式）,键盘,品牌11,350,机械式,白色,16*10*1,160,BV32C,莎拉,收货,上架
TVYn324KSi,银色 品牌15 32英寸 电视机（超高清）,电视机,品牌15,32英寸,超高清,银色,8*1*1,8,CP98H,迈克,收货,上架
SPGi24WaPi,粉色 品牌21 24 触控笔（水彩）,触控笔,品牌21,24,水彩,粉色,48*10*5,2400,AJ06F,亚历克斯,收货,上架
CaWE90SlBl,黑色 品牌02 900 文件柜（滑动式）,文件柜,品牌02,900,滑动式,黑色,8*1*1,8,CR35F,迈克,收货,上架
GaXELErPi,粉色 品牌06 大号 游戏椅（人体工学）,游戏椅,品牌06,大号,人体工学,粉色,16*1*1,16,AF73C,约翰,收货,上架
NoGrA4ruBl,黑色 品牌18 四号纸 笔记本（横线）,笔记本,品牌18,四号纸,横线,黑色,48*10*5,2400,DH85F,劳拉,收货,上架
KePH35ErPi,粉色 品牌12 350 键盘（人体工学）,键盘,品牌12,350,人体工学,粉色,16*10*1,160,CH82H,艾米,收货,上架
CuRG18SlBe,米色 品牌03 1800 储物柜（滑动式）,储物柜,品牌03,1800,滑动式,米色,8*1*1,8,DP70G,约翰,收货,上架
OfXEMAdGr,灰色 品牌06 中号 办公椅（可调节）,办公椅,品牌06,中号,可调节,灰色,16*1*1,16,CU34E,莎拉,收货,上架
GaSELLeGr,灰色 品牌08 大号 游戏椅（皮革）,游戏椅,品牌08,大号,皮革,灰色,16*1*1,16,CW23C,劳拉,收货,上架
NoMuA5ruBl,黑色 品牌19 五号纸 笔记本（横线）,笔记本,品牌19,五号纸,横线,黑色,48*10*5,2400,CV13C,克里斯,收货,上架
PrReA2InWh,白色 品牌24 二号纸 打印机（喷墨）,打印机,品牌24,二号纸,喷墨,白色,16*1*1,16,DT34B,莎拉,收货,上架
TaAE18FrGr,灰色 品牌05 1800 桌子（框架式）,桌子,品牌05,1800,框架式,灰色,8*1*1,8,AK89C,迈克,收货,上架
CuWE12LoWh,白色 品牌02 1200 储物柜（储物锁柜）,储物柜,品牌02,1200,储物锁柜,白色,8*1*1,8,AY63F,简,收货,上架
AlSu1532Si,银色 品牌11 15英寸 一体机（32吉字节内存）,一体机,品牌11,15英寸,32吉字节内存,银色,16*1*1,16,DL80E,莎拉,收货,上架
TVYn65SFWh,白色 品牌15 65英寸 电视机（超级全高清）,电视机,品牌15,65英寸,超级全高清,白色,8*1*1,8,AO09A,亚历克斯,收货,上架
SPRe12HeWh,白色 品牌22 12 触控笔（六角形）,触控笔,品牌22,12,六角形,白色,48*10*5,2400,CM53G,艾米丽,收货,上架
KeHc27MePi,粉色 品牌09 270 键盘（机械式）,键盘,品牌09,270,机械式,粉色,16*10*1,160,DI70C,亚历克斯,收货,上架
OfAELAdBl,黑色 品牌05 大号 办公椅（可调节）,办公椅,品牌05,大号,可调节,黑色,16*1*1,16,BY41G,劳拉,收货,上架
TVYn32SFWh,白色 品牌15 32英寸 电视机（超级全高清）,电视机,品牌15,32英寸,超级全高清,白色,8*1*1,8,CX61D,简,收货,上架
TVGL32S4Bl,黑色 品牌31 32英寸 电视机（超级超高清）,电视机,品牌31,32英寸,超级超高清,黑色,8*1*1,8,CX59F,劳拉,收货,上架
OfSESLePi,粉色 品牌08 小号 办公椅（皮革）,办公椅,品牌08,小号,皮革,粉色,16*1*1,16,AK51B,简,收货,上架
PrReA2LaMi,混合色 品牌24 二号纸 打印机（激光）,打印机,品牌24,二号纸,激光,混合色,16*1*1,16,BM86D,亚历克斯,收货,上架
KePH27BlNa,藏青色 品牌12 270 键盘（蓝牙）,键盘,品牌12,270,蓝牙,藏青色,16*10*1,160,DI39A,大卫,收货,上架
AlYn17i7Gr,灰色 品牌15 17英寸 一体机（第7代处理器）,一体机,品牌15,17英寸,第7代处理器,灰色,16*1*1,16,BN59G,莎拉,收货,上架
TaAE15AdSi,银色 品牌05 1500 桌子（可调节）,桌子,品牌05,1500,可调节,银色,8*1*1,8,BM86B,亚历克斯,收货,上架
CaWE90FiBl,黑色 品牌02 900 文件柜（文件收纳）,文件柜,品牌02,900,文件收纳,黑色,8*1*1,8,CO06E,劳拉,收货,上架
MoSu45ErNa,藏青色 品牌11 450 鼠标（人体工学）,鼠标,品牌11,450,人体工学,藏青色,16*10*1,160,DH06B,劳拉,收货,上架
DrWE90SlBe,米色 品牌02 900 抽屉柜（滑动式）,抽屉柜,品牌02,900,滑动式,米色,8*1*1,8,CL83B,迈克,收货,上架
LaRe158GSi,银色 品牌14 15英寸 笔记本电脑（8吉字节内存）,笔记本电脑,品牌14,15英寸,8吉字节内存,银色,16*1*1,16,DT11E,劳拉,收货,上架
CuTE12DoBe,米色 品牌04 1200 储物柜（带门式）,储物柜,品牌04,1200,带门式,米色,8*1*1,8,DI48F,克里斯,收货,上架
MoSu35MeNa,藏青色 品牌11 350 鼠标（机械式）,鼠标,品牌11,350,机械式,藏青色,16*10*1,160,CK43B,莎拉,收货,上架
PrReA2InWh,白色 品牌24 二号纸 打印机（喷墨）,打印机,品牌24,二号纸,喷墨,白色,16*1*1,16,BF80D,艾米,收货,上架
AlYn14i5Wh,白色 品牌15 14英寸 一体机（第5代处理器）,一体机,品牌15,14英寸,第5代处理器,白色,16*1*1,16,BZ16B,大卫,收货,上架
CuTE12FiBe,米色 品牌04 1200 储物柜（文件收纳）,储物柜,品牌04,1200,文件收纳,米色,8*1*1,8,CL71H,克里斯,收货,上架
AlRe14i5Wh,白色 品牌14 14英寸 一体机（第5代处理器）,一体机,品牌14,14英寸,第5代处理器,白色,16*1*1,16,DH18A,大卫,收货,上架
LaOv1416Bl,黑色 品牌13 14英寸 笔记本电脑（16吉字节内存）,笔记本电脑,品牌13,14英寸,16吉字节内存,黑色,16*1*1,16,BL09C,克里斯,收货,上架
CuQE18DoGr,灰色 品牌01 1800 储物柜（带门式）,储物柜,品牌01,1800,带门式,灰色,8*1*1,8,CL87A,简,收货,上架
PrSoA4InBl,黑色 品牌25 四号纸 打印机（喷墨）,打印机,品牌25,四号纸,喷墨,黑色,16*1*1,16,BO60B,亚历克斯,收货,上架
PrReA3AlWh,白色 品牌24 三号纸 打印机（一体式）,打印机,品牌24,三号纸,一体式,白色,16*1*1,16,AI51D,艾米,收货,上架
OfSELHeWh,白色 品牌08 大号 办公椅（头枕）,办公椅,品牌08,大号,头枕,白色,16*1*1,16,CW94H,劳拉,收货,上架
LaRe1532Wh,白色 品牌14 15英寸 笔记本电脑（32吉字节内存）,笔记本电脑,品牌14,15英寸,32吉字节内存,白色,16*1*1,16,BV20F,简,收货,上架
PrSoA3AlBl,黑色 品牌25 三号纸 打印机（一体式）,打印机,品牌25,三号纸,一体式,黑色,16*1*1,16,AU60B,莎拉,收货,上架
LaYn1516Wh,白色 品牌15 15英寸 笔记本电脑（16吉字节内存）,笔记本电脑,品牌15,15英寸,16吉字节内存,白色,16*1*1,16,DU82B,约翰,收货,上架
AlPH158GBl,黑色 品牌12 15英寸 一体机（8吉字节内存）,一体机,品牌12,15英寸,8吉字节内存,黑色,16*1*1,16,DM25D,亚历克斯,收货,上架
TVYn75S4Gr,灰色 品牌15 75英寸 电视机（超级超高清）,电视机,品牌15,75英寸,超级超高清,灰色,8*1*1,8,BS18D,艾米,收货,上架
KeHc35ErPi,粉色 品牌09 350 键盘（人体工学）,键盘,品牌09,350,人体工学,粉色,16*10*1,160,CW65C,艾米丽,收货,上架
DrWE90LoGr,灰色 品牌02 900 抽屉柜（储物锁柜）,抽屉柜,品牌02,900,储物锁柜,灰色,8*1*1,8,BU11H,克里斯,收货,上架
TVEs754KWh,白色 品牌32 75英寸 电视机（超高清）,电视机,品牌32,75英寸,超高清,白色,8*1*1,8,AV46F,迈克,收货,上架
DrTE12LoGr,灰色 品牌04 1200 抽屉柜（储物锁柜）,抽屉柜,品牌04,1200,储物锁柜,灰色,8*1*1,8,BF17B,艾米丽,收货,上架
AlYn1532Wh,白色 品牌15 15英寸 一体机（32吉字节内存）,一体机,品牌15,15英寸,32吉字节内存,白色,16*1*1,16,BU59H,莎拉,收货,上架
TaTR18AuWh,白色 品牌29 1800 桌子（自动调节）,桌子,品牌29,1800,自动调节,白色,8*1*1,8,CL54E,莎拉,收货,上架
TVYn42SFBl,黑色 品牌15 42英寸 电视机（超级全高清）,电视机,品牌15,42英寸,超级全高清,黑色,8*1*1,8,BH03H,约翰,收货,上架
LaYn17i7Bl,黑色 品牌15 17英寸 笔记本电脑（第7代处理器）,笔记本电脑,品牌15,17英寸,第7代处理器,黑色,16*1*1,16,AN84A,迈克,收货,上架
AlYn14i5Gr,灰色 品牌15 14英寸 一体机（第5代处理器）,一体机,品牌15,14英寸,第5代处理器,灰色,16*1*1,16,CS56B,艾米,收货,上架
MoHc35WiWh,白色 品牌09 350 鼠标（有线）,鼠标,品牌09,350,有线,白色,16*10*1,160,BT79G,艾米,收货,上架
DrRG12FiWh,白色 品牌03 1200 抽屉柜（文件收纳）,抽屉柜,品牌03,1200,文件收纳,白色,8*1*1,8,DY26B,亚历克斯,收货,上架
SPGi24WaGr,灰色 品牌21 24 触控笔（水彩）,触控笔,品牌21,24,水彩,灰色,48*10*5,2400,DR95A,迈克,收货,上架
KeHc27ErWh,白色 品牌09 270 键盘（人体工学）,键盘,品牌09,270,人体工学,白色,16*10*1,160,CI28C,约翰,收货,上架
PrSoA2AlWh,白色 品牌25 二号纸 打印机（一体式）,打印机,品牌25,二号纸,一体式,白色,16*1*1,16,AN75B,迈克,收货,上架
GaOGMHeWh,白色 品牌07 中号 游戏椅（头枕）,游戏椅,品牌07,中号,头枕,白色,16*1*1,16,AT94F,艾米,收货,上架
KePH45WiWh,白色 品牌12 450 键盘（有线）,键盘,品牌12,450,有线,白色,16*10*1,160,CF19C,大卫,收货,上架
LaPH158GWh,白色 品牌12 15英寸 笔记本电脑（8吉字节内存）,笔记本电脑,品牌12,15英寸,8吉字节内存,白色,16*1*1,16,CX37D,克里斯,收货,上架
KePH27WiPi,粉色 品牌12 270 键盘（有线）,键盘,品牌12,270,有线,粉色,16*10*1,160,AM13H,艾米,收货,上架
LaYn15i5Wh,白色 品牌15 15英寸 笔记本电脑（第5代处理器）,笔记本电脑,品牌15,15英寸,第5代处理器,白色,16*1*1,16,DF12B,艾米丽,收货,上架
LaSu15i7Si,银色 品牌11 15英寸 笔记本电脑（第7代处理器）,笔记本电脑,品牌11,15英寸,第7代处理器,银色,16*1*1,16,AY94D,艾米丽,收货,上架
TVGL424KSi,银色 品牌31 42英寸 电视机（超高清）,电视机,品牌31,42英寸,超高清,银色,8*1*1,8,BK63F,克里斯,收货,上架
DrTE18DoBl,黑色 品牌04 1800 抽屉柜（带门式）,抽屉柜,品牌04,1800,带门式,黑色,8*1*1,8,AU69B,艾米,收货,上架
OfSESLeGr,灰色 品牌08 小号 办公椅（皮革）,办公椅,品牌08,小号,皮革,灰色,16*1*1,16,CT82G,劳拉,收货,上架
LaYn1432Si,银色 品牌15 14英寸 笔记本电脑（32吉字节内存）,笔记本电脑,品牌15,14英寸,32吉字节内存,银色,16*1*1,16,AM70C,莎拉,收货,上架
LaRe1432Bl,黑色 品牌14 14英寸 笔记本电脑（32吉字节内存）,笔记本电脑,品牌14,14英寸,32吉字节内存,黑色,16*1*1,16,CR16C,劳拉,收货,上架
GaOGLLeBl,黑色 品牌07 大号 游戏椅（皮革）,游戏椅,品牌07,大号,皮革,黑色,16*1*1,16,CR40D,简,收货,上架
DrRG90SlBe,米色 品牌03 900 抽屉柜（滑动式）,抽屉柜,品牌03,900,滑动式,米色,8*1*1,8,DV43A,艾米,收货,上架
PeRe12HeBl,黑色 品牌22 12 铅笔（六角形）,铅笔,品牌22,12,六角形,黑色,48*10*5,2400,AW44C,简,收货,上架
LaRe178GBl,黑色 品牌14 17英寸 笔记本电脑（8吉字节内存）,笔记本电脑,品牌14,17英寸,8吉字节内存,黑色,16*1*1,16,BY81F,亚历克斯,收货,上架
OfSELAdGr,灰色 品牌08 大号 办公椅（可调节）,办公椅,品牌08,大号,可调节,灰色,16*1*1,16,DV45D,艾米丽,收货,上架
CaQE12DoBl,黑色 品牌01 1200 文件柜（带门式）,文件柜,品牌01,1200,带门式,黑色,8*1*1,8,AH61F,劳拉,收货,上架
PrPHA4InGr,灰色 品牌12 四号纸 打印机（喷墨）,打印机,品牌12,四号纸,喷墨,灰色,16*1*1,16,BS34B,克里斯,收货,上架
AlPH158GWh,白色 品牌12 15英寸 一体机（8吉字节内存）,一体机,品牌12,15英寸,8吉字节内存,白色,16*1*1,16,AI56C,莎拉,收货,上架
TaAE10FrBl,黑色 品牌05 1000 桌子（框架式）,桌子,品牌05,1000,框架式,黑色,8*1*1,8,BH92E,劳拉,收货,上架
OfOGMErPi,粉色 品牌07 中号 办公椅（人体工学）,办公椅,品牌07,中号,人体工学,粉色,16*1*1,16,BW22F,艾米,收货,上架
NoExA4liWh,白色 品牌16 四号纸 笔记本（线条）,笔记本,品牌16,四号纸,线条,白色,48*10*5,2400,BI12H,艾米丽,收货,上架
PrSoA3WiMi,混合色 品牌25 三号纸 打印机（无线网络）,打印机,品牌25,三号纸,无线网络,混合色,16*1*1,16,AG29B,劳拉,收货,上架
KeSu27BlWh,白色 品牌11 270 键盘（蓝牙）,键盘,品牌11,270,蓝牙,白色,16*10*1,160,CJ50H,约翰,收货,上架
AlPH1416Si,银色 品牌12 14英寸 一体机（16吉字节内存）,一体机,品牌12,14英寸,16吉字节内存,银色,16*1*1,16,CQ14E,亚历克斯,收货,上架
KePH35BlPi,粉色 品牌12 350 键盘（蓝牙）,键盘,品牌12,350,蓝牙,粉色,16*10*1,160,CS50C,艾米丽,收货,上架
CaTE18LoWh,白色 品牌04 1800 文件柜（储物锁柜）,文件柜,品牌04,1800,储物锁柜,白色,8*1*1,8,CV81D,简,收货,上架
MoRe45WiBl,黑色 品牌10 450 鼠标（有线）,鼠标,品牌10,450,有线,黑色,16*10*1,160,DX07D,简,收货,上架
TaAE15AuSi,银色 品牌05 1500 桌子（自动调节）,桌子,品牌05,1500,自动调节,银色,8*1*1,8,DQ89D,艾米丽,收货,上架
TVGn324KGr,灰色 品牌30 32英寸 电视机（超高清）,电视机,品牌30,32英寸,超高清,灰色,8*1*1,8,DW63D,艾米丽,收货,上架
PrNoA4LaWh,白色 品牌26 四号纸 打印机（激光）,打印机,品牌26,四号纸,激光,白色,16*1*1,16,BH92A,艾米,收货,上架
GaSEMHeGr,灰色 品牌08 中号 游戏椅（头枕）,游戏椅,品牌08,中号,头枕,灰色,16*1*1,16,AN46B,劳拉,收货,上架
LaPH148GWh,白色 品牌12 14英寸 笔记本电脑（8吉字节内存）,笔记本电脑,品牌12,14英寸,8吉字节内存,白色,16*1*1,16,AH89A,克里斯,收货,上架
DrTE12FiWh,白色 品牌04 1200 抽屉柜（文件收纳）,抽屉柜,品牌04,1200,文件收纳,白色,8*1*1,8,CN72E,劳拉,收货,上架
KeHc45WiPi,粉色 品牌09 450 键盘（有线）,键盘,品牌09,450,有线,粉色,16*10*1,160,BI41D,艾米,收货,上架
PrPHA4LaGr,灰色 品牌12 四号纸 打印机（激光）,打印机,品牌12,四号纸,激光,灰色,16*1*1,16,BL53E,简,收货,上架
PrSoA4InBl,黑色 品牌25 四号纸 打印机（喷墨）,打印机,品牌25,四号纸,喷墨,黑色,16*1*1,16,BH79C,亚历克斯,收货,上架
GaOGSAdWh,白色 品牌07 小号 游戏椅（可调节）,游戏椅,品牌07,小号,可调节,白色,16*1*1,16,DN84A,莎拉,收货,上架
CaWE18DoBe,米色 品牌02 1800 文件柜（带门式）,文件柜,品牌02,1800,带门式,米色,8*1*1,8,BH50A,亚历克斯,收货,上架
PrReA4InWh,白色 品牌24 四号纸 打印机（喷墨）,打印机,品牌24,四号纸,喷墨,白色,16*1*1,16,BN24F,劳拉,收货,上架
TVYn42S4Gr,灰色 品牌15 42英寸 电视机（超级超高清）,电视机,品牌15,42英寸,超级超高清,灰色,8*1*1,8,AF30C,简,收货,上架
LaOv178GBl,黑色 品牌13 17英寸 笔记本电脑（8吉字节内存）,笔记本电脑,品牌13,17英寸,8吉字节内存,黑色,16*1*1,16,BI06E,莎拉,收货,上架
LaRe1732Wh,白色 品牌14 17英寸 笔记本电脑（32吉字节内存）,笔记本电脑,品牌14,17英寸,32吉字节内存,白色,16*1*1,16,BJ77D,约翰,收货,上架
AlRe158GWh,白色 品牌14 15英寸 一体机（8吉字节内存）,一体机,品牌14,15英寸,8吉字节内存,白色,16*1*1,16,BK56B,克里斯,收货,上架
PeAl50HeWh,白色 品牌20 50 铅笔（六角形）,铅笔,品牌20,50,六角形,白色,48*10*5,2400,DN49A,亚历克斯,收货,上架
TVGL42SFGr,灰色 品牌31 42英寸 电视机（超级全高清）,电视机,品牌31,42英寸,超级全高清,灰色,8*1*1,8,AR32E,迈克,收货,上架
GaSESHeGr,灰色 品牌08 小号 游戏椅（头枕）,游戏椅,品牌08,小号,头枕,灰色,16*1*1,16,AI76A,莎拉,收货,上架
PrPHA4InWh,白色 品牌12 四号纸 打印机（喷墨）,打印机,品牌12,四号纸,喷墨,白色,16*1*1,16,BU06A,亚历克斯,收货,上架
CuWE12FiGr,灰色 品牌02 1200 储物柜（文件收纳）,储物柜,品牌02,1200,文件收纳,灰色,8*1*1,8,AT61F,约翰,收货,上架
PrReA2WiWh,白色 品牌24 二号纸 打印机（无线网络）,打印机,品牌24,二号纸,无线网络,白色,16*1*1,16,DW56E,迈克,收货,上架
TVEs424KWh,白色 品牌32 42英寸 电视机（超高清）,电视机,品牌32,42英寸,超高清,白色,8*1*1,8,AZ71D,克里斯,收货,上架
NoScA4liGr,灰色 品牌17 四号纸 笔记本（线条）,笔记本,品牌17,四号纸,线条,灰色,48*10*5,2400,BS10H,简,收货,上架
GaAEMErBl,黑色 品牌05 中号 游戏椅（人体工学）,游戏椅,品牌05,中号,人体工学,黑色,16*1*1,16,AL86F,克里斯,收货,上架
LaRe1716Si,银色 品牌14 17英寸 笔记本电脑（16吉字节内存）,笔记本电脑,品牌14,17英寸,16吉字节内存,银色,16*1*1,16,BX94F,克里斯,收货,上架
SPGi12HeBl,黑色 品牌21 12 触控笔（六角形）,触控笔,品牌21,12,六角形,黑色,48*10*5,2400,BQ48E,大卫,收货,上架
TVGL50S4Si,银色 品牌31 50英寸 电视机（超级超高清）,电视机,品牌31,50英寸,超级超高清,银色,8*1*1,8,CT55G,艾米,收货,上架
TVYn50FHWh,白色 品牌15 50英寸 电视机（全高清）,电视机,品牌15,50英寸,全高清,白色,8*1*1,8,CV64E,简,收货,上架
AlPH15i7Wh,白色 品牌12 15英寸 一体机（第7代处理器）,一体机,品牌12,15英寸,第7代处理器,白色,16*1*1,16,DR79B,简,收货,上架
AlOv1416Wh,白色 品牌13 14英寸 一体机（16吉字节内存）,一体机,品牌13,14英寸,16吉字节内存,白色,16*1*1,16,CM57D,克里斯,收货,上架
CuQE18FiWh,白色 品牌01 1800 储物柜（文件收纳）,储物柜,品牌01,1800,文件收纳,白色,8*1*1,8,CJ34D,亚历克斯,收货,上架
CaQE12DoGr,灰色 品牌01 1200 文件柜（带门式）,文件柜,品牌01,1200,带门式,灰色,8*1*1,8,BM85A,莎拉,收货,上架
CaRG90FiWh,白色 品牌03 900 文件柜（文件收纳）,文件柜,品牌03,900,文件收纳,白色,8*1*1,8,DQ28C,约翰,收货,上架
CaTE12FiGr,灰色 品牌04 1200 文件柜（文件收纳）,文件柜,品牌04,1200,文件收纳,灰色,8*1*1,8,DZ10H,劳拉,收货,上架
TVGL50S4Gr,灰色 品牌31 50英寸 电视机（超级超高清）,电视机,品牌31,50英寸,超级超高清,灰色,8*1*1,8,CT21D,简,收货,上架
SPNa24WaPi,粉色 品牌23 24 触控笔（水彩）,触控笔,品牌23,24,水彩,粉色,48*10*5,2400,BQ76G,克里斯,收货,上架
PeRe24WaGr,灰色 品牌22 24 铅笔（水彩）,铅笔,品牌22,24,水彩,灰色,48*10*5,2400,AG03C,劳拉,收货,上架
OfOGMAdWh,白色 品牌07 中号 办公椅（可调节）,办公椅,品牌07,中号,可调节,白色,16*1*1,16,DT50H,大卫,收货,上架
TVEs65FHGr,灰色 品牌32 65英寸 电视机（全高清）,电视机,品牌32,65英寸,全高清,灰色,8*1*1,8,BH63G,大卫,收货,上架
AlYn1432Si,银色 品牌15 14英寸 一体机（32吉字节内存）,一体机,品牌15,14英寸,32吉字节内存,银色,16*1*1,16,AU54D,大卫,收货,上架
NoMuA3liGr,灰色 品牌19 三号纸 笔记本（线条）,笔记本,品牌19,三号纸,线条,灰色,48*10*5,2400,BK61H,艾米,收货,上架
AlOv178GSi,银色 品牌13 17英寸 一体机（8吉字节内存）,一体机,品牌13,17英寸,8吉字节内存,银色,16*1*1,16,CI49F,大卫,收货,上架
TVEs75SFBl,黑色 品牌32 75英寸 电视机（超级全高清）,电视机,品牌32,75英寸,超级全高清,黑色,8*1*1,8,AU51G,莎拉,收货,上架
GaOGLHeWh,白色 品牌07 大号 游戏椅（头枕）,游戏椅,品牌07,大号,头枕,白色,16*1*1,16,DX74F,艾米,收货,上架
KePH27ErPi,粉色 品牌12 270 键盘（人体工学）,键盘,品牌12,270,人体工学,粉色,16*10*1,160,BO03G,艾米丽,收货,上架
AlOv1432Wh,白色 品牌13 14英寸 一体机（32吉字节内存）,一体机,品牌13,14英寸,32吉字节内存,白色,16*1*1,16,CY28B,大卫,收货,上架
SPAl50HeBl,黑色 品牌20 50 触控笔（六角形）,触控笔,品牌20,50,六角形,黑色,48*10*5,2400,AY86C,约翰,收货,上架
SPNa50WaGr,灰色 品牌23 50 触控笔（水彩）,触控笔,品牌23,50,水彩,灰色,48*10*5,2400,CK30G,艾米丽,收货,上架
DrTE90LoWh,白色 品牌04 900 抽屉柜（储物锁柜）,抽屉柜,品牌04,900,储物锁柜,白色,8*1*1,8,CN25C,劳拉,收货,上架
OfXESErBl,黑色 品牌06 小号 办公椅（人体工学）,办公椅,品牌06,小号,人体工学,黑色,16*1*1,16,AM12F,迈克,收货,上架
AlYn1432Bl,黑色 品牌15 14英寸 一体机（32吉字节内存）,一体机,品牌15,14英寸,32吉字节内存,黑色,16*1*1,16,CR91C,简,收货,上架
LaPH1432Gr,灰色 品牌12 14英寸 笔记本电脑（32吉字节内存）,笔记本电脑,品牌12,14英寸,32吉字节内存,灰色,16*1*1,16,DN31E,大卫,收货,上架
TVYn75FHWh,白色 品牌15 75英寸 电视机（全高清）,电视机,品牌15,75英寸,全高清,白色,8*1*1,8,AF07A,艾米丽,收货,上架
SPNa50WaWh,白色 品牌23 50 触控笔（水彩）,触控笔,品牌23,50,水彩,白色,48*10*5,2400,DO52B,简,收货,上架
GaOGMAdWh,白色 品牌07 中号 游戏椅（可调节）,游戏椅,品牌07,中号,可调节,白色,16*1*1,16,DQ58H,约翰,收货,上架
AlYn1732Si,银色 品牌15 17英寸 一体机（32吉字节内存）,一体机,品牌15,17英寸,32吉字节内存,银色,16*1*1,16,AP68H,大卫,收货,上架
MoHc27BlPi,粉色 品牌09 270 鼠标（蓝牙）,鼠标,品牌09,270,蓝牙,粉色,16*10*1,160,BQ35H,克里斯,收货,上架
LaRe1532Gr,灰色 品牌14 15英寸 笔记本电脑（32吉字节内存）,笔记本电脑,品牌14,15英寸,32吉字节内存,灰色,16*1*1,16,AL31H,迈克,收货,上架
CuTE18SlBe,米色 品牌04 1800 储物柜（滑动式）,储物柜,品牌04,1800,滑动式,米色,8*1*1,8,CK84A,大卫,收货,上架
LaPH15i5Wh,白色 品牌12 15英寸 笔记本电脑（第5代处理器）,笔记本电脑,品牌12,15英寸,第5代处理器,白色,16*1*1,16,AZ14D,克里斯,收货,上架
OfAEMAdPi,粉色 品牌05 中号 办公椅（可调节）,办公椅,品牌05,中号,可调节,粉色,16*1*1,16,AI77G,简,收货,上架
AlSu14i5Si,银色 品牌11 14英寸 一体机（第5代处理器）,一体机,品牌11,14英寸,第5代处理器,银色,16*1*1,16,DR07E,亚历克斯,收货,上架
GaXESLeGr,灰色 品牌06 小号 游戏椅（皮革）,游戏椅,品牌06,小号,皮革,灰色,16*1*1,16,DH01D,克里斯,收货,上架
TVYn50SFBl,黑色 品牌15 50英寸 电视机（超级全高清）,电视机,品牌15,50英寸,超级全高清,黑色,8*1*1,8,BS35D,约翰,收货,上架
CuWE18SlBl,黑色 品牌02 1800 储物柜（滑动式）,储物柜,品牌02,1800,滑动式,黑色,8*1*1,8,AO28A,简,收货,上架
TVEs654KGr,灰色 品牌32 65英寸 电视机（超高清）,电视机,品牌32,65英寸,超高清,灰色,8*1*1,8,CO95C,亚历克斯,收货,上架
MoRe45WiWh,白色 品牌10 450 鼠标（有线）,鼠标,品牌10,450,有线,白色,16*10*1,160,CL34F,艾米丽,收货,上架
TaCI18AuBl,黑色 品牌27 1800 桌子（自动调节）,桌子,品牌27,1800,自动调节,黑色,8*1*1,8,BX31F,艾米,收货,上架
DrWE18FiBl,黑色 品牌02 1800 抽屉柜（文件收纳）,抽屉柜,品牌02,1800,文件收纳,黑色,8*1*1,8,BW53E,艾米,收货,上架
LaYn178GWh,白色 品牌15 17英寸 笔记本电脑（8吉字节内存）,笔记本电脑,品牌15,17英寸,8吉字节内存,白色,16*1*1,16,BT53D,迈克,收货,上架
KePH35MeWh,白色 品牌12 350 键盘（机械式）,键盘,品牌12,350,机械式,白色,16*10*1,160,AG68B,约翰,收货,上架
PrSoA4InWh,白色 品牌25 四号纸 打印机（喷墨）,打印机,品牌25,四号纸,喷墨,白色,16*1*1,16,AW40E,艾米,收货,上架
TaCI15WoSi,银色 品牌27 1500 桌子（工作站）,桌子,品牌27,1500,工作站,银色,8*1*1,8,AI06A,劳拉,收货,上架
PrReA3MoMi,混合色 品牌24 三号纸 打印机（黑白）,打印机,品牌24,三号纸,黑白,混合色,16*1*1,16,BW74E,约翰,收货,上架
KeHc27WiWh,白色 品牌09 270 键盘（有线）,键盘,品牌09,270,有线,白色,16*10*1,160,AH73H,亚历克斯,收货,上架
PrSoA3AlBl,黑色 品牌25 三号纸 打印机（一体式）,打印机,品牌25,三号纸,一体式,黑色,16*1*1,16,CR05F,约翰,收货,上架
PrNoA3InWh,白色 品牌26 三号纸 打印机（喷墨）,打印机,品牌26,三号纸,喷墨,白色,16*1*1,16,AK17B,迈克,收货,上架
TVEs654KWh,白色 品牌32 65英寸 电视机（超高清）,电视机,品牌32,65英寸,超高清,白色,8*1*1,8,BX32G,艾米,收货,上架
SPRe12HeBl,黑色 品牌22 12 触控笔（六角形）,触控笔,品牌22,12,六角形,黑色,48*10*5,2400,CF35G,大卫,收货,上架
LaSu1416Bl,黑色 品牌11 14英寸 笔记本电脑（16吉字节内存）,笔记本电脑,品牌11,14英寸,16吉字节内存,黑色,16*1*1,16,AP39A,迈克,收货,上架
TaTR10FrBl,黑色 品牌29 1000 桌子（框架式）,桌子,品牌29,1000,框架式,黑色,8*1*1,8,CK11F,劳拉,收货,上架
TVGL75FHBl,黑色 品牌31 75英寸 电视机（全高清）,电视机,品牌31,75英寸,全高清,黑色,8*1*1,8,CG22A,艾米丽,收货,上架
PrSoA4WiWh,白色 品牌25 四号纸 打印机（无线网络）,打印机,品牌25,四号纸,无线网络,白色,16*1*1,16,CK02C,简,收货,上架
TaCI15FrGr,灰色 品牌27 1500 桌子（框架式）,桌子,品牌27,1500,框架式,灰色,8*1*1,8,BZ91D,劳拉,收货,上架
OfOGSErPi,粉色 品牌07 小号 办公椅（人体工学）,办公椅,品牌07,小号,人体工学,粉色,16*1*1,16,BV52C,艾米丽,收货,上架
TVGn504KGr,灰色 品牌30 50英寸 电视机（超高清）,电视机,品牌30,50英寸,超高清,灰色,8*1*1,8,CM66B,劳拉,收货,上架
CuQE90DoBl,黑色 品牌01 900 储物柜（带门式）,储物柜,品牌01,900,带门式,黑色,8*1*1,8,BK31H,迈克,收货,上架
OfAELLeBl,黑色 品牌05 大号 办公椅（皮革）,办公椅,品牌05,大号,皮革,黑色,16*1*1,16,CN71B,艾米,收货,上架
DrTE90FiBe,米色 品牌04 900 抽屉柜（文件收纳）,抽屉柜,品牌04,900,文件收纳,米色,8*1*1,8,AO52C,艾米,收货,上架
KeRe35WiNa,藏青色 品牌10 350 键盘（有线）,键盘,品牌10,350,有线,藏青色,16*10*1,160,BO42G,艾米丽,收货,上架
CuWE18DoWh,白色 品牌02 1800 储物柜（带门式）,储物柜,品牌02,1800,带门式,白色,8*1*1,8,DF24G,艾米,收货,上架
TVEs42FHGr,灰色 品牌32 42英寸 电视机（全高清）,电视机,品牌32,42英寸,全高清,灰色,8*1*1,8,BW27E,艾米,收货,上架
LaOv1516Bl,黑色 品牌13 15英寸 笔记本电脑（16吉字节内存）,笔记本电脑,品牌13,15英寸,16吉字节内存,黑色,16*1*1,16,AL48G,大卫,收货,上架
MoPH45WiNa,藏青色 品牌12 450 鼠标（有线）,鼠标,品牌12,450,有线,藏青色,16*10*1,160,DH19E,克里斯,收货,上架
OfOGLHeBl,黑色 品牌07 大号 办公椅（头枕）,办公椅,品牌07,大号,头枕,黑色,16*1*1,16,DF26F,大卫,收货,上架
PrPHA4MoMi,混合色 品牌12 四号纸 打印机（黑白）,打印机,品牌12,四号纸,黑白,混合色,16*1*1,16,AS81D,莎拉,收货,上架
PrPHA4InBl,黑色 品牌12 四号纸 打印机（喷墨）,打印机,品牌12,四号纸,喷墨,黑色,16*1*1,16,DI13F,迈克,收货,上架
AlPH1516Bl,黑色 品牌12 15英寸 一体机（16吉字节内存）,一体机,品牌12,15英寸,16吉字节内存,黑色,16*1*1,16,CS72D,约翰,收货,上架
DrRG12DoBl,黑色 品牌03 1200 抽屉柜（带门式）,抽屉柜,品牌03,1200,带门式,黑色,8*1*1,8,AP84H,简,收货,上架
DrRG90LoWh,白色 品牌03 900 抽屉柜（储物锁柜）,抽屉柜,品牌03,900,储物锁柜,白色,8*1*1,8,DY01B,艾米丽,收货,上架
TVYn42S4Gr,灰色 品牌15 42英寸 电视机（超级超高清）,电视机,品牌15,42英寸,超级超高清,灰色,8*1*1,8,DW40F,亚历克斯,收货,上架
TaAE15FrBl,黑色 品牌05 1500 桌子（框架式）,桌子,品牌05,1500,框架式,黑色,8*1*1,8,DV50A,艾米丽,收货,上架
CuRG12DoBe,米色 品牌03 1200 储物柜（带门式）,储物柜,品牌03,1200,带门式,米色,8*1*1,8,BX13F,艾米丽,收货,上架
CaTE12SlBe,米色 品牌04 1200 文件柜（滑动式）,文件柜,品牌04,1200,滑动式,米色,8*1*1,8,CN79E,约翰,收货,上架
TaCI10FrSi,银色 品牌27 1000 桌子（框架式）,桌子,品牌27,1000,框架式,银色,8*1*1,8,BV64B,迈克,收货,上架
GaOGMErPi,粉色 品牌07 中号 游戏椅（人体工学）,游戏椅,品牌07,中号,人体工学,粉色,16*1*1,16,AQ39A,简,收货,上架
OfSESErBl,黑色 品牌08 小号 办公椅（人体工学）,办公椅,品牌08,小号,人体工学,黑色,16*1*1,16,AO58G,约翰,收货,上架
OfOGMLeBl,黑色 品牌07 中号 办公椅（皮革）,办公椅,品牌07,中号,皮革,黑色,16*1*1,16,DK32E,莎拉,收货,上架
TVGn424KBl,黑色 品牌30 42英寸 电视机（超高清）,电视机,品牌30,42英寸,超高清,黑色,8*1*1,8,BT17G,劳拉,收货,上架
TVGL75FHBl,黑色 品牌31 75英寸 电视机（全高清）,电视机,品牌31,75英寸,全高清,黑色,8*1*1,8,BY27G,简,收货,上架
LaYn178GGr,灰色 品牌15 17英寸 笔记本电脑（8吉字节内存）,笔记本电脑,品牌15,17英寸,8吉字节内存,灰色,16*1*1,16,BZ26F,简,收货,上架
MoPH27ErBl,黑色 品牌12 270 鼠标（人体工学）,鼠标,品牌12,270,人体工学,黑色,16*10*1,160,BY26F,简,收货,上架
TVGL32SFBl,黑色 品牌31 32英寸 电视机（超级全高清）,电视机,品牌31,32英寸,超级全高清,黑色,8*1*1,8,AQ60D,莎拉,收货,上架
LaOv178GGr,灰色 品牌13 17英寸 笔记本电脑（8吉字节内存）,笔记本电脑,品牌13,17英寸,8吉字节内存,灰色,16*1*1,16,AQ53A,艾米丽,收货,上架
PrPHA4LaGr,灰色 品牌12 四号纸 打印机（激光）,打印机,品牌12,四号纸,激光,灰色,16*1*1,16,AR31E,艾米,收货,上架
PeNa12WaGr,灰色 品牌23 12 铅笔（水彩）,铅笔,品牌23,12,水彩,灰色,48*10*5,2400,AW91A,艾米,收货,上架
SPNa24SoWh,白色 品牌23 24 触控笔（可溶性）,触控笔,品牌23,24,可溶性,白色,48*10*5,2400,AN39D,简,收货,上架
LaOv1416Bl,黑色 品牌13 14英寸 笔记本电脑（16吉字节内存）,笔记本电脑,品牌13,14英寸,16吉字节内存,黑色,16*1*1,16,BJ81G,迈克,收货,上架
LaYn158GGr,灰色 品牌15 15英寸 笔记本电脑（8吉字节内存）,笔记本电脑,品牌15,15英寸,8吉字节内存,灰色,16*1*1,16,CP06F,约翰,收货,上架
PeNa24SoWh,白色 品牌23 24 铅笔（可溶性）,铅笔,品牌23,24,可溶性,白色,48*10*5,2400,BQ20G,亚历克斯,收货,上架
TaAE15AdGr,灰色 品牌05 1500 桌子（可调节）,桌子,品牌05,1500,可调节,灰色,8*1*1,8,CM94D,劳拉,收货,上架
KeHc27ErBl,黑色 品牌09 270 键盘（人体工学）,键盘,品牌09,270,人体工学,黑色,16*10*1,160,DV82F,大卫,收货,上架
GaOGSErGr,灰色 品牌07 小号 游戏椅（人体工学）,游戏椅,品牌07,小号,人体工学,灰色,16*1*1,16,BI03F,莎拉,收货,上架
AlOv17i7Si,银色 品牌13 17英寸 一体机（第7代处理器）,一体机,品牌13,17英寸,第7代处理器,银色,16*1*1,16,BJ14B,莎拉,收货,上架
GaXESAdGr,灰色 品牌06 小号 游戏椅（可调节）,游戏椅,品牌06,小号,可调节,灰色,16*1*1,16,BP52D,劳拉,收货,上架
LaSu148GGr,灰色 品牌11 14英寸 笔记本电脑（8吉字节内存）,笔记本电脑,品牌11,14英寸,8吉字节内存,灰色,16*1*1,16,AV17F,亚历克斯,收货,上架
OfSEMErBl,黑色 品牌08 中号 办公椅（人体工学）,办公椅,品牌08,中号,人体工学,黑色,16*1*1,16,DK69D,艾米,收货,上架
LaYn1416Wh,白色 品牌15 14英寸 笔记本电脑（16吉字节内存）,笔记本电脑,品牌15,14英寸,16吉字节内存,白色,16*1*1,16,CF92F,艾米丽,收货,上架
LaRe1416Wh,白色 品牌14 14英寸 笔记本电脑（16吉字节内存）,笔记本电脑,品牌14,14英寸,16吉字节内存,白色,16*1*1,16,BU97H,莎拉,收货,上架
SPAl24WaPi,粉色 品牌20 24 触控笔（水彩）,触控笔,品牌20,24,水彩,粉色,48*10*5,2400,BJ88A,约翰,收货,上架
KeHc27BlPi,粉色 品牌09 270 键盘（蓝牙）,键盘,品牌09,270,蓝牙,粉色,16*10*1,160,CT62B,亚历克斯,收货,上架
TaCI15AdBl,黑色 品牌27 1500 桌子（可调节）,桌子,品牌27,1500,可调节,黑色,8*1*1,8,CQ12B,劳拉,收货,上架
PeNa12WaBl,黑色 品牌23 12 铅笔（水彩）,铅笔,品牌23,12,水彩,黑色,48*10*5,2400,DF64F,克里斯,收货,上架
CuWE12DoBe,米色 品牌02 1200 储物柜（带门式）,储物柜,品牌02,1200,带门式,米色,8*1*1,8,CQ79F,艾米丽,收货,上架
DrQE18SlBe,米色 品牌01 1800 抽屉柜（滑动式）,抽屉柜,品牌01,1800,滑动式,米色,8*1*1,8,BQ38H,迈克,收货,上架
DrRG18LoWh,白色 品牌03 1800 抽屉柜（储物锁柜）,抽屉柜,品牌03,1800,储物锁柜,白色,8*1*1,8,CX58D,莎拉,收货,上架
CuTE90LoGr,灰色 品牌04 900 储物柜（储物锁柜）,储物柜,品牌04,900,储物锁柜,灰色,8*1*1,8,CO77G,莎拉,收货,上架
KePH45WiBl,黑色 品牌12 450 键盘（有线）,键盘,品牌12,450,有线,黑色,16*10*1,160,BW47G,简,收货,上架
MoPH27BlBl,黑色 品牌12 270 鼠标（蓝牙）,鼠标,品牌12,270,蓝牙,黑色,16*10*1,160,CH89G,艾米丽,收货,上架
CaTE18SlWh,白色 品牌04 1800 文件柜（滑动式）,文件柜,品牌04,1800,滑动式,白色,8*1*1,8,DY58A,约翰,收货,上架
MoPH35WiWh,白色 品牌12 350 鼠标（有线）,鼠标,品牌12,350,有线,白色,16*10*1,160,DL07D,亚历克斯,收货,上架
AlSu178GBl,黑色 品牌11 17英寸 一体机（8吉字节内存）,一体机,品牌11,17英寸,8吉字节内存,黑色,16*1*1,16,DU20E,迈克,收货,上架
KeSu27WiWh,白色 品牌11 270 键盘（有线）,键盘,品牌11,270,有线,白色,16*10*1,160,BN02G,迈克,收货,上架
LaSu1432Wh,白色 品牌11 14英寸 笔记本电脑（32吉字节内存）,笔记本电脑,品牌11,14英寸,32吉字节内存,白色,16*1*1,16,BI49F,大卫,收货,上架
OfSELLeWh,白色 品牌08 大号 办公椅（皮革）,办公椅,品牌08,大号,皮革,白色,16*1*1,16,DG11E,艾米丽,收货,上架
CaWE18DoBe,米色 品牌02 1800 文件柜（带门式）,文件柜,品牌02,1800,带门式,米色,8*1*1,8,DL68H,亚历克斯,收货,上架
SPGi12HeWh,白色 品牌21 12 触控笔（六角形）,触控笔,品牌21,12,六角形,白色,48*10*5,2400,AF14H,约翰,收货,上架
AlOv1416Bl,黑色 品牌13 14英寸 一体机（16吉字节内存）,一体机,品牌13,14英寸,16吉字节内存,黑色,16*1*1,16,AL17E,艾米丽,收货,上架
TaTR15AdSi,银色 品牌28 1500 桌子（可调节）,桌子,品牌28,1500,可调节,银色,8*1*1,8,CX55G,亚历克斯,收货,上架
AlYn1516Wh,白色 品牌15 15英寸 一体机（16吉字节内存）,一体机,品牌15,15英寸,16吉字节内存,白色,16*1*1,16,BP87B,亚历克斯,收货,上架
LaOv158GGr,灰色 品牌13 15英寸 笔记本电脑（8吉字节内存）,笔记本电脑,品牌13,15英寸,8吉字节内存,灰色,16*1*1,16,AJ52E,克里斯,收货,上架
PeNa24SoGr,灰色 品牌23 24 铅笔（可溶性）,铅笔,品牌23,24,可溶性,灰色,48*10*5,2400,DJ47H,克里斯,收货,上架
NoExA5doSi,银色 品牌16 五号纸 笔记本（点阵）,笔记本,品牌16,五号纸,点阵,银色,48*10*5,2400,CM74B,约翰,收货,上架
NoGrA5doSi,银色 品牌18 五号纸 笔记本（点阵）,笔记本,品牌18,五号纸,点阵,银色,48*10*5,2400,AR75B,大卫,收货,上架
TVGL75S4Si,银色 品牌31 75英寸 电视机（超级超高清）,电视机,品牌31,75英寸,超级超高清,银色,8*1*1,8,AV32E,迈克,收货,上架
NoGrA5ruGr,灰色 品牌18 五号纸 笔记本（横线）,笔记本,品牌18,五号纸,横线,灰色,48*10*5,2400,DX04E,大卫,收货,上架
DrWE18LoWh,白色 品牌02 1800 抽屉柜（储物锁柜）,抽屉柜,品牌02,1800,储物锁柜,白色,8*1*1,8,CO43H,克里斯,收货,上架
TVGn324KWh,白色 品牌30 32英寸 电视机（超高清）,电视机,品牌30,32英寸,超高清,白色,8*1*1,8,BO94F,劳拉,收货,上架
AlPH14i5Bl,黑色 品牌12 14英寸 一体机（第5代处理器）,一体机,品牌12,14英寸,第5代处理器,黑色,16*1*1,16,DS68G,大卫,收货,上架
PrReA3LaBl,黑色 品牌24 三号纸 打印机（激光）,打印机,品牌24,三号纸,激光,黑色,16*1*1,16,AH55D,迈克,收货,上架
CuTE12SlWh,白色 品牌04 1200 储物柜（滑动式）,储物柜,品牌04,1200,滑动式,白色,8*1*1,8,AV03C,克里斯,收货,上架
MoPH35BlWh,白色 品牌12 350 鼠标（蓝牙）,鼠标,品牌12,350,蓝牙,白色,16*10*1,160,AY31G,艾米,收货,上架
DrRG12FiGr,灰色 品牌03 1200 抽屉柜（文件收纳）,抽屉柜,品牌03,1200,文件收纳,灰色,8*1*1,8,BG98H,劳拉,收货,上架
PrPHA3MoMi,混合色 品牌12 三号纸 打印机（黑白）,打印机,品牌12,三号纸,黑白,混合色,16*1*1,16,AU28A,莎拉,收货,上架
TaTR15WoBl,黑色 品牌28 1500 桌子（工作站）,桌子,品牌28,1500,工作站,黑色,8*1*1,8,CO37D,劳拉,收货,上架
SPNa50SoPi,粉色 品牌23 50 触控笔（可溶性）,触控笔,品牌23,50,可溶性,粉色,48*10*5,2400,DW81H,艾米丽,收货,上架
MoPH27BlNa,藏青色 品牌12 270 鼠标（蓝牙）,鼠标,品牌12,270,蓝牙,藏青色,16*10*1,160,CS94H,迈克,收货,上架
AlOv1432Si,银色 品牌13 14英寸 一体机（32吉字节内存）,一体机,品牌13,14英寸,32吉字节内存,银色,16*1*1,16,AK89D,艾米,收货,上架
CuTE12DoGr,灰色 品牌04 1200 储物柜（带门式）,储物柜,品牌04,1200,带门式,灰色,8*1*1,8,BV21D,简,收货,上架
MoHc45MeNa,藏青色 品牌09 450 鼠标（机械式）,鼠标,品牌09,450,机械式,藏青色,16*10*1,160,CK10E,亚历克斯,收货,上架
KeHc35MeWh,白色 品牌09 350 键盘（机械式）,键盘,品牌09,350,机械式,白色,16*10*1,160,CY03G,迈克,收货,上架
PrNoA2LaBl,黑色 品牌26 二号纸 打印机（激光）,打印机,品牌26,二号纸,激光,黑色,16*1*1,16,BO98F,迈克,收货,上架
OfSEMHeGr,灰色 品牌08 中号 办公椅（头枕）,办公椅,品牌08,中号,头枕,灰色,16*1*1,16,AH83D,克里斯,收货,上架
MoPH27ErNa,藏青色 品牌12 270 鼠标（人体工学）,鼠标,品牌12,270,人体工学,藏青色,16*10*1,160,AZ31G,约翰,收货,上架
SPAl24WaWh,白色 品牌20 24 触控笔（水彩）,触控笔,品牌20,24,水彩,白色,48*10*5,2400,DQ17G,亚历克斯,收货,上架
MoSu45BlPi,粉色 品牌11 450 鼠标（蓝牙）,鼠标,品牌11,450,蓝牙,粉色,16*10*1,160,CH73C,大卫,收货,上架
CaQE12SlGr,灰色 品牌01 1200 文件柜（滑动式）,文件柜,品牌01,1200,滑动式,灰色,8*1*1,8,DV68B,劳拉,收货,上架
CaWE12DoWh,白色 品牌02 1200 文件柜（带门式）,文件柜,品牌02,1200,带门式,白色,8*1*1,8,DG86F,劳拉,收货,上架
KePH27WiBl,黑色 品牌12 270 键盘（有线）,键盘,品牌12,270,有线,黑色,16*10*1,160,CU49A,亚历克斯,收货,上架
PrNoA3InMi,混合色 品牌26 三号纸 打印机（喷墨）,打印机,品牌26,三号纸,喷墨,混合色,16*1*1,16,CG10C,劳拉,收货,上架
MoSu27ErBl,黑色 品牌11 270 鼠标（人体工学）,鼠标,品牌11,270,人体工学,黑色,16*10*1,160,DY75A,莎拉,收货,上架
AlPH1732Si,银色 品牌12 17英寸 一体机（32吉字节内存）,一体机,品牌12,17英寸,32吉字节内存,银色,16*1*1,16,DR18D,亚历克斯,收货,上架
TaCI10AuGr,灰色 品牌27 1000 桌子（自动调节）,桌子,品牌27,1000,自动调节,灰色,8*1*1,8,BR14A,迈克,收货,上架
NoMuA3ruSi,银色 品牌19 三号纸 笔记本（横线）,笔记本,品牌19,三号纸,横线,银色,48*10*5,2400,DK57D,简,收货,上架
PrNoA3AlWh,白色 品牌26 三号纸 打印机（一体式）,打印机,品牌26,三号纸,一体式,白色,16*1*1,16,DJ17E,简,收货,上架
AlSu148GBl,黑色 品牌11 14英寸 一体机（8吉字节内存）,一体机,品牌11,14英寸,8吉字节内存,黑色,16*1*1,16,CK16H,亚历克斯,收货,上架
GaSESHeWh,白色 品牌08 小号 游戏椅（头枕）,游戏椅,品牌08,小号,头枕,白色,16*1*1,16,AU64G,约翰,收货,上架
PeAl24SoPi,粉色 品牌20 24 铅笔（可溶性）,铅笔,品牌20,24,可溶性,粉色,48*10*5,2400,CK22C,大卫,收货,上架
MoHc45ErWh,白色 品牌09 450 鼠标（人体工学）,鼠标,品牌09,450,人体工学,白色,16*10*1,160,CI59B,艾米丽,收货,上架
GaSEMAdWh,白色 品牌08 中号 游戏椅（可调节）,游戏椅,品牌08,中号,可调节,白色,16*1*1,16,CU60H,克里斯,收货,上架
AlSu14i7Gr,灰色 品牌11 14英寸 一体机（第7代处理器）,一体机,品牌11,14英寸,第7代处理器,灰色,16*1*1,16,CI85E,克里斯,收货,上架
TVEs42S4Wh,白色 品牌32 42英寸 电视机（超级超高清）,电视机,品牌32,42英寸,超级超高清,白色,8*1*1,8,DF23B,约翰,收货,上架
TVGn42S4Si,银色 品牌30 42英寸 电视机（超级超高清）,电视机,品牌30,42英寸,超级超高清,银色,8*1*1,8,CY02C,克里斯,收货,上架
AlYn17i5Si,银色 品牌15 17英寸 一体机（第5代处理器）,一体机,品牌15,17英寸,第5代处理器,银色,16*1*1,16,AG90F,大卫,收货,上架
TaTR15FrBl,黑色 品牌29 1500 桌子（框架式）,桌子,品牌29,1500,框架式,黑色,8*1*1,8,DJ11F,克里斯,收货,上架
SPRe24WaPi,粉色 品牌22 24 触控笔（水彩）,触控笔,品牌22,24,水彩,粉色,48*10*5,2400,DZ11E,艾米,收货,上架
LaPH17i5Si,银色 品牌12 17英寸 笔记本电脑（第5代处理器）,笔记本电脑,品牌12,17英寸,第5代处理器,银色,16*1*1,16,CV51G,劳拉,收货,上架
NoMuA3doBl,黑色 品牌19 三号纸 笔记本（点阵）,笔记本,品牌19,三号纸,点阵,黑色,48*10*5,2400,AF69A,莎拉,收货,上架
PeAl24SoPi,粉色 品牌20 24 铅笔（可溶性）,铅笔,品牌20,24,可溶性,粉色,48*10*5,2400,CW09D,劳拉,收货,上架
CuRG12FiBe,米色 品牌03 1200 储物柜（文件收纳）,储物柜,品牌03,1200,文件收纳,米色,8*1*1,8,DQ03H,迈克,收货,上架
LaPH14i7Wh,白色 品牌12 14英寸 笔记本电脑（第7代处理器）,笔记本电脑,品牌12,14英寸,第7代处理器,白色,16*1*1,16,BZ39C,约翰,收货,上架
LaRe1416Si,银色 品牌14 14英寸 笔记本电脑（16吉字节内存）,笔记本电脑,品牌14,14英寸,16吉字节内存,银色,16*1*1,16,DS03F,迈克,收货,上架
DrTE90SlBl,黑色 品牌04 900 抽屉柜（滑动式）,抽屉柜,品牌04,900,滑动式,黑色,8*1*1,8,DG69A,艾米,收货,上架
GaOGMAdPi,粉色 品牌07 中号 游戏椅（可调节）,游戏椅,品牌07,中号,可调节,粉色,16*1*1,16,CP32A,艾米,收货,上架
MoSu45WiWh,白色 品牌11 450 鼠标（有线）,鼠标,品牌11,450,有线,白色,16*10*1,160,BZ86C,大卫,收货,上架
PrReA3MoWh,白色 品牌24 三号纸 打印机（黑白）,打印机,品牌24,三号纸,黑白,白色,16*1*1,16,CG58D,大卫,收货,上架
NoGrA4liWh,白色 品牌18 四号纸 笔记本（线条）,笔记本,品牌18,四号纸,线条,白色,48*10*5,2400,BW84E,莎拉,收货,上架
MoPH27WiNa,藏青色 品牌12 270 鼠标（有线）,鼠标,品牌12,270,有线,藏青色,16*10*1,160,CU42A,约翰,收货,上架
CuTE18LoWh,白色 品牌04 1800 储物柜（储物锁柜）,储物柜,品牌04,1800,储物锁柜,白色,8*1*1,8,BH86B,迈克,收货,上架
LaOv178GWh,白色 品牌13 17英寸 笔记本电脑（8吉字节内存）,笔记本电脑,品牌13,17英寸,8吉字节内存,白色,16*1*1,16,DO05D,劳拉,收货,上架
DrQE90SlBe,米色 品牌01 900 抽屉柜（滑动式）,抽屉柜,品牌01,900,滑动式,米色,8*1*1,8,AH24E,迈克,收货,上架
MoPH35WiNa,藏青色 品牌12 350 鼠标（有线）,鼠标,品牌12,350,有线,藏青色,16*10*1,160,BP06F,大卫,收货,上架
KeSu27BlWh,白色 品牌11 270 键盘（蓝牙）,键盘,品牌11,270,蓝牙,白色,16*10*1,160,DH51A,简,收货,上架
TaAE10WoWh,白色 品牌05 1000 桌子（工作站）,桌子,品牌05,1000,工作站,白色,8*1*1,8,CZ07E,简,收货,上架
CuQE18LoGr,灰色 品牌01 1800 储物柜（储物锁柜）,储物柜,品牌01,1800,储物锁柜,灰色,8*1*1,8,CV82D,大卫,收货,上架
TVGL654KWh,白色 品牌31 65英寸 电视机（超高清）,电视机,品牌31,65英寸,超高清,白色,8*1*1,8,CV32H,劳拉,收货,上架
CuQE12SlWh,白色 品牌01 1200 储物柜（滑动式）,储物柜,品牌01,1200,滑动式,白色,8*1*1,8,DK35D,约翰,收货,上架
OfXEMLeGr,灰色 品牌06 中号 办公椅（皮革）,办公椅,品牌06,中号,皮革,灰色,16*1*1,16,CQ79A,迈克,收货,上架
TVGL32S4Bl,黑色 品牌31 32英寸 电视机（超级超高清）,电视机,品牌31,32英寸,超级超高清,黑色,8*1*1,8,BF30B,艾米丽,收货,上架
GaXELAdWh,白色 品牌06 大号 游戏椅（可调节）,游戏椅,品牌06,大号,可调节,白色,16*1*1,16,BO27G,大卫,收货,上架
PrSoA3MoMi,混合色 品牌25 三号纸 打印机（黑白）,打印机,品牌25,三号纸,黑白,混合色,16*1*1,16,CU65H,克里斯,收货,上架
GaSELAdWh,白色 品牌08 大号 游戏椅（可调节）,游戏椅,品牌08,大号,可调节,白色,16*1*1,16,CZ17F,艾米,收货,上架
TVGn50FHGr,灰色 品牌30 50英寸 电视机（全高清）,电视机,品牌30,50英寸,全高清,灰色,8*1*1,8,DF88H,克里斯,收货,上架
TVGn50SFBl,黑色 品牌30 50英寸 电视机（超级全高清）,电视机,品牌30,50英寸,超级全高清,黑色,8*1*1,8,CS77G,大卫,收货,上架
MoRe27WiNa,藏青色 品牌10 270 鼠标（有线）,鼠标,品牌10,270,有线,藏青色,16*10*1,160,BU78F,约翰,收货,上架
AlRe1716Gr,灰色 品牌14 17英寸 一体机（16吉字节内存）,一体机,品牌14,17英寸,16吉字节内存,灰色,16*1*1,16,DQ54A,莎拉,收货,上架
GaXEMLePi,粉色 品牌06 中号 游戏椅（皮革）,游戏椅,品牌06,中号,皮革,粉色,16*1*1,16,CP36G,简,收货,上架
CaQE18LoBl,黑色 品牌01 1800 文件柜（储物锁柜）,文件柜,品牌01,1800,储物锁柜,黑色,8*1*1,8,CP25C,克里斯,收货,上架
LaYn14i7Wh,白色 品牌15 14英寸 笔记本电脑（第7代处理器）,笔记本电脑,品牌15,14英寸,第7代处理器,白色,16*1*1,16,BY49F,劳拉,收货,上架
PrNoA2InWh,白色 品牌26 二号纸 打印机（喷墨）,打印机,品牌26,二号纸,喷墨,白色,16*1*1,16,DS56A,克里斯,收货,上架
AlYn15i7Wh,白色 品牌15 15英寸 一体机（第7代处理器）,一体机,品牌15,15英寸,第7代处理器,白色,16*1*1,16,BL19F,克里斯,收货,上架
PeNa50HeBl,黑色 品牌23 50 铅笔（六角形）,铅笔,品牌23,50,六角形,黑色,48*10*5,2400,BT91F,艾米,收货,上架
CuQE90LoBl,黑色 品牌01 900 储物柜（储物锁柜）,储物柜,品牌01,900,储物锁柜,黑色,8*1*1,8,AI75C,大卫,收货,上架
CuRG12FiGr,灰色 品牌03 1200 储物柜（文件收纳）,储物柜,品牌03,1200,文件收纳,灰色,8*1*1,8,BR06A,亚历克斯,收货,上架
CaRG90SlBl,黑色 品牌03 900 文件柜（滑动式）,文件柜,品牌03,900,滑动式,黑色,8*1*1,8,AJ38B,简,收货,上架
SPAl12HeWh,白色 品牌20 12 触控笔（六角形）,触控笔,品牌20,12,六角形,白色,48*10*5,2400,DX04D,莎拉,收货,上架
CaTE18FiBl,黑色 品牌04 1800 文件柜（文件收纳）,文件柜,品牌04,1800,文件收纳,黑色,8*1*1,8,DV76B,劳拉,收货,上架
OfOGMHeWh,白色 品牌07 中号 办公椅（头枕）,办公椅,品牌07,中号,头枕,白色,16*1*1,16,DU06E,艾米丽,收货,上架
OfAESHePi,粉色 品牌05 小号 办公椅（头枕）,办公椅,品牌05,小号,头枕,粉色,16*1*1,16,CJ52G,约翰,收货,上架
PeRe12SoPi,粉色 品牌22 12 铅笔（可溶性）,铅笔,品牌22,12,可溶性,粉色,48*10*5,2400,DJ01A,克里斯,收货,上架
LaYn14i7Gr,灰色 品牌15 14英寸 笔记本电脑（第7代处理器）,笔记本电脑,品牌15,14英寸,第7代处理器,灰色,16*1*1,16,AW54G,约翰,收货,上架
LaYn15i5Si,银色 品牌15 15英寸 笔记本电脑（第5代处理器）,笔记本电脑,品牌15,15英寸,第5代处理器,银色,16*1*1,16,BT34C,劳拉,收货,上架
CuWE90DoWh,白色 品牌02 900 储物柜（带门式）,储物柜,品牌02,900,带门式,白色,8*1*1,8,AY29D,简,收货,上架
PrSoA2AlBl,黑色 品牌25 二号纸 打印机（一体式）,打印机,品牌25,二号纸,一体式,黑色,16*1*1,16,DX87G,简,收货,上架
TVYn65S4Gr,灰色 品牌15 65英寸 电视机（超级超高清）,电视机,品牌15,65英寸,超级超高清,灰色,8*1*1,8,CG13A,艾米丽,收货,上架
DrWE18DoGr,灰色 品牌02 1800 抽屉柜（带门式）,抽屉柜,品牌02,1800,带门式,灰色,8*1*1,8,BJ89C,劳拉,收货,上架
PrPHA2InGr,灰色 品牌12 二号纸 打印机（喷墨）,打印机,品牌12,二号纸,喷墨,灰色,16*1*1,16,BS26D,克里斯,收货,上架
TaTR18AdWh,白色 品牌28 1800 桌子（可调节）,桌子,品牌28,1800,可调节,白色,8*1*1,8,AZ01A,艾米,收货,上架
TaTR10FrGr,灰色 品牌28 1000 桌子（框架式）,桌子,品牌28,1000,框架式,灰色,8*1*1,8,BZ02C,亚历克斯,收货,上架
PrNoA4WiMi,混合色 品牌26 四号纸 打印机（无线网络）,打印机,品牌26,四号纸,无线网络,混合色,16*1*1,16,DP79E,艾米丽,收货,上架
TVGn504KSi,银色 品牌30 50英寸 电视机（超高清）,电视机,品牌30,50英寸,超高清,银色,8*1*1,8,BU94F,大卫,收货,上架
OfXEMHeBl,黑色 品牌06 中号 办公椅（头枕）,办公椅,品牌06,中号,头枕,黑色,16*1*1,16,CG65C,克里斯,收货,上架
GaOGMErGr,灰色 品牌07 中号 游戏椅（人体工学）,游戏椅,品牌07,中号,人体工学,灰色,16*1*1,16,BG45G,简,收货,上架
GaAEMLeGr,灰色 品牌05 中号 游戏椅（皮革）,游戏椅,品牌05,中号,皮革,灰色,16*1*1,16,CY95E,简,收货,上架
CaWE90SlBe,米色 品牌02 900 文件柜（滑动式）,文件柜,品牌02,900,滑动式,米色,8*1*1,8,BO12H,简,收货,上架
LaSu1732Si,银色 品牌11 17英寸 笔记本电脑（32吉字节内存）,笔记本电脑,品牌11,17英寸,32吉字节内存,银色,16*1*1,16,AI65G,约翰,收货,上架
PrNoA2LaGr,灰色 品牌26 二号纸 打印机（激光）,打印机,品牌26,二号纸,激光,灰色,16*1*1,16,AV22G,大卫,收货,上架
TVGL42SFSi,银色 品牌31 42英寸 电视机（超级全高清）,电视机,品牌31,42英寸,超级全高清,银色,8*1*1,8,DF45F,劳拉,收货,上架
LaSu15i5Si,银色 品牌11 15英寸 笔记本电脑（第5代处理器）,笔记本电脑,品牌11,15英寸,第5代处理器,银色,16*1*1,16,CL92A,迈克,收货,上架
DrQE12SlWh,白色 品牌01 1200 抽屉柜（滑动式）,抽屉柜,品牌01,1200,滑动式,白色,8*1*1,8,AR46A,亚历克斯,收货,上架
MoPH27BlNa,藏青色 品牌12 270 鼠标（蓝牙）,鼠标,品牌12,270,蓝牙,藏青色,16*10*1,160,AY46B,迈克,收货,上架
KePH27WiBl,黑色 品牌12 270 键盘（有线）,键盘,品牌12,270,有线,黑色,16*10*1,160,BT57H,莎拉,收货,上架
LaRe15i5Gr,灰色 品牌14 15英寸 笔记本电脑（第5代处理器）,笔记本电脑,品牌14,15英寸,第5代处理器,灰色,16*1*1,16,AT19F,亚历克斯,收货,上架
CaRG90FiWh,白色 品牌03 900 文件柜（文件收纳）,文件柜,品牌03,900,文件收纳,白色,8*1*1,8,CG24A,约翰,收货,上架
PrReA3InBl,黑色 品牌24 三号纸 打印机（喷墨）,打印机,品牌24,三号纸,喷墨,黑色,16*1*1,16,AL12F,艾米丽,收货,上架
OfXELLePi,粉色 品牌06 大号 办公椅（皮革）,办公椅,品牌06,大号,皮革,粉色,16*1*1,16,DW88C,简,收货,上架
CuTE90FiBe,米色 品牌04 900 储物柜（文件收纳）,储物柜,品牌04,900,文件收纳,米色,8*1*1,8,DF63C,简,收货,上架
AlSu1432Bl,黑色 品牌11 14英寸 一体机（32吉字节内存）,一体机,品牌11,14英寸,32吉字节内存,黑色,16*1*1,16,AT39E,克里斯,收货,上架
LaOv1516Bl,黑色 品牌13 15英寸 笔记本电脑（16吉字节内存）,笔记本电脑,品牌13,15英寸,16吉字节内存,黑色,16*1*1,16,BI13F,简,收货,上架
LaSu158GSi,银色 品牌11 15英寸 笔记本电脑（8吉字节内存）,笔记本电脑,品牌11,15英寸,8吉字节内存,银色,16*1*1,16,DF92H,简,收货,上架
PrSoA3InMi,混合色 品牌25 三号纸 打印机（喷墨）,打印机,品牌25,三号纸,喷墨,混合色,16*1*1,16,AY73H,约翰,收货,上架
TVYn504KBl,黑色 品牌15 50英寸 电视机（超高清）,电视机,品牌15,50英寸,超高清,黑色,8*1*1,8,BW78E,简,收货,上架
AlOv17i5Bl,黑色 品牌13 17英寸 一体机（第5代处理器）,一体机,品牌13,17英寸,第5代处理器,黑色,16*1*1,16,CX76D,克里斯,收货,上架
AlRe14i5Wh,白色 品牌14 14英寸 一体机（第5代处理器）,一体机,品牌14,14英寸,第5代处理器,白色,16*1*1,16,BH65A,艾米丽,收货,上架
KePH27ErWh,白色 品牌12 270 键盘（人体工学）,键盘,品牌12,270,人体工学,白色,16*10*1,160,DN26A,简,收货,上架
LaOv1716Wh,白色 品牌13 17英寸 笔记本电脑（16吉字节内存）,笔记本电脑,品牌13,17英寸,16吉字节内存,白色,16*1*1,16,AU82D,艾米丽,收货,上架
PrSoA2AlMi,混合色 品牌25 二号纸 打印机（一体式）,打印机,品牌25,二号纸,一体式,混合色,16*1*1,16,AH41H,亚历克斯,收货,上架
PrReA2LaGr,灰色 品牌24 二号纸 打印机（激光）,打印机,品牌24,二号纸,激光,灰色,16*1*1,16,BM33F,克里斯,收货,上架
CaRG12LoWh,白色 品牌03 1200 文件柜（储物锁柜）,文件柜,品牌03,1200,储物锁柜,白色,8*1*1,8,CJ69A,劳拉,收货,上架
SPAl50SoPi,粉色 品牌20 50 触控笔（可溶性）,触控笔,品牌20,50,可溶性,粉色,48*10*5,2400,DG58B,约翰,收货,上架
TVGn75S4Gr,灰色 品牌30 75英寸 电视机（超级超高清）,电视机,品牌30,75英寸,超级超高清,灰色,8*1*1,8,DO47E,亚历克斯,收货,上架
NoExA3liBl,黑色 品牌16 三号纸 笔记本（线条）,笔记本,品牌16,三号纸,线条,黑色,48*10*5,2400,CL90C,艾米,收货,上架
DrWE12LoBe,米色 品牌02 1200 抽屉柜（储物锁柜）,抽屉柜,品牌02,1200,储物锁柜,米色,8*1*1,8,AL33D,艾米丽,收货,上架
OfAEMErBl,黑色 品牌05 中号 办公椅（人体工学）,办公椅,品牌05,中号,人体工学,黑色,16*1*1,16,AG86A,大卫,收货,上架
TVGL50S4Si,银色 品牌31 50英寸 电视机（超级超高清）,电视机,品牌31,50英寸,超级超高清,银色,8*1*1,8,DG35E,亚历克斯,收货,上架
PeNa50WaWh,白色 品牌23 50 铅笔（水彩）,铅笔,品牌23,50,水彩,白色,48*10*5,2400,BG33D,简,收货,上架
KePH27MeNa,藏青色 品牌12 270 键盘（机械式）,键盘,品牌12,270,机械式,藏青色,16*10*1,160,CI79H,莎拉,收货,上架
DrRG90FiBe,米色 品牌03 900 抽屉柜（文件收纳）,抽屉柜,品牌03,900,文件收纳,米色,8*1*1,8,BZ32H,大卫,收货,上架
DrTE90SlGr,灰色 品牌04 900 抽屉柜（滑动式）,抽屉柜,品牌04,900,滑动式,灰色,8*1*1,8,DN77G,亚历克斯,收货,上架
GaXEMErWh,白色 品牌06 中号 游戏椅（人体工学）,游戏椅,品牌06,中号,人体工学,白色,16*1*1,16,BR37D,艾米,收货,上架
MoHc45ErNa,藏青色 品牌09 450 鼠标（人体工学）,鼠标,品牌09,450,人体工学,藏青色,16*10*1,160,AF47E,亚历克斯,收货,上架
TaCI15AdWh,白色 品牌27 1500 桌子（可调节）,桌子,品牌27,1500,可调节,白色,8*1*1,8,AX19A,迈克,收货,上架
SPAl12SoPi,粉色 品牌20 12 触控笔（可溶性）,触控笔,品牌20,12,可溶性,粉色,48*10*5,2400,AF96H,莎拉,收货,上架
TVEs50SFWh,白色 品牌32 50英寸 电视机（超级全高清）,电视机,品牌32,50英寸,超级全高清,白色,8*1*1,8,BF71E,简,收货,上架
PrSoA3InBl,黑色 品牌25 三号纸 打印机（喷墨）,打印机,品牌25,三号纸,喷墨,黑色,16*1*1,16,DX44C,克里斯,收货,上架
TaCI15AdWh,白色 品牌27 1500 桌子（可调节）,桌子,品牌27,1500,可调节,白色,8*1*1,8,BP76F,克里斯,收货,上架
LaSu14i5Gr,灰色 品牌11 14英寸 笔记本电脑（第5代处理器）,笔记本电脑,品牌11,14英寸,第5代处理器,灰色,16*1*1,16,DQ38F,约翰,收货,上架
TVEs50SFBl,黑色 品牌32 50英寸 电视机（超级全高清）,电视机,品牌32,50英寸,超级全高清,黑色,8*1*1,8,AJ06C,迈克,收货,上架
KePH27BlNa,藏青色 品牌12 270 键盘（蓝牙）,键盘,品牌12,270,蓝牙,藏青色,16*10*1,160,BY67C,莎拉,收货,上架
TaCI10AuSi,银色 品牌27 1000 桌子（自动调节）,桌子,品牌27,1000,自动调节,银色,8*1*1,8,BN35G,莎拉,收货,上架
SPNa24HeGr,灰色 品牌23 24 触控笔（六角形）,触控笔,品牌23,24,六角形,灰色,48*10*5,2400,DF83F,亚历克斯,收货,上架
TVGL654KGr,灰色 品牌31 65英寸 电视机（超高清）,电视机,品牌31,65英寸,超高清,灰色,8*1*1,8,BL30G,克里斯,收货,上架
TVGL754KSi,银色 品牌31 75英寸 电视机（超高清）,电视机,品牌31,75英寸,超高清,银色,8*1*1,8,DR26D,克里斯,收货,上架
OfSELHePi,粉色 品牌08 大号 办公椅（头枕）,办公椅,品牌08,大号,头枕,粉色,16*1*1,16,AU10A,艾米,收货,上架
CuRG90FiBl,黑色 品牌03 900 储物柜（文件收纳）,储物柜,品牌03,900,文件收纳,黑色,8*1*1,8,AJ15F,艾米,收货,上架
TVGn65S4Si,银色 品牌30 65英寸 电视机（超级超高清）,电视机,品牌30,65英寸,超级超高清,银色,8*1*1,8,DT55F,简,收货,上架
CaTE18SlWh,白色 品牌04 1800 文件柜（滑动式）,文件柜,品牌04,1800,滑动式,白色,8*1*1,8,CM22H,艾米丽,收货,上架
TVGn32SFBl,黑色 品牌30 32英寸 电视机（超级全高清）,电视机,品牌30,32英寸,超级全高清,黑色,8*1*1,8,DR30A,亚历克斯,收货,上架
LaPH17i5Bl,黑色 品牌12 17英寸 笔记本电脑（第5代处理器）,笔记本电脑,品牌12,17英寸,第5代处理器,黑色,16*1*1,16,BY01C,艾米,收货,上架
DrTE18DoBl,黑色 品牌04 1800 抽屉柜（带门式）,抽屉柜,品牌04,1800,带门式,黑色,8*1*1,8,DF15G,亚历克斯,收货,上架
NoMuA5liWh,白色 品牌19 五号纸 笔记本（线条）,笔记本,品牌19,五号纸,线条,白色,48*10*5,2400,AJ81B,迈克,收货,上架
TVGn42S4Gr,灰色 品牌30 42英寸 电视机（超级超高清）,电视机,品牌30,42英寸,超级超高清,灰色,8*1*1,8,CZ02G,亚历克斯,收货,上架
KeHc27BlNa,藏青色 品牌09 270 键盘（蓝牙）,键盘,品牌09,270,蓝牙,藏青色,16*10*1,160,BO32B,克里斯,收货,上架
MoRe45ErWh,白色 品牌10 450 鼠标（人体工学）,鼠标,品牌10,450,人体工学,白色,16*10*1,160,AN83H,艾米,收货,上架
CuTE18FiBe,米色 品牌04 1800 储物柜（文件收纳）,储物柜,品牌04,1800,文件收纳,米色,8*1*1,8,CJ88A,迈克,收货,上架
SPGi12SoPi,粉色 品牌21 12 触控笔（可溶性）,触控笔,品牌21,12,可溶性,粉色,48*10*5,2400,CL59A,约翰,收货,上架
PrPHA4InBl,黑色 品牌12 四号纸 打印机（喷墨）,打印机,品牌12,四号纸,喷墨,黑色,16*1*1,16,DQ86A,迈克,收货,上架
KeHc27MeBl,黑色 品牌09 270 键盘（机械式）,键盘,品牌09,270,机械式,黑色,16*10*1,160,DM78H,简,收货,上架
DrTE90DoBe,米色 品牌04 900 抽屉柜（带门式）,抽屉柜,品牌04,900,带门式,米色,8*1*1,8,AT25B,艾米丽,收货,上架
SPNa24SoBl,黑色 品牌23 24 触控笔（可溶性）,触控笔,品牌23,24,可溶性,黑色,48*10*5,2400,BZ45E,克里斯,收货,上架
TVYn42S4Bl,黑色 品牌15 42英寸 电视机（超级超高清）,电视机,品牌15,42英寸,超级超高清,黑色,8*1*1,8,DM29G,简,收货,上架
CuRG90DoWh,白色 品牌03 900 储物柜（带门式）,储物柜,品牌03,900,带门式,白色,8*1*1,8,DW88H,简,收货,上架
DrTE18DoGr,灰色 品牌04 1800 抽屉柜（带门式）,抽屉柜,品牌04,1800,带门式,灰色,8*1*1,8,CO40G,简,收货,上架
TVGn42SFGr,灰色 品牌30 42英寸 电视机（超级全高清）,电视机,品牌30,42英寸,超级全高清,灰色,8*1*1,8,CV94E,艾米,收货,上架
LaRe1432Bl,黑色 品牌14 14英寸 笔记本电脑（32吉字节内存）,笔记本电脑,品牌14,14英寸,32吉字节内存,黑色,16*1*1,16,CI61D,劳拉,收货,上架
TaTR18FrGr,灰色 品牌29 1800 桌子（框架式）,桌子,品牌29,1800,框架式,灰色,8*1*1,8,BP71E,莎拉,收货,上架
GaXEMAdGr,灰色 品牌06 中号 游戏椅（可调节）,游戏椅,品牌06,中号,可调节,灰色,16*1*1,16,AU60A,劳拉,收货,上架
CaQE90FiBe,米色 品牌01 900 文件柜（文件收纳）,文件柜,品牌01,900,文件收纳,米色,8*1*1,8,CQ44A,克里斯,收货,上架
GaOGSLeWh,白色 品牌07 小号 游戏椅（皮革）,游戏椅,品牌07,小号,皮革,白色,16*1*1,16,BZ38D,迈克,收货,上架
CuRG18SlBe,米色 品牌03 1800 储物柜（滑动式）,储物柜,品牌03,1800,滑动式,米色,8*1*1,8,BW13E,劳拉,收货,上架
GaXESErWh,白色 品牌06 小号 游戏椅（人体工学）,游戏椅,品牌06,小号,人体工学,白色,16*1*1,16,CU86E,迈克,收货,上架
PrNoA2WiBl,黑色 品牌26 二号纸 打印机（无线网络）,打印机,品牌26,二号纸,无线网络,黑色,16*1*1,16,DS89F,简,收货,上架
MoRe45MeBl,黑色 品牌10 450 鼠标（机械式）,鼠标,品牌10,450,机械式,黑色,16*10*1,160,DP98E,亚历克斯,收货,上架
PrPHA4InWh,白色 品牌12 四号纸 打印机（喷墨）,打印机,品牌12,四号纸,喷墨,白色,16*1*1,16,AL25B,克里斯,收货,上架
PeNa12WaBl,黑色 品牌23 12 铅笔（水彩）,铅笔,品牌23,12,水彩,黑色,48*10*5,2400,CT70D,艾米丽,收货,上架
DrTE18SlBl,黑色 品牌04 1800 抽屉柜（滑动式）,抽屉柜,品牌04,1800,滑动式,黑色,8*1*1,8,DJ46A,艾米,收货,上架
AlYn178GWh,白色 品牌15 17英寸 一体机（8吉字节内存）,一体机,品牌15,17英寸,8吉字节内存,白色,16*1*1,16,AF07B,迈克,收货,上架
DrWE90DoWh,白色 品牌02 900 抽屉柜（带门式）,抽屉柜,品牌02,900,带门式,白色,8*1*1,8,AP51H,克里斯,收货,上架
OfSESAdWh,白色 品牌08 小号 办公椅（可调节）,办公椅,品牌08,小号,可调节,白色,16*1*1,16,DK74C,迈克,收货,上架
AlYn14i7Wh,白色 品牌15 14英寸 一体机（第7代处理器）,一体机,品牌15,14英寸,第7代处理器,白色,16*1*1,16,CT56H,艾米丽,收货,上架
PrNoA2LaMi,混合色 品牌26 二号纸 打印机（激光）,打印机,品牌26,二号纸,激光,混合色,16*1*1,16,CI72G,简,收货,上架
OfSELLeBl,黑色 品牌08 大号 办公椅（皮革）,办公椅,品牌08,大号,皮革,黑色,16*1*1,16,BW37H,简,收货,上架
TVEs50SFWh,白色 品牌32 50英寸 电视机（超级全高清）,电视机,品牌32,50英寸,超级全高清,白色,8*1*1,8,AQ96B,迈克,收货,上架
NoGrA3ruWh,白色 品牌18 三号纸 笔记本（横线）,笔记本,品牌18,三号纸,横线,白色,48*10*5,2400,AP95C,艾米丽,收货,上架
OfXELAdGr,灰色 品牌06 大号 办公椅（可调节）,办公椅,品牌06,大号,可调节,灰色,16*1*1,16,CV69G,简,收货,上架
PeAl50HeBl,黑色 品牌20 50 铅笔（六角形）,铅笔,品牌20,50,六角形,黑色,48*10*5,2400,BX80D,简,收货,上架
PeAl50WaBl,黑色 品牌20 50 铅笔（水彩）,铅笔,品牌20,50,水彩,黑色,48*10*5,2400,CW18H,简,收货,上架
DrRG90SlGr,灰色 品牌03 900 抽屉柜（滑动式）,抽屉柜,品牌03,900,滑动式,灰色,8*1*1,8,DN13C,简,收货,上架
OfAEMLeBl,黑色 品牌05 中号 办公椅（皮革）,办公椅,品牌05,中号,皮革,黑色,16*1*1,16,BV90D,克里斯,收货,上架
PrSoA2WiBl,黑色 品牌25 二号纸 打印机（无线网络）,打印机,品牌25,二号纸,无线网络,黑色,16*1*1,16,DN79F,简,收货,上架
CuWE90SlWh,白色 品牌02 900 储物柜（滑动式）,储物柜,品牌02,900,滑动式,白色,8*1*1,8,CU59D,约翰,收货,上架
CuQE12FiWh,白色 品牌01 1200 储物柜（文件收纳）,储物柜,品牌01,1200,文件收纳,白色,8*1*1,8,DX85G,约翰,收货,上架
SPAl50SoWh,白色 品牌20 50 触控笔（可溶性）,触控笔,品牌20,50,可溶性,白色,48*10*5,2400,BO77H,劳拉,收货,上架
LaSu15i5Wh,白色 品牌11 15英寸 笔记本电脑（第5代处理器）,笔记本电脑,品牌11,15英寸,第5代处理器,白色,16*1*1,16,AG28B,劳拉,收货,上架
OfSESAdWh,白色 品牌08 小号 办公椅（可调节）,办公椅,品牌08,小号,可调节,白色,16*1*1,16,BI90H,劳拉,收货,上架
DrRG18SlWh,白色 品牌03 1800 抽屉柜（滑动式）,抽屉柜,品牌03,1800,滑动式,白色,8*1*1,8,CO20D,克里斯,收货,上架
CaTE12LoGr,灰色 品牌04 1200 文件柜（储物锁柜）,文件柜,品牌04,1200,储物锁柜,灰色,8*1*1,8,AU44F,劳拉,收货,上架
KeRe27WiBl,黑色 品牌10 270 键盘（有线）,键盘,品牌10,270,有线,黑色,16*10*1,160,CZ30D,迈克,收货,上架
CaWE12LoBe,米色 品牌02 1200 文件柜（储物锁柜）,文件柜,品牌02,1200,储物锁柜,米色,8*1*1,8,DV38B,克里斯,收货,上架
LaYn1516Bl,黑色 品牌15 15英寸 笔记本电脑（16吉字节内存）,笔记本电脑,品牌15,15英寸,16吉字节内存,黑色,16*1*1,16,DT41F,克里斯,收货,上架
TVEs324KWh,白色 品牌32 32英寸 电视机（超高清）,电视机,品牌32,32英寸,超高清,白色,8*1*1,8,DV13B,艾米,收货,上架
MoRe45WiWh,白色 品牌10 450 鼠标（有线）,鼠标,品牌10,450,有线,白色,16*10*1,160,DP39G,艾米,收货,上架
TVEs324KBl,黑色 品牌32 32英寸 电视机（超高清）,电视机,品牌32,32英寸,超高清,黑色,8*1*1,8,DN61C,艾米丽,收货,上架
PeAl24HeBl,黑色 品牌20 24 铅笔（六角形）,铅笔,品牌20,24,六角形,黑色,48*10*5,2400,DG98D,亚历克斯,收货,上架
PeNa24SoBl,黑色 品牌23 24 铅笔（可溶性）,铅笔,品牌23,24,可溶性,黑色,48*10*5,2400,CI49H,约翰,收货,上架
DrWE12LoBe,米色 品牌02 1200 抽屉柜（储物锁柜）,抽屉柜,品牌02,1200,储物锁柜,米色,8*1*1,8,CT11E,约翰,收货,上架
CuRG90SlGr,灰色 品牌03 900 储物柜（滑动式）,储物柜,品牌03,900,滑动式,灰色,8*1*1,8,BN04E,艾米丽,收货,上架
TVGn324KWh,白色 品牌30 32英寸 电视机（超高清）,电视机,品牌30,32英寸,超高清,白色,8*1*1,8,AS31H,简,收货,上架
KePH35MeBl,黑色 品牌12 350 键盘（机械式）,键盘,品牌12,350,机械式,黑色,16*10*1,160,DP70B,大卫,收货,上架
TVGL50SFGr,灰色 品牌31 50英寸 电视机（超级全高清）,电视机,品牌31,50英寸,超级全高清,灰色,8*1*1,8,DV11B,约翰,收货,上架
TVYn42S4Si,银色 品牌15 42英寸 电视机（超级超高清）,电视机,品牌15,42英寸,超级超高清,银色,8*1*1,8,CQ24G,艾米丽,收货,上架
KeSu35BlWh,白色 品牌11 350 键盘（蓝牙）,键盘,品牌11,350,蓝牙,白色,16*10*1,160,BR33D,大卫,收货,上架
CaTE90SlWh,白色 品牌04 900 文件柜（滑动式）,文件柜,品牌04,900,滑动式,白色,8*1*1,8,DY30G,克里斯,收货,上架
TVGL65SFBl,黑色 品牌31 65英寸 电视机（超级全高清）,电视机,品牌31,65英寸,超级全高清,黑色,8*1*1,8,DO61B,大卫,收货,上架
CuRG18FiWh,白色 品牌03 1800 储物柜（文件收纳）,储物柜,品牌03,1800,文件收纳,白色,8*1*1,8,CX79H,大卫,收货,上架
GaAESErWh,白色 品牌05 小号 游戏椅（人体工学）,游戏椅,品牌05,小号,人体工学,白色,16*1*1,16,BW54A,约翰,收货,上架
OfAELHeBl,黑色 品牌05 大号 办公椅（头枕）,办公椅,品牌05,大号,头枕,黑色,16*1*1,16,BX34C,大卫,收货,上架
TVGL75FHGr,灰色 品牌31 75英寸 电视机（全高清）,电视机,品牌31,75英寸,全高清,灰色,8*1*1,8,BH72D,劳拉,收货,上架
TaAE15FrBl,黑色 品牌05 1500 桌子（框架式）,桌子,品牌05,1500,框架式,黑色,8*1*1,8,CW52D,简,收货,上架
PrNoA3InBl,黑色 品牌26 三号纸 打印机（喷墨）,打印机,品牌26,三号纸,喷墨,黑色,16*1*1,16,BM70E,大卫,收货,上架
CuWE12FiGr,灰色 品牌02 1200 储物柜（文件收纳）,储物柜,品牌02,1200,文件收纳,灰色,8*1*1,8,AZ97B,亚历克斯,收货,上架
CuRG12DoWh,白色 品牌03 1200 储物柜（带门式）,储物柜,品牌03,1200,带门式,白色,8*1*1,8,DL36D,亚历克斯,收货,上架
TVEs75FHBl,黑色 品牌32 75英寸 电视机（全高清）,电视机,品牌32,75英寸,全高清,黑色,8*1*1,8,BH16B,迈克,收货,上架
TVEs424KSi,银色 品牌32 42英寸 电视机（超高清）,电视机,品牌32,42英寸,超高清,银色,8*1*1,8,BL14G,克里斯,收货,上架
CaRG12FiWh,白色 品牌03 1200 文件柜（文件收纳）,文件柜,品牌03,1200,文件收纳,白色,8*1*1,8,CH35C,迈克,收货,上架
LaYn15i7Si,银色 品牌15 15英寸 笔记本电脑（第7代处理器）,笔记本电脑,品牌15,15英寸,第7代处理器,银色,16*1*1,16,BO72C,约翰,收货,上架
TVYn50FHWh,白色 品牌15 50英寸 电视机（全高清）,电视机,品牌15,50英寸,全高清,白色,8*1*1,8,BQ18C,莎拉,收货,上架
LaPH14i7Wh,白色 品牌12 14英寸 笔记本电脑（第7代处理器）,笔记本电脑,品牌12,14英寸,第7代处理器,白色,16*1*1,16,CN45C,克里斯,收货,上架
PrSoA3MoWh,白色 品牌25 三号纸 打印机（黑白）,打印机,品牌25,三号纸,黑白,白色,16*1*1,16,DL31A,艾米丽,收货,上架
TVGL32FHWh,白色 品牌31 32英寸 电视机（全高清）,电视机,品牌31,32英寸,全高清,白色,8*1*1,8,BG25D,约翰,收货,上架
PrNoA4WiWh,白色 品牌26 四号纸 打印机（无线网络）,打印机,品牌26,四号纸,无线网络,白色,16*1*1,16,BN08G,约翰,收货,上架
DrQE90FiGr,灰色 品牌01 900 抽屉柜（文件收纳）,抽屉柜,品牌01,900,文件收纳,灰色,8*1*1,8,BY91G,艾米丽,收货,上架
DrTE90SlBe,米色 品牌04 900 抽屉柜（滑动式）,抽屉柜,品牌04,900,滑动式,米色,8*1*1,8,CN28F,劳拉,收货,上架
DrRG12DoWh,白色 品牌03 1200 抽屉柜（带门式）,抽屉柜,品牌03,1200,带门式,白色,8*1*1,8,DZ09B,迈克,收货,上架
SPAl50HeBl,黑色 品牌20 50 触控笔（六角形）,触控笔,品牌20,50,六角形,黑色,48*10*5,2400,BR97A,艾米,收货,上架
AlRe1532Bl,黑色 品牌14 15英寸 一体机（32吉字节内存）,一体机,品牌14,15英寸,32吉字节内存,黑色,16*1*1,16,AM78B,亚历克斯,收货,上架
CaRG18FiBl,黑色 品牌03 1800 文件柜（文件收纳）,文件柜,品牌03,1800,文件收纳,黑色,8*1*1,8,AF29F,约翰,收货,上架
AlOv1532Si,银色 品牌13 15英寸 一体机（32吉字节内存）,一体机,品牌13,15英寸,32吉字节内存,银色,16*1*1,16,BI61E,大卫,收货,上架
MoSu35ErWh,白色 品牌11 350 鼠标（人体工学）,鼠标,品牌11,350,人体工学,白色,16*10*1,160,CV76E,艾米,收货,上架
GaAEMHeBl,黑色 品牌05 中号 游戏椅（头枕）,游戏椅,品牌05,中号,头枕,黑色,16*1*1,16,DO49G,艾米,收货,上架
LaOv1532Wh,白色 品牌13 15英寸 笔记本电脑（32吉字节内存）,笔记本电脑,品牌13,15英寸,32吉字节内存,白色,16*1*1,16,CI95F,约翰,收货,上架
CaQE18LoBl,黑色 品牌01 1800 文件柜（储物锁柜）,文件柜,品牌01,1800,储物锁柜,黑色,8*1*1,8,AH08A,简,收货,上架
TaTR15WoGr,灰色 品牌29 1500 桌子（工作站）,桌子,品牌29,1500,工作站,灰色,8*1*1,8,DG52H,克里斯,收货,上架
PeNa50SoWh,白色 品牌23 50 铅笔（可溶性）,铅笔,品牌23,50,可溶性,白色,48*10*5,2400,CV19A,大卫,收货,上架
CaTE90LoBl,黑色 品牌04 900 文件柜（储物锁柜）,文件柜,品牌04,900,储物锁柜,黑色,8*1*1,8,BP13B,克里斯,收货,上架
CaRG90DoWh,白色 品牌03 900 文件柜（带门式）,文件柜,品牌03,900,带门式,白色,8*1*1,8,CO83B,大卫,收货,上架
PrSoA2InBl,黑色 品牌25 二号纸 打印机（喷墨）,打印机,品牌25,二号纸,喷墨,黑色,16*1*1,16,BN71B,艾米,收货,上架
SPRe12HeBl,黑色 品牌22 12 触控笔（六角形）,触控笔,品牌22,12,六角形,黑色,48*10*5,2400,CP95H,简,收货,上架
MoRe27BlPi,粉色 品牌10 270 鼠标（蓝牙）,鼠标,品牌10,270,蓝牙,粉色,16*10*1,160,BO80E,迈克,收货,上架
TVGn32FHBl,黑色 品牌30 32英寸 电视机（全高清）,电视机,品牌30,32英寸,全高清,黑色,8*1*1,8,AJ43D,亚历克斯,收货,上架
AlYn1732Bl,黑色 品牌15 17英寸 一体机（32吉字节内存）,一体机,品牌15,17英寸,32吉字节内存,黑色,16*1*1,16,DN44C,劳拉,收货,上架
NoGrA4ruGr,灰色 品牌18 四号纸 笔记本（横线）,笔记本,品牌18,四号纸,横线,灰色,48*10*5,2400,AV55E,艾米,收货,上架
AlRe1416Bl,黑色 品牌14 14英寸 一体机（16吉字节内存）,一体机,品牌14,14英寸,16吉字节内存,黑色,16*1*1,16,AJ06E,大卫,收货,上架
LaPH14i7Bl,黑色 品牌12 14英寸 笔记本电脑（第7代处理器）,笔记本电脑,品牌12,14英寸,第7代处理器,黑色,16*1*1,16,AG84B,约翰,收货,上架
GaXEMAdPi,粉色 品牌06 中号 游戏椅（可调节）,游戏椅,品牌06,中号,可调节,粉色,16*1*1,16,DM19B,大卫,收货,上架
PrNoA4WiWh,白色 品牌26 四号纸 打印机（无线网络）,打印机,品牌26,四号纸,无线网络,白色,16*1*1,16,BI78B,克里斯,收货,上架
AlSu1416Si,银色 品牌11 14英寸 一体机（16吉字节内存）,一体机,品牌11,14英寸,16吉字节内存,银色,16*1*1,16,BQ94F,莎拉,收货,上架
GaAEMErGr,灰色 品牌05 中号 游戏椅（人体工学）,游戏椅,品牌05,中号,人体工学,灰色,16*1*1,16,CZ63G,大卫,收货,上架
LaSu178GGr,灰色 品牌11 17英寸 笔记本电脑（8吉字节内存）,笔记本电脑,品牌11,17英寸,8吉字节内存,灰色,16*1*1,16,AW33B,迈克,收货,上架
PrSoA3LaMi,混合色 品牌25 三号纸 打印机（激光）,打印机,品牌25,三号纸,激光,混合色,16*1*1,16,BM31A,克里斯,收货,上架
NoMuA4liWh,白色 品牌19 四号纸 笔记本（线条）,笔记本,品牌19,四号纸,线条,白色,48*10*5,2400,BZ16C,艾米丽,收货,上架
AlOv148GWh,白色 品牌13 14英寸 一体机（8吉字节内存）,一体机,品牌13,14英寸,8吉字节内存,白色,16*1*1,16,CW77H,艾米,收货,上架
AlYn1732Bl,黑色 品牌15 17英寸 一体机（32吉字节内存）,一体机,品牌15,17英寸,32吉字节内存,黑色,16*1*1,16,CJ67E,约翰,收货,上架
LaYn1516Gr,灰色 品牌15 15英寸 笔记本电脑（16吉字节内存）,笔记本电脑,品牌15,15英寸,16吉字节内存,灰色,16*1*1,16,CW03G,克里斯,收货,上架
CuRG12FiWh,白色 品牌03 1200 储物柜（文件收纳）,储物柜,品牌03,1200,文件收纳,白色,8*1*1,8,CO17F,大卫,收货,上架
AlSu1532Gr,灰色 品牌11 15英寸 一体机（32吉字节内存）,一体机,品牌11,15英寸,32吉字节内存,灰色,16*1*1,16,DR94A,艾米丽,收货,上架
AlOv14i7Si,银色 品牌13 14英寸 一体机（第7代处理器）,一体机,品牌13,14英寸,第7代处理器,银色,16*1*1,16,DH77E,亚历克斯,收货,上架
DrQE18FiGr,灰色 品牌01 1800 抽屉柜（文件收纳）,抽屉柜,品牌01,1800,文件收纳,灰色,8*1*1,8,CJ65H,迈克,收货,上架
PeRe24SoPi,粉色 品牌22 24 铅笔（可溶性）,铅笔,品牌22,24,可溶性,粉色,48*10*5,2400,DY41H,约翰,收货,上架
CuWE18DoBe,米色 品牌02 1800 储物柜（带门式）,储物柜,品牌02,1800,带门式,米色,8*1*1,8,CI26H,迈克,收货,上架
SPGi50HeBl,黑色 品牌21 50 触控笔（六角形）,触控笔,品牌21,50,六角形,黑色,48*10*5,2400,DM44G,劳拉,收货,上架
OfOGMAdWh,白色 品牌07 中号 办公椅（可调节）,办公椅,品牌07,中号,可调节,白色,16*1*1,16,CV64G,迈克,收货,上架
TaCI10AuSi,银色 品牌27 1000 桌子（自动调节）,桌子,品牌27,1000,自动调节,银色,8*1*1,8,AL32F,艾米,收货,上架
NoMuA4ruGr,灰色 品牌19 四号纸 笔记本（横线）,笔记本,品牌19,四号纸,横线,灰色,48*10*5,2400,CP65D,劳拉,收货,上架
LaSu178GSi,银色 品牌11 17英寸 笔记本电脑（8吉字节内存）,笔记本电脑,品牌11,17英寸,8吉字节内存,银色,16*1*1,16,CJ70E,艾米,收货,上架
PrSoA3InGr,灰色 品牌25 三号纸 打印机（喷墨）,打印机,品牌25,三号纸,喷墨,灰色,16*1*1,16,BF61A,艾米丽,收货,上架
TaTR10AuWh,白色 品牌28 1000 桌子（自动调节）,桌子,品牌28,1000,自动调节,白色,8*1*1,8,DL71A,简,收货,上架
LaSu17i5Gr,灰色 品牌11 17英寸 笔记本电脑（第5代处理器）,笔记本电脑,品牌11,17英寸,第5代处理器,灰色,16*1*1,16,CX63D,大卫,收货,上架
CaWE18DoWh,白色 品牌02 1800 文件柜（带门式）,文件柜,品牌02,1800,带门式,白色,8*1*1,8,AI47G,艾米丽,收货,上架
TVGn50S4Wh,白色 品牌30 50英寸 电视机（超级超高清）,电视机,品牌30,50英寸,超级超高清,白色,8*1*1,8,AK65H,劳拉,收货,上架
TaCI18AuBl,黑色 品牌27 1800 桌子（自动调节）,桌子,品牌27,1800,自动调节,黑色,8*1*1,8,AU58F,莎拉,收货,上架
LaRe1532Si,银色 品牌14 15英寸 笔记本电脑（32吉字节内存）,笔记本电脑,品牌14,15英寸,32吉字节内存,银色,16*1*1,16,BG23E,简,收货,上架
PeRe50SoGr,灰色 品牌22 50 铅笔（可溶性）,铅笔,品牌22,50,可溶性,灰色,48*10*5,2400,DM11G,克里斯,收货,上架
NoMuA3ruWh,白色 品牌19 三号纸 笔记本（横线）,笔记本,品牌19,三号纸,横线,白色,48*10*5,2400,CL84C,艾米,收货,上架
AlYn1432Gr,灰色 品牌15 14英寸 一体机（32吉字节内存）,一体机,品牌15,14英寸,32吉字节内存,灰色,16*1*1,16,CO18F,艾米,收货,上架
KePH35WiBl,黑色 品牌12 350 键盘（有线）,键盘,品牌12,350,有线,黑色,16*10*1,160,CX85H,大卫,收货,上架
TaTR18AuGr,灰色 品牌28 1800 桌子（自动调节）,桌子,品牌28,1800,自动调节,灰色,8*1*1,8,BQ01D,亚历克斯,收货,上架
LaYn14i5Wh,白色 品牌15 14英寸 笔记本电脑（第5代处理器）,笔记本电脑,品牌15,14英寸,第5代处理器,白色,16*1*1,16,BS90C,艾米丽,收货,上架
TVGn32FHBl,黑色 品牌30 32英寸 电视机（全高清）,电视机,品牌30,32英寸,全高清,黑色,8*1*1,8,DV57B,亚历克斯,收货,上架
LaOv15i7Wh,白色 品牌13 15英寸 笔记本电脑（第7代处理器）,笔记本电脑,品牌13,15英寸,第7代处理器,白色,16*1*1,16,DO67E,艾米丽,收货,上架
CaWE12LoWh,白色 品牌02 1200 文件柜（储物锁柜）,文件柜,品牌02,1200,储物锁柜,白色,8*1*1,8,DN51H,亚历克斯,收货,上架
LaPH14i5Gr,灰色 品牌12 14英寸 笔记本电脑（第5代处理器）,笔记本电脑,品牌12,14英寸,第5代处理器,灰色,16*1*1,16,CV72G,艾米丽,收货,上架
TaAE15WoBl,黑色 品牌05 1500 桌子（工作站）,桌子,品牌05,1500,工作站,黑色,8*1*1,8,AT07G,大卫,收货,上架
AlRe14i7Si,银色 品牌14 14英寸 一体机（第7代处理器）,一体机,品牌14,14英寸,第7代处理器,银色,16*1*1,16,AI26C,艾米丽,收货,上架
AlRe148GSi,银色 品牌14 14英寸 一体机（8吉字节内存）,一体机,品牌14,14英寸,8吉字节内存,银色,16*1*1,16,AI76E,大卫,收货,上架
LaPH15i5Si,银色 品牌12 15英寸 笔记本电脑（第5代处理器）,笔记本电脑,品牌12,15英寸,第5代处理器,银色,16*1*1,16,AR43C,艾米,收货,上架
PrReA2MoWh,白色 品牌24 二号纸 打印机（黑白）,打印机,品牌24,二号纸,黑白,白色,16*1*1,16,CR93D,迈克,收货,上架
TVYn65FHWh,白色 品牌15 65英寸 电视机（全高清）,电视机,品牌15,65英寸,全高清,白色,8*1*1,8,CH10C,大卫,收货,上架
LaSu15i7Wh,白色 品牌11 15英寸 笔记本电脑（第7代处理器）,笔记本电脑,品牌11,15英寸,第7代处理器,白色,16*1*1,16,DZ67H,约翰,收货,上架
LaYn17i5Wh,白色 品牌15 17英寸 笔记本电脑（第5代处理器）,笔记本电脑,品牌15,17英寸,第5代处理器,白色,16*1*1,16,DW85C,亚历克斯,收货,上架
SPAl24HePi,粉色 品牌20 24 触控笔（六角形）,触控笔,品牌20,24,六角形,粉色,48*10*5,2400,CW09C,克里斯,收货,上架
TVYn50SFWh,白色 品牌15 50英寸 电视机（超级全高清）,电视机,品牌15,50英寸,超级全高清,白色,8*1*1,8,AW03B,克里斯,收货,上架
AlOv15i7Si,银色 品牌13 15英寸 一体机（第7代处理器）,一体机,品牌13,15英寸,第7代处理器,银色,16*1*1,16,BJ52E,莎拉,收货,上架
NoGrA5ruWh,白色 品牌18 五号纸 笔记本（横线）,笔记本,品牌18,五号纸,横线,白色,48*10*5,2400,DT88D,劳拉,收货,上架
SPGi24WaWh,白色 品牌21 24 触控笔（水彩）,触控笔,品牌21,24,水彩,白色,48*10*5,2400,CP09F,大卫,收货,上架
PrNoA2MoWh,白色 品牌26 二号纸 打印机（黑白）,打印机,品牌26,二号纸,黑白,白色,16*1*1,16,BF49G,简,收货,上架
LaPH1532Gr,灰色 品牌12 15英寸 笔记本电脑（32吉字节内存）,笔记本电脑,品牌12,15英寸,32吉字节内存,灰色,16*1*1,16,BH71C,莎拉,收货,上架
AlOv15i7Wh,白色 品牌13 15英寸 一体机（第7代处理器）,一体机,品牌13,15英寸,第7代处理器,白色,16*1*1,16,CP18E,克里斯,收货,上架
GaSEMLeWh,白色 品牌08 中号 游戏椅（皮革）,游戏椅,品牌08,中号,皮革,白色,16*1*1,16,CN73A,迈克,收货,上架
DrRG12SlBe,米色 品牌03 1200 抽屉柜（滑动式）,抽屉柜,品牌03,1200,滑动式,米色,8*1*1,8,AP34A,约翰,收货,上架
DrTE18FiBl,黑色 品牌04 1800 抽屉柜（文件收纳）,抽屉柜,品牌04,1800,文件收纳,黑色,8*1*1,8,DG98F,亚历克斯,收货,上架
TaTR15AuWh,白色 品牌28 1500 桌子（自动调节）,桌子,品牌28,1500,自动调节,白色,8*1*1,8,AY55D,亚历克斯,收货,上架
SPRe50HePi,粉色 品牌22 50 触控笔（六角形）,触控笔,品牌22,50,六角形,粉色,48*10*5,2400,AF21A,亚历克斯,收货,上架
DrRG90SlBl,黑色 品牌03 900 抽屉柜（滑动式）,抽屉柜,品牌03,900,滑动式,黑色,8*1*1,8,BZ23F,迈克,收货,上架
PrNoA3LaGr,灰色 品牌26 三号纸 打印机（激光）,打印机,品牌26,三号纸,激光,灰色,16*1*1,16,DP77E,克里斯,收货,上架
LaOv1432Bl,黑色 品牌13 14英寸 笔记本电脑（32吉字节内存）,笔记本电脑,品牌13,14英寸,32吉字节内存,黑色,16*1*1,16,CI88A,约翰,收货,上架
PeGi12SoBl,黑色 品牌21 12 铅笔（可溶性）,铅笔,品牌21,12,可溶性,黑色,48*10*5,2400,CV02D,克里斯,收货,上架
PrReA3MoMi,混合色 品牌24 三号纸 打印机（黑白）,打印机,品牌24,三号纸,黑白,混合色,16*1*1,16,CM15C,约翰,收货,上架
PeAl12SoPi,粉色 品牌20 12 铅笔（可溶性）,铅笔,品牌20,12,可溶性,粉色,48*10*5,2400,CT43C,克里斯,收货,上架
TVYn75SFBl,黑色 品牌15 75英寸 电视机（超级全高清）,电视机,品牌15,75英寸,超级全高清,黑色,8*1*1,8,DJ28F,简,收货,上架
PrNoA3InMi,混合色 品牌26 三号纸 打印机（喷墨）,打印机,品牌26,三号纸,喷墨,混合色,16*1*1,16,DZ33H,劳拉,收货,上架
LaYn14i5Gr,灰色 品牌15 14英寸 笔记本电脑（第5代处理器）,笔记本电脑,品牌15,14英寸,第5代处理器,灰色,16*1*1,16,CR56E,大卫,收货,上架
LaYn1416Bl,黑色 品牌15 14英寸 笔记本电脑（16吉字节内存）,笔记本电脑,品牌15,14英寸,16吉字节内存,黑色,16*1*1,16,BU09H,亚历克斯,收货,上架
PrReA2InWh,白色 品牌24 二号纸 打印机（喷墨）,打印机,品牌24,二号纸,喷墨,白色,16*1*1,16,DQ48A,莎拉,收货,上架
TVGL654KBl,黑色 品牌31 65英寸 电视机（超高清）,电视机,品牌31,65英寸,超高清,黑色,8*1*1,8,BI48E,艾米丽,收货,上架
TVEs50S4Si,银色 品牌32 50英寸 电视机（超级超高清）,电视机,品牌32,50英寸,超级超高清,银色,8*1*1,8,AP57C,约翰,收货,上架
LaSu158GSi,银色 品牌11 15英寸 笔记本电脑（8吉字节内存）,笔记本电脑,品牌11,15英寸,8吉字节内存,银色,16*1*1,16,AJ01B,艾米,收货,上架
TVYn324KWh,白色 品牌15 32英寸 电视机（超高清）,电视机,品牌15,32英寸,超高清,白色,8*1*1,8,CF31E,约翰,收货,上架
LaPH14i7Si,银色 品牌12 14英寸 笔记本电脑（第7代处理器）,笔记本电脑,品牌12,14英寸,第7代处理器,银色,16*1*1,16,CZ80B,艾米,收货,上架
MoRe35ErBl,黑色 品牌10 350 鼠标（人体工学）,鼠标,品牌10,350,人体工学,黑色,16*10*1,160,AW68G,莎拉,收货,上架
CaTE90DoGr,灰色 品牌04 900 文件柜（带门式）,文件柜,品牌04,900,带门式,灰色,8*1*1,8,DQ58B,亚历克斯,收货,上架
NoMuA5ruBl,黑色 品牌19 五号纸 笔记本（横线）,笔记本,品牌19,五号纸,横线,黑色,48*10*5,2400,DJ96G,艾米丽,收货,上架
AlSu1432Wh,白色 品牌11 14英寸 一体机（32吉字节内存）,一体机,品牌11,14英寸,32吉字节内存,白色,16*1*1,16,DH50A,艾米丽,收货,上架
TVYn50SFBl,黑色 品牌15 50英寸 电视机（超级全高清）,电视机,品牌15,50英寸,超级全高清,黑色,8*1*1,8,AG73B,简,收货,上架
LaRe1732Wh,白色 品牌14 17英寸 笔记本电脑（32吉字节内存）,笔记本电脑,品牌14,17英寸,32吉字节内存,白色,16*1*1,16,CV42H,迈克,收货,上架
NoMuA4liGr,灰色 品牌19 四号纸 笔记本（线条）,笔记本,品牌19,四号纸,线条,灰色,48*10*5,2400,CT83F,艾米,收货,上架
AlPH14i5Si,银色 品牌12 14英寸 一体机（第5代处理器）,一体机,品牌12,14英寸,第5代处理器,银色,16*1*1,16,AV83C,简,收货,上架
AlSu1516Si,银色 品牌11 15英寸 一体机（16吉字节内存）,一体机,品牌11,15英寸,16吉字节内存,银色,16*1*1,16,DT91B,艾米,收货,上架
TVYn75S4Si,银色 品牌15 75英寸 电视机（超级超高清）,电视机,品牌15,75英寸,超级超高清,银色,8*1*1,8,BS24A,艾米丽,收货,上架
CaTE12FiWh,白色 品牌04 1200 文件柜（文件收纳）,文件柜,品牌04,1200,文件收纳,白色,8*1*1,8,AX12E,劳拉,收货,上架
OfOGLAdGr,灰色 品牌07 大号 办公椅（可调节）,办公椅,品牌07,大号,可调节,灰色,16*1*1,16,CJ63C,约翰,收货,上架
NoScA5doSi,银色 品牌17 五号纸 笔记本（点阵）,笔记本,品牌17,五号纸,点阵,银色,48*10*5,2400,DI33D,莎拉,收货,上架
PeGi50HeWh,白色 品牌21 50 铅笔（六角形）,铅笔,品牌21,50,六角形,白色,48*10*5,2400,AV83G,约翰,收货,上架
PrReA3InGr,灰色 品牌24 三号纸 打印机（喷墨）,打印机,品牌24,三号纸,喷墨,灰色,16*1*1,16,CU62D,莎拉,收货,上架
TaAE18AdWh,白色 品牌05 1800 桌子（可调节）,桌子,品牌05,1800,可调节,白色,8*1*1,8,AH50A,大卫,收货,上架
OfXEMHePi,粉色 品牌06 中号 办公椅（头枕）,办公椅,品牌06,中号,头枕,粉色,16*1*1,16,AF34A,莎拉,收货,上架
MoSu45MeBl,黑色 品牌11 450 鼠标（机械式）,鼠标,品牌11,450,机械式,黑色,16*10*1,160,BF63F,艾米丽,收货,上架
CuRG18SlWh,白色 品牌03 1800 储物柜（滑动式）,储物柜,品牌03,1800,滑动式,白色,8*1*1,8,DH29H,艾米,收货,上架
GaXESAdWh,白色 品牌06 小号 游戏椅（可调节）,游戏椅,品牌06,小号,可调节,白色,16*1*1,16,AS18C,迈克,收货,上架
AlYn158GWh,白色 品牌15 15英寸 一体机（8吉字节内存）,一体机,品牌15,15英寸,8吉字节内存,白色,16*1*1,16,CR62B,艾米丽,收货,上架
DrTE90FiBl,黑色 品牌04 900 抽屉柜（文件收纳）,抽屉柜,品牌04,900,文件收纳,黑色,8*1*1,8,BN60E,亚历克斯,收货,上架
PrReA4LaGr,灰色 品牌24 四号纸 打印机（激光）,打印机,品牌24,四号纸,激光,灰色,16*1*1,16,BG89D,迈克,收货,上架
CaRG90DoBl,黑色 品牌03 900 文件柜（带门式）,文件柜,品牌03,900,带门式,黑色,8*1*1,8,CZ32F,大卫,收货,上架
AlPH1732Wh,白色 品牌12 17英寸 一体机（32吉字节内存）,一体机,品牌12,17英寸,32吉字节内存,白色,16*1*1,16,CT14B,简,收货,上架
TVGL424KBl,黑色 品牌31 42英寸 电视机（超高清）,电视机,品牌31,42英寸,超高清,黑色,8*1*1,8,BF70G,莎拉,收货,上架
OfXEMLeGr,灰色 品牌06 中号 办公椅（皮革）,办公椅,品牌06,中号,皮革,灰色,16*1*1,16,AF36F,大卫,收货,上架
CuWE12DoBe,米色 品牌02 1200 储物柜（带门式）,储物柜,品牌02,1200,带门式,米色,8*1*1,8,DY35G,约翰,收货,上架
PrReA3LaMi,混合色 品牌24 三号纸 打印机（激光）,打印机,品牌24,三号纸,激光,混合色,16*1*1,16,BM63B,莎拉,收货,上架
TaCI10AdBl,黑色 品牌27 1000 桌子（可调节）,桌子,品牌27,1000,可调节,黑色,8*1*1,8,BX63D,艾米,收货,上架
CuQE90DoBl,黑色 品牌01 900 储物柜（带门式）,储物柜,品牌01,900,带门式,黑色,8*1*1,8,CR64G,大卫,收货,上架
AlRe158GSi,银色 品牌14 15英寸 一体机（8吉字节内存）,一体机,品牌14,15英寸,8吉字节内存,银色,16*1*1,16,BJ16E,艾米丽,收货,上架
TVGn50FHBl,黑色 品牌30 50英寸 电视机（全高清）,电视机,品牌30,50英寸,全高清,黑色,8*1*1,8,CW91D,迈克,收货,上架
LaPH148GGr,灰色 品牌12 14英寸 笔记本电脑（8吉字节内存）,笔记本电脑,品牌12,14英寸,8吉字节内存,灰色,16*1*1,16,DN12B,大卫,收货,上架
TVGn424KSi,银色 品牌30 42英寸 电视机（超高清）,电视机,品牌30,42英寸,超高清,银色,8*1*1,8,AU48B,艾米丽,收货,上架
TaTR10AdGr,灰色 品牌28 1000 桌子（可调节）,桌子,品牌28,1000,可调节,灰色,8*1*1,8,DO97B,艾米丽,收货,上架
GaXELErPi,粉色 品牌06 大号 游戏椅（人体工学）,游戏椅,品牌06,大号,人体工学,粉色,16*1*1,16,BL66H,约翰,收货,上架
PeGi50WaPi,粉色 品牌21 50 铅笔（水彩）,铅笔,品牌21,50,水彩,粉色,48*10*5,2400,BR82D,亚历克斯,收货,上架
NoExA4doWh,白色 品牌16 四号纸 笔记本（点阵）,笔记本,品牌16,四号纸,点阵,白色,48*10*5,2400,DR64A,莎拉,收货,上架
TVYn75FHBl,黑色 品牌15 75英寸 电视机（全高清）,电视机,品牌15,75英寸,全高清,黑色,8*1*1,8,AZ41B,简,收货,上架
AlPH14i7Bl,黑色 品牌12 14英寸 一体机（第7代处理器）,一体机,品牌12,14英寸,第7代处理器,黑色,16*1*1,16,BL44D,迈克,收货,上架
MoSu27WiPi,粉色 品牌11 270 鼠标（有线）,鼠标,品牌11,270,有线,粉色,16*10*1,160,DU28E,艾米,收货,上架
PrNoA2LaWh,白色 品牌26 二号纸 打印机（激光）,打印机,品牌26,二号纸,激光,白色,16*1*1,16,CK93B,艾米,收货,上架
PeRe24SoWh,白色 品牌22 24 铅笔（可溶性）,铅笔,品牌22,24,可溶性,白色,48*10*5,2400,AW06G,艾米,收货,上架
MoRe45MeWh,白色 品牌10 450 鼠标（机械式）,鼠标,品牌10,450,机械式,白色,16*10*1,160,DT38D,大卫,收货,上架
TVYn32FHWh,白色 品牌15 32英寸 电视机（全高清）,电视机,品牌15,32英寸,全高清,白色,8*1*1,8,AZ60F,劳拉,收货,上架
CaWE18FiBe,米色 品牌02 1800 文件柜（文件收纳）,文件柜,品牌02,1800,文件收纳,米色,8*1*1,8,BN63D,艾米,收货,上架
LaOv148GWh,白色 品牌13 14英寸 笔记本电脑（8吉字节内存）,笔记本电脑,品牌13,14英寸,8吉字节内存,白色,16*1*1,16,CU55B,劳拉,收货,上架
TVGL65S4Gr,灰色 品牌31 65英寸 电视机（超级超高清）,电视机,品牌31,65英寸,超级超高清,灰色,8*1*1,8,BF93B,劳拉,收货,上架
PrReA2WiBl,黑色 品牌24 二号纸 打印机（无线网络）,打印机,品牌24,二号纸,无线网络,黑色,16*1*1,16,AG66C,迈克,收货,上架
MoRe27MeWh,白色 品牌10 270 鼠标（机械式）,鼠标,品牌10,270,机械式,白色,16*10*1,160,AS20H,克里斯,收货,上架
LaSu148GGr,灰色 品牌11 14英寸 笔记本电脑（8吉字节内存）,笔记本电脑,品牌11,14英寸,8吉字节内存,灰色,16*1*1,16,AT47C,克里斯,收货,上架
OfOGSErGr,灰色 品牌07 小号 办公椅（人体工学）,办公椅,品牌07,小号,人体工学,灰色,16*1*1,16,BT76A,简,收货,上架
TVEs65FHSi,银色 品牌32 65英寸 电视机（全高清）,电视机,品牌32,65英寸,全高清,银色,8*1*1,8,CX81A,莎拉,收货,上架
CuWE18LoWh,白色 品牌02 1800 储物柜（储物锁柜）,储物柜,品牌02,1800,储物锁柜,白色,8*1*1,8,CU35A,劳拉,收货,上架
DrWE90FiWh,白色 品牌02 900 抽屉柜（文件收纳）,抽屉柜,品牌02,900,文件收纳,白色,8*1*1,8,DL44C,劳拉,收货,上架
PrReA2InWh,白色 品牌24 二号纸 打印机（喷墨）,打印机,品牌24,二号纸,喷墨,白色,16*1*1,16,BI31B,劳拉,收货,上架
TaCI10AdSi,银色 品牌27 1000 桌子（可调节）,桌子,品牌27,1000,可调节,银色,8*1*1,8,BX04B,约翰,收货,上架
NoMuA4doGr,灰色 品牌19 四号纸 笔记本（点阵）,笔记本,品牌19,四号纸,点阵,灰色,48*10*5,2400,BV46G,克里斯,收货,上架
OfSELErPi,粉色 品牌08 大号 办公椅（人体工学）,办公椅,品牌08,大号,人体工学,粉色,16*1*1,16,DM02B,大卫,收货,上架
GaXEMErWh,白色 品牌06 中号 游戏椅（人体工学）,游戏椅,品牌06,中号,人体工学,白色,16*1*1,16,DS37B,劳拉,收货,上架
TVYn324KWh,白色 品牌15 32英寸 电视机（超高清）,电视机,品牌15,32英寸,超高清,白色,8*1*1,8,AK19F,约翰,收货,上架
TVEs50S4Gr,灰色 品牌32 50英寸 电视机（超级超高清）,电视机,品牌32,50英寸,超级超高清,灰色,8*1*1,8,CU17B,克里斯,收货,上架
SPNa24HeWh,白色 品牌23 24 触控笔（六角形）,触控笔,品牌23,24,六角形,白色,48*10*5,2400,DP30G,大卫,收货,上架
LaOv1532Wh,白色 品牌13 15英寸 笔记本电脑（32吉字节内存）,笔记本电脑,品牌13,15英寸,32吉字节内存,白色,16*1*1,16,CN47D,莎拉,收货,上架
DrTE90SlGr,灰色 品牌04 900 抽屉柜（滑动式）,抽屉柜,品牌04,900,滑动式,灰色,8*1*1,8,CQ71F,莎拉,收货,上架
AlSu148GBl,黑色 品牌11 14英寸 一体机（8吉字节内存）,一体机,品牌11,14英寸,8吉字节内存,黑色,16*1*1,16,DN57A,大卫,收货,上架
NoScA3liBl,黑色 品牌17 三号纸 笔记本（线条）,笔记本,品牌17,三号纸,线条,黑色,48*10*5,2400,CN45F,艾米丽,收货,上架
LaSu148GBl,黑色 品牌11 14英寸 笔记本电脑（8吉字节内存）,笔记本电脑,品牌11,14英寸,8吉字节内存,黑色,16*1*1,16,AT09C,莎拉,收货,上架
NoMuA5liGr,灰色 品牌19 五号纸 笔记本（线条）,笔记本,品牌19,五号纸,线条,灰色,48*10*5,2400,DW20B,艾米,收货,上架
CaQE12LoGr,灰色 品牌01 1200 文件柜（储物锁柜）,文件柜,品牌01,1200,储物锁柜,灰色,8*1*1,8,AQ66A,莎拉,收货,上架
NoMuA3liSi,银色 品牌19 三号纸 笔记本（线条）,笔记本,品牌19,三号纸,线条,银色,48*10*5,2400,CH28A,莎拉,收货,上架
TaTR10FrGr,灰色 品牌28 1000 桌子（框架式）,桌子,品牌28,1000,框架式,灰色,8*1*1,8,DW10E,克里斯,收货,上架
PeRe24SoPi,粉色 品牌22 24 铅笔（可溶性）,铅笔,品牌22,24,可溶性,粉色,48*10*5,2400,CW48C,莎拉,收货,上架
KeRe35MeNa,藏青色 品牌10 350 键盘（机械式）,键盘,品牌10,350,机械式,藏青色,16*10*1,160,BW28D,亚历克斯,收货,上架
DrTE12LoBl,黑色 品牌04 1200 抽屉柜（储物锁柜）,抽屉柜,品牌04,1200,储物锁柜,黑色,8*1*1,8,BP08A,莎拉,收货,上架
OfAESAdBl,黑色 品牌05 小号 办公椅（可调节）,办公椅,品牌05,小号,可调节,黑色,16*1*1,16,CY77E,克里斯,收货,上架
PrSoA2MoGr,灰色 品牌25 二号纸 打印机（黑白）,打印机,品牌25,二号纸,黑白,灰色,16*1*1,16,BU52D,大卫,收货,上架
CaTE90DoBe,米色 品牌04 900 文件柜（带门式）,文件柜,品牌04,900,带门式,米色,8*1*1,8,CU93D,迈克,收货,上架
OfXESLeWh,白色 品牌06 小号 办公椅（皮革）,办公椅,品牌06,小号,皮革,白色,16*1*1,16,AW65H,简,收货,上架
CaTE18LoBl,黑色 品牌04 1800 文件柜（储物锁柜）,文件柜,品牌04,1800,储物锁柜,黑色,8*1*1,8,BW91H,莎拉,收货,上架
MoSu27MeBl,黑色 品牌11 270 鼠标（机械式）,鼠标,品牌11,270,机械式,黑色,16*10*1,160,AT19H,约翰,收货,上架
GaOGMErGr,灰色 品牌07 中号 游戏椅（人体工学）,游戏椅,品牌07,中号,人体工学,灰色,16*1*1,16,BX32F,艾米丽,收货,上架
LaSu17i7Bl,黑色 品牌11 17英寸 笔记本电脑（第7代处理器）,笔记本电脑,品牌11,17英寸,第7代处理器,黑色,16*1*1,16,CU37D,约翰,收货,上架
TVEs654KBl,黑色 品牌32 65英寸 电视机（超高清）,电视机,品牌32,65英寸,超高清,黑色,8*1*1,8,BU94E,大卫,收货,上架
AlSu17i5Wh,白色 品牌11 17英寸 一体机（第5代处理器）,一体机,品牌11,17英寸,第5代处理器,白色,16*1*1,16,DT90E,亚历克斯,收货,上架
KePH45ErWh,白色 品牌12 450 键盘（人体工学）,键盘,品牌12,450,人体工学,白色,16*10*1,160,CI83B,约翰,收货,上架
OfOGLHeBl,黑色 品牌07 大号 办公椅（头枕）,办公椅,品牌07,大号,头枕,黑色,16*1*1,16,DN58D,艾米,收货,上架
TVGn65S4Bl,黑色 品牌30 65英寸 电视机（超级超高清）,电视机,品牌30,65英寸,超级超高清,黑色,8*1*1,8,BK63B,简,收货,上架
KeSu35ErWh,白色 品牌11 350 键盘（人体工学）,键盘,品牌11,350,人体工学,白色,16*10*1,160,BZ04H,简,收货,上架
TVGL50S4Gr,灰色 品牌31 50英寸 电视机（超级超高清）,电视机,品牌31,50英寸,超级超高清,灰色,8*1*1,8,CR03F,大卫,收货,上架
GaOGMHeBl,黑色 品牌07 中号 游戏椅（头枕）,游戏椅,品牌07,中号,头枕,黑色,16*1*1,16,AG92C,约翰,收货,上架
NoGrA3doWh,白色 品牌18 三号纸 笔记本（点阵）,笔记本,品牌18,三号纸,点阵,白色,48*10*5,2400,AZ71H,莎拉,收货,上架
AlPH158GSi,银色 品牌12 15英寸 一体机（8吉字节内存）,一体机,品牌12,15英寸,8吉字节内存,银色,16*1*1,16,AR11A,劳拉,收货,上架
TVYn50FHBl,黑色 品牌15 50英寸 电视机（全高清）,电视机,品牌15,50英寸,全高清,黑色,8*1*1,8,CG51B,简,收货,上架
SPRe12HePi,粉色 品牌22 12 触控笔（六角形）,触控笔,品牌22,12,六角形,粉色,48*10*5,2400,AZ27C,简,收货,上架
PeGi12HeWh,白色 品牌21 12 铅笔（六角形）,铅笔,品牌21,12,六角形,白色,48*10*5,2400,AV13E,劳拉,收货,上架
PrSoA4InWh,白色 品牌25 四号纸 打印机（喷墨）,打印机,品牌25,四号纸,喷墨,白色,16*1*1,16,BR25C,约翰,收货,上架
TVEs50S4Wh,白色 品牌32 50英寸 电视机（超级超高清）,电视机,品牌32,50英寸,超级超高清,白色,8*1*1,8,DG21C,亚历克斯,收货,上架
SPGi24WaBl,黑色 品牌21 24 触控笔（水彩）,触控笔,品牌21,24,水彩,黑色,48*10*5,2400,CJ89F,劳拉,收货,上架
SPRe12SoBl,黑色 品牌22 12 触控笔（可溶性）,触控笔,品牌22,12,可溶性,黑色,48*10*5,2400,CI24H,简,收货,上架
LaOv1532Si,银色 品牌13 15英寸 笔记本电脑（32吉字节内存）,笔记本电脑,品牌13,15英寸,32吉字节内存,银色,16*1*1,16,BU15B,劳拉,收货,上架
NoGrA5ruWh,白色 品牌18 五号纸 笔记本（横线）,笔记本,品牌18,五号纸,横线,白色,48*10*5,2400,CX66H,大卫,收货,上架
DrWE12SlGr,灰色 品牌02 1200 抽屉柜（滑动式）,抽屉柜,品牌02,1200,滑动式,灰色,8*1*1,8,BO23C,克里斯,收货,上架
AlPH14i7Si,银色 品牌12 14英寸 一体机（第7代处理器）,一体机,品牌12,14英寸,第7代处理器,银色,16*1*1,16,CN24D,约翰,收货,上架
AlSu1432Wh,白色 品牌11 14英寸 一体机（32吉字节内存）,一体机,品牌11,14英寸,32吉字节内存,白色,16*1*1,16,BI09A,迈克,收货,上架
OfAESHeBl,黑色 品牌05 小号 办公椅（头枕）,办公椅,品牌05,小号,头枕,黑色,16*1*1,16,DR78F,简,收货,上架
OfAEMErPi,粉色 品牌05 中号 办公椅（人体工学）,办公椅,品牌05,中号,人体工学,粉色,16*1*1,16,BM63F,简,收货,上架
TVGn50FHWh,白色 品牌30 50英寸 电视机（全高清）,电视机,品牌30,50英寸,全高清,白色,8*1*1,8,AZ68C,简,收货,上架
PeAl24WaBl,黑色 品牌20 24 铅笔（水彩）,铅笔,品牌20,24,水彩,黑色,48*10*5,2400,DJ78A,劳拉,收货,上架
AlPH178GWh,白色 品牌12 17英寸 一体机（8吉字节内存）,一体机,品牌12,17英寸,8吉字节内存,白色,16*1*1,16,DJ85C,克里斯,收货,上架
LaOv1732Bl,黑色 品牌13 17英寸 笔记本电脑（32吉字节内存）,笔记本电脑,品牌13,17英寸,32吉字节内存,黑色,16*1*1,16,DS76A,艾米,收货,上架
TaAE15AuSi,银色 品牌05 1500 桌子（自动调节）,桌子,品牌05,1500,自动调节,银色,8*1*1,8,AX35F,克里斯,收货,上架
PeAl50SoWh,白色 品牌20 50 铅笔（可溶性）,铅笔,品牌20,50,可溶性,白色,48*10*5,2400,DN63C,莎拉,收货,上架
MoHc45BlWh,白色 品牌09 450 鼠标（蓝牙）,鼠标,品牌09,450,蓝牙,白色,16*10*1,160,BT94H,克里斯,收货,上架
CaQE18DoBe,米色 品牌01 1800 文件柜（带门式）,文件柜,品牌01,1800,带门式,米色,8*1*1,8,AU04H,艾米,收货,上架
SPRe12SoBl,黑色 品牌22 12 触控笔（可溶性）,触控笔,品牌22,12,可溶性,黑色,48*10*5,2400,DZ50F,劳拉,收货,上架
LaYn15i5Wh,白色 品牌15 15英寸 笔记本电脑（第5代处理器）,笔记本电脑,品牌15,15英寸,第5代处理器,白色,16*1*1,16,CG52D,迈克,收货,上架
TaAE15FrWh,白色 品牌05 1500 桌子（框架式）,桌子,品牌05,1500,框架式,白色,8*1*1,8,BR32A,简,收货,上架
DrQE12FiGr,灰色 品牌01 1200 抽屉柜（文件收纳）,抽屉柜,品牌01,1200,文件收纳,灰色,8*1*1,8,CX27A,约翰,收货,上架
LaRe1516Gr,灰色 品牌14 15英寸 笔记本电脑（16吉字节内存）,笔记本电脑,品牌14,15英寸,16吉字节内存,灰色,16*1*1,16,DW89H,艾米,收货,上架
CaQE18LoGr,灰色 品牌01 1800 文件柜（储物锁柜）,文件柜,品牌01,1800,储物锁柜,灰色,8*1*1,8,BG75B,艾米丽,收货,上架
TVGL42S4Bl,黑色 品牌31 42英寸 电视机（超级超高清）,电视机,品牌31,42英寸,超级超高清,黑色,8*1*1,8,AI95H,克里斯,收货,上架
LaRe1532Bl,黑色 品牌14 15英寸 笔记本电脑（32吉字节内存）,笔记本电脑,品牌14,15英寸,32吉字节内存,黑色,16*1*1,16,AX42F,克里斯,收货,上架
PeAl50WaGr,灰色 品牌20 50 铅笔（水彩）,铅笔,品牌20,50,水彩,灰色,48*10*5,2400,AJ77D,大卫,收货,上架
DrWE90SlBe,米色 品牌02 900 抽屉柜（滑动式）,抽屉柜,品牌02,900,滑动式,米色,8*1*1,8,DJ85H,劳拉,收货,上架
KeSu45BlWh,白色 品牌11 450 键盘（蓝牙）,键盘,品牌11,450,蓝牙,白色,16*10*1,160,CJ61D,约翰,收货,上架
AlOv17i5Gr,灰色 品牌13 17英寸 一体机（第5代处理器）,一体机,品牌13,17英寸,第5代处理器,灰色,16*1*1,16,AQ36A,艾米丽,收货,上架
CaTE90SlWh,白色 品牌04 900 文件柜（滑动式）,文件柜,品牌04,900,滑动式,白色,8*1*1,8,AG50A,克里斯,收货,上架
TVEs42S4Wh,白色 品牌32 42英寸 电视机（超级超高清）,电视机,品牌32,42英寸,超级超高清,白色,8*1*1,8,BK35A,莎拉,收货,上架
AlOv1532Wh,白色 品牌13 15英寸 一体机（32吉字节内存）,一体机,品牌13,15英寸,32吉字节内存,白色,16*1*1,16,BJ07B,艾米,收货,上架
GaOGMErWh,白色 品牌07 中号 游戏椅（人体工学）,游戏椅,品牌07,中号,人体工学,白色,16*1*1,16,AU22F,大卫,收货,上架
DrQE12SlGr,灰色 品牌01 1200 抽屉柜（滑动式）,抽屉柜,品牌01,1200,滑动式,灰色,8*1*1,8,CN16H,莎拉,收货,上架
PeGi50SoPi,粉色 品牌21 50 铅笔（可溶性）,铅笔,品牌21,50,可溶性,粉色,48*10*5,2400,CT25A,简,收货,上架
AlYn1432Gr,灰色 品牌15 14英寸 一体机（32吉字节内存）,一体机,品牌15,14英寸,32吉字节内存,灰色,16*1*1,16,DK52C,克里斯,收货,上架
DrQE18SlWh,白色 品牌01 1800 抽屉柜（滑动式）,抽屉柜,品牌01,1800,滑动式,白色,8*1*1,8,AU42B,亚历克斯,收货,上架
TVYn504KSi,银色 品牌15 50英寸 电视机（超高清）,电视机,品牌15,50英寸,超高清,银色,8*1*1,8,AW09A,艾米丽,收货,上架
PeGi50WaGr,灰色 品牌21 50 铅笔（水彩）,铅笔,品牌21,50,水彩,灰色,48*10*5,2400,CV17C,艾米,收货,上架
LaYn17i7Bl,黑色 品牌15 17英寸 笔记本电脑（第7代处理器）,笔记本电脑,品牌15,17英寸,第7代处理器,黑色,16*1*1,16,AV28G,约翰,收货,上架
AlSu1716Wh,白色 品牌11 17英寸 一体机（16吉字节内存）,一体机,品牌11,17英寸,16吉字节内存,白色,16*1*1,16,CL16B,约翰,收货,上架
LaPH1516Gr,灰色 品牌12 15英寸 笔记本电脑（16吉字节内存）,笔记本电脑,品牌12,15英寸,16吉字节内存,灰色,16*1*1,16,DW81E,艾米,收货,上架
MoPH35BlWh,白色 品牌12 350 鼠标（蓝牙）,鼠标,品牌12,350,蓝牙,白色,16*10*1,160,AX40B,亚历克斯,收货,上架
CaRG90FiWh,白色 品牌03 900 文件柜（文件收纳）,文件柜,品牌03,900,文件收纳,白色,8*1*1,8,CP31F,莎拉,收货,上架
OfSELErPi,粉色 品牌08 大号 办公椅（人体工学）,办公椅,品牌08,大号,人体工学,粉色,16*1*1,16,DI60F,亚历克斯,收货,上架
PeAl12WaWh,白色 品牌20 12 铅笔（水彩）,铅笔,品牌20,12,水彩,白色,48*10*5,2400,AP65D,艾米,收货,上架
PrPHA3InGr,灰色 品牌12 三号纸 打印机（喷墨）,打印机,品牌12,三号纸,喷墨,灰色,16*1*1,16,CJ94D,大卫,收货,上架
KePH27ErNa,藏青色 品牌12 270 键盘（人体工学）,键盘,品牌12,270,人体工学,藏青色,16*10*1,160,DJ51G,简,收货,上架
CuTE18DoWh,白色 品牌04 1800 储物柜（带门式）,储物柜,品牌04,1800,带门式,白色,8*1*1,8,AM11B,艾米,收货,上架
AlRe1416Bl,黑色 品牌14 14英寸 一体机（16吉字节内存）,一体机,品牌14,14英寸,16吉字节内存,黑色,16*1*1,16,CX09F,简,收货,上架
MoRe35MeBl,黑色 品牌10 350 鼠标（机械式）,鼠标,品牌10,350,机械式,黑色,16*10*1,160,AX90E,劳拉,收货,上架
CuTE12DoGr,灰色 品牌04 1200 储物柜（带门式）,储物柜,品牌04,1200,带门式,灰色,8*1*1,8,CG70G,艾米丽,收货,上架
MoRe35WiWh,白色 品牌10 350 鼠标（有线）,鼠标,品牌10,350,有线,白色,16*10*1,160,AV83E,约翰,收货,上架
PrReA3WiGr,灰色 品牌24 三号纸 打印机（无线网络）,打印机,品牌24,三号纸,无线网络,灰色,16*1*1,16,CY97F,亚历克斯,收货,上架
TaTR15FrBl,黑色 品牌28 1500 桌子（框架式）,桌子,品牌28,1500,框架式,黑色,8*1*1,8,AH11E,莎拉,收货,上架
TVEs754KWh,白色 品牌32 75英寸 电视机（超高清）,电视机,品牌32,75英寸,超高清,白色,8*1*1,8,DX92A,劳拉,收货,上架
CuRG18SlWh,白色 品牌03 1800 储物柜（滑动式）,储物柜,品牌03,1800,滑动式,白色,8*1*1,8,AO96C,简,收货,上架
PrReA3WiMi,混合色 品牌24 三号纸 打印机（无线网络）,打印机,品牌24,三号纸,无线网络,混合色,16*1*1,16,CM47C,劳拉,收货,上架
GaOGMHeGr,灰色 品牌07 中号 游戏椅（头枕）,游戏椅,品牌07,中号,头枕,灰色,16*1*1,16,AL71G,艾米丽,收货,上架
PrPHA3MoGr,灰色 品牌12 三号纸 打印机（黑白）,打印机,品牌12,三号纸,黑白,灰色,16*1*1,16,CX10C,艾米丽,收货,上架
CuRG12LoBl,黑色 品牌03 1200 储物柜（储物锁柜）,储物柜,品牌03,1200,储物锁柜,黑色,8*1*1,8,DF84H,亚历克斯,收货,上架
DrWE12SlWh,白色 品牌02 1200 抽屉柜（滑动式）,抽屉柜,品牌02,1200,滑动式,白色,8*1*1,8,DO44D,莎拉,收货,上架
LaPH148GSi,银色 品牌12 14英寸 笔记本电脑（8吉字节内存）,笔记本电脑,品牌12,14英寸,8吉字节内存,银色,16*1*1,16,CV43H,大卫,收货,上架
MoSu45MePi,粉色 品牌11 450 鼠标（机械式）,鼠标,品牌11,450,机械式,粉色,16*10*1,160,AZ78B,劳拉,收货,上架
MoSu45WiNa,藏青色 品牌11 450 鼠标（有线）,鼠标,品牌11,450,有线,藏青色,16*10*1,160,CI80C,艾米丽,收货,上架
LaPH17i5Wh,白色 品牌12 17英寸 笔记本电脑（第5代处理器）,笔记本电脑,品牌12,17英寸,第5代处理器,白色,16*1*1,16,DW23C,亚历克斯,收货,上架
TaTR10WoSi,银色 品牌29 1000 桌子（工作站）,桌子,品牌29,1000,工作站,银色,8*1*1,8,BG11B,艾米丽,收货,上架
PeGi24SoBl,黑色 品牌21 24 铅笔（可溶性）,铅笔,品牌21,24,可溶性,黑色,48*10*5,2400,BK22F,劳拉,收货,上架
PrPHA3InGr,灰色 品牌12 三号纸 打印机（喷墨）,打印机,品牌12,三号纸,喷墨,灰色,16*1*1,16,CX11B,简,收货,上架
TaTR10FrBl,黑色 品牌28 1000 桌子（框架式）,桌子,品牌28,1000,框架式,黑色,8*1*1,8,AV71F,劳拉,收货,上架
DrQE12LoGr,灰色 品牌01 1200 抽屉柜（储物锁柜）,抽屉柜,品牌01,1200,储物锁柜,灰色,8*1*1,8,BS24C,克里斯,收货,上架
OfSESLeBl,黑色 品牌08 小号 办公椅（皮革）,办公椅,品牌08,小号,皮革,黑色,16*1*1,16,CH94F,劳拉,收货,上架
TVGn50FHSi,银色 品牌30 50英寸 电视机（全高清）,电视机,品牌30,50英寸,全高清,银色,8*1*1,8,DF18F,简,收货,上架
AlOv158GSi,银色 品牌13 15英寸 一体机（8吉字节内存）,一体机,品牌13,15英寸,8吉字节内存,银色,16*1*1,16,CY95C,简,收货,上架
MoPH35BlBl,黑色 品牌12 350 鼠标（蓝牙）,鼠标,品牌12,350,蓝牙,黑色,16*10*1,160,CI82E,劳拉,收货,上架
AlPH17i5Si,银色 品牌12 17英寸 一体机（第5代处理器）,一体机,品牌12,17英寸,第5代处理器,银色,16*1*1,16,AS50H,艾米,收货,上架
GaSEMLeBl,黑色 品牌08 中号 游戏椅（皮革）,游戏椅,品牌08,中号,皮革,黑色,16*1*1,16,CH33B,艾米,收货,上架
OfAELHeWh,白色 品牌05 大号 办公椅（头枕）,办公椅,品牌05,大号,头枕,白色,16*1*1,16,CG98F,亚历克斯,收货,上架
PeNa24HeGr,灰色 品牌23 24 铅笔（六角形）,铅笔,品牌23,24,六角形,灰色,48*10*5,2400,DU67B,艾米丽,收货,上架
NoMuA3liWh,白色 品牌19 三号纸 笔记本（线条）,笔记本,品牌19,三号纸,线条,白色,48*10*5,2400,AL24C,莎拉,收货,上架
PeAl12HeWh,白色 品牌20 12 铅笔（六角形）,铅笔,品牌20,12,六角形,白色,48*10*5,2400,BR13A,莎拉,收货,上架
OfSEMErBl,黑色 品牌08 中号 办公椅（人体工学）,办公椅,品牌08,中号,人体工学,黑色,16*1*1,16,AO92F,艾米丽,收货,上架
OfAELAdBl,黑色 品牌05 大号 办公椅（可调节）,办公椅,品牌05,大号,可调节,黑色,16*1*1,16,BN91A,克里斯,收货,上架
AlSu1432Gr,灰色 品牌11 14英寸 一体机（32吉字节内存）,一体机,品牌11,14英寸,32吉字节内存,灰色,16*1*1,16,DW50H,艾米丽,收货,上架
LaYn14i5Wh,白色 品牌15 14英寸 笔记本电脑（第5代处理器）,笔记本电脑,品牌15,14英寸,第5代处理器,白色,16*1*1,16,DJ79D,艾米,收货,上架
PrPHA3WiBl,黑色 品牌12 三号纸 打印机（无线网络）,打印机,品牌12,三号纸,无线网络,黑色,16*1*1,16,DF65C,迈克,收货,上架
GaXESErBl,黑色 品牌06 小号 游戏椅（人体工学）,游戏椅,品牌06,小号,人体工学,黑色,16*1*1,16,DK93C,莎拉,收货,上架
PrNoA3MoWh,白色 品牌26 三号纸 打印机（黑白）,打印机,品牌26,三号纸,黑白,白色,16*1*1,16,CL80C,大卫,收货,上架
TVGn50SFSi,银色 品牌30 50英寸 电视机（超级全高清）,电视机,品牌30,50英寸,超级全高清,银色,8*1*1,8,BW50A,亚历克斯,收货,上架
TVGn32S4Si,银色 品牌30 32英寸 电视机（超级超高清）,电视机,品牌30,32英寸,超级超高清,银色,8*1*1,8,DK72B,约翰,收货,上架
SPNa24WaWh,白色 品牌23 24 触控笔（水彩）,触控笔,品牌23,24,水彩,白色,48*10*5,2400,CT14H,大卫,收货,上架
MoHc45BlNa,藏青色 品牌09 450 鼠标（蓝牙）,鼠标,品牌09,450,蓝牙,藏青色,16*10*1,160,CH33E,莎拉,收货,上架
MoSu35ErNa,藏青色 品牌11 350 鼠标（人体工学）,鼠标,品牌11,350,人体工学,藏青色,16*10*1,160,DR87E,简,收货,上架
SPRe24SoPi,粉色 品牌22 24 触控笔（可溶性）,触控笔,品牌22,24,可溶性,粉色,48*10*5,2400,DZ81A,艾米丽,收货,上架
KeSu45BlPi,粉色 品牌11 450 键盘（蓝牙）,键盘,品牌11,450,蓝牙,粉色,16*10*1,160,AU73F,亚历克斯,收货,上架
PrSoA2WiMi,混合色 品牌25 二号纸 打印机（无线网络）,打印机,品牌25,二号纸,无线网络,混合色,16*1*1,16,BJ07G,克里斯,收货,上架
OfOGMErPi,粉色 品牌07 中号 办公椅（人体工学）,办公椅,品牌07,中号,人体工学,粉色,16*1*1,16,BW47C,约翰,收货,上架
CaTE18FiWh,白色 品牌04 1800 文件柜（文件收纳）,文件柜,品牌04,1800,文件收纳,白色,8*1*1,8,AQ64H,迈克,收货,上架
LaRe1432Bl,黑色 品牌14 14英寸 笔记本电脑（32吉字节内存）,笔记本电脑,品牌14,14英寸,32吉字节内存,黑色,16*1*1,16,DY76B,莎拉,收货,上架
PrPHA3AlMi,混合色 品牌12 三号纸 打印机（一体式）,打印机,品牌12,三号纸,一体式,混合色,16*1*1,16,CM46E,大卫,收货,上架
GaXEMHeGr,灰色 品牌06 中号 游戏椅（头枕）,游戏椅,品牌06,中号,头枕,灰色,16*1*1,16,DL16G,莎拉,收货,上架
NoMuA5liBl,黑色 品牌19 五号纸 笔记本（线条）,笔记本,品牌19,五号纸,线条,黑色,48*10*5,2400,CU68D,艾米,收货,上架
KePH35WiPi,粉色 品牌12 350 键盘（有线）,键盘,品牌12,350,有线,粉色,16*10*1,160,CJ95G,艾米丽,收货,上架
TVGn42SFWh,白色 品牌30 42英寸 电视机（超级全高清）,电视机,品牌30,42英寸,超级全高清,白色,8*1*1,8,BJ25G,艾米,收货,上架
AlPH148GBl,黑色 品牌12 14英寸 一体机（8吉字节内存）,一体机,品牌12,14英寸,8吉字节内存,黑色,16*1*1,16,BV64E,迈克,收货,上架
TVGL424KWh,白色 品牌31 42英寸 电视机（超高清）,电视机,品牌31,42英寸,超高清,白色,8*1*1,8,BN29E,约翰,收货,上架
CuRG18DoBl,黑色 品牌03 1800 储物柜（带门式）,储物柜,品牌03,1800,带门式,黑色,8*1*1,8,DT15F,简,收货,上架
LaRe17i7Gr,灰色 品牌14 17英寸 笔记本电脑（第7代处理器）,笔记本电脑,品牌14,17英寸,第7代处理器,灰色,16*1*1,16,CO53E,克里斯,收货,上架
KeRe45WiNa,藏青色 品牌10 450 键盘（有线）,键盘,品牌10,450,有线,藏青色,16*10*1,160,CG17E,劳拉,收货,上架
KeSu27MePi,粉色 品牌11 270 键盘（机械式）,键盘,品牌11,270,机械式,粉色,16*10*1,160,DL53A,莎拉,收货,上架
MoHc35ErNa,藏青色 品牌09 350 鼠标（人体工学）,鼠标,品牌09,350,人体工学,藏青色,16*10*1,160,CZ59H,大卫,收货,上架
DrTE12DoBl,黑色 品牌04 1200 抽屉柜（带门式）,抽屉柜,品牌04,1200,带门式,黑色,8*1*1,8,CW86A,克里斯,收货,上架
LaYn158GBl,黑色 品牌15 15英寸 笔记本电脑（8吉字节内存）,笔记本电脑,品牌15,15英寸,8吉字节内存,黑色,16*1*1,16,BU63B,约翰,收货,上架
SPAl50SoGr,灰色 品牌20 50 触控笔（可溶性）,触控笔,品牌20,50,可溶性,灰色,48*10*5,2400,DX42F,劳拉,收货,上架
PrSoA2AlMi,混合色 品牌25 二号纸 打印机（一体式）,打印机,品牌25,二号纸,一体式,混合色,16*1*1,16,BU33A,艾米,收货,上架
CuQE18FiBl,黑色 品牌01 1800 储物柜（文件收纳）,储物柜,品牌01,1800,文件收纳,黑色,8*1*1,8,BU54E,艾米,收货,上架
TVEs32SFGr,灰色 品牌32 32英寸 电视机（超级全高清）,电视机,品牌32,32英寸,超级全高清,灰色,8*1*1,8,DI97A,莎拉,收货,上架
OfOGLHePi,粉色 品牌07 大号 办公椅（头枕）,办公椅,品牌07,大号,头枕,粉色,16*1*1,16,BQ95G,艾米丽,收货,上架
TVEs75SFGr,灰色 品牌32 75英寸 电视机（超级全高清）,电视机,品牌32,75英寸,超级全高清,灰色,8*1*1,8,BQ39C,迈克,收货,上架
NoGrA3doBl,黑色 品牌18 三号纸 笔记本（点阵）,笔记本,品牌18,三号纸,点阵,黑色,48*10*5,2400,AU84E,艾米,收货,上架
AlYn15i5Wh,白色 品牌15 15英寸 一体机（第5代处理器）,一体机,品牌15,15英寸,第5代处理器,白色,16*1*1,16,CT18C,劳拉,收货,上架
LaRe1732Gr,灰色 品牌14 17英寸 笔记本电脑（32吉字节内存）,笔记本电脑,品牌14,17英寸,32吉字节内存,灰色,16*1*1,16,BO15D,简,收货,上架
GaXESLePi,粉色 品牌06 小号 游戏椅（皮革）,游戏椅,品牌06,小号,皮革,粉色,16*1*1,16,BW06H,莎拉,收货,上架
TVGn50S4Si,银色 品牌30 50英寸 电视机（超级超高清）,电视机,品牌30,50英寸,超级超高清,银色,8*1*1,8,DL74C,艾米,收货,上架
MoHc27MePi,粉色 品牌09 270 鼠标（机械式）,鼠标,品牌09,270,机械式,粉色,16*10*1,160,BF08H,约翰,收货,上架
DrTE90LoBe,米色 品牌04 900 抽屉柜（储物锁柜）,抽屉柜,品牌04,900,储物锁柜,米色,8*1*1,8,AL23E,迈克,收货,上架
DrRG12LoBl,黑色 品牌03 1200 抽屉柜（储物锁柜）,抽屉柜,品牌03,1200,储物锁柜,黑色,8*1*1,8,CP73B,亚历克斯,收货,上架
GaAELLeGr,灰色 品牌05 大号 游戏椅（皮革）,游戏椅,品牌05,大号,皮革,灰色,16*1*1,16,AL96E,迈克,收货,上架
PrSoA3InWh,白色 品牌25 三号纸 打印机（喷墨）,打印机,品牌25,三号纸,喷墨,白色,16*1*1,16,AV11E,简,收货,上架
PrReA3AlWh,白色 品牌24 三号纸 打印机（一体式）,打印机,品牌24,三号纸,一体式,白色,16*1*1,16,AG86C,克里斯,收货,上架
TVGn32SFBl,黑色 品牌30 32英寸 电视机（超级全高清）,电视机,品牌30,32英寸,超级全高清,黑色,8*1*1,8,DG51E,莎拉,收货,上架
SPAl50WaPi,粉色 品牌20 50 触控笔（水彩）,触控笔,品牌20,50,水彩,粉色,48*10*5,2400,BF53F,莎拉,收货,上架
MoSu45BlNa,藏青色 品牌11 450 鼠标（蓝牙）,鼠标,品牌11,450,蓝牙,藏青色,16*10*1,160,AL60H,约翰,收货,上架
AlOv1516Gr,灰色 品牌13 15英寸 一体机（16吉字节内存）,一体机,品牌13,15英寸,16吉字节内存,灰色,16*1*1,16,AK38C,艾米丽,收货,上架
GaXEMErPi,粉色 品牌06 中号 游戏椅（人体工学）,游戏椅,品牌06,中号,人体工学,粉色,16*1*1,16,CX02E,劳拉,收货,上架
PrReA2MoGr,灰色 品牌24 二号纸 打印机（黑白）,打印机,品牌24,二号纸,黑白,灰色,16*1*1,16,DJ75G,简,收货,上架
KePH45WiWh,白色 品牌12 450 键盘（有线）,键盘,品牌12,450,有线,白色,16*10*1,160,BT91C,克里斯,收货,上架
OfAEMAdPi,粉色 品牌05 中号 办公椅（可调节）,办公椅,品牌05,中号,可调节,粉色,16*1*1,16,BN74F,艾米丽,收货,上架
LaOv17i7Bl,黑色 品牌13 17英寸 笔记本电脑（第7代处理器）,笔记本电脑,品牌13,17英寸,第7代处理器,黑色,16*1*1,16,AK91H,劳拉,收货,上架
NoGrA5liGr,灰色 品牌18 五号纸 笔记本（线条）,笔记本,品牌18,五号纸,线条,灰色,48*10*5,2400,AP86B,迈克,收货,上架
TaCI15AdBl,黑色 品牌27 1500 桌子（可调节）,桌子,品牌27,1500,可调节,黑色,8*1*1,8,CI29F,劳拉,收货,上架
TaCI18FrGr,灰色 品牌27 1800 桌子（框架式）,桌子,品牌27,1800,框架式,灰色,8*1*1,8,AO05G,莎拉,收货,上架
PrNoA4WiGr,灰色 品牌26 四号纸 打印机（无线网络）,打印机,品牌26,四号纸,无线网络,灰色,16*1*1,16,BL79C,迈克,收货,上架
TVGL65S4Bl,黑色 品牌31 65英寸 电视机（超级超高清）,电视机,品牌31,65英寸,超级超高清,黑色,8*1*1,8,DO88H,迈克,收货,上架
DrTE18FiWh,白色 品牌04 1800 抽屉柜（文件收纳）,抽屉柜,品牌04,1800,文件收纳,白色,8*1*1,8,DZ86E,约翰,收货,上架
KeHc35MeBl,黑色 品牌09 350 键盘（机械式）,键盘,品牌09,350,机械式,黑色,16*10*1,49,BZ16C,劳拉,收货,上架
LaPH1532Wh,白色 品牌12 15英寸 笔记本电脑（32吉字节内存）,笔记本电脑,品牌12,15英寸,32吉字节内存,白色,16*1*1,14,CV79F,迈克,收货,上架
LaOv1532Bl,黑色 品牌13 15英寸 笔记本电脑（32吉字节内存）,笔记本电脑,品牌13,15英寸,32吉字节内存,黑色,16*1*1,9,DO80A,大卫,收货,上架
OfXEMErPi,粉色 品牌06 中号 办公椅（人体工学）,办公椅,品牌06,中号,人体工学,粉色,16*1*1,16,CZ30B,劳拉,收货,上架
KeSu35BlPi,粉色 品牌11 350 键盘（蓝牙）,键盘,品牌11,350,蓝牙,粉色,16*10*1,61,CM54F,克里斯,收货,上架
CuRG90FiWh,白色 品牌03 900 储物柜（文件收纳）,储物柜,品牌03,900,文件收纳,白色,8*1*1,1,AS22H,克里斯,收货,上架
PrNoA2WiWh,白色 品牌26 二号纸 打印机（无线网络）,打印机,品牌26,二号纸,无线网络,白色,16*1*1,2,AL11D,大卫,收货,上架
AlRe17i7Bl,黑色 品牌14 17英寸 一体机（第7代处理器）,一体机,品牌14,17英寸,第7代处理器,黑色,16*1*1,3,AT74G,克里斯,收货,上架
CuQE90LoWh,白色 品牌01 900 储物柜（储物锁柜）,储物柜,品牌01,900,储物锁柜,白色,8*1*1,7,DS98C,约翰,收货,上架
GaOGLLeWh,白色 品牌07 大号 游戏椅（皮革）,游戏椅,品牌07,大号,皮革,白色,16*1*1,3,AK91H,艾米丽,收货,上架
CuQE18LoBe,米色 品牌01 1800 储物柜（储物锁柜）,储物柜,品牌01,1800,储物锁柜,米色,8*1*1,2,CJ11A,大卫,收货,上架
TVEs32FHGr,灰色 品牌32 32英寸 电视机（全高清）,电视机,品牌32,32英寸,全高清,灰色,8*1*1,5,DX41G,莎拉,收货,上架
TVGL75S4Gr,灰色 品牌31 75英寸 电视机（超级超高清）,电视机,品牌31,75英寸,超级超高清,灰色,8*1*1,5,BF89E,大卫,收货,上架
KeSu45BlPi,粉色 品牌11 450 键盘（蓝牙）,键盘,品牌11,450,蓝牙,粉色,16*10*1,55,CT32F,莎拉,收货,上架
NoMuA3liWh,白色 品牌19 三号纸 笔记本（线条）,笔记本,品牌19,三号纸,线条,白色,48*10*5,288,AY13G,大卫,收货,上架
MoPH27WiPi,粉色 品牌12 270 鼠标（有线）,鼠标,品牌12,270,有线,粉色,16*10*1,43,CI15H,迈克,收货,上架
CaQE90LoBl,黑色 品牌01 900 文件柜（储物锁柜）,文件柜,品牌01,900,储物锁柜,黑色,8*1*1,4,AV04G,艾米,收货,上架
CaQE18FiWh,白色 品牌01 1800 文件柜（文件收纳）,文件柜,品牌01,1800,文件收纳,白色,8*1*1,8,DZ31B,克里斯,收货,上架
OfXEMAdBl,黑色 品牌06 中号 办公椅（可调节）,办公椅,品牌06,中号,可调节,黑色,16*1*1,13,AU90C,艾米,收货,上架
LaSu14i5Gr,灰色 品牌11 14英寸 笔记本电脑（第5代处理器）,笔记本电脑,品牌11,14英寸,第5代处理器,灰色,16*1*1,4,BQ54B,亚历克斯,收货,上架
AlRe178GGr,灰色 品牌14 17英寸 一体机（8吉字节内存）,一体机,品牌14,17英寸,8吉字节内存,灰色,16*1*1,4,AI03H,简,收货,上架
TVGL75FHWh,白色 品牌31 75英寸 电视机（全高清）,电视机,品牌31,75英寸,全高清,白色,8*1*1,8,DM74G,迈克,收货,上架
OfSELLeBl,黑色 品牌08 大号 办公椅（皮革）,办公椅,品牌08,大号,皮革,黑色,16*1*1,6,CM67B,大卫,收货,上架
OfOGMLePi,粉色 品牌07 中号 办公椅（皮革）,办公椅,品牌07,中号,皮革,粉色,16*1*1,12,CM69F,克里斯,收货,上架
GaOGSHeBl,黑色 品牌07 小号 游戏椅（头枕）,游戏椅,品牌07,小号,头枕,黑色,16*1*1,11,CR81H,莎拉,收货,上架
MoPH27WiBl,黑色 品牌12 270 鼠标（有线）,鼠标,品牌12,270,有线,黑色,16*10*1,6,CM20H,艾米,收货,上架
CaQE12FiBe,米色 品牌01 1200 文件柜（文件收纳）,文件柜,品牌01,1200,文件收纳,米色,8*1*1,1,DZ71C,亚历克斯,收货,上架
TVYn32SFWh,白色 品牌15 32英寸 电视机（超级全高清）,电视机,品牌15,32英寸,超级全高清,白色,8*1*1,1,BR19D,劳拉,收货,上架
CaQE90DoBe,米色 品牌01 900 文件柜（带门式）,文件柜,品牌01,900,带门式,米色,8*1*1,3,BX44F,莎拉,收货,上架
PeNa24HeWh,白色 品牌23 24 铅笔（六角形）,铅笔,品牌23,24,六角形,白色,48*10*5,249,CH75A,克里斯,收货,上架
SPNa12WaPi,粉色 品牌23 12 触控笔（水彩）,触控笔,品牌23,12,水彩,粉色,48*10*5,2335,BK27C,约翰,收货,上架
TVEs654KSi,银色 品牌32 65英寸 电视机（超高清）,电视机,品牌32,65英寸,超高清,银色,8*1*1,8,DN25A,简,收货,上架
LaPH1432Bl,黑色 品牌12 14英寸 笔记本电脑（32吉字节内存）,笔记本电脑,品牌12,14英寸,32吉字节内存,黑色,16*1*1,2,CN72E,艾米,收货,上架
NoExA3doGr,灰色 品牌16 三号纸 笔记本（点阵）,笔记本,品牌16,三号纸,点阵,灰色,48*10*5,1163,AQ84F,简,收货,上架
KeSu35BlWh,白色 品牌11 350 键盘（蓝牙）,键盘,品牌11,350,蓝牙,白色,16*10*1,46,BN24H,艾米,收货,上架
PeNa12SoWh,白色 品牌23 12 铅笔（可溶性）,铅笔,品牌23,12,可溶性,白色,48*10*5,1901,DS06E,莎拉,收货,上架
PrNoA4AlWh,白色 品牌26 四号纸 打印机（一体式）,打印机,品牌26,四号纸,一体式,白色,16*1*1,3,CV78F,迈克,收货,上架
SPNa50HeWh,白色 品牌23 50 触控笔（六角形）,触控笔,品牌23,50,六角形,白色,48*10*5,2080,DW64G,艾米,收货,上架
CuWE12FiBl,黑色 品牌02 1200 储物柜（文件收纳）,储物柜,品牌02,1200,文件收纳,黑色,8*1*1,8,CT21D,迈克,收货,上架
KePH27ErBl,黑色 品牌12 270 键盘（人体工学）,键盘,品牌12,270,人体工学,黑色,16*10*1,26,CU50H,劳拉,收货,上架
AlPH1532Wh,白色 品牌12 15英寸 一体机（32吉字节内存）,一体机,品牌12,15英寸,32吉字节内存,白色,16*1*1,3,CT47H,迈克,收货,上架
MoPH27BlNa,藏青色 品牌12 270 鼠标（蓝牙）,鼠标,品牌12,270,蓝牙,藏青色,16*10*1,43,AM15B,简,收货,上架
AlYn158GSi,银色 品牌15 15英寸 一体机（8吉字节内存）,一体机,品牌15,15英寸,8吉字节内存,银色,16*1*1,5,CJ13G,简,收货,上架
LaOv1732Wh,白色 品牌13 17英寸 笔记本电脑（32吉字节内存）,笔记本电脑,品牌13,17英寸,32吉字节内存,白色,16*1*1,9,BI74E,大卫,收货,上架
MoHc35BlWh,白色 品牌09 350 鼠标（蓝牙）,鼠标,品牌09,350,蓝牙,白色,16*10*1,142,CT73E,劳拉,收货,上架
MoHc27WiPi,粉色 品牌09 270 鼠标（有线）,鼠标,品牌09,270,有线,粉色,16*10*1,6,AN81G,迈克,收货,上架
TVGn42FHWh,白色 品牌30 42英寸 电视机（全高清）,电视机,品牌30,42英寸,全高清,白色,8*1*1,7,CM40H,莎拉,收货,上架
LaSu178GBl,黑色 品牌11 17英寸 笔记本电脑（8吉字节内存）,笔记本电脑,品牌11,17英寸,8吉字节内存,黑色,16*1*1,16,DV45B,克里斯,收货,上架
LaRe178GSi,银色 品牌14 17英寸 笔记本电脑（8吉字节内存）,笔记本电脑,品牌14,17英寸,8吉字节内存,银色,16*1*1,11,AM07E,艾米丽,收货,上架
GaXESAdWh,白色 品牌06 小号 游戏椅（可调节）,游戏椅,品牌06,小号,可调节,白色,16*1*1,2,CT97A,简,收货,上架
CuQE12SlWh,白色 品牌01 1200 储物柜（滑动式）,储物柜,品牌01,1200,滑动式,白色,8*1*1,3,DG67H,迈克,收货,上架
CaWE90LoBe,米色 品牌02 900 文件柜（储物锁柜）,文件柜,品牌02,900,储物锁柜,米色,8*1*1,2,CT67E,劳拉,收货,上架
DrTE90FiGr,灰色 品牌04 900 抽屉柜（文件收纳）,抽屉柜,品牌04,900,文件收纳,灰色,8*1*1,1,CH74G,亚历克斯,收货,上架
TVGn754KBl,黑色 品牌30 75英寸 电视机（超高清）,电视机,品牌30,75英寸,超高清,黑色,8*1*1,1,DT89E,约翰,收货,上架
CuQE18SlBe,米色 品牌01 1800 储物柜（滑动式）,储物柜,品牌01,1800,滑动式,米色,8*1*1,5,CY89B,约翰,收货,上架
SPRe24HeWh,白色 品牌22 24 触控笔（六角形）,触控笔,品牌22,24,六角形,白色,48*10*5,1713,AN69B,莎拉,收货,上架
GaXESHePi,粉色 品牌06 小号 游戏椅（头枕）,游戏椅,品牌06,小号,头枕,粉色,16*1*1,1,DL19B,大卫,收货,上架
KeSu35ErBl,黑色 品牌11 350 键盘（人体工学）,键盘,品牌11,350,人体工学,黑色,16*10*1,88,CI58G,克里斯,收货,上架
PrReA3WiGr,灰色 品牌24 三号纸 打印机（无线网络）,打印机,品牌24,三号纸,无线网络,灰色,16*1*1,14,DX80A,亚历克斯,收货,上架
CuRG90DoGr,灰色 品牌03 900 储物柜（带门式）,储物柜,品牌03,900,带门式,灰色,8*1*1,8,CM41D,亚历克斯,收货,上架
OfXESHeWh,白色 品牌06 小号 办公椅（头枕）,办公椅,品牌06,小号,头枕,白色,16*1*1,4,CF55G,亚历克斯,收货,上架
SPGi12HeWh,白色 品牌21 12 触控笔（六角形）,触控笔,品牌21,12,六角形,白色,48*10*5,818,BV23C,艾米,收货,上架
OfSELLeBl,黑色 品牌08 大号 办公椅（皮革）,办公椅,品牌08,大号,皮革,黑色,16*1*1,2,AW83B,艾米,收货,上架
MoSu45BlNa,藏青色 品牌11 450 鼠标（蓝牙）,鼠标,品牌11,450,蓝牙,藏青色,16*10*1,146,AS09C,艾米,收货,上架
TVEs654KGr,灰色 品牌32 65英寸 电视机（超高清）,电视机,品牌32,65英寸,超高清,灰色,8*1*1,8,DK45G,艾米丽,收货,上架
CuTE90SlGr,灰色 品牌04 900 储物柜（滑动式）,储物柜,品牌04,900,滑动式,灰色,8*1*1,3,CF32A,劳拉,收货,上架
GaAESErWh,白色 品牌05 小号 游戏椅（人体工学）,游戏椅,品牌05,小号,人体工学,白色,16*1*1,14,CZ37H,莎拉,收货,上架
DrQE12DoBl,黑色 品牌01 1200 抽屉柜（带门式）,抽屉柜,品牌01,1200,带门式,黑色,8*1*1,4,BR24D,艾米,收货,上架
DrQE18SlBl,黑色 品牌01 1800 抽屉柜（滑动式）,抽屉柜,品牌01,1800,滑动式,黑色,8*1*1,3,BP08B,迈克,收货,上架
CaQE12FiWh,白色 品牌01 1200 文件柜（文件收纳）,文件柜,品牌01,1200,文件收纳,白色,8*1*1,7,AI26C,亚历克斯,收货,上架
NoScA4doSi,银色 品牌17 四号纸 笔记本（点阵）,笔记本,品牌17,四号纸,点阵,银色,48*10*5,1185,DV32G,大卫,收货,上架
LaOv1716Si,银色 品牌13 17英寸 笔记本电脑（16吉字节内存）,笔记本电脑,品牌13,17英寸,16吉字节内存,银色,16*1*1,2,AU75H,迈克,收货,上架
PeGi24SoWh,白色 品牌21 24 铅笔（可溶性）,铅笔,品牌21,24,可溶性,白色,48*10*5,1959,DN22B,克里斯,收货,上架
TaAE10FrGr,灰色 品牌05 1000 桌子（框架式）,桌子,品牌05,1000,框架式,灰色,8*1*1,5,AF06C,艾米丽,收货,上架
AlPH14i7Bl,黑色 品牌12 14英寸 一体机（第7代处理器）,一体机,品牌12,14英寸,第7代处理器,黑色,16*1*1,14,BW46B,莎拉,收货,上架
PrPHA4WiWh,白色 品牌12 四号纸 打印机（无线网络）,打印机,品牌12,四号纸,无线网络,白色,16*1*1,15,BN24H,莎拉,收货,上架
DrQE90FiBe,米色 品牌01 900 抽屉柜（文件收纳）,抽屉柜,品牌01,900,文件收纳,米色,8*1*1,6,DM69D,迈克,收货,上架
PrSoA4InBl,黑色 品牌25 四号纸 打印机（喷墨）,打印机,品牌25,四号纸,喷墨,黑色,16*1*1,11,CR32D,大卫,收货,上架
TVGn75SFBl,黑色 品牌30 75英寸 电视机（超级全高清）,电视机,品牌30,75英寸,超级全高清,黑色,8*1*1,7,AZ76C,简,收货,上架
LaRe158GBl,黑色 品牌14 15英寸 笔记本电脑（8吉字节内存）,笔记本电脑,品牌14,15英寸,8吉字节内存,黑色,16*1*1,12,DZ57C,亚历克斯,收货,上架
MoRe35ErPi,粉色 品牌10 350 鼠标（人体工学）,鼠标,品牌10,350,人体工学,粉色,16*10*1,141,DN31A,克里斯,收货,上架
MoRe27ErPi,粉色 品牌10 270 鼠标（人体工学）,鼠标,品牌10,270,人体工学,粉色,16*10*1,84,BT28C,亚历克斯,收货,上架
PeRe50WaGr,灰色 品牌22 50 铅笔（水彩）,铅笔,品牌22,50,水彩,灰色,48*10*5,220,CJ83E,艾米,收货,上架
AlPH148GGr,灰色 品牌12 14英寸 一体机（8吉字节内存）,一体机,品牌12,14英寸,8吉字节内存,灰色,16*1*1,3,AO74C,约翰,收货,上架
MoPH45MeWh,白色 品牌12 450 鼠标（机械式）,鼠标,品牌12,450,机械式,白色,16*10*1,117,DR36A,劳拉,收货,上架
TaCI15AdBl,黑色 品牌27 1500 桌子（可调节）,桌子,品牌27,1500,可调节,黑色,8*1*1,5,BU29B,迈克,收货,上架
PeNa12HeGr,灰色 品牌23 12 铅笔（六角形）,铅笔,品牌23,12,六角形,灰色,48*10*5,1147,BQ98G,亚历克斯,收货,上架
AlSu1416Wh,白色 品牌11 14英寸 一体机（16吉字节内存）,一体机,品牌11,14英寸,16吉字节内存,白色,16*1*1,3,BT66F,莎拉,收货,上架
CuTE90LoWh,白色 品牌04 900 储物柜（储物锁柜）,储物柜,品牌04,900,储物锁柜,白色,8*1*1,6,BL26A,简,收货,上架
AlYn17i5Gr,灰色 品牌15 17英寸 一体机（第5代处理器）,一体机,品牌15,17英寸,第5代处理器,灰色,16*1*1,3,BJ83B,简,收货,上架
LaSu14i7Bl,黑色 品牌11 14英寸 笔记本电脑（第7代处理器）,笔记本电脑,品牌11,14英寸,第7代处理器,黑色,16*1*1,13,CQ84B,大卫,收货,上架
PeNa24WaGr,灰色 品牌23 24 铅笔（水彩）,铅笔,品牌23,24,水彩,灰色,48*10*5,2123,DI80E,简,收货,上架
PeNa12HeWh,白色 品牌23 12 铅笔（六角形）,铅笔,品牌23,12,六角形,白色,48*10*5,2008,CT48A,约翰,收货,上架
NoMuA3liGr,灰色 品牌19 三号纸 笔记本（线条）,笔记本,品牌19,三号纸,线条,灰色,48*10*5,1235,BV08E,迈克,收货,上架
CuTE18DoWh,白色 品牌04 1800 储物柜（带门式）,储物柜,品牌04,1800,带门式,白色,8*1*1,5,CQ03H,大卫,收货,上架
TVGn32SFGr,灰色 品牌30 32英寸 电视机（超级全高清）,电视机,品牌30,32英寸,超级全高清,灰色,8*1*1,1,DO89C,迈克,收货,上架
OfAESHePi,粉色 品牌05 小号 办公椅（头枕）,办公椅,品牌05,小号,头枕,粉色,16*1*1,11,BQ93A,艾米丽,收货,上架
PrSoA4LaGr,灰色 品牌25 四号纸 打印机（激光）,打印机,品牌25,四号纸,激光,灰色,16*1*1,2,CX59E,约翰,收货,上架
KeSu27WiNa,藏青色 品牌11 270 键盘（有线）,键盘,品牌11,270,有线,藏青色,16*10*1,118,CP98H,亚历克斯,收货,上架
CuRG12DoWh,白色 品牌03 1200 储物柜（带门式）,储物柜,品牌03,1200,带门式,白色,8*1*1,7,CS82F,亚历克斯,收货,上架
AlOv1416Si,银色 品牌13 14英寸 一体机（16吉字节内存）,一体机,品牌13,14英寸,16吉字节内存,银色,16*1*1,6,BY26F,简,收货,上架
MoRe27MeNa,藏青色 品牌10 270 鼠标（机械式）,鼠标,品牌10,270,机械式,藏青色,16*10*1,23,AY49H,简,收货,上架
TVGL50S4Bl,黑色 品牌31 50英寸 电视机（超级超高清）,电视机,品牌31,50英寸,超级超高清,黑色,8*1*1,1,AW94E,亚历克斯,收货,上架
GaAESLeBl,黑色 品牌05 小号 游戏椅（皮革）,游戏椅,品牌05,小号,皮革,黑色,16*1*1,16,BQ12A,约翰,收货,上架
TVGn75FHGr,灰色 品牌30 75英寸 电视机（全高清）,电视机,品牌30,75英寸,全高清,灰色,8*1*1,5,DS92A,简,收货,上架
DrWE90FiGr,灰色 品牌02 900 抽屉柜（文件收纳）,抽屉柜,品牌02,900,文件收纳,灰色,8*1*1,3,CI43D,劳拉,收货,上架
DrRG12DoGr,灰色 品牌03 1200 抽屉柜（带门式）,抽屉柜,品牌03,1200,带门式,灰色,8*1*1,6,BU95G,克里斯,收货,上架
CuTE12FiBl,黑色 品牌04 1200 储物柜（文件收纳）,储物柜,品牌04,1200,文件收纳,黑色,8*1*1,6,BF09D,劳拉,收货,上架
PrPHA3AlGr,灰色 品牌12 三号纸 打印机（一体式）,打印机,品牌12,三号纸,一体式,灰色,16*1*1,4,CV70B,简,收货,上架
AlPH1432Si,银色 品牌12 14英寸 一体机（32吉字节内存）,一体机,品牌12,14英寸,32吉字节内存,银色,16*1*1,3,DQ16F,亚历克斯,收货,上架
TaAE18WoSi,银色 品牌05 1800 桌子（工作站）,桌子,品牌05,1800,工作站,银色,8*1*1,3,DI41F,劳拉,收货,上架
AlYn15i5Gr,灰色 品牌15 15英寸 一体机（第5代处理器）,一体机,品牌15,15英寸,第5代处理器,灰色,16*1*1,14,AT74E,简,收货,上架
GaSEMErWh,白色 品牌08 中号 游戏椅（人体工学）,游戏椅,品牌08,中号,人体工学,白色,16*1*1,13,CU91H,艾米丽,收货,上架
AlPH14i5Wh,白色 品牌12 14英寸 一体机（第5代处理器）,一体机,品牌12,14英寸,第5代处理器,白色,16*1*1,6,CR53D,约翰,收货,上架
OfOGLAdWh,白色 品牌07 大号 办公椅（可调节）,办公椅,品牌07,大号,可调节,白色,16*1*1,13,AI07B,约翰,收货,上架
AlOv1716Gr,灰色 品牌13 17英寸 一体机（16吉字节内存）,一体机,品牌13,17英寸,16吉字节内存,灰色,16*1*1,7,AY46B,约翰,收货,上架
CaWE90SlWh,白色 品牌02 900 文件柜（滑动式）,文件柜,品牌02,900,滑动式,白色,8*1*1,6,DM34G,大卫,收货,上架
GaAESHeBl,黑色 品牌05 小号 游戏椅（头枕）,游戏椅,品牌05,小号,头枕,黑色,16*1*1,5,CS13G,约翰,收货,上架
PeAl12SoGr,灰色 品牌20 12 铅笔（可溶性）,铅笔,品牌20,12,可溶性,灰色,48*10*5,240,AO30B,大卫,收货,上架
AlYn1532Gr,灰色 品牌15 15英寸 一体机（32吉字节内存）,一体机,品牌15,15英寸,32吉字节内存,灰色,16*1*1,8,AR72E,劳拉,收货,上架
SPRe50SoBl,黑色 品牌22 50 触控笔（可溶性）,触控笔,品牌22,50,可溶性,黑色,48*10*5,213,CI37A,约翰,收货,上架
PrSoA2InGr,灰色 品牌25 二号纸 打印机（喷墨）,打印机,品牌25,二号纸,喷墨,灰色,16*1*1,11,AI41E,劳拉,收货,上架
KeSu35MeNa,藏青色 品牌11 350 键盘（机械式）,键盘,品牌11,350,机械式,藏青色,16*10*1,94,CL39F,劳拉,收货,上架
SPNa12WaGr,灰色 品牌23 12 触控笔（水彩）,触控笔,品牌23,12,水彩,灰色,48*10*5,716,DY50D,约翰,收货,上架
PeRe24WaGr,灰色 品牌22 24 铅笔（水彩）,铅笔,品牌22,24,水彩,灰色,48*10*5,887,DL11A,劳拉,收货,上架
DrRG90DoWh,白色 品牌03 900 抽屉柜（带门式）,抽屉柜,品牌03,900,带门式,白色,8*1*1,1,AJ92D,大卫,收货,上架
LaYn15i7Si,银色 品牌15 15英寸 笔记本电脑（第7代处理器）,笔记本电脑,品牌15,15英寸,第7代处理器,银色,16*1*1,14,BJ13F,克里斯,收货,上架
PrPHA2MoWh,白色 品牌12 二号纸 打印机（黑白）,打印机,品牌12,二号纸,黑白,白色,16*1*1,14,BY49G,迈克,收货,上架
PrSoA4MoBl,黑色 品牌25 四号纸 打印机（黑白）,打印机,品牌25,四号纸,黑白,黑色,16*1*1,3,BO61G,大卫,收货,上架
KeRe27MeBl,黑色 品牌10 270 键盘（机械式）,键盘,品牌10,270,机械式,黑色,16*10*1,97,DR39B,莎拉,收货,上架
LaOv1532Wh,白色 品牌13 15英寸 笔记本电脑（32吉字节内存）,笔记本电脑,品牌13,15英寸,32吉字节内存,白色,16*1*1,3,AK70G,克里斯,收货,上架
CuWE12LoBl,黑色 品牌02 1200 储物柜（储物锁柜）,储物柜,品牌02,1200,储物锁柜,黑色,8*1*1,7,CV59H,劳拉,收货,上架
TVGL50SFWh,白色 品牌31 50英寸 电视机（超级全高清）,电视机,品牌31,50英寸,超级全高清,白色,8*1*1,6,CV23C,艾米丽,收货,上架
TaTR18WoGr,灰色 品牌29 1800 桌子（工作站）,桌子,品牌29,1800,工作站,灰色,8*1*1,3,CH04H,克里斯,收货,上架
MoPH27BlWh,白色 品牌12 270 鼠标（蓝牙）,鼠标,品牌12,270,蓝牙,白色,16*10*1,5,DV38H,莎拉,收货,上架
SPRe24HePi,粉色 品牌22 24 触控笔（六角形）,触控笔,品牌22,24,六角形,粉色,48*10*5,342,CX62C,克里斯,收货,上架
TaAE15AdWh,白色 品牌05 1500 桌子（可调节）,桌子,品牌05,1500,可调节,白色,8*1*1,8,DY58A,大卫,收货,上架
TaAE10WoWh,白色 品牌05 1000 桌子（工作站）,桌子,品牌05,1000,工作站,白色,8*1*1,7,CW81B,大卫,收货,上架
PrReA2WiWh,白色 品牌24 二号纸 打印机（无线网络）,打印机,品牌24,二号纸,无线网络,白色,16*1*1,7,DV30G,大卫,收货,上架
DrTE12FiWh,白色 品牌04 1200 抽屉柜（文件收纳）,抽屉柜,品牌04,1200,文件收纳,白色,8*1*1,1,BY85A,艾米丽,收货,上架
TVGL75SFGr,灰色 品牌31 75英寸 电视机（超级全高清）,电视机,品牌31,75英寸,超级全高清,灰色,8*1*1,3,AJ88H,克里斯,收货,上架
PrPHA3WiMi,混合色 品牌12 三号纸 打印机（无线网络）,打印机,品牌12,三号纸,无线网络,混合色,16*1*1,1,BF30B,克里斯,收货,上架
AlSu17i7Bl,黑色 品牌11 17英寸 一体机（第7代处理器）,一体机,品牌11,17英寸,第7代处理器,黑色,16*1*1,11,CZ55C,劳拉,收货,上架
DrTE90DoGr,灰色 品牌04 900 抽屉柜（带门式）,抽屉柜,品牌04,900,带门式,灰色,8*1*1,1,AL69B,大卫,收货,上架
MoHc45MeWh,白色 品牌09 450 鼠标（机械式）,鼠标,品牌09,450,机械式,白色,16*10*1,86,AQ05H,莎拉,收货,上架
PrPHA3AlMi,混合色 品牌12 三号纸 打印机（一体式）,打印机,品牌12,三号纸,一体式,混合色,16*1*1,4,CF19E,莎拉,收货,上架
AlRe158GWh,白色 品牌14 15英寸 一体机（8吉字节内存）,一体机,品牌14,15英寸,8吉字节内存,白色,16*1*1,8,DH28D,约翰,收货,上架
MoPH45WiBl,黑色 品牌12 450 鼠标（有线）,鼠标,品牌12,450,有线,黑色,16*10*1,91,CG95B,艾米,收货,上架
TVGL75FHSi,银色 品牌31 75英寸 电视机（全高清）,电视机,品牌31,75英寸,全高清,银色,8*1*1,6,BG66E,艾米丽,收货,上架
LaOv1416Gr,灰色 品牌13 14英寸 笔记本电脑（16吉字节内存）,笔记本电脑,品牌13,14英寸,16吉字节内存,灰色,16*1*1,16,DO36B,艾米丽,收货,上架
CaTE12FiWh,白色 品牌04 1200 文件柜（文件收纳）,文件柜,品牌04,1200,文件收纳,白色,8*1*1,8,BK88C,莎拉,收货,上架
AlPH14i5Bl,黑色 品牌12 14英寸 一体机（第5代处理器）,一体机,品牌12,14英寸,第5代处理器,黑色,16*1*1,3,DH94G,克里斯,收货,上架
SPNa50SoBl,黑色 品牌23 50 触控笔（可溶性）,触控笔,品牌23,50,可溶性,黑色,48*10*5,463,DH30B,简,收货,上架
AlOv1516Wh,白色 品牌13 15英寸 一体机（16吉字节内存）,一体机,品牌13,15英寸,16吉字节内存,白色,16*1*1,11,DM70A,艾米,收货,上架
AlOv1532Si,银色 品牌13 15英寸 一体机（32吉字节内存）,一体机,品牌13,15英寸,32吉字节内存,银色,16*1*1,16,CO83C,大卫,收货,上架
PrSoA3InBl,黑色 品牌25 三号纸 打印机（喷墨）,打印机,品牌25,三号纸,喷墨,黑色,16*1*1,4,BI59A,亚历克斯,收货,上架
AlRe15i5Si,银色 品牌14 15英寸 一体机（第5代处理器）,一体机,品牌14,15英寸,第5代处理器,银色,16*1*1,7,AU41F,简,收货,上架
TVYn42S4Bl,黑色 品牌15 42英寸 电视机（超级超高清）,电视机,品牌15,42英寸,超级超高清,黑色,8*1*1,4,DP92G,艾米,收货,上架
LaOv178GWh,白色 品牌13 17英寸 笔记本电脑（8吉字节内存）,笔记本电脑,品牌13,17英寸,8吉字节内存,白色,16*1*1,7,DN54H,迈克,收货,上架
CaWE12FiGr,灰色 品牌02 1200 文件柜（文件收纳）,文件柜,品牌02,1200,文件收纳,灰色,8*1*1,4,BT41C,简,收货,上架
GaOGLErBl,黑色 品牌07 大号 游戏椅（人体工学）,游戏椅,品牌07,大号,人体工学,黑色,16*1*1,14,DK83G,迈克,收货,上架
TVGn324KWh,白色 品牌30 32英寸 电视机（超高清）,电视机,品牌30,32英寸,超高清,白色,8*1*1,8,AZ11E,艾米丽,收货,上架
CaQE18LoBe,米色 品牌01 1800 文件柜（储物锁柜）,文件柜,品牌01,1800,储物锁柜,米色,8*1*1,6,DZ63C,艾米,收货,上架
LaRe1516Wh,白色 品牌14 15英寸 笔记本电脑（16吉字节内存）,笔记本电脑,品牌14,15英寸,16吉字节内存,白色,16*1*1,3,AK51B,克里斯,收货,上架
AlOv14i5Bl,黑色 品牌13 14英寸 一体机（第5代处理器）,一体机,品牌13,14英寸,第5代处理器,黑色,16*1*1,1,DM96F,迈克,收货,上架
SPRe24HeBl,黑色 品牌22 24 触控笔（六角形）,触控笔,品牌22,24,六角形,黑色,48*10*5,285,DJ92A,亚历克斯,收货,上架
CuQE12LoBe,米色 品牌01 1200 储物柜（储物锁柜）,储物柜,品牌01,1200,储物锁柜,米色,8*1*1,8,BF50D,迈克,收货,上架
AlOv15i5Gr,灰色 品牌13 15英寸 一体机（第5代处理器）,一体机,品牌13,15英寸,第5代处理器,灰色,16*1*1,16,DQ22G,迈克,收货,上架
SPAl12SoGr,灰色 品牌20 12 触控笔（可溶性）,触控笔,品牌20,12,可溶性,灰色,48*10*5,1282,AR40A,大卫,收货,上架
TVEs32S4Wh,白色 品牌32 32英寸 电视机（超级超高清）,电视机,品牌32,32英寸,超级超高清,白色,8*1*1,4,AF08G,艾米丽,收货,上架
CaQE12SlWh,白色 品牌01 1200 文件柜（滑动式）,文件柜,品牌01,1200,滑动式,白色,8*1*1,1,BV81H,亚历克斯,收货,上架
PrSoA3AlBl,黑色 品牌25 三号纸 打印机（一体式）,打印机,品牌25,三号纸,一体式,黑色,16*1*1,9,CN41C,艾米丽,收货,上架
TVEs75SFGr,灰色 品牌32 75英寸 电视机（超级全高清）,电视机,品牌32,75英寸,超级全高清,灰色,8*1*1,3,BY05G,劳拉,收货,上架
CaRG12FiBe,米色 品牌03 1200 文件柜（文件收纳）,文件柜,品牌03,1200,文件收纳,米色,8*1*1,4,CH17C,迈克,收货,上架
LaRe14i5Gr,灰色 品牌14 14英寸 笔记本电脑（第5代处理器）,笔记本电脑,品牌14,14英寸,第5代处理器,灰色,16*1*1,5,AY79H,亚历克斯,收货,上架
TVGL75SFGr,灰色 品牌31 75英寸 电视机（超级全高清）,电视机,品牌31,75英寸,超级全高清,灰色,8*1*1,3,AX65D,大卫,收货,上架
TaTR15WoWh,白色 品牌29 1500 桌子（工作站）,桌子,品牌29,1500,工作站,白色,8*1*1,3,BW43G,简,收货,上架
PrSoA2LaMi,混合色 品牌25 二号纸 打印机（激光）,打印机,品牌25,二号纸,激光,混合色,16*1*1,9,AK12H,迈克,收货,上架
OfSEMHePi,粉色 品牌08 中号 办公椅（头枕）,办公椅,品牌08,中号,头枕,粉色,16*1*1,6,CX86A,劳拉,收货,上架
NoScA4liGr,灰色 品牌17 四号纸 笔记本（线条）,笔记本,品牌17,四号纸,线条,灰色,48*10*5,1219,DW04G,亚历克斯,收货,上架
AlOv1432Si,银色 品牌13 14英寸 一体机（32吉字节内存）,一体机,品牌13,14英寸,32吉字节内存,银色,16*1*1,1,BX75B,克里斯,收货,上架
PrPHA3LaBl,黑色 品牌12 三号纸 打印机（激光）,打印机,品牌12,三号纸,激光,黑色,16*1*1,8,CI50A,艾米丽,收货,上架
DrWE12DoWh,白色 品牌02 1200 抽屉柜（带门式）,抽屉柜,品牌02,1200,带门式,白色,8*1*1,3,DY23H,劳拉,收货,上架
PeAl12SoGr,灰色 品牌20 12 铅笔（可溶性）,铅笔,品牌20,12,可溶性,灰色,48*10*5,479,AR87G,大卫,收货,上架
MoSu27MeBl,黑色 品牌11 270 鼠标（机械式）,鼠标,品牌11,270,机械式,黑色,16*10*1,39,DO92G,艾米,收货,上架
AlRe14i5Si,银色 品牌14 14英寸 一体机（第5代处理器）,一体机,品牌14,14英寸,第5代处理器,银色,16*1*1,13,CS12G,艾米,收货,上架
TVGL32FHSi,银色 品牌31 32英寸 电视机（全高清）,电视机,品牌31,32英寸,全高清,银色,8*1*1,2,BH23F,艾米丽,收货,上架
SPAl24WaPi,粉色 品牌20 24 触控笔（水彩）,触控笔,品牌20,24,水彩,粉色,48*10*5,481,DJ01A,亚历克斯,收货,上架
SPNa12WaWh,白色 品牌23 12 触控笔（水彩）,触控笔,品牌23,12,水彩,白色,48*10*5,1717,DQ27D,莎拉,收货,上架
TaTR15FrWh,白色 品牌28 1500 桌子（框架式）,桌子,品牌28,1500,框架式,白色,8*1*1,8,AQ25B,简,收货,上架
AlOv14i7Wh,白色 品牌13 14英寸 一体机（第7代处理器）,一体机,品牌13,14英寸,第7代处理器,白色,16*1*1,16,CL90A,劳拉,收货,上架
PeRe24WaGr,灰色 品牌22 24 铅笔（水彩）,铅笔,品牌22,24,水彩,灰色,48*10*5,357,AJ09B,艾米,收货,上架
CaTE18FiWh,白色 品牌04 1800 文件柜（文件收纳）,文件柜,品牌04,1800,文件收纳,白色,8*1*1,1,CU44A,大卫,收货,上架
PeNa50HeGr,灰色 品牌23 50 铅笔（六角形）,铅笔,品牌23,50,六角形,灰色,48*10*5,168,CK08D,艾米丽,收货,上架
TVGn754KSi,银色 品牌30 75英寸 电视机（超高清）,电视机,品牌30,75英寸,超高清,银色,8*1*1,8,CZ23A,亚历克斯,收货,上架
TVGL75FHGr,灰色 品牌31 75英寸 电视机（全高清）,电视机,品牌31,75英寸,全高清,灰色,8*1*1,8,DH33B,艾米,收货,上架
KeSu45WiWh,白色 品牌11 450 键盘（有线）,键盘,品牌11,450,有线,白色,16*10*1,34,CQ42B,克里斯,收货,上架
DrTE18SlBe,米色 品牌04 1800 抽屉柜（滑动式）,抽屉柜,品牌04,1800,滑动式,米色,8*1*1,7,DX84C,约翰,收货,上架
KeHc45WiBl,黑色 品牌09 450 键盘（有线）,键盘,品牌09,450,有线,黑色,16*10*1,119,CY43D,亚历克斯,收货,上架
SPAl50WaPi,粉色 品牌20 50 触控笔（水彩）,触控笔,品牌20,50,水彩,粉色,48*10*5,868,BK85H,艾米丽,收货,上架
OfXESLeGr,灰色 品牌06 小号 办公椅（皮革）,办公椅,品牌06,小号,皮革,灰色,16*1*1,10,BG88D,约翰,收货,上架
CaTE90SlWh,白色 品牌04 900 文件柜（滑动式）,文件柜,品牌04,900,滑动式,白色,8*1*1,2,CX42F,艾米丽,收货,上架
TaTR18FrGr,灰色 品牌28 1800 桌子（框架式）,桌子,品牌28,1800,框架式,灰色,8*1*1,1,AU32H,劳拉,收货,上架
TaAE18WoWh,白色 品牌05 1800 桌子（工作站）,桌子,品牌05,1800,工作站,白色,8*1*1,6,CP67C,劳拉,收货,上架
MoHc45ErNa,藏青色 品牌09 450 鼠标（人体工学）,鼠标,品牌09,450,人体工学,藏青色,16*10*1,159,CO03D,迈克,收货,上架
TVEs654KWh,白色 品牌32 65英寸 电视机（超高清）,电视机,品牌32,65英寸,超高清,白色,8*1*1,3,BG20H,简,收货,上架
GaSEMLeGr,灰色 品牌08 中号 游戏椅（皮革）,游戏椅,品牌08,中号,皮革,灰色,16*1*1,2,DW38G,艾米丽,收货,上架
LaYn15i5Wh,白色 品牌15 15英寸 笔记本电脑（第5代处理器）,笔记本电脑,品牌15,15英寸,第5代处理器,白色,16*1*1,7,CH74G,艾米丽,收货,上架
MoHc35ErPi,粉色 品牌09 350 鼠标（人体工学）,鼠标,品牌09,350,人体工学,粉色,16*10*1,149,CI43A,简,收货,上架
NoMuA5liBl,黑色 品牌19 五号纸 笔记本（线条）,笔记本,品牌19,五号纸,线条,黑色,48*10*5,1504,AM40D,亚历克斯,收货,上架
CaTE12FiWh,白色 品牌04 1200 文件柜（文件收纳）,文件柜,品牌04,1200,文件收纳,白色,8*1*1,7,CV80C,迈克,收货,上架
AlRe15i5Bl,黑色 品牌14 15英寸 一体机（第5代处理器）,一体机,品牌14,15英寸,第5代处理器,黑色,16*1*1,16,BM47C,莎拉,收货,上架
PeAl50SoWh,白色 品牌20 50 铅笔（可溶性）,铅笔,品牌20,50,可溶性,白色,48*10*5,1427,AJ05F,迈克,收货,上架
GaOGMErGr,灰色 品牌07 中号 游戏椅（人体工学）,游戏椅,品牌07,中号,人体工学,灰色,16*1*1,11,AV31G,克里斯,收货,上架
OfXEMLeWh,白色 品牌06 中号 办公椅（皮革）,办公椅,品牌06,中号,皮革,白色,16*1*1,2,BY46C,简,收货,上架
GaXESErBl,黑色 品牌06 小号 游戏椅（人体工学）,游戏椅,品牌06,小号,人体工学,黑色,16*1*1,6,AQ57C,大卫,收货,上架
PrSoA4AlMi,混合色 品牌25 四号纸 打印机（一体式）,打印机,品牌25,四号纸,一体式,混合色,16*1*1,15,CH75A,克里斯,收货,上架
LaRe178GSi,银色 品牌14 17英寸 笔记本电脑（8吉字节内存）,笔记本电脑,品牌14,17英寸,8吉字节内存,银色,16*1*1,13,DL68H,艾米丽,收货,上架
TaAE10WoGr,灰色 品牌05 1000 桌子（工作站）,桌子,品牌05,1000,工作站,灰色,8*1*1,7,DK35B,迈克,收货,上架
NoGrA5liWh,白色 品牌18 五号纸 笔记本（线条）,笔记本,品牌18,五号纸,线条,白色,48*10*5,1382,DF21C,约翰,收货,上架
MoPH45ErNa,藏青色 品牌12 450 鼠标（人体工学）,鼠标,品牌12,450,人体工学,藏青色,16*10*1,57,CU57A,亚历克斯,收货,上架
DrQE18LoBl,黑色 品牌01 1800 抽屉柜（储物锁柜）,抽屉柜,品牌01,1800,储物锁柜,黑色,8*1*1,5,AI63E,克里斯,收货,上架
AlOv14i7Gr,灰色 品牌13 14英寸 一体机（第7代处理器）,一体机,品牌13,14英寸,第7代处理器,灰色,16*1*1,1,CM95E,亚历克斯,收货,上架
LaSu1716Gr,灰色 品牌11 17英寸 笔记本电脑（16吉字节内存）,笔记本电脑,品牌11,17英寸,16吉字节内存,灰色,16*1*1,15,AO50C,迈克,收货,上架
TaTR10FrWh,白色 品牌28 1000 桌子（框架式）,桌子,品牌28,1000,框架式,白色,8*1*1,2,CS54C,劳拉,收货,上架
PrSoA3WiBl,黑色 品牌25 三号纸 打印机（无线网络）,打印机,品牌25,三号纸,无线网络,黑色,16*1*1,4,BP71A,莎拉,收货,上架
MoRe45ErBl,黑色 品牌10 450 鼠标（人体工学）,鼠标,品牌10,450,人体工学,黑色,16*10*1,131,DV28C,大卫,收货,上架
AlPH1732Si,银色 品牌12 17英寸 一体机（32吉字节内存）,一体机,品牌12,17英寸,32吉字节内存,银色,16*1*1,7,CP74D,简,收货,上架
LaRe1432Bl,黑色 品牌14 14英寸 笔记本电脑（32吉字节内存）,笔记本电脑,品牌14,14英寸,32吉字节内存,黑色,16*1*1,10,CJ40E,劳拉,收货,上架
LaPH15i5Si,银色 品牌12 15英寸 笔记本电脑（第5代处理器）,笔记本电脑,品牌12,15英寸,第5代处理器,银色,16*1*1,5,DX05C,大卫,收货,上架
PrReA3MoBl,黑色 品牌24 三号纸 打印机（黑白）,打印机,品牌24,三号纸,黑白,黑色,16*1*1,5,AH11A,莎拉,收货,上架
TVEs32FHWh,白色 品牌32 32英寸 电视机（全高清）,电视机,品牌32,32英寸,全高清,白色,8*1*1,4,BR85A,艾米丽,收货,上架
NoExA4liWh,白色 品牌16 四号纸 笔记本（线条）,笔记本,品牌16,四号纸,线条,白色,48*10*5,1409,AF63D,劳拉,收货,上架
TVGn50FHWh,白色 品牌30 50英寸 电视机（全高清）,电视机,品牌30,50英寸,全高清,白色,8*1*1,3,DO67D,简,收货,上架
TVGL75FHBl,黑色 品牌31 75英寸 电视机（全高清）,电视机,品牌31,75英寸,全高清,黑色,8*1*1,6,CI93B,艾米丽,收货,上架
AlOv178GWh,白色 品牌13 17英寸 一体机（8吉字节内存）,一体机,品牌13,17英寸,8吉字节内存,白色,16*1*1,7,BH29A,莎拉,收货,上架
TVGn32SFWh,白色 品牌30 32英寸 电视机（超级全高清）,电视机,品牌30,32英寸,超级全高清,白色,8*1*1,2,BX18H,迈克,收货,上架
KePH27WiPi,粉色 品牌12 270 键盘（有线）,键盘,品牌12,270,有线,粉色,16*10*1,27,BP37F,亚历克斯,收货,上架
TVYn504KWh,白色 品牌15 50英寸 电视机（超高清）,电视机,品牌15,50英寸,超高清,白色,8*1*1,8,BH41B,劳拉,收货,上架
AlPH1716Gr,灰色 品牌12 17英寸 一体机（16吉字节内存）,一体机,品牌12,17英寸,16吉字节内存,灰色,16*1*1,8,CI39A,莎拉,收货,上架
MoRe35BlWh,白色 品牌10 350 鼠标（蓝牙）,鼠标,品牌10,350,蓝牙,白色,16*10*1,125,DG30G,简,收货,上架
LaYn1532Bl,黑色 品牌15 15英寸 笔记本电脑（32吉字节内存）,笔记本电脑,品牌15,15英寸,32吉字节内存,黑色,16*1*1,12,AJ18C,亚历克斯,收货,上架
GaSELHeBl,黑色 品牌08 大号 游戏椅（头枕）,游戏椅,品牌08,大号,头枕,黑色,16*1*1,13,AR55G,莎拉,收货,上架
CaTE90FiGr,灰色 品牌04 900 文件柜（文件收纳）,文件柜,品牌04,900,文件收纳,灰色,8*1*1,1,DG43C,艾米,收货,上架
MoHc45ErNa,藏青色 品牌09 450 鼠标（人体工学）,鼠标,品牌09,450,人体工学,藏青色,16*10*1,156,DQ46C,莎拉,收货,上架
AlSu1516Gr,灰色 品牌11 15英寸 一体机（16吉字节内存）,一体机,品牌11,15英寸,16吉字节内存,灰色,16*1*1,9,AH08D,克里斯,收货,上架
GaAESErPi,粉色 品牌05 小号 游戏椅（人体工学）,游戏椅,品牌05,小号,人体工学,粉色,16*1*1,6,DX19G,亚历克斯,收货,上架
TVEs42FHSi,银色 品牌32 42英寸 电视机（全高清）,电视机,品牌32,42英寸,全高清,银色,8*1*1,6,DP74D,克里斯,收货,上架
PrNoA3InGr,灰色 品牌26 三号纸 打印机（喷墨）,打印机,品牌26,三号纸,喷墨,灰色,16*1*1,5,CM05A,约翰,收货,上架
TaAE18AdBl,黑色 品牌05 1800 桌子（可调节）,桌子,品牌05,1800,可调节,黑色,8*1*1,7,CG67F,亚历克斯,收货,上架
TaCI10FrGr,灰色 品牌27 1000 桌子（框架式）,桌子,品牌27,1000,框架式,灰色,8*1*1,3,AG54E,劳拉,收货,上架
AlOv17i7Gr,灰色 品牌13 17英寸 一体机（第7代处理器）,一体机,品牌13,17英寸,第7代处理器,灰色,16*1*1,2,AV57H,迈克,收货,上架
SPNa50WaGr,灰色 品牌23 50 触控笔（水彩）,触控笔,品牌23,50,水彩,灰色,48*10*5,1281,AN53F,简,收货,上架
LaOv14i7Si,银色 品牌13 14英寸 笔记本电脑（第7代处理器）,笔记本电脑,品牌13,14英寸,第7代处理器,银色,16*1*1,4,CV39C,大卫,收货,上架
OfXEMAdGr,灰色 品牌06 中号 办公椅（可调节）,办公椅,品牌06,中号,可调节,灰色,16*1*1,16,AS09C,克里斯,收货,上架
TVYn42SFWh,白色 品牌15 42英寸 电视机（超级全高清）,电视机,品牌15,42英寸,超级全高清,白色,8*1*1,3,AX17B,劳拉,收货,上架
TVGL754KBl,黑色 品牌31 75英寸 电视机（超高清）,电视机,品牌31,75英寸,超高清,黑色,8*1*1,4,CU92A,艾米,收货,上架
PeGi12WaBl,黑色 品牌21 12 铅笔（水彩）,铅笔,品牌21,12,水彩,黑色,48*10*5,1639,CP97H,劳拉,收货,上架
AlYn15i7Wh,白色 品牌15 15英寸 一体机（第7代处理器）,一体机,品牌15,15英寸,第7代处理器,白色,16*1*1,3,DL50F,莎拉,收货,上架
CuRG90FiBl,黑色 品牌03 900 储物柜（文件收纳）,储物柜,品牌03,900,文件收纳,黑色,8*1*1,4,DP67B,大卫,收货,上架
SPGi50SoBl,黑色 品牌21 50 触控笔（可溶性）,触控笔,品牌21,50,可溶性,黑色,48*10*5,1176,AQ49C,简,收货,上架
TVGL75SFSi,银色 品牌31 75英寸 电视机（超级全高清）,电视机,品牌31,75英寸,超级全高清,银色,8*1*1,6,DF46C,艾米,收货,上架
MoSu27ErPi,粉色 品牌11 270 鼠标（人体工学）,鼠标,品牌11,270,人体工学,粉色,16*10*1,43,AZ26H,劳拉,收货,上架
TVGn75FHGr,灰色 品牌30 75英寸 电视机（全高清）,电视机,品牌30,75英寸,全高清,灰色,8*1*1,7,DN38A,大卫,收货,上架
PrSoA3AlBl,黑色 品牌25 三号纸 打印机（一体式）,打印机,品牌25,三号纸,一体式,黑色,16*1*1,11,CF63E,约翰,收货,上架
NoMuA3doBl,黑色 品牌19 三号纸 笔记本（点阵）,笔记本,品牌19,三号纸,点阵,黑色,48*10*5,1560,BH93D,劳拉,收货,上架
TVGn65SFSi,银色 品牌30 65英寸 电视机（超级全高清）,电视机,品牌30,65英寸,超级全高清,银色,8*1*1,2,BU74A,劳拉,收货,上架
TVYn754KGr,灰色 品牌15 75英寸 电视机（超高清）,电视机,品牌15,75英寸,超高清,灰色,8*1*1,3,AI67D,莎拉,收货,上架
SPRe50SoWh,白色 品牌22 50 触控笔（可溶性）,触控笔,品牌22,50,可溶性,白色,48*10*5,1976,CG58G,劳拉,收货,上架
TVEs32FHSi,银色 品牌32 32英寸 电视机（全高清）,电视机,品牌32,32英寸,全高清,银色,8*1*1,7,DJ12H,克里斯,收货,上架
NoMuA4doWh,白色 品牌19 四号纸 笔记本（点阵）,笔记本,品牌19,四号纸,点阵,白色,48*10*5,404,AM68H,艾米,收货,上架
LaYn148GGr,灰色 品牌15 14英寸 笔记本电脑（8吉字节内存）,笔记本电脑,品牌15,14英寸,8吉字节内存,灰色,16*1*1,14,BT24H,大卫,收货,上架
PeRe12HePi,粉色 品牌22 12 铅笔（六角形）,铅笔,品牌22,12,六角形,粉色,48*10*5,1043,AM84D,亚历克斯,收货,上架
AlYn14i7Bl,黑色 品牌15 14英寸 一体机（第7代处理器）,一体机,品牌15,14英寸,第7代处理器,黑色,16*1*1,3,AJ49B,艾米丽,收货,上架
TVGn65S4Bl,黑色 品牌30 65英寸 电视机（超级超高清）,电视机,品牌30,65英寸,超级超高清,黑色,8*1*1,8,CN11H,迈克,收货,上架
TVYn324KBl,黑色 品牌15 32英寸 电视机（超高清）,电视机,品牌15,32英寸,超高清,黑色,8*1*1,1,AI35C,艾米,收货,上架
SPRe50HeBl,黑色 品牌22 50 触控笔（六角形）,触控笔,品牌22,50,六角形,黑色,48*10*5,1387,AR42E,艾米,收货,上架
LaSu1432Si,银色 品牌11 14英寸 笔记本电脑（32吉字节内存）,笔记本电脑,品牌11,14英寸,32吉字节内存,银色,16*1*1,16,BG03A,迈克,收货,上架
KePH45BlBl,黑色 品牌12 450 键盘（蓝牙）,键盘,品牌12,450,蓝牙,黑色,16*10*1,39,DK04D,克里斯,收货,上架
OfSEMAdPi,粉色 品牌08 中号 办公椅（可调节）,办公椅,品牌08,中号,可调节,粉色,16*1*1,12,BK89C,莎拉,收货,上架
KeSu45WiNa,藏青色 品牌11 450 键盘（有线）,键盘,品牌11,450,有线,藏青色,16*10*1,12,CK67C,约翰,收货,上架
TVGL754KWh,白色 品牌31 75英寸 电视机（超高清）,电视机,品牌31,75英寸,超高清,白色,8*1*1,6,CM79F,克里斯,收货,上架
TaTR10AdGr,灰色 品牌29 1000 桌子（可调节）,桌子,品牌29,1000,可调节,灰色,8*1*1,4,CT44F,大卫,收货,上架
TaAE18FrGr,灰色 品牌05 1800 桌子（框架式）,桌子,品牌05,1800,框架式,灰色,8*1*1,2,DZ46B,大卫,收货,上架
PrNoA3LaGr,灰色 品牌26 三号纸 打印机（激光）,打印机,品牌26,三号纸,激光,灰色,16*1*1,16,BF49F,劳拉,收货,上架
PrPHA3MoWh,白色 品牌12 三号纸 打印机（黑白）,打印机,品牌12,三号纸,黑白,白色,16*1*1,16,CK55B,劳拉,收货,上架
NoGrA3liBl,黑色 品牌18 三号纸 笔记本（线条）,笔记本,品牌18,三号纸,线条,黑色,48*10*5,2367,CR24D,约翰,收货,上架
TVGL654KWh,白色 品牌31 65英寸 电视机（超高清）,电视机,品牌31,65英寸,超高清,白色,8*1*1,7,CW78C,劳拉,收货,上架
CaRG90LoBe,米色 品牌03 900 文件柜（储物锁柜）,文件柜,品牌03,900,储物锁柜,米色,8*1*1,1,BS66D,克里斯,收货,上架
PeNa24HeBl,黑色 品牌23 24 铅笔（六角形）,铅笔,品牌23,24,六角形,黑色,48*10*5,2378,AS21F,莎拉,收货,上架
TVEs50S4Si,银色 品牌32 50英寸 电视机（超级超高清）,电视机,品牌32,50英寸,超级超高清,银色,8*1*1,7,DR37G,克里斯,收货,上架
DrQE18SlWh,白色 品牌01 1800 抽屉柜（滑动式）,抽屉柜,品牌01,1800,滑动式,白色,8*1*1,3,BO51C,约翰,收货,上架
CuRG90FiBe,米色 品牌03 900 储物柜（文件收纳）,储物柜,品牌03,900,文件收纳,米色,8*1*1,6,CJ35D,约翰,收货,上架
KeRe27BlPi,粉色 品牌10 270 键盘（蓝牙）,键盘,品牌10,270,蓝牙,粉色,16*10*1,159,DT20E,克里斯,收货,上架
PrSoA4LaWh,白色 品牌25 四号纸 打印机（激光）,打印机,品牌25,四号纸,激光,白色,16*1*1,2,CH29E,克里斯,收货,上架
MoPH27ErNa,藏青色 品牌12 270 鼠标（人体工学）,鼠标,品牌12,270,人体工学,藏青色,16*10*1,88,BI89D,克里斯,收货,上架
LaYn148GWh,白色 品牌15 14英寸 笔记本电脑（8吉字节内存）,笔记本电脑,品牌15,14英寸,8吉字节内存,白色,16*1*1,11,CU62H,克里斯,收货,上架
GaAELErPi,粉色 品牌05 大号 游戏椅（人体工学）,游戏椅,品牌05,大号,人体工学,粉色,16*1*1,14,AI57C,艾米,收货,上架
MoHc35BlPi,粉色 品牌09 350 鼠标（蓝牙）,鼠标,品牌09,350,蓝牙,粉色,16*10*1,32,DL47G,亚历克斯,收货,上架
LaYn14i7Bl,黑色 品牌15 14英寸 笔记本电脑（第7代处理器）,笔记本电脑,品牌15,14英寸,第7代处理器,黑色,16*1*1,13,BW30F,劳拉,收货,上架
CuRG90LoWh,白色 品牌03 900 储物柜（储物锁柜）,储物柜,品牌03,900,储物锁柜,白色,8*1*1,1,AW41D,艾米丽,收货,上架
AlSu148GSi,银色 品牌11 14英寸 一体机（8吉字节内存）,一体机,品牌11,14英寸,8吉字节内存,银色,16*1*1,2,DT43B,简,收货,上架
CuRG90DoGr,灰色 品牌03 900 储物柜（带门式）,储物柜,品牌03,900,带门式,灰色,8*1*1,2,BK22E,约翰,收货,上架
AlSu1732Si,银色 品牌11 17英寸 一体机（32吉字节内存）,一体机,品牌11,17英寸,32吉字节内存,银色,16*1*1,5,CL67D,艾米丽,收货,上架
TVYn50SFBl,黑色 品牌15 50英寸 电视机（超级全高清）,电视机,品牌15,50英寸,超级全高清,黑色,8*1*1,7,CO98A,约翰,收货,上架
TVYn50FHSi,银色 品牌15 50英寸 电视机（全高清）,电视机,品牌15,50英寸,全高清,银色,8*1*1,8,AW61H,简,收货,上架
OfSESErBl,黑色 品牌08 小号 办公椅（人体工学）,办公椅,品牌08,小号,人体工学,黑色,16*1*1,9,CN49D,约翰,收货,上架
MoPH35MePi,粉色 品牌12 350 鼠标（机械式）,鼠标,品牌12,350,机械式,粉色,16*10*1,150,BW15C,迈克,收货,上架
LaOv1732Gr,灰色 品牌13 17英寸 笔记本电脑（32吉字节内存）,笔记本电脑,品牌13,17英寸,32吉字节内存,灰色,16*1*1,3,CO81F,迈克,收货,上架
KeSu45BlWh,白色 品牌11 450 键盘（蓝牙）,键盘,品牌11,450,蓝牙,白色,16*10*1,89,DX08H,克里斯,收货,上架
OfXELAdGr,灰色 品牌06 大号 办公椅（可调节）,办公椅,品牌06,大号,可调节,灰色,16*1*1,14,CV70H,大卫,收货,上架
DrRG18LoBe,米色 品牌03 1800 抽屉柜（储物锁柜）,抽屉柜,品牌03,1800,储物锁柜,米色,8*1*1,4,CR88D,亚历克斯,收货,上架
GaOGLLeWh,白色 品牌07 大号 游戏椅（皮革）,游戏椅,品牌07,大号,皮革,白色,16*1*1,2,BJ81C,艾米,收货,上架
DrQE12SlWh,白色 品牌01 1200 抽屉柜（滑动式）,抽屉柜,品牌01,1200,滑动式,白色,8*1*1,2,BK54C,艾米,收货,上架
LaPH1532Bl,黑色 品牌12 15英寸 笔记本电脑（32吉字节内存）,笔记本电脑,品牌12,15英寸,32吉字节内存,黑色,16*1*1,10,DU35F,简,收货,上架
TVGn50S4Wh,白色 品牌30 50英寸 电视机（超级超高清）,电视机,品牌30,50英寸,超级超高清,白色,8*1*1,1,AK53G,艾米,收货,上架
CuQE90DoGr,灰色 品牌01 900 储物柜（带门式）,储物柜,品牌01,900,带门式,灰色,8*1*1,5,CI15F,克里斯,收货,上架
OfXEMErBl,黑色 品牌06 中号 办公椅（人体工学）,办公椅,品牌06,中号,人体工学,黑色,16*1*1,5,CH69C,约翰,收货,上架
OfSEMErPi,粉色 品牌08 中号 办公椅（人体工学）,办公椅,品牌08,中号,人体工学,粉色,16*1*1,1,CP26G,克里斯,收货,上架
MoHc27ErPi,粉色 品牌09 270 鼠标（人体工学）,鼠标,品牌09,270,人体工学,粉色,16*10*1,96,CX02E,亚历克斯,收货,上架
OfAEMAdPi,粉色 品牌05 中号 办公椅（可调节）,办公椅,品牌05,中号,可调节,粉色,16*1*1,1,AM53G,克里斯,收货,上架
SPNa24HePi,粉色 品牌23 24 触控笔（六角形）,触控笔,品牌23,24,六角形,粉色,48*10*5,2335,CU31B,劳拉,收货,上架
OfOGMHeWh,白色 品牌07 中号 办公椅（头枕）,办公椅,品牌07,中号,头枕,白色,16*1*1,16,CY32G,大卫,收货,上架
TVEs75S4Gr,灰色 品牌32 75英寸 电视机（超级超高清）,电视机,品牌32,75英寸,超级超高清,灰色,8*1*1,2,CS76F,约翰,收货,上架
CuWE18LoWh,白色 品牌02 1800 储物柜（储物锁柜）,储物柜,品牌02,1800,储物锁柜,白色,8*1*1,1,BK18A,大卫,收货,上架
TVGn424KGr,灰色 品牌30 42英寸 电视机（超高清）,电视机,品牌30,42英寸,超高清,灰色,8*1*1,5,DQ42D,简,收货,上架
LaRe148GWh,白色 品牌14 14英寸 笔记本电脑（8吉字节内存）,笔记本电脑,品牌14,14英寸,8吉字节内存,白色,16*1*1,1,CH67F,艾米丽,收货,上架
AlYn1732Si,银色 品牌15 17英寸 一体机（32吉字节内存）,一体机,品牌15,17英寸,32吉字节内存,银色,16*1*1,14,DL13F,约翰,收货,上架
AlYn1432Si,银色 品牌15 14英寸 一体机（32吉字节内存）,一体机,品牌15,14英寸,32吉字节内存,银色,16*1*1,13,CJ19H,大卫,收货,上架
NoScA5ruWh,白色 品牌17 五号纸 笔记本（横线）,笔记本,品牌17,五号纸,横线,白色,48*10*5,474,DO94H,大卫,收货,上架
KeSu45MePi,粉色 品牌11 450 键盘（机械式）,键盘,品牌11,450,机械式,粉色,16*10*1,24,DU88A,简,收货,上架
MoPH27MeNa,藏青色 品牌12 270 鼠标（机械式）,鼠标,品牌12,270,机械式,藏青色,16*10*1,135,AG44E,艾米丽,收货,上架
OfSEMAdGr,灰色 品牌08 中号 办公椅（可调节）,办公椅,品牌08,中号,可调节,灰色,16*1*1,14,AY92A,艾米,收货,上架
PeAl24SoGr,灰色 品牌20 24 铅笔（可溶性）,铅笔,品牌20,24,可溶性,灰色,48*10*5,1179,DY95C,克里斯,收货,上架
KeHc35ErBl,黑色 品牌09 350 键盘（人体工学）,键盘,品牌09,350,人体工学,黑色,16*10*1,103,DW60C,约翰,收货,上架
CuQE90FiGr,灰色 品牌01 900 储物柜（文件收纳）,储物柜,品牌01,900,文件收纳,灰色,8*1*1,8,BL73A,亚历克斯,收货,上架
TaTR18WoBl,黑色 品牌29 1800 桌子（工作站）,桌子,品牌29,1800,工作站,黑色,8*1*1,1,DS21C,简,收货,上架
KeRe27MePi,粉色 品牌10 270 键盘（机械式）,键盘,品牌10,270,机械式,粉色,16*10*1,149,DN40H,简,收货,上架
CaQE18SlBe,米色 品牌01 1800 文件柜（滑动式）,文件柜,品牌01,1800,滑动式,米色,8*1*1,5,DV22A,迈克,收货,上架
TaAE15AdWh,白色 品牌05 1500 桌子（可调节）,桌子,品牌05,1500,可调节,白色,8*1*1,7,CQ04H,简,收货,上架
CuQE18FiBl,黑色 品牌01 1800 储物柜（文件收纳）,储物柜,品牌01,1800,文件收纳,黑色,8*1*1,1,BF35C,约翰,收货,上架
TVYn65S4Si,银色 品牌15 65英寸 电视机（超级超高清）,电视机,品牌15,65英寸,超级超高清,银色,8*1*1,8,BY18E,劳拉,收货,上架
CuWE90DoWh,白色 品牌02 900 储物柜（带门式）,储物柜,品牌02,900,带门式,白色,8*1*1,8,CW62H,莎拉,收货,上架
CuWE18FiWh,白色 品牌02 1800 储物柜（文件收纳）,储物柜,品牌02,1800,文件收纳,白色,8*1*1,6,DV45A,简,收货,上架
LaRe158GSi,银色 品牌14 15英寸 笔记本电脑（8吉字节内存）,笔记本电脑,品牌14,15英寸,8吉字节内存,银色,16*1*1,3,CF57C,莎拉,收货,上架
NoScA5ruGr,灰色 品牌17 五号纸 笔记本（横线）,笔记本,品牌17,五号纸,横线,灰色,48*10*5,1298,AZ94G,艾米,收货,上架
GaXESErGr,灰色 品牌06 小号 游戏椅（人体工学）,游戏椅,品牌06,小号,人体工学,灰色,16*1*1,6,BZ73B,简,收货,上架
LaRe158GSi,银色 品牌14 15英寸 笔记本电脑（8吉字节内存）,笔记本电脑,品牌14,15英寸,8吉字节内存,银色,16*1*1,6,DU94D,亚历克斯,收货,上架
TVGL42FHGr,灰色 品牌31 42英寸 电视机（全高清）,电视机,品牌31,42英寸,全高清,灰色,8*1*1,4,AT29A,亚历克斯,收货,上架
AlPH15i5Wh,白色 品牌12 15英寸 一体机（第5代处理器）,一体机,品牌12,15英寸,第5代处理器,白色,16*1*1,10,BG28H,约翰,收货,上架
NoScA4doSi,银色 品牌17 四号纸 笔记本（点阵）,笔记本,品牌17,四号纸,点阵,银色,48*10*5,808,DZ59E,劳拉,收货,上架
TaCI15FrWh,白色 品牌27 1500 桌子（框架式）,桌子,品牌27,1500,框架式,白色,8*1*1,2,BJ33D,约翰,收货,上架
KeHc45MePi,粉色 品牌09 450 键盘（机械式）,键盘,品牌09,450,机械式,粉色,16*10*1,5,AP10G,劳拉,收货,上架
KePH35MeBl,黑色 品牌12 350 键盘（机械式）,键盘,品牌12,350,机械式,黑色,16*10*1,34,DH10G,艾米,收货,上架
GaSELErBl,黑色 品牌08 大号 游戏椅（人体工学）,游戏椅,品牌08,大号,人体工学,黑色,16*1*1,14,CG52C,艾米,收货,上架
PrSoA2LaWh,白色 品牌25 二号纸 打印机（激光）,打印机,品牌25,二号纸,激光,白色,16*1*1,3,DF59C,劳拉,收货,上架
LaSu1516Bl,黑色 品牌11 15英寸 笔记本电脑（16吉字节内存）,笔记本电脑,品牌11,15英寸,16吉字节内存,黑色,16*1*1,5,DH30A,克里斯,收货,上架
SPRe24WaGr,灰色 品牌22 24 触控笔（水彩）,触控笔,品牌22,24,水彩,灰色,48*10*5,2030,DL25H,简,收货,上架
CaTE12LoBe,米色 品牌04 1200 文件柜（储物锁柜）,文件柜,品牌04,1200,储物锁柜,米色,8*1*1,3,BH90E,亚历克斯,收货,上架
MoRe45WiBl,黑色 品牌10 450 鼠标（有线）,鼠标,品牌10,450,有线,黑色,16*10*1,99,DU75G,艾米,收货,上架
PrSoA3LaWh,白色 品牌25 三号纸 打印机（激光）,打印机,品牌25,三号纸,激光,白色,16*1*1,9,AY19B,简,收货,上架
OfXESErWh,白色 品牌06 小号 办公椅（人体工学）,办公椅,品牌06,小号,人体工学,白色,16*1*1,13,DT96A,克里斯,收货,上架
KeHc45BlNa,藏青色 品牌09 450 键盘（蓝牙）,键盘,品牌09,450,蓝牙,藏青色,16*10*1,136,BS49D,亚历克斯,收货,上架
LaPH1416Si,银色 品牌12 14英寸 笔记本电脑（16吉字节内存）,笔记本电脑,品牌12,14英寸,16吉字节内存,银色,16*1*1,2,AX43A,艾米丽,收货,上架
LaPH17i7Bl,黑色 品牌12 17英寸 笔记本电脑（第7代处理器）,笔记本电脑,品牌12,17英寸,第7代处理器,黑色,16*1*1,7,CR63G,艾米丽,收货,上架
LaYn1532Bl,黑色 品牌15 15英寸 笔记本电脑（32吉字节内存）,笔记本电脑,品牌15,15英寸,32吉字节内存,黑色,16*1*1,3,CJ21G,艾米丽,收货,上架
GaAEMAdPi,粉色 品牌05 中号 游戏椅（可调节）,游戏椅,品牌05,中号,可调节,粉色,16*1*1,1,CZ61E,克里斯,收货,上架
CaWE90FiBl,黑色 品牌02 900 文件柜（文件收纳）,文件柜,品牌02,900,文件收纳,黑色,8*1*1,3,AX51A,克里斯,收货,上架
SPAl24HePi,粉色 品牌20 24 触控笔（六角形）,触控笔,品牌20,24,六角形,粉色,48*10*5,1928,BK37C,亚历克斯,收货,上架
PrNoA3MoWh,白色 品牌26 三号纸 打印机（黑白）,打印机,品牌26,三号纸,黑白,白色,16*1*1,13,CL49H,约翰,收货,上架
PeRe12SoPi,粉色 品牌22 12 铅笔（可溶性）,铅笔,品牌22,12,可溶性,粉色,48*10*5,568,AR53H,艾米,收货,上架
TVEs42S4Bl,黑色 品牌32 42英寸 电视机（超级超高清）,电视机,品牌32,42英寸,超级超高清,黑色,8*1*1,8,CK64C,大卫,收货,上架
PrReA4InWh,白色 品牌24 四号纸 打印机（喷墨）,打印机,品牌24,四号纸,喷墨,白色,16*1*1,5,CY61H,莎拉,收货,上架
PrSoA2WiWh,白色 品牌25 二号纸 打印机（无线网络）,打印机,品牌25,二号纸,无线网络,白色,16*1*1,5,BZ88A,简,收货,上架
CaQE90LoBl,黑色 品牌01 900 文件柜（储物锁柜）,文件柜,品牌01,900,储物锁柜,黑色,8*1*1,2,DP35F,迈克,收货,上架
NoMuA4doBl,黑色 品牌19 四号纸 笔记本（点阵）,笔记本,品牌19,四号纸,点阵,黑色,48*10*5,1909,AX71F,亚历克斯,收货,上架
OfAELErGr,灰色 品牌05 大号 办公椅（人体工学）,办公椅,品牌05,大号,人体工学,灰色,16*1*1,16,CL87C,莎拉,收货,上架
OfAELHeBl,黑色 品牌05 大号 办公椅（头枕）,办公椅,品牌05,大号,头枕,黑色,16*1*1,9,CV50D,艾米,收货,上架
GaOGMErWh,白色 品牌07 中号 游戏椅（人体工学）,游戏椅,品牌07,中号,人体工学,白色,16*1*1,6,AT84D,艾米丽,收货,上架
SPAl50WaWh,白色 品牌20 50 触控笔（水彩）,触控笔,品牌20,50,水彩,白色,48*10*5,1562,CF08A,莎拉,收货,上架
AlRe17i5Bl,黑色 品牌14 17英寸 一体机（第5代处理器）,一体机,品牌14,17英寸,第5代处理器,黑色,16*1*1,2,CO34E,简,收货,上架
CuWE12SlWh,白色 品牌02 1200 储物柜（滑动式）,储物柜,品牌02,1200,滑动式,白色,8*1*1,5,AR73C,迈克,收货,上架
PrNoA3InBl,黑色 品牌26 三号纸 打印机（喷墨）,打印机,品牌26,三号纸,喷墨,黑色,16*1*1,3,DT01E,劳拉,收货,上架
CaQE12DoBe,米色 品牌01 1200 文件柜（带门式）,文件柜,品牌01,1200,带门式,米色,8*1*1,2,CO57F,亚历克斯,收货,上架
PrNoA2AlMi,混合色 品牌26 二号纸 打印机（一体式）,打印机,品牌26,二号纸,一体式,混合色,16*1*1,11,BL55D,约翰,收货,上架
CuWE90DoWh,白色 品牌02 900 储物柜（带门式）,储物柜,品牌02,900,带门式,白色,8*1*1,6,CG54H,大卫,收货,上架
DrQE12DoGr,灰色 品牌01 1200 抽屉柜（带门式）,抽屉柜,品牌01,1200,带门式,灰色,8*1*1,8,AN38H,简,收货,上架
OfAESHeGr,灰色 品牌05 小号 办公椅（头枕）,办公椅,品牌05,小号,头枕,灰色,16*1*1,8,DS57B,莎拉,收货,上架
AlOv148GBl,黑色 品牌13 14英寸 一体机（8吉字节内存）,一体机,品牌13,14英寸,8吉字节内存,黑色,16*1*1,11,DQ87H,迈克,收货,上架
DrRG12SlBe,米色 品牌03 1200 抽屉柜（滑动式）,抽屉柜,品牌03,1200,滑动式,米色,8*1*1,7,AR57F,艾米丽,收货,上架
AlSu14i5Wh,白色 品牌11 14英寸 一体机（第5代处理器）,一体机,品牌11,14英寸,第5代处理器,白色,16*1*1,8,AL97H,大卫,收货,上架
NoExA3liSi,银色 品牌16 三号纸 笔记本（线条）,笔记本,品牌16,三号纸,线条,银色,48*10*5,1968,BJ44E,大卫,收货,上架
DrRG18SlBl,黑色 品牌03 1800 抽屉柜（滑动式）,抽屉柜,品牌03,1800,滑动式,黑色,8*1*1,8,AG51F,莎拉,收货,上架
CaWE18LoWh,白色 品牌02 1800 文件柜（储物锁柜）,文件柜,品牌02,1800,储物锁柜,白色,8*1*1,4,DN85B,艾米,收货,上架
LaRe1716Wh,白色 品牌14 17英寸 笔记本电脑（16吉字节内存）,笔记本电脑,品牌14,17英寸,16吉字节内存,白色,16*1*1,7,DU31D,迈克,收货,上架
MoSu45BlBl,黑色 品牌11 450 鼠标（蓝牙）,鼠标,品牌11,450,蓝牙,黑色,16*10*1,23,BK09D,迈克,收货,上架
TaTR10AuWh,白色 品牌29 1000 桌子（自动调节）,桌子,品牌29,1000,自动调节,白色,8*1*1,4,AH08D,亚历克斯,收货,上架
TVYn50FHBl,黑色 品牌15 50英寸 电视机（全高清）,电视机,品牌15,50英寸,全高清,黑色,8*1*1,3,BM18B,简,收货,上架
LaPH14i5Gr,灰色 品牌12 14英寸 笔记本电脑（第5代处理器）,笔记本电脑,品牌12,14英寸,第5代处理器,灰色,16*1*1,6,AO28D,大卫,收货,上架
TVEs42S4Bl,黑色 品牌32 42英寸 电视机（超级超高清）,电视机,品牌32,42英寸,超级超高清,黑色,8*1*1,1,BS57G,艾米丽,收货,上架
TVGL654KBl,黑色 品牌31 65英寸 电视机（超高清）,电视机,品牌31,65英寸,超高清,黑色,8*1*1,2,DL59B,莎拉,收货,上架
DrRG90FiWh,白色 品牌03 900 抽屉柜（文件收纳）,抽屉柜,品牌03,900,文件收纳,白色,8*1*1,4,BU81G,艾米丽,收货,上架
TVEs75FHGr,灰色 品牌32 75英寸 电视机（全高清）,电视机,品牌32,75英寸,全高清,灰色,8*1*1,6,BT06F,劳拉,收货,上架
LaPH1532Si,银色 品牌12 15英寸 笔记本电脑（32吉字节内存）,笔记本电脑,品牌12,15英寸,32吉字节内存,银色,16*1*1,2,DH51C,亚历克斯,收货,上架
TVEs50S4Wh,白色 品牌32 50英寸 电视机（超级超高清）,电视机,品牌32,50英寸,超级超高清,白色,8*1*1,8,CV07F,迈克,收货,上架
KeHc27BlPi,粉色 品牌09 270 键盘（蓝牙）,键盘,品牌09,270,蓝牙,粉色,16*10*1,159,AX05G,艾米,收货,上架
AlRe1732Gr,灰色 品牌14 17英寸 一体机（32吉字节内存）,一体机,品牌14,17英寸,32吉字节内存,灰色,16*1*1,12,DL64H,莎拉,收货,上架
NoGrA5ruSi,银色 品牌18 五号纸 笔记本（横线）,笔记本,品牌18,五号纸,横线,银色,48*10*5,875,BT50A,简,收货,上架
AlSu148GBl,黑色 品牌11 14英寸 一体机（8吉字节内存）,一体机,品牌11,14英寸,8吉字节内存,黑色,16*1*1,3,DI29H,劳拉,收货,上架
LaYn1416Si,银色 品牌15 14英寸 笔记本电脑（16吉字节内存）,笔记本电脑,品牌15,14英寸,16吉字节内存,银色,16*1*1,13,AO90H,迈克,收货,上架
TVEs324KSi,银色 品牌32 32英寸 电视机（超高清）,电视机,品牌32,32英寸,超高清,银色,8*1*1,2,CH08H,大卫,收货,上架
AlOv1716Wh,白色 品牌13 17英寸 一体机（16吉字节内存）,一体机,品牌13,17英寸,16吉字节内存,白色,16*1*1,15,BH72H,大卫,收货,上架
GaAEMErBl,黑色 品牌05 中号 游戏椅（人体工学）,游戏椅,品牌05,中号,人体工学,黑色,16*1*1,16,CM14E,亚历克斯,收货,上架
CaQE18LoBe,米色 品牌01 1800 文件柜（储物锁柜）,文件柜,品牌01,1800,储物锁柜,米色,8*1*1,7,BP78A,艾米丽,收货,上架
AlYn15i5Gr,灰色 品牌15 15英寸 一体机（第5代处理器）,一体机,品牌15,15英寸,第5代处理器,灰色,16*1*1,10,BU94A,劳拉,收货,上架
CuTE12LoGr,灰色 品牌04 1200 储物柜（储物锁柜）,储物柜,品牌04,1200,储物锁柜,灰色,8*1*1,2,DR16B,劳拉,收货,上架
SPAl12WaBl,黑色 品牌20 12 触控笔（水彩）,触控笔,品牌20,12,水彩,黑色,48*10*5,459,BP56F,艾米,收货,上架
OfOGSHeGr,灰色 品牌07 小号 办公椅（头枕）,办公椅,品牌07,小号,头枕,灰色,16*1*1,11,AM23A,迈克,收货,上架
CuWE12FiGr,灰色 品牌02 1200 储物柜（文件收纳）,储物柜,品牌02,1200,文件收纳,灰色,8*1*1,5,BP34B,大卫,收货,上架
OfAEMLePi,粉色 品牌05 中号 办公椅（皮革）,办公椅,品牌05,中号,皮革,粉色,16*1*1,6,CW32B,大卫,收货,上架
NoExA5liBl,黑色 品牌16 五号纸 笔记本（线条）,笔记本,品牌16,五号纸,线条,黑色,48*10*5,132,BW40E,简,收货,上架
TVEs32S4Wh,白色 品牌32 32英寸 电视机（超级超高清）,电视机,品牌32,32英寸,超级超高清,白色,8*1*1,6,BZ49H,艾米,收货,上架
TaCI10AuBl,黑色 品牌27 1000 桌子（自动调节）,桌子,品牌27,1000,自动调节,黑色,8*1*1,3,CH57D,艾米丽,收货,上架
AlYn1416Wh,白色 品牌15 14英寸 一体机（16吉字节内存）,一体机,品牌15,14英寸,16吉字节内存,白色,16*1*1,14,CV74H,约翰,收货,上架
TVGL65SFGr,灰色 品牌31 65英寸 电视机（超级全高清）,电视机,品牌31,65英寸,超级全高清,灰色,8*1*1,2,DY77B,艾米,收货,上架
MoSu27BlWh,白色 品牌11 270 鼠标（蓝牙）,鼠标,品牌11,270,蓝牙,白色,16*10*1,102,DI67E,莎拉,收货,上架
TVGn75SFSi,银色 品牌30 75英寸 电视机（超级全高清）,电视机,品牌30,75英寸,超级全高清,银色,8*1*1,4,BT01A,迈克,收货,上架
PrNoA4LaGr,灰色 品牌26 四号纸 打印机（激光）,打印机,品牌26,四号纸,激光,灰色,16*1*1,7,AH12F,简,收货,上架
TaTR15WoBl,黑色 品牌28 1500 桌子（工作站）,桌子,品牌28,1500,工作站,黑色,8*1*1,4,AW79B,艾米丽,收货,上架
NoMuA5ruGr,灰色 品牌19 五号纸 笔记本（横线）,笔记本,品牌19,五号纸,横线,灰色,48*10*5,202,AL82E,简,收货,上架
LaSu158GWh,白色 品牌11 15英寸 笔记本电脑（8吉字节内存）,笔记本电脑,品牌11,15英寸,8吉字节内存,白色,16*1*1,7,CZ30A,亚历克斯,收货,上架
GaAESAdWh,白色 品牌05 小号 游戏椅（可调节）,游戏椅,品牌05,小号,可调节,白色,16*1*1,6,CM81B,艾米,收货,上架
PrReA2InBl,黑色 品牌24 二号纸 打印机（喷墨）,打印机,品牌24,二号纸,喷墨,黑色,16*1*1,15,BR18A,亚历克斯,收货,上架
DrQE12FiBe,米色 品牌01 1200 抽屉柜（文件收纳）,抽屉柜,品牌01,1200,文件收纳,米色,8*1*1,7,AX72C,劳拉,收货,上架
PeNa12SoBl,黑色 品牌23 12 铅笔（可溶性）,铅笔,品牌23,12,可溶性,黑色,48*10*5,1231,AM72E,劳拉,收货,上架
TVGL32FHBl,黑色 品牌31 32英寸 电视机（全高清）,电视机,品牌31,32英寸,全高清,黑色,8*1*1,4,DL66E,约翰,收货,上架
GaOGMErGr,灰色 品牌07 中号 游戏椅（人体工学）,游戏椅,品牌07,中号,人体工学,灰色,16*1*1,3,BR15E,大卫,收货,上架
LaYn1716Bl,黑色 品牌15 17英寸 笔记本电脑（16吉字节内存）,笔记本电脑,品牌15,17英寸,16吉字节内存,黑色,16*1*1,7,AX51A,莎拉,收货,上架
OfOGSHeWh,白色 品牌07 小号 办公椅（头枕）,办公椅,品牌07,小号,头枕,白色,16*1*1,1,CG27D,艾米,收货,上架
OfOGMAdBl,黑色 品牌07 中号 办公椅（可调节）,办公椅,品牌07,中号,可调节,黑色,16*1*1,7,BU49F,艾米丽,收货,上架
TaCI10AuSi,银色 品牌27 1000 桌子（自动调节）,桌子,品牌27,1000,自动调节,银色,8*1*1,8,AV93F,莎拉,收货,上架
LaYn1416Bl,黑色 品牌15 14英寸 笔记本电脑（16吉字节内存）,笔记本电脑,品牌15,14英寸,16吉字节内存,黑色,16*1*1,15,DK71E,亚历克斯,收货,上架
LaPH14i5Bl,黑色 品牌12 14英寸 笔记本电脑（第5代处理器）,笔记本电脑,品牌12,14英寸,第5代处理器,黑色,16*1*1,15,BO06C,迈克,收货,上架
TVEs65S4Gr,灰色 品牌32 65英寸 电视机（超级超高清）,电视机,品牌32,65英寸,超级超高清,灰色,8*1*1,3,BP43A,莎拉,收货,上架
AlPH15i5Gr,灰色 品牌12 15英寸 一体机（第5代处理器）,一体机,品牌12,15英寸,第5代处理器,灰色,16*1*1,15,DG02C,迈克,收货,上架
AlOv14i5Wh,白色 品牌13 14英寸 一体机（第5代处理器）,一体机,品牌13,14英寸,第5代处理器,白色,16*1*1,8,CL31C,劳拉,收货,上架
PrReA4MoBl,黑色 品牌24 四号纸 打印机（黑白）,打印机,品牌24,四号纸,黑白,黑色,16*1*1,9,DK48F,劳拉,收货,上架
DrQE90FiBl,黑色 品牌01 900 抽屉柜（文件收纳）,抽屉柜,品牌01,900,文件收纳,黑色,8*1*1,7,BY73A,劳拉,收货,上架
TaAE10AdWh,白色 品牌05 1000 桌子（可调节）,桌子,品牌05,1000,可调节,白色,8*1*1,1,BW97D,迈克,收货,上架
AlSu148GSi,银色 品牌11 14英寸 一体机（8吉字节内存）,一体机,品牌11,14英寸,8吉字节内存,银色,16*1*1,15,BX75G,劳拉,收货,上架
GaOGMHePi,粉色 品牌07 中号 游戏椅（头枕）,游戏椅,品牌07,中号,头枕,粉色,16*1*1,6,CU89A,亚历克斯,收货,上架
SPNa24WaPi,粉色 品牌23 24 触控笔（水彩）,触控笔,品牌23,24,水彩,粉色,48*10*5,1237,BS97A,大卫,收货,上架
TVGL324KWh,白色 品牌31 32英寸 电视机（超高清）,电视机,品牌31,32英寸,超高清,白色,8*1*1,5,DJ21F,艾米,收货,上架
AlRe1716Wh,白色 品牌14 17英寸 一体机（16吉字节内存）,一体机,品牌14,17英寸,16吉字节内存,白色,16*1*1,8,CV82D,艾米,收货,上架
LaOv15i5Wh,白色 品牌13 15英寸 笔记本电脑（第5代处理器）,笔记本电脑,品牌13,15英寸,第5代处理器,白色,16*1*1,1,CR61F,劳拉,收货,上架
AlYn15i7Si,银色 品牌15 15英寸 一体机（第7代处理器）,一体机,品牌15,15英寸,第7代处理器,银色,16*1*1,9,AV07G,莎拉,收货,上架
GaSELHeBl,黑色 品牌08 大号 游戏椅（头枕）,游戏椅,品牌08,大号,头枕,黑色,16*1*1,8,DU55B,艾米丽,收货,上架
AlRe1416Bl,黑色 品牌14 14英寸 一体机（16吉字节内存）,一体机,品牌14,14英寸,16吉字节内存,黑色,16*1*1,2,CG29A,约翰,收货,上架
TaCI10AuGr,灰色 品牌27 1000 桌子（自动调节）,桌子,品牌27,1000,自动调节,灰色,8*1*1,1,BH24C,约翰,收货,上架
PeGi12WaBl,黑色 品牌21 12 铅笔（水彩）,铅笔,品牌21,12,水彩,黑色,48*10*5,1616,BJ62H,艾米,收货,上架
CuRG18SlBe,米色 品牌03 1800 储物柜（滑动式）,储物柜,品牌03,1800,滑动式,米色,8*1*1,8,BJ49G,莎拉,收货,上架
LaSu158GSi,银色 品牌11 15英寸 笔记本电脑（8吉字节内存）,笔记本电脑,品牌11,15英寸,8吉字节内存,银色,16*1*1,15,AH24C,莎拉,收货,上架
GaSEMAdPi,粉色 品牌08 中号 游戏椅（可调节）,游戏椅,品牌08,中号,可调节,粉色,16*1*1,12,BV69G,克里斯,收货,上架
TVGn324KGr,灰色 品牌30 32英寸 电视机（超高清）,电视机,品牌30,32英寸,超高清,灰色,8*1*1,8,DK73G,亚历克斯,收货,上架
LaOv14i7Gr,灰色 品牌13 14英寸 笔记本电脑（第7代处理器）,笔记本电脑,品牌13,14英寸,第7代处理器,灰色,16*1*1,16,CU91H,劳拉,收货,上架
TVGn50FHGr,灰色 品牌30 50英寸 电视机（全高清）,电视机,品牌30,50英寸,全高清,灰色,8*1*1,6,BM70H,艾米,收货,上架
NoExA3doGr,灰色 品牌16 三号纸 笔记本（点阵）,笔记本,品牌16,三号纸,点阵,灰色,48*10*5,922,DY31B,亚历克斯,收货,上架
KePH45MeNa,藏青色 品牌12 450 键盘（机械式）,键盘,品牌12,450,机械式,藏青色,16*10*1,116,CP65G,亚历克斯,收货,上架
OfAEMErGr,灰色 品牌05 中号 办公椅（人体工学）,办公椅,品牌05,中号,人体工学,灰色,16*1*1,13,DT34B,艾米丽,收货,上架
CaTE90SlBe,米色 品牌04 900 文件柜（滑动式）,文件柜,品牌04,900,滑动式,米色,8*1*1,3,BN38A,迈克,收货,上架
CaWE90SlWh,白色 品牌02 900 文件柜（滑动式）,文件柜,品牌02,900,滑动式,白色,8*1*1,6,AZ17B,艾米,收货,上架
LaSu1532Si,银色 品牌11 15英寸 笔记本电脑（32吉字节内存）,笔记本电脑,品牌11,15英寸,32吉字节内存,银色,16*1*1,10,BF53C,迈克,收货,上架
PrSoA3AlWh,白色 品牌25 三号纸 打印机（一体式）,打印机,品牌25,三号纸,一体式,白色,16*1*1,1,AS32B,亚历克斯,收货,上架
PrReA3LaMi,混合色 品牌24 三号纸 打印机（激光）,打印机,品牌24,三号纸,激光,混合色,16*1*1,16,DM27B,大卫,收货,上架
CuQE12SlBl,黑色 品牌01 1200 储物柜（滑动式）,储物柜,品牌01,1200,滑动式,黑色,8*1*1,8,CU21H,艾米,收货,上架
GaAESAdBl,黑色 品牌05 小号 游戏椅（可调节）,游戏椅,品牌05,小号,可调节,黑色,16*1*1,15,CV70H,大卫,收货,上架
TaCI18AuGr,灰色 品牌27 1800 桌子（自动调节）,桌子,品牌27,1800,自动调节,灰色,8*1*1,3,DW10C,大卫,收货,上架
MoPH27ErBl,黑色 品牌12 270 鼠标（人体工学）,鼠标,品牌12,270,人体工学,黑色,16*10*1,42,CO54B,艾米,收货,上架
TVYn32S4Bl,黑色 品牌15 32英寸 电视机（超级超高清）,电视机,品牌15,32英寸,超级超高清,黑色,8*1*1,4,BP54F,克里斯,收货,上架
SPRe12SoPi,粉色 品牌22 12 触控笔（可溶性）,触控笔,品牌22,12,可溶性,粉色,48*10*5,1392,AH54A,克里斯,收货,上架
GaAEMErBl,黑色 品牌05 中号 游戏椅（人体工学）,游戏椅,品牌05,中号,人体工学,黑色,16*1*1,11,CP79H,迈克,收货,上架
CuRG90SlBl,黑色 品牌03 900 储物柜（滑动式）,储物柜,品牌03,900,滑动式,黑色,8*1*1,8,DS61H,大卫,收货,上架
DrQE18SlBl,黑色 品牌01 1800 抽屉柜（滑动式）,抽屉柜,品牌01,1800,滑动式,黑色,8*1*1,5,AT55G,艾米,收货,上架
CaTE18FiGr,灰色 品牌04 1800 文件柜（文件收纳）,文件柜,品牌04,1800,文件收纳,灰色,8*1*1,6,BY19G,大卫,收货,上架
OfAEMLePi,粉色 品牌05 中号 办公椅（皮革）,办公椅,品牌05,中号,皮革,粉色,16*1*1,12,DN31E,亚历克斯,收货,上架
CaWE12FiBe,米色 品牌02 1200 文件柜（文件收纳）,文件柜,品牌02,1200,文件收纳,米色,8*1*1,6,CZ37D,艾米丽,收货,上架
LaOv1416Bl,黑色 品牌13 14英寸 笔记本电脑（16吉字节内存）,笔记本电脑,品牌13,14英寸,16吉字节内存,黑色,16*1*1,10,DP15H,克里斯,收货,上架
PeRe50SoPi,粉色 品牌22 50 铅笔（可溶性）,铅笔,品牌22,50,可溶性,粉色,48*10*5,567,BW13D,简,收货,上架
OfOGLHeBl,黑色 品牌07 大号 办公椅（头枕）,办公椅,品牌07,大号,头枕,黑色,16*1*1,10,AH04H,艾米,收货,上架
PrNoA3MoBl,黑色 品牌26 三号纸 打印机（黑白）,打印机,品牌26,三号纸,黑白,黑色,16*1*1,11,CG21A,迈克,收货,上架
GaXESErBl,黑色 品牌06 小号 游戏椅（人体工学）,游戏椅,品牌06,小号,人体工学,黑色,16*1*1,12,AT27A,劳拉,收货,上架
CuRG12DoBe,米色 品牌03 1200 储物柜（带门式）,储物柜,品牌03,1200,带门式,米色,8*1*1,4,DT21G,克里斯,收货,上架
CaRG90LoBl,黑色 品牌03 900 文件柜（储物锁柜）,文件柜,品牌03,900,储物锁柜,黑色,8*1*1,3,BI15A,克里斯,收货,上架
GaSEMLePi,粉色 品牌08 中号 游戏椅（皮革）,游戏椅,品牌08,中号,皮革,粉色,16*1*1,14,BH28G,莎拉,收货,上架
PeNa12SoWh,白色 品牌23 12 铅笔（可溶性）,铅笔,品牌23,12,可溶性,白色,48*10*5,1046,BL49F,克里斯,收货,上架
DrQE90SlBe,米色 品牌01 900 抽屉柜（滑动式）,抽屉柜,品牌01,900,滑动式,米色,8*1*1,2,BZ91F,莎拉,收货,上架
MoHc27WiWh,白色 品牌09 270 鼠标（有线）,鼠标,品牌09,270,有线,白色,16*10*1,43,CJ42A,莎拉,收货,上架
AlOv1432Gr,灰色 品牌13 14英寸 一体机（32吉字节内存）,一体机,品牌13,14英寸,32吉字节内存,灰色,16*1*1,8,DV73F,劳拉,收货,上架
MoPH45ErPi,粉色 品牌12 450 鼠标（人体工学）,鼠标,品牌12,450,人体工学,粉色,16*10*1,55,BV90G,迈克,收货,上架
TVGL42FHGr,灰色 品牌31 42英寸 电视机（全高清）,电视机,品牌31,42英寸,全高清,灰色,8*1*1,6,CX46A,约翰,收货,上架
PrSoA3LaWh,白色 品牌25 三号纸 打印机（激光）,打印机,品牌25,三号纸,激光,白色,16*1*1,5,AR46A,克里斯,收货,上架
PrPHA4AlMi,混合色 品牌12 四号纸 打印机（一体式）,打印机,品牌12,四号纸,一体式,混合色,16*1*1,3,DU19B,莎拉,收货,上架
DrWE90FiBl,黑色 品牌02 900 抽屉柜（文件收纳）,抽屉柜,品牌02,900,文件收纳,黑色,8*1*1,7,DI03F,劳拉,收货,上架
TVGL42FHBl,黑色 品牌31 42英寸 电视机（全高清）,电视机,品牌31,42英寸,全高清,黑色,8*1*1,1,BG32B,艾米,收货,上架
LaOv1416Bl,黑色 品牌13 14英寸 笔记本电脑（16吉字节内存）,笔记本电脑,品牌13,14英寸,16吉字节内存,黑色,16*1*1,2,DU46E,大卫,收货,上架
AlOv1432Gr,灰色 品牌13 14英寸 一体机（32吉字节内存）,一体机,品牌13,14英寸,32吉字节内存,灰色,16*1*1,10,AY28C,简,收货,上架
KeSu27MeBl,黑色 品牌11 270 键盘（机械式）,键盘,品牌11,270,机械式,黑色,16*10*1,67,DL06D,劳拉,收货,上架
LaYn1716Wh,白色 品牌15 17英寸 笔记本电脑（16吉字节内存）,笔记本电脑,品牌15,17英寸,16吉字节内存,白色,16*1*1,6,DP97C,克里斯,收货,上架
CaTE90FiGr,灰色 品牌04 900 文件柜（文件收纳）,文件柜,品牌04,900,文件收纳,灰色,8*1*1,2,DL79D,简,收货,上架
TVEs32SFBl,黑色 品牌32 32英寸 电视机（超级全高清）,电视机,品牌32,32英寸,超级全高清,黑色,8*1*1,4,DX52H,艾米丽,收货,上架
PeAl12HeGr,灰色 品牌20 12 铅笔（六角形）,铅笔,品牌20,12,六角形,灰色,48*10*5,907,DP12G,迈克,收货,上架
OfXESAdWh,白色 品牌06 小号 办公椅（可调节）,办公椅,品牌06,小号,可调节,白色,16*1*1,5,DW54C,艾米,收货,上架
PeAl12HeWh,白色 品牌20 12 铅笔（六角形）,铅笔,品牌20,12,六角形,白色,48*10*5,1943,BK24F,艾米,收货,上架
CaQE12LoGr,灰色 品牌01 1200 文件柜（储物锁柜）,文件柜,品牌01,1200,储物锁柜,灰色,8*1*1,2,AN03D,简,收货,上架
TaTR10FrGr,灰色 品牌28 1000 桌子（框架式）,桌子,品牌28,1000,框架式,灰色,8*1*1,5,CY88G,约翰,收货,上架
DrTE12FiBe,米色 品牌04 1200 抽屉柜（文件收纳）,抽屉柜,品牌04,1200,文件收纳,米色,8*1*1,8,AY78D,克里斯,收货,上架
CuRG12LoGr,灰色 品牌03 1200 储物柜（储物锁柜）,储物柜,品牌03,1200,储物锁柜,灰色,8*1*1,1,BS59D,亚历克斯,收货,上架
NoScA4ruSi,银色 品牌17 四号纸 笔记本（横线）,笔记本,品牌17,四号纸,横线,银色,48*10*5,1756,BX84D,艾米丽,收货,上架
CuWE18LoBe,米色 品牌02 1800 储物柜（储物锁柜）,储物柜,品牌02,1800,储物锁柜,米色,8*1*1,6,CU91H,约翰,收货,上架
CaWE18SlGr,灰色 品牌02 1800 文件柜（滑动式）,文件柜,品牌02,1800,滑动式,灰色,8*1*1,8,AV79H,简,收货,上架
TaTR15WoSi,银色 品牌29 1500 桌子（工作站）,桌子,品牌29,1500,工作站,银色,8*1*1,5,DH29H,艾米,收货,上架
NoScA5ruGr,灰色 品牌17 五号纸 笔记本（横线）,笔记本,品牌17,五号纸,横线,灰色,48*10*5,2204,AT77A,大卫,收货,上架
SPRe12WaWh,白色 品牌22 12 触控笔（水彩）,触控笔,品牌22,12,水彩,白色,48*10*5,1006,BF21D,艾米,收货,上架
NoScA5doBl,黑色 品牌17 五号纸 笔记本（点阵）,笔记本,品牌17,五号纸,点阵,黑色,48*10*5,1131,CH06H,简,收货,上架
TVEs754KWh,白色 品牌32 75英寸 电视机（超高清）,电视机,品牌32,75英寸,超高清,白色,8*1*1,8,CH41A,莎拉,收货,上架
AlRe14i7Si,银色 品牌14 14英寸 一体机（第7代处理器）,一体机,品牌14,14英寸,第7代处理器,银色,16*1*1,13,AK48D,迈克,收货,上架
PrNoA2InMi,混合色 品牌26 二号纸 打印机（喷墨）,打印机,品牌26,二号纸,喷墨,混合色,16*1*1,13,BZ41F,克里斯,收货,上架
AlPH17i7Si,银色 品牌12 17英寸 一体机（第7代处理器）,一体机,品牌12,17英寸,第7代处理器,银色,16*1*1,2,DW26B,约翰,收货,上架
PrPHA4LaMi,混合色 品牌12 四号纸 打印机（激光）,打印机,品牌12,四号纸,激光,混合色,16*1*1,4,BI43H,迈克,收货,上架
CuWE12SlWh,白色 品牌02 1200 储物柜（滑动式）,储物柜,品牌02,1200,滑动式,白色,8*1*1,1,AZ49E,艾米丽,收货,上架
PrSoA2LaMi,混合色 品牌25 二号纸 打印机（激光）,打印机,品牌25,二号纸,激光,混合色,16*1*1,4,DY40G,简,收货,上架
GaOGSAdGr,灰色 品牌07 小号 游戏椅（可调节）,游戏椅,品牌07,小号,可调节,灰色,16*1*1,9,BL28B,约翰,收货,上架
OfSEMLeBl,黑色 品牌08 中号 办公椅（皮革）,办公椅,品牌08,中号,皮革,黑色,16*1*1,5,CS24C,艾米丽,收货,上架
KePH45MeNa,藏青色 品牌12 450 键盘（机械式）,键盘,品牌12,450,机械式,藏青色,16*10*1,6,AX67A,迈克,收货,上架
CuWE18FiBl,黑色 品牌02 1800 储物柜（文件收纳）,储物柜,品牌02,1800,文件收纳,黑色,8*1*1,7,CK32F,艾米丽,收货,上架
SPNa12SoGr,灰色 品牌23 12 触控笔（可溶性）,触控笔,品牌23,12,可溶性,灰色,48*10*5,2228,BO73C,克里斯,收货,上架
DrTE90DoWh,白色 品牌04 900 抽屉柜（带门式）,抽屉柜,品牌04,900,带门式,白色,8*1*1,4,AM38B,约翰,收货,上架
MoRe27BlPi,粉色 品牌10 270 鼠标（蓝牙）,鼠标,品牌10,270,蓝牙,粉色,16*10*1,156,DS68H,简,收货,上架
PrNoA3WiWh,白色 品牌26 三号纸 打印机（无线网络）,打印机,品牌26,三号纸,无线网络,白色,16*1*1,4,CG91D,亚历克斯,收货,上架
PeNa12HeWh,白色 品牌23 12 铅笔（六角形）,铅笔,品牌23,12,六角形,白色,48*10*5,1159,AG37A,克里斯,收货,上架
CaQE18LoBe,米色 品牌01 1800 文件柜（储物锁柜）,文件柜,品牌01,1800,储物锁柜,米色,8*1*1,4,CF97B,简,收货,上架
TVGL32FHWh,白色 品牌31 32英寸 电视机（全高清）,电视机,品牌31,32英寸,全高清,白色,8*1*1,1,DU25E,劳拉,收货,上架
DrTE12FiBe,米色 品牌04 1200 抽屉柜（文件收纳）,抽屉柜,品牌04,1200,文件收纳,米色,8*1*1,2,BM27F,约翰,收货,上架
KeSu35ErPi,粉色 品牌11 350 键盘（人体工学）,键盘,品牌11,350,人体工学,粉色,16*10*1,61,AQ79G,克里斯,收货,上架
AlYn17i7Wh,白色 品牌15 17英寸 一体机（第7代处理器）,一体机,品牌15,17英寸,第7代处理器,白色,16*1*1,10,CQ93E,亚历克斯,收货,上架
AlRe14i5Si,银色 品牌14 14英寸 一体机（第5代处理器）,一体机,品牌14,14英寸,第5代处理器,银色,16*1*1,7,DS89G,简,收货,上架
TVGn75SFSi,银色 品牌30 75英寸 电视机（超级全高清）,电视机,品牌30,75英寸,超级全高清,银色,8*1*1,7,BG91D,劳拉,收货,上架
TVGL50S4Si,银色 品牌31 50英寸 电视机（超级超高清）,电视机,品牌31,50英寸,超级超高清,银色,8*1*1,5,CG28E,艾米,收货,上架
TVGL754KBl,黑色 品牌31 75英寸 电视机（超高清）,电视机,品牌31,75英寸,超高清,黑色,8*1*1,4,AJ73D,大卫,收货,上架
PrSoA3LaMi,混合色 品牌25 三号纸 打印机（激光）,打印机,品牌25,三号纸,激光,混合色,16*1*1,4,DR34C,迈克,收货,上架
TaTR18WoWh,白色 品牌29 1800 桌子（工作站）,桌子,品牌29,1800,工作站,白色,8*1*1,4,CL16D,艾米丽,收货,上架
CuQE18DoBl,黑色 品牌01 1800 储物柜（带门式）,储物柜,品牌01,1800,带门式,黑色,8*1*1,4,DO78E,亚历克斯,收货,上架
MoRe35MeWh,白色 品牌10 350 鼠标（机械式）,鼠标,品牌10,350,机械式,白色,16*10*1,95,BK38F,大卫,收货,上架
TVGn32FHWh,白色 品牌30 32英寸 电视机（全高清）,电视机,品牌30,32英寸,全高清,白色,8*1*1,8,BJ32A,大卫,收货,上架
GaOGMErBl,黑色 品牌07 中号 游戏椅（人体工学）,游戏椅,品牌07,中号,人体工学,黑色,16*1*1,10,DL44A,亚历克斯,收货,上架
PrSoA4MoMi,混合色 品牌25 四号纸 打印机（黑白）,打印机,品牌25,四号纸,黑白,混合色,16*1*1,3,AH72A,简,收货,上架
MoPH27MeBl,黑色 品牌12 270 鼠标（机械式）,鼠标,品牌12,270,机械式,黑色,16*10*1,139,BN80E,艾米,收货,上架
DrRG18LoBl,黑色 品牌03 1800 抽屉柜（储物锁柜）,抽屉柜,品牌03,1800,储物锁柜,黑色,8*1*1,7,CR13A,迈克,收货,上架
AlOv1432Si,银色 品牌13 14英寸 一体机（32吉字节内存）,一体机,品牌13,14英寸,32吉字节内存,银色,16*1*1,4,CF32B,艾米丽,收货,上架
GaSEMHePi,粉色 品牌08 中号 游戏椅（头枕）,游戏椅,品牌08,中号,头枕,粉色,16*1*1,8,AH73B,大卫,收货,上架
OfXESAdBl,黑色 品牌06 小号 办公椅（可调节）,办公椅,品牌06,小号,可调节,黑色,16*1*1,12,CR68F,克里斯,收货,上架
KePH35WiBl,黑色 品牌12 350 键盘（有线）,键盘,品牌12,350,有线,黑色,16*10*1,43,DO21D,莎拉,收货,上架
DrQE18LoWh,白色 品牌01 1800 抽屉柜（储物锁柜）,抽屉柜,品牌01,1800,储物锁柜,白色,8*1*1,1,CM97E,亚历克斯,收货,上架
LaRe17i5Si,银色 品牌14 17英寸 笔记本电脑（第5代处理器）,笔记本电脑,品牌14,17英寸,第5代处理器,银色,16*1*1,1,CO94G,简,收货,上架
KePH35MePi,粉色 品牌12 350 键盘（机械式）,键盘,品牌12,350,机械式,粉色,16*10*1,50,CN69C,简,收货,上架
LaYn14i5Bl,黑色 品牌15 14英寸 笔记本电脑（第5代处理器）,笔记本电脑,品牌15,14英寸,第5代处理器,黑色,16*1*1,13,AM04A,亚历克斯,收货,上架
DrRG12DoBe,米色 品牌03 1200 抽屉柜（带门式）,抽屉柜,品牌03,1200,带门式,米色,8*1*1,6,BY17H,亚历克斯,收货,上架
TaTR18WoBl,黑色 品牌29 1800 桌子（工作站）,桌子,品牌29,1800,工作站,黑色,8*1*1,3,AZ37B,约翰,收货,上架
LaOv15i5Gr,灰色 品牌13 15英寸 笔记本电脑（第5代处理器）,笔记本电脑,品牌13,15英寸,第5代处理器,灰色,16*1*1,7,CF97E,克里斯,收货,上架
KeHc27MePi,粉色 品牌09 270 键盘（机械式）,键盘,品牌09,270,机械式,粉色,16*10*1,64,CS51G,简,收货,上架
NoExA4doWh,白色 品牌16 四号纸 笔记本（点阵）,笔记本,品牌16,四号纸,点阵,白色,48*10*5,894,BQ35C,艾米丽,收货,上架
OfSELLeWh,白色 品牌08 大号 办公椅（皮革）,办公椅,品牌08,大号,皮革,白色,16*1*1,4,AO36A,约翰,收货,上架
CaQE18SlGr,灰色 品牌01 1800 文件柜（滑动式）,文件柜,品牌01,1800,滑动式,灰色,8*1*1,7,CG26F,迈克,收货,上架
KeRe27MeNa,藏青色 品牌10 270 键盘（机械式）,键盘,品牌10,270,机械式,藏青色,16*10*1,121,BN51A,艾米,收货,上架
AlSu178GBl,黑色 品牌11 17英寸 一体机（8吉字节内存）,一体机,品牌11,17英寸,8吉字节内存,黑色,16*1*1,3,BF53F,迈克,收货,上架
PeAl24SoBl,黑色 品牌20 24 铅笔（可溶性）,铅笔,品牌20,24,可溶性,黑色,48*10*5,1159,DJ88A,简,收货,上架
PrReA2InWh,白色 品牌24 二号纸 打印机（喷墨）,打印机,品牌24,二号纸,喷墨,白色,16*1*1,4,DK41B,克里斯,收货,上架
AlYn1532Bl,黑色 品牌15 15英寸 一体机（32吉字节内存）,一体机,品牌15,15英寸,32吉字节内存,黑色,16*1*1,10,AK96B,艾米丽,收货,上架
PeNa50WaPi,粉色 品牌23 50 铅笔（水彩）,铅笔,品牌23,50,水彩,粉色,48*10*5,2393,AR86A,约翰,收货,上架
TaCI18WoWh,白色 品牌27 1800 桌子（工作站）,桌子,品牌27,1800,工作站,白色,8*1*1,8,AP81B,大卫,收货,上架
MoHc35MeWh,白色 品牌09 350 鼠标（机械式）,鼠标,品牌09,350,机械式,白色,16*10*1,53,DQ28D,克里斯,收货,上架
AlRe1432Wh,白色 品牌14 14英寸 一体机（32吉字节内存）,一体机,品牌14,14英寸,32吉字节内存,白色,16*1*1,12,AR18F,劳拉,收货,上架
DrTE12DoBe,米色 品牌04 1200 抽屉柜（带门式）,抽屉柜,品牌04,1200,带门式,米色,8*1*1,1,DH07F,迈克,收货,上架
PrSoA4AlWh,白色 品牌25 四号纸 打印机（一体式）,打印机,品牌25,四号纸,一体式,白色,16*1*1,9,CO76H,艾米丽,收货,上架
LaOv1716Wh,白色 品牌13 17英寸 笔记本电脑（16吉字节内存）,笔记本电脑,品牌13,17英寸,16吉字节内存,白色,16*1*1,8,BH66C,克里斯,收货,上架
MoHc35ErBl,黑色 品牌09 350 鼠标（人体工学）,鼠标,品牌09,350,人体工学,黑色,16*10*1,65,BR46E,艾米丽,收货,上架
OfAESErGr,灰色 品牌05 小号 办公椅（人体工学）,办公椅,品牌05,小号,人体工学,灰色,16*1*1,6,BF10F,大卫,收货,上架
DrTE12SlGr,灰色 品牌04 1200 抽屉柜（滑动式）,抽屉柜,品牌04,1200,滑动式,灰色,8*1*1,2,DZ33B,约翰,收货,上架
TaCI15WoGr,灰色 品牌27 1500 桌子（工作站）,桌子,品牌27,1500,工作站,灰色,8*1*1,7,AP79F,大卫,收货,上架
AlRe148GBl,黑色 品牌14 14英寸 一体机（8吉字节内存）,一体机,品牌14,14英寸,8吉字节内存,黑色,16*1*1,6,BQ80E,艾米丽,收货,上架
MoSu35BlPi,粉色 品牌11 350 鼠标（蓝牙）,鼠标,品牌11,350,蓝牙,粉色,16*10*1,19,CN63F,艾米丽,收货,上架
PrPHA3MoGr,灰色 品牌12 三号纸 打印机（黑白）,打印机,品牌12,三号纸,黑白,灰色,16*1*1,3,BF95B,大卫,收货,上架
MoRe27MePi,粉色 品牌10 270 鼠标（机械式）,鼠标,品牌10,270,机械式,粉色,16*10*1,50,AN29C,莎拉,收货,上架
PrReA4MoWh,白色 品牌24 四号纸 打印机（黑白）,打印机,品牌24,四号纸,黑白,白色,16*1*1,3,AX79G,克里斯,收货,上架
CaWE18SlBl,黑色 品牌02 1800 文件柜（滑动式）,文件柜,品牌02,1800,滑动式,黑色,8*1*1,3,AL50A,简,收货,上架
TaCI10WoBl,黑色 品牌27 1000 桌子（工作站）,桌子,品牌27,1000,工作站,黑色,8*1*1,6,DQ61G,亚历克斯,收货,上架
KeHc45BlPi,粉色 品牌09 450 键盘（蓝牙）,键盘,品牌09,450,蓝牙,粉色,16*10*1,97,CQ23C,亚历克斯,收货,上架
PrNoA3InGr,灰色 品牌26 三号纸 打印机（喷墨）,打印机,品牌26,三号纸,喷墨,灰色,16*1*1,16,BF68B,迈克,收货,上架
CaQE12LoBe,米色 品牌01 1200 文件柜（储物锁柜）,文件柜,品牌01,1200,储物锁柜,米色,8*1*1,2,DK72B,简,收货,上架
OfXELLePi,粉色 品牌06 大号 办公椅（皮革）,办公椅,品牌06,大号,皮革,粉色,16*1*1,10,BJ27D,莎拉,收货,上架
KeHc27ErNa,藏青色 品牌09 270 键盘（人体工学）,键盘,品牌09,270,人体工学,藏青色,16*10*1,10,BU02G,约翰,收货,上架
PrReA2AlMi,混合色 品牌24 二号纸 打印机（一体式）,打印机,品牌24,二号纸,一体式,混合色,16*1*1,10,CS70D,莎拉,收货,上架
CaTE18FiWh,白色 品牌04 1800 文件柜（文件收纳）,文件柜,品牌04,1800,文件收纳,白色,8*1*1,2,DN69H,迈克,收货,上架
PeNa50HeGr,灰色 品牌23 50 铅笔（六角形）,铅笔,品牌23,50,六角形,灰色,48*10*5,1962,AX28A,迈克,收货,上架
MoSu27WiNa,藏青色 品牌11 270 鼠标（有线）,鼠标,品牌11,270,有线,藏青色,16*10*1,43,AV53D,亚历克斯,收货,上架
OfAELLePi,粉色 品牌05 大号 办公椅（皮革）,办公椅,品牌05,大号,皮革,粉色,16*1*1,2,CY14D,劳拉,收货,上架
AlOv1516Si,银色 品牌13 15英寸 一体机（16吉字节内存）,一体机,品牌13,15英寸,16吉字节内存,银色,16*1*1,2,DW61H,约翰,收货,上架
MoPH35WiBl,黑色 品牌12 350 鼠标（有线）,鼠标,品牌12,350,有线,黑色,16*10*1,66,BW16F,劳拉,收货,上架
GaSEMHePi,粉色 品牌08 中号 游戏椅（头枕）,游戏椅,品牌08,中号,头枕,粉色,16*1*1,15,DK50H,艾米,收货,上架
PrSoA2InGr,灰色 品牌25 二号纸 打印机（喷墨）,打印机,品牌25,二号纸,喷墨,灰色,16*1*1,8,DS91F,简,收货,上架
OfAESAdBl,黑色 品牌05 小号 办公椅（可调节）,办公椅,品牌05,小号,可调节,黑色,16*1*1,16,CH80G,艾米丽,收货,上架
OfSEMHePi,粉色 品牌08 中号 办公椅（头枕）,办公椅,品牌08,中号,头枕,粉色,16*1*1,7,CP71G,简,收货,上架
DrRG18LoGr,灰色 品牌03 1800 抽屉柜（储物锁柜）,抽屉柜,品牌03,1800,储物锁柜,灰色,8*1*1,1,AQ93A,约翰,收货,上架
TVGn75FHBl,黑色 品牌30 75英寸 电视机（全高清）,电视机,品牌30,75英寸,全高清,黑色,8*1*1,6,BJ17G,亚历克斯,收货,上架
OfAEMHeBl,黑色 品牌05 中号 办公椅（头枕）,办公椅,品牌05,中号,头枕,黑色,16*1*1,11,DG37A,克里斯,收货,上架
PrReA3MoMi,混合色 品牌24 三号纸 打印机（黑白）,打印机,品牌24,三号纸,黑白,混合色,16*1*1,5,BF66D,大卫,收货,上架
GaAELHeGr,灰色 品牌05 大号 游戏椅（头枕）,游戏椅,品牌05,大号,头枕,灰色,16*1*1,9,DU53H,简,收货,上架
PrNoA4MoMi,混合色 品牌26 四号纸 打印机（黑白）,打印机,品牌26,四号纸,黑白,混合色,16*1*1,15,AV15G,莎拉,收货,上架
LaRe15i5Wh,白色 品牌14 15英寸 笔记本电脑（第5代处理器）,笔记本电脑,品牌14,15英寸,第5代处理器,白色,16*1*1,3,DU02D,简,收货,上架
DrTE90LoWh,白色 品牌04 900 抽屉柜（储物锁柜）,抽屉柜,品牌04,900,储物锁柜,白色,8*1*1,2,AL45D,艾米丽,收货,上架
TVEs504KBl,黑色 品牌32 50英寸 电视机（超高清）,电视机,品牌32,50英寸,超高清,黑色,8*1*1,1,BN25B,艾米丽,收货,上架
PeGi12SoWh,白色 品牌21 12 铅笔（可溶性）,铅笔,品牌21,12,可溶性,白色,48*10*5,2053,AW28G,约翰,收货,上架
LaYn14i7Gr,灰色 品牌15 14英寸 笔记本电脑（第7代处理器）,笔记本电脑,品牌15,14英寸,第7代处理器,灰色,16*1*1,1,BL66H,大卫,收货,上架
KePH35WiPi,粉色 品牌12 350 键盘（有线）,键盘,品牌12,350,有线,粉色,16*10*1,21,BY66B,艾米,收货,上架
DrTE12DoBe,米色 品牌04 1200 抽屉柜（带门式）,抽屉柜,品牌04,1200,带门式,米色,8*1*1,8,AP46F,简,收货,上架
PeAl24SoGr,灰色 品牌20 24 铅笔（可溶性）,铅笔,品牌20,24,可溶性,灰色,48*10*5,471,DR60C,亚历克斯,收货,上架
AlPH1416Wh,白色 品牌12 14英寸 一体机（16吉字节内存）,一体机,品牌12,14英寸,16吉字节内存,白色,16*1*1,11,AF17G,艾米丽,收货,上架
CuQE90DoGr,灰色 品牌01 900 储物柜（带门式）,储物柜,品牌01,900,带门式,灰色,8*1*1,6,CW89B,艾米丽,收货,上架
TVGn42S4Si,银色 品牌30 42英寸 电视机（超级超高清）,电视机,品牌30,42英寸,超级超高清,银色,8*1*1,2,CO08H,艾米丽,收货,上架
DrQE90LoBe,米色 品牌01 900 抽屉柜（储物锁柜）,抽屉柜,品牌01,900,储物锁柜,米色,8*1*1,5,AK45G,简,收货,上架
TaCI18AdWh,白色 品牌27 1800 桌子（可调节）,桌子,品牌27,1800,可调节,白色,8*1*1,4,CW30D,大卫,收货,上架
LaPH17i7Bl,黑色 品牌12 17英寸 笔记本电脑（第7代处理器）,笔记本电脑,品牌12,17英寸,第7代处理器,黑色,16*1*1,9,DN50H,大卫,收货,上架
LaYn14i5Bl,黑色 品牌15 14英寸 笔记本电脑（第5代处理器）,笔记本电脑,品牌15,14英寸,第5代处理器,黑色,16*1*1,8,AQ56F,亚历克斯,收货,上架
TaAE15AuBl,黑色 品牌05 1500 桌子（自动调节）,桌子,品牌05,1500,自动调节,黑色,8*1*1,3,DR34F,艾米丽,收货,上架
TVEs50S4Wh,白色 品牌32 50英寸 电视机（超级超高清）,电视机,品牌32,50英寸,超级超高清,白色,8*1*1,3,BO74A,艾米,收货,上架
TaTR10FrWh,白色 品牌28 1000 桌子（框架式）,桌子,品牌28,1000,框架式,白色,8*1*1,2,AR71B,莎拉,收货,上架
KePH45BlNa,藏青色 品牌12 450 键盘（蓝牙）,键盘,品牌12,450,蓝牙,藏青色,16*10*1,61,DV71F,艾米丽,收货,上架
PrNoA2WiGr,灰色 品牌26 二号纸 打印机（无线网络）,打印机,品牌26,二号纸,无线网络,灰色,16*1*1,8,DU57H,简,收货,上架
LaYn17i5Wh,白色 品牌15 17英寸 笔记本电脑（第5代处理器）,笔记本电脑,品牌15,17英寸,第5代处理器,白色,16*1*1,9,AX92F,约翰,收货,上架
PrReA4LaBl,黑色 品牌24 四号纸 打印机（激光）,打印机,品牌24,四号纸,激光,黑色,16*1*1,16,AU63B,约翰,收货,上架
SPNa12SoWh,白色 品牌23 12 触控笔（可溶性）,触控笔,品牌23,12,可溶性,白色,48*10*5,1731,DS35G,莎拉,收货,上架
OfSEMErPi,粉色 品牌08 中号 办公椅（人体工学）,办公椅,品牌08,中号,人体工学,粉色,16*1*1,4,DX40A,劳拉,收货,上架
TaTR10FrSi,银色 品牌28 1000 桌子（框架式）,桌子,品牌28,1000,框架式,银色,8*1*1,6,DT98C,艾米,收货,上架
AlPH17i7Bl,黑色 品牌12 17英寸 一体机（第7代处理器）,一体机,品牌12,17英寸,第7代处理器,黑色,16*1*1,4,AH02G,劳拉,收货,上架
CaTE18FiBl,黑色 品牌04 1800 文件柜（文件收纳）,文件柜,品牌04,1800,文件收纳,黑色,8*1*1,1,CJ65H,约翰,收货,上架
OfSESHeWh,白色 品牌08 小号 办公椅（头枕）,办公椅,品牌08,小号,头枕,白色,16*1*1,2,DS79G,莎拉,收货,上架
TaTR18AdWh,白色 品牌29 1800 桌子（可调节）,桌子,品牌29,1800,可调节,白色,8*1*1,2,CK36B,约翰,收货,上架
PeRe12WaGr,灰色 品牌22 12 铅笔（水彩）,铅笔,品牌22,12,水彩,灰色,48*10*5,279,BK29A,莎拉,收货,上架
PrPHA3MoBl,黑色 品牌12 三号纸 打印机（黑白）,打印机,品牌12,三号纸,黑白,黑色,16*1*1,12,AJ76C,大卫,收货,上架
CaTE18DoWh,白色 品牌04 1800 文件柜（带门式）,文件柜,品牌04,1800,带门式,白色,8*1*1,8,BZ64E,克里斯,收货,上架
DrQE18LoBl,黑色 品牌01 1800 抽屉柜（储物锁柜）,抽屉柜,品牌01,1800,储物锁柜,黑色,8*1*1,6,DH28D,克里斯,收货,上架
LaYn15i7Si,银色 品牌15 15英寸 笔记本电脑（第7代处理器）,笔记本电脑,品牌15,15英寸,第7代处理器,银色,16*1*1,15,DN58D,迈克,收货,上架
AlPH1716Wh,白色 品牌12 17英寸 一体机（16吉字节内存）,一体机,品牌12,17英寸,16吉字节内存,白色,16*1*1,11,BL90A,艾米,收货,上架
DrWE90FiWh,白色 品牌02 900 抽屉柜（文件收纳）,抽屉柜,品牌02,900,文件收纳,白色,8*1*1,7,AZ78D,克里斯,收货,上架
SPGi24HeBl,黑色 品牌21 24 触控笔（六角形）,触控笔,品牌21,24,六角形,黑色,48*10*5,15,DF64E,约翰,收货,上架
AlRe148GSi,银色 品牌14 14英寸 一体机（8吉字节内存）,一体机,品牌14,14英寸,8吉字节内存,银色,16*1*1,15,DO56B,迈克,收货,上架
CuTE90FiWh,白色 品牌04 900 储物柜（文件收纳）,储物柜,品牌04,900,文件收纳,白色,8*1*1,6,BT75C,迈克,收货,上架
GaOGLLePi,粉色 品牌07 大号 游戏椅（皮革）,游戏椅,品牌07,大号,皮革,粉色,16*1*1,11,BG45C,迈克,收货,上架
KeSu27WiBl,黑色 品牌11 270 键盘（有线）,键盘,品牌11,270,有线,黑色,16*10*1,104,CU20G,艾米,收货,上架
LaYn14i7Gr,灰色 品牌15 14英寸 笔记本电脑（第7代处理器）,笔记本电脑,品牌15,14英寸,第7代处理器,灰色,16*1*1,10,DK87H,莎拉,收货,上架
DrWE18SlGr,灰色 品牌02 1800 抽屉柜（滑动式）,抽屉柜,品牌02,1800,滑动式,灰色,8*1*1,4,DO69G,艾米丽,收货,上架
OfAEMLeWh,白色 品牌05 中号 办公椅（皮革）,办公椅,品牌05,中号,皮革,白色,16*1*1,11,CG29A,迈克,收货,上架
AlRe178GBl,黑色 品牌14 17英寸 一体机（8吉字节内存）,一体机,品牌14,17英寸,8吉字节内存,黑色,16*1*1,15,DG69D,亚历克斯,收货,上架
CaQE12SlGr,灰色 品牌01 1200 文件柜（滑动式）,文件柜,品牌01,1200,滑动式,灰色,8*1*1,7,AY46C,劳拉,收货,上架
KePH35MeWh,白色 品牌12 350 键盘（机械式）,键盘,品牌12,350,机械式,白色,16*10*1,128,DV14E,亚历克斯,收货,上架
CuRG90DoBe,米色 品牌03 900 储物柜（带门式）,储物柜,品牌03,900,带门式,米色,8*1*1,6,AX42F,简,收货,上架
CaTE90FiGr,灰色 品牌04 900 文件柜（文件收纳）,文件柜,品牌04,900,文件收纳,灰色,8*1*1,3,BX77B,艾米,收货,上架
LaPH158GGr,灰色 品牌12 15英寸 笔记本电脑（8吉字节内存）,笔记本电脑,品牌12,15英寸,8吉字节内存,灰色,16*1*1,7,AK04H,简,收货,上架
MoHc45BlPi,粉色 品牌09 450 鼠标（蓝牙）,鼠标,品牌09,450,蓝牙,粉色,16*10*1,95,CM30C,莎拉,收货,上架
CuRG12FiGr,灰色 品牌03 1200 储物柜（文件收纳）,储物柜,品牌03,1200,文件收纳,灰色,8*1*1,5,DT05E,劳拉,收货,上架
KeHc35WiNa,藏青色 品牌09 350 键盘（有线）,键盘,品牌09,350,有线,藏青色,16*10*1,149,BH49D,艾米丽,收货,上架
MoPH27ErWh,白色 品牌12 270 鼠标（人体工学）,鼠标,品牌12,270,人体工学,白色,16*10*1,124,CP72E,迈克,收货,上架
CuQE12FiBe,米色 品牌01 1200 储物柜（文件收纳）,储物柜,品牌01,1200,文件收纳,米色,8*1*1,6,AO97E,约翰,收货,上架
PrPHA3InGr,灰色 品牌12 三号纸 打印机（喷墨）,打印机,品牌12,三号纸,喷墨,灰色,16*1*1,5,BG24C,劳拉,收货,上架
TaAE10AuSi,银色 品牌05 1000 桌子（自动调节）,桌子,品牌05,1000,自动调节,银色,8*1*1,7,CF96C,迈克,收货,上架
PeNa12HeGr,灰色 品牌23 12 铅笔（六角形）,铅笔,品牌23,12,六角形,灰色,48*10*5,771,DH50F,莎拉,收货,上架
TaAE10WoBl,黑色 品牌05 1000 桌子（工作站）,桌子,品牌05,1000,工作站,黑色,8*1*1,2,CH86F,大卫,收货,上架
AlSu1516Si,银色 品牌11 15英寸 一体机（16吉字节内存）,一体机,品牌11,15英寸,16吉字节内存,银色,16*1*1,6,DQ11D,艾米,收货,上架
TVEs42S4Bl,黑色 品牌32 42英寸 电视机（超级超高清）,电视机,品牌32,42英寸,超级超高清,黑色,8*1*1,2,AJ94B,莎拉,收货,上架
OfAELAdGr,灰色 品牌05 大号 办公椅（可调节）,办公椅,品牌05,大号,可调节,灰色,16*1*1,8,CH32D,莎拉,收货,上架
CuWE90DoBe,米色 品牌02 900 储物柜（带门式）,储物柜,品牌02,900,带门式,米色,8*1*1,5,CO58F,大卫,收货,上架
LaPH17i5Bl,黑色 品牌12 17英寸 笔记本电脑（第5代处理器）,笔记本电脑,品牌12,17英寸,第5代处理器,黑色,16*1*1,11,AQ10H,约翰,收货,上架
LaYn1516Wh,白色 品牌15 15英寸 笔记本电脑（16吉字节内存）,笔记本电脑,品牌15,15英寸,16吉字节内存,白色,16*1*1,3,AW69F,大卫,收货,上架
LaOv148GGr,灰色 品牌13 14英寸 笔记本电脑（8吉字节内存）,笔记本电脑,品牌13,14英寸,8吉字节内存,灰色,16*1*1,10,AR06A,莎拉,收货,上架
CaWE18DoGr,灰色 品牌02 1800 文件柜（带门式）,文件柜,品牌02,1800,带门式,灰色,8*1*1,3,CT51G,艾米,收货,上架
AlYn15i7Gr,灰色 品牌15 15英寸 一体机（第7代处理器）,一体机,品牌15,15英寸,第7代处理器,灰色,16*1*1,11,BZ18H,迈克,收货,上架
CuRG90FiGr,灰色 品牌03 900 储物柜（文件收纳）,储物柜,品牌03,900,文件收纳,灰色,8*1*1,3,CU77E,艾米,收货,上架
MoHc27BlPi,粉色 品牌09 270 鼠标（蓝牙）,鼠标,品牌09,270,蓝牙,粉色,16*10*1,93,AI63F,约翰,收货,上架
LaYn14i7Wh,白色 品牌15 14英寸 笔记本电脑（第7代处理器）,笔记本电脑,品牌15,14英寸,第7代处理器,白色,16*1*1,10,DW45E,艾米丽,收货,上架
TaTR15FrGr,灰色 品牌29 1500 桌子（框架式）,桌子,品牌29,1500,框架式,灰色,8*1*1,1,CF30C,莎拉,收货,上架
GaSELLePi,粉色 品牌08 大号 游戏椅（皮革）,游戏椅,品牌08,大号,皮革,粉色,16*1*1,5,CW75A,艾米丽,收货,上架
OfOGMAdWh,白色 品牌07 中号 办公椅（可调节）,办公椅,品牌07,中号,可调节,白色,16*1*1,16,DH57B,约翰,收货,上架
OfAELErGr,灰色 品牌05 大号 办公椅（人体工学）,办公椅,品牌05,大号,人体工学,灰色,16*1*1,16,BV05H,艾米,收货,上架
PrSoA2WiBl,黑色 品牌25 二号纸 打印机（无线网络）,打印机,品牌25,二号纸,无线网络,黑色,16*1*1,15,DN04F,大卫,收货,上架
GaSELHeBl,黑色 品牌08 大号 游戏椅（头枕）,游戏椅,品牌08,大号,头枕,黑色,16*1*1,14,AN52H,大卫,收货,上架
PrReA3AlMi,混合色 品牌24 三号纸 打印机（一体式）,打印机,品牌24,三号纸,一体式,混合色,16*1*1,12,DH97B,艾米,收货,上架
AlSu17i5Gr,灰色 品牌11 17英寸 一体机（第5代处理器）,一体机,品牌11,17英寸,第5代处理器,灰色,16*1*1,6,AX17G,大卫,收货,上架
AlPH15i7Wh,白色 品牌12 15英寸 一体机（第7代处理器）,一体机,品牌12,15英寸,第7代处理器,白色,16*1*1,11,BH85H,亚历克斯,收货,上架
CaQE18LoGr,灰色 品牌01 1800 文件柜（储物锁柜）,文件柜,品牌01,1800,储物锁柜,灰色,8*1*1,8,CK69F,亚历克斯,收货,上架
KeSu35BlNa,藏青色 品牌11 350 键盘（蓝牙）,键盘,品牌11,350,蓝牙,藏青色,16*10*1,42,AO49G,艾米,收货,上架
AlSu17i5Si,银色 品牌11 17英寸 一体机（第5代处理器）,一体机,品牌11,17英寸,第5代处理器,银色,16*1*1,6,CY23A,莎拉,收货,上架
LaPH1416Bl,黑色 品牌12 14英寸 笔记本电脑（16吉字节内存）,笔记本电脑,品牌12,14英寸,16吉字节内存,黑色,16*1*1,12,CG80E,迈克,收货,上架
PrPHA2InGr,灰色 品牌12 二号纸 打印机（喷墨）,打印机,品牌12,二号纸,喷墨,灰色,16*1*1,16,CK49G,莎拉,收货,上架
PrSoA4MoWh,白色 品牌25 四号纸 打印机（黑白）,打印机,品牌25,四号纸,黑白,白色,16*1*1,4,DG71C,迈克,收货,上架
AlSu178GSi,银色 品牌11 17英寸 一体机（8吉字节内存）,一体机,品牌11,17英寸,8吉字节内存,银色,16*1*1,15,DS60A,迈克,收货,上架
MoRe45MeBl,黑色 品牌10 450 鼠标（机械式）,鼠标,品牌10,450,机械式,黑色,16*10*1,44,BO30C,亚历克斯,收货,上架
CaQE90LoBl,黑色 品牌01 900 文件柜（储物锁柜）,文件柜,品牌01,900,储物锁柜,黑色,8*1*1,7,AK09G,大卫,收货,上架
TVGL50SFWh,白色 品牌31 50英寸 电视机（超级全高清）,电视机,品牌31,50英寸,超级全高清,白色,8*1*1,8,CT49D,迈克,收货,上架
SPGi12HeWh,白色 品牌21 12 触控笔（六角形）,触控笔,品牌21,12,六角形,白色,48*10*5,191,CQ13C,大卫,收货,上架
AlYn158GSi,银色 品牌15 15英寸 一体机（8吉字节内存）,一体机,品牌15,15英寸,8吉字节内存,银色,16*1*1,9,CP84D,劳拉,收货,上架
TaTR10WoSi,银色 品牌29 1000 桌子（工作站）,桌子,品牌29,1000,工作站,银色,8*1*1,6,BY32B,艾米,收货,上架
PrSoA2AlGr,灰色 品牌25 二号纸 打印机（一体式）,打印机,品牌25,二号纸,一体式,灰色,16*1*1,2,AK95G,简,收货,上架
NoExA4doWh,白色 品牌16 四号纸 笔记本（点阵）,笔记本,品牌16,四号纸,点阵,白色,48*10*5,667,DV19D,艾米,收货,上架
AlPH158GWh,白色 品牌12 15英寸 一体机（8吉字节内存）,一体机,品牌12,15英寸,8吉字节内存,白色,16*1*1,2,BV61H,大卫,收货,上架
LaPH17i5Wh,白色 品牌12 17英寸 笔记本电脑（第5代处理器）,笔记本电脑,品牌12,17英寸,第5代处理器,白色,16*1*1,11,CR84D,迈克,收货,上架
OfSELHePi,粉色 品牌08 大号 办公椅（头枕）,办公椅,品牌08,大号,头枕,粉色,16*1*1,5,BJ12G,劳拉,收货,上架
AlOv15i5Bl,黑色 品牌13 15英寸 一体机（第5代处理器）,一体机,品牌13,15英寸,第5代处理器,黑色,16*1*1,12,BT07C,艾米,收货,上架
PrPHA4AlGr,灰色 品牌12 四号纸 打印机（一体式）,打印机,品牌12,四号纸,一体式,灰色,16*1*1,12,DQ58B,约翰,收货,上架
AlSu1732Wh,白色 品牌11 17英寸 一体机（32吉字节内存）,一体机,品牌11,17英寸,32吉字节内存,白色,16*1*1,15,AQ40A,艾米丽,收货,上架
CuWE18LoBe,米色 品牌02 1800 储物柜（储物锁柜）,储物柜,品牌02,1800,储物锁柜,米色,8*1*1,5,AL39F,克里斯,收货,上架
DrRG18FiBl,黑色 品牌03 1800 抽屉柜（文件收纳）,抽屉柜,品牌03,1800,文件收纳,黑色,8*1*1,2,AI45E,简,收货,上架
MoSu27ErNa,藏青色 品牌11 270 鼠标（人体工学）,鼠标,品牌11,270,人体工学,藏青色,16*10*1,154,BS81E,亚历克斯,收货,上架
AlSu1516Si,银色 品牌11 15英寸 一体机（16吉字节内存）,一体机,品牌11,15英寸,16吉字节内存,银色,16*1*1,8,BL95A,约翰,收货,上架
LaSu14i5Wh,白色 品牌11 14英寸 笔记本电脑（第5代处理器）,笔记本电脑,品牌11,14英寸,第5代处理器,白色,16*1*1,15,BR85F,大卫,收货,上架
TVGn75SFSi,银色 品牌30 75英寸 电视机（超级全高清）,电视机,品牌30,75英寸,超级全高清,银色,8*1*1,4,CR43A,艾米,收货,上架
SPNa12SoGr,灰色 品牌23 12 触控笔（可溶性）,触控笔,品牌23,12,可溶性,灰色,48*10*5,696,AJ38F,迈克,收货,上架
LaPH14i5Wh,白色 品牌12 14英寸 笔记本电脑（第5代处理器）,笔记本电脑,品牌12,14英寸,第5代处理器,白色,16*1*1,6,DY51D,亚历克斯,收货,上架
DrTE12FiGr,灰色 品牌04 1200 抽屉柜（文件收纳）,抽屉柜,品牌04,1200,文件收纳,灰色,8*1*1,7,DP42A,亚历克斯,收货,上架
MoSu45ErWh,白色 品牌11 450 鼠标（人体工学）,鼠标,品牌11,450,人体工学,白色,16*10*1,47,AG82G,大卫,收货,上架
TVYn75S4Bl,黑色 品牌15 75英寸 电视机（超级超高清）,电视机,品牌15,75英寸,超级超高清,黑色,8*1*1,2,CK40G,迈克,收货,上架
TaCI18AdWh,白色 品牌27 1800 桌子（可调节）,桌子,品牌27,1800,可调节,白色,8*1*1,5,AT48E,迈克,收货,上架
TVYn654KBl,黑色 品牌15 65英寸 电视机（超高清）,电视机,品牌15,65英寸,超高清,黑色,8*1*1,3,CN90C,克里斯,收货,上架
DrTE90FiGr,灰色 品牌04 900 抽屉柜（文件收纳）,抽屉柜,品牌04,900,文件收纳,灰色,8*1*1,1,DM95D,艾米丽,收货,上架
TaTR10WoWh,白色 品牌29 1000 桌子（工作站）,桌子,品牌29,1000,工作站,白色,8*1*1,5,DM41B,劳拉,收货,上架
OfAESHeBl,黑色 品牌05 小号 办公椅（头枕）,办公椅,品牌05,小号,头枕,黑色,16*1*1,5,DV58H,莎拉,收货,上架
MoHc45WiBl,黑色 品牌09 450 鼠标（有线）,鼠标,品牌09,450,有线,黑色,16*10*1,115,CK27E,艾米,收货,上架
SPGi24HeGr,灰色 品牌21 24 触控笔（六角形）,触控笔,品牌21,24,六角形,灰色,48*10*5,383,CU14F,艾米,收货,上架
SPNa12HeWh,白色 品牌23 12 触控笔（六角形）,触控笔,品牌23,12,六角形,白色,48*10*5,1062,DT28H,艾米丽,收货,上架
TVEs65SFGr,灰色 品牌32 65英寸 电视机（超级全高清）,电视机,品牌32,65英寸,超级全高清,灰色,8*1*1,8,BG77D,艾米,收货,上架
SPNa50WaWh,白色 品牌23 50 触控笔（水彩）,触控笔,品牌23,50,水彩,白色,48*10*5,642,DN32C,莎拉,收货,上架
AlYn1532Wh,白色 品牌15 15英寸 一体机（32吉字节内存）,一体机,品牌15,15英寸,32吉字节内存,白色,16*1*1,3,BL12G,克里斯,收货,上架
TVGn32FHGr,灰色 品牌30 32英寸 电视机（全高清）,电视机,品牌30,32英寸,全高清,灰色,8*1*1,1,DM09C,克里斯,收货,上架
NoGrA3doSi,银色 品牌18 三号纸 笔记本（点阵）,笔记本,品牌18,三号纸,点阵,银色,48*10*5,1042,BY72H,迈克,收货,上架
AlPH1516Gr,灰色 品牌12 15英寸 一体机（16吉字节内存）,一体机,品牌12,15英寸,16吉字节内存,灰色,16*1*1,4,CT26F,艾米丽,收货,上架
LaYn14i5Bl,黑色 品牌15 14英寸 笔记本电脑（第5代处理器）,笔记本电脑,品牌15,14英寸,第5代处理器,黑色,16*1*1,14,CP66G,迈克,收货,上架
KeHc45MePi,粉色 品牌09 450 键盘（机械式）,键盘,品牌09,450,机械式,粉色,16*10*1,7,AX61D,克里斯,收货,上架
SPRe24WaGr,灰色 品牌22 24 触控笔（水彩）,触控笔,品牌22,24,水彩,灰色,48*10*5,983,DK70H,亚历克斯,收货,上架
SPAl12HeGr,灰色 品牌20 12 触控笔（六角形）,触控笔,品牌20,12,六角形,灰色,48*10*5,6,CZ05B,简,收货,上架
PeGi50WaBl,黑色 品牌21 50 铅笔（水彩）,铅笔,品牌21,50,水彩,黑色,48*10*5,377,BP01A,亚历克斯,收货,上架
KeHc27WiBl,黑色 品牌09 270 键盘（有线）,键盘,品牌09,270,有线,黑色,16*10*1,89,DX02B,简,收货,上架
KeSu27BlWh,白色 品牌11 270 键盘（蓝牙）,键盘,品牌11,270,蓝牙,白色,16*10*1,131,BH91G,克里斯,收货,上架
PrPHA2MoMi,混合色 品牌12 二号纸 打印机（黑白）,打印机,品牌12,二号纸,黑白,混合色,16*1*1,14,CP07F,简,收货,上架
MoPH45BlWh,白色 品牌12 450 鼠标（蓝牙）,鼠标,品牌12,450,蓝牙,白色,16*10*1,55,DU13H,艾米丽,收货,上架
NoGrA3liBl,黑色 品牌18 三号纸 笔记本（线条）,笔记本,品牌18,三号纸,线条,黑色,48*10*5,1502,BX17G,大卫,收货,上架
OfAESLeBl,黑色 品牌05 小号 办公椅（皮革）,办公椅,品牌05,小号,皮革,黑色,16*1*1,9,CY09C,艾米丽,收货,上架
AlRe1716Gr,灰色 品牌14 17英寸 一体机（16吉字节内存）,一体机,品牌14,17英寸,16吉字节内存,灰色,16*1*1,8,DL46G,莎拉,收货,上架
TVEs75SFBl,黑色 品牌32 75英寸 电视机（超级全高清）,电视机,品牌32,75英寸,超级全高清,黑色,8*1*1,6,AT19F,大卫,收货,上架
DrQE12SlWh,白色 品牌01 1200 抽屉柜（滑动式）,抽屉柜,品牌01,1200,滑动式,白色,8*1*1,7,DQ68H,简,收货,上架
KeHc45BlBl,黑色 品牌09 450 键盘（蓝牙）,键盘,品牌09,450,蓝牙,黑色,16*10*1,22,AH15C,大卫,收货,上架
KeHc45MeNa,藏青色 品牌09 450 键盘（机械式）,键盘,品牌09,450,机械式,藏青色,16*10*1,6,BM92B,大卫,收货,上架
MoRe27MeNa,藏青色 品牌10 270 鼠标（机械式）,鼠标,品牌10,270,机械式,藏青色,16*10*1,2,BJ59G,艾米,收货,上架
CuTE12DoBl,黑色 品牌04 1200 储物柜（带门式）,储物柜,品牌04,1200,带门式,黑色,8*1*1,3,DZ85F,迈克,收货,上架
PrNoA4AlWh,白色 品牌26 四号纸 打印机（一体式）,打印机,品牌26,四号纸,一体式,白色,16*1*1,1,BY26G,艾米丽,收货,上架
GaOGLHePi,粉色 品牌07 大号 游戏椅（头枕）,游戏椅,品牌07,大号,头枕,粉色,16*1*1,16,BQ94C,艾米丽,收货,上架
PrReA2WiBl,黑色 品牌24 二号纸 打印机（无线网络）,打印机,品牌24,二号纸,无线网络,黑色,16*1*1,7,BV75H,艾米丽,收货,上架
NoScA5ruWh,白色 品牌17 五号纸 笔记本（横线）,笔记本,品牌17,五号纸,横线,白色,48*10*5,1271,CX35G,约翰,收货,上架
AlOv14i5Wh,白色 品牌13 14英寸 一体机（第5代处理器）,一体机,品牌13,14英寸,第5代处理器,白色,16*1*1,11,DY79B,艾米丽,收货,上架
TaTR15AdBl,黑色 品牌29 1500 桌子（可调节）,桌子,品牌29,1500,可调节,黑色,8*1*1,7,AH57G,简,收货,上架
CuTE12DoGr,灰色 品牌04 1200 储物柜（带门式）,储物柜,品牌04,1200,带门式,灰色,8*1*1,3,AW48G,劳拉,收货,上架
TVEs75SFSi,银色 品牌32 75英寸 电视机（超级全高清）,电视机,品牌32,75英寸,超级全高清,银色,8*1*1,8,CN06H,劳拉,收货,上架
LaPH17i7Si,银色 品牌12 17英寸 笔记本电脑（第7代处理器）,笔记本电脑,品牌12,17英寸,第7代处理器,银色,16*1*1,16,AN19C,艾米,收货,上架
NoGrA4doGr,灰色 品牌18 四号纸 笔记本（点阵）,笔记本,品牌18,四号纸,点阵,灰色,48*10*5,464,BM76B,大卫,收货,上架
CuQE12DoBe,米色 品牌01 1200 储物柜（带门式）,储物柜,品牌01,1200,带门式,米色,8*1*1,8,AN19H,大卫,收货,上架
NoMuA5ruSi,银色 品牌19 五号纸 笔记本（横线）,笔记本,品牌19,五号纸,横线,银色,48*10*5,2176,DW31C,亚历克斯,收货,上架
LaRe1732Wh,白色 品牌14 17英寸 笔记本电脑（32吉字节内存）,笔记本电脑,品牌14,17英寸,32吉字节内存,白色,16*1*1,8,AZ88F,艾米丽,收货,上架
TaTR15WoBl,黑色 品牌29 1500 桌子（工作站）,桌子,品牌29,1500,工作站,黑色,8*1*1,5,AY54G,简,收货,上架
TaTR15AdGr,灰色 品牌29 1500 桌子（可调节）,桌子,品牌29,1500,可调节,灰色,8*1*1,1,CU47B,莎拉,收货,上架
CuQE18LoWh,白色 品牌01 1800 储物柜（储物锁柜）,储物柜,品牌01,1800,储物锁柜,白色,8*1*1,2,BI68F,迈克,收货,上架
TVEs32SFBl,黑色 品牌32 32英寸 电视机（超级全高清）,电视机,品牌32,32英寸,超级全高清,黑色,8*1*1,8,BL03E,约翰,收货,上架
SPRe12HeWh,白色 品牌22 12 触控笔（六角形）,触控笔,品牌22,12,六角形,白色,48*10*5,1706,BK01C,莎拉,收货,上架
TaCI10AdBl,黑色 品牌27 1000 桌子（可调节）,桌子,品牌27,1000,可调节,黑色,8*1*1,6,DM71H,劳拉,收货,上架
OfOGMHeGr,灰色 品牌07 中号 办公椅（头枕）,办公椅,品牌07,中号,头枕,灰色,16*1*1,1,BY93E,简,收货,上架
PrSoA3MoGr,灰色 品牌25 三号纸 打印机（黑白）,打印机,品牌25,三号纸,黑白,灰色,16*1*1,12,DI73B,亚历克斯,收货,上架
TaTR18FrBl,黑色 品牌28 1800 桌子（框架式）,桌子,品牌28,1800,框架式,黑色,8*1*1,3,CO22C,劳拉,收货,上架
LaYn1716Gr,灰色 品牌15 17英寸 笔记本电脑（16吉字节内存）,笔记本电脑,品牌15,17英寸,16吉字节内存,灰色,16*1*1,8,BU77H,大卫,收货,上架
KeHc45BlNa,藏青色 品牌09 450 键盘（蓝牙）,键盘,品牌09,450,蓝牙,藏青色,16*10*1,123,BH93G,简,收货,上架
KePH45WiPi,粉色 品牌12 450 键盘（有线）,键盘,品牌12,450,有线,粉色,16*10*1,11,AN32F,迈克,收货,上架
PrReA4LaBl,黑色 品牌24 四号纸 打印机（激光）,打印机,品牌24,四号纸,激光,黑色,16*1*1,8,AK43D,艾米丽,收货,上架
DrTE90LoGr,灰色 品牌04 900 抽屉柜（储物锁柜）,抽屉柜,品牌04,900,储物锁柜,灰色,8*1*1,3,AP69B,约翰,收货,上架
TaCI10AuWh,白色 品牌27 1000 桌子（自动调节）,桌子,品牌27,1000,自动调节,白色,8*1*1,4,BZ02C,莎拉,收货,上架
PrReA2InWh,白色 品牌24 二号纸 打印机（喷墨）,打印机,品牌24,二号纸,喷墨,白色,16*1*1,10,AJ88H,简,收货,上架
LaPH1532Si,银色 品牌12 15英寸 笔记本电脑（32吉字节内存）,笔记本电脑,品牌12,15英寸,32吉字节内存,银色,16*1*1,10,CR09E,艾米丽,收货,上架
LaRe14i7Bl,黑色 品牌14 14英寸 笔记本电脑（第7代处理器）,笔记本电脑,品牌14,14英寸,第7代处理器,黑色,16*1*1,13,CQ31C,莎拉,收货,上架
SPGi24WaWh,白色 品牌21 24 触控笔（水彩）,触控笔,品牌21,24,水彩,白色,48*10*5,1903,BR50A,劳拉,收货,上架
LaOv1532Si,银色 品牌13 15英寸 笔记本电脑（32吉字节内存）,笔记本电脑,品牌13,15英寸,32吉字节内存,银色,16*1*1,14,CO85E,约翰,收货,上架
OfAEMErBl,黑色 品牌05 中号 办公椅（人体工学）,办公椅,品牌05,中号,人体工学,黑色,16*1*1,1,BJ54E,劳拉,收货,上架
DrQE12DoWh,白色 品牌01 1200 抽屉柜（带门式）,抽屉柜,品牌01,1200,带门式,白色,8*1*1,1,CY23A,约翰,收货,上架
PrPHA2AlBl,黑色 品牌12 二号纸 打印机（一体式）,打印机,品牌12,二号纸,一体式,黑色,16*1*1,12,BY27F,亚历克斯,收货,上架
NoExA4ruSi,银色 品牌16 四号纸 笔记本（横线）,笔记本,品牌16,四号纸,横线,银色,48*10*5,1961,DP30E,约翰,收货,上架
PrReA2WiWh,白色 品牌24 二号纸 打印机（无线网络）,打印机,品牌24,二号纸,无线网络,白色,16*1*1,6,AV38A,亚历克斯,收货,上架
NoGrA5liGr,灰色 品牌18 五号纸 笔记本（线条）,笔记本,品牌18,五号纸,线条,灰色,48*10*5,1158,CJ26D,迈克,收货,上架
TaTR18AuGr,灰色 品牌29 1800 桌子（自动调节）,桌子,品牌29,1800,自动调节,灰色,8*1*1,6,CG48G,艾米,收货,上架
DrQE18DoWh,白色 品牌01 1800 抽屉柜（带门式）,抽屉柜,品牌01,1800,带门式,白色,8*1*1,5,AS70D,亚历克斯,收货,上架
CaTE18FiBe,米色 品牌04 1800 文件柜（文件收纳）,文件柜,品牌04,1800,文件收纳,米色,8*1*1,3,DX02A,约翰,收货,上架
AlRe14i7Wh,白色 品牌14 14英寸 一体机（第7代处理器）,一体机,品牌14,14英寸,第7代处理器,白色,16*1*1,16,DK22G,艾米,收货,上架
SPGi50WaWh,白色 品牌21 50 触控笔（水彩）,触控笔,品牌21,50,水彩,白色,48*10*5,363,AT86D,克里斯,收货,上架
AlSu1516Wh,白色 品牌11 15英寸 一体机（16吉字节内存）,一体机,品牌11,15英寸,16吉字节内存,白色,16*1*1,15,DM69G,劳拉,收货,上架
PrNoA2AlGr,灰色 品牌26 二号纸 打印机（一体式）,打印机,品牌26,二号纸,一体式,灰色,16*1*1,2,DM34G,克里斯,收货,上架
OfAELLeBl,黑色 品牌05 大号 办公椅（皮革）,办公椅,品牌05,大号,皮革,黑色,16*1*1,2,DU94G,约翰,收货,上架
NoScA4doWh,白色 品牌17 四号纸 笔记本（点阵）,笔记本,品牌17,四号纸,点阵,白色,48*10*5,2111,DZ68B,劳拉,收货,上架
CaQE18LoWh,白色 品牌01 1800 文件柜（储物锁柜）,文件柜,品牌01,1800,储物锁柜,白色,8*1*1,7,BM21A,艾米丽,收货,上架
AlOv14i5Gr,灰色 品牌13 14英寸 一体机（第5代处理器）,一体机,品牌13,14英寸,第5代处理器,灰色,16*1*1,10,DK22E,简,收货,上架
AlRe15i5Bl,黑色 品牌14 15英寸 一体机（第5代处理器）,一体机,品牌14,15英寸,第5代处理器,黑色,16*1*1,3,DO74C,劳拉,收货,上架
KeHc27MePi,粉色 品牌09 270 键盘（机械式）,键盘,品牌09,270,机械式,粉色,16*10*1,80,DG75E,简,收货,上架
NoGrA5doWh,白色 品牌18 五号纸 笔记本（点阵）,笔记本,品牌18,五号纸,点阵,白色,48*10*5,713,AT86B,莎拉,收货,上架
OfAELAdPi,粉色 品牌05 大号 办公椅（可调节）,办公椅,品牌05,大号,可调节,粉色,16*1*1,12,BW12F,迈克,收货,上架
AlPH1516Gr,灰色 品牌12 15英寸 一体机（16吉字节内存）,一体机,品牌12,15英寸,16吉字节内存,灰色,16*1*1,7,AN48B,莎拉,收货,上架
AlPH148GSi,银色 品牌12 14英寸 一体机（8吉字节内存）,一体机,品牌12,14英寸,8吉字节内存,银色,16*1*1,16,CX88A,约翰,收货,上架
NoMuA4doGr,灰色 品牌19 四号纸 笔记本（点阵）,笔记本,品牌19,四号纸,点阵,灰色,48*10*5,2074,AX10E,艾米丽,收货,上架
TVYn32SFWh,白色 品牌15 32英寸 电视机（超级全高清）,电视机,品牌15,32英寸,超级全高清,白色,8*1*1,4,AS28G,大卫,收货,上架
LaSu1716Gr,灰色 品牌11 17英寸 笔记本电脑（16吉字节内存）,笔记本电脑,品牌11,17英寸,16吉字节内存,灰色,16*1*1,9,AN30A,亚历克斯,收货,上架
GaSELErWh,白色 品牌08 大号 游戏椅（人体工学）,游戏椅,品牌08,大号,人体工学,白色,16*1*1,2,CG77E,劳拉,收货,上架
KeSu27MePi,粉色 品牌11 270 键盘（机械式）,键盘,品牌11,270,机械式,粉色,16*10*1,18,AH57H,克里斯,收货,上架
PeRe24HePi,粉色 品牌22 24 铅笔（六角形）,铅笔,品牌22,24,六角形,粉色,48*10*5,1060,AQ66B,莎拉,收货,上架
LaRe1532Wh,白色 品牌14 15英寸 笔记本电脑（32吉字节内存）,笔记本电脑,品牌14,15英寸,32吉字节内存,白色,16*1*1,16,BJ96F,大卫,收货,上架
CuWE18FiWh,白色 品牌02 1800 储物柜（文件收纳）,储物柜,品牌02,1800,文件收纳,白色,8*1*1,2,CG33C,艾米丽,收货,上架
MoSu45WiBl,黑色 品牌11 450 鼠标（有线）,鼠标,品牌11,450,有线,黑色,16*10*1,153,DG08F,艾米,收货,上架
GaAESLeBl,黑色 品牌05 小号 游戏椅（皮革）,游戏椅,品牌05,小号,皮革,黑色,16*1*1,6,DY57F,简,收货,上架
LaSu1732Si,银色 品牌11 17英寸 笔记本电脑（32吉字节内存）,笔记本电脑,品牌11,17英寸,32吉字节内存,银色,16*1*1,14,DO10D,艾米丽,收货,上架
TaCI15FrGr,灰色 品牌27 1500 桌子（框架式）,桌子,品牌27,1500,框架式,灰色,8*1*1,7,DY81D,艾米,收货,上架
OfAEMHeBl,黑色 品牌05 中号 办公椅（头枕）,办公椅,品牌05,中号,头枕,黑色,16*1*1,9,BJ06D,劳拉,收货,上架
CaTE12FiWh,白色 品牌04 1200 文件柜（文件收纳）,文件柜,品牌04,1200,文件收纳,白色,8*1*1,5,CF14C,劳拉,收货,上架
LaSu15i5Wh,白色 品牌11 15英寸 笔记本电脑（第5代处理器）,笔记本电脑,品牌11,15英寸,第5代处理器,白色,16*1*1,7,BS20A,大卫,收货,上架
PrNoA2WiGr,灰色 品牌26 二号纸 打印机（无线网络）,打印机,品牌26,二号纸,无线网络,灰色,16*1*1,14,DR01E,大卫,收货,上架
PeNa12SoGr,灰色 品牌23 12 铅笔（可溶性）,铅笔,品牌23,12,可溶性,灰色,48*10*5,504,DZ61B,艾米丽,收货,上架
PrSoA3WiWh,白色 品牌25 三号纸 打印机（无线网络）,打印机,品牌25,三号纸,无线网络,白色,16*1*1,2,CQ93B,亚历克斯,收货,上架
CuTE12SlBl,黑色 品牌04 1200 储物柜（滑动式）,储物柜,品牌04,1200,滑动式,黑色,8*1*1,8,DJ48A,大卫,收货,上架
LaPH15i7Gr,灰色 品牌12 15英寸 笔记本电脑（第7代处理器）,笔记本电脑,品牌12,15英寸,第7代处理器,灰色,16*1*1,14,BI94C,克里斯,收货,上架
AlPH1532Wh,白色 品牌12 15英寸 一体机（32吉字节内存）,一体机,品牌12,15英寸,32吉字节内存,白色,16*1*1,9,BH53B,简,收货,上架
AlYn17i7Wh,白色 品牌15 17英寸 一体机（第7代处理器）,一体机,品牌15,17英寸,第7代处理器,白色,16*1*1,1,BT76F,迈克,收货,上架
PeAl24WaBl,黑色 品牌20 24 铅笔（水彩）,铅笔,品牌20,24,水彩,黑色,48*10*5,691,DN48E,艾米丽,收货,上架
AlSu17i5Bl,黑色 品牌11 17英寸 一体机（第5代处理器）,一体机,品牌11,17英寸,第5代处理器,黑色,16*1*1,16,DT44G,劳拉,收货,上架
DrQE18DoGr,灰色 品牌01 1800 抽屉柜（带门式）,抽屉柜,品牌01,1800,带门式,灰色,8*1*1,5,DL25D,艾米丽,收货,上架
LaPH1516Gr,灰色 品牌12 15英寸 笔记本电脑（16吉字节内存）,笔记本电脑,品牌12,15英寸,16吉字节内存,灰色,16*1*1,15,AX91G,克里斯,收货,上架
TVGn65S4Si,银色 品牌30 65英寸 电视机（超级超高清）,电视机,品牌30,65英寸,超级超高清,银色,8*1*1,5,DW73H,迈克,收货,上架
AlPH17i5Gr,灰色 品牌12 17英寸 一体机（第5代处理器）,一体机,品牌12,17英寸,第5代处理器,灰色,16*1*1,8,BX90G,艾米丽,收货,上架
TVEs65SFWh,白色 品牌32 65英寸 电视机（超级全高清）,电视机,品牌32,65英寸,超级全高清,白色,8*1*1,2,CU37B,克里斯,收货,上架
TaAE10WoWh,白色 品牌05 1000 桌子（工作站）,桌子,品牌05,1000,工作站,白色,8*1*1,7,AF42A,艾米,收货,上架
OfOGMHeWh,白色 品牌07 中号 办公椅（头枕）,办公椅,品牌07,中号,头枕,白色,16*1*1,4,DL46G,莎拉,收货,上架
TVGL324KGr,灰色 品牌31 32英寸 电视机（超高清）,电视机,品牌31,32英寸,超高清,灰色,8*1*1,8,DF52E,克里斯,收货,上架
LaPH1432Si,银色 品牌12 14英寸 笔记本电脑（32吉字节内存）,笔记本电脑,品牌12,14英寸,32吉字节内存,银色,16*1*1,12,DR62G,简,收货,上架
AlSu1516Gr,灰色 品牌11 15英寸 一体机（16吉字节内存）,一体机,品牌11,15英寸,16吉字节内存,灰色,16*1*1,16,DS47F,大卫,收货,上架
AlPH1732Wh,白色 品牌12 17英寸 一体机（32吉字节内存）,一体机,品牌12,17英寸,32吉字节内存,白色,16*1*1,11,CV82G,艾米丽,收货,上架
LaYn178GGr,灰色 品牌15 17英寸 笔记本电脑（8吉字节内存）,笔记本电脑,品牌15,17英寸,8吉字节内存,灰色,16*1*1,1,AS24E,约翰,收货,上架
TVEs424KWh,白色 品牌32 42英寸 电视机（超高清）,电视机,品牌32,42英寸,超高清,白色,8*1*1,7,BT89B,劳拉,收货,上架
LaSu1716Bl,黑色 品牌11 17英寸 笔记本电脑（16吉字节内存）,笔记本电脑,品牌11,17英寸,16吉字节内存,黑色,16*1*1,10,DV45C,迈克,收货,上架
KeSu45ErWh,白色 品牌11 450 键盘（人体工学）,键盘,品牌11,450,人体工学,白色,16*10*1,41,CQ59B,莎拉,收货,上架
TVYn65S4Bl,黑色 品牌15 65英寸 电视机（超级超高清）,电视机,品牌15,65英寸,超级超高清,黑色,8*1*1,7,BZ18B,艾米丽,收货,上架
AlYn15i7Gr,灰色 品牌15 15英寸 一体机（第7代处理器）,一体机,品牌15,15英寸,第7代处理器,灰色,16*1*1,1,CM54H,亚历克斯,收货,上架
CuWE12SlBl,黑色 品牌02 1200 储物柜（滑动式）,储物柜,品牌02,1200,滑动式,黑色,8*1*1,2,DZ18H,亚历克斯,收货,上架
TaCI10AdBl,黑色 品牌27 1000 桌子（可调节）,桌子,品牌27,1000,可调节,黑色,8*1*1,5,AV55A,简,收货,上架
CaQE90FiBl,黑色 品牌01 900 文件柜（文件收纳）,文件柜,品牌01,900,文件收纳,黑色,8*1*1,8,DL94E,克里斯,收货,上架
GaSEMAdGr,灰色 品牌08 中号 游戏椅（可调节）,游戏椅,品牌08,中号,可调节,灰色,16*1*1,8,AK24F,简,收货,上架
AlSu14i5Wh,白色 品牌11 14英寸 一体机（第5代处理器）,一体机,品牌11,14英寸,第5代处理器,白色,16*1*1,4,BN26F,劳拉,收货,上架
AlYn17i5Si,银色 品牌15 17英寸 一体机（第5代处理器）,一体机,品牌15,17英寸,第5代处理器,银色,16*1*1,1,DI60F,劳拉,收货,上架
PrReA2MoWh,白色 品牌24 二号纸 打印机（黑白）,打印机,品牌24,二号纸,黑白,白色,16*1*1,2,BJ15E,约翰,收货,上架
PeAl50SoWh,白色 品牌20 50 铅笔（可溶性）,铅笔,品牌20,50,可溶性,白色,48*10*5,1831,AI59C,迈克,收货,上架
DrTE18FiBe,米色 品牌04 1800 抽屉柜（文件收纳）,抽屉柜,品牌04,1800,文件收纳,米色,8*1*1,7,CW29F,亚历克斯,收货,上架
AlYn178GSi,银色 品牌15 17英寸 一体机（8吉字节内存）,一体机,品牌15,17英寸,8吉字节内存,银色,16*1*1,8,CL94D,亚历克斯,收货,上架
PrNoA3InMi,混合色 品牌26 三号纸 打印机（喷墨）,打印机,品牌26,三号纸,喷墨,混合色,16*1*1,7,AK75B,劳拉,收货,上架
GaSELErPi,粉色 品牌08 大号 游戏椅（人体工学）,游戏椅,品牌08,大号,人体工学,粉色,16*1*1,11,BN94E,克里斯,收货,上架
CaWE90LoWh,白色 品牌02 900 文件柜（储物锁柜）,文件柜,品牌02,900,储物锁柜,白色,8*1*1,8,BO93A,大卫,收货,上架
GaAEMLeWh,白色 品牌05 中号 游戏椅（皮革）,游戏椅,品牌05,中号,皮革,白色,16*1*1,8,AH35A,艾米丽,收货,上架
GaSEMAdBl,黑色 品牌08 中号 游戏椅（可调节）,游戏椅,品牌08,中号,可调节,黑色,16*1*1,14,CK31G,劳拉,收货,上架
TVGn42SFBl,黑色 品牌30 42英寸 电视机（超级全高清）,电视机,品牌30,42英寸,超级全高清,黑色,8*1*1,5,BU53E,亚历克斯,收货,上架
CuQE12FiWh,白色 品牌01 1200 储物柜（文件收纳）,储物柜,品牌01,1200,文件收纳,白色,8*1*1,4,AW88C,艾米丽,收货,上架
DrTE18LoBe,米色 品牌04 1800 抽屉柜（储物锁柜）,抽屉柜,品牌04,1800,储物锁柜,米色,8*1*1,1,DZ01H,约翰,收货,上架
MoSu35WiBl,黑色 品牌11 350 鼠标（有线）,鼠标,品牌11,350,有线,黑色,16*10*1,61,AR38E,艾米丽,收货,上架
LaOv178GSi,银色 品牌13 17英寸 笔记本电脑（8吉字节内存）,笔记本电脑,品牌13,17英寸,8吉字节内存,银色,16*1*1,13,DG67H,约翰,收货,上架
TaAE10FrGr,灰色 品牌05 1000 桌子（框架式）,桌子,品牌05,1000,框架式,灰色,8*1*1,8,BV46D,约翰,收货,上架
PrPHA3AlMi,混合色 品牌12 三号纸 打印机（一体式）,打印机,品牌12,三号纸,一体式,混合色,16*1*1,4,CO47F,简,收货,上架
TVGL65S4Si,银色 品牌31 65英寸 电视机（超级超高清）,电视机,品牌31,65英寸,超级超高清,银色,8*1*1,5,DW67E,艾米丽,收货,上架
TVGn42S4Gr,灰色 品牌30 42英寸 电视机（超级超高清）,电视机,品牌30,42英寸,超级超高清,灰色,8*1*1,4,AG77H,艾米丽,收货,上架
PrPHA3AlWh,白色 品牌12 三号纸 打印机（一体式）,打印机,品牌12,三号纸,一体式,白色,16*1*1,9,CO60C,艾米丽,收货,上架
TVYn65S4Si,银色 品牌15 65英寸 电视机（超级超高清）,电视机,品牌15,65英寸,超级超高清,银色,8*1*1,4,BZ34E,劳拉,收货,上架
MoRe45BlNa,藏青色 品牌10 450 鼠标（蓝牙）,鼠标,品牌10,450,蓝牙,藏青色,16*10*1,5,DV92D,约翰,收货,上架
LaYn15i7Bl,黑色 品牌15 15英寸 笔记本电脑（第7代处理器）,笔记本电脑,品牌15,15英寸,第7代处理器,黑色,16*1*1,8,CN51F,艾米丽,收货,上架
GaOGLErPi,粉色 品牌07 大号 游戏椅（人体工学）,游戏椅,品牌07,大号,人体工学,粉色,16*1*1,6,AH16E,迈克,收货,上架
KeRe35MeNa,藏青色 品牌10 350 键盘（机械式）,键盘,品牌10,350,机械式,藏青色,16*10*1,131,AG14D,莎拉,收货,上架
MoHc35BlPi,粉色 品牌09 350 鼠标（蓝牙）,鼠标,品牌09,350,蓝牙,粉色,16*10*1,85,BR46B,迈克,收货,上架
AlRe17i7Wh,白色 品牌14 17英寸 一体机（第7代处理器）,一体机,品牌14,17英寸,第7代处理器,白色,16*1*1,13,BY64C,迈克,收货,上架
CuRG18DoBe,米色 品牌03 1800 储物柜（带门式）,储物柜,品牌03,1800,带门式,米色,8*1*1,4,CN24F,克里斯,收货,上架
GaAELAdPi,粉色 品牌05 大号 游戏椅（可调节）,游戏椅,品牌05,大号,可调节,粉色,16*1*1,5,AX54B,劳拉,收货,上架
AlSu1516Bl,黑色 品牌11 15英寸 一体机（16吉字节内存）,一体机,品牌11,15英寸,16吉字节内存,黑色,16*1*1,3,DP93B,艾米,收货,上架
LaYn15i7Gr,灰色 品牌15 15英寸 笔记本电脑（第7代处理器）,笔记本电脑,品牌15,15英寸,第7代处理器,灰色,16*1*1,9,DY88A,约翰,收货,上架
LaYn1532Gr,灰色 品牌15 15英寸 笔记本电脑（32吉字节内存）,笔记本电脑,品牌15,15英寸,32吉字节内存,灰色,16*1*1,6,CQ90A,劳拉,收货,上架
MoHc45WiNa,藏青色 品牌09 450 鼠标（有线）,鼠标,品牌09,450,有线,藏青色,16*10*1,27,DV92D,艾米丽,收货,上架
TVGn75FHBl,黑色 品牌30 75英寸 电视机（全高清）,电视机,品牌30,75英寸,全高清,黑色,8*1*1,4,DV33H,大卫,收货,上架
KeSu27MeWh,白色 品牌11 270 键盘（机械式）,键盘,品牌11,270,机械式,白色,16*10*1,81,BW46A,莎拉,收货,上架
DrRG12LoBl,黑色 品牌03 1200 抽屉柜（储物锁柜）,抽屉柜,品牌03,1200,储物锁柜,黑色,8*1*1,8,DM53B,艾米,收货,上架
CaTE90SlGr,灰色 品牌04 900 文件柜（滑动式）,文件柜,品牌04,900,滑动式,灰色,8*1*1,4,CW67A,迈克,收货,上架
AlSu17i7Bl,黑色 品牌11 17英寸 一体机（第7代处理器）,一体机,品牌11,17英寸,第7代处理器,黑色,16*1*1,12,AZ92A,莎拉,收货,上架
DrWE18LoGr,灰色 品牌02 1800 抽屉柜（储物锁柜）,抽屉柜,品牌02,1800,储物锁柜,灰色,8*1*1,5,CY69H,艾米,收货,上架
TVGL42SFWh,白色 品牌31 42英寸 电视机（超级全高清）,电视机,品牌31,42英寸,超级全高清,白色,8*1*1,5,AJ79G,艾米丽,收货,上架
KePH45BlPi,粉色 品牌12 450 键盘（蓝牙）,键盘,品牌12,450,蓝牙,粉色,16*10*1,149,DX78E,莎拉,收货,上架
AlRe1532Si,银色 品牌14 15英寸 一体机（32吉字节内存）,一体机,品牌14,15英寸,32吉字节内存,银色,16*1*1,3,AQ70A,劳拉,收货,上架
SPAl12WaWh,白色 品牌20 12 触控笔（水彩）,触控笔,品牌20,12,水彩,白色,48*10*5,1820,AJ69H,莎拉,收货,上架
PeRe24SoGr,灰色 品牌22 24 铅笔（可溶性）,铅笔,品牌22,24,可溶性,灰色,48*10*5,813,CK85C,艾米,收货,上架
TaTR18FrGr,灰色 品牌28 1800 桌子（框架式）,桌子,品牌28,1800,框架式,灰色,8*1*1,7,DG09A,克里斯,收货,上架
CuWE90SlBl,黑色 品牌02 900 储物柜（滑动式）,储物柜,品牌02,900,滑动式,黑色,8*1*1,7,AJ31H,大卫,收货,上架
LaSu1716Bl,黑色 品牌11 17英寸 笔记本电脑（16吉字节内存）,笔记本电脑,品牌11,17英寸,16吉字节内存,黑色,16*1*1,11,DU79D,克里斯,收货,上架
TVEs50SFGr,灰色 品牌32 50英寸 电视机（超级全高清）,电视机,品牌32,50英寸,超级全高清,灰色,8*1*1,5,CN71E,艾米,收货,上架
DrWE90LoBl,黑色 品牌02 900 抽屉柜（储物锁柜）,抽屉柜,品牌02,900,储物锁柜,黑色,8*1*1,8,AR36G,艾米丽,收货,上架
AlRe1516Si,银色 品牌14 15英寸 一体机（16吉字节内存）,一体机,品牌14,15英寸,16吉字节内存,银色,16*1*1,1,DY50C,克里斯,收货,上架
MoRe27BlBl,黑色 品牌10 270 鼠标（蓝牙）,鼠标,品牌10,270,蓝牙,黑色,16*10*1,69,CY24G,艾米,收货,上架
PrReA4MoMi,混合色 品牌24 四号纸 打印机（黑白）,打印机,品牌24,四号纸,黑白,混合色,16*1*1,15,BM69G,克里斯,收货,上架
AlSu1532Si,银色 品牌11 15英寸 一体机（32吉字节内存）,一体机,品牌11,15英寸,32吉字节内存,银色,16*1*1,2,AL14H,克里斯,收货,上架
PrSoA4AlWh,白色 品牌25 四号纸 打印机（一体式）,打印机,品牌25,四号纸,一体式,白色,16*1*1,9,BT91B,劳拉,收货,上架
LaYn14i5Gr,灰色 品牌15 14英寸 笔记本电脑（第5代处理器）,笔记本电脑,品牌15,14英寸,第5代处理器,灰色,16*1*1,10,BN07B,简,收货,上架
AlSu15i5Bl,黑色 品牌11 15英寸 一体机（第5代处理器）,一体机,品牌11,15英寸,第5代处理器,黑色,16*1*1,12,DZ77A,莎拉,收货,上架
LaOv1532Bl,黑色 品牌13 15英寸 笔记本电脑（32吉字节内存）,笔记本电脑,品牌13,15英寸,32吉字节内存,黑色,16*1*1,9,BS90B,克里斯,收货,上架
TVYn654KGr,灰色 品牌15 65英寸 电视机（超高清）,电视机,品牌15,65英寸,超高清,灰色,8*1*1,7,DT78H,约翰,收货,上架
AlPH15i5Si,银色 品牌12 15英寸 一体机（第5代处理器）,一体机,品牌12,15英寸,第5代处理器,银色,16*1*1,8,CM60B,亚历克斯,收货,上架
OfOGMAdGr,灰色 品牌07 中号 办公椅（可调节）,办公椅,品牌07,中号,可调节,灰色,16*1*1,11,BJ20D,克里斯,收货,上架
NoGrA3ruWh,白色 品牌18 三号纸 笔记本（横线）,笔记本,品牌18,三号纸,横线,白色,48*10*5,502,AX33G,艾米丽,收货,上架
CuTE12FiGr,灰色 品牌04 1200 储物柜（文件收纳）,储物柜,品牌04,1200,文件收纳,灰色,8*1*1,4,DJ34H,简,收货,上架
KeSu27BlBl,黑色 品牌11 270 键盘（蓝牙）,键盘,品牌11,270,蓝牙,黑色,16*10*1,13,DY57D,亚历克斯,收货,上架
NoGrA4liBl,黑色 品牌18 四号纸 笔记本（线条）,笔记本,品牌18,四号纸,线条,黑色,48*10*5,1239,BF78A,艾米,收货,上架
TVYn42FHSi,银色 品牌15 42英寸 电视机（全高清）,电视机,品牌15,42英寸,全高清,银色,8*1*1,6,BZ03E,大卫,收货,上架
TVYn32SFSi,银色 品牌15 32英寸 电视机（超级全高清）,电视机,品牌15,32英寸,超级全高清,银色,8*1*1,2,BO95G,简,收货,上架
MoHc45WiWh,白色 品牌09 450 鼠标（有线）,鼠标,品牌09,450,有线,白色,16*10*1,156,AF49G,艾米丽,收货,上架
DrRG90LoBe,米色 品牌03 900 抽屉柜（储物锁柜）,抽屉柜,品牌03,900,储物锁柜,米色,8*1*1,6,CX78F,亚历克斯,收货,上架
NoGrA4liBl,黑色 品牌18 四号纸 笔记本（线条）,笔记本,品牌18,四号纸,线条,黑色,48*10*5,1957,AW66F,迈克,收货,上架
AlSu1716Bl,黑色 品牌11 17英寸 一体机（16吉字节内存）,一体机,品牌11,17英寸,16吉字节内存,黑色,16*1*1,12,CF35G,莎拉,收货,上架
OfOGSAdWh,白色 品牌07 小号 办公椅（可调节）,办公椅,品牌07,小号,可调节,白色,16*1*1,4,DQ03B,艾米丽,收货,上架
KeRe27ErBl,黑色 品牌10 270 键盘（人体工学）,键盘,品牌10,270,人体工学,黑色,16*10*1,10,AF98G,艾米,收货,上架
TaCI10AdGr,灰色 品牌27 1000 桌子（可调节）,桌子,品牌27,1000,可调节,灰色,8*1*1,2,BV07G,克里斯,收货,上架
TVGL42SFSi,银色 品牌31 42英寸 电视机（超级全高清）,电视机,品牌31,42英寸,超级全高清,银色,8*1*1,2,AH18C,大卫,收货,上架
TaAE10AuSi,银色 品牌05 1000 桌子（自动调节）,桌子,品牌05,1000,自动调节,银色,8*1*1,4,CP02G,大卫,收货,上架
TVGL42FHSi,银色 品牌31 42英寸 电视机（全高清）,电视机,品牌31,42英寸,全高清,银色,8*1*1,6,BO89E,大卫,收货,上架
AlOv1716Si,银色 品牌13 17英寸 一体机（16吉字节内存）,一体机,品牌13,17英寸,16吉字节内存,银色,16*1*1,1,AU70G,迈克,收货,上架
NoMuA4doBl,黑色 品牌19 四号纸 笔记本（点阵）,笔记本,品牌19,四号纸,点阵,黑色,48*10*5,1329,AP05B,克里斯,收货,上架
CaQE90SlBl,黑色 品牌01 900 文件柜（滑动式）,文件柜,品牌01,900,滑动式,黑色,8*1*1,5,BW68G,艾米丽,收货,上架
TVEs424KBl,黑色 品牌32 42英寸 电视机（超高清）,电视机,品牌32,42英寸,超高清,黑色,8*1*1,1,BX92A,克里斯,收货,上架
OfSESErGr,灰色 品牌08 小号 办公椅（人体工学）,办公椅,品牌08,小号,人体工学,灰色,16*1*1,9,BM75A,亚历克斯,收货,上架
NoGrA5liSi,银色 品牌18 五号纸 笔记本（线条）,笔记本,品牌18,五号纸,线条,银色,48*10*5,394,BS72B,艾米,收货,上架
KeSu35BlWh,白色 品牌11 350 键盘（蓝牙）,键盘,品牌11,350,蓝牙,白色,16*10*1,120,AL45F,莎拉,收货,上架
OfXESAdPi,粉色 品牌06 小号 办公椅（可调节）,办公椅,品牌06,小号,可调节,粉色,16*1*1,14,CQ76C,大卫,收货,上架
SPGi24HePi,粉色 品牌21 24 触控笔（六角形）,触控笔,品牌21,24,六角形,粉色,48*10*5,329,CO66B,克里斯,收货,上架
AlRe1532Gr,灰色 品牌14 15英寸 一体机（32吉字节内存）,一体机,品牌14,15英寸,32吉字节内存,灰色,16*1*1,13,DN34C,大卫,收货,上架
MoRe45BlNa,藏青色 品牌10 450 鼠标（蓝牙）,鼠标,品牌10,450,蓝牙,藏青色,16*10*1,66,AR32C,亚历克斯,收货,上架
LaYn15i7Si,银色 品牌15 15英寸 笔记本电脑（第7代处理器）,笔记本电脑,品牌15,15英寸,第7代处理器,银色,16*1*1,10,CL66D,莎拉,收货,上架
TaTR18AuSi,银色 品牌28 1800 桌子（自动调节）,桌子,品牌28,1800,自动调节,银色,8*1*1,4,DN73H,艾米,收货,上架
MoSu45ErWh,白色 品牌11 450 鼠标（人体工学）,鼠标,品牌11,450,人体工学,白色,16*10*1,63,CW23A,迈克,收货,上架
CuWE12FiBe,米色 品牌02 1200 储物柜（文件收纳）,储物柜,品牌02,1200,文件收纳,米色,8*1*1,6,BU59F,约翰,收货,上架
CuQE18SlBe,米色 品牌01 1800 储物柜（滑动式）,储物柜,品牌01,1800,滑动式,米色,8*1*1,1,BI28C,艾米丽,收货,上架
AlSu1432Wh,白色 品牌11 14英寸 一体机（32吉字节内存）,一体机,品牌11,14英寸,32吉字节内存,白色,16*1*1,7,BR75A,大卫,收货,上架
TVEs504KGr,灰色 品牌32 50英寸 电视机（超高清）,电视机,品牌32,50英寸,超高清,灰色,8*1*1,6,BX19C,约翰,收货,上架
CaRG18LoGr,灰色 品牌03 1800 文件柜（储物锁柜）,文件柜,品牌03,1800,储物锁柜,灰色,8*1*1,6,AP95D,劳拉,收货,上架
LaRe17i5Wh,白色 品牌14 17英寸 笔记本电脑（第5代处理器）,笔记本电脑,品牌14,17英寸,第5代处理器,白色,16*1*1,9,CL65E,艾米丽,收货,上架
LaRe1532Wh,白色 品牌14 15英寸 笔记本电脑（32吉字节内存）,笔记本电脑,品牌14,15英寸,32吉字节内存,白色,16*1*1,16,BJ51G,亚历克斯,收货,上架
TaTR15FrSi,银色 品牌28 1500 桌子（框架式）,桌子,品牌28,1500,框架式,银色,8*1*1,1,DJ40E,大卫,收货,上架
NoExA4ruSi,银色 品牌16 四号纸 笔记本（横线）,笔记本,品牌16,四号纸,横线,银色,48*10*5,720,CF54G,简,收货,上架
MoRe27BlNa,藏青色 品牌10 270 鼠标（蓝牙）,鼠标,品牌10,270,蓝牙,藏青色,16*10*1,104,AG80A,迈克,收货,上架
TaAE18AdGr,灰色 品牌05 1800 桌子（可调节）,桌子,品牌05,1800,可调节,灰色,8*1*1,2,BH87H,艾米丽,收货,上架
DrWE90LoBe,米色 品牌02 900 抽屉柜（储物锁柜）,抽屉柜,品牌02,900,储物锁柜,米色,8*1*1,3,BQ90D,约翰,收货,上架
LaPH1432Wh,白色 品牌12 14英寸 笔记本电脑（32吉字节内存）,笔记本电脑,品牌12,14英寸,32吉字节内存,白色,16*1*1,8,AW03A,简,收货,上架
TVYn32SFSi,银色 品牌15 32英寸 电视机（超级全高清）,电视机,品牌15,32英寸,超级全高清,银色,8*1*1,6,CF14C,迈克,收货,上架
GaAEMAdPi,粉色 品牌05 中号 游戏椅（可调节）,游戏椅,品牌05,中号,可调节,粉色,16*1*1,14,AX88H,艾米,收货,上架
AlPH14i5Bl,黑色 品牌12 14英寸 一体机（第5代处理器）,一体机,品牌12,14英寸,第5代处理器,黑色,16*1*1,1,AZ94E,莎拉,收货,上架
DrTE90SlGr,灰色 品牌04 900 抽屉柜（滑动式）,抽屉柜,品牌04,900,滑动式,灰色,8*1*1,7,CL98B,艾米丽,收货,上架
SPNa24WaPi,粉色 品牌23 24 触控笔（水彩）,触控笔,品牌23,24,水彩,粉色,48*10*5,207,CS08D,简,收货,上架
CaTE90LoWh,白色 品牌04 900 文件柜（储物锁柜）,文件柜,品牌04,900,储物锁柜,白色,8*1*1,1,CZ16H,劳拉,收货,上架
AlSu1516Wh,白色 品牌11 15英寸 一体机（16吉字节内存）,一体机,品牌11,15英寸,16吉字节内存,白色,16*1*1,2,AN24C,大卫,收货,上架
AlOv17i5Si,银色 品牌13 17英寸 一体机（第5代处理器）,一体机,品牌13,17英寸,第5代处理器,银色,16*1*1,4,DX25D,大卫,收货,上架
KePH45ErWh,白色 品牌12 450 键盘（人体工学）,键盘,品牌12,450,人体工学,白色,16*10*1,32,DR54E,劳拉,收货,上架
CaWE12LoWh,白色 品牌02 1200 文件柜（储物锁柜）,文件柜,品牌02,1200,储物锁柜,白色,8*1*1,5,CO65E,迈克,收货,上架
OfSELAdPi,粉色 品牌08 大号 办公椅（可调节）,办公椅,品牌08,大号,可调节,粉色,16*1*1,16,CX31D,艾米丽,收货,上架
LaRe1532Si,银色 品牌14 15英寸 笔记本电脑（32吉字节内存）,笔记本电脑,品牌14,15英寸,32吉字节内存,银色,16*1*1,10,CV55B,莎拉,收货,上架
DrQE90LoBl,黑色 品牌01 900 抽屉柜（储物锁柜）,抽屉柜,品牌01,900,储物锁柜,黑色,8*1*1,3,BW50G,莎拉,收货,上架
TVGL50SFGr,灰色 品牌31 50英寸 电视机（超级全高清）,电视机,品牌31,50英寸,超级全高清,灰色,8*1*1,7,AQ81F,约翰,收货,上架
PeNa50HeGr,灰色 品牌23 50 铅笔（六角形）,铅笔,品牌23,50,六角形,灰色,48*10*5,25,CJ96A,迈克,收货,上架
PrNoA4InGr,灰色 品牌26 四号纸 打印机（喷墨）,打印机,品牌26,四号纸,喷墨,灰色,16*1*1,7,BP25E,简,收货,上架
PeGi12HeBl,黑色 品牌21 12 铅笔（六角形）,铅笔,品牌21,12,六角形,黑色,48*10*5,474,AG89H,艾米,收货,上架
GaOGLLeWh,白色 品牌07 大号 游戏椅（皮革）,游戏椅,品牌07,大号,皮革,白色,16*1*1,9,DO73G,劳拉,收货,上架
CaRG18SlGr,灰色 品牌03 1800 文件柜（滑动式）,文件柜,品牌03,1800,滑动式,灰色,8*1*1,8,BR19G,亚历克斯,收货,上架
PrPHA4MoBl,黑色 品牌12 四号纸 打印机（黑白）,打印机,品牌12,四号纸,黑白,黑色,16*1*1,6,CO04G,约翰,收货,上架
PrSoA4MoMi,混合色 品牌25 四号纸 打印机（黑白）,打印机,品牌25,四号纸,黑白,混合色,16*1*1,3,CI77A,迈克,收货,上架
AlOv148GWh,白色 品牌13 14英寸 一体机（8吉字节内存）,一体机,品牌13,14英寸,8吉字节内存,白色,16*1*1,16,AS61C,克里斯,收货,上架
CaRG90FiBe,米色 品牌03 900 文件柜（文件收纳）,文件柜,品牌03,900,文件收纳,米色,8*1*1,3,CF65C,劳拉,收货,上架
AlYn1516Si,银色 品牌15 15英寸 一体机（16吉字节内存）,一体机,品牌15,15英寸,16吉字节内存,银色,16*1*1,7,BU70B,亚历克斯,收货,上架
MoSu27WiPi,粉色 品牌11 270 鼠标（有线）,鼠标,品牌11,270,有线,粉色,16*10*1,56,BR43G,艾米丽,收货,上架
GaOGMAdGr,灰色 品牌07 中号 游戏椅（可调节）,游戏椅,品牌07,中号,可调节,灰色,16*1*1,11,CQ15A,简,收货,上架
TaAE10AuBl,黑色 品牌05 1000 桌子（自动调节）,桌子,品牌05,1000,自动调节,黑色,8*1*1,8,CN49G,克里斯,收货,上架
CaTE18DoWh,白色 品牌04 1800 文件柜（带门式）,文件柜,品牌04,1800,带门式,白色,8*1*1,7,DP87F,艾米丽,收货,上架
CuQE12SlBl,黑色 品牌01 1200 储物柜（滑动式）,储物柜,品牌01,1200,滑动式,黑色,8*1*1,1,CP09F,艾米,收货,上架
LaSu1716Si,银色 品牌11 17英寸 笔记本电脑（16吉字节内存）,笔记本电脑,品牌11,17英寸,16吉字节内存,银色,16*1*1,3,CV07B,莎拉,收货,上架
CuQE12LoBe,米色 品牌01 1200 储物柜（储物锁柜）,储物柜,品牌01,1200,储物锁柜,米色,8*1*1,7,DQ31G,莎拉,收货,上架
MoHc45MeWh,白色 品牌09 450 鼠标（机械式）,鼠标,品牌09,450,机械式,白色,16*10*1,146,CY69H,迈克,收货,上架
SPAl50HePi,粉色 品牌20 50 触控笔（六角形）,触控笔,品牌20,50,六角形,粉色,48*10*5,2144,CI73B,艾米丽,收货,上架
DrQE90FiWh,白色 品牌01 900 抽屉柜（文件收纳）,抽屉柜,品牌01,900,文件收纳,白色,8*1*1,3,BX80E,艾米,收货,上架
PeRe24HeBl,黑色 品牌22 24 铅笔（六角形）,铅笔,品牌22,24,六角形,黑色,48*10*5,1258,AK91H,莎拉,收货,上架
LaYn1516Gr,灰色 品牌15 15英寸 笔记本电脑（16吉字节内存）,笔记本电脑,品牌15,15英寸,16吉字节内存,灰色,16*1*1,11,CO26A,约翰,收货,上架
CuQE18DoBe,米色 品牌01 1800 储物柜（带门式）,储物柜,品牌01,1800,带门式,米色,8*1*1,6,DK79D,克里斯,收货,上架
TVYn42SFBl,黑色 品牌15 42英寸 电视机（超级全高清）,电视机,品牌15,42英寸,超级全高清,黑色,8*1*1,6,DT28H,约翰,收货,上架
TVGL32SFBl,黑色 品牌31 32英寸 电视机（超级全高清）,电视机,品牌31,32英寸,超级全高清,黑色,8*1*1,8,BQ69E,约翰,收货,上架
MoRe35ErBl,黑色 品牌10 350 鼠标（人体工学）,鼠标,品牌10,350,人体工学,黑色,16*10*1,3,DP74C,大卫,收货,上架
CaQE90FiBl,黑色 品牌01 900 文件柜（文件收纳）,文件柜,品牌01,900,文件收纳,黑色,8*1*1,8,CY40F,迈克,收货,上架
DrRG90FiGr,灰色 品牌03 900 抽屉柜（文件收纳）,抽屉柜,品牌03,900,文件收纳,灰色,8*1*1,3,AY02G,约翰,收货,上架
NoExA3doWh,白色 品牌16 三号纸 笔记本（点阵）,笔记本,品牌16,三号纸,点阵,白色,48*10*5,1218,AN23D,迈克,收货,上架
PeNa24WaBl,黑色 品牌23 24 铅笔（水彩）,铅笔,品牌23,24,水彩,黑色,48*10*5,190,CP12F,简,收货,上架
SPGi12WaWh,白色 品牌21 12 触控笔（水彩）,触控笔,品牌21,12,水彩,白色,48*10*5,1027,AL88A,迈克,收货,上架
CaTE90LoBl,黑色 品牌04 900 文件柜（储物锁柜）,文件柜,品牌04,900,储物锁柜,黑色,8*1*1,7,DU93H,艾米,收货,上架
CaTE90SlBl,黑色 品牌04 900 文件柜（滑动式）,文件柜,品牌04,900,滑动式,黑色,8*1*1,3,DF80D,亚历克斯,收货,上架
MoPH45MeNa,藏青色 品牌12 450 鼠标（机械式）,鼠标,品牌12,450,机械式,藏青色,16*10*1,146,DQ22G,艾米丽,收货,上架
MoPH27ErBl,黑色 品牌12 270 鼠标（人体工学）,鼠标,品牌12,270,人体工学,黑色,16*10*1,47,AR39F,约翰,收货,上架
TVEs50FHBl,黑色 品牌32 50英寸 电视机（全高清）,电视机,品牌32,50英寸,全高清,黑色,8*1*1,4,CT02F,约翰,收货,上架
OfAELAdPi,粉色 品牌05 大号 办公椅（可调节）,办公椅,品牌05,大号,可调节,粉色,16*1*1,14,BF76D,克里斯,收货,上架
DrQE12FiWh,白色 品牌01 1200 抽屉柜（文件收纳）,抽屉柜,品牌01,1200,文件收纳,白色,8*1*1,6,DY84D,艾米,收货,上架
LaRe14i5Si,银色 品牌14 14英寸 笔记本电脑（第5代处理器）,笔记本电脑,品牌14,14英寸,第5代处理器,银色,16*1*1,5,AK37A,劳拉,收货,上架
CaQE12SlBl,黑色 品牌01 1200 文件柜（滑动式）,文件柜,品牌01,1200,滑动式,黑色,8*1*1,7,BV43E,简,收货,上架
CuRG12SlWh,白色 品牌03 1200 储物柜（滑动式）,储物柜,品牌03,1200,滑动式,白色,8*1*1,5,BW49A,约翰,收货,上架
CaWE12SlBe,米色 品牌02 1200 文件柜（滑动式）,文件柜,品牌02,1200,滑动式,米色,8*1*1,8,AV12C,艾米,收货,上架
LaOv15i7Wh,白色 品牌13 15英寸 笔记本电脑（第7代处理器）,笔记本电脑,品牌13,15英寸,第7代处理器,白色,16*1*1,6,CN87B,艾米丽,收货,上架
KePH27ErBl,黑色 品牌12 270 键盘（人体工学）,键盘,品牌12,270,人体工学,黑色,16*10*1,148,CJ51C,迈克,收货,上架
LaSu148GGr,灰色 品牌11 14英寸 笔记本电脑（8吉字节内存）,笔记本电脑,品牌11,14英寸,8吉字节内存,灰色,16*1*1,3,BF84B,迈克,收货,上架
MoSu27WiPi,粉色 品牌11 270 鼠标（有线）,鼠标,品牌11,270,有线,粉色,16*10*1,21,BU84A,克里斯,收货,上架
AlOv14i7Gr,灰色 品牌13 14英寸 一体机（第7代处理器）,一体机,品牌13,14英寸,第7代处理器,灰色,16*1*1,3,AX67G,艾米,收货,上架
LaRe15i5Wh,白色 品牌14 15英寸 笔记本电脑（第5代处理器）,笔记本电脑,品牌14,15英寸,第5代处理器,白色,16*1*1,12,DP46H,艾米,收货,上架
DrQE18LoGr,灰色 品牌01 1800 抽屉柜（储物锁柜）,抽屉柜,品牌01,1800,储物锁柜,灰色,8*1*1,7,CR88G,克里斯,收货,上架
MoHc45BlPi,粉色 品牌09 450 鼠标（蓝牙）,鼠标,品牌09,450,蓝牙,粉色,16*10*1,107,DG26F,大卫,收货,上架
LaRe1732Wh,白色 品牌14 17英寸 笔记本电脑（32吉字节内存）,笔记本电脑,品牌14,17英寸,32吉字节内存,白色,16*1*1,6,BH79C,简,收货,上架
GaOGMLeBl,黑色 品牌07 中号 游戏椅（皮革）,游戏椅,品牌07,中号,皮革,黑色,16*1*1,9,CM97A,约翰,收货,上架
CuWE12DoBe,米色 品牌02 1200 储物柜（带门式）,储物柜,品牌02,1200,带门式,米色,8*1*1,5,CF67H,简,收货,上架
GaSELHeGr,灰色 品牌08 大号 游戏椅（头枕）,游戏椅,品牌08,大号,头枕,灰色,16*1*1,3,DG27C,莎拉,收货,上架
DrQE90DoBl,黑色 品牌01 900 抽屉柜（带门式）,抽屉柜,品牌01,900,带门式,黑色,8*1*1,5,BR95H,劳拉,收货,上架
PrReA3AlGr,灰色 品牌24 三号纸 打印机（一体式）,打印机,品牌24,三号纸,一体式,灰色,16*1*1,3,CM37E,大卫,收货,上架
SPRe50WaPi,粉色 品牌22 50 触控笔（水彩）,触控笔,品牌22,50,水彩,粉色,48*10*5,1398,AV04G,艾米丽,收货,上架
PrSoA3LaBl,黑色 品牌25 三号纸 打印机（激光）,打印机,品牌25,三号纸,激光,黑色,16*1*1,6,BO78E,约翰,收货,上架
PeGi24WaBl,黑色 品牌21 24 铅笔（水彩）,铅笔,品牌21,24,水彩,黑色,48*10*5,940,CH55B,艾米,收货,上架
TVEs50FHWh,白色 品牌32 50英寸 电视机（全高清）,电视机,品牌32,50英寸,全高清,白色,8*1*1,2,CK91E,迈克,收货,上架
TaTR15AdSi,银色 品牌28 1500 桌子（可调节）,桌子,品牌28,1500,可调节,银色,8*1*1,1,DV64A,艾米,收货,上架
CuTE18LoGr,灰色 品牌04 1800 储物柜（储物锁柜）,储物柜,品牌04,1800,储物锁柜,灰色,8*1*1,5,CY32G,艾米,收货,上架
TVEs65SFBl,黑色 品牌32 65英寸 电视机（超级全高清）,电视机,品牌32,65英寸,超级全高清,黑色,8*1*1,1,CO79D,大卫,收货,上架
NoGrA4liWh,白色 品牌18 四号纸 笔记本（线条）,笔记本,品牌18,四号纸,线条,白色,48*10*5,2098,BN73E,莎拉,收货,上架
TVYn32S4Gr,灰色 品牌15 32英寸 电视机（超级超高清）,电视机,品牌15,32英寸,超级超高清,灰色,8*1*1,8,DG92G,迈克,收货,上架
DrRG18DoBl,黑色 品牌03 1800 抽屉柜（带门式）,抽屉柜,品牌03,1800,带门式,黑色,8*1*1,7,BO35C,劳拉,收货,上架
KeRe35BlWh,白色 品牌10 350 键盘（蓝牙）,键盘,品牌10,350,蓝牙,白色,16*10*1,139,AU90E,约翰,收货,上架
CaWE12SlBl,黑色 品牌02 1200 文件柜（滑动式）,文件柜,品牌02,1200,滑动式,黑色,8*1*1,4,AV29F,艾米,收货,上架
GaOGMErPi,粉色 品牌07 中号 游戏椅（人体工学）,游戏椅,品牌07,中号,人体工学,粉色,16*1*1,3,CZ11G,简,收货,上架
CuQE90SlGr,灰色 品牌01 900 储物柜（滑动式）,储物柜,品牌01,900,滑动式,灰色,8*1*1,8,BT17H,莎拉,收货,上架
GaAELHePi,粉色 品牌05 大号 游戏椅（头枕）,游戏椅,品牌05,大号,头枕,粉色,16*1*1,5,AP02C,艾米,收货,上架
TVGn32SFSi,银色 品牌30 32英寸 电视机（超级全高清）,电视机,品牌30,32英寸,超级全高清,银色,8*1*1,3,BZ44C,艾米丽,收货,上架
LaSu1532Bl,黑色 品牌11 15英寸 笔记本电脑（32吉字节内存）,笔记本电脑,品牌11,15英寸,32吉字节内存,黑色,16*1*1,10,BM83G,艾米,收货,上架
CuQE12SlBl,黑色 品牌01 1200 储物柜（滑动式）,储物柜,品牌01,1200,滑动式,黑色,8*1*1,5,AS74D,迈克,收货,上架
CuTE18FiBe,米色 品牌04 1800 储物柜（文件收纳）,储物柜,品牌04,1800,文件收纳,米色,8*1*1,5,DM55A,艾米丽,收货,上架
MoSu27ErNa,藏青色 品牌11 270 鼠标（人体工学）,鼠标,品牌11,270,人体工学,藏青色,16*10*1,59,CG83G,艾米,收货,上架
TVGn32SFBl,黑色 品牌30 32英寸 电视机（超级全高清）,电视机,品牌30,32英寸,超级全高清,黑色,8*1*1,4,CT48A,迈克,收货,上架
CuTE90DoGr,灰色 品牌04 900 储物柜（带门式）,储物柜,品牌04,900,带门式,灰色,8*1*1,4,BV63E,简,收货,上架
PrSoA3LaBl,黑色 品牌25 三号纸 打印机（激光）,打印机,品牌25,三号纸,激光,黑色,16*1*1,4,CG22D,莎拉,收货,上架
CuQE90FiBe,米色 品牌01 900 储物柜（文件收纳）,储物柜,品牌01,900,文件收纳,米色,8*1*1,5,BU33C,约翰,收货,上架
PrReA3LaBl,黑色 品牌24 三号纸 打印机（激光）,打印机,品牌24,三号纸,激光,黑色,16*1*1,3,AG15A,克里斯,收货,上架
AlRe14i5Gr,灰色 品牌14 14英寸 一体机（第5代处理器）,一体机,品牌14,14英寸,第5代处理器,灰色,16*1*1,1,DV59A,艾米丽,收货,上架
LaPH14i7Bl,黑色 品牌12 14英寸 笔记本电脑（第7代处理器）,笔记本电脑,品牌12,14英寸,第7代处理器,黑色,16*1*1,6,CK18A,艾米丽,收货,上架
TVGL42S4Gr,灰色 品牌31 42英寸 电视机（超级超高清）,电视机,品牌31,42英寸,超级超高清,灰色,8*1*1,5,AG48D,大卫,收货,上架
TVEs754KBl,黑色 品牌32 75英寸 电视机（超高清）,电视机,品牌32,75英寸,超高清,黑色,8*1*1,2,AL65D,亚历克斯,收货,上架
TVGn50S4Gr,灰色 品牌30 50英寸 电视机（超级超高清）,电视机,品牌30,50英寸,超级超高清,灰色,8*1*1,5,BV09H,艾米丽,收货,上架
PeNa50HeWh,白色 品牌23 50 铅笔（六角形）,铅笔,品牌23,50,六角形,白色,48*10*5,1053,AZ09E,克里斯,收货,上架
MoRe27MeWh,白色 品牌10 270 鼠标（机械式）,鼠标,品牌10,270,机械式,白色,16*10*1,78,DK42D,亚历克斯,收货,上架
LaRe158GSi,银色 品牌14 15英寸 笔记本电脑（8吉字节内存）,笔记本电脑,品牌14,15英寸,8吉字节内存,银色,16*1*1,10,CS72C,亚历克斯,收货,上架
TVGn50S4Gr,灰色 品牌30 50英寸 电视机（超级超高清）,电视机,品牌30,50英寸,超级超高清,灰色,8*1*1,8,AZ53F,莎拉,收货,上架
PrSoA4AlMi,混合色 品牌25 四号纸 打印机（一体式）,打印机,品牌25,四号纸,一体式,混合色,16*1*1,3,BT65E,约翰,收货,上架
KeHc27MeBl,黑色 品牌09 270 键盘（机械式）,键盘,品牌09,270,机械式,黑色,16*10*1,34,AW59H,约翰,收货,上架
CaTE90LoBe,米色 品牌04 900 文件柜（储物锁柜）,文件柜,品牌04,900,储物锁柜,米色,8*1*1,6,CS47D,大卫,收货,上架
KePH35WiBl,黑色 品牌12 350 键盘（有线）,键盘,品牌12,350,有线,黑色,16*10*1,50,BF50H,艾米丽,收货,上架
PeNa50HeWh,白色 品牌23 50 铅笔（六角形）,铅笔,品牌23,50,六角形,白色,48*10*5,2010,BJ43C,艾米,收货,上架
AlRe15i5Si,银色 品牌14 15英寸 一体机（第5代处理器）,一体机,品牌14,15英寸,第5代处理器,银色,16*1*1,7,DJ71B,约翰,收货,上架
PeAl12WaBl,黑色 品牌20 12 铅笔（水彩）,铅笔,品牌20,12,水彩,黑色,48*10*5,2351,DF34H,劳拉,收货,上架
MoHc35MeBl,黑色 品牌09 350 鼠标（机械式）,鼠标,品牌09,350,机械式,黑色,16*10*1,103,AY01E,简,收货,上架
TVGL32FHGr,灰色 品牌31 32英寸 电视机（全高清）,电视机,品牌31,32英寸,全高清,灰色,8*1*1,3,BJ32C,亚历克斯,收货,上架
TVYn754KWh,白色 品牌15 75英寸 电视机（超高清）,电视机,品牌15,75英寸,超高清,白色,8*1*1,6,AX66D,艾米丽,收货,上架
CaRG12SlBl,黑色 品牌03 1200 文件柜（滑动式）,文件柜,品牌03,1200,滑动式,黑色,8*1*1,6,CO17G,大卫,收货,上架
TVGn65S4Bl,黑色 品牌30 65英寸 电视机（超级超高清）,电视机,品牌30,65英寸,超级超高清,黑色,8*1*1,5,CT56G,亚历克斯,收货,上架
DrQE18SlBl,黑色 品牌01 1800 抽屉柜（滑动式）,抽屉柜,品牌01,1800,滑动式,黑色,8*1*1,5,CF93E,艾米,收货,上架
TaTR18FrGr,灰色 品牌28 1800 桌子（框架式）,桌子,品牌28,1800,框架式,灰色,8*1*1,4,CP68A,简,收货,上架
TVGL42SFGr,灰色 品牌31 42英寸 电视机（超级全高清）,电视机,品牌31,42英寸,超级全高清,灰色,8*1*1,7,DR88E,克里斯,收货,上架
OfSELLeGr,灰色 品牌08 大号 办公椅（皮革）,办公椅,品牌08,大号,皮革,灰色,16*1*1,14,BV03D,迈克,收货,上架
TaCI10FrGr,灰色 品牌27 1000 桌子（框架式）,桌子,品牌27,1000,框架式,灰色,8*1*1,8,CF84A,克里斯,收货,上架
LaRe1416Si,银色 品牌14 14英寸 笔记本电脑（16吉字节内存）,笔记本电脑,品牌14,14英寸,16吉字节内存,银色,16*1*1,15,BW34H,劳拉,收货,上架
GaXESErWh,白色 品牌06 小号 游戏椅（人体工学）,游戏椅,品牌06,小号,人体工学,白色,16*1*1,12,BU72H,艾米,收货,上架
MoPH45MeWh,白色 品牌12 450 鼠标（机械式）,鼠标,品牌12,450,机械式,白色,16*10*1,122,CV19G,克里斯,收货,上架
TVGn65S4Bl,黑色 品牌30 65英寸 电视机（超级超高清）,电视机,品牌30,65英寸,超级超高清,黑色,8*1*1,1,AQ67C,艾米,收货,上架
AlOv17i5Si,银色 品牌13 17英寸 一体机（第5代处理器）,一体机,品牌13,17英寸,第5代处理器,银色,16*1*1,10,DR10F,简,收货,上架
GaXESHeBl,黑色 品牌06 小号 游戏椅（头枕）,游戏椅,品牌06,小号,头枕,黑色,16*1*1,13,AM38A,艾米丽,收货,上架
SPGi12HeWh,白色 品牌21 12 触控笔（六角形）,触控笔,品牌21,12,六角形,白色,48*10*5,474,CV58C,迈克,收货,上架
TaTR15WoWh,白色 品牌29 1500 桌子（工作站）,桌子,品牌29,1500,工作站,白色,8*1*1,8,DG40B,克里斯,收货,上架
NoMuA4liSi,银色 品牌19 四号纸 笔记本（线条）,笔记本,品牌19,四号纸,线条,银色,48*10*5,639,DT01F,艾米,收货,上架
PeRe12HeWh,白色 品牌22 12 铅笔（六角形）,铅笔,品牌22,12,六角形,白色,48*10*5,1719,AZ88H,大卫,收货,上架
AlYn1416Bl,黑色 品牌15 14英寸 一体机（16吉字节内存）,一体机,品牌15,14英寸,16吉字节内存,黑色,16*1*1,4,CG11C,亚历克斯,收货,上架
LaPH14i5Bl,黑色 品牌12 14英寸 笔记本电脑（第5代处理器）,笔记本电脑,品牌12,14英寸,第5代处理器,黑色,16*1*1,7,CQ23F,劳拉,收货,上架
PeGi50WaWh,白色 品牌21 50 铅笔（水彩）,铅笔,品牌21,50,水彩,白色,48*10*5,575,DR62B,简,收货,上架
CuRG18SlBl,黑色 品牌03 1800 储物柜（滑动式）,储物柜,品牌03,1800,滑动式,黑色,8*1*1,7,AV16A,简,收货,上架
PeAl24WaPi,粉色 品牌20 24 铅笔（水彩）,铅笔,品牌20,24,水彩,粉色,48*10*5,2115,BI89B,大卫,收货,上架
CaQE18DoGr,灰色 品牌01 1800 文件柜（带门式）,文件柜,品牌01,1800,带门式,灰色,8*1*1,7,CU21H,迈克,收货,上架
NoMuA5ruBl,黑色 品牌19 五号纸 笔记本（横线）,笔记本,品牌19,五号纸,横线,黑色,48*10*5,2009,BX72A,迈克,收货,上架
LaOv14i5Si,银色 品牌13 14英寸 笔记本电脑（第5代处理器）,笔记本电脑,品牌13,14英寸,第5代处理器,银色,16*1*1,5,DQ62C,艾米,收货,上架
TVGL424KGr,灰色 品牌31 42英寸 电视机（超高清）,电视机,品牌31,42英寸,超高清,灰色,8*1*1,6,BW51E,劳拉,收货,上架
MoHc35WiPi,粉色 品牌09 350 鼠标（有线）,鼠标,品牌09,350,有线,粉色,16*10*1,122,AW09G,艾米,收货,上架
AlRe1716Wh,白色 品牌14 17英寸 一体机（16吉字节内存）,一体机,品牌14,17英寸,16吉字节内存,白色,16*1*1,15,BF73A,亚历克斯,收货,上架
TVGn75SFGr,灰色 品牌30 75英寸 电视机（超级全高清）,电视机,品牌30,75英寸,超级全高清,灰色,8*1*1,3,BT33H,艾米丽,收货,上架
SPAl12HeBl,黑色 品牌20 12 触控笔（六角形）,触控笔,品牌20,12,六角形,黑色,48*10*5,1716,DJ42D,劳拉,收货,上架
NoMuA5liBl,黑色 品牌19 五号纸 笔记本（线条）,笔记本,品牌19,五号纸,线条,黑色,48*10*5,432,CO54F,迈克,收货,上架
PrReA4MoBl,黑色 品牌24 四号纸 打印机（黑白）,打印机,品牌24,四号纸,黑白,黑色,16*1*1,14,CY72F,艾米,收货,上架
GaSESErGr,灰色 品牌08 小号 游戏椅（人体工学）,游戏椅,品牌08,小号,人体工学,灰色,16*1*1,14,CK62H,约翰,收货,上架
CuWE12SlGr,灰色 品牌02 1200 储物柜（滑动式）,储物柜,品牌02,1200,滑动式,灰色,8*1*1,1,BG29E,莎拉,收货,上架
PrSoA3LaWh,白色 品牌25 三号纸 打印机（激光）,打印机,品牌25,三号纸,激光,白色,16*1*1,2,AH73B,迈克,收货,上架
OfXESAdPi,粉色 品牌06 小号 办公椅（可调节）,办公椅,品牌06,小号,可调节,粉色,16*1*1,8,BP66D,约翰,收货,上架
LaPH1716Bl,黑色 品牌12 17英寸 笔记本电脑（16吉字节内存）,笔记本电脑,品牌12,17英寸,16吉字节内存,黑色,16*1*1,14,BT84H,艾米丽,收货,上架
AlPH14i5Wh,白色 品牌12 14英寸 一体机（第5代处理器）,一体机,品牌12,14英寸,第5代处理器,白色,16*1*1,3,BI79E,劳拉,收货,上架
NoMuA5ruBl,黑色 品牌19 五号纸 笔记本（横线）,笔记本,品牌19,五号纸,横线,黑色,48*10*5,1613,BF63G,莎拉,收货,上架
TaAE15AuGr,灰色 品牌05 1500 桌子（自动调节）,桌子,品牌05,1500,自动调节,灰色,8*1*1,5,DO79G,迈克,收货,上架
OfXELHeGr,灰色 品牌06 大号 办公椅（头枕）,办公椅,品牌06,大号,头枕,灰色,16*1*1,3,AP67D,约翰,收货,上架
TaTR10AuGr,灰色 品牌28 1000 桌子（自动调节）,桌子,品牌28,1000,自动调节,灰色,8*1*1,5,BR20G,简,收货,上架
MoSu27ErBl,黑色 品牌11 270 鼠标（人体工学）,鼠标,品牌11,270,人体工学,黑色,16*10*1,151,DZ22F,简,收货,上架
LaPH15i7Wh,白色 品牌12 15英寸 笔记本电脑（第7代处理器）,笔记本电脑,品牌12,15英寸,第7代处理器,白色,16*1*1,13,CT59D,莎拉,收货,上架
DrRG90SlGr,灰色 品牌03 900 抽屉柜（滑动式）,抽屉柜,品牌03,900,滑动式,灰色,8*1*1,3,DV62B,莎拉,收货,上架
CuWE12SlBe,米色 品牌02 1200 储物柜（滑动式）,储物柜,品牌02,1200,滑动式,米色,8*1*1,2,CG38B,艾米,收货,上架
TaCI15AuSi,银色 品牌27 1500 桌子（自动调节）,桌子,品牌27,1500,自动调节,银色,8*1*1,3,CV67F,克里斯,收货,上架
PrNoA3InGr,灰色 品牌26 三号纸 打印机（喷墨）,打印机,品牌26,三号纸,喷墨,灰色,16*1*1,7,BV86D,大卫,收货,上架
AlPH14i7Wh,白色 品牌12 14英寸 一体机（第7代处理器）,一体机,品牌12,14英寸,第7代处理器,白色,16*1*1,10,BZ71B,克里斯,收货,上架
CaRG18SlGr,灰色 品牌03 1800 文件柜（滑动式）,文件柜,品牌03,1800,滑动式,灰色,8*1*1,2,CZ35A,克里斯,收货,上架
CuTE90SlGr,灰色 品牌04 900 储物柜（滑动式）,储物柜,品牌04,900,滑动式,灰色,8*1*1,5,DS87A,艾米丽,收货,上架
MoPH35WiNa,藏青色 品牌12 350 鼠标（有线）,鼠标,品牌12,350,有线,藏青色,16*10*1,146,DL75A,克里斯,收货,上架
TaTR10AuBl,黑色 品牌28 1000 桌子（自动调节）,桌子,品牌28,1000,自动调节,黑色,8*1*1,1,AI45E,艾米,收货,上架
PrReA4InBl,黑色 品牌24 四号纸 打印机（喷墨）,打印机,品牌24,四号纸,喷墨,黑色,16*1*1,2,AK15D,约翰,收货,上架
DrTE18LoBe,米色 品牌04 1800 抽屉柜（储物锁柜）,抽屉柜,品牌04,1800,储物锁柜,米色,8*1*1,6,CO19A,克里斯,收货,上架
PrSoA3LaBl,黑色 品牌25 三号纸 打印机（激光）,打印机,品牌25,三号纸,激光,黑色,16*1*1,6,BF73A,大卫,收货,上架
TaTR10WoSi,银色 品牌28 1000 桌子（工作站）,桌子,品牌28,1000,工作站,银色,8*1*1,7,DN85D,劳拉,收货,上架
AlYn17i5Gr,灰色 品牌15 17英寸 一体机（第5代处理器）,一体机,品牌15,17英寸,第5代处理器,灰色,16*1*1,9,DM71G,约翰,收货,上架
GaXELLePi,粉色 品牌06 大号 游戏椅（皮革）,游戏椅,品牌06,大号,皮革,粉色,16*1*1,5,BM83D,莎拉,收货,上架
CaRG18LoGr,灰色 品牌03 1800 文件柜（储物锁柜）,文件柜,品牌03,1800,储物锁柜,灰色,8*1*1,7,CQ52C,大卫,收货,上架
TVGL42FHGr,灰色 品牌31 42英寸 电视机（全高清）,电视机,品牌31,42英寸,全高清,灰色,8*1*1,6,CT76E,莎拉,收货,上架
GaXEMErBl,黑色 品牌06 中号 游戏椅（人体工学）,游戏椅,品牌06,中号,人体工学,黑色,16*1*1,15,CG38B,约翰,收货,上架
GaAELLeWh,白色 品牌05 大号 游戏椅（皮革）,游戏椅,品牌05,大号,皮革,白色,16*1*1,5,AQ39F,艾米丽,收货,上架
AlOv1432Gr,灰色 品牌13 14英寸 一体机（32吉字节内存）,一体机,品牌13,14英寸,32吉字节内存,灰色,16*1*1,14,CO54C,劳拉,收货,上架
PrSoA2MoBl,黑色 品牌25 二号纸 打印机（黑白）,打印机,品牌25,二号纸,黑白,黑色,16*1*1,14,AY55E,劳拉,收货,上架
MoPH35BlBl,黑色 品牌12 350 鼠标（蓝牙）,鼠标,品牌12,350,蓝牙,黑色,16*10*1,81,BT91H,克里斯,收货,上架
PeGi12WaWh,白色 品牌21 12 铅笔（水彩）,铅笔,品牌21,12,水彩,白色,48*10*5,514,BV06A,莎拉,收货,上架
KeRe35MeWh,白色 品牌10 350 键盘（机械式）,键盘,品牌10,350,机械式,白色,16*10*1,137,DW21C,艾米丽,收货,上架
SPAl12WaWh,白色 品牌20 12 触控笔（水彩）,触控笔,品牌20,12,水彩,白色,48*10*5,1088,CW26C,约翰,收货,上架
AlOv1416Wh,白色 品牌13 14英寸 一体机（16吉字节内存）,一体机,品牌13,14英寸,16吉字节内存,白色,16*1*1,5,BL20C,亚历克斯,收货,上架
PeGi24SoGr,灰色 品牌21 24 铅笔（可溶性）,铅笔,品牌21,24,可溶性,灰色,48*10*5,867,AU73F,亚历克斯,收货,上架
LaYn14i5Bl,黑色 品牌15 14英寸 笔记本电脑（第5代处理器）,笔记本电脑,品牌15,14英寸,第5代处理器,黑色,16*1*1,15,DY68C,艾米丽,收货,上架
TVYn32FHGr,灰色 品牌15 32英寸 电视机（全高清）,电视机,品牌15,32英寸,全高清,灰色,8*1*1,8,DO01F,劳拉,收货,上架
CuTE12FiBe,米色 品牌04 1200 储物柜（文件收纳）,储物柜,品牌04,1200,文件收纳,米色,8*1*1,1,AQ44C,约翰,收货,上架
LaYn158GWh,白色 品牌15 15英寸 笔记本电脑（8吉字节内存）,笔记本电脑,品牌15,15英寸,8吉字节内存,白色,16*1*1,3,CQ58C,大卫,收货,上架
AlSu17i7Si,银色 品牌11 17英寸 一体机（第7代处理器）,一体机,品牌11,17英寸,第7代处理器,银色,16*1*1,16,AR10D,迈克,收货,上架
KePH35ErWh,白色 品牌12 350 键盘（人体工学）,键盘,品牌12,350,人体工学,白色,16*10*1,116,DF95G,简,收货,上架
MoSu27WiPi,粉色 品牌11 270 鼠标（有线）,鼠标,品牌11,270,有线,粉色,16*10*1,61,CJ68C,迈克,收货,上架
OfSESHeBl,黑色 品牌08 小号 办公椅（头枕）,办公椅,品牌08,小号,头枕,黑色,16*1*1,3,CW75B,克里斯,收货,上架
NoGrA5doWh,白色 品牌18 五号纸 笔记本（点阵）,笔记本,品牌18,五号纸,点阵,白色,48*10*5,1336,CW23E,劳拉,收货,上架
TVGn42FHSi,银色 品牌30 42英寸 电视机（全高清）,电视机,品牌30,42英寸,全高清,银色,8*1*1,1,DH23E,劳拉,收货,上架
KeRe35MeBl,黑色 品牌10 350 键盘（机械式）,键盘,品牌10,350,机械式,黑色,16*10*1,150,BR12E,迈克,收货,上架
PrReA2InBl,黑色 品牌24 二号纸 打印机（喷墨）,打印机,品牌24,二号纸,喷墨,黑色,16*1*1,15,BV87E,克里斯,收货,上架
AlPH15i7Si,银色 品牌12 15英寸 一体机（第7代处理器）,一体机,品牌12,15英寸,第7代处理器,银色,16*1*1,15,AQ49B,迈克,收货,上架
PeAl50SoGr,灰色 品牌20 50 铅笔（可溶性）,铅笔,品牌20,50,可溶性,灰色,48*10*5,1254,CK65D,艾米丽,收货,上架
CaTE90LoBe,米色 品牌04 900 文件柜（储物锁柜）,文件柜,品牌04,900,储物锁柜,米色,8*1*1,2,BP01A,艾米丽,收货,上架
AlSu1716Bl,黑色 品牌11 17英寸 一体机（16吉字节内存）,一体机,品牌11,17英寸,16吉字节内存,黑色,16*1*1,5,DG50E,迈克,收货,上架
AlSu14i7Wh,白色 品牌11 14英寸 一体机（第7代处理器）,一体机,品牌11,14英寸,第7代处理器,白色,16*1*1,14,BM38B,简,收货,上架
KeSu27BlBl,黑色 品牌11 270 键盘（蓝牙）,键盘,品牌11,270,蓝牙,黑色,16*10*1,24,CP89C,艾米,收货,上架
KeHc27MeWh,白色 品牌09 270 键盘（机械式）,键盘,品牌09,270,机械式,白色,16*10*1,133,BP43A,莎拉,收货,上架
GaSESErGr,灰色 品牌08 小号 游戏椅（人体工学）,游戏椅,品牌08,小号,人体工学,灰色,16*1*1,1,CZ75A,艾米丽,收货,上架
GaSESLeGr,灰色 品牌08 小号 游戏椅（皮革）,游戏椅,品牌08,小号,皮革,灰色,16*1*1,12,BL39G,大卫,收货,上架
PrNoA2MoWh,白色 品牌26 二号纸 打印机（黑白）,打印机,品牌26,二号纸,黑白,白色,16*1*1,10,AM43B,亚历克斯,收货,上架
MoSu27WiNa,藏青色 品牌11 270 鼠标（有线）,鼠标,品牌11,270,有线,藏青色,16*10*1,118,BN92C,亚历克斯,收货,上架
OfSESLeBl,黑色 品牌08 小号 办公椅（皮革）,办公椅,品牌08,小号,皮革,黑色,16*1*1,5,BO98C,克里斯,收货,上架
CaQE18SlWh,白色 品牌01 1800 文件柜（滑动式）,文件柜,品牌01,1800,滑动式,白色,8*1*1,3,DT33H,简,收货,上架
PeAl12WaGr,灰色 品牌20 12 铅笔（水彩）,铅笔,品牌20,12,水彩,灰色,48*10*5,668,DN92B,劳拉,收货,上架
AlRe14i7Gr,灰色 品牌14 14英寸 一体机（第7代处理器）,一体机,品牌14,14英寸,第7代处理器,灰色,16*1*1,1,AL78A,约翰,收货,上架
TVYn32SFBl,黑色 品牌15 32英寸 电视机（超级全高清）,电视机,品牌15,32英寸,超级全高清,黑色,8*1*1,8,DF40C,莎拉,收货,上架
TVGn504KBl,黑色 品牌30 50英寸 电视机（超高清）,电视机,品牌30,50英寸,超高清,黑色,8*1*1,8,BJ57B,克里斯,收货,上架
OfAELLeGr,灰色 品牌05 大号 办公椅（皮革）,办公椅,品牌05,大号,皮革,灰色,16*1*1,4,DF92B,简,收货,上架
CaRG18LoWh,白色 品牌03 1800 文件柜（储物锁柜）,文件柜,品牌03,1800,储物锁柜,白色,8*1*1,8,DZ95H,劳拉,收货,上架
LaRe178GWh,白色 品牌14 17英寸 笔记本电脑（8吉字节内存）,笔记本电脑,品牌14,17英寸,8吉字节内存,白色,16*1*1,15,BQ18D,艾米丽,收货,上架
GaXEMErBl,黑色 品牌06 中号 游戏椅（人体工学）,游戏椅,品牌06,中号,人体工学,黑色,16*1*1,7,AN08E,亚历克斯,收货,上架
NoScA5doSi,银色 品牌17 五号纸 笔记本（点阵）,笔记本,品牌17,五号纸,点阵,银色,48*10*5,871,AP23H,艾米丽,收货,上架
TVGL32FHGr,灰色 品牌31 32英寸 电视机（全高清）,电视机,品牌31,32英寸,全高清,灰色,8*1*1,1,DO59D,莎拉,收货,上架
KeRe27WiBl,黑色 品牌10 270 键盘（有线）,键盘,品牌10,270,有线,黑色,16*10*1,77,BT95D,亚历克斯,收货,上架
PeNa12WaGr,灰色 品牌23 12 铅笔（水彩）,铅笔,品牌23,12,水彩,灰色,48*10*5,151,CT06G,约翰,收货,上架
AlPH158GWh,白色 品牌12 15英寸 一体机（8吉字节内存）,一体机,品牌12,15英寸,8吉字节内存,白色,16*1*1,16,DU22C,亚历克斯,收货,上架
TaTR15AdWh,白色 品牌29 1500 桌子（可调节）,桌子,品牌29,1500,可调节,白色,8*1*1,7,CR36F,迈克,收货,上架
OfXESAdWh,白色 品牌06 小号 办公椅（可调节）,办公椅,品牌06,小号,可调节,白色,16*1*1,1,CV70A,简,收货,上架
GaSESLeWh,白色 品牌08 小号 游戏椅（皮革）,游戏椅,品牌08,小号,皮革,白色,16*1*1,10,DR94B,简,收货,上架
KeHc45ErBl,黑色 品牌09 450 键盘（人体工学）,键盘,品牌09,450,人体工学,黑色,16*10*1,137,DX08C,约翰,收货,上架
SPNa12HeGr,灰色 品牌23 12 触控笔（六角形）,触控笔,品牌23,12,六角形,灰色,48*10*5,780,CZ38A,大卫,收货,上架
SPGi50WaBl,黑色 品牌21 50 触控笔（水彩）,触控笔,品牌21,50,水彩,黑色,48*10*5,1179,AQ05D,约翰,收货,上架
PrNoA4WiWh,白色 品牌26 四号纸 打印机（无线网络）,打印机,品牌26,四号纸,无线网络,白色,16*1*1,8,DR15D,艾米丽,收货,上架
PrNoA2AlBl,黑色 品牌26 二号纸 打印机（一体式）,打印机,品牌26,二号纸,一体式,黑色,16*1*1,11,AG84E,劳拉,收货,上架
TVGn654KGr,灰色 品牌30 65英寸 电视机（超高清）,电视机,品牌30,65英寸,超高清,灰色,8*1*1,1,CG61H,莎拉,收货,上架
CaQE90SlBe,米色 品牌01 900 文件柜（滑动式）,文件柜,品牌01,900,滑动式,米色,8*1*1,4,CO60D,艾米丽,收货,上架
OfXEMLeWh,白色 品牌06 中号 办公椅（皮革）,办公椅,品牌06,中号,皮革,白色,16*1*1,3,DP19H,莎拉,收货,上架
TaAE18AuBl,黑色 品牌05 1800 桌子（自动调节）,桌子,品牌05,1800,自动调节,黑色,8*1*1,4,CI02G,艾米丽,收货,上架
AlOv17i7Gr,灰色 品牌13 17英寸 一体机（第7代处理器）,一体机,品牌13,17英寸,第7代处理器,灰色,16*1*1,3,CM67B,约翰,收货,上架
KePH45BlBl,黑色 品牌12 450 键盘（蓝牙）,键盘,品牌12,450,蓝牙,黑色,16*10*1,22,CV70H,劳拉,收货,上架
TVEs50FHWh,白色 品牌32 50英寸 电视机（全高清）,电视机,品牌32,50英寸,全高清,白色,8*1*1,4,AT58F,莎拉,收货,上架
KeRe27ErBl,黑色 品牌10 270 键盘（人体工学）,键盘,品牌10,270,人体工学,黑色,16*10*1,74,DU73E,莎拉,收货,上架
AlSu1416Gr,灰色 品牌11 14英寸 一体机（16吉字节内存）,一体机,品牌11,14英寸,16吉字节内存,灰色,16*1*1,7,CT50E,劳拉,收货,上架
CaWE12FiWh,白色 品牌02 1200 文件柜（文件收纳）,文件柜,品牌02,1200,文件收纳,白色,8*1*1,7,AJ96D,艾米丽,收货,上架
GaSEMLeWh,白色 品牌08 中号 游戏椅（皮革）,游戏椅,品牌08,中号,皮革,白色,16*1*1,1,AU06A,艾米丽,收货,上架
NoMuA3doGr,灰色 品牌19 三号纸 笔记本（点阵）,笔记本,品牌19,三号纸,点阵,灰色,48*10*5,1435,DZ73E,简,收货,上架
NoExA5liGr,灰色 品牌16 五号纸 笔记本（线条）,笔记本,品牌16,五号纸,线条,灰色,48*10*5,924,AT94F,艾米,收货,上架
LaYn178GSi,银色 品牌15 17英寸 笔记本电脑（8吉字节内存）,笔记本电脑,品牌15,17英寸,8吉字节内存,银色,16*1*1,5,DX74F,劳拉,收货,上架
LaOv1432Gr,灰色 品牌13 14英寸 笔记本电脑（32吉字节内存）,笔记本电脑,品牌13,14英寸,32吉字节内存,灰色,16*1*1,3,AN86F,艾米,收货,上架
CuRG90SlBe,米色 品牌03 900 储物柜（滑动式）,储物柜,品牌03,900,滑动式,米色,8*1*1,1,DH41E,迈克,收货,上架
KePH45MePi,粉色 品牌12 450 键盘（机械式）,键盘,品牌12,450,机械式,粉色,16*10*1,31,AI09G,亚历克斯,收货,上架
TaAE10WoSi,银色 品牌05 1000 桌子（工作站）,桌子,品牌05,1000,工作站,银色,8*1*1,1,CM27E,迈克,收货,上架
OfSELHeWh,白色 品牌08 大号 办公椅（头枕）,办公椅,品牌08,大号,头枕,白色,16*1*1,15,BG85E,简,收货,上架
AlOv15i7Gr,灰色 品牌13 15英寸 一体机（第7代处理器）,一体机,品牌13,15英寸,第7代处理器,灰色,16*1*1,9,CN98E,简,收货,上架
GaSELLeWh,白色 品牌08 大号 游戏椅（皮革）,游戏椅,品牌08,大号,皮革,白色,16*1*1,5,AL70C,莎拉,收货,上架
MoPH45ErNa,藏青色 品牌12 450 鼠标（人体工学）,鼠标,品牌12,450,人体工学,藏青色,16*10*1,25,CG53G,约翰,收货,上架
MoSu45WiBl,黑色 品牌11 450 鼠标（有线）,鼠标,品牌11,450,有线,黑色,16*10*1,143,DK43D,大卫,收货,上架
GaOGLHePi,粉色 品牌07 大号 游戏椅（头枕）,游戏椅,品牌07,大号,头枕,粉色,16*1*1,15,BH31A,艾米,收货,上架
OfXEMErPi,粉色 品牌06 中号 办公椅（人体工学）,办公椅,品牌06,中号,人体工学,粉色,16*1*1,4,BT71F,迈克,收货,上架
CuRG12LoBl,黑色 品牌03 1200 储物柜（储物锁柜）,储物柜,品牌03,1200,储物锁柜,黑色,8*1*1,7,BW14A,大卫,收货,上架
DrQE12LoBl,黑色 品牌01 1200 抽屉柜（储物锁柜）,抽屉柜,品牌01,1200,储物锁柜,黑色,8*1*1,5,CV50C,简,收货,上架
LaRe1716Bl,黑色 品牌14 17英寸 笔记本电脑（16吉字节内存）,笔记本电脑,品牌14,17英寸,16吉字节内存,黑色,16*1*1,4,AQ10B,艾米丽,收货,上架
SPNa12HeBl,黑色 品牌23 12 触控笔（六角形）,触控笔,品牌23,12,六角形,黑色,48*10*5,1631,CX54A,艾米丽,收货,上架
CuRG18FiWh,白色 品牌03 1800 储物柜（文件收纳）,储物柜,品牌03,1800,文件收纳,白色,8*1*1,2,DR09H,艾米,收货,上架
CuQE12LoBl,黑色 品牌01 1200 储物柜（储物锁柜）,储物柜,品牌01,1200,储物锁柜,黑色,8*1*1,8,AM24A,迈克,收货,上架
SPGi24SoPi,粉色 品牌21 24 触控笔（可溶性）,触控笔,品牌21,24,可溶性,粉色,48*10*5,1612,BF43C,克里斯,收货,上架
SPNa50HeGr,灰色 品牌23 50 触控笔（六角形）,触控笔,品牌23,50,六角形,灰色,48*10*5,2340,CZ14D,艾米,收货,上架
GaXEMHeGr,灰色 品牌06 中号 游戏椅（头枕）,游戏椅,品牌06,中号,头枕,灰色,16*1*1,14,DX87D,约翰,收货,上架
LaPH15i5Bl,黑色 品牌12 15英寸 笔记本电脑（第5代处理器）,笔记本电脑,品牌12,15英寸,第5代处理器,黑色,16*1*1,6,CN63A,莎拉,收货,上架
LaSu1516Wh,白色 品牌11 15英寸 笔记本电脑（16吉字节内存）,笔记本电脑,品牌11,15英寸,16吉字节内存,白色,16*1*1,4,BX98H,亚历克斯,收货,上架
TaAE18AdSi,银色 品牌05 1800 桌子（可调节）,桌子,品牌05,1800,可调节,银色,8*1*1,3,BW54E,迈克,收货,上架
DrTE18SlBe,米色 品牌04 1800 抽屉柜（滑动式）,抽屉柜,品牌04,1800,滑动式,米色,8*1*1,4,AU33F,艾米丽,收货,上架
AlPH1516Wh,白色 品牌12 15英寸 一体机（16吉字节内存）,一体机,品牌12,15英寸,16吉字节内存,白色,16*1*1,1,CP83B,亚历克斯,收货,上架
DrWE90LoBe,米色 品牌02 900 抽屉柜（储物锁柜）,抽屉柜,品牌02,900,储物锁柜,米色,8*1*1,1,AT97B,克里斯,收货,上架
LaYn158GGr,灰色 品牌15 15英寸 笔记本电脑（8吉字节内存）,笔记本电脑,品牌15,15英寸,8吉字节内存,灰色,16*1*1,1,BH84G,克里斯,收货,上架
CuWE18FiBl,黑色 品牌02 1800 储物柜（文件收纳）,储物柜,品牌02,1800,文件收纳,黑色,8*1*1,2,AN45C,莎拉,收货,上架
TVYn75S4Wh,白色 品牌15 75英寸 电视机（超级超高清）,电视机,品牌15,75英寸,超级超高清,白色,8*1*1,3,CN74G,艾米,收货,上架
LaOv15i5Si,银色 品牌13 15英寸 笔记本电脑（第5代处理器）,笔记本电脑,品牌13,15英寸,第5代处理器,银色,16*1*1,4,DV23E,迈克,收货,上架
AlRe15i7Wh,白色 品牌14 15英寸 一体机（第7代处理器）,一体机,品牌14,15英寸,第7代处理器,白色,16*1*1,8,CZ23A,迈克,收货,上架
KeSu45MeBl,黑色 品牌11 450 键盘（机械式）,键盘,品牌11,450,机械式,黑色,16*10*1,39,BK41B,约翰,收货,上架
PeAl24SoPi,粉色 品牌20 24 铅笔（可溶性）,铅笔,品牌20,24,可溶性,粉色,48*10*5,808,AK75F,劳拉,收货,上架
PeGi50WaPi,粉色 品牌21 50 铅笔（水彩）,铅笔,品牌21,50,水彩,粉色,48*10*5,619,AL31G,莎拉,收货,上架
DrRG90LoWh,白色 品牌03 900 抽屉柜（储物锁柜）,抽屉柜,品牌03,900,储物锁柜,白色,8*1*1,3,DS73B,简,收货,上架
OfAEMHeGr,灰色 品牌05 中号 办公椅（头枕）,办公椅,品牌05,中号,头枕,灰色,16*1*1,7,AU80H,约翰,收货,上架
MoHc27MeNa,藏青色 品牌09 270 鼠标（机械式）,鼠标,品牌09,270,机械式,藏青色,16*10*1,19,BM69G,克里斯,收货,上架
MoSu35MePi,粉色 品牌11 350 鼠标（机械式）,鼠标,品牌11,350,机械式,粉色,16*10*1,81,DI83C,艾米丽,收货,上架
TVEs324KSi,银色 品牌32 32英寸 电视机（超高清）,电视机,品牌32,32英寸,超高清,银色,8*1*1,3,AS94G,劳拉,收货,上架
AlOv178GBl,黑色 品牌13 17英寸 一体机（8吉字节内存）,一体机,品牌13,17英寸,8吉字节内存,黑色,16*1*1,6,BY17A,莎拉,收货,上架
GaSESHeWh,白色 品牌08 小号 游戏椅（头枕）,游戏椅,品牌08,小号,头枕,白色,16*1*1,7,DQ53E,迈克,收货,上架
CuTE12FiBe,米色 品牌04 1200 储物柜（文件收纳）,储物柜,品牌04,1200,文件收纳,米色,8*1*1,7,CF56D,克里斯,收货,上架
GaXESHeBl,黑色 品牌06 小号 游戏椅（头枕）,游戏椅,品牌06,小号,头枕,黑色,16*1*1,2,DY87E,艾米,收货,上架
KeHc27BlPi,粉色 品牌09 270 键盘（蓝牙）,键盘,品牌09,270,蓝牙,粉色,16*10*1,152,CP67G,大卫,收货,上架
SPAl24WaPi,粉色 品牌20 24 触控笔（水彩）,触控笔,品牌20,24,水彩,粉色,48*10*5,277,DL87H,艾米丽,收货,上架
CuWE12FiWh,白色 品牌02 1200 储物柜（文件收纳）,储物柜,品牌02,1200,文件收纳,白色,8*1*1,8,BJ04C,约翰,收货,上架
GaAESAdGr,灰色 品牌05 小号 游戏椅（可调节）,游戏椅,品牌05,小号,可调节,灰色,16*1*1,12,BN52D,大卫,收货,上架
OfXEMAdWh,白色 品牌06 中号 办公椅（可调节）,办公椅,品牌06,中号,可调节,白色,16*1*1,14,AS19B,大卫,收货,上架
PrPHA4InBl,黑色 品牌12 四号纸 打印机（喷墨）,打印机,品牌12,四号纸,喷墨,黑色,16*1*1,6,AM89E,艾米丽,收货,上架
PrReA3WiBl,黑色 品牌24 三号纸 打印机（无线网络）,打印机,品牌24,三号纸,无线网络,黑色,16*1*1,8,AU04B,艾米丽,收货,上架
LaOv14i5Gr,灰色 品牌13 14英寸 笔记本电脑（第5代处理器）,笔记本电脑,品牌13,14英寸,第5代处理器,灰色,16*1*1,4,AW89A,迈克,收货,上架
DrTE12SlBl,黑色 品牌04 1200 抽屉柜（滑动式）,抽屉柜,品牌04,1200,滑动式,黑色,8*1*1,8,BM12F,克里斯,收货,上架
PeNa50SoGr,灰色 品牌23 50 铅笔（可溶性）,铅笔,品牌23,50,可溶性,灰色,48*10*5,1534,AJ03B,克里斯,收货,上架
PrSoA3MoMi,混合色 品牌25 三号纸 打印机（黑白）,打印机,品牌25,三号纸,黑白,混合色,16*1*1,5,AL97F,迈克,收货,上架
KeRe35WiBl,黑色 品牌10 350 键盘（有线）,键盘,品牌10,350,有线,黑色,16*10*1,157,CQ82G,莎拉,收货,上架
TVYn50FHSi,银色 品牌15 50英寸 电视机（全高清）,电视机,品牌15,50英寸,全高清,银色,8*1*1,4,DK28F,艾米,收货,上架
GaOGSErBl,黑色 品牌07 小号 游戏椅（人体工学）,游戏椅,品牌07,小号,人体工学,黑色,16*1*1,13,CX49G,艾米,收货,上架
KeHc35ErWh,白色 品牌09 350 键盘（人体工学）,键盘,品牌09,350,人体工学,白色,16*10*1,96,AW17C,克里斯,收货,上架
OfOGLErBl,黑色 品牌07 大号 办公椅（人体工学）,办公椅,品牌07,大号,人体工学,黑色,16*1*1,2,DL28H,迈克,收货,上架
TVYn504KWh,白色 品牌15 50英寸 电视机（超高清）,电视机,品牌15,50英寸,超高清,白色,8*1*1,8,BL25H,劳拉,收货,上架
KeSu35ErWh,白色 品牌11 350 键盘（人体工学）,键盘,品牌11,350,人体工学,白色,16*10*1,119,BR13F,克里斯,收货,上架
KePH27BlPi,粉色 品牌12 270 键盘（蓝牙）,键盘,品牌12,270,蓝牙,粉色,16*10*1,34,AY39D,艾米,收货,上架
CaRG90SlWh,白色 品牌03 900 文件柜（滑动式）,文件柜,品牌03,900,滑动式,白色,8*1*1,5,BN25E,劳拉,收货,上架
PrSoA3MoBl,黑色 品牌25 三号纸 打印机（黑白）,打印机,品牌25,三号纸,黑白,黑色,16*1*1,10,DV25H,莎拉,收货,上架
TaCI15AdWh,白色 品牌27 1500 桌子（可调节）,桌子,品牌27,1500,可调节,白色,8*1*1,2,BQ37A,劳拉,收货,上架
PrReA4InGr,灰色 品牌24 四号纸 打印机（喷墨）,打印机,品牌24,四号纸,喷墨,灰色,16*1*1,6,AN52B,莎拉,收货,上架
CaQE90DoBl,黑色 品牌01 900 文件柜（带门式）,文件柜,品牌01,900,带门式,黑色,8*1*1,3,AW42G,简,收货,上架
CuRG12LoGr,灰色 品牌03 1200 储物柜（储物锁柜）,储物柜,品牌03,1200,储物锁柜,灰色,8*1*1,7,BO23G,克里斯,收货,上架
TVGL65FHWh,白色 品牌31 65英寸 电视机（全高清）,电视机,品牌31,65英寸,全高清,白色,8*1*1,3,DO93F,亚历克斯,收货,上架
GaSELHePi,粉色 品牌08 大号 游戏椅（头枕）,游戏椅,品牌08,大号,头枕,粉色,16*1*1,6,AZ71H,艾米,收货,上架
CuTE90FiWh,白色 品牌04 900 储物柜（文件收纳）,储物柜,品牌04,900,文件收纳,白色,8*1*1,3,BM40D,简,收货,上架
TVGn50SFSi,银色 品牌30 50英寸 电视机（超级全高清）,电视机,品牌30,50英寸,超级全高清,银色,8*1*1,4,CR16G,简,收货,上架
MoRe27MeBl,黑色 品牌10 270 鼠标（机械式）,鼠标,品牌10,270,机械式,黑色,16*10*1,13,DY28E,克里斯,收货,上架
TaTR15WoWh,白色 品牌28 1500 桌子（工作站）,桌子,品牌28,1500,工作站,白色,8*1*1,3,AZ09B,莎拉,收货,上架
AlRe17i5Gr,灰色 品牌14 17英寸 一体机（第5代处理器）,一体机,品牌14,17英寸,第5代处理器,灰色,16*1*1,9,DV62C,大卫,收货,上架
TaTR15WoBl,黑色 品牌28 1500 桌子（工作站）,桌子,品牌28,1500,工作站,黑色,8*1*1,1,BJ65A,迈克,收货,上架
CuQE12LoGr,灰色 品牌01 1200 储物柜（储物锁柜）,储物柜,品牌01,1200,储物锁柜,灰色,8*1*1,4,CX14A,约翰,收货,上架
OfSESAdBl,黑色 品牌08 小号 办公椅（可调节）,办公椅,品牌08,小号,可调节,黑色,16*1*1,1,BG06E,约翰,收货,上架
TaCI15AuSi,银色 品牌27 1500 桌子（自动调节）,桌子,品牌27,1500,自动调节,银色,8*1*1,2,DL64H,克里斯,收货,上架
GaAELAdGr,灰色 品牌05 大号 游戏椅（可调节）,游戏椅,品牌05,大号,可调节,灰色,16*1*1,10,AV66C,简,收货,上架
CaWE18LoBe,米色 品牌02 1800 文件柜（储物锁柜）,文件柜,品牌02,1800,储物锁柜,米色,8*1*1,5,DX96G,克里斯,收货,上架
MoRe27ErNa,藏青色 品牌10 270 鼠标（人体工学）,鼠标,品牌10,270,人体工学,藏青色,16*10*1,22,CV63E,莎拉,收货,上架
OfXELAdPi,粉色 品牌06 大号 办公椅（可调节）,办公椅,品牌06,大号,可调节,粉色,16*1*1,6,BN21E,亚历克斯,收货,上架
TVEs654KWh,白色 品牌32 65英寸 电视机（超高清）,电视机,品牌32,65英寸,超高清,白色,8*1*1,3,DO49A,莎拉,收货,上架
GaOGMAdBl,黑色 品牌07 中号 游戏椅（可调节）,游戏椅,品牌07,中号,可调节,黑色,16*1*1,12,AH50B,大卫,收货,上架
GaOGLLeWh,白色 品牌07 大号 游戏椅（皮革）,游戏椅,品牌07,大号,皮革,白色,16*1*1,9,AY09D,莎拉,收货,上架
LaYn1716Si,银色 品牌15 17英寸 笔记本电脑（16吉字节内存）,笔记本电脑,品牌15,17英寸,16吉字节内存,银色,16*1*1,5,BZ40G,莎拉,收货,上架
OfSESHeBl,黑色 品牌08 小号 办公椅（头枕）,办公椅,品牌08,小号,头枕,黑色,16*1*1,9,DK14B,克里斯,收货,上架
TVEs65S4Si,银色 品牌32 65英寸 电视机（超级超高清）,电视机,品牌32,65英寸,超级超高清,银色,8*1*1,7,BO75G,克里斯,收货,上架
NoGrA3doGr,灰色 品牌18 三号纸 笔记本（点阵）,笔记本,品牌18,三号纸,点阵,灰色,48*10*5,493,DR45D,艾米丽,收货,上架
CaRG12DoBl,黑色 品牌03 1200 文件柜（带门式）,文件柜,品牌03,1200,带门式,黑色,8*1*1,8,DQ21B,迈克,收货,上架
DrTE90LoGr,灰色 品牌04 900 抽屉柜（储物锁柜）,抽屉柜,品牌04,900,储物锁柜,灰色,8*1*1,3,DZ37C,简,收货,上架
DrTE90FiBl,黑色 品牌04 900 抽屉柜（文件收纳）,抽屉柜,品牌04,900,文件收纳,黑色,8*1*1,4,CI28E,约翰,收货,上架
SPAl12HeBl,黑色 品牌20 12 触控笔（六角形）,触控笔,品牌20,12,六角形,黑色,48*10*5,1781,BO37B,简,收货,上架
TaTR18AdWh,白色 品牌29 1800 桌子（可调节）,桌子,品牌29,1800,可调节,白色,8*1*1,6,AF47E,克里斯,收货,上架
MoPH27BlPi,粉色 品牌12 270 鼠标（蓝牙）,鼠标,品牌12,270,蓝牙,粉色,16*10*1,139,CJ46F,亚历克斯,收货,上架
AlOv148GBl,黑色 品牌13 14英寸 一体机（8吉字节内存）,一体机,品牌13,14英寸,8吉字节内存,黑色,16*1*1,14,DN31A,劳拉,收货,上架
CuRG18SlBl,黑色 品牌03 1800 储物柜（滑动式）,储物柜,品牌03,1800,滑动式,黑色,8*1*1,5,DF01A,约翰,收货,上架
TVGL50S4Wh,白色 品牌31 50英寸 电视机（超级超高清）,电视机,品牌31,50英寸,超级超高清,白色,8*1*1,2,CT56C,迈克,收货,上架
NoGrA3doGr,灰色 品牌18 三号纸 笔记本（点阵）,笔记本,品牌18,三号纸,点阵,灰色,48*10*5,1515,BJ48C,简,收货,上架
PeGi24HeBl,黑色 品牌21 24 铅笔（六角形）,铅笔,品牌21,24,六角形,黑色,48*10*5,780,DK12H,莎拉,收货,上架
TVEs754KSi,银色 品牌32 75英寸 电视机（超高清）,电视机,品牌32,75英寸,超高清,银色,8*1*1,6,BJ37D,劳拉,收货,上架
MoPH35ErPi,粉色 品牌12 350 鼠标（人体工学）,鼠标,品牌12,350,人体工学,粉色,16*10*1,112,DQ48E,克里斯,收货,上架
LaRe178GBl,黑色 品牌14 17英寸 笔记本电脑（8吉字节内存）,笔记本电脑,品牌14,17英寸,8吉字节内存,黑色,16*1*1,3,AI69C,艾米,收货,上架
TVEs65FHWh,白色 品牌32 65英寸 电视机（全高清）,电视机,品牌32,65英寸,全高清,白色,8*1*1,6,AW77G,克里斯,收货,上架
PeNa50HeBl,黑色 品牌23 50 铅笔（六角形）,铅笔,品牌23,50,六角形,黑色,48*10*5,2252,CL59F,大卫,收货,上架
CuRG18FiBl,黑色 品牌03 1800 储物柜（文件收纳）,储物柜,品牌03,1800,文件收纳,黑色,8*1*1,2,CR79E,莎拉,收货,上架
TaTR10AuGr,灰色 品牌29 1000 桌子（自动调节）,桌子,品牌29,1000,自动调节,灰色,8*1*1,5,CP77B,迈克,收货,上架
CaRG18SlGr,灰色 品牌03 1800 文件柜（滑动式）,文件柜,品牌03,1800,滑动式,灰色,8*1*1,2,DI37C,艾米,收货,上架
MoRe45MePi,粉色 品牌10 450 鼠标（机械式）,鼠标,品牌10,450,机械式,粉色,16*10*1,8,DH68E,艾米,收货,上架
KeRe27MeWh,白色 品牌10 270 键盘（机械式）,键盘,品牌10,270,机械式,白色,16*10*1,100,CW39B,艾米,收货,上架
OfAEMHeBl,黑色 品牌05 中号 办公椅（头枕）,办公椅,品牌05,中号,头枕,黑色,16*1*1,9,CX12E,简,收货,上架
DrQE90DoBl,黑色 品牌01 900 抽屉柜（带门式）,抽屉柜,品牌01,900,带门式,黑色,8*1*1,3,BV53A,艾米丽,收货,上架
PrNoA2MoWh,白色 品牌26 二号纸 打印机（黑白）,打印机,品牌26,二号纸,黑白,白色,16*1*1,14,DG64C,克里斯,收货,上架
DrWE90DoGr,灰色 品牌02 900 抽屉柜（带门式）,抽屉柜,品牌02,900,带门式,灰色,8*1*1,2,AI56E,亚历克斯,收货,上架
TaTR10FrWh,白色 品牌28 1000 桌子（框架式）,桌子,品牌28,1000,框架式,白色,8*1*1,2,AQ88E,约翰,收货,上架
TaTR18AuGr,灰色 品牌29 1800 桌子（自动调节）,桌子,品牌29,1800,自动调节,灰色,8*1*1,3,CN37A,大卫,收货,上架
NoExA4liWh,白色 品牌16 四号纸 笔记本（线条）,笔记本,品牌16,四号纸,线条,白色,48*10*5,1759,CG88G,亚历克斯,收货,上架
GaAESLeGr,灰色 品牌05 小号 游戏椅（皮革）,游戏椅,品牌05,小号,皮革,灰色,16*1*1,13,AZ79C,约翰,收货,上架
TVGn424KGr,灰色 品牌30 42英寸 电视机（超高清）,电视机,品牌30,42英寸,超高清,灰色,8*1*1,6,BT38F,艾米,收货,上架
DrQE12FiBe,米色 品牌01 1200 抽屉柜（文件收纳）,抽屉柜,品牌01,1200,文件收纳,米色,8*1*1,6,BY57C,克里斯,收货,上架
PeNa24WaGr,灰色 品牌23 24 铅笔（水彩）,铅笔,品牌23,24,水彩,灰色,48*10*5,2339,AW62H,艾米,收货,上架
TVEs42S4Wh,白色 品牌32 42英寸 电视机（超级超高清）,电视机,品牌32,42英寸,超级超高清,白色,8*1*1,6,CS27A,莎拉,收货,上架
AlRe1432Si,银色 品牌14 14英寸 一体机（32吉字节内存）,一体机,品牌14,14英寸,32吉字节内存,银色,16*1*1,9,AV77H,劳拉,收货,上架
TVYn65FHGr,灰色 品牌15 65英寸 电视机（全高清）,电视机,品牌15,65英寸,全高清,灰色,8*1*1,3,DU87E,简,收货,上架
TVGL65SFBl,黑色 品牌31 65英寸 电视机（超级全高清）,电视机,品牌31,65英寸,超级全高清,黑色,8*1*1,2,BN42B,克里斯,收货,上架
MoPH45ErBl,黑色 品牌12 450 鼠标（人体工学）,鼠标,品牌12,450,人体工学,黑色,16*10*1,88,AW49E,劳拉,收货,上架
KePH27WiWh,白色 品牌12 270 键盘（有线）,键盘,品牌12,270,有线,白色,16*10*1,23,AQ44F,亚历克斯,收货,上架
KeRe35ErWh,白色 品牌10 350 键盘（人体工学）,键盘,品牌10,350,人体工学,白色,16*10*1,59,CM30C,克里斯,收货,上架
LaPH1716Gr,灰色 品牌12 17英寸 笔记本电脑（16吉字节内存）,笔记本电脑,品牌12,17英寸,16吉字节内存,灰色,16*1*1,15,DS38D,迈克,收货,上架
CuRG12FiGr,灰色 品牌03 1200 储物柜（文件收纳）,储物柜,品牌03,1200,文件收纳,灰色,8*1*1,8,BK80E,劳拉,收货,上架
LaSu1416Gr,灰色 品牌11 14英寸 笔记本电脑（16吉字节内存）,笔记本电脑,品牌11,14英寸,16吉字节内存,灰色,16*1*1,16,BL16A,艾米丽,收货,上架
AlRe15i5Si,银色 品牌14 15英寸 一体机（第5代处理器）,一体机,品牌14,15英寸,第5代处理器,银色,16*1*1,12,AK51B,迈克,收货,上架
OfXESLeBl,黑色 品牌06 小号 办公椅（皮革）,办公椅,品牌06,小号,皮革,黑色,16*1*1,15,CY65D,艾米,收货,上架
AlPH1532Si,银色 品牌12 15英寸 一体机（32吉字节内存）,一体机,品牌12,15英寸,32吉字节内存,银色,16*1*1,16,BU19H,莎拉,收货,上架
OfXELHeGr,灰色 品牌06 大号 办公椅（头枕）,办公椅,品牌06,大号,头枕,灰色,16*1*1,6,AX35G,亚历克斯,收货,上架
LaPH14i7Si,银色 品牌12 14英寸 笔记本电脑（第7代处理器）,笔记本电脑,品牌12,14英寸,第7代处理器,银色,16*1*1,15,BN45D,简,收货,上架
PeNa24WaBl,黑色 品牌23 24 铅笔（水彩）,铅笔,品牌23,24,水彩,黑色,48*10*5,1839,BH62G,劳拉,收货,上架
AlSu15i7Wh,白色 品牌11 15英寸 一体机（第7代处理器）,一体机,品牌11,15英寸,第7代处理器,白色,16*1*1,14,CM52E,艾米丽,收货,上架
KeSu35MeNa,藏青色 品牌11 350 键盘（机械式）,键盘,品牌11,350,机械式,藏青色,16*10*1,159,AZ38B,迈克,收货,上架
AlYn14i7Wh,白色 品牌15 14英寸 一体机（第7代处理器）,一体机,品牌15,14英寸,第7代处理器,白色,16*1*1,9,CR15G,迈克,收货,上架
OfOGSLePi,粉色 品牌07 小号 办公椅（皮革）,办公椅,品牌07,小号,皮革,粉色,16*1*1,7,DT04B,大卫,收货,上架
PeRe24WaWh,白色 品牌22 24 铅笔（水彩）,铅笔,品牌22,24,水彩,白色,48*10*5,2291,BH95F,大卫,收货,上架
PrSoA2AlMi,混合色 品牌25 二号纸 打印机（一体式）,打印机,品牌25,二号纸,一体式,混合色,16*1*1,4,DQ50C,艾米丽,收货,上架
GaOGMErWh,白色 品牌07 中号 游戏椅（人体工学）,游戏椅,品牌07,中号,人体工学,白色,16*1*1,3,DR98G,劳拉,收货,上架
GaXESAdPi,粉色 品牌06 小号 游戏椅（可调节）,游戏椅,品牌06,小号,可调节,粉色,16*1*1,3,BV34G,克里斯,收货,上架
CaRG18FiWh,白色 品牌03 1800 文件柜（文件收纳）,文件柜,品牌03,1800,文件收纳,白色,8*1*1,8,BK72H,劳拉,收货,上架
TaAE15AdSi,银色 品牌05 1500 桌子（可调节）,桌子,品牌05,1500,可调节,银色,8*1*1,1,CH13G,艾米,收货,上架
AlOv178GGr,灰色 品牌13 17英寸 一体机（8吉字节内存）,一体机,品牌13,17英寸,8吉字节内存,灰色,16*1*1,11,CW29G,莎拉,收货,上架
SPRe50WaBl,黑色 品牌22 50 触控笔（水彩）,触控笔,品牌22,50,水彩,黑色,48*10*5,635,BJ66B,约翰,收货,上架
CaWE18SlGr,灰色 品牌02 1800 文件柜（滑动式）,文件柜,品牌02,1800,滑动式,灰色,8*1*1,1,CZ59H,莎拉,收货,上架
TaTR10FrBl,黑色 品牌28 1000 桌子（框架式）,桌子,品牌28,1000,框架式,黑色,8*1*1,6,BU83A,克里斯,收货,上架
AlRe1516Wh,白色 品牌14 15英寸 一体机（16吉字节内存）,一体机,品牌14,15英寸,16吉字节内存,白色,16*1*1,8,BQ56E,大卫,收货,上架
CuRG12LoBe,米色 品牌03 1200 储物柜（储物锁柜）,储物柜,品牌03,1200,储物锁柜,米色,8*1*1,6,AL34B,迈克,收货,上架
OfSELHePi,粉色 品牌08 大号 办公椅（头枕）,办公椅,品牌08,大号,头枕,粉色,16*1*1,14,BI51H,迈克,收货,上架
MoHc27ErWh,白色 品牌09 270 鼠标（人体工学）,鼠标,品牌09,270,人体工学,白色,16*10*1,137,BP93H,简,收货,上架
AlYn17i7Wh,白色 品牌15 17英寸 一体机（第7代处理器）,一体机,品牌15,17英寸,第7代处理器,白色,16*1*1,7,DJ14F,大卫,收货,上架
TVEs65FHBl,黑色 品牌32 65英寸 电视机（全高清）,电视机,品牌32,65英寸,全高清,黑色,8*1*1,8,AS31G,艾米丽,收货,上架
LaSu15i5Si,银色 品牌11 15英寸 笔记本电脑（第5代处理器）,笔记本电脑,品牌11,15英寸,第5代处理器,银色,16*1*1,6,AI16G,克里斯,收货,上架
LaSu158GBl,黑色 品牌11 15英寸 笔记本电脑（8吉字节内存）,笔记本电脑,品牌11,15英寸,8吉字节内存,黑色,16*1*1,15,AO52D,莎拉,收货,上架
CuQE90DoWh,白色 品牌01 900 储物柜（带门式）,储物柜,品牌01,900,带门式,白色,8*1*1,6,BP85H,艾米丽,收货,上架
TVGL32SFWh,白色 品牌31 32英寸 电视机（超级全高清）,电视机,品牌31,32英寸,超级全高清,白色,8*1*1,6,CG69C,迈克,收货,上架
TaTR15AdBl,黑色 品牌28 1500 桌子（可调节）,桌子,品牌28,1500,可调节,黑色,8*1*1,8,DN17E,艾米丽,收货,上架
CuQE18FiWh,白色 品牌01 1800 储物柜（文件收纳）,储物柜,品牌01,1800,文件收纳,白色,8*1*1,3,AQ85E,艾米丽,收货,上架
OfAESErBl,黑色 品牌05 小号 办公椅（人体工学）,办公椅,品牌05,小号,人体工学,黑色,16*1*1,10,BJ56D,艾米丽,收货,上架
AlRe1532Gr,灰色 品牌14 15英寸 一体机（32吉字节内存）,一体机,品牌14,15英寸,32吉字节内存,灰色,16*1*1,16,BM91D,简,收货,上架
LaRe1416Bl,黑色 品牌14 14英寸 笔记本电脑（16吉字节内存）,笔记本电脑,品牌14,14英寸,16吉字节内存,黑色,16*1*1,12,AQ17D,亚历克斯,收货,上架
DrWE18DoGr,灰色 品牌02 1800 抽屉柜（带门式）,抽屉柜,品牌02,1800,带门式,灰色,8*1*1,4,CG28H,大卫,收货,上架
CaQE18FiGr,灰色 品牌01 1800 文件柜（文件收纳）,文件柜,品牌01,1800,文件收纳,灰色,8*1*1,5,AZ57D,艾米,收货,上架
PeRe12HeBl,黑色 品牌22 12 铅笔（六角形）,铅笔,品牌22,12,六角形,黑色,48*10*5,2059,DT24B,莎拉,收货,上架
OfOGLAdGr,灰色 品牌07 大号 办公椅（可调节）,办公椅,品牌07,大号,可调节,灰色,16*1*1,1,AV74F,艾米,收货,上架
SPNa12WaPi,粉色 品牌23 12 触控笔（水彩）,触控笔,品牌23,12,水彩,粉色,48*10*5,285,AL23F,亚历克斯,收货,上架
CaRG90FiWh,白色 品牌03 900 文件柜（文件收纳）,文件柜,品牌03,900,文件收纳,白色,8*1*1,7,DW29F,迈克,收货,上架
CuTE90SlGr,灰色 品牌04 900 储物柜（滑动式）,储物柜,品牌04,900,滑动式,灰色,8*1*1,4,CF95B,迈克,收货,上架
LaSu148GGr,灰色 品牌11 14英寸 笔记本电脑（8吉字节内存）,笔记本电脑,品牌11,14英寸,8吉字节内存,灰色,16*1*1,2,DV89D,亚历克斯,收货,上架
AlRe17i5Si,银色 品牌14 17英寸 一体机（第5代处理器）,一体机,品牌14,17英寸,第5代处理器,银色,16*1*1,9,BJ21C,艾米,收货,上架
OfXESLeBl,黑色 品牌06 小号 办公椅（皮革）,办公椅,品牌06,小号,皮革,黑色,16*1*1,10,CI84G,劳拉,收货,上架
TVGn65FHBl,黑色 品牌30 65英寸 电视机（全高清）,电视机,品牌30,65英寸,全高清,黑色,8*1*1,7,CK59F,莎拉,收货,上架
OfSEMErPi,粉色 品牌08 中号 办公椅（人体工学）,办公椅,品牌08,中号,人体工学,粉色,16*1*1,3,DM81E,艾米丽,收货,上架
TaTR10FrGr,灰色 品牌28 1000 桌子（框架式）,桌子,品牌28,1000,框架式,灰色,8*1*1,5,DS88F,莎拉,收货,上架
PrReA3LaGr,灰色 品牌24 三号纸 打印机（激光）,打印机,品牌24,三号纸,激光,灰色,16*1*1,10,CX81F,约翰,收货,上架
MoRe45MeNa,藏青色 品牌10 450 鼠标（机械式）,鼠标,品牌10,450,机械式,藏青色,16*10*1,112,BU67C,艾米丽,收货,上架
LaPH178GBl,黑色 品牌12 17英寸 笔记本电脑（8吉字节内存）,笔记本电脑,品牌12,17英寸,8吉字节内存,黑色,16*1*1,16,AY80F,艾米,收货,上架
SPAl50WaWh,白色 品牌20 50 触控笔（水彩）,触控笔,品牌20,50,水彩,白色,48*10*5,653,AY57C,简,收货,上架
KePH35BlPi,粉色 品牌12 350 键盘（蓝牙）,键盘,品牌12,350,蓝牙,粉色,16*10*1,1,BL27D,简,收货,上架
PeNa50HeWh,白色 品牌23 50 铅笔（六角形）,铅笔,品牌23,50,六角形,白色,48*10*5,535,CX04E,艾米丽,收货,上架
LaPH1416Si,银色 品牌12 14英寸 笔记本电脑（16吉字节内存）,笔记本电脑,品牌12,14英寸,16吉字节内存,银色,16*1*1,2,DM35F,劳拉,收货,上架
MoRe27MeBl,黑色 品牌10 270 鼠标（机械式）,鼠标,品牌10,270,机械式,黑色,16*10*1,16,CS57F,劳拉,收货,上架
CuQE12LoGr,灰色 品牌01 1200 储物柜（储物锁柜）,储物柜,品牌01,1200,储物锁柜,灰色,8*1*1,8,DT88H,克里斯,收货,上架
PeGi12WaGr,灰色 品牌21 12 铅笔（水彩）,铅笔,品牌21,12,水彩,灰色,48*10*5,871,CO31B,大卫,收货,上架
MoRe27ErWh,白色 品牌10 270 鼠标（人体工学）,鼠标,品牌10,270,人体工学,白色,16*10*1,152,AN15C,亚历克斯,收货,上架
LaPH17i5Wh,白色 品牌12 17英寸 笔记本电脑（第5代处理器）,笔记本电脑,品牌12,17英寸,第5代处理器,白色,16*1*1,2,AI79B,艾米,收货,上架
PrPHA3AlWh,白色 品牌12 三号纸 打印机（一体式）,打印机,品牌12,三号纸,一体式,白色,16*1*1,2,AU15B,艾米丽,收货,上架
OfSESAdBl,黑色 品牌08 小号 办公椅（可调节）,办公椅,品牌08,小号,可调节,黑色,16*1*1,6,CJ07F,克里斯,收货,上架
PrNoA2InBl,黑色 品牌26 二号纸 打印机（喷墨）,打印机,品牌26,二号纸,喷墨,黑色,16*1*1,7,AP05D,劳拉,收货,上架
OfAELAdBl,黑色 品牌05 大号 办公椅（可调节）,办公椅,品牌05,大号,可调节,黑色,16*1*1,7,BU89A,克里斯,收货,上架
AlSu14i7Gr,灰色 品牌11 14英寸 一体机（第7代处理器）,一体机,品牌11,14英寸,第7代处理器,灰色,16*1*1,8,DQ02F,克里斯,收货,上架
MoSu27MeBl,黑色 品牌11 270 鼠标（机械式）,鼠标,品牌11,270,机械式,黑色,16*10*1,140,AR48D,约翰,收货,上架
LaYn1532Wh,白色 品牌15 15英寸 笔记本电脑（32吉字节内存）,笔记本电脑,品牌15,15英寸,32吉字节内存,白色,16*1*1,2,BW30G,莎拉,收货,上架
AlYn17i5Bl,黑色 品牌15 17英寸 一体机（第5代处理器）,一体机,品牌15,17英寸,第5代处理器,黑色,16*1*1,12,BR57G,迈克,收货,上架
AlSu1532Si,银色 品牌11 15英寸 一体机（32吉字节内存）,一体机,品牌11,15英寸,32吉字节内存,银色,16*1*1,7,DO76D,艾米,收货,上架
DrRG12DoBl,黑色 品牌03 1200 抽屉柜（带门式）,抽屉柜,品牌03,1200,带门式,黑色,8*1*1,1,AN50D,亚历克斯,收货,上架
AlOv1416Gr,灰色 品牌13 14英寸 一体机（16吉字节内存）,一体机,品牌13,14英寸,16吉字节内存,灰色,16*1*1,9,AL62G,艾米,收货,上架
GaSELLePi,粉色 品牌08 大号 游戏椅（皮革）,游戏椅,品牌08,大号,皮革,粉色,16*1*1,3,BJ17C,亚历克斯,收货,上架
OfSELErGr,灰色 品牌08 大号 办公椅（人体工学）,办公椅,品牌08,大号,人体工学,灰色,16*1*1,13,AL51F,莎拉,收货,上架
SPNa50WaBl,黑色 品牌23 50 触控笔（水彩）,触控笔,品牌23,50,水彩,黑色,48*10*5,759,BR83A,莎拉,收货,上架
NoGrA5ruBl,黑色 品牌18 五号纸 笔记本（横线）,笔记本,品牌18,五号纸,横线,黑色,48*10*5,1371,DU02C,艾米,收货,上架
OfXELLeGr,灰色 品牌06 大号 办公椅（皮革）,办公椅,品牌06,大号,皮革,灰色,16*1*1,4,BI94B,约翰,收货,上架
CuWE18DoGr,灰色 品牌02 1800 储物柜（带门式）,储物柜,品牌02,1800,带门式,灰色,8*1*1,5,AS16D,亚历克斯,收货,上架
MoSu35MeBl,黑色 品牌11 350 鼠标（机械式）,鼠标,品牌11,350,机械式,黑色,16*10*1,59,DZ51A,亚历克斯,收货,上架
OfAESLeWh,白色 品牌05 小号 办公椅（皮革）,办公椅,品牌05,小号,皮革,白色,16*1*1,14,AH71B,简,收货,上架
MoPH27MePi,粉色 品牌12 270 鼠标（机械式）,鼠标,品牌12,270,机械式,粉色,16*10*1,57,DN33G,艾米,收货,上架
AlPH1532Wh,白色 品牌12 15英寸 一体机（32吉字节内存）,一体机,品牌12,15英寸,32吉字节内存,白色,16*1*1,6,BJ71C,劳拉,收货,上架
LaPH17i5Gr,灰色 品牌12 17英寸 笔记本电脑（第5代处理器）,笔记本电脑,品牌12,17英寸,第5代处理器,灰色,16*1*1,9,CY81C,艾米,收货,上架
AlPH14i5Wh,白色 品牌12 14英寸 一体机（第5代处理器）,一体机,品牌12,14英寸,第5代处理器,白色,16*1*1,1,AM88G,迈克,收货,上架
MoRe27ErNa,藏青色 品牌10 270 鼠标（人体工学）,鼠标,品牌10,270,人体工学,藏青色,16*10*1,149,DQ09H,艾米丽,收货,上架
TVYn424KWh,白色 品牌15 42英寸 电视机（超高清）,电视机,品牌15,42英寸,超高清,白色,8*1*1,8,AO62F,约翰,收货,上架
PrPHA2WiGr,灰色 品牌12 二号纸 打印机（无线网络）,打印机,品牌12,二号纸,无线网络,灰色,16*1*1,2,DM07E,约翰,收货,上架
TVYn42S4Bl,黑色 品牌15 42英寸 电视机（超级超高清）,电视机,品牌15,42英寸,超级超高清,黑色,8*1*1,2,DU95B,大卫,收货,上架
SPNa12WaPi,粉色 品牌23 12 触控笔（水彩）,触控笔,品牌23,12,水彩,粉色,48*10*5,2005,AU97E,艾米丽,收货,上架
DrQE18LoGr,灰色 品牌01 1800 抽屉柜（储物锁柜）,抽屉柜,品牌01,1800,储物锁柜,灰色,8*1*1,1,BV45F,克里斯,收货,上架
PrSoA4WiMi,混合色 品牌25 四号纸 打印机（无线网络）,打印机,品牌25,四号纸,无线网络,混合色,16*1*1,13,BI40D,亚历克斯,收货,上架
DrQE18FiGr,灰色 品牌01 1800 抽屉柜（文件收纳）,抽屉柜,品牌01,1800,文件收纳,灰色,8*1*1,2,CT69D,莎拉,收货,上架
GaSESLeGr,灰色 品牌08 小号 游戏椅（皮革）,游戏椅,品牌08,小号,皮革,灰色,16*1*1,4,DQ91G,莎拉,收货,上架
NoExA5liBl,黑色 品牌16 五号纸 笔记本（线条）,笔记本,品牌16,五号纸,线条,黑色,48*10*5,1266,DZ62E,亚历克斯,收货,上架
LaOv14i7Bl,黑色 品牌13 14英寸 笔记本电脑（第7代处理器）,笔记本电脑,品牌13,14英寸,第7代处理器,黑色,16*1*1,6,BR96G,艾米,收货,上架
CaWE18LoWh,白色 品牌02 1800 文件柜（储物锁柜）,文件柜,品牌02,1800,储物锁柜,白色,8*1*1,4,AL19B,迈克,收货,上架
NoExA3doWh,白色 品牌16 三号纸 笔记本（点阵）,笔记本,品牌16,三号纸,点阵,白色,48*10*5,1606,AU29D,亚历克斯,收货,上架
GaOGMAdWh,白色 品牌07 中号 游戏椅（可调节）,游戏椅,品牌07,中号,可调节,白色,16*1*1,4,BI80D,劳拉,收货,上架
AlSu17i7Si,银色 品牌11 17英寸 一体机（第7代处理器）,一体机,品牌11,17英寸,第7代处理器,银色,16*1*1,13,AF79E,劳拉,收货,上架
KeRe27ErBl,黑色 品牌10 270 键盘（人体工学）,键盘,品牌10,270,人体工学,黑色,16*10*1,137,AJ77H,亚历克斯,收货,上架
PrPHA2AlBl,黑色 品牌12 二号纸 打印机（一体式）,打印机,品牌12,二号纸,一体式,黑色,16*1*1,16,DU22H,莎拉,收货,上架
AlYn158GBl,黑色 品牌15 15英寸 一体机（8吉字节内存）,一体机,品牌15,15英寸,8吉字节内存,黑色,16*1*1,10,DG72H,克里斯,收货,上架
KeRe45MePi,粉色 品牌10 450 键盘（机械式）,键盘,品牌10,450,机械式,粉色,16*10*1,25,DN37G,简,收货,上架
LaPH14i5Si,银色 品牌12 14英寸 笔记本电脑（第5代处理器）,笔记本电脑,品牌12,14英寸,第5代处理器,银色,16*1*1,14,BH89E,迈克,收货,上架
CaRG12LoWh,白色 品牌03 1200 文件柜（储物锁柜）,文件柜,品牌03,1200,储物锁柜,白色,8*1*1,7,CK01D,亚历克斯,收货,上架
PeNa50HePi,粉色 品牌23 50 铅笔（六角形）,铅笔,品牌23,50,六角形,粉色,48*10*5,2123,CJ61B,约翰,收货,上架
LaSu148GSi,银色 品牌11 14英寸 笔记本电脑（8吉字节内存）,笔记本电脑,品牌11,14英寸,8吉字节内存,银色,16*1*1,13,AF65F,艾米丽,收货,上架
LaRe15i7Si,银色 品牌14 15英寸 笔记本电脑（第7代处理器）,笔记本电脑,品牌14,15英寸,第7代处理器,银色,16*1*1,9,DR09D,劳拉,收货,上架
CaRG90DoWh,白色 品牌03 900 文件柜（带门式）,文件柜,品牌03,900,带门式,白色,8*1*1,2,BM19F,亚历克斯,收货,上架
AlYn1732Gr,灰色 品牌15 17英寸 一体机（32吉字节内存）,一体机,品牌15,17英寸,32吉字节内存,灰色,16*1*1,5,CG53B,艾米,收货,上架
TVGL754KBl,黑色 品牌31 75英寸 电视机（超高清）,电视机,品牌31,75英寸,超高清,黑色,8*1*1,5,CP70G,约翰,收货,上架
TVGL50FHSi,银色 品牌31 50英寸 电视机（全高清）,电视机,品牌31,50英寸,全高清,银色,8*1*1,6,AQ50D,艾米,收货,上架
TaAE10WoSi,银色 品牌05 1000 桌子（工作站）,桌子,品牌05,1000,工作站,银色,8*1*1,6,DX22E,劳拉,收货,上架
DrQE12DoWh,白色 品牌01 1200 抽屉柜（带门式）,抽屉柜,品牌01,1200,带门式,白色,8*1*1,1,AK45D,大卫,收货,上架
TVGL50FHGr,灰色 品牌31 50英寸 电视机（全高清）,电视机,品牌31,50英寸,全高清,灰色,8*1*1,7,DG13C,迈克,收货,上架
OfSEMAdGr,灰色 品牌08 中号 办公椅（可调节）,办公椅,品牌08,中号,可调节,灰色,16*1*1,5,BP83C,克里斯,收货,上架
LaOv1732Gr,灰色 品牌13 17英寸 笔记本电脑（32吉字节内存）,笔记本电脑,品牌13,17英寸,32吉字节内存,灰色,16*1*1,5,CX90C,莎拉,收货,上架
OfSELLeGr,灰色 品牌08 大号 办公椅（皮革）,办公椅,品牌08,大号,皮革,灰色,16*1*1,11,DQ27A,简,收货,上架
TaCI18WoBl,黑色 品牌27 1800 桌子（工作站）,桌子,品牌27,1800,工作站,黑色,8*1*1,1,AJ57G,克里斯,收货,上架
GaXELErPi,粉色 品牌06 大号 游戏椅（人体工学）,游戏椅,品牌06,大号,人体工学,粉色,16*1*1,5,AG41A,简,收货,上架
PrReA3LaMi,混合色 品牌24 三号纸 打印机（激光）,打印机,品牌24,三号纸,激光,混合色,16*1*1,5,DJ93C,亚历克斯,收货,上架
DrQE90SlBl,黑色 品牌01 900 抽屉柜（滑动式）,抽屉柜,品牌01,900,滑动式,黑色,8*1*1,2,AZ17B,约翰,收货,上架
MoPH45BlBl,黑色 品牌12 450 鼠标（蓝牙）,鼠标,品牌12,450,蓝牙,黑色,16*10*1,109,BQ50D,简,收货,上架
DrTE12LoBe,米色 品牌04 1200 抽屉柜（储物锁柜）,抽屉柜,品牌04,1200,储物锁柜,米色,8*1*1,3,DG35G,莎拉,收货,上架
PrPHA4AlMi,混合色 品牌12 四号纸 打印机（一体式）,打印机,品牌12,四号纸,一体式,混合色,16*1*1,5,CK23C,艾米,收货,上架
LaRe148GSi,银色 品牌14 14英寸 笔记本电脑（8吉字节内存）,笔记本电脑,品牌14,14英寸,8吉字节内存,银色,16*1*1,2,BK23C,约翰,收货,上架
OfXESLeGr,灰色 品牌06 小号 办公椅（皮革）,办公椅,品牌06,小号,皮革,灰色,16*1*1,7,BY81F,莎拉,收货,上架
TaAE15AdBl,黑色 品牌05 1500 桌子（可调节）,桌子,品牌05,1500,可调节,黑色,8*1*1,1,AO20A,迈克,收货,上架
SPNa24HePi,粉色 品牌23 24 触控笔（六角形）,触控笔,品牌23,24,六角形,粉色,48*10*5,1636,DU23F,简,收货,上架
PrReA2MoMi,混合色 品牌24 二号纸 打印机（黑白）,打印机,品牌24,二号纸,黑白,混合色,16*1*1,2,BJ24C,克里斯,收货,上架
GaOGSAdGr,灰色 品牌07 小号 游戏椅（可调节）,游戏椅,品牌07,小号,可调节,灰色,16*1*1,5,BN63B,克里斯,收货,上架
AlPH1716Bl,黑色 品牌12 17英寸 一体机（16吉字节内存）,一体机,品牌12,17英寸,16吉字节内存,黑色,16*1*1,16,BH62H,莎拉,收货,上架
LaOv178GGr,灰色 品牌13 17英寸 笔记本电脑（8吉字节内存）,笔记本电脑,品牌13,17英寸,8吉字节内存,灰色,16*1*1,16,CV21D,亚历克斯,收货,上架
NoExA5liBl,黑色 品牌16 五号纸 笔记本（线条）,笔记本,品牌16,五号纸,线条,黑色,48*10*5,1771,DV32H,克里斯,收货,上架
NoExA5liWh,白色 品牌16 五号纸 笔记本（线条）,笔记本,品牌16,五号纸,线条,白色,48*10*5,1331,CK04H,莎拉,收货,上架
AlPH158GWh,白色 品牌12 15英寸 一体机（8吉字节内存）,一体机,品牌12,15英寸,8吉字节内存,白色,16*1*1,13,BQ09E,莎拉,收货,上架
NoMuA3liGr,灰色 品牌19 三号纸 笔记本（线条）,笔记本,品牌19,三号纸,线条,灰色,48*10*5,905,CH31D,劳拉,收货,上架
PrSoA4WiGr,灰色 品牌25 四号纸 打印机（无线网络）,打印机,品牌25,四号纸,无线网络,灰色,16*1*1,9,AW64H,艾米丽,收货,上架
KeRe27WiPi,粉色 品牌10 270 键盘（有线）,键盘,品牌10,270,有线,粉色,16*10*1,141,AZ90C,迈克,收货,上架
TVYn32S4Gr,灰色 品牌15 32英寸 电视机（超级超高清）,电视机,品牌15,32英寸,超级超高清,灰色,8*1*1,8,BY71A,莎拉,收货,上架
TaTR10AuWh,白色 品牌29 1000 桌子（自动调节）,桌子,品牌29,1000,自动调节,白色,8*1*1,5,DZ88B,约翰,收货,上架
NoMuA3doSi,银色 品牌19 三号纸 笔记本（点阵）,笔记本,品牌19,三号纸,点阵,银色,48*10*5,1691,BZ61F,艾米,收货,上架
PeRe12SoGr,灰色 品牌22 12 铅笔（可溶性）,铅笔,品牌22,12,可溶性,灰色,48*10*5,671,DF66F,简,收货,上架
AlYn15i5Bl,黑色 品牌15 15英寸 一体机（第5代处理器）,一体机,品牌15,15英寸,第5代处理器,黑色,16*1*1,9,AO74C,艾米丽,收货,上架
TVGn75S4Si,银色 品牌30 75英寸 电视机（超级超高清）,电视机,品牌30,75英寸,超级超高清,银色,8*1*1,5,DO19C,大卫,收货,上架
TaTR18AuBl,黑色 品牌28 1800 桌子（自动调节）,桌子,品牌28,1800,自动调节,黑色,8*1*1,7,BK07A,克里斯,收货,上架
PeGi12WaBl,黑色 品牌21 12 铅笔（水彩）,铅笔,品牌21,12,水彩,黑色,48*10*5,1164,CQ39B,亚历克斯,收货,上架
AlSu1432Gr,灰色 品牌11 14英寸 一体机（32吉字节内存）,一体机,品牌11,14英寸,32吉字节内存,灰色,16*1*1,10,AM23B,约翰,收货,上架
SPRe12SoBl,黑色 品牌22 12 触控笔（可溶性）,触控笔,品牌22,12,可溶性,黑色,48*10*5,1119,DF92E,克里斯,收货,上架
MoSu45WiBl,黑色 品牌11 450 鼠标（有线）,鼠标,品牌11,450,有线,黑色,16*10*1,147,DI91D,莎拉,收货,上架
DrWE90FiWh,白色 品牌02 900 抽屉柜（文件收纳）,抽屉柜,品牌02,900,文件收纳,白色,8*1*1,2,BV15B,亚历克斯,收货,上架
OfSESLePi,粉色 品牌08 小号 办公椅（皮革）,办公椅,品牌08,小号,皮革,粉色,16*1*1,5,CH25G,艾米丽,收货,上架
TVGn42SFGr,灰色 品牌30 42英寸 电视机（超级全高清）,电视机,品牌30,42英寸,超级全高清,灰色,8*1*1,4,DU75G,简,收货,上架
MoHc27ErWh,白色 品牌09 270 鼠标（人体工学）,鼠标,品牌09,270,人体工学,白色,16*10*1,102,DU80B,迈克,收货,上架
PrSoA3MoWh,白色 品牌25 三号纸 打印机（黑白）,打印机,品牌25,三号纸,黑白,白色,16*1*1,14,DT80H,艾米丽,收货,上架
TaCI10AdGr,灰色 品牌27 1000 桌子（可调节）,桌子,品牌27,1000,可调节,灰色,8*1*1,4,BZ79C,约翰,收货,上架
DrWE90SlGr,灰色 品牌02 900 抽屉柜（滑动式）,抽屉柜,品牌02,900,滑动式,灰色,8*1*1,1,BP56D,莎拉,收货,上架
NoScA5liSi,银色 品牌17 五号纸 笔记本（线条）,笔记本,品牌17,五号纸,线条,银色,48*10*5,1736,AO53C,克里斯,收货,上架
LaSu15i5Wh,白色 品牌11 15英寸 笔记本电脑（第5代处理器）,笔记本电脑,品牌11,15英寸,第5代处理器,白色,16*1*1,6,BP84D,劳拉,收货,上架
CaTE18FiBl,黑色 品牌04 1800 文件柜（文件收纳）,文件柜,品牌04,1800,文件收纳,黑色,8*1*1,5,AG06B,约翰,收货,上架
PrNoA3InBl,黑色 品牌26 三号纸 打印机（喷墨）,打印机,品牌26,三号纸,喷墨,黑色,16*1*1,10,CW48D,劳拉,收货,上架
SPGi50HeGr,灰色 品牌21 50 触控笔（六角形）,触控笔,品牌21,50,六角形,灰色,48*10*5,324,BQ22F,劳拉,收货,上架
TVGL65SFSi,银色 品牌31 65英寸 电视机（超级全高清）,电视机,品牌31,65英寸,超级全高清,银色,8*1*1,1,AP78D,劳拉,收货,上架
PeAl50HeWh,白色 品牌20 50 铅笔（六角形）,铅笔,品牌20,50,六角形,白色,48*10*5,1480,AK81C,艾米丽,收货,上架
TVYn424KGr,灰色 品牌15 42英寸 电视机（超高清）,电视机,品牌15,42英寸,超高清,灰色,8*1*1,2,DP51F,劳拉,收货,上架
CaWE12LoWh,白色 品牌02 1200 文件柜（储物锁柜）,文件柜,品牌02,1200,储物锁柜,白色,8*1*1,4,CT32D,迈克,收货,上架
TVGL32FHSi,银色 品牌31 32英寸 电视机（全高清）,电视机,品牌31,32英寸,全高清,银色,8*1*1,4,CI12B,亚历克斯,收货,上架
PeGi50SoPi,粉色 品牌21 50 铅笔（可溶性）,铅笔,品牌21,50,可溶性,粉色,48*10*5,195,BQ12A,艾米,收货,上架
LaPH14i7Bl,黑色 品牌12 14英寸 笔记本电脑（第7代处理器）,笔记本电脑,品牌12,14英寸,第7代处理器,黑色,16*1*1,11,CH31C,迈克,收货,上架
MoHc45WiWh,白色 品牌09 450 鼠标（有线）,鼠标,品牌09,450,有线,白色,16*10*1,111,AY29D,大卫,收货,上架
TaCI10AdWh,白色 品牌27 1000 桌子（可调节）,桌子,品牌27,1000,可调节,白色,8*1*1,6,AJ80H,大卫,收货,上架
OfAEMAdWh,白色 品牌05 中号 办公椅（可调节）,办公椅,品牌05,中号,可调节,白色,16*1*1,4,AT36F,亚历克斯,收货,上架
TaCI15AdGr,灰色 品牌27 1500 桌子（可调节）,桌子,品牌27,1500,可调节,灰色,8*1*1,5,CR34F,大卫,收货,上架
OfXELAdBl,黑色 品牌06 大号 办公椅（可调节）,办公椅,品牌06,大号,可调节,黑色,16*1*1,13,BK09G,艾米丽,收货,上架
TaAE15AdGr,灰色 品牌05 1500 桌子（可调节）,桌子,品牌05,1500,可调节,灰色,8*1*1,7,BQ73A,迈克,收货,上架
TVGL504KWh,白色 品牌31 50英寸 电视机（超高清）,电视机,品牌31,50英寸,超高清,白色,8*1*1,1,BR13A,劳拉,收货,上架
NoMuA4doGr,灰色 品牌19 四号纸 笔记本（点阵）,笔记本,品牌19,四号纸,点阵,灰色,48*10*5,2341,BK43D,大卫,收货,上架
PrSoA4AlWh,白色 品牌25 四号纸 打印机（一体式）,打印机,品牌25,四号纸,一体式,白色,16*1*1,12,AK53G,艾米,收货,上架
SPNa12HeWh,白色 品牌23 12 触控笔（六角形）,触控笔,品牌23,12,六角形,白色,48*10*5,116,CI22G,克里斯,收货,上架
MoPH27MePi,粉色 品牌12 270 鼠标（机械式）,鼠标,品牌12,270,机械式,粉色,16*10*1,20,CR16A,劳拉,收货,上架
PrPHA3AlWh,白色 品牌12 三号纸 打印机（一体式）,打印机,品牌12,三号纸,一体式,白色,16*1*1,10,AJ74C,克里斯,收货,上架
KeRe27BlNa,藏青色 品牌10 270 键盘（蓝牙）,键盘,品牌10,270,蓝牙,藏青色,16*10*1,5,BS90C,大卫,收货,上架
DrTE18FiWh,白色 品牌04 1800 抽屉柜（文件收纳）,抽屉柜,品牌04,1800,文件收纳,白色,8*1*1,8,AQ95H,克里斯,收货,上架
LaSu178GSi,银色 品牌11 17英寸 笔记本电脑（8吉字节内存）,笔记本电脑,品牌11,17英寸,8吉字节内存,银色,16*1*1,12,BQ46F,约翰,收货,上架
TVYn754KSi,银色 品牌15 75英寸 电视机（超高清）,电视机,品牌15,75英寸,超高清,银色,8*1*1,1,BT70A,艾米丽,收货,上架
KeHc45BlWh,白色 品牌09 450 键盘（蓝牙）,键盘,品牌09,450,蓝牙,白色,16*10*1,42,AG80B,艾米,收货,上架
LaPH1732Wh,白色 品牌12 17英寸 笔记本电脑（32吉字节内存）,笔记本电脑,品牌12,17英寸,32吉字节内存,白色,16*1*1,16,BZ58B,亚历克斯,收货,上架
TVGL42FHWh,白色 品牌31 42英寸 电视机（全高清）,电视机,品牌31,42英寸,全高清,白色,8*1*1,3,AV64B,艾米,收货,上架
GaSELLeGr,灰色 品牌08 大号 游戏椅（皮革）,游戏椅,品牌08,大号,皮革,灰色,16*1*1,6,BP70G,艾米丽,收货,上架
PrNoA4MoWh,白色 品牌26 四号纸 打印机（黑白）,打印机,品牌26,四号纸,黑白,白色,16*1*1,10,AF49G,克里斯,收货,上架
NoExA3liSi,银色 品牌16 三号纸 笔记本（线条）,笔记本,品牌16,三号纸,线条,银色,48*10*5,1718,BQ19A,劳拉,收货,上架
CaRG12FiBe,米色 品牌03 1200 文件柜（文件收纳）,文件柜,品牌03,1200,文件收纳,米色,8*1*1,5,BN86H,迈克,收货,上架
MoRe35ErNa,藏青色 品牌10 350 鼠标（人体工学）,鼠标,品牌10,350,人体工学,藏青色,16*10*1,76,DT50D,大卫,收货,上架
CaWE12DoBe,米色 品牌02 1200 文件柜（带门式）,文件柜,品牌02,1200,带门式,米色,8*1*1,7,BH28F,艾米丽,收货,上架
LaPH14i5Si,银色 品牌12 14英寸 笔记本电脑（第5代处理器）,笔记本电脑,品牌12,14英寸,第5代处理器,银色,16*1*1,1,AQ42A,迈克,收货,上架
CuRG12SlBe,米色 品牌03 1200 储物柜（滑动式）,储物柜,品牌03,1200,滑动式,米色,8*1*1,5,CF59F,克里斯,收货,上架
OfAEMErBl,黑色 品牌05 中号 办公椅（人体工学）,办公椅,品牌05,中号,人体工学,黑色,16*1*1,12,AO95E,迈克,收货,上架
NoScA4ruSi,银色 品牌17 四号纸 笔记本（横线）,笔记本,品牌17,四号纸,横线,银色,48*10*5,717,CT75B,大卫,收货,上架
PeNa12SoPi,粉色 品牌23 12 铅笔（可溶性）,铅笔,品牌23,12,可溶性,粉色,48*10*5,1846,BV32H,艾米,收货,上架
OfXELErBl,黑色 品牌06 大号 办公椅（人体工学）,办公椅,品牌06,大号,人体工学,黑色,16*1*1,6,AR20C,约翰,收货,上架
NoExA5doBl,黑色 品牌16 五号纸 笔记本（点阵）,笔记本,品牌16,五号纸,点阵,黑色,48*10*5,394,BV36B,迈克,收货,上架
NoScA5liGr,灰色 品牌17 五号纸 笔记本（线条）,笔记本,品牌17,五号纸,线条,灰色,48*10*5,1368,BM81C,简,收货,上架
DrTE18SlBe,米色 品牌04 1800 抽屉柜（滑动式）,抽屉柜,品牌04,1800,滑动式,米色,8*1*1,1,AZ35D,大卫,收货,上架
LaSu1732Si,银色 品牌11 17英寸 笔记本电脑（32吉字节内存）,笔记本电脑,品牌11,17英寸,32吉字节内存,银色,16*1*1,6,BO03E,约翰,收货,上架
OfSEMAdBl,黑色 品牌08 中号 办公椅（可调节）,办公椅,品牌08,中号,可调节,黑色,16*1*1,6,CG60B,约翰,收货,上架
SPNa24WaBl,黑色 品牌23 24 触控笔（水彩）,触控笔,品牌23,24,水彩,黑色,48*10*5,1174,AN15C,大卫,收货,上架
CuWE12LoBl,黑色 品牌02 1200 储物柜（储物锁柜）,储物柜,品牌02,1200,储物锁柜,黑色,8*1*1,5,AW87A,简,收货,上架
PeRe24HeBl,黑色 品牌22 24 铅笔（六角形）,铅笔,品牌22,24,六角形,黑色,48*10*5,2393,BJ67G,克里斯,收货,上架
MoHc35ErBl,黑色 品牌09 350 鼠标（人体工学）,鼠标,品牌09,350,人体工学,黑色,16*10*1,76,DU43A,亚历克斯,收货,上架
CuWE18SlWh,白色 品牌02 1800 储物柜（滑动式）,储物柜,品牌02,1800,滑动式,白色,8*1*1,1,AP25D,大卫,收货,上架
SPGi50SoPi,粉色 品牌21 50 触控笔（可溶性）,触控笔,品牌21,50,可溶性,粉色,48*10*5,2053,BS96F,亚历克斯,收货,上架
OfXEMLeBl,黑色 品牌06 中号 办公椅（皮革）,办公椅,品牌06,中号,皮革,黑色,16*1*1,8,DZ36G,莎拉,收货,上架
MoHc27ErBl,黑色 品牌09 270 鼠标（人体工学）,鼠标,品牌09,270,人体工学,黑色,16*10*1,97,DN11H,克里斯,收货,上架
PeGi12SoPi,粉色 品牌21 12 铅笔（可溶性）,铅笔,品牌21,12,可溶性,粉色,48*10*5,1335,BN46E,大卫,收货,上架
TaAE18AdGr,灰色 品牌05 1800 桌子（可调节）,桌子,品牌05,1800,可调节,灰色,8*1*1,4,AH32H,克里斯,收货,上架
GaOGMHeBl,黑色 品牌07 中号 游戏椅（头枕）,游戏椅,品牌07,中号,头枕,黑色,16*1*1,12,BS65H,简,收货,上架
MoPH35MeNa,藏青色 品牌12 350 鼠标（机械式）,鼠标,品牌12,350,机械式,藏青色,16*10*1,138,DS88B,大卫,收货,上架
TaTR10WoSi,银色 品牌29 1000 桌子（工作站）,桌子,品牌29,1000,工作站,银色,8*1*1,5,CW79A,约翰,收货,上架
KePH45MeWh,白色 品牌12 450 键盘（机械式）,键盘,品牌12,450,机械式,白色,16*10*1,110,DO35C,克里斯,收货,上架
SPGi50HeBl,黑色 品牌21 50 触控笔（六角形）,触控笔,品牌21,50,六角形,黑色,48*10*5,1179,CO27B,艾米丽,收货,上架
TaAE18AdWh,白色 品牌05 1800 桌子（可调节）,桌子,品牌05,1800,可调节,白色,8*1*1,2,CT33B,约翰,收货,上架
CuRG18FiBe,米色 品牌03 1800 储物柜（文件收纳）,储物柜,品牌03,1800,文件收纳,米色,8*1*1,7,BW10B,简,收货,上架
PeRe50HeWh,白色 品牌22 50 铅笔（六角形）,铅笔,品牌22,50,六角形,白色,48*10*5,1828,AI48D,劳拉,收货,上架
OfSEMLeGr,灰色 品牌08 中号 办公椅（皮革）,办公椅,品牌08,中号,皮革,灰色,16*1*1,1,DN08A,迈克,收货,上架
TVYn32S4Wh,白色 品牌15 32英寸 电视机（超级超高清）,电视机,品牌15,32英寸,超级超高清,白色,8*1*1,7,BX75G,艾米,收货,上架
CaTE12SlWh,白色 品牌04 1200 文件柜（滑动式）,文件柜,品牌04,1200,滑动式,白色,8*1*1,3,BU57F,迈克,收货,上架
PrReA2LaMi,混合色 品牌24 二号纸 打印机（激光）,打印机,品牌24,二号纸,激光,混合色,16*1*1,5,CP91C,艾米,收货,上架
AlOv1732Wh,白色 品牌13 17英寸 一体机（32吉字节内存）,一体机,品牌13,17英寸,32吉字节内存,白色,16*1*1,1,DF66A,迈克,收货,上架
AlPH17i5Wh,白色 品牌12 17英寸 一体机（第5代处理器）,一体机,品牌12,17英寸,第5代处理器,白色,16*1*1,7,DM84A,劳拉,收货,上架
DrRG90LoBe,米色 品牌03 900 抽屉柜（储物锁柜）,抽屉柜,品牌03,900,储物锁柜,米色,8*1*1,1,CI62H,艾米丽,收货,上架
AlSu14i7Bl,黑色 品牌11 14英寸 一体机（第7代处理器）,一体机,品牌11,14英寸,第7代处理器,黑色,16*1*1,11,CJ48B,艾米,收货,上架
GaOGMLePi,粉色 品牌07 中号 游戏椅（皮革）,游戏椅,品牌07,中号,皮革,粉色,16*1*1,10,AO18B,劳拉,收货,上架
OfXELLeGr,灰色 品牌06 大号 办公椅（皮革）,办公椅,品牌06,大号,皮革,灰色,16*1*1,4,AH08A,大卫,收货,上架
TVGn42FHWh,白色 品牌30 42英寸 电视机（全高清）,电视机,品牌30,42英寸,全高清,白色,8*1*1,7,DG62C,大卫,收货,上架
TaTR10WoBl,黑色 品牌29 1000 桌子（工作站）,桌子,品牌29,1000,工作站,黑色,8*1*1,4,AG48D,莎拉,收货,上架
AlOv17i5Si,银色 品牌13 17英寸 一体机（第5代处理器）,一体机,品牌13,17英寸,第5代处理器,银色,16*1*1,3,DW33A,亚历克斯,收货,上架
AlSu1732Si,银色 品牌11 17英寸 一体机（32吉字节内存）,一体机,品牌11,17英寸,32吉字节内存,银色,16*1*1,5,CG33D,克里斯,收货,上架
GaXEMHeWh,白色 品牌06 中号 游戏椅（头枕）,游戏椅,品牌06,中号,头枕,白色,16*1*1,9,BQ37C,劳拉,收货,上架
CuQE90SlWh,白色 品牌01 900 储物柜（滑动式）,储物柜,品牌01,900,滑动式,白色,8*1*1,3,BK02D,简,收货,上架
LaPH17i7Gr,灰色 品牌12 17英寸 笔记本电脑（第7代处理器）,笔记本电脑,品牌12,17英寸,第7代处理器,灰色,16*1*1,9,CI75F,莎拉,收货,上架
PeRe50HePi,粉色 品牌22 50 铅笔（六角形）,铅笔,品牌22,50,六角形,粉色,48*10*5,1926,AN61C,艾米,收货,上架
PeGi12WaWh,白色 品牌21 12 铅笔（水彩）,铅笔,品牌21,12,水彩,白色,48*10*5,536,BZ61B,艾米,收货,上架
TaAE15AdGr,灰色 品牌05 1500 桌子（可调节）,桌子,品牌05,1500,可调节,灰色,8*1*1,5,CM81B,大卫,收货,上架
GaSEMAdWh,白色 品牌08 中号 游戏椅（可调节）,游戏椅,品牌08,中号,可调节,白色,16*1*1,11,CZ06B,约翰,收货,上架
AlSu158GBl,黑色 品牌11 15英寸 一体机（8吉字节内存）,一体机,品牌11,15英寸,8吉字节内存,黑色,16*1*1,8,AT94E,亚历克斯,收货,上架
PrSoA3WiMi,混合色 品牌25 三号纸 打印机（无线网络）,打印机,品牌25,三号纸,无线网络,混合色,16*1*1,8,DS23F,大卫,收货,上架
TVGn42SFWh,白色 品牌30 42英寸 电视机（超级全高清）,电视机,品牌30,42英寸,超级全高清,白色,8*1*1,2,AR30D,艾米丽,收货,上架
NoGrA3doBl,黑色 品牌18 三号纸 笔记本（点阵）,笔记本,品牌18,三号纸,点阵,黑色,48*10*5,2072,AH39C,克里斯,收货,上架
OfOGSAdGr,灰色 品牌07 小号 办公椅（可调节）,办公椅,品牌07,小号,可调节,灰色,16*1*1,15,DX98G,亚历克斯,收货,上架
CuQE12SlBe,米色 品牌01 1200 储物柜（滑动式）,储物柜,品牌01,1200,滑动式,米色,8*1*1,4,AL55D,亚历克斯,收货,上架
NoGrA3doSi,银色 品牌18 三号纸 笔记本（点阵）,笔记本,品牌18,三号纸,点阵,银色,48*10*5,1194,BZ33C,劳拉,收货,上架
DrRG18FiGr,灰色 品牌03 1800 抽屉柜（文件收纳）,抽屉柜,品牌03,1800,文件收纳,灰色,8*1*1,6,DU02F,克里斯,收货,上架
PeNa24SoBl,黑色 品牌23 24 铅笔（可溶性）,铅笔,品牌23,24,可溶性,黑色,48*10*5,1788,CR52A,亚历克斯,收货,上架
LaOv1416Gr,灰色 品牌13 14英寸 笔记本电脑（16吉字节内存）,笔记本电脑,品牌13,14英寸,16吉字节内存,灰色,16*1*1,13,BT28A,亚历克斯,收货,上架
OfAESErGr,灰色 品牌05 小号 办公椅（人体工学）,办公椅,品牌05,小号,人体工学,灰色,16*1*1,9,AI17C,艾米丽,收货,上架
PrPHA2WiBl,黑色 品牌12 二号纸 打印机（无线网络）,打印机,品牌12,二号纸,无线网络,黑色,16*1*1,13,BO03F,亚历克斯,收货,上架
TVGn754KSi,银色 品牌30 75英寸 电视机（超高清）,电视机,品牌30,75英寸,超高清,银色,8*1*1,6,DU43F,简,收货,上架
GaSESAdWh,白色 品牌08 小号 游戏椅（可调节）,游戏椅,品牌08,小号,可调节,白色,16*1*1,6,DY45H,莎拉,收货,上架
AlSu1532Wh,白色 品牌11 15英寸 一体机（32吉字节内存）,一体机,品牌11,15英寸,32吉字节内存,白色,16*1*1,6,AV65G,约翰,收货,上架
PrNoA2WiMi,混合色 品牌26 二号纸 打印机（无线网络）,打印机,品牌26,二号纸,无线网络,混合色,16*1*1,11,DV25H,克里斯,收货,上架
TaTR18AuSi,银色 品牌29 1800 桌子（自动调节）,桌子,品牌29,1800,自动调节,银色,8*1*1,7,AK67H,艾米丽,收货,上架
MoPH45MePi,粉色 品牌12 450 鼠标（机械式）,鼠标,品牌12,450,机械式,粉色,16*10*1,115,BK42B,艾米丽,收货,上架
MoSu27ErBl,黑色 品牌11 270 鼠标（人体工学）,鼠标,品牌11,270,人体工学,黑色,16*10*1,13,AV43A,莎拉,收货,上架
TVGL42S4Bl,黑色 品牌31 42英寸 电视机（超级超高清）,电视机,品牌31,42英寸,超级超高清,黑色,8*1*1,3,CJ01D,克里斯,收货,上架
KeRe35ErPi,粉色 品牌10 350 键盘（人体工学）,键盘,品牌10,350,人体工学,粉色,16*10*1,103,BU01D,亚历克斯,收货,上架
NoExA5ruGr,灰色 品牌16 五号纸 笔记本（横线）,笔记本,品牌16,五号纸,横线,灰色,48*10*5,473,AH87H,约翰,收货,上架
MoHc27WiBl,黑色 品牌09 270 鼠标（有线）,鼠标,品牌09,270,有线,黑色,16*10*1,92,DY09D,克里斯,收货,上架
PrNoA4WiWh,白色 品牌26 四号纸 打印机（无线网络）,打印机,品牌26,四号纸,无线网络,白色,16*1*1,8,DX55H,克里斯,收货,上架
MoRe45BlBl,黑色 品牌10 450 鼠标（蓝牙）,鼠标,品牌10,450,蓝牙,黑色,16*10*1,79,CH32C,劳拉,收货,上架
AlYn14i7Bl,黑色 品牌15 14英寸 一体机（第7代处理器）,一体机,品牌15,14英寸,第7代处理器,黑色,16*1*1,16,AF81B,劳拉,收货,上架
OfSESLePi,粉色 品牌08 小号 办公椅（皮革）,办公椅,品牌08,小号,皮革,粉色,16*1*1,15,AO62A,亚历克斯,收货,上架
LaPH158GGr,灰色 品牌12 15英寸 笔记本电脑（8吉字节内存）,笔记本电脑,品牌12,15英寸,8吉字节内存,灰色,16*1*1,4,CI02H,克里斯,收货,上架
SPAl24HeWh,白色 品牌20 24 触控笔（六角形）,触控笔,品牌20,24,六角形,白色,48*10*5,1820,AQ72H,艾米丽,收货,上架
CuQE90LoWh,白色 品牌01 900 储物柜（储物锁柜）,储物柜,品牌01,900,储物锁柜,白色,8*1*1,5,DF87B,简,收货,上架
PrNoA4MoWh,白色 品牌26 四号纸 打印机（黑白）,打印机,品牌26,四号纸,黑白,白色,16*1*1,4,DX36B,克里斯,收货,上架
PeAl50HeBl,黑色 品牌20 50 铅笔（六角形）,铅笔,品牌20,50,六角形,黑色,48*10*5,1744,CR72E,迈克,收货,上架
AlYn14i7Si,银色 品牌15 14英寸 一体机（第7代处理器）,一体机,品牌15,14英寸,第7代处理器,银色,16*1*1,1,BY24B,艾米丽,收货,上架
LaRe15i7Si,银色 品牌14 15英寸 笔记本电脑（第7代处理器）,笔记本电脑,品牌14,15英寸,第7代处理器,银色,16*1*1,3,AL85E,简,收货,上架
LaSu148GGr,灰色 品牌11 14英寸 笔记本电脑（8吉字节内存）,笔记本电脑,品牌11,14英寸,8吉字节内存,灰色,16*1*1,16,CI20E,艾米丽,收货,上架
MoHc45BlWh,白色 品牌09 450 鼠标（蓝牙）,鼠标,品牌09,450,蓝牙,白色,16*10*1,81,DI71G,约翰,收货,上架
OfAESHePi,粉色 品牌05 小号 办公椅（头枕）,办公椅,品牌05,小号,头枕,粉色,16*1*1,7,DQ47E,莎拉,收货,上架
LaOv1532Si,银色 品牌13 15英寸 笔记本电脑（32吉字节内存）,笔记本电脑,品牌13,15英寸,32吉字节内存,银色,16*1*1,3,DN02B,劳拉,收货,上架
LaOv1516Gr,灰色 品牌13 15英寸 笔记本电脑（16吉字节内存）,笔记本电脑,品牌13,15英寸,16吉字节内存,灰色,16*1*1,4,CS56B,艾米丽,收货,上架
MoRe35BlNa,藏青色 品牌10 350 鼠标（蓝牙）,鼠标,品牌10,350,蓝牙,藏青色,16*10*1,34,AF79E,艾米丽,收货,上架
KeSu45MeWh,白色 品牌11 450 键盘（机械式）,键盘,品牌11,450,机械式,白色,16*10*1,59,AT10F,克里斯,收货,上架
GaSEMLePi,粉色 品牌08 中号 游戏椅（皮革）,游戏椅,品牌08,中号,皮革,粉色,16*1*1,15,DI21F,劳拉,收货,上架
AlYn17i5Wh,白色 品牌15 17英寸 一体机（第5代处理器）,一体机,品牌15,17英寸,第5代处理器,白色,16*1*1,1,AJ23B,简,收货,上架
TVGn65FHWh,白色 品牌30 65英寸 电视机（全高清）,电视机,品牌30,65英寸,全高清,白色,8*1*1,4,BW54A,克里斯,收货,上架
GaAEMHeGr,灰色 品牌05 中号 游戏椅（头枕）,游戏椅,品牌05,中号,头枕,灰色,16*1*1,2,BG87B,迈克,收货,上架
PrNoA2MoMi,混合色 品牌26 二号纸 打印机（黑白）,打印机,品牌26,二号纸,黑白,混合色,16*1*1,2,BP54F,艾米丽,收货,上架
NoExA4doGr,灰色 品牌16 四号纸 笔记本（点阵）,笔记本,品牌16,四号纸,点阵,灰色,48*10*5,2393,CJ44H,克里斯,收货,上架
GaXESHeGr,灰色 品牌06 小号 游戏椅（头枕）,游戏椅,品牌06,小号,头枕,灰色,16*1*1,12,DN78F,约翰,收货,上架
MoPH27ErNa,藏青色 品牌12 270 鼠标（人体工学）,鼠标,品牌12,270,人体工学,藏青色,16*10*1,90,CK75H,大卫,收货,上架
PrReA2AlBl,黑色 品牌24 二号纸 打印机（一体式）,打印机,品牌24,二号纸,一体式,黑色,16*1*1,5,AL08C,莎拉,收货,上架
TVEs75S4Si,银色 品牌32 75英寸 电视机（超级超高清）,电视机,品牌32,75英寸,超级超高清,银色,8*1*1,5,AZ62H,大卫,收货,上架
KeHc35BlNa,藏青色 品牌09 350 键盘（蓝牙）,键盘,品牌09,350,蓝牙,藏青色,16*10*1,17,DQ57B,简,收货,上架
CaRG18SlBl,黑色 品牌03 1800 文件柜（滑动式）,文件柜,品牌03,1800,滑动式,黑色,8*1*1,4,BZ73B,劳拉,收货,上架
DrQE90DoBe,米色 品牌01 900 抽屉柜（带门式）,抽屉柜,品牌01,900,带门式,米色,8*1*1,6,CG40G,莎拉,收货,上架
OfAELHePi,粉色 品牌05 大号 办公椅（头枕）,办公椅,品牌05,大号,头枕,粉色,16*1*1,4,CM94E,艾米丽,收货,上架
KeRe45WiPi,粉色 品牌10 450 键盘（有线）,键盘,品牌10,450,有线,粉色,16*10*1,87,BF24D,简,收货,上架
CuRG18LoWh,白色 品牌03 1800 储物柜（储物锁柜）,储物柜,品牌03,1800,储物锁柜,白色,8*1*1,6,CI87H,简,收货,上架
PrSoA3AlGr,灰色 品牌25 三号纸 打印机（一体式）,打印机,品牌25,三号纸,一体式,灰色,16*1*1,15,CR27A,莎拉,收货,上架
TVEs75SFWh,白色 品牌32 75英寸 电视机（超级全高清）,电视机,品牌32,75英寸,超级全高清,白色,8*1*1,5,AU27A,简,收货,上架
GaOGSLeGr,灰色 品牌07 小号 游戏椅（皮革）,游戏椅,品牌07,小号,皮革,灰色,16*1*1,6,AK64F,劳拉,收货,上架
PrPHA2MoWh,白色 品牌12 二号纸 打印机（黑白）,打印机,品牌12,二号纸,黑白,白色,16*1*1,6,AX07A,大卫,收货,上架
NoExA5doBl,黑色 品牌16 五号纸 笔记本（点阵）,笔记本,品牌16,五号纸,点阵,黑色,48*10*5,888,BN13A,大卫,收货,上架
PeNa12WaGr,灰色 品牌23 12 铅笔（水彩）,铅笔,品牌23,12,水彩,灰色,48*10*5,1026,CU86F,艾米丽,收货,上架
DrRG18LoWh,白色 品牌03 1800 抽屉柜（储物锁柜）,抽屉柜,品牌03,1800,储物锁柜,白色,8*1*1,4,DH81D,约翰,收货,上架
MoPH45BlNa,藏青色 品牌12 450 鼠标（蓝牙）,鼠标,品牌12,450,蓝牙,藏青色,16*10*1,45,BH12A,迈克,收货,上架
SPNa12WaPi,粉色 品牌23 12 触控笔（水彩）,触控笔,品牌23,12,水彩,粉色,48*10*5,1131,BV40B,简,收货,上架
LaRe1432Gr,灰色 品牌14 14英寸 笔记本电脑（32吉字节内存）,笔记本电脑,品牌14,14英寸,32吉字节内存,灰色,16*1*1,6,CK92E,艾米,收货,上架
OfXELHeGr,灰色 品牌06 大号 办公椅（头枕）,办公椅,品牌06,大号,头枕,灰色,16*1*1,1,BN39B,大卫,收货,上架
PrReA2InMi,混合色 品牌24 二号纸 打印机（喷墨）,打印机,品牌24,二号纸,喷墨,混合色,16*1*1,1,AI03C,约翰,收货,上架
AlPH17i5Wh,白色 品牌12 17英寸 一体机（第5代处理器）,一体机,品牌12,17英寸,第5代处理器,白色,16*1*1,1,DJ10G,简,收货,上架
TaTR18AdWh,白色 品牌28 1800 桌子（可调节）,桌子,品牌28,1800,可调节,白色,8*1*1,4,DX36G,大卫,收货,上架
DrQE90LoWh,白色 品牌01 900 抽屉柜（储物锁柜）,抽屉柜,品牌01,900,储物锁柜,白色,8*1*1,3,BN50B,简,收货,上架
TVEs42FHGr,灰色 品牌32 42英寸 电视机（全高清）,电视机,品牌32,42英寸,全高清,灰色,8*1*1,4,DR12G,莎拉,收货,上架
MoHc45BlPi,粉色 品牌09 450 鼠标（蓝牙）,鼠标,品牌09,450,蓝牙,粉色,16*10*1,130,AY74E,迈克,收货,上架
LaOv17i7Gr,灰色 品牌13 17英寸 笔记本电脑（第7代处理器）,笔记本电脑,品牌13,17英寸,第7代处理器,灰色,16*1*1,12,BU42G,劳拉,收货,上架
OfAELLeGr,灰色 品牌05 大号 办公椅（皮革）,办公椅,品牌05,大号,皮革,灰色,16*1*1,11,DF50D,艾米丽,收货,上架
PrPHA3AlMi,混合色 品牌12 三号纸 打印机（一体式）,打印机,品牌12,三号纸,一体式,混合色,16*1*1,15,BT61E,约翰,收货,上架
LaYn14i5Bl,黑色 品牌15 14英寸 笔记本电脑（第5代处理器）,笔记本电脑,品牌15,14英寸,第5代处理器,黑色,16*1*1,3,DQ04G,克里斯,收货,上架
MoHc27MeBl,黑色 品牌09 270 鼠标（机械式）,鼠标,品牌09,270,机械式,黑色,16*10*1,24,BZ52B,约翰,收货,上架
TaAE18WoBl,黑色 品牌05 1800 桌子（工作站）,桌子,品牌05,1800,工作站,黑色,8*1*1,5,CO85C,劳拉,收货,上架
PrPHA4AlGr,灰色 品牌12 四号纸 打印机（一体式）,打印机,品牌12,四号纸,一体式,灰色,16*1*1,8,AK50A,艾米,收货,上架
SPAl12HePi,粉色 品牌20 12 触控笔（六角形）,触控笔,品牌20,12,六角形,粉色,48*10*5,779,CW97C,克里斯,收货,上架
PeRe50HeWh,白色 品牌22 50 铅笔（六角形）,铅笔,品牌22,50,六角形,白色,48*10*5,1219,BX07G,艾米,收货,上架
PrReA3WiWh,白色 品牌24 三号纸 打印机（无线网络）,打印机,品牌24,三号纸,无线网络,白色,16*1*1,10,BJ21A,克里斯,收货,上架
AlOv17i5Gr,灰色 品牌13 17英寸 一体机（第5代处理器）,一体机,品牌13,17英寸,第5代处理器,灰色,16*1*1,5,CF67H,艾米,收货,上架
SPNa12SoBl,黑色 品牌23 12 触控笔（可溶性）,触控笔,品牌23,12,可溶性,黑色,48*10*5,1691,BT17B,迈克,收货,上架
KeRe35MeBl,黑色 品牌10 350 键盘（机械式）,键盘,品牌10,350,机械式,黑色,16*10*1,89,AR71G,简,收货,上架
LaYn15i5Si,银色 品牌15 15英寸 笔记本电脑（第5代处理器）,笔记本电脑,品牌15,15英寸,第5代处理器,银色,16*1*1,8,AF17G,迈克,收货,上架
PrReA2InGr,灰色 品牌24 二号纸 打印机（喷墨）,打印机,品牌24,二号纸,喷墨,灰色,16*1*1,11,CZ27C,劳拉,收货,上架
NoExA4liWh,白色 品牌16 四号纸 笔记本（线条）,笔记本,品牌16,四号纸,线条,白色,48*10*5,23,CP46A,劳拉,收货,上架
SPNa50WaPi,粉色 品牌23 50 触控笔（水彩）,触控笔,品牌23,50,水彩,粉色,48*10*5,2120,BT56F,艾米,收货,上架
KePH27WiNa,藏青色 品牌12 270 键盘（有线）,键盘,品牌12,270,有线,藏青色,16*10*1,62,CX86H,莎拉,收货,上架
CuQE90SlBe,米色 品牌01 900 储物柜（滑动式）,储物柜,品牌01,900,滑动式,米色,8*1*1,5,AY16B,约翰,收货,上架
GaXELAdWh,白色 品牌06 大号 游戏椅（可调节）,游戏椅,品牌06,大号,可调节,白色,16*1*1,8,CH16C,劳拉,收货,上架
CaRG12LoWh,白色 品牌03 1200 文件柜（储物锁柜）,文件柜,品牌03,1200,储物锁柜,白色,8*1*1,7,CL72H,劳拉,收货,上架
AlYn14i7Wh,白色 品牌15 14英寸 一体机（第7代处理器）,一体机,品牌15,14英寸,第7代处理器,白色,16*1*1,16,DH59B,艾米丽,收货,上架
AlPH148GGr,灰色 品牌12 14英寸 一体机（8吉字节内存）,一体机,品牌12,14英寸,8吉字节内存,灰色,16*1*1,11,CW86E,艾米,收货,上架
NoScA4doBl,黑色 品牌17 四号纸 笔记本（点阵）,笔记本,品牌17,四号纸,点阵,黑色,48*10*5,2216,BV77G,约翰,收货,上架
TaTR15FrBl,黑色 品牌28 1500 桌子（框架式）,桌子,品牌28,1500,框架式,黑色,8*1*1,2,AT44A,大卫,收货,上架
PrNoA3AlGr,灰色 品牌26 三号纸 打印机（一体式）,打印机,品牌26,三号纸,一体式,灰色,16*1*1,7,AM24C,约翰,收货,上架
MoHc27BlWh,白色 品牌09 270 鼠标（蓝牙）,鼠标,品牌09,270,蓝牙,白色,16*10*1,50,AN81G,艾米,收货,上架
GaAELHeGr,灰色 品牌05 大号 游戏椅（头枕）,游戏椅,品牌05,大号,头枕,灰色,16*1*1,9,CG10E,亚历克斯,收货,上架
PrNoA2AlGr,灰色 品牌26 二号纸 打印机（一体式）,打印机,品牌26,二号纸,一体式,灰色,16*1*1,4,CU54C,劳拉,收货,上架
AlRe1432Si,银色 品牌14 14英寸 一体机（32吉字节内存）,一体机,品牌14,14英寸,32吉字节内存,银色,16*1*1,11,DT25G,艾米,收货,上架
AlOv1432Si,银色 品牌13 14英寸 一体机（32吉字节内存）,一体机,品牌13,14英寸,32吉字节内存,银色,16*1*1,11,BT38F,大卫,收货,上架
TaAE18WoGr,灰色 品牌05 1800 桌子（工作站）,桌子,品牌05,1800,工作站,灰色,8*1*1,2,AH19G,大卫,收货,上架
KeRe35MeBl,黑色 品牌10 350 键盘（机械式）,键盘,品牌10,350,机械式,黑色,16*10*1,112,CZ24G,艾米丽,收货,上架
CaTE12SlWh,白色 品牌04 1200 文件柜（滑动式）,文件柜,品牌04,1200,滑动式,白色,8*1*1,1,AL89A,约翰,收货,上架
CuTE90LoBl,黑色 品牌04 900 储物柜（储物锁柜）,储物柜,品牌04,900,储物锁柜,黑色,8*1*1,3,DF34H,约翰,收货,上架
LaOv178GGr,灰色 品牌13 17英寸 笔记本电脑（8吉字节内存）,笔记本电脑,品牌13,17英寸,8吉字节内存,灰色,16*1*1,11,CR80D,大卫,收货,上架
CuRG90LoBe,米色 品牌03 900 储物柜（储物锁柜）,储物柜,品牌03,900,储物锁柜,米色,8*1*1,3,AY13F,大卫,收货,上架
GaOGSAdBl,黑色 品牌07 小号 游戏椅（可调节）,游戏椅,品牌07,小号,可调节,黑色,16*1*1,5,DK25C,迈克,收货,上架
TVGn50SFGr,灰色 品牌30 50英寸 电视机（超级全高清）,电视机,品牌30,50英寸,超级全高清,灰色,8*1*1,3,BU71G,约翰,收货,上架
GaXEMErPi,粉色 品牌06 中号 游戏椅（人体工学）,游戏椅,品牌06,中号,人体工学,粉色,16*1*1,7,CL23G,约翰,收货,上架
PrPHA2WiGr,灰色 品牌12 二号纸 打印机（无线网络）,打印机,品牌12,二号纸,无线网络,灰色,16*1*1,3,BP52D,约翰,收货,上架
OfAESHeWh,白色 品牌05 小号 办公椅（头枕）,办公椅,品牌05,小号,头枕,白色,16*1*1,8,CJ89E,大卫,收货,上架
LaYn1516Bl,黑色 品牌15 15英寸 笔记本电脑（16吉字节内存）,笔记本电脑,品牌15,15英寸,16吉字节内存,黑色,16*1*1,13,AV79F,简,收货,上架
LaPH1516Wh,白色 品牌12 15英寸 笔记本电脑（16吉字节内存）,笔记本电脑,品牌12,15英寸,16吉字节内存,白色,16*1*1,8,DF50B,克里斯,收货,上架
PrSoA3AlMi,混合色 品牌25 三号纸 打印机（一体式）,打印机,品牌25,三号纸,一体式,混合色,16*1*1,7,DU02C,莎拉,收货,上架
TVGL32FHBl,黑色 品牌31 32英寸 电视机（全高清）,电视机,品牌31,32英寸,全高清,黑色,8*1*1,2,DN31D,大卫,收货,上架
GaXESErBl,黑色 品牌06 小号 游戏椅（人体工学）,游戏椅,品牌06,小号,人体工学,黑色,16*1*1,8,BU71G,简,收货,上架
GaXELHeBl,黑色 品牌06 大号 游戏椅（头枕）,游戏椅,品牌06,大号,头枕,黑色,16*1*1,6,AQ03A,迈克,收货,上架
SPNa50HeWh,白色 品牌23 50 触控笔（六角形）,触控笔,品牌23,50,六角形,白色,48*10*5,1290,CG61D,艾米丽,收货,上架
LaRe148GBl,黑色 品牌14 14英寸 笔记本电脑（8吉字节内存）,笔记本电脑,品牌14,14英寸,8吉字节内存,黑色,16*1*1,10,DH13H,迈克,收货,上架
MoSu45BlWh,白色 品牌11 450 鼠标（蓝牙）,鼠标,品牌11,450,蓝牙,白色,16*10*1,70,DH96G,莎拉,收货,上架
NoMuA4liSi,银色 品牌19 四号纸 笔记本（线条）,笔记本,品牌19,四号纸,线条,银色,48*10*5,1547,CM07E,亚历克斯,收货,上架
TVYn42FHSi,银色 品牌15 42英寸 电视机（全高清）,电视机,品牌15,42英寸,全高清,银色,8*1*1,6,DH05F,迈克,收货,上架
OfOGMHeGr,灰色 品牌07 中号 办公椅（头枕）,办公椅,品牌07,中号,头枕,灰色,16*1*1,14,AN52A,迈克,收货,上架
SPAl12SoGr,灰色 品牌20 12 触控笔（可溶性）,触控笔,品牌20,12,可溶性,灰色,48*10*5,813,DG79D,迈克,收货,上架
TVGn75S4Bl,黑色 品牌30 75英寸 电视机（超级超高清）,电视机,品牌30,75英寸,超级超高清,黑色,8*1*1,3,DZ33A,劳拉,收货,上架
PrReA4AlBl,黑色 品牌24 四号纸 打印机（一体式）,打印机,品牌24,四号纸,一体式,黑色,16*1*1,15,AM62A,艾米丽,收货,上架
DrQE90LoBl,黑色 品牌01 900 抽屉柜（储物锁柜）,抽屉柜,品牌01,900,储物锁柜,黑色,8*1*1,7,DV08D,简,收货,上架
OfOGSLeWh,白色 品牌07 小号 办公椅（皮革）,办公椅,品牌07,小号,皮革,白色,16*1*1,6,DT58B,迈克,收货,上架
PrSoA4InWh,白色 品牌25 四号纸 打印机（喷墨）,打印机,品牌25,四号纸,喷墨,白色,16*1*1,6,CU35F,大卫,收货,上架
NoGrA4doWh,白色 品牌18 四号纸 笔记本（点阵）,笔记本,品牌18,四号纸,点阵,白色,48*10*5,1809,BS03A,莎拉,收货,上架
KeSu27MeNa,藏青色 品牌11 270 键盘（机械式）,键盘,品牌11,270,机械式,藏青色,16*10*1,64,BQ23B,大卫,收货,上架
PeRe24SoWh,白色 品牌22 24 铅笔（可溶性）,铅笔,品牌22,24,可溶性,白色,48*10*5,1806,AG50G,劳拉,收货,上架
KeRe27ErWh,白色 品牌10 270 键盘（人体工学）,键盘,品牌10,270,人体工学,白色,16*10*1,3,CW61G,约翰,收货,上架
PrNoA3InGr,灰色 品牌26 三号纸 打印机（喷墨）,打印机,品牌26,三号纸,喷墨,灰色,16*1*1,1,CY80F,莎拉,收货,上架
GaAELLePi,粉色 品牌05 大号 游戏椅（皮革）,游戏椅,品牌05,大号,皮革,粉色,16*1*1,1,CR65E,亚历克斯,收货,上架
TVYn75FHGr,灰色 品牌15 75英寸 电视机（全高清）,电视机,品牌15,75英寸,全高清,灰色,8*1*1,4,DF31H,艾米,收货,上架
CuWE18LoGr,灰色 品牌02 1800 储物柜（储物锁柜）,储物柜,品牌02,1800,储物锁柜,灰色,8*1*1,5,AO85C,大卫,收货,上架
CuRG90LoGr,灰色 品牌03 900 储物柜（储物锁柜）,储物柜,品牌03,900,储物锁柜,灰色,8*1*1,2,AQ23D,大卫,收货,上架
TaCI15WoWh,白色 品牌27 1500 桌子（工作站）,桌子,品牌27,1500,工作站,白色,8*1*1,4,BX77B,约翰,收货,上架
OfOGMHeGr,灰色 品牌07 中号 办公椅（头枕）,办公椅,品牌07,中号,头枕,灰色,16*1*1,12,CI57D,莎拉,收货,上架
CaRG90FiWh,白色 品牌03 900 文件柜（文件收纳）,文件柜,品牌03,900,文件收纳,白色,8*1*1,4,AG80A,迈克,收货,上架
SPNa12WaWh,白色 品牌23 12 触控笔（水彩）,触控笔,品牌23,12,水彩,白色,48*10*5,2200,CZ07D,艾米丽,收货,上架
AlOv1532Wh,白色 品牌13 15英寸 一体机（32吉字节内存）,一体机,品牌13,15英寸,32吉字节内存,白色,16*1*1,10,DS05F,简,收货,上架
AlYn1516Si,银色 品牌15 15英寸 一体机（16吉字节内存）,一体机,品牌15,15英寸,16吉字节内存,银色,16*1*1,16,CY55C,艾米,收货,上架
CuWE90DoGr,灰色 品牌02 900 储物柜（带门式）,储物柜,品牌02,900,带门式,灰色,8*1*1,2,AW31E,迈克,收货,上架
GaSEMHeGr,灰色 品牌08 中号 游戏椅（头枕）,游戏椅,品牌08,中号,头枕,灰色,16*1*1,10,CZ48G,莎拉,收货,上架
NoExA5ruWh,白色 品牌16 五号纸 笔记本（横线）,笔记本,品牌16,五号纸,横线,白色,48*10*5,767,AY97C,艾米丽,收货,上架
DrQE18DoBe,米色 品牌01 1800 抽屉柜（带门式）,抽屉柜,品牌01,1800,带门式,米色,8*1*1,4,DG58B,艾米丽,收货,上架
TaTR18FrWh,白色 品牌29 1800 桌子（框架式）,桌子,品牌29,1800,框架式,白色,8*1*1,2,CI15H,大卫,收货,上架
PrNoA4MoMi,混合色 品牌26 四号纸 打印机（黑白）,打印机,品牌26,四号纸,黑白,混合色,16*1*1,9,CR14D,劳拉,收货,上架
PrNoA2InBl,黑色 品牌26 二号纸 打印机（喷墨）,打印机,品牌26,二号纸,喷墨,黑色,16*1*1,14,DS98B,艾米,收货,上架
KeHc45ErWh,白色 品牌09 450 键盘（人体工学）,键盘,品牌09,450,人体工学,白色,16*10*1,145,BU17B,大卫,收货,上架
OfOGMHePi,粉色 品牌07 中号 办公椅（头枕）,办公椅,品牌07,中号,头枕,粉色,16*1*1,2,CO44F,劳拉,收货,上架
LaOv14i5Gr,灰色 品牌13 14英寸 笔记本电脑（第5代处理器）,笔记本电脑,品牌13,14英寸,第5代处理器,灰色,16*1*1,7,CR55B,莎拉,收货,上架
TVGL50FHWh,白色 品牌31 50英寸 电视机（全高清）,电视机,品牌31,50英寸,全高清,白色,8*1*1,8,DS64G,约翰,收货,上架
AlSu148GGr,灰色 品牌11 14英寸 一体机（8吉字节内存）,一体机,品牌11,14英寸,8吉字节内存,灰色,16*1*1,12,AF28C,艾米,收货,上架
TVEs50S4Si,银色 品牌32 50英寸 电视机（超级超高清）,电视机,品牌32,50英寸,超级超高清,银色,8*1*1,4,CK74F,艾米,收货,上架
LaSu14i7Wh,白色 品牌11 14英寸 笔记本电脑（第7代处理器）,笔记本电脑,品牌11,14英寸,第7代处理器,白色,16*1*1,9,DZ29H,劳拉,收货,上架
PrPHA2MoMi,混合色 品牌12 二号纸 打印机（黑白）,打印机,品牌12,二号纸,黑白,混合色,16*1*1,6,AU03F,亚历克斯,收货,上架
LaRe14i5Si,银色 品牌14 14英寸 笔记本电脑（第5代处理器）,笔记本电脑,品牌14,14英寸,第5代处理器,银色,16*1*1,11,BL75C,克里斯,收货,上架
SPGi24SoGr,灰色 品牌21 24 触控笔（可溶性）,触控笔,品牌21,24,可溶性,灰色,48*10*5,248,BU53H,艾米丽,收货,上架
PrPHA3InBl,黑色 品牌12 三号纸 打印机（喷墨）,打印机,品牌12,三号纸,喷墨,黑色,16*1*1,12,AZ88F,约翰,收货,上架
PeNa50SoGr,灰色 品牌23 50 铅笔（可溶性）,铅笔,品牌23,50,可溶性,灰色,48*10*5,1464,CG34H,克里斯,收货,上架
OfSESErWh,白色 品牌08 小号 办公椅（人体工学）,办公椅,品牌08,小号,人体工学,白色,16*1*1,15,AI28E,艾米,收货,上架
OfAELLeWh,白色 品牌05 大号 办公椅（皮革）,办公椅,品牌05,大号,皮革,白色,16*1*1,4,BZ87B,亚历克斯,收货,上架
GaAEMHeGr,灰色 品牌05 中号 游戏椅（头枕）,游戏椅,品牌05,中号,头枕,灰色,16*1*1,1,BN41G,简,收货,上架
TVEs32SFGr,灰色 品牌32 32英寸 电视机（超级全高清）,电视机,品牌32,32英寸,超级全高清,灰色,8*1*1,8,DW06C,迈克,收货,上架
PeRe50WaBl,黑色 品牌22 50 铅笔（水彩）,铅笔,品牌22,50,水彩,黑色,48*10*5,2124,BR18G,克里斯,收货,上架
AlPH17i5Wh,白色 品牌12 17英寸 一体机（第5代处理器）,一体机,品牌12,17英寸,第5代处理器,白色,16*1*1,10,CK08H,大卫,收货,上架
AlYn1416Gr,灰色 品牌15 14英寸 一体机（16吉字节内存）,一体机,品牌15,14英寸,16吉字节内存,灰色,16*1*1,16,DP23B,艾米,收货,上架
PeNa50WaWh,白色 品牌23 50 铅笔（水彩）,铅笔,品牌23,50,水彩,白色,48*10*5,2140,DL80H,艾米,收货,上架
KeRe27WiWh,白色 品牌10 270 键盘（有线）,键盘,品牌10,270,有线,白色,16*10*1,39,CW12B,亚历克斯,收货,上架
TaTR18FrSi,银色 品牌28 1800 桌子（框架式）,桌子,品牌28,1800,框架式,银色,8*1*1,4,BP22C,克里斯,收货,上架
LaSu17i7Gr,灰色 品牌11 17英寸 笔记本电脑（第7代处理器）,笔记本电脑,品牌11,17英寸,第7代处理器,灰色,16*1*1,3,DT93E,亚历克斯,收货,上架
NoMuA4liGr,灰色 品牌19 四号纸 笔记本（线条）,笔记本,品牌19,四号纸,线条,灰色,48*10*5,1203,BF84B,艾米丽,收货,上架
PrNoA4MoMi,混合色 品牌26 四号纸 打印机（黑白）,打印机,品牌26,四号纸,黑白,混合色,16*1*1,2,CM46A,艾米丽,收货,上架
NoMuA5liSi,银色 品牌19 五号纸 笔记本（线条）,笔记本,品牌19,五号纸,线条,银色,48*10*5,615,BP89C,迈克,收货,上架
TaTR10WoWh,白色 品牌28 1000 桌子（工作站）,桌子,品牌28,1000,工作站,白色,8*1*1,5,BM83D,克里斯,收货,上架
TVYn50S4Wh,白色 品牌15 50英寸 电视机（超级超高清）,电视机,品牌15,50英寸,超级超高清,白色,8*1*1,4,BP10H,约翰,收货,上架
DrTE18DoBe,米色 品牌04 1800 抽屉柜（带门式）,抽屉柜,品牌04,1800,带门式,米色,8*1*1,8,CU71H,劳拉,收货,上架
DrWE18DoWh,白色 品牌02 1800 抽屉柜（带门式）,抽屉柜,品牌02,1800,带门式,白色,8*1*1,6,BI45D,约翰,收货,上架
AlRe15i7Gr,灰色 品牌14 15英寸 一体机（第7代处理器）,一体机,品牌14,15英寸,第7代处理器,灰色,16*1*1,3,BH17D,大卫,收货,上架
OfOGSAdWh,白色 品牌07 小号 办公椅（可调节）,办公椅,品牌07,小号,可调节,白色,16*1*1,16,CV24F,简,收货,上架
KeHc27ErPi,粉色 品牌09 270 键盘（人体工学）,键盘,品牌09,270,人体工学,粉色,16*10*1,148,BN94F,艾米丽,收货,上架
PeNa50WaBl,黑色 品牌23 50 铅笔（水彩）,铅笔,品牌23,50,水彩,黑色,48*10*5,1436,AT44H,劳拉,收货,上架
PrReA2MoBl,黑色 品牌24 二号纸 打印机（黑白）,打印机,品牌24,二号纸,黑白,黑色,16*1*1,14,CV75H,约翰,收货,上架
CaRG90DoBe,米色 品牌03 900 文件柜（带门式）,文件柜,品牌03,900,带门式,米色,8*1*1,6,CJ89E,劳拉,收货,上架
LaPH1516Bl,黑色 品牌12 15英寸 笔记本电脑（16吉字节内存）,笔记本电脑,品牌12,15英寸,16吉字节内存,黑色,16*1*1,12,BR40H,迈克,收货,上架
PeRe50SoBl,黑色 品牌22 50 铅笔（可溶性）,铅笔,品牌22,50,可溶性,黑色,48*10*5,36,CW14H,艾米,收货,上架
PeGi24WaBl,黑色 品牌21 24 铅笔（水彩）,铅笔,品牌21,24,水彩,黑色,48*10*5,448,DJ24E,劳拉,收货,上架
TVGn42S4Si,银色 品牌30 42英寸 电视机（超级超高清）,电视机,品牌30,42英寸,超级超高清,银色,8*1*1,1,DH39A,迈克,收货,上架
TVEs75S4Wh,白色 品牌32 75英寸 电视机（超级超高清）,电视机,品牌32,75英寸,超级超高清,白色,8*1*1,7,CN96C,迈克,收货,上架
OfAELErPi,粉色 品牌05 大号 办公椅（人体工学）,办公椅,品牌05,大号,人体工学,粉色,16*1*1,12,CG85C,艾米,收货,上架
TaTR15WoGr,灰色 品牌29 1500 桌子（工作站）,桌子,品牌29,1500,工作站,灰色,8*1*1,1,AH32D,约翰,收货,上架
DrQE90LoWh,白色 品牌01 900 抽屉柜（储物锁柜）,抽屉柜,品牌01,900,储物锁柜,白色,8*1*1,3,AL18A,约翰,收货,上架
TVEs75S4Si,银色 品牌32 75英寸 电视机（超级超高清）,电视机,品牌32,75英寸,超级超高清,银色,8*1*1,5,CR25A,亚历克斯,收货,上架
PeRe24HeWh,白色 品牌22 24 铅笔（六角形）,铅笔,品牌22,24,六角形,白色,48*10*5,644,CL96C,亚历克斯,收货,上架
NoMuA3ruWh,白色 品牌19 三号纸 笔记本（横线）,笔记本,品牌19,三号纸,横线,白色,48*10*5,924,AQ50H,劳拉,收货,上架
SPGi50HePi,粉色 品牌21 50 触控笔（六角形）,触控笔,品牌21,50,六角形,粉色,48*10*5,1825,DN02B,艾米,收货,上架
KePH27WiWh,白色 品牌12 270 键盘（有线）,键盘,品牌12,270,有线,白色,16*10*1,21,BQ86H,简,收货,上架
KeRe27ErPi,粉色 品牌10 270 键盘（人体工学）,键盘,品牌10,270,人体工学,粉色,16*10*1,47,BM89A,大卫,收货,上架
PeNa50SoWh,白色 品牌23 50 铅笔（可溶性）,铅笔,品牌23,50,可溶性,白色,48*10*5,1716,AY48G,劳拉,收货,上架
LaYn1732Gr,灰色 品牌15 17英寸 笔记本电脑（32吉字节内存）,笔记本电脑,品牌15,17英寸,32吉字节内存,灰色,16*1*1,8,AZ44E,亚历克斯,收货,上架
TaTR10FrSi,银色 品牌29 1000 桌子（框架式）,桌子,品牌29,1000,框架式,银色,8*1*1,2,AM98F,克里斯,收货,上架
PeGi12WaGr,灰色 品牌21 12 铅笔（水彩）,铅笔,品牌21,12,水彩,灰色,48*10*5,2332,AF83G,约翰,收货,上架
NoScA3ruGr,灰色 品牌17 三号纸 笔记本（横线）,笔记本,品牌17,三号纸,横线,灰色,48*10*5,59,AH78B,大卫,收货,上架
DrRG90DoGr,灰色 品牌03 900 抽屉柜（带门式）,抽屉柜,品牌03,900,带门式,灰色,8*1*1,7,CP06D,约翰,收货,上架
DrTE12DoBe,米色 品牌04 1200 抽屉柜（带门式）,抽屉柜,品牌04,1200,带门式,米色,8*1*1,7,DQ49B,大卫,收货,上架
OfAELLeGr,灰色 品牌05 大号 办公椅（皮革）,办公椅,品牌05,大号,皮革,灰色,16*1*1,3,CL74E,迈克,收货,上架
MoHc35ErNa,藏青色 品牌09 350 鼠标（人体工学）,鼠标,品牌09,350,人体工学,藏青色,16*10*1,45,BX75G,艾米丽,收货,上架
MoRe35MeNa,藏青色 品牌10 350 鼠标（机械式）,鼠标,品牌10,350,机械式,藏青色,16*10*1,131,AI48D,劳拉,收货,上架
NoGrA3doSi,银色 品牌18 三号纸 笔记本（点阵）,笔记本,品牌18,三号纸,点阵,银色,48*10*5,2306,BH74A,莎拉,收货,上架
SPRe50WaPi,粉色 品牌22 50 触控笔（水彩）,触控笔,品牌22,50,水彩,粉色,48*10*5,2022,AL37F,艾米,收货,上架
MoRe27BlPi,粉色 品牌10 270 鼠标（蓝牙）,鼠标,品牌10,270,蓝牙,粉色,16*10*1,88,CQ59E,劳拉,收货,上架
LaPH17i5Bl,黑色 品牌12 17英寸 笔记本电脑（第5代处理器）,笔记本电脑,品牌12,17英寸,第5代处理器,黑色,16*1*1,4,DF57H,克里斯,收货,上架
MoHc35ErBl,黑色 品牌09 350 鼠标（人体工学）,鼠标,品牌09,350,人体工学,黑色,16*10*1,128,AS85F,迈克,收货,上架
MoSu45WiPi,粉色 品牌11 450 鼠标（有线）,鼠标,品牌11,450,有线,粉色,16*10*1,2,DW88E,简,收货,上架
CuWE18FiGr,灰色 品牌02 1800 储物柜（文件收纳）,储物柜,品牌02,1800,文件收纳,灰色,8*1*1,8,DP29B,艾米丽,收货,上架
LaRe1416Wh,白色 品牌14 14英寸 笔记本电脑（16吉字节内存）,笔记本电脑,品牌14,14英寸,16吉字节内存,白色,16*1*1,2,AJ97H,迈克,收货,上架
LaYn148GWh,白色 品牌15 14英寸 笔记本电脑（8吉字节内存）,笔记本电脑,品牌15,14英寸,8吉字节内存,白色,16*1*1,8,AV32H,亚历克斯,收货,上架
DrTE18DoGr,灰色 品牌04 1800 抽屉柜（带门式）,抽屉柜,品牌04,1800,带门式,灰色,8*1*1,8,CZ71E,艾米,收货,上架
CuWE12FiBl,黑色 品牌02 1200 储物柜（文件收纳）,储物柜,品牌02,1200,文件收纳,黑色,8*1*1,4,DG24E,劳拉,收货,上架
NoExA3doBl,黑色 品牌16 三号纸 笔记本（点阵）,笔记本,品牌16,三号纸,点阵,黑色,48*10*5,229,AT62B,迈克,收货,上架
CaRG90FiBe,米色 品牌03 900 文件柜（文件收纳）,文件柜,品牌03,900,文件收纳,米色,8*1*1,1,BP90G,迈克,收货,上架
MoHc45ErNa,藏青色 品牌09 450 鼠标（人体工学）,鼠标,品牌09,450,人体工学,藏青色,16*10*1,29,CO13E,迈克,收货,上架
AlPH14i5Bl,黑色 品牌12 14英寸 一体机（第5代处理器）,一体机,品牌12,14英寸,第5代处理器,黑色,16*1*1,1,BZ82E,大卫,收货,上架
DrRG18LoBl,黑色 品牌03 1800 抽屉柜（储物锁柜）,抽屉柜,品牌03,1800,储物锁柜,黑色,8*1*1,5,DZ27C,约翰,收货,上架
GaSESErWh,白色 品牌08 小号 游戏椅（人体工学）,游戏椅,品牌08,小号,人体工学,白色,16*1*1,16,CV13D,莎拉,收货,上架
DrRG90SlBe,米色 品牌03 900 抽屉柜（滑动式）,抽屉柜,品牌03,900,滑动式,米色,8*1*1,2,AH07G,艾米丽,收货,上架
AlOv1732Bl,黑色 品牌13 17英寸 一体机（32吉字节内存）,一体机,品牌13,17英寸,32吉字节内存,黑色,16*1*1,7,AX26B,约翰,收货,上架
PrReA3MoBl,黑色 品牌24 三号纸 打印机（黑白）,打印机,品牌24,三号纸,黑白,黑色,16*1*1,11,CZ13C,约翰,收货,上架
DrQE90DoBe,米色 品牌01 900 抽屉柜（带门式）,抽屉柜,品牌01,900,带门式,米色,8*1*1,4,CI07E,迈克,收货,上架
CaQE18FiWh,白色 品牌01 1800 文件柜（文件收纳）,文件柜,品牌01,1800,文件收纳,白色,8*1*1,1,AR75B,简,收货,上架
DrWE90SlBe,米色 品牌02 900 抽屉柜（滑动式）,抽屉柜,品牌02,900,滑动式,米色,8*1*1,6,DP31F,大卫,收货,上架
LaPH158GWh,白色 品牌12 15英寸 笔记本电脑（8吉字节内存）,笔记本电脑,品牌12,15英寸,8吉字节内存,白色,16*1*1,15,BI52B,艾米丽,收货,上架
GaSELErPi,粉色 品牌08 大号 游戏椅（人体工学）,游戏椅,品牌08,大号,人体工学,粉色,16*1*1,2,AH15G,迈克,收货,上架
NoMuA5ruSi,银色 品牌19 五号纸 笔记本（横线）,笔记本,品牌19,五号纸,横线,银色,48*10*5,451,CX93B,莎拉,收货,上架
DrWE12FiWh,白色 品牌02 1200 抽屉柜（文件收纳）,抽屉柜,品牌02,1200,文件收纳,白色,8*1*1,2,CX14C,简,收货,上架
AlSu178GSi,银色 品牌11 17英寸 一体机（8吉字节内存）,一体机,品牌11,17英寸,8吉字节内存,银色,16*1*1,3,BH62B,克里斯,收货,上架
TVYn50S4Gr,灰色 品牌15 50英寸 电视机（超级超高清）,电视机,品牌15,50英寸,超级超高清,灰色,8*1*1,2,BS74B,大卫,收货,上架
MoHc45BlBl,黑色 品牌09 450 鼠标（蓝牙）,鼠标,品牌09,450,蓝牙,黑色,16*10*1,98,DQ59F,迈克,收货,上架
LaSu14i5Bl,黑色 品牌11 14英寸 笔记本电脑（第5代处理器）,笔记本电脑,品牌11,14英寸,第5代处理器,黑色,16*1*1,15,DN85C,约翰,收货,上架
PeRe24SoBl,黑色 品牌22 24 铅笔（可溶性）,铅笔,品牌22,24,可溶性,黑色,48*10*5,1106,DP85H,约翰,收货,上架
AlSu1432Si,银色 品牌11 14英寸 一体机（32吉字节内存）,一体机,品牌11,14英寸,32吉字节内存,银色,16*1*1,13,BR91D,劳拉,收货,上架
NoGrA3doGr,灰色 品牌18 三号纸 笔记本（点阵）,笔记本,品牌18,三号纸,点阵,灰色,48*10*5,370,CP66A,艾米,收货,上架
PrNoA3WiWh,白色 品牌26 三号纸 打印机（无线网络）,打印机,品牌26,三号纸,无线网络,白色,16*1*1,16,BP15G,艾米,收货,上架
KeSu35WiWh,白色 品牌11 350 键盘（有线）,键盘,品牌11,350,有线,白色,16*10*1,2,DV50C,约翰,收货,上架
KeHc27MeNa,藏青色 品牌09 270 键盘（机械式）,键盘,品牌09,270,机械式,藏青色,16*10*1,138,BQ80C,艾米丽,收货,上架
CuWE18SlGr,灰色 品牌02 1800 储物柜（滑动式）,储物柜,品牌02,1800,滑动式,灰色,8*1*1,1,BV75H,艾米,收货,上架
GaAESErBl,黑色 品牌05 小号 游戏椅（人体工学）,游戏椅,品牌05,小号,人体工学,黑色,16*1*1,1,AO50D,艾米,收货,上架
NoGrA3liBl,黑色 品牌18 三号纸 笔记本（线条）,笔记本,品牌18,三号纸,线条,黑色,48*10*5,1457,BK86B,简,收货,上架
AlSu17i5Wh,白色 品牌11 17英寸 一体机（第5代处理器）,一体机,品牌11,17英寸,第5代处理器,白色,16*1*1,8,CQ29H,迈克,收货,上架
DrRG12DoWh,白色 品牌03 1200 抽屉柜（带门式）,抽屉柜,品牌03,1200,带门式,白色,8*1*1,2,CX54F,艾米丽,收货,上架
MoHc27MeNa,藏青色 品牌09 270 鼠标（机械式）,鼠标,品牌09,270,机械式,藏青色,16*10*1,112,BG42D,艾米,收货,上架
KeHc45MePi,粉色 品牌09 450 键盘（机械式）,键盘,品牌09,450,机械式,粉色,16*10*1,51,AN23F,艾米丽,收货,上架
TVEs65SFWh,白色 品牌32 65英寸 电视机（超级全高清）,电视机,品牌32,65英寸,超级全高清,白色,8*1*1,6,BO32C,简,收货,上架
MoSu45MeBl,黑色 品牌11 450 鼠标（机械式）,鼠标,品牌11,450,机械式,黑色,16*10*1,141,CN79H,简,收货,上架
MoPH45ErBl,黑色 品牌12 450 鼠标（人体工学）,鼠标,品牌12,450,人体工学,黑色,16*10*1,88,AO83E,艾米,收货,上架
AlOv148GGr,灰色 品牌13 14英寸 一体机（8吉字节内存）,一体机,品牌13,14英寸,8吉字节内存,灰色,16*1*1,5,BM91D,大卫,收货,上架
AlYn17i7Wh,白色 品牌15 17英寸 一体机（第7代处理器）,一体机,品牌15,17英寸,第7代处理器,白色,16*1*1,13,DV04A,艾米,收货,上架
CuTE12FiBe,米色 品牌04 1200 储物柜（文件收纳）,储物柜,品牌04,1200,文件收纳,米色,8*1*1,7,AL28E,克里斯,收货,上架
SPNa50HeWh,白色 品牌23 50 触控笔（六角形）,触控笔,品牌23,50,六角形,白色,48*10*5,666,DQ16A,大卫,收货,上架
LaSu14i5Gr,灰色 品牌11 14英寸 笔记本电脑（第5代处理器）,笔记本电脑,品牌11,14英寸,第5代处理器,灰色,16*1*1,2,AS13G,莎拉,收货,上架
TaCI10WoWh,白色 品牌27 1000 桌子（工作站）,桌子,品牌27,1000,工作站,白色,8*1*1,1,CV40D,莎拉,收货,上架
CaRG90SlBl,黑色 品牌03 900 文件柜（滑动式）,文件柜,品牌03,900,滑动式,黑色,8*1*1,1,AR04G,约翰,收货,上架
AlPH148GSi,银色 品牌12 14英寸 一体机（8吉字节内存）,一体机,品牌12,14英寸,8吉字节内存,银色,16*1*1,3,BT71D,艾米,收货,上架
DrWE18LoGr,灰色 品牌02 1800 抽屉柜（储物锁柜）,抽屉柜,品牌02,1800,储物锁柜,灰色,8*1*1,1,CM23C,迈克,收货,上架
TVGn50FHGr,灰色 品牌30 50英寸 电视机（全高清）,电视机,品牌30,50英寸,全高清,灰色,8*1*1,5,BW86G,艾米,收货,上架
OfOGSErBl,黑色 品牌07 小号 办公椅（人体工学）,办公椅,品牌07,小号,人体工学,黑色,16*1*1,11,BM09H,艾米,收货,上架
AlRe148GWh,白色 品牌14 14英寸 一体机（8吉字节内存）,一体机,品牌14,14英寸,8吉字节内存,白色,16*1*1,9,AR25H,亚历克斯,收货,上架
LaSu17i7Wh,白色 品牌11 17英寸 笔记本电脑（第7代处理器）,笔记本电脑,品牌11,17英寸,第7代处理器,白色,16*1*1,4,CK80F,约翰,收货,上架
CaQE12SlBe,米色 品牌01 1200 文件柜（滑动式）,文件柜,品牌01,1200,滑动式,米色,8*1*1,6,BZ95B,简,收货,上架
MoSu27BlPi,粉色 品牌11 270 鼠标（蓝牙）,鼠标,品牌11,270,蓝牙,粉色,16*10*1,95,BP11G,约翰,收货,上架
PeGi12HeBl,黑色 品牌21 12 铅笔（六角形）,铅笔,品牌21,12,六角形,黑色,48*10*5,1860,DN69D,克里斯,收货,上架
MoPH35ErBl,黑色 品牌12 350 鼠标（人体工学）,鼠标,品牌12,350,人体工学,黑色,16*10*1,42,AH64D,迈克,收货,上架
AlOv17i7Si,银色 品牌13 17英寸 一体机（第7代处理器）,一体机,品牌13,17英寸,第7代处理器,银色,16*1*1,12,DO10F,约翰,收货,上架
AlSu1532Wh,白色 品牌11 15英寸 一体机（32吉字节内存）,一体机,品牌11,15英寸,32吉字节内存,白色,16*1*1,8,AP34A,简,收货,上架
PeRe12HePi,粉色 品牌22 12 铅笔（六角形）,铅笔,品牌22,12,六角形,粉色,48*10*5,1980,BY57B,迈克,收货,上架
AlOv15i7Si,银色 品牌13 15英寸 一体机（第7代处理器）,一体机,品牌13,15英寸,第7代处理器,银色,16*1*1,4,AO69B,劳拉,收货,上架
CaRG18FiBl,黑色 品牌03 1800 文件柜（文件收纳）,文件柜,品牌03,1800,文件收纳,黑色,8*1*1,3,CI23B,艾米,收货,上架
GaSELAdPi,粉色 品牌08 大号 游戏椅（可调节）,游戏椅,品牌08,大号,可调节,粉色,16*1*1,1,BI08A,简,收货,上架
MoPH35MeNa,藏青色 品牌12 350 鼠标（机械式）,鼠标,品牌12,350,机械式,藏青色,16*10*1,160,AZ53A,大卫,收货,上架
CaWE90DoWh,白色 品牌02 900 文件柜（带门式）,文件柜,品牌02,900,带门式,白色,8*1*1,1,CR28B,劳拉,收货,上架
DrQE90LoBl,黑色 品牌01 900 抽屉柜（储物锁柜）,抽屉柜,品牌01,900,储物锁柜,黑色,8*1*1,4,CT09B,艾米,收货,上架
OfAEMLePi,粉色 品牌05 中号 办公椅（皮革）,办公椅,品牌05,中号,皮革,粉色,16*1*1,11,BP89D,克里斯,收货,上架
LaPH14i5Bl,黑色 品牌12 14英寸 笔记本电脑（第5代处理器）,笔记本电脑,品牌12,14英寸,第5代处理器,黑色,16*1*1,16,BX35B,大卫,收货,上架
CaQE12FiWh,白色 品牌01 1200 文件柜（文件收纳）,文件柜,品牌01,1200,文件收纳,白色,8*1*1,1,BG58E,约翰,收货,上架
CuQE18DoBl,黑色 品牌01 1800 储物柜（带门式）,储物柜,品牌01,1800,带门式,黑色,8*1*1,3,DZ77A,莎拉,收货,上架
MoRe27MeBl,黑色 品牌10 270 鼠标（机械式）,鼠标,品牌10,270,机械式,黑色,16*10*1,20,DV21G,劳拉,收货,上架
NoExA4liSi,银色 品牌16 四号纸 笔记本（线条）,笔记本,品牌16,四号纸,线条,银色,48*10*5,633,DJ91E,亚历克斯,收货,上架
DrQE12LoBl,黑色 品牌01 1200 抽屉柜（储物锁柜）,抽屉柜,品牌01,1200,储物锁柜,黑色,8*1*1,2,CX66H,克里斯,收货,上架
KePH27MeNa,藏青色 品牌12 270 键盘（机械式）,键盘,品牌12,270,机械式,藏青色,16*10*1,77,CS01D,亚历克斯,收货,上架
GaSEMLeBl,黑色 品牌08 中号 游戏椅（皮革）,游戏椅,品牌08,中号,皮革,黑色,16*1*1,3,BH17D,亚历克斯,收货,上架
DrRG90FiGr,灰色 品牌03 900 抽屉柜（文件收纳）,抽屉柜,品牌03,900,文件收纳,灰色,8*1*1,2,DP75H,艾米,收货,上架
TVEs324KSi,银色 品牌32 32英寸 电视机（超高清）,电视机,品牌32,32英寸,超高清,银色,8*1*1,3,DM94H,约翰,收货,上架
PeNa24HePi,粉色 品牌23 24 铅笔（六角形）,铅笔,品牌23,24,六角形,粉色,48*10*5,2233,CY24B,亚历克斯,收货,上架
AlPH15i5Si,银色 品牌12 15英寸 一体机（第5代处理器）,一体机,品牌12,15英寸,第5代处理器,银色,16*1*1,3,CP18H,亚历克斯,收货,上架
TaCI15AuBl,黑色 品牌27 1500 桌子（自动调节）,桌子,品牌27,1500,自动调节,黑色,8*1*1,2,BV58A,克里斯,收货,上架
PrNoA2AlGr,灰色 品牌26 二号纸 打印机（一体式）,打印机,品牌26,二号纸,一体式,灰色,16*1*1,14,CW81B,迈克,收货,上架
PrSoA2LaWh,白色 品牌25 二号纸 打印机（激光）,打印机,品牌25,二号纸,激光,白色,16*1*1,1,BM45F,迈克,收货,上架
PrSoA4WiWh,白色 品牌25 四号纸 打印机（无线网络）,打印机,品牌25,四号纸,无线网络,白色,16*1*1,8,DW85H,莎拉,收货,上架
TaTR18AuSi,银色 品牌29 1800 桌子（自动调节）,桌子,品牌29,1800,自动调节,银色,8*1*1,7,BL27D,劳拉,收货,上架
TVYn65SFBl,黑色 品牌15 65英寸 电视机（超级全高清）,电视机,品牌15,65英寸,超级全高清,黑色,8*1*1,1,CF22A,克里斯,收货,上架
PeAl12HeWh,白色 品牌20 12 铅笔（六角形）,铅笔,品牌20,12,六角形,白色,48*10*5,1862,DF42D,大卫,收货,上架
TVGL324KGr,灰色 品牌31 32英寸 电视机（超高清）,电视机,品牌31,32英寸,超高清,灰色,8*1*1,1,BX40D,劳拉,收货,上架
MoPH35BlBl,黑色 品牌12 350 鼠标（蓝牙）,鼠标,品牌12,350,蓝牙,黑色,16*10*1,7,AW91E,艾米丽,收货,上架
CuWE90LoWh,白色 品牌02 900 储物柜（储物锁柜）,储物柜,品牌02,900,储物锁柜,白色,8*1*1,1,AM57F,艾米丽,收货,上架
AlYn1716Wh,白色 品牌15 17英寸 一体机（16吉字节内存）,一体机,品牌15,17英寸,16吉字节内存,白色,16*1*1,6,CX74B,亚历克斯,收货,上架
SPNa24SoBl,黑色 品牌23 24 触控笔（可溶性）,触控笔,品牌23,24,可溶性,黑色,48*10*5,2065,CF54F,大卫,收货,上架
DrRG90FiBl,黑色 品牌03 900 抽屉柜（文件收纳）,抽屉柜,品牌03,900,文件收纳,黑色,8*1*1,2,CQ71E,艾米,收货,上架
AlPH14i7Bl,黑色 品牌12 14英寸 一体机（第7代处理器）,一体机,品牌12,14英寸,第7代处理器,黑色,16*1*1,14,AI95H,艾米,收货,上架
CuRG90FiWh,白色 品牌03 900 储物柜（文件收纳）,储物柜,品牌03,900,文件收纳,白色,8*1*1,7,CK38D,克里斯,收货,上架
TaCI10AdBl,黑色 品牌27 1000 桌子（可调节）,桌子,品牌27,1000,可调节,黑色,8*1*1,2,CZ29C,简,收货,上架
TaTR10AuSi,银色 品牌28 1000 桌子（自动调节）,桌子,品牌28,1000,自动调节,银色,8*1*1,8,CQ63A,莎拉,收货,上架
KeRe35MeWh,白色 品牌10 350 键盘（机械式）,键盘,品牌10,350,机械式,白色,16*10*1,12,DT46G,简,收货,上架
PrNoA2MoBl,黑色 品牌26 二号纸 打印机（黑白）,打印机,品牌26,二号纸,黑白,黑色,16*1*1,13,BI96C,简,收货,上架
SPAl50WaBl,黑色 品牌20 50 触控笔（水彩）,触控笔,品牌20,50,水彩,黑色,48*10*5,1993,BW56A,劳拉,收货,上架
TVEs324KSi,银色 品牌32 32英寸 电视机（超高清）,电视机,品牌32,32英寸,超高清,银色,8*1*1,6,DM26D,亚历克斯,收货,上架
TaCI15FrSi,银色 品牌27 1500 桌子（框架式）,桌子,品牌27,1500,框架式,银色,8*1*1,3,BF61A,大卫,收货,上架
AlRe14i7Bl,黑色 品牌14 14英寸 一体机（第7代处理器）,一体机,品牌14,14英寸,第7代处理器,黑色,16*1*1,12,CY39F,约翰,收货,上架
PrReA4InBl,黑色 品牌24 四号纸 打印机（喷墨）,打印机,品牌24,四号纸,喷墨,黑色,16*1*1,1,AJ22A,克里斯,收货,上架
LaSu148GBl,黑色 品牌11 14英寸 笔记本电脑（8吉字节内存）,笔记本电脑,品牌11,14英寸,8吉字节内存,黑色,16*1*1,16,BU87C,艾米,收货,上架
TVGn42FHBl,黑色 品牌30 42英寸 电视机（全高清）,电视机,品牌30,42英寸,全高清,黑色,8*1*1,8,CJ43F,艾米丽,收货,上架
MoRe45ErWh,白色 品牌10 450 鼠标（人体工学）,鼠标,品牌10,450,人体工学,白色,16*10*1,76,AS44H,迈克,收货,上架
TVGn50FHGr,灰色 品牌30 50英寸 电视机（全高清）,电视机,品牌30,50英寸,全高清,灰色,8*1*1,3,AY71B,亚历克斯,收货,上架
GaSELAdBl,黑色 品牌08 大号 游戏椅（可调节）,游戏椅,品牌08,大号,可调节,黑色,16*1*1,4,DG63F,约翰,收货,上架
MoHc35ErNa,藏青色 品牌09 350 鼠标（人体工学）,鼠标,品牌09,350,人体工学,藏青色,16*10*1,34,BJ03C,约翰,收货,上架
PeGi24WaBl,黑色 品牌21 24 铅笔（水彩）,铅笔,品牌21,24,水彩,黑色,48*10*5,1411,AV58D,艾米丽,收货,上架
OfSEMAdWh,白色 品牌08 中号 办公椅（可调节）,办公椅,品牌08,中号,可调节,白色,16*1*1,16,CN63B,艾米,收货,上架
TaTR10AuSi,银色 品牌29 1000 桌子（自动调节）,桌子,品牌29,1000,自动调节,银色,8*1*1,1,CT32G,克里斯,收货,上架
PrReA3LaGr,灰色 品牌24 三号纸 打印机（激光）,打印机,品牌24,三号纸,激光,灰色,16*1*1,2,AL84G,亚历克斯,收货,上架
KeSu45MePi,粉色 品牌11 450 键盘（机械式）,键盘,品牌11,450,机械式,粉色,16*10*1,45,CU72A,简,收货,上架
TaCI10FrWh,白色 品牌27 1000 桌子（框架式）,桌子,品牌27,1000,框架式,白色,8*1*1,8,CL64C,迈克,收货,上架
KeRe45BlNa,藏青色 品牌10 450 键盘（蓝牙）,键盘,品牌10,450,蓝牙,藏青色,16*10*1,101,DL32F,大卫,收货,上架
MoHc45WiPi,粉色 品牌09 450 鼠标（有线）,鼠标,品牌09,450,有线,粉色,16*10*1,139,DW58C,克里斯,收货,上架
TVGL504KWh,白色 品牌31 50英寸 电视机（超高清）,电视机,品牌31,50英寸,超高清,白色,8*1*1,6,DQ26H,简,收货,上架
MoHc27ErBl,黑色 品牌09 270 鼠标（人体工学）,鼠标,品牌09,270,人体工学,黑色,16*10*1,128,AR70C,大卫,收货,上架
LaYn1732Wh,白色 品牌15 17英寸 笔记本电脑（32吉字节内存）,笔记本电脑,品牌15,17英寸,32吉字节内存,白色,16*1*1,7,BL47H,莎拉,收货,上架
TVGn65SFGr,灰色 品牌30 65英寸 电视机（超级全高清）,电视机,品牌30,65英寸,超级全高清,灰色,8*1*1,7,AH93A,克里斯,收货,上架
AlYn17i5Bl,黑色 品牌15 17英寸 一体机（第5代处理器）,一体机,品牌15,17英寸,第5代处理器,黑色,16*1*1,4,AN62D,劳拉,收货,上架
PrReA4InBl,黑色 品牌24 四号纸 打印机（喷墨）,打印机,品牌24,四号纸,喷墨,黑色,16*1*1,13,DY18E,亚历克斯,收货,上架
CuWE90LoBl,黑色 品牌02 900 储物柜（储物锁柜）,储物柜,品牌02,900,储物锁柜,黑色,8*1*1,7,BL95A,亚历克斯,收货,上架
OfSELHeWh,白色 品牌08 大号 办公椅（头枕）,办公椅,品牌08,大号,头枕,白色,16*1*1,8,DT09A,简,收货,上架
TVEs75FHBl,黑色 品牌32 75英寸 电视机（全高清）,电视机,品牌32,75英寸,全高清,黑色,8*1*1,3,DK49E,克里斯,收货,上架
KeHc35BlWh,白色 品牌09 350 键盘（蓝牙）,键盘,品牌09,350,蓝牙,白色,16*10*1,147,CY06H,亚历克斯,收货,上架
PrPHA4InWh,白色 品牌12 四号纸 打印机（喷墨）,打印机,品牌12,四号纸,喷墨,白色,16*1*1,15,AV48G,大卫,收货,上架
TaTR15AdGr,灰色 品牌29 1500 桌子（可调节）,桌子,品牌29,1500,可调节,灰色,8*1*1,2,DJ39B,克里斯,收货,上架
CuRG12DoBe,米色 品牌03 1200 储物柜（带门式）,储物柜,品牌03,1200,带门式,米色,8*1*1,4,CJ83A,约翰,收货,上架
LaYn158GBl,黑色 品牌15 15英寸 笔记本电脑（8吉字节内存）,笔记本电脑,品牌15,15英寸,8吉字节内存,黑色,16*1*1,13,DF89C,大卫,收货,上架
CaRG18FiGr,灰色 品牌03 1800 文件柜（文件收纳）,文件柜,品牌03,1800,文件收纳,灰色,8*1*1,2,AK07E,莎拉,收货,上架
LaYn14i7Wh,白色 品牌15 14英寸 笔记本电脑（第7代处理器）,笔记本电脑,品牌15,14英寸,第7代处理器,白色,16*1*1,10,CJ15H,艾米,收货,上架
TaTR10FrWh,白色 品牌29 1000 桌子（框架式）,桌子,品牌29,1000,框架式,白色,8*1*1,6,DQ54A,大卫,收货,上架
LaSu15i7Si,银色 品牌11 15英寸 笔记本电脑（第7代处理器）,笔记本电脑,品牌11,15英寸,第7代处理器,银色,16*1*1,10,CV51D,艾米丽,收货,上架
GaXESErGr,灰色 品牌06 小号 游戏椅（人体工学）,游戏椅,品牌06,小号,人体工学,灰色,16*1*1,16,CL82B,艾米,收货,上架
CaRG18FiBl,黑色 品牌03 1800 文件柜（文件收纳）,文件柜,品牌03,1800,文件收纳,黑色,8*1*1,2,BP48C,大卫,收货,上架
MoPH45MeNa,藏青色 品牌12 450 鼠标（机械式）,鼠标,品牌12,450,机械式,藏青色,16*10*1,143,AN42D,简,收货,上架
OfXESErGr,灰色 品牌06 小号 办公椅（人体工学）,办公椅,品牌06,小号,人体工学,灰色,16*1*1,1,CN63F,莎拉,收货,上架
AlPH148GGr,灰色 品牌12 14英寸 一体机（8吉字节内存）,一体机,品牌12,14英寸,8吉字节内存,灰色,16*1*1,13,CO91D,克里斯,收货,上架
AlPH1716Gr,灰色 品牌12 17英寸 一体机（16吉字节内存）,一体机,品牌12,17英寸,16吉字节内存,灰色,16*1*1,8,CR24D,劳拉,收货,上架
CuQE90SlBe,米色 品牌01 900 储物柜（滑动式）,储物柜,品牌01,900,滑动式,米色,8*1*1,2,BZ98B,约翰,收货,上架
SPAl24SoBl,黑色 品牌20 24 触控笔（可溶性）,触控笔,品牌20,24,可溶性,黑色,48*10*5,1157,DO96D,迈克,收货,上架
CaWE90SlBe,米色 品牌02 900 文件柜（滑动式）,文件柜,品牌02,900,滑动式,米色,8*1*1,8,CY37C,艾米,收货,上架
MoPH27MeBl,黑色 品牌12 270 鼠标（机械式）,鼠标,品牌12,270,机械式,黑色,16*10*1,143,CM78A,艾米丽,收货,上架
PrReA2InBl,黑色 品牌24 二号纸 打印机（喷墨）,打印机,品牌24,二号纸,喷墨,黑色,16*1*1,15,CW31A,克里斯,收货,上架
KeRe45BlNa,藏青色 品牌10 450 键盘（蓝牙）,键盘,品牌10,450,蓝牙,藏青色,16*10*1,92,AM08D,大卫,收货,上架
LaSu1732Gr,灰色 品牌11 17英寸 笔记本电脑（32吉字节内存）,笔记本电脑,品牌11,17英寸,32吉字节内存,灰色,16*1*1,2,BF94H,约翰,收货,上架
PeNa50SoPi,粉色 品牌23 50 铅笔（可溶性）,铅笔,品牌23,50,可溶性,粉色,48*10*5,1690,BT82F,艾米丽,收货,上架
NoMuA5doBl,黑色 品牌19 五号纸 笔记本（点阵）,笔记本,品牌19,五号纸,点阵,黑色,48*10*5,1917,BT52C,简,收货,上架
SPGi24SoBl,黑色 品牌21 24 触控笔（可溶性）,触控笔,品牌21,24,可溶性,黑色,48*10*5,731,BY93A,亚历克斯,收货,上架
CuQE18SlBl,黑色 品牌01 1800 储物柜（滑动式）,储物柜,品牌01,1800,滑动式,黑色,8*1*1,6,DM56E,大卫,收货,上架
SPGi12HeWh,白色 品牌21 12 触控笔（六角形）,触控笔,品牌21,12,六角形,白色,48*10*5,72,CP51E,简,收货,上架
GaXELErWh,白色 品牌06 大号 游戏椅（人体工学）,游戏椅,品牌06,大号,人体工学,白色,16*1*1,2,DW03G,亚历克斯,收货,上架
TaTR15WoWh,白色 品牌28 1500 桌子（工作站）,桌子,品牌28,1500,工作站,白色,8*1*1,1,CI29H,劳拉,收货,上架
OfSELErWh,白色 品牌08 大号 办公椅（人体工学）,办公椅,品牌08,大号,人体工学,白色,16*1*1,4,CT09A,大卫,收货,上架
TaTR15FrGr,灰色 品牌29 1500 桌子（框架式）,桌子,品牌29,1500,框架式,灰色,8*1*1,1,AN15E,莎拉,收货,上架
DrRG18SlGr,灰色 品牌03 1800 抽屉柜（滑动式）,抽屉柜,品牌03,1800,滑动式,灰色,8*1*1,5,BR61E,艾米丽,收货,上架
TVEs32S4Gr,灰色 品牌32 32英寸 电视机（超级超高清）,电视机,品牌32,32英寸,超级超高清,灰色,8*1*1,8,DN08F,约翰,收货,上架
OfAELErGr,灰色 品牌05 大号 办公椅（人体工学）,办公椅,品牌05,大号,人体工学,灰色,16*1*1,5,BQ53H,克里斯,收货,上架
NoExA5doSi,银色 品牌16 五号纸 笔记本（点阵）,笔记本,品牌16,五号纸,点阵,银色,48*10*5,1881,BZ92E,劳拉,收货,上架
PeRe12WaWh,白色 品牌22 12 铅笔（水彩）,铅笔,品牌22,12,水彩,白色,48*10*5,1026,CN21D,亚历克斯,收货,上架
PrPHA4LaBl,黑色 品牌12 四号纸 打印机（激光）,打印机,品牌12,四号纸,激光,黑色,16*1*1,12,BR12E,大卫,收货,上架
OfXELLePi,粉色 品牌06 大号 办公椅（皮革）,办公椅,品牌06,大号,皮革,粉色,16*1*1,1,CM48E,亚历克斯,收货,上架
TaTR15WoWh,白色 品牌28 1500 桌子（工作站）,桌子,品牌28,1500,工作站,白色,8*1*1,5,AN66H,简,收货,上架
CaWE12FiBl,黑色 品牌02 1200 文件柜（文件收纳）,文件柜,品牌02,1200,文件收纳,黑色,8*1*1,2,CM89C,亚历克斯,收货,上架
CuRG18FiBl,黑色 品牌03 1800 储物柜（文件收纳）,储物柜,品牌03,1800,文件收纳,黑色,8*1*1,4,BY83H,艾米丽,收货,上架
KePH45WiBl,黑色 品牌12 450 键盘（有线）,键盘,品牌12,450,有线,黑色,16*10*1,136,BP89F,艾米,收货,上架
KePH27ErPi,粉色 品牌12 270 键盘（人体工学）,键盘,品牌12,270,人体工学,粉色,16*10*1,154,CV70B,亚历克斯,收货,上架
PeAl24SoBl,黑色 品牌20 24 铅笔（可溶性）,铅笔,品牌20,24,可溶性,黑色,48*10*5,1361,AI59C,艾米,收货,上架
AlRe148GGr,灰色 品牌14 14英寸 一体机（8吉字节内存）,一体机,品牌14,14英寸,8吉字节内存,灰色,16*1*1,11,AM90H,莎拉,收货,上架
PrPHA4WiBl,黑色 品牌12 四号纸 打印机（无线网络）,打印机,品牌12,四号纸,无线网络,黑色,16*1*1,8,DU48E,艾米丽,收货,上架
AlPH148GBl,黑色 品牌12 14英寸 一体机（8吉字节内存）,一体机,品牌12,14英寸,8吉字节内存,黑色,16*1*1,15,DI49G,约翰,收货,上架
PrPHA3MoGr,灰色 品牌12 三号纸 打印机（黑白）,打印机,品牌12,三号纸,黑白,灰色,16*1*1,1,DM03E,莎拉,收货,上架
OfXELHePi,粉色 品牌06 大号 办公椅（头枕）,办公椅,品牌06,大号,头枕,粉色,16*1*1,15,BR94C,大卫,收货,上架
MoPH35MeWh,白色 品牌12 350 鼠标（机械式）,鼠标,品牌12,350,机械式,白色,16*10*1,156,BU26H,艾米,收货,上架
CuTE18FiBe,米色 品牌04 1800 储物柜（文件收纳）,储物柜,品牌04,1800,文件收纳,米色,8*1*1,6,AW27G,莎拉,收货,上架
TVYn504KSi,银色 品牌15 50英寸 电视机（超高清）,电视机,品牌15,50英寸,超高清,银色,8*1*1,5,BR30H,迈克,收货,上架
LaSu17i7Si,银色 品牌11 17英寸 笔记本电脑（第7代处理器）,笔记本电脑,品牌11,17英寸,第7代处理器,银色,16*1*1,12,BQ26C,艾米丽,收货,上架
AlSu1532Gr,灰色 品牌11 15英寸 一体机（32吉字节内存）,一体机,品牌11,15英寸,32吉字节内存,灰色,16*1*1,10,BL89D,莎拉,收货,上架
PeAl12WaGr,灰色 品牌20 12 铅笔（水彩）,铅笔,品牌20,12,水彩,灰色,48*10*5,880,AR02G,艾米,收货,上架
PrNoA4MoBl,黑色 品牌26 四号纸 打印机（黑白）,打印机,品牌26,四号纸,黑白,黑色,16*1*1,9,BZ79A,迈克,收货,上架
NoExA4liSi,银色 品牌16 四号纸 笔记本（线条）,笔记本,品牌16,四号纸,线条,银色,48*10*5,449,CP42F,亚历克斯,收货,上架
DrRG18DoBl,黑色 品牌03 1800 抽屉柜（带门式）,抽屉柜,品牌03,1800,带门式,黑色,8*1*1,4,BQ01F,大卫,收货,上架
AlSu1532Si,银色 品牌11 15英寸 一体机（32吉字节内存）,一体机,品牌11,15英寸,32吉字节内存,银色,16*1*1,14,DF95G,大卫,收货,上架
MoHc45BlNa,藏青色 品牌09 450 鼠标（蓝牙）,鼠标,品牌09,450,蓝牙,藏青色,16*10*1,82,CJ21E,亚历克斯,收货,上架
AlYn15i7Gr,灰色 品牌15 15英寸 一体机（第7代处理器）,一体机,品牌15,15英寸,第7代处理器,灰色,16*1*1,3,DW05D,克里斯,收货,上架
CuRG12FiBl,黑色 品牌03 1200 储物柜（文件收纳）,储物柜,品牌03,1200,文件收纳,黑色,8*1*1,7,DP32E,迈克,收货,上架
OfSELHePi,粉色 品牌08 大号 办公椅（头枕）,办公椅,品牌08,大号,头枕,粉色,16*1*1,14,CK28H,劳拉,收货,上架
MoHc45ErPi,粉色 品牌09 450 鼠标（人体工学）,鼠标,品牌09,450,人体工学,粉色,16*10*1,128,AO22C,克里斯,收货,上架
CaTE18LoWh,白色 品牌04 1800 文件柜（储物锁柜）,文件柜,品牌04,1800,储物锁柜,白色,8*1*1,7,AR65E,艾米,收货,上架
AlYn148GBl,黑色 品牌15 14英寸 一体机（8吉字节内存）,一体机,品牌15,14英寸,8吉字节内存,黑色,16*1*1,7,AL54C,克里斯,收货,上架
OfAESAdBl,黑色 品牌05 小号 办公椅（可调节）,办公椅,品牌05,小号,可调节,黑色,16*1*1,7,BF21C,劳拉,收货,上架
SPGi24HeWh,白色 品牌21 24 触控笔（六角形）,触控笔,品牌21,24,六角形,白色,48*10*5,2057,DY44G,大卫,收货,上架
GaAESAdPi,粉色 品牌05 小号 游戏椅（可调节）,游戏椅,品牌05,小号,可调节,粉色,16*1*1,7,AH16D,莎拉,收货,上架
KeHc35MeNa,藏青色 品牌09 350 键盘（机械式）,键盘,品牌09,350,机械式,藏青色,16*10*1,74,DK39F,约翰,收货,上架
GaXEMAdGr,灰色 品牌06 中号 游戏椅（可调节）,游戏椅,品牌06,中号,可调节,灰色,16*1*1,11,CY89B,亚历克斯,收货,上架
SPGi50SoGr,灰色 品牌21 50 触控笔（可溶性）,触控笔,品牌21,50,可溶性,灰色,48*10*5,1755,DR78D,大卫,收货,上架
TVYn65S4Bl,黑色 品牌15 65英寸 电视机（超级超高清）,电视机,品牌15,65英寸,超级超高清,黑色,8*1*1,3,CR78D,劳拉,收货,上架
CaRG18FiBl,黑色 品牌03 1800 文件柜（文件收纳）,文件柜,品牌03,1800,文件收纳,黑色,8*1*1,6,AY91D,劳拉,收货,上架
TVGL50S4Gr,灰色 品牌31 50英寸 电视机（超级超高清）,电视机,品牌31,50英寸,超级超高清,灰色,8*1*1,6,CK72B,艾米丽,收货,上架
TaTR15AuSi,银色 品牌29 1500 桌子（自动调节）,桌子,品牌29,1500,自动调节,银色,8*1*1,2,AL55B,亚历克斯,收货,上架
GaSESAdWh,白色 品牌08 小号 游戏椅（可调节）,游戏椅,品牌08,小号,可调节,白色,16*1*1,7,DS59C,亚历克斯,收货,上架
AlRe1516Wh,白色 品牌14 15英寸 一体机（16吉字节内存）,一体机,品牌14,15英寸,16吉字节内存,白色,16*1*1,6,CX71D,亚历克斯,收货,上架
PrReA3InMi,混合色 品牌24 三号纸 打印机（喷墨）,打印机,品牌24,三号纸,喷墨,混合色,16*1*1,10,BL53H,亚历克斯,收货,上架
DrTE90FiBe,米色 品牌04 900 抽屉柜（文件收纳）,抽屉柜,品牌04,900,文件收纳,米色,8*1*1,4,DZ30B,艾米,收货,上架
CuTE18FiBe,米色 品牌04 1800 储物柜（文件收纳）,储物柜,品牌04,1800,文件收纳,米色,8*1*1,8,DG24H,迈克,收货,上架
LaRe15i5Si,银色 品牌14 15英寸 笔记本电脑（第5代处理器）,笔记本电脑,品牌14,15英寸,第5代处理器,银色,16*1*1,1,AJ80H,简,收货,上架
MoRe35WiBl,黑色 品牌10 350 鼠标（有线）,鼠标,品牌10,350,有线,黑色,16*10*1,48,DL75A,劳拉,收货,上架
CuTE12LoWh,白色 品牌04 1200 储物柜（储物锁柜）,储物柜,品牌04,1200,储物锁柜,白色,8*1*1,5,BQ48E,简,收货,上架
PrReA2AlGr,灰色 品牌24 二号纸 打印机（一体式）,打印机,品牌24,二号纸,一体式,灰色,16*1*1,6,BT50A,大卫,收货,上架
PeGi50SoPi,粉色 品牌21 50 铅笔（可溶性）,铅笔,品牌21,50,可溶性,粉色,48*10*5,1257,DU35F,莎拉,收货,上架
SPAl24WaPi,粉色 品牌20 24 触控笔（水彩）,触控笔,品牌20,24,水彩,粉色,48*10*5,2375,CH52H,艾米丽,收货,上架
SPAl50SoWh,白色 品牌20 50 触控笔（可溶性）,触控笔,品牌20,50,可溶性,白色,48*10*5,627,DM01G,亚历克斯,收货,上架
MoSu27WiNa,藏青色 品牌11 270 鼠标（有线）,鼠标,品牌11,270,有线,藏青色,16*10*1,31,AG23D,迈克,收货,上架
AlYn1716Gr,灰色 品牌15 17英寸 一体机（16吉字节内存）,一体机,品牌15,17英寸,16吉字节内存,灰色,16*1*1,10,CW30C,克里斯,收货,上架
PeAl12HeWh,白色 品牌20 12 铅笔（六角形）,铅笔,品牌20,12,六角形,白色,48*10*5,2350,DF82A,迈克,收货,上架
PrPHA4AlBl,黑色 品牌12 四号纸 打印机（一体式）,打印机,品牌12,四号纸,一体式,黑色,16*1*1,15,AF62A,艾米,收货,上架
TVEs32SFBl,黑色 品牌32 32英寸 电视机（超级全高清）,电视机,品牌32,32英寸,超级全高清,黑色,8*1*1,8,BV87F,艾米丽,收货,上架
TVGL65S4Wh,白色 品牌31 65英寸 电视机（超级超高清）,电视机,品牌31,65英寸,超级超高清,白色,8*1*1,5,CQ38B,艾米,收货,上架
AlRe14i7Si,银色 品牌14 14英寸 一体机（第7代处理器）,一体机,品牌14,14英寸,第7代处理器,银色,16*1*1,16,DY78E,大卫,收货,上架
TVEs754KSi,银色 品牌32 75英寸 电视机（超高清）,电视机,品牌32,75英寸,超高清,银色,8*1*1,5,AV17E,艾米,收货,上架
OfAESHeGr,灰色 品牌05 小号 办公椅（头枕）,办公椅,品牌05,小号,头枕,灰色,16*1*1,12,AN53H,劳拉,收货,上架
OfOGSLePi,粉色 品牌07 小号 办公椅（皮革）,办公椅,品牌07,小号,皮革,粉色,16*1*1,10,AT50D,艾米,收货,上架
TVEs32S4Si,银色 品牌32 32英寸 电视机（超级超高清）,电视机,品牌32,32英寸,超级超高清,银色,8*1*1,6,AH20C,莎拉,收货,上架
TaAE10AuBl,黑色 品牌05 1000 桌子（自动调节）,桌子,品牌05,1000,自动调节,黑色,8*1*1,7,CP39G,大卫,收货,上架
KePH35ErPi,粉色 品牌12 350 键盘（人体工学）,键盘,品牌12,350,人体工学,粉色,16*10*1,58,DY45A,大卫,收货,上架
AlPH1532Wh,白色 品牌12 15英寸 一体机（32吉字节内存）,一体机,品牌12,15英寸,32吉字节内存,白色,16*1*1,2,DV96G,艾米,收货,上架
AlPH1432Wh,白色 品牌12 14英寸 一体机（32吉字节内存）,一体机,品牌12,14英寸,32吉字节内存,白色,16*1*1,13,DM04H,劳拉,收货,上架
PrSoA3MoMi,混合色 品牌25 三号纸 打印机（黑白）,打印机,品牌25,三号纸,黑白,混合色,16*1*1,4,BU31H,简,收货,上架
PeRe50HePi,粉色 品牌22 50 铅笔（六角形）,铅笔,品牌22,50,六角形,粉色,48*10*5,623,CG96F,艾米丽,收货,上架
KeSu27ErPi,粉色 品牌11 270 键盘（人体工学）,键盘,品牌11,270,人体工学,粉色,16*10*1,158,AS09C,约翰,收货,上架
CaTE90SlBl,黑色 品牌04 900 文件柜（滑动式）,文件柜,品牌04,900,滑动式,黑色,8*1*1,8,BV70D,约翰,收货,上架
NoGrA4ruBl,黑色 品牌18 四号纸 笔记本（横线）,笔记本,品牌18,四号纸,横线,黑色,48*10*5,1439,DG15C,克里斯,收货,上架
OfAESHeGr,灰色 品牌05 小号 办公椅（头枕）,办公椅,品牌05,小号,头枕,灰色,16*1*1,8,DY16F,劳拉,收货,上架
TVGn75SFBl,黑色 品牌30 75英寸 电视机（超级全高清）,电视机,品牌30,75英寸,超级全高清,黑色,8*1*1,6,CM74B,亚历克斯,收货,上架
MoPH35ErBl,黑色 品牌12 350 鼠标（人体工学）,鼠标,品牌12,350,人体工学,黑色,16*10*1,65,CO09G,迈克,收货,上架
GaAESErWh,白色 品牌05 小号 游戏椅（人体工学）,游戏椅,品牌05,小号,人体工学,白色,16*1*1,13,CL42F,约翰,收货,上架
KeRe45WiBl,黑色 品牌10 450 键盘（有线）,键盘,品牌10,450,有线,黑色,16*10*1,10,BW38E,艾米,收货,上架
GaSESHeBl,黑色 品牌08 小号 游戏椅（头枕）,游戏椅,品牌08,小号,头枕,黑色,16*1*1,2,CH77H,简,收货,上架
AlYn17i5Wh,白色 品牌15 17英寸 一体机（第5代处理器）,一体机,品牌15,17英寸,第5代处理器,白色,16*1*1,7,AF45F,劳拉,收货,上架
PrSoA4MoMi,混合色 品牌25 四号纸 打印机（黑白）,打印机,品牌25,四号纸,黑白,混合色,16*1*1,6,AV19H,莎拉,收货,上架
LaPH14i5Gr,灰色 品牌12 14英寸 笔记本电脑（第5代处理器）,笔记本电脑,品牌12,14英寸,第5代处理器,灰色,16*1*1,2,CL90C,简,收货,上架
GaSESErGr,灰色 品牌08 小号 游戏椅（人体工学）,游戏椅,品牌08,小号,人体工学,灰色,16*1*1,16,BN65G,亚历克斯,收货,上架
KeRe45BlWh,白色 品牌10 450 键盘（蓝牙）,键盘,品牌10,450,蓝牙,白色,16*10*1,111,CX06E,莎拉,收货,上架
SPAl50HeGr,灰色 品牌20 50 触控笔（六角形）,触控笔,品牌20,50,六角形,灰色,48*10*5,1091,BN34H,约翰,收货,上架
OfXELHeBl,黑色 品牌06 大号 办公椅（头枕）,办公椅,品牌06,大号,头枕,黑色,16*1*1,4,BR25A,艾米,收货,上架
AlOv15i5Wh,白色 品牌13 15英寸 一体机（第5代处理器）,一体机,品牌13,15英寸,第5代处理器,白色,16*1*1,5,BW76E,迈克,收货,上架
TVGn75SFGr,灰色 品牌30 75英寸 电视机（超级全高清）,电视机,品牌30,75英寸,超级全高清,灰色,8*1*1,1,BV36H,劳拉,收货,上架
AlSu15i5Si,银色 品牌11 15英寸 一体机（第5代处理器）,一体机,品牌11,15英寸,第5代处理器,银色,16*1*1,14,CJ32D,艾米丽,收货,上架
DrQE12SlGr,灰色 品牌01 1200 抽屉柜（滑动式）,抽屉柜,品牌01,1200,滑动式,灰色,8*1*1,4,AH76E,亚历克斯,收货,上架
DrQE18LoBe,米色 品牌01 1800 抽屉柜（储物锁柜）,抽屉柜,品牌01,1800,储物锁柜,米色,8*1*1,7,DX23B,莎拉,收货,上架
PrSoA4LaMi,混合色 品牌25 四号纸 打印机（激光）,打印机,品牌25,四号纸,激光,混合色,16*1*1,10,CG70B,劳拉,收货,上架
NoExA5doBl,黑色 品牌16 五号纸 笔记本（点阵）,笔记本,品牌16,五号纸,点阵,黑色,48*10*5,1698,CV31H,亚历克斯,收货,上架
PrSoA3InBl,黑色 品牌25 三号纸 打印机（喷墨）,打印机,品牌25,三号纸,喷墨,黑色,16*1*1,8,BI34F,艾米,收货,上架
NoMuA5ruSi,银色 品牌19 五号纸 笔记本（横线）,笔记本,品牌19,五号纸,横线,银色,48*10*5,1365,AZ15C,克里斯,收货,上架
CaQE12FiWh,白色 品牌01 1200 文件柜（文件收纳）,文件柜,品牌01,1200,文件收纳,白色,8*1*1,1,DI53C,迈克,收货,上架
CuQE18FiGr,灰色 品牌01 1800 储物柜（文件收纳）,储物柜,品牌01,1800,文件收纳,灰色,8*1*1,6,CM36F,约翰,收货,上架
DrTE90DoGr,灰色 品牌04 900 抽屉柜（带门式）,抽屉柜,品牌04,900,带门式,灰色,8*1*1,8,BR24B,莎拉,收货,上架
CaWE18DoBl,黑色 品牌02 1800 文件柜（带门式）,文件柜,品牌02,1800,带门式,黑色,8*1*1,6,AG68H,莎拉,收货,上架
TaTR15AuBl,黑色 品牌28 1500 桌子（自动调节）,桌子,品牌28,1500,自动调节,黑色,8*1*1,6,BO91A,迈克,收货,上架
LaYn178GSi,银色 品牌15 17英寸 笔记本电脑（8吉字节内存）,笔记本电脑,品牌15,17英寸,8吉字节内存,银色,16*1*1,2,BX38F,迈克,收货,上架
TaAE18WoBl,黑色 品牌05 1800 桌子（工作站）,桌子,品牌05,1800,工作站,黑色,8*1*1,4,BR19H,迈克,收货,上架
CaTE90DoBl,黑色 品牌04 900 文件柜（带门式）,文件柜,品牌04,900,带门式,黑色,8*1*1,4,DG14B,迈克,收货,上架
SPNa50HePi,粉色 品牌23 50 触控笔（六角形）,触控笔,品牌23,50,六角形,粉色,48*10*5,1514,BZ93G,艾米丽,收货,上架
DrQE18FiWh,白色 品牌01 1800 抽屉柜（文件收纳）,抽屉柜,品牌01,1800,文件收纳,白色,8*1*1,2,AZ18D,劳拉,收货,上架
OfAESHeBl,黑色 品牌05 小号 办公椅（头枕）,办公椅,品牌05,小号,头枕,黑色,16*1*1,8,DX33B,艾米丽,收货,上架
LaSu1516Si,银色 品牌11 15英寸 笔记本电脑（16吉字节内存）,笔记本电脑,品牌11,15英寸,16吉字节内存,银色,16*1*1,16,AU73G,艾米丽,收货,上架
MoHc45ErBl,黑色 品牌09 450 鼠标（人体工学）,鼠标,品牌09,450,人体工学,黑色,16*10*1,97,DU74C,迈克,收货,上架
LaYn178GBl,黑色 品牌15 17英寸 笔记本电脑（8吉字节内存）,笔记本电脑,品牌15,17英寸,8吉字节内存,黑色,16*1*1,12,BT71C,克里斯,收货,上架
OfAESLeWh,白色 品牌05 小号 办公椅（皮革）,办公椅,品牌05,小号,皮革,白色,16*1*1,9,BV81A,莎拉,收货,上架
SPNa24SoGr,灰色 品牌23 24 触控笔（可溶性）,触控笔,品牌23,24,可溶性,灰色,48*10*5,1369,AU35C,艾米丽,收货,上架
PrPHA2MoWh,白色 品牌12 二号纸 打印机（黑白）,打印机,品牌12,二号纸,黑白,白色,16*1*1,5,BX64H,简,收货,上架
MoSu45BlPi,粉色 品牌11 450 鼠标（蓝牙）,鼠标,品牌11,450,蓝牙,粉色,16*10*1,65,CP86D,大卫,收货,上架
PrPHA2LaWh,白色 品牌12 二号纸 打印机（激光）,打印机,品牌12,二号纸,激光,白色,16*1*1,9,CX24H,迈克,收货,上架
PrSoA2AlBl,黑色 品牌25 二号纸 打印机（一体式）,打印机,品牌25,二号纸,一体式,黑色,16*1*1,13,CM57D,克里斯,收货,上架
LaOv14i7Wh,白色 品牌13 14英寸 笔记本电脑（第7代处理器）,笔记本电脑,品牌13,14英寸,第7代处理器,白色,16*1*1,16,BW76C,艾米丽,收货,上架
DrTE12LoGr,灰色 品牌04 1200 抽屉柜（储物锁柜）,抽屉柜,品牌04,1200,储物锁柜,灰色,8*1*1,8,CH24E,约翰,收货,上架
CuRG12LoGr,灰色 品牌03 1200 储物柜（储物锁柜）,储物柜,品牌03,1200,储物锁柜,灰色,8*1*1,1,AG66H,大卫,收货,上架
MoPH27MeNa,藏青色 品牌12 270 鼠标（机械式）,鼠标,品牌12,270,机械式,藏青色,16*10*1,11,AP97E,克里斯,收货,上架
LaPH17i7Si,银色 品牌12 17英寸 笔记本电脑（第7代处理器）,笔记本电脑,品牌12,17英寸,第7代处理器,银色,16*1*1,13,CQ96H,简,收货,上架
NoScA3liSi,银色 品牌17 三号纸 笔记本（线条）,笔记本,品牌17,三号纸,线条,银色,48*10*5,2123,AV83E,艾米丽,收货,上架
MoRe35BlNa,藏青色 品牌10 350 鼠标（蓝牙）,鼠标,品牌10,350,蓝牙,藏青色,16*10*1,48,BZ26H,克里斯,收货,上架
MoRe27ErWh,白色 品牌10 270 鼠标（人体工学）,鼠标,品牌10,270,人体工学,白色,16*10*1,140,AL42H,约翰,收货,上架
NoGrA3liSi,银色 品牌18 三号纸 笔记本（线条）,笔记本,品牌18,三号纸,线条,银色,48*10*5,2178,DX35D,艾米丽,收货,上架
CuWE12LoWh,白色 品牌02 1200 储物柜（储物锁柜）,储物柜,品牌02,1200,储物锁柜,白色,8*1*1,7,AL33E,亚历克斯,收货,上架
KeSu45BlWh,白色 品牌11 450 键盘（蓝牙）,键盘,品牌11,450,蓝牙,白色,16*10*1,113,DO74H,克里斯,收货,上架
TVYn50SFBl,黑色 品牌15 50英寸 电视机（超级全高清）,电视机,品牌15,50英寸,超级全高清,黑色,8*1*1,1,AO01A,克里斯,收货,上架
CuWE18DoWh,白色 品牌02 1800 储物柜（带门式）,储物柜,品牌02,1800,带门式,白色,8*1*1,8,DK74C,艾米丽,收货,上架
SPGi50HeGr,灰色 品牌21 50 触控笔（六角形）,触控笔,品牌21,50,六角形,灰色,48*10*5,226,CU23D,约翰,收货,上架
TaCI15WoWh,白色 品牌27 1500 桌子（工作站）,桌子,品牌27,1500,工作站,白色,8*1*1,2,BX39H,艾米,收货,上架
CuTE18SlBl,黑色 品牌04 1800 储物柜（滑动式）,储物柜,品牌04,1800,滑动式,黑色,8*1*1,6,DH65C,简,收货,上架
GaSELErBl,黑色 品牌08 大号 游戏椅（人体工学）,游戏椅,品牌08,大号,人体工学,黑色,16*1*1,12,BI09A,约翰,收货,上架
MoHc45BlPi,粉色 品牌09 450 鼠标（蓝牙）,鼠标,品牌09,450,蓝牙,粉色,16*10*1,8,AR11A,克里斯,收货,上架
PrNoA2MoBl,黑色 品牌26 二号纸 打印机（黑白）,打印机,品牌26,二号纸,黑白,黑色,16*1*1,2,DX84B,艾米,收货,上架
NoGrA5liWh,白色 品牌18 五号纸 笔记本（线条）,笔记本,品牌18,五号纸,线条,白色,48*10*5,1657,AU97B,劳拉,收货,上架
PrSoA4WiBl,黑色 品牌25 四号纸 打印机（无线网络）,打印机,品牌25,四号纸,无线网络,黑色,16*1*1,16,AV14H,简,收货,上架
PrSoA3InGr,灰色 品牌25 三号纸 打印机（喷墨）,打印机,品牌25,三号纸,喷墨,灰色,16*1*1,2,CY56F,亚历克斯,收货,上架
PeAl12SoPi,粉色 品牌20 12 铅笔（可溶性）,铅笔,品牌20,12,可溶性,粉色,48*10*5,184,AZ47A,克里斯,收货,上架
TaCI18AdWh,白色 品牌27 1800 桌子（可调节）,桌子,品牌27,1800,可调节,白色,8*1*1,8,BR01D,克里斯,收货,上架
GaXESHePi,粉色 品牌06 小号 游戏椅（头枕）,游戏椅,品牌06,小号,头枕,粉色,16*1*1,13,AU47G,亚历克斯,收货,上架
OfOGSErBl,黑色 品牌07 小号 办公椅（人体工学）,办公椅,品牌07,小号,人体工学,黑色,16*1*1,11,CT82F,迈克,收货,上架
GaSEMAdBl,黑色 品牌08 中号 游戏椅（可调节）,游戏椅,品牌08,中号,可调节,黑色,16*1*1,14,AJ76C,约翰,收货,上架
PrSoA3LaWh,白色 品牌25 三号纸 打印机（激光）,打印机,品牌25,三号纸,激光,白色,16*1*1,14,BI20G,大卫,收货,上架
LaPH15i5Gr,灰色 品牌12 15英寸 笔记本电脑（第5代处理器）,笔记本电脑,品牌12,15英寸,第5代处理器,灰色,16*1*1,8,BN60F,亚历克斯,收货,上架
TVYn42SFBl,黑色 品牌15 42英寸 电视机（超级全高清）,电视机,品牌15,42英寸,超级全高清,黑色,8*1*1,5,DV90E,艾米丽,收货,上架
SPAl12WaGr,灰色 品牌20 12 触控笔（水彩）,触控笔,品牌20,12,水彩,灰色,48*10*5,1302,AF52E,简,收货,上架
DrRG18DoBe,米色 品牌03 1800 抽屉柜（带门式）,抽屉柜,品牌03,1800,带门式,米色,8*1*1,6,DO50G,艾米丽,收货,上架
LaYn15i7Wh,白色 品牌15 15英寸 笔记本电脑（第7代处理器）,笔记本电脑,品牌15,15英寸,第7代处理器,白色,16*1*1,7,BF65D,约翰,收货,上架
TaCI10AdWh,白色 品牌27 1000 桌子（可调节）,桌子,品牌27,1000,可调节,白色,8*1*1,2,CK58F,大卫,收货,上架
CaTE18DoBl,黑色 品牌04 1800 文件柜（带门式）,文件柜,品牌04,1800,带门式,黑色,8*1*1,1,AZ81D,亚历克斯,收货,上架
GaOGLAdBl,黑色 品牌07 大号 游戏椅（可调节）,游戏椅,品牌07,大号,可调节,黑色,16*1*1,1,CO75F,简,收货,上架
TVGL654KGr,灰色 品牌31 65英寸 电视机（超高清）,电视机,品牌31,65英寸,超高清,灰色,8*1*1,6,BN71H,艾米,收货,上架
KeHc45ErNa,藏青色 品牌09 450 键盘（人体工学）,键盘,品牌09,450,人体工学,藏青色,16*10*1,149,DQ28F,艾米丽,收货,上架
TVYn65S4Si,银色 品牌15 65英寸 电视机（超级超高清）,电视机,品牌15,65英寸,超级超高清,银色,8*1*1,8,AN88H,艾米,收货,上架
SPGi12HeBl,黑色 品牌21 12 触控笔（六角形）,触控笔,品牌21,12,六角形,黑色,48*10*5,473,CN79D,艾米丽,收货,上架
LaOv178GBl,黑色 品牌13 17英寸 笔记本电脑（8吉字节内存）,笔记本电脑,品牌13,17英寸,8吉字节内存,黑色,16*1*1,15,DU76G,亚历克斯,收货,上架
KePH27BlNa,藏青色 品牌12 270 键盘（蓝牙）,键盘,品牌12,270,蓝牙,藏青色,16*10*1,90,CS59A,约翰,收货,上架
CaTE18DoBl,黑色 品牌04 1800 文件柜（带门式）,文件柜,品牌04,1800,带门式,黑色,8*1*1,7,DF59B,约翰,收货,上架
TVEs32FHWh,白色 品牌32 32英寸 电视机（全高清）,电视机,品牌32,32英寸,全高清,白色,8*1*1,4,DP42A,迈克,收货,上架
SPRe24SoBl,黑色 品牌22 24 触控笔（可溶性）,触控笔,品牌22,24,可溶性,黑色,48*10*5,1493,AJ37B,迈克,收货,上架
CuTE18FiBe,米色 品牌04 1800 储物柜（文件收纳）,储物柜,品牌04,1800,文件收纳,米色,8*1*1,1,CV79G,亚历克斯,收货,上架
DrRG18SlBl,黑色 品牌03 1800 抽屉柜（滑动式）,抽屉柜,品牌03,1800,滑动式,黑色,8*1*1,6,AZ52E,亚历克斯,收货,上架
LaPH15i7Wh,白色 品牌12 15英寸 笔记本电脑（第7代处理器）,笔记本电脑,品牌12,15英寸,第7代处理器,白色,16*1*1,12,AM20E,简,收货,上架
TaTR15AdBl,黑色 品牌29 1500 桌子（可调节）,桌子,品牌29,1500,可调节,黑色,8*1*1,8,CF71D,劳拉,收货,上架
AlSu148GBl,黑色 品牌11 14英寸 一体机（8吉字节内存）,一体机,品牌11,14英寸,8吉字节内存,黑色,16*1*1,11,CN77E,约翰,收货,上架
CaRG12FiWh,白色 品牌03 1200 文件柜（文件收纳）,文件柜,品牌03,1200,文件收纳,白色,8*1*1,2,AH08D,大卫,收货,上架
AlSu1416Wh,白色 品牌11 14英寸 一体机（16吉字节内存）,一体机,品牌11,14英寸,16吉字节内存,白色,16*1*1,15,AW83B,亚历克斯,收货,上架
PrReA2WiWh,白色 品牌24 二号纸 打印机（无线网络）,打印机,品牌24,二号纸,无线网络,白色,16*1*1,7,AY76A,迈克,收货,上架
AlPH1532Wh,白色 品牌12 15英寸 一体机（32吉字节内存）,一体机,品牌12,15英寸,32吉字节内存,白色,16*1*1,14,DT50G,艾米,收货,上架
SPAl24SoPi,粉色 品牌20 24 触控笔（可溶性）,触控笔,品牌20,24,可溶性,粉色,48*10*5,2073,BR60E,迈克,收货,上架
AlPH14i7Bl,黑色 品牌12 14英寸 一体机（第7代处理器）,一体机,品牌12,14英寸,第7代处理器,黑色,16*1*1,10,BK27H,大卫,收货,上架
OfOGMAdGr,灰色 品牌07 中号 办公椅（可调节）,办公椅,品牌07,中号,可调节,灰色,16*1*1,6,BT08A,大卫,收货,上架
PrReA4InBl,黑色 品牌24 四号纸 打印机（喷墨）,打印机,品牌24,四号纸,喷墨,黑色,16*1*1,5,AK40A,莎拉,收货,上架
MoSu27MePi,粉色 品牌11 270 鼠标（机械式）,鼠标,品牌11,270,机械式,粉色,16*10*1,32,BU01D,劳拉,收货,上架
PrNoA4WiGr,灰色 品牌26 四号纸 打印机（无线网络）,打印机,品牌26,四号纸,无线网络,灰色,16*1*1,2,DF52G,简,收货,上架
DrTE90DoWh,白色 品牌04 900 抽屉柜（带门式）,抽屉柜,品牌04,900,带门式,白色,8*1*1,2,CV83G,亚历克斯,收货,上架
TVGn32SFSi,银色 品牌30 32英寸 电视机（超级全高清）,电视机,品牌30,32英寸,超级全高清,银色,8*1*1,4,DN68H,约翰,收货,上架
SPAl50HeWh,白色 品牌20 50 触控笔（六角形）,触控笔,品牌20,50,六角形,白色,48*10*5,572,BL23F,艾米丽,收货,上架
CaQE12SlWh,白色 品牌01 1200 文件柜（滑动式）,文件柜,品牌01,1200,滑动式,白色,8*1*1,3,AQ52E,简,收货,上架
PrSoA3AlGr,灰色 品牌25 三号纸 打印机（一体式）,打印机,品牌25,三号纸,一体式,灰色,16*1*1,14,BF12A,莎拉,收货,上架
DrQE12LoGr,灰色 品牌01 1200 抽屉柜（储物锁柜）,抽屉柜,品牌01,1200,储物锁柜,灰色,8*1*1,2,BV25A,艾米,收货,上架
MoPH35BlNa,藏青色 品牌12 350 鼠标（蓝牙）,鼠标,品牌12,350,蓝牙,藏青色,16*10*1,53,BQ04C,简,收货,上架
LaOv1432Bl,黑色 品牌13 14英寸 笔记本电脑（32吉字节内存）,笔记本电脑,品牌13,14英寸,32吉字节内存,黑色,16*1*1,15,CF67G,大卫,收货,上架
PrPHA3AlGr,灰色 品牌12 三号纸 打印机（一体式）,打印机,品牌12,三号纸,一体式,灰色,16*1*1,6,DO76E,约翰,收货,上架
NoScA3ruBl,黑色 品牌17 三号纸 笔记本（横线）,笔记本,品牌17,三号纸,横线,黑色,48*10*5,53,CO34C,莎拉,收货,上架
CaQE90FiBl,黑色 品牌01 900 文件柜（文件收纳）,文件柜,品牌01,900,文件收纳,黑色,8*1*1,5,BK72D,劳拉,收货,上架
GaXELLeBl,黑色 品牌06 大号 游戏椅（皮革）,游戏椅,品牌06,大号,皮革,黑色,16*1*1,1,AV26D,简,收货,上架
CaRG12DoBl,黑色 品牌03 1200 文件柜（带门式）,文件柜,品牌03,1200,带门式,黑色,8*1*1,1,CI12G,迈克,收货,上架
OfOGMHeBl,黑色 品牌07 中号 办公椅（头枕）,办公椅,品牌07,中号,头枕,黑色,16*1*1,5,BG78H,大卫,收货,上架
CuQE90FiBl,黑色 品牌01 900 储物柜（文件收纳）,储物柜,品牌01,900,文件收纳,黑色,8*1*1,4,CU28C,莎拉,收货,上架
TaTR15FrBl,黑色 品牌29 1500 桌子（框架式）,桌子,品牌29,1500,框架式,黑色,8*1*1,2,BN78A,亚历克斯,收货,上架
CaWE12SlBl,黑色 品牌02 1200 文件柜（滑动式）,文件柜,品牌02,1200,滑动式,黑色,8*1*1,3,CX75G,简,收货,上架
OfOGSLeGr,灰色 品牌07 小号 办公椅（皮革）,办公椅,品牌07,小号,皮革,灰色,16*1*1,16,AJ15B,迈克,收货,上架
KeSu45MeNa,藏青色 品牌11 450 键盘（机械式）,键盘,品牌11,450,机械式,藏青色,16*10*1,55,AS06G,约翰,收货,上架
AlSu1416Wh,白色 品牌11 14英寸 一体机（16吉字节内存）,一体机,品牌11,14英寸,16吉字节内存,白色,16*1*1,4,DW41B,迈克,收货,上架
NoExA4doWh,白色 品牌16 四号纸 笔记本（点阵）,笔记本,品牌16,四号纸,点阵,白色,48*10*5,943,BR64E,莎拉,收货,上架
CaTE18FiBl,黑色 品牌04 1800 文件柜（文件收纳）,文件柜,品牌04,1800,文件收纳,黑色,8*1*1,6,BO93B,迈克,收货,上架
AlOv1732Si,银色 品牌13 17英寸 一体机（32吉字节内存）,一体机,品牌13,17英寸,32吉字节内存,银色,16*1*1,13,DO85C,约翰,收货,上架
TaAE15AdSi,银色 品牌05 1500 桌子（可调节）,桌子,品牌05,1500,可调节,银色,8*1*1,2,CS31A,艾米丽,收货,上架
TVEs324KSi,银色 品牌32 32英寸 电视机（超高清）,电视机,品牌32,32英寸,超高清,银色,8*1*1,7,BV43H,艾米,收货,上架
TaTR18AuSi,银色 品牌28 1800 桌子（自动调节）,桌子,品牌28,1800,自动调节,银色,8*1*1,2,CJ25C,简,收货,上架
GaXELHeWh,白色 品牌06 大号 游戏椅（头枕）,游戏椅,品牌06,大号,头枕,白色,16*1*1,9,DN65D,艾米丽,收货,上架
TVGL654KSi,银色 品牌31 65英寸 电视机（超高清）,电视机,品牌31,65英寸,超高清,银色,8*1*1,5,DT67E,艾米,收货,上架
GaAEMAdPi,粉色 品牌05 中号 游戏椅（可调节）,游戏椅,品牌05,中号,可调节,粉色,16*1*1,2,CI79C,迈克,收货,上架
PrNoA3MoMi,混合色 品牌26 三号纸 打印机（黑白）,打印机,品牌26,三号纸,黑白,混合色,16*1*1,6,BJ76C,迈克,收货,上架
OfXELAdPi,粉色 品牌06 大号 办公椅（可调节）,办公椅,品牌06,大号,可调节,粉色,16*1*1,12,AX26G,克里斯,收货,上架
CaRG90LoBl,黑色 品牌03 900 文件柜（储物锁柜）,文件柜,品牌03,900,储物锁柜,黑色,8*1*1,4,DU46A,艾米丽,收货,上架
TVEs424KGr,灰色 品牌32 42英寸 电视机（超高清）,电视机,品牌32,42英寸,超高清,灰色,8*1*1,2,CF26A,劳拉,收货,上架
PrSoA4AlWh,白色 品牌25 四号纸 打印机（一体式）,打印机,品牌25,四号纸,一体式,白色,16*1*1,12,BI64C,劳拉,收货,上架
CaWE12DoBe,米色 品牌02 1200 文件柜（带门式）,文件柜,品牌02,1200,带门式,米色,8*1*1,4,DF57D,大卫,收货,上架
AlSu1716Si,银色 品牌11 17英寸 一体机（16吉字节内存）,一体机,品牌11,17英寸,16吉字节内存,银色,16*1*1,3,AN05F,劳拉,收货,上架
LaSu1732Si,银色 品牌11 17英寸 笔记本电脑（32吉字节内存）,笔记本电脑,品牌11,17英寸,32吉字节内存,银色,16*1*1,12,AZ31G,亚历克斯,收货,上架
CuQE18SlBe,米色 品牌01 1800 储物柜（滑动式）,储物柜,品牌01,1800,滑动式,米色,8*1*1,5,CJ86D,大卫,收货,上架
SPAl12SoWh,白色 品牌20 12 触控笔（可溶性）,触控笔,品牌20,12,可溶性,白色,48*10*5,879,BX50G,艾米,收货,上架
LaYn1532Si,银色 品牌15 15英寸 笔记本电脑（32吉字节内存）,笔记本电脑,品牌15,15英寸,32吉字节内存,银色,16*1*1,2,BP12G,大卫,收货,上架
NoGrA4liBl,黑色 品牌18 四号纸 笔记本（线条）,笔记本,品牌18,四号纸,线条,黑色,48*10*5,630,CL77H,劳拉,收货,上架
CaWE12LoWh,白色 品牌02 1200 文件柜（储物锁柜）,文件柜,品牌02,1200,储物锁柜,白色,8*1*1,6,BH39G,大卫,收货,上架
GaOGMLeBl,黑色 品牌07 中号 游戏椅（皮革）,游戏椅,品牌07,中号,皮革,黑色,16*1*1,2,BG24C,简,收货,上架
SPNa50WaGr,灰色 品牌23 50 触控笔（水彩）,触控笔,品牌23,50,水彩,灰色,48*10*5,254,BS51F,亚历克斯,收货,上架
TaTR15WoWh,白色 品牌29 1500 桌子（工作站）,桌子,品牌29,1500,工作站,白色,8*1*1,5,CM10B,亚历克斯,收货,上架
TVGL75SFGr,灰色 品牌31 75英寸 电视机（超级全高清）,电视机,品牌31,75英寸,超级全高清,灰色,8*1*1,7,AQ09B,莎拉,收货,上架
CaQE12SlGr,灰色 品牌01 1200 文件柜（滑动式）,文件柜,品牌01,1200,滑动式,灰色,8*1*1,5,DK84E,莎拉,收货,上架
MoHc35WiNa,藏青色 品牌09 350 鼠标（有线）,鼠标,品牌09,350,有线,藏青色,16*10*1,120,DU04F,艾米丽,收货,上架
NoExA5liBl,黑色 品牌16 五号纸 笔记本（线条）,笔记本,品牌16,五号纸,线条,黑色,48*10*5,2007,BP96C,莎拉,收货,上架
DrQE12LoBe,米色 品牌01 1200 抽屉柜（储物锁柜）,抽屉柜,品牌01,1200,储物锁柜,米色,8*1*1,3,CV50E,艾米丽,收货,上架
OfAELAdGr,灰色 品牌05 大号 办公椅（可调节）,办公椅,品牌05,大号,可调节,灰色,16*1*1,4,AI67A,大卫,收货,上架
PeAl24SoGr,灰色 品牌20 24 铅笔（可溶性）,铅笔,品牌20,24,可溶性,灰色,48*10*5,2009,BG74G,莎拉,收货,上架
LaOv14i7Wh,白色 品牌13 14英寸 笔记本电脑（第7代处理器）,笔记本电脑,品牌13,14英寸,第7代处理器,白色,16*1*1,5,DL19F,简,收货,上架
AlYn178GWh,白色 品牌15 17英寸 一体机（8吉字节内存）,一体机,品牌15,17英寸,8吉字节内存,白色,16*1*1,12,AH68G,亚历克斯,收货,上架
OfOGLErBl,黑色 品牌07 大号 办公椅（人体工学）,办公椅,品牌07,大号,人体工学,黑色,16*1*1,9,DQ18D,克里斯,收货,上架
TVYn75SFSi,银色 品牌15 75英寸 电视机（超级全高清）,电视机,品牌15,75英寸,超级全高清,银色,8*1*1,8,DY18H,约翰,收货,上架
DrTE12SlGr,灰色 品牌04 1200 抽屉柜（滑动式）,抽屉柜,品牌04,1200,滑动式,灰色,8*1*1,1,AT51D,劳拉,收货,上架
CuQE90FiWh,白色 品牌01 900 储物柜（文件收纳）,储物柜,品牌01,900,文件收纳,白色,8*1*1,2,BX35B,亚历克斯,收货,上架
NoGrA4doBl,黑色 品牌18 四号纸 笔记本（点阵）,笔记本,品牌18,四号纸,点阵,黑色,48*10*5,1432,CY71G,大卫,收货,上架
SPNa12SoBl,黑色 品牌23 12 触控笔（可溶性）,触控笔,品牌23,12,可溶性,黑色,48*10*5,57,AS24H,迈克,收货,上架
CuRG18FiBl,黑色 品牌03 1800 储物柜（文件收纳）,储物柜,品牌03,1800,文件收纳,黑色,8*1*1,1,DY40G,约翰,收货,上架
TVGL32S4Gr,灰色 品牌31 32英寸 电视机（超级超高清）,电视机,品牌31,32英寸,超级超高清,灰色,8*1*1,4,AZ08H,莎拉,收货,上架
PrNoA4MoWh,白色 品牌26 四号纸 打印机（黑白）,打印机,品牌26,四号纸,黑白,白色,16*1*1,3,CH65F,简,收货,上架
PeRe24WaGr,灰色 品牌22 24 铅笔（水彩）,铅笔,品牌22,24,水彩,灰色,48*10*5,106,CX15D,亚历克斯,收货,上架
TaTR18WoBl,黑色 品牌28 1800 桌子（工作站）,桌子,品牌28,1800,工作站,黑色,8*1*1,7,AX04A,艾米,收货,上架
PrReA4MoBl,黑色 品牌24 四号纸 打印机（黑白）,打印机,品牌24,四号纸,黑白,黑色,16*1*1,15,AP97D,约翰,收货,上架
TVGn50S4Gr,灰色 品牌30 50英寸 电视机（超级超高清）,电视机,品牌30,50英寸,超级超高清,灰色,8*1*1,8,DZ88C,大卫,收货,上架
TaCI18FrBl,黑色 品牌27 1800 桌子（框架式）,桌子,品牌27,1800,框架式,黑色,8*1*1,6,BL65C,迈克,收货,上架
PrNoA4MoWh,白色 品牌26 四号纸 打印机（黑白）,打印机,品牌26,四号纸,黑白,白色,16*1*1,8,DZ35E,迈克,收货,上架
GaSESHeGr,灰色 品牌08 小号 游戏椅（头枕）,游戏椅,品牌08,小号,头枕,灰色,16*1*1,6,DQ87H,约翰,收货,上架
PeGi24SoBl,黑色 品牌21 24 铅笔（可溶性）,铅笔,品牌21,24,可溶性,黑色,48*10*5,17,CR28E,约翰,收货,上架
GaXELLeGr,灰色 品牌06 大号 游戏椅（皮革）,游戏椅,品牌06,大号,皮革,灰色,16*1*1,1,BF32E,莎拉,收货,上架
DrRG18FiGr,灰色 品牌03 1800 抽屉柜（文件收纳）,抽屉柜,品牌03,1800,文件收纳,灰色,8*1*1,1,DM38C,克里斯,收货,上架
OfXEMHeWh,白色 品牌06 中号 办公椅（头枕）,办公椅,品牌06,中号,头枕,白色,16*1*1,10,BU40D,约翰,收货,上架
TaTR10AdWh,白色 品牌29 1000 桌子（可调节）,桌子,品牌29,1000,可调节,白色,8*1*1,5,AL55H,约翰,收货,上架
TVGL65FHSi,银色 品牌31 65英寸 电视机（全高清）,电视机,品牌31,65英寸,全高清,银色,8*1*1,3,DG27C,艾米丽,收货,上架
GaXEMAdBl,黑色 品牌06 中号 游戏椅（可调节）,游戏椅,品牌06,中号,可调节,黑色,16*1*1,4,BV98F,艾米,收货,上架
KeRe27WiPi,粉色 品牌10 270 键盘（有线）,键盘,品牌10,270,有线,粉色,16*10*1,60,BN60E,简,收货,上架
TaAE15AuWh,白色 品牌05 1500 桌子（自动调节）,桌子,品牌05,1500,自动调节,白色,8*1*1,6,DN36D,劳拉,收货,上架
SPRe50SoBl,黑色 品牌22 50 触控笔（可溶性）,触控笔,品牌22,50,可溶性,黑色,48*10*5,1131,CO46C,艾米丽,收货,上架
DrWE90DoGr,灰色 品牌02 900 抽屉柜（带门式）,抽屉柜,品牌02,900,带门式,灰色,8*1*1,4,CP62F,劳拉,收货,上架
PeNa50HePi,粉色 品牌23 50 铅笔（六角形）,铅笔,品牌23,50,六角形,粉色,48*10*5,866,AJ47G,迈克,收货,上架
PeGi12SoBl,黑色 品牌21 12 铅笔（可溶性）,铅笔,品牌21,12,可溶性,黑色,48*10*5,2137,DS83E,劳拉,收货,上架
PrNoA2MoMi,混合色 品牌26 二号纸 打印机（黑白）,打印机,品牌26,二号纸,黑白,混合色,16*1*1,14,BZ08F,艾米,收货,上架
SPGi12WaBl,黑色 品牌21 12 触控笔（水彩）,触控笔,品牌21,12,水彩,黑色,48*10*5,1709,BP93F,迈克,收货,上架
KeRe35WiNa,藏青色 品牌10 350 键盘（有线）,键盘,品牌10,350,有线,藏青色,16*10*1,121,BO28F,克里斯,收货,上架
DrRG12FiWh,白色 品牌03 1200 抽屉柜（文件收纳）,抽屉柜,品牌03,1200,文件收纳,白色,8*1*1,2,CH26H,约翰,收货,上架
MoHc35ErBl,黑色 品牌09 350 鼠标（人体工学）,鼠标,品牌09,350,人体工学,黑色,16*10*1,5,DG47F,艾米丽,收货,上架
SPNa12WaGr,灰色 品牌23 12 触控笔（水彩）,触控笔,品牌23,12,水彩,灰色,48*10*5,25,CI05F,迈克,收货,上架
OfAEMHeWh,白色 品牌05 中号 办公椅（头枕）,办公椅,品牌05,中号,头枕,白色,16*1*1,14,BN40D,艾米丽,收货,上架
GaSELHeWh,白色 品牌08 大号 游戏椅（头枕）,游戏椅,品牌08,大号,头枕,白色,16*1*1,11,DR33E,迈克,收货,上架
TVYn754KSi,银色 品牌15 75英寸 电视机（超高清）,电视机,品牌15,75英寸,超高清,银色,8*1*1,1,CO10C,克里斯,收货,上架
CaTE18SlWh,白色 品牌04 1800 文件柜（滑动式）,文件柜,品牌04,1800,滑动式,白色,8*1*1,7,AY55E,亚历克斯,收货,上架
CaQE90FiWh,白色 品牌01 900 文件柜（文件收纳）,文件柜,品牌01,900,文件收纳,白色,8*1*1,6,CZ10C,艾米丽,收货,上架
LaYn14i5Gr,灰色 品牌15 14英寸 笔记本电脑（第5代处理器）,笔记本电脑,品牌15,14英寸,第5代处理器,灰色,16*1*1,9,AU58H,亚历克斯,收货,上架
NoExA5liBl,黑色 品牌16 五号纸 笔记本（线条）,笔记本,品牌16,五号纸,线条,黑色,48*10*5,1532,BN67C,约翰,收货,上架
CaTE90FiGr,灰色 品牌04 900 文件柜（文件收纳）,文件柜,品牌04,900,文件收纳,灰色,8*1*1,2,AO51F,艾米丽,收货,上架
TVEs50SFGr,灰色 品牌32 50英寸 电视机（超级全高清）,电视机,品牌32,50英寸,超级全高清,灰色,8*1*1,4,CF86C,约翰,收货,上架
KeHc27MeNa,藏青色 品牌09 270 键盘（机械式）,键盘,品牌09,270,机械式,藏青色,16*10*1,115,AO94B,大卫,收货,上架
OfSEMAdWh,白色 品牌08 中号 办公椅（可调节）,办公椅,品牌08,中号,可调节,白色,16*1*1,14,BP28C,艾米丽,收货,上架
CuQE12SlWh,白色 品牌01 1200 储物柜（滑动式）,储物柜,品牌01,1200,滑动式,白色,8*1*1,8,AS96D,迈克,收货,上架
CuQE18DoWh,白色 品牌01 1800 储物柜（带门式）,储物柜,品牌01,1800,带门式,白色,8*1*1,2,CM12D,迈克,收货,上架
CuQE12LoBe,米色 品牌01 1200 储物柜（储物锁柜）,储物柜,品牌01,1200,储物锁柜,米色,8*1*1,5,CV60E,亚历克斯,收货,上架
KeSu35ErWh,白色 品牌11 350 键盘（人体工学）,键盘,品牌11,350,人体工学,白色,16*10*1,147,CJ83H,迈克,收货,上架
GaAELErPi,粉色 品牌05 大号 游戏椅（人体工学）,游戏椅,品牌05,大号,人体工学,粉色,16*1*1,15,CW62C,简,收货,上架
AlOv1516Gr,灰色 品牌13 15英寸 一体机（16吉字节内存）,一体机,品牌13,15英寸,16吉字节内存,灰色,16*1*1,15,CG30E,迈克,收货,上架
KePH27MeWh,白色 品牌12 270 键盘（机械式）,键盘,品牌12,270,机械式,白色,16*10*1,46,BV55F,艾米丽,收货,上架
NoExA5liSi,银色 品牌16 五号纸 笔记本（线条）,笔记本,品牌16,五号纸,线条,银色,48*10*5,2322,CU49H,莎拉,收货,上架
MoPH27BlWh,白色 品牌12 270 鼠标（蓝牙）,鼠标,品牌12,270,蓝牙,白色,16*10*1,113,BF84B,劳拉,收货,上架
CaWE12FiBl,黑色 品牌02 1200 文件柜（文件收纳）,文件柜,品牌02,1200,文件收纳,黑色,8*1*1,2,DI05C,克里斯,收货,上架
GaOGLHeBl,黑色 品牌07 大号 游戏椅（头枕）,游戏椅,品牌07,大号,头枕,黑色,16*1*1,7,AL67G,克里斯,收货,上架
MoPH45ErNa,藏青色 品牌12 450 鼠标（人体工学）,鼠标,品牌12,450,人体工学,藏青色,16*10*1,99,CX77G,劳拉,收货,上架
MoPH35BlPi,粉色 品牌12 350 鼠标（蓝牙）,鼠标,品牌12,350,蓝牙,粉色,16*10*1,14,AN87D,劳拉,收货,上架
NoMuA5ruBl,黑色 品牌19 五号纸 笔记本（横线）,笔记本,品牌19,五号纸,横线,黑色,48*10*5,105,CL98C,迈克,收货,上架
CuTE12SlBl,黑色 品牌04 1200 储物柜（滑动式）,储物柜,品牌04,1200,滑动式,黑色,8*1*1,2,AR64B,大卫,收货,上架
PrNoA4WiGr,灰色 品牌26 四号纸 打印机（无线网络）,打印机,品牌26,四号纸,无线网络,灰色,16*1*1,13,DY88A,亚历克斯,收货,上架
LaYn1732Wh,白色 品牌15 17英寸 笔记本电脑（32吉字节内存）,笔记本电脑,品牌15,17英寸,32吉字节内存,白色,16*1*1,1,CT46D,克里斯,收货,上架
LaPH1716Bl,黑色 品牌12 17英寸 笔记本电脑（16吉字节内存）,笔记本电脑,品牌12,17英寸,16吉字节内存,黑色,16*1*1,13,AG02A,简,收货,上架
KeHc35BlBl,黑色 品牌09 350 键盘（蓝牙）,键盘,品牌09,350,蓝牙,黑色,16*10*1,132,AO90H,克里斯,收货,上架
LaOv14i7Gr,灰色 品牌13 14英寸 笔记本电脑（第7代处理器）,笔记本电脑,品牌13,14英寸,第7代处理器,灰色,16*1*1,15,CO73D,艾米丽,收货,上架
AlYn178GBl,黑色 品牌15 17英寸 一体机（8吉字节内存）,一体机,品牌15,17英寸,8吉字节内存,黑色,16*1*1,8,CR46F,简,收货,上架
LaSu1432Si,银色 品牌11 14英寸 笔记本电脑（32吉字节内存）,笔记本电脑,品牌11,14英寸,32吉字节内存,银色,16*1*1,12,AR76H,迈克,收货,上架
GaSELErPi,粉色 品牌08 大号 游戏椅（人体工学）,游戏椅,品牌08,大号,人体工学,粉色,16*1*1,9,DV52A,亚历克斯,收货,上架
AlSu1532Si,银色 品牌11 15英寸 一体机（32吉字节内存）,一体机,品牌11,15英寸,32吉字节内存,银色,16*1*1,9,AH83H,大卫,收货,上架
GaSELAdBl,黑色 品牌08 大号 游戏椅（可调节）,游戏椅,品牌08,大号,可调节,黑色,16*1*1,3,DH81D,亚历克斯,收货,上架
CaRG18DoWh,白色 品牌03 1800 文件柜（带门式）,文件柜,品牌03,1800,带门式,白色,8*1*1,5,DT82D,迈克,收货,上架
LaYn15i5Si,银色 品牌15 15英寸 笔记本电脑（第5代处理器）,笔记本电脑,品牌15,15英寸,第5代处理器,银色,16*1*1,14,AF29C,克里斯,收货,上架
LaOv14i5Wh,白色 品牌13 14英寸 笔记本电脑（第5代处理器）,笔记本电脑,品牌13,14英寸,第5代处理器,白色,16*1*1,3,CO05E,劳拉,收货,上架
PrReA3LaMi,混合色 品牌24 三号纸 打印机（激光）,打印机,品牌24,三号纸,激光,混合色,16*1*1,4,AM22A,克里斯,收货,上架
CuRG90DoGr,灰色 品牌03 900 储物柜（带门式）,储物柜,品牌03,900,带门式,灰色,8*1*1,3,BV32H,艾米丽,收货,上架
TaTR15AdBl,黑色 品牌28 1500 桌子（可调节）,桌子,品牌28,1500,可调节,黑色,8*1*1,8,AL86G,克里斯,收货,上架
LaRe1516Wh,白色 品牌14 15英寸 笔记本电脑（16吉字节内存）,笔记本电脑,品牌14,15英寸,16吉字节内存,白色,16*1*1,6,CN27A,莎拉,收货,上架
NoScA3liSi,银色 品牌17 三号纸 笔记本（线条）,笔记本,品牌17,三号纸,线条,银色,48*10*5,2296,CW17E,克里斯,收货,上架
KeHc27MeWh,白色 品牌09 270 键盘（机械式）,键盘,品牌09,270,机械式,白色,16*10*1,76,DY62H,亚历克斯,收货,上架
GaSEMHeGr,灰色 品牌08 中号 游戏椅（头枕）,游戏椅,品牌08,中号,头枕,灰色,16*1*1,9,CH73F,艾米丽,收货,上架
TVEs50FHGr,灰色 品牌32 50英寸 电视机（全高清）,电视机,品牌32,50英寸,全高清,灰色,8*1*1,3,CS88C,劳拉,收货,上架
TVGL65S4Wh,白色 品牌31 65英寸 电视机（超级超高清）,电视机,品牌31,65英寸,超级超高清,白色,8*1*1,5,AG51F,艾米丽,收货,上架
DrWE90LoGr,灰色 品牌02 900 抽屉柜（储物锁柜）,抽屉柜,品牌02,900,储物锁柜,灰色,8*1*1,5,CJ46C,艾米丽,收货,上架
TVGn65FHWh,白色 品牌30 65英寸 电视机（全高清）,电视机,品牌30,65英寸,全高清,白色,8*1*1,2,BW65F,艾米丽,收货,上架
LaYn1532Bl,黑色 品牌15 15英寸 笔记本电脑（32吉字节内存）,笔记本电脑,品牌15,15英寸,32吉字节内存,黑色,16*1*1,4,CU73D,艾米丽,收货,上架
TaTR10WoGr,灰色 品牌29 1000 桌子（工作站）,桌子,品牌29,1000,工作站,灰色,8*1*1,1,BZ31G,迈克,收货,上架
SPRe24WaPi,粉色 品牌22 24 触控笔（水彩）,触控笔,品牌22,24,水彩,粉色,48*10*5,2028,DL31C,亚历克斯,收货,上架
PrSoA4WiGr,灰色 品牌25 四号纸 打印机（无线网络）,打印机,品牌25,四号纸,无线网络,灰色,16*1*1,16,AK47G,莎拉,收货,上架
TVGL324KGr,灰色 品牌31 32英寸 电视机（超高清）,电视机,品牌31,32英寸,超高清,灰色,8*1*1,7,DU98D,莎拉,收货,上架
TVYn75SFSi,银色 品牌15 75英寸 电视机（超级全高清）,电视机,品牌15,75英寸,超级全高清,银色,8*1*1,1,DV63A,艾米丽,收货,上架
SPAl24SoWh,白色 品牌20 24 触控笔（可溶性）,触控笔,品牌20,24,可溶性,白色,48*10*5,205,DR89A,迈克,收货,上架
MoPH45MeBl,黑色 品牌12 450 鼠标（机械式）,鼠标,品牌12,450,机械式,黑色,16*10*1,76,AR06A,莎拉,收货,上架
TVEs42FHSi,银色 品牌32 42英寸 电视机（全高清）,电视机,品牌32,42英寸,全高清,银色,8*1*1,3,DG39F,艾米,收货,上架
TVYn32SFBl,黑色 品牌15 32英寸 电视机（超级全高清）,电视机,品牌15,32英寸,超级全高清,黑色,8*1*1,3,AO74D,劳拉,收货,上架
DrTE12LoGr,灰色 品牌04 1200 抽屉柜（储物锁柜）,抽屉柜,品牌04,1200,储物锁柜,灰色,8*1*1,4,AP62B,艾米,收货,上架
AlOv14i5Wh,白色 品牌13 14英寸 一体机（第5代处理器）,一体机,品牌13,14英寸,第5代处理器,白色,16*1*1,13,CG58G,迈克,收货,上架
AlPH158GBl,黑色 品牌12 15英寸 一体机（8吉字节内存）,一体机,品牌12,15英寸,8吉字节内存,黑色,16*1*1,6,DN15E,大卫,收货,上架
CaRG12SlBe,米色 品牌03 1200 文件柜（滑动式）,文件柜,品牌03,1200,滑动式,米色,8*1*1,2,BS86D,劳拉,收货,上架
AlYn1416Wh,白色 品牌15 14英寸 一体机（16吉字节内存）,一体机,品牌15,14英寸,16吉字节内存,白色,16*1*1,5,DP07D,迈克,收货,上架
CuTE12LoBl,黑色 品牌04 1200 储物柜（储物锁柜）,储物柜,品牌04,1200,储物锁柜,黑色,8*1*1,5,BF62D,克里斯,收货,上架
KeSu35ErBl,黑色 品牌11 350 键盘（人体工学）,键盘,品牌11,350,人体工学,黑色,16*10*1,84,AS14H,劳拉,收货,上架
GaSESHePi,粉色 品牌08 小号 游戏椅（头枕）,游戏椅,品牌08,小号,头枕,粉色,16*1*1,5,AX47C,约翰,收货,上架
TVYn754KGr,灰色 品牌15 75英寸 电视机（超高清）,电视机,品牌15,75英寸,超高清,灰色,8*1*1,4,BS59D,大卫,收货,上架
SPGi12SoWh,白色 品牌21 12 触控笔（可溶性）,触控笔,品牌21,12,可溶性,白色,48*10*5,1961,DN87E,大卫,收货,上架
CaWE18LoWh,白色 品牌02 1800 文件柜（储物锁柜）,文件柜,品牌02,1800,储物锁柜,白色,8*1*1,5,BN28H,亚历克斯,收货,上架
MoHc45WiBl,黑色 品牌09 450 鼠标（有线）,鼠标,品牌09,450,有线,黑色,16*10*1,2,CW31B,莎拉,收货,上架
PrSoA2WiBl,黑色 品牌25 二号纸 打印机（无线网络）,打印机,品牌25,二号纸,无线网络,黑色,16*1*1,3,DQ34E,简,收货,上架
LaOv15i5Wh,白色 品牌13 15英寸 笔记本电脑（第5代处理器）,笔记本电脑,品牌13,15英寸,第5代处理器,白色,16*1*1,16,DU21H,劳拉,收货,上架
NoScA5liSi,银色 品牌17 五号纸 笔记本（线条）,笔记本,品牌17,五号纸,线条,银色,48*10*5,1231,CX44G,迈克,收货,上架
KePH35MeBl,黑色 品牌12 350 键盘（机械式）,键盘,品牌12,350,机械式,黑色,16*10*1,130,CR07C,克里斯,收货,上架
TaAE15AdSi,银色 品牌05 1500 桌子（可调节）,桌子,品牌05,1500,可调节,银色,8*1*1,3,BT73D,艾米丽,收货,上架
TaTR15AuGr,灰色 品牌29 1500 桌子（自动调节）,桌子,品牌29,1500,自动调节,灰色,8*1*1,5,DI79D,约翰,收货,上架
TVEs32SFSi,银色 品牌32 32英寸 电视机（超级全高清）,电视机,品牌32,32英寸,超级全高清,银色,8*1*1,1,BM18C,迈克,收货,上架
NoMuA5liSi,银色 品牌19 五号纸 笔记本（线条）,笔记本,品牌19,五号纸,线条,银色,48*10*5,2222,BU47D,劳拉,收货,上架
TaTR10AuBl,黑色 品牌28 1000 桌子（自动调节）,桌子,品牌28,1000,自动调节,黑色,8*1*1,4,BX48A,大卫,收货,上架
DrWE12LoGr,灰色 品牌02 1200 抽屉柜（储物锁柜）,抽屉柜,品牌02,1200,储物锁柜,灰色,8*1*1,7,BQ30F,简,收货,上架
MoRe35MeWh,白色 品牌10 350 鼠标（机械式）,鼠标,品牌10,350,机械式,白色,16*10*1,22,DR39E,艾米丽,收货,上架
TVYn42FHBl,黑色 品牌15 42英寸 电视机（全高清）,电视机,品牌15,42英寸,全高清,黑色,8*1*1,4,DG03F,迈克,收货,上架
KeHc27WiPi,粉色 品牌09 270 键盘（有线）,键盘,品牌09,270,有线,粉色,16*10*1,95,AX26B,莎拉,收货,上架
TVGn754KSi,银色 品牌30 75英寸 电视机（超高清）,电视机,品牌30,75英寸,超高清,银色,8*1*1,8,DN74D,劳拉,收货,上架
CaQE90DoGr,灰色 品牌01 900 文件柜（带门式）,文件柜,品牌01,900,带门式,灰色,8*1*1,8,CW07F,亚历克斯,收货,上架
CuQE90FiBe,米色 品牌01 900 储物柜（文件收纳）,储物柜,品牌01,900,文件收纳,米色,8*1*1,8,BS44C,劳拉,收货,上架
GaXEMLeWh,白色 品牌06 中号 游戏椅（皮革）,游戏椅,品牌06,中号,皮革,白色,16*1*1,15,AL77A,莎拉,收货,上架
MoPH35ErNa,藏青色 品牌12 350 鼠标（人体工学）,鼠标,品牌12,350,人体工学,藏青色,16*10*1,26,DM74D,艾米丽,收货,上架
PrNoA4AlBl,黑色 品牌26 四号纸 打印机（一体式）,打印机,品牌26,四号纸,一体式,黑色,16*1*1,6,BM22B,艾米,收货,上架
MoSu35ErWh,白色 品牌11 350 鼠标（人体工学）,鼠标,品牌11,350,人体工学,白色,16*10*1,46,BH28B,劳拉,收货,上架
PeRe12HeGr,灰色 品牌22 12 铅笔（六角形）,铅笔,品牌22,12,六角形,灰色,48*10*5,868,CL18D,简,收货,上架
CuQE12SlBl,黑色 品牌01 1200 储物柜（滑动式）,储物柜,品牌01,1200,滑动式,黑色,8*1*1,8,BQ75F,艾米丽,收货,上架
KeHc27ErPi,粉色 品牌09 270 键盘（人体工学）,键盘,品牌09,270,人体工学,粉色,16*10*1,119,BQ23B,艾米,收货,上架
TVYn50FHSi,银色 品牌15 50英寸 电视机（全高清）,电视机,品牌15,50英寸,全高清,银色,8*1*1,6,AG01B,约翰,收货,上架
CuRG12SlGr,灰色 品牌03 1200 储物柜（滑动式）,储物柜,品牌03,1200,滑动式,灰色,8*1*1,7,AH85C,艾米丽,收货,上架
CuTE18DoBe,米色 品牌04 1800 储物柜（带门式）,储物柜,品牌04,1800,带门式,米色,8*1*1,6,AZ35F,莎拉,收货,上架
DrQE12DoBl,黑色 品牌01 1200 抽屉柜（带门式）,抽屉柜,品牌01,1200,带门式,黑色,8*1*1,1,CV07E,克里斯,收货,上架
GaAEMLeWh,白色 品牌05 中号 游戏椅（皮革）,游戏椅,品牌05,中号,皮革,白色,16*1*1,7,AW79G,约翰,收货,上架
OfAESHeGr,灰色 品牌05 小号 办公椅（头枕）,办公椅,品牌05,小号,头枕,灰色,16*1*1,5,CG55G,大卫,收货,上架
OfSELHeGr,灰色 品牌08 大号 办公椅（头枕）,办公椅,品牌08,大号,头枕,灰色,16*1*1,9,BK03C,亚历克斯,收货,上架
CaQE90SlGr,灰色 品牌01 900 文件柜（滑动式）,文件柜,品牌01,900,滑动式,灰色,8*1*1,2,AZ90C,劳拉,收货,上架
CaTE90SlGr,灰色 品牌04 900 文件柜（滑动式）,文件柜,品牌04,900,滑动式,灰色,8*1*1,5,AJ80A,莎拉,收货,上架
PrSoA2InWh,白色 品牌25 二号纸 打印机（喷墨）,打印机,品牌25,二号纸,喷墨,白色,16*1*1,5,CY53B,简,收货,上架
CuTE12FiWh,白色 品牌04 1200 储物柜（文件收纳）,储物柜,品牌04,1200,文件收纳,白色,8*1*1,2,CW68F,约翰,收货,上架
LaYn148GWh,白色 品牌15 14英寸 笔记本电脑（8吉字节内存）,笔记本电脑,品牌15,14英寸,8吉字节内存,白色,16*1*1,11,AL95B,迈克,收货,上架
GaAEMHeGr,灰色 品牌05 中号 游戏椅（头枕）,游戏椅,品牌05,中号,头枕,灰色,16*1*1,15,CZ35E,简,收货,上架
MoRe27BlPi,粉色 品牌10 270 鼠标（蓝牙）,鼠标,品牌10,270,蓝牙,粉色,16*10*1,46,AT90H,亚历克斯,收货,上架
MoRe45BlNa,藏青色 品牌10 450 鼠标（蓝牙）,鼠标,品牌10,450,蓝牙,藏青色,16*10*1,96,BZ16C,劳拉,收货,上架
AlRe1532Si,银色 品牌14 15英寸 一体机（32吉字节内存）,一体机,品牌14,15英寸,32吉字节内存,银色,16*1*1,10,DZ06D,克里斯,收货,上架
AlPH1532Wh,白色 品牌12 15英寸 一体机（32吉字节内存）,一体机,品牌12,15英寸,32吉字节内存,白色,16*1*1,15,CX86E,艾米,收货,上架
CaRG18DoWh,白色 品牌03 1800 文件柜（带门式）,文件柜,品牌03,1800,带门式,白色,8*1*1,5,BT66D,约翰,收货,上架
GaSELHeGr,灰色 品牌08 大号 游戏椅（头枕）,游戏椅,品牌08,大号,头枕,灰色,16*1*1,7,AV17G,迈克,收货,上架
TaAE15WoWh,白色 品牌05 1500 桌子（工作站）,桌子,品牌05,1500,工作站,白色,8*1*1,2,AF07H,莎拉,收货,上架
MoHc45WiPi,粉色 品牌09 450 鼠标（有线）,鼠标,品牌09,450,有线,粉色,16*10*1,37,AL26F,劳拉,收货,上架
CuTE12DoGr,灰色 品牌04 1200 储物柜（带门式）,储物柜,品牌04,1200,带门式,灰色,8*1*1,4,BR14E,艾米,收货,上架
CaRG12SlWh,白色 品牌03 1200 文件柜（滑动式）,文件柜,品牌03,1200,滑动式,白色,8*1*1,5,CV61C,克里斯,收货,上架
TVYn324KWh,白色 品牌15 32英寸 电视机（超高清）,电视机,品牌15,32英寸,超高清,白色,8*1*1,8,BT27D,大卫,收货,上架
CaQE90LoGr,灰色 品牌01 900 文件柜（储物锁柜）,文件柜,品牌01,900,储物锁柜,灰色,8*1*1,7,DN15H,大卫,收货,上架
AlPH14i7Bl,黑色 品牌12 14英寸 一体机（第7代处理器）,一体机,品牌12,14英寸,第7代处理器,黑色,16*1*1,14,BP94F,约翰,收货,上架
LaYn15i5Si,银色 品牌15 15英寸 笔记本电脑（第5代处理器）,笔记本电脑,品牌15,15英寸,第5代处理器,银色,16*1*1,16,BZ39B,艾米,收货,上架
TaAE15AuWh,白色 品牌05 1500 桌子（自动调节）,桌子,品牌05,1500,自动调节,白色,8*1*1,1,AR95H,劳拉,收货,上架
KeHc35MeBl,黑色 品牌09 350 键盘（机械式）,键盘,品牌09,350,机械式,黑色,16*10*1,20,DW49D,艾米,收货,上架
AlOv17i7Gr,灰色 品牌13 17英寸 一体机（第7代处理器）,一体机,品牌13,17英寸,第7代处理器,灰色,16*1*1,13,BG02G,亚历克斯,收货,上架
KeSu35MeWh,白色 品牌11 350 键盘（机械式）,键盘,品牌11,350,机械式,白色,16*10*1,15,DP53G,劳拉,收货,上架
CuRG18LoBe,米色 品牌03 1800 储物柜（储物锁柜）,储物柜,品牌03,1800,储物锁柜,米色,8*1*1,3,DY37A,克里斯,收货,上架
CuTE90SlBl,黑色 品牌04 900 储物柜（滑动式）,储物柜,品牌04,900,滑动式,黑色,8*1*1,5,DP90B,艾米丽,收货,上架
TVGL65SFBl,黑色 品牌31 65英寸 电视机（超级全高清）,电视机,品牌31,65英寸,超级全高清,黑色,8*1*1,3,AU33F,劳拉,收货,上架
SPRe24WaWh,白色 品牌22 24 触控笔（水彩）,触控笔,品牌22,24,水彩,白色,48*10*5,1646,BJ06A,克里斯,收货,上架
TVYn32SFSi,银色 品牌15 32英寸 电视机（超级全高清）,电视机,品牌15,32英寸,超级全高清,银色,8*1*1,1,AM16F,简,收货,上架
DrQE18LoGr,灰色 品牌01 1800 抽屉柜（储物锁柜）,抽屉柜,品牌01,1800,储物锁柜,灰色,8*1*1,8,BY40B,艾米丽,收货,上架
AlPH15i7Bl,黑色 品牌12 15英寸 一体机（第7代处理器）,一体机,品牌12,15英寸,第7代处理器,黑色,16*1*1,4,DZ71D,亚历克斯,收货,上架
AlPH15i7Si,银色 品牌12 15英寸 一体机（第7代处理器）,一体机,品牌12,15英寸,第7代处理器,银色,16*1*1,6,AH29F,迈克,收货,上架
AlRe1716Bl,黑色 品牌14 17英寸 一体机（16吉字节内存）,一体机,品牌14,17英寸,16吉字节内存,黑色,16*1*1,7,BX28C,迈克,收货,上架
AlYn17i5Bl,黑色 品牌15 17英寸 一体机（第5代处理器）,一体机,品牌15,17英寸,第5代处理器,黑色,16*1*1,6,CY53A,约翰,收货,上架
KeSu35BlPi,粉色 品牌11 350 键盘（蓝牙）,键盘,品牌11,350,蓝牙,粉色,16*10*1,55,BS97C,艾米,收货,上架
LaPH1532Wh,白色 品牌12 15英寸 笔记本电脑（32吉字节内存）,笔记本电脑,品牌12,15英寸,32吉字节内存,白色,16*1*1,15,CL07C,莎拉,收货,上架
DrTE18DoGr,灰色 品牌04 1800 抽屉柜（带门式）,抽屉柜,品牌04,1800,带门式,灰色,8*1*1,3,BO22E,艾米,收货,上架
MoPH45ErPi,粉色 品牌12 450 鼠标（人体工学）,鼠标,品牌12,450,人体工学,粉色,16*10*1,49,DK02G,迈克,收货,上架
SPGi12HeBl,黑色 品牌21 12 触控笔（六角形）,触控笔,品牌21,12,六角形,黑色,48*10*5,896,DT90A,艾米,收货,上架
CuWE12DoGr,灰色 品牌02 1200 储物柜（带门式）,储物柜,品牌02,1200,带门式,灰色,8*1*1,2,BF12G,莎拉,收货,上架
TVGn65S4Si,银色 品牌30 65英寸 电视机（超级超高清）,电视机,品牌30,65英寸,超级超高清,银色,8*1*1,6,DF98D,莎拉,收货,上架
LaOv14i7Wh,白色 品牌13 14英寸 笔记本电脑（第7代处理器）,笔记本电脑,品牌13,14英寸,第7代处理器,白色,16*1*1,13,CQ07E,莎拉,收货,上架
PeGi50WaBl,黑色 品牌21 50 铅笔（水彩）,铅笔,品牌21,50,水彩,黑色,48*10*5,827,DT18B,莎拉,收货,上架
PrNoA4LaWh,白色 品牌26 四号纸 打印机（激光）,打印机,品牌26,四号纸,激光,白色,16*1*1,3,BQ53E,亚历克斯,收货,上架
CaTE90SlWh,白色 品牌04 900 文件柜（滑动式）,文件柜,品牌04,900,滑动式,白色,8*1*1,8,BZ81B,大卫,收货,上架
CuQE18SlGr,灰色 品牌01 1800 储物柜（滑动式）,储物柜,品牌01,1800,滑动式,灰色,8*1*1,1,CL44G,莎拉,收货,上架
TaCI15AuSi,银色 品牌27 1500 桌子（自动调节）,桌子,品牌27,1500,自动调节,银色,8*1*1,7,AZ90E,莎拉,收货,上架
TaAE18WoSi,银色 品牌05 1800 桌子（工作站）,桌子,品牌05,1800,工作站,银色,8*1*1,8,CL82E,艾米,收货,上架
AlRe158GWh,白色 品牌14 15英寸 一体机（8吉字节内存）,一体机,品牌14,15英寸,8吉字节内存,白色,16*1*1,12,CS11C,克里斯,收货,上架
LaPH1516Bl,黑色 品牌12 15英寸 笔记本电脑（16吉字节内存）,笔记本电脑,品牌12,15英寸,16吉字节内存,黑色,16*1*1,13,DY35H,艾米,收货,上架
CuRG90LoBl,黑色 品牌03 900 储物柜（储物锁柜）,储物柜,品牌03,900,储物锁柜,黑色,8*1*1,5,DV68H,亚历克斯,收货,上架
OfAEMHeWh,白色 品牌05 中号 办公椅（头枕）,办公椅,品牌05,中号,头枕,白色,16*1*1,11,CR12F,克里斯,收货,上架
LaOv14i5Gr,灰色 品牌13 14英寸 笔记本电脑（第5代处理器）,笔记本电脑,品牌13,14英寸,第5代处理器,灰色,16*1*1,15,BT05E,劳拉,收货,上架
PrSoA3MoWh,白色 品牌25 三号纸 打印机（黑白）,打印机,品牌25,三号纸,黑白,白色,16*1*1,10,BJ43G,艾米丽,收货,上架
KeSu35BlPi,粉色 品牌11 350 键盘（蓝牙）,键盘,品牌11,350,蓝牙,粉色,16*10*1,110,AO40E,劳拉,收货,上架
NoScA5ruBl,黑色 品牌17 五号纸 笔记本（横线）,笔记本,品牌17,五号纸,横线,黑色,48*10*5,2180,CW82C,简,收货,上架
GaAELErGr,灰色 品牌05 大号 游戏椅（人体工学）,游戏椅,品牌05,大号,人体工学,灰色,16*1*1,3,BZ41B,简,收货,上架
TVYn654KSi,银色 品牌15 65英寸 电视机（超高清）,电视机,品牌15,65英寸,超高清,银色,8*1*1,7,DL89D,艾米,收货,上架
TVEs42S4Wh,白色 品牌32 42英寸 电视机（超级超高清）,电视机,品牌32,42英寸,超级超高清,白色,8*1*1,8,DR41C,艾米丽,收货,上架
DrRG12LoBe,米色 品牌03 1200 抽屉柜（储物锁柜）,抽屉柜,品牌03,1200,储物锁柜,米色,8*1*1,6,CR09G,亚历克斯,收货,上架
AlSu148GWh,白色 品牌11 14英寸 一体机（8吉字节内存）,一体机,品牌11,14英寸,8吉字节内存,白色,16*1*1,5,CO37A,莎拉,收货,上架
DrRG90FiGr,灰色 品牌03 900 抽屉柜（文件收纳）,抽屉柜,品牌03,900,文件收纳,灰色,8*1*1,6,DM24E,约翰,收货,上架
OfAEMLeGr,灰色 品牌05 中号 办公椅（皮革）,办公椅,品牌05,中号,皮革,灰色,16*1*1,10,CK76D,大卫,收货,上架
PeNa50HeGr,灰色 品牌23 50 铅笔（六角形）,铅笔,品牌23,50,六角形,灰色,48*10*5,1159,AR70D,亚历克斯,收货,上架
MoPH27MePi,粉色 品牌12 270 鼠标（机械式）,鼠标,品牌12,270,机械式,粉色,16*10*1,15,DR37D,艾米丽,收货,上架
TaCI18AdBl,黑色 品牌27 1800 桌子（可调节）,桌子,品牌27,1800,可调节,黑色,8*1*1,3,DP46H,大卫,收货,上架
TVYn42S4Si,银色 品牌15 42英寸 电视机（超级超高清）,电视机,品牌15,42英寸,超级超高清,银色,8*1*1,8,AQ63E,劳拉,收货,上架
TVGL42FHWh,白色 品牌31 42英寸 电视机（全高清）,电视机,品牌31,42英寸,全高清,白色,8*1*1,3,DN95E,亚历克斯,收货,上架
GaOGSHeWh,白色 品牌07 小号 游戏椅（头枕）,游戏椅,品牌07,小号,头枕,白色,16*1*1,3,BG78H,劳拉,收货,上架
NoScA5liWh,白色 品牌17 五号纸 笔记本（线条）,笔记本,品牌17,五号纸,线条,白色,48*10*5,410,BH58G,简,收货,上架
CuQE90FiWh,白色 品牌01 900 储物柜（文件收纳）,储物柜,品牌01,900,文件收纳,白色,8*1*1,7,BK62A,迈克,收货,上架
CaWE18DoWh,白色 品牌02 1800 文件柜（带门式）,文件柜,品牌02,1800,带门式,白色,8*1*1,3,AW89B,劳拉,收货,上架
MoSu27BlWh,白色 品牌11 270 鼠标（蓝牙）,鼠标,品牌11,270,蓝牙,白色,16*10*1,26,CQ40C,约翰,收货,上架
CaTE18LoBl,黑色 品牌04 1800 文件柜（储物锁柜）,文件柜,品牌04,1800,储物锁柜,黑色,8*1*1,7,DI33H,简,收货,上架
LaRe1432Bl,黑色 品牌14 14英寸 笔记本电脑（32吉字节内存）,笔记本电脑,品牌14,14英寸,32吉字节内存,黑色,16*1*1,10,DL47E,约翰,收货,上架
TaCI15AuBl,黑色 品牌27 1500 桌子（自动调节）,桌子,品牌27,1500,自动调节,黑色,8*1*1,8,AS95C,简,收货,上架
OfXESHePi,粉色 品牌06 小号 办公椅（头枕）,办公椅,品牌06,小号,头枕,粉色,16*1*1,13,CZ37B,艾米丽,收货,上架
MoPH45MePi,粉色 品牌12 450 鼠标（机械式）,鼠标,品牌12,450,机械式,粉色,16*10*1,122,AH55D,亚历克斯,收货,上架
LaRe17i5Wh,白色 品牌14 17英寸 笔记本电脑（第5代处理器）,笔记本电脑,品牌14,17英寸,第5代处理器,白色,16*1*1,9,CP33A,克里斯,收货,上架
OfOGMErWh,白色 品牌07 中号 办公椅（人体工学）,办公椅,品牌07,中号,人体工学,白色,16*1*1,1,BO27G,艾米丽,收货,上架
KeHc45BlPi,粉色 品牌09 450 键盘（蓝牙）,键盘,品牌09,450,蓝牙,粉色,16*10*1,31,DV36C,简,收货,上架
LaRe1716Wh,白色 品牌14 17英寸 笔记本电脑（16吉字节内存）,笔记本电脑,品牌14,17英寸,16吉字节内存,白色,16*1*1,9,AK13E,劳拉,收货,上架
TVGn32SFWh,白色 品牌30 32英寸 电视机（超级全高清）,电视机,品牌30,32英寸,超级全高清,白色,8*1*1,6,BW43A,迈克,收货,上架
AlRe1516Gr,灰色 品牌14 15英寸 一体机（16吉字节内存）,一体机,品牌14,15英寸,16吉字节内存,灰色,16*1*1,12,BM37C,迈克,收货,上架
AlRe1416Gr,灰色 品牌14 14英寸 一体机（16吉字节内存）,一体机,品牌14,14英寸,16吉字节内存,灰色,16*1*1,7,CJ55F,迈克,收货,上架
GaAESErPi,粉色 品牌05 小号 游戏椅（人体工学）,游戏椅,品牌05,小号,人体工学,粉色,16*1*1,4,AW44C,约翰,收货,上架
TVEs75FHGr,灰色 品牌32 75英寸 电视机（全高清）,电视机,品牌32,75英寸,全高清,灰色,8*1*1,5,BF85D,大卫,收货,上架
LaOv1516Wh,白色 品牌13 15英寸 笔记本电脑（16吉字节内存）,笔记本电脑,品牌13,15英寸,16吉字节内存,白色,16*1*1,5,CY94C,艾米丽,收货,上架
LaRe14i5Gr,灰色 品牌14 14英寸 笔记本电脑（第5代处理器）,笔记本电脑,品牌14,14英寸,第5代处理器,灰色,16*1*1,7,AY18E,约翰,收货,上架
DrWE90SlBe,米色 品牌02 900 抽屉柜（滑动式）,抽屉柜,品牌02,900,滑动式,米色,8*1*1,3,AI29E,劳拉,收货,上架
TVEs50S4Wh,白色 品牌32 50英寸 电视机（超级超高清）,电视机,品牌32,50英寸,超级超高清,白色,8*1*1,8,CS74A,大卫,收货,上架
LaYn17i5Gr,灰色 品牌15 17英寸 笔记本电脑（第5代处理器）,笔记本电脑,品牌15,17英寸,第5代处理器,灰色,16*1*1,16,DZ73C,亚历克斯,收货,上架
TVYn654KBl,黑色 品牌15 65英寸 电视机（超高清）,电视机,品牌15,65英寸,超高清,黑色,8*1*1,5,DG02G,莎拉,收货,上架
MoSu27ErBl,黑色 品牌11 270 鼠标（人体工学）,鼠标,品牌11,270,人体工学,黑色,16*10*1,13,CX11C,艾米,收货,上架
AlYn148GSi,银色 品牌15 14英寸 一体机（8吉字节内存）,一体机,品牌15,14英寸,8吉字节内存,银色,16*1*1,7,CF84H,约翰,收货,上架
NoGrA4doWh,白色 品牌18 四号纸 笔记本（点阵）,笔记本,品牌18,四号纸,点阵,白色,48*10*5,1577,CP53E,劳拉,收货,上架
CuRG12FiGr,灰色 品牌03 1200 储物柜（文件收纳）,储物柜,品牌03,1200,文件收纳,灰色,8*1*1,8,BH92A,莎拉,收货,上架
AlPH178GGr,灰色 品牌12 17英寸 一体机（8吉字节内存）,一体机,品牌12,17英寸,8吉字节内存,灰色,16*1*1,10,BR51G,莎拉,收货,上架
MoRe27BlNa,藏青色 品牌10 270 鼠标（蓝牙）,鼠标,品牌10,270,蓝牙,藏青色,16*10*1,151,AZ20D,克里斯,收货,上架
NoMuA5ruBl,黑色 品牌19 五号纸 笔记本（横线）,笔记本,品牌19,五号纸,横线,黑色,48*10*5,2285,BK96F,迈克,收货,上架
SPAl50HeWh,白色 品牌20 50 触控笔（六角形）,触控笔,品牌20,50,六角形,白色,48*10*5,210,AG80D,莎拉,收货,上架
AlYn15i5Wh,白色 品牌15 15英寸 一体机（第5代处理器）,一体机,品牌15,15英寸,第5代处理器,白色,16*1*1,16,DS03E,莎拉,收货,上架
PrSoA2WiWh,白色 品牌25 二号纸 打印机（无线网络）,打印机,品牌25,二号纸,无线网络,白色,16*1*1,8,BM41G,莎拉,收货,上架
CaTE12SlBl,黑色 品牌04 1200 文件柜（滑动式）,文件柜,品牌04,1200,滑动式,黑色,8*1*1,8,DS22F,约翰,收货,上架
GaAESLeBl,黑色 品牌05 小号 游戏椅（皮革）,游戏椅,品牌05,小号,皮革,黑色,16*1*1,16,AL68C,克里斯,收货,上架
TaAE10WoWh,白色 品牌05 1000 桌子（工作站）,桌子,品牌05,1000,工作站,白色,8*1*1,4,CV75B,克里斯,收货,上架
SPAl24HeBl,黑色 品牌20 24 触控笔（六角形）,触控笔,品牌20,24,六角形,黑色,48*10*5,1972,CT34A,莎拉,收货,上架
NoExA5ruBl,黑色 品牌16 五号纸 笔记本（横线）,笔记本,品牌16,五号纸,横线,黑色,48*10*5,1129,BM04E,艾米丽,收货,上架
CaWE18SlGr,灰色 品牌02 1800 文件柜（滑动式）,文件柜,品牌02,1800,滑动式,灰色,8*1*1,2,AZ40D,艾米丽,收货,上架
OfXELHePi,粉色 品牌06 大号 办公椅（头枕）,办公椅,品牌06,大号,头枕,粉色,16*1*1,15,BQ76G,莎拉,收货,上架
AlPH17i5Gr,灰色 品牌12 17英寸 一体机（第5代处理器）,一体机,品牌12,17英寸,第5代处理器,灰色,16*1*1,7,DM20E,艾米丽,收货,上架
TVGn32S4Gr,灰色 品牌30 32英寸 电视机（超级超高清）,电视机,品牌30,32英寸,超级超高清,灰色,8*1*1,4,BZ81A,克里斯,收货,上架
KeHc45WiWh,白色 品牌09 450 键盘（有线）,键盘,品牌09,450,有线,白色,16*10*1,127,CW70E,艾米丽,收货,上架
GaOGLHePi,粉色 品牌07 大号 游戏椅（头枕）,游戏椅,品牌07,大号,头枕,粉色,16*1*1,16,BU88F,简,收货,上架
NoScA4ruWh,白色 品牌17 四号纸 笔记本（横线）,笔记本,品牌17,四号纸,横线,白色,48*10*5,2298,CR02D,亚历克斯,收货,上架
LaOv178GWh,白色 品牌13 17英寸 笔记本电脑（8吉字节内存）,笔记本电脑,品牌13,17英寸,8吉字节内存,白色,16*1*1,13,BZ83H,大卫,收货,上架
TaTR18AdWh,白色 品牌28 1800 桌子（可调节）,桌子,品牌28,1800,可调节,白色,8*1*1,8,CF90G,劳拉,收货,上架
MoSu45WiPi,粉色 品牌11 450 鼠标（有线）,鼠标,品牌11,450,有线,粉色,16*10*1,118,BI65F,大卫,收货,上架
SPAl12SoGr,灰色 品牌20 12 触控笔（可溶性）,触控笔,品牌20,12,可溶性,灰色,48*10*5,1680,BP28E,劳拉,收货,上架
LaPH1432Bl,黑色 品牌12 14英寸 笔记本电脑（32吉字节内存）,笔记本电脑,品牌12,14英寸,32吉字节内存,黑色,16*1*1,8,BH24D,迈克,收货,上架
NoExA4ruGr,灰色 品牌16 四号纸 笔记本（横线）,笔记本,品牌16,四号纸,横线,灰色,48*10*5,2135,BI27G,克里斯,收货,上架
CuRG12LoBe,米色 品牌03 1200 储物柜（储物锁柜）,储物柜,品牌03,1200,储物锁柜,米色,8*1*1,6,CU68E,简,收货,上架
MoPH35MeNa,藏青色 品牌12 350 鼠标（机械式）,鼠标,品牌12,350,机械式,藏青色,16*10*1,115,AT15E,大卫,收货,上架
DrTE12LoGr,灰色 品牌04 1200 抽屉柜（储物锁柜）,抽屉柜,品牌04,1200,储物锁柜,灰色,8*1*1,5,DH21B,莎拉,收货,上架
PeGi50HePi,粉色 品牌21 50 铅笔（六角形）,铅笔,品牌21,50,六角形,粉色,48*10*5,2147,DR36D,简,收货,上架
CaWE90FiBe,米色 品牌02 900 文件柜（文件收纳）,文件柜,品牌02,900,文件收纳,米色,8*1*1,3,DU02F,迈克,收货,上架
TVYn65S4Si,银色 品牌15 65英寸 电视机（超级超高清）,电视机,品牌15,65英寸,超级超高清,银色,8*1*1,1,CT57G,克里斯,收货,上架
LaYn15i5Bl,黑色 品牌15 15英寸 笔记本电脑（第5代处理器）,笔记本电脑,品牌15,15英寸,第5代处理器,黑色,16*1*1,10,CP51E,简,收货,上架
AlPH158GBl,黑色 品牌12 15英寸 一体机（8吉字节内存）,一体机,品牌12,15英寸,8吉字节内存,黑色,16*1*1,3,CW08E,简,收货,上架
DrQE12LoGr,灰色 品牌01 1200 抽屉柜（储物锁柜）,抽屉柜,品牌01,1200,储物锁柜,灰色,8*1*1,8,CT45C,莎拉,收货,上架
KeHc45WiPi,粉色 品牌09 450 键盘（有线）,键盘,品牌09,450,有线,粉色,16*10*1,19,AY11C,劳拉,收货,上架
NoMuA3ruWh,白色 品牌19 三号纸 笔记本（横线）,笔记本,品牌19,三号纸,横线,白色,48*10*5,2350,AG32D,艾米丽,收货,上架
PrSoA4WiGr,灰色 品牌25 四号纸 打印机（无线网络）,打印机,品牌25,四号纸,无线网络,灰色,16*1*1,16,AT76F,约翰,收货,上架
TVYn65S4Si,银色 品牌15 65英寸 电视机（超级超高清）,电视机,品牌15,65英寸,超级超高清,银色,8*1*1,8,BI34F,约翰,收货,上架
AlOv158GSi,银色 品牌13 15英寸 一体机（8吉字节内存）,一体机,品牌13,15英寸,8吉字节内存,银色,16*1*1,9,CH32A,简,收货,上架
NoMuA3ruSi,银色 品牌19 三号纸 笔记本（横线）,笔记本,品牌19,三号纸,横线,银色,48*10*5,819,CL53E,亚历克斯,收货,上架
LaRe14i7Si,银色 品牌14 14英寸 笔记本电脑（第7代处理器）,笔记本电脑,品牌14,14英寸,第7代处理器,银色,16*1*1,8,BL47F,简,收货,上架
AlSu1732Bl,黑色 品牌11 17英寸 一体机（32吉字节内存）,一体机,品牌11,17英寸,32吉字节内存,黑色,16*1*1,11,CR27F,艾米,收货,上架
TVYn32SFSi,银色 品牌15 32英寸 电视机（超级全高清）,电视机,品牌15,32英寸,超级全高清,银色,8*1*1,4,DL20B,迈克,收货,上架
NoScA5ruGr,灰色 品牌17 五号纸 笔记本（横线）,笔记本,品牌17,五号纸,横线,灰色,48*10*5,720,CT54G,约翰,收货,上架
KeRe27BlPi,粉色 品牌10 270 键盘（蓝牙）,键盘,品牌10,270,蓝牙,粉色,16*10*1,38,AO07F,艾米丽,收货,上架
SPRe12HeBl,黑色 品牌22 12 触控笔（六角形）,触控笔,品牌22,12,六角形,黑色,48*10*5,41,BM85A,劳拉,收货,上架
TaTR10WoSi,银色 品牌28 1000 桌子（工作站）,桌子,品牌28,1000,工作站,银色,8*1*1,5,DK45F,迈克,收货,上架
NoScA3ruBl,黑色 品牌17 三号纸 笔记本（横线）,笔记本,品牌17,三号纸,横线,黑色,48*10*5,761,CQ48H,简,收货,上架
GaOGMErWh,白色 品牌07 中号 游戏椅（人体工学）,游戏椅,品牌07,中号,人体工学,白色,16*1*1,11,CU86E,莎拉,收货,上架
LaRe14i5Gr,灰色 品牌14 14英寸 笔记本电脑（第5代处理器）,笔记本电脑,品牌14,14英寸,第5代处理器,灰色,16*1*1,11,AW96F,莎拉,收货,上架
KeSu27MeBl,黑色 品牌11 270 键盘（机械式）,键盘,品牌11,270,机械式,黑色,16*10*1,87,CJ97A,克里斯,收货,上架
MoSu45ErWh,白色 品牌11 450 鼠标（人体工学）,鼠标,品牌11,450,人体工学,白色,16*10*1,32,CQ63F,艾米,收货,上架
TVGn324KSi,银色 品牌30 32英寸 电视机（超高清）,电视机,品牌30,32英寸,超高清,银色,8*1*1,8,AV91B,简,收货,上架
MoPH45MeWh,白色 品牌12 450 鼠标（机械式）,鼠标,品牌12,450,机械式,白色,16*10*1,114,CQ76G,艾米,收货,上架
PrNoA3LaBl,黑色 品牌26 三号纸 打印机（激光）,打印机,品牌26,三号纸,激光,黑色,16*1*1,8,AU02F,约翰,收货,上架
PrNoA4MoMi,混合色 品牌26 四号纸 打印机（黑白）,打印机,品牌26,四号纸,黑白,混合色,16*1*1,4,DR43H,大卫,收货,上架
LaSu17i7Si,银色 品牌11 17英寸 笔记本电脑（第7代处理器）,笔记本电脑,品牌11,17英寸,第7代处理器,银色,16*1*1,5,CH83E,艾米丽,收货,上架
KeHc27ErBl,黑色 品牌09 270 键盘（人体工学）,键盘,品牌09,270,人体工学,黑色,16*10*1,111,CW09D,艾米,收货,上架
PrSoA2LaBl,黑色 品牌25 二号纸 打印机（激光）,打印机,品牌25,二号纸,激光,黑色,16*1*1,2,BN86H,艾米,收货,上架
OfXESHePi,粉色 品牌06 小号 办公椅（头枕）,办公椅,品牌06,小号,头枕,粉色,16*1*1,4,BS15C,亚历克斯,收货,上架
SPRe50HeBl,黑色 品牌22 50 触控笔（六角形）,触控笔,品牌22,50,六角形,黑色,48*10*5,344,DV67A,亚历克斯,收货,上架
TVYn324KBl,黑色 品牌15 32英寸 电视机（超高清）,电视机,品牌15,32英寸,超高清,黑色,8*1*1,8,BZ44G,克里斯,收货,上架
TVEs75FHWh,白色 品牌32 75英寸 电视机（全高清）,电视机,品牌32,75英寸,全高清,白色,8*1*1,1,CT20A,迈克,收货,上架
PrPHA2MoMi,混合色 品牌12 二号纸 打印机（黑白）,打印机,品牌12,二号纸,黑白,混合色,16*1*1,14,BH42G,艾米,收货,上架
LaPH1732Bl,黑色 品牌12 17英寸 笔记本电脑（32吉字节内存）,笔记本电脑,品牌12,17英寸,32吉字节内存,黑色,16*1*1,12,DL64B,克里斯,收货,上架
AlOv15i5Si,银色 品牌13 15英寸 一体机（第5代处理器）,一体机,品牌13,15英寸,第5代处理器,银色,16*1*1,1,CH09E,劳拉,收货,上架
PrSoA3InMi,混合色 品牌25 三号纸 打印机（喷墨）,打印机,品牌25,三号纸,喷墨,混合色,16*1*1,7,CI13F,亚历克斯,收货,上架
OfSELErPi,粉色 品牌08 大号 办公椅（人体工学）,办公椅,品牌08,大号,人体工学,粉色,16*1*1,12,BU11D,克里斯,收货,上架
AlRe1532Gr,灰色 品牌14 15英寸 一体机（32吉字节内存）,一体机,品牌14,15英寸,32吉字节内存,灰色,16*1*1,1,AN94F,大卫,收货,上架
TVGL75SFGr,灰色 品牌31 75英寸 电视机（超级全高清）,电视机,品牌31,75英寸,超级全高清,灰色,8*1*1,4,DL60C,迈克,收货,上架
CaWE12SlGr,灰色 品牌02 1200 文件柜（滑动式）,文件柜,品牌02,1200,滑动式,灰色,8*1*1,7,CM72G,劳拉,收货,上架
TaAE15AdWh,白色 品牌05 1500 桌子（可调节）,桌子,品牌05,1500,可调节,白色,8*1*1,8,AX19G,迈克,收货,上架
TaTR10FrBl,黑色 品牌29 1000 桌子（框架式）,桌子,品牌29,1000,框架式,黑色,8*1*1,5,BM10G,莎拉,收货,上架
GaAESLeGr,灰色 品牌05 小号 游戏椅（皮革）,游戏椅,品牌05,小号,皮革,灰色,16*1*1,7,DI95D,简,收货,上架
CaTE90FiBl,黑色 品牌04 900 文件柜（文件收纳）,文件柜,品牌04,900,文件收纳,黑色,8*1*1,1,BO74F,克里斯,收货,上架
SPRe50WaGr,灰色 品牌22 50 触控笔（水彩）,触控笔,品牌22,50,水彩,灰色,48*10*5,2172,AX95D,艾米丽,收货,上架
CaRG18SlGr,灰色 品牌03 1800 文件柜（滑动式）,文件柜,品牌03,1800,滑动式,灰色,8*1*1,6,AW40C,劳拉,收货,上架
DrTE12FiBe,米色 品牌04 1200 抽屉柜（文件收纳）,抽屉柜,品牌04,1200,文件收纳,米色,8*1*1,2,DF59E,克里斯,收货,上架
TaTR15FrGr,灰色 品牌29 1500 桌子（框架式）,桌子,品牌29,1500,框架式,灰色,8*1*1,6,DQ92C,迈克,收货,上架
NoExA5ruBl,黑色 品牌16 五号纸 笔记本（横线）,笔记本,品牌16,五号纸,横线,黑色,48*10*5,1702,DW61G,莎拉,收货,上架
KePH27BlBl,黑色 品牌12 270 键盘（蓝牙）,键盘,品牌12,270,蓝牙,黑色,16*10*1,118,DL23H,简,收货,上架
MoSu45BlNa,藏青色 品牌11 450 鼠标（蓝牙）,鼠标,品牌11,450,蓝牙,藏青色,16*10*1,132,DW53G,大卫,收货,上架
DrTE18DoBe,米色 品牌04 1800 抽屉柜（带门式）,抽屉柜,品牌04,1800,带门式,米色,8*1*1,4,CX44B,艾米,收货,上架
LaOv1732Si,银色 品牌13 17英寸 笔记本电脑（32吉字节内存）,笔记本电脑,品牌13,17英寸,32吉字节内存,银色,16*1*1,3,CI29G,莎拉,收货,上架
LaPH1732Bl,黑色 品牌12 17英寸 笔记本电脑（32吉字节内存）,笔记本电脑,品牌12,17英寸,32吉字节内存,黑色,16*1*1,3,BY08H,大卫,收货,上架
TaCI18FrSi,银色 品牌27 1800 桌子（框架式）,桌子,品牌27,1800,框架式,银色,8*1*1,5,AX93F,大卫,收货,上架
PrReA3MoMi,混合色 品牌24 三号纸 打印机（黑白）,打印机,品牌24,三号纸,黑白,混合色,16*1*1,9,DW58G,大卫,收货,上架
PeGi12WaGr,灰色 品牌21 12 铅笔（水彩）,铅笔,品牌21,12,水彩,灰色,48*10*5,1904,BW98H,简,收货,上架
KeSu45MeNa,藏青色 品牌11 450 键盘（机械式）,键盘,品牌11,450,机械式,藏青色,16*10*1,120,DH75E,约翰,收货,上架
PeRe12HeWh,白色 品牌22 12 铅笔（六角形）,铅笔,品牌22,12,六角形,白色,48*10*5,2142,BN73G,约翰,收货,上架
GaAEMAdWh,白色 品牌05 中号 游戏椅（可调节）,游戏椅,品牌05,中号,可调节,白色,16*1*1,1,CS59A,莎拉,收货,上架
AlPH178GBl,黑色 品牌12 17英寸 一体机（8吉字节内存）,一体机,品牌12,17英寸,8吉字节内存,黑色,16*1*1,8,CS03D,大卫,收货,上架
AlOv1716Bl,黑色 品牌13 17英寸 一体机（16吉字节内存）,一体机,品牌13,17英寸,16吉字节内存,黑色,16*1*1,11,AT42D,艾米,收货,上架
PeRe24HeBl,黑色 品牌22 24 铅笔（六角形）,铅笔,品牌22,24,六角形,黑色,48*10*5,498,BF65C,迈克,收货,上架
DrTE12LoWh,白色 品牌04 1200 抽屉柜（储物锁柜）,抽屉柜,品牌04,1200,储物锁柜,白色,8*1*1,5,AX38H,亚历克斯,收货,上架
TVGL65FHSi,银色 品牌31 65英寸 电视机（全高清）,电视机,品牌31,65英寸,全高清,银色,8*1*1,7,CM89C,艾米丽,收货,上架
MoSu27BlWh,白色 品牌11 270 鼠标（蓝牙）,鼠标,品牌11,270,蓝牙,白色,16*10*1,33,AQ53D,大卫,收货,上架
PrNoA3InGr,灰色 品牌26 三号纸 打印机（喷墨）,打印机,品牌26,三号纸,喷墨,灰色,16*1*1,10,BY14H,克里斯,收货,上架
SPAl12HePi,粉色 品牌20 12 触控笔（六角形）,触控笔,品牌20,12,六角形,粉色,48*10*5,1793,AS44H,克里斯,收货,上架
PrNoA2WiWh,白色 品牌26 二号纸 打印机（无线网络）,打印机,品牌26,二号纸,无线网络,白色,16*1*1,12,AH88D,劳拉,收货,上架
GaSELErBl,黑色 品牌08 大号 游戏椅（人体工学）,游戏椅,品牌08,大号,人体工学,黑色,16*1*1,9,DH72A,亚历克斯,收货,上架
TaAE18AuGr,灰色 品牌05 1800 桌子（自动调节）,桌子,品牌05,1800,自动调节,灰色,8*1*1,4,AX86E,艾米,收货,上架
PrReA4MoMi,混合色 品牌24 四号纸 打印机（黑白）,打印机,品牌24,四号纸,黑白,混合色,16*1*1,14,DR58E,简,收货,上架
CaRG90FiBe,米色 品牌03 900 文件柜（文件收纳）,文件柜,品牌03,900,文件收纳,米色,8*1*1,2,CN30C,约翰,收货,上架
NoMuA3liBl,黑色 品牌19 三号纸 笔记本（线条）,笔记本,品牌19,三号纸,线条,黑色,48*10*5,645,CR49F,约翰,收货,上架
MoSu45WiBl,黑色 品牌11 450 鼠标（有线）,鼠标,品牌11,450,有线,黑色,16*10*1,53,DX37H,大卫,收货,上架
NoGrA4ruSi,银色 品牌18 四号纸 笔记本（横线）,笔记本,品牌18,四号纸,横线,银色,48*10*5,1805,BT03C,亚历克斯,收货,上架
TVGn32FHWh,白色 品牌30 32英寸 电视机（全高清）,电视机,品牌30,32英寸,全高清,白色,8*1*1,7,DU48H,莎拉,收货,上架
LaRe158GWh,白色 品牌14 15英寸 笔记本电脑（8吉字节内存）,笔记本电脑,品牌14,15英寸,8吉字节内存,白色,16*1*1,7,CY16A,莎拉,收货,上架
AlRe1416Si,银色 品牌14 14英寸 一体机（16吉字节内存）,一体机,品牌14,14英寸,16吉字节内存,银色,16*1*1,11,AQ41H,亚历克斯,收货,上架
GaAEMHeWh,白色 品牌05 中号 游戏椅（头枕）,游戏椅,品牌05,中号,头枕,白色,16*1*1,12,CR70G,艾米,收货,上架
OfSELLeGr,灰色 品牌08 大号 办公椅（皮革）,办公椅,品牌08,大号,皮革,灰色,16*1*1,6,CS22H,艾米丽,收货,上架
PrPHA4AlWh,白色 品牌12 四号纸 打印机（一体式）,打印机,品牌12,四号纸,一体式,白色,16*1*1,15,AR90B,简,收货,上架
NoMuA5ruSi,银色 品牌19 五号纸 笔记本（横线）,笔记本,品牌19,五号纸,横线,银色,48*10*5,1676,DQ88D,简,收货,上架
PrSoA4InMi,混合色 品牌25 四号纸 打印机（喷墨）,打印机,品牌25,四号纸,喷墨,混合色,16*1*1,1,DT36D,简,收货,上架
CuRG18LoBe,米色 品牌03 1800 储物柜（储物锁柜）,储物柜,品牌03,1800,储物锁柜,米色,8*1*1,5,CR46G,艾米丽,收货,上架
NoScA5doBl,黑色 品牌17 五号纸 笔记本（点阵）,笔记本,品牌17,五号纸,点阵,黑色,48*10*5,1652,DP31F,莎拉,收货,上架
CuWE12SlBl,黑色 品牌02 1200 储物柜（滑动式）,储物柜,品牌02,1200,滑动式,黑色,8*1*1,4,CM02B,大卫,收货,上架
LaPH17i7Bl,黑色 品牌12 17英寸 笔记本电脑（第7代处理器）,笔记本电脑,品牌12,17英寸,第7代处理器,黑色,16*1*1,2,AW45H,亚历克斯,收货,上架
LaPH17i5Gr,灰色 品牌12 17英寸 笔记本电脑（第5代处理器）,笔记本电脑,品牌12,17英寸,第5代处理器,灰色,16*1*1,12,DO82F,克里斯,收货,上架
LaPH1532Bl,黑色 品牌12 15英寸 笔记本电脑（32吉字节内存）,笔记本电脑,品牌12,15英寸,32吉字节内存,黑色,16*1*1,14,AH32H,大卫,收货,上架
PrSoA4AlMi,混合色 品牌25 四号纸 打印机（一体式）,打印机,品牌25,四号纸,一体式,混合色,16*1*1,13,CW18G,大卫,收货,上架
NoMuA3ruSi,银色 品牌19 三号纸 笔记本（横线）,笔记本,品牌19,三号纸,横线,银色,48*10*5,1647,DO34F,克里斯,收货,上架
MoPH35BlBl,黑色 品牌12 350 鼠标（蓝牙）,鼠标,品牌12,350,蓝牙,黑色,16*10*1,127,BH42G,大卫,收货,上架
LaRe1416Gr,灰色 品牌14 14英寸 笔记本电脑（16吉字节内存）,笔记本电脑,品牌14,14英寸,16吉字节内存,灰色,16*1*1,2,DI69A,克里斯,收货,上架
KeHc35WiPi,粉色 品牌09 350 键盘（有线）,键盘,品牌09,350,有线,粉色,16*10*1,104,DN59H,亚历克斯,收货,上架
OfXESErGr,灰色 品牌06 小号 办公椅（人体工学）,办公椅,品牌06,小号,人体工学,灰色,16*1*1,9,AS62H,大卫,收货,上架
LaSu1516Si,银色 品牌11 15英寸 笔记本电脑（16吉字节内存）,笔记本电脑,品牌11,15英寸,16吉字节内存,银色,16*1*1,2,DT41A,亚历克斯,收货,上架
KeRe35MeBl,黑色 品牌10 350 键盘（机械式）,键盘,品牌10,350,机械式,黑色,16*10*1,12,DU48E,简,收货,上架
CaTE18LoBl,黑色 品牌04 1800 文件柜（储物锁柜）,文件柜,品牌04,1800,储物锁柜,黑色,8*1*1,4,DZ15E,迈克,收货,上架
DrWE18LoWh,白色 品牌02 1800 抽屉柜（储物锁柜）,抽屉柜,品牌02,1800,储物锁柜,白色,8*1*1,3,AJ30C,克里斯,收货,上架
PrNoA3InBl,黑色 品牌26 三号纸 打印机（喷墨）,打印机,品牌26,三号纸,喷墨,黑色,16*1*1,8,AU31C,简,收货,上架
NoMuA3ruSi,银色 品牌19 三号纸 笔记本（横线）,笔记本,品牌19,三号纸,横线,银色,48*10*5,246,BK16H,大卫,收货,上架
LaOv14i5Gr,灰色 品牌13 14英寸 笔记本电脑（第5代处理器）,笔记本电脑,品牌13,14英寸,第5代处理器,灰色,16*1*1,6,AR71B,简,收货,上架
AlRe148GBl,黑色 品牌14 14英寸 一体机（8吉字节内存）,一体机,品牌14,14英寸,8吉字节内存,黑色,16*1*1,8,BQ42C,亚历克斯,收货,上架
TVEs754KGr,灰色 品牌32 75英寸 电视机（超高清）,电视机,品牌32,75英寸,超高清,灰色,8*1*1,6,AM39A,约翰,收货,上架
LaSu158GGr,灰色 品牌11 15英寸 笔记本电脑（8吉字节内存）,笔记本电脑,品牌11,15英寸,8吉字节内存,灰色,16*1*1,7,BS04H,迈克,收货,上架
PeNa12HeBl,黑色 品牌23 12 铅笔（六角形）,铅笔,品牌23,12,六角形,黑色,48*10*5,2306,DZ84C,克里斯,收货,上架
TVEs32FHWh,白色 品牌32 32英寸 电视机（全高清）,电视机,品牌32,32英寸,全高清,白色,8*1*1,6,AS69E,莎拉,收货,上架
CuWE12LoBe,米色 品牌02 1200 储物柜（储物锁柜）,储物柜,品牌02,1200,储物锁柜,米色,8*1*1,8,BG32D,艾米丽,收货,上架
MoHc35BlNa,藏青色 品牌09 350 鼠标（蓝牙）,鼠标,品牌09,350,蓝牙,藏青色,16*10*1,158,AX89E,迈克,收货,上架
NoScA5liSi,银色 品牌17 五号纸 笔记本（线条）,笔记本,品牌17,五号纸,线条,银色,48*10*5,2328,AT16H,莎拉,收货,上架
PrReA4AlBl,黑色 品牌24 四号纸 打印机（一体式）,打印机,品牌24,四号纸,一体式,黑色,16*1*1,3,CN51B,莎拉,收货,上架
KeSu45BlPi,粉色 品牌11 450 键盘（蓝牙）,键盘,品牌11,450,蓝牙,粉色,16*10*1,31,AP19D,劳拉,收货,上架
TaTR15FrBl,黑色 品牌29 1500 桌子（框架式）,桌子,品牌29,1500,框架式,黑色,8*1*1,3,BS94G,克里斯,收货,上架
CuTE90DoWh,白色 品牌04 900 储物柜（带门式）,储物柜,品牌04,900,带门式,白色,8*1*1,8,BW13C,迈克,收货,上架
TVYn65SFBl,黑色 品牌15 65英寸 电视机（超级全高清）,电视机,品牌15,65英寸,超级全高清,黑色,8*1*1,5,BK57F,莎拉,收货,上架
LaPH17i5Bl,黑色 品牌12 17英寸 笔记本电脑（第5代处理器）,笔记本电脑,品牌12,17英寸,第5代处理器,黑色,16*1*1,11,BY27E,迈克,收货,上架
PeRe24SoWh,白色 品牌22 24 铅笔（可溶性）,铅笔,品牌22,24,可溶性,白色,48*10*5,1115,DP73H,亚历克斯,收货,上架
PrPHA2LaWh,白色 品牌12 二号纸 打印机（激光）,打印机,品牌12,二号纸,激光,白色,16*1*1,12,BU31H,劳拉,收货,上架
TaTR10AuSi,银色 品牌29 1000 桌子（自动调节）,桌子,品牌29,1000,自动调节,银色,8*1*1,8,CN89D,克里斯,收货,上架
LaSu14i7Wh,白色 品牌11 14英寸 笔记本电脑（第7代处理器）,笔记本电脑,品牌11,14英寸,第7代处理器,白色,16*1*1,4,DX57D,大卫,收货,上架
TaTR10AdWh,白色 品牌28 1000 桌子（可调节）,桌子,品牌28,1000,可调节,白色,8*1*1,3,CJ79B,克里斯,收货,上架
TVGn50SFBl,黑色 品牌30 50英寸 电视机（超级全高清）,电视机,品牌30,50英寸,超级全高清,黑色,8*1*1,8,DX17E,约翰,收货,上架
CuWE18LoBe,米色 品牌02 1800 储物柜（储物锁柜）,储物柜,品牌02,1800,储物锁柜,米色,8*1*1,7,DN28B,迈克,收货,上架
CaWE12SlWh,白色 品牌02 1200 文件柜（滑动式）,文件柜,品牌02,1200,滑动式,白色,8*1*1,8,DU22A,艾米,收货,上架
TaTR15WoGr,灰色 品牌28 1500 桌子（工作站）,桌子,品牌28,1500,工作站,灰色,8*1*1,7,CV75G,莎拉,收货,上架
MoPH35BlNa,藏青色 品牌12 350 鼠标（蓝牙）,鼠标,品牌12,350,蓝牙,藏青色,16*10*1,74,DH49D,简,收货,上架
OfSELErPi,粉色 品牌08 大号 办公椅（人体工学）,办公椅,品牌08,大号,人体工学,粉色,16*1*1,15,AP47F,简,收货,上架
LaPH17i5Si,银色 品牌12 17英寸 笔记本电脑（第5代处理器）,笔记本电脑,品牌12,17英寸,第5代处理器,银色,16*1*1,11,DJ76D,艾米丽,收货,上架
NoScA3liWh,白色 品牌17 三号纸 笔记本（线条）,笔记本,品牌17,三号纸,线条,白色,48*10*5,482,BX76F,亚历克斯,收货,上架
MoPH27ErNa,藏青色 品牌12 270 鼠标（人体工学）,鼠标,品牌12,270,人体工学,藏青色,16*10*1,145,AV05G,简,收货,上架
PrSoA4InWh,白色 品牌25 四号纸 打印机（喷墨）,打印机,品牌25,四号纸,喷墨,白色,16*1*1,2,BG32D,莎拉,收货,上架
DrTE18FiWh,白色 品牌04 1800 抽屉柜（文件收纳）,抽屉柜,品牌04,1800,文件收纳,白色,8*1*1,3,DX85C,莎拉,收货,上架
TaCI15AdGr,灰色 品牌27 1500 桌子（可调节）,桌子,品牌27,1500,可调节,灰色,8*1*1,6,AR25H,克里斯,收货,上架
TaAE15AdSi,银色 品牌05 1500 桌子（可调节）,桌子,品牌05,1500,可调节,银色,8*1*1,8,BL39G,艾米丽,收货,上架
PrReA2LaGr,灰色 品牌24 二号纸 打印机（激光）,打印机,品牌24,二号纸,激光,灰色,16*1*1,10,DK85C,克里斯,收货,上架
PeAl50HeWh,白色 品牌20 50 铅笔（六角形）,铅笔,品牌20,50,六角形,白色,48*10*5,1317,AG28E,大卫,收货,上架
SPNa12SoGr,灰色 品牌23 12 触控笔（可溶性）,触控笔,品牌23,12,可溶性,灰色,48*10*5,874,DJ75C,迈克,收货,上架
AlSu1516Bl,黑色 品牌11 15英寸 一体机（16吉字节内存）,一体机,品牌11,15英寸,16吉字节内存,黑色,16*1*1,9,AQ23G,克里斯,收货,上架
AlOv1416Wh,白色 品牌13 14英寸 一体机（16吉字节内存）,一体机,品牌13,14英寸,16吉字节内存,白色,16*1*1,13,BN89D,艾米丽,收货,上架
CuRG12DoGr,灰色 品牌03 1200 储物柜（带门式）,储物柜,品牌03,1200,带门式,灰色,8*1*1,6,DI56H,大卫,收货,上架
GaOGLAdWh,白色 品牌07 大号 游戏椅（可调节）,游戏椅,品牌07,大号,可调节,白色,16*1*1,7,BL09E,约翰,收货,上架
KeSu35ErWh,白色 品牌11 350 键盘（人体工学）,键盘,品牌11,350,人体工学,白色,16*10*1,88,CR44B,艾米丽,收货,上架
OfAELHePi,粉色 品牌05 大号 办公椅（头枕）,办公椅,品牌05,大号,头枕,粉色,16*1*1,9,AN14F,简,收货,上架
KeSu45BlNa,藏青色 品牌11 450 键盘（蓝牙）,键盘,品牌11,450,蓝牙,藏青色,16*10*1,21,BW55C,莎拉,收货,上架
CuWE90FiBl,黑色 品牌02 900 储物柜（文件收纳）,储物柜,品牌02,900,文件收纳,黑色,8*1*1,1,AK50A,大卫,收货,上架
KeHc45MeWh,白色 品牌09 450 键盘（机械式）,键盘,品牌09,450,机械式,白色,16*10*1,15,CY34F,迈克,收货,上架
TaAE10WoSi,银色 品牌05 1000 桌子（工作站）,桌子,品牌05,1000,工作站,银色,8*1*1,3,DX85F,劳拉,收货,上架
NoGrA5liBl,黑色 品牌18 五号纸 笔记本（线条）,笔记本,品牌18,五号纸,线条,黑色,48*10*5,2334,CH15D,艾米丽,收货,上架
LaRe178GBl,黑色 品牌14 17英寸 笔记本电脑（8吉字节内存）,笔记本电脑,品牌14,17英寸,8吉字节内存,黑色,16*1*1,1,BG42H,克里斯,收货,上架
SPAl12SoBl,黑色 品牌20 12 触控笔（可溶性）,触控笔,品牌20,12,可溶性,黑色,48*10*5,34,DT43G,艾米,收货,上架
LaPH17i5Wh,白色 品牌12 17英寸 笔记本电脑（第5代处理器）,笔记本电脑,品牌12,17英寸,第5代处理器,白色,16*1*1,2,DR62H,艾米,收货,上架
PrPHA2WiWh,白色 品牌12 二号纸 打印机（无线网络）,打印机,品牌12,二号纸,无线网络,白色,16*1*1,14,DJ74E,莎拉,收货,上架
PrSoA2LaGr,灰色 品牌25 二号纸 打印机（激光）,打印机,品牌25,二号纸,激光,灰色,16*1*1,8,AR61B,劳拉,收货,上架
OfXESHeBl,黑色 品牌06 小号 办公椅（头枕）,办公椅,品牌06,小号,头枕,黑色,16*1*1,13,CT23B,艾米丽,收货,上架
LaPH14i5Si,银色 品牌12 14英寸 笔记本电脑（第5代处理器）,笔记本电脑,品牌12,14英寸,第5代处理器,银色,16*1*1,5,CU37G,莎拉,收货,上架
AlPH17i7Si,银色 品牌12 17英寸 一体机（第7代处理器）,一体机,品牌12,17英寸,第7代处理器,银色,16*1*1,1,DJ70B,艾米,收货,上架
KeSu27MeBl,黑色 品牌11 270 键盘（机械式）,键盘,品牌11,270,机械式,黑色,16*10*1,59,AZ71D,劳拉,收货,上架
SPGi24SoGr,灰色 品牌21 24 触控笔（可溶性）,触控笔,品牌21,24,可溶性,灰色,48*10*5,1973,DV44D,艾米丽,收货,上架
SPNa50WaPi,粉色 品牌23 50 触控笔（水彩）,触控笔,品牌23,50,水彩,粉色,48*10*5,824,DJ56E,约翰,收货,上架
MoHc45MePi,粉色 品牌09 450 鼠标（机械式）,鼠标,品牌09,450,机械式,粉色,16*10*1,152,CQ93E,迈克,收货,上架
PrPHA2LaMi,混合色 品牌12 二号纸 打印机（激光）,打印机,品牌12,二号纸,激光,混合色,16*1*1,12,DV24H,艾米丽,收货,上架
KeSu35MeWh,白色 品牌11 350 键盘（机械式）,键盘,品牌11,350,机械式,白色,16*10*1,104,CR61F,莎拉,收货,上架
AlOv1732Wh,白色 品牌13 17英寸 一体机（32吉字节内存）,一体机,品牌13,17英寸,32吉字节内存,白色,16*1*1,16,BP36G,艾米,收货,上架
TVGL754KBl,黑色 品牌31 75英寸 电视机（超高清）,电视机,品牌31,75英寸,超高清,黑色,8*1*1,1,CR89E,艾米,收货,上架
AlRe1532Si,银色 品牌14 15英寸 一体机（32吉字节内存）,一体机,品牌14,15英寸,32吉字节内存,银色,16*1*1,13,BS12G,迈克,收货,上架
OfXESErWh,白色 品牌06 小号 办公椅（人体工学）,办公椅,品牌06,小号,人体工学,白色,16*1*1,9,CW82F,劳拉,收货,上架
LaOv178GWh,白色 品牌13 17英寸 笔记本电脑（8吉字节内存）,笔记本电脑,品牌13,17英寸,8吉字节内存,白色,16*1*1,13,CP05F,劳拉,收货,上架
LaRe1532Bl,黑色 品牌14 15英寸 笔记本电脑（32吉字节内存）,笔记本电脑,品牌14,15英寸,32吉字节内存,黑色,16*1*1,11,AT75B,大卫,收货,上架
OfOGMErBl,黑色 品牌07 中号 办公椅（人体工学）,办公椅,品牌07,中号,人体工学,黑色,16*1*1,10,CW64E,艾米丽,收货,上架
PrPHA3AlMi,混合色 品牌12 三号纸 打印机（一体式）,打印机,品牌12,三号纸,一体式,混合色,16*1*1,12,AM29A,约翰,收货,上架
NoScA4liBl,黑色 品牌17 四号纸 笔记本（线条）,笔记本,品牌17,四号纸,线条,黑色,48*10*5,2183,DT13C,莎拉,收货,上架
PrPHA2InMi,混合色 品牌12 二号纸 打印机（喷墨）,打印机,品牌12,二号纸,喷墨,混合色,16*1*1,11,CI24G,简,收货,上架
PrNoA4WiMi,混合色 品牌26 四号纸 打印机（无线网络）,打印机,品牌26,四号纸,无线网络,混合色,16*1*1,9,DF59E,克里斯,收货,上架
TVGn50FHBl,黑色 品牌30 50英寸 电视机（全高清）,电视机,品牌30,50英寸,全高清,黑色,8*1*1,1,DH22E,艾米丽,收货,上架
AlYn17i5Si,银色 品牌15 17英寸 一体机（第5代处理器）,一体机,品牌15,17英寸,第5代处理器,银色,16*1*1,5,CM07A,简,收货,上架
AlRe148GSi,银色 品牌14 14英寸 一体机（8吉字节内存）,一体机,品牌14,14英寸,8吉字节内存,银色,16*1*1,16,CX71D,大卫,收货,上架
PrNoA2LaBl,黑色 品牌26 二号纸 打印机（激光）,打印机,品牌26,二号纸,激光,黑色,16*1*1,10,CU86C,约翰,收货,上架
NoExA5ruBl,黑色 品牌16 五号纸 笔记本（横线）,笔记本,品牌16,五号纸,横线,黑色,48*10*5,1682,BF27H,亚历克斯,收货,上架
PrReA2AlMi,混合色 品牌24 二号纸 打印机（一体式）,打印机,品牌24,二号纸,一体式,混合色,16*1*1,14,AR40D,莎拉,收货,上架
LaYn15i7Wh,白色 品牌15 15英寸 笔记本电脑（第7代处理器）,笔记本电脑,品牌15,15英寸,第7代处理器,白色,16*1*1,6,AV46F,艾米,收货,上架
NoGrA3liWh,白色 品牌18 三号纸 笔记本（线条）,笔记本,品牌18,三号纸,线条,白色,48*10*5,6,AT88F,简,收货,上架
DrTE90DoWh,白色 品牌04 900 抽屉柜（带门式）,抽屉柜,品牌04,900,带门式,白色,8*1*1,1,BS20D,艾米,收货,上架
PrNoA3WiMi,混合色 品牌26 三号纸 打印机（无线网络）,打印机,品牌26,三号纸,无线网络,混合色,16*1*1,4,BR60E,大卫,收货,上架
SPGi24WaBl,黑色 品牌21 24 触控笔（水彩）,触控笔,品牌21,24,水彩,黑色,48*10*5,1125,AX57G,艾米丽,收货,上架
NoExA5liBl,黑色 品牌16 五号纸 笔记本（线条）,笔记本,品牌16,五号纸,线条,黑色,48*10*5,868,AM98E,大卫,收货,上架
PrSoA2WiGr,灰色 品牌25 二号纸 打印机（无线网络）,打印机,品牌25,二号纸,无线网络,灰色,16*1*1,4,AT33G,简,收货,上架
TaAE10WoGr,灰色 品牌05 1000 桌子（工作站）,桌子,品牌05,1000,工作站,灰色,8*1*1,8,CI87A,艾米丽,收货,上架
TaTR18AuWh,白色 品牌28 1800 桌子（自动调节）,桌子,品牌28,1800,自动调节,白色,8*1*1,1,AY46B,亚历克斯,收货,上架
OfAELErGr,灰色 品牌05 大号 办公椅（人体工学）,办公椅,品牌05,大号,人体工学,灰色,16*1*1,14,CY35C,迈克,收货,上架
CuTE18SlGr,灰色 品牌04 1800 储物柜（滑动式）,储物柜,品牌04,1800,滑动式,灰色,8*1*1,7,DM86C,约翰,收货,上架
TVEs42SFBl,黑色 品牌32 42英寸 电视机（超级全高清）,电视机,品牌32,42英寸,超级全高清,黑色,8*1*1,6,DG49A,克里斯,收货,上架
PeGi12SoWh,白色 品牌21 12 铅笔（可溶性）,铅笔,品牌21,12,可溶性,白色,48*10*5,1847,DX70G,简,收货,上架
LaPH1732Wh,白色 品牌12 17英寸 笔记本电脑（32吉字节内存）,笔记本电脑,品牌12,17英寸,32吉字节内存,白色,16*1*1,8,CM87B,亚历克斯,收货,上架
OfSESErGr,灰色 品牌08 小号 办公椅（人体工学）,办公椅,品牌08,小号,人体工学,灰色,16*1*1,15,AG73G,亚历克斯,收货,上架
CaRG18FiBe,米色 品牌03 1800 文件柜（文件收纳）,文件柜,品牌03,1800,文件收纳,米色,8*1*1,1,DN62F,莎拉,收货,上架
TaTR10AuSi,银色 品牌29 1000 桌子（自动调节）,桌子,品牌29,1000,自动调节,银色,8*1*1,1,CZ57E,艾米,收货,上架
PrSoA2WiGr,灰色 品牌25 二号纸 打印机（无线网络）,打印机,品牌25,二号纸,无线网络,灰色,16*1*1,2,DF70C,莎拉,收货,上架
GaAELAdWh,白色 品牌05 大号 游戏椅（可调节）,游戏椅,品牌05,大号,可调节,白色,16*1*1,11,BT65E,亚历克斯,收货,上架
SPAl24WaPi,粉色 品牌20 24 触控笔（水彩）,触控笔,品牌20,24,水彩,粉色,48*10*5,389,CI15A,克里斯,收货,上架
SPRe24HeWh,白色 品牌22 24 触控笔（六角形）,触控笔,品牌22,24,六角形,白色,48*10*5,1546,BT49H,劳拉,收货,上架
TaTR18AdGr,灰色 品牌29 1800 桌子（可调节）,桌子,品牌29,1800,可调节,灰色,8*1*1,8,CK95A,艾米丽,收货,上架
TaTR15AuBl,黑色 品牌29 1500 桌子（自动调节）,桌子,品牌29,1500,自动调节,黑色,8*1*1,3,AN08E,克里斯,收货,上架
NoExA3liSi,银色 品牌16 三号纸 笔记本（线条）,笔记本,品牌16,三号纸,线条,银色,48*10*5,355,DJ38D,大卫,收货,上架
CaWE12LoGr,灰色 品牌02 1200 文件柜（储物锁柜）,文件柜,品牌02,1200,储物锁柜,灰色,8*1*1,6,DL75G,大卫,收货,上架
AlYn17i5Gr,灰色 品牌15 17英寸 一体机（第5代处理器）,一体机,品牌15,17英寸,第5代处理器,灰色,16*1*1,10,AO20G,亚历克斯,收货,上架
KePH35BlNa,藏青色 品牌12 350 键盘（蓝牙）,键盘,品牌12,350,蓝牙,藏青色,16*10*1,89,CF17B,大卫,收货,上架
OfOGLHeWh,白色 品牌07 大号 办公椅（头枕）,办公椅,品牌07,大号,头枕,白色,16*1*1,4,CG92G,艾米,收货,上架
AlPH14i7Gr,灰色 品牌12 14英寸 一体机（第7代处理器）,一体机,品牌12,14英寸,第7代处理器,灰色,16*1*1,5,DM38E,约翰,收货,上架
CuWE12SlBe,米色 品牌02 1200 储物柜（滑动式）,储物柜,品牌02,1200,滑动式,米色,8*1*1,7,DJ13E,约翰,收货,上架
NoExA3liWh,白色 品牌16 三号纸 笔记本（线条）,笔记本,品牌16,三号纸,线条,白色,48*10*5,2115,AZ57D,迈克,收货,上架
CuQE90SlBe,米色 品牌01 900 储物柜（滑动式）,储物柜,品牌01,900,滑动式,米色,8*1*1,7,BW80C,克里斯,收货,上架
TVEs32FHBl,黑色 品牌32 32英寸 电视机（全高清）,电视机,品牌32,32英寸,全高清,黑色,8*1*1,7,CP58E,大卫,收货,上架
CaQE12FiGr,灰色 品牌01 1200 文件柜（文件收纳）,文件柜,品牌01,1200,文件收纳,灰色,8*1*1,8,AM24C,亚历克斯,收货,上架
KePH45ErNa,藏青色 品牌12 450 键盘（人体工学）,键盘,品牌12,450,人体工学,藏青色,16*10*1,7,CP86F,大卫,收货,上架
GaAESHePi,粉色 品牌05 小号 游戏椅（头枕）,游戏椅,品牌05,小号,头枕,粉色,16*1*1,14,AF14A,莎拉,收货,上架
SPAl24SoGr,灰色 品牌20 24 触控笔（可溶性）,触控笔,品牌20,24,可溶性,灰色,48*10*5,954,DF15H,迈克,收货,上架
PeNa24WaBl,黑色 品牌23 24 铅笔（水彩）,铅笔,品牌23,24,水彩,黑色,48*10*5,565,AV19D,大卫,收货,上架
SPGi24WaGr,灰色 品牌21 24 触控笔（水彩）,触控笔,品牌21,24,水彩,灰色,48*10*5,1100,BW63D,克里斯,收货,上架
CuQE90SlBe,米色 品牌01 900 储物柜（滑动式）,储物柜,品牌01,900,滑动式,米色,8*1*1,8,DW03B,莎拉,收货,上架
MoSu35ErBl,黑色 品牌11 350 鼠标（人体工学）,鼠标,品牌11,350,人体工学,黑色,16*10*1,32,DO65H,劳拉,收货,上架
TVYn75FHSi,银色 品牌15 75英寸 电视机（全高清）,电视机,品牌15,75英寸,全高清,银色,8*1*1,5,CJ32C,克里斯,收货,上架
KeRe27ErWh,白色 品牌10 270 键盘（人体工学）,键盘,品牌10,270,人体工学,白色,16*10*1,124,BF51B,莎拉,收货,上架
GaSEMLeWh,白色 品牌08 中号 游戏椅（皮革）,游戏椅,品牌08,中号,皮革,白色,16*1*1,5,DL58B,迈克,收货,上架
KeHc45WiWh,白色 品牌09 450 键盘（有线）,键盘,品牌09,450,有线,白色,16*10*1,132,CM35A,亚历克斯,收货,上架
TVYn65FHWh,白色 品牌15 65英寸 电视机（全高清）,电视机,品牌15,65英寸,全高清,白色,8*1*1,2,DR19D,艾米,收货,上架
CuRG90FiGr,灰色 品牌03 900 储物柜（文件收纳）,储物柜,品牌03,900,文件收纳,灰色,8*1*1,3,DO07C,艾米,收货,上架
GaOGMHeWh,白色 品牌07 中号 游戏椅（头枕）,游戏椅,品牌07,中号,头枕,白色,16*1*1,16,AK38C,艾米,收货,上架
AlOv148GGr,灰色 品牌13 14英寸 一体机（8吉字节内存）,一体机,品牌13,14英寸,8吉字节内存,灰色,16*1*1,9,DO19D,莎拉,收货,上架
MoPH27MeBl,黑色 品牌12 270 鼠标（机械式）,鼠标,品牌12,270,机械式,黑色,16*10*1,73,CV56H,艾米,收货,上架
SPAl50HePi,粉色 品牌20 50 触控笔（六角形）,触控笔,品牌20,50,六角形,粉色,48*10*5,843,AH01B,大卫,收货,上架
MoPH27WiNa,藏青色 品牌12 270 鼠标（有线）,鼠标,品牌12,270,有线,藏青色,16*10*1,10,AL38B,迈克,收货,上架
LaYn178GWh,白色 品牌15 17英寸 笔记本电脑（8吉字节内存）,笔记本电脑,品牌15,17英寸,8吉字节内存,白色,16*1*1,8,DJ28G,简,收货,上架
KeHc35MeNa,藏青色 品牌09 350 键盘（机械式）,键盘,品牌09,350,机械式,藏青色,16*10*1,139,DP92E,劳拉,收货,上架
SPRe12HeWh,白色 品牌22 12 触控笔（六角形）,触控笔,品牌22,12,六角形,白色,48*10*5,314,CG49D,简,收货,上架
TaTR15FrBl,黑色 品牌28 1500 桌子（框架式）,桌子,品牌28,1500,框架式,黑色,8*1*1,6,CM07E,艾米丽,收货,上架
GaOGSLeGr,灰色 品牌07 小号 游戏椅（皮革）,游戏椅,品牌07,小号,皮革,灰色,16*1*1,14,BO63D,简,收货,上架
PrSoA4WiMi,混合色 品牌25 四号纸 打印机（无线网络）,打印机,品牌25,四号纸,无线网络,混合色,16*1*1,4,DN05D,亚历克斯,收货,上架
PrSoA2InBl,黑色 品牌25 二号纸 打印机（喷墨）,打印机,品牌25,二号纸,喷墨,黑色,16*1*1,6,DH92G,迈克,收货,上架
TVYn654KSi,银色 品牌15 65英寸 电视机（超高清）,电视机,品牌15,65英寸,超高清,银色,8*1*1,1,AY89H,简,收货,上架
TaAE10FrBl,黑色 品牌05 1000 桌子（框架式）,桌子,品牌05,1000,框架式,黑色,8*1*1,6,DX87G,劳拉,收货,上架
SPAl50WaPi,粉色 品牌20 50 触控笔（水彩）,触控笔,品牌20,50,水彩,粉色,48*10*5,907,BI80D,亚历克斯,收货,上架
AlPH15i7Si,银色 品牌12 15英寸 一体机（第7代处理器）,一体机,品牌12,15英寸,第7代处理器,银色,16*1*1,15,DO93E,莎拉,收货,上架
LaYn17i5Gr,灰色 品牌15 17英寸 笔记本电脑（第5代处理器）,笔记本电脑,品牌15,17英寸,第5代处理器,灰色,16*1*1,16,BF16F,莎拉,收货,上架
AlSu1532Wh,白色 品牌11 15英寸 一体机（32吉字节内存）,一体机,品牌11,15英寸,32吉字节内存,白色,16*1*1,7,AP52G,克里斯,收货,上架
PrReA2AlWh,白色 品牌24 二号纸 打印机（一体式）,打印机,品牌24,二号纸,一体式,白色,16*1*1,16,AY69C,克里斯,收货,上架
AlRe15i7Bl,黑色 品牌14 15英寸 一体机（第7代处理器）,一体机,品牌14,15英寸,第7代处理器,黑色,16*1*1,2,DZ72E,迈克,收货,上架
KeRe45MePi,粉色 品牌10 450 键盘（机械式）,键盘,品牌10,450,机械式,粉色,16*10*1,70,BH06D,莎拉,收货,上架
OfOGMErWh,白色 品牌07 中号 办公椅（人体工学）,办公椅,品牌07,中号,人体工学,白色,16*1*1,15,AT62D,约翰,收货,上架
NoScA5ruGr,灰色 品牌17 五号纸 笔记本（横线）,笔记本,品牌17,五号纸,横线,灰色,48*10*5,1741,CV59H,大卫,收货,上架
LaRe1532Wh,白色 品牌14 15英寸 笔记本电脑（32吉字节内存）,笔记本电脑,品牌14,15英寸,32吉字节内存,白色,16*1*1,11,AW27H,艾米丽,收货,上架
GaOGMErWh,白色 品牌07 中号 游戏椅（人体工学）,游戏椅,品牌07,中号,人体工学,白色,16*1*1,9,CP84D,约翰,收货,上架
LaPH1732Wh,白色 品牌12 17英寸 笔记本电脑（32吉字节内存）,笔记本电脑,品牌12,17英寸,32吉字节内存,白色,16*1*1,12,AS73A,艾米,收货,上架
TVGL75FHWh,白色 品牌31 75英寸 电视机（全高清）,电视机,品牌31,75英寸,全高清,白色,8*1*1,6,DP64F,莎拉,收货,上架
MoRe27WiWh,白色 品牌10 270 鼠标（有线）,鼠标,品牌10,270,有线,白色,16*10*1,30,DK19A,亚历克斯,收货,上架
AlYn15i5Gr,灰色 品牌15 15英寸 一体机（第5代处理器）,一体机,品牌15,15英寸,第5代处理器,灰色,16*1*1,12,CV32G,约翰,收货,上架
LaSu1516Wh,白色 品牌11 15英寸 笔记本电脑（16吉字节内存）,笔记本电脑,品牌11,15英寸,16吉字节内存,白色,16*1*1,12,CH46F,简,收货,上架
GaOGSErPi,粉色 品牌07 小号 游戏椅（人体工学）,游戏椅,品牌07,小号,人体工学,粉色,16*1*1,3,BZ19D,约翰,收货,上架
LaRe15i7Bl,黑色 品牌14 15英寸 笔记本电脑（第7代处理器）,笔记本电脑,品牌14,15英寸,第7代处理器,黑色,16*1*1,9,DW10F,大卫,收货,上架
MoPH45WiNa,藏青色 品牌12 450 鼠标（有线）,鼠标,品牌12,450,有线,藏青色,16*10*1,54,BN35E,迈克,收货,上架
AlYn1416Wh,白色 品牌15 14英寸 一体机（16吉字节内存）,一体机,品牌15,14英寸,16吉字节内存,白色,16*1*1,14,AI08H,莎拉,收货,上架
CaTE18SlBl,黑色 品牌04 1800 文件柜（滑动式）,文件柜,品牌04,1800,滑动式,黑色,8*1*1,4,AX72A,艾米,收货,上架
MoPH35BlPi,粉色 品牌12 350 鼠标（蓝牙）,鼠标,品牌12,350,蓝牙,粉色,16*10*1,20,AK28E,迈克,收货,上架
SPGi24SoGr,灰色 品牌21 24 触控笔（可溶性）,触控笔,品牌21,24,可溶性,灰色,48*10*5,162,DM07A,艾米,收货,上架
PrPHA2MoWh,白色 品牌12 二号纸 打印机（黑白）,打印机,品牌12,二号纸,黑白,白色,16*1*1,15,AN36A,劳拉,收货,上架
DrRG90SlBe,米色 品牌03 900 抽屉柜（滑动式）,抽屉柜,品牌03,900,滑动式,米色,8*1*1,5,AW10D,约翰,收货,上架
NoMuA3ruBl,黑色 品牌19 三号纸 笔记本（横线）,笔记本,品牌19,三号纸,横线,黑色,48*10*5,1407,BM13E,迈克,收货,上架
MoPH45BlPi,粉色 品牌12 450 鼠标（蓝牙）,鼠标,品牌12,450,蓝牙,粉色,16*10*1,130,BU78H,艾米,收货,上架
LaYn14i5Si,银色 品牌15 14英寸 笔记本电脑（第5代处理器）,笔记本电脑,品牌15,14英寸,第5代处理器,银色,16*1*1,5,DY25D,克里斯,收货,上架
SPGi24HeBl,黑色 品牌21 24 触控笔（六角形）,触控笔,品牌21,24,六角形,黑色,48*10*5,1641,CI08A,艾米,收货,上架
KePH35MePi,粉色 品牌12 350 键盘（机械式）,键盘,品牌12,350,机械式,粉色,16*10*1,73,DW64F,简,收货,上架
PrSoA2InBl,黑色 品牌25 二号纸 打印机（喷墨）,打印机,品牌25,二号纸,喷墨,黑色,16*1*1,10,DJ03D,大卫,收货,上架
CuTE90SlBl,黑色 品牌04 900 储物柜（滑动式）,储物柜,品牌04,900,滑动式,黑色,8*1*1,8,BG95G,亚历克斯,收货,上架
LaOv14i5Si,银色 品牌13 14英寸 笔记本电脑（第5代处理器）,笔记本电脑,品牌13,14英寸,第5代处理器,银色,16*1*1,6,DW84F,亚历克斯,收货,上架
CaQE12LoGr,灰色 品牌01 1200 文件柜（储物锁柜）,文件柜,品牌01,1200,储物锁柜,灰色,8*1*1,8,AI68F,大卫,收货,上架
PrReA3WiMi,混合色 品牌24 三号纸 打印机（无线网络）,打印机,品牌24,三号纸,无线网络,混合色,16*1*1,4,CU11E,艾米,收货,上架
KeHc45WiPi,粉色 品牌09 450 键盘（有线）,键盘,品牌09,450,有线,粉色,16*10*1,101,BV63E,约翰,收货,上架
TVGL50S4Wh,白色 品牌31 50英寸 电视机（超级超高清）,电视机,品牌31,50英寸,超级超高清,白色,8*1*1,6,DP50A,莎拉,收货,上架
GaOGMErPi,粉色 品牌07 中号 游戏椅（人体工学）,游戏椅,品牌07,中号,人体工学,粉色,16*1*1,6,AN01D,迈克,收货,上架
DrTE12LoWh,白色 品牌04 1200 抽屉柜（储物锁柜）,抽屉柜,品牌04,1200,储物锁柜,白色,8*1*1,3,BK79H,简,收货,上架
CuWE12FiWh,白色 品牌02 1200 储物柜（文件收纳）,储物柜,品牌02,1200,文件收纳,白色,8*1*1,2,CY71G,艾米,收货,上架
TVEs50S4Gr,灰色 品牌32 50英寸 电视机（超级超高清）,电视机,品牌32,50英寸,超级超高清,灰色,8*1*1,3,AV71C,迈克,收货,上架
GaSELLePi,粉色 品牌08 大号 游戏椅（皮革）,游戏椅,品牌08,大号,皮革,粉色,16*1*1,15,AU56B,艾米,收货,上架
CuQE90LoBl,黑色 品牌01 900 储物柜（储物锁柜）,储物柜,品牌01,900,储物锁柜,黑色,8*1*1,5,CT90G,简,收货,上架
MoPH35MeNa,藏青色 品牌12 350 鼠标（机械式）,鼠标,品牌12,350,机械式,藏青色,16*10*1,21,BO62G,大卫,收货,上架
CuQE18FiBl,黑色 品牌01 1800 储物柜（文件收纳）,储物柜,品牌01,1800,文件收纳,黑色,8*1*1,2,DV56E,艾米丽,收货,上架
TaAE18AdSi,银色 品牌05 1800 桌子（可调节）,桌子,品牌05,1800,可调节,银色,8*1*1,5,AS14B,简,收货,上架
SPAl12SoWh,白色 品牌20 12 触控笔（可溶性）,触控笔,品牌20,12,可溶性,白色,48*10*5,2051,DX53A,艾米,收货,上架
TaTR10FrGr,灰色 品牌29 1000 桌子（框架式）,桌子,品牌29,1000,框架式,灰色,8*1*1,6,AQ11B,莎拉,收货,上架
LaRe15i7Si,银色 品牌14 15英寸 笔记本电脑（第7代处理器）,笔记本电脑,品牌14,15英寸,第7代处理器,银色,16*1*1,8,DN09B,大卫,收货,上架
DrWE18SlGr,灰色 品牌02 1800 抽屉柜（滑动式）,抽屉柜,品牌02,1800,滑动式,灰色,8*1*1,4,BS47B,莎拉,收货,上架
LaPH1432Si,银色 品牌12 14英寸 笔记本电脑（32吉字节内存）,笔记本电脑,品牌12,14英寸,32吉字节内存,银色,16*1*1,12,DV31E,亚历克斯,收货,上架
AlSu1532Si,银色 品牌11 15英寸 一体机（32吉字节内存）,一体机,品牌11,15英寸,32吉字节内存,银色,16*1*1,16,BV80A,劳拉,收货,上架
TaAE15AdSi,银色 品牌05 1500 桌子（可调节）,桌子,品牌05,1500,可调节,银色,8*1*1,3,DW91H,克里斯,收货,上架
MoRe27MeBl,黑色 品牌10 270 鼠标（机械式）,鼠标,品牌10,270,机械式,黑色,16*10*1,123,CN76E,劳拉,收货,上架
PeAl50WaPi,粉色 品牌20 50 铅笔（水彩）,铅笔,品牌20,50,水彩,粉色,48*10*5,752,AT58H,约翰,收货,上架
KeHc35WiPi,粉色 品牌09 350 键盘（有线）,键盘,品牌09,350,有线,粉色,16*10*1,19,AI45F,约翰,收货,上架
CuRG90LoGr,灰色 品牌03 900 储物柜（储物锁柜）,储物柜,品牌03,900,储物锁柜,灰色,8*1*1,7,BO85H,劳拉,收货,上架
CuQE12LoWh,白色 品牌01 1200 储物柜（储物锁柜）,储物柜,品牌01,1200,储物锁柜,白色,8*1*1,5,AS22C,艾米,收货,上架
NoGrA4doSi,银色 品牌18 四号纸 笔记本（点阵）,笔记本,品牌18,四号纸,点阵,银色,48*10*5,787,AS16F,大卫,收货,上架
LaOv1516Bl,黑色 品牌13 15英寸 笔记本电脑（16吉字节内存）,笔记本电脑,品牌13,15英寸,16吉字节内存,黑色,16*1*1,7,AG90H,简,收货,上架
PrPHA4AlGr,灰色 品牌12 四号纸 打印机（一体式）,打印机,品牌12,四号纸,一体式,灰色,16*1*1,7,DN83B,劳拉,收货,上架
PrSoA2WiMi,混合色 品牌25 二号纸 打印机（无线网络）,打印机,品牌25,二号纸,无线网络,混合色,16*1*1,8,CW05F,大卫,收货,上架
AlRe14i5Bl,黑色 品牌14 14英寸 一体机（第5代处理器）,一体机,品牌14,14英寸,第5代处理器,黑色,16*1*1,5,CH95A,迈克,收货,上架
DrQE90FiBl,黑色 品牌01 900 抽屉柜（文件收纳）,抽屉柜,品牌01,900,文件收纳,黑色,8*1*1,4,BT73G,约翰,收货,上架
PrPHA2AlGr,灰色 品牌12 二号纸 打印机（一体式）,打印机,品牌12,二号纸,一体式,灰色,16*1*1,4,DZ82C,莎拉,收货,上架
SPNa24SoWh,白色 品牌23 24 触控笔（可溶性）,触控笔,品牌23,24,可溶性,白色,48*10*5,507,DP28G,劳拉,收货,上架
MoPH45WiBl,黑色 品牌12 450 鼠标（有线）,鼠标,品牌12,450,有线,黑色,16*10*1,25,DT07C,莎拉,收货,上架
CaTE90FiWh,白色 品牌04 900 文件柜（文件收纳）,文件柜,品牌04,900,文件收纳,白色,8*1*1,5,AQ10H,艾米,收货,上架
TVGL50SFGr,灰色 品牌31 50英寸 电视机（超级全高清）,电视机,品牌31,50英寸,超级全高清,灰色,8*1*1,4,BR80B,克里斯,收货,上架
LaRe148GGr,灰色 品牌14 14英寸 笔记本电脑（8吉字节内存）,笔记本电脑,品牌14,14英寸,8吉字节内存,灰色,16*1*1,9,DU19B,莎拉,收货,上架
TVEs424KBl,黑色 品牌32 42英寸 电视机（超高清）,电视机,品牌32,42英寸,超高清,黑色,8*1*1,2,BN26H,劳拉,收货,上架
CuQE12LoBe,米色 品牌01 1200 储物柜（储物锁柜）,储物柜,品牌01,1200,储物锁柜,米色,8*1*1,8,CS22D,大卫,收货,上架
KeRe45BlNa,藏青色 品牌10 450 键盘（蓝牙）,键盘,品牌10,450,蓝牙,藏青色,16*10*1,104,DO53F,劳拉,收货,上架
TVGL50FHBl,黑色 品牌31 50英寸 电视机（全高清）,电视机,品牌31,50英寸,全高清,黑色,8*1*1,6,DO34F,迈克,收货,上架
DrTE18FiGr,灰色 品牌04 1800 抽屉柜（文件收纳）,抽屉柜,品牌04,1800,文件收纳,灰色,8*1*1,3,AM69E,大卫,收货,上架
CuTE18FiGr,灰色 品牌04 1800 储物柜（文件收纳）,储物柜,品牌04,1800,文件收纳,灰色,8*1*1,4,AZ07F,亚历克斯,收货,上架
KePH45BlWh,白色 品牌12 450 键盘（蓝牙）,键盘,品牌12,450,蓝牙,白色,16*10*1,15,CM65G,克里斯,收货,上架
LaYn158GGr,灰色 品牌15 15英寸 笔记本电脑（8吉字节内存）,笔记本电脑,品牌15,15英寸,8吉字节内存,灰色,16*1*1,5,BU73E,约翰,收货,上架
GaOGSHeBl,黑色 品牌07 小号 游戏椅（头枕）,游戏椅,品牌07,小号,头枕,黑色,16*1*1,4,BH14C,艾米丽,收货,上架
LaOv17i7Bl,黑色 品牌13 17英寸 笔记本电脑（第7代处理器）,笔记本电脑,品牌13,17英寸,第7代处理器,黑色,16*1*1,16,AL91C,克里斯,收货,上架
PrNoA4AlMi,混合色 品牌26 四号纸 打印机（一体式）,打印机,品牌26,四号纸,一体式,混合色,16*1*1,6,DS95F,大卫,收货,上架
SPGi50WaPi,粉色 品牌21 50 触控笔（水彩）,触控笔,品牌21,50,水彩,粉色,48*10*5,2299,BQ25H,迈克,收货,上架
TVGL50FHGr,灰色 品牌31 50英寸 电视机（全高清）,电视机,品牌31,50英寸,全高清,灰色,8*1*1,5,CF77B,艾米,收货,上架
TaTR18FrGr,灰色 品牌29 1800 桌子（框架式）,桌子,品牌29,1800,框架式,灰色,8*1*1,4,AT79B,莎拉,收货,上架
DrQE12LoGr,灰色 品牌01 1200 抽屉柜（储物锁柜）,抽屉柜,品牌01,1200,储物锁柜,灰色,8*1*1,2,DR36A,迈克,收货,上架
MoHc27BlNa,藏青色 品牌09 270 鼠标（蓝牙）,鼠标,品牌09,270,蓝牙,藏青色,16*10*1,8,AS48F,迈克,收货,上架
NoExA5ruWh,白色 品牌16 五号纸 笔记本（横线）,笔记本,品牌16,五号纸,横线,白色,48*10*5,1622,AK27E,艾米丽,收货,上架
TaTR15AdGr,灰色 品牌28 1500 桌子（可调节）,桌子,品牌28,1500,可调节,灰色,8*1*1,3,AV16B,亚历克斯,收货,上架
PrPHA4InWh,白色 品牌12 四号纸 打印机（喷墨）,打印机,品牌12,四号纸,喷墨,白色,16*1*1,16,BF66D,艾米,收货,上架
PrReA4InBl,黑色 品牌24 四号纸 打印机（喷墨）,打印机,品牌24,四号纸,喷墨,黑色,16*1*1,7,AQ09E,艾米,收货,上架
TVEs50SFBl,黑色 品牌32 50英寸 电视机（超级全高清）,电视机,品牌32,50英寸,超级全高清,黑色,8*1*1,4,DV58H,迈克,收货,上架
OfAEMAdWh,白色 品牌05 中号 办公椅（可调节）,办公椅,品牌05,中号,可调节,白色,16*1*1,12,CL21F,艾米,收货,上架
PrPHA4InGr,灰色 品牌12 四号纸 打印机（喷墨）,打印机,品牌12,四号纸,喷墨,灰色,16*1*1,10,DY85G,艾米丽,收货,上架
PrReA3AlWh,白色 品牌24 三号纸 打印机（一体式）,打印机,品牌24,三号纸,一体式,白色,16*1*1,14,CG93H,简,收货,上架
CaRG18FiGr,灰色 品牌03 1800 文件柜（文件收纳）,文件柜,品牌03,1800,文件收纳,灰色,8*1*1,3,BX43C,劳拉,收货,上架
AlOv178GGr,灰色 品牌13 17英寸 一体机（8吉字节内存）,一体机,品牌13,17英寸,8吉字节内存,灰色,16*1*1,5,DH90C,亚历克斯,收货,上架
DrWE12FiGr,灰色 品牌02 1200 抽屉柜（文件收纳）,抽屉柜,品牌02,1200,文件收纳,灰色,8*1*1,4,DW10E,迈克,收货,上架
LaOv178GBl,黑色 品牌13 17英寸 笔记本电脑（8吉字节内存）,笔记本电脑,品牌13,17英寸,8吉字节内存,黑色,16*1*1,16,CQ43F,简,收货,上架
CaWE12FiBe,米色 品牌02 1200 文件柜（文件收纳）,文件柜,品牌02,1200,文件收纳,米色,8*1*1,2,BR49D,亚历克斯,收货,上架
CaRG90LoWh,白色 品牌03 900 文件柜（储物锁柜）,文件柜,品牌03,900,储物锁柜,白色,8*1*1,7,AJ49E,迈克,收货,上架
TaCI15AuSi,银色 品牌27 1500 桌子（自动调节）,桌子,品牌27,1500,自动调节,银色,8*1*1,8,CO72E,亚历克斯,收货,上架
OfOGMAdGr,灰色 品牌07 中号 办公椅（可调节）,办公椅,品牌07,中号,可调节,灰色,16*1*1,5,DT56B,亚历克斯,收货,上架
TaAE15AdSi,银色 品牌05 1500 桌子（可调节）,桌子,品牌05,1500,可调节,银色,8*1*1,7,AS47C,艾米丽,收货,上架
MoSu27MePi,粉色 品牌11 270 鼠标（机械式）,鼠标,品牌11,270,机械式,粉色,16*10*1,103,AW70C,艾米丽,收货,上架
TVEs75SFBl,黑色 品牌32 75英寸 电视机（超级全高清）,电视机,品牌32,75英寸,超级全高清,黑色,8*1*1,2,CW95C,大卫,收货,上架
TaCI15AuWh,白色 品牌27 1500 桌子（自动调节）,桌子,品牌27,1500,自动调节,白色,8*1*1,5,AL90G,简,收货,上架
MoHc35ErWh,白色 品牌09 350 鼠标（人体工学）,鼠标,品牌09,350,人体工学,白色,16*10*1,114,DZ17H,艾米丽,收货,上架
SPNa24WaWh,白色 品牌23 24 触控笔（水彩）,触控笔,品牌23,24,水彩,白色,48*10*5,1848,AK05F,艾米,收货,上架
LaSu148GWh,白色 品牌11 14英寸 笔记本电脑（8吉字节内存）,笔记本电脑,品牌11,14英寸,8吉字节内存,白色,16*1*1,16,CV64E,约翰,收货,上架
CuQE90LoWh,白色 品牌01 900 储物柜（储物锁柜）,储物柜,品牌01,900,储物锁柜,白色,8*1*1,2,CZ12G,亚历克斯,收货,上架
TVYn32S4Si,银色 品牌15 32英寸 电视机（超级超高清）,电视机,品牌15,32英寸,超级超高清,银色,8*1*1,4,CU22B,艾米,收货,上架
TVGn754KGr,灰色 品牌30 75英寸 电视机（超高清）,电视机,品牌30,75英寸,超高清,灰色,8*1*1,8,CN31H,约翰,收货,上架
AlYn1516Wh,白色 品牌15 15英寸 一体机（16吉字节内存）,一体机,品牌15,15英寸,16吉字节内存,白色,16*1*1,3,DN48B,迈克,收货,上架
OfOGLAdBl,黑色 品牌07 大号 办公椅（可调节）,办公椅,品牌07,大号,可调节,黑色,16*1*1,4,AW40D,简,收货,上架
SPGi50SoWh,白色 品牌21 50 触控笔（可溶性）,触控笔,品牌21,50,可溶性,白色,48*10*5,117,AY07C,艾米,收货,上架
NoMuA4ruSi,银色 品牌19 四号纸 笔记本（横线）,笔记本,品牌19,四号纸,横线,银色,48*10*5,2146,BW10H,艾米丽,收货,上架
TVYn50FHWh,白色 品牌15 50英寸 电视机（全高清）,电视机,品牌15,50英寸,全高清,白色,8*1*1,3,BM13B,莎拉,收货,上架
AlPH1716Si,银色 品牌12 17英寸 一体机（16吉字节内存）,一体机,品牌12,17英寸,16吉字节内存,银色,16*1*1,9,BR39B,约翰,收货,上架
AlRe17i7Bl,黑色 品牌14 17英寸 一体机（第7代处理器）,一体机,品牌14,17英寸,第7代处理器,黑色,16*1*1,14,DS02A,简,收货,上架
TVEs42SFSi,银色 品牌32 42英寸 电视机（超级全高清）,电视机,品牌32,42英寸,超级全高清,银色,8*1*1,5,CY07G,亚历克斯,收货,上架
DrTE12SlGr,灰色 品牌04 1200 抽屉柜（滑动式）,抽屉柜,品牌04,1200,滑动式,灰色,8*1*1,3,DM25D,迈克,收货,上架
SPGi12SoWh,白色 品牌21 12 触控笔（可溶性）,触控笔,品牌21,12,可溶性,白色,48*10*5,1959,DU34F,大卫,收货,上架
OfSELLePi,粉色 品牌08 大号 办公椅（皮革）,办公椅,品牌08,大号,皮革,粉色,16*1*1,6,BM48B,大卫,收货,上架
PrReA2LaGr,灰色 品牌24 二号纸 打印机（激光）,打印机,品牌24,二号纸,激光,灰色,16*1*1,2,BN61D,劳拉,收货,上架
TVYn50S4Gr,灰色 品牌15 50英寸 电视机（超级超高清）,电视机,品牌15,50英寸,超级超高清,灰色,8*1*1,2,AJ49E,亚历克斯,收货,上架
DrWE90FiGr,灰色 品牌02 900 抽屉柜（文件收纳）,抽屉柜,品牌02,900,文件收纳,灰色,8*1*1,7,CX29G,约翰,收货,上架
KeRe45WiWh,白色 品牌10 450 键盘（有线）,键盘,品牌10,450,有线,白色,16*10*1,139,AF41G,大卫,收货,上架
TaAE10AdWh,白色 品牌05 1000 桌子（可调节）,桌子,品牌05,1000,可调节,白色,8*1*1,5,CO94D,迈克,收货,上架
NoExA3doBl,黑色 品牌16 三号纸 笔记本（点阵）,笔记本,品牌16,三号纸,点阵,黑色,48*10*5,33,CT15C,约翰,收货,上架
SPRe50WaBl,黑色 品牌22 50 触控笔（水彩）,触控笔,品牌22,50,水彩,黑色,48*10*5,2068,BM63F,亚历克斯,收货,上架
TaAE10AuGr,灰色 品牌05 1000 桌子（自动调节）,桌子,品牌05,1000,自动调节,灰色,8*1*1,5,AQ49D,约翰,收货,上架
LaPH17i5Bl,黑色 品牌12 17英寸 笔记本电脑（第5代处理器）,笔记本电脑,品牌12,17英寸,第5代处理器,黑色,16*1*1,13,AL60A,克里斯,收货,上架
MoHc45WiBl,黑色 品牌09 450 鼠标（有线）,鼠标,品牌09,450,有线,黑色,16*10*1,43,DG16C,劳拉,收货,上架
DrWE90DoBe,米色 品牌02 900 抽屉柜（带门式）,抽屉柜,品牌02,900,带门式,米色,8*1*1,8,DG12C,约翰,收货,上架
MoPH45WiBl,黑色 品牌12 450 鼠标（有线）,鼠标,品牌12,450,有线,黑色,16*10*1,130,CF02F,劳拉,收货,上架
TVYn42SFGr,灰色 品牌15 42英寸 电视机（超级全高清）,电视机,品牌15,42英寸,超级全高清,灰色,8*1*1,3,AS24E,约翰,收货,上架
PrSoA2WiWh,白色 品牌25 二号纸 打印机（无线网络）,打印机,品牌25,二号纸,无线网络,白色,16*1*1,10,AZ17F,大卫,收货,上架
LaRe1532Bl,黑色 品牌14 15英寸 笔记本电脑（32吉字节内存）,笔记本电脑,品牌14,15英寸,32吉字节内存,黑色,16*1*1,14,BG79F,莎拉,收货,上架
CaQE90DoBl,黑色 品牌01 900 文件柜（带门式）,文件柜,品牌01,900,带门式,黑色,8*1*1,5,BH11F,大卫,收货,上架
PrPHA3WiMi,混合色 品牌12 三号纸 打印机（无线网络）,打印机,品牌12,三号纸,无线网络,混合色,16*1*1,9,CH51E,艾米,收货,上架
MoSu45WiWh,白色 品牌11 450 鼠标（有线）,鼠标,品牌11,450,有线,白色,16*10*1,122,BZ38F,艾米丽,收货,上架
CuWE18SlBe,米色 品牌02 1800 储物柜（滑动式）,储物柜,品牌02,1800,滑动式,米色,8*1*1,3,BU51H,迈克,收货,上架
NoExA4doSi,银色 品牌16 四号纸 笔记本（点阵）,笔记本,品牌16,四号纸,点阵,银色,48*10*5,1296,AX37B,大卫,收货,上架
PrReA4AlWh,白色 品牌24 四号纸 打印机（一体式）,打印机,品牌24,四号纸,一体式,白色,16*1*1,12,BI30B,简,收货,上架
CaWE90SlBl,黑色 品牌02 900 文件柜（滑动式）,文件柜,品牌02,900,滑动式,黑色,8*1*1,6,DP39C,约翰,收货,上架
KeHc45WiBl,黑色 品牌09 450 键盘（有线）,键盘,品牌09,450,有线,黑色,16*10*1,86,CZ34C,亚历克斯,收货,上架
SPNa50WaGr,灰色 品牌23 50 触控笔（水彩）,触控笔,品牌23,50,水彩,灰色,48*10*5,441,CN43F,约翰,收货,上架
CaWE18SlWh,白色 品牌02 1800 文件柜（滑动式）,文件柜,品牌02,1800,滑动式,白色,8*1*1,5,CZ46G,劳拉,收货,上架
AlRe14i5Bl,黑色 品牌14 14英寸 一体机（第5代处理器）,一体机,品牌14,14英寸,第5代处理器,黑色,16*1*1,12,DW85F,大卫,收货,上架
OfAESLeWh,白色 品牌05 小号 办公椅（皮革）,办公椅,品牌05,小号,皮革,白色,16*1*1,9,DY17D,迈克,收货,上架
OfOGSHePi,粉色 品牌07 小号 办公椅（头枕）,办公椅,品牌07,小号,头枕,粉色,16*1*1,8,DF42H,艾米,收货,上架
TVGn50FHBl,黑色 品牌30 50英寸 电视机（全高清）,电视机,品牌30,50英寸,全高清,黑色,8*1*1,2,CY59E,大卫,收货,上架
GaXESLePi,粉色 品牌06 小号 游戏椅（皮革）,游戏椅,品牌06,小号,皮革,粉色,16*1*1,5,CW09E,简,收货,上架
SPGi50HeBl,黑色 品牌21 50 触控笔（六角形）,触控笔,品牌21,50,六角形,黑色,48*10*5,816,DW82B,克里斯,收货,上架
NoScA4ruGr,灰色 品牌17 四号纸 笔记本（横线）,笔记本,品牌17,四号纸,横线,灰色,48*10*5,1596,DP81F,约翰,收货,上架
AlRe1732Bl,黑色 品牌14 17英寸 一体机（32吉字节内存）,一体机,品牌14,17英寸,32吉字节内存,黑色,16*1*1,4,DG27C,劳拉,收货,上架
PrPHA2LaMi,混合色 品牌12 二号纸 打印机（激光）,打印机,品牌12,二号纸,激光,混合色,16*1*1,5,DR70E,亚历克斯,收货,上架
SPAl12SoPi,粉色 品牌20 12 触控笔（可溶性）,触控笔,品牌20,12,可溶性,粉色,48*10*5,969,CF31A,亚历克斯,收货,上架
DrRG90SlGr,灰色 品牌03 900 抽屉柜（滑动式）,抽屉柜,品牌03,900,滑动式,灰色,8*1*1,4,CR93C,莎拉,收货,上架
PeGi12WaBl,黑色 品牌21 12 铅笔（水彩）,铅笔,品牌21,12,水彩,黑色,48*10*5,525,AV95H,大卫,收货,上架
LaOv1416Wh,白色 品牌13 14英寸 笔记本电脑（16吉字节内存）,笔记本电脑,品牌13,14英寸,16吉字节内存,白色,16*1*1,2,AO06D,约翰,收货,上架
TVGn654KSi,银色 品牌30 65英寸 电视机（超高清）,电视机,品牌30,65英寸,超高清,银色,8*1*1,5,DQ43G,艾米,收货,上架
TVEs424KBl,黑色 品牌32 42英寸 电视机（超高清）,电视机,品牌32,42英寸,超高清,黑色,8*1*1,4,BP58A,简,收货,上架
GaSEMAdWh,白色 品牌08 中号 游戏椅（可调节）,游戏椅,品牌08,中号,可调节,白色,16*1*1,8,BR91B,劳拉,收货,上架
DrRG18DoBl,黑色 品牌03 1800 抽屉柜（带门式）,抽屉柜,品牌03,1800,带门式,黑色,8*1*1,6,CM63B,约翰,收货,上架
PrPHA3MoGr,灰色 品牌12 三号纸 打印机（黑白）,打印机,品牌12,三号纸,黑白,灰色,16*1*1,3,DX33B,简,收货,上架
SPNa50SoGr,灰色 品牌23 50 触控笔（可溶性）,触控笔,品牌23,50,可溶性,灰色,48*10*5,1358,DN48F,大卫,收货,上架
CaRG90DoGr,灰色 品牌03 900 文件柜（带门式）,文件柜,品牌03,900,带门式,灰色,8*1*1,3,AP82B,劳拉,收货,上架
GaSEMHePi,粉色 品牌08 中号 游戏椅（头枕）,游戏椅,品牌08,中号,头枕,粉色,16*1*1,4,DY64H,克里斯,收货,上架
KePH35WiPi,粉色 品牌12 350 键盘（有线）,键盘,品牌12,350,有线,粉色,16*10*1,140,BJ05G,迈克,收货,上架
PeRe50HePi,粉色 品牌22 50 铅笔（六角形）,铅笔,品牌22,50,六角形,粉色,48*10*5,1059,DN57C,艾米,收货,上架
SPGi12HeBl,黑色 品牌21 12 触控笔（六角形）,触控笔,品牌21,12,六角形,黑色,48*10*5,1331,DO09F,艾米丽,收货,上架
DrWE18DoBl,黑色 品牌02 1800 抽屉柜（带门式）,抽屉柜,品牌02,1800,带门式,黑色,8*1*1,7,AN72D,迈克,收货,上架
AlYn1716Si,银色 品牌15 17英寸 一体机（16吉字节内存）,一体机,品牌15,17英寸,16吉字节内存,银色,16*1*1,11,BQ09A,艾米丽,收货,上架
PeGi12SoBl,黑色 品牌21 12 铅笔（可溶性）,铅笔,品牌21,12,可溶性,黑色,48*10*5,1174,CF23E,克里斯,收货,上架
DrQE90FiWh,白色 品牌01 900 抽屉柜（文件收纳）,抽屉柜,品牌01,900,文件收纳,白色,8*1*1,2,AX07G,艾米,收货,上架
DrRG12LoBl,黑色 品牌03 1200 抽屉柜（储物锁柜）,抽屉柜,品牌03,1200,储物锁柜,黑色,8*1*1,8,BF36E,简,收货,上架
GaAELAdBl,黑色 品牌05 大号 游戏椅（可调节）,游戏椅,品牌05,大号,可调节,黑色,16*1*1,8,AP91F,莎拉,收货,上架
LaSu17i5Wh,白色 品牌11 17英寸 笔记本电脑（第5代处理器）,笔记本电脑,品牌11,17英寸,第5代处理器,白色,16*1*1,2,BH38E,艾米丽,收货,上架
MoPH27WiNa,藏青色 品牌12 270 鼠标（有线）,鼠标,品牌12,270,有线,藏青色,16*10*1,17,DW54F,亚历克斯,收货,上架
LaYn158GGr,灰色 品牌15 15英寸 笔记本电脑（8吉字节内存）,笔记本电脑,品牌15,15英寸,8吉字节内存,灰色,16*1*1,7,AU54C,亚历克斯,收货,上架
NoGrA4doWh,白色 品牌18 四号纸 笔记本（点阵）,笔记本,品牌18,四号纸,点阵,白色,48*10*5,1555,AU22A,莎拉,收货,上架
GaAEMAdBl,黑色 品牌05 中号 游戏椅（可调节）,游戏椅,品牌05,中号,可调节,黑色,16*1*1,2,CK93H,大卫,收货,上架
LaPH148GWh,白色 品牌12 14英寸 笔记本电脑（8吉字节内存）,笔记本电脑,品牌12,14英寸,8吉字节内存,白色,16*1*1,10,BV85F,艾米,收货,上架
OfOGLErBl,黑色 品牌07 大号 办公椅（人体工学）,办公椅,品牌07,大号,人体工学,黑色,16*1*1,7,CV69C,简,收货,上架
PeAl12SoWh,白色 品牌20 12 铅笔（可溶性）,铅笔,品牌20,12,可溶性,白色,48*10*5,1170,DL16A,约翰,收货,上架
AlYn17i7Gr,灰色 品牌15 17英寸 一体机（第7代处理器）,一体机,品牌15,17英寸,第7代处理器,灰色,16*1*1,3,DF51H,莎拉,收货,上架
KeRe27MeBl,黑色 品牌10 270 键盘（机械式）,键盘,品牌10,270,机械式,黑色,16*10*1,151,AY39D,劳拉,收货,上架
LaYn1532Gr,灰色 品牌15 15英寸 笔记本电脑（32吉字节内存）,笔记本电脑,品牌15,15英寸,32吉字节内存,灰色,16*1*1,5,DJ90C,亚历克斯,收货,上架
TVEs42SFWh,白色 品牌32 42英寸 电视机（超级全高清）,电视机,品牌32,42英寸,超级全高清,白色,8*1*1,2,DS05E,亚历克斯,收货,上架
OfAELAdPi,粉色 品牌05 大号 办公椅（可调节）,办公椅,品牌05,大号,可调节,粉色,16*1*1,9,BW73H,简,收货,上架
OfAESLeBl,黑色 品牌05 小号 办公椅（皮革）,办公椅,品牌05,小号,皮革,黑色,16*1*1,1,CY95C,大卫,收货,上架
DrWE12SlGr,灰色 品牌02 1200 抽屉柜（滑动式）,抽屉柜,品牌02,1200,滑动式,灰色,8*1*1,7,CK74D,莎拉,收货,上架
MoRe45ErPi,粉色 品牌10 450 鼠标（人体工学）,鼠标,品牌10,450,人体工学,粉色,16*10*1,115,BW64A,简,收货,上架
MoHc27ErPi,粉色 品牌09 270 鼠标（人体工学）,鼠标,品牌09,270,人体工学,粉色,16*10*1,138,DS19E,劳拉,收货,上架
LaSu14i5Si,银色 品牌11 14英寸 笔记本电脑（第5代处理器）,笔记本电脑,品牌11,14英寸,第5代处理器,银色,16*1*1,13,CU76G,迈克,收货,上架
AlSu1532Si,银色 品牌11 15英寸 一体机（32吉字节内存）,一体机,品牌11,15英寸,32吉字节内存,银色,16*1*1,12,AV50G,迈克,收货,上架
PrPHA2LaGr,灰色 品牌12 二号纸 打印机（激光）,打印机,品牌12,二号纸,激光,灰色,16*1*1,5,BT17H,亚历克斯,收货,上架
TVGn32SFGr,灰色 品牌30 32英寸 电视机（超级全高清）,电视机,品牌30,32英寸,超级全高清,灰色,8*1*1,2,DZ24A,迈克,收货,上架
CuWE90LoGr,灰色 品牌02 900 储物柜（储物锁柜）,储物柜,品牌02,900,储物锁柜,灰色,8*1*1,5,DS62E,简,收货,上架
LaRe17i7Gr,灰色 品牌14 17英寸 笔记本电脑（第7代处理器）,笔记本电脑,品牌14,17英寸,第7代处理器,灰色,16*1*1,10,BH19F,大卫,收货,上架
MoHc45BlPi,粉色 品牌09 450 鼠标（蓝牙）,鼠标,品牌09,450,蓝牙,粉色,16*10*1,3,CN09G,迈克,收货,上架
KeHc45BlBl,黑色 品牌09 450 键盘（蓝牙）,键盘,品牌09,450,蓝牙,黑色,16*10*1,3,BG70F,艾米,收货,上架
DrTE12SlGr,灰色 品牌04 1200 抽屉柜（滑动式）,抽屉柜,品牌04,1200,滑动式,灰色,8*1*1,3,AZ85G,艾米丽,收货,上架
MoPH35BlBl,黑色 品牌12 350 鼠标（蓝牙）,鼠标,品牌12,350,蓝牙,黑色,16*10*1,137,AL02G,亚历克斯,收货,上架
MoPH27MePi,粉色 品牌12 270 鼠标（机械式）,鼠标,品牌12,270,机械式,粉色,16*10*1,56,AV28D,克里斯,收货,上架
PrPHA2WiBl,黑色 品牌12 二号纸 打印机（无线网络）,打印机,品牌12,二号纸,无线网络,黑色,16*1*1,15,BV56G,迈克,收货,上架
OfXESLeWh,白色 品牌06 小号 办公椅（皮革）,办公椅,品牌06,小号,皮革,白色,16*1*1,13,AF36F,艾米,收货,上架
CaWE12SlBe,米色 品牌02 1200 文件柜（滑动式）,文件柜,品牌02,1200,滑动式,米色,8*1*1,2,CF38F,大卫,收货,上架
CaQE18SlBe,米色 品牌01 1800 文件柜（滑动式）,文件柜,品牌01,1800,滑动式,米色,8*1*1,5,CY07G,艾米,收货,上架
LaOv14i5Si,银色 品牌13 14英寸 笔记本电脑（第5代处理器）,笔记本电脑,品牌13,14英寸,第5代处理器,银色,16*1*1,16,CM04D,大卫,收货,上架
CuWE90LoWh,白色 品牌02 900 储物柜（储物锁柜）,储物柜,品牌02,900,储物锁柜,白色,8*1*1,8,AO75F,莎拉,收货,上架
TVGL32S4Gr,灰色 品牌31 32英寸 电视机（超级超高清）,电视机,品牌31,32英寸,超级超高清,灰色,8*1*1,7,BI56D,劳拉,收货,上架
AlOv14i7Gr,灰色 品牌13 14英寸 一体机（第7代处理器）,一体机,品牌13,14英寸,第7代处理器,灰色,16*1*1,4,DQ12F,艾米丽,收货,上架
TVYn754KWh,白色 品牌15 75英寸 电视机（超高清）,电视机,品牌15,75英寸,超高清,白色,8*1*1,8,CL07C,莎拉,收货,上架
TVYn32SFWh,白色 品牌15 32英寸 电视机（超级全高清）,电视机,品牌15,32英寸,超级全高清,白色,8*1*1,6,DQ87H,克里斯,收货,上架
NoExA4ruSi,银色 品牌16 四号纸 笔记本（横线）,笔记本,品牌16,四号纸,横线,银色,48*10*5,864,BQ21F,迈克,收货,上架
TVGL32S4Gr,灰色 品牌31 32英寸 电视机（超级超高清）,电视机,品牌31,32英寸,超级超高清,灰色,8*1*1,2,CF93C,克里斯,收货,上架
KeHc45WiBl,黑色 品牌09 450 键盘（有线）,键盘,品牌09,450,有线,黑色,16*10*1,60,DO52B,艾米丽,收货,上架
CaTE90LoBl,黑色 品牌04 900 文件柜（储物锁柜）,文件柜,品牌04,900,储物锁柜,黑色,8*1*1,4,BG23E,亚历克斯,收货,上架
PrPHA4AlBl,黑色 品牌12 四号纸 打印机（一体式）,打印机,品牌12,四号纸,一体式,黑色,16*1*1,3,AW27G,约翰,收货,上架
PrSoA4LaWh,白色 品牌25 四号纸 打印机（激光）,打印机,品牌25,四号纸,激光,白色,16*1*1,14,DI55A,亚历克斯,收货,上架
TVYn424KBl,黑色 品牌15 42英寸 电视机（超高清）,电视机,品牌15,42英寸,超高清,黑色,8*1*1,1,CU95E,大卫,收货,上架
TVEs75S4Gr,灰色 品牌32 75英寸 电视机（超级超高清）,电视机,品牌32,75英寸,超级超高清,灰色,8*1*1,1,DO66D,简,收货,上架
PeGi50SoPi,粉色 品牌21 50 铅笔（可溶性）,铅笔,品牌21,50,可溶性,粉色,48*10*5,297,AQ86D,艾米丽,收货,上架
LaPH14i7Bl,黑色 品牌12 14英寸 笔记本电脑（第7代处理器）,笔记本电脑,品牌12,14英寸,第7代处理器,黑色,16*1*1,3,AJ88B,莎拉,收货,上架
KePH27WiBl,黑色 品牌12 270 键盘（有线）,键盘,品牌12,270,有线,黑色,16*10*1,41,AM28E,劳拉,收货,上架
PrNoA4InBl,黑色 品牌26 四号纸 打印机（喷墨）,打印机,品牌26,四号纸,喷墨,黑色,16*1*1,9,AZ39A,简,收货,上架
TVEs42SFSi,银色 品牌32 42英寸 电视机（超级全高清）,电视机,品牌32,42英寸,超级全高清,银色,8*1*1,7,DK27C,莎拉,收货,上架
NoGrA5ruBl,黑色 品牌18 五号纸 笔记本（横线）,笔记本,品牌18,五号纸,横线,黑色,48*10*5,356,CS37G,大卫,收货,上架
TVGL75S4Si,银色 品牌31 75英寸 电视机（超级超高清）,电视机,品牌31,75英寸,超级超高清,银色,8*1*1,6,CL35E,亚历克斯,收货,上架
MoHc35BlPi,粉色 品牌09 350 鼠标（蓝牙）,鼠标,品牌09,350,蓝牙,粉色,16*10*1,99,CU75G,约翰,收货,上架
NoGrA5liBl,黑色 品牌18 五号纸 笔记本（线条）,笔记本,品牌18,五号纸,线条,黑色,48*10*5,2365,CK84G,简,收货,上架
TVGL32SFSi,银色 品牌31 32英寸 电视机（超级全高清）,电视机,品牌31,32英寸,超级全高清,银色,8*1*1,4,AU91A,艾米,收货,上架
TaCI10WoSi,银色 品牌27 1000 桌子（工作站）,桌子,品牌27,1000,工作站,银色,8*1*1,2,BV75H,迈克,收货,上架
MoPH27ErWh,白色 品牌12 270 鼠标（人体工学）,鼠标,品牌12,270,人体工学,白色,16*10*1,45,AV28D,迈克,收货,上架
TVYn504KGr,灰色 品牌15 50英寸 电视机（超高清）,电视机,品牌15,50英寸,超高清,灰色,8*1*1,8,AW89H,大卫,收货,上架
SPGi12HeWh,白色 品牌21 12 触控笔（六角形）,触控笔,品牌21,12,六角形,白色,48*10*5,2280,BR84C,约翰,收货,上架
PeAl24WaWh,白色 品牌20 24 铅笔（水彩）,铅笔,品牌20,24,水彩,白色,48*10*5,865,AQ39F,大卫,收货,上架
GaXEMAdPi,粉色 品牌06 中号 游戏椅（可调节）,游戏椅,品牌06,中号,可调节,粉色,16*1*1,13,DI26G,艾米丽,收货,上架
DrTE12SlBl,黑色 品牌04 1200 抽屉柜（滑动式）,抽屉柜,品牌04,1200,滑动式,黑色,8*1*1,1,AG55F,迈克,收货,上架
TVGn32SFWh,白色 品牌30 32英寸 电视机（超级全高清）,电视机,品牌30,32英寸,超级全高清,白色,8*1*1,1,CO01H,艾米丽,收货,上架
PrPHA2WiMi,混合色 品牌12 二号纸 打印机（无线网络）,打印机,品牌12,二号纸,无线网络,混合色,16*1*1,2,AQ36D,大卫,收货,上架
TVGL42SFBl,黑色 品牌31 42英寸 电视机（超级全高清）,电视机,品牌31,42英寸,超级全高清,黑色,8*1*1,5,DM82G,艾米,收货,上架
PeRe24WaGr,灰色 品牌22 24 铅笔（水彩）,铅笔,品牌22,24,水彩,灰色,48*10*5,1625,CR48B,艾米丽,收货,上架
PeNa50WaWh,白色 品牌23 50 铅笔（水彩）,铅笔,品牌23,50,水彩,白色,48*10*5,239,DL93A,克里斯,收货,上架
CuRG12FiBe,米色 品牌03 1200 储物柜（文件收纳）,储物柜,品牌03,1200,文件收纳,米色,8*1*1,6,CI55E,克里斯,收货,上架
CuQE90FiBl,黑色 品牌01 900 储物柜（文件收纳）,储物柜,品牌01,900,文件收纳,黑色,8*1*1,2,AY09F,简,收货,上架
AlSu15i7Gr,灰色 品牌11 15英寸 一体机（第7代处理器）,一体机,品牌11,15英寸,第7代处理器,灰色,16*1*1,5,DF86D,艾米,收货,上架
LaOv15i5Gr,灰色 品牌13 15英寸 笔记本电脑（第5代处理器）,笔记本电脑,品牌13,15英寸,第5代处理器,灰色,16*1*1,6,CU68H,亚历克斯,收货,上架
GaAESLeWh,白色 品牌05 小号 游戏椅（皮革）,游戏椅,品牌05,小号,皮革,白色,16*1*1,3,CZ18B,莎拉,收货,上架
MoPH35ErNa,藏青色 品牌12 350 鼠标（人体工学）,鼠标,品牌12,350,人体工学,藏青色,16*10*1,118,BK87A,迈克,收货,上架
TVGn654KBl,黑色 品牌30 65英寸 电视机（超高清）,电视机,品牌30,65英寸,超高清,黑色,8*1*1,2,CV76E,亚历克斯,收货,上架
GaSEMLeWh,白色 品牌08 中号 游戏椅（皮革）,游戏椅,品牌08,中号,皮革,白色,16*1*1,2,BI39C,艾米,收货,上架
DrQE18FiWh,白色 品牌01 1800 抽屉柜（文件收纳）,抽屉柜,品牌01,1800,文件收纳,白色,8*1*1,1,AR81D,简,收货,上架
TVGL42FHWh,白色 品牌31 42英寸 电视机（全高清）,电视机,品牌31,42英寸,全高清,白色,8*1*1,8,AL97B,迈克,收货,上架
AlYn15i7Gr,灰色 品牌15 15英寸 一体机（第7代处理器）,一体机,品牌15,15英寸,第7代处理器,灰色,16*1*1,8,BM86B,迈克,收货,上架
AlPH1516Si,银色 品牌12 15英寸 一体机（16吉字节内存）,一体机,品牌12,15英寸,16吉字节内存,银色,16*1*1,12,BM60B,艾米,收货,上架
OfXESHePi,粉色 品牌06 小号 办公椅（头枕）,办公椅,品牌06,小号,头枕,粉色,16*1*1,15,AY78D,劳拉,收货,上架
KePH45BlNa,藏青色 品牌12 450 键盘（蓝牙）,键盘,品牌12,450,蓝牙,藏青色,16*10*1,81,DJ15B,莎拉,收货,上架
GaXEMLePi,粉色 品牌06 中号 游戏椅（皮革）,游戏椅,品牌06,中号,皮革,粉色,16*1*1,13,AL74G,约翰,收货,上架
CuTE90LoGr,灰色 品牌04 900 储物柜（储物锁柜）,储物柜,品牌04,900,储物锁柜,灰色,8*1*1,7,CM01G,克里斯,收货,上架
KeSu45ErPi,粉色 品牌11 450 键盘（人体工学）,键盘,品牌11,450,人体工学,粉色,16*10*1,122,CI79E,亚历克斯,收货,上架
AlYn1716Gr,灰色 品牌15 17英寸 一体机（16吉字节内存）,一体机,品牌15,17英寸,16吉字节内存,灰色,16*1*1,7,DL26B,亚历克斯,收货,上架
GaAELErPi,粉色 品牌05 大号 游戏椅（人体工学）,游戏椅,品牌05,大号,人体工学,粉色,16*1*1,16,DP25F,艾米丽,收货,上架
TVGn50SFWh,白色 品牌30 50英寸 电视机（超级全高清）,电视机,品牌30,50英寸,超级全高清,白色,8*1*1,1,CH10H,亚历克斯,收货,上架
TaTR10AdSi,银色 品牌29 1000 桌子（可调节）,桌子,品牌29,1000,可调节,银色,8*1*1,3,DH15C,艾米,收货,上架
PrPHA3WiWh,白色 品牌12 三号纸 打印机（无线网络）,打印机,品牌12,三号纸,无线网络,白色,16*1*1,8,CH37C,莎拉,收货,上架
AlSu178GBl,黑色 品牌11 17英寸 一体机（8吉字节内存）,一体机,品牌11,17英寸,8吉字节内存,黑色,16*1*1,8,DV65E,艾米,收货,上架
DrTE18SlWh,白色 品牌04 1800 抽屉柜（滑动式）,抽屉柜,品牌04,1800,滑动式,白色,8*1*1,4,DY70C,迈克,收货,上架
MoPH27BlWh,白色 品牌12 270 鼠标（蓝牙）,鼠标,品牌12,270,蓝牙,白色,16*10*1,160,CG55A,迈克,收货,上架
PrReA3InWh,白色 品牌24 三号纸 打印机（喷墨）,打印机,品牌24,三号纸,喷墨,白色,16*1*1,8,CL08A,约翰,收货,上架
DrQE18FiGr,灰色 品牌01 1800 抽屉柜（文件收纳）,抽屉柜,品牌01,1800,文件收纳,灰色,8*1*1,6,BH91B,莎拉,收货,上架
DrRG12LoBe,米色 品牌03 1200 抽屉柜（储物锁柜）,抽屉柜,品牌03,1200,储物锁柜,米色,8*1*1,7,CY83E,迈克,收货,上架
DrWE12FiWh,白色 品牌02 1200 抽屉柜（文件收纳）,抽屉柜,品牌02,1200,文件收纳,白色,8*1*1,7,BI68H,亚历克斯,收货,上架
KeHc45ErNa,藏青色 品牌09 450 键盘（人体工学）,键盘,品牌09,450,人体工学,藏青色,16*10*1,44,BF81H,大卫,收货,上架
SPRe24WaBl,黑色 品牌22 24 触控笔（水彩）,触控笔,品牌22,24,水彩,黑色,48*10*5,2325,DV32E,约翰,收货,上架
NoMuA3doWh,白色 品牌19 三号纸 笔记本（点阵）,笔记本,品牌19,三号纸,点阵,白色,48*10*5,1829,BM68D,迈克,收货,上架
TVGn504KBl,黑色 品牌30 50英寸 电视机（超高清）,电视机,品牌30,50英寸,超高清,黑色,8*1*1,3,BQ05A,约翰,收货,上架
MoPH45BlPi,粉色 品牌12 450 鼠标（蓝牙）,鼠标,品牌12,450,蓝牙,粉色,16*10*1,87,CX48A,约翰,收货,上架
SPGi24HePi,粉色 品牌21 24 触控笔（六角形）,触控笔,品牌21,24,六角形,粉色,48*10*5,1049,CX12H,莎拉,收货,上架
NoExA5doBl,黑色 品牌16 五号纸 笔记本（点阵）,笔记本,品牌16,五号纸,点阵,黑色,48*10*5,1374,AG27H,简,收货,上架
TaCI15FrSi,银色 品牌27 1500 桌子（框架式）,桌子,品牌27,1500,框架式,银色,8*1*1,1,BV73B,艾米丽,收货,上架
TaTR15AdBl,黑色 品牌28 1500 桌子（可调节）,桌子,品牌28,1500,可调节,黑色,8*1*1,3,CV54E,大卫,收货,上架
TVGn75S4Gr,灰色 品牌30 75英寸 电视机（超级超高清）,电视机,品牌30,75英寸,超级超高清,灰色,8*1*1,3,DZ02H,艾米,收货,上架
PrNoA3MoGr,灰色 品牌26 三号纸 打印机（黑白）,打印机,品牌26,三号纸,黑白,灰色,16*1*1,16,CV62A,艾米,收货,上架
CaRG90SlGr,灰色 品牌03 900 文件柜（滑动式）,文件柜,品牌03,900,滑动式,灰色,8*1*1,5,BQ59E,简,收货,上架
GaSEMErGr,灰色 品牌08 中号 游戏椅（人体工学）,游戏椅,品牌08,中号,人体工学,灰色,16*1*1,11,AP80F,艾米丽,收货,上架
MoPH27MeNa,藏青色 品牌12 270 鼠标（机械式）,鼠标,品牌12,270,机械式,藏青色,16*10*1,16,AP95C,亚历克斯,收货,上架
KeRe35ErPi,粉色 品牌10 350 键盘（人体工学）,键盘,品牌10,350,人体工学,粉色,16*10*1,63,DF37B,克里斯,收货,上架
PrReA3LaWh,白色 品牌24 三号纸 打印机（激光）,打印机,品牌24,三号纸,激光,白色,16*1*1,7,DZ17H,莎拉,收货,上架
CuTE12FiBl,黑色 品牌04 1200 储物柜（文件收纳）,储物柜,品牌04,1200,文件收纳,黑色,8*1*1,7,AO59G,艾米丽,收货,上架
LaSu178GGr,灰色 品牌11 17英寸 笔记本电脑（8吉字节内存）,笔记本电脑,品牌11,17英寸,8吉字节内存,灰色,16*1*1,7,BR97G,迈克,收货,上架
LaPH14i7Wh,白色 品牌12 14英寸 笔记本电脑（第7代处理器）,笔记本电脑,品牌12,14英寸,第7代处理器,白色,16*1*1,4,CT10F,亚历克斯,收货,上架
CaQE12SlWh,白色 品牌01 1200 文件柜（滑动式）,文件柜,品牌01,1200,滑动式,白色,8*1*1,4,BM49H,克里斯,收货,上架
CaRG12LoGr,灰色 品牌03 1200 文件柜（储物锁柜）,文件柜,品牌03,1200,储物锁柜,灰色,8*1*1,5,CZ06G,约翰,收货,上架
AlYn17i5Gr,灰色 品牌15 17英寸 一体机（第5代处理器）,一体机,品牌15,17英寸,第5代处理器,灰色,16*1*1,3,DH46D,艾米丽,收货,上架
LaRe158GGr,灰色 品牌14 15英寸 笔记本电脑（8吉字节内存）,笔记本电脑,品牌14,15英寸,8吉字节内存,灰色,16*1*1,11,AP57C,迈克,收货,上架
MoSu45ErNa,藏青色 品牌11 450 鼠标（人体工学）,鼠标,品牌11,450,人体工学,藏青色,16*10*1,83,CL39F,迈克,收货,上架
GaXESLeGr,灰色 品牌06 小号 游戏椅（皮革）,游戏椅,品牌06,小号,皮革,灰色,16*1*1,8,BS95C,迈克,收货,上架
OfSESErBl,黑色 品牌08 小号 办公椅（人体工学）,办公椅,品牌08,小号,人体工学,黑色,16*1*1,10,DW61A,劳拉,收货,上架
CaTE12FiWh,白色 品牌04 1200 文件柜（文件收纳）,文件柜,品牌04,1200,文件收纳,白色,8*1*1,1,AR76F,大卫,收货,上架
LaOv1716Wh,白色 品牌13 17英寸 笔记本电脑（16吉字节内存）,笔记本电脑,品牌13,17英寸,16吉字节内存,白色,16*1*1,3,CM01D,克里斯,收货,上架
SPNa12SoWh,白色 品牌23 12 触控笔（可溶性）,触控笔,品牌23,12,可溶性,白色,48*10*5,2243,CQ84G,莎拉,收货,上架
PrSoA2MoWh,白色 品牌25 二号纸 打印机（黑白）,打印机,品牌25,二号纸,黑白,白色,16*1*1,2,BG74E,莎拉,收货,上架
OfOGMLePi,粉色 品牌07 中号 办公椅（皮革）,办公椅,品牌07,中号,皮革,粉色,16*1*1,1,DR87D,克里斯,收货,上架
AlPH17i5Si,银色 品牌12 17英寸 一体机（第5代处理器）,一体机,品牌12,17英寸,第5代处理器,银色,16*1*1,12,BR52F,莎拉,收货,上架
PeNa50HePi,粉色 品牌23 50 铅笔（六角形）,铅笔,品牌23,50,六角形,粉色,48*10*5,223,BF22H,亚历克斯,收货,上架
TVGn32S4Bl,黑色 品牌30 32英寸 电视机（超级超高清）,电视机,品牌30,32英寸,超级超高清,黑色,8*1*1,5,BV65H,约翰,收货,上架
AlPH15i5Wh,白色 品牌12 15英寸 一体机（第5代处理器）,一体机,品牌12,15英寸,第5代处理器,白色,16*1*1,12,DT10F,亚历克斯,收货,上架
TVYn42FHBl,黑色 品牌15 42英寸 电视机（全高清）,电视机,品牌15,42英寸,全高清,黑色,8*1*1,4,DR32E,亚历克斯,收货,上架
SPRe50WaWh,白色 品牌22 50 触控笔（水彩）,触控笔,品牌22,50,水彩,白色,48*10*5,1908,CF71D,大卫,收货,上架
OfAESErGr,灰色 品牌05 小号 办公椅（人体工学）,办公椅,品牌05,小号,人体工学,灰色,16*1*1,4,DW77H,迈克,收货,上架
TVEs32S4Bl,黑色 品牌32 32英寸 电视机（超级超高清）,电视机,品牌32,32英寸,超级超高清,黑色,8*1*1,6,BW56A,大卫,收货,上架
AlOv178GGr,灰色 品牌13 17英寸 一体机（8吉字节内存）,一体机,品牌13,17英寸,8吉字节内存,灰色,16*1*1,3,AL41G,劳拉,收货,上架
NoScA4liGr,灰色 品牌17 四号纸 笔记本（线条）,笔记本,品牌17,四号纸,线条,灰色,48*10*5,2076,BS91E,大卫,收货,上架
TVEs65SFSi,银色 品牌32 65英寸 电视机（超级全高清）,电视机,品牌32,65英寸,超级全高清,银色,8*1*1,1,DG77G,大卫,收货,上架
NoGrA4ruBl,黑色 品牌18 四号纸 笔记本（横线）,笔记本,品牌18,四号纸,横线,黑色,48*10*5,1057,AH58H,克里斯,收货,上架
NoGrA4ruGr,灰色 品牌18 四号纸 笔记本（横线）,笔记本,品牌18,四号纸,横线,灰色,48*10*5,2278,DI09C,克里斯,收货,上架
TVYn424KWh,白色 品牌15 42英寸 电视机（超高清）,电视机,品牌15,42英寸,超高清,白色,8*1*1,5,DF33F,迈克,收货,上架
KePH45BlNa,藏青色 品牌12 450 键盘（蓝牙）,键盘,品牌12,450,蓝牙,藏青色,16*10*1,40,BL82D,简,收货,上架
PeAl12WaBl,黑色 品牌20 12 铅笔（水彩）,铅笔,品牌20,12,水彩,黑色,48*10*5,577,CG70G,克里斯,收货,上架
CaRG12SlGr,灰色 品牌03 1200 文件柜（滑动式）,文件柜,品牌03,1200,滑动式,灰色,8*1*1,8,AU94G,迈克,收货,上架
LaYn17i5Si,银色 品牌15 17英寸 笔记本电脑（第5代处理器）,笔记本电脑,品牌15,17英寸,第5代处理器,银色,16*1*1,1,AP05D,简,收货,上架
MoSu45MeBl,黑色 品牌11 450 鼠标（机械式）,鼠标,品牌11,450,机械式,黑色,16*10*1,143,CF93C,莎拉,收货,上架
LaOv1716Gr,灰色 品牌13 17英寸 笔记本电脑（16吉字节内存）,笔记本电脑,品牌13,17英寸,16吉字节内存,灰色,16*1*1,3,CW37F,劳拉,收货,上架
CuQE18SlGr,灰色 品牌01 1800 储物柜（滑动式）,储物柜,品牌01,1800,滑动式,灰色,8*1*1,4,DO60D,克里斯,收货,上架
TaCI18FrGr,灰色 品牌27 1800 桌子（框架式）,桌子,品牌27,1800,框架式,灰色,8*1*1,5,CX57A,艾米,收货,上架
TVYn75SFSi,银色 品牌15 75英寸 电视机（超级全高清）,电视机,品牌15,75英寸,超级全高清,银色,8*1*1,6,BP59F,莎拉,收货,上架
CuWE90SlBl,黑色 品牌02 900 储物柜（滑动式）,储物柜,品牌02,900,滑动式,黑色,8*1*1,5,CH42G,克里斯,收货,上架
LaPH148GSi,银色 品牌12 14英寸 笔记本电脑（8吉字节内存）,笔记本电脑,品牌12,14英寸,8吉字节内存,银色,16*1*1,2,AO07F,约翰,收货,上架
TaTR10AdBl,黑色 品牌29 1000 桌子（可调节）,桌子,品牌29,1000,可调节,黑色,8*1*1,3,DX94A,克里斯,收货,上架
GaXEMErPi,粉色 品牌06 中号 游戏椅（人体工学）,游戏椅,品牌06,中号,人体工学,粉色,16*1*1,12,DG52D,简,收货,上架
LaRe17i7Bl,黑色 品牌14 17英寸 笔记本电脑（第7代处理器）,笔记本电脑,品牌14,17英寸,第7代处理器,黑色,16*1*1,12,AT69D,大卫,收货,上架
KePH35WiNa,藏青色 品牌12 350 键盘（有线）,键盘,品牌12,350,有线,藏青色,16*10*1,141,DJ83H,劳拉,收货,上架
NoExA5doGr,灰色 品牌16 五号纸 笔记本（点阵）,笔记本,品牌16,五号纸,点阵,灰色,48*10*5,668,DO84C,艾米,收货,上架
AlPH1716Wh,白色 品牌12 17英寸 一体机（16吉字节内存）,一体机,品牌12,17英寸,16吉字节内存,白色,16*1*1,4,BU48E,约翰,收货,上架
DrQE12LoBe,米色 品牌01 1200 抽屉柜（储物锁柜）,抽屉柜,品牌01,1200,储物锁柜,米色,8*1*1,4,BQ46F,迈克,收货,上架
PrSoA4WiGr,灰色 品牌25 四号纸 打印机（无线网络）,打印机,品牌25,四号纸,无线网络,灰色,16*1*1,9,AS80D,艾米丽,收货,上架
PrReA2MoBl,黑色 品牌24 二号纸 打印机（黑白）,打印机,品牌24,二号纸,黑白,黑色,16*1*1,3,CO87H,简,收货,上架
LaOv15i5Bl,黑色 品牌13 15英寸 笔记本电脑（第5代处理器）,笔记本电脑,品牌13,15英寸,第5代处理器,黑色,16*1*1,12,BK44H,莎拉,收货,上架
MoHc45BlWh,白色 品牌09 450 鼠标（蓝牙）,鼠标,品牌09,450,蓝牙,白色,16*10*1,139,BU36D,莎拉,收货,上架
TVEs50S4Si,银色 品牌32 50英寸 电视机（超级超高清）,电视机,品牌32,50英寸,超级超高清,银色,8*1*1,2,CZ13B,简,收货,上架
TVEs50FHSi,银色 品牌32 50英寸 电视机（全高清）,电视机,品牌32,50英寸,全高清,银色,8*1*1,1,AS90F,约翰,收货,上架
TVGL65S4Gr,灰色 品牌31 65英寸 电视机（超级超高清）,电视机,品牌31,65英寸,超级超高清,灰色,8*1*1,8,DW55E,约翰,收货,上架
KePH35ErBl,黑色 品牌12 350 键盘（人体工学）,键盘,品牌12,350,人体工学,黑色,16*10*1,116,CP51D,大卫,收货,上架
PrReA4InMi,混合色 品牌24 四号纸 打印机（喷墨）,打印机,品牌24,四号纸,喷墨,混合色,16*1*1,12,AL62G,艾米,收货,上架
OfOGLAdWh,白色 品牌07 大号 办公椅（可调节）,办公椅,品牌07,大号,可调节,白色,16*1*1,2,CJ15H,亚历克斯,收货,上架
TVGL42S4Wh,白色 品牌31 42英寸 电视机（超级超高清）,电视机,品牌31,42英寸,超级超高清,白色,8*1*1,6,CS27F,简,收货,上架
MoPH35MeWh,白色 品牌12 350 鼠标（机械式）,鼠标,品牌12,350,机械式,白色,16*10*1,82,AJ12D,劳拉,收货,上架
PeGi50WaBl,黑色 品牌21 50 铅笔（水彩）,铅笔,品牌21,50,水彩,黑色,48*10*5,813,CR03F,迈克,收货,上架
GaSELHePi,粉色 品牌08 大号 游戏椅（头枕）,游戏椅,品牌08,大号,头枕,粉色,16*1*1,12,DQ24G,简,收货,上架
AlPH1432Si,银色 品牌12 14英寸 一体机（32吉字节内存）,一体机,品牌12,14英寸,32吉字节内存,银色,16*1*1,8,AJ50H,迈克,收货,上架
KePH27ErNa,藏青色 品牌12 270 键盘（人体工学）,键盘,品牌12,270,人体工学,藏青色,16*10*1,157,AU79D,艾米,收货,上架
AlSu1532Wh,白色 品牌11 15英寸 一体机（32吉字节内存）,一体机,品牌11,15英寸,32吉字节内存,白色,16*1*1,13,CT95A,迈克,收货,上架
MoHc35MeBl,黑色 品牌09 350 鼠标（机械式）,鼠标,品牌09,350,机械式,黑色,16*10*1,157,AH72F,艾米丽,收货,上架
NoGrA5ruGr,灰色 品牌18 五号纸 笔记本（横线）,笔记本,品牌18,五号纸,横线,灰色,48*10*5,1819,AO81G,克里斯,收货,上架
CuWE18LoBe,米色 品牌02 1800 储物柜（储物锁柜）,储物柜,品牌02,1800,储物锁柜,米色,8*1*1,6,BH66E,简,收货,上架
TaTR18AuSi,银色 品牌29 1800 桌子（自动调节）,桌子,品牌29,1800,自动调节,银色,8*1*1,4,AZ69F,艾米丽,收货,上架
TVGL42SFBl,黑色 品牌31 42英寸 电视机（超级全高清）,电视机,品牌31,42英寸,超级全高清,黑色,8*1*1,3,AO24G,艾米,收货,上架
LaYn17i7Bl,黑色 品牌15 17英寸 笔记本电脑（第7代处理器）,笔记本电脑,品牌15,17英寸,第7代处理器,黑色,16*1*1,16,DL70F,克里斯,收货,上架
LaOv158GSi,银色 品牌13 15英寸 笔记本电脑（8吉字节内存）,笔记本电脑,品牌13,15英寸,8吉字节内存,银色,16*1*1,15,CW39C,约翰,收货,上架
NoScA3doGr,灰色 品牌17 三号纸 笔记本（点阵）,笔记本,品牌17,三号纸,点阵,灰色,48*10*5,954,DR38B,亚历克斯,收货,上架
TaAE15AuSi,银色 品牌05 1500 桌子（自动调节）,桌子,品牌05,1500,自动调节,银色,8*1*1,4,CT13E,艾米,收货,上架
KePH35BlWh,白色 品牌12 350 键盘（蓝牙）,键盘,品牌12,350,蓝牙,白色,16*10*1,134,DJ22E,迈克,收货,上架
LaOv14i7Gr,灰色 品牌13 14英寸 笔记本电脑（第7代处理器）,笔记本电脑,品牌13,14英寸,第7代处理器,灰色,16*1*1,4,CN97C,艾米,收货,上架
LaOv1516Wh,白色 品牌13 15英寸 笔记本电脑（16吉字节内存）,笔记本电脑,品牌13,15英寸,16吉字节内存,白色,16*1*1,11,BK39H,简,收货,上架
PrSoA3WiBl,黑色 品牌25 三号纸 打印机（无线网络）,打印机,品牌25,三号纸,无线网络,黑色,16*1*1,9,DW67E,简,收货,上架
LaSu1516Gr,灰色 品牌11 15英寸 笔记本电脑（16吉字节内存）,笔记本电脑,品牌11,15英寸,16吉字节内存,灰色,16*1*1,10,CU94F,约翰,收货,上架
AlSu148GWh,白色 品牌11 14英寸 一体机（8吉字节内存）,一体机,品牌11,14英寸,8吉字节内存,白色,16*1*1,14,CN55B,艾米,收货,上架
LaRe1532Bl,黑色 品牌14 15英寸 笔记本电脑（32吉字节内存）,笔记本电脑,品牌14,15英寸,32吉字节内存,黑色,16*1*1,4,DM27H,简,收货,上架
LaPH17i5Si,银色 品牌12 17英寸 笔记本电脑（第5代处理器）,笔记本电脑,品牌12,17英寸,第5代处理器,银色,16*1*1,10,AU01D,迈克,收货,上架
AlSu17i7Bl,黑色 品牌11 17英寸 一体机（第7代处理器）,一体机,品牌11,17英寸,第7代处理器,黑色,16*1*1,12,CZ58C,克里斯,收货,上架
LaSu17i7Wh,白色 品牌11 17英寸 笔记本电脑（第7代处理器）,笔记本电脑,品牌11,17英寸,第7代处理器,白色,16*1*1,4,BK77G,艾米丽,收货,上架
AlPH15i5Wh,白色 品牌12 15英寸 一体机（第5代处理器）,一体机,品牌12,15英寸,第5代处理器,白色,16*1*1,13,AY94G,迈克,收货,上架
CuWE12DoBe,米色 品牌02 1200 储物柜（带门式）,储物柜,品牌02,1200,带门式,米色,8*1*1,8,BV26F,莎拉,收货,上架
OfXELAdGr,灰色 品牌06 大号 办公椅（可调节）,办公椅,品牌06,大号,可调节,灰色,16*1*1,9,AG94F,克里斯,收货,上架
SPGi50SoBl,黑色 品牌21 50 触控笔（可溶性）,触控笔,品牌21,50,可溶性,黑色,48*10*5,118,DS23A,大卫,收货,上架
TaTR15WoSi,银色 品牌29 1500 桌子（工作站）,桌子,品牌29,1500,工作站,银色,8*1*1,7,CM02B,劳拉,收货,上架
CaRG90LoBl,黑色 品牌03 900 文件柜（储物锁柜）,文件柜,品牌03,900,储物锁柜,黑色,8*1*1,4,BZ43H,简,收货,上架
TVEs42SFWh,白色 品牌32 42英寸 电视机（超级全高清）,电视机,品牌32,42英寸,超级全高清,白色,8*1*1,2,AP09C,迈克,收货,上架
MoPH35ErWh,白色 品牌12 350 鼠标（人体工学）,鼠标,品牌12,350,人体工学,白色,16*10*1,151,AW02F,劳拉,收货,上架
PrReA3MoBl,黑色 品牌24 三号纸 打印机（黑白）,打印机,品牌24,三号纸,黑白,黑色,16*1*1,8,BP84E,简,收货,上架
PrPHA4MoWh,白色 品牌12 四号纸 打印机（黑白）,打印机,品牌12,四号纸,黑白,白色,16*1*1,15,AV67D,亚历克斯,收货,上架
GaXELHeBl,黑色 品牌06 大号 游戏椅（头枕）,游戏椅,品牌06,大号,头枕,黑色,16*1*1,2,BH71H,艾米,收货,上架
GaXEMAdWh,白色 品牌06 中号 游戏椅（可调节）,游戏椅,品牌06,中号,可调节,白色,16*1*1,7,CT06G,莎拉,收货,上架
AlYn1532Gr,灰色 品牌15 15英寸 一体机（32吉字节内存）,一体机,品牌15,15英寸,32吉字节内存,灰色,16*1*1,2,BQ82F,艾米,收货,上架
LaPH15i7Gr,灰色 品牌12 15英寸 笔记本电脑（第7代处理器）,笔记本电脑,品牌12,15英寸,第7代处理器,灰色,16*1*1,7,CZ36C,艾米,收货,上架
PrPHA2AlWh,白色 品牌12 二号纸 打印机（一体式）,打印机,品牌12,二号纸,一体式,白色,16*1*1,11,DG54D,迈克,收货,上架
TVEs42S4Gr,灰色 品牌32 42英寸 电视机（超级超高清）,电视机,品牌32,42英寸,超级超高清,灰色,8*1*1,4,AO41E,迈克,收货,上架
MoHc45ErPi,粉色 品牌09 450 鼠标（人体工学）,鼠标,品牌09,450,人体工学,粉色,16*10*1,44,AT48H,迈克,收货,上架
LaOv1716Gr,灰色 品牌13 17英寸 笔记本电脑（16吉字节内存）,笔记本电脑,品牌13,17英寸,16吉字节内存,灰色,16*1*1,4,BT53E,艾米,收货,上架
LaRe15i7Si,银色 品牌14 15英寸 笔记本电脑（第7代处理器）,笔记本电脑,品牌14,15英寸,第7代处理器,银色,16*1*1,3,CZ75B,亚历克斯,收货,上架
TVYn65FHGr,灰色 品牌15 65英寸 电视机（全高清）,电视机,品牌15,65英寸,全高清,灰色,8*1*1,3,AQ13A,简,收货,上架
GaXELErWh,白色 品牌06 大号 游戏椅（人体工学）,游戏椅,品牌06,大号,人体工学,白色,16*1*1,12,CM94E,克里斯,收货,上架
DrTE90LoWh,白色 品牌04 900 抽屉柜（储物锁柜）,抽屉柜,品牌04,900,储物锁柜,白色,8*1*1,5,BZ19D,艾米,收货,上架
LaOv15i5Gr,灰色 品牌13 15英寸 笔记本电脑（第5代处理器）,笔记本电脑,品牌13,15英寸,第5代处理器,灰色,16*1*1,2,AQ32C,大卫,收货,上架
PrNoA3InGr,灰色 品牌26 三号纸 打印机（喷墨）,打印机,品牌26,三号纸,喷墨,灰色,16*1*1,4,BR80G,艾米,收货,上架
PrPHA2WiBl,黑色 品牌12 二号纸 打印机（无线网络）,打印机,品牌12,二号纸,无线网络,黑色,16*1*1,6,DK23E,简,收货,上架
OfXESLePi,粉色 品牌06 小号 办公椅（皮革）,办公椅,品牌06,小号,皮革,粉色,16*1*1,6,BF13A,迈克,收货,上架
TaCI15AuGr,灰色 品牌27 1500 桌子（自动调节）,桌子,品牌27,1500,自动调节,灰色,8*1*1,3,AM11H,迈克,收货,上架
TaTR10FrWh,白色 品牌28 1000 桌子（框架式）,桌子,品牌28,1000,框架式,白色,8*1*1,3,BX33E,大卫,收货,上架
OfXESHeWh,白色 品牌06 小号 办公椅（头枕）,办公椅,品牌06,小号,头枕,白色,16*1*1,16,BZ58F,劳拉,收货,上架
TVEs324KBl,黑色 品牌32 32英寸 电视机（超高清）,电视机,品牌32,32英寸,超高清,黑色,8*1*1,4,DW43E,克里斯,收货,上架
LaYn178GWh,白色 品牌15 17英寸 笔记本电脑（8吉字节内存）,笔记本电脑,品牌15,17英寸,8吉字节内存,白色,16*1*1,1,DV73F,迈克,收货,上架
MoPH35ErBl,黑色 品牌12 350 鼠标（人体工学）,鼠标,品牌12,350,人体工学,黑色,16*10*1,95,BU07H,克里斯,收货,上架
CaWE18SlGr,灰色 品牌02 1800 文件柜（滑动式）,文件柜,品牌02,1800,滑动式,灰色,8*1*1,6,BW54B,大卫,收货,上架
TVYn504KSi,银色 品牌15 50英寸 电视机（超高清）,电视机,品牌15,50英寸,超高清,银色,8*1*1,3,CW26G,迈克,收货,上架
SPNa24SoPi,粉色 品牌23 24 触控笔（可溶性）,触控笔,品牌23,24,可溶性,粉色,48*10*5,741,CM86D,迈克,收货,上架
TaCI18AuSi,银色 品牌27 1800 桌子（自动调节）,桌子,品牌27,1800,自动调节,银色,8*1*1,1,CZ57E,约翰,收货,上架
LaOv1432Bl,黑色 品牌13 14英寸 笔记本电脑（32吉字节内存）,笔记本电脑,品牌13,14英寸,32吉字节内存,黑色,16*1*1,16,AP95D,大卫,收货,上架
LaRe178GWh,白色 品牌14 17英寸 笔记本电脑（8吉字节内存）,笔记本电脑,品牌14,17英寸,8吉字节内存,白色,16*1*1,14,AF93G,迈克,收货,上架
NoExA4liBl,黑色 品牌16 四号纸 笔记本（线条）,笔记本,品牌16,四号纸,线条,黑色,48*10*5,1070,DX67D,大卫,收货,上架
DrWE18SlGr,灰色 品牌02 1800 抽屉柜（滑动式）,抽屉柜,品牌02,1800,滑动式,灰色,8*1*1,2,DU12A,大卫,收货,上架
KeHc27WiNa,藏青色 品牌09 270 键盘（有线）,键盘,品牌09,270,有线,藏青色,16*10*1,128,AW29F,莎拉,收货,上架
PrPHA4MoGr,灰色 品牌12 四号纸 打印机（黑白）,打印机,品牌12,四号纸,黑白,灰色,16*1*1,4,AZ48E,劳拉,收货,上架
LaPH17i5Wh,白色 品牌12 17英寸 笔记本电脑（第5代处理器）,笔记本电脑,品牌12,17英寸,第5代处理器,白色,16*1*1,5,DT86H,克里斯,收货,上架
CaWE90DoGr,灰色 品牌02 900 文件柜（带门式）,文件柜,品牌02,900,带门式,灰色,8*1*1,4,BJ24G,艾米丽,收货,上架
CaWE18SlBl,黑色 品牌02 1800 文件柜（滑动式）,文件柜,品牌02,1800,滑动式,黑色,8*1*1,5,CH02C,大卫,收货,上架
PeAl50SoGr,灰色 品牌20 50 铅笔（可溶性）,铅笔,品牌20,50,可溶性,灰色,48*10*5,1350,AF71B,约翰,收货,上架
AlSu148GWh,白色 品牌11 14英寸 一体机（8吉字节内存）,一体机,品牌11,14英寸,8吉字节内存,白色,16*1*1,15,CS79G,艾米,收货,上架
PeNa24SoPi,粉色 品牌23 24 铅笔（可溶性）,铅笔,品牌23,24,可溶性,粉色,48*10*5,1477,AX49B,约翰,收货,上架
TVEs65SFWh,白色 品牌32 65英寸 电视机（超级全高清）,电视机,品牌32,65英寸,超级全高清,白色,8*1*1,7,BU29B,艾米,收货,上架
AlYn178GSi,银色 品牌15 17英寸 一体机（8吉字节内存）,一体机,品牌15,17英寸,8吉字节内存,银色,16*1*1,2,BR80F,简,收货,上架
PrNoA2WiGr,灰色 品牌26 二号纸 打印机（无线网络）,打印机,品牌26,二号纸,无线网络,灰色,16*1*1,15,DR39G,简,收货,上架
OfXESHeGr,灰色 品牌06 小号 办公椅（头枕）,办公椅,品牌06,小号,头枕,灰色,16*1*1,2,CG74H,克里斯,收货,上架
TVYn424KGr,灰色 品牌15 42英寸 电视机（超高清）,电视机,品牌15,42英寸,超高清,灰色,8*1*1,3,DJ34H,约翰,收货,上架
MoSu45BlNa,藏青色 品牌11 450 鼠标（蓝牙）,鼠标,品牌11,450,蓝牙,藏青色,16*10*1,58,CN12F,迈克,收货,上架
OfXELHePi,粉色 品牌06 大号 办公椅（头枕）,办公椅,品牌06,大号,头枕,粉色,16*1*1,2,CV49D,亚历克斯,收货,上架
MoSu27WiBl,黑色 品牌11 270 鼠标（有线）,鼠标,品牌11,270,有线,黑色,16*10*1,69,AU19B,迈克,收货,上架
LaYn148GBl,黑色 品牌15 14英寸 笔记本电脑（8吉字节内存）,笔记本电脑,品牌15,14英寸,8吉字节内存,黑色,16*1*1,1,AJ84C,莎拉,收货,上架
SPGi50HeWh,白色 品牌21 50 触控笔（六角形）,触控笔,品牌21,50,六角形,白色,48*10*5,1473,DR19G,约翰,收货,上架
TaTR18AuGr,灰色 品牌28 1800 桌子（自动调节）,桌子,品牌28,1800,自动调节,灰色,8*1*1,8,CG69B,艾米丽,收货,上架
MoHc27ErBl,黑色 品牌09 270 鼠标（人体工学）,鼠标,品牌09,270,人体工学,黑色,16*10*1,103,AU50D,大卫,收货,上架
TaTR15WoSi,银色 品牌29 1500 桌子（工作站）,桌子,品牌29,1500,工作站,银色,8*1*1,6,AO47E,大卫,收货,上架
OfSELAdPi,粉色 品牌08 大号 办公椅（可调节）,办公椅,品牌08,大号,可调节,粉色,16*1*1,12,BI96H,迈克,收货,上架
PrReA2MoMi,混合色 品牌24 二号纸 打印机（黑白）,打印机,品牌24,二号纸,黑白,混合色,16*1*1,4,BH63G,大卫,收货,上架
DrQE12LoGr,灰色 品牌01 1200 抽屉柜（储物锁柜）,抽屉柜,品牌01,1200,储物锁柜,灰色,8*1*1,7,CH82A,大卫,收货,上架
OfXEMAdGr,灰色 品牌06 中号 办公椅（可调节）,办公椅,品牌06,中号,可调节,灰色,16*1*1,7,DT46C,艾米丽,收货,上架
AlOv14i5Si,银色 品牌13 14英寸 一体机（第5代处理器）,一体机,品牌13,14英寸,第5代处理器,银色,16*1*1,11,DP97A,简,收货,上架
TVGL754KSi,银色 品牌31 75英寸 电视机（超高清）,电视机,品牌31,75英寸,超高清,银色,8*1*1,2,CR64G,亚历克斯,收货,上架
TVYn424KSi,银色 品牌15 42英寸 电视机（超高清）,电视机,品牌15,42英寸,超高清,银色,8*1*1,4,DM30G,艾米,收货,上架
CuWE18SlBl,黑色 品牌02 1800 储物柜（滑动式）,储物柜,品牌02,1800,滑动式,黑色,8*1*1,5,DH39A,迈克,收货,上架
MoHc35ErWh,白色 品牌09 350 鼠标（人体工学）,鼠标,品牌09,350,人体工学,白色,16*10*1,26,BQ21E,简,收货,上架
PeRe12HeGr,灰色 品牌22 12 铅笔（六角形）,铅笔,品牌22,12,六角形,灰色,48*10*5,52,BI11A,艾米丽,收货,上架
MoHc35ErBl,黑色 品牌09 350 鼠标（人体工学）,鼠标,品牌09,350,人体工学,黑色,16*10*1,64,CI27E,约翰,收货,上架
OfXEMHeWh,白色 品牌06 中号 办公椅（头枕）,办公椅,品牌06,中号,头枕,白色,16*1*1,13,AN19H,亚历克斯,收货,上架
MoSu45ErPi,粉色 品牌11 450 鼠标（人体工学）,鼠标,品牌11,450,人体工学,粉色,16*10*1,123,BU96E,艾米,收货,上架
TaAE18AdWh,白色 品牌05 1800 桌子（可调节）,桌子,品牌05,1800,可调节,白色,8*1*1,7,CR12B,劳拉,收货,上架
GaSESAdGr,灰色 品牌08 小号 游戏椅（可调节）,游戏椅,品牌08,小号,可调节,灰色,16*1*1,11,AI61G,艾米,收货,上架
LaSu15i5Wh,白色 品牌11 15英寸 笔记本电脑（第5代处理器）,笔记本电脑,品牌11,15英寸,第5代处理器,白色,16*1*1,16,CW37H,劳拉,收货,上架
GaAELHePi,粉色 品牌05 大号 游戏椅（头枕）,游戏椅,品牌05,大号,头枕,粉色,16*1*1,15,DH49D,劳拉,收货,上架
DrTE18SlGr,灰色 品牌04 1800 抽屉柜（滑动式）,抽屉柜,品牌04,1800,滑动式,灰色,8*1*1,7,CR13H,克里斯,收货,上架
DrTE18LoBl,黑色 品牌04 1800 抽屉柜（储物锁柜）,抽屉柜,品牌04,1800,储物锁柜,黑色,8*1*1,8,AY72G,克里斯,收货,上架
NoScA5ruSi,银色 品牌17 五号纸 笔记本（横线）,笔记本,品牌17,五号纸,横线,银色,48*10*5,943,CP24A,简,收货,上架
PeGi12HeBl,黑色 品牌21 12 铅笔（六角形）,铅笔,品牌21,12,六角形,黑色,48*10*5,752,CX38E,简,收货,上架
AlOv1432Wh,白色 品牌13 14英寸 一体机（32吉字节内存）,一体机,品牌13,14英寸,32吉字节内存,白色,16*1*1,11,DX81F,迈克,收货,上架
KePH35BlBl,黑色 品牌12 350 键盘（蓝牙）,键盘,品牌12,350,蓝牙,黑色,16*10*1,32,CN92E,莎拉,收货,上架
TVEs754KWh,白色 品牌32 75英寸 电视机（超高清）,电视机,品牌32,75英寸,超高清,白色,8*1*1,6,AQ94F,莎拉,收货,上架
GaXELAdGr,灰色 品牌06 大号 游戏椅（可调节）,游戏椅,品牌06,大号,可调节,灰色,16*1*1,1,DJ20E,艾米丽,收货,上架
PeNa12SoBl,黑色 品牌23 12 铅笔（可溶性）,铅笔,品牌23,12,可溶性,黑色,48*10*5,550,CS95E,迈克,收货,上架
CaQE90FiWh,白色 品牌01 900 文件柜（文件收纳）,文件柜,品牌01,900,文件收纳,白色,8*1*1,8,AF51B,约翰,收货,上架
SPGi12HePi,粉色 品牌21 12 触控笔（六角形）,触控笔,品牌21,12,六角形,粉色,48*10*5,325,DJ72F,莎拉,收货,上架
PrReA4WiMi,混合色 品牌24 四号纸 打印机（无线网络）,打印机,品牌24,四号纸,无线网络,混合色,16*1*1,13,AH28C,劳拉,收货,上架
TaAE18AdWh,白色 品牌05 1800 桌子（可调节）,桌子,品牌05,1800,可调节,白色,8*1*1,5,AI21G,迈克,收货,上架
OfSELLeWh,白色 品牌08 大号 办公椅（皮革）,办公椅,品牌08,大号,皮革,白色,16*1*1,4,DS32B,克里斯,收货,上架
AlYn148GSi,银色 品牌15 14英寸 一体机（8吉字节内存）,一体机,品牌15,14英寸,8吉字节内存,银色,16*1*1,8,AQ29F,艾米丽,收货,上架
TaTR18FrGr,灰色 品牌29 1800 桌子（框架式）,桌子,品牌29,1800,框架式,灰色,8*1*1,4,AR41B,亚历克斯,收货,上架
MoSu35MeNa,藏青色 品牌11 350 鼠标（机械式）,鼠标,品牌11,350,机械式,藏青色,16*10*1,66,CW77H,迈克,收货,上架
TaTR15FrBl,黑色 品牌28 1500 桌子（框架式）,桌子,品牌28,1500,框架式,黑色,8*1*1,5,CQ30D,劳拉,收货,上架
SPGi24HeWh,白色 品牌21 24 触控笔（六角形）,触控笔,品牌21,24,六角形,白色,48*10*5,82,CS84F,约翰,收货,上架
TVEs65SFSi,银色 品牌32 65英寸 电视机（超级全高清）,电视机,品牌32,65英寸,超级全高清,银色,8*1*1,5,DV61C,莎拉,收货,上架
KeHc45ErBl,黑色 品牌09 450 键盘（人体工学）,键盘,品牌09,450,人体工学,黑色,16*10*1,36,CS47D,简,收货,上架
AlSu17i5Gr,灰色 品牌11 17英寸 一体机（第5代处理器）,一体机,品牌11,17英寸,第5代处理器,灰色,16*1*1,16,CF64F,莎拉,收货,上架
OfSESHeWh,白色 品牌08 小号 办公椅（头枕）,办公椅,品牌08,小号,头枕,白色,16*1*1,16,CQ39H,迈克,收货,上架
LaYn14i5Bl,黑色 品牌15 14英寸 笔记本电脑（第5代处理器）,笔记本电脑,品牌15,14英寸,第5代处理器,黑色,16*1*1,2,CV01G,约翰,收货,上架
CaTE18DoWh,白色 品牌04 1800 文件柜（带门式）,文件柜,品牌04,1800,带门式,白色,8*1*1,7,CJ81F,大卫,收货,上架
CaWE18DoGr,灰色 品牌02 1800 文件柜（带门式）,文件柜,品牌02,1800,带门式,灰色,8*1*1,5,DU16H,艾米丽,收货,上架
MoHc27ErBl,黑色 品牌09 270 鼠标（人体工学）,鼠标,品牌09,270,人体工学,黑色,16*10*1,6,CF32A,亚历克斯,收货,上架
PrSoA4AlWh,白色 品牌25 四号纸 打印机（一体式）,打印机,品牌25,四号纸,一体式,白色,16*1*1,13,AJ44B,艾米丽,收货,上架
CaWE12LoBl,黑色 品牌02 1200 文件柜（储物锁柜）,文件柜,品牌02,1200,储物锁柜,黑色,8*1*1,6,AJ89C,亚历克斯,收货,上架
PrReA2MoGr,灰色 品牌24 二号纸 打印机（黑白）,打印机,品牌24,二号纸,黑白,灰色,16*1*1,16,BK19F,艾米丽,收货,上架
TaCI18FrWh,白色 品牌27 1800 桌子（框架式）,桌子,品牌27,1800,框架式,白色,8*1*1,2,CT21F,克里斯,收货,上架
CaWE12FiBe,米色 品牌02 1200 文件柜（文件收纳）,文件柜,品牌02,1200,文件收纳,米色,8*1*1,6,CS92D,艾米丽,收货,上架
TaAE10FrGr,灰色 品牌05 1000 桌子（框架式）,桌子,品牌05,1000,框架式,灰色,8*1*1,5,AG76H,劳拉,收货,上架
NoExA4ruGr,灰色 品牌16 四号纸 笔记本（横线）,笔记本,品牌16,四号纸,横线,灰色,48*10*5,545,BF55C,约翰,收货,上架
NoGrA5doBl,黑色 品牌18 五号纸 笔记本（点阵）,笔记本,品牌18,五号纸,点阵,黑色,48*10*5,2286,BG63H,简,收货,上架
AlSu1716Wh,白色 品牌11 17英寸 一体机（16吉字节内存）,一体机,品牌11,17英寸,16吉字节内存,白色,16*1*1,12,CS77A,亚历克斯,收货,上架
PrReA4AlGr,灰色 品牌24 四号纸 打印机（一体式）,打印机,品牌24,四号纸,一体式,灰色,16*1*1,13,AQ23D,莎拉,收货,上架
OfXELAdBl,黑色 品牌06 大号 办公椅（可调节）,办公椅,品牌06,大号,可调节,黑色,16*1*1,5,AT47F,艾米丽,收货,上架
CuTE90DoBe,米色 品牌04 900 储物柜（带门式）,储物柜,品牌04,900,带门式,米色,8*1*1,4,BX62F,亚历克斯,收货,上架
GaXESHeWh,白色 品牌06 小号 游戏椅（头枕）,游戏椅,品牌06,小号,头枕,白色,16*1*1,1,AR97F,亚历克斯,收货,上架
AlPH17i7Gr,灰色 品牌12 17英寸 一体机（第7代处理器）,一体机,品牌12,17英寸,第7代处理器,灰色,16*1*1,14,AG59A,亚历克斯,收货,上架
CaWE90FiBl,黑色 品牌02 900 文件柜（文件收纳）,文件柜,品牌02,900,文件收纳,黑色,8*1*1,8,DU98H,亚历克斯,收货,上架
TaTR15AuGr,灰色 品牌28 1500 桌子（自动调节）,桌子,品牌28,1500,自动调节,灰色,8*1*1,4,DS10C,亚历克斯,收货,上架
DrQE90SlWh,白色 品牌01 900 抽屉柜（滑动式）,抽屉柜,品牌01,900,滑动式,白色,8*1*1,4,DJ65H,亚历克斯,收货,上架
TVYn65SFBl,黑色 品牌15 65英寸 电视机（超级全高清）,电视机,品牌15,65英寸,超级全高清,黑色,8*1*1,8,BX67B,艾米,收货,上架
TaAE15AuSi,银色 品牌05 1500 桌子（自动调节）,桌子,品牌05,1500,自动调节,银色,8*1*1,8,BI67G,莎拉,收货,上架
CaRG90LoBl,黑色 品牌03 900 文件柜（储物锁柜）,文件柜,品牌03,900,储物锁柜,黑色,8*1*1,1,BF10F,亚历克斯,收货,上架
CaTE18SlBl,黑色 品牌04 1800 文件柜（滑动式）,文件柜,品牌04,1800,滑动式,黑色,8*1*1,7,AR60G,亚历克斯,收货,上架
GaAELLePi,粉色 品牌05 大号 游戏椅（皮革）,游戏椅,品牌05,大号,皮革,粉色,16*1*1,8,DZ59E,艾米丽,收货,上架
LaPH15i7Wh,白色 品牌12 15英寸 笔记本电脑（第7代处理器）,笔记本电脑,品牌12,15英寸,第7代处理器,白色,16*1*1,1,BU01E,迈克,收货,上架
SPRe12SoBl,黑色 品牌22 12 触控笔（可溶性）,触控笔,品牌22,12,可溶性,黑色,48*10*5,1274,CO21C,亚历克斯,收货,上架
NoGrA3ruBl,黑色 品牌18 三号纸 笔记本（横线）,笔记本,品牌18,三号纸,横线,黑色,48*10*5,999,DV07E,大卫,收货,上架
TVGL32FHWh,白色 品牌31 32英寸 电视机（全高清）,电视机,品牌31,32英寸,全高清,白色,8*1*1,2,CG25G,亚历克斯,收货,上架
TVEs75SFGr,灰色 品牌32 75英寸 电视机（超级全高清）,电视机,品牌32,75英寸,超级全高清,灰色,8*1*1,5,AZ26G,艾米,收货,上架
GaOGLAdGr,灰色 品牌07 大号 游戏椅（可调节）,游戏椅,品牌07,大号,可调节,灰色,16*1*1,3,AY76G,简,收货,上架
KeSu35BlWh,白色 品牌11 350 键盘（蓝牙）,键盘,品牌11,350,蓝牙,白色,16*10*1,145,DP31G,艾米丽,收货,上架
CuRG18FiBe,米色 品牌03 1800 储物柜（文件收纳）,储物柜,品牌03,1800,文件收纳,米色,8*1*1,1,BF47C,约翰,收货,上架
PrReA4InWh,白色 品牌24 四号纸 打印机（喷墨）,打印机,品牌24,四号纸,喷墨,白色,16*1*1,7,BH41F,艾米,收货,上架
OfAEMErBl,黑色 品牌05 中号 办公椅（人体工学）,办公椅,品牌05,中号,人体工学,黑色,16*1*1,10,DZ70D,劳拉,收货,上架
PrReA3AlMi,混合色 品牌24 三号纸 打印机（一体式）,打印机,品牌24,三号纸,一体式,混合色,16*1*1,9,AF36F,莎拉,收货,上架
CuWE18SlWh,白色 品牌02 1800 储物柜（滑动式）,储物柜,品牌02,1800,滑动式,白色,8*1*1,8,BQ86B,约翰,收货,上架
LaOv15i7Wh,白色 品牌13 15英寸 笔记本电脑（第7代处理器）,笔记本电脑,品牌13,15英寸,第7代处理器,白色,16*1*1,7,BG77B,大卫,收货,上架
LaRe1716Wh,白色 品牌14 17英寸 笔记本电脑（16吉字节内存）,笔记本电脑,品牌14,17英寸,16吉字节内存,白色,16*1*1,1,BT27B,亚历克斯,收货,上架
AlYn1516Gr,灰色 品牌15 15英寸 一体机（16吉字节内存）,一体机,品牌15,15英寸,16吉字节内存,灰色,16*1*1,1,DF62B,大卫,收货,上架
AlYn1532Wh,白色 品牌15 15英寸 一体机（32吉字节内存）,一体机,品牌15,15英寸,32吉字节内存,白色,16*1*1,6,AK35H,亚历克斯,收货,上架
TVEs65S4Si,银色 品牌32 65英寸 电视机（超级超高清）,电视机,品牌32,65英寸,超级超高清,银色,8*1*1,2,CG51B,克里斯,收货,上架
CaRG12LoBl,黑色 品牌03 1200 文件柜（储物锁柜）,文件柜,品牌03,1200,储物锁柜,黑色,8*1*1,1,CW64B,约翰,收货,上架
KeSu27WiWh,白色 品牌11 270 键盘（有线）,键盘,品牌11,270,有线,白色,16*10*1,47,DQ78E,迈克,收货,上架
MoSu27BlBl,黑色 品牌11 270 鼠标（蓝牙）,鼠标,品牌11,270,蓝牙,黑色,16*10*1,21,AK17G,大卫,收货,上架
CaTE12FiBe,米色 品牌04 1200 文件柜（文件收纳）,文件柜,品牌04,1200,文件收纳,米色,8*1*1,7,CM44B,莎拉,收货,上架
TaTR10FrGr,灰色 品牌29 1000 桌子（框架式）,桌子,品牌29,1000,框架式,灰色,8*1*1,7,DX85F,劳拉,收货,上架
TaTR18FrBl,黑色 品牌29 1800 桌子（框架式）,桌子,品牌29,1800,框架式,黑色,8*1*1,1,AH01C,亚历克斯,收货,上架
TaTR18AuSi,银色 品牌29 1800 桌子（自动调节）,桌子,品牌29,1800,自动调节,银色,8*1*1,3,CW37F,迈克,收货,上架
TVGn50SFSi,银色 品牌30 50英寸 电视机（超级全高清）,电视机,品牌30,50英寸,超级全高清,银色,8*1*1,2,DP89B,迈克,收货,上架
TVEs32S4Si,银色 品牌32 32英寸 电视机（超级超高清）,电视机,品牌32,32英寸,超级超高清,银色,8*1*1,3,DK24A,莎拉,收货,上架
TVYn424KGr,灰色 品牌15 42英寸 电视机（超高清）,电视机,品牌15,42英寸,超高清,灰色,8*1*1,6,DN69B,约翰,收货,上架
OfAESAdBl,黑色 品牌05 小号 办公椅（可调节）,办公椅,品牌05,小号,可调节,黑色,16*1*1,15,AK76F,迈克,收货,上架
TVEs42SFSi,银色 品牌32 42英寸 电视机（超级全高清）,电视机,品牌32,42英寸,超级全高清,银色,8*1*1,8,AF81A,莎拉,收货,上架
AlPH14i5Wh,白色 品牌12 14英寸 一体机（第5代处理器）,一体机,品牌12,14英寸,第5代处理器,白色,16*1*1,5,BL09D,莎拉,收货,上架
CaRG12SlBe,米色 品牌03 1200 文件柜（滑动式）,文件柜,品牌03,1200,滑动式,米色,8*1*1,1,CQ18A,迈克,收货,上架
TaTR10WoWh,白色 品牌29 1000 桌子（工作站）,桌子,品牌29,1000,工作站,白色,8*1*1,1,BQ03D,迈克,收货,上架
LaYn15i5Bl,黑色 品牌15 15英寸 笔记本电脑（第5代处理器）,笔记本电脑,品牌15,15英寸,第5代处理器,黑色,16*1*1,2,AI73D,克里斯,收货,上架
OfAELAdBl,黑色 品牌05 大号 办公椅（可调节）,办公椅,品牌05,大号,可调节,黑色,16*1*1,7,AG80D,艾米丽,收货,上架
MoRe45MeNa,藏青色 品牌10 450 鼠标（机械式）,鼠标,品牌10,450,机械式,藏青色,16*10*1,79,AN63E,约翰,收货,上架
KeHc35MePi,粉色 品牌09 350 键盘（机械式）,键盘,品牌09,350,机械式,粉色,16*10*1,35,AX15G,大卫,收货,上架
DrTE12SlBe,米色 品牌04 1200 抽屉柜（滑动式）,抽屉柜,品牌04,1200,滑动式,米色,8*1*1,3,AG10A,劳拉,收货,上架
NoGrA5liWh,白色 品牌18 五号纸 笔记本（线条）,笔记本,品牌18,五号纸,线条,白色,48*10*5,2172,BV02B,劳拉,收货,上架
TVYn32S4Bl,黑色 品牌15 32英寸 电视机（超级超高清）,电视机,品牌15,32英寸,超级超高清,黑色,8*1*1,4,AY86C,约翰,收货,上架
LaSu17i7Bl,黑色 品牌11 17英寸 笔记本电脑（第7代处理器）,笔记本电脑,品牌11,17英寸,第7代处理器,黑色,16*1*1,15,BL79C,大卫,收货,上架
KeHc27BlBl,黑色 品牌09 270 键盘（蓝牙）,键盘,品牌09,270,蓝牙,黑色,16*10*1,63,DT46G,克里斯,收货,上架
LaPH1716Si,银色 品牌12 17英寸 笔记本电脑（16吉字节内存）,笔记本电脑,品牌12,17英寸,16吉字节内存,银色,16*1*1,16,DL61A,劳拉,收货,上架
GaXESLeWh,白色 品牌06 小号 游戏椅（皮革）,游戏椅,品牌06,小号,皮革,白色,16*1*1,10,CZ57D,艾米丽,收货,上架
SPRe24SoGr,灰色 品牌22 24 触控笔（可溶性）,触控笔,品牌22,24,可溶性,灰色,48*10*5,435,CO07C,克里斯,收货,上架
CuRG12FiGr,灰色 品牌03 1200 储物柜（文件收纳）,储物柜,品牌03,1200,文件收纳,灰色,8*1*1,6,CG46C,简,收货,上架
LaYn17i5Wh,白色 品牌15 17英寸 笔记本电脑（第5代处理器）,笔记本电脑,品牌15,17英寸,第5代处理器,白色,16*1*1,6,BX03G,克里斯,收货,上架
KeHc45WiNa,藏青色 品牌09 450 键盘（有线）,键盘,品牌09,450,有线,藏青色,16*10*1,49,CF67G,艾米,收货,上架
DrWE90LoWh,白色 品牌02 900 抽屉柜（储物锁柜）,抽屉柜,品牌02,900,储物锁柜,白色,8*1*1,5,BH90G,约翰,收货,上架
LaSu17i5Si,银色 品牌11 17英寸 笔记本电脑（第5代处理器）,笔记本电脑,品牌11,17英寸,第5代处理器,银色,16*1*1,13,DU34A,劳拉,收货,上架
TVGL75SFBl,黑色 品牌31 75英寸 电视机（超级全高清）,电视机,品牌31,75英寸,超级全高清,黑色,8*1*1,3,BN55H,大卫,收货,上架
TVYn50FHGr,灰色 品牌15 50英寸 电视机（全高清）,电视机,品牌15,50英寸,全高清,灰色,8*1*1,4,AI81F,克里斯,收货,上架
MoHc45BlNa,藏青色 品牌09 450 鼠标（蓝牙）,鼠标,品牌09,450,蓝牙,藏青色,16*10*1,130,AU41D,劳拉,收货,上架
NoMuA5liGr,灰色 品牌19 五号纸 笔记本（线条）,笔记本,品牌19,五号纸,线条,灰色,48*10*5,1138,CX36H,莎拉,收货,上架
TaAE18AuBl,黑色 品牌05 1800 桌子（自动调节）,桌子,品牌05,1800,自动调节,黑色,8*1*1,5,BK82D,劳拉,收货,上架
TVGL50S4Gr,灰色 品牌31 50英寸 电视机（超级超高清）,电视机,品牌31,50英寸,超级超高清,灰色,8*1*1,8,BQ81A,劳拉,收货,上架
AlYn1716Gr,灰色 品牌15 17英寸 一体机（16吉字节内存）,一体机,品牌15,17英寸,16吉字节内存,灰色,16*1*1,3,CS22H,艾米,收货,上架
CuWE18FiBe,米色 品牌02 1800 储物柜（文件收纳）,储物柜,品牌02,1800,文件收纳,米色,8*1*1,3,AN27E,迈克,收货,上架
TVEs65S4Wh,白色 品牌32 65英寸 电视机（超级超高清）,电视机,品牌32,65英寸,超级超高清,白色,8*1*1,7,BK29E,莎拉,收货,上架
TaCI18WoSi,银色 品牌27 1800 桌子（工作站）,桌子,品牌27,1800,工作站,银色,8*1*1,5,AN58C,莎拉,收货,上架
SPAl50SoPi,粉色 品牌20 50 触控笔（可溶性）,触控笔,品牌20,50,可溶性,粉色,48*10*5,1760,AU06G,亚历克斯,收货,上架
TaAE15AdGr,灰色 品牌05 1500 桌子（可调节）,桌子,品牌05,1500,可调节,灰色,8*1*1,8,DH73G,迈克,收货,上架
PeNa12HeWh,白色 品牌23 12 铅笔（六角形）,铅笔,品牌23,12,六角形,白色,48*10*5,2024,BX15A,亚历克斯,收货,上架
LaOv1532Wh,白色 品牌13 15英寸 笔记本电脑（32吉字节内存）,笔记本电脑,品牌13,15英寸,32吉字节内存,白色,16*1*1,5,CT65F,简,收货,上架
SPGi12HePi,粉色 品牌21 12 触控笔（六角形）,触控笔,品牌21,12,六角形,粉色,48*10*5,1925,AK82F,约翰,收货,上架
TVYn65SFBl,黑色 品牌15 65英寸 电视机（超级全高清）,电视机,品牌15,65英寸,超级全高清,黑色,8*1*1,6,DR18D,大卫,收货,上架
AlPH1416Wh,白色 品牌12 14英寸 一体机（16吉字节内存）,一体机,品牌12,14英寸,16吉字节内存,白色,16*1*1,13,CZ35B,简,收货,上架
PeRe50SoPi,粉色 品牌22 50 铅笔（可溶性）,铅笔,品牌22,50,可溶性,粉色,48*10*5,1337,DY11C,大卫,收货,上架
GaAELAdGr,灰色 品牌05 大号 游戏椅（可调节）,游戏椅,品牌05,大号,可调节,灰色,16*1*1,15,CY76A,艾米丽,收货,上架
DrTE90DoWh,白色 品牌04 900 抽屉柜（带门式）,抽屉柜,品牌04,900,带门式,白色,8*1*1,8,CK34D,莎拉,收货,上架
MoHc45MeWh,白色 品牌09 450 鼠标（机械式）,鼠标,品牌09,450,机械式,白色,16*10*1,6,AJ03D,莎拉,收货,上架
TVGn65SFSi,银色 品牌30 65英寸 电视机（超级全高清）,电视机,品牌30,65英寸,超级全高清,银色,8*1*1,5,DL35F,简,收货,上架
TVGL42SFSi,银色 品牌31 42英寸 电视机（超级全高清）,电视机,品牌31,42英寸,超级全高清,银色,8*1*1,1,AW86H,莎拉,收货,上架
TaCI10AuSi,银色 品牌27 1000 桌子（自动调节）,桌子,品牌27,1000,自动调节,银色,8*1*1,4,CP73B,艾米丽,收货,上架
TVYn65FHWh,白色 品牌15 65英寸 电视机（全高清）,电视机,品牌15,65英寸,全高清,白色,8*1*1,3,DP92B,莎拉,收货,上架
LaYn1516Bl,黑色 品牌15 15英寸 笔记本电脑（16吉字节内存）,笔记本电脑,品牌15,15英寸,16吉字节内存,黑色,16*1*1,10,DT07G,约翰,收货,上架
CaTE12SlGr,灰色 品牌04 1200 文件柜（滑动式）,文件柜,品牌04,1200,滑动式,灰色,8*1*1,3,AF27C,亚历克斯,收货,上架
SPNa50WaBl,黑色 品牌23 50 触控笔（水彩）,触控笔,品牌23,50,水彩,黑色,48*10*5,2274,DZ45D,迈克,收货,上架
LaSu15i7Gr,灰色 品牌11 15英寸 笔记本电脑（第7代处理器）,笔记本电脑,品牌11,15英寸,第7代处理器,灰色,16*1*1,11,CH68H,艾米,收货,上架
GaXESAdPi,粉色 品牌06 小号 游戏椅（可调节）,游戏椅,品牌06,小号,可调节,粉色,16*1*1,1,BJ67B,艾米,收货,上架
TaAE15AdBl,黑色 品牌05 1500 桌子（可调节）,桌子,品牌05,1500,可调节,黑色,8*1*1,7,DU53H,约翰,收货,上架
MoPH35ErWh,白色 品牌12 350 鼠标（人体工学）,鼠标,品牌12,350,人体工学,白色,16*10*1,154,DV81B,劳拉,收货,上架
GaSELHeWh,白色 品牌08 大号 游戏椅（头枕）,游戏椅,品牌08,大号,头枕,白色,16*1*1,14,AX36D,迈克,收货,上架
CuRG18SlBe,米色 品牌03 1800 储物柜（滑动式）,储物柜,品牌03,1800,滑动式,米色,8*1*1,3,CT66E,艾米丽,收货,上架
CuTE18FiWh,白色 品牌04 1800 储物柜（文件收纳）,储物柜,品牌04,1800,文件收纳,白色,8*1*1,3,DF95C,克里斯,收货,上架
OfAEMAdWh,白色 品牌05 中号 办公椅（可调节）,办公椅,品牌05,中号,可调节,白色,16*1*1,5,AQ19H,大卫,收货,上架
PeRe24WaPi,粉色 品牌22 24 铅笔（水彩）,铅笔,品牌22,24,水彩,粉色,48*10*5,1644,BS35E,克里斯,收货,上架
CaWE12LoGr,灰色 品牌02 1200 文件柜（储物锁柜）,文件柜,品牌02,1200,储物锁柜,灰色,8*1*1,6,DJ64G,艾米,收货,上架
AlRe15i5Bl,黑色 品牌14 15英寸 一体机（第5代处理器）,一体机,品牌14,15英寸,第5代处理器,黑色,16*1*1,10,CI73B,简,收货,上架
NoScA5ruBl,黑色 品牌17 五号纸 笔记本（横线）,笔记本,品牌17,五号纸,横线,黑色,48*10*5,381,BZ06C,艾米丽,收货,上架
TVEs324KWh,白色 品牌32 32英寸 电视机（超高清）,电视机,品牌32,32英寸,超高清,白色,8*1*1,7,AG40G,劳拉,收货,上架
OfSEMAdPi,粉色 品牌08 中号 办公椅（可调节）,办公椅,品牌08,中号,可调节,粉色,16*1*1,11,CV92C,亚历克斯,收货,上架
LaYn1416Bl,黑色 品牌15 14英寸 笔记本电脑（16吉字节内存）,笔记本电脑,品牌15,14英寸,16吉字节内存,黑色,16*1*1,15,DI55F,劳拉,收货,上架
LaYn148GWh,白色 品牌15 14英寸 笔记本电脑（8吉字节内存）,笔记本电脑,品牌15,14英寸,8吉字节内存,白色,16*1*1,14,BT38C,莎拉,收货,上架
TaTR15FrSi,银色 品牌28 1500 桌子（框架式）,桌子,品牌28,1500,框架式,银色,8*1*1,5,AG34E,迈克,收货,上架
PeRe24SoPi,粉色 品牌22 24 铅笔（可溶性）,铅笔,品牌22,24,可溶性,粉色,48*10*5,929,AM35G,莎拉,收货,上架
DrRG18FiBl,黑色 品牌03 1800 抽屉柜（文件收纳）,抽屉柜,品牌03,1800,文件收纳,黑色,8*1*1,4,AO29C,艾米丽,收货,上架
TVYn50FHGr,灰色 品牌15 50英寸 电视机（全高清）,电视机,品牌15,50英寸,全高清,灰色,8*1*1,8,DR01E,迈克,收货,上架
AlSu17i5Wh,白色 品牌11 17英寸 一体机（第5代处理器）,一体机,品牌11,17英寸,第5代处理器,白色,16*1*1,8,CS13F,克里斯,收货,上架
CaTE18SlBe,米色 品牌04 1800 文件柜（滑动式）,文件柜,品牌04,1800,滑动式,米色,8*1*1,2,AU07F,亚历克斯,收货,上架
CaQE90FiBl,黑色 品牌01 900 文件柜（文件收纳）,文件柜,品牌01,900,文件收纳,黑色,8*1*1,5,CK22B,艾米丽,收货,上架
MoRe35BlWh,白色 品牌10 350 鼠标（蓝牙）,鼠标,品牌10,350,蓝牙,白色,16*10*1,68,AV71F,艾米,收货,上架
CuQE18SlWh,白色 品牌01 1800 储物柜（滑动式）,储物柜,品牌01,1800,滑动式,白色,8*1*1,5,CJ67D,亚历克斯,收货,上架
SPGi12HeBl,黑色 品牌21 12 触控笔（六角形）,触控笔,品牌21,12,六角形,黑色,48*10*5,1580,AV65G,克里斯,收货,上架
MoRe35ErWh,白色 品牌10 350 鼠标（人体工学）,鼠标,品牌10,350,人体工学,白色,16*10*1,11,DG42B,大卫,收货,上架
AlYn17i7Bl,黑色 品牌15 17英寸 一体机（第7代处理器）,一体机,品牌15,17英寸,第7代处理器,黑色,16*1*1,2,DZ74A,亚历克斯,收货,上架
OfXESErBl,黑色 品牌06 小号 办公椅（人体工学）,办公椅,品牌06,小号,人体工学,黑色,16*1*1,2,BT51G,约翰,收货,上架
TVEs65SFWh,白色 品牌32 65英寸 电视机（超级全高清）,电视机,品牌32,65英寸,超级全高清,白色,8*1*1,2,CW41E,大卫,收货,上架
TVGn42FHGr,灰色 品牌30 42英寸 电视机（全高清）,电视机,品牌30,42英寸,全高清,灰色,8*1*1,4,CX07H,亚历克斯,收货,上架
AlSu178GSi,银色 品牌11 17英寸 一体机（8吉字节内存）,一体机,品牌11,17英寸,8吉字节内存,银色,16*1*1,9,AG82D,大卫,收货,上架
DrWE90SlGr,灰色 品牌02 900 抽屉柜（滑动式）,抽屉柜,品牌02,900,滑动式,灰色,8*1*1,5,AR71A,简,收货,上架
TaAE18AdBl,黑色 品牌05 1800 桌子（可调节）,桌子,品牌05,1800,可调节,黑色,8*1*1,8,AP24B,简,收货,上架
PeNa50SoWh,白色 品牌23 50 铅笔（可溶性）,铅笔,品牌23,50,可溶性,白色,48*10*5,1487,CX26G,亚历克斯,收货,上架
GaXESErBl,黑色 品牌06 小号 游戏椅（人体工学）,游戏椅,品牌06,小号,人体工学,黑色,16*1*1,9,CQ90H,艾米,收货,上架
CuRG90LoWh,白色 品牌03 900 储物柜（储物锁柜）,储物柜,品牌03,900,储物锁柜,白色,8*1*1,3,AN47D,克里斯,收货,上架
NoGrA5ruWh,白色 品牌18 五号纸 笔记本（横线）,笔记本,品牌18,五号纸,横线,白色,48*10*5,362,AY18H,约翰,收货,上架
NoMuA3liGr,灰色 品牌19 三号纸 笔记本（线条）,笔记本,品牌19,三号纸,线条,灰色,48*10*5,983,AO97F,克里斯,收货,上架
OfOGMHeGr,灰色 品牌07 中号 办公椅（头枕）,办公椅,品牌07,中号,头枕,灰色,16*1*1,5,BI72B,简,收货,上架
CuRG12DoGr,灰色 品牌03 1200 储物柜（带门式）,储物柜,品牌03,1200,带门式,灰色,8*1*1,8,CG86E,艾米,收货,上架
DrTE90FiBl,黑色 品牌04 900 抽屉柜（文件收纳）,抽屉柜,品牌04,900,文件收纳,黑色,8*1*1,2,AY20C,克里斯,收货,上架
PrReA4WiGr,灰色 品牌24 四号纸 打印机（无线网络）,打印机,品牌24,四号纸,无线网络,灰色,16*1*1,14,DZ45A,亚历克斯,收货,上架
DrTE18FiBe,米色 品牌04 1800 抽屉柜（文件收纳）,抽屉柜,品牌04,1800,文件收纳,米色,8*1*1,1,DQ15H,大卫,收货,上架
MoHc45WiPi,粉色 品牌09 450 鼠标（有线）,鼠标,品牌09,450,有线,粉色,16*10*1,43,CI92A,大卫,收货,上架
AlRe14i7Bl,黑色 品牌14 14英寸 一体机（第7代处理器）,一体机,品牌14,14英寸,第7代处理器,黑色,16*1*1,4,DJ62E,大卫,收货,上架
TaAE18WoBl,黑色 品牌05 1800 桌子（工作站）,桌子,品牌05,1800,工作站,黑色,8*1*1,2,CN75B,约翰,收货,上架
DrWE18SlGr,灰色 品牌02 1800 抽屉柜（滑动式）,抽屉柜,品牌02,1800,滑动式,灰色,8*1*1,2,AP07E,莎拉,收货,上架
PeRe12WaPi,粉色 品牌22 12 铅笔（水彩）,铅笔,品牌22,12,水彩,粉色,48*10*5,2374,BT32F,艾米丽,收货,上架
LaSu17i7Wh,白色 品牌11 17英寸 笔记本电脑（第7代处理器）,笔记本电脑,品牌11,17英寸,第7代处理器,白色,16*1*1,3,DV40C,艾米丽,收货,上架
AlRe148GSi,银色 品牌14 14英寸 一体机（8吉字节内存）,一体机,品牌14,14英寸,8吉字节内存,银色,16*1*1,13,DY01B,艾米,收货,上架
TVGn424KBl,黑色 品牌30 42英寸 电视机（超高清）,电视机,品牌30,42英寸,超高清,黑色,8*1*1,2,DI91E,劳拉,收货,上架
TaCI15FrGr,灰色 品牌27 1500 桌子（框架式）,桌子,品牌27,1500,框架式,灰色,8*1*1,5,BK51A,克里斯,收货,上架
TVGn42FHBl,黑色 品牌30 42英寸 电视机（全高清）,电视机,品牌30,42英寸,全高清,黑色,8*1*1,4,AQ76H,克里斯,收货,上架
TVGL50S4Si,银色 品牌31 50英寸 电视机（超级超高清）,电视机,品牌31,50英寸,超级超高清,银色,8*1*1,6,BF49E,大卫,收货,上架
TVGn754KBl,黑色 品牌30 75英寸 电视机（超高清）,电视机,品牌30,75英寸,超高清,黑色,8*1*1,4,BK95G,莎拉,收货,上架
LaRe15i5Si,银色 品牌14 15英寸 笔记本电脑（第5代处理器）,笔记本电脑,品牌14,15英寸,第5代处理器,银色,16*1*1,7,BU58G,劳拉,收货,上架
SPRe50WaBl,黑色 品牌22 50 触控笔（水彩）,触控笔,品牌22,50,水彩,黑色,48*10*5,1042,AO84A,简,收货,上架
PeAl50SoPi,粉色 品牌20 50 铅笔（可溶性）,铅笔,品牌20,50,可溶性,粉色,48*10*5,367,AO24E,约翰,收货,上架
AlYn1732Si,银色 品牌15 17英寸 一体机（32吉字节内存）,一体机,品牌15,17英寸,32吉字节内存,银色,16*1*1,11,BG46G,莎拉,收货,上架
TVEs32SFWh,白色 品牌32 32英寸 电视机（超级全高清）,电视机,品牌32,32英寸,超级全高清,白色,8*1*1,8,BS85G,艾米丽,收货,上架
AlSu14i5Si,银色 品牌11 14英寸 一体机（第5代处理器）,一体机,品牌11,14英寸,第5代处理器,银色,16*1*1,13,CZ10G,简,收货,上架
SPRe50HeBl,黑色 品牌22 50 触控笔（六角形）,触控笔,品牌22,50,六角形,黑色,48*10*5,418,DS02A,迈克,收货,上架
AlPH1532Si,银色 品牌12 15英寸 一体机（32吉字节内存）,一体机,品牌12,15英寸,32吉字节内存,银色,16*1*1,8,AT20A,艾米,收货,上架
MoRe35WiWh,白色 品牌10 350 鼠标（有线）,鼠标,品牌10,350,有线,白色,16*10*1,114,CF32H,艾米,收货,上架
PrSoA2LaWh,白色 品牌25 二号纸 打印机（激光）,打印机,品牌25,二号纸,激光,白色,16*1*1,13,BM01A,莎拉,收货,上架
KePH35MeBl,黑色 品牌12 350 键盘（机械式）,键盘,品牌12,350,机械式,黑色,16*10*1,29,DU28H,克里斯,收货,上架
TaTR18WoSi,银色 品牌28 1800 桌子（工作站）,桌子,品牌28,1800,工作站,银色,8*1*1,6,AG54F,大卫,收货,上架
TVEs65SFSi,银色 品牌32 65英寸 电视机（超级全高清）,电视机,品牌32,65英寸,超级全高清,银色,8*1*1,3,DK35D,大卫,收货,上架
KeRe27WiPi,粉色 品牌10 270 键盘（有线）,键盘,品牌10,270,有线,粉色,16*10*1,74,AQ24E,劳拉,收货,上架
DrQE12DoGr,灰色 品牌01 1200 抽屉柜（带门式）,抽屉柜,品牌01,1200,带门式,灰色,8*1*1,6,CH05E,克里斯,收货,上架
CaTE12FiBl,黑色 品牌04 1200 文件柜（文件收纳）,文件柜,品牌04,1200,文件收纳,黑色,8*1*1,8,CT51B,迈克,收货,上架
SPNa24WaBl,黑色 品牌23 24 触控笔（水彩）,触控笔,品牌23,24,水彩,黑色,48*10*5,920,BP61D,艾米丽,收货,上架
CuRG12FiGr,灰色 品牌03 1200 储物柜（文件收纳）,储物柜,品牌03,1200,文件收纳,灰色,8*1*1,8,BS01F,克里斯,收货,上架
TaTR15WoGr,灰色 品牌28 1500 桌子（工作站）,桌子,品牌28,1500,工作站,灰色,8*1*1,3,BW17C,大卫,收货,上架
CaTE18FiWh,白色 品牌04 1800 文件柜（文件收纳）,文件柜,品牌04,1800,文件收纳,白色,8*1*1,1,AG97H,艾米,收货,上架
KeRe27WiPi,粉色 品牌10 270 键盘（有线）,键盘,品牌10,270,有线,粉色,16*10*1,120,BI70E,大卫,收货,上架
TVYn324KGr,灰色 品牌15 32英寸 电视机（超高清）,电视机,品牌15,32英寸,超高清,灰色,8*1*1,3,DY04B,莎拉,收货,上架
LaOv17i7Si,银色 品牌13 17英寸 笔记本电脑（第7代处理器）,笔记本电脑,品牌13,17英寸,第7代处理器,银色,16*1*1,1,CP01D,艾米丽,收货,上架
AlRe17i7Si,银色 品牌14 17英寸 一体机（第7代处理器）,一体机,品牌14,17英寸,第7代处理器,银色,16*1*1,9,BZ83G,亚历克斯,收货,上架
DrRG90SlGr,灰色 品牌03 900 抽屉柜（滑动式）,抽屉柜,品牌03,900,滑动式,灰色,8*1*1,6,BS46C,劳拉,收货,上架
CuWE90FiBl,黑色 品牌02 900 储物柜（文件收纳）,储物柜,品牌02,900,文件收纳,黑色,8*1*1,3,DF68H,艾米丽,收货,上架
NoExA5liWh,白色 品牌16 五号纸 笔记本（线条）,笔记本,品牌16,五号纸,线条,白色,48*10*5,980,CM82F,艾米,收货,上架
CuWE90DoBe,米色 品牌02 900 储物柜（带门式）,储物柜,品牌02,900,带门式,米色,8*1*1,7,AK78F,大卫,收货,上架
CuTE12FiGr,灰色 品牌04 1200 储物柜（文件收纳）,储物柜,品牌04,1200,文件收纳,灰色,8*1*1,3,CR94A,克里斯,收货,上架
TaTR18WoGr,灰色 品牌28 1800 桌子（工作站）,桌子,品牌28,1800,工作站,灰色,8*1*1,5,BN10D,艾米丽,收货,上架
SPAl24SoBl,黑色 品牌20 24 触控笔（可溶性）,触控笔,品牌20,24,可溶性,黑色,48*10*5,2322,CN73C,约翰,收货,上架
DrTE18DoGr,灰色 品牌04 1800 抽屉柜（带门式）,抽屉柜,品牌04,1800,带门式,灰色,8*1*1,2,AS96A,大卫,收货,上架
MoPH45MePi,粉色 品牌12 450 鼠标（机械式）,鼠标,品牌12,450,机械式,粉色,16*10*1,19,AN29F,艾米,收货,上架
GaSESHeGr,灰色 品牌08 小号 游戏椅（头枕）,游戏椅,品牌08,小号,头枕,灰色,16*1*1,10,CY41G,迈克,收货,上架
LaOv158GSi,银色 品牌13 15英寸 笔记本电脑（8吉字节内存）,笔记本电脑,品牌13,15英寸,8吉字节内存,银色,16*1*1,9,BI64B,大卫,收货,上架
LaPH158GSi,银色 品牌12 15英寸 笔记本电脑（8吉字节内存）,笔记本电脑,品牌12,15英寸,8吉字节内存,银色,16*1*1,11,CT91C,艾米丽,收货,上架
DrTE12LoGr,灰色 品牌04 1200 抽屉柜（储物锁柜）,抽屉柜,品牌04,1200,储物锁柜,灰色,8*1*1,7,CP91C,莎拉,收货,上架
TVGL504KWh,白色 品牌31 50英寸 电视机（超高清）,电视机,品牌31,50英寸,超高清,白色,8*1*1,5,DO66A,迈克,收货,上架
LaYn1432Bl,黑色 品牌15 14英寸 笔记本电脑（32吉字节内存）,笔记本电脑,品牌15,14英寸,32吉字节内存,黑色,16*1*1,12,DQ64D,约翰,收货,上架
CuRG18SlBl,黑色 品牌03 1800 储物柜（滑动式）,储物柜,品牌03,1800,滑动式,黑色,8*1*1,5,DM53E,大卫,收货,上架
AlOv1732Bl,黑色 品牌13 17英寸 一体机（32吉字节内存）,一体机,品牌13,17英寸,32吉字节内存,黑色,16*1*1,6,AW26F,艾米丽,收货,上架
CuQE12FiBl,黑色 品牌01 1200 储物柜（文件收纳）,储物柜,品牌01,1200,文件收纳,黑色,8*1*1,1,CI91A,大卫,收货,上架
PrNoA3AlWh,白色 品牌26 三号纸 打印机（一体式）,打印机,品牌26,三号纸,一体式,白色,16*1*1,9,AJ47B,艾米,收货,上架
GaSEMAdPi,粉色 品牌08 中号 游戏椅（可调节）,游戏椅,品牌08,中号,可调节,粉色,16*1*1,9,CO40D,劳拉,收货,上架
TVEs424KGr,灰色 品牌32 42英寸 电视机（超高清）,电视机,品牌32,42英寸,超高清,灰色,8*1*1,4,BM36D,亚历克斯,收货,上架
TVYn654KWh,白色 品牌15 65英寸 电视机（超高清）,电视机,品牌15,65英寸,超高清,白色,8*1*1,6,DM12A,克里斯,收货,上架
GaSESHeBl,黑色 品牌08 小号 游戏椅（头枕）,游戏椅,品牌08,小号,头枕,黑色,16*1*1,15,AT11A,亚历克斯,收货,上架
KePH35WiPi,粉色 品牌12 350 键盘（有线）,键盘,品牌12,350,有线,粉色,16*10*1,8,DG34B,艾米,收货,上架
SPNa50WaGr,灰色 品牌23 50 触控笔（水彩）,触控笔,品牌23,50,水彩,灰色,48*10*5,2254,DK17D,亚历克斯,收货,上架
AlOv1532Si,银色 品牌13 15英寸 一体机（32吉字节内存）,一体机,品牌13,15英寸,32吉字节内存,银色,16*1*1,13,AO96A,劳拉,收货,上架
TVGn50FHWh,白色 品牌30 50英寸 电视机（全高清）,电视机,品牌30,50英寸,全高清,白色,8*1*1,8,CV33F,简,收货,上架
PrPHA2MoBl,黑色 品牌12 二号纸 打印机（黑白）,打印机,品牌12,二号纸,黑白,黑色,16*1*1,7,AV80F,艾米丽,收货,上架
SPGi12WaWh,白色 品牌21 12 触控笔（水彩）,触控笔,品牌21,12,水彩,白色,48*10*5,2314,DH97H,艾米丽,收货,上架
TVEs42SFBl,黑色 品牌32 42英寸 电视机（超级全高清）,电视机,品牌32,42英寸,超级全高清,黑色,8*1*1,4,DG66H,亚历克斯,收货,上架
MoPH27MePi,粉色 品牌12 270 鼠标（机械式）,鼠标,品牌12,270,机械式,粉色,16*10*1,90,BL73E,大卫,收货,上架
NoExA5doBl,黑色 品牌16 五号纸 笔记本（点阵）,笔记本,品牌16,五号纸,点阵,黑色,48*10*5,1369,CI15E,大卫,收货,上架
TaAE10FrWh,白色 品牌05 1000 桌子（框架式）,桌子,品牌05,1000,框架式,白色,8*1*1,5,AM08D,简,收货,上架
AlRe14i7Si,银色 品牌14 14英寸 一体机（第7代处理器）,一体机,品牌14,14英寸,第7代处理器,银色,16*1*1,4,DO95A,简,收货,上架
OfSEMAdPi,粉色 品牌08 中号 办公椅（可调节）,办公椅,品牌08,中号,可调节,粉色,16*1*1,10,CG30E,简,收货,上架
NoMuA5doBl,黑色 品牌19 五号纸 笔记本（点阵）,笔记本,品牌19,五号纸,点阵,黑色,48*10*5,1459,DI79C,克里斯,收货,上架
KeRe45ErWh,白色 品牌10 450 键盘（人体工学）,键盘,品牌10,450,人体工学,白色,16*10*1,122,CJ72E,约翰,收货,上架
DrQE18SlWh,白色 品牌01 1800 抽屉柜（滑动式）,抽屉柜,品牌01,1800,滑动式,白色,8*1*1,4,CP71B,艾米丽,收货,上架
TVYn65SFBl,黑色 品牌15 65英寸 电视机（超级全高清）,电视机,品牌15,65英寸,超级全高清,黑色,8*1*1,7,DL88F,大卫,收货,上架
TaAE18FrGr,灰色 品牌05 1800 桌子（框架式）,桌子,品牌05,1800,框架式,灰色,8*1*1,4,BF34E,迈克,收货,上架
CaRG12DoGr,灰色 品牌03 1200 文件柜（带门式）,文件柜,品牌03,1200,带门式,灰色,8*1*1,4,CO50E,艾米,收货,上架
NoMuA3ruWh,白色 品牌19 三号纸 笔记本（横线）,笔记本,品牌19,三号纸,横线,白色,48*10*5,1991,DX36C,劳拉,收货,上架
PrPHA3LaGr,灰色 品牌12 三号纸 打印机（激光）,打印机,品牌12,三号纸,激光,灰色,16*1*1,12,CF05G,简,收货,上架
NoMuA3doBl,黑色 品牌19 三号纸 笔记本（点阵）,笔记本,品牌19,三号纸,点阵,黑色,48*10*5,1119,DP19H,大卫,收货,上架
OfOGLErBl,黑色 品牌07 大号 办公椅（人体工学）,办公椅,品牌07,大号,人体工学,黑色,16*1*1,8,DG77E,约翰,收货,上架
LaOv15i7Si,银色 品牌13 15英寸 笔记本电脑（第7代处理器）,笔记本电脑,品牌13,15英寸,第7代处理器,银色,16*1*1,12,BF03D,大卫,收货,上架
TVYn50FHBl,黑色 品牌15 50英寸 电视机（全高清）,电视机,品牌15,50英寸,全高清,黑色,8*1*1,3,BR30H,简,收货,上架
CaTE12FiBe,米色 品牌04 1200 文件柜（文件收纳）,文件柜,品牌04,1200,文件收纳,米色,8*1*1,8,AS16F,劳拉,收货,上架
TVGn324KGr,灰色 品牌30 32英寸 电视机（超高清）,电视机,品牌30,32英寸,超高清,灰色,8*1*1,1,AU73C,艾米丽,收货,上架
PrSoA3MoGr,灰色 品牌25 三号纸 打印机（黑白）,打印机,品牌25,三号纸,黑白,灰色,16*1*1,6,AT94B,莎拉,收货,上架
PeGi50SoWh,白色 品牌21 50 铅笔（可溶性）,铅笔,品牌21,50,可溶性,白色,48*10*5,1892,BZ68H,艾米,收货,上架
AlRe14i7Gr,灰色 品牌14 14英寸 一体机（第7代处理器）,一体机,品牌14,14英寸,第7代处理器,灰色,16*1*1,5,DX60B,亚历克斯,收货,上架
AlOv15i5Gr,灰色 品牌13 15英寸 一体机（第5代处理器）,一体机,品牌13,15英寸,第5代处理器,灰色,16*1*1,4,DU97F,艾米丽,收货,上架
DrWE18DoGr,灰色 品牌02 1800 抽屉柜（带门式）,抽屉柜,品牌02,1800,带门式,灰色,8*1*1,2,AU66G,大卫,收货,上架
TVYn42S4Si,银色 品牌15 42英寸 电视机（超级超高清）,电视机,品牌15,42英寸,超级超高清,银色,8*1*1,3,BR11H,艾米,收货,上架
OfOGMLePi,粉色 品牌07 中号 办公椅（皮革）,办公椅,品牌07,中号,皮革,粉色,16*1*1,10,DK30A,劳拉,收货,上架
LaRe1432Si,银色 品牌14 14英寸 笔记本电脑（32吉字节内存）,笔记本电脑,品牌14,14英寸,32吉字节内存,银色,16*1*1,3,CU58F,莎拉,收货,上架
DrTE12LoBe,米色 品牌04 1200 抽屉柜（储物锁柜）,抽屉柜,品牌04,1200,储物锁柜,米色,8*1*1,2,CO23B,劳拉,收货,上架
MoHc45MeWh,白色 品牌09 450 鼠标（机械式）,鼠标,品牌09,450,机械式,白色,16*10*1,30,AN38H,艾米丽,收货,上架
KeRe35BlPi,粉色 品牌10 350 键盘（蓝牙）,键盘,品牌10,350,蓝牙,粉色,16*10*1,23,AX53H,艾米丽,收货,上架
CaQE18FiBe,米色 品牌01 1800 文件柜（文件收纳）,文件柜,品牌01,1800,文件收纳,米色,8*1*1,7,CO10G,艾米丽,收货,上架
GaSESLeGr,灰色 品牌08 小号 游戏椅（皮革）,游戏椅,品牌08,小号,皮革,灰色,16*1*1,15,CX28F,约翰,收货,上架
OfSELHeWh,白色 品牌08 大号 办公椅（头枕）,办公椅,品牌08,大号,头枕,白色,16*1*1,14,BV52C,莎拉,收货,上架
DrTE12DoBl,黑色 品牌04 1200 抽屉柜（带门式）,抽屉柜,品牌04,1200,带门式,黑色,8*1*1,4,DH91A,亚历克斯,收货,上架
PrSoA2WiGr,灰色 品牌25 二号纸 打印机（无线网络）,打印机,品牌25,二号纸,无线网络,灰色,16*1*1,5,DN25D,大卫,收货,上架
DrWE12SlBl,黑色 品牌02 1200 抽屉柜（滑动式）,抽屉柜,品牌02,1200,滑动式,黑色,8*1*1,3,AY79G,艾米丽,收货,上架
LaRe1516Bl,黑色 品牌14 15英寸 笔记本电脑（16吉字节内存）,笔记本电脑,品牌14,15英寸,16吉字节内存,黑色,16*1*1,8,CN96F,艾米,收货,上架
DrQE90LoBe,米色 品牌01 900 抽屉柜（储物锁柜）,抽屉柜,品牌01,900,储物锁柜,米色,8*1*1,3,AR08A,莎拉,收货,上架
AlPH15i7Si,银色 品牌12 15英寸 一体机（第7代处理器）,一体机,品牌12,15英寸,第7代处理器,银色,16*1*1,4,BS57G,劳拉,收货,上架
OfAESAdBl,黑色 品牌05 小号 办公椅（可调节）,办公椅,品牌05,小号,可调节,黑色,16*1*1,2,CY48C,劳拉,收货,上架
LaOv17i5Wh,白色 品牌13 17英寸 笔记本电脑（第5代处理器）,笔记本电脑,品牌13,17英寸,第5代处理器,白色,16*1*1,6,BO78E,亚历克斯,收货,上架
TVEs65FHWh,白色 品牌32 65英寸 电视机（全高清）,电视机,品牌32,65英寸,全高清,白色,8*1*1,3,CJ95C,迈克,收货,上架
PrSoA4InWh,白色 品牌25 四号纸 打印机（喷墨）,打印机,品牌25,四号纸,喷墨,白色,16*1*1,3,CR84F,劳拉,收货,上架
MoSu45ErNa,藏青色 品牌11 450 鼠标（人体工学）,鼠标,品牌11,450,人体工学,藏青色,16*10*1,141,AU04G,艾米丽,收货,上架
CaTE90SlBe,米色 品牌04 900 文件柜（滑动式）,文件柜,品牌04,900,滑动式,米色,8*1*1,3,CQ28A,克里斯,收货,上架
TVGL32S4Si,银色 品牌31 32英寸 电视机（超级超高清）,电视机,品牌31,32英寸,超级超高清,银色,8*1*1,7,AH03E,约翰,收货,上架
TaCI18AuBl,黑色 品牌27 1800 桌子（自动调节）,桌子,品牌27,1800,自动调节,黑色,8*1*1,6,BN25G,艾米,收货,上架
LaYn15i7Gr,灰色 品牌15 15英寸 笔记本电脑（第7代处理器）,笔记本电脑,品牌15,15英寸,第7代处理器,灰色,16*1*1,10,BH38E,艾米丽,收货,上架
AlYn158GGr,灰色 品牌15 15英寸 一体机（8吉字节内存）,一体机,品牌15,15英寸,8吉字节内存,灰色,16*1*1,7,BJ60G,莎拉,收货,上架
NoExA5ruSi,银色 品牌16 五号纸 笔记本（横线）,笔记本,品牌16,五号纸,横线,银色,48*10*5,1622,DM82D,劳拉,收货,上架
PeNa24SoBl,黑色 品牌23 24 铅笔（可溶性）,铅笔,品牌23,24,可溶性,黑色,48*10*5,622,AF83H,迈克,收货,上架
GaOGLAdGr,灰色 品牌07 大号 游戏椅（可调节）,游戏椅,品牌07,大号,可调节,灰色,16*1*1,6,BO03A,大卫,收货,上架
LaSu148GGr,灰色 品牌11 14英寸 笔记本电脑（8吉字节内存）,笔记本电脑,品牌11,14英寸,8吉字节内存,灰色,16*1*1,7,BH61H,大卫,收货,上架
TaTR10WoWh,白色 品牌28 1000 桌子（工作站）,桌子,品牌28,1000,工作站,白色,8*1*1,3,AT84D,克里斯,收货,上架
GaXELAdWh,白色 品牌06 大号 游戏椅（可调节）,游戏椅,品牌06,大号,可调节,白色,16*1*1,15,AS09D,大卫,收货,上架
DrRG12SlBe,米色 品牌03 1200 抽屉柜（滑动式）,抽屉柜,品牌03,1200,滑动式,米色,8*1*1,7,DK96G,大卫,收货,上架
DrQE12LoGr,灰色 品牌01 1200 抽屉柜（储物锁柜）,抽屉柜,品牌01,1200,储物锁柜,灰色,8*1*1,7,CO67A,简,收货,上架
TaTR15AdBl,黑色 品牌28 1500 桌子（可调节）,桌子,品牌28,1500,可调节,黑色,8*1*1,2,BI90H,劳拉,收货,上架
TVEs75FHBl,黑色 品牌32 75英寸 电视机（全高清）,电视机,品牌32,75英寸,全高清,黑色,8*1*1,5,CU96A,艾米丽,收货,上架
TVYn754KWh,白色 品牌15 75英寸 电视机（超高清）,电视机,品牌15,75英寸,超高清,白色,8*1*1,4,BX13D,亚历克斯,收货,上架
PeGi12SoWh,白色 品牌21 12 铅笔（可溶性）,铅笔,品牌21,12,可溶性,白色,48*10*5,1390,AU97E,约翰,收货,上架
OfSESHeBl,黑色 品牌08 小号 办公椅（头枕）,办公椅,品牌08,小号,头枕,黑色,16*1*1,3,DF57D,劳拉,收货,上架
MoRe27WiBl,黑色 品牌10 270 鼠标（有线）,鼠标,品牌10,270,有线,黑色,16*10*1,125,BK40C,简,收货,上架
PeRe24SoPi,粉色 品牌22 24 铅笔（可溶性）,铅笔,品牌22,24,可溶性,粉色,48*10*5,2359,DY98G,亚历克斯,收货,上架
OfSESAdWh,白色 品牌08 小号 办公椅（可调节）,办公椅,品牌08,小号,可调节,白色,16*1*1,10,AG02G,迈克,收货,上架
PeAl12SoGr,灰色 品牌20 12 铅笔（可溶性）,铅笔,品牌20,12,可溶性,灰色,48*10*5,1182,CQ70C,亚历克斯,收货,上架
DrRG12LoGr,灰色 品牌03 1200 抽屉柜（储物锁柜）,抽屉柜,品牌03,1200,储物锁柜,灰色,8*1*1,7,DN17E,简,收货,上架
AlSu1732Gr,灰色 品牌11 17英寸 一体机（32吉字节内存）,一体机,品牌11,17英寸,32吉字节内存,灰色,16*1*1,3,DG53F,莎拉,收货,上架
TVYn32SFSi,银色 品牌15 32英寸 电视机（超级全高清）,电视机,品牌15,32英寸,超级全高清,银色,8*1*1,5,DV12H,简,收货,上架
LaSu1716Gr,灰色 品牌11 17英寸 笔记本电脑（16吉字节内存）,笔记本电脑,品牌11,17英寸,16吉字节内存,灰色,16*1*1,1,AQ11B,劳拉,收货,上架
TVGL32S4Bl,黑色 品牌31 32英寸 电视机（超级超高清）,电视机,品牌31,32英寸,超级超高清,黑色,8*1*1,2,CI16F,艾米丽,收货,上架
AlYn17i5Wh,白色 品牌15 17英寸 一体机（第5代处理器）,一体机,品牌15,17英寸,第5代处理器,白色,16*1*1,4,BV28D,克里斯,收货,上架
SPAl24HeGr,灰色 品牌20 24 触控笔（六角形）,触控笔,品牌20,24,六角形,灰色,48*10*5,213,DZ34H,艾米丽,收货,上架
GaOGMHePi,粉色 品牌07 中号 游戏椅（头枕）,游戏椅,品牌07,中号,头枕,粉色,16*1*1,10,CZ65F,大卫,收货,上架
TaCI15AdWh,白色 品牌27 1500 桌子（可调节）,桌子,品牌27,1500,可调节,白色,8*1*1,6,CJ28E,劳拉,收货,上架
OfAEMHePi,粉色 品牌05 中号 办公椅（头枕）,办公椅,品牌05,中号,头枕,粉色,16*1*1,16,DI58G,艾米,收货,上架
PeAl12WaPi,粉色 品牌20 12 铅笔（水彩）,铅笔,品牌20,12,水彩,粉色,48*10*5,1330,CP84F,大卫,收货,上架
DrRG90LoWh,白色 品牌03 900 抽屉柜（储物锁柜）,抽屉柜,品牌03,900,储物锁柜,白色,8*1*1,8,CT85G,约翰,收货,上架
GaAELErBl,黑色 品牌05 大号 游戏椅（人体工学）,游戏椅,品牌05,大号,人体工学,黑色,16*1*1,15,AZ52E,简,收货,上架
OfXEMHePi,粉色 品牌06 中号 办公椅（头枕）,办公椅,品牌06,中号,头枕,粉色,16*1*1,6,DJ75D,艾米,收货,上架
PrPHA4LaGr,灰色 品牌12 四号纸 打印机（激光）,打印机,品牌12,四号纸,激光,灰色,16*1*1,12,CT89C,约翰,收货,上架
OfOGSErPi,粉色 品牌07 小号 办公椅（人体工学）,办公椅,品牌07,小号,人体工学,粉色,16*1*1,12,BU85A,劳拉,收货,上架
CuTE90DoGr,灰色 品牌04 900 储物柜（带门式）,储物柜,品牌04,900,带门式,灰色,8*1*1,8,AT57G,莎拉,收货,上架
LaPH1732Bl,黑色 品牌12 17英寸 笔记本电脑（32吉字节内存）,笔记本电脑,品牌12,17英寸,32吉字节内存,黑色,16*1*1,6,DJ86E,简,收货,上架
DrWE12LoBl,黑色 品牌02 1200 抽屉柜（储物锁柜）,抽屉柜,品牌02,1200,储物锁柜,黑色,8*1*1,1,DH56A,克里斯,收货,上架
GaSESLeBl,黑色 品牌08 小号 游戏椅（皮革）,游戏椅,品牌08,小号,皮革,黑色,16*1*1,12,AJ49C,艾米,收货,上架
GaXELAdPi,粉色 品牌06 大号 游戏椅（可调节）,游戏椅,品牌06,大号,可调节,粉色,16*1*1,8,DN43G,简,收货,上架
AlPH14i5Gr,灰色 品牌12 14英寸 一体机（第5代处理器）,一体机,品牌12,14英寸,第5代处理器,灰色,16*1*1,1,DG57H,迈克,收货,上架
CaWE12FiGr,灰色 品牌02 1200 文件柜（文件收纳）,文件柜,品牌02,1200,文件收纳,灰色,8*1*1,6,DJ15B,亚历克斯,收货,上架
SPGi50WaPi,粉色 品牌21 50 触控笔（水彩）,触控笔,品牌21,50,水彩,粉色,48*10*5,1909,DN84F,简,收货,上架
GaXELErWh,白色 品牌06 大号 游戏椅（人体工学）,游戏椅,品牌06,大号,人体工学,白色,16*1*1,3,DK66A,亚历克斯,收货,上架
KeSu27ErNa,藏青色 品牌11 270 键盘（人体工学）,键盘,品牌11,270,人体工学,藏青色,16*10*1,108,CN55D,迈克,收货,上架
TVYn65SFWh,白色 品牌15 65英寸 电视机（超级全高清）,电视机,品牌15,65英寸,超级全高清,白色,8*1*1,3,AW50H,亚历克斯,收货,上架
TaTR10AdGr,灰色 品牌29 1000 桌子（可调节）,桌子,品牌29,1000,可调节,灰色,8*1*1,1,DY66A,约翰,收货,上架
PrNoA4WiBl,黑色 品牌26 四号纸 打印机（无线网络）,打印机,品牌26,四号纸,无线网络,黑色,16*1*1,6,BS70B,艾米,收货,上架
PrNoA4InGr,灰色 品牌26 四号纸 打印机（喷墨）,打印机,品牌26,四号纸,喷墨,灰色,16*1*1,7,CM48C,克里斯,收货,上架
DrRG12FiWh,白色 品牌03 1200 抽屉柜（文件收纳）,抽屉柜,品牌03,1200,文件收纳,白色,8*1*1,7,DH50C,大卫,收货,上架
TaCI15AuSi,银色 品牌27 1500 桌子（自动调节）,桌子,品牌27,1500,自动调节,银色,8*1*1,2,AF14H,劳拉,收货,上架
SPNa50WaPi,粉色 品牌23 50 触控笔（水彩）,触控笔,品牌23,50,水彩,粉色,48*10*5,534,BF54A,亚历克斯,收货,上架
PrSoA4InBl,黑色 品牌25 四号纸 打印机（喷墨）,打印机,品牌25,四号纸,喷墨,黑色,16*1*1,11,DF64H,约翰,收货,上架
MoSu27BlBl,黑色 品牌11 270 鼠标（蓝牙）,鼠标,品牌11,270,蓝牙,黑色,16*10*1,143,BP63D,亚历克斯,收货,上架
LaRe15i7Si,银色 品牌14 15英寸 笔记本电脑（第7代处理器）,笔记本电脑,品牌14,15英寸,第7代处理器,银色,16*1*1,11,DS95H,艾米丽,收货,上架
LaRe1432Si,银色 品牌14 14英寸 笔记本电脑（32吉字节内存）,笔记本电脑,品牌14,14英寸,32吉字节内存,银色,16*1*1,11,CY32G,劳拉,收货,上架
CuQE18DoBe,米色 品牌01 1800 储物柜（带门式）,储物柜,品牌01,1800,带门式,米色,8*1*1,6,DH95G,艾米丽,收货,上架
OfXESErBl,黑色 品牌06 小号 办公椅（人体工学）,办公椅,品牌06,小号,人体工学,黑色,16*1*1,9,DQ70F,莎拉,收货,上架
MoSu45MeBl,黑色 品牌11 450 鼠标（机械式）,鼠标,品牌11,450,机械式,黑色,16*10*1,106,AZ59F,克里斯,收货,上架
CaTE12SlWh,白色 品牌04 1200 文件柜（滑动式）,文件柜,品牌04,1200,滑动式,白色,8*1*1,6,DX17E,艾米丽,收货,上架
AlSu1732Si,银色 品牌11 17英寸 一体机（32吉字节内存）,一体机,品牌11,17英寸,32吉字节内存,银色,16*1*1,10,AR17D,莎拉,收货,上架
PrPHA3LaGr,灰色 品牌12 三号纸 打印机（激光）,打印机,品牌12,三号纸,激光,灰色,16*1*1,6,BR74G,莎拉,收货,上架
NoMuA4ruGr,灰色 品牌19 四号纸 笔记本（横线）,笔记本,品牌19,四号纸,横线,灰色,48*10*5,955,CW94F,莎拉,收货,上架
TaTR15AuGr,灰色 品牌29 1500 桌子（自动调节）,桌子,品牌29,1500,自动调节,灰色,8*1*1,8,BT28A,克里斯,收货,上架
TVGn654KGr,灰色 品牌30 65英寸 电视机（超高清）,电视机,品牌30,65英寸,超高清,灰色,8*1*1,4,DI70C,迈克,收货,上架
CaWE90LoBl,黑色 品牌02 900 文件柜（储物锁柜）,文件柜,品牌02,900,储物锁柜,黑色,8*1*1,7,CQ76B,艾米丽,收货,上架
CuTE18LoGr,灰色 品牌04 1800 储物柜（储物锁柜）,储物柜,品牌04,1800,储物锁柜,灰色,8*1*1,2,CF34C,约翰,收货,上架
DrTE12DoWh,白色 品牌04 1200 抽屉柜（带门式）,抽屉柜,品牌04,1200,带门式,白色,8*1*1,2,BL18G,亚历克斯,收货,上架
NoExA3liGr,灰色 品牌16 三号纸 笔记本（线条）,笔记本,品牌16,三号纸,线条,灰色,48*10*5,199,BR75D,劳拉,收货,上架
NoScA3ruGr,灰色 品牌17 三号纸 笔记本（横线）,笔记本,品牌17,三号纸,横线,灰色,48*10*5,1375,BW06F,大卫,收货,上架
NoGrA3liSi,银色 品牌18 三号纸 笔记本（线条）,笔记本,品牌18,三号纸,线条,银色,48*10*5,636,DY06H,艾米,收货,上架
TVEs42SFBl,黑色 品牌32 42英寸 电视机（超级全高清）,电视机,品牌32,42英寸,超级全高清,黑色,8*1*1,4,DR05F,约翰,收货,上架
AlOv158GWh,白色 品牌13 15英寸 一体机（8吉字节内存）,一体机,品牌13,15英寸,8吉字节内存,白色,16*1*1,11,DH67D,克里斯,收货,上架
NoMuA5doWh,白色 品牌19 五号纸 笔记本（点阵）,笔记本,品牌19,五号纸,点阵,白色,48*10*5,1913,CQ30D,迈克,收货,上架
MoSu27MeWh,白色 品牌11 270 鼠标（机械式）,鼠标,品牌11,270,机械式,白色,16*10*1,134,BR42D,艾米,收货,上架
MoSu45MeBl,黑色 品牌11 450 鼠标（机械式）,鼠标,品牌11,450,机械式,黑色,16*10*1,135,AM20E,艾米,收货,上架
AlPH17i5Si,银色 品牌12 17英寸 一体机（第5代处理器）,一体机,品牌12,17英寸,第5代处理器,银色,16*1*1,2,CR24G,艾米丽,收货,上架
AlRe148GBl,黑色 品牌14 14英寸 一体机（8吉字节内存）,一体机,品牌14,14英寸,8吉字节内存,黑色,16*1*1,6,DX14D,约翰,收货,上架
TVGn50SFWh,白色 品牌30 50英寸 电视机（超级全高清）,电视机,品牌30,50英寸,超级全高清,白色,8*1*1,4,BL48G,艾米丽,收货,上架
SPRe12SoPi,粉色 品牌22 12 触控笔（可溶性）,触控笔,品牌22,12,可溶性,粉色,48*10*5,697,AL25B,劳拉,收货,上架
CuQE18SlBe,米色 品牌01 1800 储物柜（滑动式）,储物柜,品牌01,1800,滑动式,米色,8*1*1,5,AN08E,艾米,收货,上架
AlYn148GBl,黑色 品牌15 14英寸 一体机（8吉字节内存）,一体机,品牌15,14英寸,8吉字节内存,黑色,16*1*1,11,DJ71E,艾米丽,收货,上架
MoPH27ErBl,黑色 品牌12 270 鼠标（人体工学）,鼠标,品牌12,270,人体工学,黑色,16*10*1,158,BP66A,迈克,收货,上架
TVEs50SFGr,灰色 品牌32 50英寸 电视机（超级全高清）,电视机,品牌32,50英寸,超级全高清,灰色,8*1*1,5,CH62G,莎拉,收货,上架
CuRG18FiBl,黑色 品牌03 1800 储物柜（文件收纳）,储物柜,品牌03,1800,文件收纳,黑色,8*1*1,5,DP83G,迈克,收货,上架
NoScA4liWh,白色 品牌17 四号纸 笔记本（线条）,笔记本,品牌17,四号纸,线条,白色,48*10*5,825,CF41D,亚历克斯,收货,上架
MoRe45ErWh,白色 品牌10 450 鼠标（人体工学）,鼠标,品牌10,450,人体工学,白色,16*10*1,49,AF79E,迈克,收货,上架
KeRe35ErBl,黑色 品牌10 350 键盘（人体工学）,键盘,品牌10,350,人体工学,黑色,16*10*1,5,CG91C,劳拉,收货,上架
PrSoA3AlBl,黑色 品牌25 三号纸 打印机（一体式）,打印机,品牌25,三号纸,一体式,黑色,16*1*1,8,DH91D,大卫,收货,上架
DrTE18DoBl,黑色 品牌04 1800 抽屉柜（带门式）,抽屉柜,品牌04,1800,带门式,黑色,8*1*1,5,AR50G,艾米,收货,上架
PrPHA4WiWh,白色 品牌12 四号纸 打印机（无线网络）,打印机,品牌12,四号纸,无线网络,白色,16*1*1,9,AR35B,劳拉,收货,上架
LaSu17i7Bl,黑色 品牌11 17英寸 笔记本电脑（第7代处理器）,笔记本电脑,品牌11,17英寸,第7代处理器,黑色,16*1*1,3,DL28H,大卫,收货,上架
CaWE12FiWh,白色 品牌02 1200 文件柜（文件收纳）,文件柜,品牌02,1200,文件收纳,白色,8*1*1,3,AM62G,大卫,收货,上架
PrSoA2AlWh,白色 品牌25 二号纸 打印机（一体式）,打印机,品牌25,二号纸,一体式,白色,16*1*1,14,BS91H,亚历克斯,收货,上架
GaSELLePi,粉色 品牌08 大号 游戏椅（皮革）,游戏椅,品牌08,大号,皮革,粉色,16*1*1,4,CS54G,克里斯,收货,上架
SPGi12WaGr,灰色 品牌21 12 触控笔（水彩）,触控笔,品牌21,12,水彩,灰色,48*10*5,948,AF05D,艾米丽,收货,上架
TVEs32FHBl,黑色 品牌32 32英寸 电视机（全高清）,电视机,品牌32,32英寸,全高清,黑色,8*1*1,6,BM52C,劳拉,收货,上架
CuQE12DoWh,白色 品牌01 1200 储物柜（带门式）,储物柜,品牌01,1200,带门式,白色,8*1*1,4,AK53E,劳拉,收货,上架
CuWE12DoBl,黑色 品牌02 1200 储物柜（带门式）,储物柜,品牌02,1200,带门式,黑色,8*1*1,5,AW21H,莎拉,收货,上架
KeSu45MePi,粉色 品牌11 450 键盘（机械式）,键盘,品牌11,450,机械式,粉色,16*10*1,55,CI87A,约翰,收货,上架
DrTE12LoBe,米色 品牌04 1200 抽屉柜（储物锁柜）,抽屉柜,品牌04,1200,储物锁柜,米色,8*1*1,3,CO79E,亚历克斯,收货,上架
TaAE18FrBl,黑色 品牌05 1800 桌子（框架式）,桌子,品牌05,1800,框架式,黑色,8*1*1,2,BK83B,艾米,收货,上架
OfOGLErPi,粉色 品牌07 大号 办公椅（人体工学）,办公椅,品牌07,大号,人体工学,粉色,16*1*1,7,CP11D,莎拉,收货,上架
LaPH178GWh,白色 品牌12 17英寸 笔记本电脑（8吉字节内存）,笔记本电脑,品牌12,17英寸,8吉字节内存,白色,16*1*1,2,AS62A,莎拉,收货,上架
LaOv17i5Si,银色 品牌13 17英寸 笔记本电脑（第5代处理器）,笔记本电脑,品牌13,17英寸,第5代处理器,银色,16*1*1,14,BI27A,大卫,收货,上架
TVGL42SFSi,银色 品牌31 42英寸 电视机（超级全高清）,电视机,品牌31,42英寸,超级全高清,银色,8*1*1,8,BN35E,亚历克斯,收货,上架
TaTR18WoBl,黑色 品牌29 1800 桌子（工作站）,桌子,品牌29,1800,工作站,黑色,8*1*1,7,DH18A,劳拉,收货,上架
PrPHA3AlMi,混合色 品牌12 三号纸 打印机（一体式）,打印机,品牌12,三号纸,一体式,混合色,16*1*1,12,DI64C,克里斯,收货,上架
KeHc27WiPi,粉色 品牌09 270 键盘（有线）,键盘,品牌09,270,有线,粉色,16*10*1,125,CG07H,大卫,收货,上架
OfSEMAdPi,粉色 品牌08 中号 办公椅（可调节）,办公椅,品牌08,中号,可调节,粉色,16*1*1,8,AL96H,亚历克斯,收货,上架
CuTE18SlWh,白色 品牌04 1800 储物柜（滑动式）,储物柜,品牌04,1800,滑动式,白色,8*1*1,4,DI42A,克里斯,收货,上架
GaOGLLePi,粉色 品牌07 大号 游戏椅（皮革）,游戏椅,品牌07,大号,皮革,粉色,16*1*1,13,AK58D,亚历克斯,收货,上架
CaQE12SlBl,黑色 品牌01 1200 文件柜（滑动式）,文件柜,品牌01,1200,滑动式,黑色,8*1*1,8,AG05G,亚历克斯,收货,上架
TVGL32FHGr,灰色 品牌31 32英寸 电视机（全高清）,电视机,品牌31,32英寸,全高清,灰色,8*1*1,4,CM16F,艾米,收货,上架
DrTE18FiBe,米色 品牌04 1800 抽屉柜（文件收纳）,抽屉柜,品牌04,1800,文件收纳,米色,8*1*1,7,DQ86F,艾米丽,收货,上架
AlYn1432Bl,黑色 品牌15 14英寸 一体机（32吉字节内存）,一体机,品牌15,14英寸,32吉字节内存,黑色,16*1*1,3,AW31H,艾米,收货,上架
DrWE18LoGr,灰色 品牌02 1800 抽屉柜（储物锁柜）,抽屉柜,品牌02,1800,储物锁柜,灰色,8*1*1,6,AZ01A,莎拉,收货,上架
TVYn42SFSi,银色 品牌15 42英寸 电视机（超级全高清）,电视机,品牌15,42英寸,超级全高清,银色,8*1*1,8,CO82H,迈克,收货,上架
TaTR15AuWh,白色 品牌29 1500 桌子（自动调节）,桌子,品牌29,1500,自动调节,白色,8*1*1,1,AW12C,艾米丽,收货,上架
TVEs42S4Gr,灰色 品牌32 42英寸 电视机（超级超高清）,电视机,品牌32,42英寸,超级超高清,灰色,8*1*1,6,AQ71F,迈克,收货,上架
PrSoA2WiMi,混合色 品牌25 二号纸 打印机（无线网络）,打印机,品牌25,二号纸,无线网络,混合色,16*1*1,2,CS67B,艾米丽,收货,上架
TaTR10AuSi,银色 品牌29 1000 桌子（自动调节）,桌子,品牌29,1000,自动调节,银色,8*1*1,1,DU76G,莎拉,收货,上架
LaPH1432Si,银色 品牌12 14英寸 笔记本电脑（32吉字节内存）,笔记本电脑,品牌12,14英寸,32吉字节内存,银色,16*1*1,6,BZ72G,莎拉,收货,上架
AlPH178GGr,灰色 品牌12 17英寸 一体机（8吉字节内存）,一体机,品牌12,17英寸,8吉字节内存,灰色,16*1*1,10,CQ24B,艾米,收货,上架
PeRe12WaBl,黑色 品牌22 12 铅笔（水彩）,铅笔,品牌22,12,水彩,黑色,48*10*5,269,CQ85A,艾米丽,收货,上架
TaAE18FrSi,银色 品牌05 1800 桌子（框架式）,桌子,品牌05,1800,框架式,银色,8*1*1,8,DY39C,亚历克斯,收货,上架
LaRe15i5Bl,黑色 品牌14 15英寸 笔记本电脑（第5代处理器）,笔记本电脑,品牌14,15英寸,第5代处理器,黑色,16*1*1,1,BY67F,艾米丽,收货,上架
DrQE12LoBe,米色 品牌01 1200 抽屉柜（储物锁柜）,抽屉柜,品牌01,1200,储物锁柜,米色,8*1*1,5,DV23C,大卫,收货,上架
CuRG18LoWh,白色 品牌03 1800 储物柜（储物锁柜）,储物柜,品牌03,1800,储物锁柜,白色,8*1*1,1,BR07B,克里斯,收货,上架
PrNoA2LaBl,黑色 品牌26 二号纸 打印机（激光）,打印机,品牌26,二号纸,激光,黑色,16*1*1,5,BR14A,莎拉,收货,上架
AlOv17i5Wh,白色 品牌13 17英寸 一体机（第5代处理器）,一体机,品牌13,17英寸,第5代处理器,白色,16*1*1,13,BQ61C,劳拉,收货,上架
CaQE12DoBl,黑色 品牌01 1200 文件柜（带门式）,文件柜,品牌01,1200,带门式,黑色,8*1*1,1,DZ34H,迈克,收货,上架
CuQE90SlBe,米色 品牌01 900 储物柜（滑动式）,储物柜,品牌01,900,滑动式,米色,8*1*1,1,BY47G,艾米,收货,上架
TVGL75SFBl,黑色 品牌31 75英寸 电视机（超级全高清）,电视机,品牌31,75英寸,超级全高清,黑色,8*1*1,3,CR12D,亚历克斯,收货,上架
CuRG90DoWh,白色 品牌03 900 储物柜（带门式）,储物柜,品牌03,900,带门式,白色,8*1*1,4,DV49D,迈克,收货,上架
LaOv14i7Gr,灰色 品牌13 14英寸 笔记本电脑（第7代处理器）,笔记本电脑,品牌13,14英寸,第7代处理器,灰色,16*1*1,6,AM96A,大卫,收货,上架
PrPHA2WiWh,白色 品牌12 二号纸 打印机（无线网络）,打印机,品牌12,二号纸,无线网络,白色,16*1*1,2,CS67G,大卫,收货,上架
LaSu15i7Gr,灰色 品牌11 15英寸 笔记本电脑（第7代处理器）,笔记本电脑,品牌11,15英寸,第7代处理器,灰色,16*1*1,5,DQ34E,约翰,收货,上架
LaYn178GWh,白色 品牌15 17英寸 笔记本电脑（8吉字节内存）,笔记本电脑,品牌15,17英寸,8吉字节内存,白色,16*1*1,6,AP58A,莎拉,收货,上架
PrReA2WiMi,混合色 品牌24 二号纸 打印机（无线网络）,打印机,品牌24,二号纸,无线网络,混合色,16*1*1,2,BP06A,大卫,收货,上架
PeGi12SoWh,白色 品牌21 12 铅笔（可溶性）,铅笔,品牌21,12,可溶性,白色,48*10*5,2055,DQ14D,艾米丽,收货,上架
CaRG12SlBe,米色 品牌03 1200 文件柜（滑动式）,文件柜,品牌03,1200,滑动式,米色,8*1*1,1,BP16C,克里斯,收货,上架
PrReA3MoGr,灰色 品牌24 三号纸 打印机（黑白）,打印机,品牌24,三号纸,黑白,灰色,16*1*1,1,CF51F,简,收货,上架
DrTE90LoBl,黑色 品牌04 900 抽屉柜（储物锁柜）,抽屉柜,品牌04,900,储物锁柜,黑色,8*1*1,3,AI72H,亚历克斯,收货,上架
TaAE15AdSi,银色 品牌05 1500 桌子（可调节）,桌子,品牌05,1500,可调节,银色,8*1*1,1,CW51B,克里斯,收货,上架
DrTE18SlBe,米色 品牌04 1800 抽屉柜（滑动式）,抽屉柜,品牌04,1800,滑动式,米色,8*1*1,2,CR16C,亚历克斯,收货,上架
AlRe1516Si,银色 品牌14 15英寸 一体机（16吉字节内存）,一体机,品牌14,15英寸,16吉字节内存,银色,16*1*1,13,AV84E,简,收货,上架
TaTR15FrGr,灰色 品牌29 1500 桌子（框架式）,桌子,品牌29,1500,框架式,灰色,8*1*1,1,CF34D,简,收货,上架
SPGi12WaWh,白色 品牌21 12 触控笔（水彩）,触控笔,品牌21,12,水彩,白色,48*10*5,640,BP44E,迈克,收货,上架
AlPH15i7Si,银色 品牌12 15英寸 一体机（第7代处理器）,一体机,品牌12,15英寸,第7代处理器,银色,16*1*1,11,AI56C,艾米,收货,上架
TVYn50S4Bl,黑色 品牌15 50英寸 电视机（超级超高清）,电视机,品牌15,50英寸,超级超高清,黑色,8*1*1,1,BT47H,艾米丽,收货,上架
CuQE12DoBe,米色 品牌01 1200 储物柜（带门式）,储物柜,品牌01,1200,带门式,米色,8*1*1,6,AL60A,艾米丽,收货,上架
SPNa12SoPi,粉色 品牌23 12 触控笔（可溶性）,触控笔,品牌23,12,可溶性,粉色,48*10*5,677,AQ14B,亚历克斯,收货,上架
SPAl24WaGr,灰色 品牌20 24 触控笔（水彩）,触控笔,品牌20,24,水彩,灰色,48*10*5,195,BI15A,劳拉,收货,上架
CuQE90LoWh,白色 品牌01 900 储物柜（储物锁柜）,储物柜,品牌01,900,储物锁柜,白色,8*1*1,5,AR98B,克里斯,收货,上架
LaPH158GGr,灰色 品牌12 15英寸 笔记本电脑（8吉字节内存）,笔记本电脑,品牌12,15英寸,8吉字节内存,灰色,16*1*1,7,DN14C,迈克,收货,上架
DrTE90LoBe,米色 品牌04 900 抽屉柜（储物锁柜）,抽屉柜,品牌04,900,储物锁柜,米色,8*1*1,1,BS14G,莎拉,收货,上架
MoSu27ErWh,白色 品牌11 270 鼠标（人体工学）,鼠标,品牌11,270,人体工学,白色,16*10*1,154,DW81H,劳拉,收货,上架
AlSu1432Gr,灰色 品牌11 14英寸 一体机（32吉字节内存）,一体机,品牌11,14英寸,32吉字节内存,灰色,16*1*1,9,AL42H,克里斯,收货,上架
LaOv15i5Gr,灰色 品牌13 15英寸 笔记本电脑（第5代处理器）,笔记本电脑,品牌13,15英寸,第5代处理器,灰色,16*1*1,9,AW64H,劳拉,收货,上架
PrNoA2InMi,混合色 品牌26 二号纸 打印机（喷墨）,打印机,品牌26,二号纸,喷墨,混合色,16*1*1,5,CO33F,莎拉,收货,上架
KeHc45WiWh,白色 品牌09 450 键盘（有线）,键盘,品牌09,450,有线,白色,16*10*1,56,AI76H,简,收货,上架
GaXESAdBl,黑色 品牌06 小号 游戏椅（可调节）,游戏椅,品牌06,小号,可调节,黑色,16*1*1,9,BW72A,克里斯,收货,上架
PeRe24WaWh,白色 品牌22 24 铅笔（水彩）,铅笔,品牌22,24,水彩,白色,48*10*5,2348,AX92H,克里斯,收货,上架
DrQE12SlGr,灰色 品牌01 1200 抽屉柜（滑动式）,抽屉柜,品牌01,1200,滑动式,灰色,8*1*1,4,DK48F,简,收货,上架
AlPH1516Bl,黑色 品牌12 15英寸 一体机（16吉字节内存）,一体机,品牌12,15英寸,16吉字节内存,黑色,16*1*1,14,CL79C,约翰,收货,上架
CuWE12DoWh,白色 品牌02 1200 储物柜（带门式）,储物柜,品牌02,1200,带门式,白色,8*1*1,2,CJ21F,克里斯,收货,上架
KeRe27ErWh,白色 品牌10 270 键盘（人体工学）,键盘,品牌10,270,人体工学,白色,16*10*1,99,BQ53B,艾米,收货,上架
PrPHA3LaMi,混合色 品牌12 三号纸 打印机（激光）,打印机,品牌12,三号纸,激光,混合色,16*1*1,8,DQ65C,克里斯,收货,上架
MoSu45ErWh,白色 品牌11 450 鼠标（人体工学）,鼠标,品牌11,450,人体工学,白色,16*10*1,151,CT20A,莎拉,收货,上架
CaTE12SlWh,白色 品牌04 1200 文件柜（滑动式）,文件柜,品牌04,1200,滑动式,白色,8*1*1,7,DS16H,简,收货,上架
SPRe50HeWh,白色 品牌22 50 触控笔（六角形）,触控笔,品牌22,50,六角形,白色,48*10*5,1843,CH80D,克里斯,收货,上架
DrQE18DoWh,白色 品牌01 1800 抽屉柜（带门式）,抽屉柜,品牌01,1800,带门式,白色,8*1*1,6,DK20E,迈克,收货,上架
OfXELLeGr,灰色 品牌06 大号 办公椅（皮革）,办公椅,品牌06,大号,皮革,灰色,16*1*1,3,AJ18C,迈克,收货,上架
AlPH15i7Bl,黑色 品牌12 15英寸 一体机（第7代处理器）,一体机,品牌12,15英寸,第7代处理器,黑色,16*1*1,13,AT11C,大卫,收货,上架
NoGrA3doGr,灰色 品牌18 三号纸 笔记本（点阵）,笔记本,品牌18,三号纸,点阵,灰色,48*10*5,2222,AT46A,艾米,收货,上架
LaPH1716Gr,灰色 品牌12 17英寸 笔记本电脑（16吉字节内存）,笔记本电脑,品牌12,17英寸,16吉字节内存,灰色,16*1*1,12,AW36D,莎拉,收货,上架
OfAEMHePi,粉色 品牌05 中号 办公椅（头枕）,办公椅,品牌05,中号,头枕,粉色,16*1*1,3,CQ84B,迈克,收货,上架
CaQE18SlBe,米色 品牌01 1800 文件柜（滑动式）,文件柜,品牌01,1800,滑动式,米色,8*1*1,1,BJ43A,约翰,收货,上架
TVYn65FHSi,银色 品牌15 65英寸 电视机（全高清）,电视机,品牌15,65英寸,全高清,银色,8*1*1,2,DJ63E,克里斯,收货,上架
LaPH1532Bl,黑色 品牌12 15英寸 笔记本电脑（32吉字节内存）,笔记本电脑,品牌12,15英寸,32吉字节内存,黑色,16*1*1,9,BN69E,莎拉,收货,上架
LaRe178GGr,灰色 品牌14 17英寸 笔记本电脑（8吉字节内存）,笔记本电脑,品牌14,17英寸,8吉字节内存,灰色,16*1*1,16,DO76B,亚历克斯,收货,上架
NoScA4ruSi,银色 品牌17 四号纸 笔记本（横线）,笔记本,品牌17,四号纸,横线,银色,48*10*5,749,DU43B,劳拉,收货,上架
OfSEMHeWh,白色 品牌08 中号 办公椅（头枕）,办公椅,品牌08,中号,头枕,白色,16*1*1,2,CQ34A,艾米丽,收货,上架
LaYn14i5Gr,灰色 品牌15 14英寸 笔记本电脑（第5代处理器）,笔记本电脑,品牌15,14英寸,第5代处理器,灰色,16*1*1,9,CU93E,克里斯,收货,上架
TaTR18FrWh,白色 品牌29 1800 桌子（框架式）,桌子,品牌29,1800,框架式,白色,8*1*1,4,CL67D,克里斯,收货,上架
KePH35BlNa,藏青色 品牌12 350 键盘（蓝牙）,键盘,品牌12,350,蓝牙,藏青色,16*10*1,47,DZ57C,亚历克斯,收货,上架
LaRe15i5Wh,白色 品牌14 15英寸 笔记本电脑（第5代处理器）,笔记本电脑,品牌14,15英寸,第5代处理器,白色,16*1*1,3,AI66F,大卫,收货,上架
CuTE12SlWh,白色 品牌04 1200 储物柜（滑动式）,储物柜,品牌04,1200,滑动式,白色,8*1*1,8,AW84C,迈克,收货,上架
DrQE90DoBl,黑色 品牌01 900 抽屉柜（带门式）,抽屉柜,品牌01,900,带门式,黑色,8*1*1,7,DU84G,艾米丽,收货,上架
GaAEMLeGr,灰色 品牌05 中号 游戏椅（皮革）,游戏椅,品牌05,中号,皮革,灰色,16*1*1,7,CJ52G,劳拉,收货,上架
TVGL65FHBl,黑色 品牌31 65英寸 电视机（全高清）,电视机,品牌31,65英寸,全高清,黑色,8*1*1,3,CY30H,迈克,收货,上架
NoMuA4liGr,灰色 品牌19 四号纸 笔记本（线条）,笔记本,品牌19,四号纸,线条,灰色,48*10*5,943,CT39G,莎拉,收货,上架
LaPH158GSi,银色 品牌12 15英寸 笔记本电脑（8吉字节内存）,笔记本电脑,品牌12,15英寸,8吉字节内存,银色,16*1*1,13,DW03D,克里斯,收货,上架
AlOv1532Wh,白色 品牌13 15英寸 一体机（32吉字节内存）,一体机,品牌13,15英寸,32吉字节内存,白色,16*1*1,8,CI23A,劳拉,收货,上架
OfXEMHeBl,黑色 品牌06 中号 办公椅（头枕）,办公椅,品牌06,中号,头枕,黑色,16*1*1,15,AL04D,莎拉,收货,上架
MoHc27WiWh,白色 品牌09 270 鼠标（有线）,鼠标,品牌09,270,有线,白色,16*10*1,3,AI50G,亚历克斯,收货,上架
TVEs32SFBl,黑色 品牌32 32英寸 电视机（超级全高清）,电视机,品牌32,32英寸,超级全高清,黑色,8*1*1,4,CG18F,亚历克斯,收货,上架
KePH27MePi,粉色 品牌12 270 键盘（机械式）,键盘,品牌12,270,机械式,粉色,16*10*1,104,BT21H,莎拉,收货,上架
CaQE90DoWh,白色 品牌01 900 文件柜（带门式）,文件柜,品牌01,900,带门式,白色,8*1*1,5,CW93H,劳拉,收货,上架
PeGi12HePi,粉色 品牌21 12 铅笔（六角形）,铅笔,品牌21,12,六角形,粉色,48*10*5,918,DH01F,亚历克斯,收货,上架
TVEs42FHWh,白色 品牌32 42英寸 电视机（全高清）,电视机,品牌32,42英寸,全高清,白色,8*1*1,5,BZ29A,莎拉,收货,上架
AlYn1532Wh,白色 品牌15 15英寸 一体机（32吉字节内存）,一体机,品牌15,15英寸,32吉字节内存,白色,16*1*1,6,DI09C,亚历克斯,收货,上架
NoExA3liSi,银色 品牌16 三号纸 笔记本（线条）,笔记本,品牌16,三号纸,线条,银色,48*10*5,2069,AM95D,克里斯,收货,上架
CaTE12LoGr,灰色 品牌04 1200 文件柜（储物锁柜）,文件柜,品牌04,1200,储物锁柜,灰色,8*1*1,6,DF89F,简,收货,上架
CaQE12FiBe,米色 品牌01 1200 文件柜（文件收纳）,文件柜,品牌01,1200,文件收纳,米色,8*1*1,7,BF29C,约翰,收货,上架
AlSu1432Bl,黑色 品牌11 14英寸 一体机（32吉字节内存）,一体机,品牌11,14英寸,32吉字节内存,黑色,16*1*1,13,CV43F,克里斯,收货,上架
KeHc27WiWh,白色 品牌09 270 键盘（有线）,键盘,品牌09,270,有线,白色,16*10*1,107,CU98E,简,收货,上架
MoHc27ErPi,粉色 品牌09 270 鼠标（人体工学）,鼠标,品牌09,270,人体工学,粉色,16*10*1,120,BJ18C,莎拉,收货,上架
NoExA5ruSi,银色 品牌16 五号纸 笔记本（横线）,笔记本,品牌16,五号纸,横线,银色,48*10*5,499,DU06B,艾米丽,收货,上架
MoPH35MeNa,藏青色 品牌12 350 鼠标（机械式）,鼠标,品牌12,350,机械式,藏青色,16*10*1,20,AH73B,迈克,收货,上架
OfXESAdBl,黑色 品牌06 小号 办公椅（可调节）,办公椅,品牌06,小号,可调节,黑色,16*1*1,2,DH97F,艾米,收货,上架
GaSESErBl,黑色 品牌08 小号 游戏椅（人体工学）,游戏椅,品牌08,小号,人体工学,黑色,16*1*1,11,DI64B,莎拉,收货,上架
DrWE90DoGr,灰色 品牌02 900 抽屉柜（带门式）,抽屉柜,品牌02,900,带门式,灰色,8*1*1,4,CW09E,约翰,收货,上架
KePH27ErBl,黑色 品牌12 270 键盘（人体工学）,键盘,品牌12,270,人体工学,黑色,16*10*1,61,BJ69B,艾米,收货,上架
NoMuA3liSi,银色 品牌19 三号纸 笔记本（线条）,笔记本,品牌19,三号纸,线条,银色,48*10*5,250,DJ17E,艾米,收货,上架
TVGn50FHBl,黑色 品牌30 50英寸 电视机（全高清）,电视机,品牌30,50英寸,全高清,黑色,8*1*1,7,BU94G,约翰,收货,上架
PeRe50SoPi,粉色 品牌22 50 铅笔（可溶性）,铅笔,品牌22,50,可溶性,粉色,48*10*5,2351,CF28H,克里斯,收货,上架
TaTR10AuBl,黑色 品牌28 1000 桌子（自动调节）,桌子,品牌28,1000,自动调节,黑色,8*1*1,3,BI11A,约翰,收货,上架
OfAESErBl,黑色 品牌05 小号 办公椅（人体工学）,办公椅,品牌05,小号,人体工学,黑色,16*1*1,7,AV48F,约翰,收货,上架
DrWE18DoGr,灰色 品牌02 1800 抽屉柜（带门式）,抽屉柜,品牌02,1800,带门式,灰色,8*1*1,3,BT79H,艾米丽,收货,上架
PrNoA2InMi,混合色 品牌26 二号纸 打印机（喷墨）,打印机,品牌26,二号纸,喷墨,混合色,16*1*1,7,AJ33C,劳拉,收货,上架
LaSu15i7Bl,黑色 品牌11 15英寸 笔记本电脑（第7代处理器）,笔记本电脑,品牌11,15英寸,第7代处理器,黑色,16*1*1,13,DM04A,艾米丽,收货,上架
GaAEMErPi,粉色 品牌05 中号 游戏椅（人体工学）,游戏椅,品牌05,中号,人体工学,粉色,16*1*1,1,BG27E,亚历克斯,收货,上架
TVEs42FHGr,灰色 品牌32 42英寸 电视机（全高清）,电视机,品牌32,42英寸,全高清,灰色,8*1*1,6,BN94F,克里斯,收货,上架
TVGL42S4Bl,黑色 品牌31 42英寸 电视机（超级超高清）,电视机,品牌31,42英寸,超级超高清,黑色,8*1*1,5,BZ74H,莎拉,收货,上架
NoMuA5ruSi,银色 品牌19 五号纸 笔记本（横线）,笔记本,品牌19,五号纸,横线,银色,48*10*5,437,CX79F,劳拉,收货,上架
OfAEMHeBl,黑色 品牌05 中号 办公椅（头枕）,办公椅,品牌05,中号,头枕,黑色,16*1*1,16,AN69C,迈克,收货,上架
SPAl24SoBl,黑色 品牌20 24 触控笔（可溶性）,触控笔,品牌20,24,可溶性,黑色,48*10*5,1546,CT57C,莎拉,收货,上架
PrSoA3WiMi,混合色 品牌25 三号纸 打印机（无线网络）,打印机,品牌25,三号纸,无线网络,混合色,16*1*1,9,DZ60C,克里斯,收货,上架
PrSoA4InWh,白色 品牌25 四号纸 打印机（喷墨）,打印机,品牌25,四号纸,喷墨,白色,16*1*1,11,BF02F,约翰,收货,上架
TaTR15FrSi,银色 品牌28 1500 桌子（框架式）,桌子,品牌28,1500,框架式,银色,8*1*1,8,AW29E,莎拉,收货,上架
TVYn75SFSi,银色 品牌15 75英寸 电视机（超级全高清）,电视机,品牌15,75英寸,超级全高清,银色,8*1*1,1,AL72E,大卫,收货,上架
GaXELLeBl,黑色 品牌06 大号 游戏椅（皮革）,游戏椅,品牌06,大号,皮革,黑色,16*1*1,3,CU62F,艾米丽,收货,上架
AlOv178GGr,灰色 品牌13 17英寸 一体机（8吉字节内存）,一体机,品牌13,17英寸,8吉字节内存,灰色,16*1*1,13,DF32D,劳拉,收货,上架
LaPH15i5Gr,灰色 品牌12 15英寸 笔记本电脑（第5代处理器）,笔记本电脑,品牌12,15英寸,第5代处理器,灰色,16*1*1,10,CU63E,艾米丽,收货,上架
AlYn1432Wh,白色 品牌15 14英寸 一体机（32吉字节内存）,一体机,品牌15,14英寸,32吉字节内存,白色,16*1*1,2,AX17C,大卫,收货,上架
OfAEMHePi,粉色 品牌05 中号 办公椅（头枕）,办公椅,品牌05,中号,头枕,粉色,16*1*1,4,BK69A,迈克,收货,上架
PrReA3AlBl,黑色 品牌24 三号纸 打印机（一体式）,打印机,品牌24,三号纸,一体式,黑色,16*1*1,12,AX52H,迈克,收货,上架
MoSu27WiNa,藏青色 品牌11 270 鼠标（有线）,鼠标,品牌11,270,有线,藏青色,16*10*1,105,AX12E,艾米,收货,上架
CuWE12SlBe,米色 品牌02 1200 储物柜（滑动式）,储物柜,品牌02,1200,滑动式,米色,8*1*1,4,DL85H,克里斯,收货,上架
MoRe27MeBl,黑色 品牌10 270 鼠标（机械式）,鼠标,品牌10,270,机械式,黑色,16*10*1,54,BY77A,莎拉,收货,上架
CaQE90DoWh,白色 品牌01 900 文件柜（带门式）,文件柜,品牌01,900,带门式,白色,8*1*1,6,BG03C,亚历克斯,收货,上架
PeGi24SoBl,黑色 品牌21 24 铅笔（可溶性）,铅笔,品牌21,24,可溶性,黑色,48*10*5,1112,DH85B,克里斯,收货,上架
CuTE18DoWh,白色 品牌04 1800 储物柜（带门式）,储物柜,品牌04,1800,带门式,白色,8*1*1,4,AQ23A,艾米,收货,上架
CuRG18LoBe,米色 品牌03 1800 储物柜（储物锁柜）,储物柜,品牌03,1800,储物锁柜,米色,8*1*1,5,DP38E,大卫,收货,上架
CuQE12LoBl,黑色 品牌01 1200 储物柜（储物锁柜）,储物柜,品牌01,1200,储物锁柜,黑色,8*1*1,5,AK81G,莎拉,收货,上架
CuQE18SlBe,米色 品牌01 1800 储物柜（滑动式）,储物柜,品牌01,1800,滑动式,米色,8*1*1,7,DY18H,大卫,收货,上架
PrReA2MoWh,白色 品牌24 二号纸 打印机（黑白）,打印机,品牌24,二号纸,黑白,白色,16*1*1,12,BI45H,克里斯,收货,上架
AlYn158GGr,灰色 品牌15 15英寸 一体机（8吉字节内存）,一体机,品牌15,15英寸,8吉字节内存,灰色,16*1*1,11,AW69G,简,收货,上架
PrReA4AlGr,灰色 品牌24 四号纸 打印机（一体式）,打印机,品牌24,四号纸,一体式,灰色,16*1*1,10,DZ02H,莎拉,收货,上架
TVYn65S4Gr,灰色 品牌15 65英寸 电视机（超级超高清）,电视机,品牌15,65英寸,超级超高清,灰色,8*1*1,7,AO22C,莎拉,收货,上架
TVYn32SFSi,银色 品牌15 32英寸 电视机（超级全高清）,电视机,品牌15,32英寸,超级全高清,银色,8*1*1,2,AQ44E,大卫,收货,上架
LaRe1516Si,银色 品牌14 15英寸 笔记本电脑（16吉字节内存）,笔记本电脑,品牌14,15英寸,16吉字节内存,银色,16*1*1,1,CV63C,简,收货,上架
NoMuA4ruBl,黑色 品牌19 四号纸 笔记本（横线）,笔记本,品牌19,四号纸,横线,黑色,48*10*5,934,BS03G,劳拉,收货,上架
KeSu35MeBl,黑色 品牌11 350 键盘（机械式）,键盘,品牌11,350,机械式,黑色,16*10*1,1,BY25G,克里斯,收货,上架
CaRG12LoWh,白色 品牌03 1200 文件柜（储物锁柜）,文件柜,品牌03,1200,储物锁柜,白色,8*1*1,5,AF72E,劳拉,收货,上架
TaTR15WoGr,灰色 品牌28 1500 桌子（工作站）,桌子,品牌28,1500,工作站,灰色,8*1*1,2,AP61F,迈克,收货,上架
GaOGMHePi,粉色 品牌07 中号 游戏椅（头枕）,游戏椅,品牌07,中号,头枕,粉色,16*1*1,11,DP37C,艾米,收货,上架
DrWE12DoWh,白色 品牌02 1200 抽屉柜（带门式）,抽屉柜,品牌02,1200,带门式,白色,8*1*1,2,CL47E,克里斯,收货,上架
CaWE12DoWh,白色 品牌02 1200 文件柜（带门式）,文件柜,品牌02,1200,带门式,白色,8*1*1,6,DX38C,艾米,收货,上架
TVGL504KBl,黑色 品牌31 50英寸 电视机（超高清）,电视机,品牌31,50英寸,超高清,黑色,8*1*1,7,CJ24G,艾米丽,收货,上架
GaOGSHeGr,灰色 品牌07 小号 游戏椅（头枕）,游戏椅,品牌07,小号,头枕,灰色,16*1*1,12,CF07B,大卫,收货,上架
AlRe158GSi,银色 品牌14 15英寸 一体机（8吉字节内存）,一体机,品牌14,15英寸,8吉字节内存,银色,16*1*1,12,AQ64B,约翰,收货,上架
AlPH1532Gr,灰色 品牌12 15英寸 一体机（32吉字节内存）,一体机,品牌12,15英寸,32吉字节内存,灰色,16*1*1,6,DR07B,约翰,收货,上架
TVEs754KGr,灰色 品牌32 75英寸 电视机（超高清）,电视机,品牌32,75英寸,超高清,灰色,8*1*1,2,DY43A,约翰,收货,上架
SPAl50WaPi,粉色 品牌20 50 触控笔（水彩）,触控笔,品牌20,50,水彩,粉色,48*10*5,155,DX92G,大卫,收货,上架
NoMuA3ruBl,黑色 品牌19 三号纸 笔记本（横线）,笔记本,品牌19,三号纸,横线,黑色,48*10*5,33,DU52E,艾米丽,收货,上架
TVYn50S4Si,银色 品牌15 50英寸 电视机（超级超高清）,电视机,品牌15,50英寸,超级超高清,银色,8*1*1,4,AV61F,亚历克斯,收货,上架
CaQE18SlBe,米色 品牌01 1800 文件柜（滑动式）,文件柜,品牌01,1800,滑动式,米色,8*1*1,1,AW66F,艾米,收货,上架
CaTE12LoWh,白色 品牌04 1200 文件柜（储物锁柜）,文件柜,品牌04,1200,储物锁柜,白色,8*1*1,4,DQ43A,大卫,收货,上架
SPGi12SoWh,白色 品牌21 12 触控笔（可溶性）,触控笔,品牌21,12,可溶性,白色,48*10*5,2073,CU80H,克里斯,收货,上架
TVEs75SFBl,黑色 品牌32 75英寸 电视机（超级全高清）,电视机,品牌32,75英寸,超级全高清,黑色,8*1*1,1,DT62G,莎拉,收货,上架
CuTE90SlWh,白色 品牌04 900 储物柜（滑动式）,储物柜,品牌04,900,滑动式,白色,8*1*1,8,CV19E,艾米丽,收货,上架
MoHc35WiPi,粉色 品牌09 350 鼠标（有线）,鼠标,品牌09,350,有线,粉色,16*10*1,113,DS89A,莎拉,收货,上架
TVEs424KBl,黑色 品牌32 42英寸 电视机（超高清）,电视机,品牌32,42英寸,超高清,黑色,8*1*1,2,DQ68G,艾米,收货,上架
OfAESErWh,白色 品牌05 小号 办公椅（人体工学）,办公椅,品牌05,小号,人体工学,白色,16*1*1,14,DN25A,莎拉,收货,上架
TaTR10AdBl,黑色 品牌29 1000 桌子（可调节）,桌子,品牌29,1000,可调节,黑色,8*1*1,5,AN98H,亚历克斯,收货,上架
MoHc45MePi,粉色 品牌09 450 鼠标（机械式）,鼠标,品牌09,450,机械式,粉色,16*10*1,139,CT74F,艾米丽,收货,上架
DrTE12LoBe,米色 品牌04 1200 抽屉柜（储物锁柜）,抽屉柜,品牌04,1200,储物锁柜,米色,8*1*1,4,DR86G,莎拉,收货,上架
LaRe17i5Gr,灰色 品牌14 17英寸 笔记本电脑（第5代处理器）,笔记本电脑,品牌14,17英寸,第5代处理器,灰色,16*1*1,1,AG68A,约翰,收货,上架
KeRe35ErPi,粉色 品牌10 350 键盘（人体工学）,键盘,品牌10,350,人体工学,粉色,16*10*1,102,BM55H,莎拉,收货,上架
TVGL65SFGr,灰色 品牌31 65英寸 电视机（超级全高清）,电视机,品牌31,65英寸,超级全高清,灰色,8*1*1,8,DF18E,亚历克斯,收货,上架
TaCI15WoWh,白色 品牌27 1500 桌子（工作站）,桌子,品牌27,1500,工作站,白色,8*1*1,1,DZ30A,劳拉,收货,上架
LaOv148GGr,灰色 品牌13 14英寸 笔记本电脑（8吉字节内存）,笔记本电脑,品牌13,14英寸,8吉字节内存,灰色,16*1*1,12,CK77A,简,收货,上架
MoPH35WiBl,黑色 品牌12 350 鼠标（有线）,鼠标,品牌12,350,有线,黑色,16*10*1,119,BV12F,亚历克斯,收货,上架
PrSoA2LaBl,黑色 品牌25 二号纸 打印机（激光）,打印机,品牌25,二号纸,激光,黑色,16*1*1,1,CF10H,克里斯,收货,上架
SPGi12WaGr,灰色 品牌21 12 触控笔（水彩）,触控笔,品牌21,12,水彩,灰色,48*10*5,2088,AS49H,克里斯,收货,上架
LaRe1416Bl,黑色 品牌14 14英寸 笔记本电脑（16吉字节内存）,笔记本电脑,品牌14,14英寸,16吉字节内存,黑色,16*1*1,4,BS02C,约翰,收货,上架
SPNa12SoPi,粉色 品牌23 12 触控笔（可溶性）,触控笔,品牌23,12,可溶性,粉色,48*10*5,1321,CQ12A,艾米,收货,上架
LaPH14i5Wh,白色 品牌12 14英寸 笔记本电脑（第5代处理器）,笔记本电脑,品牌12,14英寸,第5代处理器,白色,16*1*1,8,CL61D,克里斯,收货,上架
PeRe50SoWh,白色 品牌22 50 铅笔（可溶性）,铅笔,品牌22,50,可溶性,白色,48*10*5,1012,AJ76F,亚历克斯,收货,上架
CaQE18DoGr,灰色 品牌01 1800 文件柜（带门式）,文件柜,品牌01,1800,带门式,灰色,8*1*1,5,CF47A,约翰,收货,上架
AlRe158GSi,银色 品牌14 15英寸 一体机（8吉字节内存）,一体机,品牌14,15英寸,8吉字节内存,银色,16*1*1,11,CW31E,艾米,收货,上架
OfSELAdGr,灰色 品牌08 大号 办公椅（可调节）,办公椅,品牌08,大号,可调节,灰色,16*1*1,14,AM41F,亚历克斯,收货,上架
AlRe15i7Bl,黑色 品牌14 15英寸 一体机（第7代处理器）,一体机,品牌14,15英寸,第7代处理器,黑色,16*1*1,12,CM59B,艾米,收货,上架
LaSu1416Bl,黑色 品牌11 14英寸 笔记本电脑（16吉字节内存）,笔记本电脑,品牌11,14英寸,16吉字节内存,黑色,16*1*1,7,BU01D,劳拉,收货,上架
TVYn75SFSi,银色 品牌15 75英寸 电视机（超级全高清）,电视机,品牌15,75英寸,超级全高清,银色,8*1*1,7,DU50F,简,收货,上架
AlPH1732Bl,黑色 品牌12 17英寸 一体机（32吉字节内存）,一体机,品牌12,17英寸,32吉字节内存,黑色,16*1*1,16,DZ81F,大卫,收货,上架
CuWE90DoWh,白色 品牌02 900 储物柜（带门式）,储物柜,品牌02,900,带门式,白色,8*1*1,1,AW01A,亚历克斯,收货,上架
NoMuA4liWh,白色 品牌19 四号纸 笔记本（线条）,笔记本,品牌19,四号纸,线条,白色,48*10*5,407,AU24F,大卫,收货,上架
PeAl12SoPi,粉色 品牌20 12 铅笔（可溶性）,铅笔,品牌20,12,可溶性,粉色,48*10*5,1412,DU98E,简,收货,上架
PrNoA4MoGr,灰色 品牌26 四号纸 打印机（黑白）,打印机,品牌26,四号纸,黑白,灰色,16*1*1,14,DU61E,简,收货,上架
GaOGMLeGr,灰色 品牌07 中号 游戏椅（皮革）,游戏椅,品牌07,中号,皮革,灰色,16*1*1,12,BI34F,简,收货,上架
SPRe12HeWh,白色 品牌22 12 触控笔（六角形）,触控笔,品牌22,12,六角形,白色,48*10*5,1843,DH07G,艾米丽,收货,上架
AlSu15i7Bl,黑色 品牌11 15英寸 一体机（第7代处理器）,一体机,品牌11,15英寸,第7代处理器,黑色,16*1*1,8,CH12C,约翰,收货,上架
TVGL50SFBl,黑色 品牌31 50英寸 电视机（超级全高清）,电视机,品牌31,50英寸,超级全高清,黑色,8*1*1,4,AY65H,莎拉,收货,上架
TVGn65FHBl,黑色 品牌30 65英寸 电视机（全高清）,电视机,品牌30,65英寸,全高清,黑色,8*1*1,3,DM92A,亚历克斯,收货,上架
LaPH148GBl,黑色 品牌12 14英寸 笔记本电脑（8吉字节内存）,笔记本电脑,品牌12,14英寸,8吉字节内存,黑色,16*1*1,9,DF82G,莎拉,收货,上架
KeHc45BlWh,白色 品牌09 450 键盘（蓝牙）,键盘,品牌09,450,蓝牙,白色,16*10*1,123,DH49B,大卫,收货,上架
KeHc45ErPi,粉色 品牌09 450 键盘（人体工学）,键盘,品牌09,450,人体工学,粉色,16*10*1,160,DM85A,艾米,收货,上架
GaOGSAdGr,灰色 品牌07 小号 游戏椅（可调节）,游戏椅,品牌07,小号,可调节,灰色,16*1*1,13,BR95F,劳拉,收货,上架
KeSu45MeBl,黑色 品牌11 450 键盘（机械式）,键盘,品牌11,450,机械式,黑色,16*10*1,21,CL34A,迈克,收货,上架
DrWE12DoBl,黑色 品牌02 1200 抽屉柜（带门式）,抽屉柜,品牌02,1200,带门式,黑色,8*1*1,8,DS84E,劳拉,收货,上架
DrWE18DoWh,白色 品牌02 1800 抽屉柜（带门式）,抽屉柜,品牌02,1800,带门式,白色,8*1*1,1,AF97F,克里斯,收货,上架
KeRe27MeWh,白色 品牌10 270 键盘（机械式）,键盘,品牌10,270,机械式,白色,16*10*1,146,DF85B,大卫,收货,上架
TVGL65S4Wh,白色 品牌31 65英寸 电视机（超级超高清）,电视机,品牌31,65英寸,超级超高清,白色,8*1*1,2,CU25G,简,收货,上架
DrRG18DoBl,黑色 品牌03 1800 抽屉柜（带门式）,抽屉柜,品牌03,1800,带门式,黑色,8*1*1,5,CM86D,艾米,收货,上架
PrPHA2WiBl,黑色 品牌12 二号纸 打印机（无线网络）,打印机,品牌12,二号纸,无线网络,黑色,16*1*1,2,AW70C,劳拉,收货,上架
PeGi12WaPi,粉色 品牌21 12 铅笔（水彩）,铅笔,品牌21,12,水彩,粉色,48*10*5,2118,DH57C,艾米,收货,上架
GaOGLErBl,黑色 品牌07 大号 游戏椅（人体工学）,游戏椅,品牌07,大号,人体工学,黑色,16*1*1,11,DL39C,迈克,收货,上架
NoExA5liSi,银色 品牌16 五号纸 笔记本（线条）,笔记本,品牌16,五号纸,线条,银色,48*10*5,987,AT23F,艾米丽,收货,上架
OfXELHeGr,灰色 品牌06 大号 办公椅（头枕）,办公椅,品牌06,大号,头枕,灰色,16*1*1,10,BX63D,艾米,收货,上架
AlPH17i5Si,银色 品牌12 17英寸 一体机（第5代处理器）,一体机,品牌12,17英寸,第5代处理器,银色,16*1*1,12,AJ66F,莎拉,收货,上架
PrNoA3LaWh,白色 品牌26 三号纸 打印机（激光）,打印机,品牌26,三号纸,激光,白色,16*1*1,11,AJ16D,大卫,收货,上架
OfSELLeWh,白色 品牌08 大号 办公椅（皮革）,办公椅,品牌08,大号,皮革,白色,16*1*1,10,BG24F,亚历克斯,收货,上架
KeHc45WiNa,藏青色 品牌09 450 键盘（有线）,键盘,品牌09,450,有线,藏青色,16*10*1,137,AN11F,克里斯,收货,上架
MoRe45MeNa,藏青色 品牌10 450 鼠标（机械式）,鼠标,品牌10,450,机械式,藏青色,16*10*1,136,AZ71C,约翰,收货,上架
TVYn65FHBl,黑色 品牌15 65英寸 电视机（全高清）,电视机,品牌15,65英寸,全高清,黑色,8*1*1,3,AL31A,艾米,收货,上架
GaAELErPi,粉色 品牌05 大号 游戏椅（人体工学）,游戏椅,品牌05,大号,人体工学,粉色,16*1*1,1,AQ74D,迈克,收货,上架
OfOGLLeGr,灰色 品牌07 大号 办公椅（皮革）,办公椅,品牌07,大号,皮革,灰色,16*1*1,4,DF96B,大卫,收货,上架
PrPHA4InBl,黑色 品牌12 四号纸 打印机（喷墨）,打印机,品牌12,四号纸,喷墨,黑色,16*1*1,15,AY82A,劳拉,收货,上架
AlYn17i7Bl,黑色 品牌15 17英寸 一体机（第7代处理器）,一体机,品牌15,17英寸,第7代处理器,黑色,16*1*1,2,BQ20B,艾米丽,收货,上架
CaWE90LoBl,黑色 品牌02 900 文件柜（储物锁柜）,文件柜,品牌02,900,储物锁柜,黑色,8*1*1,6,CL42F,迈克,收货,上架
PeGi50HeBl,黑色 品牌21 50 铅笔（六角形）,铅笔,品牌21,50,六角形,黑色,48*10*5,648,BQ41E,简,收货,上架
TVGn65S4Bl,黑色 品牌30 65英寸 电视机（超级超高清）,电视机,品牌30,65英寸,超级超高清,黑色,8*1*1,2,DF59E,莎拉,收货,上架
PrNoA4LaWh,白色 品牌26 四号纸 打印机（激光）,打印机,品牌26,四号纸,激光,白色,16*1*1,11,DX11G,亚历克斯,收货,上架
AlYn178GWh,白色 品牌15 17英寸 一体机（8吉字节内存）,一体机,品牌15,17英寸,8吉字节内存,白色,16*1*1,15,CL33F,艾米,收货,上架
DrRG18SlGr,灰色 品牌03 1800 抽屉柜（滑动式）,抽屉柜,品牌03,1800,滑动式,灰色,8*1*1,2,AR87D,约翰,收货,上架
AlOv17i7Wh,白色 品牌13 17英寸 一体机（第7代处理器）,一体机,品牌13,17英寸,第7代处理器,白色,16*1*1,7,DX31F,艾米丽,收货,上架
AlYn1716Wh,白色 品牌15 17英寸 一体机（16吉字节内存）,一体机,品牌15,17英寸,16吉字节内存,白色,16*1*1,1,BR91D,大卫,收货,上架
MoSu35MePi,粉色 品牌11 350 鼠标（机械式）,鼠标,品牌11,350,机械式,粉色,16*10*1,41,AG79A,艾米,收货,上架
OfOGLAdGr,灰色 品牌07 大号 办公椅（可调节）,办公椅,品牌07,大号,可调节,灰色,16*1*1,3,CO43E,简,收货,上架
GaAEMAdWh,白色 品牌05 中号 游戏椅（可调节）,游戏椅,品牌05,中号,可调节,白色,16*1*1,12,BV02H,简,收货,上架
DrTE18DoGr,灰色 品牌04 1800 抽屉柜（带门式）,抽屉柜,品牌04,1800,带门式,灰色,8*1*1,5,CS88C,艾米丽,收货,上架
LaSu178GSi,银色 品牌11 17英寸 笔记本电脑（8吉字节内存）,笔记本电脑,品牌11,17英寸,8吉字节内存,银色,16*1*1,3,DL17H,迈克,收货,上架
GaAELHeWh,白色 品牌05 大号 游戏椅（头枕）,游戏椅,品牌05,大号,头枕,白色,16*1*1,6,BK87C,大卫,收货,上架
AlOv14i5Gr,灰色 品牌13 14英寸 一体机（第5代处理器）,一体机,品牌13,14英寸,第5代处理器,灰色,16*1*1,3,CN57B,简,收货,上架
PeGi12SoPi,粉色 品牌21 12 铅笔（可溶性）,铅笔,品牌21,12,可溶性,粉色,48*10*5,1026,BZ95B,大卫,收货,上架
LaOv15i7Bl,黑色 品牌13 15英寸 笔记本电脑（第7代处理器）,笔记本电脑,品牌13,15英寸,第7代处理器,黑色,16*1*1,13,DQ67H,简,收货,上架
CuWE18FiGr,灰色 品牌02 1800 储物柜（文件收纳）,储物柜,品牌02,1800,文件收纳,灰色,8*1*1,3,AK65H,克里斯,收货,上架
PeAl50WaPi,粉色 品牌20 50 铅笔（水彩）,铅笔,品牌20,50,水彩,粉色,48*10*5,1976,BH92B,克里斯,收货,上架
MoSu35ErNa,藏青色 品牌11 350 鼠标（人体工学）,鼠标,品牌11,350,人体工学,藏青色,16*10*1,68,DP18E,迈克,收货,上架
MoSu27MePi,粉色 品牌11 270 鼠标（机械式）,鼠标,品牌11,270,机械式,粉色,16*10*1,37,CU62E,大卫,收货,上架
AlPH14i5Gr,灰色 品牌12 14英寸 一体机（第5代处理器）,一体机,品牌12,14英寸,第5代处理器,灰色,16*1*1,14,AF63G,大卫,收货,上架
TVEs50SFBl,黑色 品牌32 50英寸 电视机（超级全高清）,电视机,品牌32,50英寸,超级全高清,黑色,8*1*1,7,AO96F,大卫,收货,上架
AlOv17i5Si,银色 品牌13 17英寸 一体机（第5代处理器）,一体机,品牌13,17英寸,第5代处理器,银色,16*1*1,12,CO95A,迈克,收货,上架
TVEs42S4Wh,白色 品牌32 42英寸 电视机（超级超高清）,电视机,品牌32,42英寸,超级超高清,白色,8*1*1,5,DY56F,艾米丽,收货,上架
TaAE18WoWh,白色 品牌05 1800 桌子（工作站）,桌子,品牌05,1800,工作站,白色,8*1*1,2,DZ50C,莎拉,收货,上架
CaQE12LoBe,米色 品牌01 1200 文件柜（储物锁柜）,文件柜,品牌01,1200,储物锁柜,米色,8*1*1,3,CS82F,亚历克斯,收货,上架
TVGn50FHSi,银色 品牌30 50英寸 电视机（全高清）,电视机,品牌30,50英寸,全高清,银色,8*1*1,1,AZ91D,克里斯,收货,上架
CaWE18LoBl,黑色 品牌02 1800 文件柜（储物锁柜）,文件柜,品牌02,1800,储物锁柜,黑色,8*1*1,1,CG84E,约翰,收货,上架
CuRG12SlBl,黑色 品牌03 1200 储物柜（滑动式）,储物柜,品牌03,1200,滑动式,黑色,8*1*1,4,AL36E,艾米丽,收货,上架
OfSEMLeWh,白色 品牌08 中号 办公椅（皮革）,办公椅,品牌08,中号,皮革,白色,16*1*1,10,CN86H,亚历克斯,收货,上架
MoRe27MePi,粉色 品牌10 270 鼠标（机械式）,鼠标,品牌10,270,机械式,粉色,16*10*1,104,BF89B,克里斯,收货,上架
PrReA3MoMi,混合色 品牌24 三号纸 打印机（黑白）,打印机,品牌24,三号纸,黑白,混合色,16*1*1,13,DY10C,大卫,收货,上架
LaYn1432Si,银色 品牌15 14英寸 笔记本电脑（32吉字节内存）,笔记本电脑,品牌15,14英寸,32吉字节内存,银色,16*1*1,9,BU67G,迈克,收货,上架
CuQE90SlBe,米色 品牌01 900 储物柜（滑动式）,储物柜,品牌01,900,滑动式,米色,8*1*1,8,DF58E,克里斯,收货,上架
LaRe158GWh,白色 品牌14 15英寸 笔记本电脑（8吉字节内存）,笔记本电脑,品牌14,15英寸,8吉字节内存,白色,16*1*1,10,CP32B,亚历克斯,收货,上架
PeAl12HeBl,黑色 品牌20 12 铅笔（六角形）,铅笔,品牌20,12,六角形,黑色,48*10*5,1239,DG45G,克里斯,收货,上架
LaRe1732Si,银色 品牌14 17英寸 笔记本电脑（32吉字节内存）,笔记本电脑,品牌14,17英寸,32吉字节内存,银色,16*1*1,5,DS64E,劳拉,收货,上架
NoGrA5doSi,银色 品牌18 五号纸 笔记本（点阵）,笔记本,品牌18,五号纸,点阵,银色,48*10*5,943,CR67D,简,收货,上架
OfAELHePi,粉色 品牌05 大号 办公椅（头枕）,办公椅,品牌05,大号,头枕,粉色,16*1*1,8,AH34B,艾米,收货,上架
TVGL75SFWh,白色 品牌31 75英寸 电视机（超级全高清）,电视机,品牌31,75英寸,超级全高清,白色,8*1*1,3,DJ85C,艾米,收货,上架
MoHc27BlNa,藏青色 品牌09 270 鼠标（蓝牙）,鼠标,品牌09,270,蓝牙,藏青色,16*10*1,70,DQ52D,大卫,收货,上架
TaTR10AuSi,银色 品牌29 1000 桌子（自动调节）,桌子,品牌29,1000,自动调节,银色,8*1*1,6,CV36F,简,收货,上架
MoSu27WiNa,藏青色 品牌11 270 鼠标（有线）,鼠标,品牌11,270,有线,藏青色,16*10*1,70,AI66F,克里斯,收货,上架
CuWE18SlWh,白色 品牌02 1800 储物柜（滑动式）,储物柜,品牌02,1800,滑动式,白色,8*1*1,2,CP57C,约翰,收货,上架
GaSESLeBl,黑色 品牌08 小号 游戏椅（皮革）,游戏椅,品牌08,小号,皮革,黑色,16*1*1,8,CL34B,约翰,收货,上架
TVEs424KWh,白色 品牌32 42英寸 电视机（超高清）,电视机,品牌32,42英寸,超高清,白色,8*1*1,5,DT35A,约翰,收货,上架
LaYn15i7Wh,白色 品牌15 15英寸 笔记本电脑（第7代处理器）,笔记本电脑,品牌15,15英寸,第7代处理器,白色,16*1*1,12,DR48D,亚历克斯,收货,上架
LaRe1416Gr,灰色 品牌14 14英寸 笔记本电脑（16吉字节内存）,笔记本电脑,品牌14,14英寸,16吉字节内存,灰色,16*1*1,10,BK96D,亚历克斯,收货,上架
NoGrA3ruGr,灰色 品牌18 三号纸 笔记本（横线）,笔记本,品牌18,三号纸,横线,灰色,48*10*5,923,CI13F,劳拉,收货,上架
CaRG12DoWh,白色 品牌03 1200 文件柜（带门式）,文件柜,品牌03,1200,带门式,白色,8*1*1,7,DV33D,迈克,收货,上架
OfOGSLeWh,白色 品牌07 小号 办公椅（皮革）,办公椅,品牌07,小号,皮革,白色,16*1*1,13,DN24C,大卫,收货,上架
NoGrA5liBl,黑色 品牌18 五号纸 笔记本（线条）,笔记本,品牌18,五号纸,线条,黑色,48*10*5,525,AY20D,克里斯,收货,上架
LaYn1416Si,银色 品牌15 14英寸 笔记本电脑（16吉字节内存）,笔记本电脑,品牌15,14英寸,16吉字节内存,银色,16*1*1,8,AQ24F,莎拉,收货,上架
OfSELAdPi,粉色 品牌08 大号 办公椅（可调节）,办公椅,品牌08,大号,可调节,粉色,16*1*1,6,DX77H,约翰,收货,上架
SPAl12WaGr,灰色 品牌20 12 触控笔（水彩）,触控笔,品牌20,12,水彩,灰色,48*10*5,188,AR16C,艾米,收货,上架
GaSELHePi,粉色 品牌08 大号 游戏椅（头枕）,游戏椅,品牌08,大号,头枕,粉色,16*1*1,14,AG63D,约翰,收货,上架
OfXELErGr,灰色 品牌06 大号 办公椅（人体工学）,办公椅,品牌06,大号,人体工学,灰色,16*1*1,6,BH17F,莎拉,收货,上架
TVGL50SFGr,灰色 品牌31 50英寸 电视机（超级全高清）,电视机,品牌31,50英寸,超级全高清,灰色,8*1*1,1,CU56C,艾米丽,收货,上架
SPRe12SoPi,粉色 品牌22 12 触控笔（可溶性）,触控笔,品牌22,12,可溶性,粉色,48*10*5,1342,DY92C,亚历克斯,收货,上架
OfXELAdBl,黑色 品牌06 大号 办公椅（可调节）,办公椅,品牌06,大号,可调节,黑色,16*1*1,15,DW28D,亚历克斯,收货,上架
TVGn654KGr,灰色 品牌30 65英寸 电视机（超高清）,电视机,品牌30,65英寸,超高清,灰色,8*1*1,4,AX28E,大卫,收货,上架
OfXEMErPi,粉色 品牌06 中号 办公椅（人体工学）,办公椅,品牌06,中号,人体工学,粉色,16*1*1,3,AW41D,艾米,收货,上架
TaCI15FrSi,银色 品牌27 1500 桌子（框架式）,桌子,品牌27,1500,框架式,银色,8*1*1,2,AP58A,克里斯,收货,上架
TVYn50S4Si,银色 品牌15 50英寸 电视机（超级超高清）,电视机,品牌15,50英寸,超级超高清,银色,8*1*1,6,AW35C,艾米,收货,上架
TVGL65FHBl,黑色 品牌31 65英寸 电视机（全高清）,电视机,品牌31,65英寸,全高清,黑色,8*1*1,4,AZ93F,克里斯,收货,上架
NoScA3doWh,白色 品牌17 三号纸 笔记本（点阵）,笔记本,品牌17,三号纸,点阵,白色,48*10*5,1674,CF62A,简,收货,上架
CaQE12SlGr,灰色 品牌01 1200 文件柜（滑动式）,文件柜,品牌01,1200,滑动式,灰色,8*1*1,4,CF49A,克里斯,收货,上架
LaOv1732Si,银色 品牌13 17英寸 笔记本电脑（32吉字节内存）,笔记本电脑,品牌13,17英寸,32吉字节内存,银色,16*1*1,4,BI90A,艾米,收货,上架
NoScA3ruSi,银色 品牌17 三号纸 笔记本（横线）,笔记本,品牌17,三号纸,横线,银色,48*10*5,486,DL17B,亚历克斯,收货,上架
MoRe27BlBl,黑色 品牌10 270 鼠标（蓝牙）,鼠标,品牌10,270,蓝牙,黑色,16*10*1,83,BW91B,大卫,收货,上架
PrPHA4WiGr,灰色 品牌12 四号纸 打印机（无线网络）,打印机,品牌12,四号纸,无线网络,灰色,16*1*1,10,CX78C,莎拉,收货,上架
DrTE18FiWh,白色 品牌04 1800 抽屉柜（文件收纳）,抽屉柜,品牌04,1800,文件收纳,白色,8*1*1,7,AI80F,亚历克斯,收货,上架
CaTE90LoBl,黑色 品牌04 900 文件柜（储物锁柜）,文件柜,品牌04,900,储物锁柜,黑色,8*1*1,2,BM94E,约翰,收货,上架
SPNa50SoBl,黑色 品牌23 50 触控笔（可溶性）,触控笔,品牌23,50,可溶性,黑色,48*10*5,1225,DV49D,亚历克斯,收货,上架
AlRe1516Bl,黑色 品牌14 15英寸 一体机（16吉字节内存）,一体机,品牌14,15英寸,16吉字节内存,黑色,16*1*1,16,AP24B,艾米,收货,上架
GaXELLePi,粉色 品牌06 大号 游戏椅（皮革）,游戏椅,品牌06,大号,皮革,粉色,16*1*1,11,CI53E,约翰,收货,上架
TVYn65FHSi,银色 品牌15 65英寸 电视机（全高清）,电视机,品牌15,65英寸,全高清,银色,8*1*1,4,BW83B,迈克,收货,上架
CuQE12FiWh,白色 品牌01 1200 储物柜（文件收纳）,储物柜,品牌01,1200,文件收纳,白色,8*1*1,4,AT82C,克里斯,收货,上架
TaTR15WoGr,灰色 品牌28 1500 桌子（工作站）,桌子,品牌28,1500,工作站,灰色,8*1*1,4,DF92H,大卫,收货,上架
KePH27WiNa,藏青色 品牌12 270 键盘（有线）,键盘,品牌12,270,有线,藏青色,16*10*1,67,BQ81E,劳拉,收货,上架
CuRG90LoBl,黑色 品牌03 900 储物柜（储物锁柜）,储物柜,品牌03,900,储物锁柜,黑色,8*1*1,6,BT66F,简,收货,上架
KeSu27ErNa,藏青色 品牌11 270 键盘（人体工学）,键盘,品牌11,270,人体工学,藏青色,16*10*1,115,BV15D,莎拉,收货,上架
TVGL42SFWh,白色 品牌31 42英寸 电视机（超级全高清）,电视机,品牌31,42英寸,超级全高清,白色,8*1*1,8,AF46E,劳拉,收货,上架
PrPHA2MoWh,白色 品牌12 二号纸 打印机（黑白）,打印机,品牌12,二号纸,黑白,白色,16*1*1,12,AK44A,莎拉,收货,上架
OfAEMErWh,白色 品牌05 中号 办公椅（人体工学）,办公椅,品牌05,中号,人体工学,白色,16*1*1,7,DL51F,莎拉,收货,上架
AlOv1732Gr,灰色 品牌13 17英寸 一体机（32吉字节内存）,一体机,品牌13,17英寸,32吉字节内存,灰色,16*1*1,10,CF62A,迈克,收货,上架
PrNoA2LaGr,灰色 品牌26 二号纸 打印机（激光）,打印机,品牌26,二号纸,激光,灰色,16*1*1,7,DQ38E,艾米,收货,上架
TVGn65FHBl,黑色 品牌30 65英寸 电视机（全高清）,电视机,品牌30,65英寸,全高清,黑色,8*1*1,2,CM80D,艾米丽,收货,上架
TaTR10AuBl,黑色 品牌28 1000 桌子（自动调节）,桌子,品牌28,1000,自动调节,黑色,8*1*1,4,DI74E,简,收货,上架
NoGrA5doGr,灰色 品牌18 五号纸 笔记本（点阵）,笔记本,品牌18,五号纸,点阵,灰色,48*10*5,374,AJ94B,简,收货,上架
LaRe1516Gr,灰色 品牌14 15英寸 笔记本电脑（16吉字节内存）,笔记本电脑,品牌14,15英寸,16吉字节内存,灰色,16*1*1,7,CW02E,莎拉,收货,上架
AlRe178GBl,黑色 品牌14 17英寸 一体机（8吉字节内存）,一体机,品牌14,17英寸,8吉字节内存,黑色,16*1*1,12,BG41D,艾米,收货,上架
PrReA2MoMi,混合色 品牌24 二号纸 打印机（黑白）,打印机,品牌24,二号纸,黑白,混合色,16*1*1,11,BH54H,劳拉,收货,上架
LaRe1416Si,银色 品牌14 14英寸 笔记本电脑（16吉字节内存）,笔记本电脑,品牌14,14英寸,16吉字节内存,银色,16*1*1,3,AQ41C,艾米,收货,上架
PeAl12SoGr,灰色 品牌20 12 铅笔（可溶性）,铅笔,品牌20,12,可溶性,灰色,48*10*5,13,DQ83D,艾米丽,收货,上架
LaRe1532Gr,灰色 品牌14 15英寸 笔记本电脑（32吉字节内存）,笔记本电脑,品牌14,15英寸,32吉字节内存,灰色,16*1*1,1,BS91E,克里斯,收货,上架
GaAELErWh,白色 品牌05 大号 游戏椅（人体工学）,游戏椅,品牌05,大号,人体工学,白色,16*1*1,15,DF72B,约翰,收货,上架
TVEs32FHWh,白色 品牌32 32英寸 电视机（全高清）,电视机,品牌32,32英寸,全高清,白色,8*1*1,4,CX57F,艾米丽,收货,上架
AlRe148GGr,灰色 品牌14 14英寸 一体机（8吉字节内存）,一体机,品牌14,14英寸,8吉字节内存,灰色,16*1*1,10,BV18F,亚历克斯,收货,上架
TVGn75SFGr,灰色 品牌30 75英寸 电视机（超级全高清）,电视机,品牌30,75英寸,超级全高清,灰色,8*1*1,1,BU65E,克里斯,收货,上架
AlOv158GBl,黑色 品牌13 15英寸 一体机（8吉字节内存）,一体机,品牌13,15英寸,8吉字节内存,黑色,16*1*1,15,AG11D,莎拉,收货,上架
TaTR15FrWh,白色 品牌29 1500 桌子（框架式）,桌子,品牌29,1500,框架式,白色,8*1*1,7,CZ97G,莎拉,收货,上架
CaWE18DoGr,灰色 品牌02 1800 文件柜（带门式）,文件柜,品牌02,1800,带门式,灰色,8*1*1,2,DH13F,莎拉,收货,上架
DrWE18DoGr,灰色 品牌02 1800 抽屉柜（带门式）,抽屉柜,品牌02,1800,带门式,灰色,8*1*1,7,BL25D,迈克,收货,上架
LaSu1716Bl,黑色 品牌11 17英寸 笔记本电脑（16吉字节内存）,笔记本电脑,品牌11,17英寸,16吉字节内存,黑色,16*1*1,8,CW04G,艾米,收货,上架
KePH27WiWh,白色 品牌12 270 键盘（有线）,键盘,品牌12,270,有线,白色,16*10*1,7,DN23C,迈克,收货,上架
OfSESLePi,粉色 品牌08 小号 办公椅（皮革）,办公椅,品牌08,小号,皮革,粉色,16*1*1,8,CR17A,艾米丽,收货,上架
GaAESErBl,黑色 品牌05 小号 游戏椅（人体工学）,游戏椅,品牌05,小号,人体工学,黑色,16*1*1,11,AM59D,约翰,收货,上架
OfSESLeBl,黑色 品牌08 小号 办公椅（皮革）,办公椅,品牌08,小号,皮革,黑色,16*1*1,16,DU55F,莎拉,收货,上架
GaXELLePi,粉色 品牌06 大号 游戏椅（皮革）,游戏椅,品牌06,大号,皮革,粉色,16*1*1,11,DN50D,约翰,收货,上架
CuWE90LoWh,白色 品牌02 900 储物柜（储物锁柜）,储物柜,品牌02,900,储物锁柜,白色,8*1*1,8,CR27F,劳拉,收货,上架
TVGL754KWh,白色 品牌31 75英寸 电视机（超高清）,电视机,品牌31,75英寸,超高清,白色,8*1*1,2,DO92G,简,收货,上架
OfSESLeWh,白色 品牌08 小号 办公椅（皮革）,办公椅,品牌08,小号,皮革,白色,16*1*1,7,DF76C,简,收货,上架
OfOGLHeWh,白色 品牌07 大号 办公椅（头枕）,办公椅,品牌07,大号,头枕,白色,16*1*1,11,BX80D,简,收货,上架
TVGL42S4Bl,黑色 品牌31 42英寸 电视机（超级超高清）,电视机,品牌31,42英寸,超级超高清,黑色,8*1*1,3,BV32H,亚历克斯,收货,上架
TVEs75S4Wh,白色 品牌32 75英寸 电视机（超级超高清）,电视机,品牌32,75英寸,超级超高清,白色,8*1*1,7,DX42A,莎拉,收货,上架
PeAl12SoBl,黑色 品牌20 12 铅笔（可溶性）,铅笔,品牌20,12,可溶性,黑色,48*10*5,971,CI41A,艾米,收货,上架
CaWE18LoBe,米色 品牌02 1800 文件柜（储物锁柜）,文件柜,品牌02,1800,储物锁柜,米色,8*1*1,8,DR20E,莎拉,收货,上架
NoMuA4doWh,白色 品牌19 四号纸 笔记本（点阵）,笔记本,品牌19,四号纸,点阵,白色,48*10*5,314,DR18D,劳拉,收货,上架
KeHc45BlPi,粉色 品牌09 450 键盘（蓝牙）,键盘,品牌09,450,蓝牙,粉色,16*10*1,32,CN21D,亚历克斯,收货,上架
LaSu1532Wh,白色 品牌11 15英寸 笔记本电脑（32吉字节内存）,笔记本电脑,品牌11,15英寸,32吉字节内存,白色,16*1*1,2,CU24E,简,收货,上架
DrRG12DoWh,白色 品牌03 1200 抽屉柜（带门式）,抽屉柜,品牌03,1200,带门式,白色,8*1*1,8,CT12G,简,收货,上架
TVGL504KWh,白色 品牌31 50英寸 电视机（超高清）,电视机,品牌31,50英寸,超高清,白色,8*1*1,2,DH59B,迈克,收货,上架
CuRG90DoBl,黑色 品牌03 900 储物柜（带门式）,储物柜,品牌03,900,带门式,黑色,8*1*1,6,CY30F,大卫,收货,上架
TVEs75S4Wh,白色 品牌32 75英寸 电视机（超级超高清）,电视机,品牌32,75英寸,超级超高清,白色,8*1*1,2,AV97H,约翰,收货,上架
DrQE18DoWh,白色 品牌01 1800 抽屉柜（带门式）,抽屉柜,品牌01,1800,带门式,白色,8*1*1,1,DZ50G,简,收货,上架
OfOGSErGr,灰色 品牌07 小号 办公椅（人体工学）,办公椅,品牌07,小号,人体工学,灰色,16*1*1,3,CS14E,亚历克斯,收货,上架
NoScA5doGr,灰色 品牌17 五号纸 笔记本（点阵）,笔记本,品牌17,五号纸,点阵,灰色,48*10*5,2101,DN88F,艾米,收货,上架
TVGn42S4Gr,灰色 品牌30 42英寸 电视机（超级超高清）,电视机,品牌30,42英寸,超级超高清,灰色,8*1*1,6,AM64G,艾米,收货,上架
TVGL32FHBl,黑色 品牌31 32英寸 电视机（全高清）,电视机,品牌31,32英寸,全高清,黑色,8*1*1,5,DN66B,克里斯,收货,上架
KePH45BlBl,黑色 品牌12 450 键盘（蓝牙）,键盘,品牌12,450,蓝牙,黑色,16*10*1,142,AS44G,艾米,收货,上架
PeAl50WaGr,灰色 品牌20 50 铅笔（水彩）,铅笔,品牌20,50,水彩,灰色,48*10*5,1084,BF49G,劳拉,收货,上架
CaQE12LoGr,灰色 品牌01 1200 文件柜（储物锁柜）,文件柜,品牌01,1200,储物锁柜,灰色,8*1*1,8,DZ97B,简,收货,上架
CaWE12FiBl,黑色 品牌02 1200 文件柜（文件收纳）,文件柜,品牌02,1200,文件收纳,黑色,8*1*1,3,BR80H,克里斯,收货,上架
MoPH35MePi,粉色 品牌12 350 鼠标（机械式）,鼠标,品牌12,350,机械式,粉色,16*10*1,158,DO88H,艾米,收货,上架
PeRe50SoPi,粉色 品牌22 50 铅笔（可溶性）,铅笔,品牌22,50,可溶性,粉色,48*10*5,1367,AS42A,劳拉,收货,上架
SPAl24WaPi,粉色 品牌20 24 触控笔（水彩）,触控笔,品牌20,24,水彩,粉色,48*10*5,1027,AV97H,艾米丽,收货,上架
AlOv15i7Si,银色 品牌13 15英寸 一体机（第7代处理器）,一体机,品牌13,15英寸,第7代处理器,银色,16*1*1,15,AI91G,克里斯,收货,上架
TVEs65SFWh,白色 品牌32 65英寸 电视机（超级全高清）,电视机,品牌32,65英寸,超级全高清,白色,8*1*1,5,AG05H,劳拉,收货,上架
PrReA2AlGr,灰色 品牌24 二号纸 打印机（一体式）,打印机,品牌24,二号纸,一体式,灰色,16*1*1,16,BS06E,亚历克斯,收货,上架
CuTE90DoBl,黑色 品牌04 900 储物柜（带门式）,储物柜,品牌04,900,带门式,黑色,8*1*1,6,BG01G,简,收货,上架
CaRG18SlBe,米色 品牌03 1800 文件柜（滑动式）,文件柜,品牌03,1800,滑动式,米色,8*1*1,7,AQ67A,亚历克斯,收货,上架
LaPH17i7Si,银色 品牌12 17英寸 笔记本电脑（第7代处理器）,笔记本电脑,品牌12,17英寸,第7代处理器,银色,16*1*1,9,BL51E,艾米,收货,上架
AlRe1716Wh,白色 品牌14 17英寸 一体机（16吉字节内存）,一体机,品牌14,17英寸,16吉字节内存,白色,16*1*1,8,BZ62C,迈克,收货,上架
TaCI10WoWh,白色 品牌27 1000 桌子（工作站）,桌子,品牌27,1000,工作站,白色,8*1*1,7,DQ70D,艾米丽,收货,上架
LaYn1732Bl,黑色 品牌15 17英寸 笔记本电脑（32吉字节内存）,笔记本电脑,品牌15,17英寸,32吉字节内存,黑色,16*1*1,4,CG16E,艾米丽,收货,上架
TVYn324KGr,灰色 品牌15 32英寸 电视机（超高清）,电视机,品牌15,32英寸,超高清,灰色,8*1*1,2,DV11B,亚历克斯,收货,上架
KeHc45ErBl,黑色 品牌09 450 键盘（人体工学）,键盘,品牌09,450,人体工学,黑色,16*10*1,104,AO53F,简,收货,上架
KeSu27BlPi,粉色 品牌11 270 键盘（蓝牙）,键盘,品牌11,270,蓝牙,粉色,16*10*1,36,BU10G,艾米丽,收货,上架
OfOGLAdPi,粉色 品牌07 大号 办公椅（可调节）,办公椅,品牌07,大号,可调节,粉色,16*1*1,15,BR39E,约翰,收货,上架
KeHc45MeNa,藏青色 品牌09 450 键盘（机械式）,键盘,品牌09,450,机械式,藏青色,16*10*1,79,CR37G,迈克,收货,上架
LaOv148GWh,白色 品牌13 14英寸 笔记本电脑（8吉字节内存）,笔记本电脑,品牌13,14英寸,8吉字节内存,白色,16*1*1,16,AG06A,亚历克斯,收货,上架
TVEs50FHGr,灰色 品牌32 50英寸 电视机（全高清）,电视机,品牌32,50英寸,全高清,灰色,8*1*1,5,BK11H,迈克,收货,上架
LaOv14i5Bl,黑色 品牌13 14英寸 笔记本电脑（第5代处理器）,笔记本电脑,品牌13,14英寸,第5代处理器,黑色,16*1*1,15,BL94D,克里斯,收货,上架
AlPH14i5Wh,白色 品牌12 14英寸 一体机（第5代处理器）,一体机,品牌12,14英寸,第5代处理器,白色,16*1*1,9,AO34F,艾米丽,收货,上架
LaSu17i7Bl,黑色 品牌11 17英寸 笔记本电脑（第7代处理器）,笔记本电脑,品牌11,17英寸,第7代处理器,黑色,16*1*1,10,CL20B,劳拉,收货,上架
MoRe45ErPi,粉色 品牌10 450 鼠标（人体工学）,鼠标,品牌10,450,人体工学,粉色,16*10*1,95,DX10F,艾米丽,收货,上架
GaSELHeWh,白色 品牌08 大号 游戏椅（头枕）,游戏椅,品牌08,大号,头枕,白色,16*1*1,3,AU35G,简,收货,上架
PrNoA3MoBl,黑色 品牌26 三号纸 打印机（黑白）,打印机,品牌26,三号纸,黑白,黑色,16*1*1,5,AS63A,简,收货,上架
NoExA5ruWh,白色 品牌16 五号纸 笔记本（横线）,笔记本,品牌16,五号纸,横线,白色,48*10*5,1617,BZ58F,克里斯,收货,上架
AlPH1732Bl,黑色 品牌12 17英寸 一体机（32吉字节内存）,一体机,品牌12,17英寸,32吉字节内存,黑色,16*1*1,2,CU19H,简,收货,上架
DrTE12FiBl,黑色 品牌04 1200 抽屉柜（文件收纳）,抽屉柜,品牌04,1200,文件收纳,黑色,8*1*1,4,BO63C,迈克,收货,上架
MoPH35BlNa,藏青色 品牌12 350 鼠标（蓝牙）,鼠标,品牌12,350,蓝牙,藏青色,16*10*1,97,CS43B,劳拉,收货,上架
TVYn50FHWh,白色 品牌15 50英寸 电视机（全高清）,电视机,品牌15,50英寸,全高清,白色,8*1*1,5,BY38C,艾米丽,收货,上架
OfOGMLeBl,黑色 品牌07 中号 办公椅（皮革）,办公椅,品牌07,中号,皮革,黑色,16*1*1,5,CJ68C,克里斯,收货,上架
GaSESErWh,白色 品牌08 小号 游戏椅（人体工学）,游戏椅,品牌08,小号,人体工学,白色,16*1*1,8,AG93B,约翰,收货,上架
CaQE18FiBe,米色 品牌01 1800 文件柜（文件收纳）,文件柜,品牌01,1800,文件收纳,米色,8*1*1,4,BQ81A,艾米,收货,上架
KeSu45BlBl,黑色 品牌11 450 键盘（蓝牙）,键盘,品牌11,450,蓝牙,黑色,16*10*1,33,AM77F,艾米丽,收货,上架
OfXEMAdWh,白色 品牌06 中号 办公椅（可调节）,办公椅,品牌06,中号,可调节,白色,16*1*1,2,BS68F,简,收货,上架
TVYn50SFGr,灰色 品牌15 50英寸 电视机（超级全高清）,电视机,品牌15,50英寸,超级全高清,灰色,8*1*1,4,CW42A,艾米,收货,上架
SPNa12WaGr,灰色 品牌23 12 触控笔（水彩）,触控笔,品牌23,12,水彩,灰色,48*10*5,1974,DZ43D,莎拉,收货,上架
PrReA4AlBl,黑色 品牌24 四号纸 打印机（一体式）,打印机,品牌24,四号纸,一体式,黑色,16*1*1,10,CN36C,大卫,收货,上架
OfOGLErBl,黑色 品牌07 大号 办公椅（人体工学）,办公椅,品牌07,大号,人体工学,黑色,16*1*1,16,DO26F,大卫,收货,上架
AlRe158GWh,白色 品牌14 15英寸 一体机（8吉字节内存）,一体机,品牌14,15英寸,8吉字节内存,白色,16*1*1,14,DK57F,大卫,收货,上架
DrQE12SlBl,黑色 品牌01 1200 抽屉柜（滑动式）,抽屉柜,品牌01,1200,滑动式,黑色,8*1*1,3,BU47G,亚历克斯,收货,上架
DrTE18LoBl,黑色 品牌04 1800 抽屉柜（储物锁柜）,抽屉柜,品牌04,1800,储物锁柜,黑色,8*1*1,8,DG45G,艾米丽,收货,上架
AlRe178GSi,银色 品牌14 17英寸 一体机（8吉字节内存）,一体机,品牌14,17英寸,8吉字节内存,银色,16*1*1,12,AG10H,约翰,收货,上架
LaOv1516Gr,灰色 品牌13 15英寸 笔记本电脑（16吉字节内存）,笔记本电脑,品牌13,15英寸,16吉字节内存,灰色,16*1*1,15,DN20H,克里斯,收货,上架
GaOGLErGr,灰色 品牌07 大号 游戏椅（人体工学）,游戏椅,品牌07,大号,人体工学,灰色,16*1*1,7,BS82C,莎拉,收货,上架
AlOv178GSi,银色 品牌13 17英寸 一体机（8吉字节内存）,一体机,品牌13,17英寸,8吉字节内存,银色,16*1*1,14,CL94D,劳拉,收货,上架
PrSoA3WiMi,混合色 品牌25 三号纸 打印机（无线网络）,打印机,品牌25,三号纸,无线网络,混合色,16*1*1,6,CV50G,莎拉,收货,上架
TaCI15AdBl,黑色 品牌27 1500 桌子（可调节）,桌子,品牌27,1500,可调节,黑色,8*1*1,2,CP05B,迈克,收货,上架
LaYn1516Wh,白色 品牌15 15英寸 笔记本电脑（16吉字节内存）,笔记本电脑,品牌15,15英寸,16吉字节内存,白色,16*1*1,5,DI91A,艾米,收货,上架
OfSESAdWh,白色 品牌08 小号 办公椅（可调节）,办公椅,品牌08,小号,可调节,白色,16*1*1,3,BI98E,亚历克斯,收货,上架
CuWE12FiWh,白色 品牌02 1200 储物柜（文件收纳）,储物柜,品牌02,1200,文件收纳,白色,8*1*1,6,CV85H,克里斯,收货,上架
SPAl24HeGr,灰色 品牌20 24 触控笔（六角形）,触控笔,品牌20,24,六角形,灰色,48*10*5,644,AU78F,艾米,收货,上架
AlPH178GSi,银色 品牌12 17英寸 一体机（8吉字节内存）,一体机,品牌12,17英寸,8吉字节内存,银色,16*1*1,16,CM95A,艾米,收货,上架
TaCI10FrSi,银色 品牌27 1000 桌子（框架式）,桌子,品牌27,1000,框架式,银色,8*1*1,2,DZ94A,莎拉,收货,上架
PeGi12HeGr,灰色 品牌21 12 铅笔（六角形）,铅笔,品牌21,12,六角形,灰色,48*10*5,781,BN44G,亚历克斯,收货,上架
GaAELLeGr,灰色 品牌05 大号 游戏椅（皮革）,游戏椅,品牌05,大号,皮革,灰色,16*1*1,16,AK26A,约翰,收货,上架
LaSu14i5Wh,白色 品牌11 14英寸 笔记本电脑（第5代处理器）,笔记本电脑,品牌11,14英寸,第5代处理器,白色,16*1*1,1,BK59B,艾米,收货,上架
DrRG90DoBe,米色 品牌03 900 抽屉柜（带门式）,抽屉柜,品牌03,900,带门式,米色,8*1*1,8,BX09F,约翰,收货,上架
GaAELErBl,黑色 品牌05 大号 游戏椅（人体工学）,游戏椅,品牌05,大号,人体工学,黑色,16*1*1,12,CY44A,劳拉,收货,上架
AlSu1432Gr,灰色 品牌11 14英寸 一体机（32吉字节内存）,一体机,品牌11,14英寸,32吉字节内存,灰色,16*1*1,11,CT11H,大卫,收货,上架
PrReA3MoBl,黑色 品牌24 三号纸 打印机（黑白）,打印机,品牌24,三号纸,黑白,黑色,16*1*1,3,CF95E,简,收货,上架
CaQE18DoBl,黑色 品牌01 1800 文件柜（带门式）,文件柜,品牌01,1800,带门式,黑色,8*1*1,2,AW81E,迈克,收货,上架
KeSu35WiNa,藏青色 品牌11 350 键盘（有线）,键盘,品牌11,350,有线,藏青色,16*10*1,151,BG74E,艾米,收货,上架
LaRe17i7Bl,黑色 品牌14 17英寸 笔记本电脑（第7代处理器）,笔记本电脑,品牌14,17英寸,第7代处理器,黑色,16*1*1,3,CJ67E,克里斯,收货,上架
OfSELLePi,粉色 品牌08 大号 办公椅（皮革）,办公椅,品牌08,大号,皮革,粉色,16*1*1,12,BN81H,艾米,收货,上架
AlOv158GWh,白色 品牌13 15英寸 一体机（8吉字节内存）,一体机,品牌13,15英寸,8吉字节内存,白色,16*1*1,4,AP36H,大卫,收货,上架
AlRe1516Wh,白色 品牌14 15英寸 一体机（16吉字节内存）,一体机,品牌14,15英寸,16吉字节内存,白色,16*1*1,9,BL10A,劳拉,收货,上架
LaOv1716Wh,白色 品牌13 17英寸 笔记本电脑（16吉字节内存）,笔记本电脑,品牌13,17英寸,16吉字节内存,白色,16*1*1,7,DT02G,简,收货,上架
CuTE18FiWh,白色 品牌04 1800 储物柜（文件收纳）,储物柜,品牌04,1800,文件收纳,白色,8*1*1,7,BH42G,简,收货,上架
GaXEMHeGr,灰色 品牌06 中号 游戏椅（头枕）,游戏椅,品牌06,中号,头枕,灰色,16*1*1,14,CK25E,艾米丽,收货,上架
LaRe14i7Bl,黑色 品牌14 14英寸 笔记本电脑（第7代处理器）,笔记本电脑,品牌14,14英寸,第7代处理器,黑色,16*1*1,4,DI56G,艾米,收货,上架
CuRG18DoGr,灰色 品牌03 1800 储物柜（带门式）,储物柜,品牌03,1800,带门式,灰色,8*1*1,4,AR33G,克里斯,收货,上架
LaRe14i5Gr,灰色 品牌14 14英寸 笔记本电脑（第5代处理器）,笔记本电脑,品牌14,14英寸,第5代处理器,灰色,16*1*1,3,CX66H,简,收货,上架
MoHc27MeNa,藏青色 品牌09 270 鼠标（机械式）,鼠标,品牌09,270,机械式,藏青色,16*10*1,80,BH88E,大卫,收货,上架
TVEs424KWh,白色 品牌32 42英寸 电视机（超高清）,电视机,品牌32,42英寸,超高清,白色,8*1*1,8,DP65E,简,收货,上架
PeAl24HeWh,白色 品牌20 24 铅笔（六角形）,铅笔,品牌20,24,六角形,白色,48*10*5,2091,AR96E,亚历克斯,收货,上架
AlYn148GGr,灰色 品牌15 14英寸 一体机（8吉字节内存）,一体机,品牌15,14英寸,8吉字节内存,灰色,16*1*1,9,BS22B,劳拉,收货,上架
NoScA5liWh,白色 品牌17 五号纸 笔记本（线条）,笔记本,品牌17,五号纸,线条,白色,48*10*5,588,DY93A,艾米,收货,上架
GaOGMHeWh,白色 品牌07 中号 游戏椅（头枕）,游戏椅,品牌07,中号,头枕,白色,16*1*1,16,BS79E,亚历克斯,收货,上架
LaSu148GSi,银色 品牌11 14英寸 笔记本电脑（8吉字节内存）,笔记本电脑,品牌11,14英寸,8吉字节内存,银色,16*1*1,6,DJ40D,艾米,收货,上架
CaRG90FiBe,米色 品牌03 900 文件柜（文件收纳）,文件柜,品牌03,900,文件收纳,米色,8*1*1,4,BU95G,莎拉,收货,上架
OfXELAdWh,白色 品牌06 大号 办公椅（可调节）,办公椅,品牌06,大号,可调节,白色,16*1*1,4,AW42E,劳拉,收货,上架
CuWE18DoGr,灰色 品牌02 1800 储物柜（带门式）,储物柜,品牌02,1800,带门式,灰色,8*1*1,8,DL63A,劳拉,收货,上架
OfOGMAdPi,粉色 品牌07 中号 办公椅（可调节）,办公椅,品牌07,中号,可调节,粉色,16*1*1,16,DX74A,劳拉,收货,上架
MoSu27MeNa,藏青色 品牌11 270 鼠标（机械式）,鼠标,品牌11,270,机械式,藏青色,16*10*1,29,DX36B,莎拉,收货,上架
OfXEMAdBl,黑色 品牌06 中号 办公椅（可调节）,办公椅,品牌06,中号,可调节,黑色,16*1*1,15,AI94C,艾米丽,收货,上架
TaCI10FrGr,灰色 品牌27 1000 桌子（框架式）,桌子,品牌27,1000,框架式,灰色,8*1*1,4,CW44D,艾米,收货,上架
PrReA4MoWh,白色 品牌24 四号纸 打印机（黑白）,打印机,品牌24,四号纸,黑白,白色,16*1*1,16,DL08A,艾米,收货,上架
LaSu15i7Si,银色 品牌11 15英寸 笔记本电脑（第7代处理器）,笔记本电脑,品牌11,15英寸,第7代处理器,银色,16*1*1,6,BJ65C,艾米,收货,上架
PrNoA3MoBl,黑色 品牌26 三号纸 打印机（黑白）,打印机,品牌26,三号纸,黑白,黑色,16*1*1,12,CK11H,亚历克斯,收货,上架
TaTR15FrGr,灰色 品牌29 1500 桌子（框架式）,桌子,品牌29,1500,框架式,灰色,8*1*1,1,CZ64F,莎拉,收货,上架
LaRe1532Wh,白色 品牌14 15英寸 笔记本电脑（32吉字节内存）,笔记本电脑,品牌14,15英寸,32吉字节内存,白色,16*1*1,3,CW32B,艾米丽,收货,上架
PeNa24SoWh,白色 品牌23 24 铅笔（可溶性）,铅笔,品牌23,24,可溶性,白色,48*10*5,1265,CQ23C,约翰,收货,上架
TaTR18WoWh,白色 品牌29 1800 桌子（工作站）,桌子,品牌29,1800,工作站,白色,8*1*1,4,AS15B,迈克,收货,上架
LaSu1732Si,银色 品牌11 17英寸 笔记本电脑（32吉字节内存）,笔记本电脑,品牌11,17英寸,32吉字节内存,银色,16*1*1,9,BO09C,大卫,收货,上架
LaPH14i5Wh,白色 品牌12 14英寸 笔记本电脑（第5代处理器）,笔记本电脑,品牌12,14英寸,第5代处理器,白色,16*1*1,3,AL88A,克里斯,收货,上架
TVEs32SFWh,白色 品牌32 32英寸 电视机（超级全高清）,电视机,品牌32,32英寸,超级全高清,白色,8*1*1,4,BX23A,大卫,收货,上架
PrPHA2WiWh,白色 品牌12 二号纸 打印机（无线网络）,打印机,品牌12,二号纸,无线网络,白色,16*1*1,3,DO60D,迈克,收货,上架
LaRe14i7Gr,灰色 品牌14 14英寸 笔记本电脑（第7代处理器）,笔记本电脑,品牌14,14英寸,第7代处理器,灰色,16*1*1,3,AH68G,约翰,收货,上架
AlRe15i7Si,银色 品牌14 15英寸 一体机（第7代处理器）,一体机,品牌14,15英寸,第7代处理器,银色,16*1*1,2,AM43B,约翰,收货,上架
TVEs65S4Si,银色 品牌32 65英寸 电视机（超级超高清）,电视机,品牌32,65英寸,超级超高清,银色,8*1*1,6,DO83C,莎拉,收货,上架
PrSoA4AlBl,黑色 品牌25 四号纸 打印机（一体式）,打印机,品牌25,四号纸,一体式,黑色,16*1*1,8,CM90H,简,收货,上架
AlRe14i5Gr,灰色 品牌14 14英寸 一体机（第5代处理器）,一体机,品牌14,14英寸,第5代处理器,灰色,16*1*1,12,BO89E,迈克,收货,上架
KePH27ErPi,粉色 品牌12 270 键盘（人体工学）,键盘,品牌12,270,人体工学,粉色,16*10*1,43,DK24C,莎拉,收货,上架
GaSELErWh,白色 品牌08 大号 游戏椅（人体工学）,游戏椅,品牌08,大号,人体工学,白色,16*1*1,3,CO01B,约翰,收货,上架
TVYn424KGr,灰色 品牌15 42英寸 电视机（超高清）,电视机,品牌15,42英寸,超高清,灰色,8*1*1,3,BI71F,艾米,收货,上架
MoHc35BlWh,白色 品牌09 350 鼠标（蓝牙）,鼠标,品牌09,350,蓝牙,白色,16*10*1,19,DG84H,克里斯,收货,上架
AlOv1732Wh,白色 品牌13 17英寸 一体机（32吉字节内存）,一体机,品牌13,17英寸,32吉字节内存,白色,16*1*1,4,CF38C,亚历克斯,收货,上架
AlOv15i7Gr,灰色 品牌13 15英寸 一体机（第7代处理器）,一体机,品牌13,15英寸,第7代处理器,灰色,16*1*1,3,DG64G,约翰,收货,上架
TaAE18WoGr,灰色 品牌05 1800 桌子（工作站）,桌子,品牌05,1800,工作站,灰色,8*1*1,3,DS28A,克里斯,收货,上架
PeAl24HeBl,黑色 品牌20 24 铅笔（六角形）,铅笔,品牌20,24,六角形,黑色,48*10*5,700,CV24G,艾米,收货,上架
CaRG12SlGr,灰色 品牌03 1200 文件柜（滑动式）,文件柜,品牌03,1200,滑动式,灰色,8*1*1,2,DN45G,艾米丽,收货,上架
DrRG12SlBe,米色 品牌03 1200 抽屉柜（滑动式）,抽屉柜,品牌03,1200,滑动式,米色,8*1*1,5,BT32B,莎拉,收货,上架
TVGL42S4Gr,灰色 品牌31 42英寸 电视机（超级超高清）,电视机,品牌31,42英寸,超级超高清,灰色,8*1*1,3,AY54G,艾米,收货,上架
MoSu27BlWh,白色 品牌11 270 鼠标（蓝牙）,鼠标,品牌11,270,蓝牙,白色,16*10*1,107,DM24E,亚历克斯,收货,上架
TVGn32SFBl,黑色 品牌30 32英寸 电视机（超级全高清）,电视机,品牌30,32英寸,超级全高清,黑色,8*1*1,2,CL75D,简,收货,上架
GaSESLeWh,白色 品牌08 小号 游戏椅（皮革）,游戏椅,品牌08,小号,皮革,白色,16*1*1,11,DL41B,克里斯,收货,上架
TaAE15FrGr,灰色 品牌05 1500 桌子（框架式）,桌子,品牌05,1500,框架式,灰色,8*1*1,2,CL44G,简,收货,上架
GaAESErGr,灰色 品牌05 小号 游戏椅（人体工学）,游戏椅,品牌05,小号,人体工学,灰色,16*1*1,14,BH93A,克里斯,收货,上架
PeAl50WaPi,粉色 品牌20 50 铅笔（水彩）,铅笔,品牌20,50,水彩,粉色,48*10*5,1854,BT01C,莎拉,收货,上架
PeRe50WaPi,粉色 品牌22 50 铅笔（水彩）,铅笔,品牌22,50,水彩,粉色,48*10*5,1861,CF72D,艾米,收货,上架
CuRG12LoWh,白色 品牌03 1200 储物柜（储物锁柜）,储物柜,品牌03,1200,储物锁柜,白色,8*1*1,3,AI52G,迈克,收货,上架
LaYn15i5Wh,白色 品牌15 15英寸 笔记本电脑（第5代处理器）,笔记本电脑,品牌15,15英寸,第5代处理器,白色,16*1*1,16,DJ33D,克里斯,收货,上架
PrPHA2InBl,黑色 品牌12 二号纸 打印机（喷墨）,打印机,品牌12,二号纸,喷墨,黑色,16*1*1,13,DJ95B,简,收货,上架
KeSu45WiWh,白色 品牌11 450 键盘（有线）,键盘,品牌11,450,有线,白色,16*10*1,94,CF87B,大卫,收货,上架
PrSoA4LaGr,灰色 品牌25 四号纸 打印机（激光）,打印机,品牌25,四号纸,激光,灰色,16*1*1,10,AR01F,迈克,收货,上架
TaCI10AdBl,黑色 品牌27 1000 桌子（可调节）,桌子,品牌27,1000,可调节,黑色,8*1*1,7,DM51D,劳拉,收货,上架
DrTE90LoGr,灰色 品牌04 900 抽屉柜（储物锁柜）,抽屉柜,品牌04,900,储物锁柜,灰色,8*1*1,6,DG60A,迈克,收货,上架
TaTR10WoBl,黑色 品牌29 1000 桌子（工作站）,桌子,品牌29,1000,工作站,黑色,8*1*1,6,CK81G,简,收货,上架
DrTE12SlWh,白色 品牌04 1200 抽屉柜（滑动式）,抽屉柜,品牌04,1200,滑动式,白色,8*1*1,7,BP64D,艾米丽,收货,上架
CuRG18FiWh,白色 品牌03 1800 储物柜（文件收纳）,储物柜,品牌03,1800,文件收纳,白色,8*1*1,3,BP27D,艾米,收货,上架
SPRe12WaWh,白色 品牌22 12 触控笔（水彩）,触控笔,品牌22,12,水彩,白色,48*10*5,1024,CV09G,艾米,收货,上架
TaAE10FrGr,灰色 品牌05 1000 桌子（框架式）,桌子,品牌05,1000,框架式,灰色,8*1*1,5,AX74E,克里斯,收货,上架
MoSu45ErNa,藏青色 品牌11 450 鼠标（人体工学）,鼠标,品牌11,450,人体工学,藏青色,16*10*1,141,CZ19B,莎拉,收货,上架
GaSESErGr,灰色 品牌08 小号 游戏椅（人体工学）,游戏椅,品牌08,小号,人体工学,灰色,16*1*1,1,BP03E,简,收货,上架
AlOv14i7Wh,白色 品牌13 14英寸 一体机（第7代处理器）,一体机,品牌13,14英寸,第7代处理器,白色,16*1*1,8,DJ79B,大卫,收货,上架
KeHc45ErNa,藏青色 品牌09 450 键盘（人体工学）,键盘,品牌09,450,人体工学,藏青色,16*10*1,150,BX95E,克里斯,收货,上架
TVGn754KGr,灰色 品牌30 75英寸 电视机（超高清）,电视机,品牌30,75英寸,超高清,灰色,8*1*1,2,AU10A,简,收货,上架
DrQE12SlGr,灰色 品牌01 1200 抽屉柜（滑动式）,抽屉柜,品牌01,1200,滑动式,灰色,8*1*1,3,DX89D,克里斯,收货,上架
GaSELHePi,粉色 品牌08 大号 游戏椅（头枕）,游戏椅,品牌08,大号,头枕,粉色,16*1*1,8,DZ01H,克里斯,收货,上架
LaRe1532Gr,灰色 品牌14 15英寸 笔记本电脑（32吉字节内存）,笔记本电脑,品牌14,15英寸,32吉字节内存,灰色,16*1*1,15,AM40E,劳拉,收货,上架
SPNa24SoGr,灰色 品牌23 24 触控笔（可溶性）,触控笔,品牌23,24,可溶性,灰色,48*10*5,1637,BK81B,劳拉,收货,上架
MoPH27ErBl,黑色 品牌12 270 鼠标（人体工学）,鼠标,品牌12,270,人体工学,黑色,16*10*1,99,DK22B,克里斯,收货,上架
TVGL32FHSi,银色 品牌31 32英寸 电视机（全高清）,电视机,品牌31,32英寸,全高清,银色,8*1*1,3,DS27B,艾米,收货,上架
CuTE12LoBe,米色 品牌04 1200 储物柜（储物锁柜）,储物柜,品牌04,1200,储物锁柜,米色,8*1*1,8,CL05E,迈克,收货,上架
AlPH17i5Wh,白色 品牌12 17英寸 一体机（第5代处理器）,一体机,品牌12,17英寸,第5代处理器,白色,16*1*1,5,CI28F,劳拉,收货,上架
CuQE12FiWh,白色 品牌01 1200 储物柜（文件收纳）,储物柜,品牌01,1200,文件收纳,白色,8*1*1,4,CN75H,艾米丽,收货,上架
PrNoA2AlWh,白色 品牌26 二号纸 打印机（一体式）,打印机,品牌26,二号纸,一体式,白色,16*1*1,7,AQ24A,大卫,收货,上架
CuRG90SlGr,灰色 品牌03 900 储物柜（滑动式）,储物柜,品牌03,900,滑动式,灰色,8*1*1,6,CX34D,亚历克斯,收货,上架
TVGL424KWh,白色 品牌31 42英寸 电视机（超高清）,电视机,品牌31,42英寸,超高清,白色,8*1*1,5,AX57G,劳拉,收货,上架
AlPH178GBl,黑色 品牌12 17英寸 一体机（8吉字节内存）,一体机,品牌12,17英寸,8吉字节内存,黑色,16*1*1,14,AT89F,劳拉,收货,上架
SPNa12WaBl,黑色 品牌23 12 触控笔（水彩）,触控笔,品牌23,12,水彩,黑色,48*10*5,2384,BJ32D,艾米,收货,上架
LaSu14i5Wh,白色 品牌11 14英寸 笔记本电脑（第5代处理器）,笔记本电脑,品牌11,14英寸,第5代处理器,白色,16*1*1,8,CV43D,亚历克斯,收货,上架
PrNoA4MoGr,灰色 品牌26 四号纸 打印机（黑白）,打印机,品牌26,四号纸,黑白,灰色,16*1*1,15,DL40C,艾米丽,收货,上架
SPGi12HePi,粉色 品牌21 12 触控笔（六角形）,触控笔,品牌21,12,六角形,粉色,48*10*5,2279,DP97B,约翰,收货,上架
CaRG18SlBl,黑色 品牌03 1800 文件柜（滑动式）,文件柜,品牌03,1800,滑动式,黑色,8*1*1,6,DZ73A,劳拉,收货,上架
MoRe35ErWh,白色 品牌10 350 鼠标（人体工学）,鼠标,品牌10,350,人体工学,白色,16*10*1,90,AV22D,艾米,收货,上架
KeRe35WiNa,藏青色 品牌10 350 键盘（有线）,键盘,品牌10,350,有线,藏青色,16*10*1,120,DJ61B,大卫,收货,上架
GaSEMHeGr,灰色 品牌08 中号 游戏椅（头枕）,游戏椅,品牌08,中号,头枕,灰色,16*1*1,1,BK42C,艾米,收货,上架
AlYn178GGr,灰色 品牌15 17英寸 一体机（8吉字节内存）,一体机,品牌15,17英寸,8吉字节内存,灰色,16*1*1,1,CT67E,约翰,收货,上架
AlOv15i5Wh,白色 品牌13 15英寸 一体机（第5代处理器）,一体机,品牌13,15英寸,第5代处理器,白色,16*1*1,2,DJ59B,克里斯,收货,上架
TaTR15WoGr,灰色 品牌28 1500 桌子（工作站）,桌子,品牌28,1500,工作站,灰色,8*1*1,6,CR15G,大卫,收货,上架
KeHc35MePi,粉色 品牌09 350 键盘（机械式）,键盘,品牌09,350,机械式,粉色,16*10*1,106,DK56D,简,收货,上架
GaSELErWh,白色 品牌08 大号 游戏椅（人体工学）,游戏椅,品牌08,大号,人体工学,白色,16*1*1,4,AW54G,克里斯,收货,上架
GaSESAdGr,灰色 品牌08 小号 游戏椅（可调节）,游戏椅,品牌08,小号,可调节,灰色,16*1*1,14,CP39G,莎拉,收货,上架
PrReA3InWh,白色 品牌24 三号纸 打印机（喷墨）,打印机,品牌24,三号纸,喷墨,白色,16*1*1,13,CG41B,亚历克斯,收货,上架
OfXEMLeWh,白色 品牌06 中号 办公椅（皮革）,办公椅,品牌06,中号,皮革,白色,16*1*1,11,DP92B,约翰,收货,上架
LaYn1416Bl,黑色 品牌15 14英寸 笔记本电脑（16吉字节内存）,笔记本电脑,品牌15,14英寸,16吉字节内存,黑色,16*1*1,16,DQ87A,劳拉,收货,上架
NoMuA5doWh,白色 品牌19 五号纸 笔记本（点阵）,笔记本,品牌19,五号纸,点阵,白色,48*10*5,1285,BO26C,迈克,收货,上架
LaRe1432Gr,灰色 品牌14 14英寸 笔记本电脑（32吉字节内存）,笔记本电脑,品牌14,14英寸,32吉字节内存,灰色,16*1*1,1,DV55H,克里斯,收货,上架
KeHc27WiNa,藏青色 品牌09 270 键盘（有线）,键盘,品牌09,270,有线,藏青色,16*10*1,38,CO89A,克里斯,收货,上架
TVGL75S4Gr,灰色 品牌31 75英寸 电视机（超级超高清）,电视机,品牌31,75英寸,超级超高清,灰色,8*1*1,6,AH74G,艾米丽,收货,上架
TaAE18WoGr,灰色 品牌05 1800 桌子（工作站）,桌子,品牌05,1800,工作站,灰色,8*1*1,7,CX54E,简,收货,上架
KeRe27WiWh,白色 品牌10 270 键盘（有线）,键盘,品牌10,270,有线,白色,16*10*1,102,CR34F,简,收货,上架
TVYn654KWh,白色 品牌15 65英寸 电视机（超高清）,电视机,品牌15,65英寸,超高清,白色,8*1*1,3,AK22D,莎拉,收货,上架
SPNa12WaGr,灰色 品牌23 12 触控笔（水彩）,触控笔,品牌23,12,水彩,灰色,48*10*5,847,CQ15A,克里斯,收货,上架
TVEs42FHBl,黑色 品牌32 42英寸 电视机（全高清）,电视机,品牌32,42英寸,全高清,黑色,8*1*1,6,DP46H,克里斯,收货,上架
LaOv1432Wh,白色 品牌13 14英寸 笔记本电脑（32吉字节内存）,笔记本电脑,品牌13,14英寸,32吉字节内存,白色,16*1*1,8,CN94D,简,收货,上架
OfOGMAdPi,粉色 品牌07 中号 办公椅（可调节）,办公椅,品牌07,中号,可调节,粉色,16*1*1,15,DW65E,艾米丽,收货,上架
TVYn42SFGr,灰色 品牌15 42英寸 电视机（超级全高清）,电视机,品牌15,42英寸,超级全高清,灰色,8*1*1,2,AY51F,克里斯,收货,上架
AlRe15i5Gr,灰色 品牌14 15英寸 一体机（第5代处理器）,一体机,品牌14,15英寸,第5代处理器,灰色,16*1*1,5,DZ84E,劳拉,收货,上架
GaSESErBl,黑色 品牌08 小号 游戏椅（人体工学）,游戏椅,品牌08,小号,人体工学,黑色,16*1*1,14,CJ16E,艾米丽,收货,上架
CuWE12FiGr,灰色 品牌02 1200 储物柜（文件收纳）,储物柜,品牌02,1200,文件收纳,灰色,8*1*1,1,CL95B,克里斯,收货,上架
DrQE12SlWh,白色 品牌01 1200 抽屉柜（滑动式）,抽屉柜,品牌01,1200,滑动式,白色,8*1*1,1,CQ65B,艾米丽,收货,上架
PrSoA4InGr,灰色 品牌25 四号纸 打印机（喷墨）,打印机,品牌25,四号纸,喷墨,灰色,16*1*1,6,DO19H,莎拉,收货,上架
SPNa50WaPi,粉色 品牌23 50 触控笔（水彩）,触控笔,品牌23,50,水彩,粉色,48*10*5,1277,CQ05E,艾米,收货,上架
OfAELHePi,粉色 品牌05 大号 办公椅（头枕）,办公椅,品牌05,大号,头枕,粉色,16*1*1,12,BH06H,艾米丽,收货,上架
AlOv1716Wh,白色 品牌13 17英寸 一体机（16吉字节内存）,一体机,品牌13,17英寸,16吉字节内存,白色,16*1*1,16,AY55G,艾米丽,收货,上架
AlYn17i5Si,银色 品牌15 17英寸 一体机（第5代处理器）,一体机,品牌15,17英寸,第5代处理器,银色,16*1*1,8,AT89E,约翰,收货,上架
GaAELErWh,白色 品牌05 大号 游戏椅（人体工学）,游戏椅,品牌05,大号,人体工学,白色,16*1*1,13,AX17C,大卫,收货,上架
PrPHA3MoWh,白色 品牌12 三号纸 打印机（黑白）,打印机,品牌12,三号纸,黑白,白色,16*1*1,16,AM72F,艾米,收货,上架
PrSoA4WiBl,黑色 品牌25 四号纸 打印机（无线网络）,打印机,品牌25,四号纸,无线网络,黑色,16*1*1,15,CK32F,约翰,收货,上架
CaQE90SlWh,白色 品牌01 900 文件柜（滑动式）,文件柜,品牌01,900,滑动式,白色,8*1*1,6,DH33B,亚历克斯,收货,上架
OfAEMAdWh,白色 品牌05 中号 办公椅（可调节）,办公椅,品牌05,中号,可调节,白色,16*1*1,15,BZ95A,莎拉,收货,上架
AlPH1516Gr,灰色 品牌12 15英寸 一体机（16吉字节内存）,一体机,品牌12,15英寸,16吉字节内存,灰色,16*1*1,11,DG15F,艾米丽,收货,上架
TaCI15WoBl,黑色 品牌27 1500 桌子（工作站）,桌子,品牌27,1500,工作站,黑色,8*1*1,5,BV01B,约翰,收货,上架
TaTR10AuGr,灰色 品牌28 1000 桌子（自动调节）,桌子,品牌28,1000,自动调节,灰色,8*1*1,5,AN52A,简,收货,上架
LaRe15i5Bl,黑色 品牌14 15英寸 笔记本电脑（第5代处理器）,笔记本电脑,品牌14,15英寸,第5代处理器,黑色,16*1*1,13,CI44F,迈克,收货,上架
TVGL42S4Wh,白色 品牌31 42英寸 电视机（超级超高清）,电视机,品牌31,42英寸,超级超高清,白色,8*1*1,5,DQ60A,艾米丽,收货,上架
LaSu17i5Si,银色 品牌11 17英寸 笔记本电脑（第5代处理器）,笔记本电脑,品牌11,17英寸,第5代处理器,银色,16*1*1,13,BN98B,劳拉,收货,上架
LaPH14i5Wh,白色 品牌12 14英寸 笔记本电脑（第5代处理器）,笔记本电脑,品牌12,14英寸,第5代处理器,白色,16*1*1,9,AH76E,亚历克斯,收货,上架
TaTR18AdSi,银色 品牌29 1800 桌子（可调节）,桌子,品牌29,1800,可调节,银色,8*1*1,8,DW93B,大卫,收货,上架
KePH35BlWh,白色 品牌12 350 键盘（蓝牙）,键盘,品牌12,350,蓝牙,白色,16*10*1,151,BV04B,艾米,收货,上架
AlOv1716Wh,白色 品牌13 17英寸 一体机（16吉字节内存）,一体机,品牌13,17英寸,16吉字节内存,白色,16*1*1,11,DQ03H,艾米丽,收货,上架
OfSELErPi,粉色 品牌08 大号 办公椅（人体工学）,办公椅,品牌08,大号,人体工学,粉色,16*1*1,10,AG93D,艾米丽,收货,上架
GaAEMAdBl,黑色 品牌05 中号 游戏椅（可调节）,游戏椅,品牌05,中号,可调节,黑色,16*1*1,8,BZ33A,约翰,收货,上架
SPAl24HeGr,灰色 品牌20 24 触控笔（六角形）,触控笔,品牌20,24,六角形,灰色,48*10*5,1939,BZ37H,艾米,收货,上架
CuQE18DoWh,白色 品牌01 1800 储物柜（带门式）,储物柜,品牌01,1800,带门式,白色,8*1*1,5,CW09A,克里斯,收货,上架
TVYn50SFWh,白色 品牌15 50英寸 电视机（超级全高清）,电视机,品牌15,50英寸,超级全高清,白色,8*1*1,5,CW12A,克里斯,收货,上架
PeGi12WaBl,黑色 品牌21 12 铅笔（水彩）,铅笔,品牌21,12,水彩,黑色,48*10*5,1630,BX08B,劳拉,收货,上架
MoPH45MeBl,黑色 品牌12 450 鼠标（机械式）,鼠标,品牌12,450,机械式,黑色,16*10*1,138,BH28B,莎拉,收货,上架
AlOv1516Gr,灰色 品牌13 15英寸 一体机（16吉字节内存）,一体机,品牌13,15英寸,16吉字节内存,灰色,16*1*1,16,DJ91F,劳拉,收货,上架
AlOv17i5Bl,黑色 品牌13 17英寸 一体机（第5代处理器）,一体机,品牌13,17英寸,第5代处理器,黑色,16*1*1,4,DH22D,约翰,收货,上架
CuTE18LoWh,白色 品牌04 1800 储物柜（储物锁柜）,储物柜,品牌04,1800,储物锁柜,白色,8*1*1,5,AR51F,劳拉,收货,上架
LaYn15i5Bl,黑色 品牌15 15英寸 笔记本电脑（第5代处理器）,笔记本电脑,品牌15,15英寸,第5代处理器,黑色,16*1*1,13,CJ96C,莎拉,收货,上架
PeGi50WaWh,白色 品牌21 50 铅笔（水彩）,铅笔,品牌21,50,水彩,白色,48*10*5,111,CN87E,亚历克斯,收货,上架
AlSu14i7Bl,黑色 品牌11 14英寸 一体机（第7代处理器）,一体机,品牌11,14英寸,第7代处理器,黑色,16*1*1,9,AV16B,莎拉,收货,上架
GaAELAdWh,白色 品牌05 大号 游戏椅（可调节）,游戏椅,品牌05,大号,可调节,白色,16*1*1,2,BZ69G,迈克,收货,上架
KeSu35ErNa,藏青色 品牌11 350 键盘（人体工学）,键盘,品牌11,350,人体工学,藏青色,16*10*1,25,BQ39F,莎拉,收货,上架
LaPH15i7Si,银色 品牌12 15英寸 笔记本电脑（第7代处理器）,笔记本电脑,品牌12,15英寸,第7代处理器,银色,16*1*1,12,BL20A,迈克,收货,上架
AlYn1716Si,银色 品牌15 17英寸 一体机（16吉字节内存）,一体机,品牌15,17英寸,16吉字节内存,银色,16*1*1,10,BI07F,莎拉,收货,上架
KeHc35BlWh,白色 品牌09 350 键盘（蓝牙）,键盘,品牌09,350,蓝牙,白色,16*10*1,27,DM05C,大卫,收货,上架
SPAl50HeGr,灰色 品牌20 50 触控笔（六角形）,触控笔,品牌20,50,六角形,灰色,48*10*5,872,DX79A,莎拉,收货,上架
PrNoA2AlMi,混合色 品牌26 二号纸 打印机（一体式）,打印机,品牌26,二号纸,一体式,混合色,16*1*1,3,AJ81B,克里斯,收货,上架
TVGn424KSi,银色 品牌30 42英寸 电视机（超高清）,电视机,品牌30,42英寸,超高清,银色,8*1*1,7,AQ38E,大卫,收货,上架
DrQE12FiWh,白色 品牌01 1200 抽屉柜（文件收纳）,抽屉柜,品牌01,1200,文件收纳,白色,8*1*1,5,CI81B,大卫,收货,上架
DrWE18FiBe,米色 品牌02 1800 抽屉柜（文件收纳）,抽屉柜,品牌02,1800,文件收纳,米色,8*1*1,5,CV61A,艾米丽,收货,上架
AlYn15i7Si,银色 品牌15 15英寸 一体机（第7代处理器）,一体机,品牌15,15英寸,第7代处理器,银色,16*1*1,11,DW14A,迈克,收货,上架
KeHc45WiNa,藏青色 品牌09 450 键盘（有线）,键盘,品牌09,450,有线,藏青色,16*10*1,14,AN92A,克里斯,收货,上架
KeSu27WiNa,藏青色 品牌11 270 键盘（有线）,键盘,品牌11,270,有线,藏青色,16*10*1,144,CM53B,劳拉,收货,上架
AlOv15i7Si,银色 品牌13 15英寸 一体机（第7代处理器）,一体机,品牌13,15英寸,第7代处理器,银色,16*1*1,4,CN05E,迈克,收货,上架
KeRe45ErPi,粉色 品牌10 450 键盘（人体工学）,键盘,品牌10,450,人体工学,粉色,16*10*1,103,DY12A,迈克,收货,上架
PrPHA4MoWh,白色 品牌12 四号纸 打印机（黑白）,打印机,品牌12,四号纸,黑白,白色,16*1*1,14,AH20D,简,收货,上架
CaWE90SlBe,米色 品牌02 900 文件柜（滑动式）,文件柜,品牌02,900,滑动式,米色,8*1*1,8,CI12B,约翰,收货,上架
LaRe1516Si,银色 品牌14 15英寸 笔记本电脑（16吉字节内存）,笔记本电脑,品牌14,15英寸,16吉字节内存,银色,16*1*1,2,DZ37B,劳拉,收货,上架
CaTE12DoBe,米色 品牌04 1200 文件柜（带门式）,文件柜,品牌04,1200,带门式,米色,8*1*1,1,BV27C,劳拉,收货,上架
LaPH1416Bl,黑色 品牌12 14英寸 笔记本电脑（16吉字节内存）,笔记本电脑,品牌12,14英寸,16吉字节内存,黑色,16*1*1,4,BF19A,艾米,收货,上架
NoExA4liBl,黑色 品牌16 四号纸 笔记本（线条）,笔记本,品牌16,四号纸,线条,黑色,48*10*5,727,DM11F,亚历克斯,收货,上架
OfAEMHeBl,黑色 品牌05 中号 办公椅（头枕）,办公椅,品牌05,中号,头枕,黑色,16*1*1,1,CY76D,简,收货,上架
AlSu1716Gr,灰色 品牌11 17英寸 一体机（16吉字节内存）,一体机,品牌11,17英寸,16吉字节内存,灰色,16*1*1,7,DG18F,大卫,收货,上架
CaQE90DoBl,黑色 品牌01 900 文件柜（带门式）,文件柜,品牌01,900,带门式,黑色,8*1*1,4,BF80E,迈克,收货,上架
LaYn17i7Bl,黑色 品牌15 17英寸 笔记本电脑（第7代处理器）,笔记本电脑,品牌15,17英寸,第7代处理器,黑色,16*1*1,4,AS77E,艾米丽,收货,上架
NoGrA3liWh,白色 品牌18 三号纸 笔记本（线条）,笔记本,品牌18,三号纸,线条,白色,48*10*5,2107,DY45H,劳拉,收货,上架
TVGn42S4Wh,白色 品牌30 42英寸 电视机（超级超高清）,电视机,品牌30,42英寸,超级超高清,白色,8*1*1,7,AL53H,迈克,收货,上架
PrPHA4WiBl,黑色 品牌12 四号纸 打印机（无线网络）,打印机,品牌12,四号纸,无线网络,黑色,16*1*1,9,CX24B,亚历克斯,收货,上架
LaYn1416Bl,黑色 品牌15 14英寸 笔记本电脑（16吉字节内存）,笔记本电脑,品牌15,14英寸,16吉字节内存,黑色,16*1*1,12,CT43H,亚历克斯,收货,上架
OfSESErPi,粉色 品牌08 小号 办公椅（人体工学）,办公椅,品牌08,小号,人体工学,粉色,16*1*1,11,CO06E,艾米丽,收货,上架
SPAl24WaBl,黑色 品牌20 24 触控笔（水彩）,触控笔,品牌20,24,水彩,黑色,48*10*5,170,AI98H,迈克,收货,上架
KeRe45ErNa,藏青色 品牌10 450 键盘（人体工学）,键盘,品牌10,450,人体工学,藏青色,16*10*1,78,AW28G,约翰,收货,上架
PrNoA2WiMi,混合色 品牌26 二号纸 打印机（无线网络）,打印机,品牌26,二号纸,无线网络,混合色,16*1*1,7,CR15H,艾米,收货,上架
TVYn32FHSi,银色 品牌15 32英寸 电视机（全高清）,电视机,品牌15,32英寸,全高清,银色,8*1*1,8,CI66F,亚历克斯,收货,上架
TVGL50FHGr,灰色 品牌31 50英寸 电视机（全高清）,电视机,品牌31,50英寸,全高清,灰色,8*1*1,7,BW79G,艾米,收货,上架
PrNoA2InMi,混合色 品牌26 二号纸 打印机（喷墨）,打印机,品牌26,二号纸,喷墨,混合色,16*1*1,7,CP18H,艾米,收货,上架
DrQE90SlWh,白色 品牌01 900 抽屉柜（滑动式）,抽屉柜,品牌01,900,滑动式,白色,8*1*1,6,CG88G,劳拉,收货,上架
KeRe45ErNa,藏青色 品牌10 450 键盘（人体工学）,键盘,品牌10,450,人体工学,藏青色,16*10*1,34,DJ38F,莎拉,收货,上架
DrWE90FiWh,白色 品牌02 900 抽屉柜（文件收纳）,抽屉柜,品牌02,900,文件收纳,白色,8*1*1,5,AY81C,莎拉,收货,上架
NoExA5liGr,灰色 品牌16 五号纸 笔记本（线条）,笔记本,品牌16,五号纸,线条,灰色,48*10*5,1876,BQ07A,简,收货,上架
CuRG12FiGr,灰色 品牌03 1200 储物柜（文件收纳）,储物柜,品牌03,1200,文件收纳,灰色,8*1*1,4,CR65B,莎拉,收货,上架
TVYn32FHBl,黑色 品牌15 32英寸 电视机（全高清）,电视机,品牌15,32英寸,全高清,黑色,8*1*1,1,DR52F,劳拉,收货,上架
PrReA2InBl,黑色 品牌24 二号纸 打印机（喷墨）,打印机,品牌24,二号纸,喷墨,黑色,16*1*1,2,CT62E,艾米丽,收货,上架
CaTE18SlGr,灰色 品牌04 1800 文件柜（滑动式）,文件柜,品牌04,1800,滑动式,灰色,8*1*1,8,DG69H,大卫,收货,上架
TVEs504KGr,灰色 品牌32 50英寸 电视机（超高清）,电视机,品牌32,50英寸,超高清,灰色,8*1*1,6,BV10A,亚历克斯,收货,上架
TVGn65FHWh,白色 品牌30 65英寸 电视机（全高清）,电视机,品牌30,65英寸,全高清,白色,8*1*1,6,DI76C,劳拉,收货,上架
NoScA4liSi,银色 品牌17 四号纸 笔记本（线条）,笔记本,品牌17,四号纸,线条,银色,48*10*5,1817,DM57B,简,收货,上架
SPAl12SoBl,黑色 品牌20 12 触控笔（可溶性）,触控笔,品牌20,12,可溶性,黑色,48*10*5,1683,CS16E,艾米,收货,上架
GaOGSErWh,白色 品牌07 小号 游戏椅（人体工学）,游戏椅,品牌07,小号,人体工学,白色,16*1*1,12,AZ78B,莎拉,收货,上架
PrNoA3InGr,灰色 品牌26 三号纸 打印机（喷墨）,打印机,品牌26,三号纸,喷墨,灰色,16*1*1,6,BG59G,迈克,收货,上架
GaXELHeBl,黑色 品牌06 大号 游戏椅（头枕）,游戏椅,品牌06,大号,头枕,黑色,16*1*1,4,DP77F,莎拉,收货,上架
GaAESHePi,粉色 品牌05 小号 游戏椅（头枕）,游戏椅,品牌05,小号,头枕,粉色,16*1*1,7,BM57B,艾米丽,收货,上架
CuRG18FiWh,白色 品牌03 1800 储物柜（文件收纳）,储物柜,品牌03,1800,文件收纳,白色,8*1*1,8,BL54A,劳拉,收货,上架
GaXEMHeWh,白色 品牌06 中号 游戏椅（头枕）,游戏椅,品牌06,中号,头枕,白色,16*1*1,5,DP13A,莎拉,收货,上架
MoRe35BlNa,藏青色 品牌10 350 鼠标（蓝牙）,鼠标,品牌10,350,蓝牙,藏青色,16*10*1,157,CZ91A,亚历克斯,收货,上架
AlYn15i7Si,银色 品牌15 15英寸 一体机（第7代处理器）,一体机,品牌15,15英寸,第7代处理器,银色,16*1*1,15,DO77B,劳拉,收货,上架
KeRe27WiBl,黑色 品牌10 270 键盘（有线）,键盘,品牌10,270,有线,黑色,16*10*1,21,AI27A,简,收货,上架
GaXESErBl,黑色 品牌06 小号 游戏椅（人体工学）,游戏椅,品牌06,小号,人体工学,黑色,16*1*1,8,AR56B,克里斯,收货,上架
NoScA5doGr,灰色 品牌17 五号纸 笔记本（点阵）,笔记本,品牌17,五号纸,点阵,灰色,48*10*5,19,AK59A,劳拉,收货,上架
TVGL50SFBl,黑色 品牌31 50英寸 电视机（超级全高清）,电视机,品牌31,50英寸,超级全高清,黑色,8*1*1,2,CL85E,艾米,收货,上架
CuWE90FiGr,灰色 品牌02 900 储物柜（文件收纳）,储物柜,品牌02,900,文件收纳,灰色,8*1*1,2,DJ15E,劳拉,收货,上架
AlPH178GGr,灰色 品牌12 17英寸 一体机（8吉字节内存）,一体机,品牌12,17英寸,8吉字节内存,灰色,16*1*1,15,AT48B,艾米丽,收货,上架
TVEs654KGr,灰色 品牌32 65英寸 电视机（超高清）,电视机,品牌32,65英寸,超高清,灰色,8*1*1,4,BU16B,莎拉,收货,上架
TaTR18AuGr,灰色 品牌28 1800 桌子（自动调节）,桌子,品牌28,1800,自动调节,灰色,8*1*1,6,BQ03D,约翰,收货,上架
LaOv17i5Gr,灰色 品牌13 17英寸 笔记本电脑（第5代处理器）,笔记本电脑,品牌13,17英寸,第5代处理器,灰色,16*1*1,12,BN21E,艾米,收货,上架
CuTE90FiGr,灰色 品牌04 900 储物柜（文件收纳）,储物柜,品牌04,900,文件收纳,灰色,8*1*1,8,CG19G,约翰,收货,上架
CuRG18DoGr,灰色 品牌03 1800 储物柜（带门式）,储物柜,品牌03,1800,带门式,灰色,8*1*1,1,BH72H,大卫,收货,上架
TaTR18WoBl,黑色 品牌29 1800 桌子（工作站）,桌子,品牌29,1800,工作站,黑色,8*1*1,1,AZ43A,劳拉,收货,上架
GaSELLeWh,白色 品牌08 大号 游戏椅（皮革）,游戏椅,品牌08,大号,皮革,白色,16*1*1,6,AW02F,艾米,收货,上架
PrSoA4InWh,白色 品牌25 四号纸 打印机（喷墨）,打印机,品牌25,四号纸,喷墨,白色,16*1*1,12,BJ55A,大卫,收货,上架
PrReA4AlMi,混合色 品牌24 四号纸 打印机（一体式）,打印机,品牌24,四号纸,一体式,混合色,16*1*1,1,BF09B,亚历克斯,收货,上架
DrTE90LoBe,米色 品牌04 900 抽屉柜（储物锁柜）,抽屉柜,品牌04,900,储物锁柜,米色,8*1*1,7,BT09A,迈克,收货,上架
CaRG90FiBe,米色 品牌03 900 文件柜（文件收纳）,文件柜,品牌03,900,文件收纳,米色,8*1*1,3,DL08A,莎拉,收货,上架
OfXESLeBl,黑色 品牌06 小号 办公椅（皮革）,办公椅,品牌06,小号,皮革,黑色,16*1*1,7,BT98B,大卫,收货,上架
PeNa12WaWh,白色 品牌23 12 铅笔（水彩）,铅笔,品牌23,12,水彩,白色,48*10*5,1702,DN08F,艾米,收货,上架
OfXESAdGr,灰色 品牌06 小号 办公椅（可调节）,办公椅,品牌06,小号,可调节,灰色,16*1*1,4,DW95H,约翰,收货,上架
NoMuA4ruSi,银色 品牌19 四号纸 笔记本（横线）,笔记本,品牌19,四号纸,横线,银色,48*10*5,1670,AW58B,迈克,收货,上架
SPGi50SoPi,粉色 品牌21 50 触控笔（可溶性）,触控笔,品牌21,50,可溶性,粉色,48*10*5,1234,CN45D,克里斯,收货,上架
OfSEMLePi,粉色 品牌08 中号 办公椅（皮革）,办公椅,品牌08,中号,皮革,粉色,16*1*1,11,BK01C,莎拉,收货,上架
LaOv14i5Bl,黑色 品牌13 14英寸 笔记本电脑（第5代处理器）,笔记本电脑,品牌13,14英寸,第5代处理器,黑色,16*1*1,8,AX68G,亚历克斯,收货,上架
CaQE90LoBl,黑色 品牌01 900 文件柜（储物锁柜）,文件柜,品牌01,900,储物锁柜,黑色,8*1*1,5,CT75G,劳拉,收货,上架
PrNoA2InMi,混合色 品牌26 二号纸 打印机（喷墨）,打印机,品牌26,二号纸,喷墨,混合色,16*1*1,15,BR42C,克里斯,收货,上架
OfSELErGr,灰色 品牌08 大号 办公椅（人体工学）,办公椅,品牌08,大号,人体工学,灰色,16*1*1,15,BV27C,简,收货,上架
LaRe148GSi,银色 品牌14 14英寸 笔记本电脑（8吉字节内存）,笔记本电脑,品牌14,14英寸,8吉字节内存,银色,16*1*1,9,CO89A,约翰,收货,上架
NoScA4doGr,灰色 品牌17 四号纸 笔记本（点阵）,笔记本,品牌17,四号纸,点阵,灰色,48*10*5,1208,AN36F,莎拉,收货,上架
DrWE12FiBe,米色 品牌02 1200 抽屉柜（文件收纳）,抽屉柜,品牌02,1200,文件收纳,米色,8*1*1,4,BS93A,大卫,收货,上架
CaRG90SlWh,白色 品牌03 900 文件柜（滑动式）,文件柜,品牌03,900,滑动式,白色,8*1*1,8,BV37B,艾米,收货,上架
DrWE18DoBl,黑色 品牌02 1800 抽屉柜（带门式）,抽屉柜,品牌02,1800,带门式,黑色,8*1*1,5,AL12F,莎拉,收货,上架
DrWE12SlBl,黑色 品牌02 1200 抽屉柜（滑动式）,抽屉柜,品牌02,1200,滑动式,黑色,8*1*1,8,BI16B,迈克,收货,上架
PrNoA4WiBl,黑色 品牌26 四号纸 打印机（无线网络）,打印机,品牌26,四号纸,无线网络,黑色,16*1*1,8,CF72E,大卫,收货,上架
CaQE12FiBl,黑色 品牌01 1200 文件柜（文件收纳）,文件柜,品牌01,1200,文件收纳,黑色,8*1*1,8,BP15G,艾米,收货,上架
CaTE12FiBe,米色 品牌04 1200 文件柜（文件收纳）,文件柜,品牌04,1200,文件收纳,米色,8*1*1,1,BF02E,亚历克斯,收货,上架
PeAl50HeGr,灰色 品牌20 50 铅笔（六角形）,铅笔,品牌20,50,六角形,灰色,48*10*5,339,DO07D,克里斯,收货,上架
PrPHA2InMi,混合色 品牌12 二号纸 打印机（喷墨）,打印机,品牌12,二号纸,喷墨,混合色,16*1*1,6,CM46E,克里斯,收货,上架
PrReA2AlMi,混合色 品牌24 二号纸 打印机（一体式）,打印机,品牌24,二号纸,一体式,混合色,16*1*1,15,DU67A,艾米丽,收货,上架
GaXESLeGr,灰色 品牌06 小号 游戏椅（皮革）,游戏椅,品牌06,小号,皮革,灰色,16*1*1,10,DT50D,简,收货,上架
DrTE90DoGr,灰色 品牌04 900 抽屉柜（带门式）,抽屉柜,品牌04,900,带门式,灰色,8*1*1,1,CK38F,约翰,收货,上架
NoGrA3doGr,灰色 品牌18 三号纸 笔记本（点阵）,笔记本,品牌18,三号纸,点阵,灰色,48*10*5,784,DN65G,艾米,收货,上架
MoPH27ErPi,粉色 品牌12 270 鼠标（人体工学）,鼠标,品牌12,270,人体工学,粉色,16*10*1,94,AU05H,简,收货,上架
TaTR18WoBl,黑色 品牌29 1800 桌子（工作站）,桌子,品牌29,1800,工作站,黑色,8*1*1,4,BF67B,克里斯,收货,上架
LaRe178GWh,白色 品牌14 17英寸 笔记本电脑（8吉字节内存）,笔记本电脑,品牌14,17英寸,8吉字节内存,白色,16*1*1,6,CG22A,简,收货,上架
CaWE12LoWh,白色 品牌02 1200 文件柜（储物锁柜）,文件柜,品牌02,1200,储物锁柜,白色,8*1*1,7,BZ90G,克里斯,收货,上架
TVEs65FHGr,灰色 品牌32 65英寸 电视机（全高清）,电视机,品牌32,65英寸,全高清,灰色,8*1*1,4,AV51A,劳拉,收货,上架
OfSESLeBl,黑色 品牌08 小号 办公椅（皮革）,办公椅,品牌08,小号,皮革,黑色,16*1*1,14,DM11D,约翰,收货,上架
NoMuA5ruGr,灰色 品牌19 五号纸 笔记本（横线）,笔记本,品牌19,五号纸,横线,灰色,48*10*5,1667,BP27F,迈克,收货,上架
TaTR10FrWh,白色 品牌28 1000 桌子（框架式）,桌子,品牌28,1000,框架式,白色,8*1*1,1,BO26C,约翰,收货,上架
TVEs754KGr,灰色 品牌32 75英寸 电视机（超高清）,电视机,品牌32,75英寸,超高清,灰色,8*1*1,6,CQ70E,约翰,收货,上架
SPGi24WaWh,白色 品牌21 24 触控笔（水彩）,触控笔,品牌21,24,水彩,白色,48*10*5,2046,DG73G,艾米丽,收货,上架
MoSu45ErBl,黑色 品牌11 450 鼠标（人体工学）,鼠标,品牌11,450,人体工学,黑色,16*10*1,147,DQ05A,迈克,收货,上架
LaYn17i7Bl,黑色 品牌15 17英寸 笔记本电脑（第7代处理器）,笔记本电脑,品牌15,17英寸,第7代处理器,黑色,16*1*1,15,AN13E,大卫,收货,上架
AlRe1716Wh,白色 品牌14 17英寸 一体机（16吉字节内存）,一体机,品牌14,17英寸,16吉字节内存,白色,16*1*1,11,CO70D,莎拉,收货,上架
TaTR15AuSi,银色 品牌29 1500 桌子（自动调节）,桌子,品牌29,1500,自动调节,银色,8*1*1,8,CX39B,莎拉,收货,上架
AlSu15i7Wh,白色 品牌11 15英寸 一体机（第7代处理器）,一体机,品牌11,15英寸,第7代处理器,白色,16*1*1,9,CL28B,迈克,收货,上架
GaOGLLeWh,白色 品牌07 大号 游戏椅（皮革）,游戏椅,品牌07,大号,皮革,白色,16*1*1,8,DM40C,劳拉,收货,上架
CuQE12LoBe,米色 品牌01 1200 储物柜（储物锁柜）,储物柜,品牌01,1200,储物锁柜,米色,8*1*1,2,CQ70D,亚历克斯,收货,上架
PeGi24HeGr,灰色 品牌21 24 铅笔（六角形）,铅笔,品牌21,24,六角形,灰色,48*10*5,1658,CU19H,莎拉,收货,上架
TaCI10AdBl,黑色 品牌27 1000 桌子（可调节）,桌子,品牌27,1000,可调节,黑色,8*1*1,5,CG30E,亚历克斯,收货,上架
LaRe17i5Bl,黑色 品牌14 17英寸 笔记本电脑（第5代处理器）,笔记本电脑,品牌14,17英寸,第5代处理器,黑色,16*1*1,13,AG09B,大卫,收货,上架
PrSoA2LaWh,白色 品牌25 二号纸 打印机（激光）,打印机,品牌25,二号纸,激光,白色,16*1*1,15,BH70H,莎拉,收货,上架
LaRe17i7Si,银色 品牌14 17英寸 笔记本电脑（第7代处理器）,笔记本电脑,品牌14,17英寸,第7代处理器,银色,16*1*1,13,BR27G,艾米丽,收货,上架
CaQE12LoGr,灰色 品牌01 1200 文件柜（储物锁柜）,文件柜,品牌01,1200,储物锁柜,灰色,8*1*1,7,CT66G,简,收货,上架
MoRe35ErBl,黑色 品牌10 350 鼠标（人体工学）,鼠标,品牌10,350,人体工学,黑色,16*10*1,64,AT59G,艾米丽,收货,上架
PrNoA2InGr,灰色 品牌26 二号纸 打印机（喷墨）,打印机,品牌26,二号纸,喷墨,灰色,16*1*1,14,BJ20E,约翰,收货,上架
MoPH27ErWh,白色 品牌12 270 鼠标（人体工学）,鼠标,品牌12,270,人体工学,白色,16*10*1,4,AI06A,亚历克斯,收货,上架
OfAESHeGr,灰色 品牌05 小号 办公椅（头枕）,办公椅,品牌05,小号,头枕,灰色,16*1*1,1,BT87A,大卫,收货,上架
TaTR10AdWh,白色 品牌29 1000 桌子（可调节）,桌子,品牌29,1000,可调节,白色,8*1*1,8,CO74F,艾米丽,收货,上架
TVYn324KWh,白色 品牌15 32英寸 电视机（超高清）,电视机,品牌15,32英寸,超高清,白色,8*1*1,4,DO74H,克里斯,收货,上架
MoHc27BlWh,白色 品牌09 270 鼠标（蓝牙）,鼠标,品牌09,270,蓝牙,白色,16*10*1,136,DL26B,莎拉,收货,上架
PeNa50WaBl,黑色 品牌23 50 铅笔（水彩）,铅笔,品牌23,50,水彩,黑色,48*10*5,435,AL80G,大卫,收货,上架
AlOv14i5Wh,白色 品牌13 14英寸 一体机（第5代处理器）,一体机,品牌13,14英寸,第5代处理器,白色,16*1*1,15,AT30H,克里斯,收货,上架
PrPHA3LaGr,灰色 品牌12 三号纸 打印机（激光）,打印机,品牌12,三号纸,激光,灰色,16*1*1,16,BI08B,克里斯,收货,上架
TVEs50FHBl,黑色 品牌32 50英寸 电视机（全高清）,电视机,品牌32,50英寸,全高清,黑色,8*1*1,2,CL50E,亚历克斯,收货,上架
GaOGSHePi,粉色 品牌07 小号 游戏椅（头枕）,游戏椅,品牌07,小号,头枕,粉色,16*1*1,11,DW59D,克里斯,收货,上架
KeHc45MePi,粉色 品牌09 450 键盘（机械式）,键盘,品牌09,450,机械式,粉色,16*10*1,56,CT47D,亚历克斯,收货,上架
NoMuA4doSi,银色 品牌19 四号纸 笔记本（点阵）,笔记本,品牌19,四号纸,点阵,银色,48*10*5,2349,DI85H,艾米,收货,上架
TVGn32FHWh,白色 品牌30 32英寸 电视机（全高清）,电视机,品牌30,32英寸,全高清,白色,8*1*1,4,AY09H,莎拉,收货,上架
PrReA3LaMi,混合色 品牌24 三号纸 打印机（激光）,打印机,品牌24,三号纸,激光,混合色,16*1*1,10,AN64H,莎拉,收货,上架
SPAl12SoPi,粉色 品牌20 12 触控笔（可溶性）,触控笔,品牌20,12,可溶性,粉色,48*10*5,1229,BR84D,约翰,收货,上架
TVYn42SFWh,白色 品牌15 42英寸 电视机（超级全高清）,电视机,品牌15,42英寸,超级全高清,白色,8*1*1,7,AS32F,简,收货,上架
TVEs75FHWh,白色 品牌32 75英寸 电视机（全高清）,电视机,品牌32,75英寸,全高清,白色,8*1*1,2,CV45H,大卫,收货,上架
CaQE90DoBl,黑色 品牌01 900 文件柜（带门式）,文件柜,品牌01,900,带门式,黑色,8*1*1,1,CQ14G,克里斯,收货,上架
AlPH158GWh,白色 品牌12 15英寸 一体机（8吉字节内存）,一体机,品牌12,15英寸,8吉字节内存,白色,16*1*1,1,DH90C,约翰,收货,上架
CaTE12SlGr,灰色 品牌04 1200 文件柜（滑动式）,文件柜,品牌04,1200,滑动式,灰色,8*1*1,6,DW32G,克里斯,收货,上架
KePH35ErNa,藏青色 品牌12 350 键盘（人体工学）,键盘,品牌12,350,人体工学,藏青色,16*10*1,8,CM01B,迈克,收货,上架
PrReA2WiWh,白色 品牌24 二号纸 打印机（无线网络）,打印机,品牌24,二号纸,无线网络,白色,16*1*1,9,AU28B,大卫,收货,上架
AlSu17i7Si,银色 品牌11 17英寸 一体机（第7代处理器）,一体机,品牌11,17英寸,第7代处理器,银色,16*1*1,1,DZ72A,艾米,收货,上架
PeAl12HeWh,白色 品牌20 12 铅笔（六角形）,铅笔,品牌20,12,六角形,白色,48*10*5,483,AF82A,大卫,收货,上架
CaQE12DoBl,黑色 品牌01 1200 文件柜（带门式）,文件柜,品牌01,1200,带门式,黑色,8*1*1,5,DJ27H,迈克,收货,上架
PeGi24HeGr,灰色 品牌21 24 铅笔（六角形）,铅笔,品牌21,24,六角形,灰色,48*10*5,1130,AU58F,亚历克斯,收货,上架
AlOv158GGr,灰色 品牌13 15英寸 一体机（8吉字节内存）,一体机,品牌13,15英寸,8吉字节内存,灰色,16*1*1,8,BM07F,克里斯,收货,上架
GaOGLLeWh,白色 品牌07 大号 游戏椅（皮革）,游戏椅,品牌07,大号,皮革,白色,16*1*1,4,BU98F,约翰,收货,上架
CaRG90FiBl,黑色 品牌03 900 文件柜（文件收纳）,文件柜,品牌03,900,文件收纳,黑色,8*1*1,4,BH47B,克里斯,收货,上架
LaSu15i7Si,银色 品牌11 15英寸 笔记本电脑（第7代处理器）,笔记本电脑,品牌11,15英寸,第7代处理器,银色,16*1*1,9,DZ70F,莎拉,收货,上架
TaAE15FrWh,白色 品牌05 1500 桌子（框架式）,桌子,品牌05,1500,框架式,白色,8*1*1,1,AJ84D,艾米丽,收货,上架
GaOGMErPi,粉色 品牌07 中号 游戏椅（人体工学）,游戏椅,品牌07,中号,人体工学,粉色,16*1*1,14,BN33E,艾米丽,收货,上架
MoHc27WiPi,粉色 品牌09 270 鼠标（有线）,鼠标,品牌09,270,有线,粉色,16*10*1,2,CX64E,简,收货,上架
DrTE18DoBe,米色 品牌04 1800 抽屉柜（带门式）,抽屉柜,品牌04,1800,带门式,米色,8*1*1,5,AL37F,约翰,收货,上架
TaTR18WoGr,灰色 品牌28 1800 桌子（工作站）,桌子,品牌28,1800,工作站,灰色,8*1*1,7,BW56E,亚历克斯,收货,上架
TVYn42FHSi,银色 品牌15 42英寸 电视机（全高清）,电视机,品牌15,42英寸,全高清,银色,8*1*1,7,CX40C,迈克,收货,上架
GaOGMErWh,白色 品牌07 中号 游戏椅（人体工学）,游戏椅,品牌07,中号,人体工学,白色,16*1*1,6,DH42A,简,收货,上架
TaTR10AdWh,白色 品牌28 1000 桌子（可调节）,桌子,品牌28,1000,可调节,白色,8*1*1,4,AZ16E,大卫,收货,上架
AlPH17i5Gr,灰色 品牌12 17英寸 一体机（第5代处理器）,一体机,品牌12,17英寸,第5代处理器,灰色,16*1*1,7,DU67A,亚历克斯,收货,上架
OfOGMErBl,黑色 品牌07 中号 办公椅（人体工学）,办公椅,品牌07,中号,人体工学,黑色,16*1*1,10,AX03G,劳拉,收货,上架
LaOv15i5Si,银色 品牌13 15英寸 笔记本电脑（第5代处理器）,笔记本电脑,品牌13,15英寸,第5代处理器,银色,16*1*1,8,AU06G,劳拉,收货,上架
OfAESErPi,粉色 品牌05 小号 办公椅（人体工学）,办公椅,品牌05,小号,人体工学,粉色,16*1*1,5,BW13C,克里斯,收货,上架
PeGi12WaBl,黑色 品牌21 12 铅笔（水彩）,铅笔,品牌21,12,水彩,黑色,48*10*5,1181,DI01A,艾米,收货,上架
PrReA2MoMi,混合色 品牌24 二号纸 打印机（黑白）,打印机,品牌24,二号纸,黑白,混合色,16*1*1,12,BL19A,迈克,收货,上架
SPNa24SoPi,粉色 品牌23 24 触控笔（可溶性）,触控笔,品牌23,24,可溶性,粉色,48*10*5,765,CJ70E,艾米,收货,上架
CaQE18FiBl,黑色 品牌01 1800 文件柜（文件收纳）,文件柜,品牌01,1800,文件收纳,黑色,8*1*1,2,CI30F,克里斯,收货,上架
CaQE18FiWh,白色 品牌01 1800 文件柜（文件收纳）,文件柜,品牌01,1800,文件收纳,白色,8*1*1,1,DR28H,克里斯,收货,上架
GaAESErGr,灰色 品牌05 小号 游戏椅（人体工学）,游戏椅,品牌05,小号,人体工学,灰色,16*1*1,6,CN96D,克里斯,收货,上架
PrSoA2AlGr,灰色 品牌25 二号纸 打印机（一体式）,打印机,品牌25,二号纸,一体式,灰色,16*1*1,15,BK83H,艾米丽,收货,上架
TVYn424KSi,银色 品牌15 42英寸 电视机（超高清）,电视机,品牌15,42英寸,超高清,银色,8*1*1,4,AI09G,简,收货,上架
CuTE18FiGr,灰色 品牌04 1800 储物柜（文件收纳）,储物柜,品牌04,1800,文件收纳,灰色,8*1*1,2,BN23H,迈克,收货,上架
SPRe12SoBl,黑色 品牌22 12 触控笔（可溶性）,触控笔,品牌22,12,可溶性,黑色,48*10*5,1099,DJ56E,莎拉,收货,上架
PeAl24SoGr,灰色 品牌20 24 铅笔（可溶性）,铅笔,品牌20,24,可溶性,灰色,48*10*5,2069,CW09A,约翰,收货,上架
TVGL754KWh,白色 品牌31 75英寸 电视机（超高清）,电视机,品牌31,75英寸,超高清,白色,8*1*1,1,CK45A,简,收货,上架
CaWE18LoBl,黑色 品牌02 1800 文件柜（储物锁柜）,文件柜,品牌02,1800,储物锁柜,黑色,8*1*1,7,CQ39B,克里斯,收货,上架
AlRe178GBl,黑色 品牌14 17英寸 一体机（8吉字节内存）,一体机,品牌14,17英寸,8吉字节内存,黑色,16*1*1,5,AY84H,克里斯,收货,上架
DrTE90DoBl,黑色 品牌04 900 抽屉柜（带门式）,抽屉柜,品牌04,900,带门式,黑色,8*1*1,8,BN60D,莎拉,收货,上架
CaRG90FiWh,白色 品牌03 900 文件柜（文件收纳）,文件柜,品牌03,900,文件收纳,白色,8*1*1,7,AV98A,艾米,收货,上架
OfAESLeGr,灰色 品牌05 小号 办公椅（皮革）,办公椅,品牌05,小号,皮革,灰色,16*1*1,1,AT18G,亚历克斯,收货,上架
KePH35ErPi,粉色 品牌12 350 键盘（人体工学）,键盘,品牌12,350,人体工学,粉色,16*10*1,57,BP24H,克里斯,收货,上架
TVGL324KSi,银色 品牌31 32英寸 电视机（超高清）,电视机,品牌31,32英寸,超高清,银色,8*1*1,1,BI96C,劳拉,收货,上架
OfSEMHeBl,黑色 品牌08 中号 办公椅（头枕）,办公椅,品牌08,中号,头枕,黑色,16*1*1,13,BK42F,莎拉,收货,上架
TVEs654KWh,白色 品牌32 65英寸 电视机（超高清）,电视机,品牌32,65英寸,超高清,白色,8*1*1,3,DY52C,克里斯,收货,上架
LaYn17i7Gr,灰色 品牌15 17英寸 笔记本电脑（第7代处理器）,笔记本电脑,品牌15,17英寸,第7代处理器,灰色,16*1*1,16,DM79C,亚历克斯,收货,上架
GaAELErPi,粉色 品牌05 大号 游戏椅（人体工学）,游戏椅,品牌05,大号,人体工学,粉色,16*1*1,5,AU43G,劳拉,收货,上架
KePH35BlPi,粉色 品牌12 350 键盘（蓝牙）,键盘,品牌12,350,蓝牙,粉色,16*10*1,106,AZ74B,劳拉,收货,上架
KeRe45BlPi,粉色 品牌10 450 键盘（蓝牙）,键盘,品牌10,450,蓝牙,粉色,16*10*1,69,AW96C,简,收货,上架
CaTE90FiGr,灰色 品牌04 900 文件柜（文件收纳）,文件柜,品牌04,900,文件收纳,灰色,8*1*1,4,DO93D,艾米丽,收货,上架
TaCI10AdGr,灰色 品牌27 1000 桌子（可调节）,桌子,品牌27,1000,可调节,灰色,8*1*1,3,AK14E,亚历克斯,收货,上架
AlOv148GWh,白色 品牌13 14英寸 一体机（8吉字节内存）,一体机,品牌13,14英寸,8吉字节内存,白色,16*1*1,2,CH86F,艾米丽,收货,上架
CuQE18DoBe,米色 品牌01 1800 储物柜（带门式）,储物柜,品牌01,1800,带门式,米色,8*1*1,4,AR76E,亚历克斯,收货,上架
CuWE12LoBl,黑色 品牌02 1200 储物柜（储物锁柜）,储物柜,品牌02,1200,储物锁柜,黑色,8*1*1,5,DH90H,约翰,收货,上架
PrNoA2InBl,黑色 品牌26 二号纸 打印机（喷墨）,打印机,品牌26,二号纸,喷墨,黑色,16*1*1,5,DO42E,约翰,收货,上架
TVGL32SFBl,黑色 品牌31 32英寸 电视机（超级全高清）,电视机,品牌31,32英寸,超级全高清,黑色,8*1*1,6,AH47C,艾米,收货,上架
PrPHA2MoBl,黑色 品牌12 二号纸 打印机（黑白）,打印机,品牌12,二号纸,黑白,黑色,16*1*1,11,CW81E,约翰,收货,上架
GaSESErBl,黑色 品牌08 小号 游戏椅（人体工学）,游戏椅,品牌08,小号,人体工学,黑色,16*1*1,16,BN91A,艾米丽,收货,上架
TaAE18AuBl,黑色 品牌05 1800 桌子（自动调节）,桌子,品牌05,1800,自动调节,黑色,8*1*1,5,DU84B,艾米丽,收货,上架
CaRG90LoWh,白色 品牌03 900 文件柜（储物锁柜）,文件柜,品牌03,900,储物锁柜,白色,8*1*1,3,AW10B,艾米,收货,上架
PrSoA2MoGr,灰色 品牌25 二号纸 打印机（黑白）,打印机,品牌25,二号纸,黑白,灰色,16*1*1,9,AT80C,克里斯,收货,上架
TaTR10WoBl,黑色 品牌28 1000 桌子（工作站）,桌子,品牌28,1000,工作站,黑色,8*1*1,2,AU04H,艾米丽,收货,上架
MoSu35ErPi,粉色 品牌11 350 鼠标（人体工学）,鼠标,品牌11,350,人体工学,粉色,16*10*1,96,DW06H,迈克,收货,上架
MoRe35BlNa,藏青色 品牌10 350 鼠标（蓝牙）,鼠标,品牌10,350,蓝牙,藏青色,16*10*1,70,CK03F,简,收货,上架
GaOGSLeBl,黑色 品牌07 小号 游戏椅（皮革）,游戏椅,品牌07,小号,皮革,黑色,16*1*1,15,CL21B,大卫,收货,上架
KeSu45WiWh,白色 品牌11 450 键盘（有线）,键盘,品牌11,450,有线,白色,16*10*1,107,AR89B,亚历克斯,收货,上架
LaYn17i7Wh,白色 品牌15 17英寸 笔记本电脑（第7代处理器）,笔记本电脑,品牌15,17英寸,第7代处理器,白色,16*1*1,15,AM40F,简,收货,上架
AlOv15i7Gr,灰色 品牌13 15英寸 一体机（第7代处理器）,一体机,品牌13,15英寸,第7代处理器,灰色,16*1*1,4,AI50F,克里斯,收货,上架
PrSoA2AlGr,灰色 品牌25 二号纸 打印机（一体式）,打印机,品牌25,二号纸,一体式,灰色,16*1*1,3,BO76E,迈克,收货,上架
LaYn17i7Si,银色 品牌15 17英寸 笔记本电脑（第7代处理器）,笔记本电脑,品牌15,17英寸,第7代处理器,银色,16*1*1,12,BI49D,克里斯,收货,上架
GaSEMHeWh,白色 品牌08 中号 游戏椅（头枕）,游戏椅,品牌08,中号,头枕,白色,16*1*1,9,BY04A,大卫,收货,上架
DrWE18LoBl,黑色 品牌02 1800 抽屉柜（储物锁柜）,抽屉柜,品牌02,1800,储物锁柜,黑色,8*1*1,1,BM35G,劳拉,收货,上架
AlSu15i7Bl,黑色 品牌11 15英寸 一体机（第7代处理器）,一体机,品牌11,15英寸,第7代处理器,黑色,16*1*1,16,DU39H,约翰,收货,上架
DrWE90DoBl,黑色 品牌02 900 抽屉柜（带门式）,抽屉柜,品牌02,900,带门式,黑色,8*1*1,6,AN47D,艾米,收货,上架
TVEs42S4Wh,白色 品牌32 42英寸 电视机（超级超高清）,电视机,品牌32,42英寸,超级超高清,白色,8*1*1,8,DG55A,迈克,收货,上架
OfAESAdWh,白色 品牌05 小号 办公椅（可调节）,办公椅,品牌05,小号,可调节,白色,16*1*1,5,DT71H,克里斯,收货,上架
AlPH1516Si,银色 品牌12 15英寸 一体机（16吉字节内存）,一体机,品牌12,15英寸,16吉字节内存,银色,16*1*1,4,DO07C,克里斯,收货,上架
PrPHA4MoGr,灰色 品牌12 四号纸 打印机（黑白）,打印机,品牌12,四号纸,黑白,灰色,16*1*1,9,DT27F,约翰,收货,上架
MoHc45WiNa,藏青色 品牌09 450 鼠标（有线）,鼠标,品牌09,450,有线,藏青色,16*10*1,47,DR77F,克里斯,收货,上架
LaSu15i5Wh,白色 品牌11 15英寸 笔记本电脑（第5代处理器）,笔记本电脑,品牌11,15英寸,第5代处理器,白色,16*1*1,2,AV11F,简,收货,上架
TVGn32FHBl,黑色 品牌30 32英寸 电视机（全高清）,电视机,品牌30,32英寸,全高清,黑色,8*1*1,1,CX24E,简,收货,上架
SPGi12SoBl,黑色 品牌21 12 触控笔（可溶性）,触控笔,品牌21,12,可溶性,黑色,48*10*5,1108,BJ40F,艾米丽,收货,上架
GaSEMErBl,黑色 品牌08 中号 游戏椅（人体工学）,游戏椅,品牌08,中号,人体工学,黑色,16*1*1,2,DX15E,简,收货,上架
AlRe15i7Bl,黑色 品牌14 15英寸 一体机（第7代处理器）,一体机,品牌14,15英寸,第7代处理器,黑色,16*1*1,4,CT47H,克里斯,收货,上架
OfXELErGr,灰色 品牌06 大号 办公椅（人体工学）,办公椅,品牌06,大号,人体工学,灰色,16*1*1,12,BJ29A,艾米丽,收货,上架
PrNoA2WiMi,混合色 品牌26 二号纸 打印机（无线网络）,打印机,品牌26,二号纸,无线网络,混合色,16*1*1,4,CQ34D,艾米丽,收货,上架
NoMuA5ruGr,灰色 品牌19 五号纸 笔记本（横线）,笔记本,品牌19,五号纸,横线,灰色,48*10*5,2037,BG74A,亚历克斯,收货,上架
OfXEMAdGr,灰色 品牌06 中号 办公椅（可调节）,办公椅,品牌06,中号,可调节,灰色,16*1*1,5,DL85A,大卫,收货,上架
KePH45MeNa,藏青色 品牌12 450 键盘（机械式）,键盘,品牌12,450,机械式,藏青色,16*10*1,152,BG97G,简,收货,上架
NoMuA3doSi,银色 品牌19 三号纸 笔记本（点阵）,笔记本,品牌19,三号纸,点阵,银色,48*10*5,934,BO15B,迈克,收货,上架
TaCI10FrGr,灰色 品牌27 1000 桌子（框架式）,桌子,品牌27,1000,框架式,灰色,8*1*1,5,AR88B,艾米,收货,上架
TVGL50S4Bl,黑色 品牌31 50英寸 电视机（超级超高清）,电视机,品牌31,50英寸,超级超高清,黑色,8*1*1,1,CL48A,迈克,收货,上架
OfOGLLeBl,黑色 品牌07 大号 办公椅（皮革）,办公椅,品牌07,大号,皮革,黑色,16*1*1,15,DM76D,劳拉,收货,上架
PeGi50SoBl,黑色 品牌21 50 铅笔（可溶性）,铅笔,品牌21,50,可溶性,黑色,48*10*5,1648,AR54B,迈克,收货,上架
OfOGSAdPi,粉色 品牌07 小号 办公椅（可调节）,办公椅,品牌07,小号,可调节,粉色,16*1*1,8,DU46H,约翰,收货,上架
AlSu148GGr,灰色 品牌11 14英寸 一体机（8吉字节内存）,一体机,品牌11,14英寸,8吉字节内存,灰色,16*1*1,12,BM81C,艾米丽,收货,上架
AlRe15i7Bl,黑色 品牌14 15英寸 一体机（第7代处理器）,一体机,品牌14,15英寸,第7代处理器,黑色,16*1*1,14,DQ32H,约翰,收货,上架
DrQE12FiBl,黑色 品牌01 1200 抽屉柜（文件收纳）,抽屉柜,品牌01,1200,文件收纳,黑色,8*1*1,7,CO54F,艾米丽,收货,上架
AlYn1732Bl,黑色 品牌15 17英寸 一体机（32吉字节内存）,一体机,品牌15,17英寸,32吉字节内存,黑色,16*1*1,4,DR85B,劳拉,收货,上架
TVYn424KBl,黑色 品牌15 42英寸 电视机（超高清）,电视机,品牌15,42英寸,超高清,黑色,8*1*1,7,DS06E,莎拉,收货,上架
LaOv1516Si,银色 品牌13 15英寸 笔记本电脑（16吉字节内存）,笔记本电脑,品牌13,15英寸,16吉字节内存,银色,16*1*1,1,CX27A,迈克,收货,上架
PrReA2LaGr,灰色 品牌24 二号纸 打印机（激光）,打印机,品牌24,二号纸,激光,灰色,16*1*1,12,DJ92C,劳拉,收货,上架
GaSEMAdGr,灰色 品牌08 中号 游戏椅（可调节）,游戏椅,品牌08,中号,可调节,灰色,16*1*1,1,BI56D,艾米,收货,上架
AlOv15i5Si,银色 品牌13 15英寸 一体机（第5代处理器）,一体机,品牌13,15英寸,第5代处理器,银色,16*1*1,4,BJ79B,大卫,收货,上架
TaCI10WoWh,白色 品牌27 1000 桌子（工作站）,桌子,品牌27,1000,工作站,白色,8*1*1,8,AP61H,克里斯,收货,上架
PrReA2MoBl,黑色 品牌24 二号纸 打印机（黑白）,打印机,品牌24,二号纸,黑白,黑色,16*1*1,5,CY09B,亚历克斯,收货,上架
DrWE12SlBe,米色 品牌02 1200 抽屉柜（滑动式）,抽屉柜,品牌02,1200,滑动式,米色,8*1*1,3,BJ04D,劳拉,收货,上架
TaAE15AdSi,银色 品牌05 1500 桌子（可调节）,桌子,品牌05,1500,可调节,银色,8*1*1,8,BQ57A,约翰,收货,上架
LaPH15i5Bl,黑色 品牌12 15英寸 笔记本电脑（第5代处理器）,笔记本电脑,品牌12,15英寸,第5代处理器,黑色,16*1*1,5,AJ17C,约翰,收货,上架
AlPH178GGr,灰色 品牌12 17英寸 一体机（8吉字节内存）,一体机,品牌12,17英寸,8吉字节内存,灰色,16*1*1,12,DG53F,劳拉,收货,上架
PrPHA3LaWh,白色 品牌12 三号纸 打印机（激光）,打印机,品牌12,三号纸,激光,白色,16*1*1,10,CV72E,亚历克斯,收货,上架
AlYn1516Bl,黑色 品牌15 15英寸 一体机（16吉字节内存）,一体机,品牌15,15英寸,16吉字节内存,黑色,16*1*1,10,BW08H,简,收货,上架
AlOv15i5Bl,黑色 品牌13 15英寸 一体机（第5代处理器）,一体机,品牌13,15英寸,第5代处理器,黑色,16*1*1,4,CL58G,简,收货,上架
PrReA3InWh,白色 品牌24 三号纸 打印机（喷墨）,打印机,品牌24,三号纸,喷墨,白色,16*1*1,9,BS45D,艾米丽,收货,上架
LaYn15i7Gr,灰色 品牌15 15英寸 笔记本电脑（第7代处理器）,笔记本电脑,品牌15,15英寸,第7代处理器,灰色,16*1*1,3,DU48A,迈克,收货,上架
SPNa12HePi,粉色 品牌23 12 触控笔（六角形）,触控笔,品牌23,12,六角形,粉色,48*10*5,2056,CI36A,艾米丽,收货,上架
CuRG12SlGr,灰色 品牌03 1200 储物柜（滑动式）,储物柜,品牌03,1200,滑动式,灰色,8*1*1,8,BQ65A,克里斯,收货,上架
GaXEMHeBl,黑色 品牌06 中号 游戏椅（头枕）,游戏椅,品牌06,中号,头枕,黑色,16*1*1,4,AI95D,艾米,收货,上架
DrRG18DoBe,米色 品牌03 1800 抽屉柜（带门式）,抽屉柜,品牌03,1800,带门式,米色,8*1*1,4,AZ93D,大卫,收货,上架
LaYn15i5Gr,灰色 品牌15 15英寸 笔记本电脑（第5代处理器）,笔记本电脑,品牌15,15英寸,第5代处理器,灰色,16*1*1,14,DL08A,劳拉,收货,上架
TaCI15AdSi,银色 品牌27 1500 桌子（可调节）,桌子,品牌27,1500,可调节,银色,8*1*1,8,BQ63A,劳拉,收货,上架
TVGL654KBl,黑色 品牌31 65英寸 电视机（超高清）,电视机,品牌31,65英寸,超高清,黑色,8*1*1,6,BJ21A,约翰,收货,上架
LaRe1732Wh,白色 品牌14 17英寸 笔记本电脑（32吉字节内存）,笔记本电脑,品牌14,17英寸,32吉字节内存,白色,16*1*1,11,AG49H,迈克,收货,上架
PeAl50WaWh,白色 品牌20 50 铅笔（水彩）,铅笔,品牌20,50,水彩,白色,48*10*5,1999,AF11D,莎拉,收货,上架
MoPH45WiNa,藏青色 品牌12 450 鼠标（有线）,鼠标,品牌12,450,有线,藏青色,16*10*1,149,DJ78A,迈克,收货,上架
KePH27BlBl,黑色 品牌12 270 键盘（蓝牙）,键盘,品牌12,270,蓝牙,黑色,16*10*1,118,CI37B,艾米,收货,上架
TVEs65SFBl,黑色 品牌32 65英寸 电视机（超级全高清）,电视机,品牌32,65英寸,超级全高清,黑色,8*1*1,2,BR40B,大卫,收货,上架
OfXEMAdBl,黑色 品牌06 中号 办公椅（可调节）,办公椅,品牌06,中号,可调节,黑色,16*1*1,9,DY25H,大卫,收货,上架
CuWE90LoWh,白色 品牌02 900 储物柜（储物锁柜）,储物柜,品牌02,900,储物锁柜,白色,8*1*1,2,CO18E,莎拉,收货,上架
PeNa50HePi,粉色 品牌23 50 铅笔（六角形）,铅笔,品牌23,50,六角形,粉色,48*10*5,674,CN64B,艾米,收货,上架
DrRG90FiBl,黑色 品牌03 900 抽屉柜（文件收纳）,抽屉柜,品牌03,900,文件收纳,黑色,8*1*1,4,DM26D,约翰,收货,上架
CuQE12DoBl,黑色 品牌01 1200 储物柜（带门式）,储物柜,品牌01,1200,带门式,黑色,8*1*1,6,CS67B,大卫,收货,上架
CuQE90DoGr,灰色 品牌01 900 储物柜（带门式）,储物柜,品牌01,900,带门式,灰色,8*1*1,3,AZ40C,亚历克斯,收货,上架
KeSu35WiNa,藏青色 品牌11 350 键盘（有线）,键盘,品牌11,350,有线,藏青色,16*10*1,89,AK56A,约翰,收货,上架
KeRe35MePi,粉色 品牌10 350 键盘（机械式）,键盘,品牌10,350,机械式,粉色,16*10*1,142,BM19E,克里斯,收货,上架
AlPH14i5Wh,白色 品牌12 14英寸 一体机（第5代处理器）,一体机,品牌12,14英寸,第5代处理器,白色,16*1*1,10,DK84A,艾米,收货,上架
SPAl24HeWh,白色 品牌20 24 触控笔（六角形）,触控笔,品牌20,24,六角形,白色,48*10*5,1747,BV33B,亚历克斯,收货,上架
MoRe45WiWh,白色 品牌10 450 鼠标（有线）,鼠标,品牌10,450,有线,白色,16*10*1,37,AY19B,亚历克斯,收货,上架
TVYn504KSi,银色 品牌15 50英寸 电视机（超高清）,电视机,品牌15,50英寸,超高清,银色,8*1*1,8,CX35G,约翰,收货,上架
PrPHA3InBl,黑色 品牌12 三号纸 打印机（喷墨）,打印机,品牌12,三号纸,喷墨,黑色,16*1*1,2,AP96C,简,收货,上架
CuWE90SlWh,白色 品牌02 900 储物柜（滑动式）,储物柜,品牌02,900,滑动式,白色,8*1*1,4,CS91D,莎拉,收货,上架
TVGL654KBl,黑色 品牌31 65英寸 电视机（超高清）,电视机,品牌31,65英寸,超高清,黑色,8*1*1,7,BO25G,简,收货,上架
NoScA3ruSi,银色 品牌17 三号纸 笔记本（横线）,笔记本,品牌17,三号纸,横线,银色,48*10*5,5,DR11G,莎拉,收货,上架
OfAEMLeWh,白色 品牌05 中号 办公椅（皮革）,办公椅,品牌05,中号,皮革,白色,16*1*1,16,CH75C,艾米,收货,上架
CuRG18SlGr,灰色 品牌03 1800 储物柜（滑动式）,储物柜,品牌03,1800,滑动式,灰色,8*1*1,8,BJ10G,劳拉,收货,上架
PrNoA2InMi,混合色 品牌26 二号纸 打印机（喷墨）,打印机,品牌26,二号纸,喷墨,混合色,16*1*1,16,AV90D,劳拉,收货,上架
TVGn32S4Wh,白色 品牌30 32英寸 电视机（超级超高清）,电视机,品牌30,32英寸,超级超高清,白色,8*1*1,8,DQ36G,大卫,收货,上架
KeSu35MeNa,藏青色 品牌11 350 键盘（机械式）,键盘,品牌11,350,机械式,藏青色,16*10*1,8,CH71D,迈克,收货,上架
NoScA5liWh,白色 品牌17 五号纸 笔记本（线条）,笔记本,品牌17,五号纸,线条,白色,48*10*5,839,DP19D,莎拉,收货,上架
TaAE18AdGr,灰色 品牌05 1800 桌子（可调节）,桌子,品牌05,1800,可调节,灰色,8*1*1,2,AL51D,迈克,收货,上架
OfOGMLeGr,灰色 品牌07 中号 办公椅（皮革）,办公椅,品牌07,中号,皮革,灰色,16*1*1,2,AG05H,克里斯,收货,上架
GaAESHeWh,白色 品牌05 小号 游戏椅（头枕）,游戏椅,品牌05,小号,头枕,白色,16*1*1,16,CT08F,大卫,收货,上架
DrTE12LoBe,米色 品牌04 1200 抽屉柜（储物锁柜）,抽屉柜,品牌04,1200,储物锁柜,米色,8*1*1,7,AH90E,迈克,收货,上架
CuWE12FiGr,灰色 品牌02 1200 储物柜（文件收纳）,储物柜,品牌02,1200,文件收纳,灰色,8*1*1,7,DQ85D,艾米丽,收货,上架
TaCI18AdBl,黑色 品牌27 1800 桌子（可调节）,桌子,品牌27,1800,可调节,黑色,8*1*1,1,AH95F,迈克,收货,上架
KePH45ErNa,藏青色 品牌12 450 键盘（人体工学）,键盘,品牌12,450,人体工学,藏青色,16*10*1,74,BO32F,迈克,收货,上架
GaSESLePi,粉色 品牌08 小号 游戏椅（皮革）,游戏椅,品牌08,小号,皮革,粉色,16*1*1,2,DI79E,莎拉,收货,上架
CaQE90FiBe,米色 品牌01 900 文件柜（文件收纳）,文件柜,品牌01,900,文件收纳,米色,8*1*1,7,DJ69H,约翰,收货,上架
TVGn424KGr,灰色 品牌30 42英寸 电视机（超高清）,电视机,品牌30,42英寸,超高清,灰色,8*1*1,8,DG20F,艾米丽,收货,上架
CuTE90FiBl,黑色 品牌04 900 储物柜（文件收纳）,储物柜,品牌04,900,文件收纳,黑色,8*1*1,1,DJ46A,约翰,收货,上架
PrSoA2AlGr,灰色 品牌25 二号纸 打印机（一体式）,打印机,品牌25,二号纸,一体式,灰色,16*1*1,16,DP26H,迈克,收货,上架
TVGL65SFWh,白色 品牌31 65英寸 电视机（超级全高清）,电视机,品牌31,65英寸,超级全高清,白色,8*1*1,3,CH50E,劳拉,收货,上架
DrWE90LoBl,黑色 品牌02 900 抽屉柜（储物锁柜）,抽屉柜,品牌02,900,储物锁柜,黑色,8*1*1,7,CZ34B,约翰,收货,上架
CuQE18SlGr,灰色 品牌01 1800 储物柜（滑动式）,储物柜,品牌01,1800,滑动式,灰色,8*1*1,6,CT12E,亚历克斯,收货,上架
DrWE18FiBe,米色 品牌02 1800 抽屉柜（文件收纳）,抽屉柜,品牌02,1800,文件收纳,米色,8*1*1,3,AI94H,大卫,收货,上架
NoExA4liBl,黑色 品牌16 四号纸 笔记本（线条）,笔记本,品牌16,四号纸,线条,黑色,48*10*5,505,BX68A,迈克,收货,上架
AlSu1432Si,银色 品牌11 14英寸 一体机（32吉字节内存）,一体机,品牌11,14英寸,32吉字节内存,银色,16*1*1,13,CF52B,亚历克斯,收货,上架
CaQE12LoBe,米色 品牌01 1200 文件柜（储物锁柜）,文件柜,品牌01,1200,储物锁柜,米色,8*1*1,3,AP08A,艾米,收货,上架
GaOGMHeWh,白色 品牌07 中号 游戏椅（头枕）,游戏椅,品牌07,中号,头枕,白色,16*1*1,6,DY32A,莎拉,收货,上架
CuRG12FiBe,米色 品牌03 1200 储物柜（文件收纳）,储物柜,品牌03,1200,文件收纳,米色,8*1*1,5,AF74H,简,收货,上架
KePH35ErWh,白色 品牌12 350 键盘（人体工学）,键盘,品牌12,350,人体工学,白色,16*10*1,40,BK25E,艾米,收货,上架
PrReA3InGr,灰色 品牌24 三号纸 打印机（喷墨）,打印机,品牌24,三号纸,喷墨,灰色,16*1*1,2,BT77H,艾米丽,收货,上架
KeSu35ErNa,藏青色 品牌11 350 键盘（人体工学）,键盘,品牌11,350,人体工学,藏青色,16*10*1,157,DZ51A,艾米丽,收货,上架
LaPH14i5Si,银色 品牌12 14英寸 笔记本电脑（第5代处理器）,笔记本电脑,品牌12,14英寸,第5代处理器,银色,16*1*1,8,AF86G,约翰,收货,上架
AlSu15i7Wh,白色 品牌11 15英寸 一体机（第7代处理器）,一体机,品牌11,15英寸,第7代处理器,白色,16*1*1,6,AI84D,亚历克斯,收货,上架
DrWE18LoBl,黑色 品牌02 1800 抽屉柜（储物锁柜）,抽屉柜,品牌02,1800,储物锁柜,黑色,8*1*1,1,DS02A,莎拉,收货,上架
MoRe45WiBl,黑色 品牌10 450 鼠标（有线）,鼠标,品牌10,450,有线,黑色,16*10*1,151,CN34A,迈克,收货,上架
TVEs754KGr,灰色 品牌32 75英寸 电视机（超高清）,电视机,品牌32,75英寸,超高清,灰色,8*1*1,5,AL03D,艾米,收货,上架
TaAE18WoSi,银色 品牌05 1800 桌子（工作站）,桌子,品牌05,1800,工作站,银色,8*1*1,6,DH81D,迈克,收货,上架
SPNa12HePi,粉色 品牌23 12 触控笔（六角形）,触控笔,品牌23,12,六角形,粉色,48*10*5,276,CL50E,莎拉,收货,上架
AlSu1516Si,银色 品牌11 15英寸 一体机（16吉字节内存）,一体机,品牌11,15英寸,16吉字节内存,银色,16*1*1,3,AL22E,亚历克斯,收货,上架
PrPHA4MoWh,白色 品牌12 四号纸 打印机（黑白）,打印机,品牌12,四号纸,黑白,白色,16*1*1,7,BH48C,艾米丽,收货,上架
NoGrA3liWh,白色 品牌18 三号纸 笔记本（线条）,笔记本,品牌18,三号纸,线条,白色,48*10*5,25,BY53E,劳拉,收货,上架
TVYn65S4Si,银色 品牌15 65英寸 电视机（超级超高清）,电视机,品牌15,65英寸,超级超高清,银色,8*1*1,1,DJ28F,迈克,收货,上架
TaTR15WoWh,白色 品牌28 1500 桌子（工作站）,桌子,品牌28,1500,工作站,白色,8*1*1,6,AX69E,艾米,收货,上架
TVGn654KWh,白色 品牌30 65英寸 电视机（超高清）,电视机,品牌30,65英寸,超高清,白色,8*1*1,2,DI58G,莎拉,收货,上架
AlOv15i7Bl,黑色 品牌13 15英寸 一体机（第7代处理器）,一体机,品牌13,15英寸,第7代处理器,黑色,16*1*1,9,DS05G,约翰,收货,上架
OfAEMAdPi,粉色 品牌05 中号 办公椅（可调节）,办公椅,品牌05,中号,可调节,粉色,16*1*1,3,AF83H,迈克,收货,上架
OfOGMErPi,粉色 品牌07 中号 办公椅（人体工学）,办公椅,品牌07,中号,人体工学,粉色,16*1*1,2,AR57C,约翰,收货,上架
DrWE18SlWh,白色 品牌02 1800 抽屉柜（滑动式）,抽屉柜,品牌02,1800,滑动式,白色,8*1*1,1,DS22C,简,收货,上架
CuTE12LoGr,灰色 品牌04 1200 储物柜（储物锁柜）,储物柜,品牌04,1200,储物锁柜,灰色,8*1*1,6,AV47H,亚历克斯,收货,上架
GaXESLeWh,白色 品牌06 小号 游戏椅（皮革）,游戏椅,品牌06,小号,皮革,白色,16*1*1,14,CM45E,迈克,收货,上架
GaXEMLeWh,白色 品牌06 中号 游戏椅（皮革）,游戏椅,品牌06,中号,皮革,白色,16*1*1,11,BZ92G,艾米,收货,上架
TVGn42FHWh,白色 品牌30 42英寸 电视机（全高清）,电视机,品牌30,42英寸,全高清,白色,8*1*1,7,CU75G,迈克,收货,上架
LaSu1732Wh,白色 品牌11 17英寸 笔记本电脑（32吉字节内存）,笔记本电脑,品牌11,17英寸,32吉字节内存,白色,16*1*1,13,AR08A,大卫,收货,上架
OfXESLePi,粉色 品牌06 小号 办公椅（皮革）,办公椅,品牌06,小号,皮革,粉色,16*1*1,2,AR88A,亚历克斯,收货,上架
PrNoA4LaGr,灰色 品牌26 四号纸 打印机（激光）,打印机,品牌26,四号纸,激光,灰色,16*1*1,8,AW10B,简,收货,上架
CaTE12FiBe,米色 品牌04 1200 文件柜（文件收纳）,文件柜,品牌04,1200,文件收纳,米色,8*1*1,2,CT61G,简,收货,上架
TVYn50S4Si,银色 品牌15 50英寸 电视机（超级超高清）,电视机,品牌15,50英寸,超级超高清,银色,8*1*1,3,CO31D,约翰,收货,上架
PrReA4InMi,混合色 品牌24 四号纸 打印机（喷墨）,打印机,品牌24,四号纸,喷墨,混合色,16*1*1,7,AG27H,迈克,收货,上架
TVYn32FHSi,银色 品牌15 32英寸 电视机（全高清）,电视机,品牌15,32英寸,全高清,银色,8*1*1,6,AH09F,克里斯,收货,上架
SPAl12HeWh,白色 品牌20 12 触控笔（六角形）,触控笔,品牌20,12,六角形,白色,48*10*5,858,CW23E,大卫,收货,上架
DrRG12FiWh,白色 品牌03 1200 抽屉柜（文件收纳）,抽屉柜,品牌03,1200,文件收纳,白色,8*1*1,2,DV63D,亚历克斯,收货,上架
LaSu158GSi,银色 品牌11 15英寸 笔记本电脑（8吉字节内存）,笔记本电脑,品牌11,15英寸,8吉字节内存,银色,16*1*1,15,AI65C,克里斯,收货,上架
TVGn50S4Si,银色 品牌30 50英寸 电视机（超级超高清）,电视机,品牌30,50英寸,超级超高清,银色,8*1*1,6,BG13G,大卫,收货,上架
TaAE15FrBl,黑色 品牌05 1500 桌子（框架式）,桌子,品牌05,1500,框架式,黑色,8*1*1,7,DO12B,艾米,收货,上架
DrTE12LoGr,灰色 品牌04 1200 抽屉柜（储物锁柜）,抽屉柜,品牌04,1200,储物锁柜,灰色,8*1*1,6,CV91E,迈克,收货,上架
CuRG90LoBl,黑色 品牌03 900 储物柜（储物锁柜）,储物柜,品牌03,900,储物锁柜,黑色,8*1*1,3,DG57A,艾米,收货,上架
AlOv1732Gr,灰色 品牌13 17英寸 一体机（32吉字节内存）,一体机,品牌13,17英寸,32吉字节内存,灰色,16*1*1,15,AL48C,约翰,收货,上架
KeHc45BlWh,白色 品牌09 450 键盘（蓝牙）,键盘,品牌09,450,蓝牙,白色,16*10*1,86,CW13B,劳拉,收货,上架
MoSu35ErBl,黑色 品牌11 350 鼠标（人体工学）,鼠标,品牌11,350,人体工学,黑色,16*10*1,80,DM30B,莎拉,收货,上架
AlPH1732Bl,黑色 品牌12 17英寸 一体机（32吉字节内存）,一体机,品牌12,17英寸,32吉字节内存,黑色,16*1*1,14,BO29B,简,收货,上架
LaSu1516Gr,灰色 品牌11 15英寸 笔记本电脑（16吉字节内存）,笔记本电脑,品牌11,15英寸,16吉字节内存,灰色,16*1*1,14,CO03E,约翰,收货,上架
LaSu1532Wh,白色 品牌11 15英寸 笔记本电脑（32吉字节内存）,笔记本电脑,品牌11,15英寸,32吉字节内存,白色,16*1*1,9,AL33B,艾米丽,收货,上架
DrTE90LoGr,灰色 品牌04 900 抽屉柜（储物锁柜）,抽屉柜,品牌04,900,储物锁柜,灰色,8*1*1,2,CK29D,迈克,收货,上架
AlRe17i7Bl,黑色 品牌14 17英寸 一体机（第7代处理器）,一体机,品牌14,17英寸,第7代处理器,黑色,16*1*1,4,BH29H,劳拉,收货,上架
CuRG12DoBe,米色 品牌03 1200 储物柜（带门式）,储物柜,品牌03,1200,带门式,米色,8*1*1,4,BG26D,约翰,收货,上架
GaOGSAdPi,粉色 品牌07 小号 游戏椅（可调节）,游戏椅,品牌07,小号,可调节,粉色,16*1*1,9,DI40F,艾米,收货,上架
TVEs32S4Gr,灰色 品牌32 32英寸 电视机（超级超高清）,电视机,品牌32,32英寸,超级超高清,灰色,8*1*1,7,CT13D,大卫,收货,上架
GaSESAdGr,灰色 品牌08 小号 游戏椅（可调节）,游戏椅,品牌08,小号,可调节,灰色,16*1*1,14,DG49E,艾米丽,收货,上架
DrTE12LoWh,白色 品牌04 1200 抽屉柜（储物锁柜）,抽屉柜,品牌04,1200,储物锁柜,白色,8*1*1,2,DJ96C,艾米,收货,上架
AlPH148GBl,黑色 品牌12 14英寸 一体机（8吉字节内存）,一体机,品牌12,14英寸,8吉字节内存,黑色,16*1*1,4,DX39F,克里斯,收货,上架
LaOv1432Si,银色 品牌13 14英寸 笔记本电脑（32吉字节内存）,笔记本电脑,品牌13,14英寸,32吉字节内存,银色,16*1*1,2,BO08C,大卫,收货,上架
CaTE90DoGr,灰色 品牌04 900 文件柜（带门式）,文件柜,品牌04,900,带门式,灰色,8*1*1,5,CI16D,克里斯,收货,上架
GaAESHeBl,黑色 品牌05 小号 游戏椅（头枕）,游戏椅,品牌05,小号,头枕,黑色,16*1*1,1,AG07H,克里斯,收货,上架
TVEs324KWh,白色 品牌32 32英寸 电视机（超高清）,电视机,品牌32,32英寸,超高清,白色,8*1*1,8,CG61D,克里斯,收货,上架
LaSu17i5Gr,灰色 品牌11 17英寸 笔记本电脑（第5代处理器）,笔记本电脑,品牌11,17英寸,第5代处理器,灰色,16*1*1,9,AO14C,迈克,收货,上架
LaPH1532Bl,黑色 品牌12 15英寸 笔记本电脑（32吉字节内存）,笔记本电脑,品牌12,15英寸,32吉字节内存,黑色,16*1*1,2,AH80E,简,收货,上架
MoPH27WiBl,黑色 品牌12 270 鼠标（有线）,鼠标,品牌12,270,有线,黑色,16*10*1,17,AJ94C,大卫,收货,上架
PeAl24SoWh,白色 品牌20 24 铅笔（可溶性）,铅笔,品牌20,24,可溶性,白色,48*10*5,96,CK66G,劳拉,收货,上架
MoSu27BlPi,粉色 品牌11 270 鼠标（蓝牙）,鼠标,品牌11,270,蓝牙,粉色,16*10*1,20,CG14H,迈克,收货,上架
TaTR10WoGr,灰色 品牌28 1000 桌子（工作站）,桌子,品牌28,1000,工作站,灰色,8*1*1,3,BW90E,劳拉,收货,上架
GaOGSErGr,灰色 品牌07 小号 游戏椅（人体工学）,游戏椅,品牌07,小号,人体工学,灰色,16*1*1,7,CV34A,简,收货,上架
NoMuA4ruBl,黑色 品牌19 四号纸 笔记本（横线）,笔记本,品牌19,四号纸,横线,黑色,48*10*5,2058,DS97H,约翰,收货,上架
AlYn14i5Gr,灰色 品牌15 14英寸 一体机（第5代处理器）,一体机,品牌15,14英寸,第5代处理器,灰色,16*1*1,5,DN85D,艾米丽,收货,上架
PrPHA3MoBl,黑色 品牌12 三号纸 打印机（黑白）,打印机,品牌12,三号纸,黑白,黑色,16*1*1,1,AO51A,劳拉,收货,上架
CaWE12SlWh,白色 品牌02 1200 文件柜（滑动式）,文件柜,品牌02,1200,滑动式,白色,8*1*1,4,CS41A,克里斯,收货,上架
CaWE90FiWh,白色 品牌02 900 文件柜（文件收纳）,文件柜,品牌02,900,文件收纳,白色,8*1*1,2,BX16F,迈克,收货,上架
LaPH1432Si,银色 品牌12 14英寸 笔记本电脑（32吉字节内存）,笔记本电脑,品牌12,14英寸,32吉字节内存,银色,16*1*1,9,CU50H,莎拉,收货,上架
CaQE18DoGr,灰色 品牌01 1800 文件柜（带门式）,文件柜,品牌01,1800,带门式,灰色,8*1*1,5,BW81G,大卫,收货,上架
AlRe14i5Gr,灰色 品牌14 14英寸 一体机（第5代处理器）,一体机,品牌14,14英寸,第5代处理器,灰色,16*1*1,6,AS06C,艾米,收货,上架
TaTR10AdGr,灰色 品牌29 1000 桌子（可调节）,桌子,品牌29,1000,可调节,灰色,8*1*1,6,AL63A,亚历克斯,收货,上架
LaRe158GWh,白色 品牌14 15英寸 笔记本电脑（8吉字节内存）,笔记本电脑,品牌14,15英寸,8吉字节内存,白色,16*1*1,14,CR08E,大卫,收货,上架
MoRe45WiNa,藏青色 品牌10 450 鼠标（有线）,鼠标,品牌10,450,有线,藏青色,16*10*1,109,BF06F,亚历克斯,收货,上架
CuTE90LoBl,黑色 品牌04 900 储物柜（储物锁柜）,储物柜,品牌04,900,储物锁柜,黑色,8*1*1,7,AH46E,艾米丽,收货,上架
CaWE18LoGr,灰色 品牌02 1800 文件柜（储物锁柜）,文件柜,品牌02,1800,储物锁柜,灰色,8*1*1,7,CH58A,艾米,收货,上架
KeSu27WiPi,粉色 品牌11 270 键盘（有线）,键盘,品牌11,270,有线,粉色,16*10*1,141,AR47H,大卫,收货,上架
PeAl24SoBl,黑色 品牌20 24 铅笔（可溶性）,铅笔,品牌20,24,可溶性,黑色,48*10*5,783,DG36D,艾米丽,收货,上架
KeHc45WiNa,藏青色 品牌09 450 键盘（有线）,键盘,品牌09,450,有线,藏青色,16*10*1,27,BU15F,简,收货,上架
TVGL50S4Gr,灰色 品牌31 50英寸 电视机（超级超高清）,电视机,品牌31,50英寸,超级超高清,灰色,8*1*1,5,AJ56A,艾米丽,收货,上架
AlSu178GBl,黑色 品牌11 17英寸 一体机（8吉字节内存）,一体机,品牌11,17英寸,8吉字节内存,黑色,16*1*1,3,CT51A,艾米,收货,上架
PrReA4MoWh,白色 品牌24 四号纸 打印机（黑白）,打印机,品牌24,四号纸,黑白,白色,16*1*1,6,CX86A,艾米丽,收货,上架
AlPH1432Bl,黑色 品牌12 14英寸 一体机（32吉字节内存）,一体机,品牌12,14英寸,32吉字节内存,黑色,16*1*1,14,DS15F,克里斯,收货,上架
KeRe45MeWh,白色 品牌10 450 键盘（机械式）,键盘,品牌10,450,机械式,白色,16*10*1,136,AJ95A,莎拉,收货,上架
CuTE18SlBl,黑色 品牌04 1800 储物柜（滑动式）,储物柜,品牌04,1800,滑动式,黑色,8*1*1,4,DS21B,亚历克斯,收货,上架
KePH35BlPi,粉色 品牌12 350 键盘（蓝牙）,键盘,品牌12,350,蓝牙,粉色,16*10*1,130,BR53E,迈克,收货,上架
TVGn75FHBl,黑色 品牌30 75英寸 电视机（全高清）,电视机,品牌30,75英寸,全高清,黑色,8*1*1,5,DZ84A,艾米,收货,上架
SPRe12SoBl,黑色 品牌22 12 触控笔（可溶性）,触控笔,品牌22,12,可溶性,黑色,48*10*5,1203,DX91B,艾米,收货,上架
NoGrA4doWh,白色 品牌18 四号纸 笔记本（点阵）,笔记本,品牌18,四号纸,点阵,白色,48*10*5,415,DY52D,艾米丽,收货,上架
LaRe17i5Gr,灰色 品牌14 17英寸 笔记本电脑（第5代处理器）,笔记本电脑,品牌14,17英寸,第5代处理器,灰色,16*1*1,10,BP52D,艾米丽,收货,上架
TVGn754KGr,灰色 品牌30 75英寸 电视机（超高清）,电视机,品牌30,75英寸,超高清,灰色,8*1*1,4,DX79F,艾米,收货,上架
OfXEMLeWh,白色 品牌06 中号 办公椅（皮革）,办公椅,品牌06,中号,皮革,白色,16*1*1,2,CV46B,简,收货,上架
CuTE12FiBl,黑色 品牌04 1200 储物柜（文件收纳）,储物柜,品牌04,1200,文件收纳,黑色,8*1*1,4,AO66G,约翰,收货,上架
LaOv1416Wh,白色 品牌13 14英寸 笔记本电脑（16吉字节内存）,笔记本电脑,品牌13,14英寸,16吉字节内存,白色,16*1*1,3,AL68C,亚历克斯,收货,上架
OfOGSHeWh,白色 品牌07 小号 办公椅（头枕）,办公椅,品牌07,小号,头枕,白色,16*1*1,12,CJ83E,艾米,收货,上架
NoGrA4ruWh,白色 品牌18 四号纸 笔记本（横线）,笔记本,品牌18,四号纸,横线,白色,48*10*5,538,DX86B,劳拉,收货,上架
KeSu35BlPi,粉色 品牌11 350 键盘（蓝牙）,键盘,品牌11,350,蓝牙,粉色,16*10*1,78,AS22H,艾米,收货,上架
KeHc27MeWh,白色 品牌09 270 键盘（机械式）,键盘,品牌09,270,机械式,白色,16*10*1,93,DS86F,莎拉,收货,上架
AlPH148GWh,白色 品牌12 14英寸 一体机（8吉字节内存）,一体机,品牌12,14英寸,8吉字节内存,白色,16*1*1,4,AJ61D,劳拉,收货,上架
GaXEMAdPi,粉色 品牌06 中号 游戏椅（可调节）,游戏椅,品牌06,中号,可调节,粉色,16*1*1,12,AH12G,约翰,收货,上架
SPNa24SoWh,白色 品牌23 24 触控笔（可溶性）,触控笔,品牌23,24,可溶性,白色,48*10*5,1209,AS71G,莎拉,收货,上架
TVGn65FHBl,黑色 品牌30 65英寸 电视机（全高清）,电视机,品牌30,65英寸,全高清,黑色,8*1*1,8,DW97C,约翰,收货,上架
CuQE12FiGr,灰色 品牌01 1200 储物柜（文件收纳）,储物柜,品牌01,1200,文件收纳,灰色,8*1*1,4,BP47D,大卫,收货,上架
OfSESErPi,粉色 品牌08 小号 办公椅（人体工学）,办公椅,品牌08,小号,人体工学,粉色,16*1*1,8,BU10G,迈克,收货,上架
PrPHA2LaMi,混合色 品牌12 二号纸 打印机（激光）,打印机,品牌12,二号纸,激光,混合色,16*1*1,15,DP80D,简,收货,上架
KeSu27ErPi,粉色 品牌11 270 键盘（人体工学）,键盘,品牌11,270,人体工学,粉色,16*10*1,104,AU69F,大卫,收货,上架
TaCI18FrWh,白色 品牌27 1800 桌子（框架式）,桌子,品牌27,1800,框架式,白色,8*1*1,3,DI68B,莎拉,收货,上架
AlPH1716Bl,黑色 品牌12 17英寸 一体机（16吉字节内存）,一体机,品牌12,17英寸,16吉字节内存,黑色,16*1*1,12,AJ49H,大卫,收货,上架
NoGrA4doGr,灰色 品牌18 四号纸 笔记本（点阵）,笔记本,品牌18,四号纸,点阵,灰色,48*10*5,177,DN94G,大卫,收货,上架
LaPH178GBl,黑色 品牌12 17英寸 笔记本电脑（8吉字节内存）,笔记本电脑,品牌12,17英寸,8吉字节内存,黑色,16*1*1,11,DK39G,大卫,收货,上架
MoRe27BlNa,藏青色 品牌10 270 鼠标（蓝牙）,鼠标,品牌10,270,蓝牙,藏青色,16*10*1,57,BO87E,约翰,收货,上架
TaTR15WoGr,灰色 品牌29 1500 桌子（工作站）,桌子,品牌29,1500,工作站,灰色,8*1*1,2,BY28H,克里斯,收货,上架
PrSoA3MoBl,黑色 品牌25 三号纸 打印机（黑白）,打印机,品牌25,三号纸,黑白,黑色,16*1*1,14,AT49E,艾米丽,收货,上架
OfAELHeGr,灰色 品牌05 大号 办公椅（头枕）,办公椅,品牌05,大号,头枕,灰色,16*1*1,14,DR98C,莎拉,收货,上架
PeAl50WaBl,黑色 品牌20 50 铅笔（水彩）,铅笔,品牌20,50,水彩,黑色,48*10*5,818,AO14B,迈克,收货,上架
AlOv148GGr,灰色 品牌13 14英寸 一体机（8吉字节内存）,一体机,品牌13,14英寸,8吉字节内存,灰色,16*1*1,10,AH20G,艾米丽,收货,上架
TVYn324KBl,黑色 品牌15 32英寸 电视机（超高清）,电视机,品牌15,32英寸,超高清,黑色,8*1*1,7,DG25H,艾米,收货,上架
PrNoA4MoMi,混合色 品牌26 四号纸 打印机（黑白）,打印机,品牌26,四号纸,黑白,混合色,16*1*1,14,CT56C,劳拉,收货,上架
LaOv17i7Bl,黑色 品牌13 17英寸 笔记本电脑（第7代处理器）,笔记本电脑,品牌13,17英寸,第7代处理器,黑色,16*1*1,11,BN63E,莎拉,收货,上架
PrSoA4WiBl,黑色 品牌25 四号纸 打印机（无线网络）,打印机,品牌25,四号纸,无线网络,黑色,16*1*1,16,AX60H,劳拉,收货,上架
KePH45MePi,粉色 品牌12 450 键盘（机械式）,键盘,品牌12,450,机械式,粉色,16*10*1,133,DW81E,艾米,收货,上架
PrNoA3WiWh,白色 品牌26 三号纸 打印机（无线网络）,打印机,品牌26,三号纸,无线网络,白色,16*1*1,15,AS06G,莎拉,收货,上架
PrNoA3WiGr,灰色 品牌26 三号纸 打印机（无线网络）,打印机,品牌26,三号纸,无线网络,灰色,16*1*1,15,AQ34H,简,收货,上架
CuTE90DoWh,白色 品牌04 900 储物柜（带门式）,储物柜,品牌04,900,带门式,白色,8*1*1,6,BW31A,大卫,收货,上架
DrRG90FiGr,灰色 品牌03 900 抽屉柜（文件收纳）,抽屉柜,品牌03,900,文件收纳,灰色,8*1*1,2,CH75H,大卫,收货,上架
PrReA3MoBl,黑色 品牌24 三号纸 打印机（黑白）,打印机,品牌24,三号纸,黑白,黑色,16*1*1,5,DK19E,劳拉,收货,上架
KeRe35MePi,粉色 品牌10 350 键盘（机械式）,键盘,品牌10,350,机械式,粉色,16*10*1,100,AK49F,莎拉,收货,上架
DrTE12DoBe,米色 品牌04 1200 抽屉柜（带门式）,抽屉柜,品牌04,1200,带门式,米色,8*1*1,2,CH07E,亚历克斯,收货,上架
DrTE90LoBe,米色 品牌04 900 抽屉柜（储物锁柜）,抽屉柜,品牌04,900,储物锁柜,米色,8*1*1,6,BS11B,克里斯,收货,上架
OfOGSHeBl,黑色 品牌07 小号 办公椅（头枕）,办公椅,品牌07,小号,头枕,黑色,16*1*1,13,DQ10A,克里斯,收货,上架
AlSu17i7Gr,灰色 品牌11 17英寸 一体机（第7代处理器）,一体机,品牌11,17英寸,第7代处理器,灰色,16*1*1,10,CR46B,亚历克斯,收货,上架
DrTE90LoBe,米色 品牌04 900 抽屉柜（储物锁柜）,抽屉柜,品牌04,900,储物锁柜,米色,8*1*1,6,CI76E,莎拉,收货,上架
AlSu17i5Si,银色 品牌11 17英寸 一体机（第5代处理器）,一体机,品牌11,17英寸,第5代处理器,银色,16*1*1,9,DF33D,大卫,收货,上架
AlYn15i7Wh,白色 品牌15 15英寸 一体机（第7代处理器）,一体机,品牌15,15英寸,第7代处理器,白色,16*1*1,14,DQ65A,劳拉,收货,上架
TaTR15WoGr,灰色 品牌28 1500 桌子（工作站）,桌子,品牌28,1500,工作站,灰色,8*1*1,2,BH90A,艾米,收货,上架
TVGn50FHSi,银色 品牌30 50英寸 电视机（全高清）,电视机,品牌30,50英寸,全高清,银色,8*1*1,5,AK93C,克里斯,收货,上架
LaRe14i5Gr,灰色 品牌14 14英寸 笔记本电脑（第5代处理器）,笔记本电脑,品牌14,14英寸,第5代处理器,灰色,16*1*1,7,DP55C,克里斯,收货,上架
TVEs65S4Gr,灰色 品牌32 65英寸 电视机（超级超高清）,电视机,品牌32,65英寸,超级超高清,灰色,8*1*1,8,BG33B,艾米,收货,上架
PrNoA4LaMi,混合色 品牌26 四号纸 打印机（激光）,打印机,品牌26,四号纸,激光,混合色,16*1*1,13,DR66H,劳拉,收货,上架
NoMuA5doGr,灰色 品牌19 五号纸 笔记本（点阵）,笔记本,品牌19,五号纸,点阵,灰色,48*10*5,484,BM17E,约翰,收货,上架
NoGrA3doGr,灰色 品牌18 三号纸 笔记本（点阵）,笔记本,品牌18,三号纸,点阵,灰色,48*10*5,1859,BX36H,劳拉,收货,上架
TaCI10AdSi,银色 品牌27 1000 桌子（可调节）,桌子,品牌27,1000,可调节,银色,8*1*1,8,DK42D,简,收货,上架
TaTR10FrSi,银色 品牌28 1000 桌子（框架式）,桌子,品牌28,1000,框架式,银色,8*1*1,2,CK34B,约翰,收货,上架
MoPH27BlBl,黑色 品牌12 270 鼠标（蓝牙）,鼠标,品牌12,270,蓝牙,黑色,16*10*1,46,AV63D,艾米丽,收货,上架
TVYn65S4Bl,黑色 品牌15 65英寸 电视机（超级超高清）,电视机,品牌15,65英寸,超级超高清,黑色,8*1*1,5,CU82B,艾米,收货,上架
AlPH1732Si,银色 品牌12 17英寸 一体机（32吉字节内存）,一体机,品牌12,17英寸,32吉字节内存,银色,16*1*1,10,BN17H,简,收货,上架
OfOGMLePi,粉色 品牌07 中号 办公椅（皮革）,办公椅,品牌07,中号,皮革,粉色,16*1*1,14,BM35F,艾米丽,收货,上架
LaOv1432Gr,灰色 品牌13 14英寸 笔记本电脑（32吉字节内存）,笔记本电脑,品牌13,14英寸,32吉字节内存,灰色,16*1*1,11,DV66A,迈克,收货,上架
AlPH1432Si,银色 品牌12 14英寸 一体机（32吉字节内存）,一体机,品牌12,14英寸,32吉字节内存,银色,16*1*1,8,AL62C,大卫,收货,上架
AlSu1532Wh,白色 品牌11 15英寸 一体机（32吉字节内存）,一体机,品牌11,15英寸,32吉字节内存,白色,16*1*1,2,AT69B,艾米,收货,上架
LaRe14i7Gr,灰色 品牌14 14英寸 笔记本电脑（第7代处理器）,笔记本电脑,品牌14,14英寸,第7代处理器,灰色,16*1*1,7,DQ88D,约翰,收货,上架
CaWE18LoWh,白色 品牌02 1800 文件柜（储物锁柜）,文件柜,品牌02,1800,储物锁柜,白色,8*1*1,8,AI30E,艾米,收货,上架
OfSESLeBl,黑色 品牌08 小号 办公椅（皮革）,办公椅,品牌08,小号,皮革,黑色,16*1*1,12,BZ83G,莎拉,收货,上架
KeSu35BlPi,粉色 品牌11 350 键盘（蓝牙）,键盘,品牌11,350,蓝牙,粉色,16*10*1,5,BX09C,莎拉,收货,上架
TaAE15FrSi,银色 品牌05 1500 桌子（框架式）,桌子,品牌05,1500,框架式,银色,8*1*1,8,CK87G,莎拉,收货,上架
KeRe27ErWh,白色 品牌10 270 键盘（人体工学）,键盘,品牌10,270,人体工学,白色,16*10*1,35,AQ58E,艾米丽,收货,上架
TaCI15AuSi,银色 品牌27 1500 桌子（自动调节）,桌子,品牌27,1500,自动调节,银色,8*1*1,2,BR91A,艾米,收货,上架
TVGn65SFWh,白色 品牌30 65英寸 电视机（超级全高清）,电视机,品牌30,65英寸,超级全高清,白色,8*1*1,7,AU28E,亚历克斯,收货,上架
KeHc27ErNa,藏青色 品牌09 270 键盘（人体工学）,键盘,品牌09,270,人体工学,藏青色,16*10*1,119,CY36G,艾米,收货,上架
NoMuA3liSi,银色 品牌19 三号纸 笔记本（线条）,笔记本,品牌19,三号纸,线条,银色,48*10*5,1642,DO83A,艾米丽,收货,上架
CuRG12FiGr,灰色 品牌03 1200 储物柜（文件收纳）,储物柜,品牌03,1200,文件收纳,灰色,8*1*1,4,CL76F,莎拉,收货,上架
PeNa12HeGr,灰色 品牌23 12 铅笔（六角形）,铅笔,品牌23,12,六角形,灰色,48*10*5,480,BU97B,亚历克斯,收货,上架
PeNa12WaGr,灰色 品牌23 12 铅笔（水彩）,铅笔,品牌23,12,水彩,灰色,48*10*5,11,CZ02C,克里斯,收货,上架
NoScA4ruGr,灰色 品牌17 四号纸 笔记本（横线）,笔记本,品牌17,四号纸,横线,灰色,48*10*5,1424,CJ11G,亚历克斯,收货,上架
AlYn1732Bl,黑色 品牌15 17英寸 一体机（32吉字节内存）,一体机,品牌15,17英寸,32吉字节内存,黑色,16*1*1,8,DN37B,艾米,收货,上架
AlPH178GSi,银色 品牌12 17英寸 一体机（8吉字节内存）,一体机,品牌12,17英寸,8吉字节内存,银色,16*1*1,10,DO93G,迈克,收货,上架
OfSESAdBl,黑色 品牌08 小号 办公椅（可调节）,办公椅,品牌08,小号,可调节,黑色,16*1*1,5,AY11D,劳拉,收货,上架
NoScA4liGr,灰色 品牌17 四号纸 笔记本（线条）,笔记本,品牌17,四号纸,线条,灰色,48*10*5,1767,DP46C,艾米,收货,上架
TVEs65S4Wh,白色 品牌32 65英寸 电视机（超级超高清）,电视机,品牌32,65英寸,超级超高清,白色,8*1*1,4,CS72A,劳拉,收货,上架
OfXESAdGr,灰色 品牌06 小号 办公椅（可调节）,办公椅,品牌06,小号,可调节,灰色,16*1*1,2,CM47D,约翰,收货,上架
TaAE15FrBl,黑色 品牌05 1500 桌子（框架式）,桌子,品牌05,1500,框架式,黑色,8*1*1,3,BV43D,艾米,收货,上架
TaCI15WoGr,灰色 品牌27 1500 桌子（工作站）,桌子,品牌27,1500,工作站,灰色,8*1*1,3,CU67F,大卫,收货,上架
SPRe24HePi,粉色 品牌22 24 触控笔（六角形）,触控笔,品牌22,24,六角形,粉色,48*10*5,603,DJ49F,大卫,收货,上架
TVGn504KGr,灰色 品牌30 50英寸 电视机（超高清）,电视机,品牌30,50英寸,超高清,灰色,8*1*1,1,DM37H,迈克,收货,上架
DrRG18SlGr,灰色 品牌03 1800 抽屉柜（滑动式）,抽屉柜,品牌03,1800,滑动式,灰色,8*1*1,6,CW68F,迈克,收货,上架
CaTE12SlBl,黑色 品牌04 1200 文件柜（滑动式）,文件柜,品牌04,1200,滑动式,黑色,8*1*1,3,BM13E,劳拉,收货,上架
TVEs42S4Bl,黑色 品牌32 42英寸 电视机（超级超高清）,电视机,品牌32,42英寸,超级超高清,黑色,8*1*1,2,AS53A,迈克,收货,上架
PrPHA3AlWh,白色 品牌12 三号纸 打印机（一体式）,打印机,品牌12,三号纸,一体式,白色,16*1*1,8,BR81B,亚历克斯,收货,上架
CaWE18LoWh,白色 品牌02 1800 文件柜（储物锁柜）,文件柜,品牌02,1800,储物锁柜,白色,8*1*1,4,DK06H,约翰,收货,上架
KeHc45ErBl,黑色 品牌09 450 键盘（人体工学）,键盘,品牌09,450,人体工学,黑色,16*10*1,32,DS26C,迈克,收货,上架
PrSoA3AlGr,灰色 品牌25 三号纸 打印机（一体式）,打印机,品牌25,三号纸,一体式,灰色,16*1*1,4,DG76H,迈克,收货,上架
TVYn424KGr,灰色 品牌15 42英寸 电视机（超高清）,电视机,品牌15,42英寸,超高清,灰色,8*1*1,3,AK41C,艾米丽,收货,上架
AlOv15i7Si,银色 品牌13 15英寸 一体机（第7代处理器）,一体机,品牌13,15英寸,第7代处理器,银色,16*1*1,12,AI83F,简,收货,上架
SPAl12SoBl,黑色 品牌20 12 触控笔（可溶性）,触控笔,品牌20,12,可溶性,黑色,48*10*5,543,CN60H,简,收货,上架
PrSoA3InMi,混合色 品牌25 三号纸 打印机（喷墨）,打印机,品牌25,三号纸,喷墨,混合色,16*1*1,6,BO50A,劳拉,收货,上架
CuRG12DoBe,米色 品牌03 1200 储物柜（带门式）,储物柜,品牌03,1200,带门式,米色,8*1*1,8,CU32A,大卫,收货,上架
KeRe35MeWh,白色 品牌10 350 键盘（机械式）,键盘,品牌10,350,机械式,白色,16*10*1,14,BK24A,大卫,收货,上架
KePH35ErPi,粉色 品牌12 350 键盘（人体工学）,键盘,品牌12,350,人体工学,粉色,16*10*1,123,DN01H,艾米,收货,上架
CaRG12DoBe,米色 品牌03 1200 文件柜（带门式）,文件柜,品牌03,1200,带门式,米色,8*1*1,5,CO60D,莎拉,收货,上架
LaRe14i7Si,银色 品牌14 14英寸 笔记本电脑（第7代处理器）,笔记本电脑,品牌14,14英寸,第7代处理器,银色,16*1*1,12,AN83H,艾米丽,收货,上架
LaYn178GWh,白色 品牌15 17英寸 笔记本电脑（8吉字节内存）,笔记本电脑,品牌15,17英寸,8吉字节内存,白色,16*1*1,15,AZ43F,亚历克斯,收货,上架
TaTR15AdGr,灰色 品牌29 1500 桌子（可调节）,桌子,品牌29,1500,可调节,灰色,8*1*1,6,AQ11F,约翰,收货,上架
CaTE18DoWh,白色 品牌04 1800 文件柜（带门式）,文件柜,品牌04,1800,带门式,白色,8*1*1,4,DM27H,劳拉,收货,上架
PeAl12SoWh,白色 品牌20 12 铅笔（可溶性）,铅笔,品牌20,12,可溶性,白色,48*10*5,1641,AH81D,简,收货,上架
NoExA5doBl,黑色 品牌16 五号纸 笔记本（点阵）,笔记本,品牌16,五号纸,点阵,黑色,48*10*5,2320,CF83E,莎拉,收货,上架
SPRe24HeWh,白色 品牌22 24 触控笔（六角形）,触控笔,品牌22,24,六角形,白色,48*10*5,2282,CO73D,简,收货,上架
TVGL50SFGr,灰色 品牌31 50英寸 电视机（超级全高清）,电视机,品牌31,50英寸,超级全高清,灰色,8*1*1,1,DM22C,简,收货,上架
CuRG90DoBe,米色 品牌03 900 储物柜（带门式）,储物柜,品牌03,900,带门式,米色,8*1*1,8,DQ16A,大卫,收货,上架
NoExA5liGr,灰色 品牌16 五号纸 笔记本（线条）,笔记本,品牌16,五号纸,线条,灰色,48*10*5,2123,CV56H,莎拉,收货,上架
LaOv14i5Gr,灰色 品牌13 14英寸 笔记本电脑（第5代处理器）,笔记本电脑,品牌13,14英寸,第5代处理器,灰色,16*1*1,11,AT93C,艾米,收货,上架
DrRG12FiBe,米色 品牌03 1200 抽屉柜（文件收纳）,抽屉柜,品牌03,1200,文件收纳,米色,8*1*1,2,AR09F,简,收货,上架
PeGi50WaGr,灰色 品牌21 50 铅笔（水彩）,铅笔,品牌21,50,水彩,灰色,48*10*5,1650,DG96G,简,收货,上架
GaAELHeGr,灰色 品牌05 大号 游戏椅（头枕）,游戏椅,品牌05,大号,头枕,灰色,16*1*1,16,BS90F,简,收货,上架
CaWE18DoBl,黑色 品牌02 1800 文件柜（带门式）,文件柜,品牌02,1800,带门式,黑色,8*1*1,3,BT40A,简,收货,上架
NoGrA5doSi,银色 品牌18 五号纸 笔记本（点阵）,笔记本,品牌18,五号纸,点阵,银色,48*10*5,758,CH19H,约翰,收货,上架
LaOv178GWh,白色 品牌13 17英寸 笔记本电脑（8吉字节内存）,笔记本电脑,品牌13,17英寸,8吉字节内存,白色,16*1*1,15,AJ67F,劳拉,收货,上架
DrWE12SlWh,白色 品牌02 1200 抽屉柜（滑动式）,抽屉柜,品牌02,1200,滑动式,白色,8*1*1,7,DV36F,大卫,收货,上架
GaOGMAdPi,粉色 品牌07 中号 游戏椅（可调节）,游戏椅,品牌07,中号,可调节,粉色,16*1*1,15,AH59C,克里斯,收货,上架
NoGrA5doSi,银色 品牌18 五号纸 笔记本（点阵）,笔记本,品牌18,五号纸,点阵,银色,48*10*5,271,BX37G,莎拉,收货,上架
LaPH158GGr,灰色 品牌12 15英寸 笔记本电脑（8吉字节内存）,笔记本电脑,品牌12,15英寸,8吉字节内存,灰色,16*1*1,8,BH97A,莎拉,收货,上架
AlRe15i7Bl,黑色 品牌14 15英寸 一体机（第7代处理器）,一体机,品牌14,15英寸,第7代处理器,黑色,16*1*1,6,DW73E,迈克,收货,上架
LaOv14i5Gr,灰色 品牌13 14英寸 笔记本电脑（第5代处理器）,笔记本电脑,品牌13,14英寸,第5代处理器,灰色,16*1*1,5,AV64F,迈克,收货,上架
TVGn424KBl,黑色 品牌30 42英寸 电视机（超高清）,电视机,品牌30,42英寸,超高清,黑色,8*1*1,1,DQ13H,简,收货,上架
TaAE10WoWh,白色 品牌05 1000 桌子（工作站）,桌子,品牌05,1000,工作站,白色,8*1*1,3,CZ23G,约翰,收货,上架
TVEs42SFWh,白色 品牌32 42英寸 电视机（超级全高清）,电视机,品牌32,42英寸,超级全高清,白色,8*1*1,3,AY97G,艾米丽,收货,上架
PrReA2MoBl,黑色 品牌24 二号纸 打印机（黑白）,打印机,品牌24,二号纸,黑白,黑色,16*1*1,16,BZ39C,劳拉,收货,上架
DrQE90DoBe,米色 品牌01 900 抽屉柜（带门式）,抽屉柜,品牌01,900,带门式,米色,8*1*1,7,DI11E,劳拉,收货,上架
TaTR10FrGr,灰色 品牌28 1000 桌子（框架式）,桌子,品牌28,1000,框架式,灰色,8*1*1,1,DJ64D,亚历克斯,收货,上架
NoExA4liSi,银色 品牌16 四号纸 笔记本（线条）,笔记本,品牌16,四号纸,线条,银色,48*10*5,1547,BG87A,艾米,收货,上架
AlOv15i7Wh,白色 品牌13 15英寸 一体机（第7代处理器）,一体机,品牌13,15英寸,第7代处理器,白色,16*1*1,11,DF40C,劳拉,收货,上架
AlYn15i5Bl,黑色 品牌15 15英寸 一体机（第5代处理器）,一体机,品牌15,15英寸,第5代处理器,黑色,16*1*1,6,BX46H,莎拉,收货,上架
SPRe50WaGr,灰色 品牌22 50 触控笔（水彩）,触控笔,品牌22,50,水彩,灰色,48*10*5,2050,DI18C,大卫,收货,上架
CuWE12FiGr,灰色 品牌02 1200 储物柜（文件收纳）,储物柜,品牌02,1200,文件收纳,灰色,8*1*1,1,DY95F,大卫,收货,上架
DrWE18SlGr,灰色 品牌02 1800 抽屉柜（滑动式）,抽屉柜,品牌02,1800,滑动式,灰色,8*1*1,4,CK62F,大卫,收货,上架
MoHc35BlWh,白色 品牌09 350 鼠标（蓝牙）,鼠标,品牌09,350,蓝牙,白色,16*10*1,114,CU05A,大卫,收货,上架
TVGL504KBl,黑色 品牌31 50英寸 电视机（超高清）,电视机,品牌31,50英寸,超高清,黑色,8*1*1,6,BV11F,艾米,收货,上架
GaOGMLePi,粉色 品牌07 中号 游戏椅（皮革）,游戏椅,品牌07,中号,皮革,粉色,16*1*1,1,CM91H,劳拉,收货,上架
DrWE18FiGr,灰色 品牌02 1800 抽屉柜（文件收纳）,抽屉柜,品牌02,1800,文件收纳,灰色,8*1*1,3,CF83D,亚历克斯,收货,上架
TaTR10AuWh,白色 品牌28 1000 桌子（自动调节）,桌子,品牌28,1000,自动调节,白色,8*1*1,1,CO56C,艾米丽,收货,上架
GaOGLAdWh,白色 品牌07 大号 游戏椅（可调节）,游戏椅,品牌07,大号,可调节,白色,16*1*1,10,AH96F,简,收货,上架
TVGn42FHWh,白色 品牌30 42英寸 电视机（全高清）,电视机,品牌30,42英寸,全高清,白色,8*1*1,3,DP98H,劳拉,收货,上架
GaOGMLeWh,白色 品牌07 中号 游戏椅（皮革）,游戏椅,品牌07,中号,皮革,白色,16*1*1,4,BV18G,艾米丽,收货,上架
PrReA2AlWh,白色 品牌24 二号纸 打印机（一体式）,打印机,品牌24,二号纸,一体式,白色,16*1*1,10,CR47C,艾米丽,收货,上架
SPAl50HeBl,黑色 品牌20 50 触控笔（六角形）,触控笔,品牌20,50,六角形,黑色,48*10*5,1691,BL34H,劳拉,收货,上架
CuTE12DoBl,黑色 品牌04 1200 储物柜（带门式）,储物柜,品牌04,1200,带门式,黑色,8*1*1,8,CI53G,劳拉,收货,上架
LaYn148GGr,灰色 品牌15 14英寸 笔记本电脑（8吉字节内存）,笔记本电脑,品牌15,14英寸,8吉字节内存,灰色,16*1*1,4,DF17G,迈克,收货,上架
NoMuA4liGr,灰色 品牌19 四号纸 笔记本（线条）,笔记本,品牌19,四号纸,线条,灰色,48*10*5,663,CY43A,劳拉,收货,上架
CuTE18SlWh,白色 品牌04 1800 储物柜（滑动式）,储物柜,品牌04,1800,滑动式,白色,8*1*1,8,CF11F,劳拉,收货,上架
CuQE12DoBl,黑色 品牌01 1200 储物柜（带门式）,储物柜,品牌01,1200,带门式,黑色,8*1*1,5,AR48D,简,收货,上架
TVGn42FHSi,银色 品牌30 42英寸 电视机（全高清）,电视机,品牌30,42英寸,全高清,银色,8*1*1,4,CR34E,艾米丽,收货,上架
GaXELErPi,粉色 品牌06 大号 游戏椅（人体工学）,游戏椅,品牌06,大号,人体工学,粉色,16*1*1,5,AQ65A,简,收货,上架
KeHc35WiPi,粉色 品牌09 350 键盘（有线）,键盘,品牌09,350,有线,粉色,16*10*1,109,DX50A,克里斯,收货,上架
SPNa24SoGr,灰色 品牌23 24 触控笔（可溶性）,触控笔,品牌23,24,可溶性,灰色,48*10*5,1074,CM65E,简,收货,上架
TVGn65FHSi,银色 品牌30 65英寸 电视机（全高清）,电视机,品牌30,65英寸,全高清,银色,8*1*1,5,AI02E,约翰,收货,上架
TaAE15AdSi,银色 品牌05 1500 桌子（可调节）,桌子,品牌05,1500,可调节,银色,8*1*1,2,AO94G,迈克,收货,上架
AlSu148GWh,白色 品牌11 14英寸 一体机（8吉字节内存）,一体机,品牌11,14英寸,8吉字节内存,白色,16*1*1,3,DQ17H,大卫,收货,上架
TVGL50SFWh,白色 品牌31 50英寸 电视机（超级全高清）,电视机,品牌31,50英寸,超级全高清,白色,8*1*1,6,BW57G,劳拉,收货,上架
AlPH14i7Si,银色 品牌12 14英寸 一体机（第7代处理器）,一体机,品牌12,14英寸,第7代处理器,银色,16*1*1,1,CZ90H,劳拉,收货,上架
MoSu27BlBl,黑色 品牌11 270 鼠标（蓝牙）,鼠标,品牌11,270,蓝牙,黑色,16*10*1,136,AS07G,莎拉,收货,上架
DrQE18SlWh,白色 品牌01 1800 抽屉柜（滑动式）,抽屉柜,品牌01,1800,滑动式,白色,8*1*1,3,AR34C,亚历克斯,收货,上架
NoGrA3liBl,黑色 品牌18 三号纸 笔记本（线条）,笔记本,品牌18,三号纸,线条,黑色,48*10*5,2310,AR58H,简,收货,上架
NoMuA5doGr,灰色 品牌19 五号纸 笔记本（点阵）,笔记本,品牌19,五号纸,点阵,灰色,48*10*5,1990,BN80B,亚历克斯,收货,上架
PeNa12SoWh,白色 品牌23 12 铅笔（可溶性）,铅笔,品牌23,12,可溶性,白色,48*10*5,1251,AR10B,迈克,收货,上架
LaPH1732Si,银色 品牌12 17英寸 笔记本电脑（32吉字节内存）,笔记本电脑,品牌12,17英寸,32吉字节内存,银色,16*1*1,9,CJ94F,艾米丽,收货,上架
DrRG18DoBl,黑色 品牌03 1800 抽屉柜（带门式）,抽屉柜,品牌03,1800,带门式,黑色,8*1*1,4,CZ98F,亚历克斯,收货,上架
KeHc45MeNa,藏青色 品牌09 450 键盘（机械式）,键盘,品牌09,450,机械式,藏青色,16*10*1,50,CG17E,约翰,收货,上架
CuQE18LoGr,灰色 品牌01 1800 储物柜（储物锁柜）,储物柜,品牌01,1800,储物锁柜,灰色,8*1*1,8,DM69D,亚历克斯,收货,上架
GaSESLeBl,黑色 品牌08 小号 游戏椅（皮革）,游戏椅,品牌08,小号,皮革,黑色,16*1*1,16,BQ18D,大卫,收货,上架
CuQE12FiBl,黑色 品牌01 1200 储物柜（文件收纳）,储物柜,品牌01,1200,文件收纳,黑色,8*1*1,7,AR67E,艾米,收货,上架
GaSESLeWh,白色 品牌08 小号 游戏椅（皮革）,游戏椅,品牌08,小号,皮革,白色,16*1*1,2,BK85C,迈克,收货,上架
GaSEMErPi,粉色 品牌08 中号 游戏椅（人体工学）,游戏椅,品牌08,中号,人体工学,粉色,16*1*1,12,BW82D,劳拉,收货,上架
AlYn1732Bl,黑色 品牌15 17英寸 一体机（32吉字节内存）,一体机,品牌15,17英寸,32吉字节内存,黑色,16*1*1,11,CN31C,克里斯,收货,上架
AlYn1432Bl,黑色 品牌15 14英寸 一体机（32吉字节内存）,一体机,品牌15,14英寸,32吉字节内存,黑色,16*1*1,15,BW16F,迈克,收货,上架
LaYn148GSi,银色 品牌15 14英寸 笔记本电脑（8吉字节内存）,笔记本电脑,品牌15,14英寸,8吉字节内存,银色,16*1*1,11,AL42B,亚历克斯,收货,上架
OfXELHeGr,灰色 品牌06 大号 办公椅（头枕）,办公椅,品牌06,大号,头枕,灰色,16*1*1,10,AQ23G,迈克,收货,上架
LaOv15i5Wh,白色 品牌13 15英寸 笔记本电脑（第5代处理器）,笔记本电脑,品牌13,15英寸,第5代处理器,白色,16*1*1,10,CY02D,艾米丽,收货,上架
OfSEMLePi,粉色 品牌08 中号 办公椅（皮革）,办公椅,品牌08,中号,皮革,粉色,16*1*1,16,CH95B,劳拉,收货,上架
AlRe178GSi,银色 品牌14 17英寸 一体机（8吉字节内存）,一体机,品牌14,17英寸,8吉字节内存,银色,16*1*1,16,AX97A,艾米丽,收货,上架
CuQE12DoWh,白色 品牌01 1200 储物柜（带门式）,储物柜,品牌01,1200,带门式,白色,8*1*1,1,DN04H,克里斯,收货,上架
TVGn50FHWh,白色 品牌30 50英寸 电视机（全高清）,电视机,品牌30,50英寸,全高清,白色,8*1*1,4,AV64A,莎拉,收货,上架
AlSu148GWh,白色 品牌11 14英寸 一体机（8吉字节内存）,一体机,品牌11,14英寸,8吉字节内存,白色,16*1*1,9,CN69D,莎拉,收货,上架
CuQE12SlBl,黑色 品牌01 1200 储物柜（滑动式）,储物柜,品牌01,1200,滑动式,黑色,8*1*1,7,DW36E,亚历克斯,收货,上架
KePH45BlWh,白色 品牌12 450 键盘（蓝牙）,键盘,品牌12,450,蓝牙,白色,16*10*1,133,CM84D,莎拉,收货,上架
TaTR15AdWh,白色 品牌29 1500 桌子（可调节）,桌子,品牌29,1500,可调节,白色,8*1*1,6,DL26B,莎拉,收货,上架
OfAEMErGr,灰色 品牌05 中号 办公椅（人体工学）,办公椅,品牌05,中号,人体工学,灰色,16*1*1,12,DU40G,迈克,收货,上架
AlRe17i5Wh,白色 品牌14 17英寸 一体机（第5代处理器）,一体机,品牌14,17英寸,第5代处理器,白色,16*1*1,2,DH26E,艾米丽,收货,上架
NoExA3doWh,白色 品牌16 三号纸 笔记本（点阵）,笔记本,品牌16,三号纸,点阵,白色,48*10*5,2200,AL46C,艾米,收货,上架
AlPH17i7Bl,黑色 品牌12 17英寸 一体机（第7代处理器）,一体机,品牌12,17英寸,第7代处理器,黑色,16*1*1,2,BV42F,大卫,收货,上架
TVYn324KWh,白色 品牌15 32英寸 电视机（超高清）,电视机,品牌15,32英寸,超高清,白色,8*1*1,6,CV06F,艾米,收货,上架
GaXELErGr,灰色 品牌06 大号 游戏椅（人体工学）,游戏椅,品牌06,大号,人体工学,灰色,16*1*1,7,AS02D,亚历克斯,收货,上架
TVGL75FHBl,黑色 品牌31 75英寸 电视机（全高清）,电视机,品牌31,75英寸,全高清,黑色,8*1*1,3,AH92G,劳拉,收货,上架
KeHc35ErPi,粉色 品牌09 350 键盘（人体工学）,键盘,品牌09,350,人体工学,粉色,16*10*1,50,AR31H,克里斯,收货,上架
TaTR18AuGr,灰色 品牌29 1800 桌子（自动调节）,桌子,品牌29,1800,自动调节,灰色,8*1*1,1,CT11C,亚历克斯,收货,上架
MoPH35WiPi,粉色 品牌12 350 鼠标（有线）,鼠标,品牌12,350,有线,粉色,16*10*1,57,BJ87H,克里斯,收货,上架
TVYn654KBl,黑色 品牌15 65英寸 电视机（超高清）,电视机,品牌15,65英寸,超高清,黑色,8*1*1,1,BO69H,简,收货,上架
AlYn148GGr,灰色 品牌15 14英寸 一体机（8吉字节内存）,一体机,品牌15,14英寸,8吉字节内存,灰色,16*1*1,7,CF06H,克里斯,收货,上架
CuRG18FiBl,黑色 品牌03 1800 储物柜（文件收纳）,储物柜,品牌03,1800,文件收纳,黑色,8*1*1,6,AI15A,艾米丽,收货,上架
CaTE18DoWh,白色 品牌04 1800 文件柜（带门式）,文件柜,品牌04,1800,带门式,白色,8*1*1,2,BO90E,约翰,收货,上架
TaCI15WoGr,灰色 品牌27 1500 桌子（工作站）,桌子,品牌27,1500,工作站,灰色,8*1*1,2,BM67G,迈克,收货,上架
CuRG90DoBe,米色 品牌03 900 储物柜（带门式）,储物柜,品牌03,900,带门式,米色,8*1*1,5,AZ71E,亚历克斯,收货,上架
LaYn14i7Si,银色 品牌15 14英寸 笔记本电脑（第7代处理器）,笔记本电脑,品牌15,14英寸,第7代处理器,银色,16*1*1,12,BY85H,迈克,收货,上架
LaYn1716Si,银色 品牌15 17英寸 笔记本电脑（16吉字节内存）,笔记本电脑,品牌15,17英寸,16吉字节内存,银色,16*1*1,3,CM86C,莎拉,收货,上架
DrQE12SlBl,黑色 品牌01 1200 抽屉柜（滑动式）,抽屉柜,品牌01,1200,滑动式,黑色,8*1*1,1,DW65A,迈克,收货,上架
SPNa50WaGr,灰色 品牌23 50 触控笔（水彩）,触控笔,品牌23,50,水彩,灰色,48*10*5,977,AW16A,克里斯,收货,上架
TVGL504KWh,白色 品牌31 50英寸 电视机（超高清）,电视机,品牌31,50英寸,超高清,白色,8*1*1,5,CU47F,劳拉,收货,上架
AlYn17i5Bl,黑色 品牌15 17英寸 一体机（第5代处理器）,一体机,品牌15,17英寸,第5代处理器,黑色,16*1*1,12,BF87B,劳拉,收货,上架
CuTE90FiWh,白色 品牌04 900 储物柜（文件收纳）,储物柜,品牌04,900,文件收纳,白色,8*1*1,8,DZ83G,艾米丽,收货,上架
TVGn654KGr,灰色 品牌30 65英寸 电视机（超高清）,电视机,品牌30,65英寸,超高清,灰色,8*1*1,8,BM17A,简,收货,上架
GaAEMErPi,粉色 品牌05 中号 游戏椅（人体工学）,游戏椅,品牌05,中号,人体工学,粉色,16*1*1,9,BH96E,亚历克斯,收货,上架
TaTR15AdGr,灰色 品牌29 1500 桌子（可调节）,桌子,品牌29,1500,可调节,灰色,8*1*1,2,DP68F,大卫,收货,上架
DrQE12LoWh,白色 品牌01 1200 抽屉柜（储物锁柜）,抽屉柜,品牌01,1200,储物锁柜,白色,8*1*1,6,DN63G,艾米丽,收货,上架
PrNoA3WiBl,黑色 品牌26 三号纸 打印机（无线网络）,打印机,品牌26,三号纸,无线网络,黑色,16*1*1,5,AQ02G,大卫,收货,上架
DrQE12SlBl,黑色 品牌01 1200 抽屉柜（滑动式）,抽屉柜,品牌01,1200,滑动式,黑色,8*1*1,3,BX58H,亚历克斯,收货,上架
TVEs42SFGr,灰色 品牌32 42英寸 电视机（超级全高清）,电视机,品牌32,42英寸,超级全高清,灰色,8*1*1,6,BJ20D,大卫,收货,上架
MoRe27WiNa,藏青色 品牌10 270 鼠标（有线）,鼠标,品牌10,270,有线,藏青色,16*10*1,91,CT98G,简,收货,上架
CaQE12DoBl,黑色 品牌01 1200 文件柜（带门式）,文件柜,品牌01,1200,带门式,黑色,8*1*1,3,AU01D,简,收货,上架
PrSoA3LaGr,灰色 品牌25 三号纸 打印机（激光）,打印机,品牌25,三号纸,激光,灰色,16*1*1,11,CN45C,莎拉,收货,上架
DrTE12SlBe,米色 品牌04 1200 抽屉柜（滑动式）,抽屉柜,品牌04,1200,滑动式,米色,8*1*1,6,DT98H,劳拉,收货,上架
PrSoA3InGr,灰色 品牌25 三号纸 打印机（喷墨）,打印机,品牌25,三号纸,喷墨,灰色,16*1*1,8,BT33H,迈克,收货,上架
AlOv15i5Bl,黑色 品牌13 15英寸 一体机（第5代处理器）,一体机,品牌13,15英寸,第5代处理器,黑色,16*1*1,15,BU84A,亚历克斯,收货,上架
MoRe27MeBl,黑色 品牌10 270 鼠标（机械式）,鼠标,品牌10,270,机械式,黑色,16*10*1,146,AW65A,亚历克斯,收货,上架
OfOGLAdBl,黑色 品牌07 大号 办公椅（可调节）,办公椅,品牌07,大号,可调节,黑色,16*1*1,13,BI72F,简,收货,上架
OfSESHeGr,灰色 品牌08 小号 办公椅（头枕）,办公椅,品牌08,小号,头枕,灰色,16*1*1,4,DG58B,莎拉,收货,上架
TaTR15FrWh,白色 品牌29 1500 桌子（框架式）,桌子,品牌29,1500,框架式,白色,8*1*1,5,BJ85E,劳拉,收货,上架
CuQE12LoBl,黑色 品牌01 1200 储物柜（储物锁柜）,储物柜,品牌01,1200,储物锁柜,黑色,8*1*1,2,DT05C,艾米,收货,上架
TVGn654KBl,黑色 品牌30 65英寸 电视机（超高清）,电视机,品牌30,65英寸,超高清,黑色,8*1*1,6,CT91B,艾米丽,收货,上架
AlSu15i7Wh,白色 品牌11 15英寸 一体机（第7代处理器）,一体机,品牌11,15英寸,第7代处理器,白色,16*1*1,13,CV26E,简,收货,上架
AlYn14i5Si,银色 品牌15 14英寸 一体机（第5代处理器）,一体机,品牌15,14英寸,第5代处理器,银色,16*1*1,11,AG37A,亚历克斯,收货,上架
CaWE90LoBl,黑色 品牌02 900 文件柜（储物锁柜）,文件柜,品牌02,900,储物锁柜,黑色,8*1*1,3,BI59G,艾米,收货,上架
GaSESLeBl,黑色 品牌08 小号 游戏椅（皮革）,游戏椅,品牌08,小号,皮革,黑色,16*1*1,11,DF45A,亚历克斯,收货,上架
TVGn32FHSi,银色 品牌30 32英寸 电视机（全高清）,电视机,品牌30,32英寸,全高清,银色,8*1*1,6,AG14A,亚历克斯,收货,上架
TVYn50S4Wh,白色 品牌15 50英寸 电视机（超级超高清）,电视机,品牌15,50英寸,超级超高清,白色,8*1*1,5,BS25A,克里斯,收货,上架
GaOGSAdPi,粉色 品牌07 小号 游戏椅（可调节）,游戏椅,品牌07,小号,可调节,粉色,16*1*1,14,CV77D,亚历克斯,收货,上架
KeSu27WiBl,黑色 品牌11 270 键盘（有线）,键盘,品牌11,270,有线,黑色,16*10*1,142,DK12E,艾米丽,收货,上架
TaCI10AuSi,银色 品牌27 1000 桌子（自动调节）,桌子,品牌27,1000,自动调节,银色,8*1*1,8,CU34C,劳拉,收货,上架
CaRG90DoBe,米色 品牌03 900 文件柜（带门式）,文件柜,品牌03,900,带门式,米色,8*1*1,7,AL06A,约翰,收货,上架
LaOv1416Gr,灰色 品牌13 14英寸 笔记本电脑（16吉字节内存）,笔记本电脑,品牌13,14英寸,16吉字节内存,灰色,16*1*1,11,DQ86F,迈克,收货,上架
PrSoA3WiMi,混合色 品牌25 三号纸 打印机（无线网络）,打印机,品牌25,三号纸,无线网络,混合色,16*1*1,3,DT01E,劳拉,收货,上架
TVYn65SFWh,白色 品牌15 65英寸 电视机（超级全高清）,电视机,品牌15,65英寸,超级全高清,白色,8*1*1,1,BQ39F,大卫,收货,上架
KePH45BlBl,黑色 品牌12 450 键盘（蓝牙）,键盘,品牌12,450,蓝牙,黑色,16*10*1,139,CH60E,艾米,收货,上架
CuQE18LoGr,灰色 品牌01 1800 储物柜（储物锁柜）,储物柜,品牌01,1800,储物锁柜,灰色,8*1*1,8,CN87E,艾米,收货,上架
PeNa24HeBl,黑色 品牌23 24 铅笔（六角形）,铅笔,品牌23,24,六角形,黑色,48*10*5,1503,CX77A,约翰,收货,上架
AlYn178GWh,白色 品牌15 17英寸 一体机（8吉字节内存）,一体机,品牌15,17英寸,8吉字节内存,白色,16*1*1,2,CT70E,大卫,收货,上架
DrQE12SlWh,白色 品牌01 1200 抽屉柜（滑动式）,抽屉柜,品牌01,1200,滑动式,白色,8*1*1,6,CU05C,大卫,收货,上架
PeAl12SoGr,灰色 品牌20 12 铅笔（可溶性）,铅笔,品牌20,12,可溶性,灰色,48*10*5,1528,BS48A,简,收货,上架
KeRe45BlBl,黑色 品牌10 450 键盘（蓝牙）,键盘,品牌10,450,蓝牙,黑色,16*10*1,81,BT38C,亚历克斯,收货,上架
PrNoA4WiWh,白色 品牌26 四号纸 打印机（无线网络）,打印机,品牌26,四号纸,无线网络,白色,16*1*1,6,DQ29C,亚历克斯,收货,上架
PrSoA2MoWh,白色 品牌25 二号纸 打印机（黑白）,打印机,品牌25,二号纸,黑白,白色,16*1*1,14,DJ02E,大卫,收货,上架
OfSELLePi,粉色 品牌08 大号 办公椅（皮革）,办公椅,品牌08,大号,皮革,粉色,16*1*1,16,CJ42D,约翰,收货,上架
CuTE12DoGr,灰色 品牌04 1200 储物柜（带门式）,储物柜,品牌04,1200,带门式,灰色,8*1*1,6,CY68F,艾米丽,收货,上架
GaSELErWh,白色 品牌08 大号 游戏椅（人体工学）,游戏椅,品牌08,大号,人体工学,白色,16*1*1,16,DW70G,约翰,收货,上架
TVGL65S4Si,银色 品牌31 65英寸 电视机（超级超高清）,电视机,品牌31,65英寸,超级超高清,银色,8*1*1,8,BR41C,劳拉,收货,上架
LaPH17i7Bl,黑色 品牌12 17英寸 笔记本电脑（第7代处理器）,笔记本电脑,品牌12,17英寸,第7代处理器,黑色,16*1*1,14,BF21C,莎拉,收货,上架
CaTE18DoBe,米色 品牌04 1800 文件柜（带门式）,文件柜,品牌04,1800,带门式,米色,8*1*1,5,BU87C,约翰,收货,上架
TVGL50SFWh,白色 品牌31 50英寸 电视机（超级全高清）,电视机,品牌31,50英寸,超级全高清,白色,8*1*1,5,DH30E,艾米,收货,上架
CuTE12SlWh,白色 品牌04 1200 储物柜（滑动式）,储物柜,品牌04,1200,滑动式,白色,8*1*1,5,CK38F,艾米丽,收货,上架
SPRe24SoWh,白色 品牌22 24 触控笔（可溶性）,触控笔,品牌22,24,可溶性,白色,48*10*5,2179,AT41G,艾米丽,收货,上架
PrPHA4AlBl,黑色 品牌12 四号纸 打印机（一体式）,打印机,品牌12,四号纸,一体式,黑色,16*1*1,12,CO27B,劳拉,收货,上架
MoHc35ErBl,黑色 品牌09 350 鼠标（人体工学）,鼠标,品牌09,350,人体工学,黑色,16*10*1,144,CW98H,莎拉,收货,上架
GaXEMLeGr,灰色 品牌06 中号 游戏椅（皮革）,游戏椅,品牌06,中号,皮革,灰色,16*1*1,11,DO50C,简,收货,上架
TaAE18FrWh,白色 品牌05 1800 桌子（框架式）,桌子,品牌05,1800,框架式,白色,8*1*1,7,AX63G,劳拉,收货,上架
PrReA2InWh,白色 品牌24 二号纸 打印机（喷墨）,打印机,品牌24,二号纸,喷墨,白色,16*1*1,2,BL89D,亚历克斯,收货,上架
NoMuA4doSi,银色 品牌19 四号纸 笔记本（点阵）,笔记本,品牌19,四号纸,点阵,银色,48*10*5,1732,CF27H,亚历克斯,收货,上架
NoGrA4ruGr,灰色 品牌18 四号纸 笔记本（横线）,笔记本,品牌18,四号纸,横线,灰色,48*10*5,988,AL62C,迈克,收货,上架
CuWE90DoWh,白色 品牌02 900 储物柜（带门式）,储物柜,品牌02,900,带门式,白色,8*1*1,3,BP95D,艾米,收货,上架
KeSu45WiNa,藏青色 品牌11 450 键盘（有线）,键盘,品牌11,450,有线,藏青色,16*10*1,85,DL80B,迈克,收货,上架
CaRG18LoBe,米色 品牌03 1800 文件柜（储物锁柜）,文件柜,品牌03,1800,储物锁柜,米色,8*1*1,8,CF11F,莎拉,收货,上架
DrRG12DoBl,黑色 品牌03 1200 抽屉柜（带门式）,抽屉柜,品牌03,1200,带门式,黑色,8*1*1,8,BG53D,亚历克斯,收货,上架
TaCI10FrWh,白色 品牌27 1000 桌子（框架式）,桌子,品牌27,1000,框架式,白色,8*1*1,3,AN52H,大卫,收货,上架
PrNoA2InGr,灰色 品牌26 二号纸 打印机（喷墨）,打印机,品牌26,二号纸,喷墨,灰色,16*1*1,2,DO82A,大卫,收货,上架
KeHc35ErPi,粉色 品牌09 350 键盘（人体工学）,键盘,品牌09,350,人体工学,粉色,16*10*1,69,BH69B,劳拉,收货,上架
DrTE12DoGr,灰色 品牌04 1200 抽屉柜（带门式）,抽屉柜,品牌04,1200,带门式,灰色,8*1*1,5,DF57H,简,收货,上架
OfXESLeBl,黑色 品牌06 小号 办公椅（皮革）,办公椅,品牌06,小号,皮革,黑色,16*1*1,10,CV68D,亚历克斯,收货,上架
NoMuA3doSi,银色 品牌19 三号纸 笔记本（点阵）,笔记本,品牌19,三号纸,点阵,银色,48*10*5,1129,DF62D,约翰,收货,上架
LaRe1716Wh,白色 品牌14 17英寸 笔记本电脑（16吉字节内存）,笔记本电脑,品牌14,17英寸,16吉字节内存,白色,16*1*1,11,BS41C,大卫,收货,上架
LaSu14i5Wh,白色 品牌11 14英寸 笔记本电脑（第5代处理器）,笔记本电脑,品牌11,14英寸,第5代处理器,白色,16*1*1,5,BM17C,简,收货,上架
PeRe24HePi,粉色 品牌22 24 铅笔（六角形）,铅笔,品牌22,24,六角形,粉色,48*10*5,1054,AJ69H,克里斯,收货,上架
LaPH15i5Si,银色 品牌12 15英寸 笔记本电脑（第5代处理器）,笔记本电脑,品牌12,15英寸,第5代处理器,银色,16*1*1,8,CR36F,克里斯,收货,上架
LaRe15i5Wh,白色 品牌14 15英寸 笔记本电脑（第5代处理器）,笔记本电脑,品牌14,15英寸,第5代处理器,白色,16*1*1,1,AX57G,克里斯,收货,上架
LaYn1532Si,银色 品牌15 15英寸 笔记本电脑（32吉字节内存）,笔记本电脑,品牌15,15英寸,32吉字节内存,银色,16*1*1,3,DV78D,劳拉,收货,上架
AlSu15i5Gr,灰色 品牌11 15英寸 一体机（第5代处理器）,一体机,品牌11,15英寸,第5代处理器,灰色,16*1*1,10,AU93A,克里斯,收货,上架
AlOv17i5Si,银色 品牌13 17英寸 一体机（第5代处理器）,一体机,品牌13,17英寸,第5代处理器,银色,16*1*1,12,CK94G,亚历克斯,收货,上架
NoGrA3doGr,灰色 品牌18 三号纸 笔记本（点阵）,笔记本,品牌18,三号纸,点阵,灰色,48*10*5,1307,AP59F,简,收货,上架
NoExA3doBl,黑色 品牌16 三号纸 笔记本（点阵）,笔记本,品牌16,三号纸,点阵,黑色,48*10*5,1418,CM73F,约翰,收货,上架
AlPH178GWh,白色 品牌12 17英寸 一体机（8吉字节内存）,一体机,品牌12,17英寸,8吉字节内存,白色,16*1*1,13,DQ29C,艾米,收货,上架
GaAEMLePi,粉色 品牌05 中号 游戏椅（皮革）,游戏椅,品牌05,中号,皮革,粉色,16*1*1,16,AN31F,艾米,收货,上架
MoSu35BlBl,黑色 品牌11 350 鼠标（蓝牙）,鼠标,品牌11,350,蓝牙,黑色,16*10*1,75,CJ72A,莎拉,收货,上架
PrSoA4WiGr,灰色 品牌25 四号纸 打印机（无线网络）,打印机,品牌25,四号纸,无线网络,灰色,16*1*1,13,DS84E,大卫,收货,上架
TaCI18AuSi,银色 品牌27 1800 桌子（自动调节）,桌子,品牌27,1800,自动调节,银色,8*1*1,3,DO89C,艾米丽,收货,上架
DrQE90DoWh,白色 品牌01 900 抽屉柜（带门式）,抽屉柜,品牌01,900,带门式,白色,8*1*1,1,DT97E,大卫,收货,上架
KeSu35BlBl,黑色 品牌11 350 键盘（蓝牙）,键盘,品牌11,350,蓝牙,黑色,16*10*1,25,BG92H,克里斯,收货,上架
KePH35BlBl,黑色 品牌12 350 键盘（蓝牙）,键盘,品牌12,350,蓝牙,黑色,16*10*1,47,AQ78E,艾米,收货,上架
PeNa50SoWh,白色 品牌23 50 铅笔（可溶性）,铅笔,品牌23,50,可溶性,白色,48*10*5,1766,DH05B,艾米,收货,上架
DrRG12SlWh,白色 品牌03 1200 抽屉柜（滑动式）,抽屉柜,品牌03,1200,滑动式,白色,8*1*1,7,DG36A,迈克,收货,上架
TVEs504KBl,黑色 品牌32 50英寸 电视机（超高清）,电视机,品牌32,50英寸,超高清,黑色,8*1*1,1,BX18H,简,收货,上架
OfXESErWh,白色 品牌06 小号 办公椅（人体工学）,办公椅,品牌06,小号,人体工学,白色,16*1*1,4,CQ05C,亚历克斯,收货,上架
PrPHA2LaWh,白色 品牌12 二号纸 打印机（激光）,打印机,品牌12,二号纸,激光,白色,16*1*1,12,BR70E,艾米,收货,上架
DrTE18DoWh,白色 品牌04 1800 抽屉柜（带门式）,抽屉柜,品牌04,1800,带门式,白色,8*1*1,8,CU63A,艾米丽,收货,上架
SPAl24WaWh,白色 品牌20 24 触控笔（水彩）,触控笔,品牌20,24,水彩,白色,48*10*5,2027,CT82F,莎拉,收货,上架
PeRe24WaBl,黑色 品牌22 24 铅笔（水彩）,铅笔,品牌22,24,水彩,黑色,48*10*5,146,DY60H,克里斯,收货,上架
TVEs32S4Wh,白色 品牌32 32英寸 电视机（超级超高清）,电视机,品牌32,32英寸,超级超高清,白色,8*1*1,8,CU85H,艾米,收货,上架
PeRe24WaGr,灰色 品牌22 24 铅笔（水彩）,铅笔,品牌22,24,水彩,灰色,48*10*5,2286,DR68H,克里斯,收货,上架
NoGrA5liGr,灰色 品牌18 五号纸 笔记本（线条）,笔记本,品牌18,五号纸,线条,灰色,48*10*5,1839,BY89H,迈克,收货,上架
TVGn65S4Si,银色 品牌30 65英寸 电视机（超级超高清）,电视机,品牌30,65英寸,超级超高清,银色,8*1*1,5,CU17H,亚历克斯,收货,上架
DrRG90FiBl,黑色 品牌03 900 抽屉柜（文件收纳）,抽屉柜,品牌03,900,文件收纳,黑色,8*1*1,4,AR97C,约翰,收货,上架
LaSu1716Bl,黑色 品牌11 17英寸 笔记本电脑（16吉字节内存）,笔记本电脑,品牌11,17英寸,16吉字节内存,黑色,16*1*1,1,BT98B,艾米,收货,上架
PrReA3WiMi,混合色 品牌24 三号纸 打印机（无线网络）,打印机,品牌24,三号纸,无线网络,混合色,16*1*1,14,BZ16A,约翰,收货,上架
MoSu27BlPi,粉色 品牌11 270 鼠标（蓝牙）,鼠标,品牌11,270,蓝牙,粉色,16*10*1,138,BF88D,劳拉,收货,上架
GaXEMLePi,粉色 品牌06 中号 游戏椅（皮革）,游戏椅,品牌06,中号,皮革,粉色,16*1*1,14,AJ71H,亚历克斯,收货,上架
TVYn65SFGr,灰色 品牌15 65英寸 电视机（超级全高清）,电视机,品牌15,65英寸,超级全高清,灰色,8*1*1,8,AU71D,克里斯,收货,上架
PrPHA2AlMi,混合色 品牌12 二号纸 打印机（一体式）,打印机,品牌12,二号纸,一体式,混合色,16*1*1,15,CY77A,简,收货,上架
LaOv15i5Gr,灰色 品牌13 15英寸 笔记本电脑（第5代处理器）,笔记本电脑,品牌13,15英寸,第5代处理器,灰色,16*1*1,6,AN53D,亚历克斯,收货,上架
CuRG18DoBe,米色 品牌03 1800 储物柜（带门式）,储物柜,品牌03,1800,带门式,米色,8*1*1,3,DY49A,劳拉,收货,上架
OfOGLErBl,黑色 品牌07 大号 办公椅（人体工学）,办公椅,品牌07,大号,人体工学,黑色,16*1*1,12,DO37F,莎拉,收货,上架
CaWE90LoBl,黑色 品牌02 900 文件柜（储物锁柜）,文件柜,品牌02,900,储物锁柜,黑色,8*1*1,5,AI09G,简,收货,上架
PrSoA2InWh,白色 品牌25 二号纸 打印机（喷墨）,打印机,品牌25,二号纸,喷墨,白色,16*1*1,16,AG94G,简,收货,上架
SPNa50HeBl,黑色 品牌23 50 触控笔（六角形）,触控笔,品牌23,50,六角形,黑色,48*10*5,1468,DJ33B,艾米丽,收货,上架
CaTE90FiWh,白色 品牌04 900 文件柜（文件收纳）,文件柜,品牌04,900,文件收纳,白色,8*1*1,7,CO03F,迈克,收货,上架
SPRe50SoWh,白色 品牌22 50 触控笔（可溶性）,触控笔,品牌22,50,可溶性,白色,48*10*5,1579,CZ50C,艾米丽,收货,上架
LaPH148GWh,白色 品牌12 14英寸 笔记本电脑（8吉字节内存）,笔记本电脑,品牌12,14英寸,8吉字节内存,白色,16*1*1,13,CL74B,劳拉,收货,上架
PrReA2MoWh,白色 品牌24 二号纸 打印机（黑白）,打印机,品牌24,二号纸,黑白,白色,16*1*1,15,BF28B,大卫,收货,上架
MoPH35BlBl,黑色 品牌12 350 鼠标（蓝牙）,鼠标,品牌12,350,蓝牙,黑色,16*10*1,9,CW12D,约翰,收货,上架
PrReA2InWh,白色 品牌24 二号纸 打印机（喷墨）,打印机,品牌24,二号纸,喷墨,白色,16*1*1,16,AG56B,艾米丽,收货,上架
CaWE90DoBl,黑色 品牌02 900 文件柜（带门式）,文件柜,品牌02,900,带门式,黑色,8*1*1,5,DR89G,约翰,收货,上架
DrWE18FiBl,黑色 品牌02 1800 抽屉柜（文件收纳）,抽屉柜,品牌02,1800,文件收纳,黑色,8*1*1,4,BF26E,迈克,收货,上架
SPNa12WaGr,灰色 品牌23 12 触控笔（水彩）,触控笔,品牌23,12,水彩,灰色,48*10*5,1406,DX95C,简,收货,上架
KeSu35ErPi,粉色 品牌11 350 键盘（人体工学）,键盘,品牌11,350,人体工学,粉色,16*10*1,6,AF17A,克里斯,收货,上架
LaRe148GWh,白色 品牌14 14英寸 笔记本电脑（8吉字节内存）,笔记本电脑,品牌14,14英寸,8吉字节内存,白色,16*1*1,15,AR69B,莎拉,收货,上架
TVYn75S4Gr,灰色 品牌15 75英寸 电视机（超级超高清）,电视机,品牌15,75英寸,超级超高清,灰色,8*1*1,7,DY37H,约翰,收货,上架
SPAl12SoWh,白色 品牌20 12 触控笔（可溶性）,触控笔,品牌20,12,可溶性,白色,48*10*5,1890,DK84A,约翰,收货,上架
NoMuA5doBl,黑色 品牌19 五号纸 笔记本（点阵）,笔记本,品牌19,五号纸,点阵,黑色,48*10*5,2075,BO73C,艾米丽,收货,上架
AlYn158GWh,白色 品牌15 15英寸 一体机（8吉字节内存）,一体机,品牌15,15英寸,8吉字节内存,白色,16*1*1,13,CS24A,亚历克斯,收货,上架
TVGn75SFWh,白色 品牌30 75英寸 电视机（超级全高清）,电视机,品牌30,75英寸,超级全高清,白色,8*1*1,5,DV74D,亚历克斯,收货,上架
TVGL50SFBl,黑色 品牌31 50英寸 电视机（超级全高清）,电视机,品牌31,50英寸,超级全高清,黑色,8*1*1,6,DT11H,简,收货,上架
LaRe14i7Wh,白色 品牌14 14英寸 笔记本电脑（第7代处理器）,笔记本电脑,品牌14,14英寸,第7代处理器,白色,16*1*1,16,DZ29H,艾米,收货,上架
LaOv1416Si,银色 品牌13 14英寸 笔记本电脑（16吉字节内存）,笔记本电脑,品牌13,14英寸,16吉字节内存,银色,16*1*1,2,BV03C,大卫,收货,上架
MoPH45ErNa,藏青色 品牌12 450 鼠标（人体工学）,鼠标,品牌12,450,人体工学,藏青色,16*10*1,160,CZ69F,约翰,收货,上架
CaTE18LoBe,米色 品牌04 1800 文件柜（储物锁柜）,文件柜,品牌04,1800,储物锁柜,米色,8*1*1,7,DU70B,克里斯,收货,上架
MoHc35ErBl,黑色 品牌09 350 鼠标（人体工学）,鼠标,品牌09,350,人体工学,黑色,16*10*1,139,DU58H,亚历克斯,收货,上架
DrRG90LoGr,灰色 品牌03 900 抽屉柜（储物锁柜）,抽屉柜,品牌03,900,储物锁柜,灰色,8*1*1,4,BI37A,迈克,收货,上架
PrNoA4LaBl,黑色 品牌26 四号纸 打印机（激光）,打印机,品牌26,四号纸,激光,黑色,16*1*1,3,DG62G,艾米,收货,上架
MoHc45WiBl,黑色 品牌09 450 鼠标（有线）,鼠标,品牌09,450,有线,黑色,16*10*1,16,CF91F,劳拉,收货,上架
SPNa50HePi,粉色 品牌23 50 触控笔（六角形）,触控笔,品牌23,50,六角形,粉色,48*10*5,13,DI09F,迈克,收货,上架
LaSu178GWh,白色 品牌11 17英寸 笔记本电脑（8吉字节内存）,笔记本电脑,品牌11,17英寸,8吉字节内存,白色,16*1*1,2,DO38G,约翰,收货,上架
PrPHA4WiGr,灰色 品牌12 四号纸 打印机（无线网络）,打印机,品牌12,四号纸,无线网络,灰色,16*1*1,11,CX13G,大卫,收货,上架
TaCI18AdGr,灰色 品牌27 1800 桌子（可调节）,桌子,品牌27,1800,可调节,灰色,8*1*1,2,CW87B,克里斯,收货,上架
OfSELHeBl,黑色 品牌08 大号 办公椅（头枕）,办公椅,品牌08,大号,头枕,黑色,16*1*1,5,BM20D,艾米,收货,上架
PrNoA2AlMi,混合色 品牌26 二号纸 打印机（一体式）,打印机,品牌26,二号纸,一体式,混合色,16*1*1,6,CZ49E,劳拉,收货,上架
DrWE18SlBe,米色 品牌02 1800 抽屉柜（滑动式）,抽屉柜,品牌02,1800,滑动式,米色,8*1*1,3,DR16B,莎拉,收货,上架
CaQE18LoBl,黑色 品牌01 1800 文件柜（储物锁柜）,文件柜,品牌01,1800,储物锁柜,黑色,8*1*1,4,AQ17H,亚历克斯,收货,上架
AlRe17i5Bl,黑色 品牌14 17英寸 一体机（第5代处理器）,一体机,品牌14,17英寸,第5代处理器,黑色,16*1*1,7,CY15D,劳拉,收货,上架
GaSESHePi,粉色 品牌08 小号 游戏椅（头枕）,游戏椅,品牌08,小号,头枕,粉色,16*1*1,4,AH14E,亚历克斯,收货,上架
CaWE18LoGr,灰色 品牌02 1800 文件柜（储物锁柜）,文件柜,品牌02,1800,储物锁柜,灰色,8*1*1,7,DL41B,迈克,收货,上架
CaTE90SlGr,灰色 品牌04 900 文件柜（滑动式）,文件柜,品牌04,900,滑动式,灰色,8*1*1,7,DQ85E,迈克,收货,上架
AlYn1532Si,银色 品牌15 15英寸 一体机（32吉字节内存）,一体机,品牌15,15英寸,32吉字节内存,银色,16*1*1,1,BV64A,艾米,收货,上架
TVEs50SFBl,黑色 品牌32 50英寸 电视机（超级全高清）,电视机,品牌32,50英寸,超级全高清,黑色,8*1*1,7,AJ23F,劳拉,收货,上架
CaRG90SlGr,灰色 品牌03 900 文件柜（滑动式）,文件柜,品牌03,900,滑动式,灰色,8*1*1,6,DY66A,约翰,收货,上架
GaXESHeGr,灰色 品牌06 小号 游戏椅（头枕）,游戏椅,品牌06,小号,头枕,灰色,16*1*1,9,AJ21B,艾米,收货,上架
CaRG18SlBe,米色 品牌03 1800 文件柜（滑动式）,文件柜,品牌03,1800,滑动式,米色,8*1*1,4,AF52C,艾米,收货,上架
DrQE12LoGr,灰色 品牌01 1200 抽屉柜（储物锁柜）,抽屉柜,品牌01,1200,储物锁柜,灰色,8*1*1,3,AQ01B,艾米,收货,上架
NoExA3ruSi,银色 品牌16 三号纸 笔记本（横线）,笔记本,品牌16,三号纸,横线,银色,48*10*5,2006,CH87C,简,收货,上架
TVEs424KGr,灰色 品牌32 42英寸 电视机（超高清）,电视机,品牌32,42英寸,超高清,灰色,8*1*1,8,AL80F,大卫,收货,上架
OfAELAdPi,粉色 品牌05 大号 办公椅（可调节）,办公椅,品牌05,大号,可调节,粉色,16*1*1,6,CW93C,约翰,收货,上架
LaSu1416Gr,灰色 品牌11 14英寸 笔记本电脑（16吉字节内存）,笔记本电脑,品牌11,14英寸,16吉字节内存,灰色,16*1*1,14,AQ10H,克里斯,收货,上架
TVEs654KGr,灰色 品牌32 65英寸 电视机（超高清）,电视机,品牌32,65英寸,超高清,灰色,8*1*1,7,CV96B,莎拉,收货,上架
AlOv17i7Gr,灰色 品牌13 17英寸 一体机（第7代处理器）,一体机,品牌13,17英寸,第7代处理器,灰色,16*1*1,14,DW25D,大卫,收货,上架
DrQE18SlBl,黑色 品牌01 1800 抽屉柜（滑动式）,抽屉柜,品牌01,1800,滑动式,黑色,8*1*1,3,DZ26C,克里斯,收货,上架
MoRe27ErBl,黑色 品牌10 270 鼠标（人体工学）,鼠标,品牌10,270,人体工学,黑色,16*10*1,67,AZ48E,劳拉,收货,上架
DrTE90DoBe,米色 品牌04 900 抽屉柜（带门式）,抽屉柜,品牌04,900,带门式,米色,8*1*1,3,AF42A,克里斯,收货,上架
CaQE90LoBl,黑色 品牌01 900 文件柜（储物锁柜）,文件柜,品牌01,900,储物锁柜,黑色,8*1*1,5,BG82G,大卫,收货,上架
CuRG90FiBl,黑色 品牌03 900 储物柜（文件收纳）,储物柜,品牌03,900,文件收纳,黑色,8*1*1,7,DR51C,艾米,收货,上架
OfXESErGr,灰色 品牌06 小号 办公椅（人体工学）,办公椅,品牌06,小号,人体工学,灰色,16*1*1,11,DG23D,简,收货,上架
PrNoA4MoMi,混合色 品牌26 四号纸 打印机（黑白）,打印机,品牌26,四号纸,黑白,混合色,16*1*1,1,AW95H,劳拉,收货,上架
AlOv17i7Wh,白色 品牌13 17英寸 一体机（第7代处理器）,一体机,品牌13,17英寸,第7代处理器,白色,16*1*1,3,CS11C,简,收货,上架
NoGrA4ruGr,灰色 品牌18 四号纸 笔记本（横线）,笔记本,品牌18,四号纸,横线,灰色,48*10*5,2138,DL75A,简,收货,上架
PrNoA4LaGr,灰色 品牌26 四号纸 打印机（激光）,打印机,品牌26,四号纸,激光,灰色,16*1*1,1,BZ44C,迈克,收货,上架
GaAESLeWh,白色 品牌05 小号 游戏椅（皮革）,游戏椅,品牌05,小号,皮革,白色,16*1*1,13,DL37H,克里斯,收货,上架
SPRe12WaPi,粉色 品牌22 12 触控笔（水彩）,触控笔,品牌22,12,水彩,粉色,48*10*5,88,BT73A,艾米,收货,上架
PrSoA2AlMi,混合色 品牌25 二号纸 打印机（一体式）,打印机,品牌25,二号纸,一体式,混合色,16*1*1,8,BT94D,约翰,收货,上架
DrQE18LoWh,白色 品牌01 1800 抽屉柜（储物锁柜）,抽屉柜,品牌01,1800,储物锁柜,白色,8*1*1,3,AM23A,克里斯,收货,上架
TVGn654KBl,黑色 品牌30 65英寸 电视机（超高清）,电视机,品牌30,65英寸,超高清,黑色,8*1*1,5,CV09B,艾米,收货,上架
TVYn75SFGr,灰色 品牌15 75英寸 电视机（超级全高清）,电视机,品牌15,75英寸,超级全高清,灰色,8*1*1,7,AF75B,亚历克斯,收货,上架
AlSu1532Wh,白色 品牌11 15英寸 一体机（32吉字节内存）,一体机,品牌11,15英寸,32吉字节内存,白色,16*1*1,2,BO57A,简,收货,上架
AlOv1416Si,银色 品牌13 14英寸 一体机（16吉字节内存）,一体机,品牌13,14英寸,16吉字节内存,银色,16*1*1,11,AY10B,亚历克斯,收货,上架
GaOGMHeWh,白色 品牌07 中号 游戏椅（头枕）,游戏椅,品牌07,中号,头枕,白色,16*1*1,12,BX08E,大卫,收货,上架
SPGi50SoWh,白色 品牌21 50 触控笔（可溶性）,触控笔,品牌21,50,可溶性,白色,48*10*5,1669,CO81G,莎拉,收货,上架
AlRe158GBl,黑色 品牌14 15英寸 一体机（8吉字节内存）,一体机,品牌14,15英寸,8吉字节内存,黑色,16*1*1,4,AK34D,劳拉,收货,上架
GaAELErWh,白色 品牌05 大号 游戏椅（人体工学）,游戏椅,品牌05,大号,人体工学,白色,16*1*1,16,DS92F,亚历克斯,收货,上架
KeRe35MeWh,白色 品牌10 350 键盘（机械式）,键盘,品牌10,350,机械式,白色,16*10*1,100,DZ58E,艾米,收货,上架
PrSoA3MoBl,黑色 品牌25 三号纸 打印机（黑白）,打印机,品牌25,三号纸,黑白,黑色,16*1*1,16,DU70B,亚历克斯,收货,上架
MoHc45MeWh,白色 品牌09 450 鼠标（机械式）,鼠标,品牌09,450,机械式,白色,16*10*1,25,CU43B,简,收货,上架
TaAE18FrSi,银色 品牌05 1800 桌子（框架式）,桌子,品牌05,1800,框架式,银色,8*1*1,6,AL68F,亚历克斯,收货,上架
CaRG12SlBl,黑色 品牌03 1200 文件柜（滑动式）,文件柜,品牌03,1200,滑动式,黑色,8*1*1,5,BF24D,大卫,收货,上架
AlYn1432Gr,灰色 品牌15 14英寸 一体机（32吉字节内存）,一体机,品牌15,14英寸,32吉字节内存,灰色,16*1*1,8,BF55B,艾米,收货,上架
DrQE18DoWh,白色 品牌01 1800 抽屉柜（带门式）,抽屉柜,品牌01,1800,带门式,白色,8*1*1,2,CJ82F,亚历克斯,收货,上架
PeRe50HePi,粉色 品牌22 50 铅笔（六角形）,铅笔,品牌22,50,六角形,粉色,48*10*5,44,AG46D,艾米丽,收货,上架
GaAELErPi,粉色 品牌05 大号 游戏椅（人体工学）,游戏椅,品牌05,大号,人体工学,粉色,16*1*1,4,CH64F,约翰,收货,上架
PrSoA4InWh,白色 品牌25 四号纸 打印机（喷墨）,打印机,品牌25,四号纸,喷墨,白色,16*1*1,15,CZ43F,迈克,收货,上架
TaTR10FrWh,白色 品牌29 1000 桌子（框架式）,桌子,品牌29,1000,框架式,白色,8*1*1,5,AU20E,克里斯,收货,上架
OfOGLHeWh,白色 品牌07 大号 办公椅（头枕）,办公椅,品牌07,大号,头枕,白色,16*1*1,3,CM01H,迈克,收货,上架
MoRe35BlWh,白色 品牌10 350 鼠标（蓝牙）,鼠标,品牌10,350,蓝牙,白色,16*10*1,55,BH10A,莎拉,收货,上架
GaSESAdGr,灰色 品牌08 小号 游戏椅（可调节）,游戏椅,品牌08,小号,可调节,灰色,16*1*1,2,CK11F,大卫,收货,上架
MoHc35BlPi,粉色 品牌09 350 鼠标（蓝牙）,鼠标,品牌09,350,蓝牙,粉色,16*10*1,63,BF57G,大卫,收货,上架
TaTR18AdBl,黑色 品牌29 1800 桌子（可调节）,桌子,品牌29,1800,可调节,黑色,8*1*1,2,CK35C,简,收货,上架
PrReA2WiMi,混合色 品牌24 二号纸 打印机（无线网络）,打印机,品牌24,二号纸,无线网络,混合色,16*1*1,8,DU43F,克里斯,收货,上架
PeGi12SoPi,粉色 品牌21 12 铅笔（可溶性）,铅笔,品牌21,12,可溶性,粉色,48*10*5,131,DP61G,简,收货,上架
OfSEMErBl,黑色 品牌08 中号 办公椅（人体工学）,办公椅,品牌08,中号,人体工学,黑色,16*1*1,10,BQ09F,亚历克斯,收货,上架
LaPH14i5Si,银色 品牌12 14英寸 笔记本电脑（第5代处理器）,笔记本电脑,品牌12,14英寸,第5代处理器,银色,16*1*1,14,AP13F,克里斯,收货,上架
SPNa12SoBl,黑色 品牌23 12 触控笔（可溶性）,触控笔,品牌23,12,可溶性,黑色,48*10*5,1579,AP12G,迈克,收货,上架
TVGL42S4Gr,灰色 品牌31 42英寸 电视机（超级超高清）,电视机,品牌31,42英寸,超级超高清,灰色,8*1*1,4,BF06C,亚历克斯,收货,上架
TVGL65SFWh,白色 品牌31 65英寸 电视机（超级全高清）,电视机,品牌31,65英寸,超级全高清,白色,8*1*1,1,BL50E,莎拉,收货,上架
LaYn1532Gr,灰色 品牌15 15英寸 笔记本电脑（32吉字节内存）,笔记本电脑,品牌15,15英寸,32吉字节内存,灰色,16*1*1,13,BW18F,亚历克斯,收货,上架
DrTE90SlBl,黑色 品牌04 900 抽屉柜（滑动式）,抽屉柜,品牌04,900,滑动式,黑色,8*1*1,7,AK39E,艾米,收货,上架
AlYn17i5Gr,灰色 品牌15 17英寸 一体机（第5代处理器）,一体机,品牌15,17英寸,第5代处理器,灰色,16*1*1,16,AH77B,艾米丽,收货,上架
CuQE90LoBl,黑色 品牌01 900 储物柜（储物锁柜）,储物柜,品牌01,900,储物锁柜,黑色,8*1*1,6,DU42H,艾米丽,收货,上架
CaRG18SlWh,白色 品牌03 1800 文件柜（滑动式）,文件柜,品牌03,1800,滑动式,白色,8*1*1,7,CU33D,莎拉,收货,上架
MoPH35BlBl,黑色 品牌12 350 鼠标（蓝牙）,鼠标,品牌12,350,蓝牙,黑色,16*10*1,2,BS54H,莎拉,收货,上架
OfSELErBl,黑色 品牌08 大号 办公椅（人体工学）,办公椅,品牌08,大号,人体工学,黑色,16*1*1,2,BU35E,劳拉,收货,上架
NoMuA4liSi,银色 品牌19 四号纸 笔记本（线条）,笔记本,品牌19,四号纸,线条,银色,48*10*5,407,AP24F,亚历克斯,收货,上架
AlSu14i7Si,银色 品牌11 14英寸 一体机（第7代处理器）,一体机,品牌11,14英寸,第7代处理器,银色,16*1*1,5,BQ09F,艾米,收货,上架
OfAESErBl,黑色 品牌05 小号 办公椅（人体工学）,办公椅,品牌05,小号,人体工学,黑色,16*1*1,1,CZ55C,艾米丽,收货,上架
TaAE15WoWh,白色 品牌05 1500 桌子（工作站）,桌子,品牌05,1500,工作站,白色,8*1*1,4,AH35A,大卫,收货,上架
KePH45MeNa,藏青色 品牌12 450 键盘（机械式）,键盘,品牌12,450,机械式,藏青色,16*10*1,2,AO30B,艾米,收货,上架
LaSu1432Bl,黑色 品牌11 14英寸 笔记本电脑（32吉字节内存）,笔记本电脑,品牌11,14英寸,32吉字节内存,黑色,16*1*1,9,CF06H,约翰,收货,上架
PrSoA3AlMi,混合色 品牌25 三号纸 打印机（一体式）,打印机,品牌25,三号纸,一体式,混合色,16*1*1,14,DI91C,大卫,收货,上架
TaTR18AuBl,黑色 品牌29 1800 桌子（自动调节）,桌子,品牌29,1800,自动调节,黑色,8*1*1,2,CK65D,简,收货,上架
AlOv148GBl,黑色 品牌13 14英寸 一体机（8吉字节内存）,一体机,品牌13,14英寸,8吉字节内存,黑色,16*1*1,13,BN87E,亚历克斯,收货,上架
PeNa12WaPi,粉色 品牌23 12 铅笔（水彩）,铅笔,品牌23,12,水彩,粉色,48*10*5,897,BQ04G,迈克,收货,上架
CaTE18DoBe,米色 品牌04 1800 文件柜（带门式）,文件柜,品牌04,1800,带门式,米色,8*1*1,1,CG52H,艾米,收货,上架
CaRG12LoBl,黑色 品牌03 1200 文件柜（储物锁柜）,文件柜,品牌03,1200,储物锁柜,黑色,8*1*1,8,BG17B,艾米,收货,上架
TVGn50FHWh,白色 品牌30 50英寸 电视机（全高清）,电视机,品牌30,50英寸,全高清,白色,8*1*1,2,DJ63E,克里斯,收货,上架
AlYn1732Bl,黑色 品牌15 17英寸 一体机（32吉字节内存）,一体机,品牌15,17英寸,32吉字节内存,黑色,16*1*1,16,AN85G,克里斯,收货,上架
PeRe24WaBl,黑色 品牌22 24 铅笔（水彩）,铅笔,品牌22,24,水彩,黑色,48*10*5,1174,DX95C,莎拉,收货,上架
TVGn42SFGr,灰色 品牌30 42英寸 电视机（超级全高清）,电视机,品牌30,42英寸,超级全高清,灰色,8*1*1,3,CM09B,简,收货,上架
NoScA3liWh,白色 品牌17 三号纸 笔记本（线条）,笔记本,品牌17,三号纸,线条,白色,48*10*5,1856,BH39A,约翰,收货,上架
LaPH1516Si,银色 品牌12 15英寸 笔记本电脑（16吉字节内存）,笔记本电脑,品牌12,15英寸,16吉字节内存,银色,16*1*1,6,DJ23B,劳拉,收货,上架
CuQE90DoBl,黑色 品牌01 900 储物柜（带门式）,储物柜,品牌01,900,带门式,黑色,8*1*1,1,DT30A,简,收货,上架
KeHc35ErBl,黑色 品牌09 350 键盘（人体工学）,键盘,品牌09,350,人体工学,黑色,16*10*1,85,BJ62H,简,收货,上架
PrReA3InGr,灰色 品牌24 三号纸 打印机（喷墨）,打印机,品牌24,三号纸,喷墨,灰色,16*1*1,8,AU61E,劳拉,收货,上架
TVYn65S4Gr,灰色 品牌15 65英寸 电视机（超级超高清）,电视机,品牌15,65英寸,超级超高清,灰色,8*1*1,1,BT26A,大卫,收货,上架
TVGn42SFWh,白色 品牌30 42英寸 电视机（超级全高清）,电视机,品牌30,42英寸,超级全高清,白色,8*1*1,8,BJ72C,莎拉,收货,上架
PrPHA4MoWh,白色 品牌12 四号纸 打印机（黑白）,打印机,品牌12,四号纸,黑白,白色,16*1*1,8,DF65D,大卫,收货,上架
LaSu1732Gr,灰色 品牌11 17英寸 笔记本电脑（32吉字节内存）,笔记本电脑,品牌11,17英寸,32吉字节内存,灰色,16*1*1,2,DW08C,迈克,收货,上架
SPGi50SoPi,粉色 品牌21 50 触控笔（可溶性）,触控笔,品牌21,50,可溶性,粉色,48*10*5,1401,BI39C,简,收货,上架
CuQE12LoWh,白色 品牌01 1200 储物柜（储物锁柜）,储物柜,品牌01,1200,储物锁柜,白色,8*1*1,5,AX82H,克里斯,收货,上架
DrRG12SlGr,灰色 品牌03 1200 抽屉柜（滑动式）,抽屉柜,品牌03,1200,滑动式,灰色,8*1*1,2,BR85A,克里斯,收货,上架
PeRe50HeBl,黑色 品牌22 50 铅笔（六角形）,铅笔,品牌22,50,六角形,黑色,48*10*5,1204,CU06F,亚历克斯,收货,上架
OfOGMLeWh,白色 品牌07 中号 办公椅（皮革）,办公椅,品牌07,中号,皮革,白色,16*1*1,2,DL13C,简,收货,上架
KePH27WiBl,黑色 品牌12 270 键盘（有线）,键盘,品牌12,270,有线,黑色,16*10*1,69,DP25E,大卫,收货,上架
CuQE12DoBl,黑色 品牌01 1200 储物柜（带门式）,储物柜,品牌01,1200,带门式,黑色,8*1*1,2,BU92A,亚历克斯,收货,上架
PeAl24WaBl,黑色 品牌20 24 铅笔（水彩）,铅笔,品牌20,24,水彩,黑色,48*10*5,1429,BJ30A,莎拉,收货,上架
AlOv17i7Gr,灰色 品牌13 17英寸 一体机（第7代处理器）,一体机,品牌13,17英寸,第7代处理器,灰色,16*1*1,12,BJ02F,劳拉,收货,上架
PeAl24SoGr,灰色 品牌20 24 铅笔（可溶性）,铅笔,品牌20,24,可溶性,灰色,48*10*5,1358,CY94C,亚历克斯,收货,上架
OfSEMAdGr,灰色 品牌08 中号 办公椅（可调节）,办公椅,品牌08,中号,可调节,灰色,16*1*1,10,CN98E,艾米丽,收货,上架
OfAEMLePi,粉色 品牌05 中号 办公椅（皮革）,办公椅,品牌05,中号,皮革,粉色,16*1*1,13,BP60G,大卫,收货,上架
TVGn65SFGr,灰色 品牌30 65英寸 电视机（超级全高清）,电视机,品牌30,65英寸,超级全高清,灰色,8*1*1,2,DQ22A,约翰,收货,上架
AlYn1732Si,银色 品牌15 17英寸 一体机（32吉字节内存）,一体机,品牌15,17英寸,32吉字节内存,银色,16*1*1,5,CL60D,莎拉,收货,上架
TVYn32FHWh,白色 品牌15 32英寸 电视机（全高清）,电视机,品牌15,32英寸,全高清,白色,8*1*1,3,CN45C,约翰,收货,上架
DrQE90FiWh,白色 品牌01 900 抽屉柜（文件收纳）,抽屉柜,品牌01,900,文件收纳,白色,8*1*1,8,BU30G,克里斯,收货,上架
LaOv15i5Bl,黑色 品牌13 15英寸 笔记本电脑（第5代处理器）,笔记本电脑,品牌13,15英寸,第5代处理器,黑色,16*1*1,2,DL27B,艾米,收货,上架
SPRe12HePi,粉色 品牌22 12 触控笔（六角形）,触控笔,品牌22,12,六角形,粉色,48*10*5,325,CT51H,劳拉,收货,上架
PrPHA2InBl,黑色 品牌12 二号纸 打印机（喷墨）,打印机,品牌12,二号纸,喷墨,黑色,16*1*1,4,CT49H,艾米丽,收货,上架
PrPHA4MoGr,灰色 品牌12 四号纸 打印机（黑白）,打印机,品牌12,四号纸,黑白,灰色,16*1*1,9,AW03B,劳拉,收货,上架
AlYn158GBl,黑色 品牌15 15英寸 一体机（8吉字节内存）,一体机,品牌15,15英寸,8吉字节内存,黑色,16*1*1,15,DX44G,大卫,收货,上架
CaRG90LoGr,灰色 品牌03 900 文件柜（储物锁柜）,文件柜,品牌03,900,储物锁柜,灰色,8*1*1,5,DF12E,克里斯,收货,上架
DrRG90LoGr,灰色 品牌03 900 抽屉柜（储物锁柜）,抽屉柜,品牌03,900,储物锁柜,灰色,8*1*1,3,AO81G,简,收货,上架
LaOv14i7Wh,白色 品牌13 14英寸 笔记本电脑（第7代处理器）,笔记本电脑,品牌13,14英寸,第7代处理器,白色,16*1*1,10,CQ73F,克里斯,收货,上架
MoHc27WiNa,藏青色 品牌09 270 鼠标（有线）,鼠标,品牌09,270,有线,藏青色,16*10*1,154,CZ53B,劳拉,收货,上架
LaOv15i5Si,银色 品牌13 15英寸 笔记本电脑（第5代处理器）,笔记本电脑,品牌13,15英寸,第5代处理器,银色,16*1*1,14,AX41E,大卫,收货,上架
GaOGLAdGr,灰色 品牌07 大号 游戏椅（可调节）,游戏椅,品牌07,大号,可调节,灰色,16*1*1,4,DO16B,简,收货,上架
AlSu1516Gr,灰色 品牌11 15英寸 一体机（16吉字节内存）,一体机,品牌11,15英寸,16吉字节内存,灰色,16*1*1,4,CL02C,约翰,收货,上架
MoPH27BlPi,粉色 品牌12 270 鼠标（蓝牙）,鼠标,品牌12,270,蓝牙,粉色,16*10*1,160,DW88C,莎拉,收货,上架
GaXEMErBl,黑色 品牌06 中号 游戏椅（人体工学）,游戏椅,品牌06,中号,人体工学,黑色,16*1*1,1,DR65H,莎拉,收货,上架
KePH35WiWh,白色 品牌12 350 键盘（有线）,键盘,品牌12,350,有线,白色,16*10*1,128,DP39C,迈克,收货,上架
GaXEMErBl,黑色 品牌06 中号 游戏椅（人体工学）,游戏椅,品牌06,中号,人体工学,黑色,16*1*1,12,AZ43H,简,收货,上架
PrPHA3LaGr,灰色 品牌12 三号纸 打印机（激光）,打印机,品牌12,三号纸,激光,灰色,16*1*1,3,DR33F,大卫,收货,上架
AlYn1732Wh,白色 品牌15 17英寸 一体机（32吉字节内存）,一体机,品牌15,17英寸,32吉字节内存,白色,16*1*1,2,BF41G,艾米,收货,上架
TaCI18AuSi,银色 品牌27 1800 桌子（自动调节）,桌子,品牌27,1800,自动调节,银色,8*1*1,2,AQ10B,艾米,收货,上架
CuWE18DoBl,黑色 品牌02 1800 储物柜（带门式）,储物柜,品牌02,1800,带门式,黑色,8*1*1,6,CV86D,大卫,收货,上架
MoSu35MeWh,白色 品牌11 350 鼠标（机械式）,鼠标,品牌11,350,机械式,白色,16*10*1,93,CU88H,大卫,收货,上架
KeSu27WiBl,黑色 品牌11 270 键盘（有线）,键盘,品牌11,270,有线,黑色,16*10*1,24,DN64B,克里斯,收货,上架
KeSu35ErWh,白色 品牌11 350 键盘（人体工学）,键盘,品牌11,350,人体工学,白色,16*10*1,19,AP84F,约翰,收货,上架
LaSu1516Wh,白色 品牌11 15英寸 笔记本电脑（16吉字节内存）,笔记本电脑,品牌11,15英寸,16吉字节内存,白色,16*1*1,7,AX33G,艾米丽,收货,上架
CaRG12FiGr,灰色 品牌03 1200 文件柜（文件收纳）,文件柜,品牌03,1200,文件收纳,灰色,8*1*1,1,CY95H,艾米,收货,上架
LaSu14i7Wh,白色 品牌11 14英寸 笔记本电脑（第7代处理器）,笔记本电脑,品牌11,14英寸,第7代处理器,白色,16*1*1,12,DT24B,克里斯,收货,上架
TVGn75S4Bl,黑色 品牌30 75英寸 电视机（超级超高清）,电视机,品牌30,75英寸,超级超高清,黑色,8*1*1,3,DS81C,克里斯,收货,上架
CaTE90FiWh,白色 品牌04 900 文件柜（文件收纳）,文件柜,品牌04,900,文件收纳,白色,8*1*1,4,AU05H,亚历克斯,收货,上架
DrRG12FiBl,黑色 品牌03 1200 抽屉柜（文件收纳）,抽屉柜,品牌03,1200,文件收纳,黑色,8*1*1,2,AL97F,艾米,收货,上架
LaPH1516Bl,黑色 品牌12 15英寸 笔记本电脑（16吉字节内存）,笔记本电脑,品牌12,15英寸,16吉字节内存,黑色,16*1*1,3,AV64F,艾米丽,收货,上架
SPGi24HeWh,白色 品牌21 24 触控笔（六角形）,触控笔,品牌21,24,六角形,白色,48*10*5,732,AU78B,简,收货,上架
LaRe1416Bl,黑色 品牌14 14英寸 笔记本电脑（16吉字节内存）,笔记本电脑,品牌14,14英寸,16吉字节内存,黑色,16*1*1,7,BQ04G,克里斯,收货,上架
GaSELLeGr,灰色 品牌08 大号 游戏椅（皮革）,游戏椅,品牌08,大号,皮革,灰色,16*1*1,3,CZ97H,大卫,收货,上架
LaSu178GSi,银色 品牌11 17英寸 笔记本电脑（8吉字节内存）,笔记本电脑,品牌11,17英寸,8吉字节内存,银色,16*1*1,16,DH30G,莎拉,收货,上架
TVGn50FHBl,黑色 品牌30 50英寸 电视机（全高清）,电视机,品牌30,50英寸,全高清,黑色,8*1*1,7,AS12E,简,收货,上架
TaCI15WoWh,白色 品牌27 1500 桌子（工作站）,桌子,品牌27,1500,工作站,白色,8*1*1,7,DJ28C,莎拉,收货,上架
SPRe12WaPi,粉色 品牌22 12 触控笔（水彩）,触控笔,品牌22,12,水彩,粉色,48*10*5,335,BZ49H,约翰,收货,上架
TVGL32S4Bl,黑色 品牌31 32英寸 电视机（超级超高清）,电视机,品牌31,32英寸,超级超高清,黑色,8*1*1,7,AI42D,简,收货,上架
LaRe1416Wh,白色 品牌14 14英寸 笔记本电脑（16吉字节内存）,笔记本电脑,品牌14,14英寸,16吉字节内存,白色,16*1*1,5,DW76A,莎拉,收货,上架
KeSu27MeBl,黑色 品牌11 270 键盘（机械式）,键盘,品牌11,270,机械式,黑色,16*10*1,145,CZ91D,亚历克斯,收货,上架
SPRe24SoPi,粉色 品牌22 24 触控笔（可溶性）,触控笔,品牌22,24,可溶性,粉色,48*10*5,67,BP06A,劳拉,收货,上架
PeNa12HeWh,白色 品牌23 12 铅笔（六角形）,铅笔,品牌23,12,六角形,白色,48*10*5,93,CJ84G,莎拉,收货,上架
MoPH45ErWh,白色 品牌12 450 鼠标（人体工学）,鼠标,品牌12,450,人体工学,白色,16*10*1,107,DM29G,艾米丽,收货,上架
LaRe17i7Gr,灰色 品牌14 17英寸 笔记本电脑（第7代处理器）,笔记本电脑,品牌14,17英寸,第7代处理器,灰色,16*1*1,2,DV79G,简,收货,上架
GaXESErWh,白色 品牌06 小号 游戏椅（人体工学）,游戏椅,品牌06,小号,人体工学,白色,16*1*1,5,DN05D,亚历克斯,收货,上架
CuQE18LoBl,黑色 品牌01 1800 储物柜（储物锁柜）,储物柜,品牌01,1800,储物锁柜,黑色,8*1*1,6,CL51F,艾米丽,收货,上架
PrSoA2MoBl,黑色 品牌25 二号纸 打印机（黑白）,打印机,品牌25,二号纸,黑白,黑色,16*1*1,11,AN74G,迈克,收货,上架
PrNoA2LaMi,混合色 品牌26 二号纸 打印机（激光）,打印机,品牌26,二号纸,激光,混合色,16*1*1,4,DO50D,艾米丽,收货,上架
AlOv1732Wh,白色 品牌13 17英寸 一体机（32吉字节内存）,一体机,品牌13,17英寸,32吉字节内存,白色,16*1*1,15,CJ16D,克里斯,收货,上架
AlPH178GWh,白色 品牌12 17英寸 一体机（8吉字节内存）,一体机,品牌12,17英寸,8吉字节内存,白色,16*1*1,7,BN76E,艾米,收货,上架
CuQE12SlWh,白色 品牌01 1200 储物柜（滑动式）,储物柜,品牌01,1200,滑动式,白色,8*1*1,5,AG28B,艾米,收货,上架
LaPH17i7Gr,灰色 品牌12 17英寸 笔记本电脑（第7代处理器）,笔记本电脑,品牌12,17英寸,第7代处理器,灰色,16*1*1,3,DZ76A,劳拉,收货,上架
PrPHA3InWh,白色 品牌12 三号纸 打印机（喷墨）,打印机,品牌12,三号纸,喷墨,白色,16*1*1,4,CK59D,艾米丽,收货,上架
CaQE12LoWh,白色 品牌01 1200 文件柜（储物锁柜）,文件柜,品牌01,1200,储物锁柜,白色,8*1*1,5,CV13F,亚历克斯,收货,上架
AlYn1432Gr,灰色 品牌15 14英寸 一体机（32吉字节内存）,一体机,品牌15,14英寸,32吉字节内存,灰色,16*1*1,3,CI95D,艾米丽,收货,上架
MoHc35WiBl,黑色 品牌09 350 鼠标（有线）,鼠标,品牌09,350,有线,黑色,16*10*1,84,CO27G,简,收货,上架
MoRe27BlWh,白色 品牌10 270 鼠标（蓝牙）,鼠标,品牌10,270,蓝牙,白色,16*10*1,70,DV63D,亚历克斯,收货,上架
TVYn324KSi,银色 品牌15 32英寸 电视机（超高清）,电视机,品牌15,32英寸,超高清,银色,8*1*1,1,AS36A,艾米丽,收货,上架
DrRG12LoBe,米色 品牌03 1200 抽屉柜（储物锁柜）,抽屉柜,品牌03,1200,储物锁柜,米色,8*1*1,6,CN73E,简,收货,上架
MoPH27WiPi,粉色 品牌12 270 鼠标（有线）,鼠标,品牌12,270,有线,粉色,16*10*1,160,CZ88E,迈克,收货,上架
LaYn14i7Gr,灰色 品牌15 14英寸 笔记本电脑（第7代处理器）,笔记本电脑,品牌15,14英寸,第7代处理器,灰色,16*1*1,14,BS34E,艾米,收货,上架
SPNa50HeGr,灰色 品牌23 50 触控笔（六角形）,触控笔,品牌23,50,六角形,灰色,48*10*5,2126,AH76G,迈克,收货,上架
KeRe35BlWh,白色 品牌10 350 键盘（蓝牙）,键盘,品牌10,350,蓝牙,白色,16*10*1,136,AT22A,劳拉,收货,上架
CaTE90SlBe,米色 品牌04 900 文件柜（滑动式）,文件柜,品牌04,900,滑动式,米色,8*1*1,4,AZ39B,劳拉,收货,上架
AlRe17i5Gr,灰色 品牌14 17英寸 一体机（第5代处理器）,一体机,品牌14,17英寸,第5代处理器,灰色,16*1*1,14,AZ08H,亚历克斯,收货,上架
LaOv14i7Gr,灰色 品牌13 14英寸 笔记本电脑（第7代处理器）,笔记本电脑,品牌13,14英寸,第7代处理器,灰色,16*1*1,11,AI46G,迈克,收货,上架
AlSu1732Wh,白色 品牌11 17英寸 一体机（32吉字节内存）,一体机,品牌11,17英寸,32吉字节内存,白色,16*1*1,10,CS94F,劳拉,收货,上架
PrPHA4LaBl,黑色 品牌12 四号纸 打印机（激光）,打印机,品牌12,四号纸,激光,黑色,16*1*1,15,BP52H,约翰,收货,上架
TVEs75FHBl,黑色 品牌32 75英寸 电视机（全高清）,电视机,品牌32,75英寸,全高清,黑色,8*1*1,7,DI44F,克里斯,收货,上架
CaWE90SlBe,米色 品牌02 900 文件柜（滑动式）,文件柜,品牌02,900,滑动式,米色,8*1*1,4,BY35G,艾米丽,收货,上架
TVGL42SFGr,灰色 品牌31 42英寸 电视机（超级全高清）,电视机,品牌31,42英寸,超级全高清,灰色,8*1*1,3,BM61F,迈克,收货,上架
CaQE12FiGr,灰色 品牌01 1200 文件柜（文件收纳）,文件柜,品牌01,1200,文件收纳,灰色,8*1*1,8,AL51G,劳拉,收货,上架
CuQE90SlWh,白色 品牌01 900 储物柜（滑动式）,储物柜,品牌01,900,滑动式,白色,8*1*1,3,BL69F,莎拉,收货,上架
KePH27BlPi,粉色 品牌12 270 键盘（蓝牙）,键盘,品牌12,270,蓝牙,粉色,16*10*1,79,DP92E,简,收货,上架
AlSu1716Si,银色 品牌11 17英寸 一体机（16吉字节内存）,一体机,品牌11,17英寸,16吉字节内存,银色,16*1*1,9,CS33F,艾米丽,收货,上架
GaXEMErPi,粉色 品牌06 中号 游戏椅（人体工学）,游戏椅,品牌06,中号,人体工学,粉色,16*1*1,4,BI40D,劳拉,收货,上架
TaTR18AdSi,银色 品牌28 1800 桌子（可调节）,桌子,品牌28,1800,可调节,银色,8*1*1,8,AU74F,莎拉,收货,上架
LaSu1516Bl,黑色 品牌11 15英寸 笔记本电脑（16吉字节内存）,笔记本电脑,品牌11,15英寸,16吉字节内存,黑色,16*1*1,13,AF71B,劳拉,收货,上架
DrRG18SlGr,灰色 品牌03 1800 抽屉柜（滑动式）,抽屉柜,品牌03,1800,滑动式,灰色,8*1*1,7,AY27H,克里斯,收货,上架
KeRe45WiBl,黑色 品牌10 450 键盘（有线）,键盘,品牌10,450,有线,黑色,16*10*1,18,DS06E,艾米,收货,上架
LaRe178GBl,黑色 品牌14 17英寸 笔记本电脑（8吉字节内存）,笔记本电脑,品牌14,17英寸,8吉字节内存,黑色,16*1*1,16,AM46E,简,收货,上架
TVGn50FHBl,黑色 品牌30 50英寸 电视机（全高清）,电视机,品牌30,50英寸,全高清,黑色,8*1*1,3,CK53F,约翰,收货,上架
PrPHA3InGr,灰色 品牌12 三号纸 打印机（喷墨）,打印机,品牌12,三号纸,喷墨,灰色,16*1*1,6,AF60A,简,收货,上架
PrNoA3InMi,混合色 品牌26 三号纸 打印机（喷墨）,打印机,品牌26,三号纸,喷墨,混合色,16*1*1,1,CR94A,艾米丽,收货,上架
PrPHA3AlWh,白色 品牌12 三号纸 打印机（一体式）,打印机,品牌12,三号纸,一体式,白色,16*1*1,9,AG40H,艾米丽,收货,上架
NoExA3ruBl,黑色 品牌16 三号纸 笔记本（横线）,笔记本,品牌16,三号纸,横线,黑色,48*10*5,682,CZ98D,大卫,收货,上架
CuTE90DoGr,灰色 品牌04 900 储物柜（带门式）,储物柜,品牌04,900,带门式,灰色,8*1*1,7,CG73E,艾米,收货,上架
CaRG18LoGr,灰色 品牌03 1800 文件柜（储物锁柜）,文件柜,品牌03,1800,储物锁柜,灰色,8*1*1,2,AL07H,艾米,收货,上架
PeAl50WaWh,白色 品牌20 50 铅笔（水彩）,铅笔,品牌20,50,水彩,白色,48*10*5,1004,BS35C,大卫,收货,上架
TVGn75FHSi,银色 品牌30 75英寸 电视机（全高清）,电视机,品牌30,75英寸,全高清,银色,8*1*1,3,DJ92A,迈克,收货,上架
CaWE90SlBe,米色 品牌02 900 文件柜（滑动式）,文件柜,品牌02,900,滑动式,米色,8*1*1,5,AJ34E,迈克,收货,上架
AlOv1532Si,银色 品牌13 15英寸 一体机（32吉字节内存）,一体机,品牌13,15英寸,32吉字节内存,银色,16*1*1,11,CX97C,劳拉,收货,上架
KeHc45BlPi,粉色 品牌09 450 键盘（蓝牙）,键盘,品牌09,450,蓝牙,粉色,16*10*1,82,AP06F,艾米,收货,上架
AlSu1516Bl,黑色 品牌11 15英寸 一体机（16吉字节内存）,一体机,品牌11,15英寸,16吉字节内存,黑色,16*1*1,3,CT62H,约翰,收货,上架
SPGi24SoBl,黑色 品牌21 24 触控笔（可溶性）,触控笔,品牌21,24,可溶性,黑色,48*10*5,2395,AI31F,克里斯,收货,上架
AlRe14i5Gr,灰色 品牌14 14英寸 一体机（第5代处理器）,一体机,品牌14,14英寸,第5代处理器,灰色,16*1*1,9,DO01B,艾米,收货,上架
CuQE18SlGr,灰色 品牌01 1800 储物柜（滑动式）,储物柜,品牌01,1800,滑动式,灰色,8*1*1,2,DS80A,亚历克斯,收货,上架
LaPH1532Si,银色 品牌12 15英寸 笔记本电脑（32吉字节内存）,笔记本电脑,品牌12,15英寸,32吉字节内存,银色,16*1*1,15,CW82D,莎拉,收货,上架
GaXEMLeGr,灰色 品牌06 中号 游戏椅（皮革）,游戏椅,品牌06,中号,皮革,灰色,16*1*1,3,AF27B,莎拉,收货,上架
CaRG12LoBl,黑色 品牌03 1200 文件柜（储物锁柜）,文件柜,品牌03,1200,储物锁柜,黑色,8*1*1,6,BV87B,艾米丽,收货,上架
MoPH27ErPi,粉色 品牌12 270 鼠标（人体工学）,鼠标,品牌12,270,人体工学,粉色,16*10*1,34,CJ73G,迈克,收货,上架
DrQE90DoWh,白色 品牌01 900 抽屉柜（带门式）,抽屉柜,品牌01,900,带门式,白色,8*1*1,3,DR83G,亚历克斯,收货,上架
AlOv14i5Gr,灰色 品牌13 14英寸 一体机（第5代处理器）,一体机,品牌13,14英寸,第5代处理器,灰色,16*1*1,10,BI40D,简,收货,上架
OfOGMHeWh,白色 品牌07 中号 办公椅（头枕）,办公椅,品牌07,中号,头枕,白色,16*1*1,9,CG57G,艾米,收货,上架
PrPHA2MoWh,白色 品牌12 二号纸 打印机（黑白）,打印机,品牌12,二号纸,黑白,白色,16*1*1,5,AY78A,大卫,收货,上架
GaXESHeGr,灰色 品牌06 小号 游戏椅（头枕）,游戏椅,品牌06,小号,头枕,灰色,16*1*1,16,DS38E,克里斯,收货,上架
NoMuA3ruBl,黑色 品牌19 三号纸 笔记本（横线）,笔记本,品牌19,三号纸,横线,黑色,48*10*5,1761,DL54F,莎拉,收货,上架
PeRe12HeBl,黑色 品牌22 12 铅笔（六角形）,铅笔,品牌22,12,六角形,黑色,48*10*5,1211,BW82B,克里斯,收货,上架
CaWE12LoGr,灰色 品牌02 1200 文件柜（储物锁柜）,文件柜,品牌02,1200,储物锁柜,灰色,8*1*1,2,DG70D,亚历克斯,收货,上架
MoPH45WiBl,黑色 品牌12 450 鼠标（有线）,鼠标,品牌12,450,有线,黑色,16*10*1,146,CZ48C,艾米,收货,上架
AlSu15i7Bl,黑色 品牌11 15英寸 一体机（第7代处理器）,一体机,品牌11,15英寸,第7代处理器,黑色,16*1*1,7,AH08D,莎拉,收货,上架
KeSu27ErPi,粉色 品牌11 270 键盘（人体工学）,键盘,品牌11,270,人体工学,粉色,16*10*1,58,DJ93C,莎拉,收货,上架
CaQE18LoGr,灰色 品牌01 1800 文件柜（储物锁柜）,文件柜,品牌01,1800,储物锁柜,灰色,8*1*1,8,BL55D,艾米,收货,上架
DrRG90FiWh,白色 品牌03 900 抽屉柜（文件收纳）,抽屉柜,品牌03,900,文件收纳,白色,8*1*1,1,CK25B,约翰,收货,上架
CuQE90FiBe,米色 品牌01 900 储物柜（文件收纳）,储物柜,品牌01,900,文件收纳,米色,8*1*1,6,DG84G,艾米丽,收货,上架
AlPH1516Gr,灰色 品牌12 15英寸 一体机（16吉字节内存）,一体机,品牌12,15英寸,16吉字节内存,灰色,16*1*1,2,BS20D,艾米,收货,上架
NoScA4liWh,白色 品牌17 四号纸 笔记本（线条）,笔记本,品牌17,四号纸,线条,白色,48*10*5,1456,AI39H,劳拉,收货,上架
TVGL32FHGr,灰色 品牌31 32英寸 电视机（全高清）,电视机,品牌31,32英寸,全高清,灰色,8*1*1,3,CG95E,约翰,收货,上架
GaOGLLeGr,灰色 品牌07 大号 游戏椅（皮革）,游戏椅,品牌07,大号,皮革,灰色,16*1*1,14,DK97A,约翰,收货,上架
KeSu45WiBl,黑色 品牌11 450 键盘（有线）,键盘,品牌11,450,有线,黑色,16*10*1,158,DR45F,约翰,收货,上架
SPGi12HeWh,白色 品牌21 12 触控笔（六角形）,触控笔,品牌21,12,六角形,白色,48*10*5,975,DG72C,克里斯,收货,上架
TVYn32SFGr,灰色 品牌15 32英寸 电视机（超级全高清）,电视机,品牌15,32英寸,超级全高清,灰色,8*1*1,5,BP33A,艾米,收货,上架
PeNa24SoGr,灰色 品牌23 24 铅笔（可溶性）,铅笔,品牌23,24,可溶性,灰色,48*10*5,815,BH65E,克里斯,收货,上架
CuWE18FiWh,白色 品牌02 1800 储物柜（文件收纳）,储物柜,品牌02,1800,文件收纳,白色,8*1*1,4,CY07G,简,收货,上架
DrRG18LoWh,白色 品牌03 1800 抽屉柜（储物锁柜）,抽屉柜,品牌03,1800,储物锁柜,白色,8*1*1,7,BY32D,迈克,收货,上架
PeAl24WaWh,白色 品牌20 24 铅笔（水彩）,铅笔,品牌20,24,水彩,白色,48*10*5,1688,AZ98H,简,收货,上架
MoHc45ErNa,藏青色 品牌09 450 鼠标（人体工学）,鼠标,品牌09,450,人体工学,藏青色,16*10*1,47,AG57G,迈克,收货,上架
MoPH45ErBl,黑色 品牌12 450 鼠标（人体工学）,鼠标,品牌12,450,人体工学,黑色,16*10*1,61,AO02H,迈克,收货,上架
DrWE12DoBe,米色 品牌02 1200 抽屉柜（带门式）,抽屉柜,品牌02,1200,带门式,米色,8*1*1,3,AT65B,大卫,收货,上架
TaAE10AuBl,黑色 品牌05 1000 桌子（自动调节）,桌子,品牌05,1000,自动调节,黑色,8*1*1,1,CF97F,莎拉,收货,上架
CaRG18FiBe,米色 品牌03 1800 文件柜（文件收纳）,文件柜,品牌03,1800,文件收纳,米色,8*1*1,4,AS92E,大卫,收货,上架
DrTE18FiWh,白色 品牌04 1800 抽屉柜（文件收纳）,抽屉柜,品牌04,1800,文件收纳,白色,8*1*1,5,DN70B,约翰,收货,上架
MoSu27BlBl,黑色 品牌11 270 鼠标（蓝牙）,鼠标,品牌11,270,蓝牙,黑色,16*10*1,35,DY11H,艾米,收货,上架
CuTE90DoBl,黑色 品牌04 900 储物柜（带门式）,储物柜,品牌04,900,带门式,黑色,8*1*1,6,AT57G,亚历克斯,收货,上架
CaRG12LoWh,白色 品牌03 1200 文件柜（储物锁柜）,文件柜,品牌03,1200,储物锁柜,白色,8*1*1,8,DQ68D,大卫,收货,上架
PrReA3InMi,混合色 品牌24 三号纸 打印机（喷墨）,打印机,品牌24,三号纸,喷墨,混合色,16*1*1,1,AF96A,迈克,收货,上架
TVGn65S4Wh,白色 品牌30 65英寸 电视机（超级超高清）,电视机,品牌30,65英寸,超级超高清,白色,8*1*1,8,AS66B,莎拉,收货,上架
TVEs50S4Si,银色 品牌32 50英寸 电视机（超级超高清）,电视机,品牌32,50英寸,超级超高清,银色,8*1*1,3,DZ24C,艾米丽,收货,上架
TaCI10AuBl,黑色 品牌27 1000 桌子（自动调节）,桌子,品牌27,1000,自动调节,黑色,8*1*1,4,BF62H,艾米丽,收货,上架
MoHc45ErNa,藏青色 品牌09 450 鼠标（人体工学）,鼠标,品牌09,450,人体工学,藏青色,16*10*1,83,AK21H,约翰,收货,上架
KePH27BlWh,白色 品牌12 270 键盘（蓝牙）,键盘,品牌12,270,蓝牙,白色,16*10*1,106,BW33D,克里斯,收货,上架
TaTR10AdBl,黑色 品牌28 1000 桌子（可调节）,桌子,品牌28,1000,可调节,黑色,8*1*1,6,CT51A,艾米,收货,上架
TaCI18WoSi,银色 品牌27 1800 桌子（工作站）,桌子,品牌27,1800,工作站,银色,8*1*1,7,DF64B,迈克,收货,上架
PeNa12HePi,粉色 品牌23 12 铅笔（六角形）,铅笔,品牌23,12,六角形,粉色,48*10*5,1855,AG11F,劳拉,收货,上架
AlYn178GGr,灰色 品牌15 17英寸 一体机（8吉字节内存）,一体机,品牌15,17英寸,8吉字节内存,灰色,16*1*1,6,CR11F,劳拉,收货,上架
CaQE18LoBl,黑色 品牌01 1800 文件柜（储物锁柜）,文件柜,品牌01,1800,储物锁柜,黑色,8*1*1,4,AN01C,大卫,收货,上架
OfAESLeWh,白色 品牌05 小号 办公椅（皮革）,办公椅,品牌05,小号,皮革,白色,16*1*1,5,CW51F,艾米丽,收货,上架
AlPH15i5Si,银色 品牌12 15英寸 一体机（第5代处理器）,一体机,品牌12,15英寸,第5代处理器,银色,16*1*1,7,CF45E,亚历克斯,收货,上架
AlSu178GWh,白色 品牌11 17英寸 一体机（8吉字节内存）,一体机,品牌11,17英寸,8吉字节内存,白色,16*1*1,9,BM17A,克里斯,收货,上架
DrRG12FiBl,黑色 品牌03 1200 抽屉柜（文件收纳）,抽屉柜,品牌03,1200,文件收纳,黑色,8*1*1,3,CQ14H,艾米,收货,上架
AlPH1432Wh,白色 品牌12 14英寸 一体机（32吉字节内存）,一体机,品牌12,14英寸,32吉字节内存,白色,16*1*1,16,BS20E,艾米,收货,上架
CaQE90FiWh,白色 品牌01 900 文件柜（文件收纳）,文件柜,品牌01,900,文件收纳,白色,8*1*1,3,AO81H,简,收货,上架
LaRe1732Gr,灰色 品牌14 17英寸 笔记本电脑（32吉字节内存）,笔记本电脑,品牌14,17英寸,32吉字节内存,灰色,16*1*1,1,AU81E,约翰,收货,上架
GaOGSErGr,灰色 品牌07 小号 游戏椅（人体工学）,游戏椅,品牌07,小号,人体工学,灰色,16*1*1,9,BZ68A,克里斯,收货,上架
TVEs50S4Wh,白色 品牌32 50英寸 电视机（超级超高清）,电视机,品牌32,50英寸,超级超高清,白色,8*1*1,5,CL38G,迈克,收货,上架
LaRe178GBl,黑色 品牌14 17英寸 笔记本电脑（8吉字节内存）,笔记本电脑,品牌14,17英寸,8吉字节内存,黑色,16*1*1,13,AF97G,莎拉,收货,上架
TVGL75S4Si,银色 品牌31 75英寸 电视机（超级超高清）,电视机,品牌31,75英寸,超级超高清,银色,8*1*1,4,CJ34D,迈克,收货,上架
LaOv1716Gr,灰色 品牌13 17英寸 笔记本电脑（16吉字节内存）,笔记本电脑,品牌13,17英寸,16吉字节内存,灰色,16*1*1,15,DR58D,简,收货,上架
DrQE90FiWh,白色 品牌01 900 抽屉柜（文件收纳）,抽屉柜,品牌01,900,文件收纳,白色,8*1*1,2,CW94H,莎拉,收货,上架
CuRG90DoBe,米色 品牌03 900 储物柜（带门式）,储物柜,品牌03,900,带门式,米色,8*1*1,3,CZ08D,艾米,收货,上架
CaTE90FiWh,白色 品牌04 900 文件柜（文件收纳）,文件柜,品牌04,900,文件收纳,白色,8*1*1,4,CK54C,莎拉,收货,上架
NoScA3liSi,银色 品牌17 三号纸 笔记本（线条）,笔记本,品牌17,三号纸,线条,银色,48*10*5,156,DP36B,约翰,收货,上架
AlSu148GWh,白色 品牌11 14英寸 一体机（8吉字节内存）,一体机,品牌11,14英寸,8吉字节内存,白色,16*1*1,9,BN50B,艾米丽,收货,上架
CaWE12FiBl,黑色 品牌02 1200 文件柜（文件收纳）,文件柜,品牌02,1200,文件收纳,黑色,8*1*1,2,AK10E,艾米,收货,上架
AlOv158GSi,银色 品牌13 15英寸 一体机（8吉字节内存）,一体机,品牌13,15英寸,8吉字节内存,银色,16*1*1,8,AU91D,亚历克斯,收货,上架
LaOv17i5Wh,白色 品牌13 17英寸 笔记本电脑（第5代处理器）,笔记本电脑,品牌13,17英寸,第5代处理器,白色,16*1*1,8,DF38G,大卫,收货,上架
DrQE12LoGr,灰色 品牌01 1200 抽屉柜（储物锁柜）,抽屉柜,品牌01,1200,储物锁柜,灰色,8*1*1,7,AW27G,劳拉,收货,上架
MoHc35WiBl,黑色 品牌09 350 鼠标（有线）,鼠标,品牌09,350,有线,黑色,16*10*1,10,AL60H,大卫,收货,上架
NoExA5liWh,白色 品牌16 五号纸 笔记本（线条）,笔记本,品牌16,五号纸,线条,白色,48*10*5,807,CG08F,劳拉,收货,上架
SPGi12HeGr,灰色 品牌21 12 触控笔（六角形）,触控笔,品牌21,12,六角形,灰色,48*10*5,1615,DI87B,亚历克斯,收货,上架
TaCI18AdBl,黑色 品牌27 1800 桌子（可调节）,桌子,品牌27,1800,可调节,黑色,8*1*1,5,BW34A,简,收货,上架
AlRe1516Si,银色 品牌14 15英寸 一体机（16吉字节内存）,一体机,品牌14,15英寸,16吉字节内存,银色,16*1*1,6,CV28H,约翰,收货,上架
CaTE90DoWh,白色 品牌04 900 文件柜（带门式）,文件柜,品牌04,900,带门式,白色,8*1*1,3,CH09B,克里斯,收货,上架
OfAEMErPi,粉色 品牌05 中号 办公椅（人体工学）,办公椅,品牌05,中号,人体工学,粉色,16*1*1,12,DF58E,亚历克斯,收货,上架
AlSu15i7Si,银色 品牌11 15英寸 一体机（第7代处理器）,一体机,品牌11,15英寸,第7代处理器,银色,16*1*1,10,DX66F,莎拉,收货,上架
MoPH35MeWh,白色 品牌12 350 鼠标（机械式）,鼠标,品牌12,350,机械式,白色,16*10*1,92,DQ20A,亚历克斯,收货,上架
MoRe35MeWh,白色 品牌10 350 鼠标（机械式）,鼠标,品牌10,350,机械式,白色,16*10*1,156,AQ36B,克里斯,收货,上架
AlPH1516Si,银色 品牌12 15英寸 一体机（16吉字节内存）,一体机,品牌12,15英寸,16吉字节内存,银色,16*1*1,12,BK65F,劳拉,收货,上架
TaAE10WoSi,银色 品牌05 1000 桌子（工作站）,桌子,品牌05,1000,工作站,银色,8*1*1,2,DQ78B,迈克,收货,上架
KeHc27MeBl,黑色 品牌09 270 键盘（机械式）,键盘,品牌09,270,机械式,黑色,16*10*1,4,BQ76H,简,收货,上架
CuWE18SlWh,白色 品牌02 1800 储物柜（滑动式）,储物柜,品牌02,1800,滑动式,白色,8*1*1,7,CR91H,迈克,收货,上架
LaSu1532Wh,白色 品牌11 15英寸 笔记本电脑（32吉字节内存）,笔记本电脑,品牌11,15英寸,32吉字节内存,白色,16*1*1,12,DK71A,艾米,收货,上架
TaTR15FrBl,黑色 品牌28 1500 桌子（框架式）,桌子,品牌28,1500,框架式,黑色,8*1*1,4,CI24H,克里斯,收货,上架
TVGL75FHWh,白色 品牌31 75英寸 电视机（全高清）,电视机,品牌31,75英寸,全高清,白色,8*1*1,2,CI37C,亚历克斯,收货,上架
PeNa50HePi,粉色 品牌23 50 铅笔（六角形）,铅笔,品牌23,50,六角形,粉色,48*10*5,970,BP50B,艾米丽,收货,上架
AlYn17i5Gr,灰色 品牌15 17英寸 一体机（第5代处理器）,一体机,品牌15,17英寸,第5代处理器,灰色,16*1*1,14,AG80A,约翰,收货,上架
AlSu1416Bl,黑色 品牌11 14英寸 一体机（16吉字节内存）,一体机,品牌11,14英寸,16吉字节内存,黑色,16*1*1,3,DT64H,迈克,收货,上架
PeGi12HePi,粉色 品牌21 12 铅笔（六角形）,铅笔,品牌21,12,六角形,粉色,48*10*5,2238,AK17G,约翰,收货,上架
TVGL42SFBl,黑色 品牌31 42英寸 电视机（超级全高清）,电视机,品牌31,42英寸,超级全高清,黑色,8*1*1,6,AZ40D,简,收货,上架
SPRe12SoWh,白色 品牌22 12 触控笔（可溶性）,触控笔,品牌22,12,可溶性,白色,48*10*5,836,DS89G,艾米丽,收货,上架
PrSoA2AlGr,灰色 品牌25 二号纸 打印机（一体式）,打印机,品牌25,二号纸,一体式,灰色,16*1*1,4,DZ64B,大卫,收货,上架
NoExA3doWh,白色 品牌16 三号纸 笔记本（点阵）,笔记本,品牌16,三号纸,点阵,白色,48*10*5,323,CI70B,大卫,收货,上架
LaRe1532Wh,白色 品牌14 15英寸 笔记本电脑（32吉字节内存）,笔记本电脑,品牌14,15英寸,32吉字节内存,白色,16*1*1,5,CU77E,艾米丽,收货,上架
OfXEMErGr,灰色 品牌06 中号 办公椅（人体工学）,办公椅,品牌06,中号,人体工学,灰色,16*1*1,3,BH92B,克里斯,收货,上架
TaTR18FrSi,银色 品牌28 1800 桌子（框架式）,桌子,品牌28,1800,框架式,银色,8*1*1,1,DR93H,艾米丽,收货,上架
SPNa24WaBl,黑色 品牌23 24 触控笔（水彩）,触控笔,品牌23,24,水彩,黑色,48*10*5,204,BP20H,克里斯,收货,上架
AlYn15i5Wh,白色 品牌15 15英寸 一体机（第5代处理器）,一体机,品牌15,15英寸,第5代处理器,白色,16*1*1,16,DY12A,迈克,收货,上架
DrRG12DoBe,米色 品牌03 1200 抽屉柜（带门式）,抽屉柜,品牌03,1200,带门式,米色,8*1*1,1,AR56B,莎拉,收货,上架
GaAEMAdWh,白色 品牌05 中号 游戏椅（可调节）,游戏椅,品牌05,中号,可调节,白色,16*1*1,9,CW58C,艾米丽,收货,上架
MoSu27WiNa,藏青色 品牌11 270 鼠标（有线）,鼠标,品牌11,270,有线,藏青色,16*10*1,124,DZ31A,亚历克斯,收货,上架
AlRe15i7Wh,白色 品牌14 15英寸 一体机（第7代处理器）,一体机,品牌14,15英寸,第7代处理器,白色,16*1*1,15,DT43F,莎拉,收货,上架
KeSu27ErNa,藏青色 品牌11 270 键盘（人体工学）,键盘,品牌11,270,人体工学,藏青色,16*10*1,102,DU63E,克里斯,收货,上架
TaAE15WoWh,白色 品牌05 1500 桌子（工作站）,桌子,品牌05,1500,工作站,白色,8*1*1,1,DT56D,艾米,收货,上架
TaAE18AdBl,黑色 品牌05 1800 桌子（可调节）,桌子,品牌05,1800,可调节,黑色,8*1*1,3,DY92B,艾米,收货,上架
PrReA4WiGr,灰色 品牌24 四号纸 打印机（无线网络）,打印机,品牌24,四号纸,无线网络,灰色,16*1*1,11,DX84C,艾米,收货,上架
AlYn148GBl,黑色 品牌15 14英寸 一体机（8吉字节内存）,一体机,品牌15,14英寸,8吉字节内存,黑色,16*1*1,3,BW50H,简,收货,上架
CuQE18DoBl,黑色 品牌01 1800 储物柜（带门式）,储物柜,品牌01,1800,带门式,黑色,8*1*1,1,BY92E,艾米,收货,上架
CaTE90SlBl,黑色 品牌04 900 文件柜（滑动式）,文件柜,品牌04,900,滑动式,黑色,8*1*1,5,CV82D,莎拉,收货,上架
SPNa50HeWh,白色 品牌23 50 触控笔（六角形）,触控笔,品牌23,50,六角形,白色,48*10*5,1148,BW89H,简,收货,上架
MoHc45WiWh,白色 品牌09 450 鼠标（有线）,鼠标,品牌09,450,有线,白色,16*10*1,118,DT40B,劳拉,收货,上架
TVGL32FHGr,灰色 品牌31 32英寸 电视机（全高清）,电视机,品牌31,32英寸,全高清,灰色,8*1*1,2,CR03F,克里斯,收货,上架
KeSu27WiBl,黑色 品牌11 270 键盘（有线）,键盘,品牌11,270,有线,黑色,16*10*1,63,CI76F,克里斯,收货,上架
TVGn654KGr,灰色 品牌30 65英寸 电视机（超高清）,电视机,品牌30,65英寸,超高清,灰色,8*1*1,8,DO18C,约翰,收货,上架
PeGi12WaWh,白色 品牌21 12 铅笔（水彩）,铅笔,品牌21,12,水彩,白色,48*10*5,458,BM82C,艾米丽,收货,上架
CaTE90LoBl,黑色 品牌04 900 文件柜（储物锁柜）,文件柜,品牌04,900,储物锁柜,黑色,8*1*1,1,AR75B,简,收货,上架
GaAELAdWh,白色 品牌05 大号 游戏椅（可调节）,游戏椅,品牌05,大号,可调节,白色,16*1*1,13,DO27G,约翰,收货,上架
DrTE12DoBl,黑色 品牌04 1200 抽屉柜（带门式）,抽屉柜,品牌04,1200,带门式,黑色,8*1*1,1,AQ54A,迈克,收货,上架
NoGrA5ruGr,灰色 品牌18 五号纸 笔记本（横线）,笔记本,品牌18,五号纸,横线,灰色,48*10*5,664,DI13E,大卫,收货,上架
AlSu17i5Wh,白色 品牌11 17英寸 一体机（第5代处理器）,一体机,品牌11,17英寸,第5代处理器,白色,16*1*1,6,AY29G,艾米丽,收货,上架
OfOGMHeGr,灰色 品牌07 中号 办公椅（头枕）,办公椅,品牌07,中号,头枕,灰色,16*1*1,16,CV09C,亚历克斯,收货,上架
MoSu45WiNa,藏青色 品牌11 450 鼠标（有线）,鼠标,品牌11,450,有线,藏青色,16*10*1,155,BI73D,亚历克斯,收货,上架
CaQE90LoGr,灰色 品牌01 900 文件柜（储物锁柜）,文件柜,品牌01,900,储物锁柜,灰色,8*1*1,4,BZ03A,艾米丽,收货,上架
OfAESErGr,灰色 品牌05 小号 办公椅（人体工学）,办公椅,品牌05,小号,人体工学,灰色,16*1*1,4,BX22H,艾米丽,收货,上架
LaRe158GGr,灰色 品牌14 15英寸 笔记本电脑（8吉字节内存）,笔记本电脑,品牌14,15英寸,8吉字节内存,灰色,16*1*1,5,CF07A,简,收货,上架
CaTE12FiBl,黑色 品牌04 1200 文件柜（文件收纳）,文件柜,品牌04,1200,文件收纳,黑色,8*1*1,7,CR76D,艾米,收货,上架
PrPHA4LaWh,白色 品牌12 四号纸 打印机（激光）,打印机,品牌12,四号纸,激光,白色,16*1*1,3,CO83F,迈克,收货,上架
LaYn1716Bl,黑色 品牌15 17英寸 笔记本电脑（16吉字节内存）,笔记本电脑,品牌15,17英寸,16吉字节内存,黑色,16*1*1,7,CZ91B,莎拉,收货,上架
TVGL65SFGr,灰色 品牌31 65英寸 电视机（超级全高清）,电视机,品牌31,65英寸,超级全高清,灰色,8*1*1,2,AJ33C,大卫,收货,上架
DrWE18FiWh,白色 品牌02 1800 抽屉柜（文件收纳）,抽屉柜,品牌02,1800,文件收纳,白色,8*1*1,6,BY27B,大卫,收货,上架
NoMuA3doWh,白色 品牌19 三号纸 笔记本（点阵）,笔记本,品牌19,三号纸,点阵,白色,48*10*5,2180,CL51G,亚历克斯,收货,上架
LaSu17i5Bl,黑色 品牌11 17英寸 笔记本电脑（第5代处理器）,笔记本电脑,品牌11,17英寸,第5代处理器,黑色,16*1*1,16,DK82G,迈克,收货,上架
NoScA5ruGr,灰色 品牌17 五号纸 笔记本（横线）,笔记本,品牌17,五号纸,横线,灰色,48*10*5,957,CS60D,简,收货,上架
NoMuA4ruWh,白色 品牌19 四号纸 笔记本（横线）,笔记本,品牌19,四号纸,横线,白色,48*10*5,2200,CS46E,艾米丽,收货,上架
TaTR15FrSi,银色 品牌29 1500 桌子（框架式）,桌子,品牌29,1500,框架式,银色,8*1*1,4,AX70F,莎拉,收货,上架
TaAE15AuWh,白色 品牌05 1500 桌子（自动调节）,桌子,品牌05,1500,自动调节,白色,8*1*1,2,AS06G,迈克,收货,上架
AlOv1732Wh,白色 品牌13 17英寸 一体机（32吉字节内存）,一体机,品牌13,17英寸,32吉字节内存,白色,16*1*1,11,AO85E,约翰,收货,上架
PrNoA4LaWh,白色 品牌26 四号纸 打印机（激光）,打印机,品牌26,四号纸,激光,白色,16*1*1,15,BG68D,艾米,收货,上架
PrSoA3MoWh,白色 品牌25 三号纸 打印机（黑白）,打印机,品牌25,三号纸,黑白,白色,16*1*1,10,AQ88E,艾米丽,收货,上架
AlSu15i5Wh,白色 品牌11 15英寸 一体机（第5代处理器）,一体机,品牌11,15英寸,第5代处理器,白色,16*1*1,16,DJ13E,艾米丽,收货,上架
LaPH178GBl,黑色 品牌12 17英寸 笔记本电脑（8吉字节内存）,笔记本电脑,品牌12,17英寸,8吉字节内存,黑色,16*1*1,6,AH77F,大卫,收货,上架
DrRG90DoBl,黑色 品牌03 900 抽屉柜（带门式）,抽屉柜,品牌03,900,带门式,黑色,8*1*1,4,AL88G,约翰,收货,上架
DrRG18LoBl,黑色 品牌03 1800 抽屉柜（储物锁柜）,抽屉柜,品牌03,1800,储物锁柜,黑色,8*1*1,1,AX66G,艾米,收货,上架
TVGL32S4Si,银色 品牌31 32英寸 电视机（超级超高清）,电视机,品牌31,32英寸,超级超高清,银色,8*1*1,5,CV86H,迈克,收货,上架
SPRe24WaBl,黑色 品牌22 24 触控笔（水彩）,触控笔,品牌22,24,水彩,黑色,48*10*5,1348,CL67E,艾米,收货,上架
DrTE90SlWh,白色 品牌04 900 抽屉柜（滑动式）,抽屉柜,品牌04,900,滑动式,白色,8*1*1,7,CN08F,艾米丽,收货,上架
TVGn50S4Si,银色 品牌30 50英寸 电视机（超级超高清）,电视机,品牌30,50英寸,超级超高清,银色,8*1*1,2,DO41C,克里斯,收货,上架
AlYn1716Gr,灰色 品牌15 17英寸 一体机（16吉字节内存）,一体机,品牌15,17英寸,16吉字节内存,灰色,16*1*1,14,BP14G,大卫,收货,上架
CaWE12FiGr,灰色 品牌02 1200 文件柜（文件收纳）,文件柜,品牌02,1200,文件收纳,灰色,8*1*1,1,BX60F,莎拉,收货,上架
MoHc45BlPi,粉色 品牌09 450 鼠标（蓝牙）,鼠标,品牌09,450,蓝牙,粉色,16*10*1,38,BK44E,劳拉,收货,上架
AlSu148GWh,白色 品牌11 14英寸 一体机（8吉字节内存）,一体机,品牌11,14英寸,8吉字节内存,白色,16*1*1,7,AK75A,简,收货,上架
LaOv1516Gr,灰色 品牌13 15英寸 笔记本电脑（16吉字节内存）,笔记本电脑,品牌13,15英寸,16吉字节内存,灰色,16*1*1,11,CQ17B,大卫,收货,上架
AlRe178GGr,灰色 品牌14 17英寸 一体机（8吉字节内存）,一体机,品牌14,17英寸,8吉字节内存,灰色,16*1*1,15,CX50F,亚历克斯,收货,上架
LaOv15i5Wh,白色 品牌13 15英寸 笔记本电脑（第5代处理器）,笔记本电脑,品牌13,15英寸,第5代处理器,白色,16*1*1,12,AT76G,克里斯,收货,上架
MoRe45ErWh,白色 品牌10 450 鼠标（人体工学）,鼠标,品牌10,450,人体工学,白色,16*10*1,29,DH05F,劳拉,收货,上架
LaYn178GSi,银色 品牌15 17英寸 笔记本电脑（8吉字节内存）,笔记本电脑,品牌15,17英寸,8吉字节内存,银色,16*1*1,2,CK01A,迈克,收货,上架
PrSoA2MoMi,混合色 品牌25 二号纸 打印机（黑白）,打印机,品牌25,二号纸,黑白,混合色,16*1*1,5,BF10F,简,收货,上架
TaTR18WoSi,银色 品牌29 1800 桌子（工作站）,桌子,品牌29,1800,工作站,银色,8*1*1,1,CT65D,亚历克斯,收货,上架
CuTE90SlWh,白色 品牌04 900 储物柜（滑动式）,储物柜,品牌04,900,滑动式,白色,8*1*1,4,AR47D,莎拉,收货,上架
AlSu1732Gr,灰色 品牌11 17英寸 一体机（32吉字节内存）,一体机,品牌11,17英寸,32吉字节内存,灰色,16*1*1,2,DZ39B,艾米,收货,上架
PrPHA3WiMi,混合色 品牌12 三号纸 打印机（无线网络）,打印机,品牌12,三号纸,无线网络,混合色,16*1*1,14,BN58G,莎拉,收货,上架
DrWE18LoGr,灰色 品牌02 1800 抽屉柜（储物锁柜）,抽屉柜,品牌02,1800,储物锁柜,灰色,8*1*1,8,CZ58C,约翰,收货,上架
AlOv17i7Wh,白色 品牌13 17英寸 一体机（第7代处理器）,一体机,品牌13,17英寸,第7代处理器,白色,16*1*1,3,CZ86H,简,收货,上架
PrPHA2MoBl,黑色 品牌12 二号纸 打印机（黑白）,打印机,品牌12,二号纸,黑白,黑色,16*1*1,4,DK09E,劳拉,收货,上架
NoScA5liGr,灰色 品牌17 五号纸 笔记本（线条）,笔记本,品牌17,五号纸,线条,灰色,48*10*5,2084,DY94C,大卫,收货,上架
TaAE10FrWh,白色 品牌05 1000 桌子（框架式）,桌子,品牌05,1000,框架式,白色,8*1*1,7,AZ43H,约翰,收货,上架
OfOGLAdGr,灰色 品牌07 大号 办公椅（可调节）,办公椅,品牌07,大号,可调节,灰色,16*1*1,3,DU89H,亚历克斯,收货,上架
OfXEMHeGr,灰色 品牌06 中号 办公椅（头枕）,办公椅,品牌06,中号,头枕,灰色,16*1*1,10,BJ85C,艾米,收货,上架
GaXELLePi,粉色 品牌06 大号 游戏椅（皮革）,游戏椅,品牌06,大号,皮革,粉色,16*1*1,14,BM67E,约翰,收货,上架
OfOGLLeWh,白色 品牌07 大号 办公椅（皮革）,办公椅,品牌07,大号,皮革,白色,16*1*1,9,BJ82C,克里斯,收货,上架
TVEs32FHBl,黑色 品牌32 32英寸 电视机（全高清）,电视机,品牌32,32英寸,全高清,黑色,8*1*1,6,DQ72D,迈克,收货,上架
OfXESLeGr,灰色 品牌06 小号 办公椅（皮革）,办公椅,品牌06,小号,皮革,灰色,16*1*1,5,AR08A,莎拉,收货,上架
TVYn32S4Gr,灰色 品牌15 32英寸 电视机（超级超高清）,电视机,品牌15,32英寸,超级超高清,灰色,8*1*1,5,DY37H,亚历克斯,收货,上架
GaAEMAdWh,白色 品牌05 中号 游戏椅（可调节）,游戏椅,品牌05,中号,可调节,白色,16*1*1,3,CZ20G,艾米丽,收货,上架
CaWE90FiGr,灰色 品牌02 900 文件柜（文件收纳）,文件柜,品牌02,900,文件收纳,灰色,8*1*1,5,CI29H,莎拉,收货,上架
SPRe24HeBl,黑色 品牌22 24 触控笔（六角形）,触控笔,品牌22,24,六角形,黑色,48*10*5,2124,DY34A,大卫,收货,上架
TaCI15AdBl,黑色 品牌27 1500 桌子（可调节）,桌子,品牌27,1500,可调节,黑色,8*1*1,4,DT94E,大卫,收货,上架
TVEs42SFSi,银色 品牌32 42英寸 电视机（超级全高清）,电视机,品牌32,42英寸,超级全高清,银色,8*1*1,1,CR28A,克里斯,收货,上架
CuQE18LoGr,灰色 品牌01 1800 储物柜（储物锁柜）,储物柜,品牌01,1800,储物锁柜,灰色,8*1*1,4,AL80F,约翰,收货,上架
MoPH45WiNa,藏青色 品牌12 450 鼠标（有线）,鼠标,品牌12,450,有线,藏青色,16*10*1,154,AZ52D,克里斯,收货,上架
DrWE90DoWh,白色 品牌02 900 抽屉柜（带门式）,抽屉柜,品牌02,900,带门式,白色,8*1*1,1,AI74E,大卫,收货,上架
SPNa24SoBl,黑色 品牌23 24 触控笔（可溶性）,触控笔,品牌23,24,可溶性,黑色,48*10*5,166,DF64E,约翰,收货,上架
KeSu27ErPi,粉色 品牌11 270 键盘（人体工学）,键盘,品牌11,270,人体工学,粉色,16*10*1,129,AT23H,约翰,收货,上架
SPGi50HeGr,灰色 品牌21 50 触控笔（六角形）,触控笔,品牌21,50,六角形,灰色,48*10*5,486,DZ69A,克里斯,收货,上架
TVEs50FHGr,灰色 品牌32 50英寸 电视机（全高清）,电视机,品牌32,50英寸,全高清,灰色,8*1*1,8,AQ53E,约翰,收货,上架
AlSu1532Bl,黑色 品牌11 15英寸 一体机（32吉字节内存）,一体机,品牌11,15英寸,32吉字节内存,黑色,16*1*1,12,DN30H,约翰,收货,上架
NoScA3doGr,灰色 品牌17 三号纸 笔记本（点阵）,笔记本,品牌17,三号纸,点阵,灰色,48*10*5,1245,AT70C,克里斯,收货,上架
TVGL32FHWh,白色 品牌31 32英寸 电视机（全高清）,电视机,品牌31,32英寸,全高清,白色,8*1*1,5,BM23C,克里斯,收货,上架
SPAl12SoWh,白色 品牌20 12 触控笔（可溶性）,触控笔,品牌20,12,可溶性,白色,48*10*5,1837,DK41A,亚历克斯,收货,上架
AlYn14i7Si,银色 品牌15 14英寸 一体机（第7代处理器）,一体机,品牌15,14英寸,第7代处理器,银色,16*1*1,8,BR58C,艾米丽,收货,上架
TaAE18FrGr,灰色 品牌05 1800 桌子（框架式）,桌子,品牌05,1800,框架式,灰色,8*1*1,3,AS88E,大卫,收货,上架
CuTE90LoGr,灰色 品牌04 900 储物柜（储物锁柜）,储物柜,品牌04,900,储物锁柜,灰色,8*1*1,2,CK74F,亚历克斯,收货,上架
LaYn158GWh,白色 品牌15 15英寸 笔记本电脑（8吉字节内存）,笔记本电脑,品牌15,15英寸,8吉字节内存,白色,16*1*1,8,AO93F,简,收货,上架
CaQE90DoBe,米色 品牌01 900 文件柜（带门式）,文件柜,品牌01,900,带门式,米色,8*1*1,7,AM48E,约翰,收货,上架
MoSu35MeNa,藏青色 品牌11 350 鼠标（机械式）,鼠标,品牌11,350,机械式,藏青色,16*10*1,132,CX63D,莎拉,收货,上架
DrQE12SlBe,米色 品牌01 1200 抽屉柜（滑动式）,抽屉柜,品牌01,1200,滑动式,米色,8*1*1,8,CY73B,迈克,收货,上架
TVGL50SFWh,白色 品牌31 50英寸 电视机（超级全高清）,电视机,品牌31,50英寸,超级全高清,白色,8*1*1,8,CT25G,莎拉,收货,上架
NoScA4doWh,白色 品牌17 四号纸 笔记本（点阵）,笔记本,品牌17,四号纸,点阵,白色,48*10*5,2100,BJ93C,约翰,收货,上架
CaWE12SlBl,黑色 品牌02 1200 文件柜（滑动式）,文件柜,品牌02,1200,滑动式,黑色,8*1*1,5,BF41F,艾米丽,收货,上架
KePH45WiNa,藏青色 品牌12 450 键盘（有线）,键盘,品牌12,450,有线,藏青色,16*10*1,72,CF47A,艾米丽,收货,上架
DrQE18LoGr,灰色 品牌01 1800 抽屉柜（储物锁柜）,抽屉柜,品牌01,1800,储物锁柜,灰色,8*1*1,6,DX11A,简,收货,上架
LaYn1516Wh,白色 品牌15 15英寸 笔记本电脑（16吉字节内存）,笔记本电脑,品牌15,15英寸,16吉字节内存,白色,16*1*1,6,CY09B,艾米,收货,上架
TVEs75FHBl,黑色 品牌32 75英寸 电视机（全高清）,电视机,品牌32,75英寸,全高清,黑色,8*1*1,1,AY11C,克里斯,收货,上架
DrRG12FiWh,白色 品牌03 1200 抽屉柜（文件收纳）,抽屉柜,品牌03,1200,文件收纳,白色,8*1*1,1,CK27E,简,收货,上架
LaRe15i7Gr,灰色 品牌14 15英寸 笔记本电脑（第7代处理器）,笔记本电脑,品牌14,15英寸,第7代处理器,灰色,16*1*1,7,BW26D,大卫,收货,上架
LaRe1516Wh,白色 品牌14 15英寸 笔记本电脑（16吉字节内存）,笔记本电脑,品牌14,15英寸,16吉字节内存,白色,16*1*1,8,BQ35H,约翰,收货,上架
AlYn14i7Gr,灰色 品牌15 14英寸 一体机（第7代处理器）,一体机,品牌15,14英寸,第7代处理器,灰色,16*1*1,14,CS62F,简,收货,上架
AlSu158GSi,银色 品牌11 15英寸 一体机（8吉字节内存）,一体机,品牌11,15英寸,8吉字节内存,银色,16*1*1,11,CT03G,大卫,收货,上架
DrQE18DoGr,灰色 品牌01 1800 抽屉柜（带门式）,抽屉柜,品牌01,1800,带门式,灰色,8*1*1,8,CL44E,大卫,收货,上架
PrNoA4MoWh,白色 品牌26 四号纸 打印机（黑白）,打印机,品牌26,四号纸,黑白,白色,16*1*1,7,AT78A,亚历克斯,收货,上架
TVGL42SFGr,灰色 品牌31 42英寸 电视机（超级全高清）,电视机,品牌31,42英寸,超级全高清,灰色,8*1*1,1,BL92D,劳拉,收货,上架
AlRe14i7Wh,白色 品牌14 14英寸 一体机（第7代处理器）,一体机,品牌14,14英寸,第7代处理器,白色,16*1*1,14,AK13H,约翰,收货,上架
AlPH1532Bl,黑色 品牌12 15英寸 一体机（32吉字节内存）,一体机,品牌12,15英寸,32吉字节内存,黑色,16*1*1,16,BR13B,莎拉,收货,上架
AlSu15i7Bl,黑色 品牌11 15英寸 一体机（第7代处理器）,一体机,品牌11,15英寸,第7代处理器,黑色,16*1*1,12,DF07G,大卫,收货,上架
PrSoA3WiBl,黑色 品牌25 三号纸 打印机（无线网络）,打印机,品牌25,三号纸,无线网络,黑色,16*1*1,12,DU41F,亚历克斯,收货,上架
DrWE12SlBl,黑色 品牌02 1200 抽屉柜（滑动式）,抽屉柜,品牌02,1200,滑动式,黑色,8*1*1,2,AM21C,迈克,收货,上架
PeGi12WaGr,灰色 品牌21 12 铅笔（水彩）,铅笔,品牌21,12,水彩,灰色,48*10*5,1298,CK23C,莎拉,收货,上架
LaRe17i5Bl,黑色 品牌14 17英寸 笔记本电脑（第5代处理器）,笔记本电脑,品牌14,17英寸,第5代处理器,黑色,16*1*1,13,BS81G,亚历克斯,收货,上架
SPGi50WaGr,灰色 品牌21 50 触控笔（水彩）,触控笔,品牌21,50,水彩,灰色,48*10*5,2161,AF86E,莎拉,收货,上架
LaOv1432Wh,白色 品牌13 14英寸 笔记本电脑（32吉字节内存）,笔记本电脑,品牌13,14英寸,32吉字节内存,白色,16*1*1,15,BK34A,克里斯,收货,上架
KeHc27BlBl,黑色 品牌09 270 键盘（蓝牙）,键盘,品牌09,270,蓝牙,黑色,16*10*1,101,DP96B,艾米丽,收货,上架
TaCI15FrGr,灰色 品牌27 1500 桌子（框架式）,桌子,品牌27,1500,框架式,灰色,8*1*1,7,CY77E,迈克,收货,上架
AlSu17i7Wh,白色 品牌11 17英寸 一体机（第7代处理器）,一体机,品牌11,17英寸,第7代处理器,白色,16*1*1,12,AJ40B,劳拉,收货,上架
SPNa24WaWh,白色 品牌23 24 触控笔（水彩）,触控笔,品牌23,24,水彩,白色,48*10*5,699,DY03G,大卫,收货,上架
TaAE18AdGr,灰色 品牌05 1800 桌子（可调节）,桌子,品牌05,1800,可调节,灰色,8*1*1,3,BF57F,克里斯,收货,上架
CuRG12SlBl,黑色 品牌03 1200 储物柜（滑动式）,储物柜,品牌03,1200,滑动式,黑色,8*1*1,8,CG83F,克里斯,收货,上架
PeRe50WaWh,白色 品牌22 50 铅笔（水彩）,铅笔,品牌22,50,水彩,白色,48*10*5,61,CQ38E,莎拉,收货,上架
TVEs424KSi,银色 品牌32 42英寸 电视机（超高清）,电视机,品牌32,42英寸,超高清,银色,8*1*1,8,CV91C,莎拉,收货,上架
LaPH15i7Si,银色 品牌12 15英寸 笔记本电脑（第7代处理器）,笔记本电脑,品牌12,15英寸,第7代处理器,银色,16*1*1,9,DY06H,迈克,收货,上架
KeSu27BlBl,黑色 品牌11 270 键盘（蓝牙）,键盘,品牌11,270,蓝牙,黑色,16*10*1,92,DF50B,约翰,收货,上架
CaQE12DoBl,黑色 品牌01 1200 文件柜（带门式）,文件柜,品牌01,1200,带门式,黑色,8*1*1,4,AH63C,劳拉,收货,上架
DrQE18LoBe,米色 品牌01 1800 抽屉柜（储物锁柜）,抽屉柜,品牌01,1800,储物锁柜,米色,8*1*1,2,DT78G,简,收货,上架
KeSu45WiWh,白色 品牌11 450 键盘（有线）,键盘,品牌11,450,有线,白色,16*10*1,78,BV32C,亚历克斯,收货,上架
CuTE90LoBe,米色 品牌04 900 储物柜（储物锁柜）,储物柜,品牌04,900,储物锁柜,米色,8*1*1,4,DQ30G,大卫,收货,上架
AlPH15i7Bl,黑色 品牌12 15英寸 一体机（第7代处理器）,一体机,品牌12,15英寸,第7代处理器,黑色,16*1*1,3,CR24G,劳拉,收货,上架
MoPH35WiWh,白色 品牌12 350 鼠标（有线）,鼠标,品牌12,350,有线,白色,16*10*1,145,CU90D,简,收货,上架
LaRe15i5Si,银色 品牌14 15英寸 笔记本电脑（第5代处理器）,笔记本电脑,品牌14,15英寸,第5代处理器,银色,16*1*1,5,AX40A,艾米丽,收货,上架
TVYn65S4Gr,灰色 品牌15 65英寸 电视机（超级超高清）,电视机,品牌15,65英寸,超级超高清,灰色,8*1*1,1,DV73B,莎拉,收货,上架
DrQE18SlBl,黑色 品牌01 1800 抽屉柜（滑动式）,抽屉柜,品牌01,1800,滑动式,黑色,8*1*1,3,CV41A,克里斯,收货,上架
KePH35BlWh,白色 品牌12 350 键盘（蓝牙）,键盘,品牌12,350,蓝牙,白色,16*10*1,89,BT25F,艾米,收货,上架
CuRG18DoWh,白色 品牌03 1800 储物柜（带门式）,储物柜,品牌03,1800,带门式,白色,8*1*1,2,CW64B,迈克,收货,上架
AlPH15i7Gr,灰色 品牌12 15英寸 一体机（第7代处理器）,一体机,品牌12,15英寸,第7代处理器,灰色,16*1*1,14,BO52C,艾米,收货,上架
AlOv1716Si,银色 品牌13 17英寸 一体机（16吉字节内存）,一体机,品牌13,17英寸,16吉字节内存,银色,16*1*1,1,DU70H,艾米丽,收货,上架
TVYn42S4Si,银色 品牌15 42英寸 电视机（超级超高清）,电视机,品牌15,42英寸,超级超高清,银色,8*1*1,8,CI26B,简,收货,上架
AlRe1516Si,银色 品牌14 15英寸 一体机（16吉字节内存）,一体机,品牌14,15英寸,16吉字节内存,银色,16*1*1,15,CY27H,劳拉,收货,上架
OfXEMHePi,粉色 品牌06 中号 办公椅（头枕）,办公椅,品牌06,中号,头枕,粉色,16*1*1,2,DG97D,克里斯,收货,上架
AlPH17i5Gr,灰色 品牌12 17英寸 一体机（第5代处理器）,一体机,品牌12,17英寸,第5代处理器,灰色,16*1*1,4,BH62H,劳拉,收货,上架
NoExA3ruGr,灰色 品牌16 三号纸 笔记本（横线）,笔记本,品牌16,三号纸,横线,灰色,48*10*5,548,DK29E,艾米,收货,上架
SPRe50WaWh,白色 品牌22 50 触控笔（水彩）,触控笔,品牌22,50,水彩,白色,48*10*5,368,BL47F,大卫,收货,上架
PeGi24SoGr,灰色 品牌21 24 铅笔（可溶性）,铅笔,品牌21,24,可溶性,灰色,48*10*5,1414,CK59H,亚历克斯,收货,上架
TVGL654KSi,银色 品牌31 65英寸 电视机（超高清）,电视机,品牌31,65英寸,超高清,银色,8*1*1,7,BQ92F,约翰,收货,上架
CuRG18DoWh,白色 品牌03 1800 储物柜（带门式）,储物柜,品牌03,1800,带门式,白色,8*1*1,3,DG30D,迈克,收货,上架
CuWE18DoGr,灰色 品牌02 1800 储物柜（带门式）,储物柜,品牌02,1800,带门式,灰色,8*1*1,7,AN64H,亚历克斯,收货,上架
LaSu17i7Wh,白色 品牌11 17英寸 笔记本电脑（第7代处理器）,笔记本电脑,品牌11,17英寸,第7代处理器,白色,16*1*1,13,CQ48H,克里斯,收货,上架
DrQE12LoBl,黑色 品牌01 1200 抽屉柜（储物锁柜）,抽屉柜,品牌01,1200,储物锁柜,黑色,8*1*1,8,DS74F,迈克,收货,上架
PrReA4WiWh,白色 品牌24 四号纸 打印机（无线网络）,打印机,品牌24,四号纸,无线网络,白色,16*1*1,14,AJ59A,大卫,收货,上架
PrReA3AlGr,灰色 品牌24 三号纸 打印机（一体式）,打印机,品牌24,三号纸,一体式,灰色,16*1*1,10,AQ33G,莎拉,收货,上架
TVGL654KSi,银色 品牌31 65英寸 电视机（超高清）,电视机,品牌31,65英寸,超高清,银色,8*1*1,3,AJ06B,莎拉,收货,上架
LaYn17i7Wh,白色 品牌15 17英寸 笔记本电脑（第7代处理器）,笔记本电脑,品牌15,17英寸,第7代处理器,白色,16*1*1,15,CH74G,劳拉,收货,上架
DrRG90DoGr,灰色 品牌03 900 抽屉柜（带门式）,抽屉柜,品牌03,900,带门式,灰色,8*1*1,6,DW69E,克里斯,收货,上架
CuWE90DoGr,灰色 品牌02 900 储物柜（带门式）,储物柜,品牌02,900,带门式,灰色,8*1*1,8,AT73F,亚历克斯,收货,上架
NoGrA4ruBl,黑色 品牌18 四号纸 笔记本（横线）,笔记本,品牌18,四号纸,横线,黑色,48*10*5,353,AQ60B,艾米丽,收货,上架
AlSu14i7Gr,灰色 品牌11 14英寸 一体机（第7代处理器）,一体机,品牌11,14英寸,第7代处理器,灰色,16*1*1,15,DT05C,约翰,收货,上架
AlRe1416Si,银色 品牌14 14英寸 一体机（16吉字节内存）,一体机,品牌14,14英寸,16吉字节内存,银色,16*1*1,13,AN14B,克里斯,收货,上架
NoGrA5doWh,白色 品牌18 五号纸 笔记本（点阵）,笔记本,品牌18,五号纸,点阵,白色,48*10*5,116,DG79D,约翰,收货,上架
DrRG90FiWh,白色 品牌03 900 抽屉柜（文件收纳）,抽屉柜,品牌03,900,文件收纳,白色,8*1*1,8,CK22B,约翰,收货,上架
TaTR10AdGr,灰色 品牌28 1000 桌子（可调节）,桌子,品牌28,1000,可调节,灰色,8*1*1,2,BJ41A,大卫,收货,上架
TVYn654KBl,黑色 品牌15 65英寸 电视机（超高清）,电视机,品牌15,65英寸,超高清,黑色,8*1*1,3,AX10D,迈克,收货,上架
PeAl24WaBl,黑色 品牌20 24 铅笔（水彩）,铅笔,品牌20,24,水彩,黑色,48*10*5,715,CQ25G,亚历克斯,收货,上架
TaTR15FrBl,黑色 品牌29 1500 桌子（框架式）,桌子,品牌29,1500,框架式,黑色,8*1*1,7,DY51D,艾米丽,收货,上架
TVEs32FHWh,白色 品牌32 32英寸 电视机（全高清）,电视机,品牌32,32英寸,全高清,白色,8*1*1,1,BV54H,简,收货,上架
CaRG90DoBl,黑色 品牌03 900 文件柜（带门式）,文件柜,品牌03,900,带门式,黑色,8*1*1,7,DY82D,大卫,收货,上架
AlOv15i7Bl,黑色 品牌13 15英寸 一体机（第7代处理器）,一体机,品牌13,15英寸,第7代处理器,黑色,16*1*1,9,BI74C,亚历克斯,收货,上架
AlSu17i5Bl,黑色 品牌11 17英寸 一体机（第5代处理器）,一体机,品牌11,17英寸,第5代处理器,黑色,16*1*1,6,CH18F,亚历克斯,收货,上架
DrWE18LoBl,黑色 品牌02 1800 抽屉柜（储物锁柜）,抽屉柜,品牌02,1800,储物锁柜,黑色,8*1*1,8,DT03D,莎拉,收货,上架
KePH27BlPi,粉色 品牌12 270 键盘（蓝牙）,键盘,品牌12,270,蓝牙,粉色,16*10*1,2,AQ02F,迈克,收货,上架
PrSoA4MoMi,混合色 品牌25 四号纸 打印机（黑白）,打印机,品牌25,四号纸,黑白,混合色,16*1*1,10,CK35E,莎拉,收货,上架
GaOGMLeWh,白色 品牌07 中号 游戏椅（皮革）,游戏椅,品牌07,中号,皮革,白色,16*1*1,12,DY53E,亚历克斯,收货,上架
CaQE12LoBe,米色 品牌01 1200 文件柜（储物锁柜）,文件柜,品牌01,1200,储物锁柜,米色,8*1*1,4,BX32E,艾米丽,收货,上架
NoScA5ruGr,灰色 品牌17 五号纸 笔记本（横线）,笔记本,品牌17,五号纸,横线,灰色,48*10*5,288,CF30C,劳拉,收货,上架
KeRe45MePi,粉色 品牌10 450 键盘（机械式）,键盘,品牌10,450,机械式,粉色,16*10*1,126,AN76G,莎拉,收货,上架
LaPH17i5Bl,黑色 品牌12 17英寸 笔记本电脑（第5代处理器）,笔记本电脑,品牌12,17英寸,第5代处理器,黑色,16*1*1,4,DP11A,大卫,收货,上架
DrRG18SlWh,白色 品牌03 1800 抽屉柜（滑动式）,抽屉柜,品牌03,1800,滑动式,白色,8*1*1,7,AP68B,约翰,收货,上架
PrSoA4MoWh,白色 品牌25 四号纸 打印机（黑白）,打印机,品牌25,四号纸,黑白,白色,16*1*1,9,DP35C,艾米,收货,上架
OfSESErPi,粉色 品牌08 小号 办公椅（人体工学）,办公椅,品牌08,小号,人体工学,粉色,16*1*1,12,BU24A,艾米,收货,上架
MoHc45BlPi,粉色 品牌09 450 鼠标（蓝牙）,鼠标,品牌09,450,蓝牙,粉色,16*10*1,70,CU23H,迈克,收货,上架
AlPH15i5Gr,灰色 品牌12 15英寸 一体机（第5代处理器）,一体机,品牌12,15英寸,第5代处理器,灰色,16*1*1,2,AJ52D,简,收货,上架
TVGn75SFSi,银色 品牌30 75英寸 电视机（超级全高清）,电视机,品牌30,75英寸,超级全高清,银色,8*1*1,2,BG76C,简,收货,上架
CuRG90LoBe,米色 品牌03 900 储物柜（储物锁柜）,储物柜,品牌03,900,储物锁柜,米色,8*1*1,4,BY05B,莎拉,收货,上架
LaOv1416Wh,白色 品牌13 14英寸 笔记本电脑（16吉字节内存）,笔记本电脑,品牌13,14英寸,16吉字节内存,白色,16*1*1,16,DI82E,简,收货,上架
TVGL65S4Bl,黑色 品牌31 65英寸 电视机（超级超高清）,电视机,品牌31,65英寸,超级超高清,黑色,8*1*1,8,CP59H,克里斯,收货,上架
DrQE18SlGr,灰色 品牌01 1800 抽屉柜（滑动式）,抽屉柜,品牌01,1800,滑动式,灰色,8*1*1,6,AX31A,克里斯,收货,上架
DrRG18SlGr,灰色 品牌03 1800 抽屉柜（滑动式）,抽屉柜,品牌03,1800,滑动式,灰色,8*1*1,1,DT30G,简,收货,上架
SPRe50SoBl,黑色 品牌22 50 触控笔（可溶性）,触控笔,品牌22,50,可溶性,黑色,48*10*5,942,CZ36B,亚历克斯,收货,上架
TaAE15AdWh,白色 品牌05 1500 桌子（可调节）,桌子,品牌05,1500,可调节,白色,8*1*1,1,BN50D,大卫,收货,上架
LaSu17i5Gr,灰色 品牌11 17英寸 笔记本电脑（第5代处理器）,笔记本电脑,品牌11,17英寸,第5代处理器,灰色,16*1*1,7,DK20F,劳拉,收货,上架
CaTE18DoGr,灰色 品牌04 1800 文件柜（带门式）,文件柜,品牌04,1800,带门式,灰色,8*1*1,2,DM66A,亚历克斯,收货,上架
TaTR15AuGr,灰色 品牌28 1500 桌子（自动调节）,桌子,品牌28,1500,自动调节,灰色,8*1*1,7,BJ88D,艾米丽,收货,上架
PeAl24HePi,粉色 品牌20 24 铅笔（六角形）,铅笔,品牌20,24,六角形,粉色,48*10*5,677,CK43B,艾米,收货,上架
LaSu14i5Gr,灰色 品牌11 14英寸 笔记本电脑（第5代处理器）,笔记本电脑,品牌11,14英寸,第5代处理器,灰色,16*1*1,3,CS50H,亚历克斯,收货,上架
OfAELAdGr,灰色 品牌05 大号 办公椅（可调节）,办公椅,品牌05,大号,可调节,灰色,16*1*1,15,DV24H,大卫,收货,上架
MoSu27MeNa,藏青色 品牌11 270 鼠标（机械式）,鼠标,品牌11,270,机械式,藏青色,16*10*1,126,AP34B,劳拉,收货,上架
OfSEMAdBl,黑色 品牌08 中号 办公椅（可调节）,办公椅,品牌08,中号,可调节,黑色,16*1*1,7,CW68F,艾米丽,收货,上架
CaRG12LoBe,米色 品牌03 1200 文件柜（储物锁柜）,文件柜,品牌03,1200,储物锁柜,米色,8*1*1,7,CO76E,迈克,收货,上架
TVGL32SFBl,黑色 品牌31 32英寸 电视机（超级全高清）,电视机,品牌31,32英寸,超级全高清,黑色,8*1*1,2,AG30E,艾米丽,收货,上架
AlOv1416Gr,灰色 品牌13 14英寸 一体机（16吉字节内存）,一体机,品牌13,14英寸,16吉字节内存,灰色,16*1*1,15,CL28F,艾米丽,收货,上架
NoGrA5ruGr,灰色 品牌18 五号纸 笔记本（横线）,笔记本,品牌18,五号纸,横线,灰色,48*10*5,1108,BQ44H,艾米丽,收货,上架
LaPH148GBl,黑色 品牌12 14英寸 笔记本电脑（8吉字节内存）,笔记本电脑,品牌12,14英寸,8吉字节内存,黑色,16*1*1,7,AU18C,简,收货,上架
LaYn1532Wh,白色 品牌15 15英寸 笔记本电脑（32吉字节内存）,笔记本电脑,品牌15,15英寸,32吉字节内存,白色,16*1*1,15,AI50G,劳拉,收货,上架
SPNa24SoPi,粉色 品牌23 24 触控笔（可溶性）,触控笔,品牌23,24,可溶性,粉色,48*10*5,1548,AS94A,克里斯,收货,上架
CaTE90SlWh,白色 品牌04 900 文件柜（滑动式）,文件柜,品牌04,900,滑动式,白色,8*1*1,4,BL03H,约翰,收货,上架
SPNa12SoBl,黑色 品牌23 12 触控笔（可溶性）,触控笔,品牌23,12,可溶性,黑色,48*10*5,964,CI20F,约翰,收货,上架
PrReA4InMi,混合色 品牌24 四号纸 打印机（喷墨）,打印机,品牌24,四号纸,喷墨,混合色,16*1*1,12,CN64E,劳拉,收货,上架
OfAEMLePi,粉色 品牌05 中号 办公椅（皮革）,办公椅,品牌05,中号,皮革,粉色,16*1*1,16,CJ58A,艾米丽,收货,上架
LaOv15i7Wh,白色 品牌13 15英寸 笔记本电脑（第7代处理器）,笔记本电脑,品牌13,15英寸,第7代处理器,白色,16*1*1,1,BV28C,大卫,收货,上架
CuTE90LoWh,白色 品牌04 900 储物柜（储物锁柜）,储物柜,品牌04,900,储物锁柜,白色,8*1*1,6,CP03H,简,收货,上架
CaQE90SlBl,黑色 品牌01 900 文件柜（滑动式）,文件柜,品牌01,900,滑动式,黑色,8*1*1,5,CZ41E,艾米,收货,上架
PrReA3AlGr,灰色 品牌24 三号纸 打印机（一体式）,打印机,品牌24,三号纸,一体式,灰色,16*1*1,5,DT79F,亚历克斯,收货,上架
AlYn14i5Gr,灰色 品牌15 14英寸 一体机（第5代处理器）,一体机,品牌15,14英寸,第5代处理器,灰色,16*1*1,16,AH19D,约翰,收货,上架
LaRe17i5Gr,灰色 品牌14 17英寸 笔记本电脑（第5代处理器）,笔记本电脑,品牌14,17英寸,第5代处理器,灰色,16*1*1,13,DK09B,简,收货,上架
SPNa24SoPi,粉色 品牌23 24 触控笔（可溶性）,触控笔,品牌23,24,可溶性,粉色,48*10*5,1219,CP26B,艾米,收货,上架
MoHc45ErNa,藏青色 品牌09 450 鼠标（人体工学）,鼠标,品牌09,450,人体工学,藏青色,16*10*1,100,DL30E,亚历克斯,收货,上架
PrSoA4WiBl,黑色 品牌25 四号纸 打印机（无线网络）,打印机,品牌25,四号纸,无线网络,黑色,16*1*1,4,DL63A,克里斯,收货,上架
KeRe45WiWh,白色 品牌10 450 键盘（有线）,键盘,品牌10,450,有线,白色,16*10*1,129,CM19B,大卫,收货,上架
TaTR10FrWh,白色 品牌29 1000 桌子（框架式）,桌子,品牌29,1000,框架式,白色,8*1*1,2,AM26G,艾米,收货,上架
TVGL65SFWh,白色 品牌31 65英寸 电视机（超级全高清）,电视机,品牌31,65英寸,超级全高清,白色,8*1*1,5,DF92A,艾米丽,收货,上架
SPAl24WaPi,粉色 品牌20 24 触控笔（水彩）,触控笔,品牌20,24,水彩,粉色,48*10*5,912,AV45B,劳拉,收货,上架
LaPH1416Si,银色 品牌12 14英寸 笔记本电脑（16吉字节内存）,笔记本电脑,品牌12,14英寸,16吉字节内存,银色,16*1*1,9,CF85H,艾米,收货,上架
LaYn178GWh,白色 品牌15 17英寸 笔记本电脑（8吉字节内存）,笔记本电脑,品牌15,17英寸,8吉字节内存,白色,16*1*1,16,DR22D,克里斯,收货,上架
TaTR15AuBl,黑色 品牌29 1500 桌子（自动调节）,桌子,品牌29,1500,自动调节,黑色,8*1*1,5,DS47F,克里斯,收货,上架
AlYn15i5Bl,黑色 品牌15 15英寸 一体机（第5代处理器）,一体机,品牌15,15英寸,第5代处理器,黑色,16*1*1,13,BH71C,大卫,收货,上架
DrQE12LoWh,白色 品牌01 1200 抽屉柜（储物锁柜）,抽屉柜,品牌01,1200,储物锁柜,白色,8*1*1,5,CU49D,克里斯,收货,上架
MoSu45BlPi,粉色 品牌11 450 鼠标（蓝牙）,鼠标,品牌11,450,蓝牙,粉色,16*10*1,64,DY70G,克里斯,收货,上架
TVGL42SFBl,黑色 品牌31 42英寸 电视机（超级全高清）,电视机,品牌31,42英寸,超级全高清,黑色,8*1*1,4,AW27E,莎拉,收货,上架
LaYn1532Si,银色 品牌15 15英寸 笔记本电脑（32吉字节内存）,笔记本电脑,品牌15,15英寸,32吉字节内存,银色,16*1*1,2,BG75C,大卫,收货,上架
AlOv1532Wh,白色 品牌13 15英寸 一体机（32吉字节内存）,一体机,品牌13,15英寸,32吉字节内存,白色,16*1*1,11,BG17B,艾米丽,收货,上架
PrPHA2MoBl,黑色 品牌12 二号纸 打印机（黑白）,打印机,品牌12,二号纸,黑白,黑色,16*1*1,12,BL24D,简,收货,上架
LaSu17i5Si,银色 品牌11 17英寸 笔记本电脑（第5代处理器）,笔记本电脑,品牌11,17英寸,第5代处理器,银色,16*1*1,15,CP61G,克里斯,收货,上架
KeRe45ErPi,粉色 品牌10 450 键盘（人体工学）,键盘,品牌10,450,人体工学,粉色,16*10*1,1,DT89A,约翰,收货,上架
AlRe1516Bl,黑色 品牌14 15英寸 一体机（16吉字节内存）,一体机,品牌14,15英寸,16吉字节内存,黑色,16*1*1,3,AY93B,艾米,收货,上架
GaSEMHeBl,黑色 品牌08 中号 游戏椅（头枕）,游戏椅,品牌08,中号,头枕,黑色,16*1*1,8,DJ12H,艾米,收货,上架
PeAl50SoPi,粉色 品牌20 50 铅笔（可溶性）,铅笔,品牌20,50,可溶性,粉色,48*10*5,2337,DJ13B,简,收货,上架
SPGi12WaBl,黑色 品牌21 12 触控笔（水彩）,触控笔,品牌21,12,水彩,黑色,48*10*5,50,CZ18H,简,收货,上架
CuRG12FiWh,白色 品牌03 1200 储物柜（文件收纳）,储物柜,品牌03,1200,文件收纳,白色,8*1*1,7,AT58F,简,收货,上架
KeSu45ErBl,黑色 品牌11 450 键盘（人体工学）,键盘,品牌11,450,人体工学,黑色,16*10*1,28,BH05E,艾米,收货,上架
LaRe14i5Si,银色 品牌14 14英寸 笔记本电脑（第5代处理器）,笔记本电脑,品牌14,14英寸,第5代处理器,银色,16*1*1,12,CV40A,简,收货,上架
TVEs65S4Si,银色 品牌32 65英寸 电视机（超级超高清）,电视机,品牌32,65英寸,超级超高清,银色,8*1*1,1,DV28E,克里斯,收货,上架
PrReA3InGr,灰色 品牌24 三号纸 打印机（喷墨）,打印机,品牌24,三号纸,喷墨,灰色,16*1*1,7,BH24B,艾米丽,收货,上架
CuTE90DoBl,黑色 品牌04 900 储物柜（带门式）,储物柜,品牌04,900,带门式,黑色,8*1*1,3,DH18E,劳拉,收货,上架
AlSu14i5Si,银色 品牌11 14英寸 一体机（第5代处理器）,一体机,品牌11,14英寸,第5代处理器,银色,16*1*1,10,AL36F,大卫,收货,上架
AlOv148GBl,黑色 品牌13 14英寸 一体机（8吉字节内存）,一体机,品牌13,14英寸,8吉字节内存,黑色,16*1*1,11,AW89D,莎拉,收货,上架
AlOv15i7Gr,灰色 品牌13 15英寸 一体机（第7代处理器）,一体机,品牌13,15英寸,第7代处理器,灰色,16*1*1,13,BJ65F,莎拉,收货,上架
MoHc27ErPi,粉色 品牌09 270 鼠标（人体工学）,鼠标,品牌09,270,人体工学,粉色,16*10*1,9,DH17F,莎拉,收货,上架
PeGi12WaPi,粉色 品牌21 12 铅笔（水彩）,铅笔,品牌21,12,水彩,粉色,48*10*5,1910,DN56G,莎拉,收货,上架
TaTR10AuGr,灰色 品牌29 1000 桌子（自动调节）,桌子,品牌29,1000,自动调节,灰色,8*1*1,6,DZ65H,简,收货,上架
AlYn15i5Gr,灰色 品牌15 15英寸 一体机（第5代处理器）,一体机,品牌15,15英寸,第5代处理器,灰色,16*1*1,10,BH51C,亚历克斯,收货,上架
GaXESHeWh,白色 品牌06 小号 游戏椅（头枕）,游戏椅,品牌06,小号,头枕,白色,16*1*1,16,BK86A,克里斯,收货,上架
PrReA3InGr,灰色 品牌24 三号纸 打印机（喷墨）,打印机,品牌24,三号纸,喷墨,灰色,16*1*1,8,CK92E,劳拉,收货,上架
AlOv1716Si,银色 品牌13 17英寸 一体机（16吉字节内存）,一体机,品牌13,17英寸,16吉字节内存,银色,16*1*1,4,AP23E,莎拉,收货,上架
KeHc45BlWh,白色 品牌09 450 键盘（蓝牙）,键盘,品牌09,450,蓝牙,白色,16*10*1,151,CL87F,简,收货,上架
SPGi12WaGr,灰色 品牌21 12 触控笔（水彩）,触控笔,品牌21,12,水彩,灰色,48*10*5,2124,BO29A,艾米丽,收货,上架
MoSu27ErBl,黑色 品牌11 270 鼠标（人体工学）,鼠标,品牌11,270,人体工学,黑色,16*10*1,18,BM86B,大卫,收货,上架
AlSu15i5Wh,白色 品牌11 15英寸 一体机（第5代处理器）,一体机,品牌11,15英寸,第5代处理器,白色,16*1*1,1,CY41E,艾米丽,收货,上架
KeRe35BlBl,黑色 品牌10 350 键盘（蓝牙）,键盘,品牌10,350,蓝牙,黑色,16*10*1,2,CO04B,大卫,收货,上架
LaOv1416Si,银色 品牌13 14英寸 笔记本电脑（16吉字节内存）,笔记本电脑,品牌13,14英寸,16吉字节内存,银色,16*1*1,16,CM76H,约翰,收货,上架
TaTR10WoGr,灰色 品牌29 1000 桌子（工作站）,桌子,品牌29,1000,工作站,灰色,8*1*1,1,CS31H,莎拉,收货,上架
SPRe50SoPi,粉色 品牌22 50 触控笔（可溶性）,触控笔,品牌22,50,可溶性,粉色,48*10*5,1926,BM19F,约翰,收货,上架
CuQE18DoBe,米色 品牌01 1800 储物柜（带门式）,储物柜,品牌01,1800,带门式,米色,8*1*1,2,BT79B,约翰,收货,上架
MoHc35WiPi,粉色 品牌09 350 鼠标（有线）,鼠标,品牌09,350,有线,粉色,16*10*1,141,DY31B,大卫,收货,上架
CaQE18FiGr,灰色 品牌01 1800 文件柜（文件收纳）,文件柜,品牌01,1800,文件收纳,灰色,8*1*1,5,CL64H,艾米,收货,上架
AlYn15i5Bl,黑色 品牌15 15英寸 一体机（第5代处理器）,一体机,品牌15,15英寸,第5代处理器,黑色,16*1*1,3,CH84C,大卫,收货,上架
MoRe27MeNa,藏青色 品牌10 270 鼠标（机械式）,鼠标,品牌10,270,机械式,藏青色,16*10*1,140,BH97D,艾米,收货,上架
CaWE90LoBe,米色 品牌02 900 文件柜（储物锁柜）,文件柜,品牌02,900,储物锁柜,米色,8*1*1,6,DN59B,迈克,收货,上架
KePH45ErNa,藏青色 品牌12 450 键盘（人体工学）,键盘,品牌12,450,人体工学,藏青色,16*10*1,68,DS94B,迈克,收货,上架
CaRG90SlGr,灰色 品牌03 900 文件柜（滑动式）,文件柜,品牌03,900,滑动式,灰色,8*1*1,8,BY22A,大卫,收货,上架
TVEs65SFBl,黑色 品牌32 65英寸 电视机（超级全高清）,电视机,品牌32,65英寸,超级全高清,黑色,8*1*1,6,BT13H,莎拉,收货,上架
LaOv14i7Si,银色 品牌13 14英寸 笔记本电脑（第7代处理器）,笔记本电脑,品牌13,14英寸,第7代处理器,银色,16*1*1,11,BK39A,艾米丽,收货,上架
KeRe45ErNa,藏青色 品牌10 450 键盘（人体工学）,键盘,品牌10,450,人体工学,藏青色,16*10*1,66,DR94G,大卫,收货,上架
SPRe24SoBl,黑色 品牌22 24 触控笔（可溶性）,触控笔,品牌22,24,可溶性,黑色,48*10*5,821,CF69D,约翰,收货,上架
CuQE90DoWh,白色 品牌01 900 储物柜（带门式）,储物柜,品牌01,900,带门式,白色,8*1*1,3,DG40C,艾米,收货,上架
CuWE12DoBe,米色 品牌02 1200 储物柜（带门式）,储物柜,品牌02,1200,带门式,米色,8*1*1,7,CY50H,大卫,收货,上架
AlYn1532Gr,灰色 品牌15 15英寸 一体机（32吉字节内存）,一体机,品牌15,15英寸,32吉字节内存,灰色,16*1*1,5,BT45A,艾米,收货,上架
LaYn1732Wh,白色 品牌15 17英寸 笔记本电脑（32吉字节内存）,笔记本电脑,品牌15,17英寸,32吉字节内存,白色,16*1*1,15,AS31G,艾米丽,收货,上架
OfXEMLePi,粉色 品牌06 中号 办公椅（皮革）,办公椅,品牌06,中号,皮革,粉色,16*1*1,7,BW81E,简,收货,上架
KePH27WiWh,白色 品牌12 270 键盘（有线）,键盘,品牌12,270,有线,白色,16*10*1,111,BX17E,简,收货,上架
NoMuA5liGr,灰色 品牌19 五号纸 笔记本（线条）,笔记本,品牌19,五号纸,线条,灰色,48*10*5,202,CN01G,大卫,收货,上架
TVYn32S4Wh,白色 品牌15 32英寸 电视机（超级超高清）,电视机,品牌15,32英寸,超级超高清,白色,8*1*1,4,CF93A,莎拉,收货,上架
SPAl12WaGr,灰色 品牌20 12 触控笔（水彩）,触控笔,品牌20,12,水彩,灰色,48*10*5,974,AS82C,约翰,收货,上架
LaPH15i7Si,银色 品牌12 15英寸 笔记本电脑（第7代处理器）,笔记本电脑,品牌12,15英寸,第7代处理器,银色,16*1*1,8,BR55E,大卫,收货,上架
PeNa50HePi,粉色 品牌23 50 铅笔（六角形）,铅笔,品牌23,50,六角形,粉色,48*10*5,1058,DQ57B,莎拉,收货,上架
PeRe24HeBl,黑色 品牌22 24 铅笔（六角形）,铅笔,品牌22,24,六角形,黑色,48*10*5,142,CM06E,劳拉,收货,上架
AlPH1432Wh,白色 品牌12 14英寸 一体机（32吉字节内存）,一体机,品牌12,14英寸,32吉字节内存,白色,16*1*1,3,AZ16B,克里斯,收货,上架
MoPH35ErNa,藏青色 品牌12 350 鼠标（人体工学）,鼠标,品牌12,350,人体工学,藏青色,16*10*1,117,AW53B,亚历克斯,收货,上架
TaTR18AuSi,银色 品牌28 1800 桌子（自动调节）,桌子,品牌28,1800,自动调节,银色,8*1*1,3,CW68E,艾米丽,收货,上架
PrSoA3MoMi,混合色 品牌25 三号纸 打印机（黑白）,打印机,品牌25,三号纸,黑白,混合色,16*1*1,2,DH61C,迈克,收货,上架
TVYn424KGr,灰色 品牌15 42英寸 电视机（超高清）,电视机,品牌15,42英寸,超高清,灰色,8*1*1,8,DH04H,艾米,收货,上架
PeRe24WaPi,粉色 品牌22 24 铅笔（水彩）,铅笔,品牌22,24,水彩,粉色,48*10*5,1197,DS32B,艾米丽,收货,上架
AlOv1716Gr,灰色 品牌13 17英寸 一体机（16吉字节内存）,一体机,品牌13,17英寸,16吉字节内存,灰色,16*1*1,12,AK27B,约翰,收货,上架
TVYn50SFWh,白色 品牌15 50英寸 电视机（超级全高清）,电视机,品牌15,50英寸,超级全高清,白色,8*1*1,2,CV56D,约翰,收货,上架
GaAELErWh,白色 品牌05 大号 游戏椅（人体工学）,游戏椅,品牌05,大号,人体工学,白色,16*1*1,4,AO69F,约翰,收货,上架
KeSu27MePi,粉色 品牌11 270 键盘（机械式）,键盘,品牌11,270,机械式,粉色,16*10*1,55,BI81A,艾米,收货,上架
PeNa50SoGr,灰色 品牌23 50 铅笔（可溶性）,铅笔,品牌23,50,可溶性,灰色,48*10*5,1938,BF31H,简,收货,上架
SPRe24HeGr,灰色 品牌22 24 触控笔（六角形）,触控笔,品牌22,24,六角形,灰色,48*10*5,393,CQ65G,大卫,收货,上架
DrTE90LoBe,米色 品牌04 900 抽屉柜（储物锁柜）,抽屉柜,品牌04,900,储物锁柜,米色,8*1*1,8,DR18E,克里斯,收货,上架
GaAEMLePi,粉色 品牌05 中号 游戏椅（皮革）,游戏椅,品牌05,中号,皮革,粉色,16*1*1,10,BL48B,克里斯,收货,上架
MoHc27BlBl,黑色 品牌09 270 鼠标（蓝牙）,鼠标,品牌09,270,蓝牙,黑色,16*10*1,140,BJ11F,亚历克斯,收货,上架
OfXEMHeBl,黑色 品牌06 中号 办公椅（头枕）,办公椅,品牌06,中号,头枕,黑色,16*1*1,15,CV20F,约翰,收货,上架
TVYn42S4Si,银色 品牌15 42英寸 电视机（超级超高清）,电视机,品牌15,42英寸,超级超高清,银色,8*1*1,1,CL13F,约翰,收货,上架
CaWE18LoBe,米色 品牌02 1800 文件柜（储物锁柜）,文件柜,品牌02,1800,储物锁柜,米色,8*1*1,4,BK96D,劳拉,收货,上架
KeRe45WiBl,黑色 品牌10 450 键盘（有线）,键盘,品牌10,450,有线,黑色,16*10*1,148,AO18B,艾米丽,收货,上架
TVYn504KBl,黑色 品牌15 50英寸 电视机（超高清）,电视机,品牌15,50英寸,超高清,黑色,8*1*1,2,DT96H,简,收货,上架
DrQE90SlGr,灰色 品牌01 900 抽屉柜（滑动式）,抽屉柜,品牌01,900,滑动式,灰色,8*1*1,3,AO25B,亚历克斯,收货,上架
GaSESErBl,黑色 品牌08 小号 游戏椅（人体工学）,游戏椅,品牌08,小号,人体工学,黑色,16*1*1,10,DS59A,迈克,收货,上架
GaSELErWh,白色 品牌08 大号 游戏椅（人体工学）,游戏椅,品牌08,大号,人体工学,白色,16*1*1,5,AW12H,亚历克斯,收货,上架
NoGrA4ruGr,灰色 品牌18 四号纸 笔记本（横线）,笔记本,品牌18,四号纸,横线,灰色,48*10*5,950,CW70H,艾米丽,收货,上架
KeHc27BlWh,白色 品牌09 270 键盘（蓝牙）,键盘,品牌09,270,蓝牙,白色,16*10*1,149,CU37G,简,收货,上架
TVEs42FHBl,黑色 品牌32 42英寸 电视机（全高清）,电视机,品牌32,42英寸,全高清,黑色,8*1*1,1,AK56C,迈克,收货,上架
TVGn65FHSi,银色 品牌30 65英寸 电视机（全高清）,电视机,品牌30,65英寸,全高清,银色,8*1*1,8,DI33E,大卫,收货,上架
PrPHA2LaWh,白色 品牌12 二号纸 打印机（激光）,打印机,品牌12,二号纸,激光,白色,16*1*1,7,BT84D,艾米丽,收货,上架
CaWE90LoBe,米色 品牌02 900 文件柜（储物锁柜）,文件柜,品牌02,900,储物锁柜,米色,8*1*1,8,DW27F,大卫,收货,上架
AlRe1516Gr,灰色 品牌14 15英寸 一体机（16吉字节内存）,一体机,品牌14,15英寸,16吉字节内存,灰色,16*1*1,9,AU50A,亚历克斯,收货,上架
DrRG12SlBe,米色 品牌03 1200 抽屉柜（滑动式）,抽屉柜,品牌03,1200,滑动式,米色,8*1*1,5,DM71G,约翰,收货,上架
CuRG90LoBe,米色 品牌03 900 储物柜（储物锁柜）,储物柜,品牌03,900,储物锁柜,米色,8*1*1,4,CF07A,亚历克斯,收货,上架
TaTR10AuGr,灰色 品牌28 1000 桌子（自动调节）,桌子,品牌28,1000,自动调节,灰色,8*1*1,6,DZ62H,莎拉,收货,上架
TaTR15AuBl,黑色 品牌29 1500 桌子（自动调节）,桌子,品牌29,1500,自动调节,黑色,8*1*1,1,DN70F,大卫,收货,上架
TVYn75FHSi,银色 品牌15 75英寸 电视机（全高清）,电视机,品牌15,75英寸,全高清,银色,8*1*1,4,DH05F,约翰,收货,上架
CaQE90SlBe,米色 品牌01 900 文件柜（滑动式）,文件柜,品牌01,900,滑动式,米色,8*1*1,1,DF72G,大卫,收货,上架
KePH35WiBl,黑色 品牌12 350 键盘（有线）,键盘,品牌12,350,有线,黑色,16*10*1,110,BZ21A,克里斯,收货,上架
NoMuA4liSi,银色 品牌19 四号纸 笔记本（线条）,笔记本,品牌19,四号纸,线条,银色,48*10*5,413,CK28G,大卫,收货,上架
TVEs50FHBl,黑色 品牌32 50英寸 电视机（全高清）,电视机,品牌32,50英寸,全高清,黑色,8*1*1,2,DL96B,克里斯,收货,上架
LaRe17i7Bl,黑色 品牌14 17英寸 笔记本电脑（第7代处理器）,笔记本电脑,品牌14,17英寸,第7代处理器,黑色,16*1*1,1,BW56A,亚历克斯,收货,上架
SPRe50WaGr,灰色 品牌22 50 触控笔（水彩）,触控笔,品牌22,50,水彩,灰色,48*10*5,194,AM81D,简,收货,上架
TVYn324KWh,白色 品牌15 32英寸 电视机（超高清）,电视机,品牌15,32英寸,超高清,白色,8*1*1,6,CR47G,大卫,收货,上架
SPAl24HeBl,黑色 品牌20 24 触控笔（六角形）,触控笔,品牌20,24,六角形,黑色,48*10*5,1763,BU31H,约翰,收货,上架
DrRG90SlGr,灰色 品牌03 900 抽屉柜（滑动式）,抽屉柜,品牌03,900,滑动式,灰色,8*1*1,7,AY25G,艾米丽,收货,上架
NoMuA4doWh,白色 品牌19 四号纸 笔记本（点阵）,笔记本,品牌19,四号纸,点阵,白色,48*10*5,69,DQ91A,克里斯,收货,上架
OfOGMHeBl,黑色 品牌07 中号 办公椅（头枕）,办公椅,品牌07,中号,头枕,黑色,16*1*1,15,CR88E,艾米丽,收货,上架
TVEs42SFSi,银色 品牌32 42英寸 电视机（超级全高清）,电视机,品牌32,42英寸,超级全高清,银色,8*1*1,5,DQ64E,约翰,收货,上架
TVYn424KBl,黑色 品牌15 42英寸 电视机（超高清）,电视机,品牌15,42英寸,超高清,黑色,8*1*1,4,AG37A,约翰,收货,上架
SPNa12HeWh,白色 品牌23 12 触控笔（六角形）,触控笔,品牌23,12,六角形,白色,48*10*5,1494,CJ64G,莎拉,收货,上架
LaSu148GBl,黑色 品牌11 14英寸 笔记本电脑（8吉字节内存）,笔记本电脑,品牌11,14英寸,8吉字节内存,黑色,16*1*1,8,DG85F,莎拉,收货,上架
KeHc35MePi,粉色 品牌09 350 键盘（机械式）,键盘,品牌09,350,机械式,粉色,16*10*1,147,CI33A,莎拉,收货,上架
LaOv1416Si,银色 品牌13 14英寸 笔记本电脑（16吉字节内存）,笔记本电脑,品牌13,14英寸,16吉字节内存,银色,16*1*1,1,BR12B,大卫,收货,上架
TaTR15AuWh,白色 品牌28 1500 桌子（自动调节）,桌子,品牌28,1500,自动调节,白色,8*1*1,7,AN68A,大卫,收货,上架
MoPH35MeNa,藏青色 品牌12 350 鼠标（机械式）,鼠标,品牌12,350,机械式,藏青色,16*10*1,18,DS03G,迈克,收货,上架
CuRG90SlBl,黑色 品牌03 900 储物柜（滑动式）,储物柜,品牌03,900,滑动式,黑色,8*1*1,5,CU40G,迈克,收货,上架
CaRG90FiBl,黑色 品牌03 900 文件柜（文件收纳）,文件柜,品牌03,900,文件收纳,黑色,8*1*1,8,BL04H,克里斯,收货,上架
SPRe50WaWh,白色 品牌22 50 触控笔（水彩）,触控笔,品牌22,50,水彩,白色,48*10*5,438,BF95C,艾米丽,收货,上架
OfSESAdPi,粉色 品牌08 小号 办公椅（可调节）,办公椅,品牌08,小号,可调节,粉色,16*1*1,5,AQ48B,约翰,收货,上架
DrTE18SlGr,灰色 品牌04 1800 抽屉柜（滑动式）,抽屉柜,品牌04,1800,滑动式,灰色,8*1*1,7,BH31H,劳拉,收货,上架
MoHc45MeBl,黑色 品牌09 450 鼠标（机械式）,鼠标,品牌09,450,机械式,黑色,16*10*1,146,CU74C,大卫,收货,上架
PrPHA4LaWh,白色 品牌12 四号纸 打印机（激光）,打印机,品牌12,四号纸,激光,白色,16*1*1,3,BJ88D,莎拉,收货,上架
CaQE90DoBl,黑色 品牌01 900 文件柜（带门式）,文件柜,品牌01,900,带门式,黑色,8*1*1,5,DI91A,艾米,收货,上架
TaAE10AuSi,银色 品牌05 1000 桌子（自动调节）,桌子,品牌05,1000,自动调节,银色,8*1*1,5,CF29B,大卫,收货,上架
DrQE18LoGr,灰色 品牌01 1800 抽屉柜（储物锁柜）,抽屉柜,品牌01,1800,储物锁柜,灰色,8*1*1,2,CK69F,莎拉,收货,上架
PeAl50HePi,粉色 品牌20 50 铅笔（六角形）,铅笔,品牌20,50,六角形,粉色,48*10*5,1848,CR47C,亚历克斯,收货,上架
LaYn1716Wh,白色 品牌15 17英寸 笔记本电脑（16吉字节内存）,笔记本电脑,品牌15,17英寸,16吉字节内存,白色,16*1*1,1,DG02D,莎拉,收货,上架
TVYn424KBl,黑色 品牌15 42英寸 电视机（超高清）,电视机,品牌15,42英寸,超高清,黑色,8*1*1,5,BK75B,迈克,收货,上架
CuTE12DoBl,黑色 品牌04 1200 储物柜（带门式）,储物柜,品牌04,1200,带门式,黑色,8*1*1,4,DV59C,简,收货,上架
TaTR10WoWh,白色 品牌29 1000 桌子（工作站）,桌子,品牌29,1000,工作站,白色,8*1*1,7,BS44D,艾米丽,收货,上架
PeNa12HePi,粉色 品牌23 12 铅笔（六角形）,铅笔,品牌23,12,六角形,粉色,48*10*5,1998,BT97G,约翰,收货,上架
AlPH17i5Wh,白色 品牌12 17英寸 一体机（第5代处理器）,一体机,品牌12,17英寸,第5代处理器,白色,16*1*1,2,CV52A,迈克,收货,上架
KePH27WiWh,白色 品牌12 270 键盘（有线）,键盘,品牌12,270,有线,白色,16*10*1,81,CS50D,约翰,收货,上架
OfXELHeBl,黑色 品牌06 大号 办公椅（头枕）,办公椅,品牌06,大号,头枕,黑色,16*1*1,4,BQ52B,迈克,收货,上架
CuQE12LoGr,灰色 品牌01 1200 储物柜（储物锁柜）,储物柜,品牌01,1200,储物锁柜,灰色,8*1*1,3,DF24E,克里斯,收货,上架
TaTR10AuWh,白色 品牌28 1000 桌子（自动调节）,桌子,品牌28,1000,自动调节,白色,8*1*1,3,DQ30C,莎拉,收货,上架
MoRe35MeNa,藏青色 品牌10 350 鼠标（机械式）,鼠标,品牌10,350,机械式,藏青色,16*10*1,98,CQ56B,艾米,收货,上架
CuTE12LoBl,黑色 品牌04 1200 储物柜（储物锁柜）,储物柜,品牌04,1200,储物锁柜,黑色,8*1*1,5,DI77C,艾米丽,收货,上架
MoHc35ErPi,粉色 品牌09 350 鼠标（人体工学）,鼠标,品牌09,350,人体工学,粉色,16*10*1,4,AL42E,简,收货,上架
TVGL324KSi,银色 品牌31 32英寸 电视机（超高清）,电视机,品牌31,32英寸,超高清,银色,8*1*1,6,AT94B,克里斯,收货,上架
GaXELAdPi,粉色 品牌06 大号 游戏椅（可调节）,游戏椅,品牌06,大号,可调节,粉色,16*1*1,6,CP11D,莎拉,收货,上架
LaPH148GWh,白色 品牌12 14英寸 笔记本电脑（8吉字节内存）,笔记本电脑,品牌12,14英寸,8吉字节内存,白色,16*1*1,5,CG97B,约翰,收货,上架
LaRe14i7Bl,黑色 品牌14 14英寸 笔记本电脑（第7代处理器）,笔记本电脑,品牌14,14英寸,第7代处理器,黑色,16*1*1,8,DT05H,约翰,收货,上架
SPGi50WaGr,灰色 品牌21 50 触控笔（水彩）,触控笔,品牌21,50,水彩,灰色,48*10*5,850,CS67G,简,收货,上架
CuQE18FiWh,白色 品牌01 1800 储物柜（文件收纳）,储物柜,品牌01,1800,文件收纳,白色,8*1*1,2,DW08C,莎拉,收货,上架
GaOGLAdBl,黑色 品牌07 大号 游戏椅（可调节）,游戏椅,品牌07,大号,可调节,黑色,16*1*1,1,CT85C,大卫,收货,上架
PrPHA4WiMi,混合色 品牌12 四号纸 打印机（无线网络）,打印机,品牌12,四号纸,无线网络,混合色,16*1*1,9,CM91E,莎拉,收货,上架
OfOGMHeBl,黑色 品牌07 中号 办公椅（头枕）,办公椅,品牌07,中号,头枕,黑色,16*1*1,12,CW74F,简,收货,上架
OfAESLeBl,黑色 品牌05 小号 办公椅（皮革）,办公椅,品牌05,小号,皮革,黑色,16*1*1,3,BJ58A,大卫,收货,上架
CaWE90SlGr,灰色 品牌02 900 文件柜（滑动式）,文件柜,品牌02,900,滑动式,灰色,8*1*1,7,DT35B,莎拉,收货,上架
KeRe35ErBl,黑色 品牌10 350 键盘（人体工学）,键盘,品牌10,350,人体工学,黑色,16*10*1,66,CT39G,艾米丽,收货,上架
PrReA3AlMi,混合色 品牌24 三号纸 打印机（一体式）,打印机,品牌24,三号纸,一体式,混合色,16*1*1,3,AM32E,克里斯,收货,上架
DrWE12LoWh,白色 品牌02 1200 抽屉柜（储物锁柜）,抽屉柜,品牌02,1200,储物锁柜,白色,8*1*1,4,AP40C,劳拉,收货,上架
NoMuA5ruBl,黑色 品牌19 五号纸 笔记本（横线）,笔记本,品牌19,五号纸,横线,黑色,48*10*5,2151,DJ29G,艾米丽,收货,上架
AlRe14i7Gr,灰色 品牌14 14英寸 一体机（第7代处理器）,一体机,品牌14,14英寸,第7代处理器,灰色,16*1*1,6,DS44H,艾米丽,收货,上架
TVGn50FHWh,白色 品牌30 50英寸 电视机（全高清）,电视机,品牌30,50英寸,全高清,白色,8*1*1,7,BY53H,艾米,收货,上架
CaTE90FiBe,米色 品牌04 900 文件柜（文件收纳）,文件柜,品牌04,900,文件收纳,米色,8*1*1,6,CG61C,劳拉,收货,上架
TVEs42FHBl,黑色 品牌32 42英寸 电视机（全高清）,电视机,品牌32,42英寸,全高清,黑色,8*1*1,6,BV28D,大卫,收货,上架
LaOv17i7Bl,黑色 品牌13 17英寸 笔记本电脑（第7代处理器）,笔记本电脑,品牌13,17英寸,第7代处理器,黑色,16*1*1,14,DJ22F,简,收货,上架
MoHc27MeNa,藏青色 品牌09 270 鼠标（机械式）,鼠标,品牌09,270,机械式,藏青色,16*10*1,35,BM49G,亚历克斯,收货,上架
CaWE12LoBl,黑色 品牌02 1200 文件柜（储物锁柜）,文件柜,品牌02,1200,储物锁柜,黑色,8*1*1,6,BM30F,劳拉,收货,上架
LaPH17i7Wh,白色 品牌12 17英寸 笔记本电脑（第7代处理器）,笔记本电脑,品牌12,17英寸,第7代处理器,白色,16*1*1,5,CT13E,艾米丽,收货,上架
SPNa50WaGr,灰色 品牌23 50 触控笔（水彩）,触控笔,品牌23,50,水彩,灰色,48*10*5,2086,CW61G,简,收货,上架
PrNoA4WiMi,混合色 品牌26 四号纸 打印机（无线网络）,打印机,品牌26,四号纸,无线网络,混合色,16*1*1,2,AQ25C,约翰,收货,上架
AlOv1416Wh,白色 品牌13 14英寸 一体机（16吉字节内存）,一体机,品牌13,14英寸,16吉字节内存,白色,16*1*1,3,BH75E,迈克,收货,上架
TVGL50SFGr,灰色 品牌31 50英寸 电视机（超级全高清）,电视机,品牌31,50英寸,超级全高清,灰色,8*1*1,5,DZ69C,劳拉,收货,上架
LaOv1532Bl,黑色 品牌13 15英寸 笔记本电脑（32吉字节内存）,笔记本电脑,品牌13,15英寸,32吉字节内存,黑色,16*1*1,14,BY33B,艾米丽,收货,上架
TaTR15FrSi,银色 品牌29 1500 桌子（框架式）,桌子,品牌29,1500,框架式,银色,8*1*1,1,DM48A,大卫,收货,上架
PrReA4WiMi,混合色 品牌24 四号纸 打印机（无线网络）,打印机,品牌24,四号纸,无线网络,混合色,16*1*1,4,CZ86F,克里斯,收货,上架
TaAE15AdSi,银色 品牌05 1500 桌子（可调节）,桌子,品牌05,1500,可调节,银色,8*1*1,1,CG13G,大卫,收货,上架
AlRe1532Wh,白色 品牌14 15英寸 一体机（32吉字节内存）,一体机,品牌14,15英寸,32吉字节内存,白色,16*1*1,7,AL92F,迈克,收货,上架
NoMuA3ruSi,银色 品牌19 三号纸 笔记本（横线）,笔记本,品牌19,三号纸,横线,银色,48*10*5,1291,DP11H,克里斯,收货,上架
SPGi50WaBl,黑色 品牌21 50 触控笔（水彩）,触控笔,品牌21,50,水彩,黑色,48*10*5,1151,DR94D,约翰,收货,上架
SPAl24WaWh,白色 品牌20 24 触控笔（水彩）,触控笔,品牌20,24,水彩,白色,48*10*5,2229,DK62D,艾米,收货,上架
CaTE18LoBe,米色 品牌04 1800 文件柜（储物锁柜）,文件柜,品牌04,1800,储物锁柜,米色,8*1*1,7,AQ23E,亚历克斯,收货,上架
KePH27BlPi,粉色 品牌12 270 键盘（蓝牙）,键盘,品牌12,270,蓝牙,粉色,16*10*1,74,AQ87D,大卫,收货,上架
AlPH1432Wh,白色 品牌12 14英寸 一体机（32吉字节内存）,一体机,品牌12,14英寸,32吉字节内存,白色,16*1*1,2,AI55B,约翰,收货,上架
SPNa50SoPi,粉色 品牌23 50 触控笔（可溶性）,触控笔,品牌23,50,可溶性,粉色,48*10*5,620,DP92H,莎拉,收货,上架
CuRG12LoBe,米色 品牌03 1200 储物柜（储物锁柜）,储物柜,品牌03,1200,储物锁柜,米色,8*1*1,6,DP90B,艾米丽,收货,上架
PrPHA2MoGr,灰色 品牌12 二号纸 打印机（黑白）,打印机,品牌12,二号纸,黑白,灰色,16*1*1,11,CQ97D,劳拉,收货,上架
AlRe1516Gr,灰色 品牌14 15英寸 一体机（16吉字节内存）,一体机,品牌14,15英寸,16吉字节内存,灰色,16*1*1,6,DP18D,艾米,收货,上架
TVGL65SFGr,灰色 品牌31 65英寸 电视机（超级全高清）,电视机,品牌31,65英寸,超级全高清,灰色,8*1*1,3,AY97C,大卫,收货,上架
DrQE12FiBe,米色 品牌01 1200 抽屉柜（文件收纳）,抽屉柜,品牌01,1200,文件收纳,米色,8*1*1,6,BP04C,艾米,收货,上架
CaWE18SlGr,灰色 品牌02 1800 文件柜（滑动式）,文件柜,品牌02,1800,滑动式,灰色,8*1*1,6,DZ24G,亚历克斯,收货,上架
MoRe27ErPi,粉色 品牌10 270 鼠标（人体工学）,鼠标,品牌10,270,人体工学,粉色,16*10*1,5,AV23B,简,收货,上架
NoScA5liSi,银色 品牌17 五号纸 笔记本（线条）,笔记本,品牌17,五号纸,线条,银色,48*10*5,581,BU62G,迈克,收货,上架
PrSoA2LaWh,白色 品牌25 二号纸 打印机（激光）,打印机,品牌25,二号纸,激光,白色,16*1*1,7,DS16H,艾米,收货,上架
AlRe17i5Gr,灰色 品牌14 17英寸 一体机（第5代处理器）,一体机,品牌14,17英寸,第5代处理器,灰色,16*1*1,1,AT88F,艾米丽,收货,上架
CaTE90LoWh,白色 品牌04 900 文件柜（储物锁柜）,文件柜,品牌04,900,储物锁柜,白色,8*1*1,7,DL73G,约翰,收货,上架
KeHc35WiNa,藏青色 品牌09 350 键盘（有线）,键盘,品牌09,350,有线,藏青色,16*10*1,75,DI25A,克里斯,收货,上架
DrRG18DoBl,黑色 品牌03 1800 抽屉柜（带门式）,抽屉柜,品牌03,1800,带门式,黑色,8*1*1,3,DI59G,劳拉,收货,上架
NoScA3doWh,白色 品牌17 三号纸 笔记本（点阵）,笔记本,品牌17,三号纸,点阵,白色,48*10*5,1133,CU14B,简,收货,上架
LaRe158GGr,灰色 品牌14 15英寸 笔记本电脑（8吉字节内存）,笔记本电脑,品牌14,15英寸,8吉字节内存,灰色,16*1*1,6,DF72F,艾米丽,收货,上架
TaTR10AdGr,灰色 品牌29 1000 桌子（可调节）,桌子,品牌29,1000,可调节,灰色,8*1*1,3,AF30C,亚历克斯,收货,上架
GaAELAdPi,粉色 品牌05 大号 游戏椅（可调节）,游戏椅,品牌05,大号,可调节,粉色,16*1*1,5,DO10F,艾米丽,收货,上架
PeRe24WaBl,黑色 品牌22 24 铅笔（水彩）,铅笔,品牌22,24,水彩,黑色,48*10*5,2217,BT73G,劳拉,收货,上架
AlOv15i5Bl,黑色 品牌13 15英寸 一体机（第5代处理器）,一体机,品牌13,15英寸,第5代处理器,黑色,16*1*1,10,BT73G,简,收货,上架
TVGn50S4Gr,灰色 品牌30 50英寸 电视机（超级超高清）,电视机,品牌30,50英寸,超级超高清,灰色,8*1*1,1,CX72B,迈克,收货,上架
PeRe24HeWh,白色 品牌22 24 铅笔（六角形）,铅笔,品牌22,24,六角形,白色,48*10*5,1431,AT52H,艾米丽,收货,上架
AlPH178GGr,灰色 品牌12 17英寸 一体机（8吉字节内存）,一体机,品牌12,17英寸,8吉字节内存,灰色,16*1*1,1,BK83D,莎拉,收货,上架
TaTR15AuWh,白色 品牌29 1500 桌子（自动调节）,桌子,品牌29,1500,自动调节,白色,8*1*1,6,AF64C,简,收货,上架
CaTE12DoGr,灰色 品牌04 1200 文件柜（带门式）,文件柜,品牌04,1200,带门式,灰色,8*1*1,5,CW75A,简,收货,上架
DrTE90SlGr,灰色 品牌04 900 抽屉柜（滑动式）,抽屉柜,品牌04,900,滑动式,灰色,8*1*1,1,AU57H,迈克,收货,上架
PeAl12SoGr,灰色 品牌20 12 铅笔（可溶性）,铅笔,品牌20,12,可溶性,灰色,48*10*5,412,BM43G,莎拉,收货,上架
TVEs50S4Si,银色 品牌32 50英寸 电视机（超级超高清）,电视机,品牌32,50英寸,超级超高清,银色,8*1*1,8,AU41D,克里斯,收货,上架
TaAE10FrGr,灰色 品牌05 1000 桌子（框架式）,桌子,品牌05,1000,框架式,灰色,8*1*1,6,AO76H,迈克,收货,上架
DrQE90LoBl,黑色 品牌01 900 抽屉柜（储物锁柜）,抽屉柜,品牌01,900,储物锁柜,黑色,8*1*1,6,BR86C,艾米,收货,上架
SPRe50HeWh,白色 品牌22 50 触控笔（六角形）,触控笔,品牌22,50,六角形,白色,48*10*5,1411,CN64E,大卫,收货,上架
LaPH17i5Gr,灰色 品牌12 17英寸 笔记本电脑（第5代处理器）,笔记本电脑,品牌12,17英寸,第5代处理器,灰色,16*1*1,1,AM66G,克里斯,收货,上架
CaTE12LoBe,米色 品牌04 1200 文件柜（储物锁柜）,文件柜,品牌04,1200,储物锁柜,米色,8*1*1,7,BT91E,大卫,收货,上架
LaPH1416Gr,灰色 品牌12 14英寸 笔记本电脑（16吉字节内存）,笔记本电脑,品牌12,14英寸,16吉字节内存,灰色,16*1*1,11,BX08E,简,收货,上架
LaPH148GWh,白色 品牌12 14英寸 笔记本电脑（8吉字节内存）,笔记本电脑,品牌12,14英寸,8吉字节内存,白色,16*1*1,7,CG23D,艾米丽,收货,上架
LaPH14i7Si,银色 品牌12 14英寸 笔记本电脑（第7代处理器）,笔记本电脑,品牌12,14英寸,第7代处理器,银色,16*1*1,3,CO10G,迈克,收货,上架
MoRe45ErPi,粉色 品牌10 450 鼠标（人体工学）,鼠标,品牌10,450,人体工学,粉色,16*10*1,33,BL38B,简,收货,上架
CuQE18LoGr,灰色 品牌01 1800 储物柜（储物锁柜）,储物柜,品牌01,1800,储物锁柜,灰色,8*1*1,1,BP88E,迈克,收货,上架
GaXELErBl,黑色 品牌06 大号 游戏椅（人体工学）,游戏椅,品牌06,大号,人体工学,黑色,16*1*1,14,AL24C,莎拉,收货,上架
TaTR15WoBl,黑色 品牌28 1500 桌子（工作站）,桌子,品牌28,1500,工作站,黑色,8*1*1,4,BF22B,克里斯,收货,上架
GaOGSLeBl,黑色 品牌07 小号 游戏椅（皮革）,游戏椅,品牌07,小号,皮革,黑色,16*1*1,13,DK28D,劳拉,收货,上架
OfOGMAdBl,黑色 品牌07 中号 办公椅（可调节）,办公椅,品牌07,中号,可调节,黑色,16*1*1,6,DU83F,简,收货,上架
CaQE90FiGr,灰色 品牌01 900 文件柜（文件收纳）,文件柜,品牌01,900,文件收纳,灰色,8*1*1,7,CZ20E,约翰,收货,上架
CuTE18SlGr,灰色 品牌04 1800 储物柜（滑动式）,储物柜,品牌04,1800,滑动式,灰色,8*1*1,5,BQ09C,大卫,收货,上架
AlOv14i5Si,银色 品牌13 14英寸 一体机（第5代处理器）,一体机,品牌13,14英寸,第5代处理器,银色,16*1*1,10,DY64B,大卫,收货,上架
AlOv1416Bl,黑色 品牌13 14英寸 一体机（16吉字节内存）,一体机,品牌13,14英寸,16吉字节内存,黑色,16*1*1,15,AX49H,莎拉,收货,上架
LaRe1516Bl,黑色 品牌14 15英寸 笔记本电脑（16吉字节内存）,笔记本电脑,品牌14,15英寸,16吉字节内存,黑色,16*1*1,10,DL74H,艾米丽,收货,上架
DrWE18SlGr,灰色 品牌02 1800 抽屉柜（滑动式）,抽屉柜,品牌02,1800,滑动式,灰色,8*1*1,7,CL33C,亚历克斯,收货,上架
KeHc45WiPi,粉色 品牌09 450 键盘（有线）,键盘,品牌09,450,有线,粉色,16*10*1,124,AU22E,劳拉,收货,上架
AlRe1516Wh,白色 品牌14 15英寸 一体机（16吉字节内存）,一体机,品牌14,15英寸,16吉字节内存,白色,16*1*1,2,AK29G,简,收货,上架
LaRe1416Si,银色 品牌14 14英寸 笔记本电脑（16吉字节内存）,笔记本电脑,品牌14,14英寸,16吉字节内存,银色,16*1*1,8,BM19B,艾米丽,收货,上架
AlPH1516Si,银色 品牌12 15英寸 一体机（16吉字节内存）,一体机,品牌12,15英寸,16吉字节内存,银色,16*1*1,16,AV27F,约翰,收货,上架
MoRe45BlNa,藏青色 品牌10 450 鼠标（蓝牙）,鼠标,品牌10,450,蓝牙,藏青色,16*10*1,7,DV44D,简,收货,上架
KeSu27MePi,粉色 品牌11 270 键盘（机械式）,键盘,品牌11,270,机械式,粉色,16*10*1,139,DK40A,简,收货,上架
CaQE12DoWh,白色 品牌01 1200 文件柜（带门式）,文件柜,品牌01,1200,带门式,白色,8*1*1,5,AJ86F,莎拉,收货,上架
TVGn754KSi,银色 品牌30 75英寸 电视机（超高清）,电视机,品牌30,75英寸,超高清,银色,8*1*1,3,BZ79D,克里斯,收货,上架
PeGi50SoWh,白色 品牌21 50 铅笔（可溶性）,铅笔,品牌21,50,可溶性,白色,48*10*5,489,BH67G,克里斯,收货,上架
MoHc35MeBl,黑色 品牌09 350 鼠标（机械式）,鼠标,品牌09,350,机械式,黑色,16*10*1,66,AP57E,约翰,收货,上架
PrNoA2LaBl,黑色 品牌26 二号纸 打印机（激光）,打印机,品牌26,二号纸,激光,黑色,16*1*1,14,BG81E,劳拉,收货,上架
GaXESLeWh,白色 品牌06 小号 游戏椅（皮革）,游戏椅,品牌06,小号,皮革,白色,16*1*1,9,AX53B,简,收货,上架
SPAl12HeGr,灰色 品牌20 12 触控笔（六角形）,触控笔,品牌20,12,六角形,灰色,48*10*5,261,DO22C,迈克,收货,上架
PeNa24HeGr,灰色 品牌23 24 铅笔（六角形）,铅笔,品牌23,24,六角形,灰色,48*10*5,1286,DI88D,艾米,收货,上架
KePH35MePi,粉色 品牌12 350 键盘（机械式）,键盘,品牌12,350,机械式,粉色,16*10*1,76,AT74E,约翰,收货,上架
GaOGLErPi,粉色 品牌07 大号 游戏椅（人体工学）,游戏椅,品牌07,大号,人体工学,粉色,16*1*1,9,BV57G,克里斯,收货,上架
CaTE90SlGr,灰色 品牌04 900 文件柜（滑动式）,文件柜,品牌04,900,滑动式,灰色,8*1*1,3,CK64C,迈克,收货,上架
PeAl50HeBl,黑色 品牌20 50 铅笔（六角形）,铅笔,品牌20,50,六角形,黑色,48*10*5,1108,DI77G,亚历克斯,收货,上架
AlRe1516Gr,灰色 品牌14 15英寸 一体机（16吉字节内存）,一体机,品牌14,15英寸,16吉字节内存,灰色,16*1*1,16,DU67A,大卫,收货,上架
AlSu1732Bl,黑色 品牌11 17英寸 一体机（32吉字节内存）,一体机,品牌11,17英寸,32吉字节内存,黑色,16*1*1,3,BN59G,劳拉,收货,上架
LaRe1716Gr,灰色 品牌14 17英寸 笔记本电脑（16吉字节内存）,笔记本电脑,品牌14,17英寸,16吉字节内存,灰色,16*1*1,13,AX83A,劳拉,收货,上架
AlYn178GGr,灰色 品牌15 17英寸 一体机（8吉字节内存）,一体机,品牌15,17英寸,8吉字节内存,灰色,16*1*1,12,BU32E,大卫,收货,上架
LaSu1732Bl,黑色 品牌11 17英寸 笔记本电脑（32吉字节内存）,笔记本电脑,品牌11,17英寸,32吉字节内存,黑色,16*1*1,4,AM36A,大卫,收货,上架
PrNoA2AlWh,白色 品牌26 二号纸 打印机（一体式）,打印机,品牌26,二号纸,一体式,白色,16*1*1,2,CX77G,艾米,收货,上架
CaWE12DoWh,白色 品牌02 1200 文件柜（带门式）,文件柜,品牌02,1200,带门式,白色,8*1*1,2,DH74A,约翰,收货,上架
CaTE12SlBe,米色 品牌04 1200 文件柜（滑动式）,文件柜,品牌04,1200,滑动式,米色,8*1*1,7,CQ44A,艾米丽,收货,上架
PrNoA4LaGr,灰色 品牌26 四号纸 打印机（激光）,打印机,品牌26,四号纸,激光,灰色,16*1*1,12,DR95A,大卫,收货,上架
CaQE18SlWh,白色 品牌01 1800 文件柜（滑动式）,文件柜,品牌01,1800,滑动式,白色,8*1*1,5,BT86B,简,收货,上架
MoHc45WiBl,黑色 品牌09 450 鼠标（有线）,鼠标,品牌09,450,有线,黑色,16*10*1,27,CU12H,约翰,收货,上架
TVGL32FHWh,白色 品牌31 32英寸 电视机（全高清）,电视机,品牌31,32英寸,全高清,白色,8*1*1,2,BR04F,劳拉,收货,上架
MoRe35WiWh,白色 品牌10 350 鼠标（有线）,鼠标,品牌10,350,有线,白色,16*10*1,143,DM67H,约翰,收货,上架
GaOGLAdPi,粉色 品牌07 大号 游戏椅（可调节）,游戏椅,品牌07,大号,可调节,粉色,16*1*1,1,AQ17D,劳拉,收货,上架
OfXESErBl,黑色 品牌06 小号 办公椅（人体工学）,办公椅,品牌06,小号,人体工学,黑色,16*1*1,13,DR88D,约翰,收货,上架
DrQE18LoWh,白色 品牌01 1800 抽屉柜（储物锁柜）,抽屉柜,品牌01,1800,储物锁柜,白色,8*1*1,1,DX07E,大卫,收货,上架
MoHc35ErBl,黑色 品牌09 350 鼠标（人体工学）,鼠标,品牌09,350,人体工学,黑色,16*10*1,79,CI17G,约翰,收货,上架
CuQE90DoGr,灰色 品牌01 900 储物柜（带门式）,储物柜,品牌01,900,带门式,灰色,8*1*1,4,DK31C,亚历克斯,收货,上架
DrWE12LoBe,米色 品牌02 1200 抽屉柜（储物锁柜）,抽屉柜,品牌02,1200,储物锁柜,米色,8*1*1,5,AM53E,大卫,收货,上架
PrSoA4InWh,白色 品牌25 四号纸 打印机（喷墨）,打印机,品牌25,四号纸,喷墨,白色,16*1*1,2,CX63D,莎拉,收货,上架
KeRe35MeWh,白色 品牌10 350 键盘（机械式）,键盘,品牌10,350,机械式,白色,16*10*1,155,CQ41G,简,收货,上架
LaOv1516Si,银色 品牌13 15英寸 笔记本电脑（16吉字节内存）,笔记本电脑,品牌13,15英寸,16吉字节内存,银色,16*1*1,8,AH35C,艾米丽,收货,上架
KeSu35WiWh,白色 品牌11 350 键盘（有线）,键盘,品牌11,350,有线,白色,16*10*1,140,BJ37F,简,收货,上架
AlYn158GBl,黑色 品牌15 15英寸 一体机（8吉字节内存）,一体机,品牌15,15英寸,8吉字节内存,黑色,16*1*1,15,BM02D,迈克,收货,上架
CaWE18FiBl,黑色 品牌02 1800 文件柜（文件收纳）,文件柜,品牌02,1800,文件收纳,黑色,8*1*1,7,CI18D,简,收货,上架
OfXELErBl,黑色 品牌06 大号 办公椅（人体工学）,办公椅,品牌06,大号,人体工学,黑色,16*1*1,10,CZ25H,亚历克斯,收货,上架
LaRe158GWh,白色 品牌14 15英寸 笔记本电脑（8吉字节内存）,笔记本电脑,品牌14,15英寸,8吉字节内存,白色,16*1*1,13,AG28C,简,收货,上架
OfOGSLeBl,黑色 品牌07 小号 办公椅（皮革）,办公椅,品牌07,小号,皮革,黑色,16*1*1,10,CN62A,莎拉,收货,上架
CaTE18LoWh,白色 品牌04 1800 文件柜（储物锁柜）,文件柜,品牌04,1800,储物锁柜,白色,8*1*1,6,CG30E,克里斯,收货,上架
CaQE12LoBe,米色 品牌01 1200 文件柜（储物锁柜）,文件柜,品牌01,1200,储物锁柜,米色,8*1*1,8,BY12B,亚历克斯,收货,上架
LaSu1732Wh,白色 品牌11 17英寸 笔记本电脑（32吉字节内存）,笔记本电脑,品牌11,17英寸,32吉字节内存,白色,16*1*1,6,CL15F,克里斯,收货,上架
KeRe45ErWh,白色 品牌10 450 键盘（人体工学）,键盘,品牌10,450,人体工学,白色,16*10*1,39,BR75A,克里斯,收货,上架
AlSu178GBl,黑色 品牌11 17英寸 一体机（8吉字节内存）,一体机,品牌11,17英寸,8吉字节内存,黑色,16*1*1,5,DQ04A,迈克,收货,上架
TVEs42SFBl,黑色 品牌32 42英寸 电视机（超级全高清）,电视机,品牌32,42英寸,超级全高清,黑色,8*1*1,8,BU54C,艾米丽,收货,上架
NoGrA5liWh,白色 品牌18 五号纸 笔记本（线条）,笔记本,品牌18,五号纸,线条,白色,48*10*5,1763,CZ32F,艾米丽,收货,上架
CaQE12SlGr,灰色 品牌01 1200 文件柜（滑动式）,文件柜,品牌01,1200,滑动式,灰色,8*1*1,6,AL79G,简,收货,上架
CuQE18DoGr,灰色 品牌01 1800 储物柜（带门式）,储物柜,品牌01,1800,带门式,灰色,8*1*1,7,BI68H,约翰,收货,上架
AlRe14i5Bl,黑色 品牌14 14英寸 一体机（第5代处理器）,一体机,品牌14,14英寸,第5代处理器,黑色,16*1*1,10,CJ52A,克里斯,收货,上架
TVEs32FHBl,黑色 品牌32 32英寸 电视机（全高清）,电视机,品牌32,32英寸,全高清,黑色,8*1*1,7,AG14A,莎拉,收货,上架
PrSoA3LaMi,混合色 品牌25 三号纸 打印机（激光）,打印机,品牌25,三号纸,激光,混合色,16*1*1,10,BL45F,劳拉,收货,上架
TaTR10FrBl,黑色 品牌29 1000 桌子（框架式）,桌子,品牌29,1000,框架式,黑色,8*1*1,3,AQ37B,亚历克斯,收货,上架
LaRe158GBl,黑色 品牌14 15英寸 笔记本电脑（8吉字节内存）,笔记本电脑,品牌14,15英寸,8吉字节内存,黑色,16*1*1,16,AP09A,简,收货,上架
NoScA5doWh,白色 品牌17 五号纸 笔记本（点阵）,笔记本,品牌17,五号纸,点阵,白色,48*10*5,1718,CV42H,艾米,收货,上架
TVGn65FHGr,灰色 品牌30 65英寸 电视机（全高清）,电视机,品牌30,65英寸,全高清,灰色,8*1*1,5,CI33C,简,收货,上架
TVYn504KGr,灰色 品牌15 50英寸 电视机（超高清）,电视机,品牌15,50英寸,超高清,灰色,8*1*1,5,AS34H,约翰,收货,上架
LaYn15i7Gr,灰色 品牌15 15英寸 笔记本电脑（第7代处理器）,笔记本电脑,品牌15,15英寸,第7代处理器,灰色,16*1*1,12,AG82D,迈克,收货,上架
PeGi12SoBl,黑色 品牌21 12 铅笔（可溶性）,铅笔,品牌21,12,可溶性,黑色,48*10*5,2006,AY88G,简,收货,上架
GaOGMErBl,黑色 品牌07 中号 游戏椅（人体工学）,游戏椅,品牌07,中号,人体工学,黑色,16*1*1,9,CQ45A,艾米丽,收货,上架
DrQE12SlWh,白色 品牌01 1200 抽屉柜（滑动式）,抽屉柜,品牌01,1200,滑动式,白色,8*1*1,8,CN70A,简,收货,上架
AlRe148GSi,银色 品牌14 14英寸 一体机（8吉字节内存）,一体机,品牌14,14英寸,8吉字节内存,银色,16*1*1,1,BY60C,克里斯,收货,上架
AlOv1432Si,银色 品牌13 14英寸 一体机（32吉字节内存）,一体机,品牌13,14英寸,32吉字节内存,银色,16*1*1,2,CN52E,艾米丽,收货,上架
OfSELErGr,灰色 品牌08 大号 办公椅（人体工学）,办公椅,品牌08,大号,人体工学,灰色,16*1*1,7,CY93G,简,收货,上架
GaXEMErPi,粉色 品牌06 中号 游戏椅（人体工学）,游戏椅,品牌06,中号,人体工学,粉色,16*1*1,13,DT46F,简,收货,上架
CaTE18FiWh,白色 品牌04 1800 文件柜（文件收纳）,文件柜,品牌04,1800,文件收纳,白色,8*1*1,4,CZ06F,简,收货,上架
SPNa24SoPi,粉色 品牌23 24 触控笔（可溶性）,触控笔,品牌23,24,可溶性,粉色,48*10*5,1520,DY97H,莎拉,收货,上架
PeGi50SoPi,粉色 品牌21 50 铅笔（可溶性）,铅笔,品牌21,50,可溶性,粉色,48*10*5,53,AX82H,艾米丽,收货,上架
AlOv15i7Si,银色 品牌13 15英寸 一体机（第7代处理器）,一体机,品牌13,15英寸,第7代处理器,银色,16*1*1,6,BW70A,劳拉,收货,上架
