商品编码,商品描述,商品类别,品牌,规格,功能特征,颜色,托盘规格,数量,库位编码,操作员工,来源动作,作业任务
NoGrA3ruGr,灰色 品牌18 三号纸 笔记本（横线）,笔记本,品牌18,三号纸,横线,灰色,48*10*5,2400,BX83B,简,收货,上架
LaYn1516Gr,灰色 品牌15 15英寸 笔记本电脑（16吉字节内存）,笔记本电脑,品牌15,15英寸,16吉字节内存,灰色,16*1*1,16,AH40C,劳拉,收货,上架
PeRe12SoWh,白色 品牌22 12 铅笔（可溶性）,铅笔,品牌22,12,可溶性,白色,48*10*5,2400,CZ68G,莎拉,收货,上架
TaTR15AuWh,白色 品牌28 1500 桌子（自动调节）,桌子,品牌28,1500,自动调节,白色,8*1*1,8,AG09H,劳拉,收货,上架
AlOv178GGr,灰色 品牌13 17英寸 一体机（8吉字节内存）,一体机,品牌13,17英寸,8吉字节内存,灰色,16*1*1,16,DF21A,迈克,收货,上架
CaWE90LoWh,白色 品牌02 900 文件柜（储物锁柜）,文件柜,品牌02,900,储物锁柜,白色,8*1*1,8,AU47A,简,收货,上架
PeRe12SoBl,黑色 品牌22 12 铅笔（可溶性）,铅笔,品牌22,12,可溶性,黑色,48*10*5,2400,CN82B,劳拉,收货,上架
PeAl24HeWh,白色 品牌20 24 铅笔（六角形）,铅笔,品牌20,24,六角形,白色,48*10*5,2400,BS15F,约翰,收货,上架
GaXEMHePi,粉色 品牌06 中号 游戏椅（头枕）,游戏椅,品牌06,中号,头枕,粉色,16*1*1,16,DU98D,克里斯,收货,上架
CaRG18LoBl,黑色 品牌03 1800 文件柜（储物锁柜）,文件柜,品牌03,1800,储物锁柜,黑色,8*1*1,8,CP07F,劳拉,收货,上架
TVEs42SFGr,灰色 品牌32 42英寸 电视机（超级全高清）,电视机,品牌32,42英寸,超级全高清,灰色,8*1*1,8,BR76A,艾米丽,收货,上架
DrTE18DoGr,灰色 品牌04 1800 抽屉柜（带门式）,抽屉柜,品牌04,1800,带门式,灰色,8*1*1,8,CW47D,大卫,收货,上架
SPRe12WaBl,黑色 品牌22 12 触控笔（水彩）,触控笔,品牌22,12,水彩,黑色,48*10*5,2400,BP10A,艾米,收货,上架
DrQE18FiBe,米色 品牌01 1800 抽屉柜（文件收纳）,抽屉柜,品牌01,1800,文件收纳,米色,8*1*1,8,AH32B,亚历克斯,收货,上架
MoHc45ErPi,粉色 品牌09 450 鼠标（人体工学）,鼠标,品牌09,450,人体工学,粉色,16*10*1,160,AV06B,简,收货,上架
AlSu1732Bl,黑色 品牌11 17英寸 一体机（32吉字节内存）,一体机,品牌11,17英寸,32吉字节内存,黑色,16*1*1,16,DT86C,劳拉,收货,上架
CuWE90LoGr,灰色 品牌02 900 储物柜（储物锁柜）,储物柜,品牌02,900,储物锁柜,灰色,8*1*1,8,CU87E,艾米丽,收货,上架
GaSESLePi,粉色 品牌08 小号 游戏椅（皮革）,游戏椅,品牌08,小号,皮革,粉色,16*1*1,16,AO03C,劳拉,收货,上架
TVGL75S4Wh,白色 品牌31 75英寸 电视机（超级超高清）,电视机,品牌31,75英寸,超级超高清,白色,8*1*1,8,AQ95A,艾米,收货,上架
AlPH1516Bl,黑色 品牌12 15英寸 一体机（16吉字节内存）,一体机,品牌12,15英寸,16吉字节内存,黑色,16*1*1,16,DY36G,莎拉,收货,上架
KeRe35BlBl,黑色 品牌10 350 键盘（蓝牙）,键盘,品牌10,350,蓝牙,黑色,16*10*1,160,AH84H,艾米丽,收货,上架
OfXEMErPi,粉色 品牌06 中号 办公椅（人体工学）,办公椅,品牌06,中号,人体工学,粉色,16*1*1,16,AP15D,大卫,收货,上架
CaWE90SlBe,米色 品牌02 900 文件柜（滑动式）,文件柜,品牌02,900,滑动式,米色,8*1*1,8,CP80F,约翰,收货,上架
SPGi50SoWh,白色 品牌21 50 触控笔（可溶性）,触控笔,品牌21,50,可溶性,白色,48*10*5,2400,BO93B,约翰,收货,上架
KeSu27MePi,粉色 品牌11 270 键盘（机械式）,键盘,品牌11,270,机械式,粉色,16*10*1,160,AV26H,大卫,收货,上架
PeRe50SoWh,白色 品牌22 50 铅笔（可溶性）,铅笔,品牌22,50,可溶性,白色,48*10*5,2400,CM23D,约翰,收货,上架
PrNoA3AlWh,白色 品牌26 三号纸 打印机（一体式）,打印机,品牌26,三号纸,一体式,白色,16*1*1,16,DN50A,亚历克斯,收货,上架
TVYn32SFSi,银色 品牌15 32英寸 电视机（超级全高清）,电视机,品牌15,32英寸,超级全高清,银色,8*1*1,8,AH35H,艾米,收货,上架
LaSu15i5Si,银色 品牌11 15英寸 笔记本电脑（第5代处理器）,笔记本电脑,品牌11,15英寸,第5代处理器,银色,16*1*1,16,BS77B,克里斯,收货,上架
LaSu14i5Si,银色 品牌11 14英寸 笔记本电脑（第5代处理器）,笔记本电脑,品牌11,14英寸,第5代处理器,银色,16*1*1,16,BP28D,艾米丽,收货,上架
MoPH45WiNa,藏青色 品牌12 450 鼠标（有线）,鼠标,品牌12,450,有线,藏青色,16*10*1,160,BO66E,劳拉,收货,上架
GaSELHeWh,白色 品牌08 大号 游戏椅（头枕）,游戏椅,品牌08,大号,头枕,白色,16*1*1,16,CR95C,迈克,收货,上架
NoScA3doSi,银色 品牌17 三号纸 笔记本（点阵）,笔记本,品牌17,三号纸,点阵,银色,48*10*5,2400,AW32E,迈克,收货,上架
CuRG12LoBl,黑色 品牌03 1200 储物柜（储物锁柜）,储物柜,品牌03,1200,储物锁柜,黑色,8*1*1,8,AS39D,劳拉,收货,上架
CuTE18FiBe,米色 品牌04 1800 储物柜（文件收纳）,储物柜,品牌04,1800,文件收纳,米色,8*1*1,8,DJ46A,莎拉,收货,上架
TVEs50S4Wh,白色 品牌32 50英寸 电视机（超级超高清）,电视机,品牌32,50英寸,超级超高清,白色,8*1*1,8,DF59F,艾米丽,收货,上架
DrWE90FiBl,黑色 品牌02 900 抽屉柜（文件收纳）,抽屉柜,品牌02,900,文件收纳,黑色,8*1*1,8,DR04D,迈克,收货,上架
TVYn32SFWh,白色 品牌15 32英寸 电视机（超级全高清）,电视机,品牌15,32英寸,超级全高清,白色,8*1*1,8,CP58A,克里斯,收货,上架
KePH45ErPi,粉色 品牌12 450 键盘（人体工学）,键盘,品牌12,450,人体工学,粉色,16*10*1,160,CW34C,莎拉,收货,上架
TVYn32SFWh,白色 品牌15 32英寸 电视机（超级全高清）,电视机,品牌15,32英寸,超级全高清,白色,8*1*1,8,BP25G,艾米,收货,上架
CaRG90LoBe,米色 品牌03 900 文件柜（储物锁柜）,文件柜,品牌03,900,储物锁柜,米色,8*1*1,8,CW94E,亚历克斯,收货,上架
PrReA3InWh,白色 品牌24 三号纸 打印机（喷墨）,打印机,品牌24,三号纸,喷墨,白色,16*1*1,16,AN64H,艾米丽,收货,上架
SPNa12SoGr,灰色 品牌23 12 触控笔（可溶性）,触控笔,品牌23,12,可溶性,灰色,48*10*5,2400,CH61D,莎拉,收货,上架
CaTE90FiGr,灰色 品牌04 900 文件柜（文件收纳）,文件柜,品牌04,900,文件收纳,灰色,8*1*1,8,CS76H,艾米,收货,上架
TVEs42FHBl,黑色 品牌32 42英寸 电视机（全高清）,电视机,品牌32,42英寸,全高清,黑色,8*1*1,8,BU58D,莎拉,收货,上架
TaCI10WoWh,白色 品牌27 1000 桌子（工作站）,桌子,品牌27,1000,工作站,白色,8*1*1,8,DW48A,莎拉,收货,上架
TaTR15WoWh,白色 品牌29 1500 桌子（工作站）,桌子,品牌29,1500,工作站,白色,8*1*1,8,DS23D,劳拉,收货,上架
PrSoA4MoMi,混合色 品牌25 四号纸 打印机（黑白）,打印机,品牌25,四号纸,黑白,混合色,16*1*1,16,DG88F,亚历克斯,收货,上架
TaAE18AdBl,黑色 品牌05 1800 桌子（可调节）,桌子,品牌05,1800,可调节,黑色,8*1*1,8,AH83G,亚历克斯,收货,上架
LaOv14i5Bl,黑色 品牌13 14英寸 笔记本电脑（第5代处理器）,笔记本电脑,品牌13,14英寸,第5代处理器,黑色,16*1*1,16,CH95G,艾米,收货,上架
CuWE12DoBe,米色 品牌02 1200 储物柜（带门式）,储物柜,品牌02,1200,带门式,米色,8*1*1,8,CF64H,莎拉,收货,上架
DrWE12DoGr,灰色 品牌02 1200 抽屉柜（带门式）,抽屉柜,品牌02,1200,带门式,灰色,8*1*1,8,CY03A,克里斯,收货,上架
GaOGLLePi,粉色 品牌07 大号 游戏椅（皮革）,游戏椅,品牌07,大号,皮革,粉色,16*1*1,16,CL61A,克里斯,收货,上架
TVEs32S4Bl,黑色 品牌32 32英寸 电视机（超级超高清）,电视机,品牌32,32英寸,超级超高清,黑色,8*1*1,8,DQ79C,大卫,收货,上架
AlYn15i5Gr,灰色 品牌15 15英寸 一体机（第5代处理器）,一体机,品牌15,15英寸,第5代处理器,灰色,16*1*1,16,AO40B,克里斯,收货,上架
PeNa50WaPi,粉色 品牌23 50 铅笔（水彩）,铅笔,品牌23,50,水彩,粉色,48*10*5,2400,BL18D,莎拉,收货,上架
MoPH45WiBl,黑色 品牌12 450 鼠标（有线）,鼠标,品牌12,450,有线,黑色,16*10*1,160,BO65H,迈克,收货,上架
LaOv17i5Bl,黑色 品牌13 17英寸 笔记本电脑（第5代处理器）,笔记本电脑,品牌13,17英寸,第5代处理器,黑色,16*1*1,16,AS90H,克里斯,收货,上架
LaPH17i7Bl,黑色 品牌12 17英寸 笔记本电脑（第7代处理器）,笔记本电脑,品牌12,17英寸,第7代处理器,黑色,16*1*1,16,CO83G,大卫,收货,上架
MoPH27BlBl,黑色 品牌12 270 鼠标（蓝牙）,鼠标,品牌12,270,蓝牙,黑色,16*10*1,160,DQ23E,简,收货,上架
OfOGLAdPi,粉色 品牌07 大号 办公椅（可调节）,办公椅,品牌07,大号,可调节,粉色,16*1*1,16,CZ57A,简,收货,上架
GaOGMHeBl,黑色 品牌07 中号 游戏椅（头枕）,游戏椅,品牌07,中号,头枕,黑色,16*1*1,16,DH79E,艾米丽,收货,上架
PrReA4AlGr,灰色 品牌24 四号纸 打印机（一体式）,打印机,品牌24,四号纸,一体式,灰色,16*1*1,16,BN78C,克里斯,收货,上架
LaYn15i5Gr,灰色 品牌15 15英寸 笔记本电脑（第5代处理器）,笔记本电脑,品牌15,15英寸,第5代处理器,灰色,16*1*1,16,BK84C,劳拉,收货,上架
LaRe14i7Gr,灰色 品牌14 14英寸 笔记本电脑（第7代处理器）,笔记本电脑,品牌14,14英寸,第7代处理器,灰色,16*1*1,16,BT62E,艾米丽,收货,上架
GaOGMLeWh,白色 品牌07 中号 游戏椅（皮革）,游戏椅,品牌07,中号,皮革,白色,16*1*1,16,AF37C,艾米,收货,上架
OfSEMLeBl,黑色 品牌08 中号 办公椅（皮革）,办公椅,品牌08,中号,皮革,黑色,16*1*1,16,CK88B,克里斯,收货,上架
GaSELLeGr,灰色 品牌08 大号 游戏椅（皮革）,游戏椅,品牌08,大号,皮革,灰色,16*1*1,16,DF29F,劳拉,收货,上架
CuTE18SlBe,米色 品牌04 1800 储物柜（滑动式）,储物柜,品牌04,1800,滑动式,米色,8*1*1,8,DY31A,莎拉,收货,上架
OfOGMHeWh,白色 品牌07 中号 办公椅（头枕）,办公椅,品牌07,中号,头枕,白色,16*1*1,16,DS96F,劳拉,收货,上架
DrWE90FiWh,白色 品牌02 900 抽屉柜（文件收纳）,抽屉柜,品牌02,900,文件收纳,白色,8*1*1,8,CR84C,克里斯,收货,上架
PrSoA3MoBl,黑色 品牌25 三号纸 打印机（黑白）,打印机,品牌25,三号纸,黑白,黑色,16*1*1,16,AR85C,约翰,收货,上架
AlPH1416Wh,白色 品牌12 14英寸 一体机（16吉字节内存）,一体机,品牌12,14英寸,16吉字节内存,白色,16*1*1,16,CN62C,艾米丽,收货,上架
CaWE12SlBl,黑色 品牌02 1200 文件柜（滑动式）,文件柜,品牌02,1200,滑动式,黑色,8*1*1,8,CH96E,约翰,收货,上架
DrQE18FiWh,白色 品牌01 1800 抽屉柜（文件收纳）,抽屉柜,品牌01,1800,文件收纳,白色,8*1*1,8,AK77D,约翰,收货,上架
AlRe1416Gr,灰色 品牌14 14英寸 一体机（16吉字节内存）,一体机,品牌14,14英寸,16吉字节内存,灰色,16*1*1,16,CL78B,大卫,收货,上架
MoSu45MeNa,藏青色 品牌11 450 鼠标（机械式）,鼠标,品牌11,450,机械式,藏青色,16*10*1,160,BL23A,劳拉,收货,上架
KeHc27BlBl,黑色 品牌09 270 键盘（蓝牙）,键盘,品牌09,270,蓝牙,黑色,16*10*1,160,DS85B,亚历克斯,收货,上架
AlRe148GWh,白色 品牌14 14英寸 一体机（8吉字节内存）,一体机,品牌14,14英寸,8吉字节内存,白色,16*1*1,16,CF22H,简,收货,上架
PrReA4WiBl,黑色 品牌24 四号纸 打印机（无线网络）,打印机,品牌24,四号纸,无线网络,黑色,16*1*1,16,CU89A,莎拉,收货,上架
TaAE18AuBl,黑色 品牌05 1800 桌子（自动调节）,桌子,品牌05,1800,自动调节,黑色,8*1*1,8,AM44D,克里斯,收货,上架
MoSu35MePi,粉色 品牌11 350 鼠标（机械式）,鼠标,品牌11,350,机械式,粉色,16*10*1,160,DW01B,大卫,收货,上架
LaSu14i7Wh,白色 品牌11 14英寸 笔记本电脑（第7代处理器）,笔记本电脑,品牌11,14英寸,第7代处理器,白色,16*1*1,16,CO50A,艾米丽,收货,上架
PeRe24HeGr,灰色 品牌22 24 铅笔（六角形）,铅笔,品牌22,24,六角形,灰色,48*10*5,2400,DQ45F,艾米丽,收货,上架
LaRe14i7Si,银色 品牌14 14英寸 笔记本电脑（第7代处理器）,笔记本电脑,品牌14,14英寸,第7代处理器,银色,16*1*1,16,CT55F,简,收货,上架
MoPH45MeWh,白色 品牌12 450 鼠标（机械式）,鼠标,品牌12,450,机械式,白色,16*10*1,160,CL37H,大卫,收货,上架
GaOGLErGr,灰色 品牌07 大号 游戏椅（人体工学）,游戏椅,品牌07,大号,人体工学,灰色,16*1*1,16,BS56G,迈克,收货,上架
NoGrA5ruWh,白色 品牌18 五号纸 笔记本（横线）,笔记本,品牌18,五号纸,横线,白色,48*10*5,2400,DM36C,迈克,收货,上架
AlRe14i5Bl,黑色 品牌14 14英寸 一体机（第5代处理器）,一体机,品牌14,14英寸,第5代处理器,黑色,16*1*1,16,BU60G,大卫,收货,上架
AlSu17i5Gr,灰色 品牌11 17英寸 一体机（第5代处理器）,一体机,品牌11,17英寸,第5代处理器,灰色,16*1*1,16,BK78G,莎拉,收货,上架
LaPH1416Si,银色 品牌12 14英寸 笔记本电脑（16吉字节内存）,笔记本电脑,品牌12,14英寸,16吉字节内存,银色,16*1*1,16,AO10F,艾米,收货,上架
PrReA4WiWh,白色 品牌24 四号纸 打印机（无线网络）,打印机,品牌24,四号纸,无线网络,白色,16*1*1,16,BR33D,艾米丽,收货,上架
TaTR10AdWh,白色 品牌28 1000 桌子（可调节）,桌子,品牌28,1000,可调节,白色,8*1*1,8,BM33D,劳拉,收货,上架
DrQE18LoBl,黑色 品牌01 1800 抽屉柜（储物锁柜）,抽屉柜,品牌01,1800,储物锁柜,黑色,8*1*1,8,AT22D,艾米丽,收货,上架
MoRe27MeNa,藏青色 品牌10 270 鼠标（机械式）,鼠标,品牌10,270,机械式,藏青色,16*10*1,160,BP18C,劳拉,收货,上架
OfSEMAdWh,白色 品牌08 中号 办公椅（可调节）,办公椅,品牌08,中号,可调节,白色,16*1*1,16,BG10H,劳拉,收货,上架
SPGi24WaWh,白色 品牌21 24 触控笔（水彩）,触控笔,品牌21,24,水彩,白色,48*10*5,2400,BQ40H,亚历克斯,收货,上架
GaSEMErGr,灰色 品牌08 中号 游戏椅（人体工学）,游戏椅,品牌08,中号,人体工学,灰色,16*1*1,16,AZ72H,劳拉,收货,上架
AlOv17i5Gr,灰色 品牌13 17英寸 一体机（第5代处理器）,一体机,品牌13,17英寸,第5代处理器,灰色,16*1*1,16,DI60A,约翰,收货,上架
GaAESLeWh,白色 品牌05 小号 游戏椅（皮革）,游戏椅,品牌05,小号,皮革,白色,16*1*1,16,AG88A,劳拉,收货,上架
MoHc27MeBl,黑色 品牌09 270 鼠标（机械式）,鼠标,品牌09,270,机械式,黑色,16*10*1,160,CF64B,大卫,收货,上架
AlPH17i7Wh,白色 品牌12 17英寸 一体机（第7代处理器）,一体机,品牌12,17英寸,第7代处理器,白色,16*1*1,16,BL70H,艾米,收货,上架
KeSu45MePi,粉色 品牌11 450 键盘（机械式）,键盘,品牌11,450,机械式,粉色,16*10*1,160,BP63A,莎拉,收货,上架
SPGi50SoBl,黑色 品牌21 50 触控笔（可溶性）,触控笔,品牌21,50,可溶性,黑色,48*10*5,2400,AQ94D,亚历克斯,收货,上架
AlRe1516Gr,灰色 品牌14 15英寸 一体机（16吉字节内存）,一体机,品牌14,15英寸,16吉字节内存,灰色,16*1*1,16,CY40C,克里斯,收货,上架
KeHc27ErBl,黑色 品牌09 270 键盘（人体工学）,键盘,品牌09,270,人体工学,黑色,16*10*1,160,BN27D,约翰,收货,上架
MoPH45MePi,粉色 品牌12 450 鼠标（机械式）,鼠标,品牌12,450,机械式,粉色,16*10*1,160,CF92C,劳拉,收货,上架
NoExA3liGr,灰色 品牌16 三号纸 笔记本（线条）,笔记本,品牌16,三号纸,线条,灰色,48*10*5,2400,CX11A,迈克,收货,上架
SPAl12WaPi,粉色 品牌20 12 触控笔（水彩）,触控笔,品牌20,12,水彩,粉色,48*10*5,2400,AR05B,迈克,收货,上架
AlOv14i7Bl,黑色 品牌13 14英寸 一体机（第7代处理器）,一体机,品牌13,14英寸,第7代处理器,黑色,16*1*1,16,DX94B,艾米,收货,上架
CuTE12DoBe,米色 品牌04 1200 储物柜（带门式）,储物柜,品牌04,1200,带门式,米色,8*1*1,8,BR40F,约翰,收货,上架
GaOGMErPi,粉色 品牌07 中号 游戏椅（人体工学）,游戏椅,品牌07,中号,人体工学,粉色,16*1*1,16,AZ72B,艾米,收货,上架
KeSu27WiWh,白色 品牌11 270 键盘（有线）,键盘,品牌11,270,有线,白色,16*10*1,160,AX81F,约翰,收货,上架
TaCI10AuGr,灰色 品牌27 1000 桌子（自动调节）,桌子,品牌27,1000,自动调节,灰色,8*1*1,8,AW68H,约翰,收货,上架
AlPH1716Si,银色 品牌12 17英寸 一体机（16吉字节内存）,一体机,品牌12,17英寸,16吉字节内存,银色,16*1*1,16,CW50B,莎拉,收货,上架
CaRG90DoGr,灰色 品牌03 900 文件柜（带门式）,文件柜,品牌03,900,带门式,灰色,8*1*1,8,DL71B,约翰,收货,上架
GaOGLAdPi,粉色 品牌07 大号 游戏椅（可调节）,游戏椅,品牌07,大号,可调节,粉色,16*1*1,16,CX16H,劳拉,收货,上架
LaRe15i7Wh,白色 品牌14 15英寸 笔记本电脑（第7代处理器）,笔记本电脑,品牌14,15英寸,第7代处理器,白色,16*1*1,16,DY80E,简,收货,上架
PrReA3WiBl,黑色 品牌24 三号纸 打印机（无线网络）,打印机,品牌24,三号纸,无线网络,黑色,16*1*1,16,DI40H,劳拉,收货,上架
TVYn50FHSi,银色 品牌15 50英寸 电视机（全高清）,电视机,品牌15,50英寸,全高清,银色,8*1*1,8,CS53F,艾米丽,收货,上架
OfXELAdWh,白色 品牌06 大号 办公椅（可调节）,办公椅,品牌06,大号,可调节,白色,16*1*1,16,DN25H,莎拉,收货,上架
TVGL42FHBl,黑色 品牌31 42英寸 电视机（全高清）,电视机,品牌31,42英寸,全高清,黑色,8*1*1,8,BN58H,艾米丽,收货,上架
KeRe27WiNa,藏青色 品牌10 270 键盘（有线）,键盘,品牌10,270,有线,藏青色,16*10*1,160,AM40G,大卫,收货,上架
GaSEMAdBl,黑色 品牌08 中号 游戏椅（可调节）,游戏椅,品牌08,中号,可调节,黑色,16*1*1,16,DP56G,约翰,收货,上架
TaTR18FrWh,白色 品牌28 1800 桌子（框架式）,桌子,品牌28,1800,框架式,白色,8*1*1,8,DR21A,艾米丽,收货,上架
NoExA3liBl,黑色 品牌16 三号纸 笔记本（线条）,笔记本,品牌16,三号纸,线条,黑色,48*10*5,2400,CW70B,大卫,收货,上架
CuTE12FiBe,米色 品牌04 1200 储物柜（文件收纳）,储物柜,品牌04,1200,文件收纳,米色,8*1*1,8,DW13H,莎拉,收货,上架
MoHc27BlBl,黑色 品牌09 270 鼠标（蓝牙）,鼠标,品牌09,270,蓝牙,黑色,16*10*1,160,BJ43H,莎拉,收货,上架
MoRe27WiNa,藏青色 品牌10 270 鼠标（有线）,鼠标,品牌10,270,有线,藏青色,16*10*1,160,AU78H,迈克,收货,上架
LaSu1716Gr,灰色 品牌11 17英寸 笔记本电脑（16吉字节内存）,笔记本电脑,品牌11,17英寸,16吉字节内存,灰色,16*1*1,16,DG79F,简,收货,上架
TaAE18FrSi,银色 品牌05 1800 桌子（框架式）,桌子,品牌05,1800,框架式,银色,8*1*1,8,CR98H,迈克,收货,上架
KeHc35WiNa,藏青色 品牌09 350 键盘（有线）,键盘,品牌09,350,有线,藏青色,16*10*1,160,BL79F,莎拉,收货,上架
SPAl12SoPi,粉色 品牌20 12 触控笔（可溶性）,触控笔,品牌20,12,可溶性,粉色,48*10*5,2400,AZ06B,劳拉,收货,上架
TVGn75S4Bl,黑色 品牌30 75英寸 电视机（超级超高清）,电视机,品牌30,75英寸,超级超高清,黑色,8*1*1,8,DJ24A,克里斯,收货,上架
NoScA4doGr,灰色 品牌17 四号纸 笔记本（点阵）,笔记本,品牌17,四号纸,点阵,灰色,48*10*5,2400,DJ39D,克里斯,收货,上架
AlRe158GWh,白色 品牌14 15英寸 一体机（8吉字节内存）,一体机,品牌14,15英寸,8吉字节内存,白色,16*1*1,16,CG98C,克里斯,收货,上架
KeHc35WiBl,黑色 品牌09 350 键盘（有线）,键盘,品牌09,350,有线,黑色,16*10*1,160,AS52D,约翰,收货,上架
TVEs754KBl,黑色 品牌32 75英寸 电视机（超高清）,电视机,品牌32,75英寸,超高清,黑色,8*1*1,8,DL63F,约翰,收货,上架
TaCI10AuBl,黑色 品牌27 1000 桌子（自动调节）,桌子,品牌27,1000,自动调节,黑色,8*1*1,8,DJ75E,简,收货,上架
PrReA2WiMi,混合色 品牌24 二号纸 打印机（无线网络）,打印机,品牌24,二号纸,无线网络,混合色,16*1*1,16,BR77A,莎拉,收货,上架
KeSu45BlBl,黑色 品牌11 450 键盘（蓝牙）,键盘,品牌11,450,蓝牙,黑色,16*10*1,160,AK12A,约翰,收货,上架
KePH27MeNa,藏青色 品牌12 270 键盘（机械式）,键盘,品牌12,270,机械式,藏青色,16*10*1,160,DF17C,艾米,收货,上架
TVGn42SFWh,白色 品牌30 42英寸 电视机（超级全高清）,电视机,品牌30,42英寸,超级全高清,白色,8*1*1,8,BS71D,艾米丽,收货,上架
LaSu1716Gr,灰色 品牌11 17英寸 笔记本电脑（16吉字节内存）,笔记本电脑,品牌11,17英寸,16吉字节内存,灰色,16*1*1,16,BR79H,约翰,收货,上架
TVEs654KSi,银色 品牌32 65英寸 电视机（超高清）,电视机,品牌32,65英寸,超高清,银色,8*1*1,8,DS33F,亚历克斯,收货,上架
TVGL32S4Gr,灰色 品牌31 32英寸 电视机（超级超高清）,电视机,品牌31,32英寸,超级超高清,灰色,8*1*1,8,CH10E,艾米,收货,上架
OfSELErPi,粉色 品牌08 大号 办公椅（人体工学）,办公椅,品牌08,大号,人体工学,粉色,16*1*1,16,AZ21E,艾米丽,收货,上架
AlPH1416Bl,黑色 品牌12 14英寸 一体机（16吉字节内存）,一体机,品牌12,14英寸,16吉字节内存,黑色,16*1*1,16,DG70A,亚历克斯,收货,上架
AlSu158GSi,银色 品牌11 15英寸 一体机（8吉字节内存）,一体机,品牌11,15英寸,8吉字节内存,银色,16*1*1,16,BL61C,艾米丽,收货,上架
TVGn75S4Gr,灰色 品牌30 75英寸 电视机（超级超高清）,电视机,品牌30,75英寸,超级超高清,灰色,8*1*1,8,AL69D,迈克,收货,上架
CuWE90DoBl,黑色 品牌02 900 储物柜（带门式）,储物柜,品牌02,900,带门式,黑色,8*1*1,8,CK12H,劳拉,收货,上架
PrNoA2MoWh,白色 品牌26 二号纸 打印机（黑白）,打印机,品牌26,二号纸,黑白,白色,16*1*1,16,DY12D,劳拉,收货,上架
MoSu27BlNa,藏青色 品牌11 270 鼠标（蓝牙）,鼠标,品牌11,270,蓝牙,藏青色,16*10*1,160,DM56F,亚历克斯,收货,上架
TVYn754KWh,白色 品牌15 75英寸 电视机（超高清）,电视机,品牌15,75英寸,超高清,白色,8*1*1,8,AI82F,艾米,收货,上架
CaTE18FiBe,米色 品牌04 1800 文件柜（文件收纳）,文件柜,品牌04,1800,文件收纳,米色,8*1*1,8,BM72F,艾米丽,收货,上架
SPNa12SoWh,白色 品牌23 12 触控笔（可溶性）,触控笔,品牌23,12,可溶性,白色,48*10*5,2400,AF16C,克里斯,收货,上架
LaYn1516Bl,黑色 品牌15 15英寸 笔记本电脑（16吉字节内存）,笔记本电脑,品牌15,15英寸,16吉字节内存,黑色,16*1*1,16,AO08H,简,收货,上架
LaSu1516Wh,白色 品牌11 15英寸 笔记本电脑（16吉字节内存）,笔记本电脑,品牌11,15英寸,16吉字节内存,白色,16*1*1,16,AZ89C,克里斯,收货,上架
DrRG18DoGr,灰色 品牌03 1800 抽屉柜（带门式）,抽屉柜,品牌03,1800,带门式,灰色,8*1*1,8,AS03D,大卫,收货,上架
OfAESHePi,粉色 品牌05 小号 办公椅（头枕）,办公椅,品牌05,小号,头枕,粉色,16*1*1,16,AR30A,艾米丽,收货,上架
TVYn75SFBl,黑色 品牌15 75英寸 电视机（超级全高清）,电视机,品牌15,75英寸,超级全高清,黑色,8*1*1,8,DU95C,劳拉,收货,上架
MoRe45WiWh,白色 品牌10 450 鼠标（有线）,鼠标,品牌10,450,有线,白色,16*10*1,160,BT53D,劳拉,收货,上架
PrReA3WiBl,黑色 品牌24 三号纸 打印机（无线网络）,打印机,品牌24,三号纸,无线网络,黑色,16*1*1,16,DK04F,约翰,收货,上架
TVGn32S4Si,银色 品牌30 32英寸 电视机（超级超高清）,电视机,品牌30,32英寸,超级超高清,银色,8*1*1,8,BT65E,大卫,收货,上架
AlSu1432Bl,黑色 品牌11 14英寸 一体机（32吉字节内存）,一体机,品牌11,14英寸,32吉字节内存,黑色,16*1*1,16,BF46E,艾米,收货,上架
PrSoA4LaBl,黑色 品牌25 四号纸 打印机（激光）,打印机,品牌25,四号纸,激光,黑色,16*1*1,16,AF11E,亚历克斯,收货,上架
AlRe1716Si,银色 品牌14 17英寸 一体机（16吉字节内存）,一体机,品牌14,17英寸,16吉字节内存,银色,16*1*1,16,BM48E,亚历克斯,收货,上架
PrNoA3LaMi,混合色 品牌26 三号纸 打印机（激光）,打印机,品牌26,三号纸,激光,混合色,16*1*1,16,DO17A,克里斯,收货,上架
CaWE12SlWh,白色 品牌02 1200 文件柜（滑动式）,文件柜,品牌02,1200,滑动式,白色,8*1*1,8,AL81H,艾米丽,收货,上架
PrReA3LaBl,黑色 品牌24 三号纸 打印机（激光）,打印机,品牌24,三号纸,激光,黑色,16*1*1,16,BJ39E,亚历克斯,收货,上架
LaYn1432Bl,黑色 品牌15 14英寸 笔记本电脑（32吉字节内存）,笔记本电脑,品牌15,14英寸,32吉字节内存,黑色,16*1*1,16,DI35A,迈克,收货,上架
CaQE90DoBe,米色 品牌01 900 文件柜（带门式）,文件柜,品牌01,900,带门式,米色,8*1*1,8,AK12B,简,收货,上架
CaWE90FiGr,灰色 品牌02 900 文件柜（文件收纳）,文件柜,品牌02,900,文件收纳,灰色,8*1*1,8,BG90A,约翰,收货,上架
LaRe1716Si,银色 品牌14 17英寸 笔记本电脑（16吉字节内存）,笔记本电脑,品牌14,17英寸,16吉字节内存,银色,16*1*1,16,CJ16E,迈克,收货,上架
MoPH27ErPi,粉色 品牌12 270 鼠标（人体工学）,鼠标,品牌12,270,人体工学,粉色,16*10*1,160,CY05C,艾米丽,收货,上架
PeAl24SoWh,白色 品牌20 24 铅笔（可溶性）,铅笔,品牌20,24,可溶性,白色,48*10*5,2400,DF78D,约翰,收货,上架
OfSEMAdBl,黑色 品牌08 中号 办公椅（可调节）,办公椅,品牌08,中号,可调节,黑色,16*1*1,16,CX07C,劳拉,收货,上架
TaTR10FrBl,黑色 品牌28 1000 桌子（框架式）,桌子,品牌28,1000,框架式,黑色,8*1*1,8,BN33G,简,收货,上架
MoRe35MeBl,黑色 品牌10 350 鼠标（机械式）,鼠标,品牌10,350,机械式,黑色,16*10*1,160,BI70B,约翰,收货,上架
LaYn14i5Bl,黑色 品牌15 14英寸 笔记本电脑（第5代处理器）,笔记本电脑,品牌15,14英寸,第5代处理器,黑色,16*1*1,16,BI97E,劳拉,收货,上架
MoPH27BlBl,黑色 品牌12 270 鼠标（蓝牙）,鼠标,品牌12,270,蓝牙,黑色,16*10*1,160,BG54H,大卫,收货,上架
MoSu35MePi,粉色 品牌11 350 鼠标（机械式）,鼠标,品牌11,350,机械式,粉色,16*10*1,160,CJ39F,简,收货,上架
NoGrA5liWh,白色 品牌18 五号纸 笔记本（线条）,笔记本,品牌18,五号纸,线条,白色,48*10*5,2400,CH60A,艾米,收货,上架
MoSu35BlNa,藏青色 品牌11 350 鼠标（蓝牙）,鼠标,品牌11,350,蓝牙,藏青色,16*10*1,160,DU25G,约翰,收货,上架
AlSu1516Wh,白色 品牌11 15英寸 一体机（16吉字节内存）,一体机,品牌11,15英寸,16吉字节内存,白色,16*1*1,16,BU86E,迈克,收货,上架
OfAESLeGr,灰色 品牌05 小号 办公椅（皮革）,办公椅,品牌05,小号,皮革,灰色,16*1*1,16,CQ48F,迈克,收货,上架
OfOGSErGr,灰色 品牌07 小号 办公椅（人体工学）,办公椅,品牌07,小号,人体工学,灰色,16*1*1,16,AM08G,大卫,收货,上架
CuTE18LoGr,灰色 品牌04 1800 储物柜（储物锁柜）,储物柜,品牌04,1800,储物锁柜,灰色,8*1*1,8,CL18F,艾米,收货,上架
NoExA5liWh,白色 品牌16 五号纸 笔记本（线条）,笔记本,品牌16,五号纸,线条,白色,48*10*5,2400,DN18A,简,收货,上架
AlPH1532Gr,灰色 品牌12 15英寸 一体机（32吉字节内存）,一体机,品牌12,15英寸,32吉字节内存,灰色,16*1*1,16,CM58E,亚历克斯,收货,上架
MoRe35MeNa,藏青色 品牌10 350 鼠标（机械式）,鼠标,品牌10,350,机械式,藏青色,16*10*1,160,AF53C,克里斯,收货,上架
CuRG90SlBe,米色 品牌03 900 储物柜（滑动式）,储物柜,品牌03,900,滑动式,米色,8*1*1,8,DL16G,大卫,收货,上架
OfAESAdBl,黑色 品牌05 小号 办公椅（可调节）,办公椅,品牌05,小号,可调节,黑色,16*1*1,16,AQ28C,莎拉,收货,上架
AlSu14i5Gr,灰色 品牌11 14英寸 一体机（第5代处理器）,一体机,品牌11,14英寸,第5代处理器,灰色,16*1*1,16,AW40H,克里斯,收货,上架
LaOv148GGr,灰色 品牌13 14英寸 笔记本电脑（8吉字节内存）,笔记本电脑,品牌13,14英寸,8吉字节内存,灰色,16*1*1,16,CY83F,大卫,收货,上架
AlYn15i5Bl,黑色 品牌15 15英寸 一体机（第5代处理器）,一体机,品牌15,15英寸,第5代处理器,黑色,16*1*1,16,AX36B,约翰,收货,上架
DrWE12DoBe,米色 品牌02 1200 抽屉柜（带门式）,抽屉柜,品牌02,1200,带门式,米色,8*1*1,8,DI10B,艾米,收货,上架
LaSu1732Wh,白色 品牌11 17英寸 笔记本电脑（32吉字节内存）,笔记本电脑,品牌11,17英寸,32吉字节内存,白色,16*1*1,16,CT57A,莎拉,收货,上架
CuQE90FiGr,灰色 品牌01 900 储物柜（文件收纳）,储物柜,品牌01,900,文件收纳,灰色,8*1*1,8,BL61H,莎拉,收货,上架
PrSoA4MoGr,灰色 品牌25 四号纸 打印机（黑白）,打印机,品牌25,四号纸,黑白,灰色,16*1*1,16,AH13A,艾米,收货,上架
OfOGSErWh,白色 品牌07 小号 办公椅（人体工学）,办公椅,品牌07,小号,人体工学,白色,16*1*1,16,BU74A,艾米丽,收货,上架
CuRG18SlBe,米色 品牌03 1800 储物柜（滑动式）,储物柜,品牌03,1800,滑动式,米色,8*1*1,8,AF51B,迈克,收货,上架
DrTE18LoWh,白色 品牌04 1800 抽屉柜（储物锁柜）,抽屉柜,品牌04,1800,储物锁柜,白色,8*1*1,8,BI28H,艾米丽,收货,上架
DrTE18LoBe,米色 品牌04 1800 抽屉柜（储物锁柜）,抽屉柜,品牌04,1800,储物锁柜,米色,8*1*1,8,DJ94E,亚历克斯,收货,上架
CuRG12FiWh,白色 品牌03 1200 储物柜（文件收纳）,储物柜,品牌03,1200,文件收纳,白色,8*1*1,8,CT19B,莎拉,收货,上架
GaOGMErBl,黑色 品牌07 中号 游戏椅（人体工学）,游戏椅,品牌07,中号,人体工学,黑色,16*1*1,16,CH60C,艾米,收货,上架
SPAl12WaPi,粉色 品牌20 12 触控笔（水彩）,触控笔,品牌20,12,水彩,粉色,48*10*5,2400,BR91F,约翰,收货,上架
LaYn14i7Gr,灰色 品牌15 14英寸 笔记本电脑（第7代处理器）,笔记本电脑,品牌15,14英寸,第7代处理器,灰色,16*1*1,16,AX42F,简,收货,上架
TVYn50SFBl,黑色 品牌15 50英寸 电视机（超级全高清）,电视机,品牌15,50英寸,超级全高清,黑色,8*1*1,8,CH69E,劳拉,收货,上架
MoRe27MeWh,白色 品牌10 270 鼠标（机械式）,鼠标,品牌10,270,机械式,白色,16*10*1,160,BH47D,莎拉,收货,上架
MoSu45ErBl,黑色 品牌11 450 鼠标（人体工学）,鼠标,品牌11,450,人体工学,黑色,16*10*1,160,DY43C,迈克,收货,上架
LaYn1516Bl,黑色 品牌15 15英寸 笔记本电脑（16吉字节内存）,笔记本电脑,品牌15,15英寸,16吉字节内存,黑色,16*1*1,16,BL42E,迈克,收货,上架
OfAEMErPi,粉色 品牌05 中号 办公椅（人体工学）,办公椅,品牌05,中号,人体工学,粉色,16*1*1,16,CI49G,克里斯,收货,上架
AlOv1732Gr,灰色 品牌13 17英寸 一体机（32吉字节内存）,一体机,品牌13,17英寸,32吉字节内存,灰色,16*1*1,16,DV40F,劳拉,收货,上架
TaTR18AdSi,银色 品牌28 1800 桌子（可调节）,桌子,品牌28,1800,可调节,银色,8*1*1,8,CZ46E,莎拉,收货,上架
NoScA5doSi,银色 品牌17 五号纸 笔记本（点阵）,笔记本,品牌17,五号纸,点阵,银色,48*10*5,2400,CX88B,迈克,收货,上架
GaSELAdGr,灰色 品牌08 大号 游戏椅（可调节）,游戏椅,品牌08,大号,可调节,灰色,16*1*1,16,AG63G,亚历克斯,收货,上架
PrSoA2InWh,白色 品牌25 二号纸 打印机（喷墨）,打印机,品牌25,二号纸,喷墨,白色,16*1*1,16,BK98H,劳拉,收货,上架
DrTE90LoGr,灰色 品牌04 900 抽屉柜（储物锁柜）,抽屉柜,品牌04,900,储物锁柜,灰色,8*1*1,8,DS94C,迈克,收货,上架
KeSu45WiPi,粉色 品牌11 450 键盘（有线）,键盘,品牌11,450,有线,粉色,16*10*1,160,DF88D,艾米丽,收货,上架
TVGn75SFSi,银色 品牌30 75英寸 电视机（超级全高清）,电视机,品牌30,75英寸,超级全高清,银色,8*1*1,8,DG85B,大卫,收货,上架
CuWE90FiBe,米色 品牌02 900 储物柜（文件收纳）,储物柜,品牌02,900,文件收纳,米色,8*1*1,8,BO46D,大卫,收货,上架
CaTE12DoBe,米色 品牌04 1200 文件柜（带门式）,文件柜,品牌04,1200,带门式,米色,8*1*1,8,DX87E,大卫,收货,上架
AlYn1432Wh,白色 品牌15 14英寸 一体机（32吉字节内存）,一体机,品牌15,14英寸,32吉字节内存,白色,16*1*1,16,CY97E,大卫,收货,上架
LaPH1716Wh,白色 品牌12 17英寸 笔记本电脑（16吉字节内存）,笔记本电脑,品牌12,17英寸,16吉字节内存,白色,16*1*1,16,AP37G,亚历克斯,收货,上架
LaOv1432Gr,灰色 品牌13 14英寸 笔记本电脑（32吉字节内存）,笔记本电脑,品牌13,14英寸,32吉字节内存,灰色,16*1*1,16,DR98B,约翰,收货,上架
TaTR10AdWh,白色 品牌28 1000 桌子（可调节）,桌子,品牌28,1000,可调节,白色,8*1*1,8,CY30F,莎拉,收货,上架
AlSu15i7Si,银色 品牌11 15英寸 一体机（第7代处理器）,一体机,品牌11,15英寸,第7代处理器,银色,16*1*1,16,BR65C,简,收货,上架
KeHc27BlBl,黑色 品牌09 270 键盘（蓝牙）,键盘,品牌09,270,蓝牙,黑色,16*10*1,160,BN33B,克里斯,收货,上架
DrRG90SlBl,黑色 品牌03 900 抽屉柜（滑动式）,抽屉柜,品牌03,900,滑动式,黑色,8*1*1,8,BT30D,简,收货,上架
DrRG18SlGr,灰色 品牌03 1800 抽屉柜（滑动式）,抽屉柜,品牌03,1800,滑动式,灰色,8*1*1,8,BW17B,简,收货,上架
SPAl50WaGr,灰色 品牌20 50 触控笔（水彩）,触控笔,品牌20,50,水彩,灰色,48*10*5,2400,CS85E,劳拉,收货,上架
NoMuA5ruBl,黑色 品牌19 五号纸 笔记本（横线）,笔记本,品牌19,五号纸,横线,黑色,48*10*5,2400,AH98D,迈克,收货,上架
OfXELLeWh,白色 品牌06 大号 办公椅（皮革）,办公椅,品牌06,大号,皮革,白色,16*1*1,16,BX98G,简,收货,上架
AlYn1716Wh,白色 品牌15 17英寸 一体机（16吉字节内存）,一体机,品牌15,17英寸,16吉字节内存,白色,16*1*1,16,DG62F,简,收货,上架
PrPHA2LaBl,黑色 品牌12 二号纸 打印机（激光）,打印机,品牌12,二号纸,激光,黑色,16*1*1,16,CY75A,艾米,收货,上架
PeNa50SoBl,黑色 品牌23 50 铅笔（可溶性）,铅笔,品牌23,50,可溶性,黑色,48*10*5,2400,CK07G,劳拉,收货,上架
LaOv1716Si,银色 品牌13 17英寸 笔记本电脑（16吉字节内存）,笔记本电脑,品牌13,17英寸,16吉字节内存,银色,16*1*1,16,CO84B,莎拉,收货,上架
LaYn1532Gr,灰色 品牌15 15英寸 笔记本电脑（32吉字节内存）,笔记本电脑,品牌15,15英寸,32吉字节内存,灰色,16*1*1,16,BI09F,亚历克斯,收货,上架
TaTR15WoGr,灰色 品牌28 1500 桌子（工作站）,桌子,品牌28,1500,工作站,灰色,8*1*1,8,BI84C,约翰,收货,上架
OfXELAdPi,粉色 品牌06 大号 办公椅（可调节）,办公椅,品牌06,大号,可调节,粉色,16*1*1,16,AM44C,大卫,收货,上架
LaOv1432Si,银色 品牌13 14英寸 笔记本电脑（32吉字节内存）,笔记本电脑,品牌13,14英寸,32吉字节内存,银色,16*1*1,16,BQ87F,劳拉,收货,上架
MoHc35MeBl,黑色 品牌09 350 鼠标（机械式）,鼠标,品牌09,350,机械式,黑色,16*10*1,160,AX76B,迈克,收货,上架
TVYn42S4Si,银色 品牌15 42英寸 电视机（超级超高清）,电视机,品牌15,42英寸,超级超高清,银色,8*1*1,8,DK37C,迈克,收货,上架
GaSELErPi,粉色 品牌08 大号 游戏椅（人体工学）,游戏椅,品牌08,大号,人体工学,粉色,16*1*1,16,DI35G,艾米丽,收货,上架
CaRG12FiBe,米色 品牌03 1200 文件柜（文件收纳）,文件柜,品牌03,1200,文件收纳,米色,8*1*1,8,CO58D,简,收货,上架
PrNoA4LaBl,黑色 品牌26 四号纸 打印机（激光）,打印机,品牌26,四号纸,激光,黑色,16*1*1,16,CK70H,约翰,收货,上架
KeSu27BlBl,黑色 品牌11 270 键盘（蓝牙）,键盘,品牌11,270,蓝牙,黑色,16*10*1,160,CM65A,艾米丽,收货,上架
CaWE12LoWh,白色 品牌02 1200 文件柜（储物锁柜）,文件柜,品牌02,1200,储物锁柜,白色,8*1*1,8,DF02B,迈克,收货,上架
CuRG18DoBl,黑色 品牌03 1800 储物柜（带门式）,储物柜,品牌03,1800,带门式,黑色,8*1*1,8,CZ70B,迈克,收货,上架
TVYn654KSi,银色 品牌15 65英寸 电视机（超高清）,电视机,品牌15,65英寸,超高清,银色,8*1*1,8,BN94A,艾米丽,收货,上架
TaTR15FrWh,白色 品牌28 1500 桌子（框架式）,桌子,品牌28,1500,框架式,白色,8*1*1,8,DL78A,简,收货,上架
KeRe27WiWh,白色 品牌10 270 键盘（有线）,键盘,品牌10,270,有线,白色,16*10*1,160,AJ24G,劳拉,收货,上架
AlSu1716Si,银色 品牌11 17英寸 一体机（16吉字节内存）,一体机,品牌11,17英寸,16吉字节内存,银色,16*1*1,16,AR83A,艾米,收货,上架
CuTE18SlBe,米色 品牌04 1800 储物柜（滑动式）,储物柜,品牌04,1800,滑动式,米色,8*1*1,8,CV67G,约翰,收货,上架
DrQE18LoBe,米色 品牌01 1800 抽屉柜（储物锁柜）,抽屉柜,品牌01,1800,储物锁柜,米色,8*1*1,8,BX35C,迈克,收货,上架
CaRG18DoWh,白色 品牌03 1800 文件柜（带门式）,文件柜,品牌03,1800,带门式,白色,8*1*1,8,DM31D,迈克,收货,上架
TVGL75S4Gr,灰色 品牌31 75英寸 电视机（超级超高清）,电视机,品牌31,75英寸,超级超高清,灰色,8*1*1,8,CQ20B,莎拉,收货,上架
TVGn42SFGr,灰色 品牌30 42英寸 电视机（超级全高清）,电视机,品牌30,42英寸,超级全高清,灰色,8*1*1,8,AK42E,艾米丽,收货,上架
TaAE18FrGr,灰色 品牌05 1800 桌子（框架式）,桌子,品牌05,1800,框架式,灰色,8*1*1,8,BS94A,劳拉,收货,上架
AlPH14i7Wh,白色 品牌12 14英寸 一体机（第7代处理器）,一体机,品牌12,14英寸,第7代处理器,白色,16*1*1,16,AN68F,劳拉,收货,上架
SPNa12WaBl,黑色 品牌23 12 触控笔（水彩）,触控笔,品牌23,12,水彩,黑色,48*10*5,2400,CV79H,劳拉,收货,上架
PeNa24WaGr,灰色 品牌23 24 铅笔（水彩）,铅笔,品牌23,24,水彩,灰色,48*10*5,2400,BG88E,克里斯,收货,上架
PeNa12SoWh,白色 品牌23 12 铅笔（可溶性）,铅笔,品牌23,12,可溶性,白色,48*10*5,2400,BU83E,迈克,收货,上架
KeRe45MeBl,黑色 品牌10 450 键盘（机械式）,键盘,品牌10,450,机械式,黑色,16*10*1,160,DV20H,亚历克斯,收货,上架
KePH27BlNa,藏青色 品牌12 270 键盘（蓝牙）,键盘,品牌12,270,蓝牙,藏青色,16*10*1,160,DF15G,简,收货,上架
MoSu35BlNa,藏青色 品牌11 350 鼠标（蓝牙）,鼠标,品牌11,350,蓝牙,藏青色,16*10*1,160,CP93H,约翰,收货,上架
LaRe1516Bl,黑色 品牌14 15英寸 笔记本电脑（16吉字节内存）,笔记本电脑,品牌14,15英寸,16吉字节内存,黑色,16*1*1,16,AX09A,亚历克斯,收货,上架
KeRe45ErPi,粉色 品牌10 450 键盘（人体工学）,键盘,品牌10,450,人体工学,粉色,16*10*1,160,DY33A,亚历克斯,收货,上架
SPRe12WaBl,黑色 品牌22 12 触控笔（水彩）,触控笔,品牌22,12,水彩,黑色,48*10*5,2400,DZ22A,劳拉,收货,上架
PeNa24WaWh,白色 品牌23 24 铅笔（水彩）,铅笔,品牌23,24,水彩,白色,48*10*5,2400,CF86E,克里斯,收货,上架
CuWE12FiWh,白色 品牌02 1200 储物柜（文件收纳）,储物柜,品牌02,1200,文件收纳,白色,8*1*1,8,BO38G,艾米丽,收货,上架
TVYn75SFSi,银色 品牌15 75英寸 电视机（超级全高清）,电视机,品牌15,75英寸,超级全高清,银色,8*1*1,8,DI24A,克里斯,收货,上架
OfAEMLeBl,黑色 品牌05 中号 办公椅（皮革）,办公椅,品牌05,中号,皮革,黑色,16*1*1,16,AP82G,亚历克斯,收货,上架
PrNoA3AlMi,混合色 品牌26 三号纸 打印机（一体式）,打印机,品牌26,三号纸,一体式,混合色,16*1*1,16,DZ65C,莎拉,收货,上架
CuRG12SlBe,米色 品牌03 1200 储物柜（滑动式）,储物柜,品牌03,1200,滑动式,米色,8*1*1,8,BT05G,约翰,收货,上架
CaTE90LoBe,米色 品牌04 900 文件柜（储物锁柜）,文件柜,品牌04,900,储物锁柜,米色,8*1*1,8,DY17D,亚历克斯,收货,上架
TVYn32S4Si,银色 品牌15 32英寸 电视机（超级超高清）,电视机,品牌15,32英寸,超级超高清,银色,8*1*1,8,CJ01C,约翰,收货,上架
PrPHA3AlWh,白色 品牌12 三号纸 打印机（一体式）,打印机,品牌12,三号纸,一体式,白色,16*1*1,16,CK94H,亚历克斯,收货,上架
CaRG12FiBe,米色 品牌03 1200 文件柜（文件收纳）,文件柜,品牌03,1200,文件收纳,米色,8*1*1,8,DU89C,大卫,收货,上架
SPGi24SoWh,白色 品牌21 24 触控笔（可溶性）,触控笔,品牌21,24,可溶性,白色,48*10*5,2400,DK64B,迈克,收货,上架
CuTE90LoBe,米色 品牌04 900 储物柜（储物锁柜）,储物柜,品牌04,900,储物锁柜,米色,8*1*1,8,DH64F,莎拉,收货,上架
NoGrA5ruWh,白色 品牌18 五号纸 笔记本（横线）,笔记本,品牌18,五号纸,横线,白色,48*10*5,2400,AF17H,艾米丽,收货,上架
AlYn14i5Bl,黑色 品牌15 14英寸 一体机（第5代处理器）,一体机,品牌15,14英寸,第5代处理器,黑色,16*1*1,16,CT92F,克里斯,收货,上架
DrRG18DoBl,黑色 品牌03 1800 抽屉柜（带门式）,抽屉柜,品牌03,1800,带门式,黑色,8*1*1,8,CS88G,劳拉,收货,上架
MoPH45ErNa,藏青色 品牌12 450 鼠标（人体工学）,鼠标,品牌12,450,人体工学,藏青色,16*10*1,160,BI37E,艾米,收货,上架
LaPH17i5Si,银色 品牌12 17英寸 笔记本电脑（第5代处理器）,笔记本电脑,品牌12,17英寸,第5代处理器,银色,16*1*1,16,DQ21G,亚历克斯,收货,上架
NoExA3ruBl,黑色 品牌16 三号纸 笔记本（横线）,笔记本,品牌16,三号纸,横线,黑色,48*10*5,2400,AS43F,简,收货,上架
AlRe1716Bl,黑色 品牌14 17英寸 一体机（16吉字节内存）,一体机,品牌14,17英寸,16吉字节内存,黑色,16*1*1,16,AM86H,艾米,收货,上架
PrPHA2AlWh,白色 品牌12 二号纸 打印机（一体式）,打印机,品牌12,二号纸,一体式,白色,16*1*1,16,CO21F,大卫,收货,上架
CaWE12SlWh,白色 品牌02 1200 文件柜（滑动式）,文件柜,品牌02,1200,滑动式,白色,8*1*1,8,DP04B,克里斯,收货,上架
GaAESAdPi,粉色 品牌05 小号 游戏椅（可调节）,游戏椅,品牌05,小号,可调节,粉色,16*1*1,16,AG14F,克里斯,收货,上架
GaAESHeWh,白色 品牌05 小号 游戏椅（头枕）,游戏椅,品牌05,小号,头枕,白色,16*1*1,16,AG09A,大卫,收货,上架
AlRe14i7Gr,灰色 品牌14 14英寸 一体机（第7代处理器）,一体机,品牌14,14英寸,第7代处理器,灰色,16*1*1,16,DO43F,劳拉,收货,上架
AlOv158GSi,银色 品牌13 15英寸 一体机（8吉字节内存）,一体机,品牌13,15英寸,8吉字节内存,银色,16*1*1,16,BG19G,亚历克斯,收货,上架
LaYn1716Wh,白色 品牌15 17英寸 笔记本电脑（16吉字节内存）,笔记本电脑,品牌15,17英寸,16吉字节内存,白色,16*1*1,16,AO74E,克里斯,收货,上架
CaQE18FiGr,灰色 品牌01 1800 文件柜（文件收纳）,文件柜,品牌01,1800,文件收纳,灰色,8*1*1,8,DM91D,劳拉,收货,上架
NoGrA5liBl,黑色 品牌18 五号纸 笔记本（线条）,笔记本,品牌18,五号纸,线条,黑色,48*10*5,2400,DY36A,简,收货,上架
LaPH1532Bl,黑色 品牌12 15英寸 笔记本电脑（32吉字节内存）,笔记本电脑,品牌12,15英寸,32吉字节内存,黑色,16*1*1,16,AQ80C,迈克,收货,上架
PrPHA3LaMi,混合色 品牌12 三号纸 打印机（激光）,打印机,品牌12,三号纸,激光,混合色,16*1*1,16,CI80C,简,收货,上架
CaTE90FiWh,白色 品牌04 900 文件柜（文件收纳）,文件柜,品牌04,900,文件收纳,白色,8*1*1,8,CS60E,克里斯,收货,上架
TVGn32SFBl,黑色 品牌30 32英寸 电视机（超级全高清）,电视机,品牌30,32英寸,超级全高清,黑色,8*1*1,8,AT06H,艾米,收货,上架
CaQE18LoWh,白色 品牌01 1800 文件柜（储物锁柜）,文件柜,品牌01,1800,储物锁柜,白色,8*1*1,8,BO64H,艾米,收货,上架
AlOv14i5Wh,白色 品牌13 14英寸 一体机（第5代处理器）,一体机,品牌13,14英寸,第5代处理器,白色,16*1*1,16,AI81G,迈克,收货,上架
DrQE90LoBe,米色 品牌01 900 抽屉柜（储物锁柜）,抽屉柜,品牌01,900,储物锁柜,米色,8*1*1,8,DN10B,克里斯,收货,上架
LaOv1432Bl,黑色 品牌13 14英寸 笔记本电脑（32吉字节内存）,笔记本电脑,品牌13,14英寸,32吉字节内存,黑色,16*1*1,16,AM89F,艾米丽,收货,上架
MoPH35BlWh,白色 品牌12 350 鼠标（蓝牙）,鼠标,品牌12,350,蓝牙,白色,16*10*1,160,BJ22H,迈克,收货,上架
PrNoA4InGr,灰色 品牌26 四号纸 打印机（喷墨）,打印机,品牌26,四号纸,喷墨,灰色,16*1*1,16,BG66C,迈克,收货,上架
PrSoA2WiMi,混合色 品牌25 二号纸 打印机（无线网络）,打印机,品牌25,二号纸,无线网络,混合色,16*1*1,16,AF83F,约翰,收货,上架
OfOGSErGr,灰色 品牌07 小号 办公椅（人体工学）,办公椅,品牌07,小号,人体工学,灰色,16*1*1,16,BL77H,艾米丽,收货,上架
MoPH45BlPi,粉色 品牌12 450 鼠标（蓝牙）,鼠标,品牌12,450,蓝牙,粉色,16*10*1,160,DK85D,亚历克斯,收货,上架
AlRe1532Si,银色 品牌14 15英寸 一体机（32吉字节内存）,一体机,品牌14,15英寸,32吉字节内存,银色,16*1*1,16,DM42B,迈克,收货,上架
PrPHA3AlGr,灰色 品牌12 三号纸 打印机（一体式）,打印机,品牌12,三号纸,一体式,灰色,16*1*1,16,BL98E,约翰,收货,上架
TaTR18AdWh,白色 品牌28 1800 桌子（可调节）,桌子,品牌28,1800,可调节,白色,8*1*1,8,CM54B,克里斯,收货,上架
PeGi24HeBl,黑色 品牌21 24 铅笔（六角形）,铅笔,品牌21,24,六角形,黑色,48*10*5,2400,BS75F,艾米丽,收货,上架
LaRe1432Wh,白色 品牌14 14英寸 笔记本电脑（32吉字节内存）,笔记本电脑,品牌14,14英寸,32吉字节内存,白色,16*1*1,16,BN09A,克里斯,收货,上架
LaPH1416Si,银色 品牌12 14英寸 笔记本电脑（16吉字节内存）,笔记本电脑,品牌12,14英寸,16吉字节内存,银色,16*1*1,16,BK57G,克里斯,收货,上架
PrSoA3LaBl,黑色 品牌25 三号纸 打印机（激光）,打印机,品牌25,三号纸,激光,黑色,16*1*1,16,BI40F,大卫,收货,上架
MoPH27ErNa,藏青色 品牌12 270 鼠标（人体工学）,鼠标,品牌12,270,人体工学,藏青色,16*10*1,160,AQ92F,大卫,收货,上架
PrPHA3InBl,黑色 品牌12 三号纸 打印机（喷墨）,打印机,品牌12,三号纸,喷墨,黑色,16*1*1,16,CL52A,约翰,收货,上架
AlSu178GBl,黑色 品牌11 17英寸 一体机（8吉字节内存）,一体机,品牌11,17英寸,8吉字节内存,黑色,16*1*1,16,DP17D,简,收货,上架
NoGrA3doSi,银色 品牌18 三号纸 笔记本（点阵）,笔记本,品牌18,三号纸,点阵,银色,48*10*5,2400,DM37F,克里斯,收货,上架
CuQE18FiBe,米色 品牌01 1800 储物柜（文件收纳）,储物柜,品牌01,1800,文件收纳,米色,8*1*1,8,BZ12F,克里斯,收货,上架
TVGL32S4Gr,灰色 品牌31 32英寸 电视机（超级超高清）,电视机,品牌31,32英寸,超级超高清,灰色,8*1*1,8,CY81G,迈克,收货,上架
CaQE18SlBe,米色 品牌01 1800 文件柜（滑动式）,文件柜,品牌01,1800,滑动式,米色,8*1*1,8,BN43D,艾米丽,收货,上架
LaRe14i7Si,银色 品牌14 14英寸 笔记本电脑（第7代处理器）,笔记本电脑,品牌14,14英寸,第7代处理器,银色,16*1*1,16,CP82D,克里斯,收货,上架
OfAESHeWh,白色 品牌05 小号 办公椅（头枕）,办公椅,品牌05,小号,头枕,白色,16*1*1,16,CQ60A,简,收货,上架
PeGi24HeBl,黑色 品牌21 24 铅笔（六角形）,铅笔,品牌21,24,六角形,黑色,48*10*5,2400,CV69B,大卫,收货,上架
CuRG18SlBl,黑色 品牌03 1800 储物柜（滑动式）,储物柜,品牌03,1800,滑动式,黑色,8*1*1,8,DI09E,迈克,收货,上架
AlOv15i5Wh,白色 品牌13 15英寸 一体机（第5代处理器）,一体机,品牌13,15英寸,第5代处理器,白色,16*1*1,16,AK32B,劳拉,收货,上架
AlPH148GBl,黑色 品牌12 14英寸 一体机（8吉字节内存）,一体机,品牌12,14英寸,8吉字节内存,黑色,16*1*1,16,BG50A,劳拉,收货,上架
PeNa50SoBl,黑色 品牌23 50 铅笔（可溶性）,铅笔,品牌23,50,可溶性,黑色,48*10*5,2400,CH18H,大卫,收货,上架
TVGn65S4Si,银色 品牌30 65英寸 电视机（超级超高清）,电视机,品牌30,65英寸,超级超高清,银色,8*1*1,8,AF90H,艾米丽,收货,上架
MoHc27BlBl,黑色 品牌09 270 鼠标（蓝牙）,鼠标,品牌09,270,蓝牙,黑色,16*10*1,160,BW90E,莎拉,收货,上架
MoHc45MeNa,藏青色 品牌09 450 鼠标（机械式）,鼠标,品牌09,450,机械式,藏青色,16*10*1,160,CS68E,艾米丽,收货,上架
KeSu27MePi,粉色 品牌11 270 键盘（机械式）,键盘,品牌11,270,机械式,粉色,16*10*1,160,DN18F,劳拉,收货,上架
PrPHA4InBl,黑色 品牌12 四号纸 打印机（喷墨）,打印机,品牌12,四号纸,喷墨,黑色,16*1*1,16,CO46D,简,收货,上架
LaSu1432Bl,黑色 品牌11 14英寸 笔记本电脑（32吉字节内存）,笔记本电脑,品牌11,14英寸,32吉字节内存,黑色,16*1*1,16,AX73F,克里斯,收货,上架
MoPH45BlNa,藏青色 品牌12 450 鼠标（蓝牙）,鼠标,品牌12,450,蓝牙,藏青色,16*10*1,160,BI87B,亚历克斯,收货,上架
TVGn50S4Gr,灰色 品牌30 50英寸 电视机（超级超高清）,电视机,品牌30,50英寸,超级超高清,灰色,8*1*1,8,AQ25C,迈克,收货,上架
CuQE12LoBe,米色 品牌01 1200 储物柜（储物锁柜）,储物柜,品牌01,1200,储物锁柜,米色,8*1*1,8,BP38B,简,收货,上架
GaXELLeBl,黑色 品牌06 大号 游戏椅（皮革）,游戏椅,品牌06,大号,皮革,黑色,16*1*1,16,DM44E,克里斯,收货,上架
NoScA4ruWh,白色 品牌17 四号纸 笔记本（横线）,笔记本,品牌17,四号纸,横线,白色,48*10*5,2400,AS92F,简,收货,上架
CaRG90LoBe,米色 品牌03 900 文件柜（储物锁柜）,文件柜,品牌03,900,储物锁柜,米色,8*1*1,8,DS26A,约翰,收货,上架
CuWE12SlGr,灰色 品牌02 1200 储物柜（滑动式）,储物柜,品牌02,1200,滑动式,灰色,8*1*1,8,DF46E,迈克,收货,上架
TVYn32FHWh,白色 品牌15 32英寸 电视机（全高清）,电视机,品牌15,32英寸,全高清,白色,8*1*1,8,CG37C,艾米丽,收货,上架
KeHc35MeWh,白色 品牌09 350 键盘（机械式）,键盘,品牌09,350,机械式,白色,16*10*1,160,AG26F,艾米,收货,上架
LaPH14i7Bl,黑色 品牌12 14英寸 笔记本电脑（第7代处理器）,笔记本电脑,品牌12,14英寸,第7代处理器,黑色,16*1*1,16,BS88D,莎拉,收货,上架
AlOv148GGr,灰色 品牌13 14英寸 一体机（8吉字节内存）,一体机,品牌13,14英寸,8吉字节内存,灰色,16*1*1,16,AU66C,大卫,收货,上架
NoMuA4doSi,银色 品牌19 四号纸 笔记本（点阵）,笔记本,品牌19,四号纸,点阵,银色,48*10*5,2400,AR66E,艾米,收货,上架
AlRe1532Wh,白色 品牌14 15英寸 一体机（32吉字节内存）,一体机,品牌14,15英寸,32吉字节内存,白色,16*1*1,16,DW32A,艾米,收货,上架
TaTR18FrBl,黑色 品牌28 1800 桌子（框架式）,桌子,品牌28,1800,框架式,黑色,8*1*1,8,AK23B,劳拉,收货,上架
SPRe12SoBl,黑色 品牌22 12 触控笔（可溶性）,触控笔,品牌22,12,可溶性,黑色,48*10*5,2400,DY05E,亚历克斯,收货,上架
AlRe1716Bl,黑色 品牌14 17英寸 一体机（16吉字节内存）,一体机,品牌14,17英寸,16吉字节内存,黑色,16*1*1,16,DL31A,劳拉,收货,上架
SPGi24WaPi,粉色 品牌21 24 触控笔（水彩）,触控笔,品牌21,24,水彩,粉色,48*10*5,2400,AX31A,克里斯,收货,上架
LaRe14i7Si,银色 品牌14 14英寸 笔记本电脑（第7代处理器）,笔记本电脑,品牌14,14英寸,第7代处理器,银色,16*1*1,16,AK83D,艾米丽,收货,上架
AlPH1416Si,银色 品牌12 14英寸 一体机（16吉字节内存）,一体机,品牌12,14英寸,16吉字节内存,银色,16*1*1,16,DO87E,亚历克斯,收货,上架
TVGn654KGr,灰色 品牌30 65英寸 电视机（超高清）,电视机,品牌30,65英寸,超高清,灰色,8*1*1,8,DM48C,艾米丽,收货,上架
KeRe35BlBl,黑色 品牌10 350 键盘（蓝牙）,键盘,品牌10,350,蓝牙,黑色,16*10*1,160,BL66G,大卫,收货,上架
CuWE12FiGr,灰色 品牌02 1200 储物柜（文件收纳）,储物柜,品牌02,1200,文件收纳,灰色,8*1*1,8,CN26A,艾米丽,收货,上架
KeHc35BlPi,粉色 品牌09 350 键盘（蓝牙）,键盘,品牌09,350,蓝牙,粉色,16*10*1,160,BP57H,克里斯,收货,上架
DrWE12LoGr,灰色 品牌02 1200 抽屉柜（储物锁柜）,抽屉柜,品牌02,1200,储物锁柜,灰色,8*1*1,8,BU32H,约翰,收货,上架
AlYn1516Bl,黑色 品牌15 15英寸 一体机（16吉字节内存）,一体机,品牌15,15英寸,16吉字节内存,黑色,16*1*1,16,CN33H,亚历克斯,收货,上架
TaAE15AuGr,灰色 品牌05 1500 桌子（自动调节）,桌子,品牌05,1500,自动调节,灰色,8*1*1,8,DI98G,艾米丽,收货,上架
AlSu15i7Gr,灰色 品牌11 15英寸 一体机（第7代处理器）,一体机,品牌11,15英寸,第7代处理器,灰色,16*1*1,16,AF01A,克里斯,收货,上架
PrReA4InWh,白色 品牌24 四号纸 打印机（喷墨）,打印机,品牌24,四号纸,喷墨,白色,16*1*1,16,CF05E,亚历克斯,收货,上架
TVGn75S4Bl,黑色 品牌30 75英寸 电视机（超级超高清）,电视机,品牌30,75英寸,超级超高清,黑色,8*1*1,8,DY44B,克里斯,收货,上架
LaOv148GGr,灰色 品牌13 14英寸 笔记本电脑（8吉字节内存）,笔记本电脑,品牌13,14英寸,8吉字节内存,灰色,16*1*1,16,BR82E,克里斯,收货,上架
CaWE90FiWh,白色 品牌02 900 文件柜（文件收纳）,文件柜,品牌02,900,文件收纳,白色,8*1*1,8,DW63A,约翰,收货,上架
TaTR15WoGr,灰色 品牌28 1500 桌子（工作站）,桌子,品牌28,1500,工作站,灰色,8*1*1,8,CJ79E,迈克,收货,上架
LaPH1716Bl,黑色 品牌12 17英寸 笔记本电脑（16吉字节内存）,笔记本电脑,品牌12,17英寸,16吉字节内存,黑色,16*1*1,16,CX13D,简,收货,上架
CaQE18DoWh,白色 品牌01 1800 文件柜（带门式）,文件柜,品牌01,1800,带门式,白色,8*1*1,8,BR07B,约翰,收货,上架
DrWE18FiWh,白色 品牌02 1800 抽屉柜（文件收纳）,抽屉柜,品牌02,1800,文件收纳,白色,8*1*1,8,DM84D,亚历克斯,收货,上架
CuTE90SlWh,白色 品牌04 900 储物柜（滑动式）,储物柜,品牌04,900,滑动式,白色,8*1*1,8,CT97B,迈克,收货,上架
CaQE90SlBe,米色 品牌01 900 文件柜（滑动式）,文件柜,品牌01,900,滑动式,米色,8*1*1,8,BM62D,简,收货,上架
TVGn32S4Wh,白色 品牌30 32英寸 电视机（超级超高清）,电视机,品牌30,32英寸,超级超高清,白色,8*1*1,8,CH71E,迈克,收货,上架
NoExA5liGr,灰色 品牌16 五号纸 笔记本（线条）,笔记本,品牌16,五号纸,线条,灰色,48*10*5,2400,AO05B,艾米丽,收货,上架
PeAl12HeGr,灰色 品牌20 12 铅笔（六角形）,铅笔,品牌20,12,六角形,灰色,48*10*5,2400,DN53C,艾米,收货,上架
PrNoA3AlWh,白色 品牌26 三号纸 打印机（一体式）,打印机,品牌26,三号纸,一体式,白色,16*1*1,16,CK05B,克里斯,收货,上架
LaPH15i5Bl,黑色 品牌12 15英寸 笔记本电脑（第5代处理器）,笔记本电脑,品牌12,15英寸,第5代处理器,黑色,16*1*1,16,AR10E,迈克,收货,上架
CaWE12LoBe,米色 品牌02 1200 文件柜（储物锁柜）,文件柜,品牌02,1200,储物锁柜,米色,8*1*1,8,DX26A,简,收货,上架
TVEs504KBl,黑色 品牌32 50英寸 电视机（超高清）,电视机,品牌32,50英寸,超高清,黑色,8*1*1,8,DI67A,艾米丽,收货,上架
SPGi50SoWh,白色 品牌21 50 触控笔（可溶性）,触控笔,品牌21,50,可溶性,白色,48*10*5,2400,AW07H,艾米,收货,上架
GaAELErBl,黑色 品牌05 大号 游戏椅（人体工学）,游戏椅,品牌05,大号,人体工学,黑色,16*1*1,16,AU58A,简,收货,上架
PeAl24HePi,粉色 品牌20 24 铅笔（六角形）,铅笔,品牌20,24,六角形,粉色,48*10*5,2400,BP41A,艾米丽,收货,上架
MoPH27MeWh,白色 品牌12 270 鼠标（机械式）,鼠标,品牌12,270,机械式,白色,16*10*1,160,AK86H,迈克,收货,上架
KePH35BlWh,白色 品牌12 350 键盘（蓝牙）,键盘,品牌12,350,蓝牙,白色,16*10*1,160,CR31G,简,收货,上架
AlPH1416Wh,白色 品牌12 14英寸 一体机（16吉字节内存）,一体机,品牌12,14英寸,16吉字节内存,白色,16*1*1,16,AP77D,艾米丽,收货,上架
PrPHA3AlBl,黑色 品牌12 三号纸 打印机（一体式）,打印机,品牌12,三号纸,一体式,黑色,16*1*1,16,AQ79C,亚历克斯,收货,上架
TaTR10WoBl,黑色 品牌29 1000 桌子（工作站）,桌子,品牌29,1000,工作站,黑色,8*1*1,8,DK18G,大卫,收货,上架
AlRe158GWh,白色 品牌14 15英寸 一体机（8吉字节内存）,一体机,品牌14,15英寸,8吉字节内存,白色,16*1*1,16,CQ47C,克里斯,收货,上架
GaXEMLeWh,白色 品牌06 中号 游戏椅（皮革）,游戏椅,品牌06,中号,皮革,白色,16*1*1,16,DW10F,约翰,收货,上架
PrNoA2InGr,灰色 品牌26 二号纸 打印机（喷墨）,打印机,品牌26,二号纸,喷墨,灰色,16*1*1,16,DT22C,莎拉,收货,上架
DrQE90DoGr,灰色 品牌01 900 抽屉柜（带门式）,抽屉柜,品牌01,900,带门式,灰色,8*1*1,8,DJ36E,克里斯,收货,上架
KeHc45BlPi,粉色 品牌09 450 键盘（蓝牙）,键盘,品牌09,450,蓝牙,粉色,16*10*1,160,AR52D,简,收货,上架
SPRe24SoGr,灰色 品牌22 24 触控笔（可溶性）,触控笔,品牌22,24,可溶性,灰色,48*10*5,2400,AH53H,迈克,收货,上架
KeSu27MeNa,藏青色 品牌11 270 键盘（机械式）,键盘,品牌11,270,机械式,藏青色,16*10*1,160,DW19H,大卫,收货,上架
MoPH35MeBl,黑色 品牌12 350 鼠标（机械式）,鼠标,品牌12,350,机械式,黑色,16*10*1,160,AH72B,亚历克斯,收货,上架
KeSu35MePi,粉色 品牌11 350 键盘（机械式）,键盘,品牌11,350,机械式,粉色,16*10*1,160,CY21G,劳拉,收货,上架
MoRe45ErPi,粉色 品牌10 450 鼠标（人体工学）,鼠标,品牌10,450,人体工学,粉色,16*10*1,160,CY74D,克里斯,收货,上架
PrNoA3WiGr,灰色 品牌26 三号纸 打印机（无线网络）,打印机,品牌26,三号纸,无线网络,灰色,16*1*1,16,CP62C,克里斯,收货,上架
LaOv1732Si,银色 品牌13 17英寸 笔记本电脑（32吉字节内存）,笔记本电脑,品牌13,17英寸,32吉字节内存,银色,16*1*1,16,AU49G,约翰,收货,上架
DrQE18FiWh,白色 品牌01 1800 抽屉柜（文件收纳）,抽屉柜,品牌01,1800,文件收纳,白色,8*1*1,8,BU23B,约翰,收货,上架
DrTE90FiBe,米色 品牌04 900 抽屉柜（文件收纳）,抽屉柜,品牌04,900,文件收纳,米色,8*1*1,8,BY66B,莎拉,收货,上架
TVEs504KSi,银色 品牌32 50英寸 电视机（超高清）,电视机,品牌32,50英寸,超高清,银色,8*1*1,8,CV90B,莎拉,收货,上架
SPAl50WaWh,白色 品牌20 50 触控笔（水彩）,触控笔,品牌20,50,水彩,白色,48*10*5,2400,AY98B,劳拉,收货,上架
MoPH35BlPi,粉色 品牌12 350 鼠标（蓝牙）,鼠标,品牌12,350,蓝牙,粉色,16*10*1,160,AT65C,简,收货,上架
PeGi50HeGr,灰色 品牌21 50 铅笔（六角形）,铅笔,品牌21,50,六角形,灰色,48*10*5,2400,AW24C,亚历克斯,收货,上架
PrNoA4MoGr,灰色 品牌26 四号纸 打印机（黑白）,打印机,品牌26,四号纸,黑白,灰色,16*1*1,16,BZ32E,克里斯,收货,上架
TVYn424KSi,银色 品牌15 42英寸 电视机（超高清）,电视机,品牌15,42英寸,超高清,银色,8*1*1,8,AK34H,劳拉,收货,上架
PrReA3LaMi,混合色 品牌24 三号纸 打印机（激光）,打印机,品牌24,三号纸,激光,混合色,16*1*1,16,AK81F,大卫,收货,上架
NoExA5doSi,银色 品牌16 五号纸 笔记本（点阵）,笔记本,品牌16,五号纸,点阵,银色,48*10*5,2400,BI07C,约翰,收货,上架
AlSu1516Wh,白色 品牌11 15英寸 一体机（16吉字节内存）,一体机,品牌11,15英寸,16吉字节内存,白色,16*1*1,16,BU25B,克里斯,收货,上架
LaRe1416Wh,白色 品牌14 14英寸 笔记本电脑（16吉字节内存）,笔记本电脑,品牌14,14英寸,16吉字节内存,白色,16*1*1,16,DH65B,约翰,收货,上架
TVEs424KSi,银色 品牌32 42英寸 电视机（超高清）,电视机,品牌32,42英寸,超高清,银色,8*1*1,8,DV24B,克里斯,收货,上架
PrReA2WiWh,白色 品牌24 二号纸 打印机（无线网络）,打印机,品牌24,二号纸,无线网络,白色,16*1*1,16,AL95E,莎拉,收货,上架
CuTE12SlBe,米色 品牌04 1200 储物柜（滑动式）,储物柜,品牌04,1200,滑动式,米色,8*1*1,8,AN18F,简,收货,上架
SPGi50SoGr,灰色 品牌21 50 触控笔（可溶性）,触控笔,品牌21,50,可溶性,灰色,48*10*5,2400,CN05A,艾米,收货,上架
OfSEMErGr,灰色 品牌08 中号 办公椅（人体工学）,办公椅,品牌08,中号,人体工学,灰色,16*1*1,16,AX97D,亚历克斯,收货,上架
NoGrA3liWh,白色 品牌18 三号纸 笔记本（线条）,笔记本,品牌18,三号纸,线条,白色,48*10*5,2400,DX49H,简,收货,上架
TVGn50SFSi,银色 品牌30 50英寸 电视机（超级全高清）,电视机,品牌30,50英寸,超级全高清,银色,8*1*1,8,CU23A,简,收货,上架
PrSoA3LaMi,混合色 品牌25 三号纸 打印机（激光）,打印机,品牌25,三号纸,激光,混合色,16*1*1,16,BO76G,简,收货,上架
AlSu1416Bl,黑色 品牌11 14英寸 一体机（16吉字节内存）,一体机,品牌11,14英寸,16吉字节内存,黑色,16*1*1,16,BU80H,艾米丽,收货,上架
GaOGMErGr,灰色 品牌07 中号 游戏椅（人体工学）,游戏椅,品牌07,中号,人体工学,灰色,16*1*1,16,CK89G,大卫,收货,上架
KeRe45BlWh,白色 品牌10 450 键盘（蓝牙）,键盘,品牌10,450,蓝牙,白色,16*10*1,160,DR58D,艾米丽,收货,上架
AlOv1716Wh,白色 品牌13 17英寸 一体机（16吉字节内存）,一体机,品牌13,17英寸,16吉字节内存,白色,16*1*1,16,AJ40E,莎拉,收货,上架
TVEs65S4Si,银色 品牌32 65英寸 电视机（超级超高清）,电视机,品牌32,65英寸,超级超高清,银色,8*1*1,8,DW23F,劳拉,收货,上架
GaXESLeBl,黑色 品牌06 小号 游戏椅（皮革）,游戏椅,品牌06,小号,皮革,黑色,16*1*1,16,DS50C,劳拉,收货,上架
TVEs654KWh,白色 品牌32 65英寸 电视机（超高清）,电视机,品牌32,65英寸,超高清,白色,8*1*1,8,BG61G,大卫,收货,上架
PrSoA4InGr,灰色 品牌25 四号纸 打印机（喷墨）,打印机,品牌25,四号纸,喷墨,灰色,16*1*1,16,CR31A,劳拉,收货,上架
LaSu15i5Bl,黑色 品牌11 15英寸 笔记本电脑（第5代处理器）,笔记本电脑,品牌11,15英寸,第5代处理器,黑色,16*1*1,16,DQ36H,迈克,收货,上架
TaTR10AuGr,灰色 品牌29 1000 桌子（自动调节）,桌子,品牌29,1000,自动调节,灰色,8*1*1,8,BW75H,亚历克斯,收货,上架
PeGi24HeWh,白色 品牌21 24 铅笔（六角形）,铅笔,品牌21,24,六角形,白色,48*10*5,2400,DV66E,迈克,收货,上架
SPRe50SoGr,灰色 品牌22 50 触控笔（可溶性）,触控笔,品牌22,50,可溶性,灰色,48*10*5,2400,BU33G,亚历克斯,收货,上架
PrPHA3LaBl,黑色 品牌12 三号纸 打印机（激光）,打印机,品牌12,三号纸,激光,黑色,16*1*1,16,BP24D,克里斯,收货,上架
AlSu14i5Si,银色 品牌11 14英寸 一体机（第5代处理器）,一体机,品牌11,14英寸,第5代处理器,银色,16*1*1,16,CQ36B,克里斯,收货,上架
CuQE12FiWh,白色 品牌01 1200 储物柜（文件收纳）,储物柜,品牌01,1200,文件收纳,白色,8*1*1,8,BS54B,艾米,收货,上架
LaOv1516Wh,白色 品牌13 15英寸 笔记本电脑（16吉字节内存）,笔记本电脑,品牌13,15英寸,16吉字节内存,白色,16*1*1,16,BL32A,约翰,收货,上架
TVEs654KBl,黑色 品牌32 65英寸 电视机（超高清）,电视机,品牌32,65英寸,超高清,黑色,8*1*1,8,CY73A,简,收货,上架
OfXEMHeGr,灰色 品牌06 中号 办公椅（头枕）,办公椅,品牌06,中号,头枕,灰色,16*1*1,16,AW27A,亚历克斯,收货,上架
CuTE90LoGr,灰色 品牌04 900 储物柜（储物锁柜）,储物柜,品牌04,900,储物锁柜,灰色,8*1*1,8,AP76B,劳拉,收货,上架
SPAl24SoBl,黑色 品牌20 24 触控笔（可溶性）,触控笔,品牌20,24,可溶性,黑色,48*10*5,2400,DX65F,迈克,收货,上架
LaRe17i5Si,银色 品牌14 17英寸 笔记本电脑（第5代处理器）,笔记本电脑,品牌14,17英寸,第5代处理器,银色,16*1*1,16,DO71D,简,收货,上架
LaRe1532Si,银色 品牌14 15英寸 笔记本电脑（32吉字节内存）,笔记本电脑,品牌14,15英寸,32吉字节内存,银色,16*1*1,16,BW23D,克里斯,收货,上架
PrReA2WiMi,混合色 品牌24 二号纸 打印机（无线网络）,打印机,品牌24,二号纸,无线网络,混合色,16*1*1,16,CQ67B,大卫,收货,上架
PeNa12WaPi,粉色 品牌23 12 铅笔（水彩）,铅笔,品牌23,12,水彩,粉色,48*10*5,2400,CT36E,大卫,收货,上架
GaSESAdGr,灰色 品牌08 小号 游戏椅（可调节）,游戏椅,品牌08,小号,可调节,灰色,16*1*1,16,DO22D,迈克,收货,上架
KeSu27WiPi,粉色 品牌11 270 键盘（有线）,键盘,品牌11,270,有线,粉色,16*10*1,160,CG12E,亚历克斯,收货,上架
TVGL754KWh,白色 品牌31 75英寸 电视机（超高清）,电视机,品牌31,75英寸,超高清,白色,8*1*1,8,DR45G,莎拉,收货,上架
TaTR18AdWh,白色 品牌29 1800 桌子（可调节）,桌子,品牌29,1800,可调节,白色,8*1*1,8,DR76D,简,收货,上架
TaTR15FrSi,银色 品牌28 1500 桌子（框架式）,桌子,品牌28,1500,框架式,银色,8*1*1,8,DL11G,劳拉,收货,上架
AlYn14i5Gr,灰色 品牌15 14英寸 一体机（第5代处理器）,一体机,品牌15,14英寸,第5代处理器,灰色,16*1*1,16,CU37E,劳拉,收货,上架
PrReA4WiMi,混合色 品牌24 四号纸 打印机（无线网络）,打印机,品牌24,四号纸,无线网络,混合色,16*1*1,16,CU06D,亚历克斯,收货,上架
KeRe45MePi,粉色 品牌10 450 键盘（机械式）,键盘,品牌10,450,机械式,粉色,16*10*1,160,BS44E,艾米丽,收货,上架
AlYn158GBl,黑色 品牌15 15英寸 一体机（8吉字节内存）,一体机,品牌15,15英寸,8吉字节内存,黑色,16*1*1,16,BG51A,艾米丽,收货,上架
MoSu45WiWh,白色 品牌11 450 鼠标（有线）,鼠标,品牌11,450,有线,白色,16*10*1,160,BN52A,克里斯,收货,上架
OfXELAdPi,粉色 品牌06 大号 办公椅（可调节）,办公椅,品牌06,大号,可调节,粉色,16*1*1,16,DL59F,克里斯,收货,上架
PrReA4AlWh,白色 品牌24 四号纸 打印机（一体式）,打印机,品牌24,四号纸,一体式,白色,16*1*1,16,AL85B,克里斯,收货,上架
GaXELAdGr,灰色 品牌06 大号 游戏椅（可调节）,游戏椅,品牌06,大号,可调节,灰色,16*1*1,16,BT58G,迈克,收货,上架
AlOv15i7Gr,灰色 品牌13 15英寸 一体机（第7代处理器）,一体机,品牌13,15英寸,第7代处理器,灰色,16*1*1,16,BS34F,克里斯,收货,上架
KeRe35MeNa,藏青色 品牌10 350 键盘（机械式）,键盘,品牌10,350,机械式,藏青色,16*10*1,160,BO34A,约翰,收货,上架
TVEs324KSi,银色 品牌32 32英寸 电视机（超高清）,电视机,品牌32,32英寸,超高清,银色,8*1*1,8,AZ28C,简,收货,上架
OfAEMHeWh,白色 品牌05 中号 办公椅（头枕）,办公椅,品牌05,中号,头枕,白色,16*1*1,16,DK53E,迈克,收货,上架
AlSu1716Bl,黑色 品牌11 17英寸 一体机（16吉字节内存）,一体机,品牌11,17英寸,16吉字节内存,黑色,16*1*1,16,BV28E,迈克,收货,上架
DrWE12FiBl,黑色 品牌02 1200 抽屉柜（文件收纳）,抽屉柜,品牌02,1200,文件收纳,黑色,8*1*1,8,CQ83A,莎拉,收货,上架
CaWE12SlBl,黑色 品牌02 1200 文件柜（滑动式）,文件柜,品牌02,1200,滑动式,黑色,8*1*1,8,DR04H,艾米,收货,上架
CuQE12LoBe,米色 品牌01 1200 储物柜（储物锁柜）,储物柜,品牌01,1200,储物锁柜,米色,8*1*1,8,BN14B,艾米丽,收货,上架
AlRe14i7Gr,灰色 品牌14 14英寸 一体机（第7代处理器）,一体机,品牌14,14英寸,第7代处理器,灰色,16*1*1,16,AI40H,亚历克斯,收货,上架
PrSoA4WiGr,灰色 品牌25 四号纸 打印机（无线网络）,打印机,品牌25,四号纸,无线网络,灰色,16*1*1,16,AM86F,克里斯,收货,上架
PrNoA3WiWh,白色 品牌26 三号纸 打印机（无线网络）,打印机,品牌26,三号纸,无线网络,白色,16*1*1,16,DG73B,简,收货,上架
TaCI18AdSi,银色 品牌27 1800 桌子（可调节）,桌子,品牌27,1800,可调节,银色,8*1*1,8,BH03G,克里斯,收货,上架
KePH45BlBl,黑色 品牌12 450 键盘（蓝牙）,键盘,品牌12,450,蓝牙,黑色,16*10*1,160,AU64B,莎拉,收货,上架
GaSELErGr,灰色 品牌08 大号 游戏椅（人体工学）,游戏椅,品牌08,大号,人体工学,灰色,16*1*1,16,DH24F,亚历克斯,收货,上架
PeAl24SoGr,灰色 品牌20 24 铅笔（可溶性）,铅笔,品牌20,24,可溶性,灰色,48*10*5,2400,BO46B,克里斯,收货,上架
CaRG18DoWh,白色 品牌03 1800 文件柜（带门式）,文件柜,品牌03,1800,带门式,白色,8*1*1,8,CJ83B,迈克,收货,上架
MoHc27ErPi,粉色 品牌09 270 鼠标（人体工学）,鼠标,品牌09,270,人体工学,粉色,16*10*1,160,DY40C,艾米,收货,上架
CaRG12SlGr,灰色 品牌03 1200 文件柜（滑动式）,文件柜,品牌03,1200,滑动式,灰色,8*1*1,8,AV95D,大卫,收货,上架
TVYn50SFBl,黑色 品牌15 50英寸 电视机（超级全高清）,电视机,品牌15,50英寸,超级全高清,黑色,8*1*1,8,CV48F,莎拉,收货,上架
DrWE90LoWh,白色 品牌02 900 抽屉柜（储物锁柜）,抽屉柜,品牌02,900,储物锁柜,白色,8*1*1,8,DG30F,约翰,收货,上架
GaXESAdWh,白色 品牌06 小号 游戏椅（可调节）,游戏椅,品牌06,小号,可调节,白色,16*1*1,16,DK13D,迈克,收货,上架
PrReA3AlBl,黑色 品牌24 三号纸 打印机（一体式）,打印机,品牌24,三号纸,一体式,黑色,16*1*1,16,BT72F,亚历克斯,收货,上架
OfOGLLePi,粉色 品牌07 大号 办公椅（皮革）,办公椅,品牌07,大号,皮革,粉色,16*1*1,16,BT83F,劳拉,收货,上架
PrNoA4AlWh,白色 品牌26 四号纸 打印机（一体式）,打印机,品牌26,四号纸,一体式,白色,16*1*1,16,BH14E,艾米,收货,上架
GaSELErGr,灰色 品牌08 大号 游戏椅（人体工学）,游戏椅,品牌08,大号,人体工学,灰色,16*1*1,16,DP76B,迈克,收货,上架
LaPH14i5Si,银色 品牌12 14英寸 笔记本电脑（第5代处理器）,笔记本电脑,品牌12,14英寸,第5代处理器,银色,16*1*1,16,AI59B,约翰,收货,上架
GaSESErPi,粉色 品牌08 小号 游戏椅（人体工学）,游戏椅,品牌08,小号,人体工学,粉色,16*1*1,16,CT82B,迈克,收货,上架
MoHc45BlNa,藏青色 品牌09 450 鼠标（蓝牙）,鼠标,品牌09,450,蓝牙,藏青色,16*10*1,160,CX16B,迈克,收货,上架
PeNa50HeGr,灰色 品牌23 50 铅笔（六角形）,铅笔,品牌23,50,六角形,灰色,48*10*5,2400,CJ62G,艾米,收货,上架
OfAEMErBl,黑色 品牌05 中号 办公椅（人体工学）,办公椅,品牌05,中号,人体工学,黑色,16*1*1,16,DJ19D,大卫,收货,上架
GaSEMLeGr,灰色 品牌08 中号 游戏椅（皮革）,游戏椅,品牌08,中号,皮革,灰色,16*1*1,16,CU07A,莎拉,收货,上架
TVGL754KBl,黑色 品牌31 75英寸 电视机（超高清）,电视机,品牌31,75英寸,超高清,黑色,8*1*1,8,BG45G,亚历克斯,收货,上架
DrQE12LoGr,灰色 品牌01 1200 抽屉柜（储物锁柜）,抽屉柜,品牌01,1200,储物锁柜,灰色,8*1*1,8,AU32H,莎拉,收货,上架
PeNa50HePi,粉色 品牌23 50 铅笔（六角形）,铅笔,品牌23,50,六角形,粉色,48*10*5,2400,CF16B,迈克,收货,上架
CuQE18LoBe,米色 品牌01 1800 储物柜（储物锁柜）,储物柜,品牌01,1800,储物锁柜,米色,8*1*1,8,CK88E,莎拉,收货,上架
PrPHA4LaBl,黑色 品牌12 四号纸 打印机（激光）,打印机,品牌12,四号纸,激光,黑色,16*1*1,16,CP28F,艾米丽,收货,上架
LaPH1416Gr,灰色 品牌12 14英寸 笔记本电脑（16吉字节内存）,笔记本电脑,品牌12,14英寸,16吉字节内存,灰色,16*1*1,16,BR85A,莎拉,收货,上架
PrNoA4WiWh,白色 品牌26 四号纸 打印机（无线网络）,打印机,品牌26,四号纸,无线网络,白色,16*1*1,16,BI12E,简,收货,上架
AlSu148GSi,银色 品牌11 14英寸 一体机（8吉字节内存）,一体机,品牌11,14英寸,8吉字节内存,银色,16*1*1,16,AW04G,亚历克斯,收货,上架
NoMuA5ruBl,黑色 品牌19 五号纸 笔记本（横线）,笔记本,品牌19,五号纸,横线,黑色,48*10*5,2400,BP48G,约翰,收货,上架
CaWE18LoBl,黑色 品牌02 1800 文件柜（储物锁柜）,文件柜,品牌02,1800,储物锁柜,黑色,8*1*1,8,CZ45B,约翰,收货,上架
AlRe17i5Gr,灰色 品牌14 17英寸 一体机（第5代处理器）,一体机,品牌14,17英寸,第5代处理器,灰色,16*1*1,16,AN08G,简,收货,上架
GaAELHePi,粉色 品牌05 大号 游戏椅（头枕）,游戏椅,品牌05,大号,头枕,粉色,16*1*1,16,CW28A,莎拉,收货,上架
OfOGSErBl,黑色 品牌07 小号 办公椅（人体工学）,办公椅,品牌07,小号,人体工学,黑色,16*1*1,16,DJ95F,亚历克斯,收货,上架
DrWE12LoGr,灰色 品牌02 1200 抽屉柜（储物锁柜）,抽屉柜,品牌02,1200,储物锁柜,灰色,8*1*1,8,DS50D,约翰,收货,上架
TVGn75FHSi,银色 品牌30 75英寸 电视机（全高清）,电视机,品牌30,75英寸,全高清,银色,8*1*1,8,CZ64E,约翰,收货,上架
DrRG12DoGr,灰色 品牌03 1200 抽屉柜（带门式）,抽屉柜,品牌03,1200,带门式,灰色,8*1*1,8,AN52G,亚历克斯,收货,上架
TVGL42S4Wh,白色 品牌31 42英寸 电视机（超级超高清）,电视机,品牌31,42英寸,超级超高清,白色,8*1*1,8,BQ56D,大卫,收货,上架
CaQE90DoGr,灰色 品牌01 900 文件柜（带门式）,文件柜,品牌01,900,带门式,灰色,8*1*1,8,CV53F,艾米丽,收货,上架
TaTR10WoSi,银色 品牌29 1000 桌子（工作站）,桌子,品牌29,1000,工作站,银色,8*1*1,8,CM94G,约翰,收货,上架
KeRe45ErNa,藏青色 品牌10 450 键盘（人体工学）,键盘,品牌10,450,人体工学,藏青色,16*10*1,160,BQ05D,简,收货,上架
NoExA4ruSi,银色 品牌16 四号纸 笔记本（横线）,笔记本,品牌16,四号纸,横线,银色,48*10*5,2400,DJ84H,大卫,收货,上架
AlRe1716Bl,黑色 品牌14 17英寸 一体机（16吉字节内存）,一体机,品牌14,17英寸,16吉字节内存,黑色,16*1*1,16,DZ81E,迈克,收货,上架
TaAE10FrSi,银色 品牌05 1000 桌子（框架式）,桌子,品牌05,1000,框架式,银色,8*1*1,8,CN77F,简,收货,上架
LaYn14i5Wh,白色 品牌15 14英寸 笔记本电脑（第5代处理器）,笔记本电脑,品牌15,14英寸,第5代处理器,白色,16*1*1,16,CR51C,迈克,收货,上架
GaSESAdPi,粉色 品牌08 小号 游戏椅（可调节）,游戏椅,品牌08,小号,可调节,粉色,16*1*1,16,DK09F,迈克,收货,上架
AlPH15i7Si,银色 品牌12 15英寸 一体机（第7代处理器）,一体机,品牌12,15英寸,第7代处理器,银色,16*1*1,16,AH66A,大卫,收货,上架
DrTE12SlBl,黑色 品牌04 1200 抽屉柜（滑动式）,抽屉柜,品牌04,1200,滑动式,黑色,8*1*1,8,AQ97D,克里斯,收货,上架
DrWE90DoBl,黑色 品牌02 900 抽屉柜（带门式）,抽屉柜,品牌02,900,带门式,黑色,8*1*1,8,CI93E,简,收货,上架
TaTR18FrSi,银色 品牌28 1800 桌子（框架式）,桌子,品牌28,1800,框架式,银色,8*1*1,8,DF30E,大卫,收货,上架
AlPH17i7Gr,灰色 品牌12 17英寸 一体机（第7代处理器）,一体机,品牌12,17英寸,第7代处理器,灰色,16*1*1,16,DJ67F,克里斯,收货,上架
TVEs65FHWh,白色 品牌32 65英寸 电视机（全高清）,电视机,品牌32,65英寸,全高清,白色,8*1*1,8,AK23G,艾米,收货,上架
TVYn75SFBl,黑色 品牌15 75英寸 电视机（超级全高清）,电视机,品牌15,75英寸,超级全高清,黑色,8*1*1,8,BU04E,约翰,收货,上架
TVEs65S4Wh,白色 品牌32 65英寸 电视机（超级超高清）,电视机,品牌32,65英寸,超级超高清,白色,8*1*1,8,DK56F,大卫,收货,上架
TaTR10WoGr,灰色 品牌28 1000 桌子（工作站）,桌子,品牌28,1000,工作站,灰色,8*1*1,8,CR49G,大卫,收货,上架
DrRG12LoGr,灰色 品牌03 1200 抽屉柜（储物锁柜）,抽屉柜,品牌03,1200,储物锁柜,灰色,8*1*1,8,CY14G,艾米丽,收货,上架
KeSu45WiNa,藏青色 品牌11 450 键盘（有线）,键盘,品牌11,450,有线,藏青色,16*10*1,160,BW07C,约翰,收货,上架
PeRe12SoPi,粉色 品牌22 12 铅笔（可溶性）,铅笔,品牌22,12,可溶性,粉色,48*10*5,2400,CF48B,约翰,收货,上架
MoHc45BlNa,藏青色 品牌09 450 鼠标（蓝牙）,鼠标,品牌09,450,蓝牙,藏青色,16*10*1,160,AN39C,大卫,收货,上架
AlPH1732Wh,白色 品牌12 17英寸 一体机（32吉字节内存）,一体机,品牌12,17英寸,32吉字节内存,白色,16*1*1,16,AT15H,约翰,收货,上架
MoSu45ErBl,黑色 品牌11 450 鼠标（人体工学）,鼠标,品牌11,450,人体工学,黑色,16*10*1,160,BV19F,简,收货,上架
GaOGMErBl,黑色 品牌07 中号 游戏椅（人体工学）,游戏椅,品牌07,中号,人体工学,黑色,16*1*1,16,BG51B,艾米丽,收货,上架
OfXESErPi,粉色 品牌06 小号 办公椅（人体工学）,办公椅,品牌06,小号,人体工学,粉色,16*1*1,16,BN41D,大卫,收货,上架
CaWE18SlWh,白色 品牌02 1800 文件柜（滑动式）,文件柜,品牌02,1800,滑动式,白色,8*1*1,8,BK02A,约翰,收货,上架
DrTE12LoGr,灰色 品牌04 1200 抽屉柜（储物锁柜）,抽屉柜,品牌04,1200,储物锁柜,灰色,8*1*1,8,CP51A,约翰,收货,上架
PrNoA3LaWh,白色 品牌26 三号纸 打印机（激光）,打印机,品牌26,三号纸,激光,白色,16*1*1,16,BJ76H,劳拉,收货,上架
CuTE12FiGr,灰色 品牌04 1200 储物柜（文件收纳）,储物柜,品牌04,1200,文件收纳,灰色,8*1*1,8,CN44A,大卫,收货,上架
CaRG90SlBe,米色 品牌03 900 文件柜（滑动式）,文件柜,品牌03,900,滑动式,米色,8*1*1,8,AO55E,克里斯,收货,上架
KeSu35MeBl,黑色 品牌11 350 键盘（机械式）,键盘,品牌11,350,机械式,黑色,16*10*1,160,CW30G,简,收货,上架
CaRG12DoBl,黑色 品牌03 1200 文件柜（带门式）,文件柜,品牌03,1200,带门式,黑色,8*1*1,8,DG36H,艾米,收货,上架
CuRG90SlBl,黑色 品牌03 900 储物柜（滑动式）,储物柜,品牌03,900,滑动式,黑色,8*1*1,8,DM89A,劳拉,收货,上架
MoHc45WiWh,白色 品牌09 450 鼠标（有线）,鼠标,品牌09,450,有线,白色,16*10*1,160,BT67A,艾米丽,收货,上架
KeRe45BlNa,藏青色 品牌10 450 键盘（蓝牙）,键盘,品牌10,450,蓝牙,藏青色,16*10*1,160,AJ19H,约翰,收货,上架
PeNa24WaPi,粉色 品牌23 24 铅笔（水彩）,铅笔,品牌23,24,水彩,粉色,48*10*5,2400,AK07G,迈克,收货,上架
PrSoA3InWh,白色 品牌25 三号纸 打印机（喷墨）,打印机,品牌25,三号纸,喷墨,白色,16*1*1,16,DF20A,艾米,收货,上架
TVYn65SFWh,白色 品牌15 65英寸 电视机（超级全高清）,电视机,品牌15,65英寸,超级全高清,白色,8*1*1,8,CK43D,艾米,收货,上架
PrReA3AlBl,黑色 品牌24 三号纸 打印机（一体式）,打印机,品牌24,三号纸,一体式,黑色,16*1*1,16,AQ60C,迈克,收货,上架
AlYn158GGr,灰色 品牌15 15英寸 一体机（8吉字节内存）,一体机,品牌15,15英寸,8吉字节内存,灰色,16*1*1,16,CW22D,克里斯,收货,上架
AlYn14i7Wh,白色 品牌15 14英寸 一体机（第7代处理器）,一体机,品牌15,14英寸,第7代处理器,白色,16*1*1,16,DP78E,克里斯,收货,上架
LaPH1516Bl,黑色 品牌12 15英寸 笔记本电脑（16吉字节内存）,笔记本电脑,品牌12,15英寸,16吉字节内存,黑色,16*1*1,16,BI15E,克里斯,收货,上架
MoPH27ErNa,藏青色 品牌12 270 鼠标（人体工学）,鼠标,品牌12,270,人体工学,藏青色,16*10*1,160,CH20C,约翰,收货,上架
KeHc45ErPi,粉色 品牌09 450 键盘（人体工学）,键盘,品牌09,450,人体工学,粉色,16*10*1,160,DY61C,劳拉,收货,上架
AlOv1732Gr,灰色 品牌13 17英寸 一体机（32吉字节内存）,一体机,品牌13,17英寸,32吉字节内存,灰色,16*1*1,16,DS51G,大卫,收货,上架
OfAEMErPi,粉色 品牌05 中号 办公椅（人体工学）,办公椅,品牌05,中号,人体工学,粉色,16*1*1,16,AT87F,简,收货,上架
SPGi12SoGr,灰色 品牌21 12 触控笔（可溶性）,触控笔,品牌21,12,可溶性,灰色,48*10*5,2400,BV50H,艾米,收货,上架
NoScA5doBl,黑色 品牌17 五号纸 笔记本（点阵）,笔记本,品牌17,五号纸,点阵,黑色,48*10*5,2400,DW81A,迈克,收货,上架
SPAl50SoPi,粉色 品牌20 50 触控笔（可溶性）,触控笔,品牌20,50,可溶性,粉色,48*10*5,2400,AW89C,艾米丽,收货,上架
OfSEMHeBl,黑色 品牌08 中号 办公椅（头枕）,办公椅,品牌08,中号,头枕,黑色,16*1*1,16,CM96C,大卫,收货,上架
MoRe27ErBl,黑色 品牌10 270 鼠标（人体工学）,鼠标,品牌10,270,人体工学,黑色,16*10*1,160,DF20G,大卫,收货,上架
SPAl12HePi,粉色 品牌20 12 触控笔（六角形）,触控笔,品牌20,12,六角形,粉色,48*10*5,2400,BX93E,简,收货,上架
AlOv15i7Wh,白色 品牌13 15英寸 一体机（第7代处理器）,一体机,品牌13,15英寸,第7代处理器,白色,16*1*1,16,DH67A,迈克,收货,上架
PrPHA4InGr,灰色 品牌12 四号纸 打印机（喷墨）,打印机,品牌12,四号纸,喷墨,灰色,16*1*1,16,DO17E,迈克,收货,上架
AlSu15i5Gr,灰色 品牌11 15英寸 一体机（第5代处理器）,一体机,品牌11,15英寸,第5代处理器,灰色,16*1*1,16,BI07A,大卫,收货,上架
CaTE90FiBe,米色 品牌04 900 文件柜（文件收纳）,文件柜,品牌04,900,文件收纳,米色,8*1*1,8,BP21B,劳拉,收货,上架
TVEs654KWh,白色 品牌32 65英寸 电视机（超高清）,电视机,品牌32,65英寸,超高清,白色,8*1*1,8,BG06C,迈克,收货,上架
PeRe24SoPi,粉色 品牌22 24 铅笔（可溶性）,铅笔,品牌22,24,可溶性,粉色,48*10*5,2400,DN83E,约翰,收货,上架
DrRG90FiBe,米色 品牌03 900 抽屉柜（文件收纳）,抽屉柜,品牌03,900,文件收纳,米色,8*1*1,8,BO88D,大卫,收货,上架
GaOGMLeWh,白色 品牌07 中号 游戏椅（皮革）,游戏椅,品牌07,中号,皮革,白色,16*1*1,16,AV66G,莎拉,收货,上架
AlOv158GWh,白色 品牌13 15英寸 一体机（8吉字节内存）,一体机,品牌13,15英寸,8吉字节内存,白色,16*1*1,16,CL24E,迈克,收货,上架
CuQE90SlBe,米色 品牌01 900 储物柜（滑动式）,储物柜,品牌01,900,滑动式,米色,8*1*1,8,AP76E,约翰,收货,上架
NoMuA5ruWh,白色 品牌19 五号纸 笔记本（横线）,笔记本,品牌19,五号纸,横线,白色,48*10*5,2400,BI58B,迈克,收货,上架
TVGL65SFWh,白色 品牌31 65英寸 电视机（超级全高清）,电视机,品牌31,65英寸,超级全高清,白色,8*1*1,8,CQ35H,亚历克斯,收货,上架
OfOGMLePi,粉色 品牌07 中号 办公椅（皮革）,办公椅,品牌07,中号,皮革,粉色,16*1*1,16,CQ39F,亚历克斯,收货,上架
CaWE90SlBl,黑色 品牌02 900 文件柜（滑动式）,文件柜,品牌02,900,滑动式,黑色,8*1*1,8,AH78D,克里斯,收货,上架
TaCI15AdGr,灰色 品牌27 1500 桌子（可调节）,桌子,品牌27,1500,可调节,灰色,8*1*1,8,AO12F,简,收货,上架
PrSoA2LaMi,混合色 品牌25 二号纸 打印机（激光）,打印机,品牌25,二号纸,激光,混合色,16*1*1,16,DQ06E,艾米丽,收货,上架
KeSu45MeNa,藏青色 品牌11 450 键盘（机械式）,键盘,品牌11,450,机械式,藏青色,16*10*1,160,DH33H,艾米丽,收货,上架
TaTR15AdBl,黑色 品牌28 1500 桌子（可调节）,桌子,品牌28,1500,可调节,黑色,8*1*1,8,CI85D,莎拉,收货,上架
AlOv14i5Gr,灰色 品牌13 14英寸 一体机（第5代处理器）,一体机,品牌13,14英寸,第5代处理器,灰色,16*1*1,16,DK97H,劳拉,收货,上架
LaPH1732Wh,白色 品牌12 17英寸 笔记本电脑（32吉字节内存）,笔记本电脑,品牌12,17英寸,32吉字节内存,白色,16*1*1,16,AF49F,莎拉,收货,上架
LaPH14i7Si,银色 品牌12 14英寸 笔记本电脑（第7代处理器）,笔记本电脑,品牌12,14英寸,第7代处理器,银色,16*1*1,16,CQ23A,大卫,收货,上架
NoMuA3ruWh,白色 品牌19 三号纸 笔记本（横线）,笔记本,品牌19,三号纸,横线,白色,48*10*5,2400,BH97C,莎拉,收货,上架
PrReA3AlGr,灰色 品牌24 三号纸 打印机（一体式）,打印机,品牌24,三号纸,一体式,灰色,16*1*1,16,DQ69G,大卫,收货,上架
GaXESLeGr,灰色 品牌06 小号 游戏椅（皮革）,游戏椅,品牌06,小号,皮革,灰色,16*1*1,16,DN13G,艾米丽,收货,上架
CaRG12SlWh,白色 品牌03 1200 文件柜（滑动式）,文件柜,品牌03,1200,滑动式,白色,8*1*1,8,DT66D,迈克,收货,上架
KeSu45BlPi,粉色 品牌11 450 键盘（蓝牙）,键盘,品牌11,450,蓝牙,粉色,16*10*1,160,DW84C,简,收货,上架
CaRG18FiBl,黑色 品牌03 1800 文件柜（文件收纳）,文件柜,品牌03,1800,文件收纳,黑色,8*1*1,8,AR97F,约翰,收货,上架
TVYn50FHBl,黑色 品牌15 50英寸 电视机（全高清）,电视机,品牌15,50英寸,全高清,黑色,8*1*1,8,BV38H,艾米,收货,上架
DrRG90LoBe,米色 品牌03 900 抽屉柜（储物锁柜）,抽屉柜,品牌03,900,储物锁柜,米色,8*1*1,8,AU82H,艾米,收货,上架
PrReA4LaWh,白色 品牌24 四号纸 打印机（激光）,打印机,品牌24,四号纸,激光,白色,16*1*1,16,BG51G,艾米,收货,上架
TaCI15AuSi,银色 品牌27 1500 桌子（自动调节）,桌子,品牌27,1500,自动调节,银色,8*1*1,8,CW85E,克里斯,收货,上架
TVGL42S4Wh,白色 品牌31 42英寸 电视机（超级超高清）,电视机,品牌31,42英寸,超级超高清,白色,8*1*1,8,CR33A,迈克,收货,上架
SPAl50HeBl,黑色 品牌20 50 触控笔（六角形）,触控笔,品牌20,50,六角形,黑色,48*10*5,2400,AY50A,亚历克斯,收货,上架
TVYn65SFWh,白色 品牌15 65英寸 电视机（超级全高清）,电视机,品牌15,65英寸,超级全高清,白色,8*1*1,8,BP29H,迈克,收货,上架
GaOGSErBl,黑色 品牌07 小号 游戏椅（人体工学）,游戏椅,品牌07,小号,人体工学,黑色,16*1*1,16,BR24F,约翰,收货,上架
KePH35MePi,粉色 品牌12 350 键盘（机械式）,键盘,品牌12,350,机械式,粉色,16*10*1,160,AT04H,艾米丽,收货,上架
MoSu27BlWh,白色 品牌11 270 鼠标（蓝牙）,鼠标,品牌11,270,蓝牙,白色,16*10*1,160,AN92D,艾米,收货,上架
DrRG90LoGr,灰色 品牌03 900 抽屉柜（储物锁柜）,抽屉柜,品牌03,900,储物锁柜,灰色,8*1*1,8,DY44D,简,收货,上架
MoRe27MeNa,藏青色 品牌10 270 鼠标（机械式）,鼠标,品牌10,270,机械式,藏青色,16*10*1,160,BI52H,迈克,收货,上架
GaXELAdGr,灰色 品牌06 大号 游戏椅（可调节）,游戏椅,品牌06,大号,可调节,灰色,16*1*1,16,DF14B,艾米,收货,上架
NoExA5liBl,黑色 品牌16 五号纸 笔记本（线条）,笔记本,品牌16,五号纸,线条,黑色,48*10*5,2400,DQ18E,艾米丽,收货,上架
AlRe158GGr,灰色 品牌14 15英寸 一体机（8吉字节内存）,一体机,品牌14,15英寸,8吉字节内存,灰色,16*1*1,16,DX48H,艾米丽,收货,上架
OfSESHePi,粉色 品牌08 小号 办公椅（头枕）,办公椅,品牌08,小号,头枕,粉色,16*1*1,16,AP05C,克里斯,收货,上架
PeNa12WaGr,灰色 品牌23 12 铅笔（水彩）,铅笔,品牌23,12,水彩,灰色,48*10*5,2400,DG63D,简,收货,上架
CaQE12DoBe,米色 品牌01 1200 文件柜（带门式）,文件柜,品牌01,1200,带门式,米色,8*1*1,8,BJ73G,艾米丽,收货,上架
TVYn42S4Wh,白色 品牌15 42英寸 电视机（超级超高清）,电视机,品牌15,42英寸,超级超高清,白色,8*1*1,8,BS27H,大卫,收货,上架
LaPH1732Wh,白色 品牌12 17英寸 笔记本电脑（32吉字节内存）,笔记本电脑,品牌12,17英寸,32吉字节内存,白色,16*1*1,16,BU17A,莎拉,收货,上架
SPRe12SoGr,灰色 品牌22 12 触控笔（可溶性）,触控笔,品牌22,12,可溶性,灰色,48*10*5,2400,AU94D,迈克,收货,上架
TaTR18FrWh,白色 品牌29 1800 桌子（框架式）,桌子,品牌29,1800,框架式,白色,8*1*1,8,BJ37B,莎拉,收货,上架
NoScA5doSi,银色 品牌17 五号纸 笔记本（点阵）,笔记本,品牌17,五号纸,点阵,银色,48*10*5,2400,BR11B,约翰,收货,上架
TVYn504KWh,白色 品牌15 50英寸 电视机（超高清）,电视机,品牌15,50英寸,超高清,白色,8*1*1,8,BK70E,艾米丽,收货,上架
PrReA3WiGr,灰色 品牌24 三号纸 打印机（无线网络）,打印机,品牌24,三号纸,无线网络,灰色,16*1*1,16,CO98A,艾米,收货,上架
AlPH17i7Gr,灰色 品牌12 17英寸 一体机（第7代处理器）,一体机,品牌12,17英寸,第7代处理器,灰色,16*1*1,16,DQ17H,莎拉,收货,上架
AlSu1532Bl,黑色 品牌11 15英寸 一体机（32吉字节内存）,一体机,品牌11,15英寸,32吉字节内存,黑色,16*1*1,16,DR92E,亚历克斯,收货,上架
TaTR18WoSi,银色 品牌28 1800 桌子（工作站）,桌子,品牌28,1800,工作站,银色,8*1*1,8,BH80C,约翰,收货,上架
LaPH14i7Gr,灰色 品牌12 14英寸 笔记本电脑（第7代处理器）,笔记本电脑,品牌12,14英寸,第7代处理器,灰色,16*1*1,16,BO58H,约翰,收货,上架
AlYn1532Bl,黑色 品牌15 15英寸 一体机（32吉字节内存）,一体机,品牌15,15英寸,32吉字节内存,黑色,16*1*1,16,DR55F,莎拉,收货,上架
TaTR10AdBl,黑色 品牌28 1000 桌子（可调节）,桌子,品牌28,1000,可调节,黑色,8*1*1,8,DM78A,莎拉,收货,上架
LaYn1432Bl,黑色 品牌15 14英寸 笔记本电脑（32吉字节内存）,笔记本电脑,品牌15,14英寸,32吉字节内存,黑色,16*1*1,16,BP49B,亚历克斯,收货,上架
PrSoA3WiMi,混合色 品牌25 三号纸 打印机（无线网络）,打印机,品牌25,三号纸,无线网络,混合色,16*1*1,16,CK51D,迈克,收货,上架
PrSoA2InBl,黑色 品牌25 二号纸 打印机（喷墨）,打印机,品牌25,二号纸,喷墨,黑色,16*1*1,16,AF57B,大卫,收货,上架
LaSu1432Gr,灰色 品牌11 14英寸 笔记本电脑（32吉字节内存）,笔记本电脑,品牌11,14英寸,32吉字节内存,灰色,16*1*1,16,CV48D,艾米丽,收货,上架
GaOGMHeBl,黑色 品牌07 中号 游戏椅（头枕）,游戏椅,品牌07,中号,头枕,黑色,16*1*1,16,AS34C,大卫,收货,上架
CuWE90FiBl,黑色 品牌02 900 储物柜（文件收纳）,储物柜,品牌02,900,文件收纳,黑色,8*1*1,8,DP72B,莎拉,收货,上架
AlYn178GWh,白色 品牌15 17英寸 一体机（8吉字节内存）,一体机,品牌15,17英寸,8吉字节内存,白色,16*1*1,16,BK35E,艾米丽,收货,上架
AlSu1532Bl,黑色 品牌11 15英寸 一体机（32吉字节内存）,一体机,品牌11,15英寸,32吉字节内存,黑色,16*1*1,16,CF29D,迈克,收货,上架
PrNoA4WiGr,灰色 品牌26 四号纸 打印机（无线网络）,打印机,品牌26,四号纸,无线网络,灰色,16*1*1,16,DG81G,简,收货,上架
KeHc45BlBl,黑色 品牌09 450 键盘（蓝牙）,键盘,品牌09,450,蓝牙,黑色,16*10*1,160,BM12E,约翰,收货,上架
OfOGLAdWh,白色 品牌07 大号 办公椅（可调节）,办公椅,品牌07,大号,可调节,白色,16*1*1,16,CS71C,劳拉,收货,上架
SPAl50WaPi,粉色 品牌20 50 触控笔（水彩）,触控笔,品牌20,50,水彩,粉色,48*10*5,2400,CM65F,大卫,收货,上架
DrTE18DoBl,黑色 品牌04 1800 抽屉柜（带门式）,抽屉柜,品牌04,1800,带门式,黑色,8*1*1,8,DP25H,亚历克斯,收货,上架
CaRG18FiGr,灰色 品牌03 1800 文件柜（文件收纳）,文件柜,品牌03,1800,文件收纳,灰色,8*1*1,8,AK09H,艾米丽,收货,上架
OfOGLErPi,粉色 品牌07 大号 办公椅（人体工学）,办公椅,品牌07,大号,人体工学,粉色,16*1*1,16,BN75G,迈克,收货,上架
AlPH14i5Gr,灰色 品牌12 14英寸 一体机（第5代处理器）,一体机,品牌12,14英寸,第5代处理器,灰色,16*1*1,16,DZ22F,亚历克斯,收货,上架
PeNa12SoGr,灰色 品牌23 12 铅笔（可溶性）,铅笔,品牌23,12,可溶性,灰色,48*10*5,2400,AQ61H,迈克,收货,上架
MoSu45MePi,粉色 品牌11 450 鼠标（机械式）,鼠标,品牌11,450,机械式,粉色,16*10*1,160,DU29C,大卫,收货,上架
AlRe17i7Wh,白色 品牌14 17英寸 一体机（第7代处理器）,一体机,品牌14,17英寸,第7代处理器,白色,16*1*1,16,AO32F,大卫,收货,上架
CaWE90LoGr,灰色 品牌02 900 文件柜（储物锁柜）,文件柜,品牌02,900,储物锁柜,灰色,8*1*1,8,DS64F,简,收货,上架
LaPH14i5Si,银色 品牌12 14英寸 笔记本电脑（第5代处理器）,笔记本电脑,品牌12,14英寸,第5代处理器,银色,16*1*1,16,CF77D,克里斯,收货,上架
KePH35WiWh,白色 品牌12 350 键盘（有线）,键盘,品牌12,350,有线,白色,16*10*1,160,DQ94H,莎拉,收货,上架
GaXEMHePi,粉色 品牌06 中号 游戏椅（头枕）,游戏椅,品牌06,中号,头枕,粉色,16*1*1,16,AM94H,约翰,收货,上架
DrQE12FiGr,灰色 品牌01 1200 抽屉柜（文件收纳）,抽屉柜,品牌01,1200,文件收纳,灰色,8*1*1,8,AW07C,大卫,收货,上架
GaOGSLePi,粉色 品牌07 小号 游戏椅（皮革）,游戏椅,品牌07,小号,皮革,粉色,16*1*1,16,DF17D,艾米,收货,上架
DrTE12FiWh,白色 品牌04 1200 抽屉柜（文件收纳）,抽屉柜,品牌04,1200,文件收纳,白色,8*1*1,8,DO45F,劳拉,收货,上架
NoScA3doBl,黑色 品牌17 三号纸 笔记本（点阵）,笔记本,品牌17,三号纸,点阵,黑色,48*10*5,2400,BQ52A,劳拉,收货,上架
PrPHA2InMi,混合色 品牌12 二号纸 打印机（喷墨）,打印机,品牌12,二号纸,喷墨,混合色,16*1*1,16,CZ83H,艾米,收货,上架
TVGL32FHBl,黑色 品牌31 32英寸 电视机（全高清）,电视机,品牌31,32英寸,全高清,黑色,8*1*1,8,AZ43D,莎拉,收货,上架
NoExA4ruGr,灰色 品牌16 四号纸 笔记本（横线）,笔记本,品牌16,四号纸,横线,灰色,48*10*5,2400,AL18C,亚历克斯,收货,上架
CuRG18LoGr,灰色 品牌03 1800 储物柜（储物锁柜）,储物柜,品牌03,1800,储物锁柜,灰色,8*1*1,8,DR06H,劳拉,收货,上架
PrNoA2InBl,黑色 品牌26 二号纸 打印机（喷墨）,打印机,品牌26,二号纸,喷墨,黑色,16*1*1,16,BT59G,迈克,收货,上架
TaAE10AdWh,白色 品牌05 1000 桌子（可调节）,桌子,品牌05,1000,可调节,白色,8*1*1,8,CN65D,亚历克斯,收货,上架
CuRG90LoGr,灰色 品牌03 900 储物柜（储物锁柜）,储物柜,品牌03,900,储物锁柜,灰色,8*1*1,8,BF85E,大卫,收货,上架
MoPH35MeWh,白色 品牌12 350 鼠标（机械式）,鼠标,品牌12,350,机械式,白色,16*10*1,160,CW59C,简,收货,上架
NoScA5doBl,黑色 品牌17 五号纸 笔记本（点阵）,笔记本,品牌17,五号纸,点阵,黑色,48*10*5,2400,AF89A,约翰,收货,上架
LaYn15i5Si,银色 品牌15 15英寸 笔记本电脑（第5代处理器）,笔记本电脑,品牌15,15英寸,第5代处理器,银色,16*1*1,16,AN18A,简,收货,上架
PeRe24WaPi,粉色 品牌22 24 铅笔（水彩）,铅笔,品牌22,24,水彩,粉色,48*10*5,2400,AX27H,迈克,收货,上架
LaOv158GWh,白色 品牌13 15英寸 笔记本电脑（8吉字节内存）,笔记本电脑,品牌13,15英寸,8吉字节内存,白色,16*1*1,16,CN07H,大卫,收货,上架
AlPH1416Bl,黑色 品牌12 14英寸 一体机（16吉字节内存）,一体机,品牌12,14英寸,16吉字节内存,黑色,16*1*1,16,CI07G,亚历克斯,收货,上架
CuTE18LoBe,米色 品牌04 1800 储物柜（储物锁柜）,储物柜,品牌04,1800,储物锁柜,米色,8*1*1,8,DV12B,克里斯,收货,上架
DrWE12DoWh,白色 品牌02 1200 抽屉柜（带门式）,抽屉柜,品牌02,1200,带门式,白色,8*1*1,8,AT29E,约翰,收货,上架
PeNa24SoGr,灰色 品牌23 24 铅笔（可溶性）,铅笔,品牌23,24,可溶性,灰色,48*10*5,2400,BU47E,约翰,收货,上架
PrPHA3WiGr,灰色 品牌12 三号纸 打印机（无线网络）,打印机,品牌12,三号纸,无线网络,灰色,16*1*1,16,AV62C,大卫,收货,上架
LaOv1432Bl,黑色 品牌13 14英寸 笔记本电脑（32吉字节内存）,笔记本电脑,品牌13,14英寸,32吉字节内存,黑色,16*1*1,16,DP27A,约翰,收货,上架
PrPHA4AlBl,黑色 品牌12 四号纸 打印机（一体式）,打印机,品牌12,四号纸,一体式,黑色,16*1*1,16,CV45C,亚历克斯,收货,上架
AlPH158GGr,灰色 品牌12 15英寸 一体机（8吉字节内存）,一体机,品牌12,15英寸,8吉字节内存,灰色,16*1*1,16,DT53C,莎拉,收货,上架
OfAESErPi,粉色 品牌05 小号 办公椅（人体工学）,办公椅,品牌05,小号,人体工学,粉色,16*1*1,16,DJ43D,艾米,收货,上架
LaRe1416Gr,灰色 品牌14 14英寸 笔记本电脑（16吉字节内存）,笔记本电脑,品牌14,14英寸,16吉字节内存,灰色,16*1*1,16,DP75B,亚历克斯,收货,上架
SPRe12SoGr,灰色 品牌22 12 触控笔（可溶性）,触控笔,品牌22,12,可溶性,灰色,48*10*5,2400,DP20E,劳拉,收货,上架
PeRe12HeWh,白色 品牌22 12 铅笔（六角形）,铅笔,品牌22,12,六角形,白色,48*10*5,2400,DV09H,克里斯,收货,上架
AlOv178GWh,白色 品牌13 17英寸 一体机（8吉字节内存）,一体机,品牌13,17英寸,8吉字节内存,白色,16*1*1,16,CW73C,艾米丽,收货,上架
TaTR10FrSi,银色 品牌29 1000 桌子（框架式）,桌子,品牌29,1000,框架式,银色,8*1*1,8,DU51C,亚历克斯,收货,上架
LaPH1532Wh,白色 品牌12 15英寸 笔记本电脑（32吉字节内存）,笔记本电脑,品牌12,15英寸,32吉字节内存,白色,16*1*1,16,DO66H,艾米,收货,上架
LaRe17i5Gr,灰色 品牌14 17英寸 笔记本电脑（第5代处理器）,笔记本电脑,品牌14,17英寸,第5代处理器,灰色,16*1*1,16,DW27A,迈克,收货,上架
NoExA4doSi,银色 品牌16 四号纸 笔记本（点阵）,笔记本,品牌16,四号纸,点阵,银色,48*10*5,2400,CN73H,约翰,收货,上架
PeNa12HePi,粉色 品牌23 12 铅笔（六角形）,铅笔,品牌23,12,六角形,粉色,48*10*5,2400,DR86B,迈克,收货,上架
KePH45BlBl,黑色 品牌12 450 键盘（蓝牙）,键盘,品牌12,450,蓝牙,黑色,16*10*1,160,AO58B,劳拉,收货,上架
TaTR18WoSi,银色 品牌28 1800 桌子（工作站）,桌子,品牌28,1800,工作站,银色,8*1*1,8,DZ90G,艾米丽,收货,上架
TVEs50SFBl,黑色 品牌32 50英寸 电视机（超级全高清）,电视机,品牌32,50英寸,超级全高清,黑色,8*1*1,8,AL22G,大卫,收货,上架
MoPH27BlNa,藏青色 品牌12 270 鼠标（蓝牙）,鼠标,品牌12,270,蓝牙,藏青色,16*10*1,160,DN35G,莎拉,收货,上架
TaAE18AdBl,黑色 品牌05 1800 桌子（可调节）,桌子,品牌05,1800,可调节,黑色,8*1*1,8,AT35B,迈克,收货,上架
TVGn42FHWh,白色 品牌30 42英寸 电视机（全高清）,电视机,品牌30,42英寸,全高清,白色,8*1*1,8,AJ12C,克里斯,收货,上架
CaRG90FiBl,黑色 品牌03 900 文件柜（文件收纳）,文件柜,品牌03,900,文件收纳,黑色,8*1*1,8,BQ73C,艾米,收货,上架
PrNoA2MoWh,白色 品牌26 二号纸 打印机（黑白）,打印机,品牌26,二号纸,黑白,白色,16*1*1,16,BM85E,莎拉,收货,上架
PrNoA3InBl,黑色 品牌26 三号纸 打印机（喷墨）,打印机,品牌26,三号纸,喷墨,黑色,16*1*1,16,CR80A,莎拉,收货,上架
CuWE12LoBe,米色 品牌02 1200 储物柜（储物锁柜）,储物柜,品牌02,1200,储物锁柜,米色,8*1*1,8,AL07D,劳拉,收货,上架
PrNoA2AlMi,混合色 品牌26 二号纸 打印机（一体式）,打印机,品牌26,二号纸,一体式,混合色,16*1*1,16,DL01D,艾米丽,收货,上架
AlSu15i5Gr,灰色 品牌11 15英寸 一体机（第5代处理器）,一体机,品牌11,15英寸,第5代处理器,灰色,16*1*1,16,AY16F,简,收货,上架
DrWE12LoGr,灰色 品牌02 1200 抽屉柜（储物锁柜）,抽屉柜,品牌02,1200,储物锁柜,灰色,8*1*1,8,BJ43E,大卫,收货,上架
GaSELErGr,灰色 品牌08 大号 游戏椅（人体工学）,游戏椅,品牌08,大号,人体工学,灰色,16*1*1,16,BQ84E,莎拉,收货,上架
TVGn754KWh,白色 品牌30 75英寸 电视机（超高清）,电视机,品牌30,75英寸,超高清,白色,8*1*1,8,BY36F,艾米丽,收货,上架
TaCI15AuGr,灰色 品牌27 1500 桌子（自动调节）,桌子,品牌27,1500,自动调节,灰色,8*1*1,8,AK52F,莎拉,收货,上架
MoPH45MeWh,白色 品牌12 450 鼠标（机械式）,鼠标,品牌12,450,机械式,白色,16*10*1,160,CU01F,亚历克斯,收货,上架
GaOGSHeGr,灰色 品牌07 小号 游戏椅（头枕）,游戏椅,品牌07,小号,头枕,灰色,16*1*1,16,BP92D,莎拉,收货,上架
AlRe14i7Bl,黑色 品牌14 14英寸 一体机（第7代处理器）,一体机,品牌14,14英寸,第7代处理器,黑色,16*1*1,16,AV08A,莎拉,收货,上架
OfOGSLeBl,黑色 品牌07 小号 办公椅（皮革）,办公椅,品牌07,小号,皮革,黑色,16*1*1,16,AU65H,莎拉,收货,上架
MoRe27BlBl,黑色 品牌10 270 鼠标（蓝牙）,鼠标,品牌10,270,蓝牙,黑色,16*10*1,160,CO32F,莎拉,收货,上架
NoGrA3doWh,白色 品牌18 三号纸 笔记本（点阵）,笔记本,品牌18,三号纸,点阵,白色,48*10*5,2400,AG60G,大卫,收货,上架
NoScA5ruBl,黑色 品牌17 五号纸 笔记本（横线）,笔记本,品牌17,五号纸,横线,黑色,48*10*5,2400,AV37D,亚历克斯,收货,上架
TVYn75FHBl,黑色 品牌15 75英寸 电视机（全高清）,电视机,品牌15,75英寸,全高清,黑色,8*1*1,8,AM14D,莎拉,收货,上架
TVYn75FHWh,白色 品牌15 75英寸 电视机（全高清）,电视机,品牌15,75英寸,全高清,白色,8*1*1,8,BU59E,约翰,收货,上架
DrWE90FiBl,黑色 品牌02 900 抽屉柜（文件收纳）,抽屉柜,品牌02,900,文件收纳,黑色,8*1*1,8,CS46C,劳拉,收货,上架
PeRe12HeBl,黑色 品牌22 12 铅笔（六角形）,铅笔,品牌22,12,六角形,黑色,48*10*5,2400,DQ50F,劳拉,收货,上架
CaRG18SlGr,灰色 品牌03 1800 文件柜（滑动式）,文件柜,品牌03,1800,滑动式,灰色,8*1*1,8,BN27A,大卫,收货,上架
LaPH1416Wh,白色 品牌12 14英寸 笔记本电脑（16吉字节内存）,笔记本电脑,品牌12,14英寸,16吉字节内存,白色,16*1*1,16,AG32A,艾米,收货,上架
LaOv1516Si,银色 品牌13 15英寸 笔记本电脑（16吉字节内存）,笔记本电脑,品牌13,15英寸,16吉字节内存,银色,16*1*1,16,DQ80E,莎拉,收货,上架
PrSoA2MoBl,黑色 品牌25 二号纸 打印机（黑白）,打印机,品牌25,二号纸,黑白,黑色,16*1*1,16,DZ36C,劳拉,收货,上架
GaAESErPi,粉色 品牌05 小号 游戏椅（人体工学）,游戏椅,品牌05,小号,人体工学,粉色,16*1*1,16,BN73F,莎拉,收货,上架
MoRe35ErWh,白色 品牌10 350 鼠标（人体工学）,鼠标,品牌10,350,人体工学,白色,16*10*1,160,BG58H,莎拉,收货,上架
PrReA2LaWh,白色 品牌24 二号纸 打印机（激光）,打印机,品牌24,二号纸,激光,白色,16*1*1,16,BN46B,劳拉,收货,上架
TaTR15FrBl,黑色 品牌28 1500 桌子（框架式）,桌子,品牌28,1500,框架式,黑色,8*1*1,8,CO82D,迈克,收货,上架
PrReA2WiWh,白色 品牌24 二号纸 打印机（无线网络）,打印机,品牌24,二号纸,无线网络,白色,16*1*1,16,AI56A,迈克,收货,上架
KeSu35WiWh,白色 品牌11 350 键盘（有线）,键盘,品牌11,350,有线,白色,16*10*1,160,CG85F,约翰,收货,上架
SPNa24SoPi,粉色 品牌23 24 触控笔（可溶性）,触控笔,品牌23,24,可溶性,粉色,48*10*5,2400,CK64E,艾米丽,收货,上架
TaCI15WoWh,白色 品牌27 1500 桌子（工作站）,桌子,品牌27,1500,工作站,白色,8*1*1,8,CJ80E,大卫,收货,上架
TVEs65SFWh,白色 品牌32 65英寸 电视机（超级全高清）,电视机,品牌32,65英寸,超级全高清,白色,8*1*1,8,AO42C,大卫,收货,上架
AlSu14i7Wh,白色 品牌11 14英寸 一体机（第7代处理器）,一体机,品牌11,14英寸,第7代处理器,白色,16*1*1,16,AQ73G,艾米丽,收货,上架
OfSELAdPi,粉色 品牌08 大号 办公椅（可调节）,办公椅,品牌08,大号,可调节,粉色,16*1*1,16,CW42G,约翰,收货,上架
MoSu45ErWh,白色 品牌11 450 鼠标（人体工学）,鼠标,品牌11,450,人体工学,白色,16*10*1,160,BR01H,简,收货,上架
AlYn1716Wh,白色 品牌15 17英寸 一体机（16吉字节内存）,一体机,品牌15,17英寸,16吉字节内存,白色,16*1*1,16,CQ78B,克里斯,收货,上架
KeRe27WiWh,白色 品牌10 270 键盘（有线）,键盘,品牌10,270,有线,白色,16*10*1,160,BZ78H,大卫,收货,上架
LaYn17i5Wh,白色 品牌15 17英寸 笔记本电脑（第5代处理器）,笔记本电脑,品牌15,17英寸,第5代处理器,白色,16*1*1,16,DO14E,艾米,收货,上架
SPNa12SoBl,黑色 品牌23 12 触控笔（可溶性）,触控笔,品牌23,12,可溶性,黑色,48*10*5,2400,CP13G,亚历克斯,收货,上架
PeRe24HeBl,黑色 品牌22 24 铅笔（六角形）,铅笔,品牌22,24,六角形,黑色,48*10*5,2400,BY43E,艾米丽,收货,上架
AlRe14i7Gr,灰色 品牌14 14英寸 一体机（第7代处理器）,一体机,品牌14,14英寸,第7代处理器,灰色,16*1*1,16,DQ05B,克里斯,收货,上架
CuQE12DoWh,白色 品牌01 1200 储物柜（带门式）,储物柜,品牌01,1200,带门式,白色,8*1*1,8,DK85B,简,收货,上架
TVGL65FHGr,灰色 品牌31 65英寸 电视机（全高清）,电视机,品牌31,65英寸,全高清,灰色,8*1*1,8,CG80A,艾米丽,收货,上架
DrQE12SlGr,灰色 品牌01 1200 抽屉柜（滑动式）,抽屉柜,品牌01,1200,滑动式,灰色,8*1*1,8,BH25D,简,收货,上架
LaRe178GGr,灰色 品牌14 17英寸 笔记本电脑（8吉字节内存）,笔记本电脑,品牌14,17英寸,8吉字节内存,灰色,16*1*1,16,BQ35A,大卫,收货,上架
KeRe45BlWh,白色 品牌10 450 键盘（蓝牙）,键盘,品牌10,450,蓝牙,白色,16*10*1,160,AQ96F,约翰,收货,上架
AlRe1416Wh,白色 品牌14 14英寸 一体机（16吉字节内存）,一体机,品牌14,14英寸,16吉字节内存,白色,16*1*1,16,DL21E,简,收货,上架
TVEs324KSi,银色 品牌32 32英寸 电视机（超高清）,电视机,品牌32,32英寸,超高清,银色,8*1*1,8,CF57H,莎拉,收货,上架
TaTR18WoBl,黑色 品牌29 1800 桌子（工作站）,桌子,品牌29,1800,工作站,黑色,8*1*1,8,CQ75D,莎拉,收货,上架
TaAE18WoBl,黑色 品牌05 1800 桌子（工作站）,桌子,品牌05,1800,工作站,黑色,8*1*1,8,BU20A,艾米,收货,上架
TVGn65SFBl,黑色 品牌30 65英寸 电视机（超级全高清）,电视机,品牌30,65英寸,超级全高清,黑色,8*1*1,8,AP44G,简,收货,上架
TaTR15WoBl,黑色 品牌29 1500 桌子（工作站）,桌子,品牌29,1500,工作站,黑色,8*1*1,8,BT49F,约翰,收货,上架
TVGL32SFBl,黑色 品牌31 32英寸 电视机（超级全高清）,电视机,品牌31,32英寸,超级全高清,黑色,8*1*1,8,AV90H,艾米丽,收货,上架
GaOGSErWh,白色 品牌07 小号 游戏椅（人体工学）,游戏椅,品牌07,小号,人体工学,白色,16*1*1,16,AF55E,亚历克斯,收货,上架
OfAELHeWh,白色 品牌05 大号 办公椅（头枕）,办公椅,品牌05,大号,头枕,白色,16*1*1,16,BW91D,艾米,收货,上架
NoMuA3doWh,白色 品牌19 三号纸 笔记本（点阵）,笔记本,品牌19,三号纸,点阵,白色,48*10*5,2400,AP13A,亚历克斯,收货,上架
LaOv17i7Gr,灰色 品牌13 17英寸 笔记本电脑（第7代处理器）,笔记本电脑,品牌13,17英寸,第7代处理器,灰色,16*1*1,16,AV22H,大卫,收货,上架
PeAl12WaWh,白色 品牌20 12 铅笔（水彩）,铅笔,品牌20,12,水彩,白色,48*10*5,2400,BQ03H,迈克,收货,上架
MoRe35ErNa,藏青色 品牌10 350 鼠标（人体工学）,鼠标,品牌10,350,人体工学,藏青色,16*10*1,160,BP97C,简,收货,上架
LaRe14i5Wh,白色 品牌14 14英寸 笔记本电脑（第5代处理器）,笔记本电脑,品牌14,14英寸,第5代处理器,白色,16*1*1,16,CF45H,简,收货,上架
AlOv1516Si,银色 品牌13 15英寸 一体机（16吉字节内存）,一体机,品牌13,15英寸,16吉字节内存,银色,16*1*1,16,BW57F,约翰,收货,上架
TVYn42FHSi,银色 品牌15 42英寸 电视机（全高清）,电视机,品牌15,42英寸,全高清,银色,8*1*1,8,BM81C,艾米丽,收货,上架
PeNa24WaBl,黑色 品牌23 24 铅笔（水彩）,铅笔,品牌23,24,水彩,黑色,48*10*5,2400,DT51B,大卫,收货,上架
DrRG90FiBe,米色 品牌03 900 抽屉柜（文件收纳）,抽屉柜,品牌03,900,文件收纳,米色,8*1*1,8,DJ44F,劳拉,收货,上架
CaQE12FiBe,米色 品牌01 1200 文件柜（文件收纳）,文件柜,品牌01,1200,文件收纳,米色,8*1*1,8,BR85B,艾米,收货,上架
NoGrA4doGr,灰色 品牌18 四号纸 笔记本（点阵）,笔记本,品牌18,四号纸,点阵,灰色,48*10*5,2400,DK38A,简,收货,上架
OfAEMErGr,灰色 品牌05 中号 办公椅（人体工学）,办公椅,品牌05,中号,人体工学,灰色,16*1*1,16,DX87C,约翰,收货,上架
PrNoA3AlBl,黑色 品牌26 三号纸 打印机（一体式）,打印机,品牌26,三号纸,一体式,黑色,16*1*1,16,CK77E,克里斯,收货,上架
CaTE18DoGr,灰色 品牌04 1800 文件柜（带门式）,文件柜,品牌04,1800,带门式,灰色,8*1*1,8,AW02A,亚历克斯,收货,上架
PrNoA4LaMi,混合色 品牌26 四号纸 打印机（激光）,打印机,品牌26,四号纸,激光,混合色,16*1*1,16,DM22H,艾米丽,收货,上架
PeAl50WaPi,粉色 品牌20 50 铅笔（水彩）,铅笔,品牌20,50,水彩,粉色,48*10*5,2400,CY19H,迈克,收货,上架
LaRe14i7Bl,黑色 品牌14 14英寸 笔记本电脑（第7代处理器）,笔记本电脑,品牌14,14英寸,第7代处理器,黑色,16*1*1,16,BG46A,约翰,收货,上架
GaAESHePi,粉色 品牌05 小号 游戏椅（头枕）,游戏椅,品牌05,小号,头枕,粉色,16*1*1,16,DH95C,约翰,收货,上架
CaTE90DoBe,米色 品牌04 900 文件柜（带门式）,文件柜,品牌04,900,带门式,米色,8*1*1,8,BO77A,莎拉,收货,上架
PrSoA2MoBl,黑色 品牌25 二号纸 打印机（黑白）,打印机,品牌25,二号纸,黑白,黑色,16*1*1,16,BW20E,劳拉,收货,上架
LaYn1732Bl,黑色 品牌15 17英寸 笔记本电脑（32吉字节内存）,笔记本电脑,品牌15,17英寸,32吉字节内存,黑色,16*1*1,16,DU89G,艾米丽,收货,上架
GaXESAdPi,粉色 品牌06 小号 游戏椅（可调节）,游戏椅,品牌06,小号,可调节,粉色,16*1*1,16,DF75C,简,收货,上架
OfAEMErGr,灰色 品牌05 中号 办公椅（人体工学）,办公椅,品牌05,中号,人体工学,灰色,16*1*1,16,DS73F,克里斯,收货,上架
GaSELErPi,粉色 品牌08 大号 游戏椅（人体工学）,游戏椅,品牌08,大号,人体工学,粉色,16*1*1,16,AW24G,简,收货,上架
OfXELAdGr,灰色 品牌06 大号 办公椅（可调节）,办公椅,品牌06,大号,可调节,灰色,16*1*1,16,BJ15F,艾米丽,收货,上架
KeRe27ErPi,粉色 品牌10 270 键盘（人体工学）,键盘,品牌10,270,人体工学,粉色,16*10*1,160,BG08F,约翰,收货,上架
AlRe178GGr,灰色 品牌14 17英寸 一体机（8吉字节内存）,一体机,品牌14,17英寸,8吉字节内存,灰色,16*1*1,16,DJ26G,克里斯,收货,上架
LaRe1532Bl,黑色 品牌14 15英寸 笔记本电脑（32吉字节内存）,笔记本电脑,品牌14,15英寸,32吉字节内存,黑色,16*1*1,16,CM70D,艾米,收货,上架
LaPH1432Si,银色 品牌12 14英寸 笔记本电脑（32吉字节内存）,笔记本电脑,品牌12,14英寸,32吉字节内存,银色,16*1*1,16,CG66D,迈克,收货,上架
NoScA5liGr,灰色 品牌17 五号纸 笔记本（线条）,笔记本,品牌17,五号纸,线条,灰色,48*10*5,2400,DK94E,艾米丽,收货,上架
GaAEMLeWh,白色 品牌05 中号 游戏椅（皮革）,游戏椅,品牌05,中号,皮革,白色,16*1*1,16,BJ80B,艾米丽,收货,上架
DrQE90SlBe,米色 品牌01 900 抽屉柜（滑动式）,抽屉柜,品牌01,900,滑动式,米色,8*1*1,8,AX09E,大卫,收货,上架
PeGi50SoGr,灰色 品牌21 50 铅笔（可溶性）,铅笔,品牌21,50,可溶性,灰色,48*10*5,2400,BH09B,约翰,收货,上架
CuWE90DoWh,白色 品牌02 900 储物柜（带门式）,储物柜,品牌02,900,带门式,白色,8*1*1,8,AI74G,莎拉,收货,上架
CaWE18LoBe,米色 品牌02 1800 文件柜（储物锁柜）,文件柜,品牌02,1800,储物锁柜,米色,8*1*1,8,CW74D,艾米丽,收货,上架
GaSESErGr,灰色 品牌08 小号 游戏椅（人体工学）,游戏椅,品牌08,小号,人体工学,灰色,16*1*1,16,BI75G,大卫,收货,上架
OfXEMLeBl,黑色 品牌06 中号 办公椅（皮革）,办公椅,品牌06,中号,皮革,黑色,16*1*1,16,CL96D,亚历克斯,收货,上架
AlOv148GGr,灰色 品牌13 14英寸 一体机（8吉字节内存）,一体机,品牌13,14英寸,8吉字节内存,灰色,16*1*1,16,CV22H,艾米,收货,上架
AlYn158GBl,黑色 品牌15 15英寸 一体机（8吉字节内存）,一体机,品牌15,15英寸,8吉字节内存,黑色,16*1*1,16,AT09E,艾米,收货,上架
TVGn42SFWh,白色 品牌30 42英寸 电视机（超级全高清）,电视机,品牌30,42英寸,超级全高清,白色,8*1*1,8,AR96D,艾米,收货,上架
CaWE18SlWh,白色 品牌02 1800 文件柜（滑动式）,文件柜,品牌02,1800,滑动式,白色,8*1*1,8,AT02H,简,收货,上架
KeSu45ErPi,粉色 品牌11 450 键盘（人体工学）,键盘,品牌11,450,人体工学,粉色,16*10*1,160,BX64D,亚历克斯,收货,上架
CuWE90FiWh,白色 品牌02 900 储物柜（文件收纳）,储物柜,品牌02,900,文件收纳,白色,8*1*1,8,BF63D,劳拉,收货,上架
NoMuA4doBl,黑色 品牌19 四号纸 笔记本（点阵）,笔记本,品牌19,四号纸,点阵,黑色,48*10*5,2400,AJ51B,艾米丽,收货,上架
DrRG90FiWh,白色 品牌03 900 抽屉柜（文件收纳）,抽屉柜,品牌03,900,文件收纳,白色,8*1*1,8,CW15G,迈克,收货,上架
KeHc27MeBl,黑色 品牌09 270 键盘（机械式）,键盘,品牌09,270,机械式,黑色,16*10*1,160,DJ33E,劳拉,收货,上架
PrReA3WiGr,灰色 品牌24 三号纸 打印机（无线网络）,打印机,品牌24,三号纸,无线网络,灰色,16*1*1,16,AK33H,艾米,收货,上架
CuWE12FiWh,白色 品牌02 1200 储物柜（文件收纳）,储物柜,品牌02,1200,文件收纳,白色,8*1*1,8,CK60A,约翰,收货,上架
AlRe14i5Si,银色 品牌14 14英寸 一体机（第5代处理器）,一体机,品牌14,14英寸,第5代处理器,银色,16*1*1,16,CT26C,劳拉,收货,上架
LaYn15i5Bl,黑色 品牌15 15英寸 笔记本电脑（第5代处理器）,笔记本电脑,品牌15,15英寸,第5代处理器,黑色,16*1*1,16,BX77A,莎拉,收货,上架
DrWE18LoWh,白色 品牌02 1800 抽屉柜（储物锁柜）,抽屉柜,品牌02,1800,储物锁柜,白色,8*1*1,8,DH01A,劳拉,收货,上架
TVGL65S4Si,银色 品牌31 65英寸 电视机（超级超高清）,电视机,品牌31,65英寸,超级超高清,银色,8*1*1,8,BG46H,莎拉,收货,上架
AlPH1416Bl,黑色 品牌12 14英寸 一体机（16吉字节内存）,一体机,品牌12,14英寸,16吉字节内存,黑色,16*1*1,16,DJ06C,简,收货,上架
TaCI15WoGr,灰色 品牌27 1500 桌子（工作站）,桌子,品牌27,1500,工作站,灰色,8*1*1,8,CO10F,迈克,收货,上架
TVYn754KWh,白色 品牌15 75英寸 电视机（超高清）,电视机,品牌15,75英寸,超高清,白色,8*1*1,8,CM08G,约翰,收货,上架
GaAESErBl,黑色 品牌05 小号 游戏椅（人体工学）,游戏椅,品牌05,小号,人体工学,黑色,16*1*1,16,DF70A,简,收货,上架
PrSoA4WiMi,混合色 品牌25 四号纸 打印机（无线网络）,打印机,品牌25,四号纸,无线网络,混合色,16*1*1,16,BY57A,艾米丽,收货,上架
TaTR10FrSi,银色 品牌29 1000 桌子（框架式）,桌子,品牌29,1000,框架式,银色,8*1*1,8,AW10E,莎拉,收货,上架
LaRe14i5Bl,黑色 品牌14 14英寸 笔记本电脑（第5代处理器）,笔记本电脑,品牌14,14英寸,第5代处理器,黑色,16*1*1,16,AZ33G,克里斯,收货,上架
TaTR15AdSi,银色 品牌28 1500 桌子（可调节）,桌子,品牌28,1500,可调节,银色,8*1*1,8,AZ36C,约翰,收货,上架
AlOv15i7Gr,灰色 品牌13 15英寸 一体机（第7代处理器）,一体机,品牌13,15英寸,第7代处理器,灰色,16*1*1,16,CL30E,劳拉,收货,上架
NoExA3ruSi,银色 品牌16 三号纸 笔记本（横线）,笔记本,品牌16,三号纸,横线,银色,48*10*5,2400,DZ37G,迈克,收货,上架
NoMuA3liBl,黑色 品牌19 三号纸 笔记本（线条）,笔记本,品牌19,三号纸,线条,黑色,48*10*5,2400,AH65A,艾米丽,收货,上架
TaTR18AdGr,灰色 品牌29 1800 桌子（可调节）,桌子,品牌29,1800,可调节,灰色,8*1*1,8,BY90F,简,收货,上架
GaAEMLeBl,黑色 品牌05 中号 游戏椅（皮革）,游戏椅,品牌05,中号,皮革,黑色,16*1*1,16,CH26B,劳拉,收货,上架
AlOv15i5Gr,灰色 品牌13 15英寸 一体机（第5代处理器）,一体机,品牌13,15英寸,第5代处理器,灰色,16*1*1,16,AN59D,约翰,收货,上架
AlSu1516Bl,黑色 品牌11 15英寸 一体机（16吉字节内存）,一体机,品牌11,15英寸,16吉字节内存,黑色,16*1*1,16,DR25E,艾米,收货,上架
MoRe35BlNa,藏青色 品牌10 350 鼠标（蓝牙）,鼠标,品牌10,350,蓝牙,藏青色,16*10*1,160,BK93C,简,收货,上架
TaTR18AuSi,银色 品牌29 1800 桌子（自动调节）,桌子,品牌29,1800,自动调节,银色,8*1*1,8,AZ48C,约翰,收货,上架
TaTR10AdSi,银色 品牌28 1000 桌子（可调节）,桌子,品牌28,1000,可调节,银色,8*1*1,8,AT70F,大卫,收货,上架
GaAELErPi,粉色 品牌05 大号 游戏椅（人体工学）,游戏椅,品牌05,大号,人体工学,粉色,16*1*1,16,DT98A,约翰,收货,上架
TaAE15AdWh,白色 品牌05 1500 桌子（可调节）,桌子,品牌05,1500,可调节,白色,8*1*1,8,BP72E,克里斯,收货,上架
CaRG90FiBl,黑色 品牌03 900 文件柜（文件收纳）,文件柜,品牌03,900,文件收纳,黑色,8*1*1,8,CP94D,迈克,收货,上架
KePH45MeBl,黑色 品牌12 450 键盘（机械式）,键盘,品牌12,450,机械式,黑色,16*10*1,160,CU40E,迈克,收货,上架
TaCI15AuWh,白色 品牌27 1500 桌子（自动调节）,桌子,品牌27,1500,自动调节,白色,8*1*1,8,CM20G,艾米,收货,上架
CaRG12SlWh,白色 品牌03 1200 文件柜（滑动式）,文件柜,品牌03,1200,滑动式,白色,8*1*1,8,DW94B,迈克,收货,上架
OfOGMErWh,白色 品牌07 中号 办公椅（人体工学）,办公椅,品牌07,中号,人体工学,白色,16*1*1,16,CU28D,约翰,收货,上架
AlRe15i5Gr,灰色 品牌14 15英寸 一体机（第5代处理器）,一体机,品牌14,15英寸,第5代处理器,灰色,16*1*1,16,CO86H,亚历克斯,收货,上架
TaTR10AuGr,灰色 品牌29 1000 桌子（自动调节）,桌子,品牌29,1000,自动调节,灰色,8*1*1,8,CZ14B,简,收货,上架
PrReA2WiWh,白色 品牌24 二号纸 打印机（无线网络）,打印机,品牌24,二号纸,无线网络,白色,16*1*1,16,CX43B,简,收货,上架
TVYn65FHSi,银色 品牌15 65英寸 电视机（全高清）,电视机,品牌15,65英寸,全高清,银色,8*1*1,8,CO51G,莎拉,收货,上架
CaTE90LoBl,黑色 品牌04 900 文件柜（储物锁柜）,文件柜,品牌04,900,储物锁柜,黑色,8*1*1,8,DX35F,亚历克斯,收货,上架
CaWE90FiBl,黑色 品牌02 900 文件柜（文件收纳）,文件柜,品牌02,900,文件收纳,黑色,8*1*1,8,AL42A,大卫,收货,上架
AlYn14i5Bl,黑色 品牌15 14英寸 一体机（第5代处理器）,一体机,品牌15,14英寸,第5代处理器,黑色,16*1*1,16,AF51C,简,收货,上架
TVGL754KBl,黑色 品牌31 75英寸 电视机（超高清）,电视机,品牌31,75英寸,超高清,黑色,8*1*1,8,BX11H,劳拉,收货,上架
GaXESLeBl,黑色 品牌06 小号 游戏椅（皮革）,游戏椅,品牌06,小号,皮革,黑色,16*1*1,16,AT83E,克里斯,收货,上架
DrTE90SlWh,白色 品牌04 900 抽屉柜（滑动式）,抽屉柜,品牌04,900,滑动式,白色,8*1*1,8,AZ48G,约翰,收货,上架
TaAE10FrWh,白色 品牌05 1000 桌子（框架式）,桌子,品牌05,1000,框架式,白色,8*1*1,8,BZ74E,莎拉,收货,上架
DrTE18FiBl,黑色 品牌04 1800 抽屉柜（文件收纳）,抽屉柜,品牌04,1800,文件收纳,黑色,8*1*1,8,BG20F,劳拉,收货,上架
MoPH35WiPi,粉色 品牌12 350 鼠标（有线）,鼠标,品牌12,350,有线,粉色,16*10*1,160,CH61H,艾米,收货,上架
OfAEMAdPi,粉色 品牌05 中号 办公椅（可调节）,办公椅,品牌05,中号,可调节,粉色,16*1*1,16,BV42B,迈克,收货,上架
NoGrA4ruBl,黑色 品牌18 四号纸 笔记本（横线）,笔记本,品牌18,四号纸,横线,黑色,48*10*5,2400,AI24C,劳拉,收货,上架
MoSu27BlPi,粉色 品牌11 270 鼠标（蓝牙）,鼠标,品牌11,270,蓝牙,粉色,16*10*1,160,AQ23H,莎拉,收货,上架
CuWE12LoWh,白色 品牌02 1200 储物柜（储物锁柜）,储物柜,品牌02,1200,储物锁柜,白色,8*1*1,8,BJ44F,艾米丽,收货,上架
CuRG18LoWh,白色 品牌03 1800 储物柜（储物锁柜）,储物柜,品牌03,1800,储物锁柜,白色,8*1*1,8,CT96C,艾米,收货,上架
TVGL50SFBl,黑色 品牌31 50英寸 电视机（超级全高清）,电视机,品牌31,50英寸,超级全高清,黑色,8*1*1,8,AN56A,约翰,收货,上架
SPNa50WaPi,粉色 品牌23 50 触控笔（水彩）,触控笔,品牌23,50,水彩,粉色,48*10*5,2400,DS47C,克里斯,收货,上架
SPAl24SoBl,黑色 品牌20 24 触控笔（可溶性）,触控笔,品牌20,24,可溶性,黑色,48*10*5,2400,DU04G,简,收货,上架
CuRG90SlGr,灰色 品牌03 900 储物柜（滑动式）,储物柜,品牌03,900,滑动式,灰色,8*1*1,8,BL52D,艾米丽,收货,上架
LaPH17i5Gr,灰色 品牌12 17英寸 笔记本电脑（第5代处理器）,笔记本电脑,品牌12,17英寸,第5代处理器,灰色,16*1*1,16,DR29H,大卫,收货,上架
GaOGSErGr,灰色 品牌07 小号 游戏椅（人体工学）,游戏椅,品牌07,小号,人体工学,灰色,16*1*1,16,AT80F,劳拉,收货,上架
LaSu15i5Wh,白色 品牌11 15英寸 笔记本电脑（第5代处理器）,笔记本电脑,品牌11,15英寸,第5代处理器,白色,16*1*1,16,BQ07H,简,收货,上架
OfOGLHeBl,黑色 品牌07 大号 办公椅（头枕）,办公椅,品牌07,大号,头枕,黑色,16*1*1,16,CX64C,艾米丽,收货,上架
PrNoA3InWh,白色 品牌26 三号纸 打印机（喷墨）,打印机,品牌26,三号纸,喷墨,白色,16*1*1,16,CT81H,约翰,收货,上架
CuTE90LoBe,米色 品牌04 900 储物柜（储物锁柜）,储物柜,品牌04,900,储物锁柜,米色,8*1*1,8,BM01F,迈克,收货,上架
TVEs654KSi,银色 品牌32 65英寸 电视机（超高清）,电视机,品牌32,65英寸,超高清,银色,8*1*1,8,CO37E,迈克,收货,上架
PrNoA4AlBl,黑色 品牌26 四号纸 打印机（一体式）,打印机,品牌26,四号纸,一体式,黑色,16*1*1,16,BG36A,艾米丽,收货,上架
LaYn17i5Wh,白色 品牌15 17英寸 笔记本电脑（第5代处理器）,笔记本电脑,品牌15,17英寸,第5代处理器,白色,16*1*1,16,CO44H,简,收货,上架
CaRG18DoGr,灰色 品牌03 1800 文件柜（带门式）,文件柜,品牌03,1800,带门式,灰色,8*1*1,8,CW84E,亚历克斯,收货,上架
TVGn75FHWh,白色 品牌30 75英寸 电视机（全高清）,电视机,品牌30,75英寸,全高清,白色,8*1*1,8,CX34H,艾米,收货,上架
AlOv1532Bl,黑色 品牌13 15英寸 一体机（32吉字节内存）,一体机,品牌13,15英寸,32吉字节内存,黑色,16*1*1,16,BV28B,艾米,收货,上架
DrWE12SlBe,米色 品牌02 1200 抽屉柜（滑动式）,抽屉柜,品牌02,1200,滑动式,米色,8*1*1,8,CY64D,亚历克斯,收货,上架
TVYn65S4Bl,黑色 品牌15 65英寸 电视机（超级超高清）,电视机,品牌15,65英寸,超级超高清,黑色,8*1*1,8,CU53F,艾米,收货,上架
OfSEMAdWh,白色 品牌08 中号 办公椅（可调节）,办公椅,品牌08,中号,可调节,白色,16*1*1,16,CP60D,迈克,收货,上架
TVGL654KBl,黑色 品牌31 65英寸 电视机（超高清）,电视机,品牌31,65英寸,超高清,黑色,8*1*1,8,DL18H,艾米丽,收货,上架
TVGL75S4Wh,白色 品牌31 75英寸 电视机（超级超高清）,电视机,品牌31,75英寸,超级超高清,白色,8*1*1,8,CR82A,艾米丽,收货,上架
CaWE12SlGr,灰色 品牌02 1200 文件柜（滑动式）,文件柜,品牌02,1200,滑动式,灰色,8*1*1,8,DR64C,劳拉,收货,上架
GaAEMHeWh,白色 品牌05 中号 游戏椅（头枕）,游戏椅,品牌05,中号,头枕,白色,16*1*1,16,CN45A,艾米丽,收货,上架
AlPH17i5Bl,黑色 品牌12 17英寸 一体机（第5代处理器）,一体机,品牌12,17英寸,第5代处理器,黑色,16*1*1,16,AK67C,劳拉,收货,上架
KeSu27ErBl,黑色 品牌11 270 键盘（人体工学）,键盘,品牌11,270,人体工学,黑色,16*10*1,160,BX46A,莎拉,收货,上架
AlPH1732Si,银色 品牌12 17英寸 一体机（32吉字节内存）,一体机,品牌12,17英寸,32吉字节内存,银色,16*1*1,16,BY52B,莎拉,收货,上架
KeHc45WiPi,粉色 品牌09 450 键盘（有线）,键盘,品牌09,450,有线,粉色,16*10*1,160,AZ12E,艾米丽,收货,上架
CaWE18DoWh,白色 品牌02 1800 文件柜（带门式）,文件柜,品牌02,1800,带门式,白色,8*1*1,8,DK06F,艾米,收货,上架
GaOGLErWh,白色 品牌07 大号 游戏椅（人体工学）,游戏椅,品牌07,大号,人体工学,白色,16*1*1,16,BH30D,简,收货,上架
PrSoA2MoMi,混合色 品牌25 二号纸 打印机（黑白）,打印机,品牌25,二号纸,黑白,混合色,16*1*1,16,CH76G,莎拉,收货,上架
AlOv1716Bl,黑色 品牌13 17英寸 一体机（16吉字节内存）,一体机,品牌13,17英寸,16吉字节内存,黑色,16*1*1,16,BS35B,约翰,收货,上架
LaPH14i7Wh,白色 品牌12 14英寸 笔记本电脑（第7代处理器）,笔记本电脑,品牌12,14英寸,第7代处理器,白色,16*1*1,16,BW40A,迈克,收货,上架
DrTE12DoBe,米色 品牌04 1200 抽屉柜（带门式）,抽屉柜,品牌04,1200,带门式,米色,8*1*1,8,DV38F,劳拉,收货,上架
KeSu27ErBl,黑色 品牌11 270 键盘（人体工学）,键盘,品牌11,270,人体工学,黑色,16*10*1,160,BU50B,迈克,收货,上架
AlRe1516Wh,白色 品牌14 15英寸 一体机（16吉字节内存）,一体机,品牌14,15英寸,16吉字节内存,白色,16*1*1,16,DY14G,简,收货,上架
PrNoA4LaWh,白色 品牌26 四号纸 打印机（激光）,打印机,品牌26,四号纸,激光,白色,16*1*1,16,DQ38B,劳拉,收货,上架
CuQE12SlGr,灰色 品牌01 1200 储物柜（滑动式）,储物柜,品牌01,1200,滑动式,灰色,8*1*1,8,BV09F,艾米,收货,上架
CaRG18LoGr,灰色 品牌03 1800 文件柜（储物锁柜）,文件柜,品牌03,1800,储物锁柜,灰色,8*1*1,8,BK58C,艾米丽,收货,上架
TVGL42FHSi,银色 品牌31 42英寸 电视机（全高清）,电视机,品牌31,42英寸,全高清,银色,8*1*1,8,CY92C,简,收货,上架
TaTR18WoGr,灰色 品牌29 1800 桌子（工作站）,桌子,品牌29,1800,工作站,灰色,8*1*1,8,CR82E,克里斯,收货,上架
PeAl12HeWh,白色 品牌20 12 铅笔（六角形）,铅笔,品牌20,12,六角形,白色,48*10*5,2400,CN66C,劳拉,收货,上架
OfOGLLeWh,白色 品牌07 大号 办公椅（皮革）,办公椅,品牌07,大号,皮革,白色,16*1*1,16,BY52H,简,收货,上架
AlRe1416Bl,黑色 品牌14 14英寸 一体机（16吉字节内存）,一体机,品牌14,14英寸,16吉字节内存,黑色,16*1*1,16,DP14G,大卫,收货,上架
TaTR15WoBl,黑色 品牌29 1500 桌子（工作站）,桌子,品牌29,1500,工作站,黑色,8*1*1,8,AO06E,简,收货,上架
AlYn15i5Si,银色 品牌15 15英寸 一体机（第5代处理器）,一体机,品牌15,15英寸,第5代处理器,银色,16*1*1,16,BN81C,劳拉,收货,上架
MoPH27WiWh,白色 品牌12 270 鼠标（有线）,鼠标,品牌12,270,有线,白色,16*10*1,160,AJ90E,大卫,收货,上架
DrTE12DoBe,米色 品牌04 1200 抽屉柜（带门式）,抽屉柜,品牌04,1200,带门式,米色,8*1*1,8,CP98B,克里斯,收货,上架
CuWE90SlGr,灰色 品牌02 900 储物柜（滑动式）,储物柜,品牌02,900,滑动式,灰色,8*1*1,8,AY02C,艾米,收货,上架
MoPH45BlBl,黑色 品牌12 450 鼠标（蓝牙）,鼠标,品牌12,450,蓝牙,黑色,16*10*1,160,AX40B,克里斯,收货,上架
SPRe12SoPi,粉色 品牌22 12 触控笔（可溶性）,触控笔,品牌22,12,可溶性,粉色,48*10*5,2400,DI27F,大卫,收货,上架
AlSu1716Wh,白色 品牌11 17英寸 一体机（16吉字节内存）,一体机,品牌11,17英寸,16吉字节内存,白色,16*1*1,16,AS11A,简,收货,上架
CuQE18DoGr,灰色 品牌01 1800 储物柜（带门式）,储物柜,品牌01,1800,带门式,灰色,8*1*1,8,AU04E,克里斯,收货,上架
TVGL324KSi,银色 品牌31 32英寸 电视机（超高清）,电视机,品牌31,32英寸,超高清,银色,8*1*1,8,BY37B,迈克,收货,上架
AlSu15i5Bl,黑色 品牌11 15英寸 一体机（第5代处理器）,一体机,品牌11,15英寸,第5代处理器,黑色,16*1*1,16,CY78B,亚历克斯,收货,上架
AlSu1416Bl,黑色 品牌11 14英寸 一体机（16吉字节内存）,一体机,品牌11,14英寸,16吉字节内存,黑色,16*1*1,16,AG27D,简,收货,上架
AlRe15i5Wh,白色 品牌14 15英寸 一体机（第5代处理器）,一体机,品牌14,15英寸,第5代处理器,白色,16*1*1,16,AR73D,迈克,收货,上架
KeRe27BlNa,藏青色 品牌10 270 键盘（蓝牙）,键盘,品牌10,270,蓝牙,藏青色,16*10*1,160,CQ46H,约翰,收货,上架
DrQE90SlWh,白色 品牌01 900 抽屉柜（滑动式）,抽屉柜,品牌01,900,滑动式,白色,8*1*1,8,CQ44F,简,收货,上架
TaAE10FrWh,白色 品牌05 1000 桌子（框架式）,桌子,品牌05,1000,框架式,白色,8*1*1,8,BX68C,劳拉,收货,上架
AlYn17i5Si,银色 品牌15 17英寸 一体机（第5代处理器）,一体机,品牌15,17英寸,第5代处理器,银色,16*1*1,16,BS92F,克里斯,收货,上架
NoExA5liSi,银色 品牌16 五号纸 笔记本（线条）,笔记本,品牌16,五号纸,线条,银色,48*10*5,2400,BQ03E,克里斯,收货,上架
DrWE90FiBe,米色 品牌02 900 抽屉柜（文件收纳）,抽屉柜,品牌02,900,文件收纳,米色,8*1*1,8,BJ37H,劳拉,收货,上架
TVGL50SFGr,灰色 品牌31 50英寸 电视机（超级全高清）,电视机,品牌31,50英寸,超级全高清,灰色,8*1*1,8,BQ98F,简,收货,上架
PeAl12HeWh,白色 品牌20 12 铅笔（六角形）,铅笔,品牌20,12,六角形,白色,48*10*5,2400,BL86E,艾米,收货,上架
PeGi24SoBl,黑色 品牌21 24 铅笔（可溶性）,铅笔,品牌21,24,可溶性,黑色,48*10*5,2400,BX27D,简,收货,上架
CuTE90FiBl,黑色 品牌04 900 储物柜（文件收纳）,储物柜,品牌04,900,文件收纳,黑色,8*1*1,8,CR23D,莎拉,收货,上架
SPNa24HeBl,黑色 品牌23 24 触控笔（六角形）,触控笔,品牌23,24,六角形,黑色,48*10*5,2400,BM80H,艾米丽,收货,上架
PrPHA4WiMi,混合色 品牌12 四号纸 打印机（无线网络）,打印机,品牌12,四号纸,无线网络,混合色,16*1*1,16,CH67G,简,收货,上架
AlRe14i5Wh,白色 品牌14 14英寸 一体机（第5代处理器）,一体机,品牌14,14英寸,第5代处理器,白色,16*1*1,16,DR59F,约翰,收货,上架
LaRe148GWh,白色 品牌14 14英寸 笔记本电脑（8吉字节内存）,笔记本电脑,品牌14,14英寸,8吉字节内存,白色,16*1*1,16,BG05H,简,收货,上架
OfAEMLeBl,黑色 品牌05 中号 办公椅（皮革）,办公椅,品牌05,中号,皮革,黑色,16*1*1,16,BT18A,艾米,收货,上架
AlPH14i7Gr,灰色 品牌12 14英寸 一体机（第7代处理器）,一体机,品牌12,14英寸,第7代处理器,灰色,16*1*1,16,AS28E,简,收货,上架
CuTE18LoBe,米色 品牌04 1800 储物柜（储物锁柜）,储物柜,品牌04,1800,储物锁柜,米色,8*1*1,8,BM02G,艾米,收货,上架
LaYn17i5Gr,灰色 品牌15 17英寸 笔记本电脑（第5代处理器）,笔记本电脑,品牌15,17英寸,第5代处理器,灰色,16*1*1,16,DH01B,迈克,收货,上架
TVGn42SFWh,白色 品牌30 42英寸 电视机（超级全高清）,电视机,品牌30,42英寸,超级全高清,白色,8*1*1,8,BJ24A,艾米,收货,上架
TVYn424KWh,白色 品牌15 42英寸 电视机（超高清）,电视机,品牌15,42英寸,超高清,白色,8*1*1,8,BP12A,简,收货,上架
PeRe12WaGr,灰色 品牌22 12 铅笔（水彩）,铅笔,品牌22,12,水彩,灰色,48*10*5,2400,AY29D,大卫,收货,上架
OfXEMHeGr,灰色 品牌06 中号 办公椅（头枕）,办公椅,品牌06,中号,头枕,灰色,16*1*1,16,DN64F,艾米丽,收货,上架
CaWE18DoBe,米色 品牌02 1800 文件柜（带门式）,文件柜,品牌02,1800,带门式,米色,8*1*1,8,CL66G,艾米丽,收货,上架
TVEs65S4Gr,灰色 品牌32 65英寸 电视机（超级超高清）,电视机,品牌32,65英寸,超级超高清,灰色,8*1*1,8,DH18F,简,收货,上架
TVGn32FHSi,银色 品牌30 32英寸 电视机（全高清）,电视机,品牌30,32英寸,全高清,银色,8*1*1,8,AI01D,迈克,收货,上架
CaRG18SlBl,黑色 品牌03 1800 文件柜（滑动式）,文件柜,品牌03,1800,滑动式,黑色,8*1*1,8,AL47F,迈克,收货,上架
AlSu17i7Wh,白色 品牌11 17英寸 一体机（第7代处理器）,一体机,品牌11,17英寸,第7代处理器,白色,16*1*1,16,DH15H,艾米丽,收货,上架
TVEs32FHWh,白色 品牌32 32英寸 电视机（全高清）,电视机,品牌32,32英寸,全高清,白色,8*1*1,8,AQ03G,大卫,收货,上架
SPGi24SoWh,白色 品牌21 24 触控笔（可溶性）,触控笔,品牌21,24,可溶性,白色,48*10*5,2400,DN09G,亚历克斯,收货,上架
LaOv14i7Gr,灰色 品牌13 14英寸 笔记本电脑（第7代处理器）,笔记本电脑,品牌13,14英寸,第7代处理器,灰色,16*1*1,16,BS93F,艾米,收货,上架
MoPH45BlBl,黑色 品牌12 450 鼠标（蓝牙）,鼠标,品牌12,450,蓝牙,黑色,16*10*1,160,CY49D,简,收货,上架
PeGi50SoPi,粉色 品牌21 50 铅笔（可溶性）,铅笔,品牌21,50,可溶性,粉色,48*10*5,2400,AW79C,艾米,收货,上架
GaAEMAdBl,黑色 品牌05 中号 游戏椅（可调节）,游戏椅,品牌05,中号,可调节,黑色,16*1*1,16,CK75E,劳拉,收货,上架
KeHc35ErWh,白色 品牌09 350 键盘（人体工学）,键盘,品牌09,350,人体工学,白色,16*10*1,160,CU45D,劳拉,收货,上架
TVEs75FHGr,灰色 品牌32 75英寸 电视机（全高清）,电视机,品牌32,75英寸,全高清,灰色,8*1*1,8,DF36H,艾米丽,收货,上架
LaSu15i7Si,银色 品牌11 15英寸 笔记本电脑（第7代处理器）,笔记本电脑,品牌11,15英寸,第7代处理器,银色,16*1*1,16,CT59H,迈克,收货,上架
CuTE90DoBl,黑色 品牌04 900 储物柜（带门式）,储物柜,品牌04,900,带门式,黑色,8*1*1,8,DR76B,约翰,收货,上架
TVGL65FHGr,灰色 品牌31 65英寸 电视机（全高清）,电视机,品牌31,65英寸,全高清,灰色,8*1*1,8,DF75A,艾米,收货,上架
TaAE18AdGr,灰色 品牌05 1800 桌子（可调节）,桌子,品牌05,1800,可调节,灰色,8*1*1,8,AG13E,简,收货,上架
AlSu1732Si,银色 品牌11 17英寸 一体机（32吉字节内存）,一体机,品牌11,17英寸,32吉字节内存,银色,16*1*1,16,CJ54E,简,收货,上架
CaRG90LoGr,灰色 品牌03 900 文件柜（储物锁柜）,文件柜,品牌03,900,储物锁柜,灰色,8*1*1,8,AJ47E,迈克,收货,上架
LaOv14i5Wh,白色 品牌13 14英寸 笔记本电脑（第5代处理器）,笔记本电脑,品牌13,14英寸,第5代处理器,白色,16*1*1,16,DL98E,莎拉,收货,上架
CuWE90FiGr,灰色 品牌02 900 储物柜（文件收纳）,储物柜,品牌02,900,文件收纳,灰色,8*1*1,8,BV71F,劳拉,收货,上架
AlPH1432Wh,白色 品牌12 14英寸 一体机（32吉字节内存）,一体机,品牌12,14英寸,32吉字节内存,白色,16*1*1,16,DI75D,迈克,收货,上架
AlSu1532Gr,灰色 品牌11 15英寸 一体机（32吉字节内存）,一体机,品牌11,15英寸,32吉字节内存,灰色,16*1*1,16,DU84H,约翰,收货,上架
KePH35WiBl,黑色 品牌12 350 键盘（有线）,键盘,品牌12,350,有线,黑色,16*10*1,160,BQ69D,劳拉,收货,上架
TVGn424KSi,银色 品牌30 42英寸 电视机（超高清）,电视机,品牌30,42英寸,超高清,银色,8*1*1,8,BG31B,艾米丽,收货,上架
PrSoA3WiWh,白色 品牌25 三号纸 打印机（无线网络）,打印机,品牌25,三号纸,无线网络,白色,16*1*1,16,CY72E,克里斯,收货,上架
AlPH15i7Gr,灰色 品牌12 15英寸 一体机（第7代处理器）,一体机,品牌12,15英寸,第7代处理器,灰色,16*1*1,16,CQ55F,约翰,收货,上架
MoSu35WiWh,白色 品牌11 350 鼠标（有线）,鼠标,品牌11,350,有线,白色,16*10*1,160,DR11H,劳拉,收货,上架
LaOv14i7Wh,白色 品牌13 14英寸 笔记本电脑（第7代处理器）,笔记本电脑,品牌13,14英寸,第7代处理器,白色,16*1*1,16,AQ80H,亚历克斯,收货,上架
PrSoA2AlGr,灰色 品牌25 二号纸 打印机（一体式）,打印机,品牌25,二号纸,一体式,灰色,16*1*1,16,AF39G,克里斯,收货,上架
MoPH35BlPi,粉色 品牌12 350 鼠标（蓝牙）,鼠标,品牌12,350,蓝牙,粉色,16*10*1,160,BV42D,艾米丽,收货,上架
AlRe1416Si,银色 品牌14 14英寸 一体机（16吉字节内存）,一体机,品牌14,14英寸,16吉字节内存,银色,16*1*1,16,CS98E,莎拉,收货,上架
TVEs654KBl,黑色 品牌32 65英寸 电视机（超高清）,电视机,品牌32,65英寸,超高清,黑色,8*1*1,8,AT78F,莎拉,收货,上架
TVEs32SFBl,黑色 品牌32 32英寸 电视机（超级全高清）,电视机,品牌32,32英寸,超级全高清,黑色,8*1*1,8,CZ88D,简,收货,上架
PrSoA2LaBl,黑色 品牌25 二号纸 打印机（激光）,打印机,品牌25,二号纸,激光,黑色,16*1*1,16,BT36C,亚历克斯,收货,上架
PeGi24SoGr,灰色 品牌21 24 铅笔（可溶性）,铅笔,品牌21,24,可溶性,灰色,48*10*5,2400,AK53C,简,收货,上架
MoHc27WiNa,藏青色 品牌09 270 鼠标（有线）,鼠标,品牌09,270,有线,藏青色,16*10*1,160,AK14E,亚历克斯,收货,上架
PeRe50WaGr,灰色 品牌22 50 铅笔（水彩）,铅笔,品牌22,50,水彩,灰色,48*10*5,2400,DX92E,迈克,收货,上架
KeSu27ErWh,白色 品牌11 270 键盘（人体工学）,键盘,品牌11,270,人体工学,白色,16*10*1,160,AZ92E,亚历克斯,收货,上架
DrRG12SlBl,黑色 品牌03 1200 抽屉柜（滑动式）,抽屉柜,品牌03,1200,滑动式,黑色,8*1*1,8,DX72C,劳拉,收货,上架
CuWE18FiGr,灰色 品牌02 1800 储物柜（文件收纳）,储物柜,品牌02,1800,文件收纳,灰色,8*1*1,8,AY36E,迈克,收货,上架
KeRe45WiWh,白色 品牌10 450 键盘（有线）,键盘,品牌10,450,有线,白色,16*10*1,160,CQ21A,莎拉,收货,上架
MoSu27ErBl,黑色 品牌11 270 鼠标（人体工学）,鼠标,品牌11,270,人体工学,黑色,16*10*1,160,DH48E,大卫,收货,上架
KePH35WiNa,藏青色 品牌12 350 键盘（有线）,键盘,品牌12,350,有线,藏青色,16*10*1,160,BS63D,劳拉,收货,上架
KeSu27ErWh,白色 品牌11 270 键盘（人体工学）,键盘,品牌11,270,人体工学,白色,16*10*1,160,DI79F,艾米丽,收货,上架
TVGL65S4Gr,灰色 品牌31 65英寸 电视机（超级超高清）,电视机,品牌31,65英寸,超级超高清,灰色,8*1*1,8,DW67C,莎拉,收货,上架
GaOGSHeWh,白色 品牌07 小号 游戏椅（头枕）,游戏椅,品牌07,小号,头枕,白色,16*1*1,16,CN41E,莎拉,收货,上架
LaOv1732Bl,黑色 品牌13 17英寸 笔记本电脑（32吉字节内存）,笔记本电脑,品牌13,17英寸,32吉字节内存,黑色,16*1*1,16,DZ69E,莎拉,收货,上架
TaTR18AuWh,白色 品牌29 1800 桌子（自动调节）,桌子,品牌29,1800,自动调节,白色,8*1*1,8,DZ17G,简,收货,上架
KeHc27MeWh,白色 品牌09 270 键盘（机械式）,键盘,品牌09,270,机械式,白色,16*10*1,160,DQ18H,劳拉,收货,上架
LaRe158GBl,黑色 品牌14 15英寸 笔记本电脑（8吉字节内存）,笔记本电脑,品牌14,15英寸,8吉字节内存,黑色,16*1*1,16,DP22C,劳拉,收货,上架
LaYn15i7Bl,黑色 品牌15 15英寸 笔记本电脑（第7代处理器）,笔记本电脑,品牌15,15英寸,第7代处理器,黑色,16*1*1,16,AP41B,大卫,收货,上架
TVGn50S4Gr,灰色 品牌30 50英寸 电视机（超级超高清）,电视机,品牌30,50英寸,超级超高清,灰色,8*1*1,8,CN88C,克里斯,收货,上架
SPRe12HeWh,白色 品牌22 12 触控笔（六角形）,触控笔,品牌22,12,六角形,白色,48*10*5,2400,CJ19G,大卫,收货,上架
PrNoA2WiBl,黑色 品牌26 二号纸 打印机（无线网络）,打印机,品牌26,二号纸,无线网络,黑色,16*1*1,16,AW02C,亚历克斯,收货,上架
LaPH1416Wh,白色 品牌12 14英寸 笔记本电脑（16吉字节内存）,笔记本电脑,品牌12,14英寸,16吉字节内存,白色,16*1*1,16,BP94H,莎拉,收货,上架
TVGL75S4Wh,白色 品牌31 75英寸 电视机（超级超高清）,电视机,品牌31,75英寸,超级超高清,白色,8*1*1,8,CT52E,迈克,收货,上架
TVYn50FHBl,黑色 品牌15 50英寸 电视机（全高清）,电视机,品牌15,50英寸,全高清,黑色,8*1*1,8,CU51F,大卫,收货,上架
AlSu1416Bl,黑色 品牌11 14英寸 一体机（16吉字节内存）,一体机,品牌11,14英寸,16吉字节内存,黑色,16*1*1,16,BP58C,约翰,收货,上架
AlYn14i5Si,银色 品牌15 14英寸 一体机（第5代处理器）,一体机,品牌15,14英寸,第5代处理器,银色,16*1*1,16,DM60C,艾米,收货,上架
KeRe35BlBl,黑色 品牌10 350 键盘（蓝牙）,键盘,品牌10,350,蓝牙,黑色,16*10*1,160,CO07E,克里斯,收货,上架
OfSELLeBl,黑色 品牌08 大号 办公椅（皮革）,办公椅,品牌08,大号,皮革,黑色,16*1*1,16,DH98F,艾米丽,收货,上架
SPAl24HeGr,灰色 品牌20 24 触控笔（六角形）,触控笔,品牌20,24,六角形,灰色,48*10*5,2400,CQ41A,劳拉,收货,上架
TVGL42SFWh,白色 品牌31 42英寸 电视机（超级全高清）,电视机,品牌31,42英寸,超级全高清,白色,8*1*1,8,AQ43C,艾米丽,收货,上架
CaRG90FiBl,黑色 品牌03 900 文件柜（文件收纳）,文件柜,品牌03,900,文件收纳,黑色,8*1*1,8,BH31A,约翰,收货,上架
OfOGLErPi,粉色 品牌07 大号 办公椅（人体工学）,办公椅,品牌07,大号,人体工学,粉色,16*1*1,16,AW78C,克里斯,收货,上架
GaSEMHePi,粉色 品牌08 中号 游戏椅（头枕）,游戏椅,品牌08,中号,头枕,粉色,16*1*1,16,DH42E,约翰,收货,上架
OfSESHePi,粉色 品牌08 小号 办公椅（头枕）,办公椅,品牌08,小号,头枕,粉色,16*1*1,16,DO10G,迈克,收货,上架
SPRe24HeWh,白色 品牌22 24 触控笔（六角形）,触控笔,品牌22,24,六角形,白色,48*10*5,2400,CZ41A,艾米丽,收货,上架
LaYn17i5Si,银色 品牌15 17英寸 笔记本电脑（第5代处理器）,笔记本电脑,品牌15,17英寸,第5代处理器,银色,16*1*1,16,CV25H,克里斯,收货,上架
CaWE18SlGr,灰色 品牌02 1800 文件柜（滑动式）,文件柜,品牌02,1800,滑动式,灰色,8*1*1,8,AX89B,迈克,收货,上架
TVYn75SFWh,白色 品牌15 75英寸 电视机（超级全高清）,电视机,品牌15,75英寸,超级全高清,白色,8*1*1,8,BZ91E,艾米,收货,上架
SPNa24WaWh,白色 品牌23 24 触控笔（水彩）,触控笔,品牌23,24,水彩,白色,48*10*5,2400,AJ79H,劳拉,收货,上架
CaWE18LoWh,白色 品牌02 1800 文件柜（储物锁柜）,文件柜,品牌02,1800,储物锁柜,白色,8*1*1,8,AK10H,克里斯,收货,上架
OfSESLeGr,灰色 品牌08 小号 办公椅（皮革）,办公椅,品牌08,小号,皮革,灰色,16*1*1,16,DM06H,艾米丽,收货,上架
NoGrA3doSi,银色 品牌18 三号纸 笔记本（点阵）,笔记本,品牌18,三号纸,点阵,银色,48*10*5,2400,DP06A,克里斯,收货,上架
MoPH45ErPi,粉色 品牌12 450 鼠标（人体工学）,鼠标,品牌12,450,人体工学,粉色,16*10*1,160,CW98G,迈克,收货,上架
MoRe35MeWh,白色 品牌10 350 鼠标（机械式）,鼠标,品牌10,350,机械式,白色,16*10*1,160,BV01C,迈克,收货,上架
AlPH14i5Gr,灰色 品牌12 14英寸 一体机（第5代处理器）,一体机,品牌12,14英寸,第5代处理器,灰色,16*1*1,16,CX54H,亚历克斯,收货,上架
NoExA3ruWh,白色 品牌16 三号纸 笔记本（横线）,笔记本,品牌16,三号纸,横线,白色,48*10*5,2400,CW56H,克里斯,收货,上架
AlRe15i5Wh,白色 品牌14 15英寸 一体机（第5代处理器）,一体机,品牌14,15英寸,第5代处理器,白色,16*1*1,16,DG87D,莎拉,收货,上架
PrPHA2MoMi,混合色 品牌12 二号纸 打印机（黑白）,打印机,品牌12,二号纸,黑白,混合色,16*1*1,16,DS75F,迈克,收货,上架
DrTE18FiGr,灰色 品牌04 1800 抽屉柜（文件收纳）,抽屉柜,品牌04,1800,文件收纳,灰色,8*1*1,8,DR62A,迈克,收货,上架
TVGn504KGr,灰色 品牌30 50英寸 电视机（超高清）,电视机,品牌30,50英寸,超高清,灰色,8*1*1,8,AL61F,克里斯,收货,上架
DrTE90SlWh,白色 品牌04 900 抽屉柜（滑动式）,抽屉柜,品牌04,900,滑动式,白色,8*1*1,8,BW04A,迈克,收货,上架
DrQE18LoWh,白色 品牌01 1800 抽屉柜（储物锁柜）,抽屉柜,品牌01,1800,储物锁柜,白色,8*1*1,8,BI47A,劳拉,收货,上架
OfXELLeGr,灰色 品牌06 大号 办公椅（皮革）,办公椅,品牌06,大号,皮革,灰色,16*1*1,16,BQ97D,大卫,收货,上架
PeRe12WaWh,白色 品牌22 12 铅笔（水彩）,铅笔,品牌22,12,水彩,白色,48*10*5,2400,AK65D,迈克,收货,上架
CaQE12DoBl,黑色 品牌01 1200 文件柜（带门式）,文件柜,品牌01,1200,带门式,黑色,8*1*1,8,DY91B,约翰,收货,上架
PrReA2WiMi,混合色 品牌24 二号纸 打印机（无线网络）,打印机,品牌24,二号纸,无线网络,混合色,16*1*1,16,BK15H,亚历克斯,收货,上架
TaTR10AdBl,黑色 品牌29 1000 桌子（可调节）,桌子,品牌29,1000,可调节,黑色,8*1*1,8,CY50D,劳拉,收货,上架
TaCI10AuWh,白色 品牌27 1000 桌子（自动调节）,桌子,品牌27,1000,自动调节,白色,8*1*1,8,DP57A,亚历克斯,收货,上架
PrPHA3AlMi,混合色 品牌12 三号纸 打印机（一体式）,打印机,品牌12,三号纸,一体式,混合色,16*1*1,16,DU04B,艾米,收货,上架
AlOv1416Gr,灰色 品牌13 14英寸 一体机（16吉字节内存）,一体机,品牌13,14英寸,16吉字节内存,灰色,16*1*1,16,DJ58F,艾米,收货,上架
PeRe50WaWh,白色 品牌22 50 铅笔（水彩）,铅笔,品牌22,50,水彩,白色,48*10*5,2400,DF38E,大卫,收货,上架
DrTE18SlBe,米色 品牌04 1800 抽屉柜（滑动式）,抽屉柜,品牌04,1800,滑动式,米色,8*1*1,8,CX67H,克里斯,收货,上架
AlYn158GBl,黑色 品牌15 15英寸 一体机（8吉字节内存）,一体机,品牌15,15英寸,8吉字节内存,黑色,16*1*1,16,DR14B,简,收货,上架
OfOGLLeGr,灰色 品牌07 大号 办公椅（皮革）,办公椅,品牌07,大号,皮革,灰色,16*1*1,16,DN11G,克里斯,收货,上架
TVEs65FHWh,白色 品牌32 65英寸 电视机（全高清）,电视机,品牌32,65英寸,全高清,白色,8*1*1,8,DQ40A,约翰,收货,上架
TaTR18AuSi,银色 品牌29 1800 桌子（自动调节）,桌子,品牌29,1800,自动调节,银色,8*1*1,8,BM13B,劳拉,收货,上架
KeHc35MePi,粉色 品牌09 350 键盘（机械式）,键盘,品牌09,350,机械式,粉色,16*10*1,160,BT84G,艾米,收货,上架
CaWE90SlBe,米色 品牌02 900 文件柜（滑动式）,文件柜,品牌02,900,滑动式,米色,8*1*1,8,AX12D,克里斯,收货,上架
DrRG18SlGr,灰色 品牌03 1800 抽屉柜（滑动式）,抽屉柜,品牌03,1800,滑动式,灰色,8*1*1,8,BM63E,莎拉,收货,上架
KeHc45MeNa,藏青色 品牌09 450 键盘（机械式）,键盘,品牌09,450,机械式,藏青色,16*10*1,160,BK30E,迈克,收货,上架
AlOv14i7Si,银色 品牌13 14英寸 一体机（第7代处理器）,一体机,品牌13,14英寸,第7代处理器,银色,16*1*1,16,AM61G,亚历克斯,收货,上架
KeHc27WiBl,黑色 品牌09 270 键盘（有线）,键盘,品牌09,270,有线,黑色,16*10*1,160,DO93E,克里斯,收货,上架
MoHc45WiBl,黑色 品牌09 450 鼠标（有线）,鼠标,品牌09,450,有线,黑色,16*10*1,160,DF58F,约翰,收货,上架
KePH27ErPi,粉色 品牌12 270 键盘（人体工学）,键盘,品牌12,270,人体工学,粉色,16*10*1,160,AV87C,艾米,收货,上架
CuWE90FiGr,灰色 品牌02 900 储物柜（文件收纳）,储物柜,品牌02,900,文件收纳,灰色,8*1*1,8,BO46E,克里斯,收货,上架
AlOv15i7Wh,白色 品牌13 15英寸 一体机（第7代处理器）,一体机,品牌13,15英寸,第7代处理器,白色,16*1*1,16,CR87D,艾米,收货,上架
AlOv15i7Gr,灰色 品牌13 15英寸 一体机（第7代处理器）,一体机,品牌13,15英寸,第7代处理器,灰色,16*1*1,16,DL83E,亚历克斯,收货,上架
AlPH1716Gr,灰色 品牌12 17英寸 一体机（16吉字节内存）,一体机,品牌12,17英寸,16吉字节内存,灰色,16*1*1,16,DK10C,莎拉,收货,上架
CuQE12SlGr,灰色 品牌01 1200 储物柜（滑动式）,储物柜,品牌01,1200,滑动式,灰色,8*1*1,8,BT45B,简,收货,上架
LaSu1416Bl,黑色 品牌11 14英寸 笔记本电脑（16吉字节内存）,笔记本电脑,品牌11,14英寸,16吉字节内存,黑色,16*1*1,16,DV52B,艾米,收货,上架
OfAESAdGr,灰色 品牌05 小号 办公椅（可调节）,办公椅,品牌05,小号,可调节,灰色,16*1*1,16,AI10G,亚历克斯,收货,上架
AlYn14i7Si,银色 品牌15 14英寸 一体机（第7代处理器）,一体机,品牌15,14英寸,第7代处理器,银色,16*1*1,16,CF46D,克里斯,收货,上架
LaOv15i5Gr,灰色 品牌13 15英寸 笔记本电脑（第5代处理器）,笔记本电脑,品牌13,15英寸,第5代处理器,灰色,16*1*1,16,BY92A,亚历克斯,收货,上架
CaTE12LoBl,黑色 品牌04 1200 文件柜（储物锁柜）,文件柜,品牌04,1200,储物锁柜,黑色,8*1*1,8,DU73H,艾米,收货,上架
GaOGSHeBl,黑色 品牌07 小号 游戏椅（头枕）,游戏椅,品牌07,小号,头枕,黑色,16*1*1,16,DU05H,艾米丽,收货,上架
DrTE90SlBl,黑色 品牌04 900 抽屉柜（滑动式）,抽屉柜,品牌04,900,滑动式,黑色,8*1*1,8,DS73G,艾米丽,收货,上架
TaTR15WoSi,银色 品牌28 1500 桌子（工作站）,桌子,品牌28,1500,工作站,银色,8*1*1,8,BG14C,大卫,收货,上架
LaPH1532Si,银色 品牌12 15英寸 笔记本电脑（32吉字节内存）,笔记本电脑,品牌12,15英寸,32吉字节内存,银色,16*1*1,16,DQ41A,艾米丽,收货,上架
TVYn50S4Gr,灰色 品牌15 50英寸 电视机（超级超高清）,电视机,品牌15,50英寸,超级超高清,灰色,8*1*1,8,AT96A,艾米丽,收货,上架
MoHc27ErNa,藏青色 品牌09 270 鼠标（人体工学）,鼠标,品牌09,270,人体工学,藏青色,16*10*1,160,DW37F,克里斯,收货,上架
NoGrA4liGr,灰色 品牌18 四号纸 笔记本（线条）,笔记本,品牌18,四号纸,线条,灰色,48*10*5,2400,DU74H,大卫,收货,上架
LaOv15i7Gr,灰色 品牌13 15英寸 笔记本电脑（第7代处理器）,笔记本电脑,品牌13,15英寸,第7代处理器,灰色,16*1*1,16,CU73D,亚历克斯,收货,上架
OfSELAdWh,白色 品牌08 大号 办公椅（可调节）,办公椅,品牌08,大号,可调节,白色,16*1*1,16,AH30H,简,收货,上架
GaAELHeWh,白色 品牌05 大号 游戏椅（头枕）,游戏椅,品牌05,大号,头枕,白色,16*1*1,16,DW68A,大卫,收货,上架
SPGi50HeWh,白色 品牌21 50 触控笔（六角形）,触控笔,品牌21,50,六角形,白色,48*10*5,2400,BN45B,莎拉,收货,上架
TVYn654KWh,白色 品牌15 65英寸 电视机（超高清）,电视机,品牌15,65英寸,超高清,白色,8*1*1,8,BT90D,迈克,收货,上架
DrRG12DoBl,黑色 品牌03 1200 抽屉柜（带门式）,抽屉柜,品牌03,1200,带门式,黑色,8*1*1,8,CL61C,艾米丽,收货,上架
LaSu14i5Bl,黑色 品牌11 14英寸 笔记本电脑（第5代处理器）,笔记本电脑,品牌11,14英寸,第5代处理器,黑色,16*1*1,16,CL30G,莎拉,收货,上架
LaOv17i7Si,银色 品牌13 17英寸 笔记本电脑（第7代处理器）,笔记本电脑,品牌13,17英寸,第7代处理器,银色,16*1*1,16,AK43A,简,收货,上架
GaOGSAdPi,粉色 品牌07 小号 游戏椅（可调节）,游戏椅,品牌07,小号,可调节,粉色,16*1*1,16,CK43A,约翰,收货,上架
NoMuA3liGr,灰色 品牌19 三号纸 笔记本（线条）,笔记本,品牌19,三号纸,线条,灰色,48*10*5,2400,BI68F,艾米,收货,上架
NoMuA3ruBl,黑色 品牌19 三号纸 笔记本（横线）,笔记本,品牌19,三号纸,横线,黑色,48*10*5,2400,DZ17A,劳拉,收货,上架
GaOGSAdWh,白色 品牌07 小号 游戏椅（可调节）,游戏椅,品牌07,小号,可调节,白色,16*1*1,16,DN96H,亚历克斯,收货,上架
LaOv14i7Si,银色 品牌13 14英寸 笔记本电脑（第7代处理器）,笔记本电脑,品牌13,14英寸,第7代处理器,银色,16*1*1,16,AG64D,大卫,收货,上架
TaTR18AuWh,白色 品牌28 1800 桌子（自动调节）,桌子,品牌28,1800,自动调节,白色,8*1*1,8,BN70E,简,收货,上架
CuRG18SlBl,黑色 品牌03 1800 储物柜（滑动式）,储物柜,品牌03,1800,滑动式,黑色,8*1*1,8,BM89D,劳拉,收货,上架
KeSu35ErNa,藏青色 品牌11 350 键盘（人体工学）,键盘,品牌11,350,人体工学,藏青色,16*10*1,160,CR95A,大卫,收货,上架
CaQE18SlBl,黑色 品牌01 1800 文件柜（滑动式）,文件柜,品牌01,1800,滑动式,黑色,8*1*1,8,BO87D,克里斯,收货,上架
SPNa24SoPi,粉色 品牌23 24 触控笔（可溶性）,触控笔,品牌23,24,可溶性,粉色,48*10*5,2400,CY60B,约翰,收货,上架
AlOv15i5Gr,灰色 品牌13 15英寸 一体机（第5代处理器）,一体机,品牌13,15英寸,第5代处理器,灰色,16*1*1,16,BL88A,迈克,收货,上架
LaOv1432Wh,白色 品牌13 14英寸 笔记本电脑（32吉字节内存）,笔记本电脑,品牌13,14英寸,32吉字节内存,白色,16*1*1,16,CX36F,艾米,收货,上架
LaYn148GSi,银色 品牌15 14英寸 笔记本电脑（8吉字节内存）,笔记本电脑,品牌15,14英寸,8吉字节内存,银色,16*1*1,16,DQ43H,劳拉,收货,上架
OfAEMErBl,黑色 品牌05 中号 办公椅（人体工学）,办公椅,品牌05,中号,人体工学,黑色,16*1*1,16,CH52G,艾米丽,收货,上架
PrReA4MoGr,灰色 品牌24 四号纸 打印机（黑白）,打印机,品牌24,四号纸,黑白,灰色,16*1*1,16,AN77F,简,收货,上架
KePH45BlBl,黑色 品牌12 450 键盘（蓝牙）,键盘,品牌12,450,蓝牙,黑色,16*10*1,160,CM08B,劳拉,收货,上架
LaOv1716Gr,灰色 品牌13 17英寸 笔记本电脑（16吉字节内存）,笔记本电脑,品牌13,17英寸,16吉字节内存,灰色,16*1*1,16,BP44A,约翰,收货,上架
GaAELLeWh,白色 品牌05 大号 游戏椅（皮革）,游戏椅,品牌05,大号,皮革,白色,16*1*1,16,DM77A,劳拉,收货,上架
TVGL50S4Si,银色 品牌31 50英寸 电视机（超级超高清）,电视机,品牌31,50英寸,超级超高清,银色,8*1*1,8,DF30B,克里斯,收货,上架
CuWE18FiWh,白色 品牌02 1800 储物柜（文件收纳）,储物柜,品牌02,1800,文件收纳,白色,8*1*1,8,DM89E,艾米丽,收货,上架
SPGi24WaBl,黑色 品牌21 24 触控笔（水彩）,触控笔,品牌21,24,水彩,黑色,48*10*5,2400,BV88F,亚历克斯,收货,上架
DrQE12DoWh,白色 品牌01 1200 抽屉柜（带门式）,抽屉柜,品牌01,1200,带门式,白色,8*1*1,8,CZ40G,亚历克斯,收货,上架
AlRe15i5Gr,灰色 品牌14 15英寸 一体机（第5代处理器）,一体机,品牌14,15英寸,第5代处理器,灰色,16*1*1,16,DO05B,劳拉,收货,上架
PrReA4LaBl,黑色 品牌24 四号纸 打印机（激光）,打印机,品牌24,四号纸,激光,黑色,16*1*1,16,BI98A,简,收货,上架
LaOv1716Wh,白色 品牌13 17英寸 笔记本电脑（16吉字节内存）,笔记本电脑,品牌13,17英寸,16吉字节内存,白色,16*1*1,16,CO80E,艾米,收货,上架
KeRe45BlPi,粉色 品牌10 450 键盘（蓝牙）,键盘,品牌10,450,蓝牙,粉色,16*10*1,160,DQ69F,艾米,收货,上架
CuTE12DoGr,灰色 品牌04 1200 储物柜（带门式）,储物柜,品牌04,1200,带门式,灰色,8*1*1,8,BF74A,劳拉,收货,上架
GaOGSLeWh,白色 品牌07 小号 游戏椅（皮革）,游戏椅,品牌07,小号,皮革,白色,16*1*1,16,BL02H,克里斯,收货,上架
PrPHA3LaGr,灰色 品牌12 三号纸 打印机（激光）,打印机,品牌12,三号纸,激光,灰色,16*1*1,16,BZ22D,克里斯,收货,上架
TaAE15AuSi,银色 品牌05 1500 桌子（自动调节）,桌子,品牌05,1500,自动调节,银色,8*1*1,8,DT21D,克里斯,收货,上架
SPRe50HePi,粉色 品牌22 50 触控笔（六角形）,触控笔,品牌22,50,六角形,粉色,48*10*5,2400,DG22G,约翰,收货,上架
KePH27WiPi,粉色 品牌12 270 键盘（有线）,键盘,品牌12,270,有线,粉色,16*10*1,160,CX68F,莎拉,收货,上架
AlPH1432Gr,灰色 品牌12 14英寸 一体机（32吉字节内存）,一体机,品牌12,14英寸,32吉字节内存,灰色,16*1*1,16,AJ23D,莎拉,收货,上架
DrRG18DoBe,米色 品牌03 1800 抽屉柜（带门式）,抽屉柜,品牌03,1800,带门式,米色,8*1*1,8,AL08E,约翰,收货,上架
TVGL75S4Si,银色 品牌31 75英寸 电视机（超级超高清）,电视机,品牌31,75英寸,超级超高清,银色,8*1*1,8,AI10H,克里斯,收货,上架
TaTR15FrGr,灰色 品牌28 1500 桌子（框架式）,桌子,品牌28,1500,框架式,灰色,8*1*1,8,CQ93D,莎拉,收货,上架
GaSESErGr,灰色 品牌08 小号 游戏椅（人体工学）,游戏椅,品牌08,小号,人体工学,灰色,16*1*1,16,DZ04F,大卫,收货,上架
SPNa24WaGr,灰色 品牌23 24 触控笔（水彩）,触控笔,品牌23,24,水彩,灰色,48*10*5,2400,BQ84G,亚历克斯,收货,上架
KePH35MeBl,黑色 品牌12 350 键盘（机械式）,键盘,品牌12,350,机械式,黑色,16*10*1,160,AM38H,克里斯,收货,上架
KeSu35MeWh,白色 品牌11 350 键盘（机械式）,键盘,品牌11,350,机械式,白色,16*10*1,160,DU75C,艾米,收货,上架
NoMuA4ruBl,黑色 品牌19 四号纸 笔记本（横线）,笔记本,品牌19,四号纸,横线,黑色,48*10*5,2400,BN80A,艾米丽,收货,上架
LaPH17i7Bl,黑色 品牌12 17英寸 笔记本电脑（第7代处理器）,笔记本电脑,品牌12,17英寸,第7代处理器,黑色,16*1*1,16,BP97D,迈克,收货,上架
TaCI10AdGr,灰色 品牌27 1000 桌子（可调节）,桌子,品牌27,1000,可调节,灰色,8*1*1,8,DI70B,大卫,收货,上架
NoScA5doBl,黑色 品牌17 五号纸 笔记本（点阵）,笔记本,品牌17,五号纸,点阵,黑色,48*10*5,2400,CO02F,大卫,收货,上架
TVGL424KBl,黑色 品牌31 42英寸 电视机（超高清）,电视机,品牌31,42英寸,超高清,黑色,8*1*1,8,CI64H,艾米丽,收货,上架
SPRe24HeGr,灰色 品牌22 24 触控笔（六角形）,触控笔,品牌22,24,六角形,灰色,48*10*5,2400,AM55D,大卫,收货,上架
MoPH27ErWh,白色 品牌12 270 鼠标（人体工学）,鼠标,品牌12,270,人体工学,白色,16*10*1,160,DO27H,大卫,收货,上架
AlOv1732Gr,灰色 品牌13 17英寸 一体机（32吉字节内存）,一体机,品牌13,17英寸,32吉字节内存,灰色,16*1*1,16,AW64B,莎拉,收货,上架
AlRe1732Si,银色 品牌14 17英寸 一体机（32吉字节内存）,一体机,品牌14,17英寸,32吉字节内存,银色,16*1*1,16,DQ09D,劳拉,收货,上架
AlYn15i5Si,银色 品牌15 15英寸 一体机（第5代处理器）,一体机,品牌15,15英寸,第5代处理器,银色,16*1*1,16,DV74A,艾米,收货,上架
MoPH45WiBl,黑色 品牌12 450 鼠标（有线）,鼠标,品牌12,450,有线,黑色,16*10*1,160,BZ26B,劳拉,收货,上架
AlYn17i5Si,银色 品牌15 17英寸 一体机（第5代处理器）,一体机,品牌15,17英寸,第5代处理器,银色,16*1*1,16,DQ09G,劳拉,收货,上架
TaCI18FrWh,白色 品牌27 1800 桌子（框架式）,桌子,品牌27,1800,框架式,白色,8*1*1,8,DL78D,大卫,收货,上架
CaQE18LoBl,黑色 品牌01 1800 文件柜（储物锁柜）,文件柜,品牌01,1800,储物锁柜,黑色,8*1*1,8,AP78A,大卫,收货,上架
OfAESLeGr,灰色 品牌05 小号 办公椅（皮革）,办公椅,品牌05,小号,皮革,灰色,16*1*1,16,BV40C,克里斯,收货,上架
NoScA3ruGr,灰色 品牌17 三号纸 笔记本（横线）,笔记本,品牌17,三号纸,横线,灰色,48*10*5,2400,DL41H,迈克,收货,上架
CaQE12SlWh,白色 品牌01 1200 文件柜（滑动式）,文件柜,品牌01,1200,滑动式,白色,8*1*1,8,AU04F,莎拉,收货,上架
NoScA5doGr,灰色 品牌17 五号纸 笔记本（点阵）,笔记本,品牌17,五号纸,点阵,灰色,48*10*5,2400,BN68A,简,收货,上架
CuRG90SlGr,灰色 品牌03 900 储物柜（滑动式）,储物柜,品牌03,900,滑动式,灰色,8*1*1,8,CZ69C,简,收货,上架
OfAEMLeBl,黑色 品牌05 中号 办公椅（皮革）,办公椅,品牌05,中号,皮革,黑色,16*1*1,16,CK79C,艾米丽,收货,上架
TVEs75S4Si,银色 品牌32 75英寸 电视机（超级超高清）,电视机,品牌32,75英寸,超级超高清,银色,8*1*1,8,DO31C,劳拉,收货,上架
CuWE18SlGr,灰色 品牌02 1800 储物柜（滑动式）,储物柜,品牌02,1800,滑动式,灰色,8*1*1,8,CF41G,迈克,收货,上架
PrReA2AlGr,灰色 品牌24 二号纸 打印机（一体式）,打印机,品牌24,二号纸,一体式,灰色,16*1*1,16,DZ93A,克里斯,收货,上架
AlPH1716Gr,灰色 品牌12 17英寸 一体机（16吉字节内存）,一体机,品牌12,17英寸,16吉字节内存,灰色,16*1*1,16,AQ81H,艾米,收货,上架
PrPHA2InMi,混合色 品牌12 二号纸 打印机（喷墨）,打印机,品牌12,二号纸,喷墨,混合色,16*1*1,16,BS29C,简,收货,上架
TVEs754KBl,黑色 品牌32 75英寸 电视机（超高清）,电视机,品牌32,75英寸,超高清,黑色,8*1*1,8,DO60A,亚历克斯,收货,上架
DrQE12DoGr,灰色 品牌01 1200 抽屉柜（带门式）,抽屉柜,品牌01,1200,带门式,灰色,8*1*1,8,AO50G,迈克,收货,上架
DrWE12LoBe,米色 品牌02 1200 抽屉柜（储物锁柜）,抽屉柜,品牌02,1200,储物锁柜,米色,8*1*1,8,DV79D,艾米,收货,上架
MoHc35MePi,粉色 品牌09 350 鼠标（机械式）,鼠标,品牌09,350,机械式,粉色,16*10*1,160,DI33B,约翰,收货,上架
PeRe24WaGr,灰色 品牌22 24 铅笔（水彩）,铅笔,品牌22,24,水彩,灰色,48*10*5,2400,DG45A,约翰,收货,上架
MoHc27WiWh,白色 品牌09 270 鼠标（有线）,鼠标,品牌09,270,有线,白色,16*10*1,160,AG98F,克里斯,收货,上架
NoExA5liBl,黑色 品牌16 五号纸 笔记本（线条）,笔记本,品牌16,五号纸,线条,黑色,48*10*5,2400,AH08A,简,收货,上架
LaYn17i5Wh,白色 品牌15 17英寸 笔记本电脑（第5代处理器）,笔记本电脑,品牌15,17英寸,第5代处理器,白色,16*1*1,16,DT87B,迈克,收货,上架
PeRe24HeGr,灰色 品牌22 24 铅笔（六角形）,铅笔,品牌22,24,六角形,灰色,48*10*5,2400,AZ53B,克里斯,收货,上架
PeNa50SoWh,白色 品牌23 50 铅笔（可溶性）,铅笔,品牌23,50,可溶性,白色,48*10*5,2400,DR87B,克里斯,收货,上架
AlPH17i5Bl,黑色 品牌12 17英寸 一体机（第5代处理器）,一体机,品牌12,17英寸,第5代处理器,黑色,16*1*1,16,BG21E,大卫,收货,上架
DrRG18SlBe,米色 品牌03 1800 抽屉柜（滑动式）,抽屉柜,品牌03,1800,滑动式,米色,8*1*1,8,CV46C,莎拉,收货,上架
CaRG90DoBl,黑色 品牌03 900 文件柜（带门式）,文件柜,品牌03,900,带门式,黑色,8*1*1,8,AG33H,简,收货,上架
PrPHA2WiGr,灰色 品牌12 二号纸 打印机（无线网络）,打印机,品牌12,二号纸,无线网络,灰色,16*1*1,16,CF28E,艾米,收货,上架
OfSELErGr,灰色 品牌08 大号 办公椅（人体工学）,办公椅,品牌08,大号,人体工学,灰色,16*1*1,16,DW21E,莎拉,收货,上架
TVYn42FHBl,黑色 品牌15 42英寸 电视机（全高清）,电视机,品牌15,42英寸,全高清,黑色,8*1*1,8,DM01H,莎拉,收货,上架
NoMuA3liGr,灰色 品牌19 三号纸 笔记本（线条）,笔记本,品牌19,三号纸,线条,灰色,48*10*5,2400,AF41C,简,收货,上架
GaXELHePi,粉色 品牌06 大号 游戏椅（头枕）,游戏椅,品牌06,大号,头枕,粉色,16*1*1,16,BP28A,约翰,收货,上架
DrWE12DoGr,灰色 品牌02 1200 抽屉柜（带门式）,抽屉柜,品牌02,1200,带门式,灰色,8*1*1,8,AR72B,艾米,收货,上架
DrTE12FiBe,米色 品牌04 1200 抽屉柜（文件收纳）,抽屉柜,品牌04,1200,文件收纳,米色,8*1*1,8,CK22D,迈克,收货,上架
PeNa12SoGr,灰色 品牌23 12 铅笔（可溶性）,铅笔,品牌23,12,可溶性,灰色,48*10*5,2400,CV38E,克里斯,收货,上架
DrTE90DoWh,白色 品牌04 900 抽屉柜（带门式）,抽屉柜,品牌04,900,带门式,白色,8*1*1,8,CS40B,约翰,收货,上架
MoSu45MeNa,藏青色 品牌11 450 鼠标（机械式）,鼠标,品牌11,450,机械式,藏青色,16*10*1,160,CU50E,简,收货,上架
AlRe14i5Bl,黑色 品牌14 14英寸 一体机（第5代处理器）,一体机,品牌14,14英寸,第5代处理器,黑色,16*1*1,16,CL55E,简,收货,上架
TaTR18FrWh,白色 品牌28 1800 桌子（框架式）,桌子,品牌28,1800,框架式,白色,8*1*1,8,AV66A,劳拉,收货,上架
DrRG18FiGr,灰色 品牌03 1800 抽屉柜（文件收纳）,抽屉柜,品牌03,1800,文件收纳,灰色,8*1*1,8,AS81D,简,收货,上架
LaOv1516Bl,黑色 品牌13 15英寸 笔记本电脑（16吉字节内存）,笔记本电脑,品牌13,15英寸,16吉字节内存,黑色,16*1*1,16,CT46C,亚历克斯,收货,上架
SPNa12WaPi,粉色 品牌23 12 触控笔（水彩）,触控笔,品牌23,12,水彩,粉色,48*10*5,2400,AV62D,约翰,收货,上架
MoRe35ErBl,黑色 品牌10 350 鼠标（人体工学）,鼠标,品牌10,350,人体工学,黑色,16*10*1,160,BN22D,简,收货,上架
TVGn654KWh,白色 品牌30 65英寸 电视机（超高清）,电视机,品牌30,65英寸,超高清,白色,8*1*1,8,DI13B,劳拉,收货,上架
MoPH35WiBl,黑色 品牌12 350 鼠标（有线）,鼠标,品牌12,350,有线,黑色,16*10*1,160,CP33D,亚历克斯,收货,上架
PeGi24HeWh,白色 品牌21 24 铅笔（六角形）,铅笔,品牌21,24,六角形,白色,48*10*5,2400,BY13G,劳拉,收货,上架
TVEs42S4Bl,黑色 品牌32 42英寸 电视机（超级超高清）,电视机,品牌32,42英寸,超级超高清,黑色,8*1*1,8,DV60G,简,收货,上架
TVGn32S4Wh,白色 品牌30 32英寸 电视机（超级超高清）,电视机,品牌30,32英寸,超级超高清,白色,8*1*1,8,DL23F,劳拉,收货,上架
MoRe35BlPi,粉色 品牌10 350 鼠标（蓝牙）,鼠标,品牌10,350,蓝牙,粉色,16*10*1,160,AF94G,劳拉,收货,上架
CaWE18LoWh,白色 品牌02 1800 文件柜（储物锁柜）,文件柜,品牌02,1800,储物锁柜,白色,8*1*1,8,DQ66C,艾米丽,收货,上架
AlSu15i5Wh,白色 品牌11 15英寸 一体机（第5代处理器）,一体机,品牌11,15英寸,第5代处理器,白色,16*1*1,16,AM33F,克里斯,收货,上架
LaOv15i7Bl,黑色 品牌13 15英寸 笔记本电脑（第7代处理器）,笔记本电脑,品牌13,15英寸,第7代处理器,黑色,16*1*1,16,DV07D,大卫,收货,上架
LaSu1716Gr,灰色 品牌11 17英寸 笔记本电脑（16吉字节内存）,笔记本电脑,品牌11,17英寸,16吉字节内存,灰色,16*1*1,16,CO81E,莎拉,收货,上架
NoMuA4liSi,银色 品牌19 四号纸 笔记本（线条）,笔记本,品牌19,四号纸,线条,银色,48*10*5,2400,DZ65B,迈克,收货,上架
MoHc35WiWh,白色 品牌09 350 鼠标（有线）,鼠标,品牌09,350,有线,白色,16*10*1,160,BY98H,简,收货,上架
AlYn14i7Bl,黑色 品牌15 14英寸 一体机（第7代处理器）,一体机,品牌15,14英寸,第7代处理器,黑色,16*1*1,16,CX14D,劳拉,收货,上架
LaOv1732Si,银色 品牌13 17英寸 笔记本电脑（32吉字节内存）,笔记本电脑,品牌13,17英寸,32吉字节内存,银色,16*1*1,16,BF75A,迈克,收货,上架
MoPH45WiPi,粉色 品牌12 450 鼠标（有线）,鼠标,品牌12,450,有线,粉色,16*10*1,160,DK43H,克里斯,收货,上架
LaOv1432Si,银色 品牌13 14英寸 笔记本电脑（32吉字节内存）,笔记本电脑,品牌13,14英寸,32吉字节内存,银色,16*1*1,16,AT19B,约翰,收货,上架
GaAESLePi,粉色 品牌05 小号 游戏椅（皮革）,游戏椅,品牌05,小号,皮革,粉色,16*1*1,16,AO92G,克里斯,收货,上架
PrReA4InBl,黑色 品牌24 四号纸 打印机（喷墨）,打印机,品牌24,四号纸,喷墨,黑色,16*1*1,16,AR01A,艾米丽,收货,上架
CuQE90FiBl,黑色 品牌01 900 储物柜（文件收纳）,储物柜,品牌01,900,文件收纳,黑色,8*1*1,8,CW85H,劳拉,收货,上架
LaSu1516Si,银色 品牌11 15英寸 笔记本电脑（16吉字节内存）,笔记本电脑,品牌11,15英寸,16吉字节内存,银色,16*1*1,16,AP25C,艾米,收货,上架
SPGi24HePi,粉色 品牌21 24 触控笔（六角形）,触控笔,品牌21,24,六角形,粉色,48*10*5,2400,DU83D,简,收货,上架
GaOGMAdGr,灰色 品牌07 中号 游戏椅（可调节）,游戏椅,品牌07,中号,可调节,灰色,16*1*1,16,DK71H,劳拉,收货,上架
AlYn14i5Si,银色 品牌15 14英寸 一体机（第5代处理器）,一体机,品牌15,14英寸,第5代处理器,银色,16*1*1,16,BF34F,约翰,收货,上架
LaRe158GBl,黑色 品牌14 15英寸 笔记本电脑（8吉字节内存）,笔记本电脑,品牌14,15英寸,8吉字节内存,黑色,16*1*1,16,CO51E,迈克,收货,上架
OfOGLLeBl,黑色 品牌07 大号 办公椅（皮革）,办公椅,品牌07,大号,皮革,黑色,16*1*1,16,CY69D,艾米丽,收货,上架
TVEs65FHWh,白色 品牌32 65英寸 电视机（全高清）,电视机,品牌32,65英寸,全高清,白色,8*1*1,8,CQ58E,简,收货,上架
LaYn178GSi,银色 品牌15 17英寸 笔记本电脑（8吉字节内存）,笔记本电脑,品牌15,17英寸,8吉字节内存,银色,16*1*1,16,CQ32G,克里斯,收货,上架
MoSu27ErWh,白色 品牌11 270 鼠标（人体工学）,鼠标,品牌11,270,人体工学,白色,16*10*1,160,BI19B,克里斯,收货,上架
SPRe24HeWh,白色 品牌22 24 触控笔（六角形）,触控笔,品牌22,24,六角形,白色,48*10*5,2400,DM21H,亚历克斯,收货,上架
OfSEMErBl,黑色 品牌08 中号 办公椅（人体工学）,办公椅,品牌08,中号,人体工学,黑色,16*1*1,16,AT66E,莎拉,收货,上架
SPGi12WaPi,粉色 品牌21 12 触控笔（水彩）,触控笔,品牌21,12,水彩,粉色,48*10*5,2400,CH60F,劳拉,收货,上架
DrTE12SlBe,米色 品牌04 1200 抽屉柜（滑动式）,抽屉柜,品牌04,1200,滑动式,米色,8*1*1,8,AM32F,艾米,收货,上架
PeRe24SoGr,灰色 品牌22 24 铅笔（可溶性）,铅笔,品牌22,24,可溶性,灰色,48*10*5,2400,DG57E,简,收货,上架
GaAESErGr,灰色 品牌05 小号 游戏椅（人体工学）,游戏椅,品牌05,小号,人体工学,灰色,16*1*1,16,AN16B,莎拉,收货,上架
LaPH14i7Si,银色 品牌12 14英寸 笔记本电脑（第7代处理器）,笔记本电脑,品牌12,14英寸,第7代处理器,银色,16*1*1,16,CY57G,大卫,收货,上架
GaAELErPi,粉色 品牌05 大号 游戏椅（人体工学）,游戏椅,品牌05,大号,人体工学,粉色,16*1*1,16,DT96C,迈克,收货,上架
OfXESLeGr,灰色 品牌06 小号 办公椅（皮革）,办公椅,品牌06,小号,皮革,灰色,16*1*1,16,AT64H,迈克,收货,上架
CaRG90DoGr,灰色 品牌03 900 文件柜（带门式）,文件柜,品牌03,900,带门式,灰色,8*1*1,8,CJ14C,克里斯,收货,上架
CuTE90FiWh,白色 品牌04 900 储物柜（文件收纳）,储物柜,品牌04,900,文件收纳,白色,8*1*1,8,BH28A,艾米,收货,上架
PrSoA3AlGr,灰色 品牌25 三号纸 打印机（一体式）,打印机,品牌25,三号纸,一体式,灰色,16*1*1,16,BN41F,约翰,收货,上架
CuRG12FiBe,米色 品牌03 1200 储物柜（文件收纳）,储物柜,品牌03,1200,文件收纳,米色,8*1*1,8,DQ80D,亚历克斯,收货,上架
TaCI15AdWh,白色 品牌27 1500 桌子（可调节）,桌子,品牌27,1500,可调节,白色,8*1*1,8,BG66D,简,收货,上架
CaRG90LoBl,黑色 品牌03 900 文件柜（储物锁柜）,文件柜,品牌03,900,储物锁柜,黑色,8*1*1,8,BT03F,简,收货,上架
AlPH1532Bl,黑色 品牌12 15英寸 一体机（32吉字节内存）,一体机,品牌12,15英寸,32吉字节内存,黑色,16*1*1,16,BK84G,简,收货,上架
TaAE10AuBl,黑色 品牌05 1000 桌子（自动调节）,桌子,品牌05,1000,自动调节,黑色,8*1*1,8,DW38E,克里斯,收货,上架
PrPHA2AlBl,黑色 品牌12 二号纸 打印机（一体式）,打印机,品牌12,二号纸,一体式,黑色,16*1*1,16,BS55E,艾米,收货,上架
OfAEMErBl,黑色 品牌05 中号 办公椅（人体工学）,办公椅,品牌05,中号,人体工学,黑色,16*1*1,16,CL17A,简,收货,上架
TVGL75S4Wh,白色 品牌31 75英寸 电视机（超级超高清）,电视机,品牌31,75英寸,超级超高清,白色,8*1*1,8,CI37G,艾米,收货,上架
LaPH15i5Si,银色 品牌12 15英寸 笔记本电脑（第5代处理器）,笔记本电脑,品牌12,15英寸,第5代处理器,银色,16*1*1,16,CT89D,克里斯,收货,上架
TVEs65SFWh,白色 品牌32 65英寸 电视机（超级全高清）,电视机,品牌32,65英寸,超级全高清,白色,8*1*1,8,BQ21F,大卫,收货,上架
PrPHA2MoMi,混合色 品牌12 二号纸 打印机（黑白）,打印机,品牌12,二号纸,黑白,混合色,16*1*1,16,BH47F,简,收货,上架
PrNoA4InBl,黑色 品牌26 四号纸 打印机（喷墨）,打印机,品牌26,四号纸,喷墨,黑色,16*1*1,16,DX52C,克里斯,收货,上架
CaQE90SlWh,白色 品牌01 900 文件柜（滑动式）,文件柜,品牌01,900,滑动式,白色,8*1*1,8,DI28F,艾米丽,收货,上架
KeHc45BlBl,黑色 品牌09 450 键盘（蓝牙）,键盘,品牌09,450,蓝牙,黑色,16*10*1,160,DY93H,约翰,收货,上架
AlPH17i7Wh,白色 品牌12 17英寸 一体机（第7代处理器）,一体机,品牌12,17英寸,第7代处理器,白色,16*1*1,16,CF08F,艾米丽,收货,上架
TVGL65FHGr,灰色 品牌31 65英寸 电视机（全高清）,电视机,品牌31,65英寸,全高清,灰色,8*1*1,8,BR13D,艾米,收货,上架
SPRe24WaWh,白色 品牌22 24 触控笔（水彩）,触控笔,品牌22,24,水彩,白色,48*10*5,2400,AI08C,简,收货,上架
OfAELLeBl,黑色 品牌05 大号 办公椅（皮革）,办公椅,品牌05,大号,皮革,黑色,16*1*1,16,AP28D,简,收货,上架
MoRe27BlNa,藏青色 品牌10 270 鼠标（蓝牙）,鼠标,品牌10,270,蓝牙,藏青色,16*10*1,160,BH59D,劳拉,收货,上架
NoGrA5doGr,灰色 品牌18 五号纸 笔记本（点阵）,笔记本,品牌18,五号纸,点阵,灰色,48*10*5,2400,AW30E,克里斯,收货,上架
TVGL32S4Si,银色 品牌31 32英寸 电视机（超级超高清）,电视机,品牌31,32英寸,超级超高清,银色,8*1*1,8,DO34E,劳拉,收货,上架
DrQE12FiWh,白色 品牌01 1200 抽屉柜（文件收纳）,抽屉柜,品牌01,1200,文件收纳,白色,8*1*1,8,AI28D,艾米丽,收货,上架
CuTE18SlBe,米色 品牌04 1800 储物柜（滑动式）,储物柜,品牌04,1800,滑动式,米色,8*1*1,8,CX26C,亚历克斯,收货,上架
DrTE18SlGr,灰色 品牌04 1800 抽屉柜（滑动式）,抽屉柜,品牌04,1800,滑动式,灰色,8*1*1,8,CO58B,艾米丽,收货,上架
SPNa50HeWh,白色 品牌23 50 触控笔（六角形）,触控笔,品牌23,50,六角形,白色,48*10*5,2400,DV78G,克里斯,收货,上架
GaSEMAdPi,粉色 品牌08 中号 游戏椅（可调节）,游戏椅,品牌08,中号,可调节,粉色,16*1*1,16,DG47A,劳拉,收货,上架
TVGn754KWh,白色 品牌30 75英寸 电视机（超高清）,电视机,品牌30,75英寸,超高清,白色,8*1*1,8,AK55E,莎拉,收货,上架
DrTE90SlBe,米色 品牌04 900 抽屉柜（滑动式）,抽屉柜,品牌04,900,滑动式,米色,8*1*1,8,AS23H,迈克,收货,上架
TaAE10AuBl,黑色 品牌05 1000 桌子（自动调节）,桌子,品牌05,1000,自动调节,黑色,8*1*1,8,DQ41B,大卫,收货,上架
SPRe12WaBl,黑色 品牌22 12 触控笔（水彩）,触控笔,品牌22,12,水彩,黑色,48*10*5,2400,BU54A,亚历克斯,收货,上架
PeRe24SoGr,灰色 品牌22 24 铅笔（可溶性）,铅笔,品牌22,24,可溶性,灰色,48*10*5,2400,BM07F,迈克,收货,上架
TVYn32S4Wh,白色 品牌15 32英寸 电视机（超级超高清）,电视机,品牌15,32英寸,超级超高清,白色,8*1*1,8,CO16F,约翰,收货,上架
TaTR10WoGr,灰色 品牌28 1000 桌子（工作站）,桌子,品牌28,1000,工作站,灰色,8*1*1,8,AK08A,劳拉,收货,上架
TVEs65SFWh,白色 品牌32 65英寸 电视机（超级全高清）,电视机,品牌32,65英寸,超级全高清,白色,8*1*1,8,BY54F,约翰,收货,上架
NoScA3doWh,白色 品牌17 三号纸 笔记本（点阵）,笔记本,品牌17,三号纸,点阵,白色,48*10*5,2400,CL66C,劳拉,收货,上架
LaSu1516Bl,黑色 品牌11 15英寸 笔记本电脑（16吉字节内存）,笔记本电脑,品牌11,15英寸,16吉字节内存,黑色,16*1*1,16,BL03A,莎拉,收货,上架
TaAE10FrGr,灰色 品牌05 1000 桌子（框架式）,桌子,品牌05,1000,框架式,灰色,8*1*1,8,AF70H,迈克,收货,上架
OfOGMLeBl,黑色 品牌07 中号 办公椅（皮革）,办公椅,品牌07,中号,皮革,黑色,16*1*1,16,CO93F,劳拉,收货,上架
GaSESAdPi,粉色 品牌08 小号 游戏椅（可调节）,游戏椅,品牌08,小号,可调节,粉色,16*1*1,16,BK53C,约翰,收货,上架
PrNoA4InMi,混合色 品牌26 四号纸 打印机（喷墨）,打印机,品牌26,四号纸,喷墨,混合色,16*1*1,16,AU31E,亚历克斯,收货,上架
TVYn32SFWh,白色 品牌15 32英寸 电视机（超级全高清）,电视机,品牌15,32英寸,超级全高清,白色,8*1*1,8,CN41B,劳拉,收货,上架
GaAELLeGr,灰色 品牌05 大号 游戏椅（皮革）,游戏椅,品牌05,大号,皮革,灰色,16*1*1,16,CW16G,约翰,收货,上架
PeNa12WaPi,粉色 品牌23 12 铅笔（水彩）,铅笔,品牌23,12,水彩,粉色,48*10*5,2400,CQ75B,迈克,收货,上架
GaXELLeWh,白色 品牌06 大号 游戏椅（皮革）,游戏椅,品牌06,大号,皮革,白色,16*1*1,16,DH55G,迈克,收货,上架
CaWE90DoBe,米色 品牌02 900 文件柜（带门式）,文件柜,品牌02,900,带门式,米色,8*1*1,8,CZ60C,迈克,收货,上架
GaXELAdWh,白色 品牌06 大号 游戏椅（可调节）,游戏椅,品牌06,大号,可调节,白色,16*1*1,16,BS07D,莎拉,收货,上架
TaTR18AdWh,白色 品牌29 1800 桌子（可调节）,桌子,品牌29,1800,可调节,白色,8*1*1,8,DX43C,艾米,收货,上架
GaOGSLeBl,黑色 品牌07 小号 游戏椅（皮革）,游戏椅,品牌07,小号,皮革,黑色,16*1*1,16,BH42F,克里斯,收货,上架
KePH35ErWh,白色 品牌12 350 键盘（人体工学）,键盘,品牌12,350,人体工学,白色,16*10*1,160,CS77A,艾米,收货,上架
LaRe15i7Gr,灰色 品牌14 15英寸 笔记本电脑（第7代处理器）,笔记本电脑,品牌14,15英寸,第7代处理器,灰色,16*1*1,16,CG15H,莎拉,收货,上架
OfXEMHeBl,黑色 品牌06 中号 办公椅（头枕）,办公椅,品牌06,中号,头枕,黑色,16*1*1,16,CQ14A,莎拉,收货,上架
TaTR18FrWh,白色 品牌28 1800 桌子（框架式）,桌子,品牌28,1800,框架式,白色,8*1*1,8,AZ94A,艾米丽,收货,上架
CaQE12LoBl,黑色 品牌01 1200 文件柜（储物锁柜）,文件柜,品牌01,1200,储物锁柜,黑色,8*1*1,8,BH68B,大卫,收货,上架
PrNoA2AlWh,白色 品牌26 二号纸 打印机（一体式）,打印机,品牌26,二号纸,一体式,白色,16*1*1,16,CK50H,亚历克斯,收货,上架
PeRe12WaGr,灰色 品牌22 12 铅笔（水彩）,铅笔,品牌22,12,水彩,灰色,48*10*5,2400,CY12D,劳拉,收货,上架
KeRe27BlBl,黑色 品牌10 270 键盘（蓝牙）,键盘,品牌10,270,蓝牙,黑色,16*10*1,160,DO31D,迈克,收货,上架
KeRe35ErBl,黑色 品牌10 350 键盘（人体工学）,键盘,品牌10,350,人体工学,黑色,16*10*1,160,CO77E,艾米丽,收货,上架
TaTR10AuGr,灰色 品牌29 1000 桌子（自动调节）,桌子,品牌29,1000,自动调节,灰色,8*1*1,8,DP49F,迈克,收货,上架
OfSEMHePi,粉色 品牌08 中号 办公椅（头枕）,办公椅,品牌08,中号,头枕,粉色,16*1*1,16,CW77C,亚历克斯,收货,上架
LaYn14i7Si,银色 品牌15 14英寸 笔记本电脑（第7代处理器）,笔记本电脑,品牌15,14英寸,第7代处理器,银色,16*1*1,16,CJ69C,迈克,收货,上架
DrTE12DoWh,白色 品牌04 1200 抽屉柜（带门式）,抽屉柜,品牌04,1200,带门式,白色,8*1*1,8,BQ67E,简,收货,上架
KeRe35MePi,粉色 品牌10 350 键盘（机械式）,键盘,品牌10,350,机械式,粉色,16*10*1,160,AL78C,艾米,收货,上架
PrPHA4AlWh,白色 品牌12 四号纸 打印机（一体式）,打印机,品牌12,四号纸,一体式,白色,16*1*1,16,BG34E,约翰,收货,上架
AlOv1732Gr,灰色 品牌13 17英寸 一体机（32吉字节内存）,一体机,品牌13,17英寸,32吉字节内存,灰色,16*1*1,16,BO34D,克里斯,收货,上架
PrNoA2InWh,白色 品牌26 二号纸 打印机（喷墨）,打印机,品牌26,二号纸,喷墨,白色,16*1*1,16,CZ79C,克里斯,收货,上架
NoGrA5ruBl,黑色 品牌18 五号纸 笔记本（横线）,笔记本,品牌18,五号纸,横线,黑色,48*10*5,2400,CV57E,劳拉,收货,上架
MoPH27BlNa,藏青色 品牌12 270 鼠标（蓝牙）,鼠标,品牌12,270,蓝牙,藏青色,16*10*1,160,BZ40C,劳拉,收货,上架
CuRG90LoBl,黑色 品牌03 900 储物柜（储物锁柜）,储物柜,品牌03,900,储物锁柜,黑色,8*1*1,8,CO12D,劳拉,收货,上架
PrPHA4InWh,白色 品牌12 四号纸 打印机（喷墨）,打印机,品牌12,四号纸,喷墨,白色,16*1*1,16,BY91H,迈克,收货,上架
NoGrA3doWh,白色 品牌18 三号纸 笔记本（点阵）,笔记本,品牌18,三号纸,点阵,白色,48*10*5,2400,AI82E,劳拉,收货,上架
CuRG90FiWh,白色 品牌03 900 储物柜（文件收纳）,储物柜,品牌03,900,文件收纳,白色,8*1*1,8,AG36G,迈克,收货,上架
OfSELErWh,白色 品牌08 大号 办公椅（人体工学）,办公椅,品牌08,大号,人体工学,白色,16*1*1,16,CG86E,约翰,收货,上架
TaTR18AuBl,黑色 品牌28 1800 桌子（自动调节）,桌子,品牌28,1800,自动调节,黑色,8*1*1,8,AL78F,艾米丽,收货,上架
NoMuA4liWh,白色 品牌19 四号纸 笔记本（线条）,笔记本,品牌19,四号纸,线条,白色,48*10*5,2400,DQ54B,艾米,收货,上架
AlRe17i5Bl,黑色 品牌14 17英寸 一体机（第5代处理器）,一体机,品牌14,17英寸,第5代处理器,黑色,16*1*1,16,BU51F,艾米,收货,上架
CaQE12LoGr,灰色 品牌01 1200 文件柜（储物锁柜）,文件柜,品牌01,1200,储物锁柜,灰色,8*1*1,8,CG73C,约翰,收货,上架
AlPH17i5Gr,灰色 品牌12 17英寸 一体机（第5代处理器）,一体机,品牌12,17英寸,第5代处理器,灰色,16*1*1,16,CF91G,迈克,收货,上架
PrNoA2LaMi,混合色 品牌26 二号纸 打印机（激光）,打印机,品牌26,二号纸,激光,混合色,16*1*1,16,AH67C,简,收货,上架
TaAE18AuBl,黑色 品牌05 1800 桌子（自动调节）,桌子,品牌05,1800,自动调节,黑色,8*1*1,8,BN62E,大卫,收货,上架
DrWE12DoBl,黑色 品牌02 1200 抽屉柜（带门式）,抽屉柜,品牌02,1200,带门式,黑色,8*1*1,8,CG74G,迈克,收货,上架
CaRG12SlGr,灰色 品牌03 1200 文件柜（滑动式）,文件柜,品牌03,1200,滑动式,灰色,8*1*1,8,DT01A,大卫,收货,上架
OfSEMAdGr,灰色 品牌08 中号 办公椅（可调节）,办公椅,品牌08,中号,可调节,灰色,16*1*1,16,AN25A,克里斯,收货,上架
PeGi24HeWh,白色 品牌21 24 铅笔（六角形）,铅笔,品牌21,24,六角形,白色,48*10*5,2400,DJ09A,简,收货,上架
DrQE12DoBl,黑色 品牌01 1200 抽屉柜（带门式）,抽屉柜,品牌01,1200,带门式,黑色,8*1*1,8,AJ93H,约翰,收货,上架
SPNa24WaWh,白色 品牌23 24 触控笔（水彩）,触控笔,品牌23,24,水彩,白色,48*10*5,2400,CM79C,克里斯,收货,上架
NoMuA5ruWh,白色 品牌19 五号纸 笔记本（横线）,笔记本,品牌19,五号纸,横线,白色,48*10*5,2400,BI76F,劳拉,收货,上架
AlOv1532Bl,黑色 品牌13 15英寸 一体机（32吉字节内存）,一体机,品牌13,15英寸,32吉字节内存,黑色,16*1*1,16,DM42G,克里斯,收货,上架
NoExA4liGr,灰色 品牌16 四号纸 笔记本（线条）,笔记本,品牌16,四号纸,线条,灰色,48*10*5,2400,AW73C,艾米丽,收货,上架
LaSu14i5Si,银色 品牌11 14英寸 笔记本电脑（第5代处理器）,笔记本电脑,品牌11,14英寸,第5代处理器,银色,16*1*1,16,CO54D,约翰,收货,上架
OfOGMLePi,粉色 品牌07 中号 办公椅（皮革）,办公椅,品牌07,中号,皮革,粉色,16*1*1,16,CS84G,艾米丽,收货,上架
MoPH27BlWh,白色 品牌12 270 鼠标（蓝牙）,鼠标,品牌12,270,蓝牙,白色,16*10*1,160,BJ83A,艾米丽,收货,上架
AlPH158GBl,黑色 品牌12 15英寸 一体机（8吉字节内存）,一体机,品牌12,15英寸,8吉字节内存,黑色,16*1*1,16,AU24A,亚历克斯,收货,上架
AlRe1716Wh,白色 品牌14 17英寸 一体机（16吉字节内存）,一体机,品牌14,17英寸,16吉字节内存,白色,16*1*1,16,BR19D,大卫,收货,上架
PrPHA4InBl,黑色 品牌12 四号纸 打印机（喷墨）,打印机,品牌12,四号纸,喷墨,黑色,16*1*1,16,DO06G,艾米丽,收货,上架
KeSu45WiWh,白色 品牌11 450 键盘（有线）,键盘,品牌11,450,有线,白色,16*10*1,160,CY63E,大卫,收货,上架
LaSu15i5Wh,白色 品牌11 15英寸 笔记本电脑（第5代处理器）,笔记本电脑,品牌11,15英寸,第5代处理器,白色,16*1*1,16,BL89D,莎拉,收货,上架
LaSu1516Si,银色 品牌11 15英寸 笔记本电脑（16吉字节内存）,笔记本电脑,品牌11,15英寸,16吉字节内存,银色,16*1*1,16,AR72C,劳拉,收货,上架
MoPH27BlNa,藏青色 品牌12 270 鼠标（蓝牙）,鼠标,品牌12,270,蓝牙,藏青色,16*10*1,160,CR97B,简,收货,上架
DrTE18LoBe,米色 品牌04 1800 抽屉柜（储物锁柜）,抽屉柜,品牌04,1800,储物锁柜,米色,8*1*1,8,CF44E,莎拉,收货,上架
LaRe178GWh,白色 品牌14 17英寸 笔记本电脑（8吉字节内存）,笔记本电脑,品牌14,17英寸,8吉字节内存,白色,16*1*1,16,CF48E,大卫,收货,上架
TaTR10FrWh,白色 品牌28 1000 桌子（框架式）,桌子,品牌28,1000,框架式,白色,8*1*1,8,AT05C,艾米丽,收货,上架
DrWE12FiBe,米色 品牌02 1200 抽屉柜（文件收纳）,抽屉柜,品牌02,1200,文件收纳,米色,8*1*1,8,AR69C,艾米,收货,上架
DrWE12DoBe,米色 品牌02 1200 抽屉柜（带门式）,抽屉柜,品牌02,1200,带门式,米色,8*1*1,8,AU41G,艾米丽,收货,上架
TVGL32FHWh,白色 品牌31 32英寸 电视机（全高清）,电视机,品牌31,32英寸,全高清,白色,8*1*1,8,CS73G,亚历克斯,收货,上架
SPGi50SoWh,白色 品牌21 50 触控笔（可溶性）,触控笔,品牌21,50,可溶性,白色,48*10*5,2400,BF22E,大卫,收货,上架
PrReA3WiGr,灰色 品牌24 三号纸 打印机（无线网络）,打印机,品牌24,三号纸,无线网络,灰色,16*1*1,16,CS94C,劳拉,收货,上架
OfSEMHeBl,黑色 品牌08 中号 办公椅（头枕）,办公椅,品牌08,中号,头枕,黑色,16*1*1,16,DG48E,大卫,收货,上架
LaYn15i5Bl,黑色 品牌15 15英寸 笔记本电脑（第5代处理器）,笔记本电脑,品牌15,15英寸,第5代处理器,黑色,16*1*1,16,DM68E,劳拉,收货,上架
AlYn148GGr,灰色 品牌15 14英寸 一体机（8吉字节内存）,一体机,品牌15,14英寸,8吉字节内存,灰色,16*1*1,16,CQ90E,克里斯,收货,上架
PeRe50HeGr,灰色 品牌22 50 铅笔（六角形）,铅笔,品牌22,50,六角形,灰色,48*10*5,2400,CO83B,艾米,收货,上架
KePH35WiNa,藏青色 品牌12 350 键盘（有线）,键盘,品牌12,350,有线,藏青色,16*10*1,160,BU26E,劳拉,收货,上架
PeGi12WaGr,灰色 品牌21 12 铅笔（水彩）,铅笔,品牌21,12,水彩,灰色,48*10*5,2400,BU53G,克里斯,收货,上架
SPAl50WaPi,粉色 品牌20 50 触控笔（水彩）,触控笔,品牌20,50,水彩,粉色,48*10*5,2400,BX95C,大卫,收货,上架
CuWE12FiGr,灰色 品牌02 1200 储物柜（文件收纳）,储物柜,品牌02,1200,文件收纳,灰色,8*1*1,8,AX70E,亚历克斯,收货,上架
CuWE90LoWh,白色 品牌02 900 储物柜（储物锁柜）,储物柜,品牌02,900,储物锁柜,白色,8*1*1,8,DZ55A,简,收货,上架
TVYn65FHWh,白色 品牌15 65英寸 电视机（全高清）,电视机,品牌15,65英寸,全高清,白色,8*1*1,8,AJ86G,亚历克斯,收货,上架
LaRe17i5Wh,白色 品牌14 17英寸 笔记本电脑（第5代处理器）,笔记本电脑,品牌14,17英寸,第5代处理器,白色,16*1*1,16,AK98B,亚历克斯,收货,上架
TaCI15WoGr,灰色 品牌27 1500 桌子（工作站）,桌子,品牌27,1500,工作站,灰色,8*1*1,8,DM35A,约翰,收货,上架
OfSESAdPi,粉色 品牌08 小号 办公椅（可调节）,办公椅,品牌08,小号,可调节,粉色,16*1*1,16,DO06D,劳拉,收货,上架
PeAl50WaGr,灰色 品牌20 50 铅笔（水彩）,铅笔,品牌20,50,水彩,灰色,48*10*5,2400,DJ55D,艾米,收货,上架
TaCI15AuGr,灰色 品牌27 1500 桌子（自动调节）,桌子,品牌27,1500,自动调节,灰色,8*1*1,8,DM09E,约翰,收货,上架
LaPH1516Gr,灰色 品牌12 15英寸 笔记本电脑（16吉字节内存）,笔记本电脑,品牌12,15英寸,16吉字节内存,灰色,16*1*1,16,AO11G,约翰,收货,上架
TVEs65FHSi,银色 品牌32 65英寸 电视机（全高清）,电视机,品牌32,65英寸,全高清,银色,8*1*1,8,AK19C,约翰,收货,上架
PeNa12HeGr,灰色 品牌23 12 铅笔（六角形）,铅笔,品牌23,12,六角形,灰色,48*10*5,2400,BH15G,大卫,收货,上架
AlYn1432Bl,黑色 品牌15 14英寸 一体机（32吉字节内存）,一体机,品牌15,14英寸,32吉字节内存,黑色,16*1*1,16,DF53B,约翰,收货,上架
TVGL32SFWh,白色 品牌31 32英寸 电视机（超级全高清）,电视机,品牌31,32英寸,超级全高清,白色,8*1*1,8,CP37D,亚历克斯,收货,上架
KeRe35MePi,粉色 品牌10 350 键盘（机械式）,键盘,品牌10,350,机械式,粉色,16*10*1,160,BW53C,艾米丽,收货,上架
CaTE12DoBe,米色 品牌04 1200 文件柜（带门式）,文件柜,品牌04,1200,带门式,米色,8*1*1,8,DQ41G,艾米,收货,上架
TVYn42FHGr,灰色 品牌15 42英寸 电视机（全高清）,电视机,品牌15,42英寸,全高清,灰色,8*1*1,8,BF98H,劳拉,收货,上架
CuWE12FiBe,米色 品牌02 1200 储物柜（文件收纳）,储物柜,品牌02,1200,文件收纳,米色,8*1*1,8,BZ84C,大卫,收货,上架
KeHc45WiPi,粉色 品牌09 450 键盘（有线）,键盘,品牌09,450,有线,粉色,16*10*1,160,AY77B,迈克,收货,上架
DrTE90DoBe,米色 品牌04 900 抽屉柜（带门式）,抽屉柜,品牌04,900,带门式,米色,8*1*1,8,CX12D,简,收货,上架
PeGi24WaGr,灰色 品牌21 24 铅笔（水彩）,铅笔,品牌21,24,水彩,灰色,48*10*5,2400,AW03F,简,收货,上架
AlSu158GBl,黑色 品牌11 15英寸 一体机（8吉字节内存）,一体机,品牌11,15英寸,8吉字节内存,黑色,16*1*1,16,BK19G,莎拉,收货,上架
TVYn42SFGr,灰色 品牌15 42英寸 电视机（超级全高清）,电视机,品牌15,42英寸,超级全高清,灰色,8*1*1,8,DH18B,克里斯,收货,上架
MoSu27BlBl,黑色 品牌11 270 鼠标（蓝牙）,鼠标,品牌11,270,蓝牙,黑色,16*10*1,160,AU37F,约翰,收货,上架
CaTE18LoWh,白色 品牌04 1800 文件柜（储物锁柜）,文件柜,品牌04,1800,储物锁柜,白色,8*1*1,8,CL50C,莎拉,收货,上架
DrQE18FiWh,白色 品牌01 1800 抽屉柜（文件收纳）,抽屉柜,品牌01,1800,文件收纳,白色,8*1*1,8,DV61G,迈克,收货,上架
TaTR15AdGr,灰色 品牌29 1500 桌子（可调节）,桌子,品牌29,1500,可调节,灰色,8*1*1,8,AL24D,劳拉,收货,上架
TVYn504KWh,白色 品牌15 50英寸 电视机（超高清）,电视机,品牌15,50英寸,超高清,白色,8*1*1,8,DJ22H,迈克,收货,上架
PeAl24HePi,粉色 品牌20 24 铅笔（六角形）,铅笔,品牌20,24,六角形,粉色,48*10*5,2400,BJ80H,迈克,收货,上架
LaSu1432Wh,白色 品牌11 14英寸 笔记本电脑（32吉字节内存）,笔记本电脑,品牌11,14英寸,32吉字节内存,白色,16*1*1,16,BM29A,莎拉,收货,上架
AlPH178GSi,银色 品牌12 17英寸 一体机（8吉字节内存）,一体机,品牌12,17英寸,8吉字节内存,银色,16*1*1,16,DN93G,简,收货,上架
DrQE18SlWh,白色 品牌01 1800 抽屉柜（滑动式）,抽屉柜,品牌01,1800,滑动式,白色,8*1*1,8,BF67B,劳拉,收货,上架
KeRe45MeWh,白色 品牌10 450 键盘（机械式）,键盘,品牌10,450,机械式,白色,16*10*1,160,AZ75F,约翰,收货,上架
GaOGSAdWh,白色 品牌07 小号 游戏椅（可调节）,游戏椅,品牌07,小号,可调节,白色,16*1*1,16,BJ52G,大卫,收货,上架
LaRe14i7Bl,黑色 品牌14 14英寸 笔记本电脑（第7代处理器）,笔记本电脑,品牌14,14英寸,第7代处理器,黑色,16*1*1,16,BK67B,迈克,收货,上架
KeRe35MeBl,黑色 品牌10 350 键盘（机械式）,键盘,品牌10,350,机械式,黑色,16*10*1,160,AP11E,劳拉,收货,上架
LaYn14i7Gr,灰色 品牌15 14英寸 笔记本电脑（第7代处理器）,笔记本电脑,品牌15,14英寸,第7代处理器,灰色,16*1*1,16,CW60F,大卫,收货,上架
KePH35BlBl,黑色 品牌12 350 键盘（蓝牙）,键盘,品牌12,350,蓝牙,黑色,16*10*1,160,AG91F,迈克,收货,上架
LaSu1732Bl,黑色 品牌11 17英寸 笔记本电脑（32吉字节内存）,笔记本电脑,品牌11,17英寸,32吉字节内存,黑色,16*1*1,16,BV27B,大卫,收货,上架
GaOGSAdPi,粉色 品牌07 小号 游戏椅（可调节）,游戏椅,品牌07,小号,可调节,粉色,16*1*1,16,BX53B,莎拉,收货,上架
TaCI18AdSi,银色 品牌27 1800 桌子（可调节）,桌子,品牌27,1800,可调节,银色,8*1*1,8,BR79B,克里斯,收货,上架
AlYn14i5Wh,白色 品牌15 14英寸 一体机（第5代处理器）,一体机,品牌15,14英寸,第5代处理器,白色,16*1*1,16,CZ62E,艾米,收货,上架
PrSoA3AlBl,黑色 品牌25 三号纸 打印机（一体式）,打印机,品牌25,三号纸,一体式,黑色,16*1*1,16,DO52E,迈克,收货,上架
NoScA3liGr,灰色 品牌17 三号纸 笔记本（线条）,笔记本,品牌17,三号纸,线条,灰色,48*10*5,2400,DL26F,迈克,收货,上架
DrWE18FiBe,米色 品牌02 1800 抽屉柜（文件收纳）,抽屉柜,品牌02,1800,文件收纳,米色,8*1*1,8,DK98F,克里斯,收货,上架
TaTR10FrSi,银色 品牌28 1000 桌子（框架式）,桌子,品牌28,1000,框架式,银色,8*1*1,8,DP63E,简,收货,上架
CuWE18DoGr,灰色 品牌02 1800 储物柜（带门式）,储物柜,品牌02,1800,带门式,灰色,8*1*1,8,DT87E,莎拉,收货,上架
OfOGMErWh,白色 品牌07 中号 办公椅（人体工学）,办公椅,品牌07,中号,人体工学,白色,16*1*1,16,AP38G,简,收货,上架
LaYn158GBl,黑色 品牌15 15英寸 笔记本电脑（8吉字节内存）,笔记本电脑,品牌15,15英寸,8吉字节内存,黑色,16*1*1,16,BP51B,莎拉,收货,上架
KeHc35ErBl,黑色 品牌09 350 键盘（人体工学）,键盘,品牌09,350,人体工学,黑色,16*10*1,160,AT34E,劳拉,收货,上架
NoScA3liGr,灰色 品牌17 三号纸 笔记本（线条）,笔记本,品牌17,三号纸,线条,灰色,48*10*5,2400,BU58G,艾米丽,收货,上架
GaXESLeBl,黑色 品牌06 小号 游戏椅（皮革）,游戏椅,品牌06,小号,皮革,黑色,16*1*1,16,AF41A,约翰,收货,上架
LaPH15i7Wh,白色 品牌12 15英寸 笔记本电脑（第7代处理器）,笔记本电脑,品牌12,15英寸,第7代处理器,白色,16*1*1,16,AF90B,艾米,收货,上架
SPNa24HeGr,灰色 品牌23 24 触控笔（六角形）,触控笔,品牌23,24,六角形,灰色,48*10*5,2400,AS86A,迈克,收货,上架
PrReA3InBl,黑色 品牌24 三号纸 打印机（喷墨）,打印机,品牌24,三号纸,喷墨,黑色,16*1*1,16,CQ09H,亚历克斯,收货,上架
TVYn50S4Wh,白色 品牌15 50英寸 电视机（超级超高清）,电视机,品牌15,50英寸,超级超高清,白色,8*1*1,8,AW78E,莎拉,收货,上架
TVEs504KSi,银色 品牌32 50英寸 电视机（超高清）,电视机,品牌32,50英寸,超高清,银色,8*1*1,8,AO42H,艾米,收货,上架
LaOv1732Gr,灰色 品牌13 17英寸 笔记本电脑（32吉字节内存）,笔记本电脑,品牌13,17英寸,32吉字节内存,灰色,16*1*1,16,BQ61D,迈克,收货,上架
KePH45WiBl,黑色 品牌12 450 键盘（有线）,键盘,品牌12,450,有线,黑色,16*10*1,160,BT85B,克里斯,收货,上架
TVEs504KBl,黑色 品牌32 50英寸 电视机（超高清）,电视机,品牌32,50英寸,超高清,黑色,8*1*1,8,BP74F,克里斯,收货,上架
SPAl12HeGr,灰色 品牌20 12 触控笔（六角形）,触控笔,品牌20,12,六角形,灰色,48*10*5,2400,DT85H,简,收货,上架
TVGn32SFWh,白色 品牌30 32英寸 电视机（超级全高清）,电视机,品牌30,32英寸,超级全高清,白色,8*1*1,8,BL43C,大卫,收货,上架
MoRe45MeWh,白色 品牌10 450 鼠标（机械式）,鼠标,品牌10,450,机械式,白色,16*10*1,160,BG13D,艾米,收货,上架
KePH35ErNa,藏青色 品牌12 350 键盘（人体工学）,键盘,品牌12,350,人体工学,藏青色,16*10*1,160,CU79A,大卫,收货,上架
NoMuA3ruWh,白色 品牌19 三号纸 笔记本（横线）,笔记本,品牌19,三号纸,横线,白色,48*10*5,2400,DF62F,约翰,收货,上架
PrReA4InBl,黑色 品牌24 四号纸 打印机（喷墨）,打印机,品牌24,四号纸,喷墨,黑色,16*1*1,16,AI89B,劳拉,收货,上架
LaYn17i5Gr,灰色 品牌15 17英寸 笔记本电脑（第5代处理器）,笔记本电脑,品牌15,17英寸,第5代处理器,灰色,16*1*1,16,CZ44B,大卫,收货,上架
LaOv15i7Bl,黑色 品牌13 15英寸 笔记本电脑（第7代处理器）,笔记本电脑,品牌13,15英寸,第7代处理器,黑色,16*1*1,16,BY53B,劳拉,收货,上架
LaRe14i5Gr,灰色 品牌14 14英寸 笔记本电脑（第5代处理器）,笔记本电脑,品牌14,14英寸,第5代处理器,灰色,16*1*1,16,BX19D,劳拉,收货,上架
SPAl50HeBl,黑色 品牌20 50 触控笔（六角形）,触控笔,品牌20,50,六角形,黑色,48*10*5,2400,DL05B,艾米丽,收货,上架
PeRe50WaBl,黑色 品牌22 50 铅笔（水彩）,铅笔,品牌22,50,水彩,黑色,48*10*5,2400,BZ35C,大卫,收货,上架
GaSESHePi,粉色 品牌08 小号 游戏椅（头枕）,游戏椅,品牌08,小号,头枕,粉色,16*1*1,16,AM24E,亚历克斯,收货,上架
PrPHA4AlWh,白色 品牌12 四号纸 打印机（一体式）,打印机,品牌12,四号纸,一体式,白色,16*1*1,16,AU80D,约翰,收货,上架
DrQE18DoBl,黑色 品牌01 1800 抽屉柜（带门式）,抽屉柜,品牌01,1800,带门式,黑色,8*1*1,8,BK91G,亚历克斯,收货,上架
PeAl24WaWh,白色 品牌20 24 铅笔（水彩）,铅笔,品牌20,24,水彩,白色,48*10*5,2400,CW63E,艾米丽,收货,上架
LaSu1532Si,银色 品牌11 15英寸 笔记本电脑（32吉字节内存）,笔记本电脑,品牌11,15英寸,32吉字节内存,银色,16*1*1,16,DV08A,艾米,收货,上架
LaOv148GSi,银色 品牌13 14英寸 笔记本电脑（8吉字节内存）,笔记本电脑,品牌13,14英寸,8吉字节内存,银色,16*1*1,16,AH89A,大卫,收货,上架
TVEs754KGr,灰色 品牌32 75英寸 电视机（超高清）,电视机,品牌32,75英寸,超高清,灰色,8*1*1,8,CU41E,简,收货,上架
NoExA5doGr,灰色 品牌16 五号纸 笔记本（点阵）,笔记本,品牌16,五号纸,点阵,灰色,48*10*5,2400,CW44G,莎拉,收货,上架
DrQE90FiBe,米色 品牌01 900 抽屉柜（文件收纳）,抽屉柜,品牌01,900,文件收纳,米色,8*1*1,8,DR45H,简,收货,上架
PrSoA2InBl,黑色 品牌25 二号纸 打印机（喷墨）,打印机,品牌25,二号纸,喷墨,黑色,16*1*1,16,AG39H,约翰,收货,上架
LaRe15i5Si,银色 品牌14 15英寸 笔记本电脑（第5代处理器）,笔记本电脑,品牌14,15英寸,第5代处理器,银色,16*1*1,16,BP80A,迈克,收货,上架
SPNa24SoBl,黑色 品牌23 24 触控笔（可溶性）,触控笔,品牌23,24,可溶性,黑色,48*10*5,2400,CW78A,大卫,收货,上架
MoPH45MeBl,黑色 品牌12 450 鼠标（机械式）,鼠标,品牌12,450,机械式,黑色,16*10*1,160,AZ91B,亚历克斯,收货,上架
TaAE18AdSi,银色 品牌05 1800 桌子（可调节）,桌子,品牌05,1800,可调节,银色,8*1*1,8,CW92A,大卫,收货,上架
CaTE18SlGr,灰色 品牌04 1800 文件柜（滑动式）,文件柜,品牌04,1800,滑动式,灰色,8*1*1,8,CQ11H,迈克,收货,上架
KePH27MeWh,白色 品牌12 270 键盘（机械式）,键盘,品牌12,270,机械式,白色,16*10*1,160,CK87D,大卫,收货,上架
PrNoA3AlMi,混合色 品牌26 三号纸 打印机（一体式）,打印机,品牌26,三号纸,一体式,混合色,16*1*1,16,BZ28E,莎拉,收货,上架
TaAE18FrGr,灰色 品牌05 1800 桌子（框架式）,桌子,品牌05,1800,框架式,灰色,8*1*1,8,CQ31G,克里斯,收货,上架
GaXEMLeGr,灰色 品牌06 中号 游戏椅（皮革）,游戏椅,品牌06,中号,皮革,灰色,16*1*1,16,CX45H,简,收货,上架
PrReA4LaWh,白色 品牌24 四号纸 打印机（激光）,打印机,品牌24,四号纸,激光,白色,16*1*1,16,DN38A,劳拉,收货,上架
CuWE90LoBl,黑色 品牌02 900 储物柜（储物锁柜）,储物柜,品牌02,900,储物锁柜,黑色,8*1*1,8,DK63G,迈克,收货,上架
CuRG12LoBl,黑色 品牌03 1200 储物柜（储物锁柜）,储物柜,品牌03,1200,储物锁柜,黑色,8*1*1,8,BF27F,劳拉,收货,上架
TVEs424KWh,白色 品牌32 42英寸 电视机（超高清）,电视机,品牌32,42英寸,超高清,白色,8*1*1,8,DJ05H,莎拉,收货,上架
KePH27MePi,粉色 品牌12 270 键盘（机械式）,键盘,品牌12,270,机械式,粉色,16*10*1,160,BJ10F,艾米,收货,上架
AlYn14i5Wh,白色 品牌15 14英寸 一体机（第5代处理器）,一体机,品牌15,14英寸,第5代处理器,白色,16*1*1,16,BN48H,莎拉,收货,上架
TVGL324KBl,黑色 品牌31 32英寸 电视机（超高清）,电视机,品牌31,32英寸,超高清,黑色,8*1*1,8,AM26B,简,收货,上架
GaAEMLeBl,黑色 品牌05 中号 游戏椅（皮革）,游戏椅,品牌05,中号,皮革,黑色,16*1*1,16,BU97A,亚历克斯,收货,上架
NoScA4doSi,银色 品牌17 四号纸 笔记本（点阵）,笔记本,品牌17,四号纸,点阵,银色,48*10*5,2400,AQ85E,莎拉,收货,上架
AlSu178GSi,银色 品牌11 17英寸 一体机（8吉字节内存）,一体机,品牌11,17英寸,8吉字节内存,银色,16*1*1,16,AQ82E,艾米,收货,上架
PrNoA2AlBl,黑色 品牌26 二号纸 打印机（一体式）,打印机,品牌26,二号纸,一体式,黑色,16*1*1,16,BX26H,亚历克斯,收货,上架
KeSu35MePi,粉色 品牌11 350 键盘（机械式）,键盘,品牌11,350,机械式,粉色,16*10*1,160,BJ32F,劳拉,收货,上架
MoPH35ErPi,粉色 品牌12 350 鼠标（人体工学）,鼠标,品牌12,350,人体工学,粉色,16*10*1,160,DJ45F,约翰,收货,上架
TaTR18WoBl,黑色 品牌29 1800 桌子（工作站）,桌子,品牌29,1800,工作站,黑色,8*1*1,8,DS41A,大卫,收货,上架
AlSu1532Bl,黑色 品牌11 15英寸 一体机（32吉字节内存）,一体机,品牌11,15英寸,32吉字节内存,黑色,16*1*1,16,CH69A,艾米,收货,上架
CuQE12DoWh,白色 品牌01 1200 储物柜（带门式）,储物柜,品牌01,1200,带门式,白色,8*1*1,8,BL78G,迈克,收货,上架
PeNa50HeWh,白色 品牌23 50 铅笔（六角形）,铅笔,品牌23,50,六角形,白色,48*10*5,2400,AV84G,迈克,收货,上架
SPAl12SoPi,粉色 品牌20 12 触控笔（可溶性）,触控笔,品牌20,12,可溶性,粉色,48*10*5,2400,DF61E,艾米,收货,上架
GaAESErPi,粉色 品牌05 小号 游戏椅（人体工学）,游戏椅,品牌05,小号,人体工学,粉色,16*1*1,16,CR28G,迈克,收货,上架
OfXESErBl,黑色 品牌06 小号 办公椅（人体工学）,办公椅,品牌06,小号,人体工学,黑色,16*1*1,16,AM63B,迈克,收货,上架
TVYn75SFBl,黑色 品牌15 75英寸 电视机（超级全高清）,电视机,品牌15,75英寸,超级全高清,黑色,8*1*1,8,BV28H,迈克,收货,上架
PrSoA3AlWh,白色 品牌25 三号纸 打印机（一体式）,打印机,品牌25,三号纸,一体式,白色,16*1*1,16,BU92H,克里斯,收货,上架
TaTR10AdWh,白色 品牌28 1000 桌子（可调节）,桌子,品牌28,1000,可调节,白色,8*1*1,8,BJ33A,亚历克斯,收货,上架
GaOGSAdGr,灰色 品牌07 小号 游戏椅（可调节）,游戏椅,品牌07,小号,可调节,灰色,16*1*1,16,AJ45B,大卫,收货,上架
MoPH35BlPi,粉色 品牌12 350 鼠标（蓝牙）,鼠标,品牌12,350,蓝牙,粉色,16*10*1,160,BS39E,劳拉,收货,上架
LaSu1532Si,银色 品牌11 15英寸 笔记本电脑（32吉字节内存）,笔记本电脑,品牌11,15英寸,32吉字节内存,银色,16*1*1,16,AL85C,亚历克斯,收货,上架
DrQE90DoGr,灰色 品牌01 900 抽屉柜（带门式）,抽屉柜,品牌01,900,带门式,灰色,8*1*1,8,CH71B,艾米,收货,上架
AlPH158GWh,白色 品牌12 15英寸 一体机（8吉字节内存）,一体机,品牌12,15英寸,8吉字节内存,白色,16*1*1,16,CQ60G,艾米丽,收货,上架
GaXELErWh,白色 品牌06 大号 游戏椅（人体工学）,游戏椅,品牌06,大号,人体工学,白色,16*1*1,16,AH58C,艾米,收货,上架
CuQE12SlBl,黑色 品牌01 1200 储物柜（滑动式）,储物柜,品牌01,1200,滑动式,黑色,8*1*1,8,DO34H,艾米丽,收货,上架
OfXESLeWh,白色 品牌06 小号 办公椅（皮革）,办公椅,品牌06,小号,皮革,白色,16*1*1,16,CN40B,约翰,收货,上架
GaOGLLeBl,黑色 品牌07 大号 游戏椅（皮革）,游戏椅,品牌07,大号,皮革,黑色,16*1*1,16,BW87C,大卫,收货,上架
TVEs65FHGr,灰色 品牌32 65英寸 电视机（全高清）,电视机,品牌32,65英寸,全高清,灰色,8*1*1,8,DL27G,大卫,收货,上架
GaAELErBl,黑色 品牌05 大号 游戏椅（人体工学）,游戏椅,品牌05,大号,人体工学,黑色,16*1*1,16,DK25A,艾米丽,收货,上架
AlPH1516Gr,灰色 品牌12 15英寸 一体机（16吉字节内存）,一体机,品牌12,15英寸,16吉字节内存,灰色,16*1*1,16,AL54B,克里斯,收货,上架
AlOv17i5Bl,黑色 品牌13 17英寸 一体机（第5代处理器）,一体机,品牌13,17英寸,第5代处理器,黑色,16*1*1,16,CS29F,迈克,收货,上架
GaOGMAdBl,黑色 品牌07 中号 游戏椅（可调节）,游戏椅,品牌07,中号,可调节,黑色,16*1*1,16,CU82G,劳拉,收货,上架
KeRe27MePi,粉色 品牌10 270 键盘（机械式）,键盘,品牌10,270,机械式,粉色,16*10*1,160,AP40B,莎拉,收货,上架
CaQE12SlBl,黑色 品牌01 1200 文件柜（滑动式）,文件柜,品牌01,1200,滑动式,黑色,8*1*1,8,CK65B,大卫,收货,上架
MoSu35WiNa,藏青色 品牌11 350 鼠标（有线）,鼠标,品牌11,350,有线,藏青色,16*10*1,160,CQ65A,艾米,收货,上架
GaOGLAdGr,灰色 品牌07 大号 游戏椅（可调节）,游戏椅,品牌07,大号,可调节,灰色,16*1*1,16,BQ06E,劳拉,收货,上架
PeRe12SoPi,粉色 品牌22 12 铅笔（可溶性）,铅笔,品牌22,12,可溶性,粉色,48*10*5,2400,CZ29C,迈克,收货,上架
AlOv17i7Gr,灰色 品牌13 17英寸 一体机（第7代处理器）,一体机,品牌13,17英寸,第7代处理器,灰色,16*1*1,16,CJ26H,莎拉,收货,上架
CuRG18FiBe,米色 品牌03 1800 储物柜（文件收纳）,储物柜,品牌03,1800,文件收纳,米色,8*1*1,8,BP35H,简,收货,上架
MoRe45BlWh,白色 品牌10 450 鼠标（蓝牙）,鼠标,品牌10,450,蓝牙,白色,16*10*1,160,BK92G,亚历克斯,收货,上架
KePH35WiNa,藏青色 品牌12 350 键盘（有线）,键盘,品牌12,350,有线,藏青色,16*10*1,160,DY13E,迈克,收货,上架
OfOGSAdBl,黑色 品牌07 小号 办公椅（可调节）,办公椅,品牌07,小号,可调节,黑色,16*1*1,16,BZ01E,莎拉,收货,上架
PrPHA3WiGr,灰色 品牌12 三号纸 打印机（无线网络）,打印机,品牌12,三号纸,无线网络,灰色,16*1*1,16,BT41D,亚历克斯,收货,上架
LaYn1732Si,银色 品牌15 17英寸 笔记本电脑（32吉字节内存）,笔记本电脑,品牌15,17英寸,32吉字节内存,银色,16*1*1,16,DL50E,莎拉,收货,上架
SPAl12SoPi,粉色 品牌20 12 触控笔（可溶性）,触控笔,品牌20,12,可溶性,粉色,48*10*5,2400,BS69G,劳拉,收货,上架
NoGrA4liGr,灰色 品牌18 四号纸 笔记本（线条）,笔记本,品牌18,四号纸,线条,灰色,48*10*5,2400,AU10A,劳拉,收货,上架
TVGn32FHSi,银色 品牌30 32英寸 电视机（全高清）,电视机,品牌30,32英寸,全高清,银色,8*1*1,8,BL20G,迈克,收货,上架
SPGi50WaPi,粉色 品牌21 50 触控笔（水彩）,触控笔,品牌21,50,水彩,粉色,48*10*5,2400,BQ95H,迈克,收货,上架
KeHc27ErNa,藏青色 品牌09 270 键盘（人体工学）,键盘,品牌09,270,人体工学,藏青色,16*10*1,160,DG46E,大卫,收货,上架
PeAl12SoWh,白色 品牌20 12 铅笔（可溶性）,铅笔,品牌20,12,可溶性,白色,48*10*5,2400,DX56E,亚历克斯,收货,上架
CaTE18DoGr,灰色 品牌04 1800 文件柜（带门式）,文件柜,品牌04,1800,带门式,灰色,8*1*1,8,DV16E,大卫,收货,上架
TVGL65FHSi,银色 品牌31 65英寸 电视机（全高清）,电视机,品牌31,65英寸,全高清,银色,8*1*1,8,AH10H,艾米丽,收货,上架
DrTE90SlWh,白色 品牌04 900 抽屉柜（滑动式）,抽屉柜,品牌04,900,滑动式,白色,8*1*1,8,BQ41F,莎拉,收货,上架
TVEs50SFGr,灰色 品牌32 50英寸 电视机（超级全高清）,电视机,品牌32,50英寸,超级全高清,灰色,8*1*1,8,CZ64H,莎拉,收货,上架
MoHc45MeWh,白色 品牌09 450 鼠标（机械式）,鼠标,品牌09,450,机械式,白色,16*10*1,160,CT02C,莎拉,收货,上架
PeRe24WaWh,白色 品牌22 24 铅笔（水彩）,铅笔,品牌22,24,水彩,白色,48*10*5,2400,AI93H,劳拉,收货,上架
PrPHA4InMi,混合色 品牌12 四号纸 打印机（喷墨）,打印机,品牌12,四号纸,喷墨,混合色,16*1*1,16,BY19F,约翰,收货,上架
PrNoA2MoMi,混合色 品牌26 二号纸 打印机（黑白）,打印机,品牌26,二号纸,黑白,混合色,16*1*1,16,AX11F,亚历克斯,收货,上架
NoMuA5doBl,黑色 品牌19 五号纸 笔记本（点阵）,笔记本,品牌19,五号纸,点阵,黑色,48*10*5,2400,AH49G,艾米丽,收货,上架
PeAl50WaGr,灰色 品牌20 50 铅笔（水彩）,铅笔,品牌20,50,水彩,灰色,48*10*5,2400,BK96D,克里斯,收货,上架
KeHc35MeWh,白色 品牌09 350 键盘（机械式）,键盘,品牌09,350,机械式,白色,16*10*1,160,BG68G,亚历克斯,收货,上架
GaAELHeWh,白色 品牌05 大号 游戏椅（头枕）,游戏椅,品牌05,大号,头枕,白色,16*1*1,16,AL11B,克里斯,收货,上架
NoGrA5doBl,黑色 品牌18 五号纸 笔记本（点阵）,笔记本,品牌18,五号纸,点阵,黑色,48*10*5,2400,BQ57F,亚历克斯,收货,上架
DrRG90DoBe,米色 品牌03 900 抽屉柜（带门式）,抽屉柜,品牌03,900,带门式,米色,8*1*1,8,BL31B,亚历克斯,收货,上架
GaAESAdBl,黑色 品牌05 小号 游戏椅（可调节）,游戏椅,品牌05,小号,可调节,黑色,16*1*1,16,DI91G,艾米丽,收货,上架
GaOGMLeGr,灰色 品牌07 中号 游戏椅（皮革）,游戏椅,品牌07,中号,皮革,灰色,16*1*1,16,DT54G,简,收货,上架
DrTE12FiBe,米色 品牌04 1200 抽屉柜（文件收纳）,抽屉柜,品牌04,1200,文件收纳,米色,8*1*1,8,DY10B,迈克,收货,上架
TVEs324KBl,黑色 品牌32 32英寸 电视机（超高清）,电视机,品牌32,32英寸,超高清,黑色,8*1*1,8,CS12C,约翰,收货,上架
NoExA3doWh,白色 品牌16 三号纸 笔记本（点阵）,笔记本,品牌16,三号纸,点阵,白色,48*10*5,2400,CI97H,莎拉,收货,上架
CuTE12SlWh,白色 品牌04 1200 储物柜（滑动式）,储物柜,品牌04,1200,滑动式,白色,8*1*1,8,CH36F,大卫,收货,上架
TVYn75S4Si,银色 品牌15 75英寸 电视机（超级超高清）,电视机,品牌15,75英寸,超级超高清,银色,8*1*1,8,BI71H,迈克,收货,上架
GaSESErWh,白色 品牌08 小号 游戏椅（人体工学）,游戏椅,品牌08,小号,人体工学,白色,16*1*1,16,AF96E,约翰,收货,上架
AlPH15i5Gr,灰色 品牌12 15英寸 一体机（第5代处理器）,一体机,品牌12,15英寸,第5代处理器,灰色,16*1*1,16,AJ32B,亚历克斯,收货,上架
NoMuA4ruGr,灰色 品牌19 四号纸 笔记本（横线）,笔记本,品牌19,四号纸,横线,灰色,48*10*5,2400,CO32E,迈克,收货,上架
PrPHA4AlGr,灰色 品牌12 四号纸 打印机（一体式）,打印机,品牌12,四号纸,一体式,灰色,16*1*1,16,DQ91G,克里斯,收货,上架
CuTE18LoBe,米色 品牌04 1800 储物柜（储物锁柜）,储物柜,品牌04,1800,储物锁柜,米色,8*1*1,8,BN95G,迈克,收货,上架
CuWE18SlWh,白色 品牌02 1800 储物柜（滑动式）,储物柜,品牌02,1800,滑动式,白色,8*1*1,8,DZ86G,简,收货,上架
MoRe27BlNa,藏青色 品牌10 270 鼠标（蓝牙）,鼠标,品牌10,270,蓝牙,藏青色,16*10*1,160,DM97H,大卫,收货,上架
SPGi24WaPi,粉色 品牌21 24 触控笔（水彩）,触控笔,品牌21,24,水彩,粉色,48*10*5,2400,CL15H,大卫,收货,上架
TaCI18AuSi,银色 品牌27 1800 桌子（自动调节）,桌子,品牌27,1800,自动调节,银色,8*1*1,8,CR14H,大卫,收货,上架
AlOv1516Bl,黑色 品牌13 15英寸 一体机（16吉字节内存）,一体机,品牌13,15英寸,16吉字节内存,黑色,16*1*1,16,CO67C,艾米,收货,上架
LaSu15i5Gr,灰色 品牌11 15英寸 笔记本电脑（第5代处理器）,笔记本电脑,品牌11,15英寸,第5代处理器,灰色,16*1*1,16,CY38H,约翰,收货,上架
PrPHA3WiWh,白色 品牌12 三号纸 打印机（无线网络）,打印机,品牌12,三号纸,无线网络,白色,16*1*1,16,DH19A,约翰,收货,上架
DrQE18SlWh,白色 品牌01 1800 抽屉柜（滑动式）,抽屉柜,品牌01,1800,滑动式,白色,8*1*1,8,BN48G,克里斯,收货,上架
DrTE18SlGr,灰色 品牌04 1800 抽屉柜（滑动式）,抽屉柜,品牌04,1800,滑动式,灰色,8*1*1,8,DV89A,艾米丽,收货,上架
SPRe50HeGr,灰色 品牌22 50 触控笔（六角形）,触控笔,品牌22,50,六角形,灰色,48*10*5,2400,BF56B,艾米丽,收货,上架
DrRG12LoBl,黑色 品牌03 1200 抽屉柜（储物锁柜）,抽屉柜,品牌03,1200,储物锁柜,黑色,8*1*1,8,CQ28G,亚历克斯,收货,上架
DrWE12LoBe,米色 品牌02 1200 抽屉柜（储物锁柜）,抽屉柜,品牌02,1200,储物锁柜,米色,8*1*1,8,AH42F,迈克,收货,上架
CaWE90SlGr,灰色 品牌02 900 文件柜（滑动式）,文件柜,品牌02,900,滑动式,灰色,8*1*1,8,BR39D,莎拉,收货,上架
PeNa24WaBl,黑色 品牌23 24 铅笔（水彩）,铅笔,品牌23,24,水彩,黑色,48*10*5,2400,AV52D,亚历克斯,收货,上架
LaYn14i7Gr,灰色 品牌15 14英寸 笔记本电脑（第7代处理器）,笔记本电脑,品牌15,14英寸,第7代处理器,灰色,16*1*1,16,AM59E,简,收货,上架
CaWE12LoWh,白色 品牌02 1200 文件柜（储物锁柜）,文件柜,品牌02,1200,储物锁柜,白色,8*1*1,8,DZ23B,克里斯,收货,上架
CuWE18SlBl,黑色 品牌02 1800 储物柜（滑动式）,储物柜,品牌02,1800,滑动式,黑色,8*1*1,8,BJ89F,莎拉,收货,上架
MoRe27ErPi,粉色 品牌10 270 鼠标（人体工学）,鼠标,品牌10,270,人体工学,粉色,16*10*1,160,BX02A,克里斯,收货,上架
PeRe24HeBl,黑色 品牌22 24 铅笔（六角形）,铅笔,品牌22,24,六角形,黑色,48*10*5,2400,AJ60E,约翰,收货,上架
KeHc45ErNa,藏青色 品牌09 450 键盘（人体工学）,键盘,品牌09,450,人体工学,藏青色,16*10*1,160,AN81C,亚历克斯,收货,上架
AlPH178GBl,黑色 品牌12 17英寸 一体机（8吉字节内存）,一体机,品牌12,17英寸,8吉字节内存,黑色,16*1*1,16,DF84F,亚历克斯,收货,上架
NoScA3liGr,灰色 品牌17 三号纸 笔记本（线条）,笔记本,品牌17,三号纸,线条,灰色,48*10*5,2400,BQ44H,亚历克斯,收货,上架
TaTR18FrSi,银色 品牌29 1800 桌子（框架式）,桌子,品牌29,1800,框架式,银色,8*1*1,8,AK97C,克里斯,收货,上架
GaAESAdWh,白色 品牌05 小号 游戏椅（可调节）,游戏椅,品牌05,小号,可调节,白色,16*1*1,16,CH23F,大卫,收货,上架
TVYn65SFSi,银色 品牌15 65英寸 电视机（超级全高清）,电视机,品牌15,65英寸,超级全高清,银色,8*1*1,8,BZ90F,莎拉,收货,上架
LaSu158GSi,银色 品牌11 15英寸 笔记本电脑（8吉字节内存）,笔记本电脑,品牌11,15英寸,8吉字节内存,银色,16*1*1,16,CH03E,约翰,收货,上架
GaSEMAdPi,粉色 品牌08 中号 游戏椅（可调节）,游戏椅,品牌08,中号,可调节,粉色,16*1*1,16,AO36F,克里斯,收货,上架
TVEs65FHWh,白色 品牌32 65英寸 电视机（全高清）,电视机,品牌32,65英寸,全高清,白色,8*1*1,8,CI90H,简,收货,上架
DrRG12LoGr,灰色 品牌03 1200 抽屉柜（储物锁柜）,抽屉柜,品牌03,1200,储物锁柜,灰色,8*1*1,8,AL55E,克里斯,收货,上架
NoScA3doBl,黑色 品牌17 三号纸 笔记本（点阵）,笔记本,品牌17,三号纸,点阵,黑色,48*10*5,2400,CP09H,迈克,收货,上架
MoHc35WiPi,粉色 品牌09 350 鼠标（有线）,鼠标,品牌09,350,有线,粉色,16*10*1,160,CU86F,亚历克斯,收货,上架
TVYn32SFWh,白色 品牌15 32英寸 电视机（超级全高清）,电视机,品牌15,32英寸,超级全高清,白色,8*1*1,8,DS56B,亚历克斯,收货,上架
MoSu27ErBl,黑色 品牌11 270 鼠标（人体工学）,鼠标,品牌11,270,人体工学,黑色,16*10*1,160,DN39B,亚历克斯,收货,上架
KePH27WiPi,粉色 品牌12 270 键盘（有线）,键盘,品牌12,270,有线,粉色,16*10*1,160,DV60C,艾米,收货,上架
CuRG90SlWh,白色 品牌03 900 储物柜（滑动式）,储物柜,品牌03,900,滑动式,白色,8*1*1,8,AW82C,劳拉,收货,上架
LaSu17i5Gr,灰色 品牌11 17英寸 笔记本电脑（第5代处理器）,笔记本电脑,品牌11,17英寸,第5代处理器,灰色,16*1*1,16,AH72C,迈克,收货,上架
CaWE18LoBl,黑色 品牌02 1800 文件柜（储物锁柜）,文件柜,品牌02,1800,储物锁柜,黑色,8*1*1,8,BS28E,约翰,收货,上架
KeHc27BlWh,白色 品牌09 270 键盘（蓝牙）,键盘,品牌09,270,蓝牙,白色,16*10*1,160,DK33B,亚历克斯,收货,上架
AlPH148GWh,白色 品牌12 14英寸 一体机（8吉字节内存）,一体机,品牌12,14英寸,8吉字节内存,白色,16*1*1,16,DP20H,约翰,收货,上架
AlPH178GGr,灰色 品牌12 17英寸 一体机（8吉字节内存）,一体机,品牌12,17英寸,8吉字节内存,灰色,16*1*1,16,CF98C,克里斯,收货,上架
AlRe14i5Bl,黑色 品牌14 14英寸 一体机（第5代处理器）,一体机,品牌14,14英寸,第5代处理器,黑色,16*1*1,16,AN06A,艾米丽,收货,上架
OfAESErWh,白色 品牌05 小号 办公椅（人体工学）,办公椅,品牌05,小号,人体工学,白色,16*1*1,16,DU47E,约翰,收货,上架
PrNoA4AlWh,白色 品牌26 四号纸 打印机（一体式）,打印机,品牌26,四号纸,一体式,白色,16*1*1,16,AG41D,克里斯,收货,上架
DrWE18LoWh,白色 品牌02 1800 抽屉柜（储物锁柜）,抽屉柜,品牌02,1800,储物锁柜,白色,8*1*1,8,DN06E,艾米丽,收货,上架
AlPH14i7Gr,灰色 品牌12 14英寸 一体机（第7代处理器）,一体机,品牌12,14英寸,第7代处理器,灰色,16*1*1,16,AS33F,大卫,收货,上架
AlRe1716Wh,白色 品牌14 17英寸 一体机（16吉字节内存）,一体机,品牌14,17英寸,16吉字节内存,白色,16*1*1,16,AS96G,艾米,收货,上架
GaXELLeWh,白色 品牌06 大号 游戏椅（皮革）,游戏椅,品牌06,大号,皮革,白色,16*1*1,16,BJ91C,劳拉,收货,上架
KeHc27ErNa,藏青色 品牌09 270 键盘（人体工学）,键盘,品牌09,270,人体工学,藏青色,16*10*1,160,BL28E,大卫,收货,上架
LaRe178GWh,白色 品牌14 17英寸 笔记本电脑（8吉字节内存）,笔记本电脑,品牌14,17英寸,8吉字节内存,白色,16*1*1,16,BO68B,莎拉,收货,上架
OfOGLErPi,粉色 品牌07 大号 办公椅（人体工学）,办公椅,品牌07,大号,人体工学,粉色,16*1*1,16,DP40A,莎拉,收货,上架
DrQE18FiBe,米色 品牌01 1800 抽屉柜（文件收纳）,抽屉柜,品牌01,1800,文件收纳,米色,8*1*1,8,CU93H,大卫,收货,上架
LaYn17i5Wh,白色 品牌15 17英寸 笔记本电脑（第5代处理器）,笔记本电脑,品牌15,17英寸,第5代处理器,白色,16*1*1,16,BY17B,约翰,收货,上架
CaWE90LoBe,米色 品牌02 900 文件柜（储物锁柜）,文件柜,品牌02,900,储物锁柜,米色,8*1*1,8,CR59F,克里斯,收货,上架
CaQE90FiBl,黑色 品牌01 900 文件柜（文件收纳）,文件柜,品牌01,900,文件收纳,黑色,8*1*1,8,DY07H,大卫,收货,上架
CaQE18SlBl,黑色 品牌01 1800 文件柜（滑动式）,文件柜,品牌01,1800,滑动式,黑色,8*1*1,8,BM10C,劳拉,收货,上架
PrNoA3InGr,灰色 品牌26 三号纸 打印机（喷墨）,打印机,品牌26,三号纸,喷墨,灰色,16*1*1,16,DN67F,亚历克斯,收货,上架
AlSu17i5Si,银色 品牌11 17英寸 一体机（第5代处理器）,一体机,品牌11,17英寸,第5代处理器,银色,16*1*1,16,AS70G,亚历克斯,收货,上架
LaOv1532Bl,黑色 品牌13 15英寸 笔记本电脑（32吉字节内存）,笔记本电脑,品牌13,15英寸,32吉字节内存,黑色,16*1*1,16,CO35H,艾米,收货,上架
CuRG12LoWh,白色 品牌03 1200 储物柜（储物锁柜）,储物柜,品牌03,1200,储物锁柜,白色,8*1*1,8,DR63G,莎拉,收货,上架
AlOv1732Gr,灰色 品牌13 17英寸 一体机（32吉字节内存）,一体机,品牌13,17英寸,32吉字节内存,灰色,16*1*1,16,CN78H,约翰,收货,上架
TVGL42S4Si,银色 品牌31 42英寸 电视机（超级超高清）,电视机,品牌31,42英寸,超级超高清,银色,8*1*1,8,CM73E,简,收货,上架
DrWE18SlGr,灰色 品牌02 1800 抽屉柜（滑动式）,抽屉柜,品牌02,1800,滑动式,灰色,8*1*1,8,AN61H,莎拉,收货,上架
CuRG18SlGr,灰色 品牌03 1800 储物柜（滑动式）,储物柜,品牌03,1800,滑动式,灰色,8*1*1,8,CV51C,克里斯,收货,上架
OfAESErWh,白色 品牌05 小号 办公椅（人体工学）,办公椅,品牌05,小号,人体工学,白色,16*1*1,16,BJ90B,简,收货,上架
CaTE18SlGr,灰色 品牌04 1800 文件柜（滑动式）,文件柜,品牌04,1800,滑动式,灰色,8*1*1,8,DW60F,莎拉,收货,上架
MoRe27MeWh,白色 品牌10 270 鼠标（机械式）,鼠标,品牌10,270,机械式,白色,16*10*1,160,DH51E,艾米,收货,上架
SPAl12HePi,粉色 品牌20 12 触控笔（六角形）,触控笔,品牌20,12,六角形,粉色,48*10*5,2400,AZ15F,亚历克斯,收货,上架
LaOv15i7Si,银色 品牌13 15英寸 笔记本电脑（第7代处理器）,笔记本电脑,品牌13,15英寸,第7代处理器,银色,16*1*1,16,CK45H,莎拉,收货,上架
CaTE18LoGr,灰色 品牌04 1800 文件柜（储物锁柜）,文件柜,品牌04,1800,储物锁柜,灰色,8*1*1,8,AS08F,迈克,收货,上架
KeSu27BlWh,白色 品牌11 270 键盘（蓝牙）,键盘,品牌11,270,蓝牙,白色,16*10*1,160,CS29G,约翰,收货,上架
TVYn32FHWh,白色 品牌15 32英寸 电视机（全高清）,电视机,品牌15,32英寸,全高清,白色,8*1*1,8,AY58E,约翰,收货,上架
CaQE12LoGr,灰色 品牌01 1200 文件柜（储物锁柜）,文件柜,品牌01,1200,储物锁柜,灰色,8*1*1,8,CK32H,亚历克斯,收货,上架
DrTE18DoBe,米色 品牌04 1800 抽屉柜（带门式）,抽屉柜,品牌04,1800,带门式,米色,8*1*1,8,AX98C,艾米丽,收货,上架
PrSoA3AlMi,混合色 品牌25 三号纸 打印机（一体式）,打印机,品牌25,三号纸,一体式,混合色,16*1*1,16,BF42G,莎拉,收货,上架
CuWE18FiBl,黑色 品牌02 1800 储物柜（文件收纳）,储物柜,品牌02,1800,文件收纳,黑色,8*1*1,8,CW50F,劳拉,收货,上架
NoGrA4ruSi,银色 品牌18 四号纸 笔记本（横线）,笔记本,品牌18,四号纸,横线,银色,48*10*5,2400,BH01H,克里斯,收货,上架
DrWE12DoBe,米色 品牌02 1200 抽屉柜（带门式）,抽屉柜,品牌02,1200,带门式,米色,8*1*1,8,BL29D,迈克,收货,上架
AlSu17i7Bl,黑色 品牌11 17英寸 一体机（第7代处理器）,一体机,品牌11,17英寸,第7代处理器,黑色,16*1*1,16,CL35G,约翰,收货,上架
PrPHA4AlMi,混合色 品牌12 四号纸 打印机（一体式）,打印机,品牌12,四号纸,一体式,混合色,16*1*1,16,CI56D,大卫,收货,上架
AlSu1416Si,银色 品牌11 14英寸 一体机（16吉字节内存）,一体机,品牌11,14英寸,16吉字节内存,银色,16*1*1,16,BY13E,克里斯,收货,上架
OfAEMErPi,粉色 品牌05 中号 办公椅（人体工学）,办公椅,品牌05,中号,人体工学,粉色,16*1*1,16,AO88C,迈克,收货,上架
PeNa12SoWh,白色 品牌23 12 铅笔（可溶性）,铅笔,品牌23,12,可溶性,白色,48*10*5,2400,CL12C,约翰,收货,上架
CaRG12SlBl,黑色 品牌03 1200 文件柜（滑动式）,文件柜,品牌03,1200,滑动式,黑色,8*1*1,8,DY42F,劳拉,收货,上架
PrReA4AlWh,白色 品牌24 四号纸 打印机（一体式）,打印机,品牌24,四号纸,一体式,白色,16*1*1,16,DT60C,大卫,收货,上架
TaTR10FrSi,银色 品牌28 1000 桌子（框架式）,桌子,品牌28,1000,框架式,银色,8*1*1,8,BU40D,迈克,收货,上架
CuRG18LoBl,黑色 品牌03 1800 储物柜（储物锁柜）,储物柜,品牌03,1800,储物锁柜,黑色,8*1*1,8,AK92H,约翰,收货,上架
DrQE12SlBe,米色 品牌01 1200 抽屉柜（滑动式）,抽屉柜,品牌01,1200,滑动式,米色,8*1*1,8,BH70G,约翰,收货,上架
PeNa50SoBl,黑色 品牌23 50 铅笔（可溶性）,铅笔,品牌23,50,可溶性,黑色,48*10*5,2400,AV49F,亚历克斯,收货,上架
TVGL75SFGr,灰色 品牌31 75英寸 电视机（超级全高清）,电视机,品牌31,75英寸,超级全高清,灰色,8*1*1,8,CW04B,简,收货,上架
NoMuA4ruGr,灰色 品牌19 四号纸 笔记本（横线）,笔记本,品牌19,四号纸,横线,灰色,48*10*5,2400,CQ40A,艾米丽,收货,上架
OfAEMAdPi,粉色 品牌05 中号 办公椅（可调节）,办公椅,品牌05,中号,可调节,粉色,16*1*1,16,CS06F,艾米丽,收货,上架
TVGn654KSi,银色 品牌30 65英寸 电视机（超高清）,电视机,品牌30,65英寸,超高清,银色,8*1*1,8,AY33D,克里斯,收货,上架
TaTR18AdBl,黑色 品牌29 1800 桌子（可调节）,桌子,品牌29,1800,可调节,黑色,8*1*1,8,DQ26D,约翰,收货,上架
LaSu17i5Si,银色 品牌11 17英寸 笔记本电脑（第5代处理器）,笔记本电脑,品牌11,17英寸,第5代处理器,银色,16*1*1,16,AN79A,艾米,收货,上架
OfAELAdBl,黑色 品牌05 大号 办公椅（可调节）,办公椅,品牌05,大号,可调节,黑色,16*1*1,16,BM22H,亚历克斯,收货,上架
NoScA5liGr,灰色 品牌17 五号纸 笔记本（线条）,笔记本,品牌17,五号纸,线条,灰色,48*10*5,2400,AO28H,迈克,收货,上架
MoHc45MeNa,藏青色 品牌09 450 鼠标（机械式）,鼠标,品牌09,450,机械式,藏青色,16*10*1,160,AV89C,克里斯,收货,上架
SPGi24HeBl,黑色 品牌21 24 触控笔（六角形）,触控笔,品牌21,24,六角形,黑色,48*10*5,2400,AV79E,艾米丽,收货,上架
PrReA3InGr,灰色 品牌24 三号纸 打印机（喷墨）,打印机,品牌24,三号纸,喷墨,灰色,16*1*1,16,CN87A,艾米丽,收货,上架
TaTR18WoWh,白色 品牌29 1800 桌子（工作站）,桌子,品牌29,1800,工作站,白色,8*1*1,8,DG12D,亚历克斯,收货,上架
DrQE18FiWh,白色 品牌01 1800 抽屉柜（文件收纳）,抽屉柜,品牌01,1800,文件收纳,白色,8*1*1,8,DZ78F,简,收货,上架
CuRG18FiBl,黑色 品牌03 1800 储物柜（文件收纳）,储物柜,品牌03,1800,文件收纳,黑色,8*1*1,8,AZ54B,大卫,收货,上架
TVYn42FHGr,灰色 品牌15 42英寸 电视机（全高清）,电视机,品牌15,42英寸,全高清,灰色,8*1*1,8,BV95E,大卫,收货,上架
TVGL654KSi,银色 品牌31 65英寸 电视机（超高清）,电视机,品牌31,65英寸,超高清,银色,8*1*1,8,CP79D,劳拉,收货,上架
TVGn42FHSi,银色 品牌30 42英寸 电视机（全高清）,电视机,品牌30,42英寸,全高清,银色,8*1*1,8,AQ07B,艾米丽,收货,上架
MoSu35ErPi,粉色 品牌11 350 鼠标（人体工学）,鼠标,品牌11,350,人体工学,粉色,16*10*1,160,AO87G,艾米,收货,上架
SPRe50HeBl,黑色 品牌22 50 触控笔（六角形）,触控笔,品牌22,50,六角形,黑色,48*10*5,2400,AX88C,简,收货,上架
TVGL424KGr,灰色 品牌31 42英寸 电视机（超高清）,电视机,品牌31,42英寸,超高清,灰色,8*1*1,8,AT52F,劳拉,收货,上架
TaTR10AdSi,银色 品牌29 1000 桌子（可调节）,桌子,品牌29,1000,可调节,银色,8*1*1,8,DN79F,大卫,收货,上架
OfSESHePi,粉色 品牌08 小号 办公椅（头枕）,办公椅,品牌08,小号,头枕,粉色,16*1*1,16,CK21C,莎拉,收货,上架
PeGi12HeGr,灰色 品牌21 12 铅笔（六角形）,铅笔,品牌21,12,六角形,灰色,48*10*5,2400,AQ90B,迈克,收货,上架
MoSu35ErPi,粉色 品牌11 350 鼠标（人体工学）,鼠标,品牌11,350,人体工学,粉色,16*10*1,160,CH31C,亚历克斯,收货,上架
SPGi24HeWh,白色 品牌21 24 触控笔（六角形）,触控笔,品牌21,24,六角形,白色,48*10*5,2400,AN23D,克里斯,收货,上架
SPGi24WaWh,白色 品牌21 24 触控笔（水彩）,触控笔,品牌21,24,水彩,白色,48*10*5,2400,DW50A,迈克,收货,上架
PeGi12HeWh,白色 品牌21 12 铅笔（六角形）,铅笔,品牌21,12,六角形,白色,48*10*5,2400,DY86C,迈克,收货,上架
DrQE18FiBe,米色 品牌01 1800 抽屉柜（文件收纳）,抽屉柜,品牌01,1800,文件收纳,米色,8*1*1,8,DI60D,克里斯,收货,上架
NoMuA4liBl,黑色 品牌19 四号纸 笔记本（线条）,笔记本,品牌19,四号纸,线条,黑色,48*10*5,2400,DX22C,艾米丽,收货,上架
NoScA3liBl,黑色 品牌17 三号纸 笔记本（线条）,笔记本,品牌17,三号纸,线条,黑色,48*10*5,2400,AJ42G,大卫,收货,上架
KeRe35MeNa,藏青色 品牌10 350 键盘（机械式）,键盘,品牌10,350,机械式,藏青色,16*10*1,160,BX60D,克里斯,收货,上架
OfSELHePi,粉色 品牌08 大号 办公椅（头枕）,办公椅,品牌08,大号,头枕,粉色,16*1*1,16,DF19C,克里斯,收货,上架
CaQE12FiBl,黑色 品牌01 1200 文件柜（文件收纳）,文件柜,品牌01,1200,文件收纳,黑色,8*1*1,8,BS52D,约翰,收货,上架
CuRG90LoBl,黑色 品牌03 900 储物柜（储物锁柜）,储物柜,品牌03,900,储物锁柜,黑色,8*1*1,8,BP56D,艾米,收货,上架
GaXEMHeBl,黑色 品牌06 中号 游戏椅（头枕）,游戏椅,品牌06,中号,头枕,黑色,16*1*1,16,BF59E,克里斯,收货,上架
PrNoA3InBl,黑色 品牌26 三号纸 打印机（喷墨）,打印机,品牌26,三号纸,喷墨,黑色,16*1*1,16,BP70C,简,收货,上架
LaPH1716Bl,黑色 品牌12 17英寸 笔记本电脑（16吉字节内存）,笔记本电脑,品牌12,17英寸,16吉字节内存,黑色,16*1*1,16,DH60H,莎拉,收货,上架
MoHc27WiWh,白色 品牌09 270 鼠标（有线）,鼠标,品牌09,270,有线,白色,16*10*1,160,BI44H,亚历克斯,收货,上架
MoHc35MeBl,黑色 品牌09 350 鼠标（机械式）,鼠标,品牌09,350,机械式,黑色,16*10*1,160,BJ16G,劳拉,收货,上架
PrNoA4MoGr,灰色 品牌26 四号纸 打印机（黑白）,打印机,品牌26,四号纸,黑白,灰色,16*1*1,16,DY25F,艾米丽,收货,上架
NoMuA5doWh,白色 品牌19 五号纸 笔记本（点阵）,笔记本,品牌19,五号纸,点阵,白色,48*10*5,2400,AR69D,克里斯,收货,上架
PrPHA2LaGr,灰色 品牌12 二号纸 打印机（激光）,打印机,品牌12,二号纸,激光,灰色,16*1*1,16,DF79D,约翰,收货,上架
AlOv17i5Gr,灰色 品牌13 17英寸 一体机（第5代处理器）,一体机,品牌13,17英寸,第5代处理器,灰色,16*1*1,16,BI67D,劳拉,收货,上架
MoHc27BlNa,藏青色 品牌09 270 鼠标（蓝牙）,鼠标,品牌09,270,蓝牙,藏青色,16*10*1,160,CZ77C,劳拉,收货,上架
GaSEMErWh,白色 品牌08 中号 游戏椅（人体工学）,游戏椅,品牌08,中号,人体工学,白色,16*1*1,16,CO35D,艾米丽,收货,上架
KeHc45MeBl,黑色 品牌09 450 键盘（机械式）,键盘,品牌09,450,机械式,黑色,16*10*1,160,DU53D,克里斯,收货,上架
GaAEMAdGr,灰色 品牌05 中号 游戏椅（可调节）,游戏椅,品牌05,中号,可调节,灰色,16*1*1,16,BV20B,克里斯,收货,上架
PrPHA3MoWh,白色 品牌12 三号纸 打印机（黑白）,打印机,品牌12,三号纸,黑白,白色,16*1*1,16,CK85H,大卫,收货,上架
AlRe17i7Gr,灰色 品牌14 17英寸 一体机（第7代处理器）,一体机,品牌14,17英寸,第7代处理器,灰色,16*1*1,16,DN68C,大卫,收货,上架
OfOGLAdBl,黑色 品牌07 大号 办公椅（可调节）,办公椅,品牌07,大号,可调节,黑色,16*1*1,16,AH67E,劳拉,收货,上架
GaOGMHeWh,白色 品牌07 中号 游戏椅（头枕）,游戏椅,品牌07,中号,头枕,白色,16*1*1,16,DR26B,艾米丽,收货,上架
CuQE12SlGr,灰色 品牌01 1200 储物柜（滑动式）,储物柜,品牌01,1200,滑动式,灰色,8*1*1,8,BH22G,劳拉,收货,上架
MoRe35WiPi,粉色 品牌10 350 鼠标（有线）,鼠标,品牌10,350,有线,粉色,16*10*1,160,CP36E,劳拉,收货,上架
LaOv14i5Bl,黑色 品牌13 14英寸 笔记本电脑（第5代处理器）,笔记本电脑,品牌13,14英寸,第5代处理器,黑色,16*1*1,16,DG64G,迈克,收货,上架
GaOGMErBl,黑色 品牌07 中号 游戏椅（人体工学）,游戏椅,品牌07,中号,人体工学,黑色,16*1*1,16,AO06A,亚历克斯,收货,上架
OfSESHeGr,灰色 品牌08 小号 办公椅（头枕）,办公椅,品牌08,小号,头枕,灰色,16*1*1,16,CJ14F,克里斯,收货,上架
LaOv1732Si,银色 品牌13 17英寸 笔记本电脑（32吉字节内存）,笔记本电脑,品牌13,17英寸,32吉字节内存,银色,16*1*1,16,AM31C,约翰,收货,上架
CuWE18LoGr,灰色 品牌02 1800 储物柜（储物锁柜）,储物柜,品牌02,1800,储物锁柜,灰色,8*1*1,8,BO56E,大卫,收货,上架
SPRe50HeGr,灰色 品牌22 50 触控笔（六角形）,触控笔,品牌22,50,六角形,灰色,48*10*5,2400,DI19D,艾米,收货,上架
KeRe45ErNa,藏青色 品牌10 450 键盘（人体工学）,键盘,品牌10,450,人体工学,藏青色,16*10*1,160,AU62A,约翰,收货,上架
LaSu15i7Wh,白色 品牌11 15英寸 笔记本电脑（第7代处理器）,笔记本电脑,品牌11,15英寸,第7代处理器,白色,16*1*1,16,CX74D,艾米丽,收货,上架
TaAE18WoSi,银色 品牌05 1800 桌子（工作站）,桌子,品牌05,1800,工作站,银色,8*1*1,8,BL60H,亚历克斯,收货,上架
OfOGSErWh,白色 品牌07 小号 办公椅（人体工学）,办公椅,品牌07,小号,人体工学,白色,16*1*1,16,CQ57G,迈克,收货,上架
OfSELHeWh,白色 品牌08 大号 办公椅（头枕）,办公椅,品牌08,大号,头枕,白色,16*1*1,16,CJ04G,亚历克斯,收货,上架
TVYn32SFSi,银色 品牌15 32英寸 电视机（超级全高清）,电视机,品牌15,32英寸,超级全高清,银色,8*1*1,8,AX50G,艾米,收货,上架
GaSESLeBl,黑色 品牌08 小号 游戏椅（皮革）,游戏椅,品牌08,小号,皮革,黑色,16*1*1,16,AU57B,约翰,收货,上架
TVGn75S4Si,银色 品牌30 75英寸 电视机（超级超高清）,电视机,品牌30,75英寸,超级超高清,银色,8*1*1,8,AM19E,迈克,收货,上架
GaSEMAdGr,灰色 品牌08 中号 游戏椅（可调节）,游戏椅,品牌08,中号,可调节,灰色,16*1*1,16,BX65A,艾米,收货,上架
KeHc27MeBl,黑色 品牌09 270 键盘（机械式）,键盘,品牌09,270,机械式,黑色,16*10*1,160,BI68E,克里斯,收货,上架
PrNoA3WiMi,混合色 品牌26 三号纸 打印机（无线网络）,打印机,品牌26,三号纸,无线网络,混合色,16*1*1,16,BL67H,艾米丽,收货,上架
CaTE18LoBe,米色 品牌04 1800 文件柜（储物锁柜）,文件柜,品牌04,1800,储物锁柜,米色,8*1*1,8,AN90B,劳拉,收货,上架
AlSu17i5Wh,白色 品牌11 17英寸 一体机（第5代处理器）,一体机,品牌11,17英寸,第5代处理器,白色,16*1*1,16,CV77A,约翰,收货,上架
PrNoA4MoGr,灰色 品牌26 四号纸 打印机（黑白）,打印机,品牌26,四号纸,黑白,灰色,16*1*1,16,BG09D,劳拉,收货,上架
TaTR15AdGr,灰色 品牌28 1500 桌子（可调节）,桌子,品牌28,1500,可调节,灰色,8*1*1,8,CY51G,大卫,收货,上架
LaPH17i5Gr,灰色 品牌12 17英寸 笔记本电脑（第5代处理器）,笔记本电脑,品牌12,17英寸,第5代处理器,灰色,16*1*1,16,DR38A,艾米,收货,上架
LaYn1716Gr,灰色 品牌15 17英寸 笔记本电脑（16吉字节内存）,笔记本电脑,品牌15,17英寸,16吉字节内存,灰色,16*1*1,16,BO55C,艾米丽,收货,上架
GaXEMLeBl,黑色 品牌06 中号 游戏椅（皮革）,游戏椅,品牌06,中号,皮革,黑色,16*1*1,16,CK66C,大卫,收货,上架
LaOv15i5Wh,白色 品牌13 15英寸 笔记本电脑（第5代处理器）,笔记本电脑,品牌13,15英寸,第5代处理器,白色,16*1*1,16,DZ38G,克里斯,收货,上架
PrReA2AlGr,灰色 品牌24 二号纸 打印机（一体式）,打印机,品牌24,二号纸,一体式,灰色,16*1*1,16,DP78C,大卫,收货,上架
MoSu27WiPi,粉色 品牌11 270 鼠标（有线）,鼠标,品牌11,270,有线,粉色,16*10*1,160,BX34C,约翰,收货,上架
SPRe24WaWh,白色 品牌22 24 触控笔（水彩）,触控笔,品牌22,24,水彩,白色,48*10*5,2400,CN90G,克里斯,收货,上架
TVEs75S4Bl,黑色 品牌32 75英寸 电视机（超级超高清）,电视机,品牌32,75英寸,超级超高清,黑色,8*1*1,8,AQ96D,约翰,收货,上架
MoSu35MePi,粉色 品牌11 350 鼠标（机械式）,鼠标,品牌11,350,机械式,粉色,16*10*1,160,CP94A,劳拉,收货,上架
MoRe35WiWh,白色 品牌10 350 鼠标（有线）,鼠标,品牌10,350,有线,白色,16*10*1,160,CM34D,大卫,收货,上架
DrRG12SlWh,白色 品牌03 1200 抽屉柜（滑动式）,抽屉柜,品牌03,1200,滑动式,白色,8*1*1,8,CN07D,劳拉,收货,上架
KeRe27MeBl,黑色 品牌10 270 键盘（机械式）,键盘,品牌10,270,机械式,黑色,16*10*1,160,BJ18G,简,收货,上架
LaRe1716Gr,灰色 品牌14 17英寸 笔记本电脑（16吉字节内存）,笔记本电脑,品牌14,17英寸,16吉字节内存,灰色,16*1*1,16,CT28A,克里斯,收货,上架
CuRG12FiWh,白色 品牌03 1200 储物柜（文件收纳）,储物柜,品牌03,1200,文件收纳,白色,8*1*1,8,BM86A,劳拉,收货,上架
TVGL50FHWh,白色 品牌31 50英寸 电视机（全高清）,电视机,品牌31,50英寸,全高清,白色,8*1*1,8,DG62D,简,收货,上架
PrNoA3MoMi,混合色 品牌26 三号纸 打印机（黑白）,打印机,品牌26,三号纸,黑白,混合色,16*1*1,16,AF09A,迈克,收货,上架
DrWE18SlGr,灰色 品牌02 1800 抽屉柜（滑动式）,抽屉柜,品牌02,1800,滑动式,灰色,8*1*1,8,AS22D,莎拉,收货,上架
AlRe1732Wh,白色 品牌14 17英寸 一体机（32吉字节内存）,一体机,品牌14,17英寸,32吉字节内存,白色,16*1*1,16,AR43C,克里斯,收货,上架
OfXEMErWh,白色 品牌06 中号 办公椅（人体工学）,办公椅,品牌06,中号,人体工学,白色,16*1*1,16,DG40D,简,收货,上架
PeNa50WaPi,粉色 品牌23 50 铅笔（水彩）,铅笔,品牌23,50,水彩,粉色,48*10*5,2400,DJ42A,艾米,收货,上架
GaOGSLeWh,白色 品牌07 小号 游戏椅（皮革）,游戏椅,品牌07,小号,皮革,白色,16*1*1,16,CQ42F,亚历克斯,收货,上架
TaAE15AdGr,灰色 品牌05 1500 桌子（可调节）,桌子,品牌05,1500,可调节,灰色,8*1*1,8,CZ17D,迈克,收货,上架
AlRe1716Wh,白色 品牌14 17英寸 一体机（16吉字节内存）,一体机,品牌14,17英寸,16吉字节内存,白色,16*1*1,16,CU14E,大卫,收货,上架
DrWE12DoBe,米色 品牌02 1200 抽屉柜（带门式）,抽屉柜,品牌02,1200,带门式,米色,8*1*1,8,AO22A,劳拉,收货,上架
PrSoA4AlBl,黑色 品牌25 四号纸 打印机（一体式）,打印机,品牌25,四号纸,一体式,黑色,16*1*1,16,CH93G,亚历克斯,收货,上架
TVGn75S4Wh,白色 品牌30 75英寸 电视机（超级超高清）,电视机,品牌30,75英寸,超级超高清,白色,8*1*1,8,BV82B,迈克,收货,上架
TaCI18FrGr,灰色 品牌27 1800 桌子（框架式）,桌子,品牌27,1800,框架式,灰色,8*1*1,8,AW25F,克里斯,收货,上架
DrTE90SlBe,米色 品牌04 900 抽屉柜（滑动式）,抽屉柜,品牌04,900,滑动式,米色,8*1*1,8,DM17G,艾米丽,收货,上架
DrTE90LoWh,白色 品牌04 900 抽屉柜（储物锁柜）,抽屉柜,品牌04,900,储物锁柜,白色,8*1*1,8,DH46B,迈克,收货,上架
PeNa50SoPi,粉色 品牌23 50 铅笔（可溶性）,铅笔,品牌23,50,可溶性,粉色,48*10*5,2400,DR85F,莎拉,收货,上架
LaYn158GWh,白色 品牌15 15英寸 笔记本电脑（8吉字节内存）,笔记本电脑,品牌15,15英寸,8吉字节内存,白色,16*1*1,16,AU95G,大卫,收货,上架
CuQE18LoBl,黑色 品牌01 1800 储物柜（储物锁柜）,储物柜,品牌01,1800,储物锁柜,黑色,8*1*1,8,DP05D,约翰,收货,上架
OfXEMAdBl,黑色 品牌06 中号 办公椅（可调节）,办公椅,品牌06,中号,可调节,黑色,16*1*1,16,AP56H,迈克,收货,上架
TVGL75FHSi,银色 品牌31 75英寸 电视机（全高清）,电视机,品牌31,75英寸,全高清,银色,8*1*1,8,DL95E,莎拉,收货,上架
KeHc35WiPi,粉色 品牌09 350 键盘（有线）,键盘,品牌09,350,有线,粉色,16*10*1,160,CH15G,艾米,收货,上架
KeHc45ErNa,藏青色 品牌09 450 键盘（人体工学）,键盘,品牌09,450,人体工学,藏青色,16*10*1,160,DJ49H,艾米丽,收货,上架
AlYn178GWh,白色 品牌15 17英寸 一体机（8吉字节内存）,一体机,品牌15,17英寸,8吉字节内存,白色,16*1*1,16,CZ50A,迈克,收货,上架
TVEs75SFWh,白色 品牌32 75英寸 电视机（超级全高清）,电视机,品牌32,75英寸,超级全高清,白色,8*1*1,8,BO56C,劳拉,收货,上架
LaPH14i7Bl,黑色 品牌12 14英寸 笔记本电脑（第7代处理器）,笔记本电脑,品牌12,14英寸,第7代处理器,黑色,16*1*1,16,CN08B,大卫,收货,上架
MoRe27BlPi,粉色 品牌10 270 鼠标（蓝牙）,鼠标,品牌10,270,蓝牙,粉色,16*10*1,160,CQ57B,克里斯,收货,上架
GaSESAdPi,粉色 品牌08 小号 游戏椅（可调节）,游戏椅,品牌08,小号,可调节,粉色,16*1*1,16,AK60G,莎拉,收货,上架
OfSEMAdGr,灰色 品牌08 中号 办公椅（可调节）,办公椅,品牌08,中号,可调节,灰色,16*1*1,16,CY90F,简,收货,上架
PeRe50WaPi,粉色 品牌22 50 铅笔（水彩）,铅笔,品牌22,50,水彩,粉色,48*10*5,2400,CX56B,约翰,收货,上架
TaAE15FrWh,白色 品牌05 1500 桌子（框架式）,桌子,品牌05,1500,框架式,白色,8*1*1,8,BR69E,克里斯,收货,上架
AlPH1432Gr,灰色 品牌12 14英寸 一体机（32吉字节内存）,一体机,品牌12,14英寸,32吉字节内存,灰色,16*1*1,16,DG01C,莎拉,收货,上架
PrPHA3MoBl,黑色 品牌12 三号纸 打印机（黑白）,打印机,品牌12,三号纸,黑白,黑色,16*1*1,16,AX48H,莎拉,收货,上架
LaRe15i7Wh,白色 品牌14 15英寸 笔记本电脑（第7代处理器）,笔记本电脑,品牌14,15英寸,第7代处理器,白色,16*1*1,16,CR79A,莎拉,收货,上架
CuWE18DoWh,白色 品牌02 1800 储物柜（带门式）,储物柜,品牌02,1800,带门式,白色,8*1*1,8,AM41E,劳拉,收货,上架
DrRG12DoGr,灰色 品牌03 1200 抽屉柜（带门式）,抽屉柜,品牌03,1200,带门式,灰色,8*1*1,8,CW26H,艾米丽,收货,上架
TaTR18WoWh,白色 品牌29 1800 桌子（工作站）,桌子,品牌29,1800,工作站,白色,8*1*1,8,AL31D,约翰,收货,上架
PrSoA3WiGr,灰色 品牌25 三号纸 打印机（无线网络）,打印机,品牌25,三号纸,无线网络,灰色,16*1*1,16,AY21H,简,收货,上架
TaTR18FrBl,黑色 品牌29 1800 桌子（框架式）,桌子,品牌29,1800,框架式,黑色,8*1*1,8,CZ64G,克里斯,收货,上架
AlYn15i7Gr,灰色 品牌15 15英寸 一体机（第7代处理器）,一体机,品牌15,15英寸,第7代处理器,灰色,16*1*1,16,BO14G,克里斯,收货,上架
CaTE18SlBe,米色 品牌04 1800 文件柜（滑动式）,文件柜,品牌04,1800,滑动式,米色,8*1*1,8,DM02B,约翰,收货,上架
SPGi24WaGr,灰色 品牌21 24 触控笔（水彩）,触控笔,品牌21,24,水彩,灰色,48*10*5,2400,CJ73F,艾米丽,收货,上架
TVGL654KWh,白色 品牌31 65英寸 电视机（超高清）,电视机,品牌31,65英寸,超高清,白色,8*1*1,8,AU96H,亚历克斯,收货,上架
OfSESHeGr,灰色 品牌08 小号 办公椅（头枕）,办公椅,品牌08,小号,头枕,灰色,16*1*1,16,AT68F,劳拉,收货,上架
GaSESErBl,黑色 品牌08 小号 游戏椅（人体工学）,游戏椅,品牌08,小号,人体工学,黑色,16*1*1,16,CV97G,大卫,收货,上架
AlYn158GGr,灰色 品牌15 15英寸 一体机（8吉字节内存）,一体机,品牌15,15英寸,8吉字节内存,灰色,16*1*1,16,CS67D,莎拉,收货,上架
SPAl50HeGr,灰色 品牌20 50 触控笔（六角形）,触控笔,品牌20,50,六角形,灰色,48*10*5,2400,CM49F,简,收货,上架
PeNa12WaGr,灰色 品牌23 12 铅笔（水彩）,铅笔,品牌23,12,水彩,灰色,48*10*5,2400,DF29E,艾米丽,收货,上架
CaQE90SlWh,白色 品牌01 900 文件柜（滑动式）,文件柜,品牌01,900,滑动式,白色,8*1*1,8,DI88B,莎拉,收货,上架
CaTE12FiGr,灰色 品牌04 1200 文件柜（文件收纳）,文件柜,品牌04,1200,文件收纳,灰色,8*1*1,8,CZ46B,大卫,收货,上架
CaQE12LoWh,白色 品牌01 1200 文件柜（储物锁柜）,文件柜,品牌01,1200,储物锁柜,白色,8*1*1,8,CY29C,劳拉,收货,上架
PrReA2WiBl,黑色 品牌24 二号纸 打印机（无线网络）,打印机,品牌24,二号纸,无线网络,黑色,16*1*1,16,AN41G,莎拉,收货,上架
AlOv1432Si,银色 品牌13 14英寸 一体机（32吉字节内存）,一体机,品牌13,14英寸,32吉字节内存,银色,16*1*1,16,BY84G,迈克,收货,上架
TVYn324KSi,银色 品牌15 32英寸 电视机（超高清）,电视机,品牌15,32英寸,超高清,银色,8*1*1,8,AY49B,艾米,收货,上架
AlRe1732Si,银色 品牌14 17英寸 一体机（32吉字节内存）,一体机,品牌14,17英寸,32吉字节内存,银色,16*1*1,16,CN82C,迈克,收货,上架
CaRG12SlBe,米色 品牌03 1200 文件柜（滑动式）,文件柜,品牌03,1200,滑动式,米色,8*1*1,8,AJ04A,迈克,收货,上架
CaQE12DoWh,白色 品牌01 1200 文件柜（带门式）,文件柜,品牌01,1200,带门式,白色,8*1*1,8,BJ77G,莎拉,收货,上架
TVGL42S4Gr,灰色 品牌31 42英寸 电视机（超级超高清）,电视机,品牌31,42英寸,超级超高清,灰色,8*1*1,8,BF97G,亚历克斯,收货,上架
SPRe12WaGr,灰色 品牌22 12 触控笔（水彩）,触控笔,品牌22,12,水彩,灰色,48*10*5,2400,AQ63F,艾米丽,收货,上架
SPNa50HeGr,灰色 品牌23 50 触控笔（六角形）,触控笔,品牌23,50,六角形,灰色,48*10*5,2400,DX05H,劳拉,收货,上架
DrTE90DoBe,米色 品牌04 900 抽屉柜（带门式）,抽屉柜,品牌04,900,带门式,米色,8*1*1,8,AW01D,莎拉,收货,上架
KePH27WiWh,白色 品牌12 270 键盘（有线）,键盘,品牌12,270,有线,白色,16*10*1,160,DS43E,艾米丽,收货,上架
KeRe35MeBl,黑色 品牌10 350 键盘（机械式）,键盘,品牌10,350,机械式,黑色,16*10*1,160,BY18H,亚历克斯,收货,上架
AlPH148GBl,黑色 品牌12 14英寸 一体机（8吉字节内存）,一体机,品牌12,14英寸,8吉字节内存,黑色,16*1*1,16,AR65E,亚历克斯,收货,上架
PrNoA4MoGr,灰色 品牌26 四号纸 打印机（黑白）,打印机,品牌26,四号纸,黑白,灰色,16*1*1,16,AJ92E,劳拉,收货,上架
TVGL654KBl,黑色 品牌31 65英寸 电视机（超高清）,电视机,品牌31,65英寸,超高清,黑色,8*1*1,8,CP60H,亚历克斯,收货,上架
LaOv1532Gr,灰色 品牌13 15英寸 笔记本电脑（32吉字节内存）,笔记本电脑,品牌13,15英寸,32吉字节内存,灰色,16*1*1,16,BT27E,艾米丽,收货,上架
DrQE90FiBl,黑色 品牌01 900 抽屉柜（文件收纳）,抽屉柜,品牌01,900,文件收纳,黑色,8*1*1,8,DX76F,莎拉,收货,上架
KeRe27MePi,粉色 品牌10 270 键盘（机械式）,键盘,品牌10,270,机械式,粉色,16*10*1,160,BO85C,克里斯,收货,上架
GaOGLHeGr,灰色 品牌07 大号 游戏椅（头枕）,游戏椅,品牌07,大号,头枕,灰色,16*1*1,16,AI32B,大卫,收货,上架
OfOGMAdWh,白色 品牌07 中号 办公椅（可调节）,办公椅,品牌07,中号,可调节,白色,16*1*1,16,BY42B,莎拉,收货,上架
LaRe1716Wh,白色 品牌14 17英寸 笔记本电脑（16吉字节内存）,笔记本电脑,品牌14,17英寸,16吉字节内存,白色,16*1*1,16,CR63B,艾米丽,收货,上架
TVEs65SFGr,灰色 品牌32 65英寸 电视机（超级全高清）,电视机,品牌32,65英寸,超级全高清,灰色,8*1*1,8,BI11B,迈克,收货,上架
PrPHA4InBl,黑色 品牌12 四号纸 打印机（喷墨）,打印机,品牌12,四号纸,喷墨,黑色,16*1*1,16,BW88F,艾米,收货,上架
DrTE18FiWh,白色 品牌04 1800 抽屉柜（文件收纳）,抽屉柜,品牌04,1800,文件收纳,白色,8*1*1,8,CS76B,艾米丽,收货,上架
TaCI15AdBl,黑色 品牌27 1500 桌子（可调节）,桌子,品牌27,1500,可调节,黑色,8*1*1,8,AO16H,亚历克斯,收货,上架
DrQE90DoBe,米色 品牌01 900 抽屉柜（带门式）,抽屉柜,品牌01,900,带门式,米色,8*1*1,8,CW10A,迈克,收货,上架
CaWE18SlBl,黑色 品牌02 1800 文件柜（滑动式）,文件柜,品牌02,1800,滑动式,黑色,8*1*1,8,AK69C,莎拉,收货,上架
GaOGSLeGr,灰色 品牌07 小号 游戏椅（皮革）,游戏椅,品牌07,小号,皮革,灰色,16*1*1,16,DT64C,亚历克斯,收货,上架
PrSoA2WiGr,灰色 品牌25 二号纸 打印机（无线网络）,打印机,品牌25,二号纸,无线网络,灰色,16*1*1,16,AU65A,莎拉,收货,上架
NoMuA5ruWh,白色 品牌19 五号纸 笔记本（横线）,笔记本,品牌19,五号纸,横线,白色,48*10*5,2400,DV81D,艾米丽,收货,上架
CaTE12FiBe,米色 品牌04 1200 文件柜（文件收纳）,文件柜,品牌04,1200,文件收纳,米色,8*1*1,8,CR56D,劳拉,收货,上架
MoPH27MeBl,黑色 品牌12 270 鼠标（机械式）,鼠标,品牌12,270,机械式,黑色,16*10*1,160,DX43B,艾米,收货,上架
KePH35MePi,粉色 品牌12 350 键盘（机械式）,键盘,品牌12,350,机械式,粉色,16*10*1,160,AM82G,劳拉,收货,上架
NoGrA3doBl,黑色 品牌18 三号纸 笔记本（点阵）,笔记本,品牌18,三号纸,点阵,黑色,48*10*5,2400,CH84D,莎拉,收货,上架
MoHc45ErNa,藏青色 品牌09 450 鼠标（人体工学）,鼠标,品牌09,450,人体工学,藏青色,16*10*1,160,CL20H,艾米,收货,上架
TaTR10FrBl,黑色 品牌28 1000 桌子（框架式）,桌子,品牌28,1000,框架式,黑色,8*1*1,8,DV01F,克里斯,收货,上架
AlSu14i5Gr,灰色 品牌11 14英寸 一体机（第5代处理器）,一体机,品牌11,14英寸,第5代处理器,灰色,16*1*1,16,CZ85A,克里斯,收货,上架
CuQE12SlBl,黑色 品牌01 1200 储物柜（滑动式）,储物柜,品牌01,1200,滑动式,黑色,8*1*1,8,DZ40H,约翰,收货,上架
PrReA2InGr,灰色 品牌24 二号纸 打印机（喷墨）,打印机,品牌24,二号纸,喷墨,灰色,16*1*1,16,CV82A,迈克,收货,上架
PrPHA4MoMi,混合色 品牌12 四号纸 打印机（黑白）,打印机,品牌12,四号纸,黑白,混合色,16*1*1,16,DT20A,亚历克斯,收货,上架
LaRe17i5Gr,灰色 品牌14 17英寸 笔记本电脑（第5代处理器）,笔记本电脑,品牌14,17英寸,第5代处理器,灰色,16*1*1,16,AO33F,约翰,收货,上架
TaAE15WoBl,黑色 品牌05 1500 桌子（工作站）,桌子,品牌05,1500,工作站,黑色,8*1*1,8,AY86A,简,收货,上架
OfOGSErWh,白色 品牌07 小号 办公椅（人体工学）,办公椅,品牌07,小号,人体工学,白色,16*1*1,16,DS62B,亚历克斯,收货,上架
SPGi50WaGr,灰色 品牌21 50 触控笔（水彩）,触控笔,品牌21,50,水彩,灰色,48*10*5,2400,AK58H,迈克,收货,上架
CuQE12FiBe,米色 品牌01 1200 储物柜（文件收纳）,储物柜,品牌01,1200,文件收纳,米色,8*1*1,8,CF38A,约翰,收货,上架
CaQE12FiBe,米色 品牌01 1200 文件柜（文件收纳）,文件柜,品牌01,1200,文件收纳,米色,8*1*1,8,AO38F,大卫,收货,上架
TaTR10WoBl,黑色 品牌29 1000 桌子（工作站）,桌子,品牌29,1000,工作站,黑色,8*1*1,8,BK34C,约翰,收货,上架
TVGL42S4Bl,黑色 品牌31 42英寸 电视机（超级超高清）,电视机,品牌31,42英寸,超级超高清,黑色,8*1*1,8,CR75E,迈克,收货,上架
PrPHA4MoMi,混合色 品牌12 四号纸 打印机（黑白）,打印机,品牌12,四号纸,黑白,混合色,16*1*1,16,BG70A,艾米丽,收货,上架
NoMuA5doGr,灰色 品牌19 五号纸 笔记本（点阵）,笔记本,品牌19,五号纸,点阵,灰色,48*10*5,2400,BX89E,艾米丽,收货,上架
PrNoA4MoMi,混合色 品牌26 四号纸 打印机（黑白）,打印机,品牌26,四号纸,黑白,混合色,16*1*1,16,AW57F,大卫,收货,上架
TVYn75FHBl,黑色 品牌15 75英寸 电视机（全高清）,电视机,品牌15,75英寸,全高清,黑色,8*1*1,8,BG90C,大卫,收货,上架
DrTE12FiBe,米色 品牌04 1200 抽屉柜（文件收纳）,抽屉柜,品牌04,1200,文件收纳,米色,8*1*1,8,AF28B,艾米,收货,上架
TVEs65FHWh,白色 品牌32 65英寸 电视机（全高清）,电视机,品牌32,65英寸,全高清,白色,8*1*1,8,AW17B,大卫,收货,上架
AlOv14i5Si,银色 品牌13 14英寸 一体机（第5代处理器）,一体机,品牌13,14英寸,第5代处理器,银色,16*1*1,16,AL96D,迈克,收货,上架
CaTE18LoGr,灰色 品牌04 1800 文件柜（储物锁柜）,文件柜,品牌04,1800,储物锁柜,灰色,8*1*1,8,CU20F,克里斯,收货,上架
OfSELAdGr,灰色 品牌08 大号 办公椅（可调节）,办公椅,品牌08,大号,可调节,灰色,16*1*1,16,DG69H,大卫,收货,上架
OfOGLAdPi,粉色 品牌07 大号 办公椅（可调节）,办公椅,品牌07,大号,可调节,粉色,16*1*1,16,AM09C,简,收货,上架
PrReA2AlMi,混合色 品牌24 二号纸 打印机（一体式）,打印机,品牌24,二号纸,一体式,混合色,16*1*1,16,CG48A,克里斯,收货,上架
LaYn178GWh,白色 品牌15 17英寸 笔记本电脑（8吉字节内存）,笔记本电脑,品牌15,17英寸,8吉字节内存,白色,16*1*1,16,DR77G,亚历克斯,收货,上架
AlOv158GSi,银色 品牌13 15英寸 一体机（8吉字节内存）,一体机,品牌13,15英寸,8吉字节内存,银色,16*1*1,16,AW59G,简,收货,上架
PrPHA3InBl,黑色 品牌12 三号纸 打印机（喷墨）,打印机,品牌12,三号纸,喷墨,黑色,16*1*1,16,AP36H,劳拉,收货,上架
AlSu148GBl,黑色 品牌11 14英寸 一体机（8吉字节内存）,一体机,品牌11,14英寸,8吉字节内存,黑色,16*1*1,16,BH39H,艾米,收货,上架
TaAE10FrGr,灰色 品牌05 1000 桌子（框架式）,桌子,品牌05,1000,框架式,灰色,8*1*1,8,AH13B,艾米,收货,上架
LaRe1716Si,银色 品牌14 17英寸 笔记本电脑（16吉字节内存）,笔记本电脑,品牌14,17英寸,16吉字节内存,银色,16*1*1,16,AG05D,大卫,收货,上架
DrWE90SlBl,黑色 品牌02 900 抽屉柜（滑动式）,抽屉柜,品牌02,900,滑动式,黑色,8*1*1,8,BM24C,迈克,收货,上架
DrTE12LoBe,米色 品牌04 1200 抽屉柜（储物锁柜）,抽屉柜,品牌04,1200,储物锁柜,米色,8*1*1,8,DV70B,艾米,收货,上架
GaOGSLeBl,黑色 品牌07 小号 游戏椅（皮革）,游戏椅,品牌07,小号,皮革,黑色,16*1*1,16,AZ66A,克里斯,收货,上架
PeAl12HeGr,灰色 品牌20 12 铅笔（六角形）,铅笔,品牌20,12,六角形,灰色,48*10*5,2400,DV20C,迈克,收货,上架
MoRe35ErBl,黑色 品牌10 350 鼠标（人体工学）,鼠标,品牌10,350,人体工学,黑色,16*10*1,160,AG11A,迈克,收货,上架
CaQE90SlBe,米色 品牌01 900 文件柜（滑动式）,文件柜,品牌01,900,滑动式,米色,8*1*1,8,AH59H,艾米丽,收货,上架
TaAE18AdSi,银色 品牌05 1800 桌子（可调节）,桌子,品牌05,1800,可调节,银色,8*1*1,8,AL72G,克里斯,收货,上架
TVGL42FHSi,银色 品牌31 42英寸 电视机（全高清）,电视机,品牌31,42英寸,全高清,银色,8*1*1,8,AF59D,艾米丽,收货,上架
PrNoA4LaGr,灰色 品牌26 四号纸 打印机（激光）,打印机,品牌26,四号纸,激光,灰色,16*1*1,16,CI07B,大卫,收货,上架
PrSoA2LaMi,混合色 品牌25 二号纸 打印机（激光）,打印机,品牌25,二号纸,激光,混合色,16*1*1,16,DR70A,莎拉,收货,上架
NoMuA3ruWh,白色 品牌19 三号纸 笔记本（横线）,笔记本,品牌19,三号纸,横线,白色,48*10*5,2400,CG16H,克里斯,收货,上架
PrPHA4LaWh,白色 品牌12 四号纸 打印机（激光）,打印机,品牌12,四号纸,激光,白色,16*1*1,16,AT03H,劳拉,收货,上架
PrReA2AlBl,黑色 品牌24 二号纸 打印机（一体式）,打印机,品牌24,二号纸,一体式,黑色,16*1*1,16,CG34A,克里斯,收货,上架
KeRe35ErNa,藏青色 品牌10 350 键盘（人体工学）,键盘,品牌10,350,人体工学,藏青色,16*10*1,160,DM92B,简,收货,上架
KeSu35WiWh,白色 品牌11 350 键盘（有线）,键盘,品牌11,350,有线,白色,16*10*1,160,DK79D,劳拉,收货,上架
SPRe12HeWh,白色 品牌22 12 触控笔（六角形）,触控笔,品牌22,12,六角形,白色,48*10*5,2400,BH17A,迈克,收货,上架
DrTE18FiBl,黑色 品牌04 1800 抽屉柜（文件收纳）,抽屉柜,品牌04,1800,文件收纳,黑色,8*1*1,8,DJ92H,劳拉,收货,上架
SPRe50WaGr,灰色 品牌22 50 触控笔（水彩）,触控笔,品牌22,50,水彩,灰色,48*10*5,2400,BW18C,劳拉,收货,上架
OfSELHeGr,灰色 品牌08 大号 办公椅（头枕）,办公椅,品牌08,大号,头枕,灰色,16*1*1,16,DH56C,约翰,收货,上架
CaQE18SlGr,灰色 品牌01 1800 文件柜（滑动式）,文件柜,品牌01,1800,滑动式,灰色,8*1*1,8,BX39B,迈克,收货,上架
CaQE90SlGr,灰色 品牌01 900 文件柜（滑动式）,文件柜,品牌01,900,滑动式,灰色,8*1*1,8,DG41D,大卫,收货,上架
OfAESErBl,黑色 品牌05 小号 办公椅（人体工学）,办公椅,品牌05,小号,人体工学,黑色,16*1*1,16,DM80G,莎拉,收货,上架
LaYn1516Wh,白色 品牌15 15英寸 笔记本电脑（16吉字节内存）,笔记本电脑,品牌15,15英寸,16吉字节内存,白色,16*1*1,16,CI66E,大卫,收货,上架
TaTR15AuGr,灰色 品牌28 1500 桌子（自动调节）,桌子,品牌28,1500,自动调节,灰色,8*1*1,8,BN22G,亚历克斯,收货,上架
PrPHA3InMi,混合色 品牌12 三号纸 打印机（喷墨）,打印机,品牌12,三号纸,喷墨,混合色,16*1*1,16,AZ35D,艾米丽,收货,上架
MoSu27BlWh,白色 品牌11 270 鼠标（蓝牙）,鼠标,品牌11,270,蓝牙,白色,16*10*1,160,DL18A,莎拉,收货,上架
LaOv14i7Gr,灰色 品牌13 14英寸 笔记本电脑（第7代处理器）,笔记本电脑,品牌13,14英寸,第7代处理器,灰色,16*1*1,16,CG53H,艾米丽,收货,上架
OfAESHeBl,黑色 品牌05 小号 办公椅（头枕）,办公椅,品牌05,小号,头枕,黑色,16*1*1,16,BG04B,艾米丽,收货,上架
LaYn14i7Gr,灰色 品牌15 14英寸 笔记本电脑（第7代处理器）,笔记本电脑,品牌15,14英寸,第7代处理器,灰色,16*1*1,16,CU91A,大卫,收货,上架
DrQE12SlGr,灰色 品牌01 1200 抽屉柜（滑动式）,抽屉柜,品牌01,1200,滑动式,灰色,8*1*1,8,AJ54F,大卫,收货,上架
KeHc35ErPi,粉色 品牌09 350 键盘（人体工学）,键盘,品牌09,350,人体工学,粉色,16*10*1,160,CM51G,简,收货,上架
TVGL50SFGr,灰色 品牌31 50英寸 电视机（超级全高清）,电视机,品牌31,50英寸,超级全高清,灰色,8*1*1,8,BY88B,大卫,收货,上架
AlSu17i5Si,银色 品牌11 17英寸 一体机（第5代处理器）,一体机,品牌11,17英寸,第5代处理器,银色,16*1*1,16,BQ76D,迈克,收货,上架
CaQE90SlBe,米色 品牌01 900 文件柜（滑动式）,文件柜,品牌01,900,滑动式,米色,8*1*1,8,AY59G,简,收货,上架
TVEs75FHWh,白色 品牌32 75英寸 电视机（全高清）,电视机,品牌32,75英寸,全高清,白色,8*1*1,8,DL34B,莎拉,收货,上架
PeGi50WaGr,灰色 品牌21 50 铅笔（水彩）,铅笔,品牌21,50,水彩,灰色,48*10*5,2400,BP27G,迈克,收货,上架
OfOGSLeWh,白色 品牌07 小号 办公椅（皮革）,办公椅,品牌07,小号,皮革,白色,16*1*1,16,BS21D,约翰,收货,上架
TaTR10FrGr,灰色 品牌29 1000 桌子（框架式）,桌子,品牌29,1000,框架式,灰色,8*1*1,8,DZ89H,艾米,收货,上架
PrSoA2InMi,混合色 品牌25 二号纸 打印机（喷墨）,打印机,品牌25,二号纸,喷墨,混合色,16*1*1,16,DQ49C,艾米丽,收货,上架
TVGL42SFBl,黑色 品牌31 42英寸 电视机（超级全高清）,电视机,品牌31,42英寸,超级全高清,黑色,8*1*1,8,BL30H,亚历克斯,收货,上架
NoScA5liBl,黑色 品牌17 五号纸 笔记本（线条）,笔记本,品牌17,五号纸,线条,黑色,48*10*5,2400,BJ48B,艾米,收货,上架
OfOGLAdBl,黑色 品牌07 大号 办公椅（可调节）,办公椅,品牌07,大号,可调节,黑色,16*1*1,16,DN98A,克里斯,收货,上架
AlRe1432Wh,白色 品牌14 14英寸 一体机（32吉字节内存）,一体机,品牌14,14英寸,32吉字节内存,白色,16*1*1,16,CL09G,克里斯,收货,上架
DrQE12SlGr,灰色 品牌01 1200 抽屉柜（滑动式）,抽屉柜,品牌01,1200,滑动式,灰色,8*1*1,8,DN29G,约翰,收货,上架
PrPHA3InMi,混合色 品牌12 三号纸 打印机（喷墨）,打印机,品牌12,三号纸,喷墨,混合色,16*1*1,16,AF32G,约翰,收货,上架
AlYn15i7Wh,白色 品牌15 15英寸 一体机（第7代处理器）,一体机,品牌15,15英寸,第7代处理器,白色,16*1*1,16,AY80B,艾米丽,收货,上架
DrQE90SlGr,灰色 品牌01 900 抽屉柜（滑动式）,抽屉柜,品牌01,900,滑动式,灰色,8*1*1,8,BW53F,劳拉,收货,上架
MoRe45WiNa,藏青色 品牌10 450 鼠标（有线）,鼠标,品牌10,450,有线,藏青色,16*10*1,160,BH55E,约翰,收货,上架
SPGi12HeBl,黑色 品牌21 12 触控笔（六角形）,触控笔,品牌21,12,六角形,黑色,48*10*5,2400,BN18D,艾米,收货,上架
DrRG90LoBl,黑色 品牌03 900 抽屉柜（储物锁柜）,抽屉柜,品牌03,900,储物锁柜,黑色,8*1*1,8,BI42D,简,收货,上架
KePH45BlPi,粉色 品牌12 450 键盘（蓝牙）,键盘,品牌12,450,蓝牙,粉色,16*10*1,160,CR52G,亚历克斯,收货,上架
AlRe1432Bl,黑色 品牌14 14英寸 一体机（32吉字节内存）,一体机,品牌14,14英寸,32吉字节内存,黑色,16*1*1,16,AX94F,亚历克斯,收货,上架
CuTE12LoBl,黑色 品牌04 1200 储物柜（储物锁柜）,储物柜,品牌04,1200,储物锁柜,黑色,8*1*1,8,BT87E,莎拉,收货,上架
PrReA4WiMi,混合色 品牌24 四号纸 打印机（无线网络）,打印机,品牌24,四号纸,无线网络,混合色,16*1*1,16,DJ89F,克里斯,收货,上架
AlOv17i5Si,银色 品牌13 17英寸 一体机（第5代处理器）,一体机,品牌13,17英寸,第5代处理器,银色,16*1*1,16,BF53C,艾米,收货,上架
SPNa24HeBl,黑色 品牌23 24 触控笔（六角形）,触控笔,品牌23,24,六角形,黑色,48*10*5,2400,BQ68G,克里斯,收货,上架
OfOGSAdPi,粉色 品牌07 小号 办公椅（可调节）,办公椅,品牌07,小号,可调节,粉色,16*1*1,16,DN41G,简,收货,上架
DrTE12SlGr,灰色 品牌04 1200 抽屉柜（滑动式）,抽屉柜,品牌04,1200,滑动式,灰色,8*1*1,8,DK74F,克里斯,收货,上架
NoGrA5doBl,黑色 品牌18 五号纸 笔记本（点阵）,笔记本,品牌18,五号纸,点阵,黑色,48*10*5,2400,BQ87H,克里斯,收货,上架
CaRG18FiBl,黑色 品牌03 1800 文件柜（文件收纳）,文件柜,品牌03,1800,文件收纳,黑色,8*1*1,8,AV23F,艾米丽,收货,上架
OfAESErWh,白色 品牌05 小号 办公椅（人体工学）,办公椅,品牌05,小号,人体工学,白色,16*1*1,16,BF40E,亚历克斯,收货,上架
LaOv1532Bl,黑色 品牌13 15英寸 笔记本电脑（32吉字节内存）,笔记本电脑,品牌13,15英寸,32吉字节内存,黑色,16*1*1,16,BP92B,劳拉,收货,上架
LaRe15i5Gr,灰色 品牌14 15英寸 笔记本电脑（第5代处理器）,笔记本电脑,品牌14,15英寸,第5代处理器,灰色,16*1*1,16,AL70E,亚历克斯,收货,上架
PrNoA3InWh,白色 品牌26 三号纸 打印机（喷墨）,打印机,品牌26,三号纸,喷墨,白色,16*1*1,16,CJ58G,约翰,收货,上架
PrNoA2InMi,混合色 品牌26 二号纸 打印机（喷墨）,打印机,品牌26,二号纸,喷墨,混合色,16*1*1,16,AZ25A,亚历克斯,收货,上架
CuTE90DoWh,白色 品牌04 900 储物柜（带门式）,储物柜,品牌04,900,带门式,白色,8*1*1,8,BT18B,简,收货,上架
PeRe50SoWh,白色 品牌22 50 铅笔（可溶性）,铅笔,品牌22,50,可溶性,白色,48*10*5,2400,AW50F,艾米,收货,上架
DrRG12SlBl,黑色 品牌03 1200 抽屉柜（滑动式）,抽屉柜,品牌03,1200,滑动式,黑色,8*1*1,8,DL65F,劳拉,收货,上架
OfXEMAdWh,白色 品牌06 中号 办公椅（可调节）,办公椅,品牌06,中号,可调节,白色,16*1*1,16,CF24A,莎拉,收货,上架
TaTR10AuBl,黑色 品牌28 1000 桌子（自动调节）,桌子,品牌28,1000,自动调节,黑色,8*1*1,8,DX89F,约翰,收货,上架
CuQE18LoBe,米色 品牌01 1800 储物柜（储物锁柜）,储物柜,品牌01,1800,储物锁柜,米色,8*1*1,8,CZ73F,简,收货,上架
TaAE15AuWh,白色 品牌05 1500 桌子（自动调节）,桌子,品牌05,1500,自动调节,白色,8*1*1,8,AO38G,迈克,收货,上架
OfSEMHeBl,黑色 品牌08 中号 办公椅（头枕）,办公椅,品牌08,中号,头枕,黑色,16*1*1,16,DP51D,劳拉,收货,上架
TaCI18AdWh,白色 品牌27 1800 桌子（可调节）,桌子,品牌27,1800,可调节,白色,8*1*1,8,AI39F,约翰,收货,上架
LaSu15i5Wh,白色 品牌11 15英寸 笔记本电脑（第5代处理器）,笔记本电脑,品牌11,15英寸,第5代处理器,白色,16*1*1,16,AS08G,艾米丽,收货,上架
PeRe24HeBl,黑色 品牌22 24 铅笔（六角形）,铅笔,品牌22,24,六角形,黑色,48*10*5,2400,CK09H,简,收货,上架
NoGrA5liGr,灰色 品牌18 五号纸 笔记本（线条）,笔记本,品牌18,五号纸,线条,灰色,48*10*5,2400,AJ14E,艾米,收货,上架
MoHc35BlBl,黑色 品牌09 350 鼠标（蓝牙）,鼠标,品牌09,350,蓝牙,黑色,16*10*1,160,AJ71E,艾米,收货,上架
GaSEMLeBl,黑色 品牌08 中号 游戏椅（皮革）,游戏椅,品牌08,中号,皮革,黑色,16*1*1,16,AW74H,约翰,收货,上架
TaTR18AuWh,白色 品牌29 1800 桌子（自动调节）,桌子,品牌29,1800,自动调节,白色,8*1*1,8,BL56A,亚历克斯,收货,上架
SPRe50HeGr,灰色 品牌22 50 触控笔（六角形）,触控笔,品牌22,50,六角形,灰色,48*10*5,2400,CJ48C,艾米丽,收货,上架
DrWE18SlWh,白色 品牌02 1800 抽屉柜（滑动式）,抽屉柜,品牌02,1800,滑动式,白色,8*1*1,8,AG23G,简,收货,上架
MoHc27BlBl,黑色 品牌09 270 鼠标（蓝牙）,鼠标,品牌09,270,蓝牙,黑色,16*10*1,160,AL30B,大卫,收货,上架
AlRe1532Wh,白色 品牌14 15英寸 一体机（32吉字节内存）,一体机,品牌14,15英寸,32吉字节内存,白色,16*1*1,16,BL72C,亚历克斯,收货,上架
AlYn1716Bl,黑色 品牌15 17英寸 一体机（16吉字节内存）,一体机,品牌15,17英寸,16吉字节内存,黑色,16*1*1,16,DN13E,大卫,收货,上架
TaAE10FrBl,黑色 品牌05 1000 桌子（框架式）,桌子,品牌05,1000,框架式,黑色,8*1*1,8,DL25B,克里斯,收货,上架
GaSEMAdWh,白色 品牌08 中号 游戏椅（可调节）,游戏椅,品牌08,中号,可调节,白色,16*1*1,16,DH39H,亚历克斯,收货,上架
PrPHA3AlBl,黑色 品牌12 三号纸 打印机（一体式）,打印机,品牌12,三号纸,一体式,黑色,16*1*1,16,AH41A,大卫,收货,上架
TVEs504KBl,黑色 品牌32 50英寸 电视机（超高清）,电视机,品牌32,50英寸,超高清,黑色,8*1*1,8,DF90C,劳拉,收货,上架
PeRe50HeBl,黑色 品牌22 50 铅笔（六角形）,铅笔,品牌22,50,六角形,黑色,48*10*5,2400,CU83C,约翰,收货,上架
TaCI18WoBl,黑色 品牌27 1800 桌子（工作站）,桌子,品牌27,1800,工作站,黑色,8*1*1,8,BT64F,艾米,收货,上架
PrNoA3LaWh,白色 品牌26 三号纸 打印机（激光）,打印机,品牌26,三号纸,激光,白色,16*1*1,16,BH81E,亚历克斯,收货,上架
TaTR18AdGr,灰色 品牌29 1800 桌子（可调节）,桌子,品牌29,1800,可调节,灰色,8*1*1,8,DG92B,艾米丽,收货,上架
MoRe27ErBl,黑色 品牌10 270 鼠标（人体工学）,鼠标,品牌10,270,人体工学,黑色,16*10*1,160,CR62H,大卫,收货,上架
PrNoA3InBl,黑色 品牌26 三号纸 打印机（喷墨）,打印机,品牌26,三号纸,喷墨,黑色,16*1*1,16,BO70F,克里斯,收货,上架
CuWE18LoWh,白色 品牌02 1800 储物柜（储物锁柜）,储物柜,品牌02,1800,储物锁柜,白色,8*1*1,8,CK41B,克里斯,收货,上架
OfXESLePi,粉色 品牌06 小号 办公椅（皮革）,办公椅,品牌06,小号,皮革,粉色,16*1*1,16,CG32B,莎拉,收货,上架
DrTE12SlBe,米色 品牌04 1200 抽屉柜（滑动式）,抽屉柜,品牌04,1200,滑动式,米色,8*1*1,8,AV63H,莎拉,收货,上架
GaAEMLeGr,灰色 品牌05 中号 游戏椅（皮革）,游戏椅,品牌05,中号,皮革,灰色,16*1*1,16,DO45D,劳拉,收货,上架
OfXELAdPi,粉色 品牌06 大号 办公椅（可调节）,办公椅,品牌06,大号,可调节,粉色,16*1*1,16,CJ63G,艾米丽,收货,上架
GaXESLeBl,黑色 品牌06 小号 游戏椅（皮革）,游戏椅,品牌06,小号,皮革,黑色,16*1*1,16,CF78F,约翰,收货,上架
DrTE12DoBl,黑色 品牌04 1200 抽屉柜（带门式）,抽屉柜,品牌04,1200,带门式,黑色,8*1*1,8,CU07C,迈克,收货,上架
GaXEMErBl,黑色 品牌06 中号 游戏椅（人体工学）,游戏椅,品牌06,中号,人体工学,黑色,16*1*1,16,CU56A,克里斯,收货,上架
KeHc45MePi,粉色 品牌09 450 键盘（机械式）,键盘,品牌09,450,机械式,粉色,16*10*1,160,DW42G,艾米,收货,上架
NoScA3ruBl,黑色 品牌17 三号纸 笔记本（横线）,笔记本,品牌17,三号纸,横线,黑色,48*10*5,2400,AF79B,艾米,收货,上架
PeRe24SoPi,粉色 品牌22 24 铅笔（可溶性）,铅笔,品牌22,24,可溶性,粉色,48*10*5,2400,CS68F,莎拉,收货,上架
OfXELLeGr,灰色 品牌06 大号 办公椅（皮革）,办公椅,品牌06,大号,皮革,灰色,16*1*1,16,AX31D,莎拉,收货,上架
AlRe1432Bl,黑色 品牌14 14英寸 一体机（32吉字节内存）,一体机,品牌14,14英寸,32吉字节内存,黑色,16*1*1,16,DS65D,艾米,收货,上架
PrSoA4AlGr,灰色 品牌25 四号纸 打印机（一体式）,打印机,品牌25,四号纸,一体式,灰色,16*1*1,16,DU73B,迈克,收货,上架
TaTR15WoWh,白色 品牌28 1500 桌子（工作站）,桌子,品牌28,1500,工作站,白色,8*1*1,8,CN25A,大卫,收货,上架
PrNoA3AlBl,黑色 品牌26 三号纸 打印机（一体式）,打印机,品牌26,三号纸,一体式,黑色,16*1*1,16,CN98B,简,收货,上架
CuTE90SlBl,黑色 品牌04 900 储物柜（滑动式）,储物柜,品牌04,900,滑动式,黑色,8*1*1,8,CY54A,简,收货,上架
AlRe14i7Gr,灰色 品牌14 14英寸 一体机（第7代处理器）,一体机,品牌14,14英寸,第7代处理器,灰色,16*1*1,16,CR14G,莎拉,收货,上架
GaSEMHePi,粉色 品牌08 中号 游戏椅（头枕）,游戏椅,品牌08,中号,头枕,粉色,16*1*1,16,BX59B,简,收货,上架
CuQE90DoGr,灰色 品牌01 900 储物柜（带门式）,储物柜,品牌01,900,带门式,灰色,8*1*1,8,AP90H,莎拉,收货,上架
TVEs75SFBl,黑色 品牌32 75英寸 电视机（超级全高清）,电视机,品牌32,75英寸,超级全高清,黑色,8*1*1,8,AV10C,迈克,收货,上架
PrPHA3AlBl,黑色 品牌12 三号纸 打印机（一体式）,打印机,品牌12,三号纸,一体式,黑色,16*1*1,16,BR81H,迈克,收货,上架
GaAESErPi,粉色 品牌05 小号 游戏椅（人体工学）,游戏椅,品牌05,小号,人体工学,粉色,16*1*1,16,BX68A,亚历克斯,收货,上架
TaAE10AuSi,银色 品牌05 1000 桌子（自动调节）,桌子,品牌05,1000,自动调节,银色,8*1*1,8,CL30C,大卫,收货,上架
PeRe24WaGr,灰色 品牌22 24 铅笔（水彩）,铅笔,品牌22,24,水彩,灰色,48*10*5,2400,BJ13E,艾米,收货,上架
PrNoA2AlWh,白色 品牌26 二号纸 打印机（一体式）,打印机,品牌26,二号纸,一体式,白色,16*1*1,16,DN74H,约翰,收货,上架
TVYn65S4Si,银色 品牌15 65英寸 电视机（超级超高清）,电视机,品牌15,65英寸,超级超高清,银色,8*1*1,8,BN57E,简,收货,上架
DrQE18LoBl,黑色 品牌01 1800 抽屉柜（储物锁柜）,抽屉柜,品牌01,1800,储物锁柜,黑色,8*1*1,8,BM75C,劳拉,收货,上架
AlYn17i7Bl,黑色 品牌15 17英寸 一体机（第7代处理器）,一体机,品牌15,17英寸,第7代处理器,黑色,16*1*1,16,BF90B,大卫,收货,上架
LaYn1516Gr,灰色 品牌15 15英寸 笔记本电脑（16吉字节内存）,笔记本电脑,品牌15,15英寸,16吉字节内存,灰色,16*1*1,16,AV96E,艾米,收货,上架
CuRG18LoGr,灰色 品牌03 1800 储物柜（储物锁柜）,储物柜,品牌03,1800,储物锁柜,灰色,8*1*1,8,AS05B,劳拉,收货,上架
LaYn1716Wh,白色 品牌15 17英寸 笔记本电脑（16吉字节内存）,笔记本电脑,品牌15,17英寸,16吉字节内存,白色,16*1*1,16,DP39D,大卫,收货,上架
KeHc35WiPi,粉色 品牌09 350 键盘（有线）,键盘,品牌09,350,有线,粉色,16*10*1,160,BM77B,约翰,收货,上架
TVGL75FHGr,灰色 品牌31 75英寸 电视机（全高清）,电视机,品牌31,75英寸,全高清,灰色,8*1*1,8,CZ24C,迈克,收货,上架
KePH27ErWh,白色 品牌12 270 键盘（人体工学）,键盘,品牌12,270,人体工学,白色,16*10*1,160,DQ55H,约翰,收货,上架
GaAELLeGr,灰色 品牌05 大号 游戏椅（皮革）,游戏椅,品牌05,大号,皮革,灰色,16*1*1,16,CN94G,约翰,收货,上架
AlOv178GWh,白色 品牌13 17英寸 一体机（8吉字节内存）,一体机,品牌13,17英寸,8吉字节内存,白色,16*1*1,16,DI54D,约翰,收货,上架
DrRG18LoGr,灰色 品牌03 1800 抽屉柜（储物锁柜）,抽屉柜,品牌03,1800,储物锁柜,灰色,8*1*1,8,BU43A,艾米,收货,上架
MoRe35WiNa,藏青色 品牌10 350 鼠标（有线）,鼠标,品牌10,350,有线,藏青色,16*10*1,160,BW49E,大卫,收货,上架
CuRG90FiGr,灰色 品牌03 900 储物柜（文件收纳）,储物柜,品牌03,900,文件收纳,灰色,8*1*1,8,DS19A,简,收货,上架
DrWE18DoWh,白色 品牌02 1800 抽屉柜（带门式）,抽屉柜,品牌02,1800,带门式,白色,8*1*1,8,DM02D,简,收货,上架
LaYn178GSi,银色 品牌15 17英寸 笔记本电脑（8吉字节内存）,笔记本电脑,品牌15,17英寸,8吉字节内存,银色,16*1*1,16,DT65F,艾米,收货,上架
TVEs65S4Bl,黑色 品牌32 65英寸 电视机（超级超高清）,电视机,品牌32,65英寸,超级超高清,黑色,8*1*1,8,AP26C,迈克,收货,上架
NoScA5ruBl,黑色 品牌17 五号纸 笔记本（横线）,笔记本,品牌17,五号纸,横线,黑色,48*10*5,2400,CT78H,迈克,收货,上架
OfXEMHePi,粉色 品牌06 中号 办公椅（头枕）,办公椅,品牌06,中号,头枕,粉色,16*1*1,16,BF31B,亚历克斯,收货,上架
TaTR18FrBl,黑色 品牌28 1800 桌子（框架式）,桌子,品牌28,1800,框架式,黑色,8*1*1,8,BN62G,劳拉,收货,上架
TaTR15WoGr,灰色 品牌29 1500 桌子（工作站）,桌子,品牌29,1500,工作站,灰色,8*1*1,8,BK52H,迈克,收货,上架
PrPHA3WiWh,白色 品牌12 三号纸 打印机（无线网络）,打印机,品牌12,三号纸,无线网络,白色,16*1*1,16,DI22A,劳拉,收货,上架
PrNoA2AlGr,灰色 品牌26 二号纸 打印机（一体式）,打印机,品牌26,二号纸,一体式,灰色,16*1*1,16,BQ16A,劳拉,收货,上架
TVYn654KGr,灰色 品牌15 65英寸 电视机（超高清）,电视机,品牌15,65英寸,超高清,灰色,8*1*1,8,BS49E,莎拉,收货,上架
LaSu1416Bl,黑色 品牌11 14英寸 笔记本电脑（16吉字节内存）,笔记本电脑,品牌11,14英寸,16吉字节内存,黑色,16*1*1,16,BP52E,大卫,收货,上架
AlOv17i5Si,银色 品牌13 17英寸 一体机（第5代处理器）,一体机,品牌13,17英寸,第5代处理器,银色,16*1*1,16,DL50D,简,收货,上架
SPAl24WaGr,灰色 品牌20 24 触控笔（水彩）,触控笔,品牌20,24,水彩,灰色,48*10*5,2400,DK46B,亚历克斯,收货,上架
DrRG90LoWh,白色 品牌03 900 抽屉柜（储物锁柜）,抽屉柜,品牌03,900,储物锁柜,白色,8*1*1,8,DV08B,约翰,收货,上架
GaSELLeGr,灰色 品牌08 大号 游戏椅（皮革）,游戏椅,品牌08,大号,皮革,灰色,16*1*1,16,BX26D,亚历克斯,收货,上架
TaTR10AdBl,黑色 品牌28 1000 桌子（可调节）,桌子,品牌28,1000,可调节,黑色,8*1*1,8,BG25A,约翰,收货,上架
AlRe15i7Wh,白色 品牌14 15英寸 一体机（第7代处理器）,一体机,品牌14,15英寸,第7代处理器,白色,16*1*1,16,AF37E,劳拉,收货,上架
MoPH27WiWh,白色 品牌12 270 鼠标（有线）,鼠标,品牌12,270,有线,白色,16*10*1,160,CG12G,艾米,收货,上架
MoHc35MeNa,藏青色 品牌09 350 鼠标（机械式）,鼠标,品牌09,350,机械式,藏青色,16*10*1,160,CL52B,莎拉,收货,上架
KeRe27MePi,粉色 品牌10 270 键盘（机械式）,键盘,品牌10,270,机械式,粉色,16*10*1,160,BO94H,莎拉,收货,上架
LaSu1732Bl,黑色 品牌11 17英寸 笔记本电脑（32吉字节内存）,笔记本电脑,品牌11,17英寸,32吉字节内存,黑色,16*1*1,16,AQ46F,大卫,收货,上架
NoGrA5ruWh,白色 品牌18 五号纸 笔记本（横线）,笔记本,品牌18,五号纸,横线,白色,48*10*5,2400,AP06D,大卫,收货,上架
PrReA4AlGr,灰色 品牌24 四号纸 打印机（一体式）,打印机,品牌24,四号纸,一体式,灰色,16*1*1,16,DJ93A,劳拉,收货,上架
KeHc35WiBl,黑色 品牌09 350 键盘（有线）,键盘,品牌09,350,有线,黑色,16*10*1,160,AX59B,艾米丽,收货,上架
KeRe35ErBl,黑色 品牌10 350 键盘（人体工学）,键盘,品牌10,350,人体工学,黑色,16*10*1,160,DR34B,艾米,收货,上架
NoMuA3doBl,黑色 品牌19 三号纸 笔记本（点阵）,笔记本,品牌19,三号纸,点阵,黑色,48*10*5,2400,BS40C,迈克,收货,上架
CaRG12SlGr,灰色 品牌03 1200 文件柜（滑动式）,文件柜,品牌03,1200,滑动式,灰色,8*1*1,8,CY59H,大卫,收货,上架
AlPH1516Bl,黑色 品牌12 15英寸 一体机（16吉字节内存）,一体机,品牌12,15英寸,16吉字节内存,黑色,16*1*1,16,AN03D,大卫,收货,上架
AlRe1516Gr,灰色 品牌14 15英寸 一体机（16吉字节内存）,一体机,品牌14,15英寸,16吉字节内存,灰色,16*1*1,16,AG49B,亚历克斯,收货,上架
PeNa24SoBl,黑色 品牌23 24 铅笔（可溶性）,铅笔,品牌23,24,可溶性,黑色,48*10*5,2400,CO03C,大卫,收货,上架
CaTE12SlBe,米色 品牌04 1200 文件柜（滑动式）,文件柜,品牌04,1200,滑动式,米色,8*1*1,8,AK80D,莎拉,收货,上架
OfXEMLePi,粉色 品牌06 中号 办公椅（皮革）,办公椅,品牌06,中号,皮革,粉色,16*1*1,16,CR14A,克里斯,收货,上架
AlOv17i5Bl,黑色 品牌13 17英寸 一体机（第5代处理器）,一体机,品牌13,17英寸,第5代处理器,黑色,16*1*1,16,AW97C,约翰,收货,上架
AlSu1432Wh,白色 品牌11 14英寸 一体机（32吉字节内存）,一体机,品牌11,14英寸,32吉字节内存,白色,16*1*1,16,DM24E,克里斯,收货,上架
AlOv1732Bl,黑色 品牌13 17英寸 一体机（32吉字节内存）,一体机,品牌13,17英寸,32吉字节内存,黑色,16*1*1,16,BL17H,劳拉,收货,上架
NoScA5ruWh,白色 品牌17 五号纸 笔记本（横线）,笔记本,品牌17,五号纸,横线,白色,48*10*5,2400,DW93E,艾米,收货,上架
TVEs42SFSi,银色 品牌32 42英寸 电视机（超级全高清）,电视机,品牌32,42英寸,超级全高清,银色,8*1*1,8,AI96H,莎拉,收货,上架
LaPH1416Si,银色 品牌12 14英寸 笔记本电脑（16吉字节内存）,笔记本电脑,品牌12,14英寸,16吉字节内存,银色,16*1*1,16,DW72E,克里斯,收货,上架
TVEs75SFWh,白色 品牌32 75英寸 电视机（超级全高清）,电视机,品牌32,75英寸,超级全高清,白色,8*1*1,8,DJ52B,亚历克斯,收货,上架
CuTE90SlWh,白色 品牌04 900 储物柜（滑动式）,储物柜,品牌04,900,滑动式,白色,8*1*1,8,DH16C,亚历克斯,收货,上架
LaPH14i7Wh,白色 品牌12 14英寸 笔记本电脑（第7代处理器）,笔记本电脑,品牌12,14英寸,第7代处理器,白色,16*1*1,16,DQ29E,约翰,收货,上架
AlSu1516Si,银色 品牌11 15英寸 一体机（16吉字节内存）,一体机,品牌11,15英寸,16吉字节内存,银色,16*1*1,16,CI30E,克里斯,收货,上架
CaWE90SlGr,灰色 品牌02 900 文件柜（滑动式）,文件柜,品牌02,900,滑动式,灰色,8*1*1,8,CH02F,简,收货,上架
LaRe17i5Gr,灰色 品牌14 17英寸 笔记本电脑（第5代处理器）,笔记本电脑,品牌14,17英寸,第5代处理器,灰色,16*1*1,16,AK48B,艾米丽,收货,上架
LaPH1732Wh,白色 品牌12 17英寸 笔记本电脑（32吉字节内存）,笔记本电脑,品牌12,17英寸,32吉字节内存,白色,16*1*1,16,CI88G,莎拉,收货,上架
CuQE18FiBe,米色 品牌01 1800 储物柜（文件收纳）,储物柜,品牌01,1800,文件收纳,米色,8*1*1,8,DI28B,大卫,收货,上架
DrRG12SlBe,米色 品牌03 1200 抽屉柜（滑动式）,抽屉柜,品牌03,1200,滑动式,米色,8*1*1,8,AW60A,克里斯,收货,上架
PrNoA3InGr,灰色 品牌26 三号纸 打印机（喷墨）,打印机,品牌26,三号纸,喷墨,灰色,16*1*1,16,DR27H,劳拉,收货,上架
CuRG18SlBl,黑色 品牌03 1800 储物柜（滑动式）,储物柜,品牌03,1800,滑动式,黑色,8*1*1,8,AQ89B,劳拉,收货,上架
CuRG12SlGr,灰色 品牌03 1200 储物柜（滑动式）,储物柜,品牌03,1200,滑动式,灰色,8*1*1,8,CY38G,简,收货,上架
DrQE18SlGr,灰色 品牌01 1800 抽屉柜（滑动式）,抽屉柜,品牌01,1800,滑动式,灰色,8*1*1,8,BK32D,简,收货,上架
PeRe50WaBl,黑色 品牌22 50 铅笔（水彩）,铅笔,品牌22,50,水彩,黑色,48*10*5,2400,BL79G,约翰,收货,上架
SPNa24SoGr,灰色 品牌23 24 触控笔（可溶性）,触控笔,品牌23,24,可溶性,灰色,48*10*5,2400,BL14F,大卫,收货,上架
PrNoA3InWh,白色 品牌26 三号纸 打印机（喷墨）,打印机,品牌26,三号纸,喷墨,白色,16*1*1,16,BQ14D,克里斯,收货,上架
PrPHA2InMi,混合色 品牌12 二号纸 打印机（喷墨）,打印机,品牌12,二号纸,喷墨,混合色,16*1*1,16,AO64H,亚历克斯,收货,上架
LaSu1532Gr,灰色 品牌11 15英寸 笔记本电脑（32吉字节内存）,笔记本电脑,品牌11,15英寸,32吉字节内存,灰色,16*1*1,16,CP70E,艾米丽,收货,上架
LaOv14i7Gr,灰色 品牌13 14英寸 笔记本电脑（第7代处理器）,笔记本电脑,品牌13,14英寸,第7代处理器,灰色,16*1*1,16,DT02E,约翰,收货,上架
DrRG90SlBl,黑色 品牌03 900 抽屉柜（滑动式）,抽屉柜,品牌03,900,滑动式,黑色,8*1*1,8,BS92H,亚历克斯,收货,上架
KeRe45ErWh,白色 品牌10 450 键盘（人体工学）,键盘,品牌10,450,人体工学,白色,16*10*1,160,DR59G,艾米,收货,上架
KeHc45ErNa,藏青色 品牌09 450 键盘（人体工学）,键盘,品牌09,450,人体工学,藏青色,16*10*1,160,CH42G,大卫,收货,上架
OfAELHeGr,灰色 品牌05 大号 办公椅（头枕）,办公椅,品牌05,大号,头枕,灰色,16*1*1,16,DF57C,简,收货,上架
OfOGLAdPi,粉色 品牌07 大号 办公椅（可调节）,办公椅,品牌07,大号,可调节,粉色,16*1*1,16,DL62F,亚历克斯,收货,上架
GaXEMAdWh,白色 品牌06 中号 游戏椅（可调节）,游戏椅,品牌06,中号,可调节,白色,16*1*1,16,CY46G,克里斯,收货,上架
CaRG90FiBl,黑色 品牌03 900 文件柜（文件收纳）,文件柜,品牌03,900,文件收纳,黑色,8*1*1,8,AK36H,大卫,收货,上架
NoMuA4liWh,白色 品牌19 四号纸 笔记本（线条）,笔记本,品牌19,四号纸,线条,白色,48*10*5,2400,DN27F,艾米,收货,上架
PrReA3MoWh,白色 品牌24 三号纸 打印机（黑白）,打印机,品牌24,三号纸,黑白,白色,16*1*1,16,DQ87B,简,收货,上架
AlYn15i5Gr,灰色 品牌15 15英寸 一体机（第5代处理器）,一体机,品牌15,15英寸,第5代处理器,灰色,16*1*1,16,AS55C,艾米丽,收货,上架
DrRG12SlBe,米色 品牌03 1200 抽屉柜（滑动式）,抽屉柜,品牌03,1200,滑动式,米色,8*1*1,8,CG73B,大卫,收货,上架
PrSoA2InWh,白色 品牌25 二号纸 打印机（喷墨）,打印机,品牌25,二号纸,喷墨,白色,16*1*1,16,BP13C,艾米丽,收货,上架
LaRe148GGr,灰色 品牌14 14英寸 笔记本电脑（8吉字节内存）,笔记本电脑,品牌14,14英寸,8吉字节内存,灰色,16*1*1,16,AG40C,简,收货,上架
CuQE18FiBe,米色 品牌01 1800 储物柜（文件收纳）,储物柜,品牌01,1800,文件收纳,米色,8*1*1,8,BM88D,简,收货,上架
LaOv148GGr,灰色 品牌13 14英寸 笔记本电脑（8吉字节内存）,笔记本电脑,品牌13,14英寸,8吉字节内存,灰色,16*1*1,16,BJ95G,迈克,收货,上架
MoPH45WiWh,白色 品牌12 450 鼠标（有线）,鼠标,品牌12,450,有线,白色,16*10*1,160,DU92H,克里斯,收货,上架
TaCI18WoWh,白色 品牌27 1800 桌子（工作站）,桌子,品牌27,1800,工作站,白色,8*1*1,8,DS57F,劳拉,收货,上架
GaSESHeGr,灰色 品牌08 小号 游戏椅（头枕）,游戏椅,品牌08,小号,头枕,灰色,16*1*1,16,DN95B,简,收货,上架
LaRe15i5Gr,灰色 品牌14 15英寸 笔记本电脑（第5代处理器）,笔记本电脑,品牌14,15英寸,第5代处理器,灰色,16*1*1,16,CY94H,亚历克斯,收货,上架
DrQE12FiBl,黑色 品牌01 1200 抽屉柜（文件收纳）,抽屉柜,品牌01,1200,文件收纳,黑色,8*1*1,8,AJ25E,莎拉,收货,上架
CaQE90FiWh,白色 品牌01 900 文件柜（文件收纳）,文件柜,品牌01,900,文件收纳,白色,8*1*1,8,BT54D,克里斯,收货,上架
DrRG90FiBe,米色 品牌03 900 抽屉柜（文件收纳）,抽屉柜,品牌03,900,文件收纳,米色,8*1*1,8,CU02C,克里斯,收货,上架
DrWE18DoWh,白色 品牌02 1800 抽屉柜（带门式）,抽屉柜,品牌02,1800,带门式,白色,8*1*1,8,AJ10A,艾米丽,收货,上架
PeRe12SoBl,黑色 品牌22 12 铅笔（可溶性）,铅笔,品牌22,12,可溶性,黑色,48*10*5,2400,AL14C,简,收货,上架
PrSoA2MoGr,灰色 品牌25 二号纸 打印机（黑白）,打印机,品牌25,二号纸,黑白,灰色,16*1*1,16,DW22B,艾米,收货,上架
KeRe45ErBl,黑色 品牌10 450 键盘（人体工学）,键盘,品牌10,450,人体工学,黑色,16*10*1,160,AO71D,大卫,收货,上架
CaWE90FiBe,米色 品牌02 900 文件柜（文件收纳）,文件柜,品牌02,900,文件收纳,米色,8*1*1,8,AO29A,亚历克斯,收货,上架
CuWE18LoWh,白色 品牌02 1800 储物柜（储物锁柜）,储物柜,品牌02,1800,储物锁柜,白色,8*1*1,8,AT41E,大卫,收货,上架
SPNa50HePi,粉色 品牌23 50 触控笔（六角形）,触控笔,品牌23,50,六角形,粉色,48*10*5,2400,AP08F,亚历克斯,收货,上架
GaOGLErBl,黑色 品牌07 大号 游戏椅（人体工学）,游戏椅,品牌07,大号,人体工学,黑色,16*1*1,16,BN55A,克里斯,收货,上架
AlRe158GWh,白色 品牌14 15英寸 一体机（8吉字节内存）,一体机,品牌14,15英寸,8吉字节内存,白色,16*1*1,16,DS38H,简,收货,上架
AlYn17i5Si,银色 品牌15 17英寸 一体机（第5代处理器）,一体机,品牌15,17英寸,第5代处理器,银色,16*1*1,16,CT63A,亚历克斯,收货,上架
LaPH17i7Gr,灰色 品牌12 17英寸 笔记本电脑（第7代处理器）,笔记本电脑,品牌12,17英寸,第7代处理器,灰色,16*1*1,16,CN77B,克里斯,收货,上架
TVGL75S4Gr,灰色 品牌31 75英寸 电视机（超级超高清）,电视机,品牌31,75英寸,超级超高清,灰色,8*1*1,8,BS34C,艾米丽,收货,上架
AlOv1416Wh,白色 品牌13 14英寸 一体机（16吉字节内存）,一体机,品牌13,14英寸,16吉字节内存,白色,16*1*1,16,CX23D,艾米,收货,上架
KeHc27WiWh,白色 品牌09 270 键盘（有线）,键盘,品牌09,270,有线,白色,16*10*1,160,AR67G,莎拉,收货,上架
GaAESHeWh,白色 品牌05 小号 游戏椅（头枕）,游戏椅,品牌05,小号,头枕,白色,16*1*1,16,DR25B,迈克,收货,上架
TVGn42SFBl,黑色 品牌30 42英寸 电视机（超级全高清）,电视机,品牌30,42英寸,超级全高清,黑色,8*1*1,8,DF51H,大卫,收货,上架
MoHc45ErBl,黑色 品牌09 450 鼠标（人体工学）,鼠标,品牌09,450,人体工学,黑色,16*10*1,160,CG18H,约翰,收货,上架
SPAl50WaGr,灰色 品牌20 50 触控笔（水彩）,触控笔,品牌20,50,水彩,灰色,48*10*5,2400,BM51E,亚历克斯,收货,上架
CuWE90SlBl,黑色 品牌02 900 储物柜（滑动式）,储物柜,品牌02,900,滑动式,黑色,8*1*1,8,CL49A,迈克,收货,上架
TaCI18AdWh,白色 品牌27 1800 桌子（可调节）,桌子,品牌27,1800,可调节,白色,8*1*1,8,CG62A,亚历克斯,收货,上架
LaRe14i5Gr,灰色 品牌14 14英寸 笔记本电脑（第5代处理器）,笔记本电脑,品牌14,14英寸,第5代处理器,灰色,16*1*1,16,BK62H,迈克,收货,上架
DrWE18LoBe,米色 品牌02 1800 抽屉柜（储物锁柜）,抽屉柜,品牌02,1800,储物锁柜,米色,8*1*1,8,DQ81D,约翰,收货,上架
TaCI15AdSi,银色 品牌27 1500 桌子（可调节）,桌子,品牌27,1500,可调节,银色,8*1*1,8,CP48B,亚历克斯,收货,上架
LaRe17i5Wh,白色 品牌14 17英寸 笔记本电脑（第5代处理器）,笔记本电脑,品牌14,17英寸,第5代处理器,白色,16*1*1,16,CS26B,劳拉,收货,上架
LaOv15i7Si,银色 品牌13 15英寸 笔记本电脑（第7代处理器）,笔记本电脑,品牌13,15英寸,第7代处理器,银色,16*1*1,16,DM21B,约翰,收货,上架
DrTE18FiGr,灰色 品牌04 1800 抽屉柜（文件收纳）,抽屉柜,品牌04,1800,文件收纳,灰色,8*1*1,8,AI93F,克里斯,收货,上架
GaOGMHeWh,白色 品牌07 中号 游戏椅（头枕）,游戏椅,品牌07,中号,头枕,白色,16*1*1,16,AV04G,简,收货,上架
PrSoA3MoWh,白色 品牌25 三号纸 打印机（黑白）,打印机,品牌25,三号纸,黑白,白色,16*1*1,16,AL56B,克里斯,收货,上架
TaAE18AdSi,银色 品牌05 1800 桌子（可调节）,桌子,品牌05,1800,可调节,银色,8*1*1,8,BY72D,迈克,收货,上架
AlSu14i5Bl,黑色 品牌11 14英寸 一体机（第5代处理器）,一体机,品牌11,14英寸,第5代处理器,黑色,16*1*1,16,DL34C,约翰,收货,上架
LaRe17i5Wh,白色 品牌14 17英寸 笔记本电脑（第5代处理器）,笔记本电脑,品牌14,17英寸,第5代处理器,白色,16*1*1,16,DM72E,简,收货,上架
DrWE90SlGr,灰色 品牌02 900 抽屉柜（滑动式）,抽屉柜,品牌02,900,滑动式,灰色,8*1*1,8,AR56D,亚历克斯,收货,上架
DrWE90FiBe,米色 品牌02 900 抽屉柜（文件收纳）,抽屉柜,品牌02,900,文件收纳,米色,8*1*1,8,DH87H,大卫,收货,上架
PeRe50SoWh,白色 品牌22 50 铅笔（可溶性）,铅笔,品牌22,50,可溶性,白色,48*10*5,2400,CX89G,简,收货,上架
AlRe15i7Bl,黑色 品牌14 15英寸 一体机（第7代处理器）,一体机,品牌14,15英寸,第7代处理器,黑色,16*1*1,16,DR84B,艾米丽,收货,上架
AlRe14i7Bl,黑色 品牌14 14英寸 一体机（第7代处理器）,一体机,品牌14,14英寸,第7代处理器,黑色,16*1*1,16,BN30C,克里斯,收货,上架
CuTE18LoWh,白色 品牌04 1800 储物柜（储物锁柜）,储物柜,品牌04,1800,储物锁柜,白色,8*1*1,8,CX42C,艾米丽,收货,上架
TVGn50SFGr,灰色 品牌30 50英寸 电视机（超级全高清）,电视机,品牌30,50英寸,超级全高清,灰色,8*1*1,8,BF48G,简,收货,上架
LaSu15i7Gr,灰色 品牌11 15英寸 笔记本电脑（第7代处理器）,笔记本电脑,品牌11,15英寸,第7代处理器,灰色,16*1*1,16,DF20D,简,收货,上架
LaSu158GWh,白色 品牌11 15英寸 笔记本电脑（8吉字节内存）,笔记本电脑,品牌11,15英寸,8吉字节内存,白色,16*1*1,16,CT49D,艾米,收货,上架
MoHc35ErWh,白色 品牌09 350 鼠标（人体工学）,鼠标,品牌09,350,人体工学,白色,16*10*1,160,DG34D,迈克,收货,上架
LaPH158GSi,银色 品牌12 15英寸 笔记本电脑（8吉字节内存）,笔记本电脑,品牌12,15英寸,8吉字节内存,银色,16*1*1,16,BO62C,约翰,收货,上架
CaQE12FiGr,灰色 品牌01 1200 文件柜（文件收纳）,文件柜,品牌01,1200,文件收纳,灰色,8*1*1,8,DJ56D,大卫,收货,上架
LaRe1416Bl,黑色 品牌14 14英寸 笔记本电脑（16吉字节内存）,笔记本电脑,品牌14,14英寸,16吉字节内存,黑色,16*1*1,16,AQ77B,亚历克斯,收货,上架
KeHc35ErBl,黑色 品牌09 350 键盘（人体工学）,键盘,品牌09,350,人体工学,黑色,16*10*1,160,CW78B,艾米丽,收货,上架
KeRe27ErPi,粉色 品牌10 270 键盘（人体工学）,键盘,品牌10,270,人体工学,粉色,16*10*1,160,CU25B,约翰,收货,上架
LaRe1716Wh,白色 品牌14 17英寸 笔记本电脑（16吉字节内存）,笔记本电脑,品牌14,17英寸,16吉字节内存,白色,16*1*1,16,BP88F,简,收货,上架
LaRe17i5Gr,灰色 品牌14 17英寸 笔记本电脑（第5代处理器）,笔记本电脑,品牌14,17英寸,第5代处理器,灰色,16*1*1,16,DM25G,艾米丽,收货,上架
SPRe12HeGr,灰色 品牌22 12 触控笔（六角形）,触控笔,品牌22,12,六角形,灰色,48*10*5,2400,AR65D,迈克,收货,上架
PeRe12SoBl,黑色 品牌22 12 铅笔（可溶性）,铅笔,品牌22,12,可溶性,黑色,48*10*5,2400,AT58D,莎拉,收货,上架
KePH35MeNa,藏青色 品牌12 350 键盘（机械式）,键盘,品牌12,350,机械式,藏青色,16*10*1,160,BV26F,约翰,收货,上架
PrReA2WiWh,白色 品牌24 二号纸 打印机（无线网络）,打印机,品牌24,二号纸,无线网络,白色,16*1*1,16,DG93E,简,收货,上架
AlPH17i7Bl,黑色 品牌12 17英寸 一体机（第7代处理器）,一体机,品牌12,17英寸,第7代处理器,黑色,16*1*1,16,AJ74G,简,收货,上架
OfXELErPi,粉色 品牌06 大号 办公椅（人体工学）,办公椅,品牌06,大号,人体工学,粉色,16*1*1,16,DY90D,迈克,收货,上架
PrReA4WiGr,灰色 品牌24 四号纸 打印机（无线网络）,打印机,品牌24,四号纸,无线网络,灰色,16*1*1,16,CV90A,艾米,收货,上架
CaQE12LoBe,米色 品牌01 1200 文件柜（储物锁柜）,文件柜,品牌01,1200,储物锁柜,米色,8*1*1,8,BF32C,克里斯,收货,上架
GaAESHeBl,黑色 品牌05 小号 游戏椅（头枕）,游戏椅,品牌05,小号,头枕,黑色,16*1*1,16,BX96A,劳拉,收货,上架
OfOGLLeGr,灰色 品牌07 大号 办公椅（皮革）,办公椅,品牌07,大号,皮革,灰色,16*1*1,16,DK73G,迈克,收货,上架
TaTR18AdWh,白色 品牌28 1800 桌子（可调节）,桌子,品牌28,1800,可调节,白色,8*1*1,8,CQ05A,简,收货,上架
PeRe50HeGr,灰色 品牌22 50 铅笔（六角形）,铅笔,品牌22,50,六角形,灰色,48*10*5,2400,DU84A,迈克,收货,上架
OfOGSAdGr,灰色 品牌07 小号 办公椅（可调节）,办公椅,品牌07,小号,可调节,灰色,16*1*1,16,DV24G,艾米,收货,上架
MoPH35ErNa,藏青色 品牌12 350 鼠标（人体工学）,鼠标,品牌12,350,人体工学,藏青色,16*10*1,160,BT27A,艾米,收货,上架
OfOGMHeGr,灰色 品牌07 中号 办公椅（头枕）,办公椅,品牌07,中号,头枕,灰色,16*1*1,16,DV33B,大卫,收货,上架
MoPH45WiNa,藏青色 品牌12 450 鼠标（有线）,鼠标,品牌12,450,有线,藏青色,16*10*1,160,CG39C,艾米,收货,上架
TVYn50SFSi,银色 品牌15 50英寸 电视机（超级全高清）,电视机,品牌15,50英寸,超级全高清,银色,8*1*1,8,BI42F,艾米丽,收货,上架
LaSu1716Wh,白色 品牌11 17英寸 笔记本电脑（16吉字节内存）,笔记本电脑,品牌11,17英寸,16吉字节内存,白色,16*1*1,16,AY63G,莎拉,收货,上架
KeRe27MeWh,白色 品牌10 270 键盘（机械式）,键盘,品牌10,270,机械式,白色,16*10*1,160,BT54A,莎拉,收货,上架
OfSEMLeBl,黑色 品牌08 中号 办公椅（皮革）,办公椅,品牌08,中号,皮革,黑色,16*1*1,16,DM85C,迈克,收货,上架
PrSoA3WiBl,黑色 品牌25 三号纸 打印机（无线网络）,打印机,品牌25,三号纸,无线网络,黑色,16*1*1,16,BY74C,劳拉,收货,上架
SPGi50HePi,粉色 品牌21 50 触控笔（六角形）,触控笔,品牌21,50,六角形,粉色,48*10*5,2400,DJ57D,艾米丽,收货,上架
PrSoA4InGr,灰色 品牌25 四号纸 打印机（喷墨）,打印机,品牌25,四号纸,喷墨,灰色,16*1*1,16,DZ19G,艾米,收货,上架
PeNa12WaBl,黑色 品牌23 12 铅笔（水彩）,铅笔,品牌23,12,水彩,黑色,48*10*5,2400,DZ25F,约翰,收货,上架
CuTE12DoBl,黑色 品牌04 1200 储物柜（带门式）,储物柜,品牌04,1200,带门式,黑色,8*1*1,8,BU73F,劳拉,收货,上架
LaRe15i5Wh,白色 品牌14 15英寸 笔记本电脑（第5代处理器）,笔记本电脑,品牌14,15英寸,第5代处理器,白色,16*1*1,16,DY71D,艾米,收货,上架
LaOv1532Gr,灰色 品牌13 15英寸 笔记本电脑（32吉字节内存）,笔记本电脑,品牌13,15英寸,32吉字节内存,灰色,16*1*1,16,DM74D,大卫,收货,上架
TVYn754KBl,黑色 品牌15 75英寸 电视机（超高清）,电视机,品牌15,75英寸,超高清,黑色,8*1*1,8,DO46A,劳拉,收货,上架
LaRe1516Gr,灰色 品牌14 15英寸 笔记本电脑（16吉字节内存）,笔记本电脑,品牌14,15英寸,16吉字节内存,灰色,16*1*1,16,CS88F,艾米,收货,上架
AlSu178GWh,白色 品牌11 17英寸 一体机（8吉字节内存）,一体机,品牌11,17英寸,8吉字节内存,白色,16*1*1,16,CJ34G,艾米丽,收货,上架
TVGL424KWh,白色 品牌31 42英寸 电视机（超高清）,电视机,品牌31,42英寸,超高清,白色,8*1*1,8,CJ94F,莎拉,收货,上架
MoPH27ErNa,藏青色 品牌12 270 鼠标（人体工学）,鼠标,品牌12,270,人体工学,藏青色,16*10*1,160,AT26E,莎拉,收货,上架
CuQE12LoBl,黑色 品牌01 1200 储物柜（储物锁柜）,储物柜,品牌01,1200,储物锁柜,黑色,8*1*1,8,BT67F,克里斯,收货,上架
NoGrA5liBl,黑色 品牌18 五号纸 笔记本（线条）,笔记本,品牌18,五号纸,线条,黑色,48*10*5,2400,AR76G,迈克,收货,上架
NoMuA4liBl,黑色 品牌19 四号纸 笔记本（线条）,笔记本,品牌19,四号纸,线条,黑色,48*10*5,2400,AF59C,莎拉,收货,上架
PrNoA3LaWh,白色 品牌26 三号纸 打印机（激光）,打印机,品牌26,三号纸,激光,白色,16*1*1,16,DV14F,艾米,收货,上架
OfAEMErGr,灰色 品牌05 中号 办公椅（人体工学）,办公椅,品牌05,中号,人体工学,灰色,16*1*1,16,AI36H,约翰,收货,上架
AlPH158GWh,白色 品牌12 15英寸 一体机（8吉字节内存）,一体机,品牌12,15英寸,8吉字节内存,白色,16*1*1,16,CY02A,迈克,收货,上架
PrSoA4LaGr,灰色 品牌25 四号纸 打印机（激光）,打印机,品牌25,四号纸,激光,灰色,16*1*1,16,AQ35D,大卫,收货,上架
OfXEMErPi,粉色 品牌06 中号 办公椅（人体工学）,办公椅,品牌06,中号,人体工学,粉色,16*1*1,16,CM54E,约翰,收货,上架
LaPH1532Bl,黑色 品牌12 15英寸 笔记本电脑（32吉字节内存）,笔记本电脑,品牌12,15英寸,32吉字节内存,黑色,16*1*1,16,AL68B,莎拉,收货,上架
LaSu17i7Si,银色 品牌11 17英寸 笔记本电脑（第7代处理器）,笔记本电脑,品牌11,17英寸,第7代处理器,银色,16*1*1,16,DQ41D,劳拉,收货,上架
TaAE10FrBl,黑色 品牌05 1000 桌子（框架式）,桌子,品牌05,1000,框架式,黑色,8*1*1,8,BL57A,克里斯,收货,上架
AlYn1516Wh,白色 品牌15 15英寸 一体机（16吉字节内存）,一体机,品牌15,15英寸,16吉字节内存,白色,16*1*1,16,CK08B,劳拉,收货,上架
NoGrA5ruBl,黑色 品牌18 五号纸 笔记本（横线）,笔记本,品牌18,五号纸,横线,黑色,48*10*5,2400,AQ96A,克里斯,收货,上架
SPRe24SoPi,粉色 品牌22 24 触控笔（可溶性）,触控笔,品牌22,24,可溶性,粉色,48*10*5,2400,AZ76D,简,收货,上架
AlSu17i5Si,银色 品牌11 17英寸 一体机（第5代处理器）,一体机,品牌11,17英寸,第5代处理器,银色,16*1*1,16,CV90F,莎拉,收货,上架
GaXELAdPi,粉色 品牌06 大号 游戏椅（可调节）,游戏椅,品牌06,大号,可调节,粉色,16*1*1,16,DY32E,简,收货,上架
CaQE90DoBe,米色 品牌01 900 文件柜（带门式）,文件柜,品牌01,900,带门式,米色,8*1*1,8,AJ63E,克里斯,收货,上架
SPGi12HeBl,黑色 品牌21 12 触控笔（六角形）,触控笔,品牌21,12,六角形,黑色,48*10*5,2400,DP45A,劳拉,收货,上架
CuQE12LoWh,白色 品牌01 1200 储物柜（储物锁柜）,储物柜,品牌01,1200,储物锁柜,白色,8*1*1,8,DT27A,约翰,收货,上架
GaXELErPi,粉色 品牌06 大号 游戏椅（人体工学）,游戏椅,品牌06,大号,人体工学,粉色,16*1*1,16,DJ42D,简,收货,上架
TVGn754KBl,黑色 品牌30 75英寸 电视机（超高清）,电视机,品牌30,75英寸,超高清,黑色,8*1*1,8,DQ04A,约翰,收货,上架
LaYn1516Wh,白色 品牌15 15英寸 笔记本电脑（16吉字节内存）,笔记本电脑,品牌15,15英寸,16吉字节内存,白色,16*1*1,16,AR39H,艾米丽,收货,上架
KeRe27MeWh,白色 品牌10 270 键盘（机械式）,键盘,品牌10,270,机械式,白色,16*10*1,160,BY36G,莎拉,收货,上架
DrQE18SlWh,白色 品牌01 1800 抽屉柜（滑动式）,抽屉柜,品牌01,1800,滑动式,白色,8*1*1,8,AQ10E,大卫,收货,上架
CaQE90LoGr,灰色 品牌01 900 文件柜（储物锁柜）,文件柜,品牌01,900,储物锁柜,灰色,8*1*1,8,CK73H,大卫,收货,上架
TVGn50S4Si,银色 品牌30 50英寸 电视机（超级超高清）,电视机,品牌30,50英寸,超级超高清,银色,8*1*1,8,AL67C,大卫,收货,上架
CuRG12DoWh,白色 品牌03 1200 储物柜（带门式）,储物柜,品牌03,1200,带门式,白色,8*1*1,8,AR70E,约翰,收货,上架
OfAEMErPi,粉色 品牌05 中号 办公椅（人体工学）,办公椅,品牌05,中号,人体工学,粉色,16*1*1,16,DS12B,大卫,收货,上架
LaSu178GGr,灰色 品牌11 17英寸 笔记本电脑（8吉字节内存）,笔记本电脑,品牌11,17英寸,8吉字节内存,灰色,16*1*1,16,DS76G,莎拉,收货,上架
TaTR15WoWh,白色 品牌29 1500 桌子（工作站）,桌子,品牌29,1500,工作站,白色,8*1*1,8,DJ38E,大卫,收货,上架
TaCI18FrWh,白色 品牌27 1800 桌子（框架式）,桌子,品牌27,1800,框架式,白色,8*1*1,8,DW21C,亚历克斯,收货,上架
GaXELAdGr,灰色 品牌06 大号 游戏椅（可调节）,游戏椅,品牌06,大号,可调节,灰色,16*1*1,16,BP84G,简,收货,上架
DrTE18SlGr,灰色 品牌04 1800 抽屉柜（滑动式）,抽屉柜,品牌04,1800,滑动式,灰色,8*1*1,8,AW80C,迈克,收货,上架
CaWE12LoGr,灰色 品牌02 1200 文件柜（储物锁柜）,文件柜,品牌02,1200,储物锁柜,灰色,8*1*1,8,CF76H,克里斯,收货,上架
GaSELErPi,粉色 品牌08 大号 游戏椅（人体工学）,游戏椅,品牌08,大号,人体工学,粉色,16*1*1,16,BJ50E,约翰,收货,上架
MoSu27ErWh,白色 品牌11 270 鼠标（人体工学）,鼠标,品牌11,270,人体工学,白色,16*10*1,160,CY27F,大卫,收货,上架
NoMuA5doBl,黑色 品牌19 五号纸 笔记本（点阵）,笔记本,品牌19,五号纸,点阵,黑色,48*10*5,2400,BQ97G,简,收货,上架
LaSu1732Si,银色 品牌11 17英寸 笔记本电脑（32吉字节内存）,笔记本电脑,品牌11,17英寸,32吉字节内存,银色,16*1*1,16,AH48B,莎拉,收货,上架
KeSu27ErWh,白色 品牌11 270 键盘（人体工学）,键盘,品牌11,270,人体工学,白色,16*10*1,160,DT16B,艾米丽,收货,上架
SPRe24SoBl,黑色 品牌22 24 触控笔（可溶性）,触控笔,品牌22,24,可溶性,黑色,48*10*5,2400,DW34F,迈克,收货,上架
PrSoA2InWh,白色 品牌25 二号纸 打印机（喷墨）,打印机,品牌25,二号纸,喷墨,白色,16*1*1,16,CQ14D,艾米丽,收货,上架
CaRG12LoWh,白色 品牌03 1200 文件柜（储物锁柜）,文件柜,品牌03,1200,储物锁柜,白色,8*1*1,8,CW73B,简,收货,上架
KePH27ErBl,黑色 品牌12 270 键盘（人体工学）,键盘,品牌12,270,人体工学,黑色,16*10*1,160,BM67A,艾米,收货,上架
TVEs32SFSi,银色 品牌32 32英寸 电视机（超级全高清）,电视机,品牌32,32英寸,超级全高清,银色,8*1*1,8,BL29A,简,收货,上架
PrReA4MoWh,白色 品牌24 四号纸 打印机（黑白）,打印机,品牌24,四号纸,黑白,白色,16*1*1,16,BP76C,约翰,收货,上架
CuWE90SlBl,黑色 品牌02 900 储物柜（滑动式）,储物柜,品牌02,900,滑动式,黑色,8*1*1,8,CX52B,简,收货,上架
NoScA5doGr,灰色 品牌17 五号纸 笔记本（点阵）,笔记本,品牌17,五号纸,点阵,灰色,48*10*5,2400,DY77F,艾米,收货,上架
LaRe158GWh,白色 品牌14 15英寸 笔记本电脑（8吉字节内存）,笔记本电脑,品牌14,15英寸,8吉字节内存,白色,16*1*1,16,CO36E,劳拉,收货,上架
PeNa50SoWh,白色 品牌23 50 铅笔（可溶性）,铅笔,品牌23,50,可溶性,白色,48*10*5,2400,CL89H,迈克,收货,上架
OfAELLePi,粉色 品牌05 大号 办公椅（皮革）,办公椅,品牌05,大号,皮革,粉色,16*1*1,16,CU70F,迈克,收货,上架
LaRe158GBl,黑色 品牌14 15英寸 笔记本电脑（8吉字节内存）,笔记本电脑,品牌14,15英寸,8吉字节内存,黑色,16*1*1,16,CU60A,克里斯,收货,上架
LaSu158GWh,白色 品牌11 15英寸 笔记本电脑（8吉字节内存）,笔记本电脑,品牌11,15英寸,8吉字节内存,白色,16*1*1,16,CH85G,简,收货,上架
TVYn42SFWh,白色 品牌15 42英寸 电视机（超级全高清）,电视机,品牌15,42英寸,超级全高清,白色,8*1*1,8,AM54A,克里斯,收货,上架
PrReA3WiBl,黑色 品牌24 三号纸 打印机（无线网络）,打印机,品牌24,三号纸,无线网络,黑色,16*1*1,16,BN94D,迈克,收货,上架
CaTE90SlGr,灰色 品牌04 900 文件柜（滑动式）,文件柜,品牌04,900,滑动式,灰色,8*1*1,8,AK92G,劳拉,收货,上架
MoRe27BlNa,藏青色 品牌10 270 鼠标（蓝牙）,鼠标,品牌10,270,蓝牙,藏青色,16*10*1,160,AH65G,迈克,收货,上架
CuTE90LoGr,灰色 品牌04 900 储物柜（储物锁柜）,储物柜,品牌04,900,储物锁柜,灰色,8*1*1,8,CM34H,简,收货,上架
OfOGLAdWh,白色 品牌07 大号 办公椅（可调节）,办公椅,品牌07,大号,可调节,白色,16*1*1,16,BT98F,劳拉,收货,上架
TVEs324KBl,黑色 品牌32 32英寸 电视机（超高清）,电视机,品牌32,32英寸,超高清,黑色,8*1*1,8,BL17G,亚历克斯,收货,上架
CuWE18FiGr,灰色 品牌02 1800 储物柜（文件收纳）,储物柜,品牌02,1800,文件收纳,灰色,8*1*1,8,DP29F,约翰,收货,上架
TVEs32FHBl,黑色 品牌32 32英寸 电视机（全高清）,电视机,品牌32,32英寸,全高清,黑色,8*1*1,8,CG33B,艾米丽,收货,上架
LaYn17i5Wh,白色 品牌15 17英寸 笔记本电脑（第5代处理器）,笔记本电脑,品牌15,17英寸,第5代处理器,白色,16*1*1,16,DT33C,约翰,收货,上架
SPNa24WaGr,灰色 品牌23 24 触控笔（水彩）,触控笔,品牌23,24,水彩,灰色,48*10*5,2400,BV84G,约翰,收货,上架
TaTR15FrBl,黑色 品牌29 1500 桌子（框架式）,桌子,品牌29,1500,框架式,黑色,8*1*1,8,AQ81D,艾米,收货,上架
TVEs75S4Gr,灰色 品牌32 75英寸 电视机（超级超高清）,电视机,品牌32,75英寸,超级超高清,灰色,8*1*1,8,AL76F,约翰,收货,上架
GaAEMHeBl,黑色 品牌05 中号 游戏椅（头枕）,游戏椅,品牌05,中号,头枕,黑色,16*1*1,16,DO83G,迈克,收货,上架
KeSu27MePi,粉色 品牌11 270 键盘（机械式）,键盘,品牌11,270,机械式,粉色,16*10*1,160,AU03D,艾米,收货,上架
LaRe17i7Bl,黑色 品牌14 17英寸 笔记本电脑（第7代处理器）,笔记本电脑,品牌14,17英寸,第7代处理器,黑色,16*1*1,16,DZ98F,艾米丽,收货,上架
PrNoA4AlBl,黑色 品牌26 四号纸 打印机（一体式）,打印机,品牌26,四号纸,一体式,黑色,16*1*1,16,BH18E,简,收货,上架
DrTE90FiBl,黑色 品牌04 900 抽屉柜（文件收纳）,抽屉柜,品牌04,900,文件收纳,黑色,8*1*1,8,CR84E,劳拉,收货,上架
NoMuA5liBl,黑色 品牌19 五号纸 笔记本（线条）,笔记本,品牌19,五号纸,线条,黑色,48*10*5,2400,DR32G,约翰,收货,上架
NoExA3liWh,白色 品牌16 三号纸 笔记本（线条）,笔记本,品牌16,三号纸,线条,白色,48*10*5,2400,BS14D,亚历克斯,收货,上架
LaPH1532Gr,灰色 品牌12 15英寸 笔记本电脑（32吉字节内存）,笔记本电脑,品牌12,15英寸,32吉字节内存,灰色,16*1*1,16,BI51B,约翰,收货,上架
SPNa12SoPi,粉色 品牌23 12 触控笔（可溶性）,触控笔,品牌23,12,可溶性,粉色,48*10*5,2400,AZ44G,艾米,收货,上架
LaRe158GGr,灰色 品牌14 15英寸 笔记本电脑（8吉字节内存）,笔记本电脑,品牌14,15英寸,8吉字节内存,灰色,16*1*1,16,BK37H,艾米丽,收货,上架
OfAESLePi,粉色 品牌05 小号 办公椅（皮革）,办公椅,品牌05,小号,皮革,粉色,16*1*1,16,CN43E,克里斯,收货,上架
KePH45ErBl,黑色 品牌12 450 键盘（人体工学）,键盘,品牌12,450,人体工学,黑色,16*10*1,160,DV65A,简,收货,上架
OfAELLeBl,黑色 品牌05 大号 办公椅（皮革）,办公椅,品牌05,大号,皮革,黑色,16*1*1,16,CQ05D,艾米,收货,上架
GaAESErWh,白色 品牌05 小号 游戏椅（人体工学）,游戏椅,品牌05,小号,人体工学,白色,16*1*1,16,BS32B,艾米丽,收货,上架
MoSu35WiWh,白色 品牌11 350 鼠标（有线）,鼠标,品牌11,350,有线,白色,16*10*1,160,BF36H,莎拉,收货,上架
TVGL42FHSi,银色 品牌31 42英寸 电视机（全高清）,电视机,品牌31,42英寸,全高清,银色,8*1*1,8,BS96D,克里斯,收货,上架
TVYn32FHWh,白色 品牌15 32英寸 电视机（全高清）,电视机,品牌15,32英寸,全高清,白色,8*1*1,8,CH38H,迈克,收货,上架
NoExA4ruBl,黑色 品牌16 四号纸 笔记本（横线）,笔记本,品牌16,四号纸,横线,黑色,48*10*5,2400,AL87E,莎拉,收货,上架
LaOv17i7Gr,灰色 品牌13 17英寸 笔记本电脑（第7代处理器）,笔记本电脑,品牌13,17英寸,第7代处理器,灰色,16*1*1,16,CV52H,艾米丽,收货,上架
DrQE12DoGr,灰色 品牌01 1200 抽屉柜（带门式）,抽屉柜,品牌01,1200,带门式,灰色,8*1*1,8,AP42C,莎拉,收货,上架
DrWE12DoBl,黑色 品牌02 1200 抽屉柜（带门式）,抽屉柜,品牌02,1200,带门式,黑色,8*1*1,8,CK75C,简,收货,上架
SPRe12WaPi,粉色 品牌22 12 触控笔（水彩）,触控笔,品牌22,12,水彩,粉色,48*10*5,2400,CP73H,简,收货,上架
MoSu45ErWh,白色 品牌11 450 鼠标（人体工学）,鼠标,品牌11,450,人体工学,白色,16*10*1,160,CJ83C,迈克,收货,上架
GaSESLeGr,灰色 品牌08 小号 游戏椅（皮革）,游戏椅,品牌08,小号,皮革,灰色,16*1*1,16,CG66B,迈克,收货,上架
PeNa24HeWh,白色 品牌23 24 铅笔（六角形）,铅笔,品牌23,24,六角形,白色,48*10*5,2400,BI71B,劳拉,收货,上架
CuRG12DoBl,黑色 品牌03 1200 储物柜（带门式）,储物柜,品牌03,1200,带门式,黑色,8*1*1,8,DN81B,大卫,收货,上架
KePH45ErPi,粉色 品牌12 450 键盘（人体工学）,键盘,品牌12,450,人体工学,粉色,16*10*1,160,DR40D,迈克,收货,上架
CaTE18SlBl,黑色 品牌04 1800 文件柜（滑动式）,文件柜,品牌04,1800,滑动式,黑色,8*1*1,8,CN13B,克里斯,收货,上架
AlYn17i7Si,银色 品牌15 17英寸 一体机（第7代处理器）,一体机,品牌15,17英寸,第7代处理器,银色,16*1*1,16,AX10E,克里斯,收货,上架
LaOv1516Wh,白色 品牌13 15英寸 笔记本电脑（16吉字节内存）,笔记本电脑,品牌13,15英寸,16吉字节内存,白色,16*1*1,16,AH74C,亚历克斯,收货,上架
SPAl24SoPi,粉色 品牌20 24 触控笔（可溶性）,触控笔,品牌20,24,可溶性,粉色,48*10*5,2400,BH21C,莎拉,收货,上架
AlRe148GWh,白色 品牌14 14英寸 一体机（8吉字节内存）,一体机,品牌14,14英寸,8吉字节内存,白色,16*1*1,16,CV80F,莎拉,收货,上架
DrRG90SlBe,米色 品牌03 900 抽屉柜（滑动式）,抽屉柜,品牌03,900,滑动式,米色,8*1*1,8,CT29F,亚历克斯,收货,上架
PeGi12WaGr,灰色 品牌21 12 铅笔（水彩）,铅笔,品牌21,12,水彩,灰色,48*10*5,2400,BY46B,约翰,收货,上架
GaOGMHeBl,黑色 品牌07 中号 游戏椅（头枕）,游戏椅,品牌07,中号,头枕,黑色,16*1*1,16,AM21E,劳拉,收货,上架
LaSu14i7Bl,黑色 品牌11 14英寸 笔记本电脑（第7代处理器）,笔记本电脑,品牌11,14英寸,第7代处理器,黑色,16*1*1,16,BN45E,亚历克斯,收货,上架
KeHc27WiWh,白色 品牌09 270 键盘（有线）,键盘,品牌09,270,有线,白色,16*10*1,160,AW28C,亚历克斯,收货,上架
PeGi24SoPi,粉色 品牌21 24 铅笔（可溶性）,铅笔,品牌21,24,可溶性,粉色,48*10*5,2400,BT70G,约翰,收货,上架
GaOGSLeGr,灰色 品牌07 小号 游戏椅（皮革）,游戏椅,品牌07,小号,皮革,灰色,16*1*1,16,AN46A,简,收货,上架
MoPH27ErNa,藏青色 品牌12 270 鼠标（人体工学）,鼠标,品牌12,270,人体工学,藏青色,16*10*1,160,DQ65H,艾米丽,收货,上架
NoScA4doSi,银色 品牌17 四号纸 笔记本（点阵）,笔记本,品牌17,四号纸,点阵,银色,48*10*5,2400,AO93D,约翰,收货,上架
SPRe24SoBl,黑色 品牌22 24 触控笔（可溶性）,触控笔,品牌22,24,可溶性,黑色,48*10*5,2400,DY75C,劳拉,收货,上架
LaPH148GBl,黑色 品牌12 14英寸 笔记本电脑（8吉字节内存）,笔记本电脑,品牌12,14英寸,8吉字节内存,黑色,16*1*1,16,AH28A,约翰,收货,上架
GaSELHeWh,白色 品牌08 大号 游戏椅（头枕）,游戏椅,品牌08,大号,头枕,白色,16*1*1,16,CW05D,艾米,收货,上架
TVYn50SFGr,灰色 品牌15 50英寸 电视机（超级全高清）,电视机,品牌15,50英寸,超级全高清,灰色,8*1*1,8,AH79F,艾米,收货,上架
AlYn15i7Gr,灰色 品牌15 15英寸 一体机（第7代处理器）,一体机,品牌15,15英寸,第7代处理器,灰色,16*1*1,16,BJ29G,简,收货,上架
LaSu148GSi,银色 品牌11 14英寸 笔记本电脑（8吉字节内存）,笔记本电脑,品牌11,14英寸,8吉字节内存,银色,16*1*1,16,CV74F,艾米丽,收货,上架
OfXESLePi,粉色 品牌06 小号 办公椅（皮革）,办公椅,品牌06,小号,皮革,粉色,16*1*1,16,CY12E,劳拉,收货,上架
NoGrA3doWh,白色 品牌18 三号纸 笔记本（点阵）,笔记本,品牌18,三号纸,点阵,白色,48*10*5,2400,DT30B,大卫,收货,上架
NoGrA5liSi,银色 品牌18 五号纸 笔记本（线条）,笔记本,品牌18,五号纸,线条,银色,48*10*5,2400,CO45D,莎拉,收货,上架
CuTE90FiGr,灰色 品牌04 900 储物柜（文件收纳）,储物柜,品牌04,900,文件收纳,灰色,8*1*1,8,DO82B,艾米,收货,上架
LaOv1432Si,银色 品牌13 14英寸 笔记本电脑（32吉字节内存）,笔记本电脑,品牌13,14英寸,32吉字节内存,银色,16*1*1,16,AW03D,大卫,收货,上架
MoRe45WiWh,白色 品牌10 450 鼠标（有线）,鼠标,品牌10,450,有线,白色,16*10*1,160,AT51D,艾米,收货,上架
MoPH45WiNa,藏青色 品牌12 450 鼠标（有线）,鼠标,品牌12,450,有线,藏青色,16*10*1,160,AZ57D,艾米丽,收货,上架
TVEs32SFSi,银色 品牌32 32英寸 电视机（超级全高清）,电视机,品牌32,32英寸,超级全高清,银色,8*1*1,8,CQ92G,莎拉,收货,上架
SPGi50SoWh,白色 品牌21 50 触控笔（可溶性）,触控笔,品牌21,50,可溶性,白色,48*10*5,2400,BZ29D,克里斯,收货,上架
TVGL42S4Wh,白色 品牌31 42英寸 电视机（超级超高清）,电视机,品牌31,42英寸,超级超高清,白色,8*1*1,8,AL25C,艾米丽,收货,上架
KeHc45ErPi,粉色 品牌09 450 键盘（人体工学）,键盘,品牌09,450,人体工学,粉色,16*10*1,160,CR08A,劳拉,收货,上架
AlPH14i5Si,银色 品牌12 14英寸 一体机（第5代处理器）,一体机,品牌12,14英寸,第5代处理器,银色,16*1*1,16,DJ75H,约翰,收货,上架
TVGn65SFBl,黑色 品牌30 65英寸 电视机（超级全高清）,电视机,品牌30,65英寸,超级全高清,黑色,8*1*1,8,AQ45F,亚历克斯,收货,上架
TaCI15FrGr,灰色 品牌27 1500 桌子（框架式）,桌子,品牌27,1500,框架式,灰色,8*1*1,8,DI77B,迈克,收货,上架
AlRe158GSi,银色 品牌14 15英寸 一体机（8吉字节内存）,一体机,品牌14,15英寸,8吉字节内存,银色,16*1*1,16,BW86B,劳拉,收货,上架
CuQE90LoBe,米色 品牌01 900 储物柜（储物锁柜）,储物柜,品牌01,900,储物锁柜,米色,8*1*1,8,DL23G,亚历克斯,收货,上架
MoHc35BlWh,白色 品牌09 350 鼠标（蓝牙）,鼠标,品牌09,350,蓝牙,白色,16*10*1,160,CV50A,劳拉,收货,上架
TaTR18AuGr,灰色 品牌29 1800 桌子（自动调节）,桌子,品牌29,1800,自动调节,灰色,8*1*1,8,AN59B,艾米丽,收货,上架
GaOGSLeGr,灰色 品牌07 小号 游戏椅（皮革）,游戏椅,品牌07,小号,皮革,灰色,16*1*1,16,BK22D,约翰,收货,上架
CaWE18SlGr,灰色 品牌02 1800 文件柜（滑动式）,文件柜,品牌02,1800,滑动式,灰色,8*1*1,8,AJ22E,迈克,收货,上架
LaPH1532Wh,白色 品牌12 15英寸 笔记本电脑（32吉字节内存）,笔记本电脑,品牌12,15英寸,32吉字节内存,白色,16*1*1,16,CI30B,艾米丽,收货,上架
AlSu15i7Bl,黑色 品牌11 15英寸 一体机（第7代处理器）,一体机,品牌11,15英寸,第7代处理器,黑色,16*1*1,16,DO20C,简,收货,上架
LaOv1732Si,银色 品牌13 17英寸 笔记本电脑（32吉字节内存）,笔记本电脑,品牌13,17英寸,32吉字节内存,银色,16*1*1,16,AY88D,劳拉,收货,上架
TaTR15WoSi,银色 品牌28 1500 桌子（工作站）,桌子,品牌28,1500,工作站,银色,8*1*1,8,BT77D,迈克,收货,上架
PrNoA3MoBl,黑色 品牌26 三号纸 打印机（黑白）,打印机,品牌26,三号纸,黑白,黑色,16*1*1,16,CY58D,克里斯,收货,上架
CuTE90DoBe,米色 品牌04 900 储物柜（带门式）,储物柜,品牌04,900,带门式,米色,8*1*1,8,AO18G,艾米,收货,上架
LaYn15i7Bl,黑色 品牌15 15英寸 笔记本电脑（第7代处理器）,笔记本电脑,品牌15,15英寸,第7代处理器,黑色,16*1*1,16,AT90B,艾米丽,收货,上架
LaYn14i7Bl,黑色 品牌15 14英寸 笔记本电脑（第7代处理器）,笔记本电脑,品牌15,14英寸,第7代处理器,黑色,16*1*1,16,CW01E,约翰,收货,上架
PrNoA3AlMi,混合色 品牌26 三号纸 打印机（一体式）,打印机,品牌26,三号纸,一体式,混合色,16*1*1,16,CU79C,莎拉,收货,上架
LaSu17i7Bl,黑色 品牌11 17英寸 笔记本电脑（第7代处理器）,笔记本电脑,品牌11,17英寸,第7代处理器,黑色,16*1*1,16,DS75G,迈克,收货,上架
LaPH1716Wh,白色 品牌12 17英寸 笔记本电脑（16吉字节内存）,笔记本电脑,品牌12,17英寸,16吉字节内存,白色,16*1*1,16,AS18D,艾米丽,收货,上架
CuRG18SlWh,白色 品牌03 1800 储物柜（滑动式）,储物柜,品牌03,1800,滑动式,白色,8*1*1,8,CY66G,大卫,收货,上架
TaCI10FrSi,银色 品牌27 1000 桌子（框架式）,桌子,品牌27,1000,框架式,银色,8*1*1,8,DY12H,艾米丽,收货,上架
OfAEMLeBl,黑色 品牌05 中号 办公椅（皮革）,办公椅,品牌05,中号,皮革,黑色,16*1*1,16,DX93C,克里斯,收货,上架
TVEs65SFSi,银色 品牌32 65英寸 电视机（超级全高清）,电视机,品牌32,65英寸,超级全高清,银色,8*1*1,8,CV02E,大卫,收货,上架
NoMuA5liSi,银色 品牌19 五号纸 笔记本（线条）,笔记本,品牌19,五号纸,线条,银色,48*10*5,2400,DR49A,艾米丽,收货,上架
CaRG12LoWh,白色 品牌03 1200 文件柜（储物锁柜）,文件柜,品牌03,1200,储物锁柜,白色,8*1*1,8,DY22D,艾米,收货,上架
SPNa24HeGr,灰色 品牌23 24 触控笔（六角形）,触控笔,品牌23,24,六角形,灰色,48*10*5,2400,AS33G,迈克,收货,上架
MoSu27WiPi,粉色 品牌11 270 鼠标（有线）,鼠标,品牌11,270,有线,粉色,16*10*1,160,AO13F,迈克,收货,上架
CuQE12DoBe,米色 品牌01 1200 储物柜（带门式）,储物柜,品牌01,1200,带门式,米色,8*1*1,8,BL46E,简,收货,上架
GaXESLePi,粉色 品牌06 小号 游戏椅（皮革）,游戏椅,品牌06,小号,皮革,粉色,16*1*1,16,CI60E,莎拉,收货,上架
CuQE12DoBl,黑色 品牌01 1200 储物柜（带门式）,储物柜,品牌01,1200,带门式,黑色,8*1*1,8,BT27F,克里斯,收货,上架
TVYn32FHWh,白色 品牌15 32英寸 电视机（全高清）,电视机,品牌15,32英寸,全高清,白色,8*1*1,8,DR92A,简,收货,上架
PeRe12HePi,粉色 品牌22 12 铅笔（六角形）,铅笔,品牌22,12,六角形,粉色,48*10*5,2400,CU36B,艾米丽,收货,上架
TVEs42SFWh,白色 品牌32 42英寸 电视机（超级全高清）,电视机,品牌32,42英寸,超级全高清,白色,8*1*1,8,AR40E,劳拉,收货,上架
CaRG90LoBl,黑色 品牌03 900 文件柜（储物锁柜）,文件柜,品牌03,900,储物锁柜,黑色,8*1*1,8,CV21H,劳拉,收货,上架
KeHc35MeBl,黑色 品牌09 350 键盘（机械式）,键盘,品牌09,350,机械式,黑色,16*10*1,160,AK73E,艾米,收货,上架
PeRe50HePi,粉色 品牌22 50 铅笔（六角形）,铅笔,品牌22,50,六角形,粉色,48*10*5,2400,CG74D,艾米丽,收货,上架
TVGL75S4Bl,黑色 品牌31 75英寸 电视机（超级超高清）,电视机,品牌31,75英寸,超级超高清,黑色,8*1*1,8,BY55D,艾米,收货,上架
OfXELHeGr,灰色 品牌06 大号 办公椅（头枕）,办公椅,品牌06,大号,头枕,灰色,16*1*1,16,DM66C,克里斯,收货,上架
SPGi12SoBl,黑色 品牌21 12 触控笔（可溶性）,触控笔,品牌21,12,可溶性,黑色,48*10*5,2400,CP07H,约翰,收货,上架
CuTE90DoBe,米色 品牌04 900 储物柜（带门式）,储物柜,品牌04,900,带门式,米色,8*1*1,8,DZ87D,劳拉,收货,上架
LaRe158GGr,灰色 品牌14 15英寸 笔记本电脑（8吉字节内存）,笔记本电脑,品牌14,15英寸,8吉字节内存,灰色,16*1*1,16,BF72D,克里斯,收货,上架
KePH35BlBl,黑色 品牌12 350 键盘（蓝牙）,键盘,品牌12,350,蓝牙,黑色,16*10*1,160,CY09F,亚历克斯,收货,上架
PrSoA2LaBl,黑色 品牌25 二号纸 打印机（激光）,打印机,品牌25,二号纸,激光,黑色,16*1*1,16,CS97A,大卫,收货,上架
MoRe27ErPi,粉色 品牌10 270 鼠标（人体工学）,鼠标,品牌10,270,人体工学,粉色,16*10*1,160,DZ85C,克里斯,收货,上架
PrNoA2MoMi,混合色 品牌26 二号纸 打印机（黑白）,打印机,品牌26,二号纸,黑白,混合色,16*1*1,16,CF04D,亚历克斯,收货,上架
OfAELAdWh,白色 品牌05 大号 办公椅（可调节）,办公椅,品牌05,大号,可调节,白色,16*1*1,16,CW31A,大卫,收货,上架
TaTR18FrWh,白色 品牌28 1800 桌子（框架式）,桌子,品牌28,1800,框架式,白色,8*1*1,8,AW39B,艾米,收货,上架
AlRe1732Gr,灰色 品牌14 17英寸 一体机（32吉字节内存）,一体机,品牌14,17英寸,32吉字节内存,灰色,16*1*1,16,AR33E,迈克,收货,上架
CuWE18LoGr,灰色 品牌02 1800 储物柜（储物锁柜）,储物柜,品牌02,1800,储物锁柜,灰色,8*1*1,8,BP44H,大卫,收货,上架
KePH27WiNa,藏青色 品牌12 270 键盘（有线）,键盘,品牌12,270,有线,藏青色,16*10*1,160,AJ75F,迈克,收货,上架
CuQE18FiBe,米色 品牌01 1800 储物柜（文件收纳）,储物柜,品牌01,1800,文件收纳,米色,8*1*1,8,CY98D,莎拉,收货,上架
NoGrA3doWh,白色 品牌18 三号纸 笔记本（点阵）,笔记本,品牌18,三号纸,点阵,白色,48*10*5,2400,AG20B,劳拉,收货,上架
OfSELLeGr,灰色 品牌08 大号 办公椅（皮革）,办公椅,品牌08,大号,皮革,灰色,16*1*1,16,BH56F,迈克,收货,上架
CaWE12FiWh,白色 品牌02 1200 文件柜（文件收纳）,文件柜,品牌02,1200,文件收纳,白色,8*1*1,8,BV72A,劳拉,收货,上架
SPNa24HePi,粉色 品牌23 24 触控笔（六角形）,触控笔,品牌23,24,六角形,粉色,48*10*5,2400,DH80D,迈克,收货,上架
KeSu27WiPi,粉色 品牌11 270 键盘（有线）,键盘,品牌11,270,有线,粉色,16*10*1,160,DI77C,克里斯,收货,上架
LaPH17i5Si,银色 品牌12 17英寸 笔记本电脑（第5代处理器）,笔记本电脑,品牌12,17英寸,第5代处理器,银色,16*1*1,16,DH17C,迈克,收货,上架
TVGn75FHSi,银色 品牌30 75英寸 电视机（全高清）,电视机,品牌30,75英寸,全高清,银色,8*1*1,8,DR97F,亚历克斯,收货,上架
DrWE18DoBe,米色 品牌02 1800 抽屉柜（带门式）,抽屉柜,品牌02,1800,带门式,米色,8*1*1,8,AL98D,艾米丽,收货,上架
NoExA5ruSi,银色 品牌16 五号纸 笔记本（横线）,笔记本,品牌16,五号纸,横线,银色,48*10*5,2400,DI34E,大卫,收货,上架
CuQE18LoBe,米色 品牌01 1800 储物柜（储物锁柜）,储物柜,品牌01,1800,储物锁柜,米色,8*1*1,8,DP89C,艾米丽,收货,上架
PeGi24HeWh,白色 品牌21 24 铅笔（六角形）,铅笔,品牌21,24,六角形,白色,48*10*5,2400,DH22H,艾米,收货,上架
NoExA3ruGr,灰色 品牌16 三号纸 笔记本（横线）,笔记本,品牌16,三号纸,横线,灰色,48*10*5,2400,CG17B,克里斯,收货,上架
AlSu1416Si,银色 品牌11 14英寸 一体机（16吉字节内存）,一体机,品牌11,14英寸,16吉字节内存,银色,16*1*1,16,BV80G,简,收货,上架
GaAEMErGr,灰色 品牌05 中号 游戏椅（人体工学）,游戏椅,品牌05,中号,人体工学,灰色,16*1*1,16,DT11D,简,收货,上架
AlSu148GBl,黑色 品牌11 14英寸 一体机（8吉字节内存）,一体机,品牌11,14英寸,8吉字节内存,黑色,16*1*1,16,AY10D,大卫,收货,上架
TVGL50FHWh,白色 品牌31 50英寸 电视机（全高清）,电视机,品牌31,50英寸,全高清,白色,8*1*1,8,BQ28A,劳拉,收货,上架
TaCI18WoWh,白色 品牌27 1800 桌子（工作站）,桌子,品牌27,1800,工作站,白色,8*1*1,8,AK62H,迈克,收货,上架
PeNa12SoWh,白色 品牌23 12 铅笔（可溶性）,铅笔,品牌23,12,可溶性,白色,48*10*5,2400,CF39D,迈克,收货,上架
TaAE18WoBl,黑色 品牌05 1800 桌子（工作站）,桌子,品牌05,1800,工作站,黑色,8*1*1,8,CF94D,莎拉,收货,上架
LaRe15i7Gr,灰色 品牌14 15英寸 笔记本电脑（第7代处理器）,笔记本电脑,品牌14,15英寸,第7代处理器,灰色,16*1*1,16,CS50F,迈克,收货,上架
PeAl50WaBl,黑色 品牌20 50 铅笔（水彩）,铅笔,品牌20,50,水彩,黑色,48*10*5,2400,BX22C,艾米,收货,上架
LaYn158GSi,银色 品牌15 15英寸 笔记本电脑（8吉字节内存）,笔记本电脑,品牌15,15英寸,8吉字节内存,银色,16*1*1,16,DP50C,莎拉,收货,上架
PrPHA2MoBl,黑色 品牌12 二号纸 打印机（黑白）,打印机,品牌12,二号纸,黑白,黑色,16*1*1,16,BP43A,艾米,收货,上架
TVGL32S4Bl,黑色 品牌31 32英寸 电视机（超级超高清）,电视机,品牌31,32英寸,超级超高清,黑色,8*1*1,8,BL71A,莎拉,收货,上架
MoRe27ErBl,黑色 品牌10 270 鼠标（人体工学）,鼠标,品牌10,270,人体工学,黑色,16*10*1,160,AU81A,约翰,收货,上架
DrQE12SlWh,白色 品牌01 1200 抽屉柜（滑动式）,抽屉柜,品牌01,1200,滑动式,白色,8*1*1,8,CU09H,劳拉,收货,上架
LaSu1432Gr,灰色 品牌11 14英寸 笔记本电脑（32吉字节内存）,笔记本电脑,品牌11,14英寸,32吉字节内存,灰色,16*1*1,16,BZ12G,迈克,收货,上架
OfAESErPi,粉色 品牌05 小号 办公椅（人体工学）,办公椅,品牌05,小号,人体工学,粉色,16*1*1,16,AI24E,大卫,收货,上架
NoGrA5liWh,白色 品牌18 五号纸 笔记本（线条）,笔记本,品牌18,五号纸,线条,白色,48*10*5,2400,DM53B,艾米丽,收货,上架
AlRe1516Gr,灰色 品牌14 15英寸 一体机（16吉字节内存）,一体机,品牌14,15英寸,16吉字节内存,灰色,16*1*1,16,CM11G,克里斯,收货,上架
AlOv1532Wh,白色 品牌13 15英寸 一体机（32吉字节内存）,一体机,品牌13,15英寸,32吉字节内存,白色,16*1*1,16,DU29B,简,收货,上架
CuTE12SlWh,白色 品牌04 1200 储物柜（滑动式）,储物柜,品牌04,1200,滑动式,白色,8*1*1,8,AF46F,克里斯,收货,上架
TaTR15AuBl,黑色 品牌29 1500 桌子（自动调节）,桌子,品牌29,1500,自动调节,黑色,8*1*1,8,AR46A,劳拉,收货,上架
NoScA3doGr,灰色 品牌17 三号纸 笔记本（点阵）,笔记本,品牌17,三号纸,点阵,灰色,48*10*5,2400,CM06B,迈克,收货,上架
DrQE12SlBe,米色 品牌01 1200 抽屉柜（滑动式）,抽屉柜,品牌01,1200,滑动式,米色,8*1*1,8,BR26D,亚历克斯,收货,上架
TVEs42S4Bl,黑色 品牌32 42英寸 电视机（超级超高清）,电视机,品牌32,42英寸,超级超高清,黑色,8*1*1,8,DK35F,艾米丽,收货,上架
PrPHA2LaWh,白色 品牌12 二号纸 打印机（激光）,打印机,品牌12,二号纸,激光,白色,16*1*1,16,DF45C,简,收货,上架
NoExA5doSi,银色 品牌16 五号纸 笔记本（点阵）,笔记本,品牌16,五号纸,点阵,银色,48*10*5,2400,BM76C,克里斯,收货,上架
AlOv158GWh,白色 品牌13 15英寸 一体机（8吉字节内存）,一体机,品牌13,15英寸,8吉字节内存,白色,16*1*1,16,AK58G,克里斯,收货,上架
OfOGSErGr,灰色 品牌07 小号 办公椅（人体工学）,办公椅,品牌07,小号,人体工学,灰色,16*1*1,16,AP42F,大卫,收货,上架
SPGi12SoGr,灰色 品牌21 12 触控笔（可溶性）,触控笔,品牌21,12,可溶性,灰色,48*10*5,2400,BL41C,艾米丽,收货,上架
AlYn1532Wh,白色 品牌15 15英寸 一体机（32吉字节内存）,一体机,品牌15,15英寸,32吉字节内存,白色,16*1*1,16,BW81A,艾米,收货,上架
AlPH1516Gr,灰色 品牌12 15英寸 一体机（16吉字节内存）,一体机,品牌12,15英寸,16吉字节内存,灰色,16*1*1,16,AS13G,简,收货,上架
PeGi24HeGr,灰色 品牌21 24 铅笔（六角形）,铅笔,品牌21,24,六角形,灰色,48*10*5,2400,BQ34G,大卫,收货,上架
TaTR15WoGr,灰色 品牌29 1500 桌子（工作站）,桌子,品牌29,1500,工作站,灰色,8*1*1,8,AI33H,艾米丽,收货,上架
PeNa12WaWh,白色 品牌23 12 铅笔（水彩）,铅笔,品牌23,12,水彩,白色,48*10*5,2400,CZ68F,约翰,收货,上架
TVGn504KWh,白色 品牌30 50英寸 电视机（超高清）,电视机,品牌30,50英寸,超高清,白色,8*1*1,8,BR13G,克里斯,收货,上架
GaXELAdGr,灰色 品牌06 大号 游戏椅（可调节）,游戏椅,品牌06,大号,可调节,灰色,16*1*1,16,DM88H,艾米丽,收货,上架
CuQE12FiGr,灰色 品牌01 1200 储物柜（文件收纳）,储物柜,品牌01,1200,文件收纳,灰色,8*1*1,8,CV15C,简,收货,上架
LaOv1532Si,银色 品牌13 15英寸 笔记本电脑（32吉字节内存）,笔记本电脑,品牌13,15英寸,32吉字节内存,银色,16*1*1,16,BV18B,克里斯,收货,上架
CaTE12DoGr,灰色 品牌04 1200 文件柜（带门式）,文件柜,品牌04,1200,带门式,灰色,8*1*1,8,CZ60H,莎拉,收货,上架
KePH35BlPi,粉色 品牌12 350 键盘（蓝牙）,键盘,品牌12,350,蓝牙,粉色,16*10*1,160,DU55D,莎拉,收货,上架
TVGn324KGr,灰色 品牌30 32英寸 电视机（超高清）,电视机,品牌30,32英寸,超高清,灰色,8*1*1,8,AJ85H,艾米丽,收货,上架
KeHc27MeWh,白色 品牌09 270 键盘（机械式）,键盘,品牌09,270,机械式,白色,16*10*1,160,BU64E,约翰,收货,上架
GaXESHePi,粉色 品牌06 小号 游戏椅（头枕）,游戏椅,品牌06,小号,头枕,粉色,16*1*1,16,DS89E,约翰,收货,上架
CaWE18SlBl,黑色 品牌02 1800 文件柜（滑动式）,文件柜,品牌02,1800,滑动式,黑色,8*1*1,8,CJ06C,艾米,收货,上架
AlOv158GSi,银色 品牌13 15英寸 一体机（8吉字节内存）,一体机,品牌13,15英寸,8吉字节内存,银色,16*1*1,16,AO21D,劳拉,收货,上架
AlSu1716Wh,白色 品牌11 17英寸 一体机（16吉字节内存）,一体机,品牌11,17英寸,16吉字节内存,白色,16*1*1,16,DY84H,简,收货,上架
SPNa50WaBl,黑色 品牌23 50 触控笔（水彩）,触控笔,品牌23,50,水彩,黑色,48*10*5,2400,CF04F,艾米,收货,上架
CuRG90LoWh,白色 品牌03 900 储物柜（储物锁柜）,储物柜,品牌03,900,储物锁柜,白色,8*1*1,8,DS06B,迈克,收货,上架
LaOv1416Gr,灰色 品牌13 14英寸 笔记本电脑（16吉字节内存）,笔记本电脑,品牌13,14英寸,16吉字节内存,灰色,16*1*1,16,CP85A,克里斯,收货,上架
LaSu17i5Wh,白色 品牌11 17英寸 笔记本电脑（第5代处理器）,笔记本电脑,品牌11,17英寸,第5代处理器,白色,16*1*1,16,AP54F,艾米丽,收货,上架
AlRe1732Bl,黑色 品牌14 17英寸 一体机（32吉字节内存）,一体机,品牌14,17英寸,32吉字节内存,黑色,16*1*1,16,AI47A,大卫,收货,上架
SPAl12HePi,粉色 品牌20 12 触控笔（六角形）,触控笔,品牌20,12,六角形,粉色,48*10*5,2400,BR72A,克里斯,收货,上架
KePH35WiWh,白色 品牌12 350 键盘（有线）,键盘,品牌12,350,有线,白色,16*10*1,160,BZ24E,劳拉,收货,上架
PeNa12SoBl,黑色 品牌23 12 铅笔（可溶性）,铅笔,品牌23,12,可溶性,黑色,48*10*5,2400,CW22G,迈克,收货,上架
TaCI18FrSi,银色 品牌27 1800 桌子（框架式）,桌子,品牌27,1800,框架式,银色,8*1*1,8,CT06G,克里斯,收货,上架
MoHc35MeNa,藏青色 品牌09 350 鼠标（机械式）,鼠标,品牌09,350,机械式,藏青色,16*10*1,160,DH51G,莎拉,收货,上架
TVYn754KGr,灰色 品牌15 75英寸 电视机（超高清）,电视机,品牌15,75英寸,超高清,灰色,8*1*1,8,BG86D,克里斯,收货,上架
AlSu15i5Bl,黑色 品牌11 15英寸 一体机（第5代处理器）,一体机,品牌11,15英寸,第5代处理器,黑色,16*1*1,16,BP07G,大卫,收货,上架
SPNa24SoBl,黑色 品牌23 24 触控笔（可溶性）,触控笔,品牌23,24,可溶性,黑色,48*10*5,2400,BY16C,克里斯,收货,上架
NoGrA4doWh,白色 品牌18 四号纸 笔记本（点阵）,笔记本,品牌18,四号纸,点阵,白色,48*10*5,2400,BI34G,大卫,收货,上架
TVGL42SFBl,黑色 品牌31 42英寸 电视机（超级全高清）,电视机,品牌31,42英寸,超级全高清,黑色,8*1*1,8,DW27G,艾米丽,收货,上架
LaOv17i5Si,银色 品牌13 17英寸 笔记本电脑（第5代处理器）,笔记本电脑,品牌13,17英寸,第5代处理器,银色,16*1*1,16,BV68H,约翰,收货,上架
CuWE90SlWh,白色 品牌02 900 储物柜（滑动式）,储物柜,品牌02,900,滑动式,白色,8*1*1,8,CN87G,简,收货,上架
TaAE15FrGr,灰色 品牌05 1500 桌子（框架式）,桌子,品牌05,1500,框架式,灰色,8*1*1,8,AK81A,劳拉,收货,上架
CuTE90DoBe,米色 品牌04 900 储物柜（带门式）,储物柜,品牌04,900,带门式,米色,8*1*1,8,BR53C,迈克,收货,上架
CuTE90DoGr,灰色 品牌04 900 储物柜（带门式）,储物柜,品牌04,900,带门式,灰色,8*1*1,8,AG23A,约翰,收货,上架
PrSoA4AlGr,灰色 品牌25 四号纸 打印机（一体式）,打印机,品牌25,四号纸,一体式,灰色,16*1*1,16,CV11D,简,收货,上架
CuQE90DoWh,白色 品牌01 900 储物柜（带门式）,储物柜,品牌01,900,带门式,白色,8*1*1,8,BY10B,艾米,收货,上架
AlOv1432Wh,白色 品牌13 14英寸 一体机（32吉字节内存）,一体机,品牌13,14英寸,32吉字节内存,白色,16*1*1,16,DG07F,艾米丽,收货,上架
CuQE12DoBl,黑色 品牌01 1200 储物柜（带门式）,储物柜,品牌01,1200,带门式,黑色,8*1*1,8,CK42B,迈克,收货,上架
KeSu35MeBl,黑色 品牌11 350 键盘（机械式）,键盘,品牌11,350,机械式,黑色,16*10*1,160,BW94A,艾米丽,收货,上架
PeGi50SoGr,灰色 品牌21 50 铅笔（可溶性）,铅笔,品牌21,50,可溶性,灰色,48*10*5,2400,CO20F,莎拉,收货,上架
KeSu27BlBl,黑色 品牌11 270 键盘（蓝牙）,键盘,品牌11,270,蓝牙,黑色,16*10*1,160,BM59D,艾米丽,收货,上架
GaXELAdBl,黑色 品牌06 大号 游戏椅（可调节）,游戏椅,品牌06,大号,可调节,黑色,16*1*1,16,DY24D,大卫,收货,上架
LaSu178GWh,白色 品牌11 17英寸 笔记本电脑（8吉字节内存）,笔记本电脑,品牌11,17英寸,8吉字节内存,白色,16*1*1,16,AG13A,亚历克斯,收货,上架
PeNa12HePi,粉色 品牌23 12 铅笔（六角形）,铅笔,品牌23,12,六角形,粉色,48*10*5,2400,AJ34E,克里斯,收货,上架
LaOv158GSi,银色 品牌13 15英寸 笔记本电脑（8吉字节内存）,笔记本电脑,品牌13,15英寸,8吉字节内存,银色,16*1*1,16,CF76F,迈克,收货,上架
TaTR10AuGr,灰色 品牌29 1000 桌子（自动调节）,桌子,品牌29,1000,自动调节,灰色,8*1*1,8,BS13E,迈克,收货,上架
GaAELHeGr,灰色 品牌05 大号 游戏椅（头枕）,游戏椅,品牌05,大号,头枕,灰色,16*1*1,16,CP59A,约翰,收货,上架
LaYn15i7Wh,白色 品牌15 15英寸 笔记本电脑（第7代处理器）,笔记本电脑,品牌15,15英寸,第7代处理器,白色,16*1*1,16,DM42D,艾米,收货,上架
MoSu35MeNa,藏青色 品牌11 350 鼠标（机械式）,鼠标,品牌11,350,机械式,藏青色,16*10*1,160,CO90H,简,收货,上架
LaSu1432Bl,黑色 品牌11 14英寸 笔记本电脑（32吉字节内存）,笔记本电脑,品牌11,14英寸,32吉字节内存,黑色,16*1*1,16,CL05H,简,收货,上架
AlPH1732Gr,灰色 品牌12 17英寸 一体机（32吉字节内存）,一体机,品牌12,17英寸,32吉字节内存,灰色,16*1*1,16,CP22F,莎拉,收货,上架
SPAl50SoWh,白色 品牌20 50 触控笔（可溶性）,触控笔,品牌20,50,可溶性,白色,48*10*5,2400,BR61B,艾米丽,收货,上架
DrQE18LoGr,灰色 品牌01 1800 抽屉柜（储物锁柜）,抽屉柜,品牌01,1800,储物锁柜,灰色,8*1*1,8,DK15H,亚历克斯,收货,上架
MoPH45MeNa,藏青色 品牌12 450 鼠标（机械式）,鼠标,品牌12,450,机械式,藏青色,16*10*1,160,CN26B,约翰,收货,上架
AlRe1732Wh,白色 品牌14 17英寸 一体机（32吉字节内存）,一体机,品牌14,17英寸,32吉字节内存,白色,16*1*1,16,CH10G,亚历克斯,收货,上架
KePH35ErWh,白色 品牌12 350 键盘（人体工学）,键盘,品牌12,350,人体工学,白色,16*10*1,160,CM56C,约翰,收货,上架
MoRe35ErNa,藏青色 品牌10 350 鼠标（人体工学）,鼠标,品牌10,350,人体工学,藏青色,16*10*1,160,BV06D,亚历克斯,收货,上架
CuRG18FiBe,米色 品牌03 1800 储物柜（文件收纳）,储物柜,品牌03,1800,文件收纳,米色,8*1*1,8,AV18D,莎拉,收货,上架
OfOGLLeBl,黑色 品牌07 大号 办公椅（皮革）,办公椅,品牌07,大号,皮革,黑色,16*1*1,16,AN90F,大卫,收货,上架
LaOv178GBl,黑色 品牌13 17英寸 笔记本电脑（8吉字节内存）,笔记本电脑,品牌13,17英寸,8吉字节内存,黑色,16*1*1,16,CV11H,劳拉,收货,上架
CaRG18FiWh,白色 品牌03 1800 文件柜（文件收纳）,文件柜,品牌03,1800,文件收纳,白色,8*1*1,8,CK71H,莎拉,收货,上架
PeGi24HeGr,灰色 品牌21 24 铅笔（六角形）,铅笔,品牌21,24,六角形,灰色,48*10*5,2400,CM73C,艾米,收货,上架
AlYn178GGr,灰色 品牌15 17英寸 一体机（8吉字节内存）,一体机,品牌15,17英寸,8吉字节内存,灰色,16*1*1,16,BS50F,大卫,收货,上架
CaWE90FiBe,米色 品牌02 900 文件柜（文件收纳）,文件柜,品牌02,900,文件收纳,米色,8*1*1,8,DW86C,约翰,收货,上架
DrQE90LoBe,米色 品牌01 900 抽屉柜（储物锁柜）,抽屉柜,品牌01,900,储物锁柜,米色,8*1*1,8,AX82F,迈克,收货,上架
TVYn42SFGr,灰色 品牌15 42英寸 电视机（超级全高清）,电视机,品牌15,42英寸,超级全高清,灰色,8*1*1,8,CY74G,艾米,收货,上架
LaPH17i7Si,银色 品牌12 17英寸 笔记本电脑（第7代处理器）,笔记本电脑,品牌12,17英寸,第7代处理器,银色,16*1*1,16,CP42B,莎拉,收货,上架
PrSoA2InWh,白色 品牌25 二号纸 打印机（喷墨）,打印机,品牌25,二号纸,喷墨,白色,16*1*1,16,AF82F,艾米,收货,上架
TaCI18WoWh,白色 品牌27 1800 桌子（工作站）,桌子,品牌27,1800,工作站,白色,8*1*1,8,CH35G,艾米,收货,上架
TVGL504KGr,灰色 品牌31 50英寸 电视机（超高清）,电视机,品牌31,50英寸,超高清,灰色,8*1*1,8,BV38C,莎拉,收货,上架
PrReA4LaBl,黑色 品牌24 四号纸 打印机（激光）,打印机,品牌24,四号纸,激光,黑色,16*1*1,16,BN76G,约翰,收货,上架
OfOGMAdPi,粉色 品牌07 中号 办公椅（可调节）,办公椅,品牌07,中号,可调节,粉色,16*1*1,16,AP42D,大卫,收货,上架
PrPHA3WiMi,混合色 品牌12 三号纸 打印机（无线网络）,打印机,品牌12,三号纸,无线网络,混合色,16*1*1,16,AF26B,简,收货,上架
OfOGLErPi,粉色 品牌07 大号 办公椅（人体工学）,办公椅,品牌07,大号,人体工学,粉色,16*1*1,16,BP80H,克里斯,收货,上架
KeRe27ErPi,粉色 品牌10 270 键盘（人体工学）,键盘,品牌10,270,人体工学,粉色,16*10*1,160,BY95F,艾米,收货,上架
DrRG12LoWh,白色 品牌03 1200 抽屉柜（储物锁柜）,抽屉柜,品牌03,1200,储物锁柜,白色,8*1*1,8,CJ97B,克里斯,收货,上架
GaAESHePi,粉色 品牌05 小号 游戏椅（头枕）,游戏椅,品牌05,小号,头枕,粉色,16*1*1,16,DF97E,克里斯,收货,上架
AlYn148GSi,银色 品牌15 14英寸 一体机（8吉字节内存）,一体机,品牌15,14英寸,8吉字节内存,银色,16*1*1,16,BT30A,克里斯,收货,上架
PrSoA3WiBl,黑色 品牌25 三号纸 打印机（无线网络）,打印机,品牌25,三号纸,无线网络,黑色,16*1*1,16,DV27H,大卫,收货,上架
KeSu27MeWh,白色 品牌11 270 键盘（机械式）,键盘,品牌11,270,机械式,白色,16*10*1,160,BM68D,克里斯,收货,上架
DrTE90DoBe,米色 品牌04 900 抽屉柜（带门式）,抽屉柜,品牌04,900,带门式,米色,8*1*1,8,BO23A,艾米,收货,上架
TVEs424KSi,银色 品牌32 42英寸 电视机（超高清）,电视机,品牌32,42英寸,超高清,银色,8*1*1,8,AQ14A,简,收货,上架
LaRe17i5Wh,白色 品牌14 17英寸 笔记本电脑（第5代处理器）,笔记本电脑,品牌14,17英寸,第5代处理器,白色,16*1*1,16,BQ93H,克里斯,收货,上架
SPAl50SoBl,黑色 品牌20 50 触控笔（可溶性）,触控笔,品牌20,50,可溶性,黑色,48*10*5,2400,BP65C,简,收货,上架
LaYn1432Gr,灰色 品牌15 14英寸 笔记本电脑（32吉字节内存）,笔记本电脑,品牌15,14英寸,32吉字节内存,灰色,16*1*1,16,CR74B,迈克,收货,上架
TaCI18AuSi,银色 品牌27 1800 桌子（自动调节）,桌子,品牌27,1800,自动调节,银色,8*1*1,8,CT95F,迈克,收货,上架
NoExA5liWh,白色 品牌16 五号纸 笔记本（线条）,笔记本,品牌16,五号纸,线条,白色,48*10*5,2400,CI48E,艾米丽,收货,上架
MoRe27MeBl,黑色 品牌10 270 鼠标（机械式）,鼠标,品牌10,270,机械式,黑色,16*10*1,160,BO63B,劳拉,收货,上架
LaYn1416Gr,灰色 品牌15 14英寸 笔记本电脑（16吉字节内存）,笔记本电脑,品牌15,14英寸,16吉字节内存,灰色,16*1*1,16,BT46C,莎拉,收货,上架
GaSESErWh,白色 品牌08 小号 游戏椅（人体工学）,游戏椅,品牌08,小号,人体工学,白色,16*1*1,16,DW21A,大卫,收货,上架
LaRe1732Si,银色 品牌14 17英寸 笔记本电脑（32吉字节内存）,笔记本电脑,品牌14,17英寸,32吉字节内存,银色,16*1*1,16,CM88C,亚历克斯,收货,上架
PeAl12HePi,粉色 品牌20 12 铅笔（六角形）,铅笔,品牌20,12,六角形,粉色,48*10*5,2400,AU01F,亚历克斯,收货,上架
OfOGLAdWh,白色 品牌07 大号 办公椅（可调节）,办公椅,品牌07,大号,可调节,白色,16*1*1,16,CV21E,迈克,收货,上架
PrNoA4InMi,混合色 品牌26 四号纸 打印机（喷墨）,打印机,品牌26,四号纸,喷墨,混合色,16*1*1,16,AW19C,简,收货,上架
DrRG18LoWh,白色 品牌03 1800 抽屉柜（储物锁柜）,抽屉柜,品牌03,1800,储物锁柜,白色,8*1*1,8,CL59B,简,收货,上架
CaQE18SlBe,米色 品牌01 1800 文件柜（滑动式）,文件柜,品牌01,1800,滑动式,米色,8*1*1,8,BX03H,艾米,收货,上架
KeHc35WiBl,黑色 品牌09 350 键盘（有线）,键盘,品牌09,350,有线,黑色,16*10*1,160,AK35G,迈克,收货,上架
DrWE12LoGr,灰色 品牌02 1200 抽屉柜（储物锁柜）,抽屉柜,品牌02,1200,储物锁柜,灰色,8*1*1,8,CW91H,约翰,收货,上架
KeSu35ErNa,藏青色 品牌11 350 键盘（人体工学）,键盘,品牌11,350,人体工学,藏青色,16*10*1,160,BZ72D,亚历克斯,收货,上架
KeRe27MePi,粉色 品牌10 270 键盘（机械式）,键盘,品牌10,270,机械式,粉色,16*10*1,160,CX82C,约翰,收货,上架
TVEs50S4Wh,白色 品牌32 50英寸 电视机（超级超高清）,电视机,品牌32,50英寸,超级超高清,白色,8*1*1,8,AZ27D,克里斯,收货,上架
GaSESErGr,灰色 品牌08 小号 游戏椅（人体工学）,游戏椅,品牌08,小号,人体工学,灰色,16*1*1,16,BU82G,莎拉,收货,上架
DrTE18FiWh,白色 品牌04 1800 抽屉柜（文件收纳）,抽屉柜,品牌04,1800,文件收纳,白色,8*1*1,8,AM58D,艾米丽,收货,上架
TVGL75SFWh,白色 品牌31 75英寸 电视机（超级全高清）,电视机,品牌31,75英寸,超级全高清,白色,8*1*1,8,BV68E,莎拉,收货,上架
DrQE18DoWh,白色 品牌01 1800 抽屉柜（带门式）,抽屉柜,品牌01,1800,带门式,白色,8*1*1,8,DG98H,亚历克斯,收货,上架
PrPHA4WiWh,白色 品牌12 四号纸 打印机（无线网络）,打印机,品牌12,四号纸,无线网络,白色,16*1*1,16,CF34D,亚历克斯,收货,上架
CaWE90FiGr,灰色 品牌02 900 文件柜（文件收纳）,文件柜,品牌02,900,文件收纳,灰色,8*1*1,8,BZ44B,亚历克斯,收货,上架
TVGL50FHGr,灰色 品牌31 50英寸 电视机（全高清）,电视机,品牌31,50英寸,全高清,灰色,8*1*1,8,DJ63D,艾米,收货,上架
LaPH1532Bl,黑色 品牌12 15英寸 笔记本电脑（32吉字节内存）,笔记本电脑,品牌12,15英寸,32吉字节内存,黑色,16*1*1,16,DQ61C,约翰,收货,上架
TVEs50S4Si,银色 品牌32 50英寸 电视机（超级超高清）,电视机,品牌32,50英寸,超级超高清,银色,8*1*1,8,AY52D,克里斯,收货,上架
PrSoA2LaGr,灰色 品牌25 二号纸 打印机（激光）,打印机,品牌25,二号纸,激光,灰色,16*1*1,16,BN93D,简,收货,上架
MoSu45WiPi,粉色 品牌11 450 鼠标（有线）,鼠标,品牌11,450,有线,粉色,16*10*1,160,CT21B,简,收货,上架
TVYn50SFGr,灰色 品牌15 50英寸 电视机（超级全高清）,电视机,品牌15,50英寸,超级全高清,灰色,8*1*1,8,AY63B,克里斯,收货,上架
NoGrA3doSi,银色 品牌18 三号纸 笔记本（点阵）,笔记本,品牌18,三号纸,点阵,银色,48*10*5,2400,BZ53E,劳拉,收货,上架
DrRG18SlWh,白色 品牌03 1800 抽屉柜（滑动式）,抽屉柜,品牌03,1800,滑动式,白色,8*1*1,8,AZ75D,迈克,收货,上架
GaAESAdWh,白色 品牌05 小号 游戏椅（可调节）,游戏椅,品牌05,小号,可调节,白色,16*1*1,16,CZ16G,劳拉,收货,上架
TVGL75SFSi,银色 品牌31 75英寸 电视机（超级全高清）,电视机,品牌31,75英寸,超级全高清,银色,8*1*1,8,AW36C,艾米丽,收货,上架
LaSu15i5Si,银色 品牌11 15英寸 笔记本电脑（第5代处理器）,笔记本电脑,品牌11,15英寸,第5代处理器,银色,16*1*1,16,CW17C,莎拉,收货,上架
TVEs75S4Bl,黑色 品牌32 75英寸 电视机（超级超高清）,电视机,品牌32,75英寸,超级超高清,黑色,8*1*1,8,BX67H,简,收货,上架
GaXEMLeGr,灰色 品牌06 中号 游戏椅（皮革）,游戏椅,品牌06,中号,皮革,灰色,16*1*1,16,AO75H,大卫,收货,上架
PeNa12WaPi,粉色 品牌23 12 铅笔（水彩）,铅笔,品牌23,12,水彩,粉色,48*10*5,2400,CY92H,约翰,收货,上架
TVGn32FHBl,黑色 品牌30 32英寸 电视机（全高清）,电视机,品牌30,32英寸,全高清,黑色,8*1*1,8,DR91B,亚历克斯,收货,上架
MoHc35BlWh,白色 品牌09 350 鼠标（蓝牙）,鼠标,品牌09,350,蓝牙,白色,16*10*1,160,DW08E,莎拉,收货,上架
LaPH1416Gr,灰色 品牌12 14英寸 笔记本电脑（16吉字节内存）,笔记本电脑,品牌12,14英寸,16吉字节内存,灰色,16*1*1,16,DV56F,艾米,收货,上架
KePH45ErPi,粉色 品牌12 450 键盘（人体工学）,键盘,品牌12,450,人体工学,粉色,16*10*1,160,AI69A,艾米,收货,上架
LaYn178GBl,黑色 品牌15 17英寸 笔记本电脑（8吉字节内存）,笔记本电脑,品牌15,17英寸,8吉字节内存,黑色,16*1*1,16,CG30F,莎拉,收货,上架
TVYn32SFBl,黑色 品牌15 32英寸 电视机（超级全高清）,电视机,品牌15,32英寸,超级全高清,黑色,8*1*1,8,BK88E,大卫,收货,上架
CaWE18FiWh,白色 品牌02 1800 文件柜（文件收纳）,文件柜,品牌02,1800,文件收纳,白色,8*1*1,8,BV52C,克里斯,收货,上架
KeHc35BlBl,黑色 品牌09 350 键盘（蓝牙）,键盘,品牌09,350,蓝牙,黑色,16*10*1,160,BW02F,大卫,收货,上架
TaTR15AdWh,白色 品牌29 1500 桌子（可调节）,桌子,品牌29,1500,可调节,白色,8*1*1,8,CK51E,约翰,收货,上架
CaQE12LoGr,灰色 品牌01 1200 文件柜（储物锁柜）,文件柜,品牌01,1200,储物锁柜,灰色,8*1*1,8,AY31E,艾米丽,收货,上架
PeRe50HeGr,灰色 品牌22 50 铅笔（六角形）,铅笔,品牌22,50,六角形,灰色,48*10*5,2400,CU87C,莎拉,收货,上架
NoMuA4liBl,黑色 品牌19 四号纸 笔记本（线条）,笔记本,品牌19,四号纸,线条,黑色,48*10*5,2400,BU81C,简,收货,上架
GaSESErBl,黑色 品牌08 小号 游戏椅（人体工学）,游戏椅,品牌08,小号,人体工学,黑色,16*1*1,16,BO31E,大卫,收货,上架
KeRe35MeBl,黑色 品牌10 350 键盘（机械式）,键盘,品牌10,350,机械式,黑色,16*10*1,160,DN80G,劳拉,收货,上架
DrRG90SlGr,灰色 品牌03 900 抽屉柜（滑动式）,抽屉柜,品牌03,900,滑动式,灰色,8*1*1,8,DV26G,莎拉,收货,上架
TaAE15FrBl,黑色 品牌05 1500 桌子（框架式）,桌子,品牌05,1500,框架式,黑色,8*1*1,8,BN06F,简,收货,上架
LaPH148GBl,黑色 品牌12 14英寸 笔记本电脑（8吉字节内存）,笔记本电脑,品牌12,14英寸,8吉字节内存,黑色,16*1*1,16,BN76D,克里斯,收货,上架
AlPH178GSi,银色 品牌12 17英寸 一体机（8吉字节内存）,一体机,品牌12,17英寸,8吉字节内存,银色,16*1*1,16,BZ19G,劳拉,收货,上架
CaRG12LoBl,黑色 品牌03 1200 文件柜（储物锁柜）,文件柜,品牌03,1200,储物锁柜,黑色,8*1*1,8,AQ08H,莎拉,收货,上架
LaRe14i7Gr,灰色 品牌14 14英寸 笔记本电脑（第7代处理器）,笔记本电脑,品牌14,14英寸,第7代处理器,灰色,16*1*1,16,DX49A,亚历克斯,收货,上架
TVGn32SFSi,银色 品牌30 32英寸 电视机（超级全高清）,电视机,品牌30,32英寸,超级全高清,银色,8*1*1,8,AR92G,大卫,收货,上架
PrNoA4MoGr,灰色 品牌26 四号纸 打印机（黑白）,打印机,品牌26,四号纸,黑白,灰色,16*1*1,16,AU96B,简,收货,上架
AlSu1732Bl,黑色 品牌11 17英寸 一体机（32吉字节内存）,一体机,品牌11,17英寸,32吉字节内存,黑色,16*1*1,16,AU72G,约翰,收货,上架
TVEs42SFSi,银色 品牌32 42英寸 电视机（超级全高清）,电视机,品牌32,42英寸,超级全高清,银色,8*1*1,8,BU75E,艾米丽,收货,上架
DrWE12FiGr,灰色 品牌02 1200 抽屉柜（文件收纳）,抽屉柜,品牌02,1200,文件收纳,灰色,8*1*1,8,DJ15D,亚历克斯,收货,上架
TVYn32S4Si,银色 品牌15 32英寸 电视机（超级超高清）,电视机,品牌15,32英寸,超级超高清,银色,8*1*1,8,AJ44C,约翰,收货,上架
TaAE18FrBl,黑色 品牌05 1800 桌子（框架式）,桌子,品牌05,1800,框架式,黑色,8*1*1,8,DZ30D,艾米,收货,上架
CuRG12FiBl,黑色 品牌03 1200 储物柜（文件收纳）,储物柜,品牌03,1200,文件收纳,黑色,8*1*1,8,AW28F,简,收货,上架
GaSEMAdWh,白色 品牌08 中号 游戏椅（可调节）,游戏椅,品牌08,中号,可调节,白色,16*1*1,16,BU38H,简,收货,上架
CuTE12FiWh,白色 品牌04 1200 储物柜（文件收纳）,储物柜,品牌04,1200,文件收纳,白色,8*1*1,8,AQ48D,约翰,收货,上架
CaQE90SlBe,米色 品牌01 900 文件柜（滑动式）,文件柜,品牌01,900,滑动式,米色,8*1*1,8,DN07D,亚历克斯,收货,上架
LaSu1516Bl,黑色 品牌11 15英寸 笔记本电脑（16吉字节内存）,笔记本电脑,品牌11,15英寸,16吉字节内存,黑色,16*1*1,16,DK12B,艾米,收货,上架
NoGrA3doSi,银色 品牌18 三号纸 笔记本（点阵）,笔记本,品牌18,三号纸,点阵,银色,48*10*5,2400,AS44C,迈克,收货,上架
OfXESAdWh,白色 品牌06 小号 办公椅（可调节）,办公椅,品牌06,小号,可调节,白色,16*1*1,16,BW94G,约翰,收货,上架
AlOv158GBl,黑色 品牌13 15英寸 一体机（8吉字节内存）,一体机,品牌13,15英寸,8吉字节内存,黑色,16*1*1,16,AV80C,劳拉,收货,上架
SPGi24HePi,粉色 品牌21 24 触控笔（六角形）,触控笔,品牌21,24,六角形,粉色,48*10*5,2400,BK42D,劳拉,收货,上架
CaQE12LoBe,米色 品牌01 1200 文件柜（储物锁柜）,文件柜,品牌01,1200,储物锁柜,米色,8*1*1,8,DW10G,克里斯,收货,上架
GaOGMHePi,粉色 品牌07 中号 游戏椅（头枕）,游戏椅,品牌07,中号,头枕,粉色,16*1*1,16,CX72B,大卫,收货,上架
KeRe45BlBl,黑色 品牌10 450 键盘（蓝牙）,键盘,品牌10,450,蓝牙,黑色,16*10*1,160,BF87D,艾米,收货,上架
LaPH158GBl,黑色 品牌12 15英寸 笔记本电脑（8吉字节内存）,笔记本电脑,品牌12,15英寸,8吉字节内存,黑色,16*1*1,16,AZ77H,莎拉,收货,上架
TVEs424KSi,银色 品牌32 42英寸 电视机（超高清）,电视机,品牌32,42英寸,超高清,银色,8*1*1,8,CG40E,艾米,收货,上架
LaSu1732Gr,灰色 品牌11 17英寸 笔记本电脑（32吉字节内存）,笔记本电脑,品牌11,17英寸,32吉字节内存,灰色,16*1*1,16,AS75E,莎拉,收货,上架
PrReA2MoBl,黑色 品牌24 二号纸 打印机（黑白）,打印机,品牌24,二号纸,黑白,黑色,16*1*1,16,CN21G,约翰,收货,上架
CuTE12DoBl,黑色 品牌04 1200 储物柜（带门式）,储物柜,品牌04,1200,带门式,黑色,8*1*1,8,CM96F,约翰,收货,上架
LaYn15i7Gr,灰色 品牌15 15英寸 笔记本电脑（第7代处理器）,笔记本电脑,品牌15,15英寸,第7代处理器,灰色,16*1*1,16,BK30C,劳拉,收货,上架
PrNoA3LaBl,黑色 品牌26 三号纸 打印机（激光）,打印机,品牌26,三号纸,激光,黑色,16*1*1,16,DY92G,约翰,收货,上架
NoExA3liGr,灰色 品牌16 三号纸 笔记本（线条）,笔记本,品牌16,三号纸,线条,灰色,48*10*5,2400,AL35G,约翰,收货,上架
CaRG18FiBe,米色 品牌03 1800 文件柜（文件收纳）,文件柜,品牌03,1800,文件收纳,米色,8*1*1,8,DV05A,约翰,收货,上架
OfSESHeGr,灰色 品牌08 小号 办公椅（头枕）,办公椅,品牌08,小号,头枕,灰色,16*1*1,16,AR90C,约翰,收货,上架
SPGi12HeWh,白色 品牌21 12 触控笔（六角形）,触控笔,品牌21,12,六角形,白色,48*10*5,2400,DV80F,劳拉,收货,上架
CaQE12DoBl,黑色 品牌01 1200 文件柜（带门式）,文件柜,品牌01,1200,带门式,黑色,8*1*1,8,AG45C,劳拉,收货,上架
KeHc27BlPi,粉色 品牌09 270 键盘（蓝牙）,键盘,品牌09,270,蓝牙,粉色,16*10*1,160,AT16F,大卫,收货,上架
PeAl24HeGr,灰色 品牌20 24 铅笔（六角形）,铅笔,品牌20,24,六角形,灰色,48*10*5,2400,CJ29F,劳拉,收货,上架
MoRe35WiPi,粉色 品牌10 350 鼠标（有线）,鼠标,品牌10,350,有线,粉色,16*10*1,160,CV79E,艾米丽,收货,上架
AlYn1432Bl,黑色 品牌15 14英寸 一体机（32吉字节内存）,一体机,品牌15,14英寸,32吉字节内存,黑色,16*1*1,16,DX80G,艾米,收货,上架
NoExA5doSi,银色 品牌16 五号纸 笔记本（点阵）,笔记本,品牌16,五号纸,点阵,银色,48*10*5,2400,CV28H,约翰,收货,上架
OfXEMErPi,粉色 品牌06 中号 办公椅（人体工学）,办公椅,品牌06,中号,人体工学,粉色,16*1*1,16,DJ63F,艾米,收货,上架
TaCI18AuWh,白色 品牌27 1800 桌子（自动调节）,桌子,品牌27,1800,自动调节,白色,8*1*1,8,BT81G,亚历克斯,收货,上架
TaAE15AuBl,黑色 品牌05 1500 桌子（自动调节）,桌子,品牌05,1500,自动调节,黑色,8*1*1,8,DV46F,大卫,收货,上架
CaQE12LoWh,白色 品牌01 1200 文件柜（储物锁柜）,文件柜,品牌01,1200,储物锁柜,白色,8*1*1,8,DK79H,大卫,收货,上架
AlRe1516Si,银色 品牌14 15英寸 一体机（16吉字节内存）,一体机,品牌14,15英寸,16吉字节内存,银色,16*1*1,16,CY40G,莎拉,收货,上架
TVYn75S4Bl,黑色 品牌15 75英寸 电视机（超级超高清）,电视机,品牌15,75英寸,超级超高清,黑色,8*1*1,8,BR68D,简,收货,上架
GaOGMErWh,白色 品牌07 中号 游戏椅（人体工学）,游戏椅,品牌07,中号,人体工学,白色,16*1*1,16,BW79A,约翰,收货,上架
OfOGMHeWh,白色 品牌07 中号 办公椅（头枕）,办公椅,品牌07,中号,头枕,白色,16*1*1,16,BF79A,迈克,收货,上架
MoPH45ErPi,粉色 品牌12 450 鼠标（人体工学）,鼠标,品牌12,450,人体工学,粉色,16*10*1,160,AS32H,约翰,收货,上架
CaQE12FiGr,灰色 品牌01 1200 文件柜（文件收纳）,文件柜,品牌01,1200,文件收纳,灰色,8*1*1,8,DK08C,莎拉,收货,上架
MoHc35BlBl,黑色 品牌09 350 鼠标（蓝牙）,鼠标,品牌09,350,蓝牙,黑色,16*10*1,160,DJ47D,艾米丽,收货,上架
TVYn32FHSi,银色 品牌15 32英寸 电视机（全高清）,电视机,品牌15,32英寸,全高清,银色,8*1*1,8,AO63H,约翰,收货,上架
PeAl50WaGr,灰色 品牌20 50 铅笔（水彩）,铅笔,品牌20,50,水彩,灰色,48*10*5,2400,BV15C,艾米,收货,上架
LaOv1432Gr,灰色 品牌13 14英寸 笔记本电脑（32吉字节内存）,笔记本电脑,品牌13,14英寸,32吉字节内存,灰色,16*1*1,16,CN28C,迈克,收货,上架
TVEs654KWh,白色 品牌32 65英寸 电视机（超高清）,电视机,品牌32,65英寸,超高清,白色,8*1*1,8,DR96H,迈克,收货,上架
MoRe27MeBl,黑色 品牌10 270 鼠标（机械式）,鼠标,品牌10,270,机械式,黑色,16*10*1,160,DI08A,艾米,收货,上架
TVGL32SFSi,银色 品牌31 32英寸 电视机（超级全高清）,电视机,品牌31,32英寸,超级全高清,银色,8*1*1,8,BO49G,艾米,收货,上架
PrSoA3LaWh,白色 品牌25 三号纸 打印机（激光）,打印机,品牌25,三号纸,激光,白色,16*1*1,16,BH79F,大卫,收货,上架
CuTE12LoBe,米色 品牌04 1200 储物柜（储物锁柜）,储物柜,品牌04,1200,储物锁柜,米色,8*1*1,8,BN86E,大卫,收货,上架
TVGn654KBl,黑色 品牌30 65英寸 电视机（超高清）,电视机,品牌30,65英寸,超高清,黑色,8*1*1,8,AL41E,约翰,收货,上架
OfOGLHePi,粉色 品牌07 大号 办公椅（头枕）,办公椅,品牌07,大号,头枕,粉色,16*1*1,16,BV17H,迈克,收货,上架
AlRe158GGr,灰色 品牌14 15英寸 一体机（8吉字节内存）,一体机,品牌14,15英寸,8吉字节内存,灰色,16*1*1,16,BP67F,简,收货,上架
TVGL50S4Wh,白色 品牌31 50英寸 电视机（超级超高清）,电视机,品牌31,50英寸,超级超高清,白色,8*1*1,8,DP41E,大卫,收货,上架
PeRe50HeGr,灰色 品牌22 50 铅笔（六角形）,铅笔,品牌22,50,六角形,灰色,48*10*5,2400,BT83A,艾米,收货,上架
KeHc45MeWh,白色 品牌09 450 键盘（机械式）,键盘,品牌09,450,机械式,白色,16*10*1,160,BS32A,简,收货,上架
AlRe1532Bl,黑色 品牌14 15英寸 一体机（32吉字节内存）,一体机,品牌14,15英寸,32吉字节内存,黑色,16*1*1,16,BZ14C,亚历克斯,收货,上架
PeNa50SoPi,粉色 品牌23 50 铅笔（可溶性）,铅笔,品牌23,50,可溶性,粉色,48*10*5,2400,AH42G,劳拉,收货,上架
DrTE90FiBl,黑色 品牌04 900 抽屉柜（文件收纳）,抽屉柜,品牌04,900,文件收纳,黑色,8*1*1,8,CF37F,亚历克斯,收货,上架
NoGrA5ruWh,白色 品牌18 五号纸 笔记本（横线）,笔记本,品牌18,五号纸,横线,白色,48*10*5,2400,DX13H,约翰,收货,上架
GaAEMAdGr,灰色 品牌05 中号 游戏椅（可调节）,游戏椅,品牌05,中号,可调节,灰色,16*1*1,16,AL50B,简,收货,上架
DrWE90SlGr,灰色 品牌02 900 抽屉柜（滑动式）,抽屉柜,品牌02,900,滑动式,灰色,8*1*1,8,DZ38B,艾米丽,收货,上架
GaSELErWh,白色 品牌08 大号 游戏椅（人体工学）,游戏椅,品牌08,大号,人体工学,白色,16*1*1,16,AI29A,艾米,收货,上架
MoSu45BlNa,藏青色 品牌11 450 鼠标（蓝牙）,鼠标,品牌11,450,蓝牙,藏青色,16*10*1,160,CQ68B,约翰,收货,上架
TVYn42SFGr,灰色 品牌15 42英寸 电视机（超级全高清）,电视机,品牌15,42英寸,超级全高清,灰色,8*1*1,8,BQ15H,迈克,收货,上架
TVYn654KBl,黑色 品牌15 65英寸 电视机（超高清）,电视机,品牌15,65英寸,超高清,黑色,8*1*1,8,AO20B,克里斯,收货,上架
GaOGSHePi,粉色 品牌07 小号 游戏椅（头枕）,游戏椅,品牌07,小号,头枕,粉色,16*1*1,16,BU61C,艾米,收货,上架
LaYn14i5Wh,白色 品牌15 14英寸 笔记本电脑（第5代处理器）,笔记本电脑,品牌15,14英寸,第5代处理器,白色,16*1*1,16,AT83F,艾米,收货,上架
LaRe1416Bl,黑色 品牌14 14英寸 笔记本电脑（16吉字节内存）,笔记本电脑,品牌14,14英寸,16吉字节内存,黑色,16*1*1,16,AX87C,亚历克斯,收货,上架
PrSoA4WiGr,灰色 品牌25 四号纸 打印机（无线网络）,打印机,品牌25,四号纸,无线网络,灰色,16*1*1,16,DU64E,亚历克斯,收货,上架
TVYn32SFGr,灰色 品牌15 32英寸 电视机（超级全高清）,电视机,品牌15,32英寸,超级全高清,灰色,8*1*1,8,AJ35G,艾米,收货,上架
PrReA3AlBl,黑色 品牌24 三号纸 打印机（一体式）,打印机,品牌24,三号纸,一体式,黑色,16*1*1,16,DX37E,亚历克斯,收货,上架
CaWE18FiBl,黑色 品牌02 1800 文件柜（文件收纳）,文件柜,品牌02,1800,文件收纳,黑色,8*1*1,8,DH55H,劳拉,收货,上架
TVEs754KSi,银色 品牌32 75英寸 电视机（超高清）,电视机,品牌32,75英寸,超高清,银色,8*1*1,8,AQ13G,劳拉,收货,上架
AlRe17i5Gr,灰色 品牌14 17英寸 一体机（第5代处理器）,一体机,品牌14,17英寸,第5代处理器,灰色,16*1*1,16,DP67C,艾米,收货,上架
MoSu35WiNa,藏青色 品牌11 350 鼠标（有线）,鼠标,品牌11,350,有线,藏青色,16*10*1,160,AW01E,克里斯,收货,上架
TaAE10AuGr,灰色 品牌05 1000 桌子（自动调节）,桌子,品牌05,1000,自动调节,灰色,8*1*1,8,CG89A,约翰,收货,上架
TVGL32S4Si,银色 品牌31 32英寸 电视机（超级超高清）,电视机,品牌31,32英寸,超级超高清,银色,8*1*1,8,CR77E,艾米,收货,上架
NoExA3liWh,白色 品牌16 三号纸 笔记本（线条）,笔记本,品牌16,三号纸,线条,白色,48*10*5,2400,BR05C,迈克,收货,上架
PeNa24SoGr,灰色 品牌23 24 铅笔（可溶性）,铅笔,品牌23,24,可溶性,灰色,48*10*5,2400,AY41G,克里斯,收货,上架
GaSESLeGr,灰色 品牌08 小号 游戏椅（皮革）,游戏椅,品牌08,小号,皮革,灰色,16*1*1,16,DM68H,艾米丽,收货,上架
OfSEMErPi,粉色 品牌08 中号 办公椅（人体工学）,办公椅,品牌08,中号,人体工学,粉色,16*1*1,16,BL77D,迈克,收货,上架
GaXEMHeBl,黑色 品牌06 中号 游戏椅（头枕）,游戏椅,品牌06,中号,头枕,黑色,16*1*1,16,DS59H,亚历克斯,收货,上架
SPGi50SoGr,灰色 品牌21 50 触控笔（可溶性）,触控笔,品牌21,50,可溶性,灰色,48*10*5,2400,BR90B,克里斯,收货,上架
TaTR15AdGr,灰色 品牌29 1500 桌子（可调节）,桌子,品牌29,1500,可调节,灰色,8*1*1,8,DG87A,克里斯,收货,上架
DrRG12LoBl,黑色 品牌03 1200 抽屉柜（储物锁柜）,抽屉柜,品牌03,1200,储物锁柜,黑色,8*1*1,8,BK07H,简,收货,上架
LaRe17i5Wh,白色 品牌14 17英寸 笔记本电脑（第5代处理器）,笔记本电脑,品牌14,17英寸,第5代处理器,白色,16*1*1,16,DO06A,约翰,收货,上架
AlRe148GBl,黑色 品牌14 14英寸 一体机（8吉字节内存）,一体机,品牌14,14英寸,8吉字节内存,黑色,16*1*1,16,DU52F,克里斯,收货,上架
LaPH158GSi,银色 品牌12 15英寸 笔记本电脑（8吉字节内存）,笔记本电脑,品牌12,15英寸,8吉字节内存,银色,16*1*1,16,DM97A,约翰,收货,上架
MoPH45MeWh,白色 品牌12 450 鼠标（机械式）,鼠标,品牌12,450,机械式,白色,16*10*1,160,AM25C,亚历克斯,收货,上架
OfAELAdGr,灰色 品牌05 大号 办公椅（可调节）,办公椅,品牌05,大号,可调节,灰色,16*1*1,16,CJ26B,劳拉,收货,上架
DrWE18FiBe,米色 品牌02 1800 抽屉柜（文件收纳）,抽屉柜,品牌02,1800,文件收纳,米色,8*1*1,8,CR22G,艾米,收货,上架
SPGi50SoWh,白色 品牌21 50 触控笔（可溶性）,触控笔,品牌21,50,可溶性,白色,48*10*5,2400,AX63B,迈克,收货,上架
OfOGLLePi,粉色 品牌07 大号 办公椅（皮革）,办公椅,品牌07,大号,皮革,粉色,16*1*1,16,AO53F,约翰,收货,上架
GaOGSErWh,白色 品牌07 小号 游戏椅（人体工学）,游戏椅,品牌07,小号,人体工学,白色,16*1*1,16,DP01A,劳拉,收货,上架
GaSEMLeBl,黑色 品牌08 中号 游戏椅（皮革）,游戏椅,品牌08,中号,皮革,黑色,16*1*1,16,CS04D,艾米丽,收货,上架
LaSu1532Si,银色 品牌11 15英寸 笔记本电脑（32吉字节内存）,笔记本电脑,品牌11,15英寸,32吉字节内存,银色,16*1*1,16,DZ89A,艾米丽,收货,上架
TVGL654KBl,黑色 品牌31 65英寸 电视机（超高清）,电视机,品牌31,65英寸,超高清,黑色,8*1*1,8,CL44B,莎拉,收货,上架
LaRe14i7Gr,灰色 品牌14 14英寸 笔记本电脑（第7代处理器）,笔记本电脑,品牌14,14英寸,第7代处理器,灰色,16*1*1,16,BT32E,艾米,收货,上架
PeGi50WaPi,粉色 品牌21 50 铅笔（水彩）,铅笔,品牌21,50,水彩,粉色,48*10*5,2400,DO37B,劳拉,收货,上架
KeHc45BlPi,粉色 品牌09 450 键盘（蓝牙）,键盘,品牌09,450,蓝牙,粉色,16*10*1,160,AS95H,简,收货,上架
KePH35BlBl,黑色 品牌12 350 键盘（蓝牙）,键盘,品牌12,350,蓝牙,黑色,16*10*1,160,AK34E,劳拉,收货,上架
TVGn32S4Si,银色 品牌30 32英寸 电视机（超级超高清）,电视机,品牌30,32英寸,超级超高清,银色,8*1*1,8,AH84G,艾米丽,收货,上架
MoHc27MePi,粉色 品牌09 270 鼠标（机械式）,鼠标,品牌09,270,机械式,粉色,16*10*1,160,CN75E,亚历克斯,收货,上架
DrWE18DoBe,米色 品牌02 1800 抽屉柜（带门式）,抽屉柜,品牌02,1800,带门式,米色,8*1*1,8,DR15F,简,收货,上架
AlOv17i7Bl,黑色 品牌13 17英寸 一体机（第7代处理器）,一体机,品牌13,17英寸,第7代处理器,黑色,16*1*1,16,CI08B,亚历克斯,收货,上架
TVGL32SFSi,银色 品牌31 32英寸 电视机（超级全高清）,电视机,品牌31,32英寸,超级全高清,银色,8*1*1,8,DM56B,劳拉,收货,上架
GaAESAdGr,灰色 品牌05 小号 游戏椅（可调节）,游戏椅,品牌05,小号,可调节,灰色,16*1*1,16,CH25E,约翰,收货,上架
NoMuA3ruWh,白色 品牌19 三号纸 笔记本（横线）,笔记本,品牌19,三号纸,横线,白色,48*10*5,2400,AQ50B,艾米,收货,上架
AlPH17i5Gr,灰色 品牌12 17英寸 一体机（第5代处理器）,一体机,品牌12,17英寸,第5代处理器,灰色,16*1*1,16,DQ56F,艾米丽,收货,上架
TVGL32S4Wh,白色 品牌31 32英寸 电视机（超级超高清）,电视机,品牌31,32英寸,超级超高清,白色,8*1*1,8,CN89G,简,收货,上架
SPRe12HePi,粉色 品牌22 12 触控笔（六角形）,触控笔,品牌22,12,六角形,粉色,48*10*5,2400,CY11C,简,收货,上架
PrReA2InMi,混合色 品牌24 二号纸 打印机（喷墨）,打印机,品牌24,二号纸,喷墨,混合色,16*1*1,16,AH50E,克里斯,收货,上架
DrWE12FiBe,米色 品牌02 1200 抽屉柜（文件收纳）,抽屉柜,品牌02,1200,文件收纳,米色,8*1*1,8,BS92C,迈克,收货,上架
TVEs42S4Gr,灰色 品牌32 42英寸 电视机（超级超高清）,电视机,品牌32,42英寸,超级超高清,灰色,8*1*1,8,CK93G,约翰,收货,上架
CuQE90LoGr,灰色 品牌01 900 储物柜（储物锁柜）,储物柜,品牌01,900,储物锁柜,灰色,8*1*1,8,DP56D,莎拉,收货,上架
GaAEMAdGr,灰色 品牌05 中号 游戏椅（可调节）,游戏椅,品牌05,中号,可调节,灰色,16*1*1,16,AS70F,简,收货,上架
OfSELErBl,黑色 品牌08 大号 办公椅（人体工学）,办公椅,品牌08,大号,人体工学,黑色,16*1*1,16,BI65F,简,收货,上架
KeSu35ErPi,粉色 品牌11 350 键盘（人体工学）,键盘,品牌11,350,人体工学,粉色,16*10*1,160,CO89C,克里斯,收货,上架
LaSu158GSi,银色 品牌11 15英寸 笔记本电脑（8吉字节内存）,笔记本电脑,品牌11,15英寸,8吉字节内存,银色,16*1*1,16,DK66C,简,收货,上架
TVEs42S4Bl,黑色 品牌32 42英寸 电视机（超级超高清）,电视机,品牌32,42英寸,超级超高清,黑色,8*1*1,8,CM72F,亚历克斯,收货,上架
PeAl50WaGr,灰色 品牌20 50 铅笔（水彩）,铅笔,品牌20,50,水彩,灰色,48*10*5,2400,CK69B,简,收货,上架
TaTR18WoBl,黑色 品牌28 1800 桌子（工作站）,桌子,品牌28,1800,工作站,黑色,8*1*1,8,CP49H,简,收货,上架
CuRG18LoBe,米色 品牌03 1800 储物柜（储物锁柜）,储物柜,品牌03,1800,储物锁柜,米色,8*1*1,8,BW04B,大卫,收货,上架
TaCI15FrGr,灰色 品牌27 1500 桌子（框架式）,桌子,品牌27,1500,框架式,灰色,8*1*1,8,DV03C,亚历克斯,收货,上架
SPAl12HePi,粉色 品牌20 12 触控笔（六角形）,触控笔,品牌20,12,六角形,粉色,48*10*5,2400,CH61A,艾米,收货,上架
TVGL65SFGr,灰色 品牌31 65英寸 电视机（超级全高清）,电视机,品牌31,65英寸,超级全高清,灰色,8*1*1,8,AV50A,劳拉,收货,上架
TVYn65SFBl,黑色 品牌15 65英寸 电视机（超级全高清）,电视机,品牌15,65英寸,超级全高清,黑色,8*1*1,8,BM87C,劳拉,收货,上架
PeNa24SoWh,白色 品牌23 24 铅笔（可溶性）,铅笔,品牌23,24,可溶性,白色,48*10*5,2400,AW34D,简,收货,上架
LaOv17i5Wh,白色 品牌13 17英寸 笔记本电脑（第5代处理器）,笔记本电脑,品牌13,17英寸,第5代处理器,白色,16*1*1,16,AV66E,克里斯,收货,上架
LaOv14i7Bl,黑色 品牌13 14英寸 笔记本电脑（第7代处理器）,笔记本电脑,品牌13,14英寸,第7代处理器,黑色,16*1*1,16,CF41H,艾米丽,收货,上架
DrWE12FiGr,灰色 品牌02 1200 抽屉柜（文件收纳）,抽屉柜,品牌02,1200,文件收纳,灰色,8*1*1,8,BJ51E,简,收货,上架
CuQE12LoBe,米色 品牌01 1200 储物柜（储物锁柜）,储物柜,品牌01,1200,储物锁柜,米色,8*1*1,8,AJ02C,劳拉,收货,上架
PrReA2LaWh,白色 品牌24 二号纸 打印机（激光）,打印机,品牌24,二号纸,激光,白色,16*1*1,16,BQ58G,艾米丽,收货,上架
MoPH45BlWh,白色 品牌12 450 鼠标（蓝牙）,鼠标,品牌12,450,蓝牙,白色,16*10*1,160,DX44A,大卫,收货,上架
NoGrA5liGr,灰色 品牌18 五号纸 笔记本（线条）,笔记本,品牌18,五号纸,线条,灰色,48*10*5,2400,BS30G,克里斯,收货,上架
PrNoA3LaBl,黑色 品牌26 三号纸 打印机（激光）,打印机,品牌26,三号纸,激光,黑色,16*1*1,16,AJ52C,克里斯,收货,上架
PrNoA3MoMi,混合色 品牌26 三号纸 打印机（黑白）,打印机,品牌26,三号纸,黑白,混合色,16*1*1,16,BZ48C,艾米,收货,上架
TVEs65S4Gr,灰色 品牌32 65英寸 电视机（超级超高清）,电视机,品牌32,65英寸,超级超高清,灰色,8*1*1,8,DO17D,艾米丽,收货,上架
CaQE90DoBe,米色 品牌01 900 文件柜（带门式）,文件柜,品牌01,900,带门式,米色,8*1*1,8,DM88F,克里斯,收货,上架
AlPH1732Si,银色 品牌12 17英寸 一体机（32吉字节内存）,一体机,品牌12,17英寸,32吉字节内存,银色,16*1*1,16,AL29G,约翰,收货,上架
MoRe27BlNa,藏青色 品牌10 270 鼠标（蓝牙）,鼠标,品牌10,270,蓝牙,藏青色,16*10*1,160,DL29C,简,收货,上架
TaTR18FrGr,灰色 品牌29 1800 桌子（框架式）,桌子,品牌29,1800,框架式,灰色,8*1*1,8,AL57H,迈克,收货,上架
OfXELAdBl,黑色 品牌06 大号 办公椅（可调节）,办公椅,品牌06,大号,可调节,黑色,16*1*1,16,BF71B,劳拉,收货,上架
MoPH45MeBl,黑色 品牌12 450 鼠标（机械式）,鼠标,品牌12,450,机械式,黑色,16*10*1,160,CW35G,大卫,收货,上架
CaTE18LoBe,米色 品牌04 1800 文件柜（储物锁柜）,文件柜,品牌04,1800,储物锁柜,米色,8*1*1,8,CY26C,约翰,收货,上架
LaRe1716Wh,白色 品牌14 17英寸 笔记本电脑（16吉字节内存）,笔记本电脑,品牌14,17英寸,16吉字节内存,白色,16*1*1,16,BY72B,克里斯,收货,上架
TaTR15AuGr,灰色 品牌28 1500 桌子（自动调节）,桌子,品牌28,1500,自动调节,灰色,8*1*1,8,DX16D,劳拉,收货,上架
TVYn65S4Si,银色 品牌15 65英寸 电视机（超级超高清）,电视机,品牌15,65英寸,超级超高清,银色,8*1*1,8,CI74D,莎拉,收货,上架
PrNoA3AlWh,白色 品牌26 三号纸 打印机（一体式）,打印机,品牌26,三号纸,一体式,白色,16*1*1,16,BY27C,艾米,收货,上架
PrSoA3LaBl,黑色 品牌25 三号纸 打印机（激光）,打印机,品牌25,三号纸,激光,黑色,16*1*1,16,DR78D,大卫,收货,上架
TVEs65FHWh,白色 品牌32 65英寸 电视机（全高清）,电视机,品牌32,65英寸,全高清,白色,8*1*1,8,DL46D,艾米丽,收货,上架
SPAl12SoBl,黑色 品牌20 12 触控笔（可溶性）,触控笔,品牌20,12,可溶性,黑色,48*10*5,2400,AJ65A,迈克,收货,上架
NoGrA5doGr,灰色 品牌18 五号纸 笔记本（点阵）,笔记本,品牌18,五号纸,点阵,灰色,48*10*5,2400,DS87C,亚历克斯,收货,上架
SPGi50WaWh,白色 品牌21 50 触控笔（水彩）,触控笔,品牌21,50,水彩,白色,48*10*5,2400,CP25B,迈克,收货,上架
LaRe1432Gr,灰色 品牌14 14英寸 笔记本电脑（32吉字节内存）,笔记本电脑,品牌14,14英寸,32吉字节内存,灰色,16*1*1,16,AT39H,克里斯,收货,上架
GaXEMHeWh,白色 品牌06 中号 游戏椅（头枕）,游戏椅,品牌06,中号,头枕,白色,16*1*1,16,DL88D,艾米丽,收货,上架
OfSELAdGr,灰色 品牌08 大号 办公椅（可调节）,办公椅,品牌08,大号,可调节,灰色,16*1*1,16,CZ42G,亚历克斯,收货,上架
AlOv1532Wh,白色 品牌13 15英寸 一体机（32吉字节内存）,一体机,品牌13,15英寸,32吉字节内存,白色,16*1*1,16,CP58G,艾米,收货,上架
CuQE12LoGr,灰色 品牌01 1200 储物柜（储物锁柜）,储物柜,品牌01,1200,储物锁柜,灰色,8*1*1,8,AZ42A,迈克,收货,上架
MoHc35BlBl,黑色 品牌09 350 鼠标（蓝牙）,鼠标,品牌09,350,蓝牙,黑色,16*10*1,160,AQ12E,艾米丽,收货,上架
LaSu1416Bl,黑色 品牌11 14英寸 笔记本电脑（16吉字节内存）,笔记本电脑,品牌11,14英寸,16吉字节内存,黑色,16*1*1,16,CR74H,克里斯,收货,上架
CaWE12DoGr,灰色 品牌02 1200 文件柜（带门式）,文件柜,品牌02,1200,带门式,灰色,8*1*1,8,BY09B,约翰,收货,上架
AlYn158GWh,白色 品牌15 15英寸 一体机（8吉字节内存）,一体机,品牌15,15英寸,8吉字节内存,白色,16*1*1,16,AS26H,莎拉,收货,上架
NoGrA5ruGr,灰色 品牌18 五号纸 笔记本（横线）,笔记本,品牌18,五号纸,横线,灰色,48*10*5,2400,DM06B,亚历克斯,收货,上架
OfXESAdGr,灰色 品牌06 小号 办公椅（可调节）,办公椅,品牌06,小号,可调节,灰色,16*1*1,16,DH30A,艾米,收货,上架
MoPH35MeWh,白色 品牌12 350 鼠标（机械式）,鼠标,品牌12,350,机械式,白色,16*10*1,160,DG59C,劳拉,收货,上架
OfOGLHeWh,白色 品牌07 大号 办公椅（头枕）,办公椅,品牌07,大号,头枕,白色,16*1*1,16,AU35H,克里斯,收货,上架
AlSu14i7Gr,灰色 品牌11 14英寸 一体机（第7代处理器）,一体机,品牌11,14英寸,第7代处理器,灰色,16*1*1,16,BW10D,亚历克斯,收货,上架
KeRe45ErBl,黑色 品牌10 450 键盘（人体工学）,键盘,品牌10,450,人体工学,黑色,16*10*1,160,CK67H,劳拉,收货,上架
AlRe1732Wh,白色 品牌14 17英寸 一体机（32吉字节内存）,一体机,品牌14,17英寸,32吉字节内存,白色,16*1*1,16,DI13F,迈克,收货,上架
SPNa24WaWh,白色 品牌23 24 触控笔（水彩）,触控笔,品牌23,24,水彩,白色,48*10*5,2400,AF84B,艾米丽,收货,上架
NoGrA3doSi,银色 品牌18 三号纸 笔记本（点阵）,笔记本,品牌18,三号纸,点阵,银色,48*10*5,2400,DG68G,大卫,收货,上架
GaOGLHeBl,黑色 品牌07 大号 游戏椅（头枕）,游戏椅,品牌07,大号,头枕,黑色,16*1*1,16,BM28D,莎拉,收货,上架
LaRe1416Bl,黑色 品牌14 14英寸 笔记本电脑（16吉字节内存）,笔记本电脑,品牌14,14英寸,16吉字节内存,黑色,16*1*1,16,AI10D,莎拉,收货,上架
GaAELErBl,黑色 品牌05 大号 游戏椅（人体工学）,游戏椅,品牌05,大号,人体工学,黑色,16*1*1,16,AY83B,劳拉,收货,上架
AlOv1732Wh,白色 品牌13 17英寸 一体机（32吉字节内存）,一体机,品牌13,17英寸,32吉字节内存,白色,16*1*1,16,DG84B,克里斯,收货,上架
CuTE90SlBe,米色 品牌04 900 储物柜（滑动式）,储物柜,品牌04,900,滑动式,米色,8*1*1,8,DF04E,艾米,收货,上架
LaYn1716Bl,黑色 品牌15 17英寸 笔记本电脑（16吉字节内存）,笔记本电脑,品牌15,17英寸,16吉字节内存,黑色,16*1*1,16,CV76H,大卫,收货,上架
LaPH17i7Si,银色 品牌12 17英寸 笔记本电脑（第7代处理器）,笔记本电脑,品牌12,17英寸,第7代处理器,银色,16*1*1,16,DZ76B,劳拉,收货,上架
KeSu35WiBl,黑色 品牌11 350 键盘（有线）,键盘,品牌11,350,有线,黑色,16*10*1,160,BV04D,克里斯,收货,上架
PeNa50SoWh,白色 品牌23 50 铅笔（可溶性）,铅笔,品牌23,50,可溶性,白色,48*10*5,2400,AN50A,亚历克斯,收货,上架
AlPH17i5Si,银色 品牌12 17英寸 一体机（第5代处理器）,一体机,品牌12,17英寸,第5代处理器,银色,16*1*1,16,BS50C,大卫,收货,上架
LaRe1532Bl,黑色 品牌14 15英寸 笔记本电脑（32吉字节内存）,笔记本电脑,品牌14,15英寸,32吉字节内存,黑色,16*1*1,16,CU44E,莎拉,收货,上架
KeSu35WiWh,白色 品牌11 350 键盘（有线）,键盘,品牌11,350,有线,白色,16*10*1,160,BW79G,克里斯,收货,上架
PrPHA3AlGr,灰色 品牌12 三号纸 打印机（一体式）,打印机,品牌12,三号纸,一体式,灰色,16*1*1,16,AU75E,约翰,收货,上架
AlSu15i5Bl,黑色 品牌11 15英寸 一体机（第5代处理器）,一体机,品牌11,15英寸,第5代处理器,黑色,16*1*1,16,AP24E,劳拉,收货,上架
PrNoA4InGr,灰色 品牌26 四号纸 打印机（喷墨）,打印机,品牌26,四号纸,喷墨,灰色,16*1*1,16,BF07G,劳拉,收货,上架
TVGL75FHGr,灰色 品牌31 75英寸 电视机（全高清）,电视机,品牌31,75英寸,全高清,灰色,8*1*1,8,BO93D,亚历克斯,收货,上架
GaOGSErBl,黑色 品牌07 小号 游戏椅（人体工学）,游戏椅,品牌07,小号,人体工学,黑色,16*1*1,16,DF55H,克里斯,收货,上架
NoScA5liBl,黑色 品牌17 五号纸 笔记本（线条）,笔记本,品牌17,五号纸,线条,黑色,48*10*5,2400,DS33C,艾米丽,收货,上架
DrTE90FiBl,黑色 品牌04 900 抽屉柜（文件收纳）,抽屉柜,品牌04,900,文件收纳,黑色,8*1*1,8,CX16A,艾米,收货,上架
LaYn148GWh,白色 品牌15 14英寸 笔记本电脑（8吉字节内存）,笔记本电脑,品牌15,14英寸,8吉字节内存,白色,16*1*1,16,DH71G,莎拉,收货,上架
PeNa24SoGr,灰色 品牌23 24 铅笔（可溶性）,铅笔,品牌23,24,可溶性,灰色,48*10*5,2400,DR79G,亚历克斯,收货,上架
MoPH45ErBl,黑色 品牌12 450 鼠标（人体工学）,鼠标,品牌12,450,人体工学,黑色,16*10*1,160,AL59E,亚历克斯,收货,上架
TVYn424KBl,黑色 品牌15 42英寸 电视机（超高清）,电视机,品牌15,42英寸,超高清,黑色,8*1*1,8,CY57E,劳拉,收货,上架
LaPH14i5Gr,灰色 品牌12 14英寸 笔记本电脑（第5代处理器）,笔记本电脑,品牌12,14英寸,第5代处理器,灰色,16*1*1,16,DN96C,大卫,收货,上架
DrTE90LoGr,灰色 品牌04 900 抽屉柜（储物锁柜）,抽屉柜,品牌04,900,储物锁柜,灰色,8*1*1,8,DH78F,劳拉,收货,上架
CaWE12FiGr,灰色 品牌02 1200 文件柜（文件收纳）,文件柜,品牌02,1200,文件收纳,灰色,8*1*1,8,BV94A,亚历克斯,收货,上架
TVGL75S4Si,银色 品牌31 75英寸 电视机（超级超高清）,电视机,品牌31,75英寸,超级超高清,银色,8*1*1,8,AH11H,迈克,收货,上架
AlRe1416Si,银色 品牌14 14英寸 一体机（16吉字节内存）,一体机,品牌14,14英寸,16吉字节内存,银色,16*1*1,16,CV91A,莎拉,收货,上架
TaAE10AdGr,灰色 品牌05 1000 桌子（可调节）,桌子,品牌05,1000,可调节,灰色,8*1*1,8,DT27D,艾米丽,收货,上架
LaOv14i5Wh,白色 品牌13 14英寸 笔记本电脑（第5代处理器）,笔记本电脑,品牌13,14英寸,第5代处理器,白色,16*1*1,16,AO55B,克里斯,收货,上架
GaOGLHeGr,灰色 品牌07 大号 游戏椅（头枕）,游戏椅,品牌07,大号,头枕,灰色,16*1*1,16,AX20D,迈克,收货,上架
NoScA4liWh,白色 品牌17 四号纸 笔记本（线条）,笔记本,品牌17,四号纸,线条,白色,48*10*5,2400,BN34F,克里斯,收货,上架
NoScA4ruBl,黑色 品牌17 四号纸 笔记本（横线）,笔记本,品牌17,四号纸,横线,黑色,48*10*5,2400,BY13C,亚历克斯,收货,上架
LaPH148GSi,银色 品牌12 14英寸 笔记本电脑（8吉字节内存）,笔记本电脑,品牌12,14英寸,8吉字节内存,银色,16*1*1,16,BO76B,艾米,收货,上架
DrRG90LoBe,米色 品牌03 900 抽屉柜（储物锁柜）,抽屉柜,品牌03,900,储物锁柜,米色,8*1*1,8,BF08C,约翰,收货,上架
DrRG12LoBl,黑色 品牌03 1200 抽屉柜（储物锁柜）,抽屉柜,品牌03,1200,储物锁柜,黑色,8*1*1,8,CN80G,克里斯,收货,上架
PeAl24SoBl,黑色 品牌20 24 铅笔（可溶性）,铅笔,品牌20,24,可溶性,黑色,48*10*5,2400,AY55F,劳拉,收货,上架
CaRG18FiWh,白色 品牌03 1800 文件柜（文件收纳）,文件柜,品牌03,1800,文件收纳,白色,8*1*1,8,AS88B,迈克,收货,上架
DrWE90FiBl,黑色 品牌02 900 抽屉柜（文件收纳）,抽屉柜,品牌02,900,文件收纳,黑色,8*1*1,8,DZ85H,克里斯,收货,上架
LaOv1732Bl,黑色 品牌13 17英寸 笔记本电脑（32吉字节内存）,笔记本电脑,品牌13,17英寸,32吉字节内存,黑色,16*1*1,16,CS69F,迈克,收货,上架
AlOv1432Gr,灰色 品牌13 14英寸 一体机（32吉字节内存）,一体机,品牌13,14英寸,32吉字节内存,灰色,16*1*1,16,AR82D,莎拉,收货,上架
NoGrA3liWh,白色 品牌18 三号纸 笔记本（线条）,笔记本,品牌18,三号纸,线条,白色,48*10*5,2400,CN85D,大卫,收货,上架
KeRe27WiWh,白色 品牌10 270 键盘（有线）,键盘,品牌10,270,有线,白色,16*10*1,160,DK19D,莎拉,收货,上架
PrNoA4LaBl,黑色 品牌26 四号纸 打印机（激光）,打印机,品牌26,四号纸,激光,黑色,16*1*1,16,DQ13C,艾米丽,收货,上架
TaCI10FrBl,黑色 品牌27 1000 桌子（框架式）,桌子,品牌27,1000,框架式,黑色,8*1*1,8,CP25H,简,收货,上架
CaWE90LoWh,白色 品牌02 900 文件柜（储物锁柜）,文件柜,品牌02,900,储物锁柜,白色,8*1*1,8,BN46C,艾米丽,收货,上架
CaWE12DoBe,米色 品牌02 1200 文件柜（带门式）,文件柜,品牌02,1200,带门式,米色,8*1*1,8,BR05A,克里斯,收货,上架
AlYn15i5Si,银色 品牌15 15英寸 一体机（第5代处理器）,一体机,品牌15,15英寸,第5代处理器,银色,16*1*1,16,AK27G,艾米,收货,上架
CaRG12FiWh,白色 品牌03 1200 文件柜（文件收纳）,文件柜,品牌03,1200,文件收纳,白色,8*1*1,8,BZ73H,克里斯,收货,上架
AlSu1732Gr,灰色 品牌11 17英寸 一体机（32吉字节内存）,一体机,品牌11,17英寸,32吉字节内存,灰色,16*1*1,16,BS74G,大卫,收货,上架
TVGL424KSi,银色 品牌31 42英寸 电视机（超高清）,电视机,品牌31,42英寸,超高清,银色,8*1*1,8,DM23F,劳拉,收货,上架
MoRe45WiPi,粉色 品牌10 450 鼠标（有线）,鼠标,品牌10,450,有线,粉色,16*10*1,160,CL29D,劳拉,收货,上架
MoRe45WiPi,粉色 品牌10 450 鼠标（有线）,鼠标,品牌10,450,有线,粉色,16*10*1,160,BJ47C,克里斯,收货,上架
SPGi12WaPi,粉色 品牌21 12 触控笔（水彩）,触控笔,品牌21,12,水彩,粉色,48*10*5,2400,BG12C,劳拉,收货,上架
OfAELLeGr,灰色 品牌05 大号 办公椅（皮革）,办公椅,品牌05,大号,皮革,灰色,16*1*1,16,DN89A,艾米,收货,上架
LaRe17i7Si,银色 品牌14 17英寸 笔记本电脑（第7代处理器）,笔记本电脑,品牌14,17英寸,第7代处理器,银色,16*1*1,16,CM68E,大卫,收货,上架
PrSoA3AlMi,混合色 品牌25 三号纸 打印机（一体式）,打印机,品牌25,三号纸,一体式,混合色,16*1*1,16,AW12F,大卫,收货,上架
MoPH27ErPi,粉色 品牌12 270 鼠标（人体工学）,鼠标,品牌12,270,人体工学,粉色,16*10*1,160,CI94E,劳拉,收货,上架
MoRe27WiWh,白色 品牌10 270 鼠标（有线）,鼠标,品牌10,270,有线,白色,16*10*1,160,DM10F,约翰,收货,上架
AlOv1516Gr,灰色 品牌13 15英寸 一体机（16吉字节内存）,一体机,品牌13,15英寸,16吉字节内存,灰色,16*1*1,16,CP61E,劳拉,收货,上架
CaWE12DoGr,灰色 品牌02 1200 文件柜（带门式）,文件柜,品牌02,1200,带门式,灰色,8*1*1,8,AO79G,艾米,收货,上架
MoRe45ErWh,白色 品牌10 450 鼠标（人体工学）,鼠标,品牌10,450,人体工学,白色,16*10*1,160,AY71G,劳拉,收货,上架
TVYn42S4Bl,黑色 品牌15 42英寸 电视机（超级超高清）,电视机,品牌15,42英寸,超级超高清,黑色,8*1*1,8,AU26E,莎拉,收货,上架
OfOGLAdPi,粉色 品牌07 大号 办公椅（可调节）,办公椅,品牌07,大号,可调节,粉色,16*1*1,16,AX36E,大卫,收货,上架
MoHc35MeBl,黑色 品牌09 350 鼠标（机械式）,鼠标,品牌09,350,机械式,黑色,16*10*1,160,CV09H,艾米,收货,上架
LaRe178GGr,灰色 品牌14 17英寸 笔记本电脑（8吉字节内存）,笔记本电脑,品牌14,17英寸,8吉字节内存,灰色,16*1*1,16,AT20H,大卫,收货,上架
TaTR10AdBl,黑色 品牌28 1000 桌子（可调节）,桌子,品牌28,1000,可调节,黑色,8*1*1,8,DK24A,艾米,收货,上架
PrReA2MoBl,黑色 品牌24 二号纸 打印机（黑白）,打印机,品牌24,二号纸,黑白,黑色,16*1*1,16,BS58B,艾米丽,收货,上架
AlOv1516Gr,灰色 品牌13 15英寸 一体机（16吉字节内存）,一体机,品牌13,15英寸,16吉字节内存,灰色,16*1*1,16,AG37F,亚历克斯,收货,上架
CuRG12FiBe,米色 品牌03 1200 储物柜（文件收纳）,储物柜,品牌03,1200,文件收纳,米色,8*1*1,8,CU54F,简,收货,上架
OfOGSHeGr,灰色 品牌07 小号 办公椅（头枕）,办公椅,品牌07,小号,头枕,灰色,16*1*1,16,DV53G,莎拉,收货,上架
OfOGMLeGr,灰色 品牌07 中号 办公椅（皮革）,办公椅,品牌07,中号,皮革,灰色,16*1*1,16,BT25D,亚历克斯,收货,上架
NoExA4liGr,灰色 品牌16 四号纸 笔记本（线条）,笔记本,品牌16,四号纸,线条,灰色,48*10*5,2400,DO09G,莎拉,收货,上架
MoPH27ErPi,粉色 品牌12 270 鼠标（人体工学）,鼠标,品牌12,270,人体工学,粉色,16*10*1,160,DM28F,艾米丽,收货,上架
DrTE12SlWh,白色 品牌04 1200 抽屉柜（滑动式）,抽屉柜,品牌04,1200,滑动式,白色,8*1*1,8,CO96C,艾米丽,收货,上架
TVGn42FHGr,灰色 品牌30 42英寸 电视机（全高清）,电视机,品牌30,42英寸,全高清,灰色,8*1*1,8,AI34C,劳拉,收货,上架
MoHc27ErBl,黑色 品牌09 270 鼠标（人体工学）,鼠标,品牌09,270,人体工学,黑色,16*10*1,160,AJ39B,艾米,收货,上架
CaQE12LoGr,灰色 品牌01 1200 文件柜（储物锁柜）,文件柜,品牌01,1200,储物锁柜,灰色,8*1*1,8,BR46H,艾米丽,收货,上架
AlOv1716Gr,灰色 品牌13 17英寸 一体机（16吉字节内存）,一体机,品牌13,17英寸,16吉字节内存,灰色,16*1*1,16,DN80E,莎拉,收货,上架
PrPHA3MoBl,黑色 品牌12 三号纸 打印机（黑白）,打印机,品牌12,三号纸,黑白,黑色,16*1*1,16,AO54F,艾米丽,收货,上架
TVYn75FHSi,银色 品牌15 75英寸 电视机（全高清）,电视机,品牌15,75英寸,全高清,银色,8*1*1,8,CZ18C,亚历克斯,收货,上架
CaRG90SlBl,黑色 品牌03 900 文件柜（滑动式）,文件柜,品牌03,900,滑动式,黑色,8*1*1,8,AM89A,亚历克斯,收货,上架
TaCI18FrBl,黑色 品牌27 1800 桌子（框架式）,桌子,品牌27,1800,框架式,黑色,8*1*1,8,CP61F,大卫,收货,上架
TVGn754KSi,银色 品牌30 75英寸 电视机（超高清）,电视机,品牌30,75英寸,超高清,银色,8*1*1,8,AZ88E,劳拉,收货,上架
CaWE18DoGr,灰色 品牌02 1800 文件柜（带门式）,文件柜,品牌02,1800,带门式,灰色,8*1*1,8,CL15G,大卫,收货,上架
TVGn504KWh,白色 品牌30 50英寸 电视机（超高清）,电视机,品牌30,50英寸,超高清,白色,8*1*1,8,CV69H,亚历克斯,收货,上架
AlYn15i5Gr,灰色 品牌15 15英寸 一体机（第5代处理器）,一体机,品牌15,15英寸,第5代处理器,灰色,16*1*1,16,BJ46G,约翰,收货,上架
AlPH15i7Bl,黑色 品牌12 15英寸 一体机（第7代处理器）,一体机,品牌12,15英寸,第7代处理器,黑色,16*1*1,16,AI39C,劳拉,收货,上架
KeRe45ErPi,粉色 品牌10 450 键盘（人体工学）,键盘,品牌10,450,人体工学,粉色,16*10*1,160,AL18A,莎拉,收货,上架
CaTE18SlBl,黑色 品牌04 1800 文件柜（滑动式）,文件柜,品牌04,1800,滑动式,黑色,8*1*1,8,AS75C,劳拉,收货,上架
CuWE12LoBe,米色 品牌02 1200 储物柜（储物锁柜）,储物柜,品牌02,1200,储物锁柜,米色,8*1*1,8,CP82H,约翰,收货,上架
LaRe148GWh,白色 品牌14 14英寸 笔记本电脑（8吉字节内存）,笔记本电脑,品牌14,14英寸,8吉字节内存,白色,16*1*1,16,DI41A,大卫,收货,上架
SPAl12SoBl,黑色 品牌20 12 触控笔（可溶性）,触控笔,品牌20,12,可溶性,黑色,48*10*5,2400,BQ94G,约翰,收货,上架
GaXESErWh,白色 品牌06 小号 游戏椅（人体工学）,游戏椅,品牌06,小号,人体工学,白色,16*1*1,16,DV77H,亚历克斯,收货,上架
MoSu35ErPi,粉色 品牌11 350 鼠标（人体工学）,鼠标,品牌11,350,人体工学,粉色,16*10*1,160,BM55E,迈克,收货,上架
MoHc45WiWh,白色 品牌09 450 鼠标（有线）,鼠标,品牌09,450,有线,白色,16*10*1,160,AY07F,劳拉,收货,上架
CaQE90SlBe,米色 品牌01 900 文件柜（滑动式）,文件柜,品牌01,900,滑动式,米色,8*1*1,8,BJ73F,约翰,收货,上架
TVYn32S4Bl,黑色 品牌15 32英寸 电视机（超级超高清）,电视机,品牌15,32英寸,超级超高清,黑色,8*1*1,8,BZ75H,迈克,收货,上架
AlRe1416Gr,灰色 品牌14 14英寸 一体机（16吉字节内存）,一体机,品牌14,14英寸,16吉字节内存,灰色,16*1*1,16,CN06C,亚历克斯,收货,上架
NoExA5ruBl,黑色 品牌16 五号纸 笔记本（横线）,笔记本,品牌16,五号纸,横线,黑色,48*10*5,2400,BM91A,劳拉,收货,上架
TVGn65S4Bl,黑色 品牌30 65英寸 电视机（超级超高清）,电视机,品牌30,65英寸,超级超高清,黑色,8*1*1,8,AL05B,约翰,收货,上架
OfOGLAdGr,灰色 品牌07 大号 办公椅（可调节）,办公椅,品牌07,大号,可调节,灰色,16*1*1,16,BZ70A,克里斯,收货,上架
CaQE12FiBl,黑色 品牌01 1200 文件柜（文件收纳）,文件柜,品牌01,1200,文件收纳,黑色,8*1*1,8,DP23A,约翰,收货,上架
LaSu17i5Si,银色 品牌11 17英寸 笔记本电脑（第5代处理器）,笔记本电脑,品牌11,17英寸,第5代处理器,银色,16*1*1,16,DJ14H,艾米丽,收货,上架
PrSoA2WiMi,混合色 品牌25 二号纸 打印机（无线网络）,打印机,品牌25,二号纸,无线网络,混合色,16*1*1,16,CW08B,劳拉,收货,上架
MoHc27ErWh,白色 品牌09 270 鼠标（人体工学）,鼠标,品牌09,270,人体工学,白色,16*10*1,160,CV01E,莎拉,收货,上架
AlRe17i7Gr,灰色 品牌14 17英寸 一体机（第7代处理器）,一体机,品牌14,17英寸,第7代处理器,灰色,16*1*1,16,AO16D,亚历克斯,收货,上架
DrTE90LoBl,黑色 品牌04 900 抽屉柜（储物锁柜）,抽屉柜,品牌04,900,储物锁柜,黑色,8*1*1,8,AN87E,亚历克斯,收货,上架
CuTE90LoBe,米色 品牌04 900 储物柜（储物锁柜）,储物柜,品牌04,900,储物锁柜,米色,8*1*1,8,AM34F,克里斯,收货,上架
LaOv17i5Wh,白色 品牌13 17英寸 笔记本电脑（第5代处理器）,笔记本电脑,品牌13,17英寸,第5代处理器,白色,16*1*1,16,AP49C,约翰,收货,上架
LaSu1732Gr,灰色 品牌11 17英寸 笔记本电脑（32吉字节内存）,笔记本电脑,品牌11,17英寸,32吉字节内存,灰色,16*1*1,16,AS71F,简,收货,上架
LaOv148GGr,灰色 品牌13 14英寸 笔记本电脑（8吉字节内存）,笔记本电脑,品牌13,14英寸,8吉字节内存,灰色,16*1*1,16,AO30D,艾米,收货,上架
LaOv17i5Gr,灰色 品牌13 17英寸 笔记本电脑（第5代处理器）,笔记本电脑,品牌13,17英寸,第5代处理器,灰色,16*1*1,16,AV16H,克里斯,收货,上架
MoSu45ErNa,藏青色 品牌11 450 鼠标（人体工学）,鼠标,品牌11,450,人体工学,藏青色,16*10*1,160,BV08C,艾米,收货,上架
SPGi24HePi,粉色 品牌21 24 触控笔（六角形）,触控笔,品牌21,24,六角形,粉色,48*10*5,2400,AN71E,莎拉,收货,上架
TaTR15WoWh,白色 品牌29 1500 桌子（工作站）,桌子,品牌29,1500,工作站,白色,8*1*1,8,AR16E,艾米丽,收货,上架
SPGi24HePi,粉色 品牌21 24 触控笔（六角形）,触控笔,品牌21,24,六角形,粉色,48*10*5,2400,AH80F,艾米丽,收货,上架
MoRe27ErBl,黑色 品牌10 270 鼠标（人体工学）,鼠标,品牌10,270,人体工学,黑色,16*10*1,160,BU61A,莎拉,收货,上架
AlPH15i5Si,银色 品牌12 15英寸 一体机（第5代处理器）,一体机,品牌12,15英寸,第5代处理器,银色,16*1*1,16,CI63D,约翰,收货,上架
MoHc35ErNa,藏青色 品牌09 350 鼠标（人体工学）,鼠标,品牌09,350,人体工学,藏青色,16*10*1,160,AX13E,艾米丽,收货,上架
CaRG18FiBl,黑色 品牌03 1800 文件柜（文件收纳）,文件柜,品牌03,1800,文件收纳,黑色,8*1*1,8,BU24B,大卫,收货,上架
KeHc35BlPi,粉色 品牌09 350 键盘（蓝牙）,键盘,品牌09,350,蓝牙,粉色,16*10*1,160,BZ23B,约翰,收货,上架
AlSu158GSi,银色 品牌11 15英寸 一体机（8吉字节内存）,一体机,品牌11,15英寸,8吉字节内存,银色,16*1*1,16,DL56C,莎拉,收货,上架
LaRe15i5Bl,黑色 品牌14 15英寸 笔记本电脑（第5代处理器）,笔记本电脑,品牌14,15英寸,第5代处理器,黑色,16*1*1,16,DS42G,艾米,收货,上架
GaXESAdBl,黑色 品牌06 小号 游戏椅（可调节）,游戏椅,品牌06,小号,可调节,黑色,16*1*1,16,CK65A,劳拉,收货,上架
MoRe45WiNa,藏青色 品牌10 450 鼠标（有线）,鼠标,品牌10,450,有线,藏青色,16*10*1,160,DT19A,约翰,收货,上架
PrPHA3WiGr,灰色 品牌12 三号纸 打印机（无线网络）,打印机,品牌12,三号纸,无线网络,灰色,16*1*1,16,BR20G,莎拉,收货,上架
GaAESErGr,灰色 品牌05 小号 游戏椅（人体工学）,游戏椅,品牌05,小号,人体工学,灰色,16*1*1,16,CN60D,简,收货,上架
NoMuA5liBl,黑色 品牌19 五号纸 笔记本（线条）,笔记本,品牌19,五号纸,线条,黑色,48*10*5,2400,BG55H,约翰,收货,上架
AlYn15i5Gr,灰色 品牌15 15英寸 一体机（第5代处理器）,一体机,品牌15,15英寸,第5代处理器,灰色,16*1*1,16,AX63D,克里斯,收货,上架
NoExA3liSi,银色 品牌16 三号纸 笔记本（线条）,笔记本,品牌16,三号纸,线条,银色,48*10*5,2400,CZ25B,亚历克斯,收货,上架
LaYn15i7Wh,白色 品牌15 15英寸 笔记本电脑（第7代处理器）,笔记本电脑,品牌15,15英寸,第7代处理器,白色,16*1*1,16,AU80G,约翰,收货,上架
LaOv158GSi,银色 品牌13 15英寸 笔记本电脑（8吉字节内存）,笔记本电脑,品牌13,15英寸,8吉字节内存,银色,16*1*1,16,DJ49A,艾米丽,收货,上架
CuQE12SlGr,灰色 品牌01 1200 储物柜（滑动式）,储物柜,品牌01,1200,滑动式,灰色,8*1*1,8,DM33D,迈克,收货,上架
MoHc45BlNa,藏青色 品牌09 450 鼠标（蓝牙）,鼠标,品牌09,450,蓝牙,藏青色,16*10*1,160,DV32F,迈克,收货,上架
GaOGMLeWh,白色 品牌07 中号 游戏椅（皮革）,游戏椅,品牌07,中号,皮革,白色,16*1*1,16,DP03D,艾米,收货,上架
KeHc35WiBl,黑色 品牌09 350 键盘（有线）,键盘,品牌09,350,有线,黑色,16*10*1,160,DJ91F,艾米丽,收货,上架
PrSoA4LaWh,白色 品牌25 四号纸 打印机（激光）,打印机,品牌25,四号纸,激光,白色,16*1*1,16,CU16E,迈克,收货,上架
TaCI18WoGr,灰色 品牌27 1800 桌子（工作站）,桌子,品牌27,1800,工作站,灰色,8*1*1,8,AI87A,劳拉,收货,上架
TVGn65FHBl,黑色 品牌30 65英寸 电视机（全高清）,电视机,品牌30,65英寸,全高清,黑色,8*1*1,8,DI04D,克里斯,收货,上架
PrReA4AlGr,灰色 品牌24 四号纸 打印机（一体式）,打印机,品牌24,四号纸,一体式,灰色,16*1*1,16,CG93F,莎拉,收货,上架
TVYn75S4Gr,灰色 品牌15 75英寸 电视机（超级超高清）,电视机,品牌15,75英寸,超级超高清,灰色,8*1*1,8,DR49G,亚历克斯,收货,上架
NoScA5liBl,黑色 品牌17 五号纸 笔记本（线条）,笔记本,品牌17,五号纸,线条,黑色,48*10*5,2400,AY96H,劳拉,收货,上架
KeSu45ErNa,藏青色 品牌11 450 键盘（人体工学）,键盘,品牌11,450,人体工学,藏青色,16*10*1,160,AL26D,迈克,收货,上架
SPAl50WaGr,灰色 品牌20 50 触控笔（水彩）,触控笔,品牌20,50,水彩,灰色,48*10*5,2400,CM47B,约翰,收货,上架
GaOGSAdGr,灰色 品牌07 小号 游戏椅（可调节）,游戏椅,品牌07,小号,可调节,灰色,16*1*1,16,CM71A,劳拉,收货,上架
TVGL32S4Wh,白色 品牌31 32英寸 电视机（超级超高清）,电视机,品牌31,32英寸,超级超高清,白色,8*1*1,8,DJ47C,亚历克斯,收货,上架
KeHc35ErBl,黑色 品牌09 350 键盘（人体工学）,键盘,品牌09,350,人体工学,黑色,16*10*1,160,CH89D,约翰,收货,上架
CaRG12FiWh,白色 品牌03 1200 文件柜（文件收纳）,文件柜,品牌03,1200,文件收纳,白色,8*1*1,8,CH22H,约翰,收货,上架
LaRe14i5Wh,白色 品牌14 14英寸 笔记本电脑（第5代处理器）,笔记本电脑,品牌14,14英寸,第5代处理器,白色,16*1*1,16,CS96E,简,收货,上架
PrSoA3InGr,灰色 品牌25 三号纸 打印机（喷墨）,打印机,品牌25,三号纸,喷墨,灰色,16*1*1,16,AZ33F,简,收货,上架
TVEs75SFGr,灰色 品牌32 75英寸 电视机（超级全高清）,电视机,品牌32,75英寸,超级全高清,灰色,8*1*1,8,BG37C,艾米,收货,上架
TaTR18WoSi,银色 品牌29 1800 桌子（工作站）,桌子,品牌29,1800,工作站,银色,8*1*1,8,BT28G,劳拉,收货,上架
AlSu15i7Wh,白色 品牌11 15英寸 一体机（第7代处理器）,一体机,品牌11,15英寸,第7代处理器,白色,16*1*1,16,DT15H,大卫,收货,上架
GaAESAdWh,白色 品牌05 小号 游戏椅（可调节）,游戏椅,品牌05,小号,可调节,白色,16*1*1,16,DX47G,亚历克斯,收货,上架
TVEs50SFGr,灰色 品牌32 50英寸 电视机（超级全高清）,电视机,品牌32,50英寸,超级全高清,灰色,8*1*1,8,BS32G,莎拉,收货,上架
AlOv15i5Gr,灰色 品牌13 15英寸 一体机（第5代处理器）,一体机,品牌13,15英寸,第5代处理器,灰色,16*1*1,16,CX52H,迈克,收货,上架
OfSESAdPi,粉色 品牌08 小号 办公椅（可调节）,办公椅,品牌08,小号,可调节,粉色,16*1*1,16,CO03H,莎拉,收货,上架
CaWE90SlBe,米色 品牌02 900 文件柜（滑动式）,文件柜,品牌02,900,滑动式,米色,8*1*1,8,CK58H,劳拉,收货,上架
CuWE90SlBe,米色 品牌02 900 储物柜（滑动式）,储物柜,品牌02,900,滑动式,米色,8*1*1,8,DV63C,亚历克斯,收货,上架
TaAE10AdGr,灰色 品牌05 1000 桌子（可调节）,桌子,品牌05,1000,可调节,灰色,8*1*1,8,BK63F,劳拉,收货,上架
AlPH14i5Bl,黑色 品牌12 14英寸 一体机（第5代处理器）,一体机,品牌12,14英寸,第5代处理器,黑色,16*1*1,16,BQ06B,简,收货,上架
AlRe17i7Si,银色 品牌14 17英寸 一体机（第7代处理器）,一体机,品牌14,17英寸,第7代处理器,银色,16*1*1,16,AH31E,简,收货,上架
AlPH17i7Si,银色 品牌12 17英寸 一体机（第7代处理器）,一体机,品牌12,17英寸,第7代处理器,银色,16*1*1,16,BF58F,劳拉,收货,上架
PrNoA3MoMi,混合色 品牌26 三号纸 打印机（黑白）,打印机,品牌26,三号纸,黑白,混合色,16*1*1,16,AQ77A,莎拉,收货,上架
TaCI18AuBl,黑色 品牌27 1800 桌子（自动调节）,桌子,品牌27,1800,自动调节,黑色,8*1*1,8,AI68E,大卫,收货,上架
SPAl50WaBl,黑色 品牌20 50 触控笔（水彩）,触控笔,品牌20,50,水彩,黑色,48*10*5,2400,AW94C,迈克,收货,上架
PrPHA4InGr,灰色 品牌12 四号纸 打印机（喷墨）,打印机,品牌12,四号纸,喷墨,灰色,16*1*1,16,AX16C,克里斯,收货,上架
CuQE90LoBl,黑色 品牌01 900 储物柜（储物锁柜）,储物柜,品牌01,900,储物锁柜,黑色,8*1*1,8,AM41G,约翰,收货,上架
CaRG90LoBe,米色 品牌03 900 文件柜（储物锁柜）,文件柜,品牌03,900,储物锁柜,米色,8*1*1,8,BF41H,迈克,收货,上架
MoSu45ErBl,黑色 品牌11 450 鼠标（人体工学）,鼠标,品牌11,450,人体工学,黑色,16*10*1,160,CL61E,亚历克斯,收货,上架
GaSEMLePi,粉色 品牌08 中号 游戏椅（皮革）,游戏椅,品牌08,中号,皮革,粉色,16*1*1,16,CN64A,艾米,收货,上架
OfAEMAdWh,白色 品牌05 中号 办公椅（可调节）,办公椅,品牌05,中号,可调节,白色,16*1*1,16,DM82C,莎拉,收货,上架
CuWE90FiGr,灰色 品牌02 900 储物柜（文件收纳）,储物柜,品牌02,900,文件收纳,灰色,8*1*1,8,BT58D,艾米,收货,上架
KeSu35BlNa,藏青色 品牌11 350 键盘（蓝牙）,键盘,品牌11,350,蓝牙,藏青色,16*10*1,160,DR88G,亚历克斯,收货,上架
KeSu45ErWh,白色 品牌11 450 键盘（人体工学）,键盘,品牌11,450,人体工学,白色,16*10*1,160,BJ44H,迈克,收货,上架
TVEs42SFSi,银色 品牌32 42英寸 电视机（超级全高清）,电视机,品牌32,42英寸,超级全高清,银色,8*1*1,8,CI71H,克里斯,收货,上架
MoPH35WiNa,藏青色 品牌12 350 鼠标（有线）,鼠标,品牌12,350,有线,藏青色,16*10*1,160,BF59D,艾米丽,收货,上架
CuTE12DoGr,灰色 品牌04 1200 储物柜（带门式）,储物柜,品牌04,1200,带门式,灰色,8*1*1,8,AI22E,莎拉,收货,上架
MoSu45WiWh,白色 品牌11 450 鼠标（有线）,鼠标,品牌11,450,有线,白色,16*10*1,160,BO18A,简,收货,上架
LaRe1732Gr,灰色 品牌14 17英寸 笔记本电脑（32吉字节内存）,笔记本电脑,品牌14,17英寸,32吉字节内存,灰色,16*1*1,16,DQ60E,迈克,收货,上架
TaTR15WoSi,银色 品牌28 1500 桌子（工作站）,桌子,品牌28,1500,工作站,银色,8*1*1,8,DJ39B,莎拉,收货,上架
TVGL50SFGr,灰色 品牌31 50英寸 电视机（超级全高清）,电视机,品牌31,50英寸,超级全高清,灰色,8*1*1,8,AG74F,艾米丽,收货,上架
PrNoA4MoGr,灰色 品牌26 四号纸 打印机（黑白）,打印机,品牌26,四号纸,黑白,灰色,16*1*1,16,BK97B,大卫,收货,上架
AlRe1732Si,银色 品牌14 17英寸 一体机（32吉字节内存）,一体机,品牌14,17英寸,32吉字节内存,银色,16*1*1,16,AO22F,简,收货,上架
SPRe24SoGr,灰色 品牌22 24 触控笔（可溶性）,触控笔,品牌22,24,可溶性,灰色,48*10*5,2400,AI36E,迈克,收货,上架
MoRe45MeNa,藏青色 品牌10 450 鼠标（机械式）,鼠标,品牌10,450,机械式,藏青色,16*10*1,160,BV42G,亚历克斯,收货,上架
LaOv158GWh,白色 品牌13 15英寸 笔记本电脑（8吉字节内存）,笔记本电脑,品牌13,15英寸,8吉字节内存,白色,16*1*1,16,BU14G,艾米,收货,上架
GaOGLErPi,粉色 品牌07 大号 游戏椅（人体工学）,游戏椅,品牌07,大号,人体工学,粉色,16*1*1,16,DQ15E,迈克,收货,上架
PeNa12HePi,粉色 品牌23 12 铅笔（六角形）,铅笔,品牌23,12,六角形,粉色,48*10*5,2400,AX33H,约翰,收货,上架
PrReA4MoGr,灰色 品牌24 四号纸 打印机（黑白）,打印机,品牌24,四号纸,黑白,灰色,16*1*1,16,CT71H,大卫,收货,上架
CaQE12SlBe,米色 品牌01 1200 文件柜（滑动式）,文件柜,品牌01,1200,滑动式,米色,8*1*1,8,DO97B,克里斯,收货,上架
SPNa50HeGr,灰色 品牌23 50 触控笔（六角形）,触控笔,品牌23,50,六角形,灰色,48*10*5,2400,BO53H,艾米,收货,上架
DrRG12FiBl,黑色 品牌03 1200 抽屉柜（文件收纳）,抽屉柜,品牌03,1200,文件收纳,黑色,8*1*1,8,AN67C,大卫,收货,上架
LaPH1532Wh,白色 品牌12 15英寸 笔记本电脑（32吉字节内存）,笔记本电脑,品牌12,15英寸,32吉字节内存,白色,16*1*1,16,BY21G,约翰,收货,上架
TVYn654KGr,灰色 品牌15 65英寸 电视机（超高清）,电视机,品牌15,65英寸,超高清,灰色,8*1*1,8,AW31C,亚历克斯,收货,上架
AlYn178GBl,黑色 品牌15 17英寸 一体机（8吉字节内存）,一体机,品牌15,17英寸,8吉字节内存,黑色,16*1*1,16,AL44F,约翰,收货,上架
DrWE90FiBl,黑色 品牌02 900 抽屉柜（文件收纳）,抽屉柜,品牌02,900,文件收纳,黑色,8*1*1,8,BV35G,艾米丽,收货,上架
TVEs654KSi,银色 品牌32 65英寸 电视机（超高清）,电视机,品牌32,65英寸,超高清,银色,8*1*1,8,AI17F,约翰,收货,上架
AlSu1716Bl,黑色 品牌11 17英寸 一体机（16吉字节内存）,一体机,品牌11,17英寸,16吉字节内存,黑色,16*1*1,16,CK85D,莎拉,收货,上架
KePH45ErBl,黑色 品牌12 450 键盘（人体工学）,键盘,品牌12,450,人体工学,黑色,16*10*1,160,BZ22H,迈克,收货,上架
AlRe1516Si,银色 品牌14 15英寸 一体机（16吉字节内存）,一体机,品牌14,15英寸,16吉字节内存,银色,16*1*1,16,CT97H,艾米丽,收货,上架
CaTE18DoBl,黑色 品牌04 1800 文件柜（带门式）,文件柜,品牌04,1800,带门式,黑色,8*1*1,8,CY72D,亚历克斯,收货,上架
LaRe1432Si,银色 品牌14 14英寸 笔记本电脑（32吉字节内存）,笔记本电脑,品牌14,14英寸,32吉字节内存,银色,16*1*1,16,CM97H,艾米,收货,上架
AlYn1532Gr,灰色 品牌15 15英寸 一体机（32吉字节内存）,一体机,品牌15,15英寸,32吉字节内存,灰色,16*1*1,16,DK65A,约翰,收货,上架
AlSu1732Bl,黑色 品牌11 17英寸 一体机（32吉字节内存）,一体机,品牌11,17英寸,32吉字节内存,黑色,16*1*1,16,AL30C,约翰,收货,上架
CuWE18FiBl,黑色 品牌02 1800 储物柜（文件收纳）,储物柜,品牌02,1800,文件收纳,黑色,8*1*1,8,CN27G,艾米丽,收货,上架
PrReA2WiBl,黑色 品牌24 二号纸 打印机（无线网络）,打印机,品牌24,二号纸,无线网络,黑色,16*1*1,16,BL31F,大卫,收货,上架
DrWE90SlBl,黑色 品牌02 900 抽屉柜（滑动式）,抽屉柜,品牌02,900,滑动式,黑色,8*1*1,8,BG91G,亚历克斯,收货,上架
PeNa24WaPi,粉色 品牌23 24 铅笔（水彩）,铅笔,品牌23,24,水彩,粉色,48*10*5,2400,AJ29G,迈克,收货,上架
SPAl50SoGr,灰色 品牌20 50 触控笔（可溶性）,触控笔,品牌20,50,可溶性,灰色,48*10*5,2400,DG17C,莎拉,收货,上架
GaSESHePi,粉色 品牌08 小号 游戏椅（头枕）,游戏椅,品牌08,小号,头枕,粉色,16*1*1,16,DF86C,亚历克斯,收货,上架
MoSu27BlNa,藏青色 品牌11 270 鼠标（蓝牙）,鼠标,品牌11,270,蓝牙,藏青色,16*10*1,160,CP13A,约翰,收货,上架
CaWE18FiWh,白色 品牌02 1800 文件柜（文件收纳）,文件柜,品牌02,1800,文件收纳,白色,8*1*1,8,DR90F,克里斯,收货,上架
MoRe45ErNa,藏青色 品牌10 450 鼠标（人体工学）,鼠标,品牌10,450,人体工学,藏青色,16*10*1,160,CU35F,劳拉,收货,上架
TaCI10FrWh,白色 品牌27 1000 桌子（框架式）,桌子,品牌27,1000,框架式,白色,8*1*1,8,AP43B,莎拉,收货,上架
TVEs324KWh,白色 品牌32 32英寸 电视机（超高清）,电视机,品牌32,32英寸,超高清,白色,8*1*1,8,CQ78A,约翰,收货,上架
CaQE18DoBe,米色 品牌01 1800 文件柜（带门式）,文件柜,品牌01,1800,带门式,米色,8*1*1,8,CH98B,莎拉,收货,上架
NoMuA4liWh,白色 品牌19 四号纸 笔记本（线条）,笔记本,品牌19,四号纸,线条,白色,48*10*5,2400,AS49B,艾米,收货,上架
AlYn15i5Wh,白色 品牌15 15英寸 一体机（第5代处理器）,一体机,品牌15,15英寸,第5代处理器,白色,16*1*1,16,DH84E,艾米丽,收货,上架
PrReA4MoMi,混合色 品牌24 四号纸 打印机（黑白）,打印机,品牌24,四号纸,黑白,混合色,16*1*1,16,CH79C,亚历克斯,收货,上架
TVGL754KBl,黑色 品牌31 75英寸 电视机（超高清）,电视机,品牌31,75英寸,超高清,黑色,8*1*1,8,CH93D,大卫,收货,上架
LaRe148GBl,黑色 品牌14 14英寸 笔记本电脑（8吉字节内存）,笔记本电脑,品牌14,14英寸,8吉字节内存,黑色,16*1*1,16,BI01H,艾米,收货,上架
LaYn1716Bl,黑色 品牌15 17英寸 笔记本电脑（16吉字节内存）,笔记本电脑,品牌15,17英寸,16吉字节内存,黑色,16*1*1,16,BK06B,莎拉,收货,上架
MoRe45BlNa,藏青色 品牌10 450 鼠标（蓝牙）,鼠标,品牌10,450,蓝牙,藏青色,16*10*1,160,CG34G,艾米,收货,上架
PeAl12WaPi,粉色 品牌20 12 铅笔（水彩）,铅笔,品牌20,12,水彩,粉色,48*10*5,2400,CF61B,约翰,收货,上架
PrNoA4WiWh,白色 品牌26 四号纸 打印机（无线网络）,打印机,品牌26,四号纸,无线网络,白色,16*1*1,16,CS32C,迈克,收货,上架
OfOGLAdBl,黑色 品牌07 大号 办公椅（可调节）,办公椅,品牌07,大号,可调节,黑色,16*1*1,16,CR86H,劳拉,收货,上架
GaSESLeGr,灰色 品牌08 小号 游戏椅（皮革）,游戏椅,品牌08,小号,皮革,灰色,16*1*1,16,CL03F,克里斯,收货,上架
LaRe1516Gr,灰色 品牌14 15英寸 笔记本电脑（16吉字节内存）,笔记本电脑,品牌14,15英寸,16吉字节内存,灰色,16*1*1,16,CW88H,约翰,收货,上架
DrWE12SlBl,黑色 品牌02 1200 抽屉柜（滑动式）,抽屉柜,品牌02,1200,滑动式,黑色,8*1*1,8,CY32D,简,收货,上架
GaSELAdGr,灰色 品牌08 大号 游戏椅（可调节）,游戏椅,品牌08,大号,可调节,灰色,16*1*1,16,BT35B,亚历克斯,收货,上架
OfXEMHeBl,黑色 品牌06 中号 办公椅（头枕）,办公椅,品牌06,中号,头枕,黑色,16*1*1,16,AU85F,亚历克斯,收货,上架
PeRe12SoBl,黑色 品牌22 12 铅笔（可溶性）,铅笔,品牌22,12,可溶性,黑色,48*10*5,2400,AU98H,迈克,收货,上架
AlSu1516Si,银色 品牌11 15英寸 一体机（16吉字节内存）,一体机,品牌11,15英寸,16吉字节内存,银色,16*1*1,16,CM39H,约翰,收货,上架
DrRG90LoBl,黑色 品牌03 900 抽屉柜（储物锁柜）,抽屉柜,品牌03,900,储物锁柜,黑色,8*1*1,8,AO25F,亚历克斯,收货,上架
PrNoA3InBl,黑色 品牌26 三号纸 打印机（喷墨）,打印机,品牌26,三号纸,喷墨,黑色,16*1*1,16,DY18H,迈克,收货,上架
LaPH1716Bl,黑色 品牌12 17英寸 笔记本电脑（16吉字节内存）,笔记本电脑,品牌12,17英寸,16吉字节内存,黑色,16*1*1,16,AU40B,约翰,收货,上架
NoExA3liBl,黑色 品牌16 三号纸 笔记本（线条）,笔记本,品牌16,三号纸,线条,黑色,48*10*5,2400,BV88C,艾米丽,收货,上架
DrQE12SlGr,灰色 品牌01 1200 抽屉柜（滑动式）,抽屉柜,品牌01,1200,滑动式,灰色,8*1*1,8,BT74B,亚历克斯,收货,上架
TVYn504KBl,黑色 品牌15 50英寸 电视机（超高清）,电视机,品牌15,50英寸,超高清,黑色,8*1*1,8,DT90D,约翰,收货,上架
AlRe1516Si,银色 品牌14 15英寸 一体机（16吉字节内存）,一体机,品牌14,15英寸,16吉字节内存,银色,16*1*1,16,CF39G,艾米丽,收货,上架
TVGL65SFWh,白色 品牌31 65英寸 电视机（超级全高清）,电视机,品牌31,65英寸,超级全高清,白色,8*1*1,8,BG44D,简,收货,上架
CaQE12LoGr,灰色 品牌01 1200 文件柜（储物锁柜）,文件柜,品牌01,1200,储物锁柜,灰色,8*1*1,8,DP69G,艾米,收货,上架
AlPH17i7Bl,黑色 品牌12 17英寸 一体机（第7代处理器）,一体机,品牌12,17英寸,第7代处理器,黑色,16*1*1,16,AY14H,大卫,收货,上架
CaQE18DoWh,白色 品牌01 1800 文件柜（带门式）,文件柜,品牌01,1800,带门式,白色,8*1*1,8,DL98A,艾米丽,收货,上架
LaOv1532Wh,白色 品牌13 15英寸 笔记本电脑（32吉字节内存）,笔记本电脑,品牌13,15英寸,32吉字节内存,白色,16*1*1,16,CS58H,莎拉,收货,上架
TaCI10WoWh,白色 品牌27 1000 桌子（工作站）,桌子,品牌27,1000,工作站,白色,8*1*1,8,DW19F,克里斯,收货,上架
DrQE18DoBe,米色 品牌01 1800 抽屉柜（带门式）,抽屉柜,品牌01,1800,带门式,米色,8*1*1,8,BF70A,大卫,收货,上架
OfAELErGr,灰色 品牌05 大号 办公椅（人体工学）,办公椅,品牌05,大号,人体工学,灰色,16*1*1,16,BT10G,艾米,收货,上架
CaTE12DoBe,米色 品牌04 1200 文件柜（带门式）,文件柜,品牌04,1200,带门式,米色,8*1*1,8,DX05B,大卫,收货,上架
GaXEMErGr,灰色 品牌06 中号 游戏椅（人体工学）,游戏椅,品牌06,中号,人体工学,灰色,16*1*1,16,AR50D,约翰,收货,上架
GaAEMLeWh,白色 品牌05 中号 游戏椅（皮革）,游戏椅,品牌05,中号,皮革,白色,16*1*1,16,AT54E,艾米,收货,上架
KeHc45BlNa,藏青色 品牌09 450 键盘（蓝牙）,键盘,品牌09,450,蓝牙,藏青色,16*10*1,160,CR09B,约翰,收货,上架
PeRe50HeGr,灰色 品牌22 50 铅笔（六角形）,铅笔,品牌22,50,六角形,灰色,48*10*5,2400,CZ48C,约翰,收货,上架
GaOGSLePi,粉色 品牌07 小号 游戏椅（皮革）,游戏椅,品牌07,小号,皮革,粉色,16*1*1,16,CY22E,约翰,收货,上架
CaRG12LoGr,灰色 品牌03 1200 文件柜（储物锁柜）,文件柜,品牌03,1200,储物锁柜,灰色,8*1*1,8,CL60D,约翰,收货,上架
CaWE18DoBe,米色 品牌02 1800 文件柜（带门式）,文件柜,品牌02,1800,带门式,米色,8*1*1,8,AN54F,劳拉,收货,上架
TVEs32FHSi,银色 品牌32 32英寸 电视机（全高清）,电视机,品牌32,32英寸,全高清,银色,8*1*1,8,AK27A,劳拉,收货,上架
AlSu1732Bl,黑色 品牌11 17英寸 一体机（32吉字节内存）,一体机,品牌11,17英寸,32吉字节内存,黑色,16*1*1,16,AR41F,劳拉,收货,上架
LaPH158GWh,白色 品牌12 15英寸 笔记本电脑（8吉字节内存）,笔记本电脑,品牌12,15英寸,8吉字节内存,白色,16*1*1,16,CN14C,迈克,收货,上架
TaCI18WoSi,银色 品牌27 1800 桌子（工作站）,桌子,品牌27,1800,工作站,银色,8*1*1,8,AI42G,艾米,收货,上架
PrPHA2LaMi,混合色 品牌12 二号纸 打印机（激光）,打印机,品牌12,二号纸,激光,混合色,16*1*1,16,CF40C,克里斯,收货,上架
LaPH1432Wh,白色 品牌12 14英寸 笔记本电脑（32吉字节内存）,笔记本电脑,品牌12,14英寸,32吉字节内存,白色,16*1*1,16,AV34B,约翰,收货,上架
TaCI10WoSi,银色 品牌27 1000 桌子（工作站）,桌子,品牌27,1000,工作站,银色,8*1*1,8,AK54G,克里斯,收货,上架
GaOGLHeGr,灰色 品牌07 大号 游戏椅（头枕）,游戏椅,品牌07,大号,头枕,灰色,16*1*1,16,CF16E,简,收货,上架
DrTE12DoWh,白色 品牌04 1200 抽屉柜（带门式）,抽屉柜,品牌04,1200,带门式,白色,8*1*1,8,AQ88B,亚历克斯,收货,上架
TaTR18AuBl,黑色 品牌29 1800 桌子（自动调节）,桌子,品牌29,1800,自动调节,黑色,8*1*1,8,AQ04D,亚历克斯,收货,上架
AlPH158GSi,银色 品牌12 15英寸 一体机（8吉字节内存）,一体机,品牌12,15英寸,8吉字节内存,银色,16*1*1,16,DT67H,约翰,收货,上架
TVGn75SFBl,黑色 品牌30 75英寸 电视机（超级全高清）,电视机,品牌30,75英寸,超级全高清,黑色,8*1*1,8,CU60E,克里斯,收货,上架
OfXESErGr,灰色 品牌06 小号 办公椅（人体工学）,办公椅,品牌06,小号,人体工学,灰色,16*1*1,16,CN98H,艾米丽,收货,上架
PrSoA4InMi,混合色 品牌25 四号纸 打印机（喷墨）,打印机,品牌25,四号纸,喷墨,混合色,16*1*1,16,BG09H,约翰,收货,上架
TVEs65FHSi,银色 品牌32 65英寸 电视机（全高清）,电视机,品牌32,65英寸,全高清,银色,8*1*1,8,CR91C,艾米丽,收货,上架
CaRG18FiBe,米色 品牌03 1800 文件柜（文件收纳）,文件柜,品牌03,1800,文件收纳,米色,8*1*1,8,AM98D,亚历克斯,收货,上架
CaQE18FiBe,米色 品牌01 1800 文件柜（文件收纳）,文件柜,品牌01,1800,文件收纳,米色,8*1*1,8,DR84G,劳拉,收货,上架
CuTE18LoWh,白色 品牌04 1800 储物柜（储物锁柜）,储物柜,品牌04,1800,储物锁柜,白色,8*1*1,8,BR38G,亚历克斯,收货,上架
AlRe1416Gr,灰色 品牌14 14英寸 一体机（16吉字节内存）,一体机,品牌14,14英寸,16吉字节内存,灰色,16*1*1,16,DN21B,亚历克斯,收货,上架
CuRG18DoWh,白色 品牌03 1800 储物柜（带门式）,储物柜,品牌03,1800,带门式,白色,8*1*1,8,CT71E,简,收货,上架
LaPH1732Gr,灰色 品牌12 17英寸 笔记本电脑（32吉字节内存）,笔记本电脑,品牌12,17英寸,32吉字节内存,灰色,16*1*1,16,AU42B,约翰,收货,上架
DrRG12DoBe,米色 品牌03 1200 抽屉柜（带门式）,抽屉柜,品牌03,1200,带门式,米色,8*1*1,8,CK38E,莎拉,收货,上架
AlRe14i5Gr,灰色 品牌14 14英寸 一体机（第5代处理器）,一体机,品牌14,14英寸,第5代处理器,灰色,16*1*1,16,DS01A,艾米,收货,上架
NoGrA3ruSi,银色 品牌18 三号纸 笔记本（横线）,笔记本,品牌18,三号纸,横线,银色,48*10*5,2400,DK87G,艾米,收货,上架
LaOv15i7Wh,白色 品牌13 15英寸 笔记本电脑（第7代处理器）,笔记本电脑,品牌13,15英寸,第7代处理器,白色,16*1*1,16,BR26F,简,收货,上架
AlRe178GWh,白色 品牌14 17英寸 一体机（8吉字节内存）,一体机,品牌14,17英寸,8吉字节内存,白色,16*1*1,16,DV76G,大卫,收货,上架
GaOGLAdGr,灰色 品牌07 大号 游戏椅（可调节）,游戏椅,品牌07,大号,可调节,灰色,16*1*1,16,BL52A,劳拉,收货,上架
LaOv148GWh,白色 品牌13 14英寸 笔记本电脑（8吉字节内存）,笔记本电脑,品牌13,14英寸,8吉字节内存,白色,16*1*1,16,BJ97A,莎拉,收货,上架
AlYn1416Bl,黑色 品牌15 14英寸 一体机（16吉字节内存）,一体机,品牌15,14英寸,16吉字节内存,黑色,16*1*1,16,BN95B,艾米,收货,上架
LaSu178GBl,黑色 品牌11 17英寸 笔记本电脑（8吉字节内存）,笔记本电脑,品牌11,17英寸,8吉字节内存,黑色,16*1*1,16,AF62D,克里斯,收货,上架
GaXESAdBl,黑色 品牌06 小号 游戏椅（可调节）,游戏椅,品牌06,小号,可调节,黑色,16*1*1,16,AO63B,简,收货,上架
PrReA3InWh,白色 品牌24 三号纸 打印机（喷墨）,打印机,品牌24,三号纸,喷墨,白色,16*1*1,16,DL52F,简,收货,上架
GaSEMLePi,粉色 品牌08 中号 游戏椅（皮革）,游戏椅,品牌08,中号,皮革,粉色,16*1*1,16,AF80A,艾米丽,收货,上架
CuTE18LoWh,白色 品牌04 1800 储物柜（储物锁柜）,储物柜,品牌04,1800,储物锁柜,白色,8*1*1,8,DP42C,劳拉,收货,上架
CaWE90FiBl,黑色 品牌02 900 文件柜（文件收纳）,文件柜,品牌02,900,文件收纳,黑色,8*1*1,8,DR17D,约翰,收货,上架
OfAESHePi,粉色 品牌05 小号 办公椅（头枕）,办公椅,品牌05,小号,头枕,粉色,16*1*1,16,CU57B,艾米丽,收货,上架
NoGrA3liBl,黑色 品牌18 三号纸 笔记本（线条）,笔记本,品牌18,三号纸,线条,黑色,48*10*5,2400,BI76E,大卫,收货,上架
PrPHA3InMi,混合色 品牌12 三号纸 打印机（喷墨）,打印机,品牌12,三号纸,喷墨,混合色,16*1*1,16,CV57B,莎拉,收货,上架
PeRe24WaGr,灰色 品牌22 24 铅笔（水彩）,铅笔,品牌22,24,水彩,灰色,48*10*5,2400,DT32G,艾米丽,收货,上架
LaSu15i7Gr,灰色 品牌11 15英寸 笔记本电脑（第7代处理器）,笔记本电脑,品牌11,15英寸,第7代处理器,灰色,16*1*1,16,AT23A,简,收货,上架
TVYn75SFSi,银色 品牌15 75英寸 电视机（超级全高清）,电视机,品牌15,75英寸,超级全高清,银色,8*1*1,8,DJ63H,克里斯,收货,上架
NoMuA5liBl,黑色 品牌19 五号纸 笔记本（线条）,笔记本,品牌19,五号纸,线条,黑色,48*10*5,2400,CF19F,迈克,收货,上架
TVEs65S4Gr,灰色 品牌32 65英寸 电视机（超级超高清）,电视机,品牌32,65英寸,超级超高清,灰色,8*1*1,8,DZ27D,艾米丽,收货,上架
LaSu1516Bl,黑色 品牌11 15英寸 笔记本电脑（16吉字节内存）,笔记本电脑,品牌11,15英寸,16吉字节内存,黑色,16*1*1,16,AF04F,亚历克斯,收货,上架
PrReA3WiBl,黑色 品牌24 三号纸 打印机（无线网络）,打印机,品牌24,三号纸,无线网络,黑色,16*1*1,16,AP51C,克里斯,收货,上架
PrNoA2LaWh,白色 品牌26 二号纸 打印机（激光）,打印机,品牌26,二号纸,激光,白色,16*1*1,16,AQ09A,简,收货,上架
OfSEMErBl,黑色 品牌08 中号 办公椅（人体工学）,办公椅,品牌08,中号,人体工学,黑色,16*1*1,16,CF93C,艾米丽,收货,上架
DrQE90LoGr,灰色 品牌01 900 抽屉柜（储物锁柜）,抽屉柜,品牌01,900,储物锁柜,灰色,8*1*1,8,AS68C,艾米丽,收货,上架
MoSu35MeWh,白色 品牌11 350 鼠标（机械式）,鼠标,品牌11,350,机械式,白色,16*10*1,160,DK82A,迈克,收货,上架
TVEs75FHBl,黑色 品牌32 75英寸 电视机（全高清）,电视机,品牌32,75英寸,全高清,黑色,8*1*1,8,DU25E,约翰,收货,上架
PeRe24WaPi,粉色 品牌22 24 铅笔（水彩）,铅笔,品牌22,24,水彩,粉色,48*10*5,2400,AI32D,迈克,收货,上架
TVGn50FHBl,黑色 品牌30 50英寸 电视机（全高清）,电视机,品牌30,50英寸,全高清,黑色,8*1*1,8,AP35E,简,收货,上架
GaXELErPi,粉色 品牌06 大号 游戏椅（人体工学）,游戏椅,品牌06,大号,人体工学,粉色,16*1*1,16,AL12H,艾米丽,收货,上架
CuRG12FiBe,米色 品牌03 1200 储物柜（文件收纳）,储物柜,品牌03,1200,文件收纳,米色,8*1*1,8,CM34G,克里斯,收货,上架
MoPH45ErWh,白色 品牌12 450 鼠标（人体工学）,鼠标,品牌12,450,人体工学,白色,16*10*1,160,AS86H,亚历克斯,收货,上架
TVGL504KBl,黑色 品牌31 50英寸 电视机（超高清）,电视机,品牌31,50英寸,超高清,黑色,8*1*1,8,CU18F,莎拉,收货,上架
AlYn1416Wh,白色 品牌15 14英寸 一体机（16吉字节内存）,一体机,品牌15,14英寸,16吉字节内存,白色,16*1*1,16,DO36G,克里斯,收货,上架
AlPH1416Wh,白色 品牌12 14英寸 一体机（16吉字节内存）,一体机,品牌12,14英寸,16吉字节内存,白色,16*1*1,16,DF55F,约翰,收货,上架
LaRe1416Bl,黑色 品牌14 14英寸 笔记本电脑（16吉字节内存）,笔记本电脑,品牌14,14英寸,16吉字节内存,黑色,16*1*1,16,CZ92B,亚历克斯,收货,上架
CaRG18SlWh,白色 品牌03 1800 文件柜（滑动式）,文件柜,品牌03,1800,滑动式,白色,8*1*1,8,BT39A,亚历克斯,收货,上架
NoMuA4liSi,银色 品牌19 四号纸 笔记本（线条）,笔记本,品牌19,四号纸,线条,银色,48*10*5,2400,AM63E,约翰,收货,上架
PrSoA2AlBl,黑色 品牌25 二号纸 打印机（一体式）,打印机,品牌25,二号纸,一体式,黑色,16*1*1,16,AT95D,劳拉,收货,上架
DrQE18DoWh,白色 品牌01 1800 抽屉柜（带门式）,抽屉柜,品牌01,1800,带门式,白色,8*1*1,8,CS75D,艾米,收货,上架
CaTE12LoWh,白色 品牌04 1200 文件柜（储物锁柜）,文件柜,品牌04,1200,储物锁柜,白色,8*1*1,8,BT44E,艾米,收货,上架
LaRe1716Bl,黑色 品牌14 17英寸 笔记本电脑（16吉字节内存）,笔记本电脑,品牌14,17英寸,16吉字节内存,黑色,16*1*1,16,AQ07G,莎拉,收货,上架
GaXESHeGr,灰色 品牌06 小号 游戏椅（头枕）,游戏椅,品牌06,小号,头枕,灰色,16*1*1,16,DS02G,简,收货,上架
CuQE12DoBl,黑色 品牌01 1200 储物柜（带门式）,储物柜,品牌01,1200,带门式,黑色,8*1*1,8,AL91E,克里斯,收货,上架
SPGi12HeWh,白色 品牌21 12 触控笔（六角形）,触控笔,品牌21,12,六角形,白色,48*10*5,2400,BZ56C,劳拉,收货,上架
OfXELHeBl,黑色 品牌06 大号 办公椅（头枕）,办公椅,品牌06,大号,头枕,黑色,16*1*1,16,CH33A,克里斯,收货,上架
TVEs50FHBl,黑色 品牌32 50英寸 电视机（全高清）,电视机,品牌32,50英寸,全高清,黑色,8*1*1,8,BM46B,约翰,收货,上架
MoSu45BlBl,黑色 品牌11 450 鼠标（蓝牙）,鼠标,品牌11,450,蓝牙,黑色,16*10*1,160,DS78D,大卫,收货,上架
TVGn424KGr,灰色 品牌30 42英寸 电视机（超高清）,电视机,品牌30,42英寸,超高清,灰色,8*1*1,8,CR43G,艾米丽,收货,上架
NoExA4doSi,银色 品牌16 四号纸 笔记本（点阵）,笔记本,品牌16,四号纸,点阵,银色,48*10*5,2400,AF20G,莎拉,收货,上架
AlYn15i7Gr,灰色 品牌15 15英寸 一体机（第7代处理器）,一体机,品牌15,15英寸,第7代处理器,灰色,16*1*1,16,DW92G,约翰,收货,上架
CaQE12FiWh,白色 品牌01 1200 文件柜（文件收纳）,文件柜,品牌01,1200,文件收纳,白色,8*1*1,8,AJ37F,艾米丽,收货,上架
CuQE90DoBe,米色 品牌01 900 储物柜（带门式）,储物柜,品牌01,900,带门式,米色,8*1*1,8,CG21C,大卫,收货,上架
KeRe35ErBl,黑色 品牌10 350 键盘（人体工学）,键盘,品牌10,350,人体工学,黑色,16*10*1,160,BG78G,约翰,收货,上架
AlYn1432Gr,灰色 品牌15 14英寸 一体机（32吉字节内存）,一体机,品牌15,14英寸,32吉字节内存,灰色,16*1*1,16,BZ57G,艾米丽,收货,上架
GaOGSLeWh,白色 品牌07 小号 游戏椅（皮革）,游戏椅,品牌07,小号,皮革,白色,16*1*1,16,AH97E,亚历克斯,收货,上架
SPAl50WaPi,粉色 品牌20 50 触控笔（水彩）,触控笔,品牌20,50,水彩,粉色,48*10*5,2400,BT16B,艾米丽,收货,上架
AlOv1532Wh,白色 品牌13 15英寸 一体机（32吉字节内存）,一体机,品牌13,15英寸,32吉字节内存,白色,16*1*1,16,CV91H,艾米丽,收货,上架
PeNa50WaBl,黑色 品牌23 50 铅笔（水彩）,铅笔,品牌23,50,水彩,黑色,48*10*5,2400,DI69D,亚历克斯,收货,上架
OfSELErPi,粉色 品牌08 大号 办公椅（人体工学）,办公椅,品牌08,大号,人体工学,粉色,16*1*1,16,BN35E,克里斯,收货,上架
DrTE12SlWh,白色 品牌04 1200 抽屉柜（滑动式）,抽屉柜,品牌04,1200,滑动式,白色,8*1*1,8,DG56E,劳拉,收货,上架
TVGn32S4Bl,黑色 品牌30 32英寸 电视机（超级超高清）,电视机,品牌30,32英寸,超级超高清,黑色,8*1*1,8,BF26H,简,收货,上架
GaXELLeBl,黑色 品牌06 大号 游戏椅（皮革）,游戏椅,品牌06,大号,皮革,黑色,16*1*1,16,AL79A,迈克,收货,上架
TVGn324KGr,灰色 品牌30 32英寸 电视机（超高清）,电视机,品牌30,32英寸,超高清,灰色,8*1*1,8,AR61D,克里斯,收货,上架
TaCI10FrBl,黑色 品牌27 1000 桌子（框架式）,桌子,品牌27,1000,框架式,黑色,8*1*1,8,CP94F,大卫,收货,上架
TVGL50S4Bl,黑色 品牌31 50英寸 电视机（超级超高清）,电视机,品牌31,50英寸,超级超高清,黑色,8*1*1,8,DM30B,约翰,收货,上架
SPRe50SoPi,粉色 品牌22 50 触控笔（可溶性）,触控笔,品牌22,50,可溶性,粉色,48*10*5,2400,DH37B,迈克,收货,上架
SPAl12WaWh,白色 品牌20 12 触控笔（水彩）,触控笔,品牌20,12,水彩,白色,48*10*5,2400,AU93A,劳拉,收货,上架
CaTE12LoWh,白色 品牌04 1200 文件柜（储物锁柜）,文件柜,品牌04,1200,储物锁柜,白色,8*1*1,8,BI40G,约翰,收货,上架
CaQE18DoBe,米色 品牌01 1800 文件柜（带门式）,文件柜,品牌01,1800,带门式,米色,8*1*1,8,AJ36E,大卫,收货,上架
LaSu15i7Bl,黑色 品牌11 15英寸 笔记本电脑（第7代处理器）,笔记本电脑,品牌11,15英寸,第7代处理器,黑色,16*1*1,16,BH82C,约翰,收货,上架
MoHc45WiBl,黑色 品牌09 450 鼠标（有线）,鼠标,品牌09,450,有线,黑色,16*10*1,160,AQ35A,约翰,收货,上架
KeSu27ErWh,白色 品牌11 270 键盘（人体工学）,键盘,品牌11,270,人体工学,白色,16*10*1,160,BH95H,莎拉,收货,上架
KeSu35MeBl,黑色 品牌11 350 键盘（机械式）,键盘,品牌11,350,机械式,黑色,16*10*1,160,DS09F,莎拉,收货,上架
CaQE12FiBe,米色 品牌01 1200 文件柜（文件收纳）,文件柜,品牌01,1200,文件收纳,米色,8*1*1,8,BZ77F,大卫,收货,上架
DrRG90DoWh,白色 品牌03 900 抽屉柜（带门式）,抽屉柜,品牌03,900,带门式,白色,8*1*1,8,BZ20C,迈克,收货,上架
TVGn50FHBl,黑色 品牌30 50英寸 电视机（全高清）,电视机,品牌30,50英寸,全高清,黑色,8*1*1,8,DI25G,艾米丽,收货,上架
PeAl12HeWh,白色 品牌20 12 铅笔（六角形）,铅笔,品牌20,12,六角形,白色,48*10*5,2400,BS52F,艾米丽,收货,上架
GaSELHeGr,灰色 品牌08 大号 游戏椅（头枕）,游戏椅,品牌08,大号,头枕,灰色,16*1*1,16,CX37C,约翰,收货,上架
CuQE90DoBe,米色 品牌01 900 储物柜（带门式）,储物柜,品牌01,900,带门式,米色,8*1*1,8,BI18F,艾米,收货,上架
PrReA4WiBl,黑色 品牌24 四号纸 打印机（无线网络）,打印机,品牌24,四号纸,无线网络,黑色,16*1*1,16,BY57E,艾米,收货,上架
LaOv17i5Wh,白色 品牌13 17英寸 笔记本电脑（第5代处理器）,笔记本电脑,品牌13,17英寸,第5代处理器,白色,16*1*1,16,BW22G,艾米,收货,上架
PeAl50HeBl,黑色 品牌20 50 铅笔（六角形）,铅笔,品牌20,50,六角形,黑色,48*10*5,2400,BL25H,简,收货,上架
DrRG12LoWh,白色 品牌03 1200 抽屉柜（储物锁柜）,抽屉柜,品牌03,1200,储物锁柜,白色,8*1*1,8,DH41F,克里斯,收货,上架
NoGrA3liGr,灰色 品牌18 三号纸 笔记本（线条）,笔记本,品牌18,三号纸,线条,灰色,48*10*5,2400,BX97F,亚历克斯,收货,上架
TaAE15WoWh,白色 品牌05 1500 桌子（工作站）,桌子,品牌05,1500,工作站,白色,8*1*1,8,CR65H,莎拉,收货,上架
OfOGMErWh,白色 品牌07 中号 办公椅（人体工学）,办公椅,品牌07,中号,人体工学,白色,16*1*1,16,BQ17F,约翰,收货,上架
AlRe1716Gr,灰色 品牌14 17英寸 一体机（16吉字节内存）,一体机,品牌14,17英寸,16吉字节内存,灰色,16*1*1,16,CG69D,迈克,收货,上架
LaSu158GSi,银色 品牌11 15英寸 笔记本电脑（8吉字节内存）,笔记本电脑,品牌11,15英寸,8吉字节内存,银色,16*1*1,16,BU94H,艾米丽,收货,上架
DrTE18LoBe,米色 品牌04 1800 抽屉柜（储物锁柜）,抽屉柜,品牌04,1800,储物锁柜,米色,8*1*1,8,CN23G,艾米,收货,上架
KeHc45BlWh,白色 品牌09 450 键盘（蓝牙）,键盘,品牌09,450,蓝牙,白色,16*10*1,160,BJ21G,迈克,收货,上架
TVGn324KBl,黑色 品牌30 32英寸 电视机（超高清）,电视机,品牌30,32英寸,超高清,黑色,8*1*1,8,BH91C,亚历克斯,收货,上架
PrNoA4LaWh,白色 品牌26 四号纸 打印机（激光）,打印机,品牌26,四号纸,激光,白色,16*1*1,16,BQ05C,约翰,收货,上架
TVYn42SFBl,黑色 品牌15 42英寸 电视机（超级全高清）,电视机,品牌15,42英寸,超级全高清,黑色,8*1*1,8,AM21A,艾米丽,收货,上架
PeGi50WaBl,黑色 品牌21 50 铅笔（水彩）,铅笔,品牌21,50,水彩,黑色,48*10*5,2400,DX56A,迈克,收货,上架
MoRe35ErWh,白色 品牌10 350 鼠标（人体工学）,鼠标,品牌10,350,人体工学,白色,16*10*1,160,CQ81B,大卫,收货,上架
AlYn15i7Si,银色 品牌15 15英寸 一体机（第7代处理器）,一体机,品牌15,15英寸,第7代处理器,银色,16*1*1,16,CK43C,莎拉,收货,上架
KePH45BlWh,白色 品牌12 450 键盘（蓝牙）,键盘,品牌12,450,蓝牙,白色,16*10*1,160,AP55D,艾米,收货,上架
LaPH1732Gr,灰色 品牌12 17英寸 笔记本电脑（32吉字节内存）,笔记本电脑,品牌12,17英寸,32吉字节内存,灰色,16*1*1,16,BL45D,艾米丽,收货,上架
DrRG12SlWh,白色 品牌03 1200 抽屉柜（滑动式）,抽屉柜,品牌03,1200,滑动式,白色,8*1*1,8,CX05E,艾米丽,收货,上架
PrNoA4LaMi,混合色 品牌26 四号纸 打印机（激光）,打印机,品牌26,四号纸,激光,混合色,16*1*1,16,DX18G,艾米丽,收货,上架
TVEs50FHWh,白色 品牌32 50英寸 电视机（全高清）,电视机,品牌32,50英寸,全高清,白色,8*1*1,8,CS39H,克里斯,收货,上架
CaQE12FiBl,黑色 品牌01 1200 文件柜（文件收纳）,文件柜,品牌01,1200,文件收纳,黑色,8*1*1,8,DL91C,克里斯,收货,上架
GaSELAdGr,灰色 品牌08 大号 游戏椅（可调节）,游戏椅,品牌08,大号,可调节,灰色,16*1*1,16,AX55A,艾米丽,收货,上架
OfOGMLeGr,灰色 品牌07 中号 办公椅（皮革）,办公椅,品牌07,中号,皮革,灰色,16*1*1,16,AY47H,迈克,收货,上架
TVYn32S4Gr,灰色 品牌15 32英寸 电视机（超级超高清）,电视机,品牌15,32英寸,超级超高清,灰色,8*1*1,8,CV82H,亚历克斯,收货,上架
NoExA3ruWh,白色 品牌16 三号纸 笔记本（横线）,笔记本,品牌16,三号纸,横线,白色,48*10*5,2400,DP68E,艾米,收货,上架
TaCI18AdSi,银色 品牌27 1800 桌子（可调节）,桌子,品牌27,1800,可调节,银色,8*1*1,8,CO60E,艾米,收货,上架
PrSoA2MoWh,白色 品牌25 二号纸 打印机（黑白）,打印机,品牌25,二号纸,黑白,白色,16*1*1,16,DI78D,莎拉,收货,上架
LaYn14i7Gr,灰色 品牌15 14英寸 笔记本电脑（第7代处理器）,笔记本电脑,品牌15,14英寸,第7代处理器,灰色,16*1*1,16,DN92B,约翰,收货,上架
TaTR10AuWh,白色 品牌29 1000 桌子（自动调节）,桌子,品牌29,1000,自动调节,白色,8*1*1,8,AZ97C,莎拉,收货,上架
NoMuA3liBl,黑色 品牌19 三号纸 笔记本（线条）,笔记本,品牌19,三号纸,线条,黑色,48*10*5,2400,DV48D,亚历克斯,收货,上架
TaTR10AuWh,白色 品牌29 1000 桌子（自动调节）,桌子,品牌29,1000,自动调节,白色,8*1*1,8,DM37D,约翰,收货,上架
TVGn75FHGr,灰色 品牌30 75英寸 电视机（全高清）,电视机,品牌30,75英寸,全高清,灰色,8*1*1,8,AI17D,迈克,收货,上架
MoHc35ErWh,白色 品牌09 350 鼠标（人体工学）,鼠标,品牌09,350,人体工学,白色,16*10*1,160,DF60G,克里斯,收货,上架
AlRe1516Wh,白色 品牌14 15英寸 一体机（16吉字节内存）,一体机,品牌14,15英寸,16吉字节内存,白色,16*1*1,16,BT23D,艾米丽,收货,上架
OfAEMErBl,黑色 品牌05 中号 办公椅（人体工学）,办公椅,品牌05,中号,人体工学,黑色,16*1*1,16,AL01B,亚历克斯,收货,上架
TVEs75FHGr,灰色 品牌32 75英寸 电视机（全高清）,电视机,品牌32,75英寸,全高清,灰色,8*1*1,8,AL53D,大卫,收货,上架
AlSu178GBl,黑色 品牌11 17英寸 一体机（8吉字节内存）,一体机,品牌11,17英寸,8吉字节内存,黑色,16*1*1,16,DS11B,克里斯,收货,上架
PrNoA3InWh,白色 品牌26 三号纸 打印机（喷墨）,打印机,品牌26,三号纸,喷墨,白色,16*1*1,16,DZ80D,大卫,收货,上架
LaOv1432Si,银色 品牌13 14英寸 笔记本电脑（32吉字节内存）,笔记本电脑,品牌13,14英寸,32吉字节内存,银色,16*1*1,16,AR79G,约翰,收货,上架
NoScA5doWh,白色 品牌17 五号纸 笔记本（点阵）,笔记本,品牌17,五号纸,点阵,白色,48*10*5,2400,BN77C,约翰,收货,上架
TaTR15FrWh,白色 品牌28 1500 桌子（框架式）,桌子,品牌28,1500,框架式,白色,8*1*1,8,CK27C,亚历克斯,收货,上架
OfAEMLeWh,白色 品牌05 中号 办公椅（皮革）,办公椅,品牌05,中号,皮革,白色,16*1*1,16,BO92E,大卫,收货,上架
PeRe50HeWh,白色 品牌22 50 铅笔（六角形）,铅笔,品牌22,50,六角形,白色,48*10*5,2400,AL87F,莎拉,收货,上架
GaAESAdGr,灰色 品牌05 小号 游戏椅（可调节）,游戏椅,品牌05,小号,可调节,灰色,16*1*1,16,DZ93F,亚历克斯,收货,上架
PrNoA3MoMi,混合色 品牌26 三号纸 打印机（黑白）,打印机,品牌26,三号纸,黑白,混合色,16*1*1,16,AM56E,迈克,收货,上架
DrRG18SlGr,灰色 品牌03 1800 抽屉柜（滑动式）,抽屉柜,品牌03,1800,滑动式,灰色,8*1*1,8,DU86D,艾米,收货,上架
LaYn1532Wh,白色 品牌15 15英寸 笔记本电脑（32吉字节内存）,笔记本电脑,品牌15,15英寸,32吉字节内存,白色,16*1*1,16,DV85D,劳拉,收货,上架
KeRe45WiWh,白色 品牌10 450 键盘（有线）,键盘,品牌10,450,有线,白色,16*10*1,160,CL98A,艾米丽,收货,上架
MoRe45BlNa,藏青色 品牌10 450 鼠标（蓝牙）,鼠标,品牌10,450,蓝牙,藏青色,16*10*1,160,DO22C,简,收货,上架
NoGrA4liGr,灰色 品牌18 四号纸 笔记本（线条）,笔记本,品牌18,四号纸,线条,灰色,48*10*5,2400,AF93A,迈克,收货,上架
OfAELAdPi,粉色 品牌05 大号 办公椅（可调节）,办公椅,品牌05,大号,可调节,粉色,16*1*1,16,AG17A,劳拉,收货,上架
OfOGSHeBl,黑色 品牌07 小号 办公椅（头枕）,办公椅,品牌07,小号,头枕,黑色,16*1*1,16,DZ97B,克里斯,收货,上架
MoSu27MePi,粉色 品牌11 270 鼠标（机械式）,鼠标,品牌11,270,机械式,粉色,16*10*1,160,DM11B,大卫,收货,上架
TVEs42FHBl,黑色 品牌32 42英寸 电视机（全高清）,电视机,品牌32,42英寸,全高清,黑色,8*1*1,8,CU53H,大卫,收货,上架
PeRe12HeWh,白色 品牌22 12 铅笔（六角形）,铅笔,品牌22,12,六角形,白色,48*10*5,2400,CU50H,大卫,收货,上架
TVGL654KWh,白色 品牌31 65英寸 电视机（超高清）,电视机,品牌31,65英寸,超高清,白色,8*1*1,8,AL51A,迈克,收货,上架
OfOGLLeWh,白色 品牌07 大号 办公椅（皮革）,办公椅,品牌07,大号,皮革,白色,16*1*1,16,AO97A,艾米丽,收货,上架
CaQE18DoBl,黑色 品牌01 1800 文件柜（带门式）,文件柜,品牌01,1800,带门式,黑色,8*1*1,8,AF75D,艾米,收货,上架
TVYn654KSi,银色 品牌15 65英寸 电视机（超高清）,电视机,品牌15,65英寸,超高清,银色,8*1*1,8,BN35C,莎拉,收货,上架
AlSu14i5Gr,灰色 品牌11 14英寸 一体机（第5代处理器）,一体机,品牌11,14英寸,第5代处理器,灰色,16*1*1,16,CT53C,艾米,收货,上架
AlOv148GSi,银色 品牌13 14英寸 一体机（8吉字节内存）,一体机,品牌13,14英寸,8吉字节内存,银色,16*1*1,16,DV11D,克里斯,收货,上架
PrReA4InMi,混合色 品牌24 四号纸 打印机（喷墨）,打印机,品牌24,四号纸,喷墨,混合色,16*1*1,16,BW43C,亚历克斯,收货,上架
NoExA3ruBl,黑色 品牌16 三号纸 笔记本（横线）,笔记本,品牌16,三号纸,横线,黑色,48*10*5,2400,CO34F,艾米丽,收货,上架
PeNa12HeWh,白色 品牌23 12 铅笔（六角形）,铅笔,品牌23,12,六角形,白色,48*10*5,2400,DW27F,约翰,收货,上架
LaSu1416Wh,白色 品牌11 14英寸 笔记本电脑（16吉字节内存）,笔记本电脑,品牌11,14英寸,16吉字节内存,白色,16*1*1,16,AZ87C,艾米丽,收货,上架
PrNoA4InBl,黑色 品牌26 四号纸 打印机（喷墨）,打印机,品牌26,四号纸,喷墨,黑色,16*1*1,16,DY75H,克里斯,收货,上架
OfSESHeBl,黑色 品牌08 小号 办公椅（头枕）,办公椅,品牌08,小号,头枕,黑色,16*1*1,16,CZ75F,迈克,收货,上架
AlOv15i5Si,银色 品牌13 15英寸 一体机（第5代处理器）,一体机,品牌13,15英寸,第5代处理器,银色,16*1*1,16,CO11F,约翰,收货,上架
MoHc27BlNa,藏青色 品牌09 270 鼠标（蓝牙）,鼠标,品牌09,270,蓝牙,藏青色,16*10*1,160,AW14F,劳拉,收货,上架
TVGn654KGr,灰色 品牌30 65英寸 电视机（超高清）,电视机,品牌30,65英寸,超高清,灰色,8*1*1,8,AT74B,大卫,收货,上架
MoSu27WiNa,藏青色 品牌11 270 鼠标（有线）,鼠标,品牌11,270,有线,藏青色,16*10*1,160,AV27F,莎拉,收货,上架
LaPH1416Gr,灰色 品牌12 14英寸 笔记本电脑（16吉字节内存）,笔记本电脑,品牌12,14英寸,16吉字节内存,灰色,16*1*1,16,DO88E,亚历克斯,收货,上架
MoHc27WiWh,白色 品牌09 270 鼠标（有线）,鼠标,品牌09,270,有线,白色,16*10*1,160,CO31H,约翰,收货,上架
CuRG12DoBl,黑色 品牌03 1200 储物柜（带门式）,储物柜,品牌03,1200,带门式,黑色,8*1*1,8,DZ47F,克里斯,收货,上架
GaSESLeGr,灰色 品牌08 小号 游戏椅（皮革）,游戏椅,品牌08,小号,皮革,灰色,16*1*1,16,BF36E,莎拉,收货,上架
NoScA4ruGr,灰色 品牌17 四号纸 笔记本（横线）,笔记本,品牌17,四号纸,横线,灰色,48*10*5,2400,BP73B,简,收货,上架
AlSu14i7Gr,灰色 品牌11 14英寸 一体机（第7代处理器）,一体机,品牌11,14英寸,第7代处理器,灰色,16*1*1,16,CV49D,艾米丽,收货,上架
CuQE18LoBe,米色 品牌01 1800 储物柜（储物锁柜）,储物柜,品牌01,1800,储物锁柜,米色,8*1*1,8,AU41A,劳拉,收货,上架
PeNa50HeWh,白色 品牌23 50 铅笔（六角形）,铅笔,品牌23,50,六角形,白色,48*10*5,2400,DT65D,亚历克斯,收货,上架
OfSELHeGr,灰色 品牌08 大号 办公椅（头枕）,办公椅,品牌08,大号,头枕,灰色,16*1*1,16,AP76H,艾米,收货,上架
NoMuA5ruWh,白色 品牌19 五号纸 笔记本（横线）,笔记本,品牌19,五号纸,横线,白色,48*10*5,2400,CO93G,艾米,收货,上架
CuRG12DoGr,灰色 品牌03 1200 储物柜（带门式）,储物柜,品牌03,1200,带门式,灰色,8*1*1,8,AZ53A,约翰,收货,上架
SPNa12SoWh,白色 品牌23 12 触控笔（可溶性）,触控笔,品牌23,12,可溶性,白色,48*10*5,2400,BU91F,亚历克斯,收货,上架
NoExA5ruSi,银色 品牌16 五号纸 笔记本（横线）,笔记本,品牌16,五号纸,横线,银色,48*10*5,2400,AS66G,劳拉,收货,上架
TaTR18FrGr,灰色 品牌29 1800 桌子（框架式）,桌子,品牌29,1800,框架式,灰色,8*1*1,8,BP18D,亚历克斯,收货,上架
PeNa24WaWh,白色 品牌23 24 铅笔（水彩）,铅笔,品牌23,24,水彩,白色,48*10*5,2400,DI71B,约翰,收货,上架
CaRG90SlBe,米色 品牌03 900 文件柜（滑动式）,文件柜,品牌03,900,滑动式,米色,8*1*1,8,CR19H,亚历克斯,收货,上架
PrPHA4MoBl,黑色 品牌12 四号纸 打印机（黑白）,打印机,品牌12,四号纸,黑白,黑色,16*1*1,16,DU39C,迈克,收货,上架
LaOv1516Gr,灰色 品牌13 15英寸 笔记本电脑（16吉字节内存）,笔记本电脑,品牌13,15英寸,16吉字节内存,灰色,16*1*1,16,AK02B,简,收货,上架
MoPH35MePi,粉色 品牌12 350 鼠标（机械式）,鼠标,品牌12,350,机械式,粉色,16*10*1,160,CO13H,艾米丽,收货,上架
MoPH27BlNa,藏青色 品牌12 270 鼠标（蓝牙）,鼠标,品牌12,270,蓝牙,藏青色,16*10*1,160,BN28D,亚历克斯,收货,上架
DrWE12SlBl,黑色 品牌02 1200 抽屉柜（滑动式）,抽屉柜,品牌02,1200,滑动式,黑色,8*1*1,8,BF33H,艾米丽,收货,上架
PeNa50SoWh,白色 品牌23 50 铅笔（可溶性）,铅笔,品牌23,50,可溶性,白色,48*10*5,2400,CJ07C,简,收货,上架
TVGL50S4Bl,黑色 品牌31 50英寸 电视机（超级超高清）,电视机,品牌31,50英寸,超级超高清,黑色,8*1*1,8,AY79B,克里斯,收货,上架
TVGL424KBl,黑色 品牌31 42英寸 电视机（超高清）,电视机,品牌31,42英寸,超高清,黑色,8*1*1,8,DT04D,艾米丽,收货,上架
TVYn65SFWh,白色 品牌15 65英寸 电视机（超级全高清）,电视机,品牌15,65英寸,超级全高清,白色,8*1*1,8,CF08C,大卫,收货,上架
GaAELLeGr,灰色 品牌05 大号 游戏椅（皮革）,游戏椅,品牌05,大号,皮革,灰色,16*1*1,16,CM96E,简,收货,上架
OfOGMErBl,黑色 品牌07 中号 办公椅（人体工学）,办公椅,品牌07,中号,人体工学,黑色,16*1*1,16,CN60G,迈克,收货,上架
NoScA3doGr,灰色 品牌17 三号纸 笔记本（点阵）,笔记本,品牌17,三号纸,点阵,灰色,48*10*5,2400,DG22B,简,收货,上架
AlSu17i5Wh,白色 品牌11 17英寸 一体机（第5代处理器）,一体机,品牌11,17英寸,第5代处理器,白色,16*1*1,16,DI70A,克里斯,收货,上架
AlYn1416Si,银色 品牌15 14英寸 一体机（16吉字节内存）,一体机,品牌15,14英寸,16吉字节内存,银色,16*1*1,16,DO83D,艾米丽,收货,上架
KeSu45WiWh,白色 品牌11 450 键盘（有线）,键盘,品牌11,450,有线,白色,16*10*1,160,DK59H,亚历克斯,收货,上架
AlYn1532Si,银色 品牌15 15英寸 一体机（32吉字节内存）,一体机,品牌15,15英寸,32吉字节内存,银色,16*1*1,16,CS72F,简,收货,上架
OfOGLAdBl,黑色 品牌07 大号 办公椅（可调节）,办公椅,品牌07,大号,可调节,黑色,16*1*1,16,DK42A,亚历克斯,收货,上架
SPRe12SoGr,灰色 品牌22 12 触控笔（可溶性）,触控笔,品牌22,12,可溶性,灰色,48*10*5,2400,DZ19H,简,收货,上架
DrWE12LoGr,灰色 品牌02 1200 抽屉柜（储物锁柜）,抽屉柜,品牌02,1200,储物锁柜,灰色,8*1*1,8,DW23G,克里斯,收货,上架
LaRe15i5Wh,白色 品牌14 15英寸 笔记本电脑（第5代处理器）,笔记本电脑,品牌14,15英寸,第5代处理器,白色,16*1*1,16,AS12C,大卫,收货,上架
CuTE18DoBe,米色 品牌04 1800 储物柜（带门式）,储物柜,品牌04,1800,带门式,米色,8*1*1,8,CS66H,约翰,收货,上架
PeAl24SoGr,灰色 品牌20 24 铅笔（可溶性）,铅笔,品牌20,24,可溶性,灰色,48*10*5,2400,BN41A,简,收货,上架
LaPH1532Gr,灰色 品牌12 15英寸 笔记本电脑（32吉字节内存）,笔记本电脑,品牌12,15英寸,32吉字节内存,灰色,16*1*1,16,CM31E,简,收货,上架
GaAEMAdWh,白色 品牌05 中号 游戏椅（可调节）,游戏椅,品牌05,中号,可调节,白色,16*1*1,16,AO10D,劳拉,收货,上架
KeRe27WiBl,黑色 品牌10 270 键盘（有线）,键盘,品牌10,270,有线,黑色,16*10*1,160,AN88C,大卫,收货,上架
GaSEMErPi,粉色 品牌08 中号 游戏椅（人体工学）,游戏椅,品牌08,中号,人体工学,粉色,16*1*1,16,CP39E,大卫,收货,上架
TVYn50S4Si,银色 品牌15 50英寸 电视机（超级超高清）,电视机,品牌15,50英寸,超级超高清,银色,8*1*1,8,BL79B,劳拉,收货,上架
CuQE18DoGr,灰色 品牌01 1800 储物柜（带门式）,储物柜,品牌01,1800,带门式,灰色,8*1*1,8,BR58F,劳拉,收货,上架
PeAl50SoGr,灰色 品牌20 50 铅笔（可溶性）,铅笔,品牌20,50,可溶性,灰色,48*10*5,2400,AR29B,莎拉,收货,上架
AlRe148GWh,白色 品牌14 14英寸 一体机（8吉字节内存）,一体机,品牌14,14英寸,8吉字节内存,白色,16*1*1,16,AS90A,大卫,收货,上架
AlOv15i7Bl,黑色 品牌13 15英寸 一体机（第7代处理器）,一体机,品牌13,15英寸,第7代处理器,黑色,16*1*1,16,DT23A,艾米,收货,上架
TVEs75FHGr,灰色 品牌32 75英寸 电视机（全高清）,电视机,品牌32,75英寸,全高清,灰色,8*1*1,8,DL22D,克里斯,收货,上架
GaOGMHeGr,灰色 品牌07 中号 游戏椅（头枕）,游戏椅,品牌07,中号,头枕,灰色,16*1*1,16,CQ85D,迈克,收货,上架
PeGi24SoBl,黑色 品牌21 24 铅笔（可溶性）,铅笔,品牌21,24,可溶性,黑色,48*10*5,2400,AO24C,克里斯,收货,上架
AlOv148GSi,银色 品牌13 14英寸 一体机（8吉字节内存）,一体机,品牌13,14英寸,8吉字节内存,银色,16*1*1,16,AS07H,约翰,收货,上架
AlOv14i7Gr,灰色 品牌13 14英寸 一体机（第7代处理器）,一体机,品牌13,14英寸,第7代处理器,灰色,16*1*1,16,CM36A,迈克,收货,上架
CaRG18LoWh,白色 品牌03 1800 文件柜（储物锁柜）,文件柜,品牌03,1800,储物锁柜,白色,8*1*1,8,CS77C,大卫,收货,上架
KeHc35MeNa,藏青色 品牌09 350 键盘（机械式）,键盘,品牌09,350,机械式,藏青色,16*10*1,160,DR82E,迈克,收货,上架
NoMuA3ruBl,黑色 品牌19 三号纸 笔记本（横线）,笔记本,品牌19,三号纸,横线,黑色,48*10*5,2400,DY50H,简,收货,上架
PrSoA3AlGr,灰色 品牌25 三号纸 打印机（一体式）,打印机,品牌25,三号纸,一体式,灰色,16*1*1,16,DR06B,约翰,收货,上架
TVGL75S4Si,银色 品牌31 75英寸 电视机（超级超高清）,电视机,品牌31,75英寸,超级超高清,银色,8*1*1,8,AF45E,简,收货,上架
GaAESAdGr,灰色 品牌05 小号 游戏椅（可调节）,游戏椅,品牌05,小号,可调节,灰色,16*1*1,16,CM69A,亚历克斯,收货,上架
TaCI10AdBl,黑色 品牌27 1000 桌子（可调节）,桌子,品牌27,1000,可调节,黑色,8*1*1,8,BS64G,艾米丽,收货,上架
AlOv148GWh,白色 品牌13 14英寸 一体机（8吉字节内存）,一体机,品牌13,14英寸,8吉字节内存,白色,16*1*1,16,CQ22A,约翰,收货,上架
MoPH45MeBl,黑色 品牌12 450 鼠标（机械式）,鼠标,品牌12,450,机械式,黑色,16*10*1,160,DK67B,简,收货,上架
LaRe148GWh,白色 品牌14 14英寸 笔记本电脑（8吉字节内存）,笔记本电脑,品牌14,14英寸,8吉字节内存,白色,16*1*1,16,BK75H,约翰,收货,上架
LaPH15i5Gr,灰色 品牌12 15英寸 笔记本电脑（第5代处理器）,笔记本电脑,品牌12,15英寸,第5代处理器,灰色,16*1*1,16,CW75E,莎拉,收货,上架
SPAl12WaPi,粉色 品牌20 12 触控笔（水彩）,触控笔,品牌20,12,水彩,粉色,48*10*5,2400,AF11B,简,收货,上架
SPNa24SoBl,黑色 品牌23 24 触控笔（可溶性）,触控笔,品牌23,24,可溶性,黑色,48*10*5,2400,AX01C,劳拉,收货,上架
TVEs65S4Bl,黑色 品牌32 65英寸 电视机（超级超高清）,电视机,品牌32,65英寸,超级超高清,黑色,8*1*1,8,AI48A,约翰,收货,上架
MoHc27BlNa,藏青色 品牌09 270 鼠标（蓝牙）,鼠标,品牌09,270,蓝牙,藏青色,16*10*1,160,CO31D,莎拉,收货,上架
CuRG18LoGr,灰色 品牌03 1800 储物柜（储物锁柜）,储物柜,品牌03,1800,储物锁柜,灰色,8*1*1,8,AQ07A,简,收货,上架
KeRe45BlNa,藏青色 品牌10 450 键盘（蓝牙）,键盘,品牌10,450,蓝牙,藏青色,16*10*1,160,BX33A,迈克,收货,上架
AlOv1432Bl,黑色 品牌13 14英寸 一体机（32吉字节内存）,一体机,品牌13,14英寸,32吉字节内存,黑色,16*1*1,16,BN73A,艾米丽,收货,上架
GaAELHeBl,黑色 品牌05 大号 游戏椅（头枕）,游戏椅,品牌05,大号,头枕,黑色,16*1*1,16,CF74G,艾米,收货,上架
LaOv148GSi,银色 品牌13 14英寸 笔记本电脑（8吉字节内存）,笔记本电脑,品牌13,14英寸,8吉字节内存,银色,16*1*1,16,DJ59A,艾米,收货,上架
AlSu14i5Si,银色 品牌11 14英寸 一体机（第5代处理器）,一体机,品牌11,14英寸,第5代处理器,银色,16*1*1,16,CO82C,约翰,收货,上架
TaTR15WoWh,白色 品牌29 1500 桌子（工作站）,桌子,品牌29,1500,工作站,白色,8*1*1,8,BQ44G,劳拉,收货,上架
LaSu178GSi,银色 品牌11 17英寸 笔记本电脑（8吉字节内存）,笔记本电脑,品牌11,17英寸,8吉字节内存,银色,16*1*1,16,CS04G,艾米,收货,上架
KeHc35ErWh,白色 品牌09 350 键盘（人体工学）,键盘,品牌09,350,人体工学,白色,16*10*1,160,DF88C,艾米,收货,上架
DrTE12DoBe,米色 品牌04 1200 抽屉柜（带门式）,抽屉柜,品牌04,1200,带门式,米色,8*1*1,8,DQ94E,大卫,收货,上架
LaOv1516Wh,白色 品牌13 15英寸 笔记本电脑（16吉字节内存）,笔记本电脑,品牌13,15英寸,16吉字节内存,白色,16*1*1,16,AT27B,简,收货,上架
PeAl50HeBl,黑色 品牌20 50 铅笔（六角形）,铅笔,品牌20,50,六角形,黑色,48*10*5,2400,AZ89G,约翰,收货,上架
TVGn424KBl,黑色 品牌30 42英寸 电视机（超高清）,电视机,品牌30,42英寸,超高清,黑色,8*1*1,8,AL45C,大卫,收货,上架
NoMuA4ruSi,银色 品牌19 四号纸 笔记本（横线）,笔记本,品牌19,四号纸,横线,银色,48*10*5,2400,CO32B,约翰,收货,上架
AlRe14i5Si,银色 品牌14 14英寸 一体机（第5代处理器）,一体机,品牌14,14英寸,第5代处理器,银色,16*1*1,16,CV29A,简,收货,上架
PrPHA4LaGr,灰色 品牌12 四号纸 打印机（激光）,打印机,品牌12,四号纸,激光,灰色,16*1*1,16,BS97B,简,收货,上架
PrReA3AlBl,黑色 品牌24 三号纸 打印机（一体式）,打印机,品牌24,三号纸,一体式,黑色,16*1*1,16,BI56G,迈克,收货,上架
TaTR18WoSi,银色 品牌28 1800 桌子（工作站）,桌子,品牌28,1800,工作站,银色,8*1*1,8,CH48F,约翰,收货,上架
LaRe15i5Bl,黑色 品牌14 15英寸 笔记本电脑（第5代处理器）,笔记本电脑,品牌14,15英寸,第5代处理器,黑色,16*1*1,16,DT77B,迈克,收货,上架
PrPHA3InWh,白色 品牌12 三号纸 打印机（喷墨）,打印机,品牌12,三号纸,喷墨,白色,16*1*1,16,CJ90D,艾米,收货,上架
LaSu17i5Si,银色 品牌11 17英寸 笔记本电脑（第5代处理器）,笔记本电脑,品牌11,17英寸,第5代处理器,银色,16*1*1,16,CW45D,克里斯,收货,上架
AlRe14i7Bl,黑色 品牌14 14英寸 一体机（第7代处理器）,一体机,品牌14,14英寸,第7代处理器,黑色,16*1*1,16,AP49E,简,收货,上架
MoPH35MeBl,黑色 品牌12 350 鼠标（机械式）,鼠标,品牌12,350,机械式,黑色,16*10*1,160,DN04A,艾米丽,收货,上架
LaOv14i5Gr,灰色 品牌13 14英寸 笔记本电脑（第5代处理器）,笔记本电脑,品牌13,14英寸,第5代处理器,灰色,16*1*1,16,BU66C,简,收货,上架
SPAl24WaBl,黑色 品牌20 24 触控笔（水彩）,触控笔,品牌20,24,水彩,黑色,48*10*5,2400,BU68A,劳拉,收货,上架
KeHc45BlNa,藏青色 品牌09 450 键盘（蓝牙）,键盘,品牌09,450,蓝牙,藏青色,16*10*1,160,AT95A,艾米丽,收货,上架
GaAESAdPi,粉色 品牌05 小号 游戏椅（可调节）,游戏椅,品牌05,小号,可调节,粉色,16*1*1,16,AY65H,迈克,收货,上架
CaRG90DoGr,灰色 品牌03 900 文件柜（带门式）,文件柜,品牌03,900,带门式,灰色,8*1*1,8,AX01F,艾米丽,收货,上架
CuQE12SlBl,黑色 品牌01 1200 储物柜（滑动式）,储物柜,品牌01,1200,滑动式,黑色,8*1*1,8,BR93A,迈克,收货,上架
TVYn65SFWh,白色 品牌15 65英寸 电视机（超级全高清）,电视机,品牌15,65英寸,超级全高清,白色,8*1*1,8,AN48E,艾米,收货,上架
GaSELAdWh,白色 品牌08 大号 游戏椅（可调节）,游戏椅,品牌08,大号,可调节,白色,16*1*1,16,DM94E,迈克,收货,上架
TVGL42SFWh,白色 品牌31 42英寸 电视机（超级全高清）,电视机,品牌31,42英寸,超级全高清,白色,8*1*1,8,AY95G,莎拉,收货,上架
GaAELAdBl,黑色 品牌05 大号 游戏椅（可调节）,游戏椅,品牌05,大号,可调节,黑色,16*1*1,16,BK56A,莎拉,收货,上架
TaTR18WoSi,银色 品牌29 1800 桌子（工作站）,桌子,品牌29,1800,工作站,银色,8*1*1,8,CR55A,艾米,收货,上架
PrPHA3InBl,黑色 品牌12 三号纸 打印机（喷墨）,打印机,品牌12,三号纸,喷墨,黑色,16*1*1,16,CS45B,亚历克斯,收货,上架
NoExA4doGr,灰色 品牌16 四号纸 笔记本（点阵）,笔记本,品牌16,四号纸,点阵,灰色,48*10*5,2400,DV17G,莎拉,收货,上架
KeRe27BlWh,白色 品牌10 270 键盘（蓝牙）,键盘,品牌10,270,蓝牙,白色,16*10*1,160,AK43C,大卫,收货,上架
KeHc27ErWh,白色 品牌09 270 键盘（人体工学）,键盘,品牌09,270,人体工学,白色,16*10*1,160,DU17G,莎拉,收货,上架
GaAESErBl,黑色 品牌05 小号 游戏椅（人体工学）,游戏椅,品牌05,小号,人体工学,黑色,16*1*1,16,BM78H,艾米丽,收货,上架
KeSu27BlNa,藏青色 品牌11 270 键盘（蓝牙）,键盘,品牌11,270,蓝牙,藏青色,16*10*1,160,AU61G,亚历克斯,收货,上架
DrWE12SlWh,白色 品牌02 1200 抽屉柜（滑动式）,抽屉柜,品牌02,1200,滑动式,白色,8*1*1,8,CT33B,简,收货,上架
LaOv1432Si,银色 品牌13 14英寸 笔记本电脑（32吉字节内存）,笔记本电脑,品牌13,14英寸,32吉字节内存,银色,16*1*1,16,BP38G,艾米,收货,上架
LaYn1732Si,银色 品牌15 17英寸 笔记本电脑（32吉字节内存）,笔记本电脑,品牌15,17英寸,32吉字节内存,银色,16*1*1,16,DF74E,亚历克斯,收货,上架
CaTE12DoGr,灰色 品牌04 1200 文件柜（带门式）,文件柜,品牌04,1200,带门式,灰色,8*1*1,8,DN44B,克里斯,收货,上架
AlRe14i5Si,银色 品牌14 14英寸 一体机（第5代处理器）,一体机,品牌14,14英寸,第5代处理器,银色,16*1*1,16,DL47F,约翰,收货,上架
LaRe15i7Si,银色 品牌14 15英寸 笔记本电脑（第7代处理器）,笔记本电脑,品牌14,15英寸,第7代处理器,银色,16*1*1,16,DO30A,莎拉,收货,上架
DrWE12LoWh,白色 品牌02 1200 抽屉柜（储物锁柜）,抽屉柜,品牌02,1200,储物锁柜,白色,8*1*1,8,CR52H,迈克,收货,上架
SPRe50SoPi,粉色 品牌22 50 触控笔（可溶性）,触控笔,品牌22,50,可溶性,粉色,48*10*5,2400,BX44E,劳拉,收货,上架
CaTE12DoGr,灰色 品牌04 1200 文件柜（带门式）,文件柜,品牌04,1200,带门式,灰色,8*1*1,8,AL10G,约翰,收货,上架
AlPH178GBl,黑色 品牌12 17英寸 一体机（8吉字节内存）,一体机,品牌12,17英寸,8吉字节内存,黑色,16*1*1,16,AW37C,简,收货,上架
TVYn42S4Wh,白色 品牌15 42英寸 电视机（超级超高清）,电视机,品牌15,42英寸,超级超高清,白色,8*1*1,8,CG55C,简,收货,上架
DrWE12SlBe,米色 品牌02 1200 抽屉柜（滑动式）,抽屉柜,品牌02,1200,滑动式,米色,8*1*1,8,DQ15C,克里斯,收货,上架
CuRG12DoWh,白色 品牌03 1200 储物柜（带门式）,储物柜,品牌03,1200,带门式,白色,8*1*1,8,CV23B,莎拉,收货,上架
PrNoA2MoMi,混合色 品牌26 二号纸 打印机（黑白）,打印机,品牌26,二号纸,黑白,混合色,16*1*1,16,AF79A,艾米丽,收货,上架
OfAEMAdGr,灰色 品牌05 中号 办公椅（可调节）,办公椅,品牌05,中号,可调节,灰色,16*1*1,16,DN47H,亚历克斯,收货,上架
LaYn14i7Bl,黑色 品牌15 14英寸 笔记本电脑（第7代处理器）,笔记本电脑,品牌15,14英寸,第7代处理器,黑色,16*1*1,16,BK77F,亚历克斯,收货,上架
GaOGLHeBl,黑色 品牌07 大号 游戏椅（头枕）,游戏椅,品牌07,大号,头枕,黑色,16*1*1,16,CG52B,莎拉,收货,上架
TVGL42SFSi,银色 品牌31 42英寸 电视机（超级全高清）,电视机,品牌31,42英寸,超级全高清,银色,8*1*1,8,CX06H,艾米丽,收货,上架
PrReA3LaGr,灰色 品牌24 三号纸 打印机（激光）,打印机,品牌24,三号纸,激光,灰色,16*1*1,16,CS16A,简,收货,上架
PeGi12WaWh,白色 品牌21 12 铅笔（水彩）,铅笔,品牌21,12,水彩,白色,48*10*5,2400,CW45G,艾米,收货,上架
TVYn65SFGr,灰色 品牌15 65英寸 电视机（超级全高清）,电视机,品牌15,65英寸,超级全高清,灰色,8*1*1,8,BX71B,艾米,收货,上架
CuRG90FiWh,白色 品牌03 900 储物柜（文件收纳）,储物柜,品牌03,900,文件收纳,白色,8*1*1,8,CH68F,艾米丽,收货,上架
AlYn1432Bl,黑色 品牌15 14英寸 一体机（32吉字节内存）,一体机,品牌15,14英寸,32吉字节内存,黑色,16*1*1,16,CX84B,艾米丽,收货,上架
TaTR18FrBl,黑色 品牌28 1800 桌子（框架式）,桌子,品牌28,1800,框架式,黑色,8*1*1,8,DI95G,大卫,收货,上架
AlSu158GBl,黑色 品牌11 15英寸 一体机（8吉字节内存）,一体机,品牌11,15英寸,8吉字节内存,黑色,16*1*1,16,CM78B,克里斯,收货,上架
CuQE90FiBl,黑色 品牌01 900 储物柜（文件收纳）,储物柜,品牌01,900,文件收纳,黑色,8*1*1,8,BH91G,艾米,收货,上架
CaWE90SlBe,米色 品牌02 900 文件柜（滑动式）,文件柜,品牌02,900,滑动式,米色,8*1*1,8,AW87A,艾米,收货,上架
TVGL50S4Si,银色 品牌31 50英寸 电视机（超级超高清）,电视机,品牌31,50英寸,超级超高清,银色,8*1*1,8,BG31E,莎拉,收货,上架
LaSu17i5Wh,白色 品牌11 17英寸 笔记本电脑（第5代处理器）,笔记本电脑,品牌11,17英寸,第5代处理器,白色,16*1*1,16,CK60C,大卫,收货,上架
PrSoA3MoWh,白色 品牌25 三号纸 打印机（黑白）,打印机,品牌25,三号纸,黑白,白色,16*1*1,16,BM05G,克里斯,收货,上架
LaPH158GGr,灰色 品牌12 15英寸 笔记本电脑（8吉字节内存）,笔记本电脑,品牌12,15英寸,8吉字节内存,灰色,16*1*1,16,BR32A,劳拉,收货,上架
OfOGMErWh,白色 品牌07 中号 办公椅（人体工学）,办公椅,品牌07,中号,人体工学,白色,16*1*1,16,DU37B,大卫,收货,上架
GaXEMErPi,粉色 品牌06 中号 游戏椅（人体工学）,游戏椅,品牌06,中号,人体工学,粉色,16*1*1,16,AY75G,艾米,收货,上架
AlSu1732Si,银色 品牌11 17英寸 一体机（32吉字节内存）,一体机,品牌11,17英寸,32吉字节内存,银色,16*1*1,16,BG21G,克里斯,收货,上架
AlSu1432Bl,黑色 品牌11 14英寸 一体机（32吉字节内存）,一体机,品牌11,14英寸,32吉字节内存,黑色,16*1*1,16,CS66C,简,收货,上架
OfOGLErBl,黑色 品牌07 大号 办公椅（人体工学）,办公椅,品牌07,大号,人体工学,黑色,16*1*1,16,CJ59E,艾米,收货,上架
MoRe27ErPi,粉色 品牌10 270 鼠标（人体工学）,鼠标,品牌10,270,人体工学,粉色,16*10*1,160,BV04A,劳拉,收货,上架
CaWE18DoGr,灰色 品牌02 1800 文件柜（带门式）,文件柜,品牌02,1800,带门式,灰色,8*1*1,8,DY32B,劳拉,收货,上架
AlYn1716Bl,黑色 品牌15 17英寸 一体机（16吉字节内存）,一体机,品牌15,17英寸,16吉字节内存,黑色,16*1*1,16,AP16B,大卫,收货,上架
PrSoA3InMi,混合色 品牌25 三号纸 打印机（喷墨）,打印机,品牌25,三号纸,喷墨,混合色,16*1*1,16,BM75F,艾米丽,收货,上架
OfAESAdBl,黑色 品牌05 小号 办公椅（可调节）,办公椅,品牌05,小号,可调节,黑色,16*1*1,16,AV72B,劳拉,收货,上架
PrNoA4MoWh,白色 品牌26 四号纸 打印机（黑白）,打印机,品牌26,四号纸,黑白,白色,16*1*1,16,BV60G,克里斯,收货,上架
CuTE12LoWh,白色 品牌04 1200 储物柜（储物锁柜）,储物柜,品牌04,1200,储物锁柜,白色,8*1*1,8,AW16E,大卫,收货,上架
DrQE90DoWh,白色 品牌01 900 抽屉柜（带门式）,抽屉柜,品牌01,900,带门式,白色,8*1*1,8,BN62C,简,收货,上架
KePH27MeBl,黑色 品牌12 270 键盘（机械式）,键盘,品牌12,270,机械式,黑色,16*10*1,160,BF61E,简,收货,上架
TaTR15FrBl,黑色 品牌28 1500 桌子（框架式）,桌子,品牌28,1500,框架式,黑色,8*1*1,8,DY26H,简,收货,上架
KeSu35ErNa,藏青色 品牌11 350 键盘（人体工学）,键盘,品牌11,350,人体工学,藏青色,16*10*1,160,AZ49E,约翰,收货,上架
AlYn14i5Bl,黑色 品牌15 14英寸 一体机（第5代处理器）,一体机,品牌15,14英寸,第5代处理器,黑色,16*1*1,16,DY95G,克里斯,收货,上架
CaWE18DoWh,白色 品牌02 1800 文件柜（带门式）,文件柜,品牌02,1800,带门式,白色,8*1*1,8,AP57F,约翰,收货,上架
TVEs32FHBl,黑色 品牌32 32英寸 电视机（全高清）,电视机,品牌32,32英寸,全高清,黑色,8*1*1,8,AH87F,艾米丽,收货,上架
TVEs32S4Si,银色 品牌32 32英寸 电视机（超级超高清）,电视机,品牌32,32英寸,超级超高清,银色,8*1*1,8,AG31B,艾米,收货,上架
CuTE90FiWh,白色 品牌04 900 储物柜（文件收纳）,储物柜,品牌04,900,文件收纳,白色,8*1*1,8,AF90D,艾米,收货,上架
KeRe45MeNa,藏青色 品牌10 450 键盘（机械式）,键盘,品牌10,450,机械式,藏青色,16*10*1,160,AQ49E,艾米,收货,上架
AlPH158GSi,银色 品牌12 15英寸 一体机（8吉字节内存）,一体机,品牌12,15英寸,8吉字节内存,银色,16*1*1,16,CL35B,劳拉,收货,上架
TaAE18FrBl,黑色 品牌05 1800 桌子（框架式）,桌子,品牌05,1800,框架式,黑色,8*1*1,8,CR14B,劳拉,收货,上架
MoHc45ErWh,白色 品牌09 450 鼠标（人体工学）,鼠标,品牌09,450,人体工学,白色,16*10*1,160,CH02C,约翰,收货,上架
TVGL42FHWh,白色 品牌31 42英寸 电视机（全高清）,电视机,品牌31,42英寸,全高清,白色,8*1*1,8,DG83F,迈克,收货,上架
KeRe45MePi,粉色 品牌10 450 键盘（机械式）,键盘,品牌10,450,机械式,粉色,16*10*1,160,BX78D,亚历克斯,收货,上架
SPNa12WaWh,白色 品牌23 12 触控笔（水彩）,触控笔,品牌23,12,水彩,白色,48*10*5,2400,BV88H,迈克,收货,上架
DrQE18SlBe,米色 品牌01 1800 抽屉柜（滑动式）,抽屉柜,品牌01,1800,滑动式,米色,8*1*1,8,CR98G,迈克,收货,上架
TVGL50SFWh,白色 品牌31 50英寸 电视机（超级全高清）,电视机,品牌31,50英寸,超级全高清,白色,8*1*1,8,BF01E,亚历克斯,收货,上架
NoGrA3ruBl,黑色 品牌18 三号纸 笔记本（横线）,笔记本,品牌18,三号纸,横线,黑色,48*10*5,2400,DS53G,莎拉,收货,上架
LaPH15i7Wh,白色 品牌12 15英寸 笔记本电脑（第7代处理器）,笔记本电脑,品牌12,15英寸,第7代处理器,白色,16*1*1,16,CV71D,迈克,收货,上架
MoHc27BlWh,白色 品牌09 270 鼠标（蓝牙）,鼠标,品牌09,270,蓝牙,白色,16*10*1,160,AW83E,简,收货,上架
GaAEMLeBl,黑色 品牌05 中号 游戏椅（皮革）,游戏椅,品牌05,中号,皮革,黑色,16*1*1,16,CG50E,约翰,收货,上架
GaAESHeBl,黑色 品牌05 小号 游戏椅（头枕）,游戏椅,品牌05,小号,头枕,黑色,16*1*1,16,BI10A,迈克,收货,上架
CuRG12SlGr,灰色 品牌03 1200 储物柜（滑动式）,储物柜,品牌03,1200,滑动式,灰色,8*1*1,8,AK51A,迈克,收货,上架
LaSu14i5Bl,黑色 品牌11 14英寸 笔记本电脑（第5代处理器）,笔记本电脑,品牌11,14英寸,第5代处理器,黑色,16*1*1,16,BN10C,约翰,收货,上架
GaOGMLeGr,灰色 品牌07 中号 游戏椅（皮革）,游戏椅,品牌07,中号,皮革,灰色,16*1*1,16,AS35C,莎拉,收货,上架
AlOv178GBl,黑色 品牌13 17英寸 一体机（8吉字节内存）,一体机,品牌13,17英寸,8吉字节内存,黑色,16*1*1,16,AG31C,亚历克斯,收货,上架
MoHc27MeWh,白色 品牌09 270 鼠标（机械式）,鼠标,品牌09,270,机械式,白色,16*10*1,160,CS90G,亚历克斯,收货,上架
NoMuA3liBl,黑色 品牌19 三号纸 笔记本（线条）,笔记本,品牌19,三号纸,线条,黑色,48*10*5,2400,BO73A,简,收货,上架
OfOGMAdGr,灰色 品牌07 中号 办公椅（可调节）,办公椅,品牌07,中号,可调节,灰色,16*1*1,16,AX88E,简,收货,上架
TVGL65S4Wh,白色 品牌31 65英寸 电视机（超级超高清）,电视机,品牌31,65英寸,超级超高清,白色,8*1*1,8,AX24A,简,收货,上架
SPAl24HeGr,灰色 品牌20 24 触控笔（六角形）,触控笔,品牌20,24,六角形,灰色,48*10*5,2400,AP92A,亚历克斯,收货,上架
GaXESHeWh,白色 品牌06 小号 游戏椅（头枕）,游戏椅,品牌06,小号,头枕,白色,16*1*1,16,CK75G,莎拉,收货,上架
PrSoA3AlWh,白色 品牌25 三号纸 打印机（一体式）,打印机,品牌25,三号纸,一体式,白色,16*1*1,16,AN84D,迈克,收货,上架
DrQE12DoWh,白色 品牌01 1200 抽屉柜（带门式）,抽屉柜,品牌01,1200,带门式,白色,8*1*1,8,AG46C,大卫,收货,上架
MoHc35MeWh,白色 品牌09 350 鼠标（机械式）,鼠标,品牌09,350,机械式,白色,16*10*1,160,BP95G,劳拉,收货,上架
LaOv1532Wh,白色 品牌13 15英寸 笔记本电脑（32吉字节内存）,笔记本电脑,品牌13,15英寸,32吉字节内存,白色,16*1*1,16,CK81A,迈克,收货,上架
LaRe1732Bl,黑色 品牌14 17英寸 笔记本电脑（32吉字节内存）,笔记本电脑,品牌14,17英寸,32吉字节内存,黑色,16*1*1,16,AL53B,艾米,收货,上架
TVGn65FHWh,白色 品牌30 65英寸 电视机（全高清）,电视机,品牌30,65英寸,全高清,白色,8*1*1,8,BO50F,莎拉,收货,上架
SPGi24HePi,粉色 品牌21 24 触控笔（六角形）,触控笔,品牌21,24,六角形,粉色,48*10*5,2400,AG15C,约翰,收货,上架
NoExA5doSi,银色 品牌16 五号纸 笔记本（点阵）,笔记本,品牌16,五号纸,点阵,银色,48*10*5,2400,DM21F,约翰,收货,上架
TVYn50S4Gr,灰色 品牌15 50英寸 电视机（超级超高清）,电视机,品牌15,50英寸,超级超高清,灰色,8*1*1,8,CR75D,艾米丽,收货,上架
AlPH1516Bl,黑色 品牌12 15英寸 一体机（16吉字节内存）,一体机,品牌12,15英寸,16吉字节内存,黑色,16*1*1,16,AY59E,劳拉,收货,上架
LaRe148GSi,银色 品牌14 14英寸 笔记本电脑（8吉字节内存）,笔记本电脑,品牌14,14英寸,8吉字节内存,银色,16*1*1,16,DG58H,莎拉,收货,上架
LaSu17i5Bl,黑色 品牌11 17英寸 笔记本电脑（第5代处理器）,笔记本电脑,品牌11,17英寸,第5代处理器,黑色,16*1*1,16,BO95G,莎拉,收货,上架
NoScA5ruBl,黑色 品牌17 五号纸 笔记本（横线）,笔记本,品牌17,五号纸,横线,黑色,48*10*5,2400,DI45G,莎拉,收货,上架
PrReA2MoWh,白色 品牌24 二号纸 打印机（黑白）,打印机,品牌24,二号纸,黑白,白色,16*1*1,16,DL75F,大卫,收货,上架
LaYn1532Bl,黑色 品牌15 15英寸 笔记本电脑（32吉字节内存）,笔记本电脑,品牌15,15英寸,32吉字节内存,黑色,16*1*1,16,BN85G,大卫,收货,上架
TaCI10WoSi,银色 品牌27 1000 桌子（工作站）,桌子,品牌27,1000,工作站,银色,8*1*1,8,BT69C,克里斯,收货,上架
KeSu45MeNa,藏青色 品牌11 450 键盘（机械式）,键盘,品牌11,450,机械式,藏青色,16*10*1,160,AU98D,艾米,收货,上架
LaYn14i5Si,银色 品牌15 14英寸 笔记本电脑（第5代处理器）,笔记本电脑,品牌15,14英寸,第5代处理器,银色,16*1*1,16,BZ55D,艾米丽,收货,上架
OfOGMAdWh,白色 品牌07 中号 办公椅（可调节）,办公椅,品牌07,中号,可调节,白色,16*1*1,16,DO72F,劳拉,收货,上架
PrNoA3LaGr,灰色 品牌26 三号纸 打印机（激光）,打印机,品牌26,三号纸,激光,灰色,16*1*1,16,AQ63G,克里斯,收货,上架
KeRe45MeBl,黑色 品牌10 450 键盘（机械式）,键盘,品牌10,450,机械式,黑色,16*10*1,160,BV97G,克里斯,收货,上架
KeSu45WiPi,粉色 品牌11 450 键盘（有线）,键盘,品牌11,450,有线,粉色,16*10*1,160,BF53B,艾米丽,收货,上架
CuQE12DoBl,黑色 品牌01 1200 储物柜（带门式）,储物柜,品牌01,1200,带门式,黑色,8*1*1,8,DW80H,简,收货,上架
TVGn42FHBl,黑色 品牌30 42英寸 电视机（全高清）,电视机,品牌30,42英寸,全高清,黑色,8*1*1,8,DQ08F,大卫,收货,上架
SPNa24WaBl,黑色 品牌23 24 触控笔（水彩）,触控笔,品牌23,24,水彩,黑色,48*10*5,2400,DI14E,劳拉,收货,上架
CaWE12LoBe,米色 品牌02 1200 文件柜（储物锁柜）,文件柜,品牌02,1200,储物锁柜,米色,8*1*1,8,DT31E,约翰,收货,上架
PeAl50WaWh,白色 品牌20 50 铅笔（水彩）,铅笔,品牌20,50,水彩,白色,48*10*5,2400,BZ42G,克里斯,收货,上架
GaAEMErGr,灰色 品牌05 中号 游戏椅（人体工学）,游戏椅,品牌05,中号,人体工学,灰色,16*1*1,16,DH37E,简,收货,上架
SPNa24WaBl,黑色 品牌23 24 触控笔（水彩）,触控笔,品牌23,24,水彩,黑色,48*10*5,2400,AJ10G,迈克,收货,上架
TaTR10AdWh,白色 品牌29 1000 桌子（可调节）,桌子,品牌29,1000,可调节,白色,8*1*1,8,DY07G,莎拉,收货,上架
GaOGSErGr,灰色 品牌07 小号 游戏椅（人体工学）,游戏椅,品牌07,小号,人体工学,灰色,16*1*1,16,BI40E,艾米,收货,上架
DrTE12DoGr,灰色 品牌04 1200 抽屉柜（带门式）,抽屉柜,品牌04,1200,带门式,灰色,8*1*1,8,AO01F,艾米,收货,上架
DrWE90DoWh,白色 品牌02 900 抽屉柜（带门式）,抽屉柜,品牌02,900,带门式,白色,8*1*1,8,BP80G,艾米丽,收货,上架
PeRe12SoPi,粉色 品牌22 12 铅笔（可溶性）,铅笔,品牌22,12,可溶性,粉色,48*10*5,2400,DF70D,简,收货,上架
KePH45BlBl,黑色 品牌12 450 键盘（蓝牙）,键盘,品牌12,450,蓝牙,黑色,16*10*1,160,CI74A,艾米,收货,上架
OfAEMLePi,粉色 品牌05 中号 办公椅（皮革）,办公椅,品牌05,中号,皮革,粉色,16*1*1,16,AG56G,简,收货,上架
KeSu35ErWh,白色 品牌11 350 键盘（人体工学）,键盘,品牌11,350,人体工学,白色,16*10*1,160,CX98B,劳拉,收货,上架
OfAESErBl,黑色 品牌05 小号 办公椅（人体工学）,办公椅,品牌05,小号,人体工学,黑色,16*1*1,16,CO22H,大卫,收货,上架
TVYn42S4Si,银色 品牌15 42英寸 电视机（超级超高清）,电视机,品牌15,42英寸,超级超高清,银色,8*1*1,8,BL13F,迈克,收货,上架
PrPHA4AlWh,白色 品牌12 四号纸 打印机（一体式）,打印机,品牌12,四号纸,一体式,白色,16*1*1,16,DR75D,约翰,收货,上架
CuTE12FiGr,灰色 品牌04 1200 储物柜（文件收纳）,储物柜,品牌04,1200,文件收纳,灰色,8*1*1,8,AY57F,大卫,收货,上架
KeHc27ErBl,黑色 品牌09 270 键盘（人体工学）,键盘,品牌09,270,人体工学,黑色,16*10*1,160,CN34G,艾米丽,收货,上架
PeGi24HeWh,白色 品牌21 24 铅笔（六角形）,铅笔,品牌21,24,六角形,白色,48*10*5,2400,CL08F,简,收货,上架
SPRe50HeWh,白色 品牌22 50 触控笔（六角形）,触控笔,品牌22,50,六角形,白色,48*10*5,2400,BL28F,艾米丽,收货,上架
OfOGLLePi,粉色 品牌07 大号 办公椅（皮革）,办公椅,品牌07,大号,皮革,粉色,16*1*1,16,AK82E,简,收货,上架
DrTE90LoBe,米色 品牌04 900 抽屉柜（储物锁柜）,抽屉柜,品牌04,900,储物锁柜,米色,8*1*1,8,DJ03H,莎拉,收货,上架
OfAEMHeWh,白色 品牌05 中号 办公椅（头枕）,办公椅,品牌05,中号,头枕,白色,16*1*1,16,BL35C,迈克,收货,上架
NoScA5doWh,白色 品牌17 五号纸 笔记本（点阵）,笔记本,品牌17,五号纸,点阵,白色,48*10*5,2400,DF16H,艾米,收货,上架
MoHc35ErPi,粉色 品牌09 350 鼠标（人体工学）,鼠标,品牌09,350,人体工学,粉色,16*10*1,160,AN44D,劳拉,收货,上架
AlOv158GBl,黑色 品牌13 15英寸 一体机（8吉字节内存）,一体机,品牌13,15英寸,8吉字节内存,黑色,16*1*1,16,AK43D,迈克,收货,上架
AlSu1516Wh,白色 品牌11 15英寸 一体机（16吉字节内存）,一体机,品牌11,15英寸,16吉字节内存,白色,16*1*1,16,CF15H,迈克,收货,上架
KePH35BlWh,白色 品牌12 350 键盘（蓝牙）,键盘,品牌12,350,蓝牙,白色,16*10*1,160,AS07E,大卫,收货,上架
TVGL75FHSi,银色 品牌31 75英寸 电视机（全高清）,电视机,品牌31,75英寸,全高清,银色,8*1*1,8,AZ37F,大卫,收货,上架
GaAELAdPi,粉色 品牌05 大号 游戏椅（可调节）,游戏椅,品牌05,大号,可调节,粉色,16*1*1,16,AJ34D,莎拉,收货,上架
LaRe1716Wh,白色 品牌14 17英寸 笔记本电脑（16吉字节内存）,笔记本电脑,品牌14,17英寸,16吉字节内存,白色,16*1*1,16,AW85E,克里斯,收货,上架
TVYn424KGr,灰色 品牌15 42英寸 电视机（超高清）,电视机,品牌15,42英寸,超高清,灰色,8*1*1,8,CI62F,艾米丽,收货,上架
PrReA2AlMi,混合色 品牌24 二号纸 打印机（一体式）,打印机,品牌24,二号纸,一体式,混合色,16*1*1,16,AO53C,艾米,收货,上架
PrSoA3AlGr,灰色 品牌25 三号纸 打印机（一体式）,打印机,品牌25,三号纸,一体式,灰色,16*1*1,16,DR70G,简,收货,上架
NoScA4doSi,银色 品牌17 四号纸 笔记本（点阵）,笔记本,品牌17,四号纸,点阵,银色,48*10*5,2400,CI91F,迈克,收货,上架
TVEs50FHSi,银色 品牌32 50英寸 电视机（全高清）,电视机,品牌32,50英寸,全高清,银色,8*1*1,8,AP84B,克里斯,收货,上架
TVGL65SFWh,白色 品牌31 65英寸 电视机（超级全高清）,电视机,品牌31,65英寸,超级全高清,白色,8*1*1,8,CZ64C,大卫,收货,上架
CaRG18SlBl,黑色 品牌03 1800 文件柜（滑动式）,文件柜,品牌03,1800,滑动式,黑色,8*1*1,8,BL08A,克里斯,收货,上架
AlYn1432Gr,灰色 品牌15 14英寸 一体机（32吉字节内存）,一体机,品牌15,14英寸,32吉字节内存,灰色,16*1*1,16,BS09B,大卫,收货,上架
PrReA4AlMi,混合色 品牌24 四号纸 打印机（一体式）,打印机,品牌24,四号纸,一体式,混合色,16*1*1,16,AV56D,约翰,收货,上架
AlYn1532Bl,黑色 品牌15 15英寸 一体机（32吉字节内存）,一体机,品牌15,15英寸,32吉字节内存,黑色,16*1*1,16,BY36B,克里斯,收货,上架
GaAESHeGr,灰色 品牌05 小号 游戏椅（头枕）,游戏椅,品牌05,小号,头枕,灰色,16*1*1,16,DH58A,大卫,收货,上架
PrNoA2WiWh,白色 品牌26 二号纸 打印机（无线网络）,打印机,品牌26,二号纸,无线网络,白色,16*1*1,16,DS62A,迈克,收货,上架
GaAELHeWh,白色 品牌05 大号 游戏椅（头枕）,游戏椅,品牌05,大号,头枕,白色,16*1*1,16,CO45A,简,收货,上架
AlRe1716Gr,灰色 品牌14 17英寸 一体机（16吉字节内存）,一体机,品牌14,17英寸,16吉字节内存,灰色,16*1*1,16,CJ39A,艾米,收货,上架
TVEs65SFGr,灰色 品牌32 65英寸 电视机（超级全高清）,电视机,品牌32,65英寸,超级全高清,灰色,8*1*1,8,AM32G,劳拉,收货,上架
AlSu1716Wh,白色 品牌11 17英寸 一体机（16吉字节内存）,一体机,品牌11,17英寸,16吉字节内存,白色,16*1*1,16,AT53B,艾米,收货,上架
TVYn504KBl,黑色 品牌15 50英寸 电视机（超高清）,电视机,品牌15,50英寸,超高清,黑色,8*1*1,8,DJ82E,克里斯,收货,上架
AlPH158GWh,白色 品牌12 15英寸 一体机（8吉字节内存）,一体机,品牌12,15英寸,8吉字节内存,白色,16*1*1,16,CK10A,克里斯,收货,上架
PrReA3InWh,白色 品牌24 三号纸 打印机（喷墨）,打印机,品牌24,三号纸,喷墨,白色,16*1*1,16,DI93D,莎拉,收货,上架
CaRG12SlWh,白色 品牌03 1200 文件柜（滑动式）,文件柜,品牌03,1200,滑动式,白色,8*1*1,8,BY59G,迈克,收货,上架
NoScA3doGr,灰色 品牌17 三号纸 笔记本（点阵）,笔记本,品牌17,三号纸,点阵,灰色,48*10*5,2400,CJ04A,莎拉,收货,上架
CaWE18FiWh,白色 品牌02 1800 文件柜（文件收纳）,文件柜,品牌02,1800,文件收纳,白色,8*1*1,8,BJ34C,约翰,收货,上架
PrReA3WiWh,白色 品牌24 三号纸 打印机（无线网络）,打印机,品牌24,三号纸,无线网络,白色,16*1*1,16,AN60B,简,收货,上架
CaQE18FiGr,灰色 品牌01 1800 文件柜（文件收纳）,文件柜,品牌01,1800,文件收纳,灰色,8*1*1,8,DL53C,莎拉,收货,上架
PrNoA2MoMi,混合色 品牌26 二号纸 打印机（黑白）,打印机,品牌26,二号纸,黑白,混合色,16*1*1,16,BG77A,艾米,收货,上架
NoMuA3liBl,黑色 品牌19 三号纸 笔记本（线条）,笔记本,品牌19,三号纸,线条,黑色,48*10*5,2400,AJ56D,艾米丽,收货,上架
AlRe158GGr,灰色 品牌14 15英寸 一体机（8吉字节内存）,一体机,品牌14,15英寸,8吉字节内存,灰色,16*1*1,16,CW21H,大卫,收货,上架
DrQE18FiBl,黑色 品牌01 1800 抽屉柜（文件收纳）,抽屉柜,品牌01,1800,文件收纳,黑色,8*1*1,8,CZ76F,克里斯,收货,上架
PeGi12WaGr,灰色 品牌21 12 铅笔（水彩）,铅笔,品牌21,12,水彩,灰色,48*10*5,2400,CP25A,亚历克斯,收货,上架
OfXESAdWh,白色 品牌06 小号 办公椅（可调节）,办公椅,品牌06,小号,可调节,白色,16*1*1,16,DR23A,迈克,收货,上架
DrWE90FiBl,黑色 品牌02 900 抽屉柜（文件收纳）,抽屉柜,品牌02,900,文件收纳,黑色,8*1*1,8,AI47H,劳拉,收货,上架
SPGi12SoGr,灰色 品牌21 12 触控笔（可溶性）,触控笔,品牌21,12,可溶性,灰色,48*10*5,2400,AV68E,大卫,收货,上架
LaPH15i5Bl,黑色 品牌12 15英寸 笔记本电脑（第5代处理器）,笔记本电脑,品牌12,15英寸,第5代处理器,黑色,16*1*1,16,AW21E,大卫,收货,上架
TaCI10AuGr,灰色 品牌27 1000 桌子（自动调节）,桌子,品牌27,1000,自动调节,灰色,8*1*1,8,CR50B,简,收货,上架
TVEs654KBl,黑色 品牌32 65英寸 电视机（超高清）,电视机,品牌32,65英寸,超高清,黑色,8*1*1,8,DT69B,艾米丽,收货,上架
MoPH45BlBl,黑色 品牌12 450 鼠标（蓝牙）,鼠标,品牌12,450,蓝牙,黑色,16*10*1,160,CR71A,莎拉,收货,上架
CaTE18DoGr,灰色 品牌04 1800 文件柜（带门式）,文件柜,品牌04,1800,带门式,灰色,8*1*1,8,AG52H,艾米,收货,上架
CaWE90LoBl,黑色 品牌02 900 文件柜（储物锁柜）,文件柜,品牌02,900,储物锁柜,黑色,8*1*1,8,DK50C,艾米,收货,上架
KeHc45WiBl,黑色 品牌09 450 键盘（有线）,键盘,品牌09,450,有线,黑色,16*10*1,160,CT08C,大卫,收货,上架
LaPH1416Si,银色 品牌12 14英寸 笔记本电脑（16吉字节内存）,笔记本电脑,品牌12,14英寸,16吉字节内存,银色,16*1*1,16,DK73C,克里斯,收货,上架
TVYn42SFBl,黑色 品牌15 42英寸 电视机（超级全高清）,电视机,品牌15,42英寸,超级全高清,黑色,8*1*1,8,AL88C,约翰,收货,上架
GaAEMLeGr,灰色 品牌05 中号 游戏椅（皮革）,游戏椅,品牌05,中号,皮革,灰色,16*1*1,16,AM09D,亚历克斯,收货,上架
SPGi24SoGr,灰色 品牌21 24 触控笔（可溶性）,触控笔,品牌21,24,可溶性,灰色,48*10*5,2400,CL38A,大卫,收货,上架
DrRG90LoGr,灰色 品牌03 900 抽屉柜（储物锁柜）,抽屉柜,品牌03,900,储物锁柜,灰色,8*1*1,8,BU43D,克里斯,收货,上架
KeRe45BlNa,藏青色 品牌10 450 键盘（蓝牙）,键盘,品牌10,450,蓝牙,藏青色,16*10*1,160,DP59E,迈克,收货,上架
CaQE18DoBe,米色 品牌01 1800 文件柜（带门式）,文件柜,品牌01,1800,带门式,米色,8*1*1,8,DY36D,迈克,收货,上架
TVEs32SFSi,银色 品牌32 32英寸 电视机（超级全高清）,电视机,品牌32,32英寸,超级全高清,银色,8*1*1,8,DO49F,劳拉,收货,上架
SPGi24HeWh,白色 品牌21 24 触控笔（六角形）,触控笔,品牌21,24,六角形,白色,48*10*5,2400,CW53F,艾米,收货,上架
AlRe17i7Si,银色 品牌14 17英寸 一体机（第7代处理器）,一体机,品牌14,17英寸,第7代处理器,银色,16*1*1,16,CM21F,克里斯,收货,上架
TVYn754KBl,黑色 品牌15 75英寸 电视机（超高清）,电视机,品牌15,75英寸,超高清,黑色,8*1*1,8,DZ16F,亚历克斯,收货,上架
PrSoA2LaWh,白色 品牌25 二号纸 打印机（激光）,打印机,品牌25,二号纸,激光,白色,16*1*1,16,CK15G,艾米丽,收货,上架
DrQE90SlBl,黑色 品牌01 900 抽屉柜（滑动式）,抽屉柜,品牌01,900,滑动式,黑色,8*1*1,8,CT12H,克里斯,收货,上架
LaOv1716Gr,灰色 品牌13 17英寸 笔记本电脑（16吉字节内存）,笔记本电脑,品牌13,17英寸,16吉字节内存,灰色,16*1*1,16,BF28C,迈克,收货,上架
AlOv1416Bl,黑色 品牌13 14英寸 一体机（16吉字节内存）,一体机,品牌13,14英寸,16吉字节内存,黑色,16*1*1,16,AT80B,简,收货,上架
SPGi12WaWh,白色 品牌21 12 触控笔（水彩）,触控笔,品牌21,12,水彩,白色,48*10*5,2400,CX02A,大卫,收货,上架
MoPH45ErBl,黑色 品牌12 450 鼠标（人体工学）,鼠标,品牌12,450,人体工学,黑色,16*10*1,160,DS26D,亚历克斯,收货,上架
MoPH35MeNa,藏青色 品牌12 350 鼠标（机械式）,鼠标,品牌12,350,机械式,藏青色,16*10*1,160,DX32H,莎拉,收货,上架
TVYn32SFBl,黑色 品牌15 32英寸 电视机（超级全高清）,电视机,品牌15,32英寸,超级全高清,黑色,8*1*1,8,DF38D,莎拉,收货,上架
NoMuA4liWh,白色 品牌19 四号纸 笔记本（线条）,笔记本,品牌19,四号纸,线条,白色,48*10*5,2400,CR73B,克里斯,收货,上架
SPRe50SoBl,黑色 品牌22 50 触控笔（可溶性）,触控笔,品牌22,50,可溶性,黑色,48*10*5,2400,BZ29B,艾米,收货,上架
LaSu148GGr,灰色 品牌11 14英寸 笔记本电脑（8吉字节内存）,笔记本电脑,品牌11,14英寸,8吉字节内存,灰色,16*1*1,16,DH88H,艾米丽,收货,上架
PeRe50HeWh,白色 品牌22 50 铅笔（六角形）,铅笔,品牌22,50,六角形,白色,48*10*5,2400,CQ81A,迈克,收货,上架
MoRe27BlBl,黑色 品牌10 270 鼠标（蓝牙）,鼠标,品牌10,270,蓝牙,黑色,16*10*1,160,DN08E,劳拉,收货,上架
SPNa50WaBl,黑色 品牌23 50 触控笔（水彩）,触控笔,品牌23,50,水彩,黑色,48*10*5,2400,CM20A,克里斯,收货,上架
LaSu17i5Gr,灰色 品牌11 17英寸 笔记本电脑（第5代处理器）,笔记本电脑,品牌11,17英寸,第5代处理器,灰色,16*1*1,16,DU16A,艾米丽,收货,上架
TVGn754KWh,白色 品牌30 75英寸 电视机（超高清）,电视机,品牌30,75英寸,超高清,白色,8*1*1,8,DT14F,莎拉,收货,上架
OfAELLeGr,灰色 品牌05 大号 办公椅（皮革）,办公椅,品牌05,大号,皮革,灰色,16*1*1,16,DK54E,劳拉,收货,上架
AlRe15i5Gr,灰色 品牌14 15英寸 一体机（第5代处理器）,一体机,品牌14,15英寸,第5代处理器,灰色,16*1*1,16,CX07B,大卫,收货,上架
OfAELHeWh,白色 品牌05 大号 办公椅（头枕）,办公椅,品牌05,大号,头枕,白色,16*1*1,16,CF81A,艾米丽,收货,上架
CuWE90FiBe,米色 品牌02 900 储物柜（文件收纳）,储物柜,品牌02,900,文件收纳,米色,8*1*1,8,DU97H,简,收货,上架
TVGn65S4Si,银色 品牌30 65英寸 电视机（超级超高清）,电视机,品牌30,65英寸,超级超高清,银色,8*1*1,8,DG60C,艾米,收货,上架
SPRe50WaPi,粉色 品牌22 50 触控笔（水彩）,触控笔,品牌22,50,水彩,粉色,48*10*5,2400,CG34B,简,收货,上架
MoSu35ErNa,藏青色 品牌11 350 鼠标（人体工学）,鼠标,品牌11,350,人体工学,藏青色,16*10*1,160,AK04F,劳拉,收货,上架
MoHc45WiBl,黑色 品牌09 450 鼠标（有线）,鼠标,品牌09,450,有线,黑色,16*10*1,160,BR18G,大卫,收货,上架
OfOGSAdBl,黑色 品牌07 小号 办公椅（可调节）,办公椅,品牌07,小号,可调节,黑色,16*1*1,16,DM40H,艾米丽,收货,上架
CuWE90DoWh,白色 品牌02 900 储物柜（带门式）,储物柜,品牌02,900,带门式,白色,8*1*1,8,CQ48G,克里斯,收货,上架
PeGi50SoGr,灰色 品牌21 50 铅笔（可溶性）,铅笔,品牌21,50,可溶性,灰色,48*10*5,2400,CF51A,克里斯,收货,上架
CaRG90SlWh,白色 品牌03 900 文件柜（滑动式）,文件柜,品牌03,900,滑动式,白色,8*1*1,8,CZ90E,大卫,收货,上架
TVEs42S4Bl,黑色 品牌32 42英寸 电视机（超级超高清）,电视机,品牌32,42英寸,超级超高清,黑色,8*1*1,8,DR18F,约翰,收货,上架
TaCI10WoBl,黑色 品牌27 1000 桌子（工作站）,桌子,品牌27,1000,工作站,黑色,8*1*1,8,AZ02E,劳拉,收货,上架
TVGL42FHWh,白色 品牌31 42英寸 电视机（全高清）,电视机,品牌31,42英寸,全高清,白色,8*1*1,8,AW60G,莎拉,收货,上架
GaAELHeBl,黑色 品牌05 大号 游戏椅（头枕）,游戏椅,品牌05,大号,头枕,黑色,16*1*1,16,DX32E,大卫,收货,上架
MoRe27ErWh,白色 品牌10 270 鼠标（人体工学）,鼠标,品牌10,270,人体工学,白色,16*10*1,160,CN40D,艾米,收货,上架
CaTE12SlWh,白色 品牌04 1200 文件柜（滑动式）,文件柜,品牌04,1200,滑动式,白色,8*1*1,8,BG01F,约翰,收货,上架
KeSu27MePi,粉色 品牌11 270 键盘（机械式）,键盘,品牌11,270,机械式,粉色,16*10*1,160,CN41H,亚历克斯,收货,上架
TaTR18FrSi,银色 品牌28 1800 桌子（框架式）,桌子,品牌28,1800,框架式,银色,8*1*1,8,CK82G,约翰,收货,上架
AlSu158GSi,银色 品牌11 15英寸 一体机（8吉字节内存）,一体机,品牌11,15英寸,8吉字节内存,银色,16*1*1,16,AP03G,莎拉,收货,上架
PrPHA3AlWh,白色 品牌12 三号纸 打印机（一体式）,打印机,品牌12,三号纸,一体式,白色,16*1*1,16,AK38C,大卫,收货,上架
PrSoA3InGr,灰色 品牌25 三号纸 打印机（喷墨）,打印机,品牌25,三号纸,喷墨,灰色,16*1*1,16,BN95E,迈克,收货,上架
OfXEMAdWh,白色 品牌06 中号 办公椅（可调节）,办公椅,品牌06,中号,可调节,白色,16*1*1,16,AR73C,艾米,收货,上架
DrRG90FiGr,灰色 品牌03 900 抽屉柜（文件收纳）,抽屉柜,品牌03,900,文件收纳,灰色,8*1*1,8,AG65F,简,收货,上架
GaAELHeWh,白色 品牌05 大号 游戏椅（头枕）,游戏椅,品牌05,大号,头枕,白色,16*1*1,16,CY55A,莎拉,收货,上架
DrQE12SlBl,黑色 品牌01 1200 抽屉柜（滑动式）,抽屉柜,品牌01,1200,滑动式,黑色,8*1*1,8,DY27H,莎拉,收货,上架
TaAE18FrSi,银色 品牌05 1800 桌子（框架式）,桌子,品牌05,1800,框架式,银色,8*1*1,8,DV88B,克里斯,收货,上架
TVGL424KGr,灰色 品牌31 42英寸 电视机（超高清）,电视机,品牌31,42英寸,超高清,灰色,8*1*1,8,CS53E,艾米,收货,上架
LaRe158GSi,银色 品牌14 15英寸 笔记本电脑（8吉字节内存）,笔记本电脑,品牌14,15英寸,8吉字节内存,银色,16*1*1,16,BZ95F,克里斯,收货,上架
OfXEMHeBl,黑色 品牌06 中号 办公椅（头枕）,办公椅,品牌06,中号,头枕,黑色,16*1*1,16,AN23E,克里斯,收货,上架
KePH35BlNa,藏青色 品牌12 350 键盘（蓝牙）,键盘,品牌12,350,蓝牙,藏青色,16*10*1,160,CU32B,莎拉,收货,上架
PeRe24SoGr,灰色 品牌22 24 铅笔（可溶性）,铅笔,品牌22,24,可溶性,灰色,48*10*5,2400,BI78A,大卫,收货,上架
GaSEMHeWh,白色 品牌08 中号 游戏椅（头枕）,游戏椅,品牌08,中号,头枕,白色,16*1*1,16,DT82G,迈克,收货,上架
PrPHA4MoBl,黑色 品牌12 四号纸 打印机（黑白）,打印机,品牌12,四号纸,黑白,黑色,16*1*1,16,BZ22A,艾米丽,收货,上架
CuRG18DoGr,灰色 品牌03 1800 储物柜（带门式）,储物柜,品牌03,1800,带门式,灰色,8*1*1,8,CG29E,莎拉,收货,上架
LaPH178GWh,白色 品牌12 17英寸 笔记本电脑（8吉字节内存）,笔记本电脑,品牌12,17英寸,8吉字节内存,白色,16*1*1,16,DR94H,艾米丽,收货,上架
GaSESHeBl,黑色 品牌08 小号 游戏椅（头枕）,游戏椅,品牌08,小号,头枕,黑色,16*1*1,16,BV90C,简,收货,上架
AlRe14i7Gr,灰色 品牌14 14英寸 一体机（第7代处理器）,一体机,品牌14,14英寸,第7代处理器,灰色,16*1*1,16,BU30B,简,收货,上架
TaTR15FrSi,银色 品牌29 1500 桌子（框架式）,桌子,品牌29,1500,框架式,银色,8*1*1,8,AL93H,大卫,收货,上架
TaTR15FrBl,黑色 品牌29 1500 桌子（框架式）,桌子,品牌29,1500,框架式,黑色,8*1*1,8,DF18A,简,收货,上架
TVEs75SFBl,黑色 品牌32 75英寸 电视机（超级全高清）,电视机,品牌32,75英寸,超级全高清,黑色,8*1*1,8,CS33C,艾米,收货,上架
CaQE12DoBe,米色 品牌01 1200 文件柜（带门式）,文件柜,品牌01,1200,带门式,米色,8*1*1,8,AJ20D,亚历克斯,收货,上架
GaSESHeWh,白色 品牌08 小号 游戏椅（头枕）,游戏椅,品牌08,小号,头枕,白色,16*1*1,16,BQ62D,艾米,收货,上架
CuTE90FiBl,黑色 品牌04 900 储物柜（文件收纳）,储物柜,品牌04,900,文件收纳,黑色,8*1*1,8,CQ19F,简,收货,上架
CaQE18LoGr,灰色 品牌01 1800 文件柜（储物锁柜）,文件柜,品牌01,1800,储物锁柜,灰色,8*1*1,8,BQ65A,简,收货,上架
PeGi50WaGr,灰色 品牌21 50 铅笔（水彩）,铅笔,品牌21,50,水彩,灰色,48*10*5,2400,CZ27E,莎拉,收货,上架
LaPH1532Gr,灰色 品牌12 15英寸 笔记本电脑（32吉字节内存）,笔记本电脑,品牌12,15英寸,32吉字节内存,灰色,16*1*1,16,BV20G,莎拉,收货,上架
CaWE18LoBl,黑色 品牌02 1800 文件柜（储物锁柜）,文件柜,品牌02,1800,储物锁柜,黑色,8*1*1,8,AZ90D,大卫,收货,上架
PrSoA3LaWh,白色 品牌25 三号纸 打印机（激光）,打印机,品牌25,三号纸,激光,白色,16*1*1,16,DU13C,亚历克斯,收货,上架
DrTE18DoBe,米色 品牌04 1800 抽屉柜（带门式）,抽屉柜,品牌04,1800,带门式,米色,8*1*1,8,AN70F,约翰,收货,上架
PeRe50HeGr,灰色 品牌22 50 铅笔（六角形）,铅笔,品牌22,50,六角形,灰色,48*10*5,2400,AI14H,艾米,收货,上架
MoHc35MeWh,白色 品牌09 350 鼠标（机械式）,鼠标,品牌09,350,机械式,白色,16*10*1,160,CR59D,简,收货,上架
KePH45MeBl,黑色 品牌12 450 键盘（机械式）,键盘,品牌12,450,机械式,黑色,16*10*1,160,CW30F,劳拉,收货,上架
TaAE10FrBl,黑色 品牌05 1000 桌子（框架式）,桌子,品牌05,1000,框架式,黑色,8*1*1,8,CH24G,大卫,收货,上架
LaSu1416Bl,黑色 品牌11 14英寸 笔记本电脑（16吉字节内存）,笔记本电脑,品牌11,14英寸,16吉字节内存,黑色,16*1*1,16,CU73F,约翰,收货,上架
MoHc27BlNa,藏青色 品牌09 270 鼠标（蓝牙）,鼠标,品牌09,270,蓝牙,藏青色,16*10*1,160,CX27B,艾米丽,收货,上架
AlSu17i5Bl,黑色 品牌11 17英寸 一体机（第5代处理器）,一体机,品牌11,17英寸,第5代处理器,黑色,16*1*1,16,DV97A,简,收货,上架
NoMuA4doSi,银色 品牌19 四号纸 笔记本（点阵）,笔记本,品牌19,四号纸,点阵,银色,48*10*5,2400,AM28G,克里斯,收货,上架
DrWE18SlBe,米色 品牌02 1800 抽屉柜（滑动式）,抽屉柜,品牌02,1800,滑动式,米色,8*1*1,8,DV85C,克里斯,收货,上架
SPNa24SoPi,粉色 品牌23 24 触控笔（可溶性）,触控笔,品牌23,24,可溶性,粉色,48*10*5,2400,CZ02H,劳拉,收货,上架
TaTR10AuWh,白色 品牌29 1000 桌子（自动调节）,桌子,品牌29,1000,自动调节,白色,8*1*1,8,DK53H,艾米,收货,上架
TVEs75S4Wh,白色 品牌32 75英寸 电视机（超级超高清）,电视机,品牌32,75英寸,超级超高清,白色,8*1*1,8,CU67G,克里斯,收货,上架
PrNoA3MoWh,白色 品牌26 三号纸 打印机（黑白）,打印机,品牌26,三号纸,黑白,白色,16*1*1,16,AJ53A,迈克,收货,上架
TVYn654KBl,黑色 品牌15 65英寸 电视机（超高清）,电视机,品牌15,65英寸,超高清,黑色,8*1*1,8,BT48D,艾米丽,收货,上架
LaPH1416Wh,白色 品牌12 14英寸 笔记本电脑（16吉字节内存）,笔记本电脑,品牌12,14英寸,16吉字节内存,白色,16*1*1,16,DF92D,劳拉,收货,上架
AlPH1732Gr,灰色 品牌12 17英寸 一体机（32吉字节内存）,一体机,品牌12,17英寸,32吉字节内存,灰色,16*1*1,16,CZ92C,艾米丽,收货,上架
TVYn504KBl,黑色 品牌15 50英寸 电视机（超高清）,电视机,品牌15,50英寸,超高清,黑色,8*1*1,8,AI46B,克里斯,收货,上架
NoExA4ruSi,银色 品牌16 四号纸 笔记本（横线）,笔记本,品牌16,四号纸,横线,银色,48*10*5,2400,CX47E,迈克,收货,上架
TVGL32S4Gr,灰色 品牌31 32英寸 电视机（超级超高清）,电视机,品牌31,32英寸,超级超高清,灰色,8*1*1,8,DS38C,艾米丽,收货,上架
GaSESAdBl,黑色 品牌08 小号 游戏椅（可调节）,游戏椅,品牌08,小号,可调节,黑色,16*1*1,16,DN60H,克里斯,收货,上架
GaAESErPi,粉色 品牌05 小号 游戏椅（人体工学）,游戏椅,品牌05,小号,人体工学,粉色,16*1*1,16,AI16A,简,收货,上架
TaTR18AuSi,银色 品牌29 1800 桌子（自动调节）,桌子,品牌29,1800,自动调节,银色,8*1*1,8,CO53G,约翰,收货,上架
TaCI15WoWh,白色 品牌27 1500 桌子（工作站）,桌子,品牌27,1500,工作站,白色,8*1*1,8,BK69B,艾米丽,收货,上架
PeNa24WaBl,黑色 品牌23 24 铅笔（水彩）,铅笔,品牌23,24,水彩,黑色,48*10*5,2400,BM34G,亚历克斯,收货,上架
KeRe35MeNa,藏青色 品牌10 350 键盘（机械式）,键盘,品牌10,350,机械式,藏青色,16*10*1,160,AH97B,艾米,收货,上架
TVEs50SFSi,银色 品牌32 50英寸 电视机（超级全高清）,电视机,品牌32,50英寸,超级全高清,银色,8*1*1,8,AK53G,迈克,收货,上架
TaTR15AdGr,灰色 品牌29 1500 桌子（可调节）,桌子,品牌29,1500,可调节,灰色,8*1*1,8,AF75C,约翰,收货,上架
AlYn1532Bl,黑色 品牌15 15英寸 一体机（32吉字节内存）,一体机,品牌15,15英寸,32吉字节内存,黑色,16*1*1,16,DJ63G,劳拉,收货,上架
OfSELHeBl,黑色 品牌08 大号 办公椅（头枕）,办公椅,品牌08,大号,头枕,黑色,16*1*1,16,CS36D,艾米丽,收货,上架
GaXEMAdWh,白色 品牌06 中号 游戏椅（可调节）,游戏椅,品牌06,中号,可调节,白色,16*1*1,16,CG07D,约翰,收货,上架
SPNa12WaGr,灰色 品牌23 12 触控笔（水彩）,触控笔,品牌23,12,水彩,灰色,48*10*5,2400,DS70E,简,收货,上架
DrTE90DoWh,白色 品牌04 900 抽屉柜（带门式）,抽屉柜,品牌04,900,带门式,白色,8*1*1,8,CY19C,迈克,收货,上架
SPNa24HePi,粉色 品牌23 24 触控笔（六角形）,触控笔,品牌23,24,六角形,粉色,48*10*5,2400,AJ87A,劳拉,收货,上架
NoGrA4liBl,黑色 品牌18 四号纸 笔记本（线条）,笔记本,品牌18,四号纸,线条,黑色,48*10*5,2400,BH52G,迈克,收货,上架
MoHc35WiWh,白色 品牌09 350 鼠标（有线）,鼠标,品牌09,350,有线,白色,16*10*1,160,DR61C,莎拉,收货,上架
MoHc35WiPi,粉色 品牌09 350 鼠标（有线）,鼠标,品牌09,350,有线,粉色,16*10*1,160,CX57C,迈克,收货,上架
DrQE90DoWh,白色 品牌01 900 抽屉柜（带门式）,抽屉柜,品牌01,900,带门式,白色,8*1*1,8,AF47B,莎拉,收货,上架
SPRe24SoBl,黑色 品牌22 24 触控笔（可溶性）,触控笔,品牌22,24,可溶性,黑色,48*10*5,2400,AP35D,莎拉,收货,上架
PrPHA4LaMi,混合色 品牌12 四号纸 打印机（激光）,打印机,品牌12,四号纸,激光,混合色,16*1*1,16,AJ85C,艾米丽,收货,上架
CaTE18DoGr,灰色 品牌04 1800 文件柜（带门式）,文件柜,品牌04,1800,带门式,灰色,8*1*1,8,AY41A,艾米,收货,上架
MoHc27ErWh,白色 品牌09 270 鼠标（人体工学）,鼠标,品牌09,270,人体工学,白色,16*10*1,160,BO67H,简,收货,上架
CuQE18LoGr,灰色 品牌01 1800 储物柜（储物锁柜）,储物柜,品牌01,1800,储物锁柜,灰色,8*1*1,8,DP51B,克里斯,收货,上架
KeRe35MeBl,黑色 品牌10 350 键盘（机械式）,键盘,品牌10,350,机械式,黑色,16*10*1,160,DL78G,简,收货,上架
TVYn32FHWh,白色 品牌15 32英寸 电视机（全高清）,电视机,品牌15,32英寸,全高清,白色,8*1*1,8,DP71G,迈克,收货,上架
OfSESErBl,黑色 品牌08 小号 办公椅（人体工学）,办公椅,品牌08,小号,人体工学,黑色,16*1*1,16,AX43E,大卫,收货,上架
LaRe178GBl,黑色 品牌14 17英寸 笔记本电脑（8吉字节内存）,笔记本电脑,品牌14,17英寸,8吉字节内存,黑色,16*1*1,16,DZ56F,简,收货,上架
SPAl24SoPi,粉色 品牌20 24 触控笔（可溶性）,触控笔,品牌20,24,可溶性,粉色,48*10*5,2400,BN67E,大卫,收货,上架
MoSu45MeBl,黑色 品牌11 450 鼠标（机械式）,鼠标,品牌11,450,机械式,黑色,16*10*1,160,BQ81H,劳拉,收货,上架
PrReA4WiGr,灰色 品牌24 四号纸 打印机（无线网络）,打印机,品牌24,四号纸,无线网络,灰色,16*1*1,16,CS52B,艾米丽,收货,上架
CuTE12FiGr,灰色 品牌04 1200 储物柜（文件收纳）,储物柜,品牌04,1200,文件收纳,灰色,8*1*1,8,AF55G,克里斯,收货,上架
TaAE15AuGr,灰色 品牌05 1500 桌子（自动调节）,桌子,品牌05,1500,自动调节,灰色,8*1*1,8,CX86F,简,收货,上架
DrTE90LoWh,白色 品牌04 900 抽屉柜（储物锁柜）,抽屉柜,品牌04,900,储物锁柜,白色,8*1*1,8,AH94A,莎拉,收货,上架
TVYn654KWh,白色 品牌15 65英寸 电视机（超高清）,电视机,品牌15,65英寸,超高清,白色,8*1*1,8,DX08E,劳拉,收货,上架
DrTE12SlBl,黑色 品牌04 1200 抽屉柜（滑动式）,抽屉柜,品牌04,1200,滑动式,黑色,8*1*1,8,CJ76E,劳拉,收货,上架
CuQE12LoBe,米色 品牌01 1200 储物柜（储物锁柜）,储物柜,品牌01,1200,储物锁柜,米色,8*1*1,8,DL57A,简,收货,上架
GaOGMLeGr,灰色 品牌07 中号 游戏椅（皮革）,游戏椅,品牌07,中号,皮革,灰色,16*1*1,16,BU81F,约翰,收货,上架
CuTE90FiGr,灰色 品牌04 900 储物柜（文件收纳）,储物柜,品牌04,900,文件收纳,灰色,8*1*1,8,DG24D,约翰,收货,上架
CuRG12SlGr,灰色 品牌03 1200 储物柜（滑动式）,储物柜,品牌03,1200,滑动式,灰色,8*1*1,8,BM05E,克里斯,收货,上架
PeAl50WaBl,黑色 品牌20 50 铅笔（水彩）,铅笔,品牌20,50,水彩,黑色,48*10*5,2400,DQ52C,莎拉,收货,上架
OfOGMHeWh,白色 品牌07 中号 办公椅（头枕）,办公椅,品牌07,中号,头枕,白色,16*1*1,16,BU62A,约翰,收货,上架
SPAl50WaPi,粉色 品牌20 50 触控笔（水彩）,触控笔,品牌20,50,水彩,粉色,48*10*5,2400,BK32B,大卫,收货,上架
TVGn32SFWh,白色 品牌30 32英寸 电视机（超级全高清）,电视机,品牌30,32英寸,超级全高清,白色,8*1*1,8,BH12E,克里斯,收货,上架
LaPH14i5Wh,白色 品牌12 14英寸 笔记本电脑（第5代处理器）,笔记本电脑,品牌12,14英寸,第5代处理器,白色,16*1*1,16,AK55F,克里斯,收货,上架
DrTE12LoGr,灰色 品牌04 1200 抽屉柜（储物锁柜）,抽屉柜,品牌04,1200,储物锁柜,灰色,8*1*1,8,DT80F,迈克,收货,上架
LaPH17i5Si,银色 品牌12 17英寸 笔记本电脑（第5代处理器）,笔记本电脑,品牌12,17英寸,第5代处理器,银色,16*1*1,16,DW57E,约翰,收货,上架
TVGn50SFBl,黑色 品牌30 50英寸 电视机（超级全高清）,电视机,品牌30,50英寸,超级全高清,黑色,8*1*1,8,BH34A,艾米丽,收货,上架
TVGL75S4Gr,灰色 品牌31 75英寸 电视机（超级超高清）,电视机,品牌31,75英寸,超级超高清,灰色,8*1*1,8,DF84C,艾米丽,收货,上架
PeAl24SoWh,白色 品牌20 24 铅笔（可溶性）,铅笔,品牌20,24,可溶性,白色,48*10*5,2400,BF88E,艾米丽,收货,上架
AlOv1516Gr,灰色 品牌13 15英寸 一体机（16吉字节内存）,一体机,品牌13,15英寸,16吉字节内存,灰色,16*1*1,16,DL82H,艾米丽,收货,上架
KeRe27BlBl,黑色 品牌10 270 键盘（蓝牙）,键盘,品牌10,270,蓝牙,黑色,16*10*1,160,BN48F,约翰,收货,上架
LaRe15i7Gr,灰色 品牌14 15英寸 笔记本电脑（第7代处理器）,笔记本电脑,品牌14,15英寸,第7代处理器,灰色,16*1*1,16,DV23G,简,收货,上架
CuTE90FiGr,灰色 品牌04 900 储物柜（文件收纳）,储物柜,品牌04,900,文件收纳,灰色,8*1*1,8,BX27E,大卫,收货,上架
PrReA3WiMi,混合色 品牌24 三号纸 打印机（无线网络）,打印机,品牌24,三号纸,无线网络,混合色,16*1*1,16,BJ64C,克里斯,收货,上架
CuRG90SlWh,白色 品牌03 900 储物柜（滑动式）,储物柜,品牌03,900,滑动式,白色,8*1*1,8,CG32F,约翰,收货,上架
OfSESHeWh,白色 品牌08 小号 办公椅（头枕）,办公椅,品牌08,小号,头枕,白色,16*1*1,16,AR34B,亚历克斯,收货,上架
CaQE12SlGr,灰色 品牌01 1200 文件柜（滑动式）,文件柜,品牌01,1200,滑动式,灰色,8*1*1,8,CF40G,大卫,收货,上架
LaRe14i5Wh,白色 品牌14 14英寸 笔记本电脑（第5代处理器）,笔记本电脑,品牌14,14英寸,第5代处理器,白色,16*1*1,16,AL05F,约翰,收货,上架
CuQE12FiBl,黑色 品牌01 1200 储物柜（文件收纳）,储物柜,品牌01,1200,文件收纳,黑色,8*1*1,8,DT50G,莎拉,收货,上架
GaAEMHeBl,黑色 品牌05 中号 游戏椅（头枕）,游戏椅,品牌05,中号,头枕,黑色,16*1*1,16,BZ48H,简,收货,上架
CaRG12DoWh,白色 品牌03 1200 文件柜（带门式）,文件柜,品牌03,1200,带门式,白色,8*1*1,8,AH65E,莎拉,收货,上架
CuWE12SlGr,灰色 品牌02 1200 储物柜（滑动式）,储物柜,品牌02,1200,滑动式,灰色,8*1*1,8,DM39C,亚历克斯,收货,上架
AlPH1532Wh,白色 品牌12 15英寸 一体机（32吉字节内存）,一体机,品牌12,15英寸,32吉字节内存,白色,16*1*1,16,DP46E,艾米,收货,上架
PeAl12HePi,粉色 品牌20 12 铅笔（六角形）,铅笔,品牌20,12,六角形,粉色,48*10*5,2400,BS88B,克里斯,收货,上架
SPAl24WaGr,灰色 品牌20 24 触控笔（水彩）,触控笔,品牌20,24,水彩,灰色,48*10*5,2400,DS30H,艾米,收货,上架
TVGn75FHBl,黑色 品牌30 75英寸 电视机（全高清）,电视机,品牌30,75英寸,全高清,黑色,8*1*1,8,DI18G,迈克,收货,上架
AlPH1416Si,银色 品牌12 14英寸 一体机（16吉字节内存）,一体机,品牌12,14英寸,16吉字节内存,银色,16*1*1,16,CX46D,艾米,收货,上架
GaSELAdPi,粉色 品牌08 大号 游戏椅（可调节）,游戏椅,品牌08,大号,可调节,粉色,16*1*1,16,AN43E,迈克,收货,上架
MoRe45WiPi,粉色 品牌10 450 鼠标（有线）,鼠标,品牌10,450,有线,粉色,16*10*1,160,BL63C,劳拉,收货,上架
AlOv158GWh,白色 品牌13 15英寸 一体机（8吉字节内存）,一体机,品牌13,15英寸,8吉字节内存,白色,16*1*1,16,BS24D,约翰,收货,上架
LaSu158GSi,银色 品牌11 15英寸 笔记本电脑（8吉字节内存）,笔记本电脑,品牌11,15英寸,8吉字节内存,银色,16*1*1,16,CZ41C,约翰,收货,上架
NoExA3liSi,银色 品牌16 三号纸 笔记本（线条）,笔记本,品牌16,三号纸,线条,银色,48*10*5,2400,AT54D,约翰,收货,上架
DrWE18DoBl,黑色 品牌02 1800 抽屉柜（带门式）,抽屉柜,品牌02,1800,带门式,黑色,8*1*1,8,BS31E,艾米丽,收货,上架
CuTE12DoGr,灰色 品牌04 1200 储物柜（带门式）,储物柜,品牌04,1200,带门式,灰色,8*1*1,8,DS84F,劳拉,收货,上架
OfXELAdBl,黑色 品牌06 大号 办公椅（可调节）,办公椅,品牌06,大号,可调节,黑色,16*1*1,16,DR07D,克里斯,收货,上架
PeRe12HeBl,黑色 品牌22 12 铅笔（六角形）,铅笔,品牌22,12,六角形,黑色,48*10*5,2400,AR97B,克里斯,收货,上架
GaXEMAdGr,灰色 品牌06 中号 游戏椅（可调节）,游戏椅,品牌06,中号,可调节,灰色,16*1*1,16,CU28A,克里斯,收货,上架
GaXELHePi,粉色 品牌06 大号 游戏椅（头枕）,游戏椅,品牌06,大号,头枕,粉色,16*1*1,16,DZ82F,艾米,收货,上架
SPGi12WaGr,灰色 品牌21 12 触控笔（水彩）,触控笔,品牌21,12,水彩,灰色,48*10*5,2400,CV97A,简,收货,上架
LaYn15i5Gr,灰色 品牌15 15英寸 笔记本电脑（第5代处理器）,笔记本电脑,品牌15,15英寸,第5代处理器,灰色,16*1*1,16,AP44C,约翰,收货,上架
TVYn75FHWh,白色 品牌15 75英寸 电视机（全高清）,电视机,品牌15,75英寸,全高清,白色,8*1*1,8,BV76B,亚历克斯,收货,上架
CuQE90LoBl,黑色 品牌01 900 储物柜（储物锁柜）,储物柜,品牌01,900,储物锁柜,黑色,8*1*1,8,DO18H,劳拉,收货,上架
OfXEMAdBl,黑色 品牌06 中号 办公椅（可调节）,办公椅,品牌06,中号,可调节,黑色,16*1*1,16,AM81H,艾米,收货,上架
GaOGLLeGr,灰色 品牌07 大号 游戏椅（皮革）,游戏椅,品牌07,大号,皮革,灰色,16*1*1,16,CH24H,约翰,收货,上架
LaSu1516Gr,灰色 品牌11 15英寸 笔记本电脑（16吉字节内存）,笔记本电脑,品牌11,15英寸,16吉字节内存,灰色,16*1*1,16,CM73D,克里斯,收货,上架
DrTE18DoWh,白色 品牌04 1800 抽屉柜（带门式）,抽屉柜,品牌04,1800,带门式,白色,8*1*1,8,DJ18A,亚历克斯,收货,上架
DrQE90DoGr,灰色 品牌01 900 抽屉柜（带门式）,抽屉柜,品牌01,900,带门式,灰色,8*1*1,8,DX47B,简,收货,上架
GaSESLePi,粉色 品牌08 小号 游戏椅（皮革）,游戏椅,品牌08,小号,皮革,粉色,16*1*1,16,CZ31A,艾米丽,收货,上架
GaOGSAdWh,白色 品牌07 小号 游戏椅（可调节）,游戏椅,品牌07,小号,可调节,白色,16*1*1,16,CH07F,约翰,收货,上架
KePH45WiBl,黑色 品牌12 450 键盘（有线）,键盘,品牌12,450,有线,黑色,16*10*1,160,CP71B,大卫,收货,上架
OfXELErBl,黑色 品牌06 大号 办公椅（人体工学）,办公椅,品牌06,大号,人体工学,黑色,16*1*1,16,DS11D,劳拉,收货,上架
MoPH27BlWh,白色 品牌12 270 鼠标（蓝牙）,鼠标,品牌12,270,蓝牙,白色,16*10*1,160,DJ20F,艾米,收货,上架
AlYn1432Si,银色 品牌15 14英寸 一体机（32吉字节内存）,一体机,品牌15,14英寸,32吉字节内存,银色,16*1*1,16,CW66A,亚历克斯,收货,上架
OfOGSLeBl,黑色 品牌07 小号 办公椅（皮革）,办公椅,品牌07,小号,皮革,黑色,16*1*1,16,AT06F,大卫,收货,上架
KeRe35MePi,粉色 品牌10 350 键盘（机械式）,键盘,品牌10,350,机械式,粉色,16*10*1,160,DO61H,约翰,收货,上架
CuQE18SlGr,灰色 品牌01 1800 储物柜（滑动式）,储物柜,品牌01,1800,滑动式,灰色,8*1*1,8,CG25E,简,收货,上架
AlSu1732Si,银色 品牌11 17英寸 一体机（32吉字节内存）,一体机,品牌11,17英寸,32吉字节内存,银色,16*1*1,16,BZ82H,艾米丽,收货,上架
PeGi24SoWh,白色 品牌21 24 铅笔（可溶性）,铅笔,品牌21,24,可溶性,白色,48*10*5,2400,DZ92H,克里斯,收货,上架
CaWE12DoWh,白色 品牌02 1200 文件柜（带门式）,文件柜,品牌02,1200,带门式,白色,8*1*1,8,BF51D,艾米丽,收货,上架
NoExA3liBl,黑色 品牌16 三号纸 笔记本（线条）,笔记本,品牌16,三号纸,线条,黑色,48*10*5,2400,BL13G,克里斯,收货,上架
OfSELErBl,黑色 品牌08 大号 办公椅（人体工学）,办公椅,品牌08,大号,人体工学,黑色,16*1*1,16,CH53B,约翰,收货,上架
KeRe35WiWh,白色 品牌10 350 键盘（有线）,键盘,品牌10,350,有线,白色,16*10*1,160,DW17D,大卫,收货,上架
TaCI10WoSi,银色 品牌27 1000 桌子（工作站）,桌子,品牌27,1000,工作站,银色,8*1*1,8,DO41B,简,收货,上架
DrTE12LoBl,黑色 品牌04 1200 抽屉柜（储物锁柜）,抽屉柜,品牌04,1200,储物锁柜,黑色,8*1*1,8,DG27D,简,收货,上架
LaSu178GBl,黑色 品牌11 17英寸 笔记本电脑（8吉字节内存）,笔记本电脑,品牌11,17英寸,8吉字节内存,黑色,16*1*1,16,CV82E,艾米丽,收货,上架
TVGn32SFSi,银色 品牌30 32英寸 电视机（超级全高清）,电视机,品牌30,32英寸,超级全高清,银色,8*1*1,8,CY31H,艾米,收货,上架
SPGi50HePi,粉色 品牌21 50 触控笔（六角形）,触控笔,品牌21,50,六角形,粉色,48*10*5,2400,BM77F,亚历克斯,收货,上架
KeRe27BlPi,粉色 品牌10 270 键盘（蓝牙）,键盘,品牌10,270,蓝牙,粉色,16*10*1,160,CI03H,艾米,收货,上架
PeRe50WaPi,粉色 品牌22 50 铅笔（水彩）,铅笔,品牌22,50,水彩,粉色,48*10*5,2400,CH82B,艾米丽,收货,上架
DrWE90LoBl,黑色 品牌02 900 抽屉柜（储物锁柜）,抽屉柜,品牌02,900,储物锁柜,黑色,8*1*1,8,CK45A,亚历克斯,收货,上架
GaAEMHeBl,黑色 品牌05 中号 游戏椅（头枕）,游戏椅,品牌05,中号,头枕,黑色,16*1*1,16,AT06C,莎拉,收货,上架
GaSEMHeWh,白色 品牌08 中号 游戏椅（头枕）,游戏椅,品牌08,中号,头枕,白色,16*1*1,16,BY02B,迈克,收货,上架
DrRG18SlBe,米色 品牌03 1800 抽屉柜（滑动式）,抽屉柜,品牌03,1800,滑动式,米色,8*1*1,8,DZ03A,艾米,收货,上架
CaWE12FiBe,米色 品牌02 1200 文件柜（文件收纳）,文件柜,品牌02,1200,文件收纳,米色,8*1*1,8,CZ64A,迈克,收货,上架
TVGn32S4Si,银色 品牌30 32英寸 电视机（超级超高清）,电视机,品牌30,32英寸,超级超高清,银色,8*1*1,8,CF86F,迈克,收货,上架
MoPH27WiWh,白色 品牌12 270 鼠标（有线）,鼠标,品牌12,270,有线,白色,16*10*1,160,CU37H,迈克,收货,上架
DrRG90SlBe,米色 品牌03 900 抽屉柜（滑动式）,抽屉柜,品牌03,900,滑动式,米色,8*1*1,8,CX96H,劳拉,收货,上架
LaSu17i7Si,银色 品牌11 17英寸 笔记本电脑（第7代处理器）,笔记本电脑,品牌11,17英寸,第7代处理器,银色,16*1*1,16,BV39E,大卫,收货,上架
OfXELLeBl,黑色 品牌06 大号 办公椅（皮革）,办公椅,品牌06,大号,皮革,黑色,16*1*1,16,AT46B,大卫,收货,上架
GaAEMHeGr,灰色 品牌05 中号 游戏椅（头枕）,游戏椅,品牌05,中号,头枕,灰色,16*1*1,16,DP82G,迈克,收货,上架
PeGi50WaBl,黑色 品牌21 50 铅笔（水彩）,铅笔,品牌21,50,水彩,黑色,48*10*5,2400,CN22F,迈克,收货,上架
NoScA4ruGr,灰色 品牌17 四号纸 笔记本（横线）,笔记本,品牌17,四号纸,横线,灰色,48*10*5,2400,AN69H,大卫,收货,上架
TaCI18FrGr,灰色 品牌27 1800 桌子（框架式）,桌子,品牌27,1800,框架式,灰色,8*1*1,8,DL18C,简,收货,上架
AlYn14i5Bl,黑色 品牌15 14英寸 一体机（第5代处理器）,一体机,品牌15,14英寸,第5代处理器,黑色,16*1*1,16,BY22F,约翰,收货,上架
KeSu45BlNa,藏青色 品牌11 450 键盘（蓝牙）,键盘,品牌11,450,蓝牙,藏青色,16*10*1,160,BF65B,劳拉,收货,上架
LaPH15i5Wh,白色 品牌12 15英寸 笔记本电脑（第5代处理器）,笔记本电脑,品牌12,15英寸,第5代处理器,白色,16*1*1,16,CL85B,约翰,收货,上架
NoExA4liBl,黑色 品牌16 四号纸 笔记本（线条）,笔记本,品牌16,四号纸,线条,黑色,48*10*5,2400,CP92H,大卫,收货,上架
NoGrA5liBl,黑色 品牌18 五号纸 笔记本（线条）,笔记本,品牌18,五号纸,线条,黑色,48*10*5,2400,DX04F,莎拉,收货,上架
NoMuA5liSi,银色 品牌19 五号纸 笔记本（线条）,笔记本,品牌19,五号纸,线条,银色,48*10*5,2400,CS43H,迈克,收货,上架
PrPHA2AlBl,黑色 品牌12 二号纸 打印机（一体式）,打印机,品牌12,二号纸,一体式,黑色,16*1*1,16,CU07H,约翰,收货,上架
OfOGSHeBl,黑色 品牌07 小号 办公椅（头枕）,办公椅,品牌07,小号,头枕,黑色,16*1*1,16,CX38D,亚历克斯,收货,上架
LaOv15i7Wh,白色 品牌13 15英寸 笔记本电脑（第7代处理器）,笔记本电脑,品牌13,15英寸,第7代处理器,白色,16*1*1,16,DS86C,劳拉,收货,上架
AlOv17i7Bl,黑色 品牌13 17英寸 一体机（第7代处理器）,一体机,品牌13,17英寸,第7代处理器,黑色,16*1*1,16,BW09E,亚历克斯,收货,上架
PeGi50SoPi,粉色 品牌21 50 铅笔（可溶性）,铅笔,品牌21,50,可溶性,粉色,48*10*5,2400,BG14G,艾米,收货,上架
CuQE18LoBe,米色 品牌01 1800 储物柜（储物锁柜）,储物柜,品牌01,1800,储物锁柜,米色,8*1*1,8,BN75C,简,收货,上架
OfOGSErWh,白色 品牌07 小号 办公椅（人体工学）,办公椅,品牌07,小号,人体工学,白色,16*1*1,16,CR44E,劳拉,收货,上架
GaSELErWh,白色 品牌08 大号 游戏椅（人体工学）,游戏椅,品牌08,大号,人体工学,白色,16*1*1,16,BN84H,劳拉,收货,上架
AlOv1516Bl,黑色 品牌13 15英寸 一体机（16吉字节内存）,一体机,品牌13,15英寸,16吉字节内存,黑色,16*1*1,16,CZ12C,艾米丽,收货,上架
CaWE12FiGr,灰色 品牌02 1200 文件柜（文件收纳）,文件柜,品牌02,1200,文件收纳,灰色,8*1*1,8,CG07F,亚历克斯,收货,上架
AlSu17i7Wh,白色 品牌11 17英寸 一体机（第7代处理器）,一体机,品牌11,17英寸,第7代处理器,白色,16*1*1,16,CN10C,约翰,收货,上架
TaAE15FrSi,银色 品牌05 1500 桌子（框架式）,桌子,品牌05,1500,框架式,银色,8*1*1,8,DF29B,简,收货,上架
AlRe1516Gr,灰色 品牌14 15英寸 一体机（16吉字节内存）,一体机,品牌14,15英寸,16吉字节内存,灰色,16*1*1,16,CX05G,大卫,收货,上架
TVYn32FHGr,灰色 品牌15 32英寸 电视机（全高清）,电视机,品牌15,32英寸,全高清,灰色,8*1*1,8,AI92C,艾米丽,收货,上架
LaYn17i7Bl,黑色 品牌15 17英寸 笔记本电脑（第7代处理器）,笔记本电脑,品牌15,17英寸,第7代处理器,黑色,16*1*1,16,DR55G,艾米,收货,上架
CuWE90SlBl,黑色 品牌02 900 储物柜（滑动式）,储物柜,品牌02,900,滑动式,黑色,8*1*1,8,BO79F,劳拉,收货,上架
TVYn75S4Gr,灰色 品牌15 75英寸 电视机（超级超高清）,电视机,品牌15,75英寸,超级超高清,灰色,8*1*1,8,CL44G,艾米丽,收货,上架
TaTR10FrBl,黑色 品牌29 1000 桌子（框架式）,桌子,品牌29,1000,框架式,黑色,8*1*1,8,CU25D,莎拉,收货,上架
LaSu15i5Gr,灰色 品牌11 15英寸 笔记本电脑（第5代处理器）,笔记本电脑,品牌11,15英寸,第5代处理器,灰色,16*1*1,16,AX53G,劳拉,收货,上架
CaQE12FiBl,黑色 品牌01 1200 文件柜（文件收纳）,文件柜,品牌01,1200,文件收纳,黑色,8*1*1,8,BH94B,简,收货,上架
GaAESLeWh,白色 品牌05 小号 游戏椅（皮革）,游戏椅,品牌05,小号,皮革,白色,16*1*1,16,BN55D,亚历克斯,收货,上架
DrTE18FiBl,黑色 品牌04 1800 抽屉柜（文件收纳）,抽屉柜,品牌04,1800,文件收纳,黑色,8*1*1,8,AH54A,亚历克斯,收货,上架
TaTR18FrWh,白色 品牌29 1800 桌子（框架式）,桌子,品牌29,1800,框架式,白色,8*1*1,8,DY40E,亚历克斯,收货,上架
PeGi12WaWh,白色 品牌21 12 铅笔（水彩）,铅笔,品牌21,12,水彩,白色,48*10*5,2400,DO70G,克里斯,收货,上架
LaYn14i7Si,银色 品牌15 14英寸 笔记本电脑（第7代处理器）,笔记本电脑,品牌15,14英寸,第7代处理器,银色,16*1*1,16,BZ29C,莎拉,收货,上架
DrWE12SlWh,白色 品牌02 1200 抽屉柜（滑动式）,抽屉柜,品牌02,1200,滑动式,白色,8*1*1,8,AH19G,大卫,收货,上架
DrWE18SlWh,白色 品牌02 1800 抽屉柜（滑动式）,抽屉柜,品牌02,1800,滑动式,白色,8*1*1,8,BH38H,莎拉,收货,上架
CuTE18DoBl,黑色 品牌04 1800 储物柜（带门式）,储物柜,品牌04,1800,带门式,黑色,8*1*1,8,CK14A,劳拉,收货,上架
NoExA3doGr,灰色 品牌16 三号纸 笔记本（点阵）,笔记本,品牌16,三号纸,点阵,灰色,48*10*5,2400,CM29G,艾米丽,收货,上架
TaTR10WoWh,白色 品牌28 1000 桌子（工作站）,桌子,品牌28,1000,工作站,白色,8*1*1,8,CQ22E,约翰,收货,上架
TVGL32S4Bl,黑色 品牌31 32英寸 电视机（超级超高清）,电视机,品牌31,32英寸,超级超高清,黑色,8*1*1,8,BV70A,大卫,收货,上架
PeNa24SoBl,黑色 品牌23 24 铅笔（可溶性）,铅笔,品牌23,24,可溶性,黑色,48*10*5,2400,CK10D,克里斯,收货,上架
MoPH45MeWh,白色 品牌12 450 鼠标（机械式）,鼠标,品牌12,450,机械式,白色,16*10*1,160,CQ66B,大卫,收货,上架
CuRG18SlGr,灰色 品牌03 1800 储物柜（滑动式）,储物柜,品牌03,1800,滑动式,灰色,8*1*1,8,BY58B,简,收货,上架
LaYn1732Bl,黑色 品牌15 17英寸 笔记本电脑（32吉字节内存）,笔记本电脑,品牌15,17英寸,32吉字节内存,黑色,16*1*1,16,AO97B,迈克,收货,上架
KeHc45BlWh,白色 品牌09 450 键盘（蓝牙）,键盘,品牌09,450,蓝牙,白色,16*10*1,160,AI01H,简,收货,上架
TaTR18WoSi,银色 品牌28 1800 桌子（工作站）,桌子,品牌28,1800,工作站,银色,8*1*1,8,AX56H,简,收货,上架
LaPH15i7Gr,灰色 品牌12 15英寸 笔记本电脑（第7代处理器）,笔记本电脑,品牌12,15英寸,第7代处理器,灰色,16*1*1,16,DF96E,迈克,收货,上架
TVGL504KBl,黑色 品牌31 50英寸 电视机（超高清）,电视机,品牌31,50英寸,超高清,黑色,8*1*1,8,AY77C,大卫,收货,上架
TVYn65S4Bl,黑色 品牌15 65英寸 电视机（超级超高清）,电视机,品牌15,65英寸,超级超高清,黑色,8*1*1,8,DQ52E,艾米,收货,上架
KeRe35MeBl,黑色 品牌10 350 键盘（机械式）,键盘,品牌10,350,机械式,黑色,16*10*1,160,BN32G,约翰,收货,上架
DrRG18LoGr,灰色 品牌03 1800 抽屉柜（储物锁柜）,抽屉柜,品牌03,1800,储物锁柜,灰色,8*1*1,8,CM27E,艾米,收货,上架
MoSu45WiPi,粉色 品牌11 450 鼠标（有线）,鼠标,品牌11,450,有线,粉色,16*10*1,160,AR63C,劳拉,收货,上架
AlRe15i7Gr,灰色 品牌14 15英寸 一体机（第7代处理器）,一体机,品牌14,15英寸,第7代处理器,灰色,16*1*1,16,CK70B,艾米丽,收货,上架
CaRG90DoWh,白色 品牌03 900 文件柜（带门式）,文件柜,品牌03,900,带门式,白色,8*1*1,8,AN13B,艾米丽,收货,上架
PrReA4MoWh,白色 品牌24 四号纸 打印机（黑白）,打印机,品牌24,四号纸,黑白,白色,16*1*1,16,DH51F,亚历克斯,收货,上架
KeRe35WiPi,粉色 品牌10 350 键盘（有线）,键盘,品牌10,350,有线,粉色,16*10*1,160,DJ16G,莎拉,收货,上架
TaTR18WoWh,白色 品牌29 1800 桌子（工作站）,桌子,品牌29,1800,工作站,白色,8*1*1,8,BK62E,莎拉,收货,上架
DrTE12DoBl,黑色 品牌04 1200 抽屉柜（带门式）,抽屉柜,品牌04,1200,带门式,黑色,8*1*1,8,BQ32B,克里斯,收货,上架
MoPH27WiWh,白色 品牌12 270 鼠标（有线）,鼠标,品牌12,270,有线,白色,16*10*1,160,CK31H,亚历克斯,收货,上架
DrRG90SlWh,白色 品牌03 900 抽屉柜（滑动式）,抽屉柜,品牌03,900,滑动式,白色,8*1*1,8,BX62G,迈克,收货,上架
LaPH17i7Si,银色 品牌12 17英寸 笔记本电脑（第7代处理器）,笔记本电脑,品牌12,17英寸,第7代处理器,银色,16*1*1,16,AO15H,约翰,收货,上架
LaRe15i7Gr,灰色 品牌14 15英寸 笔记本电脑（第7代处理器）,笔记本电脑,品牌14,15英寸,第7代处理器,灰色,16*1*1,16,BM47F,简,收货,上架
TVYn42FHGr,灰色 品牌15 42英寸 电视机（全高清）,电视机,品牌15,42英寸,全高清,灰色,8*1*1,8,DS35H,克里斯,收货,上架
TaCI10AdBl,黑色 品牌27 1000 桌子（可调节）,桌子,品牌27,1000,可调节,黑色,8*1*1,8,CF09G,大卫,收货,上架
SPGi12WaPi,粉色 品牌21 12 触控笔（水彩）,触控笔,品牌21,12,水彩,粉色,48*10*5,2400,AU33B,克里斯,收货,上架
LaOv17i5Wh,白色 品牌13 17英寸 笔记本电脑（第5代处理器）,笔记本电脑,品牌13,17英寸,第5代处理器,白色,16*1*1,16,BN30H,莎拉,收货,上架
MoRe45WiWh,白色 品牌10 450 鼠标（有线）,鼠标,品牌10,450,有线,白色,16*10*1,160,DG45C,亚历克斯,收货,上架
PrNoA2WiBl,黑色 品牌26 二号纸 打印机（无线网络）,打印机,品牌26,二号纸,无线网络,黑色,16*1*1,16,DQ91F,简,收货,上架
NoExA4doBl,黑色 品牌16 四号纸 笔记本（点阵）,笔记本,品牌16,四号纸,点阵,黑色,48*10*5,2400,BZ62D,克里斯,收货,上架
NoMuA4liWh,白色 品牌19 四号纸 笔记本（线条）,笔记本,品牌19,四号纸,线条,白色,48*10*5,2400,BQ38D,艾米丽,收货,上架
LaRe17i5Wh,白色 品牌14 17英寸 笔记本电脑（第5代处理器）,笔记本电脑,品牌14,17英寸,第5代处理器,白色,16*1*1,16,DZ56G,莎拉,收货,上架
LaYn14i7Gr,灰色 品牌15 14英寸 笔记本电脑（第7代处理器）,笔记本电脑,品牌15,14英寸,第7代处理器,灰色,16*1*1,16,BW84H,艾米丽,收货,上架
PrNoA4AlGr,灰色 品牌26 四号纸 打印机（一体式）,打印机,品牌26,四号纸,一体式,灰色,16*1*1,16,BP42A,艾米丽,收货,上架
TVGn32FHWh,白色 品牌30 32英寸 电视机（全高清）,电视机,品牌30,32英寸,全高清,白色,8*1*1,8,BP60D,大卫,收货,上架
OfXELAdWh,白色 品牌06 大号 办公椅（可调节）,办公椅,品牌06,大号,可调节,白色,16*1*1,16,DX90E,莎拉,收货,上架
TVGn50S4Bl,黑色 品牌30 50英寸 电视机（超级超高清）,电视机,品牌30,50英寸,超级超高清,黑色,8*1*1,8,DX73D,大卫,收货,上架
GaOGLHePi,粉色 品牌07 大号 游戏椅（头枕）,游戏椅,品牌07,大号,头枕,粉色,16*1*1,16,CQ02B,约翰,收货,上架
MoHc35ErNa,藏青色 品牌09 350 鼠标（人体工学）,鼠标,品牌09,350,人体工学,藏青色,16*10*1,160,DF17F,亚历克斯,收货,上架
TaAE18AuBl,黑色 品牌05 1800 桌子（自动调节）,桌子,品牌05,1800,自动调节,黑色,8*1*1,8,BY95C,艾米丽,收货,上架
CaWE18LoBe,米色 品牌02 1800 文件柜（储物锁柜）,文件柜,品牌02,1800,储物锁柜,米色,8*1*1,8,AX28E,亚历克斯,收货,上架
SPAl24HeBl,黑色 品牌20 24 触控笔（六角形）,触控笔,品牌20,24,六角形,黑色,48*10*5,2400,AF72D,亚历克斯,收货,上架
SPRe12HePi,粉色 品牌22 12 触控笔（六角形）,触控笔,品牌22,12,六角形,粉色,48*10*5,2400,CN56A,大卫,收货,上架
TVYn75FHBl,黑色 品牌15 75英寸 电视机（全高清）,电视机,品牌15,75英寸,全高清,黑色,8*1*1,8,DX27F,简,收货,上架
MoSu35ErWh,白色 品牌11 350 鼠标（人体工学）,鼠标,品牌11,350,人体工学,白色,16*10*1,160,CY25G,亚历克斯,收货,上架
DrQE90FiBe,米色 品牌01 900 抽屉柜（文件收纳）,抽屉柜,品牌01,900,文件收纳,米色,8*1*1,8,CI31A,亚历克斯,收货,上架
TVGn50FHSi,银色 品牌30 50英寸 电视机（全高清）,电视机,品牌30,50英寸,全高清,银色,8*1*1,8,DT83B,莎拉,收货,上架
CaRG90LoBe,米色 品牌03 900 文件柜（储物锁柜）,文件柜,品牌03,900,储物锁柜,米色,8*1*1,8,AS53F,艾米丽,收货,上架
AlPH178GGr,灰色 品牌12 17英寸 一体机（8吉字节内存）,一体机,品牌12,17英寸,8吉字节内存,灰色,16*1*1,16,AT72G,克里斯,收货,上架
PrSoA4AlMi,混合色 品牌25 四号纸 打印机（一体式）,打印机,品牌25,四号纸,一体式,混合色,16*1*1,16,BR58B,莎拉,收货,上架
CuRG18LoWh,白色 品牌03 1800 储物柜（储物锁柜）,储物柜,品牌03,1800,储物锁柜,白色,8*1*1,8,DG59F,艾米,收货,上架
SPNa50WaBl,黑色 品牌23 50 触控笔（水彩）,触控笔,品牌23,50,水彩,黑色,48*10*5,2400,CP30D,大卫,收货,上架
CaQE90SlBl,黑色 品牌01 900 文件柜（滑动式）,文件柜,品牌01,900,滑动式,黑色,8*1*1,8,BU05H,艾米,收货,上架
LaSu17i5Si,银色 品牌11 17英寸 笔记本电脑（第5代处理器）,笔记本电脑,品牌11,17英寸,第5代处理器,银色,16*1*1,16,DR53G,莎拉,收货,上架
OfAESLePi,粉色 品牌05 小号 办公椅（皮革）,办公椅,品牌05,小号,皮革,粉色,16*1*1,16,DO43G,简,收货,上架
LaSu1732Bl,黑色 品牌11 17英寸 笔记本电脑（32吉字节内存）,笔记本电脑,品牌11,17英寸,32吉字节内存,黑色,16*1*1,16,BN56D,约翰,收货,上架
CaTE12FiWh,白色 品牌04 1200 文件柜（文件收纳）,文件柜,品牌04,1200,文件收纳,白色,8*1*1,8,DY72B,大卫,收货,上架
NoExA5liSi,银色 品牌16 五号纸 笔记本（线条）,笔记本,品牌16,五号纸,线条,银色,48*10*5,2400,DJ39G,劳拉,收货,上架
AlRe14i5Bl,黑色 品牌14 14英寸 一体机（第5代处理器）,一体机,品牌14,14英寸,第5代处理器,黑色,16*1*1,16,DM29B,克里斯,收货,上架
CuRG90SlBl,黑色 品牌03 900 储物柜（滑动式）,储物柜,品牌03,900,滑动式,黑色,8*1*1,8,BQ87D,克里斯,收货,上架
OfOGLHeGr,灰色 品牌07 大号 办公椅（头枕）,办公椅,品牌07,大号,头枕,灰色,16*1*1,16,AX16H,迈克,收货,上架
TVGL50SFBl,黑色 品牌31 50英寸 电视机（超级全高清）,电视机,品牌31,50英寸,超级全高清,黑色,8*1*1,8,BX67E,简,收货,上架
GaSESErBl,黑色 品牌08 小号 游戏椅（人体工学）,游戏椅,品牌08,小号,人体工学,黑色,16*1*1,16,CW74B,简,收货,上架
LaRe14i7Wh,白色 品牌14 14英寸 笔记本电脑（第7代处理器）,笔记本电脑,品牌14,14英寸,第7代处理器,白色,16*1*1,16,AO23F,劳拉,收货,上架
LaRe1416Gr,灰色 品牌14 14英寸 笔记本电脑（16吉字节内存）,笔记本电脑,品牌14,14英寸,16吉字节内存,灰色,16*1*1,16,DF73H,亚历克斯,收货,上架
CuRG12FiWh,白色 品牌03 1200 储物柜（文件收纳）,储物柜,品牌03,1200,文件收纳,白色,8*1*1,8,AT71E,克里斯,收货,上架
OfSELHePi,粉色 品牌08 大号 办公椅（头枕）,办公椅,品牌08,大号,头枕,粉色,16*1*1,16,DS81F,约翰,收货,上架
TVGL42S4Gr,灰色 品牌31 42英寸 电视机（超级超高清）,电视机,品牌31,42英寸,超级超高清,灰色,8*1*1,8,AZ34D,艾米,收货,上架
TVYn50S4Bl,黑色 品牌15 50英寸 电视机（超级超高清）,电视机,品牌15,50英寸,超级超高清,黑色,8*1*1,8,BY54C,莎拉,收货,上架
AlPH1432Si,银色 品牌12 14英寸 一体机（32吉字节内存）,一体机,品牌12,14英寸,32吉字节内存,银色,16*1*1,16,CJ60B,莎拉,收货,上架
CuWE18LoBe,米色 品牌02 1800 储物柜（储物锁柜）,储物柜,品牌02,1800,储物锁柜,米色,8*1*1,8,BY98E,简,收货,上架
GaXESAdWh,白色 品牌06 小号 游戏椅（可调节）,游戏椅,品牌06,小号,可调节,白色,16*1*1,16,AV76A,约翰,收货,上架
MoRe35MePi,粉色 品牌10 350 鼠标（机械式）,鼠标,品牌10,350,机械式,粉色,16*10*1,160,CM23A,大卫,收货,上架
CuTE90LoBl,黑色 品牌04 900 储物柜（储物锁柜）,储物柜,品牌04,900,储物锁柜,黑色,8*1*1,8,BX63G,亚历克斯,收货,上架
AlYn1416Si,银色 品牌15 14英寸 一体机（16吉字节内存）,一体机,品牌15,14英寸,16吉字节内存,银色,16*1*1,16,CF43G,艾米丽,收货,上架
TVEs42FHBl,黑色 品牌32 42英寸 电视机（全高清）,电视机,品牌32,42英寸,全高清,黑色,8*1*1,8,BR77D,约翰,收货,上架
LaYn1432Bl,黑色 品牌15 14英寸 笔记本电脑（32吉字节内存）,笔记本电脑,品牌15,14英寸,32吉字节内存,黑色,16*1*1,16,CF21G,大卫,收货,上架
CaWE90SlBe,米色 品牌02 900 文件柜（滑动式）,文件柜,品牌02,900,滑动式,米色,8*1*1,8,AP20G,克里斯,收货,上架
LaSu148GWh,白色 品牌11 14英寸 笔记本电脑（8吉字节内存）,笔记本电脑,品牌11,14英寸,8吉字节内存,白色,16*1*1,16,BY21C,约翰,收货,上架
PeRe12SoWh,白色 品牌22 12 铅笔（可溶性）,铅笔,品牌22,12,可溶性,白色,48*10*5,2400,DL06B,艾米,收货,上架
LaPH17i7Si,银色 品牌12 17英寸 笔记本电脑（第7代处理器）,笔记本电脑,品牌12,17英寸,第7代处理器,银色,16*1*1,16,CQ71G,大卫,收货,上架
NoGrA5ruBl,黑色 品牌18 五号纸 笔记本（横线）,笔记本,品牌18,五号纸,横线,黑色,48*10*5,2400,BI45F,亚历克斯,收货,上架
CuTE18SlGr,灰色 品牌04 1800 储物柜（滑动式）,储物柜,品牌04,1800,滑动式,灰色,8*1*1,8,BV34F,大卫,收货,上架
CaRG12LoWh,白色 品牌03 1200 文件柜（储物锁柜）,文件柜,品牌03,1200,储物锁柜,白色,8*1*1,8,AS71A,克里斯,收货,上架
AlPH148GWh,白色 品牌12 14英寸 一体机（8吉字节内存）,一体机,品牌12,14英寸,8吉字节内存,白色,16*1*1,16,BT66C,劳拉,收货,上架
LaOv17i7Si,银色 品牌13 17英寸 笔记本电脑（第7代处理器）,笔记本电脑,品牌13,17英寸,第7代处理器,银色,16*1*1,16,AJ44H,莎拉,收货,上架
NoGrA3ruSi,银色 品牌18 三号纸 笔记本（横线）,笔记本,品牌18,三号纸,横线,银色,48*10*5,2400,BQ73E,亚历克斯,收货,上架
NoMuA5doGr,灰色 品牌19 五号纸 笔记本（点阵）,笔记本,品牌19,五号纸,点阵,灰色,48*10*5,2400,CR72H,莎拉,收货,上架
GaXESLeBl,黑色 品牌06 小号 游戏椅（皮革）,游戏椅,品牌06,小号,皮革,黑色,16*1*1,16,AN49B,克里斯,收货,上架
PrNoA3InMi,混合色 品牌26 三号纸 打印机（喷墨）,打印机,品牌26,三号纸,喷墨,混合色,16*1*1,16,DZ85G,劳拉,收货,上架
OfSESLePi,粉色 品牌08 小号 办公椅（皮革）,办公椅,品牌08,小号,皮革,粉色,16*1*1,16,AM64A,莎拉,收货,上架
CaRG18FiWh,白色 品牌03 1800 文件柜（文件收纳）,文件柜,品牌03,1800,文件收纳,白色,8*1*1,8,AL49G,莎拉,收货,上架
AlYn1716Gr,灰色 品牌15 17英寸 一体机（16吉字节内存）,一体机,品牌15,17英寸,16吉字节内存,灰色,16*1*1,16,DN42C,迈克,收货,上架
LaSu1416Si,银色 品牌11 14英寸 笔记本电脑（16吉字节内存）,笔记本电脑,品牌11,14英寸,16吉字节内存,银色,16*1*1,16,CH52F,简,收货,上架
TaTR10WoGr,灰色 品牌28 1000 桌子（工作站）,桌子,品牌28,1000,工作站,灰色,8*1*1,8,AI92F,大卫,收货,上架
TVGL50SFGr,灰色 品牌31 50英寸 电视机（超级全高清）,电视机,品牌31,50英寸,超级全高清,灰色,8*1*1,8,BS29H,莎拉,收货,上架
PrSoA4InBl,黑色 品牌25 四号纸 打印机（喷墨）,打印机,品牌25,四号纸,喷墨,黑色,16*1*1,16,BV06A,克里斯,收货,上架
KeSu35WiWh,白色 品牌11 350 键盘（有线）,键盘,品牌11,350,有线,白色,16*10*1,160,AH15E,约翰,收货,上架
PeNa50WaPi,粉色 品牌23 50 铅笔（水彩）,铅笔,品牌23,50,水彩,粉色,48*10*5,2400,CP24G,艾米,收货,上架
OfAEMErBl,黑色 品牌05 中号 办公椅（人体工学）,办公椅,品牌05,中号,人体工学,黑色,16*1*1,16,CO09B,迈克,收货,上架
AlPH17i7Gr,灰色 品牌12 17英寸 一体机（第7代处理器）,一体机,品牌12,17英寸,第7代处理器,灰色,16*1*1,16,BG40B,约翰,收货,上架
TVGL424KSi,银色 品牌31 42英寸 电视机（超高清）,电视机,品牌31,42英寸,超高清,银色,8*1*1,8,CH54G,艾米,收货,上架
CaQE18LoBl,黑色 品牌01 1800 文件柜（储物锁柜）,文件柜,品牌01,1800,储物锁柜,黑色,8*1*1,8,BR82G,约翰,收货,上架
DrQE18FiGr,灰色 品牌01 1800 抽屉柜（文件收纳）,抽屉柜,品牌01,1800,文件收纳,灰色,8*1*1,8,BQ55C,克里斯,收货,上架
TVGn324KSi,银色 品牌30 32英寸 电视机（超高清）,电视机,品牌30,32英寸,超高清,银色,8*1*1,8,CS02D,克里斯,收货,上架
LaOv158GBl,黑色 品牌13 15英寸 笔记本电脑（8吉字节内存）,笔记本电脑,品牌13,15英寸,8吉字节内存,黑色,16*1*1,16,CM82E,简,收货,上架
KeSu35ErBl,黑色 品牌11 350 键盘（人体工学）,键盘,品牌11,350,人体工学,黑色,16*10*1,160,AL54D,艾米丽,收货,上架
PrSoA4InMi,混合色 品牌25 四号纸 打印机（喷墨）,打印机,品牌25,四号纸,喷墨,混合色,16*1*1,16,CH23B,艾米,收货,上架
TVGL42S4Bl,黑色 品牌31 42英寸 电视机（超级超高清）,电视机,品牌31,42英寸,超级超高清,黑色,8*1*1,8,AM48F,莎拉,收货,上架
PrReA3InBl,黑色 品牌24 三号纸 打印机（喷墨）,打印机,品牌24,三号纸,喷墨,黑色,16*1*1,16,CG68G,简,收货,上架
PeAl12HePi,粉色 品牌20 12 铅笔（六角形）,铅笔,品牌20,12,六角形,粉色,48*10*5,2400,BF50H,艾米丽,收货,上架
KePH45BlBl,黑色 品牌12 450 键盘（蓝牙）,键盘,品牌12,450,蓝牙,黑色,16*10*1,160,CY68C,大卫,收货,上架
CaTE12FiBe,米色 品牌04 1200 文件柜（文件收纳）,文件柜,品牌04,1200,文件收纳,米色,8*1*1,8,DG73A,迈克,收货,上架
DrRG12DoWh,白色 品牌03 1200 抽屉柜（带门式）,抽屉柜,品牌03,1200,带门式,白色,8*1*1,8,CI79F,约翰,收货,上架
KeSu35ErPi,粉色 品牌11 350 键盘（人体工学）,键盘,品牌11,350,人体工学,粉色,16*10*1,160,BH83A,莎拉,收货,上架
MoHc27BlWh,白色 品牌09 270 鼠标（蓝牙）,鼠标,品牌09,270,蓝牙,白色,16*10*1,160,BW58F,艾米,收货,上架
LaOv15i7Bl,黑色 品牌13 15英寸 笔记本电脑（第7代处理器）,笔记本电脑,品牌13,15英寸,第7代处理器,黑色,16*1*1,16,CG70D,莎拉,收货,上架
PeRe24HeWh,白色 品牌22 24 铅笔（六角形）,铅笔,品牌22,24,六角形,白色,48*10*5,2400,CY07F,艾米丽,收货,上架
CaWE18SlGr,灰色 品牌02 1800 文件柜（滑动式）,文件柜,品牌02,1800,滑动式,灰色,8*1*1,8,BU70D,简,收货,上架
TVYn32S4Bl,黑色 品牌15 32英寸 电视机（超级超高清）,电视机,品牌15,32英寸,超级超高清,黑色,8*1*1,8,AK92D,大卫,收货,上架
LaYn17i7Bl,黑色 品牌15 17英寸 笔记本电脑（第7代处理器）,笔记本电脑,品牌15,17英寸,第7代处理器,黑色,16*1*1,16,AH57D,劳拉,收货,上架
TVYn654KWh,白色 品牌15 65英寸 电视机（超高清）,电视机,品牌15,65英寸,超高清,白色,8*1*1,8,BW48C,艾米,收货,上架
CaRG90SlWh,白色 品牌03 900 文件柜（滑动式）,文件柜,品牌03,900,滑动式,白色,8*1*1,8,CF65A,大卫,收货,上架
SPRe12WaPi,粉色 品牌22 12 触控笔（水彩）,触控笔,品牌22,12,水彩,粉色,48*10*5,2400,DT09A,莎拉,收货,上架
DrQE90LoBl,黑色 品牌01 900 抽屉柜（储物锁柜）,抽屉柜,品牌01,900,储物锁柜,黑色,8*1*1,8,DK17A,艾米,收货,上架
CuRG18SlBl,黑色 品牌03 1800 储物柜（滑动式）,储物柜,品牌03,1800,滑动式,黑色,8*1*1,8,AK09A,艾米,收货,上架
TVEs50FHSi,银色 品牌32 50英寸 电视机（全高清）,电视机,品牌32,50英寸,全高清,银色,8*1*1,8,BH92F,大卫,收货,上架
TVGn75S4Wh,白色 品牌30 75英寸 电视机（超级超高清）,电视机,品牌30,75英寸,超级超高清,白色,8*1*1,8,AY64G,克里斯,收货,上架
PrReA3InBl,黑色 品牌24 三号纸 打印机（喷墨）,打印机,品牌24,三号纸,喷墨,黑色,16*1*1,16,CI28G,简,收货,上架
PrPHA4LaWh,白色 品牌12 四号纸 打印机（激光）,打印机,品牌12,四号纸,激光,白色,16*1*1,16,BW82E,莎拉,收货,上架
AlOv14i5Wh,白色 品牌13 14英寸 一体机（第5代处理器）,一体机,品牌13,14英寸,第5代处理器,白色,16*1*1,16,AY92G,亚历克斯,收货,上架
PrNoA4InBl,黑色 品牌26 四号纸 打印机（喷墨）,打印机,品牌26,四号纸,喷墨,黑色,16*1*1,16,AF73F,亚历克斯,收货,上架
PrNoA2WiWh,白色 品牌26 二号纸 打印机（无线网络）,打印机,品牌26,二号纸,无线网络,白色,16*1*1,16,AM70A,迈克,收货,上架
TVEs32SFSi,银色 品牌32 32英寸 电视机（超级全高清）,电视机,品牌32,32英寸,超级全高清,银色,8*1*1,8,AM76H,亚历克斯,收货,上架
AlSu17i5Wh,白色 品牌11 17英寸 一体机（第5代处理器）,一体机,品牌11,17英寸,第5代处理器,白色,16*1*1,16,AM15C,劳拉,收货,上架
LaYn1416Gr,灰色 品牌15 14英寸 笔记本电脑（16吉字节内存）,笔记本电脑,品牌15,14英寸,16吉字节内存,灰色,16*1*1,16,CV88B,艾米,收货,上架
TVYn75SFGr,灰色 品牌15 75英寸 电视机（超级全高清）,电视机,品牌15,75英寸,超级全高清,灰色,8*1*1,8,AL08B,大卫,收货,上架
AlOv1532Bl,黑色 品牌13 15英寸 一体机（32吉字节内存）,一体机,品牌13,15英寸,32吉字节内存,黑色,16*1*1,16,AY20H,简,收货,上架
PrNoA4LaGr,灰色 品牌26 四号纸 打印机（激光）,打印机,品牌26,四号纸,激光,灰色,16*1*1,16,CH63H,艾米丽,收货,上架
SPGi24SoBl,黑色 品牌21 24 触控笔（可溶性）,触控笔,品牌21,24,可溶性,黑色,48*10*5,2400,AJ38D,约翰,收货,上架
KeSu35BlNa,藏青色 品牌11 350 键盘（蓝牙）,键盘,品牌11,350,蓝牙,藏青色,16*10*1,160,DV03A,劳拉,收货,上架
TaAE10FrGr,灰色 品牌05 1000 桌子（框架式）,桌子,品牌05,1000,框架式,灰色,8*1*1,8,CK41C,艾米,收货,上架
MoSu45WiBl,黑色 品牌11 450 鼠标（有线）,鼠标,品牌11,450,有线,黑色,16*10*1,160,AJ05D,大卫,收货,上架
CuRG18SlBe,米色 品牌03 1800 储物柜（滑动式）,储物柜,品牌03,1800,滑动式,米色,8*1*1,8,AS70A,劳拉,收货,上架
PeGi50HeGr,灰色 品牌21 50 铅笔（六角形）,铅笔,品牌21,50,六角形,灰色,48*10*5,2400,BJ35H,劳拉,收货,上架
PrSoA4MoWh,白色 品牌25 四号纸 打印机（黑白）,打印机,品牌25,四号纸,黑白,白色,16*1*1,16,BW25E,大卫,收货,上架
LaRe148GBl,黑色 品牌14 14英寸 笔记本电脑（8吉字节内存）,笔记本电脑,品牌14,14英寸,8吉字节内存,黑色,16*1*1,16,AW51H,约翰,收货,上架
AlPH1516Wh,白色 品牌12 15英寸 一体机（16吉字节内存）,一体机,品牌12,15英寸,16吉字节内存,白色,16*1*1,16,CS39F,劳拉,收货,上架
NoExA4doWh,白色 品牌16 四号纸 笔记本（点阵）,笔记本,品牌16,四号纸,点阵,白色,48*10*5,2400,DT07B,克里斯,收货,上架
OfSELHeWh,白色 品牌08 大号 办公椅（头枕）,办公椅,品牌08,大号,头枕,白色,16*1*1,16,BT30E,艾米丽,收货,上架
PrNoA4LaWh,白色 品牌26 四号纸 打印机（激光）,打印机,品牌26,四号纸,激光,白色,16*1*1,16,BR86C,亚历克斯,收货,上架
MoRe45WiWh,白色 品牌10 450 鼠标（有线）,鼠标,品牌10,450,有线,白色,16*10*1,160,CX11F,简,收货,上架
PeRe12SoBl,黑色 品牌22 12 铅笔（可溶性）,铅笔,品牌22,12,可溶性,黑色,48*10*5,2400,AQ22A,约翰,收货,上架
AlPH1516Wh,白色 品牌12 15英寸 一体机（16吉字节内存）,一体机,品牌12,15英寸,16吉字节内存,白色,16*1*1,16,CV25F,艾米丽,收货,上架
TVYn32FHGr,灰色 品牌15 32英寸 电视机（全高清）,电视机,品牌15,32英寸,全高清,灰色,8*1*1,8,DK33C,约翰,收货,上架
LaYn15i5Si,银色 品牌15 15英寸 笔记本电脑（第5代处理器）,笔记本电脑,品牌15,15英寸,第5代处理器,银色,16*1*1,16,DK65F,亚历克斯,收货,上架
OfAELLeGr,灰色 品牌05 大号 办公椅（皮革）,办公椅,品牌05,大号,皮革,灰色,16*1*1,16,DG44E,大卫,收货,上架
GaSELHePi,粉色 品牌08 大号 游戏椅（头枕）,游戏椅,品牌08,大号,头枕,粉色,16*1*1,16,BO49F,艾米,收货,上架
OfSEMAdBl,黑色 品牌08 中号 办公椅（可调节）,办公椅,品牌08,中号,可调节,黑色,16*1*1,16,BN26C,莎拉,收货,上架
MoHc27ErWh,白色 品牌09 270 鼠标（人体工学）,鼠标,品牌09,270,人体工学,白色,16*10*1,160,AU23F,艾米,收货,上架
SPAl12WaGr,灰色 品牌20 12 触控笔（水彩）,触控笔,品牌20,12,水彩,灰色,48*10*5,2400,DL01C,约翰,收货,上架
DrRG12SlBe,米色 品牌03 1200 抽屉柜（滑动式）,抽屉柜,品牌03,1200,滑动式,米色,8*1*1,8,DG84C,艾米,收货,上架
LaSu17i5Gr,灰色 品牌11 17英寸 笔记本电脑（第5代处理器）,笔记本电脑,品牌11,17英寸,第5代处理器,灰色,16*1*1,16,DV16A,艾米丽,收货,上架
SPGi24HeGr,灰色 品牌21 24 触控笔（六角形）,触控笔,品牌21,24,六角形,灰色,48*10*5,2400,DK71C,大卫,收货,上架
TaTR18WoGr,灰色 品牌29 1800 桌子（工作站）,桌子,品牌29,1800,工作站,灰色,8*1*1,8,DO90B,约翰,收货,上架
DrRG12FiGr,灰色 品牌03 1200 抽屉柜（文件收纳）,抽屉柜,品牌03,1200,文件收纳,灰色,8*1*1,8,AZ24A,劳拉,收货,上架
MoPH35ErBl,黑色 品牌12 350 鼠标（人体工学）,鼠标,品牌12,350,人体工学,黑色,16*10*1,160,CH23C,迈克,收货,上架
KeRe35WiPi,粉色 品牌10 350 键盘（有线）,键盘,品牌10,350,有线,粉色,16*10*1,160,DR28D,艾米,收货,上架
OfXESHeWh,白色 品牌06 小号 办公椅（头枕）,办公椅,品牌06,小号,头枕,白色,16*1*1,16,CP86G,亚历克斯,收货,上架
LaSu1532Si,银色 品牌11 15英寸 笔记本电脑（32吉字节内存）,笔记本电脑,品牌11,15英寸,32吉字节内存,银色,16*1*1,16,CN22H,亚历克斯,收货,上架
PeGi24SoWh,白色 品牌21 24 铅笔（可溶性）,铅笔,品牌21,24,可溶性,白色,48*10*5,2400,CQ61G,莎拉,收货,上架
AlPH14i5Gr,灰色 品牌12 14英寸 一体机（第5代处理器）,一体机,品牌12,14英寸,第5代处理器,灰色,16*1*1,16,DN86C,大卫,收货,上架
KePH35ErWh,白色 品牌12 350 键盘（人体工学）,键盘,品牌12,350,人体工学,白色,16*10*1,160,DO26B,约翰,收货,上架
AlOv17i7Gr,灰色 品牌13 17英寸 一体机（第7代处理器）,一体机,品牌13,17英寸,第7代处理器,灰色,16*1*1,16,BN65D,艾米丽,收货,上架
CuQE18LoGr,灰色 品牌01 1800 储物柜（储物锁柜）,储物柜,品牌01,1800,储物锁柜,灰色,8*1*1,8,DP54D,亚历克斯,收货,上架
LaOv1516Wh,白色 品牌13 15英寸 笔记本电脑（16吉字节内存）,笔记本电脑,品牌13,15英寸,16吉字节内存,白色,16*1*1,16,CP69A,迈克,收货,上架
LaPH15i5Si,银色 品牌12 15英寸 笔记本电脑（第5代处理器）,笔记本电脑,品牌12,15英寸,第5代处理器,银色,16*1*1,16,DH11H,约翰,收货,上架
OfOGSHeWh,白色 品牌07 小号 办公椅（头枕）,办公椅,品牌07,小号,头枕,白色,16*1*1,16,AL38H,亚历克斯,收货,上架
MoSu27ErBl,黑色 品牌11 270 鼠标（人体工学）,鼠标,品牌11,270,人体工学,黑色,16*10*1,160,DN92G,克里斯,收货,上架
MoHc35WiWh,白色 品牌09 350 鼠标（有线）,鼠标,品牌09,350,有线,白色,16*10*1,160,BN25B,约翰,收货,上架
TaTR18AdSi,银色 品牌29 1800 桌子（可调节）,桌子,品牌29,1800,可调节,银色,8*1*1,8,AJ07D,约翰,收货,上架
NoGrA4doWh,白色 品牌18 四号纸 笔记本（点阵）,笔记本,品牌18,四号纸,点阵,白色,48*10*5,2400,DM39H,艾米丽,收货,上架
GaOGSAdPi,粉色 品牌07 小号 游戏椅（可调节）,游戏椅,品牌07,小号,可调节,粉色,16*1*1,16,DI47F,简,收货,上架
LaSu1416Bl,黑色 品牌11 14英寸 笔记本电脑（16吉字节内存）,笔记本电脑,品牌11,14英寸,16吉字节内存,黑色,16*1*1,16,CX41F,克里斯,收货,上架
TaAE18FrBl,黑色 品牌05 1800 桌子（框架式）,桌子,品牌05,1800,框架式,黑色,8*1*1,8,AN44G,约翰,收货,上架
LaRe158GSi,银色 品牌14 15英寸 笔记本电脑（8吉字节内存）,笔记本电脑,品牌14,15英寸,8吉字节内存,银色,16*1*1,16,DZ40G,克里斯,收货,上架
SPAl50WaGr,灰色 品牌20 50 触控笔（水彩）,触控笔,品牌20,50,水彩,灰色,48*10*5,2400,AK44D,克里斯,收货,上架
KeRe27WiPi,粉色 品牌10 270 键盘（有线）,键盘,品牌10,270,有线,粉色,16*10*1,160,BN85A,简,收货,上架
AlOv17i7Bl,黑色 品牌13 17英寸 一体机（第7代处理器）,一体机,品牌13,17英寸,第7代处理器,黑色,16*1*1,16,BS28F,亚历克斯,收货,上架
TVGn324KGr,灰色 品牌30 32英寸 电视机（超高清）,电视机,品牌30,32英寸,超高清,灰色,8*1*1,8,AY79H,约翰,收货,上架
OfXEMLeGr,灰色 品牌06 中号 办公椅（皮革）,办公椅,品牌06,中号,皮革,灰色,16*1*1,16,AT65F,艾米丽,收货,上架
TVGn65SFWh,白色 品牌30 65英寸 电视机（超级全高清）,电视机,品牌30,65英寸,超级全高清,白色,8*1*1,8,AW87H,艾米丽,收货,上架
CuTE90SlGr,灰色 品牌04 900 储物柜（滑动式）,储物柜,品牌04,900,滑动式,灰色,8*1*1,8,CF68F,大卫,收货,上架
OfXEMErGr,灰色 品牌06 中号 办公椅（人体工学）,办公椅,品牌06,中号,人体工学,灰色,16*1*1,16,AF20E,简,收货,上架
TaAE15AuSi,银色 品牌05 1500 桌子（自动调节）,桌子,品牌05,1500,自动调节,银色,8*1*1,8,DP09G,亚历克斯,收货,上架
CuQE90FiBe,米色 品牌01 900 储物柜（文件收纳）,储物柜,品牌01,900,文件收纳,米色,8*1*1,8,BG18C,亚历克斯,收货,上架
OfXELLeWh,白色 品牌06 大号 办公椅（皮革）,办公椅,品牌06,大号,皮革,白色,16*1*1,16,DR26D,克里斯,收货,上架
CuTE12DoBe,米色 品牌04 1200 储物柜（带门式）,储物柜,品牌04,1200,带门式,米色,8*1*1,8,DI62C,亚历克斯,收货,上架
LaPH15i7Bl,黑色 品牌12 15英寸 笔记本电脑（第7代处理器）,笔记本电脑,品牌12,15英寸,第7代处理器,黑色,16*1*1,16,DH20C,莎拉,收货,上架
PrSoA4InGr,灰色 品牌25 四号纸 打印机（喷墨）,打印机,品牌25,四号纸,喷墨,灰色,16*1*1,16,BU78C,简,收货,上架
GaXELErWh,白色 品牌06 大号 游戏椅（人体工学）,游戏椅,品牌06,大号,人体工学,白色,16*1*1,16,CH24E,简,收货,上架
CaWE12DoGr,灰色 品牌02 1200 文件柜（带门式）,文件柜,品牌02,1200,带门式,灰色,8*1*1,8,DG37B,劳拉,收货,上架
AlYn148GWh,白色 品牌15 14英寸 一体机（8吉字节内存）,一体机,品牌15,14英寸,8吉字节内存,白色,16*1*1,16,BH05D,劳拉,收货,上架
LaOv148GWh,白色 品牌13 14英寸 笔记本电脑（8吉字节内存）,笔记本电脑,品牌13,14英寸,8吉字节内存,白色,16*1*1,16,AU97A,克里斯,收货,上架
AlSu17i5Si,银色 品牌11 17英寸 一体机（第5代处理器）,一体机,品牌11,17英寸,第5代处理器,银色,16*1*1,16,BW27C,艾米,收货,上架
TVYn504KSi,银色 品牌15 50英寸 电视机（超高清）,电视机,品牌15,50英寸,超高清,银色,8*1*1,8,CW09B,约翰,收货,上架
LaSu14i7Wh,白色 品牌11 14英寸 笔记本电脑（第7代处理器）,笔记本电脑,品牌11,14英寸,第7代处理器,白色,16*1*1,16,CP52H,莎拉,收货,上架
KeHc45WiPi,粉色 品牌09 450 键盘（有线）,键盘,品牌09,450,有线,粉色,16*10*1,160,CT55B,莎拉,收货,上架
LaRe14i7Gr,灰色 品牌14 14英寸 笔记本电脑（第7代处理器）,笔记本电脑,品牌14,14英寸,第7代处理器,灰色,16*1*1,16,BM83E,简,收货,上架
CaQE18DoBe,米色 品牌01 1800 文件柜（带门式）,文件柜,品牌01,1800,带门式,米色,8*1*1,8,AN70H,艾米,收货,上架
AlYn14i7Bl,黑色 品牌15 14英寸 一体机（第7代处理器）,一体机,品牌15,14英寸,第7代处理器,黑色,16*1*1,16,AL47C,亚历克斯,收货,上架
SPRe24WaGr,灰色 品牌22 24 触控笔（水彩）,触控笔,品牌22,24,水彩,灰色,48*10*5,2400,DN33H,大卫,收货,上架
OfXESAdBl,黑色 品牌06 小号 办公椅（可调节）,办公椅,品牌06,小号,可调节,黑色,16*1*1,16,AY11E,艾米丽,收货,上架
AlPH1732Wh,白色 品牌12 17英寸 一体机（32吉字节内存）,一体机,品牌12,17英寸,32吉字节内存,白色,16*1*1,16,BP31B,莎拉,收货,上架
SPNa12HeBl,黑色 品牌23 12 触控笔（六角形）,触控笔,品牌23,12,六角形,黑色,48*10*5,2400,DT61A,约翰,收货,上架
LaOv148GSi,银色 品牌13 14英寸 笔记本电脑（8吉字节内存）,笔记本电脑,品牌13,14英寸,8吉字节内存,银色,16*1*1,16,AP87F,劳拉,收货,上架
CuTE12FiWh,白色 品牌04 1200 储物柜（文件收纳）,储物柜,品牌04,1200,文件收纳,白色,8*1*1,8,BY31B,亚历克斯,收货,上架
KeSu45ErWh,白色 品牌11 450 键盘（人体工学）,键盘,品牌11,450,人体工学,白色,16*10*1,160,CX15D,艾米丽,收货,上架
PeNa24HeWh,白色 品牌23 24 铅笔（六角形）,铅笔,品牌23,24,六角形,白色,48*10*5,2400,CP35A,约翰,收货,上架
TaCI18AuWh,白色 品牌27 1800 桌子（自动调节）,桌子,品牌27,1800,自动调节,白色,8*1*1,8,BM69B,约翰,收货,上架
PrSoA4WiGr,灰色 品牌25 四号纸 打印机（无线网络）,打印机,品牌25,四号纸,无线网络,灰色,16*1*1,16,BQ48C,约翰,收货,上架
PrReA2WiMi,混合色 品牌24 二号纸 打印机（无线网络）,打印机,品牌24,二号纸,无线网络,混合色,16*1*1,16,AX36G,迈克,收货,上架
TVGL65S4Wh,白色 品牌31 65英寸 电视机（超级超高清）,电视机,品牌31,65英寸,超级超高清,白色,8*1*1,8,AP19E,大卫,收货,上架
SPRe24HeBl,黑色 品牌22 24 触控笔（六角形）,触控笔,品牌22,24,六角形,黑色,48*10*5,2400,AF84C,莎拉,收货,上架
TaTR15FrBl,黑色 品牌29 1500 桌子（框架式）,桌子,品牌29,1500,框架式,黑色,8*1*1,8,AW29A,克里斯,收货,上架
GaSEMHeBl,黑色 品牌08 中号 游戏椅（头枕）,游戏椅,品牌08,中号,头枕,黑色,16*1*1,16,AH18E,大卫,收货,上架
MoRe35ErWh,白色 品牌10 350 鼠标（人体工学）,鼠标,品牌10,350,人体工学,白色,16*10*1,160,CF31A,艾米丽,收货,上架
NoMuA5doGr,灰色 品牌19 五号纸 笔记本（点阵）,笔记本,品牌19,五号纸,点阵,灰色,48*10*5,2400,BS78G,迈克,收货,上架
TVEs75SFSi,银色 品牌32 75英寸 电视机（超级全高清）,电视机,品牌32,75英寸,超级全高清,银色,8*1*1,8,DN20A,迈克,收货,上架
TaCI18AuSi,银色 品牌27 1800 桌子（自动调节）,桌子,品牌27,1800,自动调节,银色,8*1*1,8,BU52D,艾米丽,收货,上架
GaSESErWh,白色 品牌08 小号 游戏椅（人体工学）,游戏椅,品牌08,小号,人体工学,白色,16*1*1,16,BP25F,大卫,收货,上架
TVGn42FHGr,灰色 品牌30 42英寸 电视机（全高清）,电视机,品牌30,42英寸,全高清,灰色,8*1*1,8,CG41D,克里斯,收货,上架
TVYn32S4Bl,黑色 品牌15 32英寸 电视机（超级超高清）,电视机,品牌15,32英寸,超级超高清,黑色,8*1*1,8,AU80F,大卫,收货,上架
CaTE12LoBe,米色 品牌04 1200 文件柜（储物锁柜）,文件柜,品牌04,1200,储物锁柜,米色,8*1*1,8,DV22B,艾米丽,收货,上架
NoMuA3liBl,黑色 品牌19 三号纸 笔记本（线条）,笔记本,品牌19,三号纸,线条,黑色,48*10*5,2400,BO16H,迈克,收货,上架
PrReA3WiMi,混合色 品牌24 三号纸 打印机（无线网络）,打印机,品牌24,三号纸,无线网络,混合色,16*1*1,16,DQ07D,克里斯,收货,上架
LaSu1716Bl,黑色 品牌11 17英寸 笔记本电脑（16吉字节内存）,笔记本电脑,品牌11,17英寸,16吉字节内存,黑色,16*1*1,16,CM49G,克里斯,收货,上架
AlYn15i7Gr,灰色 品牌15 15英寸 一体机（第7代处理器）,一体机,品牌15,15英寸,第7代处理器,灰色,16*1*1,16,DX59E,艾米,收货,上架
AlYn158GWh,白色 品牌15 15英寸 一体机（8吉字节内存）,一体机,品牌15,15英寸,8吉字节内存,白色,16*1*1,16,DS85G,克里斯,收货,上架
DrRG18DoWh,白色 品牌03 1800 抽屉柜（带门式）,抽屉柜,品牌03,1800,带门式,白色,8*1*1,8,CY20A,大卫,收货,上架
NoScA4ruSi,银色 品牌17 四号纸 笔记本（横线）,笔记本,品牌17,四号纸,横线,银色,48*10*5,2400,BY59C,约翰,收货,上架
KeHc45MeNa,藏青色 品牌09 450 键盘（机械式）,键盘,品牌09,450,机械式,藏青色,16*10*1,160,AY68C,劳拉,收货,上架
LaOv1732Bl,黑色 品牌13 17英寸 笔记本电脑（32吉字节内存）,笔记本电脑,品牌13,17英寸,32吉字节内存,黑色,16*1*1,16,CJ34B,迈克,收货,上架
OfSESAdBl,黑色 品牌08 小号 办公椅（可调节）,办公椅,品牌08,小号,可调节,黑色,16*1*1,16,CP29A,克里斯,收货,上架
LaYn1516Si,银色 品牌15 15英寸 笔记本电脑（16吉字节内存）,笔记本电脑,品牌15,15英寸,16吉字节内存,银色,16*1*1,16,AY47B,劳拉,收货,上架
SPGi24HeWh,白色 品牌21 24 触控笔（六角形）,触控笔,品牌21,24,六角形,白色,48*10*5,2400,AO64F,艾米,收货,上架
GaSEMAdGr,灰色 品牌08 中号 游戏椅（可调节）,游戏椅,品牌08,中号,可调节,灰色,16*1*1,16,CW80A,莎拉,收货,上架
SPNa12WaGr,灰色 品牌23 12 触控笔（水彩）,触控笔,品牌23,12,水彩,灰色,48*10*5,2400,CK18G,迈克,收货,上架
CaTE18FiBe,米色 品牌04 1800 文件柜（文件收纳）,文件柜,品牌04,1800,文件收纳,米色,8*1*1,8,AN79B,莎拉,收货,上架
PeAl50SoGr,灰色 品牌20 50 铅笔（可溶性）,铅笔,品牌20,50,可溶性,灰色,48*10*5,2400,BO31H,亚历克斯,收货,上架
PrNoA2AlBl,黑色 品牌26 二号纸 打印机（一体式）,打印机,品牌26,二号纸,一体式,黑色,16*1*1,16,AQ23C,艾米丽,收货,上架
PrReA4WiGr,灰色 品牌24 四号纸 打印机（无线网络）,打印机,品牌24,四号纸,无线网络,灰色,16*1*1,16,CY04G,迈克,收货,上架
GaOGMHeGr,灰色 品牌07 中号 游戏椅（头枕）,游戏椅,品牌07,中号,头枕,灰色,16*1*1,16,DI05G,莎拉,收货,上架
LaSu14i5Gr,灰色 品牌11 14英寸 笔记本电脑（第5代处理器）,笔记本电脑,品牌11,14英寸,第5代处理器,灰色,16*1*1,16,AM97C,迈克,收货,上架
TaTR18AuGr,灰色 品牌29 1800 桌子（自动调节）,桌子,品牌29,1800,自动调节,灰色,8*1*1,8,DU88H,大卫,收货,上架
TaAE18FrSi,银色 品牌05 1800 桌子（框架式）,桌子,品牌05,1800,框架式,银色,8*1*1,8,DR74C,艾米丽,收货,上架
PrNoA3MoMi,混合色 品牌26 三号纸 打印机（黑白）,打印机,品牌26,三号纸,黑白,混合色,16*1*1,16,DZ15F,简,收货,上架
PeAl50WaPi,粉色 品牌20 50 铅笔（水彩）,铅笔,品牌20,50,水彩,粉色,48*10*5,2400,AQ29D,艾米,收货,上架
LaOv158GSi,银色 品牌13 15英寸 笔记本电脑（8吉字节内存）,笔记本电脑,品牌13,15英寸,8吉字节内存,银色,16*1*1,16,CN68F,艾米,收货,上架
CuQE18LoBe,米色 品牌01 1800 储物柜（储物锁柜）,储物柜,品牌01,1800,储物锁柜,米色,8*1*1,8,DU33F,艾米,收货,上架
NoMuA3ruWh,白色 品牌19 三号纸 笔记本（横线）,笔记本,品牌19,三号纸,横线,白色,48*10*5,2400,AX89E,大卫,收货,上架
PrPHA4InGr,灰色 品牌12 四号纸 打印机（喷墨）,打印机,品牌12,四号纸,喷墨,灰色,16*1*1,16,BY78C,艾米,收货,上架
OfOGMHeBl,黑色 品牌07 中号 办公椅（头枕）,办公椅,品牌07,中号,头枕,黑色,16*1*1,16,BQ17A,克里斯,收货,上架
TaTR18AdGr,灰色 品牌28 1800 桌子（可调节）,桌子,品牌28,1800,可调节,灰色,8*1*1,8,DP86G,亚历克斯,收货,上架
LaOv1532Si,银色 品牌13 15英寸 笔记本电脑（32吉字节内存）,笔记本电脑,品牌13,15英寸,32吉字节内存,银色,16*1*1,16,AU24C,艾米,收货,上架
TVEs424KWh,白色 品牌32 42英寸 电视机（超高清）,电视机,品牌32,42英寸,超高清,白色,8*1*1,8,BU53D,莎拉,收货,上架
PeRe12WaGr,灰色 品牌22 12 铅笔（水彩）,铅笔,品牌22,12,水彩,灰色,48*10*5,2400,AF64B,大卫,收货,上架
MoPH45WiPi,粉色 品牌12 450 鼠标（有线）,鼠标,品牌12,450,有线,粉色,16*10*1,160,CV78E,艾米丽,收货,上架
DrTE12DoBl,黑色 品牌04 1200 抽屉柜（带门式）,抽屉柜,品牌04,1200,带门式,黑色,8*1*1,8,CP24B,莎拉,收货,上架
TaTR15FrBl,黑色 品牌29 1500 桌子（框架式）,桌子,品牌29,1500,框架式,黑色,8*1*1,8,CG83C,劳拉,收货,上架
MoHc45WiNa,藏青色 品牌09 450 鼠标（有线）,鼠标,品牌09,450,有线,藏青色,16*10*1,160,BU80G,艾米丽,收货,上架
LaRe15i5Wh,白色 品牌14 15英寸 笔记本电脑（第5代处理器）,笔记本电脑,品牌14,15英寸,第5代处理器,白色,16*1*1,16,CN33G,约翰,收货,上架
MoSu27ErBl,黑色 品牌11 270 鼠标（人体工学）,鼠标,品牌11,270,人体工学,黑色,16*10*1,160,DK79A,艾米丽,收货,上架
CuTE18DoBe,米色 品牌04 1800 储物柜（带门式）,储物柜,品牌04,1800,带门式,米色,8*1*1,8,CX01G,劳拉,收货,上架
MoRe27WiNa,藏青色 品牌10 270 鼠标（有线）,鼠标,品牌10,270,有线,藏青色,16*10*1,160,BV02E,艾米丽,收货,上架
GaSELHeWh,白色 品牌08 大号 游戏椅（头枕）,游戏椅,品牌08,大号,头枕,白色,16*1*1,16,BG29E,艾米,收货,上架
TaTR18FrWh,白色 品牌28 1800 桌子（框架式）,桌子,品牌28,1800,框架式,白色,8*1*1,8,CZ80A,克里斯,收货,上架
TVGL50S4Wh,白色 品牌31 50英寸 电视机（超级超高清）,电视机,品牌31,50英寸,超级超高清,白色,8*1*1,8,BQ44D,劳拉,收货,上架
CuQE90LoWh,白色 品牌01 900 储物柜（储物锁柜）,储物柜,品牌01,900,储物锁柜,白色,8*1*1,8,AN53B,劳拉,收货,上架
CuTE90LoWh,白色 品牌04 900 储物柜（储物锁柜）,储物柜,品牌04,900,储物锁柜,白色,8*1*1,8,BS09A,迈克,收货,上架
AlYn14i5Bl,黑色 品牌15 14英寸 一体机（第5代处理器）,一体机,品牌15,14英寸,第5代处理器,黑色,16*1*1,16,BN47E,迈克,收货,上架
KeSu45WiBl,黑色 品牌11 450 键盘（有线）,键盘,品牌11,450,有线,黑色,16*10*1,160,AR27C,亚历克斯,收货,上架
LaPH178GWh,白色 品牌12 17英寸 笔记本电脑（8吉字节内存）,笔记本电脑,品牌12,17英寸,8吉字节内存,白色,16*1*1,16,DM85E,克里斯,收货,上架
OfSESAdBl,黑色 品牌08 小号 办公椅（可调节）,办公椅,品牌08,小号,可调节,黑色,16*1*1,16,AP11D,艾米,收货,上架
TaTR10WoBl,黑色 品牌29 1000 桌子（工作站）,桌子,品牌29,1000,工作站,黑色,8*1*1,8,AG53G,大卫,收货,上架
SPAl12HeGr,灰色 品牌20 12 触控笔（六角形）,触控笔,品牌20,12,六角形,灰色,48*10*5,2400,DU23B,艾米,收货,上架
TVEs32SFSi,银色 品牌32 32英寸 电视机（超级全高清）,电视机,品牌32,32英寸,超级全高清,银色,8*1*1,8,BG41G,莎拉,收货,上架
TVEs75FHBl,黑色 品牌32 75英寸 电视机（全高清）,电视机,品牌32,75英寸,全高清,黑色,8*1*1,8,CJ26G,迈克,收货,上架
KeHc45WiBl,黑色 品牌09 450 键盘（有线）,键盘,品牌09,450,有线,黑色,16*10*1,160,CQ45A,迈克,收货,上架
TVEs65FHSi,银色 品牌32 65英寸 电视机（全高清）,电视机,品牌32,65英寸,全高清,银色,8*1*1,8,CJ57G,迈克,收货,上架
DrTE90FiBl,黑色 品牌04 900 抽屉柜（文件收纳）,抽屉柜,品牌04,900,文件收纳,黑色,8*1*1,8,BJ94B,大卫,收货,上架
AlSu17i5Gr,灰色 品牌11 17英寸 一体机（第5代处理器）,一体机,品牌11,17英寸,第5代处理器,灰色,16*1*1,16,DX55E,约翰,收货,上架
PrReA2InGr,灰色 品牌24 二号纸 打印机（喷墨）,打印机,品牌24,二号纸,喷墨,灰色,16*1*1,16,CL40D,劳拉,收货,上架
CaQE12SlGr,灰色 品牌01 1200 文件柜（滑动式）,文件柜,品牌01,1200,滑动式,灰色,8*1*1,8,DV46E,亚历克斯,收货,上架
PeRe50SoWh,白色 品牌22 50 铅笔（可溶性）,铅笔,品牌22,50,可溶性,白色,48*10*5,2400,AQ16D,约翰,收货,上架
PrSoA3InMi,混合色 品牌25 三号纸 打印机（喷墨）,打印机,品牌25,三号纸,喷墨,混合色,16*1*1,16,BU45C,迈克,收货,上架
DrQE12FiBe,米色 品牌01 1200 抽屉柜（文件收纳）,抽屉柜,品牌01,1200,文件收纳,米色,8*1*1,8,BM90F,克里斯,收货,上架
TVYn75S4Si,银色 品牌15 75英寸 电视机（超级超高清）,电视机,品牌15,75英寸,超级超高清,银色,8*1*1,8,BP03G,简,收货,上架
CaRG90DoBe,米色 品牌03 900 文件柜（带门式）,文件柜,品牌03,900,带门式,米色,8*1*1,8,DQ58D,劳拉,收货,上架
OfSELHeBl,黑色 品牌08 大号 办公椅（头枕）,办公椅,品牌08,大号,头枕,黑色,16*1*1,16,BQ59G,大卫,收货,上架
CaWE18SlGr,灰色 品牌02 1800 文件柜（滑动式）,文件柜,品牌02,1800,滑动式,灰色,8*1*1,8,CS95C,劳拉,收货,上架
AlOv14i5Bl,黑色 品牌13 14英寸 一体机（第5代处理器）,一体机,品牌13,14英寸,第5代处理器,黑色,16*1*1,16,DZ75A,简,收货,上架
CaWE12FiWh,白色 品牌02 1200 文件柜（文件收纳）,文件柜,品牌02,1200,文件收纳,白色,8*1*1,8,BH18C,艾米丽,收货,上架
TaAE10FrSi,银色 品牌05 1000 桌子（框架式）,桌子,品牌05,1000,框架式,银色,8*1*1,8,AP66G,劳拉,收货,上架
DrQE12FiBl,黑色 品牌01 1200 抽屉柜（文件收纳）,抽屉柜,品牌01,1200,文件收纳,黑色,8*1*1,8,CQ96B,艾米,收货,上架
PeAl24WaPi,粉色 品牌20 24 铅笔（水彩）,铅笔,品牌20,24,水彩,粉色,48*10*5,2400,CY40A,亚历克斯,收货,上架
TVEs32S4Wh,白色 品牌32 32英寸 电视机（超级超高清）,电视机,品牌32,32英寸,超级超高清,白色,8*1*1,8,AP67E,克里斯,收货,上架
TaTR15AuGr,灰色 品牌29 1500 桌子（自动调节）,桌子,品牌29,1500,自动调节,灰色,8*1*1,8,BS94G,艾米,收货,上架
TVGL32S4Bl,黑色 品牌31 32英寸 电视机（超级超高清）,电视机,品牌31,32英寸,超级超高清,黑色,8*1*1,8,CK12B,约翰,收货,上架
GaSESAdGr,灰色 品牌08 小号 游戏椅（可调节）,游戏椅,品牌08,小号,可调节,灰色,16*1*1,16,CS05E,劳拉,收货,上架
LaSu15i7Si,银色 品牌11 15英寸 笔记本电脑（第7代处理器）,笔记本电脑,品牌11,15英寸,第7代处理器,银色,16*1*1,16,DW91B,克里斯,收货,上架
CuWE18FiWh,白色 品牌02 1800 储物柜（文件收纳）,储物柜,品牌02,1800,文件收纳,白色,8*1*1,8,CW56E,约翰,收货,上架
PrNoA4LaWh,白色 品牌26 四号纸 打印机（激光）,打印机,品牌26,四号纸,激光,白色,16*1*1,16,CV61E,莎拉,收货,上架
TVGn75SFGr,灰色 品牌30 75英寸 电视机（超级全高清）,电视机,品牌30,75英寸,超级全高清,灰色,8*1*1,8,CP54G,约翰,收货,上架
DrTE18DoWh,白色 品牌04 1800 抽屉柜（带门式）,抽屉柜,品牌04,1800,带门式,白色,8*1*1,8,BN13H,劳拉,收货,上架
MoHc45WiPi,粉色 品牌09 450 鼠标（有线）,鼠标,品牌09,450,有线,粉色,16*10*1,160,CI48C,大卫,收货,上架
LaRe178GWh,白色 品牌14 17英寸 笔记本电脑（8吉字节内存）,笔记本电脑,品牌14,17英寸,8吉字节内存,白色,16*1*1,16,DR48D,艾米,收货,上架
TVYn32FHGr,灰色 品牌15 32英寸 电视机（全高清）,电视机,品牌15,32英寸,全高清,灰色,8*1*1,8,BW16A,莎拉,收货,上架
AlRe15i5Gr,灰色 品牌14 15英寸 一体机（第5代处理器）,一体机,品牌14,15英寸,第5代处理器,灰色,16*1*1,16,BG04H,亚历克斯,收货,上架
TaCI18FrWh,白色 品牌27 1800 桌子（框架式）,桌子,品牌27,1800,框架式,白色,8*1*1,8,BT04G,艾米丽,收货,上架
TVYn32FHGr,灰色 品牌15 32英寸 电视机（全高清）,电视机,品牌15,32英寸,全高清,灰色,8*1*1,8,CL68H,劳拉,收货,上架
MoSu35MeNa,藏青色 品牌11 350 鼠标（机械式）,鼠标,品牌11,350,机械式,藏青色,16*10*1,160,DT86G,艾米,收货,上架
LaOv1732Wh,白色 品牌13 17英寸 笔记本电脑（32吉字节内存）,笔记本电脑,品牌13,17英寸,32吉字节内存,白色,16*1*1,16,BU67D,莎拉,收货,上架
TaCI15WoBl,黑色 品牌27 1500 桌子（工作站）,桌子,品牌27,1500,工作站,黑色,8*1*1,8,DZ44F,艾米,收货,上架
SPGi24WaWh,白色 品牌21 24 触控笔（水彩）,触控笔,品牌21,24,水彩,白色,48*10*5,2400,AU02C,艾米丽,收货,上架
GaSEMAdBl,黑色 品牌08 中号 游戏椅（可调节）,游戏椅,品牌08,中号,可调节,黑色,16*1*1,16,BW32E,克里斯,收货,上架
TaCI10WoGr,灰色 品牌27 1000 桌子（工作站）,桌子,品牌27,1000,工作站,灰色,8*1*1,8,CQ76A,艾米丽,收货,上架
TVGn654KGr,灰色 品牌30 65英寸 电视机（超高清）,电视机,品牌30,65英寸,超高清,灰色,8*1*1,8,AK31G,约翰,收货,上架
DrQE12FiBl,黑色 品牌01 1200 抽屉柜（文件收纳）,抽屉柜,品牌01,1200,文件收纳,黑色,8*1*1,8,AK34B,约翰,收货,上架
AlRe14i7Wh,白色 品牌14 14英寸 一体机（第7代处理器）,一体机,品牌14,14英寸,第7代处理器,白色,16*1*1,16,AO52H,简,收货,上架
PrSoA4AlWh,白色 品牌25 四号纸 打印机（一体式）,打印机,品牌25,四号纸,一体式,白色,16*1*1,16,CO58G,劳拉,收货,上架
NoMuA5liWh,白色 品牌19 五号纸 笔记本（线条）,笔记本,品牌19,五号纸,线条,白色,48*10*5,2400,AR23E,约翰,收货,上架
NoExA4ruWh,白色 品牌16 四号纸 笔记本（横线）,笔记本,品牌16,四号纸,横线,白色,48*10*5,2400,CQ05E,克里斯,收货,上架
GaSEMErPi,粉色 品牌08 中号 游戏椅（人体工学）,游戏椅,品牌08,中号,人体工学,粉色,16*1*1,16,BX44C,劳拉,收货,上架
TVEs42SFWh,白色 品牌32 42英寸 电视机（超级全高清）,电视机,品牌32,42英寸,超级全高清,白色,8*1*1,8,DR73B,劳拉,收货,上架
GaAEMLeGr,灰色 品牌05 中号 游戏椅（皮革）,游戏椅,品牌05,中号,皮革,灰色,16*1*1,16,CO72G,劳拉,收货,上架
DrQE90FiBe,米色 品牌01 900 抽屉柜（文件收纳）,抽屉柜,品牌01,900,文件收纳,米色,8*1*1,8,BO77C,迈克,收货,上架
TVGL50S4Bl,黑色 品牌31 50英寸 电视机（超级超高清）,电视机,品牌31,50英寸,超级超高清,黑色,8*1*1,8,BX75F,约翰,收货,上架
GaXESAdGr,灰色 品牌06 小号 游戏椅（可调节）,游戏椅,品牌06,小号,可调节,灰色,16*1*1,16,DT84B,约翰,收货,上架
TVGn65SFSi,银色 品牌30 65英寸 电视机（超级全高清）,电视机,品牌30,65英寸,超级全高清,银色,8*1*1,8,DY97G,大卫,收货,上架
TaTR15WoSi,银色 品牌29 1500 桌子（工作站）,桌子,品牌29,1500,工作站,银色,8*1*1,8,BF24C,艾米丽,收货,上架
LaPH148GSi,银色 品牌12 14英寸 笔记本电脑（8吉字节内存）,笔记本电脑,品牌12,14英寸,8吉字节内存,银色,16*1*1,16,CX61C,克里斯,收货,上架
KeSu27ErPi,粉色 品牌11 270 键盘（人体工学）,键盘,品牌11,270,人体工学,粉色,16*10*1,160,DR93B,亚历克斯,收货,上架
NoMuA3doWh,白色 品牌19 三号纸 笔记本（点阵）,笔记本,品牌19,三号纸,点阵,白色,48*10*5,2400,DJ52F,简,收货,上架
PeGi24HePi,粉色 品牌21 24 铅笔（六角形）,铅笔,品牌21,24,六角形,粉色,48*10*5,2400,BM67F,简,收货,上架
MoPH35MeNa,藏青色 品牌12 350 鼠标（机械式）,鼠标,品牌12,350,机械式,藏青色,16*10*1,160,AL10B,简,收货,上架
KeRe35MeNa,藏青色 品牌10 350 键盘（机械式）,键盘,品牌10,350,机械式,藏青色,16*10*1,160,CM77F,莎拉,收货,上架
AlOv178GWh,白色 品牌13 17英寸 一体机（8吉字节内存）,一体机,品牌13,17英寸,8吉字节内存,白色,16*1*1,16,CK59E,迈克,收货,上架
LaOv1416Wh,白色 品牌13 14英寸 笔记本电脑（16吉字节内存）,笔记本电脑,品牌13,14英寸,16吉字节内存,白色,16*1*1,16,BQ46D,约翰,收货,上架
PrReA4WiBl,黑色 品牌24 四号纸 打印机（无线网络）,打印机,品牌24,四号纸,无线网络,黑色,16*1*1,16,DS58D,艾米丽,收货,上架
TaTR18WoWh,白色 品牌28 1800 桌子（工作站）,桌子,品牌28,1800,工作站,白色,8*1*1,8,BK75E,亚历克斯,收货,上架
LaYn1432Wh,白色 品牌15 14英寸 笔记本电脑（32吉字节内存）,笔记本电脑,品牌15,14英寸,32吉字节内存,白色,16*1*1,16,BO58F,克里斯,收货,上架
TaCI15FrWh,白色 品牌27 1500 桌子（框架式）,桌子,品牌27,1500,框架式,白色,8*1*1,8,BU09B,劳拉,收货,上架
TVEs75FHBl,黑色 品牌32 75英寸 电视机（全高清）,电视机,品牌32,75英寸,全高清,黑色,8*1*1,8,CU29C,约翰,收货,上架
AlRe1416Bl,黑色 品牌14 14英寸 一体机（16吉字节内存）,一体机,品牌14,14英寸,16吉字节内存,黑色,16*1*1,16,DR71G,莎拉,收货,上架
AlRe15i5Wh,白色 品牌14 15英寸 一体机（第5代处理器）,一体机,品牌14,15英寸,第5代处理器,白色,16*1*1,16,DI05C,迈克,收货,上架
TaAE10AdGr,灰色 品牌05 1000 桌子（可调节）,桌子,品牌05,1000,可调节,灰色,8*1*1,8,BX57C,约翰,收货,上架
MoHc27MeWh,白色 品牌09 270 鼠标（机械式）,鼠标,品牌09,270,机械式,白色,16*10*1,160,BM50D,亚历克斯,收货,上架
TVGn65SFSi,银色 品牌30 65英寸 电视机（超级全高清）,电视机,品牌30,65英寸,超级全高清,银色,8*1*1,8,AP18D,简,收货,上架
PeGi50HeBl,黑色 品牌21 50 铅笔（六角形）,铅笔,品牌21,50,六角形,黑色,48*10*5,2400,AU41C,艾米,收货,上架
AlPH14i7Si,银色 品牌12 14英寸 一体机（第7代处理器）,一体机,品牌12,14英寸,第7代处理器,银色,16*1*1,16,DG22E,艾米,收货,上架
GaXEMHePi,粉色 品牌06 中号 游戏椅（头枕）,游戏椅,品牌06,中号,头枕,粉色,16*1*1,16,DX22A,迈克,收货,上架
GaXEMErBl,黑色 品牌06 中号 游戏椅（人体工学）,游戏椅,品牌06,中号,人体工学,黑色,16*1*1,16,BW95E,约翰,收货,上架
GaAEMAdWh,白色 品牌05 中号 游戏椅（可调节）,游戏椅,品牌05,中号,可调节,白色,16*1*1,16,AO03G,约翰,收货,上架
TaTR10FrGr,灰色 品牌28 1000 桌子（框架式）,桌子,品牌28,1000,框架式,灰色,8*1*1,8,DW90H,劳拉,收货,上架
CuRG90FiGr,灰色 品牌03 900 储物柜（文件收纳）,储物柜,品牌03,900,文件收纳,灰色,8*1*1,8,BX55D,简,收货,上架
CaTE12SlBl,黑色 品牌04 1200 文件柜（滑动式）,文件柜,品牌04,1200,滑动式,黑色,8*1*1,8,CF92B,亚历克斯,收货,上架
AlSu14i5Wh,白色 品牌11 14英寸 一体机（第5代处理器）,一体机,品牌11,14英寸,第5代处理器,白色,16*1*1,16,AV61A,简,收货,上架
SPGi50SoGr,灰色 品牌21 50 触控笔（可溶性）,触控笔,品牌21,50,可溶性,灰色,48*10*5,2400,DJ32D,克里斯,收货,上架
PrNoA2InBl,黑色 品牌26 二号纸 打印机（喷墨）,打印机,品牌26,二号纸,喷墨,黑色,16*1*1,16,DR07E,迈克,收货,上架
CuQE12LoBe,米色 品牌01 1200 储物柜（储物锁柜）,储物柜,品牌01,1200,储物锁柜,米色,8*1*1,8,DF32B,劳拉,收货,上架
AlYn158GSi,银色 品牌15 15英寸 一体机（8吉字节内存）,一体机,品牌15,15英寸,8吉字节内存,银色,16*1*1,16,AP37D,约翰,收货,上架
AlSu148GBl,黑色 品牌11 14英寸 一体机（8吉字节内存）,一体机,品牌11,14英寸,8吉字节内存,黑色,16*1*1,16,DJ67G,大卫,收货,上架
CuTE90SlGr,灰色 品牌04 900 储物柜（滑动式）,储物柜,品牌04,900,滑动式,灰色,8*1*1,8,AU39E,莎拉,收货,上架
TaTR10AdWh,白色 品牌28 1000 桌子（可调节）,桌子,品牌28,1000,可调节,白色,8*1*1,8,BJ14D,大卫,收货,上架
GaOGLAdGr,灰色 品牌07 大号 游戏椅（可调节）,游戏椅,品牌07,大号,可调节,灰色,16*1*1,16,DW96B,亚历克斯,收货,上架
KeHc35WiBl,黑色 品牌09 350 键盘（有线）,键盘,品牌09,350,有线,黑色,16*10*1,160,CJ36B,大卫,收货,上架
LaPH15i7Si,银色 品牌12 15英寸 笔记本电脑（第7代处理器）,笔记本电脑,品牌12,15英寸,第7代处理器,银色,16*1*1,16,CZ96F,简,收货,上架
CuTE90LoWh,白色 品牌04 900 储物柜（储物锁柜）,储物柜,品牌04,900,储物锁柜,白色,8*1*1,8,CG94A,迈克,收货,上架
CaQE12FiBl,黑色 品牌01 1200 文件柜（文件收纳）,文件柜,品牌01,1200,文件收纳,黑色,8*1*1,8,CG84H,约翰,收货,上架
TaTR10AdSi,银色 品牌28 1000 桌子（可调节）,桌子,品牌28,1000,可调节,银色,8*1*1,8,AZ49H,莎拉,收货,上架
OfAEMLePi,粉色 品牌05 中号 办公椅（皮革）,办公椅,品牌05,中号,皮革,粉色,16*1*1,16,BZ70H,简,收货,上架
CaTE90LoBl,黑色 品牌04 900 文件柜（储物锁柜）,文件柜,品牌04,900,储物锁柜,黑色,8*1*1,8,CW81B,莎拉,收货,上架
NoMuA5liBl,黑色 品牌19 五号纸 笔记本（线条）,笔记本,品牌19,五号纸,线条,黑色,48*10*5,2400,DR01C,简,收货,上架
LaSu1732Wh,白色 品牌11 17英寸 笔记本电脑（32吉字节内存）,笔记本电脑,品牌11,17英寸,32吉字节内存,白色,16*1*1,16,CJ69F,克里斯,收货,上架
TVGn75SFSi,银色 品牌30 75英寸 电视机（超级全高清）,电视机,品牌30,75英寸,超级全高清,银色,8*1*1,8,DH70G,简,收货,上架
DrTE90LoBl,黑色 品牌04 900 抽屉柜（储物锁柜）,抽屉柜,品牌04,900,储物锁柜,黑色,8*1*1,8,CX51C,大卫,收货,上架
TaTR15FrWh,白色 品牌28 1500 桌子（框架式）,桌子,品牌28,1500,框架式,白色,8*1*1,8,AK36D,劳拉,收货,上架
CaQE12LoWh,白色 品牌01 1200 文件柜（储物锁柜）,文件柜,品牌01,1200,储物锁柜,白色,8*1*1,8,BP86C,艾米,收货,上架
MoSu35BlPi,粉色 品牌11 350 鼠标（蓝牙）,鼠标,品牌11,350,蓝牙,粉色,16*10*1,160,BV46B,克里斯,收货,上架
NoExA4doBl,黑色 品牌16 四号纸 笔记本（点阵）,笔记本,品牌16,四号纸,点阵,黑色,48*10*5,2400,AJ30E,约翰,收货,上架
MoHc45ErWh,白色 品牌09 450 鼠标（人体工学）,鼠标,品牌09,450,人体工学,白色,16*10*1,160,CJ74C,亚历克斯,收货,上架
PeAl12SoPi,粉色 品牌20 12 铅笔（可溶性）,铅笔,品牌20,12,可溶性,粉色,48*10*5,2400,BK28G,艾米,收货,上架
TVYn424KSi,银色 品牌15 42英寸 电视机（超高清）,电视机,品牌15,42英寸,超高清,银色,8*1*1,8,BW33H,艾米,收货,上架
AlYn1716Gr,灰色 品牌15 17英寸 一体机（16吉字节内存）,一体机,品牌15,17英寸,16吉字节内存,灰色,16*1*1,16,BS50H,艾米丽,收货,上架
MoPH45BlNa,藏青色 品牌12 450 鼠标（蓝牙）,鼠标,品牌12,450,蓝牙,藏青色,16*10*1,160,AH96D,艾米丽,收货,上架
NoGrA3ruSi,银色 品牌18 三号纸 笔记本（横线）,笔记本,品牌18,三号纸,横线,银色,48*10*5,2400,AO29G,大卫,收货,上架
AlRe14i7Wh,白色 品牌14 14英寸 一体机（第7代处理器）,一体机,品牌14,14英寸,第7代处理器,白色,16*1*1,16,CX60F,迈克,收货,上架
TaTR10AdWh,白色 品牌29 1000 桌子（可调节）,桌子,品牌29,1000,可调节,白色,8*1*1,8,CK17E,艾米丽,收货,上架
TVGn42S4Bl,黑色 品牌30 42英寸 电视机（超级超高清）,电视机,品牌30,42英寸,超级超高清,黑色,8*1*1,8,CZ73E,亚历克斯,收货,上架
OfOGLHePi,粉色 品牌07 大号 办公椅（头枕）,办公椅,品牌07,大号,头枕,粉色,16*1*1,16,CR39C,莎拉,收货,上架
TVYn75S4Bl,黑色 品牌15 75英寸 电视机（超级超高清）,电视机,品牌15,75英寸,超级超高清,黑色,8*1*1,8,CL90F,亚历克斯,收货,上架
TVYn424KWh,白色 品牌15 42英寸 电视机（超高清）,电视机,品牌15,42英寸,超高清,白色,8*1*1,8,DW18H,亚历克斯,收货,上架
TVGn65SFBl,黑色 品牌30 65英寸 电视机（超级全高清）,电视机,品牌30,65英寸,超级全高清,黑色,8*1*1,8,DG12G,劳拉,收货,上架
TaAE10AdGr,灰色 品牌05 1000 桌子（可调节）,桌子,品牌05,1000,可调节,灰色,8*1*1,8,DF45G,艾米丽,收货,上架
SPAl50HeGr,灰色 品牌20 50 触控笔（六角形）,触控笔,品牌20,50,六角形,灰色,48*10*5,2400,BO66D,劳拉,收货,上架
TVGL32SFGr,灰色 品牌31 32英寸 电视机（超级全高清）,电视机,品牌31,32英寸,超级全高清,灰色,8*1*1,8,CI29A,艾米,收货,上架
GaAEMLeGr,灰色 品牌05 中号 游戏椅（皮革）,游戏椅,品牌05,中号,皮革,灰色,16*1*1,16,AJ54G,艾米,收货,上架
OfOGMHeGr,灰色 品牌07 中号 办公椅（头枕）,办公椅,品牌07,中号,头枕,灰色,16*1*1,16,BI15G,大卫,收货,上架
CaQE90LoBe,米色 品牌01 900 文件柜（储物锁柜）,文件柜,品牌01,900,储物锁柜,米色,8*1*1,8,DK87H,迈克,收货,上架
NoMuA3ruBl,黑色 品牌19 三号纸 笔记本（横线）,笔记本,品牌19,三号纸,横线,黑色,48*10*5,2400,CQ53G,莎拉,收货,上架
SPRe12HeBl,黑色 品牌22 12 触控笔（六角形）,触控笔,品牌22,12,六角形,黑色,48*10*5,2400,DF25F,亚历克斯,收货,上架
TVGL42FHGr,灰色 品牌31 42英寸 电视机（全高清）,电视机,品牌31,42英寸,全高清,灰色,8*1*1,8,CG24H,克里斯,收货,上架
TVYn50FHSi,银色 品牌15 50英寸 电视机（全高清）,电视机,品牌15,50英寸,全高清,银色,8*1*1,8,DJ37F,约翰,收货,上架
PrPHA3AlGr,灰色 品牌12 三号纸 打印机（一体式）,打印机,品牌12,三号纸,一体式,灰色,16*1*1,16,DM91B,迈克,收货,上架
AlYn17i7Bl,黑色 品牌15 17英寸 一体机（第7代处理器）,一体机,品牌15,17英寸,第7代处理器,黑色,16*1*1,16,DY73G,艾米,收货,上架
PrReA2MoGr,灰色 品牌24 二号纸 打印机（黑白）,打印机,品牌24,二号纸,黑白,灰色,16*1*1,16,BR36F,迈克,收货,上架
CaRG18SlWh,白色 品牌03 1800 文件柜（滑动式）,文件柜,品牌03,1800,滑动式,白色,8*1*1,8,AR67E,莎拉,收货,上架
PeRe50WaBl,黑色 品牌22 50 铅笔（水彩）,铅笔,品牌22,50,水彩,黑色,48*10*5,2400,CP17A,艾米丽,收货,上架
LaPH1732Si,银色 品牌12 17英寸 笔记本电脑（32吉字节内存）,笔记本电脑,品牌12,17英寸,32吉字节内存,银色,16*1*1,16,BV95G,简,收货,上架
TVYn32FHWh,白色 品牌15 32英寸 电视机（全高清）,电视机,品牌15,32英寸,全高清,白色,8*1*1,8,CO75A,亚历克斯,收货,上架
AlYn158GWh,白色 品牌15 15英寸 一体机（8吉字节内存）,一体机,品牌15,15英寸,8吉字节内存,白色,16*1*1,16,AH37B,迈克,收货,上架
CuQE18SlBl,黑色 品牌01 1800 储物柜（滑动式）,储物柜,品牌01,1800,滑动式,黑色,8*1*1,8,CR76C,简,收货,上架
DrQE90LoBl,黑色 品牌01 900 抽屉柜（储物锁柜）,抽屉柜,品牌01,900,储物锁柜,黑色,8*1*1,8,CJ92H,亚历克斯,收货,上架
GaOGSAdGr,灰色 品牌07 小号 游戏椅（可调节）,游戏椅,品牌07,小号,可调节,灰色,16*1*1,16,DF83A,迈克,收货,上架
TVEs32FHGr,灰色 品牌32 32英寸 电视机（全高清）,电视机,品牌32,32英寸,全高清,灰色,8*1*1,8,CV03C,亚历克斯,收货,上架
PeRe24WaGr,灰色 品牌22 24 铅笔（水彩）,铅笔,品牌22,24,水彩,灰色,48*10*5,2400,CL96C,艾米,收货,上架
MoHc27MeBl,黑色 品牌09 270 鼠标（机械式）,鼠标,品牌09,270,机械式,黑色,16*10*1,160,AS03E,艾米丽,收货,上架
PeAl12WaWh,白色 品牌20 12 铅笔（水彩）,铅笔,品牌20,12,水彩,白色,48*10*5,2400,BI44F,劳拉,收货,上架
TVYn654KBl,黑色 品牌15 65英寸 电视机（超高清）,电视机,品牌15,65英寸,超高清,黑色,8*1*1,8,CH63C,莎拉,收货,上架
LaYn1716Gr,灰色 品牌15 17英寸 笔记本电脑（16吉字节内存）,笔记本电脑,品牌15,17英寸,16吉字节内存,灰色,16*1*1,16,CI69D,大卫,收货,上架
AlOv148GSi,银色 品牌13 14英寸 一体机（8吉字节内存）,一体机,品牌13,14英寸,8吉字节内存,银色,16*1*1,16,DM52C,莎拉,收货,上架
OfAELAdBl,黑色 品牌05 大号 办公椅（可调节）,办公椅,品牌05,大号,可调节,黑色,16*1*1,16,BO71H,大卫,收货,上架
PeAl50WaPi,粉色 品牌20 50 铅笔（水彩）,铅笔,品牌20,50,水彩,粉色,48*10*5,2400,DP95F,大卫,收货,上架
DrRG12FiBe,米色 品牌03 1200 抽屉柜（文件收纳）,抽屉柜,品牌03,1200,文件收纳,米色,8*1*1,8,AF95F,迈克,收货,上架
SPNa50HePi,粉色 品牌23 50 触控笔（六角形）,触控笔,品牌23,50,六角形,粉色,48*10*5,2400,CZ68D,亚历克斯,收货,上架
SPAl50SoBl,黑色 品牌20 50 触控笔（可溶性）,触控笔,品牌20,50,可溶性,黑色,48*10*5,2400,CI89G,亚历克斯,收货,上架
PrPHA4MoBl,黑色 品牌12 四号纸 打印机（黑白）,打印机,品牌12,四号纸,黑白,黑色,16*1*1,16,BR38H,约翰,收货,上架
TaCI18FrWh,白色 品牌27 1800 桌子（框架式）,桌子,品牌27,1800,框架式,白色,8*1*1,8,CJ67G,迈克,收货,上架
DrTE12LoWh,白色 品牌04 1200 抽屉柜（储物锁柜）,抽屉柜,品牌04,1200,储物锁柜,白色,8*1*1,8,AP21B,莎拉,收货,上架
PrNoA4InMi,混合色 品牌26 四号纸 打印机（喷墨）,打印机,品牌26,四号纸,喷墨,混合色,16*1*1,16,AX65G,艾米,收货,上架
AlPH1716Wh,白色 品牌12 17英寸 一体机（16吉字节内存）,一体机,品牌12,17英寸,16吉字节内存,白色,16*1*1,16,BO64B,艾米,收货,上架
PrReA3WiGr,灰色 品牌24 三号纸 打印机（无线网络）,打印机,品牌24,三号纸,无线网络,灰色,16*1*1,16,CI79B,简,收货,上架
LaOv1432Si,银色 品牌13 14英寸 笔记本电脑（32吉字节内存）,笔记本电脑,品牌13,14英寸,32吉字节内存,银色,16*1*1,16,CY11G,迈克,收货,上架
KeHc27WiBl,黑色 品牌09 270 键盘（有线）,键盘,品牌09,270,有线,黑色,16*10*1,160,CF32E,克里斯,收货,上架
PrReA3LaWh,白色 品牌24 三号纸 打印机（激光）,打印机,品牌24,三号纸,激光,白色,16*1*1,16,CI70A,克里斯,收货,上架
KeHc45ErPi,粉色 品牌09 450 键盘（人体工学）,键盘,品牌09,450,人体工学,粉色,16*10*1,160,CQ47B,简,收货,上架
PrNoA3InWh,白色 品牌26 三号纸 打印机（喷墨）,打印机,品牌26,三号纸,喷墨,白色,16*1*1,16,BM04G,莎拉,收货,上架
TaTR18WoBl,黑色 品牌29 1800 桌子（工作站）,桌子,品牌29,1800,工作站,黑色,8*1*1,8,CV56A,迈克,收货,上架
GaSESAdPi,粉色 品牌08 小号 游戏椅（可调节）,游戏椅,品牌08,小号,可调节,粉色,16*1*1,16,AL67A,艾米丽,收货,上架
MoSu45ErNa,藏青色 品牌11 450 鼠标（人体工学）,鼠标,品牌11,450,人体工学,藏青色,16*10*1,160,CT78B,大卫,收货,上架
PrSoA2MoBl,黑色 品牌25 二号纸 打印机（黑白）,打印机,品牌25,二号纸,黑白,黑色,16*1*1,16,DU66H,约翰,收货,上架
GaAESAdGr,灰色 品牌05 小号 游戏椅（可调节）,游戏椅,品牌05,小号,可调节,灰色,16*1*1,16,CY22B,简,收货,上架
GaOGLLeBl,黑色 品牌07 大号 游戏椅（皮革）,游戏椅,品牌07,大号,皮革,黑色,16*1*1,16,BO27E,艾米丽,收货,上架
AlYn1432Si,银色 品牌15 14英寸 一体机（32吉字节内存）,一体机,品牌15,14英寸,32吉字节内存,银色,16*1*1,16,AT27E,艾米丽,收货,上架
KeRe27WiBl,黑色 品牌10 270 键盘（有线）,键盘,品牌10,270,有线,黑色,16*10*1,160,DF12C,约翰,收货,上架
AlYn17i7Gr,灰色 品牌15 17英寸 一体机（第7代处理器）,一体机,品牌15,17英寸,第7代处理器,灰色,16*1*1,16,BW53A,约翰,收货,上架
DrRG12DoBe,米色 品牌03 1200 抽屉柜（带门式）,抽屉柜,品牌03,1200,带门式,米色,8*1*1,8,CY87B,亚历克斯,收货,上架
GaOGSLePi,粉色 品牌07 小号 游戏椅（皮革）,游戏椅,品牌07,小号,皮革,粉色,16*1*1,16,DM83G,简,收货,上架
TVGn754KSi,银色 品牌30 75英寸 电视机（超高清）,电视机,品牌30,75英寸,超高清,银色,8*1*1,8,CU75D,亚历克斯,收货,上架
OfXELHeBl,黑色 品牌06 大号 办公椅（头枕）,办公椅,品牌06,大号,头枕,黑色,16*1*1,16,BY46G,艾米,收货,上架
PrSoA2MoBl,黑色 品牌25 二号纸 打印机（黑白）,打印机,品牌25,二号纸,黑白,黑色,16*1*1,16,AN90H,简,收货,上架
MoRe45ErNa,藏青色 品牌10 450 鼠标（人体工学）,鼠标,品牌10,450,人体工学,藏青色,16*10*1,160,BZ82D,艾米,收货,上架
LaOv1716Bl,黑色 品牌13 17英寸 笔记本电脑（16吉字节内存）,笔记本电脑,品牌13,17英寸,16吉字节内存,黑色,16*1*1,16,AP61C,亚历克斯,收货,上架
DrRG90DoBl,黑色 品牌03 900 抽屉柜（带门式）,抽屉柜,品牌03,900,带门式,黑色,8*1*1,8,AS86B,大卫,收货,上架
TVYn65S4Si,银色 品牌15 65英寸 电视机（超级超高清）,电视机,品牌15,65英寸,超级超高清,银色,8*1*1,8,BL51G,简,收货,上架
DrRG12DoBl,黑色 品牌03 1200 抽屉柜（带门式）,抽屉柜,品牌03,1200,带门式,黑色,8*1*1,8,CF01E,约翰,收货,上架
KePH35ErPi,粉色 品牌12 350 键盘（人体工学）,键盘,品牌12,350,人体工学,粉色,16*10*1,160,AZ71G,简,收货,上架
TaCI10WoBl,黑色 品牌27 1000 桌子（工作站）,桌子,品牌27,1000,工作站,黑色,8*1*1,8,DG36E,艾米,收货,上架
PrNoA4MoBl,黑色 品牌26 四号纸 打印机（黑白）,打印机,品牌26,四号纸,黑白,黑色,16*1*1,16,AN17C,克里斯,收货,上架
LaRe14i5Si,银色 品牌14 14英寸 笔记本电脑（第5代处理器）,笔记本电脑,品牌14,14英寸,第5代处理器,银色,16*1*1,16,AX09G,艾米,收货,上架
PrNoA2LaBl,黑色 品牌26 二号纸 打印机（激光）,打印机,品牌26,二号纸,激光,黑色,16*1*1,16,BO32H,亚历克斯,收货,上架
TVYn50SFGr,灰色 品牌15 50英寸 电视机（超级全高清）,电视机,品牌15,50英寸,超级全高清,灰色,8*1*1,8,CW43D,克里斯,收货,上架
NoGrA3ruWh,白色 品牌18 三号纸 笔记本（横线）,笔记本,品牌18,三号纸,横线,白色,48*10*5,2400,CO40B,艾米,收货,上架
NoMuA4doGr,灰色 品牌19 四号纸 笔记本（点阵）,笔记本,品牌19,四号纸,点阵,灰色,48*10*5,2400,AX77C,约翰,收货,上架
OfXELHeBl,黑色 品牌06 大号 办公椅（头枕）,办公椅,品牌06,大号,头枕,黑色,16*1*1,16,AI47D,约翰,收货,上架
LaRe158GWh,白色 品牌14 15英寸 笔记本电脑（8吉字节内存）,笔记本电脑,品牌14,15英寸,8吉字节内存,白色,16*1*1,16,DU06F,莎拉,收货,上架
LaPH17i5Si,银色 品牌12 17英寸 笔记本电脑（第5代处理器）,笔记本电脑,品牌12,17英寸,第5代处理器,银色,16*1*1,16,AN18G,艾米,收货,上架
CaQE90FiWh,白色 品牌01 900 文件柜（文件收纳）,文件柜,品牌01,900,文件收纳,白色,8*1*1,8,AR37F,艾米丽,收货,上架
CuQE90LoBl,黑色 品牌01 900 储物柜（储物锁柜）,储物柜,品牌01,900,储物锁柜,黑色,8*1*1,8,DW61F,克里斯,收货,上架
TVGL754KGr,灰色 品牌31 75英寸 电视机（超高清）,电视机,品牌31,75英寸,超高清,灰色,8*1*1,8,AH67H,简,收货,上架
SPNa24SoGr,灰色 品牌23 24 触控笔（可溶性）,触控笔,品牌23,24,可溶性,灰色,48*10*5,2400,AU86G,劳拉,收货,上架
LaPH17i5Wh,白色 品牌12 17英寸 笔记本电脑（第5代处理器）,笔记本电脑,品牌12,17英寸,第5代处理器,白色,16*1*1,16,AK30G,约翰,收货,上架
AlPH158GGr,灰色 品牌12 15英寸 一体机（8吉字节内存）,一体机,品牌12,15英寸,8吉字节内存,灰色,16*1*1,16,CQ16H,亚历克斯,收货,上架
LaPH17i7Si,银色 品牌12 17英寸 笔记本电脑（第7代处理器）,笔记本电脑,品牌12,17英寸,第7代处理器,银色,16*1*1,16,BQ89H,劳拉,收货,上架
NoMuA4liSi,银色 品牌19 四号纸 笔记本（线条）,笔记本,品牌19,四号纸,线条,银色,48*10*5,2400,BG66F,亚历克斯,收货,上架
AlYn1432Gr,灰色 品牌15 14英寸 一体机（32吉字节内存）,一体机,品牌15,14英寸,32吉字节内存,灰色,16*1*1,16,BK57F,克里斯,收货,上架
AlRe15i7Wh,白色 品牌14 15英寸 一体机（第7代处理器）,一体机,品牌14,15英寸,第7代处理器,白色,16*1*1,16,DQ18C,克里斯,收货,上架
NoExA5liBl,黑色 品牌16 五号纸 笔记本（线条）,笔记本,品牌16,五号纸,线条,黑色,48*10*5,2400,AH55E,莎拉,收货,上架
NoMuA5liSi,银色 品牌19 五号纸 笔记本（线条）,笔记本,品牌19,五号纸,线条,银色,48*10*5,2400,AV88F,迈克,收货,上架
LaYn15i5Gr,灰色 品牌15 15英寸 笔记本电脑（第5代处理器）,笔记本电脑,品牌15,15英寸,第5代处理器,灰色,16*1*1,16,CT73G,亚历克斯,收货,上架
TVEs75FHBl,黑色 品牌32 75英寸 电视机（全高清）,电视机,品牌32,75英寸,全高清,黑色,8*1*1,8,CQ76D,莎拉,收货,上架
OfXEMAdWh,白色 品牌06 中号 办公椅（可调节）,办公椅,品牌06,中号,可调节,白色,16*1*1,16,AM32H,莎拉,收货,上架
KeSu45MeWh,白色 品牌11 450 键盘（机械式）,键盘,品牌11,450,机械式,白色,16*10*1,160,BI94H,大卫,收货,上架
TaTR18FrWh,白色 品牌29 1800 桌子（框架式）,桌子,品牌29,1800,框架式,白色,8*1*1,8,DL60B,亚历克斯,收货,上架
AlOv17i5Wh,白色 品牌13 17英寸 一体机（第5代处理器）,一体机,品牌13,17英寸,第5代处理器,白色,16*1*1,16,DR58B,克里斯,收货,上架
LaPH15i7Si,银色 品牌12 15英寸 笔记本电脑（第7代处理器）,笔记本电脑,品牌12,15英寸,第7代处理器,银色,16*1*1,16,AO79D,克里斯,收货,上架
LaPH17i7Bl,黑色 品牌12 17英寸 笔记本电脑（第7代处理器）,笔记本电脑,品牌12,17英寸,第7代处理器,黑色,16*1*1,16,CF65D,莎拉,收货,上架
PrSoA4MoGr,灰色 品牌25 四号纸 打印机（黑白）,打印机,品牌25,四号纸,黑白,灰色,16*1*1,16,AI72C,迈克,收货,上架
NoGrA3doGr,灰色 品牌18 三号纸 笔记本（点阵）,笔记本,品牌18,三号纸,点阵,灰色,48*10*5,2400,BQ41C,简,收货,上架
TVEs42SFGr,灰色 品牌32 42英寸 电视机（超级全高清）,电视机,品牌32,42英寸,超级全高清,灰色,8*1*1,8,DU17B,劳拉,收货,上架
DrTE90DoBe,米色 品牌04 900 抽屉柜（带门式）,抽屉柜,品牌04,900,带门式,米色,8*1*1,8,AF94F,大卫,收货,上架
AlPH148GSi,银色 品牌12 14英寸 一体机（8吉字节内存）,一体机,品牌12,14英寸,8吉字节内存,银色,16*1*1,16,CK32C,克里斯,收货,上架
OfSESErGr,灰色 品牌08 小号 办公椅（人体工学）,办公椅,品牌08,小号,人体工学,灰色,16*1*1,16,BJ82F,迈克,收货,上架
KeRe45BlBl,黑色 品牌10 450 键盘（蓝牙）,键盘,品牌10,450,蓝牙,黑色,16*10*1,160,AY68G,克里斯,收货,上架
GaAELAdGr,灰色 品牌05 大号 游戏椅（可调节）,游戏椅,品牌05,大号,可调节,灰色,16*1*1,16,DQ79G,劳拉,收货,上架
CuQE12DoGr,灰色 品牌01 1200 储物柜（带门式）,储物柜,品牌01,1200,带门式,灰色,8*1*1,8,AW96H,迈克,收货,上架
DrTE12FiBe,米色 品牌04 1200 抽屉柜（文件收纳）,抽屉柜,品牌04,1200,文件收纳,米色,8*1*1,8,DQ61B,迈克,收货,上架
PrReA4WiBl,黑色 品牌24 四号纸 打印机（无线网络）,打印机,品牌24,四号纸,无线网络,黑色,16*1*1,16,CW93C,劳拉,收货,上架
KeHc35WiNa,藏青色 品牌09 350 键盘（有线）,键盘,品牌09,350,有线,藏青色,16*10*1,160,AL30H,迈克,收货,上架
GaOGMLeWh,白色 品牌07 中号 游戏椅（皮革）,游戏椅,品牌07,中号,皮革,白色,16*1*1,16,CX87G,劳拉,收货,上架
PeNa12HePi,粉色 品牌23 12 铅笔（六角形）,铅笔,品牌23,12,六角形,粉色,48*10*5,2400,DW03D,简,收货,上架
CuWE12DoWh,白色 品牌02 1200 储物柜（带门式）,储物柜,品牌02,1200,带门式,白色,8*1*1,8,DU70F,简,收货,上架
NoMuA4ruWh,白色 品牌19 四号纸 笔记本（横线）,笔记本,品牌19,四号纸,横线,白色,48*10*5,2400,BY53C,简,收货,上架
MoRe35MeBl,黑色 品牌10 350 鼠标（机械式）,鼠标,品牌10,350,机械式,黑色,16*10*1,160,BR73G,艾米丽,收货,上架
LaOv1432Wh,白色 品牌13 14英寸 笔记本电脑（32吉字节内存）,笔记本电脑,品牌13,14英寸,32吉字节内存,白色,16*1*1,16,DK96F,莎拉,收货,上架
LaSu1732Si,银色 品牌11 17英寸 笔记本电脑（32吉字节内存）,笔记本电脑,品牌11,17英寸,32吉字节内存,银色,16*1*1,16,DV10E,大卫,收货,上架
NoGrA4doGr,灰色 品牌18 四号纸 笔记本（点阵）,笔记本,品牌18,四号纸,点阵,灰色,48*10*5,2400,AV31C,艾米,收货,上架
AlRe148GSi,银色 品牌14 14英寸 一体机（8吉字节内存）,一体机,品牌14,14英寸,8吉字节内存,银色,16*1*1,16,AP70D,艾米丽,收货,上架
AlOv1532Wh,白色 品牌13 15英寸 一体机（32吉字节内存）,一体机,品牌13,15英寸,32吉字节内存,白色,16*1*1,16,AY63D,简,收货,上架
LaSu148GWh,白色 品牌11 14英寸 笔记本电脑（8吉字节内存）,笔记本电脑,品牌11,14英寸,8吉字节内存,白色,16*1*1,16,DM51B,艾米,收货,上架
MoHc45WiPi,粉色 品牌09 450 鼠标（有线）,鼠标,品牌09,450,有线,粉色,16*10*1,160,DG70C,大卫,收货,上架
GaOGSLeBl,黑色 品牌07 小号 游戏椅（皮革）,游戏椅,品牌07,小号,皮革,黑色,16*1*1,16,CF35H,莎拉,收货,上架
GaOGSLePi,粉色 品牌07 小号 游戏椅（皮革）,游戏椅,品牌07,小号,皮革,粉色,16*1*1,16,DV64F,莎拉,收货,上架
TVGL42FHWh,白色 品牌31 42英寸 电视机（全高清）,电视机,品牌31,42英寸,全高清,白色,8*1*1,8,AP48A,大卫,收货,上架
MoSu27BlWh,白色 品牌11 270 鼠标（蓝牙）,鼠标,品牌11,270,蓝牙,白色,16*10*1,160,AZ61G,克里斯,收货,上架
NoScA4ruGr,灰色 品牌17 四号纸 笔记本（横线）,笔记本,品牌17,四号纸,横线,灰色,48*10*5,2400,BL92H,艾米丽,收货,上架
SPGi50HeWh,白色 品牌21 50 触控笔（六角形）,触控笔,品牌21,50,六角形,白色,48*10*5,2400,CV30F,简,收货,上架
PrPHA3LaMi,混合色 品牌12 三号纸 打印机（激光）,打印机,品牌12,三号纸,激光,混合色,16*1*1,16,DR84C,大卫,收货,上架
KeSu35MeWh,白色 品牌11 350 键盘（机械式）,键盘,品牌11,350,机械式,白色,16*10*1,160,BP12H,艾米,收货,上架
LaOv17i5Bl,黑色 品牌13 17英寸 笔记本电脑（第5代处理器）,笔记本电脑,品牌13,17英寸,第5代处理器,黑色,16*1*1,16,DW11A,克里斯,收货,上架
AlPH158GSi,银色 品牌12 15英寸 一体机（8吉字节内存）,一体机,品牌12,15英寸,8吉字节内存,银色,16*1*1,16,AV61D,莎拉,收货,上架
SPRe12SoPi,粉色 品牌22 12 触控笔（可溶性）,触控笔,品牌22,12,可溶性,粉色,48*10*5,2400,DW73D,简,收货,上架
DrRG18DoWh,白色 品牌03 1800 抽屉柜（带门式）,抽屉柜,品牌03,1800,带门式,白色,8*1*1,8,CH77B,迈克,收货,上架
LaYn1532Si,银色 品牌15 15英寸 笔记本电脑（32吉字节内存）,笔记本电脑,品牌15,15英寸,32吉字节内存,银色,16*1*1,16,CK49C,克里斯,收货,上架
AlPH148GSi,银色 品牌12 14英寸 一体机（8吉字节内存）,一体机,品牌12,14英寸,8吉字节内存,银色,16*1*1,16,AG41E,大卫,收货,上架
LaYn1416Wh,白色 品牌15 14英寸 笔记本电脑（16吉字节内存）,笔记本电脑,品牌15,14英寸,16吉字节内存,白色,16*1*1,16,AG73F,艾米,收货,上架
TVGL32S4Gr,灰色 品牌31 32英寸 电视机（超级超高清）,电视机,品牌31,32英寸,超级超高清,灰色,8*1*1,8,DO73B,莎拉,收货,上架
TaTR10FrGr,灰色 品牌29 1000 桌子（框架式）,桌子,品牌29,1000,框架式,灰色,8*1*1,8,BH10F,劳拉,收货,上架
CaTE12FiWh,白色 品牌04 1200 文件柜（文件收纳）,文件柜,品牌04,1200,文件收纳,白色,8*1*1,8,BQ11D,艾米,收货,上架
AlRe15i5Wh,白色 品牌14 15英寸 一体机（第5代处理器）,一体机,品牌14,15英寸,第5代处理器,白色,16*1*1,16,DN53A,迈克,收货,上架
PrSoA3LaWh,白色 品牌25 三号纸 打印机（激光）,打印机,品牌25,三号纸,激光,白色,16*1*1,16,AG42E,艾米丽,收货,上架
KeHc35ErPi,粉色 品牌09 350 键盘（人体工学）,键盘,品牌09,350,人体工学,粉色,16*10*1,160,BP88B,莎拉,收货,上架
GaXEMErPi,粉色 品牌06 中号 游戏椅（人体工学）,游戏椅,品牌06,中号,人体工学,粉色,16*1*1,16,DL60H,艾米,收货,上架
PrSoA4LaBl,黑色 品牌25 四号纸 打印机（激光）,打印机,品牌25,四号纸,激光,黑色,16*1*1,16,BT88F,迈克,收货,上架
SPNa12HePi,粉色 品牌23 12 触控笔（六角形）,触控笔,品牌23,12,六角形,粉色,48*10*5,2400,DK75H,艾米,收货,上架
TaCI10FrGr,灰色 品牌27 1000 桌子（框架式）,桌子,品牌27,1000,框架式,灰色,8*1*1,8,DS07A,简,收货,上架
PrNoA4LaMi,混合色 品牌26 四号纸 打印机（激光）,打印机,品牌26,四号纸,激光,混合色,16*1*1,16,CX30B,艾米丽,收货,上架
PrPHA4InMi,混合色 品牌12 四号纸 打印机（喷墨）,打印机,品牌12,四号纸,喷墨,混合色,16*1*1,16,CZ77F,劳拉,收货,上架
AlSu1532Wh,白色 品牌11 15英寸 一体机（32吉字节内存）,一体机,品牌11,15英寸,32吉字节内存,白色,16*1*1,16,BW97C,约翰,收货,上架
NoScA4ruWh,白色 品牌17 四号纸 笔记本（横线）,笔记本,品牌17,四号纸,横线,白色,48*10*5,2400,CT84E,艾米丽,收货,上架
AlYn178GBl,黑色 品牌15 17英寸 一体机（8吉字节内存）,一体机,品牌15,17英寸,8吉字节内存,黑色,16*1*1,16,AP50B,约翰,收货,上架
GaOGSErWh,白色 品牌07 小号 游戏椅（人体工学）,游戏椅,品牌07,小号,人体工学,白色,16*1*1,16,DW59A,莎拉,收货,上架
TVEs50SFSi,银色 品牌32 50英寸 电视机（超级全高清）,电视机,品牌32,50英寸,超级全高清,银色,8*1*1,8,BN20C,劳拉,收货,上架
AlYn14i7Bl,黑色 品牌15 14英寸 一体机（第7代处理器）,一体机,品牌15,14英寸,第7代处理器,黑色,16*1*1,16,DZ23A,艾米,收货,上架
CaQE12FiBe,米色 品牌01 1200 文件柜（文件收纳）,文件柜,品牌01,1200,文件收纳,米色,8*1*1,8,BH59G,莎拉,收货,上架
PrReA3LaWh,白色 品牌24 三号纸 打印机（激光）,打印机,品牌24,三号纸,激光,白色,16*1*1,16,BR64G,莎拉,收货,上架
DrTE90FiBe,米色 品牌04 900 抽屉柜（文件收纳）,抽屉柜,品牌04,900,文件收纳,米色,8*1*1,8,AH88A,艾米,收货,上架
PrReA3LaBl,黑色 品牌24 三号纸 打印机（激光）,打印机,品牌24,三号纸,激光,黑色,16*1*1,16,BV72C,亚历克斯,收货,上架
AlYn17i7Gr,灰色 品牌15 17英寸 一体机（第7代处理器）,一体机,品牌15,17英寸,第7代处理器,灰色,16*1*1,16,AT15B,亚历克斯,收货,上架
CaQE18FiBl,黑色 品牌01 1800 文件柜（文件收纳）,文件柜,品牌01,1800,文件收纳,黑色,8*1*1,8,AG20E,艾米,收货,上架
DrRG12FiBe,米色 品牌03 1200 抽屉柜（文件收纳）,抽屉柜,品牌03,1200,文件收纳,米色,8*1*1,8,DF02F,莎拉,收货,上架
CuRG90DoBe,米色 品牌03 900 储物柜（带门式）,储物柜,品牌03,900,带门式,米色,8*1*1,8,DI07B,大卫,收货,上架
CaTE12DoBe,米色 品牌04 1200 文件柜（带门式）,文件柜,品牌04,1200,带门式,米色,8*1*1,8,BI97D,艾米,收货,上架
KeHc27BlWh,白色 品牌09 270 键盘（蓝牙）,键盘,品牌09,270,蓝牙,白色,16*10*1,160,BO81B,约翰,收货,上架
AlRe1732Bl,黑色 品牌14 17英寸 一体机（32吉字节内存）,一体机,品牌14,17英寸,32吉字节内存,黑色,16*1*1,16,BO06G,劳拉,收货,上架
TVGn75SFWh,白色 品牌30 75英寸 电视机（超级全高清）,电视机,品牌30,75英寸,超级全高清,白色,8*1*1,8,CG22H,迈克,收货,上架
GaOGSHePi,粉色 品牌07 小号 游戏椅（头枕）,游戏椅,品牌07,小号,头枕,粉色,16*1*1,16,CQ15D,简,收货,上架
MoRe45ErWh,白色 品牌10 450 鼠标（人体工学）,鼠标,品牌10,450,人体工学,白色,16*10*1,160,AU51G,简,收货,上架
NoMuA5ruGr,灰色 品牌19 五号纸 笔记本（横线）,笔记本,品牌19,五号纸,横线,灰色,48*10*5,2400,DO93A,艾米,收货,上架
AlYn15i7Bl,黑色 品牌15 15英寸 一体机（第7代处理器）,一体机,品牌15,15英寸,第7代处理器,黑色,16*1*1,16,DK95F,简,收货,上架
PeGi24HePi,粉色 品牌21 24 铅笔（六角形）,铅笔,品牌21,24,六角形,粉色,48*10*5,2400,CT50D,迈克,收货,上架
TVEs50S4Si,银色 品牌32 50英寸 电视机（超级超高清）,电视机,品牌32,50英寸,超级超高清,银色,8*1*1,8,BF25E,简,收货,上架
TaCI15AuBl,黑色 品牌27 1500 桌子（自动调节）,桌子,品牌27,1500,自动调节,黑色,8*1*1,8,BJ27G,莎拉,收货,上架
TVGn65FHGr,灰色 品牌30 65英寸 电视机（全高清）,电视机,品牌30,65英寸,全高清,灰色,8*1*1,8,DV65D,莎拉,收货,上架
OfOGSAdPi,粉色 品牌07 小号 办公椅（可调节）,办公椅,品牌07,小号,可调节,粉色,16*1*1,16,CO79D,简,收货,上架
AlSu14i5Gr,灰色 品牌11 14英寸 一体机（第5代处理器）,一体机,品牌11,14英寸,第5代处理器,灰色,16*1*1,16,DY72C,迈克,收货,上架
TaTR18FrSi,银色 品牌29 1800 桌子（框架式）,桌子,品牌29,1800,框架式,银色,8*1*1,8,BF73G,艾米,收货,上架
GaAESHeBl,黑色 品牌05 小号 游戏椅（头枕）,游戏椅,品牌05,小号,头枕,黑色,16*1*1,16,BL95G,简,收货,上架
NoScA4liWh,白色 品牌17 四号纸 笔记本（线条）,笔记本,品牌17,四号纸,线条,白色,48*10*5,2400,DG89C,艾米丽,收货,上架
PeNa24WaPi,粉色 品牌23 24 铅笔（水彩）,铅笔,品牌23,24,水彩,粉色,48*10*5,2400,AU06D,大卫,收货,上架
CaRG18LoBl,黑色 品牌03 1800 文件柜（储物锁柜）,文件柜,品牌03,1800,储物锁柜,黑色,8*1*1,8,BQ48D,迈克,收货,上架
TVYn75S4Bl,黑色 品牌15 75英寸 电视机（超级超高清）,电视机,品牌15,75英寸,超级超高清,黑色,8*1*1,8,AM50D,亚历克斯,收货,上架
GaAELLeWh,白色 品牌05 大号 游戏椅（皮革）,游戏椅,品牌05,大号,皮革,白色,16*1*1,16,BG12F,劳拉,收货,上架
CuRG90LoBl,黑色 品牌03 900 储物柜（储物锁柜）,储物柜,品牌03,900,储物锁柜,黑色,8*1*1,8,AJ54H,劳拉,收货,上架
KePH27BlPi,粉色 品牌12 270 键盘（蓝牙）,键盘,品牌12,270,蓝牙,粉色,16*10*1,160,BF86F,约翰,收货,上架
LaSu1732Wh,白色 品牌11 17英寸 笔记本电脑（32吉字节内存）,笔记本电脑,品牌11,17英寸,32吉字节内存,白色,16*1*1,16,DN07A,约翰,收货,上架
SPGi12SoPi,粉色 品牌21 12 触控笔（可溶性）,触控笔,品牌21,12,可溶性,粉色,48*10*5,2400,DM97E,劳拉,收货,上架
MoPH45WiNa,藏青色 品牌12 450 鼠标（有线）,鼠标,品牌12,450,有线,藏青色,16*10*1,160,CF77C,约翰,收货,上架
AlOv178GSi,银色 品牌13 17英寸 一体机（8吉字节内存）,一体机,品牌13,17英寸,8吉字节内存,银色,16*1*1,16,AL55G,约翰,收货,上架
LaOv1516Bl,黑色 品牌13 15英寸 笔记本电脑（16吉字节内存）,笔记本电脑,品牌13,15英寸,16吉字节内存,黑色,16*1*1,16,CS50B,克里斯,收货,上架
LaYn158GGr,灰色 品牌15 15英寸 笔记本电脑（8吉字节内存）,笔记本电脑,品牌15,15英寸,8吉字节内存,灰色,16*1*1,16,AZ71B,大卫,收货,上架
PeNa12SoWh,白色 品牌23 12 铅笔（可溶性）,铅笔,品牌23,12,可溶性,白色,48*10*5,2400,DZ53A,劳拉,收货,上架
DrTE12SlBe,米色 品牌04 1200 抽屉柜（滑动式）,抽屉柜,品牌04,1200,滑动式,米色,8*1*1,8,AP43D,莎拉,收货,上架
LaYn1732Si,银色 品牌15 17英寸 笔记本电脑（32吉字节内存）,笔记本电脑,品牌15,17英寸,32吉字节内存,银色,16*1*1,16,CY56B,莎拉,收货,上架
CaWE18FiWh,白色 品牌02 1800 文件柜（文件收纳）,文件柜,品牌02,1800,文件收纳,白色,8*1*1,8,AF38F,简,收货,上架
NoExA4doBl,黑色 品牌16 四号纸 笔记本（点阵）,笔记本,品牌16,四号纸,点阵,黑色,48*10*5,2400,CM12C,艾米,收货,上架
AlPH17i5Wh,白色 品牌12 17英寸 一体机（第5代处理器）,一体机,品牌12,17英寸,第5代处理器,白色,16*1*1,16,BQ50F,大卫,收货,上架
KeSu27BlBl,黑色 品牌11 270 键盘（蓝牙）,键盘,品牌11,270,蓝牙,黑色,16*10*1,160,CV44B,莎拉,收货,上架
GaOGMErGr,灰色 品牌07 中号 游戏椅（人体工学）,游戏椅,品牌07,中号,人体工学,灰色,16*1*1,16,BP76F,克里斯,收货,上架
OfXESAdWh,白色 品牌06 小号 办公椅（可调节）,办公椅,品牌06,小号,可调节,白色,16*1*1,16,CT72F,莎拉,收货,上架
PrNoA3LaWh,白色 品牌26 三号纸 打印机（激光）,打印机,品牌26,三号纸,激光,白色,16*1*1,16,CL04G,莎拉,收货,上架
NoMuA5ruWh,白色 品牌19 五号纸 笔记本（横线）,笔记本,品牌19,五号纸,横线,白色,48*10*5,2400,BG38E,迈克,收货,上架
LaRe1732Bl,黑色 品牌14 17英寸 笔记本电脑（32吉字节内存）,笔记本电脑,品牌14,17英寸,32吉字节内存,黑色,16*1*1,16,CR29H,劳拉,收货,上架
AlSu158GSi,银色 品牌11 15英寸 一体机（8吉字节内存）,一体机,品牌11,15英寸,8吉字节内存,银色,16*1*1,16,CZ54E,克里斯,收货,上架
TaTR15AdWh,白色 品牌29 1500 桌子（可调节）,桌子,品牌29,1500,可调节,白色,8*1*1,8,BM73H,大卫,收货,上架
DrRG90SlBe,米色 品牌03 900 抽屉柜（滑动式）,抽屉柜,品牌03,900,滑动式,米色,8*1*1,8,DN01F,约翰,收货,上架
TVYn324KWh,白色 品牌15 32英寸 电视机（超高清）,电视机,品牌15,32英寸,超高清,白色,8*1*1,8,DL41C,大卫,收货,上架
DrWE18SlBe,米色 品牌02 1800 抽屉柜（滑动式）,抽屉柜,品牌02,1800,滑动式,米色,8*1*1,8,BS21H,迈克,收货,上架
PrSoA2AlMi,混合色 品牌25 二号纸 打印机（一体式）,打印机,品牌25,二号纸,一体式,混合色,16*1*1,16,AL72F,莎拉,收货,上架
CuQE90LoBl,黑色 品牌01 900 储物柜（储物锁柜）,储物柜,品牌01,900,储物锁柜,黑色,8*1*1,8,AV26C,大卫,收货,上架
CuTE12LoBl,黑色 品牌04 1200 储物柜（储物锁柜）,储物柜,品牌04,1200,储物锁柜,黑色,8*1*1,8,DW41H,简,收货,上架
MoRe35MeWh,白色 品牌10 350 鼠标（机械式）,鼠标,品牌10,350,机械式,白色,16*10*1,160,AO94G,亚历克斯,收货,上架
SPNa12HeGr,灰色 品牌23 12 触控笔（六角形）,触控笔,品牌23,12,六角形,灰色,48*10*5,2400,BH39D,约翰,收货,上架
TVGL75FHSi,银色 品牌31 75英寸 电视机（全高清）,电视机,品牌31,75英寸,全高清,银色,8*1*1,8,CP56B,简,收货,上架
TVYn65S4Wh,白色 品牌15 65英寸 电视机（超级超高清）,电视机,品牌15,65英寸,超级超高清,白色,8*1*1,8,BG18B,莎拉,收货,上架
GaAESLeGr,灰色 品牌05 小号 游戏椅（皮革）,游戏椅,品牌05,小号,皮革,灰色,16*1*1,16,BI95D,艾米丽,收货,上架
CaQE18FiWh,白色 品牌01 1800 文件柜（文件收纳）,文件柜,品牌01,1800,文件收纳,白色,8*1*1,8,AK02F,劳拉,收货,上架
PrNoA4WiGr,灰色 品牌26 四号纸 打印机（无线网络）,打印机,品牌26,四号纸,无线网络,灰色,16*1*1,16,BW47C,亚历克斯,收货,上架
PeRe24HePi,粉色 品牌22 24 铅笔（六角形）,铅笔,品牌22,24,六角形,粉色,48*10*5,2400,BS77E,莎拉,收货,上架
AlPH15i5Bl,黑色 品牌12 15英寸 一体机（第5代处理器）,一体机,品牌12,15英寸,第5代处理器,黑色,16*1*1,16,CG22D,克里斯,收货,上架
KeRe35WiNa,藏青色 品牌10 350 键盘（有线）,键盘,品牌10,350,有线,藏青色,16*10*1,160,CI31B,莎拉,收货,上架
TVGn75SFBl,黑色 品牌30 75英寸 电视机（超级全高清）,电视机,品牌30,75英寸,超级全高清,黑色,8*1*1,8,AI78H,亚历克斯,收货,上架
SPAl24HeWh,白色 品牌20 24 触控笔（六角形）,触控笔,品牌20,24,六角形,白色,48*10*5,2400,AT55B,莎拉,收货,上架
LaPH158GGr,灰色 品牌12 15英寸 笔记本电脑（8吉字节内存）,笔记本电脑,品牌12,15英寸,8吉字节内存,灰色,16*1*1,16,AK10C,莎拉,收货,上架
MoRe45ErBl,黑色 品牌10 450 鼠标（人体工学）,鼠标,品牌10,450,人体工学,黑色,16*10*1,160,BI11D,克里斯,收货,上架
MoHc45BlWh,白色 品牌09 450 鼠标（蓝牙）,鼠标,品牌09,450,蓝牙,白色,16*10*1,160,DH80B,约翰,收货,上架
AlYn17i5Si,银色 品牌15 17英寸 一体机（第5代处理器）,一体机,品牌15,17英寸,第5代处理器,银色,16*1*1,16,CF51H,艾米丽,收货,上架
LaPH1732Bl,黑色 品牌12 17英寸 笔记本电脑（32吉字节内存）,笔记本电脑,品牌12,17英寸,32吉字节内存,黑色,16*1*1,16,BI47D,简,收货,上架
PrSoA2LaGr,灰色 品牌25 二号纸 打印机（激光）,打印机,品牌25,二号纸,激光,灰色,16*1*1,16,BY07B,简,收货,上架
CuQE18LoBl,黑色 品牌01 1800 储物柜（储物锁柜）,储物柜,品牌01,1800,储物锁柜,黑色,8*1*1,8,DV45C,艾米,收货,上架
CaTE18LoGr,灰色 品牌04 1800 文件柜（储物锁柜）,文件柜,品牌04,1800,储物锁柜,灰色,8*1*1,8,DJ35D,约翰,收货,上架
TaAE10AdBl,黑色 品牌05 1000 桌子（可调节）,桌子,品牌05,1000,可调节,黑色,8*1*1,8,CK33E,亚历克斯,收货,上架
KePH27BlWh,白色 品牌12 270 键盘（蓝牙）,键盘,品牌12,270,蓝牙,白色,16*10*1,160,BV10E,艾米,收货,上架
PeAl12HePi,粉色 品牌20 12 铅笔（六角形）,铅笔,品牌20,12,六角形,粉色,48*10*5,2400,AK03H,简,收货,上架
AlSu178GWh,白色 品牌11 17英寸 一体机（8吉字节内存）,一体机,品牌11,17英寸,8吉字节内存,白色,16*1*1,16,AJ19F,劳拉,收货,上架
MoHc45BlPi,粉色 品牌09 450 鼠标（蓝牙）,鼠标,品牌09,450,蓝牙,粉色,16*10*1,160,CN73E,大卫,收货,上架
DrWE12SlBl,黑色 品牌02 1200 抽屉柜（滑动式）,抽屉柜,品牌02,1200,滑动式,黑色,8*1*1,8,CF59D,莎拉,收货,上架
LaSu15i7Si,银色 品牌11 15英寸 笔记本电脑（第7代处理器）,笔记本电脑,品牌11,15英寸,第7代处理器,银色,16*1*1,16,CF96D,亚历克斯,收货,上架
SPGi24WaGr,灰色 品牌21 24 触控笔（水彩）,触控笔,品牌21,24,水彩,灰色,48*10*5,2400,CT57C,亚历克斯,收货,上架
PrPHA2WiGr,灰色 品牌12 二号纸 打印机（无线网络）,打印机,品牌12,二号纸,无线网络,灰色,16*1*1,16,DF41D,劳拉,收货,上架
PeNa24WaGr,灰色 品牌23 24 铅笔（水彩）,铅笔,品牌23,24,水彩,灰色,48*10*5,2400,AP81B,艾米丽,收货,上架
DrWE18DoBe,米色 品牌02 1800 抽屉柜（带门式）,抽屉柜,品牌02,1800,带门式,米色,8*1*1,8,DT85E,亚历克斯,收货,上架
GaSEMAdWh,白色 品牌08 中号 游戏椅（可调节）,游戏椅,品牌08,中号,可调节,白色,16*1*1,16,AP66C,艾米丽,收货,上架
SPRe50SoBl,黑色 品牌22 50 触控笔（可溶性）,触控笔,品牌22,50,可溶性,黑色,48*10*5,2400,AI81E,莎拉,收货,上架
TVGn75SFSi,银色 品牌30 75英寸 电视机（超级全高清）,电视机,品牌30,75英寸,超级全高清,银色,8*1*1,8,AR85D,克里斯,收货,上架
CaTE90FiWh,白色 品牌04 900 文件柜（文件收纳）,文件柜,品牌04,900,文件收纳,白色,8*1*1,8,BW44E,莎拉,收货,上架
LaOv158GWh,白色 品牌13 15英寸 笔记本电脑（8吉字节内存）,笔记本电脑,品牌13,15英寸,8吉字节内存,白色,16*1*1,16,DM78F,劳拉,收货,上架
MoRe35ErBl,黑色 品牌10 350 鼠标（人体工学）,鼠标,品牌10,350,人体工学,黑色,16*10*1,160,CL03H,约翰,收货,上架
PeAl50WaPi,粉色 品牌20 50 铅笔（水彩）,铅笔,品牌20,50,水彩,粉色,48*10*5,2400,BV92F,迈克,收货,上架
AlPH17i7Wh,白色 品牌12 17英寸 一体机（第7代处理器）,一体机,品牌12,17英寸,第7代处理器,白色,16*1*1,16,DW77B,艾米丽,收货,上架
TVGL32SFBl,黑色 品牌31 32英寸 电视机（超级全高清）,电视机,品牌31,32英寸,超级全高清,黑色,8*1*1,8,CR25E,亚历克斯,收货,上架
AlOv1516Si,银色 品牌13 15英寸 一体机（16吉字节内存）,一体机,品牌13,15英寸,16吉字节内存,银色,16*1*1,16,AX11C,约翰,收货,上架
CaWE90SlBe,米色 品牌02 900 文件柜（滑动式）,文件柜,品牌02,900,滑动式,米色,8*1*1,8,BZ50D,大卫,收货,上架
AlRe178GGr,灰色 品牌14 17英寸 一体机（8吉字节内存）,一体机,品牌14,17英寸,8吉字节内存,灰色,16*1*1,16,DJ84B,艾米丽,收货,上架
AlRe1532Bl,黑色 品牌14 15英寸 一体机（32吉字节内存）,一体机,品牌14,15英寸,32吉字节内存,黑色,16*1*1,16,DK07B,亚历克斯,收货,上架
CuRG12FiBe,米色 品牌03 1200 储物柜（文件收纳）,储物柜,品牌03,1200,文件收纳,米色,8*1*1,8,DY35D,亚历克斯,收货,上架
MoSu45BlNa,藏青色 品牌11 450 鼠标（蓝牙）,鼠标,品牌11,450,蓝牙,藏青色,16*10*1,160,BX96B,克里斯,收货,上架
OfXEMAdWh,白色 品牌06 中号 办公椅（可调节）,办公椅,品牌06,中号,可调节,白色,16*1*1,16,AF36A,亚历克斯,收货,上架
OfXESLeWh,白色 品牌06 小号 办公椅（皮革）,办公椅,品牌06,小号,皮革,白色,16*1*1,16,BT08G,迈克,收货,上架
LaSu1516Bl,黑色 品牌11 15英寸 笔记本电脑（16吉字节内存）,笔记本电脑,品牌11,15英寸,16吉字节内存,黑色,16*1*1,16,AQ01F,艾米,收货,上架
LaPH15i5Si,银色 品牌12 15英寸 笔记本电脑（第5代处理器）,笔记本电脑,品牌12,15英寸,第5代处理器,银色,16*1*1,16,DT61B,迈克,收货,上架
TVYn75SFBl,黑色 品牌15 75英寸 电视机（超级全高清）,电视机,品牌15,75英寸,超级全高清,黑色,8*1*1,8,AM30A,艾米丽,收货,上架
GaXEMLeBl,黑色 品牌06 中号 游戏椅（皮革）,游戏椅,品牌06,中号,皮革,黑色,16*1*1,16,CW09A,大卫,收货,上架
TVYn42FHGr,灰色 品牌15 42英寸 电视机（全高清）,电视机,品牌15,42英寸,全高清,灰色,8*1*1,8,BK36B,简,收货,上架
TaTR10AdBl,黑色 品牌29 1000 桌子（可调节）,桌子,品牌29,1000,可调节,黑色,8*1*1,8,BU24F,艾米,收货,上架
CuRG18FiWh,白色 品牌03 1800 储物柜（文件收纳）,储物柜,品牌03,1800,文件收纳,白色,8*1*1,8,BQ11E,迈克,收货,上架
KeSu45ErWh,白色 品牌11 450 键盘（人体工学）,键盘,品牌11,450,人体工学,白色,16*10*1,160,BR65F,艾米丽,收货,上架
AlOv17i5Gr,灰色 品牌13 17英寸 一体机（第5代处理器）,一体机,品牌13,17英寸,第5代处理器,灰色,16*1*1,16,DT30G,莎拉,收货,上架
PeGi24SoPi,粉色 品牌21 24 铅笔（可溶性）,铅笔,品牌21,24,可溶性,粉色,48*10*5,2400,BV80F,艾米丽,收货,上架
SPNa50SoPi,粉色 品牌23 50 触控笔（可溶性）,触控笔,品牌23,50,可溶性,粉色,48*10*5,2400,BM84E,简,收货,上架
GaAEMErBl,黑色 品牌05 中号 游戏椅（人体工学）,游戏椅,品牌05,中号,人体工学,黑色,16*1*1,16,CF98D,艾米丽,收货,上架
CaQE18DoBl,黑色 品牌01 1800 文件柜（带门式）,文件柜,品牌01,1800,带门式,黑色,8*1*1,8,AN37H,艾米,收货,上架
DrRG90SlGr,灰色 品牌03 900 抽屉柜（滑动式）,抽屉柜,品牌03,900,滑动式,灰色,8*1*1,8,DF67H,亚历克斯,收货,上架
SPGi24SoPi,粉色 品牌21 24 触控笔（可溶性）,触控笔,品牌21,24,可溶性,粉色,48*10*5,2400,AZ48A,简,收货,上架
GaSELAdBl,黑色 品牌08 大号 游戏椅（可调节）,游戏椅,品牌08,大号,可调节,黑色,16*1*1,16,DU55F,约翰,收货,上架
KeHc45MeNa,藏青色 品牌09 450 键盘（机械式）,键盘,品牌09,450,机械式,藏青色,16*10*1,160,BP87C,迈克,收货,上架
SPGi12WaWh,白色 品牌21 12 触控笔（水彩）,触控笔,品牌21,12,水彩,白色,48*10*5,2400,BP67H,莎拉,收货,上架
CaRG12SlBe,米色 品牌03 1200 文件柜（滑动式）,文件柜,品牌03,1200,滑动式,米色,8*1*1,8,DX26H,劳拉,收货,上架
MoPH35BlPi,粉色 品牌12 350 鼠标（蓝牙）,鼠标,品牌12,350,蓝牙,粉色,16*10*1,160,BH08D,艾米丽,收货,上架
GaOGLErGr,灰色 品牌07 大号 游戏椅（人体工学）,游戏椅,品牌07,大号,人体工学,灰色,16*1*1,16,BQ40D,亚历克斯,收货,上架
PrSoA4InBl,黑色 品牌25 四号纸 打印机（喷墨）,打印机,品牌25,四号纸,喷墨,黑色,16*1*1,16,CF32F,莎拉,收货,上架
CaQE18FiBe,米色 品牌01 1800 文件柜（文件收纳）,文件柜,品牌01,1800,文件收纳,米色,8*1*1,8,BR59C,艾米丽,收货,上架
PeRe24WaGr,灰色 品牌22 24 铅笔（水彩）,铅笔,品牌22,24,水彩,灰色,48*10*5,2400,DP72D,劳拉,收货,上架
MoSu45BlNa,藏青色 品牌11 450 鼠标（蓝牙）,鼠标,品牌11,450,蓝牙,藏青色,16*10*1,160,DG82H,克里斯,收货,上架
LaOv14i5Gr,灰色 品牌13 14英寸 笔记本电脑（第5代处理器）,笔记本电脑,品牌13,14英寸,第5代处理器,灰色,16*1*1,16,BG18G,莎拉,收货,上架
LaOv1532Gr,灰色 品牌13 15英寸 笔记本电脑（32吉字节内存）,笔记本电脑,品牌13,15英寸,32吉字节内存,灰色,16*1*1,16,BW19B,莎拉,收货,上架
AlOv14i7Bl,黑色 品牌13 14英寸 一体机（第7代处理器）,一体机,品牌13,14英寸,第7代处理器,黑色,16*1*1,16,BU23A,艾米,收货,上架
TVEs65S4Wh,白色 品牌32 65英寸 电视机（超级超高清）,电视机,品牌32,65英寸,超级超高清,白色,8*1*1,8,CG76H,简,收货,上架
TaTR15AuBl,黑色 品牌29 1500 桌子（自动调节）,桌子,品牌29,1500,自动调节,黑色,8*1*1,8,CR95B,亚历克斯,收货,上架
CuWE12DoWh,白色 品牌02 1200 储物柜（带门式）,储物柜,品牌02,1200,带门式,白色,8*1*1,8,DJ64H,莎拉,收货,上架
TVYn504KWh,白色 品牌15 50英寸 电视机（超高清）,电视机,品牌15,50英寸,超高清,白色,8*1*1,8,AK04D,艾米丽,收货,上架
TVEs504KBl,黑色 品牌32 50英寸 电视机（超高清）,电视机,品牌32,50英寸,超高清,黑色,8*1*1,8,AL65G,莎拉,收货,上架
OfXELHeGr,灰色 品牌06 大号 办公椅（头枕）,办公椅,品牌06,大号,头枕,灰色,16*1*1,16,BJ36C,迈克,收货,上架
AlSu1416Wh,白色 品牌11 14英寸 一体机（16吉字节内存）,一体机,品牌11,14英寸,16吉字节内存,白色,16*1*1,16,DF06C,克里斯,收货,上架
PrNoA2InMi,混合色 品牌26 二号纸 打印机（喷墨）,打印机,品牌26,二号纸,喷墨,混合色,16*1*1,16,DN81H,简,收货,上架
MoPH45MeBl,黑色 品牌12 450 鼠标（机械式）,鼠标,品牌12,450,机械式,黑色,16*10*1,160,DG79C,亚历克斯,收货,上架
MoPH35WiPi,粉色 品牌12 350 鼠标（有线）,鼠标,品牌12,350,有线,粉色,16*10*1,160,AT61A,克里斯,收货,上架
SPAl24HePi,粉色 品牌20 24 触控笔（六角形）,触控笔,品牌20,24,六角形,粉色,48*10*5,2400,DJ29E,劳拉,收货,上架
NoScA5doWh,白色 品牌17 五号纸 笔记本（点阵）,笔记本,品牌17,五号纸,点阵,白色,48*10*5,2400,DK05A,亚历克斯,收货,上架
PeGi24SoPi,粉色 品牌21 24 铅笔（可溶性）,铅笔,品牌21,24,可溶性,粉色,48*10*5,2400,CS87H,艾米,收货,上架
LaOv1732Bl,黑色 品牌13 17英寸 笔记本电脑（32吉字节内存）,笔记本电脑,品牌13,17英寸,32吉字节内存,黑色,16*1*1,16,BF68H,艾米,收货,上架
TaTR18WoGr,灰色 品牌29 1800 桌子（工作站）,桌子,品牌29,1800,工作站,灰色,8*1*1,8,AN01E,亚历克斯,收货,上架
AlPH1516Wh,白色 品牌12 15英寸 一体机（16吉字节内存）,一体机,品牌12,15英寸,16吉字节内存,白色,16*1*1,16,DL14B,约翰,收货,上架
OfSESHePi,粉色 品牌08 小号 办公椅（头枕）,办公椅,品牌08,小号,头枕,粉色,16*1*1,16,CH84B,劳拉,收货,上架
SPGi50SoPi,粉色 品牌21 50 触控笔（可溶性）,触控笔,品牌21,50,可溶性,粉色,48*10*5,2400,DR41B,约翰,收货,上架
SPNa50HeWh,白色 品牌23 50 触控笔（六角形）,触控笔,品牌23,50,六角形,白色,48*10*5,2400,CF38B,艾米丽,收货,上架
OfSELHeWh,白色 品牌08 大号 办公椅（头枕）,办公椅,品牌08,大号,头枕,白色,16*1*1,16,BO71G,迈克,收货,上架
DrQE90SlWh,白色 品牌01 900 抽屉柜（滑动式）,抽屉柜,品牌01,900,滑动式,白色,8*1*1,8,BU46F,克里斯,收货,上架
CaWE18LoBe,米色 品牌02 1800 文件柜（储物锁柜）,文件柜,品牌02,1800,储物锁柜,米色,8*1*1,8,AZ20G,艾米丽,收货,上架
TVEs50FHSi,银色 品牌32 50英寸 电视机（全高清）,电视机,品牌32,50英寸,全高清,银色,8*1*1,8,AK94B,莎拉,收货,上架
PrPHA3MoGr,灰色 品牌12 三号纸 打印机（黑白）,打印机,品牌12,三号纸,黑白,灰色,16*1*1,16,CY93B,艾米丽,收货,上架
DrRG18LoGr,灰色 品牌03 1800 抽屉柜（储物锁柜）,抽屉柜,品牌03,1800,储物锁柜,灰色,8*1*1,8,CM22C,劳拉,收货,上架
GaAESLeGr,灰色 品牌05 小号 游戏椅（皮革）,游戏椅,品牌05,小号,皮革,灰色,16*1*1,16,BK97G,劳拉,收货,上架
AlOv178GBl,黑色 品牌13 17英寸 一体机（8吉字节内存）,一体机,品牌13,17英寸,8吉字节内存,黑色,16*1*1,16,BP80B,约翰,收货,上架
OfXEMErBl,黑色 品牌06 中号 办公椅（人体工学）,办公椅,品牌06,中号,人体工学,黑色,16*1*1,16,AY24H,艾米,收货,上架
CaTE12SlWh,白色 品牌04 1200 文件柜（滑动式）,文件柜,品牌04,1200,滑动式,白色,8*1*1,8,BR89C,大卫,收货,上架
MoRe27BlWh,白色 品牌10 270 鼠标（蓝牙）,鼠标,品牌10,270,蓝牙,白色,16*10*1,160,CI93H,简,收货,上架
DrRG12DoBl,黑色 品牌03 1200 抽屉柜（带门式）,抽屉柜,品牌03,1200,带门式,黑色,8*1*1,8,BL07E,大卫,收货,上架
LaRe1432Gr,灰色 品牌14 14英寸 笔记本电脑（32吉字节内存）,笔记本电脑,品牌14,14英寸,32吉字节内存,灰色,16*1*1,16,AP91E,迈克,收货,上架
OfOGLErPi,粉色 品牌07 大号 办公椅（人体工学）,办公椅,品牌07,大号,人体工学,粉色,16*1*1,16,AQ86F,简,收货,上架
GaOGMErPi,粉色 品牌07 中号 游戏椅（人体工学）,游戏椅,品牌07,中号,人体工学,粉色,16*1*1,16,CO27C,克里斯,收货,上架
CaWE12LoWh,白色 品牌02 1200 文件柜（储物锁柜）,文件柜,品牌02,1200,储物锁柜,白色,8*1*1,8,DX87G,迈克,收货,上架
GaAEMErWh,白色 品牌05 中号 游戏椅（人体工学）,游戏椅,品牌05,中号,人体工学,白色,16*1*1,16,DT38D,艾米,收货,上架
OfSEMAdPi,粉色 品牌08 中号 办公椅（可调节）,办公椅,品牌08,中号,可调节,粉色,16*1*1,16,AM70D,艾米,收货,上架
SPGi50HePi,粉色 品牌21 50 触控笔（六角形）,触控笔,品牌21,50,六角形,粉色,48*10*5,2400,BW89F,克里斯,收货,上架
PeRe50HePi,粉色 品牌22 50 铅笔（六角形）,铅笔,品牌22,50,六角形,粉色,48*10*5,2400,AX53E,约翰,收货,上架
TVGL42S4Si,银色 品牌31 42英寸 电视机（超级超高清）,电视机,品牌31,42英寸,超级超高清,银色,8*1*1,8,DN05G,迈克,收货,上架
OfAELAdBl,黑色 品牌05 大号 办公椅（可调节）,办公椅,品牌05,大号,可调节,黑色,16*1*1,16,DM93C,迈克,收货,上架
PrSoA4InMi,混合色 品牌25 四号纸 打印机（喷墨）,打印机,品牌25,四号纸,喷墨,混合色,16*1*1,16,DV76H,简,收货,上架
PrSoA3MoMi,混合色 品牌25 三号纸 打印机（黑白）,打印机,品牌25,三号纸,黑白,混合色,16*1*1,16,BS85G,迈克,收货,上架
AlOv1732Gr,灰色 品牌13 17英寸 一体机（32吉字节内存）,一体机,品牌13,17英寸,32吉字节内存,灰色,16*1*1,16,CJ10C,简,收货,上架
PrSoA2AlWh,白色 品牌25 二号纸 打印机（一体式）,打印机,品牌25,二号纸,一体式,白色,16*1*1,16,DP93D,艾米,收货,上架
KeHc35WiNa,藏青色 品牌09 350 键盘（有线）,键盘,品牌09,350,有线,藏青色,16*10*1,160,CI57E,艾米丽,收货,上架
LaYn15i5Si,银色 品牌15 15英寸 笔记本电脑（第5代处理器）,笔记本电脑,品牌15,15英寸,第5代处理器,银色,16*1*1,16,AJ11A,劳拉,收货,上架
PrPHA3AlWh,白色 品牌12 三号纸 打印机（一体式）,打印机,品牌12,三号纸,一体式,白色,16*1*1,16,CS59H,亚历克斯,收货,上架
GaAEMLePi,粉色 品牌05 中号 游戏椅（皮革）,游戏椅,品牌05,中号,皮革,粉色,16*1*1,16,AQ05H,莎拉,收货,上架
TaTR18WoWh,白色 品牌28 1800 桌子（工作站）,桌子,品牌28,1800,工作站,白色,8*1*1,8,BF56G,简,收货,上架
SPAl24HeWh,白色 品牌20 24 触控笔（六角形）,触控笔,品牌20,24,六角形,白色,48*10*5,2400,BL34F,大卫,收货,上架
SPNa24SoBl,黑色 品牌23 24 触控笔（可溶性）,触控笔,品牌23,24,可溶性,黑色,48*10*5,2400,BP20D,艾米丽,收货,上架
MoSu27ErNa,藏青色 品牌11 270 鼠标（人体工学）,鼠标,品牌11,270,人体工学,藏青色,16*10*1,160,DZ98G,迈克,收货,上架
PrNoA4WiWh,白色 品牌26 四号纸 打印机（无线网络）,打印机,品牌26,四号纸,无线网络,白色,16*1*1,16,AT75H,大卫,收货,上架
PrReA2WiMi,混合色 品牌24 二号纸 打印机（无线网络）,打印机,品牌24,二号纸,无线网络,混合色,16*1*1,16,BI09E,亚历克斯,收货,上架
LaSu1532Gr,灰色 品牌11 15英寸 笔记本电脑（32吉字节内存）,笔记本电脑,品牌11,15英寸,32吉字节内存,灰色,16*1*1,16,CM87A,莎拉,收货,上架
OfXEMHePi,粉色 品牌06 中号 办公椅（头枕）,办公椅,品牌06,中号,头枕,粉色,16*1*1,16,CT75E,迈克,收货,上架
MoPH35MeWh,白色 品牌12 350 鼠标（机械式）,鼠标,品牌12,350,机械式,白色,16*10*1,160,BM96A,莎拉,收货,上架
CuQE12DoGr,灰色 品牌01 1200 储物柜（带门式）,储物柜,品牌01,1200,带门式,灰色,8*1*1,8,CY29D,莎拉,收货,上架
GaSESErGr,灰色 品牌08 小号 游戏椅（人体工学）,游戏椅,品牌08,小号,人体工学,灰色,16*1*1,16,DM19D,亚历克斯,收货,上架
PrNoA4InWh,白色 品牌26 四号纸 打印机（喷墨）,打印机,品牌26,四号纸,喷墨,白色,16*1*1,16,CZ25D,约翰,收货,上架
LaSu148GWh,白色 品牌11 14英寸 笔记本电脑（8吉字节内存）,笔记本电脑,品牌11,14英寸,8吉字节内存,白色,16*1*1,16,BU31D,劳拉,收货,上架
PrPHA4WiMi,混合色 品牌12 四号纸 打印机（无线网络）,打印机,品牌12,四号纸,无线网络,混合色,16*1*1,16,BF12H,劳拉,收货,上架
MoPH45BlBl,黑色 品牌12 450 鼠标（蓝牙）,鼠标,品牌12,450,蓝牙,黑色,16*10*1,160,BZ27B,莎拉,收货,上架
CuTE12DoBe,米色 品牌04 1200 储物柜（带门式）,储物柜,品牌04,1200,带门式,米色,8*1*1,8,DG49G,劳拉,收货,上架
GaXESAdBl,黑色 品牌06 小号 游戏椅（可调节）,游戏椅,品牌06,小号,可调节,黑色,16*1*1,16,AQ18D,大卫,收货,上架
DrWE12DoGr,灰色 品牌02 1200 抽屉柜（带门式）,抽屉柜,品牌02,1200,带门式,灰色,8*1*1,8,DZ24G,约翰,收货,上架
AlOv158GWh,白色 品牌13 15英寸 一体机（8吉字节内存）,一体机,品牌13,15英寸,8吉字节内存,白色,16*1*1,16,AP83G,迈克,收货,上架
TVGL32SFWh,白色 品牌31 32英寸 电视机（超级全高清）,电视机,品牌31,32英寸,超级全高清,白色,8*1*1,8,AG14B,约翰,收货,上架
DrWE18SlBe,米色 品牌02 1800 抽屉柜（滑动式）,抽屉柜,品牌02,1800,滑动式,米色,8*1*1,8,BW18D,劳拉,收货,上架
SPRe50SoWh,白色 品牌22 50 触控笔（可溶性）,触控笔,品牌22,50,可溶性,白色,48*10*5,2400,BL97F,迈克,收货,上架
LaSu17i5Si,银色 品牌11 17英寸 笔记本电脑（第5代处理器）,笔记本电脑,品牌11,17英寸,第5代处理器,银色,16*1*1,16,CN57A,约翰,收货,上架
DrRG12DoBl,黑色 品牌03 1200 抽屉柜（带门式）,抽屉柜,品牌03,1200,带门式,黑色,8*1*1,8,AO40G,迈克,收货,上架
CuTE12DoWh,白色 品牌04 1200 储物柜（带门式）,储物柜,品牌04,1200,带门式,白色,8*1*1,8,BU24H,迈克,收货,上架
TVEs50SFGr,灰色 品牌32 50英寸 电视机（超级全高清）,电视机,品牌32,50英寸,超级全高清,灰色,8*1*1,8,BH86G,克里斯,收货,上架
AlOv1732Bl,黑色 品牌13 17英寸 一体机（32吉字节内存）,一体机,品牌13,17英寸,32吉字节内存,黑色,16*1*1,16,AJ79C,克里斯,收货,上架
PrReA2WiWh,白色 品牌24 二号纸 打印机（无线网络）,打印机,品牌24,二号纸,无线网络,白色,16*1*1,16,DU09F,亚历克斯,收货,上架
TVGL50S4Wh,白色 品牌31 50英寸 电视机（超级超高清）,电视机,品牌31,50英寸,超级超高清,白色,8*1*1,8,BL91A,克里斯,收货,上架
NoGrA3ruGr,灰色 品牌18 三号纸 笔记本（横线）,笔记本,品牌18,三号纸,横线,灰色,48*10*5,2400,BX49E,大卫,收货,上架
GaSESLeGr,灰色 品牌08 小号 游戏椅（皮革）,游戏椅,品牌08,小号,皮革,灰色,16*1*1,16,CN18G,克里斯,收货,上架
PrPHA3WiWh,白色 品牌12 三号纸 打印机（无线网络）,打印机,品牌12,三号纸,无线网络,白色,16*1*1,16,BN35H,劳拉,收货,上架
LaSu178GSi,银色 品牌11 17英寸 笔记本电脑（8吉字节内存）,笔记本电脑,品牌11,17英寸,8吉字节内存,银色,16*1*1,16,BK91E,艾米丽,收货,上架
SPRe24WaWh,白色 品牌22 24 触控笔（水彩）,触控笔,品牌22,24,水彩,白色,48*10*5,2400,BL62A,克里斯,收货,上架
DrQE90DoBl,黑色 品牌01 900 抽屉柜（带门式）,抽屉柜,品牌01,900,带门式,黑色,8*1*1,8,DT62C,艾米,收货,上架
KePH35BlBl,黑色 品牌12 350 键盘（蓝牙）,键盘,品牌12,350,蓝牙,黑色,16*10*1,160,BO56F,大卫,收货,上架
KeRe35MePi,粉色 品牌10 350 键盘（机械式）,键盘,品牌10,350,机械式,粉色,16*10*1,160,AR47B,艾米丽,收货,上架
CaWE18LoBl,黑色 品牌02 1800 文件柜（储物锁柜）,文件柜,品牌02,1800,储物锁柜,黑色,8*1*1,8,BY63C,艾米丽,收货,上架
PrNoA4InBl,黑色 品牌26 四号纸 打印机（喷墨）,打印机,品牌26,四号纸,喷墨,黑色,16*1*1,16,DG35D,约翰,收货,上架
CuRG12LoGr,灰色 品牌03 1200 储物柜（储物锁柜）,储物柜,品牌03,1200,储物锁柜,灰色,8*1*1,8,CK26F,简,收货,上架
MoSu35ErWh,白色 品牌11 350 鼠标（人体工学）,鼠标,品牌11,350,人体工学,白色,16*10*1,160,DJ93B,艾米,收货,上架
CaWE18FiBe,米色 品牌02 1800 文件柜（文件收纳）,文件柜,品牌02,1800,文件收纳,米色,8*1*1,8,BF01C,迈克,收货,上架
LaSu1416Si,银色 品牌11 14英寸 笔记本电脑（16吉字节内存）,笔记本电脑,品牌11,14英寸,16吉字节内存,银色,16*1*1,16,CK49F,劳拉,收货,上架
MoHc35ErNa,藏青色 品牌09 350 鼠标（人体工学）,鼠标,品牌09,350,人体工学,藏青色,16*10*1,160,BS95F,亚历克斯,收货,上架
LaPH17i7Wh,白色 品牌12 17英寸 笔记本电脑（第7代处理器）,笔记本电脑,品牌12,17英寸,第7代处理器,白色,16*1*1,16,AX03A,艾米,收货,上架
CaTE18SlBe,米色 品牌04 1800 文件柜（滑动式）,文件柜,品牌04,1800,滑动式,米色,8*1*1,8,DW78E,亚历克斯,收货,上架
TaCI15FrBl,黑色 品牌27 1500 桌子（框架式）,桌子,品牌27,1500,框架式,黑色,8*1*1,8,CR19C,克里斯,收货,上架
DrQE90LoWh,白色 品牌01 900 抽屉柜（储物锁柜）,抽屉柜,品牌01,900,储物锁柜,白色,8*1*1,8,BZ60D,莎拉,收货,上架
TVGn654KBl,黑色 品牌30 65英寸 电视机（超高清）,电视机,品牌30,65英寸,超高清,黑色,8*1*1,8,AW76A,简,收货,上架
PrNoA4WiBl,黑色 品牌26 四号纸 打印机（无线网络）,打印机,品牌26,四号纸,无线网络,黑色,16*1*1,16,DZ77F,劳拉,收货,上架
DrTE12FiBe,米色 品牌04 1200 抽屉柜（文件收纳）,抽屉柜,品牌04,1200,文件收纳,米色,8*1*1,8,CT24D,克里斯,收货,上架
AlYn158GWh,白色 品牌15 15英寸 一体机（8吉字节内存）,一体机,品牌15,15英寸,8吉字节内存,白色,16*1*1,16,BW92D,艾米丽,收货,上架
CaTE12SlBl,黑色 品牌04 1200 文件柜（滑动式）,文件柜,品牌04,1200,滑动式,黑色,8*1*1,8,AG61C,简,收货,上架
NoGrA3doSi,银色 品牌18 三号纸 笔记本（点阵）,笔记本,品牌18,三号纸,点阵,银色,48*10*5,2400,DX96D,劳拉,收货,上架
DrQE90SlBe,米色 品牌01 900 抽屉柜（滑动式）,抽屉柜,品牌01,900,滑动式,米色,8*1*1,8,BV96E,约翰,收货,上架
LaYn14i7Wh,白色 品牌15 14英寸 笔记本电脑（第7代处理器）,笔记本电脑,品牌15,14英寸,第7代处理器,白色,16*1*1,16,AL74D,亚历克斯,收货,上架
OfXEMLeBl,黑色 品牌06 中号 办公椅（皮革）,办公椅,品牌06,中号,皮革,黑色,16*1*1,16,CP20G,迈克,收货,上架
GaOGSAdPi,粉色 品牌07 小号 游戏椅（可调节）,游戏椅,品牌07,小号,可调节,粉色,16*1*1,16,DJ77E,莎拉,收货,上架
LaPH14i5Wh,白色 品牌12 14英寸 笔记本电脑（第5代处理器）,笔记本电脑,品牌12,14英寸,第5代处理器,白色,16*1*1,16,DI92C,约翰,收货,上架
TVGn75S4Bl,黑色 品牌30 75英寸 电视机（超级超高清）,电视机,品牌30,75英寸,超级超高清,黑色,8*1*1,8,CL29G,大卫,收货,上架
PrPHA2InMi,混合色 品牌12 二号纸 打印机（喷墨）,打印机,品牌12,二号纸,喷墨,混合色,16*1*1,16,CT33A,艾米,收货,上架
TaTR10AuSi,银色 品牌28 1000 桌子（自动调节）,桌子,品牌28,1000,自动调节,银色,8*1*1,8,BX60C,艾米,收货,上架
DrQE18LoBe,米色 品牌01 1800 抽屉柜（储物锁柜）,抽屉柜,品牌01,1800,储物锁柜,米色,8*1*1,8,BH84C,迈克,收货,上架
KeHc45BlWh,白色 品牌09 450 键盘（蓝牙）,键盘,品牌09,450,蓝牙,白色,16*10*1,160,AU75D,克里斯,收货,上架
CaQE90SlBe,米色 品牌01 900 文件柜（滑动式）,文件柜,品牌01,900,滑动式,米色,8*1*1,8,CV65B,大卫,收货,上架
TVEs65S4Bl,黑色 品牌32 65英寸 电视机（超级超高清）,电视机,品牌32,65英寸,超级超高清,黑色,8*1*1,8,AO86G,亚历克斯,收货,上架
OfAESLeGr,灰色 品牌05 小号 办公椅（皮革）,办公椅,品牌05,小号,皮革,灰色,16*1*1,16,CI33E,约翰,收货,上架
SPAl24WaBl,黑色 品牌20 24 触控笔（水彩）,触控笔,品牌20,24,水彩,黑色,48*10*5,2400,CT10E,艾米,收货,上架
MoPH35WiPi,粉色 品牌12 350 鼠标（有线）,鼠标,品牌12,350,有线,粉色,16*10*1,160,AZ83D,艾米丽,收货,上架
AlSu1416Gr,灰色 品牌11 14英寸 一体机（16吉字节内存）,一体机,品牌11,14英寸,16吉字节内存,灰色,16*1*1,16,CI84C,劳拉,收货,上架
TaTR15AdSi,银色 品牌28 1500 桌子（可调节）,桌子,品牌28,1500,可调节,银色,8*1*1,8,BG05C,简,收货,上架
KeHc35BlNa,藏青色 品牌09 350 键盘（蓝牙）,键盘,品牌09,350,蓝牙,藏青色,16*10*1,160,AH84F,艾米,收货,上架
MoSu45BlBl,黑色 品牌11 450 鼠标（蓝牙）,鼠标,品牌11,450,蓝牙,黑色,16*10*1,160,AV69A,迈克,收货,上架
DrWE90LoWh,白色 品牌02 900 抽屉柜（储物锁柜）,抽屉柜,品牌02,900,储物锁柜,白色,8*1*1,8,AY59H,约翰,收货,上架
LaSu15i7Gr,灰色 品牌11 15英寸 笔记本电脑（第7代处理器）,笔记本电脑,品牌11,15英寸,第7代处理器,灰色,16*1*1,16,BP57G,亚历克斯,收货,上架
CuTE90SlBl,黑色 品牌04 900 储物柜（滑动式）,储物柜,品牌04,900,滑动式,黑色,8*1*1,8,BJ02F,简,收货,上架
AlOv148GWh,白色 品牌13 14英寸 一体机（8吉字节内存）,一体机,品牌13,14英寸,8吉字节内存,白色,16*1*1,16,DJ95C,克里斯,收货,上架
GaAEMErWh,白色 品牌05 中号 游戏椅（人体工学）,游戏椅,品牌05,中号,人体工学,白色,16*1*1,16,AI21A,亚历克斯,收货,上架
OfAESAdBl,黑色 品牌05 小号 办公椅（可调节）,办公椅,品牌05,小号,可调节,黑色,16*1*1,16,BR87G,劳拉,收货,上架
AlPH15i7Wh,白色 品牌12 15英寸 一体机（第7代处理器）,一体机,品牌12,15英寸,第7代处理器,白色,16*1*1,16,CI95H,大卫,收货,上架
TaAE18AuWh,白色 品牌05 1800 桌子（自动调节）,桌子,品牌05,1800,自动调节,白色,8*1*1,8,DF20E,莎拉,收货,上架
TVYn324KGr,灰色 品牌15 32英寸 电视机（超高清）,电视机,品牌15,32英寸,超高清,灰色,8*1*1,8,BO37F,艾米,收货,上架
DrWE18LoGr,灰色 品牌02 1800 抽屉柜（储物锁柜）,抽屉柜,品牌02,1800,储物锁柜,灰色,8*1*1,8,DK89A,大卫,收货,上架
TaTR10AdSi,银色 品牌29 1000 桌子（可调节）,桌子,品牌29,1000,可调节,银色,8*1*1,8,CS24B,迈克,收货,上架
AlRe178GGr,灰色 品牌14 17英寸 一体机（8吉字节内存）,一体机,品牌14,17英寸,8吉字节内存,灰色,16*1*1,16,AQ73D,亚历克斯,收货,上架
TVYn50SFSi,银色 品牌15 50英寸 电视机（超级全高清）,电视机,品牌15,50英寸,超级全高清,银色,8*1*1,8,DJ14E,克里斯,收货,上架
LaSu14i5Si,银色 品牌11 14英寸 笔记本电脑（第5代处理器）,笔记本电脑,品牌11,14英寸,第5代处理器,银色,16*1*1,16,DI44C,亚历克斯,收货,上架
PrReA4MoGr,灰色 品牌24 四号纸 打印机（黑白）,打印机,品牌24,四号纸,黑白,灰色,16*1*1,16,BR81A,大卫,收货,上架
CaTE18SlBe,米色 品牌04 1800 文件柜（滑动式）,文件柜,品牌04,1800,滑动式,米色,8*1*1,8,DY79C,克里斯,收货,上架
LaRe17i7Gr,灰色 品牌14 17英寸 笔记本电脑（第7代处理器）,笔记本电脑,品牌14,17英寸,第7代处理器,灰色,16*1*1,16,AH62F,亚历克斯,收货,上架
PrSoA4InMi,混合色 品牌25 四号纸 打印机（喷墨）,打印机,品牌25,四号纸,喷墨,混合色,16*1*1,16,AS92B,艾米,收货,上架
AlYn14i5Wh,白色 品牌15 14英寸 一体机（第5代处理器）,一体机,品牌15,14英寸,第5代处理器,白色,16*1*1,16,AT71B,大卫,收货,上架
TVEs324KGr,灰色 品牌32 32英寸 电视机（超高清）,电视机,品牌32,32英寸,超高清,灰色,8*1*1,8,AY08E,迈克,收货,上架
GaOGMHeBl,黑色 品牌07 中号 游戏椅（头枕）,游戏椅,品牌07,中号,头枕,黑色,16*1*1,16,DR51A,劳拉,收货,上架
OfOGMAdWh,白色 品牌07 中号 办公椅（可调节）,办公椅,品牌07,中号,可调节,白色,16*1*1,16,AV77F,简,收货,上架
PrSoA4InGr,灰色 品牌25 四号纸 打印机（喷墨）,打印机,品牌25,四号纸,喷墨,灰色,16*1*1,16,DL91H,简,收货,上架
PrPHA2InGr,灰色 品牌12 二号纸 打印机（喷墨）,打印机,品牌12,二号纸,喷墨,灰色,16*1*1,16,DG67F,艾米,收货,上架
AlYn15i7Wh,白色 品牌15 15英寸 一体机（第7代处理器）,一体机,品牌15,15英寸,第7代处理器,白色,16*1*1,16,BQ65C,简,收货,上架
CaQE90SlGr,灰色 品牌01 900 文件柜（滑动式）,文件柜,品牌01,900,滑动式,灰色,8*1*1,8,DK19G,大卫,收货,上架
CuQE90DoBe,米色 品牌01 900 储物柜（带门式）,储物柜,品牌01,900,带门式,米色,8*1*1,8,DF65H,约翰,收货,上架
PeNa24SoPi,粉色 品牌23 24 铅笔（可溶性）,铅笔,品牌23,24,可溶性,粉色,48*10*5,2400,BK46F,艾米丽,收货,上架
KeRe35MeWh,白色 品牌10 350 键盘（机械式）,键盘,品牌10,350,机械式,白色,16*10*1,160,BZ64B,艾米,收货,上架
OfXELHePi,粉色 品牌06 大号 办公椅（头枕）,办公椅,品牌06,大号,头枕,粉色,16*1*1,16,CF30A,艾米丽,收货,上架
GaOGMErGr,灰色 品牌07 中号 游戏椅（人体工学）,游戏椅,品牌07,中号,人体工学,灰色,16*1*1,16,AY07G,简,收货,上架
OfAESAdBl,黑色 品牌05 小号 办公椅（可调节）,办公椅,品牌05,小号,可调节,黑色,16*1*1,16,BZ15B,亚历克斯,收货,上架
MoHc35WiNa,藏青色 品牌09 350 鼠标（有线）,鼠标,品牌09,350,有线,藏青色,16*10*1,160,CM40B,大卫,收货,上架
PrReA2MoWh,白色 品牌24 二号纸 打印机（黑白）,打印机,品牌24,二号纸,黑白,白色,16*1*1,16,BU09F,克里斯,收货,上架
LaPH1416Gr,灰色 品牌12 14英寸 笔记本电脑（16吉字节内存）,笔记本电脑,品牌12,14英寸,16吉字节内存,灰色,16*1*1,16,CQ45E,大卫,收货,上架
SPGi24SoPi,粉色 品牌21 24 触控笔（可溶性）,触控笔,品牌21,24,可溶性,粉色,48*10*5,2400,CH21C,劳拉,收货,上架
PrNoA4InGr,灰色 品牌26 四号纸 打印机（喷墨）,打印机,品牌26,四号纸,喷墨,灰色,16*1*1,16,BW72F,亚历克斯,收货,上架
DrWE18FiWh,白色 品牌02 1800 抽屉柜（文件收纳）,抽屉柜,品牌02,1800,文件收纳,白色,8*1*1,8,DW86D,大卫,收货,上架
LaSu14i7Gr,灰色 品牌11 14英寸 笔记本电脑（第7代处理器）,笔记本电脑,品牌11,14英寸,第7代处理器,灰色,16*1*1,16,AM10B,莎拉,收货,上架
MoRe27BlPi,粉色 品牌10 270 鼠标（蓝牙）,鼠标,品牌10,270,蓝牙,粉色,16*10*1,160,AL21A,劳拉,收货,上架
CaQE90SlBe,米色 品牌01 900 文件柜（滑动式）,文件柜,品牌01,900,滑动式,米色,8*1*1,8,BJ94D,约翰,收货,上架
AlPH1416Wh,白色 品牌12 14英寸 一体机（16吉字节内存）,一体机,品牌12,14英寸,16吉字节内存,白色,16*1*1,16,AW23B,克里斯,收货,上架
TVGL42SFBl,黑色 品牌31 42英寸 电视机（超级全高清）,电视机,品牌31,42英寸,超级全高清,黑色,8*1*1,8,AV85A,大卫,收货,上架
TVGL42S4Gr,灰色 品牌31 42英寸 电视机（超级超高清）,电视机,品牌31,42英寸,超级超高清,灰色,8*1*1,8,CX14E,克里斯,收货,上架
KeSu35MeWh,白色 品牌11 350 键盘（机械式）,键盘,品牌11,350,机械式,白色,16*10*1,160,DL07G,艾米丽,收货,上架
KePH27MeBl,黑色 品牌12 270 键盘（机械式）,键盘,品牌12,270,机械式,黑色,16*10*1,160,BO53D,艾米丽,收货,上架
CuQE90FiBl,黑色 品牌01 900 储物柜（文件收纳）,储物柜,品牌01,900,文件收纳,黑色,8*1*1,8,AN73H,约翰,收货,上架
CaWE90LoWh,白色 品牌02 900 文件柜（储物锁柜）,文件柜,品牌02,900,储物锁柜,白色,8*1*1,8,BV26B,约翰,收货,上架
TVYn75S4Wh,白色 品牌15 75英寸 电视机（超级超高清）,电视机,品牌15,75英寸,超级超高清,白色,8*1*1,8,AO50E,简,收货,上架
TaCI15FrSi,银色 品牌27 1500 桌子（框架式）,桌子,品牌27,1500,框架式,银色,8*1*1,8,BF82A,约翰,收货,上架
PrPHA4WiGr,灰色 品牌12 四号纸 打印机（无线网络）,打印机,品牌12,四号纸,无线网络,灰色,16*1*1,16,DZ15G,莎拉,收货,上架
PrPHA4LaGr,灰色 品牌12 四号纸 打印机（激光）,打印机,品牌12,四号纸,激光,灰色,16*1*1,16,BX45E,劳拉,收货,上架
OfOGMHeBl,黑色 品牌07 中号 办公椅（头枕）,办公椅,品牌07,中号,头枕,黑色,16*1*1,16,BQ13B,劳拉,收货,上架
PeAl50WaGr,灰色 品牌20 50 铅笔（水彩）,铅笔,品牌20,50,水彩,灰色,48*10*5,2400,AP92C,莎拉,收货,上架
PeGi50SoGr,灰色 品牌21 50 铅笔（可溶性）,铅笔,品牌21,50,可溶性,灰色,48*10*5,2400,CL72B,大卫,收货,上架
KePH27WiNa,藏青色 品牌12 270 键盘（有线）,键盘,品牌12,270,有线,藏青色,16*10*1,160,DI09D,艾米丽,收货,上架
GaOGLLeWh,白色 品牌07 大号 游戏椅（皮革）,游戏椅,品牌07,大号,皮革,白色,16*1*1,16,DM15C,亚历克斯,收货,上架
TVGn50S4Wh,白色 品牌30 50英寸 电视机（超级超高清）,电视机,品牌30,50英寸,超级超高清,白色,8*1*1,8,AG01C,大卫,收货,上架
TVGn42SFGr,灰色 品牌30 42英寸 电视机（超级全高清）,电视机,品牌30,42英寸,超级全高清,灰色,8*1*1,8,DV41A,艾米丽,收货,上架
SPGi12WaPi,粉色 品牌21 12 触控笔（水彩）,触控笔,品牌21,12,水彩,粉色,48*10*5,2400,AW15B,简,收货,上架
LaOv178GBl,黑色 品牌13 17英寸 笔记本电脑（8吉字节内存）,笔记本电脑,品牌13,17英寸,8吉字节内存,黑色,16*1*1,16,DO91B,亚历克斯,收货,上架
TaTR10FrWh,白色 品牌29 1000 桌子（框架式）,桌子,品牌29,1000,框架式,白色,8*1*1,8,CU92B,约翰,收货,上架
LaPH15i5Si,银色 品牌12 15英寸 笔记本电脑（第5代处理器）,笔记本电脑,品牌12,15英寸,第5代处理器,银色,16*1*1,16,CR96G,约翰,收货,上架
CaWE18DoBl,黑色 品牌02 1800 文件柜（带门式）,文件柜,品牌02,1800,带门式,黑色,8*1*1,8,BY68B,大卫,收货,上架
CuQE18DoBl,黑色 品牌01 1800 储物柜（带门式）,储物柜,品牌01,1800,带门式,黑色,8*1*1,8,CT35C,莎拉,收货,上架
GaSESHeBl,黑色 品牌08 小号 游戏椅（头枕）,游戏椅,品牌08,小号,头枕,黑色,16*1*1,16,CT94B,简,收货,上架
PrNoA3AlBl,黑色 品牌26 三号纸 打印机（一体式）,打印机,品牌26,三号纸,一体式,黑色,16*1*1,16,CZ27C,艾米丽,收货,上架
TaAE10WoWh,白色 品牌05 1000 桌子（工作站）,桌子,品牌05,1000,工作站,白色,8*1*1,8,BM18A,约翰,收货,上架
PrReA2LaGr,灰色 品牌24 二号纸 打印机（激光）,打印机,品牌24,二号纸,激光,灰色,16*1*1,16,DV38E,亚历克斯,收货,上架
CuQE90FiGr,灰色 品牌01 900 储物柜（文件收纳）,储物柜,品牌01,900,文件收纳,灰色,8*1*1,8,BL62E,简,收货,上架
SPNa24WaPi,粉色 品牌23 24 触控笔（水彩）,触控笔,品牌23,24,水彩,粉色,48*10*5,2400,DR30D,约翰,收货,上架
MoRe27ErNa,藏青色 品牌10 270 鼠标（人体工学）,鼠标,品牌10,270,人体工学,藏青色,16*10*1,160,AN21A,大卫,收货,上架
DrRG12DoGr,灰色 品牌03 1200 抽屉柜（带门式）,抽屉柜,品牌03,1200,带门式,灰色,8*1*1,8,DK98A,艾米,收货,上架
SPRe24HeBl,黑色 品牌22 24 触控笔（六角形）,触控笔,品牌22,24,六角形,黑色,48*10*5,2400,CS64A,克里斯,收货,上架
LaSu14i5Bl,黑色 品牌11 14英寸 笔记本电脑（第5代处理器）,笔记本电脑,品牌11,14英寸,第5代处理器,黑色,16*1*1,16,BG67G,劳拉,收货,上架
MoPH45BlNa,藏青色 品牌12 450 鼠标（蓝牙）,鼠标,品牌12,450,蓝牙,藏青色,16*10*1,160,AQ48E,克里斯,收货,上架
TaCI18WoSi,银色 品牌27 1800 桌子（工作站）,桌子,品牌27,1800,工作站,银色,8*1*1,8,AP90B,简,收货,上架
GaSEMLeWh,白色 品牌08 中号 游戏椅（皮革）,游戏椅,品牌08,中号,皮革,白色,16*1*1,16,CN56E,艾米,收货,上架
CaQE12LoGr,灰色 品牌01 1200 文件柜（储物锁柜）,文件柜,品牌01,1200,储物锁柜,灰色,8*1*1,8,AT67H,约翰,收货,上架
KeRe45MeNa,藏青色 品牌10 450 键盘（机械式）,键盘,品牌10,450,机械式,藏青色,16*10*1,160,DO40B,艾米,收货,上架
PeRe50WaPi,粉色 品牌22 50 铅笔（水彩）,铅笔,品牌22,50,水彩,粉色,48*10*5,2400,AL64C,莎拉,收货,上架
TVGn75S4Si,银色 品牌30 75英寸 电视机（超级超高清）,电视机,品牌30,75英寸,超级超高清,银色,8*1*1,8,CI72E,约翰,收货,上架
TaAE18AdWh,白色 品牌05 1800 桌子（可调节）,桌子,品牌05,1800,可调节,白色,8*1*1,8,DM41H,艾米,收货,上架
CuQE90DoBl,黑色 品牌01 900 储物柜（带门式）,储物柜,品牌01,900,带门式,黑色,8*1*1,8,CS46A,迈克,收货,上架
AlSu158GBl,黑色 品牌11 15英寸 一体机（8吉字节内存）,一体机,品牌11,15英寸,8吉字节内存,黑色,16*1*1,16,BW82H,克里斯,收货,上架
TVYn75SFGr,灰色 品牌15 75英寸 电视机（超级全高清）,电视机,品牌15,75英寸,超级全高清,灰色,8*1*1,8,DM28G,艾米,收货,上架
LaYn158GBl,黑色 品牌15 15英寸 笔记本电脑（8吉字节内存）,笔记本电脑,品牌15,15英寸,8吉字节内存,黑色,16*1*1,16,CU26E,克里斯,收货,上架
TVEs654KSi,银色 品牌32 65英寸 电视机（超高清）,电视机,品牌32,65英寸,超高清,银色,8*1*1,8,CK77G,亚历克斯,收货,上架
PrNoA4InGr,灰色 品牌26 四号纸 打印机（喷墨）,打印机,品牌26,四号纸,喷墨,灰色,16*1*1,16,BL69C,莎拉,收货,上架
KeRe27MePi,粉色 品牌10 270 键盘（机械式）,键盘,品牌10,270,机械式,粉色,16*10*1,160,CJ74H,克里斯,收货,上架
PrReA3WiMi,混合色 品牌24 三号纸 打印机（无线网络）,打印机,品牌24,三号纸,无线网络,混合色,16*1*1,16,AJ01A,莎拉,收货,上架
GaSESErGr,灰色 品牌08 小号 游戏椅（人体工学）,游戏椅,品牌08,小号,人体工学,灰色,16*1*1,16,DT43H,艾米丽,收货,上架
KeHc35WiBl,黑色 品牌09 350 键盘（有线）,键盘,品牌09,350,有线,黑色,16*10*1,160,DK76E,劳拉,收货,上架
SPNa24SoWh,白色 品牌23 24 触控笔（可溶性）,触控笔,品牌23,24,可溶性,白色,48*10*5,2400,CR59C,艾米丽,收货,上架
AlYn15i5Si,银色 品牌15 15英寸 一体机（第5代处理器）,一体机,品牌15,15英寸,第5代处理器,银色,16*1*1,16,BK02H,亚历克斯,收货,上架
LaYn1416Si,银色 品牌15 14英寸 笔记本电脑（16吉字节内存）,笔记本电脑,品牌15,14英寸,16吉字节内存,银色,16*1*1,16,BO76A,劳拉,收货,上架
LaPH1432Wh,白色 品牌12 14英寸 笔记本电脑（32吉字节内存）,笔记本电脑,品牌12,14英寸,32吉字节内存,白色,16*1*1,16,CN69C,亚历克斯,收货,上架
LaOv148GWh,白色 品牌13 14英寸 笔记本电脑（8吉字节内存）,笔记本电脑,品牌13,14英寸,8吉字节内存,白色,16*1*1,16,AY10C,简,收货,上架
LaYn148GGr,灰色 品牌15 14英寸 笔记本电脑（8吉字节内存）,笔记本电脑,品牌15,14英寸,8吉字节内存,灰色,16*1*1,16,CK73B,莎拉,收货,上架
AlPH1532Bl,黑色 品牌12 15英寸 一体机（32吉字节内存）,一体机,品牌12,15英寸,32吉字节内存,黑色,16*1*1,16,BH37D,大卫,收货,上架
AlSu14i7Gr,灰色 品牌11 14英寸 一体机（第7代处理器）,一体机,品牌11,14英寸,第7代处理器,灰色,16*1*1,16,CO81C,迈克,收货,上架
PeAl50SoPi,粉色 品牌20 50 铅笔（可溶性）,铅笔,品牌20,50,可溶性,粉色,48*10*5,2400,AS39F,莎拉,收货,上架
PeRe50WaPi,粉色 品牌22 50 铅笔（水彩）,铅笔,品牌22,50,水彩,粉色,48*10*5,2400,CY04E,劳拉,收货,上架
LaRe1416Gr,灰色 品牌14 14英寸 笔记本电脑（16吉字节内存）,笔记本电脑,品牌14,14英寸,16吉字节内存,灰色,16*1*1,16,BV64G,艾米丽,收货,上架
CaRG18SlGr,灰色 品牌03 1800 文件柜（滑动式）,文件柜,品牌03,1800,滑动式,灰色,8*1*1,8,AW38E,大卫,收货,上架
CaTE12SlGr,灰色 品牌04 1200 文件柜（滑动式）,文件柜,品牌04,1200,滑动式,灰色,8*1*1,8,CQ20H,劳拉,收货,上架
OfSESHeBl,黑色 品牌08 小号 办公椅（头枕）,办公椅,品牌08,小号,头枕,黑色,16*1*1,16,DM70G,克里斯,收货,上架
OfOGLHeGr,灰色 品牌07 大号 办公椅（头枕）,办公椅,品牌07,大号,头枕,灰色,16*1*1,16,DO50G,迈克,收货,上架
MoHc45BlPi,粉色 品牌09 450 鼠标（蓝牙）,鼠标,品牌09,450,蓝牙,粉色,16*10*1,160,BY62B,艾米,收货,上架
AlRe14i7Bl,黑色 品牌14 14英寸 一体机（第7代处理器）,一体机,品牌14,14英寸,第7代处理器,黑色,16*1*1,16,DF89D,艾米丽,收货,上架
PeRe50WaBl,黑色 品牌22 50 铅笔（水彩）,铅笔,品牌22,50,水彩,黑色,48*10*5,2400,AU36C,亚历克斯,收货,上架
MoPH35BlWh,白色 品牌12 350 鼠标（蓝牙）,鼠标,品牌12,350,蓝牙,白色,16*10*1,160,BV52G,莎拉,收货,上架
OfSESHeGr,灰色 品牌08 小号 办公椅（头枕）,办公椅,品牌08,小号,头枕,灰色,16*1*1,16,CP64F,约翰,收货,上架
NoGrA3doWh,白色 品牌18 三号纸 笔记本（点阵）,笔记本,品牌18,三号纸,点阵,白色,48*10*5,2400,AV47B,简,收货,上架
MoRe45ErBl,黑色 品牌10 450 鼠标（人体工学）,鼠标,品牌10,450,人体工学,黑色,16*10*1,160,BY68A,简,收货,上架
CuQE90DoWh,白色 品牌01 900 储物柜（带门式）,储物柜,品牌01,900,带门式,白色,8*1*1,8,DM65E,克里斯,收货,上架
PrPHA4InMi,混合色 品牌12 四号纸 打印机（喷墨）,打印机,品牌12,四号纸,喷墨,混合色,16*1*1,16,BS04B,迈克,收货,上架
CaTE90DoBl,黑色 品牌04 900 文件柜（带门式）,文件柜,品牌04,900,带门式,黑色,8*1*1,8,DO68H,亚历克斯,收货,上架
OfXELErGr,灰色 品牌06 大号 办公椅（人体工学）,办公椅,品牌06,大号,人体工学,灰色,16*1*1,16,DN46H,艾米,收货,上架
LaPH1716Wh,白色 品牌12 17英寸 笔记本电脑（16吉字节内存）,笔记本电脑,品牌12,17英寸,16吉字节内存,白色,16*1*1,16,CT20E,亚历克斯,收货,上架
DrWE12DoBl,黑色 品牌02 1200 抽屉柜（带门式）,抽屉柜,品牌02,1200,带门式,黑色,8*1*1,8,DU43D,大卫,收货,上架
LaSu15i5Wh,白色 品牌11 15英寸 笔记本电脑（第5代处理器）,笔记本电脑,品牌11,15英寸,第5代处理器,白色,16*1*1,16,CS22A,大卫,收货,上架
LaSu14i7Gr,灰色 品牌11 14英寸 笔记本电脑（第7代处理器）,笔记本电脑,品牌11,14英寸,第7代处理器,灰色,16*1*1,16,BR65H,克里斯,收货,上架
TaAE15AuGr,灰色 品牌05 1500 桌子（自动调节）,桌子,品牌05,1500,自动调节,灰色,8*1*1,8,CM79E,大卫,收货,上架
AlPH148GWh,白色 品牌12 14英寸 一体机（8吉字节内存）,一体机,品牌12,14英寸,8吉字节内存,白色,16*1*1,16,AS86D,简,收货,上架
SPAl24SoGr,灰色 品牌20 24 触控笔（可溶性）,触控笔,品牌20,24,可溶性,灰色,48*10*5,2400,AM43B,克里斯,收货,上架
PeAl50SoGr,灰色 品牌20 50 铅笔（可溶性）,铅笔,品牌20,50,可溶性,灰色,48*10*5,2400,DT05A,约翰,收货,上架
OfSELErBl,黑色 品牌08 大号 办公椅（人体工学）,办公椅,品牌08,大号,人体工学,黑色,16*1*1,16,AL62G,迈克,收货,上架
MoPH27BlBl,黑色 品牌12 270 鼠标（蓝牙）,鼠标,品牌12,270,蓝牙,黑色,16*10*1,160,DX88E,莎拉,收货,上架
PrSoA2MoMi,混合色 品牌25 二号纸 打印机（黑白）,打印机,品牌25,二号纸,黑白,混合色,16*1*1,16,AV73D,约翰,收货,上架
CaWE18FiGr,灰色 品牌02 1800 文件柜（文件收纳）,文件柜,品牌02,1800,文件收纳,灰色,8*1*1,8,CP95C,克里斯,收货,上架
PrPHA4WiGr,灰色 品牌12 四号纸 打印机（无线网络）,打印机,品牌12,四号纸,无线网络,灰色,16*1*1,16,DN14F,莎拉,收货,上架
TVGL65SFGr,灰色 品牌31 65英寸 电视机（超级全高清）,电视机,品牌31,65英寸,超级全高清,灰色,8*1*1,8,BQ01H,大卫,收货,上架
TVGn324KBl,黑色 品牌30 32英寸 电视机（超高清）,电视机,品牌30,32英寸,超高清,黑色,8*1*1,8,BH20E,迈克,收货,上架
TVYn42S4Wh,白色 品牌15 42英寸 电视机（超级超高清）,电视机,品牌15,42英寸,超级超高清,白色,8*1*1,8,DN72F,大卫,收货,上架
MoSu35BlBl,黑色 品牌11 350 鼠标（蓝牙）,鼠标,品牌11,350,蓝牙,黑色,16*10*1,160,CN59E,莎拉,收货,上架
AlPH14i5Gr,灰色 品牌12 14英寸 一体机（第5代处理器）,一体机,品牌12,14英寸,第5代处理器,灰色,16*1*1,16,CH85F,克里斯,收货,上架
AlYn15i5Wh,白色 品牌15 15英寸 一体机（第5代处理器）,一体机,品牌15,15英寸,第5代处理器,白色,16*1*1,16,DO42A,劳拉,收货,上架
CaTE90SlWh,白色 品牌04 900 文件柜（滑动式）,文件柜,品牌04,900,滑动式,白色,8*1*1,8,AR29C,约翰,收货,上架
KeSu45MePi,粉色 品牌11 450 键盘（机械式）,键盘,品牌11,450,机械式,粉色,16*10*1,160,BV50F,大卫,收货,上架
SPAl12WaBl,黑色 品牌20 12 触控笔（水彩）,触控笔,品牌20,12,水彩,黑色,48*10*5,2400,BT34G,迈克,收货,上架
TaCI15FrWh,白色 品牌27 1500 桌子（框架式）,桌子,品牌27,1500,框架式,白色,8*1*1,8,AQ78D,克里斯,收货,上架
AlSu1516Si,银色 品牌11 15英寸 一体机（16吉字节内存）,一体机,品牌11,15英寸,16吉字节内存,银色,16*1*1,16,AL50E,约翰,收货,上架
AlPH14i7Wh,白色 品牌12 14英寸 一体机（第7代处理器）,一体机,品牌12,14英寸,第7代处理器,白色,16*1*1,16,BY52D,艾米丽,收货,上架
PrNoA3WiBl,黑色 品牌26 三号纸 打印机（无线网络）,打印机,品牌26,三号纸,无线网络,黑色,16*1*1,16,BM31F,亚历克斯,收货,上架
TaTR15WoBl,黑色 品牌28 1500 桌子（工作站）,桌子,品牌28,1500,工作站,黑色,8*1*1,8,DY13H,劳拉,收货,上架
TVYn754KSi,银色 品牌15 75英寸 电视机（超高清）,电视机,品牌15,75英寸,超高清,银色,8*1*1,8,AF14G,莎拉,收货,上架
LaSu1432Gr,灰色 品牌11 14英寸 笔记本电脑（32吉字节内存）,笔记本电脑,品牌11,14英寸,32吉字节内存,灰色,16*1*1,16,CZ54F,迈克,收货,上架
AlSu15i5Bl,黑色 品牌11 15英寸 一体机（第5代处理器）,一体机,品牌11,15英寸,第5代处理器,黑色,16*1*1,16,DZ83A,艾米丽,收货,上架
GaOGLHeWh,白色 品牌07 大号 游戏椅（头枕）,游戏椅,品牌07,大号,头枕,白色,16*1*1,16,DQ84B,简,收货,上架
AlRe148GSi,银色 品牌14 14英寸 一体机（8吉字节内存）,一体机,品牌14,14英寸,8吉字节内存,银色,16*1*1,16,CH62G,简,收货,上架
TVYn42FHBl,黑色 品牌15 42英寸 电视机（全高清）,电视机,品牌15,42英寸,全高清,黑色,8*1*1,8,BQ05E,劳拉,收货,上架
PrNoA2WiGr,灰色 品牌26 二号纸 打印机（无线网络）,打印机,品牌26,二号纸,无线网络,灰色,16*1*1,16,BM83B,莎拉,收货,上架
KeSu45ErPi,粉色 品牌11 450 键盘（人体工学）,键盘,品牌11,450,人体工学,粉色,16*10*1,160,DF78H,艾米,收货,上架
CaTE90SlBe,米色 品牌04 900 文件柜（滑动式）,文件柜,品牌04,900,滑动式,米色,8*1*1,8,BO25B,艾米,收货,上架
NoGrA4ruBl,黑色 品牌18 四号纸 笔记本（横线）,笔记本,品牌18,四号纸,横线,黑色,48*10*5,2400,CX70D,艾米丽,收货,上架
GaAEMHeGr,灰色 品牌05 中号 游戏椅（头枕）,游戏椅,品牌05,中号,头枕,灰色,16*1*1,16,CQ69H,约翰,收货,上架
CuQE12SlGr,灰色 品牌01 1200 储物柜（滑动式）,储物柜,品牌01,1200,滑动式,灰色,8*1*1,8,CH75H,简,收货,上架
OfAESHePi,粉色 品牌05 小号 办公椅（头枕）,办公椅,品牌05,小号,头枕,粉色,16*1*1,16,AK72D,莎拉,收货,上架
CaTE12LoGr,灰色 品牌04 1200 文件柜（储物锁柜）,文件柜,品牌04,1200,储物锁柜,灰色,8*1*1,8,DU89B,劳拉,收货,上架
PrSoA3AlBl,黑色 品牌25 三号纸 打印机（一体式）,打印机,品牌25,三号纸,一体式,黑色,16*1*1,16,CZ36C,约翰,收货,上架
DrRG18DoBe,米色 品牌03 1800 抽屉柜（带门式）,抽屉柜,品牌03,1800,带门式,米色,8*1*1,8,AR86B,约翰,收货,上架
LaSu1532Gr,灰色 品牌11 15英寸 笔记本电脑（32吉字节内存）,笔记本电脑,品牌11,15英寸,32吉字节内存,灰色,16*1*1,16,AI20E,迈克,收货,上架
TVGn32S4Wh,白色 品牌30 32英寸 电视机（超级超高清）,电视机,品牌30,32英寸,超级超高清,白色,8*1*1,8,DT80G,艾米,收货,上架
NoScA5doBl,黑色 品牌17 五号纸 笔记本（点阵）,笔记本,品牌17,五号纸,点阵,黑色,48*10*5,2400,AO74G,艾米丽,收货,上架
PrPHA4AlBl,黑色 品牌12 四号纸 打印机（一体式）,打印机,品牌12,四号纸,一体式,黑色,16*1*1,16,AH39B,大卫,收货,上架
CuTE90FiBe,米色 品牌04 900 储物柜（文件收纳）,储物柜,品牌04,900,文件收纳,米色,8*1*1,8,DL38G,大卫,收货,上架
TaAE18FrWh,白色 品牌05 1800 桌子（框架式）,桌子,品牌05,1800,框架式,白色,8*1*1,8,DT23F,艾米丽,收货,上架
OfXESLeBl,黑色 品牌06 小号 办公椅（皮革）,办公椅,品牌06,小号,皮革,黑色,16*1*1,16,AJ24D,亚历克斯,收货,上架
LaRe1532Bl,黑色 品牌14 15英寸 笔记本电脑（32吉字节内存）,笔记本电脑,品牌14,15英寸,32吉字节内存,黑色,16*1*1,16,DH48H,简,收货,上架
TVEs42FHSi,银色 品牌32 42英寸 电视机（全高清）,电视机,品牌32,42英寸,全高清,银色,8*1*1,8,AM35A,克里斯,收货,上架
PrReA3LaMi,混合色 品牌24 三号纸 打印机（激光）,打印机,品牌24,三号纸,激光,混合色,16*1*1,16,AN38A,克里斯,收货,上架
PeRe24WaGr,灰色 品牌22 24 铅笔（水彩）,铅笔,品牌22,24,水彩,灰色,48*10*5,2400,AU87H,简,收货,上架
NoGrA3liBl,黑色 品牌18 三号纸 笔记本（线条）,笔记本,品牌18,三号纸,线条,黑色,48*10*5,2400,BH88B,艾米丽,收货,上架
AlPH1416Si,银色 品牌12 14英寸 一体机（16吉字节内存）,一体机,品牌12,14英寸,16吉字节内存,银色,16*1*1,16,BY07H,简,收货,上架
TVYn42S4Gr,灰色 品牌15 42英寸 电视机（超级超高清）,电视机,品牌15,42英寸,超级超高清,灰色,8*1*1,8,AO46F,艾米,收货,上架
TaAE15FrGr,灰色 品牌05 1500 桌子（框架式）,桌子,品牌05,1500,框架式,灰色,8*1*1,8,CU63E,简,收货,上架
CuWE18DoGr,灰色 品牌02 1800 储物柜（带门式）,储物柜,品牌02,1800,带门式,灰色,8*1*1,8,AO44F,劳拉,收货,上架
PeAl24WaWh,白色 品牌20 24 铅笔（水彩）,铅笔,品牌20,24,水彩,白色,48*10*5,2400,DR63H,大卫,收货,上架
TaAE15AuBl,黑色 品牌05 1500 桌子（自动调节）,桌子,品牌05,1500,自动调节,黑色,8*1*1,8,DZ58G,简,收货,上架
LaRe15i7Si,银色 品牌14 15英寸 笔记本电脑（第7代处理器）,笔记本电脑,品牌14,15英寸,第7代处理器,银色,16*1*1,16,AR88E,迈克,收货,上架
KeHc45MePi,粉色 品牌09 450 键盘（机械式）,键盘,品牌09,450,机械式,粉色,16*10*1,160,DM10H,艾米,收货,上架
LaOv1732Bl,黑色 品牌13 17英寸 笔记本电脑（32吉字节内存）,笔记本电脑,品牌13,17英寸,32吉字节内存,黑色,16*1*1,16,BW78H,大卫,收货,上架
TVYn50S4Wh,白色 品牌15 50英寸 电视机（超级超高清）,电视机,品牌15,50英寸,超级超高清,白色,8*1*1,8,BQ90A,劳拉,收货,上架
LaPH178GWh,白色 品牌12 17英寸 笔记本电脑（8吉字节内存）,笔记本电脑,品牌12,17英寸,8吉字节内存,白色,16*1*1,16,DV62F,艾米,收货,上架
MoRe45ErWh,白色 品牌10 450 鼠标（人体工学）,鼠标,品牌10,450,人体工学,白色,16*10*1,160,CN23A,劳拉,收货,上架
CaRG12LoWh,白色 品牌03 1200 文件柜（储物锁柜）,文件柜,品牌03,1200,储物锁柜,白色,8*1*1,8,CP42C,迈克,收货,上架
PrReA2LaBl,黑色 品牌24 二号纸 打印机（激光）,打印机,品牌24,二号纸,激光,黑色,16*1*1,16,DF62H,简,收货,上架
GaAESAdPi,粉色 品牌05 小号 游戏椅（可调节）,游戏椅,品牌05,小号,可调节,粉色,16*1*1,16,DK60F,艾米,收货,上架
CuWE18LoBl,黑色 品牌02 1800 储物柜（储物锁柜）,储物柜,品牌02,1800,储物锁柜,黑色,8*1*1,8,CU40H,简,收货,上架
TVGn65FHWh,白色 品牌30 65英寸 电视机（全高清）,电视机,品牌30,65英寸,全高清,白色,8*1*1,8,DW93H,劳拉,收货,上架
PeRe12HeWh,白色 品牌22 12 铅笔（六角形）,铅笔,品牌22,12,六角形,白色,48*10*5,2400,AH89H,大卫,收货,上架
GaAELAdWh,白色 品牌05 大号 游戏椅（可调节）,游戏椅,品牌05,大号,可调节,白色,16*1*1,16,DY18F,莎拉,收货,上架
CuWE18FiWh,白色 品牌02 1800 储物柜（文件收纳）,储物柜,品牌02,1800,文件收纳,白色,8*1*1,8,AW96A,大卫,收货,上架
TVGn65SFBl,黑色 品牌30 65英寸 电视机（超级全高清）,电视机,品牌30,65英寸,超级全高清,黑色,8*1*1,8,DH47D,劳拉,收货,上架
SPNa50SoPi,粉色 品牌23 50 触控笔（可溶性）,触控笔,品牌23,50,可溶性,粉色,48*10*5,2400,CT65H,简,收货,上架
LaPH17i7Wh,白色 品牌12 17英寸 笔记本电脑（第7代处理器）,笔记本电脑,品牌12,17英寸,第7代处理器,白色,16*1*1,16,DO55F,大卫,收货,上架
TVEs32SFGr,灰色 品牌32 32英寸 电视机（超级全高清）,电视机,品牌32,32英寸,超级全高清,灰色,8*1*1,8,DI36A,简,收货,上架
DrQE90LoWh,白色 品牌01 900 抽屉柜（储物锁柜）,抽屉柜,品牌01,900,储物锁柜,白色,8*1*1,8,CR37H,约翰,收货,上架
NoGrA5ruGr,灰色 品牌18 五号纸 笔记本（横线）,笔记本,品牌18,五号纸,横线,灰色,48*10*5,2400,DY61E,大卫,收货,上架
CaRG90LoBl,黑色 品牌03 900 文件柜（储物锁柜）,文件柜,品牌03,900,储物锁柜,黑色,8*1*1,8,CL52C,劳拉,收货,上架
CaRG18FiGr,灰色 品牌03 1800 文件柜（文件收纳）,文件柜,品牌03,1800,文件收纳,灰色,8*1*1,8,DT38A,简,收货,上架
CuRG90LoWh,白色 品牌03 900 储物柜（储物锁柜）,储物柜,品牌03,900,储物锁柜,白色,8*1*1,8,BH44H,大卫,收货,上架
TaTR10AuSi,银色 品牌29 1000 桌子（自动调节）,桌子,品牌29,1000,自动调节,银色,8*1*1,8,DK79G,大卫,收货,上架
CuWE12LoWh,白色 品牌02 1200 储物柜（储物锁柜）,储物柜,品牌02,1200,储物锁柜,白色,8*1*1,8,BL98C,亚历克斯,收货,上架
KeHc45WiWh,白色 品牌09 450 键盘（有线）,键盘,品牌09,450,有线,白色,16*10*1,160,DS93F,艾米,收货,上架
MoHc27BlBl,黑色 品牌09 270 鼠标（蓝牙）,鼠标,品牌09,270,蓝牙,黑色,16*10*1,160,CV89F,艾米,收货,上架
LaOv15i7Si,银色 品牌13 15英寸 笔记本电脑（第7代处理器）,笔记本电脑,品牌13,15英寸,第7代处理器,银色,16*1*1,16,CL82A,迈克,收货,上架
DrRG18SlWh,白色 品牌03 1800 抽屉柜（滑动式）,抽屉柜,品牌03,1800,滑动式,白色,8*1*1,8,DT97A,艾米,收货,上架
TVGL32S4Bl,黑色 品牌31 32英寸 电视机（超级超高清）,电视机,品牌31,32英寸,超级超高清,黑色,8*1*1,8,CY27C,亚历克斯,收货,上架
PeRe50WaGr,灰色 品牌22 50 铅笔（水彩）,铅笔,品牌22,50,水彩,灰色,48*10*5,2400,CK06C,简,收货,上架
TaCI18AdGr,灰色 品牌27 1800 桌子（可调节）,桌子,品牌27,1800,可调节,灰色,8*1*1,8,AZ15H,莎拉,收货,上架
AlSu1716Wh,白色 品牌11 17英寸 一体机（16吉字节内存）,一体机,品牌11,17英寸,16吉字节内存,白色,16*1*1,16,BV32G,莎拉,收货,上架
PeAl12HePi,粉色 品牌20 12 铅笔（六角形）,铅笔,品牌20,12,六角形,粉色,48*10*5,2400,AS73A,莎拉,收货,上架
PeAl24WaWh,白色 品牌20 24 铅笔（水彩）,铅笔,品牌20,24,水彩,白色,48*10*5,2400,CL85C,艾米丽,收货,上架
CaRG90DoGr,灰色 品牌03 900 文件柜（带门式）,文件柜,品牌03,900,带门式,灰色,8*1*1,8,DP69F,艾米,收货,上架
SPAl24SoGr,灰色 品牌20 24 触控笔（可溶性）,触控笔,品牌20,24,可溶性,灰色,48*10*5,2400,AS80E,劳拉,收货,上架
LaRe17i5Wh,白色 品牌14 17英寸 笔记本电脑（第5代处理器）,笔记本电脑,品牌14,17英寸,第5代处理器,白色,16*1*1,16,DW64E,约翰,收货,上架
CuQE90FiBl,黑色 品牌01 900 储物柜（文件收纳）,储物柜,品牌01,900,文件收纳,黑色,8*1*1,8,CN42H,莎拉,收货,上架
TVGn32S4Gr,灰色 品牌30 32英寸 电视机（超级超高清）,电视机,品牌30,32英寸,超级超高清,灰色,8*1*1,8,AN78E,简,收货,上架
LaRe178GGr,灰色 品牌14 17英寸 笔记本电脑（8吉字节内存）,笔记本电脑,品牌14,17英寸,8吉字节内存,灰色,16*1*1,16,AM28A,大卫,收货,上架
CuWE12FiBe,米色 品牌02 1200 储物柜（文件收纳）,储物柜,品牌02,1200,文件收纳,米色,8*1*1,8,BK78D,迈克,收货,上架
GaAELErBl,黑色 品牌05 大号 游戏椅（人体工学）,游戏椅,品牌05,大号,人体工学,黑色,16*1*1,16,DI72B,克里斯,收货,上架
TaCI18AuSi,银色 品牌27 1800 桌子（自动调节）,桌子,品牌27,1800,自动调节,银色,8*1*1,8,CZ58F,克里斯,收货,上架
TVYn50FHGr,灰色 品牌15 50英寸 电视机（全高清）,电视机,品牌15,50英寸,全高清,灰色,8*1*1,8,BR96F,艾米,收货,上架
SPRe50SoWh,白色 品牌22 50 触控笔（可溶性）,触控笔,品牌22,50,可溶性,白色,48*10*5,2400,AS10E,迈克,收货,上架
OfSEMHePi,粉色 品牌08 中号 办公椅（头枕）,办公椅,品牌08,中号,头枕,粉色,16*1*1,16,AP53A,大卫,收货,上架
LaYn1532Si,银色 品牌15 15英寸 笔记本电脑（32吉字节内存）,笔记本电脑,品牌15,15英寸,32吉字节内存,银色,16*1*1,16,DH27D,大卫,收货,上架
KeRe45ErPi,粉色 品牌10 450 键盘（人体工学）,键盘,品牌10,450,人体工学,粉色,16*10*1,160,DV92C,简,收货,上架
AlSu1532Gr,灰色 品牌11 15英寸 一体机（32吉字节内存）,一体机,品牌11,15英寸,32吉字节内存,灰色,16*1*1,16,AO58A,艾米丽,收货,上架
OfXESLeWh,白色 品牌06 小号 办公椅（皮革）,办公椅,品牌06,小号,皮革,白色,16*1*1,16,AZ32A,亚历克斯,收货,上架
TVGL65FHBl,黑色 品牌31 65英寸 电视机（全高清）,电视机,品牌31,65英寸,全高清,黑色,8*1*1,8,DX03F,简,收货,上架
CuWE12DoBl,黑色 品牌02 1200 储物柜（带门式）,储物柜,品牌02,1200,带门式,黑色,8*1*1,8,DW24B,劳拉,收货,上架
CuRG18SlBl,黑色 品牌03 1800 储物柜（滑动式）,储物柜,品牌03,1800,滑动式,黑色,8*1*1,8,BX61B,迈克,收货,上架
GaSESAdPi,粉色 品牌08 小号 游戏椅（可调节）,游戏椅,品牌08,小号,可调节,粉色,16*1*1,16,BX91C,亚历克斯,收货,上架
MoPH27ErPi,粉色 品牌12 270 鼠标（人体工学）,鼠标,品牌12,270,人体工学,粉色,16*10*1,160,CU45H,艾米,收货,上架
OfOGLLeBl,黑色 品牌07 大号 办公椅（皮革）,办公椅,品牌07,大号,皮革,黑色,16*1*1,16,AM68E,克里斯,收货,上架
TaAE18AuBl,黑色 品牌05 1800 桌子（自动调节）,桌子,品牌05,1800,自动调节,黑色,8*1*1,8,AH82G,亚历克斯,收货,上架
KeHc35ErPi,粉色 品牌09 350 键盘（人体工学）,键盘,品牌09,350,人体工学,粉色,16*10*1,160,BS49H,克里斯,收货,上架
TaTR18WoWh,白色 品牌28 1800 桌子（工作站）,桌子,品牌28,1800,工作站,白色,8*1*1,8,BW42B,大卫,收货,上架
NoExA3ruSi,银色 品牌16 三号纸 笔记本（横线）,笔记本,品牌16,三号纸,横线,银色,48*10*5,2400,DS16C,大卫,收货,上架
DrTE12LoGr,灰色 品牌04 1200 抽屉柜（储物锁柜）,抽屉柜,品牌04,1200,储物锁柜,灰色,8*1*1,8,DM80E,简,收货,上架
DrQE90SlGr,灰色 品牌01 900 抽屉柜（滑动式）,抽屉柜,品牌01,900,滑动式,灰色,8*1*1,8,AU02D,约翰,收货,上架
LaOv15i7Si,银色 品牌13 15英寸 笔记本电脑（第7代处理器）,笔记本电脑,品牌13,15英寸,第7代处理器,银色,16*1*1,16,CV29C,约翰,收货,上架
LaSu14i7Gr,灰色 品牌11 14英寸 笔记本电脑（第7代处理器）,笔记本电脑,品牌11,14英寸,第7代处理器,灰色,16*1*1,16,CU19D,亚历克斯,收货,上架
TaTR10FrWh,白色 品牌29 1000 桌子（框架式）,桌子,品牌29,1000,框架式,白色,8*1*1,8,DL87D,简,收货,上架
GaSELLePi,粉色 品牌08 大号 游戏椅（皮革）,游戏椅,品牌08,大号,皮革,粉色,16*1*1,16,BK37D,亚历克斯,收货,上架
LaRe15i5Bl,黑色 品牌14 15英寸 笔记本电脑（第5代处理器）,笔记本电脑,品牌14,15英寸,第5代处理器,黑色,16*1*1,16,BF48A,莎拉,收货,上架
PeGi50SoPi,粉色 品牌21 50 铅笔（可溶性）,铅笔,品牌21,50,可溶性,粉色,48*10*5,2400,CS61G,迈克,收货,上架
LaSu17i7Si,银色 品牌11 17英寸 笔记本电脑（第7代处理器）,笔记本电脑,品牌11,17英寸,第7代处理器,银色,16*1*1,16,AF47D,艾米,收货,上架
LaPH1716Gr,灰色 品牌12 17英寸 笔记本电脑（16吉字节内存）,笔记本电脑,品牌12,17英寸,16吉字节内存,灰色,16*1*1,16,AQ31A,艾米丽,收货,上架
NoScA5ruBl,黑色 品牌17 五号纸 笔记本（横线）,笔记本,品牌17,五号纸,横线,黑色,48*10*5,2400,BO54F,劳拉,收货,上架
TaTR10FrSi,银色 品牌28 1000 桌子（框架式）,桌子,品牌28,1000,框架式,银色,8*1*1,8,AF97H,艾米,收货,上架
GaAEMHeWh,白色 品牌05 中号 游戏椅（头枕）,游戏椅,品牌05,中号,头枕,白色,16*1*1,16,BM82G,简,收货,上架
DrWE12FiGr,灰色 品牌02 1200 抽屉柜（文件收纳）,抽屉柜,品牌02,1200,文件收纳,灰色,8*1*1,8,DJ45C,劳拉,收货,上架
DrWE90SlGr,灰色 品牌02 900 抽屉柜（滑动式）,抽屉柜,品牌02,900,滑动式,灰色,8*1*1,8,DT97H,劳拉,收货,上架
LaRe15i7Si,银色 品牌14 15英寸 笔记本电脑（第7代处理器）,笔记本电脑,品牌14,15英寸,第7代处理器,银色,16*1*1,16,AR62H,约翰,收货,上架
TVEs75S4Wh,白色 品牌32 75英寸 电视机（超级超高清）,电视机,品牌32,75英寸,超级超高清,白色,8*1*1,8,BY81C,莎拉,收货,上架
TVGn424KWh,白色 品牌30 42英寸 电视机（超高清）,电视机,品牌30,42英寸,超高清,白色,8*1*1,8,CZ27D,莎拉,收货,上架
PeNa50WaWh,白色 品牌23 50 铅笔（水彩）,铅笔,品牌23,50,水彩,白色,48*10*5,2400,AQ30C,大卫,收货,上架
PeRe50SoWh,白色 品牌22 50 铅笔（可溶性）,铅笔,品牌22,50,可溶性,白色,48*10*5,2400,DW39A,简,收货,上架
CaWE18LoBl,黑色 品牌02 1800 文件柜（储物锁柜）,文件柜,品牌02,1800,储物锁柜,黑色,8*1*1,8,BO92D,艾米丽,收货,上架
OfSESErPi,粉色 品牌08 小号 办公椅（人体工学）,办公椅,品牌08,小号,人体工学,粉色,16*1*1,16,DR77E,简,收货,上架
CaRG18DoBl,黑色 品牌03 1800 文件柜（带门式）,文件柜,品牌03,1800,带门式,黑色,8*1*1,8,CN53G,莎拉,收货,上架
TVGn65SFGr,灰色 品牌30 65英寸 电视机（超级全高清）,电视机,品牌30,65英寸,超级全高清,灰色,8*1*1,8,CN18H,亚历克斯,收货,上架
KeHc35MeBl,黑色 品牌09 350 键盘（机械式）,键盘,品牌09,350,机械式,黑色,16*10*1,160,DW08B,亚历克斯,收货,上架
NoScA4ruWh,白色 品牌17 四号纸 笔记本（横线）,笔记本,品牌17,四号纸,横线,白色,48*10*5,2400,DY49D,迈克,收货,上架
GaAESLeBl,黑色 品牌05 小号 游戏椅（皮革）,游戏椅,品牌05,小号,皮革,黑色,16*1*1,16,CO23G,劳拉,收货,上架
TaAE18AuWh,白色 品牌05 1800 桌子（自动调节）,桌子,品牌05,1800,自动调节,白色,8*1*1,8,DJ97D,劳拉,收货,上架
TVGn42S4Si,银色 品牌30 42英寸 电视机（超级超高清）,电视机,品牌30,42英寸,超级超高清,银色,8*1*1,8,CU87D,莎拉,收货,上架
MoPH35BlNa,藏青色 品牌12 350 鼠标（蓝牙）,鼠标,品牌12,350,蓝牙,藏青色,16*10*1,160,DM78H,简,收货,上架
AlYn178GSi,银色 品牌15 17英寸 一体机（8吉字节内存）,一体机,品牌15,17英寸,8吉字节内存,银色,16*1*1,16,BX73E,亚历克斯,收货,上架
CaQE12DoBe,米色 品牌01 1200 文件柜（带门式）,文件柜,品牌01,1200,带门式,米色,8*1*1,8,BL26G,劳拉,收货,上架
SPNa12HeWh,白色 品牌23 12 触控笔（六角形）,触控笔,品牌23,12,六角形,白色,48*10*5,2400,AW82H,迈克,收货,上架
OfAESErGr,灰色 品牌05 小号 办公椅（人体工学）,办公椅,品牌05,小号,人体工学,灰色,16*1*1,16,CL67F,艾米丽,收货,上架
MoHc45BlNa,藏青色 品牌09 450 鼠标（蓝牙）,鼠标,品牌09,450,蓝牙,藏青色,16*10*1,160,BS86G,劳拉,收货,上架
MoHc35MePi,粉色 品牌09 350 鼠标（机械式）,鼠标,品牌09,350,机械式,粉色,16*10*1,160,BL73E,劳拉,收货,上架
NoExA3doSi,银色 品牌16 三号纸 笔记本（点阵）,笔记本,品牌16,三号纸,点阵,银色,48*10*5,2400,BY90A,艾米,收货,上架
LaSu14i7Bl,黑色 品牌11 14英寸 笔记本电脑（第7代处理器）,笔记本电脑,品牌11,14英寸,第7代处理器,黑色,16*1*1,16,CI30G,艾米,收货,上架
MoRe35MeNa,藏青色 品牌10 350 鼠标（机械式）,鼠标,品牌10,350,机械式,藏青色,16*10*1,160,AZ51D,莎拉,收货,上架
PrNoA3LaBl,黑色 品牌26 三号纸 打印机（激光）,打印机,品牌26,三号纸,激光,黑色,16*1*1,16,BZ54C,大卫,收货,上架
PeGi50WaPi,粉色 品牌21 50 铅笔（水彩）,铅笔,品牌21,50,水彩,粉色,48*10*5,2400,DI06F,大卫,收货,上架
GaSEMLeGr,灰色 品牌08 中号 游戏椅（皮革）,游戏椅,品牌08,中号,皮革,灰色,16*1*1,16,BN73G,简,收货,上架
MoHc27WiBl,黑色 品牌09 270 鼠标（有线）,鼠标,品牌09,270,有线,黑色,16*10*1,160,AH10E,亚历克斯,收货,上架
TVGL424KGr,灰色 品牌31 42英寸 电视机（超高清）,电视机,品牌31,42英寸,超高清,灰色,8*1*1,8,BY41B,艾米丽,收货,上架
LaSu17i7Wh,白色 品牌11 17英寸 笔记本电脑（第7代处理器）,笔记本电脑,品牌11,17英寸,第7代处理器,白色,16*1*1,16,AG09C,大卫,收货,上架
MoPH45WiNa,藏青色 品牌12 450 鼠标（有线）,鼠标,品牌12,450,有线,藏青色,16*10*1,160,AM92D,劳拉,收货,上架
MoHc27MeWh,白色 品牌09 270 鼠标（机械式）,鼠标,品牌09,270,机械式,白色,16*10*1,160,AW71G,亚历克斯,收货,上架
CuRG90SlBl,黑色 品牌03 900 储物柜（滑动式）,储物柜,品牌03,900,滑动式,黑色,8*1*1,8,CH40C,克里斯,收货,上架
AlOv14i5Gr,灰色 品牌13 14英寸 一体机（第5代处理器）,一体机,品牌13,14英寸,第5代处理器,灰色,16*1*1,16,DT73D,克里斯,收货,上架
MoHc45WiPi,粉色 品牌09 450 鼠标（有线）,鼠标,品牌09,450,有线,粉色,16*10*1,160,AU05E,大卫,收货,上架
PeRe12WaWh,白色 品牌22 12 铅笔（水彩）,铅笔,品牌22,12,水彩,白色,48*10*5,2400,AT54G,简,收货,上架
LaSu17i5Wh,白色 品牌11 17英寸 笔记本电脑（第5代处理器）,笔记本电脑,品牌11,17英寸,第5代处理器,白色,16*1*1,16,BJ89A,克里斯,收货,上架
CaTE90SlGr,灰色 品牌04 900 文件柜（滑动式）,文件柜,品牌04,900,滑动式,灰色,8*1*1,8,DV34D,简,收货,上架
KeRe35BlNa,藏青色 品牌10 350 键盘（蓝牙）,键盘,品牌10,350,蓝牙,藏青色,16*10*1,160,AZ88C,劳拉,收货,上架
MoHc35WiWh,白色 品牌09 350 鼠标（有线）,鼠标,品牌09,350,有线,白色,16*10*1,160,CJ78A,约翰,收货,上架
PeRe50HeGr,灰色 品牌22 50 铅笔（六角形）,铅笔,品牌22,50,六角形,灰色,48*10*5,2400,CN53E,莎拉,收货,上架
TaAE10FrBl,黑色 品牌05 1000 桌子（框架式）,桌子,品牌05,1000,框架式,黑色,8*1*1,8,DK23G,劳拉,收货,上架
GaSEMLeGr,灰色 品牌08 中号 游戏椅（皮革）,游戏椅,品牌08,中号,皮革,灰色,16*1*1,16,DT65C,迈克,收货,上架
AlSu14i7Gr,灰色 品牌11 14英寸 一体机（第7代处理器）,一体机,品牌11,14英寸,第7代处理器,灰色,16*1*1,16,BH43C,亚历克斯,收货,上架
OfOGLAdWh,白色 品牌07 大号 办公椅（可调节）,办公椅,品牌07,大号,可调节,白色,16*1*1,16,DL68C,亚历克斯,收货,上架
OfSEMErPi,粉色 品牌08 中号 办公椅（人体工学）,办公椅,品牌08,中号,人体工学,粉色,16*1*1,16,BY14C,克里斯,收货,上架
DrTE90FiGr,灰色 品牌04 900 抽屉柜（文件收纳）,抽屉柜,品牌04,900,文件收纳,灰色,8*1*1,8,DK32B,克里斯,收货,上架
LaYn1416Wh,白色 品牌15 14英寸 笔记本电脑（16吉字节内存）,笔记本电脑,品牌15,14英寸,16吉字节内存,白色,16*1*1,16,AN22D,艾米丽,收货,上架
GaAESAdBl,黑色 品牌05 小号 游戏椅（可调节）,游戏椅,品牌05,小号,可调节,黑色,16*1*1,16,AF55C,简,收货,上架
OfOGLAdBl,黑色 品牌07 大号 办公椅（可调节）,办公椅,品牌07,大号,可调节,黑色,16*1*1,16,AX74F,艾米丽,收货,上架
LaRe178GWh,白色 品牌14 17英寸 笔记本电脑（8吉字节内存）,笔记本电脑,品牌14,17英寸,8吉字节内存,白色,16*1*1,16,AU66G,迈克,收货,上架
PeNa12HeWh,白色 品牌23 12 铅笔（六角形）,铅笔,品牌23,12,六角形,白色,48*10*5,2400,BN59D,艾米,收货,上架
LaRe1516Si,银色 品牌14 15英寸 笔记本电脑（16吉字节内存）,笔记本电脑,品牌14,15英寸,16吉字节内存,银色,16*1*1,16,AV48B,克里斯,收货,上架
TVEs75S4Gr,灰色 品牌32 75英寸 电视机（超级超高清）,电视机,品牌32,75英寸,超级超高清,灰色,8*1*1,8,DN63E,大卫,收货,上架
TVYn654KWh,白色 品牌15 65英寸 电视机（超高清）,电视机,品牌15,65英寸,超高清,白色,8*1*1,8,AN60H,简,收货,上架
LaRe17i7Bl,黑色 品牌14 17英寸 笔记本电脑（第7代处理器）,笔记本电脑,品牌14,17英寸,第7代处理器,黑色,16*1*1,16,BL08G,劳拉,收货,上架
LaPH158GGr,灰色 品牌12 15英寸 笔记本电脑（8吉字节内存）,笔记本电脑,品牌12,15英寸,8吉字节内存,灰色,16*1*1,16,AK33C,莎拉,收货,上架
TaTR18AuWh,白色 品牌29 1800 桌子（自动调节）,桌子,品牌29,1800,自动调节,白色,8*1*1,8,CM52B,大卫,收货,上架
LaYn17i7Bl,黑色 品牌15 17英寸 笔记本电脑（第7代处理器）,笔记本电脑,品牌15,17英寸,第7代处理器,黑色,16*1*1,16,BF58C,艾米,收货,上架
KePH45MeBl,黑色 品牌12 450 键盘（机械式）,键盘,品牌12,450,机械式,黑色,16*10*1,160,DP44C,简,收货,上架
AlYn14i5Wh,白色 品牌15 14英寸 一体机（第5代处理器）,一体机,品牌15,14英寸,第5代处理器,白色,16*1*1,16,DO35H,莎拉,收货,上架
AlRe17i5Si,银色 品牌14 17英寸 一体机（第5代处理器）,一体机,品牌14,17英寸,第5代处理器,银色,16*1*1,16,AZ32D,艾米丽,收货,上架
AlYn1532Si,银色 品牌15 15英寸 一体机（32吉字节内存）,一体机,品牌15,15英寸,32吉字节内存,银色,16*1*1,16,CY26A,艾米,收货,上架
CaWE12LoBe,米色 品牌02 1200 文件柜（储物锁柜）,文件柜,品牌02,1200,储物锁柜,米色,8*1*1,8,DM49A,艾米,收货,上架
PrSoA4MoWh,白色 品牌25 四号纸 打印机（黑白）,打印机,品牌25,四号纸,黑白,白色,16*1*1,16,AI84H,克里斯,收货,上架
TVEs75FHSi,银色 品牌32 75英寸 电视机（全高清）,电视机,品牌32,75英寸,全高清,银色,8*1*1,8,CL21E,克里斯,收货,上架
LaYn17i7Gr,灰色 品牌15 17英寸 笔记本电脑（第7代处理器）,笔记本电脑,品牌15,17英寸,第7代处理器,灰色,16*1*1,16,AP21D,亚历克斯,收货,上架
OfXESHePi,粉色 品牌06 小号 办公椅（头枕）,办公椅,品牌06,小号,头枕,粉色,16*1*1,16,CF12H,艾米丽,收货,上架
NoGrA4liSi,银色 品牌18 四号纸 笔记本（线条）,笔记本,品牌18,四号纸,线条,银色,48*10*5,2400,BX24C,简,收货,上架
AlSu1716Bl,黑色 品牌11 17英寸 一体机（16吉字节内存）,一体机,品牌11,17英寸,16吉字节内存,黑色,16*1*1,16,BX46F,约翰,收货,上架
TVGL504KWh,白色 品牌31 50英寸 电视机（超高清）,电视机,品牌31,50英寸,超高清,白色,8*1*1,8,BG44G,劳拉,收货,上架
PrPHA3LaMi,混合色 品牌12 三号纸 打印机（激光）,打印机,品牌12,三号纸,激光,混合色,16*1*1,16,DN84H,迈克,收货,上架
TVGL75S4Si,银色 品牌31 75英寸 电视机（超级超高清）,电视机,品牌31,75英寸,超级超高清,银色,8*1*1,8,DR35D,简,收货,上架
AlRe1432Si,银色 品牌14 14英寸 一体机（32吉字节内存）,一体机,品牌14,14英寸,32吉字节内存,银色,16*1*1,16,BT27B,劳拉,收货,上架
CuQE12DoBe,米色 品牌01 1200 储物柜（带门式）,储物柜,品牌01,1200,带门式,米色,8*1*1,8,BV08B,克里斯,收货,上架
TVGL324KWh,白色 品牌31 32英寸 电视机（超高清）,电视机,品牌31,32英寸,超高清,白色,8*1*1,8,DM64A,约翰,收货,上架
AlSu1432Gr,灰色 品牌11 14英寸 一体机（32吉字节内存）,一体机,品牌11,14英寸,32吉字节内存,灰色,16*1*1,16,BF49H,大卫,收货,上架
AlOv178GSi,银色 品牌13 17英寸 一体机（8吉字节内存）,一体机,品牌13,17英寸,8吉字节内存,银色,16*1*1,16,CN55G,亚历克斯,收货,上架
NoGrA3ruBl,黑色 品牌18 三号纸 笔记本（横线）,笔记本,品牌18,三号纸,横线,黑色,48*10*5,2400,CR64H,克里斯,收货,上架
PrNoA3LaBl,黑色 品牌26 三号纸 打印机（激光）,打印机,品牌26,三号纸,激光,黑色,16*1*1,16,CW79F,克里斯,收货,上架
TaAE15WoWh,白色 品牌05 1500 桌子（工作站）,桌子,品牌05,1500,工作站,白色,8*1*1,8,AM57B,简,收货,上架
OfSEMErPi,粉色 品牌08 中号 办公椅（人体工学）,办公椅,品牌08,中号,人体工学,粉色,16*1*1,16,AV70E,艾米丽,收货,上架
CaRG90LoWh,白色 品牌03 900 文件柜（储物锁柜）,文件柜,品牌03,900,储物锁柜,白色,8*1*1,8,CP10F,亚历克斯,收货,上架
AlSu15i5Bl,黑色 品牌11 15英寸 一体机（第5代处理器）,一体机,品牌11,15英寸,第5代处理器,黑色,16*1*1,16,BR81F,克里斯,收货,上架
PrNoA3WiMi,混合色 品牌26 三号纸 打印机（无线网络）,打印机,品牌26,三号纸,无线网络,混合色,16*1*1,16,BN31B,迈克,收货,上架
LaSu1416Si,银色 品牌11 14英寸 笔记本电脑（16吉字节内存）,笔记本电脑,品牌11,14英寸,16吉字节内存,银色,16*1*1,16,DL82E,艾米,收货,上架
LaYn15i5Si,银色 品牌15 15英寸 笔记本电脑（第5代处理器）,笔记本电脑,品牌15,15英寸,第5代处理器,银色,16*1*1,16,BQ04F,劳拉,收货,上架
CaQE90FiBe,米色 品牌01 900 文件柜（文件收纳）,文件柜,品牌01,900,文件收纳,米色,8*1*1,8,BT89D,亚历克斯,收货,上架
TaTR15AdBl,黑色 品牌28 1500 桌子（可调节）,桌子,品牌28,1500,可调节,黑色,8*1*1,8,DO59D,艾米丽,收货,上架
KeHc45WiNa,藏青色 品牌09 450 键盘（有线）,键盘,品牌09,450,有线,藏青色,16*10*1,160,DZ51C,迈克,收货,上架
TVYn754KSi,银色 品牌15 75英寸 电视机（超高清）,电视机,品牌15,75英寸,超高清,银色,8*1*1,8,DL60A,莎拉,收货,上架
AlOv15i5Si,银色 品牌13 15英寸 一体机（第5代处理器）,一体机,品牌13,15英寸,第5代处理器,银色,16*1*1,16,CS67E,克里斯,收货,上架
PeRe50SoPi,粉色 品牌22 50 铅笔（可溶性）,铅笔,品牌22,50,可溶性,粉色,48*10*5,2400,CI17C,克里斯,收货,上架
LaOv148GWh,白色 品牌13 14英寸 笔记本电脑（8吉字节内存）,笔记本电脑,品牌13,14英寸,8吉字节内存,白色,16*1*1,16,AM02D,大卫,收货,上架
TVEs654KGr,灰色 品牌32 65英寸 电视机（超高清）,电视机,品牌32,65英寸,超高清,灰色,8*1*1,8,CZ42C,亚历克斯,收货,上架
LaOv17i5Gr,灰色 品牌13 17英寸 笔记本电脑（第5代处理器）,笔记本电脑,品牌13,17英寸,第5代处理器,灰色,16*1*1,16,BN12D,艾米丽,收货,上架
PeRe50HeWh,白色 品牌22 50 铅笔（六角形）,铅笔,品牌22,50,六角形,白色,48*10*5,2400,AI34E,大卫,收货,上架
TVGL754KGr,灰色 品牌31 75英寸 电视机（超高清）,电视机,品牌31,75英寸,超高清,灰色,8*1*1,8,AZ77F,艾米,收货,上架
PrNoA2WiMi,混合色 品牌26 二号纸 打印机（无线网络）,打印机,品牌26,二号纸,无线网络,混合色,16*1*1,16,BL58H,大卫,收货,上架
KeSu45WiBl,黑色 品牌11 450 键盘（有线）,键盘,品牌11,450,有线,黑色,16*10*1,160,DL58A,艾米,收货,上架
TVEs324KBl,黑色 品牌32 32英寸 电视机（超高清）,电视机,品牌32,32英寸,超高清,黑色,8*1*1,8,DX36A,劳拉,收货,上架
TVEs75SFWh,白色 品牌32 75英寸 电视机（超级全高清）,电视机,品牌32,75英寸,超级全高清,白色,8*1*1,8,BJ33B,约翰,收货,上架
CuWE90SlGr,灰色 品牌02 900 储物柜（滑动式）,储物柜,品牌02,900,滑动式,灰色,8*1*1,8,CQ93G,克里斯,收货,上架
NoExA3doBl,黑色 品牌16 三号纸 笔记本（点阵）,笔记本,品牌16,三号纸,点阵,黑色,48*10*5,2400,BS52H,亚历克斯,收货,上架
SPNa24SoBl,黑色 品牌23 24 触控笔（可溶性）,触控笔,品牌23,24,可溶性,黑色,48*10*5,2400,BY69E,克里斯,收货,上架
PrSoA4AlWh,白色 品牌25 四号纸 打印机（一体式）,打印机,品牌25,四号纸,一体式,白色,16*1*1,16,AX51H,艾米,收货,上架
AlRe14i5Bl,黑色 品牌14 14英寸 一体机（第5代处理器）,一体机,品牌14,14英寸,第5代处理器,黑色,16*1*1,16,CW39A,迈克,收货,上架
GaXEMErGr,灰色 品牌06 中号 游戏椅（人体工学）,游戏椅,品牌06,中号,人体工学,灰色,16*1*1,16,CR93A,亚历克斯,收货,上架
AlPH14i7Gr,灰色 品牌12 14英寸 一体机（第7代处理器）,一体机,品牌12,14英寸,第7代处理器,灰色,16*1*1,16,AP64E,艾米,收货,上架
DrWE90SlBe,米色 品牌02 900 抽屉柜（滑动式）,抽屉柜,品牌02,900,滑动式,米色,8*1*1,8,DX05G,亚历克斯,收货,上架
SPAl12WaBl,黑色 品牌20 12 触控笔（水彩）,触控笔,品牌20,12,水彩,黑色,48*10*5,2400,DT65H,简,收货,上架
TVYn42SFBl,黑色 品牌15 42英寸 电视机（超级全高清）,电视机,品牌15,42英寸,超级全高清,黑色,8*1*1,8,AI71C,艾米丽,收货,上架
SPGi50SoWh,白色 品牌21 50 触控笔（可溶性）,触控笔,品牌21,50,可溶性,白色,48*10*5,2400,CU49G,克里斯,收货,上架
CaRG18LoBl,黑色 品牌03 1800 文件柜（储物锁柜）,文件柜,品牌03,1800,储物锁柜,黑色,8*1*1,8,AG67C,艾米,收货,上架
PeGi24HePi,粉色 品牌21 24 铅笔（六角形）,铅笔,品牌21,24,六角形,粉色,48*10*5,2400,BJ21B,迈克,收货,上架
LaPH1416Si,银色 品牌12 14英寸 笔记本电脑（16吉字节内存）,笔记本电脑,品牌12,14英寸,16吉字节内存,银色,16*1*1,16,AR46B,约翰,收货,上架
DrRG12DoBl,黑色 品牌03 1200 抽屉柜（带门式）,抽屉柜,品牌03,1200,带门式,黑色,8*1*1,8,AO47A,克里斯,收货,上架
LaPH17i5Si,银色 品牌12 17英寸 笔记本电脑（第5代处理器）,笔记本电脑,品牌12,17英寸,第5代处理器,银色,16*1*1,16,CO93H,亚历克斯,收货,上架
AlOv14i7Si,银色 品牌13 14英寸 一体机（第7代处理器）,一体机,品牌13,14英寸,第7代处理器,银色,16*1*1,16,CM86F,艾米,收货,上架
KeSu35MeWh,白色 品牌11 350 键盘（机械式）,键盘,品牌11,350,机械式,白色,16*10*1,160,BU32D,约翰,收货,上架
LaYn15i7Si,银色 品牌15 15英寸 笔记本电脑（第7代处理器）,笔记本电脑,品牌15,15英寸,第7代处理器,银色,16*1*1,16,CX19F,艾米丽,收货,上架
CuTE12DoGr,灰色 品牌04 1200 储物柜（带门式）,储物柜,品牌04,1200,带门式,灰色,8*1*1,8,AW85G,迈克,收货,上架
TaCI10AdBl,黑色 品牌27 1000 桌子（可调节）,桌子,品牌27,1000,可调节,黑色,8*1*1,8,AQ14E,简,收货,上架
AlPH14i5Wh,白色 品牌12 14英寸 一体机（第5代处理器）,一体机,品牌12,14英寸,第5代处理器,白色,16*1*1,16,AW88B,艾米丽,收货,上架
CaRG12FiBl,黑色 品牌03 1200 文件柜（文件收纳）,文件柜,品牌03,1200,文件收纳,黑色,8*1*1,8,CM96A,莎拉,收货,上架
PrPHA2WiBl,黑色 品牌12 二号纸 打印机（无线网络）,打印机,品牌12,二号纸,无线网络,黑色,16*1*1,16,DJ83G,简,收货,上架
TaCI18WoWh,白色 品牌27 1800 桌子（工作站）,桌子,品牌27,1800,工作站,白色,8*1*1,8,AU40C,亚历克斯,收货,上架
LaSu14i5Bl,黑色 品牌11 14英寸 笔记本电脑（第5代处理器）,笔记本电脑,品牌11,14英寸,第5代处理器,黑色,16*1*1,16,DF84A,亚历克斯,收货,上架
NoScA5ruBl,黑色 品牌17 五号纸 笔记本（横线）,笔记本,品牌17,五号纸,横线,黑色,48*10*5,2400,CO38B,艾米,收货,上架
LaRe158GGr,灰色 品牌14 15英寸 笔记本电脑（8吉字节内存）,笔记本电脑,品牌14,15英寸,8吉字节内存,灰色,16*1*1,16,DY20B,艾米,收货,上架
AlSu1416Wh,白色 品牌11 14英寸 一体机（16吉字节内存）,一体机,品牌11,14英寸,16吉字节内存,白色,16*1*1,16,BQ43F,艾米丽,收货,上架
LaRe1432Gr,灰色 品牌14 14英寸 笔记本电脑（32吉字节内存）,笔记本电脑,品牌14,14英寸,32吉字节内存,灰色,16*1*1,16,AU06A,艾米丽,收货,上架
CuQE12DoBl,黑色 品牌01 1200 储物柜（带门式）,储物柜,品牌01,1200,带门式,黑色,8*1*1,8,DM53D,约翰,收货,上架
PrPHA3MoBl,黑色 品牌12 三号纸 打印机（黑白）,打印机,品牌12,三号纸,黑白,黑色,16*1*1,16,CW36D,约翰,收货,上架
TVYn42SFSi,银色 品牌15 42英寸 电视机（超级全高清）,电视机,品牌15,42英寸,超级全高清,银色,8*1*1,8,AG38B,迈克,收货,上架
TVYn32FHWh,白色 品牌15 32英寸 电视机（全高清）,电视机,品牌15,32英寸,全高清,白色,8*1*1,8,AO31H,克里斯,收货,上架
TVYn504KGr,灰色 品牌15 50英寸 电视机（超高清）,电视机,品牌15,50英寸,超高清,灰色,8*1*1,8,CO70A,克里斯,收货,上架
PeAl50WaBl,黑色 品牌20 50 铅笔（水彩）,铅笔,品牌20,50,水彩,黑色,48*10*5,2400,BZ50B,亚历克斯,收货,上架
TaCI15FrGr,灰色 品牌27 1500 桌子（框架式）,桌子,品牌27,1500,框架式,灰色,8*1*1,8,AQ03A,劳拉,收货,上架
AlOv17i5Bl,黑色 品牌13 17英寸 一体机（第5代处理器）,一体机,品牌13,17英寸,第5代处理器,黑色,16*1*1,16,DQ06C,艾米丽,收货,上架
LaRe14i7Gr,灰色 品牌14 14英寸 笔记本电脑（第7代处理器）,笔记本电脑,品牌14,14英寸,第7代处理器,灰色,16*1*1,16,AX56C,艾米丽,收货,上架
LaRe1532Bl,黑色 品牌14 15英寸 笔记本电脑（32吉字节内存）,笔记本电脑,品牌14,15英寸,32吉字节内存,黑色,16*1*1,16,CI32D,艾米丽,收货,上架
LaYn1516Wh,白色 品牌15 15英寸 笔记本电脑（16吉字节内存）,笔记本电脑,品牌15,15英寸,16吉字节内存,白色,16*1*1,16,AN59G,迈克,收货,上架
LaOv178GGr,灰色 品牌13 17英寸 笔记本电脑（8吉字节内存）,笔记本电脑,品牌13,17英寸,8吉字节内存,灰色,16*1*1,16,BF48D,莎拉,收货,上架
OfAESHeGr,灰色 品牌05 小号 办公椅（头枕）,办公椅,品牌05,小号,头枕,灰色,16*1*1,16,BH18F,亚历克斯,收货,上架
PrPHA2AlBl,黑色 品牌12 二号纸 打印机（一体式）,打印机,品牌12,二号纸,一体式,黑色,16*1*1,16,AG60D,大卫,收货,上架
TVGL50S4Gr,灰色 品牌31 50英寸 电视机（超级超高清）,电视机,品牌31,50英寸,超级超高清,灰色,8*1*1,8,CH45D,迈克,收货,上架
TVYn75FHGr,灰色 品牌15 75英寸 电视机（全高清）,电视机,品牌15,75英寸,全高清,灰色,8*1*1,8,AN48A,简,收货,上架
PrSoA4MoGr,灰色 品牌25 四号纸 打印机（黑白）,打印机,品牌25,四号纸,黑白,灰色,16*1*1,16,DT92H,艾米,收货,上架
NoMuA4doWh,白色 品牌19 四号纸 笔记本（点阵）,笔记本,品牌19,四号纸,点阵,白色,48*10*5,2400,AP55H,克里斯,收货,上架
SPNa50SoGr,灰色 品牌23 50 触控笔（可溶性）,触控笔,品牌23,50,可溶性,灰色,48*10*5,2400,CO76F,亚历克斯,收货,上架
CaRG18DoGr,灰色 品牌03 1800 文件柜（带门式）,文件柜,品牌03,1800,带门式,灰色,8*1*1,8,CQ08H,劳拉,收货,上架
TVGL32SFSi,银色 品牌31 32英寸 电视机（超级全高清）,电视机,品牌31,32英寸,超级全高清,银色,8*1*1,8,AS66C,迈克,收货,上架
PrSoA3WiBl,黑色 品牌25 三号纸 打印机（无线网络）,打印机,品牌25,三号纸,无线网络,黑色,16*1*1,16,BU39G,莎拉,收货,上架
TaAE10FrGr,灰色 品牌05 1000 桌子（框架式）,桌子,品牌05,1000,框架式,灰色,8*1*1,8,DI12A,大卫,收货,上架
LaOv1416Si,银色 品牌13 14英寸 笔记本电脑（16吉字节内存）,笔记本电脑,品牌13,14英寸,16吉字节内存,银色,16*1*1,16,DY08B,迈克,收货,上架
TaAE18WoGr,灰色 品牌05 1800 桌子（工作站）,桌子,品牌05,1800,工作站,灰色,8*1*1,8,CZ44D,约翰,收货,上架
MoHc27ErBl,黑色 品牌09 270 鼠标（人体工学）,鼠标,品牌09,270,人体工学,黑色,16*10*1,160,BU54H,迈克,收货,上架
PeNa50WaPi,粉色 品牌23 50 铅笔（水彩）,铅笔,品牌23,50,水彩,粉色,48*10*5,2400,DT51G,大卫,收货,上架
GaOGSErPi,粉色 品牌07 小号 游戏椅（人体工学）,游戏椅,品牌07,小号,人体工学,粉色,16*1*1,16,AJ54A,约翰,收货,上架
NoGrA5ruBl,黑色 品牌18 五号纸 笔记本（横线）,笔记本,品牌18,五号纸,横线,黑色,48*10*5,2400,DP96H,艾米,收货,上架
AlOv148GSi,银色 品牌13 14英寸 一体机（8吉字节内存）,一体机,品牌13,14英寸,8吉字节内存,银色,16*1*1,16,AG45E,莎拉,收货,上架
TVYn32FHGr,灰色 品牌15 32英寸 电视机（全高清）,电视机,品牌15,32英寸,全高清,灰色,8*1*1,8,BP19F,大卫,收货,上架
KeSu27ErBl,黑色 品牌11 270 键盘（人体工学）,键盘,品牌11,270,人体工学,黑色,16*10*1,160,BK03H,莎拉,收货,上架
OfOGLAdPi,粉色 品牌07 大号 办公椅（可调节）,办公椅,品牌07,大号,可调节,粉色,16*1*1,16,AS85G,约翰,收货,上架
LaYn15i5Bl,黑色 品牌15 15英寸 笔记本电脑（第5代处理器）,笔记本电脑,品牌15,15英寸,第5代处理器,黑色,16*1*1,16,CF52A,艾米丽,收货,上架
OfSEMErGr,灰色 品牌08 中号 办公椅（人体工学）,办公椅,品牌08,中号,人体工学,灰色,16*1*1,16,CU46E,迈克,收货,上架
AlOv14i7Bl,黑色 品牌13 14英寸 一体机（第7代处理器）,一体机,品牌13,14英寸,第7代处理器,黑色,16*1*1,16,BJ01A,迈克,收货,上架
TVGn42S4Bl,黑色 品牌30 42英寸 电视机（超级超高清）,电视机,品牌30,42英寸,超级超高清,黑色,8*1*1,8,CQ46G,莎拉,收货,上架
MoHc45WiNa,藏青色 品牌09 450 鼠标（有线）,鼠标,品牌09,450,有线,藏青色,16*10*1,160,DZ10D,莎拉,收货,上架
GaAEMLeWh,白色 品牌05 中号 游戏椅（皮革）,游戏椅,品牌05,中号,皮革,白色,16*1*1,16,DZ25G,艾米,收货,上架
CuTE18DoGr,灰色 品牌04 1800 储物柜（带门式）,储物柜,品牌04,1800,带门式,灰色,8*1*1,8,DU54D,劳拉,收货,上架
KeHc35MeNa,藏青色 品牌09 350 键盘（机械式）,键盘,品牌09,350,机械式,藏青色,16*10*1,160,AG20G,简,收货,上架
AlOv1532Wh,白色 品牌13 15英寸 一体机（32吉字节内存）,一体机,品牌13,15英寸,32吉字节内存,白色,16*1*1,16,AO97H,简,收货,上架
DrTE18DoGr,灰色 品牌04 1800 抽屉柜（带门式）,抽屉柜,品牌04,1800,带门式,灰色,8*1*1,8,AK78G,克里斯,收货,上架
GaAEMAdPi,粉色 品牌05 中号 游戏椅（可调节）,游戏椅,品牌05,中号,可调节,粉色,16*1*1,16,AK01F,大卫,收货,上架
LaRe15i5Si,银色 品牌14 15英寸 笔记本电脑（第5代处理器）,笔记本电脑,品牌14,15英寸,第5代处理器,银色,16*1*1,16,CF57D,莎拉,收货,上架
NoMuA4ruWh,白色 品牌19 四号纸 笔记本（横线）,笔记本,品牌19,四号纸,横线,白色,48*10*5,2400,CF22G,亚历克斯,收货,上架
GaXEMErBl,黑色 品牌06 中号 游戏椅（人体工学）,游戏椅,品牌06,中号,人体工学,黑色,16*1*1,16,BO22H,克里斯,收货,上架
TVGL65FHSi,银色 品牌31 65英寸 电视机（全高清）,电视机,品牌31,65英寸,全高清,银色,8*1*1,8,AM96F,简,收货,上架
OfSESAdGr,灰色 品牌08 小号 办公椅（可调节）,办公椅,品牌08,小号,可调节,灰色,16*1*1,16,BQ86F,艾米,收货,上架
DrQE18DoGr,灰色 品牌01 1800 抽屉柜（带门式）,抽屉柜,品牌01,1800,带门式,灰色,8*1*1,8,AT07C,迈克,收货,上架
PrPHA2MoBl,黑色 品牌12 二号纸 打印机（黑白）,打印机,品牌12,二号纸,黑白,黑色,16*1*1,16,DN50C,艾米丽,收货,上架
TVGn50S4Wh,白色 品牌30 50英寸 电视机（超级超高清）,电视机,品牌30,50英寸,超级超高清,白色,8*1*1,8,DX41D,迈克,收货,上架
CuQE12DoBe,米色 品牌01 1200 储物柜（带门式）,储物柜,品牌01,1200,带门式,米色,8*1*1,8,CP88C,克里斯,收货,上架
PrSoA2InMi,混合色 品牌25 二号纸 打印机（喷墨）,打印机,品牌25,二号纸,喷墨,混合色,16*1*1,16,AQ15H,迈克,收货,上架
OfXELAdGr,灰色 品牌06 大号 办公椅（可调节）,办公椅,品牌06,大号,可调节,灰色,16*1*1,16,DY86E,克里斯,收货,上架
PrPHA2WiMi,混合色 品牌12 二号纸 打印机（无线网络）,打印机,品牌12,二号纸,无线网络,混合色,16*1*1,16,AX58H,莎拉,收货,上架
LaSu15i7Wh,白色 品牌11 15英寸 笔记本电脑（第7代处理器）,笔记本电脑,品牌11,15英寸,第7代处理器,白色,16*1*1,16,BX50F,艾米丽,收货,上架
OfXESLeWh,白色 品牌06 小号 办公椅（皮革）,办公椅,品牌06,小号,皮革,白色,16*1*1,16,BK66D,约翰,收货,上架
TVEs32FHSi,银色 品牌32 32英寸 电视机（全高清）,电视机,品牌32,32英寸,全高清,银色,8*1*1,8,BM74B,艾米丽,收货,上架
TaTR15WoWh,白色 品牌29 1500 桌子（工作站）,桌子,品牌29,1500,工作站,白色,8*1*1,8,DN04D,克里斯,收货,上架
AlYn15i5Gr,灰色 品牌15 15英寸 一体机（第5代处理器）,一体机,品牌15,15英寸,第5代处理器,灰色,16*1*1,16,BV82G,艾米丽,收货,上架
TaTR10AdBl,黑色 品牌28 1000 桌子（可调节）,桌子,品牌28,1000,可调节,黑色,8*1*1,8,DU79G,艾米,收货,上架
SPAl12WaBl,黑色 品牌20 12 触控笔（水彩）,触控笔,品牌20,12,水彩,黑色,48*10*5,2400,DT68A,大卫,收货,上架
KeRe45BlBl,黑色 品牌10 450 键盘（蓝牙）,键盘,品牌10,450,蓝牙,黑色,16*10*1,160,BJ95F,艾米丽,收货,上架
TaTR15WoWh,白色 品牌28 1500 桌子（工作站）,桌子,品牌28,1500,工作站,白色,8*1*1,8,CP27F,迈克,收货,上架
TVGL424KBl,黑色 品牌31 42英寸 电视机（超高清）,电视机,品牌31,42英寸,超高清,黑色,8*1*1,8,AN21G,简,收货,上架
LaSu1532Bl,黑色 品牌11 15英寸 笔记本电脑（32吉字节内存）,笔记本电脑,品牌11,15英寸,32吉字节内存,黑色,16*1*1,16,AN40H,莎拉,收货,上架
AlRe1732Wh,白色 品牌14 17英寸 一体机（32吉字节内存）,一体机,品牌14,17英寸,32吉字节内存,白色,16*1*1,16,AM54G,大卫,收货,上架
CuWE90SlGr,灰色 品牌02 900 储物柜（滑动式）,储物柜,品牌02,900,滑动式,灰色,8*1*1,8,AN32B,亚历克斯,收货,上架
KeHc27ErBl,黑色 品牌09 270 键盘（人体工学）,键盘,品牌09,270,人体工学,黑色,16*10*1,160,CV65C,简,收货,上架
CaTE12DoBl,黑色 品牌04 1200 文件柜（带门式）,文件柜,品牌04,1200,带门式,黑色,8*1*1,8,BW70C,亚历克斯,收货,上架
SPGi24WaBl,黑色 品牌21 24 触控笔（水彩）,触控笔,品牌21,24,水彩,黑色,48*10*5,2400,AI79D,迈克,收货,上架
OfXESLeBl,黑色 品牌06 小号 办公椅（皮革）,办公椅,品牌06,小号,皮革,黑色,16*1*1,16,BL59A,约翰,收货,上架
AlYn148GSi,银色 品牌15 14英寸 一体机（8吉字节内存）,一体机,品牌15,14英寸,8吉字节内存,银色,16*1*1,16,AW30D,劳拉,收货,上架
AlSu178GSi,银色 品牌11 17英寸 一体机（8吉字节内存）,一体机,品牌11,17英寸,8吉字节内存,银色,16*1*1,16,AF43G,大卫,收货,上架
PrReA4MoMi,混合色 品牌24 四号纸 打印机（黑白）,打印机,品牌24,四号纸,黑白,混合色,16*1*1,16,AV36B,约翰,收货,上架
AlOv14i5Bl,黑色 品牌13 14英寸 一体机（第5代处理器）,一体机,品牌13,14英寸,第5代处理器,黑色,16*1*1,16,AU30B,简,收货,上架
AlPH14i7Gr,灰色 品牌12 14英寸 一体机（第7代处理器）,一体机,品牌12,14英寸,第7代处理器,灰色,16*1*1,16,CH57E,简,收货,上架
CaTE18SlBe,米色 品牌04 1800 文件柜（滑动式）,文件柜,品牌04,1800,滑动式,米色,8*1*1,8,DP87B,莎拉,收货,上架
SPAl50HePi,粉色 品牌20 50 触控笔（六角形）,触控笔,品牌20,50,六角形,粉色,48*10*5,2400,BU54G,约翰,收货,上架
AlRe1532Si,银色 品牌14 15英寸 一体机（32吉字节内存）,一体机,品牌14,15英寸,32吉字节内存,银色,16*1*1,16,DI66E,艾米丽,收货,上架
DrTE12FiBe,米色 品牌04 1200 抽屉柜（文件收纳）,抽屉柜,品牌04,1200,文件收纳,米色,8*1*1,8,DO97F,克里斯,收货,上架
CaQE90LoWh,白色 品牌01 900 文件柜（储物锁柜）,文件柜,品牌01,900,储物锁柜,白色,8*1*1,8,CU81D,亚历克斯,收货,上架
NoGrA5doSi,银色 品牌18 五号纸 笔记本（点阵）,笔记本,品牌18,五号纸,点阵,银色,48*10*5,2400,DI59A,迈克,收货,上架
OfAEMLePi,粉色 品牌05 中号 办公椅（皮革）,办公椅,品牌05,中号,皮革,粉色,16*1*1,16,BI06D,艾米丽,收货,上架
OfSELErWh,白色 品牌08 大号 办公椅（人体工学）,办公椅,品牌08,大号,人体工学,白色,16*1*1,16,CY38F,艾米丽,收货,上架
PrReA4LaWh,白色 品牌24 四号纸 打印机（激光）,打印机,品牌24,四号纸,激光,白色,16*1*1,16,CW15D,艾米丽,收货,上架
TVGn754KGr,灰色 品牌30 75英寸 电视机（超高清）,电视机,品牌30,75英寸,超高清,灰色,8*1*1,8,AF23H,大卫,收货,上架
GaAELErWh,白色 品牌05 大号 游戏椅（人体工学）,游戏椅,品牌05,大号,人体工学,白色,16*1*1,16,AG04A,劳拉,收货,上架
PeGi50HeWh,白色 品牌21 50 铅笔（六角形）,铅笔,品牌21,50,六角形,白色,48*10*5,2400,CQ32H,莎拉,收货,上架
AlYn1416Wh,白色 品牌15 14英寸 一体机（16吉字节内存）,一体机,品牌15,14英寸,16吉字节内存,白色,16*1*1,16,AF16A,亚历克斯,收货,上架
CuWE18SlBl,黑色 品牌02 1800 储物柜（滑动式）,储物柜,品牌02,1800,滑动式,黑色,8*1*1,8,BO69G,劳拉,收货,上架
DrQE90SlWh,白色 品牌01 900 抽屉柜（滑动式）,抽屉柜,品牌01,900,滑动式,白色,8*1*1,8,CW88B,艾米丽,收货,上架
AlRe1432Gr,灰色 品牌14 14英寸 一体机（32吉字节内存）,一体机,品牌14,14英寸,32吉字节内存,灰色,16*1*1,16,BH60F,迈克,收货,上架
TVYn654KWh,白色 品牌15 65英寸 电视机（超高清）,电视机,品牌15,65英寸,超高清,白色,8*1*1,8,AL89C,艾米,收货,上架
TVYn50S4Bl,黑色 品牌15 50英寸 电视机（超级超高清）,电视机,品牌15,50英寸,超级超高清,黑色,8*1*1,8,CN68C,约翰,收货,上架
CuRG90DoBl,黑色 品牌03 900 储物柜（带门式）,储物柜,品牌03,900,带门式,黑色,8*1*1,8,BT03E,亚历克斯,收货,上架
OfAELAdBl,黑色 品牌05 大号 办公椅（可调节）,办公椅,品牌05,大号,可调节,黑色,16*1*1,16,BV38A,亚历克斯,收货,上架
CuTE18DoWh,白色 品牌04 1800 储物柜（带门式）,储物柜,品牌04,1800,带门式,白色,8*1*1,8,BN66D,艾米,收货,上架
LaYn148GWh,白色 品牌15 14英寸 笔记本电脑（8吉字节内存）,笔记本电脑,品牌15,14英寸,8吉字节内存,白色,16*1*1,16,BR57F,约翰,收货,上架
AlPH14i5Gr,灰色 品牌12 14英寸 一体机（第5代处理器）,一体机,品牌12,14英寸,第5代处理器,灰色,16*1*1,16,AT68G,莎拉,收货,上架
AlOv17i7Wh,白色 品牌13 17英寸 一体机（第7代处理器）,一体机,品牌13,17英寸,第7代处理器,白色,16*1*1,16,AX56D,莎拉,收货,上架
LaOv1732Si,银色 品牌13 17英寸 笔记本电脑（32吉字节内存）,笔记本电脑,品牌13,17英寸,32吉字节内存,银色,16*1*1,16,CN22A,艾米丽,收货,上架
PeRe50HeGr,灰色 品牌22 50 铅笔（六角形）,铅笔,品牌22,50,六角形,灰色,48*10*5,2400,CN50A,约翰,收货,上架
CaQE12DoBl,黑色 品牌01 1200 文件柜（带门式）,文件柜,品牌01,1200,带门式,黑色,8*1*1,8,AO65A,迈克,收货,上架
OfOGMErPi,粉色 品牌07 中号 办公椅（人体工学）,办公椅,品牌07,中号,人体工学,粉色,16*1*1,16,CX12B,劳拉,收货,上架
PeNa50HeWh,白色 品牌23 50 铅笔（六角形）,铅笔,品牌23,50,六角形,白色,48*10*5,2400,DS49E,大卫,收货,上架
TVEs75SFGr,灰色 品牌32 75英寸 电视机（超级全高清）,电视机,品牌32,75英寸,超级全高清,灰色,8*1*1,8,CQ49B,大卫,收货,上架
TVEs50SFSi,银色 品牌32 50英寸 电视机（超级全高清）,电视机,品牌32,50英寸,超级全高清,银色,8*1*1,8,AQ67B,简,收货,上架
LaSu1516Gr,灰色 品牌11 15英寸 笔记本电脑（16吉字节内存）,笔记本电脑,品牌11,15英寸,16吉字节内存,灰色,16*1*1,16,AN31D,迈克,收货,上架
GaOGMErGr,灰色 品牌07 中号 游戏椅（人体工学）,游戏椅,品牌07,中号,人体工学,灰色,16*1*1,16,DM25E,约翰,收货,上架
OfOGLAdBl,黑色 品牌07 大号 办公椅（可调节）,办公椅,品牌07,大号,可调节,黑色,16*1*1,16,AY83G,大卫,收货,上架
PrPHA4InWh,白色 品牌12 四号纸 打印机（喷墨）,打印机,品牌12,四号纸,喷墨,白色,16*1*1,16,BJ55F,艾米丽,收货,上架
TaCI15WoSi,银色 品牌27 1500 桌子（工作站）,桌子,品牌27,1500,工作站,银色,8*1*1,8,AH70G,艾米,收货,上架
KeHc35WiBl,黑色 品牌09 350 键盘（有线）,键盘,品牌09,350,有线,黑色,16*10*1,160,DN09E,艾米,收货,上架
CaRG12SlWh,白色 品牌03 1200 文件柜（滑动式）,文件柜,品牌03,1200,滑动式,白色,8*1*1,8,DI29E,艾米,收货,上架
CuWE90LoBl,黑色 品牌02 900 储物柜（储物锁柜）,储物柜,品牌02,900,储物锁柜,黑色,8*1*1,8,DV78H,艾米丽,收货,上架
MoHc45MeWh,白色 品牌09 450 鼠标（机械式）,鼠标,品牌09,450,机械式,白色,16*10*1,160,CP37F,克里斯,收货,上架
OfXELLeBl,黑色 品牌06 大号 办公椅（皮革）,办公椅,品牌06,大号,皮革,黑色,16*1*1,16,CZ37A,亚历克斯,收货,上架
KeSu35WiWh,白色 品牌11 350 键盘（有线）,键盘,品牌11,350,有线,白色,16*10*1,160,BU98C,亚历克斯,收货,上架
MoRe27BlWh,白色 品牌10 270 鼠标（蓝牙）,鼠标,品牌10,270,蓝牙,白色,16*10*1,160,CZ29D,莎拉,收货,上架
NoMuA3liSi,银色 品牌19 三号纸 笔记本（线条）,笔记本,品牌19,三号纸,线条,银色,48*10*5,2400,CV02F,约翰,收货,上架
KePH35MeBl,黑色 品牌12 350 键盘（机械式）,键盘,品牌12,350,机械式,黑色,16*10*1,160,BZ80G,艾米丽,收货,上架
PrReA4MoBl,黑色 品牌24 四号纸 打印机（黑白）,打印机,品牌24,四号纸,黑白,黑色,16*1*1,16,BQ49G,艾米丽,收货,上架
DrQE90LoWh,白色 品牌01 900 抽屉柜（储物锁柜）,抽屉柜,品牌01,900,储物锁柜,白色,8*1*1,8,BI02H,亚历克斯,收货,上架
CaWE12SlBe,米色 品牌02 1200 文件柜（滑动式）,文件柜,品牌02,1200,滑动式,米色,8*1*1,8,CK83E,劳拉,收货,上架
LaYn1432Wh,白色 品牌15 14英寸 笔记本电脑（32吉字节内存）,笔记本电脑,品牌15,14英寸,32吉字节内存,白色,16*1*1,16,CF16F,克里斯,收货,上架
SPAl24HeGr,灰色 品牌20 24 触控笔（六角形）,触控笔,品牌20,24,六角形,灰色,48*10*5,2400,DS27G,简,收货,上架
GaAELHeWh,白色 品牌05 大号 游戏椅（头枕）,游戏椅,品牌05,大号,头枕,白色,16*1*1,16,CF28D,亚历克斯,收货,上架
SPGi24HeWh,白色 品牌21 24 触控笔（六角形）,触控笔,品牌21,24,六角形,白色,48*10*5,2400,DG24A,劳拉,收货,上架
TaTR18AuGr,灰色 品牌28 1800 桌子（自动调节）,桌子,品牌28,1800,自动调节,灰色,8*1*1,8,BR97B,约翰,收货,上架
DrRG12DoBl,黑色 品牌03 1200 抽屉柜（带门式）,抽屉柜,品牌03,1200,带门式,黑色,8*1*1,8,AS21F,亚历克斯,收货,上架
PeRe50HeGr,灰色 品牌22 50 铅笔（六角形）,铅笔,品牌22,50,六角形,灰色,48*10*5,2400,CI54G,约翰,收货,上架
TVYn65SFSi,银色 品牌15 65英寸 电视机（超级全高清）,电视机,品牌15,65英寸,超级全高清,银色,8*1*1,8,AO86E,劳拉,收货,上架
DrQE90SlBl,黑色 品牌01 900 抽屉柜（滑动式）,抽屉柜,品牌01,900,滑动式,黑色,8*1*1,8,DG05F,莎拉,收货,上架
TVYn42FHWh,白色 品牌15 42英寸 电视机（全高清）,电视机,品牌15,42英寸,全高清,白色,8*1*1,8,DV91C,莎拉,收货,上架
CuRG12DoGr,灰色 品牌03 1200 储物柜（带门式）,储物柜,品牌03,1200,带门式,灰色,8*1*1,8,DM83D,莎拉,收货,上架
LaRe14i7Wh,白色 品牌14 14英寸 笔记本电脑（第7代处理器）,笔记本电脑,品牌14,14英寸,第7代处理器,白色,16*1*1,16,DZ54G,克里斯,收货,上架
LaYn15i5Wh,白色 品牌15 15英寸 笔记本电脑（第5代处理器）,笔记本电脑,品牌15,15英寸,第5代处理器,白色,16*1*1,16,CY74A,艾米,收货,上架
CuQE90DoBl,黑色 品牌01 900 储物柜（带门式）,储物柜,品牌01,900,带门式,黑色,8*1*1,8,CH33D,莎拉,收货,上架
TVEs42S4Wh,白色 品牌32 42英寸 电视机（超级超高清）,电视机,品牌32,42英寸,超级超高清,白色,8*1*1,8,AP53F,亚历克斯,收货,上架
LaOv1532Si,银色 品牌13 15英寸 笔记本电脑（32吉字节内存）,笔记本电脑,品牌13,15英寸,32吉字节内存,银色,16*1*1,16,AJ24C,亚历克斯,收货,上架
LaPH14i5Si,银色 品牌12 14英寸 笔记本电脑（第5代处理器）,笔记本电脑,品牌12,14英寸,第5代处理器,银色,16*1*1,16,DT37H,艾米丽,收货,上架
KeSu35MeWh,白色 品牌11 350 键盘（机械式）,键盘,品牌11,350,机械式,白色,16*10*1,160,DH56H,亚历克斯,收货,上架
TVYn324KSi,银色 品牌15 32英寸 电视机（超高清）,电视机,品牌15,32英寸,超高清,银色,8*1*1,8,CH44F,迈克,收货,上架
SPGi24WaPi,粉色 品牌21 24 触控笔（水彩）,触控笔,品牌21,24,水彩,粉色,48*10*5,2400,AG42A,简,收货,上架
CaWE90SlBl,黑色 品牌02 900 文件柜（滑动式）,文件柜,品牌02,900,滑动式,黑色,8*1*1,8,DU93A,克里斯,收货,上架
GaXELErPi,粉色 品牌06 大号 游戏椅（人体工学）,游戏椅,品牌06,大号,人体工学,粉色,16*1*1,16,BL04A,大卫,收货,上架
NoGrA4ruBl,黑色 品牌18 四号纸 笔记本（横线）,笔记本,品牌18,四号纸,横线,黑色,48*10*5,2400,BJ09C,克里斯,收货,上架
KePH35ErPi,粉色 品牌12 350 键盘（人体工学）,键盘,品牌12,350,人体工学,粉色,16*10*1,160,CG88B,劳拉,收货,上架
CuRG18SlBe,米色 品牌03 1800 储物柜（滑动式）,储物柜,品牌03,1800,滑动式,米色,8*1*1,8,DU70E,克里斯,收货,上架
OfXEMAdGr,灰色 品牌06 中号 办公椅（可调节）,办公椅,品牌06,中号,可调节,灰色,16*1*1,16,BQ12B,艾米,收货,上架
GaSELLeGr,灰色 品牌08 大号 游戏椅（皮革）,游戏椅,品牌08,大号,皮革,灰色,16*1*1,16,BG77B,迈克,收货,上架
NoMuA5ruBl,黑色 品牌19 五号纸 笔记本（横线）,笔记本,品牌19,五号纸,横线,黑色,48*10*5,2400,AK69A,克里斯,收货,上架
PrReA2InWh,白色 品牌24 二号纸 打印机（喷墨）,打印机,品牌24,二号纸,喷墨,白色,16*1*1,16,BI05E,艾米,收货,上架
TaAE18FrGr,灰色 品牌05 1800 桌子（框架式）,桌子,品牌05,1800,框架式,灰色,8*1*1,8,DK83D,克里斯,收货,上架
CuWE12LoWh,白色 品牌02 1200 储物柜（储物锁柜）,储物柜,品牌02,1200,储物锁柜,白色,8*1*1,8,BV51G,莎拉,收货,上架
AlSu1532Si,银色 品牌11 15英寸 一体机（32吉字节内存）,一体机,品牌11,15英寸,32吉字节内存,银色,16*1*1,16,DM80C,简,收货,上架
TVYn65SFWh,白色 品牌15 65英寸 电视机（超级全高清）,电视机,品牌15,65英寸,超级全高清,白色,8*1*1,8,DK01H,艾米丽,收货,上架
SPRe12HeWh,白色 品牌22 12 触控笔（六角形）,触控笔,品牌22,12,六角形,白色,48*10*5,2400,AI15B,大卫,收货,上架
KeHc27MePi,粉色 品牌09 270 键盘（机械式）,键盘,品牌09,270,机械式,粉色,16*10*1,160,BL77C,约翰,收货,上架
OfAELAdBl,黑色 品牌05 大号 办公椅（可调节）,办公椅,品牌05,大号,可调节,黑色,16*1*1,16,BQ06A,亚历克斯,收货,上架
TVYn32SFWh,白色 品牌15 32英寸 电视机（超级全高清）,电视机,品牌15,32英寸,超级全高清,白色,8*1*1,8,BM54D,大卫,收货,上架
TVGL32S4Bl,黑色 品牌31 32英寸 电视机（超级超高清）,电视机,品牌31,32英寸,超级超高清,黑色,8*1*1,8,DP27F,劳拉,收货,上架
OfSESLePi,粉色 品牌08 小号 办公椅（皮革）,办公椅,品牌08,小号,皮革,粉色,16*1*1,16,AW19B,劳拉,收货,上架
PrReA2LaMi,混合色 品牌24 二号纸 打印机（激光）,打印机,品牌24,二号纸,激光,混合色,16*1*1,16,BZ11F,莎拉,收货,上架
KePH27BlNa,藏青色 品牌12 270 键盘（蓝牙）,键盘,品牌12,270,蓝牙,藏青色,16*10*1,160,BM69G,劳拉,收货,上架
AlYn17i7Gr,灰色 品牌15 17英寸 一体机（第7代处理器）,一体机,品牌15,17英寸,第7代处理器,灰色,16*1*1,16,CN70C,艾米,收货,上架
TaAE15AdSi,银色 品牌05 1500 桌子（可调节）,桌子,品牌05,1500,可调节,银色,8*1*1,8,CZ92A,约翰,收货,上架
CaWE90FiBl,黑色 品牌02 900 文件柜（文件收纳）,文件柜,品牌02,900,文件收纳,黑色,8*1*1,8,CX88C,迈克,收货,上架
MoSu45ErNa,藏青色 品牌11 450 鼠标（人体工学）,鼠标,品牌11,450,人体工学,藏青色,16*10*1,160,BQ33C,克里斯,收货,上架
DrWE90SlBe,米色 品牌02 900 抽屉柜（滑动式）,抽屉柜,品牌02,900,滑动式,米色,8*1*1,8,BT88B,约翰,收货,上架
LaRe158GSi,银色 品牌14 15英寸 笔记本电脑（8吉字节内存）,笔记本电脑,品牌14,15英寸,8吉字节内存,银色,16*1*1,16,AO05D,亚历克斯,收货,上架
CuTE12DoBe,米色 品牌04 1200 储物柜（带门式）,储物柜,品牌04,1200,带门式,米色,8*1*1,8,AX66E,约翰,收货,上架
MoSu35MeNa,藏青色 品牌11 350 鼠标（机械式）,鼠标,品牌11,350,机械式,藏青色,16*10*1,160,DT34H,克里斯,收货,上架
PrReA2InWh,白色 品牌24 二号纸 打印机（喷墨）,打印机,品牌24,二号纸,喷墨,白色,16*1*1,16,CQ03A,约翰,收货,上架
AlYn14i5Wh,白色 品牌15 14英寸 一体机（第5代处理器）,一体机,品牌15,14英寸,第5代处理器,白色,16*1*1,16,CU27A,艾米,收货,上架
CuTE12FiBe,米色 品牌04 1200 储物柜（文件收纳）,储物柜,品牌04,1200,文件收纳,米色,8*1*1,8,CU65G,劳拉,收货,上架
AlRe14i5Wh,白色 品牌14 14英寸 一体机（第5代处理器）,一体机,品牌14,14英寸,第5代处理器,白色,16*1*1,16,AM60F,艾米,收货,上架
LaOv1416Bl,黑色 品牌13 14英寸 笔记本电脑（16吉字节内存）,笔记本电脑,品牌13,14英寸,16吉字节内存,黑色,16*1*1,16,DR73F,克里斯,收货,上架
CuQE18DoGr,灰色 品牌01 1800 储物柜（带门式）,储物柜,品牌01,1800,带门式,灰色,8*1*1,8,CG16B,克里斯,收货,上架
PrSoA4InBl,黑色 品牌25 四号纸 打印机（喷墨）,打印机,品牌25,四号纸,喷墨,黑色,16*1*1,16,DT44D,亚历克斯,收货,上架
PrReA3AlWh,白色 品牌24 三号纸 打印机（一体式）,打印机,品牌24,三号纸,一体式,白色,16*1*1,16,BY15D,莎拉,收货,上架
OfSELHeWh,白色 品牌08 大号 办公椅（头枕）,办公椅,品牌08,大号,头枕,白色,16*1*1,16,DS44H,劳拉,收货,上架
LaRe1532Wh,白色 品牌14 15英寸 笔记本电脑（32吉字节内存）,笔记本电脑,品牌14,15英寸,32吉字节内存,白色,16*1*1,16,AY23G,劳拉,收货,上架
PrSoA3AlBl,黑色 品牌25 三号纸 打印机（一体式）,打印机,品牌25,三号纸,一体式,黑色,16*1*1,16,CL67B,约翰,收货,上架
LaYn1516Wh,白色 品牌15 15英寸 笔记本电脑（16吉字节内存）,笔记本电脑,品牌15,15英寸,16吉字节内存,白色,16*1*1,16,CN52C,莎拉,收货,上架
AlPH158GBl,黑色 品牌12 15英寸 一体机（8吉字节内存）,一体机,品牌12,15英寸,8吉字节内存,黑色,16*1*1,16,CX62A,艾米丽,收货,上架
TVYn75S4Gr,灰色 品牌15 75英寸 电视机（超级超高清）,电视机,品牌15,75英寸,超级超高清,灰色,8*1*1,8,BP48E,大卫,收货,上架
KeHc35ErPi,粉色 品牌09 350 键盘（人体工学）,键盘,品牌09,350,人体工学,粉色,16*10*1,160,AJ67B,艾米,收货,上架
DrWE90LoGr,灰色 品牌02 900 抽屉柜（储物锁柜）,抽屉柜,品牌02,900,储物锁柜,灰色,8*1*1,8,BZ81E,简,收货,上架
TVEs754KWh,白色 品牌32 75英寸 电视机（超高清）,电视机,品牌32,75英寸,超高清,白色,8*1*1,8,CJ62D,莎拉,收货,上架
DrTE12LoGr,灰色 品牌04 1200 抽屉柜（储物锁柜）,抽屉柜,品牌04,1200,储物锁柜,灰色,8*1*1,8,BM53E,劳拉,收货,上架
AlYn1532Wh,白色 品牌15 15英寸 一体机（32吉字节内存）,一体机,品牌15,15英寸,32吉字节内存,白色,16*1*1,16,CJ46F,大卫,收货,上架
TaTR18AuWh,白色 品牌29 1800 桌子（自动调节）,桌子,品牌29,1800,自动调节,白色,8*1*1,8,BW28A,劳拉,收货,上架
TVYn42SFBl,黑色 品牌15 42英寸 电视机（超级全高清）,电视机,品牌15,42英寸,超级全高清,黑色,8*1*1,8,CQ15G,亚历克斯,收货,上架
LaYn17i7Bl,黑色 品牌15 17英寸 笔记本电脑（第7代处理器）,笔记本电脑,品牌15,17英寸,第7代处理器,黑色,16*1*1,16,CU78F,莎拉,收货,上架
AlYn14i5Gr,灰色 品牌15 14英寸 一体机（第5代处理器）,一体机,品牌15,14英寸,第5代处理器,灰色,16*1*1,16,AI88F,大卫,收货,上架
MoHc35WiWh,白色 品牌09 350 鼠标（有线）,鼠标,品牌09,350,有线,白色,16*10*1,160,DJ34B,艾米丽,收货,上架
DrRG12FiWh,白色 品牌03 1200 抽屉柜（文件收纳）,抽屉柜,品牌03,1200,文件收纳,白色,8*1*1,8,DM32C,劳拉,收货,上架
SPGi24WaGr,灰色 品牌21 24 触控笔（水彩）,触控笔,品牌21,24,水彩,灰色,48*10*5,2400,CS03C,大卫,收货,上架
KeHc27ErWh,白色 品牌09 270 键盘（人体工学）,键盘,品牌09,270,人体工学,白色,16*10*1,160,DV44C,迈克,收货,上架
PrSoA2AlWh,白色 品牌25 二号纸 打印机（一体式）,打印机,品牌25,二号纸,一体式,白色,16*1*1,16,BY97E,劳拉,收货,上架
GaOGMHeWh,白色 品牌07 中号 游戏椅（头枕）,游戏椅,品牌07,中号,头枕,白色,16*1*1,16,BV75H,艾米丽,收货,上架
KePH45WiWh,白色 品牌12 450 键盘（有线）,键盘,品牌12,450,有线,白色,16*10*1,160,BP36C,克里斯,收货,上架
LaPH158GWh,白色 品牌12 15英寸 笔记本电脑（8吉字节内存）,笔记本电脑,品牌12,15英寸,8吉字节内存,白色,16*1*1,16,DW61C,约翰,收货,上架
KePH27WiPi,粉色 品牌12 270 键盘（有线）,键盘,品牌12,270,有线,粉色,16*10*1,160,CF91D,艾米丽,收货,上架
LaYn15i5Wh,白色 品牌15 15英寸 笔记本电脑（第5代处理器）,笔记本电脑,品牌15,15英寸,第5代处理器,白色,16*1*1,16,CG37B,莎拉,收货,上架
LaSu15i7Si,银色 品牌11 15英寸 笔记本电脑（第7代处理器）,笔记本电脑,品牌11,15英寸,第7代处理器,银色,16*1*1,16,DN52D,亚历克斯,收货,上架
TVGL424KSi,银色 品牌31 42英寸 电视机（超高清）,电视机,品牌31,42英寸,超高清,银色,8*1*1,8,BN79G,克里斯,收货,上架
DrTE18DoBl,黑色 品牌04 1800 抽屉柜（带门式）,抽屉柜,品牌04,1800,带门式,黑色,8*1*1,8,DT68F,艾米丽,收货,上架
OfSESLeGr,灰色 品牌08 小号 办公椅（皮革）,办公椅,品牌08,小号,皮革,灰色,16*1*1,16,DJ98H,克里斯,收货,上架
LaYn1432Si,银色 品牌15 14英寸 笔记本电脑（32吉字节内存）,笔记本电脑,品牌15,14英寸,32吉字节内存,银色,16*1*1,16,BP54G,大卫,收货,上架
LaRe1432Bl,黑色 品牌14 14英寸 笔记本电脑（32吉字节内存）,笔记本电脑,品牌14,14英寸,32吉字节内存,黑色,16*1*1,16,CW68H,亚历克斯,收货,上架
GaOGLLeBl,黑色 品牌07 大号 游戏椅（皮革）,游戏椅,品牌07,大号,皮革,黑色,16*1*1,16,DP24E,克里斯,收货,上架
DrRG90SlBe,米色 品牌03 900 抽屉柜（滑动式）,抽屉柜,品牌03,900,滑动式,米色,8*1*1,8,DI27E,劳拉,收货,上架
PeRe12HeBl,黑色 品牌22 12 铅笔（六角形）,铅笔,品牌22,12,六角形,黑色,48*10*5,2400,CG51D,克里斯,收货,上架
LaRe178GBl,黑色 品牌14 17英寸 笔记本电脑（8吉字节内存）,笔记本电脑,品牌14,17英寸,8吉字节内存,黑色,16*1*1,16,DH64D,艾米,收货,上架
OfSELAdGr,灰色 品牌08 大号 办公椅（可调节）,办公椅,品牌08,大号,可调节,灰色,16*1*1,16,DI75H,艾米丽,收货,上架
CaQE12DoBl,黑色 品牌01 1200 文件柜（带门式）,文件柜,品牌01,1200,带门式,黑色,8*1*1,8,CF50F,简,收货,上架
PrPHA4InGr,灰色 品牌12 四号纸 打印机（喷墨）,打印机,品牌12,四号纸,喷墨,灰色,16*1*1,16,AW16B,艾米丽,收货,上架
AlPH158GWh,白色 品牌12 15英寸 一体机（8吉字节内存）,一体机,品牌12,15英寸,8吉字节内存,白色,16*1*1,16,BT49E,莎拉,收货,上架
TaAE10FrBl,黑色 品牌05 1000 桌子（框架式）,桌子,品牌05,1000,框架式,黑色,8*1*1,8,DG17E,迈克,收货,上架
OfOGMErPi,粉色 品牌07 中号 办公椅（人体工学）,办公椅,品牌07,中号,人体工学,粉色,16*1*1,16,AP90A,约翰,收货,上架
NoExA4liWh,白色 品牌16 四号纸 笔记本（线条）,笔记本,品牌16,四号纸,线条,白色,48*10*5,2400,CO61B,迈克,收货,上架
PrSoA3WiMi,混合色 品牌25 三号纸 打印机（无线网络）,打印机,品牌25,三号纸,无线网络,混合色,16*1*1,16,BZ52D,劳拉,收货,上架
KeSu27BlWh,白色 品牌11 270 键盘（蓝牙）,键盘,品牌11,270,蓝牙,白色,16*10*1,160,AX92E,简,收货,上架
AlPH1416Si,银色 品牌12 14英寸 一体机（16吉字节内存）,一体机,品牌12,14英寸,16吉字节内存,银色,16*1*1,16,DN08C,亚历克斯,收货,上架
KePH35BlPi,粉色 品牌12 350 键盘（蓝牙）,键盘,品牌12,350,蓝牙,粉色,16*10*1,160,AZ33B,迈克,收货,上架
CaTE18LoWh,白色 品牌04 1800 文件柜（储物锁柜）,文件柜,品牌04,1800,储物锁柜,白色,8*1*1,8,AV66H,大卫,收货,上架
MoRe45WiBl,黑色 品牌10 450 鼠标（有线）,鼠标,品牌10,450,有线,黑色,16*10*1,160,CI97D,约翰,收货,上架
TaAE15AuSi,银色 品牌05 1500 桌子（自动调节）,桌子,品牌05,1500,自动调节,银色,8*1*1,8,AG39F,艾米,收货,上架
TVGn324KGr,灰色 品牌30 32英寸 电视机（超高清）,电视机,品牌30,32英寸,超高清,灰色,8*1*1,8,DM41E,大卫,收货,上架
PrNoA4LaWh,白色 品牌26 四号纸 打印机（激光）,打印机,品牌26,四号纸,激光,白色,16*1*1,16,CW40E,迈克,收货,上架
GaSEMHeGr,灰色 品牌08 中号 游戏椅（头枕）,游戏椅,品牌08,中号,头枕,灰色,16*1*1,16,CJ82E,莎拉,收货,上架
LaPH148GWh,白色 品牌12 14英寸 笔记本电脑（8吉字节内存）,笔记本电脑,品牌12,14英寸,8吉字节内存,白色,16*1*1,16,DX95B,简,收货,上架
DrTE12FiWh,白色 品牌04 1200 抽屉柜（文件收纳）,抽屉柜,品牌04,1200,文件收纳,白色,8*1*1,8,DR22B,迈克,收货,上架
KeHc45WiPi,粉色 品牌09 450 键盘（有线）,键盘,品牌09,450,有线,粉色,16*10*1,160,BS30A,约翰,收货,上架
PrPHA4LaGr,灰色 品牌12 四号纸 打印机（激光）,打印机,品牌12,四号纸,激光,灰色,16*1*1,16,AG20D,亚历克斯,收货,上架
PrSoA4InBl,黑色 品牌25 四号纸 打印机（喷墨）,打印机,品牌25,四号纸,喷墨,黑色,16*1*1,16,CT98G,简,收货,上架
GaOGSAdWh,白色 品牌07 小号 游戏椅（可调节）,游戏椅,品牌07,小号,可调节,白色,16*1*1,16,BO05A,亚历克斯,收货,上架
CaWE18DoBe,米色 品牌02 1800 文件柜（带门式）,文件柜,品牌02,1800,带门式,米色,8*1*1,8,DK53C,艾米丽,收货,上架
PrReA4InWh,白色 品牌24 四号纸 打印机（喷墨）,打印机,品牌24,四号纸,喷墨,白色,16*1*1,16,BQ94B,艾米丽,收货,上架
TVYn42S4Gr,灰色 品牌15 42英寸 电视机（超级超高清）,电视机,品牌15,42英寸,超级超高清,灰色,8*1*1,8,AN33B,迈克,收货,上架
LaOv178GBl,黑色 品牌13 17英寸 笔记本电脑（8吉字节内存）,笔记本电脑,品牌13,17英寸,8吉字节内存,黑色,16*1*1,16,DS46F,大卫,收货,上架
LaRe1732Wh,白色 品牌14 17英寸 笔记本电脑（32吉字节内存）,笔记本电脑,品牌14,17英寸,32吉字节内存,白色,16*1*1,16,BP30A,大卫,收货,上架
AlRe158GWh,白色 品牌14 15英寸 一体机（8吉字节内存）,一体机,品牌14,15英寸,8吉字节内存,白色,16*1*1,16,DH29A,莎拉,收货,上架
PeAl50HeWh,白色 品牌20 50 铅笔（六角形）,铅笔,品牌20,50,六角形,白色,48*10*5,2400,DN27E,约翰,收货,上架
TVGL42SFGr,灰色 品牌31 42英寸 电视机（超级全高清）,电视机,品牌31,42英寸,超级全高清,灰色,8*1*1,8,BG11F,约翰,收货,上架
GaSESHeGr,灰色 品牌08 小号 游戏椅（头枕）,游戏椅,品牌08,小号,头枕,灰色,16*1*1,16,AK42G,劳拉,收货,上架
PrPHA4InWh,白色 品牌12 四号纸 打印机（喷墨）,打印机,品牌12,四号纸,喷墨,白色,16*1*1,16,CW69C,劳拉,收货,上架
CuWE12FiGr,灰色 品牌02 1200 储物柜（文件收纳）,储物柜,品牌02,1200,文件收纳,灰色,8*1*1,8,AU17G,艾米,收货,上架
PrReA2WiWh,白色 品牌24 二号纸 打印机（无线网络）,打印机,品牌24,二号纸,无线网络,白色,16*1*1,16,BJ12C,艾米丽,收货,上架
TVEs424KWh,白色 品牌32 42英寸 电视机（超高清）,电视机,品牌32,42英寸,超高清,白色,8*1*1,8,BZ71A,迈克,收货,上架
NoScA4liGr,灰色 品牌17 四号纸 笔记本（线条）,笔记本,品牌17,四号纸,线条,灰色,48*10*5,2400,CQ04G,劳拉,收货,上架
GaAEMErBl,黑色 品牌05 中号 游戏椅（人体工学）,游戏椅,品牌05,中号,人体工学,黑色,16*1*1,16,DY55C,大卫,收货,上架
LaRe1716Si,银色 品牌14 17英寸 笔记本电脑（16吉字节内存）,笔记本电脑,品牌14,17英寸,16吉字节内存,银色,16*1*1,16,BL30D,亚历克斯,收货,上架
SPGi12HeBl,黑色 品牌21 12 触控笔（六角形）,触控笔,品牌21,12,六角形,黑色,48*10*5,2400,CY79F,亚历克斯,收货,上架
TVGL50S4Si,银色 品牌31 50英寸 电视机（超级超高清）,电视机,品牌31,50英寸,超级超高清,银色,8*1*1,8,DJ94D,劳拉,收货,上架
TVYn50FHWh,白色 品牌15 50英寸 电视机（全高清）,电视机,品牌15,50英寸,全高清,白色,8*1*1,8,BG93B,亚历克斯,收货,上架
AlPH15i7Wh,白色 品牌12 15英寸 一体机（第7代处理器）,一体机,品牌12,15英寸,第7代处理器,白色,16*1*1,16,CF94B,莎拉,收货,上架
AlOv1416Wh,白色 品牌13 14英寸 一体机（16吉字节内存）,一体机,品牌13,14英寸,16吉字节内存,白色,16*1*1,16,AY14D,艾米,收货,上架
CuQE18FiWh,白色 品牌01 1800 储物柜（文件收纳）,储物柜,品牌01,1800,文件收纳,白色,8*1*1,8,DN52B,大卫,收货,上架
CaQE12DoGr,灰色 品牌01 1200 文件柜（带门式）,文件柜,品牌01,1200,带门式,灰色,8*1*1,8,BG34G,亚历克斯,收货,上架
CaRG90FiWh,白色 品牌03 900 文件柜（文件收纳）,文件柜,品牌03,900,文件收纳,白色,8*1*1,8,DS55E,莎拉,收货,上架
CaTE12FiGr,灰色 品牌04 1200 文件柜（文件收纳）,文件柜,品牌04,1200,文件收纳,灰色,8*1*1,8,DT31A,迈克,收货,上架
TVGL50S4Gr,灰色 品牌31 50英寸 电视机（超级超高清）,电视机,品牌31,50英寸,超级超高清,灰色,8*1*1,8,DV06C,艾米丽,收货,上架
SPNa24WaPi,粉色 品牌23 24 触控笔（水彩）,触控笔,品牌23,24,水彩,粉色,48*10*5,2400,CG66F,艾米,收货,上架
PeRe24WaGr,灰色 品牌22 24 铅笔（水彩）,铅笔,品牌22,24,水彩,灰色,48*10*5,2400,BR87E,劳拉,收货,上架
OfOGMAdWh,白色 品牌07 中号 办公椅（可调节）,办公椅,品牌07,中号,可调节,白色,16*1*1,16,AL56H,艾米丽,收货,上架
TVEs65FHGr,灰色 品牌32 65英寸 电视机（全高清）,电视机,品牌32,65英寸,全高清,灰色,8*1*1,8,CH23H,亚历克斯,收货,上架
AlYn1432Si,银色 品牌15 14英寸 一体机（32吉字节内存）,一体机,品牌15,14英寸,32吉字节内存,银色,16*1*1,16,DW03H,莎拉,收货,上架
NoMuA3liGr,灰色 品牌19 三号纸 笔记本（线条）,笔记本,品牌19,三号纸,线条,灰色,48*10*5,2400,AO62F,简,收货,上架
AlOv178GSi,银色 品牌13 17英寸 一体机（8吉字节内存）,一体机,品牌13,17英寸,8吉字节内存,银色,16*1*1,16,AT20F,简,收货,上架
TVEs75SFBl,黑色 品牌32 75英寸 电视机（超级全高清）,电视机,品牌32,75英寸,超级全高清,黑色,8*1*1,8,DG60G,莎拉,收货,上架
GaOGLHeWh,白色 品牌07 大号 游戏椅（头枕）,游戏椅,品牌07,大号,头枕,白色,16*1*1,16,CY48B,艾米丽,收货,上架
KePH27ErPi,粉色 品牌12 270 键盘（人体工学）,键盘,品牌12,270,人体工学,粉色,16*10*1,160,AG11D,亚历克斯,收货,上架
AlOv1432Wh,白色 品牌13 14英寸 一体机（32吉字节内存）,一体机,品牌13,14英寸,32吉字节内存,白色,16*1*1,16,DF36B,克里斯,收货,上架
SPAl50HeBl,黑色 品牌20 50 触控笔（六角形）,触控笔,品牌20,50,六角形,黑色,48*10*5,2400,BJ19B,莎拉,收货,上架
SPNa50WaGr,灰色 品牌23 50 触控笔（水彩）,触控笔,品牌23,50,水彩,灰色,48*10*5,2400,BZ89B,约翰,收货,上架
DrTE90LoWh,白色 品牌04 900 抽屉柜（储物锁柜）,抽屉柜,品牌04,900,储物锁柜,白色,8*1*1,8,AI80G,亚历克斯,收货,上架
OfXESErBl,黑色 品牌06 小号 办公椅（人体工学）,办公椅,品牌06,小号,人体工学,黑色,16*1*1,16,DW79C,大卫,收货,上架
AlYn1432Bl,黑色 品牌15 14英寸 一体机（32吉字节内存）,一体机,品牌15,14英寸,32吉字节内存,黑色,16*1*1,16,DF09F,艾米丽,收货,上架
LaPH1432Gr,灰色 品牌12 14英寸 笔记本电脑（32吉字节内存）,笔记本电脑,品牌12,14英寸,32吉字节内存,灰色,16*1*1,16,DJ09E,约翰,收货,上架
TVYn75FHWh,白色 品牌15 75英寸 电视机（全高清）,电视机,品牌15,75英寸,全高清,白色,8*1*1,8,CS32B,亚历克斯,收货,上架
SPNa50WaWh,白色 品牌23 50 触控笔（水彩）,触控笔,品牌23,50,水彩,白色,48*10*5,2400,BN36A,劳拉,收货,上架
GaOGMAdWh,白色 品牌07 中号 游戏椅（可调节）,游戏椅,品牌07,中号,可调节,白色,16*1*1,16,AJ44F,劳拉,收货,上架
AlYn1732Si,银色 品牌15 17英寸 一体机（32吉字节内存）,一体机,品牌15,17英寸,32吉字节内存,银色,16*1*1,16,CV41B,劳拉,收货,上架
MoHc27BlPi,粉色 品牌09 270 鼠标（蓝牙）,鼠标,品牌09,270,蓝牙,粉色,16*10*1,160,DO19H,莎拉,收货,上架
LaRe1532Gr,灰色 品牌14 15英寸 笔记本电脑（32吉字节内存）,笔记本电脑,品牌14,15英寸,32吉字节内存,灰色,16*1*1,16,CH29F,劳拉,收货,上架
CuTE18SlBe,米色 品牌04 1800 储物柜（滑动式）,储物柜,品牌04,1800,滑动式,米色,8*1*1,8,BN85E,莎拉,收货,上架
LaPH15i5Wh,白色 品牌12 15英寸 笔记本电脑（第5代处理器）,笔记本电脑,品牌12,15英寸,第5代处理器,白色,16*1*1,16,CT27E,大卫,收货,上架
OfAEMAdPi,粉色 品牌05 中号 办公椅（可调节）,办公椅,品牌05,中号,可调节,粉色,16*1*1,16,CP62D,简,收货,上架
AlSu14i5Si,银色 品牌11 14英寸 一体机（第5代处理器）,一体机,品牌11,14英寸,第5代处理器,银色,16*1*1,16,AR08E,约翰,收货,上架
GaXESLeGr,灰色 品牌06 小号 游戏椅（皮革）,游戏椅,品牌06,小号,皮革,灰色,16*1*1,16,DO15C,克里斯,收货,上架
TVYn50SFBl,黑色 品牌15 50英寸 电视机（超级全高清）,电视机,品牌15,50英寸,超级全高清,黑色,8*1*1,8,BU76A,约翰,收货,上架
CuWE18SlBl,黑色 品牌02 1800 储物柜（滑动式）,储物柜,品牌02,1800,滑动式,黑色,8*1*1,8,CX31G,迈克,收货,上架
TVEs654KGr,灰色 品牌32 65英寸 电视机（超高清）,电视机,品牌32,65英寸,超高清,灰色,8*1*1,8,AI26B,约翰,收货,上架
MoRe45WiWh,白色 品牌10 450 鼠标（有线）,鼠标,品牌10,450,有线,白色,16*10*1,160,CZ35F,亚历克斯,收货,上架
TaCI18AuBl,黑色 品牌27 1800 桌子（自动调节）,桌子,品牌27,1800,自动调节,黑色,8*1*1,8,CL93A,艾米丽,收货,上架
DrWE18FiBl,黑色 品牌02 1800 抽屉柜（文件收纳）,抽屉柜,品牌02,1800,文件收纳,黑色,8*1*1,8,DJ50C,迈克,收货,上架
LaYn178GWh,白色 品牌15 17英寸 笔记本电脑（8吉字节内存）,笔记本电脑,品牌15,17英寸,8吉字节内存,白色,16*1*1,16,BV17B,莎拉,收货,上架
KePH35MeWh,白色 品牌12 350 键盘（机械式）,键盘,品牌12,350,机械式,白色,16*10*1,160,DU53E,劳拉,收货,上架
PrSoA4InWh,白色 品牌25 四号纸 打印机（喷墨）,打印机,品牌25,四号纸,喷墨,白色,16*1*1,16,BM37E,艾米丽,收货,上架
TaCI15WoSi,银色 品牌27 1500 桌子（工作站）,桌子,品牌27,1500,工作站,银色,8*1*1,8,CR33D,约翰,收货,上架
PrReA3MoMi,混合色 品牌24 三号纸 打印机（黑白）,打印机,品牌24,三号纸,黑白,混合色,16*1*1,16,AF31B,艾米丽,收货,上架
KeHc27WiWh,白色 品牌09 270 键盘（有线）,键盘,品牌09,270,有线,白色,16*10*1,160,BT61D,艾米,收货,上架
PrSoA3AlBl,黑色 品牌25 三号纸 打印机（一体式）,打印机,品牌25,三号纸,一体式,黑色,16*1*1,16,BG48H,艾米,收货,上架
PrNoA3InWh,白色 品牌26 三号纸 打印机（喷墨）,打印机,品牌26,三号纸,喷墨,白色,16*1*1,16,CI85A,劳拉,收货,上架
TVEs654KWh,白色 品牌32 65英寸 电视机（超高清）,电视机,品牌32,65英寸,超高清,白色,8*1*1,8,AS68B,简,收货,上架
SPRe12HeBl,黑色 品牌22 12 触控笔（六角形）,触控笔,品牌22,12,六角形,黑色,48*10*5,2400,AW08D,亚历克斯,收货,上架
LaSu1416Bl,黑色 品牌11 14英寸 笔记本电脑（16吉字节内存）,笔记本电脑,品牌11,14英寸,16吉字节内存,黑色,16*1*1,16,CL24A,艾米,收货,上架
TaTR10FrBl,黑色 品牌29 1000 桌子（框架式）,桌子,品牌29,1000,框架式,黑色,8*1*1,8,AM58B,亚历克斯,收货,上架
TVGL75FHBl,黑色 品牌31 75英寸 电视机（全高清）,电视机,品牌31,75英寸,全高清,黑色,8*1*1,8,DQ63C,艾米丽,收货,上架
PrSoA4WiWh,白色 品牌25 四号纸 打印机（无线网络）,打印机,品牌25,四号纸,无线网络,白色,16*1*1,16,AM02E,艾米丽,收货,上架
TaCI15FrGr,灰色 品牌27 1500 桌子（框架式）,桌子,品牌27,1500,框架式,灰色,8*1*1,8,CK19D,大卫,收货,上架
OfOGSErPi,粉色 品牌07 小号 办公椅（人体工学）,办公椅,品牌07,小号,人体工学,粉色,16*1*1,16,BK11G,简,收货,上架
TVGn504KGr,灰色 品牌30 50英寸 电视机（超高清）,电视机,品牌30,50英寸,超高清,灰色,8*1*1,8,CJ36C,克里斯,收货,上架
CuQE90DoBl,黑色 品牌01 900 储物柜（带门式）,储物柜,品牌01,900,带门式,黑色,8*1*1,8,BP31A,简,收货,上架
OfAELLeBl,黑色 品牌05 大号 办公椅（皮革）,办公椅,品牌05,大号,皮革,黑色,16*1*1,16,DQ17C,约翰,收货,上架
DrTE90FiBe,米色 品牌04 900 抽屉柜（文件收纳）,抽屉柜,品牌04,900,文件收纳,米色,8*1*1,8,DK89B,亚历克斯,收货,上架
KeRe35WiNa,藏青色 品牌10 350 键盘（有线）,键盘,品牌10,350,有线,藏青色,16*10*1,160,AY26F,大卫,收货,上架
CuWE18DoWh,白色 品牌02 1800 储物柜（带门式）,储物柜,品牌02,1800,带门式,白色,8*1*1,8,BN11B,迈克,收货,上架
TVEs42FHGr,灰色 品牌32 42英寸 电视机（全高清）,电视机,品牌32,42英寸,全高清,灰色,8*1*1,8,CQ87H,大卫,收货,上架
LaOv1516Bl,黑色 品牌13 15英寸 笔记本电脑（16吉字节内存）,笔记本电脑,品牌13,15英寸,16吉字节内存,黑色,16*1*1,16,BM47E,大卫,收货,上架
MoPH45WiNa,藏青色 品牌12 450 鼠标（有线）,鼠标,品牌12,450,有线,藏青色,16*10*1,160,AQ22B,约翰,收货,上架
OfOGLHeBl,黑色 品牌07 大号 办公椅（头枕）,办公椅,品牌07,大号,头枕,黑色,16*1*1,16,DJ29A,莎拉,收货,上架
PrPHA4MoMi,混合色 品牌12 四号纸 打印机（黑白）,打印机,品牌12,四号纸,黑白,混合色,16*1*1,16,DO93F,亚历克斯,收货,上架
PrPHA4InBl,黑色 品牌12 四号纸 打印机（喷墨）,打印机,品牌12,四号纸,喷墨,黑色,16*1*1,16,DQ14C,克里斯,收货,上架
AlPH1516Bl,黑色 品牌12 15英寸 一体机（16吉字节内存）,一体机,品牌12,15英寸,16吉字节内存,黑色,16*1*1,16,AL13G,莎拉,收货,上架
DrRG12DoBl,黑色 品牌03 1200 抽屉柜（带门式）,抽屉柜,品牌03,1200,带门式,黑色,8*1*1,8,AQ22E,劳拉,收货,上架
DrRG90LoWh,白色 品牌03 900 抽屉柜（储物锁柜）,抽屉柜,品牌03,900,储物锁柜,白色,8*1*1,8,AO17H,克里斯,收货,上架
TVYn42S4Gr,灰色 品牌15 42英寸 电视机（超级超高清）,电视机,品牌15,42英寸,超级超高清,灰色,8*1*1,8,BP24C,简,收货,上架
TaAE15FrBl,黑色 品牌05 1500 桌子（框架式）,桌子,品牌05,1500,框架式,黑色,8*1*1,8,BK63C,约翰,收货,上架
CuRG12DoBe,米色 品牌03 1200 储物柜（带门式）,储物柜,品牌03,1200,带门式,米色,8*1*1,8,BJ93D,约翰,收货,上架
CaTE12SlBe,米色 品牌04 1200 文件柜（滑动式）,文件柜,品牌04,1200,滑动式,米色,8*1*1,8,AL21D,克里斯,收货,上架
TaCI10FrSi,银色 品牌27 1000 桌子（框架式）,桌子,品牌27,1000,框架式,银色,8*1*1,8,DX24B,克里斯,收货,上架
GaOGMErPi,粉色 品牌07 中号 游戏椅（人体工学）,游戏椅,品牌07,中号,人体工学,粉色,16*1*1,16,BS97D,简,收货,上架
OfSESErBl,黑色 品牌08 小号 办公椅（人体工学）,办公椅,品牌08,小号,人体工学,黑色,16*1*1,16,CZ29A,简,收货,上架
OfOGMLeBl,黑色 品牌07 中号 办公椅（皮革）,办公椅,品牌07,中号,皮革,黑色,16*1*1,16,AK12C,迈克,收货,上架
TVGn424KBl,黑色 品牌30 42英寸 电视机（超高清）,电视机,品牌30,42英寸,超高清,黑色,8*1*1,8,DH40C,约翰,收货,上架
TVGL75FHBl,黑色 品牌31 75英寸 电视机（全高清）,电视机,品牌31,75英寸,全高清,黑色,8*1*1,8,DZ70E,艾米,收货,上架
LaYn178GGr,灰色 品牌15 17英寸 笔记本电脑（8吉字节内存）,笔记本电脑,品牌15,17英寸,8吉字节内存,灰色,16*1*1,16,AU46E,艾米,收货,上架
MoPH27ErBl,黑色 品牌12 270 鼠标（人体工学）,鼠标,品牌12,270,人体工学,黑色,16*10*1,160,CT22G,亚历克斯,收货,上架
TVGL32SFBl,黑色 品牌31 32英寸 电视机（超级全高清）,电视机,品牌31,32英寸,超级全高清,黑色,8*1*1,8,DN12G,简,收货,上架
LaOv178GGr,灰色 品牌13 17英寸 笔记本电脑（8吉字节内存）,笔记本电脑,品牌13,17英寸,8吉字节内存,灰色,16*1*1,16,BU50C,克里斯,收货,上架
PrPHA4LaGr,灰色 品牌12 四号纸 打印机（激光）,打印机,品牌12,四号纸,激光,灰色,16*1*1,16,CL95F,迈克,收货,上架
PeNa12WaGr,灰色 品牌23 12 铅笔（水彩）,铅笔,品牌23,12,水彩,灰色,48*10*5,2400,BZ38C,克里斯,收货,上架
SPNa24SoWh,白色 品牌23 24 触控笔（可溶性）,触控笔,品牌23,24,可溶性,白色,48*10*5,2400,AW04B,莎拉,收货,上架
LaOv1416Bl,黑色 品牌13 14英寸 笔记本电脑（16吉字节内存）,笔记本电脑,品牌13,14英寸,16吉字节内存,黑色,16*1*1,16,BN40H,简,收货,上架
LaYn158GGr,灰色 品牌15 15英寸 笔记本电脑（8吉字节内存）,笔记本电脑,品牌15,15英寸,8吉字节内存,灰色,16*1*1,16,BK23D,约翰,收货,上架
PeNa24SoWh,白色 品牌23 24 铅笔（可溶性）,铅笔,品牌23,24,可溶性,白色,48*10*5,2400,DP30D,克里斯,收货,上架
TaAE15AdGr,灰色 品牌05 1500 桌子（可调节）,桌子,品牌05,1500,可调节,灰色,8*1*1,8,CI61H,艾米,收货,上架
KeHc27ErBl,黑色 品牌09 270 键盘（人体工学）,键盘,品牌09,270,人体工学,黑色,16*10*1,160,DP97E,艾米,收货,上架
GaOGSErGr,灰色 品牌07 小号 游戏椅（人体工学）,游戏椅,品牌07,小号,人体工学,灰色,16*1*1,16,BL33C,迈克,收货,上架
AlOv17i7Si,银色 品牌13 17英寸 一体机（第7代处理器）,一体机,品牌13,17英寸,第7代处理器,银色,16*1*1,16,DN88A,简,收货,上架
GaXESAdGr,灰色 品牌06 小号 游戏椅（可调节）,游戏椅,品牌06,小号,可调节,灰色,16*1*1,16,AQ63A,劳拉,收货,上架
LaSu148GGr,灰色 品牌11 14英寸 笔记本电脑（8吉字节内存）,笔记本电脑,品牌11,14英寸,8吉字节内存,灰色,16*1*1,16,AM01B,大卫,收货,上架
OfSEMErBl,黑色 品牌08 中号 办公椅（人体工学）,办公椅,品牌08,中号,人体工学,黑色,16*1*1,16,CF56A,大卫,收货,上架
LaYn1416Wh,白色 品牌15 14英寸 笔记本电脑（16吉字节内存）,笔记本电脑,品牌15,14英寸,16吉字节内存,白色,16*1*1,16,AO15G,艾米丽,收货,上架
LaRe1416Wh,白色 品牌14 14英寸 笔记本电脑（16吉字节内存）,笔记本电脑,品牌14,14英寸,16吉字节内存,白色,16*1*1,16,CQ92F,简,收货,上架
SPAl24WaPi,粉色 品牌20 24 触控笔（水彩）,触控笔,品牌20,24,水彩,粉色,48*10*5,2400,DK31F,约翰,收货,上架
KeHc27BlPi,粉色 品牌09 270 键盘（蓝牙）,键盘,品牌09,270,蓝牙,粉色,16*10*1,160,CN65B,艾米,收货,上架
TaCI15AdBl,黑色 品牌27 1500 桌子（可调节）,桌子,品牌27,1500,可调节,黑色,8*1*1,8,AF97A,劳拉,收货,上架
PeNa12WaBl,黑色 品牌23 12 铅笔（水彩）,铅笔,品牌23,12,水彩,黑色,48*10*5,2400,DM14E,莎拉,收货,上架
CuWE12DoBe,米色 品牌02 1200 储物柜（带门式）,储物柜,品牌02,1200,带门式,米色,8*1*1,8,CL07F,莎拉,收货,上架
DrQE18SlBe,米色 品牌01 1800 抽屉柜（滑动式）,抽屉柜,品牌01,1800,滑动式,米色,8*1*1,8,CG29F,简,收货,上架
DrRG18LoWh,白色 品牌03 1800 抽屉柜（储物锁柜）,抽屉柜,品牌03,1800,储物锁柜,白色,8*1*1,8,DR32F,艾米,收货,上架
CuTE90LoGr,灰色 品牌04 900 储物柜（储物锁柜）,储物柜,品牌04,900,储物锁柜,灰色,8*1*1,8,CX83F,劳拉,收货,上架
KePH45WiBl,黑色 品牌12 450 键盘（有线）,键盘,品牌12,450,有线,黑色,16*10*1,160,CR24B,简,收货,上架
MoPH27BlBl,黑色 品牌12 270 鼠标（蓝牙）,鼠标,品牌12,270,蓝牙,黑色,16*10*1,160,BO47C,莎拉,收货,上架
CaTE18SlWh,白色 品牌04 1800 文件柜（滑动式）,文件柜,品牌04,1800,滑动式,白色,8*1*1,8,DH81G,约翰,收货,上架
MoPH35WiWh,白色 品牌12 350 鼠标（有线）,鼠标,品牌12,350,有线,白色,16*10*1,160,BZ51D,简,收货,上架
AlSu178GBl,黑色 品牌11 17英寸 一体机（8吉字节内存）,一体机,品牌11,17英寸,8吉字节内存,黑色,16*1*1,16,DF70F,艾米丽,收货,上架
KeSu27WiWh,白色 品牌11 270 键盘（有线）,键盘,品牌11,270,有线,白色,16*10*1,160,CK95C,亚历克斯,收货,上架
LaSu1432Wh,白色 品牌11 14英寸 笔记本电脑（32吉字节内存）,笔记本电脑,品牌11,14英寸,32吉字节内存,白色,16*1*1,16,CI14H,大卫,收货,上架
OfSELLeWh,白色 品牌08 大号 办公椅（皮革）,办公椅,品牌08,大号,皮革,白色,16*1*1,16,AI10F,约翰,收货,上架
CaWE18DoBe,米色 品牌02 1800 文件柜（带门式）,文件柜,品牌02,1800,带门式,米色,8*1*1,8,BJ30G,艾米,收货,上架
SPGi12HeWh,白色 品牌21 12 触控笔（六角形）,触控笔,品牌21,12,六角形,白色,48*10*5,2400,CS01G,简,收货,上架
AlOv1416Bl,黑色 品牌13 14英寸 一体机（16吉字节内存）,一体机,品牌13,14英寸,16吉字节内存,黑色,16*1*1,16,BK61A,约翰,收货,上架
TaTR15AdSi,银色 品牌28 1500 桌子（可调节）,桌子,品牌28,1500,可调节,银色,8*1*1,8,CP55H,迈克,收货,上架
AlYn1516Wh,白色 品牌15 15英寸 一体机（16吉字节内存）,一体机,品牌15,15英寸,16吉字节内存,白色,16*1*1,16,DR58E,劳拉,收货,上架
LaOv158GGr,灰色 品牌13 15英寸 笔记本电脑（8吉字节内存）,笔记本电脑,品牌13,15英寸,8吉字节内存,灰色,16*1*1,16,DL93E,莎拉,收货,上架
PeNa24SoGr,灰色 品牌23 24 铅笔（可溶性）,铅笔,品牌23,24,可溶性,灰色,48*10*5,2400,DI16D,莎拉,收货,上架
NoExA5doSi,银色 品牌16 五号纸 笔记本（点阵）,笔记本,品牌16,五号纸,点阵,银色,48*10*5,2400,BW78A,莎拉,收货,上架
NoGrA5doSi,银色 品牌18 五号纸 笔记本（点阵）,笔记本,品牌18,五号纸,点阵,银色,48*10*5,2400,DH02C,艾米,收货,上架
TVGL75S4Si,银色 品牌31 75英寸 电视机（超级超高清）,电视机,品牌31,75英寸,超级超高清,银色,8*1*1,8,DF16G,莎拉,收货,上架
NoGrA5ruGr,灰色 品牌18 五号纸 笔记本（横线）,笔记本,品牌18,五号纸,横线,灰色,48*10*5,2400,CN06B,劳拉,收货,上架
DrWE18LoWh,白色 品牌02 1800 抽屉柜（储物锁柜）,抽屉柜,品牌02,1800,储物锁柜,白色,8*1*1,8,AH44E,简,收货,上架
TVGn324KWh,白色 品牌30 32英寸 电视机（超高清）,电视机,品牌30,32英寸,超高清,白色,8*1*1,8,AU54H,艾米丽,收货,上架
AlPH14i5Bl,黑色 品牌12 14英寸 一体机（第5代处理器）,一体机,品牌12,14英寸,第5代处理器,黑色,16*1*1,16,AL89D,艾米,收货,上架
PrReA3LaBl,黑色 品牌24 三号纸 打印机（激光）,打印机,品牌24,三号纸,激光,黑色,16*1*1,16,DW33D,艾米丽,收货,上架
CuTE12SlWh,白色 品牌04 1200 储物柜（滑动式）,储物柜,品牌04,1200,滑动式,白色,8*1*1,8,CV56F,艾米,收货,上架
MoPH35BlWh,白色 品牌12 350 鼠标（蓝牙）,鼠标,品牌12,350,蓝牙,白色,16*10*1,160,BL24F,约翰,收货,上架
DrRG12FiGr,灰色 品牌03 1200 抽屉柜（文件收纳）,抽屉柜,品牌03,1200,文件收纳,灰色,8*1*1,8,AU18D,艾米丽,收货,上架
PrPHA3MoMi,混合色 品牌12 三号纸 打印机（黑白）,打印机,品牌12,三号纸,黑白,混合色,16*1*1,16,BL58C,约翰,收货,上架
TaTR15WoBl,黑色 品牌28 1500 桌子（工作站）,桌子,品牌28,1500,工作站,黑色,8*1*1,8,CF16D,克里斯,收货,上架
SPNa50SoPi,粉色 品牌23 50 触控笔（可溶性）,触控笔,品牌23,50,可溶性,粉色,48*10*5,2400,CU67H,克里斯,收货,上架
MoPH27BlNa,藏青色 品牌12 270 鼠标（蓝牙）,鼠标,品牌12,270,蓝牙,藏青色,16*10*1,160,DL84G,艾米丽,收货,上架
AlOv1432Si,银色 品牌13 14英寸 一体机（32吉字节内存）,一体机,品牌13,14英寸,32吉字节内存,银色,16*1*1,16,DL12E,约翰,收货,上架
CuTE12DoGr,灰色 品牌04 1200 储物柜（带门式）,储物柜,品牌04,1200,带门式,灰色,8*1*1,8,BK23G,约翰,收货,上架
MoHc45MeNa,藏青色 品牌09 450 鼠标（机械式）,鼠标,品牌09,450,机械式,藏青色,16*10*1,160,CP87H,艾米丽,收货,上架
KeHc35MeWh,白色 品牌09 350 键盘（机械式）,键盘,品牌09,350,机械式,白色,16*10*1,160,CZ81G,约翰,收货,上架
PrNoA2LaBl,黑色 品牌26 二号纸 打印机（激光）,打印机,品牌26,二号纸,激光,黑色,16*1*1,16,AI91F,劳拉,收货,上架
OfSEMHeGr,灰色 品牌08 中号 办公椅（头枕）,办公椅,品牌08,中号,头枕,灰色,16*1*1,16,CK43F,克里斯,收货,上架
MoPH27ErNa,藏青色 品牌12 270 鼠标（人体工学）,鼠标,品牌12,270,人体工学,藏青色,16*10*1,160,AL27F,莎拉,收货,上架
SPAl24WaWh,白色 品牌20 24 触控笔（水彩）,触控笔,品牌20,24,水彩,白色,48*10*5,2400,BV58H,艾米,收货,上架
MoSu45BlPi,粉色 品牌11 450 鼠标（蓝牙）,鼠标,品牌11,450,蓝牙,粉色,16*10*1,160,BN75D,莎拉,收货,上架
CaQE12SlGr,灰色 品牌01 1200 文件柜（滑动式）,文件柜,品牌01,1200,滑动式,灰色,8*1*1,8,BL79A,莎拉,收货,上架
CaWE12DoWh,白色 品牌02 1200 文件柜（带门式）,文件柜,品牌02,1200,带门式,白色,8*1*1,8,DG73F,大卫,收货,上架
KePH27WiBl,黑色 品牌12 270 键盘（有线）,键盘,品牌12,270,有线,黑色,16*10*1,160,BR01A,简,收货,上架
PrNoA3InMi,混合色 品牌26 三号纸 打印机（喷墨）,打印机,品牌26,三号纸,喷墨,混合色,16*1*1,16,DK78G,大卫,收货,上架
MoSu27ErBl,黑色 品牌11 270 鼠标（人体工学）,鼠标,品牌11,270,人体工学,黑色,16*10*1,160,CG72B,约翰,收货,上架
AlPH1732Si,银色 品牌12 17英寸 一体机（32吉字节内存）,一体机,品牌12,17英寸,32吉字节内存,银色,16*1*1,16,AP22B,简,收货,上架
TaCI10AuGr,灰色 品牌27 1000 桌子（自动调节）,桌子,品牌27,1000,自动调节,灰色,8*1*1,8,DX36E,艾米丽,收货,上架
NoMuA3ruSi,银色 品牌19 三号纸 笔记本（横线）,笔记本,品牌19,三号纸,横线,银色,48*10*5,2400,BT36G,艾米丽,收货,上架
PrNoA3AlWh,白色 品牌26 三号纸 打印机（一体式）,打印机,品牌26,三号纸,一体式,白色,16*1*1,16,AX40G,亚历克斯,收货,上架
AlSu148GBl,黑色 品牌11 14英寸 一体机（8吉字节内存）,一体机,品牌11,14英寸,8吉字节内存,黑色,16*1*1,16,CL47F,迈克,收货,上架
GaSESHeWh,白色 品牌08 小号 游戏椅（头枕）,游戏椅,品牌08,小号,头枕,白色,16*1*1,16,AP58C,艾米,收货,上架
PeAl24SoPi,粉色 品牌20 24 铅笔（可溶性）,铅笔,品牌20,24,可溶性,粉色,48*10*5,2400,BH86E,迈克,收货,上架
MoHc45ErWh,白色 品牌09 450 鼠标（人体工学）,鼠标,品牌09,450,人体工学,白色,16*10*1,160,DO53A,迈克,收货,上架
GaSEMAdWh,白色 品牌08 中号 游戏椅（可调节）,游戏椅,品牌08,中号,可调节,白色,16*1*1,16,CQ49A,劳拉,收货,上架
AlSu14i7Gr,灰色 品牌11 14英寸 一体机（第7代处理器）,一体机,品牌11,14英寸,第7代处理器,灰色,16*1*1,16,AS47E,艾米丽,收货,上架
TVEs42S4Wh,白色 品牌32 42英寸 电视机（超级超高清）,电视机,品牌32,42英寸,超级超高清,白色,8*1*1,8,CQ92D,艾米,收货,上架
TVGn42S4Si,银色 品牌30 42英寸 电视机（超级超高清）,电视机,品牌30,42英寸,超级超高清,银色,8*1*1,8,AX38C,约翰,收货,上架
AlYn17i5Si,银色 品牌15 17英寸 一体机（第5代处理器）,一体机,品牌15,17英寸,第5代处理器,银色,16*1*1,16,DI01F,莎拉,收货,上架
TaTR15FrBl,黑色 品牌29 1500 桌子（框架式）,桌子,品牌29,1500,框架式,黑色,8*1*1,8,DW88A,克里斯,收货,上架
SPRe24WaPi,粉色 品牌22 24 触控笔（水彩）,触控笔,品牌22,24,水彩,粉色,48*10*5,2400,AN46E,亚历克斯,收货,上架
LaPH17i5Si,银色 品牌12 17英寸 笔记本电脑（第5代处理器）,笔记本电脑,品牌12,17英寸,第5代处理器,银色,16*1*1,16,AI33F,艾米,收货,上架
NoMuA3doBl,黑色 品牌19 三号纸 笔记本（点阵）,笔记本,品牌19,三号纸,点阵,黑色,48*10*5,2400,AX23F,艾米,收货,上架
PeAl24SoPi,粉色 品牌20 24 铅笔（可溶性）,铅笔,品牌20,24,可溶性,粉色,48*10*5,2400,CL02A,迈克,收货,上架
CuRG12FiBe,米色 品牌03 1200 储物柜（文件收纳）,储物柜,品牌03,1200,文件收纳,米色,8*1*1,8,BG76F,迈克,收货,上架
LaPH14i7Wh,白色 品牌12 14英寸 笔记本电脑（第7代处理器）,笔记本电脑,品牌12,14英寸,第7代处理器,白色,16*1*1,16,AK85D,克里斯,收货,上架
LaRe1416Si,银色 品牌14 14英寸 笔记本电脑（16吉字节内存）,笔记本电脑,品牌14,14英寸,16吉字节内存,银色,16*1*1,16,CW53A,约翰,收货,上架
DrTE90SlBl,黑色 品牌04 900 抽屉柜（滑动式）,抽屉柜,品牌04,900,滑动式,黑色,8*1*1,8,CQ74B,亚历克斯,收货,上架
GaOGMAdPi,粉色 品牌07 中号 游戏椅（可调节）,游戏椅,品牌07,中号,可调节,粉色,16*1*1,16,DJ56G,迈克,收货,上架
MoSu45WiWh,白色 品牌11 450 鼠标（有线）,鼠标,品牌11,450,有线,白色,16*10*1,160,CJ30A,简,收货,上架
PrReA3MoWh,白色 品牌24 三号纸 打印机（黑白）,打印机,品牌24,三号纸,黑白,白色,16*1*1,16,AO63F,克里斯,收货,上架
NoGrA4liWh,白色 品牌18 四号纸 笔记本（线条）,笔记本,品牌18,四号纸,线条,白色,48*10*5,2400,CT10D,劳拉,收货,上架
MoPH27WiNa,藏青色 品牌12 270 鼠标（有线）,鼠标,品牌12,270,有线,藏青色,16*10*1,160,AZ26F,迈克,收货,上架
CuTE18LoWh,白色 品牌04 1800 储物柜（储物锁柜）,储物柜,品牌04,1800,储物锁柜,白色,8*1*1,8,BV25A,艾米丽,收货,上架
LaOv178GWh,白色 品牌13 17英寸 笔记本电脑（8吉字节内存）,笔记本电脑,品牌13,17英寸,8吉字节内存,白色,16*1*1,16,AW49C,大卫,收货,上架
DrQE90SlBe,米色 品牌01 900 抽屉柜（滑动式）,抽屉柜,品牌01,900,滑动式,米色,8*1*1,8,CF98H,克里斯,收货,上架
MoPH35WiNa,藏青色 品牌12 350 鼠标（有线）,鼠标,品牌12,350,有线,藏青色,16*10*1,160,BZ60G,迈克,收货,上架
KeSu27BlWh,白色 品牌11 270 键盘（蓝牙）,键盘,品牌11,270,蓝牙,白色,16*10*1,160,AS83F,莎拉,收货,上架
TaAE10WoWh,白色 品牌05 1000 桌子（工作站）,桌子,品牌05,1000,工作站,白色,8*1*1,8,DS68A,劳拉,收货,上架
CuQE18LoGr,灰色 品牌01 1800 储物柜（储物锁柜）,储物柜,品牌01,1800,储物锁柜,灰色,8*1*1,8,BN98C,莎拉,收货,上架
TVGL654KWh,白色 品牌31 65英寸 电视机（超高清）,电视机,品牌31,65英寸,超高清,白色,8*1*1,8,BF77B,约翰,收货,上架
CuQE12SlWh,白色 品牌01 1200 储物柜（滑动式）,储物柜,品牌01,1200,滑动式,白色,8*1*1,8,AR39F,大卫,收货,上架
OfXEMLeGr,灰色 品牌06 中号 办公椅（皮革）,办公椅,品牌06,中号,皮革,灰色,16*1*1,16,AN60G,约翰,收货,上架
TVGL32S4Bl,黑色 品牌31 32英寸 电视机（超级超高清）,电视机,品牌31,32英寸,超级超高清,黑色,8*1*1,8,DP18C,简,收货,上架
GaXELAdWh,白色 品牌06 大号 游戏椅（可调节）,游戏椅,品牌06,大号,可调节,白色,16*1*1,16,BL93A,亚历克斯,收货,上架
PrSoA3MoMi,混合色 品牌25 三号纸 打印机（黑白）,打印机,品牌25,三号纸,黑白,混合色,16*1*1,16,CX42G,亚历克斯,收货,上架
GaSELAdWh,白色 品牌08 大号 游戏椅（可调节）,游戏椅,品牌08,大号,可调节,白色,16*1*1,16,BS93B,劳拉,收货,上架
TVGn50FHGr,灰色 品牌30 50英寸 电视机（全高清）,电视机,品牌30,50英寸,全高清,灰色,8*1*1,8,DU19D,亚历克斯,收货,上架
TVGn50SFBl,黑色 品牌30 50英寸 电视机（超级全高清）,电视机,品牌30,50英寸,超级全高清,黑色,8*1*1,8,CL20F,迈克,收货,上架
MoRe27WiNa,藏青色 品牌10 270 鼠标（有线）,鼠标,品牌10,270,有线,藏青色,16*10*1,160,BJ25B,大卫,收货,上架
AlRe1716Gr,灰色 品牌14 17英寸 一体机（16吉字节内存）,一体机,品牌14,17英寸,16吉字节内存,灰色,16*1*1,16,BZ12E,简,收货,上架
GaXEMLePi,粉色 品牌06 中号 游戏椅（皮革）,游戏椅,品牌06,中号,皮革,粉色,16*1*1,16,BP16E,大卫,收货,上架
CaQE18LoBl,黑色 品牌01 1800 文件柜（储物锁柜）,文件柜,品牌01,1800,储物锁柜,黑色,8*1*1,8,DT64G,约翰,收货,上架
LaYn14i7Wh,白色 品牌15 14英寸 笔记本电脑（第7代处理器）,笔记本电脑,品牌15,14英寸,第7代处理器,白色,16*1*1,16,CV72H,劳拉,收货,上架
PrNoA2InWh,白色 品牌26 二号纸 打印机（喷墨）,打印机,品牌26,二号纸,喷墨,白色,16*1*1,16,BJ41B,劳拉,收货,上架
AlYn15i7Wh,白色 品牌15 15英寸 一体机（第7代处理器）,一体机,品牌15,15英寸,第7代处理器,白色,16*1*1,16,DJ74G,艾米丽,收货,上架
PeNa50HeBl,黑色 品牌23 50 铅笔（六角形）,铅笔,品牌23,50,六角形,黑色,48*10*5,2400,CK39B,艾米,收货,上架
CuQE90LoBl,黑色 品牌01 900 储物柜（储物锁柜）,储物柜,品牌01,900,储物锁柜,黑色,8*1*1,8,AP72G,艾米丽,收货,上架
CuRG12FiGr,灰色 品牌03 1200 储物柜（文件收纳）,储物柜,品牌03,1200,文件收纳,灰色,8*1*1,8,AK86G,亚历克斯,收货,上架
CaRG90SlBl,黑色 品牌03 900 文件柜（滑动式）,文件柜,品牌03,900,滑动式,黑色,8*1*1,8,BI33B,亚历克斯,收货,上架
SPAl12HeWh,白色 品牌20 12 触控笔（六角形）,触控笔,品牌20,12,六角形,白色,48*10*5,2400,BQ61H,大卫,收货,上架
CaTE18FiBl,黑色 品牌04 1800 文件柜（文件收纳）,文件柜,品牌04,1800,文件收纳,黑色,8*1*1,8,CX06D,艾米,收货,上架
OfOGMHeWh,白色 品牌07 中号 办公椅（头枕）,办公椅,品牌07,中号,头枕,白色,16*1*1,16,CT18A,迈克,收货,上架
OfAESHePi,粉色 品牌05 小号 办公椅（头枕）,办公椅,品牌05,小号,头枕,粉色,16*1*1,16,BM98C,简,收货,上架
PeRe12SoPi,粉色 品牌22 12 铅笔（可溶性）,铅笔,品牌22,12,可溶性,粉色,48*10*5,2400,AQ85D,约翰,收货,上架
LaYn14i7Gr,灰色 品牌15 14英寸 笔记本电脑（第7代处理器）,笔记本电脑,品牌15,14英寸,第7代处理器,灰色,16*1*1,16,DJ84C,大卫,收货,上架
LaYn15i5Si,银色 品牌15 15英寸 笔记本电脑（第5代处理器）,笔记本电脑,品牌15,15英寸,第5代处理器,银色,16*1*1,16,AU51B,莎拉,收货,上架
CuWE90DoWh,白色 品牌02 900 储物柜（带门式）,储物柜,品牌02,900,带门式,白色,8*1*1,8,AJ30H,莎拉,收货,上架
PrSoA2AlBl,黑色 品牌25 二号纸 打印机（一体式）,打印机,品牌25,二号纸,一体式,黑色,16*1*1,16,DU18E,约翰,收货,上架
TVYn65S4Gr,灰色 品牌15 65英寸 电视机（超级超高清）,电视机,品牌15,65英寸,超级超高清,灰色,8*1*1,8,BI10E,简,收货,上架
DrWE18DoGr,灰色 品牌02 1800 抽屉柜（带门式）,抽屉柜,品牌02,1800,带门式,灰色,8*1*1,8,BK79G,莎拉,收货,上架
PrPHA2InGr,灰色 品牌12 二号纸 打印机（喷墨）,打印机,品牌12,二号纸,喷墨,灰色,16*1*1,16,CW39D,简,收货,上架
TaTR18AdWh,白色 品牌28 1800 桌子（可调节）,桌子,品牌28,1800,可调节,白色,8*1*1,8,DW30A,克里斯,收货,上架
TaTR10FrGr,灰色 品牌28 1000 桌子（框架式）,桌子,品牌28,1000,框架式,灰色,8*1*1,8,DT81B,莎拉,收货,上架
PrNoA4WiMi,混合色 品牌26 四号纸 打印机（无线网络）,打印机,品牌26,四号纸,无线网络,混合色,16*1*1,16,DP12H,迈克,收货,上架
TVGn504KSi,银色 品牌30 50英寸 电视机（超高清）,电视机,品牌30,50英寸,超高清,银色,8*1*1,8,DL25A,亚历克斯,收货,上架
OfXEMHeBl,黑色 品牌06 中号 办公椅（头枕）,办公椅,品牌06,中号,头枕,黑色,16*1*1,16,CY65F,大卫,收货,上架
GaOGMErGr,灰色 品牌07 中号 游戏椅（人体工学）,游戏椅,品牌07,中号,人体工学,灰色,16*1*1,16,BR09B,迈克,收货,上架
GaAEMLeGr,灰色 品牌05 中号 游戏椅（皮革）,游戏椅,品牌05,中号,皮革,灰色,16*1*1,16,DT39C,亚历克斯,收货,上架
CaWE90SlBe,米色 品牌02 900 文件柜（滑动式）,文件柜,品牌02,900,滑动式,米色,8*1*1,8,BU28D,迈克,收货,上架
LaSu1732Si,银色 品牌11 17英寸 笔记本电脑（32吉字节内存）,笔记本电脑,品牌11,17英寸,32吉字节内存,银色,16*1*1,16,DI55C,约翰,收货,上架
PrNoA2LaGr,灰色 品牌26 二号纸 打印机（激光）,打印机,品牌26,二号纸,激光,灰色,16*1*1,16,DY58F,克里斯,收货,上架
TVGL42SFSi,银色 品牌31 42英寸 电视机（超级全高清）,电视机,品牌31,42英寸,超级全高清,银色,8*1*1,8,DN86D,艾米丽,收货,上架
LaSu15i5Si,银色 品牌11 15英寸 笔记本电脑（第5代处理器）,笔记本电脑,品牌11,15英寸,第5代处理器,银色,16*1*1,16,AL95G,约翰,收货,上架
DrQE12SlWh,白色 品牌01 1200 抽屉柜（滑动式）,抽屉柜,品牌01,1200,滑动式,白色,8*1*1,8,DR44C,劳拉,收货,上架
MoPH27BlNa,藏青色 品牌12 270 鼠标（蓝牙）,鼠标,品牌12,270,蓝牙,藏青色,16*10*1,160,DW65B,克里斯,收货,上架
KePH27WiBl,黑色 品牌12 270 键盘（有线）,键盘,品牌12,270,有线,黑色,16*10*1,160,AO64D,劳拉,收货,上架
LaRe15i5Gr,灰色 品牌14 15英寸 笔记本电脑（第5代处理器）,笔记本电脑,品牌14,15英寸,第5代处理器,灰色,16*1*1,16,BM62E,迈克,收货,上架
CaRG90FiWh,白色 品牌03 900 文件柜（文件收纳）,文件柜,品牌03,900,文件收纳,白色,8*1*1,8,CN95F,大卫,收货,上架
PrReA3InBl,黑色 品牌24 三号纸 打印机（喷墨）,打印机,品牌24,三号纸,喷墨,黑色,16*1*1,16,AR51A,劳拉,收货,上架
OfXELLePi,粉色 品牌06 大号 办公椅（皮革）,办公椅,品牌06,大号,皮革,粉色,16*1*1,16,BK75C,劳拉,收货,上架
CuTE90FiBe,米色 品牌04 900 储物柜（文件收纳）,储物柜,品牌04,900,文件收纳,米色,8*1*1,8,CG84B,艾米,收货,上架
AlSu1432Bl,黑色 品牌11 14英寸 一体机（32吉字节内存）,一体机,品牌11,14英寸,32吉字节内存,黑色,16*1*1,16,BV29C,大卫,收货,上架
LaOv1516Bl,黑色 品牌13 15英寸 笔记本电脑（16吉字节内存）,笔记本电脑,品牌13,15英寸,16吉字节内存,黑色,16*1*1,16,DM17D,约翰,收货,上架
LaSu158GSi,银色 品牌11 15英寸 笔记本电脑（8吉字节内存）,笔记本电脑,品牌11,15英寸,8吉字节内存,银色,16*1*1,16,CY15F,亚历克斯,收货,上架
PrSoA3InMi,混合色 品牌25 三号纸 打印机（喷墨）,打印机,品牌25,三号纸,喷墨,混合色,16*1*1,16,DH43H,约翰,收货,上架
TVYn504KBl,黑色 品牌15 50英寸 电视机（超高清）,电视机,品牌15,50英寸,超高清,黑色,8*1*1,8,DI76A,艾米,收货,上架
AlOv17i5Bl,黑色 品牌13 17英寸 一体机（第5代处理器）,一体机,品牌13,17英寸,第5代处理器,黑色,16*1*1,16,DK42F,简,收货,上架
AlRe14i5Wh,白色 品牌14 14英寸 一体机（第5代处理器）,一体机,品牌14,14英寸,第5代处理器,白色,16*1*1,16,DH14B,迈克,收货,上架
KePH27ErWh,白色 品牌12 270 键盘（人体工学）,键盘,品牌12,270,人体工学,白色,16*10*1,160,DS58A,约翰,收货,上架
LaOv1716Wh,白色 品牌13 17英寸 笔记本电脑（16吉字节内存）,笔记本电脑,品牌13,17英寸,16吉字节内存,白色,16*1*1,16,DF72C,劳拉,收货,上架
PrSoA2AlMi,混合色 品牌25 二号纸 打印机（一体式）,打印机,品牌25,二号纸,一体式,混合色,16*1*1,16,CV55C,莎拉,收货,上架
PrReA2LaGr,灰色 品牌24 二号纸 打印机（激光）,打印机,品牌24,二号纸,激光,灰色,16*1*1,16,BV95H,艾米,收货,上架
CaRG12LoWh,白色 品牌03 1200 文件柜（储物锁柜）,文件柜,品牌03,1200,储物锁柜,白色,8*1*1,8,AJ78B,大卫,收货,上架
SPAl50SoPi,粉色 品牌20 50 触控笔（可溶性）,触控笔,品牌20,50,可溶性,粉色,48*10*5,2400,BI79A,莎拉,收货,上架
TVGn75S4Gr,灰色 品牌30 75英寸 电视机（超级超高清）,电视机,品牌30,75英寸,超级超高清,灰色,8*1*1,8,BK37B,劳拉,收货,上架
NoExA3liBl,黑色 品牌16 三号纸 笔记本（线条）,笔记本,品牌16,三号纸,线条,黑色,48*10*5,2400,DJ92B,莎拉,收货,上架
DrWE12LoBe,米色 品牌02 1200 抽屉柜（储物锁柜）,抽屉柜,品牌02,1200,储物锁柜,米色,8*1*1,8,CG87D,亚历克斯,收货,上架
OfAEMErBl,黑色 品牌05 中号 办公椅（人体工学）,办公椅,品牌05,中号,人体工学,黑色,16*1*1,16,CW69F,大卫,收货,上架
TVGL50S4Si,银色 品牌31 50英寸 电视机（超级超高清）,电视机,品牌31,50英寸,超级超高清,银色,8*1*1,8,BL12F,大卫,收货,上架
PeNa50WaWh,白色 品牌23 50 铅笔（水彩）,铅笔,品牌23,50,水彩,白色,48*10*5,2400,BI36G,迈克,收货,上架
KePH27MeNa,藏青色 品牌12 270 键盘（机械式）,键盘,品牌12,270,机械式,藏青色,16*10*1,160,BY27E,克里斯,收货,上架
DrRG90FiBe,米色 品牌03 900 抽屉柜（文件收纳）,抽屉柜,品牌03,900,文件收纳,米色,8*1*1,8,CF19G,莎拉,收货,上架
DrTE90SlGr,灰色 品牌04 900 抽屉柜（滑动式）,抽屉柜,品牌04,900,滑动式,灰色,8*1*1,8,AZ09H,克里斯,收货,上架
GaXEMErWh,白色 品牌06 中号 游戏椅（人体工学）,游戏椅,品牌06,中号,人体工学,白色,16*1*1,16,BH03E,莎拉,收货,上架
MoHc45ErNa,藏青色 品牌09 450 鼠标（人体工学）,鼠标,品牌09,450,人体工学,藏青色,16*10*1,160,CQ02H,艾米丽,收货,上架
TaCI15AdWh,白色 品牌27 1500 桌子（可调节）,桌子,品牌27,1500,可调节,白色,8*1*1,8,AX39C,劳拉,收货,上架
SPAl12SoPi,粉色 品牌20 12 触控笔（可溶性）,触控笔,品牌20,12,可溶性,粉色,48*10*5,2400,CH26E,约翰,收货,上架
TVEs50SFWh,白色 品牌32 50英寸 电视机（超级全高清）,电视机,品牌32,50英寸,超级全高清,白色,8*1*1,8,BO28A,迈克,收货,上架
PrSoA3InBl,黑色 品牌25 三号纸 打印机（喷墨）,打印机,品牌25,三号纸,喷墨,黑色,16*1*1,16,AY37H,约翰,收货,上架
TaCI15AdWh,白色 品牌27 1500 桌子（可调节）,桌子,品牌27,1500,可调节,白色,8*1*1,8,DR47B,大卫,收货,上架
LaSu14i5Gr,灰色 品牌11 14英寸 笔记本电脑（第5代处理器）,笔记本电脑,品牌11,14英寸,第5代处理器,灰色,16*1*1,16,AO23E,莎拉,收货,上架
TVEs50SFBl,黑色 品牌32 50英寸 电视机（超级全高清）,电视机,品牌32,50英寸,超级全高清,黑色,8*1*1,8,DK61D,迈克,收货,上架
KePH27BlNa,藏青色 品牌12 270 键盘（蓝牙）,键盘,品牌12,270,蓝牙,藏青色,16*10*1,160,DV69D,迈克,收货,上架
TaCI10AuSi,银色 品牌27 1000 桌子（自动调节）,桌子,品牌27,1000,自动调节,银色,8*1*1,8,DK82F,简,收货,上架
SPNa24HeGr,灰色 品牌23 24 触控笔（六角形）,触控笔,品牌23,24,六角形,灰色,48*10*5,2400,AF97D,大卫,收货,上架
TVGL654KGr,灰色 品牌31 65英寸 电视机（超高清）,电视机,品牌31,65英寸,超高清,灰色,8*1*1,8,CH59E,莎拉,收货,上架
TVGL754KSi,银色 品牌31 75英寸 电视机（超高清）,电视机,品牌31,75英寸,超高清,银色,8*1*1,8,CF35B,简,收货,上架
OfSELHePi,粉色 品牌08 大号 办公椅（头枕）,办公椅,品牌08,大号,头枕,粉色,16*1*1,16,DZ83B,劳拉,收货,上架
CuRG90FiBl,黑色 品牌03 900 储物柜（文件收纳）,储物柜,品牌03,900,文件收纳,黑色,8*1*1,8,CZ61C,艾米丽,收货,上架
TVGn65S4Si,银色 品牌30 65英寸 电视机（超级超高清）,电视机,品牌30,65英寸,超级超高清,银色,8*1*1,8,AZ98H,克里斯,收货,上架
CaTE18SlWh,白色 品牌04 1800 文件柜（滑动式）,文件柜,品牌04,1800,滑动式,白色,8*1*1,8,CO27F,克里斯,收货,上架
TVGn32SFBl,黑色 品牌30 32英寸 电视机（超级全高清）,电视机,品牌30,32英寸,超级全高清,黑色,8*1*1,8,AL92D,迈克,收货,上架
LaPH17i5Bl,黑色 品牌12 17英寸 笔记本电脑（第5代处理器）,笔记本电脑,品牌12,17英寸,第5代处理器,黑色,16*1*1,16,BO86G,简,收货,上架
DrTE18DoBl,黑色 品牌04 1800 抽屉柜（带门式）,抽屉柜,品牌04,1800,带门式,黑色,8*1*1,8,AO43E,亚历克斯,收货,上架
NoMuA5liWh,白色 品牌19 五号纸 笔记本（线条）,笔记本,品牌19,五号纸,线条,白色,48*10*5,2400,CG62C,劳拉,收货,上架
TVGn42S4Gr,灰色 品牌30 42英寸 电视机（超级超高清）,电视机,品牌30,42英寸,超级超高清,灰色,8*1*1,8,DW14A,亚历克斯,收货,上架
KeHc27BlNa,藏青色 品牌09 270 键盘（蓝牙）,键盘,品牌09,270,蓝牙,藏青色,16*10*1,160,AX97A,约翰,收货,上架
MoRe45ErWh,白色 品牌10 450 鼠标（人体工学）,鼠标,品牌10,450,人体工学,白色,16*10*1,160,BW66F,亚历克斯,收货,上架
CuTE18FiBe,米色 品牌04 1800 储物柜（文件收纳）,储物柜,品牌04,1800,文件收纳,米色,8*1*1,8,CX18H,克里斯,收货,上架
SPGi12SoPi,粉色 品牌21 12 触控笔（可溶性）,触控笔,品牌21,12,可溶性,粉色,48*10*5,2400,AZ32B,艾米丽,收货,上架
PrPHA4InBl,黑色 品牌12 四号纸 打印机（喷墨）,打印机,品牌12,四号纸,喷墨,黑色,16*1*1,16,AG90E,亚历克斯,收货,上架
KeHc27MeBl,黑色 品牌09 270 键盘（机械式）,键盘,品牌09,270,机械式,黑色,16*10*1,160,AL73D,艾米丽,收货,上架
DrTE90DoBe,米色 品牌04 900 抽屉柜（带门式）,抽屉柜,品牌04,900,带门式,米色,8*1*1,8,CZ32E,迈克,收货,上架
SPNa24SoBl,黑色 品牌23 24 触控笔（可溶性）,触控笔,品牌23,24,可溶性,黑色,48*10*5,2400,AP14B,艾米,收货,上架
TVYn42S4Bl,黑色 品牌15 42英寸 电视机（超级超高清）,电视机,品牌15,42英寸,超级超高清,黑色,8*1*1,8,AF42F,约翰,收货,上架
CuRG90DoWh,白色 品牌03 900 储物柜（带门式）,储物柜,品牌03,900,带门式,白色,8*1*1,8,AJ94H,简,收货,上架
DrTE18DoGr,灰色 品牌04 1800 抽屉柜（带门式）,抽屉柜,品牌04,1800,带门式,灰色,8*1*1,8,AP83F,莎拉,收货,上架
TVGn42SFGr,灰色 品牌30 42英寸 电视机（超级全高清）,电视机,品牌30,42英寸,超级全高清,灰色,8*1*1,8,BS23B,艾米,收货,上架
LaRe1432Bl,黑色 品牌14 14英寸 笔记本电脑（32吉字节内存）,笔记本电脑,品牌14,14英寸,32吉字节内存,黑色,16*1*1,16,BI79C,克里斯,收货,上架
TaTR18FrGr,灰色 品牌29 1800 桌子（框架式）,桌子,品牌29,1800,框架式,灰色,8*1*1,8,BS90A,艾米丽,收货,上架
GaXEMAdGr,灰色 品牌06 中号 游戏椅（可调节）,游戏椅,品牌06,中号,可调节,灰色,16*1*1,16,BK57B,莎拉,收货,上架
CaQE90FiBe,米色 品牌01 900 文件柜（文件收纳）,文件柜,品牌01,900,文件收纳,米色,8*1*1,8,DK68C,简,收货,上架
GaOGSLeWh,白色 品牌07 小号 游戏椅（皮革）,游戏椅,品牌07,小号,皮革,白色,16*1*1,16,BO32G,亚历克斯,收货,上架
CuRG18SlBe,米色 品牌03 1800 储物柜（滑动式）,储物柜,品牌03,1800,滑动式,米色,8*1*1,8,AY92C,简,收货,上架
GaXESErWh,白色 品牌06 小号 游戏椅（人体工学）,游戏椅,品牌06,小号,人体工学,白色,16*1*1,16,CR38G,亚历克斯,收货,上架
PrNoA2WiBl,黑色 品牌26 二号纸 打印机（无线网络）,打印机,品牌26,二号纸,无线网络,黑色,16*1*1,16,CQ18B,大卫,收货,上架
MoRe45MeBl,黑色 品牌10 450 鼠标（机械式）,鼠标,品牌10,450,机械式,黑色,16*10*1,160,AG71G,大卫,收货,上架
PrPHA4InWh,白色 品牌12 四号纸 打印机（喷墨）,打印机,品牌12,四号纸,喷墨,白色,16*1*1,16,AR57D,克里斯,收货,上架
PeNa12WaBl,黑色 品牌23 12 铅笔（水彩）,铅笔,品牌23,12,水彩,黑色,48*10*5,2400,AM84A,迈克,收货,上架
DrTE18SlBl,黑色 品牌04 1800 抽屉柜（滑动式）,抽屉柜,品牌04,1800,滑动式,黑色,8*1*1,8,AZ03C,迈克,收货,上架
AlYn178GWh,白色 品牌15 17英寸 一体机（8吉字节内存）,一体机,品牌15,17英寸,8吉字节内存,白色,16*1*1,16,BJ02E,迈克,收货,上架
DrWE90DoWh,白色 品牌02 900 抽屉柜（带门式）,抽屉柜,品牌02,900,带门式,白色,8*1*1,8,BJ46B,约翰,收货,上架
OfSESAdWh,白色 品牌08 小号 办公椅（可调节）,办公椅,品牌08,小号,可调节,白色,16*1*1,16,DQ87E,亚历克斯,收货,上架
AlYn14i7Wh,白色 品牌15 14英寸 一体机（第7代处理器）,一体机,品牌15,14英寸,第7代处理器,白色,16*1*1,16,AR75F,艾米丽,收货,上架
PrNoA2LaMi,混合色 品牌26 二号纸 打印机（激光）,打印机,品牌26,二号纸,激光,混合色,16*1*1,16,BW44D,亚历克斯,收货,上架
OfSELLeBl,黑色 品牌08 大号 办公椅（皮革）,办公椅,品牌08,大号,皮革,黑色,16*1*1,16,DY57C,艾米丽,收货,上架
TVEs50SFWh,白色 品牌32 50英寸 电视机（超级全高清）,电视机,品牌32,50英寸,超级全高清,白色,8*1*1,8,AZ08E,劳拉,收货,上架
NoGrA3ruWh,白色 品牌18 三号纸 笔记本（横线）,笔记本,品牌18,三号纸,横线,白色,48*10*5,2400,CG35A,约翰,收货,上架
OfXELAdGr,灰色 品牌06 大号 办公椅（可调节）,办公椅,品牌06,大号,可调节,灰色,16*1*1,16,DV93D,克里斯,收货,上架
PeAl50HeBl,黑色 品牌20 50 铅笔（六角形）,铅笔,品牌20,50,六角形,黑色,48*10*5,2400,AJ78H,约翰,收货,上架
PeAl50WaBl,黑色 品牌20 50 铅笔（水彩）,铅笔,品牌20,50,水彩,黑色,48*10*5,2400,AJ65D,艾米丽,收货,上架
DrRG90SlGr,灰色 品牌03 900 抽屉柜（滑动式）,抽屉柜,品牌03,900,滑动式,灰色,8*1*1,8,CG07E,劳拉,收货,上架
OfAEMLeBl,黑色 品牌05 中号 办公椅（皮革）,办公椅,品牌05,中号,皮革,黑色,16*1*1,16,BW65E,莎拉,收货,上架
PrSoA2WiBl,黑色 品牌25 二号纸 打印机（无线网络）,打印机,品牌25,二号纸,无线网络,黑色,16*1*1,16,DQ18F,艾米,收货,上架
CuWE90SlWh,白色 品牌02 900 储物柜（滑动式）,储物柜,品牌02,900,滑动式,白色,8*1*1,8,CH52E,大卫,收货,上架
CuQE12FiWh,白色 品牌01 1200 储物柜（文件收纳）,储物柜,品牌01,1200,文件收纳,白色,8*1*1,8,DL91A,约翰,收货,上架
SPAl50SoWh,白色 品牌20 50 触控笔（可溶性）,触控笔,品牌20,50,可溶性,白色,48*10*5,2400,DO22E,莎拉,收货,上架
LaSu15i5Wh,白色 品牌11 15英寸 笔记本电脑（第5代处理器）,笔记本电脑,品牌11,15英寸,第5代处理器,白色,16*1*1,16,BF77G,迈克,收货,上架
OfSESAdWh,白色 品牌08 小号 办公椅（可调节）,办公椅,品牌08,小号,可调节,白色,16*1*1,16,AI29C,亚历克斯,收货,上架
DrRG18SlWh,白色 品牌03 1800 抽屉柜（滑动式）,抽屉柜,品牌03,1800,滑动式,白色,8*1*1,8,BQ86E,亚历克斯,收货,上架
CaTE12LoGr,灰色 品牌04 1200 文件柜（储物锁柜）,文件柜,品牌04,1200,储物锁柜,灰色,8*1*1,8,DZ33D,艾米丽,收货,上架
KeRe27WiBl,黑色 品牌10 270 键盘（有线）,键盘,品牌10,270,有线,黑色,16*10*1,160,BM56F,克里斯,收货,上架
CaWE12LoBe,米色 品牌02 1200 文件柜（储物锁柜）,文件柜,品牌02,1200,储物锁柜,米色,8*1*1,8,CZ56C,艾米,收货,上架
LaYn1516Bl,黑色 品牌15 15英寸 笔记本电脑（16吉字节内存）,笔记本电脑,品牌15,15英寸,16吉字节内存,黑色,16*1*1,16,DX09D,迈克,收货,上架
TVEs324KWh,白色 品牌32 32英寸 电视机（超高清）,电视机,品牌32,32英寸,超高清,白色,8*1*1,8,AN44C,约翰,收货,上架
MoRe45WiWh,白色 品牌10 450 鼠标（有线）,鼠标,品牌10,450,有线,白色,16*10*1,160,AO26A,艾米,收货,上架
TVEs324KBl,黑色 品牌32 32英寸 电视机（超高清）,电视机,品牌32,32英寸,超高清,黑色,8*1*1,8,DS32B,莎拉,收货,上架
PeAl24HeBl,黑色 品牌20 24 铅笔（六角形）,铅笔,品牌20,24,六角形,黑色,48*10*5,2400,AJ32A,亚历克斯,收货,上架
PeNa24SoBl,黑色 品牌23 24 铅笔（可溶性）,铅笔,品牌23,24,可溶性,黑色,48*10*5,2400,DU03C,莎拉,收货,上架
DrWE12LoBe,米色 品牌02 1200 抽屉柜（储物锁柜）,抽屉柜,品牌02,1200,储物锁柜,米色,8*1*1,8,BU92C,约翰,收货,上架
CuRG90SlGr,灰色 品牌03 900 储物柜（滑动式）,储物柜,品牌03,900,滑动式,灰色,8*1*1,8,AJ63F,大卫,收货,上架
TVGn324KWh,白色 品牌30 32英寸 电视机（超高清）,电视机,品牌30,32英寸,超高清,白色,8*1*1,8,BF17G,亚历克斯,收货,上架
KePH35MeBl,黑色 品牌12 350 键盘（机械式）,键盘,品牌12,350,机械式,黑色,16*10*1,160,DW14B,艾米,收货,上架
TVGL50SFGr,灰色 品牌31 50英寸 电视机（超级全高清）,电视机,品牌31,50英寸,超级全高清,灰色,8*1*1,8,AI75G,艾米,收货,上架
TVYn42S4Si,银色 品牌15 42英寸 电视机（超级超高清）,电视机,品牌15,42英寸,超级超高清,银色,8*1*1,8,DF71E,艾米,收货,上架
KeSu35BlWh,白色 品牌11 350 键盘（蓝牙）,键盘,品牌11,350,蓝牙,白色,16*10*1,160,DH88D,劳拉,收货,上架
CaTE90SlWh,白色 品牌04 900 文件柜（滑动式）,文件柜,品牌04,900,滑动式,白色,8*1*1,8,AU73F,艾米丽,收货,上架
TVGL65SFBl,黑色 品牌31 65英寸 电视机（超级全高清）,电视机,品牌31,65英寸,超级全高清,黑色,8*1*1,8,BG55E,艾米丽,收货,上架
CuRG18FiWh,白色 品牌03 1800 储物柜（文件收纳）,储物柜,品牌03,1800,文件收纳,白色,8*1*1,8,BK20E,克里斯,收货,上架
GaAESErWh,白色 品牌05 小号 游戏椅（人体工学）,游戏椅,品牌05,小号,人体工学,白色,16*1*1,16,BL39G,克里斯,收货,上架
OfAELHeBl,黑色 品牌05 大号 办公椅（头枕）,办公椅,品牌05,大号,头枕,黑色,16*1*1,16,BR34F,劳拉,收货,上架
TVGL75FHGr,灰色 品牌31 75英寸 电视机（全高清）,电视机,品牌31,75英寸,全高清,灰色,8*1*1,8,CQ61D,劳拉,收货,上架
TaAE15FrBl,黑色 品牌05 1500 桌子（框架式）,桌子,品牌05,1500,框架式,黑色,8*1*1,8,BK72B,亚历克斯,收货,上架
PrNoA3InBl,黑色 品牌26 三号纸 打印机（喷墨）,打印机,品牌26,三号纸,喷墨,黑色,16*1*1,16,AW26G,大卫,收货,上架
CuWE12FiGr,灰色 品牌02 1200 储物柜（文件收纳）,储物柜,品牌02,1200,文件收纳,灰色,8*1*1,8,BU38G,简,收货,上架
CuRG12DoWh,白色 品牌03 1200 储物柜（带门式）,储物柜,品牌03,1200,带门式,白色,8*1*1,8,AQ61G,劳拉,收货,上架
TVEs75FHBl,黑色 品牌32 75英寸 电视机（全高清）,电视机,品牌32,75英寸,全高清,黑色,8*1*1,8,CN12H,莎拉,收货,上架
TVEs424KSi,银色 品牌32 42英寸 电视机（超高清）,电视机,品牌32,42英寸,超高清,银色,8*1*1,8,CG53A,艾米,收货,上架
CaRG12FiWh,白色 品牌03 1200 文件柜（文件收纳）,文件柜,品牌03,1200,文件收纳,白色,8*1*1,8,DR67C,莎拉,收货,上架
LaYn15i7Si,银色 品牌15 15英寸 笔记本电脑（第7代处理器）,笔记本电脑,品牌15,15英寸,第7代处理器,银色,16*1*1,16,DF50H,迈克,收货,上架
TVYn50FHWh,白色 品牌15 50英寸 电视机（全高清）,电视机,品牌15,50英寸,全高清,白色,8*1*1,8,AN31A,亚历克斯,收货,上架
LaPH14i7Wh,白色 品牌12 14英寸 笔记本电脑（第7代处理器）,笔记本电脑,品牌12,14英寸,第7代处理器,白色,16*1*1,16,BI60E,简,收货,上架
PrSoA3MoWh,白色 品牌25 三号纸 打印机（黑白）,打印机,品牌25,三号纸,黑白,白色,16*1*1,16,AY75B,亚历克斯,收货,上架
TVGL32FHWh,白色 品牌31 32英寸 电视机（全高清）,电视机,品牌31,32英寸,全高清,白色,8*1*1,8,CI44B,劳拉,收货,上架
PrNoA4WiWh,白色 品牌26 四号纸 打印机（无线网络）,打印机,品牌26,四号纸,无线网络,白色,16*1*1,16,DK41F,迈克,收货,上架
DrQE90FiGr,灰色 品牌01 900 抽屉柜（文件收纳）,抽屉柜,品牌01,900,文件收纳,灰色,8*1*1,8,BK05G,约翰,收货,上架
DrTE90SlBe,米色 品牌04 900 抽屉柜（滑动式）,抽屉柜,品牌04,900,滑动式,米色,8*1*1,8,CY29G,克里斯,收货,上架
DrRG12DoWh,白色 品牌03 1200 抽屉柜（带门式）,抽屉柜,品牌03,1200,带门式,白色,8*1*1,8,DY39G,约翰,收货,上架
SPAl50HeBl,黑色 品牌20 50 触控笔（六角形）,触控笔,品牌20,50,六角形,黑色,48*10*5,2400,CM14F,艾米,收货,上架
AlRe1532Bl,黑色 品牌14 15英寸 一体机（32吉字节内存）,一体机,品牌14,15英寸,32吉字节内存,黑色,16*1*1,16,AF67E,莎拉,收货,上架
CaRG18FiBl,黑色 品牌03 1800 文件柜（文件收纳）,文件柜,品牌03,1800,文件收纳,黑色,8*1*1,8,CJ18D,劳拉,收货,上架
AlOv1532Si,银色 品牌13 15英寸 一体机（32吉字节内存）,一体机,品牌13,15英寸,32吉字节内存,银色,16*1*1,16,BK76A,亚历克斯,收货,上架
MoSu35ErWh,白色 品牌11 350 鼠标（人体工学）,鼠标,品牌11,350,人体工学,白色,16*10*1,160,DW47D,简,收货,上架
GaAEMHeBl,黑色 品牌05 中号 游戏椅（头枕）,游戏椅,品牌05,中号,头枕,黑色,16*1*1,16,BM71G,艾米,收货,上架
LaOv1532Wh,白色 品牌13 15英寸 笔记本电脑（32吉字节内存）,笔记本电脑,品牌13,15英寸,32吉字节内存,白色,16*1*1,16,AS75D,莎拉,收货,上架
CaQE18LoBl,黑色 品牌01 1800 文件柜（储物锁柜）,文件柜,品牌01,1800,储物锁柜,黑色,8*1*1,8,BI63C,迈克,收货,上架
TaTR15WoGr,灰色 品牌29 1500 桌子（工作站）,桌子,品牌29,1500,工作站,灰色,8*1*1,8,AY91C,劳拉,收货,上架
PeNa50SoWh,白色 品牌23 50 铅笔（可溶性）,铅笔,品牌23,50,可溶性,白色,48*10*5,2400,DJ41F,迈克,收货,上架
CaTE90LoBl,黑色 品牌04 900 文件柜（储物锁柜）,文件柜,品牌04,900,储物锁柜,黑色,8*1*1,8,CW74G,莎拉,收货,上架
CaRG90DoWh,白色 品牌03 900 文件柜（带门式）,文件柜,品牌03,900,带门式,白色,8*1*1,8,AU37H,莎拉,收货,上架
PrSoA2InBl,黑色 品牌25 二号纸 打印机（喷墨）,打印机,品牌25,二号纸,喷墨,黑色,16*1*1,16,AY64F,约翰,收货,上架
SPRe12HeBl,黑色 品牌22 12 触控笔（六角形）,触控笔,品牌22,12,六角形,黑色,48*10*5,2400,AM06E,迈克,收货,上架
MoRe27BlPi,粉色 品牌10 270 鼠标（蓝牙）,鼠标,品牌10,270,蓝牙,粉色,16*10*1,160,DK53B,迈克,收货,上架
TVGn32FHBl,黑色 品牌30 32英寸 电视机（全高清）,电视机,品牌30,32英寸,全高清,黑色,8*1*1,8,CT68A,莎拉,收货,上架
AlYn1732Bl,黑色 品牌15 17英寸 一体机（32吉字节内存）,一体机,品牌15,17英寸,32吉字节内存,黑色,16*1*1,16,CY95C,艾米丽,收货,上架
NoGrA4ruGr,灰色 品牌18 四号纸 笔记本（横线）,笔记本,品牌18,四号纸,横线,灰色,48*10*5,2400,CX44A,亚历克斯,收货,上架
AlRe1416Bl,黑色 品牌14 14英寸 一体机（16吉字节内存）,一体机,品牌14,14英寸,16吉字节内存,黑色,16*1*1,16,AK55A,莎拉,收货,上架
LaPH14i7Bl,黑色 品牌12 14英寸 笔记本电脑（第7代处理器）,笔记本电脑,品牌12,14英寸,第7代处理器,黑色,16*1*1,16,CH34A,艾米,收货,上架
GaXEMAdPi,粉色 品牌06 中号 游戏椅（可调节）,游戏椅,品牌06,中号,可调节,粉色,16*1*1,16,DX79E,艾米丽,收货,上架
PrNoA4WiWh,白色 品牌26 四号纸 打印机（无线网络）,打印机,品牌26,四号纸,无线网络,白色,16*1*1,16,BR04C,亚历克斯,收货,上架
AlSu1416Si,银色 品牌11 14英寸 一体机（16吉字节内存）,一体机,品牌11,14英寸,16吉字节内存,银色,16*1*1,16,DX20G,约翰,收货,上架
GaAEMErGr,灰色 品牌05 中号 游戏椅（人体工学）,游戏椅,品牌05,中号,人体工学,灰色,16*1*1,16,AR76E,艾米,收货,上架
LaSu178GGr,灰色 品牌11 17英寸 笔记本电脑（8吉字节内存）,笔记本电脑,品牌11,17英寸,8吉字节内存,灰色,16*1*1,16,CW83B,克里斯,收货,上架
PrSoA3LaMi,混合色 品牌25 三号纸 打印机（激光）,打印机,品牌25,三号纸,激光,混合色,16*1*1,16,DZ22E,克里斯,收货,上架
NoMuA4liWh,白色 品牌19 四号纸 笔记本（线条）,笔记本,品牌19,四号纸,线条,白色,48*10*5,2400,DM23D,艾米,收货,上架
AlOv148GWh,白色 品牌13 14英寸 一体机（8吉字节内存）,一体机,品牌13,14英寸,8吉字节内存,白色,16*1*1,16,AX01B,莎拉,收货,上架
AlYn1732Bl,黑色 品牌15 17英寸 一体机（32吉字节内存）,一体机,品牌15,17英寸,32吉字节内存,黑色,16*1*1,16,BZ24D,艾米丽,收货,上架
LaYn1516Gr,灰色 品牌15 15英寸 笔记本电脑（16吉字节内存）,笔记本电脑,品牌15,15英寸,16吉字节内存,灰色,16*1*1,16,BX30H,劳拉,收货,上架
CuRG12FiWh,白色 品牌03 1200 储物柜（文件收纳）,储物柜,品牌03,1200,文件收纳,白色,8*1*1,8,AG13H,亚历克斯,收货,上架
AlSu1532Gr,灰色 品牌11 15英寸 一体机（32吉字节内存）,一体机,品牌11,15英寸,32吉字节内存,灰色,16*1*1,16,AY56D,艾米,收货,上架
AlOv14i7Si,银色 品牌13 14英寸 一体机（第7代处理器）,一体机,品牌13,14英寸,第7代处理器,银色,16*1*1,16,DI97F,莎拉,收货,上架
DrQE18FiGr,灰色 品牌01 1800 抽屉柜（文件收纳）,抽屉柜,品牌01,1800,文件收纳,灰色,8*1*1,8,AQ64A,艾米丽,收货,上架
PeRe24SoPi,粉色 品牌22 24 铅笔（可溶性）,铅笔,品牌22,24,可溶性,粉色,48*10*5,2400,DO89D,迈克,收货,上架
CuWE18DoBe,米色 品牌02 1800 储物柜（带门式）,储物柜,品牌02,1800,带门式,米色,8*1*1,8,DK85C,艾米,收货,上架
SPGi50HeBl,黑色 品牌21 50 触控笔（六角形）,触控笔,品牌21,50,六角形,黑色,48*10*5,2400,AQ01B,莎拉,收货,上架
OfOGMAdWh,白色 品牌07 中号 办公椅（可调节）,办公椅,品牌07,中号,可调节,白色,16*1*1,16,DV34E,亚历克斯,收货,上架
TaCI10AuSi,银色 品牌27 1000 桌子（自动调节）,桌子,品牌27,1000,自动调节,银色,8*1*1,8,BO43H,莎拉,收货,上架
NoMuA4ruGr,灰色 品牌19 四号纸 笔记本（横线）,笔记本,品牌19,四号纸,横线,灰色,48*10*5,2400,AI53C,简,收货,上架
LaSu178GSi,银色 品牌11 17英寸 笔记本电脑（8吉字节内存）,笔记本电脑,品牌11,17英寸,8吉字节内存,银色,16*1*1,16,BV72F,大卫,收货,上架
PrSoA3InGr,灰色 品牌25 三号纸 打印机（喷墨）,打印机,品牌25,三号纸,喷墨,灰色,16*1*1,16,BG32E,劳拉,收货,上架
TaTR10AuWh,白色 品牌28 1000 桌子（自动调节）,桌子,品牌28,1000,自动调节,白色,8*1*1,8,BR28G,劳拉,收货,上架
LaSu17i5Gr,灰色 品牌11 17英寸 笔记本电脑（第5代处理器）,笔记本电脑,品牌11,17英寸,第5代处理器,灰色,16*1*1,16,DQ35B,简,收货,上架
CaWE18DoWh,白色 品牌02 1800 文件柜（带门式）,文件柜,品牌02,1800,带门式,白色,8*1*1,8,DV59F,迈克,收货,上架
TVGn50S4Wh,白色 品牌30 50英寸 电视机（超级超高清）,电视机,品牌30,50英寸,超级超高清,白色,8*1*1,8,CY58F,艾米丽,收货,上架
TaCI18AuBl,黑色 品牌27 1800 桌子（自动调节）,桌子,品牌27,1800,自动调节,黑色,8*1*1,8,BM01G,亚历克斯,收货,上架
LaRe1532Si,银色 品牌14 15英寸 笔记本电脑（32吉字节内存）,笔记本电脑,品牌14,15英寸,32吉字节内存,银色,16*1*1,16,AU52F,艾米,收货,上架
PeRe50SoGr,灰色 品牌22 50 铅笔（可溶性）,铅笔,品牌22,50,可溶性,灰色,48*10*5,2400,CU78A,莎拉,收货,上架
NoMuA3ruWh,白色 品牌19 三号纸 笔记本（横线）,笔记本,品牌19,三号纸,横线,白色,48*10*5,2400,CT71C,亚历克斯,收货,上架
AlYn1432Gr,灰色 品牌15 14英寸 一体机（32吉字节内存）,一体机,品牌15,14英寸,32吉字节内存,灰色,16*1*1,16,DO51G,亚历克斯,收货,上架
KePH35WiBl,黑色 品牌12 350 键盘（有线）,键盘,品牌12,350,有线,黑色,16*10*1,160,BU39A,亚历克斯,收货,上架
TaTR18AuGr,灰色 品牌28 1800 桌子（自动调节）,桌子,品牌28,1800,自动调节,灰色,8*1*1,8,DQ39G,简,收货,上架
LaYn14i5Wh,白色 品牌15 14英寸 笔记本电脑（第5代处理器）,笔记本电脑,品牌15,14英寸,第5代处理器,白色,16*1*1,16,AZ31A,约翰,收货,上架
TVGn32FHBl,黑色 品牌30 32英寸 电视机（全高清）,电视机,品牌30,32英寸,全高清,黑色,8*1*1,8,AG34G,迈克,收货,上架
LaOv15i7Wh,白色 品牌13 15英寸 笔记本电脑（第7代处理器）,笔记本电脑,品牌13,15英寸,第7代处理器,白色,16*1*1,16,AJ67C,大卫,收货,上架
CaWE12LoWh,白色 品牌02 1200 文件柜（储物锁柜）,文件柜,品牌02,1200,储物锁柜,白色,8*1*1,8,CR66F,艾米丽,收货,上架
LaPH14i5Gr,灰色 品牌12 14英寸 笔记本电脑（第5代处理器）,笔记本电脑,品牌12,14英寸,第5代处理器,灰色,16*1*1,16,DH33D,迈克,收货,上架
TaAE15WoBl,黑色 品牌05 1500 桌子（工作站）,桌子,品牌05,1500,工作站,黑色,8*1*1,8,DM01D,克里斯,收货,上架
AlRe14i7Si,银色 品牌14 14英寸 一体机（第7代处理器）,一体机,品牌14,14英寸,第7代处理器,银色,16*1*1,16,AN54D,艾米丽,收货,上架
AlRe148GSi,银色 品牌14 14英寸 一体机（8吉字节内存）,一体机,品牌14,14英寸,8吉字节内存,银色,16*1*1,16,AY07A,劳拉,收货,上架
LaPH15i5Si,银色 品牌12 15英寸 笔记本电脑（第5代处理器）,笔记本电脑,品牌12,15英寸,第5代处理器,银色,16*1*1,16,DL56A,艾米丽,收货,上架
PrReA2MoWh,白色 品牌24 二号纸 打印机（黑白）,打印机,品牌24,二号纸,黑白,白色,16*1*1,16,AR29A,迈克,收货,上架
TVYn65FHWh,白色 品牌15 65英寸 电视机（全高清）,电视机,品牌15,65英寸,全高清,白色,8*1*1,8,AU32G,艾米,收货,上架
LaSu15i7Wh,白色 品牌11 15英寸 笔记本电脑（第7代处理器）,笔记本电脑,品牌11,15英寸,第7代处理器,白色,16*1*1,16,DZ47G,亚历克斯,收货,上架
LaYn17i5Wh,白色 品牌15 17英寸 笔记本电脑（第5代处理器）,笔记本电脑,品牌15,17英寸,第5代处理器,白色,16*1*1,16,CF86A,莎拉,收货,上架
SPAl24HePi,粉色 品牌20 24 触控笔（六角形）,触控笔,品牌20,24,六角形,粉色,48*10*5,2400,DH68C,大卫,收货,上架
TVYn50SFWh,白色 品牌15 50英寸 电视机（超级全高清）,电视机,品牌15,50英寸,超级全高清,白色,8*1*1,8,BT89B,迈克,收货,上架
AlOv15i7Si,银色 品牌13 15英寸 一体机（第7代处理器）,一体机,品牌13,15英寸,第7代处理器,银色,16*1*1,16,BY42H,劳拉,收货,上架
NoGrA5ruWh,白色 品牌18 五号纸 笔记本（横线）,笔记本,品牌18,五号纸,横线,白色,48*10*5,2400,DR97H,亚历克斯,收货,上架
SPGi24WaWh,白色 品牌21 24 触控笔（水彩）,触控笔,品牌21,24,水彩,白色,48*10*5,2400,AI70E,艾米,收货,上架
PrNoA2MoWh,白色 品牌26 二号纸 打印机（黑白）,打印机,品牌26,二号纸,黑白,白色,16*1*1,16,CH86A,劳拉,收货,上架
LaPH1532Gr,灰色 品牌12 15英寸 笔记本电脑（32吉字节内存）,笔记本电脑,品牌12,15英寸,32吉字节内存,灰色,16*1*1,16,BS31D,艾米丽,收货,上架
AlOv15i7Wh,白色 品牌13 15英寸 一体机（第7代处理器）,一体机,品牌13,15英寸,第7代处理器,白色,16*1*1,16,CV68A,亚历克斯,收货,上架
GaSEMLeWh,白色 品牌08 中号 游戏椅（皮革）,游戏椅,品牌08,中号,皮革,白色,16*1*1,16,CW22C,约翰,收货,上架
DrRG12SlBe,米色 品牌03 1200 抽屉柜（滑动式）,抽屉柜,品牌03,1200,滑动式,米色,8*1*1,8,BM43A,艾米,收货,上架
DrTE18FiBl,黑色 品牌04 1800 抽屉柜（文件收纳）,抽屉柜,品牌04,1800,文件收纳,黑色,8*1*1,8,CK26E,克里斯,收货,上架
TaTR15AuWh,白色 品牌28 1500 桌子（自动调节）,桌子,品牌28,1500,自动调节,白色,8*1*1,8,AL15A,艾米丽,收货,上架
SPRe50HePi,粉色 品牌22 50 触控笔（六角形）,触控笔,品牌22,50,六角形,粉色,48*10*5,2400,DH81F,约翰,收货,上架
DrRG90SlBl,黑色 品牌03 900 抽屉柜（滑动式）,抽屉柜,品牌03,900,滑动式,黑色,8*1*1,8,AQ12H,大卫,收货,上架
PrNoA3LaGr,灰色 品牌26 三号纸 打印机（激光）,打印机,品牌26,三号纸,激光,灰色,16*1*1,16,BX89A,艾米,收货,上架
LaOv1432Bl,黑色 品牌13 14英寸 笔记本电脑（32吉字节内存）,笔记本电脑,品牌13,14英寸,32吉字节内存,黑色,16*1*1,16,BY30A,约翰,收货,上架
PeGi12SoBl,黑色 品牌21 12 铅笔（可溶性）,铅笔,品牌21,12,可溶性,黑色,48*10*5,2400,BH31G,艾米,收货,上架
PrReA3MoMi,混合色 品牌24 三号纸 打印机（黑白）,打印机,品牌24,三号纸,黑白,混合色,16*1*1,16,DU75G,艾米,收货,上架
PeAl12SoPi,粉色 品牌20 12 铅笔（可溶性）,铅笔,品牌20,12,可溶性,粉色,48*10*5,2400,AF77A,迈克,收货,上架
TVYn75SFBl,黑色 品牌15 75英寸 电视机（超级全高清）,电视机,品牌15,75英寸,超级全高清,黑色,8*1*1,8,CX98H,亚历克斯,收货,上架
PrNoA3InMi,混合色 品牌26 三号纸 打印机（喷墨）,打印机,品牌26,三号纸,喷墨,混合色,16*1*1,16,DR69E,大卫,收货,上架
LaYn14i5Gr,灰色 品牌15 14英寸 笔记本电脑（第5代处理器）,笔记本电脑,品牌15,14英寸,第5代处理器,灰色,16*1*1,16,AJ10E,莎拉,收货,上架
LaYn1416Bl,黑色 品牌15 14英寸 笔记本电脑（16吉字节内存）,笔记本电脑,品牌15,14英寸,16吉字节内存,黑色,16*1*1,16,DN76B,艾米,收货,上架
PrReA2InWh,白色 品牌24 二号纸 打印机（喷墨）,打印机,品牌24,二号纸,喷墨,白色,16*1*1,16,BH35B,大卫,收货,上架
TVGL654KBl,黑色 品牌31 65英寸 电视机（超高清）,电视机,品牌31,65英寸,超高清,黑色,8*1*1,8,AW38H,迈克,收货,上架
TVEs50S4Si,银色 品牌32 50英寸 电视机（超级超高清）,电视机,品牌32,50英寸,超级超高清,银色,8*1*1,8,DH03C,大卫,收货,上架
LaSu158GSi,银色 品牌11 15英寸 笔记本电脑（8吉字节内存）,笔记本电脑,品牌11,15英寸,8吉字节内存,银色,16*1*1,16,CQ31C,艾米丽,收货,上架
TVYn324KWh,白色 品牌15 32英寸 电视机（超高清）,电视机,品牌15,32英寸,超高清,白色,8*1*1,8,CY33D,迈克,收货,上架
LaPH14i7Si,银色 品牌12 14英寸 笔记本电脑（第7代处理器）,笔记本电脑,品牌12,14英寸,第7代处理器,银色,16*1*1,16,BG37F,劳拉,收货,上架
MoRe35ErBl,黑色 品牌10 350 鼠标（人体工学）,鼠标,品牌10,350,人体工学,黑色,16*10*1,160,DH51D,大卫,收货,上架
CaTE90DoGr,灰色 品牌04 900 文件柜（带门式）,文件柜,品牌04,900,带门式,灰色,8*1*1,8,CQ61A,克里斯,收货,上架
NoMuA5ruBl,黑色 品牌19 五号纸 笔记本（横线）,笔记本,品牌19,五号纸,横线,黑色,48*10*5,2400,BO19A,迈克,收货,上架
AlSu1432Wh,白色 品牌11 14英寸 一体机（32吉字节内存）,一体机,品牌11,14英寸,32吉字节内存,白色,16*1*1,16,AJ14G,大卫,收货,上架
TVYn50SFBl,黑色 品牌15 50英寸 电视机（超级全高清）,电视机,品牌15,50英寸,超级全高清,黑色,8*1*1,8,CM64G,克里斯,收货,上架
LaRe1732Wh,白色 品牌14 17英寸 笔记本电脑（32吉字节内存）,笔记本电脑,品牌14,17英寸,32吉字节内存,白色,16*1*1,16,BI62B,约翰,收货,上架
NoMuA4liGr,灰色 品牌19 四号纸 笔记本（线条）,笔记本,品牌19,四号纸,线条,灰色,48*10*5,2400,AZ02A,亚历克斯,收货,上架
AlPH14i5Si,银色 品牌12 14英寸 一体机（第5代处理器）,一体机,品牌12,14英寸,第5代处理器,银色,16*1*1,16,DV36D,艾米,收货,上架
AlSu1516Si,银色 品牌11 15英寸 一体机（16吉字节内存）,一体机,品牌11,15英寸,16吉字节内存,银色,16*1*1,16,CT25E,艾米,收货,上架
TVYn75S4Si,银色 品牌15 75英寸 电视机（超级超高清）,电视机,品牌15,75英寸,超级超高清,银色,8*1*1,8,AM74H,迈克,收货,上架
CaTE12FiWh,白色 品牌04 1200 文件柜（文件收纳）,文件柜,品牌04,1200,文件收纳,白色,8*1*1,8,CQ60E,亚历克斯,收货,上架
OfOGLAdGr,灰色 品牌07 大号 办公椅（可调节）,办公椅,品牌07,大号,可调节,灰色,16*1*1,16,DJ10C,约翰,收货,上架
NoScA5doSi,银色 品牌17 五号纸 笔记本（点阵）,笔记本,品牌17,五号纸,点阵,银色,48*10*5,2400,DU50G,大卫,收货,上架
PeGi50HeWh,白色 品牌21 50 铅笔（六角形）,铅笔,品牌21,50,六角形,白色,48*10*5,2400,DM79E,劳拉,收货,上架
PrReA3InGr,灰色 品牌24 三号纸 打印机（喷墨）,打印机,品牌24,三号纸,喷墨,灰色,16*1*1,16,CT63G,迈克,收货,上架
TaAE18AdWh,白色 品牌05 1800 桌子（可调节）,桌子,品牌05,1800,可调节,白色,8*1*1,8,CQ31A,劳拉,收货,上架
OfXEMHePi,粉色 品牌06 中号 办公椅（头枕）,办公椅,品牌06,中号,头枕,粉色,16*1*1,16,DQ07F,大卫,收货,上架
MoSu45MeBl,黑色 品牌11 450 鼠标（机械式）,鼠标,品牌11,450,机械式,黑色,16*10*1,160,BS19B,简,收货,上架
CuRG18SlWh,白色 品牌03 1800 储物柜（滑动式）,储物柜,品牌03,1800,滑动式,白色,8*1*1,8,BW23H,大卫,收货,上架
GaXESAdWh,白色 品牌06 小号 游戏椅（可调节）,游戏椅,品牌06,小号,可调节,白色,16*1*1,16,AX70B,莎拉,收货,上架
AlYn158GWh,白色 品牌15 15英寸 一体机（8吉字节内存）,一体机,品牌15,15英寸,8吉字节内存,白色,16*1*1,16,DS39C,艾米,收货,上架
DrTE90FiBl,黑色 品牌04 900 抽屉柜（文件收纳）,抽屉柜,品牌04,900,文件收纳,黑色,8*1*1,8,DS25G,简,收货,上架
PrReA4LaGr,灰色 品牌24 四号纸 打印机（激光）,打印机,品牌24,四号纸,激光,灰色,16*1*1,16,AU39G,简,收货,上架
CaRG90DoBl,黑色 品牌03 900 文件柜（带门式）,文件柜,品牌03,900,带门式,黑色,8*1*1,8,DI17D,简,收货,上架
AlPH1732Wh,白色 品牌12 17英寸 一体机（32吉字节内存）,一体机,品牌12,17英寸,32吉字节内存,白色,16*1*1,16,AJ62G,约翰,收货,上架
TVGL424KBl,黑色 品牌31 42英寸 电视机（超高清）,电视机,品牌31,42英寸,超高清,黑色,8*1*1,8,DV02G,艾米丽,收货,上架
OfXEMLeGr,灰色 品牌06 中号 办公椅（皮革）,办公椅,品牌06,中号,皮革,灰色,16*1*1,16,DV77A,莎拉,收货,上架
CuWE12DoBe,米色 品牌02 1200 储物柜（带门式）,储物柜,品牌02,1200,带门式,米色,8*1*1,8,CP06C,约翰,收货,上架
PrReA3LaMi,混合色 品牌24 三号纸 打印机（激光）,打印机,品牌24,三号纸,激光,混合色,16*1*1,16,AO42E,艾米,收货,上架
TaCI10AdBl,黑色 品牌27 1000 桌子（可调节）,桌子,品牌27,1000,可调节,黑色,8*1*1,8,BG47A,艾米丽,收货,上架
CuQE90DoBl,黑色 品牌01 900 储物柜（带门式）,储物柜,品牌01,900,带门式,黑色,8*1*1,8,DO98E,亚历克斯,收货,上架
AlRe158GSi,银色 品牌14 15英寸 一体机（8吉字节内存）,一体机,品牌14,15英寸,8吉字节内存,银色,16*1*1,16,AP29H,克里斯,收货,上架
TVGn50FHBl,黑色 品牌30 50英寸 电视机（全高清）,电视机,品牌30,50英寸,全高清,黑色,8*1*1,8,AO63E,艾米丽,收货,上架
LaPH148GGr,灰色 品牌12 14英寸 笔记本电脑（8吉字节内存）,笔记本电脑,品牌12,14英寸,8吉字节内存,灰色,16*1*1,16,BJ38C,约翰,收货,上架
TVGn424KSi,银色 品牌30 42英寸 电视机（超高清）,电视机,品牌30,42英寸,超高清,银色,8*1*1,8,DT29A,艾米,收货,上架
TaTR10AdGr,灰色 品牌28 1000 桌子（可调节）,桌子,品牌28,1000,可调节,灰色,8*1*1,8,AG89D,亚历克斯,收货,上架
GaXELErPi,粉色 品牌06 大号 游戏椅（人体工学）,游戏椅,品牌06,大号,人体工学,粉色,16*1*1,16,DJ08D,艾米丽,收货,上架
PeGi50WaPi,粉色 品牌21 50 铅笔（水彩）,铅笔,品牌21,50,水彩,粉色,48*10*5,2400,AF71G,克里斯,收货,上架
NoExA4doWh,白色 品牌16 四号纸 笔记本（点阵）,笔记本,品牌16,四号纸,点阵,白色,48*10*5,2400,CK90A,大卫,收货,上架
TVYn75FHBl,黑色 品牌15 75英寸 电视机（全高清）,电视机,品牌15,75英寸,全高清,黑色,8*1*1,8,DW43E,简,收货,上架
AlPH14i7Bl,黑色 品牌12 14英寸 一体机（第7代处理器）,一体机,品牌12,14英寸,第7代处理器,黑色,16*1*1,16,AR12C,劳拉,收货,上架
MoSu27WiPi,粉色 品牌11 270 鼠标（有线）,鼠标,品牌11,270,有线,粉色,16*10*1,160,BG61A,莎拉,收货,上架
PrNoA2LaWh,白色 品牌26 二号纸 打印机（激光）,打印机,品牌26,二号纸,激光,白色,16*1*1,16,BT61F,简,收货,上架
PeRe24SoWh,白色 品牌22 24 铅笔（可溶性）,铅笔,品牌22,24,可溶性,白色,48*10*5,2400,DI14C,亚历克斯,收货,上架
MoRe45MeWh,白色 品牌10 450 鼠标（机械式）,鼠标,品牌10,450,机械式,白色,16*10*1,160,DT59A,迈克,收货,上架
TVYn32FHWh,白色 品牌15 32英寸 电视机（全高清）,电视机,品牌15,32英寸,全高清,白色,8*1*1,8,BL01H,克里斯,收货,上架
CaWE18FiBe,米色 品牌02 1800 文件柜（文件收纳）,文件柜,品牌02,1800,文件收纳,米色,8*1*1,8,AV37C,劳拉,收货,上架
LaOv148GWh,白色 品牌13 14英寸 笔记本电脑（8吉字节内存）,笔记本电脑,品牌13,14英寸,8吉字节内存,白色,16*1*1,16,BU22D,约翰,收货,上架
TVGL65S4Gr,灰色 品牌31 65英寸 电视机（超级超高清）,电视机,品牌31,65英寸,超级超高清,灰色,8*1*1,8,DG22A,劳拉,收货,上架
PrReA2WiBl,黑色 品牌24 二号纸 打印机（无线网络）,打印机,品牌24,二号纸,无线网络,黑色,16*1*1,16,AV09B,劳拉,收货,上架
MoRe27MeWh,白色 品牌10 270 鼠标（机械式）,鼠标,品牌10,270,机械式,白色,16*10*1,160,CX27D,迈克,收货,上架
LaSu148GGr,灰色 品牌11 14英寸 笔记本电脑（8吉字节内存）,笔记本电脑,品牌11,14英寸,8吉字节内存,灰色,16*1*1,16,BI91A,克里斯,收货,上架
OfOGSErGr,灰色 品牌07 小号 办公椅（人体工学）,办公椅,品牌07,小号,人体工学,灰色,16*1*1,16,CY86F,克里斯,收货,上架
TVEs65FHSi,银色 品牌32 65英寸 电视机（全高清）,电视机,品牌32,65英寸,全高清,银色,8*1*1,8,CF88D,莎拉,收货,上架
CuWE18LoWh,白色 品牌02 1800 储物柜（储物锁柜）,储物柜,品牌02,1800,储物锁柜,白色,8*1*1,8,CJ16G,迈克,收货,上架
DrWE90FiWh,白色 品牌02 900 抽屉柜（文件收纳）,抽屉柜,品牌02,900,文件收纳,白色,8*1*1,8,CX79B,简,收货,上架
PrReA2InWh,白色 品牌24 二号纸 打印机（喷墨）,打印机,品牌24,二号纸,喷墨,白色,16*1*1,16,DT75D,亚历克斯,收货,上架
TaCI10AdSi,银色 品牌27 1000 桌子（可调节）,桌子,品牌27,1000,可调节,银色,8*1*1,8,DF34E,迈克,收货,上架
NoMuA4doGr,灰色 品牌19 四号纸 笔记本（点阵）,笔记本,品牌19,四号纸,点阵,灰色,48*10*5,2400,DT68C,莎拉,收货,上架
OfSELErPi,粉色 品牌08 大号 办公椅（人体工学）,办公椅,品牌08,大号,人体工学,粉色,16*1*1,16,AQ53B,亚历克斯,收货,上架
GaXEMErWh,白色 品牌06 中号 游戏椅（人体工学）,游戏椅,品牌06,中号,人体工学,白色,16*1*1,16,AZ96G,克里斯,收货,上架
TVYn324KWh,白色 品牌15 32英寸 电视机（超高清）,电视机,品牌15,32英寸,超高清,白色,8*1*1,8,BN89G,莎拉,收货,上架
TVEs50S4Gr,灰色 品牌32 50英寸 电视机（超级超高清）,电视机,品牌32,50英寸,超级超高清,灰色,8*1*1,8,CN19F,克里斯,收货,上架
SPNa24HeWh,白色 品牌23 24 触控笔（六角形）,触控笔,品牌23,24,六角形,白色,48*10*5,2400,BG92D,迈克,收货,上架
LaOv1532Wh,白色 品牌13 15英寸 笔记本电脑（32吉字节内存）,笔记本电脑,品牌13,15英寸,32吉字节内存,白色,16*1*1,16,CV43E,艾米,收货,上架
DrTE90SlGr,灰色 品牌04 900 抽屉柜（滑动式）,抽屉柜,品牌04,900,滑动式,灰色,8*1*1,8,CK42F,迈克,收货,上架
AlSu148GBl,黑色 品牌11 14英寸 一体机（8吉字节内存）,一体机,品牌11,14英寸,8吉字节内存,黑色,16*1*1,16,CG65A,艾米丽,收货,上架
NoScA3liBl,黑色 品牌17 三号纸 笔记本（线条）,笔记本,品牌17,三号纸,线条,黑色,48*10*5,2400,AY62D,艾米,收货,上架
LaSu148GBl,黑色 品牌11 14英寸 笔记本电脑（8吉字节内存）,笔记本电脑,品牌11,14英寸,8吉字节内存,黑色,16*1*1,16,BH93C,大卫,收货,上架
NoMuA5liGr,灰色 品牌19 五号纸 笔记本（线条）,笔记本,品牌19,五号纸,线条,灰色,48*10*5,2400,AI18C,约翰,收货,上架
CaQE12LoGr,灰色 品牌01 1200 文件柜（储物锁柜）,文件柜,品牌01,1200,储物锁柜,灰色,8*1*1,8,BF96E,大卫,收货,上架
NoMuA3liSi,银色 品牌19 三号纸 笔记本（线条）,笔记本,品牌19,三号纸,线条,银色,48*10*5,2400,AV57F,迈克,收货,上架
TaTR10FrGr,灰色 品牌28 1000 桌子（框架式）,桌子,品牌28,1000,框架式,灰色,8*1*1,8,DO94D,大卫,收货,上架
PeRe24SoPi,粉色 品牌22 24 铅笔（可溶性）,铅笔,品牌22,24,可溶性,粉色,48*10*5,2400,DH66G,克里斯,收货,上架
KeRe35MeNa,藏青色 品牌10 350 键盘（机械式）,键盘,品牌10,350,机械式,藏青色,16*10*1,160,AM23A,莎拉,收货,上架
DrTE12LoBl,黑色 品牌04 1200 抽屉柜（储物锁柜）,抽屉柜,品牌04,1200,储物锁柜,黑色,8*1*1,8,CG98D,迈克,收货,上架
OfAESAdBl,黑色 品牌05 小号 办公椅（可调节）,办公椅,品牌05,小号,可调节,黑色,16*1*1,16,DN83D,简,收货,上架
PrSoA2MoGr,灰色 品牌25 二号纸 打印机（黑白）,打印机,品牌25,二号纸,黑白,灰色,16*1*1,16,BZ96B,亚历克斯,收货,上架
CaTE90DoBe,米色 品牌04 900 文件柜（带门式）,文件柜,品牌04,900,带门式,米色,8*1*1,8,CT73A,艾米,收货,上架
OfXESLeWh,白色 品牌06 小号 办公椅（皮革）,办公椅,品牌06,小号,皮革,白色,16*1*1,16,DP40C,艾米丽,收货,上架
CaTE18LoBl,黑色 品牌04 1800 文件柜（储物锁柜）,文件柜,品牌04,1800,储物锁柜,黑色,8*1*1,8,AV65C,简,收货,上架
MoSu27MeBl,黑色 品牌11 270 鼠标（机械式）,鼠标,品牌11,270,机械式,黑色,16*10*1,160,AM76G,艾米,收货,上架
GaOGMErGr,灰色 品牌07 中号 游戏椅（人体工学）,游戏椅,品牌07,中号,人体工学,灰色,16*1*1,16,CK69G,劳拉,收货,上架
LaSu17i7Bl,黑色 品牌11 17英寸 笔记本电脑（第7代处理器）,笔记本电脑,品牌11,17英寸,第7代处理器,黑色,16*1*1,16,AT26D,大卫,收货,上架
TVEs654KBl,黑色 品牌32 65英寸 电视机（超高清）,电视机,品牌32,65英寸,超高清,黑色,8*1*1,8,AM53D,迈克,收货,上架
AlSu17i5Wh,白色 品牌11 17英寸 一体机（第5代处理器）,一体机,品牌11,17英寸,第5代处理器,白色,16*1*1,16,DI02G,克里斯,收货,上架
KePH45ErWh,白色 品牌12 450 键盘（人体工学）,键盘,品牌12,450,人体工学,白色,16*10*1,160,AH03C,大卫,收货,上架
OfOGLHeBl,黑色 品牌07 大号 办公椅（头枕）,办公椅,品牌07,大号,头枕,黑色,16*1*1,16,DZ19F,迈克,收货,上架
TVGn65S4Bl,黑色 品牌30 65英寸 电视机（超级超高清）,电视机,品牌30,65英寸,超级超高清,黑色,8*1*1,8,AW25A,迈克,收货,上架
KeSu35ErWh,白色 品牌11 350 键盘（人体工学）,键盘,品牌11,350,人体工学,白色,16*10*1,160,BF74D,劳拉,收货,上架
TVGL50S4Gr,灰色 品牌31 50英寸 电视机（超级超高清）,电视机,品牌31,50英寸,超级超高清,灰色,8*1*1,8,AM72F,艾米丽,收货,上架
GaOGMHeBl,黑色 品牌07 中号 游戏椅（头枕）,游戏椅,品牌07,中号,头枕,黑色,16*1*1,16,AK20E,艾米丽,收货,上架
NoGrA3doWh,白色 品牌18 三号纸 笔记本（点阵）,笔记本,品牌18,三号纸,点阵,白色,48*10*5,2400,AM19C,迈克,收货,上架
AlPH158GSi,银色 品牌12 15英寸 一体机（8吉字节内存）,一体机,品牌12,15英寸,8吉字节内存,银色,16*1*1,16,AL75H,莎拉,收货,上架
TVYn50FHBl,黑色 品牌15 50英寸 电视机（全高清）,电视机,品牌15,50英寸,全高清,黑色,8*1*1,8,DT48B,劳拉,收货,上架
SPRe12HePi,粉色 品牌22 12 触控笔（六角形）,触控笔,品牌22,12,六角形,粉色,48*10*5,2400,CG51C,约翰,收货,上架
PeGi12HeWh,白色 品牌21 12 铅笔（六角形）,铅笔,品牌21,12,六角形,白色,48*10*5,2400,BL93G,克里斯,收货,上架
PrSoA4InWh,白色 品牌25 四号纸 打印机（喷墨）,打印机,品牌25,四号纸,喷墨,白色,16*1*1,16,CZ01G,艾米,收货,上架
TVEs50S4Wh,白色 品牌32 50英寸 电视机（超级超高清）,电视机,品牌32,50英寸,超级超高清,白色,8*1*1,8,CR60E,莎拉,收货,上架
SPGi24WaBl,黑色 品牌21 24 触控笔（水彩）,触控笔,品牌21,24,水彩,黑色,48*10*5,2400,AK03F,艾米,收货,上架
SPRe12SoBl,黑色 品牌22 12 触控笔（可溶性）,触控笔,品牌22,12,可溶性,黑色,48*10*5,2400,BQ44C,劳拉,收货,上架
LaOv1532Si,银色 品牌13 15英寸 笔记本电脑（32吉字节内存）,笔记本电脑,品牌13,15英寸,32吉字节内存,银色,16*1*1,16,BY54H,大卫,收货,上架
NoGrA5ruWh,白色 品牌18 五号纸 笔记本（横线）,笔记本,品牌18,五号纸,横线,白色,48*10*5,2400,BJ69G,劳拉,收货,上架
DrWE12SlGr,灰色 品牌02 1200 抽屉柜（滑动式）,抽屉柜,品牌02,1200,滑动式,灰色,8*1*1,8,CF69C,劳拉,收货,上架
AlPH14i7Si,银色 品牌12 14英寸 一体机（第7代处理器）,一体机,品牌12,14英寸,第7代处理器,银色,16*1*1,16,BZ72C,艾米丽,收货,上架
AlSu1432Wh,白色 品牌11 14英寸 一体机（32吉字节内存）,一体机,品牌11,14英寸,32吉字节内存,白色,16*1*1,16,AQ55E,克里斯,收货,上架
OfAESHeBl,黑色 品牌05 小号 办公椅（头枕）,办公椅,品牌05,小号,头枕,黑色,16*1*1,16,CV18B,莎拉,收货,上架
OfAEMErPi,粉色 品牌05 中号 办公椅（人体工学）,办公椅,品牌05,中号,人体工学,粉色,16*1*1,16,CO43G,艾米丽,收货,上架
TVGn50FHWh,白色 品牌30 50英寸 电视机（全高清）,电视机,品牌30,50英寸,全高清,白色,8*1*1,8,AW36H,约翰,收货,上架
PeAl24WaBl,黑色 品牌20 24 铅笔（水彩）,铅笔,品牌20,24,水彩,黑色,48*10*5,2400,DO76F,艾米,收货,上架
AlPH178GWh,白色 品牌12 17英寸 一体机（8吉字节内存）,一体机,品牌12,17英寸,8吉字节内存,白色,16*1*1,16,CF14F,莎拉,收货,上架
LaOv1732Bl,黑色 品牌13 17英寸 笔记本电脑（32吉字节内存）,笔记本电脑,品牌13,17英寸,32吉字节内存,黑色,16*1*1,16,DI47C,亚历克斯,收货,上架
TaAE15AuSi,银色 品牌05 1500 桌子（自动调节）,桌子,品牌05,1500,自动调节,银色,8*1*1,8,DT17E,迈克,收货,上架
PeAl50SoWh,白色 品牌20 50 铅笔（可溶性）,铅笔,品牌20,50,可溶性,白色,48*10*5,2400,AQ74F,简,收货,上架
MoHc45BlWh,白色 品牌09 450 鼠标（蓝牙）,鼠标,品牌09,450,蓝牙,白色,16*10*1,160,CM59C,劳拉,收货,上架
CaQE18DoBe,米色 品牌01 1800 文件柜（带门式）,文件柜,品牌01,1800,带门式,米色,8*1*1,8,DP70D,艾米丽,收货,上架
SPRe12SoBl,黑色 品牌22 12 触控笔（可溶性）,触控笔,品牌22,12,可溶性,黑色,48*10*5,2400,BS18C,克里斯,收货,上架
LaYn15i5Wh,白色 品牌15 15英寸 笔记本电脑（第5代处理器）,笔记本电脑,品牌15,15英寸,第5代处理器,白色,16*1*1,16,DO77H,艾米丽,收货,上架
TaAE15FrWh,白色 品牌05 1500 桌子（框架式）,桌子,品牌05,1500,框架式,白色,8*1*1,8,AN22H,劳拉,收货,上架
DrQE12FiGr,灰色 品牌01 1200 抽屉柜（文件收纳）,抽屉柜,品牌01,1200,文件收纳,灰色,8*1*1,8,AG54C,劳拉,收货,上架
LaRe1516Gr,灰色 品牌14 15英寸 笔记本电脑（16吉字节内存）,笔记本电脑,品牌14,15英寸,16吉字节内存,灰色,16*1*1,16,CY07H,迈克,收货,上架
CaQE18LoGr,灰色 品牌01 1800 文件柜（储物锁柜）,文件柜,品牌01,1800,储物锁柜,灰色,8*1*1,8,CW73E,艾米丽,收货,上架
TVGL42S4Bl,黑色 品牌31 42英寸 电视机（超级超高清）,电视机,品牌31,42英寸,超级超高清,黑色,8*1*1,8,CW87H,大卫,收货,上架
LaRe1532Bl,黑色 品牌14 15英寸 笔记本电脑（32吉字节内存）,笔记本电脑,品牌14,15英寸,32吉字节内存,黑色,16*1*1,16,AJ85E,大卫,收货,上架
PeAl50WaGr,灰色 品牌20 50 铅笔（水彩）,铅笔,品牌20,50,水彩,灰色,48*10*5,2400,BH13D,亚历克斯,收货,上架
DrWE90SlBe,米色 品牌02 900 抽屉柜（滑动式）,抽屉柜,品牌02,900,滑动式,米色,8*1*1,8,BV11D,迈克,收货,上架
KeSu45BlWh,白色 品牌11 450 键盘（蓝牙）,键盘,品牌11,450,蓝牙,白色,16*10*1,160,CR58C,莎拉,收货,上架
AlOv17i5Gr,灰色 品牌13 17英寸 一体机（第5代处理器）,一体机,品牌13,17英寸,第5代处理器,灰色,16*1*1,16,CX28E,简,收货,上架
CaTE90SlWh,白色 品牌04 900 文件柜（滑动式）,文件柜,品牌04,900,滑动式,白色,8*1*1,8,DQ96H,简,收货,上架
TVEs42S4Wh,白色 品牌32 42英寸 电视机（超级超高清）,电视机,品牌32,42英寸,超级超高清,白色,8*1*1,8,DT21E,艾米丽,收货,上架
AlOv1532Wh,白色 品牌13 15英寸 一体机（32吉字节内存）,一体机,品牌13,15英寸,32吉字节内存,白色,16*1*1,16,AT41D,艾米丽,收货,上架
GaOGMErWh,白色 品牌07 中号 游戏椅（人体工学）,游戏椅,品牌07,中号,人体工学,白色,16*1*1,16,BW94H,亚历克斯,收货,上架
DrQE12SlGr,灰色 品牌01 1200 抽屉柜（滑动式）,抽屉柜,品牌01,1200,滑动式,灰色,8*1*1,8,CQ81H,克里斯,收货,上架
PeGi50SoPi,粉色 品牌21 50 铅笔（可溶性）,铅笔,品牌21,50,可溶性,粉色,48*10*5,2400,CL56B,约翰,收货,上架
AlYn1432Gr,灰色 品牌15 14英寸 一体机（32吉字节内存）,一体机,品牌15,14英寸,32吉字节内存,灰色,16*1*1,16,CU96B,艾米,收货,上架
DrQE18SlWh,白色 品牌01 1800 抽屉柜（滑动式）,抽屉柜,品牌01,1800,滑动式,白色,8*1*1,8,BS05C,简,收货,上架
TVYn504KSi,银色 品牌15 50英寸 电视机（超高清）,电视机,品牌15,50英寸,超高清,银色,8*1*1,8,AY67G,莎拉,收货,上架
PeGi50WaGr,灰色 品牌21 50 铅笔（水彩）,铅笔,品牌21,50,水彩,灰色,48*10*5,2400,AM67E,简,收货,上架
LaYn17i7Bl,黑色 品牌15 17英寸 笔记本电脑（第7代处理器）,笔记本电脑,品牌15,17英寸,第7代处理器,黑色,16*1*1,16,AR43H,大卫,收货,上架
AlSu1716Wh,白色 品牌11 17英寸 一体机（16吉字节内存）,一体机,品牌11,17英寸,16吉字节内存,白色,16*1*1,16,BO69B,亚历克斯,收货,上架
LaPH1516Gr,灰色 品牌12 15英寸 笔记本电脑（16吉字节内存）,笔记本电脑,品牌12,15英寸,16吉字节内存,灰色,16*1*1,16,DM43G,艾米丽,收货,上架
MoPH35BlWh,白色 品牌12 350 鼠标（蓝牙）,鼠标,品牌12,350,蓝牙,白色,16*10*1,160,DP15C,亚历克斯,收货,上架
CaRG90FiWh,白色 品牌03 900 文件柜（文件收纳）,文件柜,品牌03,900,文件收纳,白色,8*1*1,8,DT53F,亚历克斯,收货,上架
OfSELErPi,粉色 品牌08 大号 办公椅（人体工学）,办公椅,品牌08,大号,人体工学,粉色,16*1*1,16,CU58E,迈克,收货,上架
PeAl12WaWh,白色 品牌20 12 铅笔（水彩）,铅笔,品牌20,12,水彩,白色,48*10*5,2400,CV27D,约翰,收货,上架
PrPHA3InGr,灰色 品牌12 三号纸 打印机（喷墨）,打印机,品牌12,三号纸,喷墨,灰色,16*1*1,16,DV75C,劳拉,收货,上架
KePH27ErNa,藏青色 品牌12 270 键盘（人体工学）,键盘,品牌12,270,人体工学,藏青色,16*10*1,160,DV50G,大卫,收货,上架
CuTE18DoWh,白色 品牌04 1800 储物柜（带门式）,储物柜,品牌04,1800,带门式,白色,8*1*1,8,DP45E,莎拉,收货,上架
AlRe1416Bl,黑色 品牌14 14英寸 一体机（16吉字节内存）,一体机,品牌14,14英寸,16吉字节内存,黑色,16*1*1,16,CH81F,约翰,收货,上架
MoRe35MeBl,黑色 品牌10 350 鼠标（机械式）,鼠标,品牌10,350,机械式,黑色,16*10*1,160,BF44C,迈克,收货,上架
CuTE12DoGr,灰色 品牌04 1200 储物柜（带门式）,储物柜,品牌04,1200,带门式,灰色,8*1*1,8,CG88H,艾米,收货,上架
MoRe35WiWh,白色 品牌10 350 鼠标（有线）,鼠标,品牌10,350,有线,白色,16*10*1,160,BX91B,简,收货,上架
PrReA3WiGr,灰色 品牌24 三号纸 打印机（无线网络）,打印机,品牌24,三号纸,无线网络,灰色,16*1*1,16,BI63D,艾米,收货,上架
TaTR15FrBl,黑色 品牌28 1500 桌子（框架式）,桌子,品牌28,1500,框架式,黑色,8*1*1,8,DF97G,简,收货,上架
TVEs754KWh,白色 品牌32 75英寸 电视机（超高清）,电视机,品牌32,75英寸,超高清,白色,8*1*1,8,DP52F,简,收货,上架
CuRG18SlWh,白色 品牌03 1800 储物柜（滑动式）,储物柜,品牌03,1800,滑动式,白色,8*1*1,8,AI46G,大卫,收货,上架
PrReA3WiMi,混合色 品牌24 三号纸 打印机（无线网络）,打印机,品牌24,三号纸,无线网络,混合色,16*1*1,16,AQ59G,大卫,收货,上架
GaOGMHeGr,灰色 品牌07 中号 游戏椅（头枕）,游戏椅,品牌07,中号,头枕,灰色,16*1*1,16,BU73E,克里斯,收货,上架
PrPHA3MoGr,灰色 品牌12 三号纸 打印机（黑白）,打印机,品牌12,三号纸,黑白,灰色,16*1*1,16,AQ27H,艾米,收货,上架
CuRG12LoBl,黑色 品牌03 1200 储物柜（储物锁柜）,储物柜,品牌03,1200,储物锁柜,黑色,8*1*1,8,AK66H,约翰,收货,上架
DrWE12SlWh,白色 品牌02 1200 抽屉柜（滑动式）,抽屉柜,品牌02,1200,滑动式,白色,8*1*1,8,BZ05C,克里斯,收货,上架
LaPH148GSi,银色 品牌12 14英寸 笔记本电脑（8吉字节内存）,笔记本电脑,品牌12,14英寸,8吉字节内存,银色,16*1*1,16,DO05H,克里斯,收货,上架
MoSu45MePi,粉色 品牌11 450 鼠标（机械式）,鼠标,品牌11,450,机械式,粉色,16*10*1,160,CN27D,艾米,收货,上架
MoSu45WiNa,藏青色 品牌11 450 鼠标（有线）,鼠标,品牌11,450,有线,藏青色,16*10*1,160,BJ48D,莎拉,收货,上架
LaPH17i5Wh,白色 品牌12 17英寸 笔记本电脑（第5代处理器）,笔记本电脑,品牌12,17英寸,第5代处理器,白色,16*1*1,16,CW89G,艾米,收货,上架
TaTR10WoSi,银色 品牌29 1000 桌子（工作站）,桌子,品牌29,1000,工作站,银色,8*1*1,8,AY10G,艾米,收货,上架
PeGi24SoBl,黑色 品牌21 24 铅笔（可溶性）,铅笔,品牌21,24,可溶性,黑色,48*10*5,2400,BU06A,劳拉,收货,上架
PrPHA3InGr,灰色 品牌12 三号纸 打印机（喷墨）,打印机,品牌12,三号纸,喷墨,灰色,16*1*1,16,BV45E,艾米丽,收货,上架
TaTR10FrBl,黑色 品牌28 1000 桌子（框架式）,桌子,品牌28,1000,框架式,黑色,8*1*1,8,CT39B,亚历克斯,收货,上架
DrQE12LoGr,灰色 品牌01 1200 抽屉柜（储物锁柜）,抽屉柜,品牌01,1200,储物锁柜,灰色,8*1*1,8,BV77D,迈克,收货,上架
OfSESLeBl,黑色 品牌08 小号 办公椅（皮革）,办公椅,品牌08,小号,皮革,黑色,16*1*1,16,BJ46C,大卫,收货,上架
TVGn50FHSi,银色 品牌30 50英寸 电视机（全高清）,电视机,品牌30,50英寸,全高清,银色,8*1*1,8,CI07H,艾米丽,收货,上架
AlOv158GSi,银色 品牌13 15英寸 一体机（8吉字节内存）,一体机,品牌13,15英寸,8吉字节内存,银色,16*1*1,16,BV69F,约翰,收货,上架
MoPH35BlBl,黑色 品牌12 350 鼠标（蓝牙）,鼠标,品牌12,350,蓝牙,黑色,16*10*1,160,AS91F,莎拉,收货,上架
AlPH17i5Si,银色 品牌12 17英寸 一体机（第5代处理器）,一体机,品牌12,17英寸,第5代处理器,银色,16*1*1,16,AO71H,莎拉,收货,上架
GaSEMLeBl,黑色 品牌08 中号 游戏椅（皮革）,游戏椅,品牌08,中号,皮革,黑色,16*1*1,16,BX02C,莎拉,收货,上架
OfAELHeWh,白色 品牌05 大号 办公椅（头枕）,办公椅,品牌05,大号,头枕,白色,16*1*1,16,DO52C,大卫,收货,上架
PeNa24HeGr,灰色 品牌23 24 铅笔（六角形）,铅笔,品牌23,24,六角形,灰色,48*10*5,2400,BM09C,大卫,收货,上架
NoMuA3liWh,白色 品牌19 三号纸 笔记本（线条）,笔记本,品牌19,三号纸,线条,白色,48*10*5,2400,DK51D,莎拉,收货,上架
PeAl12HeWh,白色 品牌20 12 铅笔（六角形）,铅笔,品牌20,12,六角形,白色,48*10*5,2400,AS97F,艾米,收货,上架
OfSEMErBl,黑色 品牌08 中号 办公椅（人体工学）,办公椅,品牌08,中号,人体工学,黑色,16*1*1,16,AO85D,迈克,收货,上架
OfAELAdBl,黑色 品牌05 大号 办公椅（可调节）,办公椅,品牌05,大号,可调节,黑色,16*1*1,16,AM88G,艾米,收货,上架
AlSu1432Gr,灰色 品牌11 14英寸 一体机（32吉字节内存）,一体机,品牌11,14英寸,32吉字节内存,灰色,16*1*1,16,DN23G,大卫,收货,上架
LaYn14i5Wh,白色 品牌15 14英寸 笔记本电脑（第5代处理器）,笔记本电脑,品牌15,14英寸,第5代处理器,白色,16*1*1,16,AY94B,劳拉,收货,上架
PrPHA3WiBl,黑色 品牌12 三号纸 打印机（无线网络）,打印机,品牌12,三号纸,无线网络,黑色,16*1*1,16,BL55E,艾米丽,收货,上架
GaXESErBl,黑色 品牌06 小号 游戏椅（人体工学）,游戏椅,品牌06,小号,人体工学,黑色,16*1*1,16,CR71B,艾米丽,收货,上架
PrNoA3MoWh,白色 品牌26 三号纸 打印机（黑白）,打印机,品牌26,三号纸,黑白,白色,16*1*1,16,AK67D,艾米,收货,上架
TVGn50SFSi,银色 品牌30 50英寸 电视机（超级全高清）,电视机,品牌30,50英寸,超级全高清,银色,8*1*1,8,BR37E,约翰,收货,上架
TVGn32S4Si,银色 品牌30 32英寸 电视机（超级超高清）,电视机,品牌30,32英寸,超级超高清,银色,8*1*1,8,DK63D,艾米,收货,上架
SPNa24WaWh,白色 品牌23 24 触控笔（水彩）,触控笔,品牌23,24,水彩,白色,48*10*5,2400,AH17D,劳拉,收货,上架
MoHc45BlNa,藏青色 品牌09 450 鼠标（蓝牙）,鼠标,品牌09,450,蓝牙,藏青色,16*10*1,160,DI72A,艾米丽,收货,上架
MoSu35ErNa,藏青色 品牌11 350 鼠标（人体工学）,鼠标,品牌11,350,人体工学,藏青色,16*10*1,160,AQ52C,劳拉,收货,上架
SPRe24SoPi,粉色 品牌22 24 触控笔（可溶性）,触控笔,品牌22,24,可溶性,粉色,48*10*5,2400,AJ46A,简,收货,上架
KeSu45BlPi,粉色 品牌11 450 键盘（蓝牙）,键盘,品牌11,450,蓝牙,粉色,16*10*1,160,BL37G,大卫,收货,上架
PrSoA2WiMi,混合色 品牌25 二号纸 打印机（无线网络）,打印机,品牌25,二号纸,无线网络,混合色,16*1*1,16,AO92E,简,收货,上架
OfOGMErPi,粉色 品牌07 中号 办公椅（人体工学）,办公椅,品牌07,中号,人体工学,粉色,16*1*1,16,AU59F,莎拉,收货,上架
CaTE18FiWh,白色 品牌04 1800 文件柜（文件收纳）,文件柜,品牌04,1800,文件收纳,白色,8*1*1,8,DH59A,亚历克斯,收货,上架
LaRe1432Bl,黑色 品牌14 14英寸 笔记本电脑（32吉字节内存）,笔记本电脑,品牌14,14英寸,32吉字节内存,黑色,16*1*1,16,AT04E,莎拉,收货,上架
PrPHA3AlMi,混合色 品牌12 三号纸 打印机（一体式）,打印机,品牌12,三号纸,一体式,混合色,16*1*1,16,AG69F,艾米丽,收货,上架
GaXEMHeGr,灰色 品牌06 中号 游戏椅（头枕）,游戏椅,品牌06,中号,头枕,灰色,16*1*1,16,CP98F,简,收货,上架
NoMuA5liBl,黑色 品牌19 五号纸 笔记本（线条）,笔记本,品牌19,五号纸,线条,黑色,48*10*5,2400,BY85E,简,收货,上架
KePH35WiPi,粉色 品牌12 350 键盘（有线）,键盘,品牌12,350,有线,粉色,16*10*1,160,AO54A,大卫,收货,上架
TVGn42SFWh,白色 品牌30 42英寸 电视机（超级全高清）,电视机,品牌30,42英寸,超级全高清,白色,8*1*1,8,BG21H,大卫,收货,上架
AlPH148GBl,黑色 品牌12 14英寸 一体机（8吉字节内存）,一体机,品牌12,14英寸,8吉字节内存,黑色,16*1*1,16,DK61F,亚历克斯,收货,上架
TVGL424KWh,白色 品牌31 42英寸 电视机（超高清）,电视机,品牌31,42英寸,超高清,白色,8*1*1,8,AV66C,莎拉,收货,上架
CuRG18DoBl,黑色 品牌03 1800 储物柜（带门式）,储物柜,品牌03,1800,带门式,黑色,8*1*1,8,CL25B,劳拉,收货,上架
LaRe17i7Gr,灰色 品牌14 17英寸 笔记本电脑（第7代处理器）,笔记本电脑,品牌14,17英寸,第7代处理器,灰色,16*1*1,16,CG57D,约翰,收货,上架
KeRe45WiNa,藏青色 品牌10 450 键盘（有线）,键盘,品牌10,450,有线,藏青色,16*10*1,160,DW75E,约翰,收货,上架
KeSu27MePi,粉色 品牌11 270 键盘（机械式）,键盘,品牌11,270,机械式,粉色,16*10*1,160,BQ54D,克里斯,收货,上架
MoHc35ErNa,藏青色 品牌09 350 鼠标（人体工学）,鼠标,品牌09,350,人体工学,藏青色,16*10*1,160,BS51A,艾米,收货,上架
DrTE12DoBl,黑色 品牌04 1200 抽屉柜（带门式）,抽屉柜,品牌04,1200,带门式,黑色,8*1*1,8,BX33D,大卫,收货,上架
LaYn158GBl,黑色 品牌15 15英寸 笔记本电脑（8吉字节内存）,笔记本电脑,品牌15,15英寸,8吉字节内存,黑色,16*1*1,16,CI68E,约翰,收货,上架
SPAl50SoGr,灰色 品牌20 50 触控笔（可溶性）,触控笔,品牌20,50,可溶性,灰色,48*10*5,2400,CZ38C,艾米,收货,上架
PrSoA2AlMi,混合色 品牌25 二号纸 打印机（一体式）,打印机,品牌25,二号纸,一体式,混合色,16*1*1,16,AU32D,大卫,收货,上架
CuQE18FiBl,黑色 品牌01 1800 储物柜（文件收纳）,储物柜,品牌01,1800,文件收纳,黑色,8*1*1,8,BJ05B,劳拉,收货,上架
TVEs32SFGr,灰色 品牌32 32英寸 电视机（超级全高清）,电视机,品牌32,32英寸,超级全高清,灰色,8*1*1,8,AZ65B,艾米丽,收货,上架
OfOGLHePi,粉色 品牌07 大号 办公椅（头枕）,办公椅,品牌07,大号,头枕,粉色,16*1*1,16,CZ79H,艾米,收货,上架
TVEs75SFGr,灰色 品牌32 75英寸 电视机（超级全高清）,电视机,品牌32,75英寸,超级全高清,灰色,8*1*1,8,CK34A,艾米丽,收货,上架
NoGrA3doBl,黑色 品牌18 三号纸 笔记本（点阵）,笔记本,品牌18,三号纸,点阵,黑色,48*10*5,2400,DM18B,克里斯,收货,上架
AlYn15i5Wh,白色 品牌15 15英寸 一体机（第5代处理器）,一体机,品牌15,15英寸,第5代处理器,白色,16*1*1,16,AO88D,亚历克斯,收货,上架
LaRe1732Gr,灰色 品牌14 17英寸 笔记本电脑（32吉字节内存）,笔记本电脑,品牌14,17英寸,32吉字节内存,灰色,16*1*1,16,BW14H,克里斯,收货,上架
GaXESLePi,粉色 品牌06 小号 游戏椅（皮革）,游戏椅,品牌06,小号,皮革,粉色,16*1*1,16,BQ85B,克里斯,收货,上架
TVGn50S4Si,银色 品牌30 50英寸 电视机（超级超高清）,电视机,品牌30,50英寸,超级超高清,银色,8*1*1,8,BT23A,约翰,收货,上架
MoHc27MePi,粉色 品牌09 270 鼠标（机械式）,鼠标,品牌09,270,机械式,粉色,16*10*1,160,CS53A,劳拉,收货,上架
DrTE90LoBe,米色 品牌04 900 抽屉柜（储物锁柜）,抽屉柜,品牌04,900,储物锁柜,米色,8*1*1,8,DG15B,劳拉,收货,上架
DrRG12LoBl,黑色 品牌03 1200 抽屉柜（储物锁柜）,抽屉柜,品牌03,1200,储物锁柜,黑色,8*1*1,8,AV78D,克里斯,收货,上架
GaAELLeGr,灰色 品牌05 大号 游戏椅（皮革）,游戏椅,品牌05,大号,皮革,灰色,16*1*1,16,BT89F,约翰,收货,上架
PrSoA3InWh,白色 品牌25 三号纸 打印机（喷墨）,打印机,品牌25,三号纸,喷墨,白色,16*1*1,16,CU35D,莎拉,收货,上架
PrReA3AlWh,白色 品牌24 三号纸 打印机（一体式）,打印机,品牌24,三号纸,一体式,白色,16*1*1,16,BL84E,艾米丽,收货,上架
TVGn32SFBl,黑色 品牌30 32英寸 电视机（超级全高清）,电视机,品牌30,32英寸,超级全高清,黑色,8*1*1,8,CS09B,艾米,收货,上架
SPAl50WaPi,粉色 品牌20 50 触控笔（水彩）,触控笔,品牌20,50,水彩,粉色,48*10*5,2400,BQ09D,艾米丽,收货,上架
MoSu45BlNa,藏青色 品牌11 450 鼠标（蓝牙）,鼠标,品牌11,450,蓝牙,藏青色,16*10*1,160,BS73E,艾米,收货,上架
AlOv1516Gr,灰色 品牌13 15英寸 一体机（16吉字节内存）,一体机,品牌13,15英寸,16吉字节内存,灰色,16*1*1,16,AO27D,艾米,收货,上架
GaXEMErPi,粉色 品牌06 中号 游戏椅（人体工学）,游戏椅,品牌06,中号,人体工学,粉色,16*1*1,16,CJ36E,大卫,收货,上架
PrReA2MoGr,灰色 品牌24 二号纸 打印机（黑白）,打印机,品牌24,二号纸,黑白,灰色,16*1*1,16,CH19G,简,收货,上架
KePH45WiWh,白色 品牌12 450 键盘（有线）,键盘,品牌12,450,有线,白色,16*10*1,160,CH35D,艾米丽,收货,上架
OfAEMAdPi,粉色 品牌05 中号 办公椅（可调节）,办公椅,品牌05,中号,可调节,粉色,16*1*1,16,CR96F,艾米,收货,上架
LaOv17i7Bl,黑色 品牌13 17英寸 笔记本电脑（第7代处理器）,笔记本电脑,品牌13,17英寸,第7代处理器,黑色,16*1*1,16,BH09D,约翰,收货,上架
NoGrA5liGr,灰色 品牌18 五号纸 笔记本（线条）,笔记本,品牌18,五号纸,线条,灰色,48*10*5,2400,DJ95E,简,收货,上架
TaCI15AdBl,黑色 品牌27 1500 桌子（可调节）,桌子,品牌27,1500,可调节,黑色,8*1*1,8,BQ53A,约翰,收货,上架
TaCI18FrGr,灰色 品牌27 1800 桌子（框架式）,桌子,品牌27,1800,框架式,灰色,8*1*1,8,BW87B,艾米丽,收货,上架
PrNoA4WiGr,灰色 品牌26 四号纸 打印机（无线网络）,打印机,品牌26,四号纸,无线网络,灰色,16*1*1,16,CY82D,简,收货,上架
TVGL65S4Bl,黑色 品牌31 65英寸 电视机（超级超高清）,电视机,品牌31,65英寸,超级超高清,黑色,8*1*1,8,BP48H,艾米,收货,上架
DrTE18FiWh,白色 品牌04 1800 抽屉柜（文件收纳）,抽屉柜,品牌04,1800,文件收纳,白色,8*1*1,8,AF52G,大卫,收货,上架
TVEs32FHGr,灰色 品牌32 32英寸 电视机（全高清）,电视机,品牌32,32英寸,全高清,灰色,8*1*1,8,AR84B,迈克,收货,上架
LaOv14i5Si,银色 品牌13 14英寸 笔记本电脑（第5代处理器）,笔记本电脑,品牌13,14英寸,第5代处理器,银色,16*1*1,16,AF02F,约翰,收货,上架
CuTE12SlGr,灰色 品牌04 1200 储物柜（滑动式）,储物柜,品牌04,1200,滑动式,灰色,8*1*1,8,CG47G,约翰,收货,上架
AlPH15i5Si,银色 品牌12 15英寸 一体机（第5代处理器）,一体机,品牌12,15英寸,第5代处理器,银色,16*1*1,16,DL78F,亚历克斯,收货,上架
KeHc35MeNa,藏青色 品牌09 350 键盘（机械式）,键盘,品牌09,350,机械式,藏青色,16*10*1,160,DM85B,劳拉,收货,上架
TVGn75FHGr,灰色 品牌30 75英寸 电视机（全高清）,电视机,品牌30,75英寸,全高清,灰色,8*1*1,8,BI26E,大卫,收货,上架
TaTR18WoBl,黑色 品牌29 1800 桌子（工作站）,桌子,品牌29,1800,工作站,黑色,8*1*1,8,AX94G,莎拉,收货,上架
KePH27WiNa,藏青色 品牌12 270 键盘（有线）,键盘,品牌12,270,有线,藏青色,16*10*1,160,CG42F,约翰,收货,上架
TVGn42FHWh,白色 品牌30 42英寸 电视机（全高清）,电视机,品牌30,42英寸,全高清,白色,8*1*1,8,DO30H,大卫,收货,上架
LaSu178GGr,灰色 品牌11 17英寸 笔记本电脑（8吉字节内存）,笔记本电脑,品牌11,17英寸,8吉字节内存,灰色,16*1*1,16,AV42H,劳拉,收货,上架
LaPH14i5Wh,白色 品牌12 14英寸 笔记本电脑（第5代处理器）,笔记本电脑,品牌12,14英寸,第5代处理器,白色,16*1*1,16,BP03D,约翰,收货,上架
PrPHA3MoWh,白色 品牌12 三号纸 打印机（黑白）,打印机,品牌12,三号纸,黑白,白色,16*1*1,16,BS09G,简,收货,上架
KeHc35WiBl,黑色 品牌09 350 键盘（有线）,键盘,品牌09,350,有线,黑色,16*10*1,160,BO13C,约翰,收货,上架
GaAEMLePi,粉色 品牌05 中号 游戏椅（皮革）,游戏椅,品牌05,中号,皮革,粉色,16*1*1,16,AN62B,劳拉,收货,上架
KeHc45BlPi,粉色 品牌09 450 键盘（蓝牙）,键盘,品牌09,450,蓝牙,粉色,16*10*1,160,DN16D,莎拉,收货,上架
CaTE90SlWh,白色 品牌04 900 文件柜（滑动式）,文件柜,品牌04,900,滑动式,白色,8*1*1,8,DS69A,克里斯,收货,上架
TVGL75S4Gr,灰色 品牌31 75英寸 电视机（超级超高清）,电视机,品牌31,75英寸,超级超高清,灰色,8*1*1,8,BQ58F,劳拉,收货,上架
MoPH35WiNa,藏青色 品牌12 350 鼠标（有线）,鼠标,品牌12,350,有线,藏青色,16*10*1,160,CL70C,简,收货,上架
AlRe1732Gr,灰色 品牌14 17英寸 一体机（32吉字节内存）,一体机,品牌14,17英寸,32吉字节内存,灰色,16*1*1,16,AS25F,迈克,收货,上架
TVGL42S4Wh,白色 品牌31 42英寸 电视机（超级超高清）,电视机,品牌31,42英寸,超级超高清,白色,8*1*1,8,AN67H,约翰,收货,上架
MoRe35BlWh,白色 品牌10 350 鼠标（蓝牙）,鼠标,品牌10,350,蓝牙,白色,16*10*1,160,BX18G,莎拉,收货,上架
AlYn1716Wh,白色 品牌15 17英寸 一体机（16吉字节内存）,一体机,品牌15,17英寸,16吉字节内存,白色,16*1*1,16,AK45H,亚历克斯,收货,上架
GaSELAdWh,白色 品牌08 大号 游戏椅（可调节）,游戏椅,品牌08,大号,可调节,白色,16*1*1,16,BR71G,劳拉,收货,上架
CaTE90SlWh,白色 品牌04 900 文件柜（滑动式）,文件柜,品牌04,900,滑动式,白色,8*1*1,8,DJ35C,大卫,收货,上架
PrPHA2WiGr,灰色 品牌12 二号纸 打印机（无线网络）,打印机,品牌12,二号纸,无线网络,灰色,16*1*1,16,DK22A,大卫,收货,上架
CaTE18SlBe,米色 品牌04 1800 文件柜（滑动式）,文件柜,品牌04,1800,滑动式,米色,8*1*1,8,AQ10C,大卫,收货,上架
DrWE90SlBl,黑色 品牌02 900 抽屉柜（滑动式）,抽屉柜,品牌02,900,滑动式,黑色,8*1*1,8,CQ40E,亚历克斯,收货,上架
GaAEMAdGr,灰色 品牌05 中号 游戏椅（可调节）,游戏椅,品牌05,中号,可调节,灰色,16*1*1,16,AR92E,艾米丽,收货,上架
TVYn75FHGr,灰色 品牌15 75英寸 电视机（全高清）,电视机,品牌15,75英寸,全高清,灰色,8*1*1,8,CV95A,劳拉,收货,上架
TVGn324KWh,白色 品牌30 32英寸 电视机（超高清）,电视机,品牌30,32英寸,超高清,白色,8*1*1,8,DV02A,劳拉,收货,上架
TVYn75SFGr,灰色 品牌15 75英寸 电视机（超级全高清）,电视机,品牌15,75英寸,超级全高清,灰色,8*1*1,8,BO35H,艾米,收货,上架
LaYn1416Bl,黑色 品牌15 14英寸 笔记本电脑（16吉字节内存）,笔记本电脑,品牌15,14英寸,16吉字节内存,黑色,16*1*1,16,CP43D,劳拉,收货,上架
AlSu1416Wh,白色 品牌11 14英寸 一体机（16吉字节内存）,一体机,品牌11,14英寸,16吉字节内存,白色,16*1*1,16,AU50G,亚历克斯,收货,上架
DrTE18LoGr,灰色 品牌04 1800 抽屉柜（储物锁柜）,抽屉柜,品牌04,1800,储物锁柜,灰色,8*1*1,8,DN65A,艾米,收货,上架
TVGL75FHSi,银色 品牌31 75英寸 电视机（全高清）,电视机,品牌31,75英寸,全高清,银色,8*1*1,8,DQ20C,迈克,收货,上架
GaSELErPi,粉色 品牌08 大号 游戏椅（人体工学）,游戏椅,品牌08,大号,人体工学,粉色,16*1*1,16,CO93C,大卫,收货,上架
LaRe15i7Si,银色 品牌14 15英寸 笔记本电脑（第7代处理器）,笔记本电脑,品牌14,15英寸,第7代处理器,银色,16*1*1,16,CM73B,简,收货,上架
TVGL50SFGr,灰色 品牌31 50英寸 电视机（超级全高清）,电视机,品牌31,50英寸,超级全高清,灰色,8*1*1,8,AI27D,艾米,收货,上架
TaAE10AdBl,黑色 品牌05 1000 桌子（可调节）,桌子,品牌05,1000,可调节,黑色,8*1*1,8,BI65B,艾米,收货,上架
LaSu15i5Gr,灰色 品牌11 15英寸 笔记本电脑（第5代处理器）,笔记本电脑,品牌11,15英寸,第5代处理器,灰色,16*1*1,16,DK56G,艾米,收货,上架
DrRG12SlGr,灰色 品牌03 1200 抽屉柜（滑动式）,抽屉柜,品牌03,1200,滑动式,灰色,8*1*1,8,BP67B,艾米丽,收货,上架
CuWE12FiWh,白色 品牌02 1200 储物柜（文件收纳）,储物柜,品牌02,1200,文件收纳,白色,8*1*1,8,BJ36F,大卫,收货,上架
DrRG12DoWh,白色 品牌03 1200 抽屉柜（带门式）,抽屉柜,品牌03,1200,带门式,白色,8*1*1,8,AP34F,艾米丽,收货,上架
AlRe178GWh,白色 品牌14 17英寸 一体机（8吉字节内存）,一体机,品牌14,17英寸,8吉字节内存,白色,16*1*1,16,AH57E,艾米丽,收货,上架
GaOGLLeWh,白色 品牌07 大号 游戏椅（皮革）,游戏椅,品牌07,大号,皮革,白色,16*1*1,16,DM09A,艾米,收货,上架
NoMuA5ruWh,白色 品牌19 五号纸 笔记本（横线）,笔记本,品牌19,五号纸,横线,白色,48*10*5,2400,BQ70D,劳拉,收货,上架
LaPH148GGr,灰色 品牌12 14英寸 笔记本电脑（8吉字节内存）,笔记本电脑,品牌12,14英寸,8吉字节内存,灰色,16*1*1,16,DW61D,亚历克斯,收货,上架
TaAE15FrGr,灰色 品牌05 1500 桌子（框架式）,桌子,品牌05,1500,框架式,灰色,8*1*1,8,AQ71B,艾米丽,收货,上架
KeRe45MeNa,藏青色 品牌10 450 键盘（机械式）,键盘,品牌10,450,机械式,藏青色,16*10*1,160,AL81G,劳拉,收货,上架
PrSoA4InGr,灰色 品牌25 四号纸 打印机（喷墨）,打印机,品牌25,四号纸,喷墨,灰色,16*1*1,16,DS19E,莎拉,收货,上架
TaTR18FrBl,黑色 品牌28 1800 桌子（框架式）,桌子,品牌28,1800,框架式,黑色,8*1*1,8,AG91H,艾米丽,收货,上架
KeSu27ErNa,藏青色 品牌11 270 键盘（人体工学）,键盘,品牌11,270,人体工学,藏青色,16*10*1,160,CL41C,约翰,收货,上架
AlOv1416Bl,黑色 品牌13 14英寸 一体机（16吉字节内存）,一体机,品牌13,14英寸,16吉字节内存,黑色,16*1*1,16,AO56G,莎拉,收货,上架
LaSu148GWh,白色 品牌11 14英寸 笔记本电脑（8吉字节内存）,笔记本电脑,品牌11,14英寸,8吉字节内存,白色,16*1*1,16,BR32E,艾米,收货,上架
TVGL42SFGr,灰色 品牌31 42英寸 电视机（超级全高清）,电视机,品牌31,42英寸,超级全高清,灰色,8*1*1,8,BY23D,简,收货,上架
AlRe178GSi,银色 品牌14 17英寸 一体机（8吉字节内存）,一体机,品牌14,17英寸,8吉字节内存,银色,16*1*1,16,CW72A,艾米,收货,上架
CaRG12SlWh,白色 品牌03 1200 文件柜（滑动式）,文件柜,品牌03,1200,滑动式,白色,8*1*1,8,DZ01G,莎拉,收货,上架
TaTR10AdSi,银色 品牌29 1000 桌子（可调节）,桌子,品牌29,1000,可调节,银色,8*1*1,8,AM80C,大卫,收货,上架
CaQE12FiBe,米色 品牌01 1200 文件柜（文件收纳）,文件柜,品牌01,1200,文件收纳,米色,8*1*1,8,BU29F,亚历克斯,收货,上架
LaSu148GBl,黑色 品牌11 14英寸 笔记本电脑（8吉字节内存）,笔记本电脑,品牌11,14英寸,8吉字节内存,黑色,16*1*1,16,BK17B,迈克,收货,上架
PeGi24SoBl,黑色 品牌21 24 铅笔（可溶性）,铅笔,品牌21,24,可溶性,黑色,48*10*5,2400,DQ40E,亚历克斯,收货,上架
NoGrA4ruBl,黑色 品牌18 四号纸 笔记本（横线）,笔记本,品牌18,四号纸,横线,黑色,48*10*5,2400,AM06C,艾米丽,收货,上架
PrPHA3MoGr,灰色 品牌12 三号纸 打印机（黑白）,打印机,品牌12,三号纸,黑白,灰色,16*1*1,16,AI11A,亚历克斯,收货,上架
AlYn14i7Si,银色 品牌15 14英寸 一体机（第7代处理器）,一体机,品牌15,14英寸,第7代处理器,银色,16*1*1,16,CQ74G,莎拉,收货,上架
DrTE90LoBl,黑色 品牌04 900 抽屉柜（储物锁柜）,抽屉柜,品牌04,900,储物锁柜,黑色,8*1*1,8,BN23E,迈克,收货,上架
LaSu15i5Si,银色 品牌11 15英寸 笔记本电脑（第5代处理器）,笔记本电脑,品牌11,15英寸,第5代处理器,银色,16*1*1,16,AL97A,劳拉,收货,上架
MoSu27WiBl,黑色 品牌11 270 鼠标（有线）,鼠标,品牌11,270,有线,黑色,16*10*1,160,DY07F,简,收货,上架
DrQE12LoGr,灰色 品牌01 1200 抽屉柜（储物锁柜）,抽屉柜,品牌01,1200,储物锁柜,灰色,8*1*1,8,AN14A,艾米,收货,上架
TVGn32FHBl,黑色 品牌30 32英寸 电视机（全高清）,电视机,品牌30,32英寸,全高清,黑色,8*1*1,8,CQ26D,劳拉,收货,上架
CuTE12LoBl,黑色 品牌04 1200 储物柜（储物锁柜）,储物柜,品牌04,1200,储物锁柜,黑色,8*1*1,8,CV50D,约翰,收货,上架
AlSu1416Gr,灰色 品牌11 14英寸 一体机（16吉字节内存）,一体机,品牌11,14英寸,16吉字节内存,灰色,16*1*1,16,DP01F,简,收货,上架
AlOv1732Gr,灰色 品牌13 17英寸 一体机（32吉字节内存）,一体机,品牌13,17英寸,32吉字节内存,灰色,16*1*1,16,AV18B,亚历克斯,收货,上架
AlRe15i5Wh,白色 品牌14 15英寸 一体机（第5代处理器）,一体机,品牌14,15英寸,第5代处理器,白色,16*1*1,16,DU78H,莎拉,收货,上架
AlYn1432Wh,白色 品牌15 14英寸 一体机（32吉字节内存）,一体机,品牌15,14英寸,32吉字节内存,白色,16*1*1,16,BM94H,克里斯,收货,上架
KeRe27BlNa,藏青色 品牌10 270 键盘（蓝牙）,键盘,品牌10,270,蓝牙,藏青色,16*10*1,160,BV09G,莎拉,收货,上架
PrNoA4WiMi,混合色 品牌26 四号纸 打印机（无线网络）,打印机,品牌26,四号纸,无线网络,混合色,16*1*1,16,CP66A,艾米丽,收货,上架
MoHc27BlNa,藏青色 品牌09 270 鼠标（蓝牙）,鼠标,品牌09,270,蓝牙,藏青色,16*10*1,160,AO78F,莎拉,收货,上架
TaTR15AdSi,银色 品牌28 1500 桌子（可调节）,桌子,品牌28,1500,可调节,银色,8*1*1,8,BN71G,亚历克斯,收货,上架
KeSu27ErBl,黑色 品牌11 270 键盘（人体工学）,键盘,品牌11,270,人体工学,黑色,16*10*1,160,BU78E,简,收货,上架
CuTE12LoBe,米色 品牌04 1200 储物柜（储物锁柜）,储物柜,品牌04,1200,储物锁柜,米色,8*1*1,8,BX90E,艾米,收货,上架
PeRe50SoWh,白色 品牌22 50 铅笔（可溶性）,铅笔,品牌22,50,可溶性,白色,48*10*5,2400,BR75G,艾米,收货,上架
AlOv158GGr,灰色 品牌13 15英寸 一体机（8吉字节内存）,一体机,品牌13,15英寸,8吉字节内存,灰色,16*1*1,16,CT10B,简,收货,上架
CuTE18SlGr,灰色 品牌04 1800 储物柜（滑动式）,储物柜,品牌04,1800,滑动式,灰色,8*1*1,8,AR73G,大卫,收货,上架
PeNa12HeWh,白色 品牌23 12 铅笔（六角形）,铅笔,品牌23,12,六角形,白色,48*10*5,2400,DM36D,莎拉,收货,上架
LaOv178GWh,白色 品牌13 17英寸 笔记本电脑（8吉字节内存）,笔记本电脑,品牌13,17英寸,8吉字节内存,白色,16*1*1,16,AQ71C,大卫,收货,上架
LaOv14i7Wh,白色 品牌13 14英寸 笔记本电脑（第7代处理器）,笔记本电脑,品牌13,14英寸,第7代处理器,白色,16*1*1,16,CY20F,约翰,收货,上架
GaSESHeBl,黑色 品牌08 小号 游戏椅（头枕）,游戏椅,品牌08,小号,头枕,黑色,16*1*1,16,DM10G,简,收货,上架
LaOv1716Bl,黑色 品牌13 17英寸 笔记本电脑（16吉字节内存）,笔记本电脑,品牌13,17英寸,16吉字节内存,黑色,16*1*1,16,CP70A,大卫,收货,上架
KeHc27ErWh,白色 品牌09 270 键盘（人体工学）,键盘,品牌09,270,人体工学,白色,16*10*1,160,DZ48F,莎拉,收货,上架
KeSu35BlNa,藏青色 品牌11 350 键盘（蓝牙）,键盘,品牌11,350,蓝牙,藏青色,16*10*1,160,BJ45G,艾米丽,收货,上架
TVGL504KBl,黑色 品牌31 50英寸 电视机（超高清）,电视机,品牌31,50英寸,超高清,黑色,8*1*1,8,BK11B,艾米丽,收货,上架
MoPH35MeWh,白色 品牌12 350 鼠标（机械式）,鼠标,品牌12,350,机械式,白色,16*10*1,160,AM33H,大卫,收货,上架
PrSoA4WiGr,灰色 品牌25 四号纸 打印机（无线网络）,打印机,品牌25,四号纸,无线网络,灰色,16*1*1,16,BT04H,大卫,收货,上架
LaPH14i7Wh,白色 品牌12 14英寸 笔记本电脑（第7代处理器）,笔记本电脑,品牌12,14英寸,第7代处理器,白色,16*1*1,16,CJ33H,劳拉,收货,上架
TVYn65FHWh,白色 品牌15 65英寸 电视机（全高清）,电视机,品牌15,65英寸,全高清,白色,8*1*1,8,BT37A,简,收货,上架
MoRe27ErNa,藏青色 品牌10 270 鼠标（人体工学）,鼠标,品牌10,270,人体工学,藏青色,16*10*1,160,AV89G,简,收货,上架
TVGn50SFWh,白色 品牌30 50英寸 电视机（超级全高清）,电视机,品牌30,50英寸,超级全高清,白色,8*1*1,8,AH82E,约翰,收货,上架
CaTE18LoWh,白色 品牌04 1800 文件柜（储物锁柜）,文件柜,品牌04,1800,储物锁柜,白色,8*1*1,8,CL18A,劳拉,收货,上架
TVGn42SFBl,黑色 品牌30 42英寸 电视机（超级全高清）,电视机,品牌30,42英寸,超级全高清,黑色,8*1*1,8,BU71F,克里斯,收货,上架
CuTE18DoBe,米色 品牌04 1800 储物柜（带门式）,储物柜,品牌04,1800,带门式,米色,8*1*1,8,AN64A,艾米丽,收货,上架
DrWE90DoWh,白色 品牌02 900 抽屉柜（带门式）,抽屉柜,品牌02,900,带门式,白色,8*1*1,8,AY50D,莎拉,收货,上架
KeHc27MeBl,黑色 品牌09 270 键盘（机械式）,键盘,品牌09,270,机械式,黑色,16*10*1,160,AX07D,莎拉,收货,上架
AlSu1432Wh,白色 品牌11 14英寸 一体机（32吉字节内存）,一体机,品牌11,14英寸,32吉字节内存,白色,16*1*1,16,DK24D,克里斯,收货,上架
PrNoA2MoBl,黑色 品牌26 二号纸 打印机（黑白）,打印机,品牌26,二号纸,黑白,黑色,16*1*1,16,AH23A,迈克,收货,上架
OfAEMHeWh,白色 品牌05 中号 办公椅（头枕）,办公椅,品牌05,中号,头枕,白色,16*1*1,16,BV82F,艾米丽,收货,上架
SPGi24WaGr,灰色 品牌21 24 触控笔（水彩）,触控笔,品牌21,24,水彩,灰色,48*10*5,2400,AX48C,亚历克斯,收货,上架
DrWE90LoBe,米色 品牌02 900 抽屉柜（储物锁柜）,抽屉柜,品牌02,900,储物锁柜,米色,8*1*1,8,AS38D,约翰,收货,上架
NoExA5doWh,白色 品牌16 五号纸 笔记本（点阵）,笔记本,品牌16,五号纸,点阵,白色,48*10*5,2400,AU57G,亚历克斯,收货,上架
CaWE18SlWh,白色 品牌02 1800 文件柜（滑动式）,文件柜,品牌02,1800,滑动式,白色,8*1*1,8,DR24A,艾米丽,收货,上架
AlSu1432Si,银色 品牌11 14英寸 一体机（32吉字节内存）,一体机,品牌11,14英寸,32吉字节内存,银色,16*1*1,16,BW09G,简,收货,上架
TVGL75FHGr,灰色 品牌31 75英寸 电视机（全高清）,电视机,品牌31,75英寸,全高清,灰色,8*1*1,8,DL06C,莎拉,收货,上架
LaPH1532Si,银色 品牌12 15英寸 笔记本电脑（32吉字节内存）,笔记本电脑,品牌12,15英寸,32吉字节内存,银色,16*1*1,16,AS31C,亚历克斯,收货,上架
PrReA3WiWh,白色 品牌24 三号纸 打印机（无线网络）,打印机,品牌24,三号纸,无线网络,白色,16*1*1,16,DN21E,艾米,收货,上架
CuQE12FiWh,白色 品牌01 1200 储物柜（文件收纳）,储物柜,品牌01,1200,文件收纳,白色,8*1*1,8,DQ30E,迈克,收货,上架
CuQE90DoWh,白色 品牌01 900 储物柜（带门式）,储物柜,品牌01,900,带门式,白色,8*1*1,8,DU75B,克里斯,收货,上架
MoPH45ErBl,黑色 品牌12 450 鼠标（人体工学）,鼠标,品牌12,450,人体工学,黑色,16*10*1,160,CJ10A,大卫,收货,上架
GaSELAdPi,粉色 品牌08 大号 游戏椅（可调节）,游戏椅,品牌08,大号,可调节,粉色,16*1*1,16,CP72B,迈克,收货,上架
OfAEMHeBl,黑色 品牌05 中号 办公椅（头枕）,办公椅,品牌05,中号,头枕,黑色,16*1*1,16,DM42A,简,收货,上架
DrQE18FiBl,黑色 品牌01 1800 抽屉柜（文件收纳）,抽屉柜,品牌01,1800,文件收纳,黑色,8*1*1,8,BM82H,迈克,收货,上架
LaRe1532Bl,黑色 品牌14 15英寸 笔记本电脑（32吉字节内存）,笔记本电脑,品牌14,15英寸,32吉字节内存,黑色,16*1*1,16,BL94G,约翰,收货,上架
DrWE12DoBe,米色 品牌02 1200 抽屉柜（带门式）,抽屉柜,品牌02,1200,带门式,米色,8*1*1,8,CH11D,迈克,收货,上架
LaYn178GWh,白色 品牌15 17英寸 笔记本电脑（8吉字节内存）,笔记本电脑,品牌15,17英寸,8吉字节内存,白色,16*1*1,16,BS46C,劳拉,收货,上架
GaOGMAdGr,灰色 品牌07 中号 游戏椅（可调节）,游戏椅,品牌07,中号,可调节,灰色,16*1*1,16,BJ60H,大卫,收货,上架
AlSu15i5Gr,灰色 品牌11 15英寸 一体机（第5代处理器）,一体机,品牌11,15英寸,第5代处理器,灰色,16*1*1,16,AX20B,劳拉,收货,上架
NoMuA4doBl,黑色 品牌19 四号纸 笔记本（点阵）,笔记本,品牌19,四号纸,点阵,黑色,48*10*5,2400,AN26D,简,收货,上架
OfAESAdPi,粉色 品牌05 小号 办公椅（可调节）,办公椅,品牌05,小号,可调节,粉色,16*1*1,16,AZ14F,劳拉,收货,上架
AlYn15i5Si,银色 品牌15 15英寸 一体机（第5代处理器）,一体机,品牌15,15英寸,第5代处理器,银色,16*1*1,16,AS43B,克里斯,收货,上架
CaRG90FiBe,米色 品牌03 900 文件柜（文件收纳）,文件柜,品牌03,900,文件收纳,米色,8*1*1,8,BQ13A,大卫,收货,上架
KeSu27ErWh,白色 品牌11 270 键盘（人体工学）,键盘,品牌11,270,人体工学,白色,16*10*1,160,DI98A,莎拉,收货,上架
KeSu45BlBl,黑色 品牌11 450 键盘（蓝牙）,键盘,品牌11,450,蓝牙,黑色,16*10*1,160,BP63B,劳拉,收货,上架
TaCI10AdGr,灰色 品牌27 1000 桌子（可调节）,桌子,品牌27,1000,可调节,灰色,8*1*1,8,CR14E,大卫,收货,上架
LaRe1416Wh,白色 品牌14 14英寸 笔记本电脑（16吉字节内存）,笔记本电脑,品牌14,14英寸,16吉字节内存,白色,16*1*1,16,CX62B,艾米丽,收货,上架
LaSu17i7Bl,黑色 品牌11 17英寸 笔记本电脑（第7代处理器）,笔记本电脑,品牌11,17英寸,第7代处理器,黑色,16*1*1,16,DX69C,莎拉,收货,上架
PeNa12HeBl,黑色 品牌23 12 铅笔（六角形）,铅笔,品牌23,12,六角形,黑色,48*10*5,2400,BQ57A,迈克,收货,上架
DrRG18LoWh,白色 品牌03 1800 抽屉柜（储物锁柜）,抽屉柜,品牌03,1800,储物锁柜,白色,8*1*1,8,CR44B,艾米,收货,上架
TVGL32S4Bl,黑色 品牌31 32英寸 电视机（超级超高清）,电视机,品牌31,32英寸,超级超高清,黑色,8*1*1,8,AI57A,劳拉,收货,上架
PeGi24HeWh,白色 品牌21 24 铅笔（六角形）,铅笔,品牌21,24,六角形,白色,48*10*5,2400,BJ17G,亚历克斯,收货,上架
LaOv178GBl,黑色 品牌13 17英寸 笔记本电脑（8吉字节内存）,笔记本电脑,品牌13,17英寸,8吉字节内存,黑色,16*1*1,16,AK82C,克里斯,收货,上架
TVGn65SFWh,白色 品牌30 65英寸 电视机（超级全高清）,电视机,品牌30,65英寸,超级全高清,白色,8*1*1,8,AK89H,大卫,收货,上架
GaSESErBl,黑色 品牌08 小号 游戏椅（人体工学）,游戏椅,品牌08,小号,人体工学,黑色,16*1*1,16,BY93C,约翰,收货,上架
GaSESErBl,黑色 品牌08 小号 游戏椅（人体工学）,游戏椅,品牌08,小号,人体工学,黑色,16*1*1,16,AS46G,亚历克斯,收货,上架
PeAl50HeBl,黑色 品牌20 50 铅笔（六角形）,铅笔,品牌20,50,六角形,黑色,48*10*5,2400,DS82F,迈克,收货,上架
NoScA4doSi,银色 品牌17 四号纸 笔记本（点阵）,笔记本,品牌17,四号纸,点阵,银色,48*10*5,2400,CY50C,劳拉,收货,上架
AlPH17i7Gr,灰色 品牌12 17英寸 一体机（第7代处理器）,一体机,品牌12,17英寸,第7代处理器,灰色,16*1*1,16,CS39E,简,收货,上架
TaCI10AuGr,灰色 品牌27 1000 桌子（自动调节）,桌子,品牌27,1000,自动调节,灰色,8*1*1,8,AJ72A,迈克,收货,上架
PeRe12SoBl,黑色 品牌22 12 铅笔（可溶性）,铅笔,品牌22,12,可溶性,黑色,48*10*5,2400,AK40B,亚历克斯,收货,上架
DrRG12SlWh,白色 品牌03 1200 抽屉柜（滑动式）,抽屉柜,品牌03,1200,滑动式,白色,8*1*1,8,AI23B,艾米,收货,上架
TaAE15WoSi,银色 品牌05 1500 桌子（工作站）,桌子,品牌05,1500,工作站,银色,8*1*1,8,BW75B,简,收货,上架
AlRe158GWh,白色 品牌14 15英寸 一体机（8吉字节内存）,一体机,品牌14,15英寸,8吉字节内存,白色,16*1*1,16,CL23A,艾米,收货,上架
CaQE18LoBl,黑色 品牌01 1800 文件柜（储物锁柜）,文件柜,品牌01,1800,储物锁柜,黑色,8*1*1,8,BR45E,亚历克斯,收货,上架
CuQE18DoWh,白色 品牌01 1800 储物柜（带门式）,储物柜,品牌01,1800,带门式,白色,8*1*1,8,DH27B,艾米丽,收货,上架
MoHc35BlBl,黑色 品牌09 350 鼠标（蓝牙）,鼠标,品牌09,350,蓝牙,黑色,16*10*1,160,BO63F,迈克,收货,上架
OfXESErWh,白色 品牌06 小号 办公椅（人体工学）,办公椅,品牌06,小号,人体工学,白色,16*1*1,16,DX19D,艾米,收货,上架
SPRe12HeWh,白色 品牌22 12 触控笔（六角形）,触控笔,品牌22,12,六角形,白色,48*10*5,2400,CX34E,艾米丽,收货,上架
KeSu27MeBl,黑色 品牌11 270 键盘（机械式）,键盘,品牌11,270,机械式,黑色,16*10*1,160,BI26D,劳拉,收货,上架
MoHc45WiPi,粉色 品牌09 450 鼠标（有线）,鼠标,品牌09,450,有线,粉色,16*10*1,160,AS48F,约翰,收货,上架
AlRe1516Bl,黑色 品牌14 15英寸 一体机（16吉字节内存）,一体机,品牌14,15英寸,16吉字节内存,黑色,16*1*1,16,BV74E,亚历克斯,收货,上架
DrWE18FiBe,米色 品牌02 1800 抽屉柜（文件收纳）,抽屉柜,品牌02,1800,文件收纳,米色,8*1*1,8,DV68G,艾米丽,收货,上架
PrNoA2WiGr,灰色 品牌26 二号纸 打印机（无线网络）,打印机,品牌26,二号纸,无线网络,灰色,16*1*1,16,BJ02D,克里斯,收货,上架
PrNoA3WiBl,黑色 品牌26 三号纸 打印机（无线网络）,打印机,品牌26,三号纸,无线网络,黑色,16*1*1,16,DX16F,约翰,收货,上架
CaWE90LoGr,灰色 品牌02 900 文件柜（储物锁柜）,文件柜,品牌02,900,储物锁柜,灰色,8*1*1,8,CZ16A,劳拉,收货,上架
CuRG12DoBl,黑色 品牌03 1200 储物柜（带门式）,储物柜,品牌03,1200,带门式,黑色,8*1*1,8,BP90H,艾米,收货,上架
KePH27BlBl,黑色 品牌12 270 键盘（蓝牙）,键盘,品牌12,270,蓝牙,黑色,16*10*1,160,BI04A,亚历克斯,收货,上架
PrPHA2LaMi,混合色 品牌12 二号纸 打印机（激光）,打印机,品牌12,二号纸,激光,混合色,16*1*1,16,AN87A,简,收货,上架
PrNoA2WiBl,黑色 品牌26 二号纸 打印机（无线网络）,打印机,品牌26,二号纸,无线网络,黑色,16*1*1,16,DW75A,大卫,收货,上架
CuWE90DoGr,灰色 品牌02 900 储物柜（带门式）,储物柜,品牌02,900,带门式,灰色,8*1*1,8,AR95G,大卫,收货,上架
NoExA4liSi,银色 品牌16 四号纸 笔记本（线条）,笔记本,品牌16,四号纸,线条,银色,48*10*5,2400,CT97A,莎拉,收货,上架
CaWE12LoWh,白色 品牌02 1200 文件柜（储物锁柜）,文件柜,品牌02,1200,储物锁柜,白色,8*1*1,8,AJ24H,约翰,收货,上架
TaTR10AuWh,白色 品牌28 1000 桌子（自动调节）,桌子,品牌28,1000,自动调节,白色,8*1*1,8,AK77F,简,收货,上架
TVGL42SFGr,灰色 品牌31 42英寸 电视机（超级全高清）,电视机,品牌31,42英寸,超级全高清,灰色,8*1*1,8,DZ17D,约翰,收货,上架
NoExA5liSi,银色 品牌16 五号纸 笔记本（线条）,笔记本,品牌16,五号纸,线条,银色,48*10*5,2400,AU85B,艾米,收货,上架
KeSu45BlNa,藏青色 品牌11 450 键盘（蓝牙）,键盘,品牌11,450,蓝牙,藏青色,16*10*1,160,CW06F,约翰,收货,上架
OfAESAdPi,粉色 品牌05 小号 办公椅（可调节）,办公椅,品牌05,小号,可调节,粉色,16*1*1,16,CM44D,劳拉,收货,上架
CaTE18LoWh,白色 品牌04 1800 文件柜（储物锁柜）,文件柜,品牌04,1800,储物锁柜,白色,8*1*1,8,AX42C,约翰,收货,上架
AlSu1532Wh,白色 品牌11 15英寸 一体机（32吉字节内存）,一体机,品牌11,15英寸,32吉字节内存,白色,16*1*1,16,DO47B,大卫,收货,上架
PeNa24HeWh,白色 品牌23 24 铅笔（六角形）,铅笔,品牌23,24,六角形,白色,48*10*5,2400,DS40E,亚历克斯,收货,上架
PrPHA2WiWh,白色 品牌12 二号纸 打印机（无线网络）,打印机,品牌12,二号纸,无线网络,白色,16*1*1,16,CT57D,莎拉,收货,上架
DrWE12DoWh,白色 品牌02 1200 抽屉柜（带门式）,抽屉柜,品牌02,1200,带门式,白色,8*1*1,8,BM71F,艾米,收货,上架
OfSELLeGr,灰色 品牌08 大号 办公椅（皮革）,办公椅,品牌08,大号,皮革,灰色,16*1*1,16,AS04B,莎拉,收货,上架
CuRG18LoWh,白色 品牌03 1800 储物柜（储物锁柜）,储物柜,品牌03,1800,储物锁柜,白色,8*1*1,8,AJ01C,大卫,收货,上架
TVYn65SFSi,银色 品牌15 65英寸 电视机（超级全高清）,电视机,品牌15,65英寸,超级全高清,银色,8*1*1,8,AK27D,莎拉,收货,上架
OfAEMAdBl,黑色 品牌05 中号 办公椅（可调节）,办公椅,品牌05,中号,可调节,黑色,16*1*1,16,BM10F,艾米,收货,上架
DrQE18LoBl,黑色 品牌01 1800 抽屉柜（储物锁柜）,抽屉柜,品牌01,1800,储物锁柜,黑色,8*1*1,8,AL41D,艾米,收货,上架
SPNa12HePi,粉色 品牌23 12 触控笔（六角形）,触控笔,品牌23,12,六角形,粉色,48*10*5,2400,BU83C,莎拉,收货,上架
DrRG12LoWh,白色 品牌03 1200 抽屉柜（储物锁柜）,抽屉柜,品牌03,1200,储物锁柜,白色,8*1*1,8,AQ46H,艾米丽,收货,上架
LaSu17i5Gr,灰色 品牌11 17英寸 笔记本电脑（第5代处理器）,笔记本电脑,品牌11,17英寸,第5代处理器,灰色,16*1*1,16,BY89C,莎拉,收货,上架
MoSu27WiWh,白色 品牌11 270 鼠标（有线）,鼠标,品牌11,270,有线,白色,16*10*1,160,BT05F,克里斯,收货,上架
KePH35BlPi,粉色 品牌12 350 键盘（蓝牙）,键盘,品牌12,350,蓝牙,粉色,16*10*1,160,AQ49C,大卫,收货,上架
LaSu15i7Bl,黑色 品牌11 15英寸 笔记本电脑（第7代处理器）,笔记本电脑,品牌11,15英寸,第7代处理器,黑色,16*1*1,16,AH40D,简,收货,上架
KeSu45WiWh,白色 品牌11 450 键盘（有线）,键盘,品牌11,450,有线,白色,16*10*1,160,DZ87C,克里斯,收货,上架
TaTR18AuBl,黑色 品牌28 1800 桌子（自动调节）,桌子,品牌28,1800,自动调节,黑色,8*1*1,8,BL41A,艾米丽,收货,上架
CuWE90DoBe,米色 品牌02 900 储物柜（带门式）,储物柜,品牌02,900,带门式,米色,8*1*1,8,DJ81D,大卫,收货,上架
TaAE15AdSi,银色 品牌05 1500 桌子（可调节）,桌子,品牌05,1500,可调节,银色,8*1*1,8,DY09E,艾米丽,收货,上架
SPRe50SoGr,灰色 品牌22 50 触控笔（可溶性）,触控笔,品牌22,50,可溶性,灰色,48*10*5,2400,CX47A,约翰,收货,上架
NoGrA4ruSi,银色 品牌18 四号纸 笔记本（横线）,笔记本,品牌18,四号纸,横线,银色,48*10*5,2400,DF68F,亚历克斯,收货,上架
AlPH17i5Bl,黑色 品牌12 17英寸 一体机（第5代处理器）,一体机,品牌12,17英寸,第5代处理器,黑色,16*1*1,16,AG86D,迈克,收货,上架
CuWE18DoGr,灰色 品牌02 1800 储物柜（带门式）,储物柜,品牌02,1800,带门式,灰色,8*1*1,8,DW85A,大卫,收货,上架
MoPH27ErBl,黑色 品牌12 270 鼠标（人体工学）,鼠标,品牌12,270,人体工学,黑色,16*10*1,160,CL37D,迈克,收货,上架
LaYn1716Si,银色 品牌15 17英寸 笔记本电脑（16吉字节内存）,笔记本电脑,品牌15,17英寸,16吉字节内存,银色,16*1*1,16,AU16F,亚历克斯,收货,上架
KeHc45ErBl,黑色 品牌09 450 键盘（人体工学）,键盘,品牌09,450,人体工学,黑色,16*10*1,160,AO11B,劳拉,收货,上架
CaTE12SlBl,黑色 品牌04 1200 文件柜（滑动式）,文件柜,品牌04,1200,滑动式,黑色,8*1*1,8,CY64G,迈克,收货,上架
TVGL65FHWh,白色 品牌31 65英寸 电视机（全高清）,电视机,品牌31,65英寸,全高清,白色,8*1*1,8,BY98A,大卫,收货,上架
TVEs32S4Gr,灰色 品牌32 32英寸 电视机（超级超高清）,电视机,品牌32,32英寸,超级超高清,灰色,8*1*1,8,DL63G,约翰,收货,上架
SPNa12HePi,粉色 品牌23 12 触控笔（六角形）,触控笔,品牌23,12,六角形,粉色,48*10*5,2400,DT03E,亚历克斯,收货,上架
SPNa24SoPi,粉色 品牌23 24 触控笔（可溶性）,触控笔,品牌23,24,可溶性,粉色,48*10*5,2400,AS67D,约翰,收货,上架
GaOGSErBl,黑色 品牌07 小号 游戏椅（人体工学）,游戏椅,品牌07,小号,人体工学,黑色,16*1*1,16,AO37D,莎拉,收货,上架
AlRe1716Bl,黑色 品牌14 17英寸 一体机（16吉字节内存）,一体机,品牌14,17英寸,16吉字节内存,黑色,16*1*1,16,BG68H,艾米丽,收货,上架
CuWE90FiGr,灰色 品牌02 900 储物柜（文件收纳）,储物柜,品牌02,900,文件收纳,灰色,8*1*1,8,DP50G,克里斯,收货,上架
PeRe50WaWh,白色 品牌22 50 铅笔（水彩）,铅笔,品牌22,50,水彩,白色,48*10*5,2400,CT63C,劳拉,收货,上架
GaXESHeBl,黑色 品牌06 小号 游戏椅（头枕）,游戏椅,品牌06,小号,头枕,黑色,16*1*1,16,CK52H,克里斯,收货,上架
CuRG18FiBe,米色 品牌03 1800 储物柜（文件收纳）,储物柜,品牌03,1800,文件收纳,米色,8*1*1,8,BM60C,莎拉,收货,上架
SPGi24HeWh,白色 品牌21 24 触控笔（六角形）,触控笔,品牌21,24,六角形,白色,48*10*5,2400,DP11E,克里斯,收货,上架
PeNa24SoPi,粉色 品牌23 24 铅笔（可溶性）,铅笔,品牌23,24,可溶性,粉色,48*10*5,2400,AX82B,艾米,收货,上架
PrNoA4AlBl,黑色 品牌26 四号纸 打印机（一体式）,打印机,品牌26,四号纸,一体式,黑色,16*1*1,16,BJ50D,大卫,收货,上架
NoMuA4liGr,灰色 品牌19 四号纸 笔记本（线条）,笔记本,品牌19,四号纸,线条,灰色,48*10*5,2400,DG50F,克里斯,收货,上架
DrWE18DoGr,灰色 品牌02 1800 抽屉柜（带门式）,抽屉柜,品牌02,1800,带门式,灰色,8*1*1,8,BK83H,莎拉,收货,上架
TVYn50S4Si,银色 品牌15 50英寸 电视机（超级超高清）,电视机,品牌15,50英寸,超级超高清,银色,8*1*1,8,CL09D,艾米丽,收货,上架
GaAEMHeBl,黑色 品牌05 中号 游戏椅（头枕）,游戏椅,品牌05,中号,头枕,黑色,16*1*1,16,CM35A,迈克,收货,上架
CaTE18SlBe,米色 品牌04 1800 文件柜（滑动式）,文件柜,品牌04,1800,滑动式,米色,8*1*1,8,BJ02B,克里斯,收货,上架
AlYn1516Wh,白色 品牌15 15英寸 一体机（16吉字节内存）,一体机,品牌15,15英寸,16吉字节内存,白色,16*1*1,16,DJ66F,亚历克斯,收货,上架
NoScA4liWh,白色 品牌17 四号纸 笔记本（线条）,笔记本,品牌17,四号纸,线条,白色,48*10*5,2400,CS34G,大卫,收货,上架
PrReA2MoBl,黑色 品牌24 二号纸 打印机（黑白）,打印机,品牌24,二号纸,黑白,黑色,16*1*1,16,DM89F,艾米丽,收货,上架
DrRG18FiBl,黑色 品牌03 1800 抽屉柜（文件收纳）,抽屉柜,品牌03,1800,文件收纳,黑色,8*1*1,8,BL42G,约翰,收货,上架
TaTR18WoGr,灰色 品牌28 1800 桌子（工作站）,桌子,品牌28,1800,工作站,灰色,8*1*1,8,DK83G,大卫,收货,上架
CuTE18DoWh,白色 品牌04 1800 储物柜（带门式）,储物柜,品牌04,1800,带门式,白色,8*1*1,8,DT13G,艾米,收货,上架
KeHc27WiBl,黑色 品牌09 270 键盘（有线）,键盘,品牌09,270,有线,黑色,16*10*1,160,DJ50E,约翰,收货,上架
OfOGLErBl,黑色 品牌07 大号 办公椅（人体工学）,办公椅,品牌07,大号,人体工学,黑色,16*1*1,16,AI08A,艾米,收货,上架
CaWE18DoWh,白色 品牌02 1800 文件柜（带门式）,文件柜,品牌02,1800,带门式,白色,8*1*1,8,DF38A,克里斯,收货,上架
PrReA2InMi,混合色 品牌24 二号纸 打印机（喷墨）,打印机,品牌24,二号纸,喷墨,混合色,16*1*1,16,CH51B,艾米,收货,上架
TVGn42SFSi,银色 品牌30 42英寸 电视机（超级全高清）,电视机,品牌30,42英寸,超级全高清,银色,8*1*1,8,BL91F,大卫,收货,上架
DrQE90LoWh,白色 品牌01 900 抽屉柜（储物锁柜）,抽屉柜,品牌01,900,储物锁柜,白色,8*1*1,8,BW23A,迈克,收货,上架
OfAESAdPi,粉色 品牌05 小号 办公椅（可调节）,办公椅,品牌05,小号,可调节,粉色,16*1*1,16,CU11C,迈克,收货,上架
GaOGLHePi,粉色 品牌07 大号 游戏椅（头枕）,游戏椅,品牌07,大号,头枕,粉色,16*1*1,16,AG40A,艾米丽,收货,上架
SPAl50SoBl,黑色 品牌20 50 触控笔（可溶性）,触控笔,品牌20,50,可溶性,黑色,48*10*5,2400,CU13C,迈克,收货,上架
PeRe24SoPi,粉色 品牌22 24 铅笔（可溶性）,铅笔,品牌22,24,可溶性,粉色,48*10*5,2400,BR74E,艾米丽,收货,上架
TVGn50SFGr,灰色 品牌30 50英寸 电视机（超级全高清）,电视机,品牌30,50英寸,超级全高清,灰色,8*1*1,8,AJ81D,大卫,收货,上架
TVYn50SFWh,白色 品牌15 50英寸 电视机（超级全高清）,电视机,品牌15,50英寸,超级全高清,白色,8*1*1,8,DL56D,大卫,收货,上架
LaYn15i5Wh,白色 品牌15 15英寸 笔记本电脑（第5代处理器）,笔记本电脑,品牌15,15英寸,第5代处理器,白色,16*1*1,16,BJ54H,约翰,收货,上架
PeRe50WaGr,灰色 品牌22 50 铅笔（水彩）,铅笔,品牌22,50,水彩,灰色,48*10*5,2400,BR48C,艾米丽,收货,上架
CaTE18FiBl,黑色 品牌04 1800 文件柜（文件收纳）,文件柜,品牌04,1800,文件收纳,黑色,8*1*1,6,CF52A,艾米,收货,上架
LaYn17i5Wh,白色 品牌15 17英寸 笔记本电脑（第5代处理器）,笔记本电脑,品牌15,17英寸,第5代处理器,白色,16*1*1,2,CU88D,莎拉,收货,上架
DrTE12LoBe,米色 品牌04 1200 抽屉柜（储物锁柜）,抽屉柜,品牌04,1200,储物锁柜,米色,8*1*1,8,CN51C,艾米丽,收货,上架
MoRe35MeBl,黑色 品牌10 350 鼠标（机械式）,鼠标,品牌10,350,机械式,黑色,16*10*1,37,DI95F,简,收货,上架
AlRe1732Wh,白色 品牌14 17英寸 一体机（32吉字节内存）,一体机,品牌14,17英寸,32吉字节内存,白色,16*1*1,3,BP05B,艾米丽,收货,上架
AlPH1516Si,银色 品牌12 15英寸 一体机（16吉字节内存）,一体机,品牌12,15英寸,16吉字节内存,银色,16*1*1,11,BL45H,劳拉,收货,上架
CuTE18LoBl,黑色 品牌04 1800 储物柜（储物锁柜）,储物柜,品牌04,1800,储物锁柜,黑色,8*1*1,7,BV02H,亚历克斯,收货,上架
PrNoA3InMi,混合色 品牌26 三号纸 打印机（喷墨）,打印机,品牌26,三号纸,喷墨,混合色,16*1*1,15,DO20B,劳拉,收货,上架
DrQE18SlWh,白色 品牌01 1800 抽屉柜（滑动式）,抽屉柜,品牌01,1800,滑动式,白色,8*1*1,5,AQ97C,艾米丽,收货,上架
MoHc35MeNa,藏青色 品牌09 350 鼠标（机械式）,鼠标,品牌09,350,机械式,藏青色,16*10*1,74,CI71H,艾米,收货,上架
CuQE12DoWh,白色 品牌01 1200 储物柜（带门式）,储物柜,品牌01,1200,带门式,白色,8*1*1,8,BO97H,艾米丽,收货,上架
SPNa50HeGr,灰色 品牌23 50 触控笔（六角形）,触控笔,品牌23,50,六角形,灰色,48*10*5,1764,CR43H,简,收货,上架
GaSEMLeBl,黑色 品牌08 中号 游戏椅（皮革）,游戏椅,品牌08,中号,皮革,黑色,16*1*1,13,CI77F,迈克,收货,上架
DrWE90SlGr,灰色 品牌02 900 抽屉柜（滑动式）,抽屉柜,品牌02,900,滑动式,灰色,8*1*1,2,CR88F,莎拉,收货,上架
PrReA4LaWh,白色 品牌24 四号纸 打印机（激光）,打印机,品牌24,四号纸,激光,白色,16*1*1,16,AQ22B,劳拉,收货,上架
DrWE90DoBe,米色 品牌02 900 抽屉柜（带门式）,抽屉柜,品牌02,900,带门式,米色,8*1*1,2,CR79G,大卫,收货,上架
TaAE15AuBl,黑色 品牌05 1500 桌子（自动调节）,桌子,品牌05,1500,自动调节,黑色,8*1*1,1,DU08D,克里斯,收货,上架
AlYn1732Si,银色 品牌15 17英寸 一体机（32吉字节内存）,一体机,品牌15,17英寸,32吉字节内存,银色,16*1*1,1,DG04F,迈克,收货,上架
PrReA3WiWh,白色 品牌24 三号纸 打印机（无线网络）,打印机,品牌24,三号纸,无线网络,白色,16*1*1,14,BV95H,迈克,收货,上架
LaOv158GWh,白色 品牌13 15英寸 笔记本电脑（8吉字节内存）,笔记本电脑,品牌13,15英寸,8吉字节内存,白色,16*1*1,15,DW79D,劳拉,收货,上架
KeRe35WiWh,白色 品牌10 350 键盘（有线）,键盘,品牌10,350,有线,白色,16*10*1,126,BO50C,亚历克斯,收货,上架
PrSoA3MoWh,白色 品牌25 三号纸 打印机（黑白）,打印机,品牌25,三号纸,黑白,白色,16*1*1,15,DN97H,约翰,收货,上架
KeHc27WiWh,白色 品牌09 270 键盘（有线）,键盘,品牌09,270,有线,白色,16*10*1,131,CR23D,迈克,收货,上架
NoMuA5liGr,灰色 品牌19 五号纸 笔记本（线条）,笔记本,品牌19,五号纸,线条,灰色,48*10*5,240,BG36C,劳拉,收货,上架
AlRe17i5Wh,白色 品牌14 17英寸 一体机（第5代处理器）,一体机,品牌14,17英寸,第5代处理器,白色,16*1*1,11,BY77F,大卫,收货,上架
MoSu35MePi,粉色 品牌11 350 鼠标（机械式）,鼠标,品牌11,350,机械式,粉色,16*10*1,126,BW04C,劳拉,收货,上架
NoExA3ruSi,银色 品牌16 三号纸 笔记本（横线）,笔记本,品牌16,三号纸,横线,银色,48*10*5,754,AG23G,莎拉,收货,上架
LaRe1416Bl,黑色 品牌14 14英寸 笔记本电脑（16吉字节内存）,笔记本电脑,品牌14,14英寸,16吉字节内存,黑色,16*1*1,4,CZ31A,大卫,收货,上架
CaQE90SlGr,灰色 品牌01 900 文件柜（滑动式）,文件柜,品牌01,900,滑动式,灰色,8*1*1,3,DN77F,莎拉,收货,上架
PrSoA4LaWh,白色 品牌25 四号纸 打印机（激光）,打印机,品牌25,四号纸,激光,白色,16*1*1,11,AM15F,大卫,收货,上架
KeHc35WiNa,藏青色 品牌09 350 键盘（有线）,键盘,品牌09,350,有线,藏青色,16*10*1,14,CT26C,大卫,收货,上架
TVGn75S4Wh,白色 品牌30 75英寸 电视机（超级超高清）,电视机,品牌30,75英寸,超级超高清,白色,8*1*1,6,DX23H,亚历克斯,收货,上架
TVGL42S4Si,银色 品牌31 42英寸 电视机（超级超高清）,电视机,品牌31,42英寸,超级超高清,银色,8*1*1,4,DP49B,迈克,收货,上架
SPNa24SoGr,灰色 品牌23 24 触控笔（可溶性）,触控笔,品牌23,24,可溶性,灰色,48*10*5,1881,AG33D,艾米丽,收货,上架
PeAl12SoBl,黑色 品牌20 12 铅笔（可溶性）,铅笔,品牌20,12,可溶性,黑色,48*10*5,2382,CI23E,简,收货,上架
TVGn654KSi,银色 品牌30 65英寸 电视机（超高清）,电视机,品牌30,65英寸,超高清,银色,8*1*1,8,CO92F,劳拉,收货,上架
SPGi24SoWh,白色 品牌21 24 触控笔（可溶性）,触控笔,品牌21,24,可溶性,白色,48*10*5,1138,DI49F,莎拉,收货,上架
CaRG90SlWh,白色 品牌03 900 文件柜（滑动式）,文件柜,品牌03,900,滑动式,白色,8*1*1,5,DL39A,简,收货,上架
TVEs75SFWh,白色 品牌32 75英寸 电视机（超级全高清）,电视机,品牌32,75英寸,超级全高清,白色,8*1*1,6,AK69C,约翰,收货,上架
NoMuA4doGr,灰色 品牌19 四号纸 笔记本（点阵）,笔记本,品牌19,四号纸,点阵,灰色,48*10*5,818,BY39F,劳拉,收货,上架
PrReA2AlGr,灰色 品牌24 二号纸 打印机（一体式）,打印机,品牌24,二号纸,一体式,灰色,16*1*1,9,CJ85G,迈克,收货,上架
PrPHA4InGr,灰色 品牌12 四号纸 打印机（喷墨）,打印机,品牌12,四号纸,喷墨,灰色,16*1*1,11,BH09E,亚历克斯,收货,上架
CaQE90LoBl,黑色 品牌01 900 文件柜（储物锁柜）,文件柜,品牌01,900,储物锁柜,黑色,8*1*1,4,AX34B,艾米,收货,上架
MoRe35WiPi,粉色 品牌10 350 鼠标（有线）,鼠标,品牌10,350,有线,粉色,16*10*1,111,CP61F,约翰,收货,上架
KeHc27ErNa,藏青色 品牌09 270 键盘（人体工学）,键盘,品牌09,270,人体工学,藏青色,16*10*1,91,DR41G,约翰,收货,上架
TaCI10WoWh,白色 品牌27 1000 桌子（工作站）,桌子,品牌27,1000,工作站,白色,8*1*1,3,CW86D,简,收货,上架
LaRe148GWh,白色 品牌14 14英寸 笔记本电脑（8吉字节内存）,笔记本电脑,品牌14,14英寸,8吉字节内存,白色,16*1*1,12,CH49D,约翰,收货,上架
MoSu45MeBl,黑色 品牌11 450 鼠标（机械式）,鼠标,品牌11,450,机械式,黑色,16*10*1,126,AM26B,亚历克斯,收货,上架
TaTR18FrBl,黑色 品牌28 1800 桌子（框架式）,桌子,品牌28,1800,框架式,黑色,8*1*1,4,BU65B,艾米丽,收货,上架
CuQE12DoWh,白色 品牌01 1200 储物柜（带门式）,储物柜,品牌01,1200,带门式,白色,8*1*1,4,AQ05A,简,收货,上架
PeGi12SoWh,白色 品牌21 12 铅笔（可溶性）,铅笔,品牌21,12,可溶性,白色,48*10*5,2042,CF46H,迈克,收货,上架
OfOGSLeGr,灰色 品牌07 小号 办公椅（皮革）,办公椅,品牌07,小号,皮革,灰色,16*1*1,3,AT01G,简,收货,上架
CuRG18FiBl,黑色 品牌03 1800 储物柜（文件收纳）,储物柜,品牌03,1800,文件收纳,黑色,8*1*1,3,CJ39F,约翰,收货,上架
PrReA4WiWh,白色 品牌24 四号纸 打印机（无线网络）,打印机,品牌24,四号纸,无线网络,白色,16*1*1,9,DK31H,劳拉,收货,上架
PrSoA2AlBl,黑色 品牌25 二号纸 打印机（一体式）,打印机,品牌25,二号纸,一体式,黑色,16*1*1,8,BH96F,莎拉,收货,上架
AlOv1432Wh,白色 品牌13 14英寸 一体机（32吉字节内存）,一体机,品牌13,14英寸,32吉字节内存,白色,16*1*1,2,AG18H,艾米丽,收货,上架
CuQE18LoGr,灰色 品牌01 1800 储物柜（储物锁柜）,储物柜,品牌01,1800,储物锁柜,灰色,8*1*1,1,CU69G,约翰,收货,上架
TVGn32SFGr,灰色 品牌30 32英寸 电视机（超级全高清）,电视机,品牌30,32英寸,超级全高清,灰色,8*1*1,7,DZ08F,艾米丽,收货,上架
NoGrA5doWh,白色 品牌18 五号纸 笔记本（点阵）,笔记本,品牌18,五号纸,点阵,白色,48*10*5,160,BU23D,大卫,收货,上架
OfXESAdBl,黑色 品牌06 小号 办公椅（可调节）,办公椅,品牌06,小号,可调节,黑色,16*1*1,8,DG50F,艾米丽,收货,上架
LaYn1732Bl,黑色 品牌15 17英寸 笔记本电脑（32吉字节内存）,笔记本电脑,品牌15,17英寸,32吉字节内存,黑色,16*1*1,3,BX59B,简,收货,上架
AlOv148GWh,白色 品牌13 14英寸 一体机（8吉字节内存）,一体机,品牌13,14英寸,8吉字节内存,白色,16*1*1,5,BT82D,亚历克斯,收货,上架
PrReA4AlMi,混合色 品牌24 四号纸 打印机（一体式）,打印机,品牌24,四号纸,一体式,混合色,16*1*1,16,AI34G,艾米,收货,上架
NoGrA3ruBl,黑色 品牌18 三号纸 笔记本（横线）,笔记本,品牌18,三号纸,横线,黑色,48*10*5,1449,DY12F,大卫,收货,上架
GaAELAdPi,粉色 品牌05 大号 游戏椅（可调节）,游戏椅,品牌05,大号,可调节,粉色,16*1*1,13,CX26B,艾米,收货,上架
PrSoA4WiBl,黑色 品牌25 四号纸 打印机（无线网络）,打印机,品牌25,四号纸,无线网络,黑色,16*1*1,14,BK67E,艾米,收货,上架
PeAl50WaPi,粉色 品牌20 50 铅笔（水彩）,铅笔,品牌20,50,水彩,粉色,48*10*5,1351,CH38H,劳拉,收货,上架
DrWE90SlGr,灰色 品牌02 900 抽屉柜（滑动式）,抽屉柜,品牌02,900,滑动式,灰色,8*1*1,3,AS23F,约翰,收货,上架
OfAELLePi,粉色 品牌05 大号 办公椅（皮革）,办公椅,品牌05,大号,皮革,粉色,16*1*1,3,DP26E,艾米,收货,上架
TaTR15AdSi,银色 品牌29 1500 桌子（可调节）,桌子,品牌29,1500,可调节,银色,8*1*1,7,DI10A,简,收货,上架
GaOGMHePi,粉色 品牌07 中号 游戏椅（头枕）,游戏椅,品牌07,中号,头枕,粉色,16*1*1,13,CN58G,劳拉,收货,上架
PrNoA3AlBl,黑色 品牌26 三号纸 打印机（一体式）,打印机,品牌26,三号纸,一体式,黑色,16*1*1,11,BP71A,艾米丽,收货,上架
KeHc45ErBl,黑色 品牌09 450 键盘（人体工学）,键盘,品牌09,450,人体工学,黑色,16*10*1,159,BF46H,亚历克斯,收货,上架
PeGi24WaPi,粉色 品牌21 24 铅笔（水彩）,铅笔,品牌21,24,水彩,粉色,48*10*5,2125,DN66D,简,收货,上架
TaTR10FrBl,黑色 品牌29 1000 桌子（框架式）,桌子,品牌29,1000,框架式,黑色,8*1*1,7,BH11A,约翰,收货,上架
OfXEMAdPi,粉色 品牌06 中号 办公椅（可调节）,办公椅,品牌06,中号,可调节,粉色,16*1*1,7,AT63H,艾米丽,收货,上架
SPNa12WaGr,灰色 品牌23 12 触控笔（水彩）,触控笔,品牌23,12,水彩,灰色,48*10*5,845,AU24C,大卫,收货,上架
OfSEMHeWh,白色 品牌08 中号 办公椅（头枕）,办公椅,品牌08,中号,头枕,白色,16*1*1,12,DK62F,艾米丽,收货,上架
TaTR15WoSi,银色 品牌28 1500 桌子（工作站）,桌子,品牌28,1500,工作站,银色,8*1*1,1,CK42E,大卫,收货,上架
NoGrA4liWh,白色 品牌18 四号纸 笔记本（线条）,笔记本,品牌18,四号纸,线条,白色,48*10*5,462,DP20D,迈克,收货,上架
CuRG12DoWh,白色 品牌03 1200 储物柜（带门式）,储物柜,品牌03,1200,带门式,白色,8*1*1,6,CR03A,莎拉,收货,上架
KePH35MeNa,藏青色 品牌12 350 键盘（机械式）,键盘,品牌12,350,机械式,藏青色,16*10*1,112,BO16H,艾米丽,收货,上架
PrSoA4WiBl,黑色 品牌25 四号纸 打印机（无线网络）,打印机,品牌25,四号纸,无线网络,黑色,16*1*1,5,DT53D,亚历克斯,收货,上架
CaWE90LoGr,灰色 品牌02 900 文件柜（储物锁柜）,文件柜,品牌02,900,储物锁柜,灰色,8*1*1,5,DJ39D,亚历克斯,收货,上架
AlRe1732Bl,黑色 品牌14 17英寸 一体机（32吉字节内存）,一体机,品牌14,17英寸,32吉字节内存,黑色,16*1*1,6,AS68C,约翰,收货,上架
SPGi12HeGr,灰色 品牌21 12 触控笔（六角形）,触控笔,品牌21,12,六角形,灰色,48*10*5,1116,DX24H,大卫,收货,上架
DrWE90LoWh,白色 品牌02 900 抽屉柜（储物锁柜）,抽屉柜,品牌02,900,储物锁柜,白色,8*1*1,8,BZ35C,艾米,收货,上架
OfOGLAdPi,粉色 品牌07 大号 办公椅（可调节）,办公椅,品牌07,大号,可调节,粉色,16*1*1,14,BG42A,艾米,收货,上架
TVYn324KSi,银色 品牌15 32英寸 电视机（超高清）,电视机,品牌15,32英寸,超高清,银色,8*1*1,8,CJ43H,亚历克斯,收货,上架
SPGi12HeWh,白色 品牌21 12 触控笔（六角形）,触控笔,品牌21,12,六角形,白色,48*10*5,1649,CZ81G,迈克,收货,上架
LaRe158GBl,黑色 品牌14 15英寸 笔记本电脑（8吉字节内存）,笔记本电脑,品牌14,15英寸,8吉字节内存,黑色,16*1*1,12,BV22H,迈克,收货,上架
DrWE12LoBe,米色 品牌02 1200 抽屉柜（储物锁柜）,抽屉柜,品牌02,1200,储物锁柜,米色,8*1*1,4,CL37E,大卫,收货,上架
OfAESLePi,粉色 品牌05 小号 办公椅（皮革）,办公椅,品牌05,小号,皮革,粉色,16*1*1,15,CI35G,亚历克斯,收货,上架
LaYn15i7Wh,白色 品牌15 15英寸 笔记本电脑（第7代处理器）,笔记本电脑,品牌15,15英寸,第7代处理器,白色,16*1*1,2,BL55A,大卫,收货,上架
OfSEMLeWh,白色 品牌08 中号 办公椅（皮革）,办公椅,品牌08,中号,皮革,白色,16*1*1,13,AU26E,克里斯,收货,上架
LaPH15i5Wh,白色 品牌12 15英寸 笔记本电脑（第5代处理器）,笔记本电脑,品牌12,15英寸,第5代处理器,白色,16*1*1,7,CZ17A,克里斯,收货,上架
CaQE18LoGr,灰色 品牌01 1800 文件柜（储物锁柜）,文件柜,品牌01,1800,储物锁柜,灰色,8*1*1,1,BI17E,艾米,收货,上架
DrRG18SlGr,灰色 品牌03 1800 抽屉柜（滑动式）,抽屉柜,品牌03,1800,滑动式,灰色,8*1*1,7,BG72C,艾米,收货,上架
SPNa24SoBl,黑色 品牌23 24 触控笔（可溶性）,触控笔,品牌23,24,可溶性,黑色,48*10*5,1766,AU19A,克里斯,收货,上架
PrPHA3AlWh,白色 品牌12 三号纸 打印机（一体式）,打印机,品牌12,三号纸,一体式,白色,16*1*1,9,DI14C,莎拉,收货,上架
LaPH178GBl,黑色 品牌12 17英寸 笔记本电脑（8吉字节内存）,笔记本电脑,品牌12,17英寸,8吉字节内存,黑色,16*1*1,8,AI77G,艾米丽,收货,上架
CaQE90LoBl,黑色 品牌01 900 文件柜（储物锁柜）,文件柜,品牌01,900,储物锁柜,黑色,8*1*1,7,AG95H,亚历克斯,收货,上架
AlOv1532Gr,灰色 品牌13 15英寸 一体机（32吉字节内存）,一体机,品牌13,15英寸,32吉字节内存,灰色,16*1*1,7,CW57C,艾米丽,收货,上架
TaTR18AuBl,黑色 品牌29 1800 桌子（自动调节）,桌子,品牌29,1800,自动调节,黑色,8*1*1,2,DP77D,约翰,收货,上架
CuWE12SlWh,白色 品牌02 1200 储物柜（滑动式）,储物柜,品牌02,1200,滑动式,白色,8*1*1,8,CP78A,大卫,收货,上架
TaTR18WoBl,黑色 品牌29 1800 桌子（工作站）,桌子,品牌29,1800,工作站,黑色,8*1*1,3,AP67F,艾米,收货,上架
PeGi12WaGr,灰色 品牌21 12 铅笔（水彩）,铅笔,品牌21,12,水彩,灰色,48*10*5,1719,BZ51G,劳拉,收货,上架
DrWE18LoGr,灰色 品牌02 1800 抽屉柜（储物锁柜）,抽屉柜,品牌02,1800,储物锁柜,灰色,8*1*1,6,BP18D,约翰,收货,上架
KeSu27ErBl,黑色 品牌11 270 键盘（人体工学）,键盘,品牌11,270,人体工学,黑色,16*10*1,5,DM95A,艾米丽,收货,上架
AlOv17i5Gr,灰色 品牌13 17英寸 一体机（第5代处理器）,一体机,品牌13,17英寸,第5代处理器,灰色,16*1*1,13,DR21A,约翰,收货,上架
KeSu27BlWh,白色 品牌11 270 键盘（蓝牙）,键盘,品牌11,270,蓝牙,白色,16*10*1,47,DL68H,简,收货,上架
CuTE12LoBl,黑色 品牌04 1200 储物柜（储物锁柜）,储物柜,品牌04,1200,储物锁柜,黑色,8*1*1,6,CM21B,简,收货,上架
TVEs42S4Bl,黑色 品牌32 42英寸 电视机（超级超高清）,电视机,品牌32,42英寸,超级超高清,黑色,8*1*1,4,BY62D,艾米丽,收货,上架
MoRe27WiNa,藏青色 品牌10 270 鼠标（有线）,鼠标,品牌10,270,有线,藏青色,16*10*1,59,CT08C,约翰,收货,上架
GaAESErGr,灰色 品牌05 小号 游戏椅（人体工学）,游戏椅,品牌05,小号,人体工学,灰色,16*1*1,10,CZ43A,艾米,收货,上架
AlSu1432Wh,白色 品牌11 14英寸 一体机（32吉字节内存）,一体机,品牌11,14英寸,32吉字节内存,白色,16*1*1,16,AY64F,大卫,收货,上架
DrWE90FiBl,黑色 品牌02 900 抽屉柜（文件收纳）,抽屉柜,品牌02,900,文件收纳,黑色,8*1*1,6,BJ62H,大卫,收货,上架
LaOv1416Gr,灰色 品牌13 14英寸 笔记本电脑（16吉字节内存）,笔记本电脑,品牌13,14英寸,16吉字节内存,灰色,16*1*1,11,BQ88G,艾米,收货,上架
PrSoA4WiGr,灰色 品牌25 四号纸 打印机（无线网络）,打印机,品牌25,四号纸,无线网络,灰色,16*1*1,13,AX40F,莎拉,收货,上架
CuTE90FiBe,米色 品牌04 900 储物柜（文件收纳）,储物柜,品牌04,900,文件收纳,米色,8*1*1,7,DK08B,克里斯,收货,上架
LaYn15i5Bl,黑色 品牌15 15英寸 笔记本电脑（第5代处理器）,笔记本电脑,品牌15,15英寸,第5代处理器,黑色,16*1*1,7,BH54A,克里斯,收货,上架
CuTE18FiBe,米色 品牌04 1800 储物柜（文件收纳）,储物柜,品牌04,1800,文件收纳,米色,8*1*1,5,AI78C,简,收货,上架
OfSEMLePi,粉色 品牌08 中号 办公椅（皮革）,办公椅,品牌08,中号,皮革,粉色,16*1*1,1,CX68H,莎拉,收货,上架
AlOv1732Wh,白色 品牌13 17英寸 一体机（32吉字节内存）,一体机,品牌13,17英寸,32吉字节内存,白色,16*1*1,9,DF64A,迈克,收货,上架
CaQE90SlBe,米色 品牌01 900 文件柜（滑动式）,文件柜,品牌01,900,滑动式,米色,8*1*1,3,DG90B,亚历克斯,收货,上架
CuRG90SlBe,米色 品牌03 900 储物柜（滑动式）,储物柜,品牌03,900,滑动式,米色,8*1*1,2,DT24D,亚历克斯,收货,上架
SPGi50HeGr,灰色 品牌21 50 触控笔（六角形）,触控笔,品牌21,50,六角形,灰色,48*10*5,1680,CU81D,艾米,收货,上架
MoPH35ErWh,白色 品牌12 350 鼠标（人体工学）,鼠标,品牌12,350,人体工学,白色,16*10*1,60,BI16B,约翰,收货,上架
OfSELHeGr,灰色 品牌08 大号 办公椅（头枕）,办公椅,品牌08,大号,头枕,灰色,16*1*1,4,CN11D,克里斯,收货,上架
AlYn1716Wh,白色 品牌15 17英寸 一体机（16吉字节内存）,一体机,品牌15,17英寸,16吉字节内存,白色,16*1*1,8,AY71F,简,收货,上架
PrNoA2MoBl,黑色 品牌26 二号纸 打印机（黑白）,打印机,品牌26,二号纸,黑白,黑色,16*1*1,7,CG32B,克里斯,收货,上架
CuWE18SlBe,米色 品牌02 1800 储物柜（滑动式）,储物柜,品牌02,1800,滑动式,米色,8*1*1,4,CJ16A,艾米丽,收货,上架
AlYn1532Wh,白色 品牌15 15英寸 一体机（32吉字节内存）,一体机,品牌15,15英寸,32吉字节内存,白色,16*1*1,16,CI09C,约翰,收货,上架
AlYn158GSi,银色 品牌15 15英寸 一体机（8吉字节内存）,一体机,品牌15,15英寸,8吉字节内存,银色,16*1*1,14,DK80G,简,收货,上架
AlPH17i7Si,银色 品牌12 17英寸 一体机（第7代处理器）,一体机,品牌12,17英寸,第7代处理器,银色,16*1*1,13,DX62E,艾米丽,收货,上架
LaRe148GSi,银色 品牌14 14英寸 笔记本电脑（8吉字节内存）,笔记本电脑,品牌14,14英寸,8吉字节内存,银色,16*1*1,2,DZ02B,艾米丽,收货,上架
PeRe50SoGr,灰色 品牌22 50 铅笔（可溶性）,铅笔,品牌22,50,可溶性,灰色,48*10*5,393,DZ55D,约翰,收货,上架
MoHc35WiNa,藏青色 品牌09 350 鼠标（有线）,鼠标,品牌09,350,有线,藏青色,16*10*1,63,AF94F,亚历克斯,收货,上架
OfSEMAdPi,粉色 品牌08 中号 办公椅（可调节）,办公椅,品牌08,中号,可调节,粉色,16*1*1,1,CJ47A,劳拉,收货,上架
KeRe45BlWh,白色 品牌10 450 键盘（蓝牙）,键盘,品牌10,450,蓝牙,白色,16*10*1,27,BV89F,克里斯,收货,上架
DrRG90SlWh,白色 品牌03 900 抽屉柜（滑动式）,抽屉柜,品牌03,900,滑动式,白色,8*1*1,6,BG77A,克里斯,收货,上架
PeRe24SoPi,粉色 品牌22 24 铅笔（可溶性）,铅笔,品牌22,24,可溶性,粉色,48*10*5,1640,DM38D,莎拉,收货,上架
OfOGLLeBl,黑色 品牌07 大号 办公椅（皮革）,办公椅,品牌07,大号,皮革,黑色,16*1*1,14,CV91E,艾米,收货,上架
GaOGLErWh,白色 品牌07 大号 游戏椅（人体工学）,游戏椅,品牌07,大号,人体工学,白色,16*1*1,16,CX14B,艾米丽,收货,上架
PrNoA3InBl,黑色 品牌26 三号纸 打印机（喷墨）,打印机,品牌26,三号纸,喷墨,黑色,16*1*1,12,DF60G,劳拉,收货,上架
OfAELHePi,粉色 品牌05 大号 办公椅（头枕）,办公椅,品牌05,大号,头枕,粉色,16*1*1,1,DY04C,劳拉,收货,上架
DrTE90FiBe,米色 品牌04 900 抽屉柜（文件收纳）,抽屉柜,品牌04,900,文件收纳,米色,8*1*1,7,CV63H,简,收货,上架
CuQE12FiBl,黑色 品牌01 1200 储物柜（文件收纳）,储物柜,品牌01,1200,文件收纳,黑色,8*1*1,7,BI40F,大卫,收货,上架
AlPH14i7Wh,白色 品牌12 14英寸 一体机（第7代处理器）,一体机,品牌12,14英寸,第7代处理器,白色,16*1*1,3,DP10F,亚历克斯,收货,上架
MoSu27BlPi,粉色 品牌11 270 鼠标（蓝牙）,鼠标,品牌11,270,蓝牙,粉色,16*10*1,88,CK75C,亚历克斯,收货,上架
AlRe1716Bl,黑色 品牌14 17英寸 一体机（16吉字节内存）,一体机,品牌14,17英寸,16吉字节内存,黑色,16*1*1,12,CM58G,亚历克斯,收货,上架
KeHc45ErPi,粉色 品牌09 450 键盘（人体工学）,键盘,品牌09,450,人体工学,粉色,16*10*1,125,CY06E,约翰,收货,上架
AlOv15i5Bl,黑色 品牌13 15英寸 一体机（第5代处理器）,一体机,品牌13,15英寸,第5代处理器,黑色,16*1*1,1,CX01G,大卫,收货,上架
MoSu35BlBl,黑色 品牌11 350 鼠标（蓝牙）,鼠标,品牌11,350,蓝牙,黑色,16*10*1,90,CX90B,大卫,收货,上架
LaPH178GSi,银色 品牌12 17英寸 笔记本电脑（8吉字节内存）,笔记本电脑,品牌12,17英寸,8吉字节内存,银色,16*1*1,9,BV14D,亚历克斯,收货,上架
AlYn1416Bl,黑色 品牌15 14英寸 一体机（16吉字节内存）,一体机,品牌15,14英寸,16吉字节内存,黑色,16*1*1,9,DF30B,莎拉,收货,上架
TVYn75S4Wh,白色 品牌15 75英寸 电视机（超级超高清）,电视机,品牌15,75英寸,超级超高清,白色,8*1*1,8,DS93G,大卫,收货,上架
TVYn754KBl,黑色 品牌15 75英寸 电视机（超高清）,电视机,品牌15,75英寸,超高清,黑色,8*1*1,5,CS26E,劳拉,收货,上架
PrNoA3WiGr,灰色 品牌26 三号纸 打印机（无线网络）,打印机,品牌26,三号纸,无线网络,灰色,16*1*1,8,CG77H,亚历克斯,收货,上架
TVYn324KBl,黑色 品牌15 32英寸 电视机（超高清）,电视机,品牌15,32英寸,超高清,黑色,8*1*1,3,CV57F,克里斯,收货,上架
GaAEMLeWh,白色 品牌05 中号 游戏椅（皮革）,游戏椅,品牌05,中号,皮革,白色,16*1*1,6,CP13A,劳拉,收货,上架
CaRG90LoBe,米色 品牌03 900 文件柜（储物锁柜）,文件柜,品牌03,900,储物锁柜,米色,8*1*1,1,BO64C,大卫,收货,上架
PeRe24WaBl,黑色 品牌22 24 铅笔（水彩）,铅笔,品牌22,24,水彩,黑色,48*10*5,170,BT84G,艾米,收货,上架
CuQE90SlBe,米色 品牌01 900 储物柜（滑动式）,储物柜,品牌01,900,滑动式,米色,8*1*1,2,BP74E,迈克,收货,上架
KeSu27ErWh,白色 品牌11 270 键盘（人体工学）,键盘,品牌11,270,人体工学,白色,16*10*1,85,AU68B,劳拉,收货,上架
NoExA5doSi,银色 品牌16 五号纸 笔记本（点阵）,笔记本,品牌16,五号纸,点阵,银色,48*10*5,2028,BY30E,简,收货,上架
MoHc45MeWh,白色 品牌09 450 鼠标（机械式）,鼠标,品牌09,450,机械式,白色,16*10*1,125,CX55B,约翰,收货,上架
AlSu14i7Wh,白色 品牌11 14英寸 一体机（第7代处理器）,一体机,品牌11,14英寸,第7代处理器,白色,16*1*1,4,CU78A,莎拉,收货,上架
MoRe45BlWh,白色 品牌10 450 鼠标（蓝牙）,鼠标,品牌10,450,蓝牙,白色,16*10*1,100,CY83A,简,收货,上架
SPGi24SoGr,灰色 品牌21 24 触控笔（可溶性）,触控笔,品牌21,24,可溶性,灰色,48*10*5,599,CI28H,克里斯,收货,上架
PrSoA3WiGr,灰色 品牌25 三号纸 打印机（无线网络）,打印机,品牌25,三号纸,无线网络,灰色,16*1*1,13,BI88H,艾米,收货,上架
CuQE12DoGr,灰色 品牌01 1200 储物柜（带门式）,储物柜,品牌01,1200,带门式,灰色,8*1*1,7,AF86E,简,收货,上架
AlSu1716Bl,黑色 品牌11 17英寸 一体机（16吉字节内存）,一体机,品牌11,17英寸,16吉字节内存,黑色,16*1*1,14,CJ31G,劳拉,收货,上架
AlYn1416Gr,灰色 品牌15 14英寸 一体机（16吉字节内存）,一体机,品牌15,14英寸,16吉字节内存,灰色,16*1*1,6,CY59A,艾米丽,收货,上架
CuQE12SlGr,灰色 品牌01 1200 储物柜（滑动式）,储物柜,品牌01,1200,滑动式,灰色,8*1*1,1,DZ44A,莎拉,收货,上架
TVGL50SFGr,灰色 品牌31 50英寸 电视机（超级全高清）,电视机,品牌31,50英寸,超级全高清,灰色,8*1*1,5,BH85F,劳拉,收货,上架
LaRe17i5Wh,白色 品牌14 17英寸 笔记本电脑（第5代处理器）,笔记本电脑,品牌14,17英寸,第5代处理器,白色,16*1*1,12,AN59C,简,收货,上架
CuTE12FiWh,白色 品牌04 1200 储物柜（文件收纳）,储物柜,品牌04,1200,文件收纳,白色,8*1*1,8,DM89G,大卫,收货,上架
LaOv14i7Bl,黑色 品牌13 14英寸 笔记本电脑（第7代处理器）,笔记本电脑,品牌13,14英寸,第7代处理器,黑色,16*1*1,9,AQ29H,迈克,收货,上架
SPGi50SoPi,粉色 品牌21 50 触控笔（可溶性）,触控笔,品牌21,50,可溶性,粉色,48*10*5,1224,CJ07C,简,收货,上架
PrPHA4MoWh,白色 品牌12 四号纸 打印机（黑白）,打印机,品牌12,四号纸,黑白,白色,16*1*1,6,BP03D,迈克,收货,上架
AlOv158GWh,白色 品牌13 15英寸 一体机（8吉字节内存）,一体机,品牌13,15英寸,8吉字节内存,白色,16*1*1,7,DL91F,艾米丽,收货,上架
SPGi24SoGr,灰色 品牌21 24 触控笔（可溶性）,触控笔,品牌21,24,可溶性,灰色,48*10*5,2280,BT18H,克里斯,收货,上架
AlPH14i7Wh,白色 品牌12 14英寸 一体机（第7代处理器）,一体机,品牌12,14英寸,第7代处理器,白色,16*1*1,14,AY14C,劳拉,收货,上架
KeHc35BlWh,白色 品牌09 350 键盘（蓝牙）,键盘,品牌09,350,蓝牙,白色,16*10*1,88,DY69F,迈克,收货,上架
CuRG18FiWh,白色 品牌03 1800 储物柜（文件收纳）,储物柜,品牌03,1800,文件收纳,白色,8*1*1,6,DM71B,简,收货,上架
CuWE12FiWh,白色 品牌02 1200 储物柜（文件收纳）,储物柜,品牌02,1200,文件收纳,白色,8*1*1,7,CS16G,大卫,收货,上架
OfAESErGr,灰色 品牌05 小号 办公椅（人体工学）,办公椅,品牌05,小号,人体工学,灰色,16*1*1,3,AO11B,约翰,收货,上架
LaRe148GBl,黑色 品牌14 14英寸 笔记本电脑（8吉字节内存）,笔记本电脑,品牌14,14英寸,8吉字节内存,黑色,16*1*1,14,AU01C,劳拉,收货,上架
GaSEMHePi,粉色 品牌08 中号 游戏椅（头枕）,游戏椅,品牌08,中号,头枕,粉色,16*1*1,10,BL24F,迈克,收货,上架
TaTR10AdSi,银色 品牌29 1000 桌子（可调节）,桌子,品牌29,1000,可调节,银色,8*1*1,4,BI24G,艾米丽,收货,上架
TVYn424KBl,黑色 品牌15 42英寸 电视机（超高清）,电视机,品牌15,42英寸,超高清,黑色,8*1*1,5,AR86D,简,收货,上架
TVYn42SFWh,白色 品牌15 42英寸 电视机（超级全高清）,电视机,品牌15,42英寸,超级全高清,白色,8*1*1,4,DT87E,劳拉,收货,上架
TVGL50SFWh,白色 品牌31 50英寸 电视机（超级全高清）,电视机,品牌31,50英寸,超级全高清,白色,8*1*1,6,AX38G,艾米丽,收货,上架
LaSu1432Wh,白色 品牌11 14英寸 笔记本电脑（32吉字节内存）,笔记本电脑,品牌11,14英寸,32吉字节内存,白色,16*1*1,8,DX09G,迈克,收货,上架
NoGrA5liWh,白色 品牌18 五号纸 笔记本（线条）,笔记本,品牌18,五号纸,线条,白色,48*10*5,1595,BX07A,劳拉,收货,上架
LaPH17i7Si,银色 品牌12 17英寸 笔记本电脑（第7代处理器）,笔记本电脑,品牌12,17英寸,第7代处理器,银色,16*1*1,14,AF78F,艾米,收货,上架
SPNa12WaPi,粉色 品牌23 12 触控笔（水彩）,触控笔,品牌23,12,水彩,粉色,48*10*5,665,AP22A,劳拉,收货,上架
PrReA2InWh,白色 品牌24 二号纸 打印机（喷墨）,打印机,品牌24,二号纸,喷墨,白色,16*1*1,10,AS24A,克里斯,收货,上架
SPGi12WaWh,白色 品牌21 12 触控笔（水彩）,触控笔,品牌21,12,水彩,白色,48*10*5,1524,BM33D,迈克,收货,上架
SPAl12WaGr,灰色 品牌20 12 触控笔（水彩）,触控笔,品牌20,12,水彩,灰色,48*10*5,313,CJ10C,简,收货,上架
LaPH1516Gr,灰色 品牌12 15英寸 笔记本电脑（16吉字节内存）,笔记本电脑,品牌12,15英寸,16吉字节内存,灰色,16*1*1,10,BW46G,克里斯,收货,上架
GaSELAdPi,粉色 品牌08 大号 游戏椅（可调节）,游戏椅,品牌08,大号,可调节,粉色,16*1*1,15,DN91F,艾米丽,收货,上架
AlOv1532Wh,白色 品牌13 15英寸 一体机（32吉字节内存）,一体机,品牌13,15英寸,32吉字节内存,白色,16*1*1,4,BI40G,劳拉,收货,上架
PeAl50HePi,粉色 品牌20 50 铅笔（六角形）,铅笔,品牌20,50,六角形,粉色,48*10*5,1693,AQ22D,迈克,收货,上架
PrNoA4AlGr,灰色 品牌26 四号纸 打印机（一体式）,打印机,品牌26,四号纸,一体式,灰色,16*1*1,15,AS68A,大卫,收货,上架
CaQE18LoBe,米色 品牌01 1800 文件柜（储物锁柜）,文件柜,品牌01,1800,储物锁柜,米色,8*1*1,7,BZ67G,简,收货,上架
CuTE18LoBe,米色 品牌04 1800 储物柜（储物锁柜）,储物柜,品牌04,1800,储物锁柜,米色,8*1*1,6,CW07C,艾米,收货,上架
PrNoA3InWh,白色 品牌26 三号纸 打印机（喷墨）,打印机,品牌26,三号纸,喷墨,白色,16*1*1,1,AM70B,莎拉,收货,上架
GaSEMAdGr,灰色 品牌08 中号 游戏椅（可调节）,游戏椅,品牌08,中号,可调节,灰色,16*1*1,5,CL35G,约翰,收货,上架
PrPHA2InGr,灰色 品牌12 二号纸 打印机（喷墨）,打印机,品牌12,二号纸,喷墨,灰色,16*1*1,11,CX44C,约翰,收货,上架
MoHc45WiNa,藏青色 品牌09 450 鼠标（有线）,鼠标,品牌09,450,有线,藏青色,16*10*1,54,DK96B,大卫,收货,上架
SPRe50HeGr,灰色 品牌22 50 触控笔（六角形）,触控笔,品牌22,50,六角形,灰色,48*10*5,1354,AJ67H,亚历克斯,收货,上架
TVGn32S4Gr,灰色 品牌30 32英寸 电视机（超级超高清）,电视机,品牌30,32英寸,超级超高清,灰色,8*1*1,1,DN13B,简,收货,上架
KeSu45MeWh,白色 品牌11 450 键盘（机械式）,键盘,品牌11,450,机械式,白色,16*10*1,33,BU73C,劳拉,收货,上架
PrPHA3MoWh,白色 品牌12 三号纸 打印机（黑白）,打印机,品牌12,三号纸,黑白,白色,16*1*1,2,DU32C,莎拉,收货,上架
KeSu45ErPi,粉色 品牌11 450 键盘（人体工学）,键盘,品牌11,450,人体工学,粉色,16*10*1,83,AW74B,亚历克斯,收货,上架
DrQE18LoWh,白色 品牌01 1800 抽屉柜（储物锁柜）,抽屉柜,品牌01,1800,储物锁柜,白色,8*1*1,2,DI13F,莎拉,收货,上架
DrTE90LoWh,白色 品牌04 900 抽屉柜（储物锁柜）,抽屉柜,品牌04,900,储物锁柜,白色,8*1*1,8,DI75C,大卫,收货,上架
AlSu1532Si,银色 品牌11 15英寸 一体机（32吉字节内存）,一体机,品牌11,15英寸,32吉字节内存,银色,16*1*1,14,CI11E,亚历克斯,收货,上架
TaTR18FrWh,白色 品牌29 1800 桌子（框架式）,桌子,品牌29,1800,框架式,白色,8*1*1,2,BI04G,劳拉,收货,上架
TaCI10AdWh,白色 品牌27 1000 桌子（可调节）,桌子,品牌27,1000,可调节,白色,8*1*1,1,DQ44F,迈克,收货,上架
TVGn65S4Gr,灰色 品牌30 65英寸 电视机（超级超高清）,电视机,品牌30,65英寸,超级超高清,灰色,8*1*1,2,CI34C,劳拉,收货,上架
KePH35BlPi,粉色 品牌12 350 键盘（蓝牙）,键盘,品牌12,350,蓝牙,粉色,16*10*1,88,CV57E,迈克,收货,上架
LaRe1532Bl,黑色 品牌14 15英寸 笔记本电脑（32吉字节内存）,笔记本电脑,品牌14,15英寸,32吉字节内存,黑色,16*1*1,11,CF80C,艾米丽,收货,上架
DrTE12DoBl,黑色 品牌04 1200 抽屉柜（带门式）,抽屉柜,品牌04,1200,带门式,黑色,8*1*1,3,CQ35H,迈克,收货,上架
LaPH1416Wh,白色 品牌12 14英寸 笔记本电脑（16吉字节内存）,笔记本电脑,品牌12,14英寸,16吉字节内存,白色,16*1*1,14,AO42C,大卫,收货,上架
CuQE18LoWh,白色 品牌01 1800 储物柜（储物锁柜）,储物柜,品牌01,1800,储物锁柜,白色,8*1*1,2,CO82E,简,收货,上架
AlSu17i5Gr,灰色 品牌11 17英寸 一体机（第5代处理器）,一体机,品牌11,17英寸,第5代处理器,灰色,16*1*1,3,DP13A,艾米丽,收货,上架
GaAESHePi,粉色 品牌05 小号 游戏椅（头枕）,游戏椅,品牌05,小号,头枕,粉色,16*1*1,6,DY93A,亚历克斯,收货,上架
DrQE90SlBl,黑色 品牌01 900 抽屉柜（滑动式）,抽屉柜,品牌01,900,滑动式,黑色,8*1*1,8,DK26A,大卫,收货,上架
TVGn32FHGr,灰色 品牌30 32英寸 电视机（全高清）,电视机,品牌30,32英寸,全高清,灰色,8*1*1,6,AS85G,简,收货,上架
CuQE18FiWh,白色 品牌01 1800 储物柜（文件收纳）,储物柜,品牌01,1800,文件收纳,白色,8*1*1,6,BQ28F,约翰,收货,上架
CuWE90FiGr,灰色 品牌02 900 储物柜（文件收纳）,储物柜,品牌02,900,文件收纳,灰色,8*1*1,4,AU85A,亚历克斯,收货,上架
OfSELErGr,灰色 品牌08 大号 办公椅（人体工学）,办公椅,品牌08,大号,人体工学,灰色,16*1*1,5,DK13D,艾米,收货,上架
AlPH158GGr,灰色 品牌12 15英寸 一体机（8吉字节内存）,一体机,品牌12,15英寸,8吉字节内存,灰色,16*1*1,10,CJ33G,简,收货,上架
PrReA2LaGr,灰色 品牌24 二号纸 打印机（激光）,打印机,品牌24,二号纸,激光,灰色,16*1*1,12,CO93H,莎拉,收货,上架
LaPH1416Bl,黑色 品牌12 14英寸 笔记本电脑（16吉字节内存）,笔记本电脑,品牌12,14英寸,16吉字节内存,黑色,16*1*1,5,AM37A,艾米,收货,上架
GaOGSHeWh,白色 品牌07 小号 游戏椅（头枕）,游戏椅,品牌07,小号,头枕,白色,16*1*1,5,DM57E,艾米,收货,上架
TVGn75S4Bl,黑色 品牌30 75英寸 电视机（超级超高清）,电视机,品牌30,75英寸,超级超高清,黑色,8*1*1,4,BK32B,克里斯,收货,上架
CaWE18DoBl,黑色 品牌02 1800 文件柜（带门式）,文件柜,品牌02,1800,带门式,黑色,8*1*1,8,BY48E,艾米丽,收货,上架
DrRG18DoWh,白色 品牌03 1800 抽屉柜（带门式）,抽屉柜,品牌03,1800,带门式,白色,8*1*1,8,BG07E,迈克,收货,上架
LaOv17i7Si,银色 品牌13 17英寸 笔记本电脑（第7代处理器）,笔记本电脑,品牌13,17英寸,第7代处理器,银色,16*1*1,10,DH15A,亚历克斯,收货,上架
MoPH45BlPi,粉色 品牌12 450 鼠标（蓝牙）,鼠标,品牌12,450,蓝牙,粉色,16*10*1,104,AS31E,劳拉,收货,上架
KeRe35MePi,粉色 品牌10 350 键盘（机械式）,键盘,品牌10,350,机械式,粉色,16*10*1,40,AT60G,约翰,收货,上架
TaTR15AuSi,银色 品牌29 1500 桌子（自动调节）,桌子,品牌29,1500,自动调节,银色,8*1*1,8,AT37B,亚历克斯,收货,上架
CaRG12SlWh,白色 品牌03 1200 文件柜（滑动式）,文件柜,品牌03,1200,滑动式,白色,8*1*1,4,BG14C,简,收货,上架
LaYn1432Bl,黑色 品牌15 14英寸 笔记本电脑（32吉字节内存）,笔记本电脑,品牌15,14英寸,32吉字节内存,黑色,16*1*1,11,BT17A,简,收货,上架
CaTE12DoBe,米色 品牌04 1200 文件柜（带门式）,文件柜,品牌04,1200,带门式,米色,8*1*1,3,DW82A,约翰,收货,上架
TVEs42SFGr,灰色 品牌32 42英寸 电视机（超级全高清）,电视机,品牌32,42英寸,超级全高清,灰色,8*1*1,3,CL10H,艾米丽,收货,上架
PrPHA4LaWh,白色 品牌12 四号纸 打印机（激光）,打印机,品牌12,四号纸,激光,白色,16*1*1,14,CK47G,迈克,收货,上架
LaSu17i7Wh,白色 品牌11 17英寸 笔记本电脑（第7代处理器）,笔记本电脑,品牌11,17英寸,第7代处理器,白色,16*1*1,12,CF69G,劳拉,收货,上架
CaWE90FiGr,灰色 品牌02 900 文件柜（文件收纳）,文件柜,品牌02,900,文件收纳,灰色,8*1*1,1,AN34G,克里斯,收货,上架
TVGn42FHWh,白色 品牌30 42英寸 电视机（全高清）,电视机,品牌30,42英寸,全高清,白色,8*1*1,6,BY74C,克里斯,收货,上架
SPGi50WaBl,黑色 品牌21 50 触控笔（水彩）,触控笔,品牌21,50,水彩,黑色,48*10*5,2203,BF02E,克里斯,收货,上架
PrReA3AlBl,黑色 品牌24 三号纸 打印机（一体式）,打印机,品牌24,三号纸,一体式,黑色,16*1*1,7,CT85F,约翰,收货,上架
TaCI15AuSi,银色 品牌27 1500 桌子（自动调节）,桌子,品牌27,1500,自动调节,银色,8*1*1,1,CZ33C,劳拉,收货,上架
AlYn178GWh,白色 品牌15 17英寸 一体机（8吉字节内存）,一体机,品牌15,17英寸,8吉字节内存,白色,16*1*1,1,CS10F,亚历克斯,收货,上架
TVYn32S4Bl,黑色 品牌15 32英寸 电视机（超级超高清）,电视机,品牌15,32英寸,超级超高清,黑色,8*1*1,8,AF54D,约翰,收货,上架
AlRe178GGr,灰色 品牌14 17英寸 一体机（8吉字节内存）,一体机,品牌14,17英寸,8吉字节内存,灰色,16*1*1,11,CG86F,简,收货,上架
TVYn65FHSi,银色 品牌15 65英寸 电视机（全高清）,电视机,品牌15,65英寸,全高清,银色,8*1*1,7,DV46H,迈克,收货,上架
GaSESAdWh,白色 品牌08 小号 游戏椅（可调节）,游戏椅,品牌08,小号,可调节,白色,16*1*1,14,BT13E,简,收货,上架
PrNoA3LaGr,灰色 品牌26 三号纸 打印机（激光）,打印机,品牌26,三号纸,激光,灰色,16*1*1,5,CF29D,简,收货,上架
PeNa50WaPi,粉色 品牌23 50 铅笔（水彩）,铅笔,品牌23,50,水彩,粉色,48*10*5,1186,AK07A,简,收货,上架
AlOv14i7Bl,黑色 品牌13 14英寸 一体机（第7代处理器）,一体机,品牌13,14英寸,第7代处理器,黑色,16*1*1,3,CF18B,亚历克斯,收货,上架
TVGL754KSi,银色 品牌31 75英寸 电视机（超高清）,电视机,品牌31,75英寸,超高清,银色,8*1*1,3,CY14G,莎拉,收货,上架
TVGL424KBl,黑色 品牌31 42英寸 电视机（超高清）,电视机,品牌31,42英寸,超高清,黑色,8*1*1,3,BU74A,亚历克斯,收货,上架
PrReA2InGr,灰色 品牌24 二号纸 打印机（喷墨）,打印机,品牌24,二号纸,喷墨,灰色,16*1*1,2,BG04C,艾米,收货,上架
CaTE18FiGr,灰色 品牌04 1800 文件柜（文件收纳）,文件柜,品牌04,1800,文件收纳,灰色,8*1*1,6,CH06H,大卫,收货,上架
DrWE18FiWh,白色 品牌02 1800 抽屉柜（文件收纳）,抽屉柜,品牌02,1800,文件收纳,白色,8*1*1,3,DF09H,约翰,收货,上架
CuWE18DoBe,米色 品牌02 1800 储物柜（带门式）,储物柜,品牌02,1800,带门式,米色,8*1*1,5,BV95A,劳拉,收货,上架
PrReA2LaGr,灰色 品牌24 二号纸 打印机（激光）,打印机,品牌24,二号纸,激光,灰色,16*1*1,6,CH20B,劳拉,收货,上架
CaWE12DoBe,米色 品牌02 1200 文件柜（带门式）,文件柜,品牌02,1200,带门式,米色,8*1*1,5,AR16E,迈克,收货,上架
DrWE12FiWh,白色 品牌02 1200 抽屉柜（文件收纳）,抽屉柜,品牌02,1200,文件收纳,白色,8*1*1,8,AH05F,莎拉,收货,上架
CaQE12FiGr,灰色 品牌01 1200 文件柜（文件收纳）,文件柜,品牌01,1200,文件收纳,灰色,8*1*1,2,CF35G,艾米丽,收货,上架
OfOGLAdPi,粉色 品牌07 大号 办公椅（可调节）,办公椅,品牌07,大号,可调节,粉色,16*1*1,14,AX50G,迈克,收货,上架
AlRe14i7Bl,黑色 品牌14 14英寸 一体机（第7代处理器）,一体机,品牌14,14英寸,第7代处理器,黑色,16*1*1,8,DM33F,劳拉,收货,上架
PrSoA3LaWh,白色 品牌25 三号纸 打印机（激光）,打印机,品牌25,三号纸,激光,白色,16*1*1,12,AJ65D,克里斯,收货,上架
PeNa12SoBl,黑色 品牌23 12 铅笔（可溶性）,铅笔,品牌23,12,可溶性,黑色,48*10*5,763,BM71F,迈克,收货,上架
GaAEMAdPi,粉色 品牌05 中号 游戏椅（可调节）,游戏椅,品牌05,中号,可调节,粉色,16*1*1,15,CN30D,简,收货,上架
TVGn50FHBl,黑色 品牌30 50英寸 电视机（全高清）,电视机,品牌30,50英寸,全高清,黑色,8*1*1,5,DY55C,艾米,收货,上架
LaOv1516Wh,白色 品牌13 15英寸 笔记本电脑（16吉字节内存）,笔记本电脑,品牌13,15英寸,16吉字节内存,白色,16*1*1,15,DM31C,亚历克斯,收货,上架
CuQE18FiBe,米色 品牌01 1800 储物柜（文件收纳）,储物柜,品牌01,1800,文件收纳,米色,8*1*1,3,CZ47H,简,收货,上架
CuWE12SlGr,灰色 品牌02 1200 储物柜（滑动式）,储物柜,品牌02,1200,滑动式,灰色,8*1*1,8,BM55E,约翰,收货,上架
AlSu1732Bl,黑色 品牌11 17英寸 一体机（32吉字节内存）,一体机,品牌11,17英寸,32吉字节内存,黑色,16*1*1,7,DZ54G,大卫,收货,上架
KePH35BlNa,藏青色 品牌12 350 键盘（蓝牙）,键盘,品牌12,350,蓝牙,藏青色,16*10*1,137,DV11D,约翰,收货,上架
TVGn42FHBl,黑色 品牌30 42英寸 电视机（全高清）,电视机,品牌30,42英寸,全高清,黑色,8*1*1,6,CM26E,莎拉,收货,上架
PrPHA4LaBl,黑色 品牌12 四号纸 打印机（激光）,打印机,品牌12,四号纸,激光,黑色,16*1*1,1,AH01E,迈克,收货,上架
AlYn1732Gr,灰色 品牌15 17英寸 一体机（32吉字节内存）,一体机,品牌15,17英寸,32吉字节内存,灰色,16*1*1,6,DW18E,约翰,收货,上架
TaAE10AdWh,白色 品牌05 1000 桌子（可调节）,桌子,品牌05,1000,可调节,白色,8*1*1,1,DI29E,简,收货,上架
TaAE10FrWh,白色 品牌05 1000 桌子（框架式）,桌子,品牌05,1000,框架式,白色,8*1*1,1,BR82B,大卫,收货,上架
GaXELErWh,白色 品牌06 大号 游戏椅（人体工学）,游戏椅,品牌06,大号,人体工学,白色,16*1*1,9,BP38G,亚历克斯,收货,上架
MoHc35MeWh,白色 品牌09 350 鼠标（机械式）,鼠标,品牌09,350,机械式,白色,16*10*1,51,CS63F,约翰,收货,上架
KeRe27ErBl,黑色 品牌10 270 键盘（人体工学）,键盘,品牌10,270,人体工学,黑色,16*10*1,88,AS91D,克里斯,收货,上架
PrPHA4MoBl,黑色 品牌12 四号纸 打印机（黑白）,打印机,品牌12,四号纸,黑白,黑色,16*1*1,1,CX14B,迈克,收货,上架
SPGi24WaGr,灰色 品牌21 24 触控笔（水彩）,触控笔,品牌21,24,水彩,灰色,48*10*5,792,CN39C,艾米,收货,上架
DrQE12FiBe,米色 品牌01 1200 抽屉柜（文件收纳）,抽屉柜,品牌01,1200,文件收纳,米色,8*1*1,5,CN69A,劳拉,收货,上架
GaOGMErWh,白色 品牌07 中号 游戏椅（人体工学）,游戏椅,品牌07,中号,人体工学,白色,16*1*1,1,AF80A,亚历克斯,收货,上架
AlYn148GSi,银色 品牌15 14英寸 一体机（8吉字节内存）,一体机,品牌15,14英寸,8吉字节内存,银色,16*1*1,7,BP04H,克里斯,收货,上架
NoMuA5doGr,灰色 品牌19 五号纸 笔记本（点阵）,笔记本,品牌19,五号纸,点阵,灰色,48*10*5,534,CO25C,亚历克斯,收货,上架
TVGL32S4Si,银色 品牌31 32英寸 电视机（超级超高清）,电视机,品牌31,32英寸,超级超高清,银色,8*1*1,3,DK79D,亚历克斯,收货,上架
MoPH45BlNa,藏青色 品牌12 450 鼠标（蓝牙）,鼠标,品牌12,450,蓝牙,藏青色,16*10*1,80,AQ98H,艾米丽,收货,上架
PeRe50HeBl,黑色 品牌22 50 铅笔（六角形）,铅笔,品牌22,50,六角形,黑色,48*10*5,2391,CH43A,约翰,收货,上架
AlOv15i5Bl,黑色 品牌13 15英寸 一体机（第5代处理器）,一体机,品牌13,15英寸,第5代处理器,黑色,16*1*1,7,CT75E,克里斯,收货,上架
TVYn324KWh,白色 品牌15 32英寸 电视机（超高清）,电视机,品牌15,32英寸,超高清,白色,8*1*1,4,AX10E,约翰,收货,上架
TVGn324KGr,灰色 品牌30 32英寸 电视机（超高清）,电视机,品牌30,32英寸,超高清,灰色,8*1*1,2,CH98B,艾米,收货,上架
MoPH45ErNa,藏青色 品牌12 450 鼠标（人体工学）,鼠标,品牌12,450,人体工学,藏青色,16*10*1,105,DG91A,大卫,收货,上架
PrReA3LaWh,白色 品牌24 三号纸 打印机（激光）,打印机,品牌24,三号纸,激光,白色,16*1*1,4,DT31E,莎拉,收货,上架
CuTE18SlGr,灰色 品牌04 1800 储物柜（滑动式）,储物柜,品牌04,1800,滑动式,灰色,8*1*1,2,AM79G,克里斯,收货,上架
LaRe158GSi,银色 品牌14 15英寸 笔记本电脑（8吉字节内存）,笔记本电脑,品牌14,15英寸,8吉字节内存,银色,16*1*1,1,AK23G,简,收货,上架
CaTE18FiBe,米色 品牌04 1800 文件柜（文件收纳）,文件柜,品牌04,1800,文件收纳,米色,8*1*1,4,DH07C,约翰,收货,上架
KePH45BlNa,藏青色 品牌12 450 键盘（蓝牙）,键盘,品牌12,450,蓝牙,藏青色,16*10*1,147,CS03F,劳拉,收货,上架
DrQE90FiBe,米色 品牌01 900 抽屉柜（文件收纳）,抽屉柜,品牌01,900,文件收纳,米色,8*1*1,5,CQ62D,大卫,收货,上架
LaOv178GSi,银色 品牌13 17英寸 笔记本电脑（8吉字节内存）,笔记本电脑,品牌13,17英寸,8吉字节内存,银色,16*1*1,11,BP64C,简,收货,上架
TVGn50SFWh,白色 品牌30 50英寸 电视机（超级全高清）,电视机,品牌30,50英寸,超级全高清,白色,8*1*1,8,AV10C,莎拉,收货,上架
CuQE90SlWh,白色 品牌01 900 储物柜（滑动式）,储物柜,品牌01,900,滑动式,白色,8*1*1,4,CJ82E,劳拉,收货,上架
LaRe1532Bl,黑色 品牌14 15英寸 笔记本电脑（32吉字节内存）,笔记本电脑,品牌14,15英寸,32吉字节内存,黑色,16*1*1,5,AR54F,莎拉,收货,上架
MoHc35BlWh,白色 品牌09 350 鼠标（蓝牙）,鼠标,品牌09,350,蓝牙,白色,16*10*1,34,DZ03B,亚历克斯,收货,上架
MoRe45ErBl,黑色 品牌10 450 鼠标（人体工学）,鼠标,品牌10,450,人体工学,黑色,16*10*1,107,CG21C,亚历克斯,收货,上架
CaRG90SlWh,白色 品牌03 900 文件柜（滑动式）,文件柜,品牌03,900,滑动式,白色,8*1*1,7,AN14A,艾米丽,收货,上架
OfAESLeGr,灰色 品牌05 小号 办公椅（皮革）,办公椅,品牌05,小号,皮革,灰色,16*1*1,1,CI04G,约翰,收货,上架
TVGn504KBl,黑色 品牌30 50英寸 电视机（超高清）,电视机,品牌30,50英寸,超高清,黑色,8*1*1,5,BN67A,简,收货,上架
PrNoA3MoMi,混合色 品牌26 三号纸 打印机（黑白）,打印机,品牌26,三号纸,黑白,混合色,16*1*1,13,AW50G,简,收货,上架
LaOv15i7Si,银色 品牌13 15英寸 笔记本电脑（第7代处理器）,笔记本电脑,品牌13,15英寸,第7代处理器,银色,16*1*1,7,DG60C,约翰,收货,上架
PrReA4AlBl,黑色 品牌24 四号纸 打印机（一体式）,打印机,品牌24,四号纸,一体式,黑色,16*1*1,4,CR96B,莎拉,收货,上架
SPNa12HeGr,灰色 品牌23 12 触控笔（六角形）,触控笔,品牌23,12,六角形,灰色,48*10*5,359,CR02A,大卫,收货,上架
OfAESAdBl,黑色 品牌05 小号 办公椅（可调节）,办公椅,品牌05,小号,可调节,黑色,16*1*1,3,BN24E,大卫,收货,上架
SPGi50SoPi,粉色 品牌21 50 触控笔（可溶性）,触控笔,品牌21,50,可溶性,粉色,48*10*5,498,AW20A,迈克,收货,上架
MoRe35ErPi,粉色 品牌10 350 鼠标（人体工学）,鼠标,品牌10,350,人体工学,粉色,16*10*1,128,CR84G,克里斯,收货,上架
CuTE12FiGr,灰色 品牌04 1200 储物柜（文件收纳）,储物柜,品牌04,1200,文件收纳,灰色,8*1*1,5,DO06F,克里斯,收货,上架
LaRe1732Bl,黑色 品牌14 17英寸 笔记本电脑（32吉字节内存）,笔记本电脑,品牌14,17英寸,32吉字节内存,黑色,16*1*1,8,CT66B,艾米丽,收货,上架
OfXEMLeWh,白色 品牌06 中号 办公椅（皮革）,办公椅,品牌06,中号,皮革,白色,16*1*1,14,CR31A,克里斯,收货,上架
AlOv14i5Si,银色 品牌13 14英寸 一体机（第5代处理器）,一体机,品牌13,14英寸,第5代处理器,银色,16*1*1,13,BK84C,艾米,收货,上架
LaYn15i5Bl,黑色 品牌15 15英寸 笔记本电脑（第5代处理器）,笔记本电脑,品牌15,15英寸,第5代处理器,黑色,16*1*1,2,DI62C,克里斯,收货,上架
GaAESHeBl,黑色 品牌05 小号 游戏椅（头枕）,游戏椅,品牌05,小号,头枕,黑色,16*1*1,5,AN90H,亚历克斯,收货,上架
CuTE12SlBl,黑色 品牌04 1200 储物柜（滑动式）,储物柜,品牌04,1200,滑动式,黑色,8*1*1,5,BK83C,劳拉,收货,上架
TVGn65SFWh,白色 品牌30 65英寸 电视机（超级全高清）,电视机,品牌30,65英寸,超级全高清,白色,8*1*1,1,CU65D,艾米,收货,上架
LaYn158GGr,灰色 品牌15 15英寸 笔记本电脑（8吉字节内存）,笔记本电脑,品牌15,15英寸,8吉字节内存,灰色,16*1*1,15,DM90B,约翰,收货,上架
TVYn324KGr,灰色 品牌15 32英寸 电视机（超高清）,电视机,品牌15,32英寸,超高清,灰色,8*1*1,2,AW47A,简,收货,上架
PrNoA2InWh,白色 品牌26 二号纸 打印机（喷墨）,打印机,品牌26,二号纸,喷墨,白色,16*1*1,2,BM98C,大卫,收货,上架
CaTE18FiWh,白色 品牌04 1800 文件柜（文件收纳）,文件柜,品牌04,1800,文件收纳,白色,8*1*1,3,DO08B,简,收货,上架
TVGn324KSi,银色 品牌30 32英寸 电视机（超高清）,电视机,品牌30,32英寸,超高清,银色,8*1*1,4,BL31F,迈克,收货,上架
LaYn1532Bl,黑色 品牌15 15英寸 笔记本电脑（32吉字节内存）,笔记本电脑,品牌15,15英寸,32吉字节内存,黑色,16*1*1,14,BI70H,艾米,收货,上架
PrSoA4InBl,黑色 品牌25 四号纸 打印机（喷墨）,打印机,品牌25,四号纸,喷墨,黑色,16*1*1,16,CU57C,迈克,收货,上架
TVGn42FHBl,黑色 品牌30 42英寸 电视机（全高清）,电视机,品牌30,42英寸,全高清,黑色,8*1*1,2,CR04B,克里斯,收货,上架
CuTE18LoBe,米色 品牌04 1800 储物柜（储物锁柜）,储物柜,品牌04,1800,储物锁柜,米色,8*1*1,5,CH41H,迈克,收货,上架
MoHc45WiBl,黑色 品牌09 450 鼠标（有线）,鼠标,品牌09,450,有线,黑色,16*10*1,142,BT13E,简,收货,上架
PrReA4MoGr,灰色 品牌24 四号纸 打印机（黑白）,打印机,品牌24,四号纸,黑白,灰色,16*1*1,4,CG56A,艾米丽,收货,上架
CaWE90LoGr,灰色 品牌02 900 文件柜（储物锁柜）,文件柜,品牌02,900,储物锁柜,灰色,8*1*1,7,CG69E,艾米,收货,上架
MoHc35BlWh,白色 品牌09 350 鼠标（蓝牙）,鼠标,品牌09,350,蓝牙,白色,16*10*1,76,BG61G,大卫,收货,上架
PrSoA3LaBl,黑色 品牌25 三号纸 打印机（激光）,打印机,品牌25,三号纸,激光,黑色,16*1*1,1,AQ07F,大卫,收货,上架
CaWE18SlBl,黑色 品牌02 1800 文件柜（滑动式）,文件柜,品牌02,1800,滑动式,黑色,8*1*1,5,BS59A,克里斯,收货,上架
DrRG12SlWh,白色 品牌03 1200 抽屉柜（滑动式）,抽屉柜,品牌03,1200,滑动式,白色,8*1*1,3,DT89E,简,收货,上架
OfXEMAdPi,粉色 品牌06 中号 办公椅（可调节）,办公椅,品牌06,中号,可调节,粉色,16*1*1,9,DO49F,艾米丽,收货,上架
NoGrA4liGr,灰色 品牌18 四号纸 笔记本（线条）,笔记本,品牌18,四号纸,线条,灰色,48*10*5,1664,CU03E,大卫,收货,上架
PrNoA2InBl,黑色 品牌26 二号纸 打印机（喷墨）,打印机,品牌26,二号纸,喷墨,黑色,16*1*1,13,AW07C,艾米丽,收货,上架
AlPH17i7Wh,白色 品牌12 17英寸 一体机（第7代处理器）,一体机,品牌12,17英寸,第7代处理器,白色,16*1*1,16,CQ73B,艾米,收货,上架
TVGn65FHSi,银色 品牌30 65英寸 电视机（全高清）,电视机,品牌30,65英寸,全高清,银色,8*1*1,6,DL65F,克里斯,收货,上架
LaPH14i5Gr,灰色 品牌12 14英寸 笔记本电脑（第5代处理器）,笔记本电脑,品牌12,14英寸,第5代处理器,灰色,16*1*1,11,DG55C,简,收货,上架
AlYn15i7Bl,黑色 品牌15 15英寸 一体机（第7代处理器）,一体机,品牌15,15英寸,第7代处理器,黑色,16*1*1,16,BT89D,艾米丽,收货,上架
CuRG90SlGr,灰色 品牌03 900 储物柜（滑动式）,储物柜,品牌03,900,滑动式,灰色,8*1*1,2,AJ53A,约翰,收货,上架
AlPH1716Bl,黑色 品牌12 17英寸 一体机（16吉字节内存）,一体机,品牌12,17英寸,16吉字节内存,黑色,16*1*1,13,CX46B,亚历克斯,收货,上架
OfSELAdPi,粉色 品牌08 大号 办公椅（可调节）,办公椅,品牌08,大号,可调节,粉色,16*1*1,8,DG24G,莎拉,收货,上架
PrNoA3AlGr,灰色 品牌26 三号纸 打印机（一体式）,打印机,品牌26,三号纸,一体式,灰色,16*1*1,4,AR37D,劳拉,收货,上架
LaSu14i7Bl,黑色 品牌11 14英寸 笔记本电脑（第7代处理器）,笔记本电脑,品牌11,14英寸,第7代处理器,黑色,16*1*1,14,CX77F,艾米丽,收货,上架
CuRG90FiWh,白色 品牌03 900 储物柜（文件收纳）,储物柜,品牌03,900,文件收纳,白色,8*1*1,4,CR24C,约翰,收货,上架
GaOGSErGr,灰色 品牌07 小号 游戏椅（人体工学）,游戏椅,品牌07,小号,人体工学,灰色,16*1*1,14,BR41G,迈克,收货,上架
AlOv1716Gr,灰色 品牌13 17英寸 一体机（16吉字节内存）,一体机,品牌13,17英寸,16吉字节内存,灰色,16*1*1,3,CF73C,莎拉,收货,上架
OfSELHeBl,黑色 品牌08 大号 办公椅（头枕）,办公椅,品牌08,大号,头枕,黑色,16*1*1,1,BU24G,劳拉,收货,上架
CuRG18DoBe,米色 品牌03 1800 储物柜（带门式）,储物柜,品牌03,1800,带门式,米色,8*1*1,5,AP11C,简,收货,上架
PrPHA3InWh,白色 品牌12 三号纸 打印机（喷墨）,打印机,品牌12,三号纸,喷墨,白色,16*1*1,7,CU23G,克里斯,收货,上架
MoPH45WiBl,黑色 品牌12 450 鼠标（有线）,鼠标,品牌12,450,有线,黑色,16*10*1,121,AF02H,劳拉,收货,上架
LaOv1532Wh,白色 品牌13 15英寸 笔记本电脑（32吉字节内存）,笔记本电脑,品牌13,15英寸,32吉字节内存,白色,16*1*1,8,AF09C,亚历克斯,收货,上架
TaAE18AdGr,灰色 品牌05 1800 桌子（可调节）,桌子,品牌05,1800,可调节,灰色,8*1*1,7,CZ98B,克里斯,收货,上架
PeGi24WaGr,灰色 品牌21 24 铅笔（水彩）,铅笔,品牌21,24,水彩,灰色,48*10*5,1327,DY58A,简,收货,上架
CaTE18SlGr,灰色 品牌04 1800 文件柜（滑动式）,文件柜,品牌04,1800,滑动式,灰色,8*1*1,8,DM32C,克里斯,收货,上架
NoExA5doWh,白色 品牌16 五号纸 笔记本（点阵）,笔记本,品牌16,五号纸,点阵,白色,48*10*5,871,DP27A,艾米,收货,上架
PeNa50WaBl,黑色 品牌23 50 铅笔（水彩）,铅笔,品牌23,50,水彩,黑色,48*10*5,2212,CL75G,艾米丽,收货,上架
SPNa50HePi,粉色 品牌23 50 触控笔（六角形）,触控笔,品牌23,50,六角形,粉色,48*10*5,1812,BJ95E,克里斯,收货,上架
TVYn50SFBl,黑色 品牌15 50英寸 电视机（超级全高清）,电视机,品牌15,50英寸,超级全高清,黑色,8*1*1,8,BI56D,简,收货,上架
TaAE18AuBl,黑色 品牌05 1800 桌子（自动调节）,桌子,品牌05,1800,自动调节,黑色,8*1*1,8,BI15E,亚历克斯,收货,上架
LaOv178GSi,银色 品牌13 17英寸 笔记本电脑（8吉字节内存）,笔记本电脑,品牌13,17英寸,8吉字节内存,银色,16*1*1,14,CY18A,劳拉,收货,上架
CaQE18DoBl,黑色 品牌01 1800 文件柜（带门式）,文件柜,品牌01,1800,带门式,黑色,8*1*1,5,DZ49C,大卫,收货,上架
PrSoA4MoBl,黑色 品牌25 四号纸 打印机（黑白）,打印机,品牌25,四号纸,黑白,黑色,16*1*1,10,BU51C,简,收货,上架
DrQE12LoWh,白色 品牌01 1200 抽屉柜（储物锁柜）,抽屉柜,品牌01,1200,储物锁柜,白色,8*1*1,2,BH57B,迈克,收货,上架
TVEs504KGr,灰色 品牌32 50英寸 电视机（超高清）,电视机,品牌32,50英寸,超高清,灰色,8*1*1,3,CF89G,迈克,收货,上架
SPAl24WaWh,白色 品牌20 24 触控笔（水彩）,触控笔,品牌20,24,水彩,白色,48*10*5,1276,AP61C,莎拉,收货,上架
AlPH148GWh,白色 品牌12 14英寸 一体机（8吉字节内存）,一体机,品牌12,14英寸,8吉字节内存,白色,16*1*1,14,DJ46B,简,收货,上架
LaRe158GBl,黑色 品牌14 15英寸 笔记本电脑（8吉字节内存）,笔记本电脑,品牌14,15英寸,8吉字节内存,黑色,16*1*1,8,BK51D,克里斯,收货,上架
PrReA3WiGr,灰色 品牌24 三号纸 打印机（无线网络）,打印机,品牌24,三号纸,无线网络,灰色,16*1*1,3,CX68G,迈克,收货,上架
AlOv158GBl,黑色 品牌13 15英寸 一体机（8吉字节内存）,一体机,品牌13,15英寸,8吉字节内存,黑色,16*1*1,16,CR60A,约翰,收货,上架
PrNoA3LaGr,灰色 品牌26 三号纸 打印机（激光）,打印机,品牌26,三号纸,激光,灰色,16*1*1,10,CZ73C,亚历克斯,收货,上架
NoExA4doWh,白色 品牌16 四号纸 笔记本（点阵）,笔记本,品牌16,四号纸,点阵,白色,48*10*5,140,AO48F,约翰,收货,上架
CaWE12LoBl,黑色 品牌02 1200 文件柜（储物锁柜）,文件柜,品牌02,1200,储物锁柜,黑色,8*1*1,2,AS83A,克里斯,收货,上架
PeRe50HePi,粉色 品牌22 50 铅笔（六角形）,铅笔,品牌22,50,六角形,粉色,48*10*5,428,DQ42F,莎拉,收货,上架
LaRe14i5Bl,黑色 品牌14 14英寸 笔记本电脑（第5代处理器）,笔记本电脑,品牌14,14英寸,第5代处理器,黑色,16*1*1,2,BR15G,迈克,收货,上架
TVEs65FHBl,黑色 品牌32 65英寸 电视机（全高清）,电视机,品牌32,65英寸,全高清,黑色,8*1*1,4,CP30G,约翰,收货,上架
SPRe12HePi,粉色 品牌22 12 触控笔（六角形）,触控笔,品牌22,12,六角形,粉色,48*10*5,160,AQ58B,亚历克斯,收货,上架
AlPH1432Bl,黑色 品牌12 14英寸 一体机（32吉字节内存）,一体机,品牌12,14英寸,32吉字节内存,黑色,16*1*1,2,AO69H,简,收货,上架
TVGn32S4Bl,黑色 品牌30 32英寸 电视机（超级超高清）,电视机,品牌30,32英寸,超级超高清,黑色,8*1*1,3,BO29D,亚历克斯,收货,上架
PeNa12SoGr,灰色 品牌23 12 铅笔（可溶性）,铅笔,品牌23,12,可溶性,灰色,48*10*5,1360,BK30G,劳拉,收货,上架
AlPH1432Wh,白色 品牌12 14英寸 一体机（32吉字节内存）,一体机,品牌12,14英寸,32吉字节内存,白色,16*1*1,12,AO82G,约翰,收货,上架
TaCI15FrBl,黑色 品牌27 1500 桌子（框架式）,桌子,品牌27,1500,框架式,黑色,8*1*1,4,DX29C,大卫,收货,上架
LaOv148GSi,银色 品牌13 14英寸 笔记本电脑（8吉字节内存）,笔记本电脑,品牌13,14英寸,8吉字节内存,银色,16*1*1,3,DV66C,大卫,收货,上架
PrNoA4MoMi,混合色 品牌26 四号纸 打印机（黑白）,打印机,品牌26,四号纸,黑白,混合色,16*1*1,10,BQ83C,大卫,收货,上架
KeRe45MeBl,黑色 品牌10 450 键盘（机械式）,键盘,品牌10,450,机械式,黑色,16*10*1,15,BS23B,迈克,收货,上架
LaPH15i5Bl,黑色 品牌12 15英寸 笔记本电脑（第5代处理器）,笔记本电脑,品牌12,15英寸,第5代处理器,黑色,16*1*1,5,AU37A,约翰,收货,上架
CaTE12FiGr,灰色 品牌04 1200 文件柜（文件收纳）,文件柜,品牌04,1200,文件收纳,灰色,8*1*1,2,DV65A,亚历克斯,收货,上架
AlRe1432Gr,灰色 品牌14 14英寸 一体机（32吉字节内存）,一体机,品牌14,14英寸,32吉字节内存,灰色,16*1*1,15,CO08B,简,收货,上架
LaSu17i7Si,银色 品牌11 17英寸 笔记本电脑（第7代处理器）,笔记本电脑,品牌11,17英寸,第7代处理器,银色,16*1*1,8,BS71H,克里斯,收货,上架
PrReA4WiBl,黑色 品牌24 四号纸 打印机（无线网络）,打印机,品牌24,四号纸,无线网络,黑色,16*1*1,7,BF74C,亚历克斯,收货,上架
PrPHA4WiMi,混合色 品牌12 四号纸 打印机（无线网络）,打印机,品牌12,四号纸,无线网络,混合色,16*1*1,7,DX30E,艾米丽,收货,上架
TaTR10AuBl,黑色 品牌29 1000 桌子（自动调节）,桌子,品牌29,1000,自动调节,黑色,8*1*1,6,BS24A,艾米,收货,上架
TVEs42SFGr,灰色 品牌32 42英寸 电视机（超级全高清）,电视机,品牌32,42英寸,超级全高清,灰色,8*1*1,1,CV96H,艾米,收货,上架
MoSu35WiWh,白色 品牌11 350 鼠标（有线）,鼠标,品牌11,350,有线,白色,16*10*1,107,CM57G,大卫,收货,上架
KeHc35BlNa,藏青色 品牌09 350 键盘（蓝牙）,键盘,品牌09,350,蓝牙,藏青色,16*10*1,120,AV97H,亚历克斯,收货,上架
CaWE90SlGr,灰色 品牌02 900 文件柜（滑动式）,文件柜,品牌02,900,滑动式,灰色,8*1*1,2,DF83A,迈克,收货,上架
GaSESLeGr,灰色 品牌08 小号 游戏椅（皮革）,游戏椅,品牌08,小号,皮革,灰色,16*1*1,6,AV38E,大卫,收货,上架
LaSu1716Wh,白色 品牌11 17英寸 笔记本电脑（16吉字节内存）,笔记本电脑,品牌11,17英寸,16吉字节内存,白色,16*1*1,16,BO95E,约翰,收货,上架
LaPH148GGr,灰色 品牌12 14英寸 笔记本电脑（8吉字节内存）,笔记本电脑,品牌12,14英寸,8吉字节内存,灰色,16*1*1,8,DO35G,艾米丽,收货,上架
NoScA5ruWh,白色 品牌17 五号纸 笔记本（横线）,笔记本,品牌17,五号纸,横线,白色,48*10*5,1383,CW19A,劳拉,收货,上架
TVGL65SFSi,银色 品牌31 65英寸 电视机（超级全高清）,电视机,品牌31,65英寸,超级全高清,银色,8*1*1,3,BN68E,约翰,收货,上架
SPAl24WaBl,黑色 品牌20 24 触控笔（水彩）,触控笔,品牌20,24,水彩,黑色,48*10*5,136,CI50G,克里斯,收货,上架
OfOGLLeWh,白色 品牌07 大号 办公椅（皮革）,办公椅,品牌07,大号,皮革,白色,16*1*1,11,BQ14C,克里斯,收货,上架
OfXEMHeBl,黑色 品牌06 中号 办公椅（头枕）,办公椅,品牌06,中号,头枕,黑色,16*1*1,15,BP39F,艾米,收货,上架
AlSu1516Gr,灰色 品牌11 15英寸 一体机（16吉字节内存）,一体机,品牌11,15英寸,16吉字节内存,灰色,16*1*1,12,CT67A,大卫,收货,上架
PeAl24HeBl,黑色 品牌20 24 铅笔（六角形）,铅笔,品牌20,24,六角形,黑色,48*10*5,1559,DT73H,艾米丽,收货,上架
TVGL75S4Wh,白色 品牌31 75英寸 电视机（超级超高清）,电视机,品牌31,75英寸,超级超高清,白色,8*1*1,1,DT10H,莎拉,收货,上架
MoPH45ErWh,白色 品牌12 450 鼠标（人体工学）,鼠标,品牌12,450,人体工学,白色,16*10*1,120,BT57A,艾米丽,收货,上架
CuWE90DoBl,黑色 品牌02 900 储物柜（带门式）,储物柜,品牌02,900,带门式,黑色,8*1*1,2,AX85D,克里斯,收货,上架
LaSu148GGr,灰色 品牌11 14英寸 笔记本电脑（8吉字节内存）,笔记本电脑,品牌11,14英寸,8吉字节内存,灰色,16*1*1,5,DT87E,艾米丽,收货,上架
OfXEMErGr,灰色 品牌06 中号 办公椅（人体工学）,办公椅,品牌06,中号,人体工学,灰色,16*1*1,1,AR22B,劳拉,收货,上架
LaYn15i5Wh,白色 品牌15 15英寸 笔记本电脑（第5代处理器）,笔记本电脑,品牌15,15英寸,第5代处理器,白色,16*1*1,9,BV84H,亚历克斯,收货,上架
NoScA4liWh,白色 品牌17 四号纸 笔记本（线条）,笔记本,品牌17,四号纸,线条,白色,48*10*5,1054,BH02C,克里斯,收货,上架
TVGn65SFGr,灰色 品牌30 65英寸 电视机（超级全高清）,电视机,品牌30,65英寸,超级全高清,灰色,8*1*1,5,CO08C,约翰,收货,上架
SPGi24HeWh,白色 品牌21 24 触控笔（六角形）,触控笔,品牌21,24,六角形,白色,48*10*5,85,CF37F,约翰,收货,上架
DrTE90DoBe,米色 品牌04 900 抽屉柜（带门式）,抽屉柜,品牌04,900,带门式,米色,8*1*1,2,CM81H,克里斯,收货,上架
CaQE18FiBl,黑色 品牌01 1800 文件柜（文件收纳）,文件柜,品牌01,1800,文件收纳,黑色,8*1*1,6,AO56H,亚历克斯,收货,上架
AlOv14i5Si,银色 品牌13 14英寸 一体机（第5代处理器）,一体机,品牌13,14英寸,第5代处理器,银色,16*1*1,1,DH57C,克里斯,收货,上架
OfOGLLeBl,黑色 品牌07 大号 办公椅（皮革）,办公椅,品牌07,大号,皮革,黑色,16*1*1,4,CU01F,迈克,收货,上架
TaCI15WoWh,白色 品牌27 1500 桌子（工作站）,桌子,品牌27,1500,工作站,白色,8*1*1,3,BF91D,艾米丽,收货,上架
PrReA2LaWh,白色 品牌24 二号纸 打印机（激光）,打印机,品牌24,二号纸,激光,白色,16*1*1,13,AT61G,迈克,收货,上架
PrSoA3LaWh,白色 品牌25 三号纸 打印机（激光）,打印机,品牌25,三号纸,激光,白色,16*1*1,15,CN95F,简,收货,上架
OfOGSLeGr,灰色 品牌07 小号 办公椅（皮革）,办公椅,品牌07,小号,皮革,灰色,16*1*1,1,BO04E,艾米丽,收货,上架
KeSu27WiBl,黑色 品牌11 270 键盘（有线）,键盘,品牌11,270,有线,黑色,16*10*1,13,BM39C,简,收货,上架
MoRe35MePi,粉色 品牌10 350 鼠标（机械式）,鼠标,品牌10,350,机械式,粉色,16*10*1,82,BK03F,迈克,收货,上架
PrNoA2InGr,灰色 品牌26 二号纸 打印机（喷墨）,打印机,品牌26,二号纸,喷墨,灰色,16*1*1,9,DJ22A,亚历克斯,收货,上架
AlRe15i5Si,银色 品牌14 15英寸 一体机（第5代处理器）,一体机,品牌14,15英寸,第5代处理器,银色,16*1*1,7,AX71E,克里斯,收货,上架
TaAE18WoGr,灰色 品牌05 1800 桌子（工作站）,桌子,品牌05,1800,工作站,灰色,8*1*1,4,BU83H,迈克,收货,上架
LaRe17i5Gr,灰色 品牌14 17英寸 笔记本电脑（第5代处理器）,笔记本电脑,品牌14,17英寸,第5代处理器,灰色,16*1*1,8,AW15C,克里斯,收货,上架
MoPH45ErNa,藏青色 品牌12 450 鼠标（人体工学）,鼠标,品牌12,450,人体工学,藏青色,16*10*1,107,AY44G,亚历克斯,收货,上架
PrSoA2MoGr,灰色 品牌25 二号纸 打印机（黑白）,打印机,品牌25,二号纸,黑白,灰色,16*1*1,5,AV52C,亚历克斯,收货,上架
DrTE12LoBe,米色 品牌04 1200 抽屉柜（储物锁柜）,抽屉柜,品牌04,1200,储物锁柜,米色,8*1*1,7,DN57C,艾米,收货,上架
MoHc35MePi,粉色 品牌09 350 鼠标（机械式）,鼠标,品牌09,350,机械式,粉色,16*10*1,1,BH63D,克里斯,收货,上架
LaYn148GSi,银色 品牌15 14英寸 笔记本电脑（8吉字节内存）,笔记本电脑,品牌15,14英寸,8吉字节内存,银色,16*1*1,9,BJ09F,迈克,收货,上架
OfOGLLeWh,白色 品牌07 大号 办公椅（皮革）,办公椅,品牌07,大号,皮革,白色,16*1*1,2,AM64E,克里斯,收货,上架
TaCI15WoSi,银色 品牌27 1500 桌子（工作站）,桌子,品牌27,1500,工作站,银色,8*1*1,3,BN41H,大卫,收货,上架
TaTR18FrGr,灰色 品牌28 1800 桌子（框架式）,桌子,品牌28,1800,框架式,灰色,8*1*1,7,BF74C,约翰,收货,上架
OfOGLHeWh,白色 品牌07 大号 办公椅（头枕）,办公椅,品牌07,大号,头枕,白色,16*1*1,1,DN20G,克里斯,收货,上架
CuQE12FiGr,灰色 品牌01 1200 储物柜（文件收纳）,储物柜,品牌01,1200,文件收纳,灰色,8*1*1,1,BL29B,莎拉,收货,上架
AlOv1732Si,银色 品牌13 17英寸 一体机（32吉字节内存）,一体机,品牌13,17英寸,32吉字节内存,银色,16*1*1,8,DX64D,艾米,收货,上架
TVGL754KGr,灰色 品牌31 75英寸 电视机（超高清）,电视机,品牌31,75英寸,超高清,灰色,8*1*1,6,BN92A,亚历克斯,收货,上架
CaQE18LoGr,灰色 品牌01 1800 文件柜（储物锁柜）,文件柜,品牌01,1800,储物锁柜,灰色,8*1*1,5,CF96C,艾米丽,收货,上架
LaOv1716Gr,灰色 品牌13 17英寸 笔记本电脑（16吉字节内存）,笔记本电脑,品牌13,17英寸,16吉字节内存,灰色,16*1*1,6,DY27E,约翰,收货,上架
GaAESErGr,灰色 品牌05 小号 游戏椅（人体工学）,游戏椅,品牌05,小号,人体工学,灰色,16*1*1,12,AN29A,亚历克斯,收货,上架
AlSu148GWh,白色 品牌11 14英寸 一体机（8吉字节内存）,一体机,品牌11,14英寸,8吉字节内存,白色,16*1*1,5,CV67E,克里斯,收货,上架
TaCI10WoSi,银色 品牌27 1000 桌子（工作站）,桌子,品牌27,1000,工作站,银色,8*1*1,4,CZ40D,劳拉,收货,上架
PrNoA4AlBl,黑色 品牌26 四号纸 打印机（一体式）,打印机,品牌26,四号纸,一体式,黑色,16*1*1,9,DZ93H,劳拉,收货,上架
TVYn65S4Gr,灰色 品牌15 65英寸 电视机（超级超高清）,电视机,品牌15,65英寸,超级超高清,灰色,8*1*1,4,BZ66B,艾米,收货,上架
AlSu17i5Bl,黑色 品牌11 17英寸 一体机（第5代处理器）,一体机,品牌11,17英寸,第5代处理器,黑色,16*1*1,3,BG01C,亚历克斯,收货,上架
KeRe27WiWh,白色 品牌10 270 键盘（有线）,键盘,品牌10,270,有线,白色,16*10*1,62,DH72D,约翰,收货,上架
AlSu17i5Bl,黑色 品牌11 17英寸 一体机（第5代处理器）,一体机,品牌11,17英寸,第5代处理器,黑色,16*1*1,1,DF54F,艾米丽,收货,上架
TVGn75SFWh,白色 品牌30 75英寸 电视机（超级全高清）,电视机,品牌30,75英寸,超级全高清,白色,8*1*1,5,CX88G,约翰,收货,上架
SPNa24WaGr,灰色 品牌23 24 触控笔（水彩）,触控笔,品牌23,24,水彩,灰色,48*10*5,1976,BO27D,劳拉,收货,上架
PeAl12WaGr,灰色 品牌20 12 铅笔（水彩）,铅笔,品牌20,12,水彩,灰色,48*10*5,167,AW82B,约翰,收货,上架
GaAELAdBl,黑色 品牌05 大号 游戏椅（可调节）,游戏椅,品牌05,大号,可调节,黑色,16*1*1,12,BI06E,约翰,收货,上架
TVYn50SFGr,灰色 品牌15 50英寸 电视机（超级全高清）,电视机,品牌15,50英寸,超级全高清,灰色,8*1*1,2,DQ08F,艾米,收货,上架
SPGi24HeBl,黑色 品牌21 24 触控笔（六角形）,触控笔,品牌21,24,六角形,黑色,48*10*5,181,CW25G,莎拉,收货,上架
CuTE90SlWh,白色 品牌04 900 储物柜（滑动式）,储物柜,品牌04,900,滑动式,白色,8*1*1,3,AM45H,简,收货,上架
CuWE18SlGr,灰色 品牌02 1800 储物柜（滑动式）,储物柜,品牌02,1800,滑动式,灰色,8*1*1,7,DP67E,艾米,收货,上架
AlSu1532Wh,白色 品牌11 15英寸 一体机（32吉字节内存）,一体机,品牌11,15英寸,32吉字节内存,白色,16*1*1,11,BK03F,大卫,收货,上架
LaPH14i5Gr,灰色 品牌12 14英寸 笔记本电脑（第5代处理器）,笔记本电脑,品牌12,14英寸,第5代处理器,灰色,16*1*1,14,AX92E,简,收货,上架
LaPH1416Gr,灰色 品牌12 14英寸 笔记本电脑（16吉字节内存）,笔记本电脑,品牌12,14英寸,16吉字节内存,灰色,16*1*1,2,CJ41B,简,收货,上架
OfOGMErBl,黑色 品牌07 中号 办公椅（人体工学）,办公椅,品牌07,中号,人体工学,黑色,16*1*1,8,AH88B,劳拉,收货,上架
SPNa12WaGr,灰色 品牌23 12 触控笔（水彩）,触控笔,品牌23,12,水彩,灰色,48*10*5,293,AT29E,劳拉,收货,上架
LaPH14i7Gr,灰色 品牌12 14英寸 笔记本电脑（第7代处理器）,笔记本电脑,品牌12,14英寸,第7代处理器,灰色,16*1*1,1,DR23E,劳拉,收货,上架
LaRe17i7Si,银色 品牌14 17英寸 笔记本电脑（第7代处理器）,笔记本电脑,品牌14,17英寸,第7代处理器,银色,16*1*1,3,AZ34D,大卫,收货,上架
SPRe12HeBl,黑色 品牌22 12 触控笔（六角形）,触控笔,品牌22,12,六角形,黑色,48*10*5,2300,AG63C,大卫,收货,上架
NoExA5ruSi,银色 品牌16 五号纸 笔记本（横线）,笔记本,品牌16,五号纸,横线,银色,48*10*5,419,AN49E,劳拉,收货,上架
DrQE12FiBe,米色 品牌01 1200 抽屉柜（文件收纳）,抽屉柜,品牌01,1200,文件收纳,米色,8*1*1,6,CP80F,约翰,收货,上架
KeHc35BlWh,白色 品牌09 350 键盘（蓝牙）,键盘,品牌09,350,蓝牙,白色,16*10*1,137,BT16B,劳拉,收货,上架
TVEs504KGr,灰色 品牌32 50英寸 电视机（超高清）,电视机,品牌32,50英寸,超高清,灰色,8*1*1,6,AS68A,克里斯,收货,上架
DrWE90DoBe,米色 品牌02 900 抽屉柜（带门式）,抽屉柜,品牌02,900,带门式,米色,8*1*1,1,DR69G,简,收货,上架
DrRG12LoWh,白色 品牌03 1200 抽屉柜（储物锁柜）,抽屉柜,品牌03,1200,储物锁柜,白色,8*1*1,5,BH35B,艾米,收货,上架
LaSu1516Bl,黑色 品牌11 15英寸 笔记本电脑（16吉字节内存）,笔记本电脑,品牌11,15英寸,16吉字节内存,黑色,16*1*1,15,DW41A,劳拉,收货,上架
AlSu15i5Bl,黑色 品牌11 15英寸 一体机（第5代处理器）,一体机,品牌11,15英寸,第5代处理器,黑色,16*1*1,3,DS82B,大卫,收货,上架
CaTE90SlBl,黑色 品牌04 900 文件柜（滑动式）,文件柜,品牌04,900,滑动式,黑色,8*1*1,6,AW25F,克里斯,收货,上架
PeRe24WaPi,粉色 品牌22 24 铅笔（水彩）,铅笔,品牌22,24,水彩,粉色,48*10*5,617,CZ36E,亚历克斯,收货,上架
PrNoA2LaBl,黑色 品牌26 二号纸 打印机（激光）,打印机,品牌26,二号纸,激光,黑色,16*1*1,1,BO61H,亚历克斯,收货,上架
KeRe35MeBl,黑色 品牌10 350 键盘（机械式）,键盘,品牌10,350,机械式,黑色,16*10*1,82,AW49D,莎拉,收货,上架
AlRe148GSi,银色 品牌14 14英寸 一体机（8吉字节内存）,一体机,品牌14,14英寸,8吉字节内存,银色,16*1*1,1,BS83G,克里斯,收货,上架
CaTE90FiBl,黑色 品牌04 900 文件柜（文件收纳）,文件柜,品牌04,900,文件收纳,黑色,8*1*1,6,BF68C,艾米丽,收货,上架
AlRe1716Bl,黑色 品牌14 17英寸 一体机（16吉字节内存）,一体机,品牌14,17英寸,16吉字节内存,黑色,16*1*1,10,AJ88D,简,收货,上架
TVGL65SFWh,白色 品牌31 65英寸 电视机（超级全高清）,电视机,品牌31,65英寸,超级全高清,白色,8*1*1,6,AT96F,简,收货,上架
NoScA5ruWh,白色 品牌17 五号纸 笔记本（横线）,笔记本,品牌17,五号纸,横线,白色,48*10*5,1782,CX27F,克里斯,收货,上架
DrTE90FiBl,黑色 品牌04 900 抽屉柜（文件收纳）,抽屉柜,品牌04,900,文件收纳,黑色,8*1*1,8,AR81F,莎拉,收货,上架
MoSu27WiPi,粉色 品牌11 270 鼠标（有线）,鼠标,品牌11,270,有线,粉色,16*10*1,105,BX96B,克里斯,收货,上架
AlOv1732Bl,黑色 品牌13 17英寸 一体机（32吉字节内存）,一体机,品牌13,17英寸,32吉字节内存,黑色,16*1*1,10,DQ77B,简,收货,上架
CuRG90LoBe,米色 品牌03 900 储物柜（储物锁柜）,储物柜,品牌03,900,储物锁柜,米色,8*1*1,4,BI09F,亚历克斯,收货,上架
PeRe24HeBl,黑色 品牌22 24 铅笔（六角形）,铅笔,品牌22,24,六角形,黑色,48*10*5,2322,CF11B,艾米,收货,上架
PeGi12SoWh,白色 品牌21 12 铅笔（可溶性）,铅笔,品牌21,12,可溶性,白色,48*10*5,1555,BX66C,克里斯,收货,上架
LaYn158GWh,白色 品牌15 15英寸 笔记本电脑（8吉字节内存）,笔记本电脑,品牌15,15英寸,8吉字节内存,白色,16*1*1,13,CS95C,亚历克斯,收货,上架
SPRe12WaWh,白色 品牌22 12 触控笔（水彩）,触控笔,品牌22,12,水彩,白色,48*10*5,2248,CJ64A,莎拉,收货,上架
SPNa50SoPi,粉色 品牌23 50 触控笔（可溶性）,触控笔,品牌23,50,可溶性,粉色,48*10*5,483,AP94G,迈克,收货,上架
OfAESAdPi,粉色 品牌05 小号 办公椅（可调节）,办公椅,品牌05,小号,可调节,粉色,16*1*1,4,AM89H,艾米丽,收货,上架
PrSoA2LaBl,黑色 品牌25 二号纸 打印机（激光）,打印机,品牌25,二号纸,激光,黑色,16*1*1,1,CH77H,亚历克斯,收货,上架
LaRe1432Gr,灰色 品牌14 14英寸 笔记本电脑（32吉字节内存）,笔记本电脑,品牌14,14英寸,32吉字节内存,灰色,16*1*1,7,DO77D,大卫,收货,上架
TVYn75FHWh,白色 品牌15 75英寸 电视机（全高清）,电视机,品牌15,75英寸,全高清,白色,8*1*1,8,CU64D,艾米,收货,上架
LaSu15i7Si,银色 品牌11 15英寸 笔记本电脑（第7代处理器）,笔记本电脑,品牌11,15英寸,第7代处理器,银色,16*1*1,11,DN39B,大卫,收货,上架
PrReA4WiBl,黑色 品牌24 四号纸 打印机（无线网络）,打印机,品牌24,四号纸,无线网络,黑色,16*1*1,11,AR65E,劳拉,收货,上架
AlOv1516Wh,白色 品牌13 15英寸 一体机（16吉字节内存）,一体机,品牌13,15英寸,16吉字节内存,白色,16*1*1,3,CS14C,莎拉,收货,上架
TVGn32FHWh,白色 品牌30 32英寸 电视机（全高清）,电视机,品牌30,32英寸,全高清,白色,8*1*1,6,AK35H,大卫,收货,上架
TaCI10AdSi,银色 品牌27 1000 桌子（可调节）,桌子,品牌27,1000,可调节,银色,8*1*1,7,CQ89C,劳拉,收货,上架
MoSu27WiNa,藏青色 品牌11 270 鼠标（有线）,鼠标,品牌11,270,有线,藏青色,16*10*1,35,CS49F,大卫,收货,上架
TaCI10AdGr,灰色 品牌27 1000 桌子（可调节）,桌子,品牌27,1000,可调节,灰色,8*1*1,3,CO65A,亚历克斯,收货,上架
NoMuA5doWh,白色 品牌19 五号纸 笔记本（点阵）,笔记本,品牌19,五号纸,点阵,白色,48*10*5,946,AF68F,简,收货,上架
AlRe14i5Bl,黑色 品牌14 14英寸 一体机（第5代处理器）,一体机,品牌14,14英寸,第5代处理器,黑色,16*1*1,13,CJ46F,大卫,收货,上架
GaXELHeWh,白色 品牌06 大号 游戏椅（头枕）,游戏椅,品牌06,大号,头枕,白色,16*1*1,13,AX13D,亚历克斯,收货,上架
KePH35MeBl,黑色 品牌12 350 键盘（机械式）,键盘,品牌12,350,机械式,黑色,16*10*1,84,DF37C,劳拉,收货,上架
NoScA4ruBl,黑色 品牌17 四号纸 笔记本（横线）,笔记本,品牌17,四号纸,横线,黑色,48*10*5,1611,CZ32E,劳拉,收货,上架
CaTE12DoGr,灰色 品牌04 1200 文件柜（带门式）,文件柜,品牌04,1200,带门式,灰色,8*1*1,4,CG86F,亚历克斯,收货,上架
TVGn654KBl,黑色 品牌30 65英寸 电视机（超高清）,电视机,品牌30,65英寸,超高清,黑色,8*1*1,1,AV09A,亚历克斯,收货,上架
TaTR18WoGr,灰色 品牌29 1800 桌子（工作站）,桌子,品牌29,1800,工作站,灰色,8*1*1,6,DH07B,莎拉,收货,上架
MoPH45BlWh,白色 品牌12 450 鼠标（蓝牙）,鼠标,品牌12,450,蓝牙,白色,16*10*1,78,DO23F,简,收货,上架
PrSoA3WiGr,灰色 品牌25 三号纸 打印机（无线网络）,打印机,品牌25,三号纸,无线网络,灰色,16*1*1,8,AR92G,亚历克斯,收货,上架
DrRG18SlWh,白色 品牌03 1800 抽屉柜（滑动式）,抽屉柜,品牌03,1800,滑动式,白色,8*1*1,2,DP01C,简,收货,上架
AlOv17i5Bl,黑色 品牌13 17英寸 一体机（第5代处理器）,一体机,品牌13,17英寸,第5代处理器,黑色,16*1*1,5,BO73B,亚历克斯,收货,上架
TVYn75SFSi,银色 品牌15 75英寸 电视机（超级全高清）,电视机,品牌15,75英寸,超级全高清,银色,8*1*1,4,BR16F,约翰,收货,上架
CuTE18DoBe,米色 品牌04 1800 储物柜（带门式）,储物柜,品牌04,1800,带门式,米色,8*1*1,2,AQ16G,克里斯,收货,上架
DrTE12FiBe,米色 品牌04 1200 抽屉柜（文件收纳）,抽屉柜,品牌04,1200,文件收纳,米色,8*1*1,6,BV24H,迈克,收货,上架
NoScA3ruSi,银色 品牌17 三号纸 笔记本（横线）,笔记本,品牌17,三号纸,横线,银色,48*10*5,1050,BP80B,大卫,收货,上架
OfXESLeBl,黑色 品牌06 小号 办公椅（皮革）,办公椅,品牌06,小号,皮革,黑色,16*1*1,13,AY92G,艾米丽,收货,上架
PeNa50WaBl,黑色 品牌23 50 铅笔（水彩）,铅笔,品牌23,50,水彩,黑色,48*10*5,861,AR02D,艾米丽,收货,上架
TVEs32SFGr,灰色 品牌32 32英寸 电视机（超级全高清）,电视机,品牌32,32英寸,超级全高清,灰色,8*1*1,2,DF66B,克里斯,收货,上架
KeHc27BlWh,白色 品牌09 270 键盘（蓝牙）,键盘,品牌09,270,蓝牙,白色,16*10*1,153,CM27D,莎拉,收货,上架
TVGL32S4Bl,黑色 品牌31 32英寸 电视机（超级超高清）,电视机,品牌31,32英寸,超级超高清,黑色,8*1*1,7,CN73C,艾米,收货,上架
NoScA5doGr,灰色 品牌17 五号纸 笔记本（点阵）,笔记本,品牌17,五号纸,点阵,灰色,48*10*5,178,AM17E,约翰,收货,上架
LaRe1516Si,银色 品牌14 15英寸 笔记本电脑（16吉字节内存）,笔记本电脑,品牌14,15英寸,16吉字节内存,银色,16*1*1,1,AL56F,艾米丽,收货,上架
CuQE12FiBe,米色 品牌01 1200 储物柜（文件收纳）,储物柜,品牌01,1200,文件收纳,米色,8*1*1,6,AL42A,莎拉,收货,上架
MoSu35MeWh,白色 品牌11 350 鼠标（机械式）,鼠标,品牌11,350,机械式,白色,16*10*1,21,AZ17A,大卫,收货,上架
CuTE90DoWh,白色 品牌04 900 储物柜（带门式）,储物柜,品牌04,900,带门式,白色,8*1*1,8,DV50G,莎拉,收货,上架
NoGrA3liSi,银色 品牌18 三号纸 笔记本（线条）,笔记本,品牌18,三号纸,线条,银色,48*10*5,17,AR06E,艾米,收货,上架
AlPH1416Gr,灰色 品牌12 14英寸 一体机（16吉字节内存）,一体机,品牌12,14英寸,16吉字节内存,灰色,16*1*1,5,CN22E,约翰,收货,上架
TVGL42SFGr,灰色 品牌31 42英寸 电视机（超级全高清）,电视机,品牌31,42英寸,超级全高清,灰色,8*1*1,3,DZ38A,迈克,收货,上架
MoHc27MeNa,藏青色 品牌09 270 鼠标（机械式）,鼠标,品牌09,270,机械式,藏青色,16*10*1,41,CF19B,艾米丽,收货,上架
AlSu1532Wh,白色 品牌11 15英寸 一体机（32吉字节内存）,一体机,品牌11,15英寸,32吉字节内存,白色,16*1*1,7,BZ26B,迈克,收货,上架
GaSELLeGr,灰色 品牌08 大号 游戏椅（皮革）,游戏椅,品牌08,大号,皮革,灰色,16*1*1,1,AL38G,劳拉,收货,上架
CuRG18DoGr,灰色 品牌03 1800 储物柜（带门式）,储物柜,品牌03,1800,带门式,灰色,8*1*1,7,CW93E,劳拉,收货,上架
AlRe15i5Bl,黑色 品牌14 15英寸 一体机（第5代处理器）,一体机,品牌14,15英寸,第5代处理器,黑色,16*1*1,15,AT83F,迈克,收货,上架
PeNa50SoPi,粉色 品牌23 50 铅笔（可溶性）,铅笔,品牌23,50,可溶性,粉色,48*10*5,2202,BS79C,莎拉,收货,上架
AlPH17i5Bl,黑色 品牌12 17英寸 一体机（第5代处理器）,一体机,品牌12,17英寸,第5代处理器,黑色,16*1*1,1,DY12D,艾米,收货,上架
OfOGMErPi,粉色 品牌07 中号 办公椅（人体工学）,办公椅,品牌07,中号,人体工学,粉色,16*1*1,9,DU87A,亚历克斯,收货,上架
AlYn178GGr,灰色 品牌15 17英寸 一体机（8吉字节内存）,一体机,品牌15,17英寸,8吉字节内存,灰色,16*1*1,9,CZ22F,克里斯,收货,上架
KeSu27ErNa,藏青色 品牌11 270 键盘（人体工学）,键盘,品牌11,270,人体工学,藏青色,16*10*1,60,BQ81A,简,收货,上架
TVGL754KGr,灰色 品牌31 75英寸 电视机（超高清）,电视机,品牌31,75英寸,超高清,灰色,8*1*1,5,CZ36H,约翰,收货,上架
SPRe12SoWh,白色 品牌22 12 触控笔（可溶性）,触控笔,品牌22,12,可溶性,白色,48*10*5,1209,DI87H,艾米丽,收货,上架
CaRG18DoGr,灰色 品牌03 1800 文件柜（带门式）,文件柜,品牌03,1800,带门式,灰色,8*1*1,7,BW98E,莎拉,收货,上架
PrReA3LaGr,灰色 品牌24 三号纸 打印机（激光）,打印机,品牌24,三号纸,激光,灰色,16*1*1,10,AY31F,迈克,收货,上架
TVYn50S4Wh,白色 品牌15 50英寸 电视机（超级超高清）,电视机,品牌15,50英寸,超级超高清,白色,8*1*1,8,BY79A,莎拉,收货,上架
CuWE18FiBe,米色 品牌02 1800 储物柜（文件收纳）,储物柜,品牌02,1800,文件收纳,米色,8*1*1,7,BJ89F,艾米丽,收货,上架
TVGn75FHSi,银色 品牌30 75英寸 电视机（全高清）,电视机,品牌30,75英寸,全高清,银色,8*1*1,6,DI13C,克里斯,收货,上架
TVGn65SFBl,黑色 品牌30 65英寸 电视机（超级全高清）,电视机,品牌30,65英寸,超级全高清,黑色,8*1*1,6,AN95D,莎拉,收货,上架
CaWE12SlBl,黑色 品牌02 1200 文件柜（滑动式）,文件柜,品牌02,1200,滑动式,黑色,8*1*1,1,AS81F,迈克,收货,上架
OfOGLHeGr,灰色 品牌07 大号 办公椅（头枕）,办公椅,品牌07,大号,头枕,灰色,16*1*1,2,BR98H,大卫,收货,上架
MoHc45WiNa,藏青色 品牌09 450 鼠标（有线）,鼠标,品牌09,450,有线,藏青色,16*10*1,133,DN09G,克里斯,收货,上架
MoPH27WiBl,黑色 品牌12 270 鼠标（有线）,鼠标,品牌12,270,有线,黑色,16*10*1,72,AV60C,艾米丽,收货,上架
TVYn754KWh,白色 品牌15 75英寸 电视机（超高清）,电视机,品牌15,75英寸,超高清,白色,8*1*1,2,AU77A,约翰,收货,上架
TVYn654KWh,白色 品牌15 65英寸 电视机（超高清）,电视机,品牌15,65英寸,超高清,白色,8*1*1,4,BT14C,大卫,收货,上架
DrRG12DoGr,灰色 品牌03 1200 抽屉柜（带门式）,抽屉柜,品牌03,1200,带门式,灰色,8*1*1,3,CK65B,艾米丽,收货,上架
NoExA4doBl,黑色 品牌16 四号纸 笔记本（点阵）,笔记本,品牌16,四号纸,点阵,黑色,48*10*5,2368,DR18F,克里斯,收货,上架
TaCI18AdWh,白色 品牌27 1800 桌子（可调节）,桌子,品牌27,1800,可调节,白色,8*1*1,2,AK23G,大卫,收货,上架
GaSEMHeBl,黑色 品牌08 中号 游戏椅（头枕）,游戏椅,品牌08,中号,头枕,黑色,16*1*1,14,CX27E,艾米丽,收货,上架
DrTE18SlWh,白色 品牌04 1800 抽屉柜（滑动式）,抽屉柜,品牌04,1800,滑动式,白色,8*1*1,2,DS46G,大卫,收货,上架
TVGn65S4Gr,灰色 品牌30 65英寸 电视机（超级超高清）,电视机,品牌30,65英寸,超级超高清,灰色,8*1*1,2,AL51A,劳拉,收货,上架
GaSESErPi,粉色 品牌08 小号 游戏椅（人体工学）,游戏椅,品牌08,小号,人体工学,粉色,16*1*1,1,DM55C,亚历克斯,收货,上架
NoScA5liBl,黑色 品牌17 五号纸 笔记本（线条）,笔记本,品牌17,五号纸,线条,黑色,48*10*5,219,DT08B,劳拉,收货,上架
DrRG90DoBl,黑色 品牌03 900 抽屉柜（带门式）,抽屉柜,品牌03,900,带门式,黑色,8*1*1,4,DU84A,莎拉,收货,上架
GaAELHeGr,灰色 品牌05 大号 游戏椅（头枕）,游戏椅,品牌05,大号,头枕,灰色,16*1*1,15,CQ04G,亚历克斯,收货,上架
GaXELLeWh,白色 品牌06 大号 游戏椅（皮革）,游戏椅,品牌06,大号,皮革,白色,16*1*1,15,DI62C,约翰,收货,上架
TVYn754KWh,白色 品牌15 75英寸 电视机（超高清）,电视机,品牌15,75英寸,超高清,白色,8*1*1,8,CQ55F,亚历克斯,收货,上架
NoExA5doSi,银色 品牌16 五号纸 笔记本（点阵）,笔记本,品牌16,五号纸,点阵,银色,48*10*5,1870,BX81F,大卫,收货,上架
PrReA2MoGr,灰色 品牌24 二号纸 打印机（黑白）,打印机,品牌24,二号纸,黑白,灰色,16*1*1,4,BZ97E,亚历克斯,收货,上架
CaWE90SlGr,灰色 品牌02 900 文件柜（滑动式）,文件柜,品牌02,900,滑动式,灰色,8*1*1,4,AX09C,艾米丽,收货,上架
SPNa12HePi,粉色 品牌23 12 触控笔（六角形）,触控笔,品牌23,12,六角形,粉色,48*10*5,520,BR37F,克里斯,收货,上架
CaQE18DoBe,米色 品牌01 1800 文件柜（带门式）,文件柜,品牌01,1800,带门式,米色,8*1*1,2,DP16E,艾米,收货,上架
OfOGLLePi,粉色 品牌07 大号 办公椅（皮革）,办公椅,品牌07,大号,皮革,粉色,16*1*1,9,DF33G,大卫,收货,上架
OfSELLeBl,黑色 品牌08 大号 办公椅（皮革）,办公椅,品牌08,大号,皮革,黑色,16*1*1,6,CN68E,约翰,收货,上架
LaPH14i5Bl,黑色 品牌12 14英寸 笔记本电脑（第5代处理器）,笔记本电脑,品牌12,14英寸,第5代处理器,黑色,16*1*1,8,AJ63H,大卫,收货,上架
TVGn65SFBl,黑色 品牌30 65英寸 电视机（超级全高清）,电视机,品牌30,65英寸,超级全高清,黑色,8*1*1,6,AK30F,简,收货,上架
TVEs32SFSi,银色 品牌32 32英寸 电视机（超级全高清）,电视机,品牌32,32英寸,超级全高清,银色,8*1*1,5,BP50G,简,收货,上架
GaAEMHePi,粉色 品牌05 中号 游戏椅（头枕）,游戏椅,品牌05,中号,头枕,粉色,16*1*1,13,DO89D,大卫,收货,上架
PrPHA4AlGr,灰色 品牌12 四号纸 打印机（一体式）,打印机,品牌12,四号纸,一体式,灰色,16*1*1,4,BN08F,大卫,收货,上架
PrPHA3AlWh,白色 品牌12 三号纸 打印机（一体式）,打印机,品牌12,三号纸,一体式,白色,16*1*1,1,BI34G,艾米丽,收货,上架
LaRe15i7Si,银色 品牌14 15英寸 笔记本电脑（第7代处理器）,笔记本电脑,品牌14,15英寸,第7代处理器,银色,16*1*1,2,DS93D,艾米,收货,上架
AlSu17i5Gr,灰色 品牌11 17英寸 一体机（第5代处理器）,一体机,品牌11,17英寸,第5代处理器,灰色,16*1*1,14,DJ75H,亚历克斯,收货,上架
PeAl50WaPi,粉色 品牌20 50 铅笔（水彩）,铅笔,品牌20,50,水彩,粉色,48*10*5,449,DX65A,迈克,收货,上架
PrSoA2InGr,灰色 品牌25 二号纸 打印机（喷墨）,打印机,品牌25,二号纸,喷墨,灰色,16*1*1,11,CY29H,迈克,收货,上架
LaOv1516Gr,灰色 品牌13 15英寸 笔记本电脑（16吉字节内存）,笔记本电脑,品牌13,15英寸,16吉字节内存,灰色,16*1*1,5,BH29D,克里斯,收货,上架
DrTE90FiBe,米色 品牌04 900 抽屉柜（文件收纳）,抽屉柜,品牌04,900,文件收纳,米色,8*1*1,3,BV66G,艾米,收货,上架
GaAEMAdGr,灰色 品牌05 中号 游戏椅（可调节）,游戏椅,品牌05,中号,可调节,灰色,16*1*1,6,DL18H,莎拉,收货,上架
PrPHA4InBl,黑色 品牌12 四号纸 打印机（喷墨）,打印机,品牌12,四号纸,喷墨,黑色,16*1*1,7,AS87G,艾米,收货,上架
OfXESHeWh,白色 品牌06 小号 办公椅（头枕）,办公椅,品牌06,小号,头枕,白色,16*1*1,7,DY86E,劳拉,收货,上架
NoMuA3ruBl,黑色 品牌19 三号纸 笔记本（横线）,笔记本,品牌19,三号纸,横线,黑色,48*10*5,1706,AZ35D,简,收货,上架
CaRG12FiWh,白色 品牌03 1200 文件柜（文件收纳）,文件柜,品牌03,1200,文件收纳,白色,8*1*1,1,BG46E,莎拉,收货,上架
KeSu27ErBl,黑色 品牌11 270 键盘（人体工学）,键盘,品牌11,270,人体工学,黑色,16*10*1,7,BX26G,大卫,收货,上架
KeHc35WiNa,藏青色 品牌09 350 键盘（有线）,键盘,品牌09,350,有线,藏青色,16*10*1,137,BX22E,劳拉,收货,上架
LaRe1732Wh,白色 品牌14 17英寸 笔记本电脑（32吉字节内存）,笔记本电脑,品牌14,17英寸,32吉字节内存,白色,16*1*1,1,DV02H,劳拉,收货,上架
PeAl12WaPi,粉色 品牌20 12 铅笔（水彩）,铅笔,品牌20,12,水彩,粉色,48*10*5,534,AX29H,克里斯,收货,上架
CaRG12SlBl,黑色 品牌03 1200 文件柜（滑动式）,文件柜,品牌03,1200,滑动式,黑色,8*1*1,2,DL20A,简,收货,上架
AlYn17i5Bl,黑色 品牌15 17英寸 一体机（第5代处理器）,一体机,品牌15,17英寸,第5代处理器,黑色,16*1*1,4,CL89B,迈克,收货,上架
DrRG12LoBl,黑色 品牌03 1200 抽屉柜（储物锁柜）,抽屉柜,品牌03,1200,储物锁柜,黑色,8*1*1,5,BT08A,大卫,收货,上架
LaPH178GBl,黑色 品牌12 17英寸 笔记本电脑（8吉字节内存）,笔记本电脑,品牌12,17英寸,8吉字节内存,黑色,16*1*1,1,AR30B,劳拉,收货,上架
TaTR10WoBl,黑色 品牌28 1000 桌子（工作站）,桌子,品牌28,1000,工作站,黑色,8*1*1,1,CO11F,大卫,收货,上架
KeSu35ErNa,藏青色 品牌11 350 键盘（人体工学）,键盘,品牌11,350,人体工学,藏青色,16*10*1,9,AQ10F,莎拉,收货,上架
TVEs32S4Si,银色 品牌32 32英寸 电视机（超级超高清）,电视机,品牌32,32英寸,超级超高清,银色,8*1*1,5,BN12H,约翰,收货,上架
TaAE10AuWh,白色 品牌05 1000 桌子（自动调节）,桌子,品牌05,1000,自动调节,白色,8*1*1,5,BH24H,艾米丽,收货,上架
PrNoA2MoMi,混合色 品牌26 二号纸 打印机（黑白）,打印机,品牌26,二号纸,黑白,混合色,16*1*1,3,BV17F,艾米,收货,上架
DrRG18SlGr,灰色 品牌03 1800 抽屉柜（滑动式）,抽屉柜,品牌03,1800,滑动式,灰色,8*1*1,3,BO39D,艾米丽,收货,上架
AlYn14i7Gr,灰色 品牌15 14英寸 一体机（第7代处理器）,一体机,品牌15,14英寸,第7代处理器,灰色,16*1*1,8,BW31C,亚历克斯,收货,上架
LaYn1416Si,银色 品牌15 14英寸 笔记本电脑（16吉字节内存）,笔记本电脑,品牌15,14英寸,16吉字节内存,银色,16*1*1,14,CF88A,莎拉,收货,上架
OfOGLHePi,粉色 品牌07 大号 办公椅（头枕）,办公椅,品牌07,大号,头枕,粉色,16*1*1,4,CM40C,迈克,收货,上架
CaWE12DoBe,米色 品牌02 1200 文件柜（带门式）,文件柜,品牌02,1200,带门式,米色,8*1*1,1,BP36C,艾米丽,收货,上架
MoSu27BlBl,黑色 品牌11 270 鼠标（蓝牙）,鼠标,品牌11,270,蓝牙,黑色,16*10*1,49,CV57G,约翰,收货,上架
TaTR15AuWh,白色 品牌29 1500 桌子（自动调节）,桌子,品牌29,1500,自动调节,白色,8*1*1,4,AQ64F,艾米丽,收货,上架
GaOGLErGr,灰色 品牌07 大号 游戏椅（人体工学）,游戏椅,品牌07,大号,人体工学,灰色,16*1*1,2,CI15C,约翰,收货,上架
AlOv17i7Bl,黑色 品牌13 17英寸 一体机（第7代处理器）,一体机,品牌13,17英寸,第7代处理器,黑色,16*1*1,13,DW69B,莎拉,收货,上架
PrPHA2MoBl,黑色 品牌12 二号纸 打印机（黑白）,打印机,品牌12,二号纸,黑白,黑色,16*1*1,13,CH39B,迈克,收货,上架
SPGi50WaWh,白色 品牌21 50 触控笔（水彩）,触控笔,品牌21,50,水彩,白色,48*10*5,1712,CW30F,劳拉,收货,上架
NoScA5ruWh,白色 品牌17 五号纸 笔记本（横线）,笔记本,品牌17,五号纸,横线,白色,48*10*5,451,BT96C,亚历克斯,收货,上架
TVYn42S4Gr,灰色 品牌15 42英寸 电视机（超级超高清）,电视机,品牌15,42英寸,超级超高清,灰色,8*1*1,5,DM10E,简,收货,上架
PrSoA4AlGr,灰色 品牌25 四号纸 打印机（一体式）,打印机,品牌25,四号纸,一体式,灰色,16*1*1,14,AJ28B,简,收货,上架
GaSELErWh,白色 品牌08 大号 游戏椅（人体工学）,游戏椅,品牌08,大号,人体工学,白色,16*1*1,14,BH54B,劳拉,收货,上架
TVGn754KBl,黑色 品牌30 75英寸 电视机（超高清）,电视机,品牌30,75英寸,超高清,黑色,8*1*1,4,BM91C,艾米,收货,上架
MoRe45MeBl,黑色 品牌10 450 鼠标（机械式）,鼠标,品牌10,450,机械式,黑色,16*10*1,100,DU07G,克里斯,收货,上架
SPNa50SoGr,灰色 品牌23 50 触控笔（可溶性）,触控笔,品牌23,50,可溶性,灰色,48*10*5,933,CF96C,艾米,收货,上架
TaTR10FrGr,灰色 品牌28 1000 桌子（框架式）,桌子,品牌28,1000,框架式,灰色,8*1*1,1,AS39D,克里斯,收货,上架
TaCI10AuGr,灰色 品牌27 1000 桌子（自动调节）,桌子,品牌27,1000,自动调节,灰色,8*1*1,6,DF67H,迈克,收货,上架
PeRe24HeWh,白色 品牌22 24 铅笔（六角形）,铅笔,品牌22,24,六角形,白色,48*10*5,115,AL31G,约翰,收货,上架
MoSu27WiWh,白色 品牌11 270 鼠标（有线）,鼠标,品牌11,270,有线,白色,16*10*1,55,DQ01E,艾米,收货,上架
AlRe14i5Si,银色 品牌14 14英寸 一体机（第5代处理器）,一体机,品牌14,14英寸,第5代处理器,银色,16*1*1,15,BK27H,简,收货,上架
OfOGSLeBl,黑色 品牌07 小号 办公椅（皮革）,办公椅,品牌07,小号,皮革,黑色,16*1*1,11,CK37H,大卫,收货,上架
TVYn50S4Gr,灰色 品牌15 50英寸 电视机（超级超高清）,电视机,品牌15,50英寸,超级超高清,灰色,8*1*1,3,DR02A,劳拉,收货,上架
OfSELLeWh,白色 品牌08 大号 办公椅（皮革）,办公椅,品牌08,大号,皮革,白色,16*1*1,14,DO33F,艾米丽,收货,上架
CaWE90LoBe,米色 品牌02 900 文件柜（储物锁柜）,文件柜,品牌02,900,储物锁柜,米色,8*1*1,4,CT89D,莎拉,收货,上架
MoHc45BlBl,黑色 品牌09 450 鼠标（蓝牙）,鼠标,品牌09,450,蓝牙,黑色,16*10*1,143,CK65B,艾米,收货,上架
LaOv158GGr,灰色 品牌13 15英寸 笔记本电脑（8吉字节内存）,笔记本电脑,品牌13,15英寸,8吉字节内存,灰色,16*1*1,9,BZ35D,约翰,收货,上架
LaOv17i7Bl,黑色 品牌13 17英寸 笔记本电脑（第7代处理器）,笔记本电脑,品牌13,17英寸,第7代处理器,黑色,16*1*1,11,DW41G,艾米,收货,上架
KePH35BlWh,白色 品牌12 350 键盘（蓝牙）,键盘,品牌12,350,蓝牙,白色,16*10*1,13,AY66G,简,收货,上架
CuWE18LoWh,白色 品牌02 1800 储物柜（储物锁柜）,储物柜,品牌02,1800,储物锁柜,白色,8*1*1,5,CF35H,亚历克斯,收货,上架
LaSu14i5Wh,白色 品牌11 14英寸 笔记本电脑（第5代处理器）,笔记本电脑,品牌11,14英寸,第5代处理器,白色,16*1*1,2,BS72H,简,收货,上架
TaCI18FrWh,白色 品牌27 1800 桌子（框架式）,桌子,品牌27,1800,框架式,白色,8*1*1,4,DX30B,艾米丽,收货,上架
LaPH17i5Wh,白色 品牌12 17英寸 笔记本电脑（第5代处理器）,笔记本电脑,品牌12,17英寸,第5代处理器,白色,16*1*1,9,DO94A,大卫,收货,上架
PrReA3AlMi,混合色 品牌24 三号纸 打印机（一体式）,打印机,品牌24,三号纸,一体式,混合色,16*1*1,1,CM90F,莎拉,收货,上架
PeRe24SoBl,黑色 品牌22 24 铅笔（可溶性）,铅笔,品牌22,24,可溶性,黑色,48*10*5,2059,BM50E,艾米,收货,上架
MoSu27ErNa,藏青色 品牌11 270 鼠标（人体工学）,鼠标,品牌11,270,人体工学,藏青色,16*10*1,24,CV40G,艾米丽,收货,上架
OfAESLeGr,灰色 品牌05 小号 办公椅（皮革）,办公椅,品牌05,小号,皮革,灰色,16*1*1,7,CP13H,艾米丽,收货,上架
CaTE12DoWh,白色 品牌04 1200 文件柜（带门式）,文件柜,品牌04,1200,带门式,白色,8*1*1,6,DI18G,艾米,收货,上架
NoGrA4doWh,白色 品牌18 四号纸 笔记本（点阵）,笔记本,品牌18,四号纸,点阵,白色,48*10*5,2378,DO98F,大卫,收货,上架
PrSoA4WiWh,白色 品牌25 四号纸 打印机（无线网络）,打印机,品牌25,四号纸,无线网络,白色,16*1*1,8,DS98H,大卫,收货,上架
PrPHA4AlGr,灰色 品牌12 四号纸 打印机（一体式）,打印机,品牌12,四号纸,一体式,灰色,16*1*1,15,AR72A,艾米,收货,上架
SPRe24SoPi,粉色 品牌22 24 触控笔（可溶性）,触控笔,品牌22,24,可溶性,粉色,48*10*5,1802,DZ02F,艾米,收货,上架
GaAELErBl,黑色 品牌05 大号 游戏椅（人体工学）,游戏椅,品牌05,大号,人体工学,黑色,16*1*1,4,CJ03F,迈克,收货,上架
LaPH17i7Bl,黑色 品牌12 17英寸 笔记本电脑（第7代处理器）,笔记本电脑,品牌12,17英寸,第7代处理器,黑色,16*1*1,1,AH65D,约翰,收货,上架
MoPH45ErWh,白色 品牌12 450 鼠标（人体工学）,鼠标,品牌12,450,人体工学,白色,16*10*1,3,DQ21G,迈克,收货,上架
CaWE12FiWh,白色 品牌02 1200 文件柜（文件收纳）,文件柜,品牌02,1200,文件收纳,白色,8*1*1,3,DG17F,大卫,收货,上架
TaAE18AuSi,银色 品牌05 1800 桌子（自动调节）,桌子,品牌05,1800,自动调节,银色,8*1*1,7,BN25B,艾米,收货,上架
CuTE90DoWh,白色 品牌04 900 储物柜（带门式）,储物柜,品牌04,900,带门式,白色,8*1*1,5,CT51H,大卫,收货,上架
MoRe45ErPi,粉色 品牌10 450 鼠标（人体工学）,鼠标,品牌10,450,人体工学,粉色,16*10*1,157,CQ32G,劳拉,收货,上架
OfXEMHeBl,黑色 品牌06 中号 办公椅（头枕）,办公椅,品牌06,中号,头枕,黑色,16*1*1,1,DZ45E,大卫,收货,上架
MoSu45BlWh,白色 品牌11 450 鼠标（蓝牙）,鼠标,品牌11,450,蓝牙,白色,16*10*1,85,BP56E,艾米丽,收货,上架
SPGi12HeBl,黑色 品牌21 12 触控笔（六角形）,触控笔,品牌21,12,六角形,黑色,48*10*5,1909,DH26A,迈克,收货,上架
OfXEMHeBl,黑色 品牌06 中号 办公椅（头枕）,办公椅,品牌06,中号,头枕,黑色,16*1*1,4,CK54G,亚历克斯,收货,上架
LaRe1516Gr,灰色 品牌14 15英寸 笔记本电脑（16吉字节内存）,笔记本电脑,品牌14,15英寸,16吉字节内存,灰色,16*1*1,12,AF81F,大卫,收货,上架
KeRe27ErBl,黑色 品牌10 270 键盘（人体工学）,键盘,品牌10,270,人体工学,黑色,16*10*1,88,CZ76C,大卫,收货,上架
GaOGSHeWh,白色 品牌07 小号 游戏椅（头枕）,游戏椅,品牌07,小号,头枕,白色,16*1*1,4,BK73E,大卫,收货,上架
GaXEMHeBl,黑色 品牌06 中号 游戏椅（头枕）,游戏椅,品牌06,中号,头枕,黑色,16*1*1,15,AH60H,大卫,收货,上架
DrTE18LoBl,黑色 品牌04 1800 抽屉柜（储物锁柜）,抽屉柜,品牌04,1800,储物锁柜,黑色,8*1*1,4,AW38H,莎拉,收货,上架
TVYn65S4Gr,灰色 品牌15 65英寸 电视机（超级超高清）,电视机,品牌15,65英寸,超级超高清,灰色,8*1*1,6,DX56D,亚历克斯,收货,上架
DrQE12FiBe,米色 品牌01 1200 抽屉柜（文件收纳）,抽屉柜,品牌01,1200,文件收纳,米色,8*1*1,3,DX63E,迈克,收货,上架
AlPH1416Gr,灰色 品牌12 14英寸 一体机（16吉字节内存）,一体机,品牌12,14英寸,16吉字节内存,灰色,16*1*1,2,DQ29D,迈克,收货,上架
NoScA5doBl,黑色 品牌17 五号纸 笔记本（点阵）,笔记本,品牌17,五号纸,点阵,黑色,48*10*5,2188,CQ55A,简,收货,上架
CuTE12SlGr,灰色 品牌04 1200 储物柜（滑动式）,储物柜,品牌04,1200,滑动式,灰色,8*1*1,7,BF91H,约翰,收货,上架
PrNoA2AlBl,黑色 品牌26 二号纸 打印机（一体式）,打印机,品牌26,二号纸,一体式,黑色,16*1*1,14,BK37D,艾米,收货,上架
PrSoA4AlBl,黑色 品牌25 四号纸 打印机（一体式）,打印机,品牌25,四号纸,一体式,黑色,16*1*1,1,BW22C,劳拉,收货,上架
MoHc35ErBl,黑色 品牌09 350 鼠标（人体工学）,鼠标,品牌09,350,人体工学,黑色,16*10*1,131,CV01F,大卫,收货,上架
TVGn65S4Gr,灰色 品牌30 65英寸 电视机（超级超高清）,电视机,品牌30,65英寸,超级超高清,灰色,8*1*1,6,BS30A,迈克,收货,上架
GaSELLeWh,白色 品牌08 大号 游戏椅（皮革）,游戏椅,品牌08,大号,皮革,白色,16*1*1,13,AI45D,约翰,收货,上架
MoPH27MePi,粉色 品牌12 270 鼠标（机械式）,鼠标,品牌12,270,机械式,粉色,16*10*1,5,CP53B,克里斯,收货,上架
OfXEMAdWh,白色 品牌06 中号 办公椅（可调节）,办公椅,品牌06,中号,可调节,白色,16*1*1,10,AV16D,劳拉,收货,上架
LaYn1516Si,银色 品牌15 15英寸 笔记本电脑（16吉字节内存）,笔记本电脑,品牌15,15英寸,16吉字节内存,银色,16*1*1,9,DP08H,莎拉,收货,上架
LaPH17i5Si,银色 品牌12 17英寸 笔记本电脑（第5代处理器）,笔记本电脑,品牌12,17英寸,第5代处理器,银色,16*1*1,4,BH11G,劳拉,收货,上架
PrReA3LaGr,灰色 品牌24 三号纸 打印机（激光）,打印机,品牌24,三号纸,激光,灰色,16*1*1,15,BG66D,亚历克斯,收货,上架
CaWE90DoBl,黑色 品牌02 900 文件柜（带门式）,文件柜,品牌02,900,带门式,黑色,8*1*1,8,AJ04A,克里斯,收货,上架
KeHc45ErNa,藏青色 品牌09 450 键盘（人体工学）,键盘,品牌09,450,人体工学,藏青色,16*10*1,64,CI68E,迈克,收货,上架
SPNa50HeWh,白色 品牌23 50 触控笔（六角形）,触控笔,品牌23,50,六角形,白色,48*10*5,1355,DK87G,迈克,收货,上架
AlPH17i7Bl,黑色 品牌12 17英寸 一体机（第7代处理器）,一体机,品牌12,17英寸,第7代处理器,黑色,16*1*1,8,DS07C,克里斯,收货,上架
LaPH17i7Wh,白色 品牌12 17英寸 笔记本电脑（第7代处理器）,笔记本电脑,品牌12,17英寸,第7代处理器,白色,16*1*1,12,CT59F,莎拉,收货,上架
DrRG12FiBe,米色 品牌03 1200 抽屉柜（文件收纳）,抽屉柜,品牌03,1200,文件收纳,米色,8*1*1,2,DI01F,劳拉,收货,上架
OfSELHePi,粉色 品牌08 大号 办公椅（头枕）,办公椅,品牌08,大号,头枕,粉色,16*1*1,2,BO11H,迈克,收货,上架
CaRG90FiBe,米色 品牌03 900 文件柜（文件收纳）,文件柜,品牌03,900,文件收纳,米色,8*1*1,5,DO16E,亚历克斯,收货,上架
LaYn14i5Gr,灰色 品牌15 14英寸 笔记本电脑（第5代处理器）,笔记本电脑,品牌15,14英寸,第5代处理器,灰色,16*1*1,9,CL03H,莎拉,收货,上架
PeNa12SoGr,灰色 品牌23 12 铅笔（可溶性）,铅笔,品牌23,12,可溶性,灰色,48*10*5,1490,AR71H,亚历克斯,收货,上架
CuTE18DoBe,米色 品牌04 1800 储物柜（带门式）,储物柜,品牌04,1800,带门式,米色,8*1*1,3,CK39E,莎拉,收货,上架
OfOGSErWh,白色 品牌07 小号 办公椅（人体工学）,办公椅,品牌07,小号,人体工学,白色,16*1*1,14,DY38E,大卫,收货,上架
GaOGSErWh,白色 品牌07 小号 游戏椅（人体工学）,游戏椅,品牌07,小号,人体工学,白色,16*1*1,9,DZ87C,劳拉,收货,上架
TaCI10AdWh,白色 品牌27 1000 桌子（可调节）,桌子,品牌27,1000,可调节,白色,8*1*1,2,BP71A,劳拉,收货,上架
TVYn50SFBl,黑色 品牌15 50英寸 电视机（超级全高清）,电视机,品牌15,50英寸,超级全高清,黑色,8*1*1,8,BQ31H,约翰,收货,上架
PrNoA4InWh,白色 品牌26 四号纸 打印机（喷墨）,打印机,品牌26,四号纸,喷墨,白色,16*1*1,8,AZ33D,简,收货,上架
PrReA4WiMi,混合色 品牌24 四号纸 打印机（无线网络）,打印机,品牌24,四号纸,无线网络,混合色,16*1*1,11,CL72A,劳拉,收货,上架
NoGrA4doSi,银色 品牌18 四号纸 笔记本（点阵）,笔记本,品牌18,四号纸,点阵,银色,48*10*5,646,DZ04F,艾米丽,收货,上架
AlRe1416Gr,灰色 品牌14 14英寸 一体机（16吉字节内存）,一体机,品牌14,14英寸,16吉字节内存,灰色,16*1*1,16,DZ96C,迈克,收货,上架
AlSu14i5Si,银色 品牌11 14英寸 一体机（第5代处理器）,一体机,品牌11,14英寸,第5代处理器,银色,16*1*1,1,DN68F,迈克,收货,上架
TaAE18WoGr,灰色 品牌05 1800 桌子（工作站）,桌子,品牌05,1800,工作站,灰色,8*1*1,6,CM08G,劳拉,收货,上架
GaAESHeGr,灰色 品牌05 小号 游戏椅（头枕）,游戏椅,品牌05,小号,头枕,灰色,16*1*1,5,AV59F,大卫,收货,上架
PeRe24WaBl,黑色 品牌22 24 铅笔（水彩）,铅笔,品牌22,24,水彩,黑色,48*10*5,2052,DH43A,约翰,收货,上架
TaTR15AdBl,黑色 品牌29 1500 桌子（可调节）,桌子,品牌29,1500,可调节,黑色,8*1*1,3,DS01A,迈克,收货,上架
SPGi12HeWh,白色 品牌21 12 触控笔（六角形）,触控笔,品牌21,12,六角形,白色,48*10*5,337,CY84D,艾米,收货,上架
PeNa12SoBl,黑色 品牌23 12 铅笔（可溶性）,铅笔,品牌23,12,可溶性,黑色,48*10*5,1789,BY06D,亚历克斯,收货,上架
PrSoA2WiBl,黑色 品牌25 二号纸 打印机（无线网络）,打印机,品牌25,二号纸,无线网络,黑色,16*1*1,4,CY26C,艾米丽,收货,上架
TVEs32SFWh,白色 品牌32 32英寸 电视机（超级全高清）,电视机,品牌32,32英寸,超级全高清,白色,8*1*1,7,DH06F,艾米,收货,上架
KeHc35MePi,粉色 品牌09 350 键盘（机械式）,键盘,品牌09,350,机械式,粉色,16*10*1,140,CF22H,亚历克斯,收货,上架
NoGrA5ruSi,银色 品牌18 五号纸 笔记本（横线）,笔记本,品牌18,五号纸,横线,银色,48*10*5,1495,AY63B,大卫,收货,上架
TaTR10FrWh,白色 品牌28 1000 桌子（框架式）,桌子,品牌28,1000,框架式,白色,8*1*1,7,DY10B,莎拉,收货,上架
GaSESHeGr,灰色 品牌08 小号 游戏椅（头枕）,游戏椅,品牌08,小号,头枕,灰色,16*1*1,8,DW26G,莎拉,收货,上架
AlYn14i5Wh,白色 品牌15 14英寸 一体机（第5代处理器）,一体机,品牌15,14英寸,第5代处理器,白色,16*1*1,6,DK88G,艾米丽,收货,上架
TaTR15AuWh,白色 品牌28 1500 桌子（自动调节）,桌子,品牌28,1500,自动调节,白色,8*1*1,7,BH89H,艾米丽,收货,上架
LaOv17i7Si,银色 品牌13 17英寸 笔记本电脑（第7代处理器）,笔记本电脑,品牌13,17英寸,第7代处理器,银色,16*1*1,12,CZ12B,艾米丽,收货,上架
CaWE90DoWh,白色 品牌02 900 文件柜（带门式）,文件柜,品牌02,900,带门式,白色,8*1*1,4,AL62A,艾米,收货,上架
OfXEMAdPi,粉色 品牌06 中号 办公椅（可调节）,办公椅,品牌06,中号,可调节,粉色,16*1*1,2,CH14D,艾米,收货,上架
SPRe12HeBl,黑色 品牌22 12 触控笔（六角形）,触控笔,品牌22,12,六角形,黑色,48*10*5,1816,CF81A,约翰,收货,上架
TaAE18FrSi,银色 品牌05 1800 桌子（框架式）,桌子,品牌05,1800,框架式,银色,8*1*1,8,DS26D,约翰,收货,上架
PrReA2WiGr,灰色 品牌24 二号纸 打印机（无线网络）,打印机,品牌24,二号纸,无线网络,灰色,16*1*1,5,AV76A,约翰,收货,上架
TVGn42SFGr,灰色 品牌30 42英寸 电视机（超级全高清）,电视机,品牌30,42英寸,超级全高清,灰色,8*1*1,2,CG39A,劳拉,收货,上架
KeRe45ErPi,粉色 品牌10 450 键盘（人体工学）,键盘,品牌10,450,人体工学,粉色,16*10*1,118,CM29E,简,收货,上架
CaRG12DoWh,白色 品牌03 1200 文件柜（带门式）,文件柜,品牌03,1200,带门式,白色,8*1*1,4,CF45H,约翰,收货,上架
GaAESAdPi,粉色 品牌05 小号 游戏椅（可调节）,游戏椅,品牌05,小号,可调节,粉色,16*1*1,9,BO05A,约翰,收货,上架
PeAl24HeGr,灰色 品牌20 24 铅笔（六角形）,铅笔,品牌20,24,六角形,灰色,48*10*5,1727,DG03C,艾米丽,收货,上架
OfXELAdPi,粉色 品牌06 大号 办公椅（可调节）,办公椅,品牌06,大号,可调节,粉色,16*1*1,13,CF45H,大卫,收货,上架
MoHc35MeNa,藏青色 品牌09 350 鼠标（机械式）,鼠标,品牌09,350,机械式,藏青色,16*10*1,149,BP36E,约翰,收货,上架
LaYn1732Bl,黑色 品牌15 17英寸 笔记本电脑（32吉字节内存）,笔记本电脑,品牌15,17英寸,32吉字节内存,黑色,16*1*1,13,CK55D,莎拉,收货,上架
AlYn17i7Wh,白色 品牌15 17英寸 一体机（第7代处理器）,一体机,品牌15,17英寸,第7代处理器,白色,16*1*1,16,CU47A,约翰,收货,上架
TVYn32SFWh,白色 品牌15 32英寸 电视机（超级全高清）,电视机,品牌15,32英寸,超级全高清,白色,8*1*1,8,CK88B,莎拉,收货,上架
PrReA2MoMi,混合色 品牌24 二号纸 打印机（黑白）,打印机,品牌24,二号纸,黑白,混合色,16*1*1,4,CL12H,简,收货,上架
LaYn15i5Si,银色 品牌15 15英寸 笔记本电脑（第5代处理器）,笔记本电脑,品牌15,15英寸,第5代处理器,银色,16*1*1,9,BO79B,莎拉,收货,上架
CuRG18FiBl,黑色 品牌03 1800 储物柜（文件收纳）,储物柜,品牌03,1800,文件收纳,黑色,8*1*1,2,DW91E,艾米,收货,上架
CaRG12LoBe,米色 品牌03 1200 文件柜（储物锁柜）,文件柜,品牌03,1200,储物锁柜,米色,8*1*1,6,AL62C,约翰,收货,上架
SPRe50SoPi,粉色 品牌22 50 触控笔（可溶性）,触控笔,品牌22,50,可溶性,粉色,48*10*5,1538,DQ48D,莎拉,收货,上架
PrPHA2AlGr,灰色 品牌12 二号纸 打印机（一体式）,打印机,品牌12,二号纸,一体式,灰色,16*1*1,10,DZ92C,简,收货,上架
KeRe35ErWh,白色 品牌10 350 键盘（人体工学）,键盘,品牌10,350,人体工学,白色,16*10*1,68,CG32G,约翰,收货,上架
GaAEMLeGr,灰色 品牌05 中号 游戏椅（皮革）,游戏椅,品牌05,中号,皮革,灰色,16*1*1,4,CY83D,大卫,收货,上架
AlPH1432Bl,黑色 品牌12 14英寸 一体机（32吉字节内存）,一体机,品牌12,14英寸,32吉字节内存,黑色,16*1*1,15,CL40D,亚历克斯,收货,上架
GaOGMHeWh,白色 品牌07 中号 游戏椅（头枕）,游戏椅,品牌07,中号,头枕,白色,16*1*1,7,BW61D,克里斯,收货,上架
CaTE90FiBl,黑色 品牌04 900 文件柜（文件收纳）,文件柜,品牌04,900,文件收纳,黑色,8*1*1,2,CR20H,约翰,收货,上架
OfSEMLeBl,黑色 品牌08 中号 办公椅（皮革）,办公椅,品牌08,中号,皮革,黑色,16*1*1,13,DT73H,简,收货,上架
KeRe27BlPi,粉色 品牌10 270 键盘（蓝牙）,键盘,品牌10,270,蓝牙,粉色,16*10*1,123,CY77C,约翰,收货,上架
MoSu45WiNa,藏青色 品牌11 450 鼠标（有线）,鼠标,品牌11,450,有线,藏青色,16*10*1,15,AP92C,大卫,收货,上架
TaTR15AdGr,灰色 品牌29 1500 桌子（可调节）,桌子,品牌29,1500,可调节,灰色,8*1*1,1,CP12G,劳拉,收货,上架
OfAEMAdBl,黑色 品牌05 中号 办公椅（可调节）,办公椅,品牌05,中号,可调节,黑色,16*1*1,3,CG78H,大卫,收货,上架
OfAELHePi,粉色 品牌05 大号 办公椅（头枕）,办公椅,品牌05,大号,头枕,粉色,16*1*1,1,AM89A,大卫,收货,上架
GaOGLErBl,黑色 品牌07 大号 游戏椅（人体工学）,游戏椅,品牌07,大号,人体工学,黑色,16*1*1,5,DZ34F,简,收货,上架
GaOGMErWh,白色 品牌07 中号 游戏椅（人体工学）,游戏椅,品牌07,中号,人体工学,白色,16*1*1,5,AV22H,亚历克斯,收货,上架
CaTE18SlWh,白色 品牌04 1800 文件柜（滑动式）,文件柜,品牌04,1800,滑动式,白色,8*1*1,5,CK71A,莎拉,收货,上架
TVGn65FHSi,银色 品牌30 65英寸 电视机（全高清）,电视机,品牌30,65英寸,全高清,银色,8*1*1,3,DL54A,迈克,收货,上架
MoSu35MeBl,黑色 品牌11 350 鼠标（机械式）,鼠标,品牌11,350,机械式,黑色,16*10*1,21,AH42F,克里斯,收货,上架
DrTE90LoBl,黑色 品牌04 900 抽屉柜（储物锁柜）,抽屉柜,品牌04,900,储物锁柜,黑色,8*1*1,3,BI72D,克里斯,收货,上架
KeRe27WiPi,粉色 品牌10 270 键盘（有线）,键盘,品牌10,270,有线,粉色,16*10*1,11,DY61E,亚历克斯,收货,上架
AlPH178GWh,白色 品牌12 17英寸 一体机（8吉字节内存）,一体机,品牌12,17英寸,8吉字节内存,白色,16*1*1,15,BX23C,迈克,收货,上架
CaQE90FiBe,米色 品牌01 900 文件柜（文件收纳）,文件柜,品牌01,900,文件收纳,米色,8*1*1,2,BP12H,莎拉,收货,上架
AlRe1732Bl,黑色 品牌14 17英寸 一体机（32吉字节内存）,一体机,品牌14,17英寸,32吉字节内存,黑色,16*1*1,7,AQ66H,大卫,收货,上架
CaQE18LoBe,米色 品牌01 1800 文件柜（储物锁柜）,文件柜,品牌01,1800,储物锁柜,米色,8*1*1,7,DW95B,迈克,收货,上架
AlYn17i7Wh,白色 品牌15 17英寸 一体机（第7代处理器）,一体机,品牌15,17英寸,第7代处理器,白色,16*1*1,12,DM76F,艾米丽,收货,上架
TVGL50S4Bl,黑色 品牌31 50英寸 电视机（超级超高清）,电视机,品牌31,50英寸,超级超高清,黑色,8*1*1,5,DF37C,艾米,收货,上架
PrSoA4LaMi,混合色 品牌25 四号纸 打印机（激光）,打印机,品牌25,四号纸,激光,混合色,16*1*1,10,BK64F,艾米,收货,上架
GaSELAdBl,黑色 品牌08 大号 游戏椅（可调节）,游戏椅,品牌08,大号,可调节,黑色,16*1*1,10,BZ19D,迈克,收货,上架
CuWE90LoBe,米色 品牌02 900 储物柜（储物锁柜）,储物柜,品牌02,900,储物锁柜,米色,8*1*1,5,CS76D,简,收货,上架
MoHc45MeWh,白色 品牌09 450 鼠标（机械式）,鼠标,品牌09,450,机械式,白色,16*10*1,51,AH22H,劳拉,收货,上架
GaAELErPi,粉色 品牌05 大号 游戏椅（人体工学）,游戏椅,品牌05,大号,人体工学,粉色,16*1*1,16,BP71A,莎拉,收货,上架
TVGn42SFBl,黑色 品牌30 42英寸 电视机（超级全高清）,电视机,品牌30,42英寸,超级全高清,黑色,8*1*1,8,DW75A,大卫,收货,上架
AlRe1516Gr,灰色 品牌14 15英寸 一体机（16吉字节内存）,一体机,品牌14,15英寸,16吉字节内存,灰色,16*1*1,7,AS45F,迈克,收货,上架
LaOv1716Wh,白色 品牌13 17英寸 笔记本电脑（16吉字节内存）,笔记本电脑,品牌13,17英寸,16吉字节内存,白色,16*1*1,4,CI82B,约翰,收货,上架
SPRe24SoBl,黑色 品牌22 24 触控笔（可溶性）,触控笔,品牌22,24,可溶性,黑色,48*10*5,1706,BN75D,艾米,收货,上架
TVGL50S4Wh,白色 品牌31 50英寸 电视机（超级超高清）,电视机,品牌31,50英寸,超级超高清,白色,8*1*1,4,AO02H,简,收货,上架
MoPH45BlBl,黑色 品牌12 450 鼠标（蓝牙）,鼠标,品牌12,450,蓝牙,黑色,16*10*1,110,DH08G,艾米,收货,上架
KeRe35BlPi,粉色 品牌10 350 键盘（蓝牙）,键盘,品牌10,350,蓝牙,粉色,16*10*1,144,AQ10F,莎拉,收货,上架
CaTE12SlGr,灰色 品牌04 1200 文件柜（滑动式）,文件柜,品牌04,1200,滑动式,灰色,8*1*1,8,AZ14G,简,收货,上架
GaAELAdPi,粉色 品牌05 大号 游戏椅（可调节）,游戏椅,品牌05,大号,可调节,粉色,16*1*1,7,DZ75E,莎拉,收货,上架
KePH35MeBl,黑色 品牌12 350 键盘（机械式）,键盘,品牌12,350,机械式,黑色,16*10*1,160,AS84B,大卫,收货,上架
CuWE90SlBl,黑色 品牌02 900 储物柜（滑动式）,储物柜,品牌02,900,滑动式,黑色,8*1*1,8,BP94H,亚历克斯,收货,上架
DrWE12FiWh,白色 品牌02 1200 抽屉柜（文件收纳）,抽屉柜,品牌02,1200,文件收纳,白色,8*1*1,3,DM84C,简,收货,上架
KeSu35ErNa,藏青色 品牌11 350 键盘（人体工学）,键盘,品牌11,350,人体工学,藏青色,16*10*1,149,DT27H,大卫,收货,上架
CuQE90SlBe,米色 品牌01 900 储物柜（滑动式）,储物柜,品牌01,900,滑动式,米色,8*1*1,7,AG75H,莎拉,收货,上架
SPNa24WaGr,灰色 品牌23 24 触控笔（水彩）,触控笔,品牌23,24,水彩,灰色,48*10*5,489,DK73G,约翰,收货,上架
KeRe27BlBl,黑色 品牌10 270 键盘（蓝牙）,键盘,品牌10,270,蓝牙,黑色,16*10*1,92,AS64A,克里斯,收货,上架
AlRe1432Wh,白色 品牌14 14英寸 一体机（32吉字节内存）,一体机,品牌14,14英寸,32吉字节内存,白色,16*1*1,9,CK05F,莎拉,收货,上架
KePH35WiWh,白色 品牌12 350 键盘（有线）,键盘,品牌12,350,有线,白色,16*10*1,157,AP17B,简,收货,上架
AlRe1732Si,银色 品牌14 17英寸 一体机（32吉字节内存）,一体机,品牌14,17英寸,32吉字节内存,银色,16*1*1,16,AJ65D,简,收货,上架
GaOGSLeWh,白色 品牌07 小号 游戏椅（皮革）,游戏椅,品牌07,小号,皮革,白色,16*1*1,5,DS53B,劳拉,收货,上架
TaTR15WoGr,灰色 品牌29 1500 桌子（工作站）,桌子,品牌29,1500,工作站,灰色,8*1*1,3,CW74G,莎拉,收货,上架
LaOv158GWh,白色 品牌13 15英寸 笔记本电脑（8吉字节内存）,笔记本电脑,品牌13,15英寸,8吉字节内存,白色,16*1*1,8,AF26C,迈克,收货,上架
LaYn17i5Wh,白色 品牌15 17英寸 笔记本电脑（第5代处理器）,笔记本电脑,品牌15,17英寸,第5代处理器,白色,16*1*1,7,BZ92A,克里斯,收货,上架
TVYn42SFWh,白色 品牌15 42英寸 电视机（超级全高清）,电视机,品牌15,42英寸,超级全高清,白色,8*1*1,4,CQ46G,简,收货,上架
OfAELHeGr,灰色 品牌05 大号 办公椅（头枕）,办公椅,品牌05,大号,头枕,灰色,16*1*1,11,CK34A,约翰,收货,上架
TVEs504KBl,黑色 品牌32 50英寸 电视机（超高清）,电视机,品牌32,50英寸,超高清,黑色,8*1*1,6,AI25A,简,收货,上架
DrRG18SlBe,米色 品牌03 1800 抽屉柜（滑动式）,抽屉柜,品牌03,1800,滑动式,米色,8*1*1,8,CY30G,劳拉,收货,上架
GaAELErGr,灰色 品牌05 大号 游戏椅（人体工学）,游戏椅,品牌05,大号,人体工学,灰色,16*1*1,12,DK24G,克里斯,收货,上架
CaRG12DoBe,米色 品牌03 1200 文件柜（带门式）,文件柜,品牌03,1200,带门式,米色,8*1*1,7,AP75G,劳拉,收货,上架
OfSELAdWh,白色 品牌08 大号 办公椅（可调节）,办公椅,品牌08,大号,可调节,白色,16*1*1,4,AK65D,简,收货,上架
NoExA3liGr,灰色 品牌16 三号纸 笔记本（线条）,笔记本,品牌16,三号纸,线条,灰色,48*10*5,2045,CQ91C,莎拉,收货,上架
MoSu27BlBl,黑色 品牌11 270 鼠标（蓝牙）,鼠标,品牌11,270,蓝牙,黑色,16*10*1,108,DU97F,约翰,收货,上架
OfXESHeWh,白色 品牌06 小号 办公椅（头枕）,办公椅,品牌06,小号,头枕,白色,16*1*1,9,CT65A,亚历克斯,收货,上架
PrPHA2WiBl,黑色 品牌12 二号纸 打印机（无线网络）,打印机,品牌12,二号纸,无线网络,黑色,16*1*1,12,BX55C,艾米丽,收货,上架
PrReA2AlMi,混合色 品牌24 二号纸 打印机（一体式）,打印机,品牌24,二号纸,一体式,混合色,16*1*1,3,CV73G,亚历克斯,收货,上架
OfOGMHeWh,白色 品牌07 中号 办公椅（头枕）,办公椅,品牌07,中号,头枕,白色,16*1*1,3,BZ35C,莎拉,收货,上架
AlRe17i5Si,银色 品牌14 17英寸 一体机（第5代处理器）,一体机,品牌14,17英寸,第5代处理器,银色,16*1*1,13,BU57F,艾米,收货,上架
LaPH14i7Gr,灰色 品牌12 14英寸 笔记本电脑（第7代处理器）,笔记本电脑,品牌12,14英寸,第7代处理器,灰色,16*1*1,3,CV78A,莎拉,收货,上架
CuRG18FiWh,白色 品牌03 1800 储物柜（文件收纳）,储物柜,品牌03,1800,文件收纳,白色,8*1*1,7,CP07C,劳拉,收货,上架
PrSoA4LaWh,白色 品牌25 四号纸 打印机（激光）,打印机,品牌25,四号纸,激光,白色,16*1*1,12,BO19B,克里斯,收货,上架
TVGn32SFBl,黑色 品牌30 32英寸 电视机（超级全高清）,电视机,品牌30,32英寸,超级全高清,黑色,8*1*1,2,AM85A,大卫,收货,上架
NoGrA5ruGr,灰色 品牌18 五号纸 笔记本（横线）,笔记本,品牌18,五号纸,横线,灰色,48*10*5,2201,AZ49E,大卫,收货,上架
TaTR15AdGr,灰色 品牌28 1500 桌子（可调节）,桌子,品牌28,1500,可调节,灰色,8*1*1,6,BW41B,劳拉,收货,上架
AlSu15i5Wh,白色 品牌11 15英寸 一体机（第5代处理器）,一体机,品牌11,15英寸,第5代处理器,白色,16*1*1,2,BH21B,简,收货,上架
LaSu178GBl,黑色 品牌11 17英寸 笔记本电脑（8吉字节内存）,笔记本电脑,品牌11,17英寸,8吉字节内存,黑色,16*1*1,11,CH04B,约翰,收货,上架
GaOGSAdBl,黑色 品牌07 小号 游戏椅（可调节）,游戏椅,品牌07,小号,可调节,黑色,16*1*1,7,DT60C,亚历克斯,收货,上架
PrReA3MoGr,灰色 品牌24 三号纸 打印机（黑白）,打印机,品牌24,三号纸,黑白,灰色,16*1*1,14,AZ70G,迈克,收货,上架
PrSoA2InMi,混合色 品牌25 二号纸 打印机（喷墨）,打印机,品牌25,二号纸,喷墨,混合色,16*1*1,8,AW36G,莎拉,收货,上架
SPNa24HeWh,白色 品牌23 24 触控笔（六角形）,触控笔,品牌23,24,六角形,白色,48*10*5,2263,DZ22B,约翰,收货,上架
LaYn1432Wh,白色 品牌15 14英寸 笔记本电脑（32吉字节内存）,笔记本电脑,品牌15,14英寸,32吉字节内存,白色,16*1*1,14,CO27F,大卫,收货,上架
TVYn42FHBl,黑色 品牌15 42英寸 电视机（全高清）,电视机,品牌15,42英寸,全高清,黑色,8*1*1,3,CY05D,简,收货,上架
PeAl24HePi,粉色 品牌20 24 铅笔（六角形）,铅笔,品牌20,24,六角形,粉色,48*10*5,1788,DI31G,大卫,收货,上架
PrNoA2MoGr,灰色 品牌26 二号纸 打印机（黑白）,打印机,品牌26,二号纸,黑白,灰色,16*1*1,16,DY72D,莎拉,收货,上架
SPGi50SoBl,黑色 品牌21 50 触控笔（可溶性）,触控笔,品牌21,50,可溶性,黑色,48*10*5,2258,CS64A,迈克,收货,上架
GaAESHeGr,灰色 品牌05 小号 游戏椅（头枕）,游戏椅,品牌05,小号,头枕,灰色,16*1*1,13,BK76A,亚历克斯,收货,上架
DrRG90SlWh,白色 品牌03 900 抽屉柜（滑动式）,抽屉柜,品牌03,900,滑动式,白色,8*1*1,5,AV03C,简,收货,上架
CaRG12FiBe,米色 品牌03 1200 文件柜（文件收纳）,文件柜,品牌03,1200,文件收纳,米色,8*1*1,7,AL29B,莎拉,收货,上架
CaTE90LoBe,米色 品牌04 900 文件柜（储物锁柜）,文件柜,品牌04,900,储物锁柜,米色,8*1*1,8,DQ84H,克里斯,收货,上架
NoExA3ruBl,黑色 品牌16 三号纸 笔记本（横线）,笔记本,品牌16,三号纸,横线,黑色,48*10*5,2392,DM25D,克里斯,收货,上架
LaSu15i5Si,银色 品牌11 15英寸 笔记本电脑（第5代处理器）,笔记本电脑,品牌11,15英寸,第5代处理器,银色,16*1*1,14,BY57H,亚历克斯,收货,上架
TaAE18AdGr,灰色 品牌05 1800 桌子（可调节）,桌子,品牌05,1800,可调节,灰色,8*1*1,2,AK42G,艾米丽,收货,上架
GaOGMHePi,粉色 品牌07 中号 游戏椅（头枕）,游戏椅,品牌07,中号,头枕,粉色,16*1*1,2,AV03B,大卫,收货,上架
TVGL424KGr,灰色 品牌31 42英寸 电视机（超高清）,电视机,品牌31,42英寸,超高清,灰色,8*1*1,4,BN73H,大卫,收货,上架
GaSESLeWh,白色 品牌08 小号 游戏椅（皮革）,游戏椅,品牌08,小号,皮革,白色,16*1*1,13,DT59E,亚历克斯,收货,上架
KeHc35WiWh,白色 品牌09 350 键盘（有线）,键盘,品牌09,350,有线,白色,16*10*1,127,DN51E,迈克,收货,上架
AlPH14i7Gr,灰色 品牌12 14英寸 一体机（第7代处理器）,一体机,品牌12,14英寸,第7代处理器,灰色,16*1*1,14,CJ53G,约翰,收货,上架
OfOGLHeGr,灰色 品牌07 大号 办公椅（头枕）,办公椅,品牌07,大号,头枕,灰色,16*1*1,12,BL27G,大卫,收货,上架
LaPH14i7Wh,白色 品牌12 14英寸 笔记本电脑（第7代处理器）,笔记本电脑,品牌12,14英寸,第7代处理器,白色,16*1*1,4,BQ55C,劳拉,收货,上架
GaXELAdPi,粉色 品牌06 大号 游戏椅（可调节）,游戏椅,品牌06,大号,可调节,粉色,16*1*1,10,CM54D,迈克,收货,上架
TaTR15WoSi,银色 品牌28 1500 桌子（工作站）,桌子,品牌28,1500,工作站,银色,8*1*1,8,AH70B,劳拉,收货,上架
DrWE12LoWh,白色 品牌02 1200 抽屉柜（储物锁柜）,抽屉柜,品牌02,1200,储物锁柜,白色,8*1*1,6,DH29E,简,收货,上架
GaOGSAdWh,白色 品牌07 小号 游戏椅（可调节）,游戏椅,品牌07,小号,可调节,白色,16*1*1,8,BU24B,迈克,收货,上架
AlRe17i5Bl,黑色 品牌14 17英寸 一体机（第5代处理器）,一体机,品牌14,17英寸,第5代处理器,黑色,16*1*1,7,AR35D,亚历克斯,收货,上架
TaTR10FrSi,银色 品牌29 1000 桌子（框架式）,桌子,品牌29,1000,框架式,银色,8*1*1,1,AG30D,劳拉,收货,上架
PrNoA4InMi,混合色 品牌26 四号纸 打印机（喷墨）,打印机,品牌26,四号纸,喷墨,混合色,16*1*1,11,BM89G,亚历克斯,收货,上架
TVGn32SFGr,灰色 品牌30 32英寸 电视机（超级全高清）,电视机,品牌30,32英寸,超级全高清,灰色,8*1*1,4,BW08E,迈克,收货,上架
GaAELHePi,粉色 品牌05 大号 游戏椅（头枕）,游戏椅,品牌05,大号,头枕,粉色,16*1*1,11,BF36B,劳拉,收货,上架
TVEs65S4Gr,灰色 品牌32 65英寸 电视机（超级超高清）,电视机,品牌32,65英寸,超级超高清,灰色,8*1*1,5,CP40E,大卫,收货,上架
DrQE18SlBl,黑色 品牌01 1800 抽屉柜（滑动式）,抽屉柜,品牌01,1800,滑动式,黑色,8*1*1,7,CX13H,艾米,收货,上架
AlPH17i7Si,银色 品牌12 17英寸 一体机（第7代处理器）,一体机,品牌12,17英寸,第7代处理器,银色,16*1*1,9,BX03H,劳拉,收货,上架
KeHc35ErPi,粉色 品牌09 350 键盘（人体工学）,键盘,品牌09,350,人体工学,粉色,16*10*1,70,AF22A,艾米,收货,上架
TVYn75S4Si,银色 品牌15 75英寸 电视机（超级超高清）,电视机,品牌15,75英寸,超级超高清,银色,8*1*1,2,DO09A,亚历克斯,收货,上架
DrRG90DoBl,黑色 品牌03 900 抽屉柜（带门式）,抽屉柜,品牌03,900,带门式,黑色,8*1*1,4,DK15D,简,收货,上架
LaYn1732Si,银色 品牌15 17英寸 笔记本电脑（32吉字节内存）,笔记本电脑,品牌15,17英寸,32吉字节内存,银色,16*1*1,9,BZ12F,约翰,收货,上架
LaSu15i7Si,银色 品牌11 15英寸 笔记本电脑（第7代处理器）,笔记本电脑,品牌11,15英寸,第7代处理器,银色,16*1*1,6,CR27D,克里斯,收货,上架
PeNa12HeBl,黑色 品牌23 12 铅笔（六角形）,铅笔,品牌23,12,六角形,黑色,48*10*5,235,AX72G,艾米丽,收货,上架
PeGi12WaPi,粉色 品牌21 12 铅笔（水彩）,铅笔,品牌21,12,水彩,粉色,48*10*5,1348,BV37G,大卫,收货,上架
AlPH14i7Si,银色 品牌12 14英寸 一体机（第7代处理器）,一体机,品牌12,14英寸,第7代处理器,银色,16*1*1,1,AM55A,艾米丽,收货,上架
PeNa24WaGr,灰色 品牌23 24 铅笔（水彩）,铅笔,品牌23,24,水彩,灰色,48*10*5,2387,AG66G,克里斯,收货,上架
PeNa12HeBl,黑色 品牌23 12 铅笔（六角形）,铅笔,品牌23,12,六角形,黑色,48*10*5,1403,AI46B,亚历克斯,收货,上架
DrWE12LoGr,灰色 品牌02 1200 抽屉柜（储物锁柜）,抽屉柜,品牌02,1200,储物锁柜,灰色,8*1*1,5,BU79D,约翰,收货,上架
NoGrA3liSi,银色 品牌18 三号纸 笔记本（线条）,笔记本,品牌18,三号纸,线条,银色,48*10*5,522,BV50D,克里斯,收货,上架
AlPH17i5Si,银色 品牌12 17英寸 一体机（第5代处理器）,一体机,品牌12,17英寸,第5代处理器,银色,16*1*1,6,CK82D,克里斯,收货,上架
CaTE12SlGr,灰色 品牌04 1200 文件柜（滑动式）,文件柜,品牌04,1200,滑动式,灰色,8*1*1,8,AF41C,艾米丽,收货,上架
PeRe50HeBl,黑色 品牌22 50 铅笔（六角形）,铅笔,品牌22,50,六角形,黑色,48*10*5,1660,DO02F,莎拉,收货,上架
PeGi50WaGr,灰色 品牌21 50 铅笔（水彩）,铅笔,品牌21,50,水彩,灰色,48*10*5,2146,CY90E,劳拉,收货,上架
AlRe14i7Si,银色 品牌14 14英寸 一体机（第7代处理器）,一体机,品牌14,14英寸,第7代处理器,银色,16*1*1,8,CK09G,约翰,收货,上架
AlPH1732Si,银色 品牌12 17英寸 一体机（32吉字节内存）,一体机,品牌12,17英寸,32吉字节内存,银色,16*1*1,3,BK65A,约翰,收货,上架
TVYn75S4Wh,白色 品牌15 75英寸 电视机（超级超高清）,电视机,品牌15,75英寸,超级超高清,白色,8*1*1,1,DY25C,迈克,收货,上架
PeNa12SoBl,黑色 品牌23 12 铅笔（可溶性）,铅笔,品牌23,12,可溶性,黑色,48*10*5,527,CK95C,艾米,收货,上架
SPAl50SoWh,白色 品牌20 50 触控笔（可溶性）,触控笔,品牌20,50,可溶性,白色,48*10*5,1875,DN27E,迈克,收货,上架
PeAl50WaBl,黑色 品牌20 50 铅笔（水彩）,铅笔,品牌20,50,水彩,黑色,48*10*5,996,BU76B,艾米,收货,上架
CaTE90LoGr,灰色 品牌04 900 文件柜（储物锁柜）,文件柜,品牌04,900,储物锁柜,灰色,8*1*1,6,CW28G,克里斯,收货,上架
TVEs42SFGr,灰色 品牌32 42英寸 电视机（超级全高清）,电视机,品牌32,42英寸,超级全高清,灰色,8*1*1,2,BX25H,迈克,收货,上架
TVEs32S4Bl,黑色 品牌32 32英寸 电视机（超级超高清）,电视机,品牌32,32英寸,超级超高清,黑色,8*1*1,3,AI94E,劳拉,收货,上架
PrPHA3LaWh,白色 品牌12 三号纸 打印机（激光）,打印机,品牌12,三号纸,激光,白色,16*1*1,1,BH67A,亚历克斯,收货,上架
CuRG90DoBl,黑色 品牌03 900 储物柜（带门式）,储物柜,品牌03,900,带门式,黑色,8*1*1,3,DM87C,简,收货,上架
MoHc27WiWh,白色 品牌09 270 鼠标（有线）,鼠标,品牌09,270,有线,白色,16*10*1,128,BK22E,艾米丽,收货,上架
NoGrA3liGr,灰色 品牌18 三号纸 笔记本（线条）,笔记本,品牌18,三号纸,线条,灰色,48*10*5,673,AH49F,迈克,收货,上架
TaAE18AuSi,银色 品牌05 1800 桌子（自动调节）,桌子,品牌05,1800,自动调节,银色,8*1*1,7,AV86H,大卫,收货,上架
CuRG18FiBl,黑色 品牌03 1800 储物柜（文件收纳）,储物柜,品牌03,1800,文件收纳,黑色,8*1*1,4,AR69D,约翰,收货,上架
AlYn17i7Gr,灰色 品牌15 17英寸 一体机（第7代处理器）,一体机,品牌15,17英寸,第7代处理器,灰色,16*1*1,4,DL21E,艾米丽,收货,上架
TaCI15AuSi,银色 品牌27 1500 桌子（自动调节）,桌子,品牌27,1500,自动调节,银色,8*1*1,6,AL47A,迈克,收货,上架
SPGi12SoBl,黑色 品牌21 12 触控笔（可溶性）,触控笔,品牌21,12,可溶性,黑色,48*10*5,1045,BK20E,艾米,收货,上架
MoPH35WiWh,白色 品牌12 350 鼠标（有线）,鼠标,品牌12,350,有线,白色,16*10*1,47,AP45D,莎拉,收货,上架
LaRe158GSi,银色 品牌14 15英寸 笔记本电脑（8吉字节内存）,笔记本电脑,品牌14,15英寸,8吉字节内存,银色,16*1*1,7,DR73B,大卫,收货,上架
GaAEMErGr,灰色 品牌05 中号 游戏椅（人体工学）,游戏椅,品牌05,中号,人体工学,灰色,16*1*1,15,AU82C,艾米,收货,上架
SPAl12WaPi,粉色 品牌20 12 触控笔（水彩）,触控笔,品牌20,12,水彩,粉色,48*10*5,1368,BS84B,劳拉,收货,上架
OfAEMErWh,白色 品牌05 中号 办公椅（人体工学）,办公椅,品牌05,中号,人体工学,白色,16*1*1,2,BW36D,大卫,收货,上架
DrTE12FiBl,黑色 品牌04 1200 抽屉柜（文件收纳）,抽屉柜,品牌04,1200,文件收纳,黑色,8*1*1,2,BT70C,艾米,收货,上架
KeSu27MeNa,藏青色 品牌11 270 键盘（机械式）,键盘,品牌11,270,机械式,藏青色,16*10*1,100,BQ77H,简,收货,上架
LaRe1716Gr,灰色 品牌14 17英寸 笔记本电脑（16吉字节内存）,笔记本电脑,品牌14,17英寸,16吉字节内存,灰色,16*1*1,2,DV42F,艾米,收货,上架
CuWE90DoBe,米色 品牌02 900 储物柜（带门式）,储物柜,品牌02,900,带门式,米色,8*1*1,3,CZ49A,莎拉,收货,上架
AlPH1432Wh,白色 品牌12 14英寸 一体机（32吉字节内存）,一体机,品牌12,14英寸,32吉字节内存,白色,16*1*1,1,BS42B,劳拉,收货,上架
SPRe24SoGr,灰色 品牌22 24 触控笔（可溶性）,触控笔,品牌22,24,可溶性,灰色,48*10*5,1541,BI59E,艾米丽,收货,上架
LaOv1532Bl,黑色 品牌13 15英寸 笔记本电脑（32吉字节内存）,笔记本电脑,品牌13,15英寸,32吉字节内存,黑色,16*1*1,1,BN87B,简,收货,上架
OfAELLeBl,黑色 品牌05 大号 办公椅（皮革）,办公椅,品牌05,大号,皮革,黑色,16*1*1,6,BJ51A,艾米,收货,上架
TaAE10WoGr,灰色 品牌05 1000 桌子（工作站）,桌子,品牌05,1000,工作站,灰色,8*1*1,8,CJ01F,约翰,收货,上架
PeGi50WaBl,黑色 品牌21 50 铅笔（水彩）,铅笔,品牌21,50,水彩,黑色,48*10*5,837,AX24D,莎拉,收货,上架
SPGi12SoBl,黑色 品牌21 12 触控笔（可溶性）,触控笔,品牌21,12,可溶性,黑色,48*10*5,2253,DZ86D,迈克,收货,上架
DrQE90FiWh,白色 品牌01 900 抽屉柜（文件收纳）,抽屉柜,品牌01,900,文件收纳,白色,8*1*1,5,DO68D,亚历克斯,收货,上架
LaYn158GWh,白色 品牌15 15英寸 笔记本电脑（8吉字节内存）,笔记本电脑,品牌15,15英寸,8吉字节内存,白色,16*1*1,16,AX24G,劳拉,收货,上架
LaOv158GSi,银色 品牌13 15英寸 笔记本电脑（8吉字节内存）,笔记本电脑,品牌13,15英寸,8吉字节内存,银色,16*1*1,16,BM72F,艾米,收货,上架
CuRG90LoBl,黑色 品牌03 900 储物柜（储物锁柜）,储物柜,品牌03,900,储物锁柜,黑色,8*1*1,5,BO97D,简,收货,上架
GaSESErBl,黑色 品牌08 小号 游戏椅（人体工学）,游戏椅,品牌08,小号,人体工学,黑色,16*1*1,7,BQ05F,约翰,收货,上架
NoMuA3ruBl,黑色 品牌19 三号纸 笔记本（横线）,笔记本,品牌19,三号纸,横线,黑色,48*10*5,1801,DF15G,艾米丽,收货,上架
TVEs65S4Si,银色 品牌32 65英寸 电视机（超级超高清）,电视机,品牌32,65英寸,超级超高清,银色,8*1*1,6,CG68D,迈克,收货,上架
PeAl24WaGr,灰色 品牌20 24 铅笔（水彩）,铅笔,品牌20,24,水彩,灰色,48*10*5,1613,CP22F,克里斯,收货,上架
DrQE12DoGr,灰色 品牌01 1200 抽屉柜（带门式）,抽屉柜,品牌01,1200,带门式,灰色,8*1*1,1,BS93A,艾米丽,收货,上架
MoSu27WiPi,粉色 品牌11 270 鼠标（有线）,鼠标,品牌11,270,有线,粉色,16*10*1,134,CF86F,克里斯,收货,上架
OfOGMAdBl,黑色 品牌07 中号 办公椅（可调节）,办公椅,品牌07,中号,可调节,黑色,16*1*1,3,BG17G,大卫,收货,上架
MoPH45BlNa,藏青色 品牌12 450 鼠标（蓝牙）,鼠标,品牌12,450,蓝牙,藏青色,16*10*1,32,AV30C,艾米丽,收货,上架
LaSu17i7Gr,灰色 品牌11 17英寸 笔记本电脑（第7代处理器）,笔记本电脑,品牌11,17英寸,第7代处理器,灰色,16*1*1,4,CU24C,艾米,收货,上架
CuRG90LoBl,黑色 品牌03 900 储物柜（储物锁柜）,储物柜,品牌03,900,储物锁柜,黑色,8*1*1,3,DW22B,亚历克斯,收货,上架
KeHc35ErBl,黑色 品牌09 350 键盘（人体工学）,键盘,品牌09,350,人体工学,黑色,16*10*1,41,DU09C,劳拉,收货,上架
AlRe158GGr,灰色 品牌14 15英寸 一体机（8吉字节内存）,一体机,品牌14,15英寸,8吉字节内存,灰色,16*1*1,6,DJ48A,简,收货,上架
CuTE18DoBe,米色 品牌04 1800 储物柜（带门式）,储物柜,品牌04,1800,带门式,米色,8*1*1,3,DY18B,亚历克斯,收货,上架
TaTR15AuGr,灰色 品牌28 1500 桌子（自动调节）,桌子,品牌28,1500,自动调节,灰色,8*1*1,1,AU67C,克里斯,收货,上架
DrTE12LoBe,米色 品牌04 1200 抽屉柜（储物锁柜）,抽屉柜,品牌04,1200,储物锁柜,米色,8*1*1,5,AV74H,艾米丽,收货,上架
KeRe35BlBl,黑色 品牌10 350 键盘（蓝牙）,键盘,品牌10,350,蓝牙,黑色,16*10*1,3,BI70B,简,收货,上架
TaAE15WoSi,银色 品牌05 1500 桌子（工作站）,桌子,品牌05,1500,工作站,银色,8*1*1,4,BM55A,约翰,收货,上架
CaQE90LoBe,米色 品牌01 900 文件柜（储物锁柜）,文件柜,品牌01,900,储物锁柜,米色,8*1*1,2,DH63G,亚历克斯,收货,上架
TaTR18AuSi,银色 品牌28 1800 桌子（自动调节）,桌子,品牌28,1800,自动调节,银色,8*1*1,1,BW01C,艾米,收货,上架
CuQE18SlGr,灰色 品牌01 1800 储物柜（滑动式）,储物柜,品牌01,1800,滑动式,灰色,8*1*1,5,AK03B,亚历克斯,收货,上架
SPRe24SoGr,灰色 品牌22 24 触控笔（可溶性）,触控笔,品牌22,24,可溶性,灰色,48*10*5,631,BW19B,艾米,收货,上架
KeSu35WiBl,黑色 品牌11 350 键盘（有线）,键盘,品牌11,350,有线,黑色,16*10*1,56,CW96G,劳拉,收货,上架
TaTR15AdBl,黑色 品牌28 1500 桌子（可调节）,桌子,品牌28,1500,可调节,黑色,8*1*1,6,DL90C,大卫,收货,上架
GaSELErWh,白色 品牌08 大号 游戏椅（人体工学）,游戏椅,品牌08,大号,人体工学,白色,16*1*1,9,BO62E,迈克,收货,上架
AlSu15i7Wh,白色 品牌11 15英寸 一体机（第7代处理器）,一体机,品牌11,15英寸,第7代处理器,白色,16*1*1,3,AR93B,劳拉,收货,上架
CaWE12LoBe,米色 品牌02 1200 文件柜（储物锁柜）,文件柜,品牌02,1200,储物锁柜,米色,8*1*1,8,CX45H,大卫,收货,上架
NoGrA4ruSi,银色 品牌18 四号纸 笔记本（横线）,笔记本,品牌18,四号纸,横线,银色,48*10*5,1795,DU13A,劳拉,收货,上架
CaTE12SlBl,黑色 品牌04 1200 文件柜（滑动式）,文件柜,品牌04,1200,滑动式,黑色,8*1*1,7,BN14F,大卫,收货,上架
TVEs32S4Gr,灰色 品牌32 32英寸 电视机（超级超高清）,电视机,品牌32,32英寸,超级超高清,灰色,8*1*1,1,CQ35B,莎拉,收货,上架
PrNoA2InBl,黑色 品牌26 二号纸 打印机（喷墨）,打印机,品牌26,二号纸,喷墨,黑色,16*1*1,2,AK34H,迈克,收货,上架
TVEs504KGr,灰色 品牌32 50英寸 电视机（超高清）,电视机,品牌32,50英寸,超高清,灰色,8*1*1,6,CQ65A,克里斯,收货,上架
PeGi12WaPi,粉色 品牌21 12 铅笔（水彩）,铅笔,品牌21,12,水彩,粉色,48*10*5,1734,BH53C,艾米丽,收货,上架
MoRe45MeBl,黑色 品牌10 450 鼠标（机械式）,鼠标,品牌10,450,机械式,黑色,16*10*1,78,CQ51C,克里斯,收货,上架
OfOGSAdGr,灰色 品牌07 小号 办公椅（可调节）,办公椅,品牌07,小号,可调节,灰色,16*1*1,15,CW94H,劳拉,收货,上架
SPAl12SoGr,灰色 品牌20 12 触控笔（可溶性）,触控笔,品牌20,12,可溶性,灰色,48*10*5,1028,BM41C,克里斯,收货,上架
CaRG18FiBl,黑色 品牌03 1800 文件柜（文件收纳）,文件柜,品牌03,1800,文件收纳,黑色,8*1*1,7,BX90E,劳拉,收货,上架
OfAESErPi,粉色 品牌05 小号 办公椅（人体工学）,办公椅,品牌05,小号,人体工学,粉色,16*1*1,13,CV61E,约翰,收货,上架
TaAE10FrSi,银色 品牌05 1000 桌子（框架式）,桌子,品牌05,1000,框架式,银色,8*1*1,6,BS51A,艾米丽,收货,上架
MoRe35MeBl,黑色 品牌10 350 鼠标（机械式）,鼠标,品牌10,350,机械式,黑色,16*10*1,117,AL93H,劳拉,收货,上架
DrTE90FiGr,灰色 品牌04 900 抽屉柜（文件收纳）,抽屉柜,品牌04,900,文件收纳,灰色,8*1*1,5,DN94A,迈克,收货,上架
TVYn42SFWh,白色 品牌15 42英寸 电视机（超级全高清）,电视机,品牌15,42英寸,超级全高清,白色,8*1*1,8,CN28G,莎拉,收货,上架
PrPHA4LaGr,灰色 品牌12 四号纸 打印机（激光）,打印机,品牌12,四号纸,激光,灰色,16*1*1,8,CM77A,亚历克斯,收货,上架
KeHc45ErWh,白色 品牌09 450 键盘（人体工学）,键盘,品牌09,450,人体工学,白色,16*10*1,24,BX02C,克里斯,收货,上架
PrReA2InMi,混合色 品牌24 二号纸 打印机（喷墨）,打印机,品牌24,二号纸,喷墨,混合色,16*1*1,3,CX44E,简,收货,上架
PeNa12WaBl,黑色 品牌23 12 铅笔（水彩）,铅笔,品牌23,12,水彩,黑色,48*10*5,239,CI89D,约翰,收货,上架
LaYn158GSi,银色 品牌15 15英寸 笔记本电脑（8吉字节内存）,笔记本电脑,品牌15,15英寸,8吉字节内存,银色,16*1*1,2,DY83F,亚历克斯,收货,上架
LaPH1532Si,银色 品牌12 15英寸 笔记本电脑（32吉字节内存）,笔记本电脑,品牌12,15英寸,32吉字节内存,银色,16*1*1,5,DF39B,劳拉,收货,上架
KeRe35BlWh,白色 品牌10 350 键盘（蓝牙）,键盘,品牌10,350,蓝牙,白色,16*10*1,129,BP34B,艾米丽,收货,上架
CaRG18DoGr,灰色 品牌03 1800 文件柜（带门式）,文件柜,品牌03,1800,带门式,灰色,8*1*1,1,DL68H,莎拉,收货,上架
CuQE18LoGr,灰色 品牌01 1800 储物柜（储物锁柜）,储物柜,品牌01,1800,储物锁柜,灰色,8*1*1,2,CH16H,亚历克斯,收货,上架
KeHc35BlWh,白色 品牌09 350 键盘（蓝牙）,键盘,品牌09,350,蓝牙,白色,16*10*1,90,AL32F,简,收货,上架
AlRe15i5Wh,白色 品牌14 15英寸 一体机（第5代处理器）,一体机,品牌14,15英寸,第5代处理器,白色,16*1*1,12,CS97A,大卫,收货,上架
PrNoA3WiBl,黑色 品牌26 三号纸 打印机（无线网络）,打印机,品牌26,三号纸,无线网络,黑色,16*1*1,5,CV91E,艾米,收货,上架
AlOv17i5Si,银色 品牌13 17英寸 一体机（第5代处理器）,一体机,品牌13,17英寸,第5代处理器,银色,16*1*1,7,DF36C,迈克,收货,上架
NoExA5ruWh,白色 品牌16 五号纸 笔记本（横线）,笔记本,品牌16,五号纸,横线,白色,48*10*5,2193,AH54D,艾米丽,收货,上架
TVEs504KSi,银色 品牌32 50英寸 电视机（超高清）,电视机,品牌32,50英寸,超高清,银色,8*1*1,5,BZ97E,简,收货,上架
OfXELErPi,粉色 品牌06 大号 办公椅（人体工学）,办公椅,品牌06,大号,人体工学,粉色,16*1*1,6,CR69B,艾米丽,收货,上架
PrPHA3InWh,白色 品牌12 三号纸 打印机（喷墨）,打印机,品牌12,三号纸,喷墨,白色,16*1*1,9,CO24F,莎拉,收货,上架
PrSoA3LaGr,灰色 品牌25 三号纸 打印机（激光）,打印机,品牌25,三号纸,激光,灰色,16*1*1,12,CT41G,艾米丽,收货,上架
KeSu45WiWh,白色 品牌11 450 键盘（有线）,键盘,品牌11,450,有线,白色,16*10*1,25,BN86B,亚历克斯,收货,上架
KeRe27WiNa,藏青色 品牌10 270 键盘（有线）,键盘,品牌10,270,有线,藏青色,16*10*1,106,DH11G,劳拉,收货,上架
AlSu14i7Wh,白色 品牌11 14英寸 一体机（第7代处理器）,一体机,品牌11,14英寸,第7代处理器,白色,16*1*1,9,AO92D,克里斯,收货,上架
LaOv178GSi,银色 品牌13 17英寸 笔记本电脑（8吉字节内存）,笔记本电脑,品牌13,17英寸,8吉字节内存,银色,16*1*1,6,CF48B,亚历克斯,收货,上架
LaPH1716Gr,灰色 品牌12 17英寸 笔记本电脑（16吉字节内存）,笔记本电脑,品牌12,17英寸,16吉字节内存,灰色,16*1*1,14,CQ11G,约翰,收货,上架
GaOGLLeGr,灰色 品牌07 大号 游戏椅（皮革）,游戏椅,品牌07,大号,皮革,灰色,16*1*1,1,DY18B,亚历克斯,收货,上架
TaAE18WoSi,银色 品牌05 1800 桌子（工作站）,桌子,品牌05,1800,工作站,银色,8*1*1,2,AN47F,艾米,收货,上架
CaRG18FiBe,米色 品牌03 1800 文件柜（文件收纳）,文件柜,品牌03,1800,文件收纳,米色,8*1*1,2,CR58G,克里斯,收货,上架
DrQE12FiBe,米色 品牌01 1200 抽屉柜（文件收纳）,抽屉柜,品牌01,1200,文件收纳,米色,8*1*1,7,CQ70F,劳拉,收货,上架
LaYn1432Bl,黑色 品牌15 14英寸 笔记本电脑（32吉字节内存）,笔记本电脑,品牌15,14英寸,32吉字节内存,黑色,16*1*1,2,CF71H,大卫,收货,上架
MoPH35ErPi,粉色 品牌12 350 鼠标（人体工学）,鼠标,品牌12,350,人体工学,粉色,16*10*1,144,AP42B,克里斯,收货,上架
TaCI18AuWh,白色 品牌27 1800 桌子（自动调节）,桌子,品牌27,1800,自动调节,白色,8*1*1,7,CZ02D,克里斯,收货,上架
CaQE12FiBe,米色 品牌01 1200 文件柜（文件收纳）,文件柜,品牌01,1200,文件收纳,米色,8*1*1,6,BR45F,莎拉,收货,上架
GaAELErBl,黑色 品牌05 大号 游戏椅（人体工学）,游戏椅,品牌05,大号,人体工学,黑色,16*1*1,2,AU93A,亚历克斯,收货,上架
OfAEMAdPi,粉色 品牌05 中号 办公椅（可调节）,办公椅,品牌05,中号,可调节,粉色,16*1*1,8,BW08A,莎拉,收货,上架
AlOv178GSi,银色 品牌13 17英寸 一体机（8吉字节内存）,一体机,品牌13,17英寸,8吉字节内存,银色,16*1*1,12,AR68B,克里斯,收货,上架
LaOv1516Gr,灰色 品牌13 15英寸 笔记本电脑（16吉字节内存）,笔记本电脑,品牌13,15英寸,16吉字节内存,灰色,16*1*1,5,DS79E,莎拉,收货,上架
SPGi12SoPi,粉色 品牌21 12 触控笔（可溶性）,触控笔,品牌21,12,可溶性,粉色,48*10*5,1170,AP36H,劳拉,收货,上架
GaXEMErWh,白色 品牌06 中号 游戏椅（人体工学）,游戏椅,品牌06,中号,人体工学,白色,16*1*1,12,AG57H,亚历克斯,收货,上架
MoHc27BlBl,黑色 品牌09 270 鼠标（蓝牙）,鼠标,品牌09,270,蓝牙,黑色,16*10*1,21,DJ47E,大卫,收货,上架
OfSELHeWh,白色 品牌08 大号 办公椅（头枕）,办公椅,品牌08,大号,头枕,白色,16*1*1,10,CH31C,艾米丽,收货,上架
GaXELHeWh,白色 品牌06 大号 游戏椅（头枕）,游戏椅,品牌06,大号,头枕,白色,16*1*1,7,BX63F,艾米,收货,上架
OfSESHeBl,黑色 品牌08 小号 办公椅（头枕）,办公椅,品牌08,小号,头枕,黑色,16*1*1,14,DS19A,克里斯,收货,上架
MoPH35WiPi,粉色 品牌12 350 鼠标（有线）,鼠标,品牌12,350,有线,粉色,16*10*1,104,DN40B,克里斯,收货,上架
PeAl12HeBl,黑色 品牌20 12 铅笔（六角形）,铅笔,品牌20,12,六角形,黑色,48*10*5,2023,CR74F,迈克,收货,上架
TVEs65SFWh,白色 品牌32 65英寸 电视机（超级全高清）,电视机,品牌32,65英寸,超级全高清,白色,8*1*1,3,DR69C,简,收货,上架
KePH27ErNa,藏青色 品牌12 270 键盘（人体工学）,键盘,品牌12,270,人体工学,藏青色,16*10*1,130,BX53F,大卫,收货,上架
AlPH14i5Gr,灰色 品牌12 14英寸 一体机（第5代处理器）,一体机,品牌12,14英寸,第5代处理器,灰色,16*1*1,6,CN19F,大卫,收货,上架
DrQE12DoBl,黑色 品牌01 1200 抽屉柜（带门式）,抽屉柜,品牌01,1200,带门式,黑色,8*1*1,2,DV04H,大卫,收货,上架
GaXEMAdWh,白色 品牌06 中号 游戏椅（可调节）,游戏椅,品牌06,中号,可调节,白色,16*1*1,11,AG48F,简,收货,上架
LaPH1416Bl,黑色 品牌12 14英寸 笔记本电脑（16吉字节内存）,笔记本电脑,品牌12,14英寸,16吉字节内存,黑色,16*1*1,13,CV77H,简,收货,上架
TVGL754KBl,黑色 品牌31 75英寸 电视机（超高清）,电视机,品牌31,75英寸,超高清,黑色,8*1*1,3,DT65H,艾米,收货,上架
GaAELAdWh,白色 品牌05 大号 游戏椅（可调节）,游戏椅,品牌05,大号,可调节,白色,16*1*1,5,AW13B,简,收货,上架
MoRe35ErNa,藏青色 品牌10 350 鼠标（人体工学）,鼠标,品牌10,350,人体工学,藏青色,16*10*1,152,DV97A,艾米,收货,上架
MoPH45BlNa,藏青色 品牌12 450 鼠标（蓝牙）,鼠标,品牌12,450,蓝牙,藏青色,16*10*1,12,AV59F,劳拉,收货,上架
NoExA5ruGr,灰色 品牌16 五号纸 笔记本（横线）,笔记本,品牌16,五号纸,横线,灰色,48*10*5,987,BP16B,劳拉,收货,上架
TVEs754KSi,银色 品牌32 75英寸 电视机（超高清）,电视机,品牌32,75英寸,超高清,银色,8*1*1,2,AG39G,简,收货,上架
GaSELAdBl,黑色 品牌08 大号 游戏椅（可调节）,游戏椅,品牌08,大号,可调节,黑色,16*1*1,10,BK91D,艾米,收货,上架
AlYn17i5Gr,灰色 品牌15 17英寸 一体机（第5代处理器）,一体机,品牌15,17英寸,第5代处理器,灰色,16*1*1,11,DX10B,亚历克斯,收货,上架
GaOGSLeWh,白色 品牌07 小号 游戏椅（皮革）,游戏椅,品牌07,小号,皮革,白色,16*1*1,4,CH06F,克里斯,收货,上架
TVEs65S4Si,银色 品牌32 65英寸 电视机（超级超高清）,电视机,品牌32,65英寸,超级超高清,银色,8*1*1,4,DR77E,艾米丽,收货,上架
CuTE18SlWh,白色 品牌04 1800 储物柜（滑动式）,储物柜,品牌04,1800,滑动式,白色,8*1*1,6,AU94C,莎拉,收货,上架
PeAl12HeWh,白色 品牌20 12 铅笔（六角形）,铅笔,品牌20,12,六角形,白色,48*10*5,1772,AF83B,简,收货,上架
LaSu17i5Bl,黑色 品牌11 17英寸 笔记本电脑（第5代处理器）,笔记本电脑,品牌11,17英寸,第5代处理器,黑色,16*1*1,7,CZ36A,艾米丽,收货,上架
SPGi24WaWh,白色 品牌21 24 触控笔（水彩）,触控笔,品牌21,24,水彩,白色,48*10*5,1249,AN18E,大卫,收货,上架
CaQE18LoBe,米色 品牌01 1800 文件柜（储物锁柜）,文件柜,品牌01,1800,储物锁柜,米色,8*1*1,5,DR28C,艾米,收货,上架
SPAl24WaBl,黑色 品牌20 24 触控笔（水彩）,触控笔,品牌20,24,水彩,黑色,48*10*5,1301,DU13A,莎拉,收货,上架
TVGn75S4Gr,灰色 品牌30 75英寸 电视机（超级超高清）,电视机,品牌30,75英寸,超级超高清,灰色,8*1*1,4,BO28A,大卫,收货,上架
PeRe50WaWh,白色 品牌22 50 铅笔（水彩）,铅笔,品牌22,50,水彩,白色,48*10*5,1804,BT20H,迈克,收货,上架
MoHc35BlBl,黑色 品牌09 350 鼠标（蓝牙）,鼠标,品牌09,350,蓝牙,黑色,16*10*1,107,AR33E,艾米,收货,上架
NoGrA3ruSi,银色 品牌18 三号纸 笔记本（横线）,笔记本,品牌18,三号纸,横线,银色,48*10*5,248,BV94G,大卫,收货,上架
GaOGLAdWh,白色 品牌07 大号 游戏椅（可调节）,游戏椅,品牌07,大号,可调节,白色,16*1*1,2,DS32F,大卫,收货,上架
AlPH1516Wh,白色 品牌12 15英寸 一体机（16吉字节内存）,一体机,品牌12,15英寸,16吉字节内存,白色,16*1*1,10,AZ15B,迈克,收货,上架
CaRG12DoBl,黑色 品牌03 1200 文件柜（带门式）,文件柜,品牌03,1200,带门式,黑色,8*1*1,7,AZ16B,简,收货,上架
CaWE90SlWh,白色 品牌02 900 文件柜（滑动式）,文件柜,品牌02,900,滑动式,白色,8*1*1,8,DF94D,克里斯,收货,上架
PeNa12HePi,粉色 品牌23 12 铅笔（六角形）,铅笔,品牌23,12,六角形,粉色,48*10*5,459,CM49C,亚历克斯,收货,上架
SPAl24SoPi,粉色 品牌20 24 触控笔（可溶性）,触控笔,品牌20,24,可溶性,粉色,48*10*5,752,DJ42A,莎拉,收货,上架
AlSu158GGr,灰色 品牌11 15英寸 一体机（8吉字节内存）,一体机,品牌11,15英寸,8吉字节内存,灰色,16*1*1,8,AJ85E,迈克,收货,上架
CuRG18SlBe,米色 品牌03 1800 储物柜（滑动式）,储物柜,品牌03,1800,滑动式,米色,8*1*1,6,AR10A,莎拉,收货,上架
CaRG12SlGr,灰色 品牌03 1200 文件柜（滑动式）,文件柜,品牌03,1200,滑动式,灰色,8*1*1,5,CO40B,克里斯,收货,上架
LaOv15i5Si,银色 品牌13 15英寸 笔记本电脑（第5代处理器）,笔记本电脑,品牌13,15英寸,第5代处理器,银色,16*1*1,14,CX45A,艾米,收货,上架
KeRe35BlBl,黑色 品牌10 350 键盘（蓝牙）,键盘,品牌10,350,蓝牙,黑色,16*10*1,69,CZ61C,艾米,收货,上架
LaSu1516Gr,灰色 品牌11 15英寸 笔记本电脑（16吉字节内存）,笔记本电脑,品牌11,15英寸,16吉字节内存,灰色,16*1*1,3,BT19E,艾米,收货,上架
NoScA4ruBl,黑色 品牌17 四号纸 笔记本（横线）,笔记本,品牌17,四号纸,横线,黑色,48*10*5,2289,BO32B,克里斯,收货,上架
DrRG18DoBl,黑色 品牌03 1800 抽屉柜（带门式）,抽屉柜,品牌03,1800,带门式,黑色,8*1*1,2,BO87G,克里斯,收货,上架
PrReA3LaBl,黑色 品牌24 三号纸 打印机（激光）,打印机,品牌24,三号纸,激光,黑色,16*1*1,3,CY20F,艾米,收货,上架
KeSu27ErPi,粉色 品牌11 270 键盘（人体工学）,键盘,品牌11,270,人体工学,粉色,16*10*1,98,AK93F,约翰,收货,上架
NoGrA3liWh,白色 品牌18 三号纸 笔记本（线条）,笔记本,品牌18,三号纸,线条,白色,48*10*5,1619,AX37E,大卫,收货,上架
TaTR15FrBl,黑色 品牌29 1500 桌子（框架式）,桌子,品牌29,1500,框架式,黑色,8*1*1,7,DX94G,艾米丽,收货,上架
KePH45WiBl,黑色 品牌12 450 键盘（有线）,键盘,品牌12,450,有线,黑色,16*10*1,4,AZ02E,劳拉,收货,上架
TVGn32SFBl,黑色 品牌30 32英寸 电视机（超级全高清）,电视机,品牌30,32英寸,超级全高清,黑色,8*1*1,7,CO20A,简,收货,上架
CuQE18LoWh,白色 品牌01 1800 储物柜（储物锁柜）,储物柜,品牌01,1800,储物锁柜,白色,8*1*1,2,BM36C,约翰,收货,上架
OfSEMLeBl,黑色 品牌08 中号 办公椅（皮革）,办公椅,品牌08,中号,皮革,黑色,16*1*1,5,DI12F,简,收货,上架
AlOv17i5Bl,黑色 品牌13 17英寸 一体机（第5代处理器）,一体机,品牌13,17英寸,第5代处理器,黑色,16*1*1,12,CU55F,大卫,收货,上架
GaOGSLeWh,白色 品牌07 小号 游戏椅（皮革）,游戏椅,品牌07,小号,皮革,白色,16*1*1,5,AM56A,克里斯,收货,上架
CaRG12DoGr,灰色 品牌03 1200 文件柜（带门式）,文件柜,品牌03,1200,带门式,灰色,8*1*1,1,CV15F,大卫,收货,上架
SPNa24HeBl,黑色 品牌23 24 触控笔（六角形）,触控笔,品牌23,24,六角形,黑色,48*10*5,74,CX81C,大卫,收货,上架
AlPH1516Gr,灰色 品牌12 15英寸 一体机（16吉字节内存）,一体机,品牌12,15英寸,16吉字节内存,灰色,16*1*1,14,AW60D,简,收货,上架
PrPHA3AlGr,灰色 品牌12 三号纸 打印机（一体式）,打印机,品牌12,三号纸,一体式,灰色,16*1*1,3,BK70E,艾米丽,收货,上架
AlOv17i7Wh,白色 品牌13 17英寸 一体机（第7代处理器）,一体机,品牌13,17英寸,第7代处理器,白色,16*1*1,1,DZ77A,迈克,收货,上架
LaRe178GWh,白色 品牌14 17英寸 笔记本电脑（8吉字节内存）,笔记本电脑,品牌14,17英寸,8吉字节内存,白色,16*1*1,3,AW41E,迈克,收货,上架
LaRe14i5Bl,黑色 品牌14 14英寸 笔记本电脑（第5代处理器）,笔记本电脑,品牌14,14英寸,第5代处理器,黑色,16*1*1,2,BU37H,克里斯,收货,上架
CaTE18FiGr,灰色 品牌04 1800 文件柜（文件收纳）,文件柜,品牌04,1800,文件收纳,灰色,8*1*1,3,AU87H,莎拉,收货,上架
TaAE15AuBl,黑色 品牌05 1500 桌子（自动调节）,桌子,品牌05,1500,自动调节,黑色,8*1*1,8,AO61G,艾米丽,收货,上架
LaSu1516Wh,白色 品牌11 15英寸 笔记本电脑（16吉字节内存）,笔记本电脑,品牌11,15英寸,16吉字节内存,白色,16*1*1,13,AH89B,克里斯,收货,上架
MoHc27ErNa,藏青色 品牌09 270 鼠标（人体工学）,鼠标,品牌09,270,人体工学,藏青色,16*10*1,40,BT86C,约翰,收货,上架
OfSEMLeGr,灰色 品牌08 中号 办公椅（皮革）,办公椅,品牌08,中号,皮革,灰色,16*1*1,4,AG30F,迈克,收货,上架
CaQE12FiBe,米色 品牌01 1200 文件柜（文件收纳）,文件柜,品牌01,1200,文件收纳,米色,8*1*1,1,CS96F,艾米,收货,上架
CuTE90DoBl,黑色 品牌04 900 储物柜（带门式）,储物柜,品牌04,900,带门式,黑色,8*1*1,2,BY72B,约翰,收货,上架
GaOGMLePi,粉色 品牌07 中号 游戏椅（皮革）,游戏椅,品牌07,中号,皮革,粉色,16*1*1,5,AK53H,莎拉,收货,上架
OfAESLeGr,灰色 品牌05 小号 办公椅（皮革）,办公椅,品牌05,小号,皮革,灰色,16*1*1,9,BF28F,克里斯,收货,上架
SPNa50HeGr,灰色 品牌23 50 触控笔（六角形）,触控笔,品牌23,50,六角形,灰色,48*10*5,1860,BU70F,艾米,收货,上架
DrQE90DoBe,米色 品牌01 900 抽屉柜（带门式）,抽屉柜,品牌01,900,带门式,米色,8*1*1,8,DI70D,约翰,收货,上架
LaOv14i7Gr,灰色 品牌13 14英寸 笔记本电脑（第7代处理器）,笔记本电脑,品牌13,14英寸,第7代处理器,灰色,16*1*1,4,CP21A,克里斯,收货,上架
KeRe35MeWh,白色 品牌10 350 键盘（机械式）,键盘,品牌10,350,机械式,白色,16*10*1,107,DT65G,艾米,收货,上架
PrNoA4MoGr,灰色 品牌26 四号纸 打印机（黑白）,打印机,品牌26,四号纸,黑白,灰色,16*1*1,8,BV70A,迈克,收货,上架
TVYn32S4Bl,黑色 品牌15 32英寸 电视机（超级超高清）,电视机,品牌15,32英寸,超级超高清,黑色,8*1*1,1,AN64H,莎拉,收货,上架
GaXELLePi,粉色 品牌06 大号 游戏椅（皮革）,游戏椅,品牌06,大号,皮革,粉色,16*1*1,8,CO30G,艾米丽,收货,上架
LaPH148GSi,银色 品牌12 14英寸 笔记本电脑（8吉字节内存）,笔记本电脑,品牌12,14英寸,8吉字节内存,银色,16*1*1,12,AF67D,克里斯,收货,上架
AlPH1716Gr,灰色 品牌12 17英寸 一体机（16吉字节内存）,一体机,品牌12,17英寸,16吉字节内存,灰色,16*1*1,6,DM79H,简,收货,上架
CaTE18SlGr,灰色 品牌04 1800 文件柜（滑动式）,文件柜,品牌04,1800,滑动式,灰色,8*1*1,4,DM18E,约翰,收货,上架
PeGi50HeWh,白色 品牌21 50 铅笔（六角形）,铅笔,品牌21,50,六角形,白色,48*10*5,1278,CY55H,大卫,收货,上架
LaYn15i7Bl,黑色 品牌15 15英寸 笔记本电脑（第7代处理器）,笔记本电脑,品牌15,15英寸,第7代处理器,黑色,16*1*1,5,AL42E,劳拉,收货,上架
LaRe158GWh,白色 品牌14 15英寸 笔记本电脑（8吉字节内存）,笔记本电脑,品牌14,15英寸,8吉字节内存,白色,16*1*1,8,BV23G,简,收货,上架
GaAEMAdWh,白色 品牌05 中号 游戏椅（可调节）,游戏椅,品牌05,中号,可调节,白色,16*1*1,6,AZ32D,大卫,收货,上架
NoMuA5doWh,白色 品牌19 五号纸 笔记本（点阵）,笔记本,品牌19,五号纸,点阵,白色,48*10*5,2038,DG12G,克里斯,收货,上架
GaOGSErBl,黑色 品牌07 小号 游戏椅（人体工学）,游戏椅,品牌07,小号,人体工学,黑色,16*1*1,5,CU69B,艾米,收货,上架
PrNoA3LaGr,灰色 品牌26 三号纸 打印机（激光）,打印机,品牌26,三号纸,激光,灰色,16*1*1,3,AL68D,大卫,收货,上架
OfXEMErGr,灰色 品牌06 中号 办公椅（人体工学）,办公椅,品牌06,中号,人体工学,灰色,16*1*1,11,DF89D,迈克,收货,上架
SPGi24WaGr,灰色 品牌21 24 触控笔（水彩）,触控笔,品牌21,24,水彩,灰色,48*10*5,128,AS29A,莎拉,收货,上架
TaCI18FrGr,灰色 品牌27 1800 桌子（框架式）,桌子,品牌27,1800,框架式,灰色,8*1*1,1,DI35F,莎拉,收货,上架
CuTE18SlBl,黑色 品牌04 1800 储物柜（滑动式）,储物柜,品牌04,1800,滑动式,黑色,8*1*1,3,DL01D,亚历克斯,收货,上架
SPRe12SoBl,黑色 品牌22 12 触控笔（可溶性）,触控笔,品牌22,12,可溶性,黑色,48*10*5,778,DY12D,克里斯,收货,上架
LaYn148GBl,黑色 品牌15 14英寸 笔记本电脑（8吉字节内存）,笔记本电脑,品牌15,14英寸,8吉字节内存,黑色,16*1*1,3,BQ65A,大卫,收货,上架
TaTR15WoGr,灰色 品牌28 1500 桌子（工作站）,桌子,品牌28,1500,工作站,灰色,8*1*1,3,BW56B,大卫,收货,上架
MoRe45ErNa,藏青色 品牌10 450 鼠标（人体工学）,鼠标,品牌10,450,人体工学,藏青色,16*10*1,43,AG86G,克里斯,收货,上架
SPNa12HePi,粉色 品牌23 12 触控笔（六角形）,触控笔,品牌23,12,六角形,粉色,48*10*5,1946,AS70A,亚历克斯,收货,上架
DrTE90LoWh,白色 品牌04 900 抽屉柜（储物锁柜）,抽屉柜,品牌04,900,储物锁柜,白色,8*1*1,2,BU77G,劳拉,收货,上架
PrNoA4InGr,灰色 品牌26 四号纸 打印机（喷墨）,打印机,品牌26,四号纸,喷墨,灰色,16*1*1,7,BG70H,约翰,收货,上架
CaQE18LoBe,米色 品牌01 1800 文件柜（储物锁柜）,文件柜,品牌01,1800,储物锁柜,米色,8*1*1,7,CI54B,约翰,收货,上架
PeRe50SoGr,灰色 品牌22 50 铅笔（可溶性）,铅笔,品牌22,50,可溶性,灰色,48*10*5,18,AU72G,简,收货,上架
AlOv158GGr,灰色 品牌13 15英寸 一体机（8吉字节内存）,一体机,品牌13,15英寸,8吉字节内存,灰色,16*1*1,12,CZ69H,迈克,收货,上架
LaRe178GSi,银色 品牌14 17英寸 笔记本电脑（8吉字节内存）,笔记本电脑,品牌14,17英寸,8吉字节内存,银色,16*1*1,8,CO14C,简,收货,上架
AlRe1432Si,银色 品牌14 14英寸 一体机（32吉字节内存）,一体机,品牌14,14英寸,32吉字节内存,银色,16*1*1,11,DI91G,克里斯,收货,上架
CuRG12DoBe,米色 品牌03 1200 储物柜（带门式）,储物柜,品牌03,1200,带门式,米色,8*1*1,7,AQ49E,莎拉,收货,上架
OfAEMLeBl,黑色 品牌05 中号 办公椅（皮革）,办公椅,品牌05,中号,皮革,黑色,16*1*1,13,DG27A,莎拉,收货,上架
CaWE12DoWh,白色 品牌02 1200 文件柜（带门式）,文件柜,品牌02,1200,带门式,白色,8*1*1,6,BZ56H,艾米丽,收货,上架
AlRe148GGr,灰色 品牌14 14英寸 一体机（8吉字节内存）,一体机,品牌14,14英寸,8吉字节内存,灰色,16*1*1,13,DJ27F,亚历克斯,收货,上架
PrPHA4InBl,黑色 品牌12 四号纸 打印机（喷墨）,打印机,品牌12,四号纸,喷墨,黑色,16*1*1,5,CO59G,艾米,收货,上架
LaOv1416Wh,白色 品牌13 14英寸 笔记本电脑（16吉字节内存）,笔记本电脑,品牌13,14英寸,16吉字节内存,白色,16*1*1,5,AR47A,莎拉,收货,上架
KeRe45BlNa,藏青色 品牌10 450 键盘（蓝牙）,键盘,品牌10,450,蓝牙,藏青色,16*10*1,56,DZ71D,莎拉,收货,上架
LaOv15i5Si,银色 品牌13 15英寸 笔记本电脑（第5代处理器）,笔记本电脑,品牌13,15英寸,第5代处理器,银色,16*1*1,1,DY24D,约翰,收货,上架
CuQE18FiBe,米色 品牌01 1800 储物柜（文件收纳）,储物柜,品牌01,1800,文件收纳,米色,8*1*1,3,BO48F,莎拉,收货,上架
NoScA4doSi,银色 品牌17 四号纸 笔记本（点阵）,笔记本,品牌17,四号纸,点阵,银色,48*10*5,1542,AX16F,大卫,收货,上架
CaRG90LoGr,灰色 品牌03 900 文件柜（储物锁柜）,文件柜,品牌03,900,储物锁柜,灰色,8*1*1,8,CM17B,大卫,收货,上架
GaSEMHePi,粉色 品牌08 中号 游戏椅（头枕）,游戏椅,品牌08,中号,头枕,粉色,16*1*1,1,AX93A,大卫,收货,上架
PrSoA4InMi,混合色 品牌25 四号纸 打印机（喷墨）,打印机,品牌25,四号纸,喷墨,混合色,16*1*1,6,DI53B,约翰,收货,上架
TVGL65SFBl,黑色 品牌31 65英寸 电视机（超级全高清）,电视机,品牌31,65英寸,超级全高清,黑色,8*1*1,6,AK19H,劳拉,收货,上架
PeNa12WaBl,黑色 品牌23 12 铅笔（水彩）,铅笔,品牌23,12,水彩,黑色,48*10*5,1439,DU51C,迈克,收货,上架
SPNa12WaBl,黑色 品牌23 12 触控笔（水彩）,触控笔,品牌23,12,水彩,黑色,48*10*5,1046,BL91D,迈克,收货,上架
TVGL65SFBl,黑色 品牌31 65英寸 电视机（超级全高清）,电视机,品牌31,65英寸,超级全高清,黑色,8*1*1,6,DF36B,劳拉,收货,上架
MoHc45ErBl,黑色 品牌09 450 鼠标（人体工学）,鼠标,品牌09,450,人体工学,黑色,16*10*1,143,DP12A,约翰,收货,上架
LaOv158GBl,黑色 品牌13 15英寸 笔记本电脑（8吉字节内存）,笔记本电脑,品牌13,15英寸,8吉字节内存,黑色,16*1*1,4,DF62H,艾米,收货,上架
AlOv178GBl,黑色 品牌13 17英寸 一体机（8吉字节内存）,一体机,品牌13,17英寸,8吉字节内存,黑色,16*1*1,2,BT28H,迈克,收货,上架
MoRe35WiBl,黑色 品牌10 350 鼠标（有线）,鼠标,品牌10,350,有线,黑色,16*10*1,10,CT31F,克里斯,收货,上架
CaRG12SlWh,白色 品牌03 1200 文件柜（滑动式）,文件柜,品牌03,1200,滑动式,白色,8*1*1,6,DQ05D,迈克,收货,上架
CuRG18SlBe,米色 品牌03 1800 储物柜（滑动式）,储物柜,品牌03,1800,滑动式,米色,8*1*1,6,DX02A,大卫,收货,上架
CaTE18LoBl,黑色 品牌04 1800 文件柜（储物锁柜）,文件柜,品牌04,1800,储物锁柜,黑色,8*1*1,3,CZ36C,劳拉,收货,上架
NoGrA4ruWh,白色 品牌18 四号纸 笔记本（横线）,笔记本,品牌18,四号纸,横线,白色,48*10*5,819,DZ03A,莎拉,收货,上架
NoExA4doBl,黑色 品牌16 四号纸 笔记本（点阵）,笔记本,品牌16,四号纸,点阵,黑色,48*10*5,614,CL31D,克里斯,收货,上架
LaRe15i5Gr,灰色 品牌14 15英寸 笔记本电脑（第5代处理器）,笔记本电脑,品牌14,15英寸,第5代处理器,灰色,16*1*1,10,CY79E,克里斯,收货,上架
CaQE12LoGr,灰色 品牌01 1200 文件柜（储物锁柜）,文件柜,品牌01,1200,储物锁柜,灰色,8*1*1,2,DW85B,克里斯,收货,上架
SPAl12SoGr,灰色 品牌20 12 触控笔（可溶性）,触控笔,品牌20,12,可溶性,灰色,48*10*5,771,BM90A,莎拉,收货,上架
MoSu35WiPi,粉色 品牌11 350 鼠标（有线）,鼠标,品牌11,350,有线,粉色,16*10*1,127,BW61B,艾米丽,收货,上架
GaOGSAdWh,白色 品牌07 小号 游戏椅（可调节）,游戏椅,品牌07,小号,可调节,白色,16*1*1,11,DM30F,莎拉,收货,上架
DrTE12LoGr,灰色 品牌04 1200 抽屉柜（储物锁柜）,抽屉柜,品牌04,1200,储物锁柜,灰色,8*1*1,6,AV98F,艾米,收货,上架
CuWE90SlBl,黑色 品牌02 900 储物柜（滑动式）,储物柜,品牌02,900,滑动式,黑色,8*1*1,6,AN81D,劳拉,收货,上架
LaPH17i5Gr,灰色 品牌12 17英寸 笔记本电脑（第5代处理器）,笔记本电脑,品牌12,17英寸,第5代处理器,灰色,16*1*1,8,DS51G,莎拉,收货,上架
TaCI18AdSi,银色 品牌27 1800 桌子（可调节）,桌子,品牌27,1800,可调节,银色,8*1*1,5,BV77G,艾米丽,收货,上架
MoPH45WiBl,黑色 品牌12 450 鼠标（有线）,鼠标,品牌12,450,有线,黑色,16*10*1,160,BQ88C,劳拉,收货,上架
CuWE90FiWh,白色 品牌02 900 储物柜（文件收纳）,储物柜,品牌02,900,文件收纳,白色,8*1*1,1,BI79A,迈克,收货,上架
CuQE18FiBe,米色 品牌01 1800 储物柜（文件收纳）,储物柜,品牌01,1800,文件收纳,米色,8*1*1,8,BL52A,大卫,收货,上架
CaTE12DoBe,米色 品牌04 1200 文件柜（带门式）,文件柜,品牌04,1200,带门式,米色,8*1*1,8,CG57E,莎拉,收货,上架
KePH35ErWh,白色 品牌12 350 键盘（人体工学）,键盘,品牌12,350,人体工学,白色,16*10*1,56,CY92F,艾米丽,收货,上架
PrReA3AlGr,灰色 品牌24 三号纸 打印机（一体式）,打印机,品牌24,三号纸,一体式,灰色,16*1*1,7,BY42F,莎拉,收货,上架
NoMuA3liGr,灰色 品牌19 三号纸 笔记本（线条）,笔记本,品牌19,三号纸,线条,灰色,48*10*5,1812,CT96A,亚历克斯,收货,上架
KeSu27WiPi,粉色 品牌11 270 键盘（有线）,键盘,品牌11,270,有线,粉色,16*10*1,122,DL38F,莎拉,收货,上架
PrReA2InBl,黑色 品牌24 二号纸 打印机（喷墨）,打印机,品牌24,二号纸,喷墨,黑色,16*1*1,11,AZ18F,约翰,收货,上架
KeRe35MePi,粉色 品牌10 350 键盘（机械式）,键盘,品牌10,350,机械式,粉色,16*10*1,118,CK77E,劳拉,收货,上架
MoRe45WiWh,白色 品牌10 450 鼠标（有线）,鼠标,品牌10,450,有线,白色,16*10*1,43,DI70C,大卫,收货,上架
OfOGLAdWh,白色 品牌07 大号 办公椅（可调节）,办公椅,品牌07,大号,可调节,白色,16*1*1,15,CR91C,艾米,收货,上架
AlOv1716Wh,白色 品牌13 17英寸 一体机（16吉字节内存）,一体机,品牌13,17英寸,16吉字节内存,白色,16*1*1,6,DR08C,艾米,收货,上架
PrPHA3AlBl,黑色 品牌12 三号纸 打印机（一体式）,打印机,品牌12,三号纸,一体式,黑色,16*1*1,15,DH48D,莎拉,收货,上架
PrReA4LaGr,灰色 品牌24 四号纸 打印机（激光）,打印机,品牌24,四号纸,激光,灰色,16*1*1,5,CH38H,约翰,收货,上架
MoSu45MeWh,白色 品牌11 450 鼠标（机械式）,鼠标,品牌11,450,机械式,白色,16*10*1,10,CL97E,大卫,收货,上架
SPAl50SoBl,黑色 品牌20 50 触控笔（可溶性）,触控笔,品牌20,50,可溶性,黑色,48*10*5,533,AX24B,约翰,收货,上架
NoExA4ruBl,黑色 品牌16 四号纸 笔记本（横线）,笔记本,品牌16,四号纸,横线,黑色,48*10*5,806,BM03B,艾米丽,收货,上架
CuWE18LoBl,黑色 品牌02 1800 储物柜（储物锁柜）,储物柜,品牌02,1800,储物锁柜,黑色,8*1*1,1,DP59E,莎拉,收货,上架
PeGi50WaGr,灰色 品牌21 50 铅笔（水彩）,铅笔,品牌21,50,水彩,灰色,48*10*5,2038,BI28H,简,收货,上架
PrReA3LaBl,黑色 品牌24 三号纸 打印机（激光）,打印机,品牌24,三号纸,激光,黑色,16*1*1,4,AQ04C,迈克,收货,上架
CaRG18LoWh,白色 品牌03 1800 文件柜（储物锁柜）,文件柜,品牌03,1800,储物锁柜,白色,8*1*1,5,BU94H,约翰,收货,上架
PeAl12HePi,粉色 品牌20 12 铅笔（六角形）,铅笔,品牌20,12,六角形,粉色,48*10*5,2326,BO34D,亚历克斯,收货,上架
LaOv14i5Gr,灰色 品牌13 14英寸 笔记本电脑（第5代处理器）,笔记本电脑,品牌13,14英寸,第5代处理器,灰色,16*1*1,5,AT96C,艾米,收货,上架
CuRG90FiBe,米色 品牌03 900 储物柜（文件收纳）,储物柜,品牌03,900,文件收纳,米色,8*1*1,8,AS10H,大卫,收货,上架
LaSu15i7Si,银色 品牌11 15英寸 笔记本电脑（第7代处理器）,笔记本电脑,品牌11,15英寸,第7代处理器,银色,16*1*1,7,DP12E,迈克,收货,上架
AlSu1716Gr,灰色 品牌11 17英寸 一体机（16吉字节内存）,一体机,品牌11,17英寸,16吉字节内存,灰色,16*1*1,6,DZ89B,亚历克斯,收货,上架
KeSu27BlPi,粉色 品牌11 270 键盘（蓝牙）,键盘,品牌11,270,蓝牙,粉色,16*10*1,100,DI17B,克里斯,收货,上架
LaSu1432Gr,灰色 品牌11 14英寸 笔记本电脑（32吉字节内存）,笔记本电脑,品牌11,14英寸,32吉字节内存,灰色,16*1*1,12,BK56A,克里斯,收货,上架
TaCI10AuBl,黑色 品牌27 1000 桌子（自动调节）,桌子,品牌27,1000,自动调节,黑色,8*1*1,5,AN44D,艾米,收货,上架
KeRe45BlNa,藏青色 品牌10 450 键盘（蓝牙）,键盘,品牌10,450,蓝牙,藏青色,16*10*1,65,AW23E,大卫,收货,上架
AlYn1716Wh,白色 品牌15 17英寸 一体机（16吉字节内存）,一体机,品牌15,17英寸,16吉字节内存,白色,16*1*1,11,AP10G,迈克,收货,上架
PeGi24SoWh,白色 品牌21 24 铅笔（可溶性）,铅笔,品牌21,24,可溶性,白色,48*10*5,2223,CO13D,亚历克斯,收货,上架
MoPH27ErNa,藏青色 品牌12 270 鼠标（人体工学）,鼠标,品牌12,270,人体工学,藏青色,16*10*1,132,BY62B,迈克,收货,上架
SPNa24SoWh,白色 品牌23 24 触控笔（可溶性）,触控笔,品牌23,24,可溶性,白色,48*10*5,63,DZ75E,亚历克斯,收货,上架
CaQE90SlWh,白色 品牌01 900 文件柜（滑动式）,文件柜,品牌01,900,滑动式,白色,8*1*1,2,AH96D,劳拉,收货,上架
TaCI10AdGr,灰色 品牌27 1000 桌子（可调节）,桌子,品牌27,1000,可调节,灰色,8*1*1,4,CI09F,劳拉,收货,上架
AlOv1416Si,银色 品牌13 14英寸 一体机（16吉字节内存）,一体机,品牌13,14英寸,16吉字节内存,银色,16*1*1,3,DT83E,约翰,收货,上架
CuRG18FiGr,灰色 品牌03 1800 储物柜（文件收纳）,储物柜,品牌03,1800,文件收纳,灰色,8*1*1,4,CT21B,亚历克斯,收货,上架
DrRG12LoBe,米色 品牌03 1200 抽屉柜（储物锁柜）,抽屉柜,品牌03,1200,储物锁柜,米色,8*1*1,7,CZ75E,约翰,收货,上架
AlPH158GBl,黑色 品牌12 15英寸 一体机（8吉字节内存）,一体机,品牌12,15英寸,8吉字节内存,黑色,16*1*1,5,AV23H,迈克,收货,上架
CaWE12SlBl,黑色 品牌02 1200 文件柜（滑动式）,文件柜,品牌02,1200,滑动式,黑色,8*1*1,1,AQ05C,迈克,收货,上架
TVEs50SFWh,白色 品牌32 50英寸 电视机（超级全高清）,电视机,品牌32,50英寸,超级全高清,白色,8*1*1,7,CH29F,艾米丽,收货,上架
TVYn424KSi,银色 品牌15 42英寸 电视机（超高清）,电视机,品牌15,42英寸,超高清,银色,8*1*1,2,CZ63D,迈克,收货,上架
GaAESHeGr,灰色 品牌05 小号 游戏椅（头枕）,游戏椅,品牌05,小号,头枕,灰色,16*1*1,4,DF84A,劳拉,收货,上架
PrPHA2AlBl,黑色 品牌12 二号纸 打印机（一体式）,打印机,品牌12,二号纸,一体式,黑色,16*1*1,7,CW12H,约翰,收货,上架
PrReA2WiWh,白色 品牌24 二号纸 打印机（无线网络）,打印机,品牌24,二号纸,无线网络,白色,16*1*1,8,DX37B,莎拉,收货,上架
GaAELLeBl,黑色 品牌05 大号 游戏椅（皮革）,游戏椅,品牌05,大号,皮革,黑色,16*1*1,4,CJ17B,艾米,收货,上架
CuTE18DoBl,黑色 品牌04 1800 储物柜（带门式）,储物柜,品牌04,1800,带门式,黑色,8*1*1,1,CJ22C,约翰,收货,上架
CaTE18DoWh,白色 品牌04 1800 文件柜（带门式）,文件柜,品牌04,1800,带门式,白色,8*1*1,5,AY54E,大卫,收货,上架
TaAE15WoWh,白色 品牌05 1500 桌子（工作站）,桌子,品牌05,1500,工作站,白色,8*1*1,8,DU35C,亚历克斯,收货,上架
OfXELLeWh,白色 品牌06 大号 办公椅（皮革）,办公椅,品牌06,大号,皮革,白色,16*1*1,3,CH78H,大卫,收货,上架
CuRG18FiBe,米色 品牌03 1800 储物柜（文件收纳）,储物柜,品牌03,1800,文件收纳,米色,8*1*1,7,AS72D,亚历克斯,收货,上架
MoPH27MeBl,黑色 品牌12 270 鼠标（机械式）,鼠标,品牌12,270,机械式,黑色,16*10*1,124,BO80D,艾米,收货,上架
SPRe12HeBl,黑色 品牌22 12 触控笔（六角形）,触控笔,品牌22,12,六角形,黑色,48*10*5,466,CO95G,约翰,收货,上架
MoSu27BlWh,白色 品牌11 270 鼠标（蓝牙）,鼠标,品牌11,270,蓝牙,白色,16*10*1,125,DN47H,艾米丽,收货,上架
PrReA3MoGr,灰色 品牌24 三号纸 打印机（黑白）,打印机,品牌24,三号纸,黑白,灰色,16*1*1,10,AU56H,艾米丽,收货,上架
OfOGSErGr,灰色 品牌07 小号 办公椅（人体工学）,办公椅,品牌07,小号,人体工学,灰色,16*1*1,10,AS96F,艾米,收货,上架
KeHc45WiNa,藏青色 品牌09 450 键盘（有线）,键盘,品牌09,450,有线,藏青色,16*10*1,110,AR77A,迈克,收货,上架
MoSu27WiWh,白色 品牌11 270 鼠标（有线）,鼠标,品牌11,270,有线,白色,16*10*1,72,AI74F,简,收货,上架
PeRe12WaBl,黑色 品牌22 12 铅笔（水彩）,铅笔,品牌22,12,水彩,黑色,48*10*5,1020,BM30E,大卫,收货,上架
KeRe45MePi,粉色 品牌10 450 键盘（机械式）,键盘,品牌10,450,机械式,粉色,16*10*1,151,CS55H,艾米丽,收货,上架
CaQE90FiBl,黑色 品牌01 900 文件柜（文件收纳）,文件柜,品牌01,900,文件收纳,黑色,8*1*1,8,CX72F,大卫,收货,上架
TaAE10FrGr,灰色 品牌05 1000 桌子（框架式）,桌子,品牌05,1000,框架式,灰色,8*1*1,7,AR06B,迈克,收货,上架
AlPH15i5Bl,黑色 品牌12 15英寸 一体机（第5代处理器）,一体机,品牌12,15英寸,第5代处理器,黑色,16*1*1,16,BO81B,劳拉,收货,上架
MoSu35BlBl,黑色 品牌11 350 鼠标（蓝牙）,鼠标,品牌11,350,蓝牙,黑色,16*10*1,96,CI34C,艾米丽,收货,上架
DrQE90LoGr,灰色 品牌01 900 抽屉柜（储物锁柜）,抽屉柜,品牌01,900,储物锁柜,灰色,8*1*1,1,DX80F,艾米,收货,上架
CaQE90DoBl,黑色 品牌01 900 文件柜（带门式）,文件柜,品牌01,900,带门式,黑色,8*1*1,4,CU37H,艾米丽,收货,上架
DrRG12FiGr,灰色 品牌03 1200 抽屉柜（文件收纳）,抽屉柜,品牌03,1200,文件收纳,灰色,8*1*1,1,CY22A,艾米丽,收货,上架
NoScA3doBl,黑色 品牌17 三号纸 笔记本（点阵）,笔记本,品牌17,三号纸,点阵,黑色,48*10*5,1248,BR02E,约翰,收货,上架
CaQE90DoBe,米色 品牌01 900 文件柜（带门式）,文件柜,品牌01,900,带门式,米色,8*1*1,6,BI82G,亚历克斯,收货,上架
CuQE90LoBe,米色 品牌01 900 储物柜（储物锁柜）,储物柜,品牌01,900,储物锁柜,米色,8*1*1,2,CN77D,莎拉,收货,上架
OfOGLErBl,黑色 品牌07 大号 办公椅（人体工学）,办公椅,品牌07,大号,人体工学,黑色,16*1*1,2,BG84D,克里斯,收货,上架
DrRG12SlWh,白色 品牌03 1200 抽屉柜（滑动式）,抽屉柜,品牌03,1200,滑动式,白色,8*1*1,4,DP96F,大卫,收货,上架
CuQE12LoGr,灰色 品牌01 1200 储物柜（储物锁柜）,储物柜,品牌01,1200,储物锁柜,灰色,8*1*1,4,BT15E,简,收货,上架
TVGL50SFBl,黑色 品牌31 50英寸 电视机（超级全高清）,电视机,品牌31,50英寸,超级全高清,黑色,8*1*1,3,AQ11E,迈克,收货,上架
GaOGSLePi,粉色 品牌07 小号 游戏椅（皮革）,游戏椅,品牌07,小号,皮革,粉色,16*1*1,4,BR18G,克里斯,收货,上架
CuRG18FiWh,白色 品牌03 1800 储物柜（文件收纳）,储物柜,品牌03,1800,文件收纳,白色,8*1*1,7,BZ44B,艾米丽,收货,上架
TaAE18AdWh,白色 品牌05 1800 桌子（可调节）,桌子,品牌05,1800,可调节,白色,8*1*1,3,CV85G,艾米,收货,上架
PrSoA3AlGr,灰色 品牌25 三号纸 打印机（一体式）,打印机,品牌25,三号纸,一体式,灰色,16*1*1,11,AT81H,艾米,收货,上架
OfAESHeGr,灰色 品牌05 小号 办公椅（头枕）,办公椅,品牌05,小号,头枕,灰色,16*1*1,12,AH62F,约翰,收货,上架
NoMuA3ruWh,白色 品牌19 三号纸 笔记本（横线）,笔记本,品牌19,三号纸,横线,白色,48*10*5,1355,AK65F,克里斯,收货,上架
AlOv17i7Si,银色 品牌13 17英寸 一体机（第7代处理器）,一体机,品牌13,17英寸,第7代处理器,银色,16*1*1,4,CO59G,克里斯,收货,上架
MoPH35ErWh,白色 品牌12 350 鼠标（人体工学）,鼠标,品牌12,350,人体工学,白色,16*10*1,146,DT08D,大卫,收货,上架
OfSESHeWh,白色 品牌08 小号 办公椅（头枕）,办公椅,品牌08,小号,头枕,白色,16*1*1,3,BJ59C,莎拉,收货,上架
OfAELLeBl,黑色 品牌05 大号 办公椅（皮革）,办公椅,品牌05,大号,皮革,黑色,16*1*1,11,AP90C,劳拉,收货,上架
NoMuA3liBl,黑色 品牌19 三号纸 笔记本（线条）,笔记本,品牌19,三号纸,线条,黑色,48*10*5,1076,CJ79A,迈克,收货,上架
CuRG18FiBe,米色 品牌03 1800 储物柜（文件收纳）,储物柜,品牌03,1800,文件收纳,米色,8*1*1,8,AH15C,迈克,收货,上架
NoGrA4liWh,白色 品牌18 四号纸 笔记本（线条）,笔记本,品牌18,四号纸,线条,白色,48*10*5,510,DL57F,大卫,收货,上架
AlOv14i7Gr,灰色 品牌13 14英寸 一体机（第7代处理器）,一体机,品牌13,14英寸,第7代处理器,灰色,16*1*1,8,DX46A,亚历克斯,收货,上架
PeGi12SoWh,白色 品牌21 12 铅笔（可溶性）,铅笔,品牌21,12,可溶性,白色,48*10*5,1425,AM81C,约翰,收货,上架
GaAELLeGr,灰色 品牌05 大号 游戏椅（皮革）,游戏椅,品牌05,大号,皮革,灰色,16*1*1,13,BX42F,克里斯,收货,上架
TaTR10FrSi,银色 品牌28 1000 桌子（框架式）,桌子,品牌28,1000,框架式,银色,8*1*1,6,BR56C,艾米丽,收货,上架
TaCI10AdWh,白色 品牌27 1000 桌子（可调节）,桌子,品牌27,1000,可调节,白色,8*1*1,4,BG31C,克里斯,收货,上架
SPNa24HeGr,灰色 品牌23 24 触控笔（六角形）,触控笔,品牌23,24,六角形,灰色,48*10*5,25,CV48D,艾米,收货,上架
GaOGMAdPi,粉色 品牌07 中号 游戏椅（可调节）,游戏椅,品牌07,中号,可调节,粉色,16*1*1,15,CI60F,艾米,收货,上架
CuRG18LoBe,米色 品牌03 1800 储物柜（储物锁柜）,储物柜,品牌03,1800,储物锁柜,米色,8*1*1,2,AI09D,简,收货,上架
NoScA4doGr,灰色 品牌17 四号纸 笔记本（点阵）,笔记本,品牌17,四号纸,点阵,灰色,48*10*5,1221,BV60G,克里斯,收货,上架
NoMuA5liWh,白色 品牌19 五号纸 笔记本（线条）,笔记本,品牌19,五号纸,线条,白色,48*10*5,119,AI82H,亚历克斯,收货,上架
LaYn1532Si,银色 品牌15 15英寸 笔记本电脑（32吉字节内存）,笔记本电脑,品牌15,15英寸,32吉字节内存,银色,16*1*1,15,CX13E,亚历克斯,收货,上架
DrWE18SlGr,灰色 品牌02 1800 抽屉柜（滑动式）,抽屉柜,品牌02,1800,滑动式,灰色,8*1*1,7,BV37A,迈克,收货,上架
CaRG90FiGr,灰色 品牌03 900 文件柜（文件收纳）,文件柜,品牌03,900,文件收纳,灰色,8*1*1,3,AS75C,大卫,收货,上架
GaXESLePi,粉色 品牌06 小号 游戏椅（皮革）,游戏椅,品牌06,小号,皮革,粉色,16*1*1,16,BW39H,艾米丽,收货,上架
PeNa12HePi,粉色 品牌23 12 铅笔（六角形）,铅笔,品牌23,12,六角形,粉色,48*10*5,39,DQ52E,大卫,收货,上架
LaSu15i7Wh,白色 品牌11 15英寸 笔记本电脑（第7代处理器）,笔记本电脑,品牌11,15英寸,第7代处理器,白色,16*1*1,13,CU92E,艾米丽,收货,上架
PrNoA4LaGr,灰色 品牌26 四号纸 打印机（激光）,打印机,品牌26,四号纸,激光,灰色,16*1*1,15,BZ90B,艾米,收货,上架
AlRe148GSi,银色 品牌14 14英寸 一体机（8吉字节内存）,一体机,品牌14,14英寸,8吉字节内存,银色,16*1*1,16,BQ56G,简,收货,上架
TVGL65SFSi,银色 品牌31 65英寸 电视机（超级全高清）,电视机,品牌31,65英寸,超级全高清,银色,8*1*1,3,DS36C,艾米,收货,上架
PrSoA2MoWh,白色 品牌25 二号纸 打印机（黑白）,打印机,品牌25,二号纸,黑白,白色,16*1*1,15,BK21E,艾米,收货,上架
AlOv1716Gr,灰色 品牌13 17英寸 一体机（16吉字节内存）,一体机,品牌13,17英寸,16吉字节内存,灰色,16*1*1,6,AP25B,艾米,收货,上架
TVYn32FHGr,灰色 品牌15 32英寸 电视机（全高清）,电视机,品牌15,32英寸,全高清,灰色,8*1*1,7,CG34E,艾米,收货,上架
TVYn50SFBl,黑色 品牌15 50英寸 电视机（超级全高清）,电视机,品牌15,50英寸,超级全高清,黑色,8*1*1,2,BW02H,艾米,收货,上架
CaWE90SlWh,白色 品牌02 900 文件柜（滑动式）,文件柜,品牌02,900,滑动式,白色,8*1*1,1,DH93E,简,收货,上架
AlSu148GWh,白色 品牌11 14英寸 一体机（8吉字节内存）,一体机,品牌11,14英寸,8吉字节内存,白色,16*1*1,2,CK89C,劳拉,收货,上架
CuQE18LoBl,黑色 品牌01 1800 储物柜（储物锁柜）,储物柜,品牌01,1800,储物锁柜,黑色,8*1*1,1,BX42H,迈克,收货,上架
AlYn1732Wh,白色 品牌15 17英寸 一体机（32吉字节内存）,一体机,品牌15,17英寸,32吉字节内存,白色,16*1*1,14,AZ20C,简,收货,上架
SPNa12WaGr,灰色 品牌23 12 触控笔（水彩）,触控笔,品牌23,12,水彩,灰色,48*10*5,573,DP75C,简,收货,上架
SPNa50WaPi,粉色 品牌23 50 触控笔（水彩）,触控笔,品牌23,50,水彩,粉色,48*10*5,1616,BH46G,亚历克斯,收货,上架
LaOv148GBl,黑色 品牌13 14英寸 笔记本电脑（8吉字节内存）,笔记本电脑,品牌13,14英寸,8吉字节内存,黑色,16*1*1,8,CQ76A,莎拉,收货,上架
CaRG90LoGr,灰色 品牌03 900 文件柜（储物锁柜）,文件柜,品牌03,900,储物锁柜,灰色,8*1*1,4,CN62F,简,收货,上架
SPAl12WaGr,灰色 品牌20 12 触控笔（水彩）,触控笔,品牌20,12,水彩,灰色,48*10*5,151,BZ15G,劳拉,收货,上架
LaPH148GSi,银色 品牌12 14英寸 笔记本电脑（8吉字节内存）,笔记本电脑,品牌12,14英寸,8吉字节内存,银色,16*1*1,14,DH81G,迈克,收货,上架
TVGn75SFWh,白色 品牌30 75英寸 电视机（超级全高清）,电视机,品牌30,75英寸,超级全高清,白色,8*1*1,7,AJ31E,亚历克斯,收货,上架
LaRe15i7Si,银色 品牌14 15英寸 笔记本电脑（第7代处理器）,笔记本电脑,品牌14,15英寸,第7代处理器,银色,16*1*1,6,CV82A,莎拉,收货,上架
LaYn1532Wh,白色 品牌15 15英寸 笔记本电脑（32吉字节内存）,笔记本电脑,品牌15,15英寸,32吉字节内存,白色,16*1*1,1,AP95F,简,收货,上架
PeNa50SoBl,黑色 品牌23 50 铅笔（可溶性）,铅笔,品牌23,50,可溶性,黑色,48*10*5,1214,BN20C,亚历克斯,收货,上架
TVGn654KBl,黑色 品牌30 65英寸 电视机（超高清）,电视机,品牌30,65英寸,超高清,黑色,8*1*1,7,DV13C,莎拉,收货,上架
AlYn148GBl,黑色 品牌15 14英寸 一体机（8吉字节内存）,一体机,品牌15,14英寸,8吉字节内存,黑色,16*1*1,4,DR74B,艾米,收货,上架
TaTR10WoGr,灰色 品牌29 1000 桌子（工作站）,桌子,品牌29,1000,工作站,灰色,8*1*1,2,CX14F,亚历克斯,收货,上架
KePH27WiBl,黑色 品牌12 270 键盘（有线）,键盘,品牌12,270,有线,黑色,16*10*1,149,CU85C,艾米,收货,上架
GaXEMErBl,黑色 品牌06 中号 游戏椅（人体工学）,游戏椅,品牌06,中号,人体工学,黑色,16*1*1,9,CO86B,莎拉,收货,上架
AlOv1732Wh,白色 品牌13 17英寸 一体机（32吉字节内存）,一体机,品牌13,17英寸,32吉字节内存,白色,16*1*1,10,DO27F,简,收货,上架
TaAE15AdGr,灰色 品牌05 1500 桌子（可调节）,桌子,品牌05,1500,可调节,灰色,8*1*1,6,BL67C,克里斯,收货,上架
GaSESAdWh,白色 品牌08 小号 游戏椅（可调节）,游戏椅,品牌08,小号,可调节,白色,16*1*1,11,DS81E,劳拉,收货,上架
CuTE12LoWh,白色 品牌04 1200 储物柜（储物锁柜）,储物柜,品牌04,1200,储物锁柜,白色,8*1*1,4,CH02G,劳拉,收货,上架
GaOGMErGr,灰色 品牌07 中号 游戏椅（人体工学）,游戏椅,品牌07,中号,人体工学,灰色,16*1*1,2,CZ90E,迈克,收货,上架
DrRG12FiBl,黑色 品牌03 1200 抽屉柜（文件收纳）,抽屉柜,品牌03,1200,文件收纳,黑色,8*1*1,6,BW23H,艾米丽,收货,上架
NoScA5liSi,银色 品牌17 五号纸 笔记本（线条）,笔记本,品牌17,五号纸,线条,银色,48*10*5,2294,BM69D,艾米,收货,上架
TVYn32FHSi,银色 品牌15 32英寸 电视机（全高清）,电视机,品牌15,32英寸,全高清,银色,8*1*1,1,AJ33D,劳拉,收货,上架
PrSoA4LaBl,黑色 品牌25 四号纸 打印机（激光）,打印机,品牌25,四号纸,激光,黑色,16*1*1,9,CN88C,亚历克斯,收货,上架
TaAE15AuGr,灰色 品牌05 1500 桌子（自动调节）,桌子,品牌05,1500,自动调节,灰色,8*1*1,2,AX18C,艾米,收货,上架
NoMuA5ruSi,银色 品牌19 五号纸 笔记本（横线）,笔记本,品牌19,五号纸,横线,银色,48*10*5,2239,CR32H,简,收货,上架
OfOGMHeBl,黑色 品牌07 中号 办公椅（头枕）,办公椅,品牌07,中号,头枕,黑色,16*1*1,9,BL01H,大卫,收货,上架
PeGi24HeBl,黑色 品牌21 24 铅笔（六角形）,铅笔,品牌21,24,六角形,黑色,48*10*5,1665,CZ10H,劳拉,收货,上架
LaOv15i7Bl,黑色 品牌13 15英寸 笔记本电脑（第7代处理器）,笔记本电脑,品牌13,15英寸,第7代处理器,黑色,16*1*1,16,AP94G,亚历克斯,收货,上架
KeRe45MeWh,白色 品牌10 450 键盘（机械式）,键盘,品牌10,450,机械式,白色,16*10*1,63,CT21C,艾米,收货,上架
OfAELAdWh,白色 品牌05 大号 办公椅（可调节）,办公椅,品牌05,大号,可调节,白色,16*1*1,12,AS30F,艾米,收货,上架
CaQE90FiGr,灰色 品牌01 900 文件柜（文件收纳）,文件柜,品牌01,900,文件收纳,灰色,8*1*1,8,BY34F,约翰,收货,上架
OfAELLePi,粉色 品牌05 大号 办公椅（皮革）,办公椅,品牌05,大号,皮革,粉色,16*1*1,10,DM55E,莎拉,收货,上架
CuRG18FiBl,黑色 品牌03 1800 储物柜（文件收纳）,储物柜,品牌03,1800,文件收纳,黑色,8*1*1,3,DP88F,劳拉,收货,上架
PrNoA3MoWh,白色 品牌26 三号纸 打印机（黑白）,打印机,品牌26,三号纸,黑白,白色,16*1*1,8,AU10A,劳拉,收货,上架
MoHc35WiBl,黑色 品牌09 350 鼠标（有线）,鼠标,品牌09,350,有线,黑色,16*10*1,140,BM75C,克里斯,收货,上架
KeHc45BlPi,粉色 品牌09 450 键盘（蓝牙）,键盘,品牌09,450,蓝牙,粉色,16*10*1,25,CI41E,亚历克斯,收货,上架
CaTE12LoWh,白色 品牌04 1200 文件柜（储物锁柜）,文件柜,品牌04,1200,储物锁柜,白色,8*1*1,2,DM36D,简,收货,上架
TVEs32S4Bl,黑色 品牌32 32英寸 电视机（超级超高清）,电视机,品牌32,32英寸,超级超高清,黑色,8*1*1,7,BP91H,简,收货,上架
DrRG18SlWh,白色 品牌03 1800 抽屉柜（滑动式）,抽屉柜,品牌03,1800,滑动式,白色,8*1*1,6,AJ58H,亚历克斯,收货,上架
CaQE18LoBe,米色 品牌01 1800 文件柜（储物锁柜）,文件柜,品牌01,1800,储物锁柜,米色,8*1*1,7,BH09D,亚历克斯,收货,上架
LaSu1432Si,银色 品牌11 14英寸 笔记本电脑（32吉字节内存）,笔记本电脑,品牌11,14英寸,32吉字节内存,银色,16*1*1,14,CN27B,简,收货,上架
LaYn1716Si,银色 品牌15 17英寸 笔记本电脑（16吉字节内存）,笔记本电脑,品牌15,17英寸,16吉字节内存,银色,16*1*1,3,CQ21A,约翰,收货,上架
TaTR10AdWh,白色 品牌29 1000 桌子（可调节）,桌子,品牌29,1000,可调节,白色,8*1*1,6,AU60E,莎拉,收货,上架
AlSu1516Gr,灰色 品牌11 15英寸 一体机（16吉字节内存）,一体机,品牌11,15英寸,16吉字节内存,灰色,16*1*1,16,DQ07F,迈克,收货,上架
DrRG18SlWh,白色 品牌03 1800 抽屉柜（滑动式）,抽屉柜,品牌03,1800,滑动式,白色,8*1*1,3,DL18A,莎拉,收货,上架
DrRG12LoWh,白色 品牌03 1200 抽屉柜（储物锁柜）,抽屉柜,品牌03,1200,储物锁柜,白色,8*1*1,2,CX08A,艾米丽,收货,上架
KeSu45MeBl,黑色 品牌11 450 键盘（机械式）,键盘,品牌11,450,机械式,黑色,16*10*1,156,BU35F,莎拉,收货,上架
MoPH35BlNa,藏青色 品牌12 350 鼠标（蓝牙）,鼠标,品牌12,350,蓝牙,藏青色,16*10*1,156,BF98G,约翰,收货,上架
PeAl24WaBl,黑色 品牌20 24 铅笔（水彩）,铅笔,品牌20,24,水彩,黑色,48*10*5,1736,CT59G,劳拉,收货,上架
KeSu35MeNa,藏青色 品牌11 350 键盘（机械式）,键盘,品牌11,350,机械式,藏青色,16*10*1,73,BR35D,亚历克斯,收货,上架
AlRe178GWh,白色 品牌14 17英寸 一体机（8吉字节内存）,一体机,品牌14,17英寸,8吉字节内存,白色,16*1*1,13,DM30E,大卫,收货,上架
AlYn1532Gr,灰色 品牌15 15英寸 一体机（32吉字节内存）,一体机,品牌15,15英寸,32吉字节内存,灰色,16*1*1,7,DS37B,约翰,收货,上架
AlOv1716Wh,白色 品牌13 17英寸 一体机（16吉字节内存）,一体机,品牌13,17英寸,16吉字节内存,白色,16*1*1,14,AL53C,约翰,收货,上架
MoSu35ErBl,黑色 品牌11 350 鼠标（人体工学）,鼠标,品牌11,350,人体工学,黑色,16*10*1,54,AX11B,艾米,收货,上架
OfOGLErPi,粉色 品牌07 大号 办公椅（人体工学）,办公椅,品牌07,大号,人体工学,粉色,16*1*1,6,BJ92B,约翰,收货,上架
TVGL32FHBl,黑色 品牌31 32英寸 电视机（全高清）,电视机,品牌31,32英寸,全高清,黑色,8*1*1,6,CH16A,劳拉,收货,上架
PeRe24SoWh,白色 品牌22 24 铅笔（可溶性）,铅笔,品牌22,24,可溶性,白色,48*10*5,562,DQ92D,克里斯,收货,上架
NoExA4liSi,银色 品牌16 四号纸 笔记本（线条）,笔记本,品牌16,四号纸,线条,银色,48*10*5,2123,BL74H,大卫,收货,上架
MoPH35ErWh,白色 品牌12 350 鼠标（人体工学）,鼠标,品牌12,350,人体工学,白色,16*10*1,124,AN56E,迈克,收货,上架
CaWE18LoBe,米色 品牌02 1800 文件柜（储物锁柜）,文件柜,品牌02,1800,储物锁柜,米色,8*1*1,6,BM71G,约翰,收货,上架
LaRe14i7Bl,黑色 品牌14 14英寸 笔记本电脑（第7代处理器）,笔记本电脑,品牌14,14英寸,第7代处理器,黑色,16*1*1,6,BW12B,艾米,收货,上架
GaOGSHePi,粉色 品牌07 小号 游戏椅（头枕）,游戏椅,品牌07,小号,头枕,粉色,16*1*1,6,CI14H,劳拉,收货,上架
AlYn1416Wh,白色 品牌15 14英寸 一体机（16吉字节内存）,一体机,品牌15,14英寸,16吉字节内存,白色,16*1*1,6,AQ34D,大卫,收货,上架
TaTR15FrWh,白色 品牌29 1500 桌子（框架式）,桌子,品牌29,1500,框架式,白色,8*1*1,4,BR74F,约翰,收货,上架
TaTR18AuBl,黑色 品牌29 1800 桌子（自动调节）,桌子,品牌29,1800,自动调节,黑色,8*1*1,6,CK86A,简,收货,上架
MoRe45BlWh,白色 品牌10 450 鼠标（蓝牙）,鼠标,品牌10,450,蓝牙,白色,16*10*1,58,AW18D,约翰,收货,上架
CuRG18FiGr,灰色 品牌03 1800 储物柜（文件收纳）,储物柜,品牌03,1800,文件收纳,灰色,8*1*1,4,CQ20B,莎拉,收货,上架
TaTR15FrGr,灰色 品牌29 1500 桌子（框架式）,桌子,品牌29,1500,框架式,灰色,8*1*1,4,DR07D,克里斯,收货,上架
PrSoA2InGr,灰色 品牌25 二号纸 打印机（喷墨）,打印机,品牌25,二号纸,喷墨,灰色,16*1*1,4,AZ10D,劳拉,收货,上架
PrSoA4InMi,混合色 品牌25 四号纸 打印机（喷墨）,打印机,品牌25,四号纸,喷墨,混合色,16*1*1,5,DJ78F,莎拉,收货,上架
GaAESAdPi,粉色 品牌05 小号 游戏椅（可调节）,游戏椅,品牌05,小号,可调节,粉色,16*1*1,15,BK18D,大卫,收货,上架
AlOv178GSi,银色 品牌13 17英寸 一体机（8吉字节内存）,一体机,品牌13,17英寸,8吉字节内存,银色,16*1*1,2,DZ97A,约翰,收货,上架
MoPH27MeBl,黑色 品牌12 270 鼠标（机械式）,鼠标,品牌12,270,机械式,黑色,16*10*1,17,AG04C,劳拉,收货,上架
GaXEMLePi,粉色 品牌06 中号 游戏椅（皮革）,游戏椅,品牌06,中号,皮革,粉色,16*1*1,8,BI01H,大卫,收货,上架
GaXESHeGr,灰色 品牌06 小号 游戏椅（头枕）,游戏椅,品牌06,小号,头枕,灰色,16*1*1,14,AJ20D,艾米,收货,上架
SPNa12HeGr,灰色 品牌23 12 触控笔（六角形）,触控笔,品牌23,12,六角形,灰色,48*10*5,698,CO49C,克里斯,收货,上架
AlYn1516Bl,黑色 品牌15 15英寸 一体机（16吉字节内存）,一体机,品牌15,15英寸,16吉字节内存,黑色,16*1*1,11,BF96E,大卫,收货,上架
TaTR15WoBl,黑色 品牌29 1500 桌子（工作站）,桌子,品牌29,1500,工作站,黑色,8*1*1,7,DS70E,莎拉,收货,上架
NoExA4liSi,银色 品牌16 四号纸 笔记本（线条）,笔记本,品牌16,四号纸,线条,银色,48*10*5,1960,DL25B,艾米,收货,上架
LaSu1732Bl,黑色 品牌11 17英寸 笔记本电脑（32吉字节内存）,笔记本电脑,品牌11,17英寸,32吉字节内存,黑色,16*1*1,9,DX49F,迈克,收货,上架
TVYn654KSi,银色 品牌15 65英寸 电视机（超高清）,电视机,品牌15,65英寸,超高清,银色,8*1*1,2,DG70H,劳拉,收货,上架
KeHc35ErWh,白色 品牌09 350 键盘（人体工学）,键盘,品牌09,350,人体工学,白色,16*10*1,11,AN59H,迈克,收货,上架
NoMuA4doWh,白色 品牌19 四号纸 笔记本（点阵）,笔记本,品牌19,四号纸,点阵,白色,48*10*5,435,CL07D,亚历克斯,收货,上架
PeGi12WaWh,白色 品牌21 12 铅笔（水彩）,铅笔,品牌21,12,水彩,白色,48*10*5,1294,CK42H,克里斯,收货,上架
AlSu17i7Bl,黑色 品牌11 17英寸 一体机（第7代处理器）,一体机,品牌11,17英寸,第7代处理器,黑色,16*1*1,4,BY98H,迈克,收货,上架
KeRe45MePi,粉色 品牌10 450 键盘（机械式）,键盘,品牌10,450,机械式,粉色,16*10*1,2,CG25D,艾米,收货,上架
TVYn65SFSi,银色 品牌15 65英寸 电视机（超级全高清）,电视机,品牌15,65英寸,超级全高清,银色,8*1*1,5,CV87D,莎拉,收货,上架
PrNoA3AlMi,混合色 品牌26 三号纸 打印机（一体式）,打印机,品牌26,三号纸,一体式,混合色,16*1*1,13,CF94F,艾米,收货,上架
AlYn14i5Si,银色 品牌15 14英寸 一体机（第5代处理器）,一体机,品牌15,14英寸,第5代处理器,银色,16*1*1,7,BI43D,克里斯,收货,上架
OfSESLeGr,灰色 品牌08 小号 办公椅（皮革）,办公椅,品牌08,小号,皮革,灰色,16*1*1,9,DY20A,克里斯,收货,上架
AlYn1516Gr,灰色 品牌15 15英寸 一体机（16吉字节内存）,一体机,品牌15,15英寸,16吉字节内存,灰色,16*1*1,1,BJ12G,克里斯,收货,上架
CaQE18LoGr,灰色 品牌01 1800 文件柜（储物锁柜）,文件柜,品牌01,1800,储物锁柜,灰色,8*1*1,1,DU87G,大卫,收货,上架
CaWE90DoBl,黑色 品牌02 900 文件柜（带门式）,文件柜,品牌02,900,带门式,黑色,8*1*1,3,DG24A,克里斯,收货,上架
SPAl24SoGr,灰色 品牌20 24 触控笔（可溶性）,触控笔,品牌20,24,可溶性,灰色,48*10*5,2128,DG38C,艾米,收货,上架
OfAELAdPi,粉色 品牌05 大号 办公椅（可调节）,办公椅,品牌05,大号,可调节,粉色,16*1*1,16,AR96A,简,收货,上架
DrTE18LoBe,米色 品牌04 1800 抽屉柜（储物锁柜）,抽屉柜,品牌04,1800,储物锁柜,米色,8*1*1,7,AG36G,克里斯,收货,上架
MoRe45MeNa,藏青色 品牌10 450 鼠标（机械式）,鼠标,品牌10,450,机械式,藏青色,16*10*1,88,DL92D,劳拉,收货,上架
SPGi12SoWh,白色 品牌21 12 触控笔（可溶性）,触控笔,品牌21,12,可溶性,白色,48*10*5,1413,CV49D,简,收货,上架
LaPH15i5Wh,白色 品牌12 15英寸 笔记本电脑（第5代处理器）,笔记本电脑,品牌12,15英寸,第5代处理器,白色,16*1*1,15,CJ84A,亚历克斯,收货,上架
CaQE12LoWh,白色 品牌01 1200 文件柜（储物锁柜）,文件柜,品牌01,1200,储物锁柜,白色,8*1*1,6,BF53H,大卫,收货,上架
GaAELErBl,黑色 品牌05 大号 游戏椅（人体工学）,游戏椅,品牌05,大号,人体工学,黑色,16*1*1,3,DT02H,迈克,收货,上架
PrReA4MoWh,白色 品牌24 四号纸 打印机（黑白）,打印机,品牌24,四号纸,黑白,白色,16*1*1,5,DP39H,艾米,收货,上架
TaTR15FrWh,白色 品牌28 1500 桌子（框架式）,桌子,品牌28,1500,框架式,白色,8*1*1,4,CS18D,劳拉,收货,上架
CaRG18DoWh,白色 品牌03 1800 文件柜（带门式）,文件柜,品牌03,1800,带门式,白色,8*1*1,8,BT36H,约翰,收货,上架
SPRe12SoGr,灰色 品牌22 12 触控笔（可溶性）,触控笔,品牌22,12,可溶性,灰色,48*10*5,1905,AU86H,莎拉,收货,上架
GaAEMHePi,粉色 品牌05 中号 游戏椅（头枕）,游戏椅,品牌05,中号,头枕,粉色,16*1*1,1,AT79G,艾米丽,收货,上架
OfOGMHeWh,白色 品牌07 中号 办公椅（头枕）,办公椅,品牌07,中号,头枕,白色,16*1*1,3,CX43E,约翰,收货,上架
OfSELLeWh,白色 品牌08 大号 办公椅（皮革）,办公椅,品牌08,大号,皮革,白色,16*1*1,15,BL43C,艾米丽,收货,上架
KeRe45BlPi,粉色 品牌10 450 键盘（蓝牙）,键盘,品牌10,450,蓝牙,粉色,16*10*1,57,DO46B,简,收货,上架
CuQE12FiBl,黑色 品牌01 1200 储物柜（文件收纳）,储物柜,品牌01,1200,文件收纳,黑色,8*1*1,8,DR92B,迈克,收货,上架
SPGi12WaBl,黑色 品牌21 12 触控笔（水彩）,触控笔,品牌21,12,水彩,黑色,48*10*5,1714,DT09F,约翰,收货,上架
OfOGLLeWh,白色 品牌07 大号 办公椅（皮革）,办公椅,品牌07,大号,皮革,白色,16*1*1,16,AS71A,艾米,收货,上架
TVYn65SFBl,黑色 品牌15 65英寸 电视机（超级全高清）,电视机,品牌15,65英寸,超级全高清,黑色,8*1*1,7,CL44B,约翰,收货,上架
NoScA5liGr,灰色 品牌17 五号纸 笔记本（线条）,笔记本,品牌17,五号纸,线条,灰色,48*10*5,50,DF70G,大卫,收货,上架
PrSoA2AlWh,白色 品牌25 二号纸 打印机（一体式）,打印机,品牌25,二号纸,一体式,白色,16*1*1,15,CZ86A,艾米,收货,上架
CaWE18DoWh,白色 品牌02 1800 文件柜（带门式）,文件柜,品牌02,1800,带门式,白色,8*1*1,6,DK07A,迈克,收货,上架
OfSELHePi,粉色 品牌08 大号 办公椅（头枕）,办公椅,品牌08,大号,头枕,粉色,16*1*1,10,DY50D,大卫,收货,上架
PeRe12SoBl,黑色 品牌22 12 铅笔（可溶性）,铅笔,品牌22,12,可溶性,黑色,48*10*5,1116,BO21D,迈克,收货,上架
GaOGLAdWh,白色 品牌07 大号 游戏椅（可调节）,游戏椅,品牌07,大号,可调节,白色,16*1*1,1,CT98A,亚历克斯,收货,上架
DrRG12FiBl,黑色 品牌03 1200 抽屉柜（文件收纳）,抽屉柜,品牌03,1200,文件收纳,黑色,8*1*1,6,AV63G,克里斯,收货,上架
PrReA3WiBl,黑色 品牌24 三号纸 打印机（无线网络）,打印机,品牌24,三号纸,无线网络,黑色,16*1*1,14,CH95F,莎拉,收货,上架
CaTE90DoGr,灰色 品牌04 900 文件柜（带门式）,文件柜,品牌04,900,带门式,灰色,8*1*1,4,DK67D,迈克,收货,上架
PrNoA2MoBl,黑色 品牌26 二号纸 打印机（黑白）,打印机,品牌26,二号纸,黑白,黑色,16*1*1,6,AN48D,艾米,收货,上架
TVEs504KWh,白色 品牌32 50英寸 电视机（超高清）,电视机,品牌32,50英寸,超高清,白色,8*1*1,1,AO37D,迈克,收货,上架
GaAESErPi,粉色 品牌05 小号 游戏椅（人体工学）,游戏椅,品牌05,小号,人体工学,粉色,16*1*1,14,DP63E,克里斯,收货,上架
CuWE18LoWh,白色 品牌02 1800 储物柜（储物锁柜）,储物柜,品牌02,1800,储物锁柜,白色,8*1*1,4,BW37C,约翰,收货,上架
KePH45MeWh,白色 品牌12 450 键盘（机械式）,键盘,品牌12,450,机械式,白色,16*10*1,128,AX73A,艾米,收货,上架
TVGn654KWh,白色 品牌30 65英寸 电视机（超高清）,电视机,品牌30,65英寸,超高清,白色,8*1*1,1,BW96C,莎拉,收货,上架
CaQE90SlGr,灰色 品牌01 900 文件柜（滑动式）,文件柜,品牌01,900,滑动式,灰色,8*1*1,6,DK30G,约翰,收货,上架
SPAl12WaGr,灰色 品牌20 12 触控笔（水彩）,触控笔,品牌20,12,水彩,灰色,48*10*5,198,BH24B,亚历克斯,收货,上架
PrPHA3WiMi,混合色 品牌12 三号纸 打印机（无线网络）,打印机,品牌12,三号纸,无线网络,混合色,16*1*1,15,DM76F,劳拉,收货,上架
NoExA3liBl,黑色 品牌16 三号纸 笔记本（线条）,笔记本,品牌16,三号纸,线条,黑色,48*10*5,2254,DV29D,劳拉,收货,上架
OfXEMErWh,白色 品牌06 中号 办公椅（人体工学）,办公椅,品牌06,中号,人体工学,白色,16*1*1,10,CM43B,迈克,收货,上架
AlOv158GWh,白色 品牌13 15英寸 一体机（8吉字节内存）,一体机,品牌13,15英寸,8吉字节内存,白色,16*1*1,12,BI16B,艾米丽,收货,上架
SPAl50SoWh,白色 品牌20 50 触控笔（可溶性）,触控笔,品牌20,50,可溶性,白色,48*10*5,431,AK73G,克里斯,收货,上架
KePH27WiWh,白色 品牌12 270 键盘（有线）,键盘,品牌12,270,有线,白色,16*10*1,34,DL05B,迈克,收货,上架
KeHc27MeBl,黑色 品牌09 270 键盘（机械式）,键盘,品牌09,270,机械式,黑色,16*10*1,41,AK38E,艾米,收货,上架
CaTE90LoBl,黑色 品牌04 900 文件柜（储物锁柜）,文件柜,品牌04,900,储物锁柜,黑色,8*1*1,5,CX18C,艾米,收货,上架
TVYn424KBl,黑色 品牌15 42英寸 电视机（超高清）,电视机,品牌15,42英寸,超高清,黑色,8*1*1,1,BJ21D,克里斯,收货,上架
DrTE18DoBe,米色 品牌04 1800 抽屉柜（带门式）,抽屉柜,品牌04,1800,带门式,米色,8*1*1,3,DO36C,劳拉,收货,上架
PeGi12WaBl,黑色 品牌21 12 铅笔（水彩）,铅笔,品牌21,12,水彩,黑色,48*10*5,2363,BY88B,艾米丽,收货,上架
AlOv17i5Si,银色 品牌13 17英寸 一体机（第5代处理器）,一体机,品牌13,17英寸,第5代处理器,银色,16*1*1,4,BK54D,克里斯,收货,上架
CaTE12SlGr,灰色 品牌04 1200 文件柜（滑动式）,文件柜,品牌04,1200,滑动式,灰色,8*1*1,5,AO70C,大卫,收货,上架
AlSu1732Si,银色 品牌11 17英寸 一体机（32吉字节内存）,一体机,品牌11,17英寸,32吉字节内存,银色,16*1*1,5,AL73C,约翰,收货,上架
TaCI18AdSi,银色 品牌27 1800 桌子（可调节）,桌子,品牌27,1800,可调节,银色,8*1*1,4,AH97E,约翰,收货,上架
TVGL32S4Bl,黑色 品牌31 32英寸 电视机（超级超高清）,电视机,品牌31,32英寸,超级超高清,黑色,8*1*1,6,DR27F,迈克,收货,上架
CaWE18SlGr,灰色 品牌02 1800 文件柜（滑动式）,文件柜,品牌02,1800,滑动式,灰色,8*1*1,4,BS49E,艾米,收货,上架
TaTR15WoWh,白色 品牌28 1500 桌子（工作站）,桌子,品牌28,1500,工作站,白色,8*1*1,2,DG83F,约翰,收货,上架
TVYn32S4Si,银色 品牌15 32英寸 电视机（超级超高清）,电视机,品牌15,32英寸,超级超高清,银色,8*1*1,3,AL79A,迈克,收货,上架
TaCI10AuBl,黑色 品牌27 1000 桌子（自动调节）,桌子,品牌27,1000,自动调节,黑色,8*1*1,1,AP86A,亚历克斯,收货,上架
SPAl24SoGr,灰色 品牌20 24 触控笔（可溶性）,触控笔,品牌20,24,可溶性,灰色,48*10*5,388,AV06D,克里斯,收货,上架
KeSu35BlWh,白色 品牌11 350 键盘（蓝牙）,键盘,品牌11,350,蓝牙,白色,16*10*1,120,AR70E,大卫,收货,上架
TVGL75S4Wh,白色 品牌31 75英寸 电视机（超级超高清）,电视机,品牌31,75英寸,超级超高清,白色,8*1*1,4,AP38H,艾米丽,收货,上架
DrTE18DoBl,黑色 品牌04 1800 抽屉柜（带门式）,抽屉柜,品牌04,1800,带门式,黑色,8*1*1,5,CT13E,迈克,收货,上架
AlOv14i5Si,银色 品牌13 14英寸 一体机（第5代处理器）,一体机,品牌13,14英寸,第5代处理器,银色,16*1*1,10,BJ61F,克里斯,收货,上架
LaYn1416Si,银色 品牌15 14英寸 笔记本电脑（16吉字节内存）,笔记本电脑,品牌15,14英寸,16吉字节内存,银色,16*1*1,12,CU83E,艾米,收货,上架
PrPHA4InBl,黑色 品牌12 四号纸 打印机（喷墨）,打印机,品牌12,四号纸,喷墨,黑色,16*1*1,12,DF83D,克里斯,收货,上架
TVEs75FHBl,黑色 品牌32 75英寸 电视机（全高清）,电视机,品牌32,75英寸,全高清,黑色,8*1*1,6,BO81A,大卫,收货,上架
PrNoA3MoWh,白色 品牌26 三号纸 打印机（黑白）,打印机,品牌26,三号纸,黑白,白色,16*1*1,16,AO31B,迈克,收货,上架
GaXESHePi,粉色 品牌06 小号 游戏椅（头枕）,游戏椅,品牌06,小号,头枕,粉色,16*1*1,14,DP45G,克里斯,收货,上架
TVGn42SFWh,白色 品牌30 42英寸 电视机（超级全高清）,电视机,品牌30,42英寸,超级全高清,白色,8*1*1,7,CZ89C,迈克,收货,上架
LaYn14i7Si,银色 品牌15 14英寸 笔记本电脑（第7代处理器）,笔记本电脑,品牌15,14英寸,第7代处理器,银色,16*1*1,5,AY32F,大卫,收货,上架
LaSu1416Wh,白色 品牌11 14英寸 笔记本电脑（16吉字节内存）,笔记本电脑,品牌11,14英寸,16吉字节内存,白色,16*1*1,12,CQ69H,亚历克斯,收货,上架
MoPH35BlBl,黑色 品牌12 350 鼠标（蓝牙）,鼠标,品牌12,350,蓝牙,黑色,16*10*1,72,CQ98F,艾米,收货,上架
PrSoA4InGr,灰色 品牌25 四号纸 打印机（喷墨）,打印机,品牌25,四号纸,喷墨,灰色,16*1*1,8,AY55B,大卫,收货,上架
GaAEMErGr,灰色 品牌05 中号 游戏椅（人体工学）,游戏椅,品牌05,中号,人体工学,灰色,16*1*1,11,AH58G,莎拉,收货,上架
PrReA4AlMi,混合色 品牌24 四号纸 打印机（一体式）,打印机,品牌24,四号纸,一体式,混合色,16*1*1,16,BF73G,迈克,收货,上架
GaXEMLePi,粉色 品牌06 中号 游戏椅（皮革）,游戏椅,品牌06,中号,皮革,粉色,16*1*1,9,BQ63C,莎拉,收货,上架
NoExA5ruGr,灰色 品牌16 五号纸 笔记本（横线）,笔记本,品牌16,五号纸,横线,灰色,48*10*5,1613,DI46G,艾米丽,收货,上架
KePH35ErBl,黑色 品牌12 350 键盘（人体工学）,键盘,品牌12,350,人体工学,黑色,16*10*1,66,DF29E,大卫,收货,上架
TVYn75SFBl,黑色 品牌15 75英寸 电视机（超级全高清）,电视机,品牌15,75英寸,超级全高清,黑色,8*1*1,8,CK16E,约翰,收货,上架
PrSoA4MoWh,白色 品牌25 四号纸 打印机（黑白）,打印机,品牌25,四号纸,黑白,白色,16*1*1,16,BS59E,迈克,收货,上架
LaPH14i5Bl,黑色 品牌12 14英寸 笔记本电脑（第5代处理器）,笔记本电脑,品牌12,14英寸,第5代处理器,黑色,16*1*1,9,CP80F,亚历克斯,收货,上架
OfAESErGr,灰色 品牌05 小号 办公椅（人体工学）,办公椅,品牌05,小号,人体工学,灰色,16*1*1,6,AI48A,艾米丽,收货,上架
SPGi12HeBl,黑色 品牌21 12 触控笔（六角形）,触控笔,品牌21,12,六角形,黑色,48*10*5,2,DO49F,劳拉,收货,上架
PeAl12SoBl,黑色 品牌20 12 铅笔（可溶性）,铅笔,品牌20,12,可溶性,黑色,48*10*5,1729,BW40C,艾米丽,收货,上架
TVGn32SFGr,灰色 品牌30 32英寸 电视机（超级全高清）,电视机,品牌30,32英寸,超级全高清,灰色,8*1*1,4,BR28G,克里斯,收货,上架
CaTE18LoWh,白色 品牌04 1800 文件柜（储物锁柜）,文件柜,品牌04,1800,储物锁柜,白色,8*1*1,6,AZ37C,简,收货,上架
AlOv14i7Bl,黑色 品牌13 14英寸 一体机（第7代处理器）,一体机,品牌13,14英寸,第7代处理器,黑色,16*1*1,12,BN57E,简,收货,上架
PeRe50WaWh,白色 品牌22 50 铅笔（水彩）,铅笔,品牌22,50,水彩,白色,48*10*5,448,AN65H,克里斯,收货,上架
TVEs50FHSi,银色 品牌32 50英寸 电视机（全高清）,电视机,品牌32,50英寸,全高清,银色,8*1*1,5,CO97E,大卫,收货,上架
CuWE12SlGr,灰色 品牌02 1200 储物柜（滑动式）,储物柜,品牌02,1200,滑动式,灰色,8*1*1,6,CW72B,约翰,收货,上架
LaOv1532Wh,白色 品牌13 15英寸 笔记本电脑（32吉字节内存）,笔记本电脑,品牌13,15英寸,32吉字节内存,白色,16*1*1,5,AJ45E,莎拉,收货,上架
TVGn65FHSi,银色 品牌30 65英寸 电视机（全高清）,电视机,品牌30,65英寸,全高清,银色,8*1*1,8,CT74A,艾米丽,收货,上架
CuQE90FiBe,米色 品牌01 900 储物柜（文件收纳）,储物柜,品牌01,900,文件收纳,米色,8*1*1,1,DS17E,简,收货,上架
SPRe24SoPi,粉色 品牌22 24 触控笔（可溶性）,触控笔,品牌22,24,可溶性,粉色,48*10*5,1152,AJ47E,迈克,收货,上架
TVGL42S4Gr,灰色 品牌31 42英寸 电视机（超级超高清）,电视机,品牌31,42英寸,超级超高清,灰色,8*1*1,5,DF89D,莎拉,收货,上架
NoMuA5ruWh,白色 品牌19 五号纸 笔记本（横线）,笔记本,品牌19,五号纸,横线,白色,48*10*5,2356,BZ29H,克里斯,收货,上架
TVGn50SFWh,白色 品牌30 50英寸 电视机（超级全高清）,电视机,品牌30,50英寸,超级全高清,白色,8*1*1,1,AV36G,艾米,收货,上架
NoExA5liGr,灰色 品牌16 五号纸 笔记本（线条）,笔记本,品牌16,五号纸,线条,灰色,48*10*5,1272,CS39H,迈克,收货,上架
KeHc27ErBl,黑色 品牌09 270 键盘（人体工学）,键盘,品牌09,270,人体工学,黑色,16*10*1,111,CP38H,艾米丽,收货,上架
KeHc45BlPi,粉色 品牌09 450 键盘（蓝牙）,键盘,品牌09,450,蓝牙,粉色,16*10*1,82,AW57F,迈克,收货,上架
PrSoA2InWh,白色 品牌25 二号纸 打印机（喷墨）,打印机,品牌25,二号纸,喷墨,白色,16*1*1,14,BJ15E,大卫,收货,上架
MoHc27WiWh,白色 品牌09 270 鼠标（有线）,鼠标,品牌09,270,有线,白色,16*10*1,140,CX54B,劳拉,收货,上架
KePH35MeWh,白色 品牌12 350 键盘（机械式）,键盘,品牌12,350,机械式,白色,16*10*1,81,CR17B,艾米,收货,上架
LaYn148GGr,灰色 品牌15 14英寸 笔记本电脑（8吉字节内存）,笔记本电脑,品牌15,14英寸,8吉字节内存,灰色,16*1*1,11,AR32F,莎拉,收货,上架
DrTE90FiBl,黑色 品牌04 900 抽屉柜（文件收纳）,抽屉柜,品牌04,900,文件收纳,黑色,8*1*1,5,AL20F,亚历克斯,收货,上架
GaAEMLePi,粉色 品牌05 中号 游戏椅（皮革）,游戏椅,品牌05,中号,皮革,粉色,16*1*1,6,AZ83H,简,收货,上架
AlSu1432Bl,黑色 品牌11 14英寸 一体机（32吉字节内存）,一体机,品牌11,14英寸,32吉字节内存,黑色,16*1*1,1,CX44A,亚历克斯,收货,上架
AlSu1416Gr,灰色 品牌11 14英寸 一体机（16吉字节内存）,一体机,品牌11,14英寸,16吉字节内存,灰色,16*1*1,5,CG60D,迈克,收货,上架
AlPH1516Wh,白色 品牌12 15英寸 一体机（16吉字节内存）,一体机,品牌12,15英寸,16吉字节内存,白色,16*1*1,13,CJ67G,亚历克斯,收货,上架
PrReA2AlGr,灰色 品牌24 二号纸 打印机（一体式）,打印机,品牌24,二号纸,一体式,灰色,16*1*1,2,CM01A,简,收货,上架
LaRe178GSi,银色 品牌14 17英寸 笔记本电脑（8吉字节内存）,笔记本电脑,品牌14,17英寸,8吉字节内存,银色,16*1*1,1,CK14G,简,收货,上架
TVYn32SFWh,白色 品牌15 32英寸 电视机（超级全高清）,电视机,品牌15,32英寸,超级全高清,白色,8*1*1,8,DL57A,约翰,收货,上架
CaWE90LoGr,灰色 品牌02 900 文件柜（储物锁柜）,文件柜,品牌02,900,储物锁柜,灰色,8*1*1,8,DX44B,莎拉,收货,上架
KeHc27ErPi,粉色 品牌09 270 键盘（人体工学）,键盘,品牌09,270,人体工学,粉色,16*10*1,23,DO70C,大卫,收货,上架
GaSESLePi,粉色 品牌08 小号 游戏椅（皮革）,游戏椅,品牌08,小号,皮革,粉色,16*1*1,2,DF25B,艾米,收货,上架
KeSu35WiWh,白色 品牌11 350 键盘（有线）,键盘,品牌11,350,有线,白色,16*10*1,105,CP87B,约翰,收货,上架
SPNa24HeGr,灰色 品牌23 24 触控笔（六角形）,触控笔,品牌23,24,六角形,灰色,48*10*5,1795,DH55G,劳拉,收货,上架
CaQE90SlBl,黑色 品牌01 900 文件柜（滑动式）,文件柜,品牌01,900,滑动式,黑色,8*1*1,2,CQ38H,劳拉,收货,上架
NoScA4doWh,白色 品牌17 四号纸 笔记本（点阵）,笔记本,品牌17,四号纸,点阵,白色,48*10*5,955,AR15H,艾米,收货,上架
TaCI18AuBl,黑色 品牌27 1800 桌子（自动调节）,桌子,品牌27,1800,自动调节,黑色,8*1*1,2,DZ38G,迈克,收货,上架
TVGn42SFSi,银色 品牌30 42英寸 电视机（超级全高清）,电视机,品牌30,42英寸,超级全高清,银色,8*1*1,6,CR29A,亚历克斯,收货,上架
TVYn42SFBl,黑色 品牌15 42英寸 电视机（超级全高清）,电视机,品牌15,42英寸,超级全高清,黑色,8*1*1,4,CK46H,艾米,收货,上架
PeGi50HeWh,白色 品牌21 50 铅笔（六角形）,铅笔,品牌21,50,六角形,白色,48*10*5,1323,AL63C,大卫,收货,上架
TaCI15AdWh,白色 品牌27 1500 桌子（可调节）,桌子,品牌27,1500,可调节,白色,8*1*1,8,CR03A,亚历克斯,收货,上架
CuTE18FiBe,米色 品牌04 1800 储物柜（文件收纳）,储物柜,品牌04,1800,文件收纳,米色,8*1*1,5,BL85G,迈克,收货,上架
GaSEMLeGr,灰色 品牌08 中号 游戏椅（皮革）,游戏椅,品牌08,中号,皮革,灰色,16*1*1,9,AF72C,劳拉,收货,上架
KeSu45ErBl,黑色 品牌11 450 键盘（人体工学）,键盘,品牌11,450,人体工学,黑色,16*10*1,69,AF57B,艾米丽,收货,上架
KeHc45BlNa,藏青色 品牌09 450 键盘（蓝牙）,键盘,品牌09,450,蓝牙,藏青色,16*10*1,57,DS13G,劳拉,收货,上架
CuRG90FiBe,米色 品牌03 900 储物柜（文件收纳）,储物柜,品牌03,900,文件收纳,米色,8*1*1,8,AF41H,莎拉,收货,上架
MoPH35ErPi,粉色 品牌12 350 鼠标（人体工学）,鼠标,品牌12,350,人体工学,粉色,16*10*1,96,BW61D,约翰,收货,上架
CaTE18FiBl,黑色 品牌04 1800 文件柜（文件收纳）,文件柜,品牌04,1800,文件收纳,黑色,8*1*1,6,BF70D,克里斯,收货,上架
TaCI10AdWh,白色 品牌27 1000 桌子（可调节）,桌子,品牌27,1000,可调节,白色,8*1*1,7,AG95A,迈克,收货,上架
NoMuA3liSi,银色 品牌19 三号纸 笔记本（线条）,笔记本,品牌19,三号纸,线条,银色,48*10*5,1013,BV96A,劳拉,收货,上架
LaSu148GGr,灰色 品牌11 14英寸 笔记本电脑（8吉字节内存）,笔记本电脑,品牌11,14英寸,8吉字节内存,灰色,16*1*1,13,CI39F,克里斯,收货,上架
CuTE18LoGr,灰色 品牌04 1800 储物柜（储物锁柜）,储物柜,品牌04,1800,储物锁柜,灰色,8*1*1,3,BT35B,艾米丽,收货,上架
GaSELErPi,粉色 品牌08 大号 游戏椅（人体工学）,游戏椅,品牌08,大号,人体工学,粉色,16*1*1,8,CW23D,艾米丽,收货,上架
SPGi12WaWh,白色 品牌21 12 触控笔（水彩）,触控笔,品牌21,12,水彩,白色,48*10*5,2185,DQ48F,克里斯,收货,上架
KeSu27BlNa,藏青色 品牌11 270 键盘（蓝牙）,键盘,品牌11,270,蓝牙,藏青色,16*10*1,130,DG91F,迈克,收货,上架
OfXESHeGr,灰色 品牌06 小号 办公椅（头枕）,办公椅,品牌06,小号,头枕,灰色,16*1*1,4,CN13C,艾米丽,收货,上架
GaOGSHePi,粉色 品牌07 小号 游戏椅（头枕）,游戏椅,品牌07,小号,头枕,粉色,16*1*1,9,CK69G,亚历克斯,收货,上架
NoScA5ruSi,银色 品牌17 五号纸 笔记本（横线）,笔记本,品牌17,五号纸,横线,银色,48*10*5,996,AY96B,大卫,收货,上架
CaQE90SlBe,米色 品牌01 900 文件柜（滑动式）,文件柜,品牌01,900,滑动式,米色,8*1*1,1,CQ07B,简,收货,上架
AlOv14i5Bl,黑色 品牌13 14英寸 一体机（第5代处理器）,一体机,品牌13,14英寸,第5代处理器,黑色,16*1*1,2,BF01D,迈克,收货,上架
SPNa12WaPi,粉色 品牌23 12 触控笔（水彩）,触控笔,品牌23,12,水彩,粉色,48*10*5,863,DI43A,劳拉,收货,上架
CaTE12DoBl,黑色 品牌04 1200 文件柜（带门式）,文件柜,品牌04,1200,带门式,黑色,8*1*1,4,BT29F,迈克,收货,上架
PeGi24SoPi,粉色 品牌21 24 铅笔（可溶性）,铅笔,品牌21,24,可溶性,粉色,48*10*5,2054,AK34H,大卫,收货,上架
TaAE15AdBl,黑色 品牌05 1500 桌子（可调节）,桌子,品牌05,1500,可调节,黑色,8*1*1,7,BY67D,劳拉,收货,上架
AlSu14i5Si,银色 品牌11 14英寸 一体机（第5代处理器）,一体机,品牌11,14英寸,第5代处理器,银色,16*1*1,14,AH69C,约翰,收货,上架
KeSu27BlBl,黑色 品牌11 270 键盘（蓝牙）,键盘,品牌11,270,蓝牙,黑色,16*10*1,72,DU62C,劳拉,收货,上架
CuWE12LoBe,米色 品牌02 1200 储物柜（储物锁柜）,储物柜,品牌02,1200,储物锁柜,米色,8*1*1,6,BL61F,莎拉,收货,上架
GaOGLHeBl,黑色 品牌07 大号 游戏椅（头枕）,游戏椅,品牌07,大号,头枕,黑色,16*1*1,7,BW28E,简,收货,上架
NoGrA5liBl,黑色 品牌18 五号纸 笔记本（线条）,笔记本,品牌18,五号纸,线条,黑色,48*10*5,1407,DR62H,约翰,收货,上架
TVYn65SFGr,灰色 品牌15 65英寸 电视机（超级全高清）,电视机,品牌15,65英寸,超级全高清,灰色,8*1*1,6,CT26A,简,收货,上架
CuQE90SlWh,白色 品牌01 900 储物柜（滑动式）,储物柜,品牌01,900,滑动式,白色,8*1*1,2,AU12B,艾米丽,收货,上架
DrQE18LoBl,黑色 品牌01 1800 抽屉柜（储物锁柜）,抽屉柜,品牌01,1800,储物锁柜,黑色,8*1*1,8,CM91C,艾米丽,收货,上架
KePH35ErPi,粉色 品牌12 350 键盘（人体工学）,键盘,品牌12,350,人体工学,粉色,16*10*1,12,AK80D,艾米,收货,上架
TVGL32S4Wh,白色 品牌31 32英寸 电视机（超级超高清）,电视机,品牌31,32英寸,超级超高清,白色,8*1*1,8,AP80C,约翰,收货,上架
TVYn42S4Gr,灰色 品牌15 42英寸 电视机（超级超高清）,电视机,品牌15,42英寸,超级超高清,灰色,8*1*1,8,CR90F,约翰,收货,上架
PrSoA2MoGr,灰色 品牌25 二号纸 打印机（黑白）,打印机,品牌25,二号纸,黑白,灰色,16*1*1,1,AS97F,约翰,收货,上架
TVGL50SFGr,灰色 品牌31 50英寸 电视机（超级全高清）,电视机,品牌31,50英寸,超级全高清,灰色,8*1*1,3,CG61H,迈克,收货,上架
PrPHA3MoWh,白色 品牌12 三号纸 打印机（黑白）,打印机,品牌12,三号纸,黑白,白色,16*1*1,4,CW75E,克里斯,收货,上架
CuWE18LoBl,黑色 品牌02 1800 储物柜（储物锁柜）,储物柜,品牌02,1800,储物锁柜,黑色,8*1*1,1,DY45G,莎拉,收货,上架
TVYn754KSi,银色 品牌15 75英寸 电视机（超高清）,电视机,品牌15,75英寸,超高清,银色,8*1*1,8,CT26F,艾米丽,收货,上架
SPRe24SoPi,粉色 品牌22 24 触控笔（可溶性）,触控笔,品牌22,24,可溶性,粉色,48*10*5,2055,BO29H,亚历克斯,收货,上架
DrRG18LoBl,黑色 品牌03 1800 抽屉柜（储物锁柜）,抽屉柜,品牌03,1800,储物锁柜,黑色,8*1*1,6,CO27F,劳拉,收货,上架
MoRe35WiPi,粉色 品牌10 350 鼠标（有线）,鼠标,品牌10,350,有线,粉色,16*10*1,20,DK62F,克里斯,收货,上架
CuQE18LoBl,黑色 品牌01 1800 储物柜（储物锁柜）,储物柜,品牌01,1800,储物锁柜,黑色,8*1*1,7,BT14C,简,收货,上架
GaOGMErGr,灰色 品牌07 中号 游戏椅（人体工学）,游戏椅,品牌07,中号,人体工学,灰色,16*1*1,11,AL45C,莎拉,收货,上架
OfXEMHePi,粉色 品牌06 中号 办公椅（头枕）,办公椅,品牌06,中号,头枕,粉色,16*1*1,5,DQ77C,劳拉,收货,上架
DrWE90FiWh,白色 品牌02 900 抽屉柜（文件收纳）,抽屉柜,品牌02,900,文件收纳,白色,8*1*1,2,DM62A,艾米,收货,上架
GaOGSErPi,粉色 品牌07 小号 游戏椅（人体工学）,游戏椅,品牌07,小号,人体工学,粉色,16*1*1,11,CX89G,迈克,收货,上架
MoPH35ErBl,黑色 品牌12 350 鼠标（人体工学）,鼠标,品牌12,350,人体工学,黑色,16*10*1,135,BG43B,大卫,收货,上架
OfXELHeWh,白色 品牌06 大号 办公椅（头枕）,办公椅,品牌06,大号,头枕,白色,16*1*1,3,AM90B,莎拉,收货,上架
CuQE18LoBl,黑色 品牌01 1800 储物柜（储物锁柜）,储物柜,品牌01,1800,储物锁柜,黑色,8*1*1,4,CQ15A,约翰,收货,上架
MoHc35ErBl,黑色 品牌09 350 鼠标（人体工学）,鼠标,品牌09,350,人体工学,黑色,16*10*1,42,CS13E,艾米丽,收货,上架
OfOGSAdPi,粉色 品牌07 小号 办公椅（可调节）,办公椅,品牌07,小号,可调节,粉色,16*1*1,8,AV60E,迈克,收货,上架
AlOv17i5Bl,黑色 品牌13 17英寸 一体机（第5代处理器）,一体机,品牌13,17英寸,第5代处理器,黑色,16*1*1,3,BZ55C,大卫,收货,上架
AlPH178GSi,银色 品牌12 17英寸 一体机（8吉字节内存）,一体机,品牌12,17英寸,8吉字节内存,银色,16*1*1,8,DP71G,艾米,收货,上架
NoMuA3ruWh,白色 品牌19 三号纸 笔记本（横线）,笔记本,品牌19,三号纸,横线,白色,48*10*5,40,CL34B,艾米,收货,上架
NoScA4liSi,银色 品牌17 四号纸 笔记本（线条）,笔记本,品牌17,四号纸,线条,银色,48*10*5,1730,BU86C,劳拉,收货,上架
LaSu15i5Bl,黑色 品牌11 15英寸 笔记本电脑（第5代处理器）,笔记本电脑,品牌11,15英寸,第5代处理器,黑色,16*1*1,11,CV71B,艾米,收货,上架
SPAl12WaGr,灰色 品牌20 12 触控笔（水彩）,触控笔,品牌20,12,水彩,灰色,48*10*5,1756,BS14D,劳拉,收货,上架
LaSu1432Si,银色 品牌11 14英寸 笔记本电脑（32吉字节内存）,笔记本电脑,品牌11,14英寸,32吉字节内存,银色,16*1*1,12,DH88E,艾米,收货,上架
TVEs65SFBl,黑色 品牌32 65英寸 电视机（超级全高清）,电视机,品牌32,65英寸,超级全高清,黑色,8*1*1,8,BZ20C,克里斯,收货,上架
OfSELLePi,粉色 品牌08 大号 办公椅（皮革）,办公椅,品牌08,大号,皮革,粉色,16*1*1,7,CV16C,约翰,收货,上架
TaTR10AuBl,黑色 品牌28 1000 桌子（自动调节）,桌子,品牌28,1000,自动调节,黑色,8*1*1,4,AS30F,简,收货,上架
CuRG90LoWh,白色 品牌03 900 储物柜（储物锁柜）,储物柜,品牌03,900,储物锁柜,白色,8*1*1,7,AJ40C,劳拉,收货,上架
DrQE90FiBl,黑色 品牌01 900 抽屉柜（文件收纳）,抽屉柜,品牌01,900,文件收纳,黑色,8*1*1,5,AK22F,亚历克斯,收货,上架
TaTR15WoGr,灰色 品牌29 1500 桌子（工作站）,桌子,品牌29,1500,工作站,灰色,8*1*1,4,DG02B,莎拉,收货,上架
CaQE12LoBl,黑色 品牌01 1200 文件柜（储物锁柜）,文件柜,品牌01,1200,储物锁柜,黑色,8*1*1,3,CH35H,亚历克斯,收货,上架
MoSu45MeNa,藏青色 品牌11 450 鼠标（机械式）,鼠标,品牌11,450,机械式,藏青色,16*10*1,66,BP24C,约翰,收货,上架
TVGn75FHWh,白色 品牌30 75英寸 电视机（全高清）,电视机,品牌30,75英寸,全高清,白色,8*1*1,3,DQ15B,大卫,收货,上架
MoRe45WiNa,藏青色 品牌10 450 鼠标（有线）,鼠标,品牌10,450,有线,藏青色,16*10*1,50,BX59E,莎拉,收货,上架
CaWE18FiBl,黑色 品牌02 1800 文件柜（文件收纳）,文件柜,品牌02,1800,文件收纳,黑色,8*1*1,2,BF50E,劳拉,收货,上架
GaSESLeWh,白色 品牌08 小号 游戏椅（皮革）,游戏椅,品牌08,小号,皮革,白色,16*1*1,11,DJ27G,大卫,收货,上架
PrPHA3AlGr,灰色 品牌12 三号纸 打印机（一体式）,打印机,品牌12,三号纸,一体式,灰色,16*1*1,9,CU34G,克里斯,收货,上架
PrReA2InWh,白色 品牌24 二号纸 打印机（喷墨）,打印机,品牌24,二号纸,喷墨,白色,16*1*1,7,CX09B,大卫,收货,上架
GaOGMAdBl,黑色 品牌07 中号 游戏椅（可调节）,游戏椅,品牌07,中号,可调节,黑色,16*1*1,13,BH16F,艾米,收货,上架
AlYn148GSi,银色 品牌15 14英寸 一体机（8吉字节内存）,一体机,品牌15,14英寸,8吉字节内存,银色,16*1*1,1,DQ91G,迈克,收货,上架
TVEs754KWh,白色 品牌32 75英寸 电视机（超高清）,电视机,品牌32,75英寸,超高清,白色,8*1*1,4,CP15G,莎拉,收货,上架
GaOGSLeGr,灰色 品牌07 小号 游戏椅（皮革）,游戏椅,品牌07,小号,皮革,灰色,16*1*1,3,CP80G,莎拉,收货,上架
TaTR10FrBl,黑色 品牌28 1000 桌子（框架式）,桌子,品牌28,1000,框架式,黑色,8*1*1,1,CR21E,艾米丽,收货,上架
MoHc27MeNa,藏青色 品牌09 270 鼠标（机械式）,鼠标,品牌09,270,机械式,藏青色,16*10*1,108,CV80E,亚历克斯,收货,上架
MoPH45MePi,粉色 品牌12 450 鼠标（机械式）,鼠标,品牌12,450,机械式,粉色,16*10*1,78,BY53B,劳拉,收货,上架
DrRG18FiBl,黑色 品牌03 1800 抽屉柜（文件收纳）,抽屉柜,品牌03,1800,文件收纳,黑色,8*1*1,1,DX11D,克里斯,收货,上架
TVGL424KBl,黑色 品牌31 42英寸 电视机（超高清）,电视机,品牌31,42英寸,超高清,黑色,8*1*1,8,AM17E,大卫,收货,上架
LaOv1432Gr,灰色 品牌13 14英寸 笔记本电脑（32吉字节内存）,笔记本电脑,品牌13,14英寸,32吉字节内存,灰色,16*1*1,8,BR79B,劳拉,收货,上架
LaRe1732Gr,灰色 品牌14 17英寸 笔记本电脑（32吉字节内存）,笔记本电脑,品牌14,17英寸,32吉字节内存,灰色,16*1*1,13,DW71A,艾米,收货,上架
KePH27MeNa,藏青色 品牌12 270 键盘（机械式）,键盘,品牌12,270,机械式,藏青色,16*10*1,8,BP72E,莎拉,收货,上架
TaTR15AuBl,黑色 品牌28 1500 桌子（自动调节）,桌子,品牌28,1500,自动调节,黑色,8*1*1,8,DY43C,莎拉,收货,上架
KeRe35ErBl,黑色 品牌10 350 键盘（人体工学）,键盘,品牌10,350,人体工学,黑色,16*10*1,26,DG17B,艾米,收货,上架
OfOGLAdGr,灰色 品牌07 大号 办公椅（可调节）,办公椅,品牌07,大号,可调节,灰色,16*1*1,7,CR54A,劳拉,收货,上架
SPAl24WaBl,黑色 品牌20 24 触控笔（水彩）,触控笔,品牌20,24,水彩,黑色,48*10*5,2208,AF91A,劳拉,收货,上架
CuQE12DoBe,米色 品牌01 1200 储物柜（带门式）,储物柜,品牌01,1200,带门式,米色,8*1*1,5,DI08F,艾米丽,收货,上架
GaSELHeBl,黑色 品牌08 大号 游戏椅（头枕）,游戏椅,品牌08,大号,头枕,黑色,16*1*1,5,AM41H,克里斯,收货,上架
GaSESHeBl,黑色 品牌08 小号 游戏椅（头枕）,游戏椅,品牌08,小号,头枕,黑色,16*1*1,13,DH54F,莎拉,收货,上架
KeRe35WiNa,藏青色 品牌10 350 键盘（有线）,键盘,品牌10,350,有线,藏青色,16*10*1,10,CI73C,劳拉,收货,上架
KeHc45MeWh,白色 品牌09 450 键盘（机械式）,键盘,品牌09,450,机械式,白色,16*10*1,82,AS25A,艾米,收货,上架
OfAEMErBl,黑色 品牌05 中号 办公椅（人体工学）,办公椅,品牌05,中号,人体工学,黑色,16*1*1,12,CN54D,克里斯,收货,上架
PrReA3LaBl,黑色 品牌24 三号纸 打印机（激光）,打印机,品牌24,三号纸,激光,黑色,16*1*1,11,DF17F,莎拉,收货,上架
OfAESErGr,灰色 品牌05 小号 办公椅（人体工学）,办公椅,品牌05,小号,人体工学,灰色,16*1*1,10,DT27A,莎拉,收货,上架
DrQE18FiBl,黑色 品牌01 1800 抽屉柜（文件收纳）,抽屉柜,品牌01,1800,文件收纳,黑色,8*1*1,7,BO27H,克里斯,收货,上架
CuQE12LoBl,黑色 品牌01 1200 储物柜（储物锁柜）,储物柜,品牌01,1200,储物锁柜,黑色,8*1*1,6,BZ67E,艾米丽,收货,上架
GaAELHeGr,灰色 品牌05 大号 游戏椅（头枕）,游戏椅,品牌05,大号,头枕,灰色,16*1*1,13,BW75B,大卫,收货,上架
LaYn1532Si,银色 品牌15 15英寸 笔记本电脑（32吉字节内存）,笔记本电脑,品牌15,15英寸,32吉字节内存,银色,16*1*1,2,CQ81A,艾米丽,收货,上架
CuRG90DoWh,白色 品牌03 900 储物柜（带门式）,储物柜,品牌03,900,带门式,白色,8*1*1,4,BR51B,亚历克斯,收货,上架
DrTE12SlGr,灰色 品牌04 1200 抽屉柜（滑动式）,抽屉柜,品牌04,1200,滑动式,灰色,8*1*1,8,CZ85F,艾米丽,收货,上架
OfXESAdPi,粉色 品牌06 小号 办公椅（可调节）,办公椅,品牌06,小号,可调节,粉色,16*1*1,8,BH59G,简,收货,上架
CuRG12FiGr,灰色 品牌03 1200 储物柜（文件收纳）,储物柜,品牌03,1200,文件收纳,灰色,8*1*1,6,DM58F,迈克,收货,上架
OfXESErPi,粉色 品牌06 小号 办公椅（人体工学）,办公椅,品牌06,小号,人体工学,粉色,16*1*1,5,CS76B,迈克,收货,上架
DrWE90DoBe,米色 品牌02 900 抽屉柜（带门式）,抽屉柜,品牌02,900,带门式,米色,8*1*1,3,AU01H,简,收货,上架
KeRe35BlBl,黑色 品牌10 350 键盘（蓝牙）,键盘,品牌10,350,蓝牙,黑色,16*10*1,114,CW70B,艾米丽,收货,上架
GaAESAdGr,灰色 品牌05 小号 游戏椅（可调节）,游戏椅,品牌05,小号,可调节,灰色,16*1*1,8,DL47B,劳拉,收货,上架
LaOv14i7Si,银色 品牌13 14英寸 笔记本电脑（第7代处理器）,笔记本电脑,品牌13,14英寸,第7代处理器,银色,16*1*1,2,BY77G,亚历克斯,收货,上架
TaTR18AdSi,银色 品牌29 1800 桌子（可调节）,桌子,品牌29,1800,可调节,银色,8*1*1,1,DP10D,约翰,收货,上架
NoScA3ruBl,黑色 品牌17 三号纸 笔记本（横线）,笔记本,品牌17,三号纸,横线,黑色,48*10*5,1687,AG10D,艾米,收货,上架
SPRe24SoBl,黑色 品牌22 24 触控笔（可溶性）,触控笔,品牌22,24,可溶性,黑色,48*10*5,378,CW10E,迈克,收货,上架
DrRG90LoBe,米色 品牌03 900 抽屉柜（储物锁柜）,抽屉柜,品牌03,900,储物锁柜,米色,8*1*1,5,AF68D,亚历克斯,收货,上架
NoGrA5liBl,黑色 品牌18 五号纸 笔记本（线条）,笔记本,品牌18,五号纸,线条,黑色,48*10*5,1289,CG61H,亚历克斯,收货,上架
LaOv1732Wh,白色 品牌13 17英寸 笔记本电脑（32吉字节内存）,笔记本电脑,品牌13,17英寸,32吉字节内存,白色,16*1*1,10,BL02H,克里斯,收货,上架
TVGn32SFGr,灰色 品牌30 32英寸 电视机（超级全高清）,电视机,品牌30,32英寸,超级全高清,灰色,8*1*1,2,AQ74C,莎拉,收货,上架
PrPHA3WiGr,灰色 品牌12 三号纸 打印机（无线网络）,打印机,品牌12,三号纸,无线网络,灰色,16*1*1,15,AN02H,约翰,收货,上架
KeHc35WiPi,粉色 品牌09 350 键盘（有线）,键盘,品牌09,350,有线,粉色,16*10*1,7,BX33A,劳拉,收货,上架
OfAEMLeWh,白色 品牌05 中号 办公椅（皮革）,办公椅,品牌05,中号,皮革,白色,16*1*1,6,AL19C,简,收货,上架
GaAEMHeGr,灰色 品牌05 中号 游戏椅（头枕）,游戏椅,品牌05,中号,头枕,灰色,16*1*1,2,AS97A,劳拉,收货,上架
DrRG12FiBl,黑色 品牌03 1200 抽屉柜（文件收纳）,抽屉柜,品牌03,1200,文件收纳,黑色,8*1*1,1,AF07C,艾米,收货,上架
AlRe158GWh,白色 品牌14 15英寸 一体机（8吉字节内存）,一体机,品牌14,15英寸,8吉字节内存,白色,16*1*1,7,DF13E,大卫,收货,上架
CuWE18FiBe,米色 品牌02 1800 储物柜（文件收纳）,储物柜,品牌02,1800,文件收纳,米色,8*1*1,4,CV72F,亚历克斯,收货,上架
GaSELErGr,灰色 品牌08 大号 游戏椅（人体工学）,游戏椅,品牌08,大号,人体工学,灰色,16*1*1,15,AT93D,艾米,收货,上架
OfXEMLeGr,灰色 品牌06 中号 办公椅（皮革）,办公椅,品牌06,中号,皮革,灰色,16*1*1,11,BZ84F,莎拉,收货,上架
GaSELAdGr,灰色 品牌08 大号 游戏椅（可调节）,游戏椅,品牌08,大号,可调节,灰色,16*1*1,7,CT04D,亚历克斯,收货,上架
CuWE18SlBe,米色 品牌02 1800 储物柜（滑动式）,储物柜,品牌02,1800,滑动式,米色,8*1*1,8,DS60G,约翰,收货,上架
CuWE90FiGr,灰色 品牌02 900 储物柜（文件收纳）,储物柜,品牌02,900,文件收纳,灰色,8*1*1,8,DW82C,简,收货,上架
TVYn754KGr,灰色 品牌15 75英寸 电视机（超高清）,电视机,品牌15,75英寸,超高清,灰色,8*1*1,8,CK91D,克里斯,收货,上架
MoPH45BlWh,白色 品牌12 450 鼠标（蓝牙）,鼠标,品牌12,450,蓝牙,白色,16*10*1,156,DM21F,艾米丽,收货,上架
CuRG12DoWh,白色 品牌03 1200 储物柜（带门式）,储物柜,品牌03,1200,带门式,白色,8*1*1,4,DR06C,简,收货,上架
PrReA3LaWh,白色 品牌24 三号纸 打印机（激光）,打印机,品牌24,三号纸,激光,白色,16*1*1,8,AW95H,大卫,收货,上架
CuWE12LoGr,灰色 品牌02 1200 储物柜（储物锁柜）,储物柜,品牌02,1200,储物锁柜,灰色,8*1*1,2,CJ07C,艾米丽,收货,上架
DrTE12SlBe,米色 品牌04 1200 抽屉柜（滑动式）,抽屉柜,品牌04,1200,滑动式,米色,8*1*1,8,CN63E,克里斯,收货,上架
MoRe45MePi,粉色 品牌10 450 鼠标（机械式）,鼠标,品牌10,450,机械式,粉色,16*10*1,151,DN91D,克里斯,收货,上架
OfSESAdPi,粉色 品牌08 小号 办公椅（可调节）,办公椅,品牌08,小号,可调节,粉色,16*1*1,16,CH71B,约翰,收货,上架
TVYn50S4Wh,白色 品牌15 50英寸 电视机（超级超高清）,电视机,品牌15,50英寸,超级超高清,白色,8*1*1,4,BW11B,艾米丽,收货,上架
CaTE18DoWh,白色 品牌04 1800 文件柜（带门式）,文件柜,品牌04,1800,带门式,白色,8*1*1,7,BT86G,艾米丽,收货,上架
LaPH1716Gr,灰色 品牌12 17英寸 笔记本电脑（16吉字节内存）,笔记本电脑,品牌12,17英寸,16吉字节内存,灰色,16*1*1,16,BT23F,大卫,收货,上架
NoMuA5ruBl,黑色 品牌19 五号纸 笔记本（横线）,笔记本,品牌19,五号纸,横线,黑色,48*10*5,118,DM09A,劳拉,收货,上架
NoMuA4liBl,黑色 品牌19 四号纸 笔记本（线条）,笔记本,品牌19,四号纸,线条,黑色,48*10*5,1652,CO14B,约翰,收货,上架
PrNoA4LaGr,灰色 品牌26 四号纸 打印机（激光）,打印机,品牌26,四号纸,激光,灰色,16*1*1,14,DZ22F,简,收货,上架
NoGrA5doBl,黑色 品牌18 五号纸 笔记本（点阵）,笔记本,品牌18,五号纸,点阵,黑色,48*10*5,1900,CV33E,克里斯,收货,上架
DrRG18FiBl,黑色 品牌03 1800 抽屉柜（文件收纳）,抽屉柜,品牌03,1800,文件收纳,黑色,8*1*1,1,DK30E,迈克,收货,上架
OfXEMLeBl,黑色 品牌06 中号 办公椅（皮革）,办公椅,品牌06,中号,皮革,黑色,16*1*1,3,AW72C,约翰,收货,上架
AlPH17i5Gr,灰色 品牌12 17英寸 一体机（第5代处理器）,一体机,品牌12,17英寸,第5代处理器,灰色,16*1*1,5,DV84H,约翰,收货,上架
KeSu27BlWh,白色 品牌11 270 键盘（蓝牙）,键盘,品牌11,270,蓝牙,白色,16*10*1,13,CT04F,劳拉,收货,上架
LaPH1532Si,银色 品牌12 15英寸 笔记本电脑（32吉字节内存）,笔记本电脑,品牌12,15英寸,32吉字节内存,银色,16*1*1,16,CW03C,劳拉,收货,上架
AlPH158GWh,白色 品牌12 15英寸 一体机（8吉字节内存）,一体机,品牌12,15英寸,8吉字节内存,白色,16*1*1,16,BM06C,劳拉,收货,上架
PrPHA4MoWh,白色 品牌12 四号纸 打印机（黑白）,打印机,品牌12,四号纸,黑白,白色,16*1*1,3,BV93G,克里斯,收货,上架
KeSu45BlWh,白色 品牌11 450 键盘（蓝牙）,键盘,品牌11,450,蓝牙,白色,16*10*1,87,AV61G,莎拉,收货,上架
NoGrA4doGr,灰色 品牌18 四号纸 笔记本（点阵）,笔记本,品牌18,四号纸,点阵,灰色,48*10*5,1316,DZ43A,劳拉,收货,上架
SPAl24WaPi,粉色 品牌20 24 触控笔（水彩）,触控笔,品牌20,24,水彩,粉色,48*10*5,1422,AF22G,艾米,收货,上架
KeRe45WiNa,藏青色 品牌10 450 键盘（有线）,键盘,品牌10,450,有线,藏青色,16*10*1,99,AP06A,劳拉,收货,上架
PeGi12SoPi,粉色 品牌21 12 铅笔（可溶性）,铅笔,品牌21,12,可溶性,粉色,48*10*5,296,DK15H,简,收货,上架
NoGrA3ruWh,白色 品牌18 三号纸 笔记本（横线）,笔记本,品牌18,三号纸,横线,白色,48*10*5,2045,DN49A,简,收货,上架
GaOGLAdWh,白色 品牌07 大号 游戏椅（可调节）,游戏椅,品牌07,大号,可调节,白色,16*1*1,13,BU94B,艾米丽,收货,上架
MoSu27ErPi,粉色 品牌11 270 鼠标（人体工学）,鼠标,品牌11,270,人体工学,粉色,16*10*1,37,DZ47G,艾米,收货,上架
DrQE12LoGr,灰色 品牌01 1200 抽屉柜（储物锁柜）,抽屉柜,品牌01,1200,储物锁柜,灰色,8*1*1,3,CS80H,简,收货,上架
CuWE18FiGr,灰色 品牌02 1800 储物柜（文件收纳）,储物柜,品牌02,1800,文件收纳,灰色,8*1*1,8,AR54F,克里斯,收货,上架
AlOv14i7Gr,灰色 品牌13 14英寸 一体机（第7代处理器）,一体机,品牌13,14英寸,第7代处理器,灰色,16*1*1,3,BV89F,简,收货,上架
CuWE18SlWh,白色 品牌02 1800 储物柜（滑动式）,储物柜,品牌02,1800,滑动式,白色,8*1*1,7,DW34B,亚历克斯,收货,上架
MoHc35ErWh,白色 品牌09 350 鼠标（人体工学）,鼠标,品牌09,350,人体工学,白色,16*10*1,26,DO10H,亚历克斯,收货,上架
CaWE12FiWh,白色 品牌02 1200 文件柜（文件收纳）,文件柜,品牌02,1200,文件收纳,白色,8*1*1,3,BP18A,大卫,收货,上架
LaYn15i5Gr,灰色 品牌15 15英寸 笔记本电脑（第5代处理器）,笔记本电脑,品牌15,15英寸,第5代处理器,灰色,16*1*1,13,BQ78G,亚历克斯,收货,上架
TVEs424KBl,黑色 品牌32 42英寸 电视机（超高清）,电视机,品牌32,42英寸,超高清,黑色,8*1*1,3,CS76B,简,收货,上架
PeNa24HeGr,灰色 品牌23 24 铅笔（六角形）,铅笔,品牌23,24,六角形,灰色,48*10*5,386,AW74A,劳拉,收货,上架
LaOv17i7Si,银色 品牌13 17英寸 笔记本电脑（第7代处理器）,笔记本电脑,品牌13,17英寸,第7代处理器,银色,16*1*1,6,BT28D,艾米丽,收货,上架
KeRe27WiPi,粉色 品牌10 270 键盘（有线）,键盘,品牌10,270,有线,粉色,16*10*1,48,AM14D,莎拉,收货,上架
LaSu1732Si,银色 品牌11 17英寸 笔记本电脑（32吉字节内存）,笔记本电脑,品牌11,17英寸,32吉字节内存,银色,16*1*1,2,AU48H,艾米,收货,上架
MoSu27WiNa,藏青色 品牌11 270 鼠标（有线）,鼠标,品牌11,270,有线,藏青色,16*10*1,26,CZ01B,艾米丽,收货,上架
KePH45BlNa,藏青色 品牌12 450 键盘（蓝牙）,键盘,品牌12,450,蓝牙,藏青色,16*10*1,121,DG22A,大卫,收货,上架
OfOGMLeBl,黑色 品牌07 中号 办公椅（皮革）,办公椅,品牌07,中号,皮革,黑色,16*1*1,11,DK22H,克里斯,收货,上架
DrQE18FiBl,黑色 品牌01 1800 抽屉柜（文件收纳）,抽屉柜,品牌01,1800,文件收纳,黑色,8*1*1,7,CG73D,亚历克斯,收货,上架
MoHc35WiBl,黑色 品牌09 350 鼠标（有线）,鼠标,品牌09,350,有线,黑色,16*10*1,14,AT43C,约翰,收货,上架
LaOv1716Wh,白色 品牌13 17英寸 笔记本电脑（16吉字节内存）,笔记本电脑,品牌13,17英寸,16吉字节内存,白色,16*1*1,12,BG38E,艾米丽,收货,上架
CuRG90FiBl,黑色 品牌03 900 储物柜（文件收纳）,储物柜,品牌03,900,文件收纳,黑色,8*1*1,3,CO74G,迈克,收货,上架
PrReA4LaMi,混合色 品牌24 四号纸 打印机（激光）,打印机,品牌24,四号纸,激光,混合色,16*1*1,15,DF60F,亚历克斯,收货,上架
KeRe27MeBl,黑色 品牌10 270 键盘（机械式）,键盘,品牌10,270,机械式,黑色,16*10*1,51,AP06A,简,收货,上架
OfAESLePi,粉色 品牌05 小号 办公椅（皮革）,办公椅,品牌05,小号,皮革,粉色,16*1*1,8,BX29D,约翰,收货,上架
PrNoA2InWh,白色 品牌26 二号纸 打印机（喷墨）,打印机,品牌26,二号纸,喷墨,白色,16*1*1,6,BF25C,劳拉,收货,上架
AlOv17i5Gr,灰色 品牌13 17英寸 一体机（第5代处理器）,一体机,品牌13,17英寸,第5代处理器,灰色,16*1*1,16,AP20A,艾米,收货,上架
PeNa24SoWh,白色 品牌23 24 铅笔（可溶性）,铅笔,品牌23,24,可溶性,白色,48*10*5,133,BO52A,简,收货,上架
DrWE12DoBl,黑色 品牌02 1200 抽屉柜（带门式）,抽屉柜,品牌02,1200,带门式,黑色,8*1*1,3,AZ57G,艾米丽,收货,上架
OfXELErPi,粉色 品牌06 大号 办公椅（人体工学）,办公椅,品牌06,大号,人体工学,粉色,16*1*1,15,AP29D,莎拉,收货,上架
TaCI15AuWh,白色 品牌27 1500 桌子（自动调节）,桌子,品牌27,1500,自动调节,白色,8*1*1,8,CQ58E,艾米丽,收货,上架
GaOGLHeBl,黑色 品牌07 大号 游戏椅（头枕）,游戏椅,品牌07,大号,头枕,黑色,16*1*1,11,AQ49C,约翰,收货,上架
DrQE18LoGr,灰色 品牌01 1800 抽屉柜（储物锁柜）,抽屉柜,品牌01,1800,储物锁柜,灰色,8*1*1,5,AL70F,劳拉,收货,上架
LaOv14i5Si,银色 品牌13 14英寸 笔记本电脑（第5代处理器）,笔记本电脑,品牌13,14英寸,第5代处理器,银色,16*1*1,15,CO98F,约翰,收货,上架
NoMuA4ruBl,黑色 品牌19 四号纸 笔记本（横线）,笔记本,品牌19,四号纸,横线,黑色,48*10*5,2226,BM67D,艾米,收货,上架
CuTE90LoBl,黑色 品牌04 900 储物柜（储物锁柜）,储物柜,品牌04,900,储物锁柜,黑色,8*1*1,2,CI32C,亚历克斯,收货,上架
GaOGMHeGr,灰色 品牌07 中号 游戏椅（头枕）,游戏椅,品牌07,中号,头枕,灰色,16*1*1,13,BJ51E,艾米,收货,上架
GaXESErPi,粉色 品牌06 小号 游戏椅（人体工学）,游戏椅,品牌06,小号,人体工学,粉色,16*1*1,1,BJ86A,迈克,收货,上架
KeSu27ErPi,粉色 品牌11 270 键盘（人体工学）,键盘,品牌11,270,人体工学,粉色,16*10*1,129,CO73A,亚历克斯,收货,上架
DrRG90FiBl,黑色 品牌03 900 抽屉柜（文件收纳）,抽屉柜,品牌03,900,文件收纳,黑色,8*1*1,8,BS52A,艾米丽,收货,上架
LaSu158GSi,银色 品牌11 15英寸 笔记本电脑（8吉字节内存）,笔记本电脑,品牌11,15英寸,8吉字节内存,银色,16*1*1,9,AY81G,亚历克斯,收货,上架
GaAEMErPi,粉色 品牌05 中号 游戏椅（人体工学）,游戏椅,品牌05,中号,人体工学,粉色,16*1*1,14,DZ35F,克里斯,收货,上架
OfAEMHeWh,白色 品牌05 中号 办公椅（头枕）,办公椅,品牌05,中号,头枕,白色,16*1*1,3,BL95B,亚历克斯,收货,上架
AlRe15i5Bl,黑色 品牌14 15英寸 一体机（第5代处理器）,一体机,品牌14,15英寸,第5代处理器,黑色,16*1*1,10,BN54H,劳拉,收货,上架
SPRe24HeGr,灰色 品牌22 24 触控笔（六角形）,触控笔,品牌22,24,六角形,灰色,48*10*5,958,BV18F,艾米,收货,上架
OfXELLeGr,灰色 品牌06 大号 办公椅（皮革）,办公椅,品牌06,大号,皮革,灰色,16*1*1,16,DK91F,克里斯,收货,上架
MoSu45BlWh,白色 品牌11 450 鼠标（蓝牙）,鼠标,品牌11,450,蓝牙,白色,16*10*1,81,DT81B,劳拉,收货,上架
TVEs50S4Bl,黑色 品牌32 50英寸 电视机（超级超高清）,电视机,品牌32,50英寸,超级超高清,黑色,8*1*1,7,BO05B,简,收货,上架
MoSu27BlWh,白色 品牌11 270 鼠标（蓝牙）,鼠标,品牌11,270,蓝牙,白色,16*10*1,154,DT86H,大卫,收货,上架
PrSoA3MoMi,混合色 品牌25 三号纸 打印机（黑白）,打印机,品牌25,三号纸,黑白,混合色,16*1*1,10,CN62C,约翰,收货,上架
MoPH35BlWh,白色 品牌12 350 鼠标（蓝牙）,鼠标,品牌12,350,蓝牙,白色,16*10*1,20,DR86A,艾米丽,收货,上架
DrWE12FiBe,米色 品牌02 1200 抽屉柜（文件收纳）,抽屉柜,品牌02,1200,文件收纳,米色,8*1*1,8,BN45B,艾米,收货,上架
TVEs324KSi,银色 品牌32 32英寸 电视机（超高清）,电视机,品牌32,32英寸,超高清,银色,8*1*1,8,DJ93B,艾米,收货,上架
CuQE12DoBe,米色 品牌01 1200 储物柜（带门式）,储物柜,品牌01,1200,带门式,米色,8*1*1,2,AI74F,艾米丽,收货,上架
PeGi50SoBl,黑色 品牌21 50 铅笔（可溶性）,铅笔,品牌21,50,可溶性,黑色,48*10*5,133,AN92A,约翰,收货,上架
CuQE90DoWh,白色 品牌01 900 储物柜（带门式）,储物柜,品牌01,900,带门式,白色,8*1*1,4,AL36E,大卫,收货,上架
KePH45ErNa,藏青色 品牌12 450 键盘（人体工学）,键盘,品牌12,450,人体工学,藏青色,16*10*1,10,DS01A,克里斯,收货,上架
PrNoA3InBl,黑色 品牌26 三号纸 打印机（喷墨）,打印机,品牌26,三号纸,喷墨,黑色,16*1*1,15,DS11D,艾米,收货,上架
AlOv1716Bl,黑色 品牌13 17英寸 一体机（16吉字节内存）,一体机,品牌13,17英寸,16吉字节内存,黑色,16*1*1,12,BT82F,迈克,收货,上架
PrPHA3InWh,白色 品牌12 三号纸 打印机（喷墨）,打印机,品牌12,三号纸,喷墨,白色,16*1*1,16,AS19H,克里斯,收货,上架
PrReA3InWh,白色 品牌24 三号纸 打印机（喷墨）,打印机,品牌24,三号纸,喷墨,白色,16*1*1,2,BT69H,克里斯,收货,上架
MoHc35WiPi,粉色 品牌09 350 鼠标（有线）,鼠标,品牌09,350,有线,粉色,16*10*1,113,CV94C,艾米丽,收货,上架
AlRe1532Bl,黑色 品牌14 15英寸 一体机（32吉字节内存）,一体机,品牌14,15英寸,32吉字节内存,黑色,16*1*1,9,DM46B,大卫,收货,上架
TaAE18FrWh,白色 品牌05 1800 桌子（框架式）,桌子,品牌05,1800,框架式,白色,8*1*1,5,DN24D,大卫,收货,上架
SPGi50WaBl,黑色 品牌21 50 触控笔（水彩）,触控笔,品牌21,50,水彩,黑色,48*10*5,1782,DO54D,迈克,收货,上架
AlYn1416Wh,白色 品牌15 14英寸 一体机（16吉字节内存）,一体机,品牌15,14英寸,16吉字节内存,白色,16*1*1,11,DZ01B,莎拉,收货,上架
PeAl12HePi,粉色 品牌20 12 铅笔（六角形）,铅笔,品牌20,12,六角形,粉色,48*10*5,1042,BU75A,艾米,收货,上架
LaSu14i5Wh,白色 品牌11 14英寸 笔记本电脑（第5代处理器）,笔记本电脑,品牌11,14英寸,第5代处理器,白色,16*1*1,10,AY88D,大卫,收货,上架
PrSoA3WiMi,混合色 品牌25 三号纸 打印机（无线网络）,打印机,品牌25,三号纸,无线网络,混合色,16*1*1,8,AF45A,克里斯,收货,上架
PrPHA3InWh,白色 品牌12 三号纸 打印机（喷墨）,打印机,品牌12,三号纸,喷墨,白色,16*1*1,14,AM88F,克里斯,收货,上架
CaQE90FiBe,米色 品牌01 900 文件柜（文件收纳）,文件柜,品牌01,900,文件收纳,米色,8*1*1,6,AM27H,克里斯,收货,上架
TVEs50FHGr,灰色 品牌32 50英寸 电视机（全高清）,电视机,品牌32,50英寸,全高清,灰色,8*1*1,4,DP01H,简,收货,上架
NoMuA3ruSi,银色 品牌19 三号纸 笔记本（横线）,笔记本,品牌19,三号纸,横线,银色,48*10*5,229,CT61G,简,收货,上架
TVGn42FHGr,灰色 品牌30 42英寸 电视机（全高清）,电视机,品牌30,42英寸,全高清,灰色,8*1*1,6,CF42G,亚历克斯,收货,上架
KePH27ErBl,黑色 品牌12 270 键盘（人体工学）,键盘,品牌12,270,人体工学,黑色,16*10*1,148,BX26F,大卫,收货,上架
KePH45MePi,粉色 品牌12 450 键盘（机械式）,键盘,品牌12,450,机械式,粉色,16*10*1,154,AX20A,劳拉,收货,上架
LaYn1432Gr,灰色 品牌15 14英寸 笔记本电脑（32吉字节内存）,笔记本电脑,品牌15,14英寸,32吉字节内存,灰色,16*1*1,12,BV76G,简,收货,上架
GaXESHeBl,黑色 品牌06 小号 游戏椅（头枕）,游戏椅,品牌06,小号,头枕,黑色,16*1*1,12,CJ45C,约翰,收货,上架
LaYn14i5Bl,黑色 品牌15 14英寸 笔记本电脑（第5代处理器）,笔记本电脑,品牌15,14英寸,第5代处理器,黑色,16*1*1,16,DP49G,艾米丽,收货,上架
GaOGLAdWh,白色 品牌07 大号 游戏椅（可调节）,游戏椅,品牌07,大号,可调节,白色,16*1*1,6,CG44G,迈克,收货,上架
PrSoA3WiMi,混合色 品牌25 三号纸 打印机（无线网络）,打印机,品牌25,三号纸,无线网络,混合色,16*1*1,10,DF70A,克里斯,收货,上架
KeRe35BlBl,黑色 品牌10 350 键盘（蓝牙）,键盘,品牌10,350,蓝牙,黑色,16*10*1,58,DV51H,劳拉,收货,上架
TaTR10AuGr,灰色 品牌28 1000 桌子（自动调节）,桌子,品牌28,1000,自动调节,灰色,8*1*1,1,CS94E,劳拉,收货,上架
CaRG18SlGr,灰色 品牌03 1800 文件柜（滑动式）,文件柜,品牌03,1800,滑动式,灰色,8*1*1,7,AS31C,迈克,收货,上架
TVEs75SFGr,灰色 品牌32 75英寸 电视机（超级全高清）,电视机,品牌32,75英寸,超级全高清,灰色,8*1*1,5,AN79B,艾米,收货,上架
SPGi50HeBl,黑色 品牌21 50 触控笔（六角形）,触控笔,品牌21,50,六角形,黑色,48*10*5,518,DG36D,艾米,收货,上架
AlOv15i7Si,银色 品牌13 15英寸 一体机（第7代处理器）,一体机,品牌13,15英寸,第7代处理器,银色,16*1*1,7,DT24D,莎拉,收货,上架
CuQE12DoBl,黑色 品牌01 1200 储物柜（带门式）,储物柜,品牌01,1200,带门式,黑色,8*1*1,3,DG98G,迈克,收货,上架
DrWE90LoGr,灰色 品牌02 900 抽屉柜（储物锁柜）,抽屉柜,品牌02,900,储物锁柜,灰色,8*1*1,8,DG21G,约翰,收货,上架
CuTE90SlBe,米色 品牌04 900 储物柜（滑动式）,储物柜,品牌04,900,滑动式,米色,8*1*1,6,AO84A,艾米丽,收货,上架
MoSu45WiWh,白色 品牌11 450 鼠标（有线）,鼠标,品牌11,450,有线,白色,16*10*1,66,BV26F,简,收货,上架
AlSu178GSi,银色 品牌11 17英寸 一体机（8吉字节内存）,一体机,品牌11,17英寸,8吉字节内存,银色,16*1*1,1,AL51A,克里斯,收货,上架
TVYn424KBl,黑色 品牌15 42英寸 电视机（超高清）,电视机,品牌15,42英寸,超高清,黑色,8*1*1,6,AS83H,迈克,收货,上架
OfXEMHeBl,黑色 品牌06 中号 办公椅（头枕）,办公椅,品牌06,中号,头枕,黑色,16*1*1,10,BZ30B,大卫,收货,上架
MoPH35MeWh,白色 品牌12 350 鼠标（机械式）,鼠标,品牌12,350,机械式,白色,16*10*1,141,DZ47F,艾米,收货,上架
MoSu45ErBl,黑色 品牌11 450 鼠标（人体工学）,鼠标,品牌11,450,人体工学,黑色,16*10*1,99,AK47C,劳拉,收货,上架
GaXELAdBl,黑色 品牌06 大号 游戏椅（可调节）,游戏椅,品牌06,大号,可调节,黑色,16*1*1,9,CQ17G,艾米,收货,上架
KeHc45BlWh,白色 品牌09 450 键盘（蓝牙）,键盘,品牌09,450,蓝牙,白色,16*10*1,4,AS13B,克里斯,收货,上架
CaWE12LoWh,白色 品牌02 1200 文件柜（储物锁柜）,文件柜,品牌02,1200,储物锁柜,白色,8*1*1,2,AZ02E,亚历克斯,收货,上架
PeAl50HeGr,灰色 品牌20 50 铅笔（六角形）,铅笔,品牌20,50,六角形,灰色,48*10*5,896,AQ21F,克里斯,收货,上架
AlRe1432Si,银色 品牌14 14英寸 一体机（32吉字节内存）,一体机,品牌14,14英寸,32吉字节内存,银色,16*1*1,7,DU64G,亚历克斯,收货,上架
PrPHA3LaMi,混合色 品牌12 三号纸 打印机（激光）,打印机,品牌12,三号纸,激光,混合色,16*1*1,12,CL90D,克里斯,收货,上架
CuQE90LoBe,米色 品牌01 900 储物柜（储物锁柜）,储物柜,品牌01,900,储物锁柜,米色,8*1*1,7,CZ96G,莎拉,收货,上架
TVYn42FHGr,灰色 品牌15 42英寸 电视机（全高清）,电视机,品牌15,42英寸,全高清,灰色,8*1*1,6,AF26F,艾米,收货,上架
KeRe45WiNa,藏青色 品牌10 450 键盘（有线）,键盘,品牌10,450,有线,藏青色,16*10*1,158,CX89H,约翰,收货,上架
TVGn75FHGr,灰色 品牌30 75英寸 电视机（全高清）,电视机,品牌30,75英寸,全高清,灰色,8*1*1,4,BQ82B,艾米丽,收货,上架
MoSu27ErBl,黑色 品牌11 270 鼠标（人体工学）,鼠标,品牌11,270,人体工学,黑色,16*10*1,34,CI72B,艾米丽,收货,上架
LaYn178GWh,白色 品牌15 17英寸 笔记本电脑（8吉字节内存）,笔记本电脑,品牌15,17英寸,8吉字节内存,白色,16*1*1,1,BV48E,艾米,收货,上架
OfXEMHeWh,白色 品牌06 中号 办公椅（头枕）,办公椅,品牌06,中号,头枕,白色,16*1*1,5,BY02F,亚历克斯,收货,上架
AlRe158GSi,银色 品牌14 15英寸 一体机（8吉字节内存）,一体机,品牌14,15英寸,8吉字节内存,银色,16*1*1,8,DY36D,艾米,收货,上架
AlRe14i5Si,银色 品牌14 14英寸 一体机（第5代处理器）,一体机,品牌14,14英寸,第5代处理器,银色,16*1*1,3,BS58F,简,收货,上架
AlSu1516Si,银色 品牌11 15英寸 一体机（16吉字节内存）,一体机,品牌11,15英寸,16吉字节内存,银色,16*1*1,14,BM12H,迈克,收货,上架
DrQE90LoWh,白色 品牌01 900 抽屉柜（储物锁柜）,抽屉柜,品牌01,900,储物锁柜,白色,8*1*1,1,AO77H,莎拉,收货,上架
DrWE18SlGr,灰色 品牌02 1800 抽屉柜（滑动式）,抽屉柜,品牌02,1800,滑动式,灰色,8*1*1,4,DR97D,艾米丽,收货,上架
TaAE10WoWh,白色 品牌05 1000 桌子（工作站）,桌子,品牌05,1000,工作站,白色,8*1*1,4,DF71A,艾米丽,收货,上架
SPGi24SoPi,粉色 品牌21 24 触控笔（可溶性）,触控笔,品牌21,24,可溶性,粉色,48*10*5,170,CV42G,亚历克斯,收货,上架
OfOGLLePi,粉色 品牌07 大号 办公椅（皮革）,办公椅,品牌07,大号,皮革,粉色,16*1*1,5,CN73E,迈克,收货,上架
GaAELErPi,粉色 品牌05 大号 游戏椅（人体工学）,游戏椅,品牌05,大号,人体工学,粉色,16*1*1,1,CR17B,艾米丽,收货,上架
OfXEMLeGr,灰色 品牌06 中号 办公椅（皮革）,办公椅,品牌06,中号,皮革,灰色,16*1*1,10,BH50C,约翰,收货,上架
OfOGSLeBl,黑色 品牌07 小号 办公椅（皮革）,办公椅,品牌07,小号,皮革,黑色,16*1*1,3,AR44H,简,收货,上架
PrPHA3WiBl,黑色 品牌12 三号纸 打印机（无线网络）,打印机,品牌12,三号纸,无线网络,黑色,16*1*1,2,CS67H,约翰,收货,上架
NoScA5ruWh,白色 品牌17 五号纸 笔记本（横线）,笔记本,品牌17,五号纸,横线,白色,48*10*5,175,BM46F,劳拉,收货,上架
KeRe35ErPi,粉色 品牌10 350 键盘（人体工学）,键盘,品牌10,350,人体工学,粉色,16*10*1,111,AS30F,艾米,收货,上架
SPGi24SoPi,粉色 品牌21 24 触控笔（可溶性）,触控笔,品牌21,24,可溶性,粉色,48*10*5,139,AJ26C,约翰,收货,上架
LaSu17i7Gr,灰色 品牌11 17英寸 笔记本电脑（第7代处理器）,笔记本电脑,品牌11,17英寸,第7代处理器,灰色,16*1*1,16,AT82D,艾米丽,收货,上架
AlRe1516Gr,灰色 品牌14 15英寸 一体机（16吉字节内存）,一体机,品牌14,15英寸,16吉字节内存,灰色,16*1*1,4,AV88D,莎拉,收货,上架
CaQE18SlBl,黑色 品牌01 1800 文件柜（滑动式）,文件柜,品牌01,1800,滑动式,黑色,8*1*1,4,AL32D,克里斯,收货,上架
DrTE90DoBl,黑色 品牌04 900 抽屉柜（带门式）,抽屉柜,品牌04,900,带门式,黑色,8*1*1,8,CF37F,艾米,收货,上架
NoScA3ruGr,灰色 品牌17 三号纸 笔记本（横线）,笔记本,品牌17,三号纸,横线,灰色,48*10*5,112,CP22H,简,收货,上架
PrReA4LaMi,混合色 品牌24 四号纸 打印机（激光）,打印机,品牌24,四号纸,激光,混合色,16*1*1,15,BK30A,艾米丽,收货,上架
DrQE12FiBe,米色 品牌01 1200 抽屉柜（文件收纳）,抽屉柜,品牌01,1200,文件收纳,米色,8*1*1,3,DT59A,简,收货,上架
TVGL75S4Gr,灰色 品牌31 75英寸 电视机（超级超高清）,电视机,品牌31,75英寸,超级超高清,灰色,8*1*1,1,AX01C,克里斯,收货,上架
TVEs654KWh,白色 品牌32 65英寸 电视机（超高清）,电视机,品牌32,65英寸,超高清,白色,8*1*1,4,AW31H,迈克,收货,上架
OfOGMErWh,白色 品牌07 中号 办公椅（人体工学）,办公椅,品牌07,中号,人体工学,白色,16*1*1,10,BU61G,克里斯,收货,上架
AlSu1432Bl,黑色 品牌11 14英寸 一体机（32吉字节内存）,一体机,品牌11,14英寸,32吉字节内存,黑色,16*1*1,10,AK08E,艾米,收货,上架
DrQE90DoBl,黑色 品牌01 900 抽屉柜（带门式）,抽屉柜,品牌01,900,带门式,黑色,8*1*1,7,BT34E,艾米丽,收货,上架
MoRe27BlPi,粉色 品牌10 270 鼠标（蓝牙）,鼠标,品牌10,270,蓝牙,粉色,16*10*1,67,BY04D,大卫,收货,上架
AlSu1516Wh,白色 品牌11 15英寸 一体机（16吉字节内存）,一体机,品牌11,15英寸,16吉字节内存,白色,16*1*1,10,CP94A,简,收货,上架
DrRG12DoBl,黑色 品牌03 1200 抽屉柜（带门式）,抽屉柜,品牌03,1200,带门式,黑色,8*1*1,5,AL07E,迈克,收货,上架
SPNa50HeWh,白色 品牌23 50 触控笔（六角形）,触控笔,品牌23,50,六角形,白色,48*10*5,2297,BG68G,简,收货,上架
AlSu17i7Wh,白色 品牌11 17英寸 一体机（第7代处理器）,一体机,品牌11,17英寸,第7代处理器,白色,16*1*1,16,BG81B,简,收货,上架
KeRe27ErWh,白色 品牌10 270 键盘（人体工学）,键盘,品牌10,270,人体工学,白色,16*10*1,125,DM69B,约翰,收货,上架
AlSu178GSi,银色 品牌11 17英寸 一体机（8吉字节内存）,一体机,品牌11,17英寸,8吉字节内存,银色,16*1*1,14,DP16F,劳拉,收货,上架
MoRe45ErBl,黑色 品牌10 450 鼠标（人体工学）,鼠标,品牌10,450,人体工学,黑色,16*10*1,124,DY40D,简,收货,上架
AlRe1532Gr,灰色 品牌14 15英寸 一体机（32吉字节内存）,一体机,品牌14,15英寸,32吉字节内存,灰色,16*1*1,9,BZ56F,莎拉,收货,上架
LaRe158GSi,银色 品牌14 15英寸 笔记本电脑（8吉字节内存）,笔记本电脑,品牌14,15英寸,8吉字节内存,银色,16*1*1,13,AK50B,劳拉,收货,上架
NoGrA3liSi,银色 品牌18 三号纸 笔记本（线条）,笔记本,品牌18,三号纸,线条,银色,48*10*5,681,DO61G,克里斯,收货,上架
DrQE90FiGr,灰色 品牌01 900 抽屉柜（文件收纳）,抽屉柜,品牌01,900,文件收纳,灰色,8*1*1,4,DF63F,克里斯,收货,上架
NoExA5liGr,灰色 品牌16 五号纸 笔记本（线条）,笔记本,品牌16,五号纸,线条,灰色,48*10*5,1993,AP82G,莎拉,收货,上架
PeNa50SoGr,灰色 品牌23 50 铅笔（可溶性）,铅笔,品牌23,50,可溶性,灰色,48*10*5,361,CG94G,艾米,收货,上架
TaTR18AdGr,灰色 品牌28 1800 桌子（可调节）,桌子,品牌28,1800,可调节,灰色,8*1*1,5,DZ01D,简,收货,上架
NoMuA4liBl,黑色 品牌19 四号纸 笔记本（线条）,笔记本,品牌19,四号纸,线条,黑色,48*10*5,1977,BX95B,克里斯,收货,上架
NoGrA3ruBl,黑色 品牌18 三号纸 笔记本（横线）,笔记本,品牌18,三号纸,横线,黑色,48*10*5,342,DJ13H,艾米,收货,上架
AlOv1432Bl,黑色 品牌13 14英寸 一体机（32吉字节内存）,一体机,品牌13,14英寸,32吉字节内存,黑色,16*1*1,1,DK73H,艾米丽,收货,上架
AlPH17i7Wh,白色 品牌12 17英寸 一体机（第7代处理器）,一体机,品牌12,17英寸,第7代处理器,白色,16*1*1,7,DM80E,劳拉,收货,上架
TVEs654KSi,银色 品牌32 65英寸 电视机（超高清）,电视机,品牌32,65英寸,超高清,银色,8*1*1,6,AK03F,艾米,收货,上架
LaYn158GWh,白色 品牌15 15英寸 笔记本电脑（8吉字节内存）,笔记本电脑,品牌15,15英寸,8吉字节内存,白色,16*1*1,14,DH07B,克里斯,收货,上架
TVGn654KGr,灰色 品牌30 65英寸 电视机（超高清）,电视机,品牌30,65英寸,超高清,灰色,8*1*1,7,AJ12H,艾米,收货,上架
OfXESHeGr,灰色 品牌06 小号 办公椅（头枕）,办公椅,品牌06,小号,头枕,灰色,16*1*1,12,AQ80C,克里斯,收货,上架
DrWE12LoWh,白色 品牌02 1200 抽屉柜（储物锁柜）,抽屉柜,品牌02,1200,储物锁柜,白色,8*1*1,6,DI14G,艾米,收货,上架
NoMuA3ruGr,灰色 品牌19 三号纸 笔记本（横线）,笔记本,品牌19,三号纸,横线,灰色,48*10*5,248,CM96B,劳拉,收货,上架
AlRe1716Gr,灰色 品牌14 17英寸 一体机（16吉字节内存）,一体机,品牌14,17英寸,16吉字节内存,灰色,16*1*1,8,CN86B,简,收货,上架
OfAEMHeBl,黑色 品牌05 中号 办公椅（头枕）,办公椅,品牌05,中号,头枕,黑色,16*1*1,5,AK84A,亚历克斯,收货,上架
NoExA5doGr,灰色 品牌16 五号纸 笔记本（点阵）,笔记本,品牌16,五号纸,点阵,灰色,48*10*5,2228,DH95C,迈克,收货,上架
LaSu1732Gr,灰色 品牌11 17英寸 笔记本电脑（32吉字节内存）,笔记本电脑,品牌11,17英寸,32吉字节内存,灰色,16*1*1,5,CW06F,艾米丽,收货,上架
PrNoA3LaWh,白色 品牌26 三号纸 打印机（激光）,打印机,品牌26,三号纸,激光,白色,16*1*1,6,AU85F,莎拉,收货,上架
GaOGSErGr,灰色 品牌07 小号 游戏椅（人体工学）,游戏椅,品牌07,小号,人体工学,灰色,16*1*1,1,BG69E,莎拉,收货,上架
MoRe35ErBl,黑色 品牌10 350 鼠标（人体工学）,鼠标,品牌10,350,人体工学,黑色,16*10*1,49,AR39G,大卫,收货,上架
AlPH14i5Wh,白色 品牌12 14英寸 一体机（第5代处理器）,一体机,品牌12,14英寸,第5代处理器,白色,16*1*1,11,AU09H,艾米,收货,上架
NoScA3ruWh,白色 品牌17 三号纸 笔记本（横线）,笔记本,品牌17,三号纸,横线,白色,48*10*5,982,CX88F,迈克,收货,上架
MoSu35BlWh,白色 品牌11 350 鼠标（蓝牙）,鼠标,品牌11,350,蓝牙,白色,16*10*1,5,CX74D,约翰,收货,上架
CuTE18DoGr,灰色 品牌04 1800 储物柜（带门式）,储物柜,品牌04,1800,带门式,灰色,8*1*1,1,BM59E,莎拉,收货,上架
NoGrA5doGr,灰色 品牌18 五号纸 笔记本（点阵）,笔记本,品牌18,五号纸,点阵,灰色,48*10*5,1030,AJ38D,艾米,收货,上架
TVYn42SFBl,黑色 品牌15 42英寸 电视机（超级全高清）,电视机,品牌15,42英寸,超级全高清,黑色,8*1*1,6,BH08D,简,收货,上架
GaAEMErWh,白色 品牌05 中号 游戏椅（人体工学）,游戏椅,品牌05,中号,人体工学,白色,16*1*1,3,BI66E,简,收货,上架
AlRe148GGr,灰色 品牌14 14英寸 一体机（8吉字节内存）,一体机,品牌14,14英寸,8吉字节内存,灰色,16*1*1,1,AY62F,约翰,收货,上架
TaTR10FrSi,银色 品牌28 1000 桌子（框架式）,桌子,品牌28,1000,框架式,银色,8*1*1,6,CT96C,劳拉,收货,上架
TaCI10WoWh,白色 品牌27 1000 桌子（工作站）,桌子,品牌27,1000,工作站,白色,8*1*1,1,BO31D,艾米,收货,上架
PrPHA3AlMi,混合色 品牌12 三号纸 打印机（一体式）,打印机,品牌12,三号纸,一体式,混合色,16*1*1,4,BZ56F,艾米,收货,上架
AlRe17i5Bl,黑色 品牌14 17英寸 一体机（第5代处理器）,一体机,品牌14,17英寸,第5代处理器,黑色,16*1*1,7,CV07H,艾米,收货,上架
KeSu45WiWh,白色 品牌11 450 键盘（有线）,键盘,品牌11,450,有线,白色,16*10*1,142,CU47D,亚历克斯,收货,上架
CaRG90DoBl,黑色 品牌03 900 文件柜（带门式）,文件柜,品牌03,900,带门式,黑色,8*1*1,4,AK27H,莎拉,收货,上架
AlOv15i7Gr,灰色 品牌13 15英寸 一体机（第7代处理器）,一体机,品牌13,15英寸,第7代处理器,灰色,16*1*1,8,AM64A,劳拉,收货,上架
KeSu35WiBl,黑色 品牌11 350 键盘（有线）,键盘,品牌11,350,有线,黑色,16*10*1,80,BW79A,艾米丽,收货,上架
MoRe35BlBl,黑色 品牌10 350 鼠标（蓝牙）,鼠标,品牌10,350,蓝牙,黑色,16*10*1,120,AJ34F,克里斯,收货,上架
GaSESHeBl,黑色 品牌08 小号 游戏椅（头枕）,游戏椅,品牌08,小号,头枕,黑色,16*1*1,15,CY36B,约翰,收货,上架
CaRG18LoWh,白色 品牌03 1800 文件柜（储物锁柜）,文件柜,品牌03,1800,储物锁柜,白色,8*1*1,2,AJ47F,迈克,收货,上架
PeNa12SoWh,白色 品牌23 12 铅笔（可溶性）,铅笔,品牌23,12,可溶性,白色,48*10*5,1548,BS73E,劳拉,收货,上架
OfXESAdWh,白色 品牌06 小号 办公椅（可调节）,办公椅,品牌06,小号,可调节,白色,16*1*1,9,CR15C,亚历克斯,收货,上架
LaOv15i7Wh,白色 品牌13 15英寸 笔记本电脑（第7代处理器）,笔记本电脑,品牌13,15英寸,第7代处理器,白色,16*1*1,14,CI10C,大卫,收货,上架
CaRG90LoGr,灰色 品牌03 900 文件柜（储物锁柜）,文件柜,品牌03,900,储物锁柜,灰色,8*1*1,6,AJ46D,迈克,收货,上架
CuTE90LoGr,灰色 品牌04 900 储物柜（储物锁柜）,储物柜,品牌04,900,储物锁柜,灰色,8*1*1,4,DY83A,艾米丽,收货,上架
TVGn324KGr,灰色 品牌30 32英寸 电视机（超高清）,电视机,品牌30,32英寸,超高清,灰色,8*1*1,2,CM19F,艾米,收货,上架
LaRe148GWh,白色 品牌14 14英寸 笔记本电脑（8吉字节内存）,笔记本电脑,品牌14,14英寸,8吉字节内存,白色,16*1*1,13,BU67G,约翰,收货,上架
TVGn424KGr,灰色 品牌30 42英寸 电视机（超高清）,电视机,品牌30,42英寸,超高清,灰色,8*1*1,7,AU02B,大卫,收货,上架
AlOv178GBl,黑色 品牌13 17英寸 一体机（8吉字节内存）,一体机,品牌13,17英寸,8吉字节内存,黑色,16*1*1,10,AP87E,约翰,收货,上架
PeGi24WaBl,黑色 品牌21 24 铅笔（水彩）,铅笔,品牌21,24,水彩,黑色,48*10*5,1477,CM96G,劳拉,收货,上架
MoSu27ErNa,藏青色 品牌11 270 鼠标（人体工学）,鼠标,品牌11,270,人体工学,藏青色,16*10*1,62,AK30A,艾米丽,收货,上架
OfXELErBl,黑色 品牌06 大号 办公椅（人体工学）,办公椅,品牌06,大号,人体工学,黑色,16*1*1,14,AL03G,迈克,收货,上架
CuQE90FiBl,黑色 品牌01 900 储物柜（文件收纳）,储物柜,品牌01,900,文件收纳,黑色,8*1*1,3,DF77H,艾米,收货,上架
AlPH1532Wh,白色 品牌12 15英寸 一体机（32吉字节内存）,一体机,品牌12,15英寸,32吉字节内存,白色,16*1*1,8,DR49C,艾米,收货,上架
CuTE18SlWh,白色 品牌04 1800 储物柜（滑动式）,储物柜,品牌04,1800,滑动式,白色,8*1*1,8,BY58E,迈克,收货,上架
PrSoA4MoBl,黑色 品牌25 四号纸 打印机（黑白）,打印机,品牌25,四号纸,黑白,黑色,16*1*1,9,BO58H,迈克,收货,上架
TVEs75FHWh,白色 品牌32 75英寸 电视机（全高清）,电视机,品牌32,75英寸,全高清,白色,8*1*1,3,AM36E,迈克,收货,上架
KeHc45MeBl,黑色 品牌09 450 键盘（机械式）,键盘,品牌09,450,机械式,黑色,16*10*1,67,AR86F,克里斯,收货,上架
LaOv1432Bl,黑色 品牌13 14英寸 笔记本电脑（32吉字节内存）,笔记本电脑,品牌13,14英寸,32吉字节内存,黑色,16*1*1,8,DV81D,克里斯,收货,上架
CuQE90SlBl,黑色 品牌01 900 储物柜（滑动式）,储物柜,品牌01,900,滑动式,黑色,8*1*1,2,CG46D,亚历克斯,收货,上架
GaXEMAdWh,白色 品牌06 中号 游戏椅（可调节）,游戏椅,品牌06,中号,可调节,白色,16*1*1,14,CR95D,简,收货,上架
TaCI18AdBl,黑色 品牌27 1800 桌子（可调节）,桌子,品牌27,1800,可调节,黑色,8*1*1,6,AG68D,约翰,收货,上架
SPAl24WaWh,白色 品牌20 24 触控笔（水彩）,触控笔,品牌20,24,水彩,白色,48*10*5,303,AS66D,大卫,收货,上架
MoSu45MePi,粉色 品牌11 450 鼠标（机械式）,鼠标,品牌11,450,机械式,粉色,16*10*1,9,DN10H,亚历克斯,收货,上架
OfAEMAdGr,灰色 品牌05 中号 办公椅（可调节）,办公椅,品牌05,中号,可调节,灰色,16*1*1,12,CM60E,艾米丽,收货,上架
PeNa24WaWh,白色 品牌23 24 铅笔（水彩）,铅笔,品牌23,24,水彩,白色,48*10*5,2350,AW83D,约翰,收货,上架
DrQE90SlBe,米色 品牌01 900 抽屉柜（滑动式）,抽屉柜,品牌01,900,滑动式,米色,8*1*1,5,AX76D,大卫,收货,上架
PrNoA4MoMi,混合色 品牌26 四号纸 打印机（黑白）,打印机,品牌26,四号纸,黑白,混合色,16*1*1,13,AP09B,亚历克斯,收货,上架
TaTR10WoBl,黑色 品牌28 1000 桌子（工作站）,桌子,品牌28,1000,工作站,黑色,8*1*1,4,AW51B,大卫,收货,上架
TVGL50FHBl,黑色 品牌31 50英寸 电视机（全高清）,电视机,品牌31,50英寸,全高清,黑色,8*1*1,3,DP10G,亚历克斯,收货,上架
NoExA5liBl,黑色 品牌16 五号纸 笔记本（线条）,笔记本,品牌16,五号纸,线条,黑色,48*10*5,765,AG47A,艾米,收货,上架
CuWE12LoWh,白色 品牌02 1200 储物柜（储物锁柜）,储物柜,品牌02,1200,储物锁柜,白色,8*1*1,4,AN48G,约翰,收货,上架
AlPH17i7Gr,灰色 品牌12 17英寸 一体机（第7代处理器）,一体机,品牌12,17英寸,第7代处理器,灰色,16*1*1,16,AR06B,劳拉,收货,上架
OfOGLAdWh,白色 品牌07 大号 办公椅（可调节）,办公椅,品牌07,大号,可调节,白色,16*1*1,13,DW14E,艾米丽,收货,上架
PrPHA4LaWh,白色 品牌12 四号纸 打印机（激光）,打印机,品牌12,四号纸,激光,白色,16*1*1,3,DS27G,简,收货,上架
LaYn15i5Bl,黑色 品牌15 15英寸 笔记本电脑（第5代处理器）,笔记本电脑,品牌15,15英寸,第5代处理器,黑色,16*1*1,9,AU44D,亚历克斯,收货,上架
CaRG18SlBl,黑色 品牌03 1800 文件柜（滑动式）,文件柜,品牌03,1800,滑动式,黑色,8*1*1,2,AM66F,亚历克斯,收货,上架
TVGn654KSi,银色 品牌30 65英寸 电视机（超高清）,电视机,品牌30,65英寸,超高清,银色,8*1*1,1,AF34A,简,收货,上架
AlYn1732Gr,灰色 品牌15 17英寸 一体机（32吉字节内存）,一体机,品牌15,17英寸,32吉字节内存,灰色,16*1*1,4,DQ66D,简,收货,上架
GaSESLeBl,黑色 品牌08 小号 游戏椅（皮革）,游戏椅,品牌08,小号,皮革,黑色,16*1*1,8,AU17A,约翰,收货,上架
TaAE15AuBl,黑色 品牌05 1500 桌子（自动调节）,桌子,品牌05,1500,自动调节,黑色,8*1*1,8,BQ79G,亚历克斯,收货,上架
LaRe15i5Wh,白色 品牌14 15英寸 笔记本电脑（第5代处理器）,笔记本电脑,品牌14,15英寸,第5代处理器,白色,16*1*1,8,DM36C,艾米,收货,上架
TVEs504KGr,灰色 品牌32 50英寸 电视机（超高清）,电视机,品牌32,50英寸,超高清,灰色,8*1*1,8,AX95E,亚历克斯,收货,上架
PeAl50WaPi,粉色 品牌20 50 铅笔（水彩）,铅笔,品牌20,50,水彩,粉色,48*10*5,1059,DF19C,劳拉,收货,上架
LaPH1516Si,银色 品牌12 15英寸 笔记本电脑（16吉字节内存）,笔记本电脑,品牌12,15英寸,16吉字节内存,银色,16*1*1,5,CR05G,克里斯,收货,上架
NoExA5liGr,灰色 品牌16 五号纸 笔记本（线条）,笔记本,品牌16,五号纸,线条,灰色,48*10*5,271,DU88E,艾米丽,收货,上架
AlPH15i7Si,银色 品牌12 15英寸 一体机（第7代处理器）,一体机,品牌12,15英寸,第7代处理器,银色,16*1*1,8,CT69C,艾米丽,收货,上架
OfOGLAdWh,白色 品牌07 大号 办公椅（可调节）,办公椅,品牌07,大号,可调节,白色,16*1*1,5,DJ29D,迈克,收货,上架
LaPH15i5Si,银色 品牌12 15英寸 笔记本电脑（第5代处理器）,笔记本电脑,品牌12,15英寸,第5代处理器,银色,16*1*1,6,DQ38B,莎拉,收货,上架
PeRe12HePi,粉色 品牌22 12 铅笔（六角形）,铅笔,品牌22,12,六角形,粉色,48*10*5,2171,DO48D,约翰,收货,上架
TVGL65FHGr,灰色 品牌31 65英寸 电视机（全高清）,电视机,品牌31,65英寸,全高清,灰色,8*1*1,6,BL73E,劳拉,收货,上架
TVEs32S4Gr,灰色 品牌32 32英寸 电视机（超级超高清）,电视机,品牌32,32英寸,超级超高清,灰色,8*1*1,7,BZ76B,约翰,收货,上架
CuTE90FiWh,白色 品牌04 900 储物柜（文件收纳）,储物柜,品牌04,900,文件收纳,白色,8*1*1,8,DX14E,艾米丽,收货,上架
CuTE18LoGr,灰色 品牌04 1800 储物柜（储物锁柜）,储物柜,品牌04,1800,储物锁柜,灰色,8*1*1,1,DF23C,克里斯,收货,上架
LaOv17i5Gr,灰色 品牌13 17英寸 笔记本电脑（第5代处理器）,笔记本电脑,品牌13,17英寸,第5代处理器,灰色,16*1*1,12,BK34F,克里斯,收货,上架
GaOGSHeWh,白色 品牌07 小号 游戏椅（头枕）,游戏椅,品牌07,小号,头枕,白色,16*1*1,16,CP07A,莎拉,收货,上架
MoHc35WiWh,白色 品牌09 350 鼠标（有线）,鼠标,品牌09,350,有线,白色,16*10*1,95,AL57G,迈克,收货,上架
DrWE12LoBl,黑色 品牌02 1200 抽屉柜（储物锁柜）,抽屉柜,品牌02,1200,储物锁柜,黑色,8*1*1,1,DY34A,莎拉,收货,上架
PrReA4MoMi,混合色 品牌24 四号纸 打印机（黑白）,打印机,品牌24,四号纸,黑白,混合色,16*1*1,2,CG66F,劳拉,收货,上架
CaRG90DoBe,米色 品牌03 900 文件柜（带门式）,文件柜,品牌03,900,带门式,米色,8*1*1,2,AQ49C,简,收货,上架
CuRG90DoGr,灰色 品牌03 900 储物柜（带门式）,储物柜,品牌03,900,带门式,灰色,8*1*1,6,AI41A,艾米丽,收货,上架
DrRG90LoBl,黑色 品牌03 900 抽屉柜（储物锁柜）,抽屉柜,品牌03,900,储物锁柜,黑色,8*1*1,4,CS51F,约翰,收货,上架
CuQE90LoBe,米色 品牌01 900 储物柜（储物锁柜）,储物柜,品牌01,900,储物锁柜,米色,8*1*1,3,AU96E,简,收货,上架
SPGi12WaGr,灰色 品牌21 12 触控笔（水彩）,触控笔,品牌21,12,水彩,灰色,48*10*5,1360,AJ32H,大卫,收货,上架
MoRe35WiPi,粉色 品牌10 350 鼠标（有线）,鼠标,品牌10,350,有线,粉色,16*10*1,73,CG88D,迈克,收货,上架
MoSu45BlNa,藏青色 品牌11 450 鼠标（蓝牙）,鼠标,品牌11,450,蓝牙,藏青色,16*10*1,53,BV80F,艾米丽,收货,上架
NoMuA5ruWh,白色 品牌19 五号纸 笔记本（横线）,笔记本,品牌19,五号纸,横线,白色,48*10*5,1440,DY52E,亚历克斯,收货,上架
PrReA2MoMi,混合色 品牌24 二号纸 打印机（黑白）,打印机,品牌24,二号纸,黑白,混合色,16*1*1,8,AZ05A,莎拉,收货,上架
TVGn75SFGr,灰色 品牌30 75英寸 电视机（超级全高清）,电视机,品牌30,75英寸,超级全高清,灰色,8*1*1,5,AL90F,克里斯,收货,上架
KePH27MePi,粉色 品牌12 270 键盘（机械式）,键盘,品牌12,270,机械式,粉色,16*10*1,36,AP04C,克里斯,收货,上架
CuQE90SlGr,灰色 品牌01 900 储物柜（滑动式）,储物柜,品牌01,900,滑动式,灰色,8*1*1,6,CF68H,大卫,收货,上架
NoScA5ruSi,银色 品牌17 五号纸 笔记本（横线）,笔记本,品牌17,五号纸,横线,银色,48*10*5,990,BL35H,迈克,收货,上架
KeRe45WiBl,黑色 品牌10 450 键盘（有线）,键盘,品牌10,450,有线,黑色,16*10*1,151,DK52E,简,收货,上架
PrPHA4MoWh,白色 品牌12 四号纸 打印机（黑白）,打印机,品牌12,四号纸,黑白,白色,16*1*1,10,DV67F,克里斯,收货,上架
LaRe1516Si,银色 品牌14 15英寸 笔记本电脑（16吉字节内存）,笔记本电脑,品牌14,15英寸,16吉字节内存,银色,16*1*1,14,DY47A,亚历克斯,收货,上架
KeHc45MeBl,黑色 品牌09 450 键盘（机械式）,键盘,品牌09,450,机械式,黑色,16*10*1,90,BR71B,亚历克斯,收货,上架
MoSu35BlNa,藏青色 品牌11 350 鼠标（蓝牙）,鼠标,品牌11,350,蓝牙,藏青色,16*10*1,140,BU48F,简,收货,上架
AlSu158GWh,白色 品牌11 15英寸 一体机（8吉字节内存）,一体机,品牌11,15英寸,8吉字节内存,白色,16*1*1,1,DI09A,劳拉,收货,上架
CaRG90SlBe,米色 品牌03 900 文件柜（滑动式）,文件柜,品牌03,900,滑动式,米色,8*1*1,7,AY49A,莎拉,收货,上架
LaOv1716Si,银色 品牌13 17英寸 笔记本电脑（16吉字节内存）,笔记本电脑,品牌13,17英寸,16吉字节内存,银色,16*1*1,1,BJ65F,简,收货,上架
NoExA4doWh,白色 品牌16 四号纸 笔记本（点阵）,笔记本,品牌16,四号纸,点阵,白色,48*10*5,1763,AU65A,莎拉,收货,上架
GaAESLeBl,黑色 品牌05 小号 游戏椅（皮革）,游戏椅,品牌05,小号,皮革,黑色,16*1*1,14,DX30B,亚历克斯,收货,上架
TVGn32FHSi,银色 品牌30 32英寸 电视机（全高清）,电视机,品牌30,32英寸,全高清,银色,8*1*1,8,CM21A,艾米,收货,上架
TaCI18FrSi,银色 品牌27 1800 桌子（框架式）,桌子,品牌27,1800,框架式,银色,8*1*1,1,AO61E,约翰,收货,上架
MoHc35ErPi,粉色 品牌09 350 鼠标（人体工学）,鼠标,品牌09,350,人体工学,粉色,16*10*1,109,DJ42G,艾米,收货,上架
CaWE90FiGr,灰色 品牌02 900 文件柜（文件收纳）,文件柜,品牌02,900,文件收纳,灰色,8*1*1,6,DL63F,大卫,收货,上架
LaRe15i7Gr,灰色 品牌14 15英寸 笔记本电脑（第7代处理器）,笔记本电脑,品牌14,15英寸,第7代处理器,灰色,16*1*1,9,CJ11A,劳拉,收货,上架
LaSu17i7Si,银色 品牌11 17英寸 笔记本电脑（第7代处理器）,笔记本电脑,品牌11,17英寸,第7代处理器,银色,16*1*1,14,AY51E,迈克,收货,上架
MoHc35ErBl,黑色 品牌09 350 鼠标（人体工学）,鼠标,品牌09,350,人体工学,黑色,16*10*1,82,DG53D,艾米,收货,上架
OfXELErPi,粉色 品牌06 大号 办公椅（人体工学）,办公椅,品牌06,大号,人体工学,粉色,16*1*1,5,CQ90B,迈克,收货,上架
MoRe27WiBl,黑色 品牌10 270 鼠标（有线）,鼠标,品牌10,270,有线,黑色,16*10*1,72,AK40B,大卫,收货,上架
OfXESAdGr,灰色 品牌06 小号 办公椅（可调节）,办公椅,品牌06,小号,可调节,灰色,16*1*1,3,CU23A,劳拉,收货,上架
PrReA2InGr,灰色 品牌24 二号纸 打印机（喷墨）,打印机,品牌24,二号纸,喷墨,灰色,16*1*1,8,CF37G,莎拉,收货,上架
CaRG18SlGr,灰色 品牌03 1800 文件柜（滑动式）,文件柜,品牌03,1800,滑动式,灰色,8*1*1,6,CF47H,艾米丽,收货,上架
CuWE18SlGr,灰色 品牌02 1800 储物柜（滑动式）,储物柜,品牌02,1800,滑动式,灰色,8*1*1,6,BZ29B,简,收货,上架
AlPH15i7Wh,白色 品牌12 15英寸 一体机（第7代处理器）,一体机,品牌12,15英寸,第7代处理器,白色,16*1*1,2,DX74B,莎拉,收货,上架
NoGrA4ruWh,白色 品牌18 四号纸 笔记本（横线）,笔记本,品牌18,四号纸,横线,白色,48*10*5,1516,BS76D,约翰,收货,上架
NoExA4ruSi,银色 品牌16 四号纸 笔记本（横线）,笔记本,品牌16,四号纸,横线,银色,48*10*5,270,BZ48A,亚历克斯,收货,上架
KeSu35BlNa,藏青色 品牌11 350 键盘（蓝牙）,键盘,品牌11,350,蓝牙,藏青色,16*10*1,155,BG40C,艾米丽,收货,上架
SPRe50WaBl,黑色 品牌22 50 触控笔（水彩）,触控笔,品牌22,50,水彩,黑色,48*10*5,1419,BK95B,简,收货,上架
OfSEMLeWh,白色 品牌08 中号 办公椅（皮革）,办公椅,品牌08,中号,皮革,白色,16*1*1,11,CO05G,艾米丽,收货,上架
PrReA3LaGr,灰色 品牌24 三号纸 打印机（激光）,打印机,品牌24,三号纸,激光,灰色,16*1*1,13,BO02H,大卫,收货,上架
AlYn1716Bl,黑色 品牌15 17英寸 一体机（16吉字节内存）,一体机,品牌15,17英寸,16吉字节内存,黑色,16*1*1,15,AO06A,亚历克斯,收货,上架
LaPH1532Wh,白色 品牌12 15英寸 笔记本电脑（32吉字节内存）,笔记本电脑,品牌12,15英寸,32吉字节内存,白色,16*1*1,6,AG62A,亚历克斯,收货,上架
OfOGMAdBl,黑色 品牌07 中号 办公椅（可调节）,办公椅,品牌07,中号,可调节,黑色,16*1*1,14,DS28H,约翰,收货,上架
OfXESAdBl,黑色 品牌06 小号 办公椅（可调节）,办公椅,品牌06,小号,可调节,黑色,16*1*1,15,DQ65E,莎拉,收货,上架
LaYn1532Gr,灰色 品牌15 15英寸 笔记本电脑（32吉字节内存）,笔记本电脑,品牌15,15英寸,32吉字节内存,灰色,16*1*1,11,DP13A,艾米丽,收货,上架
LaPH1716Si,银色 品牌12 17英寸 笔记本电脑（16吉字节内存）,笔记本电脑,品牌12,17英寸,16吉字节内存,银色,16*1*1,12,CO06A,亚历克斯,收货,上架
KeSu45WiNa,藏青色 品牌11 450 键盘（有线）,键盘,品牌11,450,有线,藏青色,16*10*1,108,BR16F,克里斯,收货,上架
PeRe50HeGr,灰色 品牌22 50 铅笔（六角形）,铅笔,品牌22,50,六角形,灰色,48*10*5,1081,DS57G,艾米丽,收货,上架
PeNa50HeBl,黑色 品牌23 50 铅笔（六角形）,铅笔,品牌23,50,六角形,黑色,48*10*5,997,BV47A,艾米,收货,上架
LaPH1716Bl,黑色 品牌12 17英寸 笔记本电脑（16吉字节内存）,笔记本电脑,品牌12,17英寸,16吉字节内存,黑色,16*1*1,15,DU14C,大卫,收货,上架
TVEs32SFBl,黑色 品牌32 32英寸 电视机（超级全高清）,电视机,品牌32,32英寸,超级全高清,黑色,8*1*1,3,DT30B,亚历克斯,收货,上架
MoHc27MePi,粉色 品牌09 270 鼠标（机械式）,鼠标,品牌09,270,机械式,粉色,16*10*1,70,CQ15D,大卫,收货,上架
PrNoA2InBl,黑色 品牌26 二号纸 打印机（喷墨）,打印机,品牌26,二号纸,喷墨,黑色,16*1*1,12,CJ27D,艾米,收货,上架
LaOv148GGr,灰色 品牌13 14英寸 笔记本电脑（8吉字节内存）,笔记本电脑,品牌13,14英寸,8吉字节内存,灰色,16*1*1,7,BK18D,克里斯,收货,上架
KePH45MeBl,黑色 品牌12 450 键盘（机械式）,键盘,品牌12,450,机械式,黑色,16*10*1,99,AP43A,克里斯,收货,上架
LaPH178GGr,灰色 品牌12 17英寸 笔记本电脑（8吉字节内存）,笔记本电脑,品牌12,17英寸,8吉字节内存,灰色,16*1*1,13,BW06E,迈克,收货,上架
GaAEMErBl,黑色 品牌05 中号 游戏椅（人体工学）,游戏椅,品牌05,中号,人体工学,黑色,16*1*1,6,CG40D,劳拉,收货,上架
GaOGMErGr,灰色 品牌07 中号 游戏椅（人体工学）,游戏椅,品牌07,中号,人体工学,灰色,16*1*1,10,CW36H,莎拉,收货,上架
CaQE90FiGr,灰色 品牌01 900 文件柜（文件收纳）,文件柜,品牌01,900,文件收纳,灰色,8*1*1,7,BY16F,莎拉,收货,上架
GaOGSAdWh,白色 品牌07 小号 游戏椅（可调节）,游戏椅,品牌07,小号,可调节,白色,16*1*1,16,AL65C,克里斯,收货,上架
LaPH17i5Gr,灰色 品牌12 17英寸 笔记本电脑（第5代处理器）,笔记本电脑,品牌12,17英寸,第5代处理器,灰色,16*1*1,4,AI39D,克里斯,收货,上架
CuQE90FiBe,米色 品牌01 900 储物柜（文件收纳）,储物柜,品牌01,900,文件收纳,米色,8*1*1,3,DQ80D,莎拉,收货,上架
OfXEMErGr,灰色 品牌06 中号 办公椅（人体工学）,办公椅,品牌06,中号,人体工学,灰色,16*1*1,12,AU67B,劳拉,收货,上架
CaWE90DoBe,米色 品牌02 900 文件柜（带门式）,文件柜,品牌02,900,带门式,米色,8*1*1,4,AT57F,简,收货,上架
TaTR18AdWh,白色 品牌28 1800 桌子（可调节）,桌子,品牌28,1800,可调节,白色,8*1*1,5,CM57B,约翰,收货,上架
TVGL324KBl,黑色 品牌31 32英寸 电视机（超高清）,电视机,品牌31,32英寸,超高清,黑色,8*1*1,5,BJ77E,莎拉,收货,上架
LaRe148GWh,白色 品牌14 14英寸 笔记本电脑（8吉字节内存）,笔记本电脑,品牌14,14英寸,8吉字节内存,白色,16*1*1,3,DO96G,大卫,收货,上架
OfOGMLeWh,白色 品牌07 中号 办公椅（皮革）,办公椅,品牌07,中号,皮革,白色,16*1*1,4,BZ50A,大卫,收货,上架
CaWE12LoGr,灰色 品牌02 1200 文件柜（储物锁柜）,文件柜,品牌02,1200,储物锁柜,灰色,8*1*1,4,DQ56E,艾米,收货,上架
GaXELLePi,粉色 品牌06 大号 游戏椅（皮革）,游戏椅,品牌06,大号,皮革,粉色,16*1*1,8,DW57D,莎拉,收货,上架
TVGL754KWh,白色 品牌31 75英寸 电视机（超高清）,电视机,品牌31,75英寸,超高清,白色,8*1*1,4,BO98D,亚历克斯,收货,上架
CuWE18LoWh,白色 品牌02 1800 储物柜（储物锁柜）,储物柜,品牌02,1800,储物锁柜,白色,8*1*1,3,BL08B,约翰,收货,上架
KeHc35ErNa,藏青色 品牌09 350 键盘（人体工学）,键盘,品牌09,350,人体工学,藏青色,16*10*1,67,AP87E,迈克,收货,上架
LaYn1732Si,银色 品牌15 17英寸 笔记本电脑（32吉字节内存）,笔记本电脑,品牌15,17英寸,32吉字节内存,银色,16*1*1,14,CS39F,艾米,收货,上架
PrPHA3WiGr,灰色 品牌12 三号纸 打印机（无线网络）,打印机,品牌12,三号纸,无线网络,灰色,16*1*1,2,AW14G,劳拉,收货,上架
DrTE90SlWh,白色 品牌04 900 抽屉柜（滑动式）,抽屉柜,品牌04,900,滑动式,白色,8*1*1,2,AQ77C,艾米丽,收货,上架
DrTE18DoWh,白色 品牌04 1800 抽屉柜（带门式）,抽屉柜,品牌04,1800,带门式,白色,8*1*1,1,AH42F,莎拉,收货,上架
PrPHA4WiBl,黑色 品牌12 四号纸 打印机（无线网络）,打印机,品牌12,四号纸,无线网络,黑色,16*1*1,7,AM56B,艾米,收货,上架
TaTR18FrGr,灰色 品牌28 1800 桌子（框架式）,桌子,品牌28,1800,框架式,灰色,8*1*1,6,DJ20F,艾米丽,收货,上架
MoPH35MeWh,白色 品牌12 350 鼠标（机械式）,鼠标,品牌12,350,机械式,白色,16*10*1,63,AZ83H,劳拉,收货,上架
TaCI10AuWh,白色 品牌27 1000 桌子（自动调节）,桌子,品牌27,1000,自动调节,白色,8*1*1,5,BJ24E,约翰,收货,上架
LaYn1732Gr,灰色 品牌15 17英寸 笔记本电脑（32吉字节内存）,笔记本电脑,品牌15,17英寸,32吉字节内存,灰色,16*1*1,7,BP96F,艾米,收货,上架
OfOGSAdGr,灰色 品牌07 小号 办公椅（可调节）,办公椅,品牌07,小号,可调节,灰色,16*1*1,2,AV71E,艾米丽,收货,上架
KeHc45BlWh,白色 品牌09 450 键盘（蓝牙）,键盘,品牌09,450,蓝牙,白色,16*10*1,54,CX64C,艾米丽,收货,上架
TVEs42SFGr,灰色 品牌32 42英寸 电视机（超级全高清）,电视机,品牌32,42英寸,超级全高清,灰色,8*1*1,1,DK96A,约翰,收货,上架
PrSoA4WiBl,黑色 品牌25 四号纸 打印机（无线网络）,打印机,品牌25,四号纸,无线网络,黑色,16*1*1,7,CQ34C,艾米,收货,上架
TVGL75FHGr,灰色 品牌31 75英寸 电视机（全高清）,电视机,品牌31,75英寸,全高清,灰色,8*1*1,7,BZ42D,大卫,收货,上架
OfOGLErPi,粉色 品牌07 大号 办公椅（人体工学）,办公椅,品牌07,大号,人体工学,粉色,16*1*1,8,BP36C,艾米丽,收货,上架
NoExA5liBl,黑色 品牌16 五号纸 笔记本（线条）,笔记本,品牌16,五号纸,线条,黑色,48*10*5,784,AV49E,克里斯,收货,上架
PrPHA2MoWh,白色 品牌12 二号纸 打印机（黑白）,打印机,品牌12,二号纸,黑白,白色,16*1*1,5,DK04F,亚历克斯,收货,上架
PeGi50WaWh,白色 品牌21 50 铅笔（水彩）,铅笔,品牌21,50,水彩,白色,48*10*5,1523,BU06E,大卫,收货,上架
TaAE10FrBl,黑色 品牌05 1000 桌子（框架式）,桌子,品牌05,1000,框架式,黑色,8*1*1,6,AQ75C,劳拉,收货,上架
TVEs754KWh,白色 品牌32 75英寸 电视机（超高清）,电视机,品牌32,75英寸,超高清,白色,8*1*1,7,BV65B,亚历克斯,收货,上架
GaSEMErWh,白色 品牌08 中号 游戏椅（人体工学）,游戏椅,品牌08,中号,人体工学,白色,16*1*1,5,AV24H,亚历克斯,收货,上架
GaXELHeGr,灰色 品牌06 大号 游戏椅（头枕）,游戏椅,品牌06,大号,头枕,灰色,16*1*1,6,CJ28H,莎拉,收货,上架
DrTE18FiGr,灰色 品牌04 1800 抽屉柜（文件收纳）,抽屉柜,品牌04,1800,文件收纳,灰色,8*1*1,6,DF09D,简,收货,上架
DrRG18LoBl,黑色 品牌03 1800 抽屉柜（储物锁柜）,抽屉柜,品牌03,1800,储物锁柜,黑色,8*1*1,1,DM02C,大卫,收货,上架
NoGrA3ruBl,黑色 品牌18 三号纸 笔记本（横线）,笔记本,品牌18,三号纸,横线,黑色,48*10*5,1077,AF37C,劳拉,收货,上架
LaYn148GBl,黑色 品牌15 14英寸 笔记本电脑（8吉字节内存）,笔记本电脑,品牌15,14英寸,8吉字节内存,黑色,16*1*1,8,AU77D,迈克,收货,上架
PrReA4WiWh,白色 品牌24 四号纸 打印机（无线网络）,打印机,品牌24,四号纸,无线网络,白色,16*1*1,5,BT10G,迈克,收货,上架
AlOv158GWh,白色 品牌13 15英寸 一体机（8吉字节内存）,一体机,品牌13,15英寸,8吉字节内存,白色,16*1*1,1,AQ08H,艾米丽,收货,上架
CaTE18FiWh,白色 品牌04 1800 文件柜（文件收纳）,文件柜,品牌04,1800,文件收纳,白色,8*1*1,8,DS63F,莎拉,收货,上架
AlYn158GWh,白色 品牌15 15英寸 一体机（8吉字节内存）,一体机,品牌15,15英寸,8吉字节内存,白色,16*1*1,16,DY77H,艾米,收货,上架
CuTE18FiGr,灰色 品牌04 1800 储物柜（文件收纳）,储物柜,品牌04,1800,文件收纳,灰色,8*1*1,1,AS59H,莎拉,收货,上架
NoGrA5doSi,银色 品牌18 五号纸 笔记本（点阵）,笔记本,品牌18,五号纸,点阵,银色,48*10*5,1185,CX58B,大卫,收货,上架
PrSoA4LaMi,混合色 品牌25 四号纸 打印机（激光）,打印机,品牌25,四号纸,激光,混合色,16*1*1,14,CG10A,约翰,收货,上架
TaCI10WoBl,黑色 品牌27 1000 桌子（工作站）,桌子,品牌27,1000,工作站,黑色,8*1*1,4,AJ89H,艾米丽,收货,上架
PrSoA2LaWh,白色 品牌25 二号纸 打印机（激光）,打印机,品牌25,二号纸,激光,白色,16*1*1,8,DS70A,约翰,收货,上架
DrRG18DoBe,米色 品牌03 1800 抽屉柜（带门式）,抽屉柜,品牌03,1800,带门式,米色,8*1*1,6,AN32D,劳拉,收货,上架
DrQE18DoGr,灰色 品牌01 1800 抽屉柜（带门式）,抽屉柜,品牌01,1800,带门式,灰色,8*1*1,8,CQ11A,亚历克斯,收货,上架
TaAE15WoWh,白色 品牌05 1500 桌子（工作站）,桌子,品牌05,1500,工作站,白色,8*1*1,6,DQ48F,艾米丽,收货,上架
LaRe17i5Si,银色 品牌14 17英寸 笔记本电脑（第5代处理器）,笔记本电脑,品牌14,17英寸,第5代处理器,银色,16*1*1,5,AG93D,亚历克斯,收货,上架
TaCI15WoWh,白色 品牌27 1500 桌子（工作站）,桌子,品牌27,1500,工作站,白色,8*1*1,5,BN53H,克里斯,收货,上架
TVEs32S4Wh,白色 品牌32 32英寸 电视机（超级超高清）,电视机,品牌32,32英寸,超级超高清,白色,8*1*1,1,AR67G,亚历克斯,收货,上架
OfOGMAdWh,白色 品牌07 中号 办公椅（可调节）,办公椅,品牌07,中号,可调节,白色,16*1*1,16,AP77C,劳拉,收货,上架
SPNa24HeWh,白色 品牌23 24 触控笔（六角形）,触控笔,品牌23,24,六角形,白色,48*10*5,1406,AN80H,莎拉,收货,上架
SPNa24WaBl,黑色 品牌23 24 触控笔（水彩）,触控笔,品牌23,24,水彩,黑色,48*10*5,325,DH02B,克里斯,收货,上架
OfXELErWh,白色 品牌06 大号 办公椅（人体工学）,办公椅,品牌06,大号,人体工学,白色,16*1*1,12,DV81G,艾米丽,收货,上架
CaRG12FiBl,黑色 品牌03 1200 文件柜（文件收纳）,文件柜,品牌03,1200,文件收纳,黑色,8*1*1,1,AW48H,亚历克斯,收货,上架
AlPH1532Si,银色 品牌12 15英寸 一体机（32吉字节内存）,一体机,品牌12,15英寸,32吉字节内存,银色,16*1*1,14,DL62E,艾米丽,收货,上架
MoSu45ErWh,白色 品牌11 450 鼠标（人体工学）,鼠标,品牌11,450,人体工学,白色,16*10*1,1,AX88E,莎拉,收货,上架
DrTE12FiBl,黑色 品牌04 1200 抽屉柜（文件收纳）,抽屉柜,品牌04,1200,文件收纳,黑色,8*1*1,5,BS64B,莎拉,收货,上架
CaTE12LoBl,黑色 品牌04 1200 文件柜（储物锁柜）,文件柜,品牌04,1200,储物锁柜,黑色,8*1*1,1,BL40A,迈克,收货,上架
LaSu17i5Bl,黑色 品牌11 17英寸 笔记本电脑（第5代处理器）,笔记本电脑,品牌11,17英寸,第5代处理器,黑色,16*1*1,15,DL41H,艾米,收货,上架
PrSoA4MoBl,黑色 品牌25 四号纸 打印机（黑白）,打印机,品牌25,四号纸,黑白,黑色,16*1*1,3,AO86B,迈克,收货,上架
CuTE18SlBe,米色 品牌04 1800 储物柜（滑动式）,储物柜,品牌04,1800,滑动式,米色,8*1*1,7,AZ70A,莎拉,收货,上架
TaTR15AuBl,黑色 品牌28 1500 桌子（自动调节）,桌子,品牌28,1500,自动调节,黑色,8*1*1,1,BK02D,亚历克斯,收货,上架
LaSu158GSi,银色 品牌11 15英寸 笔记本电脑（8吉字节内存）,笔记本电脑,品牌11,15英寸,8吉字节内存,银色,16*1*1,9,DO16A,亚历克斯,收货,上架
PeRe50SoWh,白色 品牌22 50 铅笔（可溶性）,铅笔,品牌22,50,可溶性,白色,48*10*5,1785,DP48G,亚历克斯,收货,上架
TVGL42SFBl,黑色 品牌31 42英寸 电视机（超级全高清）,电视机,品牌31,42英寸,超级全高清,黑色,8*1*1,4,BW22G,莎拉,收货,上架
SPGi24SoWh,白色 品牌21 24 触控笔（可溶性）,触控笔,品牌21,24,可溶性,白色,48*10*5,2265,BV02H,劳拉,收货,上架
TVGn65FHBl,黑色 品牌30 65英寸 电视机（全高清）,电视机,品牌30,65英寸,全高清,黑色,8*1*1,7,CF41H,艾米丽,收货,上架
DrTE12LoWh,白色 品牌04 1200 抽屉柜（储物锁柜）,抽屉柜,品牌04,1200,储物锁柜,白色,8*1*1,4,CS73B,艾米丽,收货,上架
AlYn1532Wh,白色 品牌15 15英寸 一体机（32吉字节内存）,一体机,品牌15,15英寸,32吉字节内存,白色,16*1*1,5,AW77D,迈克,收货,上架
SPRe12HeBl,黑色 品牌22 12 触控笔（六角形）,触控笔,品牌22,12,六角形,黑色,48*10*5,2189,BV72A,莎拉,收货,上架
PeAl24WaWh,白色 品牌20 24 铅笔（水彩）,铅笔,品牌20,24,水彩,白色,48*10*5,2113,AL01C,艾米,收货,上架
TaCI18AdSi,银色 品牌27 1800 桌子（可调节）,桌子,品牌27,1800,可调节,银色,8*1*1,1,BK70E,简,收货,上架
PrReA4AlMi,混合色 品牌24 四号纸 打印机（一体式）,打印机,品牌24,四号纸,一体式,混合色,16*1*1,1,AU95G,艾米,收货,上架
PeGi24WaBl,黑色 品牌21 24 铅笔（水彩）,铅笔,品牌21,24,水彩,黑色,48*10*5,15,DH59C,莎拉,收货,上架
SPAl12HeWh,白色 品牌20 12 触控笔（六角形）,触控笔,品牌20,12,六角形,白色,48*10*5,730,DV11A,艾米,收货,上架
PrSoA4WiWh,白色 品牌25 四号纸 打印机（无线网络）,打印机,品牌25,四号纸,无线网络,白色,16*1*1,1,AL87E,迈克,收货,上架
OfAELAdWh,白色 品牌05 大号 办公椅（可调节）,办公椅,品牌05,大号,可调节,白色,16*1*1,4,CW53B,艾米,收货,上架
MoRe27ErWh,白色 品牌10 270 鼠标（人体工学）,鼠标,品牌10,270,人体工学,白色,16*10*1,81,BQ81A,亚历克斯,收货,上架
MoRe45ErWh,白色 品牌10 450 鼠标（人体工学）,鼠标,品牌10,450,人体工学,白色,16*10*1,8,BK12D,艾米丽,收货,上架
AlOv1716Si,银色 品牌13 17英寸 一体机（16吉字节内存）,一体机,品牌13,17英寸,16吉字节内存,银色,16*1*1,9,AH91A,克里斯,收货,上架
PrNoA3MoWh,白色 品牌26 三号纸 打印机（黑白）,打印机,品牌26,三号纸,黑白,白色,16*1*1,4,DF45C,克里斯,收货,上架
AlSu178GBl,黑色 品牌11 17英寸 一体机（8吉字节内存）,一体机,品牌11,17英寸,8吉字节内存,黑色,16*1*1,3,BR78B,约翰,收货,上架
LaSu1432Si,银色 品牌11 14英寸 笔记本电脑（32吉字节内存）,笔记本电脑,品牌11,14英寸,32吉字节内存,银色,16*1*1,8,DZ54A,劳拉,收货,上架
AlPH1732Wh,白色 品牌12 17英寸 一体机（32吉字节内存）,一体机,品牌12,17英寸,32吉字节内存,白色,16*1*1,1,BM23D,艾米丽,收货,上架
NoMuA5liWh,白色 品牌19 五号纸 笔记本（线条）,笔记本,品牌19,五号纸,线条,白色,48*10*5,114,DX28D,简,收货,上架
CuRG18DoGr,灰色 品牌03 1800 储物柜（带门式）,储物柜,品牌03,1800,带门式,灰色,8*1*1,4,BZ19D,亚历克斯,收货,上架
PrNoA3InMi,混合色 品牌26 三号纸 打印机（喷墨）,打印机,品牌26,三号纸,喷墨,混合色,16*1*1,14,DJ66F,简,收货,上架
KePH45ErNa,藏青色 品牌12 450 键盘（人体工学）,键盘,品牌12,450,人体工学,藏青色,16*10*1,100,AJ31A,艾米,收货,上架
KeHc27WiPi,粉色 品牌09 270 键盘（有线）,键盘,品牌09,270,有线,粉色,16*10*1,125,BZ24E,大卫,收货,上架
DrRG12FiBe,米色 品牌03 1200 抽屉柜（文件收纳）,抽屉柜,品牌03,1200,文件收纳,米色,8*1*1,8,CG16H,克里斯,收货,上架
PrPHA3MoWh,白色 品牌12 三号纸 打印机（黑白）,打印机,品牌12,三号纸,黑白,白色,16*1*1,11,CL61F,克里斯,收货,上架
SPGi24WaBl,黑色 品牌21 24 触控笔（水彩）,触控笔,品牌21,24,水彩,黑色,48*10*5,1391,AQ43B,迈克,收货,上架
LaSu1732Bl,黑色 品牌11 17英寸 笔记本电脑（32吉字节内存）,笔记本电脑,品牌11,17英寸,32吉字节内存,黑色,16*1*1,8,AH66G,简,收货,上架
AlOv14i7Si,银色 品牌13 14英寸 一体机（第7代处理器）,一体机,品牌13,14英寸,第7代处理器,银色,16*1*1,11,AM98D,迈克,收货,上架
OfAEMLeGr,灰色 品牌05 中号 办公椅（皮革）,办公椅,品牌05,中号,皮革,灰色,16*1*1,5,BS80H,简,收货,上架
LaPH14i5Bl,黑色 品牌12 14英寸 笔记本电脑（第5代处理器）,笔记本电脑,品牌12,14英寸,第5代处理器,黑色,16*1*1,7,DL21H,劳拉,收货,上架
TVEs50S4Gr,灰色 品牌32 50英寸 电视机（超级超高清）,电视机,品牌32,50英寸,超级超高清,灰色,8*1*1,1,DL76E,亚历克斯,收货,上架
LaYn17i5Bl,黑色 品牌15 17英寸 笔记本电脑（第5代处理器）,笔记本电脑,品牌15,17英寸,第5代处理器,黑色,16*1*1,13,DW90E,亚历克斯,收货,上架
PrSoA4AlWh,白色 品牌25 四号纸 打印机（一体式）,打印机,品牌25,四号纸,一体式,白色,16*1*1,1,AM69H,亚历克斯,收货,上架
MoSu35ErNa,藏青色 品牌11 350 鼠标（人体工学）,鼠标,品牌11,350,人体工学,藏青色,16*10*1,113,BY11C,亚历克斯,收货,上架
CuWE12DoBe,米色 品牌02 1200 储物柜（带门式）,储物柜,品牌02,1200,带门式,米色,8*1*1,1,AV60E,简,收货,上架
MoRe35BlWh,白色 品牌10 350 鼠标（蓝牙）,鼠标,品牌10,350,蓝牙,白色,16*10*1,57,AT72E,迈克,收货,上架
TVGL504KGr,灰色 品牌31 50英寸 电视机（超高清）,电视机,品牌31,50英寸,超高清,灰色,8*1*1,2,BY68F,大卫,收货,上架
LaPH17i7Gr,灰色 品牌12 17英寸 笔记本电脑（第7代处理器）,笔记本电脑,品牌12,17英寸,第7代处理器,灰色,16*1*1,6,BJ22D,克里斯,收货,上架
CuTE90SlGr,灰色 品牌04 900 储物柜（滑动式）,储物柜,品牌04,900,滑动式,灰色,8*1*1,7,DP34D,约翰,收货,上架
MoPH45MeNa,藏青色 品牌12 450 鼠标（机械式）,鼠标,品牌12,450,机械式,藏青色,16*10*1,107,DW41G,莎拉,收货,上架
TaAE18FrWh,白色 品牌05 1800 桌子（框架式）,桌子,品牌05,1800,框架式,白色,8*1*1,1,DG98H,约翰,收货,上架
KePH45WiBl,黑色 品牌12 450 键盘（有线）,键盘,品牌12,450,有线,黑色,16*10*1,134,AW33C,简,收货,上架
CaQE12FiBe,米色 品牌01 1200 文件柜（文件收纳）,文件柜,品牌01,1200,文件收纳,米色,8*1*1,4,BW78H,简,收货,上架
CuRG90SlGr,灰色 品牌03 900 储物柜（滑动式）,储物柜,品牌03,900,滑动式,灰色,8*1*1,6,BU74B,克里斯,收货,上架
PrNoA2AlWh,白色 品牌26 二号纸 打印机（一体式）,打印机,品牌26,二号纸,一体式,白色,16*1*1,8,DL35F,简,收货,上架
TaCI18FrBl,黑色 品牌27 1800 桌子（框架式）,桌子,品牌27,1800,框架式,黑色,8*1*1,5,BF01H,艾米丽,收货,上架
PrNoA2InWh,白色 品牌26 二号纸 打印机（喷墨）,打印机,品牌26,二号纸,喷墨,白色,16*1*1,15,DQ18C,亚历克斯,收货,上架
CuRG90SlGr,灰色 品牌03 900 储物柜（滑动式）,储物柜,品牌03,900,滑动式,灰色,8*1*1,6,AU10C,艾米,收货,上架
GaAELLeWh,白色 品牌05 大号 游戏椅（皮革）,游戏椅,品牌05,大号,皮革,白色,16*1*1,6,CZ25D,克里斯,收货,上架
KeHc35ErBl,黑色 品牌09 350 键盘（人体工学）,键盘,品牌09,350,人体工学,黑色,16*10*1,51,CX09H,艾米丽,收货,上架
AlOv17i5Wh,白色 品牌13 17英寸 一体机（第5代处理器）,一体机,品牌13,17英寸,第5代处理器,白色,16*1*1,1,AU40C,约翰,收货,上架
SPAl24SoWh,白色 品牌20 24 触控笔（可溶性）,触控笔,品牌20,24,可溶性,白色,48*10*5,1166,DF40E,劳拉,收货,上架
OfAELErBl,黑色 品牌05 大号 办公椅（人体工学）,办公椅,品牌05,大号,人体工学,黑色,16*1*1,7,DM66H,莎拉,收货,上架
AlRe14i5Si,银色 品牌14 14英寸 一体机（第5代处理器）,一体机,品牌14,14英寸,第5代处理器,银色,16*1*1,16,BS88B,克里斯,收货,上架
PrPHA2MoGr,灰色 品牌12 二号纸 打印机（黑白）,打印机,品牌12,二号纸,黑白,灰色,16*1*1,4,CH80F,克里斯,收货,上架
LaSu17i5Wh,白色 品牌11 17英寸 笔记本电脑（第5代处理器）,笔记本电脑,品牌11,17英寸,第5代处理器,白色,16*1*1,9,BY11B,克里斯,收货,上架
KeHc27ErPi,粉色 品牌09 270 键盘（人体工学）,键盘,品牌09,270,人体工学,粉色,16*10*1,74,DQ09F,艾米,收货,上架
PrNoA2WiGr,灰色 品牌26 二号纸 打印机（无线网络）,打印机,品牌26,二号纸,无线网络,灰色,16*1*1,10,DM97E,亚历克斯,收货,上架
PrNoA2MoWh,白色 品牌26 二号纸 打印机（黑白）,打印机,品牌26,二号纸,黑白,白色,16*1*1,12,AS31E,大卫,收货,上架
PrReA4InMi,混合色 品牌24 四号纸 打印机（喷墨）,打印机,品牌24,四号纸,喷墨,混合色,16*1*1,11,CK36H,艾米,收货,上架
KeHc27MeWh,白色 品牌09 270 键盘（机械式）,键盘,品牌09,270,机械式,白色,16*10*1,130,DP11D,克里斯,收货,上架
NoGrA3doBl,黑色 品牌18 三号纸 笔记本（点阵）,笔记本,品牌18,三号纸,点阵,黑色,48*10*5,712,CW39D,克里斯,收货,上架
PeGi12HeWh,白色 品牌21 12 铅笔（六角形）,铅笔,品牌21,12,六角形,白色,48*10*5,1199,CN22H,简,收货,上架
GaOGSAdWh,白色 品牌07 小号 游戏椅（可调节）,游戏椅,品牌07,小号,可调节,白色,16*1*1,8,DT68E,大卫,收货,上架
AlRe1732Bl,黑色 品牌14 17英寸 一体机（32吉字节内存）,一体机,品牌14,17英寸,32吉字节内存,黑色,16*1*1,2,DH53C,大卫,收货,上架
SPNa24WaPi,粉色 品牌23 24 触控笔（水彩）,触控笔,品牌23,24,水彩,粉色,48*10*5,404,DQ31H,大卫,收货,上架
TaCI15FrGr,灰色 品牌27 1500 桌子（框架式）,桌子,品牌27,1500,框架式,灰色,8*1*1,6,AN92A,亚历克斯,收货,上架
PeGi12SoWh,白色 品牌21 12 铅笔（可溶性）,铅笔,品牌21,12,可溶性,白色,48*10*5,2261,AQ75C,劳拉,收货,上架
GaOGLAdPi,粉色 品牌07 大号 游戏椅（可调节）,游戏椅,品牌07,大号,可调节,粉色,16*1*1,14,BZ30D,简,收货,上架
GaXESHeWh,白色 品牌06 小号 游戏椅（头枕）,游戏椅,品牌06,小号,头枕,白色,16*1*1,15,CF42G,莎拉,收货,上架
SPGi12WaWh,白色 品牌21 12 触控笔（水彩）,触控笔,品牌21,12,水彩,白色,48*10*5,311,DP76B,艾米,收货,上架
TVGL65S4Si,银色 品牌31 65英寸 电视机（超级超高清）,电视机,品牌31,65英寸,超级超高清,银色,8*1*1,3,AT15G,莎拉,收货,上架
OfSESAdBl,黑色 品牌08 小号 办公椅（可调节）,办公椅,品牌08,小号,可调节,黑色,16*1*1,14,DH49F,简,收货,上架
LaYn1416Gr,灰色 品牌15 14英寸 笔记本电脑（16吉字节内存）,笔记本电脑,品牌15,14英寸,16吉字节内存,灰色,16*1*1,14,AH13A,大卫,收货,上架
GaXEMHeWh,白色 品牌06 中号 游戏椅（头枕）,游戏椅,品牌06,中号,头枕,白色,16*1*1,13,BL09G,大卫,收货,上架
TaAE15FrSi,银色 品牌05 1500 桌子（框架式）,桌子,品牌05,1500,框架式,银色,8*1*1,6,BI58C,克里斯,收货,上架
TVGn42S4Si,银色 品牌30 42英寸 电视机（超级超高清）,电视机,品牌30,42英寸,超级超高清,银色,8*1*1,7,AI15G,迈克,收货,上架
KePH35BlBl,黑色 品牌12 350 键盘（蓝牙）,键盘,品牌12,350,蓝牙,黑色,16*10*1,134,BT59A,迈克,收货,上架
DrQE18DoBe,米色 品牌01 1800 抽屉柜（带门式）,抽屉柜,品牌01,1800,带门式,米色,8*1*1,1,AI38H,简,收货,上架
CaRG90SlWh,白色 品牌03 900 文件柜（滑动式）,文件柜,品牌03,900,滑动式,白色,8*1*1,6,BJ29B,迈克,收货,上架
DrTE90FiGr,灰色 品牌04 900 抽屉柜（文件收纳）,抽屉柜,品牌04,900,文件收纳,灰色,8*1*1,4,DS98A,劳拉,收货,上架
SPGi12WaWh,白色 品牌21 12 触控笔（水彩）,触控笔,品牌21,12,水彩,白色,48*10*5,1439,AV25G,莎拉,收货,上架
AlRe15i7Gr,灰色 品牌14 15英寸 一体机（第7代处理器）,一体机,品牌14,15英寸,第7代处理器,灰色,16*1*1,15,DR50B,迈克,收货,上架
PrPHA2AlBl,黑色 品牌12 二号纸 打印机（一体式）,打印机,品牌12,二号纸,一体式,黑色,16*1*1,11,DG83A,约翰,收货,上架
AlYn1532Bl,黑色 品牌15 15英寸 一体机（32吉字节内存）,一体机,品牌15,15英寸,32吉字节内存,黑色,16*1*1,14,AR69G,迈克,收货,上架
SPNa24HePi,粉色 品牌23 24 触控笔（六角形）,触控笔,品牌23,24,六角形,粉色,48*10*5,2015,BP16B,简,收货,上架
NoMuA5liGr,灰色 品牌19 五号纸 笔记本（线条）,笔记本,品牌19,五号纸,线条,灰色,48*10*5,1276,DO96C,大卫,收货,上架
GaAEMAdWh,白色 品牌05 中号 游戏椅（可调节）,游戏椅,品牌05,中号,可调节,白色,16*1*1,14,CY74D,艾米丽,收货,上架
PrSoA2WiMi,混合色 品牌25 二号纸 打印机（无线网络）,打印机,品牌25,二号纸,无线网络,混合色,16*1*1,3,DR84F,劳拉,收货,上架
GaOGMAdBl,黑色 品牌07 中号 游戏椅（可调节）,游戏椅,品牌07,中号,可调节,黑色,16*1*1,5,CL52F,克里斯,收货,上架
TVGn75SFSi,银色 品牌30 75英寸 电视机（超级全高清）,电视机,品牌30,75英寸,超级全高清,银色,8*1*1,8,DG68G,艾米丽,收货,上架
CaTE90SlWh,白色 品牌04 900 文件柜（滑动式）,文件柜,品牌04,900,滑动式,白色,8*1*1,1,BW57E,约翰,收货,上架
PeRe24HeGr,灰色 品牌22 24 铅笔（六角形）,铅笔,品牌22,24,六角形,灰色,48*10*5,2397,BW40A,亚历克斯,收货,上架
TVEs654KSi,银色 品牌32 65英寸 电视机（超高清）,电视机,品牌32,65英寸,超高清,银色,8*1*1,3,AQ71D,约翰,收货,上架
TVYn75SFSi,银色 品牌15 75英寸 电视机（超级全高清）,电视机,品牌15,75英寸,超级全高清,银色,8*1*1,4,AV66A,艾米,收货,上架
SPGi12SoWh,白色 品牌21 12 触控笔（可溶性）,触控笔,品牌21,12,可溶性,白色,48*10*5,497,DS07A,亚历克斯,收货,上架
NoMuA4liBl,黑色 品牌19 四号纸 笔记本（线条）,笔记本,品牌19,四号纸,线条,黑色,48*10*5,371,CS18D,克里斯,收货,上架
PrSoA4InMi,混合色 品牌25 四号纸 打印机（喷墨）,打印机,品牌25,四号纸,喷墨,混合色,16*1*1,8,AW46E,克里斯,收货,上架
TaAE15AdSi,银色 品牌05 1500 桌子（可调节）,桌子,品牌05,1500,可调节,银色,8*1*1,5,DO76C,亚历克斯,收货,上架
LaYn14i7Si,银色 品牌15 14英寸 笔记本电脑（第7代处理器）,笔记本电脑,品牌15,14英寸,第7代处理器,银色,16*1*1,15,CS16A,艾米丽,收货,上架
PeAl24HeBl,黑色 品牌20 24 铅笔（六角形）,铅笔,品牌20,24,六角形,黑色,48*10*5,594,AQ55G,劳拉,收货,上架
LaYn1716Bl,黑色 品牌15 17英寸 笔记本电脑（16吉字节内存）,笔记本电脑,品牌15,17英寸,16吉字节内存,黑色,16*1*1,9,CZ46E,艾米丽,收货,上架
MoRe35BlBl,黑色 品牌10 350 鼠标（蓝牙）,鼠标,品牌10,350,蓝牙,黑色,16*10*1,149,BQ74E,大卫,收货,上架
TVYn42SFBl,黑色 品牌15 42英寸 电视机（超级全高清）,电视机,品牌15,42英寸,超级全高清,黑色,8*1*1,1,BV79A,亚历克斯,收货,上架
GaXESAdWh,白色 品牌06 小号 游戏椅（可调节）,游戏椅,品牌06,小号,可调节,白色,16*1*1,1,BW31E,劳拉,收货,上架
KeSu27WiPi,粉色 品牌11 270 键盘（有线）,键盘,品牌11,270,有线,粉色,16*10*1,66,CT82B,艾米,收货,上架
AlRe148GGr,灰色 品牌14 14英寸 一体机（8吉字节内存）,一体机,品牌14,14英寸,8吉字节内存,灰色,16*1*1,1,CH68F,简,收货,上架
AlOv1432Wh,白色 品牌13 14英寸 一体机（32吉字节内存）,一体机,品牌13,14英寸,32吉字节内存,白色,16*1*1,4,DY01F,亚历克斯,收货,上架
TVGL75FHSi,银色 品牌31 75英寸 电视机（全高清）,电视机,品牌31,75英寸,全高清,银色,8*1*1,4,BQ72B,莎拉,收货,上架
CuTE12SlBl,黑色 品牌04 1200 储物柜（滑动式）,储物柜,品牌04,1200,滑动式,黑色,8*1*1,1,AV06D,简,收货,上架
AlRe1532Si,银色 品牌14 15英寸 一体机（32吉字节内存）,一体机,品牌14,15英寸,32吉字节内存,银色,16*1*1,1,AF51G,莎拉,收货,上架
LaSu1532Gr,灰色 品牌11 15英寸 笔记本电脑（32吉字节内存）,笔记本电脑,品牌11,15英寸,32吉字节内存,灰色,16*1*1,11,CS77A,迈克,收货,上架
CuTE18DoBe,米色 品牌04 1800 储物柜（带门式）,储物柜,品牌04,1800,带门式,米色,8*1*1,7,BX95G,莎拉,收货,上架
NoGrA4liWh,白色 品牌18 四号纸 笔记本（线条）,笔记本,品牌18,四号纸,线条,白色,48*10*5,1320,BM28D,艾米丽,收货,上架
KeRe45BlPi,粉色 品牌10 450 键盘（蓝牙）,键盘,品牌10,450,蓝牙,粉色,16*10*1,145,AK68C,大卫,收货,上架
MoPH27WiWh,白色 品牌12 270 鼠标（有线）,鼠标,品牌12,270,有线,白色,16*10*1,112,CV09H,简,收货,上架
MoHc35MeBl,黑色 品牌09 350 鼠标（机械式）,鼠标,品牌09,350,机械式,黑色,16*10*1,131,DU78H,艾米丽,收货,上架
PrSoA4WiBl,黑色 品牌25 四号纸 打印机（无线网络）,打印机,品牌25,四号纸,无线网络,黑色,16*1*1,16,CL57A,大卫,收货,上架
PeGi24HeGr,灰色 品牌21 24 铅笔（六角形）,铅笔,品牌21,24,六角形,灰色,48*10*5,1227,CM29G,劳拉,收货,上架
PeGi12SoPi,粉色 品牌21 12 铅笔（可溶性）,铅笔,品牌21,12,可溶性,粉色,48*10*5,380,AU97A,约翰,收货,上架
TVGL754KGr,灰色 品牌31 75英寸 电视机（超高清）,电视机,品牌31,75英寸,超高清,灰色,8*1*1,5,DZ03E,大卫,收货,上架
MoRe45ErWh,白色 品牌10 450 鼠标（人体工学）,鼠标,品牌10,450,人体工学,白色,16*10*1,96,BR07E,大卫,收货,上架
CuRG90DoBl,黑色 品牌03 900 储物柜（带门式）,储物柜,品牌03,900,带门式,黑色,8*1*1,6,DV19C,劳拉,收货,上架
NoMuA3ruBl,黑色 品牌19 三号纸 笔记本（横线）,笔记本,品牌19,三号纸,横线,黑色,48*10*5,1126,DT21H,艾米丽,收货,上架
NoGrA4doGr,灰色 品牌18 四号纸 笔记本（点阵）,笔记本,品牌18,四号纸,点阵,灰色,48*10*5,1531,AT24H,克里斯,收货,上架
TVGn65S4Wh,白色 品牌30 65英寸 电视机（超级超高清）,电视机,品牌30,65英寸,超级超高清,白色,8*1*1,1,CR79G,艾米,收货,上架
SPGi12SoGr,灰色 品牌21 12 触控笔（可溶性）,触控笔,品牌21,12,可溶性,灰色,48*10*5,1700,DK05A,大卫,收货,上架
LaRe1732Bl,黑色 品牌14 17英寸 笔记本电脑（32吉字节内存）,笔记本电脑,品牌14,17英寸,32吉字节内存,黑色,16*1*1,6,BZ58H,克里斯,收货,上架
AlPH158GWh,白色 品牌12 15英寸 一体机（8吉字节内存）,一体机,品牌12,15英寸,8吉字节内存,白色,16*1*1,9,CL85B,大卫,收货,上架
AlSu178GGr,灰色 品牌11 17英寸 一体机（8吉字节内存）,一体机,品牌11,17英寸,8吉字节内存,灰色,16*1*1,13,CI31A,大卫,收货,上架
OfOGSHeGr,灰色 品牌07 小号 办公椅（头枕）,办公椅,品牌07,小号,头枕,灰色,16*1*1,9,CO48D,亚历克斯,收货,上架
KePH27WiPi,粉色 品牌12 270 键盘（有线）,键盘,品牌12,270,有线,粉色,16*10*1,43,DI37F,简,收货,上架
OfSEMHeGr,灰色 品牌08 中号 办公椅（头枕）,办公椅,品牌08,中号,头枕,灰色,16*1*1,12,AP04E,约翰,收货,上架
NoMuA3doBl,黑色 品牌19 三号纸 笔记本（点阵）,笔记本,品牌19,三号纸,点阵,黑色,48*10*5,2039,AR32E,迈克,收货,上架
TaCI18AuWh,白色 品牌27 1800 桌子（自动调节）,桌子,品牌27,1800,自动调节,白色,8*1*1,1,DQ78H,劳拉,收货,上架
TVGn42S4Bl,黑色 品牌30 42英寸 电视机（超级超高清）,电视机,品牌30,42英寸,超级超高清,黑色,8*1*1,8,AN25G,亚历克斯,收货,上架
LaYn1432Bl,黑色 品牌15 14英寸 笔记本电脑（32吉字节内存）,笔记本电脑,品牌15,14英寸,32吉字节内存,黑色,16*1*1,14,BZ72H,约翰,收货,上架
GaAESLeBl,黑色 品牌05 小号 游戏椅（皮革）,游戏椅,品牌05,小号,皮革,黑色,16*1*1,10,BT92G,亚历克斯,收货,上架
MoRe35ErWh,白色 品牌10 350 鼠标（人体工学）,鼠标,品牌10,350,人体工学,白色,16*10*1,6,DJ84H,亚历克斯,收货,上架
CaQE18LoWh,白色 品牌01 1800 文件柜（储物锁柜）,文件柜,品牌01,1800,储物锁柜,白色,8*1*1,3,DY33A,亚历克斯,收货,上架
TVGL75FHGr,灰色 品牌31 75英寸 电视机（全高清）,电视机,品牌31,75英寸,全高清,灰色,8*1*1,4,BS78G,艾米丽,收货,上架
TVGn50S4Bl,黑色 品牌30 50英寸 电视机（超级超高清）,电视机,品牌30,50英寸,超级超高清,黑色,8*1*1,6,AX94G,艾米,收货,上架
PrNoA4InBl,黑色 品牌26 四号纸 打印机（喷墨）,打印机,品牌26,四号纸,喷墨,黑色,16*1*1,1,DT80F,大卫,收货,上架
TaAE15WoBl,黑色 品牌05 1500 桌子（工作站）,桌子,品牌05,1500,工作站,黑色,8*1*1,3,CY69D,简,收货,上架
KeSu45WiPi,粉色 品牌11 450 键盘（有线）,键盘,品牌11,450,有线,粉色,16*10*1,120,DL28G,艾米,收货,上架
TVYn75FHGr,灰色 品牌15 75英寸 电视机（全高清）,电视机,品牌15,75英寸,全高清,灰色,8*1*1,1,BU06H,艾米丽,收货,上架
GaSELLeGr,灰色 品牌08 大号 游戏椅（皮革）,游戏椅,品牌08,大号,皮革,灰色,16*1*1,10,BJ35A,约翰,收货,上架
KeHc27MePi,粉色 品牌09 270 键盘（机械式）,键盘,品牌09,270,机械式,粉色,16*10*1,53,AJ67D,克里斯,收货,上架
TVGn65S4Gr,灰色 品牌30 65英寸 电视机（超级超高清）,电视机,品牌30,65英寸,超级超高清,灰色,8*1*1,5,BX41H,亚历克斯,收货,上架
TVYn42S4Gr,灰色 品牌15 42英寸 电视机（超级超高清）,电视机,品牌15,42英寸,超级超高清,灰色,8*1*1,2,CJ60B,亚历克斯,收货,上架
MoPH27MePi,粉色 品牌12 270 鼠标（机械式）,鼠标,品牌12,270,机械式,粉色,16*10*1,67,BV62G,简,收货,上架
LaPH15i7Wh,白色 品牌12 15英寸 笔记本电脑（第7代处理器）,笔记本电脑,品牌12,15英寸,第7代处理器,白色,16*1*1,2,AW54A,大卫,收货,上架
CaWE12LoBe,米色 品牌02 1200 文件柜（储物锁柜）,文件柜,品牌02,1200,储物锁柜,米色,8*1*1,4,BS54F,艾米丽,收货,上架
LaYn158GWh,白色 品牌15 15英寸 笔记本电脑（8吉字节内存）,笔记本电脑,品牌15,15英寸,8吉字节内存,白色,16*1*1,10,BY90D,克里斯,收货,上架
AlOv15i7Gr,灰色 品牌13 15英寸 一体机（第7代处理器）,一体机,品牌13,15英寸,第7代处理器,灰色,16*1*1,7,CN68A,艾米丽,收货,上架
KePH35WiBl,黑色 品牌12 350 键盘（有线）,键盘,品牌12,350,有线,黑色,16*10*1,44,BK18D,简,收货,上架
PeAl50WaPi,粉色 品牌20 50 铅笔（水彩）,铅笔,品牌20,50,水彩,粉色,48*10*5,1823,DZ47C,迈克,收货,上架
LaPH17i7Bl,黑色 品牌12 17英寸 笔记本电脑（第7代处理器）,笔记本电脑,品牌12,17英寸,第7代处理器,黑色,16*1*1,14,BM37H,亚历克斯,收货,上架
PrPHA3WiWh,白色 品牌12 三号纸 打印机（无线网络）,打印机,品牌12,三号纸,无线网络,白色,16*1*1,5,BI60E,劳拉,收货,上架
TVEs42S4Si,银色 品牌32 42英寸 电视机（超级超高清）,电视机,品牌32,42英寸,超级超高清,银色,8*1*1,1,DN68A,约翰,收货,上架
OfOGLAdPi,粉色 品牌07 大号 办公椅（可调节）,办公椅,品牌07,大号,可调节,粉色,16*1*1,12,DR98B,大卫,收货,上架
MoSu27WiWh,白色 品牌11 270 鼠标（有线）,鼠标,品牌11,270,有线,白色,16*10*1,143,DO49F,大卫,收货,上架
CuRG12DoBe,米色 品牌03 1200 储物柜（带门式）,储物柜,品牌03,1200,带门式,米色,8*1*1,7,CL62G,大卫,收货,上架
GaXEMAdBl,黑色 品牌06 中号 游戏椅（可调节）,游戏椅,品牌06,中号,可调节,黑色,16*1*1,9,AT83E,大卫,收货,上架
CuRG18SlBl,黑色 品牌03 1800 储物柜（滑动式）,储物柜,品牌03,1800,滑动式,黑色,8*1*1,7,DJ56D,简,收货,上架
TVGL50SFGr,灰色 品牌31 50英寸 电视机（超级全高清）,电视机,品牌31,50英寸,超级全高清,灰色,8*1*1,4,AJ45B,约翰,收货,上架
PrNoA3WiGr,灰色 品牌26 三号纸 打印机（无线网络）,打印机,品牌26,三号纸,无线网络,灰色,16*1*1,15,AO68D,克里斯,收货,上架
GaXELLeBl,黑色 品牌06 大号 游戏椅（皮革）,游戏椅,品牌06,大号,皮革,黑色,16*1*1,9,CN15C,迈克,收货,上架
CuTE18FiBl,黑色 品牌04 1800 储物柜（文件收纳）,储物柜,品牌04,1800,文件收纳,黑色,8*1*1,7,CO89C,亚历克斯,收货,上架
CuWE12FiBl,黑色 品牌02 1200 储物柜（文件收纳）,储物柜,品牌02,1200,文件收纳,黑色,8*1*1,1,CQ60A,克里斯,收货,上架
KePH27MePi,粉色 品牌12 270 键盘（机械式）,键盘,品牌12,270,机械式,粉色,16*10*1,31,BH72G,约翰,收货,上架
MoSu27MeBl,黑色 品牌11 270 鼠标（机械式）,鼠标,品牌11,270,机械式,黑色,16*10*1,126,BI92D,约翰,收货,上架
LaRe15i5Si,银色 品牌14 15英寸 笔记本电脑（第5代处理器）,笔记本电脑,品牌14,15英寸,第5代处理器,银色,16*1*1,14,BJ70C,迈克,收货,上架
AlYn1416Wh,白色 品牌15 14英寸 一体机（16吉字节内存）,一体机,品牌15,14英寸,16吉字节内存,白色,16*1*1,11,BS54G,劳拉,收货,上架
KeRe35ErWh,白色 品牌10 350 键盘（人体工学）,键盘,品牌10,350,人体工学,白色,16*10*1,7,BF84G,亚历克斯,收货,上架
DrWE90LoGr,灰色 品牌02 900 抽屉柜（储物锁柜）,抽屉柜,品牌02,900,储物锁柜,灰色,8*1*1,2,DQ15B,简,收货,上架
LaSu1732Wh,白色 品牌11 17英寸 笔记本电脑（32吉字节内存）,笔记本电脑,品牌11,17英寸,32吉字节内存,白色,16*1*1,12,CZ82F,大卫,收货,上架
LaOv158GSi,银色 品牌13 15英寸 笔记本电脑（8吉字节内存）,笔记本电脑,品牌13,15英寸,8吉字节内存,银色,16*1*1,13,AJ51A,约翰,收货,上架
CaTE18SlBl,黑色 品牌04 1800 文件柜（滑动式）,文件柜,品牌04,1800,滑动式,黑色,8*1*1,7,BM77B,简,收货,上架
PeRe50WaWh,白色 品牌22 50 铅笔（水彩）,铅笔,品牌22,50,水彩,白色,48*10*5,1112,BK47A,艾米丽,收货,上架
TaCI18FrBl,黑色 品牌27 1800 桌子（框架式）,桌子,品牌27,1800,框架式,黑色,8*1*1,8,AN18B,迈克,收货,上架
CuRG12DoWh,白色 品牌03 1200 储物柜（带门式）,储物柜,品牌03,1200,带门式,白色,8*1*1,7,DP56H,迈克,收货,上架
NoGrA3ruBl,黑色 品牌18 三号纸 笔记本（横线）,笔记本,品牌18,三号纸,横线,黑色,48*10*5,2249,BS33H,莎拉,收货,上架
NoExA5doBl,黑色 品牌16 五号纸 笔记本（点阵）,笔记本,品牌16,五号纸,点阵,黑色,48*10*5,59,CN85E,莎拉,收货,上架
AlRe1716Wh,白色 品牌14 17英寸 一体机（16吉字节内存）,一体机,品牌14,17英寸,16吉字节内存,白色,16*1*1,4,AU63A,迈克,收货,上架
LaYn15i7Gr,灰色 品牌15 15英寸 笔记本电脑（第7代处理器）,笔记本电脑,品牌15,15英寸,第7代处理器,灰色,16*1*1,4,BW55H,大卫,收货,上架
CuQE12DoGr,灰色 品牌01 1200 储物柜（带门式）,储物柜,品牌01,1200,带门式,灰色,8*1*1,5,AK09C,劳拉,收货,上架
LaRe178GWh,白色 品牌14 17英寸 笔记本电脑（8吉字节内存）,笔记本电脑,品牌14,17英寸,8吉字节内存,白色,16*1*1,14,CM55H,克里斯,收货,上架
KeHc45BlWh,白色 品牌09 450 键盘（蓝牙）,键盘,品牌09,450,蓝牙,白色,16*10*1,6,CN46G,莎拉,收货,上架
OfAEMErWh,白色 品牌05 中号 办公椅（人体工学）,办公椅,品牌05,中号,人体工学,白色,16*1*1,5,AN87C,莎拉,收货,上架
OfXESAdBl,黑色 品牌06 小号 办公椅（可调节）,办公椅,品牌06,小号,可调节,黑色,16*1*1,16,DS21A,艾米,收货,上架
MoHc27MePi,粉色 品牌09 270 鼠标（机械式）,鼠标,品牌09,270,机械式,粉色,16*10*1,24,CT05A,莎拉,收货,上架
PeNa50HeWh,白色 品牌23 50 铅笔（六角形）,铅笔,品牌23,50,六角形,白色,48*10*5,1336,AZ66A,艾米丽,收货,上架
PrReA4MoBl,黑色 品牌24 四号纸 打印机（黑白）,打印机,品牌24,四号纸,黑白,黑色,16*1*1,14,DI18B,大卫,收货,上架
SPRe50WaGr,灰色 品牌22 50 触控笔（水彩）,触控笔,品牌22,50,水彩,灰色,48*10*5,367,BQ65A,艾米,收货,上架
OfSESErGr,灰色 品牌08 小号 办公椅（人体工学）,办公椅,品牌08,小号,人体工学,灰色,16*1*1,5,BU71B,艾米,收货,上架
TaTR10AuSi,银色 品牌29 1000 桌子（自动调节）,桌子,品牌29,1000,自动调节,银色,8*1*1,1,AX35C,大卫,收货,上架
LaSu15i5Bl,黑色 品牌11 15英寸 笔记本电脑（第5代处理器）,笔记本电脑,品牌11,15英寸,第5代处理器,黑色,16*1*1,8,CI09E,亚历克斯,收货,上架
LaRe1416Gr,灰色 品牌14 14英寸 笔记本电脑（16吉字节内存）,笔记本电脑,品牌14,14英寸,16吉字节内存,灰色,16*1*1,9,CT07A,大卫,收货,上架
LaSu1716Bl,黑色 品牌11 17英寸 笔记本电脑（16吉字节内存）,笔记本电脑,品牌11,17英寸,16吉字节内存,黑色,16*1*1,14,BP84F,大卫,收货,上架
AlYn15i5Gr,灰色 品牌15 15英寸 一体机（第5代处理器）,一体机,品牌15,15英寸,第5代处理器,灰色,16*1*1,1,DT29E,劳拉,收货,上架
TVYn50S4Bl,黑色 品牌15 50英寸 电视机（超级超高清）,电视机,品牌15,50英寸,超级超高清,黑色,8*1*1,6,DI76D,克里斯,收货,上架
TaAE10AdSi,银色 品牌05 1000 桌子（可调节）,桌子,品牌05,1000,可调节,银色,8*1*1,6,CJ45C,劳拉,收货,上架
TVGL32SFGr,灰色 品牌31 32英寸 电视机（超级全高清）,电视机,品牌31,32英寸,超级全高清,灰色,8*1*1,4,AI98G,简,收货,上架
GaXELErWh,白色 品牌06 大号 游戏椅（人体工学）,游戏椅,品牌06,大号,人体工学,白色,16*1*1,12,DL61A,劳拉,收货,上架
GaXEMHeGr,灰色 品牌06 中号 游戏椅（头枕）,游戏椅,品牌06,中号,头枕,灰色,16*1*1,7,DM62D,简,收货,上架
PeAl50HeBl,黑色 品牌20 50 铅笔（六角形）,铅笔,品牌20,50,六角形,黑色,48*10*5,1205,CJ22G,简,收货,上架
AlYn178GWh,白色 品牌15 17英寸 一体机（8吉字节内存）,一体机,品牌15,17英寸,8吉字节内存,白色,16*1*1,8,AK25D,简,收货,上架
GaOGLHeGr,灰色 品牌07 大号 游戏椅（头枕）,游戏椅,品牌07,大号,头枕,灰色,16*1*1,15,BG78G,艾米丽,收货,上架
DrWE12FiBe,米色 品牌02 1200 抽屉柜（文件收纳）,抽屉柜,品牌02,1200,文件收纳,米色,8*1*1,2,AQ49E,艾米丽,收货,上架
LaOv178GSi,银色 品牌13 17英寸 笔记本电脑（8吉字节内存）,笔记本电脑,品牌13,17英寸,8吉字节内存,银色,16*1*1,4,AU25C,迈克,收货,上架
TaTR15WoSi,银色 品牌29 1500 桌子（工作站）,桌子,品牌29,1500,工作站,银色,8*1*1,4,DU37B,大卫,收货,上架
MoSu27WiNa,藏青色 品牌11 270 鼠标（有线）,鼠标,品牌11,270,有线,藏青色,16*10*1,145,CF90H,亚历克斯,收货,上架
PrPHA3MoGr,灰色 品牌12 三号纸 打印机（黑白）,打印机,品牌12,三号纸,黑白,灰色,16*1*1,2,DM52F,亚历克斯,收货,上架
GaAEMAdBl,黑色 品牌05 中号 游戏椅（可调节）,游戏椅,品牌05,中号,可调节,黑色,16*1*1,12,DG89B,大卫,收货,上架
AlRe1432Wh,白色 品牌14 14英寸 一体机（32吉字节内存）,一体机,品牌14,14英寸,32吉字节内存,白色,16*1*1,13,BL30B,艾米,收货,上架
TVYn75S4Si,银色 品牌15 75英寸 电视机（超级超高清）,电视机,品牌15,75英寸,超级超高清,银色,8*1*1,8,DL26F,大卫,收货,上架
LaPH17i5Wh,白色 品牌12 17英寸 笔记本电脑（第5代处理器）,笔记本电脑,品牌12,17英寸,第5代处理器,白色,16*1*1,8,BP35D,简,收货,上架
CuRG90LoGr,灰色 品牌03 900 储物柜（储物锁柜）,储物柜,品牌03,900,储物锁柜,灰色,8*1*1,2,CT17H,大卫,收货,上架
DrQE18FiBe,米色 品牌01 1800 抽屉柜（文件收纳）,抽屉柜,品牌01,1800,文件收纳,米色,8*1*1,6,DT84A,克里斯,收货,上架
AlSu148GWh,白色 品牌11 14英寸 一体机（8吉字节内存）,一体机,品牌11,14英寸,8吉字节内存,白色,16*1*1,16,DJ94F,简,收货,上架
PeGi24SoPi,粉色 品牌21 24 铅笔（可溶性）,铅笔,品牌21,24,可溶性,粉色,48*10*5,687,BM48E,大卫,收货,上架
NoExA5doWh,白色 品牌16 五号纸 笔记本（点阵）,笔记本,品牌16,五号纸,点阵,白色,48*10*5,1259,DF74B,亚历克斯,收货,上架
CuRG18SlWh,白色 品牌03 1800 储物柜（滑动式）,储物柜,品牌03,1800,滑动式,白色,8*1*1,8,DP86G,简,收货,上架
SPNa50HeGr,灰色 品牌23 50 触控笔（六角形）,触控笔,品牌23,50,六角形,灰色,48*10*5,375,BN97E,劳拉,收货,上架
GaOGSErWh,白色 品牌07 小号 游戏椅（人体工学）,游戏椅,品牌07,小号,人体工学,白色,16*1*1,4,BV21B,克里斯,收货,上架
PrReA2AlMi,混合色 品牌24 二号纸 打印机（一体式）,打印机,品牌24,二号纸,一体式,混合色,16*1*1,9,CO65E,莎拉,收货,上架
TVEs75FHWh,白色 品牌32 75英寸 电视机（全高清）,电视机,品牌32,75英寸,全高清,白色,8*1*1,8,BQ56H,艾米,收货,上架
OfAELLePi,粉色 品牌05 大号 办公椅（皮革）,办公椅,品牌05,大号,皮革,粉色,16*1*1,5,CW34F,莎拉,收货,上架
AlRe1732Wh,白色 品牌14 17英寸 一体机（32吉字节内存）,一体机,品牌14,17英寸,32吉字节内存,白色,16*1*1,6,CY81G,大卫,收货,上架
MoRe45WiBl,黑色 品牌10 450 鼠标（有线）,鼠标,品牌10,450,有线,黑色,16*10*1,120,CU78F,亚历克斯,收货,上架
CuWE12DoBe,米色 品牌02 1200 储物柜（带门式）,储物柜,品牌02,1200,带门式,米色,8*1*1,8,BW90E,大卫,收货,上架
LaPH15i7Si,银色 品牌12 15英寸 笔记本电脑（第7代处理器）,笔记本电脑,品牌12,15英寸,第7代处理器,银色,16*1*1,6,DV85C,亚历克斯,收货,上架
CaWE12FiWh,白色 品牌02 1200 文件柜（文件收纳）,文件柜,品牌02,1200,文件收纳,白色,8*1*1,5,CF87B,简,收货,上架
AlYn17i5Gr,灰色 品牌15 17英寸 一体机（第5代处理器）,一体机,品牌15,17英寸,第5代处理器,灰色,16*1*1,15,DZ72D,劳拉,收货,上架
KePH27ErWh,白色 品牌12 270 键盘（人体工学）,键盘,品牌12,270,人体工学,白色,16*10*1,88,CZ38C,莎拉,收货,上架
CuQE12SlWh,白色 品牌01 1200 储物柜（滑动式）,储物柜,品牌01,1200,滑动式,白色,8*1*1,5,AM01F,艾米丽,收货,上架
PeRe24WaPi,粉色 品牌22 24 铅笔（水彩）,铅笔,品牌22,24,水彩,粉色,48*10*5,2348,CK76G,劳拉,收货,上架
LaRe15i5Bl,黑色 品牌14 15英寸 笔记本电脑（第5代处理器）,笔记本电脑,品牌14,15英寸,第5代处理器,黑色,16*1*1,13,AP02G,迈克,收货,上架
TVEs65SFSi,银色 品牌32 65英寸 电视机（超级全高清）,电视机,品牌32,65英寸,超级全高清,银色,8*1*1,3,BM69G,亚历克斯,收货,上架
GaOGMErGr,灰色 品牌07 中号 游戏椅（人体工学）,游戏椅,品牌07,中号,人体工学,灰色,16*1*1,2,AT22B,艾米丽,收货,上架
GaXESHeBl,黑色 品牌06 小号 游戏椅（头枕）,游戏椅,品牌06,小号,头枕,黑色,16*1*1,2,AR69G,约翰,收货,上架
GaSELAdGr,灰色 品牌08 大号 游戏椅（可调节）,游戏椅,品牌08,大号,可调节,灰色,16*1*1,8,AY12H,克里斯,收货,上架
OfOGLHeBl,黑色 品牌07 大号 办公椅（头枕）,办公椅,品牌07,大号,头枕,黑色,16*1*1,11,BT90A,艾米,收货,上架
LaYn1732Wh,白色 品牌15 17英寸 笔记本电脑（32吉字节内存）,笔记本电脑,品牌15,17英寸,32吉字节内存,白色,16*1*1,7,DQ61G,简,收货,上架
KePH35ErPi,粉色 品牌12 350 键盘（人体工学）,键盘,品牌12,350,人体工学,粉色,16*10*1,126,DT22F,简,收货,上架
OfXEMAdWh,白色 品牌06 中号 办公椅（可调节）,办公椅,品牌06,中号,可调节,白色,16*1*1,1,DH70G,艾米丽,收货,上架
OfXELErBl,黑色 品牌06 大号 办公椅（人体工学）,办公椅,品牌06,大号,人体工学,黑色,16*1*1,16,CR17B,克里斯,收货,上架
TaAE15WoBl,黑色 品牌05 1500 桌子（工作站）,桌子,品牌05,1500,工作站,黑色,8*1*1,6,AS86G,克里斯,收货,上架
LaRe17i7Si,银色 品牌14 17英寸 笔记本电脑（第7代处理器）,笔记本电脑,品牌14,17英寸,第7代处理器,银色,16*1*1,10,DT48E,大卫,收货,上架
AlPH1532Si,银色 品牌12 15英寸 一体机（32吉字节内存）,一体机,品牌12,15英寸,32吉字节内存,银色,16*1*1,7,BN80C,莎拉,收货,上架
OfOGSErBl,黑色 品牌07 小号 办公椅（人体工学）,办公椅,品牌07,小号,人体工学,黑色,16*1*1,6,BX33A,克里斯,收货,上架
OfXELAdPi,粉色 品牌06 大号 办公椅（可调节）,办公椅,品牌06,大号,可调节,粉色,16*1*1,15,BW17B,克里斯,收货,上架
PrPHA2InWh,白色 品牌12 二号纸 打印机（喷墨）,打印机,品牌12,二号纸,喷墨,白色,16*1*1,13,CX42H,艾米,收货,上架
SPGi24WaGr,灰色 品牌21 24 触控笔（水彩）,触控笔,品牌21,24,水彩,灰色,48*10*5,84,AR14A,艾米丽,收货,上架
DrRG18SlGr,灰色 品牌03 1800 抽屉柜（滑动式）,抽屉柜,品牌03,1800,滑动式,灰色,8*1*1,6,AK57D,大卫,收货,上架
OfSESAdPi,粉色 品牌08 小号 办公椅（可调节）,办公椅,品牌08,小号,可调节,粉色,16*1*1,5,DG49E,艾米,收货,上架
OfAELAdPi,粉色 品牌05 大号 办公椅（可调节）,办公椅,品牌05,大号,可调节,粉色,16*1*1,12,AW01B,克里斯,收货,上架
SPAl12HePi,粉色 品牌20 12 触控笔（六角形）,触控笔,品牌20,12,六角形,粉色,48*10*5,528,BY41F,克里斯,收货,上架
LaOv1532Bl,黑色 品牌13 15英寸 笔记本电脑（32吉字节内存）,笔记本电脑,品牌13,15英寸,32吉字节内存,黑色,16*1*1,13,BJ97A,大卫,收货,上架
KePH27MeNa,藏青色 品牌12 270 键盘（机械式）,键盘,品牌12,270,机械式,藏青色,16*10*1,87,CO88C,克里斯,收货,上架
DrQE12SlGr,灰色 品牌01 1200 抽屉柜（滑动式）,抽屉柜,品牌01,1200,滑动式,灰色,8*1*1,5,CO38B,劳拉,收货,上架
NoGrA3doSi,银色 品牌18 三号纸 笔记本（点阵）,笔记本,品牌18,三号纸,点阵,银色,48*10*5,105,AS92C,迈克,收货,上架
LaRe17i7Gr,灰色 品牌14 17英寸 笔记本电脑（第7代处理器）,笔记本电脑,品牌14,17英寸,第7代处理器,灰色,16*1*1,6,AO65D,艾米丽,收货,上架
PrNoA2InMi,混合色 品牌26 二号纸 打印机（喷墨）,打印机,品牌26,二号纸,喷墨,混合色,16*1*1,1,CP35G,大卫,收货,上架
MoHc35MePi,粉色 品牌09 350 鼠标（机械式）,鼠标,品牌09,350,机械式,粉色,16*10*1,38,DX22G,约翰,收货,上架
AlPH178GWh,白色 品牌12 17英寸 一体机（8吉字节内存）,一体机,品牌12,17英寸,8吉字节内存,白色,16*1*1,9,CP64F,劳拉,收货,上架
KePH45MeWh,白色 品牌12 450 键盘（机械式）,键盘,品牌12,450,机械式,白色,16*10*1,30,DZ49H,莎拉,收货,上架
DrRG90LoWh,白色 品牌03 900 抽屉柜（储物锁柜）,抽屉柜,品牌03,900,储物锁柜,白色,8*1*1,2,BL86C,莎拉,收货,上架
KeHc35ErNa,藏青色 品牌09 350 键盘（人体工学）,键盘,品牌09,350,人体工学,藏青色,16*10*1,76,BR33D,艾米,收货,上架
CaTE12LoBe,米色 品牌04 1200 文件柜（储物锁柜）,文件柜,品牌04,1200,储物锁柜,米色,8*1*1,6,CM49C,克里斯,收货,上架
MoSu27BlWh,白色 品牌11 270 鼠标（蓝牙）,鼠标,品牌11,270,蓝牙,白色,16*10*1,60,DX92F,劳拉,收货,上架
DrQE90DoBl,黑色 品牌01 900 抽屉柜（带门式）,抽屉柜,品牌01,900,带门式,黑色,8*1*1,8,CR06D,艾米,收货,上架
MoSu45MePi,粉色 品牌11 450 鼠标（机械式）,鼠标,品牌11,450,机械式,粉色,16*10*1,128,AS42H,艾米丽,收货,上架
KePH27MePi,粉色 品牌12 270 键盘（机械式）,键盘,品牌12,270,机械式,粉色,16*10*1,107,AJ65C,简,收货,上架
PrReA4AlMi,混合色 品牌24 四号纸 打印机（一体式）,打印机,品牌24,四号纸,一体式,混合色,16*1*1,11,CZ98F,艾米,收货,上架
DrTE18SlBl,黑色 品牌04 1800 抽屉柜（滑动式）,抽屉柜,品牌04,1800,滑动式,黑色,8*1*1,6,DT02A,艾米丽,收货,上架
AlRe15i7Gr,灰色 品牌14 15英寸 一体机（第7代处理器）,一体机,品牌14,15英寸,第7代处理器,灰色,16*1*1,13,BQ17F,克里斯,收货,上架
PrSoA3WiGr,灰色 品牌25 三号纸 打印机（无线网络）,打印机,品牌25,三号纸,无线网络,灰色,16*1*1,12,BU67D,莎拉,收货,上架
CuQE12FiBe,米色 品牌01 1200 储物柜（文件收纳）,储物柜,品牌01,1200,文件收纳,米色,8*1*1,7,DZ49H,迈克,收货,上架
LaYn15i7Bl,黑色 品牌15 15英寸 笔记本电脑（第7代处理器）,笔记本电脑,品牌15,15英寸,第7代处理器,黑色,16*1*1,3,AL78H,艾米丽,收货,上架
PeRe12SoGr,灰色 品牌22 12 铅笔（可溶性）,铅笔,品牌22,12,可溶性,灰色,48*10*5,683,DN47E,迈克,收货,上架
DrWE90LoBl,黑色 品牌02 900 抽屉柜（储物锁柜）,抽屉柜,品牌02,900,储物锁柜,黑色,8*1*1,5,AW80A,迈克,收货,上架
MoPH35WiBl,黑色 品牌12 350 鼠标（有线）,鼠标,品牌12,350,有线,黑色,16*10*1,14,DV26G,莎拉,收货,上架
CaQE12FiWh,白色 品牌01 1200 文件柜（文件收纳）,文件柜,品牌01,1200,文件收纳,白色,8*1*1,5,AR62B,艾米丽,收货,上架
AlPH158GBl,黑色 品牌12 15英寸 一体机（8吉字节内存）,一体机,品牌12,15英寸,8吉字节内存,黑色,16*1*1,14,CU83E,克里斯,收货,上架
KeHc35BlBl,黑色 品牌09 350 键盘（蓝牙）,键盘,品牌09,350,蓝牙,黑色,16*10*1,94,DY47E,亚历克斯,收货,上架
DrRG12DoWh,白色 品牌03 1200 抽屉柜（带门式）,抽屉柜,品牌03,1200,带门式,白色,8*1*1,3,DX37D,约翰,收货,上架
LaRe1532Bl,黑色 品牌14 15英寸 笔记本电脑（32吉字节内存）,笔记本电脑,品牌14,15英寸,32吉字节内存,黑色,16*1*1,14,DW67H,劳拉,收货,上架
PrPHA4InGr,灰色 品牌12 四号纸 打印机（喷墨）,打印机,品牌12,四号纸,喷墨,灰色,16*1*1,10,AM51B,亚历克斯,收货,上架
AlRe1732Wh,白色 品牌14 17英寸 一体机（32吉字节内存）,一体机,品牌14,17英寸,32吉字节内存,白色,16*1*1,15,CJ09D,莎拉,收货,上架
KePH35ErWh,白色 品牌12 350 键盘（人体工学）,键盘,品牌12,350,人体工学,白色,16*10*1,130,BV02H,迈克,收货,上架
LaSu1516Si,银色 品牌11 15英寸 笔记本电脑（16吉字节内存）,笔记本电脑,品牌11,15英寸,16吉字节内存,银色,16*1*1,14,CU61H,艾米丽,收货,上架
TVEs32S4Bl,黑色 品牌32 32英寸 电视机（超级超高清）,电视机,品牌32,32英寸,超级超高清,黑色,8*1*1,7,DY46F,约翰,收货,上架
CuQE18FiGr,灰色 品牌01 1800 储物柜（文件收纳）,储物柜,品牌01,1800,文件收纳,灰色,8*1*1,7,AZ63D,简,收货,上架
TVGn42SFSi,银色 品牌30 42英寸 电视机（超级全高清）,电视机,品牌30,42英寸,超级全高清,银色,8*1*1,4,AL01E,艾米丽,收货,上架
NoExA4ruBl,黑色 品牌16 四号纸 笔记本（横线）,笔记本,品牌16,四号纸,横线,黑色,48*10*5,846,BR85A,莎拉,收货,上架
KeSu45BlNa,藏青色 品牌11 450 键盘（蓝牙）,键盘,品牌11,450,蓝牙,藏青色,16*10*1,48,BK54D,约翰,收货,上架
GaXEMErGr,灰色 品牌06 中号 游戏椅（人体工学）,游戏椅,品牌06,中号,人体工学,灰色,16*1*1,11,DZ92A,约翰,收货,上架
TVYn75S4Wh,白色 品牌15 75英寸 电视机（超级超高清）,电视机,品牌15,75英寸,超级超高清,白色,8*1*1,7,CQ51D,亚历克斯,收货,上架
KeHc45MeWh,白色 品牌09 450 键盘（机械式）,键盘,品牌09,450,机械式,白色,16*10*1,44,CH71H,迈克,收货,上架
MoHc35WiBl,黑色 品牌09 350 鼠标（有线）,鼠标,品牌09,350,有线,黑色,16*10*1,141,AM63C,亚历克斯,收货,上架
AlRe1432Bl,黑色 品牌14 14英寸 一体机（32吉字节内存）,一体机,品牌14,14英寸,32吉字节内存,黑色,16*1*1,14,CQ38B,莎拉,收货,上架
SPAl12HePi,粉色 品牌20 12 触控笔（六角形）,触控笔,品牌20,12,六角形,粉色,48*10*5,1301,BV91B,简,收货,上架
LaPH1416Wh,白色 品牌12 14英寸 笔记本电脑（16吉字节内存）,笔记本电脑,品牌12,14英寸,16吉字节内存,白色,16*1*1,15,CH15F,简,收货,上架
MoSu45MePi,粉色 品牌11 450 鼠标（机械式）,鼠标,品牌11,450,机械式,粉色,16*10*1,12,DQ17C,简,收货,上架
LaRe1516Bl,黑色 品牌14 15英寸 笔记本电脑（16吉字节内存）,笔记本电脑,品牌14,15英寸,16吉字节内存,黑色,16*1*1,14,BU31A,莎拉,收货,上架
TaCI18WoSi,银色 品牌27 1800 桌子（工作站）,桌子,品牌27,1800,工作站,银色,8*1*1,5,CS42E,简,收货,上架
MoHc27WiBl,黑色 品牌09 270 鼠标（有线）,鼠标,品牌09,270,有线,黑色,16*10*1,4,DK56A,亚历克斯,收货,上架
LaOv158GBl,黑色 品牌13 15英寸 笔记本电脑（8吉字节内存）,笔记本电脑,品牌13,15英寸,8吉字节内存,黑色,16*1*1,15,AV42C,莎拉,收货,上架
KePH45ErNa,藏青色 品牌12 450 键盘（人体工学）,键盘,品牌12,450,人体工学,藏青色,16*10*1,33,CS77C,劳拉,收货,上架
SPAl24WaPi,粉色 品牌20 24 触控笔（水彩）,触控笔,品牌20,24,水彩,粉色,48*10*5,1303,DO65B,克里斯,收货,上架
TVGn50SFGr,灰色 品牌30 50英寸 电视机（超级全高清）,电视机,品牌30,50英寸,超级全高清,灰色,8*1*1,8,BO67A,迈克,收货,上架
GaSESLeBl,黑色 品牌08 小号 游戏椅（皮革）,游戏椅,品牌08,小号,皮革,黑色,16*1*1,1,BJ73F,艾米丽,收货,上架
PrPHA4AlMi,混合色 品牌12 四号纸 打印机（一体式）,打印机,品牌12,四号纸,一体式,混合色,16*1*1,13,BM22H,大卫,收货,上架
GaAEMLeBl,黑色 品牌05 中号 游戏椅（皮革）,游戏椅,品牌05,中号,皮革,黑色,16*1*1,2,CI81F,克里斯,收货,上架
LaPH148GSi,银色 品牌12 14英寸 笔记本电脑（8吉字节内存）,笔记本电脑,品牌12,14英寸,8吉字节内存,银色,16*1*1,4,AU30B,亚历克斯,收货,上架
TaCI15AuWh,白色 品牌27 1500 桌子（自动调节）,桌子,品牌27,1500,自动调节,白色,8*1*1,6,BJ13D,迈克,收货,上架
AlOv1716Bl,黑色 品牌13 17英寸 一体机（16吉字节内存）,一体机,品牌13,17英寸,16吉字节内存,黑色,16*1*1,11,CV65B,艾米,收货,上架
LaRe148GGr,灰色 品牌14 14英寸 笔记本电脑（8吉字节内存）,笔记本电脑,品牌14,14英寸,8吉字节内存,灰色,16*1*1,6,DP96A,迈克,收货,上架
AlSu148GBl,黑色 品牌11 14英寸 一体机（8吉字节内存）,一体机,品牌11,14英寸,8吉字节内存,黑色,16*1*1,12,AR39H,艾米丽,收货,上架
CaTE90FiBl,黑色 品牌04 900 文件柜（文件收纳）,文件柜,品牌04,900,文件收纳,黑色,8*1*1,2,DL97F,艾米丽,收货,上架
DrQE18DoWh,白色 品牌01 1800 抽屉柜（带门式）,抽屉柜,品牌01,1800,带门式,白色,8*1*1,1,BL32F,迈克,收货,上架
PeRe50SoWh,白色 品牌22 50 铅笔（可溶性）,铅笔,品牌22,50,可溶性,白色,48*10*5,2147,DH62A,大卫,收货,上架
OfXELLeGr,灰色 品牌06 大号 办公椅（皮革）,办公椅,品牌06,大号,皮革,灰色,16*1*1,4,DT73D,艾米,收货,上架
DrWE12SlBe,米色 品牌02 1200 抽屉柜（滑动式）,抽屉柜,品牌02,1200,滑动式,米色,8*1*1,5,DO95G,大卫,收货,上架
TaCI10WoGr,灰色 品牌27 1000 桌子（工作站）,桌子,品牌27,1000,工作站,灰色,8*1*1,5,DR44C,亚历克斯,收货,上架
KeRe35MeNa,藏青色 品牌10 350 键盘（机械式）,键盘,品牌10,350,机械式,藏青色,16*10*1,72,AU83B,迈克,收货,上架
KeRe27WiBl,黑色 品牌10 270 键盘（有线）,键盘,品牌10,270,有线,黑色,16*10*1,30,DN13H,艾米,收货,上架
TaCI15FrGr,灰色 品牌27 1500 桌子（框架式）,桌子,品牌27,1500,框架式,灰色,8*1*1,6,DN42C,克里斯,收货,上架
LaYn148GBl,黑色 品牌15 14英寸 笔记本电脑（8吉字节内存）,笔记本电脑,品牌15,14英寸,8吉字节内存,黑色,16*1*1,9,AK96E,劳拉,收货,上架
PrReA2AlBl,黑色 品牌24 二号纸 打印机（一体式）,打印机,品牌24,二号纸,一体式,黑色,16*1*1,9,BM49G,简,收货,上架
SPGi50WaBl,黑色 品牌21 50 触控笔（水彩）,触控笔,品牌21,50,水彩,黑色,48*10*5,519,CZ31A,迈克,收货,上架
CuWE90LoBe,米色 品牌02 900 储物柜（储物锁柜）,储物柜,品牌02,900,储物锁柜,米色,8*1*1,2,CP94F,亚历克斯,收货,上架
AlYn17i7Bl,黑色 品牌15 17英寸 一体机（第7代处理器）,一体机,品牌15,17英寸,第7代处理器,黑色,16*1*1,13,CF11F,劳拉,收货,上架
DrTE90FiGr,灰色 品牌04 900 抽屉柜（文件收纳）,抽屉柜,品牌04,900,文件收纳,灰色,8*1*1,1,AF88G,劳拉,收货,上架
MoRe27MeNa,藏青色 品牌10 270 鼠标（机械式）,鼠标,品牌10,270,机械式,藏青色,16*10*1,16,BL23E,艾米,收货,上架
TVYn654KGr,灰色 品牌15 65英寸 电视机（超高清）,电视机,品牌15,65英寸,超高清,灰色,8*1*1,3,DV57F,简,收货,上架
TVGL75FHGr,灰色 品牌31 75英寸 电视机（全高清）,电视机,品牌31,75英寸,全高清,灰色,8*1*1,3,DS61F,艾米,收货,上架
PrSoA4WiGr,灰色 品牌25 四号纸 打印机（无线网络）,打印机,品牌25,四号纸,无线网络,灰色,16*1*1,10,DZ42H,亚历克斯,收货,上架
TVGn50SFSi,银色 品牌30 50英寸 电视机（超级全高清）,电视机,品牌30,50英寸,超级全高清,银色,8*1*1,6,DO30H,劳拉,收货,上架
KePH27WiPi,粉色 品牌12 270 键盘（有线）,键盘,品牌12,270,有线,粉色,16*10*1,156,DT77E,莎拉,收货,上架
SPNa50WaPi,粉色 品牌23 50 触控笔（水彩）,触控笔,品牌23,50,水彩,粉色,48*10*5,1726,DG31E,克里斯,收货,上架
MoPH35ErPi,粉色 品牌12 350 鼠标（人体工学）,鼠标,品牌12,350,人体工学,粉色,16*10*1,126,CR40G,迈克,收货,上架
LaPH1432Wh,白色 品牌12 14英寸 笔记本电脑（32吉字节内存）,笔记本电脑,品牌12,14英寸,32吉字节内存,白色,16*1*1,3,DX20E,约翰,收货,上架
DrQE90DoBe,米色 品牌01 900 抽屉柜（带门式）,抽屉柜,品牌01,900,带门式,米色,8*1*1,7,CR93E,约翰,收货,上架
TVEs75FHGr,灰色 品牌32 75英寸 电视机（全高清）,电视机,品牌32,75英寸,全高清,灰色,8*1*1,3,CL91A,简,收货,上架
NoMuA5doWh,白色 品牌19 五号纸 笔记本（点阵）,笔记本,品牌19,五号纸,点阵,白色,48*10*5,1774,CV56F,亚历克斯,收货,上架
OfSEMErBl,黑色 品牌08 中号 办公椅（人体工学）,办公椅,品牌08,中号,人体工学,黑色,16*1*1,11,BT49H,艾米丽,收货,上架
AlRe1416Wh,白色 品牌14 14英寸 一体机（16吉字节内存）,一体机,品牌14,14英寸,16吉字节内存,白色,16*1*1,12,CN04E,艾米,收货,上架
TaTR18WoBl,黑色 品牌28 1800 桌子（工作站）,桌子,品牌28,1800,工作站,黑色,8*1*1,3,AG62C,莎拉,收货,上架
LaOv1516Gr,灰色 品牌13 15英寸 笔记本电脑（16吉字节内存）,笔记本电脑,品牌13,15英寸,16吉字节内存,灰色,16*1*1,4,CV83E,迈克,收货,上架
TaCI10FrBl,黑色 品牌27 1000 桌子（框架式）,桌子,品牌27,1000,框架式,黑色,8*1*1,2,AL74D,亚历克斯,收货,上架
OfXELAdWh,白色 品牌06 大号 办公椅（可调节）,办公椅,品牌06,大号,可调节,白色,16*1*1,9,BV11G,简,收货,上架
TaTR10AuBl,黑色 品牌28 1000 桌子（自动调节）,桌子,品牌28,1000,自动调节,黑色,8*1*1,4,DZ72A,艾米丽,收货,上架
MoHc35ErBl,黑色 品牌09 350 鼠标（人体工学）,鼠标,品牌09,350,人体工学,黑色,16*10*1,104,DW35H,简,收货,上架
GaOGMHePi,粉色 品牌07 中号 游戏椅（头枕）,游戏椅,品牌07,中号,头枕,粉色,16*1*1,13,BJ66C,艾米,收货,上架
PrNoA3WiGr,灰色 品牌26 三号纸 打印机（无线网络）,打印机,品牌26,三号纸,无线网络,灰色,16*1*1,13,AX37C,劳拉,收货,上架
OfAESErGr,灰色 品牌05 小号 办公椅（人体工学）,办公椅,品牌05,小号,人体工学,灰色,16*1*1,9,AZ53A,大卫,收货,上架
PrReA2MoBl,黑色 品牌24 二号纸 打印机（黑白）,打印机,品牌24,二号纸,黑白,黑色,16*1*1,15,BQ46E,约翰,收货,上架
PrSoA4MoWh,白色 品牌25 四号纸 打印机（黑白）,打印机,品牌25,四号纸,黑白,白色,16*1*1,2,AX01F,克里斯,收货,上架
SPAl50SoPi,粉色 品牌20 50 触控笔（可溶性）,触控笔,品牌20,50,可溶性,粉色,48*10*5,890,CR52D,劳拉,收货,上架
LaYn14i5Si,银色 品牌15 14英寸 笔记本电脑（第5代处理器）,笔记本电脑,品牌15,14英寸,第5代处理器,银色,16*1*1,14,AN39C,劳拉,收货,上架
NoScA3ruSi,银色 品牌17 三号纸 笔记本（横线）,笔记本,品牌17,三号纸,横线,银色,48*10*5,1422,AT19A,克里斯,收货,上架
KeHc45WiPi,粉色 品牌09 450 键盘（有线）,键盘,品牌09,450,有线,粉色,16*10*1,140,DL97E,迈克,收货,上架
CaQE18LoWh,白色 品牌01 1800 文件柜（储物锁柜）,文件柜,品牌01,1800,储物锁柜,白色,8*1*1,8,BS06F,艾米,收货,上架
TVEs42S4Si,银色 品牌32 42英寸 电视机（超级超高清）,电视机,品牌32,42英寸,超级超高清,银色,8*1*1,2,BR85B,约翰,收货,上架
OfAESErBl,黑色 品牌05 小号 办公椅（人体工学）,办公椅,品牌05,小号,人体工学,黑色,16*1*1,7,AF18B,亚历克斯,收货,上架
GaXEMErGr,灰色 品牌06 中号 游戏椅（人体工学）,游戏椅,品牌06,中号,人体工学,灰色,16*1*1,9,DI09E,艾米丽,收货,上架
TaTR10AdSi,银色 品牌28 1000 桌子（可调节）,桌子,品牌28,1000,可调节,银色,8*1*1,1,BX55D,迈克,收货,上架
TaAE10AdBl,黑色 品牌05 1000 桌子（可调节）,桌子,品牌05,1000,可调节,黑色,8*1*1,5,CT44B,克里斯,收货,上架
SPRe12SoPi,粉色 品牌22 12 触控笔（可溶性）,触控笔,品牌22,12,可溶性,粉色,48*10*5,1394,BZ58C,艾米丽,收货,上架
AlSu1432Si,银色 品牌11 14英寸 一体机（32吉字节内存）,一体机,品牌11,14英寸,32吉字节内存,银色,16*1*1,15,CM21F,莎拉,收货,上架
SPNa24HeGr,灰色 品牌23 24 触控笔（六角形）,触控笔,品牌23,24,六角形,灰色,48*10*5,437,DG26A,艾米丽,收货,上架
PeNa12WaGr,灰色 品牌23 12 铅笔（水彩）,铅笔,品牌23,12,水彩,灰色,48*10*5,349,DU25G,克里斯,收货,上架
LaRe15i7Wh,白色 品牌14 15英寸 笔记本电脑（第7代处理器）,笔记本电脑,品牌14,15英寸,第7代处理器,白色,16*1*1,1,BZ26B,莎拉,收货,上架
AlSu17i5Gr,灰色 品牌11 17英寸 一体机（第5代处理器）,一体机,品牌11,17英寸,第5代处理器,灰色,16*1*1,3,CW08A,简,收货,上架
TVYn75FHGr,灰色 品牌15 75英寸 电视机（全高清）,电视机,品牌15,75英寸,全高清,灰色,8*1*1,7,CH64D,简,收货,上架
LaOv1532Si,银色 品牌13 15英寸 笔记本电脑（32吉字节内存）,笔记本电脑,品牌13,15英寸,32吉字节内存,银色,16*1*1,10,BN59A,艾米丽,收货,上架
PrSoA4LaGr,灰色 品牌25 四号纸 打印机（激光）,打印机,品牌25,四号纸,激光,灰色,16*1*1,6,AQ73D,大卫,收货,上架
LaYn17i5Wh,白色 品牌15 17英寸 笔记本电脑（第5代处理器）,笔记本电脑,品牌15,17英寸,第5代处理器,白色,16*1*1,11,AY34B,大卫,收货,上架
LaSu14i5Bl,黑色 品牌11 14英寸 笔记本电脑（第5代处理器）,笔记本电脑,品牌11,14英寸,第5代处理器,黑色,16*1*1,6,CY02H,约翰,收货,上架
CuTE18FiBl,黑色 品牌04 1800 储物柜（文件收纳）,储物柜,品牌04,1800,文件收纳,黑色,8*1*1,4,DQ94A,约翰,收货,上架
PrPHA4LaWh,白色 品牌12 四号纸 打印机（激光）,打印机,品牌12,四号纸,激光,白色,16*1*1,1,CW03F,简,收货,上架
LaYn148GWh,白色 品牌15 14英寸 笔记本电脑（8吉字节内存）,笔记本电脑,品牌15,14英寸,8吉字节内存,白色,16*1*1,5,AG61D,劳拉,收货,上架
LaOv1432Wh,白色 品牌13 14英寸 笔记本电脑（32吉字节内存）,笔记本电脑,品牌13,14英寸,32吉字节内存,白色,16*1*1,15,BM26G,简,收货,上架
KeSu27MePi,粉色 品牌11 270 键盘（机械式）,键盘,品牌11,270,机械式,粉色,16*10*1,45,CK01E,约翰,收货,上架
SPAl12WaWh,白色 品牌20 12 触控笔（水彩）,触控笔,品牌20,12,水彩,白色,48*10*5,1119,DY34A,艾米,收货,上架
PrReA3WiGr,灰色 品牌24 三号纸 打印机（无线网络）,打印机,品牌24,三号纸,无线网络,灰色,16*1*1,11,DS70C,劳拉,收货,上架
PrPHA2LaWh,白色 品牌12 二号纸 打印机（激光）,打印机,品牌12,二号纸,激光,白色,16*1*1,2,DK67F,大卫,收货,上架
OfSEMErGr,灰色 品牌08 中号 办公椅（人体工学）,办公椅,品牌08,中号,人体工学,灰色,16*1*1,10,AV51E,劳拉,收货,上架
CuRG12DoWh,白色 品牌03 1200 储物柜（带门式）,储物柜,品牌03,1200,带门式,白色,8*1*1,1,BP72E,劳拉,收货,上架
MoHc27BlBl,黑色 品牌09 270 鼠标（蓝牙）,鼠标,品牌09,270,蓝牙,黑色,16*10*1,153,CZ89C,劳拉,收货,上架
CaTE90SlGr,灰色 品牌04 900 文件柜（滑动式）,文件柜,品牌04,900,滑动式,灰色,8*1*1,2,AY11C,亚历克斯,收货,上架
TaTR15WoGr,灰色 品牌29 1500 桌子（工作站）,桌子,品牌29,1500,工作站,灰色,8*1*1,1,DY10D,艾米,收货,上架
CaQE18DoBe,米色 品牌01 1800 文件柜（带门式）,文件柜,品牌01,1800,带门式,米色,8*1*1,3,DX89E,艾米,收货,上架
TVGL75S4Wh,白色 品牌31 75英寸 电视机（超级超高清）,电视机,品牌31,75英寸,超级超高清,白色,8*1*1,6,AS25H,劳拉,收货,上架
PrNoA4LaBl,黑色 品牌26 四号纸 打印机（激光）,打印机,品牌26,四号纸,激光,黑色,16*1*1,9,DP81C,大卫,收货,上架
TVYn50S4Wh,白色 品牌15 50英寸 电视机（超级超高清）,电视机,品牌15,50英寸,超级超高清,白色,8*1*1,8,CX34A,大卫,收货,上架
SPNa12WaPi,粉色 品牌23 12 触控笔（水彩）,触控笔,品牌23,12,水彩,粉色,48*10*5,1119,CR84G,劳拉,收货,上架
TaCI10WoWh,白色 品牌27 1000 桌子（工作站）,桌子,品牌27,1000,工作站,白色,8*1*1,5,AO71F,约翰,收货,上架
SPGi50WaWh,白色 品牌21 50 触控笔（水彩）,触控笔,品牌21,50,水彩,白色,48*10*5,732,BY12G,简,收货,上架
PeAl24SoPi,粉色 品牌20 24 铅笔（可溶性）,铅笔,品牌20,24,可溶性,粉色,48*10*5,400,BQ30D,艾米丽,收货,上架
LaOv158GSi,银色 品牌13 15英寸 笔记本电脑（8吉字节内存）,笔记本电脑,品牌13,15英寸,8吉字节内存,银色,16*1*1,1,CK57H,艾米,收货,上架
SPGi24SoPi,粉色 品牌21 24 触控笔（可溶性）,触控笔,品牌21,24,可溶性,粉色,48*10*5,1348,AV79F,莎拉,收货,上架
KeHc27BlBl,黑色 品牌09 270 键盘（蓝牙）,键盘,品牌09,270,蓝牙,黑色,16*10*1,78,DH83B,劳拉,收货,上架
GaXEMErWh,白色 品牌06 中号 游戏椅（人体工学）,游戏椅,品牌06,中号,人体工学,白色,16*1*1,16,DW90H,莎拉,收货,上架
PeRe12SoBl,黑色 品牌22 12 铅笔（可溶性）,铅笔,品牌22,12,可溶性,黑色,48*10*5,1625,CR29D,莎拉,收货,上架
GaXELHeBl,黑色 品牌06 大号 游戏椅（头枕）,游戏椅,品牌06,大号,头枕,黑色,16*1*1,3,DZ54G,莎拉,收货,上架
OfXESErGr,灰色 品牌06 小号 办公椅（人体工学）,办公椅,品牌06,小号,人体工学,灰色,16*1*1,2,DH42H,简,收货,上架
DrTE90DoBl,黑色 品牌04 900 抽屉柜（带门式）,抽屉柜,品牌04,900,带门式,黑色,8*1*1,2,BT39C,艾米丽,收货,上架
KeRe35BlBl,黑色 品牌10 350 键盘（蓝牙）,键盘,品牌10,350,蓝牙,黑色,16*10*1,68,DH11B,大卫,收货,上架
TVYn75FHGr,灰色 品牌15 75英寸 电视机（全高清）,电视机,品牌15,75英寸,全高清,灰色,8*1*1,2,BT69H,迈克,收货,上架
SPRe12WaBl,黑色 品牌22 12 触控笔（水彩）,触控笔,品牌22,12,水彩,黑色,48*10*5,906,DR45A,劳拉,收货,上架
OfAELErBl,黑色 品牌05 大号 办公椅（人体工学）,办公椅,品牌05,大号,人体工学,黑色,16*1*1,16,DR11H,大卫,收货,上架
CuRG90SlGr,灰色 品牌03 900 储物柜（滑动式）,储物柜,品牌03,900,滑动式,灰色,8*1*1,5,AS89F,艾米,收货,上架
DrRG90SlBe,米色 品牌03 900 抽屉柜（滑动式）,抽屉柜,品牌03,900,滑动式,米色,8*1*1,1,BS56H,克里斯,收货,上架
KeRe27MePi,粉色 品牌10 270 键盘（机械式）,键盘,品牌10,270,机械式,粉色,16*10*1,49,AY62H,简,收货,上架
PeAl12WaBl,黑色 品牌20 12 铅笔（水彩）,铅笔,品牌20,12,水彩,黑色,48*10*5,184,BQ54A,大卫,收货,上架
PrPHA2LaMi,混合色 品牌12 二号纸 打印机（激光）,打印机,品牌12,二号纸,激光,混合色,16*1*1,4,AN24H,莎拉,收货,上架
TaCI18FrSi,银色 品牌27 1800 桌子（框架式）,桌子,品牌27,1800,框架式,银色,8*1*1,3,AH29D,简,收货,上架
CuTE18LoGr,灰色 品牌04 1800 储物柜（储物锁柜）,储物柜,品牌04,1800,储物锁柜,灰色,8*1*1,7,CR59F,克里斯,收货,上架
SPRe12WaGr,灰色 品牌22 12 触控笔（水彩）,触控笔,品牌22,12,水彩,灰色,48*10*5,2356,AI69E,莎拉,收货,上架
MoPH35ErNa,藏青色 品牌12 350 鼠标（人体工学）,鼠标,品牌12,350,人体工学,藏青色,16*10*1,48,CQ45B,迈克,收货,上架
PrPHA2LaBl,黑色 品牌12 二号纸 打印机（激光）,打印机,品牌12,二号纸,激光,黑色,16*1*1,10,AQ72F,亚历克斯,收货,上架
KeHc35BlBl,黑色 品牌09 350 键盘（蓝牙）,键盘,品牌09,350,蓝牙,黑色,16*10*1,97,CZ40D,迈克,收货,上架
MoSu27MeWh,白色 品牌11 270 鼠标（机械式）,鼠标,品牌11,270,机械式,白色,16*10*1,133,BJ45G,艾米,收货,上架
SPNa12HeGr,灰色 品牌23 12 触控笔（六角形）,触控笔,品牌23,12,六角形,灰色,48*10*5,2089,DI04C,克里斯,收货,上架
TVEs32S4Wh,白色 品牌32 32英寸 电视机（超级超高清）,电视机,品牌32,32英寸,超级超高清,白色,8*1*1,1,BS38C,克里斯,收货,上架
NoGrA3liSi,银色 品牌18 三号纸 笔记本（线条）,笔记本,品牌18,三号纸,线条,银色,48*10*5,171,CU81G,约翰,收货,上架
SPAl24WaGr,灰色 品牌20 24 触控笔（水彩）,触控笔,品牌20,24,水彩,灰色,48*10*5,149,CO09E,迈克,收货,上架
GaSELLeBl,黑色 品牌08 大号 游戏椅（皮革）,游戏椅,品牌08,大号,皮革,黑色,16*1*1,12,CR97G,劳拉,收货,上架
PeAl24WaBl,黑色 品牌20 24 铅笔（水彩）,铅笔,品牌20,24,水彩,黑色,48*10*5,1649,AN19B,简,收货,上架
OfSELAdWh,白色 品牌08 大号 办公椅（可调节）,办公椅,品牌08,大号,可调节,白色,16*1*1,11,BR93F,约翰,收货,上架
LaPH1432Bl,黑色 品牌12 14英寸 笔记本电脑（32吉字节内存）,笔记本电脑,品牌12,14英寸,32吉字节内存,黑色,16*1*1,16,BJ49A,约翰,收货,上架
TaTR18FrGr,灰色 品牌29 1800 桌子（框架式）,桌子,品牌29,1800,框架式,灰色,8*1*1,8,CK68G,迈克,收货,上架
PrSoA2AlBl,黑色 品牌25 二号纸 打印机（一体式）,打印机,品牌25,二号纸,一体式,黑色,16*1*1,14,AX03B,克里斯,收货,上架
LaOv17i7Gr,灰色 品牌13 17英寸 笔记本电脑（第7代处理器）,笔记本电脑,品牌13,17英寸,第7代处理器,灰色,16*1*1,12,CH43A,劳拉,收货,上架
TaTR15AdSi,银色 品牌28 1500 桌子（可调节）,桌子,品牌28,1500,可调节,银色,8*1*1,1,BQ73C,简,收货,上架
LaSu15i5Wh,白色 品牌11 15英寸 笔记本电脑（第5代处理器）,笔记本电脑,品牌11,15英寸,第5代处理器,白色,16*1*1,1,DP51B,劳拉,收货,上架
PrNoA3InBl,黑色 品牌26 三号纸 打印机（喷墨）,打印机,品牌26,三号纸,喷墨,黑色,16*1*1,7,DQ70D,克里斯,收货,上架
PrNoA3LaGr,灰色 品牌26 三号纸 打印机（激光）,打印机,品牌26,三号纸,激光,灰色,16*1*1,1,CY49D,克里斯,收货,上架
AlYn17i7Wh,白色 品牌15 17英寸 一体机（第7代处理器）,一体机,品牌15,17英寸,第7代处理器,白色,16*1*1,13,AN33C,简,收货,上架
PrSoA2WiMi,混合色 品牌25 二号纸 打印机（无线网络）,打印机,品牌25,二号纸,无线网络,混合色,16*1*1,8,BF75G,艾米,收货,上架
PrNoA4LaBl,黑色 品牌26 四号纸 打印机（激光）,打印机,品牌26,四号纸,激光,黑色,16*1*1,10,DF01E,劳拉,收货,上架
PrNoA2AlGr,灰色 品牌26 二号纸 打印机（一体式）,打印机,品牌26,二号纸,一体式,灰色,16*1*1,3,CT24F,莎拉,收货,上架
TaTR15FrSi,银色 品牌29 1500 桌子（框架式）,桌子,品牌29,1500,框架式,银色,8*1*1,6,BP56H,莎拉,收货,上架
LaPH17i7Bl,黑色 品牌12 17英寸 笔记本电脑（第7代处理器）,笔记本电脑,品牌12,17英寸,第7代处理器,黑色,16*1*1,8,BU21H,艾米丽,收货,上架
DrQE18FiBe,米色 品牌01 1800 抽屉柜（文件收纳）,抽屉柜,品牌01,1800,文件收纳,米色,8*1*1,8,AL95G,亚历克斯,收货,上架
OfOGMHePi,粉色 品牌07 中号 办公椅（头枕）,办公椅,品牌07,中号,头枕,粉色,16*1*1,9,DZ39A,艾米丽,收货,上架
KePH35WiPi,粉色 品牌12 350 键盘（有线）,键盘,品牌12,350,有线,粉色,16*10*1,76,DH28G,约翰,收货,上架
OfOGLErBl,黑色 品牌07 大号 办公椅（人体工学）,办公椅,品牌07,大号,人体工学,黑色,16*1*1,10,CJ55G,克里斯,收货,上架
GaSESAdWh,白色 品牌08 小号 游戏椅（可调节）,游戏椅,品牌08,小号,可调节,白色,16*1*1,16,CH14G,艾米,收货,上架
TVEs75FHGr,灰色 品牌32 75英寸 电视机（全高清）,电视机,品牌32,75英寸,全高清,灰色,8*1*1,6,AF20H,简,收货,上架
OfAESHeGr,灰色 品牌05 小号 办公椅（头枕）,办公椅,品牌05,小号,头枕,灰色,16*1*1,4,CG45B,莎拉,收货,上架
MoRe45MePi,粉色 品牌10 450 鼠标（机械式）,鼠标,品牌10,450,机械式,粉色,16*10*1,65,BM73C,莎拉,收货,上架
PrNoA3LaMi,混合色 品牌26 三号纸 打印机（激光）,打印机,品牌26,三号纸,激光,混合色,16*1*1,8,CM90F,大卫,收货,上架
PrSoA4MoMi,混合色 品牌25 四号纸 打印机（黑白）,打印机,品牌25,四号纸,黑白,混合色,16*1*1,14,DV46E,莎拉,收货,上架
CuWE90SlBe,米色 品牌02 900 储物柜（滑动式）,储物柜,品牌02,900,滑动式,米色,8*1*1,7,AX27B,克里斯,收货,上架
CuWE90FiWh,白色 品牌02 900 储物柜（文件收纳）,储物柜,品牌02,900,文件收纳,白色,8*1*1,2,AK81A,迈克,收货,上架
KeHc45ErWh,白色 品牌09 450 键盘（人体工学）,键盘,品牌09,450,人体工学,白色,16*10*1,123,CQ51H,莎拉,收货,上架
CuQE90DoBe,米色 品牌01 900 储物柜（带门式）,储物柜,品牌01,900,带门式,米色,8*1*1,4,BM97C,劳拉,收货,上架
LaSu1732Wh,白色 品牌11 17英寸 笔记本电脑（32吉字节内存）,笔记本电脑,品牌11,17英寸,32吉字节内存,白色,16*1*1,16,AP11H,约翰,收货,上架
DrTE90FiBl,黑色 品牌04 900 抽屉柜（文件收纳）,抽屉柜,品牌04,900,文件收纳,黑色,8*1*1,3,BS94B,亚历克斯,收货,上架
GaAESLePi,粉色 品牌05 小号 游戏椅（皮革）,游戏椅,品牌05,小号,皮革,粉色,16*1*1,3,CQ47C,大卫,收货,上架
KePH27ErPi,粉色 品牌12 270 键盘（人体工学）,键盘,品牌12,270,人体工学,粉色,16*10*1,12,AH78D,简,收货,上架
MoPH27WiWh,白色 品牌12 270 鼠标（有线）,鼠标,品牌12,270,有线,白色,16*10*1,37,CX44F,大卫,收货,上架
OfSELAdWh,白色 品牌08 大号 办公椅（可调节）,办公椅,品牌08,大号,可调节,白色,16*1*1,9,AO55B,克里斯,收货,上架
AlOv158GBl,黑色 品牌13 15英寸 一体机（8吉字节内存）,一体机,品牌13,15英寸,8吉字节内存,黑色,16*1*1,1,AP16C,约翰,收货,上架
LaPH178GGr,灰色 品牌12 17英寸 笔记本电脑（8吉字节内存）,笔记本电脑,品牌12,17英寸,8吉字节内存,灰色,16*1*1,8,DZ74E,艾米丽,收货,上架
LaRe17i5Gr,灰色 品牌14 17英寸 笔记本电脑（第5代处理器）,笔记本电脑,品牌14,17英寸,第5代处理器,灰色,16*1*1,10,CZ10F,简,收货,上架
OfAELAdBl,黑色 品牌05 大号 办公椅（可调节）,办公椅,品牌05,大号,可调节,黑色,16*1*1,11,DZ22F,大卫,收货,上架
TaTR15AuGr,灰色 品牌28 1500 桌子（自动调节）,桌子,品牌28,1500,自动调节,灰色,8*1*1,8,BT74H,艾米丽,收货,上架
LaSu15i7Gr,灰色 品牌11 15英寸 笔记本电脑（第7代处理器）,笔记本电脑,品牌11,15英寸,第7代处理器,灰色,16*1*1,9,CY87E,大卫,收货,上架
MoSu27MeBl,黑色 品牌11 270 鼠标（机械式）,鼠标,品牌11,270,机械式,黑色,16*10*1,3,AO46D,约翰,收货,上架
TVEs324KGr,灰色 品牌32 32英寸 电视机（超高清）,电视机,品牌32,32英寸,超高清,灰色,8*1*1,7,AT61G,艾米,收货,上架
KeHc27BlBl,黑色 品牌09 270 键盘（蓝牙）,键盘,品牌09,270,蓝牙,黑色,16*10*1,137,CX02B,大卫,收货,上架
LaSu1716Gr,灰色 品牌11 17英寸 笔记本电脑（16吉字节内存）,笔记本电脑,品牌11,17英寸,16吉字节内存,灰色,16*1*1,7,CT21G,迈克,收货,上架
TVEs75FHSi,银色 品牌32 75英寸 电视机（全高清）,电视机,品牌32,75英寸,全高清,银色,8*1*1,3,DG20A,劳拉,收货,上架
AlOv1416Bl,黑色 品牌13 14英寸 一体机（16吉字节内存）,一体机,品牌13,14英寸,16吉字节内存,黑色,16*1*1,6,CM19G,亚历克斯,收货,上架
TVEs324KWh,白色 品牌32 32英寸 电视机（超高清）,电视机,品牌32,32英寸,超高清,白色,8*1*1,6,DU40H,迈克,收货,上架
PeRe50WaGr,灰色 品牌22 50 铅笔（水彩）,铅笔,品牌22,50,水彩,灰色,48*10*5,1114,CQ46D,简,收货,上架
TVEs50S4Wh,白色 品牌32 50英寸 电视机（超级超高清）,电视机,品牌32,50英寸,超级超高清,白色,8*1*1,1,AI51G,约翰,收货,上架
TaTR10AdBl,黑色 品牌28 1000 桌子（可调节）,桌子,品牌28,1000,可调节,黑色,8*1*1,2,BS77H,迈克,收货,上架
TVYn504KGr,灰色 品牌15 50英寸 电视机（超高清）,电视机,品牌15,50英寸,超高清,灰色,8*1*1,4,DR09F,迈克,收货,上架
AlSu14i5Wh,白色 品牌11 14英寸 一体机（第5代处理器）,一体机,品牌11,14英寸,第5代处理器,白色,16*1*1,12,BJ40B,劳拉,收货,上架
PrPHA4LaGr,灰色 品牌12 四号纸 打印机（激光）,打印机,品牌12,四号纸,激光,灰色,16*1*1,4,AM61B,迈克,收货,上架
OfSELLeGr,灰色 品牌08 大号 办公椅（皮革）,办公椅,品牌08,大号,皮革,灰色,16*1*1,2,CT87D,大卫,收货,上架
OfSELLePi,粉色 品牌08 大号 办公椅（皮革）,办公椅,品牌08,大号,皮革,粉色,16*1*1,5,AR59F,大卫,收货,上架
PrSoA3MoBl,黑色 品牌25 三号纸 打印机（黑白）,打印机,品牌25,三号纸,黑白,黑色,16*1*1,11,DP11H,劳拉,收货,上架
CaTE90LoWh,白色 品牌04 900 文件柜（储物锁柜）,文件柜,品牌04,900,储物锁柜,白色,8*1*1,2,AW13D,克里斯,收货,上架
PrPHA4MoMi,混合色 品牌12 四号纸 打印机（黑白）,打印机,品牌12,四号纸,黑白,混合色,16*1*1,15,BK11C,迈克,收货,上架
SPAl24HeGr,灰色 品牌20 24 触控笔（六角形）,触控笔,品牌20,24,六角形,灰色,48*10*5,2149,CS29G,克里斯,收货,上架
DrWE18SlGr,灰色 品牌02 1800 抽屉柜（滑动式）,抽屉柜,品牌02,1800,滑动式,灰色,8*1*1,5,DK73G,克里斯,收货,上架
GaXESAdWh,白色 品牌06 小号 游戏椅（可调节）,游戏椅,品牌06,小号,可调节,白色,16*1*1,10,DN72F,克里斯,收货,上架
MoRe45BlBl,黑色 品牌10 450 鼠标（蓝牙）,鼠标,品牌10,450,蓝牙,黑色,16*10*1,6,BW89F,劳拉,收货,上架
LaSu148GSi,银色 品牌11 14英寸 笔记本电脑（8吉字节内存）,笔记本电脑,品牌11,14英寸,8吉字节内存,银色,16*1*1,15,DO45C,亚历克斯,收货,上架
OfSESHePi,粉色 品牌08 小号 办公椅（头枕）,办公椅,品牌08,小号,头枕,粉色,16*1*1,11,DR10G,迈克,收货,上架
GaOGLAdWh,白色 品牌07 大号 游戏椅（可调节）,游戏椅,品牌07,大号,可调节,白色,16*1*1,1,DK85A,迈克,收货,上架
AlSu1516Gr,灰色 品牌11 15英寸 一体机（16吉字节内存）,一体机,品牌11,15英寸,16吉字节内存,灰色,16*1*1,2,AH87G,约翰,收货,上架
DrWE12SlWh,白色 品牌02 1200 抽屉柜（滑动式）,抽屉柜,品牌02,1200,滑动式,白色,8*1*1,2,AY08C,迈克,收货,上架
PeRe12SoBl,黑色 品牌22 12 铅笔（可溶性）,铅笔,品牌22,12,可溶性,黑色,48*10*5,1642,CV10C,艾米丽,收货,上架
AlYn178GWh,白色 品牌15 17英寸 一体机（8吉字节内存）,一体机,品牌15,17英寸,8吉字节内存,白色,16*1*1,13,AW80C,亚历克斯,收货,上架
CaQE90DoBl,黑色 品牌01 900 文件柜（带门式）,文件柜,品牌01,900,带门式,黑色,8*1*1,8,AF06A,莎拉,收货,上架
CaWE90LoWh,白色 品牌02 900 文件柜（储物锁柜）,文件柜,品牌02,900,储物锁柜,白色,8*1*1,4,CY94E,艾米,收货,上架
SPAl50WaBl,黑色 品牌20 50 触控笔（水彩）,触控笔,品牌20,50,水彩,黑色,48*10*5,2316,CV57F,克里斯,收货,上架
AlRe1732Bl,黑色 品牌14 17英寸 一体机（32吉字节内存）,一体机,品牌14,17英寸,32吉字节内存,黑色,16*1*1,11,DR44C,莎拉,收货,上架
TaTR15AdGr,灰色 品牌28 1500 桌子（可调节）,桌子,品牌28,1500,可调节,灰色,8*1*1,8,BP31B,亚历克斯,收货,上架
DrRG12FiBe,米色 品牌03 1200 抽屉柜（文件收纳）,抽屉柜,品牌03,1200,文件收纳,米色,8*1*1,2,DK65D,艾米丽,收货,上架
CuTE90FiGr,灰色 品牌04 900 储物柜（文件收纳）,储物柜,品牌04,900,文件收纳,灰色,8*1*1,2,CM60F,劳拉,收货,上架
LaOv1716Si,银色 品牌13 17英寸 笔记本电脑（16吉字节内存）,笔记本电脑,品牌13,17英寸,16吉字节内存,银色,16*1*1,10,BL86F,莎拉,收货,上架
PeAl50HeBl,黑色 品牌20 50 铅笔（六角形）,铅笔,品牌20,50,六角形,黑色,48*10*5,2011,DX35H,大卫,收货,上架
TaAE15FrGr,灰色 品牌05 1500 桌子（框架式）,桌子,品牌05,1500,框架式,灰色,8*1*1,4,DV97D,迈克,收货,上架
AlPH178GGr,灰色 品牌12 17英寸 一体机（8吉字节内存）,一体机,品牌12,17英寸,8吉字节内存,灰色,16*1*1,16,DZ49G,劳拉,收货,上架
AlSu1432Si,银色 品牌11 14英寸 一体机（32吉字节内存）,一体机,品牌11,14英寸,32吉字节内存,银色,16*1*1,12,DK61B,约翰,收货,上架
DrTE12FiBl,黑色 品牌04 1200 抽屉柜（文件收纳）,抽屉柜,品牌04,1200,文件收纳,黑色,8*1*1,2,AO61D,劳拉,收货,上架
SPGi24WaWh,白色 品牌21 24 触控笔（水彩）,触控笔,品牌21,24,水彩,白色,48*10*5,781,DL31E,亚历克斯,收货,上架
GaSELHeGr,灰色 品牌08 大号 游戏椅（头枕）,游戏椅,品牌08,大号,头枕,灰色,16*1*1,13,CP33E,亚历克斯,收货,上架
CaTE18SlBl,黑色 品牌04 1800 文件柜（滑动式）,文件柜,品牌04,1800,滑动式,黑色,8*1*1,1,CR10C,克里斯,收货,上架
TVGn50SFGr,灰色 品牌30 50英寸 电视机（超级全高清）,电视机,品牌30,50英寸,超级全高清,灰色,8*1*1,2,CX10H,迈克,收货,上架
MoSu45WiPi,粉色 品牌11 450 鼠标（有线）,鼠标,品牌11,450,有线,粉色,16*10*1,96,CN03G,克里斯,收货,上架
LaOv14i7Gr,灰色 品牌13 14英寸 笔记本电脑（第7代处理器）,笔记本电脑,品牌13,14英寸,第7代处理器,灰色,16*1*1,3,DG24D,艾米丽,收货,上架
DrQE12SlBe,米色 品牌01 1200 抽屉柜（滑动式）,抽屉柜,品牌01,1200,滑动式,米色,8*1*1,8,DK90E,约翰,收货,上架
TVGL754KSi,银色 品牌31 75英寸 电视机（超高清）,电视机,品牌31,75英寸,超高清,银色,8*1*1,6,DG60B,约翰,收货,上架
CuQE90SlWh,白色 品牌01 900 储物柜（滑动式）,储物柜,品牌01,900,滑动式,白色,8*1*1,8,BW17H,大卫,收货,上架
AlSu1532Gr,灰色 品牌11 15英寸 一体机（32吉字节内存）,一体机,品牌11,15英寸,32吉字节内存,灰色,16*1*1,2,CY36B,莎拉,收货,上架
PeGi24WaGr,灰色 品牌21 24 铅笔（水彩）,铅笔,品牌21,24,水彩,灰色,48*10*5,1242,BJ68E,迈克,收货,上架
PrSoA3AlGr,灰色 品牌25 三号纸 打印机（一体式）,打印机,品牌25,三号纸,一体式,灰色,16*1*1,14,BR81D,约翰,收货,上架
CuRG18LoBe,米色 品牌03 1800 储物柜（储物锁柜）,储物柜,品牌03,1800,储物锁柜,米色,8*1*1,5,DW48D,艾米,收货,上架
AlOv14i7Gr,灰色 品牌13 14英寸 一体机（第7代处理器）,一体机,品牌13,14英寸,第7代处理器,灰色,16*1*1,4,AV15F,莎拉,收货,上架
CuQE12SlWh,白色 品牌01 1200 储物柜（滑动式）,储物柜,品牌01,1200,滑动式,白色,8*1*1,4,CV21C,约翰,收货,上架
MoPH35BlPi,粉色 品牌12 350 鼠标（蓝牙）,鼠标,品牌12,350,蓝牙,粉色,16*10*1,159,AL37C,克里斯,收货,上架
PeRe24HePi,粉色 品牌22 24 铅笔（六角形）,铅笔,品牌22,24,六角形,粉色,48*10*5,1813,DG33F,莎拉,收货,上架
DrWE90SlGr,灰色 品牌02 900 抽屉柜（滑动式）,抽屉柜,品牌02,900,滑动式,灰色,8*1*1,1,BT78C,艾米丽,收货,上架
LaYn15i5Si,银色 品牌15 15英寸 笔记本电脑（第5代处理器）,笔记本电脑,品牌15,15英寸,第5代处理器,银色,16*1*1,15,AS26G,迈克,收货,上架
NoGrA4doBl,黑色 品牌18 四号纸 笔记本（点阵）,笔记本,品牌18,四号纸,点阵,黑色,48*10*5,774,DY45G,大卫,收货,上架
PeGi12WaGr,灰色 品牌21 12 铅笔（水彩）,铅笔,品牌21,12,水彩,灰色,48*10*5,1790,BK27G,莎拉,收货,上架
TVYn65SFBl,黑色 品牌15 65英寸 电视机（超级全高清）,电视机,品牌15,65英寸,超级全高清,黑色,8*1*1,4,CN43H,迈克,收货,上架
CaWE18FiWh,白色 品牌02 1800 文件柜（文件收纳）,文件柜,品牌02,1800,文件收纳,白色,8*1*1,5,BR07B,迈克,收货,上架
OfAESHeWh,白色 品牌05 小号 办公椅（头枕）,办公椅,品牌05,小号,头枕,白色,16*1*1,9,CG82D,亚历克斯,收货,上架
PrReA2WiMi,混合色 品牌24 二号纸 打印机（无线网络）,打印机,品牌24,二号纸,无线网络,混合色,16*1*1,1,CL39H,克里斯,收货,上架
DrWE18SlBl,黑色 品牌02 1800 抽屉柜（滑动式）,抽屉柜,品牌02,1800,滑动式,黑色,8*1*1,3,DJ30D,迈克,收货,上架
PrNoA4LaBl,黑色 品牌26 四号纸 打印机（激光）,打印机,品牌26,四号纸,激光,黑色,16*1*1,2,BM43H,约翰,收货,上架
NoExA4doWh,白色 品牌16 四号纸 笔记本（点阵）,笔记本,品牌16,四号纸,点阵,白色,48*10*5,7,BU48G,劳拉,收货,上架
PeNa24HeGr,灰色 品牌23 24 铅笔（六角形）,铅笔,品牌23,24,六角形,灰色,48*10*5,1457,DL84D,艾米,收货,上架
AlPH17i5Si,银色 品牌12 17英寸 一体机（第5代处理器）,一体机,品牌12,17英寸,第5代处理器,银色,16*1*1,2,DK13C,简,收货,上架
TVGn32SFWh,白色 品牌30 32英寸 电视机（超级全高清）,电视机,品牌30,32英寸,超级全高清,白色,8*1*1,6,AN38D,约翰,收货,上架
PeGi12SoWh,白色 品牌21 12 铅笔（可溶性）,铅笔,品牌21,12,可溶性,白色,48*10*5,2305,DF37F,约翰,收货,上架
TVYn65SFWh,白色 品牌15 65英寸 电视机（超级全高清）,电视机,品牌15,65英寸,超级全高清,白色,8*1*1,8,CF76H,迈克,收货,上架
AlRe15i7Bl,黑色 品牌14 15英寸 一体机（第7代处理器）,一体机,品牌14,15英寸,第7代处理器,黑色,16*1*1,14,DP27F,艾米丽,收货,上架
KeHc35ErNa,藏青色 品牌09 350 键盘（人体工学）,键盘,品牌09,350,人体工学,藏青色,16*10*1,92,DP21F,大卫,收货,上架
CaQE18DoGr,灰色 品牌01 1800 文件柜（带门式）,文件柜,品牌01,1800,带门式,灰色,8*1*1,6,BX93F,艾米丽,收货,上架
TVYn65FHGr,灰色 品牌15 65英寸 电视机（全高清）,电视机,品牌15,65英寸,全高清,灰色,8*1*1,4,BT74B,亚历克斯,收货,上架
TVEs65S4Gr,灰色 品牌32 65英寸 电视机（超级超高清）,电视机,品牌32,65英寸,超级超高清,灰色,8*1*1,3,CZ96E,亚历克斯,收货,上架
GaOGLHeGr,灰色 品牌07 大号 游戏椅（头枕）,游戏椅,品牌07,大号,头枕,灰色,16*1*1,15,AL42A,艾米,收货,上架
TVGL324KGr,灰色 品牌31 32英寸 电视机（超高清）,电视机,品牌31,32英寸,超高清,灰色,8*1*1,8,DT67B,大卫,收货,上架
TVGL424KSi,银色 品牌31 42英寸 电视机（超高清）,电视机,品牌31,42英寸,超高清,银色,8*1*1,3,AW98F,大卫,收货,上架
SPAl50HeBl,黑色 品牌20 50 触控笔（六角形）,触控笔,品牌20,50,六角形,黑色,48*10*5,897,BQ69D,大卫,收货,上架
CaTE18LoBl,黑色 品牌04 1800 文件柜（储物锁柜）,文件柜,品牌04,1800,储物锁柜,黑色,8*1*1,4,CI28H,劳拉,收货,上架
AlPH15i5Wh,白色 品牌12 15英寸 一体机（第5代处理器）,一体机,品牌12,15英寸,第5代处理器,白色,16*1*1,6,BQ94E,约翰,收货,上架
KeSu27MeBl,黑色 品牌11 270 键盘（机械式）,键盘,品牌11,270,机械式,黑色,16*10*1,105,BN95D,莎拉,收货,上架
DrTE12SlWh,白色 品牌04 1200 抽屉柜（滑动式）,抽屉柜,品牌04,1200,滑动式,白色,8*1*1,2,DR42A,约翰,收货,上架
LaPH1432Wh,白色 品牌12 14英寸 笔记本电脑（32吉字节内存）,笔记本电脑,品牌12,14英寸,32吉字节内存,白色,16*1*1,15,AJ52C,艾米,收货,上架
LaSu1432Si,银色 品牌11 14英寸 笔记本电脑（32吉字节内存）,笔记本电脑,品牌11,14英寸,32吉字节内存,银色,16*1*1,12,BX29D,莎拉,收货,上架
KePH27WiPi,粉色 品牌12 270 键盘（有线）,键盘,品牌12,270,有线,粉色,16*10*1,46,AW06E,莎拉,收货,上架
TaCI15FrBl,黑色 品牌27 1500 桌子（框架式）,桌子,品牌27,1500,框架式,黑色,8*1*1,1,AJ11D,艾米丽,收货,上架
PrReA4WiGr,灰色 品牌24 四号纸 打印机（无线网络）,打印机,品牌24,四号纸,无线网络,灰色,16*1*1,8,CL40D,约翰,收货,上架
TaAE18FrBl,黑色 品牌05 1800 桌子（框架式）,桌子,品牌05,1800,框架式,黑色,8*1*1,2,DF50H,莎拉,收货,上架
CuRG90FiBl,黑色 品牌03 900 储物柜（文件收纳）,储物柜,品牌03,900,文件收纳,黑色,8*1*1,1,BJ92C,大卫,收货,上架
AlOv158GGr,灰色 品牌13 15英寸 一体机（8吉字节内存）,一体机,品牌13,15英寸,8吉字节内存,灰色,16*1*1,3,AW40D,克里斯,收货,上架
TVEs32SFGr,灰色 品牌32 32英寸 电视机（超级全高清）,电视机,品牌32,32英寸,超级全高清,灰色,8*1*1,8,DK21B,艾米,收货,上架
SPRe12HeWh,白色 品牌22 12 触控笔（六角形）,触控笔,品牌22,12,六角形,白色,48*10*5,363,CX11H,简,收货,上架
TaAE15WoWh,白色 品牌05 1500 桌子（工作站）,桌子,品牌05,1500,工作站,白色,8*1*1,2,CU28D,亚历克斯,收货,上架
GaOGLLeGr,灰色 品牌07 大号 游戏椅（皮革）,游戏椅,品牌07,大号,皮革,灰色,16*1*1,2,BL89D,亚历克斯,收货,上架
GaXELAdWh,白色 品牌06 大号 游戏椅（可调节）,游戏椅,品牌06,大号,可调节,白色,16*1*1,5,BL31B,约翰,收货,上架
GaXESErGr,灰色 品牌06 小号 游戏椅（人体工学）,游戏椅,品牌06,小号,人体工学,灰色,16*1*1,1,AY78C,大卫,收货,上架
GaSELErBl,黑色 品牌08 大号 游戏椅（人体工学）,游戏椅,品牌08,大号,人体工学,黑色,16*1*1,16,BH49B,克里斯,收货,上架
OfSELLeWh,白色 品牌08 大号 办公椅（皮革）,办公椅,品牌08,大号,皮革,白色,16*1*1,4,DK98E,劳拉,收货,上架
TVGL504KGr,灰色 品牌31 50英寸 电视机（超高清）,电视机,品牌31,50英寸,超高清,灰色,8*1*1,8,DJ15D,大卫,收货,上架
PrReA3WiBl,黑色 品牌24 三号纸 打印机（无线网络）,打印机,品牌24,三号纸,无线网络,黑色,16*1*1,6,DK13H,艾米丽,收货,上架
GaAESHeWh,白色 品牌05 小号 游戏椅（头枕）,游戏椅,品牌05,小号,头枕,白色,16*1*1,16,BT03A,约翰,收货,上架
KePH27MeBl,黑色 品牌12 270 键盘（机械式）,键盘,品牌12,270,机械式,黑色,16*10*1,132,DI02B,简,收货,上架
KeSu45BlBl,黑色 品牌11 450 键盘（蓝牙）,键盘,品牌11,450,蓝牙,黑色,16*10*1,138,CO89G,艾米,收货,上架
DrQE90LoGr,灰色 品牌01 900 抽屉柜（储物锁柜）,抽屉柜,品牌01,900,储物锁柜,灰色,8*1*1,2,DK07A,克里斯,收货,上架
PeAl12WaGr,灰色 品牌20 12 铅笔（水彩）,铅笔,品牌20,12,水彩,灰色,48*10*5,47,BQ33E,简,收货,上架
NoGrA5liBl,黑色 品牌18 五号纸 笔记本（线条）,笔记本,品牌18,五号纸,线条,黑色,48*10*5,41,AH85H,莎拉,收货,上架
SPRe50SoBl,黑色 品牌22 50 触控笔（可溶性）,触控笔,品牌22,50,可溶性,黑色,48*10*5,1351,BQ95H,简,收货,上架
DrWE12SlGr,灰色 品牌02 1200 抽屉柜（滑动式）,抽屉柜,品牌02,1200,滑动式,灰色,8*1*1,8,CG66G,简,收货,上架
PrPHA4WiGr,灰色 品牌12 四号纸 打印机（无线网络）,打印机,品牌12,四号纸,无线网络,灰色,16*1*1,9,AL73F,劳拉,收货,上架
GaXEMErWh,白色 品牌06 中号 游戏椅（人体工学）,游戏椅,品牌06,中号,人体工学,白色,16*1*1,6,BF88E,劳拉,收货,上架
GaXELHeGr,灰色 品牌06 大号 游戏椅（头枕）,游戏椅,品牌06,大号,头枕,灰色,16*1*1,14,DP67D,莎拉,收货,上架
LaSu15i7Gr,灰色 品牌11 15英寸 笔记本电脑（第7代处理器）,笔记本电脑,品牌11,15英寸,第7代处理器,灰色,16*1*1,1,BO62E,劳拉,收货,上架
NoGrA4ruBl,黑色 品牌18 四号纸 笔记本（横线）,笔记本,品牌18,四号纸,横线,黑色,48*10*5,2292,AJ42B,大卫,收货,上架
KeRe27ErBl,黑色 品牌10 270 键盘（人体工学）,键盘,品牌10,270,人体工学,黑色,16*10*1,88,BH67B,亚历克斯,收货,上架
DrTE90SlBl,黑色 品牌04 900 抽屉柜（滑动式）,抽屉柜,品牌04,900,滑动式,黑色,8*1*1,6,BL37H,大卫,收货,上架
KeRe35ErWh,白色 品牌10 350 键盘（人体工学）,键盘,品牌10,350,人体工学,白色,16*10*1,125,AM70B,迈克,收货,上架
OfOGSLeGr,灰色 品牌07 小号 办公椅（皮革）,办公椅,品牌07,小号,皮革,灰色,16*1*1,5,DP98B,劳拉,收货,上架
KeRe27MeNa,藏青色 品牌10 270 键盘（机械式）,键盘,品牌10,270,机械式,藏青色,16*10*1,89,CW31A,大卫,收货,上架
DrRG90LoGr,灰色 品牌03 900 抽屉柜（储物锁柜）,抽屉柜,品牌03,900,储物锁柜,灰色,8*1*1,5,DU58F,迈克,收货,上架
OfOGSErGr,灰色 品牌07 小号 办公椅（人体工学）,办公椅,品牌07,小号,人体工学,灰色,16*1*1,6,CL82G,简,收货,上架
PeNa50WaBl,黑色 品牌23 50 铅笔（水彩）,铅笔,品牌23,50,水彩,黑色,48*10*5,1734,DX05B,艾米丽,收货,上架
LaYn1732Wh,白色 品牌15 17英寸 笔记本电脑（32吉字节内存）,笔记本电脑,品牌15,17英寸,32吉字节内存,白色,16*1*1,3,DL91C,艾米丽,收货,上架
AlRe1532Wh,白色 品牌14 15英寸 一体机（32吉字节内存）,一体机,品牌14,15英寸,32吉字节内存,白色,16*1*1,16,CX15B,大卫,收货,上架
KeSu45WiBl,黑色 品牌11 450 键盘（有线）,键盘,品牌11,450,有线,黑色,16*10*1,132,DK30G,莎拉,收货,上架
SPGi12WaBl,黑色 品牌21 12 触控笔（水彩）,触控笔,品牌21,12,水彩,黑色,48*10*5,1817,DL90H,莎拉,收货,上架
CaRG90SlBl,黑色 品牌03 900 文件柜（滑动式）,文件柜,品牌03,900,滑动式,黑色,8*1*1,1,DZ77G,克里斯,收货,上架
SPGi50HeBl,黑色 品牌21 50 触控笔（六角形）,触控笔,品牌21,50,六角形,黑色,48*10*5,1366,DV41D,简,收货,上架
KeHc45BlNa,藏青色 品牌09 450 键盘（蓝牙）,键盘,品牌09,450,蓝牙,藏青色,16*10*1,81,CR70A,克里斯,收货,上架
CaWE18DoBl,黑色 品牌02 1800 文件柜（带门式）,文件柜,品牌02,1800,带门式,黑色,8*1*1,8,DG08B,亚历克斯,收货,上架
TaAE10WoGr,灰色 品牌05 1000 桌子（工作站）,桌子,品牌05,1000,工作站,灰色,8*1*1,5,CK33B,亚历克斯,收货,上架
AlOv1716Bl,黑色 品牌13 17英寸 一体机（16吉字节内存）,一体机,品牌13,17英寸,16吉字节内存,黑色,16*1*1,7,DX51G,艾米,收货,上架
TVYn42S4Bl,黑色 品牌15 42英寸 电视机（超级超高清）,电视机,品牌15,42英寸,超级超高清,黑色,8*1*1,3,CJ26E,劳拉,收货,上架
TVEs65SFGr,灰色 品牌32 65英寸 电视机（超级全高清）,电视机,品牌32,65英寸,超级全高清,灰色,8*1*1,3,AR58E,大卫,收货,上架
PeNa24WaBl,黑色 品牌23 24 铅笔（水彩）,铅笔,品牌23,24,水彩,黑色,48*10*5,1006,CQ32A,约翰,收货,上架
CaQE12LoWh,白色 品牌01 1200 文件柜（储物锁柜）,文件柜,品牌01,1200,储物锁柜,白色,8*1*1,3,AL24E,约翰,收货,上架
TVYn42FHBl,黑色 品牌15 42英寸 电视机（全高清）,电视机,品牌15,42英寸,全高清,黑色,8*1*1,2,AK14D,艾米,收货,上架
DrTE12SlWh,白色 品牌04 1200 抽屉柜（滑动式）,抽屉柜,品牌04,1200,滑动式,白色,8*1*1,4,CR35B,大卫,收货,上架
KePH27ErBl,黑色 品牌12 270 键盘（人体工学）,键盘,品牌12,270,人体工学,黑色,16*10*1,42,DX97D,艾米,收货,上架
OfOGMAdBl,黑色 品牌07 中号 办公椅（可调节）,办公椅,品牌07,中号,可调节,黑色,16*1*1,8,AN93G,迈克,收货,上架
AlOv15i7Si,银色 品牌13 15英寸 一体机（第7代处理器）,一体机,品牌13,15英寸,第7代处理器,银色,16*1*1,1,DV10A,艾米丽,收货,上架
TaTR18AuGr,灰色 品牌29 1800 桌子（自动调节）,桌子,品牌29,1800,自动调节,灰色,8*1*1,4,BW18D,简,收货,上架
KeRe27MeWh,白色 品牌10 270 键盘（机械式）,键盘,品牌10,270,机械式,白色,16*10*1,56,AJ65D,约翰,收货,上架
LaOv15i5Wh,白色 品牌13 15英寸 笔记本电脑（第5代处理器）,笔记本电脑,品牌13,15英寸,第5代处理器,白色,16*1*1,9,BZ93C,艾米丽,收货,上架
TVEs654KBl,黑色 品牌32 65英寸 电视机（超高清）,电视机,品牌32,65英寸,超高清,黑色,8*1*1,3,BP43H,艾米,收货,上架
GaSELErGr,灰色 品牌08 大号 游戏椅（人体工学）,游戏椅,品牌08,大号,人体工学,灰色,16*1*1,2,CK81A,简,收货,上架
KeSu27MeBl,黑色 品牌11 270 键盘（机械式）,键盘,品牌11,270,机械式,黑色,16*10*1,35,DM40H,约翰,收货,上架
LaSu15i5Gr,灰色 品牌11 15英寸 笔记本电脑（第5代处理器）,笔记本电脑,品牌11,15英寸,第5代处理器,灰色,16*1*1,4,BM65A,艾米,收货,上架
TVGL42FHGr,灰色 品牌31 42英寸 电视机（全高清）,电视机,品牌31,42英寸,全高清,灰色,8*1*1,4,BO42B,艾米,收货,上架
OfXESErPi,粉色 品牌06 小号 办公椅（人体工学）,办公椅,品牌06,小号,人体工学,粉色,16*1*1,2,BQ12F,迈克,收货,上架
OfXEMErPi,粉色 品牌06 中号 办公椅（人体工学）,办公椅,品牌06,中号,人体工学,粉色,16*1*1,14,CF07H,劳拉,收货,上架
KePH45BlWh,白色 品牌12 450 键盘（蓝牙）,键盘,品牌12,450,蓝牙,白色,16*10*1,113,DZ44H,亚历克斯,收货,上架
LaYn148GBl,黑色 品牌15 14英寸 笔记本电脑（8吉字节内存）,笔记本电脑,品牌15,14英寸,8吉字节内存,黑色,16*1*1,10,CW98E,亚历克斯,收货,上架
CuQE12LoGr,灰色 品牌01 1200 储物柜（储物锁柜）,储物柜,品牌01,1200,储物锁柜,灰色,8*1*1,4,DQ55A,艾米,收货,上架
PeRe24HeBl,黑色 品牌22 24 铅笔（六角形）,铅笔,品牌22,24,六角形,黑色,48*10*5,1275,DI38G,劳拉,收货,上架
KePH27WiPi,粉色 品牌12 270 键盘（有线）,键盘,品牌12,270,有线,粉色,16*10*1,128,CX52E,艾米,收货,上架
SPNa50SoPi,粉色 品牌23 50 触控笔（可溶性）,触控笔,品牌23,50,可溶性,粉色,48*10*5,184,AX91C,莎拉,收货,上架
PeAl24WaWh,白色 品牌20 24 铅笔（水彩）,铅笔,品牌20,24,水彩,白色,48*10*5,1619,CM43A,艾米,收货,上架
GaXESLePi,粉色 品牌06 小号 游戏椅（皮革）,游戏椅,品牌06,小号,皮革,粉色,16*1*1,3,AN67H,艾米丽,收货,上架
TVGL504KWh,白色 品牌31 50英寸 电视机（超高清）,电视机,品牌31,50英寸,超高清,白色,8*1*1,3,CS44A,亚历克斯,收货,上架
SPNa50HeWh,白色 品牌23 50 触控笔（六角形）,触控笔,品牌23,50,六角形,白色,48*10*5,829,BK63C,约翰,收货,上架
AlSu158GSi,银色 品牌11 15英寸 一体机（8吉字节内存）,一体机,品牌11,15英寸,8吉字节内存,银色,16*1*1,10,AM84E,简,收货,上架
TaCI15FrWh,白色 品牌27 1500 桌子（框架式）,桌子,品牌27,1500,框架式,白色,8*1*1,3,AR79D,劳拉,收货,上架
LaYn15i5Bl,黑色 品牌15 15英寸 笔记本电脑（第5代处理器）,笔记本电脑,品牌15,15英寸,第5代处理器,黑色,16*1*1,6,DL93F,约翰,收货,上架
CuTE12SlBe,米色 品牌04 1200 储物柜（滑动式）,储物柜,品牌04,1200,滑动式,米色,8*1*1,7,BX18G,大卫,收货,上架
PeAl50HeBl,黑色 品牌20 50 铅笔（六角形）,铅笔,品牌20,50,六角形,黑色,48*10*5,1410,BV29F,艾米,收货,上架
GaSELErWh,白色 品牌08 大号 游戏椅（人体工学）,游戏椅,品牌08,大号,人体工学,白色,16*1*1,5,BG54F,亚历克斯,收货,上架
TVGn75FHBl,黑色 品牌30 75英寸 电视机（全高清）,电视机,品牌30,75英寸,全高清,黑色,8*1*1,2,BU86C,劳拉,收货,上架
MoHc45WiPi,粉色 品牌09 450 鼠标（有线）,鼠标,品牌09,450,有线,粉色,16*10*1,106,AX80H,劳拉,收货,上架
KePH27MeWh,白色 品牌12 270 键盘（机械式）,键盘,品牌12,270,机械式,白色,16*10*1,124,DR98E,艾米丽,收货,上架
DrRG18SlWh,白色 品牌03 1800 抽屉柜（滑动式）,抽屉柜,品牌03,1800,滑动式,白色,8*1*1,4,DW84E,劳拉,收货,上架
MoHc35BlPi,粉色 品牌09 350 鼠标（蓝牙）,鼠标,品牌09,350,蓝牙,粉色,16*10*1,125,CP91F,简,收货,上架
OfXEMLeGr,灰色 品牌06 中号 办公椅（皮革）,办公椅,品牌06,中号,皮革,灰色,16*1*1,9,DI95G,约翰,收货,上架
PeNa50WaGr,灰色 品牌23 50 铅笔（水彩）,铅笔,品牌23,50,水彩,灰色,48*10*5,584,BH76D,简,收货,上架
PrSoA3LaMi,混合色 品牌25 三号纸 打印机（激光）,打印机,品牌25,三号纸,激光,混合色,16*1*1,14,AO24D,劳拉,收货,上架
NoExA4ruBl,黑色 品牌16 四号纸 笔记本（横线）,笔记本,品牌16,四号纸,横线,黑色,48*10*5,2281,CK69G,克里斯,收货,上架
AlYn1416Si,银色 品牌15 14英寸 一体机（16吉字节内存）,一体机,品牌15,14英寸,16吉字节内存,银色,16*1*1,11,BF54G,迈克,收货,上架
LaOv15i7Si,银色 品牌13 15英寸 笔记本电脑（第7代处理器）,笔记本电脑,品牌13,15英寸,第7代处理器,银色,16*1*1,12,AV96E,艾米,收货,上架
CuWE90FiBl,黑色 品牌02 900 储物柜（文件收纳）,储物柜,品牌02,900,文件收纳,黑色,8*1*1,1,AZ07G,克里斯,收货,上架
NoGrA3liSi,银色 品牌18 三号纸 笔记本（线条）,笔记本,品牌18,三号纸,线条,银色,48*10*5,1929,AO14H,迈克,收货,上架
GaSESErBl,黑色 品牌08 小号 游戏椅（人体工学）,游戏椅,品牌08,小号,人体工学,黑色,16*1*1,5,BL69A,劳拉,收货,上架
KeHc35BlBl,黑色 品牌09 350 键盘（蓝牙）,键盘,品牌09,350,蓝牙,黑色,16*10*1,65,CO24F,莎拉,收货,上架
DrTE12FiBl,黑色 品牌04 1200 抽屉柜（文件收纳）,抽屉柜,品牌04,1200,文件收纳,黑色,8*1*1,1,BN23E,劳拉,收货,上架
GaXESAdBl,黑色 品牌06 小号 游戏椅（可调节）,游戏椅,品牌06,小号,可调节,黑色,16*1*1,12,DS98G,大卫,收货,上架
TaTR10WoBl,黑色 品牌28 1000 桌子（工作站）,桌子,品牌28,1000,工作站,黑色,8*1*1,5,DI65F,艾米丽,收货,上架
MoPH27ErNa,藏青色 品牌12 270 鼠标（人体工学）,鼠标,品牌12,270,人体工学,藏青色,16*10*1,17,AN97C,艾米丽,收货,上架
DrQE12SlBl,黑色 品牌01 1200 抽屉柜（滑动式）,抽屉柜,品牌01,1200,滑动式,黑色,8*1*1,7,AT69E,艾米,收货,上架
AlRe1732Wh,白色 品牌14 17英寸 一体机（32吉字节内存）,一体机,品牌14,17英寸,32吉字节内存,白色,16*1*1,7,AF91D,简,收货,上架
NoScA4liWh,白色 品牌17 四号纸 笔记本（线条）,笔记本,品牌17,四号纸,线条,白色,48*10*5,373,CY46G,大卫,收货,上架
PrReA3InWh,白色 品牌24 三号纸 打印机（喷墨）,打印机,品牌24,三号纸,喷墨,白色,16*1*1,4,BF10B,艾米,收货,上架
AlYn14i7Si,银色 品牌15 14英寸 一体机（第7代处理器）,一体机,品牌15,14英寸,第7代处理器,银色,16*1*1,13,BV90C,艾米,收货,上架
TaTR18FrBl,黑色 品牌29 1800 桌子（框架式）,桌子,品牌29,1800,框架式,黑色,8*1*1,3,AS17F,简,收货,上架
CuWE18DoBl,黑色 品牌02 1800 储物柜（带门式）,储物柜,品牌02,1800,带门式,黑色,8*1*1,1,DL71G,亚历克斯,收货,上架
PrReA3AlGr,灰色 品牌24 三号纸 打印机（一体式）,打印机,品牌24,三号纸,一体式,灰色,16*1*1,9,BG39G,简,收货,上架
TVYn65SFWh,白色 品牌15 65英寸 电视机（超级全高清）,电视机,品牌15,65英寸,超级全高清,白色,8*1*1,7,DP68H,大卫,收货,上架
PrPHA2AlMi,混合色 品牌12 二号纸 打印机（一体式）,打印机,品牌12,二号纸,一体式,混合色,16*1*1,13,BP39C,克里斯,收货,上架
PeNa12SoBl,黑色 品牌23 12 铅笔（可溶性）,铅笔,品牌23,12,可溶性,黑色,48*10*5,1312,DR93B,大卫,收货,上架
PrReA4AlBl,黑色 品牌24 四号纸 打印机（一体式）,打印机,品牌24,四号纸,一体式,黑色,16*1*1,7,DK13D,艾米,收货,上架
LaSu1416Gr,灰色 品牌11 14英寸 笔记本电脑（16吉字节内存）,笔记本电脑,品牌11,14英寸,16吉字节内存,灰色,16*1*1,9,DS72A,克里斯,收货,上架
DrRG90SlWh,白色 品牌03 900 抽屉柜（滑动式）,抽屉柜,品牌03,900,滑动式,白色,8*1*1,4,DM80E,克里斯,收货,上架
CaRG18FiBl,黑色 品牌03 1800 文件柜（文件收纳）,文件柜,品牌03,1800,文件收纳,黑色,8*1*1,7,AQ14G,简,收货,上架
CuRG18FiBl,黑色 品牌03 1800 储物柜（文件收纳）,储物柜,品牌03,1800,文件收纳,黑色,8*1*1,3,BG43B,亚历克斯,收货,上架
PeRe12WaPi,粉色 品牌22 12 铅笔（水彩）,铅笔,品牌22,12,水彩,粉色,48*10*5,1353,AG07D,艾米丽,收货,上架
CaQE90SlBe,米色 品牌01 900 文件柜（滑动式）,文件柜,品牌01,900,滑动式,米色,8*1*1,1,AV55G,迈克,收货,上架
SPGi24HePi,粉色 品牌21 24 触控笔（六角形）,触控笔,品牌21,24,六角形,粉色,48*10*5,1884,DQ09A,艾米,收货,上架
AlYn15i5Gr,灰色 品牌15 15英寸 一体机（第5代处理器）,一体机,品牌15,15英寸,第5代处理器,灰色,16*1*1,15,AU13H,艾米丽,收货,上架
TaTR10WoSi,银色 品牌28 1000 桌子（工作站）,桌子,品牌28,1000,工作站,银色,8*1*1,1,BY52E,艾米丽,收货,上架
AlPH1416Si,银色 品牌12 14英寸 一体机（16吉字节内存）,一体机,品牌12,14英寸,16吉字节内存,银色,16*1*1,14,DG34D,约翰,收货,上架
PeRe24WaWh,白色 品牌22 24 铅笔（水彩）,铅笔,品牌22,24,水彩,白色,48*10*5,1179,DI24A,艾米,收货,上架
PeRe50WaBl,黑色 品牌22 50 铅笔（水彩）,铅笔,品牌22,50,水彩,黑色,48*10*5,589,DX79E,艾米丽,收货,上架
SPGi24HeWh,白色 品牌21 24 触控笔（六角形）,触控笔,品牌21,24,六角形,白色,48*10*5,182,DZ97B,劳拉,收货,上架
CaQE90LoWh,白色 品牌01 900 文件柜（储物锁柜）,文件柜,品牌01,900,储物锁柜,白色,8*1*1,7,DH60H,简,收货,上架
MoSu27BlBl,黑色 品牌11 270 鼠标（蓝牙）,鼠标,品牌11,270,蓝牙,黑色,16*10*1,147,CI69D,莎拉,收货,上架
LaOv158GBl,黑色 品牌13 15英寸 笔记本电脑（8吉字节内存）,笔记本电脑,品牌13,15英寸,8吉字节内存,黑色,16*1*1,4,CJ57C,莎拉,收货,上架
CuTE12DoBe,米色 品牌04 1200 储物柜（带门式）,储物柜,品牌04,1200,带门式,米色,8*1*1,6,BQ32A,亚历克斯,收货,上架
KeSu35MePi,粉色 品牌11 350 键盘（机械式）,键盘,品牌11,350,机械式,粉色,16*10*1,31,AT71H,艾米,收货,上架
OfXESErWh,白色 品牌06 小号 办公椅（人体工学）,办公椅,品牌06,小号,人体工学,白色,16*1*1,1,AP20A,莎拉,收货,上架
GaXESAdPi,粉色 品牌06 小号 游戏椅（可调节）,游戏椅,品牌06,小号,可调节,粉色,16*1*1,8,BW51H,大卫,收货,上架
PrNoA3WiMi,混合色 品牌26 三号纸 打印机（无线网络）,打印机,品牌26,三号纸,无线网络,混合色,16*1*1,13,DO08B,简,收货,上架
CaWE90LoWh,白色 品牌02 900 文件柜（储物锁柜）,文件柜,品牌02,900,储物锁柜,白色,8*1*1,3,BJ16C,克里斯,收货,上架
OfAELHePi,粉色 品牌05 大号 办公椅（头枕）,办公椅,品牌05,大号,头枕,粉色,16*1*1,5,BH53A,艾米,收货,上架
OfSESAdPi,粉色 品牌08 小号 办公椅（可调节）,办公椅,品牌08,小号,可调节,粉色,16*1*1,9,CI45E,劳拉,收货,上架
KeSu27ErWh,白色 品牌11 270 键盘（人体工学）,键盘,品牌11,270,人体工学,白色,16*10*1,9,AU90A,艾米丽,收货,上架
GaXELLeGr,灰色 品牌06 大号 游戏椅（皮革）,游戏椅,品牌06,大号,皮革,灰色,16*1*1,11,DI63D,艾米丽,收货,上架
TVGL50S4Gr,灰色 品牌31 50英寸 电视机（超级超高清）,电视机,品牌31,50英寸,超级超高清,灰色,8*1*1,1,AL08B,克里斯,收货,上架
LaPH1432Wh,白色 品牌12 14英寸 笔记本电脑（32吉字节内存）,笔记本电脑,品牌12,14英寸,32吉字节内存,白色,16*1*1,5,BL58D,克里斯,收货,上架
PrNoA2LaBl,黑色 品牌26 二号纸 打印机（激光）,打印机,品牌26,二号纸,激光,黑色,16*1*1,10,AW54E,莎拉,收货,上架
DrQE18DoWh,白色 品牌01 1800 抽屉柜（带门式）,抽屉柜,品牌01,1800,带门式,白色,8*1*1,5,AJ25B,克里斯,收货,上架
CuTE18FiBe,米色 品牌04 1800 储物柜（文件收纳）,储物柜,品牌04,1800,文件收纳,米色,8*1*1,6,CT41B,劳拉,收货,上架
PeRe12HeGr,灰色 品牌22 12 铅笔（六角形）,铅笔,品牌22,12,六角形,灰色,48*10*5,1113,AK84F,迈克,收货,上架
GaOGLHePi,粉色 品牌07 大号 游戏椅（头枕）,游戏椅,品牌07,大号,头枕,粉色,16*1*1,13,DP53G,简,收货,上架
MoSu35BlPi,粉色 品牌11 350 鼠标（蓝牙）,鼠标,品牌11,350,蓝牙,粉色,16*10*1,115,CF82H,迈克,收货,上架
SPRe50HePi,粉色 品牌22 50 触控笔（六角形）,触控笔,品牌22,50,六角形,粉色,48*10*5,1388,AQ15H,克里斯,收货,上架
TVEs65FHBl,黑色 品牌32 65英寸 电视机（全高清）,电视机,品牌32,65英寸,全高清,黑色,8*1*1,7,DR83D,简,收货,上架
LaRe158GSi,银色 品牌14 15英寸 笔记本电脑（8吉字节内存）,笔记本电脑,品牌14,15英寸,8吉字节内存,银色,16*1*1,14,BG03A,克里斯,收货,上架
OfSESLeBl,黑色 品牌08 小号 办公椅（皮革）,办公椅,品牌08,小号,皮革,黑色,16*1*1,3,AT97F,莎拉,收货,上架
MoHc27ErNa,藏青色 品牌09 270 鼠标（人体工学）,鼠标,品牌09,270,人体工学,藏青色,16*10*1,63,BG72H,简,收货,上架
LaYn178GSi,银色 品牌15 17英寸 笔记本电脑（8吉字节内存）,笔记本电脑,品牌15,17英寸,8吉字节内存,银色,16*1*1,15,BS39E,艾米,收货,上架
PeGi50WaBl,黑色 品牌21 50 铅笔（水彩）,铅笔,品牌21,50,水彩,黑色,48*10*5,1597,CN68F,约翰,收货,上架
PeAl50WaWh,白色 品牌20 50 铅笔（水彩）,铅笔,品牌20,50,水彩,白色,48*10*5,30,BK61F,迈克,收货,上架
CuTE90LoBl,黑色 品牌04 900 储物柜（储物锁柜）,储物柜,品牌04,900,储物锁柜,黑色,8*1*1,1,BR48C,克里斯,收货,上架
PeAl12HeGr,灰色 品牌20 12 铅笔（六角形）,铅笔,品牌20,12,六角形,灰色,48*10*5,423,BJ18G,大卫,收货,上架
MoSu27WiNa,藏青色 品牌11 270 鼠标（有线）,鼠标,品牌11,270,有线,藏青色,16*10*1,158,AW27A,艾米丽,收货,上架
OfXEMAdBl,黑色 品牌06 中号 办公椅（可调节）,办公椅,品牌06,中号,可调节,黑色,16*1*1,2,AP36H,简,收货,上架
NoExA5liGr,灰色 品牌16 五号纸 笔记本（线条）,笔记本,品牌16,五号纸,线条,灰色,48*10*5,229,AP43B,艾米,收货,上架
KeHc27WiPi,粉色 品牌09 270 键盘（有线）,键盘,品牌09,270,有线,粉色,16*10*1,108,BU51G,约翰,收货,上架
DrWE90DoWh,白色 品牌02 900 抽屉柜（带门式）,抽屉柜,品牌02,900,带门式,白色,8*1*1,4,DX01F,亚历克斯,收货,上架
LaYn148GWh,白色 品牌15 14英寸 笔记本电脑（8吉字节内存）,笔记本电脑,品牌15,14英寸,8吉字节内存,白色,16*1*1,10,CF19G,艾米,收货,上架
PrSoA4LaGr,灰色 品牌25 四号纸 打印机（激光）,打印机,品牌25,四号纸,激光,灰色,16*1*1,12,DU14A,劳拉,收货,上架
DrRG12LoGr,灰色 品牌03 1200 抽屉柜（储物锁柜）,抽屉柜,品牌03,1200,储物锁柜,灰色,8*1*1,3,DH36E,迈克,收货,上架
DrRG12SlBe,米色 品牌03 1200 抽屉柜（滑动式）,抽屉柜,品牌03,1200,滑动式,米色,8*1*1,1,CH68B,亚历克斯,收货,上架
DrTE12FiGr,灰色 品牌04 1200 抽屉柜（文件收纳）,抽屉柜,品牌04,1200,文件收纳,灰色,8*1*1,2,DU59D,约翰,收货,上架
LaOv158GSi,银色 品牌13 15英寸 笔记本电脑（8吉字节内存）,笔记本电脑,品牌13,15英寸,8吉字节内存,银色,16*1*1,10,DV96H,简,收货,上架
CaQE12SlBl,黑色 品牌01 1200 文件柜（滑动式）,文件柜,品牌01,1200,滑动式,黑色,8*1*1,6,DJ92H,克里斯,收货,上架
GaXESHeBl,黑色 品牌06 小号 游戏椅（头枕）,游戏椅,品牌06,小号,头枕,黑色,16*1*1,14,DW21H,克里斯,收货,上架
AlPH14i5Si,银色 品牌12 14英寸 一体机（第5代处理器）,一体机,品牌12,14英寸,第5代处理器,银色,16*1*1,4,DN89A,莎拉,收货,上架
LaPH1432Wh,白色 品牌12 14英寸 笔记本电脑（32吉字节内存）,笔记本电脑,品牌12,14英寸,32吉字节内存,白色,16*1*1,14,AK50G,劳拉,收货,上架
OfOGSAdGr,灰色 品牌07 小号 办公椅（可调节）,办公椅,品牌07,小号,可调节,灰色,16*1*1,12,AW60A,简,收货,上架
AlSu1532Si,银色 品牌11 15英寸 一体机（32吉字节内存）,一体机,品牌11,15英寸,32吉字节内存,银色,16*1*1,6,BP51E,亚历克斯,收货,上架
GaSELAdGr,灰色 品牌08 大号 游戏椅（可调节）,游戏椅,品牌08,大号,可调节,灰色,16*1*1,5,AY09E,亚历克斯,收货,上架
CuWE90DoBl,黑色 品牌02 900 储物柜（带门式）,储物柜,品牌02,900,带门式,黑色,8*1*1,1,DR96B,劳拉,收货,上架
AlRe15i5Wh,白色 品牌14 15英寸 一体机（第5代处理器）,一体机,品牌14,15英寸,第5代处理器,白色,16*1*1,7,BI77H,劳拉,收货,上架
MoRe35WiBl,黑色 品牌10 350 鼠标（有线）,鼠标,品牌10,350,有线,黑色,16*10*1,33,CX95H,艾米,收货,上架
KeRe35WiPi,粉色 品牌10 350 键盘（有线）,键盘,品牌10,350,有线,粉色,16*10*1,147,DQ07H,莎拉,收货,上架
NoScA4ruWh,白色 品牌17 四号纸 笔记本（横线）,笔记本,品牌17,四号纸,横线,白色,48*10*5,304,CU29B,劳拉,收货,上架
LaRe1732Gr,灰色 品牌14 17英寸 笔记本电脑（32吉字节内存）,笔记本电脑,品牌14,17英寸,32吉字节内存,灰色,16*1*1,5,CG04H,亚历克斯,收货,上架
NoGrA5liWh,白色 品牌18 五号纸 笔记本（线条）,笔记本,品牌18,五号纸,线条,白色,48*10*5,1838,DQ06A,克里斯,收货,上架
OfAESErBl,黑色 品牌05 小号 办公椅（人体工学）,办公椅,品牌05,小号,人体工学,黑色,16*1*1,16,DS07H,大卫,收货,上架
PrReA2InBl,黑色 品牌24 二号纸 打印机（喷墨）,打印机,品牌24,二号纸,喷墨,黑色,16*1*1,4,CY78B,亚历克斯,收货,上架
LaYn17i5Wh,白色 品牌15 17英寸 笔记本电脑（第5代处理器）,笔记本电脑,品牌15,17英寸,第5代处理器,白色,16*1*1,11,BN06C,艾米丽,收货,上架
TaTR18AuBl,黑色 品牌28 1800 桌子（自动调节）,桌子,品牌28,1800,自动调节,黑色,8*1*1,2,AU81G,约翰,收货,上架
GaOGSLeBl,黑色 品牌07 小号 游戏椅（皮革）,游戏椅,品牌07,小号,皮革,黑色,16*1*1,2,AR81F,简,收货,上架
SPNa24SoPi,粉色 品牌23 24 触控笔（可溶性）,触控笔,品牌23,24,可溶性,粉色,48*10*5,814,DG51C,约翰,收货,上架
TaCI10FrBl,黑色 品牌27 1000 桌子（框架式）,桌子,品牌27,1000,框架式,黑色,8*1*1,6,BY07G,简,收货,上架
TaCI10FrSi,银色 品牌27 1000 桌子（框架式）,桌子,品牌27,1000,框架式,银色,8*1*1,6,AL16E,克里斯,收货,上架
TVYn75FHGr,灰色 品牌15 75英寸 电视机（全高清）,电视机,品牌15,75英寸,全高清,灰色,8*1*1,6,DP16E,克里斯,收货,上架
NoMuA3liSi,银色 品牌19 三号纸 笔记本（线条）,笔记本,品牌19,三号纸,线条,银色,48*10*5,1116,AF35C,亚历克斯,收货,上架
GaOGMHeGr,灰色 品牌07 中号 游戏椅（头枕）,游戏椅,品牌07,中号,头枕,灰色,16*1*1,12,CM09C,克里斯,收货,上架
LaPH1432Wh,白色 品牌12 14英寸 笔记本电脑（32吉字节内存）,笔记本电脑,品牌12,14英寸,32吉字节内存,白色,16*1*1,3,DQ52C,劳拉,收货,上架
TaCI10WoSi,银色 品牌27 1000 桌子（工作站）,桌子,品牌27,1000,工作站,银色,8*1*1,2,AL52D,劳拉,收货,上架
PrPHA4LaGr,灰色 品牌12 四号纸 打印机（激光）,打印机,品牌12,四号纸,激光,灰色,16*1*1,5,DX09G,莎拉,收货,上架
TVGn32FHWh,白色 品牌30 32英寸 电视机（全高清）,电视机,品牌30,32英寸,全高清,白色,8*1*1,5,DW21H,迈克,收货,上架
GaOGMHeGr,灰色 品牌07 中号 游戏椅（头枕）,游戏椅,品牌07,中号,头枕,灰色,16*1*1,14,CV38C,约翰,收货,上架
PeNa50SoBl,黑色 品牌23 50 铅笔（可溶性）,铅笔,品牌23,50,可溶性,黑色,48*10*5,514,DM49E,克里斯,收货,上架
KePH27ErWh,白色 品牌12 270 键盘（人体工学）,键盘,品牌12,270,人体工学,白色,16*10*1,28,CT57C,亚历克斯,收货,上架
TVGL32SFBl,黑色 品牌31 32英寸 电视机（超级全高清）,电视机,品牌31,32英寸,超级全高清,黑色,8*1*1,4,CV69H,迈克,收货,上架
AlYn1732Bl,黑色 品牌15 17英寸 一体机（32吉字节内存）,一体机,品牌15,17英寸,32吉字节内存,黑色,16*1*1,13,CM13C,迈克,收货,上架
DrQE90SlBl,黑色 品牌01 900 抽屉柜（滑动式）,抽屉柜,品牌01,900,滑动式,黑色,8*1*1,5,BS41D,约翰,收货,上架
LaPH17i7Bl,黑色 品牌12 17英寸 笔记本电脑（第7代处理器）,笔记本电脑,品牌12,17英寸,第7代处理器,黑色,16*1*1,5,CY33H,约翰,收货,上架
SPRe24SoGr,灰色 品牌22 24 触控笔（可溶性）,触控笔,品牌22,24,可溶性,灰色,48*10*5,1821,BF73G,简,收货,上架
GaSEMHeBl,黑色 品牌08 中号 游戏椅（头枕）,游戏椅,品牌08,中号,头枕,黑色,16*1*1,16,DZ53A,劳拉,收货,上架
PrPHA2MoWh,白色 品牌12 二号纸 打印机（黑白）,打印机,品牌12,二号纸,黑白,白色,16*1*1,16,BM90F,艾米,收货,上架
PrSoA2WiGr,灰色 品牌25 二号纸 打印机（无线网络）,打印机,品牌25,二号纸,无线网络,灰色,16*1*1,11,CO14C,克里斯,收货,上架
DrTE90SlWh,白色 品牌04 900 抽屉柜（滑动式）,抽屉柜,品牌04,900,滑动式,白色,8*1*1,3,CV25G,迈克,收货,上架
TVGL32SFSi,银色 品牌31 32英寸 电视机（超级全高清）,电视机,品牌31,32英寸,超级全高清,银色,8*1*1,8,AK20H,克里斯,收货,上架
TVYn65FHGr,灰色 品牌15 65英寸 电视机（全高清）,电视机,品牌15,65英寸,全高清,灰色,8*1*1,1,BQ44G,劳拉,收货,上架
LaOv15i5Si,银色 品牌13 15英寸 笔记本电脑（第5代处理器）,笔记本电脑,品牌13,15英寸,第5代处理器,银色,16*1*1,8,CW06F,迈克,收货,上架
LaSu17i5Bl,黑色 品牌11 17英寸 笔记本电脑（第5代处理器）,笔记本电脑,品牌11,17英寸,第5代处理器,黑色,16*1*1,1,CT26E,大卫,收货,上架
AlYn1416Si,银色 品牌15 14英寸 一体机（16吉字节内存）,一体机,品牌15,14英寸,16吉字节内存,银色,16*1*1,10,CZ37E,艾米丽,收货,上架
MoSu27ErBl,黑色 品牌11 270 鼠标（人体工学）,鼠标,品牌11,270,人体工学,黑色,16*10*1,17,DI67A,艾米丽,收货,上架
AlPH1516Si,银色 品牌12 15英寸 一体机（16吉字节内存）,一体机,品牌12,15英寸,16吉字节内存,银色,16*1*1,11,AR77B,大卫,收货,上架
TaCI15AdBl,黑色 品牌27 1500 桌子（可调节）,桌子,品牌27,1500,可调节,黑色,8*1*1,7,CM35A,约翰,收货,上架
PeRe50SoWh,白色 品牌22 50 铅笔（可溶性）,铅笔,品牌22,50,可溶性,白色,48*10*5,1105,AO11C,迈克,收货,上架
DrTE18FiGr,灰色 品牌04 1800 抽屉柜（文件收纳）,抽屉柜,品牌04,1800,文件收纳,灰色,8*1*1,5,CF40C,莎拉,收货,上架
TaTR10WoBl,黑色 品牌28 1000 桌子（工作站）,桌子,品牌28,1000,工作站,黑色,8*1*1,2,CF92B,克里斯,收货,上架
CuRG18FiBe,米色 品牌03 1800 储物柜（文件收纳）,储物柜,品牌03,1800,文件收纳,米色,8*1*1,1,BP29D,约翰,收货,上架
PrPHA3AlWh,白色 品牌12 三号纸 打印机（一体式）,打印机,品牌12,三号纸,一体式,白色,16*1*1,2,DX01C,艾米,收货,上架
TVGn754KWh,白色 品牌30 75英寸 电视机（超高清）,电视机,品牌30,75英寸,超高清,白色,8*1*1,4,BF42H,迈克,收货,上架
GaAELAdWh,白色 品牌05 大号 游戏椅（可调节）,游戏椅,品牌05,大号,可调节,白色,16*1*1,1,CM04B,亚历克斯,收货,上架
OfOGMErBl,黑色 品牌07 中号 办公椅（人体工学）,办公椅,品牌07,中号,人体工学,黑色,16*1*1,3,DK30D,亚历克斯,收货,上架
KePH27MeNa,藏青色 品牌12 270 键盘（机械式）,键盘,品牌12,270,机械式,藏青色,16*10*1,26,AY77E,艾米,收货,上架
TVEs65S4Si,银色 品牌32 65英寸 电视机（超级超高清）,电视机,品牌32,65英寸,超级超高清,银色,8*1*1,3,CF63F,简,收货,上架
GaSELErGr,灰色 品牌08 大号 游戏椅（人体工学）,游戏椅,品牌08,大号,人体工学,灰色,16*1*1,5,DP27E,大卫,收货,上架
CuRG18LoWh,白色 品牌03 1800 储物柜（储物锁柜）,储物柜,品牌03,1800,储物锁柜,白色,8*1*1,6,CI54B,简,收货,上架
AlRe158GGr,灰色 品牌14 15英寸 一体机（8吉字节内存）,一体机,品牌14,15英寸,8吉字节内存,灰色,16*1*1,9,AV58G,简,收货,上架
GaAELAdBl,黑色 品牌05 大号 游戏椅（可调节）,游戏椅,品牌05,大号,可调节,黑色,16*1*1,11,DR26D,迈克,收货,上架
MoPH27BlWh,白色 品牌12 270 鼠标（蓝牙）,鼠标,品牌12,270,蓝牙,白色,16*10*1,13,DU73A,艾米,收货,上架
PrNoA4InBl,黑色 品牌26 四号纸 打印机（喷墨）,打印机,品牌26,四号纸,喷墨,黑色,16*1*1,4,BX26H,亚历克斯,收货,上架
KeSu27WiNa,藏青色 品牌11 270 键盘（有线）,键盘,品牌11,270,有线,藏青色,16*10*1,138,DO90H,大卫,收货,上架
AlYn1732Wh,白色 品牌15 17英寸 一体机（32吉字节内存）,一体机,品牌15,17英寸,32吉字节内存,白色,16*1*1,13,AH16A,简,收货,上架
SPNa12WaGr,灰色 品牌23 12 触控笔（水彩）,触控笔,品牌23,12,水彩,灰色,48*10*5,576,BU57F,大卫,收货,上架
KePH35MeWh,白色 品牌12 350 键盘（机械式）,键盘,品牌12,350,机械式,白色,16*10*1,50,DM98A,克里斯,收货,上架
AlYn158GBl,黑色 品牌15 15英寸 一体机（8吉字节内存）,一体机,品牌15,15英寸,8吉字节内存,黑色,16*1*1,4,AW14F,亚历克斯,收货,上架
CaQE12FiBe,米色 品牌01 1200 文件柜（文件收纳）,文件柜,品牌01,1200,文件收纳,米色,8*1*1,8,CS61E,劳拉,收货,上架
OfAELErWh,白色 品牌05 大号 办公椅（人体工学）,办公椅,品牌05,大号,人体工学,白色,16*1*1,11,AV72B,亚历克斯,收货,上架
NoGrA4liSi,银色 品牌18 四号纸 笔记本（线条）,笔记本,品牌18,四号纸,线条,银色,48*10*5,1192,DQ59A,简,收货,上架
AlOv15i5Wh,白色 品牌13 15英寸 一体机（第5代处理器）,一体机,品牌13,15英寸,第5代处理器,白色,16*1*1,3,DH48E,亚历克斯,收货,上架
CuRG90SlBe,米色 品牌03 900 储物柜（滑动式）,储物柜,品牌03,900,滑动式,米色,8*1*1,4,CF87B,约翰,收货,上架
TaCI18FrGr,灰色 品牌27 1800 桌子（框架式）,桌子,品牌27,1800,框架式,灰色,8*1*1,8,DQ18H,劳拉,收货,上架
NoScA4liSi,银色 品牌17 四号纸 笔记本（线条）,笔记本,品牌17,四号纸,线条,银色,48*10*5,1572,AX16B,莎拉,收货,上架
CaRG90FiWh,白色 品牌03 900 文件柜（文件收纳）,文件柜,品牌03,900,文件收纳,白色,8*1*1,6,BR07E,克里斯,收货,上架
TVEs65S4Gr,灰色 品牌32 65英寸 电视机（超级超高清）,电视机,品牌32,65英寸,超级超高清,灰色,8*1*1,5,BV61F,简,收货,上架
CuQE12DoGr,灰色 品牌01 1200 储物柜（带门式）,储物柜,品牌01,1200,带门式,灰色,8*1*1,3,AV36H,约翰,收货,上架
PrNoA2LaWh,白色 品牌26 二号纸 打印机（激光）,打印机,品牌26,二号纸,激光,白色,16*1*1,6,CP20H,简,收货,上架
DrQE12DoBl,黑色 品牌01 1200 抽屉柜（带门式）,抽屉柜,品牌01,1200,带门式,黑色,8*1*1,1,BP58C,迈克,收货,上架
DrWE18DoWh,白色 品牌02 1800 抽屉柜（带门式）,抽屉柜,品牌02,1800,带门式,白色,8*1*1,5,AN73C,艾米丽,收货,上架
TaCI10WoSi,银色 品牌27 1000 桌子（工作站）,桌子,品牌27,1000,工作站,银色,8*1*1,5,CK29F,约翰,收货,上架
AlRe17i7Si,银色 品牌14 17英寸 一体机（第7代处理器）,一体机,品牌14,17英寸,第7代处理器,银色,16*1*1,1,CN02H,克里斯,收货,上架
TVGn654KWh,白色 品牌30 65英寸 电视机（超高清）,电视机,品牌30,65英寸,超高清,白色,8*1*1,6,AU04A,克里斯,收货,上架
GaSESHePi,粉色 品牌08 小号 游戏椅（头枕）,游戏椅,品牌08,小号,头枕,粉色,16*1*1,3,AJ18F,亚历克斯,收货,上架
OfAELLePi,粉色 品牌05 大号 办公椅（皮革）,办公椅,品牌05,大号,皮革,粉色,16*1*1,8,DN51F,艾米,收货,上架
DrTE12DoBe,米色 品牌04 1200 抽屉柜（带门式）,抽屉柜,品牌04,1200,带门式,米色,8*1*1,8,CQ31H,简,收货,上架
GaAEMHeBl,黑色 品牌05 中号 游戏椅（头枕）,游戏椅,品牌05,中号,头枕,黑色,16*1*1,9,BI24C,迈克,收货,上架
DrWE18LoBe,米色 品牌02 1800 抽屉柜（储物锁柜）,抽屉柜,品牌02,1800,储物锁柜,米色,8*1*1,3,DF37F,简,收货,上架
OfAEMErWh,白色 品牌05 中号 办公椅（人体工学）,办公椅,品牌05,中号,人体工学,白色,16*1*1,10,CY07B,艾米丽,收货,上架
TVYn32FHWh,白色 品牌15 32英寸 电视机（全高清）,电视机,品牌15,32英寸,全高清,白色,8*1*1,4,CS74E,劳拉,收货,上架
LaOv15i7Gr,灰色 品牌13 15英寸 笔记本电脑（第7代处理器）,笔记本电脑,品牌13,15英寸,第7代处理器,灰色,16*1*1,8,BH52F,艾米丽,收货,上架
PeAl12HeGr,灰色 品牌20 12 铅笔（六角形）,铅笔,品牌20,12,六角形,灰色,48*10*5,1660,DW70D,大卫,收货,上架
GaXELLePi,粉色 品牌06 大号 游戏椅（皮革）,游戏椅,品牌06,大号,皮革,粉色,16*1*1,14,BH85F,劳拉,收货,上架
GaAEMLePi,粉色 品牌05 中号 游戏椅（皮革）,游戏椅,品牌05,中号,皮革,粉色,16*1*1,8,DM05B,克里斯,收货,上架
OfOGLHeGr,灰色 品牌07 大号 办公椅（头枕）,办公椅,品牌07,大号,头枕,灰色,16*1*1,10,CU24A,劳拉,收货,上架
OfAELLePi,粉色 品牌05 大号 办公椅（皮革）,办公椅,品牌05,大号,皮革,粉色,16*1*1,3,DI13E,艾米,收货,上架
LaYn14i5Bl,黑色 品牌15 14英寸 笔记本电脑（第5代处理器）,笔记本电脑,品牌15,14英寸,第5代处理器,黑色,16*1*1,16,DT37B,迈克,收货,上架
TVGn504KGr,灰色 品牌30 50英寸 电视机（超高清）,电视机,品牌30,50英寸,超高清,灰色,8*1*1,2,AP52B,劳拉,收货,上架
DrTE18SlGr,灰色 品牌04 1800 抽屉柜（滑动式）,抽屉柜,品牌04,1800,滑动式,灰色,8*1*1,8,BY53E,艾米,收货,上架
CuRG12LoGr,灰色 品牌03 1200 储物柜（储物锁柜）,储物柜,品牌03,1200,储物锁柜,灰色,8*1*1,2,CH06F,劳拉,收货,上架
TVEs42SFWh,白色 品牌32 42英寸 电视机（超级全高清）,电视机,品牌32,42英寸,超级全高清,白色,8*1*1,5,CF01E,迈克,收货,上架
OfXEMLeBl,黑色 品牌06 中号 办公椅（皮革）,办公椅,品牌06,中号,皮革,黑色,16*1*1,1,BV54E,亚历克斯,收货,上架
CuRG12SlGr,灰色 品牌03 1200 储物柜（滑动式）,储物柜,品牌03,1200,滑动式,灰色,8*1*1,5,BN49D,亚历克斯,收货,上架
CuWE18SlBe,米色 品牌02 1800 储物柜（滑动式）,储物柜,品牌02,1800,滑动式,米色,8*1*1,7,CQ87A,约翰,收货,上架
OfXEMLePi,粉色 品牌06 中号 办公椅（皮革）,办公椅,品牌06,中号,皮革,粉色,16*1*1,13,DU90A,约翰,收货,上架
TaAE10AdSi,银色 品牌05 1000 桌子（可调节）,桌子,品牌05,1000,可调节,银色,8*1*1,3,DK91A,艾米丽,收货,上架
PeGi24HePi,粉色 品牌21 24 铅笔（六角形）,铅笔,品牌21,24,六角形,粉色,48*10*5,644,BF54C,劳拉,收货,上架
TVEs654KGr,灰色 品牌32 65英寸 电视机（超高清）,电视机,品牌32,65英寸,超高清,灰色,8*1*1,7,DF64A,克里斯,收货,上架
GaAESAdPi,粉色 品牌05 小号 游戏椅（可调节）,游戏椅,品牌05,小号,可调节,粉色,16*1*1,9,BR85D,莎拉,收货,上架
NoExA5ruBl,黑色 品牌16 五号纸 笔记本（横线）,笔记本,品牌16,五号纸,横线,黑色,48*10*5,116,DY30H,亚历克斯,收货,上架
DrTE12LoBe,米色 品牌04 1200 抽屉柜（储物锁柜）,抽屉柜,品牌04,1200,储物锁柜,米色,8*1*1,3,CN57A,克里斯,收货,上架
PeAl24HeBl,黑色 品牌20 24 铅笔（六角形）,铅笔,品牌20,24,六角形,黑色,48*10*5,1262,AT16F,劳拉,收货,上架
MoHc27WiPi,粉色 品牌09 270 鼠标（有线）,鼠标,品牌09,270,有线,粉色,16*10*1,142,CX47B,艾米丽,收货,上架
OfXESAdGr,灰色 品牌06 小号 办公椅（可调节）,办公椅,品牌06,小号,可调节,灰色,16*1*1,13,DQ24F,劳拉,收货,上架
NoMuA3doWh,白色 品牌19 三号纸 笔记本（点阵）,笔记本,品牌19,三号纸,点阵,白色,48*10*5,800,AN92A,大卫,收货,上架
KeRe45WiNa,藏青色 品牌10 450 键盘（有线）,键盘,品牌10,450,有线,藏青色,16*10*1,70,BY03B,约翰,收货,上架
TaTR18FrGr,灰色 品牌28 1800 桌子（框架式）,桌子,品牌28,1800,框架式,灰色,8*1*1,1,CO66F,大卫,收货,上架
AlYn1516Si,银色 品牌15 15英寸 一体机（16吉字节内存）,一体机,品牌15,15英寸,16吉字节内存,银色,16*1*1,3,CQ38A,莎拉,收货,上架
PeGi24HePi,粉色 品牌21 24 铅笔（六角形）,铅笔,品牌21,24,六角形,粉色,48*10*5,650,DV84C,莎拉,收货,上架
LaYn15i7Si,银色 品牌15 15英寸 笔记本电脑（第7代处理器）,笔记本电脑,品牌15,15英寸,第7代处理器,银色,16*1*1,10,DM69B,克里斯,收货,上架
CaQE12DoGr,灰色 品牌01 1200 文件柜（带门式）,文件柜,品牌01,1200,带门式,灰色,8*1*1,8,DQ20G,克里斯,收货,上架
NoMuA5doWh,白色 品牌19 五号纸 笔记本（点阵）,笔记本,品牌19,五号纸,点阵,白色,48*10*5,996,CT29H,迈克,收货,上架
MoSu35ErNa,藏青色 品牌11 350 鼠标（人体工学）,鼠标,品牌11,350,人体工学,藏青色,16*10*1,24,BK19G,劳拉,收货,上架
AlRe1532Bl,黑色 品牌14 15英寸 一体机（32吉字节内存）,一体机,品牌14,15英寸,32吉字节内存,黑色,16*1*1,5,BF59H,克里斯,收货,上架
KePH35WiNa,藏青色 品牌12 350 键盘（有线）,键盘,品牌12,350,有线,藏青色,16*10*1,30,BT93F,莎拉,收货,上架
CuQE90LoWh,白色 品牌01 900 储物柜（储物锁柜）,储物柜,品牌01,900,储物锁柜,白色,8*1*1,8,BT46B,大卫,收货,上架
DrRG18FiGr,灰色 品牌03 1800 抽屉柜（文件收纳）,抽屉柜,品牌03,1800,文件收纳,灰色,8*1*1,7,DO24C,艾米,收货,上架
KeSu27WiPi,粉色 品牌11 270 键盘（有线）,键盘,品牌11,270,有线,粉色,16*10*1,11,BI74H,艾米丽,收货,上架
GaSEMAdPi,粉色 品牌08 中号 游戏椅（可调节）,游戏椅,品牌08,中号,可调节,粉色,16*1*1,2,DP17B,劳拉,收货,上架
GaSESLeBl,黑色 品牌08 小号 游戏椅（皮革）,游戏椅,品牌08,小号,皮革,黑色,16*1*1,3,BW83C,艾米丽,收货,上架
LaRe1432Wh,白色 品牌14 14英寸 笔记本电脑（32吉字节内存）,笔记本电脑,品牌14,14英寸,32吉字节内存,白色,16*1*1,12,DU53B,约翰,收货,上架
TVGn42S4Wh,白色 品牌30 42英寸 电视机（超级超高清）,电视机,品牌30,42英寸,超级超高清,白色,8*1*1,4,CG78G,劳拉,收货,上架
GaAEMErGr,灰色 品牌05 中号 游戏椅（人体工学）,游戏椅,品牌05,中号,人体工学,灰色,16*1*1,5,BN25F,简,收货,上架
AlPH1532Wh,白色 品牌12 15英寸 一体机（32吉字节内存）,一体机,品牌12,15英寸,32吉字节内存,白色,16*1*1,6,BQ19G,约翰,收货,上架
TaTR15AuSi,银色 品牌29 1500 桌子（自动调节）,桌子,品牌29,1500,自动调节,银色,8*1*1,7,DT21B,迈克,收货,上架
AlOv14i7Gr,灰色 品牌13 14英寸 一体机（第7代处理器）,一体机,品牌13,14英寸,第7代处理器,灰色,16*1*1,15,AM13G,迈克,收货,上架
GaAEMAdPi,粉色 品牌05 中号 游戏椅（可调节）,游戏椅,品牌05,中号,可调节,粉色,16*1*1,4,DY14C,艾米丽,收货,上架
GaOGSHeWh,白色 品牌07 小号 游戏椅（头枕）,游戏椅,品牌07,小号,头枕,白色,16*1*1,8,BT50E,迈克,收货,上架
PrPHA3WiBl,黑色 品牌12 三号纸 打印机（无线网络）,打印机,品牌12,三号纸,无线网络,黑色,16*1*1,2,AN98E,艾米,收货,上架
DrRG90SlWh,白色 品牌03 900 抽屉柜（滑动式）,抽屉柜,品牌03,900,滑动式,白色,8*1*1,1,CR01F,亚历克斯,收货,上架
CaWE90DoGr,灰色 品牌02 900 文件柜（带门式）,文件柜,品牌02,900,带门式,灰色,8*1*1,8,BZ25C,艾米,收货,上架
TVYn50FHSi,银色 品牌15 50英寸 电视机（全高清）,电视机,品牌15,50英寸,全高清,银色,8*1*1,7,DY84F,大卫,收货,上架
CuQE18SlBl,黑色 品牌01 1800 储物柜（滑动式）,储物柜,品牌01,1800,滑动式,黑色,8*1*1,2,DH96C,大卫,收货,上架
KePH27BlBl,黑色 品牌12 270 键盘（蓝牙）,键盘,品牌12,270,蓝牙,黑色,16*10*1,106,AO44C,莎拉,收货,上架
LaRe1532Bl,黑色 品牌14 15英寸 笔记本电脑（32吉字节内存）,笔记本电脑,品牌14,15英寸,32吉字节内存,黑色,16*1*1,5,BS94G,约翰,收货,上架
AlOv17i5Wh,白色 品牌13 17英寸 一体机（第5代处理器）,一体机,品牌13,17英寸,第5代处理器,白色,16*1*1,2,DH18F,艾米丽,收货,上架
TVYn424KSi,银色 品牌15 42英寸 电视机（超高清）,电视机,品牌15,42英寸,超高清,银色,8*1*1,3,BX01G,克里斯,收货,上架
NoGrA5doSi,银色 品牌18 五号纸 笔记本（点阵）,笔记本,品牌18,五号纸,点阵,银色,48*10*5,1995,BG68D,艾米,收货,上架
LaOv1732Gr,灰色 品牌13 17英寸 笔记本电脑（32吉字节内存）,笔记本电脑,品牌13,17英寸,32吉字节内存,灰色,16*1*1,15,AK36H,亚历克斯,收货,上架
PrReA2InGr,灰色 品牌24 二号纸 打印机（喷墨）,打印机,品牌24,二号纸,喷墨,灰色,16*1*1,1,AO73G,克里斯,收货,上架
CaQE18FiGr,灰色 品牌01 1800 文件柜（文件收纳）,文件柜,品牌01,1800,文件收纳,灰色,8*1*1,7,BT43H,约翰,收货,上架
PeGi24HeBl,黑色 品牌21 24 铅笔（六角形）,铅笔,品牌21,24,六角形,黑色,48*10*5,2027,CU17C,简,收货,上架
DrQE18SlWh,白色 品牌01 1800 抽屉柜（滑动式）,抽屉柜,品牌01,1800,滑动式,白色,8*1*1,3,CJ09D,约翰,收货,上架
GaSESLePi,粉色 品牌08 小号 游戏椅（皮革）,游戏椅,品牌08,小号,皮革,粉色,16*1*1,3,AS81D,劳拉,收货,上架
PrReA3AlMi,混合色 品牌24 三号纸 打印机（一体式）,打印机,品牌24,三号纸,一体式,混合色,16*1*1,7,BN52A,迈克,收货,上架
CaRG12FiGr,灰色 品牌03 1200 文件柜（文件收纳）,文件柜,品牌03,1200,文件收纳,灰色,8*1*1,2,CW96G,迈克,收货,上架
LaOv14i5Gr,灰色 品牌13 14英寸 笔记本电脑（第5代处理器）,笔记本电脑,品牌13,14英寸,第5代处理器,灰色,16*1*1,6,CY71E,迈克,收货,上架
DrQE90LoWh,白色 品牌01 900 抽屉柜（储物锁柜）,抽屉柜,品牌01,900,储物锁柜,白色,8*1*1,6,BO14G,亚历克斯,收货,上架
AlRe178GBl,黑色 品牌14 17英寸 一体机（8吉字节内存）,一体机,品牌14,17英寸,8吉字节内存,黑色,16*1*1,6,DT39G,克里斯,收货,上架
TaAE18AdWh,白色 品牌05 1800 桌子（可调节）,桌子,品牌05,1800,可调节,白色,8*1*1,6,AI04F,简,收货,上架
GaOGMAdGr,灰色 品牌07 中号 游戏椅（可调节）,游戏椅,品牌07,中号,可调节,灰色,16*1*1,14,AU45A,劳拉,收货,上架
CaTE12SlBe,米色 品牌04 1200 文件柜（滑动式）,文件柜,品牌04,1200,滑动式,米色,8*1*1,1,CG66D,艾米,收货,上架
MoSu35ErPi,粉色 品牌11 350 鼠标（人体工学）,鼠标,品牌11,350,人体工学,粉色,16*10*1,50,BH93C,莎拉,收货,上架
AlRe1432Si,银色 品牌14 14英寸 一体机（32吉字节内存）,一体机,品牌14,14英寸,32吉字节内存,银色,16*1*1,14,DR84B,克里斯,收货,上架
AlRe1716Bl,黑色 品牌14 17英寸 一体机（16吉字节内存）,一体机,品牌14,17英寸,16吉字节内存,黑色,16*1*1,11,CF05A,迈克,收货,上架
GaOGLErBl,黑色 品牌07 大号 游戏椅（人体工学）,游戏椅,品牌07,大号,人体工学,黑色,16*1*1,1,CN36G,克里斯,收货,上架
GaOGMLePi,粉色 品牌07 中号 游戏椅（皮革）,游戏椅,品牌07,中号,皮革,粉色,16*1*1,9,AP96C,克里斯,收货,上架
LaRe148GBl,黑色 品牌14 14英寸 笔记本电脑（8吉字节内存）,笔记本电脑,品牌14,14英寸,8吉字节内存,黑色,16*1*1,8,DS50D,亚历克斯,收货,上架
AlSu1532Wh,白色 品牌11 15英寸 一体机（32吉字节内存）,一体机,品牌11,15英寸,32吉字节内存,白色,16*1*1,4,AN76E,艾米,收货,上架
TaTR10FrSi,银色 品牌28 1000 桌子（框架式）,桌子,品牌28,1000,框架式,银色,8*1*1,1,BZ90B,艾米,收货,上架
LaOv1416Gr,灰色 品牌13 14英寸 笔记本电脑（16吉字节内存）,笔记本电脑,品牌13,14英寸,16吉字节内存,灰色,16*1*1,13,BQ76E,大卫,收货,上架
KeSu35WiNa,藏青色 品牌11 350 键盘（有线）,键盘,品牌11,350,有线,藏青色,16*10*1,41,BN65G,劳拉,收货,上架
DrRG18SlBl,黑色 品牌03 1800 抽屉柜（滑动式）,抽屉柜,品牌03,1800,滑动式,黑色,8*1*1,4,DY95B,约翰,收货,上架
DrQE18SlBl,黑色 品牌01 1800 抽屉柜（滑动式）,抽屉柜,品牌01,1800,滑动式,黑色,8*1*1,3,AR36E,亚历克斯,收货,上架
NoScA5doBl,黑色 品牌17 五号纸 笔记本（点阵）,笔记本,品牌17,五号纸,点阵,黑色,48*10*5,569,AL65H,简,收货,上架
CuTE90DoBe,米色 品牌04 900 储物柜（带门式）,储物柜,品牌04,900,带门式,米色,8*1*1,6,CG59D,莎拉,收货,上架
GaSEMLePi,粉色 品牌08 中号 游戏椅（皮革）,游戏椅,品牌08,中号,皮革,粉色,16*1*1,9,BH38H,劳拉,收货,上架
CuQE18SlWh,白色 品牌01 1800 储物柜（滑动式）,储物柜,品牌01,1800,滑动式,白色,8*1*1,4,BU03E,迈克,收货,上架
PrSoA3InGr,灰色 品牌25 三号纸 打印机（喷墨）,打印机,品牌25,三号纸,喷墨,灰色,16*1*1,12,AN97G,莎拉,收货,上架
KeSu35ErPi,粉色 品牌11 350 键盘（人体工学）,键盘,品牌11,350,人体工学,粉色,16*10*1,67,DZ37D,约翰,收货,上架
TaCI15AdBl,黑色 品牌27 1500 桌子（可调节）,桌子,品牌27,1500,可调节,黑色,8*1*1,8,DY20A,克里斯,收货,上架
MoRe27MePi,粉色 品牌10 270 鼠标（机械式）,鼠标,品牌10,270,机械式,粉色,16*10*1,157,BZ94H,迈克,收货,上架
MoHc45MeNa,藏青色 品牌09 450 鼠标（机械式）,鼠标,品牌09,450,机械式,藏青色,16*10*1,9,DV04H,艾米丽,收货,上架
CaTE12LoBe,米色 品牌04 1200 文件柜（储物锁柜）,文件柜,品牌04,1200,储物锁柜,米色,8*1*1,7,BH45E,大卫,收货,上架
PeRe50WaPi,粉色 品牌22 50 铅笔（水彩）,铅笔,品牌22,50,水彩,粉色,48*10*5,1011,AR67F,迈克,收货,上架
CuTE12SlBl,黑色 品牌04 1200 储物柜（滑动式）,储物柜,品牌04,1200,滑动式,黑色,8*1*1,3,DM06D,约翰,收货,上架
CuWE90SlBl,黑色 品牌02 900 储物柜（滑动式）,储物柜,品牌02,900,滑动式,黑色,8*1*1,6,DN91D,简,收货,上架
PrNoA2WiWh,白色 品牌26 二号纸 打印机（无线网络）,打印机,品牌26,二号纸,无线网络,白色,16*1*1,14,CQ79A,莎拉,收货,上架
PeGi12SoWh,白色 品牌21 12 铅笔（可溶性）,铅笔,品牌21,12,可溶性,白色,48*10*5,474,CH18G,艾米,收货,上架
DrQE90LoBe,米色 品牌01 900 抽屉柜（储物锁柜）,抽屉柜,品牌01,900,储物锁柜,米色,8*1*1,6,DY70D,艾米,收货,上架
PrReA2LaGr,灰色 品牌24 二号纸 打印机（激光）,打印机,品牌24,二号纸,激光,灰色,16*1*1,10,CW79F,简,收货,上架
OfXELErPi,粉色 品牌06 大号 办公椅（人体工学）,办公椅,品牌06,大号,人体工学,粉色,16*1*1,1,BP28A,简,收货,上架
TVGn65SFSi,银色 品牌30 65英寸 电视机（超级全高清）,电视机,品牌30,65英寸,超级全高清,银色,8*1*1,7,AM96F,克里斯,收货,上架
LaSu15i5Gr,灰色 品牌11 15英寸 笔记本电脑（第5代处理器）,笔记本电脑,品牌11,15英寸,第5代处理器,灰色,16*1*1,2,CK82D,大卫,收货,上架
NoScA3liGr,灰色 品牌17 三号纸 笔记本（线条）,笔记本,品牌17,三号纸,线条,灰色,48*10*5,1008,DP36G,艾米,收货,上架
DrRG12LoBl,黑色 品牌03 1200 抽屉柜（储物锁柜）,抽屉柜,品牌03,1200,储物锁柜,黑色,8*1*1,4,BV76G,约翰,收货,上架
CaRG18DoWh,白色 品牌03 1800 文件柜（带门式）,文件柜,品牌03,1800,带门式,白色,8*1*1,4,DN30G,约翰,收货,上架
SPGi24WaPi,粉色 品牌21 24 触控笔（水彩）,触控笔,品牌21,24,水彩,粉色,48*10*5,2332,DO73G,简,收货,上架
PrSoA3WiWh,白色 品牌25 三号纸 打印机（无线网络）,打印机,品牌25,三号纸,无线网络,白色,16*1*1,10,AM06E,大卫,收货,上架
NoExA3ruGr,灰色 品牌16 三号纸 笔记本（横线）,笔记本,品牌16,三号纸,横线,灰色,48*10*5,2279,DV25C,约翰,收货,上架
DrQE12FiBl,黑色 品牌01 1200 抽屉柜（文件收纳）,抽屉柜,品牌01,1200,文件收纳,黑色,8*1*1,8,BM68B,艾米丽,收货,上架
KePH45ErNa,藏青色 品牌12 450 键盘（人体工学）,键盘,品牌12,450,人体工学,藏青色,16*10*1,88,BN38B,迈克,收货,上架
CaQE90SlGr,灰色 品牌01 900 文件柜（滑动式）,文件柜,品牌01,900,滑动式,灰色,8*1*1,2,AK30F,简,收货,上架
KeHc27BlNa,藏青色 品牌09 270 键盘（蓝牙）,键盘,品牌09,270,蓝牙,藏青色,16*10*1,73,BS88C,大卫,收货,上架
SPRe50HePi,粉色 品牌22 50 触控笔（六角形）,触控笔,品牌22,50,六角形,粉色,48*10*5,1208,AX59G,艾米丽,收货,上架
PrSoA4LaWh,白色 品牌25 四号纸 打印机（激光）,打印机,品牌25,四号纸,激光,白色,16*1*1,15,BR42B,艾米,收货,上架
SPGi50SoWh,白色 品牌21 50 触控笔（可溶性）,触控笔,品牌21,50,可溶性,白色,48*10*5,1191,DJ68E,简,收货,上架
MoPH27WiWh,白色 品牌12 270 鼠标（有线）,鼠标,品牌12,270,有线,白色,16*10*1,24,BT49H,大卫,收货,上架
PrPHA4LaBl,黑色 品牌12 四号纸 打印机（激光）,打印机,品牌12,四号纸,激光,黑色,16*1*1,16,CZ88B,克里斯,收货,上架
NoScA5doGr,灰色 品牌17 五号纸 笔记本（点阵）,笔记本,品牌17,五号纸,点阵,灰色,48*10*5,1018,CZ23D,亚历克斯,收货,上架
PrReA4AlBl,黑色 品牌24 四号纸 打印机（一体式）,打印机,品牌24,四号纸,一体式,黑色,16*1*1,4,AX55A,艾米丽,收货,上架
SPNa24SoBl,黑色 品牌23 24 触控笔（可溶性）,触控笔,品牌23,24,可溶性,黑色,48*10*5,1038,BV57A,约翰,收货,上架
MoRe27BlNa,藏青色 品牌10 270 鼠标（蓝牙）,鼠标,品牌10,270,蓝牙,藏青色,16*10*1,48,AV23H,劳拉,收货,上架
PeRe12SoBl,黑色 品牌22 12 铅笔（可溶性）,铅笔,品牌22,12,可溶性,黑色,48*10*5,2086,BL07E,劳拉,收货,上架
AlRe1432Si,银色 品牌14 14英寸 一体机（32吉字节内存）,一体机,品牌14,14英寸,32吉字节内存,银色,16*1*1,5,DX16E,亚历克斯,收货,上架
SPAl50SoGr,灰色 品牌20 50 触控笔（可溶性）,触控笔,品牌20,50,可溶性,灰色,48*10*5,752,BV25A,大卫,收货,上架
MoHc27WiNa,藏青色 品牌09 270 鼠标（有线）,鼠标,品牌09,270,有线,藏青色,16*10*1,157,CT93E,克里斯,收货,上架
DrTE90SlGr,灰色 品牌04 900 抽屉柜（滑动式）,抽屉柜,品牌04,900,滑动式,灰色,8*1*1,7,AS61F,大卫,收货,上架
AlOv1532Wh,白色 品牌13 15英寸 一体机（32吉字节内存）,一体机,品牌13,15英寸,32吉字节内存,白色,16*1*1,8,BK29H,简,收货,上架
PeGi50SoPi,粉色 品牌21 50 铅笔（可溶性）,铅笔,品牌21,50,可溶性,粉色,48*10*5,228,DR14H,艾米丽,收货,上架
KeRe45MeBl,黑色 品牌10 450 键盘（机械式）,键盘,品牌10,450,机械式,黑色,16*10*1,23,AJ50C,约翰,收货,上架
CuTE90SlBl,黑色 品牌04 900 储物柜（滑动式）,储物柜,品牌04,900,滑动式,黑色,8*1*1,2,CZ01A,劳拉,收货,上架
PeAl50HeBl,黑色 品牌20 50 铅笔（六角形）,铅笔,品牌20,50,六角形,黑色,48*10*5,725,DO54D,简,收货,上架
LaPH14i5Bl,黑色 品牌12 14英寸 笔记本电脑（第5代处理器）,笔记本电脑,品牌12,14英寸,第5代处理器,黑色,16*1*1,15,CO62F,约翰,收货,上架
NoMuA4ruSi,银色 品牌19 四号纸 笔记本（横线）,笔记本,品牌19,四号纸,横线,银色,48*10*5,251,CI11A,简,收货,上架
NoExA5doBl,黑色 品牌16 五号纸 笔记本（点阵）,笔记本,品牌16,五号纸,点阵,黑色,48*10*5,2134,AU67F,简,收货,上架
PeNa12HeGr,灰色 品牌23 12 铅笔（六角形）,铅笔,品牌23,12,六角形,灰色,48*10*5,491,DM84D,艾米,收货,上架
OfOGLHePi,粉色 品牌07 大号 办公椅（头枕）,办公椅,品牌07,大号,头枕,粉色,16*1*1,3,CU49G,劳拉,收货,上架
SPRe24SoGr,灰色 品牌22 24 触控笔（可溶性）,触控笔,品牌22,24,可溶性,灰色,48*10*5,1090,AR56H,劳拉,收货,上架
TVGn654KBl,黑色 品牌30 65英寸 电视机（超高清）,电视机,品牌30,65英寸,超高清,黑色,8*1*1,2,DL50D,艾米丽,收货,上架
CuQE90FiGr,灰色 品牌01 900 储物柜（文件收纳）,储物柜,品牌01,900,文件收纳,灰色,8*1*1,3,BX20G,莎拉,收货,上架
DrQE90SlGr,灰色 品牌01 900 抽屉柜（滑动式）,抽屉柜,品牌01,900,滑动式,灰色,8*1*1,8,CQ57E,劳拉,收货,上架
TVGn42FHBl,黑色 品牌30 42英寸 电视机（全高清）,电视机,品牌30,42英寸,全高清,黑色,8*1*1,3,DR33G,约翰,收货,上架
OfSESHePi,粉色 品牌08 小号 办公椅（头枕）,办公椅,品牌08,小号,头枕,粉色,16*1*1,5,BG40C,艾米,收货,上架
TVEs75FHWh,白色 品牌32 75英寸 电视机（全高清）,电视机,品牌32,75英寸,全高清,白色,8*1*1,2,BV37E,迈克,收货,上架
AlPH1532Si,银色 品牌12 15英寸 一体机（32吉字节内存）,一体机,品牌12,15英寸,32吉字节内存,银色,16*1*1,4,CW57E,简,收货,上架
TaTR18AdSi,银色 品牌29 1800 桌子（可调节）,桌子,品牌29,1800,可调节,银色,8*1*1,7,BR45E,简,收货,上架
TaTR18WoWh,白色 品牌29 1800 桌子（工作站）,桌子,品牌29,1800,工作站,白色,8*1*1,8,BS19C,艾米丽,收货,上架
PrReA3MoWh,白色 品牌24 三号纸 打印机（黑白）,打印机,品牌24,三号纸,黑白,白色,16*1*1,13,DZ15F,劳拉,收货,上架
CaQE18SlBe,米色 品牌01 1800 文件柜（滑动式）,文件柜,品牌01,1800,滑动式,米色,8*1*1,3,CX83B,简,收货,上架
TVEs50SFWh,白色 品牌32 50英寸 电视机（超级全高清）,电视机,品牌32,50英寸,超级全高清,白色,8*1*1,5,CG23H,艾米丽,收货,上架
CuWE18FiWh,白色 品牌02 1800 储物柜（文件收纳）,储物柜,品牌02,1800,文件收纳,白色,8*1*1,3,CP15F,大卫,收货,上架
AlPH1732Bl,黑色 品牌12 17英寸 一体机（32吉字节内存）,一体机,品牌12,17英寸,32吉字节内存,黑色,16*1*1,8,AJ65F,艾米,收货,上架
SPRe50HePi,粉色 品牌22 50 触控笔（六角形）,触控笔,品牌22,50,六角形,粉色,48*10*5,58,AF67D,迈克,收货,上架
NoMuA5ruGr,灰色 品牌19 五号纸 笔记本（横线）,笔记本,品牌19,五号纸,横线,灰色,48*10*5,717,BJ77A,迈克,收货,上架
AlOv14i5Wh,白色 品牌13 14英寸 一体机（第5代处理器）,一体机,品牌13,14英寸,第5代处理器,白色,16*1*1,2,BR74E,莎拉,收货,上架
DrRG90FiBe,米色 品牌03 900 抽屉柜（文件收纳）,抽屉柜,品牌03,900,文件收纳,米色,8*1*1,7,DW55C,迈克,收货,上架
CaQE18FiWh,白色 品牌01 1800 文件柜（文件收纳）,文件柜,品牌01,1800,文件收纳,白色,8*1*1,6,BO73E,劳拉,收货,上架
CuTE90DoBl,黑色 品牌04 900 储物柜（带门式）,储物柜,品牌04,900,带门式,黑色,8*1*1,6,BJ52A,约翰,收货,上架
DrTE12LoBl,黑色 品牌04 1200 抽屉柜（储物锁柜）,抽屉柜,品牌04,1200,储物锁柜,黑色,8*1*1,5,CM76G,莎拉,收货,上架
OfXEMHeWh,白色 品牌06 中号 办公椅（头枕）,办公椅,品牌06,中号,头枕,白色,16*1*1,1,AJ39G,莎拉,收货,上架
NoGrA3liGr,灰色 品牌18 三号纸 笔记本（线条）,笔记本,品牌18,三号纸,线条,灰色,48*10*5,668,DJ77E,艾米,收货,上架
AlPH14i7Bl,黑色 品牌12 14英寸 一体机（第7代处理器）,一体机,品牌12,14英寸,第7代处理器,黑色,16*1*1,14,CQ69A,迈克,收货,上架
TVGL504KGr,灰色 品牌31 50英寸 电视机（超高清）,电视机,品牌31,50英寸,超高清,灰色,8*1*1,8,CP08H,迈克,收货,上架
LaPH1416Si,银色 品牌12 14英寸 笔记本电脑（16吉字节内存）,笔记本电脑,品牌12,14英寸,16吉字节内存,银色,16*1*1,15,DU89B,亚历克斯,收货,上架
PrNoA2MoGr,灰色 品牌26 二号纸 打印机（黑白）,打印机,品牌26,二号纸,黑白,灰色,16*1*1,5,DI87H,克里斯,收货,上架
PrSoA3WiMi,混合色 品牌25 三号纸 打印机（无线网络）,打印机,品牌25,三号纸,无线网络,混合色,16*1*1,1,AM91G,艾米丽,收货,上架
SPNa12HeBl,黑色 品牌23 12 触控笔（六角形）,触控笔,品牌23,12,六角形,黑色,48*10*5,2175,BZ08B,大卫,收货,上架
KeRe35MePi,粉色 品牌10 350 键盘（机械式）,键盘,品牌10,350,机械式,粉色,16*10*1,9,DX68B,莎拉,收货,上架
KePH27WiBl,黑色 品牌12 270 键盘（有线）,键盘,品牌12,270,有线,黑色,16*10*1,97,AZ24H,迈克,收货,上架
PrSoA2MoBl,黑色 品牌25 二号纸 打印机（黑白）,打印机,品牌25,二号纸,黑白,黑色,16*1*1,4,CT10G,艾米,收货,上架
CaWE90SlBl,黑色 品牌02 900 文件柜（滑动式）,文件柜,品牌02,900,滑动式,黑色,8*1*1,5,DI24A,艾米丽,收货,上架
CuWE18FiBl,黑色 品牌02 1800 储物柜（文件收纳）,储物柜,品牌02,1800,文件收纳,黑色,8*1*1,7,BK91E,亚历克斯,收货,上架
PeAl50HeWh,白色 品牌20 50 铅笔（六角形）,铅笔,品牌20,50,六角形,白色,48*10*5,221,BX26H,艾米丽,收货,上架
CaQE12FiBe,米色 品牌01 1200 文件柜（文件收纳）,文件柜,品牌01,1200,文件收纳,米色,8*1*1,7,BK14H,艾米,收货,上架
DrRG18LoBe,米色 品牌03 1800 抽屉柜（储物锁柜）,抽屉柜,品牌03,1800,储物锁柜,米色,8*1*1,3,AI04F,劳拉,收货,上架
TaCI10WoBl,黑色 品牌27 1000 桌子（工作站）,桌子,品牌27,1000,工作站,黑色,8*1*1,4,CF88F,约翰,收货,上架
LaRe1416Wh,白色 品牌14 14英寸 笔记本电脑（16吉字节内存）,笔记本电脑,品牌14,14英寸,16吉字节内存,白色,16*1*1,9,DH09G,艾米,收货,上架
TVGL75FHSi,银色 品牌31 75英寸 电视机（全高清）,电视机,品牌31,75英寸,全高清,银色,8*1*1,1,BZ53D,迈克,收货,上架
NoGrA4doWh,白色 品牌18 四号纸 笔记本（点阵）,笔记本,品牌18,四号纸,点阵,白色,48*10*5,1882,AZ05C,亚历克斯,收货,上架
PrSoA3MoMi,混合色 品牌25 三号纸 打印机（黑白）,打印机,品牌25,三号纸,黑白,混合色,16*1*1,11,CY27F,迈克,收货,上架
PrPHA4MoMi,混合色 品牌12 四号纸 打印机（黑白）,打印机,品牌12,四号纸,黑白,混合色,16*1*1,4,CP51F,艾米丽,收货,上架
DrRG18FiBe,米色 品牌03 1800 抽屉柜（文件收纳）,抽屉柜,品牌03,1800,文件收纳,米色,8*1*1,5,AM58B,艾米丽,收货,上架
CaRG12FiBl,黑色 品牌03 1200 文件柜（文件收纳）,文件柜,品牌03,1200,文件收纳,黑色,8*1*1,1,BL15C,简,收货,上架
LaSu1532Bl,黑色 品牌11 15英寸 笔记本电脑（32吉字节内存）,笔记本电脑,品牌11,15英寸,32吉字节内存,黑色,16*1*1,13,BL04D,克里斯,收货,上架
SPGi12HeWh,白色 品牌21 12 触控笔（六角形）,触控笔,品牌21,12,六角形,白色,48*10*5,649,AO92B,约翰,收货,上架
NoMuA4ruWh,白色 品牌19 四号纸 笔记本（横线）,笔记本,品牌19,四号纸,横线,白色,48*10*5,1914,CR85D,莎拉,收货,上架
PeGi50SoGr,灰色 品牌21 50 铅笔（可溶性）,铅笔,品牌21,50,可溶性,灰色,48*10*5,1911,DU37B,劳拉,收货,上架
CuWE18SlBl,黑色 品牌02 1800 储物柜（滑动式）,储物柜,品牌02,1800,滑动式,黑色,8*1*1,6,DZ82A,艾米,收货,上架
DrWE18SlBl,黑色 品牌02 1800 抽屉柜（滑动式）,抽屉柜,品牌02,1800,滑动式,黑色,8*1*1,7,DL20A,克里斯,收货,上架
MoRe27WiBl,黑色 品牌10 270 鼠标（有线）,鼠标,品牌10,270,有线,黑色,16*10*1,28,DT09F,简,收货,上架
SPAl50WaBl,黑色 品牌20 50 触控笔（水彩）,触控笔,品牌20,50,水彩,黑色,48*10*5,1377,DW43B,莎拉,收货,上架
MoHc27BlPi,粉色 品牌09 270 鼠标（蓝牙）,鼠标,品牌09,270,蓝牙,粉色,16*10*1,12,AR60G,简,收货,上架
GaXELErPi,粉色 品牌06 大号 游戏椅（人体工学）,游戏椅,品牌06,大号,人体工学,粉色,16*1*1,8,AP61E,亚历克斯,收货,上架
KePH27BlBl,黑色 品牌12 270 键盘（蓝牙）,键盘,品牌12,270,蓝牙,黑色,16*10*1,52,CL35A,艾米丽,收货,上架
SPGi24WaWh,白色 品牌21 24 触控笔（水彩）,触控笔,品牌21,24,水彩,白色,48*10*5,1408,DM30E,大卫,收货,上架
CuWE90DoGr,灰色 品牌02 900 储物柜（带门式）,储物柜,品牌02,900,带门式,灰色,8*1*1,8,BX40E,约翰,收货,上架
MoSu35WiBl,黑色 品牌11 350 鼠标（有线）,鼠标,品牌11,350,有线,黑色,16*10*1,74,CO78A,克里斯,收货,上架
TVGn424KBl,黑色 品牌30 42英寸 电视机（超高清）,电视机,品牌30,42英寸,超高清,黑色,8*1*1,1,CU48A,克里斯,收货,上架
GaSESErBl,黑色 品牌08 小号 游戏椅（人体工学）,游戏椅,品牌08,小号,人体工学,黑色,16*1*1,16,DR50G,艾米丽,收货,上架
TaAE15FrGr,灰色 品牌05 1500 桌子（框架式）,桌子,品牌05,1500,框架式,灰色,8*1*1,4,AI08F,简,收货,上架
PrSoA4MoWh,白色 品牌25 四号纸 打印机（黑白）,打印机,品牌25,四号纸,黑白,白色,16*1*1,10,BI75H,大卫,收货,上架
CuTE90DoBe,米色 品牌04 900 储物柜（带门式）,储物柜,品牌04,900,带门式,米色,8*1*1,1,BR47D,大卫,收货,上架
MoPH27WiBl,黑色 品牌12 270 鼠标（有线）,鼠标,品牌12,270,有线,黑色,16*10*1,122,CZ51F,亚历克斯,收货,上架
PeGi50WaBl,黑色 品牌21 50 铅笔（水彩）,铅笔,品牌21,50,水彩,黑色,48*10*5,1979,CY46G,亚历克斯,收货,上架
PrReA3LaGr,灰色 品牌24 三号纸 打印机（激光）,打印机,品牌24,三号纸,激光,灰色,16*1*1,7,BP12G,劳拉,收货,上架
TVGn42FHSi,银色 品牌30 42英寸 电视机（全高清）,电视机,品牌30,42英寸,全高清,银色,8*1*1,1,AM59A,艾米丽,收货,上架
LaSu15i5Wh,白色 品牌11 15英寸 笔记本电脑（第5代处理器）,笔记本电脑,品牌11,15英寸,第5代处理器,白色,16*1*1,15,BJ28G,克里斯,收货,上架
AlYn1416Si,银色 品牌15 14英寸 一体机（16吉字节内存）,一体机,品牌15,14英寸,16吉字节内存,银色,16*1*1,5,CY66C,艾米丽,收货,上架
TaTR10FrBl,黑色 品牌28 1000 桌子（框架式）,桌子,品牌28,1000,框架式,黑色,8*1*1,6,BF42E,艾米丽,收货,上架
LaOv1532Bl,黑色 品牌13 15英寸 笔记本电脑（32吉字节内存）,笔记本电脑,品牌13,15英寸,32吉字节内存,黑色,16*1*1,13,DK42A,艾米丽,收货,上架
OfSESErBl,黑色 品牌08 小号 办公椅（人体工学）,办公椅,品牌08,小号,人体工学,黑色,16*1*1,11,DL71G,艾米,收货,上架
KeSu27ErWh,白色 品牌11 270 键盘（人体工学）,键盘,品牌11,270,人体工学,白色,16*10*1,110,CW30F,亚历克斯,收货,上架
GaOGLLeWh,白色 品牌07 大号 游戏椅（皮革）,游戏椅,品牌07,大号,皮革,白色,16*1*1,13,DL73D,简,收货,上架
LaSu15i5Gr,灰色 品牌11 15英寸 笔记本电脑（第5代处理器）,笔记本电脑,品牌11,15英寸,第5代处理器,灰色,16*1*1,9,AL47F,迈克,收货,上架
DrRG18FiWh,白色 品牌03 1800 抽屉柜（文件收纳）,抽屉柜,品牌03,1800,文件收纳,白色,8*1*1,4,AI15B,劳拉,收货,上架
CaQE90FiBe,米色 品牌01 900 文件柜（文件收纳）,文件柜,品牌01,900,文件收纳,米色,8*1*1,3,BG93H,艾米,收货,上架
NoMuA3doGr,灰色 品牌19 三号纸 笔记本（点阵）,笔记本,品牌19,三号纸,点阵,灰色,48*10*5,82,CJ74E,莎拉,收货,上架
LaPH15i5Bl,黑色 品牌12 15英寸 笔记本电脑（第5代处理器）,笔记本电脑,品牌12,15英寸,第5代处理器,黑色,16*1*1,5,AG83G,艾米,收货,上架
GaXEMLeBl,黑色 品牌06 中号 游戏椅（皮革）,游戏椅,品牌06,中号,皮革,黑色,16*1*1,13,CN14C,莎拉,收货,上架
CaQE12LoGr,灰色 品牌01 1200 文件柜（储物锁柜）,文件柜,品牌01,1200,储物锁柜,灰色,8*1*1,6,BW97F,艾米丽,收货,上架
LaYn17i5Bl,黑色 品牌15 17英寸 笔记本电脑（第5代处理器）,笔记本电脑,品牌15,17英寸,第5代处理器,黑色,16*1*1,12,DP17H,约翰,收货,上架
TaTR15AdWh,白色 品牌28 1500 桌子（可调节）,桌子,品牌28,1500,可调节,白色,8*1*1,1,BW17B,莎拉,收货,上架
CuTE90DoWh,白色 品牌04 900 储物柜（带门式）,储物柜,品牌04,900,带门式,白色,8*1*1,3,BV29D,艾米,收货,上架
MoHc35BlNa,藏青色 品牌09 350 鼠标（蓝牙）,鼠标,品牌09,350,蓝牙,藏青色,16*10*1,13,BO10G,艾米丽,收货,上架
SPRe12HeWh,白色 品牌22 12 触控笔（六角形）,触控笔,品牌22,12,六角形,白色,48*10*5,504,AR91G,克里斯,收货,上架
CaQE90FiBe,米色 品牌01 900 文件柜（文件收纳）,文件柜,品牌01,900,文件收纳,米色,8*1*1,2,AU41C,迈克,收货,上架
SPRe50HeWh,白色 品牌22 50 触控笔（六角形）,触控笔,品牌22,50,六角形,白色,48*10*5,690,BY40A,迈克,收货,上架
AlRe1516Gr,灰色 品牌14 15英寸 一体机（16吉字节内存）,一体机,品牌14,15英寸,16吉字节内存,灰色,16*1*1,10,DG85E,劳拉,收货,上架
CaQE18DoGr,灰色 品牌01 1800 文件柜（带门式）,文件柜,品牌01,1800,带门式,灰色,8*1*1,2,BN98F,亚历克斯,收货,上架
MoHc35ErPi,粉色 品牌09 350 鼠标（人体工学）,鼠标,品牌09,350,人体工学,粉色,16*10*1,36,DI94B,艾米,收货,上架
LaSu178GBl,黑色 品牌11 17英寸 笔记本电脑（8吉字节内存）,笔记本电脑,品牌11,17英寸,8吉字节内存,黑色,16*1*1,3,BH16C,艾米丽,收货,上架
LaSu15i7Gr,灰色 品牌11 15英寸 笔记本电脑（第7代处理器）,笔记本电脑,品牌11,15英寸,第7代处理器,灰色,16*1*1,9,CW74H,劳拉,收货,上架
TaTR10AdSi,银色 品牌28 1000 桌子（可调节）,桌子,品牌28,1000,可调节,银色,8*1*1,4,AY72H,迈克,收货,上架
AlRe148GSi,银色 品牌14 14英寸 一体机（8吉字节内存）,一体机,品牌14,14英寸,8吉字节内存,银色,16*1*1,4,BT91G,迈克,收货,上架
OfAESHePi,粉色 品牌05 小号 办公椅（头枕）,办公椅,品牌05,小号,头枕,粉色,16*1*1,9,DQ08E,亚历克斯,收货,上架
KeSu35ErNa,藏青色 品牌11 350 键盘（人体工学）,键盘,品牌11,350,人体工学,藏青色,16*10*1,113,DY75E,约翰,收货,上架
GaOGLHeBl,黑色 品牌07 大号 游戏椅（头枕）,游戏椅,品牌07,大号,头枕,黑色,16*1*1,14,AU47G,大卫,收货,上架
CaTE90FiBe,米色 品牌04 900 文件柜（文件收纳）,文件柜,品牌04,900,文件收纳,米色,8*1*1,8,CG16F,克里斯,收货,上架
DrTE18DoGr,灰色 品牌04 1800 抽屉柜（带门式）,抽屉柜,品牌04,1800,带门式,灰色,8*1*1,3,AM96A,莎拉,收货,上架
PeNa50HeWh,白色 品牌23 50 铅笔（六角形）,铅笔,品牌23,50,六角形,白色,48*10*5,790,AU97G,简,收货,上架
NoMuA4ruBl,黑色 品牌19 四号纸 笔记本（横线）,笔记本,品牌19,四号纸,横线,黑色,48*10*5,1105,AP04A,约翰,收货,上架
SPAl50WaPi,粉色 品牌20 50 触控笔（水彩）,触控笔,品牌20,50,水彩,粉色,48*10*5,1783,BG55A,劳拉,收货,上架
TVGn65S4Bl,黑色 品牌30 65英寸 电视机（超级超高清）,电视机,品牌30,65英寸,超级超高清,黑色,8*1*1,3,AH90E,迈克,收货,上架
OfAEMLePi,粉色 品牌05 中号 办公椅（皮革）,办公椅,品牌05,中号,皮革,粉色,16*1*1,3,BP80B,莎拉,收货,上架
AlRe1516Wh,白色 品牌14 15英寸 一体机（16吉字节内存）,一体机,品牌14,15英寸,16吉字节内存,白色,16*1*1,10,CZ18C,艾米丽,收货,上架
TVYn42SFBl,黑色 品牌15 42英寸 电视机（超级全高清）,电视机,品牌15,42英寸,超级全高清,黑色,8*1*1,1,AS58H,迈克,收货,上架
CuQE12SlBe,米色 品牌01 1200 储物柜（滑动式）,储物柜,品牌01,1200,滑动式,米色,8*1*1,3,AR76B,约翰,收货,上架
GaAELAdWh,白色 品牌05 大号 游戏椅（可调节）,游戏椅,品牌05,大号,可调节,白色,16*1*1,3,BV23E,克里斯,收货,上架
AlYn14i5Si,银色 品牌15 14英寸 一体机（第5代处理器）,一体机,品牌15,14英寸,第5代处理器,银色,16*1*1,12,BO67H,莎拉,收货,上架
PeGi12WaBl,黑色 品牌21 12 铅笔（水彩）,铅笔,品牌21,12,水彩,黑色,48*10*5,1655,DV57H,克里斯,收货,上架
GaXESAdBl,黑色 品牌06 小号 游戏椅（可调节）,游戏椅,品牌06,小号,可调节,黑色,16*1*1,7,DG85H,大卫,收货,上架
PrNoA3LaBl,黑色 品牌26 三号纸 打印机（激光）,打印机,品牌26,三号纸,激光,黑色,16*1*1,10,BT52D,大卫,收货,上架
TaCI18AdWh,白色 品牌27 1800 桌子（可调节）,桌子,品牌27,1800,可调节,白色,8*1*1,4,CO36G,大卫,收货,上架
CaWE12SlBl,黑色 品牌02 1200 文件柜（滑动式）,文件柜,品牌02,1200,滑动式,黑色,8*1*1,1,AG92A,约翰,收货,上架
GaOGLLePi,粉色 品牌07 大号 游戏椅（皮革）,游戏椅,品牌07,大号,皮革,粉色,16*1*1,2,CQ88E,艾米丽,收货,上架
MoSu27MePi,粉色 品牌11 270 鼠标（机械式）,鼠标,品牌11,270,机械式,粉色,16*10*1,160,DU78H,艾米,收货,上架
PrNoA3LaGr,灰色 品牌26 三号纸 打印机（激光）,打印机,品牌26,三号纸,激光,灰色,16*1*1,16,BS05A,大卫,收货,上架
AlOv17i7Gr,灰色 品牌13 17英寸 一体机（第7代处理器）,一体机,品牌13,17英寸,第7代处理器,灰色,16*1*1,6,BY14G,劳拉,收货,上架
LaOv1416Wh,白色 品牌13 14英寸 笔记本电脑（16吉字节内存）,笔记本电脑,品牌13,14英寸,16吉字节内存,白色,16*1*1,4,BI24G,艾米丽,收货,上架
GaAELLeWh,白色 品牌05 大号 游戏椅（皮革）,游戏椅,品牌05,大号,皮革,白色,16*1*1,5,DG21A,简,收货,上架
LaRe158GWh,白色 品牌14 15英寸 笔记本电脑（8吉字节内存）,笔记本电脑,品牌14,15英寸,8吉字节内存,白色,16*1*1,9,DJ04F,艾米,收货,上架
PrSoA3LaGr,灰色 品牌25 三号纸 打印机（激光）,打印机,品牌25,三号纸,激光,灰色,16*1*1,14,BH88G,约翰,收货,上架
KeSu27BlNa,藏青色 品牌11 270 键盘（蓝牙）,键盘,品牌11,270,蓝牙,藏青色,16*10*1,140,BO87F,艾米,收货,上架
KeHc27WiNa,藏青色 品牌09 270 键盘（有线）,键盘,品牌09,270,有线,藏青色,16*10*1,155,CJ27D,大卫,收货,上架
TaAE10AuGr,灰色 品牌05 1000 桌子（自动调节）,桌子,品牌05,1000,自动调节,灰色,8*1*1,4,CM80H,克里斯,收货,上架
TaAE15WoGr,灰色 品牌05 1500 桌子（工作站）,桌子,品牌05,1500,工作站,灰色,8*1*1,2,BM56G,大卫,收货,上架
CaWE12FiBe,米色 品牌02 1200 文件柜（文件收纳）,文件柜,品牌02,1200,文件收纳,米色,8*1*1,1,DJ95E,大卫,收货,上架
CuWE18DoBl,黑色 品牌02 1800 储物柜（带门式）,储物柜,品牌02,1800,带门式,黑色,8*1*1,4,AK19H,大卫,收货,上架
GaOGMAdBl,黑色 品牌07 中号 游戏椅（可调节）,游戏椅,品牌07,中号,可调节,黑色,16*1*1,9,AO02H,亚历克斯,收货,上架
AlPH14i5Gr,灰色 品牌12 14英寸 一体机（第5代处理器）,一体机,品牌12,14英寸,第5代处理器,灰色,16*1*1,7,DU75H,劳拉,收货,上架
CaWE12LoWh,白色 品牌02 1200 文件柜（储物锁柜）,文件柜,品牌02,1200,储物锁柜,白色,8*1*1,1,DQ61A,艾米丽,收货,上架
GaSESHeGr,灰色 品牌08 小号 游戏椅（头枕）,游戏椅,品牌08,小号,头枕,灰色,16*1*1,4,AU20H,大卫,收货,上架
NoExA5liWh,白色 品牌16 五号纸 笔记本（线条）,笔记本,品牌16,五号纸,线条,白色,48*10*5,1312,BP56D,艾米,收货,上架
DrRG12LoWh,白色 品牌03 1200 抽屉柜（储物锁柜）,抽屉柜,品牌03,1200,储物锁柜,白色,8*1*1,2,CO38G,劳拉,收货,上架
GaOGLErPi,粉色 品牌07 大号 游戏椅（人体工学）,游戏椅,品牌07,大号,人体工学,粉色,16*1*1,13,DL03B,约翰,收货,上架
AlYn1716Wh,白色 品牌15 17英寸 一体机（16吉字节内存）,一体机,品牌15,17英寸,16吉字节内存,白色,16*1*1,10,AJ83D,艾米丽,收货,上架
CuQE90DoWh,白色 品牌01 900 储物柜（带门式）,储物柜,品牌01,900,带门式,白色,8*1*1,3,DH49F,简,收货,上架
NoScA4ruGr,灰色 品牌17 四号纸 笔记本（横线）,笔记本,品牌17,四号纸,横线,灰色,48*10*5,1201,DH72D,亚历克斯,收货,上架
NoScA4liGr,灰色 品牌17 四号纸 笔记本（线条）,笔记本,品牌17,四号纸,线条,灰色,48*10*5,1102,AQ03F,莎拉,收货,上架
PeRe50WaPi,粉色 品牌22 50 铅笔（水彩）,铅笔,品牌22,50,水彩,粉色,48*10*5,762,AL85C,简,收货,上架
LaOv17i5Wh,白色 品牌13 17英寸 笔记本电脑（第5代处理器）,笔记本电脑,品牌13,17英寸,第5代处理器,白色,16*1*1,14,CG69D,艾米丽,收货,上架
PrPHA3AlMi,混合色 品牌12 三号纸 打印机（一体式）,打印机,品牌12,三号纸,一体式,混合色,16*1*1,1,AF02D,迈克,收货,上架
DrQE12SlBe,米色 品牌01 1200 抽屉柜（滑动式）,抽屉柜,品牌01,1200,滑动式,米色,8*1*1,1,AX40F,克里斯,收货,上架
PeAl50HeGr,灰色 品牌20 50 铅笔（六角形）,铅笔,品牌20,50,六角形,灰色,48*10*5,2186,AJ27D,亚历克斯,收货,上架
NoMuA5ruGr,灰色 品牌19 五号纸 笔记本（横线）,笔记本,品牌19,五号纸,横线,灰色,48*10*5,363,AZ55C,莎拉,收货,上架
KePH45ErWh,白色 品牌12 450 键盘（人体工学）,键盘,品牌12,450,人体工学,白色,16*10*1,60,BH16F,莎拉,收货,上架
OfAEMHeGr,灰色 品牌05 中号 办公椅（头枕）,办公椅,品牌05,中号,头枕,灰色,16*1*1,16,CO62H,艾米,收货,上架
KeHc27BlBl,黑色 品牌09 270 键盘（蓝牙）,键盘,品牌09,270,蓝牙,黑色,16*10*1,133,CW96E,莎拉,收货,上架
DrQE18SlWh,白色 品牌01 1800 抽屉柜（滑动式）,抽屉柜,品牌01,1800,滑动式,白色,8*1*1,1,BM77E,艾米丽,收货,上架
NoScA4doSi,银色 品牌17 四号纸 笔记本（点阵）,笔记本,品牌17,四号纸,点阵,银色,48*10*5,1281,AP13F,艾米,收货,上架
AlPH17i7Gr,灰色 品牌12 17英寸 一体机（第7代处理器）,一体机,品牌12,17英寸,第7代处理器,灰色,16*1*1,10,CN30D,克里斯,收货,上架
KePH27WiPi,粉色 品牌12 270 键盘（有线）,键盘,品牌12,270,有线,粉色,16*10*1,67,AH13E,迈克,收货,上架
LaSu1716Wh,白色 品牌11 17英寸 笔记本电脑（16吉字节内存）,笔记本电脑,品牌11,17英寸,16吉字节内存,白色,16*1*1,4,AP53A,迈克,收货,上架
TVEs32FHGr,灰色 品牌32 32英寸 电视机（全高清）,电视机,品牌32,32英寸,全高清,灰色,8*1*1,3,CG77H,迈克,收货,上架
GaAESLeBl,黑色 品牌05 小号 游戏椅（皮革）,游戏椅,品牌05,小号,皮革,黑色,16*1*1,15,CT93C,简,收货,上架
TaAE18AdBl,黑色 品牌05 1800 桌子（可调节）,桌子,品牌05,1800,可调节,黑色,8*1*1,2,BW85B,约翰,收货,上架
MoPH35BlWh,白色 品牌12 350 鼠标（蓝牙）,鼠标,品牌12,350,蓝牙,白色,16*10*1,84,BJ24E,亚历克斯,收货,上架
KeHc45BlWh,白色 品牌09 450 键盘（蓝牙）,键盘,品牌09,450,蓝牙,白色,16*10*1,101,BS34G,简,收货,上架
DrQE12LoBl,黑色 品牌01 1200 抽屉柜（储物锁柜）,抽屉柜,品牌01,1200,储物锁柜,黑色,8*1*1,2,CT94E,约翰,收货,上架
LaOv1432Gr,灰色 品牌13 14英寸 笔记本电脑（32吉字节内存）,笔记本电脑,品牌13,14英寸,32吉字节内存,灰色,16*1*1,3,DN34H,大卫,收货,上架
KePH27BlWh,白色 品牌12 270 键盘（蓝牙）,键盘,品牌12,270,蓝牙,白色,16*10*1,87,DH34F,艾米丽,收货,上架
AlYn1716Si,银色 品牌15 17英寸 一体机（16吉字节内存）,一体机,品牌15,17英寸,16吉字节内存,银色,16*1*1,8,AL22G,简,收货,上架
GaXELErPi,粉色 品牌06 大号 游戏椅（人体工学）,游戏椅,品牌06,大号,人体工学,粉色,16*1*1,15,BN86A,劳拉,收货,上架
CaQE90LoBl,黑色 品牌01 900 文件柜（储物锁柜）,文件柜,品牌01,900,储物锁柜,黑色,8*1*1,1,CY40G,克里斯,收货,上架
DrQE90SlGr,灰色 品牌01 900 抽屉柜（滑动式）,抽屉柜,品牌01,900,滑动式,灰色,8*1*1,3,AZ07H,劳拉,收货,上架
TVEs32S4Si,银色 品牌32 32英寸 电视机（超级超高清）,电视机,品牌32,32英寸,超级超高清,银色,8*1*1,1,BK62E,艾米丽,收货,上架
CuTE12DoBl,黑色 品牌04 1200 储物柜（带门式）,储物柜,品牌04,1200,带门式,黑色,8*1*1,3,DO68C,艾米丽,收货,上架
LaSu1532Bl,黑色 品牌11 15英寸 笔记本电脑（32吉字节内存）,笔记本电脑,品牌11,15英寸,32吉字节内存,黑色,16*1*1,12,AK07H,约翰,收货,上架
CaQE18SlBl,黑色 品牌01 1800 文件柜（滑动式）,文件柜,品牌01,1800,滑动式,黑色,8*1*1,5,DK27G,约翰,收货,上架
TVGL32FHSi,银色 品牌31 32英寸 电视机（全高清）,电视机,品牌31,32英寸,全高清,银色,8*1*1,3,DI68C,约翰,收货,上架
GaOGMAdWh,白色 品牌07 中号 游戏椅（可调节）,游戏椅,品牌07,中号,可调节,白色,16*1*1,5,BF24C,克里斯,收货,上架
PeGi12SoGr,灰色 品牌21 12 铅笔（可溶性）,铅笔,品牌21,12,可溶性,灰色,48*10*5,1868,BG90A,艾米丽,收货,上架
LaRe1516Wh,白色 品牌14 15英寸 笔记本电脑（16吉字节内存）,笔记本电脑,品牌14,15英寸,16吉字节内存,白色,16*1*1,7,CS62A,亚历克斯,收货,上架
CuQE12SlGr,灰色 品牌01 1200 储物柜（滑动式）,储物柜,品牌01,1200,滑动式,灰色,8*1*1,1,CL94G,迈克,收货,上架
TVYn65S4Bl,黑色 品牌15 65英寸 电视机（超级超高清）,电视机,品牌15,65英寸,超级超高清,黑色,8*1*1,4,CL12H,艾米丽,收货,上架
PrPHA3WiMi,混合色 品牌12 三号纸 打印机（无线网络）,打印机,品牌12,三号纸,无线网络,混合色,16*1*1,7,CH11D,简,收货,上架
OfAESAdPi,粉色 品牌05 小号 办公椅（可调节）,办公椅,品牌05,小号,可调节,粉色,16*1*1,6,CT75C,简,收货,上架
TaCI15AdSi,银色 品牌27 1500 桌子（可调节）,桌子,品牌27,1500,可调节,银色,8*1*1,8,DU73B,劳拉,收货,上架
PrReA2MoMi,混合色 品牌24 二号纸 打印机（黑白）,打印机,品牌24,二号纸,黑白,混合色,16*1*1,16,AH19C,艾米丽,收货,上架
TVGL654KSi,银色 品牌31 65英寸 电视机（超高清）,电视机,品牌31,65英寸,超高清,银色,8*1*1,5,DH66B,亚历克斯,收货,上架
AlSu1732Si,银色 品牌11 17英寸 一体机（32吉字节内存）,一体机,品牌11,17英寸,32吉字节内存,银色,16*1*1,13,DP56G,艾米,收货,上架
LaSu15i7Gr,灰色 品牌11 15英寸 笔记本电脑（第7代处理器）,笔记本电脑,品牌11,15英寸,第7代处理器,灰色,16*1*1,6,AK24G,克里斯,收货,上架
GaSEMHeGr,灰色 品牌08 中号 游戏椅（头枕）,游戏椅,品牌08,中号,头枕,灰色,16*1*1,16,CM93C,克里斯,收货,上架
CaRG18SlGr,灰色 品牌03 1800 文件柜（滑动式）,文件柜,品牌03,1800,滑动式,灰色,8*1*1,3,AZ66B,克里斯,收货,上架
LaPH14i5Bl,黑色 品牌12 14英寸 笔记本电脑（第5代处理器）,笔记本电脑,品牌12,14英寸,第5代处理器,黑色,16*1*1,2,DX72B,艾米丽,收货,上架
GaAESHeGr,灰色 品牌05 小号 游戏椅（头枕）,游戏椅,品牌05,小号,头枕,灰色,16*1*1,14,BV92A,劳拉,收货,上架
GaAESErGr,灰色 品牌05 小号 游戏椅（人体工学）,游戏椅,品牌05,小号,人体工学,灰色,16*1*1,6,AV10F,简,收货,上架
MoPH27WiWh,白色 品牌12 270 鼠标（有线）,鼠标,品牌12,270,有线,白色,16*10*1,131,DJ15F,大卫,收货,上架
LaYn1432Bl,黑色 品牌15 14英寸 笔记本电脑（32吉字节内存）,笔记本电脑,品牌15,14英寸,32吉字节内存,黑色,16*1*1,16,CH84G,简,收货,上架
AlYn158GBl,黑色 品牌15 15英寸 一体机（8吉字节内存）,一体机,品牌15,15英寸,8吉字节内存,黑色,16*1*1,15,BK66G,艾米,收货,上架
AlPH14i5Gr,灰色 品牌12 14英寸 一体机（第5代处理器）,一体机,品牌12,14英寸,第5代处理器,灰色,16*1*1,11,CL37H,亚历克斯,收货,上架
PeGi50SoBl,黑色 品牌21 50 铅笔（可溶性）,铅笔,品牌21,50,可溶性,黑色,48*10*5,1850,DK57D,艾米丽,收货,上架
KePH45MeNa,藏青色 品牌12 450 键盘（机械式）,键盘,品牌12,450,机械式,藏青色,16*10*1,130,AL65H,简,收货,上架
TVEs50FHWh,白色 品牌32 50英寸 电视机（全高清）,电视机,品牌32,50英寸,全高清,白色,8*1*1,4,BT24F,艾米,收货,上架
TVEs65S4Wh,白色 品牌32 65英寸 电视机（超级超高清）,电视机,品牌32,65英寸,超级超高清,白色,8*1*1,4,DO05B,亚历克斯,收货,上架
AlYn178GSi,银色 品牌15 17英寸 一体机（8吉字节内存）,一体机,品牌15,17英寸,8吉字节内存,银色,16*1*1,15,CW49E,艾米,收货,上架
CuWE12SlWh,白色 品牌02 1200 储物柜（滑动式）,储物柜,品牌02,1200,滑动式,白色,8*1*1,2,AF37D,亚历克斯,收货,上架
KeHc35WiWh,白色 品牌09 350 键盘（有线）,键盘,品牌09,350,有线,白色,16*10*1,129,BO36D,克里斯,收货,上架
TVGn654KSi,银色 品牌30 65英寸 电视机（超高清）,电视机,品牌30,65英寸,超高清,银色,8*1*1,1,DI38H,莎拉,收货,上架
PrReA4InGr,灰色 品牌24 四号纸 打印机（喷墨）,打印机,品牌24,四号纸,喷墨,灰色,16*1*1,2,BK97F,艾米,收货,上架
CuQE12FiGr,灰色 品牌01 1200 储物柜（文件收纳）,储物柜,品牌01,1200,文件收纳,灰色,8*1*1,6,AK57D,克里斯,收货,上架
AlOv148GSi,银色 品牌13 14英寸 一体机（8吉字节内存）,一体机,品牌13,14英寸,8吉字节内存,银色,16*1*1,5,CM30F,莎拉,收货,上架
AlOv15i5Gr,灰色 品牌13 15英寸 一体机（第5代处理器）,一体机,品牌13,15英寸,第5代处理器,灰色,16*1*1,6,DI35F,大卫,收货,上架
TVEs50S4Bl,黑色 品牌32 50英寸 电视机（超级超高清）,电视机,品牌32,50英寸,超级超高清,黑色,8*1*1,7,BP88A,亚历克斯,收货,上架
TVGL65FHGr,灰色 品牌31 65英寸 电视机（全高清）,电视机,品牌31,65英寸,全高清,灰色,8*1*1,3,CU69B,大卫,收货,上架
DrQE18DoWh,白色 品牌01 1800 抽屉柜（带门式）,抽屉柜,品牌01,1800,带门式,白色,8*1*1,5,AZ02A,简,收货,上架
TVYn50SFSi,银色 品牌15 50英寸 电视机（超级全高清）,电视机,品牌15,50英寸,超级全高清,银色,8*1*1,8,AM63C,亚历克斯,收货,上架
CaQE18SlWh,白色 品牌01 1800 文件柜（滑动式）,文件柜,品牌01,1800,滑动式,白色,8*1*1,1,BZ55D,简,收货,上架
OfOGLErBl,黑色 品牌07 大号 办公椅（人体工学）,办公椅,品牌07,大号,人体工学,黑色,16*1*1,6,DL69A,迈克,收货,上架
SPRe24SoWh,白色 品牌22 24 触控笔（可溶性）,触控笔,品牌22,24,可溶性,白色,48*10*5,2348,CF12C,迈克,收货,上架
LaYn1716Wh,白色 品牌15 17英寸 笔记本电脑（16吉字节内存）,笔记本电脑,品牌15,17英寸,16吉字节内存,白色,16*1*1,2,DX08E,约翰,收货,上架
KeHc35MeBl,黑色 品牌09 350 键盘（机械式）,键盘,品牌09,350,机械式,黑色,16*10*1,119,CS27A,简,收货,上架
NoExA4doSi,银色 品牌16 四号纸 笔记本（点阵）,笔记本,品牌16,四号纸,点阵,银色,48*10*5,1919,AI19A,大卫,收货,上架
LaYn17i5Si,银色 品牌15 17英寸 笔记本电脑（第5代处理器）,笔记本电脑,品牌15,17英寸,第5代处理器,银色,16*1*1,13,BI39D,大卫,收货,上架
TaAE18AdSi,银色 品牌05 1800 桌子（可调节）,桌子,品牌05,1800,可调节,银色,8*1*1,3,CK86A,劳拉,收货,上架
SPGi12SoGr,灰色 品牌21 12 触控笔（可溶性）,触控笔,品牌21,12,可溶性,灰色,48*10*5,418,AM11E,亚历克斯,收货,上架
CaWE18FiGr,灰色 品牌02 1800 文件柜（文件收纳）,文件柜,品牌02,1800,文件收纳,灰色,8*1*1,5,CM88C,艾米丽,收货,上架
MoRe27MeBl,黑色 品牌10 270 鼠标（机械式）,鼠标,品牌10,270,机械式,黑色,16*10*1,160,AF11F,亚历克斯,收货,上架
DrTE18FiBl,黑色 品牌04 1800 抽屉柜（文件收纳）,抽屉柜,品牌04,1800,文件收纳,黑色,8*1*1,5,CU67B,约翰,收货,上架
GaSELAdWh,白色 品牌08 大号 游戏椅（可调节）,游戏椅,品牌08,大号,可调节,白色,16*1*1,10,BX63G,莎拉,收货,上架
NoExA5doGr,灰色 品牌16 五号纸 笔记本（点阵）,笔记本,品牌16,五号纸,点阵,灰色,48*10*5,796,AL12H,克里斯,收货,上架
SPGi50HeBl,黑色 品牌21 50 触控笔（六角形）,触控笔,品牌21,50,六角形,黑色,48*10*5,2380,AM33E,大卫,收货,上架
LaRe178GGr,灰色 品牌14 17英寸 笔记本电脑（8吉字节内存）,笔记本电脑,品牌14,17英寸,8吉字节内存,灰色,16*1*1,14,DS33G,克里斯,收货,上架
KeHc35MeNa,藏青色 品牌09 350 键盘（机械式）,键盘,品牌09,350,机械式,藏青色,16*10*1,50,BR15G,大卫,收货,上架
LaPH158GBl,黑色 品牌12 15英寸 笔记本电脑（8吉字节内存）,笔记本电脑,品牌12,15英寸,8吉字节内存,黑色,16*1*1,6,AM89A,艾米丽,收货,上架
LaRe14i7Gr,灰色 品牌14 14英寸 笔记本电脑（第7代处理器）,笔记本电脑,品牌14,14英寸,第7代处理器,灰色,16*1*1,5,DO62G,约翰,收货,上架
DrWE90LoBe,米色 品牌02 900 抽屉柜（储物锁柜）,抽屉柜,品牌02,900,储物锁柜,米色,8*1*1,6,DK10C,简,收货,上架
TVGn65FHSi,银色 品牌30 65英寸 电视机（全高清）,电视机,品牌30,65英寸,全高清,银色,8*1*1,8,CF69C,艾米丽,收货,上架
PeRe50HeBl,黑色 品牌22 50 铅笔（六角形）,铅笔,品牌22,50,六角形,黑色,48*10*5,1261,AS98G,莎拉,收货,上架
MoRe27MeNa,藏青色 品牌10 270 鼠标（机械式）,鼠标,品牌10,270,机械式,藏青色,16*10*1,54,CQ27F,亚历克斯,收货,上架
NoMuA4ruBl,黑色 品牌19 四号纸 笔记本（横线）,笔记本,品牌19,四号纸,横线,黑色,48*10*5,2344,AY01C,劳拉,收货,上架
NoMuA5ruBl,黑色 品牌19 五号纸 笔记本（横线）,笔记本,品牌19,五号纸,横线,黑色,48*10*5,2391,CU16H,亚历克斯,收货,上架
DrTE90LoGr,灰色 品牌04 900 抽屉柜（储物锁柜）,抽屉柜,品牌04,900,储物锁柜,灰色,8*1*1,3,CS95G,约翰,收货,上架
NoExA4ruWh,白色 品牌16 四号纸 笔记本（横线）,笔记本,品牌16,四号纸,横线,白色,48*10*5,461,DK44F,简,收货,上架
LaOv14i7Bl,黑色 品牌13 14英寸 笔记本电脑（第7代处理器）,笔记本电脑,品牌13,14英寸,第7代处理器,黑色,16*1*1,15,CK07G,克里斯,收货,上架
PeAl12WaGr,灰色 品牌20 12 铅笔（水彩）,铅笔,品牌20,12,水彩,灰色,48*10*5,482,DU25E,约翰,收货,上架
NoGrA5liGr,灰色 品牌18 五号纸 笔记本（线条）,笔记本,品牌18,五号纸,线条,灰色,48*10*5,872,CQ71G,迈克,收货,上架
LaPH148GSi,银色 品牌12 14英寸 笔记本电脑（8吉字节内存）,笔记本电脑,品牌12,14英寸,8吉字节内存,银色,16*1*1,7,AQ85E,大卫,收货,上架
PrNoA2LaGr,灰色 品牌26 二号纸 打印机（激光）,打印机,品牌26,二号纸,激光,灰色,16*1*1,8,AM85A,莎拉,收货,上架
LaRe15i5Wh,白色 品牌14 15英寸 笔记本电脑（第5代处理器）,笔记本电脑,品牌14,15英寸,第5代处理器,白色,16*1*1,8,BR92E,艾米,收货,上架
SPAl12HeWh,白色 品牌20 12 触控笔（六角形）,触控笔,品牌20,12,六角形,白色,48*10*5,1819,BT34G,艾米丽,收货,上架
MoRe35WiBl,黑色 品牌10 350 鼠标（有线）,鼠标,品牌10,350,有线,黑色,16*10*1,5,CT40F,艾米,收货,上架
PrNoA2InWh,白色 品牌26 二号纸 打印机（喷墨）,打印机,品牌26,二号纸,喷墨,白色,16*1*1,2,CQ22C,艾米,收货,上架
SPRe12HeGr,灰色 品牌22 12 触控笔（六角形）,触控笔,品牌22,12,六角形,灰色,48*10*5,2180,CS56E,克里斯,收货,上架
NoMuA5liSi,银色 品牌19 五号纸 笔记本（线条）,笔记本,品牌19,五号纸,线条,银色,48*10*5,583,CG61E,克里斯,收货,上架
AlPH15i7Bl,黑色 品牌12 15英寸 一体机（第7代处理器）,一体机,品牌12,15英寸,第7代处理器,黑色,16*1*1,3,CK13H,艾米丽,收货,上架
TVYn50S4Wh,白色 品牌15 50英寸 电视机（超级超高清）,电视机,品牌15,50英寸,超级超高清,白色,8*1*1,1,BZ36B,莎拉,收货,上架
SPNa24HeBl,黑色 品牌23 24 触控笔（六角形）,触控笔,品牌23,24,六角形,黑色,48*10*5,1572,BT58H,大卫,收货,上架
PeNa12SoBl,黑色 品牌23 12 铅笔（可溶性）,铅笔,品牌23,12,可溶性,黑色,48*10*5,1820,CR23G,亚历克斯,收货,上架
CuWE12SlBl,黑色 品牌02 1200 储物柜（滑动式）,储物柜,品牌02,1200,滑动式,黑色,8*1*1,4,AZ12D,克里斯,收货,上架
TaTR10AdSi,银色 品牌29 1000 桌子（可调节）,桌子,品牌29,1000,可调节,银色,8*1*1,7,BL46C,莎拉,收货,上架
CaWE90SlBl,黑色 品牌02 900 文件柜（滑动式）,文件柜,品牌02,900,滑动式,黑色,8*1*1,6,CT09F,艾米,收货,上架
AlRe14i5Gr,灰色 品牌14 14英寸 一体机（第5代处理器）,一体机,品牌14,14英寸,第5代处理器,灰色,16*1*1,13,BM17H,莎拉,收货,上架
PrPHA2WiMi,混合色 品牌12 二号纸 打印机（无线网络）,打印机,品牌12,二号纸,无线网络,混合色,16*1*1,3,CN56E,艾米,收货,上架
PrNoA4InWh,白色 品牌26 四号纸 打印机（喷墨）,打印机,品牌26,四号纸,喷墨,白色,16*1*1,7,CT86G,大卫,收货,上架
GaAEMLeBl,黑色 品牌05 中号 游戏椅（皮革）,游戏椅,品牌05,中号,皮革,黑色,16*1*1,13,CY61G,迈克,收货,上架
DrRG90LoBl,黑色 品牌03 900 抽屉柜（储物锁柜）,抽屉柜,品牌03,900,储物锁柜,黑色,8*1*1,1,BS93B,艾米丽,收货,上架
SPRe24HePi,粉色 品牌22 24 触控笔（六角形）,触控笔,品牌22,24,六角形,粉色,48*10*5,45,DN05H,迈克,收货,上架
PrSoA2WiGr,灰色 品牌25 二号纸 打印机（无线网络）,打印机,品牌25,二号纸,无线网络,灰色,16*1*1,12,AI94D,艾米,收货,上架
TVGn42SFGr,灰色 品牌30 42英寸 电视机（超级全高清）,电视机,品牌30,42英寸,超级全高清,灰色,8*1*1,2,DU98A,劳拉,收货,上架
NoGrA4doGr,灰色 品牌18 四号纸 笔记本（点阵）,笔记本,品牌18,四号纸,点阵,灰色,48*10*5,1711,BJ64E,克里斯,收货,上架
GaSESHeWh,白色 品牌08 小号 游戏椅（头枕）,游戏椅,品牌08,小号,头枕,白色,16*1*1,3,DS36E,简,收货,上架
AlYn15i7Wh,白色 品牌15 15英寸 一体机（第7代处理器）,一体机,品牌15,15英寸,第7代处理器,白色,16*1*1,11,DO18E,莎拉,收货,上架
MoPH27ErWh,白色 品牌12 270 鼠标（人体工学）,鼠标,品牌12,270,人体工学,白色,16*10*1,83,CO70H,莎拉,收货,上架
DrQE18SlGr,灰色 品牌01 1800 抽屉柜（滑动式）,抽屉柜,品牌01,1800,滑动式,灰色,8*1*1,2,BK26A,大卫,收货,上架
LaYn1532Bl,黑色 品牌15 15英寸 笔记本电脑（32吉字节内存）,笔记本电脑,品牌15,15英寸,32吉字节内存,黑色,16*1*1,10,DP18C,劳拉,收货,上架
MoSu45ErNa,藏青色 品牌11 450 鼠标（人体工学）,鼠标,品牌11,450,人体工学,藏青色,16*10*1,108,CY64A,艾米,收货,上架
PeRe12WaGr,灰色 品牌22 12 铅笔（水彩）,铅笔,品牌22,12,水彩,灰色,48*10*5,769,DU24C,艾米丽,收货,上架
GaSEMHeWh,白色 品牌08 中号 游戏椅（头枕）,游戏椅,品牌08,中号,头枕,白色,16*1*1,15,AU33B,莎拉,收货,上架
CaQE12DoWh,白色 品牌01 1200 文件柜（带门式）,文件柜,品牌01,1200,带门式,白色,8*1*1,6,BP39C,劳拉,收货,上架
PrReA3MoGr,灰色 品牌24 三号纸 打印机（黑白）,打印机,品牌24,三号纸,黑白,灰色,16*1*1,2,CI82H,简,收货,上架
DrRG12LoBe,米色 品牌03 1200 抽屉柜（储物锁柜）,抽屉柜,品牌03,1200,储物锁柜,米色,8*1*1,8,CX07F,迈克,收货,上架
TVYn50S4Gr,灰色 品牌15 50英寸 电视机（超级超高清）,电视机,品牌15,50英寸,超级超高清,灰色,8*1*1,1,AN44G,亚历克斯,收货,上架
PeNa24SoGr,灰色 品牌23 24 铅笔（可溶性）,铅笔,品牌23,24,可溶性,灰色,48*10*5,147,CF93F,简,收货,上架
KeHc27WiPi,粉色 品牌09 270 键盘（有线）,键盘,品牌09,270,有线,粉色,16*10*1,112,DP11E,艾米,收货,上架
MoHc45WiPi,粉色 品牌09 450 鼠标（有线）,鼠标,品牌09,450,有线,粉色,16*10*1,127,CQ37B,莎拉,收货,上架
CaRG12DoGr,灰色 品牌03 1200 文件柜（带门式）,文件柜,品牌03,1200,带门式,灰色,8*1*1,8,AZ66G,莎拉,收货,上架
DrTE90DoWh,白色 品牌04 900 抽屉柜（带门式）,抽屉柜,品牌04,900,带门式,白色,8*1*1,6,AU83A,迈克,收货,上架
CaWE18FiBl,黑色 品牌02 1800 文件柜（文件收纳）,文件柜,品牌02,1800,文件收纳,黑色,8*1*1,4,DN25B,亚历克斯,收货,上架
MoSu35MeBl,黑色 品牌11 350 鼠标（机械式）,鼠标,品牌11,350,机械式,黑色,16*10*1,123,DO97H,艾米丽,收货,上架
LaSu17i7Si,银色 品牌11 17英寸 笔记本电脑（第7代处理器）,笔记本电脑,品牌11,17英寸,第7代处理器,银色,16*1*1,15,AU06D,艾米丽,收货,上架
TVGn65FHBl,黑色 品牌30 65英寸 电视机（全高清）,电视机,品牌30,65英寸,全高清,黑色,8*1*1,5,CR91E,艾米,收货,上架
LaPH1732Si,银色 品牌12 17英寸 笔记本电脑（32吉字节内存）,笔记本电脑,品牌12,17英寸,32吉字节内存,银色,16*1*1,13,BN13H,迈克,收货,上架
GaOGSLeWh,白色 品牌07 小号 游戏椅（皮革）,游戏椅,品牌07,小号,皮革,白色,16*1*1,10,BS36F,克里斯,收货,上架
LaRe1716Bl,黑色 品牌14 17英寸 笔记本电脑（16吉字节内存）,笔记本电脑,品牌14,17英寸,16吉字节内存,黑色,16*1*1,16,CV86G,克里斯,收货,上架
OfXEMAdPi,粉色 品牌06 中号 办公椅（可调节）,办公椅,品牌06,中号,可调节,粉色,16*1*1,4,CX89C,克里斯,收货,上架
TVGn424KSi,银色 品牌30 42英寸 电视机（超高清）,电视机,品牌30,42英寸,超高清,银色,8*1*1,7,DK29F,艾米丽,收货,上架
NoExA4doGr,灰色 品牌16 四号纸 笔记本（点阵）,笔记本,品牌16,四号纸,点阵,灰色,48*10*5,1137,BO98B,迈克,收货,上架
AlOv1532Gr,灰色 品牌13 15英寸 一体机（32吉字节内存）,一体机,品牌13,15英寸,32吉字节内存,灰色,16*1*1,16,BN36D,迈克,收货,上架
PrPHA3LaGr,灰色 品牌12 三号纸 打印机（激光）,打印机,品牌12,三号纸,激光,灰色,16*1*1,12,DH43H,莎拉,收货,上架
KeRe27BlBl,黑色 品牌10 270 键盘（蓝牙）,键盘,品牌10,270,蓝牙,黑色,16*10*1,60,CO40E,劳拉,收货,上架
TVGL50SFGr,灰色 品牌31 50英寸 电视机（超级全高清）,电视机,品牌31,50英寸,超级全高清,灰色,8*1*1,2,BL26E,约翰,收货,上架
SPGi50HeWh,白色 品牌21 50 触控笔（六角形）,触控笔,品牌21,50,六角形,白色,48*10*5,685,DN95E,克里斯,收货,上架
DrTE12DoBe,米色 品牌04 1200 抽屉柜（带门式）,抽屉柜,品牌04,1200,带门式,米色,8*1*1,3,DU28C,大卫,收货,上架
KeHc27MeNa,藏青色 品牌09 270 键盘（机械式）,键盘,品牌09,270,机械式,藏青色,16*10*1,13,AS11A,艾米丽,收货,上架
TVYn32S4Bl,黑色 品牌15 32英寸 电视机（超级超高清）,电视机,品牌15,32英寸,超级超高清,黑色,8*1*1,8,AG81F,劳拉,收货,上架
PeNa12HeBl,黑色 品牌23 12 铅笔（六角形）,铅笔,品牌23,12,六角形,黑色,48*10*5,1882,BP54G,劳拉,收货,上架
LaRe158GSi,银色 品牌14 15英寸 笔记本电脑（8吉字节内存）,笔记本电脑,品牌14,15英寸,8吉字节内存,银色,16*1*1,5,BV66H,克里斯,收货,上架
PeNa12SoGr,灰色 品牌23 12 铅笔（可溶性）,铅笔,品牌23,12,可溶性,灰色,48*10*5,1830,BJ80D,迈克,收货,上架
PeNa50HeBl,黑色 品牌23 50 铅笔（六角形）,铅笔,品牌23,50,六角形,黑色,48*10*5,1972,DH58G,艾米丽,收货,上架
GaXEMErBl,黑色 品牌06 中号 游戏椅（人体工学）,游戏椅,品牌06,中号,人体工学,黑色,16*1*1,7,BI57H,艾米丽,收货,上架
MoHc27ErNa,藏青色 品牌09 270 鼠标（人体工学）,鼠标,品牌09,270,人体工学,藏青色,16*10*1,1,CZ08F,简,收货,上架
KeSu35BlWh,白色 品牌11 350 键盘（蓝牙）,键盘,品牌11,350,蓝牙,白色,16*10*1,124,CW31G,劳拉,收货,上架
KeSu45MePi,粉色 品牌11 450 键盘（机械式）,键盘,品牌11,450,机械式,粉色,16*10*1,83,DT31B,约翰,收货,上架
AlOv17i7Si,银色 品牌13 17英寸 一体机（第7代处理器）,一体机,品牌13,17英寸,第7代处理器,银色,16*1*1,15,DK78G,劳拉,收货,上架
LaYn17i5Gr,灰色 品牌15 17英寸 笔记本电脑（第5代处理器）,笔记本电脑,品牌15,17英寸,第5代处理器,灰色,16*1*1,12,DW08B,莎拉,收货,上架
LaYn14i7Bl,黑色 品牌15 14英寸 笔记本电脑（第7代处理器）,笔记本电脑,品牌15,14英寸,第7代处理器,黑色,16*1*1,2,BV11G,迈克,收货,上架
OfAELAdPi,粉色 品牌05 大号 办公椅（可调节）,办公椅,品牌05,大号,可调节,粉色,16*1*1,15,DL81B,简,收货,上架
SPRe50SoGr,灰色 品牌22 50 触控笔（可溶性）,触控笔,品牌22,50,可溶性,灰色,48*10*5,341,BX73H,劳拉,收货,上架
MoPH27MeWh,白色 品牌12 270 鼠标（机械式）,鼠标,品牌12,270,机械式,白色,16*10*1,34,CL06G,艾米,收货,上架
MoSu35WiPi,粉色 品牌11 350 鼠标（有线）,鼠标,品牌11,350,有线,粉色,16*10*1,139,BQ73F,艾米,收货,上架
AlPH1432Gr,灰色 品牌12 14英寸 一体机（32吉字节内存）,一体机,品牌12,14英寸,32吉字节内存,灰色,16*1*1,10,DG54F,迈克,收货,上架
LaYn178GGr,灰色 品牌15 17英寸 笔记本电脑（8吉字节内存）,笔记本电脑,品牌15,17英寸,8吉字节内存,灰色,16*1*1,10,CQ48E,艾米,收货,上架
DrWE12DoWh,白色 品牌02 1200 抽屉柜（带门式）,抽屉柜,品牌02,1200,带门式,白色,8*1*1,8,BW24B,简,收货,上架
MoHc45WiPi,粉色 品牌09 450 鼠标（有线）,鼠标,品牌09,450,有线,粉色,16*10*1,40,BK53G,劳拉,收货,上架
AlYn178GBl,黑色 品牌15 17英寸 一体机（8吉字节内存）,一体机,品牌15,17英寸,8吉字节内存,黑色,16*1*1,11,DO30F,莎拉,收货,上架
OfXEMAdGr,灰色 品牌06 中号 办公椅（可调节）,办公椅,品牌06,中号,可调节,灰色,16*1*1,6,BR76A,简,收货,上架
TVGn32S4Si,银色 品牌30 32英寸 电视机（超级超高清）,电视机,品牌30,32英寸,超级超高清,银色,8*1*1,6,CR28A,艾米,收货,上架
KeHc35MeNa,藏青色 品牌09 350 键盘（机械式）,键盘,品牌09,350,机械式,藏青色,16*10*1,129,CX61A,艾米,收货,上架
MoPH27WiWh,白色 品牌12 270 鼠标（有线）,鼠标,品牌12,270,有线,白色,16*10*1,137,DP45C,简,收货,上架
MoRe45MeNa,藏青色 品牌10 450 鼠标（机械式）,鼠标,品牌10,450,机械式,藏青色,16*10*1,131,CW37E,克里斯,收货,上架
AlPH1732Wh,白色 品牌12 17英寸 一体机（32吉字节内存）,一体机,品牌12,17英寸,32吉字节内存,白色,16*1*1,14,CX07H,简,收货,上架
GaSEMAdGr,灰色 品牌08 中号 游戏椅（可调节）,游戏椅,品牌08,中号,可调节,灰色,16*1*1,4,DY96F,约翰,收货,上架
KeRe45ErPi,粉色 品牌10 450 键盘（人体工学）,键盘,品牌10,450,人体工学,粉色,16*10*1,112,DZ92B,艾米,收货,上架
MoSu35ErNa,藏青色 品牌11 350 鼠标（人体工学）,鼠标,品牌11,350,人体工学,藏青色,16*10*1,132,CJ22D,大卫,收货,上架
AlSu1732Gr,灰色 品牌11 17英寸 一体机（32吉字节内存）,一体机,品牌11,17英寸,32吉字节内存,灰色,16*1*1,3,DL74G,亚历克斯,收货,上架
OfSELAdGr,灰色 品牌08 大号 办公椅（可调节）,办公椅,品牌08,大号,可调节,灰色,16*1*1,9,DR22E,约翰,收货,上架
CaRG12DoGr,灰色 品牌03 1200 文件柜（带门式）,文件柜,品牌03,1200,带门式,灰色,8*1*1,5,BI02D,大卫,收货,上架
DrWE12SlBl,黑色 品牌02 1200 抽屉柜（滑动式）,抽屉柜,品牌02,1200,滑动式,黑色,8*1*1,4,DO92B,亚历克斯,收货,上架
PeAl12SoGr,灰色 品牌20 12 铅笔（可溶性）,铅笔,品牌20,12,可溶性,灰色,48*10*5,720,BR85F,迈克,收货,上架
OfSELLeGr,灰色 品牌08 大号 办公椅（皮革）,办公椅,品牌08,大号,皮革,灰色,16*1*1,13,AK43D,迈克,收货,上架
AlYn17i7Si,银色 品牌15 17英寸 一体机（第7代处理器）,一体机,品牌15,17英寸,第7代处理器,银色,16*1*1,9,BW31E,克里斯,收货,上架
DrWE90LoGr,灰色 品牌02 900 抽屉柜（储物锁柜）,抽屉柜,品牌02,900,储物锁柜,灰色,8*1*1,7,DH07C,艾米,收货,上架
SPNa12WaWh,白色 品牌23 12 触控笔（水彩）,触控笔,品牌23,12,水彩,白色,48*10*5,1043,DK96H,迈克,收货,上架
NoExA5liGr,灰色 品牌16 五号纸 笔记本（线条）,笔记本,品牌16,五号纸,线条,灰色,48*10*5,637,BP30A,约翰,收货,上架
TVEs324KSi,银色 品牌32 32英寸 电视机（超高清）,电视机,品牌32,32英寸,超高清,银色,8*1*1,8,BL44B,迈克,收货,上架
TVEs75FHWh,白色 品牌32 75英寸 电视机（全高清）,电视机,品牌32,75英寸,全高清,白色,8*1*1,3,DX58G,大卫,收货,上架
TVEs65S4Gr,灰色 品牌32 65英寸 电视机（超级超高清）,电视机,品牌32,65英寸,超级超高清,灰色,8*1*1,8,BW86C,亚历克斯,收货,上架
MoRe45BlNa,藏青色 品牌10 450 鼠标（蓝牙）,鼠标,品牌10,450,蓝牙,藏青色,16*10*1,55,BJ42G,亚历克斯,收货,上架
MoSu27BlBl,黑色 品牌11 270 鼠标（蓝牙）,鼠标,品牌11,270,蓝牙,黑色,16*10*1,56,DP13A,大卫,收货,上架
PeRe50HeBl,黑色 品牌22 50 铅笔（六角形）,铅笔,品牌22,50,六角形,黑色,48*10*5,2084,CY49D,迈克,收货,上架
KeHc45MeWh,白色 品牌09 450 键盘（机械式）,键盘,品牌09,450,机械式,白色,16*10*1,3,BV28H,大卫,收货,上架
MoPH35WiBl,黑色 品牌12 350 鼠标（有线）,鼠标,品牌12,350,有线,黑色,16*10*1,120,AJ07C,劳拉,收货,上架
MoPH35WiPi,粉色 品牌12 350 鼠标（有线）,鼠标,品牌12,350,有线,粉色,16*10*1,132,CJ15A,简,收货,上架
PeAl12HeBl,黑色 品牌20 12 铅笔（六角形）,铅笔,品牌20,12,六角形,黑色,48*10*5,2204,CR89F,劳拉,收货,上架
AlRe1516Si,银色 品牌14 15英寸 一体机（16吉字节内存）,一体机,品牌14,15英寸,16吉字节内存,银色,16*1*1,10,AH01E,大卫,收货,上架
GaOGSLePi,粉色 品牌07 小号 游戏椅（皮革）,游戏椅,品牌07,小号,皮革,粉色,16*1*1,1,AK62H,艾米,收货,上架
PrNoA3WiGr,灰色 品牌26 三号纸 打印机（无线网络）,打印机,品牌26,三号纸,无线网络,灰色,16*1*1,3,AJ38B,莎拉,收货,上架
PrReA4LaBl,黑色 品牌24 四号纸 打印机（激光）,打印机,品牌24,四号纸,激光,黑色,16*1*1,5,AP57D,克里斯,收货,上架
TaTR15WoWh,白色 品牌28 1500 桌子（工作站）,桌子,品牌28,1500,工作站,白色,8*1*1,1,DZ17H,克里斯,收货,上架
SPAl24HeWh,白色 品牌20 24 触控笔（六角形）,触控笔,品牌20,24,六角形,白色,48*10*5,2334,DX44E,大卫,收货,上架
LaRe148GWh,白色 品牌14 14英寸 笔记本电脑（8吉字节内存）,笔记本电脑,品牌14,14英寸,8吉字节内存,白色,16*1*1,11,AS24A,莎拉,收货,上架
DrWE90SlGr,灰色 品牌02 900 抽屉柜（滑动式）,抽屉柜,品牌02,900,滑动式,灰色,8*1*1,4,CM10E,艾米丽,收货,上架
NoMuA5ruWh,白色 品牌19 五号纸 笔记本（横线）,笔记本,品牌19,五号纸,横线,白色,48*10*5,1676,AI86A,劳拉,收货,上架
TaCI15AuBl,黑色 品牌27 1500 桌子（自动调节）,桌子,品牌27,1500,自动调节,黑色,8*1*1,1,DG90B,莎拉,收货,上架
NoExA3liSi,银色 品牌16 三号纸 笔记本（线条）,笔记本,品牌16,三号纸,线条,银色,48*10*5,2141,CQ51A,简,收货,上架
TVYn42S4Bl,黑色 品牌15 42英寸 电视机（超级超高清）,电视机,品牌15,42英寸,超级超高清,黑色,8*1*1,5,BU96D,迈克,收货,上架
TVGn75S4Bl,黑色 品牌30 75英寸 电视机（超级超高清）,电视机,品牌30,75英寸,超级超高清,黑色,8*1*1,3,CK10A,艾米丽,收货,上架
GaAELErBl,黑色 品牌05 大号 游戏椅（人体工学）,游戏椅,品牌05,大号,人体工学,黑色,16*1*1,3,DT94B,亚历克斯,收货,上架
DrWE12DoGr,灰色 品牌02 1200 抽屉柜（带门式）,抽屉柜,品牌02,1200,带门式,灰色,8*1*1,1,DM04A,艾米,收货,上架
TaAE10FrWh,白色 品牌05 1000 桌子（框架式）,桌子,品牌05,1000,框架式,白色,8*1*1,2,BL08B,劳拉,收货,上架
LaRe1732Wh,白色 品牌14 17英寸 笔记本电脑（32吉字节内存）,笔记本电脑,品牌14,17英寸,32吉字节内存,白色,16*1*1,6,AF95F,大卫,收货,上架
CuTE90SlGr,灰色 品牌04 900 储物柜（滑动式）,储物柜,品牌04,900,滑动式,灰色,8*1*1,5,BR45G,艾米,收货,上架
LaYn1532Bl,黑色 品牌15 15英寸 笔记本电脑（32吉字节内存）,笔记本电脑,品牌15,15英寸,32吉字节内存,黑色,16*1*1,15,CO12E,劳拉,收货,上架
KePH45ErWh,白色 品牌12 450 键盘（人体工学）,键盘,品牌12,450,人体工学,白色,16*10*1,86,DJ76C,劳拉,收货,上架
LaYn1716Wh,白色 品牌15 17英寸 笔记本电脑（16吉字节内存）,笔记本电脑,品牌15,17英寸,16吉字节内存,白色,16*1*1,4,DQ04A,简,收货,上架
PrSoA4InMi,混合色 品牌25 四号纸 打印机（喷墨）,打印机,品牌25,四号纸,喷墨,混合色,16*1*1,4,BY59F,大卫,收货,上架
TVGL75SFSi,银色 品牌31 75英寸 电视机（超级全高清）,电视机,品牌31,75英寸,超级全高清,银色,8*1*1,7,BK14C,亚历克斯,收货,上架
OfAEMAdWh,白色 品牌05 中号 办公椅（可调节）,办公椅,品牌05,中号,可调节,白色,16*1*1,14,DF39A,艾米丽,收货,上架
OfXEMAdPi,粉色 品牌06 中号 办公椅（可调节）,办公椅,品牌06,中号,可调节,粉色,16*1*1,9,CF12C,莎拉,收货,上架
GaAELLeWh,白色 品牌05 大号 游戏椅（皮革）,游戏椅,品牌05,大号,皮革,白色,16*1*1,16,CM27E,劳拉,收货,上架
KeRe27ErWh,白色 品牌10 270 键盘（人体工学）,键盘,品牌10,270,人体工学,白色,16*10*1,54,CZ71G,大卫,收货,上架
KeRe35BlBl,黑色 品牌10 350 键盘（蓝牙）,键盘,品牌10,350,蓝牙,黑色,16*10*1,80,DN88E,劳拉,收货,上架
PeAl12SoBl,黑色 品牌20 12 铅笔（可溶性）,铅笔,品牌20,12,可溶性,黑色,48*10*5,435,DI50H,约翰,收货,上架
KePH45BlBl,黑色 品牌12 450 键盘（蓝牙）,键盘,品牌12,450,蓝牙,黑色,16*10*1,34,CH41E,莎拉,收货,上架
SPAl12HeWh,白色 品牌20 12 触控笔（六角形）,触控笔,品牌20,12,六角形,白色,48*10*5,1278,BW73F,简,收货,上架
CuRG90LoWh,白色 品牌03 900 储物柜（储物锁柜）,储物柜,品牌03,900,储物锁柜,白色,8*1*1,7,CH58G,大卫,收货,上架
DrQE12DoBe,米色 品牌01 1200 抽屉柜（带门式）,抽屉柜,品牌01,1200,带门式,米色,8*1*1,4,DL91A,莎拉,收货,上架
AlOv1732Si,银色 品牌13 17英寸 一体机（32吉字节内存）,一体机,品牌13,17英寸,32吉字节内存,银色,16*1*1,10,CG37D,劳拉,收货,上架
AlPH148GGr,灰色 品牌12 14英寸 一体机（8吉字节内存）,一体机,品牌12,14英寸,8吉字节内存,灰色,16*1*1,3,AP23F,劳拉,收货,上架
NoScA5ruBl,黑色 品牌17 五号纸 笔记本（横线）,笔记本,品牌17,五号纸,横线,黑色,48*10*5,2355,DK73F,克里斯,收货,上架
PrSoA4InBl,黑色 品牌25 四号纸 打印机（喷墨）,打印机,品牌25,四号纸,喷墨,黑色,16*1*1,3,CY11F,克里斯,收货,上架
MoHc45ErPi,粉色 品牌09 450 鼠标（人体工学）,鼠标,品牌09,450,人体工学,粉色,16*10*1,56,DU98D,艾米,收货,上架
CuRG90DoGr,灰色 品牌03 900 储物柜（带门式）,储物柜,品牌03,900,带门式,灰色,8*1*1,4,AZ37C,劳拉,收货,上架
DrQE12FiBe,米色 品牌01 1200 抽屉柜（文件收纳）,抽屉柜,品牌01,1200,文件收纳,米色,8*1*1,7,BP25G,亚历克斯,收货,上架
OfSEMHeBl,黑色 品牌08 中号 办公椅（头枕）,办公椅,品牌08,中号,头枕,黑色,16*1*1,14,DK16F,克里斯,收货,上架
SPAl50SoPi,粉色 品牌20 50 触控笔（可溶性）,触控笔,品牌20,50,可溶性,粉色,48*10*5,311,BH10B,大卫,收货,上架
DrTE90SlBl,黑色 品牌04 900 抽屉柜（滑动式）,抽屉柜,品牌04,900,滑动式,黑色,8*1*1,4,BL50H,约翰,收货,上架
CuRG12DoGr,灰色 品牌03 1200 储物柜（带门式）,储物柜,品牌03,1200,带门式,灰色,8*1*1,6,CN86B,劳拉,收货,上架
AlPH178GWh,白色 品牌12 17英寸 一体机（8吉字节内存）,一体机,品牌12,17英寸,8吉字节内存,白色,16*1*1,5,DP88C,大卫,收货,上架
CaWE12FiGr,灰色 品牌02 1200 文件柜（文件收纳）,文件柜,品牌02,1200,文件收纳,灰色,8*1*1,6,DS86B,艾米丽,收货,上架
TVGL42FHSi,银色 品牌31 42英寸 电视机（全高清）,电视机,品牌31,42英寸,全高清,银色,8*1*1,7,CF17F,大卫,收货,上架
CuQE18SlWh,白色 品牌01 1800 储物柜（滑动式）,储物柜,品牌01,1800,滑动式,白色,8*1*1,4,AT19F,迈克,收货,上架
PrSoA4MoGr,灰色 品牌25 四号纸 打印机（黑白）,打印机,品牌25,四号纸,黑白,灰色,16*1*1,16,CV85E,莎拉,收货,上架
KeRe45MeBl,黑色 品牌10 450 键盘（机械式）,键盘,品牌10,450,机械式,黑色,16*10*1,12,CL33A,大卫,收货,上架
PrNoA2AlMi,混合色 品牌26 二号纸 打印机（一体式）,打印机,品牌26,二号纸,一体式,混合色,16*1*1,3,CL67B,迈克,收货,上架
AlPH1716Si,银色 品牌12 17英寸 一体机（16吉字节内存）,一体机,品牌12,17英寸,16吉字节内存,银色,16*1*1,9,CF91B,克里斯,收货,上架
DrWE18FiGr,灰色 品牌02 1800 抽屉柜（文件收纳）,抽屉柜,品牌02,1800,文件收纳,灰色,8*1*1,5,AG14H,简,收货,上架
LaSu1516Bl,黑色 品牌11 15英寸 笔记本电脑（16吉字节内存）,笔记本电脑,品牌11,15英寸,16吉字节内存,黑色,16*1*1,2,CW73D,约翰,收货,上架
MoSu27ErNa,藏青色 品牌11 270 鼠标（人体工学）,鼠标,品牌11,270,人体工学,藏青色,16*10*1,10,AU82F,迈克,收货,上架
MoHc45WiNa,藏青色 品牌09 450 鼠标（有线）,鼠标,品牌09,450,有线,藏青色,16*10*1,81,DG74F,亚历克斯,收货,上架
NoGrA4doWh,白色 品牌18 四号纸 笔记本（点阵）,笔记本,品牌18,四号纸,点阵,白色,48*10*5,2091,BR68D,艾米丽,收货,上架
KeSu27WiNa,藏青色 品牌11 270 键盘（有线）,键盘,品牌11,270,有线,藏青色,16*10*1,16,BY88E,约翰,收货,上架
LaYn14i5Si,银色 品牌15 14英寸 笔记本电脑（第5代处理器）,笔记本电脑,品牌15,14英寸,第5代处理器,银色,16*1*1,14,AJ15H,亚历克斯,收货,上架
CaWE12FiGr,灰色 品牌02 1200 文件柜（文件收纳）,文件柜,品牌02,1200,文件收纳,灰色,8*1*1,8,CY03H,亚历克斯,收货,上架
PrReA2LaGr,灰色 品牌24 二号纸 打印机（激光）,打印机,品牌24,二号纸,激光,灰色,16*1*1,11,DR65E,劳拉,收货,上架
MoRe27WiNa,藏青色 品牌10 270 鼠标（有线）,鼠标,品牌10,270,有线,藏青色,16*10*1,80,CF75A,亚历克斯,收货,上架
SPNa24HeGr,灰色 品牌23 24 触控笔（六角形）,触控笔,品牌23,24,六角形,灰色,48*10*5,1618,BK61A,简,收货,上架
PrReA2AlBl,黑色 品牌24 二号纸 打印机（一体式）,打印机,品牌24,二号纸,一体式,黑色,16*1*1,16,DL51B,莎拉,收货,上架
AlPH14i5Gr,灰色 品牌12 14英寸 一体机（第5代处理器）,一体机,品牌12,14英寸,第5代处理器,灰色,16*1*1,7,AP79C,艾米,收货,上架
CaTE90DoGr,灰色 品牌04 900 文件柜（带门式）,文件柜,品牌04,900,带门式,灰色,8*1*1,4,DR65A,约翰,收货,上架
GaAESHeWh,白色 品牌05 小号 游戏椅（头枕）,游戏椅,品牌05,小号,头枕,白色,16*1*1,3,CM20B,迈克,收货,上架
NoGrA4liGr,灰色 品牌18 四号纸 笔记本（线条）,笔记本,品牌18,四号纸,线条,灰色,48*10*5,931,AL57H,亚历克斯,收货,上架
NoGrA4liGr,灰色 品牌18 四号纸 笔记本（线条）,笔记本,品牌18,四号纸,线条,灰色,48*10*5,391,AU37F,约翰,收货,上架
OfSEMErPi,粉色 品牌08 中号 办公椅（人体工学）,办公椅,品牌08,中号,人体工学,粉色,16*1*1,10,BW28B,亚历克斯,收货,上架
MoPH45MePi,粉色 品牌12 450 鼠标（机械式）,鼠标,品牌12,450,机械式,粉色,16*10*1,91,DG36G,艾米丽,收货,上架
CuTE18SlBl,黑色 品牌04 1800 储物柜（滑动式）,储物柜,品牌04,1800,滑动式,黑色,8*1*1,2,BZ13D,约翰,收货,上架
DrQE18LoWh,白色 品牌01 1800 抽屉柜（储物锁柜）,抽屉柜,品牌01,1800,储物锁柜,白色,8*1*1,4,DM88H,莎拉,收货,上架
PrSoA2WiMi,混合色 品牌25 二号纸 打印机（无线网络）,打印机,品牌25,二号纸,无线网络,混合色,16*1*1,6,BK10A,迈克,收货,上架
PrReA3MoWh,白色 品牌24 三号纸 打印机（黑白）,打印机,品牌24,三号纸,黑白,白色,16*1*1,12,BI40G,克里斯,收货,上架
GaXELLePi,粉色 品牌06 大号 游戏椅（皮革）,游戏椅,品牌06,大号,皮革,粉色,16*1*1,6,DG37H,艾米丽,收货,上架
TVGL50FHSi,银色 品牌31 50英寸 电视机（全高清）,电视机,品牌31,50英寸,全高清,银色,8*1*1,6,CL85C,劳拉,收货,上架
TaCI15FrGr,灰色 品牌27 1500 桌子（框架式）,桌子,品牌27,1500,框架式,灰色,8*1*1,6,AG19D,克里斯,收货,上架
CuTE90DoBe,米色 品牌04 900 储物柜（带门式）,储物柜,品牌04,900,带门式,米色,8*1*1,1,CR94A,克里斯,收货,上架
KePH45BlWh,白色 品牌12 450 键盘（蓝牙）,键盘,品牌12,450,蓝牙,白色,16*10*1,133,DZ23A,劳拉,收货,上架
KeHc45MeBl,黑色 品牌09 450 键盘（机械式）,键盘,品牌09,450,机械式,黑色,16*10*1,84,AZ28B,约翰,收货,上架
CuQE18SlWh,白色 品牌01 1800 储物柜（滑动式）,储物柜,品牌01,1800,滑动式,白色,8*1*1,4,CV54A,约翰,收货,上架
LaYn148GBl,黑色 品牌15 14英寸 笔记本电脑（8吉字节内存）,笔记本电脑,品牌15,14英寸,8吉字节内存,黑色,16*1*1,5,BI47H,劳拉,收货,上架
TVGL32S4Bl,黑色 品牌31 32英寸 电视机（超级超高清）,电视机,品牌31,32英寸,超级超高清,黑色,8*1*1,1,DU13D,劳拉,收货,上架
AlYn14i7Si,银色 品牌15 14英寸 一体机（第7代处理器）,一体机,品牌15,14英寸,第7代处理器,银色,16*1*1,3,BJ72E,劳拉,收货,上架
PrSoA2LaGr,灰色 品牌25 二号纸 打印机（激光）,打印机,品牌25,二号纸,激光,灰色,16*1*1,11,CS94F,简,收货,上架
TVEs32SFGr,灰色 品牌32 32英寸 电视机（超级全高清）,电视机,品牌32,32英寸,超级全高清,灰色,8*1*1,3,CM11E,莎拉,收货,上架
TVGn32SFGr,灰色 品牌30 32英寸 电视机（超级全高清）,电视机,品牌30,32英寸,超级全高清,灰色,8*1*1,7,BO64B,艾米丽,收货,上架
CuTE18LoGr,灰色 品牌04 1800 储物柜（储物锁柜）,储物柜,品牌04,1800,储物锁柜,灰色,8*1*1,3,AI04B,亚历克斯,收货,上架
TVGL65S4Wh,白色 品牌31 65英寸 电视机（超级超高清）,电视机,品牌31,65英寸,超级超高清,白色,8*1*1,4,BZ19G,简,收货,上架
PrSoA3MoWh,白色 品牌25 三号纸 打印机（黑白）,打印机,品牌25,三号纸,黑白,白色,16*1*1,10,CQ86A,艾米丽,收货,上架
CaWE12FiWh,白色 品牌02 1200 文件柜（文件收纳）,文件柜,品牌02,1200,文件收纳,白色,8*1*1,6,AO02E,约翰,收货,上架
CaTE90FiWh,白色 品牌04 900 文件柜（文件收纳）,文件柜,品牌04,900,文件收纳,白色,8*1*1,2,DX98B,大卫,收货,上架
TaTR18FrBl,黑色 品牌29 1800 桌子（框架式）,桌子,品牌29,1800,框架式,黑色,8*1*1,2,BF97A,约翰,收货,上架
LaYn17i5Bl,黑色 品牌15 17英寸 笔记本电脑（第5代处理器）,笔记本电脑,品牌15,17英寸,第5代处理器,黑色,16*1*1,14,CP37A,克里斯,收货,上架
LaOv14i7Si,银色 品牌13 14英寸 笔记本电脑（第7代处理器）,笔记本电脑,品牌13,14英寸,第7代处理器,银色,16*1*1,5,CQ08E,艾米,收货,上架
MoPH35MeBl,黑色 品牌12 350 鼠标（机械式）,鼠标,品牌12,350,机械式,黑色,16*10*1,47,DP85F,莎拉,收货,上架
AlPH158GGr,灰色 品牌12 15英寸 一体机（8吉字节内存）,一体机,品牌12,15英寸,8吉字节内存,灰色,16*1*1,14,DV84C,迈克,收货,上架
TVEs50S4Wh,白色 品牌32 50英寸 电视机（超级超高清）,电视机,品牌32,50英寸,超级超高清,白色,8*1*1,8,BS55G,简,收货,上架
AlSu158GGr,灰色 品牌11 15英寸 一体机（8吉字节内存）,一体机,品牌11,15英寸,8吉字节内存,灰色,16*1*1,9,BS73E,劳拉,收货,上架
TVGn424KBl,黑色 品牌30 42英寸 电视机（超高清）,电视机,品牌30,42英寸,超高清,黑色,8*1*1,3,BQ19G,劳拉,收货,上架
PeAl12SoPi,粉色 品牌20 12 铅笔（可溶性）,铅笔,品牌20,12,可溶性,粉色,48*10*5,2116,BL23B,简,收货,上架
GaSELAdPi,粉色 品牌08 大号 游戏椅（可调节）,游戏椅,品牌08,大号,可调节,粉色,16*1*1,12,CK26F,大卫,收货,上架
KePH45WiNa,藏青色 品牌12 450 键盘（有线）,键盘,品牌12,450,有线,藏青色,16*10*1,16,CZ07F,亚历克斯,收货,上架
CuQE12FiBe,米色 品牌01 1200 储物柜（文件收纳）,储物柜,品牌01,1200,文件收纳,米色,8*1*1,6,BG66D,艾米丽,收货,上架
LaYn17i5Bl,黑色 品牌15 17英寸 笔记本电脑（第5代处理器）,笔记本电脑,品牌15,17英寸,第5代处理器,黑色,16*1*1,10,BU50A,亚历克斯,收货,上架
KeSu35ErPi,粉色 品牌11 350 键盘（人体工学）,键盘,品牌11,350,人体工学,粉色,16*10*1,43,CL78A,简,收货,上架
AlSu14i7Si,银色 品牌11 14英寸 一体机（第7代处理器）,一体机,品牌11,14英寸,第7代处理器,银色,16*1*1,15,DY52H,大卫,收货,上架
SPNa12SoWh,白色 品牌23 12 触控笔（可溶性）,触控笔,品牌23,12,可溶性,白色,48*10*5,1025,CF23G,劳拉,收货,上架
LaOv1716Si,银色 品牌13 17英寸 笔记本电脑（16吉字节内存）,笔记本电脑,品牌13,17英寸,16吉字节内存,银色,16*1*1,2,BX65A,艾米丽,收货,上架
MoPH45ErWh,白色 品牌12 450 鼠标（人体工学）,鼠标,品牌12,450,人体工学,白色,16*10*1,60,CO40D,亚历克斯,收货,上架
CuQE90DoBl,黑色 品牌01 900 储物柜（带门式）,储物柜,品牌01,900,带门式,黑色,8*1*1,7,BF37B,艾米丽,收货,上架
LaSu1432Wh,白色 品牌11 14英寸 笔记本电脑（32吉字节内存）,笔记本电脑,品牌11,14英寸,32吉字节内存,白色,16*1*1,3,BS77A,艾米丽,收货,上架
DrQE18SlBl,黑色 品牌01 1800 抽屉柜（滑动式）,抽屉柜,品牌01,1800,滑动式,黑色,8*1*1,5,AW79C,约翰,收货,上架
LaYn17i5Bl,黑色 品牌15 17英寸 笔记本电脑（第5代处理器）,笔记本电脑,品牌15,17英寸,第5代处理器,黑色,16*1*1,5,BZ70A,莎拉,收货,上架
GaSELAdWh,白色 品牌08 大号 游戏椅（可调节）,游戏椅,品牌08,大号,可调节,白色,16*1*1,13,CP60D,莎拉,收货,上架
PrSoA3AlMi,混合色 品牌25 三号纸 打印机（一体式）,打印机,品牌25,三号纸,一体式,混合色,16*1*1,2,BF69E,简,收货,上架
AlYn1732Gr,灰色 品牌15 17英寸 一体机（32吉字节内存）,一体机,品牌15,17英寸,32吉字节内存,灰色,16*1*1,1,AL62F,克里斯,收货,上架
KeHc27ErWh,白色 品牌09 270 键盘（人体工学）,键盘,品牌09,270,人体工学,白色,16*10*1,44,CV60A,大卫,收货,上架
MoHc27ErPi,粉色 品牌09 270 鼠标（人体工学）,鼠标,品牌09,270,人体工学,粉色,16*10*1,82,CI78C,约翰,收货,上架
KePH27ErNa,藏青色 品牌12 270 键盘（人体工学）,键盘,品牌12,270,人体工学,藏青色,16*10*1,105,CK81A,艾米丽,收货,上架
NoScA4doSi,银色 品牌17 四号纸 笔记本（点阵）,笔记本,品牌17,四号纸,点阵,银色,48*10*5,379,DW32C,克里斯,收货,上架
GaAELAdBl,黑色 品牌05 大号 游戏椅（可调节）,游戏椅,品牌05,大号,可调节,黑色,16*1*1,3,CV85E,艾米,收货,上架
TVEs424KSi,银色 品牌32 42英寸 电视机（超高清）,电视机,品牌32,42英寸,超高清,银色,8*1*1,2,AP05F,莎拉,收货,上架
CaRG18LoGr,灰色 品牌03 1800 文件柜（储物锁柜）,文件柜,品牌03,1800,储物锁柜,灰色,8*1*1,1,CQ95F,约翰,收货,上架
GaAEMHePi,粉色 品牌05 中号 游戏椅（头枕）,游戏椅,品牌05,中号,头枕,粉色,16*1*1,12,DQ55G,艾米丽,收货,上架
OfOGLHePi,粉色 品牌07 大号 办公椅（头枕）,办公椅,品牌07,大号,头枕,粉色,16*1*1,4,CK46E,克里斯,收货,上架
GaAESLeBl,黑色 品牌05 小号 游戏椅（皮革）,游戏椅,品牌05,小号,皮革,黑色,16*1*1,14,AT85D,亚历克斯,收货,上架
NoMuA3doWh,白色 品牌19 三号纸 笔记本（点阵）,笔记本,品牌19,三号纸,点阵,白色,48*10*5,1477,AV06B,劳拉,收货,上架
TVGL42FHWh,白色 品牌31 42英寸 电视机（全高清）,电视机,品牌31,42英寸,全高清,白色,8*1*1,2,BV28H,迈克,收货,上架
PrNoA4MoMi,混合色 品牌26 四号纸 打印机（黑白）,打印机,品牌26,四号纸,黑白,混合色,16*1*1,16,CG32E,劳拉,收货,上架
AlPH14i7Gr,灰色 品牌12 14英寸 一体机（第7代处理器）,一体机,品牌12,14英寸,第7代处理器,灰色,16*1*1,14,CZ54G,克里斯,收货,上架
TaTR18AuGr,灰色 品牌29 1800 桌子（自动调节）,桌子,品牌29,1800,自动调节,灰色,8*1*1,8,AU31E,莎拉,收货,上架
GaOGMErPi,粉色 品牌07 中号 游戏椅（人体工学）,游戏椅,品牌07,中号,人体工学,粉色,16*1*1,3,BK43G,迈克,收货,上架
TaAE10AuGr,灰色 品牌05 1000 桌子（自动调节）,桌子,品牌05,1000,自动调节,灰色,8*1*1,7,CP30H,莎拉,收货,上架
KeHc45ErPi,粉色 品牌09 450 键盘（人体工学）,键盘,品牌09,450,人体工学,粉色,16*10*1,148,AM72F,亚历克斯,收货,上架
CuTE12SlBe,米色 品牌04 1200 储物柜（滑动式）,储物柜,品牌04,1200,滑动式,米色,8*1*1,1,CP28F,莎拉,收货,上架
TVEs32S4Si,银色 品牌32 32英寸 电视机（超级超高清）,电视机,品牌32,32英寸,超级超高清,银色,8*1*1,7,AP97D,艾米,收货,上架
PeRe12HeBl,黑色 品牌22 12 铅笔（六角形）,铅笔,品牌22,12,六角形,黑色,48*10*5,614,CT10B,亚历克斯,收货,上架
PrReA2WiGr,灰色 品牌24 二号纸 打印机（无线网络）,打印机,品牌24,二号纸,无线网络,灰色,16*1*1,13,AG16C,莎拉,收货,上架
TVEs32SFSi,银色 品牌32 32英寸 电视机（超级全高清）,电视机,品牌32,32英寸,超级全高清,银色,8*1*1,1,BJ44H,迈克,收货,上架
GaSEMHePi,粉色 品牌08 中号 游戏椅（头枕）,游戏椅,品牌08,中号,头枕,粉色,16*1*1,4,BU52D,大卫,收货,上架
TaCI15AdBl,黑色 品牌27 1500 桌子（可调节）,桌子,品牌27,1500,可调节,黑色,8*1*1,3,DY25F,艾米,收货,上架
TVGL75FHSi,银色 品牌31 75英寸 电视机（全高清）,电视机,品牌31,75英寸,全高清,银色,8*1*1,2,CJ22C,迈克,收货,上架
GaXESHeWh,白色 品牌06 小号 游戏椅（头枕）,游戏椅,品牌06,小号,头枕,白色,16*1*1,11,AO64D,艾米,收货,上架
TaCI10FrWh,白色 品牌27 1000 桌子（框架式）,桌子,品牌27,1000,框架式,白色,8*1*1,3,DR11H,大卫,收货,上架
DrWE18SlBl,黑色 品牌02 1800 抽屉柜（滑动式）,抽屉柜,品牌02,1800,滑动式,黑色,8*1*1,6,AQ19D,简,收货,上架
PrPHA2MoGr,灰色 品牌12 二号纸 打印机（黑白）,打印机,品牌12,二号纸,黑白,灰色,16*1*1,15,CT12A,艾米丽,收货,上架
KeSu45ErPi,粉色 品牌11 450 键盘（人体工学）,键盘,品牌11,450,人体工学,粉色,16*10*1,148,BH26H,克里斯,收货,上架
NoGrA3ruWh,白色 品牌18 三号纸 笔记本（横线）,笔记本,品牌18,三号纸,横线,白色,48*10*5,723,DX36A,迈克,收货,上架
PrReA2WiWh,白色 品牌24 二号纸 打印机（无线网络）,打印机,品牌24,二号纸,无线网络,白色,16*1*1,1,BX24B,莎拉,收货,上架
MoPH45MeBl,黑色 品牌12 450 鼠标（机械式）,鼠标,品牌12,450,机械式,黑色,16*10*1,7,BM30F,亚历克斯,收货,上架
OfSEMLeGr,灰色 品牌08 中号 办公椅（皮革）,办公椅,品牌08,中号,皮革,灰色,16*1*1,12,BM07F,简,收货,上架
PeNa24SoPi,粉色 品牌23 24 铅笔（可溶性）,铅笔,品牌23,24,可溶性,粉色,48*10*5,805,BN67E,克里斯,收货,上架
AlSu15i5Wh,白色 品牌11 15英寸 一体机（第5代处理器）,一体机,品牌11,15英寸,第5代处理器,白色,16*1*1,9,BO26H,艾米,收货,上架
NoGrA5doGr,灰色 品牌18 五号纸 笔记本（点阵）,笔记本,品牌18,五号纸,点阵,灰色,48*10*5,142,CF52E,艾米,收货,上架
GaXESHeGr,灰色 品牌06 小号 游戏椅（头枕）,游戏椅,品牌06,小号,头枕,灰色,16*1*1,6,DN54C,莎拉,收货,上架
AlSu15i7Gr,灰色 品牌11 15英寸 一体机（第7代处理器）,一体机,品牌11,15英寸,第7代处理器,灰色,16*1*1,16,DV26A,简,收货,上架
NoGrA5ruGr,灰色 品牌18 五号纸 笔记本（横线）,笔记本,品牌18,五号纸,横线,灰色,48*10*5,304,DV23G,劳拉,收货,上架
TVEs42SFGr,灰色 品牌32 42英寸 电视机（超级全高清）,电视机,品牌32,42英寸,超级全高清,灰色,8*1*1,8,AZ53B,约翰,收货,上架
CaWE90FiGr,灰色 品牌02 900 文件柜（文件收纳）,文件柜,品牌02,900,文件收纳,灰色,8*1*1,1,AM88G,艾米,收货,上架
LaSu14i5Wh,白色 品牌11 14英寸 笔记本电脑（第5代处理器）,笔记本电脑,品牌11,14英寸,第5代处理器,白色,16*1*1,15,DZ43H,简,收货,上架
OfAESHeWh,白色 品牌05 小号 办公椅（头枕）,办公椅,品牌05,小号,头枕,白色,16*1*1,14,CQ74F,约翰,收货,上架
MoHc35WiNa,藏青色 品牌09 350 鼠标（有线）,鼠标,品牌09,350,有线,藏青色,16*10*1,135,BW37C,大卫,收货,上架
PrNoA3InMi,混合色 品牌26 三号纸 打印机（喷墨）,打印机,品牌26,三号纸,喷墨,混合色,16*1*1,16,DM98A,克里斯,收货,上架
GaXESLePi,粉色 品牌06 小号 游戏椅（皮革）,游戏椅,品牌06,小号,皮革,粉色,16*1*1,12,DZ49F,简,收货,上架
CaWE18LoBe,米色 品牌02 1800 文件柜（储物锁柜）,文件柜,品牌02,1800,储物锁柜,米色,8*1*1,7,AF38F,莎拉,收货,上架
KeRe27BlNa,藏青色 品牌10 270 键盘（蓝牙）,键盘,品牌10,270,蓝牙,藏青色,16*10*1,112,BR37G,艾米,收货,上架
AlSu15i5Si,银色 品牌11 15英寸 一体机（第5代处理器）,一体机,品牌11,15英寸,第5代处理器,银色,16*1*1,5,CS56G,艾米丽,收货,上架
CaWE12DoBl,黑色 品牌02 1200 文件柜（带门式）,文件柜,品牌02,1200,带门式,黑色,8*1*1,4,BN36F,亚历克斯,收货,上架
AlRe14i5Wh,白色 品牌14 14英寸 一体机（第5代处理器）,一体机,品牌14,14英寸,第5代处理器,白色,16*1*1,10,AM05G,亚历克斯,收货,上架
NoGrA5doBl,黑色 品牌18 五号纸 笔记本（点阵）,笔记本,品牌18,五号纸,点阵,黑色,48*10*5,529,AG67E,迈克,收货,上架
TaTR10WoWh,白色 品牌28 1000 桌子（工作站）,桌子,品牌28,1000,工作站,白色,8*1*1,2,DX94E,莎拉,收货,上架
AlSu14i7Gr,灰色 品牌11 14英寸 一体机（第7代处理器）,一体机,品牌11,14英寸,第7代处理器,灰色,16*1*1,8,AN30F,亚历克斯,收货,上架
AlSu1416Bl,黑色 品牌11 14英寸 一体机（16吉字节内存）,一体机,品牌11,14英寸,16吉字节内存,黑色,16*1*1,14,DP38B,克里斯,收货,上架
NoMuA3liSi,银色 品牌19 三号纸 笔记本（线条）,笔记本,品牌19,三号纸,线条,银色,48*10*5,141,CR11A,简,收货,上架
CuTE90DoBl,黑色 品牌04 900 储物柜（带门式）,储物柜,品牌04,900,带门式,黑色,8*1*1,3,DH36F,莎拉,收货,上架
AlSu1432Wh,白色 品牌11 14英寸 一体机（32吉字节内存）,一体机,品牌11,14英寸,32吉字节内存,白色,16*1*1,15,DJ34B,约翰,收货,上架
KeHc45BlPi,粉色 品牌09 450 键盘（蓝牙）,键盘,品牌09,450,蓝牙,粉色,16*10*1,102,BJ41B,亚历克斯,收货,上架
NoScA5ruGr,灰色 品牌17 五号纸 笔记本（横线）,笔记本,品牌17,五号纸,横线,灰色,48*10*5,90,CZ92B,亚历克斯,收货,上架
CaRG18LoGr,灰色 品牌03 1800 文件柜（储物锁柜）,文件柜,品牌03,1800,储物锁柜,灰色,8*1*1,4,CW95C,亚历克斯,收货,上架
TaTR10FrGr,灰色 品牌28 1000 桌子（框架式）,桌子,品牌28,1000,框架式,灰色,8*1*1,2,AZ69D,迈克,收货,上架
AlRe1732Gr,灰色 品牌14 17英寸 一体机（32吉字节内存）,一体机,品牌14,17英寸,32吉字节内存,灰色,16*1*1,8,BN65F,简,收货,上架
LaSu14i7Si,银色 品牌11 14英寸 笔记本电脑（第7代处理器）,笔记本电脑,品牌11,14英寸,第7代处理器,银色,16*1*1,15,AJ67C,简,收货,上架
TVGL32SFSi,银色 品牌31 32英寸 电视机（超级全高清）,电视机,品牌31,32英寸,超级全高清,银色,8*1*1,3,DL94A,简,收货,上架
GaAELHeGr,灰色 品牌05 大号 游戏椅（头枕）,游戏椅,品牌05,大号,头枕,灰色,16*1*1,16,DV65B,克里斯,收货,上架
PeRe50HeWh,白色 品牌22 50 铅笔（六角形）,铅笔,品牌22,50,六角形,白色,48*10*5,42,AL17B,莎拉,收货,上架
CaRG18LoBe,米色 品牌03 1800 文件柜（储物锁柜）,文件柜,品牌03,1800,储物锁柜,米色,8*1*1,4,CN73H,艾米,收货,上架
PrReA4MoMi,混合色 品牌24 四号纸 打印机（黑白）,打印机,品牌24,四号纸,黑白,混合色,16*1*1,1,CN03C,简,收货,上架
PeAl12WaGr,灰色 品牌20 12 铅笔（水彩）,铅笔,品牌20,12,水彩,灰色,48*10*5,2228,CF39G,大卫,收货,上架
PrNoA4LaGr,灰色 品牌26 四号纸 打印机（激光）,打印机,品牌26,四号纸,激光,灰色,16*1*1,16,CY64F,亚历克斯,收货,上架
PrReA2LaWh,白色 品牌24 二号纸 打印机（激光）,打印机,品牌24,二号纸,激光,白色,16*1*1,5,AM54A,迈克,收货,上架
TVGn75FHBl,黑色 品牌30 75英寸 电视机（全高清）,电视机,品牌30,75英寸,全高清,黑色,8*1*1,4,BX59G,迈克,收货,上架
SPNa12HeWh,白色 品牌23 12 触控笔（六角形）,触控笔,品牌23,12,六角形,白色,48*10*5,1212,AP76E,劳拉,收货,上架
MoSu35BlBl,黑色 品牌11 350 鼠标（蓝牙）,鼠标,品牌11,350,蓝牙,黑色,16*10*1,22,AI08C,艾米,收货,上架
KeRe45BlBl,黑色 品牌10 450 键盘（蓝牙）,键盘,品牌10,450,蓝牙,黑色,16*10*1,37,BU20A,迈克,收货,上架
PrReA2AlWh,白色 品牌24 二号纸 打印机（一体式）,打印机,品牌24,二号纸,一体式,白色,16*1*1,7,CK89C,莎拉,收货,上架
KeRe45WiBl,黑色 品牌10 450 键盘（有线）,键盘,品牌10,450,有线,黑色,16*10*1,152,AP39B,克里斯,收货,上架
NoGrA3ruBl,黑色 品牌18 三号纸 笔记本（横线）,笔记本,品牌18,三号纸,横线,黑色,48*10*5,1379,DX12A,莎拉,收货,上架
TVYn424KGr,灰色 品牌15 42英寸 电视机（超高清）,电视机,品牌15,42英寸,超高清,灰色,8*1*1,7,DQ94H,简,收货,上架
GaAESAdBl,黑色 品牌05 小号 游戏椅（可调节）,游戏椅,品牌05,小号,可调节,黑色,16*1*1,2,CN41H,劳拉,收货,上架
PrReA3LaGr,灰色 品牌24 三号纸 打印机（激光）,打印机,品牌24,三号纸,激光,灰色,16*1*1,13,BN46C,莎拉,收货,上架
TVYn65FHWh,白色 品牌15 65英寸 电视机（全高清）,电视机,品牌15,65英寸,全高清,白色,8*1*1,4,BH80C,劳拉,收货,上架
OfXESErBl,黑色 品牌06 小号 办公椅（人体工学）,办公椅,品牌06,小号,人体工学,黑色,16*1*1,10,BL72C,莎拉,收货,上架
CuRG90DoWh,白色 品牌03 900 储物柜（带门式）,储物柜,品牌03,900,带门式,白色,8*1*1,3,BR69E,莎拉,收货,上架
OfSELAdBl,黑色 品牌08 大号 办公椅（可调节）,办公椅,品牌08,大号,可调节,黑色,16*1*1,10,DW32F,约翰,收货,上架
TVGL42SFWh,白色 品牌31 42英寸 电视机（超级全高清）,电视机,品牌31,42英寸,超级全高清,白色,8*1*1,3,AL69A,简,收货,上架
MoHc45BlNa,藏青色 品牌09 450 鼠标（蓝牙）,鼠标,品牌09,450,蓝牙,藏青色,16*10*1,156,AN79E,克里斯,收货,上架
MoHc27WiNa,藏青色 品牌09 270 鼠标（有线）,鼠标,品牌09,270,有线,藏青色,16*10*1,110,DJ70F,劳拉,收货,上架
LaPH1732Gr,灰色 品牌12 17英寸 笔记本电脑（32吉字节内存）,笔记本电脑,品牌12,17英寸,32吉字节内存,灰色,16*1*1,11,DF77H,劳拉,收货,上架
TaTR18WoWh,白色 品牌28 1800 桌子（工作站）,桌子,品牌28,1800,工作站,白色,8*1*1,8,BO51H,莎拉,收货,上架
AlYn1516Bl,黑色 品牌15 15英寸 一体机（16吉字节内存）,一体机,品牌15,15英寸,16吉字节内存,黑色,16*1*1,15,DY36E,大卫,收货,上架
MoPH45ErWh,白色 品牌12 450 鼠标（人体工学）,鼠标,品牌12,450,人体工学,白色,16*10*1,20,BV64G,艾米,收货,上架
PeNa50HeWh,白色 品牌23 50 铅笔（六角形）,铅笔,品牌23,50,六角形,白色,48*10*5,1764,CW07C,大卫,收货,上架
LaPH17i5Wh,白色 品牌12 17英寸 笔记本电脑（第5代处理器）,笔记本电脑,品牌12,17英寸,第5代处理器,白色,16*1*1,11,DK31B,劳拉,收货,上架
GaAELLeWh,白色 品牌05 大号 游戏椅（皮革）,游戏椅,品牌05,大号,皮革,白色,16*1*1,1,CW09G,劳拉,收货,上架
OfOGSLePi,粉色 品牌07 小号 办公椅（皮革）,办公椅,品牌07,小号,皮革,粉色,16*1*1,12,CH83D,劳拉,收货,上架
DrWE12DoBe,米色 品牌02 1200 抽屉柜（带门式）,抽屉柜,品牌02,1200,带门式,米色,8*1*1,3,BU65D,艾米丽,收货,上架
CaTE90FiGr,灰色 品牌04 900 文件柜（文件收纳）,文件柜,品牌04,900,文件收纳,灰色,8*1*1,1,AL96C,迈克,收货,上架
DrWE90LoWh,白色 品牌02 900 抽屉柜（储物锁柜）,抽屉柜,品牌02,900,储物锁柜,白色,8*1*1,8,DT21H,迈克,收货,上架
KePH35BlBl,黑色 品牌12 350 键盘（蓝牙）,键盘,品牌12,350,蓝牙,黑色,16*10*1,116,DL32G,劳拉,收货,上架
SPGi12SoGr,灰色 品牌21 12 触控笔（可溶性）,触控笔,品牌21,12,可溶性,灰色,48*10*5,1426,CK55H,莎拉,收货,上架
GaAELErBl,黑色 品牌05 大号 游戏椅（人体工学）,游戏椅,品牌05,大号,人体工学,黑色,16*1*1,4,BV92G,劳拉,收货,上架
GaXESHeBl,黑色 品牌06 小号 游戏椅（头枕）,游戏椅,品牌06,小号,头枕,黑色,16*1*1,4,DP35B,艾米,收货,上架
OfAELHeWh,白色 品牌05 大号 办公椅（头枕）,办公椅,品牌05,大号,头枕,白色,16*1*1,15,AP63E,大卫,收货,上架
LaRe15i5Wh,白色 品牌14 15英寸 笔记本电脑（第5代处理器）,笔记本电脑,品牌14,15英寸,第5代处理器,白色,16*1*1,6,DQ49C,莎拉,收货,上架
TVYn654KSi,银色 品牌15 65英寸 电视机（超高清）,电视机,品牌15,65英寸,超高清,银色,8*1*1,8,BX96D,艾米,收货,上架
AlPH1416Gr,灰色 品牌12 14英寸 一体机（16吉字节内存）,一体机,品牌12,14英寸,16吉字节内存,灰色,16*1*1,16,BT42A,约翰,收货,上架
DrWE12FiBl,黑色 品牌02 1200 抽屉柜（文件收纳）,抽屉柜,品牌02,1200,文件收纳,黑色,8*1*1,4,CQ57H,莎拉,收货,上架
AlYn17i5Gr,灰色 品牌15 17英寸 一体机（第5代处理器）,一体机,品牌15,17英寸,第5代处理器,灰色,16*1*1,8,CR44A,迈克,收货,上架
TVGL65SFWh,白色 品牌31 65英寸 电视机（超级全高清）,电视机,品牌31,65英寸,超级全高清,白色,8*1*1,4,AP95B,莎拉,收货,上架
TVEs42S4Bl,黑色 品牌32 42英寸 电视机（超级超高清）,电视机,品牌32,42英寸,超级超高清,黑色,8*1*1,8,DH10E,莎拉,收货,上架
TVYn75S4Bl,黑色 品牌15 75英寸 电视机（超级超高清）,电视机,品牌15,75英寸,超级超高清,黑色,8*1*1,1,BU64F,迈克,收货,上架
PeNa12HeBl,黑色 品牌23 12 铅笔（六角形）,铅笔,品牌23,12,六角形,黑色,48*10*5,970,AW84E,简,收货,上架
MoHc45WiBl,黑色 品牌09 450 鼠标（有线）,鼠标,品牌09,450,有线,黑色,16*10*1,79,DM17A,莎拉,收货,上架
MoHc35MeBl,黑色 品牌09 350 鼠标（机械式）,鼠标,品牌09,350,机械式,黑色,16*10*1,71,AZ18B,大卫,收货,上架
CaRG90SlBe,米色 品牌03 900 文件柜（滑动式）,文件柜,品牌03,900,滑动式,米色,8*1*1,6,CL62C,亚历克斯,收货,上架
TaTR10WoBl,黑色 品牌29 1000 桌子（工作站）,桌子,品牌29,1000,工作站,黑色,8*1*1,7,CY92B,艾米,收货,上架
TaTR10AdBl,黑色 品牌29 1000 桌子（可调节）,桌子,品牌29,1000,可调节,黑色,8*1*1,1,CX27B,克里斯,收货,上架
TaTR10AdWh,白色 品牌29 1000 桌子（可调节）,桌子,品牌29,1000,可调节,白色,8*1*1,5,DM49A,克里斯,收货,上架
OfAESErGr,灰色 品牌05 小号 办公椅（人体工学）,办公椅,品牌05,小号,人体工学,灰色,16*1*1,5,DU13D,克里斯,收货,上架
CuTE90LoGr,灰色 品牌04 900 储物柜（储物锁柜）,储物柜,品牌04,900,储物锁柜,灰色,8*1*1,6,DY39G,克里斯,收货,上架
LaPH14i5Wh,白色 品牌12 14英寸 笔记本电脑（第5代处理器）,笔记本电脑,品牌12,14英寸,第5代处理器,白色,16*1*1,9,AP92C,劳拉,收货,上架
NoGrA5ruGr,灰色 品牌18 五号纸 笔记本（横线）,笔记本,品牌18,五号纸,横线,灰色,48*10*5,1460,BY93C,克里斯,收货,上架
OfOGMAdWh,白色 品牌07 中号 办公椅（可调节）,办公椅,品牌07,中号,可调节,白色,16*1*1,1,CR65A,大卫,收货,上架
DrTE18FiBe,米色 品牌04 1800 抽屉柜（文件收纳）,抽屉柜,品牌04,1800,文件收纳,米色,8*1*1,7,AJ33D,亚历克斯,收货,上架
AlPH158GGr,灰色 品牌12 15英寸 一体机（8吉字节内存）,一体机,品牌12,15英寸,8吉字节内存,灰色,16*1*1,10,CQ62C,莎拉,收货,上架
TVEs754KSi,银色 品牌32 75英寸 电视机（超高清）,电视机,品牌32,75英寸,超高清,银色,8*1*1,1,AU94D,艾米,收货,上架
CaQE12SlBl,黑色 品牌01 1200 文件柜（滑动式）,文件柜,品牌01,1200,滑动式,黑色,8*1*1,6,DO36C,约翰,收货,上架
CaTE90DoBl,黑色 品牌04 900 文件柜（带门式）,文件柜,品牌04,900,带门式,黑色,8*1*1,3,CS88E,莎拉,收货,上架
DrTE12FiBl,黑色 品牌04 1200 抽屉柜（文件收纳）,抽屉柜,品牌04,1200,文件收纳,黑色,8*1*1,6,CM58G,约翰,收货,上架
PrPHA3InMi,混合色 品牌12 三号纸 打印机（喷墨）,打印机,品牌12,三号纸,喷墨,混合色,16*1*1,13,BQ42E,劳拉,收货,上架
TVYn65FHWh,白色 品牌15 65英寸 电视机（全高清）,电视机,品牌15,65英寸,全高清,白色,8*1*1,5,DU03H,亚历克斯,收货,上架
PeAl50SoPi,粉色 品牌20 50 铅笔（可溶性）,铅笔,品牌20,50,可溶性,粉色,48*10*5,2266,BV38B,艾米丽,收货,上架
TVGn42FHWh,白色 品牌30 42英寸 电视机（全高清）,电视机,品牌30,42英寸,全高清,白色,8*1*1,5,BT62B,亚历克斯,收货,上架
GaOGMAdWh,白色 品牌07 中号 游戏椅（可调节）,游戏椅,品牌07,中号,可调节,白色,16*1*1,5,CI08B,亚历克斯,收货,上架
AlOv178GSi,银色 品牌13 17英寸 一体机（8吉字节内存）,一体机,品牌13,17英寸,8吉字节内存,银色,16*1*1,11,DV85G,艾米丽,收货,上架
DrQE90LoGr,灰色 品牌01 900 抽屉柜（储物锁柜）,抽屉柜,品牌01,900,储物锁柜,灰色,8*1*1,4,AH40G,大卫,收货,上架
AlSu1432Si,银色 品牌11 14英寸 一体机（32吉字节内存）,一体机,品牌11,14英寸,32吉字节内存,银色,16*1*1,8,AQ48D,艾米,收货,上架
DrRG90DoGr,灰色 品牌03 900 抽屉柜（带门式）,抽屉柜,品牌03,900,带门式,灰色,8*1*1,5,CJ78G,艾米丽,收货,上架
TVGL32S4Bl,黑色 品牌31 32英寸 电视机（超级超高清）,电视机,品牌31,32英寸,超级超高清,黑色,8*1*1,1,CX54E,克里斯,收货,上架
TVEs32SFSi,银色 品牌32 32英寸 电视机（超级全高清）,电视机,品牌32,32英寸,超级全高清,银色,8*1*1,8,DO24C,艾米,收货,上架
TaTR10FrSi,银色 品牌28 1000 桌子（框架式）,桌子,品牌28,1000,框架式,银色,8*1*1,1,CI16A,劳拉,收货,上架
NoMuA4liSi,银色 品牌19 四号纸 笔记本（线条）,笔记本,品牌19,四号纸,线条,银色,48*10*5,379,DN92E,简,收货,上架
SPNa50HePi,粉色 品牌23 50 触控笔（六角形）,触控笔,品牌23,50,六角形,粉色,48*10*5,138,CP53C,亚历克斯,收货,上架
SPNa24HePi,粉色 品牌23 24 触控笔（六角形）,触控笔,品牌23,24,六角形,粉色,48*10*5,509,AU91H,艾米丽,收货,上架
TaTR18FrGr,灰色 品牌28 1800 桌子（框架式）,桌子,品牌28,1800,框架式,灰色,8*1*1,8,CL55H,简,收货,上架
CaRG12DoBl,黑色 品牌03 1200 文件柜（带门式）,文件柜,品牌03,1200,带门式,黑色,8*1*1,5,AU58A,劳拉,收货,上架
TaAE15WoBl,黑色 品牌05 1500 桌子（工作站）,桌子,品牌05,1500,工作站,黑色,8*1*1,4,CK37C,亚历克斯,收货,上架
TaTR18AuBl,黑色 品牌29 1800 桌子（自动调节）,桌子,品牌29,1800,自动调节,黑色,8*1*1,5,BO08G,劳拉,收货,上架
LaYn158GGr,灰色 品牌15 15英寸 笔记本电脑（8吉字节内存）,笔记本电脑,品牌15,15英寸,8吉字节内存,灰色,16*1*1,11,AF32A,莎拉,收货,上架
AlPH1732Wh,白色 品牌12 17英寸 一体机（32吉字节内存）,一体机,品牌12,17英寸,32吉字节内存,白色,16*1*1,3,AN51A,亚历克斯,收货,上架
AlRe158GGr,灰色 品牌14 15英寸 一体机（8吉字节内存）,一体机,品牌14,15英寸,8吉字节内存,灰色,16*1*1,12,AQ71C,克里斯,收货,上架
SPAl12HeGr,灰色 品牌20 12 触控笔（六角形）,触控笔,品牌20,12,六角形,灰色,48*10*5,658,CP26E,约翰,收货,上架
KePH35ErPi,粉色 品牌12 350 键盘（人体工学）,键盘,品牌12,350,人体工学,粉色,16*10*1,147,BP87C,亚历克斯,收货,上架
CaTE12LoBl,黑色 品牌04 1200 文件柜（储物锁柜）,文件柜,品牌04,1200,储物锁柜,黑色,8*1*1,5,AV68C,艾米,收货,上架
CuRG12FiBe,米色 品牌03 1200 储物柜（文件收纳）,储物柜,品牌03,1200,文件收纳,米色,8*1*1,4,BX41F,艾米,收货,上架
CaQE12DoBe,米色 品牌01 1200 文件柜（带门式）,文件柜,品牌01,1200,带门式,米色,8*1*1,1,AW43E,艾米,收货,上架
LaPH1416Si,银色 品牌12 14英寸 笔记本电脑（16吉字节内存）,笔记本电脑,品牌12,14英寸,16吉字节内存,银色,16*1*1,5,DW61C,克里斯,收货,上架
SPGi24HeBl,黑色 品牌21 24 触控笔（六角形）,触控笔,品牌21,24,六角形,黑色,48*10*5,874,BU37F,艾米,收货,上架
KeRe35BlBl,黑色 品牌10 350 键盘（蓝牙）,键盘,品牌10,350,蓝牙,黑色,16*10*1,22,DK24D,约翰,收货,上架
CuQE12LoBl,黑色 品牌01 1200 储物柜（储物锁柜）,储物柜,品牌01,1200,储物锁柜,黑色,8*1*1,6,BU35B,艾米,收货,上架
OfXEMLeGr,灰色 品牌06 中号 办公椅（皮革）,办公椅,品牌06,中号,皮革,灰色,16*1*1,14,BV67E,简,收货,上架
GaSESLeGr,灰色 品牌08 小号 游戏椅（皮革）,游戏椅,品牌08,小号,皮革,灰色,16*1*1,1,DH75C,劳拉,收货,上架
PrNoA4AlBl,黑色 品牌26 四号纸 打印机（一体式）,打印机,品牌26,四号纸,一体式,黑色,16*1*1,12,AY89E,迈克,收货,上架
TVGn32S4Si,银色 品牌30 32英寸 电视机（超级超高清）,电视机,品牌30,32英寸,超级超高清,银色,8*1*1,6,AY41A,简,收货,上架
NoMuA5liBl,黑色 品牌19 五号纸 笔记本（线条）,笔记本,品牌19,五号纸,线条,黑色,48*10*5,2236,CQ58H,艾米,收货,上架
LaRe17i5Si,银色 品牌14 17英寸 笔记本电脑（第5代处理器）,笔记本电脑,品牌14,17英寸,第5代处理器,银色,16*1*1,16,DK48G,艾米丽,收货,上架
PeNa12HePi,粉色 品牌23 12 铅笔（六角形）,铅笔,品牌23,12,六角形,粉色,48*10*5,327,CP71D,大卫,收货,上架
NoGrA4liWh,白色 品牌18 四号纸 笔记本（线条）,笔记本,品牌18,四号纸,线条,白色,48*10*5,1323,CH53D,莎拉,收货,上架
AlSu17i5Gr,灰色 品牌11 17英寸 一体机（第5代处理器）,一体机,品牌11,17英寸,第5代处理器,灰色,16*1*1,5,DU28A,劳拉,收货,上架
TaTR15FrSi,银色 品牌29 1500 桌子（框架式）,桌子,品牌29,1500,框架式,银色,8*1*1,2,BP35A,迈克,收货,上架
MoPH35ErNa,藏青色 品牌12 350 鼠标（人体工学）,鼠标,品牌12,350,人体工学,藏青色,16*10*1,3,BH56B,克里斯,收货,上架
KePH27BlNa,藏青色 品牌12 270 键盘（蓝牙）,键盘,品牌12,270,蓝牙,藏青色,16*10*1,150,AI01C,大卫,收货,上架
PrSoA2MoMi,混合色 品牌25 二号纸 打印机（黑白）,打印机,品牌25,二号纸,黑白,混合色,16*1*1,15,BN12D,迈克,收货,上架
TVYn65FHSi,银色 品牌15 65英寸 电视机（全高清）,电视机,品牌15,65英寸,全高清,银色,8*1*1,5,BP91H,迈克,收货,上架
SPNa50WaWh,白色 品牌23 50 触控笔（水彩）,触控笔,品牌23,50,水彩,白色,48*10*5,470,BL25H,莎拉,收货,上架
AlSu1716Wh,白色 品牌11 17英寸 一体机（16吉字节内存）,一体机,品牌11,17英寸,16吉字节内存,白色,16*1*1,14,DG68C,艾米丽,收货,上架
NoMuA4doGr,灰色 品牌19 四号纸 笔记本（点阵）,笔记本,品牌19,四号纸,点阵,灰色,48*10*5,524,BV50A,亚历克斯,收货,上架
CaWE12DoGr,灰色 品牌02 1200 文件柜（带门式）,文件柜,品牌02,1200,带门式,灰色,8*1*1,8,AG26B,大卫,收货,上架
TVGL504KBl,黑色 品牌31 50英寸 电视机（超高清）,电视机,品牌31,50英寸,超高清,黑色,8*1*1,1,AW37D,莎拉,收货,上架
CaQE90FiBl,黑色 品牌01 900 文件柜（文件收纳）,文件柜,品牌01,900,文件收纳,黑色,8*1*1,3,AY54B,约翰,收货,上架
TaTR10FrWh,白色 品牌28 1000 桌子（框架式）,桌子,品牌28,1000,框架式,白色,8*1*1,7,DW19D,劳拉,收货,上架
PrSoA4AlGr,灰色 品牌25 四号纸 打印机（一体式）,打印机,品牌25,四号纸,一体式,灰色,16*1*1,8,DT48E,克里斯,收货,上架
KePH27ErWh,白色 品牌12 270 键盘（人体工学）,键盘,品牌12,270,人体工学,白色,16*10*1,53,CL47F,劳拉,收货,上架
NoMuA5doBl,黑色 品牌19 五号纸 笔记本（点阵）,笔记本,品牌19,五号纸,点阵,黑色,48*10*5,2157,DY42F,约翰,收货,上架
LaSu17i5Bl,黑色 品牌11 17英寸 笔记本电脑（第5代处理器）,笔记本电脑,品牌11,17英寸,第5代处理器,黑色,16*1*1,14,BL21E,简,收货,上架
DrQE90DoGr,灰色 品牌01 900 抽屉柜（带门式）,抽屉柜,品牌01,900,带门式,灰色,8*1*1,5,AK43G,亚历克斯,收货,上架
DrTE12FiWh,白色 品牌04 1200 抽屉柜（文件收纳）,抽屉柜,品牌04,1200,文件收纳,白色,8*1*1,3,DV84G,艾米,收货,上架
PeGi24SoBl,黑色 品牌21 24 铅笔（可溶性）,铅笔,品牌21,24,可溶性,黑色,48*10*5,346,BM77B,克里斯,收货,上架
SPRe12WaGr,灰色 品牌22 12 触控笔（水彩）,触控笔,品牌22,12,水彩,灰色,48*10*5,1129,AR72B,克里斯,收货,上架
DrQE12SlBl,黑色 品牌01 1200 抽屉柜（滑动式）,抽屉柜,品牌01,1200,滑动式,黑色,8*1*1,2,BH52F,克里斯,收货,上架
PeAl24WaBl,黑色 品牌20 24 铅笔（水彩）,铅笔,品牌20,24,水彩,黑色,48*10*5,1547,CW21H,约翰,收货,上架
DrWE12SlBl,黑色 品牌02 1200 抽屉柜（滑动式）,抽屉柜,品牌02,1200,滑动式,黑色,8*1*1,2,CO76A,克里斯,收货,上架
NoMuA3liWh,白色 品牌19 三号纸 笔记本（线条）,笔记本,品牌19,三号纸,线条,白色,48*10*5,739,DL03B,劳拉,收货,上架
DrTE18DoGr,灰色 品牌04 1800 抽屉柜（带门式）,抽屉柜,品牌04,1800,带门式,灰色,8*1*1,6,CZ52C,简,收货,上架
TVEs65S4Gr,灰色 品牌32 65英寸 电视机（超级超高清）,电视机,品牌32,65英寸,超级超高清,灰色,8*1*1,8,CS86B,简,收货,上架
NoExA3liBl,黑色 品牌16 三号纸 笔记本（线条）,笔记本,品牌16,三号纸,线条,黑色,48*10*5,732,CK26D,亚历克斯,收货,上架
CuWE12DoWh,白色 品牌02 1200 储物柜（带门式）,储物柜,品牌02,1200,带门式,白色,8*1*1,2,AX29F,约翰,收货,上架
TVGn504KSi,银色 品牌30 50英寸 电视机（超高清）,电视机,品牌30,50英寸,超高清,银色,8*1*1,2,AO16B,简,收货,上架
DrWE90FiWh,白色 品牌02 900 抽屉柜（文件收纳）,抽屉柜,品牌02,900,文件收纳,白色,8*1*1,7,DZ14G,亚历克斯,收货,上架
PrReA3WiWh,白色 品牌24 三号纸 打印机（无线网络）,打印机,品牌24,三号纸,无线网络,白色,16*1*1,11,BN95C,迈克,收货,上架
CaQE90SlBl,黑色 品牌01 900 文件柜（滑动式）,文件柜,品牌01,900,滑动式,黑色,8*1*1,7,AP35A,艾米丽,收货,上架
CaRG90FiBl,黑色 品牌03 900 文件柜（文件收纳）,文件柜,品牌03,900,文件收纳,黑色,8*1*1,7,BX12E,大卫,收货,上架
LaYn15i7Bl,黑色 品牌15 15英寸 笔记本电脑（第7代处理器）,笔记本电脑,品牌15,15英寸,第7代处理器,黑色,16*1*1,5,AH19C,亚历克斯,收货,上架
TaTR18WoBl,黑色 品牌29 1800 桌子（工作站）,桌子,品牌29,1800,工作站,黑色,8*1*1,2,AW92C,莎拉,收货,上架
MoHc35ErWh,白色 品牌09 350 鼠标（人体工学）,鼠标,品牌09,350,人体工学,白色,16*10*1,116,BS28F,艾米,收货,上架
TVYn754KGr,灰色 品牌15 75英寸 电视机（超高清）,电视机,品牌15,75英寸,超高清,灰色,8*1*1,7,BN44A,艾米丽,收货,上架
LaPH15i5Bl,黑色 品牌12 15英寸 笔记本电脑（第5代处理器）,笔记本电脑,品牌12,15英寸,第5代处理器,黑色,16*1*1,13,DZ53F,克里斯,收货,上架
LaYn1432Wh,白色 品牌15 14英寸 笔记本电脑（32吉字节内存）,笔记本电脑,品牌15,14英寸,32吉字节内存,白色,16*1*1,13,DR24D,劳拉,收货,上架
LaPH1532Bl,黑色 品牌12 15英寸 笔记本电脑（32吉字节内存）,笔记本电脑,品牌12,15英寸,32吉字节内存,黑色,16*1*1,13,AZ26A,大卫,收货,上架
LaYn148GWh,白色 品牌15 14英寸 笔记本电脑（8吉字节内存）,笔记本电脑,品牌15,14英寸,8吉字节内存,白色,16*1*1,13,BG30H,亚历克斯,收货,上架
PeNa50WaWh,白色 品牌23 50 铅笔（水彩）,铅笔,品牌23,50,水彩,白色,48*10*5,1565,CK63E,简,收货,上架
LaPH1432Bl,黑色 品牌12 14英寸 笔记本电脑（32吉字节内存）,笔记本电脑,品牌12,14英寸,32吉字节内存,黑色,16*1*1,8,BX26G,简,收货,上架
LaOv17i7Gr,灰色 品牌13 17英寸 笔记本电脑（第7代处理器）,笔记本电脑,品牌13,17英寸,第7代处理器,灰色,16*1*1,6,CP12B,艾米,收货,上架
DrWE90LoWh,白色 品牌02 900 抽屉柜（储物锁柜）,抽屉柜,品牌02,900,储物锁柜,白色,8*1*1,3,BG69C,迈克,收货,上架
TaCI18AdWh,白色 品牌27 1800 桌子（可调节）,桌子,品牌27,1800,可调节,白色,8*1*1,1,BJ10G,莎拉,收货,上架
KeHc35BlWh,白色 品牌09 350 键盘（蓝牙）,键盘,品牌09,350,蓝牙,白色,16*10*1,117,CM95H,劳拉,收货,上架
TVGn42SFBl,黑色 品牌30 42英寸 电视机（超级全高清）,电视机,品牌30,42英寸,超级全高清,黑色,8*1*1,8,DU52F,莎拉,收货,上架
CaRG12FiGr,灰色 品牌03 1200 文件柜（文件收纳）,文件柜,品牌03,1200,文件收纳,灰色,8*1*1,7,BY58G,简,收货,上架
CuTE18SlGr,灰色 品牌04 1800 储物柜（滑动式）,储物柜,品牌04,1800,滑动式,灰色,8*1*1,7,AY28E,迈克,收货,上架
LaRe14i5Bl,黑色 品牌14 14英寸 笔记本电脑（第5代处理器）,笔记本电脑,品牌14,14英寸,第5代处理器,黑色,16*1*1,3,DU09F,劳拉,收货,上架
TaAE18AdGr,灰色 品牌05 1800 桌子（可调节）,桌子,品牌05,1800,可调节,灰色,8*1*1,4,BR45E,约翰,收货,上架
TaAE15WoGr,灰色 品牌05 1500 桌子（工作站）,桌子,品牌05,1500,工作站,灰色,8*1*1,8,CX68H,莎拉,收货,上架
LaYn1516Bl,黑色 品牌15 15英寸 笔记本电脑（16吉字节内存）,笔记本电脑,品牌15,15英寸,16吉字节内存,黑色,16*1*1,8,BW26C,亚历克斯,收货,上架
TaTR18AuGr,灰色 品牌29 1800 桌子（自动调节）,桌子,品牌29,1800,自动调节,灰色,8*1*1,2,AZ75E,大卫,收货,上架
LaOv148GWh,白色 品牌13 14英寸 笔记本电脑（8吉字节内存）,笔记本电脑,品牌13,14英寸,8吉字节内存,白色,16*1*1,14,BQ80A,艾米,收货,上架
PrPHA2LaWh,白色 品牌12 二号纸 打印机（激光）,打印机,品牌12,二号纸,激光,白色,16*1*1,3,BJ42E,劳拉,收货,上架
AlYn17i5Bl,黑色 品牌15 17英寸 一体机（第5代处理器）,一体机,品牌15,17英寸,第5代处理器,黑色,16*1*1,6,BK18H,莎拉,收货,上架
PrSoA2WiBl,黑色 品牌25 二号纸 打印机（无线网络）,打印机,品牌25,二号纸,无线网络,黑色,16*1*1,3,DK44E,艾米丽,收货,上架
CaQE18FiBe,米色 品牌01 1800 文件柜（文件收纳）,文件柜,品牌01,1800,文件收纳,米色,8*1*1,2,DU06F,大卫,收货,上架
OfXELErBl,黑色 品牌06 大号 办公椅（人体工学）,办公椅,品牌06,大号,人体工学,黑色,16*1*1,3,DQ07B,克里斯,收货,上架
CaQE18FiGr,灰色 品牌01 1800 文件柜（文件收纳）,文件柜,品牌01,1800,文件收纳,灰色,8*1*1,2,DR04H,艾米,收货,上架
AlRe158GSi,银色 品牌14 15英寸 一体机（8吉字节内存）,一体机,品牌14,15英寸,8吉字节内存,银色,16*1*1,16,CU78G,简,收货,上架
KeSu27BlNa,藏青色 品牌11 270 键盘（蓝牙）,键盘,品牌11,270,蓝牙,藏青色,16*10*1,141,CR37G,简,收货,上架
PrNoA2InWh,白色 品牌26 二号纸 打印机（喷墨）,打印机,品牌26,二号纸,喷墨,白色,16*1*1,13,BJ96D,劳拉,收货,上架
NoMuA5ruBl,黑色 品牌19 五号纸 笔记本（横线）,笔记本,品牌19,五号纸,横线,黑色,48*10*5,522,CY20B,亚历克斯,收货,上架
AlRe15i5Gr,灰色 品牌14 15英寸 一体机（第5代处理器）,一体机,品牌14,15英寸,第5代处理器,灰色,16*1*1,14,AR86C,大卫,收货,上架
LaRe14i5Wh,白色 品牌14 14英寸 笔记本电脑（第5代处理器）,笔记本电脑,品牌14,14英寸,第5代处理器,白色,16*1*1,14,DM06G,艾米丽,收货,上架
TaCI18AdBl,黑色 品牌27 1800 桌子（可调节）,桌子,品牌27,1800,可调节,黑色,8*1*1,5,CV08A,艾米,收货,上架
PrPHA3AlGr,灰色 品牌12 三号纸 打印机（一体式）,打印机,品牌12,三号纸,一体式,灰色,16*1*1,15,AL29B,劳拉,收货,上架
DrQE90FiBl,黑色 品牌01 900 抽屉柜（文件收纳）,抽屉柜,品牌01,900,文件收纳,黑色,8*1*1,8,CU07H,艾米,收货,上架
PrNoA4MoBl,黑色 品牌26 四号纸 打印机（黑白）,打印机,品牌26,四号纸,黑白,黑色,16*1*1,10,DT33A,亚历克斯,收货,上架
TaTR10AuWh,白色 品牌29 1000 桌子（自动调节）,桌子,品牌29,1000,自动调节,白色,8*1*1,5,BG46H,约翰,收货,上架
NoMuA5ruWh,白色 品牌19 五号纸 笔记本（横线）,笔记本,品牌19,五号纸,横线,白色,48*10*5,607,DU15C,简,收货,上架
PeAl50WaBl,黑色 品牌20 50 铅笔（水彩）,铅笔,品牌20,50,水彩,黑色,48*10*5,532,BP60D,莎拉,收货,上架
PrNoA3MoWh,白色 品牌26 三号纸 打印机（黑白）,打印机,品牌26,三号纸,黑白,白色,16*1*1,14,DH55E,劳拉,收货,上架
KePH45WiBl,黑色 品牌12 450 键盘（有线）,键盘,品牌12,450,有线,黑色,16*10*1,44,BU72F,艾米丽,收货,上架
CaTE12DoBl,黑色 品牌04 1200 文件柜（带门式）,文件柜,品牌04,1200,带门式,黑色,8*1*1,8,AF93H,克里斯,收货,上架
LaPH148GSi,银色 品牌12 14英寸 笔记本电脑（8吉字节内存）,笔记本电脑,品牌12,14英寸,8吉字节内存,银色,16*1*1,13,DG87E,艾米丽,收货,上架
GaOGMLeBl,黑色 品牌07 中号 游戏椅（皮革）,游戏椅,品牌07,中号,皮革,黑色,16*1*1,2,AG88G,艾米,收货,上架
DrQE12SlGr,灰色 品牌01 1200 抽屉柜（滑动式）,抽屉柜,品牌01,1200,滑动式,灰色,8*1*1,7,AP03G,莎拉,收货,上架
GaOGLHePi,粉色 品牌07 大号 游戏椅（头枕）,游戏椅,品牌07,大号,头枕,粉色,16*1*1,4,BN49E,劳拉,收货,上架
KeSu35WiNa,藏青色 品牌11 350 键盘（有线）,键盘,品牌11,350,有线,藏青色,16*10*1,112,CQ32A,简,收货,上架
GaXEMErBl,黑色 品牌06 中号 游戏椅（人体工学）,游戏椅,品牌06,中号,人体工学,黑色,16*1*1,11,BU44D,莎拉,收货,上架
PeAl50SoGr,灰色 品牌20 50 铅笔（可溶性）,铅笔,品牌20,50,可溶性,灰色,48*10*5,282,BV62C,艾米,收货,上架
AlRe178GGr,灰色 品牌14 17英寸 一体机（8吉字节内存）,一体机,品牌14,17英寸,8吉字节内存,灰色,16*1*1,4,BL41A,大卫,收货,上架
TaTR15AdSi,银色 品牌29 1500 桌子（可调节）,桌子,品牌29,1500,可调节,银色,8*1*1,3,BY64B,简,收货,上架
TaCI10AuWh,白色 品牌27 1000 桌子（自动调节）,桌子,品牌27,1000,自动调节,白色,8*1*1,8,DN61B,大卫,收货,上架
OfSEMHeBl,黑色 品牌08 中号 办公椅（头枕）,办公椅,品牌08,中号,头枕,黑色,16*1*1,1,CY78B,艾米,收货,上架
LaSu1432Gr,灰色 品牌11 14英寸 笔记本电脑（32吉字节内存）,笔记本电脑,品牌11,14英寸,32吉字节内存,灰色,16*1*1,16,AZ66D,莎拉,收货,上架
PeRe12WaPi,粉色 品牌22 12 铅笔（水彩）,铅笔,品牌22,12,水彩,粉色,48*10*5,1370,BS23B,亚历克斯,收货,上架
GaSEMAdGr,灰色 品牌08 中号 游戏椅（可调节）,游戏椅,品牌08,中号,可调节,灰色,16*1*1,1,AR02D,简,收货,上架
TaAE18FrSi,银色 品牌05 1800 桌子（框架式）,桌子,品牌05,1800,框架式,银色,8*1*1,6,CR15G,莎拉,收货,上架
MoPH45MeWh,白色 品牌12 450 鼠标（机械式）,鼠标,品牌12,450,机械式,白色,16*10*1,75,BP49A,莎拉,收货,上架
KePH35ErPi,粉色 品牌12 350 键盘（人体工学）,键盘,品牌12,350,人体工学,粉色,16*10*1,99,BS09G,亚历克斯,收货,上架
NoScA3doGr,灰色 品牌17 三号纸 笔记本（点阵）,笔记本,品牌17,三号纸,点阵,灰色,48*10*5,1017,CY03A,迈克,收货,上架
MoPH27WiBl,黑色 品牌12 270 鼠标（有线）,鼠标,品牌12,270,有线,黑色,16*10*1,94,BT30E,艾米丽,收货,上架
PeAl50HeWh,白色 品牌20 50 铅笔（六角形）,铅笔,品牌20,50,六角形,白色,48*10*5,293,DY50D,艾米,收货,上架
TaAE15FrSi,银色 品牌05 1500 桌子（框架式）,桌子,品牌05,1500,框架式,银色,8*1*1,4,AQ20G,克里斯,收货,上架
NoMuA4doBl,黑色 品牌19 四号纸 笔记本（点阵）,笔记本,品牌19,四号纸,点阵,黑色,48*10*5,646,BN25H,劳拉,收货,上架
GaOGMErBl,黑色 品牌07 中号 游戏椅（人体工学）,游戏椅,品牌07,中号,人体工学,黑色,16*1*1,6,BO76A,克里斯,收货,上架
GaSEMAdWh,白色 品牌08 中号 游戏椅（可调节）,游戏椅,品牌08,中号,可调节,白色,16*1*1,3,AR37D,艾米丽,收货,上架
LaYn158GBl,黑色 品牌15 15英寸 笔记本电脑（8吉字节内存）,笔记本电脑,品牌15,15英寸,8吉字节内存,黑色,16*1*1,11,AV23F,克里斯,收货,上架
KeSu45BlPi,粉色 品牌11 450 键盘（蓝牙）,键盘,品牌11,450,蓝牙,粉色,16*10*1,63,DR09B,克里斯,收货,上架
CaRG90DoBe,米色 品牌03 900 文件柜（带门式）,文件柜,品牌03,900,带门式,米色,8*1*1,6,BI77F,大卫,收货,上架
GaSESAdBl,黑色 品牌08 小号 游戏椅（可调节）,游戏椅,品牌08,小号,可调节,黑色,16*1*1,8,CJ15D,艾米,收货,上架
PrNoA2AlMi,混合色 品牌26 二号纸 打印机（一体式）,打印机,品牌26,二号纸,一体式,混合色,16*1*1,4,AL93H,艾米丽,收货,上架
TaAE15WoSi,银色 品牌05 1500 桌子（工作站）,桌子,品牌05,1500,工作站,银色,8*1*1,8,CM31E,迈克,收货,上架
PrSoA2AlBl,黑色 品牌25 二号纸 打印机（一体式）,打印机,品牌25,二号纸,一体式,黑色,16*1*1,15,BL05G,克里斯,收货,上架
TaTR10AdBl,黑色 品牌28 1000 桌子（可调节）,桌子,品牌28,1000,可调节,黑色,8*1*1,8,AT77G,艾米丽,收货,上架
TVGn75S4Gr,灰色 品牌30 75英寸 电视机（超级超高清）,电视机,品牌30,75英寸,超级超高清,灰色,8*1*1,3,CO12E,艾米,收货,上架
CaTE90SlWh,白色 品牌04 900 文件柜（滑动式）,文件柜,品牌04,900,滑动式,白色,8*1*1,7,AO48F,克里斯,收货,上架
SPAl24HeWh,白色 品牌20 24 触控笔（六角形）,触控笔,品牌20,24,六角形,白色,48*10*5,1664,DL96D,莎拉,收货,上架
CaQE18FiGr,灰色 品牌01 1800 文件柜（文件收纳）,文件柜,品牌01,1800,文件收纳,灰色,8*1*1,5,AM07C,迈克,收货,上架
TaCI10AdGr,灰色 品牌27 1000 桌子（可调节）,桌子,品牌27,1000,可调节,灰色,8*1*1,8,DT95D,莎拉,收货,上架
LaOv158GBl,黑色 品牌13 15英寸 笔记本电脑（8吉字节内存）,笔记本电脑,品牌13,15英寸,8吉字节内存,黑色,16*1*1,11,DP09G,大卫,收货,上架
PrPHA3LaGr,灰色 品牌12 三号纸 打印机（激光）,打印机,品牌12,三号纸,激光,灰色,16*1*1,12,BF69A,简,收货,上架
PrPHA4LaBl,黑色 品牌12 四号纸 打印机（激光）,打印机,品牌12,四号纸,激光,黑色,16*1*1,16,BM68F,艾米丽,收货,上架
TaCI15WoGr,灰色 品牌27 1500 桌子（工作站）,桌子,品牌27,1500,工作站,灰色,8*1*1,4,DU23G,亚历克斯,收货,上架
NoGrA3doGr,灰色 品牌18 三号纸 笔记本（点阵）,笔记本,品牌18,三号纸,点阵,灰色,48*10*5,30,BL75A,亚历克斯,收货,上架
LaSu148GSi,银色 品牌11 14英寸 笔记本电脑（8吉字节内存）,笔记本电脑,品牌11,14英寸,8吉字节内存,银色,16*1*1,15,AR46A,莎拉,收货,上架
TaCI15WoGr,灰色 品牌27 1500 桌子（工作站）,桌子,品牌27,1500,工作站,灰色,8*1*1,7,AU15A,克里斯,收货,上架
PeRe50HeGr,灰色 品牌22 50 铅笔（六角形）,铅笔,品牌22,50,六角形,灰色,48*10*5,1600,BR51A,约翰,收货,上架
AlRe15i7Bl,黑色 品牌14 15英寸 一体机（第7代处理器）,一体机,品牌14,15英寸,第7代处理器,黑色,16*1*1,7,BI20E,艾米丽,收货,上架
SPGi24HePi,粉色 品牌21 24 触控笔（六角形）,触控笔,品牌21,24,六角形,粉色,48*10*5,2311,CK56H,大卫,收货,上架
MoHc45ErWh,白色 品牌09 450 鼠标（人体工学）,鼠标,品牌09,450,人体工学,白色,16*10*1,152,DQ40A,劳拉,收货,上架
GaSESErGr,灰色 品牌08 小号 游戏椅（人体工学）,游戏椅,品牌08,小号,人体工学,灰色,16*1*1,3,AY80H,劳拉,收货,上架
DrWE90DoBe,米色 品牌02 900 抽屉柜（带门式）,抽屉柜,品牌02,900,带门式,米色,8*1*1,6,DY90C,约翰,收货,上架
AlPH158GWh,白色 品牌12 15英寸 一体机（8吉字节内存）,一体机,品牌12,15英寸,8吉字节内存,白色,16*1*1,4,BF42E,艾米丽,收货,上架
CuTE90LoBe,米色 品牌04 900 储物柜（储物锁柜）,储物柜,品牌04,900,储物锁柜,米色,8*1*1,6,AS95D,亚历克斯,收货,上架
PrReA3InWh,白色 品牌24 三号纸 打印机（喷墨）,打印机,品牌24,三号纸,喷墨,白色,16*1*1,6,BS07F,劳拉,收货,上架
OfAESErPi,粉色 品牌05 小号 办公椅（人体工学）,办公椅,品牌05,小号,人体工学,粉色,16*1*1,15,AL79C,迈克,收货,上架
TVYn32S4Wh,白色 品牌15 32英寸 电视机（超级超高清）,电视机,品牌15,32英寸,超级超高清,白色,8*1*1,6,BS27E,莎拉,收货,上架
PeAl12HeGr,灰色 品牌20 12 铅笔（六角形）,铅笔,品牌20,12,六角形,灰色,48*10*5,535,DS54G,简,收货,上架
TVGL424KGr,灰色 品牌31 42英寸 电视机（超高清）,电视机,品牌31,42英寸,超高清,灰色,8*1*1,8,DL62A,莎拉,收货,上架
PrReA3AlWh,白色 品牌24 三号纸 打印机（一体式）,打印机,品牌24,三号纸,一体式,白色,16*1*1,2,BX56F,迈克,收货,上架
CaTE90SlBl,黑色 品牌04 900 文件柜（滑动式）,文件柜,品牌04,900,滑动式,黑色,8*1*1,6,AL31E,约翰,收货,上架
KeSu35BlPi,粉色 品牌11 350 键盘（蓝牙）,键盘,品牌11,350,蓝牙,粉色,16*10*1,146,CU72G,迈克,收货,上架
TVYn504KGr,灰色 品牌15 50英寸 电视机（超高清）,电视机,品牌15,50英寸,超高清,灰色,8*1*1,3,BP11H,约翰,收货,上架
TaCI15AuWh,白色 品牌27 1500 桌子（自动调节）,桌子,品牌27,1500,自动调节,白色,8*1*1,1,AR19H,迈克,收货,上架
KeSu35BlBl,黑色 品牌11 350 键盘（蓝牙）,键盘,品牌11,350,蓝牙,黑色,16*10*1,13,BX87G,莎拉,收货,上架
PrReA3InGr,灰色 品牌24 三号纸 打印机（喷墨）,打印机,品牌24,三号纸,喷墨,灰色,16*1*1,4,DN89D,迈克,收货,上架
KeSu27MeNa,藏青色 品牌11 270 键盘（机械式）,键盘,品牌11,270,机械式,藏青色,16*10*1,117,BX29F,克里斯,收货,上架
KeRe27ErNa,藏青色 品牌10 270 键盘（人体工学）,键盘,品牌10,270,人体工学,藏青色,16*10*1,7,CW92H,迈克,收货,上架
DrRG18LoBl,黑色 品牌03 1800 抽屉柜（储物锁柜）,抽屉柜,品牌03,1800,储物锁柜,黑色,8*1*1,2,CQ09E,大卫,收货,上架
CaRG90SlBl,黑色 品牌03 900 文件柜（滑动式）,文件柜,品牌03,900,滑动式,黑色,8*1*1,6,AK54G,莎拉,收货,上架
MoHc27MePi,粉色 品牌09 270 鼠标（机械式）,鼠标,品牌09,270,机械式,粉色,16*10*1,8,DR67G,艾米,收货,上架
AlOv1516Wh,白色 品牌13 15英寸 一体机（16吉字节内存）,一体机,品牌13,15英寸,16吉字节内存,白色,16*1*1,15,DS57F,迈克,收货,上架
GaAEMAdBl,黑色 品牌05 中号 游戏椅（可调节）,游戏椅,品牌05,中号,可调节,黑色,16*1*1,5,AM74H,莎拉,收货,上架
AlRe15i5Gr,灰色 品牌14 15英寸 一体机（第5代处理器）,一体机,品牌14,15英寸,第5代处理器,灰色,16*1*1,7,DZ77A,克里斯,收货,上架
CuWE12DoGr,灰色 品牌02 1200 储物柜（带门式）,储物柜,品牌02,1200,带门式,灰色,8*1*1,7,BH87A,约翰,收货,上架
OfAELLeGr,灰色 品牌05 大号 办公椅（皮革）,办公椅,品牌05,大号,皮革,灰色,16*1*1,2,CH56C,亚历克斯,收货,上架
KeSu35MeBl,黑色 品牌11 350 键盘（机械式）,键盘,品牌11,350,机械式,黑色,16*10*1,48,DW15F,简,收货,上架
NoMuA3doGr,灰色 品牌19 三号纸 笔记本（点阵）,笔记本,品牌19,三号纸,点阵,灰色,48*10*5,23,DR98F,迈克,收货,上架
LaRe1416Bl,黑色 品牌14 14英寸 笔记本电脑（16吉字节内存）,笔记本电脑,品牌14,14英寸,16吉字节内存,黑色,16*1*1,6,AF47B,艾米,收货,上架
SPAl12WaGr,灰色 品牌20 12 触控笔（水彩）,触控笔,品牌20,12,水彩,灰色,48*10*5,1613,DZ08D,亚历克斯,收货,上架
KeHc45BlPi,粉色 品牌09 450 键盘（蓝牙）,键盘,品牌09,450,蓝牙,粉色,16*10*1,132,AN87E,劳拉,收货,上架
AlOv1432Bl,黑色 品牌13 14英寸 一体机（32吉字节内存）,一体机,品牌13,14英寸,32吉字节内存,黑色,16*1*1,8,CF88B,简,收货,上架
OfAELAdBl,黑色 品牌05 大号 办公椅（可调节）,办公椅,品牌05,大号,可调节,黑色,16*1*1,1,DH18F,亚历克斯,收货,上架
LaYn178GGr,灰色 品牌15 17英寸 笔记本电脑（8吉字节内存）,笔记本电脑,品牌15,17英寸,8吉字节内存,灰色,16*1*1,15,DH52H,亚历克斯,收货,上架
MoRe35ErWh,白色 品牌10 350 鼠标（人体工学）,鼠标,品牌10,350,人体工学,白色,16*10*1,160,DW01B,约翰,收货,上架
KeRe45MePi,粉色 品牌10 450 键盘（机械式）,键盘,品牌10,450,机械式,粉色,16*10*1,58,AJ63H,莎拉,收货,上架
DrRG12SlGr,灰色 品牌03 1200 抽屉柜（滑动式）,抽屉柜,品牌03,1200,滑动式,灰色,8*1*1,5,BI31A,亚历克斯,收货,上架
CaTE18SlGr,灰色 品牌04 1800 文件柜（滑动式）,文件柜,品牌04,1800,滑动式,灰色,8*1*1,6,DG78F,莎拉,收货,上架
TaAE10WoBl,黑色 品牌05 1000 桌子（工作站）,桌子,品牌05,1000,工作站,黑色,8*1*1,1,CF01B,约翰,收货,上架
TVGL75S4Bl,黑色 品牌31 75英寸 电视机（超级超高清）,电视机,品牌31,75英寸,超级超高清,黑色,8*1*1,6,AO38E,艾米,收货,上架
PeGi24SoGr,灰色 品牌21 24 铅笔（可溶性）,铅笔,品牌21,24,可溶性,灰色,48*10*5,788,BS64H,约翰,收货,上架
AlRe17i5Si,银色 品牌14 17英寸 一体机（第5代处理器）,一体机,品牌14,17英寸,第5代处理器,银色,16*1*1,13,DU50A,迈克,收货,上架
TVGn42FHBl,黑色 品牌30 42英寸 电视机（全高清）,电视机,品牌30,42英寸,全高清,黑色,8*1*1,3,AP28H,克里斯,收货,上架
PeGi50SoPi,粉色 品牌21 50 铅笔（可溶性）,铅笔,品牌21,50,可溶性,粉色,48*10*5,1846,CM27D,克里斯,收货,上架
DrTE90FiBl,黑色 品牌04 900 抽屉柜（文件收纳）,抽屉柜,品牌04,900,文件收纳,黑色,8*1*1,7,AF30H,劳拉,收货,上架
GaSESAdPi,粉色 品牌08 小号 游戏椅（可调节）,游戏椅,品牌08,小号,可调节,粉色,16*1*1,2,DL16E,约翰,收货,上架
TVEs50SFBl,黑色 品牌32 50英寸 电视机（超级全高清）,电视机,品牌32,50英寸,超级全高清,黑色,8*1*1,8,BI53D,艾米丽,收货,上架
CaQE90LoGr,灰色 品牌01 900 文件柜（储物锁柜）,文件柜,品牌01,900,储物锁柜,灰色,8*1*1,1,BL56F,迈克,收货,上架
DrWE12SlBl,黑色 品牌02 1200 抽屉柜（滑动式）,抽屉柜,品牌02,1200,滑动式,黑色,8*1*1,2,AL77F,艾米,收货,上架
TVYn32S4Gr,灰色 品牌15 32英寸 电视机（超级超高清）,电视机,品牌15,32英寸,超级超高清,灰色,8*1*1,7,AW73E,克里斯,收货,上架
CaQE18SlWh,白色 品牌01 1800 文件柜（滑动式）,文件柜,品牌01,1800,滑动式,白色,8*1*1,7,AU86E,亚历克斯,收货,上架
CaWE12LoGr,灰色 品牌02 1200 文件柜（储物锁柜）,文件柜,品牌02,1200,储物锁柜,灰色,8*1*1,6,CH71E,克里斯,收货,上架
AlOv1416Gr,灰色 品牌13 14英寸 一体机（16吉字节内存）,一体机,品牌13,14英寸,16吉字节内存,灰色,16*1*1,5,DY69B,克里斯,收货,上架
NoMuA5liWh,白色 品牌19 五号纸 笔记本（线条）,笔记本,品牌19,五号纸,线条,白色,48*10*5,2052,DX70H,大卫,收货,上架
TVGn32FHGr,灰色 品牌30 32英寸 电视机（全高清）,电视机,品牌30,32英寸,全高清,灰色,8*1*1,4,DG24A,亚历克斯,收货,上架
GaOGLLeGr,灰色 品牌07 大号 游戏椅（皮革）,游戏椅,品牌07,大号,皮革,灰色,16*1*1,7,BP61C,莎拉,收货,上架
AlYn158GBl,黑色 品牌15 15英寸 一体机（8吉字节内存）,一体机,品牌15,15英寸,8吉字节内存,黑色,16*1*1,7,AH56H,劳拉,收货,上架
PeNa24WaWh,白色 品牌23 24 铅笔（水彩）,铅笔,品牌23,24,水彩,白色,48*10*5,719,AQ13H,迈克,收货,上架
SPRe24WaPi,粉色 品牌22 24 触控笔（水彩）,触控笔,品牌22,24,水彩,粉色,48*10*5,2107,BX78B,简,收货,上架
GaOGLAdPi,粉色 品牌07 大号 游戏椅（可调节）,游戏椅,品牌07,大号,可调节,粉色,16*1*1,10,DJ39B,简,收货,上架
OfAEMAdGr,灰色 品牌05 中号 办公椅（可调节）,办公椅,品牌05,中号,可调节,灰色,16*1*1,12,DL80A,简,收货,上架
DrWE12LoBe,米色 品牌02 1200 抽屉柜（储物锁柜）,抽屉柜,品牌02,1200,储物锁柜,米色,8*1*1,4,DH63F,艾米,收货,上架
KeHc35MeBl,黑色 品牌09 350 键盘（机械式）,键盘,品牌09,350,机械式,黑色,16*10*1,66,CX75E,简,收货,上架
LaPH148GGr,灰色 品牌12 14英寸 笔记本电脑（8吉字节内存）,笔记本电脑,品牌12,14英寸,8吉字节内存,灰色,16*1*1,6,BM13B,艾米,收货,上架
DrWE18FiBe,米色 品牌02 1800 抽屉柜（文件收纳）,抽屉柜,品牌02,1800,文件收纳,米色,8*1*1,7,CF56A,劳拉,收货,上架
TaTR18AuWh,白色 品牌29 1800 桌子（自动调节）,桌子,品牌29,1800,自动调节,白色,8*1*1,5,AL95E,艾米丽,收货,上架
PeAl12WaPi,粉色 品牌20 12 铅笔（水彩）,铅笔,品牌20,12,水彩,粉色,48*10*5,1681,BM84E,亚历克斯,收货,上架
AlRe178GBl,黑色 品牌14 17英寸 一体机（8吉字节内存）,一体机,品牌14,17英寸,8吉字节内存,黑色,16*1*1,11,BQ88C,亚历克斯,收货,上架
SPGi12HeGr,灰色 品牌21 12 触控笔（六角形）,触控笔,品牌21,12,六角形,灰色,48*10*5,199,DQ29C,艾米丽,收货,上架
PrPHA4WiBl,黑色 品牌12 四号纸 打印机（无线网络）,打印机,品牌12,四号纸,无线网络,黑色,16*1*1,1,CK22E,约翰,收货,上架
TVGn65FHWh,白色 品牌30 65英寸 电视机（全高清）,电视机,品牌30,65英寸,全高清,白色,8*1*1,1,CM03D,亚历克斯,收货,上架
OfAESLePi,粉色 品牌05 小号 办公椅（皮革）,办公椅,品牌05,小号,皮革,粉色,16*1*1,6,AL29G,劳拉,收货,上架
AlPH1532Si,银色 品牌12 15英寸 一体机（32吉字节内存）,一体机,品牌12,15英寸,32吉字节内存,银色,16*1*1,4,CO62A,亚历克斯,收货,上架
PrSoA3InBl,黑色 品牌25 三号纸 打印机（喷墨）,打印机,品牌25,三号纸,喷墨,黑色,16*1*1,11,BN36B,克里斯,收货,上架
TVGL75FHWh,白色 品牌31 75英寸 电视机（全高清）,电视机,品牌31,75英寸,全高清,白色,8*1*1,3,AS73A,克里斯,收货,上架
LaRe17i7Gr,灰色 品牌14 17英寸 笔记本电脑（第7代处理器）,笔记本电脑,品牌14,17英寸,第7代处理器,灰色,16*1*1,4,CI62F,艾米丽,收货,上架
MoRe35BlBl,黑色 品牌10 350 鼠标（蓝牙）,鼠标,品牌10,350,蓝牙,黑色,16*10*1,83,DN30F,莎拉,收货,上架
DrTE12DoBe,米色 品牌04 1200 抽屉柜（带门式）,抽屉柜,品牌04,1200,带门式,米色,8*1*1,2,DX13A,亚历克斯,收货,上架
KeSu45MeNa,藏青色 品牌11 450 键盘（机械式）,键盘,品牌11,450,机械式,藏青色,16*10*1,11,AS10C,艾米丽,收货,上架
NoExA4doBl,黑色 品牌16 四号纸 笔记本（点阵）,笔记本,品牌16,四号纸,点阵,黑色,48*10*5,1448,AR63C,劳拉,收货,上架
PeGi50WaWh,白色 品牌21 50 铅笔（水彩）,铅笔,品牌21,50,水彩,白色,48*10*5,1581,AX71E,莎拉,收货,上架
TVYn65S4Bl,黑色 品牌15 65英寸 电视机（超级超高清）,电视机,品牌15,65英寸,超级超高清,黑色,8*1*1,3,CK98B,莎拉,收货,上架
PrReA4LaMi,混合色 品牌24 四号纸 打印机（激光）,打印机,品牌24,四号纸,激光,混合色,16*1*1,16,DV09E,克里斯,收货,上架
GaAEMHeGr,灰色 品牌05 中号 游戏椅（头枕）,游戏椅,品牌05,中号,头枕,灰色,16*1*1,16,AJ90A,莎拉,收货,上架
GaSESAdPi,粉色 品牌08 小号 游戏椅（可调节）,游戏椅,品牌08,小号,可调节,粉色,16*1*1,1,CL78E,艾米,收货,上架
GaSELLePi,粉色 品牌08 大号 游戏椅（皮革）,游戏椅,品牌08,大号,皮革,粉色,16*1*1,15,DF09C,简,收货,上架
KePH35MeNa,藏青色 品牌12 350 键盘（机械式）,键盘,品牌12,350,机械式,藏青色,16*10*1,88,BO35C,约翰,收货,上架
GaAELHePi,粉色 品牌05 大号 游戏椅（头枕）,游戏椅,品牌05,大号,头枕,粉色,16*1*1,1,DP39D,艾米,收货,上架
AlYn1416Gr,灰色 品牌15 14英寸 一体机（16吉字节内存）,一体机,品牌15,14英寸,16吉字节内存,灰色,16*1*1,8,AP18D,莎拉,收货,上架
KeSu27ErPi,粉色 品牌11 270 键盘（人体工学）,键盘,品牌11,270,人体工学,粉色,16*10*1,33,AO15G,克里斯,收货,上架
CaWE90SlBe,米色 品牌02 900 文件柜（滑动式）,文件柜,品牌02,900,滑动式,米色,8*1*1,6,AW94H,艾米,收货,上架
CuTE18LoBe,米色 品牌04 1800 储物柜（储物锁柜）,储物柜,品牌04,1800,储物锁柜,米色,8*1*1,7,CS95G,克里斯,收货,上架
TaAE18FrBl,黑色 品牌05 1800 桌子（框架式）,桌子,品牌05,1800,框架式,黑色,8*1*1,1,AO50E,克里斯,收货,上架
DrTE12FiBl,黑色 品牌04 1200 抽屉柜（文件收纳）,抽屉柜,品牌04,1200,文件收纳,黑色,8*1*1,2,CH09F,约翰,收货,上架
OfAEMAdPi,粉色 品牌05 中号 办公椅（可调节）,办公椅,品牌05,中号,可调节,粉色,16*1*1,10,CO77E,亚历克斯,收货,上架
GaOGLAdPi,粉色 品牌07 大号 游戏椅（可调节）,游戏椅,品牌07,大号,可调节,粉色,16*1*1,5,DW14G,艾米丽,收货,上架
KePH27BlBl,黑色 品牌12 270 键盘（蓝牙）,键盘,品牌12,270,蓝牙,黑色,16*10*1,109,DH22F,简,收货,上架
TaCI10AdGr,灰色 品牌27 1000 桌子（可调节）,桌子,品牌27,1000,可调节,灰色,8*1*1,5,AM47E,大卫,收货,上架
CaRG90SlGr,灰色 品牌03 900 文件柜（滑动式）,文件柜,品牌03,900,滑动式,灰色,8*1*1,8,DL48A,大卫,收货,上架
LaOv148GWh,白色 品牌13 14英寸 笔记本电脑（8吉字节内存）,笔记本电脑,品牌13,14英寸,8吉字节内存,白色,16*1*1,15,BS52F,大卫,收货,上架
GaOGMAdPi,粉色 品牌07 中号 游戏椅（可调节）,游戏椅,品牌07,中号,可调节,粉色,16*1*1,13,DH01G,克里斯,收货,上架
LaRe158GGr,灰色 品牌14 15英寸 笔记本电脑（8吉字节内存）,笔记本电脑,品牌14,15英寸,8吉字节内存,灰色,16*1*1,1,DP95F,简,收货,上架
TaTR10WoBl,黑色 品牌29 1000 桌子（工作站）,桌子,品牌29,1000,工作站,黑色,8*1*1,7,CY03H,约翰,收货,上架
AlSu15i5Wh,白色 品牌11 15英寸 一体机（第5代处理器）,一体机,品牌11,15英寸,第5代处理器,白色,16*1*1,10,AF83B,约翰,收货,上架
OfAELLePi,粉色 品牌05 大号 办公椅（皮革）,办公椅,品牌05,大号,皮革,粉色,16*1*1,11,BY82F,莎拉,收货,上架
GaAEMHeWh,白色 品牌05 中号 游戏椅（头枕）,游戏椅,品牌05,中号,头枕,白色,16*1*1,7,BO66E,大卫,收货,上架
LaRe1532Si,银色 品牌14 15英寸 笔记本电脑（32吉字节内存）,笔记本电脑,品牌14,15英寸,32吉字节内存,银色,16*1*1,4,DI10H,大卫,收货,上架
TaCI10FrBl,黑色 品牌27 1000 桌子（框架式）,桌子,品牌27,1000,框架式,黑色,8*1*1,6,BW94D,克里斯,收货,上架
AlRe17i7Wh,白色 品牌14 17英寸 一体机（第7代处理器）,一体机,品牌14,17英寸,第7代处理器,白色,16*1*1,15,DN08E,艾米丽,收货,上架
DrRG90SlBe,米色 品牌03 900 抽屉柜（滑动式）,抽屉柜,品牌03,900,滑动式,米色,8*1*1,7,DO23E,简,收货,上架
DrRG90LoBl,黑色 品牌03 900 抽屉柜（储物锁柜）,抽屉柜,品牌03,900,储物锁柜,黑色,8*1*1,8,CT26E,艾米丽,收货,上架
CaRG12SlBl,黑色 品牌03 1200 文件柜（滑动式）,文件柜,品牌03,1200,滑动式,黑色,8*1*1,8,CH53E,莎拉,收货,上架
KeSu27BlWh,白色 品牌11 270 键盘（蓝牙）,键盘,品牌11,270,蓝牙,白色,16*10*1,28,CJ49B,迈克,收货,上架
LaOv1432Gr,灰色 品牌13 14英寸 笔记本电脑（32吉字节内存）,笔记本电脑,品牌13,14英寸,32吉字节内存,灰色,16*1*1,4,BU97A,克里斯,收货,上架
CuRG18FiBl,黑色 品牌03 1800 储物柜（文件收纳）,储物柜,品牌03,1800,文件收纳,黑色,8*1*1,2,DQ01E,约翰,收货,上架
LaSu15i7Wh,白色 品牌11 15英寸 笔记本电脑（第7代处理器）,笔记本电脑,品牌11,15英寸,第7代处理器,白色,16*1*1,16,BN75G,莎拉,收货,上架
TaTR18WoGr,灰色 品牌29 1800 桌子（工作站）,桌子,品牌29,1800,工作站,灰色,8*1*1,3,AW97F,大卫,收货,上架
TVGn65SFWh,白色 品牌30 65英寸 电视机（超级全高清）,电视机,品牌30,65英寸,超级全高清,白色,8*1*1,8,CU01F,克里斯,收货,上架
MoRe27BlNa,藏青色 品牌10 270 鼠标（蓝牙）,鼠标,品牌10,270,蓝牙,藏青色,16*10*1,158,DO38F,克里斯,收货,上架
PeAl12SoGr,灰色 品牌20 12 铅笔（可溶性）,铅笔,品牌20,12,可溶性,灰色,48*10*5,915,AI98F,莎拉,收货,上架
OfSELLeGr,灰色 品牌08 大号 办公椅（皮革）,办公椅,品牌08,大号,皮革,灰色,16*1*1,6,DK76D,莎拉,收货,上架
SPNa12SoPi,粉色 品牌23 12 触控笔（可溶性）,触控笔,品牌23,12,可溶性,粉色,48*10*5,163,AL66C,简,收货,上架
TVGn424KWh,白色 品牌30 42英寸 电视机（超高清）,电视机,品牌30,42英寸,超高清,白色,8*1*1,8,BP57A,劳拉,收货,上架
CuWE18DoBl,黑色 品牌02 1800 储物柜（带门式）,储物柜,品牌02,1800,带门式,黑色,8*1*1,4,AU78H,艾米丽,收货,上架
MoHc35MeBl,黑色 品牌09 350 鼠标（机械式）,鼠标,品牌09,350,机械式,黑色,16*10*1,110,AS18E,艾米丽,收货,上架
KePH45BlNa,藏青色 品牌12 450 键盘（蓝牙）,键盘,品牌12,450,蓝牙,藏青色,16*10*1,80,BM72E,亚历克斯,收货,上架
TVGn42SFBl,黑色 品牌30 42英寸 电视机（超级全高清）,电视机,品牌30,42英寸,超级全高清,黑色,8*1*1,6,DV47H,克里斯,收货,上架
CaRG12DoBl,黑色 品牌03 1200 文件柜（带门式）,文件柜,品牌03,1200,带门式,黑色,8*1*1,7,AR45E,艾米丽,收货,上架
GaAELHeGr,灰色 品牌05 大号 游戏椅（头枕）,游戏椅,品牌05,大号,头枕,灰色,16*1*1,4,BX38A,艾米,收货,上架
MoHc35MeNa,藏青色 品牌09 350 鼠标（机械式）,鼠标,品牌09,350,机械式,藏青色,16*10*1,133,AK15D,约翰,收货,上架
TVGL50SFBl,黑色 品牌31 50英寸 电视机（超级全高清）,电视机,品牌31,50英寸,超级全高清,黑色,8*1*1,7,DO60G,简,收货,上架
AlRe1732Wh,白色 品牌14 17英寸 一体机（32吉字节内存）,一体机,品牌14,17英寸,32吉字节内存,白色,16*1*1,8,DQ83F,简,收货,上架
AlSu15i5Gr,灰色 品牌11 15英寸 一体机（第5代处理器）,一体机,品牌11,15英寸,第5代处理器,灰色,16*1*1,13,CK69G,艾米,收货,上架
OfXESLeBl,黑色 品牌06 小号 办公椅（皮革）,办公椅,品牌06,小号,皮革,黑色,16*1*1,8,BR85A,约翰,收货,上架
CuRG12FiGr,灰色 品牌03 1200 储物柜（文件收纳）,储物柜,品牌03,1200,文件收纳,灰色,8*1*1,8,AX15D,劳拉,收货,上架
PrSoA3MoMi,混合色 品牌25 三号纸 打印机（黑白）,打印机,品牌25,三号纸,黑白,混合色,16*1*1,2,BZ47E,莎拉,收货,上架
TVEs504KBl,黑色 品牌32 50英寸 电视机（超高清）,电视机,品牌32,50英寸,超高清,黑色,8*1*1,7,BF57C,艾米丽,收货,上架
TVYn65S4Si,银色 品牌15 65英寸 电视机（超级超高清）,电视机,品牌15,65英寸,超级超高清,银色,8*1*1,5,CJ74E,劳拉,收货,上架
AlSu15i5Si,银色 品牌11 15英寸 一体机（第5代处理器）,一体机,品牌11,15英寸,第5代处理器,银色,16*1*1,3,BM16E,迈克,收货,上架
TVEs65SFGr,灰色 品牌32 65英寸 电视机（超级全高清）,电视机,品牌32,65英寸,超级全高清,灰色,8*1*1,7,DJ35D,迈克,收货,上架
SPRe24SoGr,灰色 品牌22 24 触控笔（可溶性）,触控笔,品牌22,24,可溶性,灰色,48*10*5,2339,DH14D,大卫,收货,上架
TaTR10AuGr,灰色 品牌29 1000 桌子（自动调节）,桌子,品牌29,1000,自动调节,灰色,8*1*1,2,BS13F,约翰,收货,上架
TaTR15WoSi,银色 品牌29 1500 桌子（工作站）,桌子,品牌29,1500,工作站,银色,8*1*1,6,CO56F,莎拉,收货,上架
AlSu1416Bl,黑色 品牌11 14英寸 一体机（16吉字节内存）,一体机,品牌11,14英寸,16吉字节内存,黑色,16*1*1,7,DJ21H,迈克,收货,上架
PeGi50SoWh,白色 品牌21 50 铅笔（可溶性）,铅笔,品牌21,50,可溶性,白色,48*10*5,1154,DU65H,艾米丽,收货,上架
PeGi50SoGr,灰色 品牌21 50 铅笔（可溶性）,铅笔,品牌21,50,可溶性,灰色,48*10*5,577,AN52G,约翰,收货,上架
AlRe15i7Wh,白色 品牌14 15英寸 一体机（第7代处理器）,一体机,品牌14,15英寸,第7代处理器,白色,16*1*1,1,DX68G,约翰,收货,上架
LaPH17i7Si,银色 品牌12 17英寸 笔记本电脑（第7代处理器）,笔记本电脑,品牌12,17英寸,第7代处理器,银色,16*1*1,6,BI24B,大卫,收货,上架
LaYn15i5Bl,黑色 品牌15 15英寸 笔记本电脑（第5代处理器）,笔记本电脑,品牌15,15英寸,第5代处理器,黑色,16*1*1,5,AW40H,亚历克斯,收货,上架
SPGi24WaBl,黑色 品牌21 24 触控笔（水彩）,触控笔,品牌21,24,水彩,黑色,48*10*5,1691,DS14B,约翰,收货,上架
TaCI15AdWh,白色 品牌27 1500 桌子（可调节）,桌子,品牌27,1500,可调节,白色,8*1*1,1,AT78B,莎拉,收货,上架
SPRe50WaGr,灰色 品牌22 50 触控笔（水彩）,触控笔,品牌22,50,水彩,灰色,48*10*5,1525,AV44A,亚历克斯,收货,上架
TVEs65S4Bl,黑色 品牌32 65英寸 电视机（超级超高清）,电视机,品牌32,65英寸,超级超高清,黑色,8*1*1,5,BN29C,迈克,收货,上架
KeSu35ErNa,藏青色 品牌11 350 键盘（人体工学）,键盘,品牌11,350,人体工学,藏青色,16*10*1,108,DZ25H,莎拉,收货,上架
CaTE12LoBl,黑色 品牌04 1200 文件柜（储物锁柜）,文件柜,品牌04,1200,储物锁柜,黑色,8*1*1,4,BH25A,艾米,收货,上架
MoPH27ErNa,藏青色 品牌12 270 鼠标（人体工学）,鼠标,品牌12,270,人体工学,藏青色,16*10*1,57,BR85F,简,收货,上架
LaSu1432Wh,白色 品牌11 14英寸 笔记本电脑（32吉字节内存）,笔记本电脑,品牌11,14英寸,32吉字节内存,白色,16*1*1,2,BR56H,迈克,收货,上架
LaPH148GBl,黑色 品牌12 14英寸 笔记本电脑（8吉字节内存）,笔记本电脑,品牌12,14英寸,8吉字节内存,黑色,16*1*1,1,BK80A,亚历克斯,收货,上架
NoMuA5doWh,白色 品牌19 五号纸 笔记本（点阵）,笔记本,品牌19,五号纸,点阵,白色,48*10*5,1504,BF70D,亚历克斯,收货,上架
TVGL65S4Wh,白色 品牌31 65英寸 电视机（超级超高清）,电视机,品牌31,65英寸,超级超高清,白色,8*1*1,2,DN35G,大卫,收货,上架
SPAl12HePi,粉色 品牌20 12 触控笔（六角形）,触控笔,品牌20,12,六角形,粉色,48*10*5,346,CK29H,克里斯,收货,上架
TaTR18WoBl,黑色 品牌29 1800 桌子（工作站）,桌子,品牌29,1800,工作站,黑色,8*1*1,6,DT88F,约翰,收货,上架
TVEs65S4Si,银色 品牌32 65英寸 电视机（超级超高清）,电视机,品牌32,65英寸,超级超高清,银色,8*1*1,6,BL35A,亚历克斯,收货,上架
AlSu1516Wh,白色 品牌11 15英寸 一体机（16吉字节内存）,一体机,品牌11,15英寸,16吉字节内存,白色,16*1*1,9,DH70G,约翰,收货,上架
CaRG18SlBl,黑色 品牌03 1800 文件柜（滑动式）,文件柜,品牌03,1800,滑动式,黑色,8*1*1,7,AF74B,亚历克斯,收货,上架
KeSu27WiWh,白色 品牌11 270 键盘（有线）,键盘,品牌11,270,有线,白色,16*10*1,101,BI24F,艾米,收货,上架
TaTR18WoSi,银色 品牌29 1800 桌子（工作站）,桌子,品牌29,1800,工作站,银色,8*1*1,5,BY88C,大卫,收货,上架
SPAl12WaPi,粉色 品牌20 12 触控笔（水彩）,触控笔,品牌20,12,水彩,粉色,48*10*5,63,AN30H,迈克,收货,上架
TVGn65SFBl,黑色 品牌30 65英寸 电视机（超级全高清）,电视机,品牌30,65英寸,超级全高清,黑色,8*1*1,2,BR87A,克里斯,收货,上架
KePH27WiNa,藏青色 品牌12 270 键盘（有线）,键盘,品牌12,270,有线,藏青色,16*10*1,50,BT06A,约翰,收货,上架
OfXEMErBl,黑色 品牌06 中号 办公椅（人体工学）,办公椅,品牌06,中号,人体工学,黑色,16*1*1,6,CG22D,约翰,收货,上架
TVGn65SFWh,白色 品牌30 65英寸 电视机（超级全高清）,电视机,品牌30,65英寸,超级全高清,白色,8*1*1,3,CV63G,莎拉,收货,上架
CaRG12DoBe,米色 品牌03 1200 文件柜（带门式）,文件柜,品牌03,1200,带门式,米色,8*1*1,5,DN91B,大卫,收货,上架
DrRG12FiBl,黑色 品牌03 1200 抽屉柜（文件收纳）,抽屉柜,品牌03,1200,文件收纳,黑色,8*1*1,7,AI33A,简,收货,上架
LaOv14i7Wh,白色 品牌13 14英寸 笔记本电脑（第7代处理器）,笔记本电脑,品牌13,14英寸,第7代处理器,白色,16*1*1,9,DP18H,亚历克斯,收货,上架
TVYn32SFGr,灰色 品牌15 32英寸 电视机（超级全高清）,电视机,品牌15,32英寸,超级全高清,灰色,8*1*1,3,BJ41G,艾米,收货,上架
GaAESAdWh,白色 品牌05 小号 游戏椅（可调节）,游戏椅,品牌05,小号,可调节,白色,16*1*1,4,AG89D,大卫,收货,上架
PrNoA2AlMi,混合色 品牌26 二号纸 打印机（一体式）,打印机,品牌26,二号纸,一体式,混合色,16*1*1,8,BP13C,迈克,收货,上架
PrNoA4MoGr,灰色 品牌26 四号纸 打印机（黑白）,打印机,品牌26,四号纸,黑白,灰色,16*1*1,9,BP67H,莎拉,收货,上架
KeSu35ErWh,白色 品牌11 350 键盘（人体工学）,键盘,品牌11,350,人体工学,白色,16*10*1,5,DZ72A,艾米,收货,上架
NoScA4liSi,银色 品牌17 四号纸 笔记本（线条）,笔记本,品牌17,四号纸,线条,银色,48*10*5,316,BM55C,大卫,收货,上架
PrPHA2LaBl,黑色 品牌12 二号纸 打印机（激光）,打印机,品牌12,二号纸,激光,黑色,16*1*1,14,DW55C,劳拉,收货,上架
GaAESErGr,灰色 品牌05 小号 游戏椅（人体工学）,游戏椅,品牌05,小号,人体工学,灰色,16*1*1,10,CZ90E,亚历克斯,收货,上架
AlSu1432Bl,黑色 品牌11 14英寸 一体机（32吉字节内存）,一体机,品牌11,14英寸,32吉字节内存,黑色,16*1*1,5,AM05H,艾米丽,收货,上架
AlSu148GBl,黑色 品牌11 14英寸 一体机（8吉字节内存）,一体机,品牌11,14英寸,8吉字节内存,黑色,16*1*1,16,BF91D,艾米,收货,上架
AlPH1516Gr,灰色 品牌12 15英寸 一体机（16吉字节内存）,一体机,品牌12,15英寸,16吉字节内存,灰色,16*1*1,4,CS27A,简,收货,上架
LaRe17i5Gr,灰色 品牌14 17英寸 笔记本电脑（第5代处理器）,笔记本电脑,品牌14,17英寸,第5代处理器,灰色,16*1*1,13,AX40H,克里斯,收货,上架
LaOv1532Wh,白色 品牌13 15英寸 笔记本电脑（32吉字节内存）,笔记本电脑,品牌13,15英寸,32吉字节内存,白色,16*1*1,14,AL77C,大卫,收货,上架
PeAl50HeGr,灰色 品牌20 50 铅笔（六角形）,铅笔,品牌20,50,六角形,灰色,48*10*5,1854,CM87A,艾米丽,收货,上架
DrTE18DoBl,黑色 品牌04 1800 抽屉柜（带门式）,抽屉柜,品牌04,1800,带门式,黑色,8*1*1,6,DV51D,亚历克斯,收货,上架
TVYn50S4Si,银色 品牌15 50英寸 电视机（超级超高清）,电视机,品牌15,50英寸,超级超高清,银色,8*1*1,2,AL55G,克里斯,收货,上架
NoScA5doWh,白色 品牌17 五号纸 笔记本（点阵）,笔记本,品牌17,五号纸,点阵,白色,48*10*5,1147,BL14C,迈克,收货,上架
TaTR10FrSi,银色 品牌29 1000 桌子（框架式）,桌子,品牌29,1000,框架式,银色,8*1*1,4,AO76H,简,收货,上架
OfOGSLeGr,灰色 品牌07 小号 办公椅（皮革）,办公椅,品牌07,小号,皮革,灰色,16*1*1,7,AZ21F,大卫,收货,上架
CaRG90DoBl,黑色 品牌03 900 文件柜（带门式）,文件柜,品牌03,900,带门式,黑色,8*1*1,1,CM11G,莎拉,收货,上架
DrRG18FiGr,灰色 品牌03 1800 抽屉柜（文件收纳）,抽屉柜,品牌03,1800,文件收纳,灰色,8*1*1,2,DQ56F,莎拉,收货,上架
PrPHA4MoGr,灰色 品牌12 四号纸 打印机（黑白）,打印机,品牌12,四号纸,黑白,灰色,16*1*1,13,BQ05G,约翰,收货,上架
LaRe158GSi,银色 品牌14 15英寸 笔记本电脑（8吉字节内存）,笔记本电脑,品牌14,15英寸,8吉字节内存,银色,16*1*1,6,AF92D,克里斯,收货,上架
CaQE18LoBl,黑色 品牌01 1800 文件柜（储物锁柜）,文件柜,品牌01,1800,储物锁柜,黑色,8*1*1,8,DO82B,亚历克斯,收货,上架
MoSu35ErWh,白色 品牌11 350 鼠标（人体工学）,鼠标,品牌11,350,人体工学,白色,16*10*1,45,CO42F,克里斯,收货,上架
MoRe35MeWh,白色 品牌10 350 鼠标（机械式）,鼠标,品牌10,350,机械式,白色,16*10*1,121,AF16B,莎拉,收货,上架
MoSu27WiWh,白色 品牌11 270 鼠标（有线）,鼠标,品牌11,270,有线,白色,16*10*1,53,CR95D,克里斯,收货,上架
OfAELLeGr,灰色 品牌05 大号 办公椅（皮革）,办公椅,品牌05,大号,皮革,灰色,16*1*1,7,CQ11G,亚历克斯,收货,上架
CaRG18LoWh,白色 品牌03 1800 文件柜（储物锁柜）,文件柜,品牌03,1800,储物锁柜,白色,8*1*1,5,DM63G,艾米丽,收货,上架
LaRe1432Gr,灰色 品牌14 14英寸 笔记本电脑（32吉字节内存）,笔记本电脑,品牌14,14英寸,32吉字节内存,灰色,16*1*1,8,DS93E,艾米丽,收货,上架
PrNoA4AlMi,混合色 品牌26 四号纸 打印机（一体式）,打印机,品牌26,四号纸,一体式,混合色,16*1*1,10,CP64C,约翰,收货,上架
CuQE18LoGr,灰色 品牌01 1800 储物柜（储物锁柜）,储物柜,品牌01,1800,储物锁柜,灰色,8*1*1,6,BN61A,艾米丽,收货,上架
SPNa24SoGr,灰色 品牌23 24 触控笔（可溶性）,触控笔,品牌23,24,可溶性,灰色,48*10*5,2016,BY11C,大卫,收货,上架
CuQE90FiGr,灰色 品牌01 900 储物柜（文件收纳）,储物柜,品牌01,900,文件收纳,灰色,8*1*1,5,AZ05C,劳拉,收货,上架
CaRG12LoBe,米色 品牌03 1200 文件柜（储物锁柜）,文件柜,品牌03,1200,储物锁柜,米色,8*1*1,1,BF76F,艾米,收货,上架
DrQE90FiBl,黑色 品牌01 900 抽屉柜（文件收纳）,抽屉柜,品牌01,900,文件收纳,黑色,8*1*1,8,DJ07A,莎拉,收货,上架
KeRe45WiNa,藏青色 品牌10 450 键盘（有线）,键盘,品牌10,450,有线,藏青色,16*10*1,115,BH20F,迈克,收货,上架
MoSu27WiNa,藏青色 品牌11 270 鼠标（有线）,鼠标,品牌11,270,有线,藏青色,16*10*1,6,AL49G,简,收货,上架
GaOGLAdPi,粉色 品牌07 大号 游戏椅（可调节）,游戏椅,品牌07,大号,可调节,粉色,16*1*1,9,DH36F,约翰,收货,上架
CuQE18LoWh,白色 品牌01 1800 储物柜（储物锁柜）,储物柜,品牌01,1800,储物锁柜,白色,8*1*1,3,CF98C,劳拉,收货,上架
OfAESLeGr,灰色 品牌05 小号 办公椅（皮革）,办公椅,品牌05,小号,皮革,灰色,16*1*1,11,AW17H,亚历克斯,收货,上架
GaXESAdPi,粉色 品牌06 小号 游戏椅（可调节）,游戏椅,品牌06,小号,可调节,粉色,16*1*1,12,AL98E,约翰,收货,上架
MoPH45MeWh,白色 品牌12 450 鼠标（机械式）,鼠标,品牌12,450,机械式,白色,16*10*1,64,AI42E,亚历克斯,收货,上架
TaAE10WoGr,灰色 品牌05 1000 桌子（工作站）,桌子,品牌05,1000,工作站,灰色,8*1*1,2,DF57H,亚历克斯,收货,上架
TaTR15WoBl,黑色 品牌29 1500 桌子（工作站）,桌子,品牌29,1500,工作站,黑色,8*1*1,3,DO24C,大卫,收货,上架
LaRe14i5Gr,灰色 品牌14 14英寸 笔记本电脑（第5代处理器）,笔记本电脑,品牌14,14英寸,第5代处理器,灰色,16*1*1,14,BG31E,简,收货,上架
KeHc27WiBl,黑色 品牌09 270 键盘（有线）,键盘,品牌09,270,有线,黑色,16*10*1,154,CV14C,亚历克斯,收货,上架
PrSoA3LaMi,混合色 品牌25 三号纸 打印机（激光）,打印机,品牌25,三号纸,激光,混合色,16*1*1,5,AW82B,大卫,收货,上架
OfXELErWh,白色 品牌06 大号 办公椅（人体工学）,办公椅,品牌06,大号,人体工学,白色,16*1*1,3,DP79D,简,收货,上架
CuQE18FiBe,米色 品牌01 1800 储物柜（文件收纳）,储物柜,品牌01,1800,文件收纳,米色,8*1*1,5,CR01F,克里斯,收货,上架
CaQE12DoBe,米色 品牌01 1200 文件柜（带门式）,文件柜,品牌01,1200,带门式,米色,8*1*1,8,BF73F,简,收货,上架
SPGi50HeGr,灰色 品牌21 50 触控笔（六角形）,触控笔,品牌21,50,六角形,灰色,48*10*5,2094,DW35B,艾米,收货,上架
TVGL50S4Gr,灰色 品牌31 50英寸 电视机（超级超高清）,电视机,品牌31,50英寸,超级超高清,灰色,8*1*1,4,DI15A,莎拉,收货,上架
CuTE90LoBl,黑色 品牌04 900 储物柜（储物锁柜）,储物柜,品牌04,900,储物锁柜,黑色,8*1*1,1,CO82A,劳拉,收货,上架
LaSu178GGr,灰色 品牌11 17英寸 笔记本电脑（8吉字节内存）,笔记本电脑,品牌11,17英寸,8吉字节内存,灰色,16*1*1,2,DO30B,艾米,收货,上架
TVGL32SFSi,银色 品牌31 32英寸 电视机（超级全高清）,电视机,品牌31,32英寸,超级全高清,银色,8*1*1,5,AY48F,艾米,收货,上架
SPAl12WaGr,灰色 品牌20 12 触控笔（水彩）,触控笔,品牌20,12,水彩,灰色,48*10*5,418,CI30C,艾米丽,收货,上架
SPNa24SoPi,粉色 品牌23 24 触控笔（可溶性）,触控笔,品牌23,24,可溶性,粉色,48*10*5,808,DX51A,大卫,收货,上架
OfOGSLeGr,灰色 品牌07 小号 办公椅（皮革）,办公椅,品牌07,小号,皮革,灰色,16*1*1,4,CQ69F,迈克,收货,上架
AlSu1532Gr,灰色 品牌11 15英寸 一体机（32吉字节内存）,一体机,品牌11,15英寸,32吉字节内存,灰色,16*1*1,6,AF78F,莎拉,收货,上架
CuTE12FiWh,白色 品牌04 1200 储物柜（文件收纳）,储物柜,品牌04,1200,文件收纳,白色,8*1*1,6,BX20A,简,收货,上架
DrQE18LoGr,灰色 品牌01 1800 抽屉柜（储物锁柜）,抽屉柜,品牌01,1800,储物锁柜,灰色,8*1*1,7,BY88G,约翰,收货,上架
SPAl50SoPi,粉色 品牌20 50 触控笔（可溶性）,触控笔,品牌20,50,可溶性,粉色,48*10*5,494,CM66G,莎拉,收货,上架
TVEs504KSi,银色 品牌32 50英寸 电视机（超高清）,电视机,品牌32,50英寸,超高清,银色,8*1*1,3,DM27C,迈克,收货,上架
AlSu158GWh,白色 品牌11 15英寸 一体机（8吉字节内存）,一体机,品牌11,15英寸,8吉字节内存,白色,16*1*1,10,BY22H,迈克,收货,上架
PrSoA4MoGr,灰色 品牌25 四号纸 打印机（黑白）,打印机,品牌25,四号纸,黑白,灰色,16*1*1,13,AH75G,大卫,收货,上架
CaWE18SlBe,米色 品牌02 1800 文件柜（滑动式）,文件柜,品牌02,1800,滑动式,米色,8*1*1,1,CM11G,简,收货,上架
CuTE18SlBe,米色 品牌04 1800 储物柜（滑动式）,储物柜,品牌04,1800,滑动式,米色,8*1*1,8,BL87E,简,收货,上架
AlYn1532Bl,黑色 品牌15 15英寸 一体机（32吉字节内存）,一体机,品牌15,15英寸,32吉字节内存,黑色,16*1*1,5,CK52G,劳拉,收货,上架
OfXESHeBl,黑色 品牌06 小号 办公椅（头枕）,办公椅,品牌06,小号,头枕,黑色,16*1*1,14,CK17A,艾米,收货,上架
MoPH35ErPi,粉色 品牌12 350 鼠标（人体工学）,鼠标,品牌12,350,人体工学,粉色,16*10*1,66,BG04H,艾米丽,收货,上架
TaCI15AdWh,白色 品牌27 1500 桌子（可调节）,桌子,品牌27,1500,可调节,白色,8*1*1,4,CI03F,莎拉,收货,上架
MoSu27BlPi,粉色 品牌11 270 鼠标（蓝牙）,鼠标,品牌11,270,蓝牙,粉色,16*10*1,69,DG21A,莎拉,收货,上架
NoScA4ruBl,黑色 品牌17 四号纸 笔记本（横线）,笔记本,品牌17,四号纸,横线,黑色,48*10*5,1814,CZ31D,约翰,收货,上架
PrNoA2WiWh,白色 品牌26 二号纸 打印机（无线网络）,打印机,品牌26,二号纸,无线网络,白色,16*1*1,14,AZ06B,大卫,收货,上架
KeHc45BlWh,白色 品牌09 450 键盘（蓝牙）,键盘,品牌09,450,蓝牙,白色,16*10*1,42,AR65E,亚历克斯,收货,上架
PeRe50WaBl,黑色 品牌22 50 铅笔（水彩）,铅笔,品牌22,50,水彩,黑色,48*10*5,765,DP20H,亚历克斯,收货,上架
CaQE18SlGr,灰色 品牌01 1800 文件柜（滑动式）,文件柜,品牌01,1800,滑动式,灰色,8*1*1,3,CN13B,劳拉,收货,上架
PeGi12SoWh,白色 品牌21 12 铅笔（可溶性）,铅笔,品牌21,12,可溶性,白色,48*10*5,1429,AX50D,劳拉,收货,上架
AlYn17i7Si,银色 品牌15 17英寸 一体机（第7代处理器）,一体机,品牌15,17英寸,第7代处理器,银色,16*1*1,3,CR19C,约翰,收货,上架
PrPHA2InWh,白色 品牌12 二号纸 打印机（喷墨）,打印机,品牌12,二号纸,喷墨,白色,16*1*1,12,AU02B,约翰,收货,上架
DrTE12DoGr,灰色 品牌04 1200 抽屉柜（带门式）,抽屉柜,品牌04,1200,带门式,灰色,8*1*1,6,BG06C,迈克,收货,上架
MoRe27WiBl,黑色 品牌10 270 鼠标（有线）,鼠标,品牌10,270,有线,黑色,16*10*1,32,DF69C,简,收货,上架
AlRe14i5Bl,黑色 品牌14 14英寸 一体机（第5代处理器）,一体机,品牌14,14英寸,第5代处理器,黑色,16*1*1,16,DP63G,克里斯,收货,上架
DrWE18FiWh,白色 品牌02 1800 抽屉柜（文件收纳）,抽屉柜,品牌02,1800,文件收纳,白色,8*1*1,2,CG62C,大卫,收货,上架
OfSESErGr,灰色 品牌08 小号 办公椅（人体工学）,办公椅,品牌08,小号,人体工学,灰色,16*1*1,15,CK26F,约翰,收货,上架
CuQE90LoBl,黑色 品牌01 900 储物柜（储物锁柜）,储物柜,品牌01,900,储物锁柜,黑色,8*1*1,1,BS93E,简,收货,上架
CuQE90DoWh,白色 品牌01 900 储物柜（带门式）,储物柜,品牌01,900,带门式,白色,8*1*1,6,CJ58C,劳拉,收货,上架
AlRe1416Gr,灰色 品牌14 14英寸 一体机（16吉字节内存）,一体机,品牌14,14英寸,16吉字节内存,灰色,16*1*1,1,BX43G,简,收货,上架
SPAl12WaWh,白色 品牌20 12 触控笔（水彩）,触控笔,品牌20,12,水彩,白色,48*10*5,19,BN89B,克里斯,收货,上架
DrRG18SlBl,黑色 品牌03 1800 抽屉柜（滑动式）,抽屉柜,品牌03,1800,滑动式,黑色,8*1*1,3,DJ80E,迈克,收货,上架
PrPHA4MoBl,黑色 品牌12 四号纸 打印机（黑白）,打印机,品牌12,四号纸,黑白,黑色,16*1*1,14,DW20A,克里斯,收货,上架
SPAl12HeWh,白色 品牌20 12 触控笔（六角形）,触控笔,品牌20,12,六角形,白色,48*10*5,668,AY03C,亚历克斯,收货,上架
DrWE90LoGr,灰色 品牌02 900 抽屉柜（储物锁柜）,抽屉柜,品牌02,900,储物锁柜,灰色,8*1*1,7,AP80G,莎拉,收货,上架
TaTR18AuSi,银色 品牌28 1800 桌子（自动调节）,桌子,品牌28,1800,自动调节,银色,8*1*1,8,CR29B,劳拉,收货,上架
GaSESAdBl,黑色 品牌08 小号 游戏椅（可调节）,游戏椅,品牌08,小号,可调节,黑色,16*1*1,8,BT03B,克里斯,收货,上架
OfSELLeWh,白色 品牌08 大号 办公椅（皮革）,办公椅,品牌08,大号,皮革,白色,16*1*1,12,DI40C,亚历克斯,收货,上架
NoExA4doBl,黑色 品牌16 四号纸 笔记本（点阵）,笔记本,品牌16,四号纸,点阵,黑色,48*10*5,2320,BW11G,艾米,收货,上架
TaAE15WoWh,白色 品牌05 1500 桌子（工作站）,桌子,品牌05,1500,工作站,白色,8*1*1,2,CQ16G,迈克,收货,上架
LaRe148GSi,银色 品牌14 14英寸 笔记本电脑（8吉字节内存）,笔记本电脑,品牌14,14英寸,8吉字节内存,银色,16*1*1,6,BY39G,迈克,收货,上架
TVGn65SFWh,白色 品牌30 65英寸 电视机（超级全高清）,电视机,品牌30,65英寸,超级全高清,白色,8*1*1,5,DI74E,克里斯,收货,上架
KeSu35BlWh,白色 品牌11 350 键盘（蓝牙）,键盘,品牌11,350,蓝牙,白色,16*10*1,86,DG81H,劳拉,收货,上架
MoRe45WiNa,藏青色 品牌10 450 鼠标（有线）,鼠标,品牌10,450,有线,藏青色,16*10*1,108,CM77G,亚历克斯,收货,上架
TaCI10AdSi,银色 品牌27 1000 桌子（可调节）,桌子,品牌27,1000,可调节,银色,8*1*1,1,CQ09E,大卫,收货,上架
AlOv1416Bl,黑色 品牌13 14英寸 一体机（16吉字节内存）,一体机,品牌13,14英寸,16吉字节内存,黑色,16*1*1,2,DQ64A,大卫,收货,上架
PrReA2LaBl,黑色 品牌24 二号纸 打印机（激光）,打印机,品牌24,二号纸,激光,黑色,16*1*1,1,BT64B,劳拉,收货,上架
TVGn324KWh,白色 品牌30 32英寸 电视机（超高清）,电视机,品牌30,32英寸,超高清,白色,8*1*1,8,DW54H,简,收货,上架
OfSEMLeWh,白色 品牌08 中号 办公椅（皮革）,办公椅,品牌08,中号,皮革,白色,16*1*1,6,CJ17B,大卫,收货,上架
PrPHA4WiBl,黑色 品牌12 四号纸 打印机（无线网络）,打印机,品牌12,四号纸,无线网络,黑色,16*1*1,11,DF40H,约翰,收货,上架
LaSu15i5Wh,白色 品牌11 15英寸 笔记本电脑（第5代处理器）,笔记本电脑,品牌11,15英寸,第5代处理器,白色,16*1*1,12,CK24H,约翰,收货,上架
TaTR15AuSi,银色 品牌28 1500 桌子（自动调节）,桌子,品牌28,1500,自动调节,银色,8*1*1,6,BK10A,简,收货,上架
AlRe14i5Gr,灰色 品牌14 14英寸 一体机（第5代处理器）,一体机,品牌14,14英寸,第5代处理器,灰色,16*1*1,6,CJ30F,迈克,收货,上架
CaTE12LoBe,米色 品牌04 1200 文件柜（储物锁柜）,文件柜,品牌04,1200,储物锁柜,米色,8*1*1,5,CQ54A,艾米,收货,上架
TVEs75FHBl,黑色 品牌32 75英寸 电视机（全高清）,电视机,品牌32,75英寸,全高清,黑色,8*1*1,8,BY48F,艾米丽,收货,上架
AlSu178GWh,白色 品牌11 17英寸 一体机（8吉字节内存）,一体机,品牌11,17英寸,8吉字节内存,白色,16*1*1,8,DM49A,约翰,收货,上架
CaRG12DoWh,白色 品牌03 1200 文件柜（带门式）,文件柜,品牌03,1200,带门式,白色,8*1*1,3,DH45H,迈克,收货,上架
MoSu35BlNa,藏青色 品牌11 350 鼠标（蓝牙）,鼠标,品牌11,350,蓝牙,藏青色,16*10*1,62,BP90C,劳拉,收货,上架
NoExA3ruWh,白色 品牌16 三号纸 笔记本（横线）,笔记本,品牌16,三号纸,横线,白色,48*10*5,797,BZ14C,亚历克斯,收货,上架
PeGi24WaWh,白色 品牌21 24 铅笔（水彩）,铅笔,品牌21,24,水彩,白色,48*10*5,422,CN92D,艾米,收货,上架
AlPH15i5Si,银色 品牌12 15英寸 一体机（第5代处理器）,一体机,品牌12,15英寸,第5代处理器,银色,16*1*1,1,DU25E,迈克,收货,上架
KeHc27MeNa,藏青色 品牌09 270 键盘（机械式）,键盘,品牌09,270,机械式,藏青色,16*10*1,35,AT89C,劳拉,收货,上架
TVYn65S4Bl,黑色 品牌15 65英寸 电视机（超级超高清）,电视机,品牌15,65英寸,超级超高清,黑色,8*1*1,3,CH27G,艾米,收货,上架
SPNa12WaGr,灰色 品牌23 12 触控笔（水彩）,触控笔,品牌23,12,水彩,灰色,48*10*5,987,AU08F,莎拉,收货,上架
AlRe178GSi,银色 品牌14 17英寸 一体机（8吉字节内存）,一体机,品牌14,17英寸,8吉字节内存,银色,16*1*1,7,DF91B,莎拉,收货,上架
OfAELHeGr,灰色 品牌05 大号 办公椅（头枕）,办公椅,品牌05,大号,头枕,灰色,16*1*1,15,AV97H,亚历克斯,收货,上架
GaAEMLeWh,白色 品牌05 中号 游戏椅（皮革）,游戏椅,品牌05,中号,皮革,白色,16*1*1,9,AW56C,克里斯,收货,上架
OfXESErWh,白色 品牌06 小号 办公椅（人体工学）,办公椅,品牌06,小号,人体工学,白色,16*1*1,14,AQ12H,迈克,收货,上架
MoPH35MeNa,藏青色 品牌12 350 鼠标（机械式）,鼠标,品牌12,350,机械式,藏青色,16*10*1,96,CP62C,亚历克斯,收货,上架
CuTE12LoBl,黑色 品牌04 1200 储物柜（储物锁柜）,储物柜,品牌04,1200,储物锁柜,黑色,8*1*1,7,DV53D,莎拉,收货,上架
OfOGMHePi,粉色 品牌07 中号 办公椅（头枕）,办公椅,品牌07,中号,头枕,粉色,16*1*1,4,AQ50H,约翰,收货,上架
TVGn75S4Gr,灰色 品牌30 75英寸 电视机（超级超高清）,电视机,品牌30,75英寸,超级超高清,灰色,8*1*1,8,BW15F,艾米,收货,上架
DrQE90DoWh,白色 品牌01 900 抽屉柜（带门式）,抽屉柜,品牌01,900,带门式,白色,8*1*1,4,AI94D,克里斯,收货,上架
PeRe24HeBl,黑色 品牌22 24 铅笔（六角形）,铅笔,品牌22,24,六角形,黑色,48*10*5,1086,AP72E,亚历克斯,收货,上架
SPAl12SoWh,白色 品牌20 12 触控笔（可溶性）,触控笔,品牌20,12,可溶性,白色,48*10*5,1059,BI51E,艾米,收货,上架
OfXELLeGr,灰色 品牌06 大号 办公椅（皮革）,办公椅,品牌06,大号,皮革,灰色,16*1*1,13,CV36F,约翰,收货,上架
LaPH148GWh,白色 品牌12 14英寸 笔记本电脑（8吉字节内存）,笔记本电脑,品牌12,14英寸,8吉字节内存,白色,16*1*1,13,BM85A,大卫,收货,上架
DrTE18DoWh,白色 品牌04 1800 抽屉柜（带门式）,抽屉柜,品牌04,1800,带门式,白色,8*1*1,7,CI01F,艾米,收货,上架
PrSoA4WiWh,白色 品牌25 四号纸 打印机（无线网络）,打印机,品牌25,四号纸,无线网络,白色,16*1*1,2,AP49B,艾米,收货,上架
GaXESErPi,粉色 品牌06 小号 游戏椅（人体工学）,游戏椅,品牌06,小号,人体工学,粉色,16*1*1,16,DX68G,约翰,收货,上架
LaOv1716Bl,黑色 品牌13 17英寸 笔记本电脑（16吉字节内存）,笔记本电脑,品牌13,17英寸,16吉字节内存,黑色,16*1*1,2,BG05C,亚历克斯,收货,上架
LaYn1432Bl,黑色 品牌15 14英寸 笔记本电脑（32吉字节内存）,笔记本电脑,品牌15,14英寸,32吉字节内存,黑色,16*1*1,16,BH86E,莎拉,收货,上架
CuRG90DoBl,黑色 品牌03 900 储物柜（带门式）,储物柜,品牌03,900,带门式,黑色,8*1*1,2,BX04G,亚历克斯,收货,上架
LaRe1516Wh,白色 品牌14 15英寸 笔记本电脑（16吉字节内存）,笔记本电脑,品牌14,15英寸,16吉字节内存,白色,16*1*1,9,BI24C,艾米,收货,上架
MoPH27MeNa,藏青色 品牌12 270 鼠标（机械式）,鼠标,品牌12,270,机械式,藏青色,16*10*1,53,DG67A,克里斯,收货,上架
SPNa50WaBl,黑色 品牌23 50 触控笔（水彩）,触控笔,品牌23,50,水彩,黑色,48*10*5,475,AN61F,艾米丽,收货,上架
CaRG12LoBe,米色 品牌03 1200 文件柜（储物锁柜）,文件柜,品牌03,1200,储物锁柜,米色,8*1*1,7,DW78D,简,收货,上架
LaYn15i7Wh,白色 品牌15 15英寸 笔记本电脑（第7代处理器）,笔记本电脑,品牌15,15英寸,第7代处理器,白色,16*1*1,6,BM04E,克里斯,收货,上架
CuRG12FiBl,黑色 品牌03 1200 储物柜（文件收纳）,储物柜,品牌03,1200,文件收纳,黑色,8*1*1,7,AL95G,大卫,收货,上架
AlYn178GSi,银色 品牌15 17英寸 一体机（8吉字节内存）,一体机,品牌15,17英寸,8吉字节内存,银色,16*1*1,14,AS86H,大卫,收货,上架
OfAELHeWh,白色 品牌05 大号 办公椅（头枕）,办公椅,品牌05,大号,头枕,白色,16*1*1,13,DF30C,劳拉,收货,上架
TaCI10FrWh,白色 品牌27 1000 桌子（框架式）,桌子,品牌27,1000,框架式,白色,8*1*1,4,BW04A,莎拉,收货,上架
OfSESAdPi,粉色 品牌08 小号 办公椅（可调节）,办公椅,品牌08,小号,可调节,粉色,16*1*1,8,CN57A,亚历克斯,收货,上架
TaAE18AuGr,灰色 品牌05 1800 桌子（自动调节）,桌子,品牌05,1800,自动调节,灰色,8*1*1,2,CN79F,克里斯,收货,上架
PeAl12HeGr,灰色 品牌20 12 铅笔（六角形）,铅笔,品牌20,12,六角形,灰色,48*10*5,91,AU25C,莎拉,收货,上架
AlPH148GGr,灰色 品牌12 14英寸 一体机（8吉字节内存）,一体机,品牌12,14英寸,8吉字节内存,灰色,16*1*1,13,CF27C,艾米丽,收货,上架
PrSoA2WiMi,混合色 品牌25 二号纸 打印机（无线网络）,打印机,品牌25,二号纸,无线网络,混合色,16*1*1,4,DF16C,艾米,收货,上架
TVGL754KGr,灰色 品牌31 75英寸 电视机（超高清）,电视机,品牌31,75英寸,超高清,灰色,8*1*1,6,BL07D,约翰,收货,上架
PrNoA4AlMi,混合色 品牌26 四号纸 打印机（一体式）,打印机,品牌26,四号纸,一体式,混合色,16*1*1,11,BV97G,艾米,收货,上架
LaSu1716Gr,灰色 品牌11 17英寸 笔记本电脑（16吉字节内存）,笔记本电脑,品牌11,17英寸,16吉字节内存,灰色,16*1*1,2,CX62F,莎拉,收货,上架
AlOv1432Bl,黑色 品牌13 14英寸 一体机（32吉字节内存）,一体机,品牌13,14英寸,32吉字节内存,黑色,16*1*1,6,BG05H,约翰,收货,上架
AlSu14i7Bl,黑色 品牌11 14英寸 一体机（第7代处理器）,一体机,品牌11,14英寸,第7代处理器,黑色,16*1*1,12,DI59E,亚历克斯,收货,上架
TVGn32S4Wh,白色 品牌30 32英寸 电视机（超级超高清）,电视机,品牌30,32英寸,超级超高清,白色,8*1*1,7,AL87E,迈克,收货,上架
SPNa12WaGr,灰色 品牌23 12 触控笔（水彩）,触控笔,品牌23,12,水彩,灰色,48*10*5,1314,CI04B,简,收货,上架
AlRe17i5Gr,灰色 品牌14 17英寸 一体机（第5代处理器）,一体机,品牌14,17英寸,第5代处理器,灰色,16*1*1,5,BT43C,简,收货,上架
AlRe148GGr,灰色 品牌14 14英寸 一体机（8吉字节内存）,一体机,品牌14,14英寸,8吉字节内存,灰色,16*1*1,1,AR53A,约翰,收货,上架
AlOv14i7Bl,黑色 品牌13 14英寸 一体机（第7代处理器）,一体机,品牌13,14英寸,第7代处理器,黑色,16*1*1,2,DK75D,简,收货,上架
AlYn178GGr,灰色 品牌15 17英寸 一体机（8吉字节内存）,一体机,品牌15,17英寸,8吉字节内存,灰色,16*1*1,8,CI58D,艾米丽,收货,上架
TVGn42S4Si,银色 品牌30 42英寸 电视机（超级超高清）,电视机,品牌30,42英寸,超级超高清,银色,8*1*1,7,CQ62E,莎拉,收货,上架
TVYn324KSi,银色 品牌15 32英寸 电视机（超高清）,电视机,品牌15,32英寸,超高清,银色,8*1*1,4,CY09D,迈克,收货,上架
CaTE18DoWh,白色 品牌04 1800 文件柜（带门式）,文件柜,品牌04,1800,带门式,白色,8*1*1,5,AH30C,迈克,收货,上架
TVGL32S4Gr,灰色 品牌31 32英寸 电视机（超级超高清）,电视机,品牌31,32英寸,超级超高清,灰色,8*1*1,4,AK44B,迈克,收货,上架
TaTR15WoGr,灰色 品牌29 1500 桌子（工作站）,桌子,品牌29,1500,工作站,灰色,8*1*1,8,DG36G,亚历克斯,收货,上架
TaAE10WoGr,灰色 品牌05 1000 桌子（工作站）,桌子,品牌05,1000,工作站,灰色,8*1*1,3,DZ28A,亚历克斯,收货,上架
CaTE90FiBl,黑色 品牌04 900 文件柜（文件收纳）,文件柜,品牌04,900,文件收纳,黑色,8*1*1,4,BV75H,亚历克斯,收货,上架
KePH45WiWh,白色 品牌12 450 键盘（有线）,键盘,品牌12,450,有线,白色,16*10*1,69,AR47A,大卫,收货,上架
TaCI10AuGr,灰色 品牌27 1000 桌子（自动调节）,桌子,品牌27,1000,自动调节,灰色,8*1*1,3,BI06C,迈克,收货,上架
DrTE18FiWh,白色 品牌04 1800 抽屉柜（文件收纳）,抽屉柜,品牌04,1800,文件收纳,白色,8*1*1,5,AU46F,大卫,收货,上架
GaXESHeGr,灰色 品牌06 小号 游戏椅（头枕）,游戏椅,品牌06,小号,头枕,灰色,16*1*1,5,BZ25E,约翰,收货,上架
TaTR10AuBl,黑色 品牌29 1000 桌子（自动调节）,桌子,品牌29,1000,自动调节,黑色,8*1*1,6,BG76E,迈克,收货,上架
AlOv1732Gr,灰色 品牌13 17英寸 一体机（32吉字节内存）,一体机,品牌13,17英寸,32吉字节内存,灰色,16*1*1,8,DW71C,劳拉,收货,上架
TaAE10FrSi,银色 品牌05 1000 桌子（框架式）,桌子,品牌05,1000,框架式,银色,8*1*1,8,BL22A,莎拉,收货,上架
PrSoA3MoMi,混合色 品牌25 三号纸 打印机（黑白）,打印机,品牌25,三号纸,黑白,混合色,16*1*1,4,AN87A,克里斯,收货,上架
TVGn75SFSi,银色 品牌30 75英寸 电视机（超级全高清）,电视机,品牌30,75英寸,超级全高清,银色,8*1*1,3,CH50F,亚历克斯,收货,上架
GaOGLHeGr,灰色 品牌07 大号 游戏椅（头枕）,游戏椅,品牌07,大号,头枕,灰色,16*1*1,3,BV62C,莎拉,收货,上架
TVEs75S4Wh,白色 品牌32 75英寸 电视机（超级超高清）,电视机,品牌32,75英寸,超级超高清,白色,8*1*1,1,BZ32D,莎拉,收货,上架
DrWE18LoGr,灰色 品牌02 1800 抽屉柜（储物锁柜）,抽屉柜,品牌02,1800,储物锁柜,灰色,8*1*1,8,DM61B,克里斯,收货,上架
SPRe50SoBl,黑色 品牌22 50 触控笔（可溶性）,触控笔,品牌22,50,可溶性,黑色,48*10*5,1536,AX09B,莎拉,收货,上架
PeRe12WaWh,白色 品牌22 12 铅笔（水彩）,铅笔,品牌22,12,水彩,白色,48*10*5,403,AV34F,艾米丽,收货,上架
TaTR10AdWh,白色 品牌28 1000 桌子（可调节）,桌子,品牌28,1000,可调节,白色,8*1*1,4,DU97F,约翰,收货,上架
CaTE18LoBe,米色 品牌04 1800 文件柜（储物锁柜）,文件柜,品牌04,1800,储物锁柜,米色,8*1*1,5,DI02G,劳拉,收货,上架
LaYn1716Si,银色 品牌15 17英寸 笔记本电脑（16吉字节内存）,笔记本电脑,品牌15,17英寸,16吉字节内存,银色,16*1*1,3,CK33E,劳拉,收货,上架
GaAELHePi,粉色 品牌05 大号 游戏椅（头枕）,游戏椅,品牌05,大号,头枕,粉色,16*1*1,12,DU69G,大卫,收货,上架
LaRe17i5Si,银色 品牌14 17英寸 笔记本电脑（第5代处理器）,笔记本电脑,品牌14,17英寸,第5代处理器,银色,16*1*1,13,CT60G,简,收货,上架
PrPHA4LaGr,灰色 品牌12 四号纸 打印机（激光）,打印机,品牌12,四号纸,激光,灰色,16*1*1,10,AF38G,艾米,收货,上架
TaAE15WoGr,灰色 品牌05 1500 桌子（工作站）,桌子,品牌05,1500,工作站,灰色,8*1*1,8,CT71H,莎拉,收货,上架
MoRe45WiWh,白色 品牌10 450 鼠标（有线）,鼠标,品牌10,450,有线,白色,16*10*1,22,AM81F,大卫,收货,上架
KeRe45BlWh,白色 品牌10 450 键盘（蓝牙）,键盘,品牌10,450,蓝牙,白色,16*10*1,159,DI10A,简,收货,上架
CuQE18FiBe,米色 品牌01 1800 储物柜（文件收纳）,储物柜,品牌01,1800,文件收纳,米色,8*1*1,6,CN64A,劳拉,收货,上架
NoScA5ruWh,白色 品牌17 五号纸 笔记本（横线）,笔记本,品牌17,五号纸,横线,白色,48*10*5,1600,DZ79C,莎拉,收货,上架
LaSu1716Bl,黑色 品牌11 17英寸 笔记本电脑（16吉字节内存）,笔记本电脑,品牌11,17英寸,16吉字节内存,黑色,16*1*1,5,CY06C,艾米丽,收货,上架
OfOGLAdGr,灰色 品牌07 大号 办公椅（可调节）,办公椅,品牌07,大号,可调节,灰色,16*1*1,15,BU19A,艾米,收货,上架
LaSu148GSi,银色 品牌11 14英寸 笔记本电脑（8吉字节内存）,笔记本电脑,品牌11,14英寸,8吉字节内存,银色,16*1*1,13,AU06E,艾米,收货,上架
LaOv1432Gr,灰色 品牌13 14英寸 笔记本电脑（32吉字节内存）,笔记本电脑,品牌13,14英寸,32吉字节内存,灰色,16*1*1,7,AH81A,大卫,收货,上架
OfAELErWh,白色 品牌05 大号 办公椅（人体工学）,办公椅,品牌05,大号,人体工学,白色,16*1*1,16,AT22D,迈克,收货,上架
PeGi24WaWh,白色 品牌21 24 铅笔（水彩）,铅笔,品牌21,24,水彩,白色,48*10*5,724,DG94D,大卫,收货,上架
AlYn17i5Wh,白色 品牌15 17英寸 一体机（第5代处理器）,一体机,品牌15,17英寸,第5代处理器,白色,16*1*1,7,CT86G,劳拉,收货,上架
PeRe12WaGr,灰色 品牌22 12 铅笔（水彩）,铅笔,品牌22,12,水彩,灰色,48*10*5,1295,BW26A,克里斯,收货,上架
PrNoA4InMi,混合色 品牌26 四号纸 打印机（喷墨）,打印机,品牌26,四号纸,喷墨,混合色,16*1*1,1,DQ85F,简,收货,上架
TVGn42FHGr,灰色 品牌30 42英寸 电视机（全高清）,电视机,品牌30,42英寸,全高清,灰色,8*1*1,3,CU29D,艾米,收货,上架
CaQE90LoGr,灰色 品牌01 900 文件柜（储物锁柜）,文件柜,品牌01,900,储物锁柜,灰色,8*1*1,6,BU23H,迈克,收货,上架
AlOv17i5Wh,白色 品牌13 17英寸 一体机（第5代处理器）,一体机,品牌13,17英寸,第5代处理器,白色,16*1*1,9,BR93A,简,收货,上架
PeAl12SoBl,黑色 品牌20 12 铅笔（可溶性）,铅笔,品牌20,12,可溶性,黑色,48*10*5,224,AI98F,劳拉,收货,上架
NoExA3doWh,白色 品牌16 三号纸 笔记本（点阵）,笔记本,品牌16,三号纸,点阵,白色,48*10*5,727,AT10E,艾米丽,收货,上架
LaOv1716Wh,白色 品牌13 17英寸 笔记本电脑（16吉字节内存）,笔记本电脑,品牌13,17英寸,16吉字节内存,白色,16*1*1,4,DQ01E,亚历克斯,收货,上架
DrWE90DoGr,灰色 品牌02 900 抽屉柜（带门式）,抽屉柜,品牌02,900,带门式,灰色,8*1*1,6,BU91B,简,收货,上架
PeAl24SoWh,白色 品牌20 24 铅笔（可溶性）,铅笔,品牌20,24,可溶性,白色,48*10*5,1101,CN28C,克里斯,收货,上架
AlPH148GBl,黑色 品牌12 14英寸 一体机（8吉字节内存）,一体机,品牌12,14英寸,8吉字节内存,黑色,16*1*1,5,AS24A,艾米,收货,上架
PeRe24WaGr,灰色 品牌22 24 铅笔（水彩）,铅笔,品牌22,24,水彩,灰色,48*10*5,782,BW34E,艾米,收货,上架
TVGL504KWh,白色 品牌31 50英寸 电视机（超高清）,电视机,品牌31,50英寸,超高清,白色,8*1*1,8,BN61A,艾米,收货,上架
NoMuA3doGr,灰色 品牌19 三号纸 笔记本（点阵）,笔记本,品牌19,三号纸,点阵,灰色,48*10*5,1389,DU62C,克里斯,收货,上架
AlRe15i5Gr,灰色 品牌14 15英寸 一体机（第5代处理器）,一体机,品牌14,15英寸,第5代处理器,灰色,16*1*1,1,CZ27E,莎拉,收货,上架
MoRe45BlNa,藏青色 品牌10 450 鼠标（蓝牙）,鼠标,品牌10,450,蓝牙,藏青色,16*10*1,135,DO79G,亚历克斯,收货,上架
TaTR15AdGr,灰色 品牌28 1500 桌子（可调节）,桌子,品牌28,1500,可调节,灰色,8*1*1,1,CO12B,迈克,收货,上架
NoScA3ruSi,银色 品牌17 三号纸 笔记本（横线）,笔记本,品牌17,三号纸,横线,银色,48*10*5,332,BI70H,简,收货,上架
PrNoA2InWh,白色 品牌26 二号纸 打印机（喷墨）,打印机,品牌26,二号纸,喷墨,白色,16*1*1,1,DI37F,大卫,收货,上架
OfOGSLePi,粉色 品牌07 小号 办公椅（皮革）,办公椅,品牌07,小号,皮革,粉色,16*1*1,14,CQ71G,劳拉,收货,上架
CuRG12LoWh,白色 品牌03 1200 储物柜（储物锁柜）,储物柜,品牌03,1200,储物锁柜,白色,8*1*1,4,CF05F,克里斯,收货,上架
NoMuA5doWh,白色 品牌19 五号纸 笔记本（点阵）,笔记本,品牌19,五号纸,点阵,白色,48*10*5,1702,BF73F,约翰,收货,上架
CaRG90SlBl,黑色 品牌03 900 文件柜（滑动式）,文件柜,品牌03,900,滑动式,黑色,8*1*1,5,AP53A,约翰,收货,上架
DrQE12SlGr,灰色 品牌01 1200 抽屉柜（滑动式）,抽屉柜,品牌01,1200,滑动式,灰色,8*1*1,8,CV36F,艾米丽,收货,上架
TVGL424KBl,黑色 品牌31 42英寸 电视机（超高清）,电视机,品牌31,42英寸,超高清,黑色,8*1*1,8,AV09E,劳拉,收货,上架
CaTE90SlBl,黑色 品牌04 900 文件柜（滑动式）,文件柜,品牌04,900,滑动式,黑色,8*1*1,4,DQ87G,劳拉,收货,上架
CaWE90DoBl,黑色 品牌02 900 文件柜（带门式）,文件柜,品牌02,900,带门式,黑色,8*1*1,3,AV13A,亚历克斯,收货,上架
TVEs65FHGr,灰色 品牌32 65英寸 电视机（全高清）,电视机,品牌32,65英寸,全高清,灰色,8*1*1,1,BH98G,简,收货,上架
AlPH178GGr,灰色 品牌12 17英寸 一体机（8吉字节内存）,一体机,品牌12,17英寸,8吉字节内存,灰色,16*1*1,1,CZ75G,迈克,收货,上架
OfAEMHeBl,黑色 品牌05 中号 办公椅（头枕）,办公椅,品牌05,中号,头枕,黑色,16*1*1,16,CP29H,亚历克斯,收货,上架
LaPH158GGr,灰色 品牌12 15英寸 笔记本电脑（8吉字节内存）,笔记本电脑,品牌12,15英寸,8吉字节内存,灰色,16*1*1,10,DG34G,大卫,收货,上架
NoExA4liSi,银色 品牌16 四号纸 笔记本（线条）,笔记本,品牌16,四号纸,线条,银色,48*10*5,1649,CO97B,劳拉,收货,上架
OfAESAdGr,灰色 品牌05 小号 办公椅（可调节）,办公椅,品牌05,小号,可调节,灰色,16*1*1,6,DI75C,简,收货,上架
SPNa50HeWh,白色 品牌23 50 触控笔（六角形）,触控笔,品牌23,50,六角形,白色,48*10*5,1522,CJ33H,克里斯,收货,上架
TVEs754KGr,灰色 品牌32 75英寸 电视机（超高清）,电视机,品牌32,75英寸,超高清,灰色,8*1*1,7,AY60C,简,收货,上架
CaRG90SlGr,灰色 品牌03 900 文件柜（滑动式）,文件柜,品牌03,900,滑动式,灰色,8*1*1,7,AQ01B,艾米,收货,上架
MoPH27MeWh,白色 品牌12 270 鼠标（机械式）,鼠标,品牌12,270,机械式,白色,16*10*1,132,AP46D,简,收货,上架
LaRe1432Wh,白色 品牌14 14英寸 笔记本电脑（32吉字节内存）,笔记本电脑,品牌14,14英寸,32吉字节内存,白色,16*1*1,16,BV61F,艾米丽,收货,上架
AlOv1532Si,银色 品牌13 15英寸 一体机（32吉字节内存）,一体机,品牌13,15英寸,32吉字节内存,银色,16*1*1,10,AM59E,亚历克斯,收货,上架
KeSu35ErNa,藏青色 品牌11 350 键盘（人体工学）,键盘,品牌11,350,人体工学,藏青色,16*10*1,113,DN13H,约翰,收货,上架
NoMuA4ruGr,灰色 品牌19 四号纸 笔记本（横线）,笔记本,品牌19,四号纸,横线,灰色,48*10*5,235,BI51G,莎拉,收货,上架
TVYn754KBl,黑色 品牌15 75英寸 电视机（超高清）,电视机,品牌15,75英寸,超高清,黑色,8*1*1,6,CP71B,艾米丽,收货,上架
AlYn14i5Gr,灰色 品牌15 14英寸 一体机（第5代处理器）,一体机,品牌15,14英寸,第5代处理器,灰色,16*1*1,7,CI50F,迈克,收货,上架
TaTR18AuGr,灰色 品牌29 1800 桌子（自动调节）,桌子,品牌29,1800,自动调节,灰色,8*1*1,4,BM79E,大卫,收货,上架
SPAl12HePi,粉色 品牌20 12 触控笔（六角形）,触控笔,品牌20,12,六角形,粉色,48*10*5,824,CU49G,莎拉,收货,上架
TaAE18WoWh,白色 品牌05 1800 桌子（工作站）,桌子,品牌05,1800,工作站,白色,8*1*1,3,CQ59G,亚历克斯,收货,上架
AlSu1532Gr,灰色 品牌11 15英寸 一体机（32吉字节内存）,一体机,品牌11,15英寸,32吉字节内存,灰色,16*1*1,1,BX12G,亚历克斯,收货,上架
KePH35BlWh,白色 品牌12 350 键盘（蓝牙）,键盘,品牌12,350,蓝牙,白色,16*10*1,123,BV46C,劳拉,收货,上架
TVGL75S4Wh,白色 品牌31 75英寸 电视机（超级超高清）,电视机,品牌31,75英寸,超级超高清,白色,8*1*1,2,BO24E,艾米,收货,上架
OfXELAdBl,黑色 品牌06 大号 办公椅（可调节）,办公椅,品牌06,大号,可调节,黑色,16*1*1,9,AT39F,艾米丽,收货,上架
PeNa12WaGr,灰色 品牌23 12 铅笔（水彩）,铅笔,品牌23,12,水彩,灰色,48*10*5,1803,DU15C,大卫,收货,上架
OfSEMHeGr,灰色 品牌08 中号 办公椅（头枕）,办公椅,品牌08,中号,头枕,灰色,16*1*1,4,AZ04G,劳拉,收货,上架
PeRe50SoPi,粉色 品牌22 50 铅笔（可溶性）,铅笔,品牌22,50,可溶性,粉色,48*10*5,962,DM63G,简,收货,上架
AlYn1416Wh,白色 品牌15 14英寸 一体机（16吉字节内存）,一体机,品牌15,14英寸,16吉字节内存,白色,16*1*1,16,AG49B,劳拉,收货,上架
CuQE90FiBe,米色 品牌01 900 储物柜（文件收纳）,储物柜,品牌01,900,文件收纳,米色,8*1*1,6,CH56F,劳拉,收货,上架
TaTR18AdWh,白色 品牌29 1800 桌子（可调节）,桌子,品牌29,1800,可调节,白色,8*1*1,4,AQ01F,艾米丽,收货,上架
TVGn504KGr,灰色 品牌30 50英寸 电视机（超高清）,电视机,品牌30,50英寸,超高清,灰色,8*1*1,7,BI35D,劳拉,收货,上架
AlSu178GGr,灰色 品牌11 17英寸 一体机（8吉字节内存）,一体机,品牌11,17英寸,8吉字节内存,灰色,16*1*1,14,AM98B,艾米丽,收货,上架
PrReA4InGr,灰色 品牌24 四号纸 打印机（喷墨）,打印机,品牌24,四号纸,喷墨,灰色,16*1*1,4,BV41G,克里斯,收货,上架
SPRe50HeBl,黑色 品牌22 50 触控笔（六角形）,触控笔,品牌22,50,六角形,黑色,48*10*5,608,BV66C,大卫,收货,上架
PrPHA2WiGr,灰色 品牌12 二号纸 打印机（无线网络）,打印机,品牌12,二号纸,无线网络,灰色,16*1*1,6,DX89B,艾米丽,收货,上架
OfSEMErGr,灰色 品牌08 中号 办公椅（人体工学）,办公椅,品牌08,中号,人体工学,灰色,16*1*1,1,AO50F,迈克,收货,上架
MoRe45BlPi,粉色 品牌10 450 鼠标（蓝牙）,鼠标,品牌10,450,蓝牙,粉色,16*10*1,74,AW77E,大卫,收货,上架
CaTE12DoBl,黑色 品牌04 1200 文件柜（带门式）,文件柜,品牌04,1200,带门式,黑色,8*1*1,7,BQ14E,迈克,收货,上架
LaOv148GBl,黑色 品牌13 14英寸 笔记本电脑（8吉字节内存）,笔记本电脑,品牌13,14英寸,8吉字节内存,黑色,16*1*1,7,BZ84F,艾米,收货,上架
MoSu45BlWh,白色 品牌11 450 鼠标（蓝牙）,鼠标,品牌11,450,蓝牙,白色,16*10*1,158,CM41C,克里斯,收货,上架
TVGL75S4Gr,灰色 品牌31 75英寸 电视机（超级超高清）,电视机,品牌31,75英寸,超级超高清,灰色,8*1*1,2,BT83E,大卫,收货,上架
TaTR15AdBl,黑色 品牌28 1500 桌子（可调节）,桌子,品牌28,1500,可调节,黑色,8*1*1,2,CY75A,约翰,收货,上架
KePH45BlPi,粉色 品牌12 450 键盘（蓝牙）,键盘,品牌12,450,蓝牙,粉色,16*10*1,68,BV63B,克里斯,收货,上架
PeNa12HeBl,黑色 品牌23 12 铅笔（六角形）,铅笔,品牌23,12,六角形,黑色,48*10*5,962,CS66H,莎拉,收货,上架
CuQE90SlBl,黑色 品牌01 900 储物柜（滑动式）,储物柜,品牌01,900,滑动式,黑色,8*1*1,3,CI88F,莎拉,收货,上架
SPRe24HeBl,黑色 品牌22 24 触控笔（六角形）,触控笔,品牌22,24,六角形,黑色,48*10*5,1868,CL15G,迈克,收货,上架
NoScA3ruGr,灰色 品牌17 三号纸 笔记本（横线）,笔记本,品牌17,三号纸,横线,灰色,48*10*5,291,BN23G,大卫,收货,上架
TVGL42S4Si,银色 品牌31 42英寸 电视机（超级超高清）,电视机,品牌31,42英寸,超级超高清,银色,8*1*1,2,AT69G,大卫,收货,上架
PrSoA2AlWh,白色 品牌25 二号纸 打印机（一体式）,打印机,品牌25,二号纸,一体式,白色,16*1*1,7,AN28E,劳拉,收货,上架
SPNa24HeWh,白色 品牌23 24 触控笔（六角形）,触控笔,品牌23,24,六角形,白色,48*10*5,831,DW93G,迈克,收货,上架
KeHc27BlWh,白色 品牌09 270 键盘（蓝牙）,键盘,品牌09,270,蓝牙,白色,16*10*1,138,DX13H,约翰,收货,上架
MoHc45WiPi,粉色 品牌09 450 鼠标（有线）,鼠标,品牌09,450,有线,粉色,16*10*1,80,CJ47A,简,收货,上架
AlSu15i7Gr,灰色 品牌11 15英寸 一体机（第7代处理器）,一体机,品牌11,15英寸,第7代处理器,灰色,16*1*1,16,CK77G,约翰,收货,上架
OfSELAdGr,灰色 品牌08 大号 办公椅（可调节）,办公椅,品牌08,大号,可调节,灰色,16*1*1,4,DJ75E,大卫,收货,上架
AlSu1516Si,银色 品牌11 15英寸 一体机（16吉字节内存）,一体机,品牌11,15英寸,16吉字节内存,银色,16*1*1,1,CJ10F,劳拉,收货,上架
CuQE12SlBe,米色 品牌01 1200 储物柜（滑动式）,储物柜,品牌01,1200,滑动式,米色,8*1*1,1,AX16F,亚历克斯,收货,上架
MoHc35MeWh,白色 品牌09 350 鼠标（机械式）,鼠标,品牌09,350,机械式,白色,16*10*1,58,CM87E,简,收货,上架
OfAEMAdWh,白色 品牌05 中号 办公椅（可调节）,办公椅,品牌05,中号,可调节,白色,16*1*1,6,AG90A,大卫,收货,上架
TVEs324KBl,黑色 品牌32 32英寸 电视机（超高清）,电视机,品牌32,32英寸,超高清,黑色,8*1*1,5,DK19G,约翰,收货,上架
GaOGLErBl,黑色 品牌07 大号 游戏椅（人体工学）,游戏椅,品牌07,大号,人体工学,黑色,16*1*1,8,AK10H,艾米丽,收货,上架
OfXESAdGr,灰色 品牌06 小号 办公椅（可调节）,办公椅,品牌06,小号,可调节,灰色,16*1*1,6,DW44B,艾米丽,收货,上架
CuTE90FiBe,米色 品牌04 900 储物柜（文件收纳）,储物柜,品牌04,900,文件收纳,米色,8*1*1,8,AU42A,亚历克斯,收货,上架
PrPHA2AlGr,灰色 品牌12 二号纸 打印机（一体式）,打印机,品牌12,二号纸,一体式,灰色,16*1*1,4,AJ59H,克里斯,收货,上架
GaOGLAdWh,白色 品牌07 大号 游戏椅（可调节）,游戏椅,品牌07,大号,可调节,白色,16*1*1,11,DM25G,艾米丽,收货,上架
TVYn32FHSi,银色 品牌15 32英寸 电视机（全高清）,电视机,品牌15,32英寸,全高清,银色,8*1*1,3,AV52E,艾米,收货,上架
CuQE18SlGr,灰色 品牌01 1800 储物柜（滑动式）,储物柜,品牌01,1800,滑动式,灰色,8*1*1,2,BV41H,艾米,收货,上架
LaOv158GGr,灰色 品牌13 15英寸 笔记本电脑（8吉字节内存）,笔记本电脑,品牌13,15英寸,8吉字节内存,灰色,16*1*1,2,BX51D,克里斯,收货,上架
LaOv17i5Gr,灰色 品牌13 17英寸 笔记本电脑（第5代处理器）,笔记本电脑,品牌13,17英寸,第5代处理器,灰色,16*1*1,14,AQ62B,约翰,收货,上架
TVGn65FHGr,灰色 品牌30 65英寸 电视机（全高清）,电视机,品牌30,65英寸,全高清,灰色,8*1*1,7,BX07A,克里斯,收货,上架
AlYn1732Bl,黑色 品牌15 17英寸 一体机（32吉字节内存）,一体机,品牌15,17英寸,32吉字节内存,黑色,16*1*1,12,BH38A,大卫,收货,上架
LaOv1516Si,银色 品牌13 15英寸 笔记本电脑（16吉字节内存）,笔记本电脑,品牌13,15英寸,16吉字节内存,银色,16*1*1,12,CZ50H,克里斯,收货,上架
TVYn32FHSi,银色 品牌15 32英寸 电视机（全高清）,电视机,品牌15,32英寸,全高清,银色,8*1*1,3,BV82E,简,收货,上架
DrQE90FiBl,黑色 品牌01 900 抽屉柜（文件收纳）,抽屉柜,品牌01,900,文件收纳,黑色,8*1*1,6,DY65E,亚历克斯,收货,上架
PeAl24HeBl,黑色 品牌20 24 铅笔（六角形）,铅笔,品牌20,24,六角形,黑色,48*10*5,1166,BY60B,劳拉,收货,上架
AlRe148GWh,白色 品牌14 14英寸 一体机（8吉字节内存）,一体机,品牌14,14英寸,8吉字节内存,白色,16*1*1,8,AS68A,亚历克斯,收货,上架
OfXESLePi,粉色 品牌06 小号 办公椅（皮革）,办公椅,品牌06,小号,皮革,粉色,16*1*1,4,BN71E,大卫,收货,上架
TVYn32SFWh,白色 品牌15 32英寸 电视机（超级全高清）,电视机,品牌15,32英寸,超级全高清,白色,8*1*1,2,CJ07C,大卫,收货,上架
OfAEMHePi,粉色 品牌05 中号 办公椅（头枕）,办公椅,品牌05,中号,头枕,粉色,16*1*1,15,BH94B,劳拉,收货,上架
OfSELHePi,粉色 品牌08 大号 办公椅（头枕）,办公椅,品牌08,大号,头枕,粉色,16*1*1,10,BG95A,简,收货,上架
CuRG12FiBe,米色 品牌03 1200 储物柜（文件收纳）,储物柜,品牌03,1200,文件收纳,米色,8*1*1,3,CN56F,大卫,收货,上架
NoExA5ruSi,银色 品牌16 五号纸 笔记本（横线）,笔记本,品牌16,五号纸,横线,银色,48*10*5,1460,CF10G,大卫,收货,上架
OfOGLErGr,灰色 品牌07 大号 办公椅（人体工学）,办公椅,品牌07,大号,人体工学,灰色,16*1*1,10,CO32F,艾米丽,收货,上架
TVGL42SFWh,白色 品牌31 42英寸 电视机（超级全高清）,电视机,品牌31,42英寸,超级全高清,白色,8*1*1,1,DM78H,艾米,收货,上架
PrPHA4AlMi,混合色 品牌12 四号纸 打印机（一体式）,打印机,品牌12,四号纸,一体式,混合色,16*1*1,2,BN70H,简,收货,上架
LaSu1716Wh,白色 品牌11 17英寸 笔记本电脑（16吉字节内存）,笔记本电脑,品牌11,17英寸,16吉字节内存,白色,16*1*1,1,AM62A,艾米,收货,上架
PeGi12SoGr,灰色 品牌21 12 铅笔（可溶性）,铅笔,品牌21,12,可溶性,灰色,48*10*5,982,DT35C,迈克,收货,上架
GaOGMLeBl,黑色 品牌07 中号 游戏椅（皮革）,游戏椅,品牌07,中号,皮革,黑色,16*1*1,4,DZ87F,莎拉,收货,上架
CaTE90DoWh,白色 品牌04 900 文件柜（带门式）,文件柜,品牌04,900,带门式,白色,8*1*1,7,DJ08F,约翰,收货,上架
MoSu27WiNa,藏青色 品牌11 270 鼠标（有线）,鼠标,品牌11,270,有线,藏青色,16*10*1,119,CL37G,莎拉,收货,上架
DrRG18DoWh,白色 品牌03 1800 抽屉柜（带门式）,抽屉柜,品牌03,1800,带门式,白色,8*1*1,4,DT87E,克里斯,收货,上架
OfAELLeBl,黑色 品牌05 大号 办公椅（皮革）,办公椅,品牌05,大号,皮革,黑色,16*1*1,6,AL10B,莎拉,收货,上架
AlOv178GGr,灰色 品牌13 17英寸 一体机（8吉字节内存）,一体机,品牌13,17英寸,8吉字节内存,灰色,16*1*1,12,CU61B,亚历克斯,收货,上架
KeHc35MeBl,黑色 品牌09 350 键盘（机械式）,键盘,品牌09,350,机械式,黑色,16*10*1,92,CK92H,莎拉,收货,上架
PrPHA2LaWh,白色 品牌12 二号纸 打印机（激光）,打印机,品牌12,二号纸,激光,白色,16*1*1,11,CP61E,劳拉,收货,上架
TVGL42S4Gr,灰色 品牌31 42英寸 电视机（超级超高清）,电视机,品牌31,42英寸,超级超高清,灰色,8*1*1,3,AX94C,约翰,收货,上架
GaSELAdWh,白色 品牌08 大号 游戏椅（可调节）,游戏椅,品牌08,大号,可调节,白色,16*1*1,9,AQ95D,大卫,收货,上架
PeAl50SoBl,黑色 品牌20 50 铅笔（可溶性）,铅笔,品牌20,50,可溶性,黑色,48*10*5,1523,DV38F,莎拉,收货,上架
PrNoA4WiBl,黑色 品牌26 四号纸 打印机（无线网络）,打印机,品牌26,四号纸,无线网络,黑色,16*1*1,15,DQ91F,劳拉,收货,上架
PrReA2LaMi,混合色 品牌24 二号纸 打印机（激光）,打印机,品牌24,二号纸,激光,混合色,16*1*1,12,DV08H,亚历克斯,收货,上架
TVYn324KGr,灰色 品牌15 32英寸 电视机（超高清）,电视机,品牌15,32英寸,超高清,灰色,8*1*1,8,BW14G,简,收货,上架
KeHc27ErPi,粉色 品牌09 270 键盘（人体工学）,键盘,品牌09,270,人体工学,粉色,16*10*1,60,CV23H,劳拉,收货,上架
TaTR18WoWh,白色 品牌28 1800 桌子（工作站）,桌子,品牌28,1800,工作站,白色,8*1*1,2,DY20B,莎拉,收货,上架
AlSu15i5Bl,黑色 品牌11 15英寸 一体机（第5代处理器）,一体机,品牌11,15英寸,第5代处理器,黑色,16*1*1,3,BF82C,迈克,收货,上架
TaTR18FrWh,白色 品牌29 1800 桌子（框架式）,桌子,品牌29,1800,框架式,白色,8*1*1,6,BK36F,大卫,收货,上架
CaTE18DoGr,灰色 品牌04 1800 文件柜（带门式）,文件柜,品牌04,1800,带门式,灰色,8*1*1,3,BU19A,约翰,收货,上架
CuQE90LoWh,白色 品牌01 900 储物柜（储物锁柜）,储物柜,品牌01,900,储物锁柜,白色,8*1*1,7,AZ66A,简,收货,上架
NoScA4doSi,银色 品牌17 四号纸 笔记本（点阵）,笔记本,品牌17,四号纸,点阵,银色,48*10*5,309,DI36A,莎拉,收货,上架
OfOGSErPi,粉色 品牌07 小号 办公椅（人体工学）,办公椅,品牌07,小号,人体工学,粉色,16*1*1,11,BP61A,简,收货,上架
KeRe45BlBl,黑色 品牌10 450 键盘（蓝牙）,键盘,品牌10,450,蓝牙,黑色,16*10*1,32,BW85A,迈克,收货,上架
LaRe15i7Bl,黑色 品牌14 15英寸 笔记本电脑（第7代处理器）,笔记本电脑,品牌14,15英寸,第7代处理器,黑色,16*1*1,11,CN20H,莎拉,收货,上架
CaTE90FiBe,米色 品牌04 900 文件柜（文件收纳）,文件柜,品牌04,900,文件收纳,米色,8*1*1,7,BP55E,劳拉,收货,上架
MoPH35ErNa,藏青色 品牌12 350 鼠标（人体工学）,鼠标,品牌12,350,人体工学,藏青色,16*10*1,34,BF12C,大卫,收货,上架
GaXELLeBl,黑色 品牌06 大号 游戏椅（皮革）,游戏椅,品牌06,大号,皮革,黑色,16*1*1,7,CR69G,劳拉,收货,上架
CaWE90SlBe,米色 品牌02 900 文件柜（滑动式）,文件柜,品牌02,900,滑动式,米色,8*1*1,3,BT77D,克里斯,收货,上架
TVEs75SFBl,黑色 品牌32 75英寸 电视机（超级全高清）,电视机,品牌32,75英寸,超级全高清,黑色,8*1*1,5,DV67E,简,收货,上架
CuQE12FiWh,白色 品牌01 1200 储物柜（文件收纳）,储物柜,品牌01,1200,文件收纳,白色,8*1*1,1,AQ76G,约翰,收货,上架
PrReA2InBl,黑色 品牌24 二号纸 打印机（喷墨）,打印机,品牌24,二号纸,喷墨,黑色,16*1*1,10,BT24H,迈克,收货,上架
NoGrA5ruGr,灰色 品牌18 五号纸 笔记本（横线）,笔记本,品牌18,五号纸,横线,灰色,48*10*5,836,DG91C,艾米丽,收货,上架
AlPH1732Gr,灰色 品牌12 17英寸 一体机（32吉字节内存）,一体机,品牌12,17英寸,32吉字节内存,灰色,16*1*1,11,AO10D,约翰,收货,上架
PrSoA2MoMi,混合色 品牌25 二号纸 打印机（黑白）,打印机,品牌25,二号纸,黑白,混合色,16*1*1,7,CR20G,劳拉,收货,上架
TVEs75SFGr,灰色 品牌32 75英寸 电视机（超级全高清）,电视机,品牌32,75英寸,超级全高清,灰色,8*1*1,5,DL21F,亚历克斯,收货,上架
GaAESAdPi,粉色 品牌05 小号 游戏椅（可调节）,游戏椅,品牌05,小号,可调节,粉色,16*1*1,7,DY86A,莎拉,收货,上架
KeSu35WiWh,白色 品牌11 350 键盘（有线）,键盘,品牌11,350,有线,白色,16*10*1,56,CL06C,大卫,收货,上架
NoScA5ruWh,白色 品牌17 五号纸 笔记本（横线）,笔记本,品牌17,五号纸,横线,白色,48*10*5,2301,BK97D,约翰,收货,上架
NoMuA4doSi,银色 品牌19 四号纸 笔记本（点阵）,笔记本,品牌19,四号纸,点阵,银色,48*10*5,531,DX19H,艾米,收货,上架
KeHc27MeNa,藏青色 品牌09 270 键盘（机械式）,键盘,品牌09,270,机械式,藏青色,16*10*1,90,CZ60E,克里斯,收货,上架
TVYn32S4Wh,白色 品牌15 32英寸 电视机（超级超高清）,电视机,品牌15,32英寸,超级超高清,白色,8*1*1,4,CI38D,约翰,收货,上架
NoExA5doWh,白色 品牌16 五号纸 笔记本（点阵）,笔记本,品牌16,五号纸,点阵,白色,48*10*5,1199,DQ52E,艾米丽,收货,上架
TVGL50S4Si,银色 品牌31 50英寸 电视机（超级超高清）,电视机,品牌31,50英寸,超级超高清,银色,8*1*1,4,AI59B,约翰,收货,上架
GaAELErGr,灰色 品牌05 大号 游戏椅（人体工学）,游戏椅,品牌05,大号,人体工学,灰色,16*1*1,3,DZ25H,亚历克斯,收货,上架
OfAELErBl,黑色 品牌05 大号 办公椅（人体工学）,办公椅,品牌05,大号,人体工学,黑色,16*1*1,2,CN20B,大卫,收货,上架
PrNoA4MoMi,混合色 品牌26 四号纸 打印机（黑白）,打印机,品牌26,四号纸,黑白,混合色,16*1*1,1,DI46G,劳拉,收货,上架
LaRe17i7Bl,黑色 品牌14 17英寸 笔记本电脑（第7代处理器）,笔记本电脑,品牌14,17英寸,第7代处理器,黑色,16*1*1,13,AV53C,亚历克斯,收货,上架
AlPH15i5Wh,白色 品牌12 15英寸 一体机（第5代处理器）,一体机,品牌12,15英寸,第5代处理器,白色,16*1*1,11,AW83D,克里斯,收货,上架
GaXEMHePi,粉色 品牌06 中号 游戏椅（头枕）,游戏椅,品牌06,中号,头枕,粉色,16*1*1,11,BV33C,克里斯,收货,上架
TVGL32S4Wh,白色 品牌31 32英寸 电视机（超级超高清）,电视机,品牌31,32英寸,超级超高清,白色,8*1*1,8,DR17E,迈克,收货,上架
DrQE90DoGr,灰色 品牌01 900 抽屉柜（带门式）,抽屉柜,品牌01,900,带门式,灰色,8*1*1,2,BP80C,简,收货,上架
SPRe24SoGr,灰色 品牌22 24 触控笔（可溶性）,触控笔,品牌22,24,可溶性,灰色,48*10*5,2016,CY38G,亚历克斯,收货,上架
CuRG12SlWh,白色 品牌03 1200 储物柜（滑动式）,储物柜,品牌03,1200,滑动式,白色,8*1*1,4,DZ35F,简,收货,上架
GaOGSHeWh,白色 品牌07 小号 游戏椅（头枕）,游戏椅,品牌07,小号,头枕,白色,16*1*1,1,AR14C,迈克,收货,上架
KeHc27WiPi,粉色 品牌09 270 键盘（有线）,键盘,品牌09,270,有线,粉色,16*10*1,125,AX93G,大卫,收货,上架
GaOGLAdGr,灰色 品牌07 大号 游戏椅（可调节）,游戏椅,品牌07,大号,可调节,灰色,16*1*1,11,CS12C,约翰,收货,上架
KeRe27ErBl,黑色 品牌10 270 键盘（人体工学）,键盘,品牌10,270,人体工学,黑色,16*10*1,69,BO26H,迈克,收货,上架
KeSu45BlBl,黑色 品牌11 450 键盘（蓝牙）,键盘,品牌11,450,蓝牙,黑色,16*10*1,78,DI37E,亚历克斯,收货,上架
CuTE12FiWh,白色 品牌04 1200 储物柜（文件收纳）,储物柜,品牌04,1200,文件收纳,白色,8*1*1,1,CH31C,亚历克斯,收货,上架
NoScA5ruGr,灰色 品牌17 五号纸 笔记本（横线）,笔记本,品牌17,五号纸,横线,灰色,48*10*5,1462,BU69D,亚历克斯,收货,上架
TVEs65FHBl,黑色 品牌32 65英寸 电视机（全高清）,电视机,品牌32,65英寸,全高清,黑色,8*1*1,4,AT72G,克里斯,收货,上架
LaYn17i5Gr,灰色 品牌15 17英寸 笔记本电脑（第5代处理器）,笔记本电脑,品牌15,17英寸,第5代处理器,灰色,16*1*1,9,AT43C,莎拉,收货,上架
PeRe50SoBl,黑色 品牌22 50 铅笔（可溶性）,铅笔,品牌22,50,可溶性,黑色,48*10*5,880,DN70G,艾米丽,收货,上架
AlRe1732Gr,灰色 品牌14 17英寸 一体机（32吉字节内存）,一体机,品牌14,17英寸,32吉字节内存,灰色,16*1*1,15,BK01B,约翰,收货,上架
DrTE12FiBe,米色 品牌04 1200 抽屉柜（文件收纳）,抽屉柜,品牌04,1200,文件收纳,米色,8*1*1,5,BN57H,艾米丽,收货,上架
DrRG12LoBe,米色 品牌03 1200 抽屉柜（储物锁柜）,抽屉柜,品牌03,1200,储物锁柜,米色,8*1*1,5,DI90C,克里斯,收货,上架
GaSEMLeGr,灰色 品牌08 中号 游戏椅（皮革）,游戏椅,品牌08,中号,皮革,灰色,16*1*1,10,CR08A,劳拉,收货,上架
TVGn42FHGr,灰色 品牌30 42英寸 电视机（全高清）,电视机,品牌30,42英寸,全高清,灰色,8*1*1,1,AY66B,约翰,收货,上架
TVGL42FHSi,银色 品牌31 42英寸 电视机（全高清）,电视机,品牌31,42英寸,全高清,银色,8*1*1,8,DF40E,亚历克斯,收货,上架
DrQE90DoWh,白色 品牌01 900 抽屉柜（带门式）,抽屉柜,品牌01,900,带门式,白色,8*1*1,1,BM18F,约翰,收货,上架
MoPH27MeNa,藏青色 品牌12 270 鼠标（机械式）,鼠标,品牌12,270,机械式,藏青色,16*10*1,20,DK75E,劳拉,收货,上架
TaTR15FrGr,灰色 品牌29 1500 桌子（框架式）,桌子,品牌29,1500,框架式,灰色,8*1*1,1,BK48H,简,收货,上架
NoScA3doGr,灰色 品牌17 三号纸 笔记本（点阵）,笔记本,品牌17,三号纸,点阵,灰色,48*10*5,1522,AS46G,迈克,收货,上架
GaOGMLeGr,灰色 品牌07 中号 游戏椅（皮革）,游戏椅,品牌07,中号,皮革,灰色,16*1*1,16,BJ47H,约翰,收货,上架
KeRe35ErBl,黑色 品牌10 350 键盘（人体工学）,键盘,品牌10,350,人体工学,黑色,16*10*1,146,BM93D,艾米丽,收货,上架
LaYn17i7Wh,白色 品牌15 17英寸 笔记本电脑（第7代处理器）,笔记本电脑,品牌15,17英寸,第7代处理器,白色,16*1*1,15,DQ14B,亚历克斯,收货,上架
KeSu45WiBl,黑色 品牌11 450 键盘（有线）,键盘,品牌11,450,有线,黑色,16*10*1,89,CM27H,亚历克斯,收货,上架
SPNa12SoWh,白色 品牌23 12 触控笔（可溶性）,触控笔,品牌23,12,可溶性,白色,48*10*5,285,CH13H,莎拉,收货,上架
CuWE12LoBl,黑色 品牌02 1200 储物柜（储物锁柜）,储物柜,品牌02,1200,储物锁柜,黑色,8*1*1,8,DN57E,简,收货,上架
DrWE90DoBe,米色 品牌02 900 抽屉柜（带门式）,抽屉柜,品牌02,900,带门式,米色,8*1*1,8,CS73C,约翰,收货,上架
LaPH178GGr,灰色 品牌12 17英寸 笔记本电脑（8吉字节内存）,笔记本电脑,品牌12,17英寸,8吉字节内存,灰色,16*1*1,6,CJ49G,亚历克斯,收货,上架
CaWE18FiGr,灰色 品牌02 1800 文件柜（文件收纳）,文件柜,品牌02,1800,文件收纳,灰色,8*1*1,8,DI70G,莎拉,收货,上架
CaWE12DoWh,白色 品牌02 1200 文件柜（带门式）,文件柜,品牌02,1200,带门式,白色,8*1*1,4,CM97C,大卫,收货,上架
PrPHA3WiBl,黑色 品牌12 三号纸 打印机（无线网络）,打印机,品牌12,三号纸,无线网络,黑色,16*1*1,15,CU47H,大卫,收货,上架
PeRe12WaGr,灰色 品牌22 12 铅笔（水彩）,铅笔,品牌22,12,水彩,灰色,48*10*5,2049,AX97B,劳拉,收货,上架
KeHc45ErPi,粉色 品牌09 450 键盘（人体工学）,键盘,品牌09,450,人体工学,粉色,16*10*1,126,CW57G,艾米,收货,上架
CaQE12LoGr,灰色 品牌01 1200 文件柜（储物锁柜）,文件柜,品牌01,1200,储物锁柜,灰色,8*1*1,3,DN36A,大卫,收货,上架
AlPH17i7Wh,白色 品牌12 17英寸 一体机（第7代处理器）,一体机,品牌12,17英寸,第7代处理器,白色,16*1*1,3,BT04G,艾米,收货,上架
PrNoA3MoBl,黑色 品牌26 三号纸 打印机（黑白）,打印机,品牌26,三号纸,黑白,黑色,16*1*1,7,AG69B,莎拉,收货,上架
AlSu178GGr,灰色 品牌11 17英寸 一体机（8吉字节内存）,一体机,品牌11,17英寸,8吉字节内存,灰色,16*1*1,14,BL03B,克里斯,收货,上架
PeNa50SoBl,黑色 品牌23 50 铅笔（可溶性）,铅笔,品牌23,50,可溶性,黑色,48*10*5,1803,AN12H,莎拉,收货,上架
CaWE90FiBe,米色 品牌02 900 文件柜（文件收纳）,文件柜,品牌02,900,文件收纳,米色,8*1*1,6,CW84E,艾米丽,收货,上架
SPGi50SoPi,粉色 品牌21 50 触控笔（可溶性）,触控笔,品牌21,50,可溶性,粉色,48*10*5,2006,AH19F,艾米,收货,上架
CaQE18SlWh,白色 品牌01 1800 文件柜（滑动式）,文件柜,品牌01,1800,滑动式,白色,8*1*1,8,BG03A,大卫,收货,上架
GaSELErBl,黑色 品牌08 大号 游戏椅（人体工学）,游戏椅,品牌08,大号,人体工学,黑色,16*1*1,4,CW76A,大卫,收货,上架
LaSu1532Gr,灰色 品牌11 15英寸 笔记本电脑（32吉字节内存）,笔记本电脑,品牌11,15英寸,32吉字节内存,灰色,16*1*1,4,BR84D,约翰,收货,上架
PrNoA3AlWh,白色 品牌26 三号纸 打印机（一体式）,打印机,品牌26,三号纸,一体式,白色,16*1*1,13,AR06B,克里斯,收货,上架
KeRe45ErPi,粉色 品牌10 450 键盘（人体工学）,键盘,品牌10,450,人体工学,粉色,16*10*1,104,DY73B,约翰,收货,上架
AlRe17i5Bl,黑色 品牌14 17英寸 一体机（第5代处理器）,一体机,品牌14,17英寸,第5代处理器,黑色,16*1*1,13,DW30G,艾米丽,收货,上架
CuRG90SlBl,黑色 品牌03 900 储物柜（滑动式）,储物柜,品牌03,900,滑动式,黑色,8*1*1,3,AF90C,艾米丽,收货,上架
TVGL504KSi,银色 品牌31 50英寸 电视机（超高清）,电视机,品牌31,50英寸,超高清,银色,8*1*1,7,DU70A,约翰,收货,上架
LaOv17i5Wh,白色 品牌13 17英寸 笔记本电脑（第5代处理器）,笔记本电脑,品牌13,17英寸,第5代处理器,白色,16*1*1,11,CS11D,莎拉,收货,上架
KeHc45ErPi,粉色 品牌09 450 键盘（人体工学）,键盘,品牌09,450,人体工学,粉色,16*10*1,160,AI34C,迈克,收货,上架
TaTR10AdGr,灰色 品牌29 1000 桌子（可调节）,桌子,品牌29,1000,可调节,灰色,8*1*1,3,CZ88C,劳拉,收货,上架
AlSu15i5Si,银色 品牌11 15英寸 一体机（第5代处理器）,一体机,品牌11,15英寸,第5代处理器,银色,16*1*1,13,AO07A,约翰,收货,上架
TVYn42S4Gr,灰色 品牌15 42英寸 电视机（超级超高清）,电视机,品牌15,42英寸,超级超高清,灰色,8*1*1,4,CU80H,亚历克斯,收货,上架
LaPH1516Si,银色 品牌12 15英寸 笔记本电脑（16吉字节内存）,笔记本电脑,品牌12,15英寸,16吉字节内存,银色,16*1*1,14,CK86A,亚历克斯,收货,上架
CuRG90LoGr,灰色 品牌03 900 储物柜（储物锁柜）,储物柜,品牌03,900,储物锁柜,灰色,8*1*1,1,DT68A,约翰,收货,上架
PrPHA3MoGr,灰色 品牌12 三号纸 打印机（黑白）,打印机,品牌12,三号纸,黑白,灰色,16*1*1,14,AJ71F,劳拉,收货,上架
TaAE15AuBl,黑色 品牌05 1500 桌子（自动调节）,桌子,品牌05,1500,自动调节,黑色,8*1*1,4,AK30F,克里斯,收货,上架
OfSELLeGr,灰色 品牌08 大号 办公椅（皮革）,办公椅,品牌08,大号,皮革,灰色,16*1*1,9,AX29D,劳拉,收货,上架
NoScA4liGr,灰色 品牌17 四号纸 笔记本（线条）,笔记本,品牌17,四号纸,线条,灰色,48*10*5,2166,BV60G,艾米,收货,上架
CuQE18LoBe,米色 品牌01 1800 储物柜（储物锁柜）,储物柜,品牌01,1800,储物锁柜,米色,8*1*1,7,AP68G,简,收货,上架
CaQE12FiGr,灰色 品牌01 1200 文件柜（文件收纳）,文件柜,品牌01,1200,文件收纳,灰色,8*1*1,4,BK12D,约翰,收货,上架
PrSoA4MoBl,黑色 品牌25 四号纸 打印机（黑白）,打印机,品牌25,四号纸,黑白,黑色,16*1*1,9,BI72D,艾米,收货,上架
TVGn424KSi,银色 品牌30 42英寸 电视机（超高清）,电视机,品牌30,42英寸,超高清,银色,8*1*1,4,DL72B,艾米,收货,上架
SPAl50SoGr,灰色 品牌20 50 触控笔（可溶性）,触控笔,品牌20,50,可溶性,灰色,48*10*5,1899,AW01C,艾米,收货,上架
TaCI18FrGr,灰色 品牌27 1800 桌子（框架式）,桌子,品牌27,1800,框架式,灰色,8*1*1,5,AO84C,简,收货,上架
LaRe1732Si,银色 品牌14 17英寸 笔记本电脑（32吉字节内存）,笔记本电脑,品牌14,17英寸,32吉字节内存,银色,16*1*1,8,CH10G,劳拉,收货,上架
LaPH1716Wh,白色 品牌12 17英寸 笔记本电脑（16吉字节内存）,笔记本电脑,品牌12,17英寸,16吉字节内存,白色,16*1*1,16,AI17F,艾米,收货,上架
NoGrA5liWh,白色 品牌18 五号纸 笔记本（线条）,笔记本,品牌18,五号纸,线条,白色,48*10*5,807,DI40H,亚历克斯,收货,上架
PrNoA2AlMi,混合色 品牌26 二号纸 打印机（一体式）,打印机,品牌26,二号纸,一体式,混合色,16*1*1,14,AZ75F,艾米丽,收货,上架
GaAESAdWh,白色 品牌05 小号 游戏椅（可调节）,游戏椅,品牌05,小号,可调节,白色,16*1*1,8,DG89G,简,收货,上架
NoExA4ruSi,银色 品牌16 四号纸 笔记本（横线）,笔记本,品牌16,四号纸,横线,银色,48*10*5,2202,BK31E,艾米,收货,上架
AlOv1416Si,银色 品牌13 14英寸 一体机（16吉字节内存）,一体机,品牌13,14英寸,16吉字节内存,银色,16*1*1,4,AZ16B,迈克,收货,上架
DrRG18SlGr,灰色 品牌03 1800 抽屉柜（滑动式）,抽屉柜,品牌03,1800,滑动式,灰色,8*1*1,3,BP48G,艾米,收货,上架
LaPH1532Gr,灰色 品牌12 15英寸 笔记本电脑（32吉字节内存）,笔记本电脑,品牌12,15英寸,32吉字节内存,灰色,16*1*1,1,BT33E,艾米丽,收货,上架
PrPHA2LaMi,混合色 品牌12 二号纸 打印机（激光）,打印机,品牌12,二号纸,激光,混合色,16*1*1,4,BN32G,约翰,收货,上架
LaSu14i5Si,银色 品牌11 14英寸 笔记本电脑（第5代处理器）,笔记本电脑,品牌11,14英寸,第5代处理器,银色,16*1*1,3,BT20D,克里斯,收货,上架
TaTR18AuGr,灰色 品牌28 1800 桌子（自动调节）,桌子,品牌28,1800,自动调节,灰色,8*1*1,3,CO62E,亚历克斯,收货,上架
CuWE12DoBe,米色 品牌02 1200 储物柜（带门式）,储物柜,品牌02,1200,带门式,米色,8*1*1,6,CK36G,艾米,收货,上架
AlYn148GSi,银色 品牌15 14英寸 一体机（8吉字节内存）,一体机,品牌15,14英寸,8吉字节内存,银色,16*1*1,13,DI45A,劳拉,收货,上架
CuWE18LoGr,灰色 品牌02 1800 储物柜（储物锁柜）,储物柜,品牌02,1800,储物锁柜,灰色,8*1*1,5,DT89F,大卫,收货,上架
LaPH15i5Si,银色 品牌12 15英寸 笔记本电脑（第5代处理器）,笔记本电脑,品牌12,15英寸,第5代处理器,银色,16*1*1,6,CX89G,克里斯,收货,上架
PeAl24HeWh,白色 品牌20 24 铅笔（六角形）,铅笔,品牌20,24,六角形,白色,48*10*5,1526,DI46G,亚历克斯,收货,上架
OfAESAdGr,灰色 品牌05 小号 办公椅（可调节）,办公椅,品牌05,小号,可调节,灰色,16*1*1,15,CG97E,劳拉,收货,上架
CuRG12SlGr,灰色 品牌03 1200 储物柜（滑动式）,储物柜,品牌03,1200,滑动式,灰色,8*1*1,5,AY62H,艾米丽,收货,上架
MoRe45ErPi,粉色 品牌10 450 鼠标（人体工学）,鼠标,品牌10,450,人体工学,粉色,16*10*1,93,BI06C,劳拉,收货,上架
MoRe35ErPi,粉色 品牌10 350 鼠标（人体工学）,鼠标,品牌10,350,人体工学,粉色,16*10*1,105,CR24B,约翰,收货,上架
DrWE90FiBe,米色 品牌02 900 抽屉柜（文件收纳）,抽屉柜,品牌02,900,文件收纳,米色,8*1*1,4,CK93D,劳拉,收货,上架
TaTR18AdSi,银色 品牌29 1800 桌子（可调节）,桌子,品牌29,1800,可调节,银色,8*1*1,1,AR60C,莎拉,收货,上架
TVEs42FHBl,黑色 品牌32 42英寸 电视机（全高清）,电视机,品牌32,42英寸,全高清,黑色,8*1*1,8,BS77B,莎拉,收货,上架
SPRe12WaBl,黑色 品牌22 12 触控笔（水彩）,触控笔,品牌22,12,水彩,黑色,48*10*5,232,AR29B,克里斯,收货,上架
DrTE18FiBe,米色 品牌04 1800 抽屉柜（文件收纳）,抽屉柜,品牌04,1800,文件收纳,米色,8*1*1,7,CP74B,亚历克斯,收货,上架
PrReA3AlGr,灰色 品牌24 三号纸 打印机（一体式）,打印机,品牌24,三号纸,一体式,灰色,16*1*1,13,CV17D,大卫,收货,上架
SPGi50HeBl,黑色 品牌21 50 触控笔（六角形）,触控笔,品牌21,50,六角形,黑色,48*10*5,108,BI37G,亚历克斯,收货,上架
GaSELErPi,粉色 品牌08 大号 游戏椅（人体工学）,游戏椅,品牌08,大号,人体工学,粉色,16*1*1,2,CI07A,艾米,收货,上架
CaTE12LoWh,白色 品牌04 1200 文件柜（储物锁柜）,文件柜,品牌04,1200,储物锁柜,白色,8*1*1,6,DP59G,劳拉,收货,上架
PrNoA3AlMi,混合色 品牌26 三号纸 打印机（一体式）,打印机,品牌26,三号纸,一体式,混合色,16*1*1,8,CG73A,艾米,收货,上架
CaWE18LoGr,灰色 品牌02 1800 文件柜（储物锁柜）,文件柜,品牌02,1800,储物锁柜,灰色,8*1*1,6,AX04D,亚历克斯,收货,上架
NoMuA5liBl,黑色 品牌19 五号纸 笔记本（线条）,笔记本,品牌19,五号纸,线条,黑色,48*10*5,1241,DO80D,亚历克斯,收货,上架
SPAl24HeBl,黑色 品牌20 24 触控笔（六角形）,触控笔,品牌20,24,六角形,黑色,48*10*5,2240,CS96H,大卫,收货,上架
PeRe24WaGr,灰色 品牌22 24 铅笔（水彩）,铅笔,品牌22,24,水彩,灰色,48*10*5,2387,AN36G,简,收货,上架
AlPH158GBl,黑色 品牌12 15英寸 一体机（8吉字节内存）,一体机,品牌12,15英寸,8吉字节内存,黑色,16*1*1,9,CQ23D,亚历克斯,收货,上架
AlSu15i5Bl,黑色 品牌11 15英寸 一体机（第5代处理器）,一体机,品牌11,15英寸,第5代处理器,黑色,16*1*1,1,AM32A,莎拉,收货,上架
KeHc35MeWh,白色 品牌09 350 键盘（机械式）,键盘,品牌09,350,机械式,白色,16*10*1,73,DL14E,简,收货,上架
DrWE12LoGr,灰色 品牌02 1200 抽屉柜（储物锁柜）,抽屉柜,品牌02,1200,储物锁柜,灰色,8*1*1,3,DZ23E,克里斯,收货,上架
PrReA4LaWh,白色 品牌24 四号纸 打印机（激光）,打印机,品牌24,四号纸,激光,白色,16*1*1,16,AL30B,迈克,收货,上架
TaTR10WoWh,白色 品牌29 1000 桌子（工作站）,桌子,品牌29,1000,工作站,白色,8*1*1,8,AF50E,大卫,收货,上架
LaPH158GGr,灰色 品牌12 15英寸 笔记本电脑（8吉字节内存）,笔记本电脑,品牌12,15英寸,8吉字节内存,灰色,16*1*1,13,CG10H,简,收货,上架
KePH45MePi,粉色 品牌12 450 键盘（机械式）,键盘,品牌12,450,机械式,粉色,16*10*1,12,BI37E,艾米丽,收货,上架
TaAE15FrBl,黑色 品牌05 1500 桌子（框架式）,桌子,品牌05,1500,框架式,黑色,8*1*1,5,AH90E,劳拉,收货,上架
CuWE12SlGr,灰色 品牌02 1200 储物柜（滑动式）,储物柜,品牌02,1200,滑动式,灰色,8*1*1,3,CV46E,克里斯,收货,上架
AlRe1516Bl,黑色 品牌14 15英寸 一体机（16吉字节内存）,一体机,品牌14,15英寸,16吉字节内存,黑色,16*1*1,10,BL51D,迈克,收货,上架
TVYn754KWh,白色 品牌15 75英寸 电视机（超高清）,电视机,品牌15,75英寸,超高清,白色,8*1*1,6,CW77D,大卫,收货,上架
PrReA3LaGr,灰色 品牌24 三号纸 打印机（激光）,打印机,品牌24,三号纸,激光,灰色,16*1*1,15,AO09H,艾米,收货,上架
TVYn50SFSi,银色 品牌15 50英寸 电视机（超级全高清）,电视机,品牌15,50英寸,超级全高清,银色,8*1*1,4,BZ25C,克里斯,收货,上架
DrQE12FiBe,米色 品牌01 1200 抽屉柜（文件收纳）,抽屉柜,品牌01,1200,文件收纳,米色,8*1*1,5,BT41H,劳拉,收货,上架
TVGL32FHBl,黑色 品牌31 32英寸 电视机（全高清）,电视机,品牌31,32英寸,全高清,黑色,8*1*1,7,BO95H,约翰,收货,上架
NoScA3liSi,银色 品牌17 三号纸 笔记本（线条）,笔记本,品牌17,三号纸,线条,银色,48*10*5,1503,BK66D,莎拉,收货,上架
MoPH27MePi,粉色 品牌12 270 鼠标（机械式）,鼠标,品牌12,270,机械式,粉色,16*10*1,143,AH79H,亚历克斯,收货,上架
AlSu1516Wh,白色 品牌11 15英寸 一体机（16吉字节内存）,一体机,品牌11,15英寸,16吉字节内存,白色,16*1*1,12,AO20B,劳拉,收货,上架
LaSu148GBl,黑色 品牌11 14英寸 笔记本电脑（8吉字节内存）,笔记本电脑,品牌11,14英寸,8吉字节内存,黑色,16*1*1,7,BX73D,迈克,收货,上架
GaOGMErBl,黑色 品牌07 中号 游戏椅（人体工学）,游戏椅,品牌07,中号,人体工学,黑色,16*1*1,5,CO82A,简,收货,上架
DrQE12DoWh,白色 品牌01 1200 抽屉柜（带门式）,抽屉柜,品牌01,1200,带门式,白色,8*1*1,7,DI28A,约翰,收货,上架
AlOv158GBl,黑色 品牌13 15英寸 一体机（8吉字节内存）,一体机,品牌13,15英寸,8吉字节内存,黑色,16*1*1,11,AZ62C,简,收货,上架
LaOv1532Wh,白色 品牌13 15英寸 笔记本电脑（32吉字节内存）,笔记本电脑,品牌13,15英寸,32吉字节内存,白色,16*1*1,9,AP84B,艾米丽,收货,上架
PrPHA3LaBl,黑色 品牌12 三号纸 打印机（激光）,打印机,品牌12,三号纸,激光,黑色,16*1*1,4,AK21C,艾米丽,收货,上架
OfSESHeWh,白色 品牌08 小号 办公椅（头枕）,办公椅,品牌08,小号,头枕,白色,16*1*1,6,AW15E,劳拉,收货,上架
GaAESErPi,粉色 品牌05 小号 游戏椅（人体工学）,游戏椅,品牌05,小号,人体工学,粉色,16*1*1,3,DG36D,简,收货,上架
TaCI18AuGr,灰色 品牌27 1800 桌子（自动调节）,桌子,品牌27,1800,自动调节,灰色,8*1*1,4,BO48G,克里斯,收货,上架
NoGrA5doSi,银色 品牌18 五号纸 笔记本（点阵）,笔记本,品牌18,五号纸,点阵,银色,48*10*5,1435,CU85C,迈克,收货,上架
KePH27BlBl,黑色 品牌12 270 键盘（蓝牙）,键盘,品牌12,270,蓝牙,黑色,16*10*1,41,AY30F,迈克,收货,上架
PrNoA4LaWh,白色 品牌26 四号纸 打印机（激光）,打印机,品牌26,四号纸,激光,白色,16*1*1,15,AZ10H,艾米丽,收货,上架
OfXEMHePi,粉色 品牌06 中号 办公椅（头枕）,办公椅,品牌06,中号,头枕,粉色,16*1*1,4,DP98B,大卫,收货,上架
LaRe1716Si,银色 品牌14 17英寸 笔记本电脑（16吉字节内存）,笔记本电脑,品牌14,17英寸,16吉字节内存,银色,16*1*1,8,DJ64F,劳拉,收货,上架
GaAEMErBl,黑色 品牌05 中号 游戏椅（人体工学）,游戏椅,品牌05,中号,人体工学,黑色,16*1*1,3,BS37A,劳拉,收货,上架
GaSELAdWh,白色 品牌08 大号 游戏椅（可调节）,游戏椅,品牌08,大号,可调节,白色,16*1*1,15,BQ73C,大卫,收货,上架
KeHc27BlPi,粉色 品牌09 270 键盘（蓝牙）,键盘,品牌09,270,蓝牙,粉色,16*10*1,27,BI56D,莎拉,收货,上架
PeGi24WaPi,粉色 品牌21 24 铅笔（水彩）,铅笔,品牌21,24,水彩,粉色,48*10*5,1827,AY39H,简,收货,上架
LaYn1416Bl,黑色 品牌15 14英寸 笔记本电脑（16吉字节内存）,笔记本电脑,品牌15,14英寸,16吉字节内存,黑色,16*1*1,13,CO34F,劳拉,收货,上架
OfOGMAdBl,黑色 品牌07 中号 办公椅（可调节）,办公椅,品牌07,中号,可调节,黑色,16*1*1,13,BJ57H,迈克,收货,上架
DrWE18LoBe,米色 品牌02 1800 抽屉柜（储物锁柜）,抽屉柜,品牌02,1800,储物锁柜,米色,8*1*1,1,AT02B,莎拉,收货,上架
AlSu1432Si,银色 品牌11 14英寸 一体机（32吉字节内存）,一体机,品牌11,14英寸,32吉字节内存,银色,16*1*1,10,AV10D,大卫,收货,上架
SPRe50WaBl,黑色 品牌22 50 触控笔（水彩）,触控笔,品牌22,50,水彩,黑色,48*10*5,1348,BY52H,大卫,收货,上架
AlSu1532Gr,灰色 品牌11 15英寸 一体机（32吉字节内存）,一体机,品牌11,15英寸,32吉字节内存,灰色,16*1*1,15,DR08C,克里斯,收货,上架
KeSu35ErNa,藏青色 品牌11 350 键盘（人体工学）,键盘,品牌11,350,人体工学,藏青色,16*10*1,114,CX56H,亚历克斯,收货,上架
CuTE12DoWh,白色 品牌04 1200 储物柜（带门式）,储物柜,品牌04,1200,带门式,白色,8*1*1,8,CI41F,大卫,收货,上架
CaQE18DoBe,米色 品牌01 1800 文件柜（带门式）,文件柜,品牌01,1800,带门式,米色,8*1*1,1,CJ34B,亚历克斯,收货,上架
PeNa12SoGr,灰色 品牌23 12 铅笔（可溶性）,铅笔,品牌23,12,可溶性,灰色,48*10*5,1048,DO17A,艾米丽,收货,上架
PrPHA2MoMi,混合色 品牌12 二号纸 打印机（黑白）,打印机,品牌12,二号纸,黑白,混合色,16*1*1,9,BV60B,亚历克斯,收货,上架
KePH35MeWh,白色 品牌12 350 键盘（机械式）,键盘,品牌12,350,机械式,白色,16*10*1,87,BG18E,劳拉,收货,上架
LaSu14i7Wh,白色 品牌11 14英寸 笔记本电脑（第7代处理器）,笔记本电脑,品牌11,14英寸,第7代处理器,白色,16*1*1,8,AN33A,劳拉,收货,上架
PrPHA4InWh,白色 品牌12 四号纸 打印机（喷墨）,打印机,品牌12,四号纸,喷墨,白色,16*1*1,15,AI32A,艾米,收货,上架
CuTE18SlWh,白色 品牌04 1800 储物柜（滑动式）,储物柜,品牌04,1800,滑动式,白色,8*1*1,3,BP62F,克里斯,收货,上架
TaTR10AdSi,银色 品牌28 1000 桌子（可调节）,桌子,品牌28,1000,可调节,银色,8*1*1,4,BW06D,艾米,收货,上架
TaTR10AdWh,白色 品牌28 1000 桌子（可调节）,桌子,品牌28,1000,可调节,白色,8*1*1,7,CZ61H,劳拉,收货,上架
MoSu45MeWh,白色 品牌11 450 鼠标（机械式）,鼠标,品牌11,450,机械式,白色,16*10*1,19,BX86H,劳拉,收货,上架
TVYn42SFBl,黑色 品牌15 42英寸 电视机（超级全高清）,电视机,品牌15,42英寸,超级全高清,黑色,8*1*1,6,CO30B,艾米,收货,上架
DrTE90FiWh,白色 品牌04 900 抽屉柜（文件收纳）,抽屉柜,品牌04,900,文件收纳,白色,8*1*1,1,CY75D,迈克,收货,上架
AlSu1416Gr,灰色 品牌11 14英寸 一体机（16吉字节内存）,一体机,品牌11,14英寸,16吉字节内存,灰色,16*1*1,14,BS57H,艾米,收货,上架
CuQE90DoWh,白色 品牌01 900 储物柜（带门式）,储物柜,品牌01,900,带门式,白色,8*1*1,2,AI38H,大卫,收货,上架
TVGL75SFBl,黑色 品牌31 75英寸 电视机（超级全高清）,电视机,品牌31,75英寸,超级全高清,黑色,8*1*1,4,AT87F,克里斯,收货,上架
PrNoA2InBl,黑色 品牌26 二号纸 打印机（喷墨）,打印机,品牌26,二号纸,喷墨,黑色,16*1*1,11,CK15G,约翰,收货,上架
TVGn654KGr,灰色 品牌30 65英寸 电视机（超高清）,电视机,品牌30,65英寸,超高清,灰色,8*1*1,3,DF20E,艾米,收货,上架
MoRe45WiPi,粉色 品牌10 450 鼠标（有线）,鼠标,品牌10,450,有线,粉色,16*10*1,58,AN43C,简,收货,上架
SPGi12WaGr,灰色 品牌21 12 触控笔（水彩）,触控笔,品牌21,12,水彩,灰色,48*10*5,818,DU51B,艾米丽,收货,上架
CuTE12LoBl,黑色 品牌04 1200 储物柜（储物锁柜）,储物柜,品牌04,1200,储物锁柜,黑色,8*1*1,8,CK53G,劳拉,收货,上架
MoSu27ErNa,藏青色 品牌11 270 鼠标（人体工学）,鼠标,品牌11,270,人体工学,藏青色,16*10*1,140,BX43E,劳拉,收货,上架
MoSu45WiPi,粉色 品牌11 450 鼠标（有线）,鼠标,品牌11,450,有线,粉色,16*10*1,128,DH64E,大卫,收货,上架
KeRe35ErPi,粉色 品牌10 350 键盘（人体工学）,键盘,品牌10,350,人体工学,粉色,16*10*1,17,CN44D,亚历克斯,收货,上架
TVGL42S4Si,银色 品牌31 42英寸 电视机（超级超高清）,电视机,品牌31,42英寸,超级超高清,银色,8*1*1,7,BH92H,艾米,收货,上架
TVGL424KGr,灰色 品牌31 42英寸 电视机（超高清）,电视机,品牌31,42英寸,超高清,灰色,8*1*1,6,BV23G,艾米丽,收货,上架
PrReA3InGr,灰色 品牌24 三号纸 打印机（喷墨）,打印机,品牌24,三号纸,喷墨,灰色,16*1*1,15,DP38D,亚历克斯,收货,上架
TaTR10AuWh,白色 品牌28 1000 桌子（自动调节）,桌子,品牌28,1000,自动调节,白色,8*1*1,2,AN33C,亚历克斯,收货,上架
OfXELLeBl,黑色 品牌06 大号 办公椅（皮革）,办公椅,品牌06,大号,皮革,黑色,16*1*1,10,CY18G,莎拉,收货,上架
TaCI15AuGr,灰色 品牌27 1500 桌子（自动调节）,桌子,品牌27,1500,自动调节,灰色,8*1*1,5,BS52A,劳拉,收货,上架
LaOv1532Si,银色 品牌13 15英寸 笔记本电脑（32吉字节内存）,笔记本电脑,品牌13,15英寸,32吉字节内存,银色,16*1*1,3,BY37A,克里斯,收货,上架
PrNoA2InWh,白色 品牌26 二号纸 打印机（喷墨）,打印机,品牌26,二号纸,喷墨,白色,16*1*1,9,CS67H,迈克,收货,上架
GaXEMErBl,黑色 品牌06 中号 游戏椅（人体工学）,游戏椅,品牌06,中号,人体工学,黑色,16*1*1,14,CK31C,简,收货,上架
CuWE18LoWh,白色 品牌02 1800 储物柜（储物锁柜）,储物柜,品牌02,1800,储物锁柜,白色,8*1*1,6,CI85G,艾米,收货,上架
PrNoA2InWh,白色 品牌26 二号纸 打印机（喷墨）,打印机,品牌26,二号纸,喷墨,白色,16*1*1,9,CT67B,莎拉,收货,上架
LaPH15i7Si,银色 品牌12 15英寸 笔记本电脑（第7代处理器）,笔记本电脑,品牌12,15英寸,第7代处理器,银色,16*1*1,3,AL22C,大卫,收货,上架
PeAl12SoPi,粉色 品牌20 12 铅笔（可溶性）,铅笔,品牌20,12,可溶性,粉色,48*10*5,1844,AP26C,劳拉,收货,上架
PeGi12WaPi,粉色 品牌21 12 铅笔（水彩）,铅笔,品牌21,12,水彩,粉色,48*10*5,1704,BJ56F,克里斯,收货,上架
CaTE90FiBl,黑色 品牌04 900 文件柜（文件收纳）,文件柜,品牌04,900,文件收纳,黑色,8*1*1,7,CK78A,大卫,收货,上架
LaRe158GGr,灰色 品牌14 15英寸 笔记本电脑（8吉字节内存）,笔记本电脑,品牌14,15英寸,8吉字节内存,灰色,16*1*1,6,DK94D,克里斯,收货,上架
OfOGSHePi,粉色 品牌07 小号 办公椅（头枕）,办公椅,品牌07,小号,头枕,粉色,16*1*1,4,DQ80D,迈克,收货,上架
TVYn42S4Gr,灰色 品牌15 42英寸 电视机（超级超高清）,电视机,品牌15,42英寸,超级超高清,灰色,8*1*1,7,CK32B,劳拉,收货,上架
CaWE90LoGr,灰色 品牌02 900 文件柜（储物锁柜）,文件柜,品牌02,900,储物锁柜,灰色,8*1*1,5,CU02E,大卫,收货,上架
NoMuA3liSi,银色 品牌19 三号纸 笔记本（线条）,笔记本,品牌19,三号纸,线条,银色,48*10*5,216,BY48F,亚历克斯,收货,上架
CaQE18FiGr,灰色 品牌01 1800 文件柜（文件收纳）,文件柜,品牌01,1800,文件收纳,灰色,8*1*1,4,AW80G,迈克,收货,上架
NoExA5doBl,黑色 品牌16 五号纸 笔记本（点阵）,笔记本,品牌16,五号纸,点阵,黑色,48*10*5,25,BF62B,简,收货,上架
KeSu45MePi,粉色 品牌11 450 键盘（机械式）,键盘,品牌11,450,机械式,粉色,16*10*1,141,BK02C,克里斯,收货,上架
AlPH148GBl,黑色 品牌12 14英寸 一体机（8吉字节内存）,一体机,品牌12,14英寸,8吉字节内存,黑色,16*1*1,13,AG29D,大卫,收货,上架
OfOGSHeGr,灰色 品牌07 小号 办公椅（头枕）,办公椅,品牌07,小号,头枕,灰色,16*1*1,6,DT77C,亚历克斯,收货,上架
PrSoA4AlWh,白色 品牌25 四号纸 打印机（一体式）,打印机,品牌25,四号纸,一体式,白色,16*1*1,11,BR74B,迈克,收货,上架
TVYn654KWh,白色 品牌15 65英寸 电视机（超高清）,电视机,品牌15,65英寸,超高清,白色,8*1*1,2,DO20E,艾米,收货,上架
AlYn178GGr,灰色 品牌15 17英寸 一体机（8吉字节内存）,一体机,品牌15,17英寸,8吉字节内存,灰色,16*1*1,5,CR94A,迈克,收货,上架
TaCI18FrGr,灰色 品牌27 1800 桌子（框架式）,桌子,品牌27,1800,框架式,灰色,8*1*1,8,BF01C,艾米,收货,上架
MoSu27BlNa,藏青色 品牌11 270 鼠标（蓝牙）,鼠标,品牌11,270,蓝牙,藏青色,16*10*1,55,DF39H,莎拉,收货,上架
AlOv15i7Si,银色 品牌13 15英寸 一体机（第7代处理器）,一体机,品牌13,15英寸,第7代处理器,银色,16*1*1,13,DU50B,艾米丽,收货,上架
LaSu1432Si,银色 品牌11 14英寸 笔记本电脑（32吉字节内存）,笔记本电脑,品牌11,14英寸,32吉字节内存,银色,16*1*1,11,AX20G,大卫,收货,上架
CaQE12SlBl,黑色 品牌01 1200 文件柜（滑动式）,文件柜,品牌01,1200,滑动式,黑色,8*1*1,4,AU50E,莎拉,收货,上架
LaRe1432Si,银色 品牌14 14英寸 笔记本电脑（32吉字节内存）,笔记本电脑,品牌14,14英寸,32吉字节内存,银色,16*1*1,11,BY69B,亚历克斯,收货,上架
SPAl12WaBl,黑色 品牌20 12 触控笔（水彩）,触控笔,品牌20,12,水彩,黑色,48*10*5,959,AF32B,莎拉,收货,上架
CaRG90DoBl,黑色 品牌03 900 文件柜（带门式）,文件柜,品牌03,900,带门式,黑色,8*1*1,7,DJ11D,亚历克斯,收货,上架
AlRe14i7Bl,黑色 品牌14 14英寸 一体机（第7代处理器）,一体机,品牌14,14英寸,第7代处理器,黑色,16*1*1,2,DH11C,艾米,收货,上架
DrQE12FiBl,黑色 品牌01 1200 抽屉柜（文件收纳）,抽屉柜,品牌01,1200,文件收纳,黑色,8*1*1,3,AK32A,艾米,收货,上架
TaTR15WoWh,白色 品牌29 1500 桌子（工作站）,桌子,品牌29,1500,工作站,白色,8*1*1,8,AW95H,艾米,收货,上架
SPRe12HePi,粉色 品牌22 12 触控笔（六角形）,触控笔,品牌22,12,六角形,粉色,48*10*5,1416,AJ64C,约翰,收货,上架
LaSu1732Wh,白色 品牌11 17英寸 笔记本电脑（32吉字节内存）,笔记本电脑,品牌11,17英寸,32吉字节内存,白色,16*1*1,3,BH83E,艾米丽,收货,上架
AlSu15i5Si,银色 品牌11 15英寸 一体机（第5代处理器）,一体机,品牌11,15英寸,第5代处理器,银色,16*1*1,4,DM09D,简,收货,上架
TaTR15FrWh,白色 品牌28 1500 桌子（框架式）,桌子,品牌28,1500,框架式,白色,8*1*1,1,CS28A,大卫,收货,上架
DrWE12FiBl,黑色 品牌02 1200 抽屉柜（文件收纳）,抽屉柜,品牌02,1200,文件收纳,黑色,8*1*1,3,BZ62F,简,收货,上架
CaQE90LoWh,白色 品牌01 900 文件柜（储物锁柜）,文件柜,品牌01,900,储物锁柜,白色,8*1*1,5,AS43B,简,收货,上架
TVGL42FHWh,白色 品牌31 42英寸 电视机（全高清）,电视机,品牌31,42英寸,全高清,白色,8*1*1,2,AG71D,简,收货,上架
TaTR15AuWh,白色 品牌28 1500 桌子（自动调节）,桌子,品牌28,1500,自动调节,白色,8*1*1,3,DU12C,劳拉,收货,上架
TVGL50S4Wh,白色 品牌31 50英寸 电视机（超级超高清）,电视机,品牌31,50英寸,超级超高清,白色,8*1*1,3,CH97H,约翰,收货,上架
DrQE18LoBe,米色 品牌01 1800 抽屉柜（储物锁柜）,抽屉柜,品牌01,1800,储物锁柜,米色,8*1*1,8,DP45E,艾米丽,收货,上架
DrTE12LoGr,灰色 品牌04 1200 抽屉柜（储物锁柜）,抽屉柜,品牌04,1200,储物锁柜,灰色,8*1*1,3,DY88G,大卫,收货,上架
MoPH27BlBl,黑色 品牌12 270 鼠标（蓝牙）,鼠标,品牌12,270,蓝牙,黑色,16*10*1,113,BV40C,简,收货,上架
DrWE90LoGr,灰色 品牌02 900 抽屉柜（储物锁柜）,抽屉柜,品牌02,900,储物锁柜,灰色,8*1*1,1,CL60D,劳拉,收货,上架
GaOGSLePi,粉色 品牌07 小号 游戏椅（皮革）,游戏椅,品牌07,小号,皮革,粉色,16*1*1,11,CU65D,莎拉,收货,上架
TaAE18FrGr,灰色 品牌05 1800 桌子（框架式）,桌子,品牌05,1800,框架式,灰色,8*1*1,3,AX35C,大卫,收货,上架
KePH35BlNa,藏青色 品牌12 350 键盘（蓝牙）,键盘,品牌12,350,蓝牙,藏青色,16*10*1,89,AN25F,迈克,收货,上架
CaWE18FiGr,灰色 品牌02 1800 文件柜（文件收纳）,文件柜,品牌02,1800,文件收纳,灰色,8*1*1,4,AU95A,大卫,收货,上架
TVGn32S4Si,银色 品牌30 32英寸 电视机（超级超高清）,电视机,品牌30,32英寸,超级超高清,银色,8*1*1,4,DN60B,克里斯,收货,上架
NoGrA3ruBl,黑色 品牌18 三号纸 笔记本（横线）,笔记本,品牌18,三号纸,横线,黑色,48*10*5,320,BP68D,劳拉,收货,上架
SPNa50SoGr,灰色 品牌23 50 触控笔（可溶性）,触控笔,品牌23,50,可溶性,灰色,48*10*5,1807,CO78G,劳拉,收货,上架
GaSEMHeWh,白色 品牌08 中号 游戏椅（头枕）,游戏椅,品牌08,中号,头枕,白色,16*1*1,15,BZ84H,莎拉,收货,上架
TVYn65SFBl,黑色 品牌15 65英寸 电视机（超级全高清）,电视机,品牌15,65英寸,超级全高清,黑色,8*1*1,8,AO78C,艾米丽,收货,上架
MoHc27ErWh,白色 品牌09 270 鼠标（人体工学）,鼠标,品牌09,270,人体工学,白色,16*10*1,5,BP35D,劳拉,收货,上架
TaTR15AdSi,银色 品牌28 1500 桌子（可调节）,桌子,品牌28,1500,可调节,银色,8*1*1,5,CL31D,迈克,收货,上架
MoSu45MeWh,白色 品牌11 450 鼠标（机械式）,鼠标,品牌11,450,机械式,白色,16*10*1,141,CL58A,艾米,收货,上架
TaTR10AuSi,银色 品牌28 1000 桌子（自动调节）,桌子,品牌28,1000,自动调节,银色,8*1*1,2,BQ26E,亚历克斯,收货,上架
MoHc45BlBl,黑色 品牌09 450 鼠标（蓝牙）,鼠标,品牌09,450,蓝牙,黑色,16*10*1,95,AY60B,简,收货,上架
AlRe15i5Wh,白色 品牌14 15英寸 一体机（第5代处理器）,一体机,品牌14,15英寸,第5代处理器,白色,16*1*1,9,CJ81A,艾米丽,收货,上架
DrQE12SlWh,白色 品牌01 1200 抽屉柜（滑动式）,抽屉柜,品牌01,1200,滑动式,白色,8*1*1,4,BT86D,大卫,收货,上架
TaTR10WoSi,银色 品牌28 1000 桌子（工作站）,桌子,品牌28,1000,工作站,银色,8*1*1,5,DG88H,艾米,收货,上架
KeSu27WiPi,粉色 品牌11 270 键盘（有线）,键盘,品牌11,270,有线,粉色,16*10*1,41,AQ03F,艾米丽,收货,上架
SPGi50WaGr,灰色 品牌21 50 触控笔（水彩）,触控笔,品牌21,50,水彩,灰色,48*10*5,875,CL08A,迈克,收货,上架
PeRe24HeWh,白色 品牌22 24 铅笔（六角形）,铅笔,品牌22,24,六角形,白色,48*10*5,856,DV75D,艾米,收货,上架
TVEs32FHWh,白色 品牌32 32英寸 电视机（全高清）,电视机,品牌32,32英寸,全高清,白色,8*1*1,2,AZ75B,莎拉,收货,上架
NoGrA4doSi,银色 品牌18 四号纸 笔记本（点阵）,笔记本,品牌18,四号纸,点阵,银色,48*10*5,1069,BL94E,艾米丽,收货,上架
PeAl50HeWh,白色 品牌20 50 铅笔（六角形）,铅笔,品牌20,50,六角形,白色,48*10*5,1805,CF91E,简,收货,上架
AlPH148GBl,黑色 品牌12 14英寸 一体机（8吉字节内存）,一体机,品牌12,14英寸,8吉字节内存,黑色,16*1*1,13,BQ05B,劳拉,收货,上架
PrNoA3AlGr,灰色 品牌26 三号纸 打印机（一体式）,打印机,品牌26,三号纸,一体式,灰色,16*1*1,6,DK85D,艾米,收货,上架
OfXELHeGr,灰色 品牌06 大号 办公椅（头枕）,办公椅,品牌06,大号,头枕,灰色,16*1*1,16,CG09E,亚历克斯,收货,上架
GaXESLeBl,黑色 品牌06 小号 游戏椅（皮革）,游戏椅,品牌06,小号,皮革,黑色,16*1*1,13,DW44A,约翰,收货,上架
PrPHA3InGr,灰色 品牌12 三号纸 打印机（喷墨）,打印机,品牌12,三号纸,喷墨,灰色,16*1*1,2,CY39H,简,收货,上架
KeHc45ErPi,粉色 品牌09 450 键盘（人体工学）,键盘,品牌09,450,人体工学,粉色,16*10*1,93,BI39D,亚历克斯,收货,上架
PrNoA2AlWh,白色 品牌26 二号纸 打印机（一体式）,打印机,品牌26,二号纸,一体式,白色,16*1*1,13,BY36G,莎拉,收货,上架
LaRe1416Wh,白色 品牌14 14英寸 笔记本电脑（16吉字节内存）,笔记本电脑,品牌14,14英寸,16吉字节内存,白色,16*1*1,9,BG84G,莎拉,收货,上架
AlOv148GSi,银色 品牌13 14英寸 一体机（8吉字节内存）,一体机,品牌13,14英寸,8吉字节内存,银色,16*1*1,4,CF64H,劳拉,收货,上架
OfXELErBl,黑色 品牌06 大号 办公椅（人体工学）,办公椅,品牌06,大号,人体工学,黑色,16*1*1,14,CT31B,迈克,收货,上架
SPAl50SoBl,黑色 品牌20 50 触控笔（可溶性）,触控笔,品牌20,50,可溶性,黑色,48*10*5,86,CO80B,克里斯,收货,上架
KePH35BlBl,黑色 品牌12 350 键盘（蓝牙）,键盘,品牌12,350,蓝牙,黑色,16*10*1,34,AJ37E,大卫,收货,上架
PeGi12HeWh,白色 品牌21 12 铅笔（六角形）,铅笔,品牌21,12,六角形,白色,48*10*5,11,BI38D,简,收货,上架
CaRG18SlBe,米色 品牌03 1800 文件柜（滑动式）,文件柜,品牌03,1800,滑动式,米色,8*1*1,1,AZ17H,约翰,收货,上架
KePH35MeBl,黑色 品牌12 350 键盘（机械式）,键盘,品牌12,350,机械式,黑色,16*10*1,152,CS74E,约翰,收货,上架
PeNa50HePi,粉色 品牌23 50 铅笔（六角形）,铅笔,品牌23,50,六角形,粉色,48*10*5,1263,CO82G,迈克,收货,上架
KeHc27WiBl,黑色 品牌09 270 键盘（有线）,键盘,品牌09,270,有线,黑色,16*10*1,77,DI45B,亚历克斯,收货,上架
NoExA3ruGr,灰色 品牌16 三号纸 笔记本（横线）,笔记本,品牌16,三号纸,横线,灰色,48*10*5,211,BS39F,约翰,收货,上架
LaOv148GGr,灰色 品牌13 14英寸 笔记本电脑（8吉字节内存）,笔记本电脑,品牌13,14英寸,8吉字节内存,灰色,16*1*1,6,BU61G,约翰,收货,上架
CuTE90DoWh,白色 品牌04 900 储物柜（带门式）,储物柜,品牌04,900,带门式,白色,8*1*1,5,CX15D,简,收货,上架
TVYn424KBl,黑色 品牌15 42英寸 电视机（超高清）,电视机,品牌15,42英寸,超高清,黑色,8*1*1,5,CL96A,迈克,收货,上架
CaRG90FiBl,黑色 品牌03 900 文件柜（文件收纳）,文件柜,品牌03,900,文件收纳,黑色,8*1*1,1,BH48F,迈克,收货,上架
LaOv14i5Wh,白色 品牌13 14英寸 笔记本电脑（第5代处理器）,笔记本电脑,品牌13,14英寸,第5代处理器,白色,16*1*1,16,BU46D,莎拉,收货,上架
TaAE10AdGr,灰色 品牌05 1000 桌子（可调节）,桌子,品牌05,1000,可调节,灰色,8*1*1,7,BT28G,劳拉,收货,上架
PrReA3MoGr,灰色 品牌24 三号纸 打印机（黑白）,打印机,品牌24,三号纸,黑白,灰色,16*1*1,6,AZ28H,大卫,收货,上架
KeSu35BlBl,黑色 品牌11 350 键盘（蓝牙）,键盘,品牌11,350,蓝牙,黑色,16*10*1,5,DW84E,艾米,收货,上架
DrQE12DoWh,白色 品牌01 1200 抽屉柜（带门式）,抽屉柜,品牌01,1200,带门式,白色,8*1*1,2,DF78H,艾米,收货,上架
PeAl12SoPi,粉色 品牌20 12 铅笔（可溶性）,铅笔,品牌20,12,可溶性,粉色,48*10*5,1411,CZ67D,艾米丽,收货,上架
DrRG12FiGr,灰色 品牌03 1200 抽屉柜（文件收纳）,抽屉柜,品牌03,1200,文件收纳,灰色,8*1*1,6,CQ31D,简,收货,上架
GaAESLeBl,黑色 品牌05 小号 游戏椅（皮革）,游戏椅,品牌05,小号,皮革,黑色,16*1*1,13,CZ28B,克里斯,收货,上架
GaXELAdBl,黑色 品牌06 大号 游戏椅（可调节）,游戏椅,品牌06,大号,可调节,黑色,16*1*1,15,CX14D,劳拉,收货,上架
TVGL32S4Bl,黑色 品牌31 32英寸 电视机（超级超高清）,电视机,品牌31,32英寸,超级超高清,黑色,8*1*1,1,CS02C,艾米,收货,上架
LaOv17i5Wh,白色 品牌13 17英寸 笔记本电脑（第5代处理器）,笔记本电脑,品牌13,17英寸,第5代处理器,白色,16*1*1,15,CW08A,克里斯,收货,上架
CuWE12SlBe,米色 品牌02 1200 储物柜（滑动式）,储物柜,品牌02,1200,滑动式,米色,8*1*1,7,DI94E,约翰,收货,上架
AlPH1716Wh,白色 品牌12 17英寸 一体机（16吉字节内存）,一体机,品牌12,17英寸,16吉字节内存,白色,16*1*1,12,DW14G,约翰,收货,上架
TVGL65SFSi,银色 品牌31 65英寸 电视机（超级全高清）,电视机,品牌31,65英寸,超级全高清,银色,8*1*1,5,AP82G,亚历克斯,收货,上架
KeSu45MeNa,藏青色 品牌11 450 键盘（机械式）,键盘,品牌11,450,机械式,藏青色,16*10*1,7,DQ24D,大卫,收货,上架
CaWE90FiBe,米色 品牌02 900 文件柜（文件收纳）,文件柜,品牌02,900,文件收纳,米色,8*1*1,7,AL52A,莎拉,收货,上架
TVGL424KWh,白色 品牌31 42英寸 电视机（超高清）,电视机,品牌31,42英寸,超高清,白色,8*1*1,1,BN06D,莎拉,收货,上架
SPGi12HeWh,白色 品牌21 12 触控笔（六角形）,触控笔,品牌21,12,六角形,白色,48*10*5,2034,CH32F,艾米丽,收货,上架
SPRe50HeGr,灰色 品牌22 50 触控笔（六角形）,触控笔,品牌22,50,六角形,灰色,48*10*5,583,DY50C,大卫,收货,上架
TVYn65FHWh,白色 品牌15 65英寸 电视机（全高清）,电视机,品牌15,65英寸,全高清,白色,8*1*1,3,CH98G,约翰,收货,上架
MoPH35BlBl,黑色 品牌12 350 鼠标（蓝牙）,鼠标,品牌12,350,蓝牙,黑色,16*10*1,160,AW02G,迈克,收货,上架
TVGL65S4Bl,黑色 品牌31 65英寸 电视机（超级超高清）,电视机,品牌31,65英寸,超级超高清,黑色,8*1*1,8,AV16C,约翰,收货,上架
GaXESHePi,粉色 品牌06 小号 游戏椅（头枕）,游戏椅,品牌06,小号,头枕,粉色,16*1*1,7,DX59B,迈克,收货,上架
KeSu35WiWh,白色 品牌11 350 键盘（有线）,键盘,品牌11,350,有线,白色,16*10*1,154,AR81E,约翰,收货,上架
TVGn50S4Wh,白色 品牌30 50英寸 电视机（超级超高清）,电视机,品牌30,50英寸,超级超高清,白色,8*1*1,8,BW70C,莎拉,收货,上架
DrQE12LoGr,灰色 品牌01 1200 抽屉柜（储物锁柜）,抽屉柜,品牌01,1200,储物锁柜,灰色,8*1*1,7,CZ64C,简,收货,上架
CaWE18SlBe,米色 品牌02 1800 文件柜（滑动式）,文件柜,品牌02,1800,滑动式,米色,8*1*1,1,BO79E,克里斯,收货,上架
CuQE90SlWh,白色 品牌01 900 储物柜（滑动式）,储物柜,品牌01,900,滑动式,白色,8*1*1,5,BN98A,简,收货,上架
NoMuA4doGr,灰色 品牌19 四号纸 笔记本（点阵）,笔记本,品牌19,四号纸,点阵,灰色,48*10*5,1085,AM01F,劳拉,收货,上架
PeAl12WaGr,灰色 品牌20 12 铅笔（水彩）,铅笔,品牌20,12,水彩,灰色,48*10*5,2081,CI32A,劳拉,收货,上架
CaQE18FiGr,灰色 品牌01 1800 文件柜（文件收纳）,文件柜,品牌01,1800,文件收纳,灰色,8*1*1,5,CY40A,劳拉,收货,上架
OfOGMAdBl,黑色 品牌07 中号 办公椅（可调节）,办公椅,品牌07,中号,可调节,黑色,16*1*1,8,DK45B,简,收货,上架
LaPH14i7Wh,白色 品牌12 14英寸 笔记本电脑（第7代处理器）,笔记本电脑,品牌12,14英寸,第7代处理器,白色,16*1*1,8,BN27A,艾米,收货,上架
AlSu1416Wh,白色 品牌11 14英寸 一体机（16吉字节内存）,一体机,品牌11,14英寸,16吉字节内存,白色,16*1*1,10,CF86H,克里斯,收货,上架
MoPH27BlNa,藏青色 品牌12 270 鼠标（蓝牙）,鼠标,品牌12,270,蓝牙,藏青色,16*10*1,68,DQ52G,艾米,收货,上架
AlSu14i5Gr,灰色 品牌11 14英寸 一体机（第5代处理器）,一体机,品牌11,14英寸,第5代处理器,灰色,16*1*1,12,AQ55E,亚历克斯,收货,上架
LaSu178GBl,黑色 品牌11 17英寸 笔记本电脑（8吉字节内存）,笔记本电脑,品牌11,17英寸,8吉字节内存,黑色,16*1*1,6,DT58C,艾米丽,收货,上架
LaYn17i7Gr,灰色 品牌15 17英寸 笔记本电脑（第7代处理器）,笔记本电脑,品牌15,17英寸,第7代处理器,灰色,16*1*1,5,AG01C,莎拉,收货,上架
PrNoA4AlGr,灰色 品牌26 四号纸 打印机（一体式）,打印机,品牌26,四号纸,一体式,灰色,16*1*1,11,CQ83D,大卫,收货,上架
TVEs324KBl,黑色 品牌32 32英寸 电视机（超高清）,电视机,品牌32,32英寸,超高清,黑色,8*1*1,5,AJ16G,亚历克斯,收货,上架
TVYn50SFSi,银色 品牌15 50英寸 电视机（超级全高清）,电视机,品牌15,50英寸,超级全高清,银色,8*1*1,7,CG51G,大卫,收货,上架
LaPH158GGr,灰色 品牌12 15英寸 笔记本电脑（8吉字节内存）,笔记本电脑,品牌12,15英寸,8吉字节内存,灰色,16*1*1,5,CL89C,迈克,收货,上架
TaCI10AdWh,白色 品牌27 1000 桌子（可调节）,桌子,品牌27,1000,可调节,白色,8*1*1,5,BI81G,艾米丽,收货,上架
CaRG12LoGr,灰色 品牌03 1200 文件柜（储物锁柜）,文件柜,品牌03,1200,储物锁柜,灰色,8*1*1,7,AX06D,劳拉,收货,上架
PrSoA3AlBl,黑色 品牌25 三号纸 打印机（一体式）,打印机,品牌25,三号纸,一体式,黑色,16*1*1,8,AQ04H,艾米丽,收货,上架
NoScA4ruGr,灰色 品牌17 四号纸 笔记本（横线）,笔记本,品牌17,四号纸,横线,灰色,48*10*5,272,CS60C,约翰,收货,上架
OfSEMErWh,白色 品牌08 中号 办公椅（人体工学）,办公椅,品牌08,中号,人体工学,白色,16*1*1,4,AK49C,简,收货,上架
SPAl12SoBl,黑色 品牌20 12 触控笔（可溶性）,触控笔,品牌20,12,可溶性,黑色,48*10*5,2159,CF11G,约翰,收货,上架
PrPHA4InGr,灰色 品牌12 四号纸 打印机（喷墨）,打印机,品牌12,四号纸,喷墨,灰色,16*1*1,1,AS49E,艾米,收货,上架
LaYn148GGr,灰色 品牌15 14英寸 笔记本电脑（8吉字节内存）,笔记本电脑,品牌15,14英寸,8吉字节内存,灰色,16*1*1,8,CO58G,莎拉,收货,上架
LaRe148GSi,银色 品牌14 14英寸 笔记本电脑（8吉字节内存）,笔记本电脑,品牌14,14英寸,8吉字节内存,银色,16*1*1,2,CQ96A,约翰,收货,上架
PrPHA4WiGr,灰色 品牌12 四号纸 打印机（无线网络）,打印机,品牌12,四号纸,无线网络,灰色,16*1*1,4,BG18C,艾米丽,收货,上架
OfXEMAdBl,黑色 品牌06 中号 办公椅（可调节）,办公椅,品牌06,中号,可调节,黑色,16*1*1,12,BV35E,迈克,收货,上架
CuWE18SlGr,灰色 品牌02 1800 储物柜（滑动式）,储物柜,品牌02,1800,滑动式,灰色,8*1*1,6,CP13A,莎拉,收货,上架
MoPH45MeBl,黑色 品牌12 450 鼠标（机械式）,鼠标,品牌12,450,机械式,黑色,16*10*1,31,CM29E,莎拉,收货,上架
NoMuA4liWh,白色 品牌19 四号纸 笔记本（线条）,笔记本,品牌19,四号纸,线条,白色,48*10*5,2387,AY08C,克里斯,收货,上架
SPRe50HeWh,白色 品牌22 50 触控笔（六角形）,触控笔,品牌22,50,六角形,白色,48*10*5,279,CT73A,约翰,收货,上架
CaQE12LoWh,白色 品牌01 1200 文件柜（储物锁柜）,文件柜,品牌01,1200,储物锁柜,白色,8*1*1,6,BQ55F,大卫,收货,上架
CuTE90SlWh,白色 品牌04 900 储物柜（滑动式）,储物柜,品牌04,900,滑动式,白色,8*1*1,5,AN79A,艾米,收货,上架
TVGL504KGr,灰色 品牌31 50英寸 电视机（超高清）,电视机,品牌31,50英寸,超高清,灰色,8*1*1,1,AN23E,迈克,收货,上架
OfOGLErBl,黑色 品牌07 大号 办公椅（人体工学）,办公椅,品牌07,大号,人体工学,黑色,16*1*1,10,CW08A,约翰,收货,上架
TVGn75SFGr,灰色 品牌30 75英寸 电视机（超级全高清）,电视机,品牌30,75英寸,超级全高清,灰色,8*1*1,7,BP17E,简,收货,上架
DrRG18LoGr,灰色 品牌03 1800 抽屉柜（储物锁柜）,抽屉柜,品牌03,1800,储物锁柜,灰色,8*1*1,6,DR64E,亚历克斯,收货,上架
OfOGLLeWh,白色 品牌07 大号 办公椅（皮革）,办公椅,品牌07,大号,皮革,白色,16*1*1,16,DM32E,莎拉,收货,上架
SPRe50SoBl,黑色 品牌22 50 触控笔（可溶性）,触控笔,品牌22,50,可溶性,黑色,48*10*5,2033,CS07H,艾米丽,收货,上架
MoRe45MeWh,白色 品牌10 450 鼠标（机械式）,鼠标,品牌10,450,机械式,白色,16*10*1,29,BT63E,艾米,收货,上架
AlYn14i7Gr,灰色 品牌15 14英寸 一体机（第7代处理器）,一体机,品牌15,14英寸,第7代处理器,灰色,16*1*1,5,CV25A,艾米丽,收货,上架
AlPH1516Gr,灰色 品牌12 15英寸 一体机（16吉字节内存）,一体机,品牌12,15英寸,16吉字节内存,灰色,16*1*1,13,DU42A,迈克,收货,上架
TVEs42S4Wh,白色 品牌32 42英寸 电视机（超级超高清）,电视机,品牌32,42英寸,超级超高清,白色,8*1*1,5,DU77G,约翰,收货,上架
AlYn1716Wh,白色 品牌15 17英寸 一体机（16吉字节内存）,一体机,品牌15,17英寸,16吉字节内存,白色,16*1*1,15,BT95A,迈克,收货,上架
TVYn324KSi,银色 品牌15 32英寸 电视机（超高清）,电视机,品牌15,32英寸,超高清,银色,8*1*1,3,DX78C,艾米丽,收货,上架
MoRe45BlBl,黑色 品牌10 450 鼠标（蓝牙）,鼠标,品牌10,450,蓝牙,黑色,16*10*1,20,CO14C,约翰,收货,上架
NoGrA3liWh,白色 品牌18 三号纸 笔记本（线条）,笔记本,品牌18,三号纸,线条,白色,48*10*5,30,AM03B,大卫,收货,上架
OfXESErGr,灰色 品牌06 小号 办公椅（人体工学）,办公椅,品牌06,小号,人体工学,灰色,16*1*1,14,CG83A,艾米丽,收货,上架
CaWE18DoGr,灰色 品牌02 1800 文件柜（带门式）,文件柜,品牌02,1800,带门式,灰色,8*1*1,4,DH81F,艾米丽,收货,上架
PeNa24WaBl,黑色 品牌23 24 铅笔（水彩）,铅笔,品牌23,24,水彩,黑色,48*10*5,237,BX44H,简,收货,上架
KePH35ErNa,藏青色 品牌12 350 键盘（人体工学）,键盘,品牌12,350,人体工学,藏青色,16*10*1,69,BP25G,莎拉,收货,上架
CuTE12FiWh,白色 品牌04 1200 储物柜（文件收纳）,储物柜,品牌04,1200,文件收纳,白色,8*1*1,7,DK37C,亚历克斯,收货,上架
TaTR15AdGr,灰色 品牌29 1500 桌子（可调节）,桌子,品牌29,1500,可调节,灰色,8*1*1,4,DQ13A,艾米丽,收货,上架
PeNa12SoGr,灰色 品牌23 12 铅笔（可溶性）,铅笔,品牌23,12,可溶性,灰色,48*10*5,1961,BL97G,简,收货,上架
AlSu17i7Wh,白色 品牌11 17英寸 一体机（第7代处理器）,一体机,品牌11,17英寸,第7代处理器,白色,16*1*1,10,AV31E,迈克,收货,上架
PeNa50HePi,粉色 品牌23 50 铅笔（六角形）,铅笔,品牌23,50,六角形,粉色,48*10*5,833,CJ69G,劳拉,收货,上架
LaPH15i7Bl,黑色 品牌12 15英寸 笔记本电脑（第7代处理器）,笔记本电脑,品牌12,15英寸,第7代处理器,黑色,16*1*1,6,CX15D,亚历克斯,收货,上架
CuRG18DoWh,白色 品牌03 1800 储物柜（带门式）,储物柜,品牌03,1800,带门式,白色,8*1*1,1,DP84F,迈克,收货,上架
KePH27ErPi,粉色 品牌12 270 键盘（人体工学）,键盘,品牌12,270,人体工学,粉色,16*10*1,59,AT55H,莎拉,收货,上架
MoSu27BlPi,粉色 品牌11 270 鼠标（蓝牙）,鼠标,品牌11,270,蓝牙,粉色,16*10*1,8,BH60B,克里斯,收货,上架
CuRG18DoGr,灰色 品牌03 1800 储物柜（带门式）,储物柜,品牌03,1800,带门式,灰色,8*1*1,1,AV63G,约翰,收货,上架
CuWE18DoBe,米色 品牌02 1800 储物柜（带门式）,储物柜,品牌02,1800,带门式,米色,8*1*1,2,BN97C,亚历克斯,收货,上架
CuTE12FiGr,灰色 品牌04 1200 储物柜（文件收纳）,储物柜,品牌04,1200,文件收纳,灰色,8*1*1,2,AM63E,艾米丽,收货,上架
TVYn65S4Gr,灰色 品牌15 65英寸 电视机（超级超高清）,电视机,品牌15,65英寸,超级超高清,灰色,8*1*1,5,DW78E,莎拉,收货,上架
PrReA2AlGr,灰色 品牌24 二号纸 打印机（一体式）,打印机,品牌24,二号纸,一体式,灰色,16*1*1,15,DZ29D,克里斯,收货,上架
TaTR15WoBl,黑色 品牌28 1500 桌子（工作站）,桌子,品牌28,1500,工作站,黑色,8*1*1,6,BQ91D,克里斯,收货,上架
MoPH45WiNa,藏青色 品牌12 450 鼠标（有线）,鼠标,品牌12,450,有线,藏青色,16*10*1,141,CN41C,大卫,收货,上架
SPNa50WaPi,粉色 品牌23 50 触控笔（水彩）,触控笔,品牌23,50,水彩,粉色,48*10*5,2231,DL56F,克里斯,收货,上架
MoPH27ErWh,白色 品牌12 270 鼠标（人体工学）,鼠标,品牌12,270,人体工学,白色,16*10*1,50,AN86H,亚历克斯,收货,上架
MoRe27WiPi,粉色 品牌10 270 鼠标（有线）,鼠标,品牌10,270,有线,粉色,16*10*1,38,DI27A,艾米丽,收货,上架
TVYn42FHBl,黑色 品牌15 42英寸 电视机（全高清）,电视机,品牌15,42英寸,全高清,黑色,8*1*1,3,CZ38D,莎拉,收货,上架
TaAE10AuGr,灰色 品牌05 1000 桌子（自动调节）,桌子,品牌05,1000,自动调节,灰色,8*1*1,5,BV23A,莎拉,收货,上架
KeRe45WiPi,粉色 品牌10 450 键盘（有线）,键盘,品牌10,450,有线,粉色,16*10*1,118,AM01B,劳拉,收货,上架
PrNoA3LaGr,灰色 品牌26 三号纸 打印机（激光）,打印机,品牌26,三号纸,激光,灰色,16*1*1,10,DK15A,艾米,收货,上架
CaRG18FiBe,米色 品牌03 1800 文件柜（文件收纳）,文件柜,品牌03,1800,文件收纳,米色,8*1*1,4,BN34D,大卫,收货,上架
AlRe15i7Si,银色 品牌14 15英寸 一体机（第7代处理器）,一体机,品牌14,15英寸,第7代处理器,银色,16*1*1,7,DN81E,迈克,收货,上架
LaSu14i7Gr,灰色 品牌11 14英寸 笔记本电脑（第7代处理器）,笔记本电脑,品牌11,14英寸,第7代处理器,灰色,16*1*1,7,AW22D,艾米,收货,上架
AlPH15i5Wh,白色 品牌12 15英寸 一体机（第5代处理器）,一体机,品牌12,15英寸,第5代处理器,白色,16*1*1,15,BR84H,克里斯,收货,上架
LaRe1732Bl,黑色 品牌14 17英寸 笔记本电脑（32吉字节内存）,笔记本电脑,品牌14,17英寸,32吉字节内存,黑色,16*1*1,6,CQ86C,克里斯,收货,上架
PrPHA2InBl,黑色 品牌12 二号纸 打印机（喷墨）,打印机,品牌12,二号纸,喷墨,黑色,16*1*1,6,CJ66D,迈克,收货,上架
SPRe12WaBl,黑色 品牌22 12 触控笔（水彩）,触控笔,品牌22,12,水彩,黑色,48*10*5,1466,AR10A,艾米丽,收货,上架
NoMuA3liBl,黑色 品牌19 三号纸 笔记本（线条）,笔记本,品牌19,三号纸,线条,黑色,48*10*5,638,AK88E,约翰,收货,上架
CuRG90LoBl,黑色 品牌03 900 储物柜（储物锁柜）,储物柜,品牌03,900,储物锁柜,黑色,8*1*1,7,DV01E,大卫,收货,上架
KeRe27ErNa,藏青色 品牌10 270 键盘（人体工学）,键盘,品牌10,270,人体工学,藏青色,16*10*1,139,AK04F,克里斯,收货,上架
CaWE90SlBe,米色 品牌02 900 文件柜（滑动式）,文件柜,品牌02,900,滑动式,米色,8*1*1,7,AJ91H,艾米,收货,上架
LaYn1432Wh,白色 品牌15 14英寸 笔记本电脑（32吉字节内存）,笔记本电脑,品牌15,14英寸,32吉字节内存,白色,16*1*1,3,CX06F,迈克,收货,上架
MoRe45BlWh,白色 品牌10 450 鼠标（蓝牙）,鼠标,品牌10,450,蓝牙,白色,16*10*1,120,AY71G,约翰,收货,上架
PrReA3LaMi,混合色 品牌24 三号纸 打印机（激光）,打印机,品牌24,三号纸,激光,混合色,16*1*1,15,AZ15E,艾米,收货,上架
TVYn50S4Gr,灰色 品牌15 50英寸 电视机（超级超高清）,电视机,品牌15,50英寸,超级超高清,灰色,8*1*1,1,AI70E,简,收货,上架
TVGL504KBl,黑色 品牌31 50英寸 电视机（超高清）,电视机,品牌31,50英寸,超高清,黑色,8*1*1,3,DI13F,大卫,收货,上架
OfXELLeBl,黑色 品牌06 大号 办公椅（皮革）,办公椅,品牌06,大号,皮革,黑色,16*1*1,2,DQ57G,艾米,收货,上架
AlYn158GWh,白色 品牌15 15英寸 一体机（8吉字节内存）,一体机,品牌15,15英寸,8吉字节内存,白色,16*1*1,10,CJ77H,简,收货,上架
MoSu45MePi,粉色 品牌11 450 鼠标（机械式）,鼠标,品牌11,450,机械式,粉色,16*10*1,8,DY52H,艾米,收货,上架
GaOGSLeGr,灰色 品牌07 小号 游戏椅（皮革）,游戏椅,品牌07,小号,皮革,灰色,16*1*1,15,BX79H,亚历克斯,收货,上架
GaOGMHeWh,白色 品牌07 中号 游戏椅（头枕）,游戏椅,品牌07,中号,头枕,白色,16*1*1,9,DN51E,亚历克斯,收货,上架
DrRG12LoBe,米色 品牌03 1200 抽屉柜（储物锁柜）,抽屉柜,品牌03,1200,储物锁柜,米色,8*1*1,6,BO72A,约翰,收货,上架
LaYn17i7Bl,黑色 品牌15 17英寸 笔记本电脑（第7代处理器）,笔记本电脑,品牌15,17英寸,第7代处理器,黑色,16*1*1,14,DT37D,迈克,收货,上架
MoSu35MeNa,藏青色 品牌11 350 鼠标（机械式）,鼠标,品牌11,350,机械式,藏青色,16*10*1,103,DW13H,艾米,收货,上架
SPRe50SoBl,黑色 品牌22 50 触控笔（可溶性）,触控笔,品牌22,50,可溶性,黑色,48*10*5,1911,BN72E,劳拉,收货,上架
CuWE18DoBe,米色 品牌02 1800 储物柜（带门式）,储物柜,品牌02,1800,带门式,米色,8*1*1,1,CF52E,劳拉,收货,上架
AlOv178GWh,白色 品牌13 17英寸 一体机（8吉字节内存）,一体机,品牌13,17英寸,8吉字节内存,白色,16*1*1,13,CG02F,艾米,收货,上架
CaQE12SlWh,白色 品牌01 1200 文件柜（滑动式）,文件柜,品牌01,1200,滑动式,白色,8*1*1,5,DW33D,克里斯,收货,上架
DrTE12FiBe,米色 品牌04 1200 抽屉柜（文件收纳）,抽屉柜,品牌04,1200,文件收纳,米色,8*1*1,6,DS11D,克里斯,收货,上架
TaTR10AdGr,灰色 品牌29 1000 桌子（可调节）,桌子,品牌29,1000,可调节,灰色,8*1*1,2,CS76D,克里斯,收货,上架
LaPH1416Wh,白色 品牌12 14英寸 笔记本电脑（16吉字节内存）,笔记本电脑,品牌12,14英寸,16吉字节内存,白色,16*1*1,9,CT78B,亚历克斯,收货,上架
LaPH15i7Gr,灰色 品牌12 15英寸 笔记本电脑（第7代处理器）,笔记本电脑,品牌12,15英寸,第7代处理器,灰色,16*1*1,16,DY70D,简,收货,上架
LaOv178GWh,白色 品牌13 17英寸 笔记本电脑（8吉字节内存）,笔记本电脑,品牌13,17英寸,8吉字节内存,白色,16*1*1,14,DW45F,艾米丽,收货,上架
AlPH17i5Si,银色 品牌12 17英寸 一体机（第5代处理器）,一体机,品牌12,17英寸,第5代处理器,银色,16*1*1,15,BW42E,大卫,收货,上架
GaSESAdPi,粉色 品牌08 小号 游戏椅（可调节）,游戏椅,品牌08,小号,可调节,粉色,16*1*1,4,CZ10C,简,收货,上架
AlPH1416Gr,灰色 品牌12 14英寸 一体机（16吉字节内存）,一体机,品牌12,14英寸,16吉字节内存,灰色,16*1*1,5,BL27A,劳拉,收货,上架
MoSu27ErBl,黑色 品牌11 270 鼠标（人体工学）,鼠标,品牌11,270,人体工学,黑色,16*10*1,36,CL91C,亚历克斯,收货,上架
DrRG90SlBl,黑色 品牌03 900 抽屉柜（滑动式）,抽屉柜,品牌03,900,滑动式,黑色,8*1*1,8,DT62C,莎拉,收货,上架
TaTR15AuGr,灰色 品牌28 1500 桌子（自动调节）,桌子,品牌28,1500,自动调节,灰色,8*1*1,4,CF70B,劳拉,收货,上架
GaXELLeBl,黑色 品牌06 大号 游戏椅（皮革）,游戏椅,品牌06,大号,皮革,黑色,16*1*1,9,DY86B,大卫,收货,上架
SPGi50SoBl,黑色 品牌21 50 触控笔（可溶性）,触控笔,品牌21,50,可溶性,黑色,48*10*5,445,AP04B,艾米,收货,上架
GaSEMErWh,白色 品牌08 中号 游戏椅（人体工学）,游戏椅,品牌08,中号,人体工学,白色,16*1*1,1,BY02E,约翰,收货,上架
CuTE18LoWh,白色 品牌04 1800 储物柜（储物锁柜）,储物柜,品牌04,1800,储物锁柜,白色,8*1*1,7,AJ34D,艾米丽,收货,上架
CuWE12FiWh,白色 品牌02 1200 储物柜（文件收纳）,储物柜,品牌02,1200,文件收纳,白色,8*1*1,6,BR34F,劳拉,收货,上架
TaTR15AdWh,白色 品牌29 1500 桌子（可调节）,桌子,品牌29,1500,可调节,白色,8*1*1,4,DW36G,迈克,收货,上架
TVEs65S4Wh,白色 品牌32 65英寸 电视机（超级超高清）,电视机,品牌32,65英寸,超级超高清,白色,8*1*1,6,AS70A,劳拉,收货,上架
CaTE90SlGr,灰色 品牌04 900 文件柜（滑动式）,文件柜,品牌04,900,滑动式,灰色,8*1*1,7,AF95G,简,收货,上架
NoGrA4doGr,灰色 品牌18 四号纸 笔记本（点阵）,笔记本,品牌18,四号纸,点阵,灰色,48*10*5,1728,DF69A,约翰,收货,上架
PrPHA2LaGr,灰色 品牌12 二号纸 打印机（激光）,打印机,品牌12,二号纸,激光,灰色,16*1*1,12,CT59F,亚历克斯,收货,上架
AlYn1516Bl,黑色 品牌15 15英寸 一体机（16吉字节内存）,一体机,品牌15,15英寸,16吉字节内存,黑色,16*1*1,1,CF57H,莎拉,收货,上架
AlRe1516Wh,白色 品牌14 15英寸 一体机（16吉字节内存）,一体机,品牌14,15英寸,16吉字节内存,白色,16*1*1,11,BQ79H,约翰,收货,上架
CuTE90LoGr,灰色 品牌04 900 储物柜（储物锁柜）,储物柜,品牌04,900,储物锁柜,灰色,8*1*1,7,DW32A,迈克,收货,上架
CuTE90LoBl,黑色 品牌04 900 储物柜（储物锁柜）,储物柜,品牌04,900,储物锁柜,黑色,8*1*1,4,CJ89B,艾米,收货,上架
AlSu158GBl,黑色 品牌11 15英寸 一体机（8吉字节内存）,一体机,品牌11,15英寸,8吉字节内存,黑色,16*1*1,10,DI15D,简,收货,上架
PrReA4LaBl,黑色 品牌24 四号纸 打印机（激光）,打印机,品牌24,四号纸,激光,黑色,16*1*1,11,BG49A,约翰,收货,上架
PrPHA2LaMi,混合色 品牌12 二号纸 打印机（激光）,打印机,品牌12,二号纸,激光,混合色,16*1*1,15,CL90E,简,收货,上架
PeRe12WaGr,灰色 品牌22 12 铅笔（水彩）,铅笔,品牌22,12,水彩,灰色,48*10*5,1520,CO42F,大卫,收货,上架
TVEs654KBl,黑色 品牌32 65英寸 电视机（超高清）,电视机,品牌32,65英寸,超高清,黑色,8*1*1,6,BI14C,艾米丽,收货,上架
LaYn1516Gr,灰色 品牌15 15英寸 笔记本电脑（16吉字节内存）,笔记本电脑,品牌15,15英寸,16吉字节内存,灰色,16*1*1,4,BP24D,艾米,收货,上架
GaSESLePi,粉色 品牌08 小号 游戏椅（皮革）,游戏椅,品牌08,小号,皮革,粉色,16*1*1,8,CW13G,迈克,收货,上架
GaOGLHeBl,黑色 品牌07 大号 游戏椅（头枕）,游戏椅,品牌07,大号,头枕,黑色,16*1*1,16,CX09H,克里斯,收货,上架
TVGL754KSi,银色 品牌31 75英寸 电视机（超高清）,电视机,品牌31,75英寸,超高清,银色,8*1*1,7,DR97G,约翰,收货,上架
DrTE12FiWh,白色 品牌04 1200 抽屉柜（文件收纳）,抽屉柜,品牌04,1200,文件收纳,白色,8*1*1,6,CP73F,劳拉,收货,上架
PeAl12WaBl,黑色 品牌20 12 铅笔（水彩）,铅笔,品牌20,12,水彩,黑色,48*10*5,1527,BZ85D,艾米,收货,上架
LaPH1516Wh,白色 品牌12 15英寸 笔记本电脑（16吉字节内存）,笔记本电脑,品牌12,15英寸,16吉字节内存,白色,16*1*1,14,CV56A,简,收货,上架
LaYn178GSi,银色 品牌15 17英寸 笔记本电脑（8吉字节内存）,笔记本电脑,品牌15,17英寸,8吉字节内存,银色,16*1*1,15,DN05B,艾米,收货,上架
TaCI10FrSi,银色 品牌27 1000 桌子（框架式）,桌子,品牌27,1000,框架式,银色,8*1*1,6,BT98A,艾米丽,收货,上架
CuRG18DoGr,灰色 品牌03 1800 储物柜（带门式）,储物柜,品牌03,1800,带门式,灰色,8*1*1,2,BI43E,大卫,收货,上架
SPAl24SoGr,灰色 品牌20 24 触控笔（可溶性）,触控笔,品牌20,24,可溶性,灰色,48*10*5,1039,BY39G,亚历克斯,收货,上架
CaWE12LoBe,米色 品牌02 1200 文件柜（储物锁柜）,文件柜,品牌02,1200,储物锁柜,米色,8*1*1,7,CU34D,亚历克斯,收货,上架
PeNa50SoGr,灰色 品牌23 50 铅笔（可溶性）,铅笔,品牌23,50,可溶性,灰色,48*10*5,1846,CO11F,艾米,收货,上架
OfXEMAdWh,白色 品牌06 中号 办公椅（可调节）,办公椅,品牌06,中号,可调节,白色,16*1*1,12,BT84A,亚历克斯,收货,上架
LaRe14i7Si,银色 品牌14 14英寸 笔记本电脑（第7代处理器）,笔记本电脑,品牌14,14英寸,第7代处理器,银色,16*1*1,6,BO07E,莎拉,收货,上架
CaTE12LoBl,黑色 品牌04 1200 文件柜（储物锁柜）,文件柜,品牌04,1200,储物锁柜,黑色,8*1*1,8,AU21G,简,收货,上架
AlYn178GGr,灰色 品牌15 17英寸 一体机（8吉字节内存）,一体机,品牌15,17英寸,8吉字节内存,灰色,16*1*1,5,BH83A,莎拉,收货,上架
PrNoA2MoWh,白色 品牌26 二号纸 打印机（黑白）,打印机,品牌26,二号纸,黑白,白色,16*1*1,14,CN05C,克里斯,收货,上架
PeGi24HeGr,灰色 品牌21 24 铅笔（六角形）,铅笔,品牌21,24,六角形,灰色,48*10*5,1532,CM66A,大卫,收货,上架
LaSu1432Wh,白色 品牌11 14英寸 笔记本电脑（32吉字节内存）,笔记本电脑,品牌11,14英寸,32吉字节内存,白色,16*1*1,1,CQ33G,艾米,收货,上架
TVGL42S4Si,银色 品牌31 42英寸 电视机（超级超高清）,电视机,品牌31,42英寸,超级超高清,银色,8*1*1,4,AP37H,迈克,收货,上架
CuQE12FiGr,灰色 品牌01 1200 储物柜（文件收纳）,储物柜,品牌01,1200,文件收纳,灰色,8*1*1,4,CU73F,简,收货,上架
KeSu35MeNa,藏青色 品牌11 350 键盘（机械式）,键盘,品牌11,350,机械式,藏青色,16*10*1,52,AK69C,克里斯,收货,上架
CaQE90FiBl,黑色 品牌01 900 文件柜（文件收纳）,文件柜,品牌01,900,文件收纳,黑色,8*1*1,4,DM91A,劳拉,收货,上架
TaCI15FrBl,黑色 品牌27 1500 桌子（框架式）,桌子,品牌27,1500,框架式,黑色,8*1*1,2,AS86A,亚历克斯,收货,上架
LaOv15i7Si,银色 品牌13 15英寸 笔记本电脑（第7代处理器）,笔记本电脑,品牌13,15英寸,第7代处理器,银色,16*1*1,2,BK70B,克里斯,收货,上架
GaAEMAdBl,黑色 品牌05 中号 游戏椅（可调节）,游戏椅,品牌05,中号,可调节,黑色,16*1*1,14,AT79D,简,收货,上架
GaOGLErWh,白色 品牌07 大号 游戏椅（人体工学）,游戏椅,品牌07,大号,人体工学,白色,16*1*1,10,DM47H,约翰,收货,上架
GaOGLAdBl,黑色 品牌07 大号 游戏椅（可调节）,游戏椅,品牌07,大号,可调节,黑色,16*1*1,4,DS50D,艾米丽,收货,上架
TaCI10WoSi,银色 品牌27 1000 桌子（工作站）,桌子,品牌27,1000,工作站,银色,8*1*1,7,CT10D,艾米丽,收货,上架
MoHc35MeWh,白色 品牌09 350 鼠标（机械式）,鼠标,品牌09,350,机械式,白色,16*10*1,43,DF57E,迈克,收货,上架
LaOv1732Gr,灰色 品牌13 17英寸 笔记本电脑（32吉字节内存）,笔记本电脑,品牌13,17英寸,32吉字节内存,灰色,16*1*1,9,AP71D,艾米丽,收货,上架
OfXESHeGr,灰色 品牌06 小号 办公椅（头枕）,办公椅,品牌06,小号,头枕,灰色,16*1*1,7,AP77F,克里斯,收货,上架
LaOv17i7Wh,白色 品牌13 17英寸 笔记本电脑（第7代处理器）,笔记本电脑,品牌13,17英寸,第7代处理器,白色,16*1*1,6,CW35G,劳拉,收货,上架
TVGL654KWh,白色 品牌31 65英寸 电视机（超高清）,电视机,品牌31,65英寸,超高清,白色,8*1*1,5,CL62C,劳拉,收货,上架
GaAESLeWh,白色 品牌05 小号 游戏椅（皮革）,游戏椅,品牌05,小号,皮革,白色,16*1*1,7,AK06C,迈克,收货,上架
LaOv17i5Gr,灰色 品牌13 17英寸 笔记本电脑（第5代处理器）,笔记本电脑,品牌13,17英寸,第5代处理器,灰色,16*1*1,2,AZ82F,亚历克斯,收货,上架
TVYn50SFGr,灰色 品牌15 50英寸 电视机（超级全高清）,电视机,品牌15,50英寸,超级全高清,灰色,8*1*1,3,DT18E,迈克,收货,上架
CaWE90SlWh,白色 品牌02 900 文件柜（滑动式）,文件柜,品牌02,900,滑动式,白色,8*1*1,3,BN95D,艾米,收货,上架
PrReA2InGr,灰色 品牌24 二号纸 打印机（喷墨）,打印机,品牌24,二号纸,喷墨,灰色,16*1*1,15,CU72B,亚历克斯,收货,上架
PeRe24SoWh,白色 品牌22 24 铅笔（可溶性）,铅笔,品牌22,24,可溶性,白色,48*10*5,1369,AK97C,亚历克斯,收货,上架
PrReA2InBl,黑色 品牌24 二号纸 打印机（喷墨）,打印机,品牌24,二号纸,喷墨,黑色,16*1*1,7,DJ11D,莎拉,收货,上架
MoSu35MeWh,白色 品牌11 350 鼠标（机械式）,鼠标,品牌11,350,机械式,白色,16*10*1,59,DR58D,艾米丽,收货,上架
PeRe50WaPi,粉色 品牌22 50 铅笔（水彩）,铅笔,品牌22,50,水彩,粉色,48*10*5,2314,BV96B,艾米,收货,上架
GaOGMLeWh,白色 品牌07 中号 游戏椅（皮革）,游戏椅,品牌07,中号,皮革,白色,16*1*1,3,DH42G,莎拉,收货,上架
AlSu14i7Wh,白色 品牌11 14英寸 一体机（第7代处理器）,一体机,品牌11,14英寸,第7代处理器,白色,16*1*1,5,BT74H,莎拉,收货,上架
TaAE10AdGr,灰色 品牌05 1000 桌子（可调节）,桌子,品牌05,1000,可调节,灰色,8*1*1,3,DT64C,简,收货,上架
CuWE12FiBl,黑色 品牌02 1200 储物柜（文件收纳）,储物柜,品牌02,1200,文件收纳,黑色,8*1*1,6,CR27B,艾米,收货,上架
NoMuA3doBl,黑色 品牌19 三号纸 笔记本（点阵）,笔记本,品牌19,三号纸,点阵,黑色,48*10*5,1272,CH21C,劳拉,收货,上架
SPGi24HeBl,黑色 品牌21 24 触控笔（六角形）,触控笔,品牌21,24,六角形,黑色,48*10*5,67,AU37F,简,收货,上架
TVYn65S4Si,银色 品牌15 65英寸 电视机（超级超高清）,电视机,品牌15,65英寸,超级超高清,银色,8*1*1,1,BG69F,大卫,收货,上架
LaPH148GGr,灰色 品牌12 14英寸 笔记本电脑（8吉字节内存）,笔记本电脑,品牌12,14英寸,8吉字节内存,灰色,16*1*1,6,CR91E,艾米,收货,上架
SPNa12HeWh,白色 品牌23 12 触控笔（六角形）,触控笔,品牌23,12,六角形,白色,48*10*5,614,DF32H,迈克,收货,上架
AlOv1416Bl,黑色 品牌13 14英寸 一体机（16吉字节内存）,一体机,品牌13,14英寸,16吉字节内存,黑色,16*1*1,13,CW32A,艾米,收货,上架
TVYn424KGr,灰色 品牌15 42英寸 电视机（超高清）,电视机,品牌15,42英寸,超高清,灰色,8*1*1,7,BS40C,亚历克斯,收货,上架
DrQE12LoGr,灰色 品牌01 1200 抽屉柜（储物锁柜）,抽屉柜,品牌01,1200,储物锁柜,灰色,8*1*1,6,AO61E,劳拉,收货,上架
GaAELErPi,粉色 品牌05 大号 游戏椅（人体工学）,游戏椅,品牌05,大号,人体工学,粉色,16*1*1,15,AV53A,简,收货,上架
TVEs424KSi,银色 品牌32 42英寸 电视机（超高清）,电视机,品牌32,42英寸,超高清,银色,8*1*1,1,AR72A,艾米丽,收货,上架
LaRe1516Si,银色 品牌14 15英寸 笔记本电脑（16吉字节内存）,笔记本电脑,品牌14,15英寸,16吉字节内存,银色,16*1*1,12,CY56D,大卫,收货,上架
DrTE90SlGr,灰色 品牌04 900 抽屉柜（滑动式）,抽屉柜,品牌04,900,滑动式,灰色,8*1*1,4,DX78F,劳拉,收货,上架
TVGL42FHWh,白色 品牌31 42英寸 电视机（全高清）,电视机,品牌31,42英寸,全高清,白色,8*1*1,3,DW50C,劳拉,收货,上架
CaRG18DoGr,灰色 品牌03 1800 文件柜（带门式）,文件柜,品牌03,1800,带门式,灰色,8*1*1,2,AW21C,艾米,收货,上架
OfSESHeWh,白色 品牌08 小号 办公椅（头枕）,办公椅,品牌08,小号,头枕,白色,16*1*1,8,BR77D,莎拉,收货,上架
GaOGSLeWh,白色 品牌07 小号 游戏椅（皮革）,游戏椅,品牌07,小号,皮革,白色,16*1*1,3,CS21B,亚历克斯,收货,上架
TaTR18WoGr,灰色 品牌29 1800 桌子（工作站）,桌子,品牌29,1800,工作站,灰色,8*1*1,2,BN65F,莎拉,收货,上架
MoRe45MeNa,藏青色 品牌10 450 鼠标（机械式）,鼠标,品牌10,450,机械式,藏青色,16*10*1,109,DX67F,艾米丽,收货,上架
TVYn50SFSi,银色 品牌15 50英寸 电视机（超级全高清）,电视机,品牌15,50英寸,超级全高清,银色,8*1*1,2,AX51F,莎拉,收货,上架
MoSu45BlWh,白色 品牌11 450 鼠标（蓝牙）,鼠标,品牌11,450,蓝牙,白色,16*10*1,68,BX10H,简,收货,上架
AlSu1532Bl,黑色 品牌11 15英寸 一体机（32吉字节内存）,一体机,品牌11,15英寸,32吉字节内存,黑色,16*1*1,4,CR74D,艾米丽,收货,上架
PrSoA2WiMi,混合色 品牌25 二号纸 打印机（无线网络）,打印机,品牌25,二号纸,无线网络,混合色,16*1*1,6,DO36D,莎拉,收货,上架
CaTE12LoBe,米色 品牌04 1200 文件柜（储物锁柜）,文件柜,品牌04,1200,储物锁柜,米色,8*1*1,4,BK82G,迈克,收货,上架
TVYn32SFSi,银色 品牌15 32英寸 电视机（超级全高清）,电视机,品牌15,32英寸,超级全高清,银色,8*1*1,8,CJ36E,劳拉,收货,上架
LaPH1416Wh,白色 品牌12 14英寸 笔记本电脑（16吉字节内存）,笔记本电脑,品牌12,14英寸,16吉字节内存,白色,16*1*1,5,AY96D,莎拉,收货,上架
LaSu178GSi,银色 品牌11 17英寸 笔记本电脑（8吉字节内存）,笔记本电脑,品牌11,17英寸,8吉字节内存,银色,16*1*1,2,BW77G,克里斯,收货,上架
AlSu17i7Gr,灰色 品牌11 17英寸 一体机（第7代处理器）,一体机,品牌11,17英寸,第7代处理器,灰色,16*1*1,5,CY07D,大卫,收货,上架
PeAl50WaBl,黑色 品牌20 50 铅笔（水彩）,铅笔,品牌20,50,水彩,黑色,48*10*5,796,AR96A,简,收货,上架
TaCI18FrWh,白色 品牌27 1800 桌子（框架式）,桌子,品牌27,1800,框架式,白色,8*1*1,4,CU85E,艾米,收货,上架
MoPH45ErWh,白色 品牌12 450 鼠标（人体工学）,鼠标,品牌12,450,人体工学,白色,16*10*1,141,DF08F,艾米丽,收货,上架
LaYn17i7Bl,黑色 品牌15 17英寸 笔记本电脑（第7代处理器）,笔记本电脑,品牌15,17英寸,第7代处理器,黑色,16*1*1,2,BU86D,莎拉,收货,上架
PrPHA3MoMi,混合色 品牌12 三号纸 打印机（黑白）,打印机,品牌12,三号纸,黑白,混合色,16*1*1,5,AX71G,艾米丽,收货,上架
TVEs75SFBl,黑色 品牌32 75英寸 电视机（超级全高清）,电视机,品牌32,75英寸,超级全高清,黑色,8*1*1,8,CN21G,艾米丽,收货,上架
AlYn178GBl,黑色 品牌15 17英寸 一体机（8吉字节内存）,一体机,品牌15,17英寸,8吉字节内存,黑色,16*1*1,4,AX09C,艾米丽,收货,上架
AlPH1416Bl,黑色 品牌12 14英寸 一体机（16吉字节内存）,一体机,品牌12,14英寸,16吉字节内存,黑色,16*1*1,5,BL36E,亚历克斯,收货,上架
DrQE12LoGr,灰色 品牌01 1200 抽屉柜（储物锁柜）,抽屉柜,品牌01,1200,储物锁柜,灰色,8*1*1,8,BR39E,克里斯,收货,上架
AlPH14i7Gr,灰色 品牌12 14英寸 一体机（第7代处理器）,一体机,品牌12,14英寸,第7代处理器,灰色,16*1*1,2,BY77B,大卫,收货,上架
PeRe24HeGr,灰色 品牌22 24 铅笔（六角形）,铅笔,品牌22,24,六角形,灰色,48*10*5,2353,CI51G,约翰,收货,上架
TVEs75SFWh,白色 品牌32 75英寸 电视机（超级全高清）,电视机,品牌32,75英寸,超级全高清,白色,8*1*1,6,AI14H,迈克,收货,上架
LaSu178GSi,银色 品牌11 17英寸 笔记本电脑（8吉字节内存）,笔记本电脑,品牌11,17英寸,8吉字节内存,银色,16*1*1,14,AR90A,克里斯,收货,上架
NoMuA3doBl,黑色 品牌19 三号纸 笔记本（点阵）,笔记本,品牌19,三号纸,点阵,黑色,48*10*5,1947,AR71F,克里斯,收货,上架
TaTR15FrGr,灰色 品牌29 1500 桌子（框架式）,桌子,品牌29,1500,框架式,灰色,8*1*1,8,AT82G,艾米,收货,上架
NoExA5doBl,黑色 品牌16 五号纸 笔记本（点阵）,笔记本,品牌16,五号纸,点阵,黑色,48*10*5,1246,DS37F,迈克,收货,上架
TVEs75S4Bl,黑色 品牌32 75英寸 电视机（超级超高清）,电视机,品牌32,75英寸,超级超高清,黑色,8*1*1,2,AU64G,亚历克斯,收货,上架
LaRe1432Bl,黑色 品牌14 14英寸 笔记本电脑（32吉字节内存）,笔记本电脑,品牌14,14英寸,32吉字节内存,黑色,16*1*1,5,BM52G,艾米丽,收货,上架
LaPH17i7Bl,黑色 品牌12 17英寸 笔记本电脑（第7代处理器）,笔记本电脑,品牌12,17英寸,第7代处理器,黑色,16*1*1,11,DQ57B,迈克,收货,上架
PeNa50SoGr,灰色 品牌23 50 铅笔（可溶性）,铅笔,品牌23,50,可溶性,灰色,48*10*5,239,CN14G,劳拉,收货,上架
AlSu178GGr,灰色 品牌11 17英寸 一体机（8吉字节内存）,一体机,品牌11,17英寸,8吉字节内存,灰色,16*1*1,14,CG66B,大卫,收货,上架
CuRG90DoBe,米色 品牌03 900 储物柜（带门式）,储物柜,品牌03,900,带门式,米色,8*1*1,2,CG38F,简,收货,上架
TVGL324KSi,银色 品牌31 32英寸 电视机（超高清）,电视机,品牌31,32英寸,超高清,银色,8*1*1,8,BI75C,简,收货,上架
KePH45BlNa,藏青色 品牌12 450 键盘（蓝牙）,键盘,品牌12,450,蓝牙,藏青色,16*10*1,91,DG23H,亚历克斯,收货,上架
TVYn75SFSi,银色 品牌15 75英寸 电视机（超级全高清）,电视机,品牌15,75英寸,超级全高清,银色,8*1*1,8,AJ82H,莎拉,收货,上架
TaAE18WoGr,灰色 品牌05 1800 桌子（工作站）,桌子,品牌05,1800,工作站,灰色,8*1*1,2,CO48D,艾米丽,收货,上架
TaTR18FrGr,灰色 品牌28 1800 桌子（框架式）,桌子,品牌28,1800,框架式,灰色,8*1*1,3,AU12B,艾米,收货,上架
PrReA3WiGr,灰色 品牌24 三号纸 打印机（无线网络）,打印机,品牌24,三号纸,无线网络,灰色,16*1*1,7,BV15G,艾米丽,收货,上架
TVEs75S4Si,银色 品牌32 75英寸 电视机（超级超高清）,电视机,品牌32,75英寸,超级超高清,银色,8*1*1,4,AL20F,迈克,收货,上架
CaWE12LoWh,白色 品牌02 1200 文件柜（储物锁柜）,文件柜,品牌02,1200,储物锁柜,白色,8*1*1,5,CF59D,劳拉,收货,上架
TVGL65FHSi,银色 品牌31 65英寸 电视机（全高清）,电视机,品牌31,65英寸,全高清,银色,8*1*1,2,BX22C,劳拉,收货,上架
LaOv1716Bl,黑色 品牌13 17英寸 笔记本电脑（16吉字节内存）,笔记本电脑,品牌13,17英寸,16吉字节内存,黑色,16*1*1,1,BM88B,约翰,收货,上架
TaAE10FrBl,黑色 品牌05 1000 桌子（框架式）,桌子,品牌05,1000,框架式,黑色,8*1*1,8,BI56D,亚历克斯,收货,上架
LaYn14i5Gr,灰色 品牌15 14英寸 笔记本电脑（第5代处理器）,笔记本电脑,品牌15,14英寸,第5代处理器,灰色,16*1*1,7,AJ34E,克里斯,收货,上架
AlSu15i5Gr,灰色 品牌11 15英寸 一体机（第5代处理器）,一体机,品牌11,15英寸,第5代处理器,灰色,16*1*1,16,BG93E,莎拉,收货,上架
MoRe35ErBl,黑色 品牌10 350 鼠标（人体工学）,鼠标,品牌10,350,人体工学,黑色,16*10*1,133,BU59E,迈克,收货,上架
KeSu35MePi,粉色 品牌11 350 键盘（机械式）,键盘,品牌11,350,机械式,粉色,16*10*1,17,AZ76G,大卫,收货,上架
LaPH14i7Bl,黑色 品牌12 14英寸 笔记本电脑（第7代处理器）,笔记本电脑,品牌12,14英寸,第7代处理器,黑色,16*1*1,9,BV18C,艾米,收货,上架
TaTR15WoBl,黑色 品牌29 1500 桌子（工作站）,桌子,品牌29,1500,工作站,黑色,8*1*1,4,BS27D,艾米,收货,上架
SPGi12HePi,粉色 品牌21 12 触控笔（六角形）,触控笔,品牌21,12,六角形,粉色,48*10*5,496,CI06A,大卫,收货,上架
PrPHA4MoMi,混合色 品牌12 四号纸 打印机（黑白）,打印机,品牌12,四号纸,黑白,混合色,16*1*1,5,DV23F,克里斯,收货,上架
GaOGLHePi,粉色 品牌07 大号 游戏椅（头枕）,游戏椅,品牌07,大号,头枕,粉色,16*1*1,11,DO71H,艾米丽,收货,上架
TVGn42SFGr,灰色 品牌30 42英寸 电视机（超级全高清）,电视机,品牌30,42英寸,超级全高清,灰色,8*1*1,7,AU31E,克里斯,收货,上架
LaSu17i5Bl,黑色 品牌11 17英寸 笔记本电脑（第5代处理器）,笔记本电脑,品牌11,17英寸,第5代处理器,黑色,16*1*1,1,AU28F,迈克,收货,上架
SPAl50SoWh,白色 品牌20 50 触控笔（可溶性）,触控笔,品牌20,50,可溶性,白色,48*10*5,701,AP75G,大卫,收货,上架
LaSu148GGr,灰色 品牌11 14英寸 笔记本电脑（8吉字节内存）,笔记本电脑,品牌11,14英寸,8吉字节内存,灰色,16*1*1,6,AS38E,劳拉,收货,上架
LaSu1716Wh,白色 品牌11 17英寸 笔记本电脑（16吉字节内存）,笔记本电脑,品牌11,17英寸,16吉字节内存,白色,16*1*1,8,DS49E,大卫,收货,上架
OfOGMAdWh,白色 品牌07 中号 办公椅（可调节）,办公椅,品牌07,中号,可调节,白色,16*1*1,14,AF63A,劳拉,收货,上架
CuTE12DoBl,黑色 品牌04 1200 储物柜（带门式）,储物柜,品牌04,1200,带门式,黑色,8*1*1,2,AK52D,克里斯,收货,上架
LaPH1716Wh,白色 品牌12 17英寸 笔记本电脑（16吉字节内存）,笔记本电脑,品牌12,17英寸,16吉字节内存,白色,16*1*1,16,AY80B,大卫,收货,上架
AlRe14i7Bl,黑色 品牌14 14英寸 一体机（第7代处理器）,一体机,品牌14,14英寸,第7代处理器,黑色,16*1*1,13,BK52B,迈克,收货,上架
TVYn324KSi,银色 品牌15 32英寸 电视机（超高清）,电视机,品牌15,32英寸,超高清,银色,8*1*1,7,CN42H,约翰,收货,上架
TVGL42SFGr,灰色 品牌31 42英寸 电视机（超级全高清）,电视机,品牌31,42英寸,超级全高清,灰色,8*1*1,5,BN93D,艾米丽,收货,上架
TVEs50FHWh,白色 品牌32 50英寸 电视机（全高清）,电视机,品牌32,50英寸,全高清,白色,8*1*1,1,CN81D,亚历克斯,收货,上架
CaRG12SlBl,黑色 品牌03 1200 文件柜（滑动式）,文件柜,品牌03,1200,滑动式,黑色,8*1*1,1,AQ46C,简,收货,上架
KePH35BlPi,粉色 品牌12 350 键盘（蓝牙）,键盘,品牌12,350,蓝牙,粉色,16*10*1,135,DT83C,克里斯,收货,上架
TVGL50SFGr,灰色 品牌31 50英寸 电视机（超级全高清）,电视机,品牌31,50英寸,超级全高清,灰色,8*1*1,4,BX75E,大卫,收货,上架
TVGn32FHGr,灰色 品牌30 32英寸 电视机（全高清）,电视机,品牌30,32英寸,全高清,灰色,8*1*1,7,DP82A,约翰,收货,上架
TaAE18WoSi,银色 品牌05 1800 桌子（工作站）,桌子,品牌05,1800,工作站,银色,8*1*1,5,AY79D,劳拉,收货,上架
KeRe35WiNa,藏青色 品牌10 350 键盘（有线）,键盘,品牌10,350,有线,藏青色,16*10*1,127,CN41H,艾米丽,收货,上架
DrWE18SlWh,白色 品牌02 1800 抽屉柜（滑动式）,抽屉柜,品牌02,1800,滑动式,白色,8*1*1,2,CG87F,迈克,收货,上架
CaTE90FiGr,灰色 品牌04 900 文件柜（文件收纳）,文件柜,品牌04,900,文件收纳,灰色,8*1*1,6,BT79H,克里斯,收货,上架
MoPH27BlBl,黑色 品牌12 270 鼠标（蓝牙）,鼠标,品牌12,270,蓝牙,黑色,16*10*1,62,BO31E,约翰,收货,上架
AlOv1532Bl,黑色 品牌13 15英寸 一体机（32吉字节内存）,一体机,品牌13,15英寸,32吉字节内存,黑色,16*1*1,5,BI19B,简,收货,上架
OfXESErGr,灰色 品牌06 小号 办公椅（人体工学）,办公椅,品牌06,小号,人体工学,灰色,16*1*1,16,CM25A,简,收货,上架
CuQE18SlBe,米色 品牌01 1800 储物柜（滑动式）,储物柜,品牌01,1800,滑动式,米色,8*1*1,4,DY88G,劳拉,收货,上架
DrRG18FiBl,黑色 品牌03 1800 抽屉柜（文件收纳）,抽屉柜,品牌03,1800,文件收纳,黑色,8*1*1,7,CK32H,大卫,收货,上架
TVEs654KSi,银色 品牌32 65英寸 电视机（超高清）,电视机,品牌32,65英寸,超高清,银色,8*1*1,6,CH55E,艾米,收货,上架
GaOGLAdPi,粉色 品牌07 大号 游戏椅（可调节）,游戏椅,品牌07,大号,可调节,粉色,16*1*1,1,DH71D,大卫,收货,上架
CaRG90DoBl,黑色 品牌03 900 文件柜（带门式）,文件柜,品牌03,900,带门式,黑色,8*1*1,5,AV37C,克里斯,收货,上架
SPGi50HeWh,白色 品牌21 50 触控笔（六角形）,触控笔,品牌21,50,六角形,白色,48*10*5,1965,AS87G,克里斯,收货,上架
CuTE90LoGr,灰色 品牌04 900 储物柜（储物锁柜）,储物柜,品牌04,900,储物锁柜,灰色,8*1*1,3,CU92C,迈克,收货,上架
DrWE12LoWh,白色 品牌02 1200 抽屉柜（储物锁柜）,抽屉柜,品牌02,1200,储物锁柜,白色,8*1*1,8,DV98B,约翰,收货,上架
NoScA5liSi,银色 品牌17 五号纸 笔记本（线条）,笔记本,品牌17,五号纸,线条,银色,48*10*5,1764,DV60A,莎拉,收货,上架
DrRG12FiBe,米色 品牌03 1200 抽屉柜（文件收纳）,抽屉柜,品牌03,1200,文件收纳,米色,8*1*1,1,CS97F,克里斯,收货,上架
TVYn65FHGr,灰色 品牌15 65英寸 电视机（全高清）,电视机,品牌15,65英寸,全高清,灰色,8*1*1,5,DO89D,克里斯,收货,上架
MoRe35WiWh,白色 品牌10 350 鼠标（有线）,鼠标,品牌10,350,有线,白色,16*10*1,37,DV77C,莎拉,收货,上架
LaOv15i7Wh,白色 品牌13 15英寸 笔记本电脑（第7代处理器）,笔记本电脑,品牌13,15英寸,第7代处理器,白色,16*1*1,9,BV89C,大卫,收货,上架
AlRe14i5Bl,黑色 品牌14 14英寸 一体机（第5代处理器）,一体机,品牌14,14英寸,第5代处理器,黑色,16*1*1,1,BH25C,大卫,收货,上架
LaRe14i5Si,银色 品牌14 14英寸 笔记本电脑（第5代处理器）,笔记本电脑,品牌14,14英寸,第5代处理器,银色,16*1*1,12,BG47C,亚历克斯,收货,上架
TaTR18AdGr,灰色 品牌28 1800 桌子（可调节）,桌子,品牌28,1800,可调节,灰色,8*1*1,5,DX28G,艾米丽,收货,上架
CaQE90SlBl,黑色 品牌01 900 文件柜（滑动式）,文件柜,品牌01,900,滑动式,黑色,8*1*1,7,DF28C,大卫,收货,上架
OfOGSAdWh,白色 品牌07 小号 办公椅（可调节）,办公椅,品牌07,小号,可调节,白色,16*1*1,6,CX91G,劳拉,收货,上架
OfOGMHePi,粉色 品牌07 中号 办公椅（头枕）,办公椅,品牌07,中号,头枕,粉色,16*1*1,14,DZ27D,简,收货,上架
LaOv158GSi,银色 品牌13 15英寸 笔记本电脑（8吉字节内存）,笔记本电脑,品牌13,15英寸,8吉字节内存,银色,16*1*1,15,DS93C,亚历克斯,收货,上架
OfAESAdGr,灰色 品牌05 小号 办公椅（可调节）,办公椅,品牌05,小号,可调节,灰色,16*1*1,11,DU44D,简,收货,上架
TVYn424KWh,白色 品牌15 42英寸 电视机（超高清）,电视机,品牌15,42英寸,超高清,白色,8*1*1,1,DF10E,大卫,收货,上架
DrWE12SlWh,白色 品牌02 1200 抽屉柜（滑动式）,抽屉柜,品牌02,1200,滑动式,白色,8*1*1,3,CI87D,亚历克斯,收货,上架
LaSu1516Bl,黑色 品牌11 15英寸 笔记本电脑（16吉字节内存）,笔记本电脑,品牌11,15英寸,16吉字节内存,黑色,16*1*1,10,DL16G,大卫,收货,上架
GaAEMHeWh,白色 品牌05 中号 游戏椅（头枕）,游戏椅,品牌05,中号,头枕,白色,16*1*1,1,DU97F,艾米,收货,上架
CaQE12DoWh,白色 品牌01 1200 文件柜（带门式）,文件柜,品牌01,1200,带门式,白色,8*1*1,3,BS54G,艾米丽,收货,上架
LaOv17i5Wh,白色 品牌13 17英寸 笔记本电脑（第5代处理器）,笔记本电脑,品牌13,17英寸,第5代处理器,白色,16*1*1,10,AL52C,艾米,收货,上架
CaWE12LoGr,灰色 品牌02 1200 文件柜（储物锁柜）,文件柜,品牌02,1200,储物锁柜,灰色,8*1*1,3,BF73E,劳拉,收货,上架
CuWE18SlGr,灰色 品牌02 1800 储物柜（滑动式）,储物柜,品牌02,1800,滑动式,灰色,8*1*1,6,BR53G,简,收货,上架
TVYn42SFWh,白色 品牌15 42英寸 电视机（超级全高清）,电视机,品牌15,42英寸,超级全高清,白色,8*1*1,3,BM04F,大卫,收货,上架
TVGn42FHGr,灰色 品牌30 42英寸 电视机（全高清）,电视机,品牌30,42英寸,全高清,灰色,8*1*1,5,BW83F,约翰,收货,上架
PrSoA3InGr,灰色 品牌25 三号纸 打印机（喷墨）,打印机,品牌25,三号纸,喷墨,灰色,16*1*1,9,BV42D,大卫,收货,上架
KePH35BlWh,白色 品牌12 350 键盘（蓝牙）,键盘,品牌12,350,蓝牙,白色,16*10*1,152,CR71C,克里斯,收货,上架
GaSESLeBl,黑色 品牌08 小号 游戏椅（皮革）,游戏椅,品牌08,小号,皮革,黑色,16*1*1,7,CQ82H,大卫,收货,上架
AlPH15i7Bl,黑色 品牌12 15英寸 一体机（第7代处理器）,一体机,品牌12,15英寸,第7代处理器,黑色,16*1*1,9,DZ96H,迈克,收货,上架
LaPH15i5Gr,灰色 品牌12 15英寸 笔记本电脑（第5代处理器）,笔记本电脑,品牌12,15英寸,第5代处理器,灰色,16*1*1,2,CP37H,劳拉,收货,上架
LaPH148GSi,银色 品牌12 14英寸 笔记本电脑（8吉字节内存）,笔记本电脑,品牌12,14英寸,8吉字节内存,银色,16*1*1,7,AH45H,克里斯,收货,上架
NoGrA3liSi,银色 品牌18 三号纸 笔记本（线条）,笔记本,品牌18,三号纸,线条,银色,48*10*5,837,CT60B,亚历克斯,收货,上架
CuTE90DoGr,灰色 品牌04 900 储物柜（带门式）,储物柜,品牌04,900,带门式,灰色,8*1*1,3,CN43D,艾米,收货,上架
PrNoA4WiGr,灰色 品牌26 四号纸 打印机（无线网络）,打印机,品牌26,四号纸,无线网络,灰色,16*1*1,4,AX19C,约翰,收货,上架
DrWE18SlGr,灰色 品牌02 1800 抽屉柜（滑动式）,抽屉柜,品牌02,1800,滑动式,灰色,8*1*1,7,AS13G,克里斯,收货,上架
AlYn1532Si,银色 品牌15 15英寸 一体机（32吉字节内存）,一体机,品牌15,15英寸,32吉字节内存,银色,16*1*1,2,DH01E,大卫,收货,上架
SPNa24WaPi,粉色 品牌23 24 触控笔（水彩）,触控笔,品牌23,24,水彩,粉色,48*10*5,1609,DG38E,克里斯,收货,上架
CaRG18LoWh,白色 品牌03 1800 文件柜（储物锁柜）,文件柜,品牌03,1800,储物锁柜,白色,8*1*1,7,CY95C,亚历克斯,收货,上架
CuWE18LoWh,白色 品牌02 1800 储物柜（储物锁柜）,储物柜,品牌02,1800,储物锁柜,白色,8*1*1,3,BZ56H,迈克,收货,上架
DrWE18FiBl,黑色 品牌02 1800 抽屉柜（文件收纳）,抽屉柜,品牌02,1800,文件收纳,黑色,8*1*1,3,CQ85F,约翰,收货,上架
PeGi50WaPi,粉色 品牌21 50 铅笔（水彩）,铅笔,品牌21,50,水彩,粉色,48*10*5,305,DK62A,简,收货,上架
LaOv1732Gr,灰色 品牌13 17英寸 笔记本电脑（32吉字节内存）,笔记本电脑,品牌13,17英寸,32吉字节内存,灰色,16*1*1,16,AS12C,简,收货,上架
LaSu1716Wh,白色 品牌11 17英寸 笔记本电脑（16吉字节内存）,笔记本电脑,品牌11,17英寸,16吉字节内存,白色,16*1*1,8,AY11D,约翰,收货,上架
PeNa12HeWh,白色 品牌23 12 铅笔（六角形）,铅笔,品牌23,12,六角形,白色,48*10*5,1504,AX14C,迈克,收货,上架
KePH35ErPi,粉色 品牌12 350 键盘（人体工学）,键盘,品牌12,350,人体工学,粉色,16*10*1,40,CH23A,克里斯,收货,上架
AlRe1432Gr,灰色 品牌14 14英寸 一体机（32吉字节内存）,一体机,品牌14,14英寸,32吉字节内存,灰色,16*1*1,3,BT60A,大卫,收货,上架
LaSu1432Gr,灰色 品牌11 14英寸 笔记本电脑（32吉字节内存）,笔记本电脑,品牌11,14英寸,32吉字节内存,灰色,16*1*1,13,DT82D,迈克,收货,上架
PrReA3MoMi,混合色 品牌24 三号纸 打印机（黑白）,打印机,品牌24,三号纸,黑白,混合色,16*1*1,12,DY12D,亚历克斯,收货,上架
LaSu1416Gr,灰色 品牌11 14英寸 笔记本电脑（16吉字节内存）,笔记本电脑,品牌11,14英寸,16吉字节内存,灰色,16*1*1,16,DK95D,亚历克斯,收货,上架
SPRe12HeWh,白色 品牌22 12 触控笔（六角形）,触控笔,品牌22,12,六角形,白色,48*10*5,644,AH71H,大卫,收货,上架
PeGi50WaGr,灰色 品牌21 50 铅笔（水彩）,铅笔,品牌21,50,水彩,灰色,48*10*5,472,DX52C,艾米,收货,上架
KeHc35MeBl,黑色 品牌09 350 键盘（机械式）,键盘,品牌09,350,机械式,黑色,16*10*1,105,AS86G,艾米,收货,上架
CaRG18FiBl,黑色 品牌03 1800 文件柜（文件收纳）,文件柜,品牌03,1800,文件收纳,黑色,8*1*1,5,BS65C,迈克,收货,上架
DrTE12LoWh,白色 品牌04 1200 抽屉柜（储物锁柜）,抽屉柜,品牌04,1200,储物锁柜,白色,8*1*1,4,DX73F,莎拉,收货,上架
LaRe15i5Wh,白色 品牌14 15英寸 笔记本电脑（第5代处理器）,笔记本电脑,品牌14,15英寸,第5代处理器,白色,16*1*1,12,BL01F,艾米,收货,上架
MoSu35BlPi,粉色 品牌11 350 鼠标（蓝牙）,鼠标,品牌11,350,蓝牙,粉色,16*10*1,43,AG06C,大卫,收货,上架
DrQE12SlWh,白色 品牌01 1200 抽屉柜（滑动式）,抽屉柜,品牌01,1200,滑动式,白色,8*1*1,5,AV56D,艾米丽,收货,上架
CaRG12FiGr,灰色 品牌03 1200 文件柜（文件收纳）,文件柜,品牌03,1200,文件收纳,灰色,8*1*1,5,BL86C,约翰,收货,上架
PrSoA2MoBl,黑色 品牌25 二号纸 打印机（黑白）,打印机,品牌25,二号纸,黑白,黑色,16*1*1,12,CG64D,艾米丽,收货,上架
PrReA2AlGr,灰色 品牌24 二号纸 打印机（一体式）,打印机,品牌24,二号纸,一体式,灰色,16*1*1,1,BF17E,约翰,收货,上架
TaAE15WoGr,灰色 品牌05 1500 桌子（工作站）,桌子,品牌05,1500,工作站,灰色,8*1*1,7,BH89H,迈克,收货,上架
PrReA3InWh,白色 品牌24 三号纸 打印机（喷墨）,打印机,品牌24,三号纸,喷墨,白色,16*1*1,11,AG34E,大卫,收货,上架
KeHc45ErBl,黑色 品牌09 450 键盘（人体工学）,键盘,品牌09,450,人体工学,黑色,16*10*1,93,AU23D,艾米丽,收货,上架
GaXESAdPi,粉色 品牌06 小号 游戏椅（可调节）,游戏椅,品牌06,小号,可调节,粉色,16*1*1,5,DL10D,劳拉,收货,上架
PeNa12HeWh,白色 品牌23 12 铅笔（六角形）,铅笔,品牌23,12,六角形,白色,48*10*5,827,BS03H,简,收货,上架
AlRe148GGr,灰色 品牌14 14英寸 一体机（8吉字节内存）,一体机,品牌14,14英寸,8吉字节内存,灰色,16*1*1,9,CG42D,艾米,收货,上架
CaQE18FiBe,米色 品牌01 1800 文件柜（文件收纳）,文件柜,品牌01,1800,文件收纳,米色,8*1*1,5,CG92H,大卫,收货,上架
AlOv14i7Si,银色 品牌13 14英寸 一体机（第7代处理器）,一体机,品牌13,14英寸,第7代处理器,银色,16*1*1,1,DX29C,艾米丽,收货,上架
SPNa24HePi,粉色 品牌23 24 触控笔（六角形）,触控笔,品牌23,24,六角形,粉色,48*10*5,78,DN62E,劳拉,收货,上架
PeNa50SoGr,灰色 品牌23 50 铅笔（可溶性）,铅笔,品牌23,50,可溶性,灰色,48*10*5,2065,BM75F,艾米,收货,上架
MoRe45MePi,粉色 品牌10 450 鼠标（机械式）,鼠标,品牌10,450,机械式,粉色,16*10*1,139,CR97B,大卫,收货,上架
PeAl24WaPi,粉色 品牌20 24 铅笔（水彩）,铅笔,品牌20,24,水彩,粉色,48*10*5,151,AT69E,克里斯,收货,上架
KeHc45ErNa,藏青色 品牌09 450 键盘（人体工学）,键盘,品牌09,450,人体工学,藏青色,16*10*1,52,DT06B,劳拉,收货,上架
OfXEMLeBl,黑色 品牌06 中号 办公椅（皮革）,办公椅,品牌06,中号,皮革,黑色,16*1*1,15,DV57F,迈克,收货,上架
LaRe158GBl,黑色 品牌14 15英寸 笔记本电脑（8吉字节内存）,笔记本电脑,品牌14,15英寸,8吉字节内存,黑色,16*1*1,1,BI46H,艾米丽,收货,上架
PrSoA4MoBl,黑色 品牌25 四号纸 打印机（黑白）,打印机,品牌25,四号纸,黑白,黑色,16*1*1,6,CS89D,艾米,收货,上架
SPAl12WaPi,粉色 品牌20 12 触控笔（水彩）,触控笔,品牌20,12,水彩,粉色,48*10*5,1278,BN25F,亚历克斯,收货,上架
OfXESLePi,粉色 品牌06 小号 办公椅（皮革）,办公椅,品牌06,小号,皮革,粉色,16*1*1,6,DP30D,亚历克斯,收货,上架
CaWE18DoBe,米色 品牌02 1800 文件柜（带门式）,文件柜,品牌02,1800,带门式,米色,8*1*1,3,AO81C,克里斯,收货,上架
MoRe45BlNa,藏青色 品牌10 450 鼠标（蓝牙）,鼠标,品牌10,450,蓝牙,藏青色,16*10*1,27,BS19E,迈克,收货,上架
OfOGLErGr,灰色 品牌07 大号 办公椅（人体工学）,办公椅,品牌07,大号,人体工学,灰色,16*1*1,14,BM51A,亚历克斯,收货,上架
TaTR10AdGr,灰色 品牌29 1000 桌子（可调节）,桌子,品牌29,1000,可调节,灰色,8*1*1,7,BV46B,简,收货,上架
LaOv15i7Wh,白色 品牌13 15英寸 笔记本电脑（第7代处理器）,笔记本电脑,品牌13,15英寸,第7代处理器,白色,16*1*1,7,AQ52H,艾米丽,收货,上架
OfSELHeWh,白色 品牌08 大号 办公椅（头枕）,办公椅,品牌08,大号,头枕,白色,16*1*1,13,AL36F,迈克,收货,上架
TaAE15AuBl,黑色 品牌05 1500 桌子（自动调节）,桌子,品牌05,1500,自动调节,黑色,8*1*1,6,AZ43C,迈克,收货,上架
CuRG12FiWh,白色 品牌03 1200 储物柜（文件收纳）,储物柜,品牌03,1200,文件收纳,白色,8*1*1,2,BG95E,亚历克斯,收货,上架
CaRG18LoBe,米色 品牌03 1800 文件柜（储物锁柜）,文件柜,品牌03,1800,储物锁柜,米色,8*1*1,8,CL66C,克里斯,收货,上架
TaAE10AuBl,黑色 品牌05 1000 桌子（自动调节）,桌子,品牌05,1000,自动调节,黑色,8*1*1,1,AR06E,约翰,收货,上架
DrWE90FiWh,白色 品牌02 900 抽屉柜（文件收纳）,抽屉柜,品牌02,900,文件收纳,白色,8*1*1,4,CN42C,约翰,收货,上架
MoRe27ErWh,白色 品牌10 270 鼠标（人体工学）,鼠标,品牌10,270,人体工学,白色,16*10*1,116,AZ20A,艾米丽,收货,上架
TaTR10AuWh,白色 品牌28 1000 桌子（自动调节）,桌子,品牌28,1000,自动调节,白色,8*1*1,7,DI72E,大卫,收货,上架
DrTE18DoGr,灰色 品牌04 1800 抽屉柜（带门式）,抽屉柜,品牌04,1800,带门式,灰色,8*1*1,1,DN62D,劳拉,收货,上架
NoExA5ruSi,银色 品牌16 五号纸 笔记本（横线）,笔记本,品牌16,五号纸,横线,银色,48*10*5,1598,BW31C,艾米,收货,上架
TaTR10FrSi,银色 品牌29 1000 桌子（框架式）,桌子,品牌29,1000,框架式,银色,8*1*1,5,DO51G,劳拉,收货,上架
TVGL504KWh,白色 品牌31 50英寸 电视机（超高清）,电视机,品牌31,50英寸,超高清,白色,8*1*1,8,DK23G,克里斯,收货,上架
CaTE12SlBe,米色 品牌04 1200 文件柜（滑动式）,文件柜,品牌04,1200,滑动式,米色,8*1*1,3,AY93H,大卫,收货,上架
TVGn75S4Si,银色 品牌30 75英寸 电视机（超级超高清）,电视机,品牌30,75英寸,超级超高清,银色,8*1*1,7,DV10G,莎拉,收货,上架
DrRG18SlGr,灰色 品牌03 1800 抽屉柜（滑动式）,抽屉柜,品牌03,1800,滑动式,灰色,8*1*1,4,DV59F,大卫,收货,上架
TaCI10WoSi,银色 品牌27 1000 桌子（工作站）,桌子,品牌27,1000,工作站,银色,8*1*1,7,AX53E,克里斯,收货,上架
DrTE18FiBl,黑色 品牌04 1800 抽屉柜（文件收纳）,抽屉柜,品牌04,1800,文件收纳,黑色,8*1*1,2,BY95D,艾米,收货,上架
TVGn32FHWh,白色 品牌30 32英寸 电视机（全高清）,电视机,品牌30,32英寸,全高清,白色,8*1*1,8,CU31E,克里斯,收货,上架
LaSu1532Gr,灰色 品牌11 15英寸 笔记本电脑（32吉字节内存）,笔记本电脑,品牌11,15英寸,32吉字节内存,灰色,16*1*1,6,BI78E,艾米,收货,上架
TaCI18AuGr,灰色 品牌27 1800 桌子（自动调节）,桌子,品牌27,1800,自动调节,灰色,8*1*1,4,CK98A,艾米丽,收货,上架
CuRG90SlGr,灰色 品牌03 900 储物柜（滑动式）,储物柜,品牌03,900,滑动式,灰色,8*1*1,1,DH55F,亚历克斯,收货,上架
PrSoA4AlGr,灰色 品牌25 四号纸 打印机（一体式）,打印机,品牌25,四号纸,一体式,灰色,16*1*1,7,DX64E,莎拉,收货,上架
AlOv14i7Bl,黑色 品牌13 14英寸 一体机（第7代处理器）,一体机,品牌13,14英寸,第7代处理器,黑色,16*1*1,7,DZ65G,简,收货,上架
CuTE90DoBl,黑色 品牌04 900 储物柜（带门式）,储物柜,品牌04,900,带门式,黑色,8*1*1,8,DS03G,迈克,收货,上架
PeNa24SoPi,粉色 品牌23 24 铅笔（可溶性）,铅笔,品牌23,24,可溶性,粉色,48*10*5,363,DF97F,艾米丽,收货,上架
TVEs654KGr,灰色 品牌32 65英寸 电视机（超高清）,电视机,品牌32,65英寸,超高清,灰色,8*1*1,1,AG67C,克里斯,收货,上架
TVGn75FHGr,灰色 品牌30 75英寸 电视机（全高清）,电视机,品牌30,75英寸,全高清,灰色,8*1*1,6,CZ02H,艾米丽,收货,上架
PrPHA2AlWh,白色 品牌12 二号纸 打印机（一体式）,打印机,品牌12,二号纸,一体式,白色,16*1*1,10,AN55D,克里斯,收货,上架
SPAl12WaGr,灰色 品牌20 12 触控笔（水彩）,触控笔,品牌20,12,水彩,灰色,48*10*5,2241,CI51B,约翰,收货,上架
SPNa24SoWh,白色 品牌23 24 触控笔（可溶性）,触控笔,品牌23,24,可溶性,白色,48*10*5,1950,CK52H,莎拉,收货,上架
AlYn1532Wh,白色 品牌15 15英寸 一体机（32吉字节内存）,一体机,品牌15,15英寸,32吉字节内存,白色,16*1*1,1,AN35F,艾米,收货,上架
MoPH27ErWh,白色 品牌12 270 鼠标（人体工学）,鼠标,品牌12,270,人体工学,白色,16*10*1,138,BN12E,克里斯,收货,上架
MoSu27MePi,粉色 品牌11 270 鼠标（机械式）,鼠标,品牌11,270,机械式,粉色,16*10*1,7,DR06B,迈克,收货,上架
PeRe24HeBl,黑色 品牌22 24 铅笔（六角形）,铅笔,品牌22,24,六角形,黑色,48*10*5,808,DV64F,大卫,收货,上架
MoSu27MeWh,白色 品牌11 270 鼠标（机械式）,鼠标,品牌11,270,机械式,白色,16*10*1,122,BP96G,莎拉,收货,上架
PeNa12HeWh,白色 品牌23 12 铅笔（六角形）,铅笔,品牌23,12,六角形,白色,48*10*5,2342,CS08A,莎拉,收货,上架
OfXELLePi,粉色 品牌06 大号 办公椅（皮革）,办公椅,品牌06,大号,皮革,粉色,16*1*1,2,AK41G,迈克,收货,上架
NoGrA4doGr,灰色 品牌18 四号纸 笔记本（点阵）,笔记本,品牌18,四号纸,点阵,灰色,48*10*5,313,BI88C,亚历克斯,收货,上架
DrQE90LoGr,灰色 品牌01 900 抽屉柜（储物锁柜）,抽屉柜,品牌01,900,储物锁柜,灰色,8*1*1,8,BT64F,莎拉,收货,上架
OfAEMLeBl,黑色 品牌05 中号 办公椅（皮革）,办公椅,品牌05,中号,皮革,黑色,16*1*1,8,AW50E,亚历克斯,收货,上架
KeHc27MeWh,白色 品牌09 270 键盘（机械式）,键盘,品牌09,270,机械式,白色,16*10*1,128,DY48G,艾米丽,收货,上架
CaWE18DoBl,黑色 品牌02 1800 文件柜（带门式）,文件柜,品牌02,1800,带门式,黑色,8*1*1,7,AI46D,艾米丽,收货,上架
PeRe12WaGr,灰色 品牌22 12 铅笔（水彩）,铅笔,品牌22,12,水彩,灰色,48*10*5,637,AM01B,亚历克斯,收货,上架
CuWE12SlBl,黑色 品牌02 1200 储物柜（滑动式）,储物柜,品牌02,1200,滑动式,黑色,8*1*1,2,AF51E,约翰,收货,上架
SPGi24HeGr,灰色 品牌21 24 触控笔（六角形）,触控笔,品牌21,24,六角形,灰色,48*10*5,2034,BV80E,艾米,收货,上架
SPRe12SoBl,黑色 品牌22 12 触控笔（可溶性）,触控笔,品牌22,12,可溶性,黑色,48*10*5,127,CM78C,简,收货,上架
PrNoA3WiWh,白色 品牌26 三号纸 打印机（无线网络）,打印机,品牌26,三号纸,无线网络,白色,16*1*1,7,CI72B,亚历克斯,收货,上架
LaRe17i7Si,银色 品牌14 17英寸 笔记本电脑（第7代处理器）,笔记本电脑,品牌14,17英寸,第7代处理器,银色,16*1*1,5,CX67F,劳拉,收货,上架
CuRG12LoBl,黑色 品牌03 1200 储物柜（储物锁柜）,储物柜,品牌03,1200,储物锁柜,黑色,8*1*1,7,AY67F,亚历克斯,收货,上架
OfSESErGr,灰色 品牌08 小号 办公椅（人体工学）,办公椅,品牌08,小号,人体工学,灰色,16*1*1,9,BQ57D,大卫,收货,上架
GaAESHeWh,白色 品牌05 小号 游戏椅（头枕）,游戏椅,品牌05,小号,头枕,白色,16*1*1,8,BS38B,艾米丽,收货,上架
PrPHA4LaMi,混合色 品牌12 四号纸 打印机（激光）,打印机,品牌12,四号纸,激光,混合色,16*1*1,5,BM86B,亚历克斯,收货,上架
TVEs32FHBl,黑色 品牌32 32英寸 电视机（全高清）,电视机,品牌32,32英寸,全高清,黑色,8*1*1,3,AK25G,克里斯,收货,上架
CuWE18SlBe,米色 品牌02 1800 储物柜（滑动式）,储物柜,品牌02,1800,滑动式,米色,8*1*1,7,AF61A,简,收货,上架
SPRe12HePi,粉色 品牌22 12 触控笔（六角形）,触控笔,品牌22,12,六角形,粉色,48*10*5,1306,CV52H,克里斯,收货,上架
SPAl24WaPi,粉色 品牌20 24 触控笔（水彩）,触控笔,品牌20,24,水彩,粉色,48*10*5,776,CP82F,艾米丽,收货,上架
MoPH35BlNa,藏青色 品牌12 350 鼠标（蓝牙）,鼠标,品牌12,350,蓝牙,藏青色,16*10*1,56,AI01E,约翰,收货,上架
SPAl12HeBl,黑色 品牌20 12 触控笔（六角形）,触控笔,品牌20,12,六角形,黑色,48*10*5,1152,DK43A,简,收货,上架
TVGn42SFSi,银色 品牌30 42英寸 电视机（超级全高清）,电视机,品牌30,42英寸,超级全高清,银色,8*1*1,2,CL06B,大卫,收货,上架
KeRe35BlWh,白色 品牌10 350 键盘（蓝牙）,键盘,品牌10,350,蓝牙,白色,16*10*1,18,DS67B,约翰,收货,上架
PeAl12HeWh,白色 品牌20 12 铅笔（六角形）,铅笔,品牌20,12,六角形,白色,48*10*5,761,BZ42C,劳拉,收货,上架
DrTE12DoBe,米色 品牌04 1200 抽屉柜（带门式）,抽屉柜,品牌04,1200,带门式,米色,8*1*1,2,BF53C,约翰,收货,上架
PeAl50WaPi,粉色 品牌20 50 铅笔（水彩）,铅笔,品牌20,50,水彩,粉色,48*10*5,1346,CF01C,亚历克斯,收货,上架
GaSELErWh,白色 品牌08 大号 游戏椅（人体工学）,游戏椅,品牌08,大号,人体工学,白色,16*1*1,13,CO06H,莎拉,收货,上架
AlSu1716Gr,灰色 品牌11 17英寸 一体机（16吉字节内存）,一体机,品牌11,17英寸,16吉字节内存,灰色,16*1*1,1,DJ07A,莎拉,收货,上架
KeHc35ErPi,粉色 品牌09 350 键盘（人体工学）,键盘,品牌09,350,人体工学,粉色,16*10*1,92,AP48A,大卫,收货,上架
CaQE12FiBe,米色 品牌01 1200 文件柜（文件收纳）,文件柜,品牌01,1200,文件收纳,米色,8*1*1,5,DR33G,劳拉,收货,上架
PrPHA2AlWh,白色 品牌12 二号纸 打印机（一体式）,打印机,品牌12,二号纸,一体式,白色,16*1*1,16,AN43B,艾米,收货,上架
OfAELLePi,粉色 品牌05 大号 办公椅（皮革）,办公椅,品牌05,大号,皮革,粉色,16*1*1,8,AV18C,亚历克斯,收货,上架
LaRe17i7Wh,白色 品牌14 17英寸 笔记本电脑（第7代处理器）,笔记本电脑,品牌14,17英寸,第7代处理器,白色,16*1*1,8,AM06C,克里斯,收货,上架
PrReA2InWh,白色 品牌24 二号纸 打印机（喷墨）,打印机,品牌24,二号纸,喷墨,白色,16*1*1,10,AK11E,劳拉,收货,上架
KeRe45WiBl,黑色 品牌10 450 键盘（有线）,键盘,品牌10,450,有线,黑色,16*10*1,72,AO64D,大卫,收货,上架
MoRe35BlPi,粉色 品牌10 350 鼠标（蓝牙）,鼠标,品牌10,350,蓝牙,粉色,16*10*1,110,CN55C,克里斯,收货,上架
TVEs424KWh,白色 品牌32 42英寸 电视机（超高清）,电视机,品牌32,42英寸,超高清,白色,8*1*1,5,CU30E,亚历克斯,收货,上架
LaRe15i7Gr,灰色 品牌14 15英寸 笔记本电脑（第7代处理器）,笔记本电脑,品牌14,15英寸,第7代处理器,灰色,16*1*1,2,BO06D,大卫,收货,上架
PrReA3InBl,黑色 品牌24 三号纸 打印机（喷墨）,打印机,品牌24,三号纸,喷墨,黑色,16*1*1,5,DJ46H,亚历克斯,收货,上架
MoPH27WiBl,黑色 品牌12 270 鼠标（有线）,鼠标,品牌12,270,有线,黑色,16*10*1,144,CL09G,迈克,收货,上架
DrTE90SlBe,米色 品牌04 900 抽屉柜（滑动式）,抽屉柜,品牌04,900,滑动式,米色,8*1*1,7,AQ51C,莎拉,收货,上架
PeAl50WaGr,灰色 品牌20 50 铅笔（水彩）,铅笔,品牌20,50,水彩,灰色,48*10*5,322,BR11D,艾米丽,收货,上架
CuTE18DoBe,米色 品牌04 1800 储物柜（带门式）,储物柜,品牌04,1800,带门式,米色,8*1*1,8,AP98C,艾米丽,收货,上架
CaTE90DoBe,米色 品牌04 900 文件柜（带门式）,文件柜,品牌04,900,带门式,米色,8*1*1,5,BR74F,迈克,收货,上架
MoRe45MeNa,藏青色 品牌10 450 鼠标（机械式）,鼠标,品牌10,450,机械式,藏青色,16*10*1,74,BL84E,大卫,收货,上架
TVGn75SFSi,银色 品牌30 75英寸 电视机（超级全高清）,电视机,品牌30,75英寸,超级全高清,银色,8*1*1,2,AS89D,迈克,收货,上架
CuTE12LoGr,灰色 品牌04 1200 储物柜（储物锁柜）,储物柜,品牌04,1200,储物锁柜,灰色,8*1*1,2,CK07G,艾米,收货,上架
PrNoA2InMi,混合色 品牌26 二号纸 打印机（喷墨）,打印机,品牌26,二号纸,喷墨,混合色,16*1*1,16,BW19B,大卫,收货,上架
CaWE12DoGr,灰色 品牌02 1200 文件柜（带门式）,文件柜,品牌02,1200,带门式,灰色,8*1*1,6,AV12A,简,收货,上架
PeAl12SoWh,白色 品牌20 12 铅笔（可溶性）,铅笔,品牌20,12,可溶性,白色,48*10*5,1644,CZ45B,莎拉,收货,上架
DrRG12LoBl,黑色 品牌03 1200 抽屉柜（储物锁柜）,抽屉柜,品牌03,1200,储物锁柜,黑色,8*1*1,5,DM84B,克里斯,收货,上架
TVEs75S4Wh,白色 品牌32 75英寸 电视机（超级超高清）,电视机,品牌32,75英寸,超级超高清,白色,8*1*1,1,CU87C,艾米丽,收货,上架
OfXELErWh,白色 品牌06 大号 办公椅（人体工学）,办公椅,品牌06,大号,人体工学,白色,16*1*1,3,DK92F,艾米,收货,上架
OfOGLAdBl,黑色 品牌07 大号 办公椅（可调节）,办公椅,品牌07,大号,可调节,黑色,16*1*1,9,CV78A,简,收货,上架
LaSu1716Si,银色 品牌11 17英寸 笔记本电脑（16吉字节内存）,笔记本电脑,品牌11,17英寸,16吉字节内存,银色,16*1*1,15,CX09E,亚历克斯,收货,上架
TVGn75SFBl,黑色 品牌30 75英寸 电视机（超级全高清）,电视机,品牌30,75英寸,超级全高清,黑色,8*1*1,2,CN31A,简,收货,上架
GaAEMErGr,灰色 品牌05 中号 游戏椅（人体工学）,游戏椅,品牌05,中号,人体工学,灰色,16*1*1,2,CV31G,莎拉,收货,上架
DrRG18FiBl,黑色 品牌03 1800 抽屉柜（文件收纳）,抽屉柜,品牌03,1800,文件收纳,黑色,8*1*1,2,CQ67D,劳拉,收货,上架
NoScA4doGr,灰色 品牌17 四号纸 笔记本（点阵）,笔记本,品牌17,四号纸,点阵,灰色,48*10*5,1550,CJ74D,克里斯,收货,上架
PrSoA3InWh,白色 品牌25 三号纸 打印机（喷墨）,打印机,品牌25,三号纸,喷墨,白色,16*1*1,7,DU42C,亚历克斯,收货,上架
CuQE12LoBe,米色 品牌01 1200 储物柜（储物锁柜）,储物柜,品牌01,1200,储物锁柜,米色,8*1*1,8,BW53C,大卫,收货,上架
PeGi50HeWh,白色 品牌21 50 铅笔（六角形）,铅笔,品牌21,50,六角形,白色,48*10*5,667,AS12B,约翰,收货,上架
LaOv158GSi,银色 品牌13 15英寸 笔记本电脑（8吉字节内存）,笔记本电脑,品牌13,15英寸,8吉字节内存,银色,16*1*1,6,CP81B,艾米,收货,上架
SPAl12SoBl,黑色 品牌20 12 触控笔（可溶性）,触控笔,品牌20,12,可溶性,黑色,48*10*5,1900,CX16B,约翰,收货,上架
LaPH17i5Si,银色 品牌12 17英寸 笔记本电脑（第5代处理器）,笔记本电脑,品牌12,17英寸,第5代处理器,银色,16*1*1,3,CQ04G,迈克,收货,上架
AlSu1516Gr,灰色 品牌11 15英寸 一体机（16吉字节内存）,一体机,品牌11,15英寸,16吉字节内存,灰色,16*1*1,5,CR39F,迈克,收货,上架
KePH35ErNa,藏青色 品牌12 350 键盘（人体工学）,键盘,品牌12,350,人体工学,藏青色,16*10*1,129,BI78E,迈克,收货,上架
TVEs75SFGr,灰色 品牌32 75英寸 电视机（超级全高清）,电视机,品牌32,75英寸,超级全高清,灰色,8*1*1,7,DF30E,莎拉,收货,上架
DrQE12SlGr,灰色 品牌01 1200 抽屉柜（滑动式）,抽屉柜,品牌01,1200,滑动式,灰色,8*1*1,3,DH36E,简,收货,上架
AlRe1432Bl,黑色 品牌14 14英寸 一体机（32吉字节内存）,一体机,品牌14,14英寸,32吉字节内存,黑色,16*1*1,2,CP63G,亚历克斯,收货,上架
KePH35ErNa,藏青色 品牌12 350 键盘（人体工学）,键盘,品牌12,350,人体工学,藏青色,16*10*1,10,AH05H,克里斯,收货,上架
NoScA3ruGr,灰色 品牌17 三号纸 笔记本（横线）,笔记本,品牌17,三号纸,横线,灰色,48*10*5,1863,CY10B,艾米,收货,上架
TVGL654KBl,黑色 品牌31 65英寸 电视机（超高清）,电视机,品牌31,65英寸,超高清,黑色,8*1*1,8,CF47H,克里斯,收货,上架
PeNa12HeGr,灰色 品牌23 12 铅笔（六角形）,铅笔,品牌23,12,六角形,灰色,48*10*5,1599,BH82C,克里斯,收货,上架
TaTR15AuWh,白色 品牌28 1500 桌子（自动调节）,桌子,品牌28,1500,自动调节,白色,8*1*1,1,BV82G,莎拉,收货,上架
GaOGMLeWh,白色 品牌07 中号 游戏椅（皮革）,游戏椅,品牌07,中号,皮革,白色,16*1*1,1,CQ70B,克里斯,收货,上架
TaAE18AdGr,灰色 品牌05 1800 桌子（可调节）,桌子,品牌05,1800,可调节,灰色,8*1*1,4,CZ17A,大卫,收货,上架
MoRe35ErPi,粉色 品牌10 350 鼠标（人体工学）,鼠标,品牌10,350,人体工学,粉色,16*10*1,104,BG69G,莎拉,收货,上架
CuQE90LoWh,白色 品牌01 900 储物柜（储物锁柜）,储物柜,品牌01,900,储物锁柜,白色,8*1*1,2,AV42H,约翰,收货,上架
PrNoA2AlWh,白色 品牌26 二号纸 打印机（一体式）,打印机,品牌26,二号纸,一体式,白色,16*1*1,6,DU38F,约翰,收货,上架
CuRG90LoBe,米色 品牌03 900 储物柜（储物锁柜）,储物柜,品牌03,900,储物锁柜,米色,8*1*1,2,DN92D,约翰,收货,上架
CaWE18LoBl,黑色 品牌02 1800 文件柜（储物锁柜）,文件柜,品牌02,1800,储物锁柜,黑色,8*1*1,7,CZ20D,迈克,收货,上架
NoScA3doGr,灰色 品牌17 三号纸 笔记本（点阵）,笔记本,品牌17,三号纸,点阵,灰色,48*10*5,1058,CL84A,约翰,收货,上架
LaYn1432Gr,灰色 品牌15 14英寸 笔记本电脑（32吉字节内存）,笔记本电脑,品牌15,14英寸,32吉字节内存,灰色,16*1*1,9,AF57E,约翰,收货,上架
OfXELHeGr,灰色 品牌06 大号 办公椅（头枕）,办公椅,品牌06,大号,头枕,灰色,16*1*1,11,DH06G,艾米,收货,上架
DrWE12DoBe,米色 品牌02 1200 抽屉柜（带门式）,抽屉柜,品牌02,1200,带门式,米色,8*1*1,1,BN86G,艾米,收货,上架
CuRG12FiBe,米色 品牌03 1200 储物柜（文件收纳）,储物柜,品牌03,1200,文件收纳,米色,8*1*1,2,DK97H,约翰,收货,上架
AlOv158GSi,银色 品牌13 15英寸 一体机（8吉字节内存）,一体机,品牌13,15英寸,8吉字节内存,银色,16*1*1,3,CH78F,约翰,收货,上架
AlPH15i7Gr,灰色 品牌12 15英寸 一体机（第7代处理器）,一体机,品牌12,15英寸,第7代处理器,灰色,16*1*1,4,AX45E,简,收货,上架
OfOGMErPi,粉色 品牌07 中号 办公椅（人体工学）,办公椅,品牌07,中号,人体工学,粉色,16*1*1,6,BG48H,克里斯,收货,上架
NoExA5doBl,黑色 品牌16 五号纸 笔记本（点阵）,笔记本,品牌16,五号纸,点阵,黑色,48*10*5,1647,CZ65E,艾米丽,收货,上架
GaOGLHeWh,白色 品牌07 大号 游戏椅（头枕）,游戏椅,品牌07,大号,头枕,白色,16*1*1,10,AJ04F,艾米,收货,上架
SPGi50WaBl,黑色 品牌21 50 触控笔（水彩）,触控笔,品牌21,50,水彩,黑色,48*10*5,858,BG64F,艾米丽,收货,上架
DrTE18DoWh,白色 品牌04 1800 抽屉柜（带门式）,抽屉柜,品牌04,1800,带门式,白色,8*1*1,3,AF30H,大卫,收货,上架
MoHc27ErPi,粉色 品牌09 270 鼠标（人体工学）,鼠标,品牌09,270,人体工学,粉色,16*10*1,99,AU91F,约翰,收货,上架
SPRe50HeBl,黑色 品牌22 50 触控笔（六角形）,触控笔,品牌22,50,六角形,黑色,48*10*5,276,AX56C,艾米,收货,上架
TVEs42FHSi,银色 品牌32 42英寸 电视机（全高清）,电视机,品牌32,42英寸,全高清,银色,8*1*1,4,CK49D,迈克,收货,上架
LaYn148GGr,灰色 品牌15 14英寸 笔记本电脑（8吉字节内存）,笔记本电脑,品牌15,14英寸,8吉字节内存,灰色,16*1*1,15,AK50G,亚历克斯,收货,上架
NoScA4liGr,灰色 品牌17 四号纸 笔记本（线条）,笔记本,品牌17,四号纸,线条,灰色,48*10*5,1334,AT41D,莎拉,收货,上架
TaCI10FrWh,白色 品牌27 1000 桌子（框架式）,桌子,品牌27,1000,框架式,白色,8*1*1,4,AG55H,约翰,收货,上架
OfSESErWh,白色 品牌08 小号 办公椅（人体工学）,办公椅,品牌08,小号,人体工学,白色,16*1*1,9,DS25A,艾米丽,收货,上架
GaXESLeWh,白色 品牌06 小号 游戏椅（皮革）,游戏椅,品牌06,小号,皮革,白色,16*1*1,3,AU85A,约翰,收货,上架
LaYn178GSi,银色 品牌15 17英寸 笔记本电脑（8吉字节内存）,笔记本电脑,品牌15,17英寸,8吉字节内存,银色,16*1*1,1,AZ98H,艾米,收货,上架
PeAl50SoGr,灰色 品牌20 50 铅笔（可溶性）,铅笔,品牌20,50,可溶性,灰色,48*10*5,2253,BY01E,迈克,收货,上架
LaOv17i7Wh,白色 品牌13 17英寸 笔记本电脑（第7代处理器）,笔记本电脑,品牌13,17英寸,第7代处理器,白色,16*1*1,11,DJ10G,艾米丽,收货,上架
NoGrA4ruSi,银色 品牌18 四号纸 笔记本（横线）,笔记本,品牌18,四号纸,横线,银色,48*10*5,2040,DK29B,亚历克斯,收货,上架
AlPH1732Bl,黑色 品牌12 17英寸 一体机（32吉字节内存）,一体机,品牌12,17英寸,32吉字节内存,黑色,16*1*1,9,DX83G,约翰,收货,上架
TVGL50SFGr,灰色 品牌31 50英寸 电视机（超级全高清）,电视机,品牌31,50英寸,超级全高清,灰色,8*1*1,4,BX24D,迈克,收货,上架
CaWE18SlGr,灰色 品牌02 1800 文件柜（滑动式）,文件柜,品牌02,1800,滑动式,灰色,8*1*1,6,BW85B,艾米丽,收货,上架
CaTE18LoBl,黑色 品牌04 1800 文件柜（储物锁柜）,文件柜,品牌04,1800,储物锁柜,黑色,8*1*1,1,CX97A,迈克,收货,上架
OfAEMHeBl,黑色 品牌05 中号 办公椅（头枕）,办公椅,品牌05,中号,头枕,黑色,16*1*1,13,DM40H,克里斯,收货,上架
CuQE12LoBe,米色 品牌01 1200 储物柜（储物锁柜）,储物柜,品牌01,1200,储物锁柜,米色,8*1*1,7,CF79G,克里斯,收货,上架
TVGn424KBl,黑色 品牌30 42英寸 电视机（超高清）,电视机,品牌30,42英寸,超高清,黑色,8*1*1,5,BP35H,约翰,收货,上架
CaQE90FiGr,灰色 品牌01 900 文件柜（文件收纳）,文件柜,品牌01,900,文件收纳,灰色,8*1*1,8,DP02E,劳拉,收货,上架
OfAESHeBl,黑色 品牌05 小号 办公椅（头枕）,办公椅,品牌05,小号,头枕,黑色,16*1*1,10,AX93E,亚历克斯,收货,上架
KeRe35BlNa,藏青色 品牌10 350 键盘（蓝牙）,键盘,品牌10,350,蓝牙,藏青色,16*10*1,4,CZ37C,迈克,收货,上架
DrWE90FiGr,灰色 品牌02 900 抽屉柜（文件收纳）,抽屉柜,品牌02,900,文件收纳,灰色,8*1*1,1,AT07F,简,收货,上架
PeNa24WaBl,黑色 品牌23 24 铅笔（水彩）,铅笔,品牌23,24,水彩,黑色,48*10*5,1946,CQ55F,莎拉,收货,上架
AlSu17i7Si,银色 品牌11 17英寸 一体机（第7代处理器）,一体机,品牌11,17英寸,第7代处理器,银色,16*1*1,16,DL01A,莎拉,收货,上架
TVYn32S4Wh,白色 品牌15 32英寸 电视机（超级超高清）,电视机,品牌15,32英寸,超级超高清,白色,8*1*1,8,CL21C,约翰,收货,上架
PeNa24SoBl,黑色 品牌23 24 铅笔（可溶性）,铅笔,品牌23,24,可溶性,黑色,48*10*5,377,BG80B,艾米丽,收货,上架
PeNa24SoGr,灰色 品牌23 24 铅笔（可溶性）,铅笔,品牌23,24,可溶性,灰色,48*10*5,1766,CO93D,艾米丽,收货,上架
TVEs42SFGr,灰色 品牌32 42英寸 电视机（超级全高清）,电视机,品牌32,42英寸,超级全高清,灰色,8*1*1,4,AM87G,简,收货,上架
CaWE12FiBl,黑色 品牌02 1200 文件柜（文件收纳）,文件柜,品牌02,1200,文件收纳,黑色,8*1*1,7,BL05A,简,收货,上架
CaRG12LoBe,米色 品牌03 1200 文件柜（储物锁柜）,文件柜,品牌03,1200,储物锁柜,米色,8*1*1,5,BS56G,简,收货,上架
TaCI18WoBl,黑色 品牌27 1800 桌子（工作站）,桌子,品牌27,1800,工作站,黑色,8*1*1,3,AT83F,迈克,收货,上架
TaAE18WoGr,灰色 品牌05 1800 桌子（工作站）,桌子,品牌05,1800,工作站,灰色,8*1*1,7,DG68E,克里斯,收货,上架
NoScA5doSi,银色 品牌17 五号纸 笔记本（点阵）,笔记本,品牌17,五号纸,点阵,银色,48*10*5,575,AF91A,迈克,收货,上架
TVEs504KSi,银色 品牌32 50英寸 电视机（超高清）,电视机,品牌32,50英寸,超高清,银色,8*1*1,7,BU29C,亚历克斯,收货,上架
LaYn1532Bl,黑色 品牌15 15英寸 笔记本电脑（32吉字节内存）,笔记本电脑,品牌15,15英寸,32吉字节内存,黑色,16*1*1,14,DF02B,克里斯,收货,上架
MoPH35WiPi,粉色 品牌12 350 鼠标（有线）,鼠标,品牌12,350,有线,粉色,16*10*1,18,DW84C,艾米,收货,上架
NoExA5doBl,黑色 品牌16 五号纸 笔记本（点阵）,笔记本,品牌16,五号纸,点阵,黑色,48*10*5,1934,AR71F,克里斯,收货,上架
SPRe24WaPi,粉色 品牌22 24 触控笔（水彩）,触控笔,品牌22,24,水彩,粉色,48*10*5,1566,AK47H,简,收货,上架
CuWE90FiBl,黑色 品牌02 900 储物柜（文件收纳）,储物柜,品牌02,900,文件收纳,黑色,8*1*1,5,DI60D,约翰,收货,上架
KeRe35ErWh,白色 品牌10 350 键盘（人体工学）,键盘,品牌10,350,人体工学,白色,16*10*1,14,DZ90D,劳拉,收货,上架
GaSEMHeWh,白色 品牌08 中号 游戏椅（头枕）,游戏椅,品牌08,中号,头枕,白色,16*1*1,4,CK75E,艾米丽,收货,上架
DrWE18FiBe,米色 品牌02 1800 抽屉柜（文件收纳）,抽屉柜,品牌02,1800,文件收纳,米色,8*1*1,7,DQ26D,大卫,收货,上架
AlSu1732Wh,白色 品牌11 17英寸 一体机（32吉字节内存）,一体机,品牌11,17英寸,32吉字节内存,白色,16*1*1,12,DF50F,约翰,收货,上架
TVEs324KSi,银色 品牌32 32英寸 电视机（超高清）,电视机,品牌32,32英寸,超高清,银色,8*1*1,2,DN05B,艾米,收货,上架
PrNoA2WiWh,白色 品牌26 二号纸 打印机（无线网络）,打印机,品牌26,二号纸,无线网络,白色,16*1*1,11,AF86D,劳拉,收货,上架
LaPH1716Wh,白色 品牌12 17英寸 笔记本电脑（16吉字节内存）,笔记本电脑,品牌12,17英寸,16吉字节内存,白色,16*1*1,3,BI35H,艾米,收货,上架
TaTR18AuSi,银色 品牌29 1800 桌子（自动调节）,桌子,品牌29,1800,自动调节,银色,8*1*1,6,BK74E,亚历克斯,收货,上架
TaCI15AuBl,黑色 品牌27 1500 桌子（自动调节）,桌子,品牌27,1500,自动调节,黑色,8*1*1,5,AF60F,简,收货,上架
PrNoA2InWh,白色 品牌26 二号纸 打印机（喷墨）,打印机,品牌26,二号纸,喷墨,白色,16*1*1,4,CW74H,迈克,收货,上架
CuTE18SlBl,黑色 品牌04 1800 储物柜（滑动式）,储物柜,品牌04,1800,滑动式,黑色,8*1*1,6,CH40C,大卫,收货,上架
CaRG90LoBe,米色 品牌03 900 文件柜（储物锁柜）,文件柜,品牌03,900,储物锁柜,米色,8*1*1,3,AM46C,劳拉,收货,上架
TVEs75FHSi,银色 品牌32 75英寸 电视机（全高清）,电视机,品牌32,75英寸,全高清,银色,8*1*1,8,AX38A,大卫,收货,上架
CaTE18LoBe,米色 品牌04 1800 文件柜（储物锁柜）,文件柜,品牌04,1800,储物锁柜,米色,8*1*1,2,BH96A,约翰,收货,上架
MoHc35ErWh,白色 品牌09 350 鼠标（人体工学）,鼠标,品牌09,350,人体工学,白色,16*10*1,90,AM11G,简,收货,上架
SPAl50HeGr,灰色 品牌20 50 触控笔（六角形）,触控笔,品牌20,50,六角形,灰色,48*10*5,2161,CL05G,莎拉,收货,上架
MoPH27BlPi,粉色 品牌12 270 鼠标（蓝牙）,鼠标,品牌12,270,蓝牙,粉色,16*10*1,37,AS13G,劳拉,收货,上架
TVEs324KGr,灰色 品牌32 32英寸 电视机（超高清）,电视机,品牌32,32英寸,超高清,灰色,8*1*1,3,CO42F,迈克,收货,上架
OfXEMAdBl,黑色 品牌06 中号 办公椅（可调节）,办公椅,品牌06,中号,可调节,黑色,16*1*1,10,AM59B,克里斯,收货,上架
CaQE90DoWh,白色 品牌01 900 文件柜（带门式）,文件柜,品牌01,900,带门式,白色,8*1*1,3,DJ35D,迈克,收货,上架
PrSoA2MoWh,白色 品牌25 二号纸 打印机（黑白）,打印机,品牌25,二号纸,黑白,白色,16*1*1,3,DI54F,克里斯,收货,上架
AlSu1532Wh,白色 品牌11 15英寸 一体机（32吉字节内存）,一体机,品牌11,15英寸,32吉字节内存,白色,16*1*1,13,BH69D,艾米,收货,上架
CuTE18DoWh,白色 品牌04 1800 储物柜（带门式）,储物柜,品牌04,1800,带门式,白色,8*1*1,3,AT32F,艾米丽,收货,上架
DrRG18FiBe,米色 品牌03 1800 抽屉柜（文件收纳）,抽屉柜,品牌03,1800,文件收纳,米色,8*1*1,2,AY58E,大卫,收货,上架
AlRe17i7Si,银色 品牌14 17英寸 一体机（第7代处理器）,一体机,品牌14,17英寸,第7代处理器,银色,16*1*1,8,DO51E,亚历克斯,收货,上架
TVEs42FHWh,白色 品牌32 42英寸 电视机（全高清）,电视机,品牌32,42英寸,全高清,白色,8*1*1,4,CI86G,克里斯,收货,上架
AlRe14i7Wh,白色 品牌14 14英寸 一体机（第7代处理器）,一体机,品牌14,14英寸,第7代处理器,白色,16*1*1,2,CJ23E,亚历克斯,收货,上架
TVEs42SFWh,白色 品牌32 42英寸 电视机（超级全高清）,电视机,品牌32,42英寸,超级全高清,白色,8*1*1,1,AJ01G,迈克,收货,上架
CuQE90DoGr,灰色 品牌01 900 储物柜（带门式）,储物柜,品牌01,900,带门式,灰色,8*1*1,7,DS96B,劳拉,收货,上架
LaYn158GGr,灰色 品牌15 15英寸 笔记本电脑（8吉字节内存）,笔记本电脑,品牌15,15英寸,8吉字节内存,灰色,16*1*1,11,AF70H,约翰,收货,上架
AlOv1732Gr,灰色 品牌13 17英寸 一体机（32吉字节内存）,一体机,品牌13,17英寸,32吉字节内存,灰色,16*1*1,11,AI82H,艾米丽,收货,上架
CaWE12LoWh,白色 品牌02 1200 文件柜（储物锁柜）,文件柜,品牌02,1200,储物锁柜,白色,8*1*1,6,CK54D,艾米,收货,上架
PeGi24HePi,粉色 品牌21 24 铅笔（六角形）,铅笔,品牌21,24,六角形,粉色,48*10*5,1837,DX87E,大卫,收货,上架
AlRe14i7Wh,白色 品牌14 14英寸 一体机（第7代处理器）,一体机,品牌14,14英寸,第7代处理器,白色,16*1*1,9,CF33A,约翰,收货,上架
NoScA4doSi,银色 品牌17 四号纸 笔记本（点阵）,笔记本,品牌17,四号纸,点阵,银色,48*10*5,1352,AV52G,亚历克斯,收货,上架
OfAESHeGr,灰色 品牌05 小号 办公椅（头枕）,办公椅,品牌05,小号,头枕,灰色,16*1*1,6,AV10D,亚历克斯,收货,上架
AlYn148GSi,银色 品牌15 14英寸 一体机（8吉字节内存）,一体机,品牌15,14英寸,8吉字节内存,银色,16*1*1,16,DG41F,亚历克斯,收货,上架
PrPHA4InMi,混合色 品牌12 四号纸 打印机（喷墨）,打印机,品牌12,四号纸,喷墨,混合色,16*1*1,5,BV77D,大卫,收货,上架
TVGn50FHWh,白色 品牌30 50英寸 电视机（全高清）,电视机,品牌30,50英寸,全高清,白色,8*1*1,8,AM81F,迈克,收货,上架
MoPH27BlBl,黑色 品牌12 270 鼠标（蓝牙）,鼠标,品牌12,270,蓝牙,黑色,16*10*1,28,BI24F,大卫,收货,上架
GaOGMLeGr,灰色 品牌07 中号 游戏椅（皮革）,游戏椅,品牌07,中号,皮革,灰色,16*1*1,1,BX39E,简,收货,上架
TaCI10AdSi,银色 品牌27 1000 桌子（可调节）,桌子,品牌27,1000,可调节,银色,8*1*1,5,BY33D,劳拉,收货,上架
LaRe14i5Wh,白色 品牌14 14英寸 笔记本电脑（第5代处理器）,笔记本电脑,品牌14,14英寸,第5代处理器,白色,16*1*1,14,BI50D,约翰,收货,上架
TVYn324KGr,灰色 品牌15 32英寸 电视机（超高清）,电视机,品牌15,32英寸,超高清,灰色,8*1*1,8,AO34C,约翰,收货,上架
NoScA3doBl,黑色 品牌17 三号纸 笔记本（点阵）,笔记本,品牌17,三号纸,点阵,黑色,48*10*5,2294,DN63E,简,收货,上架
OfSESLePi,粉色 品牌08 小号 办公椅（皮革）,办公椅,品牌08,小号,皮革,粉色,16*1*1,7,AR72C,大卫,收货,上架
OfOGMAdGr,灰色 品牌07 中号 办公椅（可调节）,办公椅,品牌07,中号,可调节,灰色,16*1*1,3,AI72B,艾米丽,收货,上架
OfXEMHeGr,灰色 品牌06 中号 办公椅（头枕）,办公椅,品牌06,中号,头枕,灰色,16*1*1,7,CJ67C,克里斯,收货,上架
LaPH14i5Gr,灰色 品牌12 14英寸 笔记本电脑（第5代处理器）,笔记本电脑,品牌12,14英寸,第5代处理器,灰色,16*1*1,16,AF04H,简,收货,上架
DrTE12FiBe,米色 品牌04 1200 抽屉柜（文件收纳）,抽屉柜,品牌04,1200,文件收纳,米色,8*1*1,8,DL55E,亚历克斯,收货,上架
TaAE18WoWh,白色 品牌05 1800 桌子（工作站）,桌子,品牌05,1800,工作站,白色,8*1*1,8,DS72B,亚历克斯,收货,上架
MoHc45WiWh,白色 品牌09 450 鼠标（有线）,鼠标,品牌09,450,有线,白色,16*10*1,130,BY55H,艾米丽,收货,上架
OfOGMHeGr,灰色 品牌07 中号 办公椅（头枕）,办公椅,品牌07,中号,头枕,灰色,16*1*1,2,BW22F,艾米,收货,上架
AlPH1732Bl,黑色 品牌12 17英寸 一体机（32吉字节内存）,一体机,品牌12,17英寸,32吉字节内存,黑色,16*1*1,3,BR97H,艾米,收货,上架
KeRe35WiBl,黑色 品牌10 350 键盘（有线）,键盘,品牌10,350,有线,黑色,16*10*1,105,BY53D,劳拉,收货,上架
CuWE12DoWh,白色 品牌02 1200 储物柜（带门式）,储物柜,品牌02,1200,带门式,白色,8*1*1,3,CV02E,迈克,收货,上架
AlYn17i7Wh,白色 品牌15 17英寸 一体机（第7代处理器）,一体机,品牌15,17英寸,第7代处理器,白色,16*1*1,4,AW03A,克里斯,收货,上架
TVGL65FHGr,灰色 品牌31 65英寸 电视机（全高清）,电视机,品牌31,65英寸,全高清,灰色,8*1*1,6,CI48B,劳拉,收货,上架
TVGL504KBl,黑色 品牌31 50英寸 电视机（超高清）,电视机,品牌31,50英寸,超高清,黑色,8*1*1,2,AF27G,简,收货,上架
GaSEMLeBl,黑色 品牌08 中号 游戏椅（皮革）,游戏椅,品牌08,中号,皮革,黑色,16*1*1,5,DW36F,大卫,收货,上架
PeGi24HeGr,灰色 品牌21 24 铅笔（六角形）,铅笔,品牌21,24,六角形,灰色,48*10*5,89,DR84C,大卫,收货,上架
PeGi24WaWh,白色 品牌21 24 铅笔（水彩）,铅笔,品牌21,24,水彩,白色,48*10*5,753,CG90E,艾米,收货,上架
NoGrA3doGr,灰色 品牌18 三号纸 笔记本（点阵）,笔记本,品牌18,三号纸,点阵,灰色,48*10*5,1124,AV56D,劳拉,收货,上架
CaRG18LoBe,米色 品牌03 1800 文件柜（储物锁柜）,文件柜,品牌03,1800,储物锁柜,米色,8*1*1,4,DL65G,简,收货,上架
TaTR18AuBl,黑色 品牌29 1800 桌子（自动调节）,桌子,品牌29,1800,自动调节,黑色,8*1*1,4,BR68C,大卫,收货,上架
KeRe45ErBl,黑色 品牌10 450 键盘（人体工学）,键盘,品牌10,450,人体工学,黑色,16*10*1,50,DN09C,艾米,收货,上架
SPAl50HeGr,灰色 品牌20 50 触控笔（六角形）,触控笔,品牌20,50,六角形,灰色,48*10*5,304,BI65F,克里斯,收货,上架
LaSu158GBl,黑色 品牌11 15英寸 笔记本电脑（8吉字节内存）,笔记本电脑,品牌11,15英寸,8吉字节内存,黑色,16*1*1,7,BV04D,大卫,收货,上架
PrPHA4MoGr,灰色 品牌12 四号纸 打印机（黑白）,打印机,品牌12,四号纸,黑白,灰色,16*1*1,7,AY58E,莎拉,收货,上架
GaOGSErGr,灰色 品牌07 小号 游戏椅（人体工学）,游戏椅,品牌07,小号,人体工学,灰色,16*1*1,13,AV24H,大卫,收货,上架
MoRe27MeBl,黑色 品牌10 270 鼠标（机械式）,鼠标,品牌10,270,机械式,黑色,16*10*1,160,CV23E,劳拉,收货,上架
AlSu14i5Gr,灰色 品牌11 14英寸 一体机（第5代处理器）,一体机,品牌11,14英寸,第5代处理器,灰色,16*1*1,8,DX82B,艾米,收货,上架
KeRe45ErBl,黑色 品牌10 450 键盘（人体工学）,键盘,品牌10,450,人体工学,黑色,16*10*1,38,CP43A,大卫,收货,上架
DrRG18SlGr,灰色 品牌03 1800 抽屉柜（滑动式）,抽屉柜,品牌03,1800,滑动式,灰色,8*1*1,6,BV20B,劳拉,收货,上架
DrTE12FiWh,白色 品牌04 1200 抽屉柜（文件收纳）,抽屉柜,品牌04,1200,文件收纳,白色,8*1*1,5,DP03F,莎拉,收货,上架
DrQE12SlBe,米色 品牌01 1200 抽屉柜（滑动式）,抽屉柜,品牌01,1200,滑动式,米色,8*1*1,2,CP04C,艾米丽,收货,上架
MoPH27BlBl,黑色 品牌12 270 鼠标（蓝牙）,鼠标,品牌12,270,蓝牙,黑色,16*10*1,102,AW80G,劳拉,收货,上架
OfSESErPi,粉色 品牌08 小号 办公椅（人体工学）,办公椅,品牌08,小号,人体工学,粉色,16*1*1,11,CR68D,莎拉,收货,上架
PrPHA3WiGr,灰色 品牌12 三号纸 打印机（无线网络）,打印机,品牌12,三号纸,无线网络,灰色,16*1*1,5,DH68F,劳拉,收货,上架
TaCI10WoBl,黑色 品牌27 1000 桌子（工作站）,桌子,品牌27,1000,工作站,黑色,8*1*1,6,BQ73E,艾米,收货,上架
PrPHA3LaBl,黑色 品牌12 三号纸 打印机（激光）,打印机,品牌12,三号纸,激光,黑色,16*1*1,3,BY98B,艾米丽,收货,上架
DrQE12LoBe,米色 品牌01 1200 抽屉柜（储物锁柜）,抽屉柜,品牌01,1200,储物锁柜,米色,8*1*1,8,BR63E,克里斯,收货,上架
GaXELLeGr,灰色 品牌06 大号 游戏椅（皮革）,游戏椅,品牌06,大号,皮革,灰色,16*1*1,14,CQ92A,大卫,收货,上架
CaQE12SlGr,灰色 品牌01 1200 文件柜（滑动式）,文件柜,品牌01,1200,滑动式,灰色,8*1*1,8,AX69A,艾米,收货,上架
CuTE90SlGr,灰色 品牌04 900 储物柜（滑动式）,储物柜,品牌04,900,滑动式,灰色,8*1*1,2,DZ55A,克里斯,收货,上架
PrNoA2InBl,黑色 品牌26 二号纸 打印机（喷墨）,打印机,品牌26,二号纸,喷墨,黑色,16*1*1,15,CU54G,艾米丽,收货,上架
PrReA4MoMi,混合色 品牌24 四号纸 打印机（黑白）,打印机,品牌24,四号纸,黑白,混合色,16*1*1,7,CX62C,克里斯,收货,上架
GaOGLLeGr,灰色 品牌07 大号 游戏椅（皮革）,游戏椅,品牌07,大号,皮革,灰色,16*1*1,1,BM91F,约翰,收货,上架
AlSu15i7Bl,黑色 品牌11 15英寸 一体机（第7代处理器）,一体机,品牌11,15英寸,第7代处理器,黑色,16*1*1,2,AM73B,大卫,收货,上架
LaPH1416Wh,白色 品牌12 14英寸 笔记本电脑（16吉字节内存）,笔记本电脑,品牌12,14英寸,16吉字节内存,白色,16*1*1,7,DK36D,艾米,收货,上架
DrTE12FiBl,黑色 品牌04 1200 抽屉柜（文件收纳）,抽屉柜,品牌04,1200,文件收纳,黑色,8*1*1,4,CY30G,劳拉,收货,上架
NoExA5ruGr,灰色 品牌16 五号纸 笔记本（横线）,笔记本,品牌16,五号纸,横线,灰色,48*10*5,1591,DX38G,克里斯,收货,上架
PeAl50SoPi,粉色 品牌20 50 铅笔（可溶性）,铅笔,品牌20,50,可溶性,粉色,48*10*5,2273,BU25G,约翰,收货,上架
LaYn14i5Bl,黑色 品牌15 14英寸 笔记本电脑（第5代处理器）,笔记本电脑,品牌15,14英寸,第5代处理器,黑色,16*1*1,14,BZ62D,艾米,收货,上架
CaQE18SlBl,黑色 品牌01 1800 文件柜（滑动式）,文件柜,品牌01,1800,滑动式,黑色,8*1*1,3,BK22F,亚历克斯,收货,上架
CuRG90DoWh,白色 品牌03 900 储物柜（带门式）,储物柜,品牌03,900,带门式,白色,8*1*1,5,AW43G,约翰,收货,上架
DrQE18SlGr,灰色 品牌01 1800 抽屉柜（滑动式）,抽屉柜,品牌01,1800,滑动式,灰色,8*1*1,8,AQ83D,迈克,收货,上架
OfXELHePi,粉色 品牌06 大号 办公椅（头枕）,办公椅,品牌06,大号,头枕,粉色,16*1*1,14,DY93A,约翰,收货,上架
GaSELLeBl,黑色 品牌08 大号 游戏椅（皮革）,游戏椅,品牌08,大号,皮革,黑色,16*1*1,13,DI12F,亚历克斯,收货,上架
SPGi24SoWh,白色 品牌21 24 触控笔（可溶性）,触控笔,品牌21,24,可溶性,白色,48*10*5,1960,DV49B,艾米,收货,上架
TVGn42SFBl,黑色 品牌30 42英寸 电视机（超级全高清）,电视机,品牌30,42英寸,超级全高清,黑色,8*1*1,8,CW97H,劳拉,收货,上架
GaOGSLeGr,灰色 品牌07 小号 游戏椅（皮革）,游戏椅,品牌07,小号,皮革,灰色,16*1*1,12,CR65H,亚历克斯,收货,上架
CaRG12LoBl,黑色 品牌03 1200 文件柜（储物锁柜）,文件柜,品牌03,1200,储物锁柜,黑色,8*1*1,6,AS65H,艾米丽,收货,上架
DrRG18DoBe,米色 品牌03 1800 抽屉柜（带门式）,抽屉柜,品牌03,1800,带门式,米色,8*1*1,4,AT88C,莎拉,收货,上架
PrReA2WiGr,灰色 品牌24 二号纸 打印机（无线网络）,打印机,品牌24,二号纸,无线网络,灰色,16*1*1,2,BR35G,艾米丽,收货,上架
LaSu14i7Si,银色 品牌11 14英寸 笔记本电脑（第7代处理器）,笔记本电脑,品牌11,14英寸,第7代处理器,银色,16*1*1,16,DF15C,艾米,收货,上架
TVGn42FHGr,灰色 品牌30 42英寸 电视机（全高清）,电视机,品牌30,42英寸,全高清,灰色,8*1*1,7,BK50A,艾米丽,收货,上架
LaOv17i7Si,银色 品牌13 17英寸 笔记本电脑（第7代处理器）,笔记本电脑,品牌13,17英寸,第7代处理器,银色,16*1*1,11,AH86F,简,收货,上架
CaQE12DoGr,灰色 品牌01 1200 文件柜（带门式）,文件柜,品牌01,1200,带门式,灰色,8*1*1,5,BN91C,大卫,收货,上架
NoGrA4doBl,黑色 品牌18 四号纸 笔记本（点阵）,笔记本,品牌18,四号纸,点阵,黑色,48*10*5,521,CK70H,简,收货,上架
TaCI10AdBl,黑色 品牌27 1000 桌子（可调节）,桌子,品牌27,1000,可调节,黑色,8*1*1,1,DS17F,劳拉,收货,上架
OfAEMLeGr,灰色 品牌05 中号 办公椅（皮革）,办公椅,品牌05,中号,皮革,灰色,16*1*1,3,AL21H,艾米,收货,上架
AlSu15i7Bl,黑色 品牌11 15英寸 一体机（第7代处理器）,一体机,品牌11,15英寸,第7代处理器,黑色,16*1*1,2,BI26F,克里斯,收货,上架
DrWE90FiGr,灰色 品牌02 900 抽屉柜（文件收纳）,抽屉柜,品牌02,900,文件收纳,灰色,8*1*1,5,CK71A,克里斯,收货,上架
AlSu148GGr,灰色 品牌11 14英寸 一体机（8吉字节内存）,一体机,品牌11,14英寸,8吉字节内存,灰色,16*1*1,9,DN13H,克里斯,收货,上架
NoScA5liGr,灰色 品牌17 五号纸 笔记本（线条）,笔记本,品牌17,五号纸,线条,灰色,48*10*5,172,CW06B,迈克,收货,上架
AlPH1532Si,银色 品牌12 15英寸 一体机（32吉字节内存）,一体机,品牌12,15英寸,32吉字节内存,银色,16*1*1,1,CJ29A,劳拉,收货,上架
PrReA2AlBl,黑色 品牌24 二号纸 打印机（一体式）,打印机,品牌24,二号纸,一体式,黑色,16*1*1,12,CZ90D,大卫,收货,上架
PrPHA4InWh,白色 品牌12 四号纸 打印机（喷墨）,打印机,品牌12,四号纸,喷墨,白色,16*1*1,5,DF12D,艾米丽,收货,上架
CuQE18SlBl,黑色 品牌01 1800 储物柜（滑动式）,储物柜,品牌01,1800,滑动式,黑色,8*1*1,1,DQ37D,简,收货,上架
LaPH148GSi,银色 品牌12 14英寸 笔记本电脑（8吉字节内存）,笔记本电脑,品牌12,14英寸,8吉字节内存,银色,16*1*1,10,BP69C,莎拉,收货,上架
TVYn50S4Si,银色 品牌15 50英寸 电视机（超级超高清）,电视机,品牌15,50英寸,超级超高清,银色,8*1*1,3,BQ32B,约翰,收货,上架
NoGrA4ruSi,银色 品牌18 四号纸 笔记本（横线）,笔记本,品牌18,四号纸,横线,银色,48*10*5,776,BF31H,艾米,收货,上架
KeHc45WiNa,藏青色 品牌09 450 键盘（有线）,键盘,品牌09,450,有线,藏青色,16*10*1,8,BN97C,莎拉,收货,上架
NoMuA3ruBl,黑色 品牌19 三号纸 笔记本（横线）,笔记本,品牌19,三号纸,横线,黑色,48*10*5,321,BJ03D,迈克,收货,上架
AlOv178GSi,银色 品牌13 17英寸 一体机（8吉字节内存）,一体机,品牌13,17英寸,8吉字节内存,银色,16*1*1,4,BY83B,劳拉,收货,上架
TVGn75SFGr,灰色 品牌30 75英寸 电视机（超级全高清）,电视机,品牌30,75英寸,超级全高清,灰色,8*1*1,8,BM33F,克里斯,收货,上架
OfAEMLeBl,黑色 品牌05 中号 办公椅（皮革）,办公椅,品牌05,中号,皮革,黑色,16*1*1,14,BV73H,劳拉,收货,上架
LaPH17i7Gr,灰色 品牌12 17英寸 笔记本电脑（第7代处理器）,笔记本电脑,品牌12,17英寸,第7代处理器,灰色,16*1*1,10,AU40F,艾米,收货,上架
KeSu45BlBl,黑色 品牌11 450 键盘（蓝牙）,键盘,品牌11,450,蓝牙,黑色,16*10*1,59,CH49G,克里斯,收货,上架
OfXESAdWh,白色 品牌06 小号 办公椅（可调节）,办公椅,品牌06,小号,可调节,白色,16*1*1,13,DT30H,迈克,收货,上架
GaAEMLeWh,白色 品牌05 中号 游戏椅（皮革）,游戏椅,品牌05,中号,皮革,白色,16*1*1,1,AQ48H,艾米丽,收货,上架
TVGL75S4Si,银色 品牌31 75英寸 电视机（超级超高清）,电视机,品牌31,75英寸,超级超高清,银色,8*1*1,6,DV41B,大卫,收货,上架
GaOGMAdBl,黑色 品牌07 中号 游戏椅（可调节）,游戏椅,品牌07,中号,可调节,黑色,16*1*1,10,AU66G,劳拉,收货,上架
CaWE12LoWh,白色 品牌02 1200 文件柜（储物锁柜）,文件柜,品牌02,1200,储物锁柜,白色,8*1*1,1,BU73A,艾米丽,收货,上架
TVYn75FHSi,银色 品牌15 75英寸 电视机（全高清）,电视机,品牌15,75英寸,全高清,银色,8*1*1,3,BU27B,约翰,收货,上架
GaAEMHePi,粉色 品牌05 中号 游戏椅（头枕）,游戏椅,品牌05,中号,头枕,粉色,16*1*1,16,DW59A,艾米丽,收货,上架
TVYn50S4Gr,灰色 品牌15 50英寸 电视机（超级超高清）,电视机,品牌15,50英寸,超级超高清,灰色,8*1*1,5,BR21A,劳拉,收货,上架
CuRG12SlGr,灰色 品牌03 1200 储物柜（滑动式）,储物柜,品牌03,1200,滑动式,灰色,8*1*1,5,AU23E,劳拉,收货,上架
TVGL324KWh,白色 品牌31 32英寸 电视机（超高清）,电视机,品牌31,32英寸,超高清,白色,8*1*1,8,AP30F,大卫,收货,上架
PrNoA2WiMi,混合色 品牌26 二号纸 打印机（无线网络）,打印机,品牌26,二号纸,无线网络,混合色,16*1*1,16,BK41A,大卫,收货,上架
AlSu1732Si,银色 品牌11 17英寸 一体机（32吉字节内存）,一体机,品牌11,17英寸,32吉字节内存,银色,16*1*1,6,DN92B,莎拉,收货,上架
OfAELErBl,黑色 品牌05 大号 办公椅（人体工学）,办公椅,品牌05,大号,人体工学,黑色,16*1*1,8,CK77G,劳拉,收货,上架
TaCI15AdSi,银色 品牌27 1500 桌子（可调节）,桌子,品牌27,1500,可调节,银色,8*1*1,7,BQ61D,艾米丽,收货,上架
CaQE18DoGr,灰色 品牌01 1800 文件柜（带门式）,文件柜,品牌01,1800,带门式,灰色,8*1*1,8,CF96D,大卫,收货,上架
AlRe148GSi,银色 品牌14 14英寸 一体机（8吉字节内存）,一体机,品牌14,14英寸,8吉字节内存,银色,16*1*1,4,CZ50H,艾米丽,收货,上架
TaTR18FrWh,白色 品牌28 1800 桌子（框架式）,桌子,品牌28,1800,框架式,白色,8*1*1,1,CX93G,莎拉,收货,上架
CaQE90SlBl,黑色 品牌01 900 文件柜（滑动式）,文件柜,品牌01,900,滑动式,黑色,8*1*1,2,AK05D,简,收货,上架
PeRe50WaPi,粉色 品牌22 50 铅笔（水彩）,铅笔,品牌22,50,水彩,粉色,48*10*5,712,CZ77D,克里斯,收货,上架
PrNoA4LaMi,混合色 品牌26 四号纸 打印机（激光）,打印机,品牌26,四号纸,激光,混合色,16*1*1,9,CI92C,大卫,收货,上架
CuWE18DoWh,白色 品牌02 1800 储物柜（带门式）,储物柜,品牌02,1800,带门式,白色,8*1*1,6,BI74H,迈克,收货,上架
OfSESAdGr,灰色 品牌08 小号 办公椅（可调节）,办公椅,品牌08,小号,可调节,灰色,16*1*1,5,DV78B,艾米,收货,上架
TVGL32S4Gr,灰色 品牌31 32英寸 电视机（超级超高清）,电视机,品牌31,32英寸,超级超高清,灰色,8*1*1,3,AT96F,劳拉,收货,上架
CuRG12SlWh,白色 品牌03 1200 储物柜（滑动式）,储物柜,品牌03,1200,滑动式,白色,8*1*1,3,DN90E,简,收货,上架
DrQE12SlGr,灰色 品牌01 1200 抽屉柜（滑动式）,抽屉柜,品牌01,1200,滑动式,灰色,8*1*1,8,DF20F,克里斯,收货,上架
LaOv1416Bl,黑色 品牌13 14英寸 笔记本电脑（16吉字节内存）,笔记本电脑,品牌13,14英寸,16吉字节内存,黑色,16*1*1,5,DN17F,亚历克斯,收货,上架
GaOGLErBl,黑色 品牌07 大号 游戏椅（人体工学）,游戏椅,品牌07,大号,人体工学,黑色,16*1*1,13,DI70H,克里斯,收货,上架
CaWE90SlWh,白色 品牌02 900 文件柜（滑动式）,文件柜,品牌02,900,滑动式,白色,8*1*1,6,CT26C,约翰,收货,上架
NoExA4doWh,白色 品牌16 四号纸 笔记本（点阵）,笔记本,品牌16,四号纸,点阵,白色,48*10*5,693,BJ64E,大卫,收货,上架
KePH35WiNa,藏青色 品牌12 350 键盘（有线）,键盘,品牌12,350,有线,藏青色,16*10*1,135,CK49F,艾米,收货,上架
PeAl24HeBl,黑色 品牌20 24 铅笔（六角形）,铅笔,品牌20,24,六角形,黑色,48*10*5,2111,BT16E,艾米,收货,上架
SPGi12SoPi,粉色 品牌21 12 触控笔（可溶性）,触控笔,品牌21,12,可溶性,粉色,48*10*5,1383,CY12B,简,收货,上架
AlSu1716Bl,黑色 品牌11 17英寸 一体机（16吉字节内存）,一体机,品牌11,17英寸,16吉字节内存,黑色,16*1*1,2,CJ32F,迈克,收货,上架
CuWE18FiWh,白色 品牌02 1800 储物柜（文件收纳）,储物柜,品牌02,1800,文件收纳,白色,8*1*1,5,BH46H,艾米,收货,上架
DrTE18FiGr,灰色 品牌04 1800 抽屉柜（文件收纳）,抽屉柜,品牌04,1800,文件收纳,灰色,8*1*1,5,DK74E,迈克,收货,上架
CaQE90SlBl,黑色 品牌01 900 文件柜（滑动式）,文件柜,品牌01,900,滑动式,黑色,8*1*1,6,BJ65D,莎拉,收货,上架
NoScA3liBl,黑色 品牌17 三号纸 笔记本（线条）,笔记本,品牌17,三号纸,线条,黑色,48*10*5,132,AP21C,约翰,收货,上架
OfXEMLeWh,白色 品牌06 中号 办公椅（皮革）,办公椅,品牌06,中号,皮革,白色,16*1*1,4,CR21H,简,收货,上架
AlYn178GGr,灰色 品牌15 17英寸 一体机（8吉字节内存）,一体机,品牌15,17英寸,8吉字节内存,灰色,16*1*1,6,AK93G,约翰,收货,上架
KePH35BlNa,藏青色 品牌12 350 键盘（蓝牙）,键盘,品牌12,350,蓝牙,藏青色,16*10*1,134,BJ94E,迈克,收货,上架
NoScA5ruGr,灰色 品牌17 五号纸 笔记本（横线）,笔记本,品牌17,五号纸,横线,灰色,48*10*5,2100,AQ40E,劳拉,收货,上架
MoSu27BlWh,白色 品牌11 270 鼠标（蓝牙）,鼠标,品牌11,270,蓝牙,白色,16*10*1,129,CV98G,亚历克斯,收货,上架
PrPHA3LaGr,灰色 品牌12 三号纸 打印机（激光）,打印机,品牌12,三号纸,激光,灰色,16*1*1,3,DF35H,约翰,收货,上架
TaAE18AuGr,灰色 品牌05 1800 桌子（自动调节）,桌子,品牌05,1800,自动调节,灰色,8*1*1,3,DV71A,克里斯,收货,上架
PeGi50HeWh,白色 品牌21 50 铅笔（六角形）,铅笔,品牌21,50,六角形,白色,48*10*5,1423,BI45A,莎拉,收货,上架
SPNa24HeGr,灰色 品牌23 24 触控笔（六角形）,触控笔,品牌23,24,六角形,灰色,48*10*5,531,AJ94G,简,收货,上架
GaSESAdWh,白色 品牌08 小号 游戏椅（可调节）,游戏椅,品牌08,小号,可调节,白色,16*1*1,5,BI12D,艾米丽,收货,上架
DrTE18LoGr,灰色 品牌04 1800 抽屉柜（储物锁柜）,抽屉柜,品牌04,1800,储物锁柜,灰色,8*1*1,5,CU55F,艾米丽,收货,上架
TaCI18AdSi,银色 品牌27 1800 桌子（可调节）,桌子,品牌27,1800,可调节,银色,8*1*1,5,BH20H,艾米,收货,上架
TVYn50FHGr,灰色 品牌15 50英寸 电视机（全高清）,电视机,品牌15,50英寸,全高清,灰色,8*1*1,1,AV52G,约翰,收货,上架
OfXELAdPi,粉色 品牌06 大号 办公椅（可调节）,办公椅,品牌06,大号,可调节,粉色,16*1*1,14,BW27C,克里斯,收货,上架
TaTR18AdBl,黑色 品牌28 1800 桌子（可调节）,桌子,品牌28,1800,可调节,黑色,8*1*1,4,CQ54C,克里斯,收货,上架
PrReA2InMi,混合色 品牌24 二号纸 打印机（喷墨）,打印机,品牌24,二号纸,喷墨,混合色,16*1*1,9,DS17B,大卫,收货,上架
DrQE18SlGr,灰色 品牌01 1800 抽屉柜（滑动式）,抽屉柜,品牌01,1800,滑动式,灰色,8*1*1,2,AO34C,莎拉,收货,上架
CaWE18DoBe,米色 品牌02 1800 文件柜（带门式）,文件柜,品牌02,1800,带门式,米色,8*1*1,1,BQ09E,迈克,收货,上架
LaOv17i5Si,银色 品牌13 17英寸 笔记本电脑（第5代处理器）,笔记本电脑,品牌13,17英寸,第5代处理器,银色,16*1*1,7,CI16G,克里斯,收货,上架
KePH45ErPi,粉色 品牌12 450 键盘（人体工学）,键盘,品牌12,450,人体工学,粉色,16*10*1,89,CV08G,克里斯,收货,上架
MoPH27BlWh,白色 品牌12 270 鼠标（蓝牙）,鼠标,品牌12,270,蓝牙,白色,16*10*1,126,CX73D,克里斯,收货,上架
CaTE18SlBe,米色 品牌04 1800 文件柜（滑动式）,文件柜,品牌04,1800,滑动式,米色,8*1*1,7,BN28D,艾米,收货,上架
PrPHA3InGr,灰色 品牌12 三号纸 打印机（喷墨）,打印机,品牌12,三号纸,喷墨,灰色,16*1*1,1,CF79D,艾米丽,收货,上架
KePH27MeBl,黑色 品牌12 270 键盘（机械式）,键盘,品牌12,270,机械式,黑色,16*10*1,160,DT19A,亚历克斯,收货,上架
CaTE18DoBe,米色 品牌04 1800 文件柜（带门式）,文件柜,品牌04,1800,带门式,米色,8*1*1,2,AX16F,克里斯,收货,上架
SPGi12HePi,粉色 品牌21 12 触控笔（六角形）,触控笔,品牌21,12,六角形,粉色,48*10*5,397,BX31A,艾米,收货,上架
OfXESHeBl,黑色 品牌06 小号 办公椅（头枕）,办公椅,品牌06,小号,头枕,黑色,16*1*1,4,CZ96A,艾米丽,收货,上架
LaPH15i7Bl,黑色 品牌12 15英寸 笔记本电脑（第7代处理器）,笔记本电脑,品牌12,15英寸,第7代处理器,黑色,16*1*1,16,BZ32G,劳拉,收货,上架
TaAE10WoSi,银色 品牌05 1000 桌子（工作站）,桌子,品牌05,1000,工作站,银色,8*1*1,4,AT18A,艾米丽,收货,上架
CaWE18DoGr,灰色 品牌02 1800 文件柜（带门式）,文件柜,品牌02,1800,带门式,灰色,8*1*1,2,DT33C,劳拉,收货,上架
LaRe1416Wh,白色 品牌14 14英寸 笔记本电脑（16吉字节内存）,笔记本电脑,品牌14,14英寸,16吉字节内存,白色,16*1*1,5,CK83E,简,收货,上架
KeSu45MePi,粉色 品牌11 450 键盘（机械式）,键盘,品牌11,450,机械式,粉色,16*10*1,92,BK34F,劳拉,收货,上架
LaPH1532Bl,黑色 品牌12 15英寸 笔记本电脑（32吉字节内存）,笔记本电脑,品牌12,15英寸,32吉字节内存,黑色,16*1*1,16,BP36C,迈克,收货,上架
CuWE12LoBl,黑色 品牌02 1200 储物柜（储物锁柜）,储物柜,品牌02,1200,储物锁柜,黑色,8*1*1,7,CY88B,大卫,收货,上架
AlPH178GGr,灰色 品牌12 17英寸 一体机（8吉字节内存）,一体机,品牌12,17英寸,8吉字节内存,灰色,16*1*1,9,AP59C,艾米丽,收货,上架
NoMuA5ruGr,灰色 品牌19 五号纸 笔记本（横线）,笔记本,品牌19,五号纸,横线,灰色,48*10*5,462,BF46D,大卫,收货,上架
CaTE90DoGr,灰色 品牌04 900 文件柜（带门式）,文件柜,品牌04,900,带门式,灰色,8*1*1,5,DL85H,亚历克斯,收货,上架
TVYn50SFWh,白色 品牌15 50英寸 电视机（超级全高清）,电视机,品牌15,50英寸,超级全高清,白色,8*1*1,3,AJ94G,大卫,收货,上架
TVEs754KBl,黑色 品牌32 75英寸 电视机（超高清）,电视机,品牌32,75英寸,超高清,黑色,8*1*1,4,AP60D,莎拉,收货,上架
KeHc35BlPi,粉色 品牌09 350 键盘（蓝牙）,键盘,品牌09,350,蓝牙,粉色,16*10*1,114,DT61E,克里斯,收货,上架
AlOv1732Bl,黑色 品牌13 17英寸 一体机（32吉字节内存）,一体机,品牌13,17英寸,32吉字节内存,黑色,16*1*1,16,AH93F,劳拉,收货,上架
CaTE18SlBl,黑色 品牌04 1800 文件柜（滑动式）,文件柜,品牌04,1800,滑动式,黑色,8*1*1,5,CX11F,迈克,收货,上架
DrTE12LoWh,白色 品牌04 1200 抽屉柜（储物锁柜）,抽屉柜,品牌04,1200,储物锁柜,白色,8*1*1,4,BK23A,简,收货,上架
TaTR18WoGr,灰色 品牌29 1800 桌子（工作站）,桌子,品牌29,1800,工作站,灰色,8*1*1,6,DJ72G,约翰,收货,上架
AlRe178GGr,灰色 品牌14 17英寸 一体机（8吉字节内存）,一体机,品牌14,17英寸,8吉字节内存,灰色,16*1*1,16,AL01B,艾米丽,收货,上架
TaAE15WoBl,黑色 品牌05 1500 桌子（工作站）,桌子,品牌05,1500,工作站,黑色,8*1*1,7,DU25E,亚历克斯,收货,上架
DrTE18DoBl,黑色 品牌04 1800 抽屉柜（带门式）,抽屉柜,品牌04,1800,带门式,黑色,8*1*1,6,DH79D,亚历克斯,收货,上架
NoScA4liSi,银色 品牌17 四号纸 笔记本（线条）,笔记本,品牌17,四号纸,线条,银色,48*10*5,2246,CV15C,约翰,收货,上架
AlSu148GSi,银色 品牌11 14英寸 一体机（8吉字节内存）,一体机,品牌11,14英寸,8吉字节内存,银色,16*1*1,8,CT19H,简,收货,上架
LaPH1732Wh,白色 品牌12 17英寸 笔记本电脑（32吉字节内存）,笔记本电脑,品牌12,17英寸,32吉字节内存,白色,16*1*1,16,BR74E,劳拉,收货,上架
LaRe1716Bl,黑色 品牌14 17英寸 笔记本电脑（16吉字节内存）,笔记本电脑,品牌14,17英寸,16吉字节内存,黑色,16*1*1,3,CS93A,亚历克斯,收货,上架
NoScA5doWh,白色 品牌17 五号纸 笔记本（点阵）,笔记本,品牌17,五号纸,点阵,白色,48*10*5,1523,DH96C,劳拉,收货,上架
CuWE90SlGr,灰色 品牌02 900 储物柜（滑动式）,储物柜,品牌02,900,滑动式,灰色,8*1*1,4,BS25E,艾米,收货,上架
LaSu1532Wh,白色 品牌11 15英寸 笔记本电脑（32吉字节内存）,笔记本电脑,品牌11,15英寸,32吉字节内存,白色,16*1*1,3,AV52E,迈克,收货,上架
MoRe35ErPi,粉色 品牌10 350 鼠标（人体工学）,鼠标,品牌10,350,人体工学,粉色,16*10*1,71,AZ64B,莎拉,收货,上架
TaTR15FrGr,灰色 品牌28 1500 桌子（框架式）,桌子,品牌28,1500,框架式,灰色,8*1*1,3,AU60C,大卫,收货,上架
LaYn17i7Bl,黑色 品牌15 17英寸 笔记本电脑（第7代处理器）,笔记本电脑,品牌15,17英寸,第7代处理器,黑色,16*1*1,15,BJ10G,莎拉,收货,上架
TVGn50SFWh,白色 品牌30 50英寸 电视机（超级全高清）,电视机,品牌30,50英寸,超级全高清,白色,8*1*1,4,DT27H,迈克,收货,上架
TVGL75SFSi,银色 品牌31 75英寸 电视机（超级全高清）,电视机,品牌31,75英寸,超级全高清,银色,8*1*1,1,CH82D,艾米,收货,上架
LaOv15i5Bl,黑色 品牌13 15英寸 笔记本电脑（第5代处理器）,笔记本电脑,品牌13,15英寸,第5代处理器,黑色,16*1*1,1,CX53B,艾米丽,收货,上架
GaSELLeGr,灰色 品牌08 大号 游戏椅（皮革）,游戏椅,品牌08,大号,皮革,灰色,16*1*1,13,BH23A,约翰,收货,上架
NoMuA4doSi,银色 品牌19 四号纸 笔记本（点阵）,笔记本,品牌19,四号纸,点阵,银色,48*10*5,1234,AS14G,迈克,收货,上架
OfSESErPi,粉色 品牌08 小号 办公椅（人体工学）,办公椅,品牌08,小号,人体工学,粉色,16*1*1,6,DT02H,克里斯,收货,上架
GaSELAdWh,白色 品牌08 大号 游戏椅（可调节）,游戏椅,品牌08,大号,可调节,白色,16*1*1,14,CO82C,简,收货,上架
NoGrA5liWh,白色 品牌18 五号纸 笔记本（线条）,笔记本,品牌18,五号纸,线条,白色,48*10*5,23,CT71E,迈克,收货,上架
OfOGMErWh,白色 品牌07 中号 办公椅（人体工学）,办公椅,品牌07,中号,人体工学,白色,16*1*1,6,CW04F,亚历克斯,收货,上架
PeNa12SoBl,黑色 品牌23 12 铅笔（可溶性）,铅笔,品牌23,12,可溶性,黑色,48*10*5,753,AG72A,克里斯,收货,上架
TVYn75FHBl,黑色 品牌15 75英寸 电视机（全高清）,电视机,品牌15,75英寸,全高清,黑色,8*1*1,3,DL97E,亚历克斯,收货,上架
CaTE18FiGr,灰色 品牌04 1800 文件柜（文件收纳）,文件柜,品牌04,1800,文件收纳,灰色,8*1*1,5,BP57A,艾米丽,收货,上架
AlYn14i7Bl,黑色 品牌15 14英寸 一体机（第7代处理器）,一体机,品牌15,14英寸,第7代处理器,黑色,16*1*1,11,AT44C,简,收货,上架
NoExA4doSi,银色 品牌16 四号纸 笔记本（点阵）,笔记本,品牌16,四号纸,点阵,银色,48*10*5,1076,BR56D,约翰,收货,上架
CuRG12LoBe,米色 品牌03 1200 储物柜（储物锁柜）,储物柜,品牌03,1200,储物锁柜,米色,8*1*1,1,DG05F,亚历克斯,收货,上架
AlRe15i7Bl,黑色 品牌14 15英寸 一体机（第7代处理器）,一体机,品牌14,15英寸,第7代处理器,黑色,16*1*1,3,BS64B,莎拉,收货,上架
TVGL75FHSi,银色 品牌31 75英寸 电视机（全高清）,电视机,品牌31,75英寸,全高清,银色,8*1*1,4,BJ48C,艾米,收货,上架
TaCI18WoSi,银色 品牌27 1800 桌子（工作站）,桌子,品牌27,1800,工作站,银色,8*1*1,7,DJ31E,劳拉,收货,上架
TaCI10AuBl,黑色 品牌27 1000 桌子（自动调节）,桌子,品牌27,1000,自动调节,黑色,8*1*1,6,BJ12B,莎拉,收货,上架
LaYn17i5Wh,白色 品牌15 17英寸 笔记本电脑（第5代处理器）,笔记本电脑,品牌15,17英寸,第5代处理器,白色,16*1*1,3,CT02A,约翰,收货,上架
PrSoA2MoBl,黑色 品牌25 二号纸 打印机（黑白）,打印机,品牌25,二号纸,黑白,黑色,16*1*1,12,AX87A,亚历克斯,收货,上架
MoRe35MeNa,藏青色 品牌10 350 鼠标（机械式）,鼠标,品牌10,350,机械式,藏青色,16*10*1,96,CG25B,约翰,收货,上架
DrRG90DoGr,灰色 品牌03 900 抽屉柜（带门式）,抽屉柜,品牌03,900,带门式,灰色,8*1*1,6,BY54F,迈克,收货,上架
CuTE12SlBl,黑色 品牌04 1200 储物柜（滑动式）,储物柜,品牌04,1200,滑动式,黑色,8*1*1,8,CR32A,劳拉,收货,上架
TaTR18WoWh,白色 品牌28 1800 桌子（工作站）,桌子,品牌28,1800,工作站,白色,8*1*1,2,DN52A,克里斯,收货,上架
PrPHA2InWh,白色 品牌12 二号纸 打印机（喷墨）,打印机,品牌12,二号纸,喷墨,白色,16*1*1,5,CS66B,迈克,收货,上架
AlYn17i5Si,银色 品牌15 17英寸 一体机（第5代处理器）,一体机,品牌15,17英寸,第5代处理器,银色,16*1*1,12,DR28D,大卫,收货,上架
PrReA3WiMi,混合色 品牌24 三号纸 打印机（无线网络）,打印机,品牌24,三号纸,无线网络,混合色,16*1*1,8,AY08H,莎拉,收货,上架
CuWE18DoWh,白色 品牌02 1800 储物柜（带门式）,储物柜,品牌02,1800,带门式,白色,8*1*1,8,AU74B,亚历克斯,收货,上架
SPNa12WaPi,粉色 品牌23 12 触控笔（水彩）,触控笔,品牌23,12,水彩,粉色,48*10*5,1342,CO66E,艾米,收货,上架
MoSu45BlWh,白色 品牌11 450 鼠标（蓝牙）,鼠标,品牌11,450,蓝牙,白色,16*10*1,65,BY64B,亚历克斯,收货,上架
KeSu35BlNa,藏青色 品牌11 350 键盘（蓝牙）,键盘,品牌11,350,蓝牙,藏青色,16*10*1,73,BR65G,大卫,收货,上架
GaOGMErBl,黑色 品牌07 中号 游戏椅（人体工学）,游戏椅,品牌07,中号,人体工学,黑色,16*1*1,7,DG82C,莎拉,收货,上架
NoMuA4doSi,银色 品牌19 四号纸 笔记本（点阵）,笔记本,品牌19,四号纸,点阵,银色,48*10*5,1720,BQ91D,艾米,收货,上架
NoExA3doBl,黑色 品牌16 三号纸 笔记本（点阵）,笔记本,品牌16,三号纸,点阵,黑色,48*10*5,1523,BV06A,约翰,收货,上架
CuRG12LoGr,灰色 品牌03 1200 储物柜（储物锁柜）,储物柜,品牌03,1200,储物锁柜,灰色,8*1*1,2,AO02E,简,收货,上架
KePH35WiWh,白色 品牌12 350 键盘（有线）,键盘,品牌12,350,有线,白色,16*10*1,159,BO36G,约翰,收货,上架
NoMuA5ruBl,黑色 品牌19 五号纸 笔记本（横线）,笔记本,品牌19,五号纸,横线,黑色,48*10*5,1341,DL84B,大卫,收货,上架
KePH35WiBl,黑色 品牌12 350 键盘（有线）,键盘,品牌12,350,有线,黑色,16*10*1,75,AN23A,大卫,收货,上架
KeHc27MePi,粉色 品牌09 270 键盘（机械式）,键盘,品牌09,270,机械式,粉色,16*10*1,89,BL74B,莎拉,收货,上架
AlYn1732Wh,白色 品牌15 17英寸 一体机（32吉字节内存）,一体机,品牌15,17英寸,32吉字节内存,白色,16*1*1,2,DO59B,迈克,收货,上架
LaOv14i7Si,银色 品牌13 14英寸 笔记本电脑（第7代处理器）,笔记本电脑,品牌13,14英寸,第7代处理器,银色,16*1*1,4,BV93E,大卫,收货,上架
PrReA4AlBl,黑色 品牌24 四号纸 打印机（一体式）,打印机,品牌24,四号纸,一体式,黑色,16*1*1,12,CJ60E,大卫,收货,上架
TVYn32SFWh,白色 品牌15 32英寸 电视机（超级全高清）,电视机,品牌15,32英寸,超级全高清,白色,8*1*1,2,DF36H,约翰,收货,上架
KeHc27MeWh,白色 品牌09 270 键盘（机械式）,键盘,品牌09,270,机械式,白色,16*10*1,27,AV19H,艾米,收货,上架
PrPHA3AlBl,黑色 品牌12 三号纸 打印机（一体式）,打印机,品牌12,三号纸,一体式,黑色,16*1*1,13,BM13B,艾米,收货,上架
OfOGLAdBl,黑色 品牌07 大号 办公椅（可调节）,办公椅,品牌07,大号,可调节,黑色,16*1*1,9,AL39D,艾米,收货,上架
NoExA5doBl,黑色 品牌16 五号纸 笔记本（点阵）,笔记本,品牌16,五号纸,点阵,黑色,48*10*5,1804,BQ24C,克里斯,收货,上架
NoExA4liBl,黑色 品牌16 四号纸 笔记本（线条）,笔记本,品牌16,四号纸,线条,黑色,48*10*5,2232,CI07A,亚历克斯,收货,上架
OfOGMLePi,粉色 品牌07 中号 办公椅（皮革）,办公椅,品牌07,中号,皮革,粉色,16*1*1,16,DF13E,简,收货,上架
PrPHA2AlWh,白色 品牌12 二号纸 打印机（一体式）,打印机,品牌12,二号纸,一体式,白色,16*1*1,7,BZ83B,莎拉,收货,上架
DrWE90LoBe,米色 品牌02 900 抽屉柜（储物锁柜）,抽屉柜,品牌02,900,储物锁柜,米色,8*1*1,6,DZ93G,约翰,收货,上架
TaAE15AuSi,银色 品牌05 1500 桌子（自动调节）,桌子,品牌05,1500,自动调节,银色,8*1*1,2,DW01A,莎拉,收货,上架
CuRG18SlWh,白色 品牌03 1800 储物柜（滑动式）,储物柜,品牌03,1800,滑动式,白色,8*1*1,8,AH97E,艾米,收货,上架
TaTR10WoWh,白色 品牌29 1000 桌子（工作站）,桌子,品牌29,1000,工作站,白色,8*1*1,8,DH02G,莎拉,收货,上架
LaPH15i5Wh,白色 品牌12 15英寸 笔记本电脑（第5代处理器）,笔记本电脑,品牌12,15英寸,第5代处理器,白色,16*1*1,16,DU62D,简,收货,上架
KeSu45WiNa,藏青色 品牌11 450 键盘（有线）,键盘,品牌11,450,有线,藏青色,16*10*1,74,DV36A,艾米丽,收货,上架
SPGi12WaBl,黑色 品牌21 12 触控笔（水彩）,触控笔,品牌21,12,水彩,黑色,48*10*5,1167,DX52G,亚历克斯,收货,上架
SPGi24WaBl,黑色 品牌21 24 触控笔（水彩）,触控笔,品牌21,24,水彩,黑色,48*10*5,931,BH25D,简,收货,上架
CaWE18DoWh,白色 品牌02 1800 文件柜（带门式）,文件柜,品牌02,1800,带门式,白色,8*1*1,7,CX37C,莎拉,收货,上架
KeRe45BlPi,粉色 品牌10 450 键盘（蓝牙）,键盘,品牌10,450,蓝牙,粉色,16*10*1,5,BT77A,莎拉,收货,上架
OfOGMLeBl,黑色 品牌07 中号 办公椅（皮革）,办公椅,品牌07,中号,皮革,黑色,16*1*1,11,DU46A,劳拉,收货,上架
CaQE12LoWh,白色 品牌01 1200 文件柜（储物锁柜）,文件柜,品牌01,1200,储物锁柜,白色,8*1*1,8,DX32C,迈克,收货,上架
TaAE10WoWh,白色 品牌05 1000 桌子（工作站）,桌子,品牌05,1000,工作站,白色,8*1*1,7,AS75G,克里斯,收货,上架
PeNa12WaGr,灰色 品牌23 12 铅笔（水彩）,铅笔,品牌23,12,水彩,灰色,48*10*5,100,CY38H,简,收货,上架
PeAl12SoPi,粉色 品牌20 12 铅笔（可溶性）,铅笔,品牌20,12,可溶性,粉色,48*10*5,458,BN83A,莎拉,收货,上架
OfSELAdBl,黑色 品牌08 大号 办公椅（可调节）,办公椅,品牌08,大号,可调节,黑色,16*1*1,11,AU41C,大卫,收货,上架
LaPH1716Bl,黑色 品牌12 17英寸 笔记本电脑（16吉字节内存）,笔记本电脑,品牌12,17英寸,16吉字节内存,黑色,16*1*1,10,AR95F,莎拉,收货,上架
TaTR10AuWh,白色 品牌29 1000 桌子（自动调节）,桌子,品牌29,1000,自动调节,白色,8*1*1,5,CY10D,简,收货,上架
TaCI10AuWh,白色 品牌27 1000 桌子（自动调节）,桌子,品牌27,1000,自动调节,白色,8*1*1,4,CW63E,莎拉,收货,上架
DrQE90FiBl,黑色 品牌01 900 抽屉柜（文件收纳）,抽屉柜,品牌01,900,文件收纳,黑色,8*1*1,4,AK38C,大卫,收货,上架
SPRe24WaPi,粉色 品牌22 24 触控笔（水彩）,触控笔,品牌22,24,水彩,粉色,48*10*5,1475,AW76A,迈克,收货,上架
PrPHA4MoGr,灰色 品牌12 四号纸 打印机（黑白）,打印机,品牌12,四号纸,黑白,灰色,16*1*1,10,CP43D,大卫,收货,上架
TVYn32S4Wh,白色 品牌15 32英寸 电视机（超级超高清）,电视机,品牌15,32英寸,超级超高清,白色,8*1*1,1,CK22B,迈克,收货,上架
AlRe1416Bl,黑色 品牌14 14英寸 一体机（16吉字节内存）,一体机,品牌14,14英寸,16吉字节内存,黑色,16*1*1,2,DS17H,劳拉,收货,上架
TVGL50FHSi,银色 品牌31 50英寸 电视机（全高清）,电视机,品牌31,50英寸,全高清,银色,8*1*1,5,DZ92B,艾米丽,收货,上架
LaPH1716Si,银色 品牌12 17英寸 笔记本电脑（16吉字节内存）,笔记本电脑,品牌12,17英寸,16吉字节内存,银色,16*1*1,13,DI08C,艾米,收货,上架
TVYn65SFSi,银色 品牌15 65英寸 电视机（超级全高清）,电视机,品牌15,65英寸,超级全高清,银色,8*1*1,2,BG58F,迈克,收货,上架
TVEs324KBl,黑色 品牌32 32英寸 电视机（超高清）,电视机,品牌32,32英寸,超高清,黑色,8*1*1,4,AH47D,克里斯,收货,上架
AlPH1416Bl,黑色 品牌12 14英寸 一体机（16吉字节内存）,一体机,品牌12,14英寸,16吉字节内存,黑色,16*1*1,3,DS96F,克里斯,收货,上架
LaYn148GBl,黑色 品牌15 14英寸 笔记本电脑（8吉字节内存）,笔记本电脑,品牌15,14英寸,8吉字节内存,黑色,16*1*1,6,CN22H,简,收货,上架
DrTE90LoBe,米色 品牌04 900 抽屉柜（储物锁柜）,抽屉柜,品牌04,900,储物锁柜,米色,8*1*1,2,BW87E,莎拉,收货,上架
DrTE90DoGr,灰色 品牌04 900 抽屉柜（带门式）,抽屉柜,品牌04,900,带门式,灰色,8*1*1,5,CV92E,艾米丽,收货,上架
PrReA2AlWh,白色 品牌24 二号纸 打印机（一体式）,打印机,品牌24,二号纸,一体式,白色,16*1*1,3,CT10B,约翰,收货,上架
GaXEMErBl,黑色 品牌06 中号 游戏椅（人体工学）,游戏椅,品牌06,中号,人体工学,黑色,16*1*1,6,CG37D,莎拉,收货,上架
CaWE12LoBl,黑色 品牌02 1200 文件柜（储物锁柜）,文件柜,品牌02,1200,储物锁柜,黑色,8*1*1,1,BH21H,简,收货,上架
OfXEMAdPi,粉色 品牌06 中号 办公椅（可调节）,办公椅,品牌06,中号,可调节,粉色,16*1*1,4,AU36C,艾米丽,收货,上架
DrWE90LoWh,白色 品牌02 900 抽屉柜（储物锁柜）,抽屉柜,品牌02,900,储物锁柜,白色,8*1*1,2,DV75C,莎拉,收货,上架
MoHc45ErPi,粉色 品牌09 450 鼠标（人体工学）,鼠标,品牌09,450,人体工学,粉色,16*10*1,121,BI91H,简,收货,上架
PrSoA4LaMi,混合色 品牌25 四号纸 打印机（激光）,打印机,品牌25,四号纸,激光,混合色,16*1*1,12,DM72E,迈克,收货,上架
SPAl12WaPi,粉色 品牌20 12 触控笔（水彩）,触控笔,品牌20,12,水彩,粉色,48*10*5,1545,CP61A,大卫,收货,上架
TVYn65SFWh,白色 品牌15 65英寸 电视机（超级全高清）,电视机,品牌15,65英寸,超级全高清,白色,8*1*1,7,CZ83G,劳拉,收货,上架
MoSu45BlBl,黑色 品牌11 450 鼠标（蓝牙）,鼠标,品牌11,450,蓝牙,黑色,16*10*1,131,CO76A,约翰,收货,上架
CaWE90FiGr,灰色 品牌02 900 文件柜（文件收纳）,文件柜,品牌02,900,文件收纳,灰色,8*1*1,7,DZ77C,迈克,收货,上架
AlYn14i5Gr,灰色 品牌15 14英寸 一体机（第5代处理器）,一体机,品牌15,14英寸,第5代处理器,灰色,16*1*1,3,DP36G,简,收货,上架
PeRe12SoWh,白色 品牌22 12 铅笔（可溶性）,铅笔,品牌22,12,可溶性,白色,48*10*5,730,AS90H,简,收货,上架
CaTE12SlWh,白色 品牌04 1200 文件柜（滑动式）,文件柜,品牌04,1200,滑动式,白色,8*1*1,7,BY56E,约翰,收货,上架
GaOGMErBl,黑色 品牌07 中号 游戏椅（人体工学）,游戏椅,品牌07,中号,人体工学,黑色,16*1*1,5,AR34G,亚历克斯,收货,上架
GaOGSErWh,白色 品牌07 小号 游戏椅（人体工学）,游戏椅,品牌07,小号,人体工学,白色,16*1*1,2,CZ35F,劳拉,收货,上架
GaSESAdWh,白色 品牌08 小号 游戏椅（可调节）,游戏椅,品牌08,小号,可调节,白色,16*1*1,9,CK82G,艾米,收货,上架
AlPH1516Bl,黑色 品牌12 15英寸 一体机（16吉字节内存）,一体机,品牌12,15英寸,16吉字节内存,黑色,16*1*1,4,AT70F,亚历克斯,收货,上架
GaOGLHeBl,黑色 品牌07 大号 游戏椅（头枕）,游戏椅,品牌07,大号,头枕,黑色,16*1*1,16,DZ80F,简,收货,上架
PrReA2WiBl,黑色 品牌24 二号纸 打印机（无线网络）,打印机,品牌24,二号纸,无线网络,黑色,16*1*1,2,CZ32E,艾米,收货,上架
TaCI18FrGr,灰色 品牌27 1800 桌子（框架式）,桌子,品牌27,1800,框架式,灰色,8*1*1,1,BU23H,大卫,收货,上架
TVYn42FHSi,银色 品牌15 42英寸 电视机（全高清）,电视机,品牌15,42英寸,全高清,银色,8*1*1,5,AY21G,约翰,收货,上架
DrRG90LoBe,米色 品牌03 900 抽屉柜（储物锁柜）,抽屉柜,品牌03,900,储物锁柜,米色,8*1*1,5,AU87C,简,收货,上架
PrSoA4InWh,白色 品牌25 四号纸 打印机（喷墨）,打印机,品牌25,四号纸,喷墨,白色,16*1*1,14,AU62A,迈克,收货,上架
PeGi24SoPi,粉色 品牌21 24 铅笔（可溶性）,铅笔,品牌21,24,可溶性,粉色,48*10*5,905,CU41C,大卫,收货,上架
PeRe24WaWh,白色 品牌22 24 铅笔（水彩）,铅笔,品牌22,24,水彩,白色,48*10*5,1780,BG05E,亚历克斯,收货,上架
SPGi12WaPi,粉色 品牌21 12 触控笔（水彩）,触控笔,品牌21,12,水彩,粉色,48*10*5,672,AW09B,莎拉,收货,上架
GaXEMAdGr,灰色 品牌06 中号 游戏椅（可调节）,游戏椅,品牌06,中号,可调节,灰色,16*1*1,12,CH12G,大卫,收货,上架
TVYn32S4Si,银色 品牌15 32英寸 电视机（超级超高清）,电视机,品牌15,32英寸,超级超高清,银色,8*1*1,2,AH44C,亚历克斯,收货,上架
LaRe14i7Si,银色 品牌14 14英寸 笔记本电脑（第7代处理器）,笔记本电脑,品牌14,14英寸,第7代处理器,银色,16*1*1,3,AF16B,大卫,收货,上架
MoSu45WiWh,白色 品牌11 450 鼠标（有线）,鼠标,品牌11,450,有线,白色,16*10*1,102,AN91A,莎拉,收货,上架
DrWE90FiGr,灰色 品牌02 900 抽屉柜（文件收纳）,抽屉柜,品牌02,900,文件收纳,灰色,8*1*1,4,DW97F,艾米丽,收货,上架
TVEs42SFWh,白色 品牌32 42英寸 电视机（超级全高清）,电视机,品牌32,42英寸,超级全高清,白色,8*1*1,7,CV21H,莎拉,收货,上架
CaWE12SlGr,灰色 品牌02 1200 文件柜（滑动式）,文件柜,品牌02,1200,滑动式,灰色,8*1*1,7,BW41C,莎拉,收货,上架
PeRe24WaPi,粉色 品牌22 24 铅笔（水彩）,铅笔,品牌22,24,水彩,粉色,48*10*5,2054,AY80G,艾米丽,收货,上架
NoGrA3liBl,黑色 品牌18 三号纸 笔记本（线条）,笔记本,品牌18,三号纸,线条,黑色,48*10*5,252,BL05B,艾米,收货,上架
MoRe45WiWh,白色 品牌10 450 鼠标（有线）,鼠标,品牌10,450,有线,白色,16*10*1,85,DT77G,大卫,收货,上架
AlSu178GBl,黑色 品牌11 17英寸 一体机（8吉字节内存）,一体机,品牌11,17英寸,8吉字节内存,黑色,16*1*1,14,AP82H,大卫,收货,上架
AlRe14i7Gr,灰色 品牌14 14英寸 一体机（第7代处理器）,一体机,品牌14,14英寸,第7代处理器,灰色,16*1*1,1,DF09E,艾米,收货,上架
PrNoA2InWh,白色 品牌26 二号纸 打印机（喷墨）,打印机,品牌26,二号纸,喷墨,白色,16*1*1,14,CH03G,简,收货,上架
DrWE18DoGr,灰色 品牌02 1800 抽屉柜（带门式）,抽屉柜,品牌02,1800,带门式,灰色,8*1*1,2,DF66D,劳拉,收货,上架
LaYn1532Gr,灰色 品牌15 15英寸 笔记本电脑（32吉字节内存）,笔记本电脑,品牌15,15英寸,32吉字节内存,灰色,16*1*1,12,DY13G,迈克,收货,上架
TaTR10AuGr,灰色 品牌29 1000 桌子（自动调节）,桌子,品牌29,1000,自动调节,灰色,8*1*1,8,DQ82E,克里斯,收货,上架
AlOv14i5Bl,黑色 品牌13 14英寸 一体机（第5代处理器）,一体机,品牌13,14英寸,第5代处理器,黑色,16*1*1,5,BQ87D,莎拉,收货,上架
GaAEMErWh,白色 品牌05 中号 游戏椅（人体工学）,游戏椅,品牌05,中号,人体工学,白色,16*1*1,6,BV43C,迈克,收货,上架
KeRe27ErNa,藏青色 品牌10 270 键盘（人体工学）,键盘,品牌10,270,人体工学,藏青色,16*10*1,58,CX80C,约翰,收货,上架
GaXEMLeGr,灰色 品牌06 中号 游戏椅（皮革）,游戏椅,品牌06,中号,皮革,灰色,16*1*1,14,BZ15H,简,收货,上架
AlPH178GSi,银色 品牌12 17英寸 一体机（8吉字节内存）,一体机,品牌12,17英寸,8吉字节内存,银色,16*1*1,16,AX95E,艾米丽,收货,上架
TaCI15AuGr,灰色 品牌27 1500 桌子（自动调节）,桌子,品牌27,1500,自动调节,灰色,8*1*1,5,AI28G,劳拉,收货,上架
AlOv17i5Wh,白色 品牌13 17英寸 一体机（第5代处理器）,一体机,品牌13,17英寸,第5代处理器,白色,16*1*1,5,AV67C,约翰,收货,上架
LaSu15i5Gr,灰色 品牌11 15英寸 笔记本电脑（第5代处理器）,笔记本电脑,品牌11,15英寸,第5代处理器,灰色,16*1*1,11,AO07B,莎拉,收货,上架
OfSESAdPi,粉色 品牌08 小号 办公椅（可调节）,办公椅,品牌08,小号,可调节,粉色,16*1*1,7,BR34G,约翰,收货,上架
PrNoA4WiMi,混合色 品牌26 四号纸 打印机（无线网络）,打印机,品牌26,四号纸,无线网络,混合色,16*1*1,2,AW26F,艾米丽,收货,上架
LaRe17i7Bl,黑色 品牌14 17英寸 笔记本电脑（第7代处理器）,笔记本电脑,品牌14,17英寸,第7代处理器,黑色,16*1*1,9,AN17E,迈克,收货,上架
LaPH1716Bl,黑色 品牌12 17英寸 笔记本电脑（16吉字节内存）,笔记本电脑,品牌12,17英寸,16吉字节内存,黑色,16*1*1,10,AU79G,迈克,收货,上架
GaAELErBl,黑色 品牌05 大号 游戏椅（人体工学）,游戏椅,品牌05,大号,人体工学,黑色,16*1*1,5,BT11C,艾米,收货,上架
LaRe17i7Wh,白色 品牌14 17英寸 笔记本电脑（第7代处理器）,笔记本电脑,品牌14,17英寸,第7代处理器,白色,16*1*1,3,AW36C,莎拉,收货,上架
NoExA4ruSi,银色 品牌16 四号纸 笔记本（横线）,笔记本,品牌16,四号纸,横线,银色,48*10*5,1723,CU28F,亚历克斯,收货,上架
TVEs32S4Gr,灰色 品牌32 32英寸 电视机（超级超高清）,电视机,品牌32,32英寸,超级超高清,灰色,8*1*1,8,AJ64C,劳拉,收货,上架
AlYn15i5Bl,黑色 品牌15 15英寸 一体机（第5代处理器）,一体机,品牌15,15英寸,第5代处理器,黑色,16*1*1,5,BJ56H,劳拉,收货,上架
PeRe50WaGr,灰色 品牌22 50 铅笔（水彩）,铅笔,品牌22,50,水彩,灰色,48*10*5,2338,BP08C,大卫,收货,上架
TaAE15AuWh,白色 品牌05 1500 桌子（自动调节）,桌子,品牌05,1500,自动调节,白色,8*1*1,1,DF07C,克里斯,收货,上架
SPAl12WaBl,黑色 品牌20 12 触控笔（水彩）,触控笔,品牌20,12,水彩,黑色,48*10*5,1473,DT65B,亚历克斯,收货,上架
PeAl24HePi,粉色 品牌20 24 铅笔（六角形）,铅笔,品牌20,24,六角形,粉色,48*10*5,813,CT42F,约翰,收货,上架
DrRG18SlBl,黑色 品牌03 1800 抽屉柜（滑动式）,抽屉柜,品牌03,1800,滑动式,黑色,8*1*1,5,CW21C,艾米丽,收货,上架
KeRe35MeNa,藏青色 品牌10 350 键盘（机械式）,键盘,品牌10,350,机械式,藏青色,16*10*1,20,AO89F,艾米丽,收货,上架
MoRe45WiPi,粉色 品牌10 450 鼠标（有线）,鼠标,品牌10,450,有线,粉色,16*10*1,69,CR64C,劳拉,收货,上架
LaYn14i5Bl,黑色 品牌15 14英寸 笔记本电脑（第5代处理器）,笔记本电脑,品牌15,14英寸,第5代处理器,黑色,16*1*1,2,CY02F,大卫,收货,上架
LaPH1732Si,银色 品牌12 17英寸 笔记本电脑（32吉字节内存）,笔记本电脑,品牌12,17英寸,32吉字节内存,银色,16*1*1,15,BQ56G,大卫,收货,上架
KePH27WiBl,黑色 品牌12 270 键盘（有线）,键盘,品牌12,270,有线,黑色,16*10*1,80,CS96E,迈克,收货,上架
CuRG12SlWh,白色 品牌03 1200 储物柜（滑动式）,储物柜,品牌03,1200,滑动式,白色,8*1*1,6,CF80F,简,收货,上架
PrReA4InBl,黑色 品牌24 四号纸 打印机（喷墨）,打印机,品牌24,四号纸,喷墨,黑色,16*1*1,13,DW68G,约翰,收货,上架
CaRG90FiBe,米色 品牌03 900 文件柜（文件收纳）,文件柜,品牌03,900,文件收纳,米色,8*1*1,6,CG44F,艾米丽,收货,上架
PrNoA3LaWh,白色 品牌26 三号纸 打印机（激光）,打印机,品牌26,三号纸,激光,白色,16*1*1,5,DU19D,艾米,收货,上架
OfOGLLePi,粉色 品牌07 大号 办公椅（皮革）,办公椅,品牌07,大号,皮革,粉色,16*1*1,10,DO64G,简,收货,上架
KeHc27WiNa,藏青色 品牌09 270 键盘（有线）,键盘,品牌09,270,有线,藏青色,16*10*1,67,BN54H,艾米,收货,上架
OfOGMAdPi,粉色 品牌07 中号 办公椅（可调节）,办公椅,品牌07,中号,可调节,粉色,16*1*1,8,AX97D,亚历克斯,收货,上架
PeNa50WaBl,黑色 品牌23 50 铅笔（水彩）,铅笔,品牌23,50,水彩,黑色,48*10*5,956,AZ53B,艾米,收货,上架
PrSoA3LaWh,白色 品牌25 三号纸 打印机（激光）,打印机,品牌25,三号纸,激光,白色,16*1*1,3,BH69D,劳拉,收货,上架
DrQE12SlBe,米色 品牌01 1200 抽屉柜（滑动式）,抽屉柜,品牌01,1200,滑动式,米色,8*1*1,3,BP95E,艾米丽,收货,上架
CaTE90SlBe,米色 品牌04 900 文件柜（滑动式）,文件柜,品牌04,900,滑动式,米色,8*1*1,5,CQ16F,简,收货,上架
KeRe45WiBl,黑色 品牌10 450 键盘（有线）,键盘,品牌10,450,有线,黑色,16*10*1,16,DX94B,迈克,收货,上架
MoSu35MeWh,白色 品牌11 350 鼠标（机械式）,鼠标,品牌11,350,机械式,白色,16*10*1,71,BG30A,劳拉,收货,上架
OfOGMLePi,粉色 品牌07 中号 办公椅（皮革）,办公椅,品牌07,中号,皮革,粉色,16*1*1,1,DL13F,艾米丽,收货,上架
CaTE18SlBl,黑色 品牌04 1800 文件柜（滑动式）,文件柜,品牌04,1800,滑动式,黑色,8*1*1,5,BJ87A,简,收货,上架
OfXESLeGr,灰色 品牌06 小号 办公椅（皮革）,办公椅,品牌06,小号,皮革,灰色,16*1*1,4,BQ79F,克里斯,收货,上架
NoExA4ruWh,白色 品牌16 四号纸 笔记本（横线）,笔记本,品牌16,四号纸,横线,白色,48*10*5,1963,AM22E,莎拉,收货,上架
KeHc45WiBl,黑色 品牌09 450 键盘（有线）,键盘,品牌09,450,有线,黑色,16*10*1,64,BF60A,简,收货,上架
GaAEMLePi,粉色 品牌05 中号 游戏椅（皮革）,游戏椅,品牌05,中号,皮革,粉色,16*1*1,10,AU39E,迈克,收货,上架
CaRG12SlBl,黑色 品牌03 1200 文件柜（滑动式）,文件柜,品牌03,1200,滑动式,黑色,8*1*1,8,DV75D,莎拉,收货,上架
LaYn15i5Gr,灰色 品牌15 15英寸 笔记本电脑（第5代处理器）,笔记本电脑,品牌15,15英寸,第5代处理器,灰色,16*1*1,3,DZ55A,约翰,收货,上架
LaOv17i7Wh,白色 品牌13 17英寸 笔记本电脑（第7代处理器）,笔记本电脑,品牌13,17英寸,第7代处理器,白色,16*1*1,9,DQ08H,艾米,收货,上架
AlSu1516Gr,灰色 品牌11 15英寸 一体机（16吉字节内存）,一体机,品牌11,15英寸,16吉字节内存,灰色,16*1*1,7,DS36F,亚历克斯,收货,上架
DrRG12DoBl,黑色 品牌03 1200 抽屉柜（带门式）,抽屉柜,品牌03,1200,带门式,黑色,8*1*1,4,CO60A,亚历克斯,收货,上架
CuTE12SlGr,灰色 品牌04 1200 储物柜（滑动式）,储物柜,品牌04,1200,滑动式,灰色,8*1*1,3,CR32A,亚历克斯,收货,上架
CuWE12LoWh,白色 品牌02 1200 储物柜（储物锁柜）,储物柜,品牌02,1200,储物锁柜,白色,8*1*1,8,AH15C,迈克,收货,上架
MoSu45WiPi,粉色 品牌11 450 鼠标（有线）,鼠标,品牌11,450,有线,粉色,16*10*1,37,BY73B,艾米丽,收货,上架
SPGi50HeGr,灰色 品牌21 50 触控笔（六角形）,触控笔,品牌21,50,六角形,灰色,48*10*5,630,DF26D,大卫,收货,上架
AlOv17i5Gr,灰色 品牌13 17英寸 一体机（第5代处理器）,一体机,品牌13,17英寸,第5代处理器,灰色,16*1*1,7,CV47C,迈克,收货,上架
DrQE90DoGr,灰色 品牌01 900 抽屉柜（带门式）,抽屉柜,品牌01,900,带门式,灰色,8*1*1,4,DF84D,莎拉,收货,上架
CaQE12LoWh,白色 品牌01 1200 文件柜（储物锁柜）,文件柜,品牌01,1200,储物锁柜,白色,8*1*1,7,CN68B,艾米丽,收货,上架
KeSu35MePi,粉色 品牌11 350 键盘（机械式）,键盘,品牌11,350,机械式,粉色,16*10*1,53,DO21C,大卫,收货,上架
DrWE90FiWh,白色 品牌02 900 抽屉柜（文件收纳）,抽屉柜,品牌02,900,文件收纳,白色,8*1*1,4,BV28H,艾米丽,收货,上架
GaOGSErWh,白色 品牌07 小号 游戏椅（人体工学）,游戏椅,品牌07,小号,人体工学,白色,16*1*1,13,CR10F,艾米丽,收货,上架
CaQE12DoWh,白色 品牌01 1200 文件柜（带门式）,文件柜,品牌01,1200,带门式,白色,8*1*1,5,BQ80B,艾米丽,收货,上架
AlOv14i5Si,银色 品牌13 14英寸 一体机（第5代处理器）,一体机,品牌13,14英寸,第5代处理器,银色,16*1*1,14,CG53E,莎拉,收货,上架
PeAl50HeGr,灰色 品牌20 50 铅笔（六角形）,铅笔,品牌20,50,六角形,灰色,48*10*5,368,BS03A,克里斯,收货,上架
SPAl24HeBl,黑色 品牌20 24 触控笔（六角形）,触控笔,品牌20,24,六角形,黑色,48*10*5,1582,AF10B,克里斯,收货,上架
TVYn65FHSi,银色 品牌15 65英寸 电视机（全高清）,电视机,品牌15,65英寸,全高清,银色,8*1*1,3,BU20H,迈克,收货,上架
CuTE18SlBl,黑色 品牌04 1800 储物柜（滑动式）,储物柜,品牌04,1800,滑动式,黑色,8*1*1,7,AY56D,迈克,收货,上架
TVYn42FHWh,白色 品牌15 42英寸 电视机（全高清）,电视机,品牌15,42英寸,全高清,白色,8*1*1,1,BU36E,艾米丽,收货,上架
MoHc27ErNa,藏青色 品牌09 270 鼠标（人体工学）,鼠标,品牌09,270,人体工学,藏青色,16*10*1,66,AF45E,莎拉,收货,上架
LaSu14i5Gr,灰色 品牌11 14英寸 笔记本电脑（第5代处理器）,笔记本电脑,品牌11,14英寸,第5代处理器,灰色,16*1*1,1,AI44A,艾米,收货,上架
SPAl50HeWh,白色 品牌20 50 触控笔（六角形）,触控笔,品牌20,50,六角形,白色,48*10*5,2183,BG30C,大卫,收货,上架
OfOGLAdBl,黑色 品牌07 大号 办公椅（可调节）,办公椅,品牌07,大号,可调节,黑色,16*1*1,10,BV61A,劳拉,收货,上架
CuTE18SlWh,白色 品牌04 1800 储物柜（滑动式）,储物柜,品牌04,1800,滑动式,白色,8*1*1,5,DW84C,简,收货,上架
PrNoA2InMi,混合色 品牌26 二号纸 打印机（喷墨）,打印机,品牌26,二号纸,喷墨,混合色,16*1*1,15,AO37G,克里斯,收货,上架
GaOGLErGr,灰色 品牌07 大号 游戏椅（人体工学）,游戏椅,品牌07,大号,人体工学,灰色,16*1*1,14,BV29D,迈克,收货,上架
SPAl24SoGr,灰色 品牌20 24 触控笔（可溶性）,触控笔,品牌20,24,可溶性,灰色,48*10*5,1060,DO35B,亚历克斯,收货,上架
LaSu158GBl,黑色 品牌11 15英寸 笔记本电脑（8吉字节内存）,笔记本电脑,品牌11,15英寸,8吉字节内存,黑色,16*1*1,4,DL73E,迈克,收货,上架
PrSoA4MoMi,混合色 品牌25 四号纸 打印机（黑白）,打印机,品牌25,四号纸,黑白,混合色,16*1*1,16,AJ32A,劳拉,收货,上架
SPGi50WaGr,灰色 品牌21 50 触控笔（水彩）,触控笔,品牌21,50,水彩,灰色,48*10*5,68,CY86G,约翰,收货,上架
PrReA3MoGr,灰色 品牌24 三号纸 打印机（黑白）,打印机,品牌24,三号纸,黑白,灰色,16*1*1,6,BP18G,莎拉,收货,上架
AlRe1516Gr,灰色 品牌14 15英寸 一体机（16吉字节内存）,一体机,品牌14,15英寸,16吉字节内存,灰色,16*1*1,3,BV96E,劳拉,收货,上架
AlOv15i7Bl,黑色 品牌13 15英寸 一体机（第7代处理器）,一体机,品牌13,15英寸,第7代处理器,黑色,16*1*1,3,AM72F,莎拉,收货,上架
TaAE15AuWh,白色 品牌05 1500 桌子（自动调节）,桌子,品牌05,1500,自动调节,白色,8*1*1,3,BX24C,迈克,收货,上架
AlYn1432Wh,白色 品牌15 14英寸 一体机（32吉字节内存）,一体机,品牌15,14英寸,32吉字节内存,白色,16*1*1,10,BZ97D,劳拉,收货,上架
AlYn15i5Wh,白色 品牌15 15英寸 一体机（第5代处理器）,一体机,品牌15,15英寸,第5代处理器,白色,16*1*1,5,DV34G,约翰,收货,上架
TVGn75FHWh,白色 品牌30 75英寸 电视机（全高清）,电视机,品牌30,75英寸,全高清,白色,8*1*1,5,AS49B,约翰,收货,上架
MoRe35BlWh,白色 品牌10 350 鼠标（蓝牙）,鼠标,品牌10,350,蓝牙,白色,16*10*1,21,BP28A,迈克,收货,上架
OfOGLErGr,灰色 品牌07 大号 办公椅（人体工学）,办公椅,品牌07,大号,人体工学,灰色,16*1*1,10,DJ22H,克里斯,收货,上架
LaYn1716Wh,白色 品牌15 17英寸 笔记本电脑（16吉字节内存）,笔记本电脑,品牌15,17英寸,16吉字节内存,白色,16*1*1,14,DJ32A,艾米,收货,上架
PeAl24SoPi,粉色 品牌20 24 铅笔（可溶性）,铅笔,品牌20,24,可溶性,粉色,48*10*5,225,CK34A,约翰,收货,上架
TaCI10AdWh,白色 品牌27 1000 桌子（可调节）,桌子,品牌27,1000,可调节,白色,8*1*1,8,DK54G,迈克,收货,上架
NoGrA3doGr,灰色 品牌18 三号纸 笔记本（点阵）,笔记本,品牌18,三号纸,点阵,灰色,48*10*5,1812,AN40F,莎拉,收货,上架
AlPH14i5Wh,白色 品牌12 14英寸 一体机（第5代处理器）,一体机,品牌12,14英寸,第5代处理器,白色,16*1*1,16,BU58C,劳拉,收货,上架
TVEs42SFGr,灰色 品牌32 42英寸 电视机（超级全高清）,电视机,品牌32,42英寸,超级全高清,灰色,8*1*1,7,AJ19F,劳拉,收货,上架
NoScA5ruWh,白色 品牌17 五号纸 笔记本（横线）,笔记本,品牌17,五号纸,横线,白色,48*10*5,972,CL95F,艾米,收货,上架
CaRG18LoWh,白色 品牌03 1800 文件柜（储物锁柜）,文件柜,品牌03,1800,储物锁柜,白色,8*1*1,5,AT90E,约翰,收货,上架
LaYn15i7Wh,白色 品牌15 15英寸 笔记本电脑（第7代处理器）,笔记本电脑,品牌15,15英寸,第7代处理器,白色,16*1*1,1,BP78E,艾米,收货,上架
NoMuA3doWh,白色 品牌19 三号纸 笔记本（点阵）,笔记本,品牌19,三号纸,点阵,白色,48*10*5,2281,BI95G,迈克,收货,上架
AlOv1716Bl,黑色 品牌13 17英寸 一体机（16吉字节内存）,一体机,品牌13,17英寸,16吉字节内存,黑色,16*1*1,13,BM30F,艾米丽,收货,上架
SPAl12HeWh,白色 品牌20 12 触控笔（六角形）,触控笔,品牌20,12,六角形,白色,48*10*5,593,BP67G,劳拉,收货,上架
PrReA3LaWh,白色 品牌24 三号纸 打印机（激光）,打印机,品牌24,三号纸,激光,白色,16*1*1,1,AV08B,迈克,收货,上架
TVYn65FHSi,银色 品牌15 65英寸 电视机（全高清）,电视机,品牌15,65英寸,全高清,银色,8*1*1,2,BL33H,约翰,收货,上架
PeGi50HePi,粉色 品牌21 50 铅笔（六角形）,铅笔,品牌21,50,六角形,粉色,48*10*5,2184,CF34D,简,收货,上架
NoGrA3ruGr,灰色 品牌18 三号纸 笔记本（横线）,笔记本,品牌18,三号纸,横线,灰色,48*10*5,493,DW32A,莎拉,收货,上架
KeHc45MeNa,藏青色 品牌09 450 键盘（机械式）,键盘,品牌09,450,机械式,藏青色,16*10*1,62,CM08C,大卫,收货,上架
LaYn15i7Si,银色 品牌15 15英寸 笔记本电脑（第7代处理器）,笔记本电脑,品牌15,15英寸,第7代处理器,银色,16*1*1,14,CV46C,约翰,收货,上架
TaTR10WoGr,灰色 品牌29 1000 桌子（工作站）,桌子,品牌29,1000,工作站,灰色,8*1*1,7,CS64A,克里斯,收货,上架
TVEs75FHGr,灰色 品牌32 75英寸 电视机（全高清）,电视机,品牌32,75英寸,全高清,灰色,8*1*1,2,CZ08G,艾米,收货,上架
TVYn42SFGr,灰色 品牌15 42英寸 电视机（超级全高清）,电视机,品牌15,42英寸,超级全高清,灰色,8*1*1,3,DM40D,亚历克斯,收货,上架
NoExA4liSi,银色 品牌16 四号纸 笔记本（线条）,笔记本,品牌16,四号纸,线条,银色,48*10*5,1938,CT31B,迈克,收货,上架
AlPH17i5Gr,灰色 品牌12 17英寸 一体机（第5代处理器）,一体机,品牌12,17英寸,第5代处理器,灰色,16*1*1,1,AY20H,迈克,收货,上架
TVGn504KBl,黑色 品牌30 50英寸 电视机（超高清）,电视机,品牌30,50英寸,超高清,黑色,8*1*1,7,AG09E,劳拉,收货,上架
LaOv14i7Bl,黑色 品牌13 14英寸 笔记本电脑（第7代处理器）,笔记本电脑,品牌13,14英寸,第7代处理器,黑色,16*1*1,8,DH54D,艾米丽,收货,上架
LaPH1716Bl,黑色 品牌12 17英寸 笔记本电脑（16吉字节内存）,笔记本电脑,品牌12,17英寸,16吉字节内存,黑色,16*1*1,7,DP28C,简,收货,上架
TaAE10AuBl,黑色 品牌05 1000 桌子（自动调节）,桌子,品牌05,1000,自动调节,黑色,8*1*1,4,BI59B,迈克,收货,上架
LaPH1416Gr,灰色 品牌12 14英寸 笔记本电脑（16吉字节内存）,笔记本电脑,品牌12,14英寸,16吉字节内存,灰色,16*1*1,12,CP60H,艾米,收货,上架
OfAESAdGr,灰色 品牌05 小号 办公椅（可调节）,办公椅,品牌05,小号,可调节,灰色,16*1*1,9,AQ04F,莎拉,收货,上架
GaSESErBl,黑色 品牌08 小号 游戏椅（人体工学）,游戏椅,品牌08,小号,人体工学,黑色,16*1*1,7,BO42A,亚历克斯,收货,上架
OfAELHeWh,白色 品牌05 大号 办公椅（头枕）,办公椅,品牌05,大号,头枕,白色,16*1*1,13,AU24F,大卫,收货,上架
MoSu45BlWh,白色 品牌11 450 鼠标（蓝牙）,鼠标,品牌11,450,蓝牙,白色,16*10*1,46,CG05G,大卫,收货,上架
PrPHA2WiWh,白色 品牌12 二号纸 打印机（无线网络）,打印机,品牌12,二号纸,无线网络,白色,16*1*1,1,CP33E,莎拉,收货,上架
NoExA4doWh,白色 品牌16 四号纸 笔记本（点阵）,笔记本,品牌16,四号纸,点阵,白色,48*10*5,1582,BZ81H,简,收货,上架
SPAl24HeBl,黑色 品牌20 24 触控笔（六角形）,触控笔,品牌20,24,六角形,黑色,48*10*5,1639,BY95C,简,收货,上架
LaPH14i7Gr,灰色 品牌12 14英寸 笔记本电脑（第7代处理器）,笔记本电脑,品牌12,14英寸,第7代处理器,灰色,16*1*1,16,BU56A,艾米,收货,上架
KePH45MeNa,藏青色 品牌12 450 键盘（机械式）,键盘,品牌12,450,机械式,藏青色,16*10*1,7,DP35D,艾米,收货,上架
AlRe15i7Bl,黑色 品牌14 15英寸 一体机（第7代处理器）,一体机,品牌14,15英寸,第7代处理器,黑色,16*1*1,11,DX78C,约翰,收货,上架
TVGL50S4Bl,黑色 品牌31 50英寸 电视机（超级超高清）,电视机,品牌31,50英寸,超级超高清,黑色,8*1*1,7,AY88D,大卫,收货,上架
TaTR18FrSi,银色 品牌29 1800 桌子（框架式）,桌子,品牌29,1800,框架式,银色,8*1*1,3,CF16F,莎拉,收货,上架
GaXESAdPi,粉色 品牌06 小号 游戏椅（可调节）,游戏椅,品牌06,小号,可调节,粉色,16*1*1,14,CT57A,艾米丽,收货,上架
CaQE18FiBe,米色 品牌01 1800 文件柜（文件收纳）,文件柜,品牌01,1800,文件收纳,米色,8*1*1,5,AL18D,迈克,收货,上架
PrSoA3InWh,白色 品牌25 三号纸 打印机（喷墨）,打印机,品牌25,三号纸,喷墨,白色,16*1*1,12,BL04H,迈克,收货,上架
OfXELAdWh,白色 品牌06 大号 办公椅（可调节）,办公椅,品牌06,大号,可调节,白色,16*1*1,5,BF91D,亚历克斯,收货,上架
CaQE90FiBe,米色 品牌01 900 文件柜（文件收纳）,文件柜,品牌01,900,文件收纳,米色,8*1*1,5,DF51E,艾米,收货,上架
TVGn32SFSi,银色 品牌30 32英寸 电视机（超级全高清）,电视机,品牌30,32英寸,超级全高清,银色,8*1*1,2,DW95B,艾米丽,收货,上架
AlSu14i7Si,银色 品牌11 14英寸 一体机（第7代处理器）,一体机,品牌11,14英寸,第7代处理器,银色,16*1*1,11,BW53E,简,收货,上架
AlYn17i7Wh,白色 品牌15 17英寸 一体机（第7代处理器）,一体机,品牌15,17英寸,第7代处理器,白色,16*1*1,3,BU08A,迈克,收货,上架
LaOv17i5Si,银色 品牌13 17英寸 笔记本电脑（第5代处理器）,笔记本电脑,品牌13,17英寸,第5代处理器,银色,16*1*1,13,DX86F,劳拉,收货,上架
PeAl24SoBl,黑色 品牌20 24 铅笔（可溶性）,铅笔,品牌20,24,可溶性,黑色,48*10*5,998,BR45B,艾米丽,收货,上架
AlRe14i5Bl,黑色 品牌14 14英寸 一体机（第5代处理器）,一体机,品牌14,14英寸,第5代处理器,黑色,16*1*1,2,AI10G,约翰,收货,上架
TVEs32S4Bl,黑色 品牌32 32英寸 电视机（超级超高清）,电视机,品牌32,32英寸,超级超高清,黑色,8*1*1,7,AH07F,亚历克斯,收货,上架
NoMuA3doGr,灰色 品牌19 三号纸 笔记本（点阵）,笔记本,品牌19,三号纸,点阵,灰色,48*10*5,932,CU61H,亚历克斯,收货,上架
LaOv1432Bl,黑色 品牌13 14英寸 笔记本电脑（32吉字节内存）,笔记本电脑,品牌13,14英寸,32吉字节内存,黑色,16*1*1,1,DG67F,迈克,收货,上架
LaOv1716Si,银色 品牌13 17英寸 笔记本电脑（16吉字节内存）,笔记本电脑,品牌13,17英寸,16吉字节内存,银色,16*1*1,5,BY59C,亚历克斯,收货,上架
PeNa24SoPi,粉色 品牌23 24 铅笔（可溶性）,铅笔,品牌23,24,可溶性,粉色,48*10*5,1730,CX96H,艾米丽,收货,上架
GaXELErPi,粉色 品牌06 大号 游戏椅（人体工学）,游戏椅,品牌06,大号,人体工学,粉色,16*1*1,7,CF30H,艾米丽,收货,上架
PeNa24WaBl,黑色 品牌23 24 铅笔（水彩）,铅笔,品牌23,24,水彩,黑色,48*10*5,754,DX02C,约翰,收货,上架
OfAEMLePi,粉色 品牌05 中号 办公椅（皮革）,办公椅,品牌05,中号,皮革,粉色,16*1*1,8,AM58D,亚历克斯,收货,上架
SPNa50WaWh,白色 品牌23 50 触控笔（水彩）,触控笔,品牌23,50,水彩,白色,48*10*5,2372,DP63B,亚历克斯,收货,上架
TaCI15AdGr,灰色 品牌27 1500 桌子（可调节）,桌子,品牌27,1500,可调节,灰色,8*1*1,7,AM28F,艾米,收货,上架
AlYn1516Wh,白色 品牌15 15英寸 一体机（16吉字节内存）,一体机,品牌15,15英寸,16吉字节内存,白色,16*1*1,15,BH09D,克里斯,收货,上架
TaTR18AdSi,银色 品牌28 1800 桌子（可调节）,桌子,品牌28,1800,可调节,银色,8*1*1,3,AU21E,大卫,收货,上架
AlRe1532Gr,灰色 品牌14 15英寸 一体机（32吉字节内存）,一体机,品牌14,15英寸,32吉字节内存,灰色,16*1*1,5,CL94G,迈克,收货,上架
CuQE12FiBe,米色 品牌01 1200 储物柜（文件收纳）,储物柜,品牌01,1200,文件收纳,米色,8*1*1,5,CQ72C,艾米丽,收货,上架
MoPH35BlNa,藏青色 品牌12 350 鼠标（蓝牙）,鼠标,品牌12,350,蓝牙,藏青色,16*10*1,131,AX46A,艾米,收货,上架
AlSu1516Wh,白色 品牌11 15英寸 一体机（16吉字节内存）,一体机,品牌11,15英寸,16吉字节内存,白色,16*1*1,7,CW17H,亚历克斯,收货,上架
MoPH45ErBl,黑色 品牌12 450 鼠标（人体工学）,鼠标,品牌12,450,人体工学,黑色,16*10*1,51,DW16C,简,收货,上架
CuRG12FiBl,黑色 品牌03 1200 储物柜（文件收纳）,储物柜,品牌03,1200,文件收纳,黑色,8*1*1,2,CZ47H,简,收货,上架
GaOGSErPi,粉色 品牌07 小号 游戏椅（人体工学）,游戏椅,品牌07,小号,人体工学,粉色,16*1*1,6,BO35D,莎拉,收货,上架
AlSu17i5Gr,灰色 品牌11 17英寸 一体机（第5代处理器）,一体机,品牌11,17英寸,第5代处理器,灰色,16*1*1,11,DN32H,克里斯,收货,上架
TVYn654KWh,白色 品牌15 65英寸 电视机（超高清）,电视机,品牌15,65英寸,超高清,白色,8*1*1,5,DR92H,艾米,收货,上架
AlPH14i7Si,银色 品牌12 14英寸 一体机（第7代处理器）,一体机,品牌12,14英寸,第7代处理器,银色,16*1*1,2,CT56C,迈克,收货,上架
MoRe27WiNa,藏青色 品牌10 270 鼠标（有线）,鼠标,品牌10,270,有线,藏青色,16*10*1,32,BS27D,艾米,收货,上架
TVEs32SFGr,灰色 品牌32 32英寸 电视机（超级全高清）,电视机,品牌32,32英寸,超级全高清,灰色,8*1*1,3,DO84H,约翰,收货,上架
MoHc27WiBl,黑色 品牌09 270 鼠标（有线）,鼠标,品牌09,270,有线,黑色,16*10*1,68,BG28A,大卫,收货,上架
TVYn654KSi,银色 品牌15 65英寸 电视机（超高清）,电视机,品牌15,65英寸,超高清,银色,8*1*1,5,BY83H,艾米,收货,上架
GaAELAdGr,灰色 品牌05 大号 游戏椅（可调节）,游戏椅,品牌05,大号,可调节,灰色,16*1*1,9,CR11A,克里斯,收货,上架
NoExA3ruWh,白色 品牌16 三号纸 笔记本（横线）,笔记本,品牌16,三号纸,横线,白色,48*10*5,223,AX38C,约翰,收货,上架
LaYn158GSi,银色 品牌15 15英寸 笔记本电脑（8吉字节内存）,笔记本电脑,品牌15,15英寸,8吉字节内存,银色,16*1*1,11,DT87A,迈克,收货,上架
LaRe1716Wh,白色 品牌14 17英寸 笔记本电脑（16吉字节内存）,笔记本电脑,品牌14,17英寸,16吉字节内存,白色,16*1*1,6,CK38E,劳拉,收货,上架
PrPHA2AlMi,混合色 品牌12 二号纸 打印机（一体式）,打印机,品牌12,二号纸,一体式,混合色,16*1*1,4,BH19E,迈克,收货,上架
CaQE90SlBe,米色 品牌01 900 文件柜（滑动式）,文件柜,品牌01,900,滑动式,米色,8*1*1,4,AG33D,大卫,收货,上架
OfXELHeBl,黑色 品牌06 大号 办公椅（头枕）,办公椅,品牌06,大号,头枕,黑色,16*1*1,8,BQ23E,简,收货,上架
NoGrA4liGr,灰色 品牌18 四号纸 笔记本（线条）,笔记本,品牌18,四号纸,线条,灰色,48*10*5,299,DZ76B,约翰,收货,上架
LaRe1516Si,银色 品牌14 15英寸 笔记本电脑（16吉字节内存）,笔记本电脑,品牌14,15英寸,16吉字节内存,银色,16*1*1,2,DQ52C,简,收货,上架
LaOv14i5Gr,灰色 品牌13 14英寸 笔记本电脑（第5代处理器）,笔记本电脑,品牌13,14英寸,第5代处理器,灰色,16*1*1,12,CL45F,劳拉,收货,上架
LaPH178GBl,黑色 品牌12 17英寸 笔记本电脑（8吉字节内存）,笔记本电脑,品牌12,17英寸,8吉字节内存,黑色,16*1*1,8,DS26E,大卫,收货,上架
NoMuA4doBl,黑色 品牌19 四号纸 笔记本（点阵）,笔记本,品牌19,四号纸,点阵,黑色,48*10*5,332,CU35F,约翰,收货,上架
MoRe27MeBl,黑色 品牌10 270 鼠标（机械式）,鼠标,品牌10,270,机械式,黑色,16*10*1,138,DJ71G,大卫,收货,上架
GaAESErBl,黑色 品牌05 小号 游戏椅（人体工学）,游戏椅,品牌05,小号,人体工学,黑色,16*1*1,11,AH87F,大卫,收货,上架
PeNa50SoGr,灰色 品牌23 50 铅笔（可溶性）,铅笔,品牌23,50,可溶性,灰色,48*10*5,2355,DU52B,简,收货,上架
TVYn65FHBl,黑色 品牌15 65英寸 电视机（全高清）,电视机,品牌15,65英寸,全高清,黑色,8*1*1,6,BT63E,约翰,收货,上架
OfOGLLePi,粉色 品牌07 大号 办公椅（皮革）,办公椅,品牌07,大号,皮革,粉色,16*1*1,6,CS69F,亚历克斯,收货,上架
DrRG18LoGr,灰色 品牌03 1800 抽屉柜（储物锁柜）,抽屉柜,品牌03,1800,储物锁柜,灰色,8*1*1,8,AN61B,大卫,收货,上架
KePH45BlWh,白色 品牌12 450 键盘（蓝牙）,键盘,品牌12,450,蓝牙,白色,16*10*1,157,BN01H,迈克,收货,上架
AlPH15i5Wh,白色 品牌12 15英寸 一体机（第5代处理器）,一体机,品牌12,15英寸,第5代处理器,白色,16*1*1,7,CY63C,亚历克斯,收货,上架
NoMuA5ruBl,黑色 品牌19 五号纸 笔记本（横线）,笔记本,品牌19,五号纸,横线,黑色,48*10*5,1236,DY89C,亚历克斯,收货,上架
TVGn32FHGr,灰色 品牌30 32英寸 电视机（全高清）,电视机,品牌30,32英寸,全高清,灰色,8*1*1,1,DJ15H,劳拉,收货,上架
OfSELAdWh,白色 品牌08 大号 办公椅（可调节）,办公椅,品牌08,大号,可调节,白色,16*1*1,14,BT28E,简,收货,上架
PrNoA3LaGr,灰色 品牌26 三号纸 打印机（激光）,打印机,品牌26,三号纸,激光,灰色,16*1*1,9,DR06F,艾米丽,收货,上架
CaTE18DoBe,米色 品牌04 1800 文件柜（带门式）,文件柜,品牌04,1800,带门式,米色,8*1*1,4,BU19A,劳拉,收货,上架
GaAEMHePi,粉色 品牌05 中号 游戏椅（头枕）,游戏椅,品牌05,中号,头枕,粉色,16*1*1,12,CP38B,大卫,收货,上架
DrRG12DoBl,黑色 品牌03 1200 抽屉柜（带门式）,抽屉柜,品牌03,1200,带门式,黑色,8*1*1,2,CU42F,艾米,收货,上架
LaRe1416Bl,黑色 品牌14 14英寸 笔记本电脑（16吉字节内存）,笔记本电脑,品牌14,14英寸,16吉字节内存,黑色,16*1*1,10,DH29E,亚历克斯,收货,上架
LaRe1532Bl,黑色 品牌14 15英寸 笔记本电脑（32吉字节内存）,笔记本电脑,品牌14,15英寸,32吉字节内存,黑色,16*1*1,13,DK67F,迈克,收货,上架
DrWE12SlBl,黑色 品牌02 1200 抽屉柜（滑动式）,抽屉柜,品牌02,1200,滑动式,黑色,8*1*1,8,CF37F,克里斯,收货,上架
AlYn14i5Wh,白色 品牌15 14英寸 一体机（第5代处理器）,一体机,品牌15,14英寸,第5代处理器,白色,16*1*1,12,CL21E,艾米,收货,上架
DrQE18LoBe,米色 品牌01 1800 抽屉柜（储物锁柜）,抽屉柜,品牌01,1800,储物锁柜,米色,8*1*1,3,AG85D,大卫,收货,上架
PrNoA4WiWh,白色 品牌26 四号纸 打印机（无线网络）,打印机,品牌26,四号纸,无线网络,白色,16*1*1,4,BP03D,大卫,收货,上架
OfOGMHeBl,黑色 品牌07 中号 办公椅（头枕）,办公椅,品牌07,中号,头枕,黑色,16*1*1,3,DX40G,大卫,收货,上架
CaTE12FiGr,灰色 品牌04 1200 文件柜（文件收纳）,文件柜,品牌04,1200,文件收纳,灰色,8*1*1,8,AN14B,劳拉,收货,上架
TVGn42FHGr,灰色 品牌30 42英寸 电视机（全高清）,电视机,品牌30,42英寸,全高清,灰色,8*1*1,2,BX93B,亚历克斯,收货,上架
NoGrA3ruBl,黑色 品牌18 三号纸 笔记本（横线）,笔记本,品牌18,三号纸,横线,黑色,48*10*5,1579,CM32B,迈克,收货,上架
TaTR10AuSi,银色 品牌28 1000 桌子（自动调节）,桌子,品牌28,1000,自动调节,银色,8*1*1,1,AP90H,约翰,收货,上架
TVGL32FHWh,白色 品牌31 32英寸 电视机（全高清）,电视机,品牌31,32英寸,全高清,白色,8*1*1,5,DZ01D,大卫,收货,上架
OfSELLeWh,白色 品牌08 大号 办公椅（皮革）,办公椅,品牌08,大号,皮革,白色,16*1*1,9,CY30B,约翰,收货,上架
PrNoA3InGr,灰色 品牌26 三号纸 打印机（喷墨）,打印机,品牌26,三号纸,喷墨,灰色,16*1*1,9,CW38C,莎拉,收货,上架
NoMuA5liSi,银色 品牌19 五号纸 笔记本（线条）,笔记本,品牌19,五号纸,线条,银色,48*10*5,1937,BY27E,艾米,收货,上架
AlRe17i5Bl,黑色 品牌14 17英寸 一体机（第5代处理器）,一体机,品牌14,17英寸,第5代处理器,黑色,16*1*1,6,BU26D,简,收货,上架
GaOGLHePi,粉色 品牌07 大号 游戏椅（头枕）,游戏椅,品牌07,大号,头枕,粉色,16*1*1,4,AS83G,迈克,收货,上架
AlPH14i5Wh,白色 品牌12 14英寸 一体机（第5代处理器）,一体机,品牌12,14英寸,第5代处理器,白色,16*1*1,16,DZ64F,约翰,收货,上架
KeHc27MePi,粉色 品牌09 270 键盘（机械式）,键盘,品牌09,270,机械式,粉色,16*10*1,62,AR44D,克里斯,收货,上架
PeGi50WaPi,粉色 品牌21 50 铅笔（水彩）,铅笔,品牌21,50,水彩,粉色,48*10*5,219,DQ84F,莎拉,收货,上架
LaYn1716Bl,黑色 品牌15 17英寸 笔记本电脑（16吉字节内存）,笔记本电脑,品牌15,17英寸,16吉字节内存,黑色,16*1*1,14,DK23B,艾米丽,收货,上架
AlSu14i7Bl,黑色 品牌11 14英寸 一体机（第7代处理器）,一体机,品牌11,14英寸,第7代处理器,黑色,16*1*1,13,DG74G,大卫,收货,上架
KeRe35WiNa,藏青色 品牌10 350 键盘（有线）,键盘,品牌10,350,有线,藏青色,16*10*1,115,AW82D,简,收货,上架
PrPHA2InWh,白色 品牌12 二号纸 打印机（喷墨）,打印机,品牌12,二号纸,喷墨,白色,16*1*1,3,DQ49C,亚历克斯,收货,上架
PeNa12SoWh,白色 品牌23 12 铅笔（可溶性）,铅笔,品牌23,12,可溶性,白色,48*10*5,856,BL14D,艾米,收货,上架
MoHc45BlBl,黑色 品牌09 450 鼠标（蓝牙）,鼠标,品牌09,450,蓝牙,黑色,16*10*1,123,DF12D,亚历克斯,收货,上架
OfOGSErBl,黑色 品牌07 小号 办公椅（人体工学）,办公椅,品牌07,小号,人体工学,黑色,16*1*1,12,BL37F,克里斯,收货,上架
KeRe35MeBl,黑色 品牌10 350 键盘（机械式）,键盘,品牌10,350,机械式,黑色,16*10*1,17,AZ44F,约翰,收货,上架
GaAEMHeWh,白色 品牌05 中号 游戏椅（头枕）,游戏椅,品牌05,中号,头枕,白色,16*1*1,2,CR63C,亚历克斯,收货,上架
SPAl50WaBl,黑色 品牌20 50 触控笔（水彩）,触控笔,品牌20,50,水彩,黑色,48*10*5,1908,DF46G,劳拉,收货,上架
KeRe45BlPi,粉色 品牌10 450 键盘（蓝牙）,键盘,品牌10,450,蓝牙,粉色,16*10*1,34,CJ96A,简,收货,上架
DrTE12DoBl,黑色 品牌04 1200 抽屉柜（带门式）,抽屉柜,品牌04,1200,带门式,黑色,8*1*1,5,CR10E,克里斯,收货,上架
MoSu45ErPi,粉色 品牌11 450 鼠标（人体工学）,鼠标,品牌11,450,人体工学,粉色,16*10*1,100,AV01E,克里斯,收货,上架
PeRe12HePi,粉色 品牌22 12 铅笔（六角形）,铅笔,品牌22,12,六角形,粉色,48*10*5,2117,BY97G,亚历克斯,收货,上架
CaTE90FiWh,白色 品牌04 900 文件柜（文件收纳）,文件柜,品牌04,900,文件收纳,白色,8*1*1,2,BS64B,克里斯,收货,上架
CuQE12LoBl,黑色 品牌01 1200 储物柜（储物锁柜）,储物柜,品牌01,1200,储物锁柜,黑色,8*1*1,6,DI23B,莎拉,收货,上架
TVGL65SFGr,灰色 品牌31 65英寸 电视机（超级全高清）,电视机,品牌31,65英寸,超级全高清,灰色,8*1*1,5,AG57F,亚历克斯,收货,上架
MoPH45ErNa,藏青色 品牌12 450 鼠标（人体工学）,鼠标,品牌12,450,人体工学,藏青色,16*10*1,152,CU40B,劳拉,收货,上架
AlYn178GWh,白色 品牌15 17英寸 一体机（8吉字节内存）,一体机,品牌15,17英寸,8吉字节内存,白色,16*1*1,3,BS59G,莎拉,收货,上架
MoSu35BlNa,藏青色 品牌11 350 鼠标（蓝牙）,鼠标,品牌11,350,蓝牙,藏青色,16*10*1,118,DR67A,简,收货,上架
AlPH148GGr,灰色 品牌12 14英寸 一体机（8吉字节内存）,一体机,品牌12,14英寸,8吉字节内存,灰色,16*1*1,7,AN62C,艾米,收货,上架
NoGrA5ruGr,灰色 品牌18 五号纸 笔记本（横线）,笔记本,品牌18,五号纸,横线,灰色,48*10*5,589,CF90C,亚历克斯,收货,上架
DrTE18FiBe,米色 品牌04 1800 抽屉柜（文件收纳）,抽屉柜,品牌04,1800,文件收纳,米色,8*1*1,4,CS61D,莎拉,收货,上架
CaQE18DoGr,灰色 品牌01 1800 文件柜（带门式）,文件柜,品牌01,1800,带门式,灰色,8*1*1,5,AK03C,亚历克斯,收货,上架
AlSu148GBl,黑色 品牌11 14英寸 一体机（8吉字节内存）,一体机,品牌11,14英寸,8吉字节内存,黑色,16*1*1,3,BG70H,亚历克斯,收货,上架
MoRe45WiWh,白色 品牌10 450 鼠标（有线）,鼠标,品牌10,450,有线,白色,16*10*1,65,CR05A,克里斯,收货,上架
AlPH158GGr,灰色 品牌12 15英寸 一体机（8吉字节内存）,一体机,品牌12,15英寸,8吉字节内存,灰色,16*1*1,9,AR65B,克里斯,收货,上架
CuQE90FiWh,白色 品牌01 900 储物柜（文件收纳）,储物柜,品牌01,900,文件收纳,白色,8*1*1,3,CM68E,大卫,收货,上架
PrSoA3MoMi,混合色 品牌25 三号纸 打印机（黑白）,打印机,品牌25,三号纸,黑白,混合色,16*1*1,13,DR75G,大卫,收货,上架
TVYn65SFGr,灰色 品牌15 65英寸 电视机（超级全高清）,电视机,品牌15,65英寸,超级全高清,灰色,8*1*1,4,CH04B,艾米,收货,上架
OfAESLeWh,白色 品牌05 小号 办公椅（皮革）,办公椅,品牌05,小号,皮革,白色,16*1*1,2,BX82A,艾米丽,收货,上架
DrWE18LoGr,灰色 品牌02 1800 抽屉柜（储物锁柜）,抽屉柜,品牌02,1800,储物锁柜,灰色,8*1*1,7,DF14B,大卫,收货,上架
TVYn42FHWh,白色 品牌15 42英寸 电视机（全高清）,电视机,品牌15,42英寸,全高清,白色,8*1*1,1,AO09B,约翰,收货,上架
TVYn75SFBl,黑色 品牌15 75英寸 电视机（超级全高清）,电视机,品牌15,75英寸,超级全高清,黑色,8*1*1,5,CP87H,亚历克斯,收货,上架
NoGrA5ruGr,灰色 品牌18 五号纸 笔记本（横线）,笔记本,品牌18,五号纸,横线,灰色,48*10*5,1849,AU07E,劳拉,收货,上架
LaSu1432Wh,白色 品牌11 14英寸 笔记本电脑（32吉字节内存）,笔记本电脑,品牌11,14英寸,32吉字节内存,白色,16*1*1,13,CL34B,迈克,收货,上架
DrRG12SlBe,米色 品牌03 1200 抽屉柜（滑动式）,抽屉柜,品牌03,1200,滑动式,米色,8*1*1,4,DM38E,克里斯,收货,上架
GaOGLLeWh,白色 品牌07 大号 游戏椅（皮革）,游戏椅,品牌07,大号,皮革,白色,16*1*1,13,CP28F,艾米丽,收货,上架
TaAE18FrGr,灰色 品牌05 1800 桌子（框架式）,桌子,品牌05,1800,框架式,灰色,8*1*1,2,BX40A,艾米丽,收货,上架
MoSu45ErBl,黑色 品牌11 450 鼠标（人体工学）,鼠标,品牌11,450,人体工学,黑色,16*10*1,38,BY82F,亚历克斯,收货,上架
PrReA4LaBl,黑色 品牌24 四号纸 打印机（激光）,打印机,品牌24,四号纸,激光,黑色,16*1*1,9,AM22E,大卫,收货,上架
NoScA5doGr,灰色 品牌17 五号纸 笔记本（点阵）,笔记本,品牌17,五号纸,点阵,灰色,48*10*5,1450,CU47A,莎拉,收货,上架
KePH27BlBl,黑色 品牌12 270 键盘（蓝牙）,键盘,品牌12,270,蓝牙,黑色,16*10*1,57,BX36A,约翰,收货,上架
OfXESLeWh,白色 品牌06 小号 办公椅（皮革）,办公椅,品牌06,小号,皮革,白色,16*1*1,8,AI94E,劳拉,收货,上架
CaWE18LoBl,黑色 品牌02 1800 文件柜（储物锁柜）,文件柜,品牌02,1800,储物锁柜,黑色,8*1*1,8,BF06H,莎拉,收货,上架
AlYn14i7Bl,黑色 品牌15 14英寸 一体机（第7代处理器）,一体机,品牌15,14英寸,第7代处理器,黑色,16*1*1,2,DH70G,亚历克斯,收货,上架
GaXESErGr,灰色 品牌06 小号 游戏椅（人体工学）,游戏椅,品牌06,小号,人体工学,灰色,16*1*1,9,CW84H,克里斯,收货,上架
SPAl12HePi,粉色 品牌20 12 触控笔（六角形）,触控笔,品牌20,12,六角形,粉色,48*10*5,1400,AT42H,简,收货,上架
PrPHA2LaGr,灰色 品牌12 二号纸 打印机（激光）,打印机,品牌12,二号纸,激光,灰色,16*1*1,12,DX40D,亚历克斯,收货,上架
LaYn1716Bl,黑色 品牌15 17英寸 笔记本电脑（16吉字节内存）,笔记本电脑,品牌15,17英寸,16吉字节内存,黑色,16*1*1,15,BU73F,莎拉,收货,上架
GaXEMLeBl,黑色 品牌06 中号 游戏椅（皮革）,游戏椅,品牌06,中号,皮革,黑色,16*1*1,16,CL30E,亚历克斯,收货,上架
MoPH27ErPi,粉色 品牌12 270 鼠标（人体工学）,鼠标,品牌12,270,人体工学,粉色,16*10*1,115,CU67E,简,收货,上架
GaAEMAdBl,黑色 品牌05 中号 游戏椅（可调节）,游戏椅,品牌05,中号,可调节,黑色,16*1*1,1,BJ01B,亚历克斯,收货,上架
TaCI15AdWh,白色 品牌27 1500 桌子（可调节）,桌子,品牌27,1500,可调节,白色,8*1*1,3,DT44G,克里斯,收货,上架
TaTR18FrBl,黑色 品牌29 1800 桌子（框架式）,桌子,品牌29,1800,框架式,黑色,8*1*1,6,CF09F,大卫,收货,上架
KeSu27ErBl,黑色 品牌11 270 键盘（人体工学）,键盘,品牌11,270,人体工学,黑色,16*10*1,17,AU80F,克里斯,收货,上架
GaXEMHePi,粉色 品牌06 中号 游戏椅（头枕）,游戏椅,品牌06,中号,头枕,粉色,16*1*1,15,BW83C,克里斯,收货,上架
TVGn32FHSi,银色 品牌30 32英寸 电视机（全高清）,电视机,品牌30,32英寸,全高清,银色,8*1*1,6,BO03B,艾米丽,收货,上架
CuQE18DoWh,白色 品牌01 1800 储物柜（带门式）,储物柜,品牌01,1800,带门式,白色,8*1*1,3,BV22A,约翰,收货,上架
DrRG18DoBl,黑色 品牌03 1800 抽屉柜（带门式）,抽屉柜,品牌03,1800,带门式,黑色,8*1*1,6,DG30E,艾米,收货,上架
LaOv1532Si,银色 品牌13 15英寸 笔记本电脑（32吉字节内存）,笔记本电脑,品牌13,15英寸,32吉字节内存,银色,16*1*1,16,BV09F,简,收货,上架
NoExA3ruWh,白色 品牌16 三号纸 笔记本（横线）,笔记本,品牌16,三号纸,横线,白色,48*10*5,1475,CF65D,克里斯,收货,上架
LaRe14i5Gr,灰色 品牌14 14英寸 笔记本电脑（第5代处理器）,笔记本电脑,品牌14,14英寸,第5代处理器,灰色,16*1*1,2,CK56F,迈克,收货,上架
OfAELLeGr,灰色 品牌05 大号 办公椅（皮革）,办公椅,品牌05,大号,皮革,灰色,16*1*1,4,BU57B,莎拉,收货,上架
LaPH14i5Bl,黑色 品牌12 14英寸 笔记本电脑（第5代处理器）,笔记本电脑,品牌12,14英寸,第5代处理器,黑色,16*1*1,3,CG73B,亚历克斯,收货,上架
MoHc45MeNa,藏青色 品牌09 450 鼠标（机械式）,鼠标,品牌09,450,机械式,藏青色,16*10*1,90,DF34A,约翰,收货,上架
AlPH1732Gr,灰色 品牌12 17英寸 一体机（32吉字节内存）,一体机,品牌12,17英寸,32吉字节内存,灰色,16*1*1,11,DM25E,约翰,收货,上架
TVEs42FHWh,白色 品牌32 42英寸 电视机（全高清）,电视机,品牌32,42英寸,全高清,白色,8*1*1,1,AJ97D,劳拉,收货,上架
TaAE10WoGr,灰色 品牌05 1000 桌子（工作站）,桌子,品牌05,1000,工作站,灰色,8*1*1,2,BL91F,亚历克斯,收货,上架
TVGL42S4Wh,白色 品牌31 42英寸 电视机（超级超高清）,电视机,品牌31,42英寸,超级超高清,白色,8*1*1,8,BO81A,克里斯,收货,上架
GaAEMAdGr,灰色 品牌05 中号 游戏椅（可调节）,游戏椅,品牌05,中号,可调节,灰色,16*1*1,6,BJ01C,莎拉,收货,上架
MoRe45MeWh,白色 品牌10 450 鼠标（机械式）,鼠标,品牌10,450,机械式,白色,16*10*1,40,CV64B,莎拉,收货,上架
PrReA2LaBl,黑色 品牌24 二号纸 打印机（激光）,打印机,品牌24,二号纸,激光,黑色,16*1*1,12,BX93A,迈克,收货,上架
OfXESErGr,灰色 品牌06 小号 办公椅（人体工学）,办公椅,品牌06,小号,人体工学,灰色,16*1*1,14,CN40C,大卫,收货,上架
AlPH178GBl,黑色 品牌12 17英寸 一体机（8吉字节内存）,一体机,品牌12,17英寸,8吉字节内存,黑色,16*1*1,13,BI05C,简,收货,上架
GaOGLErBl,黑色 品牌07 大号 游戏椅（人体工学）,游戏椅,品牌07,大号,人体工学,黑色,16*1*1,2,DU93F,克里斯,收货,上架
TaTR15AdWh,白色 品牌28 1500 桌子（可调节）,桌子,品牌28,1500,可调节,白色,8*1*1,8,DJ46A,迈克,收货,上架
MoPH27BlPi,粉色 品牌12 270 鼠标（蓝牙）,鼠标,品牌12,270,蓝牙,粉色,16*10*1,111,BS14H,大卫,收货,上架
OfOGLLePi,粉色 品牌07 大号 办公椅（皮革）,办公椅,品牌07,大号,皮革,粉色,16*1*1,15,DJ37B,亚历克斯,收货,上架
TVEs504KBl,黑色 品牌32 50英寸 电视机（超高清）,电视机,品牌32,50英寸,超高清,黑色,8*1*1,5,DZ20H,艾米,收货,上架
AlOv14i5Si,银色 品牌13 14英寸 一体机（第5代处理器）,一体机,品牌13,14英寸,第5代处理器,银色,16*1*1,14,DO98F,艾米,收货,上架
TaTR10FrBl,黑色 品牌29 1000 桌子（框架式）,桌子,品牌29,1000,框架式,黑色,8*1*1,4,DJ25C,亚历克斯,收货,上架
KeHc35BlWh,白色 品牌09 350 键盘（蓝牙）,键盘,品牌09,350,蓝牙,白色,16*10*1,22,AS60G,克里斯,收货,上架
OfAELErPi,粉色 品牌05 大号 办公椅（人体工学）,办公椅,品牌05,大号,人体工学,粉色,16*1*1,13,DL67E,劳拉,收货,上架
PrPHA2LaBl,黑色 品牌12 二号纸 打印机（激光）,打印机,品牌12,二号纸,激光,黑色,16*1*1,4,CZ66F,莎拉,收货,上架
PeNa50SoWh,白色 品牌23 50 铅笔（可溶性）,铅笔,品牌23,50,可溶性,白色,48*10*5,2134,DU74H,莎拉,收货,上架
CaQE18DoBl,黑色 品牌01 1800 文件柜（带门式）,文件柜,品牌01,1800,带门式,黑色,8*1*1,7,DP53G,简,收货,上架
LaRe1416Wh,白色 品牌14 14英寸 笔记本电脑（16吉字节内存）,笔记本电脑,品牌14,14英寸,16吉字节内存,白色,16*1*1,1,DH36C,克里斯,收货,上架
DrQE18FiGr,灰色 品牌01 1800 抽屉柜（文件收纳）,抽屉柜,品牌01,1800,文件收纳,灰色,8*1*1,6,BV21E,艾米丽,收货,上架
OfSELLeWh,白色 品牌08 大号 办公椅（皮革）,办公椅,品牌08,大号,皮革,白色,16*1*1,9,CF11G,克里斯,收货,上架
CuRG12FiGr,灰色 品牌03 1200 储物柜（文件收纳）,储物柜,品牌03,1200,文件收纳,灰色,8*1*1,1,AR64A,莎拉,收货,上架
CuRG12LoWh,白色 品牌03 1200 储物柜（储物锁柜）,储物柜,品牌03,1200,储物锁柜,白色,8*1*1,7,CV28H,莎拉,收货,上架
AlPH1732Wh,白色 品牌12 17英寸 一体机（32吉字节内存）,一体机,品牌12,17英寸,32吉字节内存,白色,16*1*1,5,BO13G,亚历克斯,收货,上架
TVEs42SFSi,银色 品牌32 42英寸 电视机（超级全高清）,电视机,品牌32,42英寸,超级全高清,银色,8*1*1,5,BT50B,亚历克斯,收货,上架
LaSu17i7Si,银色 品牌11 17英寸 笔记本电脑（第7代处理器）,笔记本电脑,品牌11,17英寸,第7代处理器,银色,16*1*1,3,AS86A,克里斯,收货,上架
AlOv15i5Bl,黑色 品牌13 15英寸 一体机（第5代处理器）,一体机,品牌13,15英寸,第5代处理器,黑色,16*1*1,13,AO14H,亚历克斯,收货,上架
CaWE18FiBe,米色 品牌02 1800 文件柜（文件收纳）,文件柜,品牌02,1800,文件收纳,米色,8*1*1,7,BJ55F,亚历克斯,收货,上架
PeGi12WaPi,粉色 品牌21 12 铅笔（水彩）,铅笔,品牌21,12,水彩,粉色,48*10*5,1125,AF72D,艾米,收货,上架
TaTR10AdBl,黑色 品牌28 1000 桌子（可调节）,桌子,品牌28,1000,可调节,黑色,8*1*1,1,AL86H,约翰,收货,上架
KeRe45WiNa,藏青色 品牌10 450 键盘（有线）,键盘,品牌10,450,有线,藏青色,16*10*1,125,BP94H,简,收货,上架
TVGn42FHSi,银色 品牌30 42英寸 电视机（全高清）,电视机,品牌30,42英寸,全高清,银色,8*1*1,6,DF50H,迈克,收货,上架
KeSu27BlWh,白色 品牌11 270 键盘（蓝牙）,键盘,品牌11,270,蓝牙,白色,16*10*1,160,CG83A,克里斯,收货,上架
PeRe50SoWh,白色 品牌22 50 铅笔（可溶性）,铅笔,品牌22,50,可溶性,白色,48*10*5,921,BY09F,克里斯,收货,上架
CuWE18FiGr,灰色 品牌02 1800 储物柜（文件收纳）,储物柜,品牌02,1800,文件收纳,灰色,8*1*1,1,DI36A,亚历克斯,收货,上架
MoRe27BlPi,粉色 品牌10 270 鼠标（蓝牙）,鼠标,品牌10,270,蓝牙,粉色,16*10*1,142,DH57B,迈克,收货,上架
GaSESAdWh,白色 品牌08 小号 游戏椅（可调节）,游戏椅,品牌08,小号,可调节,白色,16*1*1,3,DL49D,大卫,收货,上架
DrTE18LoWh,白色 品牌04 1800 抽屉柜（储物锁柜）,抽屉柜,品牌04,1800,储物锁柜,白色,8*1*1,4,CH01D,克里斯,收货,上架
SPGi24SoWh,白色 品牌21 24 触控笔（可溶性）,触控笔,品牌21,24,可溶性,白色,48*10*5,1688,CP15B,莎拉,收货,上架
PrSoA3MoGr,灰色 品牌25 三号纸 打印机（黑白）,打印机,品牌25,三号纸,黑白,灰色,16*1*1,6,BU74C,大卫,收货,上架
GaOGSErGr,灰色 品牌07 小号 游戏椅（人体工学）,游戏椅,品牌07,小号,人体工学,灰色,16*1*1,10,BS39F,艾米,收货,上架
SPAl24HePi,粉色 品牌20 24 触控笔（六角形）,触控笔,品牌20,24,六角形,粉色,48*10*5,937,BM73F,约翰,收货,上架
LaSu178GSi,银色 品牌11 17英寸 笔记本电脑（8吉字节内存）,笔记本电脑,品牌11,17英寸,8吉字节内存,银色,16*1*1,7,AF84F,艾米,收货,上架
PeGi50SoBl,黑色 品牌21 50 铅笔（可溶性）,铅笔,品牌21,50,可溶性,黑色,48*10*5,714,DM65H,莎拉,收货,上架
DrRG90DoWh,白色 品牌03 900 抽屉柜（带门式）,抽屉柜,品牌03,900,带门式,白色,8*1*1,4,CY43C,克里斯,收货,上架
PeNa12SoWh,白色 品牌23 12 铅笔（可溶性）,铅笔,品牌23,12,可溶性,白色,48*10*5,622,DR17H,亚历克斯,收货,上架
MoPH45MePi,粉色 品牌12 450 鼠标（机械式）,鼠标,品牌12,450,机械式,粉色,16*10*1,150,BU03A,劳拉,收货,上架
TaCI18AuBl,黑色 品牌27 1800 桌子（自动调节）,桌子,品牌27,1800,自动调节,黑色,8*1*1,8,BL31B,简,收货,上架
CaQE18DoWh,白色 品牌01 1800 文件柜（带门式）,文件柜,品牌01,1800,带门式,白色,8*1*1,6,BG11F,劳拉,收货,上架
SPNa50HeBl,黑色 品牌23 50 触控笔（六角形）,触控笔,品牌23,50,六角形,黑色,48*10*5,2378,CO74C,劳拉,收货,上架
KeRe35BlWh,白色 品牌10 350 键盘（蓝牙）,键盘,品牌10,350,蓝牙,白色,16*10*1,57,DP85G,艾米,收货,上架
LaYn17i5Bl,黑色 品牌15 17英寸 笔记本电脑（第5代处理器）,笔记本电脑,品牌15,17英寸,第5代处理器,黑色,16*1*1,5,DO36B,简,收货,上架
LaOv15i5Bl,黑色 品牌13 15英寸 笔记本电脑（第5代处理器）,笔记本电脑,品牌13,15英寸,第5代处理器,黑色,16*1*1,7,CX08F,亚历克斯,收货,上架
KeHc35ErNa,藏青色 品牌09 350 键盘（人体工学）,键盘,品牌09,350,人体工学,藏青色,16*10*1,51,BH22G,约翰,收货,上架
CuQE12FiBe,米色 品牌01 1200 储物柜（文件收纳）,储物柜,品牌01,1200,文件收纳,米色,8*1*1,3,AK18H,艾米,收货,上架
PrNoA3LaBl,黑色 品牌26 三号纸 打印机（激光）,打印机,品牌26,三号纸,激光,黑色,16*1*1,11,AN88A,亚历克斯,收货,上架
NoGrA4doWh,白色 品牌18 四号纸 笔记本（点阵）,笔记本,品牌18,四号纸,点阵,白色,48*10*5,607,CT74A,简,收货,上架
KeHc27MePi,粉色 品牌09 270 键盘（机械式）,键盘,品牌09,270,机械式,粉色,16*10*1,125,BR19D,约翰,收货,上架
TVYn75FHGr,灰色 品牌15 75英寸 电视机（全高清）,电视机,品牌15,75英寸,全高清,灰色,8*1*1,2,AP62A,简,收货,上架
SPRe24SoGr,灰色 品牌22 24 触控笔（可溶性）,触控笔,品牌22,24,可溶性,灰色,48*10*5,1806,CY22E,迈克,收货,上架
TVGn42SFGr,灰色 品牌30 42英寸 电视机（超级全高清）,电视机,品牌30,42英寸,超级全高清,灰色,8*1*1,7,BY12D,简,收货,上架
KePH45MePi,粉色 品牌12 450 键盘（机械式）,键盘,品牌12,450,机械式,粉色,16*10*1,56,AT47G,迈克,收货,上架
TaCI10WoSi,银色 品牌27 1000 桌子（工作站）,桌子,品牌27,1000,工作站,银色,8*1*1,5,AU86G,劳拉,收货,上架
CaRG12LoGr,灰色 品牌03 1200 文件柜（储物锁柜）,文件柜,品牌03,1200,储物锁柜,灰色,8*1*1,4,CG11F,艾米丽,收货,上架
CaQE18DoBe,米色 品牌01 1800 文件柜（带门式）,文件柜,品牌01,1800,带门式,米色,8*1*1,4,CY66C,艾米,收货,上架
PrPHA4WiWh,白色 品牌12 四号纸 打印机（无线网络）,打印机,品牌12,四号纸,无线网络,白色,16*1*1,12,DX88A,莎拉,收货,上架
TaCI10FrWh,白色 品牌27 1000 桌子（框架式）,桌子,品牌27,1000,框架式,白色,8*1*1,2,DJ04B,亚历克斯,收货,上架
PeAl12WaGr,灰色 品牌20 12 铅笔（水彩）,铅笔,品牌20,12,水彩,灰色,48*10*5,558,BH04G,艾米丽,收货,上架
KeSu45MeBl,黑色 品牌11 450 键盘（机械式）,键盘,品牌11,450,机械式,黑色,16*10*1,9,DL28E,亚历克斯,收货,上架
PrReA4LaMi,混合色 品牌24 四号纸 打印机（激光）,打印机,品牌24,四号纸,激光,混合色,16*1*1,10,CK17G,克里斯,收货,上架
PrReA3InBl,黑色 品牌24 三号纸 打印机（喷墨）,打印机,品牌24,三号纸,喷墨,黑色,16*1*1,1,AS67F,莎拉,收货,上架
SPAl24SoWh,白色 品牌20 24 触控笔（可溶性）,触控笔,品牌20,24,可溶性,白色,48*10*5,29,AV04G,艾米丽,收货,上架
PeNa50HeBl,黑色 品牌23 50 铅笔（六角形）,铅笔,品牌23,50,六角形,黑色,48*10*5,893,BY54C,亚历克斯,收货,上架
TVGn50FHBl,黑色 品牌30 50英寸 电视机（全高清）,电视机,品牌30,50英寸,全高清,黑色,8*1*1,3,CZ46F,亚历克斯,收货,上架
CaWE18DoWh,白色 品牌02 1800 文件柜（带门式）,文件柜,品牌02,1800,带门式,白色,8*1*1,3,AK39D,约翰,收货,上架
TVGn50FHSi,银色 品牌30 50英寸 电视机（全高清）,电视机,品牌30,50英寸,全高清,银色,8*1*1,5,BU33G,亚历克斯,收货,上架
NoExA3doWh,白色 品牌16 三号纸 笔记本（点阵）,笔记本,品牌16,三号纸,点阵,白色,48*10*5,676,BQ09E,简,收货,上架
AlSu14i7Si,银色 品牌11 14英寸 一体机（第7代处理器）,一体机,品牌11,14英寸,第7代处理器,银色,16*1*1,5,DQ44G,亚历克斯,收货,上架
DrRG18LoWh,白色 品牌03 1800 抽屉柜（储物锁柜）,抽屉柜,品牌03,1800,储物锁柜,白色,8*1*1,2,DL40F,艾米,收货,上架
LaYn1516Gr,灰色 品牌15 15英寸 笔记本电脑（16吉字节内存）,笔记本电脑,品牌15,15英寸,16吉字节内存,灰色,16*1*1,13,CI69A,艾米丽,收货,上架
TVEs32SFGr,灰色 品牌32 32英寸 电视机（超级全高清）,电视机,品牌32,32英寸,超级全高清,灰色,8*1*1,1,DM88B,约翰,收货,上架
CaWE12SlGr,灰色 品牌02 1200 文件柜（滑动式）,文件柜,品牌02,1200,滑动式,灰色,8*1*1,7,AF75D,大卫,收货,上架
PeAl12WaPi,粉色 品牌20 12 铅笔（水彩）,铅笔,品牌20,12,水彩,粉色,48*10*5,607,DV76H,艾米丽,收货,上架
MoRe45MeWh,白色 品牌10 450 鼠标（机械式）,鼠标,品牌10,450,机械式,白色,16*10*1,11,BT10G,艾米丽,收货,上架
OfXESAdGr,灰色 品牌06 小号 办公椅（可调节）,办公椅,品牌06,小号,可调节,灰色,16*1*1,2,AK27D,艾米丽,收货,上架
DrQE90LoBl,黑色 品牌01 900 抽屉柜（储物锁柜）,抽屉柜,品牌01,900,储物锁柜,黑色,8*1*1,6,CW63E,大卫,收货,上架
NoScA5liGr,灰色 品牌17 五号纸 笔记本（线条）,笔记本,品牌17,五号纸,线条,灰色,48*10*5,2297,DH34H,劳拉,收货,上架
TVGL754KGr,灰色 品牌31 75英寸 电视机（超高清）,电视机,品牌31,75英寸,超高清,灰色,8*1*1,8,DW41E,约翰,收货,上架
PeNa24WaBl,黑色 品牌23 24 铅笔（水彩）,铅笔,品牌23,24,水彩,黑色,48*10*5,61,AU24E,亚历克斯,收货,上架
CuWE90FiBe,米色 品牌02 900 储物柜（文件收纳）,储物柜,品牌02,900,文件收纳,米色,8*1*1,8,CX67C,艾米,收货,上架
LaYn14i7Gr,灰色 品牌15 14英寸 笔记本电脑（第7代处理器）,笔记本电脑,品牌15,14英寸,第7代处理器,灰色,16*1*1,5,CN61E,简,收货,上架
TVEs504KSi,银色 品牌32 50英寸 电视机（超高清）,电视机,品牌32,50英寸,超高清,银色,8*1*1,3,BW74G,大卫,收货,上架
GaAELErPi,粉色 品牌05 大号 游戏椅（人体工学）,游戏椅,品牌05,大号,人体工学,粉色,16*1*1,16,AO98C,艾米,收货,上架
NoScA5ruWh,白色 品牌17 五号纸 笔记本（横线）,笔记本,品牌17,五号纸,横线,白色,48*10*5,35,DZ70E,莎拉,收货,上架
LaOv1532Wh,白色 品牌13 15英寸 笔记本电脑（32吉字节内存）,笔记本电脑,品牌13,15英寸,32吉字节内存,白色,16*1*1,1,DZ16E,亚历克斯,收货,上架
GaSESErGr,灰色 品牌08 小号 游戏椅（人体工学）,游戏椅,品牌08,小号,人体工学,灰色,16*1*1,7,BG76F,亚历克斯,收货,上架
CuQE18LoBl,黑色 品牌01 1800 储物柜（储物锁柜）,储物柜,品牌01,1800,储物锁柜,黑色,8*1*1,2,DT21E,亚历克斯,收货,上架
AlPH178GGr,灰色 品牌12 17英寸 一体机（8吉字节内存）,一体机,品牌12,17英寸,8吉字节内存,灰色,16*1*1,2,BG11G,莎拉,收货,上架
TVGn324KWh,白色 品牌30 32英寸 电视机（超高清）,电视机,品牌30,32英寸,超高清,白色,8*1*1,1,CU37B,克里斯,收货,上架
CuRG18FiGr,灰色 品牌03 1800 储物柜（文件收纳）,储物柜,品牌03,1800,文件收纳,灰色,8*1*1,6,AG30A,艾米丽,收货,上架
DrQE18DoBe,米色 品牌01 1800 抽屉柜（带门式）,抽屉柜,品牌01,1800,带门式,米色,8*1*1,8,CH51F,约翰,收货,上架
MoHc45ErPi,粉色 品牌09 450 鼠标（人体工学）,鼠标,品牌09,450,人体工学,粉色,16*10*1,149,AF57B,艾米,收货,上架
PeGi24HePi,粉色 品牌21 24 铅笔（六角形）,铅笔,品牌21,24,六角形,粉色,48*10*5,1029,DJ89F,迈克,收货,上架
PeRe24SoPi,粉色 品牌22 24 铅笔（可溶性）,铅笔,品牌22,24,可溶性,粉色,48*10*5,1440,BV13D,劳拉,收货,上架
PeNa12HeWh,白色 品牌23 12 铅笔（六角形）,铅笔,品牌23,12,六角形,白色,48*10*5,276,AG66G,劳拉,收货,上架
AlYn178GWh,白色 品牌15 17英寸 一体机（8吉字节内存）,一体机,品牌15,17英寸,8吉字节内存,白色,16*1*1,13,AV89G,约翰,收货,上架
CaWE18LoWh,白色 品牌02 1800 文件柜（储物锁柜）,文件柜,品牌02,1800,储物锁柜,白色,8*1*1,6,CX84B,莎拉,收货,上架
MoPH45WiPi,粉色 品牌12 450 鼠标（有线）,鼠标,品牌12,450,有线,粉色,16*10*1,36,DH06D,克里斯,收货,上架
TaTR10FrBl,黑色 品牌28 1000 桌子（框架式）,桌子,品牌28,1000,框架式,黑色,8*1*1,7,DT88E,克里斯,收货,上架
LaYn15i5Wh,白色 品牌15 15英寸 笔记本电脑（第5代处理器）,笔记本电脑,品牌15,15英寸,第5代处理器,白色,16*1*1,16,BO58H,约翰,收货,上架
DrRG90FiGr,灰色 品牌03 900 抽屉柜（文件收纳）,抽屉柜,品牌03,900,文件收纳,灰色,8*1*1,3,DH92D,艾米,收货,上架
CuQE12LoWh,白色 品牌01 1200 储物柜（储物锁柜）,储物柜,品牌01,1200,储物锁柜,白色,8*1*1,8,BX07A,克里斯,收货,上架
PeAl24WaGr,灰色 品牌20 24 铅笔（水彩）,铅笔,品牌20,24,水彩,灰色,48*10*5,108,DP20A,劳拉,收货,上架
OfOGMLeBl,黑色 品牌07 中号 办公椅（皮革）,办公椅,品牌07,中号,皮革,黑色,16*1*1,7,AQ14G,克里斯,收货,上架
AlRe15i7Wh,白色 品牌14 15英寸 一体机（第7代处理器）,一体机,品牌14,15英寸,第7代处理器,白色,16*1*1,7,DW42G,简,收货,上架
PrPHA2LaMi,混合色 品牌12 二号纸 打印机（激光）,打印机,品牌12,二号纸,激光,混合色,16*1*1,6,DM40B,简,收货,上架
TVYn65S4Bl,黑色 品牌15 65英寸 电视机（超级超高清）,电视机,品牌15,65英寸,超级超高清,黑色,8*1*1,7,AG12A,约翰,收货,上架
LaSu1716Bl,黑色 品牌11 17英寸 笔记本电脑（16吉字节内存）,笔记本电脑,品牌11,17英寸,16吉字节内存,黑色,16*1*1,2,BT46H,艾米,收货,上架
AlSu14i5Bl,黑色 品牌11 14英寸 一体机（第5代处理器）,一体机,品牌11,14英寸,第5代处理器,黑色,16*1*1,8,DK56A,克里斯,收货,上架
LaYn15i5Gr,灰色 品牌15 15英寸 笔记本电脑（第5代处理器）,笔记本电脑,品牌15,15英寸,第5代处理器,灰色,16*1*1,9,AM65B,简,收货,上架
LaYn1716Si,银色 品牌15 17英寸 笔记本电脑（16吉字节内存）,笔记本电脑,品牌15,17英寸,16吉字节内存,银色,16*1*1,3,AX10E,莎拉,收货,上架
DrQE18DoWh,白色 品牌01 1800 抽屉柜（带门式）,抽屉柜,品牌01,1800,带门式,白色,8*1*1,2,AU49G,莎拉,收货,上架
LaYn158GSi,银色 品牌15 15英寸 笔记本电脑（8吉字节内存）,笔记本电脑,品牌15,15英寸,8吉字节内存,银色,16*1*1,10,CU20E,克里斯,收货,上架
LaOv14i7Si,银色 品牌13 14英寸 笔记本电脑（第7代处理器）,笔记本电脑,品牌13,14英寸,第7代处理器,银色,16*1*1,8,BK06E,克里斯,收货,上架
OfOGSErWh,白色 品牌07 小号 办公椅（人体工学）,办公椅,品牌07,小号,人体工学,白色,16*1*1,6,DK82H,劳拉,收货,上架
TaCI15WoSi,银色 品牌27 1500 桌子（工作站）,桌子,品牌27,1500,工作站,银色,8*1*1,4,AX47D,莎拉,收货,上架
KePH35WiNa,藏青色 品牌12 350 键盘（有线）,键盘,品牌12,350,有线,藏青色,16*10*1,54,DN24D,简,收货,上架
LaRe1532Wh,白色 品牌14 15英寸 笔记本电脑（32吉字节内存）,笔记本电脑,品牌14,15英寸,32吉字节内存,白色,16*1*1,9,BX11H,克里斯,收货,上架
MoSu45BlBl,黑色 品牌11 450 鼠标（蓝牙）,鼠标,品牌11,450,蓝牙,黑色,16*10*1,73,BF98H,克里斯,收货,上架
KeSu27ErPi,粉色 品牌11 270 键盘（人体工学）,键盘,品牌11,270,人体工学,粉色,16*10*1,76,BJ48G,简,收货,上架
GaXESLeBl,黑色 品牌06 小号 游戏椅（皮革）,游戏椅,品牌06,小号,皮革,黑色,16*1*1,5,AI97A,艾米丽,收货,上架
PrNoA4AlWh,白色 品牌26 四号纸 打印机（一体式）,打印机,品牌26,四号纸,一体式,白色,16*1*1,4,DN14E,约翰,收货,上架
OfAESHeBl,黑色 品牌05 小号 办公椅（头枕）,办公椅,品牌05,小号,头枕,黑色,16*1*1,16,BT28H,大卫,收货,上架
DrRG12SlWh,白色 品牌03 1200 抽屉柜（滑动式）,抽屉柜,品牌03,1200,滑动式,白色,8*1*1,3,CR22F,艾米,收货,上架
CuQE18FiBl,黑色 品牌01 1800 储物柜（文件收纳）,储物柜,品牌01,1800,文件收纳,黑色,8*1*1,8,DU50B,亚历克斯,收货,上架
CuRG18LoBl,黑色 品牌03 1800 储物柜（储物锁柜）,储物柜,品牌03,1800,储物锁柜,黑色,8*1*1,7,DJ76A,艾米,收货,上架
TaCI18AdBl,黑色 品牌27 1800 桌子（可调节）,桌子,品牌27,1800,可调节,黑色,8*1*1,6,AV96C,大卫,收货,上架
KeHc35MeWh,白色 品牌09 350 键盘（机械式）,键盘,品牌09,350,机械式,白色,16*10*1,29,AJ60B,莎拉,收货,上架
SPNa24WaPi,粉色 品牌23 24 触控笔（水彩）,触控笔,品牌23,24,水彩,粉色,48*10*5,782,DM12B,莎拉,收货,上架
TVYn32SFBl,黑色 品牌15 32英寸 电视机（超级全高清）,电视机,品牌15,32英寸,超级全高清,黑色,8*1*1,2,AM68E,迈克,收货,上架
AlYn15i7Gr,灰色 品牌15 15英寸 一体机（第7代处理器）,一体机,品牌15,15英寸,第7代处理器,灰色,16*1*1,2,AM28F,艾米丽,收货,上架
KeHc27WiNa,藏青色 品牌09 270 键盘（有线）,键盘,品牌09,270,有线,藏青色,16*10*1,36,CH20B,亚历克斯,收货,上架
TVYn50FHBl,黑色 品牌15 50英寸 电视机（全高清）,电视机,品牌15,50英寸,全高清,黑色,8*1*1,4,CV87E,约翰,收货,上架
KeRe35BlWh,白色 品牌10 350 键盘（蓝牙）,键盘,品牌10,350,蓝牙,白色,16*10*1,77,DM35H,艾米丽,收货,上架
GaSESAdPi,粉色 品牌08 小号 游戏椅（可调节）,游戏椅,品牌08,小号,可调节,粉色,16*1*1,5,DW74F,迈克,收货,上架
PeGi12HePi,粉色 品牌21 12 铅笔（六角形）,铅笔,品牌21,12,六角形,粉色,48*10*5,1595,DS32D,亚历克斯,收货,上架
NoMuA5ruBl,黑色 品牌19 五号纸 笔记本（横线）,笔记本,品牌19,五号纸,横线,黑色,48*10*5,910,DQ05A,艾米丽,收货,上架
PrNoA4MoMi,混合色 品牌26 四号纸 打印机（黑白）,打印机,品牌26,四号纸,黑白,混合色,16*1*1,13,AS86H,艾米,收货,上架
OfOGLErPi,粉色 品牌07 大号 办公椅（人体工学）,办公椅,品牌07,大号,人体工学,粉色,16*1*1,1,AY24D,简,收货,上架
TVGL75SFGr,灰色 品牌31 75英寸 电视机（超级全高清）,电视机,品牌31,75英寸,超级全高清,灰色,8*1*1,4,BY51B,约翰,收货,上架
CaTE12FiWh,白色 品牌04 1200 文件柜（文件收纳）,文件柜,品牌04,1200,文件收纳,白色,8*1*1,2,BZ09C,亚历克斯,收货,上架
OfOGSAdWh,白色 品牌07 小号 办公椅（可调节）,办公椅,品牌07,小号,可调节,白色,16*1*1,15,AO41F,劳拉,收货,上架
PrNoA3InMi,混合色 品牌26 三号纸 打印机（喷墨）,打印机,品牌26,三号纸,喷墨,混合色,16*1*1,4,DS39F,艾米,收货,上架
LaPH1716Gr,灰色 品牌12 17英寸 笔记本电脑（16吉字节内存）,笔记本电脑,品牌12,17英寸,16吉字节内存,灰色,16*1*1,5,AZ15H,亚历克斯,收货,上架
MoSu27BlWh,白色 品牌11 270 鼠标（蓝牙）,鼠标,品牌11,270,蓝牙,白色,16*10*1,74,CX80B,迈克,收货,上架
PrPHA2InGr,灰色 品牌12 二号纸 打印机（喷墨）,打印机,品牌12,二号纸,喷墨,灰色,16*1*1,3,CV20A,约翰,收货,上架
GaOGLLeGr,灰色 品牌07 大号 游戏椅（皮革）,游戏椅,品牌07,大号,皮革,灰色,16*1*1,10,CU48H,迈克,收货,上架
OfSEMErPi,粉色 品牌08 中号 办公椅（人体工学）,办公椅,品牌08,中号,人体工学,粉色,16*1*1,9,DU93F,艾米,收货,上架
MoSu27WiPi,粉色 品牌11 270 鼠标（有线）,鼠标,品牌11,270,有线,粉色,16*10*1,79,CN88E,艾米,收货,上架
NoScA4ruWh,白色 品牌17 四号纸 笔记本（横线）,笔记本,品牌17,四号纸,横线,白色,48*10*5,1373,DT15C,简,收货,上架
LaOv1416Gr,灰色 品牌13 14英寸 笔记本电脑（16吉字节内存）,笔记本电脑,品牌13,14英寸,16吉字节内存,灰色,16*1*1,11,DV23F,劳拉,收货,上架
AlYn178GGr,灰色 品牌15 17英寸 一体机（8吉字节内存）,一体机,品牌15,17英寸,8吉字节内存,灰色,16*1*1,2,BG78C,劳拉,收货,上架
CuTE18LoBl,黑色 品牌04 1800 储物柜（储物锁柜）,储物柜,品牌04,1800,储物锁柜,黑色,8*1*1,2,DO26E,艾米丽,收货,上架
PeRe24HeBl,黑色 品牌22 24 铅笔（六角形）,铅笔,品牌22,24,六角形,黑色,48*10*5,2115,BK69E,大卫,收货,上架
DrQE90DoBe,米色 品牌01 900 抽屉柜（带门式）,抽屉柜,品牌01,900,带门式,米色,8*1*1,2,AS79G,克里斯,收货,上架
LaSu148GBl,黑色 品牌11 14英寸 笔记本电脑（8吉字节内存）,笔记本电脑,品牌11,14英寸,8吉字节内存,黑色,16*1*1,1,CR47H,艾米,收货,上架
GaAELErWh,白色 品牌05 大号 游戏椅（人体工学）,游戏椅,品牌05,大号,人体工学,白色,16*1*1,8,DV38C,简,收货,上架
TVGL32FHGr,灰色 品牌31 32英寸 电视机（全高清）,电视机,品牌31,32英寸,全高清,灰色,8*1*1,7,DZ86H,大卫,收货,上架
TVYn32FHBl,黑色 品牌15 32英寸 电视机（全高清）,电视机,品牌15,32英寸,全高清,黑色,8*1*1,7,BY26E,亚历克斯,收货,上架
AlYn14i5Bl,黑色 品牌15 14英寸 一体机（第5代处理器）,一体机,品牌15,14英寸,第5代处理器,黑色,16*1*1,16,DS72F,莎拉,收货,上架
KeSu35WiBl,黑色 品牌11 350 键盘（有线）,键盘,品牌11,350,有线,黑色,16*10*1,36,CX31H,劳拉,收货,上架
MoHc27MeBl,黑色 品牌09 270 鼠标（机械式）,鼠标,品牌09,270,机械式,黑色,16*10*1,4,BS31D,大卫,收货,上架
CaTE12FiGr,灰色 品牌04 1200 文件柜（文件收纳）,文件柜,品牌04,1200,文件收纳,灰色,8*1*1,1,AS42H,艾米,收货,上架
CuRG12DoBe,米色 品牌03 1200 储物柜（带门式）,储物柜,品牌03,1200,带门式,米色,8*1*1,6,DI37F,简,收货,上架
TaTR10AdBl,黑色 品牌29 1000 桌子（可调节）,桌子,品牌29,1000,可调节,黑色,8*1*1,6,DU78H,克里斯,收货,上架
TaAE15AuGr,灰色 品牌05 1500 桌子（自动调节）,桌子,品牌05,1500,自动调节,灰色,8*1*1,2,AP76E,劳拉,收货,上架
CuWE18LoWh,白色 品牌02 1800 储物柜（储物锁柜）,储物柜,品牌02,1800,储物锁柜,白色,8*1*1,7,CJ96A,迈克,收货,上架
LaSu17i5Gr,灰色 品牌11 17英寸 笔记本电脑（第5代处理器）,笔记本电脑,品牌11,17英寸,第5代处理器,灰色,16*1*1,10,CL35G,简,收货,上架
CuWE90LoGr,灰色 品牌02 900 储物柜（储物锁柜）,储物柜,品牌02,900,储物锁柜,灰色,8*1*1,2,DG73B,约翰,收货,上架
LaYn178GBl,黑色 品牌15 17英寸 笔记本电脑（8吉字节内存）,笔记本电脑,品牌15,17英寸,8吉字节内存,黑色,16*1*1,3,AU14F,克里斯,收货,上架
PeNa24HeBl,黑色 品牌23 24 铅笔（六角形）,铅笔,品牌23,24,六角形,黑色,48*10*5,446,BV32H,简,收货,上架
CuWE90LoBe,米色 品牌02 900 储物柜（储物锁柜）,储物柜,品牌02,900,储物锁柜,米色,8*1*1,5,CJ22A,约翰,收货,上架
DrQE18SlBl,黑色 品牌01 1800 抽屉柜（滑动式）,抽屉柜,品牌01,1800,滑动式,黑色,8*1*1,2,BF26A,克里斯,收货,上架
LaSu1732Gr,灰色 品牌11 17英寸 笔记本电脑（32吉字节内存）,笔记本电脑,品牌11,17英寸,32吉字节内存,灰色,16*1*1,9,DW32C,迈克,收货,上架
CuWE18FiBe,米色 品牌02 1800 储物柜（文件收纳）,储物柜,品牌02,1800,文件收纳,米色,8*1*1,1,DR61C,艾米丽,收货,上架
OfSELErBl,黑色 品牌08 大号 办公椅（人体工学）,办公椅,品牌08,大号,人体工学,黑色,16*1*1,4,BX33H,迈克,收货,上架
LaSu148GWh,白色 品牌11 14英寸 笔记本电脑（8吉字节内存）,笔记本电脑,品牌11,14英寸,8吉字节内存,白色,16*1*1,2,BW17H,劳拉,收货,上架
PrSoA3MoGr,灰色 品牌25 三号纸 打印机（黑白）,打印机,品牌25,三号纸,黑白,灰色,16*1*1,3,BY52F,莎拉,收货,上架
PrPHA3MoBl,黑色 品牌12 三号纸 打印机（黑白）,打印机,品牌12,三号纸,黑白,黑色,16*1*1,13,CK10A,劳拉,收货,上架
LaOv1432Wh,白色 品牌13 14英寸 笔记本电脑（32吉字节内存）,笔记本电脑,品牌13,14英寸,32吉字节内存,白色,16*1*1,12,AI28D,迈克,收货,上架
KeSu45BlWh,白色 品牌11 450 键盘（蓝牙）,键盘,品牌11,450,蓝牙,白色,16*10*1,134,CX61H,莎拉,收货,上架
OfXEMErPi,粉色 品牌06 中号 办公椅（人体工学）,办公椅,品牌06,中号,人体工学,粉色,16*1*1,13,CS19H,艾米丽,收货,上架
CuWE90SlWh,白色 品牌02 900 储物柜（滑动式）,储物柜,品牌02,900,滑动式,白色,8*1*1,7,DF94B,大卫,收货,上架
OfXEMErBl,黑色 品牌06 中号 办公椅（人体工学）,办公椅,品牌06,中号,人体工学,黑色,16*1*1,9,DG85B,迈克,收货,上架
LaYn1716Bl,黑色 品牌15 17英寸 笔记本电脑（16吉字节内存）,笔记本电脑,品牌15,17英寸,16吉字节内存,黑色,16*1*1,16,AQ77C,艾米,收货,上架
CuRG18SlBe,米色 品牌03 1800 储物柜（滑动式）,储物柜,品牌03,1800,滑动式,米色,8*1*1,7,DU97F,简,收货,上架
GaXEMAdWh,白色 品牌06 中号 游戏椅（可调节）,游戏椅,品牌06,中号,可调节,白色,16*1*1,1,BW56E,劳拉,收货,上架
CaQE12LoBe,米色 品牌01 1200 文件柜（储物锁柜）,文件柜,品牌01,1200,储物锁柜,米色,8*1*1,8,AY92C,劳拉,收货,上架
MoHc27ErWh,白色 品牌09 270 鼠标（人体工学）,鼠标,品牌09,270,人体工学,白色,16*10*1,96,DK21B,大卫,收货,上架
TVYn42SFWh,白色 品牌15 42英寸 电视机（超级全高清）,电视机,品牌15,42英寸,超级全高清,白色,8*1*1,1,CX58F,大卫,收货,上架
NoScA4ruWh,白色 品牌17 四号纸 笔记本（横线）,笔记本,品牌17,四号纸,横线,白色,48*10*5,2127,CU87C,大卫,收货,上架
KeRe27MeNa,藏青色 品牌10 270 键盘（机械式）,键盘,品牌10,270,机械式,藏青色,16*10*1,139,DO40H,克里斯,收货,上架
DrQE18LoBl,黑色 品牌01 1800 抽屉柜（储物锁柜）,抽屉柜,品牌01,1800,储物锁柜,黑色,8*1*1,2,BS40G,约翰,收货,上架
AlPH1532Wh,白色 品牌12 15英寸 一体机（32吉字节内存）,一体机,品牌12,15英寸,32吉字节内存,白色,16*1*1,3,AO75B,大卫,收货,上架
PeRe12WaWh,白色 品牌22 12 铅笔（水彩）,铅笔,品牌22,12,水彩,白色,48*10*5,456,AS11H,艾米,收货,上架
TVGn50SFSi,银色 品牌30 50英寸 电视机（超级全高清）,电视机,品牌30,50英寸,超级全高清,银色,8*1*1,3,AF10B,莎拉,收货,上架
TaTR18WoBl,黑色 品牌29 1800 桌子（工作站）,桌子,品牌29,1800,工作站,黑色,8*1*1,7,AO93D,艾米丽,收货,上架
MoHc27ErPi,粉色 品牌09 270 鼠标（人体工学）,鼠标,品牌09,270,人体工学,粉色,16*10*1,34,BV06A,简,收货,上架
KeSu27WiNa,藏青色 品牌11 270 键盘（有线）,键盘,品牌11,270,有线,藏青色,16*10*1,20,BN07D,艾米丽,收货,上架
DrWE18DoBl,黑色 品牌02 1800 抽屉柜（带门式）,抽屉柜,品牌02,1800,带门式,黑色,8*1*1,1,AL12D,亚历克斯,收货,上架
LaSu15i5Wh,白色 品牌11 15英寸 笔记本电脑（第5代处理器）,笔记本电脑,品牌11,15英寸,第5代处理器,白色,16*1*1,2,BO01G,劳拉,收货,上架
AlSu17i7Gr,灰色 品牌11 17英寸 一体机（第7代处理器）,一体机,品牌11,17英寸,第7代处理器,灰色,16*1*1,2,CF40A,大卫,收货,上架
CuTE12SlWh,白色 品牌04 1200 储物柜（滑动式）,储物柜,品牌04,1200,滑动式,白色,8*1*1,3,CM77G,迈克,收货,上架
AlRe148GWh,白色 品牌14 14英寸 一体机（8吉字节内存）,一体机,品牌14,14英寸,8吉字节内存,白色,16*1*1,13,DI26C,克里斯,收货,上架
LaPH1732Gr,灰色 品牌12 17英寸 笔记本电脑（32吉字节内存）,笔记本电脑,品牌12,17英寸,32吉字节内存,灰色,16*1*1,3,AR57H,迈克,收货,上架
LaRe1732Si,银色 品牌14 17英寸 笔记本电脑（32吉字节内存）,笔记本电脑,品牌14,17英寸,32吉字节内存,银色,16*1*1,4,AO74B,劳拉,收货,上架
GaOGLHeWh,白色 品牌07 大号 游戏椅（头枕）,游戏椅,品牌07,大号,头枕,白色,16*1*1,15,CY07B,迈克,收货,上架
