商品编码,商品描述,商品类别,品牌,规格,功能特征,颜色,托盘规格,数量,库位编码,操作员工,来源动作,作业任务
NoGrA3ruGr,灰色 品牌18 三号纸 笔记本（横线）,笔记本,品牌18,三号纸,横线,灰色,48*10*5,2400,BH67H,艾米,收货,上架
LaYn1516Gr,灰色 品牌15 15英寸 笔记本电脑（16吉字节内存）,笔记本电脑,品牌15,15英寸,16吉字节内存,灰色,16*1*1,16,DI96A,约翰,收货,上架
PeRe12SoWh,白色 品牌22 12 铅笔（可溶性）,铅笔,品牌22,12,可溶性,白色,48*10*5,2400,BU43F,莎拉,收货,上架
TaTR15AuWh,白色 品牌28 1500 桌子（自动调节）,桌子,品牌28,1500,自动调节,白色,8*1*1,8,DM66B,迈克,收货,上架
AlOv178GGr,灰色 品牌13 17英寸 一体机（8吉字节内存）,一体机,品牌13,17英寸,8吉字节内存,灰色,16*1*1,16,AY83C,约翰,收货,上架
CaWE90LoWh,白色 品牌02 900 文件柜（储物锁柜）,文件柜,品牌02,900,储物锁柜,白色,8*1*1,8,CK97H,艾米,收货,上架
PeRe12SoBl,黑色 品牌22 12 铅笔（可溶性）,铅笔,品牌22,12,可溶性,黑色,48*10*5,2400,AF05E,劳拉,收货,上架
PeAl24HeWh,白色 品牌20 24 铅笔（六角形）,铅笔,品牌20,24,六角形,白色,48*10*5,2400,BR84B,简,收货,上架
GaXEMHePi,粉色 品牌06 中号 游戏椅（头枕）,游戏椅,品牌06,中号,头枕,粉色,16*1*1,16,DG14A,克里斯,收货,上架
CaRG18LoBl,黑色 品牌03 1800 文件柜（储物锁柜）,文件柜,品牌03,1800,储物锁柜,黑色,8*1*1,8,CO64D,约翰,收货,上架
TVEs42SFGr,灰色 品牌32 42英寸 电视机（超级全高清）,电视机,品牌32,42英寸,超级全高清,灰色,8*1*1,8,BG47H,艾米,收货,上架
DrTE18DoGr,灰色 品牌04 1800 抽屉柜（带门式）,抽屉柜,品牌04,1800,带门式,灰色,8*1*1,8,CH50A,艾米丽,收货,上架
SPRe12WaBl,黑色 品牌22 12 触控笔（水彩）,触控笔,品牌22,12,水彩,黑色,48*10*5,2400,DW54D,克里斯,收货,上架
DrQE18FiBe,米色 品牌01 1800 抽屉柜（文件收纳）,抽屉柜,品牌01,1800,文件收纳,米色,8*1*1,8,AH14F,劳拉,收货,上架
MoHc45ErPi,粉色 品牌09 450 鼠标（人体工学）,鼠标,品牌09,450,人体工学,粉色,16*10*1,160,BR40E,艾米,收货,上架
AlSu1732Bl,黑色 品牌11 17英寸 一体机（32吉字节内存）,一体机,品牌11,17英寸,32吉字节内存,黑色,16*1*1,16,DS11D,劳拉,收货,上架
CuWE90LoGr,灰色 品牌02 900 储物柜（储物锁柜）,储物柜,品牌02,900,储物锁柜,灰色,8*1*1,8,BF95H,简,收货,上架
GaSESLePi,粉色 品牌08 小号 游戏椅（皮革）,游戏椅,品牌08,小号,皮革,粉色,16*1*1,16,AP64G,亚历克斯,收货,上架
TVGL75S4Wh,白色 品牌31 75英寸 电视机（超级超高清）,电视机,品牌31,75英寸,超级超高清,白色,8*1*1,8,CO14D,迈克,收货,上架
AlPH1516Bl,黑色 品牌12 15英寸 一体机（16吉字节内存）,一体机,品牌12,15英寸,16吉字节内存,黑色,16*1*1,16,AX35A,亚历克斯,收货,上架
KeRe35BlBl,黑色 品牌10 350 键盘（蓝牙）,键盘,品牌10,350,蓝牙,黑色,16*10*1,160,DL20C,劳拉,收货,上架
OfXEMErPi,粉色 品牌06 中号 办公椅（人体工学）,办公椅,品牌06,中号,人体工学,粉色,16*1*1,16,CQ66C,莎拉,收货,上架
CaWE90SlBe,米色 品牌02 900 文件柜（滑动式）,文件柜,品牌02,900,滑动式,米色,8*1*1,8,DF22A,约翰,收货,上架
SPGi50SoWh,白色 品牌21 50 触控笔（可溶性）,触控笔,品牌21,50,可溶性,白色,48*10*5,2400,CP01G,艾米丽,收货,上架
KeSu27MePi,粉色 品牌11 270 键盘（机械式）,键盘,品牌11,270,机械式,粉色,16*10*1,160,DR18D,大卫,收货,上架
PeRe50SoWh,白色 品牌22 50 铅笔（可溶性）,铅笔,品牌22,50,可溶性,白色,48*10*5,2400,CI89A,亚历克斯,收货,上架
PrNoA3AlWh,白色 品牌26 三号纸 打印机（一体式）,打印机,品牌26,三号纸,一体式,白色,16*1*1,16,AY94H,艾米丽,收货,上架
TVYn32SFSi,银色 品牌15 32英寸 电视机（超级全高清）,电视机,品牌15,32英寸,超级全高清,银色,8*1*1,8,AG82E,艾米,收货,上架
LaSu15i5Si,银色 品牌11 15英寸 笔记本电脑（第5代处理器）,笔记本电脑,品牌11,15英寸,第5代处理器,银色,16*1*1,16,BM73H,艾米,收货,上架
LaSu14i5Si,银色 品牌11 14英寸 笔记本电脑（第5代处理器）,笔记本电脑,品牌11,14英寸,第5代处理器,银色,16*1*1,16,BK31E,简,收货,上架
MoPH45WiNa,藏青色 品牌12 450 鼠标（有线）,鼠标,品牌12,450,有线,藏青色,16*10*1,160,AJ54A,艾米,收货,上架
GaSELHeWh,白色 品牌08 大号 游戏椅（头枕）,游戏椅,品牌08,大号,头枕,白色,16*1*1,16,DK91H,劳拉,收货,上架
NoScA3doSi,银色 品牌17 三号纸 笔记本（点阵）,笔记本,品牌17,三号纸,点阵,银色,48*10*5,2400,AX47E,简,收货,上架
CuRG12LoBl,黑色 品牌03 1200 储物柜（储物锁柜）,储物柜,品牌03,1200,储物锁柜,黑色,8*1*1,8,BS89G,亚历克斯,收货,上架
CuTE18FiBe,米色 品牌04 1800 储物柜（文件收纳）,储物柜,品牌04,1800,文件收纳,米色,8*1*1,8,CY36A,克里斯,收货,上架
TVEs50S4Wh,白色 品牌32 50英寸 电视机（超级超高清）,电视机,品牌32,50英寸,超级超高清,白色,8*1*1,8,DV61F,大卫,收货,上架
DrWE90FiBl,黑色 品牌02 900 抽屉柜（文件收纳）,抽屉柜,品牌02,900,文件收纳,黑色,8*1*1,8,CL32D,迈克,收货,上架
TVYn32SFWh,白色 品牌15 32英寸 电视机（超级全高清）,电视机,品牌15,32英寸,超级全高清,白色,8*1*1,8,BR64C,劳拉,收货,上架
KePH45ErPi,粉色 品牌12 450 键盘（人体工学）,键盘,品牌12,450,人体工学,粉色,16*10*1,160,CM35G,大卫,收货,上架
TVYn32SFWh,白色 品牌15 32英寸 电视机（超级全高清）,电视机,品牌15,32英寸,超级全高清,白色,8*1*1,8,BS41E,简,收货,上架
CaRG90LoBe,米色 品牌03 900 文件柜（储物锁柜）,文件柜,品牌03,900,储物锁柜,米色,8*1*1,8,CQ47G,艾米丽,收货,上架
PrReA3InWh,白色 品牌24 三号纸 打印机（喷墨）,打印机,品牌24,三号纸,喷墨,白色,16*1*1,16,BK55H,莎拉,收货,上架
SPNa12SoGr,灰色 品牌23 12 触控笔（可溶性）,触控笔,品牌23,12,可溶性,灰色,48*10*5,2400,DG44G,大卫,收货,上架
CaTE90FiGr,灰色 品牌04 900 文件柜（文件收纳）,文件柜,品牌04,900,文件收纳,灰色,8*1*1,8,AP47H,艾米,收货,上架
TVEs42FHBl,黑色 品牌32 42英寸 电视机（全高清）,电视机,品牌32,42英寸,全高清,黑色,8*1*1,8,AH75F,艾米丽,收货,上架
TaCI10WoWh,白色 品牌27 1000 桌子（工作站）,桌子,品牌27,1000,工作站,白色,8*1*1,8,CT85C,约翰,收货,上架
TaTR15WoWh,白色 品牌29 1500 桌子（工作站）,桌子,品牌29,1500,工作站,白色,8*1*1,8,CS13A,迈克,收货,上架
PrSoA4MoMi,混合色 品牌25 四号纸 打印机（黑白）,打印机,品牌25,四号纸,黑白,混合色,16*1*1,16,CW24D,大卫,收货,上架
TaAE18AdBl,黑色 品牌05 1800 桌子（可调节）,桌子,品牌05,1800,可调节,黑色,8*1*1,8,CO90B,艾米,收货,上架
LaOv14i5Bl,黑色 品牌13 14英寸 笔记本电脑（第5代处理器）,笔记本电脑,品牌13,14英寸,第5代处理器,黑色,16*1*1,16,AL82A,劳拉,收货,上架
CuWE12DoBe,米色 品牌02 1200 储物柜（带门式）,储物柜,品牌02,1200,带门式,米色,8*1*1,8,CU11C,莎拉,收货,上架
DrWE12DoGr,灰色 品牌02 1200 抽屉柜（带门式）,抽屉柜,品牌02,1200,带门式,灰色,8*1*1,8,AP31A,莎拉,收货,上架
GaOGLLePi,粉色 品牌07 大号 游戏椅（皮革）,游戏椅,品牌07,大号,皮革,粉色,16*1*1,16,BX74F,艾米丽,收货,上架
TVEs32S4Bl,黑色 品牌32 32英寸 电视机（超级超高清）,电视机,品牌32,32英寸,超级超高清,黑色,8*1*1,8,DU85A,劳拉,收货,上架
AlYn15i5Gr,灰色 品牌15 15英寸 一体机（第5代处理器）,一体机,品牌15,15英寸,第5代处理器,灰色,16*1*1,16,BV42C,克里斯,收货,上架
PeNa50WaPi,粉色 品牌23 50 铅笔（水彩）,铅笔,品牌23,50,水彩,粉色,48*10*5,2400,BW30H,艾米,收货,上架
MoPH45WiBl,黑色 品牌12 450 鼠标（有线）,鼠标,品牌12,450,有线,黑色,16*10*1,160,BY79F,亚历克斯,收货,上架
LaOv17i5Bl,黑色 品牌13 17英寸 笔记本电脑（第5代处理器）,笔记本电脑,品牌13,17英寸,第5代处理器,黑色,16*1*1,16,CK04D,约翰,收货,上架
LaPH17i7Bl,黑色 品牌12 17英寸 笔记本电脑（第7代处理器）,笔记本电脑,品牌12,17英寸,第7代处理器,黑色,16*1*1,16,AZ05C,艾米丽,收货,上架
MoPH27BlBl,黑色 品牌12 270 鼠标（蓝牙）,鼠标,品牌12,270,蓝牙,黑色,16*10*1,160,BT13H,亚历克斯,收货,上架
OfOGLAdPi,粉色 品牌07 大号 办公椅（可调节）,办公椅,品牌07,大号,可调节,粉色,16*1*1,16,BX78D,莎拉,收货,上架
GaOGMHeBl,黑色 品牌07 中号 游戏椅（头枕）,游戏椅,品牌07,中号,头枕,黑色,16*1*1,16,DU61A,约翰,收货,上架
PrReA4AlGr,灰色 品牌24 四号纸 打印机（一体式）,打印机,品牌24,四号纸,一体式,灰色,16*1*1,16,CN04D,简,收货,上架
LaYn15i5Gr,灰色 品牌15 15英寸 笔记本电脑（第5代处理器）,笔记本电脑,品牌15,15英寸,第5代处理器,灰色,16*1*1,16,AH92E,亚历克斯,收货,上架
LaRe14i7Gr,灰色 品牌14 14英寸 笔记本电脑（第7代处理器）,笔记本电脑,品牌14,14英寸,第7代处理器,灰色,16*1*1,16,CY21H,克里斯,收货,上架
GaOGMLeWh,白色 品牌07 中号 游戏椅（皮革）,游戏椅,品牌07,中号,皮革,白色,16*1*1,16,DK97G,劳拉,收货,上架
OfSEMLeBl,黑色 品牌08 中号 办公椅（皮革）,办公椅,品牌08,中号,皮革,黑色,16*1*1,16,CZ21E,艾米丽,收货,上架
GaSELLeGr,灰色 品牌08 大号 游戏椅（皮革）,游戏椅,品牌08,大号,皮革,灰色,16*1*1,16,CQ87G,迈克,收货,上架
CuTE18SlBe,米色 品牌04 1800 储物柜（滑动式）,储物柜,品牌04,1800,滑动式,米色,8*1*1,8,AN09B,约翰,收货,上架
OfOGMHeWh,白色 品牌07 中号 办公椅（头枕）,办公椅,品牌07,中号,头枕,白色,16*1*1,16,CG29C,克里斯,收货,上架
DrWE90FiWh,白色 品牌02 900 抽屉柜（文件收纳）,抽屉柜,品牌02,900,文件收纳,白色,8*1*1,8,AP98H,约翰,收货,上架
PrSoA3MoBl,黑色 品牌25 三号纸 打印机（黑白）,打印机,品牌25,三号纸,黑白,黑色,16*1*1,16,BF32B,艾米,收货,上架
AlPH1416Wh,白色 品牌12 14英寸 一体机（16吉字节内存）,一体机,品牌12,14英寸,16吉字节内存,白色,16*1*1,16,BL39H,劳拉,收货,上架
CaWE12SlBl,黑色 品牌02 1200 文件柜（滑动式）,文件柜,品牌02,1200,滑动式,黑色,8*1*1,8,AK94C,迈克,收货,上架
DrQE18FiWh,白色 品牌01 1800 抽屉柜（文件收纳）,抽屉柜,品牌01,1800,文件收纳,白色,8*1*1,8,DW11E,克里斯,收货,上架
AlRe1416Gr,灰色 品牌14 14英寸 一体机（16吉字节内存）,一体机,品牌14,14英寸,16吉字节内存,灰色,16*1*1,16,DU13D,简,收货,上架
MoSu45MeNa,藏青色 品牌11 450 鼠标（机械式）,鼠标,品牌11,450,机械式,藏青色,16*10*1,160,CU39B,迈克,收货,上架
KeHc27BlBl,黑色 品牌09 270 键盘（蓝牙）,键盘,品牌09,270,蓝牙,黑色,16*10*1,160,DH47A,艾米,收货,上架
AlRe148GWh,白色 品牌14 14英寸 一体机（8吉字节内存）,一体机,品牌14,14英寸,8吉字节内存,白色,16*1*1,16,CW02A,简,收货,上架
PrReA4WiBl,黑色 品牌24 四号纸 打印机（无线网络）,打印机,品牌24,四号纸,无线网络,黑色,16*1*1,16,CN67G,简,收货,上架
TaAE18AuBl,黑色 品牌05 1800 桌子（自动调节）,桌子,品牌05,1800,自动调节,黑色,8*1*1,8,DQ90D,亚历克斯,收货,上架
MoSu35MePi,粉色 品牌11 350 鼠标（机械式）,鼠标,品牌11,350,机械式,粉色,16*10*1,160,DJ54E,迈克,收货,上架
LaSu14i7Wh,白色 品牌11 14英寸 笔记本电脑（第7代处理器）,笔记本电脑,品牌11,14英寸,第7代处理器,白色,16*1*1,16,AZ82B,莎拉,收货,上架
PeRe24HeGr,灰色 品牌22 24 铅笔（六角形）,铅笔,品牌22,24,六角形,灰色,48*10*5,2400,AF87E,简,收货,上架
LaRe14i7Si,银色 品牌14 14英寸 笔记本电脑（第7代处理器）,笔记本电脑,品牌14,14英寸,第7代处理器,银色,16*1*1,16,BS30F,克里斯,收货,上架
MoPH45MeWh,白色 品牌12 450 鼠标（机械式）,鼠标,品牌12,450,机械式,白色,16*10*1,160,CX93D,简,收货,上架
GaOGLErGr,灰色 品牌07 大号 游戏椅（人体工学）,游戏椅,品牌07,大号,人体工学,灰色,16*1*1,16,BQ85G,简,收货,上架
NoGrA5ruWh,白色 品牌18 五号纸 笔记本（横线）,笔记本,品牌18,五号纸,横线,白色,48*10*5,2400,BF76H,克里斯,收货,上架
AlRe14i5Bl,黑色 品牌14 14英寸 一体机（第5代处理器）,一体机,品牌14,14英寸,第5代处理器,黑色,16*1*1,16,BH34G,亚历克斯,收货,上架
AlSu17i5Gr,灰色 品牌11 17英寸 一体机（第5代处理器）,一体机,品牌11,17英寸,第5代处理器,灰色,16*1*1,16,AJ03D,艾米,收货,上架
LaPH1416Si,银色 品牌12 14英寸 笔记本电脑（16吉字节内存）,笔记本电脑,品牌12,14英寸,16吉字节内存,银色,16*1*1,16,DI45E,大卫,收货,上架
PrReA4WiWh,白色 品牌24 四号纸 打印机（无线网络）,打印机,品牌24,四号纸,无线网络,白色,16*1*1,16,BR50B,莎拉,收货,上架
TaTR10AdWh,白色 品牌28 1000 桌子（可调节）,桌子,品牌28,1000,可调节,白色,8*1*1,8,AF02A,约翰,收货,上架
DrQE18LoBl,黑色 品牌01 1800 抽屉柜（储物锁柜）,抽屉柜,品牌01,1800,储物锁柜,黑色,8*1*1,8,DU22H,艾米,收货,上架
MoRe27MeNa,藏青色 品牌10 270 鼠标（机械式）,鼠标,品牌10,270,机械式,藏青色,16*10*1,160,CK40H,亚历克斯,收货,上架
OfSEMAdWh,白色 品牌08 中号 办公椅（可调节）,办公椅,品牌08,中号,可调节,白色,16*1*1,16,CK30E,简,收货,上架
SPGi24WaWh,白色 品牌21 24 触控笔（水彩）,触控笔,品牌21,24,水彩,白色,48*10*5,2400,BZ32F,迈克,收货,上架
GaSEMErGr,灰色 品牌08 中号 游戏椅（人体工学）,游戏椅,品牌08,中号,人体工学,灰色,16*1*1,16,CL31B,迈克,收货,上架
AlOv17i5Gr,灰色 品牌13 17英寸 一体机（第5代处理器）,一体机,品牌13,17英寸,第5代处理器,灰色,16*1*1,16,AQ51B,简,收货,上架
GaAESLeWh,白色 品牌05 小号 游戏椅（皮革）,游戏椅,品牌05,小号,皮革,白色,16*1*1,16,DS45G,艾米丽,收货,上架
MoHc27MeBl,黑色 品牌09 270 鼠标（机械式）,鼠标,品牌09,270,机械式,黑色,16*10*1,160,BL61C,简,收货,上架
AlPH17i7Wh,白色 品牌12 17英寸 一体机（第7代处理器）,一体机,品牌12,17英寸,第7代处理器,白色,16*1*1,16,BL84B,迈克,收货,上架
KeSu45MePi,粉色 品牌11 450 键盘（机械式）,键盘,品牌11,450,机械式,粉色,16*10*1,160,DU11F,大卫,收货,上架
SPGi50SoBl,黑色 品牌21 50 触控笔（可溶性）,触控笔,品牌21,50,可溶性,黑色,48*10*5,2400,DF26H,简,收货,上架
AlRe1516Gr,灰色 品牌14 15英寸 一体机（16吉字节内存）,一体机,品牌14,15英寸,16吉字节内存,灰色,16*1*1,16,AT34A,克里斯,收货,上架
KeHc27ErBl,黑色 品牌09 270 键盘（人体工学）,键盘,品牌09,270,人体工学,黑色,16*10*1,160,CV68E,大卫,收货,上架
MoPH45MePi,粉色 品牌12 450 鼠标（机械式）,鼠标,品牌12,450,机械式,粉色,16*10*1,160,AO96D,莎拉,收货,上架
NoExA3liGr,灰色 品牌16 三号纸 笔记本（线条）,笔记本,品牌16,三号纸,线条,灰色,48*10*5,2400,DU63F,劳拉,收货,上架
SPAl12WaPi,粉色 品牌20 12 触控笔（水彩）,触控笔,品牌20,12,水彩,粉色,48*10*5,2400,AR61B,莎拉,收货,上架
AlOv14i7Bl,黑色 品牌13 14英寸 一体机（第7代处理器）,一体机,品牌13,14英寸,第7代处理器,黑色,16*1*1,16,BJ53H,艾米,收货,上架
CuTE12DoBe,米色 品牌04 1200 储物柜（带门式）,储物柜,品牌04,1200,带门式,米色,8*1*1,8,BY34G,约翰,收货,上架
GaOGMErPi,粉色 品牌07 中号 游戏椅（人体工学）,游戏椅,品牌07,中号,人体工学,粉色,16*1*1,16,DL24H,迈克,收货,上架
KeSu27WiWh,白色 品牌11 270 键盘（有线）,键盘,品牌11,270,有线,白色,16*10*1,160,BV24E,克里斯,收货,上架
TaCI10AuGr,灰色 品牌27 1000 桌子（自动调节）,桌子,品牌27,1000,自动调节,灰色,8*1*1,8,AQ29F,约翰,收货,上架
AlPH1716Si,银色 品牌12 17英寸 一体机（16吉字节内存）,一体机,品牌12,17英寸,16吉字节内存,银色,16*1*1,16,AV28E,莎拉,收货,上架
CaRG90DoGr,灰色 品牌03 900 文件柜（带门式）,文件柜,品牌03,900,带门式,灰色,8*1*1,8,BQ19C,简,收货,上架
GaOGLAdPi,粉色 品牌07 大号 游戏椅（可调节）,游戏椅,品牌07,大号,可调节,粉色,16*1*1,16,CH46H,艾米丽,收货,上架
LaRe15i7Wh,白色 品牌14 15英寸 笔记本电脑（第7代处理器）,笔记本电脑,品牌14,15英寸,第7代处理器,白色,16*1*1,16,CF62F,莎拉,收货,上架
PrReA3WiBl,黑色 品牌24 三号纸 打印机（无线网络）,打印机,品牌24,三号纸,无线网络,黑色,16*1*1,16,CK98A,劳拉,收货,上架
TVYn50FHSi,银色 品牌15 50英寸 电视机（全高清）,电视机,品牌15,50英寸,全高清,银色,8*1*1,8,CI64F,约翰,收货,上架
OfXELAdWh,白色 品牌06 大号 办公椅（可调节）,办公椅,品牌06,大号,可调节,白色,16*1*1,16,CF27F,劳拉,收货,上架
TVGL42FHBl,黑色 品牌31 42英寸 电视机（全高清）,电视机,品牌31,42英寸,全高清,黑色,8*1*1,8,AF90A,迈克,收货,上架
KeRe27WiNa,藏青色 品牌10 270 键盘（有线）,键盘,品牌10,270,有线,藏青色,16*10*1,160,BJ48A,大卫,收货,上架
GaSEMAdBl,黑色 品牌08 中号 游戏椅（可调节）,游戏椅,品牌08,中号,可调节,黑色,16*1*1,16,DP29H,大卫,收货,上架
TaTR18FrWh,白色 品牌28 1800 桌子（框架式）,桌子,品牌28,1800,框架式,白色,8*1*1,8,AH59A,简,收货,上架
NoExA3liBl,黑色 品牌16 三号纸 笔记本（线条）,笔记本,品牌16,三号纸,线条,黑色,48*10*5,2400,CM02B,迈克,收货,上架
CuTE12FiBe,米色 品牌04 1200 储物柜（文件收纳）,储物柜,品牌04,1200,文件收纳,米色,8*1*1,8,DX36D,艾米,收货,上架
MoHc27BlBl,黑色 品牌09 270 鼠标（蓝牙）,鼠标,品牌09,270,蓝牙,黑色,16*10*1,160,DP79C,莎拉,收货,上架
MoRe27WiNa,藏青色 品牌10 270 鼠标（有线）,鼠标,品牌10,270,有线,藏青色,16*10*1,160,BG61F,简,收货,上架
LaSu1716Gr,灰色 品牌11 17英寸 笔记本电脑（16吉字节内存）,笔记本电脑,品牌11,17英寸,16吉字节内存,灰色,16*1*1,16,DS71C,约翰,收货,上架
TaAE18FrSi,银色 品牌05 1800 桌子（框架式）,桌子,品牌05,1800,框架式,银色,8*1*1,8,AY05G,艾米,收货,上架
KeHc35WiNa,藏青色 品牌09 350 键盘（有线）,键盘,品牌09,350,有线,藏青色,16*10*1,160,BI39C,亚历克斯,收货,上架
SPAl12SoPi,粉色 品牌20 12 触控笔（可溶性）,触控笔,品牌20,12,可溶性,粉色,48*10*5,2400,DP51B,艾米丽,收货,上架
TVGn75S4Bl,黑色 品牌30 75英寸 电视机（超级超高清）,电视机,品牌30,75英寸,超级超高清,黑色,8*1*1,8,BL41E,克里斯,收货,上架
NoScA4doGr,灰色 品牌17 四号纸 笔记本（点阵）,笔记本,品牌17,四号纸,点阵,灰色,48*10*5,2400,AV01F,亚历克斯,收货,上架
AlRe158GWh,白色 品牌14 15英寸 一体机（8吉字节内存）,一体机,品牌14,15英寸,8吉字节内存,白色,16*1*1,16,DY73G,艾米,收货,上架
KeHc35WiBl,黑色 品牌09 350 键盘（有线）,键盘,品牌09,350,有线,黑色,16*10*1,160,AR91G,劳拉,收货,上架
TVEs754KBl,黑色 品牌32 75英寸 电视机（超高清）,电视机,品牌32,75英寸,超高清,黑色,8*1*1,8,BV85E,亚历克斯,收货,上架
TaCI10AuBl,黑色 品牌27 1000 桌子（自动调节）,桌子,品牌27,1000,自动调节,黑色,8*1*1,8,CL04H,莎拉,收货,上架
PrReA2WiMi,混合色 品牌24 二号纸 打印机（无线网络）,打印机,品牌24,二号纸,无线网络,混合色,16*1*1,16,BT92B,迈克,收货,上架
KeSu45BlBl,黑色 品牌11 450 键盘（蓝牙）,键盘,品牌11,450,蓝牙,黑色,16*10*1,160,AT29C,亚历克斯,收货,上架
KePH27MeNa,藏青色 品牌12 270 键盘（机械式）,键盘,品牌12,270,机械式,藏青色,16*10*1,160,BX92E,劳拉,收货,上架
TVGn42SFWh,白色 品牌30 42英寸 电视机（超级全高清）,电视机,品牌30,42英寸,超级全高清,白色,8*1*1,8,BJ64H,劳拉,收货,上架
LaSu1716Gr,灰色 品牌11 17英寸 笔记本电脑（16吉字节内存）,笔记本电脑,品牌11,17英寸,16吉字节内存,灰色,16*1*1,16,CZ15H,大卫,收货,上架
TVEs654KSi,银色 品牌32 65英寸 电视机（超高清）,电视机,品牌32,65英寸,超高清,银色,8*1*1,8,AQ02D,亚历克斯,收货,上架
TVGL32S4Gr,灰色 品牌31 32英寸 电视机（超级超高清）,电视机,品牌31,32英寸,超级超高清,灰色,8*1*1,8,BF60F,莎拉,收货,上架
OfSELErPi,粉色 品牌08 大号 办公椅（人体工学）,办公椅,品牌08,大号,人体工学,粉色,16*1*1,16,AX15D,约翰,收货,上架
AlPH1416Bl,黑色 品牌12 14英寸 一体机（16吉字节内存）,一体机,品牌12,14英寸,16吉字节内存,黑色,16*1*1,16,CI61E,艾米丽,收货,上架
AlSu158GSi,银色 品牌11 15英寸 一体机（8吉字节内存）,一体机,品牌11,15英寸,8吉字节内存,银色,16*1*1,16,CZ09H,约翰,收货,上架
TVGn75S4Gr,灰色 品牌30 75英寸 电视机（超级超高清）,电视机,品牌30,75英寸,超级超高清,灰色,8*1*1,8,BI37G,迈克,收货,上架
CuWE90DoBl,黑色 品牌02 900 储物柜（带门式）,储物柜,品牌02,900,带门式,黑色,8*1*1,8,AZ48H,大卫,收货,上架
PrNoA2MoWh,白色 品牌26 二号纸 打印机（黑白）,打印机,品牌26,二号纸,黑白,白色,16*1*1,16,BL12D,大卫,收货,上架
MoSu27BlNa,藏青色 品牌11 270 鼠标（蓝牙）,鼠标,品牌11,270,蓝牙,藏青色,16*10*1,160,AF34D,亚历克斯,收货,上架
TVYn754KWh,白色 品牌15 75英寸 电视机（超高清）,电视机,品牌15,75英寸,超高清,白色,8*1*1,8,CK08G,约翰,收货,上架
CaTE18FiBe,米色 品牌04 1800 文件柜（文件收纳）,文件柜,品牌04,1800,文件收纳,米色,8*1*1,8,AO08H,约翰,收货,上架
SPNa12SoWh,白色 品牌23 12 触控笔（可溶性）,触控笔,品牌23,12,可溶性,白色,48*10*5,2400,DG01F,克里斯,收货,上架
LaYn1516Bl,黑色 品牌15 15英寸 笔记本电脑（16吉字节内存）,笔记本电脑,品牌15,15英寸,16吉字节内存,黑色,16*1*1,16,BJ16C,简,收货,上架
LaSu1516Wh,白色 品牌11 15英寸 笔记本电脑（16吉字节内存）,笔记本电脑,品牌11,15英寸,16吉字节内存,白色,16*1*1,16,BX65D,迈克,收货,上架
DrRG18DoGr,灰色 品牌03 1800 抽屉柜（带门式）,抽屉柜,品牌03,1800,带门式,灰色,8*1*1,8,BI31A,艾米丽,收货,上架
OfAESHePi,粉色 品牌05 小号 办公椅（头枕）,办公椅,品牌05,小号,头枕,粉色,16*1*1,16,BT64E,克里斯,收货,上架
TVYn75SFBl,黑色 品牌15 75英寸 电视机（超级全高清）,电视机,品牌15,75英寸,超级全高清,黑色,8*1*1,8,DI79B,简,收货,上架
MoRe45WiWh,白色 品牌10 450 鼠标（有线）,鼠标,品牌10,450,有线,白色,16*10*1,160,AZ37D,艾米丽,收货,上架
PrReA3WiBl,黑色 品牌24 三号纸 打印机（无线网络）,打印机,品牌24,三号纸,无线网络,黑色,16*1*1,16,CY20D,艾米,收货,上架
TVGn32S4Si,银色 品牌30 32英寸 电视机（超级超高清）,电视机,品牌30,32英寸,超级超高清,银色,8*1*1,8,BM05C,克里斯,收货,上架
AlSu1432Bl,黑色 品牌11 14英寸 一体机（32吉字节内存）,一体机,品牌11,14英寸,32吉字节内存,黑色,16*1*1,16,AT04D,简,收货,上架
PrSoA4LaBl,黑色 品牌25 四号纸 打印机（激光）,打印机,品牌25,四号纸,激光,黑色,16*1*1,16,DZ97F,迈克,收货,上架
AlRe1716Si,银色 品牌14 17英寸 一体机（16吉字节内存）,一体机,品牌14,17英寸,16吉字节内存,银色,16*1*1,16,DX05A,迈克,收货,上架
PrNoA3LaMi,混合色 品牌26 三号纸 打印机（激光）,打印机,品牌26,三号纸,激光,混合色,16*1*1,16,CJ10D,简,收货,上架
CaWE12SlWh,白色 品牌02 1200 文件柜（滑动式）,文件柜,品牌02,1200,滑动式,白色,8*1*1,8,DR51H,劳拉,收货,上架
PrReA3LaBl,黑色 品牌24 三号纸 打印机（激光）,打印机,品牌24,三号纸,激光,黑色,16*1*1,16,DU03A,亚历克斯,收货,上架
LaYn1432Bl,黑色 品牌15 14英寸 笔记本电脑（32吉字节内存）,笔记本电脑,品牌15,14英寸,32吉字节内存,黑色,16*1*1,16,BK37G,亚历克斯,收货,上架
CaQE90DoBe,米色 品牌01 900 文件柜（带门式）,文件柜,品牌01,900,带门式,米色,8*1*1,8,BK51D,克里斯,收货,上架
CaWE90FiGr,灰色 品牌02 900 文件柜（文件收纳）,文件柜,品牌02,900,文件收纳,灰色,8*1*1,8,AG45H,约翰,收货,上架
LaRe1716Si,银色 品牌14 17英寸 笔记本电脑（16吉字节内存）,笔记本电脑,品牌14,17英寸,16吉字节内存,银色,16*1*1,16,BX60D,大卫,收货,上架
MoPH27ErPi,粉色 品牌12 270 鼠标（人体工学）,鼠标,品牌12,270,人体工学,粉色,16*10*1,160,CS47B,简,收货,上架
PeAl24SoWh,白色 品牌20 24 铅笔（可溶性）,铅笔,品牌20,24,可溶性,白色,48*10*5,2400,AX23D,亚历克斯,收货,上架
OfSEMAdBl,黑色 品牌08 中号 办公椅（可调节）,办公椅,品牌08,中号,可调节,黑色,16*1*1,16,DP34C,克里斯,收货,上架
TaTR10FrBl,黑色 品牌28 1000 桌子（框架式）,桌子,品牌28,1000,框架式,黑色,8*1*1,8,BU49E,约翰,收货,上架
MoRe35MeBl,黑色 品牌10 350 鼠标（机械式）,鼠标,品牌10,350,机械式,黑色,16*10*1,160,DV35H,约翰,收货,上架
LaYn14i5Bl,黑色 品牌15 14英寸 笔记本电脑（第5代处理器）,笔记本电脑,品牌15,14英寸,第5代处理器,黑色,16*1*1,16,AK15G,劳拉,收货,上架
MoPH27BlBl,黑色 品牌12 270 鼠标（蓝牙）,鼠标,品牌12,270,蓝牙,黑色,16*10*1,160,CH66B,迈克,收货,上架
MoSu35MePi,粉色 品牌11 350 鼠标（机械式）,鼠标,品牌11,350,机械式,粉色,16*10*1,160,BJ08F,约翰,收货,上架
NoGrA5liWh,白色 品牌18 五号纸 笔记本（线条）,笔记本,品牌18,五号纸,线条,白色,48*10*5,2400,CZ84H,克里斯,收货,上架
MoSu35BlNa,藏青色 品牌11 350 鼠标（蓝牙）,鼠标,品牌11,350,蓝牙,藏青色,16*10*1,160,AZ84G,约翰,收货,上架
AlSu1516Wh,白色 品牌11 15英寸 一体机（16吉字节内存）,一体机,品牌11,15英寸,16吉字节内存,白色,16*1*1,16,AK26A,艾米,收货,上架
OfAESLeGr,灰色 品牌05 小号 办公椅（皮革）,办公椅,品牌05,小号,皮革,灰色,16*1*1,16,BZ72F,艾米,收货,上架
OfOGSErGr,灰色 品牌07 小号 办公椅（人体工学）,办公椅,品牌07,小号,人体工学,灰色,16*1*1,16,DP87B,大卫,收货,上架
CuTE18LoGr,灰色 品牌04 1800 储物柜（储物锁柜）,储物柜,品牌04,1800,储物锁柜,灰色,8*1*1,8,CX48F,亚历克斯,收货,上架
NoExA5liWh,白色 品牌16 五号纸 笔记本（线条）,笔记本,品牌16,五号纸,线条,白色,48*10*5,2400,CP66H,亚历克斯,收货,上架
AlPH1532Gr,灰色 品牌12 15英寸 一体机（32吉字节内存）,一体机,品牌12,15英寸,32吉字节内存,灰色,16*1*1,16,DS88C,劳拉,收货,上架
MoRe35MeNa,藏青色 品牌10 350 鼠标（机械式）,鼠标,品牌10,350,机械式,藏青色,16*10*1,160,BO81H,亚历克斯,收货,上架
CuRG90SlBe,米色 品牌03 900 储物柜（滑动式）,储物柜,品牌03,900,滑动式,米色,8*1*1,8,BW60H,约翰,收货,上架
OfAESAdBl,黑色 品牌05 小号 办公椅（可调节）,办公椅,品牌05,小号,可调节,黑色,16*1*1,16,CZ39F,艾米,收货,上架
AlSu14i5Gr,灰色 品牌11 14英寸 一体机（第5代处理器）,一体机,品牌11,14英寸,第5代处理器,灰色,16*1*1,16,BP69F,莎拉,收货,上架
LaOv148GGr,灰色 品牌13 14英寸 笔记本电脑（8吉字节内存）,笔记本电脑,品牌13,14英寸,8吉字节内存,灰色,16*1*1,16,DP27E,莎拉,收货,上架
AlYn15i5Bl,黑色 品牌15 15英寸 一体机（第5代处理器）,一体机,品牌15,15英寸,第5代处理器,黑色,16*1*1,16,BF18F,艾米丽,收货,上架
DrWE12DoBe,米色 品牌02 1200 抽屉柜（带门式）,抽屉柜,品牌02,1200,带门式,米色,8*1*1,8,BU23G,亚历克斯,收货,上架
LaSu1732Wh,白色 品牌11 17英寸 笔记本电脑（32吉字节内存）,笔记本电脑,品牌11,17英寸,32吉字节内存,白色,16*1*1,16,DJ20D,艾米丽,收货,上架
CuQE90FiGr,灰色 品牌01 900 储物柜（文件收纳）,储物柜,品牌01,900,文件收纳,灰色,8*1*1,8,CS82H,艾米丽,收货,上架
PrSoA4MoGr,灰色 品牌25 四号纸 打印机（黑白）,打印机,品牌25,四号纸,黑白,灰色,16*1*1,16,BU33C,简,收货,上架
OfOGSErWh,白色 品牌07 小号 办公椅（人体工学）,办公椅,品牌07,小号,人体工学,白色,16*1*1,16,DH28G,劳拉,收货,上架
CuRG18SlBe,米色 品牌03 1800 储物柜（滑动式）,储物柜,品牌03,1800,滑动式,米色,8*1*1,8,CM10H,约翰,收货,上架
DrTE18LoWh,白色 品牌04 1800 抽屉柜（储物锁柜）,抽屉柜,品牌04,1800,储物锁柜,白色,8*1*1,8,DT87C,艾米,收货,上架
DrTE18LoBe,米色 品牌04 1800 抽屉柜（储物锁柜）,抽屉柜,品牌04,1800,储物锁柜,米色,8*1*1,8,AQ86E,艾米丽,收货,上架
CuRG12FiWh,白色 品牌03 1200 储物柜（文件收纳）,储物柜,品牌03,1200,文件收纳,白色,8*1*1,8,AZ80F,大卫,收货,上架
GaOGMErBl,黑色 品牌07 中号 游戏椅（人体工学）,游戏椅,品牌07,中号,人体工学,黑色,16*1*1,16,CR11C,简,收货,上架
SPAl12WaPi,粉色 品牌20 12 触控笔（水彩）,触控笔,品牌20,12,水彩,粉色,48*10*5,2400,BU34D,艾米丽,收货,上架
LaYn14i7Gr,灰色 品牌15 14英寸 笔记本电脑（第7代处理器）,笔记本电脑,品牌15,14英寸,第7代处理器,灰色,16*1*1,16,CZ26A,劳拉,收货,上架
TVYn50SFBl,黑色 品牌15 50英寸 电视机（超级全高清）,电视机,品牌15,50英寸,超级全高清,黑色,8*1*1,8,DX87A,约翰,收货,上架
MoRe27MeWh,白色 品牌10 270 鼠标（机械式）,鼠标,品牌10,270,机械式,白色,16*10*1,160,CJ06D,亚历克斯,收货,上架
MoSu45ErBl,黑色 品牌11 450 鼠标（人体工学）,鼠标,品牌11,450,人体工学,黑色,16*10*1,160,DI31B,艾米,收货,上架
LaYn1516Bl,黑色 品牌15 15英寸 笔记本电脑（16吉字节内存）,笔记本电脑,品牌15,15英寸,16吉字节内存,黑色,16*1*1,16,CY64F,劳拉,收货,上架
OfAEMErPi,粉色 品牌05 中号 办公椅（人体工学）,办公椅,品牌05,中号,人体工学,粉色,16*1*1,16,BM01D,亚历克斯,收货,上架
AlOv1732Gr,灰色 品牌13 17英寸 一体机（32吉字节内存）,一体机,品牌13,17英寸,32吉字节内存,灰色,16*1*1,16,CQ35G,迈克,收货,上架
TaTR18AdSi,银色 品牌28 1800 桌子（可调节）,桌子,品牌28,1800,可调节,银色,8*1*1,8,CV15G,莎拉,收货,上架
NoScA5doSi,银色 品牌17 五号纸 笔记本（点阵）,笔记本,品牌17,五号纸,点阵,银色,48*10*5,2400,CR74H,简,收货,上架
GaSELAdGr,灰色 品牌08 大号 游戏椅（可调节）,游戏椅,品牌08,大号,可调节,灰色,16*1*1,16,DY89D,迈克,收货,上架
PrSoA2InWh,白色 品牌25 二号纸 打印机（喷墨）,打印机,品牌25,二号纸,喷墨,白色,16*1*1,16,DH02C,亚历克斯,收货,上架
DrTE90LoGr,灰色 品牌04 900 抽屉柜（储物锁柜）,抽屉柜,品牌04,900,储物锁柜,灰色,8*1*1,8,AO23F,迈克,收货,上架
KeSu45WiPi,粉色 品牌11 450 键盘（有线）,键盘,品牌11,450,有线,粉色,16*10*1,160,BO07F,亚历克斯,收货,上架
TVGn75SFSi,银色 品牌30 75英寸 电视机（超级全高清）,电视机,品牌30,75英寸,超级全高清,银色,8*1*1,8,BW93B,大卫,收货,上架
CuWE90FiBe,米色 品牌02 900 储物柜（文件收纳）,储物柜,品牌02,900,文件收纳,米色,8*1*1,8,BT01G,约翰,收货,上架
CaTE12DoBe,米色 品牌04 1200 文件柜（带门式）,文件柜,品牌04,1200,带门式,米色,8*1*1,8,CL01C,克里斯,收货,上架
AlYn1432Wh,白色 品牌15 14英寸 一体机（32吉字节内存）,一体机,品牌15,14英寸,32吉字节内存,白色,16*1*1,16,DR51A,艾米,收货,上架
LaPH1716Wh,白色 品牌12 17英寸 笔记本电脑（16吉字节内存）,笔记本电脑,品牌12,17英寸,16吉字节内存,白色,16*1*1,16,DV23G,简,收货,上架
LaOv1432Gr,灰色 品牌13 14英寸 笔记本电脑（32吉字节内存）,笔记本电脑,品牌13,14英寸,32吉字节内存,灰色,16*1*1,16,CI37G,大卫,收货,上架
TaTR10AdWh,白色 品牌28 1000 桌子（可调节）,桌子,品牌28,1000,可调节,白色,8*1*1,8,DR37B,克里斯,收货,上架
AlSu15i7Si,银色 品牌11 15英寸 一体机（第7代处理器）,一体机,品牌11,15英寸,第7代处理器,银色,16*1*1,16,AF61A,约翰,收货,上架
KeHc27BlBl,黑色 品牌09 270 键盘（蓝牙）,键盘,品牌09,270,蓝牙,黑色,16*10*1,160,AF13C,简,收货,上架
DrRG90SlBl,黑色 品牌03 900 抽屉柜（滑动式）,抽屉柜,品牌03,900,滑动式,黑色,8*1*1,8,BM79A,迈克,收货,上架
DrRG18SlGr,灰色 品牌03 1800 抽屉柜（滑动式）,抽屉柜,品牌03,1800,滑动式,灰色,8*1*1,8,BL56B,大卫,收货,上架
SPAl50WaGr,灰色 品牌20 50 触控笔（水彩）,触控笔,品牌20,50,水彩,灰色,48*10*5,2400,BU30H,亚历克斯,收货,上架
NoMuA5ruBl,黑色 品牌19 五号纸 笔记本（横线）,笔记本,品牌19,五号纸,横线,黑色,48*10*5,2400,BO23H,约翰,收货,上架
OfXELLeWh,白色 品牌06 大号 办公椅（皮革）,办公椅,品牌06,大号,皮革,白色,16*1*1,16,AV06F,艾米,收货,上架
AlYn1716Wh,白色 品牌15 17英寸 一体机（16吉字节内存）,一体机,品牌15,17英寸,16吉字节内存,白色,16*1*1,16,BH09D,简,收货,上架
PrPHA2LaBl,黑色 品牌12 二号纸 打印机（激光）,打印机,品牌12,二号纸,激光,黑色,16*1*1,16,DR40G,克里斯,收货,上架
PeNa50SoBl,黑色 品牌23 50 铅笔（可溶性）,铅笔,品牌23,50,可溶性,黑色,48*10*5,2400,DY46A,大卫,收货,上架
LaOv1716Si,银色 品牌13 17英寸 笔记本电脑（16吉字节内存）,笔记本电脑,品牌13,17英寸,16吉字节内存,银色,16*1*1,16,DZ58E,克里斯,收货,上架
LaYn1532Gr,灰色 品牌15 15英寸 笔记本电脑（32吉字节内存）,笔记本电脑,品牌15,15英寸,32吉字节内存,灰色,16*1*1,16,CM87B,莎拉,收货,上架
TaTR15WoGr,灰色 品牌28 1500 桌子（工作站）,桌子,品牌28,1500,工作站,灰色,8*1*1,8,CF22E,简,收货,上架
OfXELAdPi,粉色 品牌06 大号 办公椅（可调节）,办公椅,品牌06,大号,可调节,粉色,16*1*1,16,DH95C,约翰,收货,上架
LaOv1432Si,银色 品牌13 14英寸 笔记本电脑（32吉字节内存）,笔记本电脑,品牌13,14英寸,32吉字节内存,银色,16*1*1,16,BW44B,艾米,收货,上架
MoHc35MeBl,黑色 品牌09 350 鼠标（机械式）,鼠标,品牌09,350,机械式,黑色,16*10*1,160,AK49F,亚历克斯,收货,上架
TVYn42S4Si,银色 品牌15 42英寸 电视机（超级超高清）,电视机,品牌15,42英寸,超级超高清,银色,8*1*1,8,BQ70C,大卫,收货,上架
GaSELErPi,粉色 品牌08 大号 游戏椅（人体工学）,游戏椅,品牌08,大号,人体工学,粉色,16*1*1,16,AN61E,大卫,收货,上架
CaRG12FiBe,米色 品牌03 1200 文件柜（文件收纳）,文件柜,品牌03,1200,文件收纳,米色,8*1*1,8,CI52C,莎拉,收货,上架
PrNoA4LaBl,黑色 品牌26 四号纸 打印机（激光）,打印机,品牌26,四号纸,激光,黑色,16*1*1,16,BX51A,艾米,收货,上架
KeSu27BlBl,黑色 品牌11 270 键盘（蓝牙）,键盘,品牌11,270,蓝牙,黑色,16*10*1,160,CM17H,大卫,收货,上架
CaWE12LoWh,白色 品牌02 1200 文件柜（储物锁柜）,文件柜,品牌02,1200,储物锁柜,白色,8*1*1,8,BH98C,艾米,收货,上架
CuRG18DoBl,黑色 品牌03 1800 储物柜（带门式）,储物柜,品牌03,1800,带门式,黑色,8*1*1,8,AN51C,约翰,收货,上架
TVYn654KSi,银色 品牌15 65英寸 电视机（超高清）,电视机,品牌15,65英寸,超高清,银色,8*1*1,8,CZ80G,莎拉,收货,上架
TaTR15FrWh,白色 品牌28 1500 桌子（框架式）,桌子,品牌28,1500,框架式,白色,8*1*1,8,AV12A,迈克,收货,上架
KeRe27WiWh,白色 品牌10 270 键盘（有线）,键盘,品牌10,270,有线,白色,16*10*1,160,BF57B,艾米,收货,上架
AlSu1716Si,银色 品牌11 17英寸 一体机（16吉字节内存）,一体机,品牌11,17英寸,16吉字节内存,银色,16*1*1,16,BU54H,亚历克斯,收货,上架
CuTE18SlBe,米色 品牌04 1800 储物柜（滑动式）,储物柜,品牌04,1800,滑动式,米色,8*1*1,8,BZ21D,简,收货,上架
DrQE18LoBe,米色 品牌01 1800 抽屉柜（储物锁柜）,抽屉柜,品牌01,1800,储物锁柜,米色,8*1*1,8,DZ23C,大卫,收货,上架
CaRG18DoWh,白色 品牌03 1800 文件柜（带门式）,文件柜,品牌03,1800,带门式,白色,8*1*1,8,BG54F,劳拉,收货,上架
TVGL75S4Gr,灰色 品牌31 75英寸 电视机（超级超高清）,电视机,品牌31,75英寸,超级超高清,灰色,8*1*1,8,DS61F,莎拉,收货,上架
TVGn42SFGr,灰色 品牌30 42英寸 电视机（超级全高清）,电视机,品牌30,42英寸,超级全高清,灰色,8*1*1,8,BY28D,大卫,收货,上架
TaAE18FrGr,灰色 品牌05 1800 桌子（框架式）,桌子,品牌05,1800,框架式,灰色,8*1*1,8,AK64B,劳拉,收货,上架
AlPH14i7Wh,白色 品牌12 14英寸 一体机（第7代处理器）,一体机,品牌12,14英寸,第7代处理器,白色,16*1*1,16,BJ06B,劳拉,收货,上架
SPNa12WaBl,黑色 品牌23 12 触控笔（水彩）,触控笔,品牌23,12,水彩,黑色,48*10*5,2400,CN71E,大卫,收货,上架
PeNa24WaGr,灰色 品牌23 24 铅笔（水彩）,铅笔,品牌23,24,水彩,灰色,48*10*5,2400,DQ10F,劳拉,收货,上架
PeNa12SoWh,白色 品牌23 12 铅笔（可溶性）,铅笔,品牌23,12,可溶性,白色,48*10*5,2400,CR32H,劳拉,收货,上架
KeRe45MeBl,黑色 品牌10 450 键盘（机械式）,键盘,品牌10,450,机械式,黑色,16*10*1,160,CM98D,约翰,收货,上架
KePH27BlNa,藏青色 品牌12 270 键盘（蓝牙）,键盘,品牌12,270,蓝牙,藏青色,16*10*1,160,BL94B,劳拉,收货,上架
MoSu35BlNa,藏青色 品牌11 350 鼠标（蓝牙）,鼠标,品牌11,350,蓝牙,藏青色,16*10*1,160,CP51C,艾米丽,收货,上架
LaRe1516Bl,黑色 品牌14 15英寸 笔记本电脑（16吉字节内存）,笔记本电脑,品牌14,15英寸,16吉字节内存,黑色,16*1*1,16,BS36B,亚历克斯,收货,上架
KeRe45ErPi,粉色 品牌10 450 键盘（人体工学）,键盘,品牌10,450,人体工学,粉色,16*10*1,160,BG52F,迈克,收货,上架
SPRe12WaBl,黑色 品牌22 12 触控笔（水彩）,触控笔,品牌22,12,水彩,黑色,48*10*5,2400,BQ58A,劳拉,收货,上架
PeNa24WaWh,白色 品牌23 24 铅笔（水彩）,铅笔,品牌23,24,水彩,白色,48*10*5,2400,DU80G,约翰,收货,上架
CuWE12FiWh,白色 品牌02 1200 储物柜（文件收纳）,储物柜,品牌02,1200,文件收纳,白色,8*1*1,8,BY28A,莎拉,收货,上架
TVYn75SFSi,银色 品牌15 75英寸 电视机（超级全高清）,电视机,品牌15,75英寸,超级全高清,银色,8*1*1,8,CR26C,艾米丽,收货,上架
OfAEMLeBl,黑色 品牌05 中号 办公椅（皮革）,办公椅,品牌05,中号,皮革,黑色,16*1*1,16,CN13C,约翰,收货,上架
PrNoA3AlMi,混合色 品牌26 三号纸 打印机（一体式）,打印机,品牌26,三号纸,一体式,混合色,16*1*1,16,CY38D,劳拉,收货,上架
CuRG12SlBe,米色 品牌03 1200 储物柜（滑动式）,储物柜,品牌03,1200,滑动式,米色,8*1*1,8,DW24H,劳拉,收货,上架
CaTE90LoBe,米色 品牌04 900 文件柜（储物锁柜）,文件柜,品牌04,900,储物锁柜,米色,8*1*1,8,DL17H,克里斯,收货,上架
TVYn32S4Si,银色 品牌15 32英寸 电视机（超级超高清）,电视机,品牌15,32英寸,超级超高清,银色,8*1*1,8,DY32D,亚历克斯,收货,上架
PrPHA3AlWh,白色 品牌12 三号纸 打印机（一体式）,打印机,品牌12,三号纸,一体式,白色,16*1*1,16,CS76E,简,收货,上架
CaRG12FiBe,米色 品牌03 1200 文件柜（文件收纳）,文件柜,品牌03,1200,文件收纳,米色,8*1*1,8,DF84E,劳拉,收货,上架
SPGi24SoWh,白色 品牌21 24 触控笔（可溶性）,触控笔,品牌21,24,可溶性,白色,48*10*5,2400,AN06E,克里斯,收货,上架
CuTE90LoBe,米色 品牌04 900 储物柜（储物锁柜）,储物柜,品牌04,900,储物锁柜,米色,8*1*1,8,AT40A,艾米,收货,上架
NoGrA5ruWh,白色 品牌18 五号纸 笔记本（横线）,笔记本,品牌18,五号纸,横线,白色,48*10*5,2400,BJ07C,大卫,收货,上架
AlYn14i5Bl,黑色 品牌15 14英寸 一体机（第5代处理器）,一体机,品牌15,14英寸,第5代处理器,黑色,16*1*1,16,BO09A,大卫,收货,上架
DrRG18DoBl,黑色 品牌03 1800 抽屉柜（带门式）,抽屉柜,品牌03,1800,带门式,黑色,8*1*1,8,BU67A,大卫,收货,上架
MoPH45ErNa,藏青色 品牌12 450 鼠标（人体工学）,鼠标,品牌12,450,人体工学,藏青色,16*10*1,160,AN25B,约翰,收货,上架
LaPH17i5Si,银色 品牌12 17英寸 笔记本电脑（第5代处理器）,笔记本电脑,品牌12,17英寸,第5代处理器,银色,16*1*1,16,DT49F,克里斯,收货,上架
NoExA3ruBl,黑色 品牌16 三号纸 笔记本（横线）,笔记本,品牌16,三号纸,横线,黑色,48*10*5,2400,CF04H,大卫,收货,上架
AlRe1716Bl,黑色 品牌14 17英寸 一体机（16吉字节内存）,一体机,品牌14,17英寸,16吉字节内存,黑色,16*1*1,16,DT90H,大卫,收货,上架
PrPHA2AlWh,白色 品牌12 二号纸 打印机（一体式）,打印机,品牌12,二号纸,一体式,白色,16*1*1,16,DO43H,简,收货,上架
CaWE12SlWh,白色 品牌02 1200 文件柜（滑动式）,文件柜,品牌02,1200,滑动式,白色,8*1*1,8,AR94G,迈克,收货,上架
GaAESAdPi,粉色 品牌05 小号 游戏椅（可调节）,游戏椅,品牌05,小号,可调节,粉色,16*1*1,16,CX55C,约翰,收货,上架
GaAESHeWh,白色 品牌05 小号 游戏椅（头枕）,游戏椅,品牌05,小号,头枕,白色,16*1*1,16,BV49D,约翰,收货,上架
AlRe14i7Gr,灰色 品牌14 14英寸 一体机（第7代处理器）,一体机,品牌14,14英寸,第7代处理器,灰色,16*1*1,16,DW55B,克里斯,收货,上架
AlOv158GSi,银色 品牌13 15英寸 一体机（8吉字节内存）,一体机,品牌13,15英寸,8吉字节内存,银色,16*1*1,16,BM38F,劳拉,收货,上架
LaYn1716Wh,白色 品牌15 17英寸 笔记本电脑（16吉字节内存）,笔记本电脑,品牌15,17英寸,16吉字节内存,白色,16*1*1,16,BT19C,莎拉,收货,上架
CaQE18FiGr,灰色 品牌01 1800 文件柜（文件收纳）,文件柜,品牌01,1800,文件收纳,灰色,8*1*1,8,CR66F,艾米,收货,上架
NoGrA5liBl,黑色 品牌18 五号纸 笔记本（线条）,笔记本,品牌18,五号纸,线条,黑色,48*10*5,2400,AL79A,大卫,收货,上架
LaPH1532Bl,黑色 品牌12 15英寸 笔记本电脑（32吉字节内存）,笔记本电脑,品牌12,15英寸,32吉字节内存,黑色,16*1*1,16,CT29B,克里斯,收货,上架
PrPHA3LaMi,混合色 品牌12 三号纸 打印机（激光）,打印机,品牌12,三号纸,激光,混合色,16*1*1,16,AQ75F,莎拉,收货,上架
CaTE90FiWh,白色 品牌04 900 文件柜（文件收纳）,文件柜,品牌04,900,文件收纳,白色,8*1*1,8,DU34A,迈克,收货,上架
TVGn32SFBl,黑色 品牌30 32英寸 电视机（超级全高清）,电视机,品牌30,32英寸,超级全高清,黑色,8*1*1,8,CL23H,简,收货,上架
CaQE18LoWh,白色 品牌01 1800 文件柜（储物锁柜）,文件柜,品牌01,1800,储物锁柜,白色,8*1*1,8,CM72F,约翰,收货,上架
AlOv14i5Wh,白色 品牌13 14英寸 一体机（第5代处理器）,一体机,品牌13,14英寸,第5代处理器,白色,16*1*1,16,CI76A,艾米丽,收货,上架
DrQE90LoBe,米色 品牌01 900 抽屉柜（储物锁柜）,抽屉柜,品牌01,900,储物锁柜,米色,8*1*1,8,AO24G,亚历克斯,收货,上架
LaOv1432Bl,黑色 品牌13 14英寸 笔记本电脑（32吉字节内存）,笔记本电脑,品牌13,14英寸,32吉字节内存,黑色,16*1*1,16,AS78E,艾米丽,收货,上架
MoPH35BlWh,白色 品牌12 350 鼠标（蓝牙）,鼠标,品牌12,350,蓝牙,白色,16*10*1,160,DQ46C,简,收货,上架
PrNoA4InGr,灰色 品牌26 四号纸 打印机（喷墨）,打印机,品牌26,四号纸,喷墨,灰色,16*1*1,16,DO44B,迈克,收货,上架
PrSoA2WiMi,混合色 品牌25 二号纸 打印机（无线网络）,打印机,品牌25,二号纸,无线网络,混合色,16*1*1,16,DN64D,劳拉,收货,上架
OfOGSErGr,灰色 品牌07 小号 办公椅（人体工学）,办公椅,品牌07,小号,人体工学,灰色,16*1*1,16,DF46H,艾米丽,收货,上架
MoPH45BlPi,粉色 品牌12 450 鼠标（蓝牙）,鼠标,品牌12,450,蓝牙,粉色,16*10*1,160,DH82E,克里斯,收货,上架
AlRe1532Si,银色 品牌14 15英寸 一体机（32吉字节内存）,一体机,品牌14,15英寸,32吉字节内存,银色,16*1*1,16,AK67G,艾米丽,收货,上架
PrPHA3AlGr,灰色 品牌12 三号纸 打印机（一体式）,打印机,品牌12,三号纸,一体式,灰色,16*1*1,16,AJ73F,艾米,收货,上架
TaTR18AdWh,白色 品牌28 1800 桌子（可调节）,桌子,品牌28,1800,可调节,白色,8*1*1,8,CS20H,迈克,收货,上架
PeGi24HeBl,黑色 品牌21 24 铅笔（六角形）,铅笔,品牌21,24,六角形,黑色,48*10*5,2400,CW15C,莎拉,收货,上架
LaRe1432Wh,白色 品牌14 14英寸 笔记本电脑（32吉字节内存）,笔记本电脑,品牌14,14英寸,32吉字节内存,白色,16*1*1,16,CF35H,艾米,收货,上架
LaPH1416Si,银色 品牌12 14英寸 笔记本电脑（16吉字节内存）,笔记本电脑,品牌12,14英寸,16吉字节内存,银色,16*1*1,16,CT35C,克里斯,收货,上架
PrSoA3LaBl,黑色 品牌25 三号纸 打印机（激光）,打印机,品牌25,三号纸,激光,黑色,16*1*1,16,BF74A,大卫,收货,上架
MoPH27ErNa,藏青色 品牌12 270 鼠标（人体工学）,鼠标,品牌12,270,人体工学,藏青色,16*10*1,160,DG54G,克里斯,收货,上架
PrPHA3InBl,黑色 品牌12 三号纸 打印机（喷墨）,打印机,品牌12,三号纸,喷墨,黑色,16*1*1,16,BQ35E,克里斯,收货,上架
AlSu178GBl,黑色 品牌11 17英寸 一体机（8吉字节内存）,一体机,品牌11,17英寸,8吉字节内存,黑色,16*1*1,16,AQ32G,艾米丽,收货,上架
NoGrA3doSi,银色 品牌18 三号纸 笔记本（点阵）,笔记本,品牌18,三号纸,点阵,银色,48*10*5,2400,CI14F,克里斯,收货,上架
CuQE18FiBe,米色 品牌01 1800 储物柜（文件收纳）,储物柜,品牌01,1800,文件收纳,米色,8*1*1,8,BF85H,莎拉,收货,上架
TVGL32S4Gr,灰色 品牌31 32英寸 电视机（超级超高清）,电视机,品牌31,32英寸,超级超高清,灰色,8*1*1,8,AZ11A,迈克,收货,上架
CaQE18SlBe,米色 品牌01 1800 文件柜（滑动式）,文件柜,品牌01,1800,滑动式,米色,8*1*1,8,DG27C,迈克,收货,上架
LaRe14i7Si,银色 品牌14 14英寸 笔记本电脑（第7代处理器）,笔记本电脑,品牌14,14英寸,第7代处理器,银色,16*1*1,16,BI59E,大卫,收货,上架
OfAESHeWh,白色 品牌05 小号 办公椅（头枕）,办公椅,品牌05,小号,头枕,白色,16*1*1,16,DH21H,大卫,收货,上架
PeGi24HeBl,黑色 品牌21 24 铅笔（六角形）,铅笔,品牌21,24,六角形,黑色,48*10*5,2400,CF96D,艾米丽,收货,上架
CuRG18SlBl,黑色 品牌03 1800 储物柜（滑动式）,储物柜,品牌03,1800,滑动式,黑色,8*1*1,8,AY14H,劳拉,收货,上架
AlOv15i5Wh,白色 品牌13 15英寸 一体机（第5代处理器）,一体机,品牌13,15英寸,第5代处理器,白色,16*1*1,16,AQ64G,简,收货,上架
AlPH148GBl,黑色 品牌12 14英寸 一体机（8吉字节内存）,一体机,品牌12,14英寸,8吉字节内存,黑色,16*1*1,16,DM77G,克里斯,收货,上架
PeNa50SoBl,黑色 品牌23 50 铅笔（可溶性）,铅笔,品牌23,50,可溶性,黑色,48*10*5,2400,AG23C,大卫,收货,上架
TVGn65S4Si,银色 品牌30 65英寸 电视机（超级超高清）,电视机,品牌30,65英寸,超级超高清,银色,8*1*1,8,BT40D,亚历克斯,收货,上架
MoHc27BlBl,黑色 品牌09 270 鼠标（蓝牙）,鼠标,品牌09,270,蓝牙,黑色,16*10*1,160,CK29C,莎拉,收货,上架
MoHc45MeNa,藏青色 品牌09 450 鼠标（机械式）,鼠标,品牌09,450,机械式,藏青色,16*10*1,160,DO48E,简,收货,上架
KeSu27MePi,粉色 品牌11 270 键盘（机械式）,键盘,品牌11,270,机械式,粉色,16*10*1,160,CU77A,劳拉,收货,上架
PrPHA4InBl,黑色 品牌12 四号纸 打印机（喷墨）,打印机,品牌12,四号纸,喷墨,黑色,16*1*1,16,CF02F,艾米,收货,上架
LaSu1432Bl,黑色 品牌11 14英寸 笔记本电脑（32吉字节内存）,笔记本电脑,品牌11,14英寸,32吉字节内存,黑色,16*1*1,16,DU53F,劳拉,收货,上架
MoPH45BlNa,藏青色 品牌12 450 鼠标（蓝牙）,鼠标,品牌12,450,蓝牙,藏青色,16*10*1,160,DV56C,莎拉,收货,上架
TVGn50S4Gr,灰色 品牌30 50英寸 电视机（超级超高清）,电视机,品牌30,50英寸,超级超高清,灰色,8*1*1,8,CN64A,简,收货,上架
CuQE12LoBe,米色 品牌01 1200 储物柜（储物锁柜）,储物柜,品牌01,1200,储物锁柜,米色,8*1*1,8,CU86E,迈克,收货,上架
GaXELLeBl,黑色 品牌06 大号 游戏椅（皮革）,游戏椅,品牌06,大号,皮革,黑色,16*1*1,16,DT15F,亚历克斯,收货,上架
NoScA4ruWh,白色 品牌17 四号纸 笔记本（横线）,笔记本,品牌17,四号纸,横线,白色,48*10*5,2400,BW98A,克里斯,收货,上架
CaRG90LoBe,米色 品牌03 900 文件柜（储物锁柜）,文件柜,品牌03,900,储物锁柜,米色,8*1*1,8,CL33G,大卫,收货,上架
CuWE12SlGr,灰色 品牌02 1200 储物柜（滑动式）,储物柜,品牌02,1200,滑动式,灰色,8*1*1,8,AV88A,亚历克斯,收货,上架
TVYn32FHWh,白色 品牌15 32英寸 电视机（全高清）,电视机,品牌15,32英寸,全高清,白色,8*1*1,8,DS04F,迈克,收货,上架
KeHc35MeWh,白色 品牌09 350 键盘（机械式）,键盘,品牌09,350,机械式,白色,16*10*1,160,DV62G,克里斯,收货,上架
LaPH14i7Bl,黑色 品牌12 14英寸 笔记本电脑（第7代处理器）,笔记本电脑,品牌12,14英寸,第7代处理器,黑色,16*1*1,16,CY22G,约翰,收货,上架
AlOv148GGr,灰色 品牌13 14英寸 一体机（8吉字节内存）,一体机,品牌13,14英寸,8吉字节内存,灰色,16*1*1,16,CH24A,劳拉,收货,上架
NoMuA4doSi,银色 品牌19 四号纸 笔记本（点阵）,笔记本,品牌19,四号纸,点阵,银色,48*10*5,2400,BW27C,简,收货,上架
AlRe1532Wh,白色 品牌14 15英寸 一体机（32吉字节内存）,一体机,品牌14,15英寸,32吉字节内存,白色,16*1*1,16,CU01G,约翰,收货,上架
TaTR18FrBl,黑色 品牌28 1800 桌子（框架式）,桌子,品牌28,1800,框架式,黑色,8*1*1,8,DJ77H,亚历克斯,收货,上架
SPRe12SoBl,黑色 品牌22 12 触控笔（可溶性）,触控笔,品牌22,12,可溶性,黑色,48*10*5,2400,DY15B,莎拉,收货,上架
AlRe1716Bl,黑色 品牌14 17英寸 一体机（16吉字节内存）,一体机,品牌14,17英寸,16吉字节内存,黑色,16*1*1,16,CU76B,简,收货,上架
SPGi24WaPi,粉色 品牌21 24 触控笔（水彩）,触控笔,品牌21,24,水彩,粉色,48*10*5,2400,CN49H,大卫,收货,上架
LaRe14i7Si,银色 品牌14 14英寸 笔记本电脑（第7代处理器）,笔记本电脑,品牌14,14英寸,第7代处理器,银色,16*1*1,16,AT25A,莎拉,收货,上架
AlPH1416Si,银色 品牌12 14英寸 一体机（16吉字节内存）,一体机,品牌12,14英寸,16吉字节内存,银色,16*1*1,16,AW46D,迈克,收货,上架
TVGn654KGr,灰色 品牌30 65英寸 电视机（超高清）,电视机,品牌30,65英寸,超高清,灰色,8*1*1,8,DZ06F,克里斯,收货,上架
KeRe35BlBl,黑色 品牌10 350 键盘（蓝牙）,键盘,品牌10,350,蓝牙,黑色,16*10*1,160,DT41D,大卫,收货,上架
CuWE12FiGr,灰色 品牌02 1200 储物柜（文件收纳）,储物柜,品牌02,1200,文件收纳,灰色,8*1*1,8,DY43C,大卫,收货,上架
KeHc35BlPi,粉色 品牌09 350 键盘（蓝牙）,键盘,品牌09,350,蓝牙,粉色,16*10*1,160,BZ98A,艾米,收货,上架
DrWE12LoGr,灰色 品牌02 1200 抽屉柜（储物锁柜）,抽屉柜,品牌02,1200,储物锁柜,灰色,8*1*1,8,DN73E,简,收货,上架
AlYn1516Bl,黑色 品牌15 15英寸 一体机（16吉字节内存）,一体机,品牌15,15英寸,16吉字节内存,黑色,16*1*1,16,DI93G,艾米丽,收货,上架
TaAE15AuGr,灰色 品牌05 1500 桌子（自动调节）,桌子,品牌05,1500,自动调节,灰色,8*1*1,8,BJ15F,迈克,收货,上架
AlSu15i7Gr,灰色 品牌11 15英寸 一体机（第7代处理器）,一体机,品牌11,15英寸,第7代处理器,灰色,16*1*1,16,BM34F,莎拉,收货,上架
PrReA4InWh,白色 品牌24 四号纸 打印机（喷墨）,打印机,品牌24,四号纸,喷墨,白色,16*1*1,16,AZ77E,大卫,收货,上架
TVGn75S4Bl,黑色 品牌30 75英寸 电视机（超级超高清）,电视机,品牌30,75英寸,超级超高清,黑色,8*1*1,8,BX49A,劳拉,收货,上架
LaOv148GGr,灰色 品牌13 14英寸 笔记本电脑（8吉字节内存）,笔记本电脑,品牌13,14英寸,8吉字节内存,灰色,16*1*1,16,BF63A,克里斯,收货,上架
CaWE90FiWh,白色 品牌02 900 文件柜（文件收纳）,文件柜,品牌02,900,文件收纳,白色,8*1*1,8,DI21E,简,收货,上架
TaTR15WoGr,灰色 品牌28 1500 桌子（工作站）,桌子,品牌28,1500,工作站,灰色,8*1*1,8,AX28B,劳拉,收货,上架
LaPH1716Bl,黑色 品牌12 17英寸 笔记本电脑（16吉字节内存）,笔记本电脑,品牌12,17英寸,16吉字节内存,黑色,16*1*1,16,CO56G,莎拉,收货,上架
CaQE18DoWh,白色 品牌01 1800 文件柜（带门式）,文件柜,品牌01,1800,带门式,白色,8*1*1,8,CP91E,艾米丽,收货,上架
DrWE18FiWh,白色 品牌02 1800 抽屉柜（文件收纳）,抽屉柜,品牌02,1800,文件收纳,白色,8*1*1,8,CL29H,莎拉,收货,上架
CuTE90SlWh,白色 品牌04 900 储物柜（滑动式）,储物柜,品牌04,900,滑动式,白色,8*1*1,8,DO78B,劳拉,收货,上架
CaQE90SlBe,米色 品牌01 900 文件柜（滑动式）,文件柜,品牌01,900,滑动式,米色,8*1*1,8,AK41A,艾米丽,收货,上架
TVGn32S4Wh,白色 品牌30 32英寸 电视机（超级超高清）,电视机,品牌30,32英寸,超级超高清,白色,8*1*1,8,CJ36H,约翰,收货,上架
NoExA5liGr,灰色 品牌16 五号纸 笔记本（线条）,笔记本,品牌16,五号纸,线条,灰色,48*10*5,2400,CJ02F,艾米,收货,上架
PeAl12HeGr,灰色 品牌20 12 铅笔（六角形）,铅笔,品牌20,12,六角形,灰色,48*10*5,2400,CL53D,大卫,收货,上架
PrNoA3AlWh,白色 品牌26 三号纸 打印机（一体式）,打印机,品牌26,三号纸,一体式,白色,16*1*1,16,DZ88G,劳拉,收货,上架
LaPH15i5Bl,黑色 品牌12 15英寸 笔记本电脑（第5代处理器）,笔记本电脑,品牌12,15英寸,第5代处理器,黑色,16*1*1,16,AN45G,劳拉,收货,上架
CaWE12LoBe,米色 品牌02 1200 文件柜（储物锁柜）,文件柜,品牌02,1200,储物锁柜,米色,8*1*1,8,CK11E,莎拉,收货,上架
TVEs504KBl,黑色 品牌32 50英寸 电视机（超高清）,电视机,品牌32,50英寸,超高清,黑色,8*1*1,8,AR44H,劳拉,收货,上架
SPGi50SoWh,白色 品牌21 50 触控笔（可溶性）,触控笔,品牌21,50,可溶性,白色,48*10*5,2400,BF44G,迈克,收货,上架
GaAELErBl,黑色 品牌05 大号 游戏椅（人体工学）,游戏椅,品牌05,大号,人体工学,黑色,16*1*1,16,BU15H,简,收货,上架
PeAl24HePi,粉色 品牌20 24 铅笔（六角形）,铅笔,品牌20,24,六角形,粉色,48*10*5,2400,DX05D,劳拉,收货,上架
MoPH27MeWh,白色 品牌12 270 鼠标（机械式）,鼠标,品牌12,270,机械式,白色,16*10*1,160,DW71H,约翰,收货,上架
KePH35BlWh,白色 品牌12 350 键盘（蓝牙）,键盘,品牌12,350,蓝牙,白色,16*10*1,160,CP17C,劳拉,收货,上架
AlPH1416Wh,白色 品牌12 14英寸 一体机（16吉字节内存）,一体机,品牌12,14英寸,16吉字节内存,白色,16*1*1,16,AI49H,艾米丽,收货,上架
PrPHA3AlBl,黑色 品牌12 三号纸 打印机（一体式）,打印机,品牌12,三号纸,一体式,黑色,16*1*1,16,DS67E,约翰,收货,上架
TaTR10WoBl,黑色 品牌29 1000 桌子（工作站）,桌子,品牌29,1000,工作站,黑色,8*1*1,8,DM87F,简,收货,上架
AlRe158GWh,白色 品牌14 15英寸 一体机（8吉字节内存）,一体机,品牌14,15英寸,8吉字节内存,白色,16*1*1,16,BI75H,艾米丽,收货,上架
GaXEMLeWh,白色 品牌06 中号 游戏椅（皮革）,游戏椅,品牌06,中号,皮革,白色,16*1*1,16,BR69A,莎拉,收货,上架
PrNoA2InGr,灰色 品牌26 二号纸 打印机（喷墨）,打印机,品牌26,二号纸,喷墨,灰色,16*1*1,16,BT18F,艾米丽,收货,上架
DrQE90DoGr,灰色 品牌01 900 抽屉柜（带门式）,抽屉柜,品牌01,900,带门式,灰色,8*1*1,8,DX19F,简,收货,上架
KeHc45BlPi,粉色 品牌09 450 键盘（蓝牙）,键盘,品牌09,450,蓝牙,粉色,16*10*1,160,CL04F,克里斯,收货,上架
SPRe24SoGr,灰色 品牌22 24 触控笔（可溶性）,触控笔,品牌22,24,可溶性,灰色,48*10*5,2400,DK14D,简,收货,上架
KeSu27MeNa,藏青色 品牌11 270 键盘（机械式）,键盘,品牌11,270,机械式,藏青色,16*10*1,160,AU13F,克里斯,收货,上架
MoPH35MeBl,黑色 品牌12 350 鼠标（机械式）,鼠标,品牌12,350,机械式,黑色,16*10*1,160,BM95D,约翰,收货,上架
KeSu35MePi,粉色 品牌11 350 键盘（机械式）,键盘,品牌11,350,机械式,粉色,16*10*1,160,DZ79H,克里斯,收货,上架
MoRe45ErPi,粉色 品牌10 450 鼠标（人体工学）,鼠标,品牌10,450,人体工学,粉色,16*10*1,160,DS69D,约翰,收货,上架
PrNoA3WiGr,灰色 品牌26 三号纸 打印机（无线网络）,打印机,品牌26,三号纸,无线网络,灰色,16*1*1,16,AR52A,克里斯,收货,上架
LaOv1732Si,银色 品牌13 17英寸 笔记本电脑（32吉字节内存）,笔记本电脑,品牌13,17英寸,32吉字节内存,银色,16*1*1,16,CX15G,亚历克斯,收货,上架
DrQE18FiWh,白色 品牌01 1800 抽屉柜（文件收纳）,抽屉柜,品牌01,1800,文件收纳,白色,8*1*1,8,BU18A,艾米,收货,上架
DrTE90FiBe,米色 品牌04 900 抽屉柜（文件收纳）,抽屉柜,品牌04,900,文件收纳,米色,8*1*1,8,CK37D,莎拉,收货,上架
TVEs504KSi,银色 品牌32 50英寸 电视机（超高清）,电视机,品牌32,50英寸,超高清,银色,8*1*1,8,CW05C,约翰,收货,上架
SPAl50WaWh,白色 品牌20 50 触控笔（水彩）,触控笔,品牌20,50,水彩,白色,48*10*5,2400,BX24H,迈克,收货,上架
MoPH35BlPi,粉色 品牌12 350 鼠标（蓝牙）,鼠标,品牌12,350,蓝牙,粉色,16*10*1,160,AO95D,莎拉,收货,上架
PeGi50HeGr,灰色 品牌21 50 铅笔（六角形）,铅笔,品牌21,50,六角形,灰色,48*10*5,2400,AI71E,劳拉,收货,上架
PrNoA4MoGr,灰色 品牌26 四号纸 打印机（黑白）,打印机,品牌26,四号纸,黑白,灰色,16*1*1,16,CO78A,劳拉,收货,上架
TVYn424KSi,银色 品牌15 42英寸 电视机（超高清）,电视机,品牌15,42英寸,超高清,银色,8*1*1,8,DR79D,艾米,收货,上架
PrReA3LaMi,混合色 品牌24 三号纸 打印机（激光）,打印机,品牌24,三号纸,激光,混合色,16*1*1,16,DO63F,莎拉,收货,上架
NoExA5doSi,银色 品牌16 五号纸 笔记本（点阵）,笔记本,品牌16,五号纸,点阵,银色,48*10*5,2400,DT36C,简,收货,上架
AlSu1516Wh,白色 品牌11 15英寸 一体机（16吉字节内存）,一体机,品牌11,15英寸,16吉字节内存,白色,16*1*1,16,AP61E,劳拉,收货,上架
LaRe1416Wh,白色 品牌14 14英寸 笔记本电脑（16吉字节内存）,笔记本电脑,品牌14,14英寸,16吉字节内存,白色,16*1*1,16,DM89E,约翰,收货,上架
TVEs424KSi,银色 品牌32 42英寸 电视机（超高清）,电视机,品牌32,42英寸,超高清,银色,8*1*1,8,CJ60F,艾米,收货,上架
PrReA2WiWh,白色 品牌24 二号纸 打印机（无线网络）,打印机,品牌24,二号纸,无线网络,白色,16*1*1,16,AW16G,大卫,收货,上架
CuTE12SlBe,米色 品牌04 1200 储物柜（滑动式）,储物柜,品牌04,1200,滑动式,米色,8*1*1,8,CO77F,大卫,收货,上架
SPGi50SoGr,灰色 品牌21 50 触控笔（可溶性）,触控笔,品牌21,50,可溶性,灰色,48*10*5,2400,DV63D,亚历克斯,收货,上架
OfSEMErGr,灰色 品牌08 中号 办公椅（人体工学）,办公椅,品牌08,中号,人体工学,灰色,16*1*1,16,BJ45B,大卫,收货,上架
NoGrA3liWh,白色 品牌18 三号纸 笔记本（线条）,笔记本,品牌18,三号纸,线条,白色,48*10*5,2400,BR42H,克里斯,收货,上架
TVGn50SFSi,银色 品牌30 50英寸 电视机（超级全高清）,电视机,品牌30,50英寸,超级全高清,银色,8*1*1,8,AG75C,克里斯,收货,上架
PrSoA3LaMi,混合色 品牌25 三号纸 打印机（激光）,打印机,品牌25,三号纸,激光,混合色,16*1*1,16,CF32E,简,收货,上架
AlSu1416Bl,黑色 品牌11 14英寸 一体机（16吉字节内存）,一体机,品牌11,14英寸,16吉字节内存,黑色,16*1*1,16,BY34A,大卫,收货,上架
GaOGMErGr,灰色 品牌07 中号 游戏椅（人体工学）,游戏椅,品牌07,中号,人体工学,灰色,16*1*1,16,BG63C,莎拉,收货,上架
KeRe45BlWh,白色 品牌10 450 键盘（蓝牙）,键盘,品牌10,450,蓝牙,白色,16*10*1,160,CZ53G,劳拉,收货,上架
AlOv1716Wh,白色 品牌13 17英寸 一体机（16吉字节内存）,一体机,品牌13,17英寸,16吉字节内存,白色,16*1*1,16,DW70F,艾米丽,收货,上架
TVEs65S4Si,银色 品牌32 65英寸 电视机（超级超高清）,电视机,品牌32,65英寸,超级超高清,银色,8*1*1,8,BJ40D,约翰,收货,上架
GaXESLeBl,黑色 品牌06 小号 游戏椅（皮革）,游戏椅,品牌06,小号,皮革,黑色,16*1*1,16,DW96E,简,收货,上架
TVEs654KWh,白色 品牌32 65英寸 电视机（超高清）,电视机,品牌32,65英寸,超高清,白色,8*1*1,8,AN94G,艾米,收货,上架
PrSoA4InGr,灰色 品牌25 四号纸 打印机（喷墨）,打印机,品牌25,四号纸,喷墨,灰色,16*1*1,16,AT60C,亚历克斯,收货,上架
LaSu15i5Bl,黑色 品牌11 15英寸 笔记本电脑（第5代处理器）,笔记本电脑,品牌11,15英寸,第5代处理器,黑色,16*1*1,16,DG94A,克里斯,收货,上架
TaTR10AuGr,灰色 品牌29 1000 桌子（自动调节）,桌子,品牌29,1000,自动调节,灰色,8*1*1,8,BG07A,约翰,收货,上架
PeGi24HeWh,白色 品牌21 24 铅笔（六角形）,铅笔,品牌21,24,六角形,白色,48*10*5,2400,DS14H,艾米,收货,上架
SPRe50SoGr,灰色 品牌22 50 触控笔（可溶性）,触控笔,品牌22,50,可溶性,灰色,48*10*5,2400,DL73G,莎拉,收货,上架
PrPHA3LaBl,黑色 品牌12 三号纸 打印机（激光）,打印机,品牌12,三号纸,激光,黑色,16*1*1,16,DZ16E,克里斯,收货,上架
AlSu14i5Si,银色 品牌11 14英寸 一体机（第5代处理器）,一体机,品牌11,14英寸,第5代处理器,银色,16*1*1,16,CY33C,大卫,收货,上架
CuQE12FiWh,白色 品牌01 1200 储物柜（文件收纳）,储物柜,品牌01,1200,文件收纳,白色,8*1*1,8,AW01F,劳拉,收货,上架
LaOv1516Wh,白色 品牌13 15英寸 笔记本电脑（16吉字节内存）,笔记本电脑,品牌13,15英寸,16吉字节内存,白色,16*1*1,16,DK54A,约翰,收货,上架
TVEs654KBl,黑色 品牌32 65英寸 电视机（超高清）,电视机,品牌32,65英寸,超高清,黑色,8*1*1,8,BG60H,劳拉,收货,上架
OfXEMHeGr,灰色 品牌06 中号 办公椅（头枕）,办公椅,品牌06,中号,头枕,灰色,16*1*1,16,CW65E,艾米丽,收货,上架
CuTE90LoGr,灰色 品牌04 900 储物柜（储物锁柜）,储物柜,品牌04,900,储物锁柜,灰色,8*1*1,8,BT95H,艾米丽,收货,上架
SPAl24SoBl,黑色 品牌20 24 触控笔（可溶性）,触控笔,品牌20,24,可溶性,黑色,48*10*5,2400,CT73A,简,收货,上架
LaRe17i5Si,银色 品牌14 17英寸 笔记本电脑（第5代处理器）,笔记本电脑,品牌14,17英寸,第5代处理器,银色,16*1*1,16,BW15D,亚历克斯,收货,上架
LaRe1532Si,银色 品牌14 15英寸 笔记本电脑（32吉字节内存）,笔记本电脑,品牌14,15英寸,32吉字节内存,银色,16*1*1,16,BI02D,约翰,收货,上架
PrReA2WiMi,混合色 品牌24 二号纸 打印机（无线网络）,打印机,品牌24,二号纸,无线网络,混合色,16*1*1,16,BP85A,约翰,收货,上架
PeNa12WaPi,粉色 品牌23 12 铅笔（水彩）,铅笔,品牌23,12,水彩,粉色,48*10*5,2400,AS36E,艾米,收货,上架
GaSESAdGr,灰色 品牌08 小号 游戏椅（可调节）,游戏椅,品牌08,小号,可调节,灰色,16*1*1,16,CY44A,约翰,收货,上架
KeSu27WiPi,粉色 品牌11 270 键盘（有线）,键盘,品牌11,270,有线,粉色,16*10*1,160,AU36C,简,收货,上架
TVGL754KWh,白色 品牌31 75英寸 电视机（超高清）,电视机,品牌31,75英寸,超高清,白色,8*1*1,8,AL45C,迈克,收货,上架
TaTR18AdWh,白色 品牌29 1800 桌子（可调节）,桌子,品牌29,1800,可调节,白色,8*1*1,8,DS57H,艾米丽,收货,上架
TaTR15FrSi,银色 品牌28 1500 桌子（框架式）,桌子,品牌28,1500,框架式,银色,8*1*1,8,CX30C,克里斯,收货,上架
AlYn14i5Gr,灰色 品牌15 14英寸 一体机（第5代处理器）,一体机,品牌15,14英寸,第5代处理器,灰色,16*1*1,16,AO65F,亚历克斯,收货,上架
PrReA4WiMi,混合色 品牌24 四号纸 打印机（无线网络）,打印机,品牌24,四号纸,无线网络,混合色,16*1*1,16,BH45G,劳拉,收货,上架
KeRe45MePi,粉色 品牌10 450 键盘（机械式）,键盘,品牌10,450,机械式,粉色,16*10*1,160,BH82H,莎拉,收货,上架
AlYn158GBl,黑色 品牌15 15英寸 一体机（8吉字节内存）,一体机,品牌15,15英寸,8吉字节内存,黑色,16*1*1,16,DG53H,艾米丽,收货,上架
MoSu45WiWh,白色 品牌11 450 鼠标（有线）,鼠标,品牌11,450,有线,白色,16*10*1,160,CM71F,迈克,收货,上架
OfXELAdPi,粉色 品牌06 大号 办公椅（可调节）,办公椅,品牌06,大号,可调节,粉色,16*1*1,16,CF07H,艾米,收货,上架
PrReA4AlWh,白色 品牌24 四号纸 打印机（一体式）,打印机,品牌24,四号纸,一体式,白色,16*1*1,16,AF43F,艾米,收货,上架
GaXELAdGr,灰色 品牌06 大号 游戏椅（可调节）,游戏椅,品牌06,大号,可调节,灰色,16*1*1,16,BG91H,艾米丽,收货,上架
AlOv15i7Gr,灰色 品牌13 15英寸 一体机（第7代处理器）,一体机,品牌13,15英寸,第7代处理器,灰色,16*1*1,16,DM64C,克里斯,收货,上架
KeRe35MeNa,藏青色 品牌10 350 键盘（机械式）,键盘,品牌10,350,机械式,藏青色,16*10*1,160,CY93G,大卫,收货,上架
TVEs324KSi,银色 品牌32 32英寸 电视机（超高清）,电视机,品牌32,32英寸,超高清,银色,8*1*1,8,DY94B,艾米丽,收货,上架
OfAEMHeWh,白色 品牌05 中号 办公椅（头枕）,办公椅,品牌05,中号,头枕,白色,16*1*1,16,BN57G,莎拉,收货,上架
AlSu1716Bl,黑色 品牌11 17英寸 一体机（16吉字节内存）,一体机,品牌11,17英寸,16吉字节内存,黑色,16*1*1,16,DX35F,艾米丽,收货,上架
DrWE12FiBl,黑色 品牌02 1200 抽屉柜（文件收纳）,抽屉柜,品牌02,1200,文件收纳,黑色,8*1*1,8,BZ53F,艾米丽,收货,上架
CaWE12SlBl,黑色 品牌02 1200 文件柜（滑动式）,文件柜,品牌02,1200,滑动式,黑色,8*1*1,8,CQ63E,大卫,收货,上架
CuQE12LoBe,米色 品牌01 1200 储物柜（储物锁柜）,储物柜,品牌01,1200,储物锁柜,米色,8*1*1,8,AZ15D,莎拉,收货,上架
AlRe14i7Gr,灰色 品牌14 14英寸 一体机（第7代处理器）,一体机,品牌14,14英寸,第7代处理器,灰色,16*1*1,16,AH87H,亚历克斯,收货,上架
PrSoA4WiGr,灰色 品牌25 四号纸 打印机（无线网络）,打印机,品牌25,四号纸,无线网络,灰色,16*1*1,16,AO67D,亚历克斯,收货,上架
PrNoA3WiWh,白色 品牌26 三号纸 打印机（无线网络）,打印机,品牌26,三号纸,无线网络,白色,16*1*1,16,DG15C,莎拉,收货,上架
TaCI18AdSi,银色 品牌27 1800 桌子（可调节）,桌子,品牌27,1800,可调节,银色,8*1*1,8,BF48F,亚历克斯,收货,上架
KePH45BlBl,黑色 品牌12 450 键盘（蓝牙）,键盘,品牌12,450,蓝牙,黑色,16*10*1,160,CO83E,亚历克斯,收货,上架
GaSELErGr,灰色 品牌08 大号 游戏椅（人体工学）,游戏椅,品牌08,大号,人体工学,灰色,16*1*1,16,DT23F,亚历克斯,收货,上架
PeAl24SoGr,灰色 品牌20 24 铅笔（可溶性）,铅笔,品牌20,24,可溶性,灰色,48*10*5,2400,CH54F,克里斯,收货,上架
CaRG18DoWh,白色 品牌03 1800 文件柜（带门式）,文件柜,品牌03,1800,带门式,白色,8*1*1,8,CH52F,克里斯,收货,上架
MoHc27ErPi,粉色 品牌09 270 鼠标（人体工学）,鼠标,品牌09,270,人体工学,粉色,16*10*1,160,BY32H,大卫,收货,上架
CaRG12SlGr,灰色 品牌03 1200 文件柜（滑动式）,文件柜,品牌03,1200,滑动式,灰色,8*1*1,8,BH41A,艾米丽,收货,上架
TVYn50SFBl,黑色 品牌15 50英寸 电视机（超级全高清）,电视机,品牌15,50英寸,超级全高清,黑色,8*1*1,8,DR05C,莎拉,收货,上架
DrWE90LoWh,白色 品牌02 900 抽屉柜（储物锁柜）,抽屉柜,品牌02,900,储物锁柜,白色,8*1*1,8,AJ52F,约翰,收货,上架
GaXESAdWh,白色 品牌06 小号 游戏椅（可调节）,游戏椅,品牌06,小号,可调节,白色,16*1*1,16,DI04C,迈克,收货,上架
PrReA3AlBl,黑色 品牌24 三号纸 打印机（一体式）,打印机,品牌24,三号纸,一体式,黑色,16*1*1,16,BY17D,大卫,收货,上架
OfOGLLePi,粉色 品牌07 大号 办公椅（皮革）,办公椅,品牌07,大号,皮革,粉色,16*1*1,16,CS30D,艾米,收货,上架
PrNoA4AlWh,白色 品牌26 四号纸 打印机（一体式）,打印机,品牌26,四号纸,一体式,白色,16*1*1,16,AH03G,劳拉,收货,上架
GaSELErGr,灰色 品牌08 大号 游戏椅（人体工学）,游戏椅,品牌08,大号,人体工学,灰色,16*1*1,16,BR72G,艾米丽,收货,上架
LaPH14i5Si,银色 品牌12 14英寸 笔记本电脑（第5代处理器）,笔记本电脑,品牌12,14英寸,第5代处理器,银色,16*1*1,16,AW30G,劳拉,收货,上架
GaSESErPi,粉色 品牌08 小号 游戏椅（人体工学）,游戏椅,品牌08,小号,人体工学,粉色,16*1*1,16,BU66A,劳拉,收货,上架
MoHc45BlNa,藏青色 品牌09 450 鼠标（蓝牙）,鼠标,品牌09,450,蓝牙,藏青色,16*10*1,160,BG36G,约翰,收货,上架
PeNa50HeGr,灰色 品牌23 50 铅笔（六角形）,铅笔,品牌23,50,六角形,灰色,48*10*5,2400,DO92E,艾米丽,收货,上架
OfAEMErBl,黑色 品牌05 中号 办公椅（人体工学）,办公椅,品牌05,中号,人体工学,黑色,16*1*1,16,CT92D,艾米,收货,上架
GaSEMLeGr,灰色 品牌08 中号 游戏椅（皮革）,游戏椅,品牌08,中号,皮革,灰色,16*1*1,16,BM34H,劳拉,收货,上架
TVGL754KBl,黑色 品牌31 75英寸 电视机（超高清）,电视机,品牌31,75英寸,超高清,黑色,8*1*1,8,CV33E,劳拉,收货,上架
DrQE12LoGr,灰色 品牌01 1200 抽屉柜（储物锁柜）,抽屉柜,品牌01,1200,储物锁柜,灰色,8*1*1,8,CM32D,迈克,收货,上架
PeNa50HePi,粉色 品牌23 50 铅笔（六角形）,铅笔,品牌23,50,六角形,粉色,48*10*5,2400,CR04E,艾米,收货,上架
CuQE18LoBe,米色 品牌01 1800 储物柜（储物锁柜）,储物柜,品牌01,1800,储物锁柜,米色,8*1*1,8,DV61B,简,收货,上架
PrPHA4LaBl,黑色 品牌12 四号纸 打印机（激光）,打印机,品牌12,四号纸,激光,黑色,16*1*1,16,CI38A,劳拉,收货,上架
LaPH1416Gr,灰色 品牌12 14英寸 笔记本电脑（16吉字节内存）,笔记本电脑,品牌12,14英寸,16吉字节内存,灰色,16*1*1,16,AL55F,亚历克斯,收货,上架
PrNoA4WiWh,白色 品牌26 四号纸 打印机（无线网络）,打印机,品牌26,四号纸,无线网络,白色,16*1*1,16,DS94A,大卫,收货,上架
AlSu148GSi,银色 品牌11 14英寸 一体机（8吉字节内存）,一体机,品牌11,14英寸,8吉字节内存,银色,16*1*1,16,BQ19G,劳拉,收货,上架
NoMuA5ruBl,黑色 品牌19 五号纸 笔记本（横线）,笔记本,品牌19,五号纸,横线,黑色,48*10*5,2400,DY02G,莎拉,收货,上架
CaWE18LoBl,黑色 品牌02 1800 文件柜（储物锁柜）,文件柜,品牌02,1800,储物锁柜,黑色,8*1*1,8,CL84H,大卫,收货,上架
AlRe17i5Gr,灰色 品牌14 17英寸 一体机（第5代处理器）,一体机,品牌14,17英寸,第5代处理器,灰色,16*1*1,16,BO41F,艾米丽,收货,上架
GaAELHePi,粉色 品牌05 大号 游戏椅（头枕）,游戏椅,品牌05,大号,头枕,粉色,16*1*1,16,AM96H,艾米,收货,上架
OfOGSErBl,黑色 品牌07 小号 办公椅（人体工学）,办公椅,品牌07,小号,人体工学,黑色,16*1*1,16,BF57H,迈克,收货,上架
DrWE12LoGr,灰色 品牌02 1200 抽屉柜（储物锁柜）,抽屉柜,品牌02,1200,储物锁柜,灰色,8*1*1,8,DK91B,劳拉,收货,上架
TVGn75FHSi,银色 品牌30 75英寸 电视机（全高清）,电视机,品牌30,75英寸,全高清,银色,8*1*1,8,CU60C,大卫,收货,上架
DrRG12DoGr,灰色 品牌03 1200 抽屉柜（带门式）,抽屉柜,品牌03,1200,带门式,灰色,8*1*1,8,AU46G,艾米丽,收货,上架
TVGL42S4Wh,白色 品牌31 42英寸 电视机（超级超高清）,电视机,品牌31,42英寸,超级超高清,白色,8*1*1,8,AZ88G,大卫,收货,上架
CaQE90DoGr,灰色 品牌01 900 文件柜（带门式）,文件柜,品牌01,900,带门式,灰色,8*1*1,8,CS43E,亚历克斯,收货,上架
TaTR10WoSi,银色 品牌29 1000 桌子（工作站）,桌子,品牌29,1000,工作站,银色,8*1*1,8,DY29B,大卫,收货,上架
KeRe45ErNa,藏青色 品牌10 450 键盘（人体工学）,键盘,品牌10,450,人体工学,藏青色,16*10*1,160,CV20F,劳拉,收货,上架
NoExA4ruSi,银色 品牌16 四号纸 笔记本（横线）,笔记本,品牌16,四号纸,横线,银色,48*10*5,2400,AO36E,莎拉,收货,上架
AlRe1716Bl,黑色 品牌14 17英寸 一体机（16吉字节内存）,一体机,品牌14,17英寸,16吉字节内存,黑色,16*1*1,16,CG66G,亚历克斯,收货,上架
TaAE10FrSi,银色 品牌05 1000 桌子（框架式）,桌子,品牌05,1000,框架式,银色,8*1*1,8,DF68C,迈克,收货,上架
LaYn14i5Wh,白色 品牌15 14英寸 笔记本电脑（第5代处理器）,笔记本电脑,品牌15,14英寸,第5代处理器,白色,16*1*1,16,CJ20B,迈克,收货,上架
GaSESAdPi,粉色 品牌08 小号 游戏椅（可调节）,游戏椅,品牌08,小号,可调节,粉色,16*1*1,16,DU26F,克里斯,收货,上架
AlPH15i7Si,银色 品牌12 15英寸 一体机（第7代处理器）,一体机,品牌12,15英寸,第7代处理器,银色,16*1*1,16,AK32C,莎拉,收货,上架
DrTE12SlBl,黑色 品牌04 1200 抽屉柜（滑动式）,抽屉柜,品牌04,1200,滑动式,黑色,8*1*1,8,AX54E,艾米,收货,上架
DrWE90DoBl,黑色 品牌02 900 抽屉柜（带门式）,抽屉柜,品牌02,900,带门式,黑色,8*1*1,8,BG34G,大卫,收货,上架
TaTR18FrSi,银色 品牌28 1800 桌子（框架式）,桌子,品牌28,1800,框架式,银色,8*1*1,8,CL75H,艾米,收货,上架
AlPH17i7Gr,灰色 品牌12 17英寸 一体机（第7代处理器）,一体机,品牌12,17英寸,第7代处理器,灰色,16*1*1,16,AH27C,艾米,收货,上架
TVEs65FHWh,白色 品牌32 65英寸 电视机（全高清）,电视机,品牌32,65英寸,全高清,白色,8*1*1,8,AW62A,大卫,收货,上架
TVYn75SFBl,黑色 品牌15 75英寸 电视机（超级全高清）,电视机,品牌15,75英寸,超级全高清,黑色,8*1*1,8,BN63F,大卫,收货,上架
TVEs65S4Wh,白色 品牌32 65英寸 电视机（超级超高清）,电视机,品牌32,65英寸,超级超高清,白色,8*1*1,8,DM82B,大卫,收货,上架
TaTR10WoGr,灰色 品牌28 1000 桌子（工作站）,桌子,品牌28,1000,工作站,灰色,8*1*1,8,DQ34B,约翰,收货,上架
DrRG12LoGr,灰色 品牌03 1200 抽屉柜（储物锁柜）,抽屉柜,品牌03,1200,储物锁柜,灰色,8*1*1,8,BI42E,大卫,收货,上架
KeSu45WiNa,藏青色 品牌11 450 键盘（有线）,键盘,品牌11,450,有线,藏青色,16*10*1,160,BH44B,约翰,收货,上架
PeRe12SoPi,粉色 品牌22 12 铅笔（可溶性）,铅笔,品牌22,12,可溶性,粉色,48*10*5,2400,AS63H,亚历克斯,收货,上架
MoHc45BlNa,藏青色 品牌09 450 鼠标（蓝牙）,鼠标,品牌09,450,蓝牙,藏青色,16*10*1,160,BY15E,大卫,收货,上架
AlPH1732Wh,白色 品牌12 17英寸 一体机（32吉字节内存）,一体机,品牌12,17英寸,32吉字节内存,白色,16*1*1,16,DF54D,莎拉,收货,上架
MoSu45ErBl,黑色 品牌11 450 鼠标（人体工学）,鼠标,品牌11,450,人体工学,黑色,16*10*1,160,AR32H,克里斯,收货,上架
GaOGMErBl,黑色 品牌07 中号 游戏椅（人体工学）,游戏椅,品牌07,中号,人体工学,黑色,16*1*1,16,AK78B,艾米丽,收货,上架
OfXESErPi,粉色 品牌06 小号 办公椅（人体工学）,办公椅,品牌06,小号,人体工学,粉色,16*1*1,16,CX72E,劳拉,收货,上架
CaWE18SlWh,白色 品牌02 1800 文件柜（滑动式）,文件柜,品牌02,1800,滑动式,白色,8*1*1,8,CN04B,克里斯,收货,上架
DrTE12LoGr,灰色 品牌04 1200 抽屉柜（储物锁柜）,抽屉柜,品牌04,1200,储物锁柜,灰色,8*1*1,8,DN07B,克里斯,收货,上架
PrNoA3LaWh,白色 品牌26 三号纸 打印机（激光）,打印机,品牌26,三号纸,激光,白色,16*1*1,16,BQ60E,莎拉,收货,上架
CuTE12FiGr,灰色 品牌04 1200 储物柜（文件收纳）,储物柜,品牌04,1200,文件收纳,灰色,8*1*1,8,CW46G,约翰,收货,上架
CaRG90SlBe,米色 品牌03 900 文件柜（滑动式）,文件柜,品牌03,900,滑动式,米色,8*1*1,8,AJ57G,艾米丽,收货,上架
KeSu35MeBl,黑色 品牌11 350 键盘（机械式）,键盘,品牌11,350,机械式,黑色,16*10*1,160,DX20D,艾米丽,收货,上架
CaRG12DoBl,黑色 品牌03 1200 文件柜（带门式）,文件柜,品牌03,1200,带门式,黑色,8*1*1,8,AV89D,简,收货,上架
CuRG90SlBl,黑色 品牌03 900 储物柜（滑动式）,储物柜,品牌03,900,滑动式,黑色,8*1*1,8,BL38E,大卫,收货,上架
MoHc45WiWh,白色 品牌09 450 鼠标（有线）,鼠标,品牌09,450,有线,白色,16*10*1,160,CY98F,克里斯,收货,上架
KeRe45BlNa,藏青色 品牌10 450 键盘（蓝牙）,键盘,品牌10,450,蓝牙,藏青色,16*10*1,160,CL85F,克里斯,收货,上架
PeNa24WaPi,粉色 品牌23 24 铅笔（水彩）,铅笔,品牌23,24,水彩,粉色,48*10*5,2400,BG92D,亚历克斯,收货,上架
PrSoA3InWh,白色 品牌25 三号纸 打印机（喷墨）,打印机,品牌25,三号纸,喷墨,白色,16*1*1,16,BL01H,艾米,收货,上架
TVYn65SFWh,白色 品牌15 65英寸 电视机（超级全高清）,电视机,品牌15,65英寸,超级全高清,白色,8*1*1,8,BZ55B,简,收货,上架
PrReA3AlBl,黑色 品牌24 三号纸 打印机（一体式）,打印机,品牌24,三号纸,一体式,黑色,16*1*1,16,DH59B,克里斯,收货,上架
AlYn158GGr,灰色 品牌15 15英寸 一体机（8吉字节内存）,一体机,品牌15,15英寸,8吉字节内存,灰色,16*1*1,16,CH97A,迈克,收货,上架
AlYn14i7Wh,白色 品牌15 14英寸 一体机（第7代处理器）,一体机,品牌15,14英寸,第7代处理器,白色,16*1*1,16,BM92F,大卫,收货,上架
LaPH1516Bl,黑色 品牌12 15英寸 笔记本电脑（16吉字节内存）,笔记本电脑,品牌12,15英寸,16吉字节内存,黑色,16*1*1,16,DQ75A,约翰,收货,上架
MoPH27ErNa,藏青色 品牌12 270 鼠标（人体工学）,鼠标,品牌12,270,人体工学,藏青色,16*10*1,160,CZ46D,迈克,收货,上架
KeHc45ErPi,粉色 品牌09 450 键盘（人体工学）,键盘,品牌09,450,人体工学,粉色,16*10*1,160,BI38E,莎拉,收货,上架
AlOv1732Gr,灰色 品牌13 17英寸 一体机（32吉字节内存）,一体机,品牌13,17英寸,32吉字节内存,灰色,16*1*1,16,CV98B,艾米,收货,上架
OfAEMErPi,粉色 品牌05 中号 办公椅（人体工学）,办公椅,品牌05,中号,人体工学,粉色,16*1*1,16,DR55E,亚历克斯,收货,上架
SPGi12SoGr,灰色 品牌21 12 触控笔（可溶性）,触控笔,品牌21,12,可溶性,灰色,48*10*5,2400,AO55F,克里斯,收货,上架
NoScA5doBl,黑色 品牌17 五号纸 笔记本（点阵）,笔记本,品牌17,五号纸,点阵,黑色,48*10*5,2400,DN52F,莎拉,收货,上架
SPAl50SoPi,粉色 品牌20 50 触控笔（可溶性）,触控笔,品牌20,50,可溶性,粉色,48*10*5,2400,DH14H,艾米丽,收货,上架
OfSEMHeBl,黑色 品牌08 中号 办公椅（头枕）,办公椅,品牌08,中号,头枕,黑色,16*1*1,16,BS40A,亚历克斯,收货,上架
MoRe27ErBl,黑色 品牌10 270 鼠标（人体工学）,鼠标,品牌10,270,人体工学,黑色,16*10*1,160,AZ04B,简,收货,上架
SPAl12HePi,粉色 品牌20 12 触控笔（六角形）,触控笔,品牌20,12,六角形,粉色,48*10*5,2400,CF27H,简,收货,上架
AlOv15i7Wh,白色 品牌13 15英寸 一体机（第7代处理器）,一体机,品牌13,15英寸,第7代处理器,白色,16*1*1,16,BH68E,劳拉,收货,上架
PrPHA4InGr,灰色 品牌12 四号纸 打印机（喷墨）,打印机,品牌12,四号纸,喷墨,灰色,16*1*1,16,BS13B,艾米,收货,上架
AlSu15i5Gr,灰色 品牌11 15英寸 一体机（第5代处理器）,一体机,品牌11,15英寸,第5代处理器,灰色,16*1*1,16,AS72C,简,收货,上架
CaTE90FiBe,米色 品牌04 900 文件柜（文件收纳）,文件柜,品牌04,900,文件收纳,米色,8*1*1,8,BJ57B,大卫,收货,上架
TVEs654KWh,白色 品牌32 65英寸 电视机（超高清）,电视机,品牌32,65英寸,超高清,白色,8*1*1,8,CG08G,简,收货,上架
PeRe24SoPi,粉色 品牌22 24 铅笔（可溶性）,铅笔,品牌22,24,可溶性,粉色,48*10*5,2400,AM21B,大卫,收货,上架
DrRG90FiBe,米色 品牌03 900 抽屉柜（文件收纳）,抽屉柜,品牌03,900,文件收纳,米色,8*1*1,8,BR85B,克里斯,收货,上架
GaOGMLeWh,白色 品牌07 中号 游戏椅（皮革）,游戏椅,品牌07,中号,皮革,白色,16*1*1,16,DZ18C,莎拉,收货,上架
AlOv158GWh,白色 品牌13 15英寸 一体机（8吉字节内存）,一体机,品牌13,15英寸,8吉字节内存,白色,16*1*1,16,CU83E,艾米丽,收货,上架
CuQE90SlBe,米色 品牌01 900 储物柜（滑动式）,储物柜,品牌01,900,滑动式,米色,8*1*1,8,CU32F,简,收货,上架
NoMuA5ruWh,白色 品牌19 五号纸 笔记本（横线）,笔记本,品牌19,五号纸,横线,白色,48*10*5,2400,DK04G,约翰,收货,上架
TVGL65SFWh,白色 品牌31 65英寸 电视机（超级全高清）,电视机,品牌31,65英寸,超级全高清,白色,8*1*1,8,BS84D,大卫,收货,上架
OfOGMLePi,粉色 品牌07 中号 办公椅（皮革）,办公椅,品牌07,中号,皮革,粉色,16*1*1,16,DY48F,简,收货,上架
CaWE90SlBl,黑色 品牌02 900 文件柜（滑动式）,文件柜,品牌02,900,滑动式,黑色,8*1*1,8,BZ51G,劳拉,收货,上架
TaCI15AdGr,灰色 品牌27 1500 桌子（可调节）,桌子,品牌27,1500,可调节,灰色,8*1*1,8,CZ64B,艾米丽,收货,上架
PrSoA2LaMi,混合色 品牌25 二号纸 打印机（激光）,打印机,品牌25,二号纸,激光,混合色,16*1*1,16,CR16D,约翰,收货,上架
KeSu45MeNa,藏青色 品牌11 450 键盘（机械式）,键盘,品牌11,450,机械式,藏青色,16*10*1,160,CP76F,克里斯,收货,上架
TaTR15AdBl,黑色 品牌28 1500 桌子（可调节）,桌子,品牌28,1500,可调节,黑色,8*1*1,8,AI91H,大卫,收货,上架
AlOv14i5Gr,灰色 品牌13 14英寸 一体机（第5代处理器）,一体机,品牌13,14英寸,第5代处理器,灰色,16*1*1,16,AF75A,艾米丽,收货,上架
LaPH1732Wh,白色 品牌12 17英寸 笔记本电脑（32吉字节内存）,笔记本电脑,品牌12,17英寸,32吉字节内存,白色,16*1*1,16,BU69E,约翰,收货,上架
LaPH14i7Si,银色 品牌12 14英寸 笔记本电脑（第7代处理器）,笔记本电脑,品牌12,14英寸,第7代处理器,银色,16*1*1,16,AR26G,约翰,收货,上架
NoMuA3ruWh,白色 品牌19 三号纸 笔记本（横线）,笔记本,品牌19,三号纸,横线,白色,48*10*5,2400,AQ35H,艾米,收货,上架
PrReA3AlGr,灰色 品牌24 三号纸 打印机（一体式）,打印机,品牌24,三号纸,一体式,灰色,16*1*1,16,CK45C,约翰,收货,上架
GaXESLeGr,灰色 品牌06 小号 游戏椅（皮革）,游戏椅,品牌06,小号,皮革,灰色,16*1*1,16,BT03H,大卫,收货,上架
CaRG12SlWh,白色 品牌03 1200 文件柜（滑动式）,文件柜,品牌03,1200,滑动式,白色,8*1*1,8,CF25A,简,收货,上架
KeSu45BlPi,粉色 品牌11 450 键盘（蓝牙）,键盘,品牌11,450,蓝牙,粉色,16*10*1,160,CZ50A,艾米丽,收货,上架
CaRG18FiBl,黑色 品牌03 1800 文件柜（文件收纳）,文件柜,品牌03,1800,文件收纳,黑色,8*1*1,8,CU66D,简,收货,上架
TVYn50FHBl,黑色 品牌15 50英寸 电视机（全高清）,电视机,品牌15,50英寸,全高清,黑色,8*1*1,8,BL94C,亚历克斯,收货,上架
DrRG90LoBe,米色 品牌03 900 抽屉柜（储物锁柜）,抽屉柜,品牌03,900,储物锁柜,米色,8*1*1,8,BF19F,劳拉,收货,上架
PrReA4LaWh,白色 品牌24 四号纸 打印机（激光）,打印机,品牌24,四号纸,激光,白色,16*1*1,16,BU52A,迈克,收货,上架
TaCI15AuSi,银色 品牌27 1500 桌子（自动调节）,桌子,品牌27,1500,自动调节,银色,8*1*1,8,BY97H,劳拉,收货,上架
TVGL42S4Wh,白色 品牌31 42英寸 电视机（超级超高清）,电视机,品牌31,42英寸,超级超高清,白色,8*1*1,8,AL53B,劳拉,收货,上架
SPAl50HeBl,黑色 品牌20 50 触控笔（六角形）,触控笔,品牌20,50,六角形,黑色,48*10*5,2400,DG86B,艾米,收货,上架
TVYn65SFWh,白色 品牌15 65英寸 电视机（超级全高清）,电视机,品牌15,65英寸,超级全高清,白色,8*1*1,8,CI72B,艾米,收货,上架
GaOGSErBl,黑色 品牌07 小号 游戏椅（人体工学）,游戏椅,品牌07,小号,人体工学,黑色,16*1*1,16,DZ58D,艾米,收货,上架
KePH35MePi,粉色 品牌12 350 键盘（机械式）,键盘,品牌12,350,机械式,粉色,16*10*1,160,DO85E,劳拉,收货,上架
MoSu27BlWh,白色 品牌11 270 鼠标（蓝牙）,鼠标,品牌11,270,蓝牙,白色,16*10*1,160,DG81C,迈克,收货,上架
DrRG90LoGr,灰色 品牌03 900 抽屉柜（储物锁柜）,抽屉柜,品牌03,900,储物锁柜,灰色,8*1*1,8,DJ78D,克里斯,收货,上架
MoRe27MeNa,藏青色 品牌10 270 鼠标（机械式）,鼠标,品牌10,270,机械式,藏青色,16*10*1,160,CN35F,约翰,收货,上架
GaXELAdGr,灰色 品牌06 大号 游戏椅（可调节）,游戏椅,品牌06,大号,可调节,灰色,16*1*1,16,CU36H,莎拉,收货,上架
NoExA5liBl,黑色 品牌16 五号纸 笔记本（线条）,笔记本,品牌16,五号纸,线条,黑色,48*10*5,2400,BV62G,简,收货,上架
AlRe158GGr,灰色 品牌14 15英寸 一体机（8吉字节内存）,一体机,品牌14,15英寸,8吉字节内存,灰色,16*1*1,16,CY92G,艾米,收货,上架
OfSESHePi,粉色 品牌08 小号 办公椅（头枕）,办公椅,品牌08,小号,头枕,粉色,16*1*1,16,BQ84F,艾米丽,收货,上架
PeNa12WaGr,灰色 品牌23 12 铅笔（水彩）,铅笔,品牌23,12,水彩,灰色,48*10*5,2400,CG49C,艾米丽,收货,上架
CaQE12DoBe,米色 品牌01 1200 文件柜（带门式）,文件柜,品牌01,1200,带门式,米色,8*1*1,8,DO55D,简,收货,上架
TVYn42S4Wh,白色 品牌15 42英寸 电视机（超级超高清）,电视机,品牌15,42英寸,超级超高清,白色,8*1*1,8,CN83A,克里斯,收货,上架
LaPH1732Wh,白色 品牌12 17英寸 笔记本电脑（32吉字节内存）,笔记本电脑,品牌12,17英寸,32吉字节内存,白色,16*1*1,16,DW32A,克里斯,收货,上架
SPRe12SoGr,灰色 品牌22 12 触控笔（可溶性）,触控笔,品牌22,12,可溶性,灰色,48*10*5,2400,CN16F,克里斯,收货,上架
TaTR18FrWh,白色 品牌29 1800 桌子（框架式）,桌子,品牌29,1800,框架式,白色,8*1*1,8,AY07D,亚历克斯,收货,上架
NoScA5doSi,银色 品牌17 五号纸 笔记本（点阵）,笔记本,品牌17,五号纸,点阵,银色,48*10*5,2400,AP02D,劳拉,收货,上架
TVYn504KWh,白色 品牌15 50英寸 电视机（超高清）,电视机,品牌15,50英寸,超高清,白色,8*1*1,8,CJ16A,大卫,收货,上架
PrReA3WiGr,灰色 品牌24 三号纸 打印机（无线网络）,打印机,品牌24,三号纸,无线网络,灰色,16*1*1,16,DK15G,迈克,收货,上架
AlPH17i7Gr,灰色 品牌12 17英寸 一体机（第7代处理器）,一体机,品牌12,17英寸,第7代处理器,灰色,16*1*1,16,BM23C,亚历克斯,收货,上架
AlSu1532Bl,黑色 品牌11 15英寸 一体机（32吉字节内存）,一体机,品牌11,15英寸,32吉字节内存,黑色,16*1*1,16,AS49G,劳拉,收货,上架
TaTR18WoSi,银色 品牌28 1800 桌子（工作站）,桌子,品牌28,1800,工作站,银色,8*1*1,8,DJ01G,劳拉,收货,上架
LaPH14i7Gr,灰色 品牌12 14英寸 笔记本电脑（第7代处理器）,笔记本电脑,品牌12,14英寸,第7代处理器,灰色,16*1*1,16,BN27C,劳拉,收货,上架
AlYn1532Bl,黑色 品牌15 15英寸 一体机（32吉字节内存）,一体机,品牌15,15英寸,32吉字节内存,黑色,16*1*1,16,BU62D,迈克,收货,上架
TaTR10AdBl,黑色 品牌28 1000 桌子（可调节）,桌子,品牌28,1000,可调节,黑色,8*1*1,8,DF30A,亚历克斯,收货,上架
LaYn1432Bl,黑色 品牌15 14英寸 笔记本电脑（32吉字节内存）,笔记本电脑,品牌15,14英寸,32吉字节内存,黑色,16*1*1,16,AK53B,约翰,收货,上架
PrSoA3WiMi,混合色 品牌25 三号纸 打印机（无线网络）,打印机,品牌25,三号纸,无线网络,混合色,16*1*1,16,CQ80C,迈克,收货,上架
PrSoA2InBl,黑色 品牌25 二号纸 打印机（喷墨）,打印机,品牌25,二号纸,喷墨,黑色,16*1*1,16,CG39F,莎拉,收货,上架
LaSu1432Gr,灰色 品牌11 14英寸 笔记本电脑（32吉字节内存）,笔记本电脑,品牌11,14英寸,32吉字节内存,灰色,16*1*1,16,CU08A,大卫,收货,上架
GaOGMHeBl,黑色 品牌07 中号 游戏椅（头枕）,游戏椅,品牌07,中号,头枕,黑色,16*1*1,16,CL43D,简,收货,上架
CuWE90FiBl,黑色 品牌02 900 储物柜（文件收纳）,储物柜,品牌02,900,文件收纳,黑色,8*1*1,8,CX08D,简,收货,上架
AlYn178GWh,白色 品牌15 17英寸 一体机（8吉字节内存）,一体机,品牌15,17英寸,8吉字节内存,白色,16*1*1,16,DR53C,克里斯,收货,上架
AlSu1532Bl,黑色 品牌11 15英寸 一体机（32吉字节内存）,一体机,品牌11,15英寸,32吉字节内存,黑色,16*1*1,16,AH36E,迈克,收货,上架
PrNoA4WiGr,灰色 品牌26 四号纸 打印机（无线网络）,打印机,品牌26,四号纸,无线网络,灰色,16*1*1,16,AV92E,艾米丽,收货,上架
KeHc45BlBl,黑色 品牌09 450 键盘（蓝牙）,键盘,品牌09,450,蓝牙,黑色,16*10*1,160,BY08F,大卫,收货,上架
OfOGLAdWh,白色 品牌07 大号 办公椅（可调节）,办公椅,品牌07,大号,可调节,白色,16*1*1,16,AZ53H,亚历克斯,收货,上架
SPAl50WaPi,粉色 品牌20 50 触控笔（水彩）,触控笔,品牌20,50,水彩,粉色,48*10*5,2400,DO36H,艾米,收货,上架
DrTE18DoBl,黑色 品牌04 1800 抽屉柜（带门式）,抽屉柜,品牌04,1800,带门式,黑色,8*1*1,8,DW88F,简,收货,上架
CaRG18FiGr,灰色 品牌03 1800 文件柜（文件收纳）,文件柜,品牌03,1800,文件收纳,灰色,8*1*1,8,CF89C,艾米,收货,上架
OfOGLErPi,粉色 品牌07 大号 办公椅（人体工学）,办公椅,品牌07,大号,人体工学,粉色,16*1*1,16,BG78C,劳拉,收货,上架
AlPH14i5Gr,灰色 品牌12 14英寸 一体机（第5代处理器）,一体机,品牌12,14英寸,第5代处理器,灰色,16*1*1,16,CF12F,简,收货,上架
PeNa12SoGr,灰色 品牌23 12 铅笔（可溶性）,铅笔,品牌23,12,可溶性,灰色,48*10*5,2400,DJ21D,约翰,收货,上架
MoSu45MePi,粉色 品牌11 450 鼠标（机械式）,鼠标,品牌11,450,机械式,粉色,16*10*1,160,DT86C,莎拉,收货,上架
AlRe17i7Wh,白色 品牌14 17英寸 一体机（第7代处理器）,一体机,品牌14,17英寸,第7代处理器,白色,16*1*1,16,BJ29D,迈克,收货,上架
CaWE90LoGr,灰色 品牌02 900 文件柜（储物锁柜）,文件柜,品牌02,900,储物锁柜,灰色,8*1*1,8,BK29B,大卫,收货,上架
LaPH14i5Si,银色 品牌12 14英寸 笔记本电脑（第5代处理器）,笔记本电脑,品牌12,14英寸,第5代处理器,银色,16*1*1,16,AK39F,约翰,收货,上架
KePH35WiWh,白色 品牌12 350 键盘（有线）,键盘,品牌12,350,有线,白色,16*10*1,160,CR10H,莎拉,收货,上架
GaXEMHePi,粉色 品牌06 中号 游戏椅（头枕）,游戏椅,品牌06,中号,头枕,粉色,16*1*1,16,BF53G,克里斯,收货,上架
DrQE12FiGr,灰色 品牌01 1200 抽屉柜（文件收纳）,抽屉柜,品牌01,1200,文件收纳,灰色,8*1*1,8,AU30H,亚历克斯,收货,上架
GaOGSLePi,粉色 品牌07 小号 游戏椅（皮革）,游戏椅,品牌07,小号,皮革,粉色,16*1*1,16,DJ76C,劳拉,收货,上架
DrTE12FiWh,白色 品牌04 1200 抽屉柜（文件收纳）,抽屉柜,品牌04,1200,文件收纳,白色,8*1*1,8,AJ11F,约翰,收货,上架
NoScA3doBl,黑色 品牌17 三号纸 笔记本（点阵）,笔记本,品牌17,三号纸,点阵,黑色,48*10*5,2400,CP40D,劳拉,收货,上架
PrPHA2InMi,混合色 品牌12 二号纸 打印机（喷墨）,打印机,品牌12,二号纸,喷墨,混合色,16*1*1,16,DH51D,艾米,收货,上架
TVGL32FHBl,黑色 品牌31 32英寸 电视机（全高清）,电视机,品牌31,32英寸,全高清,黑色,8*1*1,8,CQ15C,亚历克斯,收货,上架
NoExA4ruGr,灰色 品牌16 四号纸 笔记本（横线）,笔记本,品牌16,四号纸,横线,灰色,48*10*5,2400,DI47C,艾米,收货,上架
CuRG18LoGr,灰色 品牌03 1800 储物柜（储物锁柜）,储物柜,品牌03,1800,储物锁柜,灰色,8*1*1,8,AT87F,艾米丽,收货,上架
PrNoA2InBl,黑色 品牌26 二号纸 打印机（喷墨）,打印机,品牌26,二号纸,喷墨,黑色,16*1*1,16,CS90A,艾米丽,收货,上架
TaAE10AdWh,白色 品牌05 1000 桌子（可调节）,桌子,品牌05,1000,可调节,白色,8*1*1,8,CR39B,劳拉,收货,上架
CuRG90LoGr,灰色 品牌03 900 储物柜（储物锁柜）,储物柜,品牌03,900,储物锁柜,灰色,8*1*1,8,BN95B,克里斯,收货,上架
MoPH35MeWh,白色 品牌12 350 鼠标（机械式）,鼠标,品牌12,350,机械式,白色,16*10*1,160,DM60E,艾米丽,收货,上架
NoScA5doBl,黑色 品牌17 五号纸 笔记本（点阵）,笔记本,品牌17,五号纸,点阵,黑色,48*10*5,2400,DO19H,艾米丽,收货,上架
LaYn15i5Si,银色 品牌15 15英寸 笔记本电脑（第5代处理器）,笔记本电脑,品牌15,15英寸,第5代处理器,银色,16*1*1,16,CP47H,莎拉,收货,上架
PeRe24WaPi,粉色 品牌22 24 铅笔（水彩）,铅笔,品牌22,24,水彩,粉色,48*10*5,2400,AO85D,迈克,收货,上架
LaOv158GWh,白色 品牌13 15英寸 笔记本电脑（8吉字节内存）,笔记本电脑,品牌13,15英寸,8吉字节内存,白色,16*1*1,16,BW33B,大卫,收货,上架
AlPH1416Bl,黑色 品牌12 14英寸 一体机（16吉字节内存）,一体机,品牌12,14英寸,16吉字节内存,黑色,16*1*1,16,DH25D,大卫,收货,上架
CuTE18LoBe,米色 品牌04 1800 储物柜（储物锁柜）,储物柜,品牌04,1800,储物锁柜,米色,8*1*1,8,BS01A,莎拉,收货,上架
DrWE12DoWh,白色 品牌02 1200 抽屉柜（带门式）,抽屉柜,品牌02,1200,带门式,白色,8*1*1,8,CU83B,简,收货,上架
PeNa24SoGr,灰色 品牌23 24 铅笔（可溶性）,铅笔,品牌23,24,可溶性,灰色,48*10*5,2400,BL03G,莎拉,收货,上架
PrPHA3WiGr,灰色 品牌12 三号纸 打印机（无线网络）,打印机,品牌12,三号纸,无线网络,灰色,16*1*1,16,DJ88F,莎拉,收货,上架
LaOv1432Bl,黑色 品牌13 14英寸 笔记本电脑（32吉字节内存）,笔记本电脑,品牌13,14英寸,32吉字节内存,黑色,16*1*1,16,BJ57H,艾米丽,收货,上架
PrPHA4AlBl,黑色 品牌12 四号纸 打印机（一体式）,打印机,品牌12,四号纸,一体式,黑色,16*1*1,16,CN65F,迈克,收货,上架
AlPH158GGr,灰色 品牌12 15英寸 一体机（8吉字节内存）,一体机,品牌12,15英寸,8吉字节内存,灰色,16*1*1,16,AK01A,约翰,收货,上架
OfAESErPi,粉色 品牌05 小号 办公椅（人体工学）,办公椅,品牌05,小号,人体工学,粉色,16*1*1,16,CV66D,劳拉,收货,上架
LaRe1416Gr,灰色 品牌14 14英寸 笔记本电脑（16吉字节内存）,笔记本电脑,品牌14,14英寸,16吉字节内存,灰色,16*1*1,16,DK67H,克里斯,收货,上架
SPRe12SoGr,灰色 品牌22 12 触控笔（可溶性）,触控笔,品牌22,12,可溶性,灰色,48*10*5,2400,CF43H,劳拉,收货,上架
PeRe12HeWh,白色 品牌22 12 铅笔（六角形）,铅笔,品牌22,12,六角形,白色,48*10*5,2400,BK93E,劳拉,收货,上架
AlOv178GWh,白色 品牌13 17英寸 一体机（8吉字节内存）,一体机,品牌13,17英寸,8吉字节内存,白色,16*1*1,16,AL38D,艾米丽,收货,上架
TaTR10FrSi,银色 品牌29 1000 桌子（框架式）,桌子,品牌29,1000,框架式,银色,8*1*1,8,BZ14F,约翰,收货,上架
LaPH1532Wh,白色 品牌12 15英寸 笔记本电脑（32吉字节内存）,笔记本电脑,品牌12,15英寸,32吉字节内存,白色,16*1*1,16,CT97C,艾米,收货,上架
LaRe17i5Gr,灰色 品牌14 17英寸 笔记本电脑（第5代处理器）,笔记本电脑,品牌14,17英寸,第5代处理器,灰色,16*1*1,16,DS56C,莎拉,收货,上架
NoExA4doSi,银色 品牌16 四号纸 笔记本（点阵）,笔记本,品牌16,四号纸,点阵,银色,48*10*5,2400,CS39C,大卫,收货,上架
PeNa12HePi,粉色 品牌23 12 铅笔（六角形）,铅笔,品牌23,12,六角形,粉色,48*10*5,2400,BF51G,劳拉,收货,上架
KePH45BlBl,黑色 品牌12 450 键盘（蓝牙）,键盘,品牌12,450,蓝牙,黑色,16*10*1,160,AW89B,约翰,收货,上架
TaTR18WoSi,银色 品牌28 1800 桌子（工作站）,桌子,品牌28,1800,工作站,银色,8*1*1,8,AU96A,克里斯,收货,上架
TVEs50SFBl,黑色 品牌32 50英寸 电视机（超级全高清）,电视机,品牌32,50英寸,超级全高清,黑色,8*1*1,8,BU11G,艾米,收货,上架
MoPH27BlNa,藏青色 品牌12 270 鼠标（蓝牙）,鼠标,品牌12,270,蓝牙,藏青色,16*10*1,160,DL68D,大卫,收货,上架
TaAE18AdBl,黑色 品牌05 1800 桌子（可调节）,桌子,品牌05,1800,可调节,黑色,8*1*1,8,BN10H,简,收货,上架
TVGn42FHWh,白色 品牌30 42英寸 电视机（全高清）,电视机,品牌30,42英寸,全高清,白色,8*1*1,8,DV73G,莎拉,收货,上架
CaRG90FiBl,黑色 品牌03 900 文件柜（文件收纳）,文件柜,品牌03,900,文件收纳,黑色,8*1*1,8,BJ65B,大卫,收货,上架
PrNoA2MoWh,白色 品牌26 二号纸 打印机（黑白）,打印机,品牌26,二号纸,黑白,白色,16*1*1,16,AM72B,劳拉,收货,上架
PrNoA3InBl,黑色 品牌26 三号纸 打印机（喷墨）,打印机,品牌26,三号纸,喷墨,黑色,16*1*1,16,DL08B,大卫,收货,上架
CuWE12LoBe,米色 品牌02 1200 储物柜（储物锁柜）,储物柜,品牌02,1200,储物锁柜,米色,8*1*1,8,CF03B,亚历克斯,收货,上架
PrNoA2AlMi,混合色 品牌26 二号纸 打印机（一体式）,打印机,品牌26,二号纸,一体式,混合色,16*1*1,16,AW75B,莎拉,收货,上架
AlSu15i5Gr,灰色 品牌11 15英寸 一体机（第5代处理器）,一体机,品牌11,15英寸,第5代处理器,灰色,16*1*1,16,AM98A,简,收货,上架
DrWE12LoGr,灰色 品牌02 1200 抽屉柜（储物锁柜）,抽屉柜,品牌02,1200,储物锁柜,灰色,8*1*1,8,BG84G,莎拉,收货,上架
GaSELErGr,灰色 品牌08 大号 游戏椅（人体工学）,游戏椅,品牌08,大号,人体工学,灰色,16*1*1,16,DT31H,艾米,收货,上架
TVGn754KWh,白色 品牌30 75英寸 电视机（超高清）,电视机,品牌30,75英寸,超高清,白色,8*1*1,8,CT60C,亚历克斯,收货,上架
TaCI15AuGr,灰色 品牌27 1500 桌子（自动调节）,桌子,品牌27,1500,自动调节,灰色,8*1*1,8,AR78G,艾米,收货,上架
MoPH45MeWh,白色 品牌12 450 鼠标（机械式）,鼠标,品牌12,450,机械式,白色,16*10*1,160,AM92H,迈克,收货,上架
GaOGSHeGr,灰色 品牌07 小号 游戏椅（头枕）,游戏椅,品牌07,小号,头枕,灰色,16*1*1,16,AW31B,劳拉,收货,上架
AlRe14i7Bl,黑色 品牌14 14英寸 一体机（第7代处理器）,一体机,品牌14,14英寸,第7代处理器,黑色,16*1*1,16,BG06B,大卫,收货,上架
OfOGSLeBl,黑色 品牌07 小号 办公椅（皮革）,办公椅,品牌07,小号,皮革,黑色,16*1*1,16,DU77B,迈克,收货,上架
MoRe27BlBl,黑色 品牌10 270 鼠标（蓝牙）,鼠标,品牌10,270,蓝牙,黑色,16*10*1,160,AK46G,亚历克斯,收货,上架
NoGrA3doWh,白色 品牌18 三号纸 笔记本（点阵）,笔记本,品牌18,三号纸,点阵,白色,48*10*5,2400,CV61A,简,收货,上架
NoScA5ruBl,黑色 品牌17 五号纸 笔记本（横线）,笔记本,品牌17,五号纸,横线,黑色,48*10*5,2400,CQ75F,劳拉,收货,上架
TVYn75FHBl,黑色 品牌15 75英寸 电视机（全高清）,电视机,品牌15,75英寸,全高清,黑色,8*1*1,8,DR59E,莎拉,收货,上架
TVYn75FHWh,白色 品牌15 75英寸 电视机（全高清）,电视机,品牌15,75英寸,全高清,白色,8*1*1,8,DO12G,亚历克斯,收货,上架
DrWE90FiBl,黑色 品牌02 900 抽屉柜（文件收纳）,抽屉柜,品牌02,900,文件收纳,黑色,8*1*1,8,DJ07F,克里斯,收货,上架
PeRe12HeBl,黑色 品牌22 12 铅笔（六角形）,铅笔,品牌22,12,六角形,黑色,48*10*5,2400,DR90A,劳拉,收货,上架
CaRG18SlGr,灰色 品牌03 1800 文件柜（滑动式）,文件柜,品牌03,1800,滑动式,灰色,8*1*1,8,CL58G,迈克,收货,上架
LaPH1416Wh,白色 品牌12 14英寸 笔记本电脑（16吉字节内存）,笔记本电脑,品牌12,14英寸,16吉字节内存,白色,16*1*1,16,BU76A,克里斯,收货,上架
LaOv1516Si,银色 品牌13 15英寸 笔记本电脑（16吉字节内存）,笔记本电脑,品牌13,15英寸,16吉字节内存,银色,16*1*1,16,DW33D,迈克,收货,上架
PrSoA2MoBl,黑色 品牌25 二号纸 打印机（黑白）,打印机,品牌25,二号纸,黑白,黑色,16*1*1,16,BH84G,大卫,收货,上架
GaAESErPi,粉色 品牌05 小号 游戏椅（人体工学）,游戏椅,品牌05,小号,人体工学,粉色,16*1*1,16,DY07E,迈克,收货,上架
MoRe35ErWh,白色 品牌10 350 鼠标（人体工学）,鼠标,品牌10,350,人体工学,白色,16*10*1,160,AT53G,艾米丽,收货,上架
PrReA2LaWh,白色 品牌24 二号纸 打印机（激光）,打印机,品牌24,二号纸,激光,白色,16*1*1,16,AT70H,艾米丽,收货,上架
TaTR15FrBl,黑色 品牌28 1500 桌子（框架式）,桌子,品牌28,1500,框架式,黑色,8*1*1,8,AH38C,劳拉,收货,上架
PrReA2WiWh,白色 品牌24 二号纸 打印机（无线网络）,打印机,品牌24,二号纸,无线网络,白色,16*1*1,16,AG22D,迈克,收货,上架
KeSu35WiWh,白色 品牌11 350 键盘（有线）,键盘,品牌11,350,有线,白色,16*10*1,160,BK02B,莎拉,收货,上架
SPNa24SoPi,粉色 品牌23 24 触控笔（可溶性）,触控笔,品牌23,24,可溶性,粉色,48*10*5,2400,CV07B,艾米,收货,上架
TaCI15WoWh,白色 品牌27 1500 桌子（工作站）,桌子,品牌27,1500,工作站,白色,8*1*1,8,BF66G,艾米,收货,上架
TVEs65SFWh,白色 品牌32 65英寸 电视机（超级全高清）,电视机,品牌32,65英寸,超级全高清,白色,8*1*1,8,CX36C,艾米,收货,上架
AlSu14i7Wh,白色 品牌11 14英寸 一体机（第7代处理器）,一体机,品牌11,14英寸,第7代处理器,白色,16*1*1,16,CT89B,艾米丽,收货,上架
OfSELAdPi,粉色 品牌08 大号 办公椅（可调节）,办公椅,品牌08,大号,可调节,粉色,16*1*1,16,AW71B,约翰,收货,上架
MoSu45ErWh,白色 品牌11 450 鼠标（人体工学）,鼠标,品牌11,450,人体工学,白色,16*10*1,160,AM51A,莎拉,收货,上架
AlYn1716Wh,白色 品牌15 17英寸 一体机（16吉字节内存）,一体机,品牌15,17英寸,16吉字节内存,白色,16*1*1,16,CS46F,约翰,收货,上架
KeRe27WiWh,白色 品牌10 270 键盘（有线）,键盘,品牌10,270,有线,白色,16*10*1,160,AO12G,大卫,收货,上架
LaYn17i5Wh,白色 品牌15 17英寸 笔记本电脑（第5代处理器）,笔记本电脑,品牌15,17英寸,第5代处理器,白色,16*1*1,16,CJ66D,艾米,收货,上架
SPNa12SoBl,黑色 品牌23 12 触控笔（可溶性）,触控笔,品牌23,12,可溶性,黑色,48*10*5,2400,CK83H,简,收货,上架
PeRe24HeBl,黑色 品牌22 24 铅笔（六角形）,铅笔,品牌22,24,六角形,黑色,48*10*5,2400,CO66A,克里斯,收货,上架
AlRe14i7Gr,灰色 品牌14 14英寸 一体机（第7代处理器）,一体机,品牌14,14英寸,第7代处理器,灰色,16*1*1,16,CO28E,迈克,收货,上架
CuQE12DoWh,白色 品牌01 1200 储物柜（带门式）,储物柜,品牌01,1200,带门式,白色,8*1*1,8,DP97E,大卫,收货,上架
TVGL65FHGr,灰色 品牌31 65英寸 电视机（全高清）,电视机,品牌31,65英寸,全高清,灰色,8*1*1,8,DL38A,迈克,收货,上架
DrQE12SlGr,灰色 品牌01 1200 抽屉柜（滑动式）,抽屉柜,品牌01,1200,滑动式,灰色,8*1*1,8,CR91H,劳拉,收货,上架
LaRe178GGr,灰色 品牌14 17英寸 笔记本电脑（8吉字节内存）,笔记本电脑,品牌14,17英寸,8吉字节内存,灰色,16*1*1,16,BM28H,约翰,收货,上架
KeRe45BlWh,白色 品牌10 450 键盘（蓝牙）,键盘,品牌10,450,蓝牙,白色,16*10*1,160,AG42F,莎拉,收货,上架
AlRe1416Wh,白色 品牌14 14英寸 一体机（16吉字节内存）,一体机,品牌14,14英寸,16吉字节内存,白色,16*1*1,16,AP51F,大卫,收货,上架
TVEs324KSi,银色 品牌32 32英寸 电视机（超高清）,电视机,品牌32,32英寸,超高清,银色,8*1*1,8,AS71B,亚历克斯,收货,上架
TaTR18WoBl,黑色 品牌29 1800 桌子（工作站）,桌子,品牌29,1800,工作站,黑色,8*1*1,8,CT72E,简,收货,上架
TaAE18WoBl,黑色 品牌05 1800 桌子（工作站）,桌子,品牌05,1800,工作站,黑色,8*1*1,8,AV87A,约翰,收货,上架
TVGn65SFBl,黑色 品牌30 65英寸 电视机（超级全高清）,电视机,品牌30,65英寸,超级全高清,黑色,8*1*1,8,AN57H,艾米丽,收货,上架
TaTR15WoBl,黑色 品牌29 1500 桌子（工作站）,桌子,品牌29,1500,工作站,黑色,8*1*1,8,BX71E,亚历克斯,收货,上架
TVGL32SFBl,黑色 品牌31 32英寸 电视机（超级全高清）,电视机,品牌31,32英寸,超级全高清,黑色,8*1*1,8,BT22H,迈克,收货,上架
GaOGSErWh,白色 品牌07 小号 游戏椅（人体工学）,游戏椅,品牌07,小号,人体工学,白色,16*1*1,16,BM91A,简,收货,上架
OfAELHeWh,白色 品牌05 大号 办公椅（头枕）,办公椅,品牌05,大号,头枕,白色,16*1*1,16,BL61F,克里斯,收货,上架
NoMuA3doWh,白色 品牌19 三号纸 笔记本（点阵）,笔记本,品牌19,三号纸,点阵,白色,48*10*5,2400,CQ70E,约翰,收货,上架
LaOv17i7Gr,灰色 品牌13 17英寸 笔记本电脑（第7代处理器）,笔记本电脑,品牌13,17英寸,第7代处理器,灰色,16*1*1,16,DR63A,艾米,收货,上架
PeAl12WaWh,白色 品牌20 12 铅笔（水彩）,铅笔,品牌20,12,水彩,白色,48*10*5,2400,BH83G,莎拉,收货,上架
MoRe35ErNa,藏青色 品牌10 350 鼠标（人体工学）,鼠标,品牌10,350,人体工学,藏青色,16*10*1,160,CR21D,大卫,收货,上架
LaRe14i5Wh,白色 品牌14 14英寸 笔记本电脑（第5代处理器）,笔记本电脑,品牌14,14英寸,第5代处理器,白色,16*1*1,16,DF51B,克里斯,收货,上架
AlOv1516Si,银色 品牌13 15英寸 一体机（16吉字节内存）,一体机,品牌13,15英寸,16吉字节内存,银色,16*1*1,16,CR45B,大卫,收货,上架
TVYn42FHSi,银色 品牌15 42英寸 电视机（全高清）,电视机,品牌15,42英寸,全高清,银色,8*1*1,8,AU43F,克里斯,收货,上架
PeNa24WaBl,黑色 品牌23 24 铅笔（水彩）,铅笔,品牌23,24,水彩,黑色,48*10*5,2400,AZ19B,约翰,收货,上架
DrRG90FiBe,米色 品牌03 900 抽屉柜（文件收纳）,抽屉柜,品牌03,900,文件收纳,米色,8*1*1,8,DT75E,艾米丽,收货,上架
CaQE12FiBe,米色 品牌01 1200 文件柜（文件收纳）,文件柜,品牌01,1200,文件收纳,米色,8*1*1,8,AO97D,劳拉,收货,上架
NoGrA4doGr,灰色 品牌18 四号纸 笔记本（点阵）,笔记本,品牌18,四号纸,点阵,灰色,48*10*5,2400,BP25H,约翰,收货,上架
OfAEMErGr,灰色 品牌05 中号 办公椅（人体工学）,办公椅,品牌05,中号,人体工学,灰色,16*1*1,16,AG17A,约翰,收货,上架
PrNoA3AlBl,黑色 品牌26 三号纸 打印机（一体式）,打印机,品牌26,三号纸,一体式,黑色,16*1*1,16,BK48G,劳拉,收货,上架
CaTE18DoGr,灰色 品牌04 1800 文件柜（带门式）,文件柜,品牌04,1800,带门式,灰色,8*1*1,8,DU50A,劳拉,收货,上架
PrNoA4LaMi,混合色 品牌26 四号纸 打印机（激光）,打印机,品牌26,四号纸,激光,混合色,16*1*1,16,DV09H,约翰,收货,上架
PeAl50WaPi,粉色 品牌20 50 铅笔（水彩）,铅笔,品牌20,50,水彩,粉色,48*10*5,2400,DT87F,克里斯,收货,上架
LaRe14i7Bl,黑色 品牌14 14英寸 笔记本电脑（第7代处理器）,笔记本电脑,品牌14,14英寸,第7代处理器,黑色,16*1*1,16,CK88A,艾米,收货,上架
GaAESHePi,粉色 品牌05 小号 游戏椅（头枕）,游戏椅,品牌05,小号,头枕,粉色,16*1*1,16,AK07A,大卫,收货,上架
CaTE90DoBe,米色 品牌04 900 文件柜（带门式）,文件柜,品牌04,900,带门式,米色,8*1*1,8,CI87D,大卫,收货,上架
PrSoA2MoBl,黑色 品牌25 二号纸 打印机（黑白）,打印机,品牌25,二号纸,黑白,黑色,16*1*1,16,BP50B,艾米丽,收货,上架
LaYn1732Bl,黑色 品牌15 17英寸 笔记本电脑（32吉字节内存）,笔记本电脑,品牌15,17英寸,32吉字节内存,黑色,16*1*1,16,CO84G,劳拉,收货,上架
GaXESAdPi,粉色 品牌06 小号 游戏椅（可调节）,游戏椅,品牌06,小号,可调节,粉色,16*1*1,16,DJ15D,简,收货,上架
OfAEMErGr,灰色 品牌05 中号 办公椅（人体工学）,办公椅,品牌05,中号,人体工学,灰色,16*1*1,16,AM13H,亚历克斯,收货,上架
GaSELErPi,粉色 品牌08 大号 游戏椅（人体工学）,游戏椅,品牌08,大号,人体工学,粉色,16*1*1,16,DW02H,艾米丽,收货,上架
OfXELAdGr,灰色 品牌06 大号 办公椅（可调节）,办公椅,品牌06,大号,可调节,灰色,16*1*1,16,CL71A,迈克,收货,上架
KeRe27ErPi,粉色 品牌10 270 键盘（人体工学）,键盘,品牌10,270,人体工学,粉色,16*10*1,160,BZ32C,大卫,收货,上架
AlRe178GGr,灰色 品牌14 17英寸 一体机（8吉字节内存）,一体机,品牌14,17英寸,8吉字节内存,灰色,16*1*1,16,CO72B,简,收货,上架
LaRe1532Bl,黑色 品牌14 15英寸 笔记本电脑（32吉字节内存）,笔记本电脑,品牌14,15英寸,32吉字节内存,黑色,16*1*1,16,BR01G,克里斯,收货,上架
LaPH1432Si,银色 品牌12 14英寸 笔记本电脑（32吉字节内存）,笔记本电脑,品牌12,14英寸,32吉字节内存,银色,16*1*1,16,CS79D,简,收货,上架
NoScA5liGr,灰色 品牌17 五号纸 笔记本（线条）,笔记本,品牌17,五号纸,线条,灰色,48*10*5,2400,CR39E,约翰,收货,上架
GaAEMLeWh,白色 品牌05 中号 游戏椅（皮革）,游戏椅,品牌05,中号,皮革,白色,16*1*1,16,DZ73B,艾米丽,收货,上架
DrQE90SlBe,米色 品牌01 900 抽屉柜（滑动式）,抽屉柜,品牌01,900,滑动式,米色,8*1*1,8,BV66D,简,收货,上架
PeGi50SoGr,灰色 品牌21 50 铅笔（可溶性）,铅笔,品牌21,50,可溶性,灰色,48*10*5,2400,CV14H,简,收货,上架
CuWE90DoWh,白色 品牌02 900 储物柜（带门式）,储物柜,品牌02,900,带门式,白色,8*1*1,8,CT83D,克里斯,收货,上架
CaWE18LoBe,米色 品牌02 1800 文件柜（储物锁柜）,文件柜,品牌02,1800,储物锁柜,米色,8*1*1,8,AH67D,迈克,收货,上架
GaSESErGr,灰色 品牌08 小号 游戏椅（人体工学）,游戏椅,品牌08,小号,人体工学,灰色,16*1*1,16,AT17B,艾米,收货,上架
OfXEMLeBl,黑色 品牌06 中号 办公椅（皮革）,办公椅,品牌06,中号,皮革,黑色,16*1*1,16,CP57E,莎拉,收货,上架
AlOv148GGr,灰色 品牌13 14英寸 一体机（8吉字节内存）,一体机,品牌13,14英寸,8吉字节内存,灰色,16*1*1,16,CI16C,劳拉,收货,上架
AlYn158GBl,黑色 品牌15 15英寸 一体机（8吉字节内存）,一体机,品牌15,15英寸,8吉字节内存,黑色,16*1*1,16,DO48D,约翰,收货,上架
TVGn42SFWh,白色 品牌30 42英寸 电视机（超级全高清）,电视机,品牌30,42英寸,超级全高清,白色,8*1*1,8,DH03A,约翰,收货,上架
CaWE18SlWh,白色 品牌02 1800 文件柜（滑动式）,文件柜,品牌02,1800,滑动式,白色,8*1*1,8,AP54H,艾米,收货,上架
KeSu45ErPi,粉色 品牌11 450 键盘（人体工学）,键盘,品牌11,450,人体工学,粉色,16*10*1,160,BR12D,亚历克斯,收货,上架
CuWE90FiWh,白色 品牌02 900 储物柜（文件收纳）,储物柜,品牌02,900,文件收纳,白色,8*1*1,8,CN95F,约翰,收货,上架
NoMuA4doBl,黑色 品牌19 四号纸 笔记本（点阵）,笔记本,品牌19,四号纸,点阵,黑色,48*10*5,2400,CL23C,克里斯,收货,上架
DrRG90FiWh,白色 品牌03 900 抽屉柜（文件收纳）,抽屉柜,品牌03,900,文件收纳,白色,8*1*1,8,AG26H,艾米,收货,上架
KeHc27MeBl,黑色 品牌09 270 键盘（机械式）,键盘,品牌09,270,机械式,黑色,16*10*1,160,BY87C,亚历克斯,收货,上架
PrReA3WiGr,灰色 品牌24 三号纸 打印机（无线网络）,打印机,品牌24,三号纸,无线网络,灰色,16*1*1,16,CL60E,约翰,收货,上架
CuWE12FiWh,白色 品牌02 1200 储物柜（文件收纳）,储物柜,品牌02,1200,文件收纳,白色,8*1*1,8,AN58C,莎拉,收货,上架
AlRe14i5Si,银色 品牌14 14英寸 一体机（第5代处理器）,一体机,品牌14,14英寸,第5代处理器,银色,16*1*1,16,CJ01C,艾米丽,收货,上架
LaYn15i5Bl,黑色 品牌15 15英寸 笔记本电脑（第5代处理器）,笔记本电脑,品牌15,15英寸,第5代处理器,黑色,16*1*1,16,CG26E,莎拉,收货,上架
DrWE18LoWh,白色 品牌02 1800 抽屉柜（储物锁柜）,抽屉柜,品牌02,1800,储物锁柜,白色,8*1*1,8,BX17C,约翰,收货,上架
TVGL65S4Si,银色 品牌31 65英寸 电视机（超级超高清）,电视机,品牌31,65英寸,超级超高清,银色,8*1*1,8,AH53A,迈克,收货,上架
AlPH1416Bl,黑色 品牌12 14英寸 一体机（16吉字节内存）,一体机,品牌12,14英寸,16吉字节内存,黑色,16*1*1,16,CO28H,约翰,收货,上架
TaCI15WoGr,灰色 品牌27 1500 桌子（工作站）,桌子,品牌27,1500,工作站,灰色,8*1*1,8,AP87G,约翰,收货,上架
TVYn754KWh,白色 品牌15 75英寸 电视机（超高清）,电视机,品牌15,75英寸,超高清,白色,8*1*1,8,CX35A,约翰,收货,上架
GaAESErBl,黑色 品牌05 小号 游戏椅（人体工学）,游戏椅,品牌05,小号,人体工学,黑色,16*1*1,16,BK51G,亚历克斯,收货,上架
PrSoA4WiMi,混合色 品牌25 四号纸 打印机（无线网络）,打印机,品牌25,四号纸,无线网络,混合色,16*1*1,16,AF50H,大卫,收货,上架
TaTR10FrSi,银色 品牌29 1000 桌子（框架式）,桌子,品牌29,1000,框架式,银色,8*1*1,8,BJ09D,约翰,收货,上架
LaRe14i5Bl,黑色 品牌14 14英寸 笔记本电脑（第5代处理器）,笔记本电脑,品牌14,14英寸,第5代处理器,黑色,16*1*1,16,BV91F,克里斯,收货,上架
TaTR15AdSi,银色 品牌28 1500 桌子（可调节）,桌子,品牌28,1500,可调节,银色,8*1*1,8,AT30E,迈克,收货,上架
AlOv15i7Gr,灰色 品牌13 15英寸 一体机（第7代处理器）,一体机,品牌13,15英寸,第7代处理器,灰色,16*1*1,16,DQ97B,莎拉,收货,上架
NoExA3ruSi,银色 品牌16 三号纸 笔记本（横线）,笔记本,品牌16,三号纸,横线,银色,48*10*5,2400,CW61H,艾米丽,收货,上架
NoMuA3liBl,黑色 品牌19 三号纸 笔记本（线条）,笔记本,品牌19,三号纸,线条,黑色,48*10*5,2400,CS34H,简,收货,上架
TaTR18AdGr,灰色 品牌29 1800 桌子（可调节）,桌子,品牌29,1800,可调节,灰色,8*1*1,8,BO42B,迈克,收货,上架
GaAEMLeBl,黑色 品牌05 中号 游戏椅（皮革）,游戏椅,品牌05,中号,皮革,黑色,16*1*1,16,AR04B,大卫,收货,上架
AlOv15i5Gr,灰色 品牌13 15英寸 一体机（第5代处理器）,一体机,品牌13,15英寸,第5代处理器,灰色,16*1*1,16,DV61A,大卫,收货,上架
AlSu1516Bl,黑色 品牌11 15英寸 一体机（16吉字节内存）,一体机,品牌11,15英寸,16吉字节内存,黑色,16*1*1,16,BT74E,大卫,收货,上架
MoRe35BlNa,藏青色 品牌10 350 鼠标（蓝牙）,鼠标,品牌10,350,蓝牙,藏青色,16*10*1,160,BK08E,克里斯,收货,上架
TaTR18AuSi,银色 品牌29 1800 桌子（自动调节）,桌子,品牌29,1800,自动调节,银色,8*1*1,8,AZ41G,迈克,收货,上架
TaTR10AdSi,银色 品牌28 1000 桌子（可调节）,桌子,品牌28,1000,可调节,银色,8*1*1,8,BU14C,克里斯,收货,上架
GaAELErPi,粉色 品牌05 大号 游戏椅（人体工学）,游戏椅,品牌05,大号,人体工学,粉色,16*1*1,16,AJ48E,亚历克斯,收货,上架
TaAE15AdWh,白色 品牌05 1500 桌子（可调节）,桌子,品牌05,1500,可调节,白色,8*1*1,8,DT59E,约翰,收货,上架
CaRG90FiBl,黑色 品牌03 900 文件柜（文件收纳）,文件柜,品牌03,900,文件收纳,黑色,8*1*1,8,DZ05E,劳拉,收货,上架
KePH45MeBl,黑色 品牌12 450 键盘（机械式）,键盘,品牌12,450,机械式,黑色,16*10*1,160,AP73E,艾米丽,收货,上架
TaCI15AuWh,白色 品牌27 1500 桌子（自动调节）,桌子,品牌27,1500,自动调节,白色,8*1*1,8,CM79H,简,收货,上架
CaRG12SlWh,白色 品牌03 1200 文件柜（滑动式）,文件柜,品牌03,1200,滑动式,白色,8*1*1,8,CH04C,简,收货,上架
OfOGMErWh,白色 品牌07 中号 办公椅（人体工学）,办公椅,品牌07,中号,人体工学,白色,16*1*1,16,AY63B,亚历克斯,收货,上架
AlRe15i5Gr,灰色 品牌14 15英寸 一体机（第5代处理器）,一体机,品牌14,15英寸,第5代处理器,灰色,16*1*1,16,AZ93B,劳拉,收货,上架
TaTR10AuGr,灰色 品牌29 1000 桌子（自动调节）,桌子,品牌29,1000,自动调节,灰色,8*1*1,8,DV31C,艾米,收货,上架
PrReA2WiWh,白色 品牌24 二号纸 打印机（无线网络）,打印机,品牌24,二号纸,无线网络,白色,16*1*1,16,DT47G,劳拉,收货,上架
TVYn65FHSi,银色 品牌15 65英寸 电视机（全高清）,电视机,品牌15,65英寸,全高清,银色,8*1*1,8,CO22F,约翰,收货,上架
CaTE90LoBl,黑色 品牌04 900 文件柜（储物锁柜）,文件柜,品牌04,900,储物锁柜,黑色,8*1*1,8,AK43E,大卫,收货,上架
CaWE90FiBl,黑色 品牌02 900 文件柜（文件收纳）,文件柜,品牌02,900,文件收纳,黑色,8*1*1,8,DR71C,莎拉,收货,上架
AlYn14i5Bl,黑色 品牌15 14英寸 一体机（第5代处理器）,一体机,品牌15,14英寸,第5代处理器,黑色,16*1*1,16,DM37A,约翰,收货,上架
TVGL754KBl,黑色 品牌31 75英寸 电视机（超高清）,电视机,品牌31,75英寸,超高清,黑色,8*1*1,8,DY38C,劳拉,收货,上架
GaXESLeBl,黑色 品牌06 小号 游戏椅（皮革）,游戏椅,品牌06,小号,皮革,黑色,16*1*1,16,BN30C,亚历克斯,收货,上架
DrTE90SlWh,白色 品牌04 900 抽屉柜（滑动式）,抽屉柜,品牌04,900,滑动式,白色,8*1*1,8,CV71B,大卫,收货,上架
TaAE10FrWh,白色 品牌05 1000 桌子（框架式）,桌子,品牌05,1000,框架式,白色,8*1*1,8,CI28D,艾米,收货,上架
DrTE18FiBl,黑色 品牌04 1800 抽屉柜（文件收纳）,抽屉柜,品牌04,1800,文件收纳,黑色,8*1*1,8,DW80A,约翰,收货,上架
MoPH35WiPi,粉色 品牌12 350 鼠标（有线）,鼠标,品牌12,350,有线,粉色,16*10*1,160,BH59E,艾米,收货,上架
OfAEMAdPi,粉色 品牌05 中号 办公椅（可调节）,办公椅,品牌05,中号,可调节,粉色,16*1*1,16,DW25D,迈克,收货,上架
NoGrA4ruBl,黑色 品牌18 四号纸 笔记本（横线）,笔记本,品牌18,四号纸,横线,黑色,48*10*5,2400,CX69H,亚历克斯,收货,上架
MoSu27BlPi,粉色 品牌11 270 鼠标（蓝牙）,鼠标,品牌11,270,蓝牙,粉色,16*10*1,160,BS57D,艾米,收货,上架
CuWE12LoWh,白色 品牌02 1200 储物柜（储物锁柜）,储物柜,品牌02,1200,储物锁柜,白色,8*1*1,8,AK16A,艾米丽,收货,上架
CuRG18LoWh,白色 品牌03 1800 储物柜（储物锁柜）,储物柜,品牌03,1800,储物锁柜,白色,8*1*1,8,BG79B,艾米,收货,上架
TVGL50SFBl,黑色 品牌31 50英寸 电视机（超级全高清）,电视机,品牌31,50英寸,超级全高清,黑色,8*1*1,8,DY21F,莎拉,收货,上架
SPNa50WaPi,粉色 品牌23 50 触控笔（水彩）,触控笔,品牌23,50,水彩,粉色,48*10*5,2400,CG58G,艾米丽,收货,上架
SPAl24SoBl,黑色 品牌20 24 触控笔（可溶性）,触控笔,品牌20,24,可溶性,黑色,48*10*5,2400,DF13D,亚历克斯,收货,上架
CuRG90SlGr,灰色 品牌03 900 储物柜（滑动式）,储物柜,品牌03,900,滑动式,灰色,8*1*1,8,CP82C,简,收货,上架
LaPH17i5Gr,灰色 品牌12 17英寸 笔记本电脑（第5代处理器）,笔记本电脑,品牌12,17英寸,第5代处理器,灰色,16*1*1,16,AN37F,约翰,收货,上架
GaOGSErGr,灰色 品牌07 小号 游戏椅（人体工学）,游戏椅,品牌07,小号,人体工学,灰色,16*1*1,16,AJ27E,劳拉,收货,上架
LaSu15i5Wh,白色 品牌11 15英寸 笔记本电脑（第5代处理器）,笔记本电脑,品牌11,15英寸,第5代处理器,白色,16*1*1,16,CF09C,莎拉,收货,上架
OfOGLHeBl,黑色 品牌07 大号 办公椅（头枕）,办公椅,品牌07,大号,头枕,黑色,16*1*1,16,BR80G,艾米,收货,上架
PrNoA3InWh,白色 品牌26 三号纸 打印机（喷墨）,打印机,品牌26,三号纸,喷墨,白色,16*1*1,16,AV71H,艾米,收货,上架
CuTE90LoBe,米色 品牌04 900 储物柜（储物锁柜）,储物柜,品牌04,900,储物锁柜,米色,8*1*1,8,BX03G,亚历克斯,收货,上架
TVEs654KSi,银色 品牌32 65英寸 电视机（超高清）,电视机,品牌32,65英寸,超高清,银色,8*1*1,8,CK84F,艾米丽,收货,上架
PrNoA4AlBl,黑色 品牌26 四号纸 打印机（一体式）,打印机,品牌26,四号纸,一体式,黑色,16*1*1,16,DM30G,约翰,收货,上架
LaYn17i5Wh,白色 品牌15 17英寸 笔记本电脑（第5代处理器）,笔记本电脑,品牌15,17英寸,第5代处理器,白色,16*1*1,16,AI54D,艾米,收货,上架
CaRG18DoGr,灰色 品牌03 1800 文件柜（带门式）,文件柜,品牌03,1800,带门式,灰色,8*1*1,8,CH15G,迈克,收货,上架
TVGn75FHWh,白色 品牌30 75英寸 电视机（全高清）,电视机,品牌30,75英寸,全高清,白色,8*1*1,8,BP07D,劳拉,收货,上架
AlOv1532Bl,黑色 品牌13 15英寸 一体机（32吉字节内存）,一体机,品牌13,15英寸,32吉字节内存,黑色,16*1*1,16,CM65C,艾米,收货,上架
DrWE12SlBe,米色 品牌02 1200 抽屉柜（滑动式）,抽屉柜,品牌02,1200,滑动式,米色,8*1*1,8,AT21E,大卫,收货,上架
TVYn65S4Bl,黑色 品牌15 65英寸 电视机（超级超高清）,电视机,品牌15,65英寸,超级超高清,黑色,8*1*1,8,DS52A,莎拉,收货,上架
OfSEMAdWh,白色 品牌08 中号 办公椅（可调节）,办公椅,品牌08,中号,可调节,白色,16*1*1,16,CI06H,克里斯,收货,上架
TVGL654KBl,黑色 品牌31 65英寸 电视机（超高清）,电视机,品牌31,65英寸,超高清,黑色,8*1*1,8,BI89E,艾米丽,收货,上架
TVGL75S4Wh,白色 品牌31 75英寸 电视机（超级超高清）,电视机,品牌31,75英寸,超级超高清,白色,8*1*1,8,CQ78H,简,收货,上架
CaWE12SlGr,灰色 品牌02 1200 文件柜（滑动式）,文件柜,品牌02,1200,滑动式,灰色,8*1*1,8,AW62D,克里斯,收货,上架
GaAEMHeWh,白色 品牌05 中号 游戏椅（头枕）,游戏椅,品牌05,中号,头枕,白色,16*1*1,16,CF01G,克里斯,收货,上架
AlPH17i5Bl,黑色 品牌12 17英寸 一体机（第5代处理器）,一体机,品牌12,17英寸,第5代处理器,黑色,16*1*1,16,DW14F,克里斯,收货,上架
KeSu27ErBl,黑色 品牌11 270 键盘（人体工学）,键盘,品牌11,270,人体工学,黑色,16*10*1,160,AN70G,莎拉,收货,上架
AlPH1732Si,银色 品牌12 17英寸 一体机（32吉字节内存）,一体机,品牌12,17英寸,32吉字节内存,银色,16*1*1,16,DF72H,大卫,收货,上架
KeHc45WiPi,粉色 品牌09 450 键盘（有线）,键盘,品牌09,450,有线,粉色,16*10*1,160,AM16B,约翰,收货,上架
CaWE18DoWh,白色 品牌02 1800 文件柜（带门式）,文件柜,品牌02,1800,带门式,白色,8*1*1,8,CF47F,莎拉,收货,上架
GaOGLErWh,白色 品牌07 大号 游戏椅（人体工学）,游戏椅,品牌07,大号,人体工学,白色,16*1*1,16,AO94C,亚历克斯,收货,上架
PrSoA2MoMi,混合色 品牌25 二号纸 打印机（黑白）,打印机,品牌25,二号纸,黑白,混合色,16*1*1,16,AY77G,约翰,收货,上架
AlOv1716Bl,黑色 品牌13 17英寸 一体机（16吉字节内存）,一体机,品牌13,17英寸,16吉字节内存,黑色,16*1*1,16,AP34G,约翰,收货,上架
LaPH14i7Wh,白色 品牌12 14英寸 笔记本电脑（第7代处理器）,笔记本电脑,品牌12,14英寸,第7代处理器,白色,16*1*1,16,AZ37H,迈克,收货,上架
DrTE12DoBe,米色 品牌04 1200 抽屉柜（带门式）,抽屉柜,品牌04,1200,带门式,米色,8*1*1,8,DP81H,亚历克斯,收货,上架
KeSu27ErBl,黑色 品牌11 270 键盘（人体工学）,键盘,品牌11,270,人体工学,黑色,16*10*1,160,AP52H,莎拉,收货,上架
AlRe1516Wh,白色 品牌14 15英寸 一体机（16吉字节内存）,一体机,品牌14,15英寸,16吉字节内存,白色,16*1*1,16,CP44G,约翰,收货,上架
PrNoA4LaWh,白色 品牌26 四号纸 打印机（激光）,打印机,品牌26,四号纸,激光,白色,16*1*1,16,BO16F,约翰,收货,上架
CuQE12SlGr,灰色 品牌01 1200 储物柜（滑动式）,储物柜,品牌01,1200,滑动式,灰色,8*1*1,8,AK87H,克里斯,收货,上架
CaRG18LoGr,灰色 品牌03 1800 文件柜（储物锁柜）,文件柜,品牌03,1800,储物锁柜,灰色,8*1*1,8,DX36B,大卫,收货,上架
TVGL42FHSi,银色 品牌31 42英寸 电视机（全高清）,电视机,品牌31,42英寸,全高清,银色,8*1*1,8,DM41G,克里斯,收货,上架
TaTR18WoGr,灰色 品牌29 1800 桌子（工作站）,桌子,品牌29,1800,工作站,灰色,8*1*1,8,CU93A,约翰,收货,上架
PeAl12HeWh,白色 品牌20 12 铅笔（六角形）,铅笔,品牌20,12,六角形,白色,48*10*5,2400,CO98E,亚历克斯,收货,上架
OfOGLLeWh,白色 品牌07 大号 办公椅（皮革）,办公椅,品牌07,大号,皮革,白色,16*1*1,16,CO61C,莎拉,收货,上架
AlRe1416Bl,黑色 品牌14 14英寸 一体机（16吉字节内存）,一体机,品牌14,14英寸,16吉字节内存,黑色,16*1*1,16,DN80C,约翰,收货,上架
TaTR15WoBl,黑色 品牌29 1500 桌子（工作站）,桌子,品牌29,1500,工作站,黑色,8*1*1,8,DR95A,约翰,收货,上架
AlYn15i5Si,银色 品牌15 15英寸 一体机（第5代处理器）,一体机,品牌15,15英寸,第5代处理器,银色,16*1*1,16,AO71F,简,收货,上架
MoPH27WiWh,白色 品牌12 270 鼠标（有线）,鼠标,品牌12,270,有线,白色,16*10*1,160,DG80A,大卫,收货,上架
DrTE12DoBe,米色 品牌04 1200 抽屉柜（带门式）,抽屉柜,品牌04,1200,带门式,米色,8*1*1,8,BO72H,劳拉,收货,上架
CuWE90SlGr,灰色 品牌02 900 储物柜（滑动式）,储物柜,品牌02,900,滑动式,灰色,8*1*1,8,AM89F,大卫,收货,上架
MoPH45BlBl,黑色 品牌12 450 鼠标（蓝牙）,鼠标,品牌12,450,蓝牙,黑色,16*10*1,160,DL50H,迈克,收货,上架
SPRe12SoPi,粉色 品牌22 12 触控笔（可溶性）,触控笔,品牌22,12,可溶性,粉色,48*10*5,2400,DS69C,莎拉,收货,上架
AlSu1716Wh,白色 品牌11 17英寸 一体机（16吉字节内存）,一体机,品牌11,17英寸,16吉字节内存,白色,16*1*1,16,CW26E,艾米丽,收货,上架
CuQE18DoGr,灰色 品牌01 1800 储物柜（带门式）,储物柜,品牌01,1800,带门式,灰色,8*1*1,8,AH80E,劳拉,收货,上架
TVGL324KSi,银色 品牌31 32英寸 电视机（超高清）,电视机,品牌31,32英寸,超高清,银色,8*1*1,8,CU15G,艾米丽,收货,上架
AlSu15i5Bl,黑色 品牌11 15英寸 一体机（第5代处理器）,一体机,品牌11,15英寸,第5代处理器,黑色,16*1*1,16,CX31B,大卫,收货,上架
AlSu1416Bl,黑色 品牌11 14英寸 一体机（16吉字节内存）,一体机,品牌11,14英寸,16吉字节内存,黑色,16*1*1,16,AT82G,莎拉,收货,上架
AlRe15i5Wh,白色 品牌14 15英寸 一体机（第5代处理器）,一体机,品牌14,15英寸,第5代处理器,白色,16*1*1,16,CL48E,简,收货,上架
KeRe27BlNa,藏青色 品牌10 270 键盘（蓝牙）,键盘,品牌10,270,蓝牙,藏青色,16*10*1,160,CF13D,大卫,收货,上架
DrQE90SlWh,白色 品牌01 900 抽屉柜（滑动式）,抽屉柜,品牌01,900,滑动式,白色,8*1*1,8,DS19A,亚历克斯,收货,上架
TaAE10FrWh,白色 品牌05 1000 桌子（框架式）,桌子,品牌05,1000,框架式,白色,8*1*1,8,BP94A,迈克,收货,上架
AlYn17i5Si,银色 品牌15 17英寸 一体机（第5代处理器）,一体机,品牌15,17英寸,第5代处理器,银色,16*1*1,16,CG92E,简,收货,上架
NoExA5liSi,银色 品牌16 五号纸 笔记本（线条）,笔记本,品牌16,五号纸,线条,银色,48*10*5,2400,AO45G,约翰,收货,上架
DrWE90FiBe,米色 品牌02 900 抽屉柜（文件收纳）,抽屉柜,品牌02,900,文件收纳,米色,8*1*1,8,BX07C,艾米,收货,上架
TVGL50SFGr,灰色 品牌31 50英寸 电视机（超级全高清）,电视机,品牌31,50英寸,超级全高清,灰色,8*1*1,8,BX90F,约翰,收货,上架
PeAl12HeWh,白色 品牌20 12 铅笔（六角形）,铅笔,品牌20,12,六角形,白色,48*10*5,2400,DO56D,约翰,收货,上架
PeGi24SoBl,黑色 品牌21 24 铅笔（可溶性）,铅笔,品牌21,24,可溶性,黑色,48*10*5,2400,DV41H,劳拉,收货,上架
CuTE90FiBl,黑色 品牌04 900 储物柜（文件收纳）,储物柜,品牌04,900,文件收纳,黑色,8*1*1,8,CT32B,艾米,收货,上架
SPNa24HeBl,黑色 品牌23 24 触控笔（六角形）,触控笔,品牌23,24,六角形,黑色,48*10*5,2400,CF14F,迈克,收货,上架
PrPHA4WiMi,混合色 品牌12 四号纸 打印机（无线网络）,打印机,品牌12,四号纸,无线网络,混合色,16*1*1,16,CS25E,艾米,收货,上架
AlRe14i5Wh,白色 品牌14 14英寸 一体机（第5代处理器）,一体机,品牌14,14英寸,第5代处理器,白色,16*1*1,16,CX04C,克里斯,收货,上架
LaRe148GWh,白色 品牌14 14英寸 笔记本电脑（8吉字节内存）,笔记本电脑,品牌14,14英寸,8吉字节内存,白色,16*1*1,16,CI89E,迈克,收货,上架
OfAEMLeBl,黑色 品牌05 中号 办公椅（皮革）,办公椅,品牌05,中号,皮革,黑色,16*1*1,16,BJ97D,约翰,收货,上架
AlPH14i7Gr,灰色 品牌12 14英寸 一体机（第7代处理器）,一体机,品牌12,14英寸,第7代处理器,灰色,16*1*1,16,CX38B,约翰,收货,上架
CuTE18LoBe,米色 品牌04 1800 储物柜（储物锁柜）,储物柜,品牌04,1800,储物锁柜,米色,8*1*1,8,CQ92A,简,收货,上架
LaYn17i5Gr,灰色 品牌15 17英寸 笔记本电脑（第5代处理器）,笔记本电脑,品牌15,17英寸,第5代处理器,灰色,16*1*1,16,AO29H,迈克,收货,上架
TVGn42SFWh,白色 品牌30 42英寸 电视机（超级全高清）,电视机,品牌30,42英寸,超级全高清,白色,8*1*1,8,CT01F,大卫,收货,上架
TVYn424KWh,白色 品牌15 42英寸 电视机（超高清）,电视机,品牌15,42英寸,超高清,白色,8*1*1,8,DY46D,亚历克斯,收货,上架
PeRe12WaGr,灰色 品牌22 12 铅笔（水彩）,铅笔,品牌22,12,水彩,灰色,48*10*5,2400,AM77H,迈克,收货,上架
OfXEMHeGr,灰色 品牌06 中号 办公椅（头枕）,办公椅,品牌06,中号,头枕,灰色,16*1*1,16,DG79H,迈克,收货,上架
CaWE18DoBe,米色 品牌02 1800 文件柜（带门式）,文件柜,品牌02,1800,带门式,米色,8*1*1,8,BZ69D,大卫,收货,上架
TVEs65S4Gr,灰色 品牌32 65英寸 电视机（超级超高清）,电视机,品牌32,65英寸,超级超高清,灰色,8*1*1,8,BO13D,莎拉,收货,上架
TVGn32FHSi,银色 品牌30 32英寸 电视机（全高清）,电视机,品牌30,32英寸,全高清,银色,8*1*1,8,AT82D,简,收货,上架
CaRG18SlBl,黑色 品牌03 1800 文件柜（滑动式）,文件柜,品牌03,1800,滑动式,黑色,8*1*1,8,BR05E,劳拉,收货,上架
AlSu17i7Wh,白色 品牌11 17英寸 一体机（第7代处理器）,一体机,品牌11,17英寸,第7代处理器,白色,16*1*1,16,BN26G,莎拉,收货,上架
TVEs32FHWh,白色 品牌32 32英寸 电视机（全高清）,电视机,品牌32,32英寸,全高清,白色,8*1*1,8,AR69H,艾米丽,收货,上架
SPGi24SoWh,白色 品牌21 24 触控笔（可溶性）,触控笔,品牌21,24,可溶性,白色,48*10*5,2400,DS43C,艾米,收货,上架
LaOv14i7Gr,灰色 品牌13 14英寸 笔记本电脑（第7代处理器）,笔记本电脑,品牌13,14英寸,第7代处理器,灰色,16*1*1,16,DI43F,约翰,收货,上架
MoPH45BlBl,黑色 品牌12 450 鼠标（蓝牙）,鼠标,品牌12,450,蓝牙,黑色,16*10*1,160,DF10H,大卫,收货,上架
PeGi50SoPi,粉色 品牌21 50 铅笔（可溶性）,铅笔,品牌21,50,可溶性,粉色,48*10*5,2400,AZ30C,亚历克斯,收货,上架
GaAEMAdBl,黑色 品牌05 中号 游戏椅（可调节）,游戏椅,品牌05,中号,可调节,黑色,16*1*1,16,AX22E,简,收货,上架
KeHc35ErWh,白色 品牌09 350 键盘（人体工学）,键盘,品牌09,350,人体工学,白色,16*10*1,160,BT49F,大卫,收货,上架
TVEs75FHGr,灰色 品牌32 75英寸 电视机（全高清）,电视机,品牌32,75英寸,全高清,灰色,8*1*1,8,AH73A,简,收货,上架
LaSu15i7Si,银色 品牌11 15英寸 笔记本电脑（第7代处理器）,笔记本电脑,品牌11,15英寸,第7代处理器,银色,16*1*1,16,DQ73B,莎拉,收货,上架
CuTE90DoBl,黑色 品牌04 900 储物柜（带门式）,储物柜,品牌04,900,带门式,黑色,8*1*1,8,AX37A,约翰,收货,上架
TVGL65FHGr,灰色 品牌31 65英寸 电视机（全高清）,电视机,品牌31,65英寸,全高清,灰色,8*1*1,8,BF60G,亚历克斯,收货,上架
TaAE18AdGr,灰色 品牌05 1800 桌子（可调节）,桌子,品牌05,1800,可调节,灰色,8*1*1,8,AX08F,大卫,收货,上架
AlSu1732Si,银色 品牌11 17英寸 一体机（32吉字节内存）,一体机,品牌11,17英寸,32吉字节内存,银色,16*1*1,16,DP30D,莎拉,收货,上架
CaRG90LoGr,灰色 品牌03 900 文件柜（储物锁柜）,文件柜,品牌03,900,储物锁柜,灰色,8*1*1,8,BT36D,艾米丽,收货,上架
LaOv14i5Wh,白色 品牌13 14英寸 笔记本电脑（第5代处理器）,笔记本电脑,品牌13,14英寸,第5代处理器,白色,16*1*1,16,DM47A,克里斯,收货,上架
CuWE90FiGr,灰色 品牌02 900 储物柜（文件收纳）,储物柜,品牌02,900,文件收纳,灰色,8*1*1,8,BR88E,简,收货,上架
AlPH1432Wh,白色 品牌12 14英寸 一体机（32吉字节内存）,一体机,品牌12,14英寸,32吉字节内存,白色,16*1*1,16,BO58A,艾米丽,收货,上架
AlSu1532Gr,灰色 品牌11 15英寸 一体机（32吉字节内存）,一体机,品牌11,15英寸,32吉字节内存,灰色,16*1*1,16,DW98H,莎拉,收货,上架
KePH35WiBl,黑色 品牌12 350 键盘（有线）,键盘,品牌12,350,有线,黑色,16*10*1,160,DU08C,劳拉,收货,上架
TVGn424KSi,银色 品牌30 42英寸 电视机（超高清）,电视机,品牌30,42英寸,超高清,银色,8*1*1,8,DI68B,大卫,收货,上架
PrSoA3WiWh,白色 品牌25 三号纸 打印机（无线网络）,打印机,品牌25,三号纸,无线网络,白色,16*1*1,16,CI29E,艾米丽,收货,上架
AlPH15i7Gr,灰色 品牌12 15英寸 一体机（第7代处理器）,一体机,品牌12,15英寸,第7代处理器,灰色,16*1*1,16,BL07B,约翰,收货,上架
MoSu35WiWh,白色 品牌11 350 鼠标（有线）,鼠标,品牌11,350,有线,白色,16*10*1,160,DT69F,莎拉,收货,上架
LaOv14i7Wh,白色 品牌13 14英寸 笔记本电脑（第7代处理器）,笔记本电脑,品牌13,14英寸,第7代处理器,白色,16*1*1,16,CX31C,迈克,收货,上架
PrSoA2AlGr,灰色 品牌25 二号纸 打印机（一体式）,打印机,品牌25,二号纸,一体式,灰色,16*1*1,16,DJ81B,迈克,收货,上架
MoPH35BlPi,粉色 品牌12 350 鼠标（蓝牙）,鼠标,品牌12,350,蓝牙,粉色,16*10*1,160,BP09F,大卫,收货,上架
AlRe1416Si,银色 品牌14 14英寸 一体机（16吉字节内存）,一体机,品牌14,14英寸,16吉字节内存,银色,16*1*1,16,BN83D,迈克,收货,上架
TVEs654KBl,黑色 品牌32 65英寸 电视机（超高清）,电视机,品牌32,65英寸,超高清,黑色,8*1*1,8,CN05H,艾米,收货,上架
TVEs32SFBl,黑色 品牌32 32英寸 电视机（超级全高清）,电视机,品牌32,32英寸,超级全高清,黑色,8*1*1,8,AL29F,迈克,收货,上架
PrSoA2LaBl,黑色 品牌25 二号纸 打印机（激光）,打印机,品牌25,二号纸,激光,黑色,16*1*1,16,CL59H,艾米丽,收货,上架
PeGi24SoGr,灰色 品牌21 24 铅笔（可溶性）,铅笔,品牌21,24,可溶性,灰色,48*10*5,2400,BS16B,克里斯,收货,上架
MoHc27WiNa,藏青色 品牌09 270 鼠标（有线）,鼠标,品牌09,270,有线,藏青色,16*10*1,160,AJ44D,约翰,收货,上架
PeRe50WaGr,灰色 品牌22 50 铅笔（水彩）,铅笔,品牌22,50,水彩,灰色,48*10*5,2400,BZ06D,约翰,收货,上架
KeSu27ErWh,白色 品牌11 270 键盘（人体工学）,键盘,品牌11,270,人体工学,白色,16*10*1,160,DS91D,大卫,收货,上架
DrRG12SlBl,黑色 品牌03 1200 抽屉柜（滑动式）,抽屉柜,品牌03,1200,滑动式,黑色,8*1*1,8,BJ56C,亚历克斯,收货,上架
CuWE18FiGr,灰色 品牌02 1800 储物柜（文件收纳）,储物柜,品牌02,1800,文件收纳,灰色,8*1*1,8,DJ64E,约翰,收货,上架
KeRe45WiWh,白色 品牌10 450 键盘（有线）,键盘,品牌10,450,有线,白色,16*10*1,160,AU24B,亚历克斯,收货,上架
MoSu27ErBl,黑色 品牌11 270 鼠标（人体工学）,鼠标,品牌11,270,人体工学,黑色,16*10*1,160,AF23F,克里斯,收货,上架
KePH35WiNa,藏青色 品牌12 350 键盘（有线）,键盘,品牌12,350,有线,藏青色,16*10*1,160,BX69E,劳拉,收货,上架
KeSu27ErWh,白色 品牌11 270 键盘（人体工学）,键盘,品牌11,270,人体工学,白色,16*10*1,160,CH95D,艾米丽,收货,上架
TVGL65S4Gr,灰色 品牌31 65英寸 电视机（超级超高清）,电视机,品牌31,65英寸,超级超高清,灰色,8*1*1,8,AT62F,艾米丽,收货,上架
GaOGSHeWh,白色 品牌07 小号 游戏椅（头枕）,游戏椅,品牌07,小号,头枕,白色,16*1*1,16,AF91G,大卫,收货,上架
LaOv1732Bl,黑色 品牌13 17英寸 笔记本电脑（32吉字节内存）,笔记本电脑,品牌13,17英寸,32吉字节内存,黑色,16*1*1,16,CS87B,迈克,收货,上架
TaTR18AuWh,白色 品牌29 1800 桌子（自动调节）,桌子,品牌29,1800,自动调节,白色,8*1*1,8,CF10D,劳拉,收货,上架
KeHc27MeWh,白色 品牌09 270 键盘（机械式）,键盘,品牌09,270,机械式,白色,16*10*1,160,BH48B,约翰,收货,上架
LaRe158GBl,黑色 品牌14 15英寸 笔记本电脑（8吉字节内存）,笔记本电脑,品牌14,15英寸,8吉字节内存,黑色,16*1*1,16,CX83A,莎拉,收货,上架
LaYn15i7Bl,黑色 品牌15 15英寸 笔记本电脑（第7代处理器）,笔记本电脑,品牌15,15英寸,第7代处理器,黑色,16*1*1,16,CF42B,大卫,收货,上架
TVGn50S4Gr,灰色 品牌30 50英寸 电视机（超级超高清）,电视机,品牌30,50英寸,超级超高清,灰色,8*1*1,8,AS62C,莎拉,收货,上架
SPRe12HeWh,白色 品牌22 12 触控笔（六角形）,触控笔,品牌22,12,六角形,白色,48*10*5,2400,CH46A,亚历克斯,收货,上架
PrNoA2WiBl,黑色 品牌26 二号纸 打印机（无线网络）,打印机,品牌26,二号纸,无线网络,黑色,16*1*1,16,BN15E,大卫,收货,上架
LaPH1416Wh,白色 品牌12 14英寸 笔记本电脑（16吉字节内存）,笔记本电脑,品牌12,14英寸,16吉字节内存,白色,16*1*1,16,AT89A,克里斯,收货,上架
TVGL75S4Wh,白色 品牌31 75英寸 电视机（超级超高清）,电视机,品牌31,75英寸,超级超高清,白色,8*1*1,8,DK86C,艾米,收货,上架
TVYn50FHBl,黑色 品牌15 50英寸 电视机（全高清）,电视机,品牌15,50英寸,全高清,黑色,8*1*1,8,DW34D,简,收货,上架
AlSu1416Bl,黑色 品牌11 14英寸 一体机（16吉字节内存）,一体机,品牌11,14英寸,16吉字节内存,黑色,16*1*1,16,BR51C,简,收货,上架
AlYn14i5Si,银色 品牌15 14英寸 一体机（第5代处理器）,一体机,品牌15,14英寸,第5代处理器,银色,16*1*1,16,AG13D,亚历克斯,收货,上架
KeRe35BlBl,黑色 品牌10 350 键盘（蓝牙）,键盘,品牌10,350,蓝牙,黑色,16*10*1,160,AF89G,亚历克斯,收货,上架
OfSELLeBl,黑色 品牌08 大号 办公椅（皮革）,办公椅,品牌08,大号,皮革,黑色,16*1*1,16,DJ16E,克里斯,收货,上架
SPAl24HeGr,灰色 品牌20 24 触控笔（六角形）,触控笔,品牌20,24,六角形,灰色,48*10*5,2400,CQ76A,艾米,收货,上架
TVGL42SFWh,白色 品牌31 42英寸 电视机（超级全高清）,电视机,品牌31,42英寸,超级全高清,白色,8*1*1,8,BJ61E,大卫,收货,上架
CaRG90FiBl,黑色 品牌03 900 文件柜（文件收纳）,文件柜,品牌03,900,文件收纳,黑色,8*1*1,8,CU12D,迈克,收货,上架
OfOGLErPi,粉色 品牌07 大号 办公椅（人体工学）,办公椅,品牌07,大号,人体工学,粉色,16*1*1,16,BW37F,亚历克斯,收货,上架
GaSEMHePi,粉色 品牌08 中号 游戏椅（头枕）,游戏椅,品牌08,中号,头枕,粉色,16*1*1,16,DP43A,大卫,收货,上架
OfSESHePi,粉色 品牌08 小号 办公椅（头枕）,办公椅,品牌08,小号,头枕,粉色,16*1*1,16,CL39H,艾米丽,收货,上架
SPRe24HeWh,白色 品牌22 24 触控笔（六角形）,触控笔,品牌22,24,六角形,白色,48*10*5,2400,BY67B,艾米,收货,上架
LaYn17i5Si,银色 品牌15 17英寸 笔记本电脑（第5代处理器）,笔记本电脑,品牌15,17英寸,第5代处理器,银色,16*1*1,16,BO86D,简,收货,上架
CaWE18SlGr,灰色 品牌02 1800 文件柜（滑动式）,文件柜,品牌02,1800,滑动式,灰色,8*1*1,8,BU82D,艾米丽,收货,上架
TVYn75SFWh,白色 品牌15 75英寸 电视机（超级全高清）,电视机,品牌15,75英寸,超级全高清,白色,8*1*1,8,CZ49F,亚历克斯,收货,上架
SPNa24WaWh,白色 品牌23 24 触控笔（水彩）,触控笔,品牌23,24,水彩,白色,48*10*5,2400,CP73A,艾米丽,收货,上架
CaWE18LoWh,白色 品牌02 1800 文件柜（储物锁柜）,文件柜,品牌02,1800,储物锁柜,白色,8*1*1,8,CV32F,劳拉,收货,上架
OfSESLeGr,灰色 品牌08 小号 办公椅（皮革）,办公椅,品牌08,小号,皮革,灰色,16*1*1,16,CF50H,简,收货,上架
NoGrA3doSi,银色 品牌18 三号纸 笔记本（点阵）,笔记本,品牌18,三号纸,点阵,银色,48*10*5,2400,DP47E,艾米,收货,上架
MoPH45ErPi,粉色 品牌12 450 鼠标（人体工学）,鼠标,品牌12,450,人体工学,粉色,16*10*1,160,DK66F,莎拉,收货,上架
MoRe35MeWh,白色 品牌10 350 鼠标（机械式）,鼠标,品牌10,350,机械式,白色,16*10*1,160,DK32A,艾米,收货,上架
AlPH14i5Gr,灰色 品牌12 14英寸 一体机（第5代处理器）,一体机,品牌12,14英寸,第5代处理器,灰色,16*1*1,16,DV34F,大卫,收货,上架
NoExA3ruWh,白色 品牌16 三号纸 笔记本（横线）,笔记本,品牌16,三号纸,横线,白色,48*10*5,2400,CT48D,约翰,收货,上架
AlRe15i5Wh,白色 品牌14 15英寸 一体机（第5代处理器）,一体机,品牌14,15英寸,第5代处理器,白色,16*1*1,16,AI48C,艾米,收货,上架
PrPHA2MoMi,混合色 品牌12 二号纸 打印机（黑白）,打印机,品牌12,二号纸,黑白,混合色,16*1*1,16,AF36B,莎拉,收货,上架
DrTE18FiGr,灰色 品牌04 1800 抽屉柜（文件收纳）,抽屉柜,品牌04,1800,文件收纳,灰色,8*1*1,8,AX62D,莎拉,收货,上架
TVGn504KGr,灰色 品牌30 50英寸 电视机（超高清）,电视机,品牌30,50英寸,超高清,灰色,8*1*1,8,AP70G,莎拉,收货,上架
DrTE90SlWh,白色 品牌04 900 抽屉柜（滑动式）,抽屉柜,品牌04,900,滑动式,白色,8*1*1,8,BY61C,迈克,收货,上架
DrQE18LoWh,白色 品牌01 1800 抽屉柜（储物锁柜）,抽屉柜,品牌01,1800,储物锁柜,白色,8*1*1,8,CK93C,约翰,收货,上架
OfXELLeGr,灰色 品牌06 大号 办公椅（皮革）,办公椅,品牌06,大号,皮革,灰色,16*1*1,16,DV03F,亚历克斯,收货,上架
PeRe12WaWh,白色 品牌22 12 铅笔（水彩）,铅笔,品牌22,12,水彩,白色,48*10*5,2400,CO45D,迈克,收货,上架
CaQE12DoBl,黑色 品牌01 1200 文件柜（带门式）,文件柜,品牌01,1200,带门式,黑色,8*1*1,8,AI81G,简,收货,上架
PrReA2WiMi,混合色 品牌24 二号纸 打印机（无线网络）,打印机,品牌24,二号纸,无线网络,混合色,16*1*1,16,CH11D,劳拉,收货,上架
TaTR10AdBl,黑色 品牌29 1000 桌子（可调节）,桌子,品牌29,1000,可调节,黑色,8*1*1,8,CY21A,艾米丽,收货,上架
TaCI10AuWh,白色 品牌27 1000 桌子（自动调节）,桌子,品牌27,1000,自动调节,白色,8*1*1,8,BM47C,亚历克斯,收货,上架
PrPHA3AlMi,混合色 品牌12 三号纸 打印机（一体式）,打印机,品牌12,三号纸,一体式,混合色,16*1*1,16,BR57B,劳拉,收货,上架
AlOv1416Gr,灰色 品牌13 14英寸 一体机（16吉字节内存）,一体机,品牌13,14英寸,16吉字节内存,灰色,16*1*1,16,BQ22C,艾米丽,收货,上架
PeRe50WaWh,白色 品牌22 50 铅笔（水彩）,铅笔,品牌22,50,水彩,白色,48*10*5,2400,DL97D,艾米,收货,上架
DrTE18SlBe,米色 品牌04 1800 抽屉柜（滑动式）,抽屉柜,品牌04,1800,滑动式,米色,8*1*1,8,BL03B,简,收货,上架
AlYn158GBl,黑色 品牌15 15英寸 一体机（8吉字节内存）,一体机,品牌15,15英寸,8吉字节内存,黑色,16*1*1,16,AF74C,艾米丽,收货,上架
OfOGLLeGr,灰色 品牌07 大号 办公椅（皮革）,办公椅,品牌07,大号,皮革,灰色,16*1*1,16,DP10H,大卫,收货,上架
TVEs65FHWh,白色 品牌32 65英寸 电视机（全高清）,电视机,品牌32,65英寸,全高清,白色,8*1*1,8,AN79B,艾米,收货,上架
TaTR18AuSi,银色 品牌29 1800 桌子（自动调节）,桌子,品牌29,1800,自动调节,银色,8*1*1,8,BY50F,大卫,收货,上架
KeHc35MePi,粉色 品牌09 350 键盘（机械式）,键盘,品牌09,350,机械式,粉色,16*10*1,160,BJ31F,莎拉,收货,上架
CaWE90SlBe,米色 品牌02 900 文件柜（滑动式）,文件柜,品牌02,900,滑动式,米色,8*1*1,8,DU92G,劳拉,收货,上架
DrRG18SlGr,灰色 品牌03 1800 抽屉柜（滑动式）,抽屉柜,品牌03,1800,滑动式,灰色,8*1*1,8,CY30F,简,收货,上架
KeHc45MeNa,藏青色 品牌09 450 键盘（机械式）,键盘,品牌09,450,机械式,藏青色,16*10*1,160,DW90G,劳拉,收货,上架
AlOv14i7Si,银色 品牌13 14英寸 一体机（第7代处理器）,一体机,品牌13,14英寸,第7代处理器,银色,16*1*1,16,DH76G,迈克,收货,上架
KeHc27WiBl,黑色 品牌09 270 键盘（有线）,键盘,品牌09,270,有线,黑色,16*10*1,160,AI05E,莎拉,收货,上架
MoHc45WiBl,黑色 品牌09 450 鼠标（有线）,鼠标,品牌09,450,有线,黑色,16*10*1,160,CO81A,艾米,收货,上架
KePH27ErPi,粉色 品牌12 270 键盘（人体工学）,键盘,品牌12,270,人体工学,粉色,16*10*1,160,BV88F,简,收货,上架
CuWE90FiGr,灰色 品牌02 900 储物柜（文件收纳）,储物柜,品牌02,900,文件收纳,灰色,8*1*1,8,BM14C,艾米丽,收货,上架
AlOv15i7Wh,白色 品牌13 15英寸 一体机（第7代处理器）,一体机,品牌13,15英寸,第7代处理器,白色,16*1*1,16,DF50F,克里斯,收货,上架
AlOv15i7Gr,灰色 品牌13 15英寸 一体机（第7代处理器）,一体机,品牌13,15英寸,第7代处理器,灰色,16*1*1,16,AM52F,劳拉,收货,上架
AlPH1716Gr,灰色 品牌12 17英寸 一体机（16吉字节内存）,一体机,品牌12,17英寸,16吉字节内存,灰色,16*1*1,16,BP04D,亚历克斯,收货,上架
CuQE12SlGr,灰色 品牌01 1200 储物柜（滑动式）,储物柜,品牌01,1200,滑动式,灰色,8*1*1,8,DG60D,简,收货,上架
LaSu1416Bl,黑色 品牌11 14英寸 笔记本电脑（16吉字节内存）,笔记本电脑,品牌11,14英寸,16吉字节内存,黑色,16*1*1,16,BJ01D,亚历克斯,收货,上架
OfAESAdGr,灰色 品牌05 小号 办公椅（可调节）,办公椅,品牌05,小号,可调节,灰色,16*1*1,16,DF92F,劳拉,收货,上架
AlYn14i7Si,银色 品牌15 14英寸 一体机（第7代处理器）,一体机,品牌15,14英寸,第7代处理器,银色,16*1*1,16,DH67A,亚历克斯,收货,上架
LaOv15i5Gr,灰色 品牌13 15英寸 笔记本电脑（第5代处理器）,笔记本电脑,品牌13,15英寸,第5代处理器,灰色,16*1*1,16,BN08H,劳拉,收货,上架
CaTE12LoBl,黑色 品牌04 1200 文件柜（储物锁柜）,文件柜,品牌04,1200,储物锁柜,黑色,8*1*1,8,BM25H,艾米丽,收货,上架
GaOGSHeBl,黑色 品牌07 小号 游戏椅（头枕）,游戏椅,品牌07,小号,头枕,黑色,16*1*1,16,AN85F,艾米,收货,上架
DrTE90SlBl,黑色 品牌04 900 抽屉柜（滑动式）,抽屉柜,品牌04,900,滑动式,黑色,8*1*1,8,DR65E,克里斯,收货,上架
TaTR15WoSi,银色 品牌28 1500 桌子（工作站）,桌子,品牌28,1500,工作站,银色,8*1*1,8,CM62D,大卫,收货,上架
LaPH1532Si,银色 品牌12 15英寸 笔记本电脑（32吉字节内存）,笔记本电脑,品牌12,15英寸,32吉字节内存,银色,16*1*1,16,AF15G,迈克,收货,上架
TVYn50S4Gr,灰色 品牌15 50英寸 电视机（超级超高清）,电视机,品牌15,50英寸,超级超高清,灰色,8*1*1,8,AX01H,约翰,收货,上架
MoHc27ErNa,藏青色 品牌09 270 鼠标（人体工学）,鼠标,品牌09,270,人体工学,藏青色,16*10*1,160,DO43B,迈克,收货,上架
NoGrA4liGr,灰色 品牌18 四号纸 笔记本（线条）,笔记本,品牌18,四号纸,线条,灰色,48*10*5,2400,BS33F,亚历克斯,收货,上架
LaOv15i7Gr,灰色 品牌13 15英寸 笔记本电脑（第7代处理器）,笔记本电脑,品牌13,15英寸,第7代处理器,灰色,16*1*1,16,BH42H,亚历克斯,收货,上架
OfSELAdWh,白色 品牌08 大号 办公椅（可调节）,办公椅,品牌08,大号,可调节,白色,16*1*1,16,CH91F,亚历克斯,收货,上架
GaAELHeWh,白色 品牌05 大号 游戏椅（头枕）,游戏椅,品牌05,大号,头枕,白色,16*1*1,16,AU60A,迈克,收货,上架
SPGi50HeWh,白色 品牌21 50 触控笔（六角形）,触控笔,品牌21,50,六角形,白色,48*10*5,2400,CR96A,艾米,收货,上架
TVYn654KWh,白色 品牌15 65英寸 电视机（超高清）,电视机,品牌15,65英寸,超高清,白色,8*1*1,8,BZ78F,约翰,收货,上架
DrRG12DoBl,黑色 品牌03 1200 抽屉柜（带门式）,抽屉柜,品牌03,1200,带门式,黑色,8*1*1,8,AT39H,简,收货,上架
LaSu14i5Bl,黑色 品牌11 14英寸 笔记本电脑（第5代处理器）,笔记本电脑,品牌11,14英寸,第5代处理器,黑色,16*1*1,16,AP89H,简,收货,上架
LaOv17i7Si,银色 品牌13 17英寸 笔记本电脑（第7代处理器）,笔记本电脑,品牌13,17英寸,第7代处理器,银色,16*1*1,16,BJ59C,大卫,收货,上架
GaOGSAdPi,粉色 品牌07 小号 游戏椅（可调节）,游戏椅,品牌07,小号,可调节,粉色,16*1*1,16,CK20B,约翰,收货,上架
NoMuA3liGr,灰色 品牌19 三号纸 笔记本（线条）,笔记本,品牌19,三号纸,线条,灰色,48*10*5,2400,DH08G,约翰,收货,上架
NoMuA3ruBl,黑色 品牌19 三号纸 笔记本（横线）,笔记本,品牌19,三号纸,横线,黑色,48*10*5,2400,DP33A,艾米丽,收货,上架
GaOGSAdWh,白色 品牌07 小号 游戏椅（可调节）,游戏椅,品牌07,小号,可调节,白色,16*1*1,16,AQ42D,简,收货,上架
LaOv14i7Si,银色 品牌13 14英寸 笔记本电脑（第7代处理器）,笔记本电脑,品牌13,14英寸,第7代处理器,银色,16*1*1,16,BS35A,亚历克斯,收货,上架
TaTR18AuWh,白色 品牌28 1800 桌子（自动调节）,桌子,品牌28,1800,自动调节,白色,8*1*1,8,BP56B,大卫,收货,上架
CuRG18SlBl,黑色 品牌03 1800 储物柜（滑动式）,储物柜,品牌03,1800,滑动式,黑色,8*1*1,8,BZ98C,劳拉,收货,上架
KeSu35ErNa,藏青色 品牌11 350 键盘（人体工学）,键盘,品牌11,350,人体工学,藏青色,16*10*1,160,AL27A,艾米,收货,上架
CaQE18SlBl,黑色 品牌01 1800 文件柜（滑动式）,文件柜,品牌01,1800,滑动式,黑色,8*1*1,8,AM51D,劳拉,收货,上架
SPNa24SoPi,粉色 品牌23 24 触控笔（可溶性）,触控笔,品牌23,24,可溶性,粉色,48*10*5,2400,AL66C,亚历克斯,收货,上架
AlOv15i5Gr,灰色 品牌13 15英寸 一体机（第5代处理器）,一体机,品牌13,15英寸,第5代处理器,灰色,16*1*1,16,CR03C,大卫,收货,上架
LaOv1432Wh,白色 品牌13 14英寸 笔记本电脑（32吉字节内存）,笔记本电脑,品牌13,14英寸,32吉字节内存,白色,16*1*1,16,BN08G,克里斯,收货,上架
LaYn148GSi,银色 品牌15 14英寸 笔记本电脑（8吉字节内存）,笔记本电脑,品牌15,14英寸,8吉字节内存,银色,16*1*1,16,AV92C,亚历克斯,收货,上架
OfAEMErBl,黑色 品牌05 中号 办公椅（人体工学）,办公椅,品牌05,中号,人体工学,黑色,16*1*1,16,CS98C,大卫,收货,上架
PrReA4MoGr,灰色 品牌24 四号纸 打印机（黑白）,打印机,品牌24,四号纸,黑白,灰色,16*1*1,16,DK96C,艾米丽,收货,上架
KePH45BlBl,黑色 品牌12 450 键盘（蓝牙）,键盘,品牌12,450,蓝牙,黑色,16*10*1,160,CP05D,大卫,收货,上架
LaOv1716Gr,灰色 品牌13 17英寸 笔记本电脑（16吉字节内存）,笔记本电脑,品牌13,17英寸,16吉字节内存,灰色,16*1*1,16,AV11B,艾米丽,收货,上架
GaAELLeWh,白色 品牌05 大号 游戏椅（皮革）,游戏椅,品牌05,大号,皮革,白色,16*1*1,16,DM34F,艾米丽,收货,上架
TVGL50S4Si,银色 品牌31 50英寸 电视机（超级超高清）,电视机,品牌31,50英寸,超级超高清,银色,8*1*1,8,CQ04A,迈克,收货,上架
CuWE18FiWh,白色 品牌02 1800 储物柜（文件收纳）,储物柜,品牌02,1800,文件收纳,白色,8*1*1,8,AK81E,劳拉,收货,上架
SPGi24WaBl,黑色 品牌21 24 触控笔（水彩）,触控笔,品牌21,24,水彩,黑色,48*10*5,2400,DU74B,莎拉,收货,上架
DrQE12DoWh,白色 品牌01 1200 抽屉柜（带门式）,抽屉柜,品牌01,1200,带门式,白色,8*1*1,8,BF96B,迈克,收货,上架
AlRe15i5Gr,灰色 品牌14 15英寸 一体机（第5代处理器）,一体机,品牌14,15英寸,第5代处理器,灰色,16*1*1,16,BW59E,劳拉,收货,上架
PrReA4LaBl,黑色 品牌24 四号纸 打印机（激光）,打印机,品牌24,四号纸,激光,黑色,16*1*1,16,DP56D,亚历克斯,收货,上架
LaOv1716Wh,白色 品牌13 17英寸 笔记本电脑（16吉字节内存）,笔记本电脑,品牌13,17英寸,16吉字节内存,白色,16*1*1,16,DJ15C,艾米,收货,上架
KeRe45BlPi,粉色 品牌10 450 键盘（蓝牙）,键盘,品牌10,450,蓝牙,粉色,16*10*1,160,DW86G,艾米丽,收货,上架
CuTE12DoGr,灰色 品牌04 1200 储物柜（带门式）,储物柜,品牌04,1200,带门式,灰色,8*1*1,8,BV46G,劳拉,收货,上架
GaOGSLeWh,白色 品牌07 小号 游戏椅（皮革）,游戏椅,品牌07,小号,皮革,白色,16*1*1,16,DV46A,简,收货,上架
PrPHA3LaGr,灰色 品牌12 三号纸 打印机（激光）,打印机,品牌12,三号纸,激光,灰色,16*1*1,16,AS18D,艾米,收货,上架
TaAE15AuSi,银色 品牌05 1500 桌子（自动调节）,桌子,品牌05,1500,自动调节,银色,8*1*1,8,BK47B,劳拉,收货,上架
SPRe50HePi,粉色 品牌22 50 触控笔（六角形）,触控笔,品牌22,50,六角形,粉色,48*10*5,2400,DZ09F,艾米丽,收货,上架
KePH27WiPi,粉色 品牌12 270 键盘（有线）,键盘,品牌12,270,有线,粉色,16*10*1,160,BO22F,迈克,收货,上架
AlPH1432Gr,灰色 品牌12 14英寸 一体机（32吉字节内存）,一体机,品牌12,14英寸,32吉字节内存,灰色,16*1*1,16,DR93A,艾米,收货,上架
DrRG18DoBe,米色 品牌03 1800 抽屉柜（带门式）,抽屉柜,品牌03,1800,带门式,米色,8*1*1,8,DL66D,艾米丽,收货,上架
TVGL75S4Si,银色 品牌31 75英寸 电视机（超级超高清）,电视机,品牌31,75英寸,超级超高清,银色,8*1*1,8,AY62E,莎拉,收货,上架
TaTR15FrGr,灰色 品牌28 1500 桌子（框架式）,桌子,品牌28,1500,框架式,灰色,8*1*1,8,AF04C,艾米丽,收货,上架
GaSESErGr,灰色 品牌08 小号 游戏椅（人体工学）,游戏椅,品牌08,小号,人体工学,灰色,16*1*1,16,DV28A,迈克,收货,上架
SPNa24WaGr,灰色 品牌23 24 触控笔（水彩）,触控笔,品牌23,24,水彩,灰色,48*10*5,2400,CW16B,劳拉,收货,上架
KePH35MeBl,黑色 品牌12 350 键盘（机械式）,键盘,品牌12,350,机械式,黑色,16*10*1,160,CF82C,大卫,收货,上架
KeSu35MeWh,白色 品牌11 350 键盘（机械式）,键盘,品牌11,350,机械式,白色,16*10*1,160,BJ70A,迈克,收货,上架
NoMuA4ruBl,黑色 品牌19 四号纸 笔记本（横线）,笔记本,品牌19,四号纸,横线,黑色,48*10*5,2400,CO69G,迈克,收货,上架
LaPH17i7Bl,黑色 品牌12 17英寸 笔记本电脑（第7代处理器）,笔记本电脑,品牌12,17英寸,第7代处理器,黑色,16*1*1,16,CO45B,艾米丽,收货,上架
TaCI10AdGr,灰色 品牌27 1000 桌子（可调节）,桌子,品牌27,1000,可调节,灰色,8*1*1,8,DJ45H,大卫,收货,上架
NoScA5doBl,黑色 品牌17 五号纸 笔记本（点阵）,笔记本,品牌17,五号纸,点阵,黑色,48*10*5,2400,DP23C,约翰,收货,上架
TVGL424KBl,黑色 品牌31 42英寸 电视机（超高清）,电视机,品牌31,42英寸,超高清,黑色,8*1*1,8,AY80H,亚历克斯,收货,上架
SPRe24HeGr,灰色 品牌22 24 触控笔（六角形）,触控笔,品牌22,24,六角形,灰色,48*10*5,2400,DN67G,莎拉,收货,上架
MoPH27ErWh,白色 品牌12 270 鼠标（人体工学）,鼠标,品牌12,270,人体工学,白色,16*10*1,160,CP22F,艾米,收货,上架
AlOv1732Gr,灰色 品牌13 17英寸 一体机（32吉字节内存）,一体机,品牌13,17英寸,32吉字节内存,灰色,16*1*1,16,AW80B,迈克,收货,上架
AlRe1732Si,银色 品牌14 17英寸 一体机（32吉字节内存）,一体机,品牌14,17英寸,32吉字节内存,银色,16*1*1,16,CX12D,克里斯,收货,上架
AlYn15i5Si,银色 品牌15 15英寸 一体机（第5代处理器）,一体机,品牌15,15英寸,第5代处理器,银色,16*1*1,16,BZ41C,约翰,收货,上架
MoPH45WiBl,黑色 品牌12 450 鼠标（有线）,鼠标,品牌12,450,有线,黑色,16*10*1,160,AK12G,劳拉,收货,上架
AlYn17i5Si,银色 品牌15 17英寸 一体机（第5代处理器）,一体机,品牌15,17英寸,第5代处理器,银色,16*1*1,16,AV81E,约翰,收货,上架
TaCI18FrWh,白色 品牌27 1800 桌子（框架式）,桌子,品牌27,1800,框架式,白色,8*1*1,8,CF20F,劳拉,收货,上架
CaQE18LoBl,黑色 品牌01 1800 文件柜（储物锁柜）,文件柜,品牌01,1800,储物锁柜,黑色,8*1*1,8,DJ81C,简,收货,上架
OfAESLeGr,灰色 品牌05 小号 办公椅（皮革）,办公椅,品牌05,小号,皮革,灰色,16*1*1,16,AV27D,亚历克斯,收货,上架
NoScA3ruGr,灰色 品牌17 三号纸 笔记本（横线）,笔记本,品牌17,三号纸,横线,灰色,48*10*5,2400,BO61F,莎拉,收货,上架
CaQE12SlWh,白色 品牌01 1200 文件柜（滑动式）,文件柜,品牌01,1200,滑动式,白色,8*1*1,8,BO86F,迈克,收货,上架
NoScA5doGr,灰色 品牌17 五号纸 笔记本（点阵）,笔记本,品牌17,五号纸,点阵,灰色,48*10*5,2400,BL08C,迈克,收货,上架
CuRG90SlGr,灰色 品牌03 900 储物柜（滑动式）,储物柜,品牌03,900,滑动式,灰色,8*1*1,8,CN05B,约翰,收货,上架
OfAEMLeBl,黑色 品牌05 中号 办公椅（皮革）,办公椅,品牌05,中号,皮革,黑色,16*1*1,16,DQ50D,艾米丽,收货,上架
TVEs75S4Si,银色 品牌32 75英寸 电视机（超级超高清）,电视机,品牌32,75英寸,超级超高清,银色,8*1*1,8,CS85F,亚历克斯,收货,上架
CuWE18SlGr,灰色 品牌02 1800 储物柜（滑动式）,储物柜,品牌02,1800,滑动式,灰色,8*1*1,8,CQ83H,约翰,收货,上架
PrReA2AlGr,灰色 品牌24 二号纸 打印机（一体式）,打印机,品牌24,二号纸,一体式,灰色,16*1*1,16,CW33C,简,收货,上架
AlPH1716Gr,灰色 品牌12 17英寸 一体机（16吉字节内存）,一体机,品牌12,17英寸,16吉字节内存,灰色,16*1*1,16,AV69H,劳拉,收货,上架
PrPHA2InMi,混合色 品牌12 二号纸 打印机（喷墨）,打印机,品牌12,二号纸,喷墨,混合色,16*1*1,16,AF43C,亚历克斯,收货,上架
TVEs754KBl,黑色 品牌32 75英寸 电视机（超高清）,电视机,品牌32,75英寸,超高清,黑色,8*1*1,8,DQ55C,约翰,收货,上架
DrQE12DoGr,灰色 品牌01 1200 抽屉柜（带门式）,抽屉柜,品牌01,1200,带门式,灰色,8*1*1,8,DM95G,克里斯,收货,上架
DrWE12LoBe,米色 品牌02 1200 抽屉柜（储物锁柜）,抽屉柜,品牌02,1200,储物锁柜,米色,8*1*1,8,AU54E,迈克,收货,上架
MoHc35MePi,粉色 品牌09 350 鼠标（机械式）,鼠标,品牌09,350,机械式,粉色,16*10*1,160,AM02H,克里斯,收货,上架
PeRe24WaGr,灰色 品牌22 24 铅笔（水彩）,铅笔,品牌22,24,水彩,灰色,48*10*5,2400,CK34B,艾米,收货,上架
MoHc27WiWh,白色 品牌09 270 鼠标（有线）,鼠标,品牌09,270,有线,白色,16*10*1,160,DP07A,艾米丽,收货,上架
NoExA5liBl,黑色 品牌16 五号纸 笔记本（线条）,笔记本,品牌16,五号纸,线条,黑色,48*10*5,2400,DX64B,大卫,收货,上架
LaYn17i5Wh,白色 品牌15 17英寸 笔记本电脑（第5代处理器）,笔记本电脑,品牌15,17英寸,第5代处理器,白色,16*1*1,16,BW55G,劳拉,收货,上架
PeRe24HeGr,灰色 品牌22 24 铅笔（六角形）,铅笔,品牌22,24,六角形,灰色,48*10*5,2400,BI96G,亚历克斯,收货,上架
PeNa50SoWh,白色 品牌23 50 铅笔（可溶性）,铅笔,品牌23,50,可溶性,白色,48*10*5,2400,CQ98A,莎拉,收货,上架
AlPH17i5Bl,黑色 品牌12 17英寸 一体机（第5代处理器）,一体机,品牌12,17英寸,第5代处理器,黑色,16*1*1,16,CF67H,艾米,收货,上架
DrRG18SlBe,米色 品牌03 1800 抽屉柜（滑动式）,抽屉柜,品牌03,1800,滑动式,米色,8*1*1,8,DV71H,克里斯,收货,上架
CaRG90DoBl,黑色 品牌03 900 文件柜（带门式）,文件柜,品牌03,900,带门式,黑色,8*1*1,8,BT37D,艾米,收货,上架
PrPHA2WiGr,灰色 品牌12 二号纸 打印机（无线网络）,打印机,品牌12,二号纸,无线网络,灰色,16*1*1,16,BY43H,艾米丽,收货,上架
OfSELErGr,灰色 品牌08 大号 办公椅（人体工学）,办公椅,品牌08,大号,人体工学,灰色,16*1*1,16,DQ64G,迈克,收货,上架
TVYn42FHBl,黑色 品牌15 42英寸 电视机（全高清）,电视机,品牌15,42英寸,全高清,黑色,8*1*1,8,DW29B,莎拉,收货,上架
NoMuA3liGr,灰色 品牌19 三号纸 笔记本（线条）,笔记本,品牌19,三号纸,线条,灰色,48*10*5,2400,CR76C,克里斯,收货,上架
GaXELHePi,粉色 品牌06 大号 游戏椅（头枕）,游戏椅,品牌06,大号,头枕,粉色,16*1*1,16,AL50D,艾米丽,收货,上架
DrWE12DoGr,灰色 品牌02 1200 抽屉柜（带门式）,抽屉柜,品牌02,1200,带门式,灰色,8*1*1,8,DR92A,迈克,收货,上架
DrTE12FiBe,米色 品牌04 1200 抽屉柜（文件收纳）,抽屉柜,品牌04,1200,文件收纳,米色,8*1*1,8,BU72G,迈克,收货,上架
PeNa12SoGr,灰色 品牌23 12 铅笔（可溶性）,铅笔,品牌23,12,可溶性,灰色,48*10*5,2400,CY89D,艾米丽,收货,上架
DrTE90DoWh,白色 品牌04 900 抽屉柜（带门式）,抽屉柜,品牌04,900,带门式,白色,8*1*1,8,BS76B,劳拉,收货,上架
MoSu45MeNa,藏青色 品牌11 450 鼠标（机械式）,鼠标,品牌11,450,机械式,藏青色,16*10*1,160,AV95G,劳拉,收货,上架
AlRe14i5Bl,黑色 品牌14 14英寸 一体机（第5代处理器）,一体机,品牌14,14英寸,第5代处理器,黑色,16*1*1,16,CZ24H,大卫,收货,上架
TaTR18FrWh,白色 品牌28 1800 桌子（框架式）,桌子,品牌28,1800,框架式,白色,8*1*1,8,DS15H,约翰,收货,上架
DrRG18FiGr,灰色 品牌03 1800 抽屉柜（文件收纳）,抽屉柜,品牌03,1800,文件收纳,灰色,8*1*1,8,BG05D,简,收货,上架
LaOv1516Bl,黑色 品牌13 15英寸 笔记本电脑（16吉字节内存）,笔记本电脑,品牌13,15英寸,16吉字节内存,黑色,16*1*1,16,CQ91H,简,收货,上架
SPNa12WaPi,粉色 品牌23 12 触控笔（水彩）,触控笔,品牌23,12,水彩,粉色,48*10*5,2400,CU13E,艾米丽,收货,上架
MoRe35ErBl,黑色 品牌10 350 鼠标（人体工学）,鼠标,品牌10,350,人体工学,黑色,16*10*1,160,AH26D,迈克,收货,上架
TVGn654KWh,白色 品牌30 65英寸 电视机（超高清）,电视机,品牌30,65英寸,超高清,白色,8*1*1,8,AZ09F,大卫,收货,上架
MoPH35WiBl,黑色 品牌12 350 鼠标（有线）,鼠标,品牌12,350,有线,黑色,16*10*1,160,AJ32G,克里斯,收货,上架
PeGi24HeWh,白色 品牌21 24 铅笔（六角形）,铅笔,品牌21,24,六角形,白色,48*10*5,2400,AU42E,亚历克斯,收货,上架
TVEs42S4Bl,黑色 品牌32 42英寸 电视机（超级超高清）,电视机,品牌32,42英寸,超级超高清,黑色,8*1*1,8,AR74D,劳拉,收货,上架
TVGn32S4Wh,白色 品牌30 32英寸 电视机（超级超高清）,电视机,品牌30,32英寸,超级超高清,白色,8*1*1,8,AR83G,莎拉,收货,上架
MoRe35BlPi,粉色 品牌10 350 鼠标（蓝牙）,鼠标,品牌10,350,蓝牙,粉色,16*10*1,160,DU20A,劳拉,收货,上架
CaWE18LoWh,白色 品牌02 1800 文件柜（储物锁柜）,文件柜,品牌02,1800,储物锁柜,白色,8*1*1,8,DQ59A,艾米丽,收货,上架
AlSu15i5Wh,白色 品牌11 15英寸 一体机（第5代处理器）,一体机,品牌11,15英寸,第5代处理器,白色,16*1*1,16,BU53C,艾米,收货,上架
LaOv15i7Bl,黑色 品牌13 15英寸 笔记本电脑（第7代处理器）,笔记本电脑,品牌13,15英寸,第7代处理器,黑色,16*1*1,16,AY58D,亚历克斯,收货,上架
LaSu1716Gr,灰色 品牌11 17英寸 笔记本电脑（16吉字节内存）,笔记本电脑,品牌11,17英寸,16吉字节内存,灰色,16*1*1,16,CK14C,艾米,收货,上架
NoMuA4liSi,银色 品牌19 四号纸 笔记本（线条）,笔记本,品牌19,四号纸,线条,银色,48*10*5,2400,CO40A,大卫,收货,上架
MoHc35WiWh,白色 品牌09 350 鼠标（有线）,鼠标,品牌09,350,有线,白色,16*10*1,160,BG56C,迈克,收货,上架
AlYn14i7Bl,黑色 品牌15 14英寸 一体机（第7代处理器）,一体机,品牌15,14英寸,第7代处理器,黑色,16*1*1,16,DJ42F,艾米,收货,上架
LaOv1732Si,银色 品牌13 17英寸 笔记本电脑（32吉字节内存）,笔记本电脑,品牌13,17英寸,32吉字节内存,银色,16*1*1,16,DQ07G,莎拉,收货,上架
MoPH45WiPi,粉色 品牌12 450 鼠标（有线）,鼠标,品牌12,450,有线,粉色,16*10*1,160,AG66A,迈克,收货,上架
LaOv1432Si,银色 品牌13 14英寸 笔记本电脑（32吉字节内存）,笔记本电脑,品牌13,14英寸,32吉字节内存,银色,16*1*1,16,CO59E,迈克,收货,上架
GaAESLePi,粉色 品牌05 小号 游戏椅（皮革）,游戏椅,品牌05,小号,皮革,粉色,16*1*1,16,AG85H,克里斯,收货,上架
PrReA4InBl,黑色 品牌24 四号纸 打印机（喷墨）,打印机,品牌24,四号纸,喷墨,黑色,16*1*1,16,CH05B,约翰,收货,上架
CuQE90FiBl,黑色 品牌01 900 储物柜（文件收纳）,储物柜,品牌01,900,文件收纳,黑色,8*1*1,8,AO11A,简,收货,上架
LaSu1516Si,银色 品牌11 15英寸 笔记本电脑（16吉字节内存）,笔记本电脑,品牌11,15英寸,16吉字节内存,银色,16*1*1,16,AL48B,简,收货,上架
SPGi24HePi,粉色 品牌21 24 触控笔（六角形）,触控笔,品牌21,24,六角形,粉色,48*10*5,2400,BR16G,大卫,收货,上架
GaOGMAdGr,灰色 品牌07 中号 游戏椅（可调节）,游戏椅,品牌07,中号,可调节,灰色,16*1*1,16,CN88D,大卫,收货,上架
AlYn14i5Si,银色 品牌15 14英寸 一体机（第5代处理器）,一体机,品牌15,14英寸,第5代处理器,银色,16*1*1,16,CH16E,莎拉,收货,上架
LaRe158GBl,黑色 品牌14 15英寸 笔记本电脑（8吉字节内存）,笔记本电脑,品牌14,15英寸,8吉字节内存,黑色,16*1*1,16,AV09C,亚历克斯,收货,上架
OfOGLLeBl,黑色 品牌07 大号 办公椅（皮革）,办公椅,品牌07,大号,皮革,黑色,16*1*1,16,CI23D,约翰,收货,上架
TVEs65FHWh,白色 品牌32 65英寸 电视机（全高清）,电视机,品牌32,65英寸,全高清,白色,8*1*1,8,AW77C,大卫,收货,上架
LaYn178GSi,银色 品牌15 17英寸 笔记本电脑（8吉字节内存）,笔记本电脑,品牌15,17英寸,8吉字节内存,银色,16*1*1,16,DN93F,迈克,收货,上架
MoSu27ErWh,白色 品牌11 270 鼠标（人体工学）,鼠标,品牌11,270,人体工学,白色,16*10*1,160,CP08C,艾米丽,收货,上架
SPRe24HeWh,白色 品牌22 24 触控笔（六角形）,触控笔,品牌22,24,六角形,白色,48*10*5,2400,DH45A,克里斯,收货,上架
OfSEMErBl,黑色 品牌08 中号 办公椅（人体工学）,办公椅,品牌08,中号,人体工学,黑色,16*1*1,16,BZ59E,亚历克斯,收货,上架
SPGi12WaPi,粉色 品牌21 12 触控笔（水彩）,触控笔,品牌21,12,水彩,粉色,48*10*5,2400,BK94A,亚历克斯,收货,上架
DrTE12SlBe,米色 品牌04 1200 抽屉柜（滑动式）,抽屉柜,品牌04,1200,滑动式,米色,8*1*1,8,AY69B,莎拉,收货,上架
PeRe24SoGr,灰色 品牌22 24 铅笔（可溶性）,铅笔,品牌22,24,可溶性,灰色,48*10*5,2400,BF72D,劳拉,收货,上架
GaAESErGr,灰色 品牌05 小号 游戏椅（人体工学）,游戏椅,品牌05,小号,人体工学,灰色,16*1*1,16,BH86D,大卫,收货,上架
LaPH14i7Si,银色 品牌12 14英寸 笔记本电脑（第7代处理器）,笔记本电脑,品牌12,14英寸,第7代处理器,银色,16*1*1,16,DS39B,约翰,收货,上架
GaAELErPi,粉色 品牌05 大号 游戏椅（人体工学）,游戏椅,品牌05,大号,人体工学,粉色,16*1*1,16,DM94H,艾米,收货,上架
OfXESLeGr,灰色 品牌06 小号 办公椅（皮革）,办公椅,品牌06,小号,皮革,灰色,16*1*1,16,AQ52E,劳拉,收货,上架
CaRG90DoGr,灰色 品牌03 900 文件柜（带门式）,文件柜,品牌03,900,带门式,灰色,8*1*1,8,DM44C,大卫,收货,上架
CuTE90FiWh,白色 品牌04 900 储物柜（文件收纳）,储物柜,品牌04,900,文件收纳,白色,8*1*1,8,DQ06G,莎拉,收货,上架
PrSoA3AlGr,灰色 品牌25 三号纸 打印机（一体式）,打印机,品牌25,三号纸,一体式,灰色,16*1*1,16,AO72G,克里斯,收货,上架
CuRG12FiBe,米色 品牌03 1200 储物柜（文件收纳）,储物柜,品牌03,1200,文件收纳,米色,8*1*1,8,BI87G,迈克,收货,上架
TaCI15AdWh,白色 品牌27 1500 桌子（可调节）,桌子,品牌27,1500,可调节,白色,8*1*1,8,DR97E,艾米,收货,上架
CaRG90LoBl,黑色 品牌03 900 文件柜（储物锁柜）,文件柜,品牌03,900,储物锁柜,黑色,8*1*1,8,DU13A,大卫,收货,上架
AlPH1532Bl,黑色 品牌12 15英寸 一体机（32吉字节内存）,一体机,品牌12,15英寸,32吉字节内存,黑色,16*1*1,16,BI47B,克里斯,收货,上架
TaAE10AuBl,黑色 品牌05 1000 桌子（自动调节）,桌子,品牌05,1000,自动调节,黑色,8*1*1,8,DY65A,简,收货,上架
PrPHA2AlBl,黑色 品牌12 二号纸 打印机（一体式）,打印机,品牌12,二号纸,一体式,黑色,16*1*1,16,CT33H,艾米,收货,上架
OfAEMErBl,黑色 品牌05 中号 办公椅（人体工学）,办公椅,品牌05,中号,人体工学,黑色,16*1*1,16,DZ19F,艾米丽,收货,上架
TVGL75S4Wh,白色 品牌31 75英寸 电视机（超级超高清）,电视机,品牌31,75英寸,超级超高清,白色,8*1*1,8,DH48D,劳拉,收货,上架
LaPH15i5Si,银色 品牌12 15英寸 笔记本电脑（第5代处理器）,笔记本电脑,品牌12,15英寸,第5代处理器,银色,16*1*1,16,DX38B,劳拉,收货,上架
TVEs65SFWh,白色 品牌32 65英寸 电视机（超级全高清）,电视机,品牌32,65英寸,超级全高清,白色,8*1*1,8,AX75A,约翰,收货,上架
PrPHA2MoMi,混合色 品牌12 二号纸 打印机（黑白）,打印机,品牌12,二号纸,黑白,混合色,16*1*1,16,BZ56A,克里斯,收货,上架
PrNoA4InBl,黑色 品牌26 四号纸 打印机（喷墨）,打印机,品牌26,四号纸,喷墨,黑色,16*1*1,16,CQ96C,亚历克斯,收货,上架
CaQE90SlWh,白色 品牌01 900 文件柜（滑动式）,文件柜,品牌01,900,滑动式,白色,8*1*1,8,DG78A,亚历克斯,收货,上架
KeHc45BlBl,黑色 品牌09 450 键盘（蓝牙）,键盘,品牌09,450,蓝牙,黑色,16*10*1,160,DZ08A,迈克,收货,上架
AlPH17i7Wh,白色 品牌12 17英寸 一体机（第7代处理器）,一体机,品牌12,17英寸,第7代处理器,白色,16*1*1,16,BV37C,克里斯,收货,上架
TVGL65FHGr,灰色 品牌31 65英寸 电视机（全高清）,电视机,品牌31,65英寸,全高清,灰色,8*1*1,8,AV52B,克里斯,收货,上架
SPRe24WaWh,白色 品牌22 24 触控笔（水彩）,触控笔,品牌22,24,水彩,白色,48*10*5,2400,CL03A,约翰,收货,上架
OfAELLeBl,黑色 品牌05 大号 办公椅（皮革）,办公椅,品牌05,大号,皮革,黑色,16*1*1,16,DP31H,克里斯,收货,上架
MoRe27BlNa,藏青色 品牌10 270 鼠标（蓝牙）,鼠标,品牌10,270,蓝牙,藏青色,16*10*1,160,BQ31B,克里斯,收货,上架
NoGrA5doGr,灰色 品牌18 五号纸 笔记本（点阵）,笔记本,品牌18,五号纸,点阵,灰色,48*10*5,2400,AU15C,亚历克斯,收货,上架
TVGL32S4Si,银色 品牌31 32英寸 电视机（超级超高清）,电视机,品牌31,32英寸,超级超高清,银色,8*1*1,8,AM30C,迈克,收货,上架
DrQE12FiWh,白色 品牌01 1200 抽屉柜（文件收纳）,抽屉柜,品牌01,1200,文件收纳,白色,8*1*1,8,BS33H,迈克,收货,上架
CuTE18SlBe,米色 品牌04 1800 储物柜（滑动式）,储物柜,品牌04,1800,滑动式,米色,8*1*1,8,CN57G,艾米丽,收货,上架
DrTE18SlGr,灰色 品牌04 1800 抽屉柜（滑动式）,抽屉柜,品牌04,1800,滑动式,灰色,8*1*1,8,CV28F,大卫,收货,上架
SPNa50HeWh,白色 品牌23 50 触控笔（六角形）,触控笔,品牌23,50,六角形,白色,48*10*5,2400,AL58E,简,收货,上架
GaSEMAdPi,粉色 品牌08 中号 游戏椅（可调节）,游戏椅,品牌08,中号,可调节,粉色,16*1*1,16,CY80H,莎拉,收货,上架
TVGn754KWh,白色 品牌30 75英寸 电视机（超高清）,电视机,品牌30,75英寸,超高清,白色,8*1*1,8,AL73H,简,收货,上架
DrTE90SlBe,米色 品牌04 900 抽屉柜（滑动式）,抽屉柜,品牌04,900,滑动式,米色,8*1*1,8,DT85H,约翰,收货,上架
TaAE10AuBl,黑色 品牌05 1000 桌子（自动调节）,桌子,品牌05,1000,自动调节,黑色,8*1*1,8,AO20B,亚历克斯,收货,上架
SPRe12WaBl,黑色 品牌22 12 触控笔（水彩）,触控笔,品牌22,12,水彩,黑色,48*10*5,2400,AJ26D,简,收货,上架
PeRe24SoGr,灰色 品牌22 24 铅笔（可溶性）,铅笔,品牌22,24,可溶性,灰色,48*10*5,2400,BU13G,迈克,收货,上架
TVYn32S4Wh,白色 品牌15 32英寸 电视机（超级超高清）,电视机,品牌15,32英寸,超级超高清,白色,8*1*1,8,DL18F,艾米,收货,上架
TaTR10WoGr,灰色 品牌28 1000 桌子（工作站）,桌子,品牌28,1000,工作站,灰色,8*1*1,8,CU73G,莎拉,收货,上架
TVEs65SFWh,白色 品牌32 65英寸 电视机（超级全高清）,电视机,品牌32,65英寸,超级全高清,白色,8*1*1,8,CG94F,莎拉,收货,上架
NoScA3doWh,白色 品牌17 三号纸 笔记本（点阵）,笔记本,品牌17,三号纸,点阵,白色,48*10*5,2400,CN82F,劳拉,收货,上架
LaSu1516Bl,黑色 品牌11 15英寸 笔记本电脑（16吉字节内存）,笔记本电脑,品牌11,15英寸,16吉字节内存,黑色,16*1*1,16,CV81A,克里斯,收货,上架
TaAE10FrGr,灰色 品牌05 1000 桌子（框架式）,桌子,品牌05,1000,框架式,灰色,8*1*1,8,BW26F,莎拉,收货,上架
OfOGMLeBl,黑色 品牌07 中号 办公椅（皮革）,办公椅,品牌07,中号,皮革,黑色,16*1*1,16,DR08F,克里斯,收货,上架
GaSESAdPi,粉色 品牌08 小号 游戏椅（可调节）,游戏椅,品牌08,小号,可调节,粉色,16*1*1,16,CM97D,艾米丽,收货,上架
PrNoA4InMi,混合色 品牌26 四号纸 打印机（喷墨）,打印机,品牌26,四号纸,喷墨,混合色,16*1*1,16,BL65H,迈克,收货,上架
TVYn32SFWh,白色 品牌15 32英寸 电视机（超级全高清）,电视机,品牌15,32英寸,超级全高清,白色,8*1*1,8,BT66H,莎拉,收货,上架
GaAELLeGr,灰色 品牌05 大号 游戏椅（皮革）,游戏椅,品牌05,大号,皮革,灰色,16*1*1,16,AL70E,大卫,收货,上架
PeNa12WaPi,粉色 品牌23 12 铅笔（水彩）,铅笔,品牌23,12,水彩,粉色,48*10*5,2400,AX77F,克里斯,收货,上架
GaXELLeWh,白色 品牌06 大号 游戏椅（皮革）,游戏椅,品牌06,大号,皮革,白色,16*1*1,16,CU69H,大卫,收货,上架
CaWE90DoBe,米色 品牌02 900 文件柜（带门式）,文件柜,品牌02,900,带门式,米色,8*1*1,8,CU52C,亚历克斯,收货,上架
GaXELAdWh,白色 品牌06 大号 游戏椅（可调节）,游戏椅,品牌06,大号,可调节,白色,16*1*1,16,CT40E,简,收货,上架
TaTR18AdWh,白色 品牌29 1800 桌子（可调节）,桌子,品牌29,1800,可调节,白色,8*1*1,8,BR93G,约翰,收货,上架
GaOGSLeBl,黑色 品牌07 小号 游戏椅（皮革）,游戏椅,品牌07,小号,皮革,黑色,16*1*1,16,CU35H,劳拉,收货,上架
KePH35ErWh,白色 品牌12 350 键盘（人体工学）,键盘,品牌12,350,人体工学,白色,16*10*1,160,CW93F,劳拉,收货,上架
LaRe15i7Gr,灰色 品牌14 15英寸 笔记本电脑（第7代处理器）,笔记本电脑,品牌14,15英寸,第7代处理器,灰色,16*1*1,16,BH49H,大卫,收货,上架
OfXEMHeBl,黑色 品牌06 中号 办公椅（头枕）,办公椅,品牌06,中号,头枕,黑色,16*1*1,16,BQ41E,亚历克斯,收货,上架
TaTR18FrWh,白色 品牌28 1800 桌子（框架式）,桌子,品牌28,1800,框架式,白色,8*1*1,8,AG01C,大卫,收货,上架
CaQE12LoBl,黑色 品牌01 1200 文件柜（储物锁柜）,文件柜,品牌01,1200,储物锁柜,黑色,8*1*1,8,DT27B,艾米,收货,上架
PrNoA2AlWh,白色 品牌26 二号纸 打印机（一体式）,打印机,品牌26,二号纸,一体式,白色,16*1*1,16,AW96B,莎拉,收货,上架
PeRe12WaGr,灰色 品牌22 12 铅笔（水彩）,铅笔,品牌22,12,水彩,灰色,48*10*5,2400,BS65E,大卫,收货,上架
KeRe27BlBl,黑色 品牌10 270 键盘（蓝牙）,键盘,品牌10,270,蓝牙,黑色,16*10*1,160,BG35B,艾米,收货,上架
KeRe35ErBl,黑色 品牌10 350 键盘（人体工学）,键盘,品牌10,350,人体工学,黑色,16*10*1,160,CY80B,亚历克斯,收货,上架
TaTR10AuGr,灰色 品牌29 1000 桌子（自动调节）,桌子,品牌29,1000,自动调节,灰色,8*1*1,8,AW05E,约翰,收货,上架
OfSEMHePi,粉色 品牌08 中号 办公椅（头枕）,办公椅,品牌08,中号,头枕,粉色,16*1*1,16,DH83H,劳拉,收货,上架
LaYn14i7Si,银色 品牌15 14英寸 笔记本电脑（第7代处理器）,笔记本电脑,品牌15,14英寸,第7代处理器,银色,16*1*1,16,DT16D,迈克,收货,上架
DrTE12DoWh,白色 品牌04 1200 抽屉柜（带门式）,抽屉柜,品牌04,1200,带门式,白色,8*1*1,8,AX34E,莎拉,收货,上架
KeRe35MePi,粉色 品牌10 350 键盘（机械式）,键盘,品牌10,350,机械式,粉色,16*10*1,160,DF33A,简,收货,上架
PrPHA4AlWh,白色 品牌12 四号纸 打印机（一体式）,打印机,品牌12,四号纸,一体式,白色,16*1*1,16,AL98G,亚历克斯,收货,上架
AlOv1732Gr,灰色 品牌13 17英寸 一体机（32吉字节内存）,一体机,品牌13,17英寸,32吉字节内存,灰色,16*1*1,16,DG66B,克里斯,收货,上架
PrNoA2InWh,白色 品牌26 二号纸 打印机（喷墨）,打印机,品牌26,二号纸,喷墨,白色,16*1*1,16,BM74H,迈克,收货,上架
NoGrA5ruBl,黑色 品牌18 五号纸 笔记本（横线）,笔记本,品牌18,五号纸,横线,黑色,48*10*5,2400,AM39B,约翰,收货,上架
MoPH27BlNa,藏青色 品牌12 270 鼠标（蓝牙）,鼠标,品牌12,270,蓝牙,藏青色,16*10*1,160,CP24E,约翰,收货,上架
CuRG90LoBl,黑色 品牌03 900 储物柜（储物锁柜）,储物柜,品牌03,900,储物锁柜,黑色,8*1*1,8,CM26B,莎拉,收货,上架
PrPHA4InWh,白色 品牌12 四号纸 打印机（喷墨）,打印机,品牌12,四号纸,喷墨,白色,16*1*1,16,BN40C,大卫,收货,上架
NoGrA3doWh,白色 品牌18 三号纸 笔记本（点阵）,笔记本,品牌18,三号纸,点阵,白色,48*10*5,2400,AQ45C,莎拉,收货,上架
CuRG90FiWh,白色 品牌03 900 储物柜（文件收纳）,储物柜,品牌03,900,文件收纳,白色,8*1*1,8,AY05E,简,收货,上架
OfSELErWh,白色 品牌08 大号 办公椅（人体工学）,办公椅,品牌08,大号,人体工学,白色,16*1*1,16,CR52C,克里斯,收货,上架
TaTR18AuBl,黑色 品牌28 1800 桌子（自动调节）,桌子,品牌28,1800,自动调节,黑色,8*1*1,8,BV78E,艾米丽,收货,上架
NoMuA4liWh,白色 品牌19 四号纸 笔记本（线条）,笔记本,品牌19,四号纸,线条,白色,48*10*5,2400,BQ66C,大卫,收货,上架
AlRe17i5Bl,黑色 品牌14 17英寸 一体机（第5代处理器）,一体机,品牌14,17英寸,第5代处理器,黑色,16*1*1,16,CN21B,亚历克斯,收货,上架
CaQE12LoGr,灰色 品牌01 1200 文件柜（储物锁柜）,文件柜,品牌01,1200,储物锁柜,灰色,8*1*1,8,BM61E,艾米,收货,上架
AlPH17i5Gr,灰色 品牌12 17英寸 一体机（第5代处理器）,一体机,品牌12,17英寸,第5代处理器,灰色,16*1*1,16,DZ65A,简,收货,上架
PrNoA2LaMi,混合色 品牌26 二号纸 打印机（激光）,打印机,品牌26,二号纸,激光,混合色,16*1*1,16,CT79B,亚历克斯,收货,上架
TaAE18AuBl,黑色 品牌05 1800 桌子（自动调节）,桌子,品牌05,1800,自动调节,黑色,8*1*1,8,AU93C,克里斯,收货,上架
DrWE12DoBl,黑色 品牌02 1200 抽屉柜（带门式）,抽屉柜,品牌02,1200,带门式,黑色,8*1*1,8,AL43D,艾米,收货,上架
CaRG12SlGr,灰色 品牌03 1200 文件柜（滑动式）,文件柜,品牌03,1200,滑动式,灰色,8*1*1,8,CY75H,亚历克斯,收货,上架
OfSEMAdGr,灰色 品牌08 中号 办公椅（可调节）,办公椅,品牌08,中号,可调节,灰色,16*1*1,16,CJ81H,克里斯,收货,上架
PeGi24HeWh,白色 品牌21 24 铅笔（六角形）,铅笔,品牌21,24,六角形,白色,48*10*5,2400,BP94E,莎拉,收货,上架
DrQE12DoBl,黑色 品牌01 1200 抽屉柜（带门式）,抽屉柜,品牌01,1200,带门式,黑色,8*1*1,8,DO28F,莎拉,收货,上架
SPNa24WaWh,白色 品牌23 24 触控笔（水彩）,触控笔,品牌23,24,水彩,白色,48*10*5,2400,CU11B,大卫,收货,上架
NoMuA5ruWh,白色 品牌19 五号纸 笔记本（横线）,笔记本,品牌19,五号纸,横线,白色,48*10*5,2400,AR85B,简,收货,上架
AlOv1532Bl,黑色 品牌13 15英寸 一体机（32吉字节内存）,一体机,品牌13,15英寸,32吉字节内存,黑色,16*1*1,16,DI76H,亚历克斯,收货,上架
NoExA4liGr,灰色 品牌16 四号纸 笔记本（线条）,笔记本,品牌16,四号纸,线条,灰色,48*10*5,2400,DN02C,简,收货,上架
LaSu14i5Si,银色 品牌11 14英寸 笔记本电脑（第5代处理器）,笔记本电脑,品牌11,14英寸,第5代处理器,银色,16*1*1,16,BF47F,简,收货,上架
OfOGMLePi,粉色 品牌07 中号 办公椅（皮革）,办公椅,品牌07,中号,皮革,粉色,16*1*1,16,AO38B,简,收货,上架
MoPH27BlWh,白色 品牌12 270 鼠标（蓝牙）,鼠标,品牌12,270,蓝牙,白色,16*10*1,160,AS86H,莎拉,收货,上架
AlPH158GBl,黑色 品牌12 15英寸 一体机（8吉字节内存）,一体机,品牌12,15英寸,8吉字节内存,黑色,16*1*1,16,CP18F,艾米,收货,上架
AlRe1716Wh,白色 品牌14 17英寸 一体机（16吉字节内存）,一体机,品牌14,17英寸,16吉字节内存,白色,16*1*1,16,BX60G,克里斯,收货,上架
PrPHA4InBl,黑色 品牌12 四号纸 打印机（喷墨）,打印机,品牌12,四号纸,喷墨,黑色,16*1*1,16,AV17E,约翰,收货,上架
KeSu45WiWh,白色 品牌11 450 键盘（有线）,键盘,品牌11,450,有线,白色,16*10*1,160,DJ34G,大卫,收货,上架
LaSu15i5Wh,白色 品牌11 15英寸 笔记本电脑（第5代处理器）,笔记本电脑,品牌11,15英寸,第5代处理器,白色,16*1*1,16,CL12A,克里斯,收货,上架
LaSu1516Si,银色 品牌11 15英寸 笔记本电脑（16吉字节内存）,笔记本电脑,品牌11,15英寸,16吉字节内存,银色,16*1*1,16,AQ46B,艾米丽,收货,上架
MoPH27BlNa,藏青色 品牌12 270 鼠标（蓝牙）,鼠标,品牌12,270,蓝牙,藏青色,16*10*1,160,DT08A,迈克,收货,上架
DrTE18LoBe,米色 品牌04 1800 抽屉柜（储物锁柜）,抽屉柜,品牌04,1800,储物锁柜,米色,8*1*1,8,AR26B,亚历克斯,收货,上架
LaRe178GWh,白色 品牌14 17英寸 笔记本电脑（8吉字节内存）,笔记本电脑,品牌14,17英寸,8吉字节内存,白色,16*1*1,16,BK70B,大卫,收货,上架
TaTR10FrWh,白色 品牌28 1000 桌子（框架式）,桌子,品牌28,1000,框架式,白色,8*1*1,8,DI77A,约翰,收货,上架
DrWE12FiBe,米色 品牌02 1200 抽屉柜（文件收纳）,抽屉柜,品牌02,1200,文件收纳,米色,8*1*1,8,CZ72F,亚历克斯,收货,上架
DrWE12DoBe,米色 品牌02 1200 抽屉柜（带门式）,抽屉柜,品牌02,1200,带门式,米色,8*1*1,8,BO86E,大卫,收货,上架
TVGL32FHWh,白色 品牌31 32英寸 电视机（全高清）,电视机,品牌31,32英寸,全高清,白色,8*1*1,8,DS15D,克里斯,收货,上架
SPGi50SoWh,白色 品牌21 50 触控笔（可溶性）,触控笔,品牌21,50,可溶性,白色,48*10*5,2400,BH52A,克里斯,收货,上架
PrReA3WiGr,灰色 品牌24 三号纸 打印机（无线网络）,打印机,品牌24,三号纸,无线网络,灰色,16*1*1,16,DM63H,简,收货,上架
OfSEMHeBl,黑色 品牌08 中号 办公椅（头枕）,办公椅,品牌08,中号,头枕,黑色,16*1*1,16,BM36H,莎拉,收货,上架
LaYn15i5Bl,黑色 品牌15 15英寸 笔记本电脑（第5代处理器）,笔记本电脑,品牌15,15英寸,第5代处理器,黑色,16*1*1,16,CH66D,简,收货,上架
AlYn148GGr,灰色 品牌15 14英寸 一体机（8吉字节内存）,一体机,品牌15,14英寸,8吉字节内存,灰色,16*1*1,16,BH58A,约翰,收货,上架
PeRe50HeGr,灰色 品牌22 50 铅笔（六角形）,铅笔,品牌22,50,六角形,灰色,48*10*5,2400,AV57G,大卫,收货,上架
KePH35WiNa,藏青色 品牌12 350 键盘（有线）,键盘,品牌12,350,有线,藏青色,16*10*1,160,AM48C,劳拉,收货,上架
PeGi12WaGr,灰色 品牌21 12 铅笔（水彩）,铅笔,品牌21,12,水彩,灰色,48*10*5,2400,BX08A,莎拉,收货,上架
SPAl50WaPi,粉色 品牌20 50 触控笔（水彩）,触控笔,品牌20,50,水彩,粉色,48*10*5,2400,BP26F,艾米丽,收货,上架
CuWE12FiGr,灰色 品牌02 1200 储物柜（文件收纳）,储物柜,品牌02,1200,文件收纳,灰色,8*1*1,8,CU70C,劳拉,收货,上架
CuWE90LoWh,白色 品牌02 900 储物柜（储物锁柜）,储物柜,品牌02,900,储物锁柜,白色,8*1*1,8,DF36B,亚历克斯,收货,上架
TVYn65FHWh,白色 品牌15 65英寸 电视机（全高清）,电视机,品牌15,65英寸,全高清,白色,8*1*1,8,DF72E,亚历克斯,收货,上架
LaRe17i5Wh,白色 品牌14 17英寸 笔记本电脑（第5代处理器）,笔记本电脑,品牌14,17英寸,第5代处理器,白色,16*1*1,16,AF42D,亚历克斯,收货,上架
TaCI15WoGr,灰色 品牌27 1500 桌子（工作站）,桌子,品牌27,1500,工作站,灰色,8*1*1,8,BP68G,克里斯,收货,上架
OfSESAdPi,粉色 品牌08 小号 办公椅（可调节）,办公椅,品牌08,小号,可调节,粉色,16*1*1,16,BV79G,迈克,收货,上架
PeAl50WaGr,灰色 品牌20 50 铅笔（水彩）,铅笔,品牌20,50,水彩,灰色,48*10*5,2400,AN39G,约翰,收货,上架
TaCI15AuGr,灰色 品牌27 1500 桌子（自动调节）,桌子,品牌27,1500,自动调节,灰色,8*1*1,8,CT19G,莎拉,收货,上架
LaPH1516Gr,灰色 品牌12 15英寸 笔记本电脑（16吉字节内存）,笔记本电脑,品牌12,15英寸,16吉字节内存,灰色,16*1*1,16,BZ13E,劳拉,收货,上架
TVEs65FHSi,银色 品牌32 65英寸 电视机（全高清）,电视机,品牌32,65英寸,全高清,银色,8*1*1,8,DX85A,简,收货,上架
PeNa12HeGr,灰色 品牌23 12 铅笔（六角形）,铅笔,品牌23,12,六角形,灰色,48*10*5,2400,AN84A,大卫,收货,上架
AlYn1432Bl,黑色 品牌15 14英寸 一体机（32吉字节内存）,一体机,品牌15,14英寸,32吉字节内存,黑色,16*1*1,16,BQ36C,克里斯,收货,上架
TVGL32SFWh,白色 品牌31 32英寸 电视机（超级全高清）,电视机,品牌31,32英寸,超级全高清,白色,8*1*1,8,BS39B,简,收货,上架
KeRe35MePi,粉色 品牌10 350 键盘（机械式）,键盘,品牌10,350,机械式,粉色,16*10*1,160,DV67C,亚历克斯,收货,上架
CaTE12DoBe,米色 品牌04 1200 文件柜（带门式）,文件柜,品牌04,1200,带门式,米色,8*1*1,8,AQ98D,亚历克斯,收货,上架
TVYn42FHGr,灰色 品牌15 42英寸 电视机（全高清）,电视机,品牌15,42英寸,全高清,灰色,8*1*1,8,DS34F,亚历克斯,收货,上架
CuWE12FiBe,米色 品牌02 1200 储物柜（文件收纳）,储物柜,品牌02,1200,文件收纳,米色,8*1*1,8,AX52E,大卫,收货,上架
KeHc45WiPi,粉色 品牌09 450 键盘（有线）,键盘,品牌09,450,有线,粉色,16*10*1,160,CK27B,艾米丽,收货,上架
DrTE90DoBe,米色 品牌04 900 抽屉柜（带门式）,抽屉柜,品牌04,900,带门式,米色,8*1*1,8,BY05C,大卫,收货,上架
PeGi24WaGr,灰色 品牌21 24 铅笔（水彩）,铅笔,品牌21,24,水彩,灰色,48*10*5,2400,DY65B,劳拉,收货,上架
AlSu158GBl,黑色 品牌11 15英寸 一体机（8吉字节内存）,一体机,品牌11,15英寸,8吉字节内存,黑色,16*1*1,16,BX25E,简,收货,上架
TVYn42SFGr,灰色 品牌15 42英寸 电视机（超级全高清）,电视机,品牌15,42英寸,超级全高清,灰色,8*1*1,8,AJ46H,约翰,收货,上架
MoSu27BlBl,黑色 品牌11 270 鼠标（蓝牙）,鼠标,品牌11,270,蓝牙,黑色,16*10*1,160,AW55D,劳拉,收货,上架
CaTE18LoWh,白色 品牌04 1800 文件柜（储物锁柜）,文件柜,品牌04,1800,储物锁柜,白色,8*1*1,8,BH08B,亚历克斯,收货,上架
DrQE18FiWh,白色 品牌01 1800 抽屉柜（文件收纳）,抽屉柜,品牌01,1800,文件收纳,白色,8*1*1,8,DL88A,迈克,收货,上架
TaTR15AdGr,灰色 品牌29 1500 桌子（可调节）,桌子,品牌29,1500,可调节,灰色,8*1*1,8,DS13B,莎拉,收货,上架
TVYn504KWh,白色 品牌15 50英寸 电视机（超高清）,电视机,品牌15,50英寸,超高清,白色,8*1*1,8,BH50G,迈克,收货,上架
PeAl24HePi,粉色 品牌20 24 铅笔（六角形）,铅笔,品牌20,24,六角形,粉色,48*10*5,2400,DO86D,迈克,收货,上架
LaSu1432Wh,白色 品牌11 14英寸 笔记本电脑（32吉字节内存）,笔记本电脑,品牌11,14英寸,32吉字节内存,白色,16*1*1,16,CJ36D,亚历克斯,收货,上架
AlPH178GSi,银色 品牌12 17英寸 一体机（8吉字节内存）,一体机,品牌12,17英寸,8吉字节内存,银色,16*1*1,16,CG50H,克里斯,收货,上架
DrQE18SlWh,白色 品牌01 1800 抽屉柜（滑动式）,抽屉柜,品牌01,1800,滑动式,白色,8*1*1,8,DZ18H,克里斯,收货,上架
KeRe45MeWh,白色 品牌10 450 键盘（机械式）,键盘,品牌10,450,机械式,白色,16*10*1,160,CV61G,劳拉,收货,上架
GaOGSAdWh,白色 品牌07 小号 游戏椅（可调节）,游戏椅,品牌07,小号,可调节,白色,16*1*1,16,AX95B,克里斯,收货,上架
LaRe14i7Bl,黑色 品牌14 14英寸 笔记本电脑（第7代处理器）,笔记本电脑,品牌14,14英寸,第7代处理器,黑色,16*1*1,16,DX16B,莎拉,收货,上架
KeRe35MeBl,黑色 品牌10 350 键盘（机械式）,键盘,品牌10,350,机械式,黑色,16*10*1,160,AJ29G,约翰,收货,上架
LaYn14i7Gr,灰色 品牌15 14英寸 笔记本电脑（第7代处理器）,笔记本电脑,品牌15,14英寸,第7代处理器,灰色,16*1*1,16,CN81B,大卫,收货,上架
KePH35BlBl,黑色 品牌12 350 键盘（蓝牙）,键盘,品牌12,350,蓝牙,黑色,16*10*1,160,DK73E,迈克,收货,上架
LaSu1732Bl,黑色 品牌11 17英寸 笔记本电脑（32吉字节内存）,笔记本电脑,品牌11,17英寸,32吉字节内存,黑色,16*1*1,16,BG45A,艾米,收货,上架
GaOGSAdPi,粉色 品牌07 小号 游戏椅（可调节）,游戏椅,品牌07,小号,可调节,粉色,16*1*1,16,BT44B,约翰,收货,上架
TaCI18AdSi,银色 品牌27 1800 桌子（可调节）,桌子,品牌27,1800,可调节,银色,8*1*1,8,AR16F,迈克,收货,上架
AlYn14i5Wh,白色 品牌15 14英寸 一体机（第5代处理器）,一体机,品牌15,14英寸,第5代处理器,白色,16*1*1,16,DT57H,莎拉,收货,上架
PrSoA3AlBl,黑色 品牌25 三号纸 打印机（一体式）,打印机,品牌25,三号纸,一体式,黑色,16*1*1,16,AQ16A,劳拉,收货,上架
NoScA3liGr,灰色 品牌17 三号纸 笔记本（线条）,笔记本,品牌17,三号纸,线条,灰色,48*10*5,2400,CR10E,大卫,收货,上架
DrWE18FiBe,米色 品牌02 1800 抽屉柜（文件收纳）,抽屉柜,品牌02,1800,文件收纳,米色,8*1*1,8,AH49A,劳拉,收货,上架
TaTR10FrSi,银色 品牌28 1000 桌子（框架式）,桌子,品牌28,1000,框架式,银色,8*1*1,8,CM63E,简,收货,上架
CuWE18DoGr,灰色 品牌02 1800 储物柜（带门式）,储物柜,品牌02,1800,带门式,灰色,8*1*1,8,DY01C,迈克,收货,上架
OfOGMErWh,白色 品牌07 中号 办公椅（人体工学）,办公椅,品牌07,中号,人体工学,白色,16*1*1,16,CR12B,劳拉,收货,上架
LaYn158GBl,黑色 品牌15 15英寸 笔记本电脑（8吉字节内存）,笔记本电脑,品牌15,15英寸,8吉字节内存,黑色,16*1*1,16,AF06F,克里斯,收货,上架
KeHc35ErBl,黑色 品牌09 350 键盘（人体工学）,键盘,品牌09,350,人体工学,黑色,16*10*1,160,CZ33C,简,收货,上架
NoScA3liGr,灰色 品牌17 三号纸 笔记本（线条）,笔记本,品牌17,三号纸,线条,灰色,48*10*5,2400,BL34F,艾米丽,收货,上架
GaXESLeBl,黑色 品牌06 小号 游戏椅（皮革）,游戏椅,品牌06,小号,皮革,黑色,16*1*1,16,CT91D,艾米丽,收货,上架
LaPH15i7Wh,白色 品牌12 15英寸 笔记本电脑（第7代处理器）,笔记本电脑,品牌12,15英寸,第7代处理器,白色,16*1*1,16,AL26C,大卫,收货,上架
SPNa24HeGr,灰色 品牌23 24 触控笔（六角形）,触控笔,品牌23,24,六角形,灰色,48*10*5,2400,BW28E,约翰,收货,上架
PrReA3InBl,黑色 品牌24 三号纸 打印机（喷墨）,打印机,品牌24,三号纸,喷墨,黑色,16*1*1,16,DM37H,迈克,收货,上架
TVYn50S4Wh,白色 品牌15 50英寸 电视机（超级超高清）,电视机,品牌15,50英寸,超级超高清,白色,8*1*1,8,BI27C,莎拉,收货,上架
TVEs504KSi,银色 品牌32 50英寸 电视机（超高清）,电视机,品牌32,50英寸,超高清,银色,8*1*1,8,CF16A,简,收货,上架
LaOv1732Gr,灰色 品牌13 17英寸 笔记本电脑（32吉字节内存）,笔记本电脑,品牌13,17英寸,32吉字节内存,灰色,16*1*1,16,AW90G,简,收货,上架
KePH45WiBl,黑色 品牌12 450 键盘（有线）,键盘,品牌12,450,有线,黑色,16*10*1,160,DT96G,亚历克斯,收货,上架
TVEs504KBl,黑色 品牌32 50英寸 电视机（超高清）,电视机,品牌32,50英寸,超高清,黑色,8*1*1,8,CK09D,艾米丽,收货,上架
SPAl12HeGr,灰色 品牌20 12 触控笔（六角形）,触控笔,品牌20,12,六角形,灰色,48*10*5,2400,BL60A,迈克,收货,上架
TVGn32SFWh,白色 品牌30 32英寸 电视机（超级全高清）,电视机,品牌30,32英寸,超级全高清,白色,8*1*1,8,AJ49H,劳拉,收货,上架
MoRe45MeWh,白色 品牌10 450 鼠标（机械式）,鼠标,品牌10,450,机械式,白色,16*10*1,160,BZ11A,迈克,收货,上架
KePH35ErNa,藏青色 品牌12 350 键盘（人体工学）,键盘,品牌12,350,人体工学,藏青色,16*10*1,160,AP29H,亚历克斯,收货,上架
NoMuA3ruWh,白色 品牌19 三号纸 笔记本（横线）,笔记本,品牌19,三号纸,横线,白色,48*10*5,2400,BJ08G,约翰,收货,上架
PrReA4InBl,黑色 品牌24 四号纸 打印机（喷墨）,打印机,品牌24,四号纸,喷墨,黑色,16*1*1,16,CJ87C,简,收货,上架
LaYn17i5Gr,灰色 品牌15 17英寸 笔记本电脑（第5代处理器）,笔记本电脑,品牌15,17英寸,第5代处理器,灰色,16*1*1,16,BM12A,莎拉,收货,上架
LaOv15i7Bl,黑色 品牌13 15英寸 笔记本电脑（第7代处理器）,笔记本电脑,品牌13,15英寸,第7代处理器,黑色,16*1*1,16,CN84F,大卫,收货,上架
LaRe14i5Gr,灰色 品牌14 14英寸 笔记本电脑（第5代处理器）,笔记本电脑,品牌14,14英寸,第5代处理器,灰色,16*1*1,16,BP01E,简,收货,上架
SPAl50HeBl,黑色 品牌20 50 触控笔（六角形）,触控笔,品牌20,50,六角形,黑色,48*10*5,2400,DZ02B,克里斯,收货,上架
PeRe50WaBl,黑色 品牌22 50 铅笔（水彩）,铅笔,品牌22,50,水彩,黑色,48*10*5,2400,BT50D,约翰,收货,上架
GaSESHePi,粉色 品牌08 小号 游戏椅（头枕）,游戏椅,品牌08,小号,头枕,粉色,16*1*1,16,AT05B,大卫,收货,上架
PrPHA4AlWh,白色 品牌12 四号纸 打印机（一体式）,打印机,品牌12,四号纸,一体式,白色,16*1*1,16,BH11B,约翰,收货,上架
DrQE18DoBl,黑色 品牌01 1800 抽屉柜（带门式）,抽屉柜,品牌01,1800,带门式,黑色,8*1*1,8,AW83C,简,收货,上架
PeAl24WaWh,白色 品牌20 24 铅笔（水彩）,铅笔,品牌20,24,水彩,白色,48*10*5,2400,CI42D,莎拉,收货,上架
LaSu1532Si,银色 品牌11 15英寸 笔记本电脑（32吉字节内存）,笔记本电脑,品牌11,15英寸,32吉字节内存,银色,16*1*1,16,BU22H,克里斯,收货,上架
LaOv148GSi,银色 品牌13 14英寸 笔记本电脑（8吉字节内存）,笔记本电脑,品牌13,14英寸,8吉字节内存,银色,16*1*1,16,CV30E,艾米丽,收货,上架
TVEs754KGr,灰色 品牌32 75英寸 电视机（超高清）,电视机,品牌32,75英寸,超高清,灰色,8*1*1,8,CL60G,迈克,收货,上架
NoExA5doGr,灰色 品牌16 五号纸 笔记本（点阵）,笔记本,品牌16,五号纸,点阵,灰色,48*10*5,2400,BZ88E,约翰,收货,上架
DrQE90FiBe,米色 品牌01 900 抽屉柜（文件收纳）,抽屉柜,品牌01,900,文件收纳,米色,8*1*1,8,DK14G,艾米丽,收货,上架
PrSoA2InBl,黑色 品牌25 二号纸 打印机（喷墨）,打印机,品牌25,二号纸,喷墨,黑色,16*1*1,16,CL50G,迈克,收货,上架
LaRe15i5Si,银色 品牌14 15英寸 笔记本电脑（第5代处理器）,笔记本电脑,品牌14,15英寸,第5代处理器,银色,16*1*1,16,AL15D,迈克,收货,上架
SPNa24SoBl,黑色 品牌23 24 触控笔（可溶性）,触控笔,品牌23,24,可溶性,黑色,48*10*5,2400,BM88E,克里斯,收货,上架
MoPH45MeBl,黑色 品牌12 450 鼠标（机械式）,鼠标,品牌12,450,机械式,黑色,16*10*1,160,DX48C,亚历克斯,收货,上架
TaAE18AdSi,银色 品牌05 1800 桌子（可调节）,桌子,品牌05,1800,可调节,银色,8*1*1,8,CH31A,劳拉,收货,上架
CaTE18SlGr,灰色 品牌04 1800 文件柜（滑动式）,文件柜,品牌04,1800,滑动式,灰色,8*1*1,8,CH70D,莎拉,收货,上架
KePH27MeWh,白色 品牌12 270 键盘（机械式）,键盘,品牌12,270,机械式,白色,16*10*1,160,BV73G,简,收货,上架
PrNoA3AlMi,混合色 品牌26 三号纸 打印机（一体式）,打印机,品牌26,三号纸,一体式,混合色,16*1*1,16,AH26F,艾米,收货,上架
TaAE18FrGr,灰色 品牌05 1800 桌子（框架式）,桌子,品牌05,1800,框架式,灰色,8*1*1,8,AZ05B,简,收货,上架
GaXEMLeGr,灰色 品牌06 中号 游戏椅（皮革）,游戏椅,品牌06,中号,皮革,灰色,16*1*1,16,BW44A,艾米丽,收货,上架
PrReA4LaWh,白色 品牌24 四号纸 打印机（激光）,打印机,品牌24,四号纸,激光,白色,16*1*1,16,CT31A,迈克,收货,上架
CuWE90LoBl,黑色 品牌02 900 储物柜（储物锁柜）,储物柜,品牌02,900,储物锁柜,黑色,8*1*1,8,BL88G,克里斯,收货,上架
CuRG12LoBl,黑色 品牌03 1200 储物柜（储物锁柜）,储物柜,品牌03,1200,储物锁柜,黑色,8*1*1,8,AV56B,简,收货,上架
TVEs424KWh,白色 品牌32 42英寸 电视机（超高清）,电视机,品牌32,42英寸,超高清,白色,8*1*1,8,BM70H,简,收货,上架
KePH27MePi,粉色 品牌12 270 键盘（机械式）,键盘,品牌12,270,机械式,粉色,16*10*1,160,DT89B,劳拉,收货,上架
AlYn14i5Wh,白色 品牌15 14英寸 一体机（第5代处理器）,一体机,品牌15,14英寸,第5代处理器,白色,16*1*1,16,CJ01A,克里斯,收货,上架
TVGL324KBl,黑色 品牌31 32英寸 电视机（超高清）,电视机,品牌31,32英寸,超高清,黑色,8*1*1,8,AP91H,亚历克斯,收货,上架
GaAEMLeBl,黑色 品牌05 中号 游戏椅（皮革）,游戏椅,品牌05,中号,皮革,黑色,16*1*1,16,CR32A,迈克,收货,上架
NoScA4doSi,银色 品牌17 四号纸 笔记本（点阵）,笔记本,品牌17,四号纸,点阵,银色,48*10*5,2400,CW44A,大卫,收货,上架
AlSu178GSi,银色 品牌11 17英寸 一体机（8吉字节内存）,一体机,品牌11,17英寸,8吉字节内存,银色,16*1*1,16,BJ86B,亚历克斯,收货,上架
PrNoA2AlBl,黑色 品牌26 二号纸 打印机（一体式）,打印机,品牌26,二号纸,一体式,黑色,16*1*1,16,AG52F,简,收货,上架
KeSu35MePi,粉色 品牌11 350 键盘（机械式）,键盘,品牌11,350,机械式,粉色,16*10*1,160,AV06E,克里斯,收货,上架
MoPH35ErPi,粉色 品牌12 350 鼠标（人体工学）,鼠标,品牌12,350,人体工学,粉色,16*10*1,160,CR43D,艾米丽,收货,上架
TaTR18WoBl,黑色 品牌29 1800 桌子（工作站）,桌子,品牌29,1800,工作站,黑色,8*1*1,8,CP68D,艾米丽,收货,上架
AlSu1532Bl,黑色 品牌11 15英寸 一体机（32吉字节内存）,一体机,品牌11,15英寸,32吉字节内存,黑色,16*1*1,16,AS36D,简,收货,上架
CuQE12DoWh,白色 品牌01 1200 储物柜（带门式）,储物柜,品牌01,1200,带门式,白色,8*1*1,8,BO80G,莎拉,收货,上架
PeNa50HeWh,白色 品牌23 50 铅笔（六角形）,铅笔,品牌23,50,六角形,白色,48*10*5,2400,BU21D,艾米丽,收货,上架
SPAl12SoPi,粉色 品牌20 12 触控笔（可溶性）,触控笔,品牌20,12,可溶性,粉色,48*10*5,2400,BK83D,克里斯,收货,上架
GaAESErPi,粉色 品牌05 小号 游戏椅（人体工学）,游戏椅,品牌05,小号,人体工学,粉色,16*1*1,16,BX36D,劳拉,收货,上架
OfXESErBl,黑色 品牌06 小号 办公椅（人体工学）,办公椅,品牌06,小号,人体工学,黑色,16*1*1,16,AO55C,艾米,收货,上架
TVYn75SFBl,黑色 品牌15 75英寸 电视机（超级全高清）,电视机,品牌15,75英寸,超级全高清,黑色,8*1*1,8,DF21D,亚历克斯,收货,上架
PrSoA3AlWh,白色 品牌25 三号纸 打印机（一体式）,打印机,品牌25,三号纸,一体式,白色,16*1*1,16,CK67A,亚历克斯,收货,上架
TaTR10AdWh,白色 品牌28 1000 桌子（可调节）,桌子,品牌28,1000,可调节,白色,8*1*1,8,CX28C,艾米,收货,上架
GaOGSAdGr,灰色 品牌07 小号 游戏椅（可调节）,游戏椅,品牌07,小号,可调节,灰色,16*1*1,16,DH93G,艾米,收货,上架
MoPH35BlPi,粉色 品牌12 350 鼠标（蓝牙）,鼠标,品牌12,350,蓝牙,粉色,16*10*1,160,AX54G,艾米,收货,上架
LaSu1532Si,银色 品牌11 15英寸 笔记本电脑（32吉字节内存）,笔记本电脑,品牌11,15英寸,32吉字节内存,银色,16*1*1,16,CL79A,亚历克斯,收货,上架
DrQE90DoGr,灰色 品牌01 900 抽屉柜（带门式）,抽屉柜,品牌01,900,带门式,灰色,8*1*1,8,DU22A,亚历克斯,收货,上架
AlPH158GWh,白色 品牌12 15英寸 一体机（8吉字节内存）,一体机,品牌12,15英寸,8吉字节内存,白色,16*1*1,16,BL06E,艾米丽,收货,上架
GaXELErWh,白色 品牌06 大号 游戏椅（人体工学）,游戏椅,品牌06,大号,人体工学,白色,16*1*1,16,BJ56D,迈克,收货,上架
CuQE12SlBl,黑色 品牌01 1200 储物柜（滑动式）,储物柜,品牌01,1200,滑动式,黑色,8*1*1,8,CK42C,克里斯,收货,上架
OfXESLeWh,白色 品牌06 小号 办公椅（皮革）,办公椅,品牌06,小号,皮革,白色,16*1*1,16,AT29F,约翰,收货,上架
GaOGLLeBl,黑色 品牌07 大号 游戏椅（皮革）,游戏椅,品牌07,大号,皮革,黑色,16*1*1,16,BN44E,艾米,收货,上架
TVEs65FHGr,灰色 品牌32 65英寸 电视机（全高清）,电视机,品牌32,65英寸,全高清,灰色,8*1*1,8,AI08D,迈克,收货,上架
GaAELErBl,黑色 品牌05 大号 游戏椅（人体工学）,游戏椅,品牌05,大号,人体工学,黑色,16*1*1,16,CS77A,艾米,收货,上架
AlPH1516Gr,灰色 品牌12 15英寸 一体机（16吉字节内存）,一体机,品牌12,15英寸,16吉字节内存,灰色,16*1*1,16,BW53B,克里斯,收货,上架
AlOv17i5Bl,黑色 品牌13 17英寸 一体机（第5代处理器）,一体机,品牌13,17英寸,第5代处理器,黑色,16*1*1,16,AL56D,艾米,收货,上架
GaOGMAdBl,黑色 品牌07 中号 游戏椅（可调节）,游戏椅,品牌07,中号,可调节,黑色,16*1*1,16,AQ83F,简,收货,上架
KeRe27MePi,粉色 品牌10 270 键盘（机械式）,键盘,品牌10,270,机械式,粉色,16*10*1,160,DX50B,亚历克斯,收货,上架
CaQE12SlBl,黑色 品牌01 1200 文件柜（滑动式）,文件柜,品牌01,1200,滑动式,黑色,8*1*1,8,CY85H,亚历克斯,收货,上架
MoSu35WiNa,藏青色 品牌11 350 鼠标（有线）,鼠标,品牌11,350,有线,藏青色,16*10*1,160,AN06H,劳拉,收货,上架
GaOGLAdGr,灰色 品牌07 大号 游戏椅（可调节）,游戏椅,品牌07,大号,可调节,灰色,16*1*1,16,AN24D,劳拉,收货,上架
PeRe12SoPi,粉色 品牌22 12 铅笔（可溶性）,铅笔,品牌22,12,可溶性,粉色,48*10*5,2400,CU64B,约翰,收货,上架
AlOv17i7Gr,灰色 品牌13 17英寸 一体机（第7代处理器）,一体机,品牌13,17英寸,第7代处理器,灰色,16*1*1,16,BN12G,艾米丽,收货,上架
CuRG18FiBe,米色 品牌03 1800 储物柜（文件收纳）,储物柜,品牌03,1800,文件收纳,米色,8*1*1,8,AX60A,劳拉,收货,上架
MoRe45BlWh,白色 品牌10 450 鼠标（蓝牙）,鼠标,品牌10,450,蓝牙,白色,16*10*1,160,AI42F,亚历克斯,收货,上架
KePH35WiNa,藏青色 品牌12 350 键盘（有线）,键盘,品牌12,350,有线,藏青色,16*10*1,160,AS37D,艾米丽,收货,上架
OfOGSAdBl,黑色 品牌07 小号 办公椅（可调节）,办公椅,品牌07,小号,可调节,黑色,16*1*1,16,AU15A,艾米丽,收货,上架
PrPHA3WiGr,灰色 品牌12 三号纸 打印机（无线网络）,打印机,品牌12,三号纸,无线网络,灰色,16*1*1,16,AI80H,劳拉,收货,上架
LaYn1732Si,银色 品牌15 17英寸 笔记本电脑（32吉字节内存）,笔记本电脑,品牌15,17英寸,32吉字节内存,银色,16*1*1,16,AR40C,约翰,收货,上架
SPAl12SoPi,粉色 品牌20 12 触控笔（可溶性）,触控笔,品牌20,12,可溶性,粉色,48*10*5,2400,AS16C,简,收货,上架
NoGrA4liGr,灰色 品牌18 四号纸 笔记本（线条）,笔记本,品牌18,四号纸,线条,灰色,48*10*5,2400,CQ73H,大卫,收货,上架
TVGn32FHSi,银色 品牌30 32英寸 电视机（全高清）,电视机,品牌30,32英寸,全高清,银色,8*1*1,8,BT68C,劳拉,收货,上架
SPGi50WaPi,粉色 品牌21 50 触控笔（水彩）,触控笔,品牌21,50,水彩,粉色,48*10*5,2400,CI30D,劳拉,收货,上架
KeHc27ErNa,藏青色 品牌09 270 键盘（人体工学）,键盘,品牌09,270,人体工学,藏青色,16*10*1,160,AK80C,亚历克斯,收货,上架
PeAl12SoWh,白色 品牌20 12 铅笔（可溶性）,铅笔,品牌20,12,可溶性,白色,48*10*5,2400,DL03E,劳拉,收货,上架
CaTE18DoGr,灰色 品牌04 1800 文件柜（带门式）,文件柜,品牌04,1800,带门式,灰色,8*1*1,8,DR34E,迈克,收货,上架
TVGL65FHSi,银色 品牌31 65英寸 电视机（全高清）,电视机,品牌31,65英寸,全高清,银色,8*1*1,8,BF78F,亚历克斯,收货,上架
DrTE90SlWh,白色 品牌04 900 抽屉柜（滑动式）,抽屉柜,品牌04,900,滑动式,白色,8*1*1,8,DW10G,大卫,收货,上架
TVEs50SFGr,灰色 品牌32 50英寸 电视机（超级全高清）,电视机,品牌32,50英寸,超级全高清,灰色,8*1*1,8,CL77G,迈克,收货,上架
MoHc45MeWh,白色 品牌09 450 鼠标（机械式）,鼠标,品牌09,450,机械式,白色,16*10*1,160,AU93H,艾米,收货,上架
PeRe24WaWh,白色 品牌22 24 铅笔（水彩）,铅笔,品牌22,24,水彩,白色,48*10*5,2400,AL79H,约翰,收货,上架
PrPHA4InMi,混合色 品牌12 四号纸 打印机（喷墨）,打印机,品牌12,四号纸,喷墨,混合色,16*1*1,16,CI66H,劳拉,收货,上架
PrNoA2MoMi,混合色 品牌26 二号纸 打印机（黑白）,打印机,品牌26,二号纸,黑白,混合色,16*1*1,16,AN68C,劳拉,收货,上架
NoMuA5doBl,黑色 品牌19 五号纸 笔记本（点阵）,笔记本,品牌19,五号纸,点阵,黑色,48*10*5,2400,AG94B,劳拉,收货,上架
PeAl50WaGr,灰色 品牌20 50 铅笔（水彩）,铅笔,品牌20,50,水彩,灰色,48*10*5,2400,DI09G,简,收货,上架
KeHc35MeWh,白色 品牌09 350 键盘（机械式）,键盘,品牌09,350,机械式,白色,16*10*1,160,CM24F,艾米,收货,上架
GaAELHeWh,白色 品牌05 大号 游戏椅（头枕）,游戏椅,品牌05,大号,头枕,白色,16*1*1,16,DW18D,迈克,收货,上架
NoGrA5doBl,黑色 品牌18 五号纸 笔记本（点阵）,笔记本,品牌18,五号纸,点阵,黑色,48*10*5,2400,DG62E,约翰,收货,上架
DrRG90DoBe,米色 品牌03 900 抽屉柜（带门式）,抽屉柜,品牌03,900,带门式,米色,8*1*1,8,AZ64B,简,收货,上架
GaAESAdBl,黑色 品牌05 小号 游戏椅（可调节）,游戏椅,品牌05,小号,可调节,黑色,16*1*1,16,DJ98E,艾米丽,收货,上架
GaOGMLeGr,灰色 品牌07 中号 游戏椅（皮革）,游戏椅,品牌07,中号,皮革,灰色,16*1*1,16,DL95E,劳拉,收货,上架
DrTE12FiBe,米色 品牌04 1200 抽屉柜（文件收纳）,抽屉柜,品牌04,1200,文件收纳,米色,8*1*1,8,BO75D,艾米丽,收货,上架
TVEs324KBl,黑色 品牌32 32英寸 电视机（超高清）,电视机,品牌32,32英寸,超高清,黑色,8*1*1,8,CS60F,克里斯,收货,上架
NoExA3doWh,白色 品牌16 三号纸 笔记本（点阵）,笔记本,品牌16,三号纸,点阵,白色,48*10*5,2400,BP60B,艾米丽,收货,上架
CuTE12SlWh,白色 品牌04 1200 储物柜（滑动式）,储物柜,品牌04,1200,滑动式,白色,8*1*1,8,AF57B,克里斯,收货,上架
TVYn75S4Si,银色 品牌15 75英寸 电视机（超级超高清）,电视机,品牌15,75英寸,超级超高清,银色,8*1*1,8,AJ03H,亚历克斯,收货,上架
GaSESErWh,白色 品牌08 小号 游戏椅（人体工学）,游戏椅,品牌08,小号,人体工学,白色,16*1*1,16,CT27H,迈克,收货,上架
AlPH15i5Gr,灰色 品牌12 15英寸 一体机（第5代处理器）,一体机,品牌12,15英寸,第5代处理器,灰色,16*1*1,16,BL95D,迈克,收货,上架
NoMuA4ruGr,灰色 品牌19 四号纸 笔记本（横线）,笔记本,品牌19,四号纸,横线,灰色,48*10*5,2400,DO29A,莎拉,收货,上架
PrPHA4AlGr,灰色 品牌12 四号纸 打印机（一体式）,打印机,品牌12,四号纸,一体式,灰色,16*1*1,16,AK20A,艾米,收货,上架
CuTE18LoBe,米色 品牌04 1800 储物柜（储物锁柜）,储物柜,品牌04,1800,储物锁柜,米色,8*1*1,8,AL93A,亚历克斯,收货,上架
CuWE18SlWh,白色 品牌02 1800 储物柜（滑动式）,储物柜,品牌02,1800,滑动式,白色,8*1*1,8,AL57H,迈克,收货,上架
MoRe27BlNa,藏青色 品牌10 270 鼠标（蓝牙）,鼠标,品牌10,270,蓝牙,藏青色,16*10*1,160,DJ17D,艾米丽,收货,上架
SPGi24WaPi,粉色 品牌21 24 触控笔（水彩）,触控笔,品牌21,24,水彩,粉色,48*10*5,2400,BY38F,亚历克斯,收货,上架
TaCI18AuSi,银色 品牌27 1800 桌子（自动调节）,桌子,品牌27,1800,自动调节,银色,8*1*1,8,BR10B,劳拉,收货,上架
AlOv1516Bl,黑色 品牌13 15英寸 一体机（16吉字节内存）,一体机,品牌13,15英寸,16吉字节内存,黑色,16*1*1,16,BF21F,迈克,收货,上架
LaSu15i5Gr,灰色 品牌11 15英寸 笔记本电脑（第5代处理器）,笔记本电脑,品牌11,15英寸,第5代处理器,灰色,16*1*1,16,AT56E,约翰,收货,上架
PrPHA3WiWh,白色 品牌12 三号纸 打印机（无线网络）,打印机,品牌12,三号纸,无线网络,白色,16*1*1,16,BR49G,迈克,收货,上架
DrQE18SlWh,白色 品牌01 1800 抽屉柜（滑动式）,抽屉柜,品牌01,1800,滑动式,白色,8*1*1,8,CK47A,克里斯,收货,上架
DrTE18SlGr,灰色 品牌04 1800 抽屉柜（滑动式）,抽屉柜,品牌04,1800,滑动式,灰色,8*1*1,8,AI88B,约翰,收货,上架
SPRe50HeGr,灰色 品牌22 50 触控笔（六角形）,触控笔,品牌22,50,六角形,灰色,48*10*5,2400,BQ58F,克里斯,收货,上架
DrRG12LoBl,黑色 品牌03 1200 抽屉柜（储物锁柜）,抽屉柜,品牌03,1200,储物锁柜,黑色,8*1*1,8,AY79E,艾米丽,收货,上架
DrWE12LoBe,米色 品牌02 1200 抽屉柜（储物锁柜）,抽屉柜,品牌02,1200,储物锁柜,米色,8*1*1,8,AY04H,克里斯,收货,上架
CaWE90SlGr,灰色 品牌02 900 文件柜（滑动式）,文件柜,品牌02,900,滑动式,灰色,8*1*1,8,BO54A,简,收货,上架
PeNa24WaBl,黑色 品牌23 24 铅笔（水彩）,铅笔,品牌23,24,水彩,黑色,48*10*5,2400,BZ18C,艾米丽,收货,上架
LaYn14i7Gr,灰色 品牌15 14英寸 笔记本电脑（第7代处理器）,笔记本电脑,品牌15,14英寸,第7代处理器,灰色,16*1*1,16,CO30A,劳拉,收货,上架
CaWE12LoWh,白色 品牌02 1200 文件柜（储物锁柜）,文件柜,品牌02,1200,储物锁柜,白色,8*1*1,8,BM41D,简,收货,上架
CuWE18SlBl,黑色 品牌02 1800 储物柜（滑动式）,储物柜,品牌02,1800,滑动式,黑色,8*1*1,8,AN19E,克里斯,收货,上架
MoRe27ErPi,粉色 品牌10 270 鼠标（人体工学）,鼠标,品牌10,270,人体工学,粉色,16*10*1,160,CU12H,艾米丽,收货,上架
PeRe24HeBl,黑色 品牌22 24 铅笔（六角形）,铅笔,品牌22,24,六角形,黑色,48*10*5,2400,CJ30H,迈克,收货,上架
KeHc45ErNa,藏青色 品牌09 450 键盘（人体工学）,键盘,品牌09,450,人体工学,藏青色,16*10*1,160,BF60H,劳拉,收货,上架
AlPH178GBl,黑色 品牌12 17英寸 一体机（8吉字节内存）,一体机,品牌12,17英寸,8吉字节内存,黑色,16*1*1,16,AJ60A,艾米,收货,上架
NoScA3liGr,灰色 品牌17 三号纸 笔记本（线条）,笔记本,品牌17,三号纸,线条,灰色,48*10*5,2400,DT42F,劳拉,收货,上架
TaTR18FrSi,银色 品牌29 1800 桌子（框架式）,桌子,品牌29,1800,框架式,银色,8*1*1,8,DZ42F,亚历克斯,收货,上架
GaAESAdWh,白色 品牌05 小号 游戏椅（可调节）,游戏椅,品牌05,小号,可调节,白色,16*1*1,16,BQ25D,劳拉,收货,上架
TVYn65SFSi,银色 品牌15 65英寸 电视机（超级全高清）,电视机,品牌15,65英寸,超级全高清,银色,8*1*1,8,CT24B,劳拉,收货,上架
LaSu158GSi,银色 品牌11 15英寸 笔记本电脑（8吉字节内存）,笔记本电脑,品牌11,15英寸,8吉字节内存,银色,16*1*1,16,CO01A,劳拉,收货,上架
GaSEMAdPi,粉色 品牌08 中号 游戏椅（可调节）,游戏椅,品牌08,中号,可调节,粉色,16*1*1,16,CW09H,大卫,收货,上架
TVEs65FHWh,白色 品牌32 65英寸 电视机（全高清）,电视机,品牌32,65英寸,全高清,白色,8*1*1,8,AV56G,简,收货,上架
DrRG12LoGr,灰色 品牌03 1200 抽屉柜（储物锁柜）,抽屉柜,品牌03,1200,储物锁柜,灰色,8*1*1,8,CV98H,简,收货,上架
NoScA3doBl,黑色 品牌17 三号纸 笔记本（点阵）,笔记本,品牌17,三号纸,点阵,黑色,48*10*5,2400,DN72A,约翰,收货,上架
MoHc35WiPi,粉色 品牌09 350 鼠标（有线）,鼠标,品牌09,350,有线,粉色,16*10*1,160,AZ16F,简,收货,上架
TVYn32SFWh,白色 品牌15 32英寸 电视机（超级全高清）,电视机,品牌15,32英寸,超级全高清,白色,8*1*1,8,DR52E,约翰,收货,上架
MoSu27ErBl,黑色 品牌11 270 鼠标（人体工学）,鼠标,品牌11,270,人体工学,黑色,16*10*1,160,BF24H,克里斯,收货,上架
KePH27WiPi,粉色 品牌12 270 键盘（有线）,键盘,品牌12,270,有线,粉色,16*10*1,160,BF09G,克里斯,收货,上架
CuRG90SlWh,白色 品牌03 900 储物柜（滑动式）,储物柜,品牌03,900,滑动式,白色,8*1*1,8,BR29C,克里斯,收货,上架
LaSu17i5Gr,灰色 品牌11 17英寸 笔记本电脑（第5代处理器）,笔记本电脑,品牌11,17英寸,第5代处理器,灰色,16*1*1,16,BV62C,劳拉,收货,上架
CaWE18LoBl,黑色 品牌02 1800 文件柜（储物锁柜）,文件柜,品牌02,1800,储物锁柜,黑色,8*1*1,8,CL45E,迈克,收货,上架
KeHc27BlWh,白色 品牌09 270 键盘（蓝牙）,键盘,品牌09,270,蓝牙,白色,16*10*1,160,AP98G,艾米丽,收货,上架
AlPH148GWh,白色 品牌12 14英寸 一体机（8吉字节内存）,一体机,品牌12,14英寸,8吉字节内存,白色,16*1*1,16,DQ02G,莎拉,收货,上架
AlPH178GGr,灰色 品牌12 17英寸 一体机（8吉字节内存）,一体机,品牌12,17英寸,8吉字节内存,灰色,16*1*1,16,BK29C,艾米,收货,上架
AlRe14i5Bl,黑色 品牌14 14英寸 一体机（第5代处理器）,一体机,品牌14,14英寸,第5代处理器,黑色,16*1*1,16,DI46B,艾米丽,收货,上架
OfAESErWh,白色 品牌05 小号 办公椅（人体工学）,办公椅,品牌05,小号,人体工学,白色,16*1*1,16,DG83G,大卫,收货,上架
PrNoA4AlWh,白色 品牌26 四号纸 打印机（一体式）,打印机,品牌26,四号纸,一体式,白色,16*1*1,16,BX57H,艾米丽,收货,上架
DrWE18LoWh,白色 品牌02 1800 抽屉柜（储物锁柜）,抽屉柜,品牌02,1800,储物锁柜,白色,8*1*1,8,BN53D,艾米丽,收货,上架
AlPH14i7Gr,灰色 品牌12 14英寸 一体机（第7代处理器）,一体机,品牌12,14英寸,第7代处理器,灰色,16*1*1,16,DY08E,劳拉,收货,上架
AlRe1716Wh,白色 品牌14 17英寸 一体机（16吉字节内存）,一体机,品牌14,17英寸,16吉字节内存,白色,16*1*1,16,AH79E,简,收货,上架
GaXELLeWh,白色 品牌06 大号 游戏椅（皮革）,游戏椅,品牌06,大号,皮革,白色,16*1*1,16,BV65A,艾米丽,收货,上架
KeHc27ErNa,藏青色 品牌09 270 键盘（人体工学）,键盘,品牌09,270,人体工学,藏青色,16*10*1,160,AJ27C,克里斯,收货,上架
LaRe178GWh,白色 品牌14 17英寸 笔记本电脑（8吉字节内存）,笔记本电脑,品牌14,17英寸,8吉字节内存,白色,16*1*1,16,AW83H,大卫,收货,上架
OfOGLErPi,粉色 品牌07 大号 办公椅（人体工学）,办公椅,品牌07,大号,人体工学,粉色,16*1*1,16,DV28F,亚历克斯,收货,上架
DrQE18FiBe,米色 品牌01 1800 抽屉柜（文件收纳）,抽屉柜,品牌01,1800,文件收纳,米色,8*1*1,8,DX28H,简,收货,上架
LaYn17i5Wh,白色 品牌15 17英寸 笔记本电脑（第5代处理器）,笔记本电脑,品牌15,17英寸,第5代处理器,白色,16*1*1,16,BH03B,劳拉,收货,上架
CaWE90LoBe,米色 品牌02 900 文件柜（储物锁柜）,文件柜,品牌02,900,储物锁柜,米色,8*1*1,8,BL30E,艾米,收货,上架
CaQE90FiBl,黑色 品牌01 900 文件柜（文件收纳）,文件柜,品牌01,900,文件收纳,黑色,8*1*1,8,DL06B,简,收货,上架
CaQE18SlBl,黑色 品牌01 1800 文件柜（滑动式）,文件柜,品牌01,1800,滑动式,黑色,8*1*1,8,AK72E,亚历克斯,收货,上架
PrNoA3InGr,灰色 品牌26 三号纸 打印机（喷墨）,打印机,品牌26,三号纸,喷墨,灰色,16*1*1,16,BP88C,艾米,收货,上架
AlSu17i5Si,银色 品牌11 17英寸 一体机（第5代处理器）,一体机,品牌11,17英寸,第5代处理器,银色,16*1*1,16,BV38E,莎拉,收货,上架
LaOv1532Bl,黑色 品牌13 15英寸 笔记本电脑（32吉字节内存）,笔记本电脑,品牌13,15英寸,32吉字节内存,黑色,16*1*1,16,BI16D,亚历克斯,收货,上架
CuRG12LoWh,白色 品牌03 1200 储物柜（储物锁柜）,储物柜,品牌03,1200,储物锁柜,白色,8*1*1,8,DP95E,劳拉,收货,上架
AlOv1732Gr,灰色 品牌13 17英寸 一体机（32吉字节内存）,一体机,品牌13,17英寸,32吉字节内存,灰色,16*1*1,16,BH65E,克里斯,收货,上架
TVGL42S4Si,银色 品牌31 42英寸 电视机（超级超高清）,电视机,品牌31,42英寸,超级超高清,银色,8*1*1,8,BO48B,莎拉,收货,上架
DrWE18SlGr,灰色 品牌02 1800 抽屉柜（滑动式）,抽屉柜,品牌02,1800,滑动式,灰色,8*1*1,8,CQ56G,迈克,收货,上架
CuRG18SlGr,灰色 品牌03 1800 储物柜（滑动式）,储物柜,品牌03,1800,滑动式,灰色,8*1*1,8,DQ05G,亚历克斯,收货,上架
OfAESErWh,白色 品牌05 小号 办公椅（人体工学）,办公椅,品牌05,小号,人体工学,白色,16*1*1,16,AU29G,克里斯,收货,上架
CaTE18SlGr,灰色 品牌04 1800 文件柜（滑动式）,文件柜,品牌04,1800,滑动式,灰色,8*1*1,8,AR25E,克里斯,收货,上架
MoRe27MeWh,白色 品牌10 270 鼠标（机械式）,鼠标,品牌10,270,机械式,白色,16*10*1,160,DS86B,迈克,收货,上架
SPAl12HePi,粉色 品牌20 12 触控笔（六角形）,触控笔,品牌20,12,六角形,粉色,48*10*5,2400,DU84C,约翰,收货,上架
LaOv15i7Si,银色 品牌13 15英寸 笔记本电脑（第7代处理器）,笔记本电脑,品牌13,15英寸,第7代处理器,银色,16*1*1,16,DJ67G,迈克,收货,上架
CaTE18LoGr,灰色 品牌04 1800 文件柜（储物锁柜）,文件柜,品牌04,1800,储物锁柜,灰色,8*1*1,8,CI77F,克里斯,收货,上架
KeSu27BlWh,白色 品牌11 270 键盘（蓝牙）,键盘,品牌11,270,蓝牙,白色,16*10*1,160,AS46E,克里斯,收货,上架
TVYn32FHWh,白色 品牌15 32英寸 电视机（全高清）,电视机,品牌15,32英寸,全高清,白色,8*1*1,8,DH86F,亚历克斯,收货,上架
CaQE12LoGr,灰色 品牌01 1200 文件柜（储物锁柜）,文件柜,品牌01,1200,储物锁柜,灰色,8*1*1,8,AQ41E,劳拉,收货,上架
DrTE18DoBe,米色 品牌04 1800 抽屉柜（带门式）,抽屉柜,品牌04,1800,带门式,米色,8*1*1,8,AX96C,劳拉,收货,上架
PrSoA3AlMi,混合色 品牌25 三号纸 打印机（一体式）,打印机,品牌25,三号纸,一体式,混合色,16*1*1,16,CO69H,艾米丽,收货,上架
CuWE18FiBl,黑色 品牌02 1800 储物柜（文件收纳）,储物柜,品牌02,1800,文件收纳,黑色,8*1*1,8,AP31H,艾米,收货,上架
NoGrA4ruSi,银色 品牌18 四号纸 笔记本（横线）,笔记本,品牌18,四号纸,横线,银色,48*10*5,2400,CK49E,莎拉,收货,上架
DrWE12DoBe,米色 品牌02 1200 抽屉柜（带门式）,抽屉柜,品牌02,1200,带门式,米色,8*1*1,8,CS16C,艾米,收货,上架
AlSu17i7Bl,黑色 品牌11 17英寸 一体机（第7代处理器）,一体机,品牌11,17英寸,第7代处理器,黑色,16*1*1,16,CK43H,劳拉,收货,上架
PrPHA4AlMi,混合色 品牌12 四号纸 打印机（一体式）,打印机,品牌12,四号纸,一体式,混合色,16*1*1,16,BJ91B,简,收货,上架
AlSu1416Si,银色 品牌11 14英寸 一体机（16吉字节内存）,一体机,品牌11,14英寸,16吉字节内存,银色,16*1*1,16,BW13F,迈克,收货,上架
OfAEMErPi,粉色 品牌05 中号 办公椅（人体工学）,办公椅,品牌05,中号,人体工学,粉色,16*1*1,16,BY23H,艾米丽,收货,上架
PeNa12SoWh,白色 品牌23 12 铅笔（可溶性）,铅笔,品牌23,12,可溶性,白色,48*10*5,2400,CI81G,约翰,收货,上架
CaRG12SlBl,黑色 品牌03 1200 文件柜（滑动式）,文件柜,品牌03,1200,滑动式,黑色,8*1*1,8,DQ79C,莎拉,收货,上架
PrReA4AlWh,白色 品牌24 四号纸 打印机（一体式）,打印机,品牌24,四号纸,一体式,白色,16*1*1,16,BP73H,大卫,收货,上架
TaTR10FrSi,银色 品牌28 1000 桌子（框架式）,桌子,品牌28,1000,框架式,银色,8*1*1,8,BS58G,艾米,收货,上架
CuRG18LoBl,黑色 品牌03 1800 储物柜（储物锁柜）,储物柜,品牌03,1800,储物锁柜,黑色,8*1*1,8,AI09C,艾米丽,收货,上架
DrQE12SlBe,米色 品牌01 1200 抽屉柜（滑动式）,抽屉柜,品牌01,1200,滑动式,米色,8*1*1,8,AT54A,艾米,收货,上架
PeNa50SoBl,黑色 品牌23 50 铅笔（可溶性）,铅笔,品牌23,50,可溶性,黑色,48*10*5,2400,DU64H,克里斯,收货,上架
TVGL75SFGr,灰色 品牌31 75英寸 电视机（超级全高清）,电视机,品牌31,75英寸,超级全高清,灰色,8*1*1,8,DL84D,约翰,收货,上架
NoMuA4ruGr,灰色 品牌19 四号纸 笔记本（横线）,笔记本,品牌19,四号纸,横线,灰色,48*10*5,2400,BR57D,艾米丽,收货,上架
OfAEMAdPi,粉色 品牌05 中号 办公椅（可调节）,办公椅,品牌05,中号,可调节,粉色,16*1*1,16,DM59H,艾米丽,收货,上架
TVGn654KSi,银色 品牌30 65英寸 电视机（超高清）,电视机,品牌30,65英寸,超高清,银色,8*1*1,8,CH39C,迈克,收货,上架
TaTR18AdBl,黑色 品牌29 1800 桌子（可调节）,桌子,品牌29,1800,可调节,黑色,8*1*1,8,BU72D,迈克,收货,上架
LaSu17i5Si,银色 品牌11 17英寸 笔记本电脑（第5代处理器）,笔记本电脑,品牌11,17英寸,第5代处理器,银色,16*1*1,16,DV11E,大卫,收货,上架
OfAELAdBl,黑色 品牌05 大号 办公椅（可调节）,办公椅,品牌05,大号,可调节,黑色,16*1*1,16,CR91D,简,收货,上架
NoScA5liGr,灰色 品牌17 五号纸 笔记本（线条）,笔记本,品牌17,五号纸,线条,灰色,48*10*5,2400,BO82C,劳拉,收货,上架
MoHc45MeNa,藏青色 品牌09 450 鼠标（机械式）,鼠标,品牌09,450,机械式,藏青色,16*10*1,160,AV95B,艾米,收货,上架
SPGi24HeBl,黑色 品牌21 24 触控笔（六角形）,触控笔,品牌21,24,六角形,黑色,48*10*5,2400,DN29D,约翰,收货,上架
PrReA3InGr,灰色 品牌24 三号纸 打印机（喷墨）,打印机,品牌24,三号纸,喷墨,灰色,16*1*1,16,AJ63A,大卫,收货,上架
TaTR18WoWh,白色 品牌29 1800 桌子（工作站）,桌子,品牌29,1800,工作站,白色,8*1*1,8,DW86B,简,收货,上架
DrQE18FiWh,白色 品牌01 1800 抽屉柜（文件收纳）,抽屉柜,品牌01,1800,文件收纳,白色,8*1*1,8,CQ63B,迈克,收货,上架
CuRG18FiBl,黑色 品牌03 1800 储物柜（文件收纳）,储物柜,品牌03,1800,文件收纳,黑色,8*1*1,8,CN39F,莎拉,收货,上架
TVYn42FHGr,灰色 品牌15 42英寸 电视机（全高清）,电视机,品牌15,42英寸,全高清,灰色,8*1*1,8,BM43B,迈克,收货,上架
TVGL654KSi,银色 品牌31 65英寸 电视机（超高清）,电视机,品牌31,65英寸,超高清,银色,8*1*1,8,AK65B,艾米,收货,上架
TVGn42FHSi,银色 品牌30 42英寸 电视机（全高清）,电视机,品牌30,42英寸,全高清,银色,8*1*1,8,BU52F,劳拉,收货,上架
MoSu35ErPi,粉色 品牌11 350 鼠标（人体工学）,鼠标,品牌11,350,人体工学,粉色,16*10*1,160,DP43B,克里斯,收货,上架
SPRe50HeBl,黑色 品牌22 50 触控笔（六角形）,触控笔,品牌22,50,六角形,黑色,48*10*5,2400,AK28D,克里斯,收货,上架
TVGL424KGr,灰色 品牌31 42英寸 电视机（超高清）,电视机,品牌31,42英寸,超高清,灰色,8*1*1,8,BM26D,大卫,收货,上架
TaTR10AdSi,银色 品牌29 1000 桌子（可调节）,桌子,品牌29,1000,可调节,银色,8*1*1,8,BQ67H,莎拉,收货,上架
OfSESHePi,粉色 品牌08 小号 办公椅（头枕）,办公椅,品牌08,小号,头枕,粉色,16*1*1,16,CH57E,艾米,收货,上架
PeGi12HeGr,灰色 品牌21 12 铅笔（六角形）,铅笔,品牌21,12,六角形,灰色,48*10*5,2400,CS02A,克里斯,收货,上架
MoSu35ErPi,粉色 品牌11 350 鼠标（人体工学）,鼠标,品牌11,350,人体工学,粉色,16*10*1,160,BW08B,约翰,收货,上架
SPGi24HeWh,白色 品牌21 24 触控笔（六角形）,触控笔,品牌21,24,六角形,白色,48*10*5,2400,BU23F,亚历克斯,收货,上架
SPGi24WaWh,白色 品牌21 24 触控笔（水彩）,触控笔,品牌21,24,水彩,白色,48*10*5,2400,AO70D,约翰,收货,上架
PeGi12HeWh,白色 品牌21 12 铅笔（六角形）,铅笔,品牌21,12,六角形,白色,48*10*5,2400,AK50G,克里斯,收货,上架
DrQE18FiBe,米色 品牌01 1800 抽屉柜（文件收纳）,抽屉柜,品牌01,1800,文件收纳,米色,8*1*1,8,CG36B,迈克,收货,上架
NoMuA4liBl,黑色 品牌19 四号纸 笔记本（线条）,笔记本,品牌19,四号纸,线条,黑色,48*10*5,2400,CO89G,迈克,收货,上架
NoScA3liBl,黑色 品牌17 三号纸 笔记本（线条）,笔记本,品牌17,三号纸,线条,黑色,48*10*5,2400,CY76H,艾米,收货,上架
KeRe35MeNa,藏青色 品牌10 350 键盘（机械式）,键盘,品牌10,350,机械式,藏青色,16*10*1,160,CQ31B,艾米丽,收货,上架
OfSELHePi,粉色 品牌08 大号 办公椅（头枕）,办公椅,品牌08,大号,头枕,粉色,16*1*1,16,AR31C,克里斯,收货,上架
CaQE12FiBl,黑色 品牌01 1200 文件柜（文件收纳）,文件柜,品牌01,1200,文件收纳,黑色,8*1*1,8,CT67B,简,收货,上架
CuRG90LoBl,黑色 品牌03 900 储物柜（储物锁柜）,储物柜,品牌03,900,储物锁柜,黑色,8*1*1,8,DO66C,克里斯,收货,上架
GaXEMHeBl,黑色 品牌06 中号 游戏椅（头枕）,游戏椅,品牌06,中号,头枕,黑色,16*1*1,16,DI55D,亚历克斯,收货,上架
PrNoA3InBl,黑色 品牌26 三号纸 打印机（喷墨）,打印机,品牌26,三号纸,喷墨,黑色,16*1*1,16,CX51H,约翰,收货,上架
LaPH1716Bl,黑色 品牌12 17英寸 笔记本电脑（16吉字节内存）,笔记本电脑,品牌12,17英寸,16吉字节内存,黑色,16*1*1,16,DK66D,莎拉,收货,上架
MoHc27WiWh,白色 品牌09 270 鼠标（有线）,鼠标,品牌09,270,有线,白色,16*10*1,160,AR22D,亚历克斯,收货,上架
MoHc35MeBl,黑色 品牌09 350 鼠标（机械式）,鼠标,品牌09,350,机械式,黑色,16*10*1,160,BM98D,简,收货,上架
PrNoA4MoGr,灰色 品牌26 四号纸 打印机（黑白）,打印机,品牌26,四号纸,黑白,灰色,16*1*1,16,CG87H,大卫,收货,上架
NoMuA5doWh,白色 品牌19 五号纸 笔记本（点阵）,笔记本,品牌19,五号纸,点阵,白色,48*10*5,2400,DK39C,劳拉,收货,上架
PrPHA2LaGr,灰色 品牌12 二号纸 打印机（激光）,打印机,品牌12,二号纸,激光,灰色,16*1*1,16,DY80E,艾米,收货,上架
AlOv17i5Gr,灰色 品牌13 17英寸 一体机（第5代处理器）,一体机,品牌13,17英寸,第5代处理器,灰色,16*1*1,16,BX73A,艾米丽,收货,上架
MoHc27BlNa,藏青色 品牌09 270 鼠标（蓝牙）,鼠标,品牌09,270,蓝牙,藏青色,16*10*1,160,DV72B,克里斯,收货,上架
GaSEMErWh,白色 品牌08 中号 游戏椅（人体工学）,游戏椅,品牌08,中号,人体工学,白色,16*1*1,16,BO96C,约翰,收货,上架
KeHc45MeBl,黑色 品牌09 450 键盘（机械式）,键盘,品牌09,450,机械式,黑色,16*10*1,160,DZ04F,艾米丽,收货,上架
GaAEMAdGr,灰色 品牌05 中号 游戏椅（可调节）,游戏椅,品牌05,中号,可调节,灰色,16*1*1,16,DR89D,约翰,收货,上架
PrPHA3MoWh,白色 品牌12 三号纸 打印机（黑白）,打印机,品牌12,三号纸,黑白,白色,16*1*1,16,DO08E,亚历克斯,收货,上架
AlRe17i7Gr,灰色 品牌14 17英寸 一体机（第7代处理器）,一体机,品牌14,17英寸,第7代处理器,灰色,16*1*1,16,CH76D,约翰,收货,上架
OfOGLAdBl,黑色 品牌07 大号 办公椅（可调节）,办公椅,品牌07,大号,可调节,黑色,16*1*1,16,DP34D,艾米丽,收货,上架
GaOGMHeWh,白色 品牌07 中号 游戏椅（头枕）,游戏椅,品牌07,中号,头枕,白色,16*1*1,16,BN24D,大卫,收货,上架
CuQE12SlGr,灰色 品牌01 1200 储物柜（滑动式）,储物柜,品牌01,1200,滑动式,灰色,8*1*1,8,AW91H,艾米,收货,上架
MoRe35WiPi,粉色 品牌10 350 鼠标（有线）,鼠标,品牌10,350,有线,粉色,16*10*1,160,AG65B,亚历克斯,收货,上架
LaOv14i5Bl,黑色 品牌13 14英寸 笔记本电脑（第5代处理器）,笔记本电脑,品牌13,14英寸,第5代处理器,黑色,16*1*1,16,DL43D,亚历克斯,收货,上架
GaOGMErBl,黑色 品牌07 中号 游戏椅（人体工学）,游戏椅,品牌07,中号,人体工学,黑色,16*1*1,16,AU32C,艾米丽,收货,上架
OfSESHeGr,灰色 品牌08 小号 办公椅（头枕）,办公椅,品牌08,小号,头枕,灰色,16*1*1,16,DV08F,莎拉,收货,上架
LaOv1732Si,银色 品牌13 17英寸 笔记本电脑（32吉字节内存）,笔记本电脑,品牌13,17英寸,32吉字节内存,银色,16*1*1,16,DO20A,艾米丽,收货,上架
CuWE18LoGr,灰色 品牌02 1800 储物柜（储物锁柜）,储物柜,品牌02,1800,储物锁柜,灰色,8*1*1,8,DY75B,莎拉,收货,上架
SPRe50HeGr,灰色 品牌22 50 触控笔（六角形）,触控笔,品牌22,50,六角形,灰色,48*10*5,2400,BX80D,迈克,收货,上架
KeRe45ErNa,藏青色 品牌10 450 键盘（人体工学）,键盘,品牌10,450,人体工学,藏青色,16*10*1,160,DM71C,亚历克斯,收货,上架
LaSu15i7Wh,白色 品牌11 15英寸 笔记本电脑（第7代处理器）,笔记本电脑,品牌11,15英寸,第7代处理器,白色,16*1*1,16,CK09C,莎拉,收货,上架
TaAE18WoSi,银色 品牌05 1800 桌子（工作站）,桌子,品牌05,1800,工作站,银色,8*1*1,8,DK42G,迈克,收货,上架
OfOGSErWh,白色 品牌07 小号 办公椅（人体工学）,办公椅,品牌07,小号,人体工学,白色,16*1*1,16,CY85F,莎拉,收货,上架
OfSELHeWh,白色 品牌08 大号 办公椅（头枕）,办公椅,品牌08,大号,头枕,白色,16*1*1,16,CK93G,亚历克斯,收货,上架
TVYn32SFSi,银色 品牌15 32英寸 电视机（超级全高清）,电视机,品牌15,32英寸,超级全高清,银色,8*1*1,8,CK13G,克里斯,收货,上架
GaSESLeBl,黑色 品牌08 小号 游戏椅（皮革）,游戏椅,品牌08,小号,皮革,黑色,16*1*1,16,BX25C,简,收货,上架
TVGn75S4Si,银色 品牌30 75英寸 电视机（超级超高清）,电视机,品牌30,75英寸,超级超高清,银色,8*1*1,8,BQ70A,艾米,收货,上架
GaSEMAdGr,灰色 品牌08 中号 游戏椅（可调节）,游戏椅,品牌08,中号,可调节,灰色,16*1*1,16,BF16A,迈克,收货,上架
KeHc27MeBl,黑色 品牌09 270 键盘（机械式）,键盘,品牌09,270,机械式,黑色,16*10*1,160,BO75H,约翰,收货,上架
PrNoA3WiMi,混合色 品牌26 三号纸 打印机（无线网络）,打印机,品牌26,三号纸,无线网络,混合色,16*1*1,16,DQ70G,艾米丽,收货,上架
CaTE18LoBe,米色 品牌04 1800 文件柜（储物锁柜）,文件柜,品牌04,1800,储物锁柜,米色,8*1*1,8,AY26C,约翰,收货,上架
AlSu17i5Wh,白色 品牌11 17英寸 一体机（第5代处理器）,一体机,品牌11,17英寸,第5代处理器,白色,16*1*1,16,BX76C,艾米丽,收货,上架
PrNoA4MoGr,灰色 品牌26 四号纸 打印机（黑白）,打印机,品牌26,四号纸,黑白,灰色,16*1*1,16,AW86F,迈克,收货,上架
TaTR15AdGr,灰色 品牌28 1500 桌子（可调节）,桌子,品牌28,1500,可调节,灰色,8*1*1,8,AH37D,简,收货,上架
LaPH17i5Gr,灰色 品牌12 17英寸 笔记本电脑（第5代处理器）,笔记本电脑,品牌12,17英寸,第5代处理器,灰色,16*1*1,16,BV32E,约翰,收货,上架
LaYn1716Gr,灰色 品牌15 17英寸 笔记本电脑（16吉字节内存）,笔记本电脑,品牌15,17英寸,16吉字节内存,灰色,16*1*1,16,CP64B,亚历克斯,收货,上架
GaXEMLeBl,黑色 品牌06 中号 游戏椅（皮革）,游戏椅,品牌06,中号,皮革,黑色,16*1*1,16,BY48C,劳拉,收货,上架
LaOv15i5Wh,白色 品牌13 15英寸 笔记本电脑（第5代处理器）,笔记本电脑,品牌13,15英寸,第5代处理器,白色,16*1*1,16,AQ73A,艾米丽,收货,上架
PrReA2AlGr,灰色 品牌24 二号纸 打印机（一体式）,打印机,品牌24,二号纸,一体式,灰色,16*1*1,16,CT49E,莎拉,收货,上架
MoSu27WiPi,粉色 品牌11 270 鼠标（有线）,鼠标,品牌11,270,有线,粉色,16*10*1,160,AP35C,迈克,收货,上架
SPRe24WaWh,白色 品牌22 24 触控笔（水彩）,触控笔,品牌22,24,水彩,白色,48*10*5,2400,DF56C,亚历克斯,收货,上架
TVEs75S4Bl,黑色 品牌32 75英寸 电视机（超级超高清）,电视机,品牌32,75英寸,超级超高清,黑色,8*1*1,8,AH98F,莎拉,收货,上架
MoSu35MePi,粉色 品牌11 350 鼠标（机械式）,鼠标,品牌11,350,机械式,粉色,16*10*1,160,AS24C,亚历克斯,收货,上架
MoRe35WiWh,白色 品牌10 350 鼠标（有线）,鼠标,品牌10,350,有线,白色,16*10*1,160,BW87E,亚历克斯,收货,上架
DrRG12SlWh,白色 品牌03 1200 抽屉柜（滑动式）,抽屉柜,品牌03,1200,滑动式,白色,8*1*1,8,BZ84H,简,收货,上架
KeRe27MeBl,黑色 品牌10 270 键盘（机械式）,键盘,品牌10,270,机械式,黑色,16*10*1,160,AQ98F,艾米,收货,上架
LaRe1716Gr,灰色 品牌14 17英寸 笔记本电脑（16吉字节内存）,笔记本电脑,品牌14,17英寸,16吉字节内存,灰色,16*1*1,16,AZ53E,莎拉,收货,上架
CuRG12FiWh,白色 品牌03 1200 储物柜（文件收纳）,储物柜,品牌03,1200,文件收纳,白色,8*1*1,8,DJ23F,劳拉,收货,上架
TVGL50FHWh,白色 品牌31 50英寸 电视机（全高清）,电视机,品牌31,50英寸,全高清,白色,8*1*1,8,CN97D,莎拉,收货,上架
PrNoA3MoMi,混合色 品牌26 三号纸 打印机（黑白）,打印机,品牌26,三号纸,黑白,混合色,16*1*1,16,AH80D,亚历克斯,收货,上架
DrWE18SlGr,灰色 品牌02 1800 抽屉柜（滑动式）,抽屉柜,品牌02,1800,滑动式,灰色,8*1*1,8,CV81F,克里斯,收货,上架
AlRe1732Wh,白色 品牌14 17英寸 一体机（32吉字节内存）,一体机,品牌14,17英寸,32吉字节内存,白色,16*1*1,16,AG97A,劳拉,收货,上架
OfXEMErWh,白色 品牌06 中号 办公椅（人体工学）,办公椅,品牌06,中号,人体工学,白色,16*1*1,16,AN75C,艾米丽,收货,上架
PeNa50WaPi,粉色 品牌23 50 铅笔（水彩）,铅笔,品牌23,50,水彩,粉色,48*10*5,2400,CM69D,迈克,收货,上架
GaOGSLeWh,白色 品牌07 小号 游戏椅（皮革）,游戏椅,品牌07,小号,皮革,白色,16*1*1,16,AX82C,艾米丽,收货,上架
TaAE15AdGr,灰色 品牌05 1500 桌子（可调节）,桌子,品牌05,1500,可调节,灰色,8*1*1,8,DJ08A,大卫,收货,上架
AlRe1716Wh,白色 品牌14 17英寸 一体机（16吉字节内存）,一体机,品牌14,17英寸,16吉字节内存,白色,16*1*1,16,DI60C,艾米丽,收货,上架
DrWE12DoBe,米色 品牌02 1200 抽屉柜（带门式）,抽屉柜,品牌02,1200,带门式,米色,8*1*1,8,DX30B,亚历克斯,收货,上架
PrSoA4AlBl,黑色 品牌25 四号纸 打印机（一体式）,打印机,品牌25,四号纸,一体式,黑色,16*1*1,16,DR46H,约翰,收货,上架
TVGn75S4Wh,白色 品牌30 75英寸 电视机（超级超高清）,电视机,品牌30,75英寸,超级超高清,白色,8*1*1,8,AW30H,亚历克斯,收货,上架
TaCI18FrGr,灰色 品牌27 1800 桌子（框架式）,桌子,品牌27,1800,框架式,灰色,8*1*1,8,DR91D,大卫,收货,上架
DrTE90SlBe,米色 品牌04 900 抽屉柜（滑动式）,抽屉柜,品牌04,900,滑动式,米色,8*1*1,8,CF58C,大卫,收货,上架
DrTE90LoWh,白色 品牌04 900 抽屉柜（储物锁柜）,抽屉柜,品牌04,900,储物锁柜,白色,8*1*1,8,BP35C,简,收货,上架
PeNa50SoPi,粉色 品牌23 50 铅笔（可溶性）,铅笔,品牌23,50,可溶性,粉色,48*10*5,2400,CG51D,亚历克斯,收货,上架
LaYn158GWh,白色 品牌15 15英寸 笔记本电脑（8吉字节内存）,笔记本电脑,品牌15,15英寸,8吉字节内存,白色,16*1*1,16,DN79D,迈克,收货,上架
CuQE18LoBl,黑色 品牌01 1800 储物柜（储物锁柜）,储物柜,品牌01,1800,储物锁柜,黑色,8*1*1,8,BR83H,克里斯,收货,上架
OfXEMAdBl,黑色 品牌06 中号 办公椅（可调节）,办公椅,品牌06,中号,可调节,黑色,16*1*1,16,AH42B,迈克,收货,上架
TVGL75FHSi,银色 品牌31 75英寸 电视机（全高清）,电视机,品牌31,75英寸,全高清,银色,8*1*1,8,DJ15E,迈克,收货,上架
KeHc35WiPi,粉色 品牌09 350 键盘（有线）,键盘,品牌09,350,有线,粉色,16*10*1,160,BN65F,劳拉,收货,上架
KeHc45ErNa,藏青色 品牌09 450 键盘（人体工学）,键盘,品牌09,450,人体工学,藏青色,16*10*1,160,AO31F,约翰,收货,上架
AlYn178GWh,白色 品牌15 17英寸 一体机（8吉字节内存）,一体机,品牌15,17英寸,8吉字节内存,白色,16*1*1,16,AM05E,迈克,收货,上架
TVEs75SFWh,白色 品牌32 75英寸 电视机（超级全高清）,电视机,品牌32,75英寸,超级全高清,白色,8*1*1,8,BW45D,亚历克斯,收货,上架
LaPH14i7Bl,黑色 品牌12 14英寸 笔记本电脑（第7代处理器）,笔记本电脑,品牌12,14英寸,第7代处理器,黑色,16*1*1,16,CT27A,约翰,收货,上架
MoRe27BlPi,粉色 品牌10 270 鼠标（蓝牙）,鼠标,品牌10,270,蓝牙,粉色,16*10*1,160,CW48E,简,收货,上架
GaSESAdPi,粉色 品牌08 小号 游戏椅（可调节）,游戏椅,品牌08,小号,可调节,粉色,16*1*1,16,CT47B,克里斯,收货,上架
OfSEMAdGr,灰色 品牌08 中号 办公椅（可调节）,办公椅,品牌08,中号,可调节,灰色,16*1*1,16,AW63E,简,收货,上架
PeRe50WaPi,粉色 品牌22 50 铅笔（水彩）,铅笔,品牌22,50,水彩,粉色,48*10*5,2400,BO59E,莎拉,收货,上架
TaAE15FrWh,白色 品牌05 1500 桌子（框架式）,桌子,品牌05,1500,框架式,白色,8*1*1,8,BK45E,简,收货,上架
AlPH1432Gr,灰色 品牌12 14英寸 一体机（32吉字节内存）,一体机,品牌12,14英寸,32吉字节内存,灰色,16*1*1,16,CL85D,克里斯,收货,上架
PrPHA3MoBl,黑色 品牌12 三号纸 打印机（黑白）,打印机,品牌12,三号纸,黑白,黑色,16*1*1,16,AX46F,莎拉,收货,上架
LaRe15i7Wh,白色 品牌14 15英寸 笔记本电脑（第7代处理器）,笔记本电脑,品牌14,15英寸,第7代处理器,白色,16*1*1,16,BK01C,简,收货,上架
CuWE18DoWh,白色 品牌02 1800 储物柜（带门式）,储物柜,品牌02,1800,带门式,白色,8*1*1,8,DW90F,约翰,收货,上架
DrRG12DoGr,灰色 品牌03 1200 抽屉柜（带门式）,抽屉柜,品牌03,1200,带门式,灰色,8*1*1,8,BS64G,艾米丽,收货,上架
TaTR18WoWh,白色 品牌29 1800 桌子（工作站）,桌子,品牌29,1800,工作站,白色,8*1*1,8,BR92E,克里斯,收货,上架
PrSoA3WiGr,灰色 品牌25 三号纸 打印机（无线网络）,打印机,品牌25,三号纸,无线网络,灰色,16*1*1,16,CI98F,约翰,收货,上架
TaTR18FrBl,黑色 品牌29 1800 桌子（框架式）,桌子,品牌29,1800,框架式,黑色,8*1*1,8,DU03F,迈克,收货,上架
AlYn15i7Gr,灰色 品牌15 15英寸 一体机（第7代处理器）,一体机,品牌15,15英寸,第7代处理器,灰色,16*1*1,16,AG52D,劳拉,收货,上架
CaTE18SlBe,米色 品牌04 1800 文件柜（滑动式）,文件柜,品牌04,1800,滑动式,米色,8*1*1,8,CU11E,迈克,收货,上架
SPGi24WaGr,灰色 品牌21 24 触控笔（水彩）,触控笔,品牌21,24,水彩,灰色,48*10*5,2400,DP94D,简,收货,上架
TVGL654KWh,白色 品牌31 65英寸 电视机（超高清）,电视机,品牌31,65英寸,超高清,白色,8*1*1,8,BY63H,艾米,收货,上架
OfSESHeGr,灰色 品牌08 小号 办公椅（头枕）,办公椅,品牌08,小号,头枕,灰色,16*1*1,16,DS03A,亚历克斯,收货,上架
GaSESErBl,黑色 品牌08 小号 游戏椅（人体工学）,游戏椅,品牌08,小号,人体工学,黑色,16*1*1,16,CR21H,大卫,收货,上架
AlYn158GGr,灰色 品牌15 15英寸 一体机（8吉字节内存）,一体机,品牌15,15英寸,8吉字节内存,灰色,16*1*1,16,BW68F,亚历克斯,收货,上架
SPAl50HeGr,灰色 品牌20 50 触控笔（六角形）,触控笔,品牌20,50,六角形,灰色,48*10*5,2400,AY64C,劳拉,收货,上架
PeNa12WaGr,灰色 品牌23 12 铅笔（水彩）,铅笔,品牌23,12,水彩,灰色,48*10*5,2400,DW57C,劳拉,收货,上架
CaQE90SlWh,白色 品牌01 900 文件柜（滑动式）,文件柜,品牌01,900,滑动式,白色,8*1*1,8,BF95B,艾米丽,收货,上架
CaTE12FiGr,灰色 品牌04 1200 文件柜（文件收纳）,文件柜,品牌04,1200,文件收纳,灰色,8*1*1,8,DS31B,迈克,收货,上架
CaQE12LoWh,白色 品牌01 1200 文件柜（储物锁柜）,文件柜,品牌01,1200,储物锁柜,白色,8*1*1,8,DZ91F,劳拉,收货,上架
PrReA2WiBl,黑色 品牌24 二号纸 打印机（无线网络）,打印机,品牌24,二号纸,无线网络,黑色,16*1*1,16,DH85E,艾米丽,收货,上架
AlOv1432Si,银色 品牌13 14英寸 一体机（32吉字节内存）,一体机,品牌13,14英寸,32吉字节内存,银色,16*1*1,16,BW65E,克里斯,收货,上架
TVYn324KSi,银色 品牌15 32英寸 电视机（超高清）,电视机,品牌15,32英寸,超高清,银色,8*1*1,8,CL47H,克里斯,收货,上架
AlRe1732Si,银色 品牌14 17英寸 一体机（32吉字节内存）,一体机,品牌14,17英寸,32吉字节内存,银色,16*1*1,16,AT33H,克里斯,收货,上架
CaRG12SlBe,米色 品牌03 1200 文件柜（滑动式）,文件柜,品牌03,1200,滑动式,米色,8*1*1,8,BL66A,克里斯,收货,上架
CaQE12DoWh,白色 品牌01 1200 文件柜（带门式）,文件柜,品牌01,1200,带门式,白色,8*1*1,8,DW43D,艾米,收货,上架
TVGL42S4Gr,灰色 品牌31 42英寸 电视机（超级超高清）,电视机,品牌31,42英寸,超级超高清,灰色,8*1*1,8,DY92G,艾米,收货,上架
SPRe12WaGr,灰色 品牌22 12 触控笔（水彩）,触控笔,品牌22,12,水彩,灰色,48*10*5,2400,AR03B,莎拉,收货,上架
SPNa50HeGr,灰色 品牌23 50 触控笔（六角形）,触控笔,品牌23,50,六角形,灰色,48*10*5,2400,CV29G,劳拉,收货,上架
DrTE90DoBe,米色 品牌04 900 抽屉柜（带门式）,抽屉柜,品牌04,900,带门式,米色,8*1*1,8,AQ41A,简,收货,上架
KePH27WiWh,白色 品牌12 270 键盘（有线）,键盘,品牌12,270,有线,白色,16*10*1,160,CM49B,迈克,收货,上架
KeRe35MeBl,黑色 品牌10 350 键盘（机械式）,键盘,品牌10,350,机械式,黑色,16*10*1,160,AG86E,约翰,收货,上架
AlPH148GBl,黑色 品牌12 14英寸 一体机（8吉字节内存）,一体机,品牌12,14英寸,8吉字节内存,黑色,16*1*1,16,AP50B,约翰,收货,上架
PrNoA4MoGr,灰色 品牌26 四号纸 打印机（黑白）,打印机,品牌26,四号纸,黑白,灰色,16*1*1,16,CT39G,简,收货,上架
TVGL654KBl,黑色 品牌31 65英寸 电视机（超高清）,电视机,品牌31,65英寸,超高清,黑色,8*1*1,8,CJ79D,劳拉,收货,上架
LaOv1532Gr,灰色 品牌13 15英寸 笔记本电脑（32吉字节内存）,笔记本电脑,品牌13,15英寸,32吉字节内存,灰色,16*1*1,16,BH60B,艾米,收货,上架
DrQE90FiBl,黑色 品牌01 900 抽屉柜（文件收纳）,抽屉柜,品牌01,900,文件收纳,黑色,8*1*1,8,CG87E,艾米,收货,上架
KeRe27MePi,粉色 品牌10 270 键盘（机械式）,键盘,品牌10,270,机械式,粉色,16*10*1,160,BQ78A,艾米丽,收货,上架
GaOGLHeGr,灰色 品牌07 大号 游戏椅（头枕）,游戏椅,品牌07,大号,头枕,灰色,16*1*1,16,CZ54G,艾米丽,收货,上架
OfOGMAdWh,白色 品牌07 中号 办公椅（可调节）,办公椅,品牌07,中号,可调节,白色,16*1*1,16,BU28C,劳拉,收货,上架
LaRe1716Wh,白色 品牌14 17英寸 笔记本电脑（16吉字节内存）,笔记本电脑,品牌14,17英寸,16吉字节内存,白色,16*1*1,16,CQ36G,简,收货,上架
TVEs65SFGr,灰色 品牌32 65英寸 电视机（超级全高清）,电视机,品牌32,65英寸,超级全高清,灰色,8*1*1,8,BK56A,迈克,收货,上架
PrPHA4InBl,黑色 品牌12 四号纸 打印机（喷墨）,打印机,品牌12,四号纸,喷墨,黑色,16*1*1,16,BN71F,大卫,收货,上架
DrTE18FiWh,白色 品牌04 1800 抽屉柜（文件收纳）,抽屉柜,品牌04,1800,文件收纳,白色,8*1*1,8,AF94E,约翰,收货,上架
TaCI15AdBl,黑色 品牌27 1500 桌子（可调节）,桌子,品牌27,1500,可调节,黑色,8*1*1,8,BW23F,劳拉,收货,上架
DrQE90DoBe,米色 品牌01 900 抽屉柜（带门式）,抽屉柜,品牌01,900,带门式,米色,8*1*1,8,BV60C,艾米丽,收货,上架
CaWE18SlBl,黑色 品牌02 1800 文件柜（滑动式）,文件柜,品牌02,1800,滑动式,黑色,8*1*1,8,BS22H,亚历克斯,收货,上架
GaOGSLeGr,灰色 品牌07 小号 游戏椅（皮革）,游戏椅,品牌07,小号,皮革,灰色,16*1*1,16,AQ05A,大卫,收货,上架
PrSoA2WiGr,灰色 品牌25 二号纸 打印机（无线网络）,打印机,品牌25,二号纸,无线网络,灰色,16*1*1,16,AL27G,简,收货,上架
NoMuA5ruWh,白色 品牌19 五号纸 笔记本（横线）,笔记本,品牌19,五号纸,横线,白色,48*10*5,2400,CJ62E,简,收货,上架
CaTE12FiBe,米色 品牌04 1200 文件柜（文件收纳）,文件柜,品牌04,1200,文件收纳,米色,8*1*1,8,BM94D,大卫,收货,上架
MoPH27MeBl,黑色 品牌12 270 鼠标（机械式）,鼠标,品牌12,270,机械式,黑色,16*10*1,160,AG98H,劳拉,收货,上架
KePH35MePi,粉色 品牌12 350 键盘（机械式）,键盘,品牌12,350,机械式,粉色,16*10*1,160,DY57B,亚历克斯,收货,上架
NoGrA3doBl,黑色 品牌18 三号纸 笔记本（点阵）,笔记本,品牌18,三号纸,点阵,黑色,48*10*5,2400,CQ54D,克里斯,收货,上架
MoHc45ErNa,藏青色 品牌09 450 鼠标（人体工学）,鼠标,品牌09,450,人体工学,藏青色,16*10*1,160,DR55A,约翰,收货,上架
TaTR10FrBl,黑色 品牌28 1000 桌子（框架式）,桌子,品牌28,1000,框架式,黑色,8*1*1,8,AX67E,大卫,收货,上架
AlSu14i5Gr,灰色 品牌11 14英寸 一体机（第5代处理器）,一体机,品牌11,14英寸,第5代处理器,灰色,16*1*1,16,DQ58F,大卫,收货,上架
CuQE12SlBl,黑色 品牌01 1200 储物柜（滑动式）,储物柜,品牌01,1200,滑动式,黑色,8*1*1,8,AP22F,约翰,收货,上架
PrReA2InGr,灰色 品牌24 二号纸 打印机（喷墨）,打印机,品牌24,二号纸,喷墨,灰色,16*1*1,16,CK07G,莎拉,收货,上架
PrPHA4MoMi,混合色 品牌12 四号纸 打印机（黑白）,打印机,品牌12,四号纸,黑白,混合色,16*1*1,16,DR07C,莎拉,收货,上架
LaRe17i5Gr,灰色 品牌14 17英寸 笔记本电脑（第5代处理器）,笔记本电脑,品牌14,17英寸,第5代处理器,灰色,16*1*1,16,BL88H,艾米,收货,上架
TaAE15WoBl,黑色 品牌05 1500 桌子（工作站）,桌子,品牌05,1500,工作站,黑色,8*1*1,8,CW05G,约翰,收货,上架
OfOGSErWh,白色 品牌07 小号 办公椅（人体工学）,办公椅,品牌07,小号,人体工学,白色,16*1*1,16,DS39F,亚历克斯,收货,上架
SPGi50WaGr,灰色 品牌21 50 触控笔（水彩）,触控笔,品牌21,50,水彩,灰色,48*10*5,2400,AP73A,克里斯,收货,上架
CuQE12FiBe,米色 品牌01 1200 储物柜（文件收纳）,储物柜,品牌01,1200,文件收纳,米色,8*1*1,8,AG78F,约翰,收货,上架
CaQE12FiBe,米色 品牌01 1200 文件柜（文件收纳）,文件柜,品牌01,1200,文件收纳,米色,8*1*1,8,DU20H,亚历克斯,收货,上架
TaTR10WoBl,黑色 品牌29 1000 桌子（工作站）,桌子,品牌29,1000,工作站,黑色,8*1*1,8,BW60D,劳拉,收货,上架
TVGL42S4Bl,黑色 品牌31 42英寸 电视机（超级超高清）,电视机,品牌31,42英寸,超级超高清,黑色,8*1*1,8,BZ38A,迈克,收货,上架
PrPHA4MoMi,混合色 品牌12 四号纸 打印机（黑白）,打印机,品牌12,四号纸,黑白,混合色,16*1*1,16,DO61C,艾米,收货,上架
NoMuA5doGr,灰色 品牌19 五号纸 笔记本（点阵）,笔记本,品牌19,五号纸,点阵,灰色,48*10*5,2400,BJ86D,迈克,收货,上架
PrNoA4MoMi,混合色 品牌26 四号纸 打印机（黑白）,打印机,品牌26,四号纸,黑白,混合色,16*1*1,16,DW54F,简,收货,上架
TVYn75FHBl,黑色 品牌15 75英寸 电视机（全高清）,电视机,品牌15,75英寸,全高清,黑色,8*1*1,8,CQ55H,亚历克斯,收货,上架
DrTE12FiBe,米色 品牌04 1200 抽屉柜（文件收纳）,抽屉柜,品牌04,1200,文件收纳,米色,8*1*1,8,BU96A,约翰,收货,上架
TVEs65FHWh,白色 品牌32 65英寸 电视机（全高清）,电视机,品牌32,65英寸,全高清,白色,8*1*1,8,CH77A,克里斯,收货,上架
AlOv14i5Si,银色 品牌13 14英寸 一体机（第5代处理器）,一体机,品牌13,14英寸,第5代处理器,银色,16*1*1,16,BO98B,莎拉,收货,上架
CaTE18LoGr,灰色 品牌04 1800 文件柜（储物锁柜）,文件柜,品牌04,1800,储物锁柜,灰色,8*1*1,8,CR41H,亚历克斯,收货,上架
OfSELAdGr,灰色 品牌08 大号 办公椅（可调节）,办公椅,品牌08,大号,可调节,灰色,16*1*1,16,CL17G,迈克,收货,上架
OfOGLAdPi,粉色 品牌07 大号 办公椅（可调节）,办公椅,品牌07,大号,可调节,粉色,16*1*1,16,BK59F,亚历克斯,收货,上架
PrReA2AlMi,混合色 品牌24 二号纸 打印机（一体式）,打印机,品牌24,二号纸,一体式,混合色,16*1*1,16,CR49F,简,收货,上架
LaYn178GWh,白色 品牌15 17英寸 笔记本电脑（8吉字节内存）,笔记本电脑,品牌15,17英寸,8吉字节内存,白色,16*1*1,16,BS57C,克里斯,收货,上架
AlOv158GSi,银色 品牌13 15英寸 一体机（8吉字节内存）,一体机,品牌13,15英寸,8吉字节内存,银色,16*1*1,16,AR60C,克里斯,收货,上架
PrPHA3InBl,黑色 品牌12 三号纸 打印机（喷墨）,打印机,品牌12,三号纸,喷墨,黑色,16*1*1,16,DI13B,约翰,收货,上架
AlSu148GBl,黑色 品牌11 14英寸 一体机（8吉字节内存）,一体机,品牌11,14英寸,8吉字节内存,黑色,16*1*1,16,DV91H,莎拉,收货,上架
TaAE10FrGr,灰色 品牌05 1000 桌子（框架式）,桌子,品牌05,1000,框架式,灰色,8*1*1,8,CT02G,艾米丽,收货,上架
LaRe1716Si,银色 品牌14 17英寸 笔记本电脑（16吉字节内存）,笔记本电脑,品牌14,17英寸,16吉字节内存,银色,16*1*1,16,CX16D,艾米,收货,上架
DrWE90SlBl,黑色 品牌02 900 抽屉柜（滑动式）,抽屉柜,品牌02,900,滑动式,黑色,8*1*1,8,CY43F,简,收货,上架
DrTE12LoBe,米色 品牌04 1200 抽屉柜（储物锁柜）,抽屉柜,品牌04,1200,储物锁柜,米色,8*1*1,8,DQ67G,约翰,收货,上架
GaOGSLeBl,黑色 品牌07 小号 游戏椅（皮革）,游戏椅,品牌07,小号,皮革,黑色,16*1*1,16,BH71G,约翰,收货,上架
PeAl12HeGr,灰色 品牌20 12 铅笔（六角形）,铅笔,品牌20,12,六角形,灰色,48*10*5,2400,AG42C,克里斯,收货,上架
MoRe35ErBl,黑色 品牌10 350 鼠标（人体工学）,鼠标,品牌10,350,人体工学,黑色,16*10*1,160,BF86D,简,收货,上架
CaQE90SlBe,米色 品牌01 900 文件柜（滑动式）,文件柜,品牌01,900,滑动式,米色,8*1*1,8,DL19E,艾米丽,收货,上架
TaAE18AdSi,银色 品牌05 1800 桌子（可调节）,桌子,品牌05,1800,可调节,银色,8*1*1,8,BK86C,简,收货,上架
TVGL42FHSi,银色 品牌31 42英寸 电视机（全高清）,电视机,品牌31,42英寸,全高清,银色,8*1*1,8,DU81B,克里斯,收货,上架
PrNoA4LaGr,灰色 品牌26 四号纸 打印机（激光）,打印机,品牌26,四号纸,激光,灰色,16*1*1,16,CV84A,劳拉,收货,上架
PrSoA2LaMi,混合色 品牌25 二号纸 打印机（激光）,打印机,品牌25,二号纸,激光,混合色,16*1*1,16,DS05E,克里斯,收货,上架
NoMuA3ruWh,白色 品牌19 三号纸 笔记本（横线）,笔记本,品牌19,三号纸,横线,白色,48*10*5,2400,BO64G,亚历克斯,收货,上架
PrPHA4LaWh,白色 品牌12 四号纸 打印机（激光）,打印机,品牌12,四号纸,激光,白色,16*1*1,16,AJ87F,克里斯,收货,上架
PrReA2AlBl,黑色 品牌24 二号纸 打印机（一体式）,打印机,品牌24,二号纸,一体式,黑色,16*1*1,16,BP80B,迈克,收货,上架
KeRe35ErNa,藏青色 品牌10 350 键盘（人体工学）,键盘,品牌10,350,人体工学,藏青色,16*10*1,160,CF36G,迈克,收货,上架
KeSu35WiWh,白色 品牌11 350 键盘（有线）,键盘,品牌11,350,有线,白色,16*10*1,160,DN96D,克里斯,收货,上架
SPRe12HeWh,白色 品牌22 12 触控笔（六角形）,触控笔,品牌22,12,六角形,白色,48*10*5,2400,DL71G,艾米,收货,上架
DrTE18FiBl,黑色 品牌04 1800 抽屉柜（文件收纳）,抽屉柜,品牌04,1800,文件收纳,黑色,8*1*1,8,DT94A,艾米丽,收货,上架
SPRe50WaGr,灰色 品牌22 50 触控笔（水彩）,触控笔,品牌22,50,水彩,灰色,48*10*5,2400,CH16H,简,收货,上架
OfSELHeGr,灰色 品牌08 大号 办公椅（头枕）,办公椅,品牌08,大号,头枕,灰色,16*1*1,16,CS89C,简,收货,上架
CaQE18SlGr,灰色 品牌01 1800 文件柜（滑动式）,文件柜,品牌01,1800,滑动式,灰色,8*1*1,8,BT90H,大卫,收货,上架
CaQE90SlGr,灰色 品牌01 900 文件柜（滑动式）,文件柜,品牌01,900,滑动式,灰色,8*1*1,8,CJ25F,艾米,收货,上架
OfAESErBl,黑色 品牌05 小号 办公椅（人体工学）,办公椅,品牌05,小号,人体工学,黑色,16*1*1,16,CP44B,艾米,收货,上架
LaYn1516Wh,白色 品牌15 15英寸 笔记本电脑（16吉字节内存）,笔记本电脑,品牌15,15英寸,16吉字节内存,白色,16*1*1,16,CJ27B,大卫,收货,上架
TaTR15AuGr,灰色 品牌28 1500 桌子（自动调节）,桌子,品牌28,1500,自动调节,灰色,8*1*1,8,AL03B,约翰,收货,上架
PrPHA3InMi,混合色 品牌12 三号纸 打印机（喷墨）,打印机,品牌12,三号纸,喷墨,混合色,16*1*1,16,AG19H,约翰,收货,上架
MoSu27BlWh,白色 品牌11 270 鼠标（蓝牙）,鼠标,品牌11,270,蓝牙,白色,16*10*1,160,DZ74F,艾米,收货,上架
LaOv14i7Gr,灰色 品牌13 14英寸 笔记本电脑（第7代处理器）,笔记本电脑,品牌13,14英寸,第7代处理器,灰色,16*1*1,16,DJ58D,莎拉,收货,上架
OfAESHeBl,黑色 品牌05 小号 办公椅（头枕）,办公椅,品牌05,小号,头枕,黑色,16*1*1,16,CJ53A,艾米丽,收货,上架
LaYn14i7Gr,灰色 品牌15 14英寸 笔记本电脑（第7代处理器）,笔记本电脑,品牌15,14英寸,第7代处理器,灰色,16*1*1,16,CW70G,劳拉,收货,上架
DrQE12SlGr,灰色 品牌01 1200 抽屉柜（滑动式）,抽屉柜,品牌01,1200,滑动式,灰色,8*1*1,8,BJ70G,亚历克斯,收货,上架
KeHc35ErPi,粉色 品牌09 350 键盘（人体工学）,键盘,品牌09,350,人体工学,粉色,16*10*1,160,AP17F,艾米丽,收货,上架
TVGL50SFGr,灰色 品牌31 50英寸 电视机（超级全高清）,电视机,品牌31,50英寸,超级全高清,灰色,8*1*1,8,AY73E,艾米丽,收货,上架
AlSu17i5Si,银色 品牌11 17英寸 一体机（第5代处理器）,一体机,品牌11,17英寸,第5代处理器,银色,16*1*1,16,CN92C,劳拉,收货,上架
CaQE90SlBe,米色 品牌01 900 文件柜（滑动式）,文件柜,品牌01,900,滑动式,米色,8*1*1,8,CI21A,大卫,收货,上架
TVEs75FHWh,白色 品牌32 75英寸 电视机（全高清）,电视机,品牌32,75英寸,全高清,白色,8*1*1,8,BV71D,亚历克斯,收货,上架
PeGi50WaGr,灰色 品牌21 50 铅笔（水彩）,铅笔,品牌21,50,水彩,灰色,48*10*5,2400,DF08A,克里斯,收货,上架
OfOGSLeWh,白色 品牌07 小号 办公椅（皮革）,办公椅,品牌07,小号,皮革,白色,16*1*1,16,DO16G,迈克,收货,上架
TaTR10FrGr,灰色 品牌29 1000 桌子（框架式）,桌子,品牌29,1000,框架式,灰色,8*1*1,8,BG73A,莎拉,收货,上架
PrSoA2InMi,混合色 品牌25 二号纸 打印机（喷墨）,打印机,品牌25,二号纸,喷墨,混合色,16*1*1,16,DN63A,艾米丽,收货,上架
TVGL42SFBl,黑色 品牌31 42英寸 电视机（超级全高清）,电视机,品牌31,42英寸,超级全高清,黑色,8*1*1,8,CH31H,大卫,收货,上架
NoScA5liBl,黑色 品牌17 五号纸 笔记本（线条）,笔记本,品牌17,五号纸,线条,黑色,48*10*5,2400,CR28B,简,收货,上架
OfOGLAdBl,黑色 品牌07 大号 办公椅（可调节）,办公椅,品牌07,大号,可调节,黑色,16*1*1,16,BF75F,迈克,收货,上架
AlRe1432Wh,白色 品牌14 14英寸 一体机（32吉字节内存）,一体机,品牌14,14英寸,32吉字节内存,白色,16*1*1,16,BH14H,亚历克斯,收货,上架
DrQE12SlGr,灰色 品牌01 1200 抽屉柜（滑动式）,抽屉柜,品牌01,1200,滑动式,灰色,8*1*1,8,DG55C,劳拉,收货,上架
PrPHA3InMi,混合色 品牌12 三号纸 打印机（喷墨）,打印机,品牌12,三号纸,喷墨,混合色,16*1*1,16,AY31F,莎拉,收货,上架
AlYn15i7Wh,白色 品牌15 15英寸 一体机（第7代处理器）,一体机,品牌15,15英寸,第7代处理器,白色,16*1*1,16,AH47D,艾米,收货,上架
DrQE90SlGr,灰色 品牌01 900 抽屉柜（滑动式）,抽屉柜,品牌01,900,滑动式,灰色,8*1*1,8,BM89E,艾米丽,收货,上架
MoRe45WiNa,藏青色 品牌10 450 鼠标（有线）,鼠标,品牌10,450,有线,藏青色,16*10*1,160,CY37B,亚历克斯,收货,上架
SPGi12HeBl,黑色 品牌21 12 触控笔（六角形）,触控笔,品牌21,12,六角形,黑色,48*10*5,2400,BX09D,艾米丽,收货,上架
DrRG90LoBl,黑色 品牌03 900 抽屉柜（储物锁柜）,抽屉柜,品牌03,900,储物锁柜,黑色,8*1*1,8,AJ06A,劳拉,收货,上架
KePH45BlPi,粉色 品牌12 450 键盘（蓝牙）,键盘,品牌12,450,蓝牙,粉色,16*10*1,160,DJ34A,莎拉,收货,上架
AlRe1432Bl,黑色 品牌14 14英寸 一体机（32吉字节内存）,一体机,品牌14,14英寸,32吉字节内存,黑色,16*1*1,16,AZ25G,亚历克斯,收货,上架
CuTE12LoBl,黑色 品牌04 1200 储物柜（储物锁柜）,储物柜,品牌04,1200,储物锁柜,黑色,8*1*1,8,AJ45D,艾米丽,收货,上架
PrReA4WiMi,混合色 品牌24 四号纸 打印机（无线网络）,打印机,品牌24,四号纸,无线网络,混合色,16*1*1,16,CG46B,约翰,收货,上架
AlOv17i5Si,银色 品牌13 17英寸 一体机（第5代处理器）,一体机,品牌13,17英寸,第5代处理器,银色,16*1*1,16,BZ48G,亚历克斯,收货,上架
SPNa24HeBl,黑色 品牌23 24 触控笔（六角形）,触控笔,品牌23,24,六角形,黑色,48*10*5,2400,BI11C,艾米丽,收货,上架
OfOGSAdPi,粉色 品牌07 小号 办公椅（可调节）,办公椅,品牌07,小号,可调节,粉色,16*1*1,16,AO19A,艾米丽,收货,上架
DrTE12SlGr,灰色 品牌04 1200 抽屉柜（滑动式）,抽屉柜,品牌04,1200,滑动式,灰色,8*1*1,8,AN17B,艾米丽,收货,上架
NoGrA5doBl,黑色 品牌18 五号纸 笔记本（点阵）,笔记本,品牌18,五号纸,点阵,黑色,48*10*5,2400,AR87D,迈克,收货,上架
CaRG18FiBl,黑色 品牌03 1800 文件柜（文件收纳）,文件柜,品牌03,1800,文件收纳,黑色,8*1*1,8,CP85C,艾米,收货,上架
OfAESErWh,白色 品牌05 小号 办公椅（人体工学）,办公椅,品牌05,小号,人体工学,白色,16*1*1,16,CN45C,劳拉,收货,上架
LaOv1532Bl,黑色 品牌13 15英寸 笔记本电脑（32吉字节内存）,笔记本电脑,品牌13,15英寸,32吉字节内存,黑色,16*1*1,16,AJ01B,迈克,收货,上架
LaRe15i5Gr,灰色 品牌14 15英寸 笔记本电脑（第5代处理器）,笔记本电脑,品牌14,15英寸,第5代处理器,灰色,16*1*1,16,AO46A,迈克,收货,上架
PrNoA3InWh,白色 品牌26 三号纸 打印机（喷墨）,打印机,品牌26,三号纸,喷墨,白色,16*1*1,16,BV85G,迈克,收货,上架
PrNoA2InMi,混合色 品牌26 二号纸 打印机（喷墨）,打印机,品牌26,二号纸,喷墨,混合色,16*1*1,16,BP22H,艾米丽,收货,上架
CuTE90DoWh,白色 品牌04 900 储物柜（带门式）,储物柜,品牌04,900,带门式,白色,8*1*1,8,DV81A,大卫,收货,上架
PeRe50SoWh,白色 品牌22 50 铅笔（可溶性）,铅笔,品牌22,50,可溶性,白色,48*10*5,2400,BN25B,莎拉,收货,上架
DrRG12SlBl,黑色 品牌03 1200 抽屉柜（滑动式）,抽屉柜,品牌03,1200,滑动式,黑色,8*1*1,8,DX71D,简,收货,上架
OfXEMAdWh,白色 品牌06 中号 办公椅（可调节）,办公椅,品牌06,中号,可调节,白色,16*1*1,16,DX38F,大卫,收货,上架
TaTR10AuBl,黑色 品牌28 1000 桌子（自动调节）,桌子,品牌28,1000,自动调节,黑色,8*1*1,8,CZ17G,迈克,收货,上架
CuQE18LoBe,米色 品牌01 1800 储物柜（储物锁柜）,储物柜,品牌01,1800,储物锁柜,米色,8*1*1,8,BV68F,约翰,收货,上架
TaAE15AuWh,白色 品牌05 1500 桌子（自动调节）,桌子,品牌05,1500,自动调节,白色,8*1*1,8,CR97B,大卫,收货,上架
OfSEMHeBl,黑色 品牌08 中号 办公椅（头枕）,办公椅,品牌08,中号,头枕,黑色,16*1*1,16,BI17A,大卫,收货,上架
TaCI18AdWh,白色 品牌27 1800 桌子（可调节）,桌子,品牌27,1800,可调节,白色,8*1*1,8,BS27D,莎拉,收货,上架
LaSu15i5Wh,白色 品牌11 15英寸 笔记本电脑（第5代处理器）,笔记本电脑,品牌11,15英寸,第5代处理器,白色,16*1*1,16,BK25D,亚历克斯,收货,上架
PeRe24HeBl,黑色 品牌22 24 铅笔（六角形）,铅笔,品牌22,24,六角形,黑色,48*10*5,2400,DW82D,劳拉,收货,上架
NoGrA5liGr,灰色 品牌18 五号纸 笔记本（线条）,笔记本,品牌18,五号纸,线条,灰色,48*10*5,2400,CN45D,莎拉,收货,上架
MoHc35BlBl,黑色 品牌09 350 鼠标（蓝牙）,鼠标,品牌09,350,蓝牙,黑色,16*10*1,160,DK67F,亚历克斯,收货,上架
GaSEMLeBl,黑色 品牌08 中号 游戏椅（皮革）,游戏椅,品牌08,中号,皮革,黑色,16*1*1,16,CG27G,克里斯,收货,上架
TaTR18AuWh,白色 品牌29 1800 桌子（自动调节）,桌子,品牌29,1800,自动调节,白色,8*1*1,8,DH95G,简,收货,上架
SPRe50HeGr,灰色 品牌22 50 触控笔（六角形）,触控笔,品牌22,50,六角形,灰色,48*10*5,2400,AV34H,艾米,收货,上架
DrWE18SlWh,白色 品牌02 1800 抽屉柜（滑动式）,抽屉柜,品牌02,1800,滑动式,白色,8*1*1,8,DJ73C,克里斯,收货,上架
MoHc27BlBl,黑色 品牌09 270 鼠标（蓝牙）,鼠标,品牌09,270,蓝牙,黑色,16*10*1,160,BW80A,艾米,收货,上架
AlRe1532Wh,白色 品牌14 15英寸 一体机（32吉字节内存）,一体机,品牌14,15英寸,32吉字节内存,白色,16*1*1,16,BN64D,迈克,收货,上架
AlYn1716Bl,黑色 品牌15 17英寸 一体机（16吉字节内存）,一体机,品牌15,17英寸,16吉字节内存,黑色,16*1*1,16,DT64G,克里斯,收货,上架
TaAE10FrBl,黑色 品牌05 1000 桌子（框架式）,桌子,品牌05,1000,框架式,黑色,8*1*1,8,BF27B,艾米丽,收货,上架
GaSEMAdWh,白色 品牌08 中号 游戏椅（可调节）,游戏椅,品牌08,中号,可调节,白色,16*1*1,16,CX81G,简,收货,上架
PrPHA3AlBl,黑色 品牌12 三号纸 打印机（一体式）,打印机,品牌12,三号纸,一体式,黑色,16*1*1,16,AP73C,约翰,收货,上架
TVEs504KBl,黑色 品牌32 50英寸 电视机（超高清）,电视机,品牌32,50英寸,超高清,黑色,8*1*1,8,DK06C,迈克,收货,上架
PeRe50HeBl,黑色 品牌22 50 铅笔（六角形）,铅笔,品牌22,50,六角形,黑色,48*10*5,2400,AN98E,大卫,收货,上架
TaCI18WoBl,黑色 品牌27 1800 桌子（工作站）,桌子,品牌27,1800,工作站,黑色,8*1*1,8,AX20E,莎拉,收货,上架
PrNoA3LaWh,白色 品牌26 三号纸 打印机（激光）,打印机,品牌26,三号纸,激光,白色,16*1*1,16,AM93D,亚历克斯,收货,上架
TaTR18AdGr,灰色 品牌29 1800 桌子（可调节）,桌子,品牌29,1800,可调节,灰色,8*1*1,8,AW20B,劳拉,收货,上架
MoRe27ErBl,黑色 品牌10 270 鼠标（人体工学）,鼠标,品牌10,270,人体工学,黑色,16*10*1,160,DM58H,莎拉,收货,上架
PrNoA3InBl,黑色 品牌26 三号纸 打印机（喷墨）,打印机,品牌26,三号纸,喷墨,黑色,16*1*1,16,DQ79A,莎拉,收货,上架
CuWE18LoWh,白色 品牌02 1800 储物柜（储物锁柜）,储物柜,品牌02,1800,储物锁柜,白色,8*1*1,8,DY10H,艾米,收货,上架
OfXESLePi,粉色 品牌06 小号 办公椅（皮革）,办公椅,品牌06,小号,皮革,粉色,16*1*1,16,DU54B,亚历克斯,收货,上架
DrTE12SlBe,米色 品牌04 1200 抽屉柜（滑动式）,抽屉柜,品牌04,1200,滑动式,米色,8*1*1,8,BM40B,克里斯,收货,上架
GaAEMLeGr,灰色 品牌05 中号 游戏椅（皮革）,游戏椅,品牌05,中号,皮革,灰色,16*1*1,16,CM57F,简,收货,上架
OfXELAdPi,粉色 品牌06 大号 办公椅（可调节）,办公椅,品牌06,大号,可调节,粉色,16*1*1,16,AG39A,劳拉,收货,上架
GaXESLeBl,黑色 品牌06 小号 游戏椅（皮革）,游戏椅,品牌06,小号,皮革,黑色,16*1*1,16,DR91H,亚历克斯,收货,上架
DrTE12DoBl,黑色 品牌04 1200 抽屉柜（带门式）,抽屉柜,品牌04,1200,带门式,黑色,8*1*1,8,BG29B,艾米丽,收货,上架
GaXEMErBl,黑色 品牌06 中号 游戏椅（人体工学）,游戏椅,品牌06,中号,人体工学,黑色,16*1*1,16,CO91D,亚历克斯,收货,上架
KeHc45MePi,粉色 品牌09 450 键盘（机械式）,键盘,品牌09,450,机械式,粉色,16*10*1,160,AJ75G,克里斯,收货,上架
NoScA3ruBl,黑色 品牌17 三号纸 笔记本（横线）,笔记本,品牌17,三号纸,横线,黑色,48*10*5,2400,DW25C,简,收货,上架
PeRe24SoPi,粉色 品牌22 24 铅笔（可溶性）,铅笔,品牌22,24,可溶性,粉色,48*10*5,2400,DM54H,大卫,收货,上架
OfXELLeGr,灰色 品牌06 大号 办公椅（皮革）,办公椅,品牌06,大号,皮革,灰色,16*1*1,16,BT30C,艾米丽,收货,上架
AlRe1432Bl,黑色 品牌14 14英寸 一体机（32吉字节内存）,一体机,品牌14,14英寸,32吉字节内存,黑色,16*1*1,16,DH96F,莎拉,收货,上架
PrSoA4AlGr,灰色 品牌25 四号纸 打印机（一体式）,打印机,品牌25,四号纸,一体式,灰色,16*1*1,16,DY49D,艾米丽,收货,上架
TaTR15WoWh,白色 品牌28 1500 桌子（工作站）,桌子,品牌28,1500,工作站,白色,8*1*1,8,BV95A,大卫,收货,上架
PrNoA3AlBl,黑色 品牌26 三号纸 打印机（一体式）,打印机,品牌26,三号纸,一体式,黑色,16*1*1,16,AF61C,约翰,收货,上架
CuTE90SlBl,黑色 品牌04 900 储物柜（滑动式）,储物柜,品牌04,900,滑动式,黑色,8*1*1,8,AP96E,迈克,收货,上架
AlRe14i7Gr,灰色 品牌14 14英寸 一体机（第7代处理器）,一体机,品牌14,14英寸,第7代处理器,灰色,16*1*1,16,AI26H,莎拉,收货,上架
GaSEMHePi,粉色 品牌08 中号 游戏椅（头枕）,游戏椅,品牌08,中号,头枕,粉色,16*1*1,16,BX68F,简,收货,上架
CuQE90DoGr,灰色 品牌01 900 储物柜（带门式）,储物柜,品牌01,900,带门式,灰色,8*1*1,8,BV53H,艾米,收货,上架
TVEs75SFBl,黑色 品牌32 75英寸 电视机（超级全高清）,电视机,品牌32,75英寸,超级全高清,黑色,8*1*1,8,AL14A,克里斯,收货,上架
PrPHA3AlBl,黑色 品牌12 三号纸 打印机（一体式）,打印机,品牌12,三号纸,一体式,黑色,16*1*1,16,AN88C,迈克,收货,上架
GaAESErPi,粉色 品牌05 小号 游戏椅（人体工学）,游戏椅,品牌05,小号,人体工学,粉色,16*1*1,16,BN78H,大卫,收货,上架
TaAE10AuSi,银色 品牌05 1000 桌子（自动调节）,桌子,品牌05,1000,自动调节,银色,8*1*1,8,CL18A,迈克,收货,上架
PeRe24WaGr,灰色 品牌22 24 铅笔（水彩）,铅笔,品牌22,24,水彩,灰色,48*10*5,2400,DO40G,艾米丽,收货,上架
PrNoA2AlWh,白色 品牌26 二号纸 打印机（一体式）,打印机,品牌26,二号纸,一体式,白色,16*1*1,16,BT67G,约翰,收货,上架
TVYn65S4Si,银色 品牌15 65英寸 电视机（超级超高清）,电视机,品牌15,65英寸,超级超高清,银色,8*1*1,8,AT31B,简,收货,上架
DrQE18LoBl,黑色 品牌01 1800 抽屉柜（储物锁柜）,抽屉柜,品牌01,1800,储物锁柜,黑色,8*1*1,8,CP77F,亚历克斯,收货,上架
AlYn17i7Bl,黑色 品牌15 17英寸 一体机（第7代处理器）,一体机,品牌15,17英寸,第7代处理器,黑色,16*1*1,16,DJ80H,大卫,收货,上架
LaYn1516Gr,灰色 品牌15 15英寸 笔记本电脑（16吉字节内存）,笔记本电脑,品牌15,15英寸,16吉字节内存,灰色,16*1*1,16,CY62B,艾米,收货,上架
CuRG18LoGr,灰色 品牌03 1800 储物柜（储物锁柜）,储物柜,品牌03,1800,储物锁柜,灰色,8*1*1,8,AW13E,大卫,收货,上架
LaYn1716Wh,白色 品牌15 17英寸 笔记本电脑（16吉字节内存）,笔记本电脑,品牌15,17英寸,16吉字节内存,白色,16*1*1,16,CZ70E,约翰,收货,上架
KeHc35WiPi,粉色 品牌09 350 键盘（有线）,键盘,品牌09,350,有线,粉色,16*10*1,160,CM13A,艾米,收货,上架
TVGL75FHGr,灰色 品牌31 75英寸 电视机（全高清）,电视机,品牌31,75英寸,全高清,灰色,8*1*1,8,DH93A,克里斯,收货,上架
KePH27ErWh,白色 品牌12 270 键盘（人体工学）,键盘,品牌12,270,人体工学,白色,16*10*1,160,AV82E,大卫,收货,上架
GaAELLeGr,灰色 品牌05 大号 游戏椅（皮革）,游戏椅,品牌05,大号,皮革,灰色,16*1*1,16,AG57D,艾米,收货,上架
AlOv178GWh,白色 品牌13 17英寸 一体机（8吉字节内存）,一体机,品牌13,17英寸,8吉字节内存,白色,16*1*1,16,AZ75C,艾米丽,收货,上架
DrRG18LoGr,灰色 品牌03 1800 抽屉柜（储物锁柜）,抽屉柜,品牌03,1800,储物锁柜,灰色,8*1*1,8,AV19A,简,收货,上架
MoRe35WiNa,藏青色 品牌10 350 鼠标（有线）,鼠标,品牌10,350,有线,藏青色,16*10*1,160,DP54A,艾米丽,收货,上架
CuRG90FiGr,灰色 品牌03 900 储物柜（文件收纳）,储物柜,品牌03,900,文件收纳,灰色,8*1*1,8,BM83B,艾米丽,收货,上架
DrWE18DoWh,白色 品牌02 1800 抽屉柜（带门式）,抽屉柜,品牌02,1800,带门式,白色,8*1*1,8,BY06C,亚历克斯,收货,上架
LaYn178GSi,银色 品牌15 17英寸 笔记本电脑（8吉字节内存）,笔记本电脑,品牌15,17英寸,8吉字节内存,银色,16*1*1,16,BM17F,迈克,收货,上架
TVEs65S4Bl,黑色 品牌32 65英寸 电视机（超级超高清）,电视机,品牌32,65英寸,超级超高清,黑色,8*1*1,8,AW47F,艾米,收货,上架
NoScA5ruBl,黑色 品牌17 五号纸 笔记本（横线）,笔记本,品牌17,五号纸,横线,黑色,48*10*5,2400,BQ91G,莎拉,收货,上架
OfXEMHePi,粉色 品牌06 中号 办公椅（头枕）,办公椅,品牌06,中号,头枕,粉色,16*1*1,16,CN45F,克里斯,收货,上架
TaTR18FrBl,黑色 品牌28 1800 桌子（框架式）,桌子,品牌28,1800,框架式,黑色,8*1*1,8,AM21D,莎拉,收货,上架
TaTR15WoGr,灰色 品牌29 1500 桌子（工作站）,桌子,品牌29,1500,工作站,灰色,8*1*1,8,DV88D,艾米,收货,上架
PrPHA3WiWh,白色 品牌12 三号纸 打印机（无线网络）,打印机,品牌12,三号纸,无线网络,白色,16*1*1,16,BG46A,艾米丽,收货,上架
PrNoA2AlGr,灰色 品牌26 二号纸 打印机（一体式）,打印机,品牌26,二号纸,一体式,灰色,16*1*1,16,AZ35A,简,收货,上架
TVYn654KGr,灰色 品牌15 65英寸 电视机（超高清）,电视机,品牌15,65英寸,超高清,灰色,8*1*1,8,AF83G,约翰,收货,上架
LaSu1416Bl,黑色 品牌11 14英寸 笔记本电脑（16吉字节内存）,笔记本电脑,品牌11,14英寸,16吉字节内存,黑色,16*1*1,16,DF65F,艾米,收货,上架
AlOv17i5Si,银色 品牌13 17英寸 一体机（第5代处理器）,一体机,品牌13,17英寸,第5代处理器,银色,16*1*1,16,AF52F,艾米丽,收货,上架
SPAl24WaGr,灰色 品牌20 24 触控笔（水彩）,触控笔,品牌20,24,水彩,灰色,48*10*5,2400,CQ97E,克里斯,收货,上架
DrRG90LoWh,白色 品牌03 900 抽屉柜（储物锁柜）,抽屉柜,品牌03,900,储物锁柜,白色,8*1*1,8,BT65E,亚历克斯,收货,上架
GaSELLeGr,灰色 品牌08 大号 游戏椅（皮革）,游戏椅,品牌08,大号,皮革,灰色,16*1*1,16,AR17G,大卫,收货,上架
TaTR10AdBl,黑色 品牌28 1000 桌子（可调节）,桌子,品牌28,1000,可调节,黑色,8*1*1,8,DP36F,迈克,收货,上架
AlRe15i7Wh,白色 品牌14 15英寸 一体机（第7代处理器）,一体机,品牌14,15英寸,第7代处理器,白色,16*1*1,16,CM40B,艾米丽,收货,上架
MoPH27WiWh,白色 品牌12 270 鼠标（有线）,鼠标,品牌12,270,有线,白色,16*10*1,160,BJ26C,简,收货,上架
MoHc35MeNa,藏青色 品牌09 350 鼠标（机械式）,鼠标,品牌09,350,机械式,藏青色,16*10*1,160,BT78G,劳拉,收货,上架
KeRe27MePi,粉色 品牌10 270 键盘（机械式）,键盘,品牌10,270,机械式,粉色,16*10*1,160,DJ25E,克里斯,收货,上架
LaSu1732Bl,黑色 品牌11 17英寸 笔记本电脑（32吉字节内存）,笔记本电脑,品牌11,17英寸,32吉字节内存,黑色,16*1*1,16,AU47B,大卫,收货,上架
NoGrA5ruWh,白色 品牌18 五号纸 笔记本（横线）,笔记本,品牌18,五号纸,横线,白色,48*10*5,2400,BP74A,克里斯,收货,上架
PrReA4AlGr,灰色 品牌24 四号纸 打印机（一体式）,打印机,品牌24,四号纸,一体式,灰色,16*1*1,16,BS61G,迈克,收货,上架
KeHc35WiBl,黑色 品牌09 350 键盘（有线）,键盘,品牌09,350,有线,黑色,16*10*1,160,BM96H,艾米,收货,上架
KeRe35ErBl,黑色 品牌10 350 键盘（人体工学）,键盘,品牌10,350,人体工学,黑色,16*10*1,160,AG24F,简,收货,上架
NoMuA3doBl,黑色 品牌19 三号纸 笔记本（点阵）,笔记本,品牌19,三号纸,点阵,黑色,48*10*5,2400,AV81H,克里斯,收货,上架
CaRG12SlGr,灰色 品牌03 1200 文件柜（滑动式）,文件柜,品牌03,1200,滑动式,灰色,8*1*1,8,CX54A,莎拉,收货,上架
AlPH1516Bl,黑色 品牌12 15英寸 一体机（16吉字节内存）,一体机,品牌12,15英寸,16吉字节内存,黑色,16*1*1,16,AW38A,迈克,收货,上架
AlRe1516Gr,灰色 品牌14 15英寸 一体机（16吉字节内存）,一体机,品牌14,15英寸,16吉字节内存,灰色,16*1*1,16,CY90E,莎拉,收货,上架
PeNa24SoBl,黑色 品牌23 24 铅笔（可溶性）,铅笔,品牌23,24,可溶性,黑色,48*10*5,2400,DL79F,亚历克斯,收货,上架
CaTE12SlBe,米色 品牌04 1200 文件柜（滑动式）,文件柜,品牌04,1200,滑动式,米色,8*1*1,8,AN51E,艾米,收货,上架
OfXEMLePi,粉色 品牌06 中号 办公椅（皮革）,办公椅,品牌06,中号,皮革,粉色,16*1*1,16,CY44C,大卫,收货,上架
AlOv17i5Bl,黑色 品牌13 17英寸 一体机（第5代处理器）,一体机,品牌13,17英寸,第5代处理器,黑色,16*1*1,16,CL96E,克里斯,收货,上架
AlSu1432Wh,白色 品牌11 14英寸 一体机（32吉字节内存）,一体机,品牌11,14英寸,32吉字节内存,白色,16*1*1,16,BR87D,艾米,收货,上架
AlOv1732Bl,黑色 品牌13 17英寸 一体机（32吉字节内存）,一体机,品牌13,17英寸,32吉字节内存,黑色,16*1*1,16,BQ18B,艾米,收货,上架
NoScA5ruWh,白色 品牌17 五号纸 笔记本（横线）,笔记本,品牌17,五号纸,横线,白色,48*10*5,2400,CL06B,约翰,收货,上架
TVEs42SFSi,银色 品牌32 42英寸 电视机（超级全高清）,电视机,品牌32,42英寸,超级全高清,银色,8*1*1,8,BJ06G,艾米丽,收货,上架
LaPH1416Si,银色 品牌12 14英寸 笔记本电脑（16吉字节内存）,笔记本电脑,品牌12,14英寸,16吉字节内存,银色,16*1*1,16,DV22D,迈克,收货,上架
TVEs75SFWh,白色 品牌32 75英寸 电视机（超级全高清）,电视机,品牌32,75英寸,超级全高清,白色,8*1*1,8,AS40A,迈克,收货,上架
CuTE90SlWh,白色 品牌04 900 储物柜（滑动式）,储物柜,品牌04,900,滑动式,白色,8*1*1,8,DG79E,亚历克斯,收货,上架
LaPH14i7Wh,白色 品牌12 14英寸 笔记本电脑（第7代处理器）,笔记本电脑,品牌12,14英寸,第7代处理器,白色,16*1*1,16,DL73A,艾米丽,收货,上架
AlSu1516Si,银色 品牌11 15英寸 一体机（16吉字节内存）,一体机,品牌11,15英寸,16吉字节内存,银色,16*1*1,16,AG67C,大卫,收货,上架
CaWE90SlGr,灰色 品牌02 900 文件柜（滑动式）,文件柜,品牌02,900,滑动式,灰色,8*1*1,8,DX29G,艾米丽,收货,上架
LaRe17i5Gr,灰色 品牌14 17英寸 笔记本电脑（第5代处理器）,笔记本电脑,品牌14,17英寸,第5代处理器,灰色,16*1*1,16,CK04H,约翰,收货,上架
LaPH1732Wh,白色 品牌12 17英寸 笔记本电脑（32吉字节内存）,笔记本电脑,品牌12,17英寸,32吉字节内存,白色,16*1*1,16,BN45E,劳拉,收货,上架
CuQE18FiBe,米色 品牌01 1800 储物柜（文件收纳）,储物柜,品牌01,1800,文件收纳,米色,8*1*1,8,DG07G,大卫,收货,上架
DrRG12SlBe,米色 品牌03 1200 抽屉柜（滑动式）,抽屉柜,品牌03,1200,滑动式,米色,8*1*1,8,CS61B,克里斯,收货,上架
PrNoA3InGr,灰色 品牌26 三号纸 打印机（喷墨）,打印机,品牌26,三号纸,喷墨,灰色,16*1*1,16,AO77D,克里斯,收货,上架
CuRG18SlBl,黑色 品牌03 1800 储物柜（滑动式）,储物柜,品牌03,1800,滑动式,黑色,8*1*1,8,BH84C,克里斯,收货,上架
CuRG12SlGr,灰色 品牌03 1200 储物柜（滑动式）,储物柜,品牌03,1200,滑动式,灰色,8*1*1,8,AX39F,亚历克斯,收货,上架
DrQE18SlGr,灰色 品牌01 1800 抽屉柜（滑动式）,抽屉柜,品牌01,1800,滑动式,灰色,8*1*1,8,DL30G,亚历克斯,收货,上架
PeRe50WaBl,黑色 品牌22 50 铅笔（水彩）,铅笔,品牌22,50,水彩,黑色,48*10*5,2400,AT15A,艾米丽,收货,上架
SPNa24SoGr,灰色 品牌23 24 触控笔（可溶性）,触控笔,品牌23,24,可溶性,灰色,48*10*5,2400,BW47D,迈克,收货,上架
PrNoA3InWh,白色 品牌26 三号纸 打印机（喷墨）,打印机,品牌26,三号纸,喷墨,白色,16*1*1,16,BQ32H,艾米,收货,上架
PrPHA2InMi,混合色 品牌12 二号纸 打印机（喷墨）,打印机,品牌12,二号纸,喷墨,混合色,16*1*1,16,AQ92E,亚历克斯,收货,上架
LaSu1532Gr,灰色 品牌11 15英寸 笔记本电脑（32吉字节内存）,笔记本电脑,品牌11,15英寸,32吉字节内存,灰色,16*1*1,16,DV27C,迈克,收货,上架
LaOv14i7Gr,灰色 品牌13 14英寸 笔记本电脑（第7代处理器）,笔记本电脑,品牌13,14英寸,第7代处理器,灰色,16*1*1,16,AX27B,大卫,收货,上架
DrRG90SlBl,黑色 品牌03 900 抽屉柜（滑动式）,抽屉柜,品牌03,900,滑动式,黑色,8*1*1,8,CL81A,克里斯,收货,上架
KeRe45ErWh,白色 品牌10 450 键盘（人体工学）,键盘,品牌10,450,人体工学,白色,16*10*1,160,AT52B,大卫,收货,上架
KeHc45ErNa,藏青色 品牌09 450 键盘（人体工学）,键盘,品牌09,450,人体工学,藏青色,16*10*1,160,BT50C,艾米,收货,上架
OfAELHeGr,灰色 品牌05 大号 办公椅（头枕）,办公椅,品牌05,大号,头枕,灰色,16*1*1,16,BW72F,莎拉,收货,上架
OfOGLAdPi,粉色 品牌07 大号 办公椅（可调节）,办公椅,品牌07,大号,可调节,粉色,16*1*1,16,DN42F,艾米丽,收货,上架
GaXEMAdWh,白色 品牌06 中号 游戏椅（可调节）,游戏椅,品牌06,中号,可调节,白色,16*1*1,16,BR69H,艾米,收货,上架
CaRG90FiBl,黑色 品牌03 900 文件柜（文件收纳）,文件柜,品牌03,900,文件收纳,黑色,8*1*1,8,DI17E,克里斯,收货,上架
NoMuA4liWh,白色 品牌19 四号纸 笔记本（线条）,笔记本,品牌19,四号纸,线条,白色,48*10*5,2400,DL03B,约翰,收货,上架
PrReA3MoWh,白色 品牌24 三号纸 打印机（黑白）,打印机,品牌24,三号纸,黑白,白色,16*1*1,16,DV77E,克里斯,收货,上架
AlYn15i5Gr,灰色 品牌15 15英寸 一体机（第5代处理器）,一体机,品牌15,15英寸,第5代处理器,灰色,16*1*1,16,BH39G,大卫,收货,上架
DrRG12SlBe,米色 品牌03 1200 抽屉柜（滑动式）,抽屉柜,品牌03,1200,滑动式,米色,8*1*1,8,BO77F,艾米丽,收货,上架
PrSoA2InWh,白色 品牌25 二号纸 打印机（喷墨）,打印机,品牌25,二号纸,喷墨,白色,16*1*1,16,CY16B,迈克,收货,上架
LaRe148GGr,灰色 品牌14 14英寸 笔记本电脑（8吉字节内存）,笔记本电脑,品牌14,14英寸,8吉字节内存,灰色,16*1*1,16,BU69C,亚历克斯,收货,上架
CuQE18FiBe,米色 品牌01 1800 储物柜（文件收纳）,储物柜,品牌01,1800,文件收纳,米色,8*1*1,8,BK92G,亚历克斯,收货,上架
LaOv148GGr,灰色 品牌13 14英寸 笔记本电脑（8吉字节内存）,笔记本电脑,品牌13,14英寸,8吉字节内存,灰色,16*1*1,16,CR96E,莎拉,收货,上架
MoPH45WiWh,白色 品牌12 450 鼠标（有线）,鼠标,品牌12,450,有线,白色,16*10*1,160,BN13B,大卫,收货,上架
TaCI18WoWh,白色 品牌27 1800 桌子（工作站）,桌子,品牌27,1800,工作站,白色,8*1*1,8,CP92G,劳拉,收货,上架
GaSESHeGr,灰色 品牌08 小号 游戏椅（头枕）,游戏椅,品牌08,小号,头枕,灰色,16*1*1,16,AS83H,亚历克斯,收货,上架
LaRe15i5Gr,灰色 品牌14 15英寸 笔记本电脑（第5代处理器）,笔记本电脑,品牌14,15英寸,第5代处理器,灰色,16*1*1,16,BT28C,艾米,收货,上架
DrQE12FiBl,黑色 品牌01 1200 抽屉柜（文件收纳）,抽屉柜,品牌01,1200,文件收纳,黑色,8*1*1,8,DQ18H,大卫,收货,上架
CaQE90FiWh,白色 品牌01 900 文件柜（文件收纳）,文件柜,品牌01,900,文件收纳,白色,8*1*1,8,BS57F,劳拉,收货,上架
DrRG90FiBe,米色 品牌03 900 抽屉柜（文件收纳）,抽屉柜,品牌03,900,文件收纳,米色,8*1*1,8,AU14B,迈克,收货,上架
DrWE18DoWh,白色 品牌02 1800 抽屉柜（带门式）,抽屉柜,品牌02,1800,带门式,白色,8*1*1,8,DS89F,艾米,收货,上架
PeRe12SoBl,黑色 品牌22 12 铅笔（可溶性）,铅笔,品牌22,12,可溶性,黑色,48*10*5,2400,DO26D,约翰,收货,上架
PrSoA2MoGr,灰色 品牌25 二号纸 打印机（黑白）,打印机,品牌25,二号纸,黑白,灰色,16*1*1,16,CX87B,艾米,收货,上架
KeRe45ErBl,黑色 品牌10 450 键盘（人体工学）,键盘,品牌10,450,人体工学,黑色,16*10*1,160,AQ16F,简,收货,上架
CaWE90FiBe,米色 品牌02 900 文件柜（文件收纳）,文件柜,品牌02,900,文件收纳,米色,8*1*1,8,CJ58D,莎拉,收货,上架
CuWE18LoWh,白色 品牌02 1800 储物柜（储物锁柜）,储物柜,品牌02,1800,储物锁柜,白色,8*1*1,8,AK34E,大卫,收货,上架
SPNa50HePi,粉色 品牌23 50 触控笔（六角形）,触控笔,品牌23,50,六角形,粉色,48*10*5,2400,BS93A,克里斯,收货,上架
GaOGLErBl,黑色 品牌07 大号 游戏椅（人体工学）,游戏椅,品牌07,大号,人体工学,黑色,16*1*1,16,AF72D,克里斯,收货,上架
AlRe158GWh,白色 品牌14 15英寸 一体机（8吉字节内存）,一体机,品牌14,15英寸,8吉字节内存,白色,16*1*1,16,DQ25E,约翰,收货,上架
AlYn17i5Si,银色 品牌15 17英寸 一体机（第5代处理器）,一体机,品牌15,17英寸,第5代处理器,银色,16*1*1,16,BP48G,艾米,收货,上架
LaPH17i7Gr,灰色 品牌12 17英寸 笔记本电脑（第7代处理器）,笔记本电脑,品牌12,17英寸,第7代处理器,灰色,16*1*1,16,BH48F,约翰,收货,上架
TVGL75S4Gr,灰色 品牌31 75英寸 电视机（超级超高清）,电视机,品牌31,75英寸,超级超高清,灰色,8*1*1,8,DV15D,莎拉,收货,上架
AlOv1416Wh,白色 品牌13 14英寸 一体机（16吉字节内存）,一体机,品牌13,14英寸,16吉字节内存,白色,16*1*1,16,BJ74E,约翰,收货,上架
KeHc27WiWh,白色 品牌09 270 键盘（有线）,键盘,品牌09,270,有线,白色,16*10*1,160,CY19D,艾米,收货,上架
GaAESHeWh,白色 品牌05 小号 游戏椅（头枕）,游戏椅,品牌05,小号,头枕,白色,16*1*1,16,DW28A,大卫,收货,上架
TVGn42SFBl,黑色 品牌30 42英寸 电视机（超级全高清）,电视机,品牌30,42英寸,超级全高清,黑色,8*1*1,8,DG43A,迈克,收货,上架
MoHc45ErBl,黑色 品牌09 450 鼠标（人体工学）,鼠标,品牌09,450,人体工学,黑色,16*10*1,160,DG93D,大卫,收货,上架
SPAl50WaGr,灰色 品牌20 50 触控笔（水彩）,触控笔,品牌20,50,水彩,灰色,48*10*5,2400,DM67F,艾米丽,收货,上架
CuWE90SlBl,黑色 品牌02 900 储物柜（滑动式）,储物柜,品牌02,900,滑动式,黑色,8*1*1,8,BM01F,亚历克斯,收货,上架
TaCI18AdWh,白色 品牌27 1800 桌子（可调节）,桌子,品牌27,1800,可调节,白色,8*1*1,8,DJ85A,大卫,收货,上架
LaRe14i5Gr,灰色 品牌14 14英寸 笔记本电脑（第5代处理器）,笔记本电脑,品牌14,14英寸,第5代处理器,灰色,16*1*1,16,CK05E,亚历克斯,收货,上架
DrWE18LoBe,米色 品牌02 1800 抽屉柜（储物锁柜）,抽屉柜,品牌02,1800,储物锁柜,米色,8*1*1,8,AY11C,艾米丽,收货,上架
TaCI15AdSi,银色 品牌27 1500 桌子（可调节）,桌子,品牌27,1500,可调节,银色,8*1*1,8,BZ51H,简,收货,上架
LaRe17i5Wh,白色 品牌14 17英寸 笔记本电脑（第5代处理器）,笔记本电脑,品牌14,17英寸,第5代处理器,白色,16*1*1,16,DF83C,莎拉,收货,上架
LaOv15i7Si,银色 品牌13 15英寸 笔记本电脑（第7代处理器）,笔记本电脑,品牌13,15英寸,第7代处理器,银色,16*1*1,16,CF61H,劳拉,收货,上架
DrTE18FiGr,灰色 品牌04 1800 抽屉柜（文件收纳）,抽屉柜,品牌04,1800,文件收纳,灰色,8*1*1,8,DU80E,大卫,收货,上架
GaOGMHeWh,白色 品牌07 中号 游戏椅（头枕）,游戏椅,品牌07,中号,头枕,白色,16*1*1,16,DJ85C,艾米,收货,上架
PrSoA3MoWh,白色 品牌25 三号纸 打印机（黑白）,打印机,品牌25,三号纸,黑白,白色,16*1*1,16,DH39B,莎拉,收货,上架
TaAE18AdSi,银色 品牌05 1800 桌子（可调节）,桌子,品牌05,1800,可调节,银色,8*1*1,8,DV38B,劳拉,收货,上架
AlSu14i5Bl,黑色 品牌11 14英寸 一体机（第5代处理器）,一体机,品牌11,14英寸,第5代处理器,黑色,16*1*1,16,BP97E,大卫,收货,上架
LaRe17i5Wh,白色 品牌14 17英寸 笔记本电脑（第5代处理器）,笔记本电脑,品牌14,17英寸,第5代处理器,白色,16*1*1,16,DT26D,迈克,收货,上架
DrWE90SlGr,灰色 品牌02 900 抽屉柜（滑动式）,抽屉柜,品牌02,900,滑动式,灰色,8*1*1,8,DX31H,简,收货,上架
DrWE90FiBe,米色 品牌02 900 抽屉柜（文件收纳）,抽屉柜,品牌02,900,文件收纳,米色,8*1*1,8,CU54H,劳拉,收货,上架
PeRe50SoWh,白色 品牌22 50 铅笔（可溶性）,铅笔,品牌22,50,可溶性,白色,48*10*5,2400,CT86F,简,收货,上架
AlRe15i7Bl,黑色 品牌14 15英寸 一体机（第7代处理器）,一体机,品牌14,15英寸,第7代处理器,黑色,16*1*1,16,AT42A,莎拉,收货,上架
AlRe14i7Bl,黑色 品牌14 14英寸 一体机（第7代处理器）,一体机,品牌14,14英寸,第7代处理器,黑色,16*1*1,16,BI62A,劳拉,收货,上架
CuTE18LoWh,白色 品牌04 1800 储物柜（储物锁柜）,储物柜,品牌04,1800,储物锁柜,白色,8*1*1,8,BY16H,劳拉,收货,上架
TVGn50SFGr,灰色 品牌30 50英寸 电视机（超级全高清）,电视机,品牌30,50英寸,超级全高清,灰色,8*1*1,8,BQ91B,简,收货,上架
LaSu15i7Gr,灰色 品牌11 15英寸 笔记本电脑（第7代处理器）,笔记本电脑,品牌11,15英寸,第7代处理器,灰色,16*1*1,16,CT58G,大卫,收货,上架
LaSu158GWh,白色 品牌11 15英寸 笔记本电脑（8吉字节内存）,笔记本电脑,品牌11,15英寸,8吉字节内存,白色,16*1*1,16,DQ57F,简,收货,上架
MoHc35ErWh,白色 品牌09 350 鼠标（人体工学）,鼠标,品牌09,350,人体工学,白色,16*10*1,160,BR71H,迈克,收货,上架
LaPH158GSi,银色 品牌12 15英寸 笔记本电脑（8吉字节内存）,笔记本电脑,品牌12,15英寸,8吉字节内存,银色,16*1*1,16,AR48E,约翰,收货,上架
CaQE12FiGr,灰色 品牌01 1200 文件柜（文件收纳）,文件柜,品牌01,1200,文件收纳,灰色,8*1*1,8,CI07E,大卫,收货,上架
LaRe1416Bl,黑色 品牌14 14英寸 笔记本电脑（16吉字节内存）,笔记本电脑,品牌14,14英寸,16吉字节内存,黑色,16*1*1,16,DO50E,迈克,收货,上架
KeHc35ErBl,黑色 品牌09 350 键盘（人体工学）,键盘,品牌09,350,人体工学,黑色,16*10*1,160,CS41E,亚历克斯,收货,上架
KeRe27ErPi,粉色 品牌10 270 键盘（人体工学）,键盘,品牌10,270,人体工学,粉色,16*10*1,160,CJ95F,艾米,收货,上架
LaRe1716Wh,白色 品牌14 17英寸 笔记本电脑（16吉字节内存）,笔记本电脑,品牌14,17英寸,16吉字节内存,白色,16*1*1,16,BN61F,简,收货,上架
LaRe17i5Gr,灰色 品牌14 17英寸 笔记本电脑（第5代处理器）,笔记本电脑,品牌14,17英寸,第5代处理器,灰色,16*1*1,16,CR27B,艾米丽,收货,上架
SPRe12HeGr,灰色 品牌22 12 触控笔（六角形）,触控笔,品牌22,12,六角形,灰色,48*10*5,2400,CX72H,艾米,收货,上架
PeRe12SoBl,黑色 品牌22 12 铅笔（可溶性）,铅笔,品牌22,12,可溶性,黑色,48*10*5,2400,CF30B,艾米,收货,上架
KePH35MeNa,藏青色 品牌12 350 键盘（机械式）,键盘,品牌12,350,机械式,藏青色,16*10*1,160,AK98F,约翰,收货,上架
PrReA2WiWh,白色 品牌24 二号纸 打印机（无线网络）,打印机,品牌24,二号纸,无线网络,白色,16*1*1,16,CP64F,艾米,收货,上架
AlPH17i7Bl,黑色 品牌12 17英寸 一体机（第7代处理器）,一体机,品牌12,17英寸,第7代处理器,黑色,16*1*1,16,BF29F,克里斯,收货,上架
OfXELErPi,粉色 品牌06 大号 办公椅（人体工学）,办公椅,品牌06,大号,人体工学,粉色,16*1*1,16,BL11E,大卫,收货,上架
PrReA4WiGr,灰色 品牌24 四号纸 打印机（无线网络）,打印机,品牌24,四号纸,无线网络,灰色,16*1*1,16,AZ74A,劳拉,收货,上架
CaQE12LoBe,米色 品牌01 1200 文件柜（储物锁柜）,文件柜,品牌01,1200,储物锁柜,米色,8*1*1,8,BJ08H,克里斯,收货,上架
GaAESHeBl,黑色 品牌05 小号 游戏椅（头枕）,游戏椅,品牌05,小号,头枕,黑色,16*1*1,16,BI84E,亚历克斯,收货,上架
OfOGLLeGr,灰色 品牌07 大号 办公椅（皮革）,办公椅,品牌07,大号,皮革,灰色,16*1*1,16,DL97H,亚历克斯,收货,上架
TaTR18AdWh,白色 品牌28 1800 桌子（可调节）,桌子,品牌28,1800,可调节,白色,8*1*1,8,BJ50C,克里斯,收货,上架
PeRe50HeGr,灰色 品牌22 50 铅笔（六角形）,铅笔,品牌22,50,六角形,灰色,48*10*5,2400,BX57B,亚历克斯,收货,上架
OfOGSAdGr,灰色 品牌07 小号 办公椅（可调节）,办公椅,品牌07,小号,可调节,灰色,16*1*1,16,DM42A,劳拉,收货,上架
MoPH35ErNa,藏青色 品牌12 350 鼠标（人体工学）,鼠标,品牌12,350,人体工学,藏青色,16*10*1,160,CL02E,简,收货,上架
OfOGMHeGr,灰色 品牌07 中号 办公椅（头枕）,办公椅,品牌07,中号,头枕,灰色,16*1*1,16,BH27A,迈克,收货,上架
MoPH45WiNa,藏青色 品牌12 450 鼠标（有线）,鼠标,品牌12,450,有线,藏青色,16*10*1,160,AK97H,艾米丽,收货,上架
TVYn50SFSi,银色 品牌15 50英寸 电视机（超级全高清）,电视机,品牌15,50英寸,超级全高清,银色,8*1*1,8,DX89B,劳拉,收货,上架
LaSu1716Wh,白色 品牌11 17英寸 笔记本电脑（16吉字节内存）,笔记本电脑,品牌11,17英寸,16吉字节内存,白色,16*1*1,16,BO20H,劳拉,收货,上架
KeRe27MeWh,白色 品牌10 270 键盘（机械式）,键盘,品牌10,270,机械式,白色,16*10*1,160,DS41H,简,收货,上架
OfSEMLeBl,黑色 品牌08 中号 办公椅（皮革）,办公椅,品牌08,中号,皮革,黑色,16*1*1,16,AJ70G,艾米丽,收货,上架
PrSoA3WiBl,黑色 品牌25 三号纸 打印机（无线网络）,打印机,品牌25,三号纸,无线网络,黑色,16*1*1,16,CN80D,克里斯,收货,上架
SPGi50HePi,粉色 品牌21 50 触控笔（六角形）,触控笔,品牌21,50,六角形,粉色,48*10*5,2400,BN26B,迈克,收货,上架
PrSoA4InGr,灰色 品牌25 四号纸 打印机（喷墨）,打印机,品牌25,四号纸,喷墨,灰色,16*1*1,16,AM25A,艾米丽,收货,上架
PeNa12WaBl,黑色 品牌23 12 铅笔（水彩）,铅笔,品牌23,12,水彩,黑色,48*10*5,2400,CO65F,亚历克斯,收货,上架
CuTE12DoBl,黑色 品牌04 1200 储物柜（带门式）,储物柜,品牌04,1200,带门式,黑色,8*1*1,8,DP87D,艾米,收货,上架
LaRe15i5Wh,白色 品牌14 15英寸 笔记本电脑（第5代处理器）,笔记本电脑,品牌14,15英寸,第5代处理器,白色,16*1*1,16,DG22G,莎拉,收货,上架
LaOv1532Gr,灰色 品牌13 15英寸 笔记本电脑（32吉字节内存）,笔记本电脑,品牌13,15英寸,32吉字节内存,灰色,16*1*1,16,BF01D,克里斯,收货,上架
TVYn754KBl,黑色 品牌15 75英寸 电视机（超高清）,电视机,品牌15,75英寸,超高清,黑色,8*1*1,8,BH30A,迈克,收货,上架
LaRe1516Gr,灰色 品牌14 15英寸 笔记本电脑（16吉字节内存）,笔记本电脑,品牌14,15英寸,16吉字节内存,灰色,16*1*1,16,BU74B,亚历克斯,收货,上架
AlSu178GWh,白色 品牌11 17英寸 一体机（8吉字节内存）,一体机,品牌11,17英寸,8吉字节内存,白色,16*1*1,16,CU45E,艾米,收货,上架
TVGL424KWh,白色 品牌31 42英寸 电视机（超高清）,电视机,品牌31,42英寸,超高清,白色,8*1*1,8,BM10C,亚历克斯,收货,上架
MoPH27ErNa,藏青色 品牌12 270 鼠标（人体工学）,鼠标,品牌12,270,人体工学,藏青色,16*10*1,160,BG47D,约翰,收货,上架
CuQE12LoBl,黑色 品牌01 1200 储物柜（储物锁柜）,储物柜,品牌01,1200,储物锁柜,黑色,8*1*1,8,CL77E,莎拉,收货,上架
NoGrA5liBl,黑色 品牌18 五号纸 笔记本（线条）,笔记本,品牌18,五号纸,线条,黑色,48*10*5,2400,BO42H,简,收货,上架
NoMuA4liBl,黑色 品牌19 四号纸 笔记本（线条）,笔记本,品牌19,四号纸,线条,黑色,48*10*5,2400,AO45A,莎拉,收货,上架
PrNoA3LaWh,白色 品牌26 三号纸 打印机（激光）,打印机,品牌26,三号纸,激光,白色,16*1*1,16,BW60C,艾米丽,收货,上架
OfAEMErGr,灰色 品牌05 中号 办公椅（人体工学）,办公椅,品牌05,中号,人体工学,灰色,16*1*1,16,CV92F,莎拉,收货,上架
AlPH158GWh,白色 品牌12 15英寸 一体机（8吉字节内存）,一体机,品牌12,15英寸,8吉字节内存,白色,16*1*1,16,AV78A,克里斯,收货,上架
PrSoA4LaGr,灰色 品牌25 四号纸 打印机（激光）,打印机,品牌25,四号纸,激光,灰色,16*1*1,16,AF88F,亚历克斯,收货,上架
OfXEMErPi,粉色 品牌06 中号 办公椅（人体工学）,办公椅,品牌06,中号,人体工学,粉色,16*1*1,16,AN90E,大卫,收货,上架
LaPH1532Bl,黑色 品牌12 15英寸 笔记本电脑（32吉字节内存）,笔记本电脑,品牌12,15英寸,32吉字节内存,黑色,16*1*1,16,BP65D,克里斯,收货,上架
LaSu17i7Si,银色 品牌11 17英寸 笔记本电脑（第7代处理器）,笔记本电脑,品牌11,17英寸,第7代处理器,银色,16*1*1,16,BG64B,迈克,收货,上架
TaAE10FrBl,黑色 品牌05 1000 桌子（框架式）,桌子,品牌05,1000,框架式,黑色,8*1*1,8,AK50D,克里斯,收货,上架
AlYn1516Wh,白色 品牌15 15英寸 一体机（16吉字节内存）,一体机,品牌15,15英寸,16吉字节内存,白色,16*1*1,16,DZ93A,亚历克斯,收货,上架
NoGrA5ruBl,黑色 品牌18 五号纸 笔记本（横线）,笔记本,品牌18,五号纸,横线,黑色,48*10*5,2400,DX25A,艾米丽,收货,上架
SPRe24SoPi,粉色 品牌22 24 触控笔（可溶性）,触控笔,品牌22,24,可溶性,粉色,48*10*5,2400,CU89E,劳拉,收货,上架
AlSu17i5Si,银色 品牌11 17英寸 一体机（第5代处理器）,一体机,品牌11,17英寸,第5代处理器,银色,16*1*1,16,DL31H,亚历克斯,收货,上架
GaXELAdPi,粉色 品牌06 大号 游戏椅（可调节）,游戏椅,品牌06,大号,可调节,粉色,16*1*1,16,AS53D,亚历克斯,收货,上架
CaQE90DoBe,米色 品牌01 900 文件柜（带门式）,文件柜,品牌01,900,带门式,米色,8*1*1,8,DF35B,迈克,收货,上架
SPGi12HeBl,黑色 品牌21 12 触控笔（六角形）,触控笔,品牌21,12,六角形,黑色,48*10*5,2400,DU54A,劳拉,收货,上架
CuQE12LoWh,白色 品牌01 1200 储物柜（储物锁柜）,储物柜,品牌01,1200,储物锁柜,白色,8*1*1,8,CR78E,莎拉,收货,上架
GaXELErPi,粉色 品牌06 大号 游戏椅（人体工学）,游戏椅,品牌06,大号,人体工学,粉色,16*1*1,16,AV18F,克里斯,收货,上架
TVGn754KBl,黑色 品牌30 75英寸 电视机（超高清）,电视机,品牌30,75英寸,超高清,黑色,8*1*1,8,CK12F,艾米,收货,上架
LaYn1516Wh,白色 品牌15 15英寸 笔记本电脑（16吉字节内存）,笔记本电脑,品牌15,15英寸,16吉字节内存,白色,16*1*1,16,AY86D,莎拉,收货,上架
KeRe27MeWh,白色 品牌10 270 键盘（机械式）,键盘,品牌10,270,机械式,白色,16*10*1,160,AZ39G,大卫,收货,上架
DrQE18SlWh,白色 品牌01 1800 抽屉柜（滑动式）,抽屉柜,品牌01,1800,滑动式,白色,8*1*1,8,DK15F,劳拉,收货,上架
CaQE90LoGr,灰色 品牌01 900 文件柜（储物锁柜）,文件柜,品牌01,900,储物锁柜,灰色,8*1*1,8,CH93C,艾米,收货,上架
TVGn50S4Si,银色 品牌30 50英寸 电视机（超级超高清）,电视机,品牌30,50英寸,超级超高清,银色,8*1*1,8,AP02A,大卫,收货,上架
CuRG12DoWh,白色 品牌03 1200 储物柜（带门式）,储物柜,品牌03,1200,带门式,白色,8*1*1,8,BH16A,劳拉,收货,上架
OfAEMErPi,粉色 品牌05 中号 办公椅（人体工学）,办公椅,品牌05,中号,人体工学,粉色,16*1*1,16,AV03D,莎拉,收货,上架
LaSu178GGr,灰色 品牌11 17英寸 笔记本电脑（8吉字节内存）,笔记本电脑,品牌11,17英寸,8吉字节内存,灰色,16*1*1,16,CK46B,莎拉,收货,上架
TaTR15WoWh,白色 品牌29 1500 桌子（工作站）,桌子,品牌29,1500,工作站,白色,8*1*1,8,AM48A,克里斯,收货,上架
TaCI18FrWh,白色 品牌27 1800 桌子（框架式）,桌子,品牌27,1800,框架式,白色,8*1*1,8,BM94F,莎拉,收货,上架
GaXELAdGr,灰色 品牌06 大号 游戏椅（可调节）,游戏椅,品牌06,大号,可调节,灰色,16*1*1,16,BL91C,劳拉,收货,上架
DrTE18SlGr,灰色 品牌04 1800 抽屉柜（滑动式）,抽屉柜,品牌04,1800,滑动式,灰色,8*1*1,8,DK96B,大卫,收货,上架
CaWE12LoGr,灰色 品牌02 1200 文件柜（储物锁柜）,文件柜,品牌02,1200,储物锁柜,灰色,8*1*1,8,AT08D,艾米,收货,上架
GaSELErPi,粉色 品牌08 大号 游戏椅（人体工学）,游戏椅,品牌08,大号,人体工学,粉色,16*1*1,16,AY63E,劳拉,收货,上架
MoSu27ErWh,白色 品牌11 270 鼠标（人体工学）,鼠标,品牌11,270,人体工学,白色,16*10*1,160,BX10D,艾米丽,收货,上架
NoMuA5doBl,黑色 品牌19 五号纸 笔记本（点阵）,笔记本,品牌19,五号纸,点阵,黑色,48*10*5,2400,BH67D,劳拉,收货,上架
LaSu1732Si,银色 品牌11 17英寸 笔记本电脑（32吉字节内存）,笔记本电脑,品牌11,17英寸,32吉字节内存,银色,16*1*1,16,DY90H,劳拉,收货,上架
KeSu27ErWh,白色 品牌11 270 键盘（人体工学）,键盘,品牌11,270,人体工学,白色,16*10*1,160,BM97C,莎拉,收货,上架
SPRe24SoBl,黑色 品牌22 24 触控笔（可溶性）,触控笔,品牌22,24,可溶性,黑色,48*10*5,2400,CM12E,简,收货,上架
PrSoA2InWh,白色 品牌25 二号纸 打印机（喷墨）,打印机,品牌25,二号纸,喷墨,白色,16*1*1,16,AT47G,艾米丽,收货,上架
CaRG12LoWh,白色 品牌03 1200 文件柜（储物锁柜）,文件柜,品牌03,1200,储物锁柜,白色,8*1*1,8,CM37H,艾米丽,收货,上架
KePH27ErBl,黑色 品牌12 270 键盘（人体工学）,键盘,品牌12,270,人体工学,黑色,16*10*1,160,CZ75C,大卫,收货,上架
TVEs32SFSi,银色 品牌32 32英寸 电视机（超级全高清）,电视机,品牌32,32英寸,超级全高清,银色,8*1*1,8,BR98B,约翰,收货,上架
PrReA4MoWh,白色 品牌24 四号纸 打印机（黑白）,打印机,品牌24,四号纸,黑白,白色,16*1*1,16,CX73C,克里斯,收货,上架
CuWE90SlBl,黑色 品牌02 900 储物柜（滑动式）,储物柜,品牌02,900,滑动式,黑色,8*1*1,8,BS64D,亚历克斯,收货,上架
NoScA5doGr,灰色 品牌17 五号纸 笔记本（点阵）,笔记本,品牌17,五号纸,点阵,灰色,48*10*5,2400,DP10F,艾米丽,收货,上架
LaRe158GWh,白色 品牌14 15英寸 笔记本电脑（8吉字节内存）,笔记本电脑,品牌14,15英寸,8吉字节内存,白色,16*1*1,16,AP06C,简,收货,上架
PeNa50SoWh,白色 品牌23 50 铅笔（可溶性）,铅笔,品牌23,50,可溶性,白色,48*10*5,2400,DO18E,大卫,收货,上架
OfAELLePi,粉色 品牌05 大号 办公椅（皮革）,办公椅,品牌05,大号,皮革,粉色,16*1*1,16,AH75E,克里斯,收货,上架
LaRe158GBl,黑色 品牌14 15英寸 笔记本电脑（8吉字节内存）,笔记本电脑,品牌14,15英寸,8吉字节内存,黑色,16*1*1,16,DJ14F,艾米,收货,上架
LaSu158GWh,白色 品牌11 15英寸 笔记本电脑（8吉字节内存）,笔记本电脑,品牌11,15英寸,8吉字节内存,白色,16*1*1,16,CP23E,莎拉,收货,上架
TVYn42SFWh,白色 品牌15 42英寸 电视机（超级全高清）,电视机,品牌15,42英寸,超级全高清,白色,8*1*1,8,BG31E,大卫,收货,上架
PrReA3WiBl,黑色 品牌24 三号纸 打印机（无线网络）,打印机,品牌24,三号纸,无线网络,黑色,16*1*1,16,DR42D,简,收货,上架
CaTE90SlGr,灰色 品牌04 900 文件柜（滑动式）,文件柜,品牌04,900,滑动式,灰色,8*1*1,8,AO98B,艾米,收货,上架
MoRe27BlNa,藏青色 品牌10 270 鼠标（蓝牙）,鼠标,品牌10,270,蓝牙,藏青色,16*10*1,160,CY08A,艾米丽,收货,上架
CuTE90LoGr,灰色 品牌04 900 储物柜（储物锁柜）,储物柜,品牌04,900,储物锁柜,灰色,8*1*1,8,BQ98A,克里斯,收货,上架
OfOGLAdWh,白色 品牌07 大号 办公椅（可调节）,办公椅,品牌07,大号,可调节,白色,16*1*1,16,DT17G,迈克,收货,上架
TVEs324KBl,黑色 品牌32 32英寸 电视机（超高清）,电视机,品牌32,32英寸,超高清,黑色,8*1*1,8,AJ35D,亚历克斯,收货,上架
CuWE18FiGr,灰色 品牌02 1800 储物柜（文件收纳）,储物柜,品牌02,1800,文件收纳,灰色,8*1*1,8,AI39B,简,收货,上架
TVEs32FHBl,黑色 品牌32 32英寸 电视机（全高清）,电视机,品牌32,32英寸,全高清,黑色,8*1*1,8,AZ40D,亚历克斯,收货,上架
LaYn17i5Wh,白色 品牌15 17英寸 笔记本电脑（第5代处理器）,笔记本电脑,品牌15,17英寸,第5代处理器,白色,16*1*1,16,AX38H,约翰,收货,上架
SPNa24WaGr,灰色 品牌23 24 触控笔（水彩）,触控笔,品牌23,24,水彩,灰色,48*10*5,2400,CT50B,迈克,收货,上架
TaTR15FrBl,黑色 品牌29 1500 桌子（框架式）,桌子,品牌29,1500,框架式,黑色,8*1*1,8,CT44F,约翰,收货,上架
TVEs75S4Gr,灰色 品牌32 75英寸 电视机（超级超高清）,电视机,品牌32,75英寸,超级超高清,灰色,8*1*1,8,DZ68A,艾米,收货,上架
GaAEMHeBl,黑色 品牌05 中号 游戏椅（头枕）,游戏椅,品牌05,中号,头枕,黑色,16*1*1,16,DX01E,艾米丽,收货,上架
KeSu27MePi,粉色 品牌11 270 键盘（机械式）,键盘,品牌11,270,机械式,粉色,16*10*1,160,CW38A,约翰,收货,上架
LaRe17i7Bl,黑色 品牌14 17英寸 笔记本电脑（第7代处理器）,笔记本电脑,品牌14,17英寸,第7代处理器,黑色,16*1*1,16,BR10E,简,收货,上架
PrNoA4AlBl,黑色 品牌26 四号纸 打印机（一体式）,打印机,品牌26,四号纸,一体式,黑色,16*1*1,16,DG13H,亚历克斯,收货,上架
DrTE90FiBl,黑色 品牌04 900 抽屉柜（文件收纳）,抽屉柜,品牌04,900,文件收纳,黑色,8*1*1,8,DM81C,约翰,收货,上架
NoMuA5liBl,黑色 品牌19 五号纸 笔记本（线条）,笔记本,品牌19,五号纸,线条,黑色,48*10*5,2400,CM31D,克里斯,收货,上架
NoExA3liWh,白色 品牌16 三号纸 笔记本（线条）,笔记本,品牌16,三号纸,线条,白色,48*10*5,2400,BS28F,约翰,收货,上架
LaPH1532Gr,灰色 品牌12 15英寸 笔记本电脑（32吉字节内存）,笔记本电脑,品牌12,15英寸,32吉字节内存,灰色,16*1*1,16,AF72H,艾米,收货,上架
SPNa12SoPi,粉色 品牌23 12 触控笔（可溶性）,触控笔,品牌23,12,可溶性,粉色,48*10*5,2400,DH15C,艾米丽,收货,上架
LaRe158GGr,灰色 品牌14 15英寸 笔记本电脑（8吉字节内存）,笔记本电脑,品牌14,15英寸,8吉字节内存,灰色,16*1*1,16,DO90B,亚历克斯,收货,上架
OfAESLePi,粉色 品牌05 小号 办公椅（皮革）,办公椅,品牌05,小号,皮革,粉色,16*1*1,16,CM65B,艾米,收货,上架
KePH45ErBl,黑色 品牌12 450 键盘（人体工学）,键盘,品牌12,450,人体工学,黑色,16*10*1,160,BF31D,艾米丽,收货,上架
OfAELLeBl,黑色 品牌05 大号 办公椅（皮革）,办公椅,品牌05,大号,皮革,黑色,16*1*1,16,AI22F,迈克,收货,上架
GaAESErWh,白色 品牌05 小号 游戏椅（人体工学）,游戏椅,品牌05,小号,人体工学,白色,16*1*1,16,CY31G,艾米,收货,上架
MoSu35WiWh,白色 品牌11 350 鼠标（有线）,鼠标,品牌11,350,有线,白色,16*10*1,160,DJ77D,约翰,收货,上架
TVGL42FHSi,银色 品牌31 42英寸 电视机（全高清）,电视机,品牌31,42英寸,全高清,银色,8*1*1,8,BL62C,简,收货,上架
TVYn32FHWh,白色 品牌15 32英寸 电视机（全高清）,电视机,品牌15,32英寸,全高清,白色,8*1*1,8,CH61B,莎拉,收货,上架
NoExA4ruBl,黑色 品牌16 四号纸 笔记本（横线）,笔记本,品牌16,四号纸,横线,黑色,48*10*5,2400,AT53D,大卫,收货,上架
LaOv17i7Gr,灰色 品牌13 17英寸 笔记本电脑（第7代处理器）,笔记本电脑,品牌13,17英寸,第7代处理器,灰色,16*1*1,16,DU12E,亚历克斯,收货,上架
DrQE12DoGr,灰色 品牌01 1200 抽屉柜（带门式）,抽屉柜,品牌01,1200,带门式,灰色,8*1*1,8,DV29C,艾米丽,收货,上架
DrWE12DoBl,黑色 品牌02 1200 抽屉柜（带门式）,抽屉柜,品牌02,1200,带门式,黑色,8*1*1,8,DN37F,大卫,收货,上架
SPRe12WaPi,粉色 品牌22 12 触控笔（水彩）,触控笔,品牌22,12,水彩,粉色,48*10*5,2400,AW08B,艾米丽,收货,上架
MoSu45ErWh,白色 品牌11 450 鼠标（人体工学）,鼠标,品牌11,450,人体工学,白色,16*10*1,160,CP01E,简,收货,上架
GaSESLeGr,灰色 品牌08 小号 游戏椅（皮革）,游戏椅,品牌08,小号,皮革,灰色,16*1*1,16,AJ14A,劳拉,收货,上架
PeNa24HeWh,白色 品牌23 24 铅笔（六角形）,铅笔,品牌23,24,六角形,白色,48*10*5,2400,BI38A,莎拉,收货,上架
CuRG12DoBl,黑色 品牌03 1200 储物柜（带门式）,储物柜,品牌03,1200,带门式,黑色,8*1*1,8,AH49C,莎拉,收货,上架
KePH45ErPi,粉色 品牌12 450 键盘（人体工学）,键盘,品牌12,450,人体工学,粉色,16*10*1,160,AW87B,迈克,收货,上架
CaTE18SlBl,黑色 品牌04 1800 文件柜（滑动式）,文件柜,品牌04,1800,滑动式,黑色,8*1*1,8,AL45E,大卫,收货,上架
AlYn17i7Si,银色 品牌15 17英寸 一体机（第7代处理器）,一体机,品牌15,17英寸,第7代处理器,银色,16*1*1,16,CS78F,大卫,收货,上架
LaOv1516Wh,白色 品牌13 15英寸 笔记本电脑（16吉字节内存）,笔记本电脑,品牌13,15英寸,16吉字节内存,白色,16*1*1,16,DM23B,迈克,收货,上架
SPAl24SoPi,粉色 品牌20 24 触控笔（可溶性）,触控笔,品牌20,24,可溶性,粉色,48*10*5,2400,CN08C,劳拉,收货,上架
AlRe148GWh,白色 品牌14 14英寸 一体机（8吉字节内存）,一体机,品牌14,14英寸,8吉字节内存,白色,16*1*1,16,BX19F,亚历克斯,收货,上架
DrRG90SlBe,米色 品牌03 900 抽屉柜（滑动式）,抽屉柜,品牌03,900,滑动式,米色,8*1*1,8,CP14E,艾米丽,收货,上架
PeGi12WaGr,灰色 品牌21 12 铅笔（水彩）,铅笔,品牌21,12,水彩,灰色,48*10*5,2400,AU34H,迈克,收货,上架
GaOGMHeBl,黑色 品牌07 中号 游戏椅（头枕）,游戏椅,品牌07,中号,头枕,黑色,16*1*1,16,DZ51G,劳拉,收货,上架
LaSu14i7Bl,黑色 品牌11 14英寸 笔记本电脑（第7代处理器）,笔记本电脑,品牌11,14英寸,第7代处理器,黑色,16*1*1,16,BY56C,亚历克斯,收货,上架
KeHc27WiWh,白色 品牌09 270 键盘（有线）,键盘,品牌09,270,有线,白色,16*10*1,160,AK86F,克里斯,收货,上架
PeGi24SoPi,粉色 品牌21 24 铅笔（可溶性）,铅笔,品牌21,24,可溶性,粉色,48*10*5,2400,CL05C,大卫,收货,上架
GaOGSLeGr,灰色 品牌07 小号 游戏椅（皮革）,游戏椅,品牌07,小号,皮革,灰色,16*1*1,16,DF98G,劳拉,收货,上架
MoPH27ErNa,藏青色 品牌12 270 鼠标（人体工学）,鼠标,品牌12,270,人体工学,藏青色,16*10*1,160,DR09F,克里斯,收货,上架
NoScA4doSi,银色 品牌17 四号纸 笔记本（点阵）,笔记本,品牌17,四号纸,点阵,银色,48*10*5,2400,DX94A,简,收货,上架
SPRe24SoBl,黑色 品牌22 24 触控笔（可溶性）,触控笔,品牌22,24,可溶性,黑色,48*10*5,2400,CM67D,莎拉,收货,上架
LaPH148GBl,黑色 品牌12 14英寸 笔记本电脑（8吉字节内存）,笔记本电脑,品牌12,14英寸,8吉字节内存,黑色,16*1*1,16,BL08H,迈克,收货,上架
GaSELHeWh,白色 品牌08 大号 游戏椅（头枕）,游戏椅,品牌08,大号,头枕,白色,16*1*1,16,CK37F,简,收货,上架
TVYn50SFGr,灰色 品牌15 50英寸 电视机（超级全高清）,电视机,品牌15,50英寸,超级全高清,灰色,8*1*1,8,AL80F,亚历克斯,收货,上架
AlYn15i7Gr,灰色 品牌15 15英寸 一体机（第7代处理器）,一体机,品牌15,15英寸,第7代处理器,灰色,16*1*1,16,CG62A,大卫,收货,上架
LaSu148GSi,银色 品牌11 14英寸 笔记本电脑（8吉字节内存）,笔记本电脑,品牌11,14英寸,8吉字节内存,银色,16*1*1,16,BK14E,约翰,收货,上架
OfXESLePi,粉色 品牌06 小号 办公椅（皮革）,办公椅,品牌06,小号,皮革,粉色,16*1*1,16,BM79B,简,收货,上架
NoGrA3doWh,白色 品牌18 三号纸 笔记本（点阵）,笔记本,品牌18,三号纸,点阵,白色,48*10*5,2400,DH86E,艾米丽,收货,上架
NoGrA5liSi,银色 品牌18 五号纸 笔记本（线条）,笔记本,品牌18,五号纸,线条,银色,48*10*5,2400,AK46E,莎拉,收货,上架
CuTE90FiGr,灰色 品牌04 900 储物柜（文件收纳）,储物柜,品牌04,900,文件收纳,灰色,8*1*1,8,CI82E,莎拉,收货,上架
LaOv1432Si,银色 品牌13 14英寸 笔记本电脑（32吉字节内存）,笔记本电脑,品牌13,14英寸,32吉字节内存,银色,16*1*1,16,BI21H,大卫,收货,上架
MoRe45WiWh,白色 品牌10 450 鼠标（有线）,鼠标,品牌10,450,有线,白色,16*10*1,160,BF32H,艾米,收货,上架
MoPH45WiNa,藏青色 品牌12 450 鼠标（有线）,鼠标,品牌12,450,有线,藏青色,16*10*1,160,CM89D,艾米,收货,上架
TVEs32SFSi,银色 品牌32 32英寸 电视机（超级全高清）,电视机,品牌32,32英寸,超级全高清,银色,8*1*1,8,CL73C,迈克,收货,上架
SPGi50SoWh,白色 品牌21 50 触控笔（可溶性）,触控笔,品牌21,50,可溶性,白色,48*10*5,2400,DH29A,克里斯,收货,上架
TVGL42S4Wh,白色 品牌31 42英寸 电视机（超级超高清）,电视机,品牌31,42英寸,超级超高清,白色,8*1*1,8,DK96G,大卫,收货,上架
KeHc45ErPi,粉色 品牌09 450 键盘（人体工学）,键盘,品牌09,450,人体工学,粉色,16*10*1,160,DK26H,莎拉,收货,上架
AlPH14i5Si,银色 品牌12 14英寸 一体机（第5代处理器）,一体机,品牌12,14英寸,第5代处理器,银色,16*1*1,16,BW51G,约翰,收货,上架
TVGn65SFBl,黑色 品牌30 65英寸 电视机（超级全高清）,电视机,品牌30,65英寸,超级全高清,黑色,8*1*1,8,CI91D,亚历克斯,收货,上架
TaCI15FrGr,灰色 品牌27 1500 桌子（框架式）,桌子,品牌27,1500,框架式,灰色,8*1*1,8,BS19E,劳拉,收货,上架
AlRe158GSi,银色 品牌14 15英寸 一体机（8吉字节内存）,一体机,品牌14,15英寸,8吉字节内存,银色,16*1*1,16,CJ33A,迈克,收货,上架
CuQE90LoBe,米色 品牌01 900 储物柜（储物锁柜）,储物柜,品牌01,900,储物锁柜,米色,8*1*1,8,BL15D,莎拉,收货,上架
MoHc35BlWh,白色 品牌09 350 鼠标（蓝牙）,鼠标,品牌09,350,蓝牙,白色,16*10*1,160,AO54H,艾米丽,收货,上架
TaTR18AuGr,灰色 品牌29 1800 桌子（自动调节）,桌子,品牌29,1800,自动调节,灰色,8*1*1,8,DJ27H,克里斯,收货,上架
GaOGSLeGr,灰色 品牌07 小号 游戏椅（皮革）,游戏椅,品牌07,小号,皮革,灰色,16*1*1,16,DK44G,艾米丽,收货,上架
CaWE18SlGr,灰色 品牌02 1800 文件柜（滑动式）,文件柜,品牌02,1800,滑动式,灰色,8*1*1,8,AS66A,迈克,收货,上架
LaPH1532Wh,白色 品牌12 15英寸 笔记本电脑（32吉字节内存）,笔记本电脑,品牌12,15英寸,32吉字节内存,白色,16*1*1,16,AQ57B,约翰,收货,上架
AlSu15i7Bl,黑色 品牌11 15英寸 一体机（第7代处理器）,一体机,品牌11,15英寸,第7代处理器,黑色,16*1*1,16,AW40E,克里斯,收货,上架
LaOv1732Si,银色 品牌13 17英寸 笔记本电脑（32吉字节内存）,笔记本电脑,品牌13,17英寸,32吉字节内存,银色,16*1*1,16,AR39F,简,收货,上架
TaTR15WoSi,银色 品牌28 1500 桌子（工作站）,桌子,品牌28,1500,工作站,银色,8*1*1,8,CV64B,大卫,收货,上架
PrNoA3MoBl,黑色 品牌26 三号纸 打印机（黑白）,打印机,品牌26,三号纸,黑白,黑色,16*1*1,16,BQ66B,劳拉,收货,上架
CuTE90DoBe,米色 品牌04 900 储物柜（带门式）,储物柜,品牌04,900,带门式,米色,8*1*1,8,BG40C,迈克,收货,上架
LaYn15i7Bl,黑色 品牌15 15英寸 笔记本电脑（第7代处理器）,笔记本电脑,品牌15,15英寸,第7代处理器,黑色,16*1*1,16,AI07C,简,收货,上架
LaYn14i7Bl,黑色 品牌15 14英寸 笔记本电脑（第7代处理器）,笔记本电脑,品牌15,14英寸,第7代处理器,黑色,16*1*1,16,DZ37A,艾米,收货,上架
PrNoA3AlMi,混合色 品牌26 三号纸 打印机（一体式）,打印机,品牌26,三号纸,一体式,混合色,16*1*1,16,BK71B,艾米,收货,上架
LaSu17i7Bl,黑色 品牌11 17英寸 笔记本电脑（第7代处理器）,笔记本电脑,品牌11,17英寸,第7代处理器,黑色,16*1*1,16,BT40G,艾米丽,收货,上架
LaPH1716Wh,白色 品牌12 17英寸 笔记本电脑（16吉字节内存）,笔记本电脑,品牌12,17英寸,16吉字节内存,白色,16*1*1,16,DI68G,艾米丽,收货,上架
CuRG18SlWh,白色 品牌03 1800 储物柜（滑动式）,储物柜,品牌03,1800,滑动式,白色,8*1*1,8,AH89F,迈克,收货,上架
TaCI10FrSi,银色 品牌27 1000 桌子（框架式）,桌子,品牌27,1000,框架式,银色,8*1*1,8,CW05D,艾米,收货,上架
OfAEMLeBl,黑色 品牌05 中号 办公椅（皮革）,办公椅,品牌05,中号,皮革,黑色,16*1*1,16,DT29F,艾米丽,收货,上架
TVEs65SFSi,银色 品牌32 65英寸 电视机（超级全高清）,电视机,品牌32,65英寸,超级全高清,银色,8*1*1,8,CM40A,克里斯,收货,上架
NoMuA5liSi,银色 品牌19 五号纸 笔记本（线条）,笔记本,品牌19,五号纸,线条,银色,48*10*5,2400,AI37A,劳拉,收货,上架
CaRG12LoWh,白色 品牌03 1200 文件柜（储物锁柜）,文件柜,品牌03,1200,储物锁柜,白色,8*1*1,8,AT77D,艾米丽,收货,上架
SPNa24HeGr,灰色 品牌23 24 触控笔（六角形）,触控笔,品牌23,24,六角形,灰色,48*10*5,2400,BW15G,劳拉,收货,上架
MoSu27WiPi,粉色 品牌11 270 鼠标（有线）,鼠标,品牌11,270,有线,粉色,16*10*1,160,AY64F,约翰,收货,上架
CuQE12DoBe,米色 品牌01 1200 储物柜（带门式）,储物柜,品牌01,1200,带门式,米色,8*1*1,8,AJ22B,劳拉,收货,上架
GaXESLePi,粉色 品牌06 小号 游戏椅（皮革）,游戏椅,品牌06,小号,皮革,粉色,16*1*1,16,BY75F,迈克,收货,上架
CuQE12DoBl,黑色 品牌01 1200 储物柜（带门式）,储物柜,品牌01,1200,带门式,黑色,8*1*1,8,CS07C,约翰,收货,上架
TVYn32FHWh,白色 品牌15 32英寸 电视机（全高清）,电视机,品牌15,32英寸,全高清,白色,8*1*1,8,CY21C,约翰,收货,上架
PeRe12HePi,粉色 品牌22 12 铅笔（六角形）,铅笔,品牌22,12,六角形,粉色,48*10*5,2400,CZ94B,艾米丽,收货,上架
TVEs42SFWh,白色 品牌32 42英寸 电视机（超级全高清）,电视机,品牌32,42英寸,超级全高清,白色,8*1*1,8,DL20D,大卫,收货,上架
CaRG90LoBl,黑色 品牌03 900 文件柜（储物锁柜）,文件柜,品牌03,900,储物锁柜,黑色,8*1*1,8,DK77F,劳拉,收货,上架
KeHc35MeBl,黑色 品牌09 350 键盘（机械式）,键盘,品牌09,350,机械式,黑色,16*10*1,160,BR56B,大卫,收货,上架
PeRe50HePi,粉色 品牌22 50 铅笔（六角形）,铅笔,品牌22,50,六角形,粉色,48*10*5,2400,BY23G,大卫,收货,上架
TVGL75S4Bl,黑色 品牌31 75英寸 电视机（超级超高清）,电视机,品牌31,75英寸,超级超高清,黑色,8*1*1,8,AX71A,迈克,收货,上架
OfXELHeGr,灰色 品牌06 大号 办公椅（头枕）,办公椅,品牌06,大号,头枕,灰色,16*1*1,16,CN30D,艾米丽,收货,上架
SPGi12SoBl,黑色 品牌21 12 触控笔（可溶性）,触控笔,品牌21,12,可溶性,黑色,48*10*5,2400,CU60G,亚历克斯,收货,上架
CuTE90DoBe,米色 品牌04 900 储物柜（带门式）,储物柜,品牌04,900,带门式,米色,8*1*1,8,AM01B,亚历克斯,收货,上架
LaRe158GGr,灰色 品牌14 15英寸 笔记本电脑（8吉字节内存）,笔记本电脑,品牌14,15英寸,8吉字节内存,灰色,16*1*1,16,AO21B,简,收货,上架
KePH35BlBl,黑色 品牌12 350 键盘（蓝牙）,键盘,品牌12,350,蓝牙,黑色,16*10*1,160,BQ79A,大卫,收货,上架
PrSoA2LaBl,黑色 品牌25 二号纸 打印机（激光）,打印机,品牌25,二号纸,激光,黑色,16*1*1,16,DV54A,劳拉,收货,上架
MoRe27ErPi,粉色 品牌10 270 鼠标（人体工学）,鼠标,品牌10,270,人体工学,粉色,16*10*1,160,CW41G,艾米丽,收货,上架
PrNoA2MoMi,混合色 品牌26 二号纸 打印机（黑白）,打印机,品牌26,二号纸,黑白,混合色,16*1*1,16,BY80D,艾米丽,收货,上架
OfAELAdWh,白色 品牌05 大号 办公椅（可调节）,办公椅,品牌05,大号,可调节,白色,16*1*1,16,DO82C,莎拉,收货,上架
TaTR18FrWh,白色 品牌28 1800 桌子（框架式）,桌子,品牌28,1800,框架式,白色,8*1*1,8,BL64F,克里斯,收货,上架
AlRe1732Gr,灰色 品牌14 17英寸 一体机（32吉字节内存）,一体机,品牌14,17英寸,32吉字节内存,灰色,16*1*1,16,BT66E,艾米丽,收货,上架
CuWE18LoGr,灰色 品牌02 1800 储物柜（储物锁柜）,储物柜,品牌02,1800,储物锁柜,灰色,8*1*1,8,AJ32H,莎拉,收货,上架
KePH27WiNa,藏青色 品牌12 270 键盘（有线）,键盘,品牌12,270,有线,藏青色,16*10*1,160,AF93C,艾米丽,收货,上架
CuQE18FiBe,米色 品牌01 1800 储物柜（文件收纳）,储物柜,品牌01,1800,文件收纳,米色,8*1*1,8,AR56G,艾米丽,收货,上架
NoGrA3doWh,白色 品牌18 三号纸 笔记本（点阵）,笔记本,品牌18,三号纸,点阵,白色,48*10*5,2400,CL51B,迈克,收货,上架
OfSELLeGr,灰色 品牌08 大号 办公椅（皮革）,办公椅,品牌08,大号,皮革,灰色,16*1*1,16,CH54E,克里斯,收货,上架
CaWE12FiWh,白色 品牌02 1200 文件柜（文件收纳）,文件柜,品牌02,1200,文件收纳,白色,8*1*1,8,AZ57F,亚历克斯,收货,上架
SPNa24HePi,粉色 品牌23 24 触控笔（六角形）,触控笔,品牌23,24,六角形,粉色,48*10*5,2400,BI85D,迈克,收货,上架
KeSu27WiPi,粉色 品牌11 270 键盘（有线）,键盘,品牌11,270,有线,粉色,16*10*1,160,CY78E,迈克,收货,上架
LaPH17i5Si,银色 品牌12 17英寸 笔记本电脑（第5代处理器）,笔记本电脑,品牌12,17英寸,第5代处理器,银色,16*1*1,16,DX13E,迈克,收货,上架
TVGn75FHSi,银色 品牌30 75英寸 电视机（全高清）,电视机,品牌30,75英寸,全高清,银色,8*1*1,8,AX78E,简,收货,上架
DrWE18DoBe,米色 品牌02 1800 抽屉柜（带门式）,抽屉柜,品牌02,1800,带门式,米色,8*1*1,8,DM12H,简,收货,上架
NoExA5ruSi,银色 品牌16 五号纸 笔记本（横线）,笔记本,品牌16,五号纸,横线,银色,48*10*5,2400,CW09D,亚历克斯,收货,上架
CuQE18LoBe,米色 品牌01 1800 储物柜（储物锁柜）,储物柜,品牌01,1800,储物锁柜,米色,8*1*1,8,CH85F,莎拉,收货,上架
PeGi24HeWh,白色 品牌21 24 铅笔（六角形）,铅笔,品牌21,24,六角形,白色,48*10*5,2400,AM42F,亚历克斯,收货,上架
NoExA3ruGr,灰色 品牌16 三号纸 笔记本（横线）,笔记本,品牌16,三号纸,横线,灰色,48*10*5,2400,CQ22D,艾米丽,收货,上架
AlSu1416Si,银色 品牌11 14英寸 一体机（16吉字节内存）,一体机,品牌11,14英寸,16吉字节内存,银色,16*1*1,16,AG61C,迈克,收货,上架
GaAEMErGr,灰色 品牌05 中号 游戏椅（人体工学）,游戏椅,品牌05,中号,人体工学,灰色,16*1*1,16,BZ71H,莎拉,收货,上架
AlSu148GBl,黑色 品牌11 14英寸 一体机（8吉字节内存）,一体机,品牌11,14英寸,8吉字节内存,黑色,16*1*1,16,CS20A,简,收货,上架
TVGL50FHWh,白色 品牌31 50英寸 电视机（全高清）,电视机,品牌31,50英寸,全高清,白色,8*1*1,8,DQ93A,约翰,收货,上架
TaCI18WoWh,白色 品牌27 1800 桌子（工作站）,桌子,品牌27,1800,工作站,白色,8*1*1,8,CO24H,迈克,收货,上架
PeNa12SoWh,白色 品牌23 12 铅笔（可溶性）,铅笔,品牌23,12,可溶性,白色,48*10*5,2400,DN71C,约翰,收货,上架
TaAE18WoBl,黑色 品牌05 1800 桌子（工作站）,桌子,品牌05,1800,工作站,黑色,8*1*1,8,CS17A,克里斯,收货,上架
LaRe15i7Gr,灰色 品牌14 15英寸 笔记本电脑（第7代处理器）,笔记本电脑,品牌14,15英寸,第7代处理器,灰色,16*1*1,16,CS44E,克里斯,收货,上架
PeAl50WaBl,黑色 品牌20 50 铅笔（水彩）,铅笔,品牌20,50,水彩,黑色,48*10*5,2400,BN23C,亚历克斯,收货,上架
LaYn158GSi,银色 品牌15 15英寸 笔记本电脑（8吉字节内存）,笔记本电脑,品牌15,15英寸,8吉字节内存,银色,16*1*1,16,CV32E,迈克,收货,上架
PrPHA2MoBl,黑色 品牌12 二号纸 打印机（黑白）,打印机,品牌12,二号纸,黑白,黑色,16*1*1,16,AT78B,艾米丽,收货,上架
TVGL32S4Bl,黑色 品牌31 32英寸 电视机（超级超高清）,电视机,品牌31,32英寸,超级超高清,黑色,8*1*1,8,CR08G,劳拉,收货,上架
MoRe27ErBl,黑色 品牌10 270 鼠标（人体工学）,鼠标,品牌10,270,人体工学,黑色,16*10*1,160,AS25H,简,收货,上架
DrQE12SlWh,白色 品牌01 1200 抽屉柜（滑动式）,抽屉柜,品牌01,1200,滑动式,白色,8*1*1,8,BX54C,劳拉,收货,上架
LaSu1432Gr,灰色 品牌11 14英寸 笔记本电脑（32吉字节内存）,笔记本电脑,品牌11,14英寸,32吉字节内存,灰色,16*1*1,16,CT04B,亚历克斯,收货,上架
OfAESErPi,粉色 品牌05 小号 办公椅（人体工学）,办公椅,品牌05,小号,人体工学,粉色,16*1*1,16,DM96B,简,收货,上架
NoGrA5liWh,白色 品牌18 五号纸 笔记本（线条）,笔记本,品牌18,五号纸,线条,白色,48*10*5,2400,CP24A,简,收货,上架
AlRe1516Gr,灰色 品牌14 15英寸 一体机（16吉字节内存）,一体机,品牌14,15英寸,16吉字节内存,灰色,16*1*1,16,CW53D,克里斯,收货,上架
AlOv1532Wh,白色 品牌13 15英寸 一体机（32吉字节内存）,一体机,品牌13,15英寸,32吉字节内存,白色,16*1*1,16,BV65G,艾米丽,收货,上架
CuTE12SlWh,白色 品牌04 1200 储物柜（滑动式）,储物柜,品牌04,1200,滑动式,白色,8*1*1,8,CK35F,简,收货,上架
TaTR15AuBl,黑色 品牌29 1500 桌子（自动调节）,桌子,品牌29,1500,自动调节,黑色,8*1*1,8,AS48E,简,收货,上架
NoScA3doGr,灰色 品牌17 三号纸 笔记本（点阵）,笔记本,品牌17,三号纸,点阵,灰色,48*10*5,2400,CK19E,大卫,收货,上架
DrQE12SlBe,米色 品牌01 1200 抽屉柜（滑动式）,抽屉柜,品牌01,1200,滑动式,米色,8*1*1,8,DU39E,莎拉,收货,上架
TVEs42S4Bl,黑色 品牌32 42英寸 电视机（超级超高清）,电视机,品牌32,42英寸,超级超高清,黑色,8*1*1,8,BO18B,迈克,收货,上架
PrPHA2LaWh,白色 品牌12 二号纸 打印机（激光）,打印机,品牌12,二号纸,激光,白色,16*1*1,16,AR21G,克里斯,收货,上架
NoExA5doSi,银色 品牌16 五号纸 笔记本（点阵）,笔记本,品牌16,五号纸,点阵,银色,48*10*5,2400,CK67H,亚历克斯,收货,上架
AlOv158GWh,白色 品牌13 15英寸 一体机（8吉字节内存）,一体机,品牌13,15英寸,8吉字节内存,白色,16*1*1,16,AQ33B,简,收货,上架
OfOGSErGr,灰色 品牌07 小号 办公椅（人体工学）,办公椅,品牌07,小号,人体工学,灰色,16*1*1,16,BN81G,迈克,收货,上架
SPGi12SoGr,灰色 品牌21 12 触控笔（可溶性）,触控笔,品牌21,12,可溶性,灰色,48*10*5,2400,AQ80F,约翰,收货,上架
AlYn1532Wh,白色 品牌15 15英寸 一体机（32吉字节内存）,一体机,品牌15,15英寸,32吉字节内存,白色,16*1*1,16,AU32A,简,收货,上架
AlPH1516Gr,灰色 品牌12 15英寸 一体机（16吉字节内存）,一体机,品牌12,15英寸,16吉字节内存,灰色,16*1*1,16,AX21H,莎拉,收货,上架
PeGi24HeGr,灰色 品牌21 24 铅笔（六角形）,铅笔,品牌21,24,六角形,灰色,48*10*5,2400,BN10C,亚历克斯,收货,上架
TaTR15WoGr,灰色 品牌29 1500 桌子（工作站）,桌子,品牌29,1500,工作站,灰色,8*1*1,8,DQ81G,艾米丽,收货,上架
PeNa12WaWh,白色 品牌23 12 铅笔（水彩）,铅笔,品牌23,12,水彩,白色,48*10*5,2400,DP27D,克里斯,收货,上架
TVGn504KWh,白色 品牌30 50英寸 电视机（超高清）,电视机,品牌30,50英寸,超高清,白色,8*1*1,8,CT42F,迈克,收货,上架
GaXELAdGr,灰色 品牌06 大号 游戏椅（可调节）,游戏椅,品牌06,大号,可调节,灰色,16*1*1,16,BK96A,亚历克斯,收货,上架
CuQE12FiGr,灰色 品牌01 1200 储物柜（文件收纳）,储物柜,品牌01,1200,文件收纳,灰色,8*1*1,8,BN32F,艾米,收货,上架
LaOv1532Si,银色 品牌13 15英寸 笔记本电脑（32吉字节内存）,笔记本电脑,品牌13,15英寸,32吉字节内存,银色,16*1*1,16,BL08D,简,收货,上架
CaTE12DoGr,灰色 品牌04 1200 文件柜（带门式）,文件柜,品牌04,1200,带门式,灰色,8*1*1,8,DJ69C,约翰,收货,上架
KePH35BlPi,粉色 品牌12 350 键盘（蓝牙）,键盘,品牌12,350,蓝牙,粉色,16*10*1,160,AX59H,简,收货,上架
TVGn324KGr,灰色 品牌30 32英寸 电视机（超高清）,电视机,品牌30,32英寸,超高清,灰色,8*1*1,8,DX78D,迈克,收货,上架
KeHc27MeWh,白色 品牌09 270 键盘（机械式）,键盘,品牌09,270,机械式,白色,16*10*1,160,AP33F,克里斯,收货,上架
GaXESHePi,粉色 品牌06 小号 游戏椅（头枕）,游戏椅,品牌06,小号,头枕,粉色,16*1*1,16,AL82D,大卫,收货,上架
CaWE18SlBl,黑色 品牌02 1800 文件柜（滑动式）,文件柜,品牌02,1800,滑动式,黑色,8*1*1,8,CX98B,简,收货,上架
AlOv158GSi,银色 品牌13 15英寸 一体机（8吉字节内存）,一体机,品牌13,15英寸,8吉字节内存,银色,16*1*1,16,CK56C,简,收货,上架
AlSu1716Wh,白色 品牌11 17英寸 一体机（16吉字节内存）,一体机,品牌11,17英寸,16吉字节内存,白色,16*1*1,16,AW88A,亚历克斯,收货,上架
SPNa50WaBl,黑色 品牌23 50 触控笔（水彩）,触控笔,品牌23,50,水彩,黑色,48*10*5,2400,AN34E,艾米,收货,上架
CuRG90LoWh,白色 品牌03 900 储物柜（储物锁柜）,储物柜,品牌03,900,储物锁柜,白色,8*1*1,8,CQ79C,大卫,收货,上架
LaOv1416Gr,灰色 品牌13 14英寸 笔记本电脑（16吉字节内存）,笔记本电脑,品牌13,14英寸,16吉字节内存,灰色,16*1*1,16,CH97G,艾米,收货,上架
LaSu17i5Wh,白色 品牌11 17英寸 笔记本电脑（第5代处理器）,笔记本电脑,品牌11,17英寸,第5代处理器,白色,16*1*1,16,DR17H,艾米,收货,上架
AlRe1732Bl,黑色 品牌14 17英寸 一体机（32吉字节内存）,一体机,品牌14,17英寸,32吉字节内存,黑色,16*1*1,16,AN65B,艾米,收货,上架
SPAl12HePi,粉色 品牌20 12 触控笔（六角形）,触控笔,品牌20,12,六角形,粉色,48*10*5,2400,AG75E,劳拉,收货,上架
KePH35WiWh,白色 品牌12 350 键盘（有线）,键盘,品牌12,350,有线,白色,16*10*1,160,BZ11D,约翰,收货,上架
PeNa12SoBl,黑色 品牌23 12 铅笔（可溶性）,铅笔,品牌23,12,可溶性,黑色,48*10*5,2400,AO95C,大卫,收货,上架
TaCI18FrSi,银色 品牌27 1800 桌子（框架式）,桌子,品牌27,1800,框架式,银色,8*1*1,8,DR01F,艾米,收货,上架
MoHc35MeNa,藏青色 品牌09 350 鼠标（机械式）,鼠标,品牌09,350,机械式,藏青色,16*10*1,160,DL12B,大卫,收货,上架
TVYn754KGr,灰色 品牌15 75英寸 电视机（超高清）,电视机,品牌15,75英寸,超高清,灰色,8*1*1,8,AP93B,迈克,收货,上架
AlSu15i5Bl,黑色 品牌11 15英寸 一体机（第5代处理器）,一体机,品牌11,15英寸,第5代处理器,黑色,16*1*1,16,CF58A,亚历克斯,收货,上架
SPNa24SoBl,黑色 品牌23 24 触控笔（可溶性）,触控笔,品牌23,24,可溶性,黑色,48*10*5,2400,DL24A,大卫,收货,上架
NoGrA4doWh,白色 品牌18 四号纸 笔记本（点阵）,笔记本,品牌18,四号纸,点阵,白色,48*10*5,2400,BH17C,亚历克斯,收货,上架
TVGL42SFBl,黑色 品牌31 42英寸 电视机（超级全高清）,电视机,品牌31,42英寸,超级全高清,黑色,8*1*1,8,BY86B,亚历克斯,收货,上架
LaOv17i5Si,银色 品牌13 17英寸 笔记本电脑（第5代处理器）,笔记本电脑,品牌13,17英寸,第5代处理器,银色,16*1*1,16,DM12A,克里斯,收货,上架
CuWE90SlWh,白色 品牌02 900 储物柜（滑动式）,储物柜,品牌02,900,滑动式,白色,8*1*1,8,CL20E,简,收货,上架
TaAE15FrGr,灰色 品牌05 1500 桌子（框架式）,桌子,品牌05,1500,框架式,灰色,8*1*1,8,DR30B,艾米丽,收货,上架
CuTE90DoBe,米色 品牌04 900 储物柜（带门式）,储物柜,品牌04,900,带门式,米色,8*1*1,8,CN83C,亚历克斯,收货,上架
CuTE90DoGr,灰色 品牌04 900 储物柜（带门式）,储物柜,品牌04,900,带门式,灰色,8*1*1,8,CQ08C,大卫,收货,上架
PrSoA4AlGr,灰色 品牌25 四号纸 打印机（一体式）,打印机,品牌25,四号纸,一体式,灰色,16*1*1,16,AH58B,迈克,收货,上架
CuQE90DoWh,白色 品牌01 900 储物柜（带门式）,储物柜,品牌01,900,带门式,白色,8*1*1,8,DN20C,劳拉,收货,上架
AlOv1432Wh,白色 品牌13 14英寸 一体机（32吉字节内存）,一体机,品牌13,14英寸,32吉字节内存,白色,16*1*1,16,CU56D,艾米,收货,上架
CuQE12DoBl,黑色 品牌01 1200 储物柜（带门式）,储物柜,品牌01,1200,带门式,黑色,8*1*1,8,BL21C,劳拉,收货,上架
KeSu35MeBl,黑色 品牌11 350 键盘（机械式）,键盘,品牌11,350,机械式,黑色,16*10*1,160,CH63G,艾米,收货,上架
PeGi50SoGr,灰色 品牌21 50 铅笔（可溶性）,铅笔,品牌21,50,可溶性,灰色,48*10*5,2400,AO95G,劳拉,收货,上架
KeSu27BlBl,黑色 品牌11 270 键盘（蓝牙）,键盘,品牌11,270,蓝牙,黑色,16*10*1,160,AV64F,艾米,收货,上架
GaXELAdBl,黑色 品牌06 大号 游戏椅（可调节）,游戏椅,品牌06,大号,可调节,黑色,16*1*1,16,DT25A,亚历克斯,收货,上架
LaSu178GWh,白色 品牌11 17英寸 笔记本电脑（8吉字节内存）,笔记本电脑,品牌11,17英寸,8吉字节内存,白色,16*1*1,16,BJ73G,大卫,收货,上架
PeNa12HePi,粉色 品牌23 12 铅笔（六角形）,铅笔,品牌23,12,六角形,粉色,48*10*5,2400,CI08A,莎拉,收货,上架
LaOv158GSi,银色 品牌13 15英寸 笔记本电脑（8吉字节内存）,笔记本电脑,品牌13,15英寸,8吉字节内存,银色,16*1*1,16,CU98F,大卫,收货,上架
TaTR10AuGr,灰色 品牌29 1000 桌子（自动调节）,桌子,品牌29,1000,自动调节,灰色,8*1*1,8,AX30D,艾米丽,收货,上架
GaAELHeGr,灰色 品牌05 大号 游戏椅（头枕）,游戏椅,品牌05,大号,头枕,灰色,16*1*1,16,BX54E,迈克,收货,上架
LaYn15i7Wh,白色 品牌15 15英寸 笔记本电脑（第7代处理器）,笔记本电脑,品牌15,15英寸,第7代处理器,白色,16*1*1,16,BV64B,大卫,收货,上架
MoSu35MeNa,藏青色 品牌11 350 鼠标（机械式）,鼠标,品牌11,350,机械式,藏青色,16*10*1,160,BL44B,大卫,收货,上架
LaSu1432Bl,黑色 品牌11 14英寸 笔记本电脑（32吉字节内存）,笔记本电脑,品牌11,14英寸,32吉字节内存,黑色,16*1*1,16,AJ03F,亚历克斯,收货,上架
AlPH1732Gr,灰色 品牌12 17英寸 一体机（32吉字节内存）,一体机,品牌12,17英寸,32吉字节内存,灰色,16*1*1,16,CP69D,大卫,收货,上架
SPAl50SoWh,白色 品牌20 50 触控笔（可溶性）,触控笔,品牌20,50,可溶性,白色,48*10*5,2400,CO98F,亚历克斯,收货,上架
DrQE18LoGr,灰色 品牌01 1800 抽屉柜（储物锁柜）,抽屉柜,品牌01,1800,储物锁柜,灰色,8*1*1,8,CQ82C,艾米,收货,上架
MoPH45MeNa,藏青色 品牌12 450 鼠标（机械式）,鼠标,品牌12,450,机械式,藏青色,16*10*1,160,BZ20H,莎拉,收货,上架
AlRe1732Wh,白色 品牌14 17英寸 一体机（32吉字节内存）,一体机,品牌14,17英寸,32吉字节内存,白色,16*1*1,16,BS45E,迈克,收货,上架
KePH35ErWh,白色 品牌12 350 键盘（人体工学）,键盘,品牌12,350,人体工学,白色,16*10*1,160,BG76D,克里斯,收货,上架
MoRe35ErNa,藏青色 品牌10 350 鼠标（人体工学）,鼠标,品牌10,350,人体工学,藏青色,16*10*1,160,BJ30G,约翰,收货,上架
CuRG18FiBe,米色 品牌03 1800 储物柜（文件收纳）,储物柜,品牌03,1800,文件收纳,米色,8*1*1,8,BI20G,莎拉,收货,上架
OfOGLLeBl,黑色 品牌07 大号 办公椅（皮革）,办公椅,品牌07,大号,皮革,黑色,16*1*1,16,DZ33E,约翰,收货,上架
LaOv178GBl,黑色 品牌13 17英寸 笔记本电脑（8吉字节内存）,笔记本电脑,品牌13,17英寸,8吉字节内存,黑色,16*1*1,16,AI07H,简,收货,上架
CaRG18FiWh,白色 品牌03 1800 文件柜（文件收纳）,文件柜,品牌03,1800,文件收纳,白色,8*1*1,8,CQ97A,艾米丽,收货,上架
PeGi24HeGr,灰色 品牌21 24 铅笔（六角形）,铅笔,品牌21,24,六角形,灰色,48*10*5,2400,DQ22D,艾米丽,收货,上架
AlYn178GGr,灰色 品牌15 17英寸 一体机（8吉字节内存）,一体机,品牌15,17英寸,8吉字节内存,灰色,16*1*1,16,BL75D,艾米,收货,上架
CaWE90FiBe,米色 品牌02 900 文件柜（文件收纳）,文件柜,品牌02,900,文件收纳,米色,8*1*1,8,DK69B,迈克,收货,上架
DrQE90LoBe,米色 品牌01 900 抽屉柜（储物锁柜）,抽屉柜,品牌01,900,储物锁柜,米色,8*1*1,8,BU12B,迈克,收货,上架
TVYn42SFGr,灰色 品牌15 42英寸 电视机（超级全高清）,电视机,品牌15,42英寸,超级全高清,灰色,8*1*1,8,AG41H,艾米,收货,上架
LaPH17i7Si,银色 品牌12 17英寸 笔记本电脑（第7代处理器）,笔记本电脑,品牌12,17英寸,第7代处理器,银色,16*1*1,16,BR51F,艾米丽,收货,上架
PrSoA2InWh,白色 品牌25 二号纸 打印机（喷墨）,打印机,品牌25,二号纸,喷墨,白色,16*1*1,16,CG37E,莎拉,收货,上架
TaCI18WoWh,白色 品牌27 1800 桌子（工作站）,桌子,品牌27,1800,工作站,白色,8*1*1,8,AJ60B,简,收货,上架
TVGL504KGr,灰色 品牌31 50英寸 电视机（超高清）,电视机,品牌31,50英寸,超高清,灰色,8*1*1,8,BX46B,约翰,收货,上架
PrReA4LaBl,黑色 品牌24 四号纸 打印机（激光）,打印机,品牌24,四号纸,激光,黑色,16*1*1,16,BQ66E,艾米丽,收货,上架
OfOGMAdPi,粉色 品牌07 中号 办公椅（可调节）,办公椅,品牌07,中号,可调节,粉色,16*1*1,16,AZ33F,艾米,收货,上架
PrPHA3WiMi,混合色 品牌12 三号纸 打印机（无线网络）,打印机,品牌12,三号纸,无线网络,混合色,16*1*1,16,DX91E,迈克,收货,上架
OfOGLErPi,粉色 品牌07 大号 办公椅（人体工学）,办公椅,品牌07,大号,人体工学,粉色,16*1*1,16,DT43E,亚历克斯,收货,上架
KeRe27ErPi,粉色 品牌10 270 键盘（人体工学）,键盘,品牌10,270,人体工学,粉色,16*10*1,160,AW55H,克里斯,收货,上架
DrRG12LoWh,白色 品牌03 1200 抽屉柜（储物锁柜）,抽屉柜,品牌03,1200,储物锁柜,白色,8*1*1,8,CT63H,艾米,收货,上架
GaAESHePi,粉色 品牌05 小号 游戏椅（头枕）,游戏椅,品牌05,小号,头枕,粉色,16*1*1,16,DH85H,艾米丽,收货,上架
AlYn148GSi,银色 品牌15 14英寸 一体机（8吉字节内存）,一体机,品牌15,14英寸,8吉字节内存,银色,16*1*1,16,CK37G,大卫,收货,上架
PrSoA3WiBl,黑色 品牌25 三号纸 打印机（无线网络）,打印机,品牌25,三号纸,无线网络,黑色,16*1*1,16,DS14F,简,收货,上架
KeSu27MeWh,白色 品牌11 270 键盘（机械式）,键盘,品牌11,270,机械式,白色,16*10*1,160,CT23B,简,收货,上架
DrTE90DoBe,米色 品牌04 900 抽屉柜（带门式）,抽屉柜,品牌04,900,带门式,米色,8*1*1,8,CG75H,迈克,收货,上架
TVEs424KSi,银色 品牌32 42英寸 电视机（超高清）,电视机,品牌32,42英寸,超高清,银色,8*1*1,8,DO24C,艾米,收货,上架
LaRe17i5Wh,白色 品牌14 17英寸 笔记本电脑（第5代处理器）,笔记本电脑,品牌14,17英寸,第5代处理器,白色,16*1*1,16,DH42B,艾米丽,收货,上架
SPAl50SoBl,黑色 品牌20 50 触控笔（可溶性）,触控笔,品牌20,50,可溶性,黑色,48*10*5,2400,AN41B,约翰,收货,上架
LaYn1432Gr,灰色 品牌15 14英寸 笔记本电脑（32吉字节内存）,笔记本电脑,品牌15,14英寸,32吉字节内存,灰色,16*1*1,16,DT59D,简,收货,上架
TaCI18AuSi,银色 品牌27 1800 桌子（自动调节）,桌子,品牌27,1800,自动调节,银色,8*1*1,8,AU64D,克里斯,收货,上架
NoExA5liWh,白色 品牌16 五号纸 笔记本（线条）,笔记本,品牌16,五号纸,线条,白色,48*10*5,2400,CG17E,艾米丽,收货,上架
MoRe27MeBl,黑色 品牌10 270 鼠标（机械式）,鼠标,品牌10,270,机械式,黑色,16*10*1,160,CS30G,迈克,收货,上架
LaYn1416Gr,灰色 品牌15 14英寸 笔记本电脑（16吉字节内存）,笔记本电脑,品牌15,14英寸,16吉字节内存,灰色,16*1*1,16,CK44A,简,收货,上架
GaSESErWh,白色 品牌08 小号 游戏椅（人体工学）,游戏椅,品牌08,小号,人体工学,白色,16*1*1,16,AS14B,简,收货,上架
LaRe1732Si,银色 品牌14 17英寸 笔记本电脑（32吉字节内存）,笔记本电脑,品牌14,17英寸,32吉字节内存,银色,16*1*1,16,AM54E,克里斯,收货,上架
PeAl12HePi,粉色 品牌20 12 铅笔（六角形）,铅笔,品牌20,12,六角形,粉色,48*10*5,2400,BO40E,艾米,收货,上架
OfOGLAdWh,白色 品牌07 大号 办公椅（可调节）,办公椅,品牌07,大号,可调节,白色,16*1*1,16,DV19A,约翰,收货,上架
PrNoA4InMi,混合色 品牌26 四号纸 打印机（喷墨）,打印机,品牌26,四号纸,喷墨,混合色,16*1*1,16,BX53A,莎拉,收货,上架
DrRG18LoWh,白色 品牌03 1800 抽屉柜（储物锁柜）,抽屉柜,品牌03,1800,储物锁柜,白色,8*1*1,8,CI73G,劳拉,收货,上架
CaQE18SlBe,米色 品牌01 1800 文件柜（滑动式）,文件柜,品牌01,1800,滑动式,米色,8*1*1,8,AV21A,简,收货,上架
KeHc35WiBl,黑色 品牌09 350 键盘（有线）,键盘,品牌09,350,有线,黑色,16*10*1,160,AN70E,劳拉,收货,上架
DrWE12LoGr,灰色 品牌02 1200 抽屉柜（储物锁柜）,抽屉柜,品牌02,1200,储物锁柜,灰色,8*1*1,8,CL76A,大卫,收货,上架
KeSu35ErNa,藏青色 品牌11 350 键盘（人体工学）,键盘,品牌11,350,人体工学,藏青色,16*10*1,160,BG78E,约翰,收货,上架
KeRe27MePi,粉色 品牌10 270 键盘（机械式）,键盘,品牌10,270,机械式,粉色,16*10*1,160,AP74G,艾米丽,收货,上架
TVEs50S4Wh,白色 品牌32 50英寸 电视机（超级超高清）,电视机,品牌32,50英寸,超级超高清,白色,8*1*1,8,AJ37G,劳拉,收货,上架
GaSESErGr,灰色 品牌08 小号 游戏椅（人体工学）,游戏椅,品牌08,小号,人体工学,灰色,16*1*1,16,DP64E,大卫,收货,上架
DrTE18FiWh,白色 品牌04 1800 抽屉柜（文件收纳）,抽屉柜,品牌04,1800,文件收纳,白色,8*1*1,8,DG37D,莎拉,收货,上架
TVGL75SFWh,白色 品牌31 75英寸 电视机（超级全高清）,电视机,品牌31,75英寸,超级全高清,白色,8*1*1,8,AI38B,艾米,收货,上架
DrQE18DoWh,白色 品牌01 1800 抽屉柜（带门式）,抽屉柜,品牌01,1800,带门式,白色,8*1*1,8,AL90D,艾米丽,收货,上架
PrPHA4WiWh,白色 品牌12 四号纸 打印机（无线网络）,打印机,品牌12,四号纸,无线网络,白色,16*1*1,16,AW55A,艾米,收货,上架
CaWE90FiGr,灰色 品牌02 900 文件柜（文件收纳）,文件柜,品牌02,900,文件收纳,灰色,8*1*1,8,CQ81E,劳拉,收货,上架
TVGL50FHGr,灰色 品牌31 50英寸 电视机（全高清）,电视机,品牌31,50英寸,全高清,灰色,8*1*1,8,DX93D,亚历克斯,收货,上架
LaPH1532Bl,黑色 品牌12 15英寸 笔记本电脑（32吉字节内存）,笔记本电脑,品牌12,15英寸,32吉字节内存,黑色,16*1*1,16,AR55C,约翰,收货,上架
TVEs50S4Si,银色 品牌32 50英寸 电视机（超级超高清）,电视机,品牌32,50英寸,超级超高清,银色,8*1*1,8,DT27A,艾米丽,收货,上架
PrSoA2LaGr,灰色 品牌25 二号纸 打印机（激光）,打印机,品牌25,二号纸,激光,灰色,16*1*1,16,AJ22D,艾米丽,收货,上架
MoSu45WiPi,粉色 品牌11 450 鼠标（有线）,鼠标,品牌11,450,有线,粉色,16*10*1,160,BF83B,迈克,收货,上架
TVYn50SFGr,灰色 品牌15 50英寸 电视机（超级全高清）,电视机,品牌15,50英寸,超级全高清,灰色,8*1*1,8,CV21G,迈克,收货,上架
NoGrA3doSi,银色 品牌18 三号纸 笔记本（点阵）,笔记本,品牌18,三号纸,点阵,银色,48*10*5,2400,AO85F,克里斯,收货,上架
DrRG18SlWh,白色 品牌03 1800 抽屉柜（滑动式）,抽屉柜,品牌03,1800,滑动式,白色,8*1*1,8,CJ37G,大卫,收货,上架
GaAESAdWh,白色 品牌05 小号 游戏椅（可调节）,游戏椅,品牌05,小号,可调节,白色,16*1*1,16,AR12E,艾米,收货,上架
TVGL75SFSi,银色 品牌31 75英寸 电视机（超级全高清）,电视机,品牌31,75英寸,超级全高清,银色,8*1*1,8,BX58E,克里斯,收货,上架
LaSu15i5Si,银色 品牌11 15英寸 笔记本电脑（第5代处理器）,笔记本电脑,品牌11,15英寸,第5代处理器,银色,16*1*1,16,BX17D,约翰,收货,上架
TVEs75S4Bl,黑色 品牌32 75英寸 电视机（超级超高清）,电视机,品牌32,75英寸,超级超高清,黑色,8*1*1,8,CZ07A,迈克,收货,上架
GaXEMLeGr,灰色 品牌06 中号 游戏椅（皮革）,游戏椅,品牌06,中号,皮革,灰色,16*1*1,16,AK33H,约翰,收货,上架
PeNa12WaPi,粉色 品牌23 12 铅笔（水彩）,铅笔,品牌23,12,水彩,粉色,48*10*5,2400,BN62B,约翰,收货,上架
TVGn32FHBl,黑色 品牌30 32英寸 电视机（全高清）,电视机,品牌30,32英寸,全高清,黑色,8*1*1,8,DX25H,艾米丽,收货,上架
MoHc35BlWh,白色 品牌09 350 鼠标（蓝牙）,鼠标,品牌09,350,蓝牙,白色,16*10*1,160,CT82D,艾米,收货,上架
LaPH1416Gr,灰色 品牌12 14英寸 笔记本电脑（16吉字节内存）,笔记本电脑,品牌12,14英寸,16吉字节内存,灰色,16*1*1,16,AO95A,亚历克斯,收货,上架
KePH45ErPi,粉色 品牌12 450 键盘（人体工学）,键盘,品牌12,450,人体工学,粉色,16*10*1,160,DQ88H,艾米丽,收货,上架
LaYn178GBl,黑色 品牌15 17英寸 笔记本电脑（8吉字节内存）,笔记本电脑,品牌15,17英寸,8吉字节内存,黑色,16*1*1,16,BV14C,迈克,收货,上架
TVYn32SFBl,黑色 品牌15 32英寸 电视机（超级全高清）,电视机,品牌15,32英寸,超级全高清,黑色,8*1*1,8,AI87A,艾米,收货,上架
CaWE18FiWh,白色 品牌02 1800 文件柜（文件收纳）,文件柜,品牌02,1800,文件收纳,白色,8*1*1,8,AQ43A,大卫,收货,上架
KeHc35BlBl,黑色 品牌09 350 键盘（蓝牙）,键盘,品牌09,350,蓝牙,黑色,16*10*1,160,BJ78G,简,收货,上架
TaTR15AdWh,白色 品牌29 1500 桌子（可调节）,桌子,品牌29,1500,可调节,白色,8*1*1,8,DS70E,简,收货,上架
CaQE12LoGr,灰色 品牌01 1200 文件柜（储物锁柜）,文件柜,品牌01,1200,储物锁柜,灰色,8*1*1,8,DR31G,迈克,收货,上架
PeRe50HeGr,灰色 品牌22 50 铅笔（六角形）,铅笔,品牌22,50,六角形,灰色,48*10*5,2400,CV31E,艾米丽,收货,上架
NoMuA4liBl,黑色 品牌19 四号纸 笔记本（线条）,笔记本,品牌19,四号纸,线条,黑色,48*10*5,2400,DN88G,迈克,收货,上架
GaSESErBl,黑色 品牌08 小号 游戏椅（人体工学）,游戏椅,品牌08,小号,人体工学,黑色,16*1*1,16,CK64H,莎拉,收货,上架
KeRe35MeBl,黑色 品牌10 350 键盘（机械式）,键盘,品牌10,350,机械式,黑色,16*10*1,160,BL48A,迈克,收货,上架
DrRG90SlGr,灰色 品牌03 900 抽屉柜（滑动式）,抽屉柜,品牌03,900,滑动式,灰色,8*1*1,8,DY45D,大卫,收货,上架
TaAE15FrBl,黑色 品牌05 1500 桌子（框架式）,桌子,品牌05,1500,框架式,黑色,8*1*1,8,BZ90B,艾米丽,收货,上架
LaPH148GBl,黑色 品牌12 14英寸 笔记本电脑（8吉字节内存）,笔记本电脑,品牌12,14英寸,8吉字节内存,黑色,16*1*1,16,DP89C,简,收货,上架
AlPH178GSi,银色 品牌12 17英寸 一体机（8吉字节内存）,一体机,品牌12,17英寸,8吉字节内存,银色,16*1*1,16,CM23F,艾米丽,收货,上架
CaRG12LoBl,黑色 品牌03 1200 文件柜（储物锁柜）,文件柜,品牌03,1200,储物锁柜,黑色,8*1*1,8,BW82F,约翰,收货,上架
LaRe14i7Gr,灰色 品牌14 14英寸 笔记本电脑（第7代处理器）,笔记本电脑,品牌14,14英寸,第7代处理器,灰色,16*1*1,16,AW40B,简,收货,上架
TVGn32SFSi,银色 品牌30 32英寸 电视机（超级全高清）,电视机,品牌30,32英寸,超级全高清,银色,8*1*1,8,CG33H,迈克,收货,上架
PrNoA4MoGr,灰色 品牌26 四号纸 打印机（黑白）,打印机,品牌26,四号纸,黑白,灰色,16*1*1,16,DK29H,莎拉,收货,上架
AlSu1732Bl,黑色 品牌11 17英寸 一体机（32吉字节内存）,一体机,品牌11,17英寸,32吉字节内存,黑色,16*1*1,16,DO43E,大卫,收货,上架
TVEs42SFSi,银色 品牌32 42英寸 电视机（超级全高清）,电视机,品牌32,42英寸,超级全高清,银色,8*1*1,8,BT93B,艾米丽,收货,上架
DrWE12FiGr,灰色 品牌02 1200 抽屉柜（文件收纳）,抽屉柜,品牌02,1200,文件收纳,灰色,8*1*1,8,DO43D,莎拉,收货,上架
TVYn32S4Si,银色 品牌15 32英寸 电视机（超级超高清）,电视机,品牌15,32英寸,超级超高清,银色,8*1*1,8,BF31C,克里斯,收货,上架
TaAE18FrBl,黑色 品牌05 1800 桌子（框架式）,桌子,品牌05,1800,框架式,黑色,8*1*1,8,BQ11H,约翰,收货,上架
CuRG12FiBl,黑色 品牌03 1200 储物柜（文件收纳）,储物柜,品牌03,1200,文件收纳,黑色,8*1*1,8,DQ37A,莎拉,收货,上架
GaSEMAdWh,白色 品牌08 中号 游戏椅（可调节）,游戏椅,品牌08,中号,可调节,白色,16*1*1,16,BQ97H,莎拉,收货,上架
CuTE12FiWh,白色 品牌04 1200 储物柜（文件收纳）,储物柜,品牌04,1200,文件收纳,白色,8*1*1,8,CW33H,大卫,收货,上架
CaQE90SlBe,米色 品牌01 900 文件柜（滑动式）,文件柜,品牌01,900,滑动式,米色,8*1*1,8,BU89D,简,收货,上架
LaSu1516Bl,黑色 品牌11 15英寸 笔记本电脑（16吉字节内存）,笔记本电脑,品牌11,15英寸,16吉字节内存,黑色,16*1*1,16,CM53E,约翰,收货,上架
NoGrA3doSi,银色 品牌18 三号纸 笔记本（点阵）,笔记本,品牌18,三号纸,点阵,银色,48*10*5,2400,BK73H,亚历克斯,收货,上架
OfXESAdWh,白色 品牌06 小号 办公椅（可调节）,办公椅,品牌06,小号,可调节,白色,16*1*1,16,BI15G,简,收货,上架
AlOv158GBl,黑色 品牌13 15英寸 一体机（8吉字节内存）,一体机,品牌13,15英寸,8吉字节内存,黑色,16*1*1,16,BU95G,克里斯,收货,上架
SPGi24HePi,粉色 品牌21 24 触控笔（六角形）,触控笔,品牌21,24,六角形,粉色,48*10*5,2400,DL92C,约翰,收货,上架
CaQE12LoBe,米色 品牌01 1200 文件柜（储物锁柜）,文件柜,品牌01,1200,储物锁柜,米色,8*1*1,8,DO47F,克里斯,收货,上架
GaOGMHePi,粉色 品牌07 中号 游戏椅（头枕）,游戏椅,品牌07,中号,头枕,粉色,16*1*1,16,DP86A,大卫,收货,上架
KeRe45BlBl,黑色 品牌10 450 键盘（蓝牙）,键盘,品牌10,450,蓝牙,黑色,16*10*1,160,AF44G,约翰,收货,上架
LaPH158GBl,黑色 品牌12 15英寸 笔记本电脑（8吉字节内存）,笔记本电脑,品牌12,15英寸,8吉字节内存,黑色,16*1*1,16,BN04A,克里斯,收货,上架
TVEs424KSi,银色 品牌32 42英寸 电视机（超高清）,电视机,品牌32,42英寸,超高清,银色,8*1*1,8,BR38H,迈克,收货,上架
LaSu1732Gr,灰色 品牌11 17英寸 笔记本电脑（32吉字节内存）,笔记本电脑,品牌11,17英寸,32吉字节内存,灰色,16*1*1,16,AF53F,大卫,收货,上架
PrReA2MoBl,黑色 品牌24 二号纸 打印机（黑白）,打印机,品牌24,二号纸,黑白,黑色,16*1*1,16,AN81D,大卫,收货,上架
CuTE12DoBl,黑色 品牌04 1200 储物柜（带门式）,储物柜,品牌04,1200,带门式,黑色,8*1*1,8,AS70E,大卫,收货,上架
LaYn15i7Gr,灰色 品牌15 15英寸 笔记本电脑（第7代处理器）,笔记本电脑,品牌15,15英寸,第7代处理器,灰色,16*1*1,16,AK67A,大卫,收货,上架
PrNoA3LaBl,黑色 品牌26 三号纸 打印机（激光）,打印机,品牌26,三号纸,激光,黑色,16*1*1,16,BY41G,迈克,收货,上架
NoExA3liGr,灰色 品牌16 三号纸 笔记本（线条）,笔记本,品牌16,三号纸,线条,灰色,48*10*5,2400,AI73G,艾米,收货,上架
CaRG18FiBe,米色 品牌03 1800 文件柜（文件收纳）,文件柜,品牌03,1800,文件收纳,米色,8*1*1,8,CS28H,克里斯,收货,上架
OfSESHeGr,灰色 品牌08 小号 办公椅（头枕）,办公椅,品牌08,小号,头枕,灰色,16*1*1,16,AN88G,劳拉,收货,上架
SPGi12HeWh,白色 品牌21 12 触控笔（六角形）,触控笔,品牌21,12,六角形,白色,48*10*5,2400,BH39B,亚历克斯,收货,上架
CaQE12DoBl,黑色 品牌01 1200 文件柜（带门式）,文件柜,品牌01,1200,带门式,黑色,8*1*1,8,CO75E,大卫,收货,上架
KeHc27BlPi,粉色 品牌09 270 键盘（蓝牙）,键盘,品牌09,270,蓝牙,粉色,16*10*1,160,AF31B,大卫,收货,上架
PeAl24HeGr,灰色 品牌20 24 铅笔（六角形）,铅笔,品牌20,24,六角形,灰色,48*10*5,2400,DX24E,艾米,收货,上架
MoRe35WiPi,粉色 品牌10 350 鼠标（有线）,鼠标,品牌10,350,有线,粉色,16*10*1,160,BZ65B,约翰,收货,上架
AlYn1432Bl,黑色 品牌15 14英寸 一体机（32吉字节内存）,一体机,品牌15,14英寸,32吉字节内存,黑色,16*1*1,16,AP34A,约翰,收货,上架
NoExA5doSi,银色 品牌16 五号纸 笔记本（点阵）,笔记本,品牌16,五号纸,点阵,银色,48*10*5,2400,AQ87F,莎拉,收货,上架
OfXEMErPi,粉色 品牌06 中号 办公椅（人体工学）,办公椅,品牌06,中号,人体工学,粉色,16*1*1,16,DZ90D,迈克,收货,上架
TaCI18AuWh,白色 品牌27 1800 桌子（自动调节）,桌子,品牌27,1800,自动调节,白色,8*1*1,8,DF33E,迈克,收货,上架
TaAE15AuBl,黑色 品牌05 1500 桌子（自动调节）,桌子,品牌05,1500,自动调节,黑色,8*1*1,8,AF69E,艾米丽,收货,上架
CaQE12LoWh,白色 品牌01 1200 文件柜（储物锁柜）,文件柜,品牌01,1200,储物锁柜,白色,8*1*1,8,CU58C,约翰,收货,上架
AlRe1516Si,银色 品牌14 15英寸 一体机（16吉字节内存）,一体机,品牌14,15英寸,16吉字节内存,银色,16*1*1,16,AZ22H,简,收货,上架
TVYn75S4Bl,黑色 品牌15 75英寸 电视机（超级超高清）,电视机,品牌15,75英寸,超级超高清,黑色,8*1*1,8,DJ42A,艾米丽,收货,上架
GaOGMErWh,白色 品牌07 中号 游戏椅（人体工学）,游戏椅,品牌07,中号,人体工学,白色,16*1*1,16,BJ59A,莎拉,收货,上架
OfOGMHeWh,白色 品牌07 中号 办公椅（头枕）,办公椅,品牌07,中号,头枕,白色,16*1*1,16,DH58F,约翰,收货,上架
MoPH45ErPi,粉色 品牌12 450 鼠标（人体工学）,鼠标,品牌12,450,人体工学,粉色,16*10*1,160,DI41G,克里斯,收货,上架
CaQE12FiGr,灰色 品牌01 1200 文件柜（文件收纳）,文件柜,品牌01,1200,文件收纳,灰色,8*1*1,8,BF70F,迈克,收货,上架
MoHc35BlBl,黑色 品牌09 350 鼠标（蓝牙）,鼠标,品牌09,350,蓝牙,黑色,16*10*1,160,BH30G,劳拉,收货,上架
TVYn32FHSi,银色 品牌15 32英寸 电视机（全高清）,电视机,品牌15,32英寸,全高清,银色,8*1*1,8,AN51F,迈克,收货,上架
PeAl50WaGr,灰色 品牌20 50 铅笔（水彩）,铅笔,品牌20,50,水彩,灰色,48*10*5,2400,AU81F,迈克,收货,上架
LaOv1432Gr,灰色 品牌13 14英寸 笔记本电脑（32吉字节内存）,笔记本电脑,品牌13,14英寸,32吉字节内存,灰色,16*1*1,16,DJ49E,简,收货,上架
TVEs654KWh,白色 品牌32 65英寸 电视机（超高清）,电视机,品牌32,65英寸,超高清,白色,8*1*1,8,DP79B,约翰,收货,上架
MoRe27MeBl,黑色 品牌10 270 鼠标（机械式）,鼠标,品牌10,270,机械式,黑色,16*10*1,160,CO36G,艾米,收货,上架
TVGL32SFSi,银色 品牌31 32英寸 电视机（超级全高清）,电视机,品牌31,32英寸,超级全高清,银色,8*1*1,8,AQ39H,艾米丽,收货,上架
PrSoA3LaWh,白色 品牌25 三号纸 打印机（激光）,打印机,品牌25,三号纸,激光,白色,16*1*1,16,CN13E,简,收货,上架
CuTE12LoBe,米色 品牌04 1200 储物柜（储物锁柜）,储物柜,品牌04,1200,储物锁柜,米色,8*1*1,8,BW31H,大卫,收货,上架
TVGn654KBl,黑色 品牌30 65英寸 电视机（超高清）,电视机,品牌30,65英寸,超高清,黑色,8*1*1,8,CV19D,亚历克斯,收货,上架
OfOGLHePi,粉色 品牌07 大号 办公椅（头枕）,办公椅,品牌07,大号,头枕,粉色,16*1*1,16,CY22C,莎拉,收货,上架
AlRe158GGr,灰色 品牌14 15英寸 一体机（8吉字节内存）,一体机,品牌14,15英寸,8吉字节内存,灰色,16*1*1,16,CQ98H,迈克,收货,上架
TVGL50S4Wh,白色 品牌31 50英寸 电视机（超级超高清）,电视机,品牌31,50英寸,超级超高清,白色,8*1*1,8,DJ66G,简,收货,上架
PeRe50HeGr,灰色 品牌22 50 铅笔（六角形）,铅笔,品牌22,50,六角形,灰色,48*10*5,2400,CJ26A,大卫,收货,上架
KeHc45MeWh,白色 品牌09 450 键盘（机械式）,键盘,品牌09,450,机械式,白色,16*10*1,160,CR82H,莎拉,收货,上架
AlRe1532Bl,黑色 品牌14 15英寸 一体机（32吉字节内存）,一体机,品牌14,15英寸,32吉字节内存,黑色,16*1*1,16,DW32C,大卫,收货,上架
PeNa50SoPi,粉色 品牌23 50 铅笔（可溶性）,铅笔,品牌23,50,可溶性,粉色,48*10*5,2400,AG12D,亚历克斯,收货,上架
DrTE90FiBl,黑色 品牌04 900 抽屉柜（文件收纳）,抽屉柜,品牌04,900,文件收纳,黑色,8*1*1,8,BI51C,简,收货,上架
NoGrA5ruWh,白色 品牌18 五号纸 笔记本（横线）,笔记本,品牌18,五号纸,横线,白色,48*10*5,2400,BR63H,亚历克斯,收货,上架
GaAEMAdGr,灰色 品牌05 中号 游戏椅（可调节）,游戏椅,品牌05,中号,可调节,灰色,16*1*1,16,DL73H,约翰,收货,上架
DrWE90SlGr,灰色 品牌02 900 抽屉柜（滑动式）,抽屉柜,品牌02,900,滑动式,灰色,8*1*1,8,BL18B,克里斯,收货,上架
GaSELErWh,白色 品牌08 大号 游戏椅（人体工学）,游戏椅,品牌08,大号,人体工学,白色,16*1*1,16,CH08A,亚历克斯,收货,上架
MoSu45BlNa,藏青色 品牌11 450 鼠标（蓝牙）,鼠标,品牌11,450,蓝牙,藏青色,16*10*1,160,CN14G,莎拉,收货,上架
TVYn42SFGr,灰色 品牌15 42英寸 电视机（超级全高清）,电视机,品牌15,42英寸,超级全高清,灰色,8*1*1,8,DW28C,劳拉,收货,上架
TVYn654KBl,黑色 品牌15 65英寸 电视机（超高清）,电视机,品牌15,65英寸,超高清,黑色,8*1*1,8,CS97E,艾米,收货,上架
GaOGSHePi,粉色 品牌07 小号 游戏椅（头枕）,游戏椅,品牌07,小号,头枕,粉色,16*1*1,16,BM51D,克里斯,收货,上架
LaYn14i5Wh,白色 品牌15 14英寸 笔记本电脑（第5代处理器）,笔记本电脑,品牌15,14英寸,第5代处理器,白色,16*1*1,16,DL81C,简,收货,上架
LaRe1416Bl,黑色 品牌14 14英寸 笔记本电脑（16吉字节内存）,笔记本电脑,品牌14,14英寸,16吉字节内存,黑色,16*1*1,16,AK08C,迈克,收货,上架
PrSoA4WiGr,灰色 品牌25 四号纸 打印机（无线网络）,打印机,品牌25,四号纸,无线网络,灰色,16*1*1,16,DT70D,大卫,收货,上架
TVYn32SFGr,灰色 品牌15 32英寸 电视机（超级全高清）,电视机,品牌15,32英寸,超级全高清,灰色,8*1*1,8,CG62H,简,收货,上架
PrReA3AlBl,黑色 品牌24 三号纸 打印机（一体式）,打印机,品牌24,三号纸,一体式,黑色,16*1*1,16,AQ70G,艾米丽,收货,上架
CaWE18FiBl,黑色 品牌02 1800 文件柜（文件收纳）,文件柜,品牌02,1800,文件收纳,黑色,8*1*1,8,BN19D,艾米,收货,上架
TVEs754KSi,银色 品牌32 75英寸 电视机（超高清）,电视机,品牌32,75英寸,超高清,银色,8*1*1,8,DQ73A,劳拉,收货,上架
AlRe17i5Gr,灰色 品牌14 17英寸 一体机（第5代处理器）,一体机,品牌14,17英寸,第5代处理器,灰色,16*1*1,16,AI53B,约翰,收货,上架
MoSu35WiNa,藏青色 品牌11 350 鼠标（有线）,鼠标,品牌11,350,有线,藏青色,16*10*1,160,DY13B,迈克,收货,上架
TaAE10AuGr,灰色 品牌05 1000 桌子（自动调节）,桌子,品牌05,1000,自动调节,灰色,8*1*1,8,DO29G,约翰,收货,上架
TVGL32S4Si,银色 品牌31 32英寸 电视机（超级超高清）,电视机,品牌31,32英寸,超级超高清,银色,8*1*1,8,DV96G,劳拉,收货,上架
NoExA3liWh,白色 品牌16 三号纸 笔记本（线条）,笔记本,品牌16,三号纸,线条,白色,48*10*5,2400,AN26C,艾米,收货,上架
PeNa24SoGr,灰色 品牌23 24 铅笔（可溶性）,铅笔,品牌23,24,可溶性,灰色,48*10*5,2400,DR08B,约翰,收货,上架
GaSESLeGr,灰色 品牌08 小号 游戏椅（皮革）,游戏椅,品牌08,小号,皮革,灰色,16*1*1,16,AH26C,劳拉,收货,上架
OfSEMErPi,粉色 品牌08 中号 办公椅（人体工学）,办公椅,品牌08,中号,人体工学,粉色,16*1*1,16,AM15E,克里斯,收货,上架
GaXEMHeBl,黑色 品牌06 中号 游戏椅（头枕）,游戏椅,品牌06,中号,头枕,黑色,16*1*1,16,DU54F,莎拉,收货,上架
SPGi50SoGr,灰色 品牌21 50 触控笔（可溶性）,触控笔,品牌21,50,可溶性,灰色,48*10*5,2400,DG35C,克里斯,收货,上架
TaTR15AdGr,灰色 品牌29 1500 桌子（可调节）,桌子,品牌29,1500,可调节,灰色,8*1*1,8,DH92F,劳拉,收货,上架
DrRG12LoBl,黑色 品牌03 1200 抽屉柜（储物锁柜）,抽屉柜,品牌03,1200,储物锁柜,黑色,8*1*1,8,BU44G,劳拉,收货,上架
LaRe17i5Wh,白色 品牌14 17英寸 笔记本电脑（第5代处理器）,笔记本电脑,品牌14,17英寸,第5代处理器,白色,16*1*1,16,CI02D,克里斯,收货,上架
AlRe148GBl,黑色 品牌14 14英寸 一体机（8吉字节内存）,一体机,品牌14,14英寸,8吉字节内存,黑色,16*1*1,16,DK16F,简,收货,上架
LaPH158GSi,银色 品牌12 15英寸 笔记本电脑（8吉字节内存）,笔记本电脑,品牌12,15英寸,8吉字节内存,银色,16*1*1,16,BN01D,劳拉,收货,上架
MoPH45MeWh,白色 品牌12 450 鼠标（机械式）,鼠标,品牌12,450,机械式,白色,16*10*1,160,AG37F,艾米丽,收货,上架
OfAELAdGr,灰色 品牌05 大号 办公椅（可调节）,办公椅,品牌05,大号,可调节,灰色,16*1*1,16,CT67H,劳拉,收货,上架
DrWE18FiBe,米色 品牌02 1800 抽屉柜（文件收纳）,抽屉柜,品牌02,1800,文件收纳,米色,8*1*1,8,BO47F,莎拉,收货,上架
SPGi50SoWh,白色 品牌21 50 触控笔（可溶性）,触控笔,品牌21,50,可溶性,白色,48*10*5,2400,CL66B,莎拉,收货,上架
OfOGLLePi,粉色 品牌07 大号 办公椅（皮革）,办公椅,品牌07,大号,皮革,粉色,16*1*1,16,AI20B,迈克,收货,上架
GaOGSErWh,白色 品牌07 小号 游戏椅（人体工学）,游戏椅,品牌07,小号,人体工学,白色,16*1*1,16,DP83F,约翰,收货,上架
GaSEMLeBl,黑色 品牌08 中号 游戏椅（皮革）,游戏椅,品牌08,中号,皮革,黑色,16*1*1,16,AF11E,劳拉,收货,上架
LaSu1532Si,银色 品牌11 15英寸 笔记本电脑（32吉字节内存）,笔记本电脑,品牌11,15英寸,32吉字节内存,银色,16*1*1,16,BG22G,亚历克斯,收货,上架
TVGL654KBl,黑色 品牌31 65英寸 电视机（超高清）,电视机,品牌31,65英寸,超高清,黑色,8*1*1,8,CQ11E,亚历克斯,收货,上架
LaRe14i7Gr,灰色 品牌14 14英寸 笔记本电脑（第7代处理器）,笔记本电脑,品牌14,14英寸,第7代处理器,灰色,16*1*1,16,BW55E,约翰,收货,上架
PeGi50WaPi,粉色 品牌21 50 铅笔（水彩）,铅笔,品牌21,50,水彩,粉色,48*10*5,2400,DW29H,亚历克斯,收货,上架
KeHc45BlPi,粉色 品牌09 450 键盘（蓝牙）,键盘,品牌09,450,蓝牙,粉色,16*10*1,160,AQ83C,克里斯,收货,上架
KePH35BlBl,黑色 品牌12 350 键盘（蓝牙）,键盘,品牌12,350,蓝牙,黑色,16*10*1,160,CZ73H,莎拉,收货,上架
TVGn32S4Si,银色 品牌30 32英寸 电视机（超级超高清）,电视机,品牌30,32英寸,超级超高清,银色,8*1*1,8,CM19H,克里斯,收货,上架
MoHc27MePi,粉色 品牌09 270 鼠标（机械式）,鼠标,品牌09,270,机械式,粉色,16*10*1,160,BN68D,简,收货,上架
DrWE18DoBe,米色 品牌02 1800 抽屉柜（带门式）,抽屉柜,品牌02,1800,带门式,米色,8*1*1,8,CL47A,艾米,收货,上架
AlOv17i7Bl,黑色 品牌13 17英寸 一体机（第7代处理器）,一体机,品牌13,17英寸,第7代处理器,黑色,16*1*1,16,AJ80E,莎拉,收货,上架
TVGL32SFSi,银色 品牌31 32英寸 电视机（超级全高清）,电视机,品牌31,32英寸,超级全高清,银色,8*1*1,8,AW13G,艾米丽,收货,上架
GaAESAdGr,灰色 品牌05 小号 游戏椅（可调节）,游戏椅,品牌05,小号,可调节,灰色,16*1*1,16,AZ53C,迈克,收货,上架
NoMuA3ruWh,白色 品牌19 三号纸 笔记本（横线）,笔记本,品牌19,三号纸,横线,白色,48*10*5,2400,CK69D,简,收货,上架
AlPH17i5Gr,灰色 品牌12 17英寸 一体机（第5代处理器）,一体机,品牌12,17英寸,第5代处理器,灰色,16*1*1,16,BJ34D,莎拉,收货,上架
TVGL32S4Wh,白色 品牌31 32英寸 电视机（超级超高清）,电视机,品牌31,32英寸,超级超高清,白色,8*1*1,8,AL48E,艾米丽,收货,上架
SPRe12HePi,粉色 品牌22 12 触控笔（六角形）,触控笔,品牌22,12,六角形,粉色,48*10*5,2400,CS12C,迈克,收货,上架
PrReA2InMi,混合色 品牌24 二号纸 打印机（喷墨）,打印机,品牌24,二号纸,喷墨,混合色,16*1*1,16,CP27F,克里斯,收货,上架
DrWE12FiBe,米色 品牌02 1200 抽屉柜（文件收纳）,抽屉柜,品牌02,1200,文件收纳,米色,8*1*1,8,AM63A,约翰,收货,上架
TVEs42S4Gr,灰色 品牌32 42英寸 电视机（超级超高清）,电视机,品牌32,42英寸,超级超高清,灰色,8*1*1,8,BT07E,迈克,收货,上架
CuQE90LoGr,灰色 品牌01 900 储物柜（储物锁柜）,储物柜,品牌01,900,储物锁柜,灰色,8*1*1,8,AI34H,迈克,收货,上架
GaAEMAdGr,灰色 品牌05 中号 游戏椅（可调节）,游戏椅,品牌05,中号,可调节,灰色,16*1*1,16,AY01E,克里斯,收货,上架
OfSELErBl,黑色 品牌08 大号 办公椅（人体工学）,办公椅,品牌08,大号,人体工学,黑色,16*1*1,16,DL91G,莎拉,收货,上架
KeSu35ErPi,粉色 品牌11 350 键盘（人体工学）,键盘,品牌11,350,人体工学,粉色,16*10*1,160,AX35H,约翰,收货,上架
LaSu158GSi,银色 品牌11 15英寸 笔记本电脑（8吉字节内存）,笔记本电脑,品牌11,15英寸,8吉字节内存,银色,16*1*1,16,DG52F,迈克,收货,上架
TVEs42S4Bl,黑色 品牌32 42英寸 电视机（超级超高清）,电视机,品牌32,42英寸,超级超高清,黑色,8*1*1,8,AS69E,莎拉,收货,上架
PeAl50WaGr,灰色 品牌20 50 铅笔（水彩）,铅笔,品牌20,50,水彩,灰色,48*10*5,2400,BY86F,大卫,收货,上架
TaTR18WoBl,黑色 品牌28 1800 桌子（工作站）,桌子,品牌28,1800,工作站,黑色,8*1*1,8,CT84C,简,收货,上架
CuRG18LoBe,米色 品牌03 1800 储物柜（储物锁柜）,储物柜,品牌03,1800,储物锁柜,米色,8*1*1,8,BY39H,大卫,收货,上架
TaCI15FrGr,灰色 品牌27 1500 桌子（框架式）,桌子,品牌27,1500,框架式,灰色,8*1*1,8,DH78F,约翰,收货,上架
SPAl12HePi,粉色 品牌20 12 触控笔（六角形）,触控笔,品牌20,12,六角形,粉色,48*10*5,2400,DX77A,迈克,收货,上架
TVGL65SFGr,灰色 品牌31 65英寸 电视机（超级全高清）,电视机,品牌31,65英寸,超级全高清,灰色,8*1*1,8,DW42C,艾米,收货,上架
TVYn65SFBl,黑色 品牌15 65英寸 电视机（超级全高清）,电视机,品牌15,65英寸,超级全高清,黑色,8*1*1,8,DQ88F,莎拉,收货,上架
PeNa24SoWh,白色 品牌23 24 铅笔（可溶性）,铅笔,品牌23,24,可溶性,白色,48*10*5,2400,BS60G,艾米丽,收货,上架
LaOv17i5Wh,白色 品牌13 17英寸 笔记本电脑（第5代处理器）,笔记本电脑,品牌13,17英寸,第5代处理器,白色,16*1*1,16,CR01C,亚历克斯,收货,上架
LaOv14i7Bl,黑色 品牌13 14英寸 笔记本电脑（第7代处理器）,笔记本电脑,品牌13,14英寸,第7代处理器,黑色,16*1*1,16,DQ77G,大卫,收货,上架
DrWE12FiGr,灰色 品牌02 1200 抽屉柜（文件收纳）,抽屉柜,品牌02,1200,文件收纳,灰色,8*1*1,8,DQ59E,简,收货,上架
CuQE12LoBe,米色 品牌01 1200 储物柜（储物锁柜）,储物柜,品牌01,1200,储物锁柜,米色,8*1*1,8,DG30B,劳拉,收货,上架
PrReA2LaWh,白色 品牌24 二号纸 打印机（激光）,打印机,品牌24,二号纸,激光,白色,16*1*1,16,AU71H,劳拉,收货,上架
MoPH45BlWh,白色 品牌12 450 鼠标（蓝牙）,鼠标,品牌12,450,蓝牙,白色,16*10*1,160,AT45B,艾米丽,收货,上架
NoGrA5liGr,灰色 品牌18 五号纸 笔记本（线条）,笔记本,品牌18,五号纸,线条,灰色,48*10*5,2400,BN04C,亚历克斯,收货,上架
PrNoA3LaBl,黑色 品牌26 三号纸 打印机（激光）,打印机,品牌26,三号纸,激光,黑色,16*1*1,16,AI38F,劳拉,收货,上架
PrNoA3MoMi,混合色 品牌26 三号纸 打印机（黑白）,打印机,品牌26,三号纸,黑白,混合色,16*1*1,16,DW56B,简,收货,上架
TVEs65S4Gr,灰色 品牌32 65英寸 电视机（超级超高清）,电视机,品牌32,65英寸,超级超高清,灰色,8*1*1,8,BF95C,艾米丽,收货,上架
CaQE90DoBe,米色 品牌01 900 文件柜（带门式）,文件柜,品牌01,900,带门式,米色,8*1*1,8,CM39E,莎拉,收货,上架
AlPH1732Si,银色 品牌12 17英寸 一体机（32吉字节内存）,一体机,品牌12,17英寸,32吉字节内存,银色,16*1*1,16,CL37F,克里斯,收货,上架
MoRe27BlNa,藏青色 品牌10 270 鼠标（蓝牙）,鼠标,品牌10,270,蓝牙,藏青色,16*10*1,160,BF43A,亚历克斯,收货,上架
TaTR18FrGr,灰色 品牌29 1800 桌子（框架式）,桌子,品牌29,1800,框架式,灰色,8*1*1,8,AM76F,艾米,收货,上架
OfXELAdBl,黑色 品牌06 大号 办公椅（可调节）,办公椅,品牌06,大号,可调节,黑色,16*1*1,16,DT10G,亚历克斯,收货,上架
MoPH45MeBl,黑色 品牌12 450 鼠标（机械式）,鼠标,品牌12,450,机械式,黑色,16*10*1,160,CR63F,亚历克斯,收货,上架
CaTE18LoBe,米色 品牌04 1800 文件柜（储物锁柜）,文件柜,品牌04,1800,储物锁柜,米色,8*1*1,8,AJ12E,迈克,收货,上架
LaRe1716Wh,白色 品牌14 17英寸 笔记本电脑（16吉字节内存）,笔记本电脑,品牌14,17英寸,16吉字节内存,白色,16*1*1,16,BQ08G,劳拉,收货,上架
TaTR15AuGr,灰色 品牌28 1500 桌子（自动调节）,桌子,品牌28,1500,自动调节,灰色,8*1*1,8,CN41B,莎拉,收货,上架
TVYn65S4Si,银色 品牌15 65英寸 电视机（超级超高清）,电视机,品牌15,65英寸,超级超高清,银色,8*1*1,8,AK38B,亚历克斯,收货,上架
PrNoA3AlWh,白色 品牌26 三号纸 打印机（一体式）,打印机,品牌26,三号纸,一体式,白色,16*1*1,16,CW82H,迈克,收货,上架
PrSoA3LaBl,黑色 品牌25 三号纸 打印机（激光）,打印机,品牌25,三号纸,激光,黑色,16*1*1,16,DZ04B,劳拉,收货,上架
TVEs65FHWh,白色 品牌32 65英寸 电视机（全高清）,电视机,品牌32,65英寸,全高清,白色,8*1*1,8,DF51A,莎拉,收货,上架
SPAl12SoBl,黑色 品牌20 12 触控笔（可溶性）,触控笔,品牌20,12,可溶性,黑色,48*10*5,2400,AH09D,简,收货,上架
NoGrA5doGr,灰色 品牌18 五号纸 笔记本（点阵）,笔记本,品牌18,五号纸,点阵,灰色,48*10*5,2400,AP23G,劳拉,收货,上架
SPGi50WaWh,白色 品牌21 50 触控笔（水彩）,触控笔,品牌21,50,水彩,白色,48*10*5,2400,CY10B,大卫,收货,上架
LaRe1432Gr,灰色 品牌14 14英寸 笔记本电脑（32吉字节内存）,笔记本电脑,品牌14,14英寸,32吉字节内存,灰色,16*1*1,16,AJ55H,简,收货,上架
GaXEMHeWh,白色 品牌06 中号 游戏椅（头枕）,游戏椅,品牌06,中号,头枕,白色,16*1*1,16,DZ40G,约翰,收货,上架
OfSELAdGr,灰色 品牌08 大号 办公椅（可调节）,办公椅,品牌08,大号,可调节,灰色,16*1*1,16,CP45H,艾米丽,收货,上架
AlOv1532Wh,白色 品牌13 15英寸 一体机（32吉字节内存）,一体机,品牌13,15英寸,32吉字节内存,白色,16*1*1,16,CK33B,艾米丽,收货,上架
CuQE12LoGr,灰色 品牌01 1200 储物柜（储物锁柜）,储物柜,品牌01,1200,储物锁柜,灰色,8*1*1,8,DK80A,艾米丽,收货,上架
MoHc35BlBl,黑色 品牌09 350 鼠标（蓝牙）,鼠标,品牌09,350,蓝牙,黑色,16*10*1,160,BK90H,莎拉,收货,上架
LaSu1416Bl,黑色 品牌11 14英寸 笔记本电脑（16吉字节内存）,笔记本电脑,品牌11,14英寸,16吉字节内存,黑色,16*1*1,16,DS88G,约翰,收货,上架
CaWE12DoGr,灰色 品牌02 1200 文件柜（带门式）,文件柜,品牌02,1200,带门式,灰色,8*1*1,8,CW54E,艾米丽,收货,上架
AlYn158GWh,白色 品牌15 15英寸 一体机（8吉字节内存）,一体机,品牌15,15英寸,8吉字节内存,白色,16*1*1,16,CM62B,约翰,收货,上架
NoGrA5ruGr,灰色 品牌18 五号纸 笔记本（横线）,笔记本,品牌18,五号纸,横线,灰色,48*10*5,2400,DN95C,艾米,收货,上架
OfXESAdGr,灰色 品牌06 小号 办公椅（可调节）,办公椅,品牌06,小号,可调节,灰色,16*1*1,16,AF07C,克里斯,收货,上架
MoPH35MeWh,白色 品牌12 350 鼠标（机械式）,鼠标,品牌12,350,机械式,白色,16*10*1,160,AF43A,简,收货,上架
OfOGLHeWh,白色 品牌07 大号 办公椅（头枕）,办公椅,品牌07,大号,头枕,白色,16*1*1,16,AI11E,艾米丽,收货,上架
AlSu14i7Gr,灰色 品牌11 14英寸 一体机（第7代处理器）,一体机,品牌11,14英寸,第7代处理器,灰色,16*1*1,16,DI62C,迈克,收货,上架
KeRe45ErBl,黑色 品牌10 450 键盘（人体工学）,键盘,品牌10,450,人体工学,黑色,16*10*1,160,BU94D,艾米丽,收货,上架
AlRe1732Wh,白色 品牌14 17英寸 一体机（32吉字节内存）,一体机,品牌14,17英寸,32吉字节内存,白色,16*1*1,16,DT80E,大卫,收货,上架
SPNa24WaWh,白色 品牌23 24 触控笔（水彩）,触控笔,品牌23,24,水彩,白色,48*10*5,2400,BW42E,劳拉,收货,上架
NoGrA3doSi,银色 品牌18 三号纸 笔记本（点阵）,笔记本,品牌18,三号纸,点阵,银色,48*10*5,2400,AP15G,迈克,收货,上架
GaOGLHeBl,黑色 品牌07 大号 游戏椅（头枕）,游戏椅,品牌07,大号,头枕,黑色,16*1*1,16,AJ79A,约翰,收货,上架
LaRe1416Bl,黑色 品牌14 14英寸 笔记本电脑（16吉字节内存）,笔记本电脑,品牌14,14英寸,16吉字节内存,黑色,16*1*1,16,AU10B,迈克,收货,上架
GaAELErBl,黑色 品牌05 大号 游戏椅（人体工学）,游戏椅,品牌05,大号,人体工学,黑色,16*1*1,16,BZ73C,约翰,收货,上架
AlOv1732Wh,白色 品牌13 17英寸 一体机（32吉字节内存）,一体机,品牌13,17英寸,32吉字节内存,白色,16*1*1,16,BM66F,艾米丽,收货,上架
CuTE90SlBe,米色 品牌04 900 储物柜（滑动式）,储物柜,品牌04,900,滑动式,米色,8*1*1,8,AU18H,简,收货,上架
LaYn1716Bl,黑色 品牌15 17英寸 笔记本电脑（16吉字节内存）,笔记本电脑,品牌15,17英寸,16吉字节内存,黑色,16*1*1,16,AJ70B,亚历克斯,收货,上架
LaPH17i7Si,银色 品牌12 17英寸 笔记本电脑（第7代处理器）,笔记本电脑,品牌12,17英寸,第7代处理器,银色,16*1*1,16,AQ36F,亚历克斯,收货,上架
KeSu35WiBl,黑色 品牌11 350 键盘（有线）,键盘,品牌11,350,有线,黑色,16*10*1,160,BZ64A,莎拉,收货,上架
PeNa50SoWh,白色 品牌23 50 铅笔（可溶性）,铅笔,品牌23,50,可溶性,白色,48*10*5,2400,BX81C,克里斯,收货,上架
AlPH17i5Si,银色 品牌12 17英寸 一体机（第5代处理器）,一体机,品牌12,17英寸,第5代处理器,银色,16*1*1,16,AT86B,劳拉,收货,上架
LaRe1532Bl,黑色 品牌14 15英寸 笔记本电脑（32吉字节内存）,笔记本电脑,品牌14,15英寸,32吉字节内存,黑色,16*1*1,16,CU45D,莎拉,收货,上架
KeSu35WiWh,白色 品牌11 350 键盘（有线）,键盘,品牌11,350,有线,白色,16*10*1,160,CQ75A,亚历克斯,收货,上架
PrPHA3AlGr,灰色 品牌12 三号纸 打印机（一体式）,打印机,品牌12,三号纸,一体式,灰色,16*1*1,16,BI44D,克里斯,收货,上架
AlSu15i5Bl,黑色 品牌11 15英寸 一体机（第5代处理器）,一体机,品牌11,15英寸,第5代处理器,黑色,16*1*1,16,AL08B,约翰,收货,上架
PrNoA4InGr,灰色 品牌26 四号纸 打印机（喷墨）,打印机,品牌26,四号纸,喷墨,灰色,16*1*1,16,CS20G,亚历克斯,收货,上架
TVGL75FHGr,灰色 品牌31 75英寸 电视机（全高清）,电视机,品牌31,75英寸,全高清,灰色,8*1*1,8,DF28E,劳拉,收货,上架
GaOGSErBl,黑色 品牌07 小号 游戏椅（人体工学）,游戏椅,品牌07,小号,人体工学,黑色,16*1*1,16,CQ58A,克里斯,收货,上架
NoScA5liBl,黑色 品牌17 五号纸 笔记本（线条）,笔记本,品牌17,五号纸,线条,黑色,48*10*5,2400,CL98A,亚历克斯,收货,上架
DrTE90FiBl,黑色 品牌04 900 抽屉柜（文件收纳）,抽屉柜,品牌04,900,文件收纳,黑色,8*1*1,8,BM43E,劳拉,收货,上架
LaYn148GWh,白色 品牌15 14英寸 笔记本电脑（8吉字节内存）,笔记本电脑,品牌15,14英寸,8吉字节内存,白色,16*1*1,16,DT05F,艾米,收货,上架
PeNa24SoGr,灰色 品牌23 24 铅笔（可溶性）,铅笔,品牌23,24,可溶性,灰色,48*10*5,2400,BO55A,大卫,收货,上架
MoPH45ErBl,黑色 品牌12 450 鼠标（人体工学）,鼠标,品牌12,450,人体工学,黑色,16*10*1,160,DL33E,约翰,收货,上架
TVYn424KBl,黑色 品牌15 42英寸 电视机（超高清）,电视机,品牌15,42英寸,超高清,黑色,8*1*1,8,CR05D,约翰,收货,上架
LaPH14i5Gr,灰色 品牌12 14英寸 笔记本电脑（第5代处理器）,笔记本电脑,品牌12,14英寸,第5代处理器,灰色,16*1*1,16,AG63E,迈克,收货,上架
DrTE90LoGr,灰色 品牌04 900 抽屉柜（储物锁柜）,抽屉柜,品牌04,900,储物锁柜,灰色,8*1*1,8,CS58B,大卫,收货,上架
CaWE12FiGr,灰色 品牌02 1200 文件柜（文件收纳）,文件柜,品牌02,1200,文件收纳,灰色,8*1*1,8,AX93H,克里斯,收货,上架
TVGL75S4Si,银色 品牌31 75英寸 电视机（超级超高清）,电视机,品牌31,75英寸,超级超高清,银色,8*1*1,8,BN65A,克里斯,收货,上架
AlRe1416Si,银色 品牌14 14英寸 一体机（16吉字节内存）,一体机,品牌14,14英寸,16吉字节内存,银色,16*1*1,16,AJ90B,约翰,收货,上架
TaAE10AdGr,灰色 品牌05 1000 桌子（可调节）,桌子,品牌05,1000,可调节,灰色,8*1*1,8,BK96G,艾米丽,收货,上架
LaOv14i5Wh,白色 品牌13 14英寸 笔记本电脑（第5代处理器）,笔记本电脑,品牌13,14英寸,第5代处理器,白色,16*1*1,16,BZ48F,迈克,收货,上架
GaOGLHeGr,灰色 品牌07 大号 游戏椅（头枕）,游戏椅,品牌07,大号,头枕,灰色,16*1*1,16,CZ15G,约翰,收货,上架
NoScA4liWh,白色 品牌17 四号纸 笔记本（线条）,笔记本,品牌17,四号纸,线条,白色,48*10*5,2400,AT26B,劳拉,收货,上架
NoScA4ruBl,黑色 品牌17 四号纸 笔记本（横线）,笔记本,品牌17,四号纸,横线,黑色,48*10*5,2400,BG09D,大卫,收货,上架
LaPH148GSi,银色 品牌12 14英寸 笔记本电脑（8吉字节内存）,笔记本电脑,品牌12,14英寸,8吉字节内存,银色,16*1*1,16,AM33C,莎拉,收货,上架
DrRG90LoBe,米色 品牌03 900 抽屉柜（储物锁柜）,抽屉柜,品牌03,900,储物锁柜,米色,8*1*1,8,AZ38A,艾米,收货,上架
DrRG12LoBl,黑色 品牌03 1200 抽屉柜（储物锁柜）,抽屉柜,品牌03,1200,储物锁柜,黑色,8*1*1,8,DS21E,莎拉,收货,上架
PeAl24SoBl,黑色 品牌20 24 铅笔（可溶性）,铅笔,品牌20,24,可溶性,黑色,48*10*5,2400,DN25E,莎拉,收货,上架
CaRG18FiWh,白色 品牌03 1800 文件柜（文件收纳）,文件柜,品牌03,1800,文件收纳,白色,8*1*1,8,CY12H,莎拉,收货,上架
DrWE90FiBl,黑色 品牌02 900 抽屉柜（文件收纳）,抽屉柜,品牌02,900,文件收纳,黑色,8*1*1,8,AU79H,大卫,收货,上架
LaOv1732Bl,黑色 品牌13 17英寸 笔记本电脑（32吉字节内存）,笔记本电脑,品牌13,17英寸,32吉字节内存,黑色,16*1*1,16,DN39G,约翰,收货,上架
AlOv1432Gr,灰色 品牌13 14英寸 一体机（32吉字节内存）,一体机,品牌13,14英寸,32吉字节内存,灰色,16*1*1,16,BH56H,艾米,收货,上架
NoGrA3liWh,白色 品牌18 三号纸 笔记本（线条）,笔记本,品牌18,三号纸,线条,白色,48*10*5,2400,BU50D,亚历克斯,收货,上架
KeRe27WiWh,白色 品牌10 270 键盘（有线）,键盘,品牌10,270,有线,白色,16*10*1,160,BN03H,艾米丽,收货,上架
PrNoA4LaBl,黑色 品牌26 四号纸 打印机（激光）,打印机,品牌26,四号纸,激光,黑色,16*1*1,16,CY75D,简,收货,上架
TaCI10FrBl,黑色 品牌27 1000 桌子（框架式）,桌子,品牌27,1000,框架式,黑色,8*1*1,8,CX34B,亚历克斯,收货,上架
CaWE90LoWh,白色 品牌02 900 文件柜（储物锁柜）,文件柜,品牌02,900,储物锁柜,白色,8*1*1,8,BQ17G,莎拉,收货,上架
CaWE12DoBe,米色 品牌02 1200 文件柜（带门式）,文件柜,品牌02,1200,带门式,米色,8*1*1,8,DG12G,克里斯,收货,上架
AlYn15i5Si,银色 品牌15 15英寸 一体机（第5代处理器）,一体机,品牌15,15英寸,第5代处理器,银色,16*1*1,16,CN22F,艾米,收货,上架
CaRG12FiWh,白色 品牌03 1200 文件柜（文件收纳）,文件柜,品牌03,1200,文件收纳,白色,8*1*1,8,AX27E,迈克,收货,上架
AlSu1732Gr,灰色 品牌11 17英寸 一体机（32吉字节内存）,一体机,品牌11,17英寸,32吉字节内存,灰色,16*1*1,16,BG39C,迈克,收货,上架
TVGL424KSi,银色 品牌31 42英寸 电视机（超高清）,电视机,品牌31,42英寸,超高清,银色,8*1*1,8,AY90C,克里斯,收货,上架
MoRe45WiPi,粉色 品牌10 450 鼠标（有线）,鼠标,品牌10,450,有线,粉色,16*10*1,160,BK85G,劳拉,收货,上架
MoRe45WiPi,粉色 品牌10 450 鼠标（有线）,鼠标,品牌10,450,有线,粉色,16*10*1,160,DM34A,艾米,收货,上架
SPGi12WaPi,粉色 品牌21 12 触控笔（水彩）,触控笔,品牌21,12,水彩,粉色,48*10*5,2400,DQ23C,克里斯,收货,上架
OfAELLeGr,灰色 品牌05 大号 办公椅（皮革）,办公椅,品牌05,大号,皮革,灰色,16*1*1,16,CI08D,简,收货,上架
LaRe17i7Si,银色 品牌14 17英寸 笔记本电脑（第7代处理器）,笔记本电脑,品牌14,17英寸,第7代处理器,银色,16*1*1,16,AS68C,约翰,收货,上架
PrSoA3AlMi,混合色 品牌25 三号纸 打印机（一体式）,打印机,品牌25,三号纸,一体式,混合色,16*1*1,16,CO14E,亚历克斯,收货,上架
MoPH27ErPi,粉色 品牌12 270 鼠标（人体工学）,鼠标,品牌12,270,人体工学,粉色,16*10*1,160,BT48F,简,收货,上架
MoRe27WiWh,白色 品牌10 270 鼠标（有线）,鼠标,品牌10,270,有线,白色,16*10*1,160,AG63B,简,收货,上架
AlOv1516Gr,灰色 品牌13 15英寸 一体机（16吉字节内存）,一体机,品牌13,15英寸,16吉字节内存,灰色,16*1*1,16,CZ62B,艾米,收货,上架
CaWE12DoGr,灰色 品牌02 1200 文件柜（带门式）,文件柜,品牌02,1200,带门式,灰色,8*1*1,8,AU80E,约翰,收货,上架
MoRe45ErWh,白色 品牌10 450 鼠标（人体工学）,鼠标,品牌10,450,人体工学,白色,16*10*1,160,BN11F,莎拉,收货,上架
TVYn42S4Bl,黑色 品牌15 42英寸 电视机（超级超高清）,电视机,品牌15,42英寸,超级超高清,黑色,8*1*1,8,BW92A,简,收货,上架
OfOGLAdPi,粉色 品牌07 大号 办公椅（可调节）,办公椅,品牌07,大号,可调节,粉色,16*1*1,16,CX79D,莎拉,收货,上架
MoHc35MeBl,黑色 品牌09 350 鼠标（机械式）,鼠标,品牌09,350,机械式,黑色,16*10*1,160,CW74E,艾米,收货,上架
LaRe178GGr,灰色 品牌14 17英寸 笔记本电脑（8吉字节内存）,笔记本电脑,品牌14,17英寸,8吉字节内存,灰色,16*1*1,16,AI95B,克里斯,收货,上架
TaTR10AdBl,黑色 品牌28 1000 桌子（可调节）,桌子,品牌28,1000,可调节,黑色,8*1*1,8,BR31H,简,收货,上架
PrReA2MoBl,黑色 品牌24 二号纸 打印机（黑白）,打印机,品牌24,二号纸,黑白,黑色,16*1*1,16,CU65E,劳拉,收货,上架
AlOv1516Gr,灰色 品牌13 15英寸 一体机（16吉字节内存）,一体机,品牌13,15英寸,16吉字节内存,灰色,16*1*1,16,CZ48E,约翰,收货,上架
CuRG12FiBe,米色 品牌03 1200 储物柜（文件收纳）,储物柜,品牌03,1200,文件收纳,米色,8*1*1,8,BF52D,艾米丽,收货,上架
OfOGSHeGr,灰色 品牌07 小号 办公椅（头枕）,办公椅,品牌07,小号,头枕,灰色,16*1*1,16,BM60B,艾米丽,收货,上架
OfOGMLeGr,灰色 品牌07 中号 办公椅（皮革）,办公椅,品牌07,中号,皮革,灰色,16*1*1,16,DL26F,大卫,收货,上架
NoExA4liGr,灰色 品牌16 四号纸 笔记本（线条）,笔记本,品牌16,四号纸,线条,灰色,48*10*5,2400,BW51C,劳拉,收货,上架
MoPH27ErPi,粉色 品牌12 270 鼠标（人体工学）,鼠标,品牌12,270,人体工学,粉色,16*10*1,160,DU59E,劳拉,收货,上架
DrTE12SlWh,白色 品牌04 1200 抽屉柜（滑动式）,抽屉柜,品牌04,1200,滑动式,白色,8*1*1,8,BS47A,迈克,收货,上架
TVGn42FHGr,灰色 品牌30 42英寸 电视机（全高清）,电视机,品牌30,42英寸,全高清,灰色,8*1*1,8,DI60G,莎拉,收货,上架
MoHc27ErBl,黑色 品牌09 270 鼠标（人体工学）,鼠标,品牌09,270,人体工学,黑色,16*10*1,160,CG56E,约翰,收货,上架
CaQE12LoGr,灰色 品牌01 1200 文件柜（储物锁柜）,文件柜,品牌01,1200,储物锁柜,灰色,8*1*1,8,DJ58E,克里斯,收货,上架
AlOv1716Gr,灰色 品牌13 17英寸 一体机（16吉字节内存）,一体机,品牌13,17英寸,16吉字节内存,灰色,16*1*1,16,BG74H,亚历克斯,收货,上架
PrPHA3MoBl,黑色 品牌12 三号纸 打印机（黑白）,打印机,品牌12,三号纸,黑白,黑色,16*1*1,16,AK61G,艾米,收货,上架
TVYn75FHSi,银色 品牌15 75英寸 电视机（全高清）,电视机,品牌15,75英寸,全高清,银色,8*1*1,8,DU51H,简,收货,上架
CaRG90SlBl,黑色 品牌03 900 文件柜（滑动式）,文件柜,品牌03,900,滑动式,黑色,8*1*1,8,CP03A,克里斯,收货,上架
TaCI18FrBl,黑色 品牌27 1800 桌子（框架式）,桌子,品牌27,1800,框架式,黑色,8*1*1,8,CG48F,莎拉,收货,上架
TVGn754KSi,银色 品牌30 75英寸 电视机（超高清）,电视机,品牌30,75英寸,超高清,银色,8*1*1,8,DN16F,大卫,收货,上架
CaWE18DoGr,灰色 品牌02 1800 文件柜（带门式）,文件柜,品牌02,1800,带门式,灰色,8*1*1,8,BN63C,约翰,收货,上架
TVGn504KWh,白色 品牌30 50英寸 电视机（超高清）,电视机,品牌30,50英寸,超高清,白色,8*1*1,8,AV90D,大卫,收货,上架
AlYn15i5Gr,灰色 品牌15 15英寸 一体机（第5代处理器）,一体机,品牌15,15英寸,第5代处理器,灰色,16*1*1,16,AT02G,克里斯,收货,上架
AlPH15i7Bl,黑色 品牌12 15英寸 一体机（第7代处理器）,一体机,品牌12,15英寸,第7代处理器,黑色,16*1*1,16,CI71H,克里斯,收货,上架
KeRe45ErPi,粉色 品牌10 450 键盘（人体工学）,键盘,品牌10,450,人体工学,粉色,16*10*1,160,CF77F,大卫,收货,上架
CaTE18SlBl,黑色 品牌04 1800 文件柜（滑动式）,文件柜,品牌04,1800,滑动式,黑色,8*1*1,8,AQ03C,迈克,收货,上架
CuWE12LoBe,米色 品牌02 1200 储物柜（储物锁柜）,储物柜,品牌02,1200,储物锁柜,米色,8*1*1,8,CW44B,艾米,收货,上架
LaRe148GWh,白色 品牌14 14英寸 笔记本电脑（8吉字节内存）,笔记本电脑,品牌14,14英寸,8吉字节内存,白色,16*1*1,16,BQ60G,克里斯,收货,上架
SPAl12SoBl,黑色 品牌20 12 触控笔（可溶性）,触控笔,品牌20,12,可溶性,黑色,48*10*5,2400,BF04C,莎拉,收货,上架
GaXESErWh,白色 品牌06 小号 游戏椅（人体工学）,游戏椅,品牌06,小号,人体工学,白色,16*1*1,16,BZ09H,迈克,收货,上架
MoSu35ErPi,粉色 品牌11 350 鼠标（人体工学）,鼠标,品牌11,350,人体工学,粉色,16*10*1,160,CY69G,艾米,收货,上架
MoHc45WiWh,白色 品牌09 450 鼠标（有线）,鼠标,品牌09,450,有线,白色,16*10*1,160,CU13D,艾米丽,收货,上架
CaQE90SlBe,米色 品牌01 900 文件柜（滑动式）,文件柜,品牌01,900,滑动式,米色,8*1*1,8,DH28B,克里斯,收货,上架
TVYn32S4Bl,黑色 品牌15 32英寸 电视机（超级超高清）,电视机,品牌15,32英寸,超级超高清,黑色,8*1*1,8,DN13F,艾米,收货,上架
AlRe1416Gr,灰色 品牌14 14英寸 一体机（16吉字节内存）,一体机,品牌14,14英寸,16吉字节内存,灰色,16*1*1,16,BO74C,莎拉,收货,上架
NoExA5ruBl,黑色 品牌16 五号纸 笔记本（横线）,笔记本,品牌16,五号纸,横线,黑色,48*10*5,2400,DM29F,莎拉,收货,上架
TVGn65S4Bl,黑色 品牌30 65英寸 电视机（超级超高清）,电视机,品牌30,65英寸,超级超高清,黑色,8*1*1,8,CK01D,大卫,收货,上架
OfOGLAdGr,灰色 品牌07 大号 办公椅（可调节）,办公椅,品牌07,大号,可调节,灰色,16*1*1,16,AR34D,迈克,收货,上架
CaQE12FiBl,黑色 品牌01 1200 文件柜（文件收纳）,文件柜,品牌01,1200,文件收纳,黑色,8*1*1,8,BM02D,莎拉,收货,上架
LaSu17i5Si,银色 品牌11 17英寸 笔记本电脑（第5代处理器）,笔记本电脑,品牌11,17英寸,第5代处理器,银色,16*1*1,16,AT01G,迈克,收货,上架
PrSoA2WiMi,混合色 品牌25 二号纸 打印机（无线网络）,打印机,品牌25,二号纸,无线网络,混合色,16*1*1,16,BQ41F,艾米,收货,上架
MoHc27ErWh,白色 品牌09 270 鼠标（人体工学）,鼠标,品牌09,270,人体工学,白色,16*10*1,160,AW98G,莎拉,收货,上架
AlRe17i7Gr,灰色 品牌14 17英寸 一体机（第7代处理器）,一体机,品牌14,17英寸,第7代处理器,灰色,16*1*1,16,BX31H,迈克,收货,上架
DrTE90LoBl,黑色 品牌04 900 抽屉柜（储物锁柜）,抽屉柜,品牌04,900,储物锁柜,黑色,8*1*1,8,CX16H,艾米丽,收货,上架
CuTE90LoBe,米色 品牌04 900 储物柜（储物锁柜）,储物柜,品牌04,900,储物锁柜,米色,8*1*1,8,CH21B,约翰,收货,上架
LaOv17i5Wh,白色 品牌13 17英寸 笔记本电脑（第5代处理器）,笔记本电脑,品牌13,17英寸,第5代处理器,白色,16*1*1,16,DL82A,约翰,收货,上架
LaSu1732Gr,灰色 品牌11 17英寸 笔记本电脑（32吉字节内存）,笔记本电脑,品牌11,17英寸,32吉字节内存,灰色,16*1*1,16,CN83D,艾米丽,收货,上架
LaOv148GGr,灰色 品牌13 14英寸 笔记本电脑（8吉字节内存）,笔记本电脑,品牌13,14英寸,8吉字节内存,灰色,16*1*1,16,CK02F,迈克,收货,上架
LaOv17i5Gr,灰色 品牌13 17英寸 笔记本电脑（第5代处理器）,笔记本电脑,品牌13,17英寸,第5代处理器,灰色,16*1*1,16,BP73F,劳拉,收货,上架
MoSu45ErNa,藏青色 品牌11 450 鼠标（人体工学）,鼠标,品牌11,450,人体工学,藏青色,16*10*1,160,CJ04E,艾米,收货,上架
SPGi24HePi,粉色 品牌21 24 触控笔（六角形）,触控笔,品牌21,24,六角形,粉色,48*10*5,2400,CF37B,大卫,收货,上架
TaTR15WoWh,白色 品牌29 1500 桌子（工作站）,桌子,品牌29,1500,工作站,白色,8*1*1,8,BT86A,迈克,收货,上架
SPGi24HePi,粉色 品牌21 24 触控笔（六角形）,触控笔,品牌21,24,六角形,粉色,48*10*5,2400,BV60E,艾米丽,收货,上架
MoRe27ErBl,黑色 品牌10 270 鼠标（人体工学）,鼠标,品牌10,270,人体工学,黑色,16*10*1,160,BV54C,简,收货,上架
AlPH15i5Si,银色 品牌12 15英寸 一体机（第5代处理器）,一体机,品牌12,15英寸,第5代处理器,银色,16*1*1,16,DF36A,劳拉,收货,上架
MoHc35ErNa,藏青色 品牌09 350 鼠标（人体工学）,鼠标,品牌09,350,人体工学,藏青色,16*10*1,160,AZ32D,简,收货,上架
CaRG18FiBl,黑色 品牌03 1800 文件柜（文件收纳）,文件柜,品牌03,1800,文件收纳,黑色,8*1*1,8,BU01G,莎拉,收货,上架
KeHc35BlPi,粉色 品牌09 350 键盘（蓝牙）,键盘,品牌09,350,蓝牙,粉色,16*10*1,160,BG85A,艾米丽,收货,上架
AlSu158GSi,银色 品牌11 15英寸 一体机（8吉字节内存）,一体机,品牌11,15英寸,8吉字节内存,银色,16*1*1,16,CJ15H,艾米丽,收货,上架
LaRe15i5Bl,黑色 品牌14 15英寸 笔记本电脑（第5代处理器）,笔记本电脑,品牌14,15英寸,第5代处理器,黑色,16*1*1,16,AK63D,艾米丽,收货,上架
GaXESAdBl,黑色 品牌06 小号 游戏椅（可调节）,游戏椅,品牌06,小号,可调节,黑色,16*1*1,16,DN15B,约翰,收货,上架
MoRe45WiNa,藏青色 品牌10 450 鼠标（有线）,鼠标,品牌10,450,有线,藏青色,16*10*1,160,CL46H,莎拉,收货,上架
PrPHA3WiGr,灰色 品牌12 三号纸 打印机（无线网络）,打印机,品牌12,三号纸,无线网络,灰色,16*1*1,16,DG07C,迈克,收货,上架
GaAESErGr,灰色 品牌05 小号 游戏椅（人体工学）,游戏椅,品牌05,小号,人体工学,灰色,16*1*1,16,CQ96E,迈克,收货,上架
NoMuA5liBl,黑色 品牌19 五号纸 笔记本（线条）,笔记本,品牌19,五号纸,线条,黑色,48*10*5,2400,CI13A,迈克,收货,上架
AlYn15i5Gr,灰色 品牌15 15英寸 一体机（第5代处理器）,一体机,品牌15,15英寸,第5代处理器,灰色,16*1*1,16,DY09A,大卫,收货,上架
NoExA3liSi,银色 品牌16 三号纸 笔记本（线条）,笔记本,品牌16,三号纸,线条,银色,48*10*5,2400,AG92A,克里斯,收货,上架
LaYn15i7Wh,白色 品牌15 15英寸 笔记本电脑（第7代处理器）,笔记本电脑,品牌15,15英寸,第7代处理器,白色,16*1*1,16,BY27A,迈克,收货,上架
LaOv158GSi,银色 品牌13 15英寸 笔记本电脑（8吉字节内存）,笔记本电脑,品牌13,15英寸,8吉字节内存,银色,16*1*1,16,AU63A,劳拉,收货,上架
CuQE12SlGr,灰色 品牌01 1200 储物柜（滑动式）,储物柜,品牌01,1200,滑动式,灰色,8*1*1,8,DJ82A,大卫,收货,上架
MoHc45BlNa,藏青色 品牌09 450 鼠标（蓝牙）,鼠标,品牌09,450,蓝牙,藏青色,16*10*1,160,DG72B,艾米,收货,上架
GaOGMLeWh,白色 品牌07 中号 游戏椅（皮革）,游戏椅,品牌07,中号,皮革,白色,16*1*1,16,DF97A,迈克,收货,上架
KeHc35WiBl,黑色 品牌09 350 键盘（有线）,键盘,品牌09,350,有线,黑色,16*10*1,160,CX90D,迈克,收货,上架
PrSoA4LaWh,白色 品牌25 四号纸 打印机（激光）,打印机,品牌25,四号纸,激光,白色,16*1*1,16,AW71E,劳拉,收货,上架
TaCI18WoGr,灰色 品牌27 1800 桌子（工作站）,桌子,品牌27,1800,工作站,灰色,8*1*1,8,DS52D,莎拉,收货,上架
TVGn65FHBl,黑色 品牌30 65英寸 电视机（全高清）,电视机,品牌30,65英寸,全高清,黑色,8*1*1,8,BP77E,简,收货,上架
PrReA4AlGr,灰色 品牌24 四号纸 打印机（一体式）,打印机,品牌24,四号纸,一体式,灰色,16*1*1,16,AP69F,大卫,收货,上架
TVYn75S4Gr,灰色 品牌15 75英寸 电视机（超级超高清）,电视机,品牌15,75英寸,超级超高清,灰色,8*1*1,8,BG59C,简,收货,上架
NoScA5liBl,黑色 品牌17 五号纸 笔记本（线条）,笔记本,品牌17,五号纸,线条,黑色,48*10*5,2400,CW25B,劳拉,收货,上架
KeSu45ErNa,藏青色 品牌11 450 键盘（人体工学）,键盘,品牌11,450,人体工学,藏青色,16*10*1,160,DH87C,克里斯,收货,上架
SPAl50WaGr,灰色 品牌20 50 触控笔（水彩）,触控笔,品牌20,50,水彩,灰色,48*10*5,2400,DR03F,艾米,收货,上架
GaOGSAdGr,灰色 品牌07 小号 游戏椅（可调节）,游戏椅,品牌07,小号,可调节,灰色,16*1*1,16,CW38E,约翰,收货,上架
TVGL32S4Wh,白色 品牌31 32英寸 电视机（超级超高清）,电视机,品牌31,32英寸,超级超高清,白色,8*1*1,8,DJ84A,劳拉,收货,上架
KeHc35ErBl,黑色 品牌09 350 键盘（人体工学）,键盘,品牌09,350,人体工学,黑色,16*10*1,160,AM19D,艾米,收货,上架
CaRG12FiWh,白色 品牌03 1200 文件柜（文件收纳）,文件柜,品牌03,1200,文件收纳,白色,8*1*1,8,DZ33C,亚历克斯,收货,上架
LaRe14i5Wh,白色 品牌14 14英寸 笔记本电脑（第5代处理器）,笔记本电脑,品牌14,14英寸,第5代处理器,白色,16*1*1,16,CG81D,亚历克斯,收货,上架
PrSoA3InGr,灰色 品牌25 三号纸 打印机（喷墨）,打印机,品牌25,三号纸,喷墨,灰色,16*1*1,16,BP52A,艾米,收货,上架
TVEs75SFGr,灰色 品牌32 75英寸 电视机（超级全高清）,电视机,品牌32,75英寸,超级全高清,灰色,8*1*1,8,DS20H,约翰,收货,上架
TaTR18WoSi,银色 品牌29 1800 桌子（工作站）,桌子,品牌29,1800,工作站,银色,8*1*1,8,CU48A,劳拉,收货,上架
AlSu15i7Wh,白色 品牌11 15英寸 一体机（第7代处理器）,一体机,品牌11,15英寸,第7代处理器,白色,16*1*1,16,BN15G,莎拉,收货,上架
GaAESAdWh,白色 品牌05 小号 游戏椅（可调节）,游戏椅,品牌05,小号,可调节,白色,16*1*1,16,AW11B,简,收货,上架
TVEs50SFGr,灰色 品牌32 50英寸 电视机（超级全高清）,电视机,品牌32,50英寸,超级全高清,灰色,8*1*1,8,AT54G,大卫,收货,上架
AlOv15i5Gr,灰色 品牌13 15英寸 一体机（第5代处理器）,一体机,品牌13,15英寸,第5代处理器,灰色,16*1*1,16,CT13F,莎拉,收货,上架
OfSESAdPi,粉色 品牌08 小号 办公椅（可调节）,办公椅,品牌08,小号,可调节,粉色,16*1*1,16,AX89C,劳拉,收货,上架
CaWE90SlBe,米色 品牌02 900 文件柜（滑动式）,文件柜,品牌02,900,滑动式,米色,8*1*1,8,CJ02C,艾米,收货,上架
CuWE90SlBe,米色 品牌02 900 储物柜（滑动式）,储物柜,品牌02,900,滑动式,米色,8*1*1,8,BG35A,约翰,收货,上架
TaAE10AdGr,灰色 品牌05 1000 桌子（可调节）,桌子,品牌05,1000,可调节,灰色,8*1*1,8,CZ71A,克里斯,收货,上架
AlPH14i5Bl,黑色 品牌12 14英寸 一体机（第5代处理器）,一体机,品牌12,14英寸,第5代处理器,黑色,16*1*1,16,BY37B,莎拉,收货,上架
AlRe17i7Si,银色 品牌14 17英寸 一体机（第7代处理器）,一体机,品牌14,17英寸,第7代处理器,银色,16*1*1,16,CX06G,莎拉,收货,上架
AlPH17i7Si,银色 品牌12 17英寸 一体机（第7代处理器）,一体机,品牌12,17英寸,第7代处理器,银色,16*1*1,16,BY13F,迈克,收货,上架
PrNoA3MoMi,混合色 品牌26 三号纸 打印机（黑白）,打印机,品牌26,三号纸,黑白,混合色,16*1*1,16,AQ78G,莎拉,收货,上架
TaCI18AuBl,黑色 品牌27 1800 桌子（自动调节）,桌子,品牌27,1800,自动调节,黑色,8*1*1,8,CI88H,艾米,收货,上架
SPAl50WaBl,黑色 品牌20 50 触控笔（水彩）,触控笔,品牌20,50,水彩,黑色,48*10*5,2400,BO49B,艾米丽,收货,上架
PrPHA4InGr,灰色 品牌12 四号纸 打印机（喷墨）,打印机,品牌12,四号纸,喷墨,灰色,16*1*1,16,BS12C,简,收货,上架
CuQE90LoBl,黑色 品牌01 900 储物柜（储物锁柜）,储物柜,品牌01,900,储物锁柜,黑色,8*1*1,8,BF41E,克里斯,收货,上架
CaRG90LoBe,米色 品牌03 900 文件柜（储物锁柜）,文件柜,品牌03,900,储物锁柜,米色,8*1*1,8,CZ20B,大卫,收货,上架
MoSu45ErBl,黑色 品牌11 450 鼠标（人体工学）,鼠标,品牌11,450,人体工学,黑色,16*10*1,160,DI92D,大卫,收货,上架
GaSEMLePi,粉色 品牌08 中号 游戏椅（皮革）,游戏椅,品牌08,中号,皮革,粉色,16*1*1,16,AT71G,简,收货,上架
OfAEMAdWh,白色 品牌05 中号 办公椅（可调节）,办公椅,品牌05,中号,可调节,白色,16*1*1,16,BX42D,艾米丽,收货,上架
CuWE90FiGr,灰色 品牌02 900 储物柜（文件收纳）,储物柜,品牌02,900,文件收纳,灰色,8*1*1,8,DH27A,简,收货,上架
KeSu35BlNa,藏青色 品牌11 350 键盘（蓝牙）,键盘,品牌11,350,蓝牙,藏青色,16*10*1,160,BT84F,艾米丽,收货,上架
KeSu45ErWh,白色 品牌11 450 键盘（人体工学）,键盘,品牌11,450,人体工学,白色,16*10*1,160,DW53E,迈克,收货,上架
TVEs42SFSi,银色 品牌32 42英寸 电视机（超级全高清）,电视机,品牌32,42英寸,超级全高清,银色,8*1*1,8,DV73H,克里斯,收货,上架
MoPH35WiNa,藏青色 品牌12 350 鼠标（有线）,鼠标,品牌12,350,有线,藏青色,16*10*1,160,AR01C,约翰,收货,上架
CuTE12DoGr,灰色 品牌04 1200 储物柜（带门式）,储物柜,品牌04,1200,带门式,灰色,8*1*1,8,BL06B,迈克,收货,上架
MoSu45WiWh,白色 品牌11 450 鼠标（有线）,鼠标,品牌11,450,有线,白色,16*10*1,160,AT44A,克里斯,收货,上架
LaRe1732Gr,灰色 品牌14 17英寸 笔记本电脑（32吉字节内存）,笔记本电脑,品牌14,17英寸,32吉字节内存,灰色,16*1*1,16,BQ89A,艾米,收货,上架
TaTR15WoSi,银色 品牌28 1500 桌子（工作站）,桌子,品牌28,1500,工作站,银色,8*1*1,8,BS87C,大卫,收货,上架
TVGL50SFGr,灰色 品牌31 50英寸 电视机（超级全高清）,电视机,品牌31,50英寸,超级全高清,灰色,8*1*1,8,CQ37B,亚历克斯,收货,上架
PrNoA4MoGr,灰色 品牌26 四号纸 打印机（黑白）,打印机,品牌26,四号纸,黑白,灰色,16*1*1,16,BZ74D,简,收货,上架
AlRe1732Si,银色 品牌14 17英寸 一体机（32吉字节内存）,一体机,品牌14,17英寸,32吉字节内存,银色,16*1*1,16,CY82C,艾米,收货,上架
SPRe24SoGr,灰色 品牌22 24 触控笔（可溶性）,触控笔,品牌22,24,可溶性,灰色,48*10*5,2400,CT12F,约翰,收货,上架
MoRe45MeNa,藏青色 品牌10 450 鼠标（机械式）,鼠标,品牌10,450,机械式,藏青色,16*10*1,160,AN74E,大卫,收货,上架
LaOv158GWh,白色 品牌13 15英寸 笔记本电脑（8吉字节内存）,笔记本电脑,品牌13,15英寸,8吉字节内存,白色,16*1*1,16,BH07E,大卫,收货,上架
GaOGLErPi,粉色 品牌07 大号 游戏椅（人体工学）,游戏椅,品牌07,大号,人体工学,粉色,16*1*1,16,DF76G,艾米丽,收货,上架
PeNa12HePi,粉色 品牌23 12 铅笔（六角形）,铅笔,品牌23,12,六角形,粉色,48*10*5,2400,AO63G,亚历克斯,收货,上架
PrReA4MoGr,灰色 品牌24 四号纸 打印机（黑白）,打印机,品牌24,四号纸,黑白,灰色,16*1*1,16,CY24D,亚历克斯,收货,上架
CaQE12SlBe,米色 品牌01 1200 文件柜（滑动式）,文件柜,品牌01,1200,滑动式,米色,8*1*1,8,DT55A,约翰,收货,上架
SPNa50HeGr,灰色 品牌23 50 触控笔（六角形）,触控笔,品牌23,50,六角形,灰色,48*10*5,2400,CU09F,大卫,收货,上架
DrRG12FiBl,黑色 品牌03 1200 抽屉柜（文件收纳）,抽屉柜,品牌03,1200,文件收纳,黑色,8*1*1,8,DI38E,莎拉,收货,上架
LaPH1532Wh,白色 品牌12 15英寸 笔记本电脑（32吉字节内存）,笔记本电脑,品牌12,15英寸,32吉字节内存,白色,16*1*1,16,AQ51F,艾米,收货,上架
TVYn654KGr,灰色 品牌15 65英寸 电视机（超高清）,电视机,品牌15,65英寸,超高清,灰色,8*1*1,8,CY63B,简,收货,上架
AlYn178GBl,黑色 品牌15 17英寸 一体机（8吉字节内存）,一体机,品牌15,17英寸,8吉字节内存,黑色,16*1*1,16,BX22C,大卫,收货,上架
DrWE90FiBl,黑色 品牌02 900 抽屉柜（文件收纳）,抽屉柜,品牌02,900,文件收纳,黑色,8*1*1,8,AY42H,迈克,收货,上架
TVEs654KSi,银色 品牌32 65英寸 电视机（超高清）,电视机,品牌32,65英寸,超高清,银色,8*1*1,8,BM77C,莎拉,收货,上架
AlSu1716Bl,黑色 品牌11 17英寸 一体机（16吉字节内存）,一体机,品牌11,17英寸,16吉字节内存,黑色,16*1*1,16,BQ30D,亚历克斯,收货,上架
KePH45ErBl,黑色 品牌12 450 键盘（人体工学）,键盘,品牌12,450,人体工学,黑色,16*10*1,160,CF13F,大卫,收货,上架
AlRe1516Si,银色 品牌14 15英寸 一体机（16吉字节内存）,一体机,品牌14,15英寸,16吉字节内存,银色,16*1*1,16,AZ57E,约翰,收货,上架
CaTE18DoBl,黑色 品牌04 1800 文件柜（带门式）,文件柜,品牌04,1800,带门式,黑色,8*1*1,8,DZ61D,大卫,收货,上架
LaRe1432Si,银色 品牌14 14英寸 笔记本电脑（32吉字节内存）,笔记本电脑,品牌14,14英寸,32吉字节内存,银色,16*1*1,16,CK01B,艾米,收货,上架
AlYn1532Gr,灰色 品牌15 15英寸 一体机（32吉字节内存）,一体机,品牌15,15英寸,32吉字节内存,灰色,16*1*1,16,DK25D,莎拉,收货,上架
AlSu1732Bl,黑色 品牌11 17英寸 一体机（32吉字节内存）,一体机,品牌11,17英寸,32吉字节内存,黑色,16*1*1,16,BS22D,莎拉,收货,上架
CuWE18FiBl,黑色 品牌02 1800 储物柜（文件收纳）,储物柜,品牌02,1800,文件收纳,黑色,8*1*1,8,CT80B,简,收货,上架
PrReA2WiBl,黑色 品牌24 二号纸 打印机（无线网络）,打印机,品牌24,二号纸,无线网络,黑色,16*1*1,16,BK10G,克里斯,收货,上架
DrWE90SlBl,黑色 品牌02 900 抽屉柜（滑动式）,抽屉柜,品牌02,900,滑动式,黑色,8*1*1,8,CZ09G,劳拉,收货,上架
PeNa24WaPi,粉色 品牌23 24 铅笔（水彩）,铅笔,品牌23,24,水彩,粉色,48*10*5,2400,DI55A,大卫,收货,上架
SPAl50SoGr,灰色 品牌20 50 触控笔（可溶性）,触控笔,品牌20,50,可溶性,灰色,48*10*5,2400,CH25A,莎拉,收货,上架
GaSESHePi,粉色 品牌08 小号 游戏椅（头枕）,游戏椅,品牌08,小号,头枕,粉色,16*1*1,16,AI73E,大卫,收货,上架
MoSu27BlNa,藏青色 品牌11 270 鼠标（蓝牙）,鼠标,品牌11,270,蓝牙,藏青色,16*10*1,160,BU86E,大卫,收货,上架
CaWE18FiWh,白色 品牌02 1800 文件柜（文件收纳）,文件柜,品牌02,1800,文件收纳,白色,8*1*1,8,BP30B,劳拉,收货,上架
MoRe45ErNa,藏青色 品牌10 450 鼠标（人体工学）,鼠标,品牌10,450,人体工学,藏青色,16*10*1,160,CN11A,迈克,收货,上架
TaCI10FrWh,白色 品牌27 1000 桌子（框架式）,桌子,品牌27,1000,框架式,白色,8*1*1,8,BS43H,克里斯,收货,上架
TVEs324KWh,白色 品牌32 32英寸 电视机（超高清）,电视机,品牌32,32英寸,超高清,白色,8*1*1,8,DL34F,迈克,收货,上架
CaQE18DoBe,米色 品牌01 1800 文件柜（带门式）,文件柜,品牌01,1800,带门式,米色,8*1*1,8,BW23H,克里斯,收货,上架
NoMuA4liWh,白色 品牌19 四号纸 笔记本（线条）,笔记本,品牌19,四号纸,线条,白色,48*10*5,2400,AZ44F,莎拉,收货,上架
AlYn15i5Wh,白色 品牌15 15英寸 一体机（第5代处理器）,一体机,品牌15,15英寸,第5代处理器,白色,16*1*1,16,AL11C,艾米丽,收货,上架
PrReA4MoMi,混合色 品牌24 四号纸 打印机（黑白）,打印机,品牌24,四号纸,黑白,混合色,16*1*1,16,DP22H,简,收货,上架
TVGL754KBl,黑色 品牌31 75英寸 电视机（超高清）,电视机,品牌31,75英寸,超高清,黑色,8*1*1,8,CS66H,克里斯,收货,上架
LaRe148GBl,黑色 品牌14 14英寸 笔记本电脑（8吉字节内存）,笔记本电脑,品牌14,14英寸,8吉字节内存,黑色,16*1*1,16,AX30B,简,收货,上架
LaYn1716Bl,黑色 品牌15 17英寸 笔记本电脑（16吉字节内存）,笔记本电脑,品牌15,17英寸,16吉字节内存,黑色,16*1*1,16,AN24G,约翰,收货,上架
MoRe45BlNa,藏青色 品牌10 450 鼠标（蓝牙）,鼠标,品牌10,450,蓝牙,藏青色,16*10*1,160,DK65C,克里斯,收货,上架
PeAl12WaPi,粉色 品牌20 12 铅笔（水彩）,铅笔,品牌20,12,水彩,粉色,48*10*5,2400,CY28G,莎拉,收货,上架
PrNoA4WiWh,白色 品牌26 四号纸 打印机（无线网络）,打印机,品牌26,四号纸,无线网络,白色,16*1*1,16,AP33B,亚历克斯,收货,上架
OfOGLAdBl,黑色 品牌07 大号 办公椅（可调节）,办公椅,品牌07,大号,可调节,黑色,16*1*1,16,CO57E,克里斯,收货,上架
GaSESLeGr,灰色 品牌08 小号 游戏椅（皮革）,游戏椅,品牌08,小号,皮革,灰色,16*1*1,16,BT95G,艾米丽,收货,上架
LaRe1516Gr,灰色 品牌14 15英寸 笔记本电脑（16吉字节内存）,笔记本电脑,品牌14,15英寸,16吉字节内存,灰色,16*1*1,16,BZ57F,迈克,收货,上架
DrWE12SlBl,黑色 品牌02 1200 抽屉柜（滑动式）,抽屉柜,品牌02,1200,滑动式,黑色,8*1*1,8,BN25E,克里斯,收货,上架
GaSELAdGr,灰色 品牌08 大号 游戏椅（可调节）,游戏椅,品牌08,大号,可调节,灰色,16*1*1,16,DX58H,艾米丽,收货,上架
OfXEMHeBl,黑色 品牌06 中号 办公椅（头枕）,办公椅,品牌06,中号,头枕,黑色,16*1*1,16,CL21B,艾米丽,收货,上架
PeRe12SoBl,黑色 品牌22 12 铅笔（可溶性）,铅笔,品牌22,12,可溶性,黑色,48*10*5,2400,DS39G,约翰,收货,上架
AlSu1516Si,银色 品牌11 15英寸 一体机（16吉字节内存）,一体机,品牌11,15英寸,16吉字节内存,银色,16*1*1,16,BW77D,约翰,收货,上架
DrRG90LoBl,黑色 品牌03 900 抽屉柜（储物锁柜）,抽屉柜,品牌03,900,储物锁柜,黑色,8*1*1,8,DY35H,大卫,收货,上架
PrNoA3InBl,黑色 品牌26 三号纸 打印机（喷墨）,打印机,品牌26,三号纸,喷墨,黑色,16*1*1,16,AQ44H,劳拉,收货,上架
LaPH1716Bl,黑色 品牌12 17英寸 笔记本电脑（16吉字节内存）,笔记本电脑,品牌12,17英寸,16吉字节内存,黑色,16*1*1,16,AH56H,亚历克斯,收货,上架
NoExA3liBl,黑色 品牌16 三号纸 笔记本（线条）,笔记本,品牌16,三号纸,线条,黑色,48*10*5,2400,AT21D,劳拉,收货,上架
DrQE12SlGr,灰色 品牌01 1200 抽屉柜（滑动式）,抽屉柜,品牌01,1200,滑动式,灰色,8*1*1,8,CU45C,艾米,收货,上架
TVYn504KBl,黑色 品牌15 50英寸 电视机（超高清）,电视机,品牌15,50英寸,超高清,黑色,8*1*1,8,BQ02D,莎拉,收货,上架
AlRe1516Si,银色 品牌14 15英寸 一体机（16吉字节内存）,一体机,品牌14,15英寸,16吉字节内存,银色,16*1*1,16,CL75F,克里斯,收货,上架
TVGL65SFWh,白色 品牌31 65英寸 电视机（超级全高清）,电视机,品牌31,65英寸,超级全高清,白色,8*1*1,8,BG93A,约翰,收货,上架
CaQE12LoGr,灰色 品牌01 1200 文件柜（储物锁柜）,文件柜,品牌01,1200,储物锁柜,灰色,8*1*1,8,BO50G,克里斯,收货,上架
AlPH17i7Bl,黑色 品牌12 17英寸 一体机（第7代处理器）,一体机,品牌12,17英寸,第7代处理器,黑色,16*1*1,16,BQ47D,迈克,收货,上架
CaQE18DoWh,白色 品牌01 1800 文件柜（带门式）,文件柜,品牌01,1800,带门式,白色,8*1*1,8,AK07G,艾米丽,收货,上架
LaOv1532Wh,白色 品牌13 15英寸 笔记本电脑（32吉字节内存）,笔记本电脑,品牌13,15英寸,32吉字节内存,白色,16*1*1,16,CL62F,亚历克斯,收货,上架
TaCI10WoWh,白色 品牌27 1000 桌子（工作站）,桌子,品牌27,1000,工作站,白色,8*1*1,8,DH12B,迈克,收货,上架
DrQE18DoBe,米色 品牌01 1800 抽屉柜（带门式）,抽屉柜,品牌01,1800,带门式,米色,8*1*1,8,AM80A,劳拉,收货,上架
OfAELErGr,灰色 品牌05 大号 办公椅（人体工学）,办公椅,品牌05,大号,人体工学,灰色,16*1*1,16,BR14A,克里斯,收货,上架
CaTE12DoBe,米色 品牌04 1200 文件柜（带门式）,文件柜,品牌04,1200,带门式,米色,8*1*1,8,DO80E,大卫,收货,上架
GaXEMErGr,灰色 品牌06 中号 游戏椅（人体工学）,游戏椅,品牌06,中号,人体工学,灰色,16*1*1,16,DW70D,克里斯,收货,上架
GaAEMLeWh,白色 品牌05 中号 游戏椅（皮革）,游戏椅,品牌05,中号,皮革,白色,16*1*1,16,DW06A,劳拉,收货,上架
KeHc45BlNa,藏青色 品牌09 450 键盘（蓝牙）,键盘,品牌09,450,蓝牙,藏青色,16*10*1,160,BS18H,迈克,收货,上架
PeRe50HeGr,灰色 品牌22 50 铅笔（六角形）,铅笔,品牌22,50,六角形,灰色,48*10*5,2400,AS94G,迈克,收货,上架
GaOGSLePi,粉色 品牌07 小号 游戏椅（皮革）,游戏椅,品牌07,小号,皮革,粉色,16*1*1,16,CX48D,莎拉,收货,上架
CaRG12LoGr,灰色 品牌03 1200 文件柜（储物锁柜）,文件柜,品牌03,1200,储物锁柜,灰色,8*1*1,8,BW48F,艾米丽,收货,上架
CaWE18DoBe,米色 品牌02 1800 文件柜（带门式）,文件柜,品牌02,1800,带门式,米色,8*1*1,8,CK15C,大卫,收货,上架
TVEs32FHSi,银色 品牌32 32英寸 电视机（全高清）,电视机,品牌32,32英寸,全高清,银色,8*1*1,8,BL85A,约翰,收货,上架
AlSu1732Bl,黑色 品牌11 17英寸 一体机（32吉字节内存）,一体机,品牌11,17英寸,32吉字节内存,黑色,16*1*1,16,BR38D,迈克,收货,上架
LaPH158GWh,白色 品牌12 15英寸 笔记本电脑（8吉字节内存）,笔记本电脑,品牌12,15英寸,8吉字节内存,白色,16*1*1,16,AU76D,大卫,收货,上架
TaCI18WoSi,银色 品牌27 1800 桌子（工作站）,桌子,品牌27,1800,工作站,银色,8*1*1,8,CF72F,莎拉,收货,上架
PrPHA2LaMi,混合色 品牌12 二号纸 打印机（激光）,打印机,品牌12,二号纸,激光,混合色,16*1*1,16,BS35C,艾米丽,收货,上架
LaPH1432Wh,白色 品牌12 14英寸 笔记本电脑（32吉字节内存）,笔记本电脑,品牌12,14英寸,32吉字节内存,白色,16*1*1,16,DO83C,莎拉,收货,上架
TaCI10WoSi,银色 品牌27 1000 桌子（工作站）,桌子,品牌27,1000,工作站,银色,8*1*1,8,DT34B,大卫,收货,上架
GaOGLHeGr,灰色 品牌07 大号 游戏椅（头枕）,游戏椅,品牌07,大号,头枕,灰色,16*1*1,16,BO13H,简,收货,上架
DrTE12DoWh,白色 品牌04 1200 抽屉柜（带门式）,抽屉柜,品牌04,1200,带门式,白色,8*1*1,8,AY76E,艾米丽,收货,上架
TaTR18AuBl,黑色 品牌29 1800 桌子（自动调节）,桌子,品牌29,1800,自动调节,黑色,8*1*1,8,CM05D,艾米丽,收货,上架
AlPH158GSi,银色 品牌12 15英寸 一体机（8吉字节内存）,一体机,品牌12,15英寸,8吉字节内存,银色,16*1*1,16,CP11G,莎拉,收货,上架
TVGn75SFBl,黑色 品牌30 75英寸 电视机（超级全高清）,电视机,品牌30,75英寸,超级全高清,黑色,8*1*1,8,CL95H,劳拉,收货,上架
OfXESErGr,灰色 品牌06 小号 办公椅（人体工学）,办公椅,品牌06,小号,人体工学,灰色,16*1*1,16,BN85B,亚历克斯,收货,上架
PrSoA4InMi,混合色 品牌25 四号纸 打印机（喷墨）,打印机,品牌25,四号纸,喷墨,混合色,16*1*1,16,BW13H,莎拉,收货,上架
TVEs65FHSi,银色 品牌32 65英寸 电视机（全高清）,电视机,品牌32,65英寸,全高清,银色,8*1*1,8,AH10G,艾米,收货,上架
CaRG18FiBe,米色 品牌03 1800 文件柜（文件收纳）,文件柜,品牌03,1800,文件收纳,米色,8*1*1,8,AL72H,莎拉,收货,上架
CaQE18FiBe,米色 品牌01 1800 文件柜（文件收纳）,文件柜,品牌01,1800,文件收纳,米色,8*1*1,8,AJ46B,艾米,收货,上架
CuTE18LoWh,白色 品牌04 1800 储物柜（储物锁柜）,储物柜,品牌04,1800,储物锁柜,白色,8*1*1,8,AX38F,简,收货,上架
AlRe1416Gr,灰色 品牌14 14英寸 一体机（16吉字节内存）,一体机,品牌14,14英寸,16吉字节内存,灰色,16*1*1,16,CF51D,莎拉,收货,上架
CuRG18DoWh,白色 品牌03 1800 储物柜（带门式）,储物柜,品牌03,1800,带门式,白色,8*1*1,8,BJ73F,约翰,收货,上架
LaPH1732Gr,灰色 品牌12 17英寸 笔记本电脑（32吉字节内存）,笔记本电脑,品牌12,17英寸,32吉字节内存,灰色,16*1*1,16,AZ24B,亚历克斯,收货,上架
DrRG12DoBe,米色 品牌03 1200 抽屉柜（带门式）,抽屉柜,品牌03,1200,带门式,米色,8*1*1,8,DS10E,艾米,收货,上架
AlRe14i5Gr,灰色 品牌14 14英寸 一体机（第5代处理器）,一体机,品牌14,14英寸,第5代处理器,灰色,16*1*1,16,DP63D,劳拉,收货,上架
NoGrA3ruSi,银色 品牌18 三号纸 笔记本（横线）,笔记本,品牌18,三号纸,横线,银色,48*10*5,2400,BF20D,劳拉,收货,上架
LaOv15i7Wh,白色 品牌13 15英寸 笔记本电脑（第7代处理器）,笔记本电脑,品牌13,15英寸,第7代处理器,白色,16*1*1,16,DO90C,亚历克斯,收货,上架
AlRe178GWh,白色 品牌14 17英寸 一体机（8吉字节内存）,一体机,品牌14,17英寸,8吉字节内存,白色,16*1*1,16,BR70C,约翰,收货,上架
GaOGLAdGr,灰色 品牌07 大号 游戏椅（可调节）,游戏椅,品牌07,大号,可调节,灰色,16*1*1,16,BK62D,克里斯,收货,上架
LaOv148GWh,白色 品牌13 14英寸 笔记本电脑（8吉字节内存）,笔记本电脑,品牌13,14英寸,8吉字节内存,白色,16*1*1,16,DT27F,简,收货,上架
AlYn1416Bl,黑色 品牌15 14英寸 一体机（16吉字节内存）,一体机,品牌15,14英寸,16吉字节内存,黑色,16*1*1,16,DS98H,迈克,收货,上架
LaSu178GBl,黑色 品牌11 17英寸 笔记本电脑（8吉字节内存）,笔记本电脑,品牌11,17英寸,8吉字节内存,黑色,16*1*1,16,CO23E,约翰,收货,上架
GaXESAdBl,黑色 品牌06 小号 游戏椅（可调节）,游戏椅,品牌06,小号,可调节,黑色,16*1*1,16,DM04E,莎拉,收货,上架
PrReA3InWh,白色 品牌24 三号纸 打印机（喷墨）,打印机,品牌24,三号纸,喷墨,白色,16*1*1,16,CK57B,迈克,收货,上架
GaSEMLePi,粉色 品牌08 中号 游戏椅（皮革）,游戏椅,品牌08,中号,皮革,粉色,16*1*1,16,DI85B,迈克,收货,上架
CuTE18LoWh,白色 品牌04 1800 储物柜（储物锁柜）,储物柜,品牌04,1800,储物锁柜,白色,8*1*1,8,DG89B,劳拉,收货,上架
CaWE90FiBl,黑色 品牌02 900 文件柜（文件收纳）,文件柜,品牌02,900,文件收纳,黑色,8*1*1,8,BI94D,约翰,收货,上架
OfAESHePi,粉色 品牌05 小号 办公椅（头枕）,办公椅,品牌05,小号,头枕,粉色,16*1*1,16,BU87D,劳拉,收货,上架
NoGrA3liBl,黑色 品牌18 三号纸 笔记本（线条）,笔记本,品牌18,三号纸,线条,黑色,48*10*5,2400,BJ29E,莎拉,收货,上架
PrPHA3InMi,混合色 品牌12 三号纸 打印机（喷墨）,打印机,品牌12,三号纸,喷墨,混合色,16*1*1,16,DX41C,莎拉,收货,上架
PeRe24WaGr,灰色 品牌22 24 铅笔（水彩）,铅笔,品牌22,24,水彩,灰色,48*10*5,2400,DG38A,劳拉,收货,上架
LaSu15i7Gr,灰色 品牌11 15英寸 笔记本电脑（第7代处理器）,笔记本电脑,品牌11,15英寸,第7代处理器,灰色,16*1*1,16,BR92H,约翰,收货,上架
TVYn75SFSi,银色 品牌15 75英寸 电视机（超级全高清）,电视机,品牌15,75英寸,超级全高清,银色,8*1*1,8,BG65D,约翰,收货,上架
NoMuA5liBl,黑色 品牌19 五号纸 笔记本（线条）,笔记本,品牌19,五号纸,线条,黑色,48*10*5,2400,AQ95D,大卫,收货,上架
TVEs65S4Gr,灰色 品牌32 65英寸 电视机（超级超高清）,电视机,品牌32,65英寸,超级超高清,灰色,8*1*1,8,CP85H,迈克,收货,上架
LaSu1516Bl,黑色 品牌11 15英寸 笔记本电脑（16吉字节内存）,笔记本电脑,品牌11,15英寸,16吉字节内存,黑色,16*1*1,16,DV11D,克里斯,收货,上架
PrReA3WiBl,黑色 品牌24 三号纸 打印机（无线网络）,打印机,品牌24,三号纸,无线网络,黑色,16*1*1,16,DQ46G,莎拉,收货,上架
PrNoA2LaWh,白色 品牌26 二号纸 打印机（激光）,打印机,品牌26,二号纸,激光,白色,16*1*1,16,AX68F,莎拉,收货,上架
OfSEMErBl,黑色 品牌08 中号 办公椅（人体工学）,办公椅,品牌08,中号,人体工学,黑色,16*1*1,16,AK75F,劳拉,收货,上架
DrQE90LoGr,灰色 品牌01 900 抽屉柜（储物锁柜）,抽屉柜,品牌01,900,储物锁柜,灰色,8*1*1,8,BG42A,大卫,收货,上架
MoSu35MeWh,白色 品牌11 350 鼠标（机械式）,鼠标,品牌11,350,机械式,白色,16*10*1,160,CM21A,迈克,收货,上架
TVEs75FHBl,黑色 品牌32 75英寸 电视机（全高清）,电视机,品牌32,75英寸,全高清,黑色,8*1*1,8,CM82A,大卫,收货,上架
PeRe24WaPi,粉色 品牌22 24 铅笔（水彩）,铅笔,品牌22,24,水彩,粉色,48*10*5,2400,AM36A,克里斯,收货,上架
TVGn50FHBl,黑色 品牌30 50英寸 电视机（全高清）,电视机,品牌30,50英寸,全高清,黑色,8*1*1,8,BH66G,简,收货,上架
GaXELErPi,粉色 品牌06 大号 游戏椅（人体工学）,游戏椅,品牌06,大号,人体工学,粉色,16*1*1,16,BR44G,艾米丽,收货,上架
CuRG12FiBe,米色 品牌03 1200 储物柜（文件收纳）,储物柜,品牌03,1200,文件收纳,米色,8*1*1,8,BO02F,莎拉,收货,上架
MoPH45ErWh,白色 品牌12 450 鼠标（人体工学）,鼠标,品牌12,450,人体工学,白色,16*10*1,160,BS95B,亚历克斯,收货,上架
TVGL504KBl,黑色 品牌31 50英寸 电视机（超高清）,电视机,品牌31,50英寸,超高清,黑色,8*1*1,8,DI12G,克里斯,收货,上架
AlYn1416Wh,白色 品牌15 14英寸 一体机（16吉字节内存）,一体机,品牌15,14英寸,16吉字节内存,白色,16*1*1,16,CW42F,劳拉,收货,上架
AlPH1416Wh,白色 品牌12 14英寸 一体机（16吉字节内存）,一体机,品牌12,14英寸,16吉字节内存,白色,16*1*1,16,AX43F,克里斯,收货,上架
LaRe1416Bl,黑色 品牌14 14英寸 笔记本电脑（16吉字节内存）,笔记本电脑,品牌14,14英寸,16吉字节内存,黑色,16*1*1,16,BX96D,约翰,收货,上架
CaRG18SlWh,白色 品牌03 1800 文件柜（滑动式）,文件柜,品牌03,1800,滑动式,白色,8*1*1,8,AI50B,简,收货,上架
NoMuA4liSi,银色 品牌19 四号纸 笔记本（线条）,笔记本,品牌19,四号纸,线条,银色,48*10*5,2400,DY70E,莎拉,收货,上架
PrSoA2AlBl,黑色 品牌25 二号纸 打印机（一体式）,打印机,品牌25,二号纸,一体式,黑色,16*1*1,16,CV70D,劳拉,收货,上架
DrQE18DoWh,白色 品牌01 1800 抽屉柜（带门式）,抽屉柜,品牌01,1800,带门式,白色,8*1*1,8,BP87F,劳拉,收货,上架
CaTE12LoWh,白色 品牌04 1200 文件柜（储物锁柜）,文件柜,品牌04,1200,储物锁柜,白色,8*1*1,8,BI09B,艾米丽,收货,上架
LaRe1716Bl,黑色 品牌14 17英寸 笔记本电脑（16吉字节内存）,笔记本电脑,品牌14,17英寸,16吉字节内存,黑色,16*1*1,16,DG23F,约翰,收货,上架
GaXESHeGr,灰色 品牌06 小号 游戏椅（头枕）,游戏椅,品牌06,小号,头枕,灰色,16*1*1,16,BG94A,亚历克斯,收货,上架
CuQE12DoBl,黑色 品牌01 1200 储物柜（带门式）,储物柜,品牌01,1200,带门式,黑色,8*1*1,8,BS44H,艾米丽,收货,上架
SPGi12HeWh,白色 品牌21 12 触控笔（六角形）,触控笔,品牌21,12,六角形,白色,48*10*5,2400,CO87H,莎拉,收货,上架
OfXELHeBl,黑色 品牌06 大号 办公椅（头枕）,办公椅,品牌06,大号,头枕,黑色,16*1*1,16,CJ97F,劳拉,收货,上架
TVEs50FHBl,黑色 品牌32 50英寸 电视机（全高清）,电视机,品牌32,50英寸,全高清,黑色,8*1*1,8,AZ13F,莎拉,收货,上架
MoSu45BlBl,黑色 品牌11 450 鼠标（蓝牙）,鼠标,品牌11,450,蓝牙,黑色,16*10*1,160,BT07D,迈克,收货,上架
TVGn424KGr,灰色 品牌30 42英寸 电视机（超高清）,电视机,品牌30,42英寸,超高清,灰色,8*1*1,8,AK63G,亚历克斯,收货,上架
NoExA4doSi,银色 品牌16 四号纸 笔记本（点阵）,笔记本,品牌16,四号纸,点阵,银色,48*10*5,2400,AV35E,莎拉,收货,上架
AlYn15i7Gr,灰色 品牌15 15英寸 一体机（第7代处理器）,一体机,品牌15,15英寸,第7代处理器,灰色,16*1*1,16,CY90B,亚历克斯,收货,上架
CaQE12FiWh,白色 品牌01 1200 文件柜（文件收纳）,文件柜,品牌01,1200,文件收纳,白色,8*1*1,8,AT02C,亚历克斯,收货,上架
CuQE90DoBe,米色 品牌01 900 储物柜（带门式）,储物柜,品牌01,900,带门式,米色,8*1*1,8,CP01H,莎拉,收货,上架
KeRe35ErBl,黑色 品牌10 350 键盘（人体工学）,键盘,品牌10,350,人体工学,黑色,16*10*1,160,AP40D,约翰,收货,上架
AlYn1432Gr,灰色 品牌15 14英寸 一体机（32吉字节内存）,一体机,品牌15,14英寸,32吉字节内存,灰色,16*1*1,16,CN58A,简,收货,上架
GaOGSLeWh,白色 品牌07 小号 游戏椅（皮革）,游戏椅,品牌07,小号,皮革,白色,16*1*1,16,DV41C,迈克,收货,上架
SPAl50WaPi,粉色 品牌20 50 触控笔（水彩）,触控笔,品牌20,50,水彩,粉色,48*10*5,2400,AX14E,艾米丽,收货,上架
AlOv1532Wh,白色 品牌13 15英寸 一体机（32吉字节内存）,一体机,品牌13,15英寸,32吉字节内存,白色,16*1*1,16,CQ63F,莎拉,收货,上架
PeNa50WaBl,黑色 品牌23 50 铅笔（水彩）,铅笔,品牌23,50,水彩,黑色,48*10*5,2400,AH65D,大卫,收货,上架
OfSELErPi,粉色 品牌08 大号 办公椅（人体工学）,办公椅,品牌08,大号,人体工学,粉色,16*1*1,16,AS80B,艾米丽,收货,上架
DrTE12SlWh,白色 品牌04 1200 抽屉柜（滑动式）,抽屉柜,品牌04,1200,滑动式,白色,8*1*1,8,DM24H,艾米丽,收货,上架
TVGn32S4Bl,黑色 品牌30 32英寸 电视机（超级超高清）,电视机,品牌30,32英寸,超级超高清,黑色,8*1*1,8,CL76G,艾米丽,收货,上架
GaXELLeBl,黑色 品牌06 大号 游戏椅（皮革）,游戏椅,品牌06,大号,皮革,黑色,16*1*1,16,BY52G,亚历克斯,收货,上架
TVGn324KGr,灰色 品牌30 32英寸 电视机（超高清）,电视机,品牌30,32英寸,超高清,灰色,8*1*1,8,CM30D,艾米,收货,上架
TaCI10FrBl,黑色 品牌27 1000 桌子（框架式）,桌子,品牌27,1000,框架式,黑色,8*1*1,8,AR30E,迈克,收货,上架
TVGL50S4Bl,黑色 品牌31 50英寸 电视机（超级超高清）,电视机,品牌31,50英寸,超级超高清,黑色,8*1*1,8,BY16C,大卫,收货,上架
SPRe50SoPi,粉色 品牌22 50 触控笔（可溶性）,触控笔,品牌22,50,可溶性,粉色,48*10*5,2400,CH38C,劳拉,收货,上架
SPAl12WaWh,白色 品牌20 12 触控笔（水彩）,触控笔,品牌20,12,水彩,白色,48*10*5,2400,AI32G,劳拉,收货,上架
CaTE12LoWh,白色 品牌04 1200 文件柜（储物锁柜）,文件柜,品牌04,1200,储物锁柜,白色,8*1*1,8,BW13B,艾米丽,收货,上架
CaQE18DoBe,米色 品牌01 1800 文件柜（带门式）,文件柜,品牌01,1800,带门式,米色,8*1*1,8,CM73D,劳拉,收货,上架
LaSu15i7Bl,黑色 品牌11 15英寸 笔记本电脑（第7代处理器）,笔记本电脑,品牌11,15英寸,第7代处理器,黑色,16*1*1,16,CS57G,克里斯,收货,上架
MoHc45WiBl,黑色 品牌09 450 鼠标（有线）,鼠标,品牌09,450,有线,黑色,16*10*1,160,BS06G,劳拉,收货,上架
KeSu27ErWh,白色 品牌11 270 键盘（人体工学）,键盘,品牌11,270,人体工学,白色,16*10*1,160,DP62G,亚历克斯,收货,上架
KeSu35MeBl,黑色 品牌11 350 键盘（机械式）,键盘,品牌11,350,机械式,黑色,16*10*1,160,AH81F,劳拉,收货,上架
CaQE12FiBe,米色 品牌01 1200 文件柜（文件收纳）,文件柜,品牌01,1200,文件收纳,米色,8*1*1,8,AG81C,艾米,收货,上架
DrRG90DoWh,白色 品牌03 900 抽屉柜（带门式）,抽屉柜,品牌03,900,带门式,白色,8*1*1,8,CX96A,约翰,收货,上架
TVGn50FHBl,黑色 品牌30 50英寸 电视机（全高清）,电视机,品牌30,50英寸,全高清,黑色,8*1*1,8,BT13G,约翰,收货,上架
PeAl12HeWh,白色 品牌20 12 铅笔（六角形）,铅笔,品牌20,12,六角形,白色,48*10*5,2400,AH89D,莎拉,收货,上架
GaSELHeGr,灰色 品牌08 大号 游戏椅（头枕）,游戏椅,品牌08,大号,头枕,灰色,16*1*1,16,DW65F,克里斯,收货,上架
CuQE90DoBe,米色 品牌01 900 储物柜（带门式）,储物柜,品牌01,900,带门式,米色,8*1*1,8,AL96C,亚历克斯,收货,上架
PrReA4WiBl,黑色 品牌24 四号纸 打印机（无线网络）,打印机,品牌24,四号纸,无线网络,黑色,16*1*1,16,DR19E,克里斯,收货,上架
LaOv17i5Wh,白色 品牌13 17英寸 笔记本电脑（第5代处理器）,笔记本电脑,品牌13,17英寸,第5代处理器,白色,16*1*1,16,DX22E,迈克,收货,上架
PeAl50HeBl,黑色 品牌20 50 铅笔（六角形）,铅笔,品牌20,50,六角形,黑色,48*10*5,2400,DQ32C,迈克,收货,上架
DrRG12LoWh,白色 品牌03 1200 抽屉柜（储物锁柜）,抽屉柜,品牌03,1200,储物锁柜,白色,8*1*1,8,AR53G,艾米,收货,上架
NoGrA3liGr,灰色 品牌18 三号纸 笔记本（线条）,笔记本,品牌18,三号纸,线条,灰色,48*10*5,2400,CP45D,克里斯,收货,上架
TaAE15WoWh,白色 品牌05 1500 桌子（工作站）,桌子,品牌05,1500,工作站,白色,8*1*1,8,CU64E,艾米丽,收货,上架
OfOGMErWh,白色 品牌07 中号 办公椅（人体工学）,办公椅,品牌07,中号,人体工学,白色,16*1*1,16,DK03D,迈克,收货,上架
AlRe1716Gr,灰色 品牌14 17英寸 一体机（16吉字节内存）,一体机,品牌14,17英寸,16吉字节内存,灰色,16*1*1,16,AW32D,克里斯,收货,上架
LaSu158GSi,银色 品牌11 15英寸 笔记本电脑（8吉字节内存）,笔记本电脑,品牌11,15英寸,8吉字节内存,银色,16*1*1,16,AH20E,劳拉,收货,上架
DrTE18LoBe,米色 品牌04 1800 抽屉柜（储物锁柜）,抽屉柜,品牌04,1800,储物锁柜,米色,8*1*1,8,AV29B,约翰,收货,上架
KeHc45BlWh,白色 品牌09 450 键盘（蓝牙）,键盘,品牌09,450,蓝牙,白色,16*10*1,160,AJ04F,约翰,收货,上架
TVGn324KBl,黑色 品牌30 32英寸 电视机（超高清）,电视机,品牌30,32英寸,超高清,黑色,8*1*1,8,DG78H,迈克,收货,上架
PrNoA4LaWh,白色 品牌26 四号纸 打印机（激光）,打印机,品牌26,四号纸,激光,白色,16*1*1,16,BM44E,亚历克斯,收货,上架
TVYn42SFBl,黑色 品牌15 42英寸 电视机（超级全高清）,电视机,品牌15,42英寸,超级全高清,黑色,8*1*1,8,BL82A,亚历克斯,收货,上架
PeGi50WaBl,黑色 品牌21 50 铅笔（水彩）,铅笔,品牌21,50,水彩,黑色,48*10*5,2400,AY36C,克里斯,收货,上架
MoRe35ErWh,白色 品牌10 350 鼠标（人体工学）,鼠标,品牌10,350,人体工学,白色,16*10*1,160,BO03A,迈克,收货,上架
AlYn15i7Si,银色 品牌15 15英寸 一体机（第7代处理器）,一体机,品牌15,15英寸,第7代处理器,银色,16*1*1,16,AZ96F,约翰,收货,上架
KePH45BlWh,白色 品牌12 450 键盘（蓝牙）,键盘,品牌12,450,蓝牙,白色,16*10*1,160,BG41C,艾米丽,收货,上架
LaPH1732Gr,灰色 品牌12 17英寸 笔记本电脑（32吉字节内存）,笔记本电脑,品牌12,17英寸,32吉字节内存,灰色,16*1*1,16,BM48E,克里斯,收货,上架
DrRG12SlWh,白色 品牌03 1200 抽屉柜（滑动式）,抽屉柜,品牌03,1200,滑动式,白色,8*1*1,8,AR80H,克里斯,收货,上架
PrNoA4LaMi,混合色 品牌26 四号纸 打印机（激光）,打印机,品牌26,四号纸,激光,混合色,16*1*1,16,CM74B,简,收货,上架
TVEs50FHWh,白色 品牌32 50英寸 电视机（全高清）,电视机,品牌32,50英寸,全高清,白色,8*1*1,8,AM08E,艾米丽,收货,上架
CaQE12FiBl,黑色 品牌01 1200 文件柜（文件收纳）,文件柜,品牌01,1200,文件收纳,黑色,8*1*1,8,BV08H,约翰,收货,上架
GaSELAdGr,灰色 品牌08 大号 游戏椅（可调节）,游戏椅,品牌08,大号,可调节,灰色,16*1*1,16,AV23A,克里斯,收货,上架
OfOGMLeGr,灰色 品牌07 中号 办公椅（皮革）,办公椅,品牌07,中号,皮革,灰色,16*1*1,16,BR40F,劳拉,收货,上架
TVYn32S4Gr,灰色 品牌15 32英寸 电视机（超级超高清）,电视机,品牌15,32英寸,超级超高清,灰色,8*1*1,8,BR60F,莎拉,收货,上架
NoExA3ruWh,白色 品牌16 三号纸 笔记本（横线）,笔记本,品牌16,三号纸,横线,白色,48*10*5,2400,DF60G,莎拉,收货,上架
TaCI18AdSi,银色 品牌27 1800 桌子（可调节）,桌子,品牌27,1800,可调节,银色,8*1*1,8,CS93A,迈克,收货,上架
PrSoA2MoWh,白色 品牌25 二号纸 打印机（黑白）,打印机,品牌25,二号纸,黑白,白色,16*1*1,16,AM15C,克里斯,收货,上架
LaYn14i7Gr,灰色 品牌15 14英寸 笔记本电脑（第7代处理器）,笔记本电脑,品牌15,14英寸,第7代处理器,灰色,16*1*1,16,BY76H,简,收货,上架
TaTR10AuWh,白色 品牌29 1000 桌子（自动调节）,桌子,品牌29,1000,自动调节,白色,8*1*1,8,BN06C,迈克,收货,上架
NoMuA3liBl,黑色 品牌19 三号纸 笔记本（线条）,笔记本,品牌19,三号纸,线条,黑色,48*10*5,2400,AV85H,迈克,收货,上架
TaTR10AuWh,白色 品牌29 1000 桌子（自动调节）,桌子,品牌29,1000,自动调节,白色,8*1*1,8,BF75H,劳拉,收货,上架
TVGn75FHGr,灰色 品牌30 75英寸 电视机（全高清）,电视机,品牌30,75英寸,全高清,灰色,8*1*1,8,CF66H,艾米,收货,上架
MoHc35ErWh,白色 品牌09 350 鼠标（人体工学）,鼠标,品牌09,350,人体工学,白色,16*10*1,160,DS49G,莎拉,收货,上架
AlRe1516Wh,白色 品牌14 15英寸 一体机（16吉字节内存）,一体机,品牌14,15英寸,16吉字节内存,白色,16*1*1,16,BO76G,克里斯,收货,上架
OfAEMErBl,黑色 品牌05 中号 办公椅（人体工学）,办公椅,品牌05,中号,人体工学,黑色,16*1*1,16,AS65F,艾米丽,收货,上架
TVEs75FHGr,灰色 品牌32 75英寸 电视机（全高清）,电视机,品牌32,75英寸,全高清,灰色,8*1*1,8,CX10E,亚历克斯,收货,上架
AlSu178GBl,黑色 品牌11 17英寸 一体机（8吉字节内存）,一体机,品牌11,17英寸,8吉字节内存,黑色,16*1*1,16,BX78B,约翰,收货,上架
PrNoA3InWh,白色 品牌26 三号纸 打印机（喷墨）,打印机,品牌26,三号纸,喷墨,白色,16*1*1,16,BL73H,克里斯,收货,上架
LaOv1432Si,银色 品牌13 14英寸 笔记本电脑（32吉字节内存）,笔记本电脑,品牌13,14英寸,32吉字节内存,银色,16*1*1,16,CT38F,迈克,收货,上架
NoScA5doWh,白色 品牌17 五号纸 笔记本（点阵）,笔记本,品牌17,五号纸,点阵,白色,48*10*5,2400,AX67H,艾米丽,收货,上架
TaTR15FrWh,白色 品牌28 1500 桌子（框架式）,桌子,品牌28,1500,框架式,白色,8*1*1,8,CL01G,劳拉,收货,上架
OfAEMLeWh,白色 品牌05 中号 办公椅（皮革）,办公椅,品牌05,中号,皮革,白色,16*1*1,16,DQ55D,克里斯,收货,上架
PeRe50HeWh,白色 品牌22 50 铅笔（六角形）,铅笔,品牌22,50,六角形,白色,48*10*5,2400,DW24D,克里斯,收货,上架
GaAESAdGr,灰色 品牌05 小号 游戏椅（可调节）,游戏椅,品牌05,小号,可调节,灰色,16*1*1,16,DO37H,艾米丽,收货,上架
PrNoA3MoMi,混合色 品牌26 三号纸 打印机（黑白）,打印机,品牌26,三号纸,黑白,混合色,16*1*1,16,CM22A,大卫,收货,上架
DrRG18SlGr,灰色 品牌03 1800 抽屉柜（滑动式）,抽屉柜,品牌03,1800,滑动式,灰色,8*1*1,8,CQ41B,大卫,收货,上架
LaYn1532Wh,白色 品牌15 15英寸 笔记本电脑（32吉字节内存）,笔记本电脑,品牌15,15英寸,32吉字节内存,白色,16*1*1,16,AX94D,迈克,收货,上架
KeRe45WiWh,白色 品牌10 450 键盘（有线）,键盘,品牌10,450,有线,白色,16*10*1,160,BR26E,克里斯,收货,上架
MoRe45BlNa,藏青色 品牌10 450 鼠标（蓝牙）,鼠标,品牌10,450,蓝牙,藏青色,16*10*1,160,DG11H,大卫,收货,上架
NoGrA4liGr,灰色 品牌18 四号纸 笔记本（线条）,笔记本,品牌18,四号纸,线条,灰色,48*10*5,2400,AH64B,迈克,收货,上架
OfAELAdPi,粉色 品牌05 大号 办公椅（可调节）,办公椅,品牌05,大号,可调节,粉色,16*1*1,16,BP68D,艾米丽,收货,上架
OfOGSHeBl,黑色 品牌07 小号 办公椅（头枕）,办公椅,品牌07,小号,头枕,黑色,16*1*1,16,CP73B,大卫,收货,上架
MoSu27MePi,粉色 品牌11 270 鼠标（机械式）,鼠标,品牌11,270,机械式,粉色,16*10*1,160,BX88G,莎拉,收货,上架
TVEs42FHBl,黑色 品牌32 42英寸 电视机（全高清）,电视机,品牌32,42英寸,全高清,黑色,8*1*1,8,AI85A,艾米,收货,上架
PeRe12HeWh,白色 品牌22 12 铅笔（六角形）,铅笔,品牌22,12,六角形,白色,48*10*5,2400,AM42C,艾米,收货,上架
TVGL654KWh,白色 品牌31 65英寸 电视机（超高清）,电视机,品牌31,65英寸,超高清,白色,8*1*1,8,BK47A,简,收货,上架
OfOGLLeWh,白色 品牌07 大号 办公椅（皮革）,办公椅,品牌07,大号,皮革,白色,16*1*1,16,BI32C,艾米,收货,上架
CaQE18DoBl,黑色 品牌01 1800 文件柜（带门式）,文件柜,品牌01,1800,带门式,黑色,8*1*1,8,CG10A,迈克,收货,上架
TVYn654KSi,银色 品牌15 65英寸 电视机（超高清）,电视机,品牌15,65英寸,超高清,银色,8*1*1,8,AW16D,劳拉,收货,上架
AlSu14i5Gr,灰色 品牌11 14英寸 一体机（第5代处理器）,一体机,品牌11,14英寸,第5代处理器,灰色,16*1*1,16,DT03A,艾米,收货,上架
AlOv148GSi,银色 品牌13 14英寸 一体机（8吉字节内存）,一体机,品牌13,14英寸,8吉字节内存,银色,16*1*1,16,DJ06A,克里斯,收货,上架
PrReA4InMi,混合色 品牌24 四号纸 打印机（喷墨）,打印机,品牌24,四号纸,喷墨,混合色,16*1*1,16,BJ69A,艾米,收货,上架
NoExA3ruBl,黑色 品牌16 三号纸 笔记本（横线）,笔记本,品牌16,三号纸,横线,黑色,48*10*5,2400,AG02C,简,收货,上架
PeNa12HeWh,白色 品牌23 12 铅笔（六角形）,铅笔,品牌23,12,六角形,白色,48*10*5,2400,CF27A,劳拉,收货,上架
LaSu1416Wh,白色 品牌11 14英寸 笔记本电脑（16吉字节内存）,笔记本电脑,品牌11,14英寸,16吉字节内存,白色,16*1*1,16,DT01G,大卫,收货,上架
PrNoA4InBl,黑色 品牌26 四号纸 打印机（喷墨）,打印机,品牌26,四号纸,喷墨,黑色,16*1*1,16,BY32F,艾米丽,收货,上架
OfSESHeBl,黑色 品牌08 小号 办公椅（头枕）,办公椅,品牌08,小号,头枕,黑色,16*1*1,16,AK37D,劳拉,收货,上架
AlOv15i5Si,银色 品牌13 15英寸 一体机（第5代处理器）,一体机,品牌13,15英寸,第5代处理器,银色,16*1*1,16,AZ55B,简,收货,上架
MoHc27BlNa,藏青色 品牌09 270 鼠标（蓝牙）,鼠标,品牌09,270,蓝牙,藏青色,16*10*1,160,DQ60A,艾米丽,收货,上架
TVGn654KGr,灰色 品牌30 65英寸 电视机（超高清）,电视机,品牌30,65英寸,超高清,灰色,8*1*1,8,DO67B,亚历克斯,收货,上架
MoSu27WiNa,藏青色 品牌11 270 鼠标（有线）,鼠标,品牌11,270,有线,藏青色,16*10*1,160,CS75H,克里斯,收货,上架
LaPH1416Gr,灰色 品牌12 14英寸 笔记本电脑（16吉字节内存）,笔记本电脑,品牌12,14英寸,16吉字节内存,灰色,16*1*1,16,DL33F,克里斯,收货,上架
MoHc27WiWh,白色 品牌09 270 鼠标（有线）,鼠标,品牌09,270,有线,白色,16*10*1,160,CV10G,艾米,收货,上架
CuRG12DoBl,黑色 品牌03 1200 储物柜（带门式）,储物柜,品牌03,1200,带门式,黑色,8*1*1,8,BV70E,劳拉,收货,上架
GaSESLeGr,灰色 品牌08 小号 游戏椅（皮革）,游戏椅,品牌08,小号,皮革,灰色,16*1*1,16,CM48B,约翰,收货,上架
NoScA4ruGr,灰色 品牌17 四号纸 笔记本（横线）,笔记本,品牌17,四号纸,横线,灰色,48*10*5,2400,CS19E,艾米,收货,上架
AlSu14i7Gr,灰色 品牌11 14英寸 一体机（第7代处理器）,一体机,品牌11,14英寸,第7代处理器,灰色,16*1*1,16,CN38H,大卫,收货,上架
CuQE18LoBe,米色 品牌01 1800 储物柜（储物锁柜）,储物柜,品牌01,1800,储物锁柜,米色,8*1*1,8,CG06E,艾米丽,收货,上架
PeNa50HeWh,白色 品牌23 50 铅笔（六角形）,铅笔,品牌23,50,六角形,白色,48*10*5,2400,DZ83E,莎拉,收货,上架
OfSELHeGr,灰色 品牌08 大号 办公椅（头枕）,办公椅,品牌08,大号,头枕,灰色,16*1*1,16,CY84A,克里斯,收货,上架
NoMuA5ruWh,白色 品牌19 五号纸 笔记本（横线）,笔记本,品牌19,五号纸,横线,白色,48*10*5,2400,DS28A,克里斯,收货,上架
CuRG12DoGr,灰色 品牌03 1200 储物柜（带门式）,储物柜,品牌03,1200,带门式,灰色,8*1*1,8,BX52H,艾米,收货,上架
SPNa12SoWh,白色 品牌23 12 触控笔（可溶性）,触控笔,品牌23,12,可溶性,白色,48*10*5,2400,AR23D,大卫,收货,上架
NoExA5ruSi,银色 品牌16 五号纸 笔记本（横线）,笔记本,品牌16,五号纸,横线,银色,48*10*5,2400,BU92E,大卫,收货,上架
TaTR18FrGr,灰色 品牌29 1800 桌子（框架式）,桌子,品牌29,1800,框架式,灰色,8*1*1,8,BS05E,莎拉,收货,上架
PeNa24WaWh,白色 品牌23 24 铅笔（水彩）,铅笔,品牌23,24,水彩,白色,48*10*5,2400,BF33G,克里斯,收货,上架
CaRG90SlBe,米色 品牌03 900 文件柜（滑动式）,文件柜,品牌03,900,滑动式,米色,8*1*1,8,CY70F,简,收货,上架
PrPHA4MoBl,黑色 品牌12 四号纸 打印机（黑白）,打印机,品牌12,四号纸,黑白,黑色,16*1*1,16,DP65A,大卫,收货,上架
LaOv1516Gr,灰色 品牌13 15英寸 笔记本电脑（16吉字节内存）,笔记本电脑,品牌13,15英寸,16吉字节内存,灰色,16*1*1,16,DM95F,莎拉,收货,上架
MoPH35MePi,粉色 品牌12 350 鼠标（机械式）,鼠标,品牌12,350,机械式,粉色,16*10*1,160,CQ20C,亚历克斯,收货,上架
MoPH27BlNa,藏青色 品牌12 270 鼠标（蓝牙）,鼠标,品牌12,270,蓝牙,藏青色,16*10*1,160,DN63D,约翰,收货,上架
DrWE12SlBl,黑色 品牌02 1200 抽屉柜（滑动式）,抽屉柜,品牌02,1200,滑动式,黑色,8*1*1,8,CK15D,莎拉,收货,上架
PeNa50SoWh,白色 品牌23 50 铅笔（可溶性）,铅笔,品牌23,50,可溶性,白色,48*10*5,2400,CI55F,迈克,收货,上架
TVGL50S4Bl,黑色 品牌31 50英寸 电视机（超级超高清）,电视机,品牌31,50英寸,超级超高清,黑色,8*1*1,8,DO69A,劳拉,收货,上架
TVGL424KBl,黑色 品牌31 42英寸 电视机（超高清）,电视机,品牌31,42英寸,超高清,黑色,8*1*1,8,AM03F,艾米,收货,上架
TVYn65SFWh,白色 品牌15 65英寸 电视机（超级全高清）,电视机,品牌15,65英寸,超级全高清,白色,8*1*1,8,AY71H,艾米丽,收货,上架
GaAELLeGr,灰色 品牌05 大号 游戏椅（皮革）,游戏椅,品牌05,大号,皮革,灰色,16*1*1,16,BJ02A,莎拉,收货,上架
OfOGMErBl,黑色 品牌07 中号 办公椅（人体工学）,办公椅,品牌07,中号,人体工学,黑色,16*1*1,16,CI74B,艾米丽,收货,上架
NoScA3doGr,灰色 品牌17 三号纸 笔记本（点阵）,笔记本,品牌17,三号纸,点阵,灰色,48*10*5,2400,AY24D,约翰,收货,上架
AlSu17i5Wh,白色 品牌11 17英寸 一体机（第5代处理器）,一体机,品牌11,17英寸,第5代处理器,白色,16*1*1,16,AO88G,简,收货,上架
AlYn1416Si,银色 品牌15 14英寸 一体机（16吉字节内存）,一体机,品牌15,14英寸,16吉字节内存,银色,16*1*1,16,CH18A,莎拉,收货,上架
KeSu45WiWh,白色 品牌11 450 键盘（有线）,键盘,品牌11,450,有线,白色,16*10*1,160,DV49G,克里斯,收货,上架
AlYn1532Si,银色 品牌15 15英寸 一体机（32吉字节内存）,一体机,品牌15,15英寸,32吉字节内存,银色,16*1*1,16,AH04F,大卫,收货,上架
OfOGLAdBl,黑色 品牌07 大号 办公椅（可调节）,办公椅,品牌07,大号,可调节,黑色,16*1*1,16,CK04G,劳拉,收货,上架
SPRe12SoGr,灰色 品牌22 12 触控笔（可溶性）,触控笔,品牌22,12,可溶性,灰色,48*10*5,2400,CO15G,亚历克斯,收货,上架
DrWE12LoGr,灰色 品牌02 1200 抽屉柜（储物锁柜）,抽屉柜,品牌02,1200,储物锁柜,灰色,8*1*1,8,AP45H,迈克,收货,上架
LaRe15i5Wh,白色 品牌14 15英寸 笔记本电脑（第5代处理器）,笔记本电脑,品牌14,15英寸,第5代处理器,白色,16*1*1,16,CY93B,克里斯,收货,上架
CuTE18DoBe,米色 品牌04 1800 储物柜（带门式）,储物柜,品牌04,1800,带门式,米色,8*1*1,8,CW62F,简,收货,上架
PeAl24SoGr,灰色 品牌20 24 铅笔（可溶性）,铅笔,品牌20,24,可溶性,灰色,48*10*5,2400,DU01G,大卫,收货,上架
LaPH1532Gr,灰色 品牌12 15英寸 笔记本电脑（32吉字节内存）,笔记本电脑,品牌12,15英寸,32吉字节内存,灰色,16*1*1,16,AV46A,克里斯,收货,上架
GaAEMAdWh,白色 品牌05 中号 游戏椅（可调节）,游戏椅,品牌05,中号,可调节,白色,16*1*1,16,CR15B,约翰,收货,上架
KeRe27WiBl,黑色 品牌10 270 键盘（有线）,键盘,品牌10,270,有线,黑色,16*10*1,160,AR75B,大卫,收货,上架
GaSEMErPi,粉色 品牌08 中号 游戏椅（人体工学）,游戏椅,品牌08,中号,人体工学,粉色,16*1*1,16,CX32B,莎拉,收货,上架
TVYn50S4Si,银色 品牌15 50英寸 电视机（超级超高清）,电视机,品牌15,50英寸,超级超高清,银色,8*1*1,8,CI78C,艾米,收货,上架
CuQE18DoGr,灰色 品牌01 1800 储物柜（带门式）,储物柜,品牌01,1800,带门式,灰色,8*1*1,8,AP81H,劳拉,收货,上架
PeAl50SoGr,灰色 品牌20 50 铅笔（可溶性）,铅笔,品牌20,50,可溶性,灰色,48*10*5,2400,AY10H,艾米,收货,上架
AlRe148GWh,白色 品牌14 14英寸 一体机（8吉字节内存）,一体机,品牌14,14英寸,8吉字节内存,白色,16*1*1,16,AT22G,亚历克斯,收货,上架
AlOv15i7Bl,黑色 品牌13 15英寸 一体机（第7代处理器）,一体机,品牌13,15英寸,第7代处理器,黑色,16*1*1,16,CY27F,艾米,收货,上架
TVEs75FHGr,灰色 品牌32 75英寸 电视机（全高清）,电视机,品牌32,75英寸,全高清,灰色,8*1*1,8,DJ87H,亚历克斯,收货,上架
GaOGMHeGr,灰色 品牌07 中号 游戏椅（头枕）,游戏椅,品牌07,中号,头枕,灰色,16*1*1,16,AY44G,大卫,收货,上架
PeGi24SoBl,黑色 品牌21 24 铅笔（可溶性）,铅笔,品牌21,24,可溶性,黑色,48*10*5,2400,CX85G,克里斯,收货,上架
AlOv148GSi,银色 品牌13 14英寸 一体机（8吉字节内存）,一体机,品牌13,14英寸,8吉字节内存,银色,16*1*1,16,CU56A,艾米丽,收货,上架
AlOv14i7Gr,灰色 品牌13 14英寸 一体机（第7代处理器）,一体机,品牌13,14英寸,第7代处理器,灰色,16*1*1,16,CG47F,艾米丽,收货,上架
CaRG18LoWh,白色 品牌03 1800 文件柜（储物锁柜）,文件柜,品牌03,1800,储物锁柜,白色,8*1*1,8,BY19D,简,收货,上架
KeHc35MeNa,藏青色 品牌09 350 键盘（机械式）,键盘,品牌09,350,机械式,藏青色,16*10*1,160,AV91C,莎拉,收货,上架
NoMuA3ruBl,黑色 品牌19 三号纸 笔记本（横线）,笔记本,品牌19,三号纸,横线,黑色,48*10*5,2400,CJ21A,克里斯,收货,上架
PrSoA3AlGr,灰色 品牌25 三号纸 打印机（一体式）,打印机,品牌25,三号纸,一体式,灰色,16*1*1,16,AL57A,大卫,收货,上架
TVGL75S4Si,银色 品牌31 75英寸 电视机（超级超高清）,电视机,品牌31,75英寸,超级超高清,银色,8*1*1,8,AG35D,克里斯,收货,上架
GaAESAdGr,灰色 品牌05 小号 游戏椅（可调节）,游戏椅,品牌05,小号,可调节,灰色,16*1*1,16,CM14E,艾米,收货,上架
TaCI10AdBl,黑色 品牌27 1000 桌子（可调节）,桌子,品牌27,1000,可调节,黑色,8*1*1,8,BI08D,克里斯,收货,上架
AlOv148GWh,白色 品牌13 14英寸 一体机（8吉字节内存）,一体机,品牌13,14英寸,8吉字节内存,白色,16*1*1,16,BO26H,简,收货,上架
MoPH45MeBl,黑色 品牌12 450 鼠标（机械式）,鼠标,品牌12,450,机械式,黑色,16*10*1,160,AI36B,简,收货,上架
LaRe148GWh,白色 品牌14 14英寸 笔记本电脑（8吉字节内存）,笔记本电脑,品牌14,14英寸,8吉字节内存,白色,16*1*1,16,DI11C,艾米,收货,上架
LaPH15i5Gr,灰色 品牌12 15英寸 笔记本电脑（第5代处理器）,笔记本电脑,品牌12,15英寸,第5代处理器,灰色,16*1*1,16,AU46F,大卫,收货,上架
SPAl12WaPi,粉色 品牌20 12 触控笔（水彩）,触控笔,品牌20,12,水彩,粉色,48*10*5,2400,BZ98E,迈克,收货,上架
SPNa24SoBl,黑色 品牌23 24 触控笔（可溶性）,触控笔,品牌23,24,可溶性,黑色,48*10*5,2400,BO43B,劳拉,收货,上架
TVEs65S4Bl,黑色 品牌32 65英寸 电视机（超级超高清）,电视机,品牌32,65英寸,超级超高清,黑色,8*1*1,8,DK97B,迈克,收货,上架
MoHc27BlNa,藏青色 品牌09 270 鼠标（蓝牙）,鼠标,品牌09,270,蓝牙,藏青色,16*10*1,160,CH66F,约翰,收货,上架
CuRG18LoGr,灰色 品牌03 1800 储物柜（储物锁柜）,储物柜,品牌03,1800,储物锁柜,灰色,8*1*1,8,DT17F,克里斯,收货,上架
KeRe45BlNa,藏青色 品牌10 450 键盘（蓝牙）,键盘,品牌10,450,蓝牙,藏青色,16*10*1,160,BO24D,亚历克斯,收货,上架
AlOv1432Bl,黑色 品牌13 14英寸 一体机（32吉字节内存）,一体机,品牌13,14英寸,32吉字节内存,黑色,16*1*1,16,DQ04D,劳拉,收货,上架
GaAELHeBl,黑色 品牌05 大号 游戏椅（头枕）,游戏椅,品牌05,大号,头枕,黑色,16*1*1,16,BF89G,简,收货,上架
LaOv148GSi,银色 品牌13 14英寸 笔记本电脑（8吉字节内存）,笔记本电脑,品牌13,14英寸,8吉字节内存,银色,16*1*1,16,AS74F,大卫,收货,上架
AlSu14i5Si,银色 品牌11 14英寸 一体机（第5代处理器）,一体机,品牌11,14英寸,第5代处理器,银色,16*1*1,16,AQ01F,克里斯,收货,上架
TaTR15WoWh,白色 品牌29 1500 桌子（工作站）,桌子,品牌29,1500,工作站,白色,8*1*1,8,AO34C,迈克,收货,上架
LaSu178GSi,银色 品牌11 17英寸 笔记本电脑（8吉字节内存）,笔记本电脑,品牌11,17英寸,8吉字节内存,银色,16*1*1,16,AZ59H,劳拉,收货,上架
KeHc35ErWh,白色 品牌09 350 键盘（人体工学）,键盘,品牌09,350,人体工学,白色,16*10*1,160,BL68F,克里斯,收货,上架
DrTE12DoBe,米色 品牌04 1200 抽屉柜（带门式）,抽屉柜,品牌04,1200,带门式,米色,8*1*1,8,AR43D,简,收货,上架
LaOv1516Wh,白色 品牌13 15英寸 笔记本电脑（16吉字节内存）,笔记本电脑,品牌13,15英寸,16吉字节内存,白色,16*1*1,16,BG44C,劳拉,收货,上架
PeAl50HeBl,黑色 品牌20 50 铅笔（六角形）,铅笔,品牌20,50,六角形,黑色,48*10*5,2400,AS06H,劳拉,收货,上架
TVGn424KBl,黑色 品牌30 42英寸 电视机（超高清）,电视机,品牌30,42英寸,超高清,黑色,8*1*1,8,DL21C,简,收货,上架
NoMuA4ruSi,银色 品牌19 四号纸 笔记本（横线）,笔记本,品牌19,四号纸,横线,银色,48*10*5,2400,AF54E,亚历克斯,收货,上架
AlRe14i5Si,银色 品牌14 14英寸 一体机（第5代处理器）,一体机,品牌14,14英寸,第5代处理器,银色,16*1*1,16,AG70C,约翰,收货,上架
PrPHA4LaGr,灰色 品牌12 四号纸 打印机（激光）,打印机,品牌12,四号纸,激光,灰色,16*1*1,16,DR63B,克里斯,收货,上架
PrReA3AlBl,黑色 品牌24 三号纸 打印机（一体式）,打印机,品牌24,三号纸,一体式,黑色,16*1*1,16,DT76C,大卫,收货,上架
TaTR18WoSi,银色 品牌28 1800 桌子（工作站）,桌子,品牌28,1800,工作站,银色,8*1*1,8,DS52B,克里斯,收货,上架
LaRe15i5Bl,黑色 品牌14 15英寸 笔记本电脑（第5代处理器）,笔记本电脑,品牌14,15英寸,第5代处理器,黑色,16*1*1,16,DT06G,克里斯,收货,上架
PrPHA3InWh,白色 品牌12 三号纸 打印机（喷墨）,打印机,品牌12,三号纸,喷墨,白色,16*1*1,16,AZ78F,简,收货,上架
LaSu17i5Si,银色 品牌11 17英寸 笔记本电脑（第5代处理器）,笔记本电脑,品牌11,17英寸,第5代处理器,银色,16*1*1,16,CQ72F,莎拉,收货,上架
AlRe14i7Bl,黑色 品牌14 14英寸 一体机（第7代处理器）,一体机,品牌14,14英寸,第7代处理器,黑色,16*1*1,16,BX69G,劳拉,收货,上架
MoPH35MeBl,黑色 品牌12 350 鼠标（机械式）,鼠标,品牌12,350,机械式,黑色,16*10*1,160,AO06D,亚历克斯,收货,上架
LaOv14i5Gr,灰色 品牌13 14英寸 笔记本电脑（第5代处理器）,笔记本电脑,品牌13,14英寸,第5代处理器,灰色,16*1*1,16,AJ36B,克里斯,收货,上架
SPAl24WaBl,黑色 品牌20 24 触控笔（水彩）,触控笔,品牌20,24,水彩,黑色,48*10*5,2400,CH14B,劳拉,收货,上架
KeHc45BlNa,藏青色 品牌09 450 键盘（蓝牙）,键盘,品牌09,450,蓝牙,藏青色,16*10*1,160,DX28C,简,收货,上架
GaAESAdPi,粉色 品牌05 小号 游戏椅（可调节）,游戏椅,品牌05,小号,可调节,粉色,16*1*1,16,BO62G,简,收货,上架
CaRG90DoGr,灰色 品牌03 900 文件柜（带门式）,文件柜,品牌03,900,带门式,灰色,8*1*1,8,CP15D,简,收货,上架
CuQE12SlBl,黑色 品牌01 1200 储物柜（滑动式）,储物柜,品牌01,1200,滑动式,黑色,8*1*1,8,AG96D,大卫,收货,上架
TVYn65SFWh,白色 品牌15 65英寸 电视机（超级全高清）,电视机,品牌15,65英寸,超级全高清,白色,8*1*1,8,CX20H,迈克,收货,上架
GaSELAdWh,白色 品牌08 大号 游戏椅（可调节）,游戏椅,品牌08,大号,可调节,白色,16*1*1,16,BX03H,亚历克斯,收货,上架
TVGL42SFWh,白色 品牌31 42英寸 电视机（超级全高清）,电视机,品牌31,42英寸,超级全高清,白色,8*1*1,8,BH71A,简,收货,上架
GaAELAdBl,黑色 品牌05 大号 游戏椅（可调节）,游戏椅,品牌05,大号,可调节,黑色,16*1*1,16,AK79B,简,收货,上架
TaTR18WoSi,银色 品牌29 1800 桌子（工作站）,桌子,品牌29,1800,工作站,银色,8*1*1,8,AY02A,克里斯,收货,上架
PrPHA3InBl,黑色 品牌12 三号纸 打印机（喷墨）,打印机,品牌12,三号纸,喷墨,黑色,16*1*1,16,DN97A,莎拉,收货,上架
NoExA4doGr,灰色 品牌16 四号纸 笔记本（点阵）,笔记本,品牌16,四号纸,点阵,灰色,48*10*5,2400,BW55D,简,收货,上架
KeRe27BlWh,白色 品牌10 270 键盘（蓝牙）,键盘,品牌10,270,蓝牙,白色,16*10*1,160,DH78H,劳拉,收货,上架
KeHc27ErWh,白色 品牌09 270 键盘（人体工学）,键盘,品牌09,270,人体工学,白色,16*10*1,160,DH57F,大卫,收货,上架
GaAESErBl,黑色 品牌05 小号 游戏椅（人体工学）,游戏椅,品牌05,小号,人体工学,黑色,16*1*1,16,CQ47F,大卫,收货,上架
KeSu27BlNa,藏青色 品牌11 270 键盘（蓝牙）,键盘,品牌11,270,蓝牙,藏青色,16*10*1,160,BQ82E,劳拉,收货,上架
DrWE12SlWh,白色 品牌02 1200 抽屉柜（滑动式）,抽屉柜,品牌02,1200,滑动式,白色,8*1*1,8,AX74B,大卫,收货,上架
LaOv1432Si,银色 品牌13 14英寸 笔记本电脑（32吉字节内存）,笔记本电脑,品牌13,14英寸,32吉字节内存,银色,16*1*1,16,BJ26B,简,收货,上架
LaYn1732Si,银色 品牌15 17英寸 笔记本电脑（32吉字节内存）,笔记本电脑,品牌15,17英寸,32吉字节内存,银色,16*1*1,16,BU64D,迈克,收货,上架
CaTE12DoGr,灰色 品牌04 1200 文件柜（带门式）,文件柜,品牌04,1200,带门式,灰色,8*1*1,8,BH79D,大卫,收货,上架
AlRe14i5Si,银色 品牌14 14英寸 一体机（第5代处理器）,一体机,品牌14,14英寸,第5代处理器,银色,16*1*1,16,AX25C,劳拉,收货,上架
LaRe15i7Si,银色 品牌14 15英寸 笔记本电脑（第7代处理器）,笔记本电脑,品牌14,15英寸,第7代处理器,银色,16*1*1,16,DF27B,艾米丽,收货,上架
DrWE12LoWh,白色 品牌02 1200 抽屉柜（储物锁柜）,抽屉柜,品牌02,1200,储物锁柜,白色,8*1*1,8,BT37F,大卫,收货,上架
SPRe50SoPi,粉色 品牌22 50 触控笔（可溶性）,触控笔,品牌22,50,可溶性,粉色,48*10*5,2400,DQ19H,莎拉,收货,上架
CaTE12DoGr,灰色 品牌04 1200 文件柜（带门式）,文件柜,品牌04,1200,带门式,灰色,8*1*1,8,DK56G,莎拉,收货,上架
AlPH178GBl,黑色 品牌12 17英寸 一体机（8吉字节内存）,一体机,品牌12,17英寸,8吉字节内存,黑色,16*1*1,16,AQ96G,艾米丽,收货,上架
TVYn42S4Wh,白色 品牌15 42英寸 电视机（超级超高清）,电视机,品牌15,42英寸,超级超高清,白色,8*1*1,8,BK50D,克里斯,收货,上架
DrWE12SlBe,米色 品牌02 1200 抽屉柜（滑动式）,抽屉柜,品牌02,1200,滑动式,米色,8*1*1,8,BT32C,约翰,收货,上架
CuRG12DoWh,白色 品牌03 1200 储物柜（带门式）,储物柜,品牌03,1200,带门式,白色,8*1*1,8,CR06E,莎拉,收货,上架
PrNoA2MoMi,混合色 品牌26 二号纸 打印机（黑白）,打印机,品牌26,二号纸,黑白,混合色,16*1*1,16,BL57E,迈克,收货,上架
OfAEMAdGr,灰色 品牌05 中号 办公椅（可调节）,办公椅,品牌05,中号,可调节,灰色,16*1*1,16,BJ24B,迈克,收货,上架
LaYn14i7Bl,黑色 品牌15 14英寸 笔记本电脑（第7代处理器）,笔记本电脑,品牌15,14英寸,第7代处理器,黑色,16*1*1,16,CF63D,简,收货,上架
GaOGLHeBl,黑色 品牌07 大号 游戏椅（头枕）,游戏椅,品牌07,大号,头枕,黑色,16*1*1,16,DU93A,大卫,收货,上架
TVGL42SFSi,银色 品牌31 42英寸 电视机（超级全高清）,电视机,品牌31,42英寸,超级全高清,银色,8*1*1,8,AH82A,莎拉,收货,上架
PrReA3LaGr,灰色 品牌24 三号纸 打印机（激光）,打印机,品牌24,三号纸,激光,灰色,16*1*1,16,BX19D,约翰,收货,上架
PeGi12WaWh,白色 品牌21 12 铅笔（水彩）,铅笔,品牌21,12,水彩,白色,48*10*5,2400,BN34H,简,收货,上架
TVYn65SFGr,灰色 品牌15 65英寸 电视机（超级全高清）,电视机,品牌15,65英寸,超级全高清,灰色,8*1*1,8,DV12C,艾米,收货,上架
CuRG90FiWh,白色 品牌03 900 储物柜（文件收纳）,储物柜,品牌03,900,文件收纳,白色,8*1*1,8,DL32B,艾米,收货,上架
AlYn1432Bl,黑色 品牌15 14英寸 一体机（32吉字节内存）,一体机,品牌15,14英寸,32吉字节内存,黑色,16*1*1,16,DW21D,艾米丽,收货,上架
TaTR18FrBl,黑色 品牌28 1800 桌子（框架式）,桌子,品牌28,1800,框架式,黑色,8*1*1,8,DZ55G,约翰,收货,上架
AlSu158GBl,黑色 品牌11 15英寸 一体机（8吉字节内存）,一体机,品牌11,15英寸,8吉字节内存,黑色,16*1*1,16,BX29E,劳拉,收货,上架
CuQE90FiBl,黑色 品牌01 900 储物柜（文件收纳）,储物柜,品牌01,900,文件收纳,黑色,8*1*1,8,BG40B,大卫,收货,上架
CaWE90SlBe,米色 品牌02 900 文件柜（滑动式）,文件柜,品牌02,900,滑动式,米色,8*1*1,8,AT97B,劳拉,收货,上架
TVGL50S4Si,银色 品牌31 50英寸 电视机（超级超高清）,电视机,品牌31,50英寸,超级超高清,银色,8*1*1,8,AV25F,劳拉,收货,上架
LaSu17i5Wh,白色 品牌11 17英寸 笔记本电脑（第5代处理器）,笔记本电脑,品牌11,17英寸,第5代处理器,白色,16*1*1,16,AF53D,亚历克斯,收货,上架
PrSoA3MoWh,白色 品牌25 三号纸 打印机（黑白）,打印机,品牌25,三号纸,黑白,白色,16*1*1,16,DV72F,艾米,收货,上架
LaPH158GGr,灰色 品牌12 15英寸 笔记本电脑（8吉字节内存）,笔记本电脑,品牌12,15英寸,8吉字节内存,灰色,16*1*1,16,BQ76E,劳拉,收货,上架
OfOGMErWh,白色 品牌07 中号 办公椅（人体工学）,办公椅,品牌07,中号,人体工学,白色,16*1*1,16,CN53H,莎拉,收货,上架
GaXEMErPi,粉色 品牌06 中号 游戏椅（人体工学）,游戏椅,品牌06,中号,人体工学,粉色,16*1*1,16,DK37C,大卫,收货,上架
AlSu1732Si,银色 品牌11 17英寸 一体机（32吉字节内存）,一体机,品牌11,17英寸,32吉字节内存,银色,16*1*1,16,DP98C,迈克,收货,上架
AlSu1432Bl,黑色 品牌11 14英寸 一体机（32吉字节内存）,一体机,品牌11,14英寸,32吉字节内存,黑色,16*1*1,16,AM06D,克里斯,收货,上架
OfOGLErBl,黑色 品牌07 大号 办公椅（人体工学）,办公椅,品牌07,大号,人体工学,黑色,16*1*1,16,CL07H,艾米丽,收货,上架
MoRe27ErPi,粉色 品牌10 270 鼠标（人体工学）,鼠标,品牌10,270,人体工学,粉色,16*10*1,160,CH65G,劳拉,收货,上架
CaWE18DoGr,灰色 品牌02 1800 文件柜（带门式）,文件柜,品牌02,1800,带门式,灰色,8*1*1,8,BL19H,大卫,收货,上架
AlYn1716Bl,黑色 品牌15 17英寸 一体机（16吉字节内存）,一体机,品牌15,17英寸,16吉字节内存,黑色,16*1*1,16,BV88G,迈克,收货,上架
PrSoA3InMi,混合色 品牌25 三号纸 打印机（喷墨）,打印机,品牌25,三号纸,喷墨,混合色,16*1*1,16,BY21H,艾米丽,收货,上架
OfAESAdBl,黑色 品牌05 小号 办公椅（可调节）,办公椅,品牌05,小号,可调节,黑色,16*1*1,16,AZ10A,克里斯,收货,上架
PrNoA4MoWh,白色 品牌26 四号纸 打印机（黑白）,打印机,品牌26,四号纸,黑白,白色,16*1*1,16,CJ75C,劳拉,收货,上架
CuTE12LoWh,白色 品牌04 1200 储物柜（储物锁柜）,储物柜,品牌04,1200,储物锁柜,白色,8*1*1,8,BG13C,艾米,收货,上架
DrQE90DoWh,白色 品牌01 900 抽屉柜（带门式）,抽屉柜,品牌01,900,带门式,白色,8*1*1,8,AX87G,约翰,收货,上架
KePH27MeBl,黑色 品牌12 270 键盘（机械式）,键盘,品牌12,270,机械式,黑色,16*10*1,160,DU49B,艾米,收货,上架
TaTR15FrBl,黑色 品牌28 1500 桌子（框架式）,桌子,品牌28,1500,框架式,黑色,8*1*1,8,BG91A,克里斯,收货,上架
KeSu35ErNa,藏青色 品牌11 350 键盘（人体工学）,键盘,品牌11,350,人体工学,藏青色,16*10*1,160,AY14F,劳拉,收货,上架
AlYn14i5Bl,黑色 品牌15 14英寸 一体机（第5代处理器）,一体机,品牌15,14英寸,第5代处理器,黑色,16*1*1,16,AO14F,迈克,收货,上架
CaWE18DoWh,白色 品牌02 1800 文件柜（带门式）,文件柜,品牌02,1800,带门式,白色,8*1*1,8,BR35G,约翰,收货,上架
TVEs32FHBl,黑色 品牌32 32英寸 电视机（全高清）,电视机,品牌32,32英寸,全高清,黑色,8*1*1,8,AT96B,艾米丽,收货,上架
TVEs32S4Si,银色 品牌32 32英寸 电视机（超级超高清）,电视机,品牌32,32英寸,超级超高清,银色,8*1*1,8,CT17B,简,收货,上架
CuTE90FiWh,白色 品牌04 900 储物柜（文件收纳）,储物柜,品牌04,900,文件收纳,白色,8*1*1,8,AO78F,克里斯,收货,上架
KeRe45MeNa,藏青色 品牌10 450 键盘（机械式）,键盘,品牌10,450,机械式,藏青色,16*10*1,160,BN28C,迈克,收货,上架
AlPH158GSi,银色 品牌12 15英寸 一体机（8吉字节内存）,一体机,品牌12,15英寸,8吉字节内存,银色,16*1*1,16,AI32F,艾米,收货,上架
TaAE18FrBl,黑色 品牌05 1800 桌子（框架式）,桌子,品牌05,1800,框架式,黑色,8*1*1,8,DU19H,亚历克斯,收货,上架
MoHc45ErWh,白色 品牌09 450 鼠标（人体工学）,鼠标,品牌09,450,人体工学,白色,16*10*1,160,CX80G,莎拉,收货,上架
TVGL42FHWh,白色 品牌31 42英寸 电视机（全高清）,电视机,品牌31,42英寸,全高清,白色,8*1*1,8,BG37B,简,收货,上架
KeRe45MePi,粉色 品牌10 450 键盘（机械式）,键盘,品牌10,450,机械式,粉色,16*10*1,160,AN14D,迈克,收货,上架
SPNa12WaWh,白色 品牌23 12 触控笔（水彩）,触控笔,品牌23,12,水彩,白色,48*10*5,2400,DP55G,艾米丽,收货,上架
DrQE18SlBe,米色 品牌01 1800 抽屉柜（滑动式）,抽屉柜,品牌01,1800,滑动式,米色,8*1*1,8,DP54H,亚历克斯,收货,上架
TVGL50SFWh,白色 品牌31 50英寸 电视机（超级全高清）,电视机,品牌31,50英寸,超级全高清,白色,8*1*1,8,BT07F,约翰,收货,上架
NoGrA3ruBl,黑色 品牌18 三号纸 笔记本（横线）,笔记本,品牌18,三号纸,横线,黑色,48*10*5,2400,AZ81C,大卫,收货,上架
LaPH15i7Wh,白色 品牌12 15英寸 笔记本电脑（第7代处理器）,笔记本电脑,品牌12,15英寸,第7代处理器,白色,16*1*1,16,DM71B,克里斯,收货,上架
MoHc27BlWh,白色 品牌09 270 鼠标（蓝牙）,鼠标,品牌09,270,蓝牙,白色,16*10*1,160,DS49C,迈克,收货,上架
GaAEMLeBl,黑色 品牌05 中号 游戏椅（皮革）,游戏椅,品牌05,中号,皮革,黑色,16*1*1,16,CY72D,克里斯,收货,上架
GaAESHeBl,黑色 品牌05 小号 游戏椅（头枕）,游戏椅,品牌05,小号,头枕,黑色,16*1*1,16,AF17G,约翰,收货,上架
CuRG12SlGr,灰色 品牌03 1200 储物柜（滑动式）,储物柜,品牌03,1200,滑动式,灰色,8*1*1,8,BL20D,亚历克斯,收货,上架
LaSu14i5Bl,黑色 品牌11 14英寸 笔记本电脑（第5代处理器）,笔记本电脑,品牌11,14英寸,第5代处理器,黑色,16*1*1,16,BQ21B,劳拉,收货,上架
GaOGMLeGr,灰色 品牌07 中号 游戏椅（皮革）,游戏椅,品牌07,中号,皮革,灰色,16*1*1,16,CT78B,劳拉,收货,上架
AlOv178GBl,黑色 品牌13 17英寸 一体机（8吉字节内存）,一体机,品牌13,17英寸,8吉字节内存,黑色,16*1*1,16,BY95G,约翰,收货,上架
MoHc27MeWh,白色 品牌09 270 鼠标（机械式）,鼠标,品牌09,270,机械式,白色,16*10*1,160,BY69H,艾米,收货,上架
NoMuA3liBl,黑色 品牌19 三号纸 笔记本（线条）,笔记本,品牌19,三号纸,线条,黑色,48*10*5,2400,BX55G,艾米,收货,上架
OfOGMAdGr,灰色 品牌07 中号 办公椅（可调节）,办公椅,品牌07,中号,可调节,灰色,16*1*1,16,CY33A,劳拉,收货,上架
TVGL65S4Wh,白色 品牌31 65英寸 电视机（超级超高清）,电视机,品牌31,65英寸,超级超高清,白色,8*1*1,8,CJ41D,亚历克斯,收货,上架
SPAl24HeGr,灰色 品牌20 24 触控笔（六角形）,触控笔,品牌20,24,六角形,灰色,48*10*5,2400,BV86C,艾米,收货,上架
GaXESHeWh,白色 品牌06 小号 游戏椅（头枕）,游戏椅,品牌06,小号,头枕,白色,16*1*1,16,BT26F,亚历克斯,收货,上架
PrSoA3AlWh,白色 品牌25 三号纸 打印机（一体式）,打印机,品牌25,三号纸,一体式,白色,16*1*1,16,CL61F,亚历克斯,收货,上架
DrQE12DoWh,白色 品牌01 1200 抽屉柜（带门式）,抽屉柜,品牌01,1200,带门式,白色,8*1*1,8,BK24E,艾米丽,收货,上架
MoHc35MeWh,白色 品牌09 350 鼠标（机械式）,鼠标,品牌09,350,机械式,白色,16*10*1,160,CQ52C,劳拉,收货,上架
LaOv1532Wh,白色 品牌13 15英寸 笔记本电脑（32吉字节内存）,笔记本电脑,品牌13,15英寸,32吉字节内存,白色,16*1*1,16,BO36H,劳拉,收货,上架
LaRe1732Bl,黑色 品牌14 17英寸 笔记本电脑（32吉字节内存）,笔记本电脑,品牌14,17英寸,32吉字节内存,黑色,16*1*1,16,CT83E,大卫,收货,上架
TVGn65FHWh,白色 品牌30 65英寸 电视机（全高清）,电视机,品牌30,65英寸,全高清,白色,8*1*1,8,AN96G,艾米丽,收货,上架
SPGi24HePi,粉色 品牌21 24 触控笔（六角形）,触控笔,品牌21,24,六角形,粉色,48*10*5,2400,CP60H,迈克,收货,上架
NoExA5doSi,银色 品牌16 五号纸 笔记本（点阵）,笔记本,品牌16,五号纸,点阵,银色,48*10*5,2400,BY20F,简,收货,上架
TVYn50S4Gr,灰色 品牌15 50英寸 电视机（超级超高清）,电视机,品牌15,50英寸,超级超高清,灰色,8*1*1,8,DQ17D,大卫,收货,上架
AlPH1516Bl,黑色 品牌12 15英寸 一体机（16吉字节内存）,一体机,品牌12,15英寸,16吉字节内存,黑色,16*1*1,16,BF67F,莎拉,收货,上架
LaRe148GSi,银色 品牌14 14英寸 笔记本电脑（8吉字节内存）,笔记本电脑,品牌14,14英寸,8吉字节内存,银色,16*1*1,16,AM77B,简,收货,上架
LaSu17i5Bl,黑色 品牌11 17英寸 笔记本电脑（第5代处理器）,笔记本电脑,品牌11,17英寸,第5代处理器,黑色,16*1*1,16,CR86D,莎拉,收货,上架
NoScA5ruBl,黑色 品牌17 五号纸 笔记本（横线）,笔记本,品牌17,五号纸,横线,黑色,48*10*5,2400,AP24C,艾米丽,收货,上架
PrReA2MoWh,白色 品牌24 二号纸 打印机（黑白）,打印机,品牌24,二号纸,黑白,白色,16*1*1,16,BU38B,亚历克斯,收货,上架
LaYn1532Bl,黑色 品牌15 15英寸 笔记本电脑（32吉字节内存）,笔记本电脑,品牌15,15英寸,32吉字节内存,黑色,16*1*1,16,BJ46G,艾米丽,收货,上架
TaCI10WoSi,银色 品牌27 1000 桌子（工作站）,桌子,品牌27,1000,工作站,银色,8*1*1,8,BP86H,克里斯,收货,上架
KeSu45MeNa,藏青色 品牌11 450 键盘（机械式）,键盘,品牌11,450,机械式,藏青色,16*10*1,160,DJ70A,艾米丽,收货,上架
LaYn14i5Si,银色 品牌15 14英寸 笔记本电脑（第5代处理器）,笔记本电脑,品牌15,14英寸,第5代处理器,银色,16*1*1,16,DT85B,艾米丽,收货,上架
OfOGMAdWh,白色 品牌07 中号 办公椅（可调节）,办公椅,品牌07,中号,可调节,白色,16*1*1,16,CG70A,亚历克斯,收货,上架
PrNoA3LaGr,灰色 品牌26 三号纸 打印机（激光）,打印机,品牌26,三号纸,激光,灰色,16*1*1,16,DO29B,迈克,收货,上架
KeRe45MeBl,黑色 品牌10 450 键盘（机械式）,键盘,品牌10,450,机械式,黑色,16*10*1,160,AR52G,莎拉,收货,上架
KeSu45WiPi,粉色 品牌11 450 键盘（有线）,键盘,品牌11,450,有线,粉色,16*10*1,160,AI34A,简,收货,上架
CuQE12DoBl,黑色 品牌01 1200 储物柜（带门式）,储物柜,品牌01,1200,带门式,黑色,8*1*1,8,BY43D,约翰,收货,上架
TVGn42FHBl,黑色 品牌30 42英寸 电视机（全高清）,电视机,品牌30,42英寸,全高清,黑色,8*1*1,8,BW37E,约翰,收货,上架
SPNa24WaBl,黑色 品牌23 24 触控笔（水彩）,触控笔,品牌23,24,水彩,黑色,48*10*5,2400,BS91E,艾米丽,收货,上架
CaWE12LoBe,米色 品牌02 1200 文件柜（储物锁柜）,文件柜,品牌02,1200,储物锁柜,米色,8*1*1,8,AR61A,劳拉,收货,上架
PeAl50WaWh,白色 品牌20 50 铅笔（水彩）,铅笔,品牌20,50,水彩,白色,48*10*5,2400,DW68B,简,收货,上架
GaAEMErGr,灰色 品牌05 中号 游戏椅（人体工学）,游戏椅,品牌05,中号,人体工学,灰色,16*1*1,16,BF91B,简,收货,上架
SPNa24WaBl,黑色 品牌23 24 触控笔（水彩）,触控笔,品牌23,24,水彩,黑色,48*10*5,2400,DM54G,劳拉,收货,上架
TaTR10AdWh,白色 品牌29 1000 桌子（可调节）,桌子,品牌29,1000,可调节,白色,8*1*1,8,CX82G,亚历克斯,收货,上架
GaOGSErGr,灰色 品牌07 小号 游戏椅（人体工学）,游戏椅,品牌07,小号,人体工学,灰色,16*1*1,16,BZ22B,艾米丽,收货,上架
DrTE12DoGr,灰色 品牌04 1200 抽屉柜（带门式）,抽屉柜,品牌04,1200,带门式,灰色,8*1*1,8,CT30H,约翰,收货,上架
DrWE90DoWh,白色 品牌02 900 抽屉柜（带门式）,抽屉柜,品牌02,900,带门式,白色,8*1*1,8,DU16E,简,收货,上架
PeRe12SoPi,粉色 品牌22 12 铅笔（可溶性）,铅笔,品牌22,12,可溶性,粉色,48*10*5,2400,BK32B,迈克,收货,上架
KePH45BlBl,黑色 品牌12 450 键盘（蓝牙）,键盘,品牌12,450,蓝牙,黑色,16*10*1,160,CZ56A,艾米丽,收货,上架
OfAEMLePi,粉色 品牌05 中号 办公椅（皮革）,办公椅,品牌05,中号,皮革,粉色,16*1*1,16,BR59D,莎拉,收货,上架
KeSu35ErWh,白色 品牌11 350 键盘（人体工学）,键盘,品牌11,350,人体工学,白色,16*10*1,160,AW53F,亚历克斯,收货,上架
OfAESErBl,黑色 品牌05 小号 办公椅（人体工学）,办公椅,品牌05,小号,人体工学,黑色,16*1*1,16,AY85B,迈克,收货,上架
TVYn42S4Si,银色 品牌15 42英寸 电视机（超级超高清）,电视机,品牌15,42英寸,超级超高清,银色,8*1*1,8,CY06G,艾米,收货,上架
PrPHA4AlWh,白色 品牌12 四号纸 打印机（一体式）,打印机,品牌12,四号纸,一体式,白色,16*1*1,16,CX57C,克里斯,收货,上架
CuTE12FiGr,灰色 品牌04 1200 储物柜（文件收纳）,储物柜,品牌04,1200,文件收纳,灰色,8*1*1,8,BL12B,简,收货,上架
KeHc27ErBl,黑色 品牌09 270 键盘（人体工学）,键盘,品牌09,270,人体工学,黑色,16*10*1,160,DW32B,艾米,收货,上架
PeGi24HeWh,白色 品牌21 24 铅笔（六角形）,铅笔,品牌21,24,六角形,白色,48*10*5,2400,BZ63H,艾米,收货,上架
SPRe50HeWh,白色 品牌22 50 触控笔（六角形）,触控笔,品牌22,50,六角形,白色,48*10*5,2400,BZ20F,艾米,收货,上架
OfOGLLePi,粉色 品牌07 大号 办公椅（皮革）,办公椅,品牌07,大号,皮革,粉色,16*1*1,16,DH43F,大卫,收货,上架
DrTE90LoBe,米色 品牌04 900 抽屉柜（储物锁柜）,抽屉柜,品牌04,900,储物锁柜,米色,8*1*1,8,AY29E,迈克,收货,上架
OfAEMHeWh,白色 品牌05 中号 办公椅（头枕）,办公椅,品牌05,中号,头枕,白色,16*1*1,16,BF35F,大卫,收货,上架
NoScA5doWh,白色 品牌17 五号纸 笔记本（点阵）,笔记本,品牌17,五号纸,点阵,白色,48*10*5,2400,AF55D,大卫,收货,上架
MoHc35ErPi,粉色 品牌09 350 鼠标（人体工学）,鼠标,品牌09,350,人体工学,粉色,16*10*1,160,CO75B,克里斯,收货,上架
AlOv158GBl,黑色 品牌13 15英寸 一体机（8吉字节内存）,一体机,品牌13,15英寸,8吉字节内存,黑色,16*1*1,16,CX11G,约翰,收货,上架
AlSu1516Wh,白色 品牌11 15英寸 一体机（16吉字节内存）,一体机,品牌11,15英寸,16吉字节内存,白色,16*1*1,16,AH84A,亚历克斯,收货,上架
KePH35BlWh,白色 品牌12 350 键盘（蓝牙）,键盘,品牌12,350,蓝牙,白色,16*10*1,160,AT37D,亚历克斯,收货,上架
TVGL75FHSi,银色 品牌31 75英寸 电视机（全高清）,电视机,品牌31,75英寸,全高清,银色,8*1*1,8,BK80B,莎拉,收货,上架
GaAELAdPi,粉色 品牌05 大号 游戏椅（可调节）,游戏椅,品牌05,大号,可调节,粉色,16*1*1,16,AI96F,克里斯,收货,上架
LaRe1716Wh,白色 品牌14 17英寸 笔记本电脑（16吉字节内存）,笔记本电脑,品牌14,17英寸,16吉字节内存,白色,16*1*1,16,AR39D,克里斯,收货,上架
TVYn424KGr,灰色 品牌15 42英寸 电视机（超高清）,电视机,品牌15,42英寸,超高清,灰色,8*1*1,8,BO68C,大卫,收货,上架
PrReA2AlMi,混合色 品牌24 二号纸 打印机（一体式）,打印机,品牌24,二号纸,一体式,混合色,16*1*1,16,DG31A,约翰,收货,上架
PrSoA3AlGr,灰色 品牌25 三号纸 打印机（一体式）,打印机,品牌25,三号纸,一体式,灰色,16*1*1,16,CH66E,亚历克斯,收货,上架
NoScA4doSi,银色 品牌17 四号纸 笔记本（点阵）,笔记本,品牌17,四号纸,点阵,银色,48*10*5,2400,CV80A,艾米丽,收货,上架
TVEs50FHSi,银色 品牌32 50英寸 电视机（全高清）,电视机,品牌32,50英寸,全高清,银色,8*1*1,8,AF56D,艾米,收货,上架
TVGL65SFWh,白色 品牌31 65英寸 电视机（超级全高清）,电视机,品牌31,65英寸,超级全高清,白色,8*1*1,8,AX35G,迈克,收货,上架
CaRG18SlBl,黑色 品牌03 1800 文件柜（滑动式）,文件柜,品牌03,1800,滑动式,黑色,8*1*1,8,AI68G,简,收货,上架
AlYn1432Gr,灰色 品牌15 14英寸 一体机（32吉字节内存）,一体机,品牌15,14英寸,32吉字节内存,灰色,16*1*1,16,AN50E,亚历克斯,收货,上架
PrReA4AlMi,混合色 品牌24 四号纸 打印机（一体式）,打印机,品牌24,四号纸,一体式,混合色,16*1*1,16,AZ24E,约翰,收货,上架
AlYn1532Bl,黑色 品牌15 15英寸 一体机（32吉字节内存）,一体机,品牌15,15英寸,32吉字节内存,黑色,16*1*1,16,DI68C,克里斯,收货,上架
GaAESHeGr,灰色 品牌05 小号 游戏椅（头枕）,游戏椅,品牌05,小号,头枕,灰色,16*1*1,16,AV65F,亚历克斯,收货,上架
PrNoA2WiWh,白色 品牌26 二号纸 打印机（无线网络）,打印机,品牌26,二号纸,无线网络,白色,16*1*1,16,CF77A,亚历克斯,收货,上架
GaAELHeWh,白色 品牌05 大号 游戏椅（头枕）,游戏椅,品牌05,大号,头枕,白色,16*1*1,16,AY67D,莎拉,收货,上架
AlRe1716Gr,灰色 品牌14 17英寸 一体机（16吉字节内存）,一体机,品牌14,17英寸,16吉字节内存,灰色,16*1*1,16,CL14E,克里斯,收货,上架
TVEs65SFGr,灰色 品牌32 65英寸 电视机（超级全高清）,电视机,品牌32,65英寸,超级全高清,灰色,8*1*1,8,AT05C,劳拉,收货,上架
AlSu1716Wh,白色 品牌11 17英寸 一体机（16吉字节内存）,一体机,品牌11,17英寸,16吉字节内存,白色,16*1*1,16,AN20A,约翰,收货,上架
TVYn504KBl,黑色 品牌15 50英寸 电视机（超高清）,电视机,品牌15,50英寸,超高清,黑色,8*1*1,8,CX49F,劳拉,收货,上架
AlPH158GWh,白色 品牌12 15英寸 一体机（8吉字节内存）,一体机,品牌12,15英寸,8吉字节内存,白色,16*1*1,16,BU41C,迈克,收货,上架
PrReA3InWh,白色 品牌24 三号纸 打印机（喷墨）,打印机,品牌24,三号纸,喷墨,白色,16*1*1,16,CK58C,艾米丽,收货,上架
CaRG12SlWh,白色 品牌03 1200 文件柜（滑动式）,文件柜,品牌03,1200,滑动式,白色,8*1*1,8,DQ15H,克里斯,收货,上架
NoScA3doGr,灰色 品牌17 三号纸 笔记本（点阵）,笔记本,品牌17,三号纸,点阵,灰色,48*10*5,2400,AH86A,艾米,收货,上架
CaWE18FiWh,白色 品牌02 1800 文件柜（文件收纳）,文件柜,品牌02,1800,文件收纳,白色,8*1*1,8,DM77E,艾米,收货,上架
PrReA3WiWh,白色 品牌24 三号纸 打印机（无线网络）,打印机,品牌24,三号纸,无线网络,白色,16*1*1,16,BO16E,约翰,收货,上架
CaQE18FiGr,灰色 品牌01 1800 文件柜（文件收纳）,文件柜,品牌01,1800,文件收纳,灰色,8*1*1,8,AM88A,劳拉,收货,上架
PrNoA2MoMi,混合色 品牌26 二号纸 打印机（黑白）,打印机,品牌26,二号纸,黑白,混合色,16*1*1,16,AN48C,迈克,收货,上架
NoMuA3liBl,黑色 品牌19 三号纸 笔记本（线条）,笔记本,品牌19,三号纸,线条,黑色,48*10*5,2400,CW24F,简,收货,上架
AlRe158GGr,灰色 品牌14 15英寸 一体机（8吉字节内存）,一体机,品牌14,15英寸,8吉字节内存,灰色,16*1*1,16,BV22A,克里斯,收货,上架
DrQE18FiBl,黑色 品牌01 1800 抽屉柜（文件收纳）,抽屉柜,品牌01,1800,文件收纳,黑色,8*1*1,8,BM56A,劳拉,收货,上架
PeGi12WaGr,灰色 品牌21 12 铅笔（水彩）,铅笔,品牌21,12,水彩,灰色,48*10*5,2400,CZ64G,艾米,收货,上架
OfXESAdWh,白色 品牌06 小号 办公椅（可调节）,办公椅,品牌06,小号,可调节,白色,16*1*1,16,AU78D,艾米丽,收货,上架
DrWE90FiBl,黑色 品牌02 900 抽屉柜（文件收纳）,抽屉柜,品牌02,900,文件收纳,黑色,8*1*1,8,AF15A,莎拉,收货,上架
SPGi12SoGr,灰色 品牌21 12 触控笔（可溶性）,触控笔,品牌21,12,可溶性,灰色,48*10*5,2400,AK62H,大卫,收货,上架
LaPH15i5Bl,黑色 品牌12 15英寸 笔记本电脑（第5代处理器）,笔记本电脑,品牌12,15英寸,第5代处理器,黑色,16*1*1,16,CL52E,莎拉,收货,上架
TaCI10AuGr,灰色 品牌27 1000 桌子（自动调节）,桌子,品牌27,1000,自动调节,灰色,8*1*1,8,BS80G,克里斯,收货,上架
TVEs654KBl,黑色 品牌32 65英寸 电视机（超高清）,电视机,品牌32,65英寸,超高清,黑色,8*1*1,8,CY76A,劳拉,收货,上架
MoPH45BlBl,黑色 品牌12 450 鼠标（蓝牙）,鼠标,品牌12,450,蓝牙,黑色,16*10*1,160,DZ86A,艾米,收货,上架
CaTE18DoGr,灰色 品牌04 1800 文件柜（带门式）,文件柜,品牌04,1800,带门式,灰色,8*1*1,8,DF34F,亚历克斯,收货,上架
CaWE90LoBl,黑色 品牌02 900 文件柜（储物锁柜）,文件柜,品牌02,900,储物锁柜,黑色,8*1*1,8,CN69B,简,收货,上架
KeHc45WiBl,黑色 品牌09 450 键盘（有线）,键盘,品牌09,450,有线,黑色,16*10*1,160,CU93E,劳拉,收货,上架
LaPH1416Si,银色 品牌12 14英寸 笔记本电脑（16吉字节内存）,笔记本电脑,品牌12,14英寸,16吉字节内存,银色,16*1*1,16,CW26A,亚历克斯,收货,上架
TVYn42SFBl,黑色 品牌15 42英寸 电视机（超级全高清）,电视机,品牌15,42英寸,超级全高清,黑色,8*1*1,8,AQ36C,大卫,收货,上架
GaAEMLeGr,灰色 品牌05 中号 游戏椅（皮革）,游戏椅,品牌05,中号,皮革,灰色,16*1*1,16,DS92E,迈克,收货,上架
SPGi24SoGr,灰色 品牌21 24 触控笔（可溶性）,触控笔,品牌21,24,可溶性,灰色,48*10*5,2400,DN98C,克里斯,收货,上架
DrRG90LoGr,灰色 品牌03 900 抽屉柜（储物锁柜）,抽屉柜,品牌03,900,储物锁柜,灰色,8*1*1,8,CS40E,大卫,收货,上架
KeRe45BlNa,藏青色 品牌10 450 键盘（蓝牙）,键盘,品牌10,450,蓝牙,藏青色,16*10*1,160,CW57C,莎拉,收货,上架
CaQE18DoBe,米色 品牌01 1800 文件柜（带门式）,文件柜,品牌01,1800,带门式,米色,8*1*1,8,BM98B,迈克,收货,上架
TVEs32SFSi,银色 品牌32 32英寸 电视机（超级全高清）,电视机,品牌32,32英寸,超级全高清,银色,8*1*1,8,BU30D,劳拉,收货,上架
SPGi24HeWh,白色 品牌21 24 触控笔（六角形）,触控笔,品牌21,24,六角形,白色,48*10*5,2400,DN11E,艾米丽,收货,上架
AlRe17i7Si,银色 品牌14 17英寸 一体机（第7代处理器）,一体机,品牌14,17英寸,第7代处理器,银色,16*1*1,16,DS60H,大卫,收货,上架
TVYn754KBl,黑色 品牌15 75英寸 电视机（超高清）,电视机,品牌15,75英寸,超高清,黑色,8*1*1,8,CO55E,艾米,收货,上架
PrSoA2LaWh,白色 品牌25 二号纸 打印机（激光）,打印机,品牌25,二号纸,激光,白色,16*1*1,16,BR22A,艾米丽,收货,上架
DrQE90SlBl,黑色 品牌01 900 抽屉柜（滑动式）,抽屉柜,品牌01,900,滑动式,黑色,8*1*1,8,CQ79G,约翰,收货,上架
LaOv1716Gr,灰色 品牌13 17英寸 笔记本电脑（16吉字节内存）,笔记本电脑,品牌13,17英寸,16吉字节内存,灰色,16*1*1,16,DZ87F,亚历克斯,收货,上架
AlOv1416Bl,黑色 品牌13 14英寸 一体机（16吉字节内存）,一体机,品牌13,14英寸,16吉字节内存,黑色,16*1*1,16,BP55A,亚历克斯,收货,上架
SPGi12WaWh,白色 品牌21 12 触控笔（水彩）,触控笔,品牌21,12,水彩,白色,48*10*5,2400,CT69B,克里斯,收货,上架
MoPH45ErBl,黑色 品牌12 450 鼠标（人体工学）,鼠标,品牌12,450,人体工学,黑色,16*10*1,160,BO95A,艾米,收货,上架
MoPH35MeNa,藏青色 品牌12 350 鼠标（机械式）,鼠标,品牌12,350,机械式,藏青色,16*10*1,160,DT93A,大卫,收货,上架
TVYn32SFBl,黑色 品牌15 32英寸 电视机（超级全高清）,电视机,品牌15,32英寸,超级全高清,黑色,8*1*1,8,AH53H,克里斯,收货,上架
NoMuA4liWh,白色 品牌19 四号纸 笔记本（线条）,笔记本,品牌19,四号纸,线条,白色,48*10*5,2400,AF96D,简,收货,上架
SPRe50SoBl,黑色 品牌22 50 触控笔（可溶性）,触控笔,品牌22,50,可溶性,黑色,48*10*5,2400,DX15H,艾米,收货,上架
LaSu148GGr,灰色 品牌11 14英寸 笔记本电脑（8吉字节内存）,笔记本电脑,品牌11,14英寸,8吉字节内存,灰色,16*1*1,16,DF12G,莎拉,收货,上架
PeRe50HeWh,白色 品牌22 50 铅笔（六角形）,铅笔,品牌22,50,六角形,白色,48*10*5,2400,CI59F,大卫,收货,上架
MoRe27BlBl,黑色 品牌10 270 鼠标（蓝牙）,鼠标,品牌10,270,蓝牙,黑色,16*10*1,160,CP66D,简,收货,上架
SPNa50WaBl,黑色 品牌23 50 触控笔（水彩）,触控笔,品牌23,50,水彩,黑色,48*10*5,2400,CS90G,简,收货,上架
LaSu17i5Gr,灰色 品牌11 17英寸 笔记本电脑（第5代处理器）,笔记本电脑,品牌11,17英寸,第5代处理器,灰色,16*1*1,16,CO43B,迈克,收货,上架
TVGn754KWh,白色 品牌30 75英寸 电视机（超高清）,电视机,品牌30,75英寸,超高清,白色,8*1*1,8,BL22H,迈克,收货,上架
OfAELLeGr,灰色 品牌05 大号 办公椅（皮革）,办公椅,品牌05,大号,皮革,灰色,16*1*1,16,DU20D,大卫,收货,上架
AlRe15i5Gr,灰色 品牌14 15英寸 一体机（第5代处理器）,一体机,品牌14,15英寸,第5代处理器,灰色,16*1*1,16,CV62B,艾米,收货,上架
OfAELHeWh,白色 品牌05 大号 办公椅（头枕）,办公椅,品牌05,大号,头枕,白色,16*1*1,16,BN16C,亚历克斯,收货,上架
CuWE90FiBe,米色 品牌02 900 储物柜（文件收纳）,储物柜,品牌02,900,文件收纳,米色,8*1*1,8,BH61E,亚历克斯,收货,上架
TVGn65S4Si,银色 品牌30 65英寸 电视机（超级超高清）,电视机,品牌30,65英寸,超级超高清,银色,8*1*1,8,CY58H,艾米丽,收货,上架
SPRe50WaPi,粉色 品牌22 50 触控笔（水彩）,触控笔,品牌22,50,水彩,粉色,48*10*5,2400,CR94D,迈克,收货,上架
MoSu35ErNa,藏青色 品牌11 350 鼠标（人体工学）,鼠标,品牌11,350,人体工学,藏青色,16*10*1,160,BW01B,艾米丽,收货,上架
MoHc45WiBl,黑色 品牌09 450 鼠标（有线）,鼠标,品牌09,450,有线,黑色,16*10*1,160,CX70B,亚历克斯,收货,上架
OfOGSAdBl,黑色 品牌07 小号 办公椅（可调节）,办公椅,品牌07,小号,可调节,黑色,16*1*1,16,AO87E,劳拉,收货,上架
CuWE90DoWh,白色 品牌02 900 储物柜（带门式）,储物柜,品牌02,900,带门式,白色,8*1*1,8,AK32D,大卫,收货,上架
PeGi50SoGr,灰色 品牌21 50 铅笔（可溶性）,铅笔,品牌21,50,可溶性,灰色,48*10*5,2400,DS57F,艾米,收货,上架
CaRG90SlWh,白色 品牌03 900 文件柜（滑动式）,文件柜,品牌03,900,滑动式,白色,8*1*1,8,CI65G,简,收货,上架
TVEs42S4Bl,黑色 品牌32 42英寸 电视机（超级超高清）,电视机,品牌32,42英寸,超级超高清,黑色,8*1*1,8,DZ42D,艾米丽,收货,上架
TaCI10WoBl,黑色 品牌27 1000 桌子（工作站）,桌子,品牌27,1000,工作站,黑色,8*1*1,8,BO51H,大卫,收货,上架
TVGL42FHWh,白色 品牌31 42英寸 电视机（全高清）,电视机,品牌31,42英寸,全高清,白色,8*1*1,8,BI45E,约翰,收货,上架
GaAELHeBl,黑色 品牌05 大号 游戏椅（头枕）,游戏椅,品牌05,大号,头枕,黑色,16*1*1,16,CL74D,艾米丽,收货,上架
MoRe27ErWh,白色 品牌10 270 鼠标（人体工学）,鼠标,品牌10,270,人体工学,白色,16*10*1,160,CG50C,大卫,收货,上架
CaTE12SlWh,白色 品牌04 1200 文件柜（滑动式）,文件柜,品牌04,1200,滑动式,白色,8*1*1,8,CN50B,约翰,收货,上架
KeSu27MePi,粉色 品牌11 270 键盘（机械式）,键盘,品牌11,270,机械式,粉色,16*10*1,160,BN37H,艾米丽,收货,上架
TaTR18FrSi,银色 品牌28 1800 桌子（框架式）,桌子,品牌28,1800,框架式,银色,8*1*1,8,AO37A,简,收货,上架
AlSu158GSi,银色 品牌11 15英寸 一体机（8吉字节内存）,一体机,品牌11,15英寸,8吉字节内存,银色,16*1*1,16,BU13H,艾米丽,收货,上架
PrPHA3AlWh,白色 品牌12 三号纸 打印机（一体式）,打印机,品牌12,三号纸,一体式,白色,16*1*1,16,BT98D,简,收货,上架
PrSoA3InGr,灰色 品牌25 三号纸 打印机（喷墨）,打印机,品牌25,三号纸,喷墨,灰色,16*1*1,16,DN32G,迈克,收货,上架
OfXEMAdWh,白色 品牌06 中号 办公椅（可调节）,办公椅,品牌06,中号,可调节,白色,16*1*1,16,AU95D,艾米丽,收货,上架
DrRG90FiGr,灰色 品牌03 900 抽屉柜（文件收纳）,抽屉柜,品牌03,900,文件收纳,灰色,8*1*1,8,DL35B,劳拉,收货,上架
GaAELHeWh,白色 品牌05 大号 游戏椅（头枕）,游戏椅,品牌05,大号,头枕,白色,16*1*1,16,CZ41H,艾米丽,收货,上架
DrQE12SlBl,黑色 品牌01 1200 抽屉柜（滑动式）,抽屉柜,品牌01,1200,滑动式,黑色,8*1*1,8,CH33C,大卫,收货,上架
TaAE18FrSi,银色 品牌05 1800 桌子（框架式）,桌子,品牌05,1800,框架式,银色,8*1*1,8,DS12D,迈克,收货,上架
TVGL424KGr,灰色 品牌31 42英寸 电视机（超高清）,电视机,品牌31,42英寸,超高清,灰色,8*1*1,8,BR81D,迈克,收货,上架
LaRe158GSi,银色 品牌14 15英寸 笔记本电脑（8吉字节内存）,笔记本电脑,品牌14,15英寸,8吉字节内存,银色,16*1*1,16,AX63C,艾米丽,收货,上架
OfXEMHeBl,黑色 品牌06 中号 办公椅（头枕）,办公椅,品牌06,中号,头枕,黑色,16*1*1,16,CO94E,大卫,收货,上架
KePH35BlNa,藏青色 品牌12 350 键盘（蓝牙）,键盘,品牌12,350,蓝牙,藏青色,16*10*1,160,DJ51H,艾米丽,收货,上架
PeRe24SoGr,灰色 品牌22 24 铅笔（可溶性）,铅笔,品牌22,24,可溶性,灰色,48*10*5,2400,AV46B,克里斯,收货,上架
GaSEMHeWh,白色 品牌08 中号 游戏椅（头枕）,游戏椅,品牌08,中号,头枕,白色,16*1*1,16,CZ93D,大卫,收货,上架
PrPHA4MoBl,黑色 品牌12 四号纸 打印机（黑白）,打印机,品牌12,四号纸,黑白,黑色,16*1*1,16,CS27E,艾米,收货,上架
CuRG18DoGr,灰色 品牌03 1800 储物柜（带门式）,储物柜,品牌03,1800,带门式,灰色,8*1*1,8,DH81F,简,收货,上架
LaPH178GWh,白色 品牌12 17英寸 笔记本电脑（8吉字节内存）,笔记本电脑,品牌12,17英寸,8吉字节内存,白色,16*1*1,16,BG17H,大卫,收货,上架
GaSESHeBl,黑色 品牌08 小号 游戏椅（头枕）,游戏椅,品牌08,小号,头枕,黑色,16*1*1,16,DW20H,亚历克斯,收货,上架
AlRe14i7Gr,灰色 品牌14 14英寸 一体机（第7代处理器）,一体机,品牌14,14英寸,第7代处理器,灰色,16*1*1,16,CV41F,劳拉,收货,上架
TaTR15FrSi,银色 品牌29 1500 桌子（框架式）,桌子,品牌29,1500,框架式,银色,8*1*1,8,BU42D,艾米丽,收货,上架
TaTR15FrBl,黑色 品牌29 1500 桌子（框架式）,桌子,品牌29,1500,框架式,黑色,8*1*1,8,AJ25E,约翰,收货,上架
TVEs75SFBl,黑色 品牌32 75英寸 电视机（超级全高清）,电视机,品牌32,75英寸,超级全高清,黑色,8*1*1,8,BR14H,大卫,收货,上架
CaQE12DoBe,米色 品牌01 1200 文件柜（带门式）,文件柜,品牌01,1200,带门式,米色,8*1*1,8,BI94E,大卫,收货,上架
GaSESHeWh,白色 品牌08 小号 游戏椅（头枕）,游戏椅,品牌08,小号,头枕,白色,16*1*1,16,BV58F,亚历克斯,收货,上架
CuTE90FiBl,黑色 品牌04 900 储物柜（文件收纳）,储物柜,品牌04,900,文件收纳,黑色,8*1*1,8,CH05G,莎拉,收货,上架
CaQE18LoGr,灰色 品牌01 1800 文件柜（储物锁柜）,文件柜,品牌01,1800,储物锁柜,灰色,8*1*1,8,CL64H,迈克,收货,上架
PeGi50WaGr,灰色 品牌21 50 铅笔（水彩）,铅笔,品牌21,50,水彩,灰色,48*10*5,2400,BQ48F,亚历克斯,收货,上架
LaPH1532Gr,灰色 品牌12 15英寸 笔记本电脑（32吉字节内存）,笔记本电脑,品牌12,15英寸,32吉字节内存,灰色,16*1*1,16,DG81D,大卫,收货,上架
CaWE18LoBl,黑色 品牌02 1800 文件柜（储物锁柜）,文件柜,品牌02,1800,储物锁柜,黑色,8*1*1,8,AI49C,克里斯,收货,上架
PrSoA3LaWh,白色 品牌25 三号纸 打印机（激光）,打印机,品牌25,三号纸,激光,白色,16*1*1,16,CQ44A,艾米丽,收货,上架
DrTE18DoBe,米色 品牌04 1800 抽屉柜（带门式）,抽屉柜,品牌04,1800,带门式,米色,8*1*1,8,CN82G,大卫,收货,上架
PeRe50HeGr,灰色 品牌22 50 铅笔（六角形）,铅笔,品牌22,50,六角形,灰色,48*10*5,2400,DF61D,迈克,收货,上架
MoHc35MeWh,白色 品牌09 350 鼠标（机械式）,鼠标,品牌09,350,机械式,白色,16*10*1,160,AW63G,艾米丽,收货,上架
KePH45MeBl,黑色 品牌12 450 键盘（机械式）,键盘,品牌12,450,机械式,黑色,16*10*1,160,BT06H,迈克,收货,上架
TaAE10FrBl,黑色 品牌05 1000 桌子（框架式）,桌子,品牌05,1000,框架式,黑色,8*1*1,8,BL94F,艾米丽,收货,上架
LaSu1416Bl,黑色 品牌11 14英寸 笔记本电脑（16吉字节内存）,笔记本电脑,品牌11,14英寸,16吉字节内存,黑色,16*1*1,16,AQ70D,简,收货,上架
MoHc27BlNa,藏青色 品牌09 270 鼠标（蓝牙）,鼠标,品牌09,270,蓝牙,藏青色,16*10*1,160,BM74G,劳拉,收货,上架
AlSu17i5Bl,黑色 品牌11 17英寸 一体机（第5代处理器）,一体机,品牌11,17英寸,第5代处理器,黑色,16*1*1,16,DM93G,大卫,收货,上架
NoMuA4doSi,银色 品牌19 四号纸 笔记本（点阵）,笔记本,品牌19,四号纸,点阵,银色,48*10*5,2400,DN34G,大卫,收货,上架
DrWE18SlBe,米色 品牌02 1800 抽屉柜（滑动式）,抽屉柜,品牌02,1800,滑动式,米色,8*1*1,8,AX82D,大卫,收货,上架
SPNa24SoPi,粉色 品牌23 24 触控笔（可溶性）,触控笔,品牌23,24,可溶性,粉色,48*10*5,2400,BT03A,劳拉,收货,上架
TaTR10AuWh,白色 品牌29 1000 桌子（自动调节）,桌子,品牌29,1000,自动调节,白色,8*1*1,8,DX08D,约翰,收货,上架
TVEs75S4Wh,白色 品牌32 75英寸 电视机（超级超高清）,电视机,品牌32,75英寸,超级超高清,白色,8*1*1,8,AM20C,亚历克斯,收货,上架
PrNoA3MoWh,白色 品牌26 三号纸 打印机（黑白）,打印机,品牌26,三号纸,黑白,白色,16*1*1,16,BX08D,亚历克斯,收货,上架
TVYn654KBl,黑色 品牌15 65英寸 电视机（超高清）,电视机,品牌15,65英寸,超高清,黑色,8*1*1,8,BW73G,简,收货,上架
LaPH1416Wh,白色 品牌12 14英寸 笔记本电脑（16吉字节内存）,笔记本电脑,品牌12,14英寸,16吉字节内存,白色,16*1*1,16,CJ31F,亚历克斯,收货,上架
AlPH1732Gr,灰色 品牌12 17英寸 一体机（32吉字节内存）,一体机,品牌12,17英寸,32吉字节内存,灰色,16*1*1,16,DM21D,迈克,收货,上架
TVYn504KBl,黑色 品牌15 50英寸 电视机（超高清）,电视机,品牌15,50英寸,超高清,黑色,8*1*1,8,BG09B,克里斯,收货,上架
NoExA4ruSi,银色 品牌16 四号纸 笔记本（横线）,笔记本,品牌16,四号纸,横线,银色,48*10*5,2400,BK10D,艾米丽,收货,上架
TVGL32S4Gr,灰色 品牌31 32英寸 电视机（超级超高清）,电视机,品牌31,32英寸,超级超高清,灰色,8*1*1,8,CN89G,艾米,收货,上架
GaSESAdBl,黑色 品牌08 小号 游戏椅（可调节）,游戏椅,品牌08,小号,可调节,黑色,16*1*1,16,AL35B,约翰,收货,上架
GaAESErPi,粉色 品牌05 小号 游戏椅（人体工学）,游戏椅,品牌05,小号,人体工学,粉色,16*1*1,16,CQ52A,莎拉,收货,上架
TaTR18AuSi,银色 品牌29 1800 桌子（自动调节）,桌子,品牌29,1800,自动调节,银色,8*1*1,8,CL53G,艾米,收货,上架
TaCI15WoWh,白色 品牌27 1500 桌子（工作站）,桌子,品牌27,1500,工作站,白色,8*1*1,8,CO67G,克里斯,收货,上架
PeNa24WaBl,黑色 品牌23 24 铅笔（水彩）,铅笔,品牌23,24,水彩,黑色,48*10*5,2400,BI30E,简,收货,上架
KeRe35MeNa,藏青色 品牌10 350 键盘（机械式）,键盘,品牌10,350,机械式,藏青色,16*10*1,160,DM84F,劳拉,收货,上架
TVEs50SFSi,银色 品牌32 50英寸 电视机（超级全高清）,电视机,品牌32,50英寸,超级全高清,银色,8*1*1,8,AF24D,亚历克斯,收货,上架
TaTR15AdGr,灰色 品牌29 1500 桌子（可调节）,桌子,品牌29,1500,可调节,灰色,8*1*1,8,BT53E,艾米丽,收货,上架
AlYn1532Bl,黑色 品牌15 15英寸 一体机（32吉字节内存）,一体机,品牌15,15英寸,32吉字节内存,黑色,16*1*1,16,CP26A,约翰,收货,上架
OfSELHeBl,黑色 品牌08 大号 办公椅（头枕）,办公椅,品牌08,大号,头枕,黑色,16*1*1,16,AO13F,简,收货,上架
GaXEMAdWh,白色 品牌06 中号 游戏椅（可调节）,游戏椅,品牌06,中号,可调节,白色,16*1*1,16,BV57C,简,收货,上架
SPNa12WaGr,灰色 品牌23 12 触控笔（水彩）,触控笔,品牌23,12,水彩,灰色,48*10*5,2400,BI56B,劳拉,收货,上架
DrTE90DoWh,白色 品牌04 900 抽屉柜（带门式）,抽屉柜,品牌04,900,带门式,白色,8*1*1,8,CT53A,大卫,收货,上架
SPNa24HePi,粉色 品牌23 24 触控笔（六角形）,触控笔,品牌23,24,六角形,粉色,48*10*5,2400,BL15G,大卫,收货,上架
NoGrA4liBl,黑色 品牌18 四号纸 笔记本（线条）,笔记本,品牌18,四号纸,线条,黑色,48*10*5,2400,BW03F,约翰,收货,上架
MoHc35WiWh,白色 品牌09 350 鼠标（有线）,鼠标,品牌09,350,有线,白色,16*10*1,160,BF78E,艾米丽,收货,上架
MoHc35WiPi,粉色 品牌09 350 鼠标（有线）,鼠标,品牌09,350,有线,粉色,16*10*1,160,AG58G,劳拉,收货,上架
DrQE90DoWh,白色 品牌01 900 抽屉柜（带门式）,抽屉柜,品牌01,900,带门式,白色,8*1*1,8,BM73G,亚历克斯,收货,上架
SPRe24SoBl,黑色 品牌22 24 触控笔（可溶性）,触控笔,品牌22,24,可溶性,黑色,48*10*5,2400,CG25C,亚历克斯,收货,上架
PrPHA4LaMi,混合色 品牌12 四号纸 打印机（激光）,打印机,品牌12,四号纸,激光,混合色,16*1*1,16,BI89H,艾米丽,收货,上架
CaTE18DoGr,灰色 品牌04 1800 文件柜（带门式）,文件柜,品牌04,1800,带门式,灰色,8*1*1,8,AY18C,莎拉,收货,上架
MoHc27ErWh,白色 品牌09 270 鼠标（人体工学）,鼠标,品牌09,270,人体工学,白色,16*10*1,160,AU71G,莎拉,收货,上架
CuQE18LoGr,灰色 品牌01 1800 储物柜（储物锁柜）,储物柜,品牌01,1800,储物锁柜,灰色,8*1*1,8,BO89G,迈克,收货,上架
KeRe35MeBl,黑色 品牌10 350 键盘（机械式）,键盘,品牌10,350,机械式,黑色,16*10*1,160,DR83A,克里斯,收货,上架
TVYn32FHWh,白色 品牌15 32英寸 电视机（全高清）,电视机,品牌15,32英寸,全高清,白色,8*1*1,8,AN23F,迈克,收货,上架
OfSESErBl,黑色 品牌08 小号 办公椅（人体工学）,办公椅,品牌08,小号,人体工学,黑色,16*1*1,16,AU34G,劳拉,收货,上架
LaRe178GBl,黑色 品牌14 17英寸 笔记本电脑（8吉字节内存）,笔记本电脑,品牌14,17英寸,8吉字节内存,黑色,16*1*1,16,CK70A,艾米,收货,上架
SPAl24SoPi,粉色 品牌20 24 触控笔（可溶性）,触控笔,品牌20,24,可溶性,粉色,48*10*5,2400,BO54C,大卫,收货,上架
MoSu45MeBl,黑色 品牌11 450 鼠标（机械式）,鼠标,品牌11,450,机械式,黑色,16*10*1,160,BY05H,大卫,收货,上架
PrReA4WiGr,灰色 品牌24 四号纸 打印机（无线网络）,打印机,品牌24,四号纸,无线网络,灰色,16*1*1,16,AM52E,大卫,收货,上架
CuTE12FiGr,灰色 品牌04 1200 储物柜（文件收纳）,储物柜,品牌04,1200,文件收纳,灰色,8*1*1,8,DR05E,劳拉,收货,上架
TaAE15AuGr,灰色 品牌05 1500 桌子（自动调节）,桌子,品牌05,1500,自动调节,灰色,8*1*1,8,DK19H,艾米,收货,上架
DrTE90LoWh,白色 品牌04 900 抽屉柜（储物锁柜）,抽屉柜,品牌04,900,储物锁柜,白色,8*1*1,8,BJ20B,约翰,收货,上架
TVYn654KWh,白色 品牌15 65英寸 电视机（超高清）,电视机,品牌15,65英寸,超高清,白色,8*1*1,8,BZ31G,约翰,收货,上架
DrTE12SlBl,黑色 品牌04 1200 抽屉柜（滑动式）,抽屉柜,品牌04,1200,滑动式,黑色,8*1*1,8,BQ47G,简,收货,上架
CuQE12LoBe,米色 品牌01 1200 储物柜（储物锁柜）,储物柜,品牌01,1200,储物锁柜,米色,8*1*1,8,AQ81C,艾米,收货,上架
GaOGMLeGr,灰色 品牌07 中号 游戏椅（皮革）,游戏椅,品牌07,中号,皮革,灰色,16*1*1,16,BL93B,艾米丽,收货,上架
CuTE90FiGr,灰色 品牌04 900 储物柜（文件收纳）,储物柜,品牌04,900,文件收纳,灰色,8*1*1,8,AF07B,克里斯,收货,上架
CuRG12SlGr,灰色 品牌03 1200 储物柜（滑动式）,储物柜,品牌03,1200,滑动式,灰色,8*1*1,8,DF20C,莎拉,收货,上架
PeAl50WaBl,黑色 品牌20 50 铅笔（水彩）,铅笔,品牌20,50,水彩,黑色,48*10*5,2400,DZ03A,迈克,收货,上架
OfOGMHeWh,白色 品牌07 中号 办公椅（头枕）,办公椅,品牌07,中号,头枕,白色,16*1*1,16,CT02E,克里斯,收货,上架
SPAl50WaPi,粉色 品牌20 50 触控笔（水彩）,触控笔,品牌20,50,水彩,粉色,48*10*5,2400,BK30D,艾米丽,收货,上架
TVGn32SFWh,白色 品牌30 32英寸 电视机（超级全高清）,电视机,品牌30,32英寸,超级全高清,白色,8*1*1,8,CI68F,约翰,收货,上架
LaPH14i5Wh,白色 品牌12 14英寸 笔记本电脑（第5代处理器）,笔记本电脑,品牌12,14英寸,第5代处理器,白色,16*1*1,16,BR26C,简,收货,上架
DrTE12LoGr,灰色 品牌04 1200 抽屉柜（储物锁柜）,抽屉柜,品牌04,1200,储物锁柜,灰色,8*1*1,8,AF82D,艾米丽,收货,上架
LaPH17i5Si,银色 品牌12 17英寸 笔记本电脑（第5代处理器）,笔记本电脑,品牌12,17英寸,第5代处理器,银色,16*1*1,16,BX84B,艾米,收货,上架
TVGn50SFBl,黑色 品牌30 50英寸 电视机（超级全高清）,电视机,品牌30,50英寸,超级全高清,黑色,8*1*1,8,AR29B,简,收货,上架
TVGL75S4Gr,灰色 品牌31 75英寸 电视机（超级超高清）,电视机,品牌31,75英寸,超级超高清,灰色,8*1*1,8,DV98A,约翰,收货,上架
PeAl24SoWh,白色 品牌20 24 铅笔（可溶性）,铅笔,品牌20,24,可溶性,白色,48*10*5,2400,CS40C,艾米,收货,上架
AlOv1516Gr,灰色 品牌13 15英寸 一体机（16吉字节内存）,一体机,品牌13,15英寸,16吉字节内存,灰色,16*1*1,16,BZ81G,劳拉,收货,上架
KeRe27BlBl,黑色 品牌10 270 键盘（蓝牙）,键盘,品牌10,270,蓝牙,黑色,16*10*1,160,DL09E,艾米,收货,上架
LaRe15i7Gr,灰色 品牌14 15英寸 笔记本电脑（第7代处理器）,笔记本电脑,品牌14,15英寸,第7代处理器,灰色,16*1*1,16,DL15D,亚历克斯,收货,上架
CuTE90FiGr,灰色 品牌04 900 储物柜（文件收纳）,储物柜,品牌04,900,文件收纳,灰色,8*1*1,8,DV32B,亚历克斯,收货,上架
PrReA3WiMi,混合色 品牌24 三号纸 打印机（无线网络）,打印机,品牌24,三号纸,无线网络,混合色,16*1*1,16,CV97A,约翰,收货,上架
CuRG90SlWh,白色 品牌03 900 储物柜（滑动式）,储物柜,品牌03,900,滑动式,白色,8*1*1,8,CF78G,亚历克斯,收货,上架
OfSESHeWh,白色 品牌08 小号 办公椅（头枕）,办公椅,品牌08,小号,头枕,白色,16*1*1,16,CT53H,迈克,收货,上架
CaQE12SlGr,灰色 品牌01 1200 文件柜（滑动式）,文件柜,品牌01,1200,滑动式,灰色,8*1*1,8,CK52A,大卫,收货,上架
LaRe14i5Wh,白色 品牌14 14英寸 笔记本电脑（第5代处理器）,笔记本电脑,品牌14,14英寸,第5代处理器,白色,16*1*1,16,BH34D,亚历克斯,收货,上架
CuQE12FiBl,黑色 品牌01 1200 储物柜（文件收纳）,储物柜,品牌01,1200,文件收纳,黑色,8*1*1,8,BX90D,亚历克斯,收货,上架
GaAEMHeBl,黑色 品牌05 中号 游戏椅（头枕）,游戏椅,品牌05,中号,头枕,黑色,16*1*1,16,CJ46A,迈克,收货,上架
CaRG12DoWh,白色 品牌03 1200 文件柜（带门式）,文件柜,品牌03,1200,带门式,白色,8*1*1,8,AW58E,艾米,收货,上架
CuWE12SlGr,灰色 品牌02 1200 储物柜（滑动式）,储物柜,品牌02,1200,滑动式,灰色,8*1*1,8,DX76D,劳拉,收货,上架
AlPH1532Wh,白色 品牌12 15英寸 一体机（32吉字节内存）,一体机,品牌12,15英寸,32吉字节内存,白色,16*1*1,16,BT42C,迈克,收货,上架
PeAl12HePi,粉色 品牌20 12 铅笔（六角形）,铅笔,品牌20,12,六角形,粉色,48*10*5,2400,BS56F,艾米,收货,上架
SPAl24WaGr,灰色 品牌20 24 触控笔（水彩）,触控笔,品牌20,24,水彩,灰色,48*10*5,2400,BR04A,劳拉,收货,上架
TVGn75FHBl,黑色 品牌30 75英寸 电视机（全高清）,电视机,品牌30,75英寸,全高清,黑色,8*1*1,8,BQ37F,艾米,收货,上架
AlPH1416Si,银色 品牌12 14英寸 一体机（16吉字节内存）,一体机,品牌12,14英寸,16吉字节内存,银色,16*1*1,16,BL26C,约翰,收货,上架
GaSELAdPi,粉色 品牌08 大号 游戏椅（可调节）,游戏椅,品牌08,大号,可调节,粉色,16*1*1,16,DO58D,艾米,收货,上架
MoRe45WiPi,粉色 品牌10 450 鼠标（有线）,鼠标,品牌10,450,有线,粉色,16*10*1,160,DT95F,劳拉,收货,上架
AlOv158GWh,白色 品牌13 15英寸 一体机（8吉字节内存）,一体机,品牌13,15英寸,8吉字节内存,白色,16*1*1,16,BM06H,克里斯,收货,上架
LaSu158GSi,银色 品牌11 15英寸 笔记本电脑（8吉字节内存）,笔记本电脑,品牌11,15英寸,8吉字节内存,银色,16*1*1,16,DO02C,亚历克斯,收货,上架
NoExA3liSi,银色 品牌16 三号纸 笔记本（线条）,笔记本,品牌16,三号纸,线条,银色,48*10*5,2400,AT27H,克里斯,收货,上架
DrWE18DoBl,黑色 品牌02 1800 抽屉柜（带门式）,抽屉柜,品牌02,1800,带门式,黑色,8*1*1,8,BR31F,大卫,收货,上架
CuTE12DoGr,灰色 品牌04 1200 储物柜（带门式）,储物柜,品牌04,1200,带门式,灰色,8*1*1,8,AT73C,艾米,收货,上架
OfXELAdBl,黑色 品牌06 大号 办公椅（可调节）,办公椅,品牌06,大号,可调节,黑色,16*1*1,16,BP85G,简,收货,上架
PeRe12HeBl,黑色 品牌22 12 铅笔（六角形）,铅笔,品牌22,12,六角形,黑色,48*10*5,2400,BJ71F,简,收货,上架
GaXEMAdGr,灰色 品牌06 中号 游戏椅（可调节）,游戏椅,品牌06,中号,可调节,灰色,16*1*1,16,CT35E,迈克,收货,上架
GaXELHePi,粉色 品牌06 大号 游戏椅（头枕）,游戏椅,品牌06,大号,头枕,粉色,16*1*1,16,CZ23H,劳拉,收货,上架
SPGi12WaGr,灰色 品牌21 12 触控笔（水彩）,触控笔,品牌21,12,水彩,灰色,48*10*5,2400,DF34C,约翰,收货,上架
LaYn15i5Gr,灰色 品牌15 15英寸 笔记本电脑（第5代处理器）,笔记本电脑,品牌15,15英寸,第5代处理器,灰色,16*1*1,16,CL73A,亚历克斯,收货,上架
TVYn75FHWh,白色 品牌15 75英寸 电视机（全高清）,电视机,品牌15,75英寸,全高清,白色,8*1*1,8,BT93C,艾米,收货,上架
CuQE90LoBl,黑色 品牌01 900 储物柜（储物锁柜）,储物柜,品牌01,900,储物锁柜,黑色,8*1*1,8,DT68E,迈克,收货,上架
OfXEMAdBl,黑色 品牌06 中号 办公椅（可调节）,办公椅,品牌06,中号,可调节,黑色,16*1*1,16,BU66E,莎拉,收货,上架
GaOGLLeGr,灰色 品牌07 大号 游戏椅（皮革）,游戏椅,品牌07,大号,皮革,灰色,16*1*1,16,CZ28E,克里斯,收货,上架
LaSu1516Gr,灰色 品牌11 15英寸 笔记本电脑（16吉字节内存）,笔记本电脑,品牌11,15英寸,16吉字节内存,灰色,16*1*1,16,AF91H,克里斯,收货,上架
DrTE18DoWh,白色 品牌04 1800 抽屉柜（带门式）,抽屉柜,品牌04,1800,带门式,白色,8*1*1,8,AJ19C,艾米,收货,上架
DrQE90DoGr,灰色 品牌01 900 抽屉柜（带门式）,抽屉柜,品牌01,900,带门式,灰色,8*1*1,8,AG95F,亚历克斯,收货,上架
GaSESLePi,粉色 品牌08 小号 游戏椅（皮革）,游戏椅,品牌08,小号,皮革,粉色,16*1*1,16,CY73G,艾米,收货,上架
GaOGSAdWh,白色 品牌07 小号 游戏椅（可调节）,游戏椅,品牌07,小号,可调节,白色,16*1*1,16,CM20D,迈克,收货,上架
KePH45WiBl,黑色 品牌12 450 键盘（有线）,键盘,品牌12,450,有线,黑色,16*10*1,160,BN83H,劳拉,收货,上架
OfXELErBl,黑色 品牌06 大号 办公椅（人体工学）,办公椅,品牌06,大号,人体工学,黑色,16*1*1,16,BF42C,艾米丽,收货,上架
MoPH27BlWh,白色 品牌12 270 鼠标（蓝牙）,鼠标,品牌12,270,蓝牙,白色,16*10*1,160,CT91F,简,收货,上架
AlYn1432Si,银色 品牌15 14英寸 一体机（32吉字节内存）,一体机,品牌15,14英寸,32吉字节内存,银色,16*1*1,16,BY15H,简,收货,上架
OfOGSLeBl,黑色 品牌07 小号 办公椅（皮革）,办公椅,品牌07,小号,皮革,黑色,16*1*1,16,AH95G,艾米,收货,上架
KeRe35MePi,粉色 品牌10 350 键盘（机械式）,键盘,品牌10,350,机械式,粉色,16*10*1,160,BX47F,迈克,收货,上架
CuQE18SlGr,灰色 品牌01 1800 储物柜（滑动式）,储物柜,品牌01,1800,滑动式,灰色,8*1*1,8,CM80G,莎拉,收货,上架
AlSu1732Si,银色 品牌11 17英寸 一体机（32吉字节内存）,一体机,品牌11,17英寸,32吉字节内存,银色,16*1*1,16,DX85F,简,收货,上架
PeGi24SoWh,白色 品牌21 24 铅笔（可溶性）,铅笔,品牌21,24,可溶性,白色,48*10*5,2400,AJ70F,亚历克斯,收货,上架
CaWE12DoWh,白色 品牌02 1200 文件柜（带门式）,文件柜,品牌02,1200,带门式,白色,8*1*1,8,CV90B,艾米丽,收货,上架
NoExA3liBl,黑色 品牌16 三号纸 笔记本（线条）,笔记本,品牌16,三号纸,线条,黑色,48*10*5,2400,CK45F,劳拉,收货,上架
OfSELErBl,黑色 品牌08 大号 办公椅（人体工学）,办公椅,品牌08,大号,人体工学,黑色,16*1*1,16,AF98D,迈克,收货,上架
KeRe35WiWh,白色 品牌10 350 键盘（有线）,键盘,品牌10,350,有线,白色,16*10*1,160,DP59C,亚历克斯,收货,上架
TaCI10WoSi,银色 品牌27 1000 桌子（工作站）,桌子,品牌27,1000,工作站,银色,8*1*1,8,AQ08D,简,收货,上架
DrTE12LoBl,黑色 品牌04 1200 抽屉柜（储物锁柜）,抽屉柜,品牌04,1200,储物锁柜,黑色,8*1*1,8,AT72G,艾米丽,收货,上架
LaSu178GBl,黑色 品牌11 17英寸 笔记本电脑（8吉字节内存）,笔记本电脑,品牌11,17英寸,8吉字节内存,黑色,16*1*1,16,CU97E,亚历克斯,收货,上架
TVGn32SFSi,银色 品牌30 32英寸 电视机（超级全高清）,电视机,品牌30,32英寸,超级全高清,银色,8*1*1,8,CJ23G,约翰,收货,上架
SPGi50HePi,粉色 品牌21 50 触控笔（六角形）,触控笔,品牌21,50,六角形,粉色,48*10*5,2400,AN34C,克里斯,收货,上架
KeRe27BlPi,粉色 品牌10 270 键盘（蓝牙）,键盘,品牌10,270,蓝牙,粉色,16*10*1,160,CG22H,艾米,收货,上架
PeRe50WaPi,粉色 品牌22 50 铅笔（水彩）,铅笔,品牌22,50,水彩,粉色,48*10*5,2400,BS28G,劳拉,收货,上架
DrWE90LoBl,黑色 品牌02 900 抽屉柜（储物锁柜）,抽屉柜,品牌02,900,储物锁柜,黑色,8*1*1,8,BZ19G,大卫,收货,上架
GaAEMHeBl,黑色 品牌05 中号 游戏椅（头枕）,游戏椅,品牌05,中号,头枕,黑色,16*1*1,16,DP37G,克里斯,收货,上架
GaSEMHeWh,白色 品牌08 中号 游戏椅（头枕）,游戏椅,品牌08,中号,头枕,白色,16*1*1,16,AR53B,亚历克斯,收货,上架
DrRG18SlBe,米色 品牌03 1800 抽屉柜（滑动式）,抽屉柜,品牌03,1800,滑动式,米色,8*1*1,8,BR61A,大卫,收货,上架
CaWE12FiBe,米色 品牌02 1200 文件柜（文件收纳）,文件柜,品牌02,1200,文件收纳,米色,8*1*1,8,DZ96A,亚历克斯,收货,上架
TVGn32S4Si,银色 品牌30 32英寸 电视机（超级超高清）,电视机,品牌30,32英寸,超级超高清,银色,8*1*1,8,CY46C,简,收货,上架
MoPH27WiWh,白色 品牌12 270 鼠标（有线）,鼠标,品牌12,270,有线,白色,16*10*1,160,CY71G,劳拉,收货,上架
DrRG90SlBe,米色 品牌03 900 抽屉柜（滑动式）,抽屉柜,品牌03,900,滑动式,米色,8*1*1,8,BU27F,约翰,收货,上架
LaSu17i7Si,银色 品牌11 17英寸 笔记本电脑（第7代处理器）,笔记本电脑,品牌11,17英寸,第7代处理器,银色,16*1*1,16,AZ29E,克里斯,收货,上架
OfXELLeBl,黑色 品牌06 大号 办公椅（皮革）,办公椅,品牌06,大号,皮革,黑色,16*1*1,16,BO65E,艾米丽,收货,上架
GaAEMHeGr,灰色 品牌05 中号 游戏椅（头枕）,游戏椅,品牌05,中号,头枕,灰色,16*1*1,16,BY28G,亚历克斯,收货,上架
PeGi50WaBl,黑色 品牌21 50 铅笔（水彩）,铅笔,品牌21,50,水彩,黑色,48*10*5,2400,DS91C,莎拉,收货,上架
NoScA4ruGr,灰色 品牌17 四号纸 笔记本（横线）,笔记本,品牌17,四号纸,横线,灰色,48*10*5,2400,CY11F,迈克,收货,上架
TaCI18FrGr,灰色 品牌27 1800 桌子（框架式）,桌子,品牌27,1800,框架式,灰色,8*1*1,8,BV11G,艾米,收货,上架
AlYn14i5Bl,黑色 品牌15 14英寸 一体机（第5代处理器）,一体机,品牌15,14英寸,第5代处理器,黑色,16*1*1,16,CY41E,劳拉,收货,上架
KeSu45BlNa,藏青色 品牌11 450 键盘（蓝牙）,键盘,品牌11,450,蓝牙,藏青色,16*10*1,160,CV89A,克里斯,收货,上架
LaPH15i5Wh,白色 品牌12 15英寸 笔记本电脑（第5代处理器）,笔记本电脑,品牌12,15英寸,第5代处理器,白色,16*1*1,16,BK14F,大卫,收货,上架
NoExA4liBl,黑色 品牌16 四号纸 笔记本（线条）,笔记本,品牌16,四号纸,线条,黑色,48*10*5,2400,AL41C,艾米丽,收货,上架
NoGrA5liBl,黑色 品牌18 五号纸 笔记本（线条）,笔记本,品牌18,五号纸,线条,黑色,48*10*5,2400,CG20G,艾米,收货,上架
NoMuA5liSi,银色 品牌19 五号纸 笔记本（线条）,笔记本,品牌19,五号纸,线条,银色,48*10*5,2400,AW98B,艾米,收货,上架
PrPHA2AlBl,黑色 品牌12 二号纸 打印机（一体式）,打印机,品牌12,二号纸,一体式,黑色,16*1*1,16,DN31F,简,收货,上架
OfOGSHeBl,黑色 品牌07 小号 办公椅（头枕）,办公椅,品牌07,小号,头枕,黑色,16*1*1,16,DU53C,约翰,收货,上架
LaOv15i7Wh,白色 品牌13 15英寸 笔记本电脑（第7代处理器）,笔记本电脑,品牌13,15英寸,第7代处理器,白色,16*1*1,16,BU90H,简,收货,上架
AlOv17i7Bl,黑色 品牌13 17英寸 一体机（第7代处理器）,一体机,品牌13,17英寸,第7代处理器,黑色,16*1*1,16,AR75G,艾米丽,收货,上架
PeGi50SoPi,粉色 品牌21 50 铅笔（可溶性）,铅笔,品牌21,50,可溶性,粉色,48*10*5,2400,DL01G,大卫,收货,上架
CuQE18LoBe,米色 品牌01 1800 储物柜（储物锁柜）,储物柜,品牌01,1800,储物锁柜,米色,8*1*1,8,BV30F,艾米,收货,上架
OfOGSErWh,白色 品牌07 小号 办公椅（人体工学）,办公椅,品牌07,小号,人体工学,白色,16*1*1,16,CJ01E,艾米,收货,上架
GaSELErWh,白色 品牌08 大号 游戏椅（人体工学）,游戏椅,品牌08,大号,人体工学,白色,16*1*1,16,CZ81H,劳拉,收货,上架
AlOv1516Bl,黑色 品牌13 15英寸 一体机（16吉字节内存）,一体机,品牌13,15英寸,16吉字节内存,黑色,16*1*1,16,BR77E,大卫,收货,上架
CaWE12FiGr,灰色 品牌02 1200 文件柜（文件收纳）,文件柜,品牌02,1200,文件收纳,灰色,8*1*1,8,BF82B,迈克,收货,上架
AlSu17i7Wh,白色 品牌11 17英寸 一体机（第7代处理器）,一体机,品牌11,17英寸,第7代处理器,白色,16*1*1,16,DR87A,简,收货,上架
TaAE15FrSi,银色 品牌05 1500 桌子（框架式）,桌子,品牌05,1500,框架式,银色,8*1*1,8,DG52A,劳拉,收货,上架
AlRe1516Gr,灰色 品牌14 15英寸 一体机（16吉字节内存）,一体机,品牌14,15英寸,16吉字节内存,灰色,16*1*1,16,CM92E,艾米,收货,上架
TVYn32FHGr,灰色 品牌15 32英寸 电视机（全高清）,电视机,品牌15,32英寸,全高清,灰色,8*1*1,8,DU21D,约翰,收货,上架
LaYn17i7Bl,黑色 品牌15 17英寸 笔记本电脑（第7代处理器）,笔记本电脑,品牌15,17英寸,第7代处理器,黑色,16*1*1,16,CK27H,艾米丽,收货,上架
CuWE90SlBl,黑色 品牌02 900 储物柜（滑动式）,储物柜,品牌02,900,滑动式,黑色,8*1*1,8,DM09E,莎拉,收货,上架
TVYn75S4Gr,灰色 品牌15 75英寸 电视机（超级超高清）,电视机,品牌15,75英寸,超级超高清,灰色,8*1*1,8,BT34G,艾米丽,收货,上架
TaTR10FrBl,黑色 品牌29 1000 桌子（框架式）,桌子,品牌29,1000,框架式,黑色,8*1*1,8,DF07F,艾米丽,收货,上架
LaSu15i5Gr,灰色 品牌11 15英寸 笔记本电脑（第5代处理器）,笔记本电脑,品牌11,15英寸,第5代处理器,灰色,16*1*1,16,CR11E,迈克,收货,上架
CaQE12FiBl,黑色 品牌01 1200 文件柜（文件收纳）,文件柜,品牌01,1200,文件收纳,黑色,8*1*1,8,CM97H,劳拉,收货,上架
GaAESLeWh,白色 品牌05 小号 游戏椅（皮革）,游戏椅,品牌05,小号,皮革,白色,16*1*1,16,DN08B,莎拉,收货,上架
DrTE18FiBl,黑色 品牌04 1800 抽屉柜（文件收纳）,抽屉柜,品牌04,1800,文件收纳,黑色,8*1*1,8,AF61G,大卫,收货,上架
TaTR18FrWh,白色 品牌29 1800 桌子（框架式）,桌子,品牌29,1800,框架式,白色,8*1*1,8,AY69E,大卫,收货,上架
PeGi12WaWh,白色 品牌21 12 铅笔（水彩）,铅笔,品牌21,12,水彩,白色,48*10*5,2400,BZ34C,艾米丽,收货,上架
LaYn14i7Si,银色 品牌15 14英寸 笔记本电脑（第7代处理器）,笔记本电脑,品牌15,14英寸,第7代处理器,银色,16*1*1,16,AG82F,大卫,收货,上架
DrWE12SlWh,白色 品牌02 1200 抽屉柜（滑动式）,抽屉柜,品牌02,1200,滑动式,白色,8*1*1,8,CS05F,简,收货,上架
DrWE18SlWh,白色 品牌02 1800 抽屉柜（滑动式）,抽屉柜,品牌02,1800,滑动式,白色,8*1*1,8,AZ73H,克里斯,收货,上架
CuTE18DoBl,黑色 品牌04 1800 储物柜（带门式）,储物柜,品牌04,1800,带门式,黑色,8*1*1,8,BJ66H,亚历克斯,收货,上架
NoExA3doGr,灰色 品牌16 三号纸 笔记本（点阵）,笔记本,品牌16,三号纸,点阵,灰色,48*10*5,2400,CY87D,克里斯,收货,上架
TaTR10WoWh,白色 品牌28 1000 桌子（工作站）,桌子,品牌28,1000,工作站,白色,8*1*1,8,AS39G,艾米,收货,上架
TVGL32S4Bl,黑色 品牌31 32英寸 电视机（超级超高清）,电视机,品牌31,32英寸,超级超高清,黑色,8*1*1,8,BN27A,简,收货,上架
PeNa24SoBl,黑色 品牌23 24 铅笔（可溶性）,铅笔,品牌23,24,可溶性,黑色,48*10*5,2400,BY17C,大卫,收货,上架
MoPH45MeWh,白色 品牌12 450 鼠标（机械式）,鼠标,品牌12,450,机械式,白色,16*10*1,160,DL37H,约翰,收货,上架
CuRG18SlGr,灰色 品牌03 1800 储物柜（滑动式）,储物柜,品牌03,1800,滑动式,灰色,8*1*1,8,DW93C,约翰,收货,上架
LaYn1732Bl,黑色 品牌15 17英寸 笔记本电脑（32吉字节内存）,笔记本电脑,品牌15,17英寸,32吉字节内存,黑色,16*1*1,16,BH95G,简,收货,上架
KeHc45BlWh,白色 品牌09 450 键盘（蓝牙）,键盘,品牌09,450,蓝牙,白色,16*10*1,160,BQ50G,大卫,收货,上架
TaTR18WoSi,银色 品牌28 1800 桌子（工作站）,桌子,品牌28,1800,工作站,银色,8*1*1,8,CP41B,大卫,收货,上架
LaPH15i7Gr,灰色 品牌12 15英寸 笔记本电脑（第7代处理器）,笔记本电脑,品牌12,15英寸,第7代处理器,灰色,16*1*1,16,AI36F,克里斯,收货,上架
TVGL504KBl,黑色 品牌31 50英寸 电视机（超高清）,电视机,品牌31,50英寸,超高清,黑色,8*1*1,8,BZ23H,艾米丽,收货,上架
TVYn65S4Bl,黑色 品牌15 65英寸 电视机（超级超高清）,电视机,品牌15,65英寸,超级超高清,黑色,8*1*1,8,BF39F,克里斯,收货,上架
KeRe35MeBl,黑色 品牌10 350 键盘（机械式）,键盘,品牌10,350,机械式,黑色,16*10*1,160,AG53H,迈克,收货,上架
DrRG18LoGr,灰色 品牌03 1800 抽屉柜（储物锁柜）,抽屉柜,品牌03,1800,储物锁柜,灰色,8*1*1,8,BI82H,艾米,收货,上架
MoSu45WiPi,粉色 品牌11 450 鼠标（有线）,鼠标,品牌11,450,有线,粉色,16*10*1,160,DO69H,艾米,收货,上架
AlRe15i7Gr,灰色 品牌14 15英寸 一体机（第7代处理器）,一体机,品牌14,15英寸,第7代处理器,灰色,16*1*1,16,BH24D,迈克,收货,上架
CaRG90DoWh,白色 品牌03 900 文件柜（带门式）,文件柜,品牌03,900,带门式,白色,8*1*1,8,CI40G,简,收货,上架
PrReA4MoWh,白色 品牌24 四号纸 打印机（黑白）,打印机,品牌24,四号纸,黑白,白色,16*1*1,16,BI14F,约翰,收货,上架
KeRe35WiPi,粉色 品牌10 350 键盘（有线）,键盘,品牌10,350,有线,粉色,16*10*1,160,CW75A,大卫,收货,上架
TaTR18WoWh,白色 品牌29 1800 桌子（工作站）,桌子,品牌29,1800,工作站,白色,8*1*1,8,DH69A,大卫,收货,上架
DrTE12DoBl,黑色 品牌04 1200 抽屉柜（带门式）,抽屉柜,品牌04,1200,带门式,黑色,8*1*1,8,BZ97C,劳拉,收货,上架
MoPH27WiWh,白色 品牌12 270 鼠标（有线）,鼠标,品牌12,270,有线,白色,16*10*1,160,BW79E,艾米丽,收货,上架
DrRG90SlWh,白色 品牌03 900 抽屉柜（滑动式）,抽屉柜,品牌03,900,滑动式,白色,8*1*1,8,BY83G,克里斯,收货,上架
LaPH17i7Si,银色 品牌12 17英寸 笔记本电脑（第7代处理器）,笔记本电脑,品牌12,17英寸,第7代处理器,银色,16*1*1,16,BI26A,莎拉,收货,上架
LaRe15i7Gr,灰色 品牌14 15英寸 笔记本电脑（第7代处理器）,笔记本电脑,品牌14,15英寸,第7代处理器,灰色,16*1*1,16,DS71E,克里斯,收货,上架
TVYn42FHGr,灰色 品牌15 42英寸 电视机（全高清）,电视机,品牌15,42英寸,全高清,灰色,8*1*1,8,CH53B,约翰,收货,上架
TaCI10AdBl,黑色 品牌27 1000 桌子（可调节）,桌子,品牌27,1000,可调节,黑色,8*1*1,8,AX77G,莎拉,收货,上架
SPGi12WaPi,粉色 品牌21 12 触控笔（水彩）,触控笔,品牌21,12,水彩,粉色,48*10*5,2400,DO22B,约翰,收货,上架
LaOv17i5Wh,白色 品牌13 17英寸 笔记本电脑（第5代处理器）,笔记本电脑,品牌13,17英寸,第5代处理器,白色,16*1*1,16,BS09C,艾米丽,收货,上架
MoRe45WiWh,白色 品牌10 450 鼠标（有线）,鼠标,品牌10,450,有线,白色,16*10*1,160,BF34D,艾米丽,收货,上架
PrNoA2WiBl,黑色 品牌26 二号纸 打印机（无线网络）,打印机,品牌26,二号纸,无线网络,黑色,16*1*1,16,AT81E,迈克,收货,上架
NoExA4doBl,黑色 品牌16 四号纸 笔记本（点阵）,笔记本,品牌16,四号纸,点阵,黑色,48*10*5,2400,DG78G,莎拉,收货,上架
NoMuA4liWh,白色 品牌19 四号纸 笔记本（线条）,笔记本,品牌19,四号纸,线条,白色,48*10*5,2400,AO46F,艾米,收货,上架
LaRe17i5Wh,白色 品牌14 17英寸 笔记本电脑（第5代处理器）,笔记本电脑,品牌14,17英寸,第5代处理器,白色,16*1*1,16,AU64F,克里斯,收货,上架
LaYn14i7Gr,灰色 品牌15 14英寸 笔记本电脑（第7代处理器）,笔记本电脑,品牌15,14英寸,第7代处理器,灰色,16*1*1,16,AX34B,莎拉,收货,上架
PrNoA4AlGr,灰色 品牌26 四号纸 打印机（一体式）,打印机,品牌26,四号纸,一体式,灰色,16*1*1,16,DQ50B,亚历克斯,收货,上架
TVGn32FHWh,白色 品牌30 32英寸 电视机（全高清）,电视机,品牌30,32英寸,全高清,白色,8*1*1,8,DK17A,约翰,收货,上架
OfXELAdWh,白色 品牌06 大号 办公椅（可调节）,办公椅,品牌06,大号,可调节,白色,16*1*1,16,DI30G,劳拉,收货,上架
TVGn50S4Bl,黑色 品牌30 50英寸 电视机（超级超高清）,电视机,品牌30,50英寸,超级超高清,黑色,8*1*1,8,BX42A,艾米丽,收货,上架
GaOGLHePi,粉色 品牌07 大号 游戏椅（头枕）,游戏椅,品牌07,大号,头枕,粉色,16*1*1,16,DU83G,克里斯,收货,上架
MoHc35ErNa,藏青色 品牌09 350 鼠标（人体工学）,鼠标,品牌09,350,人体工学,藏青色,16*10*1,160,CL11E,克里斯,收货,上架
TaAE18AuBl,黑色 品牌05 1800 桌子（自动调节）,桌子,品牌05,1800,自动调节,黑色,8*1*1,8,DG73D,艾米丽,收货,上架
CaWE18LoBe,米色 品牌02 1800 文件柜（储物锁柜）,文件柜,品牌02,1800,储物锁柜,米色,8*1*1,8,DR12F,约翰,收货,上架
SPAl24HeBl,黑色 品牌20 24 触控笔（六角形）,触控笔,品牌20,24,六角形,黑色,48*10*5,2400,DO89H,克里斯,收货,上架
SPRe12HePi,粉色 品牌22 12 触控笔（六角形）,触控笔,品牌22,12,六角形,粉色,48*10*5,2400,CY23G,莎拉,收货,上架
TVYn75FHBl,黑色 品牌15 75英寸 电视机（全高清）,电视机,品牌15,75英寸,全高清,黑色,8*1*1,8,AV63C,迈克,收货,上架
MoSu35ErWh,白色 品牌11 350 鼠标（人体工学）,鼠标,品牌11,350,人体工学,白色,16*10*1,160,CQ21G,简,收货,上架
DrQE90FiBe,米色 品牌01 900 抽屉柜（文件收纳）,抽屉柜,品牌01,900,文件收纳,米色,8*1*1,8,CM71A,迈克,收货,上架
TVGn50FHSi,银色 品牌30 50英寸 电视机（全高清）,电视机,品牌30,50英寸,全高清,银色,8*1*1,8,AW88H,大卫,收货,上架
CaRG90LoBe,米色 品牌03 900 文件柜（储物锁柜）,文件柜,品牌03,900,储物锁柜,米色,8*1*1,8,DZ32B,简,收货,上架
AlPH178GGr,灰色 品牌12 17英寸 一体机（8吉字节内存）,一体机,品牌12,17英寸,8吉字节内存,灰色,16*1*1,16,AS09F,亚历克斯,收货,上架
PrSoA4AlMi,混合色 品牌25 四号纸 打印机（一体式）,打印机,品牌25,四号纸,一体式,混合色,16*1*1,16,CQ28H,简,收货,上架
CuRG18LoWh,白色 品牌03 1800 储物柜（储物锁柜）,储物柜,品牌03,1800,储物锁柜,白色,8*1*1,8,AZ45A,亚历克斯,收货,上架
SPNa50WaBl,黑色 品牌23 50 触控笔（水彩）,触控笔,品牌23,50,水彩,黑色,48*10*5,2400,CY39A,莎拉,收货,上架
CaQE90SlBl,黑色 品牌01 900 文件柜（滑动式）,文件柜,品牌01,900,滑动式,黑色,8*1*1,8,BH71B,莎拉,收货,上架
LaSu17i5Si,银色 品牌11 17英寸 笔记本电脑（第5代处理器）,笔记本电脑,品牌11,17英寸,第5代处理器,银色,16*1*1,16,DV25G,大卫,收货,上架
OfAESLePi,粉色 品牌05 小号 办公椅（皮革）,办公椅,品牌05,小号,皮革,粉色,16*1*1,16,AF43G,克里斯,收货,上架
LaSu1732Bl,黑色 品牌11 17英寸 笔记本电脑（32吉字节内存）,笔记本电脑,品牌11,17英寸,32吉字节内存,黑色,16*1*1,16,CY20E,劳拉,收货,上架
CaTE12FiWh,白色 品牌04 1200 文件柜（文件收纳）,文件柜,品牌04,1200,文件收纳,白色,8*1*1,8,CO16D,迈克,收货,上架
NoExA5liSi,银色 品牌16 五号纸 笔记本（线条）,笔记本,品牌16,五号纸,线条,银色,48*10*5,2400,DP61A,艾米丽,收货,上架
AlRe14i5Bl,黑色 品牌14 14英寸 一体机（第5代处理器）,一体机,品牌14,14英寸,第5代处理器,黑色,16*1*1,16,CN98F,克里斯,收货,上架
CuRG90SlBl,黑色 品牌03 900 储物柜（滑动式）,储物柜,品牌03,900,滑动式,黑色,8*1*1,8,BU93H,劳拉,收货,上架
OfOGLHeGr,灰色 品牌07 大号 办公椅（头枕）,办公椅,品牌07,大号,头枕,灰色,16*1*1,16,AI81A,大卫,收货,上架
TVGL50SFBl,黑色 品牌31 50英寸 电视机（超级全高清）,电视机,品牌31,50英寸,超级全高清,黑色,8*1*1,8,CH34F,大卫,收货,上架
GaSESErBl,黑色 品牌08 小号 游戏椅（人体工学）,游戏椅,品牌08,小号,人体工学,黑色,16*1*1,16,DS29A,劳拉,收货,上架
LaRe14i7Wh,白色 品牌14 14英寸 笔记本电脑（第7代处理器）,笔记本电脑,品牌14,14英寸,第7代处理器,白色,16*1*1,16,CP63F,艾米丽,收货,上架
LaRe1416Gr,灰色 品牌14 14英寸 笔记本电脑（16吉字节内存）,笔记本电脑,品牌14,14英寸,16吉字节内存,灰色,16*1*1,16,AZ86A,大卫,收货,上架
CuRG12FiWh,白色 品牌03 1200 储物柜（文件收纳）,储物柜,品牌03,1200,文件收纳,白色,8*1*1,8,CZ10H,克里斯,收货,上架
OfSELHePi,粉色 品牌08 大号 办公椅（头枕）,办公椅,品牌08,大号,头枕,粉色,16*1*1,16,DL95G,克里斯,收货,上架
TVGL42S4Gr,灰色 品牌31 42英寸 电视机（超级超高清）,电视机,品牌31,42英寸,超级超高清,灰色,8*1*1,8,CW12F,亚历克斯,收货,上架
TVYn50S4Bl,黑色 品牌15 50英寸 电视机（超级超高清）,电视机,品牌15,50英寸,超级超高清,黑色,8*1*1,8,BV58B,莎拉,收货,上架
AlPH1432Si,银色 品牌12 14英寸 一体机（32吉字节内存）,一体机,品牌12,14英寸,32吉字节内存,银色,16*1*1,16,BF13B,克里斯,收货,上架
CuWE18LoBe,米色 品牌02 1800 储物柜（储物锁柜）,储物柜,品牌02,1800,储物锁柜,米色,8*1*1,8,AO95E,简,收货,上架
GaXESAdWh,白色 品牌06 小号 游戏椅（可调节）,游戏椅,品牌06,小号,可调节,白色,16*1*1,16,DP03B,莎拉,收货,上架
MoRe35MePi,粉色 品牌10 350 鼠标（机械式）,鼠标,品牌10,350,机械式,粉色,16*10*1,160,AK61B,约翰,收货,上架
CuTE90LoBl,黑色 品牌04 900 储物柜（储物锁柜）,储物柜,品牌04,900,储物锁柜,黑色,8*1*1,8,CR31D,简,收货,上架
AlYn1416Si,银色 品牌15 14英寸 一体机（16吉字节内存）,一体机,品牌15,14英寸,16吉字节内存,银色,16*1*1,16,BI27A,亚历克斯,收货,上架
TVEs42FHBl,黑色 品牌32 42英寸 电视机（全高清）,电视机,品牌32,42英寸,全高清,黑色,8*1*1,8,DH60A,克里斯,收货,上架
LaYn1432Bl,黑色 品牌15 14英寸 笔记本电脑（32吉字节内存）,笔记本电脑,品牌15,14英寸,32吉字节内存,黑色,16*1*1,16,BR90A,迈克,收货,上架
CaWE90SlBe,米色 品牌02 900 文件柜（滑动式）,文件柜,品牌02,900,滑动式,米色,8*1*1,8,BU58H,艾米丽,收货,上架
LaSu148GWh,白色 品牌11 14英寸 笔记本电脑（8吉字节内存）,笔记本电脑,品牌11,14英寸,8吉字节内存,白色,16*1*1,16,BS25C,劳拉,收货,上架
PeRe12SoWh,白色 品牌22 12 铅笔（可溶性）,铅笔,品牌22,12,可溶性,白色,48*10*5,2400,AQ17F,艾米,收货,上架
LaPH17i7Si,银色 品牌12 17英寸 笔记本电脑（第7代处理器）,笔记本电脑,品牌12,17英寸,第7代处理器,银色,16*1*1,16,CS63H,迈克,收货,上架
NoGrA5ruBl,黑色 品牌18 五号纸 笔记本（横线）,笔记本,品牌18,五号纸,横线,黑色,48*10*5,2400,BL09F,约翰,收货,上架
CuTE18SlGr,灰色 品牌04 1800 储物柜（滑动式）,储物柜,品牌04,1800,滑动式,灰色,8*1*1,8,AP03E,劳拉,收货,上架
CaRG12LoWh,白色 品牌03 1200 文件柜（储物锁柜）,文件柜,品牌03,1200,储物锁柜,白色,8*1*1,8,CZ92E,莎拉,收货,上架
AlPH148GWh,白色 品牌12 14英寸 一体机（8吉字节内存）,一体机,品牌12,14英寸,8吉字节内存,白色,16*1*1,16,BY34F,克里斯,收货,上架
LaOv17i7Si,银色 品牌13 17英寸 笔记本电脑（第7代处理器）,笔记本电脑,品牌13,17英寸,第7代处理器,银色,16*1*1,16,CX97E,约翰,收货,上架
NoGrA3ruSi,银色 品牌18 三号纸 笔记本（横线）,笔记本,品牌18,三号纸,横线,银色,48*10*5,2400,DT38C,亚历克斯,收货,上架
NoMuA5doGr,灰色 品牌19 五号纸 笔记本（点阵）,笔记本,品牌19,五号纸,点阵,灰色,48*10*5,2400,BJ22G,亚历克斯,收货,上架
GaXESLeBl,黑色 品牌06 小号 游戏椅（皮革）,游戏椅,品牌06,小号,皮革,黑色,16*1*1,16,AZ27B,艾米,收货,上架
PrNoA3InMi,混合色 品牌26 三号纸 打印机（喷墨）,打印机,品牌26,三号纸,喷墨,混合色,16*1*1,16,DP41D,大卫,收货,上架
OfSESLePi,粉色 品牌08 小号 办公椅（皮革）,办公椅,品牌08,小号,皮革,粉色,16*1*1,16,BL60F,劳拉,收货,上架
CaRG18FiWh,白色 品牌03 1800 文件柜（文件收纳）,文件柜,品牌03,1800,文件收纳,白色,8*1*1,8,DF15B,简,收货,上架
AlYn1716Gr,灰色 品牌15 17英寸 一体机（16吉字节内存）,一体机,品牌15,17英寸,16吉字节内存,灰色,16*1*1,16,DP93E,克里斯,收货,上架
LaSu1416Si,银色 品牌11 14英寸 笔记本电脑（16吉字节内存）,笔记本电脑,品牌11,14英寸,16吉字节内存,银色,16*1*1,16,AY93A,迈克,收货,上架
TaTR10WoGr,灰色 品牌28 1000 桌子（工作站）,桌子,品牌28,1000,工作站,灰色,8*1*1,8,CP84A,简,收货,上架
TVGL50SFGr,灰色 品牌31 50英寸 电视机（超级全高清）,电视机,品牌31,50英寸,超级全高清,灰色,8*1*1,8,CI07D,艾米丽,收货,上架
PrSoA4InBl,黑色 品牌25 四号纸 打印机（喷墨）,打印机,品牌25,四号纸,喷墨,黑色,16*1*1,16,CS18F,迈克,收货,上架
KeSu35WiWh,白色 品牌11 350 键盘（有线）,键盘,品牌11,350,有线,白色,16*10*1,160,CM12G,克里斯,收货,上架
PeNa50WaPi,粉色 品牌23 50 铅笔（水彩）,铅笔,品牌23,50,水彩,粉色,48*10*5,2400,BJ72G,莎拉,收货,上架
OfAEMErBl,黑色 品牌05 中号 办公椅（人体工学）,办公椅,品牌05,中号,人体工学,黑色,16*1*1,16,CG29G,迈克,收货,上架
AlPH17i7Gr,灰色 品牌12 17英寸 一体机（第7代处理器）,一体机,品牌12,17英寸,第7代处理器,灰色,16*1*1,16,AJ77G,约翰,收货,上架
TVGL424KSi,银色 品牌31 42英寸 电视机（超高清）,电视机,品牌31,42英寸,超高清,银色,8*1*1,8,AL10D,亚历克斯,收货,上架
CaQE18LoBl,黑色 品牌01 1800 文件柜（储物锁柜）,文件柜,品牌01,1800,储物锁柜,黑色,8*1*1,8,AJ56F,艾米丽,收货,上架
DrQE18FiGr,灰色 品牌01 1800 抽屉柜（文件收纳）,抽屉柜,品牌01,1800,文件收纳,灰色,8*1*1,8,BW48C,亚历克斯,收货,上架
TVGn324KSi,银色 品牌30 32英寸 电视机（超高清）,电视机,品牌30,32英寸,超高清,银色,8*1*1,8,DH97C,亚历克斯,收货,上架
LaOv158GBl,黑色 品牌13 15英寸 笔记本电脑（8吉字节内存）,笔记本电脑,品牌13,15英寸,8吉字节内存,黑色,16*1*1,16,DI90G,克里斯,收货,上架
KeSu35ErBl,黑色 品牌11 350 键盘（人体工学）,键盘,品牌11,350,人体工学,黑色,16*10*1,160,CF94B,艾米,收货,上架
PrSoA4InMi,混合色 品牌25 四号纸 打印机（喷墨）,打印机,品牌25,四号纸,喷墨,混合色,16*1*1,16,AT58C,简,收货,上架
TVGL42S4Bl,黑色 品牌31 42英寸 电视机（超级超高清）,电视机,品牌31,42英寸,超级超高清,黑色,8*1*1,8,DQ90C,约翰,收货,上架
PrReA3InBl,黑色 品牌24 三号纸 打印机（喷墨）,打印机,品牌24,三号纸,喷墨,黑色,16*1*1,16,DR44G,劳拉,收货,上架
PeAl12HePi,粉色 品牌20 12 铅笔（六角形）,铅笔,品牌20,12,六角形,粉色,48*10*5,2400,BV51G,克里斯,收货,上架
KePH45BlBl,黑色 品牌12 450 键盘（蓝牙）,键盘,品牌12,450,蓝牙,黑色,16*10*1,160,DL44D,亚历克斯,收货,上架
CaTE12FiBe,米色 品牌04 1200 文件柜（文件收纳）,文件柜,品牌04,1200,文件收纳,米色,8*1*1,8,AI84D,艾米丽,收货,上架
DrRG12DoWh,白色 品牌03 1200 抽屉柜（带门式）,抽屉柜,品牌03,1200,带门式,白色,8*1*1,8,BI56A,艾米,收货,上架
KeSu35ErPi,粉色 品牌11 350 键盘（人体工学）,键盘,品牌11,350,人体工学,粉色,16*10*1,160,AY62A,劳拉,收货,上架
MoHc27BlWh,白色 品牌09 270 鼠标（蓝牙）,鼠标,品牌09,270,蓝牙,白色,16*10*1,160,CH18F,艾米,收货,上架
LaOv15i7Bl,黑色 品牌13 15英寸 笔记本电脑（第7代处理器）,笔记本电脑,品牌13,15英寸,第7代处理器,黑色,16*1*1,16,BR47H,克里斯,收货,上架
PeRe24HeWh,白色 品牌22 24 铅笔（六角形）,铅笔,品牌22,24,六角形,白色,48*10*5,2400,BR89E,莎拉,收货,上架
CaWE18SlGr,灰色 品牌02 1800 文件柜（滑动式）,文件柜,品牌02,1800,滑动式,灰色,8*1*1,8,CT87F,劳拉,收货,上架
TVYn32S4Bl,黑色 品牌15 32英寸 电视机（超级超高清）,电视机,品牌15,32英寸,超级超高清,黑色,8*1*1,8,AQ05F,艾米,收货,上架
LaYn17i7Bl,黑色 品牌15 17英寸 笔记本电脑（第7代处理器）,笔记本电脑,品牌15,17英寸,第7代处理器,黑色,16*1*1,16,BF86A,劳拉,收货,上架
TVYn654KWh,白色 品牌15 65英寸 电视机（超高清）,电视机,品牌15,65英寸,超高清,白色,8*1*1,8,CN52E,大卫,收货,上架
CaRG90SlWh,白色 品牌03 900 文件柜（滑动式）,文件柜,品牌03,900,滑动式,白色,8*1*1,8,BX68E,劳拉,收货,上架
SPRe12WaPi,粉色 品牌22 12 触控笔（水彩）,触控笔,品牌22,12,水彩,粉色,48*10*5,2400,DJ08C,简,收货,上架
DrQE90LoBl,黑色 品牌01 900 抽屉柜（储物锁柜）,抽屉柜,品牌01,900,储物锁柜,黑色,8*1*1,8,BU64C,艾米丽,收货,上架
CuRG18SlBl,黑色 品牌03 1800 储物柜（滑动式）,储物柜,品牌03,1800,滑动式,黑色,8*1*1,8,CV55G,劳拉,收货,上架
TVEs50FHSi,银色 品牌32 50英寸 电视机（全高清）,电视机,品牌32,50英寸,全高清,银色,8*1*1,8,DY85A,迈克,收货,上架
TVGn75S4Wh,白色 品牌30 75英寸 电视机（超级超高清）,电视机,品牌30,75英寸,超级超高清,白色,8*1*1,8,AN37G,亚历克斯,收货,上架
PrReA3InBl,黑色 品牌24 三号纸 打印机（喷墨）,打印机,品牌24,三号纸,喷墨,黑色,16*1*1,16,AW81D,迈克,收货,上架
PrPHA4LaWh,白色 品牌12 四号纸 打印机（激光）,打印机,品牌12,四号纸,激光,白色,16*1*1,16,BO56D,艾米,收货,上架
AlOv14i5Wh,白色 品牌13 14英寸 一体机（第5代处理器）,一体机,品牌13,14英寸,第5代处理器,白色,16*1*1,16,AT74D,克里斯,收货,上架
PrNoA4InBl,黑色 品牌26 四号纸 打印机（喷墨）,打印机,品牌26,四号纸,喷墨,黑色,16*1*1,16,BR27E,艾米丽,收货,上架
PrNoA2WiWh,白色 品牌26 二号纸 打印机（无线网络）,打印机,品牌26,二号纸,无线网络,白色,16*1*1,16,BS19G,艾米丽,收货,上架
TVEs32SFSi,银色 品牌32 32英寸 电视机（超级全高清）,电视机,品牌32,32英寸,超级全高清,银色,8*1*1,8,CY63H,艾米,收货,上架
AlSu17i5Wh,白色 品牌11 17英寸 一体机（第5代处理器）,一体机,品牌11,17英寸,第5代处理器,白色,16*1*1,16,BO78H,艾米,收货,上架
LaYn1416Gr,灰色 品牌15 14英寸 笔记本电脑（16吉字节内存）,笔记本电脑,品牌15,14英寸,16吉字节内存,灰色,16*1*1,16,BL30C,约翰,收货,上架
TVYn75SFGr,灰色 品牌15 75英寸 电视机（超级全高清）,电视机,品牌15,75英寸,超级全高清,灰色,8*1*1,8,AH40H,约翰,收货,上架
AlOv1532Bl,黑色 品牌13 15英寸 一体机（32吉字节内存）,一体机,品牌13,15英寸,32吉字节内存,黑色,16*1*1,16,BV88E,劳拉,收货,上架
PrNoA4LaGr,灰色 品牌26 四号纸 打印机（激光）,打印机,品牌26,四号纸,激光,灰色,16*1*1,16,AK63A,克里斯,收货,上架
SPGi24SoBl,黑色 品牌21 24 触控笔（可溶性）,触控笔,品牌21,24,可溶性,黑色,48*10*5,2400,AK92C,迈克,收货,上架
KeSu35BlNa,藏青色 品牌11 350 键盘（蓝牙）,键盘,品牌11,350,蓝牙,藏青色,16*10*1,160,DX38E,克里斯,收货,上架
TaAE10FrGr,灰色 品牌05 1000 桌子（框架式）,桌子,品牌05,1000,框架式,灰色,8*1*1,8,BG87C,亚历克斯,收货,上架
MoSu45WiBl,黑色 品牌11 450 鼠标（有线）,鼠标,品牌11,450,有线,黑色,16*10*1,160,BJ93A,简,收货,上架
CuRG18SlBe,米色 品牌03 1800 储物柜（滑动式）,储物柜,品牌03,1800,滑动式,米色,8*1*1,8,DQ48H,劳拉,收货,上架
PeGi50HeGr,灰色 品牌21 50 铅笔（六角形）,铅笔,品牌21,50,六角形,灰色,48*10*5,2400,DZ77B,约翰,收货,上架
PrSoA4MoWh,白色 品牌25 四号纸 打印机（黑白）,打印机,品牌25,四号纸,黑白,白色,16*1*1,16,AL19E,莎拉,收货,上架
LaRe148GBl,黑色 品牌14 14英寸 笔记本电脑（8吉字节内存）,笔记本电脑,品牌14,14英寸,8吉字节内存,黑色,16*1*1,16,DZ39F,莎拉,收货,上架
AlPH1516Wh,白色 品牌12 15英寸 一体机（16吉字节内存）,一体机,品牌12,15英寸,16吉字节内存,白色,16*1*1,16,AP25H,艾米,收货,上架
NoExA4doWh,白色 品牌16 四号纸 笔记本（点阵）,笔记本,品牌16,四号纸,点阵,白色,48*10*5,2400,DZ36H,迈克,收货,上架
OfSELHeWh,白色 品牌08 大号 办公椅（头枕）,办公椅,品牌08,大号,头枕,白色,16*1*1,16,AY27G,大卫,收货,上架
PrNoA4LaWh,白色 品牌26 四号纸 打印机（激光）,打印机,品牌26,四号纸,激光,白色,16*1*1,16,DJ59H,艾米丽,收货,上架
MoRe45WiWh,白色 品牌10 450 鼠标（有线）,鼠标,品牌10,450,有线,白色,16*10*1,160,DK62G,简,收货,上架
PeRe12SoBl,黑色 品牌22 12 铅笔（可溶性）,铅笔,品牌22,12,可溶性,黑色,48*10*5,2400,DQ90B,迈克,收货,上架
AlPH1516Wh,白色 品牌12 15英寸 一体机（16吉字节内存）,一体机,品牌12,15英寸,16吉字节内存,白色,16*1*1,16,AK89A,大卫,收货,上架
TVYn32FHGr,灰色 品牌15 32英寸 电视机（全高清）,电视机,品牌15,32英寸,全高清,灰色,8*1*1,8,BW34C,简,收货,上架
LaYn15i5Si,银色 品牌15 15英寸 笔记本电脑（第5代处理器）,笔记本电脑,品牌15,15英寸,第5代处理器,银色,16*1*1,16,AF17C,莎拉,收货,上架
OfAELLeGr,灰色 品牌05 大号 办公椅（皮革）,办公椅,品牌05,大号,皮革,灰色,16*1*1,16,BV05C,艾米丽,收货,上架
GaSELHePi,粉色 品牌08 大号 游戏椅（头枕）,游戏椅,品牌08,大号,头枕,粉色,16*1*1,16,CV93E,劳拉,收货,上架
OfSEMAdBl,黑色 品牌08 中号 办公椅（可调节）,办公椅,品牌08,中号,可调节,黑色,16*1*1,16,AK38H,劳拉,收货,上架
MoHc27ErWh,白色 品牌09 270 鼠标（人体工学）,鼠标,品牌09,270,人体工学,白色,16*10*1,160,CY85C,约翰,收货,上架
SPAl12WaGr,灰色 品牌20 12 触控笔（水彩）,触控笔,品牌20,12,水彩,灰色,48*10*5,2400,CK57C,克里斯,收货,上架
DrRG12SlBe,米色 品牌03 1200 抽屉柜（滑动式）,抽屉柜,品牌03,1200,滑动式,米色,8*1*1,8,CZ12G,大卫,收货,上架
LaSu17i5Gr,灰色 品牌11 17英寸 笔记本电脑（第5代处理器）,笔记本电脑,品牌11,17英寸,第5代处理器,灰色,16*1*1,16,CT08H,约翰,收货,上架
SPGi24HeGr,灰色 品牌21 24 触控笔（六角形）,触控笔,品牌21,24,六角形,灰色,48*10*5,2400,DU70C,亚历克斯,收货,上架
TaTR18WoGr,灰色 品牌29 1800 桌子（工作站）,桌子,品牌29,1800,工作站,灰色,8*1*1,8,AY80B,劳拉,收货,上架
DrRG12FiGr,灰色 品牌03 1200 抽屉柜（文件收纳）,抽屉柜,品牌03,1200,文件收纳,灰色,8*1*1,8,AI11F,迈克,收货,上架
MoPH35ErBl,黑色 品牌12 350 鼠标（人体工学）,鼠标,品牌12,350,人体工学,黑色,16*10*1,160,BO42F,克里斯,收货,上架
KeRe35WiPi,粉色 品牌10 350 键盘（有线）,键盘,品牌10,350,有线,粉色,16*10*1,160,CZ72H,克里斯,收货,上架
OfXESHeWh,白色 品牌06 小号 办公椅（头枕）,办公椅,品牌06,小号,头枕,白色,16*1*1,16,CZ62C,大卫,收货,上架
LaSu1532Si,银色 品牌11 15英寸 笔记本电脑（32吉字节内存）,笔记本电脑,品牌11,15英寸,32吉字节内存,银色,16*1*1,16,BL98G,迈克,收货,上架
PeGi24SoWh,白色 品牌21 24 铅笔（可溶性）,铅笔,品牌21,24,可溶性,白色,48*10*5,2400,CU07H,约翰,收货,上架
AlPH14i5Gr,灰色 品牌12 14英寸 一体机（第5代处理器）,一体机,品牌12,14英寸,第5代处理器,灰色,16*1*1,16,CJ84C,约翰,收货,上架
KePH35ErWh,白色 品牌12 350 键盘（人体工学）,键盘,品牌12,350,人体工学,白色,16*10*1,160,DU27E,劳拉,收货,上架
AlOv17i7Gr,灰色 品牌13 17英寸 一体机（第7代处理器）,一体机,品牌13,17英寸,第7代处理器,灰色,16*1*1,16,DX54G,简,收货,上架
CuQE18LoGr,灰色 品牌01 1800 储物柜（储物锁柜）,储物柜,品牌01,1800,储物锁柜,灰色,8*1*1,8,BP22D,迈克,收货,上架
LaOv1516Wh,白色 品牌13 15英寸 笔记本电脑（16吉字节内存）,笔记本电脑,品牌13,15英寸,16吉字节内存,白色,16*1*1,16,CF59D,大卫,收货,上架
LaPH15i5Si,银色 品牌12 15英寸 笔记本电脑（第5代处理器）,笔记本电脑,品牌12,15英寸,第5代处理器,银色,16*1*1,16,DJ95D,迈克,收货,上架
OfOGSHeWh,白色 品牌07 小号 办公椅（头枕）,办公椅,品牌07,小号,头枕,白色,16*1*1,16,BZ09B,莎拉,收货,上架
MoSu27ErBl,黑色 品牌11 270 鼠标（人体工学）,鼠标,品牌11,270,人体工学,黑色,16*10*1,160,BN69H,约翰,收货,上架
MoHc35WiWh,白色 品牌09 350 鼠标（有线）,鼠标,品牌09,350,有线,白色,16*10*1,160,BX15B,迈克,收货,上架
TaTR18AdSi,银色 品牌29 1800 桌子（可调节）,桌子,品牌29,1800,可调节,银色,8*1*1,8,DI82B,劳拉,收货,上架
NoGrA4doWh,白色 品牌18 四号纸 笔记本（点阵）,笔记本,品牌18,四号纸,点阵,白色,48*10*5,2400,DX54D,大卫,收货,上架
GaOGSAdPi,粉色 品牌07 小号 游戏椅（可调节）,游戏椅,品牌07,小号,可调节,粉色,16*1*1,16,BT40F,劳拉,收货,上架
LaSu1416Bl,黑色 品牌11 14英寸 笔记本电脑（16吉字节内存）,笔记本电脑,品牌11,14英寸,16吉字节内存,黑色,16*1*1,16,AF76C,艾米丽,收货,上架
TaAE18FrBl,黑色 品牌05 1800 桌子（框架式）,桌子,品牌05,1800,框架式,黑色,8*1*1,8,CS96B,莎拉,收货,上架
LaRe158GSi,银色 品牌14 15英寸 笔记本电脑（8吉字节内存）,笔记本电脑,品牌14,15英寸,8吉字节内存,银色,16*1*1,16,DL89H,莎拉,收货,上架
SPAl50WaGr,灰色 品牌20 50 触控笔（水彩）,触控笔,品牌20,50,水彩,灰色,48*10*5,2400,DT79H,简,收货,上架
KeRe27WiPi,粉色 品牌10 270 键盘（有线）,键盘,品牌10,270,有线,粉色,16*10*1,160,DI47D,约翰,收货,上架
AlOv17i7Bl,黑色 品牌13 17英寸 一体机（第7代处理器）,一体机,品牌13,17英寸,第7代处理器,黑色,16*1*1,16,BP46A,简,收货,上架
TVGn324KGr,灰色 品牌30 32英寸 电视机（超高清）,电视机,品牌30,32英寸,超高清,灰色,8*1*1,8,DW29G,劳拉,收货,上架
OfXEMLeGr,灰色 品牌06 中号 办公椅（皮革）,办公椅,品牌06,中号,皮革,灰色,16*1*1,16,DT58H,亚历克斯,收货,上架
TVGn65SFWh,白色 品牌30 65英寸 电视机（超级全高清）,电视机,品牌30,65英寸,超级全高清,白色,8*1*1,8,AU10D,劳拉,收货,上架
CuTE90SlGr,灰色 品牌04 900 储物柜（滑动式）,储物柜,品牌04,900,滑动式,灰色,8*1*1,8,BW59D,简,收货,上架
OfXEMErGr,灰色 品牌06 中号 办公椅（人体工学）,办公椅,品牌06,中号,人体工学,灰色,16*1*1,16,CQ28F,简,收货,上架
TaAE15AuSi,银色 品牌05 1500 桌子（自动调节）,桌子,品牌05,1500,自动调节,银色,8*1*1,8,CV49B,亚历克斯,收货,上架
CuQE90FiBe,米色 品牌01 900 储物柜（文件收纳）,储物柜,品牌01,900,文件收纳,米色,8*1*1,8,AL63B,迈克,收货,上架
OfXELLeWh,白色 品牌06 大号 办公椅（皮革）,办公椅,品牌06,大号,皮革,白色,16*1*1,16,BN51B,克里斯,收货,上架
CuTE12DoBe,米色 品牌04 1200 储物柜（带门式）,储物柜,品牌04,1200,带门式,米色,8*1*1,8,CI39E,简,收货,上架
LaPH15i7Bl,黑色 品牌12 15英寸 笔记本电脑（第7代处理器）,笔记本电脑,品牌12,15英寸,第7代处理器,黑色,16*1*1,16,DQ43A,艾米丽,收货,上架
PrSoA4InGr,灰色 品牌25 四号纸 打印机（喷墨）,打印机,品牌25,四号纸,喷墨,灰色,16*1*1,16,CV28C,迈克,收货,上架
GaXELErWh,白色 品牌06 大号 游戏椅（人体工学）,游戏椅,品牌06,大号,人体工学,白色,16*1*1,16,CW17G,约翰,收货,上架
CaWE12DoGr,灰色 品牌02 1200 文件柜（带门式）,文件柜,品牌02,1200,带门式,灰色,8*1*1,8,CG36H,大卫,收货,上架
AlYn148GWh,白色 品牌15 14英寸 一体机（8吉字节内存）,一体机,品牌15,14英寸,8吉字节内存,白色,16*1*1,16,DK84B,大卫,收货,上架
LaOv148GWh,白色 品牌13 14英寸 笔记本电脑（8吉字节内存）,笔记本电脑,品牌13,14英寸,8吉字节内存,白色,16*1*1,16,DY25G,艾米丽,收货,上架
AlSu17i5Si,银色 品牌11 17英寸 一体机（第5代处理器）,一体机,品牌11,17英寸,第5代处理器,银色,16*1*1,16,BQ36H,亚历克斯,收货,上架
TVYn504KSi,银色 品牌15 50英寸 电视机（超高清）,电视机,品牌15,50英寸,超高清,银色,8*1*1,8,BL91D,简,收货,上架
LaSu14i7Wh,白色 品牌11 14英寸 笔记本电脑（第7代处理器）,笔记本电脑,品牌11,14英寸,第7代处理器,白色,16*1*1,16,AT25H,亚历克斯,收货,上架
KeHc45WiPi,粉色 品牌09 450 键盘（有线）,键盘,品牌09,450,有线,粉色,16*10*1,160,CX26H,劳拉,收货,上架
LaRe14i7Gr,灰色 品牌14 14英寸 笔记本电脑（第7代处理器）,笔记本电脑,品牌14,14英寸,第7代处理器,灰色,16*1*1,16,BT60C,克里斯,收货,上架
CaQE18DoBe,米色 品牌01 1800 文件柜（带门式）,文件柜,品牌01,1800,带门式,米色,8*1*1,8,BQ54D,大卫,收货,上架
AlYn14i7Bl,黑色 品牌15 14英寸 一体机（第7代处理器）,一体机,品牌15,14英寸,第7代处理器,黑色,16*1*1,16,AP60C,迈克,收货,上架
SPRe24WaGr,灰色 品牌22 24 触控笔（水彩）,触控笔,品牌22,24,水彩,灰色,48*10*5,2400,DU97A,艾米丽,收货,上架
OfXESAdBl,黑色 品牌06 小号 办公椅（可调节）,办公椅,品牌06,小号,可调节,黑色,16*1*1,16,BU77A,亚历克斯,收货,上架
AlPH1732Wh,白色 品牌12 17英寸 一体机（32吉字节内存）,一体机,品牌12,17英寸,32吉字节内存,白色,16*1*1,16,AN04G,约翰,收货,上架
SPNa12HeBl,黑色 品牌23 12 触控笔（六角形）,触控笔,品牌23,12,六角形,黑色,48*10*5,2400,AI16D,克里斯,收货,上架
LaOv148GSi,银色 品牌13 14英寸 笔记本电脑（8吉字节内存）,笔记本电脑,品牌13,14英寸,8吉字节内存,银色,16*1*1,16,CH48D,迈克,收货,上架
CuTE12FiWh,白色 品牌04 1200 储物柜（文件收纳）,储物柜,品牌04,1200,文件收纳,白色,8*1*1,8,BL92A,简,收货,上架
KeSu45ErWh,白色 品牌11 450 键盘（人体工学）,键盘,品牌11,450,人体工学,白色,16*10*1,160,DZ39A,大卫,收货,上架
PeNa24HeWh,白色 品牌23 24 铅笔（六角形）,铅笔,品牌23,24,六角形,白色,48*10*5,2400,BR16E,莎拉,收货,上架
TaCI18AuWh,白色 品牌27 1800 桌子（自动调节）,桌子,品牌27,1800,自动调节,白色,8*1*1,8,AZ41A,劳拉,收货,上架
PrSoA4WiGr,灰色 品牌25 四号纸 打印机（无线网络）,打印机,品牌25,四号纸,无线网络,灰色,16*1*1,16,DI57C,艾米丽,收货,上架
PrReA2WiMi,混合色 品牌24 二号纸 打印机（无线网络）,打印机,品牌24,二号纸,无线网络,混合色,16*1*1,16,BH06F,克里斯,收货,上架
TVGL65S4Wh,白色 品牌31 65英寸 电视机（超级超高清）,电视机,品牌31,65英寸,超级超高清,白色,8*1*1,8,CK77A,劳拉,收货,上架
SPRe24HeBl,黑色 品牌22 24 触控笔（六角形）,触控笔,品牌22,24,六角形,黑色,48*10*5,2400,AJ07C,劳拉,收货,上架
TaTR15FrBl,黑色 品牌29 1500 桌子（框架式）,桌子,品牌29,1500,框架式,黑色,8*1*1,8,AK75C,约翰,收货,上架
GaSEMHeBl,黑色 品牌08 中号 游戏椅（头枕）,游戏椅,品牌08,中号,头枕,黑色,16*1*1,16,BO90G,艾米丽,收货,上架
MoRe35ErWh,白色 品牌10 350 鼠标（人体工学）,鼠标,品牌10,350,人体工学,白色,16*10*1,160,BV18C,莎拉,收货,上架
NoMuA5doGr,灰色 品牌19 五号纸 笔记本（点阵）,笔记本,品牌19,五号纸,点阵,灰色,48*10*5,2400,DM26E,约翰,收货,上架
TVEs75SFSi,银色 品牌32 75英寸 电视机（超级全高清）,电视机,品牌32,75英寸,超级全高清,银色,8*1*1,8,BO37G,劳拉,收货,上架
TaCI18AuSi,银色 品牌27 1800 桌子（自动调节）,桌子,品牌27,1800,自动调节,银色,8*1*1,8,BK16C,莎拉,收货,上架
GaSESErWh,白色 品牌08 小号 游戏椅（人体工学）,游戏椅,品牌08,小号,人体工学,白色,16*1*1,16,CG57H,劳拉,收货,上架
TVGn42FHGr,灰色 品牌30 42英寸 电视机（全高清）,电视机,品牌30,42英寸,全高清,灰色,8*1*1,8,DS66B,莎拉,收货,上架
TVYn32S4Bl,黑色 品牌15 32英寸 电视机（超级超高清）,电视机,品牌15,32英寸,超级超高清,黑色,8*1*1,8,BG86H,莎拉,收货,上架
CaTE12LoBe,米色 品牌04 1200 文件柜（储物锁柜）,文件柜,品牌04,1200,储物锁柜,米色,8*1*1,8,CT14E,莎拉,收货,上架
NoMuA3liBl,黑色 品牌19 三号纸 笔记本（线条）,笔记本,品牌19,三号纸,线条,黑色,48*10*5,2400,AY20A,克里斯,收货,上架
PrReA3WiMi,混合色 品牌24 三号纸 打印机（无线网络）,打印机,品牌24,三号纸,无线网络,混合色,16*1*1,16,DR62C,大卫,收货,上架
LaSu1716Bl,黑色 品牌11 17英寸 笔记本电脑（16吉字节内存）,笔记本电脑,品牌11,17英寸,16吉字节内存,黑色,16*1*1,16,DW37F,大卫,收货,上架
AlYn15i7Gr,灰色 品牌15 15英寸 一体机（第7代处理器）,一体机,品牌15,15英寸,第7代处理器,灰色,16*1*1,16,DU65H,简,收货,上架
AlYn158GWh,白色 品牌15 15英寸 一体机（8吉字节内存）,一体机,品牌15,15英寸,8吉字节内存,白色,16*1*1,16,AS45B,克里斯,收货,上架
DrRG18DoWh,白色 品牌03 1800 抽屉柜（带门式）,抽屉柜,品牌03,1800,带门式,白色,8*1*1,8,CH76E,艾米,收货,上架
NoScA4ruSi,银色 品牌17 四号纸 笔记本（横线）,笔记本,品牌17,四号纸,横线,银色,48*10*5,2400,CG44D,迈克,收货,上架
KeHc45MeNa,藏青色 品牌09 450 键盘（机械式）,键盘,品牌09,450,机械式,藏青色,16*10*1,160,CF14G,亚历克斯,收货,上架
LaOv1732Bl,黑色 品牌13 17英寸 笔记本电脑（32吉字节内存）,笔记本电脑,品牌13,17英寸,32吉字节内存,黑色,16*1*1,16,CO03E,大卫,收货,上架
OfSESAdBl,黑色 品牌08 小号 办公椅（可调节）,办公椅,品牌08,小号,可调节,黑色,16*1*1,16,DN57F,莎拉,收货,上架
LaYn1516Si,银色 品牌15 15英寸 笔记本电脑（16吉字节内存）,笔记本电脑,品牌15,15英寸,16吉字节内存,银色,16*1*1,16,CP85G,亚历克斯,收货,上架
SPGi24HeWh,白色 品牌21 24 触控笔（六角形）,触控笔,品牌21,24,六角形,白色,48*10*5,2400,CO71E,艾米,收货,上架
GaSEMAdGr,灰色 品牌08 中号 游戏椅（可调节）,游戏椅,品牌08,中号,可调节,灰色,16*1*1,16,CL30F,莎拉,收货,上架
SPNa12WaGr,灰色 品牌23 12 触控笔（水彩）,触控笔,品牌23,12,水彩,灰色,48*10*5,2400,CI81F,简,收货,上架
CaTE18FiBe,米色 品牌04 1800 文件柜（文件收纳）,文件柜,品牌04,1800,文件收纳,米色,8*1*1,8,CT92A,约翰,收货,上架
PeAl50SoGr,灰色 品牌20 50 铅笔（可溶性）,铅笔,品牌20,50,可溶性,灰色,48*10*5,2400,AL27H,艾米,收货,上架
PrNoA2AlBl,黑色 品牌26 二号纸 打印机（一体式）,打印机,品牌26,二号纸,一体式,黑色,16*1*1,16,DK71G,大卫,收货,上架
PrReA4WiGr,灰色 品牌24 四号纸 打印机（无线网络）,打印机,品牌24,四号纸,无线网络,灰色,16*1*1,16,AY46F,莎拉,收货,上架
GaOGMHeGr,灰色 品牌07 中号 游戏椅（头枕）,游戏椅,品牌07,中号,头枕,灰色,16*1*1,16,DN10H,亚历克斯,收货,上架
LaSu14i5Gr,灰色 品牌11 14英寸 笔记本电脑（第5代处理器）,笔记本电脑,品牌11,14英寸,第5代处理器,灰色,16*1*1,16,AK36H,劳拉,收货,上架
TaTR18AuGr,灰色 品牌29 1800 桌子（自动调节）,桌子,品牌29,1800,自动调节,灰色,8*1*1,8,CM16B,亚历克斯,收货,上架
TaAE18FrSi,银色 品牌05 1800 桌子（框架式）,桌子,品牌05,1800,框架式,银色,8*1*1,8,CN93D,简,收货,上架
PrNoA3MoMi,混合色 品牌26 三号纸 打印机（黑白）,打印机,品牌26,三号纸,黑白,混合色,16*1*1,16,DP73E,亚历克斯,收货,上架
PeAl50WaPi,粉色 品牌20 50 铅笔（水彩）,铅笔,品牌20,50,水彩,粉色,48*10*5,2400,AF57C,艾米,收货,上架
LaOv158GSi,银色 品牌13 15英寸 笔记本电脑（8吉字节内存）,笔记本电脑,品牌13,15英寸,8吉字节内存,银色,16*1*1,16,AT69C,亚历克斯,收货,上架
CuQE18LoBe,米色 品牌01 1800 储物柜（储物锁柜）,储物柜,品牌01,1800,储物锁柜,米色,8*1*1,8,AF95H,莎拉,收货,上架
NoMuA3ruWh,白色 品牌19 三号纸 笔记本（横线）,笔记本,品牌19,三号纸,横线,白色,48*10*5,2400,BS08E,艾米,收货,上架
PrPHA4InGr,灰色 品牌12 四号纸 打印机（喷墨）,打印机,品牌12,四号纸,喷墨,灰色,16*1*1,16,BN58B,劳拉,收货,上架
OfOGMHeBl,黑色 品牌07 中号 办公椅（头枕）,办公椅,品牌07,中号,头枕,黑色,16*1*1,16,DN03B,简,收货,上架
TaTR18AdGr,灰色 品牌28 1800 桌子（可调节）,桌子,品牌28,1800,可调节,灰色,8*1*1,8,BJ79H,亚历克斯,收货,上架
LaOv1532Si,银色 品牌13 15英寸 笔记本电脑（32吉字节内存）,笔记本电脑,品牌13,15英寸,32吉字节内存,银色,16*1*1,16,AT69E,迈克,收货,上架
TVEs424KWh,白色 品牌32 42英寸 电视机（超高清）,电视机,品牌32,42英寸,超高清,白色,8*1*1,8,AG30C,约翰,收货,上架
PeRe12WaGr,灰色 品牌22 12 铅笔（水彩）,铅笔,品牌22,12,水彩,灰色,48*10*5,2400,CL78F,劳拉,收货,上架
MoPH45WiPi,粉色 品牌12 450 鼠标（有线）,鼠标,品牌12,450,有线,粉色,16*10*1,160,DK87D,克里斯,收货,上架
DrTE12DoBl,黑色 品牌04 1200 抽屉柜（带门式）,抽屉柜,品牌04,1200,带门式,黑色,8*1*1,8,DM46D,莎拉,收货,上架
TaTR15FrBl,黑色 品牌29 1500 桌子（框架式）,桌子,品牌29,1500,框架式,黑色,8*1*1,8,AS44A,艾米,收货,上架
MoHc45WiNa,藏青色 品牌09 450 鼠标（有线）,鼠标,品牌09,450,有线,藏青色,16*10*1,160,DY08C,劳拉,收货,上架
LaRe15i5Wh,白色 品牌14 15英寸 笔记本电脑（第5代处理器）,笔记本电脑,品牌14,15英寸,第5代处理器,白色,16*1*1,16,CM61H,大卫,收货,上架
MoSu27ErBl,黑色 品牌11 270 鼠标（人体工学）,鼠标,品牌11,270,人体工学,黑色,16*10*1,160,BY64E,劳拉,收货,上架
CuTE18DoBe,米色 品牌04 1800 储物柜（带门式）,储物柜,品牌04,1800,带门式,米色,8*1*1,8,AI31C,莎拉,收货,上架
MoRe27WiNa,藏青色 品牌10 270 鼠标（有线）,鼠标,品牌10,270,有线,藏青色,16*10*1,160,DU89A,劳拉,收货,上架
GaSELHeWh,白色 品牌08 大号 游戏椅（头枕）,游戏椅,品牌08,大号,头枕,白色,16*1*1,16,CF76A,迈克,收货,上架
TaTR18FrWh,白色 品牌28 1800 桌子（框架式）,桌子,品牌28,1800,框架式,白色,8*1*1,8,CJ45E,迈克,收货,上架
TVGL50S4Wh,白色 品牌31 50英寸 电视机（超级超高清）,电视机,品牌31,50英寸,超级超高清,白色,8*1*1,8,CY06E,克里斯,收货,上架
CuQE90LoWh,白色 品牌01 900 储物柜（储物锁柜）,储物柜,品牌01,900,储物锁柜,白色,8*1*1,8,AV67H,约翰,收货,上架
CuTE90LoWh,白色 品牌04 900 储物柜（储物锁柜）,储物柜,品牌04,900,储物锁柜,白色,8*1*1,8,DK75B,莎拉,收货,上架
AlYn14i5Bl,黑色 品牌15 14英寸 一体机（第5代处理器）,一体机,品牌15,14英寸,第5代处理器,黑色,16*1*1,16,BU90C,克里斯,收货,上架
KeSu45WiBl,黑色 品牌11 450 键盘（有线）,键盘,品牌11,450,有线,黑色,16*10*1,160,DH48C,迈克,收货,上架
LaPH178GWh,白色 品牌12 17英寸 笔记本电脑（8吉字节内存）,笔记本电脑,品牌12,17英寸,8吉字节内存,白色,16*1*1,16,AM57A,简,收货,上架
OfSESAdBl,黑色 品牌08 小号 办公椅（可调节）,办公椅,品牌08,小号,可调节,黑色,16*1*1,16,AT15B,克里斯,收货,上架
TaTR10WoBl,黑色 品牌29 1000 桌子（工作站）,桌子,品牌29,1000,工作站,黑色,8*1*1,8,BS94E,劳拉,收货,上架
SPAl12HeGr,灰色 品牌20 12 触控笔（六角形）,触控笔,品牌20,12,六角形,灰色,48*10*5,2400,DR52C,克里斯,收货,上架
TVEs32SFSi,银色 品牌32 32英寸 电视机（超级全高清）,电视机,品牌32,32英寸,超级全高清,银色,8*1*1,8,CU10C,克里斯,收货,上架
TVEs75FHBl,黑色 品牌32 75英寸 电视机（全高清）,电视机,品牌32,75英寸,全高清,黑色,8*1*1,8,BS68A,莎拉,收货,上架
KeHc45WiBl,黑色 品牌09 450 键盘（有线）,键盘,品牌09,450,有线,黑色,16*10*1,160,BO87H,简,收货,上架
TVEs65FHSi,银色 品牌32 65英寸 电视机（全高清）,电视机,品牌32,65英寸,全高清,银色,8*1*1,8,DI82A,迈克,收货,上架
DrTE90FiBl,黑色 品牌04 900 抽屉柜（文件收纳）,抽屉柜,品牌04,900,文件收纳,黑色,8*1*1,8,BG20E,劳拉,收货,上架
AlSu17i5Gr,灰色 品牌11 17英寸 一体机（第5代处理器）,一体机,品牌11,17英寸,第5代处理器,灰色,16*1*1,16,DP12C,迈克,收货,上架
PrReA2InGr,灰色 品牌24 二号纸 打印机（喷墨）,打印机,品牌24,二号纸,喷墨,灰色,16*1*1,16,CJ04B,简,收货,上架
CaQE12SlGr,灰色 品牌01 1200 文件柜（滑动式）,文件柜,品牌01,1200,滑动式,灰色,8*1*1,8,BS97F,劳拉,收货,上架
PeRe50SoWh,白色 品牌22 50 铅笔（可溶性）,铅笔,品牌22,50,可溶性,白色,48*10*5,2400,BJ44D,简,收货,上架
PrSoA3InMi,混合色 品牌25 三号纸 打印机（喷墨）,打印机,品牌25,三号纸,喷墨,混合色,16*1*1,16,AW66F,大卫,收货,上架
DrQE12FiBe,米色 品牌01 1200 抽屉柜（文件收纳）,抽屉柜,品牌01,1200,文件收纳,米色,8*1*1,8,AN12D,克里斯,收货,上架
TVYn75S4Si,银色 品牌15 75英寸 电视机（超级超高清）,电视机,品牌15,75英寸,超级超高清,银色,8*1*1,8,CQ86A,艾米,收货,上架
CaRG90DoBe,米色 品牌03 900 文件柜（带门式）,文件柜,品牌03,900,带门式,米色,8*1*1,8,BR89D,艾米丽,收货,上架
OfSELHeBl,黑色 品牌08 大号 办公椅（头枕）,办公椅,品牌08,大号,头枕,黑色,16*1*1,16,AX44C,莎拉,收货,上架
CaWE18SlGr,灰色 品牌02 1800 文件柜（滑动式）,文件柜,品牌02,1800,滑动式,灰色,8*1*1,8,DL27G,约翰,收货,上架
AlOv14i5Bl,黑色 品牌13 14英寸 一体机（第5代处理器）,一体机,品牌13,14英寸,第5代处理器,黑色,16*1*1,16,DI35H,克里斯,收货,上架
CaWE12FiWh,白色 品牌02 1200 文件柜（文件收纳）,文件柜,品牌02,1200,文件收纳,白色,8*1*1,8,BV07H,约翰,收货,上架
TaAE10FrSi,银色 品牌05 1000 桌子（框架式）,桌子,品牌05,1000,框架式,银色,8*1*1,8,CL17H,亚历克斯,收货,上架
DrQE12FiBl,黑色 品牌01 1200 抽屉柜（文件收纳）,抽屉柜,品牌01,1200,文件收纳,黑色,8*1*1,8,BN72H,约翰,收货,上架
PeAl24WaPi,粉色 品牌20 24 铅笔（水彩）,铅笔,品牌20,24,水彩,粉色,48*10*5,2400,BS09B,约翰,收货,上架
TVEs32S4Wh,白色 品牌32 32英寸 电视机（超级超高清）,电视机,品牌32,32英寸,超级超高清,白色,8*1*1,8,DF05C,亚历克斯,收货,上架
TaTR15AuGr,灰色 品牌29 1500 桌子（自动调节）,桌子,品牌29,1500,自动调节,灰色,8*1*1,8,CV53B,简,收货,上架
TVGL32S4Bl,黑色 品牌31 32英寸 电视机（超级超高清）,电视机,品牌31,32英寸,超级超高清,黑色,8*1*1,8,AJ32E,大卫,收货,上架
GaSESAdGr,灰色 品牌08 小号 游戏椅（可调节）,游戏椅,品牌08,小号,可调节,灰色,16*1*1,16,BN57H,克里斯,收货,上架
LaSu15i7Si,银色 品牌11 15英寸 笔记本电脑（第7代处理器）,笔记本电脑,品牌11,15英寸,第7代处理器,银色,16*1*1,16,CX08H,克里斯,收货,上架
CuWE18FiWh,白色 品牌02 1800 储物柜（文件收纳）,储物柜,品牌02,1800,文件收纳,白色,8*1*1,8,DO16D,约翰,收货,上架
PrNoA4LaWh,白色 品牌26 四号纸 打印机（激光）,打印机,品牌26,四号纸,激光,白色,16*1*1,16,DO67H,简,收货,上架
TVGn75SFGr,灰色 品牌30 75英寸 电视机（超级全高清）,电视机,品牌30,75英寸,超级全高清,灰色,8*1*1,8,DG76E,简,收货,上架
DrTE18DoWh,白色 品牌04 1800 抽屉柜（带门式）,抽屉柜,品牌04,1800,带门式,白色,8*1*1,8,AX83F,艾米丽,收货,上架
MoHc45WiPi,粉色 品牌09 450 鼠标（有线）,鼠标,品牌09,450,有线,粉色,16*10*1,160,BF49H,莎拉,收货,上架
LaRe178GWh,白色 品牌14 17英寸 笔记本电脑（8吉字节内存）,笔记本电脑,品牌14,17英寸,8吉字节内存,白色,16*1*1,16,AQ65E,约翰,收货,上架
TVYn32FHGr,灰色 品牌15 32英寸 电视机（全高清）,电视机,品牌15,32英寸,全高清,灰色,8*1*1,8,BL68B,克里斯,收货,上架
AlRe15i5Gr,灰色 品牌14 15英寸 一体机（第5代处理器）,一体机,品牌14,15英寸,第5代处理器,灰色,16*1*1,16,BI19D,大卫,收货,上架
TaCI18FrWh,白色 品牌27 1800 桌子（框架式）,桌子,品牌27,1800,框架式,白色,8*1*1,8,AW90C,迈克,收货,上架
TVYn32FHGr,灰色 品牌15 32英寸 电视机（全高清）,电视机,品牌15,32英寸,全高清,灰色,8*1*1,8,DR22G,大卫,收货,上架
MoSu35MeNa,藏青色 品牌11 350 鼠标（机械式）,鼠标,品牌11,350,机械式,藏青色,16*10*1,160,CG94G,大卫,收货,上架
LaOv1732Wh,白色 品牌13 17英寸 笔记本电脑（32吉字节内存）,笔记本电脑,品牌13,17英寸,32吉字节内存,白色,16*1*1,16,AT45E,劳拉,收货,上架
TaCI15WoBl,黑色 品牌27 1500 桌子（工作站）,桌子,品牌27,1500,工作站,黑色,8*1*1,8,BI48E,克里斯,收货,上架
SPGi24WaWh,白色 品牌21 24 触控笔（水彩）,触控笔,品牌21,24,水彩,白色,48*10*5,2400,AW18A,约翰,收货,上架
GaSEMAdBl,黑色 品牌08 中号 游戏椅（可调节）,游戏椅,品牌08,中号,可调节,黑色,16*1*1,16,BH74B,约翰,收货,上架
TaCI10WoGr,灰色 品牌27 1000 桌子（工作站）,桌子,品牌27,1000,工作站,灰色,8*1*1,8,DW89E,克里斯,收货,上架
TVGn654KGr,灰色 品牌30 65英寸 电视机（超高清）,电视机,品牌30,65英寸,超高清,灰色,8*1*1,8,DG53C,约翰,收货,上架
DrQE12FiBl,黑色 品牌01 1200 抽屉柜（文件收纳）,抽屉柜,品牌01,1200,文件收纳,黑色,8*1*1,8,DM66G,迈克,收货,上架
AlRe14i7Wh,白色 品牌14 14英寸 一体机（第7代处理器）,一体机,品牌14,14英寸,第7代处理器,白色,16*1*1,16,CN79A,克里斯,收货,上架
PrSoA4AlWh,白色 品牌25 四号纸 打印机（一体式）,打印机,品牌25,四号纸,一体式,白色,16*1*1,16,CY85A,约翰,收货,上架
NoMuA5liWh,白色 品牌19 五号纸 笔记本（线条）,笔记本,品牌19,五号纸,线条,白色,48*10*5,2400,AW64D,艾米丽,收货,上架
NoExA4ruWh,白色 品牌16 四号纸 笔记本（横线）,笔记本,品牌16,四号纸,横线,白色,48*10*5,2400,DT30B,迈克,收货,上架
GaSEMErPi,粉色 品牌08 中号 游戏椅（人体工学）,游戏椅,品牌08,中号,人体工学,粉色,16*1*1,16,DM20A,迈克,收货,上架
TVEs42SFWh,白色 品牌32 42英寸 电视机（超级全高清）,电视机,品牌32,42英寸,超级全高清,白色,8*1*1,8,AU39C,简,收货,上架
GaAEMLeGr,灰色 品牌05 中号 游戏椅（皮革）,游戏椅,品牌05,中号,皮革,灰色,16*1*1,16,AJ69A,迈克,收货,上架
DrQE90FiBe,米色 品牌01 900 抽屉柜（文件收纳）,抽屉柜,品牌01,900,文件收纳,米色,8*1*1,8,CX41G,简,收货,上架
TVGL50S4Bl,黑色 品牌31 50英寸 电视机（超级超高清）,电视机,品牌31,50英寸,超级超高清,黑色,8*1*1,8,AM53F,克里斯,收货,上架
GaXESAdGr,灰色 品牌06 小号 游戏椅（可调节）,游戏椅,品牌06,小号,可调节,灰色,16*1*1,16,AV95A,劳拉,收货,上架
TVGn65SFSi,银色 品牌30 65英寸 电视机（超级全高清）,电视机,品牌30,65英寸,超级全高清,银色,8*1*1,8,BZ48B,艾米丽,收货,上架
TaTR15WoSi,银色 品牌29 1500 桌子（工作站）,桌子,品牌29,1500,工作站,银色,8*1*1,8,CS40G,莎拉,收货,上架
LaPH148GSi,银色 品牌12 14英寸 笔记本电脑（8吉字节内存）,笔记本电脑,品牌12,14英寸,8吉字节内存,银色,16*1*1,16,AS16G,亚历克斯,收货,上架
KeSu27ErPi,粉色 品牌11 270 键盘（人体工学）,键盘,品牌11,270,人体工学,粉色,16*10*1,160,DX33D,迈克,收货,上架
NoMuA3doWh,白色 品牌19 三号纸 笔记本（点阵）,笔记本,品牌19,三号纸,点阵,白色,48*10*5,2400,DV07G,简,收货,上架
PeGi24HePi,粉色 品牌21 24 铅笔（六角形）,铅笔,品牌21,24,六角形,粉色,48*10*5,2400,BG63D,莎拉,收货,上架
MoPH35MeNa,藏青色 品牌12 350 鼠标（机械式）,鼠标,品牌12,350,机械式,藏青色,16*10*1,160,CY44G,劳拉,收货,上架
KeRe35MeNa,藏青色 品牌10 350 键盘（机械式）,键盘,品牌10,350,机械式,藏青色,16*10*1,160,CH67H,大卫,收货,上架
AlOv178GWh,白色 品牌13 17英寸 一体机（8吉字节内存）,一体机,品牌13,17英寸,8吉字节内存,白色,16*1*1,16,BO56H,简,收货,上架
LaOv1416Wh,白色 品牌13 14英寸 笔记本电脑（16吉字节内存）,笔记本电脑,品牌13,14英寸,16吉字节内存,白色,16*1*1,16,CF65F,劳拉,收货,上架
PrReA4WiBl,黑色 品牌24 四号纸 打印机（无线网络）,打印机,品牌24,四号纸,无线网络,黑色,16*1*1,16,BU43D,大卫,收货,上架
TaTR18WoWh,白色 品牌28 1800 桌子（工作站）,桌子,品牌28,1800,工作站,白色,8*1*1,8,CF26F,简,收货,上架
LaYn1432Wh,白色 品牌15 14英寸 笔记本电脑（32吉字节内存）,笔记本电脑,品牌15,14英寸,32吉字节内存,白色,16*1*1,16,CI08E,约翰,收货,上架
TaCI15FrWh,白色 品牌27 1500 桌子（框架式）,桌子,品牌27,1500,框架式,白色,8*1*1,8,BU25F,简,收货,上架
TVEs75FHBl,黑色 品牌32 75英寸 电视机（全高清）,电视机,品牌32,75英寸,全高清,黑色,8*1*1,8,AS44D,劳拉,收货,上架
AlRe1416Bl,黑色 品牌14 14英寸 一体机（16吉字节内存）,一体机,品牌14,14英寸,16吉字节内存,黑色,16*1*1,16,AF85C,艾米,收货,上架
AlRe15i5Wh,白色 品牌14 15英寸 一体机（第5代处理器）,一体机,品牌14,15英寸,第5代处理器,白色,16*1*1,16,DJ40F,亚历克斯,收货,上架
TaAE10AdGr,灰色 品牌05 1000 桌子（可调节）,桌子,品牌05,1000,可调节,灰色,8*1*1,8,DJ62A,约翰,收货,上架
MoHc27MeWh,白色 品牌09 270 鼠标（机械式）,鼠标,品牌09,270,机械式,白色,16*10*1,160,DO86A,大卫,收货,上架
TVGn65SFSi,银色 品牌30 65英寸 电视机（超级全高清）,电视机,品牌30,65英寸,超级全高清,银色,8*1*1,8,CN38G,亚历克斯,收货,上架
PeGi50HeBl,黑色 品牌21 50 铅笔（六角形）,铅笔,品牌21,50,六角形,黑色,48*10*5,2400,AV66H,大卫,收货,上架
AlPH14i7Si,银色 品牌12 14英寸 一体机（第7代处理器）,一体机,品牌12,14英寸,第7代处理器,银色,16*1*1,16,DM87D,莎拉,收货,上架
GaXEMHePi,粉色 品牌06 中号 游戏椅（头枕）,游戏椅,品牌06,中号,头枕,粉色,16*1*1,16,DH79C,克里斯,收货,上架
GaXEMErBl,黑色 品牌06 中号 游戏椅（人体工学）,游戏椅,品牌06,中号,人体工学,黑色,16*1*1,16,DI20F,大卫,收货,上架
GaAEMAdWh,白色 品牌05 中号 游戏椅（可调节）,游戏椅,品牌05,中号,可调节,白色,16*1*1,16,CN76B,克里斯,收货,上架
TaTR10FrGr,灰色 品牌28 1000 桌子（框架式）,桌子,品牌28,1000,框架式,灰色,8*1*1,8,DY57A,约翰,收货,上架
CuRG90FiGr,灰色 品牌03 900 储物柜（文件收纳）,储物柜,品牌03,900,文件收纳,灰色,8*1*1,8,AY43G,大卫,收货,上架
CaTE12SlBl,黑色 品牌04 1200 文件柜（滑动式）,文件柜,品牌04,1200,滑动式,黑色,8*1*1,8,AI22H,大卫,收货,上架
AlSu14i5Wh,白色 品牌11 14英寸 一体机（第5代处理器）,一体机,品牌11,14英寸,第5代处理器,白色,16*1*1,16,DM12B,约翰,收货,上架
SPGi50SoGr,灰色 品牌21 50 触控笔（可溶性）,触控笔,品牌21,50,可溶性,灰色,48*10*5,2400,AL66G,克里斯,收货,上架
PrNoA2InBl,黑色 品牌26 二号纸 打印机（喷墨）,打印机,品牌26,二号纸,喷墨,黑色,16*1*1,16,BN02A,约翰,收货,上架
CuQE12LoBe,米色 品牌01 1200 储物柜（储物锁柜）,储物柜,品牌01,1200,储物锁柜,米色,8*1*1,8,BN06E,迈克,收货,上架
AlYn158GSi,银色 品牌15 15英寸 一体机（8吉字节内存）,一体机,品牌15,15英寸,8吉字节内存,银色,16*1*1,16,BG32B,迈克,收货,上架
AlSu148GBl,黑色 品牌11 14英寸 一体机（8吉字节内存）,一体机,品牌11,14英寸,8吉字节内存,黑色,16*1*1,16,CN90B,简,收货,上架
CuTE90SlGr,灰色 品牌04 900 储物柜（滑动式）,储物柜,品牌04,900,滑动式,灰色,8*1*1,8,BM04E,艾米,收货,上架
TaTR10AdWh,白色 品牌28 1000 桌子（可调节）,桌子,品牌28,1000,可调节,白色,8*1*1,8,BT65C,劳拉,收货,上架
GaOGLAdGr,灰色 品牌07 大号 游戏椅（可调节）,游戏椅,品牌07,大号,可调节,灰色,16*1*1,16,AR04E,大卫,收货,上架
KeHc35WiBl,黑色 品牌09 350 键盘（有线）,键盘,品牌09,350,有线,黑色,16*10*1,160,DY81C,简,收货,上架
LaPH15i7Si,银色 品牌12 15英寸 笔记本电脑（第7代处理器）,笔记本电脑,品牌12,15英寸,第7代处理器,银色,16*1*1,16,CS16H,艾米丽,收货,上架
CuTE90LoWh,白色 品牌04 900 储物柜（储物锁柜）,储物柜,品牌04,900,储物锁柜,白色,8*1*1,8,BU22G,莎拉,收货,上架
CaQE12FiBl,黑色 品牌01 1200 文件柜（文件收纳）,文件柜,品牌01,1200,文件收纳,黑色,8*1*1,8,BU58C,莎拉,收货,上架
TaTR10AdSi,银色 品牌28 1000 桌子（可调节）,桌子,品牌28,1000,可调节,银色,8*1*1,8,BF16B,劳拉,收货,上架
OfAEMLePi,粉色 品牌05 中号 办公椅（皮革）,办公椅,品牌05,中号,皮革,粉色,16*1*1,16,AJ07F,亚历克斯,收货,上架
CaTE90LoBl,黑色 品牌04 900 文件柜（储物锁柜）,文件柜,品牌04,900,储物锁柜,黑色,8*1*1,8,DZ57B,亚历克斯,收货,上架
NoMuA5liBl,黑色 品牌19 五号纸 笔记本（线条）,笔记本,品牌19,五号纸,线条,黑色,48*10*5,2400,CL93C,约翰,收货,上架
LaSu1732Wh,白色 品牌11 17英寸 笔记本电脑（32吉字节内存）,笔记本电脑,品牌11,17英寸,32吉字节内存,白色,16*1*1,16,AS94C,劳拉,收货,上架
TVGn75SFSi,银色 品牌30 75英寸 电视机（超级全高清）,电视机,品牌30,75英寸,超级全高清,银色,8*1*1,8,BG76F,大卫,收货,上架
DrTE90LoBl,黑色 品牌04 900 抽屉柜（储物锁柜）,抽屉柜,品牌04,900,储物锁柜,黑色,8*1*1,8,BI72A,克里斯,收货,上架
TaTR15FrWh,白色 品牌28 1500 桌子（框架式）,桌子,品牌28,1500,框架式,白色,8*1*1,8,DG42A,简,收货,上架
CaQE12LoWh,白色 品牌01 1200 文件柜（储物锁柜）,文件柜,品牌01,1200,储物锁柜,白色,8*1*1,8,BP86C,克里斯,收货,上架
MoSu35BlPi,粉色 品牌11 350 鼠标（蓝牙）,鼠标,品牌11,350,蓝牙,粉色,16*10*1,160,CN28B,约翰,收货,上架
NoExA4doBl,黑色 品牌16 四号纸 笔记本（点阵）,笔记本,品牌16,四号纸,点阵,黑色,48*10*5,2400,DL23F,劳拉,收货,上架
MoHc45ErWh,白色 品牌09 450 鼠标（人体工学）,鼠标,品牌09,450,人体工学,白色,16*10*1,160,CQ95B,大卫,收货,上架
PeAl12SoPi,粉色 品牌20 12 铅笔（可溶性）,铅笔,品牌20,12,可溶性,粉色,48*10*5,2400,AY20F,亚历克斯,收货,上架
TVYn424KSi,银色 品牌15 42英寸 电视机（超高清）,电视机,品牌15,42英寸,超高清,银色,8*1*1,8,BU81A,克里斯,收货,上架
AlYn1716Gr,灰色 品牌15 17英寸 一体机（16吉字节内存）,一体机,品牌15,17英寸,16吉字节内存,灰色,16*1*1,16,BS39H,迈克,收货,上架
MoPH45BlNa,藏青色 品牌12 450 鼠标（蓝牙）,鼠标,品牌12,450,蓝牙,藏青色,16*10*1,160,DK74D,克里斯,收货,上架
NoGrA3ruSi,银色 品牌18 三号纸 笔记本（横线）,笔记本,品牌18,三号纸,横线,银色,48*10*5,2400,BL58G,迈克,收货,上架
AlRe14i7Wh,白色 品牌14 14英寸 一体机（第7代处理器）,一体机,品牌14,14英寸,第7代处理器,白色,16*1*1,16,DG26G,迈克,收货,上架
TaTR10AdWh,白色 品牌29 1000 桌子（可调节）,桌子,品牌29,1000,可调节,白色,8*1*1,8,AV27A,亚历克斯,收货,上架
TVGn42S4Bl,黑色 品牌30 42英寸 电视机（超级超高清）,电视机,品牌30,42英寸,超级超高清,黑色,8*1*1,8,AX56G,迈克,收货,上架
OfOGLHePi,粉色 品牌07 大号 办公椅（头枕）,办公椅,品牌07,大号,头枕,粉色,16*1*1,16,BG80F,迈克,收货,上架
TVYn75S4Bl,黑色 品牌15 75英寸 电视机（超级超高清）,电视机,品牌15,75英寸,超级超高清,黑色,8*1*1,8,DU66E,大卫,收货,上架
TVYn424KWh,白色 品牌15 42英寸 电视机（超高清）,电视机,品牌15,42英寸,超高清,白色,8*1*1,8,CJ60H,亚历克斯,收货,上架
TVGn65SFBl,黑色 品牌30 65英寸 电视机（超级全高清）,电视机,品牌30,65英寸,超级全高清,黑色,8*1*1,8,CS36B,大卫,收货,上架
TaAE10AdGr,灰色 品牌05 1000 桌子（可调节）,桌子,品牌05,1000,可调节,灰色,8*1*1,8,CT17C,亚历克斯,收货,上架
SPAl50HeGr,灰色 品牌20 50 触控笔（六角形）,触控笔,品牌20,50,六角形,灰色,48*10*5,2400,AX51F,劳拉,收货,上架
TVGL32SFGr,灰色 品牌31 32英寸 电视机（超级全高清）,电视机,品牌31,32英寸,超级全高清,灰色,8*1*1,8,BK71C,莎拉,收货,上架
GaAEMLeGr,灰色 品牌05 中号 游戏椅（皮革）,游戏椅,品牌05,中号,皮革,灰色,16*1*1,16,DY24C,艾米丽,收货,上架
OfOGMHeGr,灰色 品牌07 中号 办公椅（头枕）,办公椅,品牌07,中号,头枕,灰色,16*1*1,16,AO02F,劳拉,收货,上架
CaQE90LoBe,米色 品牌01 900 文件柜（储物锁柜）,文件柜,品牌01,900,储物锁柜,米色,8*1*1,8,AS31E,约翰,收货,上架
NoMuA3ruBl,黑色 品牌19 三号纸 笔记本（横线）,笔记本,品牌19,三号纸,横线,黑色,48*10*5,2400,BI87C,克里斯,收货,上架
SPRe12HeBl,黑色 品牌22 12 触控笔（六角形）,触控笔,品牌22,12,六角形,黑色,48*10*5,2400,DH09B,约翰,收货,上架
TVGL42FHGr,灰色 品牌31 42英寸 电视机（全高清）,电视机,品牌31,42英寸,全高清,灰色,8*1*1,8,CL49E,莎拉,收货,上架
TVYn50FHSi,银色 品牌15 50英寸 电视机（全高清）,电视机,品牌15,50英寸,全高清,银色,8*1*1,8,DF32F,迈克,收货,上架
PrPHA3AlGr,灰色 品牌12 三号纸 打印机（一体式）,打印机,品牌12,三号纸,一体式,灰色,16*1*1,16,DV42F,克里斯,收货,上架
AlYn17i7Bl,黑色 品牌15 17英寸 一体机（第7代处理器）,一体机,品牌15,17英寸,第7代处理器,黑色,16*1*1,16,AV45C,莎拉,收货,上架
PrReA2MoGr,灰色 品牌24 二号纸 打印机（黑白）,打印机,品牌24,二号纸,黑白,灰色,16*1*1,16,CQ17D,迈克,收货,上架
CaRG18SlWh,白色 品牌03 1800 文件柜（滑动式）,文件柜,品牌03,1800,滑动式,白色,8*1*1,8,CK70D,迈克,收货,上架
PeRe50WaBl,黑色 品牌22 50 铅笔（水彩）,铅笔,品牌22,50,水彩,黑色,48*10*5,2400,CY02E,约翰,收货,上架
LaPH1732Si,银色 品牌12 17英寸 笔记本电脑（32吉字节内存）,笔记本电脑,品牌12,17英寸,32吉字节内存,银色,16*1*1,16,BJ61G,莎拉,收货,上架
TVYn32FHWh,白色 品牌15 32英寸 电视机（全高清）,电视机,品牌15,32英寸,全高清,白色,8*1*1,8,AS03F,迈克,收货,上架
AlYn158GWh,白色 品牌15 15英寸 一体机（8吉字节内存）,一体机,品牌15,15英寸,8吉字节内存,白色,16*1*1,16,AX98A,大卫,收货,上架
CuQE18SlBl,黑色 品牌01 1800 储物柜（滑动式）,储物柜,品牌01,1800,滑动式,黑色,8*1*1,8,DW61A,艾米,收货,上架
DrQE90LoBl,黑色 品牌01 900 抽屉柜（储物锁柜）,抽屉柜,品牌01,900,储物锁柜,黑色,8*1*1,8,AW81A,劳拉,收货,上架
GaOGSAdGr,灰色 品牌07 小号 游戏椅（可调节）,游戏椅,品牌07,小号,可调节,灰色,16*1*1,16,BR98D,大卫,收货,上架
TVEs32FHGr,灰色 品牌32 32英寸 电视机（全高清）,电视机,品牌32,32英寸,全高清,灰色,8*1*1,8,DP31A,大卫,收货,上架
PeRe24WaGr,灰色 品牌22 24 铅笔（水彩）,铅笔,品牌22,24,水彩,灰色,48*10*5,2400,CJ52H,艾米,收货,上架
MoHc27MeBl,黑色 品牌09 270 鼠标（机械式）,鼠标,品牌09,270,机械式,黑色,16*10*1,160,BG45E,约翰,收货,上架
PeAl12WaWh,白色 品牌20 12 铅笔（水彩）,铅笔,品牌20,12,水彩,白色,48*10*5,2400,AX74C,亚历克斯,收货,上架
TVYn654KBl,黑色 品牌15 65英寸 电视机（超高清）,电视机,品牌15,65英寸,超高清,黑色,8*1*1,8,CU12G,克里斯,收货,上架
LaYn1716Gr,灰色 品牌15 17英寸 笔记本电脑（16吉字节内存）,笔记本电脑,品牌15,17英寸,16吉字节内存,灰色,16*1*1,16,CP39F,艾米,收货,上架
AlOv148GSi,银色 品牌13 14英寸 一体机（8吉字节内存）,一体机,品牌13,14英寸,8吉字节内存,银色,16*1*1,16,BK72C,简,收货,上架
OfAELAdBl,黑色 品牌05 大号 办公椅（可调节）,办公椅,品牌05,大号,可调节,黑色,16*1*1,16,DO84C,莎拉,收货,上架
PeAl50WaPi,粉色 品牌20 50 铅笔（水彩）,铅笔,品牌20,50,水彩,粉色,48*10*5,2400,DH28F,简,收货,上架
DrRG12FiBe,米色 品牌03 1200 抽屉柜（文件收纳）,抽屉柜,品牌03,1200,文件收纳,米色,8*1*1,8,CU55G,莎拉,收货,上架
SPNa50HePi,粉色 品牌23 50 触控笔（六角形）,触控笔,品牌23,50,六角形,粉色,48*10*5,2400,DY91G,简,收货,上架
SPAl50SoBl,黑色 品牌20 50 触控笔（可溶性）,触控笔,品牌20,50,可溶性,黑色,48*10*5,2400,AX47C,约翰,收货,上架
PrPHA4MoBl,黑色 品牌12 四号纸 打印机（黑白）,打印机,品牌12,四号纸,黑白,黑色,16*1*1,16,AG73E,简,收货,上架
TaCI18FrWh,白色 品牌27 1800 桌子（框架式）,桌子,品牌27,1800,框架式,白色,8*1*1,8,BI37C,艾米丽,收货,上架
DrTE12LoWh,白色 品牌04 1200 抽屉柜（储物锁柜）,抽屉柜,品牌04,1200,储物锁柜,白色,8*1*1,8,AV52E,亚历克斯,收货,上架
PrNoA4InMi,混合色 品牌26 四号纸 打印机（喷墨）,打印机,品牌26,四号纸,喷墨,混合色,16*1*1,16,DT21A,亚历克斯,收货,上架
AlPH1716Wh,白色 品牌12 17英寸 一体机（16吉字节内存）,一体机,品牌12,17英寸,16吉字节内存,白色,16*1*1,16,AF97C,约翰,收货,上架
PrReA3WiGr,灰色 品牌24 三号纸 打印机（无线网络）,打印机,品牌24,三号纸,无线网络,灰色,16*1*1,16,AO27E,亚历克斯,收货,上架
LaOv1432Si,银色 品牌13 14英寸 笔记本电脑（32吉字节内存）,笔记本电脑,品牌13,14英寸,32吉字节内存,银色,16*1*1,16,CR24D,艾米,收货,上架
KeHc27WiBl,黑色 品牌09 270 键盘（有线）,键盘,品牌09,270,有线,黑色,16*10*1,160,CM46C,克里斯,收货,上架
PrReA3LaWh,白色 品牌24 三号纸 打印机（激光）,打印机,品牌24,三号纸,激光,白色,16*1*1,16,AM24A,大卫,收货,上架
KeHc45ErPi,粉色 品牌09 450 键盘（人体工学）,键盘,品牌09,450,人体工学,粉色,16*10*1,160,AK31H,克里斯,收货,上架
PrNoA3InWh,白色 品牌26 三号纸 打印机（喷墨）,打印机,品牌26,三号纸,喷墨,白色,16*1*1,16,BI77E,亚历克斯,收货,上架
TaTR18WoBl,黑色 品牌29 1800 桌子（工作站）,桌子,品牌29,1800,工作站,黑色,8*1*1,8,BN75B,大卫,收货,上架
GaSESAdPi,粉色 品牌08 小号 游戏椅（可调节）,游戏椅,品牌08,小号,可调节,粉色,16*1*1,16,DP80C,大卫,收货,上架
MoSu45ErNa,藏青色 品牌11 450 鼠标（人体工学）,鼠标,品牌11,450,人体工学,藏青色,16*10*1,160,AI91B,艾米,收货,上架
PrSoA2MoBl,黑色 品牌25 二号纸 打印机（黑白）,打印机,品牌25,二号纸,黑白,黑色,16*1*1,16,DT74A,克里斯,收货,上架
GaAESAdGr,灰色 品牌05 小号 游戏椅（可调节）,游戏椅,品牌05,小号,可调节,灰色,16*1*1,16,AI08F,约翰,收货,上架
GaOGLLeBl,黑色 品牌07 大号 游戏椅（皮革）,游戏椅,品牌07,大号,皮革,黑色,16*1*1,16,CI93H,克里斯,收货,上架
AlYn1432Si,银色 品牌15 14英寸 一体机（32吉字节内存）,一体机,品牌15,14英寸,32吉字节内存,银色,16*1*1,16,BK26C,克里斯,收货,上架
KeRe27WiBl,黑色 品牌10 270 键盘（有线）,键盘,品牌10,270,有线,黑色,16*10*1,160,AH97E,劳拉,收货,上架
AlYn17i7Gr,灰色 品牌15 17英寸 一体机（第7代处理器）,一体机,品牌15,17英寸,第7代处理器,灰色,16*1*1,16,AP95G,亚历克斯,收货,上架
DrRG12DoBe,米色 品牌03 1200 抽屉柜（带门式）,抽屉柜,品牌03,1200,带门式,米色,8*1*1,8,AQ89B,迈克,收货,上架
GaOGSLePi,粉色 品牌07 小号 游戏椅（皮革）,游戏椅,品牌07,小号,皮革,粉色,16*1*1,16,DN05H,艾米丽,收货,上架
TVGn754KSi,银色 品牌30 75英寸 电视机（超高清）,电视机,品牌30,75英寸,超高清,银色,8*1*1,8,DU37C,亚历克斯,收货,上架
OfXELHeBl,黑色 品牌06 大号 办公椅（头枕）,办公椅,品牌06,大号,头枕,黑色,16*1*1,16,CO64B,艾米,收货,上架
PrSoA2MoBl,黑色 品牌25 二号纸 打印机（黑白）,打印机,品牌25,二号纸,黑白,黑色,16*1*1,16,AN96A,亚历克斯,收货,上架
MoRe45ErNa,藏青色 品牌10 450 鼠标（人体工学）,鼠标,品牌10,450,人体工学,藏青色,16*10*1,160,DH44D,迈克,收货,上架
LaOv1716Bl,黑色 品牌13 17英寸 笔记本电脑（16吉字节内存）,笔记本电脑,品牌13,17英寸,16吉字节内存,黑色,16*1*1,16,BK65B,大卫,收货,上架
DrRG90DoBl,黑色 品牌03 900 抽屉柜（带门式）,抽屉柜,品牌03,900,带门式,黑色,8*1*1,8,AK52H,迈克,收货,上架
TVYn65S4Si,银色 品牌15 65英寸 电视机（超级超高清）,电视机,品牌15,65英寸,超级超高清,银色,8*1*1,8,DS27E,大卫,收货,上架
DrRG12DoBl,黑色 品牌03 1200 抽屉柜（带门式）,抽屉柜,品牌03,1200,带门式,黑色,8*1*1,8,AL73E,约翰,收货,上架
KePH35ErPi,粉色 品牌12 350 键盘（人体工学）,键盘,品牌12,350,人体工学,粉色,16*10*1,160,AW04H,亚历克斯,收货,上架
TaCI10WoBl,黑色 品牌27 1000 桌子（工作站）,桌子,品牌27,1000,工作站,黑色,8*1*1,8,DS35F,约翰,收货,上架
PrNoA4MoBl,黑色 品牌26 四号纸 打印机（黑白）,打印机,品牌26,四号纸,黑白,黑色,16*1*1,16,CR53C,大卫,收货,上架
LaRe14i5Si,银色 品牌14 14英寸 笔记本电脑（第5代处理器）,笔记本电脑,品牌14,14英寸,第5代处理器,银色,16*1*1,16,DX71G,亚历克斯,收货,上架
PrNoA2LaBl,黑色 品牌26 二号纸 打印机（激光）,打印机,品牌26,二号纸,激光,黑色,16*1*1,16,DF21G,艾米,收货,上架
TVYn50SFGr,灰色 品牌15 50英寸 电视机（超级全高清）,电视机,品牌15,50英寸,超级全高清,灰色,8*1*1,8,BL18A,莎拉,收货,上架
NoGrA3ruWh,白色 品牌18 三号纸 笔记本（横线）,笔记本,品牌18,三号纸,横线,白色,48*10*5,2400,AX51H,亚历克斯,收货,上架
NoMuA4doGr,灰色 品牌19 四号纸 笔记本（点阵）,笔记本,品牌19,四号纸,点阵,灰色,48*10*5,2400,CT72D,亚历克斯,收货,上架
OfXELHeBl,黑色 品牌06 大号 办公椅（头枕）,办公椅,品牌06,大号,头枕,黑色,16*1*1,16,DY86D,亚历克斯,收货,上架
LaRe158GWh,白色 品牌14 15英寸 笔记本电脑（8吉字节内存）,笔记本电脑,品牌14,15英寸,8吉字节内存,白色,16*1*1,16,BT26G,劳拉,收货,上架
LaPH17i5Si,银色 品牌12 17英寸 笔记本电脑（第5代处理器）,笔记本电脑,品牌12,17英寸,第5代处理器,银色,16*1*1,16,DT12E,莎拉,收货,上架
CaQE90FiWh,白色 品牌01 900 文件柜（文件收纳）,文件柜,品牌01,900,文件收纳,白色,8*1*1,8,CY15A,艾米丽,收货,上架
CuQE90LoBl,黑色 品牌01 900 储物柜（储物锁柜）,储物柜,品牌01,900,储物锁柜,黑色,8*1*1,8,AP12H,艾米,收货,上架
TVGL754KGr,灰色 品牌31 75英寸 电视机（超高清）,电视机,品牌31,75英寸,超高清,灰色,8*1*1,8,DZ63B,简,收货,上架
SPNa24SoGr,灰色 品牌23 24 触控笔（可溶性）,触控笔,品牌23,24,可溶性,灰色,48*10*5,2400,BM27G,劳拉,收货,上架
LaPH17i5Wh,白色 品牌12 17英寸 笔记本电脑（第5代处理器）,笔记本电脑,品牌12,17英寸,第5代处理器,白色,16*1*1,16,DG49H,大卫,收货,上架
AlPH158GGr,灰色 品牌12 15英寸 一体机（8吉字节内存）,一体机,品牌12,15英寸,8吉字节内存,灰色,16*1*1,16,CJ62F,莎拉,收货,上架
LaPH17i7Si,银色 品牌12 17英寸 笔记本电脑（第7代处理器）,笔记本电脑,品牌12,17英寸,第7代处理器,银色,16*1*1,16,DO47D,劳拉,收货,上架
NoMuA4liSi,银色 品牌19 四号纸 笔记本（线条）,笔记本,品牌19,四号纸,线条,银色,48*10*5,2400,AW16C,莎拉,收货,上架
AlYn1432Gr,灰色 品牌15 14英寸 一体机（32吉字节内存）,一体机,品牌15,14英寸,32吉字节内存,灰色,16*1*1,16,DR01E,劳拉,收货,上架
AlRe15i7Wh,白色 品牌14 15英寸 一体机（第7代处理器）,一体机,品牌14,15英寸,第7代处理器,白色,16*1*1,16,AY86C,简,收货,上架
NoExA5liBl,黑色 品牌16 五号纸 笔记本（线条）,笔记本,品牌16,五号纸,线条,黑色,48*10*5,2400,AS14F,艾米,收货,上架
NoMuA5liSi,银色 品牌19 五号纸 笔记本（线条）,笔记本,品牌19,五号纸,线条,银色,48*10*5,2400,BS26E,艾米,收货,上架
LaYn15i5Gr,灰色 品牌15 15英寸 笔记本电脑（第5代处理器）,笔记本电脑,品牌15,15英寸,第5代处理器,灰色,16*1*1,16,BX18C,迈克,收货,上架
TVEs75FHBl,黑色 品牌32 75英寸 电视机（全高清）,电视机,品牌32,75英寸,全高清,黑色,8*1*1,8,CI13G,简,收货,上架
OfXEMAdWh,白色 品牌06 中号 办公椅（可调节）,办公椅,品牌06,中号,可调节,白色,16*1*1,16,AN25A,大卫,收货,上架
KeSu45MeWh,白色 品牌11 450 键盘（机械式）,键盘,品牌11,450,机械式,白色,16*10*1,160,AY03D,艾米丽,收货,上架
TaTR18FrWh,白色 品牌29 1800 桌子（框架式）,桌子,品牌29,1800,框架式,白色,8*1*1,8,BW41A,简,收货,上架
AlOv17i5Wh,白色 品牌13 17英寸 一体机（第5代处理器）,一体机,品牌13,17英寸,第5代处理器,白色,16*1*1,16,AY71G,约翰,收货,上架
LaPH15i7Si,银色 品牌12 15英寸 笔记本电脑（第7代处理器）,笔记本电脑,品牌12,15英寸,第7代处理器,银色,16*1*1,16,AR47G,克里斯,收货,上架
LaPH17i7Bl,黑色 品牌12 17英寸 笔记本电脑（第7代处理器）,笔记本电脑,品牌12,17英寸,第7代处理器,黑色,16*1*1,16,BM76E,艾米,收货,上架
PrSoA4MoGr,灰色 品牌25 四号纸 打印机（黑白）,打印机,品牌25,四号纸,黑白,灰色,16*1*1,16,CH09C,艾米,收货,上架
NoGrA3doGr,灰色 品牌18 三号纸 笔记本（点阵）,笔记本,品牌18,三号纸,点阵,灰色,48*10*5,2400,AF72A,艾米,收货,上架
TVEs42SFGr,灰色 品牌32 42英寸 电视机（超级全高清）,电视机,品牌32,42英寸,超级全高清,灰色,8*1*1,8,CO29H,艾米,收货,上架
DrTE90DoBe,米色 品牌04 900 抽屉柜（带门式）,抽屉柜,品牌04,900,带门式,米色,8*1*1,8,AM02E,亚历克斯,收货,上架
AlPH148GSi,银色 品牌12 14英寸 一体机（8吉字节内存）,一体机,品牌12,14英寸,8吉字节内存,银色,16*1*1,16,CL69E,大卫,收货,上架
OfSESErGr,灰色 品牌08 小号 办公椅（人体工学）,办公椅,品牌08,小号,人体工学,灰色,16*1*1,16,BG05G,艾米,收货,上架
KeRe45BlBl,黑色 品牌10 450 键盘（蓝牙）,键盘,品牌10,450,蓝牙,黑色,16*10*1,160,DL82B,约翰,收货,上架
GaAELAdGr,灰色 品牌05 大号 游戏椅（可调节）,游戏椅,品牌05,大号,可调节,灰色,16*1*1,16,CF06A,约翰,收货,上架
CuQE12DoGr,灰色 品牌01 1200 储物柜（带门式）,储物柜,品牌01,1200,带门式,灰色,8*1*1,8,AZ01E,大卫,收货,上架
DrTE12FiBe,米色 品牌04 1200 抽屉柜（文件收纳）,抽屉柜,品牌04,1200,文件收纳,米色,8*1*1,8,AK21B,劳拉,收货,上架
PrReA4WiBl,黑色 品牌24 四号纸 打印机（无线网络）,打印机,品牌24,四号纸,无线网络,黑色,16*1*1,16,BY57H,大卫,收货,上架
KeHc35WiNa,藏青色 品牌09 350 键盘（有线）,键盘,品牌09,350,有线,藏青色,16*10*1,160,BP26D,克里斯,收货,上架
GaOGMLeWh,白色 品牌07 中号 游戏椅（皮革）,游戏椅,品牌07,中号,皮革,白色,16*1*1,16,CL62B,劳拉,收货,上架
PeNa12HePi,粉色 品牌23 12 铅笔（六角形）,铅笔,品牌23,12,六角形,粉色,48*10*5,2400,DO53G,莎拉,收货,上架
CuWE12DoWh,白色 品牌02 1200 储物柜（带门式）,储物柜,品牌02,1200,带门式,白色,8*1*1,8,CW27C,克里斯,收货,上架
NoMuA4ruWh,白色 品牌19 四号纸 笔记本（横线）,笔记本,品牌19,四号纸,横线,白色,48*10*5,2400,AS78C,克里斯,收货,上架
MoRe35MeBl,黑色 品牌10 350 鼠标（机械式）,鼠标,品牌10,350,机械式,黑色,16*10*1,160,CS77H,克里斯,收货,上架
LaOv1432Wh,白色 品牌13 14英寸 笔记本电脑（32吉字节内存）,笔记本电脑,品牌13,14英寸,32吉字节内存,白色,16*1*1,16,BU16G,大卫,收货,上架
LaSu1732Si,银色 品牌11 17英寸 笔记本电脑（32吉字节内存）,笔记本电脑,品牌11,17英寸,32吉字节内存,银色,16*1*1,16,DX24C,莎拉,收货,上架
NoGrA4doGr,灰色 品牌18 四号纸 笔记本（点阵）,笔记本,品牌18,四号纸,点阵,灰色,48*10*5,2400,AV56H,莎拉,收货,上架
AlRe148GSi,银色 品牌14 14英寸 一体机（8吉字节内存）,一体机,品牌14,14英寸,8吉字节内存,银色,16*1*1,16,CY13C,劳拉,收货,上架
AlOv1532Wh,白色 品牌13 15英寸 一体机（32吉字节内存）,一体机,品牌13,15英寸,32吉字节内存,白色,16*1*1,16,DO57D,艾米,收货,上架
LaSu148GWh,白色 品牌11 14英寸 笔记本电脑（8吉字节内存）,笔记本电脑,品牌11,14英寸,8吉字节内存,白色,16*1*1,16,CI06G,艾米,收货,上架
MoHc45WiPi,粉色 品牌09 450 鼠标（有线）,鼠标,品牌09,450,有线,粉色,16*10*1,160,AP83A,大卫,收货,上架
GaOGSLeBl,黑色 品牌07 小号 游戏椅（皮革）,游戏椅,品牌07,小号,皮革,黑色,16*1*1,16,BU11B,大卫,收货,上架
GaOGSLePi,粉色 品牌07 小号 游戏椅（皮革）,游戏椅,品牌07,小号,皮革,粉色,16*1*1,16,CQ65H,莎拉,收货,上架
TVGL42FHWh,白色 品牌31 42英寸 电视机（全高清）,电视机,品牌31,42英寸,全高清,白色,8*1*1,8,BQ67G,克里斯,收货,上架
MoSu27BlWh,白色 品牌11 270 鼠标（蓝牙）,鼠标,品牌11,270,蓝牙,白色,16*10*1,160,CV01B,克里斯,收货,上架
NoScA4ruGr,灰色 品牌17 四号纸 笔记本（横线）,笔记本,品牌17,四号纸,横线,灰色,48*10*5,2400,BS04D,劳拉,收货,上架
SPGi50HeWh,白色 品牌21 50 触控笔（六角形）,触控笔,品牌21,50,六角形,白色,48*10*5,2400,BU55C,亚历克斯,收货,上架
PrPHA3LaMi,混合色 品牌12 三号纸 打印机（激光）,打印机,品牌12,三号纸,激光,混合色,16*1*1,16,DT02C,艾米,收货,上架
KeSu35MeWh,白色 品牌11 350 键盘（机械式）,键盘,品牌11,350,机械式,白色,16*10*1,160,BK74E,艾米丽,收货,上架
LaOv17i5Bl,黑色 品牌13 17英寸 笔记本电脑（第5代处理器）,笔记本电脑,品牌13,17英寸,第5代处理器,黑色,16*1*1,16,CY08H,亚历克斯,收货,上架
AlPH158GSi,银色 品牌12 15英寸 一体机（8吉字节内存）,一体机,品牌12,15英寸,8吉字节内存,银色,16*1*1,16,BY94B,艾米,收货,上架
SPRe12SoPi,粉色 品牌22 12 触控笔（可溶性）,触控笔,品牌22,12,可溶性,粉色,48*10*5,2400,AI84A,劳拉,收货,上架
DrRG18DoWh,白色 品牌03 1800 抽屉柜（带门式）,抽屉柜,品牌03,1800,带门式,白色,8*1*1,8,BW89E,简,收货,上架
LaYn1532Si,银色 品牌15 15英寸 笔记本电脑（32吉字节内存）,笔记本电脑,品牌15,15英寸,32吉字节内存,银色,16*1*1,16,DP01C,约翰,收货,上架
AlPH148GSi,银色 品牌12 14英寸 一体机（8吉字节内存）,一体机,品牌12,14英寸,8吉字节内存,银色,16*1*1,16,DQ63A,亚历克斯,收货,上架
LaYn1416Wh,白色 品牌15 14英寸 笔记本电脑（16吉字节内存）,笔记本电脑,品牌15,14英寸,16吉字节内存,白色,16*1*1,16,AY89A,艾米丽,收货,上架
TVGL32S4Gr,灰色 品牌31 32英寸 电视机（超级超高清）,电视机,品牌31,32英寸,超级超高清,灰色,8*1*1,8,BN63A,迈克,收货,上架
TaTR10FrGr,灰色 品牌29 1000 桌子（框架式）,桌子,品牌29,1000,框架式,灰色,8*1*1,8,CZ51C,简,收货,上架
CaTE12FiWh,白色 品牌04 1200 文件柜（文件收纳）,文件柜,品牌04,1200,文件收纳,白色,8*1*1,8,BF82C,大卫,收货,上架
AlRe15i5Wh,白色 品牌14 15英寸 一体机（第5代处理器）,一体机,品牌14,15英寸,第5代处理器,白色,16*1*1,16,AN89G,约翰,收货,上架
PrSoA3LaWh,白色 品牌25 三号纸 打印机（激光）,打印机,品牌25,三号纸,激光,白色,16*1*1,16,AY34G,艾米丽,收货,上架
KeHc35ErPi,粉色 品牌09 350 键盘（人体工学）,键盘,品牌09,350,人体工学,粉色,16*10*1,160,BW22A,简,收货,上架
GaXEMErPi,粉色 品牌06 中号 游戏椅（人体工学）,游戏椅,品牌06,中号,人体工学,粉色,16*1*1,16,CT33C,莎拉,收货,上架
PrSoA4LaBl,黑色 品牌25 四号纸 打印机（激光）,打印机,品牌25,四号纸,激光,黑色,16*1*1,16,CT51B,亚历克斯,收货,上架
SPNa12HePi,粉色 品牌23 12 触控笔（六角形）,触控笔,品牌23,12,六角形,粉色,48*10*5,2400,CQ77G,劳拉,收货,上架
TaCI10FrGr,灰色 品牌27 1000 桌子（框架式）,桌子,品牌27,1000,框架式,灰色,8*1*1,8,AG03A,克里斯,收货,上架
PrNoA4LaMi,混合色 品牌26 四号纸 打印机（激光）,打印机,品牌26,四号纸,激光,混合色,16*1*1,16,BQ32F,克里斯,收货,上架
PrPHA4InMi,混合色 品牌12 四号纸 打印机（喷墨）,打印机,品牌12,四号纸,喷墨,混合色,16*1*1,16,CN06G,莎拉,收货,上架
AlSu1532Wh,白色 品牌11 15英寸 一体机（32吉字节内存）,一体机,品牌11,15英寸,32吉字节内存,白色,16*1*1,16,DR73C,艾米丽,收货,上架
NoScA4ruWh,白色 品牌17 四号纸 笔记本（横线）,笔记本,品牌17,四号纸,横线,白色,48*10*5,2400,BP20F,克里斯,收货,上架
AlYn178GBl,黑色 品牌15 17英寸 一体机（8吉字节内存）,一体机,品牌15,17英寸,8吉字节内存,黑色,16*1*1,16,AV47A,简,收货,上架
GaOGSErWh,白色 品牌07 小号 游戏椅（人体工学）,游戏椅,品牌07,小号,人体工学,白色,16*1*1,16,BV52C,莎拉,收货,上架
TVEs50SFSi,银色 品牌32 50英寸 电视机（超级全高清）,电视机,品牌32,50英寸,超级全高清,银色,8*1*1,8,DQ55E,约翰,收货,上架
AlYn14i7Bl,黑色 品牌15 14英寸 一体机（第7代处理器）,一体机,品牌15,14英寸,第7代处理器,黑色,16*1*1,16,DX05C,亚历克斯,收货,上架
CaQE12FiBe,米色 品牌01 1200 文件柜（文件收纳）,文件柜,品牌01,1200,文件收纳,米色,8*1*1,8,AY22A,亚历克斯,收货,上架
PrReA3LaWh,白色 品牌24 三号纸 打印机（激光）,打印机,品牌24,三号纸,激光,白色,16*1*1,16,BW79F,艾米,收货,上架
DrTE90FiBe,米色 品牌04 900 抽屉柜（文件收纳）,抽屉柜,品牌04,900,文件收纳,米色,8*1*1,8,BI12F,亚历克斯,收货,上架
PrReA3LaBl,黑色 品牌24 三号纸 打印机（激光）,打印机,品牌24,三号纸,激光,黑色,16*1*1,16,AH03D,约翰,收货,上架
AlYn17i7Gr,灰色 品牌15 17英寸 一体机（第7代处理器）,一体机,品牌15,17英寸,第7代处理器,灰色,16*1*1,16,DH78E,约翰,收货,上架
CaQE18FiBl,黑色 品牌01 1800 文件柜（文件收纳）,文件柜,品牌01,1800,文件收纳,黑色,8*1*1,8,DQ34G,克里斯,收货,上架
DrRG12FiBe,米色 品牌03 1200 抽屉柜（文件收纳）,抽屉柜,品牌03,1200,文件收纳,米色,8*1*1,8,AI87D,劳拉,收货,上架
CuRG90DoBe,米色 品牌03 900 储物柜（带门式）,储物柜,品牌03,900,带门式,米色,8*1*1,8,DS33C,亚历克斯,收货,上架
CaTE12DoBe,米色 品牌04 1200 文件柜（带门式）,文件柜,品牌04,1200,带门式,米色,8*1*1,8,CQ69G,约翰,收货,上架
KeHc27BlWh,白色 品牌09 270 键盘（蓝牙）,键盘,品牌09,270,蓝牙,白色,16*10*1,160,AU43H,亚历克斯,收货,上架
AlRe1732Bl,黑色 品牌14 17英寸 一体机（32吉字节内存）,一体机,品牌14,17英寸,32吉字节内存,黑色,16*1*1,16,BL75A,约翰,收货,上架
TVGn75SFWh,白色 品牌30 75英寸 电视机（超级全高清）,电视机,品牌30,75英寸,超级全高清,白色,8*1*1,8,DO15G,克里斯,收货,上架
GaOGSHePi,粉色 品牌07 小号 游戏椅（头枕）,游戏椅,品牌07,小号,头枕,粉色,16*1*1,16,AN36C,迈克,收货,上架
MoRe45ErWh,白色 品牌10 450 鼠标（人体工学）,鼠标,品牌10,450,人体工学,白色,16*10*1,160,AK81B,艾米,收货,上架
NoMuA5ruGr,灰色 品牌19 五号纸 笔记本（横线）,笔记本,品牌19,五号纸,横线,灰色,48*10*5,2400,BN48B,莎拉,收货,上架
AlYn15i7Bl,黑色 品牌15 15英寸 一体机（第7代处理器）,一体机,品牌15,15英寸,第7代处理器,黑色,16*1*1,16,DH88G,亚历克斯,收货,上架
PeGi24HePi,粉色 品牌21 24 铅笔（六角形）,铅笔,品牌21,24,六角形,粉色,48*10*5,2400,BP62C,迈克,收货,上架
TVEs50S4Si,银色 品牌32 50英寸 电视机（超级超高清）,电视机,品牌32,50英寸,超级超高清,银色,8*1*1,8,CF12G,艾米,收货,上架
TaCI15AuBl,黑色 品牌27 1500 桌子（自动调节）,桌子,品牌27,1500,自动调节,黑色,8*1*1,8,AG34D,艾米,收货,上架
TVGn65FHGr,灰色 品牌30 65英寸 电视机（全高清）,电视机,品牌30,65英寸,全高清,灰色,8*1*1,8,DX07E,简,收货,上架
OfOGSAdPi,粉色 品牌07 小号 办公椅（可调节）,办公椅,品牌07,小号,可调节,粉色,16*1*1,16,DV43B,莎拉,收货,上架
AlSu14i5Gr,灰色 品牌11 14英寸 一体机（第5代处理器）,一体机,品牌11,14英寸,第5代处理器,灰色,16*1*1,16,AV55C,克里斯,收货,上架
TaTR18FrSi,银色 品牌29 1800 桌子（框架式）,桌子,品牌29,1800,框架式,银色,8*1*1,8,CJ77F,艾米,收货,上架
GaAESHeBl,黑色 品牌05 小号 游戏椅（头枕）,游戏椅,品牌05,小号,头枕,黑色,16*1*1,16,BJ43A,艾米丽,收货,上架
NoScA4liWh,白色 品牌17 四号纸 笔记本（线条）,笔记本,品牌17,四号纸,线条,白色,48*10*5,2400,BV42G,简,收货,上架
PeNa24WaPi,粉色 品牌23 24 铅笔（水彩）,铅笔,品牌23,24,水彩,粉色,48*10*5,2400,DG86H,简,收货,上架
CaRG18LoBl,黑色 品牌03 1800 文件柜（储物锁柜）,文件柜,品牌03,1800,储物锁柜,黑色,8*1*1,8,DZ35H,约翰,收货,上架
TVYn75S4Bl,黑色 品牌15 75英寸 电视机（超级超高清）,电视机,品牌15,75英寸,超级超高清,黑色,8*1*1,8,DH53A,迈克,收货,上架
GaAELLeWh,白色 品牌05 大号 游戏椅（皮革）,游戏椅,品牌05,大号,皮革,白色,16*1*1,16,CU09G,克里斯,收货,上架
CuRG90LoBl,黑色 品牌03 900 储物柜（储物锁柜）,储物柜,品牌03,900,储物锁柜,黑色,8*1*1,8,AN42D,大卫,收货,上架
KePH27BlPi,粉色 品牌12 270 键盘（蓝牙）,键盘,品牌12,270,蓝牙,粉色,16*10*1,160,DT26H,约翰,收货,上架
LaSu1732Wh,白色 品牌11 17英寸 笔记本电脑（32吉字节内存）,笔记本电脑,品牌11,17英寸,32吉字节内存,白色,16*1*1,16,AM57B,劳拉,收货,上架
SPGi12SoPi,粉色 品牌21 12 触控笔（可溶性）,触控笔,品牌21,12,可溶性,粉色,48*10*5,2400,BR87A,约翰,收货,上架
MoPH45WiNa,藏青色 品牌12 450 鼠标（有线）,鼠标,品牌12,450,有线,藏青色,16*10*1,160,AW65D,迈克,收货,上架
AlOv178GSi,银色 品牌13 17英寸 一体机（8吉字节内存）,一体机,品牌13,17英寸,8吉字节内存,银色,16*1*1,16,BL11D,亚历克斯,收货,上架
LaOv1516Bl,黑色 品牌13 15英寸 笔记本电脑（16吉字节内存）,笔记本电脑,品牌13,15英寸,16吉字节内存,黑色,16*1*1,16,DF05F,艾米,收货,上架
LaYn158GGr,灰色 品牌15 15英寸 笔记本电脑（8吉字节内存）,笔记本电脑,品牌15,15英寸,8吉字节内存,灰色,16*1*1,16,BU88F,莎拉,收货,上架
PeNa12SoWh,白色 品牌23 12 铅笔（可溶性）,铅笔,品牌23,12,可溶性,白色,48*10*5,2400,DN59A,亚历克斯,收货,上架
DrTE12SlBe,米色 品牌04 1200 抽屉柜（滑动式）,抽屉柜,品牌04,1200,滑动式,米色,8*1*1,8,BW30A,迈克,收货,上架
LaYn1732Si,银色 品牌15 17英寸 笔记本电脑（32吉字节内存）,笔记本电脑,品牌15,17英寸,32吉字节内存,银色,16*1*1,16,BI93H,约翰,收货,上架
CaWE18FiWh,白色 品牌02 1800 文件柜（文件收纳）,文件柜,品牌02,1800,文件收纳,白色,8*1*1,8,BO53A,约翰,收货,上架
NoExA4doBl,黑色 品牌16 四号纸 笔记本（点阵）,笔记本,品牌16,四号纸,点阵,黑色,48*10*5,2400,AQ49E,莎拉,收货,上架
AlPH17i5Wh,白色 品牌12 17英寸 一体机（第5代处理器）,一体机,品牌12,17英寸,第5代处理器,白色,16*1*1,16,CM64H,简,收货,上架
KeSu27BlBl,黑色 品牌11 270 键盘（蓝牙）,键盘,品牌11,270,蓝牙,黑色,16*10*1,160,DR50G,简,收货,上架
GaOGMErGr,灰色 品牌07 中号 游戏椅（人体工学）,游戏椅,品牌07,中号,人体工学,灰色,16*1*1,16,DP01F,约翰,收货,上架
OfXESAdWh,白色 品牌06 小号 办公椅（可调节）,办公椅,品牌06,小号,可调节,白色,16*1*1,16,CZ89G,莎拉,收货,上架
PrNoA3LaWh,白色 品牌26 三号纸 打印机（激光）,打印机,品牌26,三号纸,激光,白色,16*1*1,16,DL33D,艾米,收货,上架
NoMuA5ruWh,白色 品牌19 五号纸 笔记本（横线）,笔记本,品牌19,五号纸,横线,白色,48*10*5,2400,DJ67C,莎拉,收货,上架
LaRe1732Bl,黑色 品牌14 17英寸 笔记本电脑（32吉字节内存）,笔记本电脑,品牌14,17英寸,32吉字节内存,黑色,16*1*1,16,AL83E,简,收货,上架
AlSu158GSi,银色 品牌11 15英寸 一体机（8吉字节内存）,一体机,品牌11,15英寸,8吉字节内存,银色,16*1*1,16,DH66A,大卫,收货,上架
TaTR15AdWh,白色 品牌29 1500 桌子（可调节）,桌子,品牌29,1500,可调节,白色,8*1*1,8,AJ32F,劳拉,收货,上架
DrRG90SlBe,米色 品牌03 900 抽屉柜（滑动式）,抽屉柜,品牌03,900,滑动式,米色,8*1*1,8,BT50A,莎拉,收货,上架
TVYn324KWh,白色 品牌15 32英寸 电视机（超高清）,电视机,品牌15,32英寸,超高清,白色,8*1*1,8,DO32B,大卫,收货,上架
DrWE18SlBe,米色 品牌02 1800 抽屉柜（滑动式）,抽屉柜,品牌02,1800,滑动式,米色,8*1*1,8,BV48C,大卫,收货,上架
PrSoA2AlMi,混合色 品牌25 二号纸 打印机（一体式）,打印机,品牌25,二号纸,一体式,混合色,16*1*1,16,CX95G,克里斯,收货,上架
CuQE90LoBl,黑色 品牌01 900 储物柜（储物锁柜）,储物柜,品牌01,900,储物锁柜,黑色,8*1*1,8,CP73D,艾米,收货,上架
CuTE12LoBl,黑色 品牌04 1200 储物柜（储物锁柜）,储物柜,品牌04,1200,储物锁柜,黑色,8*1*1,8,AX83H,约翰,收货,上架
MoRe35MeWh,白色 品牌10 350 鼠标（机械式）,鼠标,品牌10,350,机械式,白色,16*10*1,160,CQ68G,劳拉,收货,上架
SPNa12HeGr,灰色 品牌23 12 触控笔（六角形）,触控笔,品牌23,12,六角形,灰色,48*10*5,2400,DW85C,大卫,收货,上架
TVGL75FHSi,银色 品牌31 75英寸 电视机（全高清）,电视机,品牌31,75英寸,全高清,银色,8*1*1,8,AT75G,克里斯,收货,上架
TVYn65S4Wh,白色 品牌15 65英寸 电视机（超级超高清）,电视机,品牌15,65英寸,超级超高清,白色,8*1*1,8,AV08D,简,收货,上架
GaAESLeGr,灰色 品牌05 小号 游戏椅（皮革）,游戏椅,品牌05,小号,皮革,灰色,16*1*1,16,DY02H,简,收货,上架
CaQE18FiWh,白色 品牌01 1800 文件柜（文件收纳）,文件柜,品牌01,1800,文件收纳,白色,8*1*1,8,CU58G,克里斯,收货,上架
PrNoA4WiGr,灰色 品牌26 四号纸 打印机（无线网络）,打印机,品牌26,四号纸,无线网络,灰色,16*1*1,16,DX81D,亚历克斯,收货,上架
PeRe24HePi,粉色 品牌22 24 铅笔（六角形）,铅笔,品牌22,24,六角形,粉色,48*10*5,2400,BX95B,大卫,收货,上架
AlPH15i5Bl,黑色 品牌12 15英寸 一体机（第5代处理器）,一体机,品牌12,15英寸,第5代处理器,黑色,16*1*1,16,AV79G,劳拉,收货,上架
KeRe35WiNa,藏青色 品牌10 350 键盘（有线）,键盘,品牌10,350,有线,藏青色,16*10*1,160,CR61E,简,收货,上架
TVGn75SFBl,黑色 品牌30 75英寸 电视机（超级全高清）,电视机,品牌30,75英寸,超级全高清,黑色,8*1*1,8,AT11C,劳拉,收货,上架
SPAl24HeWh,白色 品牌20 24 触控笔（六角形）,触控笔,品牌20,24,六角形,白色,48*10*5,2400,CN43C,莎拉,收货,上架
LaPH158GGr,灰色 品牌12 15英寸 笔记本电脑（8吉字节内存）,笔记本电脑,品牌12,15英寸,8吉字节内存,灰色,16*1*1,16,DG82G,劳拉,收货,上架
MoRe45ErBl,黑色 品牌10 450 鼠标（人体工学）,鼠标,品牌10,450,人体工学,黑色,16*10*1,160,AY78F,大卫,收货,上架
MoHc45BlWh,白色 品牌09 450 鼠标（蓝牙）,鼠标,品牌09,450,蓝牙,白色,16*10*1,160,DI85E,简,收货,上架
AlYn17i5Si,银色 品牌15 17英寸 一体机（第5代处理器）,一体机,品牌15,17英寸,第5代处理器,银色,16*1*1,16,BV20E,亚历克斯,收货,上架
LaPH1732Bl,黑色 品牌12 17英寸 笔记本电脑（32吉字节内存）,笔记本电脑,品牌12,17英寸,32吉字节内存,黑色,16*1*1,16,DL41F,约翰,收货,上架
PrSoA2LaGr,灰色 品牌25 二号纸 打印机（激光）,打印机,品牌25,二号纸,激光,灰色,16*1*1,16,CZ77F,艾米丽,收货,上架
CuQE18LoBl,黑色 品牌01 1800 储物柜（储物锁柜）,储物柜,品牌01,1800,储物锁柜,黑色,8*1*1,8,CN52F,大卫,收货,上架
CaTE18LoGr,灰色 品牌04 1800 文件柜（储物锁柜）,文件柜,品牌04,1800,储物锁柜,灰色,8*1*1,8,BF94B,迈克,收货,上架
TaAE10AdBl,黑色 品牌05 1000 桌子（可调节）,桌子,品牌05,1000,可调节,黑色,8*1*1,8,AP63C,艾米,收货,上架
KePH27BlWh,白色 品牌12 270 键盘（蓝牙）,键盘,品牌12,270,蓝牙,白色,16*10*1,160,BI71G,艾米丽,收货,上架
PeAl12HePi,粉色 品牌20 12 铅笔（六角形）,铅笔,品牌20,12,六角形,粉色,48*10*5,2400,AV15E,迈克,收货,上架
AlSu178GWh,白色 品牌11 17英寸 一体机（8吉字节内存）,一体机,品牌11,17英寸,8吉字节内存,白色,16*1*1,16,CS46B,简,收货,上架
MoHc45BlPi,粉色 品牌09 450 鼠标（蓝牙）,鼠标,品牌09,450,蓝牙,粉色,16*10*1,160,CT12A,约翰,收货,上架
DrWE12SlBl,黑色 品牌02 1200 抽屉柜（滑动式）,抽屉柜,品牌02,1200,滑动式,黑色,8*1*1,8,CT84A,迈克,收货,上架
LaSu15i7Si,银色 品牌11 15英寸 笔记本电脑（第7代处理器）,笔记本电脑,品牌11,15英寸,第7代处理器,银色,16*1*1,16,DM16A,大卫,收货,上架
SPGi24WaGr,灰色 品牌21 24 触控笔（水彩）,触控笔,品牌21,24,水彩,灰色,48*10*5,2400,CQ01C,莎拉,收货,上架
PrPHA2WiGr,灰色 品牌12 二号纸 打印机（无线网络）,打印机,品牌12,二号纸,无线网络,灰色,16*1*1,16,CH36F,简,收货,上架
PeNa24WaGr,灰色 品牌23 24 铅笔（水彩）,铅笔,品牌23,24,水彩,灰色,48*10*5,2400,AR01E,亚历克斯,收货,上架
DrWE18DoBe,米色 品牌02 1800 抽屉柜（带门式）,抽屉柜,品牌02,1800,带门式,米色,8*1*1,8,BX14D,迈克,收货,上架
GaSEMAdWh,白色 品牌08 中号 游戏椅（可调节）,游戏椅,品牌08,中号,可调节,白色,16*1*1,16,BN06B,克里斯,收货,上架
SPRe50SoBl,黑色 品牌22 50 触控笔（可溶性）,触控笔,品牌22,50,可溶性,黑色,48*10*5,2400,AV29E,大卫,收货,上架
TVGn75SFSi,银色 品牌30 75英寸 电视机（超级全高清）,电视机,品牌30,75英寸,超级全高清,银色,8*1*1,8,BO23A,亚历克斯,收货,上架
CaTE90FiWh,白色 品牌04 900 文件柜（文件收纳）,文件柜,品牌04,900,文件收纳,白色,8*1*1,8,CU62B,艾米,收货,上架
LaOv158GWh,白色 品牌13 15英寸 笔记本电脑（8吉字节内存）,笔记本电脑,品牌13,15英寸,8吉字节内存,白色,16*1*1,16,DF62G,大卫,收货,上架
MoRe35ErBl,黑色 品牌10 350 鼠标（人体工学）,鼠标,品牌10,350,人体工学,黑色,16*10*1,160,CS01G,简,收货,上架
PeAl50WaPi,粉色 品牌20 50 铅笔（水彩）,铅笔,品牌20,50,水彩,粉色,48*10*5,2400,CL60C,简,收货,上架
AlPH17i7Wh,白色 品牌12 17英寸 一体机（第7代处理器）,一体机,品牌12,17英寸,第7代处理器,白色,16*1*1,16,AY93H,艾米,收货,上架
TVGL32SFBl,黑色 品牌31 32英寸 电视机（超级全高清）,电视机,品牌31,32英寸,超级全高清,黑色,8*1*1,8,DF06B,简,收货,上架
AlOv1516Si,银色 品牌13 15英寸 一体机（16吉字节内存）,一体机,品牌13,15英寸,16吉字节内存,银色,16*1*1,16,BS38G,艾米丽,收货,上架
CaWE90SlBe,米色 品牌02 900 文件柜（滑动式）,文件柜,品牌02,900,滑动式,米色,8*1*1,8,AQ93A,艾米,收货,上架
AlRe178GGr,灰色 品牌14 17英寸 一体机（8吉字节内存）,一体机,品牌14,17英寸,8吉字节内存,灰色,16*1*1,16,AS83C,亚历克斯,收货,上架
AlRe1532Bl,黑色 品牌14 15英寸 一体机（32吉字节内存）,一体机,品牌14,15英寸,32吉字节内存,黑色,16*1*1,16,AV25C,艾米,收货,上架
CuRG12FiBe,米色 品牌03 1200 储物柜（文件收纳）,储物柜,品牌03,1200,文件收纳,米色,8*1*1,8,BR81H,克里斯,收货,上架
MoSu45BlNa,藏青色 品牌11 450 鼠标（蓝牙）,鼠标,品牌11,450,蓝牙,藏青色,16*10*1,160,AQ16D,亚历克斯,收货,上架
OfXEMAdWh,白色 品牌06 中号 办公椅（可调节）,办公椅,品牌06,中号,可调节,白色,16*1*1,16,BV97B,克里斯,收货,上架
OfXESLeWh,白色 品牌06 小号 办公椅（皮革）,办公椅,品牌06,小号,皮革,白色,16*1*1,16,BY82C,亚历克斯,收货,上架
LaSu1516Bl,黑色 品牌11 15英寸 笔记本电脑（16吉字节内存）,笔记本电脑,品牌11,15英寸,16吉字节内存,黑色,16*1*1,16,BM13C,迈克,收货,上架
LaPH15i5Si,银色 品牌12 15英寸 笔记本电脑（第5代处理器）,笔记本电脑,品牌12,15英寸,第5代处理器,银色,16*1*1,16,CS81F,约翰,收货,上架
TVYn75SFBl,黑色 品牌15 75英寸 电视机（超级全高清）,电视机,品牌15,75英寸,超级全高清,黑色,8*1*1,8,BO97C,迈克,收货,上架
GaXEMLeBl,黑色 品牌06 中号 游戏椅（皮革）,游戏椅,品牌06,中号,皮革,黑色,16*1*1,16,CK49B,艾米丽,收货,上架
TVYn42FHGr,灰色 品牌15 42英寸 电视机（全高清）,电视机,品牌15,42英寸,全高清,灰色,8*1*1,8,DX63F,迈克,收货,上架
TaTR10AdBl,黑色 品牌29 1000 桌子（可调节）,桌子,品牌29,1000,可调节,黑色,8*1*1,8,CO51B,约翰,收货,上架
CuRG18FiWh,白色 品牌03 1800 储物柜（文件收纳）,储物柜,品牌03,1800,文件收纳,白色,8*1*1,8,DT59B,约翰,收货,上架
KeSu45ErWh,白色 品牌11 450 键盘（人体工学）,键盘,品牌11,450,人体工学,白色,16*10*1,160,CU07C,亚历克斯,收货,上架
AlOv17i5Gr,灰色 品牌13 17英寸 一体机（第5代处理器）,一体机,品牌13,17英寸,第5代处理器,灰色,16*1*1,16,DV94F,亚历克斯,收货,上架
PeGi24SoPi,粉色 品牌21 24 铅笔（可溶性）,铅笔,品牌21,24,可溶性,粉色,48*10*5,2400,BN71D,约翰,收货,上架
SPNa50SoPi,粉色 品牌23 50 触控笔（可溶性）,触控笔,品牌23,50,可溶性,粉色,48*10*5,2400,AS98C,劳拉,收货,上架
GaAEMErBl,黑色 品牌05 中号 游戏椅（人体工学）,游戏椅,品牌05,中号,人体工学,黑色,16*1*1,16,DG34E,约翰,收货,上架
CaQE18DoBl,黑色 品牌01 1800 文件柜（带门式）,文件柜,品牌01,1800,带门式,黑色,8*1*1,8,AO94D,迈克,收货,上架
DrRG90SlGr,灰色 品牌03 900 抽屉柜（滑动式）,抽屉柜,品牌03,900,滑动式,灰色,8*1*1,8,DN65E,亚历克斯,收货,上架
SPGi24SoPi,粉色 品牌21 24 触控笔（可溶性）,触控笔,品牌21,24,可溶性,粉色,48*10*5,2400,AF01G,约翰,收货,上架
GaSELAdBl,黑色 品牌08 大号 游戏椅（可调节）,游戏椅,品牌08,大号,可调节,黑色,16*1*1,16,CF28E,迈克,收货,上架
KeHc45MeNa,藏青色 品牌09 450 键盘（机械式）,键盘,品牌09,450,机械式,藏青色,16*10*1,160,DN85F,迈克,收货,上架
SPGi12WaWh,白色 品牌21 12 触控笔（水彩）,触控笔,品牌21,12,水彩,白色,48*10*5,2400,BN89D,简,收货,上架
CaRG12SlBe,米色 品牌03 1200 文件柜（滑动式）,文件柜,品牌03,1200,滑动式,米色,8*1*1,8,BQ89H,艾米,收货,上架
MoPH35BlPi,粉色 品牌12 350 鼠标（蓝牙）,鼠标,品牌12,350,蓝牙,粉色,16*10*1,160,AX63H,大卫,收货,上架
GaOGLErGr,灰色 品牌07 大号 游戏椅（人体工学）,游戏椅,品牌07,大号,人体工学,灰色,16*1*1,16,CX96G,大卫,收货,上架
PrSoA4InBl,黑色 品牌25 四号纸 打印机（喷墨）,打印机,品牌25,四号纸,喷墨,黑色,16*1*1,16,BI19B,迈克,收货,上架
CaQE18FiBe,米色 品牌01 1800 文件柜（文件收纳）,文件柜,品牌01,1800,文件收纳,米色,8*1*1,8,CH90H,迈克,收货,上架
PeRe24WaGr,灰色 品牌22 24 铅笔（水彩）,铅笔,品牌22,24,水彩,灰色,48*10*5,2400,DF59D,莎拉,收货,上架
MoSu45BlNa,藏青色 品牌11 450 鼠标（蓝牙）,鼠标,品牌11,450,蓝牙,藏青色,16*10*1,160,DH09H,约翰,收货,上架
LaOv14i5Gr,灰色 品牌13 14英寸 笔记本电脑（第5代处理器）,笔记本电脑,品牌13,14英寸,第5代处理器,灰色,16*1*1,16,CT52B,亚历克斯,收货,上架
LaOv1532Gr,灰色 品牌13 15英寸 笔记本电脑（32吉字节内存）,笔记本电脑,品牌13,15英寸,32吉字节内存,灰色,16*1*1,16,DH81D,艾米,收货,上架
AlOv14i7Bl,黑色 品牌13 14英寸 一体机（第7代处理器）,一体机,品牌13,14英寸,第7代处理器,黑色,16*1*1,16,CH91E,劳拉,收货,上架
TVEs65S4Wh,白色 品牌32 65英寸 电视机（超级超高清）,电视机,品牌32,65英寸,超级超高清,白色,8*1*1,8,AQ80E,简,收货,上架
TaTR15AuBl,黑色 品牌29 1500 桌子（自动调节）,桌子,品牌29,1500,自动调节,黑色,8*1*1,8,CH20G,莎拉,收货,上架
CuWE12DoWh,白色 品牌02 1200 储物柜（带门式）,储物柜,品牌02,1200,带门式,白色,8*1*1,8,BK69D,简,收货,上架
TVYn504KWh,白色 品牌15 50英寸 电视机（超高清）,电视机,品牌15,50英寸,超高清,白色,8*1*1,8,DS66F,劳拉,收货,上架
TVEs504KBl,黑色 品牌32 50英寸 电视机（超高清）,电视机,品牌32,50英寸,超高清,黑色,8*1*1,8,AX81G,劳拉,收货,上架
OfXELHeGr,灰色 品牌06 大号 办公椅（头枕）,办公椅,品牌06,大号,头枕,灰色,16*1*1,16,DO66G,大卫,收货,上架
AlSu1416Wh,白色 品牌11 14英寸 一体机（16吉字节内存）,一体机,品牌11,14英寸,16吉字节内存,白色,16*1*1,16,AO20C,亚历克斯,收货,上架
PrNoA2InMi,混合色 品牌26 二号纸 打印机（喷墨）,打印机,品牌26,二号纸,喷墨,混合色,16*1*1,16,DH28A,劳拉,收货,上架
MoPH45MeBl,黑色 品牌12 450 鼠标（机械式）,鼠标,品牌12,450,机械式,黑色,16*10*1,160,BO88G,劳拉,收货,上架
MoPH35WiPi,粉色 品牌12 350 鼠标（有线）,鼠标,品牌12,350,有线,粉色,16*10*1,160,DX62C,迈克,收货,上架
SPAl24HePi,粉色 品牌20 24 触控笔（六角形）,触控笔,品牌20,24,六角形,粉色,48*10*5,2400,DN22C,迈克,收货,上架
NoScA5doWh,白色 品牌17 五号纸 笔记本（点阵）,笔记本,品牌17,五号纸,点阵,白色,48*10*5,2400,CK35D,大卫,收货,上架
PeGi24SoPi,粉色 品牌21 24 铅笔（可溶性）,铅笔,品牌21,24,可溶性,粉色,48*10*5,2400,CF23G,亚历克斯,收货,上架
LaOv1732Bl,黑色 品牌13 17英寸 笔记本电脑（32吉字节内存）,笔记本电脑,品牌13,17英寸,32吉字节内存,黑色,16*1*1,16,AJ32B,艾米丽,收货,上架
TaTR18WoGr,灰色 品牌29 1800 桌子（工作站）,桌子,品牌29,1800,工作站,灰色,8*1*1,8,CG09D,克里斯,收货,上架
AlPH1516Wh,白色 品牌12 15英寸 一体机（16吉字节内存）,一体机,品牌12,15英寸,16吉字节内存,白色,16*1*1,16,CG80H,大卫,收货,上架
OfSESHePi,粉色 品牌08 小号 办公椅（头枕）,办公椅,品牌08,小号,头枕,粉色,16*1*1,16,DH54F,艾米,收货,上架
SPGi50SoPi,粉色 品牌21 50 触控笔（可溶性）,触控笔,品牌21,50,可溶性,粉色,48*10*5,2400,DT68B,亚历克斯,收货,上架
SPNa50HeWh,白色 品牌23 50 触控笔（六角形）,触控笔,品牌23,50,六角形,白色,48*10*5,2400,BY18G,劳拉,收货,上架
OfSELHeWh,白色 品牌08 大号 办公椅（头枕）,办公椅,品牌08,大号,头枕,白色,16*1*1,16,DN95A,大卫,收货,上架
DrQE90SlWh,白色 品牌01 900 抽屉柜（滑动式）,抽屉柜,品牌01,900,滑动式,白色,8*1*1,8,AL71A,迈克,收货,上架
CaWE18LoBe,米色 品牌02 1800 文件柜（储物锁柜）,文件柜,品牌02,1800,储物锁柜,米色,8*1*1,8,CH22D,克里斯,收货,上架
TVEs50FHSi,银色 品牌32 50英寸 电视机（全高清）,电视机,品牌32,50英寸,全高清,银色,8*1*1,8,BX95A,莎拉,收货,上架
PrPHA3MoGr,灰色 品牌12 三号纸 打印机（黑白）,打印机,品牌12,三号纸,黑白,灰色,16*1*1,16,DN70D,亚历克斯,收货,上架
DrRG18LoGr,灰色 品牌03 1800 抽屉柜（储物锁柜）,抽屉柜,品牌03,1800,储物锁柜,灰色,8*1*1,8,DV78F,约翰,收货,上架
GaAESLeGr,灰色 品牌05 小号 游戏椅（皮革）,游戏椅,品牌05,小号,皮革,灰色,16*1*1,16,AY15A,劳拉,收货,上架
AlOv178GBl,黑色 品牌13 17英寸 一体机（8吉字节内存）,一体机,品牌13,17英寸,8吉字节内存,黑色,16*1*1,16,BH70C,大卫,收货,上架
OfXEMErBl,黑色 品牌06 中号 办公椅（人体工学）,办公椅,品牌06,中号,人体工学,黑色,16*1*1,16,CY61C,迈克,收货,上架
CaTE12SlWh,白色 品牌04 1200 文件柜（滑动式）,文件柜,品牌04,1200,滑动式,白色,8*1*1,8,DT91G,亚历克斯,收货,上架
MoRe27BlWh,白色 品牌10 270 鼠标（蓝牙）,鼠标,品牌10,270,蓝牙,白色,16*10*1,160,AX41F,亚历克斯,收货,上架
DrRG12DoBl,黑色 品牌03 1200 抽屉柜（带门式）,抽屉柜,品牌03,1200,带门式,黑色,8*1*1,8,BR59H,艾米,收货,上架
LaRe1432Gr,灰色 品牌14 14英寸 笔记本电脑（32吉字节内存）,笔记本电脑,品牌14,14英寸,32吉字节内存,灰色,16*1*1,16,AV72B,莎拉,收货,上架
OfOGLErPi,粉色 品牌07 大号 办公椅（人体工学）,办公椅,品牌07,大号,人体工学,粉色,16*1*1,16,CR95B,大卫,收货,上架
GaOGMErPi,粉色 品牌07 中号 游戏椅（人体工学）,游戏椅,品牌07,中号,人体工学,粉色,16*1*1,16,BM97H,劳拉,收货,上架
CaWE12LoWh,白色 品牌02 1200 文件柜（储物锁柜）,文件柜,品牌02,1200,储物锁柜,白色,8*1*1,8,AS89A,迈克,收货,上架
GaAEMErWh,白色 品牌05 中号 游戏椅（人体工学）,游戏椅,品牌05,中号,人体工学,白色,16*1*1,16,DR96D,克里斯,收货,上架
OfSEMAdPi,粉色 品牌08 中号 办公椅（可调节）,办公椅,品牌08,中号,可调节,粉色,16*1*1,16,AZ35F,劳拉,收货,上架
SPGi50HePi,粉色 品牌21 50 触控笔（六角形）,触控笔,品牌21,50,六角形,粉色,48*10*5,2400,AG55G,克里斯,收货,上架
PeRe50HePi,粉色 品牌22 50 铅笔（六角形）,铅笔,品牌22,50,六角形,粉色,48*10*5,2400,DW83A,莎拉,收货,上架
TVGL42S4Si,银色 品牌31 42英寸 电视机（超级超高清）,电视机,品牌31,42英寸,超级超高清,银色,8*1*1,8,AL77F,艾米丽,收货,上架
OfAELAdBl,黑色 品牌05 大号 办公椅（可调节）,办公椅,品牌05,大号,可调节,黑色,16*1*1,16,BH71F,艾米,收货,上架
PrSoA4InMi,混合色 品牌25 四号纸 打印机（喷墨）,打印机,品牌25,四号纸,喷墨,混合色,16*1*1,16,AJ37F,莎拉,收货,上架
PrSoA3MoMi,混合色 品牌25 三号纸 打印机（黑白）,打印机,品牌25,三号纸,黑白,混合色,16*1*1,16,BT33C,亚历克斯,收货,上架
AlOv1732Gr,灰色 品牌13 17英寸 一体机（32吉字节内存）,一体机,品牌13,17英寸,32吉字节内存,灰色,16*1*1,16,AS30G,艾米丽,收货,上架
PrSoA2AlWh,白色 品牌25 二号纸 打印机（一体式）,打印机,品牌25,二号纸,一体式,白色,16*1*1,16,DW93A,迈克,收货,上架
KeHc35WiNa,藏青色 品牌09 350 键盘（有线）,键盘,品牌09,350,有线,藏青色,16*10*1,160,DK70D,约翰,收货,上架
LaYn15i5Si,银色 品牌15 15英寸 笔记本电脑（第5代处理器）,笔记本电脑,品牌15,15英寸,第5代处理器,银色,16*1*1,16,AM55B,莎拉,收货,上架
PrPHA3AlWh,白色 品牌12 三号纸 打印机（一体式）,打印机,品牌12,三号纸,一体式,白色,16*1*1,16,AS03G,亚历克斯,收货,上架
GaAEMLePi,粉色 品牌05 中号 游戏椅（皮革）,游戏椅,品牌05,中号,皮革,粉色,16*1*1,16,AW18E,迈克,收货,上架
TaTR18WoWh,白色 品牌28 1800 桌子（工作站）,桌子,品牌28,1800,工作站,白色,8*1*1,8,CM94D,亚历克斯,收货,上架
SPAl24HeWh,白色 品牌20 24 触控笔（六角形）,触控笔,品牌20,24,六角形,白色,48*10*5,2400,CT64A,迈克,收货,上架
SPNa24SoBl,黑色 品牌23 24 触控笔（可溶性）,触控笔,品牌23,24,可溶性,黑色,48*10*5,2400,BT35A,亚历克斯,收货,上架
MoSu27ErNa,藏青色 品牌11 270 鼠标（人体工学）,鼠标,品牌11,270,人体工学,藏青色,16*10*1,160,AP87A,劳拉,收货,上架
PrNoA4WiWh,白色 品牌26 四号纸 打印机（无线网络）,打印机,品牌26,四号纸,无线网络,白色,16*1*1,16,DI01H,约翰,收货,上架
PrReA2WiMi,混合色 品牌24 二号纸 打印机（无线网络）,打印机,品牌24,二号纸,无线网络,混合色,16*1*1,16,BZ27A,艾米,收货,上架
LaSu1532Gr,灰色 品牌11 15英寸 笔记本电脑（32吉字节内存）,笔记本电脑,品牌11,15英寸,32吉字节内存,灰色,16*1*1,16,CW58G,艾米,收货,上架
OfXEMHePi,粉色 品牌06 中号 办公椅（头枕）,办公椅,品牌06,中号,头枕,粉色,16*1*1,16,AJ10B,简,收货,上架
MoPH35MeWh,白色 品牌12 350 鼠标（机械式）,鼠标,品牌12,350,机械式,白色,16*10*1,160,AP53E,劳拉,收货,上架
CuQE12DoGr,灰色 品牌01 1200 储物柜（带门式）,储物柜,品牌01,1200,带门式,灰色,8*1*1,8,DI74G,亚历克斯,收货,上架
GaSESErGr,灰色 品牌08 小号 游戏椅（人体工学）,游戏椅,品牌08,小号,人体工学,灰色,16*1*1,16,AI09A,克里斯,收货,上架
PrNoA4InWh,白色 品牌26 四号纸 打印机（喷墨）,打印机,品牌26,四号纸,喷墨,白色,16*1*1,16,BT20C,艾米,收货,上架
LaSu148GWh,白色 品牌11 14英寸 笔记本电脑（8吉字节内存）,笔记本电脑,品牌11,14英寸,8吉字节内存,白色,16*1*1,16,BU81C,约翰,收货,上架
PrPHA4WiMi,混合色 品牌12 四号纸 打印机（无线网络）,打印机,品牌12,四号纸,无线网络,混合色,16*1*1,16,AL84B,艾米丽,收货,上架
MoPH45BlBl,黑色 品牌12 450 鼠标（蓝牙）,鼠标,品牌12,450,蓝牙,黑色,16*10*1,160,BS84H,大卫,收货,上架
CuTE12DoBe,米色 品牌04 1200 储物柜（带门式）,储物柜,品牌04,1200,带门式,米色,8*1*1,8,DM01C,迈克,收货,上架
GaXESAdBl,黑色 品牌06 小号 游戏椅（可调节）,游戏椅,品牌06,小号,可调节,黑色,16*1*1,16,BP18E,约翰,收货,上架
DrWE12DoGr,灰色 品牌02 1200 抽屉柜（带门式）,抽屉柜,品牌02,1200,带门式,灰色,8*1*1,8,CS43A,约翰,收货,上架
AlOv158GWh,白色 品牌13 15英寸 一体机（8吉字节内存）,一体机,品牌13,15英寸,8吉字节内存,白色,16*1*1,16,DL08A,简,收货,上架
TVGL32SFWh,白色 品牌31 32英寸 电视机（超级全高清）,电视机,品牌31,32英寸,超级全高清,白色,8*1*1,8,DS97F,克里斯,收货,上架
DrWE18SlBe,米色 品牌02 1800 抽屉柜（滑动式）,抽屉柜,品牌02,1800,滑动式,米色,8*1*1,8,AX05A,克里斯,收货,上架
SPRe50SoWh,白色 品牌22 50 触控笔（可溶性）,触控笔,品牌22,50,可溶性,白色,48*10*5,2400,DR08D,艾米,收货,上架
LaSu17i5Si,银色 品牌11 17英寸 笔记本电脑（第5代处理器）,笔记本电脑,品牌11,17英寸,第5代处理器,银色,16*1*1,16,BM76A,约翰,收货,上架
DrRG12DoBl,黑色 品牌03 1200 抽屉柜（带门式）,抽屉柜,品牌03,1200,带门式,黑色,8*1*1,8,CG83C,迈克,收货,上架
CuTE12DoWh,白色 品牌04 1200 储物柜（带门式）,储物柜,品牌04,1200,带门式,白色,8*1*1,8,DU57D,迈克,收货,上架
TVEs50SFGr,灰色 品牌32 50英寸 电视机（超级全高清）,电视机,品牌32,50英寸,超级全高清,灰色,8*1*1,8,CJ53H,亚历克斯,收货,上架
AlOv1732Bl,黑色 品牌13 17英寸 一体机（32吉字节内存）,一体机,品牌13,17英寸,32吉字节内存,黑色,16*1*1,16,CN93B,劳拉,收货,上架
PrReA2WiWh,白色 品牌24 二号纸 打印机（无线网络）,打印机,品牌24,二号纸,无线网络,白色,16*1*1,16,DG31G,克里斯,收货,上架
TVGL50S4Wh,白色 品牌31 50英寸 电视机（超级超高清）,电视机,品牌31,50英寸,超级超高清,白色,8*1*1,8,DQ37E,艾米丽,收货,上架
NoGrA3ruGr,灰色 品牌18 三号纸 笔记本（横线）,笔记本,品牌18,三号纸,横线,灰色,48*10*5,2400,CV33G,艾米丽,收货,上架
GaSESLeGr,灰色 品牌08 小号 游戏椅（皮革）,游戏椅,品牌08,小号,皮革,灰色,16*1*1,16,AF66C,亚历克斯,收货,上架
PrPHA3WiWh,白色 品牌12 三号纸 打印机（无线网络）,打印机,品牌12,三号纸,无线网络,白色,16*1*1,16,BW17B,约翰,收货,上架
LaSu178GSi,银色 品牌11 17英寸 笔记本电脑（8吉字节内存）,笔记本电脑,品牌11,17英寸,8吉字节内存,银色,16*1*1,16,CG89F,克里斯,收货,上架
SPRe24WaWh,白色 品牌22 24 触控笔（水彩）,触控笔,品牌22,24,水彩,白色,48*10*5,2400,BN86E,劳拉,收货,上架
DrQE90DoBl,黑色 品牌01 900 抽屉柜（带门式）,抽屉柜,品牌01,900,带门式,黑色,8*1*1,8,DP53B,迈克,收货,上架
KePH35BlBl,黑色 品牌12 350 键盘（蓝牙）,键盘,品牌12,350,蓝牙,黑色,16*10*1,160,DY90C,莎拉,收货,上架
KeRe35MePi,粉色 品牌10 350 键盘（机械式）,键盘,品牌10,350,机械式,粉色,16*10*1,160,AW61D,克里斯,收货,上架
CaWE18LoBl,黑色 品牌02 1800 文件柜（储物锁柜）,文件柜,品牌02,1800,储物锁柜,黑色,8*1*1,8,AX55H,约翰,收货,上架
PrNoA4InBl,黑色 品牌26 四号纸 打印机（喷墨）,打印机,品牌26,四号纸,喷墨,黑色,16*1*1,16,CT36H,艾米丽,收货,上架
CuRG12LoGr,灰色 品牌03 1200 储物柜（储物锁柜）,储物柜,品牌03,1200,储物锁柜,灰色,8*1*1,8,AL26G,简,收货,上架
MoSu35ErWh,白色 品牌11 350 鼠标（人体工学）,鼠标,品牌11,350,人体工学,白色,16*10*1,160,DR33A,克里斯,收货,上架
CaWE18FiBe,米色 品牌02 1800 文件柜（文件收纳）,文件柜,品牌02,1800,文件收纳,米色,8*1*1,8,DG90A,约翰,收货,上架
LaSu1416Si,银色 品牌11 14英寸 笔记本电脑（16吉字节内存）,笔记本电脑,品牌11,14英寸,16吉字节内存,银色,16*1*1,16,CX58E,艾米丽,收货,上架
MoHc35ErNa,藏青色 品牌09 350 鼠标（人体工学）,鼠标,品牌09,350,人体工学,藏青色,16*10*1,160,BK90C,劳拉,收货,上架
LaPH17i7Wh,白色 品牌12 17英寸 笔记本电脑（第7代处理器）,笔记本电脑,品牌12,17英寸,第7代处理器,白色,16*1*1,16,BH36C,艾米,收货,上架
CaTE18SlBe,米色 品牌04 1800 文件柜（滑动式）,文件柜,品牌04,1800,滑动式,米色,8*1*1,8,DG49F,迈克,收货,上架
TaCI15FrBl,黑色 品牌27 1500 桌子（框架式）,桌子,品牌27,1500,框架式,黑色,8*1*1,8,AW40H,艾米丽,收货,上架
DrQE90LoWh,白色 品牌01 900 抽屉柜（储物锁柜）,抽屉柜,品牌01,900,储物锁柜,白色,8*1*1,8,DR88H,艾米,收货,上架
TVGn654KBl,黑色 品牌30 65英寸 电视机（超高清）,电视机,品牌30,65英寸,超高清,黑色,8*1*1,8,CZ70B,艾米,收货,上架
PrNoA4WiBl,黑色 品牌26 四号纸 打印机（无线网络）,打印机,品牌26,四号纸,无线网络,黑色,16*1*1,16,DO42A,迈克,收货,上架
DrTE12FiBe,米色 品牌04 1200 抽屉柜（文件收纳）,抽屉柜,品牌04,1200,文件收纳,米色,8*1*1,8,AX09F,大卫,收货,上架
AlYn158GWh,白色 品牌15 15英寸 一体机（8吉字节内存）,一体机,品牌15,15英寸,8吉字节内存,白色,16*1*1,16,AO39D,大卫,收货,上架
CaTE12SlBl,黑色 品牌04 1200 文件柜（滑动式）,文件柜,品牌04,1200,滑动式,黑色,8*1*1,8,DV02B,迈克,收货,上架
NoGrA3doSi,银色 品牌18 三号纸 笔记本（点阵）,笔记本,品牌18,三号纸,点阵,银色,48*10*5,2400,AU59E,劳拉,收货,上架
DrQE90SlBe,米色 品牌01 900 抽屉柜（滑动式）,抽屉柜,品牌01,900,滑动式,米色,8*1*1,8,DQ87A,劳拉,收货,上架
LaYn14i7Wh,白色 品牌15 14英寸 笔记本电脑（第7代处理器）,笔记本电脑,品牌15,14英寸,第7代处理器,白色,16*1*1,16,DX32G,莎拉,收货,上架
OfXEMLeBl,黑色 品牌06 中号 办公椅（皮革）,办公椅,品牌06,中号,皮革,黑色,16*1*1,16,BJ21B,艾米,收货,上架
GaOGSAdPi,粉色 品牌07 小号 游戏椅（可调节）,游戏椅,品牌07,小号,可调节,粉色,16*1*1,16,AM40A,约翰,收货,上架
LaPH14i5Wh,白色 品牌12 14英寸 笔记本电脑（第5代处理器）,笔记本电脑,品牌12,14英寸,第5代处理器,白色,16*1*1,16,DH83E,迈克,收货,上架
TVGn75S4Bl,黑色 品牌30 75英寸 电视机（超级超高清）,电视机,品牌30,75英寸,超级超高清,黑色,8*1*1,8,AS52B,约翰,收货,上架
PrPHA2InMi,混合色 品牌12 二号纸 打印机（喷墨）,打印机,品牌12,二号纸,喷墨,混合色,16*1*1,16,DL98D,艾米,收货,上架
TaTR10AuSi,银色 品牌28 1000 桌子（自动调节）,桌子,品牌28,1000,自动调节,银色,8*1*1,8,BR40A,莎拉,收货,上架
DrQE18LoBe,米色 品牌01 1800 抽屉柜（储物锁柜）,抽屉柜,品牌01,1800,储物锁柜,米色,8*1*1,8,CG36A,简,收货,上架
KeHc45BlWh,白色 品牌09 450 键盘（蓝牙）,键盘,品牌09,450,蓝牙,白色,16*10*1,160,DW87B,艾米,收货,上架
CaQE90SlBe,米色 品牌01 900 文件柜（滑动式）,文件柜,品牌01,900,滑动式,米色,8*1*1,8,DM87E,艾米,收货,上架
TVEs65S4Bl,黑色 品牌32 65英寸 电视机（超级超高清）,电视机,品牌32,65英寸,超级超高清,黑色,8*1*1,8,CH18H,大卫,收货,上架
OfAESLeGr,灰色 品牌05 小号 办公椅（皮革）,办公椅,品牌05,小号,皮革,灰色,16*1*1,16,CV68H,克里斯,收货,上架
SPAl24WaBl,黑色 品牌20 24 触控笔（水彩）,触控笔,品牌20,24,水彩,黑色,48*10*5,2400,BN12E,简,收货,上架
MoPH35WiPi,粉色 品牌12 350 鼠标（有线）,鼠标,品牌12,350,有线,粉色,16*10*1,160,DY09E,劳拉,收货,上架
AlSu1416Gr,灰色 品牌11 14英寸 一体机（16吉字节内存）,一体机,品牌11,14英寸,16吉字节内存,灰色,16*1*1,16,DM96G,艾米丽,收货,上架
TaTR15AdSi,银色 品牌28 1500 桌子（可调节）,桌子,品牌28,1500,可调节,银色,8*1*1,8,BK52G,简,收货,上架
KeHc35BlNa,藏青色 品牌09 350 键盘（蓝牙）,键盘,品牌09,350,蓝牙,藏青色,16*10*1,160,CP56A,迈克,收货,上架
MoSu45BlBl,黑色 品牌11 450 鼠标（蓝牙）,鼠标,品牌11,450,蓝牙,黑色,16*10*1,160,BJ33F,莎拉,收货,上架
DrWE90LoWh,白色 品牌02 900 抽屉柜（储物锁柜）,抽屉柜,品牌02,900,储物锁柜,白色,8*1*1,8,CZ85D,劳拉,收货,上架
LaSu15i7Gr,灰色 品牌11 15英寸 笔记本电脑（第7代处理器）,笔记本电脑,品牌11,15英寸,第7代处理器,灰色,16*1*1,16,DH96D,克里斯,收货,上架
CuTE90SlBl,黑色 品牌04 900 储物柜（滑动式）,储物柜,品牌04,900,滑动式,黑色,8*1*1,8,DJ41H,莎拉,收货,上架
AlOv148GWh,白色 品牌13 14英寸 一体机（8吉字节内存）,一体机,品牌13,14英寸,8吉字节内存,白色,16*1*1,16,BW09G,约翰,收货,上架
GaAEMErWh,白色 品牌05 中号 游戏椅（人体工学）,游戏椅,品牌05,中号,人体工学,白色,16*1*1,16,DL55F,简,收货,上架
OfAESAdBl,黑色 品牌05 小号 办公椅（可调节）,办公椅,品牌05,小号,可调节,黑色,16*1*1,16,CM49D,大卫,收货,上架
AlPH15i7Wh,白色 品牌12 15英寸 一体机（第7代处理器）,一体机,品牌12,15英寸,第7代处理器,白色,16*1*1,16,BJ75F,大卫,收货,上架
TaAE18AuWh,白色 品牌05 1800 桌子（自动调节）,桌子,品牌05,1800,自动调节,白色,8*1*1,8,AL10A,约翰,收货,上架
TVYn324KGr,灰色 品牌15 32英寸 电视机（超高清）,电视机,品牌15,32英寸,超高清,灰色,8*1*1,8,DI14G,莎拉,收货,上架
DrWE18LoGr,灰色 品牌02 1800 抽屉柜（储物锁柜）,抽屉柜,品牌02,1800,储物锁柜,灰色,8*1*1,8,BP14G,莎拉,收货,上架
TaTR10AdSi,银色 品牌29 1000 桌子（可调节）,桌子,品牌29,1000,可调节,银色,8*1*1,8,CJ85F,简,收货,上架
AlRe178GGr,灰色 品牌14 17英寸 一体机（8吉字节内存）,一体机,品牌14,17英寸,8吉字节内存,灰色,16*1*1,16,DL65B,约翰,收货,上架
TVYn50SFSi,银色 品牌15 50英寸 电视机（超级全高清）,电视机,品牌15,50英寸,超级全高清,银色,8*1*1,8,AW49E,克里斯,收货,上架
LaSu14i5Si,银色 品牌11 14英寸 笔记本电脑（第5代处理器）,笔记本电脑,品牌11,14英寸,第5代处理器,银色,16*1*1,16,DL91D,迈克,收货,上架
PrReA4MoGr,灰色 品牌24 四号纸 打印机（黑白）,打印机,品牌24,四号纸,黑白,灰色,16*1*1,16,CR07B,迈克,收货,上架
CaTE18SlBe,米色 品牌04 1800 文件柜（滑动式）,文件柜,品牌04,1800,滑动式,米色,8*1*1,8,CV48H,克里斯,收货,上架
LaRe17i7Gr,灰色 品牌14 17英寸 笔记本电脑（第7代处理器）,笔记本电脑,品牌14,17英寸,第7代处理器,灰色,16*1*1,16,BH14E,约翰,收货,上架
PrSoA4InMi,混合色 品牌25 四号纸 打印机（喷墨）,打印机,品牌25,四号纸,喷墨,混合色,16*1*1,16,BT39A,迈克,收货,上架
AlYn14i5Wh,白色 品牌15 14英寸 一体机（第5代处理器）,一体机,品牌15,14英寸,第5代处理器,白色,16*1*1,16,AX46H,亚历克斯,收货,上架
TVEs324KGr,灰色 品牌32 32英寸 电视机（超高清）,电视机,品牌32,32英寸,超高清,灰色,8*1*1,8,AQ57H,迈克,收货,上架
GaOGMHeBl,黑色 品牌07 中号 游戏椅（头枕）,游戏椅,品牌07,中号,头枕,黑色,16*1*1,16,DK45E,克里斯,收货,上架
OfOGMAdWh,白色 品牌07 中号 办公椅（可调节）,办公椅,品牌07,中号,可调节,白色,16*1*1,16,AW58C,简,收货,上架
PrSoA4InGr,灰色 品牌25 四号纸 打印机（喷墨）,打印机,品牌25,四号纸,喷墨,灰色,16*1*1,16,AT77F,亚历克斯,收货,上架
PrPHA2InGr,灰色 品牌12 二号纸 打印机（喷墨）,打印机,品牌12,二号纸,喷墨,灰色,16*1*1,16,DY66F,艾米丽,收货,上架
AlYn15i7Wh,白色 品牌15 15英寸 一体机（第7代处理器）,一体机,品牌15,15英寸,第7代处理器,白色,16*1*1,16,AO43B,艾米,收货,上架
CaQE90SlGr,灰色 品牌01 900 文件柜（滑动式）,文件柜,品牌01,900,滑动式,灰色,8*1*1,8,AU66D,艾米,收货,上架
CuQE90DoBe,米色 品牌01 900 储物柜（带门式）,储物柜,品牌01,900,带门式,米色,8*1*1,8,DK84F,迈克,收货,上架
PeNa24SoPi,粉色 品牌23 24 铅笔（可溶性）,铅笔,品牌23,24,可溶性,粉色,48*10*5,2400,AL88B,莎拉,收货,上架
KeRe35MeWh,白色 品牌10 350 键盘（机械式）,键盘,品牌10,350,机械式,白色,16*10*1,160,DL37F,约翰,收货,上架
OfXELHePi,粉色 品牌06 大号 办公椅（头枕）,办公椅,品牌06,大号,头枕,粉色,16*1*1,16,DR73G,劳拉,收货,上架
GaOGMErGr,灰色 品牌07 中号 游戏椅（人体工学）,游戏椅,品牌07,中号,人体工学,灰色,16*1*1,16,CP63C,莎拉,收货,上架
OfAESAdBl,黑色 品牌05 小号 办公椅（可调节）,办公椅,品牌05,小号,可调节,黑色,16*1*1,16,CW45D,简,收货,上架
MoHc35WiNa,藏青色 品牌09 350 鼠标（有线）,鼠标,品牌09,350,有线,藏青色,16*10*1,160,AR17D,莎拉,收货,上架
PrReA2MoWh,白色 品牌24 二号纸 打印机（黑白）,打印机,品牌24,二号纸,黑白,白色,16*1*1,16,AT53E,迈克,收货,上架
LaPH1416Gr,灰色 品牌12 14英寸 笔记本电脑（16吉字节内存）,笔记本电脑,品牌12,14英寸,16吉字节内存,灰色,16*1*1,16,CV88H,迈克,收货,上架
SPGi24SoPi,粉色 品牌21 24 触控笔（可溶性）,触控笔,品牌21,24,可溶性,粉色,48*10*5,2400,AR31G,莎拉,收货,上架
PrNoA4InGr,灰色 品牌26 四号纸 打印机（喷墨）,打印机,品牌26,四号纸,喷墨,灰色,16*1*1,16,BK57B,大卫,收货,上架
DrWE18FiWh,白色 品牌02 1800 抽屉柜（文件收纳）,抽屉柜,品牌02,1800,文件收纳,白色,8*1*1,8,BH61A,艾米,收货,上架
LaSu14i7Gr,灰色 品牌11 14英寸 笔记本电脑（第7代处理器）,笔记本电脑,品牌11,14英寸,第7代处理器,灰色,16*1*1,16,AG87D,亚历克斯,收货,上架
MoRe27BlPi,粉色 品牌10 270 鼠标（蓝牙）,鼠标,品牌10,270,蓝牙,粉色,16*10*1,160,CG58B,莎拉,收货,上架
CaQE90SlBe,米色 品牌01 900 文件柜（滑动式）,文件柜,品牌01,900,滑动式,米色,8*1*1,8,BN81D,艾米丽,收货,上架
AlPH1416Wh,白色 品牌12 14英寸 一体机（16吉字节内存）,一体机,品牌12,14英寸,16吉字节内存,白色,16*1*1,16,BJ54G,艾米丽,收货,上架
TVGL42SFBl,黑色 品牌31 42英寸 电视机（超级全高清）,电视机,品牌31,42英寸,超级全高清,黑色,8*1*1,8,DX64G,劳拉,收货,上架
TVGL42S4Gr,灰色 品牌31 42英寸 电视机（超级超高清）,电视机,品牌31,42英寸,超级超高清,灰色,8*1*1,8,BQ91A,艾米,收货,上架
KeSu35MeWh,白色 品牌11 350 键盘（机械式）,键盘,品牌11,350,机械式,白色,16*10*1,160,DJ53F,大卫,收货,上架
KePH27MeBl,黑色 品牌12 270 键盘（机械式）,键盘,品牌12,270,机械式,黑色,16*10*1,160,AG91E,大卫,收货,上架
CuQE90FiBl,黑色 品牌01 900 储物柜（文件收纳）,储物柜,品牌01,900,文件收纳,黑色,8*1*1,8,DU80C,约翰,收货,上架
CaWE90LoWh,白色 品牌02 900 文件柜（储物锁柜）,文件柜,品牌02,900,储物锁柜,白色,8*1*1,8,AO59E,约翰,收货,上架
TVYn75S4Wh,白色 品牌15 75英寸 电视机（超级超高清）,电视机,品牌15,75英寸,超级超高清,白色,8*1*1,8,AL34A,迈克,收货,上架
TaCI15FrSi,银色 品牌27 1500 桌子（框架式）,桌子,品牌27,1500,框架式,银色,8*1*1,8,DH43H,简,收货,上架
PrPHA4WiGr,灰色 品牌12 四号纸 打印机（无线网络）,打印机,品牌12,四号纸,无线网络,灰色,16*1*1,16,AP80E,约翰,收货,上架
PrPHA4LaGr,灰色 品牌12 四号纸 打印机（激光）,打印机,品牌12,四号纸,激光,灰色,16*1*1,16,BJ25G,约翰,收货,上架
OfOGMHeBl,黑色 品牌07 中号 办公椅（头枕）,办公椅,品牌07,中号,头枕,黑色,16*1*1,16,CM06D,艾米,收货,上架
PeAl50WaGr,灰色 品牌20 50 铅笔（水彩）,铅笔,品牌20,50,水彩,灰色,48*10*5,2400,CL65F,大卫,收货,上架
PeGi50SoGr,灰色 品牌21 50 铅笔（可溶性）,铅笔,品牌21,50,可溶性,灰色,48*10*5,2400,CT41C,大卫,收货,上架
KePH27WiNa,藏青色 品牌12 270 键盘（有线）,键盘,品牌12,270,有线,藏青色,16*10*1,160,CX39B,简,收货,上架
GaOGLLeWh,白色 品牌07 大号 游戏椅（皮革）,游戏椅,品牌07,大号,皮革,白色,16*1*1,16,CM65A,艾米,收货,上架
TVGn50S4Wh,白色 品牌30 50英寸 电视机（超级超高清）,电视机,品牌30,50英寸,超级超高清,白色,8*1*1,8,CZ31D,亚历克斯,收货,上架
TVGn42SFGr,灰色 品牌30 42英寸 电视机（超级全高清）,电视机,品牌30,42英寸,超级全高清,灰色,8*1*1,8,BM24E,艾米丽,收货,上架
SPGi12WaPi,粉色 品牌21 12 触控笔（水彩）,触控笔,品牌21,12,水彩,粉色,48*10*5,2400,CW94A,艾米丽,收货,上架
LaOv178GBl,黑色 品牌13 17英寸 笔记本电脑（8吉字节内存）,笔记本电脑,品牌13,17英寸,8吉字节内存,黑色,16*1*1,16,BR69E,大卫,收货,上架
TaTR10FrWh,白色 品牌29 1000 桌子（框架式）,桌子,品牌29,1000,框架式,白色,8*1*1,8,DF76D,简,收货,上架
LaPH15i5Si,银色 品牌12 15英寸 笔记本电脑（第5代处理器）,笔记本电脑,品牌12,15英寸,第5代处理器,银色,16*1*1,16,AP08H,简,收货,上架
CaWE18DoBl,黑色 品牌02 1800 文件柜（带门式）,文件柜,品牌02,1800,带门式,黑色,8*1*1,8,BP68E,简,收货,上架
CuQE18DoBl,黑色 品牌01 1800 储物柜（带门式）,储物柜,品牌01,1800,带门式,黑色,8*1*1,8,DP71G,莎拉,收货,上架
GaSESHeBl,黑色 品牌08 小号 游戏椅（头枕）,游戏椅,品牌08,小号,头枕,黑色,16*1*1,16,AG14G,亚历克斯,收货,上架
PrNoA3AlBl,黑色 品牌26 三号纸 打印机（一体式）,打印机,品牌26,三号纸,一体式,黑色,16*1*1,16,DX31G,简,收货,上架
TaAE10WoWh,白色 品牌05 1000 桌子（工作站）,桌子,品牌05,1000,工作站,白色,8*1*1,8,BW55H,艾米丽,收货,上架
PrReA2LaGr,灰色 品牌24 二号纸 打印机（激光）,打印机,品牌24,二号纸,激光,灰色,16*1*1,16,DZ57G,莎拉,收货,上架
CuQE90FiGr,灰色 品牌01 900 储物柜（文件收纳）,储物柜,品牌01,900,文件收纳,灰色,8*1*1,8,BY77D,艾米,收货,上架
SPNa24WaPi,粉色 品牌23 24 触控笔（水彩）,触控笔,品牌23,24,水彩,粉色,48*10*5,2400,BO21C,莎拉,收货,上架
MoRe27ErNa,藏青色 品牌10 270 鼠标（人体工学）,鼠标,品牌10,270,人体工学,藏青色,16*10*1,160,CP95E,莎拉,收货,上架
DrRG12DoGr,灰色 品牌03 1200 抽屉柜（带门式）,抽屉柜,品牌03,1200,带门式,灰色,8*1*1,8,BO49D,迈克,收货,上架
SPRe24HeBl,黑色 品牌22 24 触控笔（六角形）,触控笔,品牌22,24,六角形,黑色,48*10*5,2400,BZ62B,大卫,收货,上架
LaSu14i5Bl,黑色 品牌11 14英寸 笔记本电脑（第5代处理器）,笔记本电脑,品牌11,14英寸,第5代处理器,黑色,16*1*1,16,CQ74E,莎拉,收货,上架
MoPH45BlNa,藏青色 品牌12 450 鼠标（蓝牙）,鼠标,品牌12,450,蓝牙,藏青色,16*10*1,160,CT32A,迈克,收货,上架
TaCI18WoSi,银色 品牌27 1800 桌子（工作站）,桌子,品牌27,1800,工作站,银色,8*1*1,8,DQ65G,简,收货,上架
GaSEMLeWh,白色 品牌08 中号 游戏椅（皮革）,游戏椅,品牌08,中号,皮革,白色,16*1*1,16,BK61C,迈克,收货,上架
CaQE12LoGr,灰色 品牌01 1200 文件柜（储物锁柜）,文件柜,品牌01,1200,储物锁柜,灰色,8*1*1,8,DR89F,迈克,收货,上架
KeRe45MeNa,藏青色 品牌10 450 键盘（机械式）,键盘,品牌10,450,机械式,藏青色,16*10*1,160,CG59E,克里斯,收货,上架
PeRe50WaPi,粉色 品牌22 50 铅笔（水彩）,铅笔,品牌22,50,水彩,粉色,48*10*5,2400,DS15B,亚历克斯,收货,上架
TVGn75S4Si,银色 品牌30 75英寸 电视机（超级超高清）,电视机,品牌30,75英寸,超级超高清,银色,8*1*1,8,CG31D,亚历克斯,收货,上架
TaAE18AdWh,白色 品牌05 1800 桌子（可调节）,桌子,品牌05,1800,可调节,白色,8*1*1,8,AY13G,大卫,收货,上架
CuQE90DoBl,黑色 品牌01 900 储物柜（带门式）,储物柜,品牌01,900,带门式,黑色,8*1*1,8,CP79H,莎拉,收货,上架
AlSu158GBl,黑色 品牌11 15英寸 一体机（8吉字节内存）,一体机,品牌11,15英寸,8吉字节内存,黑色,16*1*1,16,AV25E,亚历克斯,收货,上架
TVYn75SFGr,灰色 品牌15 75英寸 电视机（超级全高清）,电视机,品牌15,75英寸,超级全高清,灰色,8*1*1,8,BW62A,劳拉,收货,上架
LaYn158GBl,黑色 品牌15 15英寸 笔记本电脑（8吉字节内存）,笔记本电脑,品牌15,15英寸,8吉字节内存,黑色,16*1*1,16,AR56C,简,收货,上架
TVEs654KSi,银色 品牌32 65英寸 电视机（超高清）,电视机,品牌32,65英寸,超高清,银色,8*1*1,8,DH70A,艾米,收货,上架
PrNoA4InGr,灰色 品牌26 四号纸 打印机（喷墨）,打印机,品牌26,四号纸,喷墨,灰色,16*1*1,16,AY67F,约翰,收货,上架
KeRe27MePi,粉色 品牌10 270 键盘（机械式）,键盘,品牌10,270,机械式,粉色,16*10*1,160,DM24G,莎拉,收货,上架
PrReA3WiMi,混合色 品牌24 三号纸 打印机（无线网络）,打印机,品牌24,三号纸,无线网络,混合色,16*1*1,16,CU51H,劳拉,收货,上架
GaSESErGr,灰色 品牌08 小号 游戏椅（人体工学）,游戏椅,品牌08,小号,人体工学,灰色,16*1*1,16,DX57C,大卫,收货,上架
KeHc35WiBl,黑色 品牌09 350 键盘（有线）,键盘,品牌09,350,有线,黑色,16*10*1,160,AQ57D,艾米丽,收货,上架
SPNa24SoWh,白色 品牌23 24 触控笔（可溶性）,触控笔,品牌23,24,可溶性,白色,48*10*5,2400,CT34D,简,收货,上架
AlYn15i5Si,银色 品牌15 15英寸 一体机（第5代处理器）,一体机,品牌15,15英寸,第5代处理器,银色,16*1*1,16,DU84D,约翰,收货,上架
LaYn1416Si,银色 品牌15 14英寸 笔记本电脑（16吉字节内存）,笔记本电脑,品牌15,14英寸,16吉字节内存,银色,16*1*1,16,BR86E,大卫,收货,上架
LaPH1432Wh,白色 品牌12 14英寸 笔记本电脑（32吉字节内存）,笔记本电脑,品牌12,14英寸,32吉字节内存,白色,16*1*1,16,DK51B,克里斯,收货,上架
LaOv148GWh,白色 品牌13 14英寸 笔记本电脑（8吉字节内存）,笔记本电脑,品牌13,14英寸,8吉字节内存,白色,16*1*1,16,BW07F,大卫,收货,上架
LaYn148GGr,灰色 品牌15 14英寸 笔记本电脑（8吉字节内存）,笔记本电脑,品牌15,14英寸,8吉字节内存,灰色,16*1*1,16,CZ89B,简,收货,上架
AlPH1532Bl,黑色 品牌12 15英寸 一体机（32吉字节内存）,一体机,品牌12,15英寸,32吉字节内存,黑色,16*1*1,16,DI49E,亚历克斯,收货,上架
AlSu14i7Gr,灰色 品牌11 14英寸 一体机（第7代处理器）,一体机,品牌11,14英寸,第7代处理器,灰色,16*1*1,16,AG85A,迈克,收货,上架
PeAl50SoPi,粉色 品牌20 50 铅笔（可溶性）,铅笔,品牌20,50,可溶性,粉色,48*10*5,2400,BJ78C,亚历克斯,收货,上架
PeRe50WaPi,粉色 品牌22 50 铅笔（水彩）,铅笔,品牌22,50,水彩,粉色,48*10*5,2400,DG78B,约翰,收货,上架
LaRe1416Gr,灰色 品牌14 14英寸 笔记本电脑（16吉字节内存）,笔记本电脑,品牌14,14英寸,16吉字节内存,灰色,16*1*1,16,DR18E,迈克,收货,上架
CaRG18SlGr,灰色 品牌03 1800 文件柜（滑动式）,文件柜,品牌03,1800,滑动式,灰色,8*1*1,8,AQ53F,劳拉,收货,上架
CaTE12SlGr,灰色 品牌04 1200 文件柜（滑动式）,文件柜,品牌04,1200,滑动式,灰色,8*1*1,8,CP48H,克里斯,收货,上架
OfSESHeBl,黑色 品牌08 小号 办公椅（头枕）,办公椅,品牌08,小号,头枕,黑色,16*1*1,16,CJ53G,劳拉,收货,上架
OfOGLHeGr,灰色 品牌07 大号 办公椅（头枕）,办公椅,品牌07,大号,头枕,灰色,16*1*1,16,DF23H,迈克,收货,上架
MoHc45BlPi,粉色 品牌09 450 鼠标（蓝牙）,鼠标,品牌09,450,蓝牙,粉色,16*10*1,160,BS11G,约翰,收货,上架
AlRe14i7Bl,黑色 品牌14 14英寸 一体机（第7代处理器）,一体机,品牌14,14英寸,第7代处理器,黑色,16*1*1,16,DJ89F,亚历克斯,收货,上架
PeRe50WaBl,黑色 品牌22 50 铅笔（水彩）,铅笔,品牌22,50,水彩,黑色,48*10*5,2400,DM11H,大卫,收货,上架
MoPH35BlWh,白色 品牌12 350 鼠标（蓝牙）,鼠标,品牌12,350,蓝牙,白色,16*10*1,160,DR41H,大卫,收货,上架
OfSESHeGr,灰色 品牌08 小号 办公椅（头枕）,办公椅,品牌08,小号,头枕,灰色,16*1*1,16,DJ28D,简,收货,上架
NoGrA3doWh,白色 品牌18 三号纸 笔记本（点阵）,笔记本,品牌18,三号纸,点阵,白色,48*10*5,2400,AQ71A,艾米,收货,上架
MoRe45ErBl,黑色 品牌10 450 鼠标（人体工学）,鼠标,品牌10,450,人体工学,黑色,16*10*1,160,DY97A,劳拉,收货,上架
CuQE90DoWh,白色 品牌01 900 储物柜（带门式）,储物柜,品牌01,900,带门式,白色,8*1*1,8,BS46G,劳拉,收货,上架
PrPHA4InMi,混合色 品牌12 四号纸 打印机（喷墨）,打印机,品牌12,四号纸,喷墨,混合色,16*1*1,16,AJ11D,劳拉,收货,上架
CaTE90DoBl,黑色 品牌04 900 文件柜（带门式）,文件柜,品牌04,900,带门式,黑色,8*1*1,8,DX07C,克里斯,收货,上架
OfXELErGr,灰色 品牌06 大号 办公椅（人体工学）,办公椅,品牌06,大号,人体工学,灰色,16*1*1,16,BX52E,克里斯,收货,上架
LaPH1716Wh,白色 品牌12 17英寸 笔记本电脑（16吉字节内存）,笔记本电脑,品牌12,17英寸,16吉字节内存,白色,16*1*1,16,DY18C,艾米,收货,上架
DrWE12DoBl,黑色 品牌02 1200 抽屉柜（带门式）,抽屉柜,品牌02,1200,带门式,黑色,8*1*1,8,CL52A,亚历克斯,收货,上架
LaSu15i5Wh,白色 品牌11 15英寸 笔记本电脑（第5代处理器）,笔记本电脑,品牌11,15英寸,第5代处理器,白色,16*1*1,16,AM63D,艾米丽,收货,上架
LaSu14i7Gr,灰色 品牌11 14英寸 笔记本电脑（第7代处理器）,笔记本电脑,品牌11,14英寸,第7代处理器,灰色,16*1*1,16,DT56G,劳拉,收货,上架
TaAE15AuGr,灰色 品牌05 1500 桌子（自动调节）,桌子,品牌05,1500,自动调节,灰色,8*1*1,8,BY42B,艾米,收货,上架
AlPH148GWh,白色 品牌12 14英寸 一体机（8吉字节内存）,一体机,品牌12,14英寸,8吉字节内存,白色,16*1*1,16,DQ52A,艾米,收货,上架
SPAl24SoGr,灰色 品牌20 24 触控笔（可溶性）,触控笔,品牌20,24,可溶性,灰色,48*10*5,2400,BG35F,劳拉,收货,上架
PeAl50SoGr,灰色 品牌20 50 铅笔（可溶性）,铅笔,品牌20,50,可溶性,灰色,48*10*5,2400,AW17E,艾米,收货,上架
OfSELErBl,黑色 品牌08 大号 办公椅（人体工学）,办公椅,品牌08,大号,人体工学,黑色,16*1*1,16,CX76H,大卫,收货,上架
MoPH27BlBl,黑色 品牌12 270 鼠标（蓝牙）,鼠标,品牌12,270,蓝牙,黑色,16*10*1,160,AZ02C,大卫,收货,上架
PrSoA2MoMi,混合色 品牌25 二号纸 打印机（黑白）,打印机,品牌25,二号纸,黑白,混合色,16*1*1,16,DH23E,简,收货,上架
CaWE18FiGr,灰色 品牌02 1800 文件柜（文件收纳）,文件柜,品牌02,1800,文件收纳,灰色,8*1*1,8,AM17E,莎拉,收货,上架
PrPHA4WiGr,灰色 品牌12 四号纸 打印机（无线网络）,打印机,品牌12,四号纸,无线网络,灰色,16*1*1,16,AG91B,大卫,收货,上架
TVGL65SFGr,灰色 品牌31 65英寸 电视机（超级全高清）,电视机,品牌31,65英寸,超级全高清,灰色,8*1*1,8,DK29D,亚历克斯,收货,上架
TVGn324KBl,黑色 品牌30 32英寸 电视机（超高清）,电视机,品牌30,32英寸,超高清,黑色,8*1*1,8,DH28H,约翰,收货,上架
TVYn42S4Wh,白色 品牌15 42英寸 电视机（超级超高清）,电视机,品牌15,42英寸,超级超高清,白色,8*1*1,8,BO93G,莎拉,收货,上架
MoSu35BlBl,黑色 品牌11 350 鼠标（蓝牙）,鼠标,品牌11,350,蓝牙,黑色,16*10*1,160,AJ98E,大卫,收货,上架
AlPH14i5Gr,灰色 品牌12 14英寸 一体机（第5代处理器）,一体机,品牌12,14英寸,第5代处理器,灰色,16*1*1,16,CU78F,约翰,收货,上架
AlYn15i5Wh,白色 品牌15 15英寸 一体机（第5代处理器）,一体机,品牌15,15英寸,第5代处理器,白色,16*1*1,16,BG28H,约翰,收货,上架
CaTE90SlWh,白色 品牌04 900 文件柜（滑动式）,文件柜,品牌04,900,滑动式,白色,8*1*1,8,DW07D,大卫,收货,上架
KeSu45MePi,粉色 品牌11 450 键盘（机械式）,键盘,品牌11,450,机械式,粉色,16*10*1,160,BR71E,亚历克斯,收货,上架
SPAl12WaBl,黑色 品牌20 12 触控笔（水彩）,触控笔,品牌20,12,水彩,黑色,48*10*5,2400,AX57F,艾米丽,收货,上架
TaCI15FrWh,白色 品牌27 1500 桌子（框架式）,桌子,品牌27,1500,框架式,白色,8*1*1,8,CM29F,克里斯,收货,上架
AlSu1516Si,银色 品牌11 15英寸 一体机（16吉字节内存）,一体机,品牌11,15英寸,16吉字节内存,银色,16*1*1,16,AK10C,莎拉,收货,上架
AlPH14i7Wh,白色 品牌12 14英寸 一体机（第7代处理器）,一体机,品牌12,14英寸,第7代处理器,白色,16*1*1,16,AZ63A,克里斯,收货,上架
PrNoA3WiBl,黑色 品牌26 三号纸 打印机（无线网络）,打印机,品牌26,三号纸,无线网络,黑色,16*1*1,16,AW75H,亚历克斯,收货,上架
TaTR15WoBl,黑色 品牌28 1500 桌子（工作站）,桌子,品牌28,1500,工作站,黑色,8*1*1,8,CG94H,大卫,收货,上架
TVYn754KSi,银色 品牌15 75英寸 电视机（超高清）,电视机,品牌15,75英寸,超高清,银色,8*1*1,8,CF02H,迈克,收货,上架
LaSu1432Gr,灰色 品牌11 14英寸 笔记本电脑（32吉字节内存）,笔记本电脑,品牌11,14英寸,32吉字节内存,灰色,16*1*1,16,CP07C,亚历克斯,收货,上架
AlSu15i5Bl,黑色 品牌11 15英寸 一体机（第5代处理器）,一体机,品牌11,15英寸,第5代处理器,黑色,16*1*1,16,DV03A,亚历克斯,收货,上架
GaOGLHeWh,白色 品牌07 大号 游戏椅（头枕）,游戏椅,品牌07,大号,头枕,白色,16*1*1,16,BS81A,艾米,收货,上架
AlRe148GSi,银色 品牌14 14英寸 一体机（8吉字节内存）,一体机,品牌14,14英寸,8吉字节内存,银色,16*1*1,16,DZ96B,克里斯,收货,上架
TVYn42FHBl,黑色 品牌15 42英寸 电视机（全高清）,电视机,品牌15,42英寸,全高清,黑色,8*1*1,8,BO96A,亚历克斯,收货,上架
PrNoA2WiGr,灰色 品牌26 二号纸 打印机（无线网络）,打印机,品牌26,二号纸,无线网络,灰色,16*1*1,16,DX45G,艾米丽,收货,上架
KeSu45ErPi,粉色 品牌11 450 键盘（人体工学）,键盘,品牌11,450,人体工学,粉色,16*10*1,160,DZ02F,约翰,收货,上架
CaTE90SlBe,米色 品牌04 900 文件柜（滑动式）,文件柜,品牌04,900,滑动式,米色,8*1*1,8,DS90C,大卫,收货,上架
NoGrA4ruBl,黑色 品牌18 四号纸 笔记本（横线）,笔记本,品牌18,四号纸,横线,黑色,48*10*5,2400,BM64F,约翰,收货,上架
GaAEMHeGr,灰色 品牌05 中号 游戏椅（头枕）,游戏椅,品牌05,中号,头枕,灰色,16*1*1,16,CS93F,迈克,收货,上架
CuQE12SlGr,灰色 品牌01 1200 储物柜（滑动式）,储物柜,品牌01,1200,滑动式,灰色,8*1*1,8,DX94F,亚历克斯,收货,上架
OfAESHePi,粉色 品牌05 小号 办公椅（头枕）,办公椅,品牌05,小号,头枕,粉色,16*1*1,16,DM50B,迈克,收货,上架
CaTE12LoGr,灰色 品牌04 1200 文件柜（储物锁柜）,文件柜,品牌04,1200,储物锁柜,灰色,8*1*1,8,AS85D,艾米,收货,上架
PrSoA3AlBl,黑色 品牌25 三号纸 打印机（一体式）,打印机,品牌25,三号纸,一体式,黑色,16*1*1,16,AF84G,大卫,收货,上架
DrRG18DoBe,米色 品牌03 1800 抽屉柜（带门式）,抽屉柜,品牌03,1800,带门式,米色,8*1*1,8,CU87A,大卫,收货,上架
LaSu1532Gr,灰色 品牌11 15英寸 笔记本电脑（32吉字节内存）,笔记本电脑,品牌11,15英寸,32吉字节内存,灰色,16*1*1,16,CF37E,艾米,收货,上架
TVGn32S4Wh,白色 品牌30 32英寸 电视机（超级超高清）,电视机,品牌30,32英寸,超级超高清,白色,8*1*1,8,BP56C,艾米丽,收货,上架
NoScA5doBl,黑色 品牌17 五号纸 笔记本（点阵）,笔记本,品牌17,五号纸,点阵,黑色,48*10*5,2400,AW84F,大卫,收货,上架
PrPHA4AlBl,黑色 品牌12 四号纸 打印机（一体式）,打印机,品牌12,四号纸,一体式,黑色,16*1*1,16,CV85A,大卫,收货,上架
CuTE90FiBe,米色 品牌04 900 储物柜（文件收纳）,储物柜,品牌04,900,文件收纳,米色,8*1*1,8,CP09C,艾米丽,收货,上架
TaAE18FrWh,白色 品牌05 1800 桌子（框架式）,桌子,品牌05,1800,框架式,白色,8*1*1,8,BT88D,迈克,收货,上架
OfXESLeBl,黑色 品牌06 小号 办公椅（皮革）,办公椅,品牌06,小号,皮革,黑色,16*1*1,16,BH94E,艾米,收货,上架
LaRe1532Bl,黑色 品牌14 15英寸 笔记本电脑（32吉字节内存）,笔记本电脑,品牌14,15英寸,32吉字节内存,黑色,16*1*1,16,AN93C,莎拉,收货,上架
TVEs42FHSi,银色 品牌32 42英寸 电视机（全高清）,电视机,品牌32,42英寸,全高清,银色,8*1*1,8,DF65B,艾米,收货,上架
PrReA3LaMi,混合色 品牌24 三号纸 打印机（激光）,打印机,品牌24,三号纸,激光,混合色,16*1*1,16,AN41F,艾米,收货,上架
PeRe24WaGr,灰色 品牌22 24 铅笔（水彩）,铅笔,品牌22,24,水彩,灰色,48*10*5,2400,CK33E,亚历克斯,收货,上架
NoGrA3liBl,黑色 品牌18 三号纸 笔记本（线条）,笔记本,品牌18,三号纸,线条,黑色,48*10*5,2400,BJ25D,亚历克斯,收货,上架
AlPH1416Si,银色 品牌12 14英寸 一体机（16吉字节内存）,一体机,品牌12,14英寸,16吉字节内存,银色,16*1*1,16,DS73C,劳拉,收货,上架
TVYn42S4Gr,灰色 品牌15 42英寸 电视机（超级超高清）,电视机,品牌15,42英寸,超级超高清,灰色,8*1*1,8,CL25B,艾米,收货,上架
TaAE15FrGr,灰色 品牌05 1500 桌子（框架式）,桌子,品牌05,1500,框架式,灰色,8*1*1,8,CZ40H,简,收货,上架
CuWE18DoGr,灰色 品牌02 1800 储物柜（带门式）,储物柜,品牌02,1800,带门式,灰色,8*1*1,8,BU18F,莎拉,收货,上架
PeAl24WaWh,白色 品牌20 24 铅笔（水彩）,铅笔,品牌20,24,水彩,白色,48*10*5,2400,AL88F,劳拉,收货,上架
TaAE15AuBl,黑色 品牌05 1500 桌子（自动调节）,桌子,品牌05,1500,自动调节,黑色,8*1*1,8,BL35G,莎拉,收货,上架
LaRe15i7Si,银色 品牌14 15英寸 笔记本电脑（第7代处理器）,笔记本电脑,品牌14,15英寸,第7代处理器,银色,16*1*1,16,DF09G,劳拉,收货,上架
KeHc45MePi,粉色 品牌09 450 键盘（机械式）,键盘,品牌09,450,机械式,粉色,16*10*1,160,AI15B,艾米丽,收货,上架
LaOv1732Bl,黑色 品牌13 17英寸 笔记本电脑（32吉字节内存）,笔记本电脑,品牌13,17英寸,32吉字节内存,黑色,16*1*1,16,CL29A,亚历克斯,收货,上架
TVYn50S4Wh,白色 品牌15 50英寸 电视机（超级超高清）,电视机,品牌15,50英寸,超级超高清,白色,8*1*1,8,BM39D,亚历克斯,收货,上架
LaPH178GWh,白色 品牌12 17英寸 笔记本电脑（8吉字节内存）,笔记本电脑,品牌12,17英寸,8吉字节内存,白色,16*1*1,16,AK87F,简,收货,上架
MoRe45ErWh,白色 品牌10 450 鼠标（人体工学）,鼠标,品牌10,450,人体工学,白色,16*10*1,160,DP79G,克里斯,收货,上架
CaRG12LoWh,白色 品牌03 1200 文件柜（储物锁柜）,文件柜,品牌03,1200,储物锁柜,白色,8*1*1,8,DM72F,简,收货,上架
PrReA2LaBl,黑色 品牌24 二号纸 打印机（激光）,打印机,品牌24,二号纸,激光,黑色,16*1*1,16,BG74E,约翰,收货,上架
GaAESAdPi,粉色 品牌05 小号 游戏椅（可调节）,游戏椅,品牌05,小号,可调节,粉色,16*1*1,16,DW56F,简,收货,上架
CuWE18LoBl,黑色 品牌02 1800 储物柜（储物锁柜）,储物柜,品牌02,1800,储物锁柜,黑色,8*1*1,8,AM02C,劳拉,收货,上架
TVGn65FHWh,白色 品牌30 65英寸 电视机（全高清）,电视机,品牌30,65英寸,全高清,白色,8*1*1,8,AU48G,莎拉,收货,上架
PeRe12HeWh,白色 品牌22 12 铅笔（六角形）,铅笔,品牌22,12,六角形,白色,48*10*5,2400,CZ52B,艾米,收货,上架
GaAELAdWh,白色 品牌05 大号 游戏椅（可调节）,游戏椅,品牌05,大号,可调节,白色,16*1*1,16,AF16A,简,收货,上架
CuWE18FiWh,白色 品牌02 1800 储物柜（文件收纳）,储物柜,品牌02,1800,文件收纳,白色,8*1*1,8,BY01H,艾米丽,收货,上架
TVGn65SFBl,黑色 品牌30 65英寸 电视机（超级全高清）,电视机,品牌30,65英寸,超级全高清,黑色,8*1*1,8,CQ60C,艾米,收货,上架
SPNa50SoPi,粉色 品牌23 50 触控笔（可溶性）,触控笔,品牌23,50,可溶性,粉色,48*10*5,2400,BV29G,大卫,收货,上架
LaPH17i7Wh,白色 品牌12 17英寸 笔记本电脑（第7代处理器）,笔记本电脑,品牌12,17英寸,第7代处理器,白色,16*1*1,16,BN05B,简,收货,上架
TVEs32SFGr,灰色 品牌32 32英寸 电视机（超级全高清）,电视机,品牌32,32英寸,超级全高清,灰色,8*1*1,8,DP33D,艾米,收货,上架
DrQE90LoWh,白色 品牌01 900 抽屉柜（储物锁柜）,抽屉柜,品牌01,900,储物锁柜,白色,8*1*1,8,CM15D,简,收货,上架
NoGrA5ruGr,灰色 品牌18 五号纸 笔记本（横线）,笔记本,品牌18,五号纸,横线,灰色,48*10*5,2400,BL89C,迈克,收货,上架
CaRG90LoBl,黑色 品牌03 900 文件柜（储物锁柜）,文件柜,品牌03,900,储物锁柜,黑色,8*1*1,8,DY52B,莎拉,收货,上架
CaRG18FiGr,灰色 品牌03 1800 文件柜（文件收纳）,文件柜,品牌03,1800,文件收纳,灰色,8*1*1,8,CM19C,克里斯,收货,上架
CuRG90LoWh,白色 品牌03 900 储物柜（储物锁柜）,储物柜,品牌03,900,储物锁柜,白色,8*1*1,8,DH54C,大卫,收货,上架
TaTR10AuSi,银色 品牌29 1000 桌子（自动调节）,桌子,品牌29,1000,自动调节,银色,8*1*1,8,BT28G,艾米丽,收货,上架
CuWE12LoWh,白色 品牌02 1200 储物柜（储物锁柜）,储物柜,品牌02,1200,储物锁柜,白色,8*1*1,8,DL26B,克里斯,收货,上架
KeHc45WiWh,白色 品牌09 450 键盘（有线）,键盘,品牌09,450,有线,白色,16*10*1,160,CL64B,莎拉,收货,上架
MoHc27BlBl,黑色 品牌09 270 鼠标（蓝牙）,鼠标,品牌09,270,蓝牙,黑色,16*10*1,160,CW85D,艾米丽,收货,上架
LaOv15i7Si,银色 品牌13 15英寸 笔记本电脑（第7代处理器）,笔记本电脑,品牌13,15英寸,第7代处理器,银色,16*1*1,16,AJ10G,克里斯,收货,上架
DrRG18SlWh,白色 品牌03 1800 抽屉柜（滑动式）,抽屉柜,品牌03,1800,滑动式,白色,8*1*1,8,DM92C,亚历克斯,收货,上架
TVGL32S4Bl,黑色 品牌31 32英寸 电视机（超级超高清）,电视机,品牌31,32英寸,超级超高清,黑色,8*1*1,8,CL10H,亚历克斯,收货,上架
PeRe50WaGr,灰色 品牌22 50 铅笔（水彩）,铅笔,品牌22,50,水彩,灰色,48*10*5,2400,BJ30D,简,收货,上架
TaCI18AdGr,灰色 品牌27 1800 桌子（可调节）,桌子,品牌27,1800,可调节,灰色,8*1*1,8,BX06C,艾米丽,收货,上架
AlSu1716Wh,白色 品牌11 17英寸 一体机（16吉字节内存）,一体机,品牌11,17英寸,16吉字节内存,白色,16*1*1,16,CS33C,艾米,收货,上架
PeAl12HePi,粉色 品牌20 12 铅笔（六角形）,铅笔,品牌20,12,六角形,粉色,48*10*5,2400,AS90C,简,收货,上架
PeAl24WaWh,白色 品牌20 24 铅笔（水彩）,铅笔,品牌20,24,水彩,白色,48*10*5,2400,CI79A,劳拉,收货,上架
CaRG90DoGr,灰色 品牌03 900 文件柜（带门式）,文件柜,品牌03,900,带门式,灰色,8*1*1,8,CR19E,艾米,收货,上架
SPAl24SoGr,灰色 品牌20 24 触控笔（可溶性）,触控笔,品牌20,24,可溶性,灰色,48*10*5,2400,BZ67C,劳拉,收货,上架
LaRe17i5Wh,白色 品牌14 17英寸 笔记本电脑（第5代处理器）,笔记本电脑,品牌14,17英寸,第5代处理器,白色,16*1*1,16,BU19C,迈克,收货,上架
CuQE90FiBl,黑色 品牌01 900 储物柜（文件收纳）,储物柜,品牌01,900,文件收纳,黑色,8*1*1,8,AR48A,克里斯,收货,上架
TVGn32S4Gr,灰色 品牌30 32英寸 电视机（超级超高清）,电视机,品牌30,32英寸,超级超高清,灰色,8*1*1,8,DJ04G,莎拉,收货,上架
LaRe178GGr,灰色 品牌14 17英寸 笔记本电脑（8吉字节内存）,笔记本电脑,品牌14,17英寸,8吉字节内存,灰色,16*1*1,16,DO37F,艾米丽,收货,上架
CuWE12FiBe,米色 品牌02 1200 储物柜（文件收纳）,储物柜,品牌02,1200,文件收纳,米色,8*1*1,8,CL60F,克里斯,收货,上架
GaAELErBl,黑色 品牌05 大号 游戏椅（人体工学）,游戏椅,品牌05,大号,人体工学,黑色,16*1*1,16,DV86E,克里斯,收货,上架
TaCI18AuSi,银色 品牌27 1800 桌子（自动调节）,桌子,品牌27,1800,自动调节,银色,8*1*1,8,DS60C,亚历克斯,收货,上架
TVYn50FHGr,灰色 品牌15 50英寸 电视机（全高清）,电视机,品牌15,50英寸,全高清,灰色,8*1*1,8,DZ70A,迈克,收货,上架
SPRe50SoWh,白色 品牌22 50 触控笔（可溶性）,触控笔,品牌22,50,可溶性,白色,48*10*5,2400,DS89C,莎拉,收货,上架
OfSEMHePi,粉色 品牌08 中号 办公椅（头枕）,办公椅,品牌08,中号,头枕,粉色,16*1*1,16,BR69D,大卫,收货,上架
LaYn1532Si,银色 品牌15 15英寸 笔记本电脑（32吉字节内存）,笔记本电脑,品牌15,15英寸,32吉字节内存,银色,16*1*1,16,BS45C,劳拉,收货,上架
KeRe45ErPi,粉色 品牌10 450 键盘（人体工学）,键盘,品牌10,450,人体工学,粉色,16*10*1,160,DX46D,简,收货,上架
AlSu1532Gr,灰色 品牌11 15英寸 一体机（32吉字节内存）,一体机,品牌11,15英寸,32吉字节内存,灰色,16*1*1,16,CX07H,艾米丽,收货,上架
OfXESLeWh,白色 品牌06 小号 办公椅（皮革）,办公椅,品牌06,小号,皮革,白色,16*1*1,16,CK96H,约翰,收货,上架
TVGL65FHBl,黑色 品牌31 65英寸 电视机（全高清）,电视机,品牌31,65英寸,全高清,黑色,8*1*1,8,DV10H,劳拉,收货,上架
CuWE12DoBl,黑色 品牌02 1200 储物柜（带门式）,储物柜,品牌02,1200,带门式,黑色,8*1*1,8,AZ03H,约翰,收货,上架
CuRG18SlBl,黑色 品牌03 1800 储物柜（滑动式）,储物柜,品牌03,1800,滑动式,黑色,8*1*1,8,DJ58A,亚历克斯,收货,上架
GaSESAdPi,粉色 品牌08 小号 游戏椅（可调节）,游戏椅,品牌08,小号,可调节,粉色,16*1*1,16,AQ38F,简,收货,上架
MoPH27ErPi,粉色 品牌12 270 鼠标（人体工学）,鼠标,品牌12,270,人体工学,粉色,16*10*1,160,CX80H,克里斯,收货,上架
OfOGLLeBl,黑色 品牌07 大号 办公椅（皮革）,办公椅,品牌07,大号,皮革,黑色,16*1*1,16,BF13E,劳拉,收货,上架
TaAE18AuBl,黑色 品牌05 1800 桌子（自动调节）,桌子,品牌05,1800,自动调节,黑色,8*1*1,8,CP22D,简,收货,上架
KeHc35ErPi,粉色 品牌09 350 键盘（人体工学）,键盘,品牌09,350,人体工学,粉色,16*10*1,160,BU68E,劳拉,收货,上架
TaTR18WoWh,白色 品牌28 1800 桌子（工作站）,桌子,品牌28,1800,工作站,白色,8*1*1,8,BW28B,亚历克斯,收货,上架
NoExA3ruSi,银色 品牌16 三号纸 笔记本（横线）,笔记本,品牌16,三号纸,横线,银色,48*10*5,2400,CJ91G,亚历克斯,收货,上架
DrTE12LoGr,灰色 品牌04 1200 抽屉柜（储物锁柜）,抽屉柜,品牌04,1200,储物锁柜,灰色,8*1*1,8,DS71A,大卫,收货,上架
DrQE90SlGr,灰色 品牌01 900 抽屉柜（滑动式）,抽屉柜,品牌01,900,滑动式,灰色,8*1*1,8,AY84B,艾米,收货,上架
LaOv15i7Si,银色 品牌13 15英寸 笔记本电脑（第7代处理器）,笔记本电脑,品牌13,15英寸,第7代处理器,银色,16*1*1,16,CL35F,亚历克斯,收货,上架
LaSu14i7Gr,灰色 品牌11 14英寸 笔记本电脑（第7代处理器）,笔记本电脑,品牌11,14英寸,第7代处理器,灰色,16*1*1,16,DP42F,迈克,收货,上架
TaTR10FrWh,白色 品牌29 1000 桌子（框架式）,桌子,品牌29,1000,框架式,白色,8*1*1,8,AK81H,大卫,收货,上架
GaSELLePi,粉色 品牌08 大号 游戏椅（皮革）,游戏椅,品牌08,大号,皮革,粉色,16*1*1,16,AT27D,亚历克斯,收货,上架
LaRe15i5Bl,黑色 品牌14 15英寸 笔记本电脑（第5代处理器）,笔记本电脑,品牌14,15英寸,第5代处理器,黑色,16*1*1,16,CL82E,大卫,收货,上架
PeGi50SoPi,粉色 品牌21 50 铅笔（可溶性）,铅笔,品牌21,50,可溶性,粉色,48*10*5,2400,DI34C,约翰,收货,上架
LaSu17i7Si,银色 品牌11 17英寸 笔记本电脑（第7代处理器）,笔记本电脑,品牌11,17英寸,第7代处理器,银色,16*1*1,16,BQ57A,劳拉,收货,上架
LaPH1716Gr,灰色 品牌12 17英寸 笔记本电脑（16吉字节内存）,笔记本电脑,品牌12,17英寸,16吉字节内存,灰色,16*1*1,16,CJ66G,大卫,收货,上架
NoScA5ruBl,黑色 品牌17 五号纸 笔记本（横线）,笔记本,品牌17,五号纸,横线,黑色,48*10*5,2400,BT89C,大卫,收货,上架
TaTR10FrSi,银色 品牌28 1000 桌子（框架式）,桌子,品牌28,1000,框架式,银色,8*1*1,8,BL66D,艾米丽,收货,上架
GaAEMHeWh,白色 品牌05 中号 游戏椅（头枕）,游戏椅,品牌05,中号,头枕,白色,16*1*1,16,DX26G,艾米,收货,上架
DrWE12FiGr,灰色 品牌02 1200 抽屉柜（文件收纳）,抽屉柜,品牌02,1200,文件收纳,灰色,8*1*1,8,CY12C,艾米,收货,上架
DrWE90SlGr,灰色 品牌02 900 抽屉柜（滑动式）,抽屉柜,品牌02,900,滑动式,灰色,8*1*1,8,DR74G,艾米丽,收货,上架
LaRe15i7Si,银色 品牌14 15英寸 笔记本电脑（第7代处理器）,笔记本电脑,品牌14,15英寸,第7代处理器,银色,16*1*1,16,CF50D,简,收货,上架
TVEs75S4Wh,白色 品牌32 75英寸 电视机（超级超高清）,电视机,品牌32,75英寸,超级超高清,白色,8*1*1,8,CS29G,亚历克斯,收货,上架
TVGn424KWh,白色 品牌30 42英寸 电视机（超高清）,电视机,品牌30,42英寸,超高清,白色,8*1*1,8,CO73B,艾米,收货,上架
PeNa50WaWh,白色 品牌23 50 铅笔（水彩）,铅笔,品牌23,50,水彩,白色,48*10*5,2400,AG46B,劳拉,收货,上架
PeRe50SoWh,白色 品牌22 50 铅笔（可溶性）,铅笔,品牌22,50,可溶性,白色,48*10*5,2400,DS47F,亚历克斯,收货,上架
CaWE18LoBl,黑色 品牌02 1800 文件柜（储物锁柜）,文件柜,品牌02,1800,储物锁柜,黑色,8*1*1,8,DV49B,劳拉,收货,上架
OfSESErPi,粉色 品牌08 小号 办公椅（人体工学）,办公椅,品牌08,小号,人体工学,粉色,16*1*1,16,CF60B,莎拉,收货,上架
CaRG18DoBl,黑色 品牌03 1800 文件柜（带门式）,文件柜,品牌03,1800,带门式,黑色,8*1*1,8,CR43G,约翰,收货,上架
TVGn65SFGr,灰色 品牌30 65英寸 电视机（超级全高清）,电视机,品牌30,65英寸,超级全高清,灰色,8*1*1,8,CG58D,约翰,收货,上架
KeHc35MeBl,黑色 品牌09 350 键盘（机械式）,键盘,品牌09,350,机械式,黑色,16*10*1,160,BK20A,克里斯,收货,上架
NoScA4ruWh,白色 品牌17 四号纸 笔记本（横线）,笔记本,品牌17,四号纸,横线,白色,48*10*5,2400,DU19F,克里斯,收货,上架
GaAESLeBl,黑色 品牌05 小号 游戏椅（皮革）,游戏椅,品牌05,小号,皮革,黑色,16*1*1,16,BY58F,艾米,收货,上架
TaAE18AuWh,白色 品牌05 1800 桌子（自动调节）,桌子,品牌05,1800,自动调节,白色,8*1*1,8,DM16H,亚历克斯,收货,上架
TVGn42S4Si,银色 品牌30 42英寸 电视机（超级超高清）,电视机,品牌30,42英寸,超级超高清,银色,8*1*1,8,BS45F,大卫,收货,上架
MoPH35BlNa,藏青色 品牌12 350 鼠标（蓝牙）,鼠标,品牌12,350,蓝牙,藏青色,16*10*1,160,CO60D,大卫,收货,上架
AlYn178GSi,银色 品牌15 17英寸 一体机（8吉字节内存）,一体机,品牌15,17英寸,8吉字节内存,银色,16*1*1,16,CS32G,劳拉,收货,上架
CaQE12DoBe,米色 品牌01 1200 文件柜（带门式）,文件柜,品牌01,1200,带门式,米色,8*1*1,8,DR96F,大卫,收货,上架
SPNa12HeWh,白色 品牌23 12 触控笔（六角形）,触控笔,品牌23,12,六角形,白色,48*10*5,2400,BP17D,大卫,收货,上架
OfAESErGr,灰色 品牌05 小号 办公椅（人体工学）,办公椅,品牌05,小号,人体工学,灰色,16*1*1,16,DG85H,艾米丽,收货,上架
MoHc45BlNa,藏青色 品牌09 450 鼠标（蓝牙）,鼠标,品牌09,450,蓝牙,藏青色,16*10*1,160,AQ29G,大卫,收货,上架
MoHc35MePi,粉色 品牌09 350 鼠标（机械式）,鼠标,品牌09,350,机械式,粉色,16*10*1,160,DJ88G,劳拉,收货,上架
NoExA3doSi,银色 品牌16 三号纸 笔记本（点阵）,笔记本,品牌16,三号纸,点阵,银色,48*10*5,2400,AH49F,亚历克斯,收货,上架
LaSu14i7Bl,黑色 品牌11 14英寸 笔记本电脑（第7代处理器）,笔记本电脑,品牌11,14英寸,第7代处理器,黑色,16*1*1,16,CU75E,劳拉,收货,上架
MoRe35MeNa,藏青色 品牌10 350 鼠标（机械式）,鼠标,品牌10,350,机械式,藏青色,16*10*1,160,DF50G,亚历克斯,收货,上架
PrNoA3LaBl,黑色 品牌26 三号纸 打印机（激光）,打印机,品牌26,三号纸,激光,黑色,16*1*1,16,AT15D,迈克,收货,上架
PeGi50WaPi,粉色 品牌21 50 铅笔（水彩）,铅笔,品牌21,50,水彩,粉色,48*10*5,2400,BF62C,约翰,收货,上架
GaSEMLeGr,灰色 品牌08 中号 游戏椅（皮革）,游戏椅,品牌08,中号,皮革,灰色,16*1*1,16,AL17H,大卫,收货,上架
MoHc27WiBl,黑色 品牌09 270 鼠标（有线）,鼠标,品牌09,270,有线,黑色,16*10*1,160,CM64C,约翰,收货,上架
TVGL424KGr,灰色 品牌31 42英寸 电视机（超高清）,电视机,品牌31,42英寸,超高清,灰色,8*1*1,8,AP66D,劳拉,收货,上架
LaSu17i7Wh,白色 品牌11 17英寸 笔记本电脑（第7代处理器）,笔记本电脑,品牌11,17英寸,第7代处理器,白色,16*1*1,16,BS72E,迈克,收货,上架
MoPH45WiNa,藏青色 品牌12 450 鼠标（有线）,鼠标,品牌12,450,有线,藏青色,16*10*1,160,AI32H,劳拉,收货,上架
MoHc27MeWh,白色 品牌09 270 鼠标（机械式）,鼠标,品牌09,270,机械式,白色,16*10*1,160,CK17D,约翰,收货,上架
CuRG90SlBl,黑色 品牌03 900 储物柜（滑动式）,储物柜,品牌03,900,滑动式,黑色,8*1*1,8,DL16A,艾米丽,收货,上架
AlOv14i5Gr,灰色 品牌13 14英寸 一体机（第5代处理器）,一体机,品牌13,14英寸,第5代处理器,灰色,16*1*1,16,BY41C,艾米,收货,上架
MoHc45WiPi,粉色 品牌09 450 鼠标（有线）,鼠标,品牌09,450,有线,粉色,16*10*1,160,AZ49F,亚历克斯,收货,上架
PeRe12WaWh,白色 品牌22 12 铅笔（水彩）,铅笔,品牌22,12,水彩,白色,48*10*5,2400,BK33H,艾米丽,收货,上架
LaSu17i5Wh,白色 品牌11 17英寸 笔记本电脑（第5代处理器）,笔记本电脑,品牌11,17英寸,第5代处理器,白色,16*1*1,16,BZ79H,艾米丽,收货,上架
CaTE90SlGr,灰色 品牌04 900 文件柜（滑动式）,文件柜,品牌04,900,滑动式,灰色,8*1*1,8,CT96H,约翰,收货,上架
KeRe35BlNa,藏青色 品牌10 350 键盘（蓝牙）,键盘,品牌10,350,蓝牙,藏青色,16*10*1,160,BO49G,迈克,收货,上架
MoHc35WiWh,白色 品牌09 350 鼠标（有线）,鼠标,品牌09,350,有线,白色,16*10*1,160,CU53A,莎拉,收货,上架
PeRe50HeGr,灰色 品牌22 50 铅笔（六角形）,铅笔,品牌22,50,六角形,灰色,48*10*5,2400,CR18B,迈克,收货,上架
TaAE10FrBl,黑色 品牌05 1000 桌子（框架式）,桌子,品牌05,1000,框架式,黑色,8*1*1,8,CP74H,亚历克斯,收货,上架
GaSEMLeGr,灰色 品牌08 中号 游戏椅（皮革）,游戏椅,品牌08,中号,皮革,灰色,16*1*1,16,CJ33D,亚历克斯,收货,上架
AlSu14i7Gr,灰色 品牌11 14英寸 一体机（第7代处理器）,一体机,品牌11,14英寸,第7代处理器,灰色,16*1*1,16,CK07H,简,收货,上架
OfOGLAdWh,白色 品牌07 大号 办公椅（可调节）,办公椅,品牌07,大号,可调节,白色,16*1*1,16,DK19C,简,收货,上架
OfSEMErPi,粉色 品牌08 中号 办公椅（人体工学）,办公椅,品牌08,中号,人体工学,粉色,16*1*1,16,DS91A,艾米丽,收货,上架
DrTE90FiGr,灰色 品牌04 900 抽屉柜（文件收纳）,抽屉柜,品牌04,900,文件收纳,灰色,8*1*1,8,DY59B,艾米,收货,上架
LaYn1416Wh,白色 品牌15 14英寸 笔记本电脑（16吉字节内存）,笔记本电脑,品牌15,14英寸,16吉字节内存,白色,16*1*1,16,DU79F,大卫,收货,上架
GaAESAdBl,黑色 品牌05 小号 游戏椅（可调节）,游戏椅,品牌05,小号,可调节,黑色,16*1*1,16,AO87D,克里斯,收货,上架
OfOGLAdBl,黑色 品牌07 大号 办公椅（可调节）,办公椅,品牌07,大号,可调节,黑色,16*1*1,16,CM30C,莎拉,收货,上架
LaRe178GWh,白色 品牌14 17英寸 笔记本电脑（8吉字节内存）,笔记本电脑,品牌14,17英寸,8吉字节内存,白色,16*1*1,16,BN88G,简,收货,上架
PeNa12HeWh,白色 品牌23 12 铅笔（六角形）,铅笔,品牌23,12,六角形,白色,48*10*5,2400,AN81E,约翰,收货,上架
LaRe1516Si,银色 品牌14 15英寸 笔记本电脑（16吉字节内存）,笔记本电脑,品牌14,15英寸,16吉字节内存,银色,16*1*1,16,CH11F,约翰,收货,上架
TVEs75S4Gr,灰色 品牌32 75英寸 电视机（超级超高清）,电视机,品牌32,75英寸,超级超高清,灰色,8*1*1,8,DL56E,莎拉,收货,上架
TVYn654KWh,白色 品牌15 65英寸 电视机（超高清）,电视机,品牌15,65英寸,超高清,白色,8*1*1,8,AL63C,克里斯,收货,上架
LaRe17i7Bl,黑色 品牌14 17英寸 笔记本电脑（第7代处理器）,笔记本电脑,品牌14,17英寸,第7代处理器,黑色,16*1*1,16,CS25C,艾米,收货,上架
LaPH158GGr,灰色 品牌12 15英寸 笔记本电脑（8吉字节内存）,笔记本电脑,品牌12,15英寸,8吉字节内存,灰色,16*1*1,16,CR87D,劳拉,收货,上架
TaTR18AuWh,白色 品牌29 1800 桌子（自动调节）,桌子,品牌29,1800,自动调节,白色,8*1*1,8,DG10F,劳拉,收货,上架
LaYn17i7Bl,黑色 品牌15 17英寸 笔记本电脑（第7代处理器）,笔记本电脑,品牌15,17英寸,第7代处理器,黑色,16*1*1,16,AZ81G,大卫,收货,上架
KePH45MeBl,黑色 品牌12 450 键盘（机械式）,键盘,品牌12,450,机械式,黑色,16*10*1,160,AR51B,大卫,收货,上架
AlYn14i5Wh,白色 品牌15 14英寸 一体机（第5代处理器）,一体机,品牌15,14英寸,第5代处理器,白色,16*1*1,16,CX83H,迈克,收货,上架
AlRe17i5Si,银色 品牌14 17英寸 一体机（第5代处理器）,一体机,品牌14,17英寸,第5代处理器,银色,16*1*1,16,DM17F,艾米丽,收货,上架
AlYn1532Si,银色 品牌15 15英寸 一体机（32吉字节内存）,一体机,品牌15,15英寸,32吉字节内存,银色,16*1*1,16,CS38B,艾米,收货,上架
CaWE12LoBe,米色 品牌02 1200 文件柜（储物锁柜）,文件柜,品牌02,1200,储物锁柜,米色,8*1*1,8,CR55C,简,收货,上架
PrSoA4MoWh,白色 品牌25 四号纸 打印机（黑白）,打印机,品牌25,四号纸,黑白,白色,16*1*1,16,CQ18C,艾米丽,收货,上架
TVEs75FHSi,银色 品牌32 75英寸 电视机（全高清）,电视机,品牌32,75英寸,全高清,银色,8*1*1,8,AM39C,莎拉,收货,上架
LaYn17i7Gr,灰色 品牌15 17英寸 笔记本电脑（第7代处理器）,笔记本电脑,品牌15,17英寸,第7代处理器,灰色,16*1*1,16,CU81C,劳拉,收货,上架
OfXESHePi,粉色 品牌06 小号 办公椅（头枕）,办公椅,品牌06,小号,头枕,粉色,16*1*1,16,DL25H,莎拉,收货,上架
NoGrA4liSi,银色 品牌18 四号纸 笔记本（线条）,笔记本,品牌18,四号纸,线条,银色,48*10*5,2400,AN33H,艾米丽,收货,上架
AlSu1716Bl,黑色 品牌11 17英寸 一体机（16吉字节内存）,一体机,品牌11,17英寸,16吉字节内存,黑色,16*1*1,16,CJ67G,大卫,收货,上架
TVGL504KWh,白色 品牌31 50英寸 电视机（超高清）,电视机,品牌31,50英寸,超高清,白色,8*1*1,8,DI09B,艾米丽,收货,上架
PrPHA3LaMi,混合色 品牌12 三号纸 打印机（激光）,打印机,品牌12,三号纸,激光,混合色,16*1*1,16,BK73F,克里斯,收货,上架
TVGL75S4Si,银色 品牌31 75英寸 电视机（超级超高清）,电视机,品牌31,75英寸,超级超高清,银色,8*1*1,8,DF90A,亚历克斯,收货,上架
AlRe1432Si,银色 品牌14 14英寸 一体机（32吉字节内存）,一体机,品牌14,14英寸,32吉字节内存,银色,16*1*1,16,BQ90B,艾米,收货,上架
CuQE12DoBe,米色 品牌01 1200 储物柜（带门式）,储物柜,品牌01,1200,带门式,米色,8*1*1,8,CV95A,约翰,收货,上架
TVGL324KWh,白色 品牌31 32英寸 电视机（超高清）,电视机,品牌31,32英寸,超高清,白色,8*1*1,8,AX09D,艾米丽,收货,上架
AlSu1432Gr,灰色 品牌11 14英寸 一体机（32吉字节内存）,一体机,品牌11,14英寸,32吉字节内存,灰色,16*1*1,16,AW56F,迈克,收货,上架
AlOv178GSi,银色 品牌13 17英寸 一体机（8吉字节内存）,一体机,品牌13,17英寸,8吉字节内存,银色,16*1*1,16,CG13B,简,收货,上架
NoGrA3ruBl,黑色 品牌18 三号纸 笔记本（横线）,笔记本,品牌18,三号纸,横线,黑色,48*10*5,2400,BL41G,莎拉,收货,上架
PrNoA3LaBl,黑色 品牌26 三号纸 打印机（激光）,打印机,品牌26,三号纸,激光,黑色,16*1*1,16,BV86G,约翰,收货,上架
TaAE15WoWh,白色 品牌05 1500 桌子（工作站）,桌子,品牌05,1500,工作站,白色,8*1*1,8,BZ16G,简,收货,上架
OfSEMErPi,粉色 品牌08 中号 办公椅（人体工学）,办公椅,品牌08,中号,人体工学,粉色,16*1*1,16,DT16F,迈克,收货,上架
CaRG90LoWh,白色 品牌03 900 文件柜（储物锁柜）,文件柜,品牌03,900,储物锁柜,白色,8*1*1,8,AZ95H,亚历克斯,收货,上架
AlSu15i5Bl,黑色 品牌11 15英寸 一体机（第5代处理器）,一体机,品牌11,15英寸,第5代处理器,黑色,16*1*1,16,DZ08G,艾米丽,收货,上架
PrNoA3WiMi,混合色 品牌26 三号纸 打印机（无线网络）,打印机,品牌26,三号纸,无线网络,混合色,16*1*1,16,DG71D,莎拉,收货,上架
LaSu1416Si,银色 品牌11 14英寸 笔记本电脑（16吉字节内存）,笔记本电脑,品牌11,14英寸,16吉字节内存,银色,16*1*1,16,DZ84A,莎拉,收货,上架
LaYn15i5Si,银色 品牌15 15英寸 笔记本电脑（第5代处理器）,笔记本电脑,品牌15,15英寸,第5代处理器,银色,16*1*1,16,CS84D,劳拉,收货,上架
CaQE90FiBe,米色 品牌01 900 文件柜（文件收纳）,文件柜,品牌01,900,文件收纳,米色,8*1*1,8,DI60D,大卫,收货,上架
TaTR15AdBl,黑色 品牌28 1500 桌子（可调节）,桌子,品牌28,1500,可调节,黑色,8*1*1,8,DX29F,克里斯,收货,上架
KeHc45WiNa,藏青色 品牌09 450 键盘（有线）,键盘,品牌09,450,有线,藏青色,16*10*1,160,AV44G,迈克,收货,上架
TVYn754KSi,银色 品牌15 75英寸 电视机（超高清）,电视机,品牌15,75英寸,超高清,银色,8*1*1,8,DX50F,迈克,收货,上架
AlOv15i5Si,银色 品牌13 15英寸 一体机（第5代处理器）,一体机,品牌13,15英寸,第5代处理器,银色,16*1*1,16,DR95D,简,收货,上架
PeRe50SoPi,粉色 品牌22 50 铅笔（可溶性）,铅笔,品牌22,50,可溶性,粉色,48*10*5,2400,CU26C,约翰,收货,上架
LaOv148GWh,白色 品牌13 14英寸 笔记本电脑（8吉字节内存）,笔记本电脑,品牌13,14英寸,8吉字节内存,白色,16*1*1,16,CU48F,约翰,收货,上架
TVEs654KGr,灰色 品牌32 65英寸 电视机（超高清）,电视机,品牌32,65英寸,超高清,灰色,8*1*1,8,BG14F,艾米丽,收货,上架
LaOv17i5Gr,灰色 品牌13 17英寸 笔记本电脑（第5代处理器）,笔记本电脑,品牌13,17英寸,第5代处理器,灰色,16*1*1,16,BP17B,艾米丽,收货,上架
PeRe50HeWh,白色 品牌22 50 铅笔（六角形）,铅笔,品牌22,50,六角形,白色,48*10*5,2400,DP48B,莎拉,收货,上架
TVGL754KGr,灰色 品牌31 75英寸 电视机（超高清）,电视机,品牌31,75英寸,超高清,灰色,8*1*1,8,AG52C,迈克,收货,上架
PrNoA2WiMi,混合色 品牌26 二号纸 打印机（无线网络）,打印机,品牌26,二号纸,无线网络,混合色,16*1*1,16,CX64C,劳拉,收货,上架
KeSu45WiBl,黑色 品牌11 450 键盘（有线）,键盘,品牌11,450,有线,黑色,16*10*1,160,DH59F,劳拉,收货,上架
TVEs324KBl,黑色 品牌32 32英寸 电视机（超高清）,电视机,品牌32,32英寸,超高清,黑色,8*1*1,8,DL01E,莎拉,收货,上架
TVEs75SFWh,白色 品牌32 75英寸 电视机（超级全高清）,电视机,品牌32,75英寸,超级全高清,白色,8*1*1,8,AM53D,简,收货,上架
CuWE90SlGr,灰色 品牌02 900 储物柜（滑动式）,储物柜,品牌02,900,滑动式,灰色,8*1*1,8,AR33A,亚历克斯,收货,上架
NoExA3doBl,黑色 品牌16 三号纸 笔记本（点阵）,笔记本,品牌16,三号纸,点阵,黑色,48*10*5,2400,AO30E,大卫,收货,上架
SPNa24SoBl,黑色 品牌23 24 触控笔（可溶性）,触控笔,品牌23,24,可溶性,黑色,48*10*5,2400,DG21A,约翰,收货,上架
PrSoA4AlWh,白色 品牌25 四号纸 打印机（一体式）,打印机,品牌25,四号纸,一体式,白色,16*1*1,16,CT04A,亚历克斯,收货,上架
AlRe14i5Bl,黑色 品牌14 14英寸 一体机（第5代处理器）,一体机,品牌14,14英寸,第5代处理器,黑色,16*1*1,16,AZ22G,莎拉,收货,上架
GaXEMErGr,灰色 品牌06 中号 游戏椅（人体工学）,游戏椅,品牌06,中号,人体工学,灰色,16*1*1,16,CZ22A,简,收货,上架
AlPH14i7Gr,灰色 品牌12 14英寸 一体机（第7代处理器）,一体机,品牌12,14英寸,第7代处理器,灰色,16*1*1,16,AM20H,莎拉,收货,上架
DrWE90SlBe,米色 品牌02 900 抽屉柜（滑动式）,抽屉柜,品牌02,900,滑动式,米色,8*1*1,8,AU41G,艾米丽,收货,上架
SPAl12WaBl,黑色 品牌20 12 触控笔（水彩）,触控笔,品牌20,12,水彩,黑色,48*10*5,2400,AP42D,亚历克斯,收货,上架
TVYn42SFBl,黑色 品牌15 42英寸 电视机（超级全高清）,电视机,品牌15,42英寸,超级全高清,黑色,8*1*1,8,BH23B,艾米丽,收货,上架
SPGi50SoWh,白色 品牌21 50 触控笔（可溶性）,触控笔,品牌21,50,可溶性,白色,48*10*5,2400,AK17H,大卫,收货,上架
CaRG18LoBl,黑色 品牌03 1800 文件柜（储物锁柜）,文件柜,品牌03,1800,储物锁柜,黑色,8*1*1,8,DW04E,艾米,收货,上架
PeGi24HePi,粉色 品牌21 24 铅笔（六角形）,铅笔,品牌21,24,六角形,粉色,48*10*5,2400,DO04A,亚历克斯,收货,上架
LaPH1416Si,银色 品牌12 14英寸 笔记本电脑（16吉字节内存）,笔记本电脑,品牌12,14英寸,16吉字节内存,银色,16*1*1,16,AU28D,莎拉,收货,上架
DrRG12DoBl,黑色 品牌03 1200 抽屉柜（带门式）,抽屉柜,品牌03,1200,带门式,黑色,8*1*1,8,CY60C,艾米丽,收货,上架
LaPH17i5Si,银色 品牌12 17英寸 笔记本电脑（第5代处理器）,笔记本电脑,品牌12,17英寸,第5代处理器,银色,16*1*1,16,BW94A,迈克,收货,上架
AlOv14i7Si,银色 品牌13 14英寸 一体机（第7代处理器）,一体机,品牌13,14英寸,第7代处理器,银色,16*1*1,16,BS20A,劳拉,收货,上架
KeSu35MeWh,白色 品牌11 350 键盘（机械式）,键盘,品牌11,350,机械式,白色,16*10*1,160,CY34F,大卫,收货,上架
LaYn15i7Si,银色 品牌15 15英寸 笔记本电脑（第7代处理器）,笔记本电脑,品牌15,15英寸,第7代处理器,银色,16*1*1,16,DF76E,大卫,收货,上架
CuTE12DoGr,灰色 品牌04 1200 储物柜（带门式）,储物柜,品牌04,1200,带门式,灰色,8*1*1,8,DN05F,大卫,收货,上架
TaCI10AdBl,黑色 品牌27 1000 桌子（可调节）,桌子,品牌27,1000,可调节,黑色,8*1*1,8,BI91E,迈克,收货,上架
AlPH14i5Wh,白色 品牌12 14英寸 一体机（第5代处理器）,一体机,品牌12,14英寸,第5代处理器,白色,16*1*1,16,AS06G,约翰,收货,上架
CaRG12FiBl,黑色 品牌03 1200 文件柜（文件收纳）,文件柜,品牌03,1200,文件收纳,黑色,8*1*1,8,CP84H,劳拉,收货,上架
PrPHA2WiBl,黑色 品牌12 二号纸 打印机（无线网络）,打印机,品牌12,二号纸,无线网络,黑色,16*1*1,16,BR05B,亚历克斯,收货,上架
TaCI18WoWh,白色 品牌27 1800 桌子（工作站）,桌子,品牌27,1800,工作站,白色,8*1*1,8,BR45H,克里斯,收货,上架
LaSu14i5Bl,黑色 品牌11 14英寸 笔记本电脑（第5代处理器）,笔记本电脑,品牌11,14英寸,第5代处理器,黑色,16*1*1,16,BR73E,莎拉,收货,上架
NoScA5ruBl,黑色 品牌17 五号纸 笔记本（横线）,笔记本,品牌17,五号纸,横线,黑色,48*10*5,2400,CJ63B,艾米,收货,上架
LaRe158GGr,灰色 品牌14 15英寸 笔记本电脑（8吉字节内存）,笔记本电脑,品牌14,15英寸,8吉字节内存,灰色,16*1*1,16,CU83A,艾米丽,收货,上架
AlSu1416Wh,白色 品牌11 14英寸 一体机（16吉字节内存）,一体机,品牌11,14英寸,16吉字节内存,白色,16*1*1,16,BW26B,简,收货,上架
LaRe1432Gr,灰色 品牌14 14英寸 笔记本电脑（32吉字节内存）,笔记本电脑,品牌14,14英寸,32吉字节内存,灰色,16*1*1,16,CH82A,亚历克斯,收货,上架
CuQE12DoBl,黑色 品牌01 1200 储物柜（带门式）,储物柜,品牌01,1200,带门式,黑色,8*1*1,8,AG44C,劳拉,收货,上架
PrPHA3MoBl,黑色 品牌12 三号纸 打印机（黑白）,打印机,品牌12,三号纸,黑白,黑色,16*1*1,16,DL51D,莎拉,收货,上架
TVYn42SFSi,银色 品牌15 42英寸 电视机（超级全高清）,电视机,品牌15,42英寸,超级全高清,银色,8*1*1,8,BU65H,亚历克斯,收货,上架
TVYn32FHWh,白色 品牌15 32英寸 电视机（全高清）,电视机,品牌15,32英寸,全高清,白色,8*1*1,8,AW35G,劳拉,收货,上架
TVYn504KGr,灰色 品牌15 50英寸 电视机（超高清）,电视机,品牌15,50英寸,超高清,灰色,8*1*1,8,AX62B,约翰,收货,上架
PeAl50WaBl,黑色 品牌20 50 铅笔（水彩）,铅笔,品牌20,50,水彩,黑色,48*10*5,2400,CI92H,克里斯,收货,上架
TaCI15FrGr,灰色 品牌27 1500 桌子（框架式）,桌子,品牌27,1500,框架式,灰色,8*1*1,8,CT12D,艾米,收货,上架
AlOv17i5Bl,黑色 品牌13 17英寸 一体机（第5代处理器）,一体机,品牌13,17英寸,第5代处理器,黑色,16*1*1,16,CI23C,艾米,收货,上架
LaRe14i7Gr,灰色 品牌14 14英寸 笔记本电脑（第7代处理器）,笔记本电脑,品牌14,14英寸,第7代处理器,灰色,16*1*1,16,BN05H,克里斯,收货,上架
LaRe1532Bl,黑色 品牌14 15英寸 笔记本电脑（32吉字节内存）,笔记本电脑,品牌14,15英寸,32吉字节内存,黑色,16*1*1,16,BZ04H,艾米丽,收货,上架
LaYn1516Wh,白色 品牌15 15英寸 笔记本电脑（16吉字节内存）,笔记本电脑,品牌15,15英寸,16吉字节内存,白色,16*1*1,16,DG53G,简,收货,上架
LaOv178GGr,灰色 品牌13 17英寸 笔记本电脑（8吉字节内存）,笔记本电脑,品牌13,17英寸,8吉字节内存,灰色,16*1*1,16,DS81A,亚历克斯,收货,上架
OfAESHeGr,灰色 品牌05 小号 办公椅（头枕）,办公椅,品牌05,小号,头枕,灰色,16*1*1,16,BO98A,迈克,收货,上架
PrPHA2AlBl,黑色 品牌12 二号纸 打印机（一体式）,打印机,品牌12,二号纸,一体式,黑色,16*1*1,16,DL29C,迈克,收货,上架
TVGL50S4Gr,灰色 品牌31 50英寸 电视机（超级超高清）,电视机,品牌31,50英寸,超级超高清,灰色,8*1*1,8,CH11G,克里斯,收货,上架
TVYn75FHGr,灰色 品牌15 75英寸 电视机（全高清）,电视机,品牌15,75英寸,全高清,灰色,8*1*1,8,DF92B,约翰,收货,上架
PrSoA4MoGr,灰色 品牌25 四号纸 打印机（黑白）,打印机,品牌25,四号纸,黑白,灰色,16*1*1,16,DN57E,亚历克斯,收货,上架
NoMuA4doWh,白色 品牌19 四号纸 笔记本（点阵）,笔记本,品牌19,四号纸,点阵,白色,48*10*5,2400,CS44G,简,收货,上架
SPNa50SoGr,灰色 品牌23 50 触控笔（可溶性）,触控笔,品牌23,50,可溶性,灰色,48*10*5,2400,AN86F,克里斯,收货,上架
CaRG18DoGr,灰色 品牌03 1800 文件柜（带门式）,文件柜,品牌03,1800,带门式,灰色,8*1*1,8,AX64E,艾米,收货,上架
TVGL32SFSi,银色 品牌31 32英寸 电视机（超级全高清）,电视机,品牌31,32英寸,超级全高清,银色,8*1*1,8,DK01F,简,收货,上架
PrSoA3WiBl,黑色 品牌25 三号纸 打印机（无线网络）,打印机,品牌25,三号纸,无线网络,黑色,16*1*1,16,DV81C,迈克,收货,上架
TaAE10FrGr,灰色 品牌05 1000 桌子（框架式）,桌子,品牌05,1000,框架式,灰色,8*1*1,8,BI91G,克里斯,收货,上架
LaOv1416Si,银色 品牌13 14英寸 笔记本电脑（16吉字节内存）,笔记本电脑,品牌13,14英寸,16吉字节内存,银色,16*1*1,16,AO29E,劳拉,收货,上架
TaAE18WoGr,灰色 品牌05 1800 桌子（工作站）,桌子,品牌05,1800,工作站,灰色,8*1*1,8,DW14E,劳拉,收货,上架
MoHc27ErBl,黑色 品牌09 270 鼠标（人体工学）,鼠标,品牌09,270,人体工学,黑色,16*10*1,160,CY64B,克里斯,收货,上架
PeNa50WaPi,粉色 品牌23 50 铅笔（水彩）,铅笔,品牌23,50,水彩,粉色,48*10*5,2400,BQ14D,大卫,收货,上架
GaOGSErPi,粉色 品牌07 小号 游戏椅（人体工学）,游戏椅,品牌07,小号,人体工学,粉色,16*1*1,16,DH13B,克里斯,收货,上架
NoGrA5ruBl,黑色 品牌18 五号纸 笔记本（横线）,笔记本,品牌18,五号纸,横线,黑色,48*10*5,2400,AJ73D,莎拉,收货,上架
AlOv148GSi,银色 品牌13 14英寸 一体机（8吉字节内存）,一体机,品牌13,14英寸,8吉字节内存,银色,16*1*1,16,DG56D,约翰,收货,上架
TVYn32FHGr,灰色 品牌15 32英寸 电视机（全高清）,电视机,品牌15,32英寸,全高清,灰色,8*1*1,8,CF33C,亚历克斯,收货,上架
KeSu27ErBl,黑色 品牌11 270 键盘（人体工学）,键盘,品牌11,270,人体工学,黑色,16*10*1,160,CU10A,艾米丽,收货,上架
OfOGLAdPi,粉色 品牌07 大号 办公椅（可调节）,办公椅,品牌07,大号,可调节,粉色,16*1*1,16,AL39C,亚历克斯,收货,上架
LaYn15i5Bl,黑色 品牌15 15英寸 笔记本电脑（第5代处理器）,笔记本电脑,品牌15,15英寸,第5代处理器,黑色,16*1*1,16,AO52A,劳拉,收货,上架
OfSEMErGr,灰色 品牌08 中号 办公椅（人体工学）,办公椅,品牌08,中号,人体工学,灰色,16*1*1,16,AU76G,莎拉,收货,上架
AlOv14i7Bl,黑色 品牌13 14英寸 一体机（第7代处理器）,一体机,品牌13,14英寸,第7代处理器,黑色,16*1*1,16,CU24G,约翰,收货,上架
TVGn42S4Bl,黑色 品牌30 42英寸 电视机（超级超高清）,电视机,品牌30,42英寸,超级超高清,黑色,8*1*1,8,DJ30E,艾米丽,收货,上架
MoHc45WiNa,藏青色 品牌09 450 鼠标（有线）,鼠标,品牌09,450,有线,藏青色,16*10*1,160,DR32E,艾米丽,收货,上架
GaAEMLeWh,白色 品牌05 中号 游戏椅（皮革）,游戏椅,品牌05,中号,皮革,白色,16*1*1,16,BP39B,莎拉,收货,上架
CuTE18DoGr,灰色 品牌04 1800 储物柜（带门式）,储物柜,品牌04,1800,带门式,灰色,8*1*1,8,CP81C,简,收货,上架
KeHc35MeNa,藏青色 品牌09 350 键盘（机械式）,键盘,品牌09,350,机械式,藏青色,16*10*1,160,BF58E,莎拉,收货,上架
AlOv1532Wh,白色 品牌13 15英寸 一体机（32吉字节内存）,一体机,品牌13,15英寸,32吉字节内存,白色,16*1*1,16,DY17B,迈克,收货,上架
DrTE18DoGr,灰色 品牌04 1800 抽屉柜（带门式）,抽屉柜,品牌04,1800,带门式,灰色,8*1*1,8,BH43H,劳拉,收货,上架
GaAEMAdPi,粉色 品牌05 中号 游戏椅（可调节）,游戏椅,品牌05,中号,可调节,粉色,16*1*1,16,DY91D,大卫,收货,上架
LaRe15i5Si,银色 品牌14 15英寸 笔记本电脑（第5代处理器）,笔记本电脑,品牌14,15英寸,第5代处理器,银色,16*1*1,16,DO91F,艾米,收货,上架
NoMuA4ruWh,白色 品牌19 四号纸 笔记本（横线）,笔记本,品牌19,四号纸,横线,白色,48*10*5,2400,CS79H,简,收货,上架
GaXEMErBl,黑色 品牌06 中号 游戏椅（人体工学）,游戏椅,品牌06,中号,人体工学,黑色,16*1*1,16,CP05H,约翰,收货,上架
TVGL65FHSi,银色 品牌31 65英寸 电视机（全高清）,电视机,品牌31,65英寸,全高清,银色,8*1*1,8,CJ71A,大卫,收货,上架
OfSESAdGr,灰色 品牌08 小号 办公椅（可调节）,办公椅,品牌08,小号,可调节,灰色,16*1*1,16,BF65H,简,收货,上架
DrQE18DoGr,灰色 品牌01 1800 抽屉柜（带门式）,抽屉柜,品牌01,1800,带门式,灰色,8*1*1,8,AJ63D,亚历克斯,收货,上架
PrPHA2MoBl,黑色 品牌12 二号纸 打印机（黑白）,打印机,品牌12,二号纸,黑白,黑色,16*1*1,16,AT08B,亚历克斯,收货,上架
TVGn50S4Wh,白色 品牌30 50英寸 电视机（超级超高清）,电视机,品牌30,50英寸,超级超高清,白色,8*1*1,8,AF86C,劳拉,收货,上架
CuQE12DoBe,米色 品牌01 1200 储物柜（带门式）,储物柜,品牌01,1200,带门式,米色,8*1*1,8,BR29E,艾米,收货,上架
PrSoA2InMi,混合色 品牌25 二号纸 打印机（喷墨）,打印机,品牌25,二号纸,喷墨,混合色,16*1*1,16,DF57H,莎拉,收货,上架
OfXELAdGr,灰色 品牌06 大号 办公椅（可调节）,办公椅,品牌06,大号,可调节,灰色,16*1*1,16,DV46F,迈克,收货,上架
PrPHA2WiMi,混合色 品牌12 二号纸 打印机（无线网络）,打印机,品牌12,二号纸,无线网络,混合色,16*1*1,16,DJ67A,艾米,收货,上架
LaSu15i7Wh,白色 品牌11 15英寸 笔记本电脑（第7代处理器）,笔记本电脑,品牌11,15英寸,第7代处理器,白色,16*1*1,16,AK29F,莎拉,收货,上架
OfXESLeWh,白色 品牌06 小号 办公椅（皮革）,办公椅,品牌06,小号,皮革,白色,16*1*1,16,BG43G,亚历克斯,收货,上架
TVEs32FHSi,银色 品牌32 32英寸 电视机（全高清）,电视机,品牌32,32英寸,全高清,银色,8*1*1,8,BO65D,莎拉,收货,上架
TaTR15WoWh,白色 品牌29 1500 桌子（工作站）,桌子,品牌29,1500,工作站,白色,8*1*1,8,BV51E,克里斯,收货,上架
AlYn15i5Gr,灰色 品牌15 15英寸 一体机（第5代处理器）,一体机,品牌15,15英寸,第5代处理器,灰色,16*1*1,16,CW19H,艾米丽,收货,上架
TaTR10AdBl,黑色 品牌28 1000 桌子（可调节）,桌子,品牌28,1000,可调节,黑色,8*1*1,8,CG25H,大卫,收货,上架
SPAl12WaBl,黑色 品牌20 12 触控笔（水彩）,触控笔,品牌20,12,水彩,黑色,48*10*5,2400,DK72F,大卫,收货,上架
KeRe45BlBl,黑色 品牌10 450 键盘（蓝牙）,键盘,品牌10,450,蓝牙,黑色,16*10*1,160,CY97E,莎拉,收货,上架
TaTR15WoWh,白色 品牌28 1500 桌子（工作站）,桌子,品牌28,1500,工作站,白色,8*1*1,8,CW96H,艾米丽,收货,上架
TVGL424KBl,黑色 品牌31 42英寸 电视机（超高清）,电视机,品牌31,42英寸,超高清,黑色,8*1*1,8,BT58B,迈克,收货,上架
LaSu1532Bl,黑色 品牌11 15英寸 笔记本电脑（32吉字节内存）,笔记本电脑,品牌11,15英寸,32吉字节内存,黑色,16*1*1,16,CF31H,亚历克斯,收货,上架
AlRe1732Wh,白色 品牌14 17英寸 一体机（32吉字节内存）,一体机,品牌14,17英寸,32吉字节内存,白色,16*1*1,16,CR43C,莎拉,收货,上架
CuWE90SlGr,灰色 品牌02 900 储物柜（滑动式）,储物柜,品牌02,900,滑动式,灰色,8*1*1,8,AO32G,劳拉,收货,上架
KeHc27ErBl,黑色 品牌09 270 键盘（人体工学）,键盘,品牌09,270,人体工学,黑色,16*10*1,160,AQ18C,大卫,收货,上架
CaTE12DoBl,黑色 品牌04 1200 文件柜（带门式）,文件柜,品牌04,1200,带门式,黑色,8*1*1,8,CU75A,简,收货,上架
SPGi24WaBl,黑色 品牌21 24 触控笔（水彩）,触控笔,品牌21,24,水彩,黑色,48*10*5,2400,BX42C,亚历克斯,收货,上架
OfXESLeBl,黑色 品牌06 小号 办公椅（皮革）,办公椅,品牌06,小号,皮革,黑色,16*1*1,16,AN60A,艾米丽,收货,上架
AlYn148GSi,银色 品牌15 14英寸 一体机（8吉字节内存）,一体机,品牌15,14英寸,8吉字节内存,银色,16*1*1,16,BG43B,劳拉,收货,上架
AlSu178GSi,银色 品牌11 17英寸 一体机（8吉字节内存）,一体机,品牌11,17英寸,8吉字节内存,银色,16*1*1,16,DF69F,大卫,收货,上架
PrReA4MoMi,混合色 品牌24 四号纸 打印机（黑白）,打印机,品牌24,四号纸,黑白,混合色,16*1*1,16,AV67F,艾米,收货,上架
AlOv14i5Bl,黑色 品牌13 14英寸 一体机（第5代处理器）,一体机,品牌13,14英寸,第5代处理器,黑色,16*1*1,16,CY44D,劳拉,收货,上架
AlPH14i7Gr,灰色 品牌12 14英寸 一体机（第7代处理器）,一体机,品牌12,14英寸,第7代处理器,灰色,16*1*1,16,BU54G,简,收货,上架
CaTE18SlBe,米色 品牌04 1800 文件柜（滑动式）,文件柜,品牌04,1800,滑动式,米色,8*1*1,8,AW26E,大卫,收货,上架
SPAl50HePi,粉色 品牌20 50 触控笔（六角形）,触控笔,品牌20,50,六角形,粉色,48*10*5,2400,CH19F,简,收货,上架
AlRe1532Si,银色 品牌14 15英寸 一体机（32吉字节内存）,一体机,品牌14,15英寸,32吉字节内存,银色,16*1*1,16,DX13F,迈克,收货,上架
DrTE12FiBe,米色 品牌04 1200 抽屉柜（文件收纳）,抽屉柜,品牌04,1200,文件收纳,米色,8*1*1,8,DI46G,亚历克斯,收货,上架
CaQE90LoWh,白色 品牌01 900 文件柜（储物锁柜）,文件柜,品牌01,900,储物锁柜,白色,8*1*1,8,CP02H,克里斯,收货,上架
NoGrA5doSi,银色 品牌18 五号纸 笔记本（点阵）,笔记本,品牌18,五号纸,点阵,银色,48*10*5,2400,CO19D,大卫,收货,上架
OfAEMLePi,粉色 品牌05 中号 办公椅（皮革）,办公椅,品牌05,中号,皮革,粉色,16*1*1,16,BT95F,艾米丽,收货,上架
OfSELErWh,白色 品牌08 大号 办公椅（人体工学）,办公椅,品牌08,大号,人体工学,白色,16*1*1,16,AW36H,莎拉,收货,上架
PrReA4LaWh,白色 品牌24 四号纸 打印机（激光）,打印机,品牌24,四号纸,激光,白色,16*1*1,16,CF28F,克里斯,收货,上架
TVGn754KGr,灰色 品牌30 75英寸 电视机（超高清）,电视机,品牌30,75英寸,超高清,灰色,8*1*1,8,BK36A,约翰,收货,上架
GaAELErWh,白色 品牌05 大号 游戏椅（人体工学）,游戏椅,品牌05,大号,人体工学,白色,16*1*1,16,AJ60F,艾米丽,收货,上架
PeGi50HeWh,白色 品牌21 50 铅笔（六角形）,铅笔,品牌21,50,六角形,白色,48*10*5,2400,CO24E,亚历克斯,收货,上架
AlYn1416Wh,白色 品牌15 14英寸 一体机（16吉字节内存）,一体机,品牌15,14英寸,16吉字节内存,白色,16*1*1,16,DK02A,约翰,收货,上架
CuWE18SlBl,黑色 品牌02 1800 储物柜（滑动式）,储物柜,品牌02,1800,滑动式,黑色,8*1*1,8,BV57D,劳拉,收货,上架
DrQE90SlWh,白色 品牌01 900 抽屉柜（滑动式）,抽屉柜,品牌01,900,滑动式,白色,8*1*1,8,BU17G,克里斯,收货,上架
AlRe1432Gr,灰色 品牌14 14英寸 一体机（32吉字节内存）,一体机,品牌14,14英寸,32吉字节内存,灰色,16*1*1,16,CW96F,亚历克斯,收货,上架
TVYn654KWh,白色 品牌15 65英寸 电视机（超高清）,电视机,品牌15,65英寸,超高清,白色,8*1*1,8,AQ77C,亚历克斯,收货,上架
TVYn50S4Bl,黑色 品牌15 50英寸 电视机（超级超高清）,电视机,品牌15,50英寸,超级超高清,黑色,8*1*1,8,DV93G,亚历克斯,收货,上架
CuRG90DoBl,黑色 品牌03 900 储物柜（带门式）,储物柜,品牌03,900,带门式,黑色,8*1*1,8,BW80G,简,收货,上架
OfAELAdBl,黑色 品牌05 大号 办公椅（可调节）,办公椅,品牌05,大号,可调节,黑色,16*1*1,16,BX41A,亚历克斯,收货,上架
CuTE18DoWh,白色 品牌04 1800 储物柜（带门式）,储物柜,品牌04,1800,带门式,白色,8*1*1,8,DV31H,亚历克斯,收货,上架
LaYn148GWh,白色 品牌15 14英寸 笔记本电脑（8吉字节内存）,笔记本电脑,品牌15,14英寸,8吉字节内存,白色,16*1*1,16,BZ88F,简,收货,上架
AlPH14i5Gr,灰色 品牌12 14英寸 一体机（第5代处理器）,一体机,品牌12,14英寸,第5代处理器,灰色,16*1*1,16,DG80E,简,收货,上架
AlOv17i7Wh,白色 品牌13 17英寸 一体机（第7代处理器）,一体机,品牌13,17英寸,第7代处理器,白色,16*1*1,16,BZ23E,约翰,收货,上架
LaOv1732Si,银色 品牌13 17英寸 笔记本电脑（32吉字节内存）,笔记本电脑,品牌13,17英寸,32吉字节内存,银色,16*1*1,16,AY54A,莎拉,收货,上架
PeRe50HeGr,灰色 品牌22 50 铅笔（六角形）,铅笔,品牌22,50,六角形,灰色,48*10*5,2400,AN67A,约翰,收货,上架
CaQE12DoBl,黑色 品牌01 1200 文件柜（带门式）,文件柜,品牌01,1200,带门式,黑色,8*1*1,8,CS35G,克里斯,收货,上架
OfOGMErPi,粉色 品牌07 中号 办公椅（人体工学）,办公椅,品牌07,中号,人体工学,粉色,16*1*1,16,AH72B,劳拉,收货,上架
PeNa50HeWh,白色 品牌23 50 铅笔（六角形）,铅笔,品牌23,50,六角形,白色,48*10*5,2400,AV20C,艾米丽,收货,上架
TVEs75SFGr,灰色 品牌32 75英寸 电视机（超级全高清）,电视机,品牌32,75英寸,超级全高清,灰色,8*1*1,8,BI80H,莎拉,收货,上架
TVEs50SFSi,银色 品牌32 50英寸 电视机（超级全高清）,电视机,品牌32,50英寸,超级全高清,银色,8*1*1,8,AY90E,克里斯,收货,上架
LaSu1516Gr,灰色 品牌11 15英寸 笔记本电脑（16吉字节内存）,笔记本电脑,品牌11,15英寸,16吉字节内存,灰色,16*1*1,16,AK35A,约翰,收货,上架
GaOGMErGr,灰色 品牌07 中号 游戏椅（人体工学）,游戏椅,品牌07,中号,人体工学,灰色,16*1*1,16,CM78G,大卫,收货,上架
OfOGLAdBl,黑色 品牌07 大号 办公椅（可调节）,办公椅,品牌07,大号,可调节,黑色,16*1*1,16,BS20G,艾米,收货,上架
PrPHA4InWh,白色 品牌12 四号纸 打印机（喷墨）,打印机,品牌12,四号纸,喷墨,白色,16*1*1,16,DG58B,克里斯,收货,上架
TaCI15WoSi,银色 品牌27 1500 桌子（工作站）,桌子,品牌27,1500,工作站,银色,8*1*1,8,CM95C,简,收货,上架
KeHc35WiBl,黑色 品牌09 350 键盘（有线）,键盘,品牌09,350,有线,黑色,16*10*1,160,BJ38D,迈克,收货,上架
CaRG12SlWh,白色 品牌03 1200 文件柜（滑动式）,文件柜,品牌03,1200,滑动式,白色,8*1*1,8,BM49B,莎拉,收货,上架
CuWE90LoBl,黑色 品牌02 900 储物柜（储物锁柜）,储物柜,品牌02,900,储物锁柜,黑色,8*1*1,8,AY82E,大卫,收货,上架
MoHc45MeWh,白色 品牌09 450 鼠标（机械式）,鼠标,品牌09,450,机械式,白色,16*10*1,160,DM72B,莎拉,收货,上架
OfXELLeBl,黑色 品牌06 大号 办公椅（皮革）,办公椅,品牌06,大号,皮革,黑色,16*1*1,16,AS56H,亚历克斯,收货,上架
KeSu35WiWh,白色 品牌11 350 键盘（有线）,键盘,品牌11,350,有线,白色,16*10*1,160,CM76B,艾米,收货,上架
MoRe27BlWh,白色 品牌10 270 鼠标（蓝牙）,鼠标,品牌10,270,蓝牙,白色,16*10*1,160,BY66H,艾米丽,收货,上架
NoMuA3liSi,银色 品牌19 三号纸 笔记本（线条）,笔记本,品牌19,三号纸,线条,银色,48*10*5,2400,BK40E,艾米丽,收货,上架
KePH35MeBl,黑色 品牌12 350 键盘（机械式）,键盘,品牌12,350,机械式,黑色,16*10*1,160,BJ77B,约翰,收货,上架
PrReA4MoBl,黑色 品牌24 四号纸 打印机（黑白）,打印机,品牌24,四号纸,黑白,黑色,16*1*1,16,DY82B,劳拉,收货,上架
DrQE90LoWh,白色 品牌01 900 抽屉柜（储物锁柜）,抽屉柜,品牌01,900,储物锁柜,白色,8*1*1,8,DJ42B,克里斯,收货,上架
CaWE12SlBe,米色 品牌02 1200 文件柜（滑动式）,文件柜,品牌02,1200,滑动式,米色,8*1*1,8,BU69H,克里斯,收货,上架
LaYn1432Wh,白色 品牌15 14英寸 笔记本电脑（32吉字节内存）,笔记本电脑,品牌15,14英寸,32吉字节内存,白色,16*1*1,16,AF33G,莎拉,收货,上架
SPAl24HeGr,灰色 品牌20 24 触控笔（六角形）,触控笔,品牌20,24,六角形,灰色,48*10*5,2400,BT65B,约翰,收货,上架
GaAELHeWh,白色 品牌05 大号 游戏椅（头枕）,游戏椅,品牌05,大号,头枕,白色,16*1*1,16,CF75D,约翰,收货,上架
SPGi24HeWh,白色 品牌21 24 触控笔（六角形）,触控笔,品牌21,24,六角形,白色,48*10*5,2400,CO38E,劳拉,收货,上架
TaTR18AuGr,灰色 品牌28 1800 桌子（自动调节）,桌子,品牌28,1800,自动调节,灰色,8*1*1,8,CL72B,克里斯,收货,上架
DrRG12DoBl,黑色 品牌03 1200 抽屉柜（带门式）,抽屉柜,品牌03,1200,带门式,黑色,8*1*1,8,AP18E,莎拉,收货,上架
PeRe50HeGr,灰色 品牌22 50 铅笔（六角形）,铅笔,品牌22,50,六角形,灰色,48*10*5,2400,CG95D,劳拉,收货,上架
TVYn65SFSi,银色 品牌15 65英寸 电视机（超级全高清）,电视机,品牌15,65英寸,超级全高清,银色,8*1*1,8,CY97H,克里斯,收货,上架
DrQE90SlBl,黑色 品牌01 900 抽屉柜（滑动式）,抽屉柜,品牌01,900,滑动式,黑色,8*1*1,8,BU07G,简,收货,上架
TVYn42FHWh,白色 品牌15 42英寸 电视机（全高清）,电视机,品牌15,42英寸,全高清,白色,8*1*1,8,AY24C,约翰,收货,上架
CuRG12DoGr,灰色 品牌03 1200 储物柜（带门式）,储物柜,品牌03,1200,带门式,灰色,8*1*1,8,AV75B,大卫,收货,上架
LaRe14i7Wh,白色 品牌14 14英寸 笔记本电脑（第7代处理器）,笔记本电脑,品牌14,14英寸,第7代处理器,白色,16*1*1,16,AZ40A,劳拉,收货,上架
LaYn15i5Wh,白色 品牌15 15英寸 笔记本电脑（第5代处理器）,笔记本电脑,品牌15,15英寸,第5代处理器,白色,16*1*1,16,CS75F,大卫,收货,上架
CuQE90DoBl,黑色 品牌01 900 储物柜（带门式）,储物柜,品牌01,900,带门式,黑色,8*1*1,8,BV73D,克里斯,收货,上架
TVEs42S4Wh,白色 品牌32 42英寸 电视机（超级超高清）,电视机,品牌32,42英寸,超级超高清,白色,8*1*1,8,AV28H,克里斯,收货,上架
LaOv1532Si,银色 品牌13 15英寸 笔记本电脑（32吉字节内存）,笔记本电脑,品牌13,15英寸,32吉字节内存,银色,16*1*1,16,CY12B,大卫,收货,上架
LaPH14i5Si,银色 品牌12 14英寸 笔记本电脑（第5代处理器）,笔记本电脑,品牌12,14英寸,第5代处理器,银色,16*1*1,16,CU98C,艾米丽,收货,上架
KeSu35MeWh,白色 品牌11 350 键盘（机械式）,键盘,品牌11,350,机械式,白色,16*10*1,160,DF58E,简,收货,上架
TVYn324KSi,银色 品牌15 32英寸 电视机（超高清）,电视机,品牌15,32英寸,超高清,银色,8*1*1,8,AW84H,劳拉,收货,上架
SPGi24WaPi,粉色 品牌21 24 触控笔（水彩）,触控笔,品牌21,24,水彩,粉色,48*10*5,2400,AN47C,艾米,收货,上架
CaWE90SlBl,黑色 品牌02 900 文件柜（滑动式）,文件柜,品牌02,900,滑动式,黑色,8*1*1,8,DS46B,约翰,收货,上架
GaXELErPi,粉色 品牌06 大号 游戏椅（人体工学）,游戏椅,品牌06,大号,人体工学,粉色,16*1*1,16,DN37A,劳拉,收货,上架
NoGrA4ruBl,黑色 品牌18 四号纸 笔记本（横线）,笔记本,品牌18,四号纸,横线,黑色,48*10*5,2400,AN66G,大卫,收货,上架
KePH35ErPi,粉色 品牌12 350 键盘（人体工学）,键盘,品牌12,350,人体工学,粉色,16*10*1,160,DV84B,艾米丽,收货,上架
CuRG18SlBe,米色 品牌03 1800 储物柜（滑动式）,储物柜,品牌03,1800,滑动式,米色,8*1*1,8,BP86E,莎拉,收货,上架
OfXEMAdGr,灰色 品牌06 中号 办公椅（可调节）,办公椅,品牌06,中号,可调节,灰色,16*1*1,16,BI24D,艾米,收货,上架
GaSELLeGr,灰色 品牌08 大号 游戏椅（皮革）,游戏椅,品牌08,大号,皮革,灰色,16*1*1,16,CV65E,劳拉,收货,上架
NoMuA5ruBl,黑色 品牌19 五号纸 笔记本（横线）,笔记本,品牌19,五号纸,横线,黑色,48*10*5,2400,BL55H,劳拉,收货,上架
PrReA2InWh,白色 品牌24 二号纸 打印机（喷墨）,打印机,品牌24,二号纸,喷墨,白色,16*1*1,16,CG07G,艾米丽,收货,上架
TaAE18FrGr,灰色 品牌05 1800 桌子（框架式）,桌子,品牌05,1800,框架式,灰色,8*1*1,8,CQ78G,约翰,收货,上架
CuWE12LoWh,白色 品牌02 1200 储物柜（储物锁柜）,储物柜,品牌02,1200,储物锁柜,白色,8*1*1,8,AW93E,劳拉,收货,上架
AlSu1532Si,银色 品牌11 15英寸 一体机（32吉字节内存）,一体机,品牌11,15英寸,32吉字节内存,银色,16*1*1,16,AK05D,莎拉,收货,上架
TVYn65SFWh,白色 品牌15 65英寸 电视机（超级全高清）,电视机,品牌15,65英寸,超级全高清,白色,8*1*1,8,DR78A,艾米丽,收货,上架
SPRe12HeWh,白色 品牌22 12 触控笔（六角形）,触控笔,品牌22,12,六角形,白色,48*10*5,2400,BQ79C,艾米丽,收货,上架
KeHc27MePi,粉色 品牌09 270 键盘（机械式）,键盘,品牌09,270,机械式,粉色,16*10*1,160,BN46B,劳拉,收货,上架
OfAELAdBl,黑色 品牌05 大号 办公椅（可调节）,办公椅,品牌05,大号,可调节,黑色,16*1*1,16,CT54H,莎拉,收货,上架
TVYn32SFWh,白色 品牌15 32英寸 电视机（超级全高清）,电视机,品牌15,32英寸,超级全高清,白色,8*1*1,8,DZ83D,约翰,收货,上架
TVGL32S4Bl,黑色 品牌31 32英寸 电视机（超级超高清）,电视机,品牌31,32英寸,超级超高清,黑色,8*1*1,8,AK70D,简,收货,上架
OfSESLePi,粉色 品牌08 小号 办公椅（皮革）,办公椅,品牌08,小号,皮革,粉色,16*1*1,16,AZ40B,约翰,收货,上架
PrReA2LaMi,混合色 品牌24 二号纸 打印机（激光）,打印机,品牌24,二号纸,激光,混合色,16*1*1,16,BH40H,简,收货,上架
KePH27BlNa,藏青色 品牌12 270 键盘（蓝牙）,键盘,品牌12,270,蓝牙,藏青色,16*10*1,160,BX77D,大卫,收货,上架
AlYn17i7Gr,灰色 品牌15 17英寸 一体机（第7代处理器）,一体机,品牌15,17英寸,第7代处理器,灰色,16*1*1,16,BU22F,迈克,收货,上架
TaAE15AdSi,银色 品牌05 1500 桌子（可调节）,桌子,品牌05,1500,可调节,银色,8*1*1,8,DJ02G,劳拉,收货,上架
CaWE90FiBl,黑色 品牌02 900 文件柜（文件收纳）,文件柜,品牌02,900,文件收纳,黑色,8*1*1,8,AO61E,莎拉,收货,上架
MoSu45ErNa,藏青色 品牌11 450 鼠标（人体工学）,鼠标,品牌11,450,人体工学,藏青色,16*10*1,160,AT12A,劳拉,收货,上架
DrWE90SlBe,米色 品牌02 900 抽屉柜（滑动式）,抽屉柜,品牌02,900,滑动式,米色,8*1*1,8,CX33E,迈克,收货,上架
LaRe158GSi,银色 品牌14 15英寸 笔记本电脑（8吉字节内存）,笔记本电脑,品牌14,15英寸,8吉字节内存,银色,16*1*1,16,AN22A,艾米丽,收货,上架
CuTE12DoBe,米色 品牌04 1200 储物柜（带门式）,储物柜,品牌04,1200,带门式,米色,8*1*1,8,AX45B,克里斯,收货,上架
MoSu35MeNa,藏青色 品牌11 350 鼠标（机械式）,鼠标,品牌11,350,机械式,藏青色,16*10*1,160,BT23H,亚历克斯,收货,上架
PrReA2InWh,白色 品牌24 二号纸 打印机（喷墨）,打印机,品牌24,二号纸,喷墨,白色,16*1*1,16,DL69E,亚历克斯,收货,上架
AlYn14i5Wh,白色 品牌15 14英寸 一体机（第5代处理器）,一体机,品牌15,14英寸,第5代处理器,白色,16*1*1,16,CY31C,艾米丽,收货,上架
CuTE12FiBe,米色 品牌04 1200 储物柜（文件收纳）,储物柜,品牌04,1200,文件收纳,米色,8*1*1,8,AW64G,简,收货,上架
AlRe14i5Wh,白色 品牌14 14英寸 一体机（第5代处理器）,一体机,品牌14,14英寸,第5代处理器,白色,16*1*1,16,CX32A,亚历克斯,收货,上架
LaOv1416Bl,黑色 品牌13 14英寸 笔记本电脑（16吉字节内存）,笔记本电脑,品牌13,14英寸,16吉字节内存,黑色,16*1*1,16,DL36D,亚历克斯,收货,上架
CuQE18DoGr,灰色 品牌01 1800 储物柜（带门式）,储物柜,品牌01,1800,带门式,灰色,8*1*1,8,CM33H,克里斯,收货,上架
PrSoA4InBl,黑色 品牌25 四号纸 打印机（喷墨）,打印机,品牌25,四号纸,喷墨,黑色,16*1*1,16,AJ90F,艾米丽,收货,上架
PrReA3AlWh,白色 品牌24 三号纸 打印机（一体式）,打印机,品牌24,三号纸,一体式,白色,16*1*1,16,DG62F,简,收货,上架
OfSELHeWh,白色 品牌08 大号 办公椅（头枕）,办公椅,品牌08,大号,头枕,白色,16*1*1,16,CV19H,大卫,收货,上架
LaRe1532Wh,白色 品牌14 15英寸 笔记本电脑（32吉字节内存）,笔记本电脑,品牌14,15英寸,32吉字节内存,白色,16*1*1,16,CJ60A,莎拉,收货,上架
PrSoA3AlBl,黑色 品牌25 三号纸 打印机（一体式）,打印机,品牌25,三号纸,一体式,黑色,16*1*1,16,DS25B,艾米,收货,上架
LaYn1516Wh,白色 品牌15 15英寸 笔记本电脑（16吉字节内存）,笔记本电脑,品牌15,15英寸,16吉字节内存,白色,16*1*1,16,BG30G,亚历克斯,收货,上架
AlPH158GBl,黑色 品牌12 15英寸 一体机（8吉字节内存）,一体机,品牌12,15英寸,8吉字节内存,黑色,16*1*1,16,DL06A,亚历克斯,收货,上架
TVYn75S4Gr,灰色 品牌15 75英寸 电视机（超级超高清）,电视机,品牌15,75英寸,超级超高清,灰色,8*1*1,8,DW30E,迈克,收货,上架
KeHc35ErPi,粉色 品牌09 350 键盘（人体工学）,键盘,品牌09,350,人体工学,粉色,16*10*1,160,CV01D,亚历克斯,收货,上架
DrWE90LoGr,灰色 品牌02 900 抽屉柜（储物锁柜）,抽屉柜,品牌02,900,储物锁柜,灰色,8*1*1,8,AQ68E,亚历克斯,收货,上架
TVEs754KWh,白色 品牌32 75英寸 电视机（超高清）,电视机,品牌32,75英寸,超高清,白色,8*1*1,8,DQ05H,克里斯,收货,上架
DrTE12LoGr,灰色 品牌04 1200 抽屉柜（储物锁柜）,抽屉柜,品牌04,1200,储物锁柜,灰色,8*1*1,8,BQ29E,亚历克斯,收货,上架
AlYn1532Wh,白色 品牌15 15英寸 一体机（32吉字节内存）,一体机,品牌15,15英寸,32吉字节内存,白色,16*1*1,16,CV56A,艾米丽,收货,上架
TaTR18AuWh,白色 品牌29 1800 桌子（自动调节）,桌子,品牌29,1800,自动调节,白色,8*1*1,8,AG08C,莎拉,收货,上架
TVYn42SFBl,黑色 品牌15 42英寸 电视机（超级全高清）,电视机,品牌15,42英寸,超级全高清,黑色,8*1*1,8,AG33H,克里斯,收货,上架
LaYn17i7Bl,黑色 品牌15 17英寸 笔记本电脑（第7代处理器）,笔记本电脑,品牌15,17英寸,第7代处理器,黑色,16*1*1,16,DK62E,大卫,收货,上架
AlYn14i5Gr,灰色 品牌15 14英寸 一体机（第5代处理器）,一体机,品牌15,14英寸,第5代处理器,灰色,16*1*1,16,BT42E,艾米,收货,上架
MoHc35WiWh,白色 品牌09 350 鼠标（有线）,鼠标,品牌09,350,有线,白色,16*10*1,160,CZ95D,劳拉,收货,上架
DrRG12FiWh,白色 品牌03 1200 抽屉柜（文件收纳）,抽屉柜,品牌03,1200,文件收纳,白色,8*1*1,8,AU30B,简,收货,上架
SPGi24WaGr,灰色 品牌21 24 触控笔（水彩）,触控笔,品牌21,24,水彩,灰色,48*10*5,2400,BI52C,莎拉,收货,上架
KeHc27ErWh,白色 品牌09 270 键盘（人体工学）,键盘,品牌09,270,人体工学,白色,16*10*1,160,AP75H,简,收货,上架
PrSoA2AlWh,白色 品牌25 二号纸 打印机（一体式）,打印机,品牌25,二号纸,一体式,白色,16*1*1,16,BJ36G,迈克,收货,上架
GaOGMHeWh,白色 品牌07 中号 游戏椅（头枕）,游戏椅,品牌07,中号,头枕,白色,16*1*1,16,CN46D,克里斯,收货,上架
KePH45WiWh,白色 品牌12 450 键盘（有线）,键盘,品牌12,450,有线,白色,16*10*1,160,AT52E,艾米,收货,上架
LaPH158GWh,白色 品牌12 15英寸 笔记本电脑（8吉字节内存）,笔记本电脑,品牌12,15英寸,8吉字节内存,白色,16*1*1,16,DX83A,莎拉,收货,上架
KePH27WiPi,粉色 品牌12 270 键盘（有线）,键盘,品牌12,270,有线,粉色,16*10*1,160,AP88B,艾米丽,收货,上架
LaYn15i5Wh,白色 品牌15 15英寸 笔记本电脑（第5代处理器）,笔记本电脑,品牌15,15英寸,第5代处理器,白色,16*1*1,16,DS27H,约翰,收货,上架
LaSu15i7Si,银色 品牌11 15英寸 笔记本电脑（第7代处理器）,笔记本电脑,品牌11,15英寸,第7代处理器,银色,16*1*1,16,BS75C,大卫,收货,上架
TVGL424KSi,银色 品牌31 42英寸 电视机（超高清）,电视机,品牌31,42英寸,超高清,银色,8*1*1,8,AW82A,约翰,收货,上架
DrTE18DoBl,黑色 品牌04 1800 抽屉柜（带门式）,抽屉柜,品牌04,1800,带门式,黑色,8*1*1,8,DQ49E,克里斯,收货,上架
OfSESLeGr,灰色 品牌08 小号 办公椅（皮革）,办公椅,品牌08,小号,皮革,灰色,16*1*1,16,CW76G,简,收货,上架
LaYn1432Si,银色 品牌15 14英寸 笔记本电脑（32吉字节内存）,笔记本电脑,品牌15,14英寸,32吉字节内存,银色,16*1*1,16,CG42G,克里斯,收货,上架
LaRe1432Bl,黑色 品牌14 14英寸 笔记本电脑（32吉字节内存）,笔记本电脑,品牌14,14英寸,32吉字节内存,黑色,16*1*1,16,DP49H,艾米,收货,上架
GaOGLLeBl,黑色 品牌07 大号 游戏椅（皮革）,游戏椅,品牌07,大号,皮革,黑色,16*1*1,16,CF76F,艾米,收货,上架
DrRG90SlBe,米色 品牌03 900 抽屉柜（滑动式）,抽屉柜,品牌03,900,滑动式,米色,8*1*1,8,BF14B,约翰,收货,上架
PeRe12HeBl,黑色 品牌22 12 铅笔（六角形）,铅笔,品牌22,12,六角形,黑色,48*10*5,2400,AP66H,大卫,收货,上架
LaRe178GBl,黑色 品牌14 17英寸 笔记本电脑（8吉字节内存）,笔记本电脑,品牌14,17英寸,8吉字节内存,黑色,16*1*1,16,AK26D,艾米丽,收货,上架
OfSELAdGr,灰色 品牌08 大号 办公椅（可调节）,办公椅,品牌08,大号,可调节,灰色,16*1*1,16,BM76G,克里斯,收货,上架
CaQE12DoBl,黑色 品牌01 1200 文件柜（带门式）,文件柜,品牌01,1200,带门式,黑色,8*1*1,8,CV65D,迈克,收货,上架
PrPHA4InGr,灰色 品牌12 四号纸 打印机（喷墨）,打印机,品牌12,四号纸,喷墨,灰色,16*1*1,16,CJ78F,克里斯,收货,上架
AlPH158GWh,白色 品牌12 15英寸 一体机（8吉字节内存）,一体机,品牌12,15英寸,8吉字节内存,白色,16*1*1,16,CG42B,亚历克斯,收货,上架
TaAE10FrBl,黑色 品牌05 1000 桌子（框架式）,桌子,品牌05,1000,框架式,黑色,8*1*1,8,DW01F,简,收货,上架
OfOGMErPi,粉色 品牌07 中号 办公椅（人体工学）,办公椅,品牌07,中号,人体工学,粉色,16*1*1,16,DH05G,亚历克斯,收货,上架
NoExA4liWh,白色 品牌16 四号纸 笔记本（线条）,笔记本,品牌16,四号纸,线条,白色,48*10*5,2400,AI98A,迈克,收货,上架
PrSoA3WiMi,混合色 品牌25 三号纸 打印机（无线网络）,打印机,品牌25,三号纸,无线网络,混合色,16*1*1,16,DX03G,约翰,收货,上架
KeSu27BlWh,白色 品牌11 270 键盘（蓝牙）,键盘,品牌11,270,蓝牙,白色,16*10*1,160,DX76F,约翰,收货,上架
AlPH1416Si,银色 品牌12 14英寸 一体机（16吉字节内存）,一体机,品牌12,14英寸,16吉字节内存,银色,16*1*1,16,BJ27C,亚历克斯,收货,上架
KePH35BlPi,粉色 品牌12 350 键盘（蓝牙）,键盘,品牌12,350,蓝牙,粉色,16*10*1,160,BM46D,莎拉,收货,上架
CaTE18LoWh,白色 品牌04 1800 文件柜（储物锁柜）,文件柜,品牌04,1800,储物锁柜,白色,8*1*1,8,DG66G,莎拉,收货,上架
MoRe45WiBl,黑色 品牌10 450 鼠标（有线）,鼠标,品牌10,450,有线,黑色,16*10*1,160,AP12C,迈克,收货,上架
TaAE15AuSi,银色 品牌05 1500 桌子（自动调节）,桌子,品牌05,1500,自动调节,银色,8*1*1,8,AV54H,莎拉,收货,上架
TVGn324KGr,灰色 品牌30 32英寸 电视机（超高清）,电视机,品牌30,32英寸,超高清,灰色,8*1*1,8,AQ35B,克里斯,收货,上架
PrNoA4LaWh,白色 品牌26 四号纸 打印机（激光）,打印机,品牌26,四号纸,激光,白色,16*1*1,16,DG80H,艾米,收货,上架
GaSEMHeGr,灰色 品牌08 中号 游戏椅（头枕）,游戏椅,品牌08,中号,头枕,灰色,16*1*1,16,BW77G,简,收货,上架
LaPH148GWh,白色 品牌12 14英寸 笔记本电脑（8吉字节内存）,笔记本电脑,品牌12,14英寸,8吉字节内存,白色,16*1*1,16,BW75G,亚历克斯,收货,上架
DrTE12FiWh,白色 品牌04 1200 抽屉柜（文件收纳）,抽屉柜,品牌04,1200,文件收纳,白色,8*1*1,8,CX92E,迈克,收货,上架
KeHc45WiPi,粉色 品牌09 450 键盘（有线）,键盘,品牌09,450,有线,粉色,16*10*1,160,BR78E,亚历克斯,收货,上架
PrPHA4LaGr,灰色 品牌12 四号纸 打印机（激光）,打印机,品牌12,四号纸,激光,灰色,16*1*1,16,AW48E,莎拉,收货,上架
PrSoA4InBl,黑色 品牌25 四号纸 打印机（喷墨）,打印机,品牌25,四号纸,喷墨,黑色,16*1*1,16,BH47A,亚历克斯,收货,上架
GaOGSAdWh,白色 品牌07 小号 游戏椅（可调节）,游戏椅,品牌07,小号,可调节,白色,16*1*1,16,CY07E,迈克,收货,上架
CaWE18DoBe,米色 品牌02 1800 文件柜（带门式）,文件柜,品牌02,1800,带门式,米色,8*1*1,8,CP17B,克里斯,收货,上架
PrReA4InWh,白色 品牌24 四号纸 打印机（喷墨）,打印机,品牌24,四号纸,喷墨,白色,16*1*1,16,BX49D,艾米,收货,上架
TVYn42S4Gr,灰色 品牌15 42英寸 电视机（超级超高清）,电视机,品牌15,42英寸,超级超高清,灰色,8*1*1,8,CL69D,亚历克斯,收货,上架
LaOv178GBl,黑色 品牌13 17英寸 笔记本电脑（8吉字节内存）,笔记本电脑,品牌13,17英寸,8吉字节内存,黑色,16*1*1,16,DQ38G,简,收货,上架
LaRe1732Wh,白色 品牌14 17英寸 笔记本电脑（32吉字节内存）,笔记本电脑,品牌14,17英寸,32吉字节内存,白色,16*1*1,16,BP72H,克里斯,收货,上架
AlRe158GWh,白色 品牌14 15英寸 一体机（8吉字节内存）,一体机,品牌14,15英寸,8吉字节内存,白色,16*1*1,16,BK39F,大卫,收货,上架
PeAl50HeWh,白色 品牌20 50 铅笔（六角形）,铅笔,品牌20,50,六角形,白色,48*10*5,2400,CH22A,大卫,收货,上架
TVGL42SFGr,灰色 品牌31 42英寸 电视机（超级全高清）,电视机,品牌31,42英寸,超级全高清,灰色,8*1*1,8,BL54H,简,收货,上架
GaSESHeGr,灰色 品牌08 小号 游戏椅（头枕）,游戏椅,品牌08,小号,头枕,灰色,16*1*1,16,CQ67G,约翰,收货,上架
PrPHA4InWh,白色 品牌12 四号纸 打印机（喷墨）,打印机,品牌12,四号纸,喷墨,白色,16*1*1,16,BK21C,大卫,收货,上架
CuWE12FiGr,灰色 品牌02 1200 储物柜（文件收纳）,储物柜,品牌02,1200,文件收纳,灰色,8*1*1,8,CP21H,简,收货,上架
PrReA2WiWh,白色 品牌24 二号纸 打印机（无线网络）,打印机,品牌24,二号纸,无线网络,白色,16*1*1,16,BJ23H,艾米,收货,上架
TVEs424KWh,白色 品牌32 42英寸 电视机（超高清）,电视机,品牌32,42英寸,超高清,白色,8*1*1,8,BN33A,约翰,收货,上架
NoScA4liGr,灰色 品牌17 四号纸 笔记本（线条）,笔记本,品牌17,四号纸,线条,灰色,48*10*5,2400,DW37H,劳拉,收货,上架
GaAEMErBl,黑色 品牌05 中号 游戏椅（人体工学）,游戏椅,品牌05,中号,人体工学,黑色,16*1*1,16,BI61D,克里斯,收货,上架
LaRe1716Si,银色 品牌14 17英寸 笔记本电脑（16吉字节内存）,笔记本电脑,品牌14,17英寸,16吉字节内存,银色,16*1*1,16,DM14H,约翰,收货,上架
SPGi12HeBl,黑色 品牌21 12 触控笔（六角形）,触控笔,品牌21,12,六角形,黑色,48*10*5,2400,DU96D,莎拉,收货,上架
TVGL50S4Si,银色 品牌31 50英寸 电视机（超级超高清）,电视机,品牌31,50英寸,超级超高清,银色,8*1*1,8,DX85H,艾米,收货,上架
TVYn50FHWh,白色 品牌15 50英寸 电视机（全高清）,电视机,品牌15,50英寸,全高清,白色,8*1*1,8,CX53D,劳拉,收货,上架
AlPH15i7Wh,白色 品牌12 15英寸 一体机（第7代处理器）,一体机,品牌12,15英寸,第7代处理器,白色,16*1*1,16,BU42C,莎拉,收货,上架
AlOv1416Wh,白色 品牌13 14英寸 一体机（16吉字节内存）,一体机,品牌13,14英寸,16吉字节内存,白色,16*1*1,16,AI36H,艾米丽,收货,上架
CuQE18FiWh,白色 品牌01 1800 储物柜（文件收纳）,储物柜,品牌01,1800,文件收纳,白色,8*1*1,8,CV52D,劳拉,收货,上架
CaQE12DoGr,灰色 品牌01 1200 文件柜（带门式）,文件柜,品牌01,1200,带门式,灰色,8*1*1,8,BY16G,克里斯,收货,上架
CaRG90FiWh,白色 品牌03 900 文件柜（文件收纳）,文件柜,品牌03,900,文件收纳,白色,8*1*1,8,DY36C,简,收货,上架
CaTE12FiGr,灰色 品牌04 1200 文件柜（文件收纳）,文件柜,品牌04,1200,文件收纳,灰色,8*1*1,8,DS45E,亚历克斯,收货,上架
TVGL50S4Gr,灰色 品牌31 50英寸 电视机（超级超高清）,电视机,品牌31,50英寸,超级超高清,灰色,8*1*1,8,DI04E,大卫,收货,上架
SPNa24WaPi,粉色 品牌23 24 触控笔（水彩）,触控笔,品牌23,24,水彩,粉色,48*10*5,2400,DN46F,莎拉,收货,上架
PeRe24WaGr,灰色 品牌22 24 铅笔（水彩）,铅笔,品牌22,24,水彩,灰色,48*10*5,2400,AS15A,大卫,收货,上架
OfOGMAdWh,白色 品牌07 中号 办公椅（可调节）,办公椅,品牌07,中号,可调节,白色,16*1*1,16,AU27E,莎拉,收货,上架
TVEs65FHGr,灰色 品牌32 65英寸 电视机（全高清）,电视机,品牌32,65英寸,全高清,灰色,8*1*1,8,BP92A,艾米丽,收货,上架
AlYn1432Si,银色 品牌15 14英寸 一体机（32吉字节内存）,一体机,品牌15,14英寸,32吉字节内存,银色,16*1*1,16,DT22H,大卫,收货,上架
NoMuA3liGr,灰色 品牌19 三号纸 笔记本（线条）,笔记本,品牌19,三号纸,线条,灰色,48*10*5,2400,AM25F,艾米丽,收货,上架
AlOv178GSi,银色 品牌13 17英寸 一体机（8吉字节内存）,一体机,品牌13,17英寸,8吉字节内存,银色,16*1*1,16,BV81H,大卫,收货,上架
TVEs75SFBl,黑色 品牌32 75英寸 电视机（超级全高清）,电视机,品牌32,75英寸,超级全高清,黑色,8*1*1,8,BF32A,莎拉,收货,上架
GaOGLHeWh,白色 品牌07 大号 游戏椅（头枕）,游戏椅,品牌07,大号,头枕,白色,16*1*1,16,BL02D,劳拉,收货,上架
KePH27ErPi,粉色 品牌12 270 键盘（人体工学）,键盘,品牌12,270,人体工学,粉色,16*10*1,160,CU50G,简,收货,上架
AlOv1432Wh,白色 品牌13 14英寸 一体机（32吉字节内存）,一体机,品牌13,14英寸,32吉字节内存,白色,16*1*1,16,BM41F,艾米丽,收货,上架
SPAl50HeBl,黑色 品牌20 50 触控笔（六角形）,触控笔,品牌20,50,六角形,黑色,48*10*5,2400,DH96E,简,收货,上架
SPNa50WaGr,灰色 品牌23 50 触控笔（水彩）,触控笔,品牌23,50,水彩,灰色,48*10*5,2400,BP74G,大卫,收货,上架
DrTE90LoWh,白色 品牌04 900 抽屉柜（储物锁柜）,抽屉柜,品牌04,900,储物锁柜,白色,8*1*1,8,AW12G,克里斯,收货,上架
OfXESErBl,黑色 品牌06 小号 办公椅（人体工学）,办公椅,品牌06,小号,人体工学,黑色,16*1*1,16,BM38C,克里斯,收货,上架
AlYn1432Bl,黑色 品牌15 14英寸 一体机（32吉字节内存）,一体机,品牌15,14英寸,32吉字节内存,黑色,16*1*1,16,DU87H,劳拉,收货,上架
LaPH1432Gr,灰色 品牌12 14英寸 笔记本电脑（32吉字节内存）,笔记本电脑,品牌12,14英寸,32吉字节内存,灰色,16*1*1,16,AV74D,大卫,收货,上架
TVYn75FHWh,白色 品牌15 75英寸 电视机（全高清）,电视机,品牌15,75英寸,全高清,白色,8*1*1,8,CZ13D,简,收货,上架
SPNa50WaWh,白色 品牌23 50 触控笔（水彩）,触控笔,品牌23,50,水彩,白色,48*10*5,2400,BY97E,艾米丽,收货,上架
GaOGMAdWh,白色 品牌07 中号 游戏椅（可调节）,游戏椅,品牌07,中号,可调节,白色,16*1*1,16,AX70F,艾米,收货,上架
AlYn1732Si,银色 品牌15 17英寸 一体机（32吉字节内存）,一体机,品牌15,17英寸,32吉字节内存,银色,16*1*1,16,CI12E,简,收货,上架
MoHc27BlPi,粉色 品牌09 270 鼠标（蓝牙）,鼠标,品牌09,270,蓝牙,粉色,16*10*1,160,DX55G,亚历克斯,收货,上架
LaRe1532Gr,灰色 品牌14 15英寸 笔记本电脑（32吉字节内存）,笔记本电脑,品牌14,15英寸,32吉字节内存,灰色,16*1*1,16,DU44A,约翰,收货,上架
CuTE18SlBe,米色 品牌04 1800 储物柜（滑动式）,储物柜,品牌04,1800,滑动式,米色,8*1*1,8,AV87G,劳拉,收货,上架
LaPH15i5Wh,白色 品牌12 15英寸 笔记本电脑（第5代处理器）,笔记本电脑,品牌12,15英寸,第5代处理器,白色,16*1*1,16,CW35E,艾米,收货,上架
OfAEMAdPi,粉色 品牌05 中号 办公椅（可调节）,办公椅,品牌05,中号,可调节,粉色,16*1*1,16,DU41C,亚历克斯,收货,上架
AlSu14i5Si,银色 品牌11 14英寸 一体机（第5代处理器）,一体机,品牌11,14英寸,第5代处理器,银色,16*1*1,16,BM57F,艾米丽,收货,上架
GaXESLeGr,灰色 品牌06 小号 游戏椅（皮革）,游戏椅,品牌06,小号,皮革,灰色,16*1*1,16,DQ30F,莎拉,收货,上架
TVYn50SFBl,黑色 品牌15 50英寸 电视机（超级全高清）,电视机,品牌15,50英寸,超级全高清,黑色,8*1*1,8,DY68H,艾米丽,收货,上架
CuWE18SlBl,黑色 品牌02 1800 储物柜（滑动式）,储物柜,品牌02,1800,滑动式,黑色,8*1*1,8,DV15H,艾米丽,收货,上架
TVEs654KGr,灰色 品牌32 65英寸 电视机（超高清）,电视机,品牌32,65英寸,超高清,灰色,8*1*1,8,DH30G,克里斯,收货,上架
MoRe45WiWh,白色 品牌10 450 鼠标（有线）,鼠标,品牌10,450,有线,白色,16*10*1,160,DY73B,劳拉,收货,上架
TaCI18AuBl,黑色 品牌27 1800 桌子（自动调节）,桌子,品牌27,1800,自动调节,黑色,8*1*1,8,CU03C,莎拉,收货,上架
DrWE18FiBl,黑色 品牌02 1800 抽屉柜（文件收纳）,抽屉柜,品牌02,1800,文件收纳,黑色,8*1*1,8,BS61D,艾米丽,收货,上架
LaYn178GWh,白色 品牌15 17英寸 笔记本电脑（8吉字节内存）,笔记本电脑,品牌15,17英寸,8吉字节内存,白色,16*1*1,16,BN33H,莎拉,收货,上架
KePH35MeWh,白色 品牌12 350 键盘（机械式）,键盘,品牌12,350,机械式,白色,16*10*1,160,AT02B,简,收货,上架
PrSoA4InWh,白色 品牌25 四号纸 打印机（喷墨）,打印机,品牌25,四号纸,喷墨,白色,16*1*1,16,CG58C,艾米,收货,上架
TaCI15WoSi,银色 品牌27 1500 桌子（工作站）,桌子,品牌27,1500,工作站,银色,8*1*1,8,BQ81B,克里斯,收货,上架
PrReA3MoMi,混合色 品牌24 三号纸 打印机（黑白）,打印机,品牌24,三号纸,黑白,混合色,16*1*1,16,CF72C,约翰,收货,上架
KeHc27WiWh,白色 品牌09 270 键盘（有线）,键盘,品牌09,270,有线,白色,16*10*1,160,CV11A,约翰,收货,上架
PrSoA3AlBl,黑色 品牌25 三号纸 打印机（一体式）,打印机,品牌25,三号纸,一体式,黑色,16*1*1,16,CJ17H,大卫,收货,上架
PrNoA3InWh,白色 品牌26 三号纸 打印机（喷墨）,打印机,品牌26,三号纸,喷墨,白色,16*1*1,16,DU29D,克里斯,收货,上架
TVEs654KWh,白色 品牌32 65英寸 电视机（超高清）,电视机,品牌32,65英寸,超高清,白色,8*1*1,8,DH22B,劳拉,收货,上架
SPRe12HeBl,黑色 品牌22 12 触控笔（六角形）,触控笔,品牌22,12,六角形,黑色,48*10*5,2400,CH40E,大卫,收货,上架
LaSu1416Bl,黑色 品牌11 14英寸 笔记本电脑（16吉字节内存）,笔记本电脑,品牌11,14英寸,16吉字节内存,黑色,16*1*1,16,BV48G,莎拉,收货,上架
TaTR10FrBl,黑色 品牌29 1000 桌子（框架式）,桌子,品牌29,1000,框架式,黑色,8*1*1,8,CZ94C,简,收货,上架
TVGL75FHBl,黑色 品牌31 75英寸 电视机（全高清）,电视机,品牌31,75英寸,全高清,黑色,8*1*1,8,DY38D,艾米丽,收货,上架
PrSoA4WiWh,白色 品牌25 四号纸 打印机（无线网络）,打印机,品牌25,四号纸,无线网络,白色,16*1*1,16,AV63B,克里斯,收货,上架
TaCI15FrGr,灰色 品牌27 1500 桌子（框架式）,桌子,品牌27,1500,框架式,灰色,8*1*1,8,CK97D,简,收货,上架
OfOGSErPi,粉色 品牌07 小号 办公椅（人体工学）,办公椅,品牌07,小号,人体工学,粉色,16*1*1,16,CK45G,艾米,收货,上架
TVGn504KGr,灰色 品牌30 50英寸 电视机（超高清）,电视机,品牌30,50英寸,超高清,灰色,8*1*1,8,DI05F,艾米丽,收货,上架
CuQE90DoBl,黑色 品牌01 900 储物柜（带门式）,储物柜,品牌01,900,带门式,黑色,8*1*1,8,BO33D,莎拉,收货,上架
OfAELLeBl,黑色 品牌05 大号 办公椅（皮革）,办公椅,品牌05,大号,皮革,黑色,16*1*1,16,CV78A,艾米,收货,上架
DrTE90FiBe,米色 品牌04 900 抽屉柜（文件收纳）,抽屉柜,品牌04,900,文件收纳,米色,8*1*1,8,DG10C,约翰,收货,上架
KeRe35WiNa,藏青色 品牌10 350 键盘（有线）,键盘,品牌10,350,有线,藏青色,16*10*1,160,BX75G,约翰,收货,上架
CuWE18DoWh,白色 品牌02 1800 储物柜（带门式）,储物柜,品牌02,1800,带门式,白色,8*1*1,8,CX93G,约翰,收货,上架
TVEs42FHGr,灰色 品牌32 42英寸 电视机（全高清）,电视机,品牌32,42英寸,全高清,灰色,8*1*1,8,AS87D,艾米,收货,上架
LaOv1516Bl,黑色 品牌13 15英寸 笔记本电脑（16吉字节内存）,笔记本电脑,品牌13,15英寸,16吉字节内存,黑色,16*1*1,16,CI79B,大卫,收货,上架
MoPH45WiNa,藏青色 品牌12 450 鼠标（有线）,鼠标,品牌12,450,有线,藏青色,16*10*1,160,CI29C,迈克,收货,上架
OfOGLHeBl,黑色 品牌07 大号 办公椅（头枕）,办公椅,品牌07,大号,头枕,黑色,16*1*1,16,CW28B,亚历克斯,收货,上架
PrPHA4MoMi,混合色 品牌12 四号纸 打印机（黑白）,打印机,品牌12,四号纸,黑白,混合色,16*1*1,16,CW51C,亚历克斯,收货,上架
PrPHA4InBl,黑色 品牌12 四号纸 打印机（喷墨）,打印机,品牌12,四号纸,喷墨,黑色,16*1*1,16,AN75A,简,收货,上架
AlPH1516Bl,黑色 品牌12 15英寸 一体机（16吉字节内存）,一体机,品牌12,15英寸,16吉字节内存,黑色,16*1*1,16,BJ04B,简,收货,上架
DrRG12DoBl,黑色 品牌03 1200 抽屉柜（带门式）,抽屉柜,品牌03,1200,带门式,黑色,8*1*1,8,DI19A,简,收货,上架
DrRG90LoWh,白色 品牌03 900 抽屉柜（储物锁柜）,抽屉柜,品牌03,900,储物锁柜,白色,8*1*1,8,BX02D,约翰,收货,上架
TVYn42S4Gr,灰色 品牌15 42英寸 电视机（超级超高清）,电视机,品牌15,42英寸,超级超高清,灰色,8*1*1,8,CK44G,迈克,收货,上架
TaAE15FrBl,黑色 品牌05 1500 桌子（框架式）,桌子,品牌05,1500,框架式,黑色,8*1*1,8,AP51D,莎拉,收货,上架
CuRG12DoBe,米色 品牌03 1200 储物柜（带门式）,储物柜,品牌03,1200,带门式,米色,8*1*1,8,CN22E,迈克,收货,上架
CaTE12SlBe,米色 品牌04 1200 文件柜（滑动式）,文件柜,品牌04,1200,滑动式,米色,8*1*1,8,CV29B,劳拉,收货,上架
TaCI10FrSi,银色 品牌27 1000 桌子（框架式）,桌子,品牌27,1000,框架式,银色,8*1*1,8,DH74H,艾米,收货,上架
GaOGMErPi,粉色 品牌07 中号 游戏椅（人体工学）,游戏椅,品牌07,中号,人体工学,粉色,16*1*1,16,BK74B,简,收货,上架
OfSESErBl,黑色 品牌08 小号 办公椅（人体工学）,办公椅,品牌08,小号,人体工学,黑色,16*1*1,16,AK51C,约翰,收货,上架
OfOGMLeBl,黑色 品牌07 中号 办公椅（皮革）,办公椅,品牌07,中号,皮革,黑色,16*1*1,16,DW14H,迈克,收货,上架
TVGn424KBl,黑色 品牌30 42英寸 电视机（超高清）,电视机,品牌30,42英寸,超高清,黑色,8*1*1,8,CV43A,迈克,收货,上架
TVGL75FHBl,黑色 品牌31 75英寸 电视机（全高清）,电视机,品牌31,75英寸,全高清,黑色,8*1*1,8,AR44B,艾米丽,收货,上架
LaYn178GGr,灰色 品牌15 17英寸 笔记本电脑（8吉字节内存）,笔记本电脑,品牌15,17英寸,8吉字节内存,灰色,16*1*1,16,BM04A,劳拉,收货,上架
MoPH27ErBl,黑色 品牌12 270 鼠标（人体工学）,鼠标,品牌12,270,人体工学,黑色,16*10*1,160,DF37F,大卫,收货,上架
TVGL32SFBl,黑色 品牌31 32英寸 电视机（超级全高清）,电视机,品牌31,32英寸,超级全高清,黑色,8*1*1,8,BX74H,亚历克斯,收货,上架
LaOv178GGr,灰色 品牌13 17英寸 笔记本电脑（8吉字节内存）,笔记本电脑,品牌13,17英寸,8吉字节内存,灰色,16*1*1,16,CS78B,简,收货,上架
PrPHA4LaGr,灰色 品牌12 四号纸 打印机（激光）,打印机,品牌12,四号纸,激光,灰色,16*1*1,16,CN94A,简,收货,上架
PeNa12WaGr,灰色 品牌23 12 铅笔（水彩）,铅笔,品牌23,12,水彩,灰色,48*10*5,2400,BL68D,莎拉,收货,上架
SPNa24SoWh,白色 品牌23 24 触控笔（可溶性）,触控笔,品牌23,24,可溶性,白色,48*10*5,2400,DI69G,约翰,收货,上架
LaOv1416Bl,黑色 品牌13 14英寸 笔记本电脑（16吉字节内存）,笔记本电脑,品牌13,14英寸,16吉字节内存,黑色,16*1*1,16,DQ19G,克里斯,收货,上架
LaYn158GGr,灰色 品牌15 15英寸 笔记本电脑（8吉字节内存）,笔记本电脑,品牌15,15英寸,8吉字节内存,灰色,16*1*1,16,AH07B,约翰,收货,上架
PeNa24SoWh,白色 品牌23 24 铅笔（可溶性）,铅笔,品牌23,24,可溶性,白色,48*10*5,2400,AS38G,约翰,收货,上架
TaAE15AdGr,灰色 品牌05 1500 桌子（可调节）,桌子,品牌05,1500,可调节,灰色,8*1*1,8,CU11F,约翰,收货,上架
KeHc27ErBl,黑色 品牌09 270 键盘（人体工学）,键盘,品牌09,270,人体工学,黑色,16*10*1,160,DS83C,艾米,收货,上架
GaOGSErGr,灰色 品牌07 小号 游戏椅（人体工学）,游戏椅,品牌07,小号,人体工学,灰色,16*1*1,16,BO09D,艾米,收货,上架
AlOv17i7Si,银色 品牌13 17英寸 一体机（第7代处理器）,一体机,品牌13,17英寸,第7代处理器,银色,16*1*1,16,AJ35H,艾米丽,收货,上架
GaXESAdGr,灰色 品牌06 小号 游戏椅（可调节）,游戏椅,品牌06,小号,可调节,灰色,16*1*1,16,BU84F,简,收货,上架
LaSu148GGr,灰色 品牌11 14英寸 笔记本电脑（8吉字节内存）,笔记本电脑,品牌11,14英寸,8吉字节内存,灰色,16*1*1,16,AS26A,艾米丽,收货,上架
OfSEMErBl,黑色 品牌08 中号 办公椅（人体工学）,办公椅,品牌08,中号,人体工学,黑色,16*1*1,16,BN59H,亚历克斯,收货,上架
LaYn1416Wh,白色 品牌15 14英寸 笔记本电脑（16吉字节内存）,笔记本电脑,品牌15,14英寸,16吉字节内存,白色,16*1*1,16,AF37D,亚历克斯,收货,上架
LaRe1416Wh,白色 品牌14 14英寸 笔记本电脑（16吉字节内存）,笔记本电脑,品牌14,14英寸,16吉字节内存,白色,16*1*1,16,AX22B,克里斯,收货,上架
SPAl24WaPi,粉色 品牌20 24 触控笔（水彩）,触控笔,品牌20,24,水彩,粉色,48*10*5,2400,CQ98F,简,收货,上架
KeHc27BlPi,粉色 品牌09 270 键盘（蓝牙）,键盘,品牌09,270,蓝牙,粉色,16*10*1,160,DV41F,约翰,收货,上架
TaCI15AdBl,黑色 品牌27 1500 桌子（可调节）,桌子,品牌27,1500,可调节,黑色,8*1*1,8,BZ26D,莎拉,收货,上架
PeNa12WaBl,黑色 品牌23 12 铅笔（水彩）,铅笔,品牌23,12,水彩,黑色,48*10*5,2400,DS01A,简,收货,上架
CuWE12DoBe,米色 品牌02 1200 储物柜（带门式）,储物柜,品牌02,1200,带门式,米色,8*1*1,8,DP58E,克里斯,收货,上架
DrQE18SlBe,米色 品牌01 1800 抽屉柜（滑动式）,抽屉柜,品牌01,1800,滑动式,米色,8*1*1,8,BP60C,克里斯,收货,上架
DrRG18LoWh,白色 品牌03 1800 抽屉柜（储物锁柜）,抽屉柜,品牌03,1800,储物锁柜,白色,8*1*1,8,AI28B,莎拉,收货,上架
CuTE90LoGr,灰色 品牌04 900 储物柜（储物锁柜）,储物柜,品牌04,900,储物锁柜,灰色,8*1*1,8,AK49D,约翰,收货,上架
KePH45WiBl,黑色 品牌12 450 键盘（有线）,键盘,品牌12,450,有线,黑色,16*10*1,160,BR74C,克里斯,收货,上架
MoPH27BlBl,黑色 品牌12 270 鼠标（蓝牙）,鼠标,品牌12,270,蓝牙,黑色,16*10*1,160,CI38B,迈克,收货,上架
CaTE18SlWh,白色 品牌04 1800 文件柜（滑动式）,文件柜,品牌04,1800,滑动式,白色,8*1*1,8,AZ48A,亚历克斯,收货,上架
MoPH35WiWh,白色 品牌12 350 鼠标（有线）,鼠标,品牌12,350,有线,白色,16*10*1,160,BW12G,艾米,收货,上架
AlSu178GBl,黑色 品牌11 17英寸 一体机（8吉字节内存）,一体机,品牌11,17英寸,8吉字节内存,黑色,16*1*1,16,DX42H,简,收货,上架
KeSu27WiWh,白色 品牌11 270 键盘（有线）,键盘,品牌11,270,有线,白色,16*10*1,160,AI02H,亚历克斯,收货,上架
LaSu1432Wh,白色 品牌11 14英寸 笔记本电脑（32吉字节内存）,笔记本电脑,品牌11,14英寸,32吉字节内存,白色,16*1*1,16,BF46H,艾米,收货,上架
OfSELLeWh,白色 品牌08 大号 办公椅（皮革）,办公椅,品牌08,大号,皮革,白色,16*1*1,16,CQ73D,大卫,收货,上架
CaWE18DoBe,米色 品牌02 1800 文件柜（带门式）,文件柜,品牌02,1800,带门式,米色,8*1*1,8,CV82C,亚历克斯,收货,上架
SPGi12HeWh,白色 品牌21 12 触控笔（六角形）,触控笔,品牌21,12,六角形,白色,48*10*5,2400,BY93C,艾米丽,收货,上架
AlOv1416Bl,黑色 品牌13 14英寸 一体机（16吉字节内存）,一体机,品牌13,14英寸,16吉字节内存,黑色,16*1*1,16,AN94C,约翰,收货,上架
TaTR15AdSi,银色 品牌28 1500 桌子（可调节）,桌子,品牌28,1500,可调节,银色,8*1*1,8,CN03H,艾米,收货,上架
AlYn1516Wh,白色 品牌15 15英寸 一体机（16吉字节内存）,一体机,品牌15,15英寸,16吉字节内存,白色,16*1*1,16,BZ84G,艾米,收货,上架
LaOv158GGr,灰色 品牌13 15英寸 笔记本电脑（8吉字节内存）,笔记本电脑,品牌13,15英寸,8吉字节内存,灰色,16*1*1,16,AH30F,克里斯,收货,上架
PeNa24SoGr,灰色 品牌23 24 铅笔（可溶性）,铅笔,品牌23,24,可溶性,灰色,48*10*5,2400,BO91C,艾米,收货,上架
NoExA5doSi,银色 品牌16 五号纸 笔记本（点阵）,笔记本,品牌16,五号纸,点阵,银色,48*10*5,2400,DP63F,简,收货,上架
NoGrA5doSi,银色 品牌18 五号纸 笔记本（点阵）,笔记本,品牌18,五号纸,点阵,银色,48*10*5,2400,AF41H,大卫,收货,上架
TVGL75S4Si,银色 品牌31 75英寸 电视机（超级超高清）,电视机,品牌31,75英寸,超级超高清,银色,8*1*1,8,CT08D,艾米丽,收货,上架
NoGrA5ruGr,灰色 品牌18 五号纸 笔记本（横线）,笔记本,品牌18,五号纸,横线,灰色,48*10*5,2400,BG48D,克里斯,收货,上架
DrWE18LoWh,白色 品牌02 1800 抽屉柜（储物锁柜）,抽屉柜,品牌02,1800,储物锁柜,白色,8*1*1,8,BJ73E,艾米丽,收货,上架
TVGn324KWh,白色 品牌30 32英寸 电视机（超高清）,电视机,品牌30,32英寸,超高清,白色,8*1*1,8,AK66D,劳拉,收货,上架
AlPH14i5Bl,黑色 品牌12 14英寸 一体机（第5代处理器）,一体机,品牌12,14英寸,第5代处理器,黑色,16*1*1,16,AW19E,克里斯,收货,上架
PrReA3LaBl,黑色 品牌24 三号纸 打印机（激光）,打印机,品牌24,三号纸,激光,黑色,16*1*1,16,DI44A,亚历克斯,收货,上架
CuTE12SlWh,白色 品牌04 1200 储物柜（滑动式）,储物柜,品牌04,1200,滑动式,白色,8*1*1,8,BO64E,迈克,收货,上架
MoPH35BlWh,白色 品牌12 350 鼠标（蓝牙）,鼠标,品牌12,350,蓝牙,白色,16*10*1,160,AO57F,劳拉,收货,上架
DrRG12FiGr,灰色 品牌03 1200 抽屉柜（文件收纳）,抽屉柜,品牌03,1200,文件收纳,灰色,8*1*1,8,AS95B,艾米丽,收货,上架
PrPHA3MoMi,混合色 品牌12 三号纸 打印机（黑白）,打印机,品牌12,三号纸,黑白,混合色,16*1*1,16,CW50B,艾米丽,收货,上架
TaTR15WoBl,黑色 品牌28 1500 桌子（工作站）,桌子,品牌28,1500,工作站,黑色,8*1*1,8,DZ80C,大卫,收货,上架
SPNa50SoPi,粉色 品牌23 50 触控笔（可溶性）,触控笔,品牌23,50,可溶性,粉色,48*10*5,2400,DJ23E,莎拉,收货,上架
MoPH27BlNa,藏青色 品牌12 270 鼠标（蓝牙）,鼠标,品牌12,270,蓝牙,藏青色,16*10*1,160,DN58C,劳拉,收货,上架
AlOv1432Si,银色 品牌13 14英寸 一体机（32吉字节内存）,一体机,品牌13,14英寸,32吉字节内存,银色,16*1*1,16,CL29B,大卫,收货,上架
CuTE12DoGr,灰色 品牌04 1200 储物柜（带门式）,储物柜,品牌04,1200,带门式,灰色,8*1*1,8,BV59H,简,收货,上架
MoHc45MeNa,藏青色 品牌09 450 鼠标（机械式）,鼠标,品牌09,450,机械式,藏青色,16*10*1,160,BT87F,迈克,收货,上架
KeHc35MeWh,白色 品牌09 350 键盘（机械式）,键盘,品牌09,350,机械式,白色,16*10*1,160,CQ40H,大卫,收货,上架
PrNoA2LaBl,黑色 品牌26 二号纸 打印机（激光）,打印机,品牌26,二号纸,激光,黑色,16*1*1,16,CI46F,克里斯,收货,上架
OfSEMHeGr,灰色 品牌08 中号 办公椅（头枕）,办公椅,品牌08,中号,头枕,灰色,16*1*1,16,AZ15E,简,收货,上架
MoPH27ErNa,藏青色 品牌12 270 鼠标（人体工学）,鼠标,品牌12,270,人体工学,藏青色,16*10*1,160,BK55D,艾米丽,收货,上架
SPAl24WaWh,白色 品牌20 24 触控笔（水彩）,触控笔,品牌20,24,水彩,白色,48*10*5,2400,CQ89D,劳拉,收货,上架
MoSu45BlPi,粉色 品牌11 450 鼠标（蓝牙）,鼠标,品牌11,450,蓝牙,粉色,16*10*1,160,DZ02C,约翰,收货,上架
CaQE12SlGr,灰色 品牌01 1200 文件柜（滑动式）,文件柜,品牌01,1200,滑动式,灰色,8*1*1,8,BR12A,劳拉,收货,上架
CaWE12DoWh,白色 品牌02 1200 文件柜（带门式）,文件柜,品牌02,1200,带门式,白色,8*1*1,8,BS22A,克里斯,收货,上架
KePH27WiBl,黑色 品牌12 270 键盘（有线）,键盘,品牌12,270,有线,黑色,16*10*1,160,DL10F,艾米丽,收货,上架
PrNoA3InMi,混合色 品牌26 三号纸 打印机（喷墨）,打印机,品牌26,三号纸,喷墨,混合色,16*1*1,16,AS29C,莎拉,收货,上架
MoSu27ErBl,黑色 品牌11 270 鼠标（人体工学）,鼠标,品牌11,270,人体工学,黑色,16*10*1,160,BU02A,亚历克斯,收货,上架
AlPH1732Si,银色 品牌12 17英寸 一体机（32吉字节内存）,一体机,品牌12,17英寸,32吉字节内存,银色,16*1*1,16,DO92A,大卫,收货,上架
TaCI10AuGr,灰色 品牌27 1000 桌子（自动调节）,桌子,品牌27,1000,自动调节,灰色,8*1*1,8,AI17B,克里斯,收货,上架
NoMuA3ruSi,银色 品牌19 三号纸 笔记本（横线）,笔记本,品牌19,三号纸,横线,银色,48*10*5,2400,BG87F,大卫,收货,上架
PrNoA3AlWh,白色 品牌26 三号纸 打印机（一体式）,打印机,品牌26,三号纸,一体式,白色,16*1*1,16,BX01A,约翰,收货,上架
AlSu148GBl,黑色 品牌11 14英寸 一体机（8吉字节内存）,一体机,品牌11,14英寸,8吉字节内存,黑色,16*1*1,16,AX87H,克里斯,收货,上架
GaSESHeWh,白色 品牌08 小号 游戏椅（头枕）,游戏椅,品牌08,小号,头枕,白色,16*1*1,16,CO18D,亚历克斯,收货,上架
PeAl24SoPi,粉色 品牌20 24 铅笔（可溶性）,铅笔,品牌20,24,可溶性,粉色,48*10*5,2400,AV97G,亚历克斯,收货,上架
MoHc45ErWh,白色 品牌09 450 鼠标（人体工学）,鼠标,品牌09,450,人体工学,白色,16*10*1,160,BV15H,克里斯,收货,上架
GaSEMAdWh,白色 品牌08 中号 游戏椅（可调节）,游戏椅,品牌08,中号,可调节,白色,16*1*1,16,CM87F,艾米丽,收货,上架
AlSu14i7Gr,灰色 品牌11 14英寸 一体机（第7代处理器）,一体机,品牌11,14英寸,第7代处理器,灰色,16*1*1,16,CS89B,劳拉,收货,上架
TVEs42S4Wh,白色 品牌32 42英寸 电视机（超级超高清）,电视机,品牌32,42英寸,超级超高清,白色,8*1*1,8,BJ27B,迈克,收货,上架
TVGn42S4Si,银色 品牌30 42英寸 电视机（超级超高清）,电视机,品牌30,42英寸,超级超高清,银色,8*1*1,8,DL09C,简,收货,上架
AlYn17i5Si,银色 品牌15 17英寸 一体机（第5代处理器）,一体机,品牌15,17英寸,第5代处理器,银色,16*1*1,16,DI49A,大卫,收货,上架
TaTR15FrBl,黑色 品牌29 1500 桌子（框架式）,桌子,品牌29,1500,框架式,黑色,8*1*1,8,CW03H,简,收货,上架
SPRe24WaPi,粉色 品牌22 24 触控笔（水彩）,触控笔,品牌22,24,水彩,粉色,48*10*5,2400,BL88E,简,收货,上架
LaPH17i5Si,银色 品牌12 17英寸 笔记本电脑（第5代处理器）,笔记本电脑,品牌12,17英寸,第5代处理器,银色,16*1*1,16,CN75D,迈克,收货,上架
NoMuA3doBl,黑色 品牌19 三号纸 笔记本（点阵）,笔记本,品牌19,三号纸,点阵,黑色,48*10*5,2400,AM22E,劳拉,收货,上架
PeAl24SoPi,粉色 品牌20 24 铅笔（可溶性）,铅笔,品牌20,24,可溶性,粉色,48*10*5,2400,BY92F,约翰,收货,上架
CuRG12FiBe,米色 品牌03 1200 储物柜（文件收纳）,储物柜,品牌03,1200,文件收纳,米色,8*1*1,8,DS02H,简,收货,上架
LaPH14i7Wh,白色 品牌12 14英寸 笔记本电脑（第7代处理器）,笔记本电脑,品牌12,14英寸,第7代处理器,白色,16*1*1,16,AO29B,约翰,收货,上架
LaRe1416Si,银色 品牌14 14英寸 笔记本电脑（16吉字节内存）,笔记本电脑,品牌14,14英寸,16吉字节内存,银色,16*1*1,16,DF22C,劳拉,收货,上架
DrTE90SlBl,黑色 品牌04 900 抽屉柜（滑动式）,抽屉柜,品牌04,900,滑动式,黑色,8*1*1,8,CZ97E,克里斯,收货,上架
GaOGMAdPi,粉色 品牌07 中号 游戏椅（可调节）,游戏椅,品牌07,中号,可调节,粉色,16*1*1,16,BZ61A,艾米,收货,上架
MoSu45WiWh,白色 品牌11 450 鼠标（有线）,鼠标,品牌11,450,有线,白色,16*10*1,160,DJ67F,艾米,收货,上架
PrReA3MoWh,白色 品牌24 三号纸 打印机（黑白）,打印机,品牌24,三号纸,黑白,白色,16*1*1,16,CN15A,莎拉,收货,上架
NoGrA4liWh,白色 品牌18 四号纸 笔记本（线条）,笔记本,品牌18,四号纸,线条,白色,48*10*5,2400,BO68H,艾米,收货,上架
MoPH27WiNa,藏青色 品牌12 270 鼠标（有线）,鼠标,品牌12,270,有线,藏青色,16*10*1,160,AJ49C,艾米丽,收货,上架
CuTE18LoWh,白色 品牌04 1800 储物柜（储物锁柜）,储物柜,品牌04,1800,储物锁柜,白色,8*1*1,8,AF28D,劳拉,收货,上架
LaOv178GWh,白色 品牌13 17英寸 笔记本电脑（8吉字节内存）,笔记本电脑,品牌13,17英寸,8吉字节内存,白色,16*1*1,16,DU41A,大卫,收货,上架
DrQE90SlBe,米色 品牌01 900 抽屉柜（滑动式）,抽屉柜,品牌01,900,滑动式,米色,8*1*1,8,BV77A,莎拉,收货,上架
MoPH35WiNa,藏青色 品牌12 350 鼠标（有线）,鼠标,品牌12,350,有线,藏青色,16*10*1,160,AV48H,克里斯,收货,上架
KeSu27BlWh,白色 品牌11 270 键盘（蓝牙）,键盘,品牌11,270,蓝牙,白色,16*10*1,160,CT89A,艾米,收货,上架
TaAE10WoWh,白色 品牌05 1000 桌子（工作站）,桌子,品牌05,1000,工作站,白色,8*1*1,8,AU62D,迈克,收货,上架
CuQE18LoGr,灰色 品牌01 1800 储物柜（储物锁柜）,储物柜,品牌01,1800,储物锁柜,灰色,8*1*1,8,AP63F,亚历克斯,收货,上架
TVGL654KWh,白色 品牌31 65英寸 电视机（超高清）,电视机,品牌31,65英寸,超高清,白色,8*1*1,8,BN47C,迈克,收货,上架
CuQE12SlWh,白色 品牌01 1200 储物柜（滑动式）,储物柜,品牌01,1200,滑动式,白色,8*1*1,8,AG77E,大卫,收货,上架
OfXEMLeGr,灰色 品牌06 中号 办公椅（皮革）,办公椅,品牌06,中号,皮革,灰色,16*1*1,16,CG18B,迈克,收货,上架
TVGL32S4Bl,黑色 品牌31 32英寸 电视机（超级超高清）,电视机,品牌31,32英寸,超级超高清,黑色,8*1*1,8,DR60G,约翰,收货,上架
GaXELAdWh,白色 品牌06 大号 游戏椅（可调节）,游戏椅,品牌06,大号,可调节,白色,16*1*1,16,CQ84B,简,收货,上架
PrSoA3MoMi,混合色 品牌25 三号纸 打印机（黑白）,打印机,品牌25,三号纸,黑白,混合色,16*1*1,16,AO53B,约翰,收货,上架
GaSELAdWh,白色 品牌08 大号 游戏椅（可调节）,游戏椅,品牌08,大号,可调节,白色,16*1*1,16,DZ91D,迈克,收货,上架
TVGn50FHGr,灰色 品牌30 50英寸 电视机（全高清）,电视机,品牌30,50英寸,全高清,灰色,8*1*1,8,DW82B,约翰,收货,上架
TVGn50SFBl,黑色 品牌30 50英寸 电视机（超级全高清）,电视机,品牌30,50英寸,超级全高清,黑色,8*1*1,8,CT77H,简,收货,上架
MoRe27WiNa,藏青色 品牌10 270 鼠标（有线）,鼠标,品牌10,270,有线,藏青色,16*10*1,160,CK84E,劳拉,收货,上架
AlRe1716Gr,灰色 品牌14 17英寸 一体机（16吉字节内存）,一体机,品牌14,17英寸,16吉字节内存,灰色,16*1*1,16,BF44D,劳拉,收货,上架
GaXEMLePi,粉色 品牌06 中号 游戏椅（皮革）,游戏椅,品牌06,中号,皮革,粉色,16*1*1,16,CG44E,艾米,收货,上架
CaQE18LoBl,黑色 品牌01 1800 文件柜（储物锁柜）,文件柜,品牌01,1800,储物锁柜,黑色,8*1*1,8,CZ11A,克里斯,收货,上架
LaYn14i7Wh,白色 品牌15 14英寸 笔记本电脑（第7代处理器）,笔记本电脑,品牌15,14英寸,第7代处理器,白色,16*1*1,16,AT67H,莎拉,收货,上架
PrNoA2InWh,白色 品牌26 二号纸 打印机（喷墨）,打印机,品牌26,二号纸,喷墨,白色,16*1*1,16,DO16F,艾米丽,收货,上架
AlYn15i7Wh,白色 品牌15 15英寸 一体机（第7代处理器）,一体机,品牌15,15英寸,第7代处理器,白色,16*1*1,16,DM56C,艾米丽,收货,上架
PeNa50HeBl,黑色 品牌23 50 铅笔（六角形）,铅笔,品牌23,50,六角形,黑色,48*10*5,2400,DP13C,亚历克斯,收货,上架
CuQE90LoBl,黑色 品牌01 900 储物柜（储物锁柜）,储物柜,品牌01,900,储物锁柜,黑色,8*1*1,8,DU02F,约翰,收货,上架
CuRG12FiGr,灰色 品牌03 1200 储物柜（文件收纳）,储物柜,品牌03,1200,文件收纳,灰色,8*1*1,8,AP25B,大卫,收货,上架
CaRG90SlBl,黑色 品牌03 900 文件柜（滑动式）,文件柜,品牌03,900,滑动式,黑色,8*1*1,8,CG61B,迈克,收货,上架
SPAl12HeWh,白色 品牌20 12 触控笔（六角形）,触控笔,品牌20,12,六角形,白色,48*10*5,2400,BS92D,约翰,收货,上架
CaTE18FiBl,黑色 品牌04 1800 文件柜（文件收纳）,文件柜,品牌04,1800,文件收纳,黑色,8*1*1,8,BR75H,简,收货,上架
OfOGMHeWh,白色 品牌07 中号 办公椅（头枕）,办公椅,品牌07,中号,头枕,白色,16*1*1,16,DU62C,莎拉,收货,上架
OfAESHePi,粉色 品牌05 小号 办公椅（头枕）,办公椅,品牌05,小号,头枕,粉色,16*1*1,16,CR12F,大卫,收货,上架
PeRe12SoPi,粉色 品牌22 12 铅笔（可溶性）,铅笔,品牌22,12,可溶性,粉色,48*10*5,2400,BZ48E,莎拉,收货,上架
LaYn14i7Gr,灰色 品牌15 14英寸 笔记本电脑（第7代处理器）,笔记本电脑,品牌15,14英寸,第7代处理器,灰色,16*1*1,16,BN93H,艾米丽,收货,上架
LaYn15i5Si,银色 品牌15 15英寸 笔记本电脑（第5代处理器）,笔记本电脑,品牌15,15英寸,第5代处理器,银色,16*1*1,16,CZ15B,简,收货,上架
CuWE90DoWh,白色 品牌02 900 储物柜（带门式）,储物柜,品牌02,900,带门式,白色,8*1*1,8,CS71B,艾米,收货,上架
PrSoA2AlBl,黑色 品牌25 二号纸 打印机（一体式）,打印机,品牌25,二号纸,一体式,黑色,16*1*1,16,BG59E,简,收货,上架
TVYn65S4Gr,灰色 品牌15 65英寸 电视机（超级超高清）,电视机,品牌15,65英寸,超级超高清,灰色,8*1*1,8,DX21C,大卫,收货,上架
DrWE18DoGr,灰色 品牌02 1800 抽屉柜（带门式）,抽屉柜,品牌02,1800,带门式,灰色,8*1*1,8,AQ88H,约翰,收货,上架
PrPHA2InGr,灰色 品牌12 二号纸 打印机（喷墨）,打印机,品牌12,二号纸,喷墨,灰色,16*1*1,16,BI07D,简,收货,上架
TaTR18AdWh,白色 品牌28 1800 桌子（可调节）,桌子,品牌28,1800,可调节,白色,8*1*1,8,BI58D,亚历克斯,收货,上架
TaTR10FrGr,灰色 品牌28 1000 桌子（框架式）,桌子,品牌28,1000,框架式,灰色,8*1*1,8,CG47E,艾米,收货,上架
PrNoA4WiMi,混合色 品牌26 四号纸 打印机（无线网络）,打印机,品牌26,四号纸,无线网络,混合色,16*1*1,16,BM14G,艾米丽,收货,上架
TVGn504KSi,银色 品牌30 50英寸 电视机（超高清）,电视机,品牌30,50英寸,超高清,银色,8*1*1,8,AQ31G,劳拉,收货,上架
OfXEMHeBl,黑色 品牌06 中号 办公椅（头枕）,办公椅,品牌06,中号,头枕,黑色,16*1*1,16,CU34G,莎拉,收货,上架
GaOGMErGr,灰色 品牌07 中号 游戏椅（人体工学）,游戏椅,品牌07,中号,人体工学,灰色,16*1*1,16,BQ18E,劳拉,收货,上架
GaAEMLeGr,灰色 品牌05 中号 游戏椅（皮革）,游戏椅,品牌05,中号,皮革,灰色,16*1*1,16,DZ31D,劳拉,收货,上架
CaWE90SlBe,米色 品牌02 900 文件柜（滑动式）,文件柜,品牌02,900,滑动式,米色,8*1*1,8,CW48C,迈克,收货,上架
LaSu1732Si,银色 品牌11 17英寸 笔记本电脑（32吉字节内存）,笔记本电脑,品牌11,17英寸,32吉字节内存,银色,16*1*1,16,CY92C,亚历克斯,收货,上架
PrNoA2LaGr,灰色 品牌26 二号纸 打印机（激光）,打印机,品牌26,二号纸,激光,灰色,16*1*1,16,CX79G,亚历克斯,收货,上架
TVGL42SFSi,银色 品牌31 42英寸 电视机（超级全高清）,电视机,品牌31,42英寸,超级全高清,银色,8*1*1,8,DN58E,莎拉,收货,上架
LaSu15i5Si,银色 品牌11 15英寸 笔记本电脑（第5代处理器）,笔记本电脑,品牌11,15英寸,第5代处理器,银色,16*1*1,16,BZ76G,亚历克斯,收货,上架
DrQE12SlWh,白色 品牌01 1200 抽屉柜（滑动式）,抽屉柜,品牌01,1200,滑动式,白色,8*1*1,8,DU22G,莎拉,收货,上架
MoPH27BlNa,藏青色 品牌12 270 鼠标（蓝牙）,鼠标,品牌12,270,蓝牙,藏青色,16*10*1,160,DK87A,迈克,收货,上架
KePH27WiBl,黑色 品牌12 270 键盘（有线）,键盘,品牌12,270,有线,黑色,16*10*1,160,AZ89B,约翰,收货,上架
LaRe15i5Gr,灰色 品牌14 15英寸 笔记本电脑（第5代处理器）,笔记本电脑,品牌14,15英寸,第5代处理器,灰色,16*1*1,16,CP72E,艾米,收货,上架
CaRG90FiWh,白色 品牌03 900 文件柜（文件收纳）,文件柜,品牌03,900,文件收纳,白色,8*1*1,8,CR48C,莎拉,收货,上架
PrReA3InBl,黑色 品牌24 三号纸 打印机（喷墨）,打印机,品牌24,三号纸,喷墨,黑色,16*1*1,16,DK09F,简,收货,上架
OfXELLePi,粉色 品牌06 大号 办公椅（皮革）,办公椅,品牌06,大号,皮革,粉色,16*1*1,16,CR69C,劳拉,收货,上架
CuTE90FiBe,米色 品牌04 900 储物柜（文件收纳）,储物柜,品牌04,900,文件收纳,米色,8*1*1,8,BG60E,大卫,收货,上架
AlSu1432Bl,黑色 品牌11 14英寸 一体机（32吉字节内存）,一体机,品牌11,14英寸,32吉字节内存,黑色,16*1*1,16,BV30E,亚历克斯,收货,上架
LaOv1516Bl,黑色 品牌13 15英寸 笔记本电脑（16吉字节内存）,笔记本电脑,品牌13,15英寸,16吉字节内存,黑色,16*1*1,16,BM82B,莎拉,收货,上架
LaSu158GSi,银色 品牌11 15英寸 笔记本电脑（8吉字节内存）,笔记本电脑,品牌11,15英寸,8吉字节内存,银色,16*1*1,16,CF15E,劳拉,收货,上架
PrSoA3InMi,混合色 品牌25 三号纸 打印机（喷墨）,打印机,品牌25,三号纸,喷墨,混合色,16*1*1,16,DW09B,大卫,收货,上架
TVYn504KBl,黑色 品牌15 50英寸 电视机（超高清）,电视机,品牌15,50英寸,超高清,黑色,8*1*1,8,CX49E,约翰,收货,上架
AlOv17i5Bl,黑色 品牌13 17英寸 一体机（第5代处理器）,一体机,品牌13,17英寸,第5代处理器,黑色,16*1*1,16,CT96A,艾米,收货,上架
AlRe14i5Wh,白色 品牌14 14英寸 一体机（第5代处理器）,一体机,品牌14,14英寸,第5代处理器,白色,16*1*1,16,DI26F,简,收货,上架
KePH27ErWh,白色 品牌12 270 键盘（人体工学）,键盘,品牌12,270,人体工学,白色,16*10*1,160,BJ82A,大卫,收货,上架
LaOv1716Wh,白色 品牌13 17英寸 笔记本电脑（16吉字节内存）,笔记本电脑,品牌13,17英寸,16吉字节内存,白色,16*1*1,16,BV46F,克里斯,收货,上架
PrSoA2AlMi,混合色 品牌25 二号纸 打印机（一体式）,打印机,品牌25,二号纸,一体式,混合色,16*1*1,16,DH61G,劳拉,收货,上架
PrReA2LaGr,灰色 品牌24 二号纸 打印机（激光）,打印机,品牌24,二号纸,激光,灰色,16*1*1,16,AG93H,大卫,收货,上架
CaRG12LoWh,白色 品牌03 1200 文件柜（储物锁柜）,文件柜,品牌03,1200,储物锁柜,白色,8*1*1,8,AF68E,艾米,收货,上架
SPAl50SoPi,粉色 品牌20 50 触控笔（可溶性）,触控笔,品牌20,50,可溶性,粉色,48*10*5,2400,BM68G,大卫,收货,上架
TVGn75S4Gr,灰色 品牌30 75英寸 电视机（超级超高清）,电视机,品牌30,75英寸,超级超高清,灰色,8*1*1,8,CL14D,亚历克斯,收货,上架
NoExA3liBl,黑色 品牌16 三号纸 笔记本（线条）,笔记本,品牌16,三号纸,线条,黑色,48*10*5,2400,DQ39D,莎拉,收货,上架
DrWE12LoBe,米色 品牌02 1200 抽屉柜（储物锁柜）,抽屉柜,品牌02,1200,储物锁柜,米色,8*1*1,8,CM91A,莎拉,收货,上架
OfAEMErBl,黑色 品牌05 中号 办公椅（人体工学）,办公椅,品牌05,中号,人体工学,黑色,16*1*1,16,CW90A,莎拉,收货,上架
TVGL50S4Si,银色 品牌31 50英寸 电视机（超级超高清）,电视机,品牌31,50英寸,超级超高清,银色,8*1*1,8,BX34D,亚历克斯,收货,上架
PeNa50WaWh,白色 品牌23 50 铅笔（水彩）,铅笔,品牌23,50,水彩,白色,48*10*5,2400,DZ45G,莎拉,收货,上架
KePH27MeNa,藏青色 品牌12 270 键盘（机械式）,键盘,品牌12,270,机械式,藏青色,16*10*1,160,DN35C,艾米丽,收货,上架
DrRG90FiBe,米色 品牌03 900 抽屉柜（文件收纳）,抽屉柜,品牌03,900,文件收纳,米色,8*1*1,8,CQ58G,克里斯,收货,上架
DrTE90SlGr,灰色 品牌04 900 抽屉柜（滑动式）,抽屉柜,品牌04,900,滑动式,灰色,8*1*1,8,AO54D,劳拉,收货,上架
GaXEMErWh,白色 品牌06 中号 游戏椅（人体工学）,游戏椅,品牌06,中号,人体工学,白色,16*1*1,16,CG40F,艾米,收货,上架
MoHc45ErNa,藏青色 品牌09 450 鼠标（人体工学）,鼠标,品牌09,450,人体工学,藏青色,16*10*1,160,AX31C,艾米,收货,上架
TaCI15AdWh,白色 品牌27 1500 桌子（可调节）,桌子,品牌27,1500,可调节,白色,8*1*1,8,CJ68C,简,收货,上架
SPAl12SoPi,粉色 品牌20 12 触控笔（可溶性）,触控笔,品牌20,12,可溶性,粉色,48*10*5,2400,CI48F,艾米,收货,上架
TVEs50SFWh,白色 品牌32 50英寸 电视机（超级全高清）,电视机,品牌32,50英寸,超级全高清,白色,8*1*1,8,CP85D,大卫,收货,上架
PrSoA3InBl,黑色 品牌25 三号纸 打印机（喷墨）,打印机,品牌25,三号纸,喷墨,黑色,16*1*1,16,BH66D,艾米丽,收货,上架
TaCI15AdWh,白色 品牌27 1500 桌子（可调节）,桌子,品牌27,1500,可调节,白色,8*1*1,8,AM90C,亚历克斯,收货,上架
LaSu14i5Gr,灰色 品牌11 14英寸 笔记本电脑（第5代处理器）,笔记本电脑,品牌11,14英寸,第5代处理器,灰色,16*1*1,16,DO94D,劳拉,收货,上架
TVEs50SFBl,黑色 品牌32 50英寸 电视机（超级全高清）,电视机,品牌32,50英寸,超级全高清,黑色,8*1*1,8,DY09G,简,收货,上架
KePH27BlNa,藏青色 品牌12 270 键盘（蓝牙）,键盘,品牌12,270,蓝牙,藏青色,16*10*1,160,AF67H,劳拉,收货,上架
TaCI10AuSi,银色 品牌27 1000 桌子（自动调节）,桌子,品牌27,1000,自动调节,银色,8*1*1,8,BX06D,劳拉,收货,上架
SPNa24HeGr,灰色 品牌23 24 触控笔（六角形）,触控笔,品牌23,24,六角形,灰色,48*10*5,2400,CT87E,艾米,收货,上架
TVGL654KGr,灰色 品牌31 65英寸 电视机（超高清）,电视机,品牌31,65英寸,超高清,灰色,8*1*1,8,AP28F,迈克,收货,上架
TVGL754KSi,银色 品牌31 75英寸 电视机（超高清）,电视机,品牌31,75英寸,超高清,银色,8*1*1,8,BK24H,迈克,收货,上架
OfSELHePi,粉色 品牌08 大号 办公椅（头枕）,办公椅,品牌08,大号,头枕,粉色,16*1*1,16,DO61A,劳拉,收货,上架
CuRG90FiBl,黑色 品牌03 900 储物柜（文件收纳）,储物柜,品牌03,900,文件收纳,黑色,8*1*1,8,DQ46H,劳拉,收货,上架
TVGn65S4Si,银色 品牌30 65英寸 电视机（超级超高清）,电视机,品牌30,65英寸,超级超高清,银色,8*1*1,8,BF75D,亚历克斯,收货,上架
CaTE18SlWh,白色 品牌04 1800 文件柜（滑动式）,文件柜,品牌04,1800,滑动式,白色,8*1*1,8,AY71E,简,收货,上架
TVGn32SFBl,黑色 品牌30 32英寸 电视机（超级全高清）,电视机,品牌30,32英寸,超级全高清,黑色,8*1*1,8,CM63G,约翰,收货,上架
LaPH17i5Bl,黑色 品牌12 17英寸 笔记本电脑（第5代处理器）,笔记本电脑,品牌12,17英寸,第5代处理器,黑色,16*1*1,16,AF73E,亚历克斯,收货,上架
DrTE18DoBl,黑色 品牌04 1800 抽屉柜（带门式）,抽屉柜,品牌04,1800,带门式,黑色,8*1*1,8,DI02G,迈克,收货,上架
NoMuA5liWh,白色 品牌19 五号纸 笔记本（线条）,笔记本,品牌19,五号纸,线条,白色,48*10*5,2400,DZ31E,艾米,收货,上架
TVGn42S4Gr,灰色 品牌30 42英寸 电视机（超级超高清）,电视机,品牌30,42英寸,超级超高清,灰色,8*1*1,8,DN78F,艾米,收货,上架
KeHc27BlNa,藏青色 品牌09 270 键盘（蓝牙）,键盘,品牌09,270,蓝牙,藏青色,16*10*1,160,BK29E,简,收货,上架
MoRe45ErWh,白色 品牌10 450 鼠标（人体工学）,鼠标,品牌10,450,人体工学,白色,16*10*1,160,AS67G,艾米,收货,上架
CuTE18FiBe,米色 品牌04 1800 储物柜（文件收纳）,储物柜,品牌04,1800,文件收纳,米色,8*1*1,8,BX54F,亚历克斯,收货,上架
SPGi12SoPi,粉色 品牌21 12 触控笔（可溶性）,触控笔,品牌21,12,可溶性,粉色,48*10*5,2400,AH94A,亚历克斯,收货,上架
PrPHA4InBl,黑色 品牌12 四号纸 打印机（喷墨）,打印机,品牌12,四号纸,喷墨,黑色,16*1*1,16,CY65B,艾米丽,收货,上架
KeHc27MeBl,黑色 品牌09 270 键盘（机械式）,键盘,品牌09,270,机械式,黑色,16*10*1,160,DH63A,大卫,收货,上架
DrTE90DoBe,米色 品牌04 900 抽屉柜（带门式）,抽屉柜,品牌04,900,带门式,米色,8*1*1,8,BK19A,亚历克斯,收货,上架
SPNa24SoBl,黑色 品牌23 24 触控笔（可溶性）,触控笔,品牌23,24,可溶性,黑色,48*10*5,2400,DT58B,迈克,收货,上架
TVYn42S4Bl,黑色 品牌15 42英寸 电视机（超级超高清）,电视机,品牌15,42英寸,超级超高清,黑色,8*1*1,8,DJ37B,约翰,收货,上架
CuRG90DoWh,白色 品牌03 900 储物柜（带门式）,储物柜,品牌03,900,带门式,白色,8*1*1,8,AN53E,艾米丽,收货,上架
DrTE18DoGr,灰色 品牌04 1800 抽屉柜（带门式）,抽屉柜,品牌04,1800,带门式,灰色,8*1*1,8,CY79G,艾米,收货,上架
TVGn42SFGr,灰色 品牌30 42英寸 电视机（超级全高清）,电视机,品牌30,42英寸,超级全高清,灰色,8*1*1,8,DY78E,亚历克斯,收货,上架
LaRe1432Bl,黑色 品牌14 14英寸 笔记本电脑（32吉字节内存）,笔记本电脑,品牌14,14英寸,32吉字节内存,黑色,16*1*1,16,AU97E,莎拉,收货,上架
TaTR18FrGr,灰色 品牌29 1800 桌子（框架式）,桌子,品牌29,1800,框架式,灰色,8*1*1,8,AV93D,迈克,收货,上架
GaXEMAdGr,灰色 品牌06 中号 游戏椅（可调节）,游戏椅,品牌06,中号,可调节,灰色,16*1*1,16,AW93A,克里斯,收货,上架
CaQE90FiBe,米色 品牌01 900 文件柜（文件收纳）,文件柜,品牌01,900,文件收纳,米色,8*1*1,8,AR83D,简,收货,上架
GaOGSLeWh,白色 品牌07 小号 游戏椅（皮革）,游戏椅,品牌07,小号,皮革,白色,16*1*1,16,CK55G,大卫,收货,上架
CuRG18SlBe,米色 品牌03 1800 储物柜（滑动式）,储物柜,品牌03,1800,滑动式,米色,8*1*1,8,AO59H,劳拉,收货,上架
GaXESErWh,白色 品牌06 小号 游戏椅（人体工学）,游戏椅,品牌06,小号,人体工学,白色,16*1*1,16,CT77F,克里斯,收货,上架
PrNoA2WiBl,黑色 品牌26 二号纸 打印机（无线网络）,打印机,品牌26,二号纸,无线网络,黑色,16*1*1,16,AU88D,简,收货,上架
MoRe45MeBl,黑色 品牌10 450 鼠标（机械式）,鼠标,品牌10,450,机械式,黑色,16*10*1,160,CQ72B,迈克,收货,上架
PrPHA4InWh,白色 品牌12 四号纸 打印机（喷墨）,打印机,品牌12,四号纸,喷墨,白色,16*1*1,16,DU85D,克里斯,收货,上架
PeNa12WaBl,黑色 品牌23 12 铅笔（水彩）,铅笔,品牌23,12,水彩,黑色,48*10*5,2400,CM22C,亚历克斯,收货,上架
DrTE18SlBl,黑色 品牌04 1800 抽屉柜（滑动式）,抽屉柜,品牌04,1800,滑动式,黑色,8*1*1,8,AV90F,亚历克斯,收货,上架
AlYn178GWh,白色 品牌15 17英寸 一体机（8吉字节内存）,一体机,品牌15,17英寸,8吉字节内存,白色,16*1*1,16,DM61E,简,收货,上架
DrWE90DoWh,白色 品牌02 900 抽屉柜（带门式）,抽屉柜,品牌02,900,带门式,白色,8*1*1,8,CO63A,迈克,收货,上架
OfSESAdWh,白色 品牌08 小号 办公椅（可调节）,办公椅,品牌08,小号,可调节,白色,16*1*1,16,BW10F,克里斯,收货,上架
AlYn14i7Wh,白色 品牌15 14英寸 一体机（第7代处理器）,一体机,品牌15,14英寸,第7代处理器,白色,16*1*1,16,DR65F,劳拉,收货,上架
PrNoA2LaMi,混合色 品牌26 二号纸 打印机（激光）,打印机,品牌26,二号纸,激光,混合色,16*1*1,16,AM74E,克里斯,收货,上架
OfSELLeBl,黑色 品牌08 大号 办公椅（皮革）,办公椅,品牌08,大号,皮革,黑色,16*1*1,16,AV14A,大卫,收货,上架
TVEs50SFWh,白色 品牌32 50英寸 电视机（超级全高清）,电视机,品牌32,50英寸,超级全高清,白色,8*1*1,8,AT06E,简,收货,上架
NoGrA3ruWh,白色 品牌18 三号纸 笔记本（横线）,笔记本,品牌18,三号纸,横线,白色,48*10*5,2400,BO21F,迈克,收货,上架
OfXELAdGr,灰色 品牌06 大号 办公椅（可调节）,办公椅,品牌06,大号,可调节,灰色,16*1*1,16,AO71B,艾米,收货,上架
PeAl50HeBl,黑色 品牌20 50 铅笔（六角形）,铅笔,品牌20,50,六角形,黑色,48*10*5,2400,DW43G,亚历克斯,收货,上架
PeAl50WaBl,黑色 品牌20 50 铅笔（水彩）,铅笔,品牌20,50,水彩,黑色,48*10*5,2400,BF26F,简,收货,上架
DrRG90SlGr,灰色 品牌03 900 抽屉柜（滑动式）,抽屉柜,品牌03,900,滑动式,灰色,8*1*1,8,CM14A,约翰,收货,上架
OfAEMLeBl,黑色 品牌05 中号 办公椅（皮革）,办公椅,品牌05,中号,皮革,黑色,16*1*1,16,DV09C,克里斯,收货,上架
PrSoA2WiBl,黑色 品牌25 二号纸 打印机（无线网络）,打印机,品牌25,二号纸,无线网络,黑色,16*1*1,16,CU59D,大卫,收货,上架
CuWE90SlWh,白色 品牌02 900 储物柜（滑动式）,储物柜,品牌02,900,滑动式,白色,8*1*1,8,BY54E,艾米,收货,上架
CuQE12FiWh,白色 品牌01 1200 储物柜（文件收纳）,储物柜,品牌01,1200,文件收纳,白色,8*1*1,8,AN56G,艾米,收货,上架
SPAl50SoWh,白色 品牌20 50 触控笔（可溶性）,触控笔,品牌20,50,可溶性,白色,48*10*5,2400,AR10D,劳拉,收货,上架
LaSu15i5Wh,白色 品牌11 15英寸 笔记本电脑（第5代处理器）,笔记本电脑,品牌11,15英寸,第5代处理器,白色,16*1*1,16,BH10B,大卫,收货,上架
OfSESAdWh,白色 品牌08 小号 办公椅（可调节）,办公椅,品牌08,小号,可调节,白色,16*1*1,16,BG62E,艾米丽,收货,上架
DrRG18SlWh,白色 品牌03 1800 抽屉柜（滑动式）,抽屉柜,品牌03,1800,滑动式,白色,8*1*1,8,CM92G,亚历克斯,收货,上架
CaTE12LoGr,灰色 品牌04 1200 文件柜（储物锁柜）,文件柜,品牌04,1200,储物锁柜,灰色,8*1*1,8,DJ53G,简,收货,上架
KeRe27WiBl,黑色 品牌10 270 键盘（有线）,键盘,品牌10,270,有线,黑色,16*10*1,160,CU57G,克里斯,收货,上架
CaWE12LoBe,米色 品牌02 1200 文件柜（储物锁柜）,文件柜,品牌02,1200,储物锁柜,米色,8*1*1,8,DQ14G,艾米,收货,上架
LaYn1516Bl,黑色 品牌15 15英寸 笔记本电脑（16吉字节内存）,笔记本电脑,品牌15,15英寸,16吉字节内存,黑色,16*1*1,16,DH12H,简,收货,上架
TVEs324KWh,白色 品牌32 32英寸 电视机（超高清）,电视机,品牌32,32英寸,超高清,白色,8*1*1,8,AZ65A,莎拉,收货,上架
MoRe45WiWh,白色 品牌10 450 鼠标（有线）,鼠标,品牌10,450,有线,白色,16*10*1,160,BZ39G,约翰,收货,上架
TVEs324KBl,黑色 品牌32 32英寸 电视机（超高清）,电视机,品牌32,32英寸,超高清,黑色,8*1*1,8,DG05C,克里斯,收货,上架
PeAl24HeBl,黑色 品牌20 24 铅笔（六角形）,铅笔,品牌20,24,六角形,黑色,48*10*5,2400,CY04B,约翰,收货,上架
PeNa24SoBl,黑色 品牌23 24 铅笔（可溶性）,铅笔,品牌23,24,可溶性,黑色,48*10*5,2400,CP48E,亚历克斯,收货,上架
DrWE12LoBe,米色 品牌02 1200 抽屉柜（储物锁柜）,抽屉柜,品牌02,1200,储物锁柜,米色,8*1*1,8,DQ25D,简,收货,上架
CuRG90SlGr,灰色 品牌03 900 储物柜（滑动式）,储物柜,品牌03,900,滑动式,灰色,8*1*1,8,CL97D,简,收货,上架
TVGn324KWh,白色 品牌30 32英寸 电视机（超高清）,电视机,品牌30,32英寸,超高清,白色,8*1*1,8,CV13G,简,收货,上架
KePH35MeBl,黑色 品牌12 350 键盘（机械式）,键盘,品牌12,350,机械式,黑色,16*10*1,160,CN18B,简,收货,上架
TVGL50SFGr,灰色 品牌31 50英寸 电视机（超级全高清）,电视机,品牌31,50英寸,超级全高清,灰色,8*1*1,8,DG03A,劳拉,收货,上架
TVYn42S4Si,银色 品牌15 42英寸 电视机（超级超高清）,电视机,品牌15,42英寸,超级超高清,银色,8*1*1,8,DX92E,迈克,收货,上架
KeSu35BlWh,白色 品牌11 350 键盘（蓝牙）,键盘,品牌11,350,蓝牙,白色,16*10*1,160,DQ91D,大卫,收货,上架
CaTE90SlWh,白色 品牌04 900 文件柜（滑动式）,文件柜,品牌04,900,滑动式,白色,8*1*1,8,DL98H,约翰,收货,上架
TVGL65SFBl,黑色 品牌31 65英寸 电视机（超级全高清）,电视机,品牌31,65英寸,超级全高清,黑色,8*1*1,8,CI42E,莎拉,收货,上架
CuRG18FiWh,白色 品牌03 1800 储物柜（文件收纳）,储物柜,品牌03,1800,文件收纳,白色,8*1*1,8,CI22E,艾米,收货,上架
GaAESErWh,白色 品牌05 小号 游戏椅（人体工学）,游戏椅,品牌05,小号,人体工学,白色,16*1*1,16,DI58F,简,收货,上架
OfAELHeBl,黑色 品牌05 大号 办公椅（头枕）,办公椅,品牌05,大号,头枕,黑色,16*1*1,16,BT63E,约翰,收货,上架
TVGL75FHGr,灰色 品牌31 75英寸 电视机（全高清）,电视机,品牌31,75英寸,全高清,灰色,8*1*1,8,BM50H,迈克,收货,上架
TaAE15FrBl,黑色 品牌05 1500 桌子（框架式）,桌子,品牌05,1500,框架式,黑色,8*1*1,8,DT83G,简,收货,上架
PrNoA3InBl,黑色 品牌26 三号纸 打印机（喷墨）,打印机,品牌26,三号纸,喷墨,黑色,16*1*1,16,DI67F,莎拉,收货,上架
CuWE12FiGr,灰色 品牌02 1200 储物柜（文件收纳）,储物柜,品牌02,1200,文件收纳,灰色,8*1*1,8,BG25H,艾米,收货,上架
CuRG12DoWh,白色 品牌03 1200 储物柜（带门式）,储物柜,品牌03,1200,带门式,白色,8*1*1,8,BV47D,艾米丽,收货,上架
TVEs75FHBl,黑色 品牌32 75英寸 电视机（全高清）,电视机,品牌32,75英寸,全高清,黑色,8*1*1,8,DX47D,大卫,收货,上架
TVEs424KSi,银色 品牌32 42英寸 电视机（超高清）,电视机,品牌32,42英寸,超高清,银色,8*1*1,8,CZ45C,劳拉,收货,上架
CaRG12FiWh,白色 品牌03 1200 文件柜（文件收纳）,文件柜,品牌03,1200,文件收纳,白色,8*1*1,8,CO38B,大卫,收货,上架
LaYn15i7Si,银色 品牌15 15英寸 笔记本电脑（第7代处理器）,笔记本电脑,品牌15,15英寸,第7代处理器,银色,16*1*1,16,AS56G,大卫,收货,上架
TVYn50FHWh,白色 品牌15 50英寸 电视机（全高清）,电视机,品牌15,50英寸,全高清,白色,8*1*1,8,AS50A,迈克,收货,上架
LaPH14i7Wh,白色 品牌12 14英寸 笔记本电脑（第7代处理器）,笔记本电脑,品牌12,14英寸,第7代处理器,白色,16*1*1,16,BY31H,亚历克斯,收货,上架
PrSoA3MoWh,白色 品牌25 三号纸 打印机（黑白）,打印机,品牌25,三号纸,黑白,白色,16*1*1,16,CW82E,简,收货,上架
TVGL32FHWh,白色 品牌31 32英寸 电视机（全高清）,电视机,品牌31,32英寸,全高清,白色,8*1*1,8,AN21D,艾米,收货,上架
PrNoA4WiWh,白色 品牌26 四号纸 打印机（无线网络）,打印机,品牌26,四号纸,无线网络,白色,16*1*1,16,AN01F,艾米,收货,上架
DrQE90FiGr,灰色 品牌01 900 抽屉柜（文件收纳）,抽屉柜,品牌01,900,文件收纳,灰色,8*1*1,8,BM49F,约翰,收货,上架
DrTE90SlBe,米色 品牌04 900 抽屉柜（滑动式）,抽屉柜,品牌04,900,滑动式,米色,8*1*1,8,BI83B,艾米丽,收货,上架
DrRG12DoWh,白色 品牌03 1200 抽屉柜（带门式）,抽屉柜,品牌03,1200,带门式,白色,8*1*1,8,AH71E,迈克,收货,上架
SPAl50HeBl,黑色 品牌20 50 触控笔（六角形）,触控笔,品牌20,50,六角形,黑色,48*10*5,2400,CV89H,亚历克斯,收货,上架
AlRe1532Bl,黑色 品牌14 15英寸 一体机（32吉字节内存）,一体机,品牌14,15英寸,32吉字节内存,黑色,16*1*1,16,BS71G,艾米,收货,上架
CaRG18FiBl,黑色 品牌03 1800 文件柜（文件收纳）,文件柜,品牌03,1800,文件收纳,黑色,8*1*1,8,BT65G,简,收货,上架
AlOv1532Si,银色 品牌13 15英寸 一体机（32吉字节内存）,一体机,品牌13,15英寸,32吉字节内存,银色,16*1*1,16,AR60E,莎拉,收货,上架
MoSu35ErWh,白色 品牌11 350 鼠标（人体工学）,鼠标,品牌11,350,人体工学,白色,16*10*1,160,DY33E,亚历克斯,收货,上架
GaAEMHeBl,黑色 品牌05 中号 游戏椅（头枕）,游戏椅,品牌05,中号,头枕,黑色,16*1*1,16,BO32E,迈克,收货,上架
LaOv1532Wh,白色 品牌13 15英寸 笔记本电脑（32吉字节内存）,笔记本电脑,品牌13,15英寸,32吉字节内存,白色,16*1*1,16,CT59B,约翰,收货,上架
CaQE18LoBl,黑色 品牌01 1800 文件柜（储物锁柜）,文件柜,品牌01,1800,储物锁柜,黑色,8*1*1,8,CM68C,简,收货,上架
TaTR15WoGr,灰色 品牌29 1500 桌子（工作站）,桌子,品牌29,1500,工作站,灰色,8*1*1,8,CG02H,大卫,收货,上架
PeNa50SoWh,白色 品牌23 50 铅笔（可溶性）,铅笔,品牌23,50,可溶性,白色,48*10*5,2400,BS47E,约翰,收货,上架
CaTE90LoBl,黑色 品牌04 900 文件柜（储物锁柜）,文件柜,品牌04,900,储物锁柜,黑色,8*1*1,8,CN23D,迈克,收货,上架
CaRG90DoWh,白色 品牌03 900 文件柜（带门式）,文件柜,品牌03,900,带门式,白色,8*1*1,8,BP89E,劳拉,收货,上架
PrSoA2InBl,黑色 品牌25 二号纸 打印机（喷墨）,打印机,品牌25,二号纸,喷墨,黑色,16*1*1,16,DL22G,亚历克斯,收货,上架
SPRe12HeBl,黑色 品牌22 12 触控笔（六角形）,触控笔,品牌22,12,六角形,黑色,48*10*5,2400,BM88H,艾米,收货,上架
MoRe27BlPi,粉色 品牌10 270 鼠标（蓝牙）,鼠标,品牌10,270,蓝牙,粉色,16*10*1,160,CW87E,莎拉,收货,上架
TVGn32FHBl,黑色 品牌30 32英寸 电视机（全高清）,电视机,品牌30,32英寸,全高清,黑色,8*1*1,8,BS06E,劳拉,收货,上架
AlYn1732Bl,黑色 品牌15 17英寸 一体机（32吉字节内存）,一体机,品牌15,17英寸,32吉字节内存,黑色,16*1*1,16,DR74D,艾米丽,收货,上架
NoGrA4ruGr,灰色 品牌18 四号纸 笔记本（横线）,笔记本,品牌18,四号纸,横线,灰色,48*10*5,2400,DU44G,大卫,收货,上架
AlRe1416Bl,黑色 品牌14 14英寸 一体机（16吉字节内存）,一体机,品牌14,14英寸,16吉字节内存,黑色,16*1*1,16,DQ90G,约翰,收货,上架
LaPH14i7Bl,黑色 品牌12 14英寸 笔记本电脑（第7代处理器）,笔记本电脑,品牌12,14英寸,第7代处理器,黑色,16*1*1,16,CI10B,约翰,收货,上架
GaXEMAdPi,粉色 品牌06 中号 游戏椅（可调节）,游戏椅,品牌06,中号,可调节,粉色,16*1*1,16,CX08A,亚历克斯,收货,上架
PrNoA4WiWh,白色 品牌26 四号纸 打印机（无线网络）,打印机,品牌26,四号纸,无线网络,白色,16*1*1,16,DY04D,克里斯,收货,上架
AlSu1416Si,银色 品牌11 14英寸 一体机（16吉字节内存）,一体机,品牌11,14英寸,16吉字节内存,银色,16*1*1,16,AH20A,大卫,收货,上架
GaAEMErGr,灰色 品牌05 中号 游戏椅（人体工学）,游戏椅,品牌05,中号,人体工学,灰色,16*1*1,16,AR38C,亚历克斯,收货,上架
LaSu178GGr,灰色 品牌11 17英寸 笔记本电脑（8吉字节内存）,笔记本电脑,品牌11,17英寸,8吉字节内存,灰色,16*1*1,16,DH06F,莎拉,收货,上架
PrSoA3LaMi,混合色 品牌25 三号纸 打印机（激光）,打印机,品牌25,三号纸,激光,混合色,16*1*1,16,BW75E,约翰,收货,上架
NoMuA4liWh,白色 品牌19 四号纸 笔记本（线条）,笔记本,品牌19,四号纸,线条,白色,48*10*5,2400,CO86E,艾米丽,收货,上架
AlOv148GWh,白色 品牌13 14英寸 一体机（8吉字节内存）,一体机,品牌13,14英寸,8吉字节内存,白色,16*1*1,16,DM73D,劳拉,收货,上架
AlYn1732Bl,黑色 品牌15 17英寸 一体机（32吉字节内存）,一体机,品牌15,17英寸,32吉字节内存,黑色,16*1*1,16,CL17F,简,收货,上架
LaYn1516Gr,灰色 品牌15 15英寸 笔记本电脑（16吉字节内存）,笔记本电脑,品牌15,15英寸,16吉字节内存,灰色,16*1*1,16,CS07B,简,收货,上架
CuRG12FiWh,白色 品牌03 1200 储物柜（文件收纳）,储物柜,品牌03,1200,文件收纳,白色,8*1*1,8,DY56A,艾米,收货,上架
AlSu1532Gr,灰色 品牌11 15英寸 一体机（32吉字节内存）,一体机,品牌11,15英寸,32吉字节内存,灰色,16*1*1,16,BR91H,劳拉,收货,上架
AlOv14i7Si,银色 品牌13 14英寸 一体机（第7代处理器）,一体机,品牌13,14英寸,第7代处理器,银色,16*1*1,16,DS76F,迈克,收货,上架
DrQE18FiGr,灰色 品牌01 1800 抽屉柜（文件收纳）,抽屉柜,品牌01,1800,文件收纳,灰色,8*1*1,8,AX72D,大卫,收货,上架
PeRe24SoPi,粉色 品牌22 24 铅笔（可溶性）,铅笔,品牌22,24,可溶性,粉色,48*10*5,2400,AJ78A,约翰,收货,上架
CuWE18DoBe,米色 品牌02 1800 储物柜（带门式）,储物柜,品牌02,1800,带门式,米色,8*1*1,8,CP68F,简,收货,上架
SPGi50HeBl,黑色 品牌21 50 触控笔（六角形）,触控笔,品牌21,50,六角形,黑色,48*10*5,2400,AW30D,大卫,收货,上架
OfOGMAdWh,白色 品牌07 中号 办公椅（可调节）,办公椅,品牌07,中号,可调节,白色,16*1*1,16,BR50D,亚历克斯,收货,上架
TaCI10AuSi,银色 品牌27 1000 桌子（自动调节）,桌子,品牌27,1000,自动调节,银色,8*1*1,8,BP95E,艾米,收货,上架
NoMuA4ruGr,灰色 品牌19 四号纸 笔记本（横线）,笔记本,品牌19,四号纸,横线,灰色,48*10*5,2400,CZ27F,亚历克斯,收货,上架
LaSu178GSi,银色 品牌11 17英寸 笔记本电脑（8吉字节内存）,笔记本电脑,品牌11,17英寸,8吉字节内存,银色,16*1*1,16,BM40C,亚历克斯,收货,上架
PrSoA3InGr,灰色 品牌25 三号纸 打印机（喷墨）,打印机,品牌25,三号纸,喷墨,灰色,16*1*1,16,BQ15C,莎拉,收货,上架
TaTR10AuWh,白色 品牌28 1000 桌子（自动调节）,桌子,品牌28,1000,自动调节,白色,8*1*1,8,CP35E,艾米,收货,上架
LaSu17i5Gr,灰色 品牌11 17英寸 笔记本电脑（第5代处理器）,笔记本电脑,品牌11,17英寸,第5代处理器,灰色,16*1*1,16,AK46B,简,收货,上架
CaWE18DoWh,白色 品牌02 1800 文件柜（带门式）,文件柜,品牌02,1800,带门式,白色,8*1*1,8,DL11H,亚历克斯,收货,上架
TVGn50S4Wh,白色 品牌30 50英寸 电视机（超级超高清）,电视机,品牌30,50英寸,超级超高清,白色,8*1*1,8,CX72C,克里斯,收货,上架
TaCI18AuBl,黑色 品牌27 1800 桌子（自动调节）,桌子,品牌27,1800,自动调节,黑色,8*1*1,8,CM31G,约翰,收货,上架
LaRe1532Si,银色 品牌14 15英寸 笔记本电脑（32吉字节内存）,笔记本电脑,品牌14,15英寸,32吉字节内存,银色,16*1*1,16,CV04B,大卫,收货,上架
PeRe50SoGr,灰色 品牌22 50 铅笔（可溶性）,铅笔,品牌22,50,可溶性,灰色,48*10*5,2400,CS07D,大卫,收货,上架
NoMuA3ruWh,白色 品牌19 三号纸 笔记本（横线）,笔记本,品牌19,三号纸,横线,白色,48*10*5,2400,AV01B,劳拉,收货,上架
AlYn1432Gr,灰色 品牌15 14英寸 一体机（32吉字节内存）,一体机,品牌15,14英寸,32吉字节内存,灰色,16*1*1,16,CY12F,亚历克斯,收货,上架
KePH35WiBl,黑色 品牌12 350 键盘（有线）,键盘,品牌12,350,有线,黑色,16*10*1,160,AU68H,莎拉,收货,上架
TaTR18AuGr,灰色 品牌28 1800 桌子（自动调节）,桌子,品牌28,1800,自动调节,灰色,8*1*1,8,AS02A,艾米,收货,上架
LaYn14i5Wh,白色 品牌15 14英寸 笔记本电脑（第5代处理器）,笔记本电脑,品牌15,14英寸,第5代处理器,白色,16*1*1,16,CO38H,劳拉,收货,上架
TVGn32FHBl,黑色 品牌30 32英寸 电视机（全高清）,电视机,品牌30,32英寸,全高清,黑色,8*1*1,8,AF20C,莎拉,收货,上架
LaOv15i7Wh,白色 品牌13 15英寸 笔记本电脑（第7代处理器）,笔记本电脑,品牌13,15英寸,第7代处理器,白色,16*1*1,16,CW57H,简,收货,上架
CaWE12LoWh,白色 品牌02 1200 文件柜（储物锁柜）,文件柜,品牌02,1200,储物锁柜,白色,8*1*1,8,BM21C,亚历克斯,收货,上架
LaPH14i5Gr,灰色 品牌12 14英寸 笔记本电脑（第5代处理器）,笔记本电脑,品牌12,14英寸,第5代处理器,灰色,16*1*1,16,BZ42G,劳拉,收货,上架
TaAE15WoBl,黑色 品牌05 1500 桌子（工作站）,桌子,品牌05,1500,工作站,黑色,8*1*1,8,DL39B,大卫,收货,上架
AlRe14i7Si,银色 品牌14 14英寸 一体机（第7代处理器）,一体机,品牌14,14英寸,第7代处理器,银色,16*1*1,16,DY51C,迈克,收货,上架
AlRe148GSi,银色 品牌14 14英寸 一体机（8吉字节内存）,一体机,品牌14,14英寸,8吉字节内存,银色,16*1*1,16,BQ28D,莎拉,收货,上架
LaPH15i5Si,银色 品牌12 15英寸 笔记本电脑（第5代处理器）,笔记本电脑,品牌12,15英寸,第5代处理器,银色,16*1*1,16,AS94B,约翰,收货,上架
PrReA2MoWh,白色 品牌24 二号纸 打印机（黑白）,打印机,品牌24,二号纸,黑白,白色,16*1*1,16,DO27F,克里斯,收货,上架
TVYn65FHWh,白色 品牌15 65英寸 电视机（全高清）,电视机,品牌15,65英寸,全高清,白色,8*1*1,8,AJ70D,亚历克斯,收货,上架
LaSu15i7Wh,白色 品牌11 15英寸 笔记本电脑（第7代处理器）,笔记本电脑,品牌11,15英寸,第7代处理器,白色,16*1*1,16,CG39C,劳拉,收货,上架
LaYn17i5Wh,白色 品牌15 17英寸 笔记本电脑（第5代处理器）,笔记本电脑,品牌15,17英寸,第5代处理器,白色,16*1*1,16,CJ11C,莎拉,收货,上架
SPAl24HePi,粉色 品牌20 24 触控笔（六角形）,触控笔,品牌20,24,六角形,粉色,48*10*5,2400,BR46D,艾米,收货,上架
TVYn50SFWh,白色 品牌15 50英寸 电视机（超级全高清）,电视机,品牌15,50英寸,超级全高清,白色,8*1*1,8,BP75D,迈克,收货,上架
AlOv15i7Si,银色 品牌13 15英寸 一体机（第7代处理器）,一体机,品牌13,15英寸,第7代处理器,银色,16*1*1,16,AU75B,亚历克斯,收货,上架
NoGrA5ruWh,白色 品牌18 五号纸 笔记本（横线）,笔记本,品牌18,五号纸,横线,白色,48*10*5,2400,AO19G,莎拉,收货,上架
SPGi24WaWh,白色 品牌21 24 触控笔（水彩）,触控笔,品牌21,24,水彩,白色,48*10*5,2400,DV36H,艾米,收货,上架
PrNoA2MoWh,白色 品牌26 二号纸 打印机（黑白）,打印机,品牌26,二号纸,黑白,白色,16*1*1,16,AO64H,亚历克斯,收货,上架
LaPH1532Gr,灰色 品牌12 15英寸 笔记本电脑（32吉字节内存）,笔记本电脑,品牌12,15英寸,32吉字节内存,灰色,16*1*1,16,CY65G,约翰,收货,上架
AlOv15i7Wh,白色 品牌13 15英寸 一体机（第7代处理器）,一体机,品牌13,15英寸,第7代处理器,白色,16*1*1,16,BS41A,劳拉,收货,上架
GaSEMLeWh,白色 品牌08 中号 游戏椅（皮革）,游戏椅,品牌08,中号,皮革,白色,16*1*1,16,DT74G,艾米,收货,上架
DrRG12SlBe,米色 品牌03 1200 抽屉柜（滑动式）,抽屉柜,品牌03,1200,滑动式,米色,8*1*1,8,DM45B,约翰,收货,上架
DrTE18FiBl,黑色 品牌04 1800 抽屉柜（文件收纳）,抽屉柜,品牌04,1800,文件收纳,黑色,8*1*1,8,CJ30A,约翰,收货,上架
TaTR15AuWh,白色 品牌28 1500 桌子（自动调节）,桌子,品牌28,1500,自动调节,白色,8*1*1,8,AL64F,简,收货,上架
SPRe50HePi,粉色 品牌22 50 触控笔（六角形）,触控笔,品牌22,50,六角形,粉色,48*10*5,2400,BZ54F,迈克,收货,上架
DrRG90SlBl,黑色 品牌03 900 抽屉柜（滑动式）,抽屉柜,品牌03,900,滑动式,黑色,8*1*1,8,AJ32A,约翰,收货,上架
PrNoA3LaGr,灰色 品牌26 三号纸 打印机（激光）,打印机,品牌26,三号纸,激光,灰色,16*1*1,16,AZ61H,迈克,收货,上架
LaOv1432Bl,黑色 品牌13 14英寸 笔记本电脑（32吉字节内存）,笔记本电脑,品牌13,14英寸,32吉字节内存,黑色,16*1*1,16,CP38B,艾米,收货,上架
PeGi12SoBl,黑色 品牌21 12 铅笔（可溶性）,铅笔,品牌21,12,可溶性,黑色,48*10*5,2400,CY10G,亚历克斯,收货,上架
PrReA3MoMi,混合色 品牌24 三号纸 打印机（黑白）,打印机,品牌24,三号纸,黑白,混合色,16*1*1,16,CF14C,亚历克斯,收货,上架
PeAl12SoPi,粉色 品牌20 12 铅笔（可溶性）,铅笔,品牌20,12,可溶性,粉色,48*10*5,2400,BO21H,简,收货,上架
TVYn75SFBl,黑色 品牌15 75英寸 电视机（超级全高清）,电视机,品牌15,75英寸,超级全高清,黑色,8*1*1,8,DJ93E,艾米丽,收货,上架
PrNoA3InMi,混合色 品牌26 三号纸 打印机（喷墨）,打印机,品牌26,三号纸,喷墨,混合色,16*1*1,16,CQ44F,亚历克斯,收货,上架
LaYn14i5Gr,灰色 品牌15 14英寸 笔记本电脑（第5代处理器）,笔记本电脑,品牌15,14英寸,第5代处理器,灰色,16*1*1,16,AZ54C,艾米,收货,上架
LaYn1416Bl,黑色 品牌15 14英寸 笔记本电脑（16吉字节内存）,笔记本电脑,品牌15,14英寸,16吉字节内存,黑色,16*1*1,16,BO08F,艾米丽,收货,上架
PrReA2InWh,白色 品牌24 二号纸 打印机（喷墨）,打印机,品牌24,二号纸,喷墨,白色,16*1*1,16,DQ09C,大卫,收货,上架
TVGL654KBl,黑色 品牌31 65英寸 电视机（超高清）,电视机,品牌31,65英寸,超高清,黑色,8*1*1,8,CN32C,大卫,收货,上架
TVEs50S4Si,银色 品牌32 50英寸 电视机（超级超高清）,电视机,品牌32,50英寸,超级超高清,银色,8*1*1,8,CX56D,艾米丽,收货,上架
LaSu158GSi,银色 品牌11 15英寸 笔记本电脑（8吉字节内存）,笔记本电脑,品牌11,15英寸,8吉字节内存,银色,16*1*1,16,BW87H,克里斯,收货,上架
TVYn324KWh,白色 品牌15 32英寸 电视机（超高清）,电视机,品牌15,32英寸,超高清,白色,8*1*1,8,BR28G,莎拉,收货,上架
LaPH14i7Si,银色 品牌12 14英寸 笔记本电脑（第7代处理器）,笔记本电脑,品牌12,14英寸,第7代处理器,银色,16*1*1,16,AW94F,亚历克斯,收货,上架
MoRe35ErBl,黑色 品牌10 350 鼠标（人体工学）,鼠标,品牌10,350,人体工学,黑色,16*10*1,160,CR83D,劳拉,收货,上架
CaTE90DoGr,灰色 品牌04 900 文件柜（带门式）,文件柜,品牌04,900,带门式,灰色,8*1*1,8,DF15C,迈克,收货,上架
NoMuA5ruBl,黑色 品牌19 五号纸 笔记本（横线）,笔记本,品牌19,五号纸,横线,黑色,48*10*5,2400,BP84B,简,收货,上架
AlSu1432Wh,白色 品牌11 14英寸 一体机（32吉字节内存）,一体机,品牌11,14英寸,32吉字节内存,白色,16*1*1,16,AX76G,迈克,收货,上架
TVYn50SFBl,黑色 品牌15 50英寸 电视机（超级全高清）,电视机,品牌15,50英寸,超级全高清,黑色,8*1*1,8,CH84D,约翰,收货,上架
LaRe1732Wh,白色 品牌14 17英寸 笔记本电脑（32吉字节内存）,笔记本电脑,品牌14,17英寸,32吉字节内存,白色,16*1*1,16,DL84F,劳拉,收货,上架
NoMuA4liGr,灰色 品牌19 四号纸 笔记本（线条）,笔记本,品牌19,四号纸,线条,灰色,48*10*5,2400,AN24E,艾米丽,收货,上架
AlPH14i5Si,银色 品牌12 14英寸 一体机（第5代处理器）,一体机,品牌12,14英寸,第5代处理器,银色,16*1*1,16,BJ39D,大卫,收货,上架
AlSu1516Si,银色 品牌11 15英寸 一体机（16吉字节内存）,一体机,品牌11,15英寸,16吉字节内存,银色,16*1*1,16,DR65B,艾米,收货,上架
TVYn75S4Si,银色 品牌15 75英寸 电视机（超级超高清）,电视机,品牌15,75英寸,超级超高清,银色,8*1*1,8,DZ17E,艾米,收货,上架
CaTE12FiWh,白色 品牌04 1200 文件柜（文件收纳）,文件柜,品牌04,1200,文件收纳,白色,8*1*1,8,BG09H,简,收货,上架
OfOGLAdGr,灰色 品牌07 大号 办公椅（可调节）,办公椅,品牌07,大号,可调节,灰色,16*1*1,16,CZ70A,莎拉,收货,上架
NoScA5doSi,银色 品牌17 五号纸 笔记本（点阵）,笔记本,品牌17,五号纸,点阵,银色,48*10*5,2400,CH34E,劳拉,收货,上架
PeGi50HeWh,白色 品牌21 50 铅笔（六角形）,铅笔,品牌21,50,六角形,白色,48*10*5,2400,DK88D,约翰,收货,上架
PrReA3InGr,灰色 品牌24 三号纸 打印机（喷墨）,打印机,品牌24,三号纸,喷墨,灰色,16*1*1,16,CS08F,迈克,收货,上架
TaAE18AdWh,白色 品牌05 1800 桌子（可调节）,桌子,品牌05,1800,可调节,白色,8*1*1,8,BM97F,简,收货,上架
OfXEMHePi,粉色 品牌06 中号 办公椅（头枕）,办公椅,品牌06,中号,头枕,粉色,16*1*1,16,AW09D,亚历克斯,收货,上架
MoSu45MeBl,黑色 品牌11 450 鼠标（机械式）,鼠标,品牌11,450,机械式,黑色,16*10*1,160,CQ49D,克里斯,收货,上架
CuRG18SlWh,白色 品牌03 1800 储物柜（滑动式）,储物柜,品牌03,1800,滑动式,白色,8*1*1,8,DZ11D,大卫,收货,上架
GaXESAdWh,白色 品牌06 小号 游戏椅（可调节）,游戏椅,品牌06,小号,可调节,白色,16*1*1,16,CI09F,亚历克斯,收货,上架
AlYn158GWh,白色 品牌15 15英寸 一体机（8吉字节内存）,一体机,品牌15,15英寸,8吉字节内存,白色,16*1*1,16,CO86F,简,收货,上架
DrTE90FiBl,黑色 品牌04 900 抽屉柜（文件收纳）,抽屉柜,品牌04,900,文件收纳,黑色,8*1*1,8,BK98E,克里斯,收货,上架
PrReA4LaGr,灰色 品牌24 四号纸 打印机（激光）,打印机,品牌24,四号纸,激光,灰色,16*1*1,16,BF62F,约翰,收货,上架
CaRG90DoBl,黑色 品牌03 900 文件柜（带门式）,文件柜,品牌03,900,带门式,黑色,8*1*1,8,BZ36E,莎拉,收货,上架
AlPH1732Wh,白色 品牌12 17英寸 一体机（32吉字节内存）,一体机,品牌12,17英寸,32吉字节内存,白色,16*1*1,16,BN70A,亚历克斯,收货,上架
TVGL424KBl,黑色 品牌31 42英寸 电视机（超高清）,电视机,品牌31,42英寸,超高清,黑色,8*1*1,8,DT60E,劳拉,收货,上架
OfXEMLeGr,灰色 品牌06 中号 办公椅（皮革）,办公椅,品牌06,中号,皮革,灰色,16*1*1,16,BS96A,克里斯,收货,上架
CuWE12DoBe,米色 品牌02 1200 储物柜（带门式）,储物柜,品牌02,1200,带门式,米色,8*1*1,8,CU68G,亚历克斯,收货,上架
PrReA3LaMi,混合色 品牌24 三号纸 打印机（激光）,打印机,品牌24,三号纸,激光,混合色,16*1*1,16,CV87G,莎拉,收货,上架
TaCI10AdBl,黑色 品牌27 1000 桌子（可调节）,桌子,品牌27,1000,可调节,黑色,8*1*1,8,BS16H,亚历克斯,收货,上架
CuQE90DoBl,黑色 品牌01 900 储物柜（带门式）,储物柜,品牌01,900,带门式,黑色,8*1*1,8,CP51E,艾米,收货,上架
AlRe158GSi,银色 品牌14 15英寸 一体机（8吉字节内存）,一体机,品牌14,15英寸,8吉字节内存,银色,16*1*1,16,AL72C,简,收货,上架
TVGn50FHBl,黑色 品牌30 50英寸 电视机（全高清）,电视机,品牌30,50英寸,全高清,黑色,8*1*1,8,DZ01E,莎拉,收货,上架
LaPH148GGr,灰色 品牌12 14英寸 笔记本电脑（8吉字节内存）,笔记本电脑,品牌12,14英寸,8吉字节内存,灰色,16*1*1,16,DN03H,艾米,收货,上架
TVGn424KSi,银色 品牌30 42英寸 电视机（超高清）,电视机,品牌30,42英寸,超高清,银色,8*1*1,8,BQ98H,约翰,收货,上架
TaTR10AdGr,灰色 品牌28 1000 桌子（可调节）,桌子,品牌28,1000,可调节,灰色,8*1*1,8,BK41F,艾米,收货,上架
GaXELErPi,粉色 品牌06 大号 游戏椅（人体工学）,游戏椅,品牌06,大号,人体工学,粉色,16*1*1,16,DS76B,约翰,收货,上架
PeGi50WaPi,粉色 品牌21 50 铅笔（水彩）,铅笔,品牌21,50,水彩,粉色,48*10*5,2400,BQ20A,简,收货,上架
NoExA4doWh,白色 品牌16 四号纸 笔记本（点阵）,笔记本,品牌16,四号纸,点阵,白色,48*10*5,2400,CW97G,大卫,收货,上架
TVYn75FHBl,黑色 品牌15 75英寸 电视机（全高清）,电视机,品牌15,75英寸,全高清,黑色,8*1*1,8,DP27A,迈克,收货,上架
AlPH14i7Bl,黑色 品牌12 14英寸 一体机（第7代处理器）,一体机,品牌12,14英寸,第7代处理器,黑色,16*1*1,16,AV87C,大卫,收货,上架
MoSu27WiPi,粉色 品牌11 270 鼠标（有线）,鼠标,品牌11,270,有线,粉色,16*10*1,160,AU66A,艾米丽,收货,上架
PrNoA2LaWh,白色 品牌26 二号纸 打印机（激光）,打印机,品牌26,二号纸,激光,白色,16*1*1,16,BN09C,大卫,收货,上架
PeRe24SoWh,白色 品牌22 24 铅笔（可溶性）,铅笔,品牌22,24,可溶性,白色,48*10*5,2400,AG45B,莎拉,收货,上架
MoRe45MeWh,白色 品牌10 450 鼠标（机械式）,鼠标,品牌10,450,机械式,白色,16*10*1,160,AZ61E,简,收货,上架
TVYn32FHWh,白色 品牌15 32英寸 电视机（全高清）,电视机,品牌15,32英寸,全高清,白色,8*1*1,8,DR24G,克里斯,收货,上架
CaWE18FiBe,米色 品牌02 1800 文件柜（文件收纳）,文件柜,品牌02,1800,文件收纳,米色,8*1*1,8,AG09E,莎拉,收货,上架
LaOv148GWh,白色 品牌13 14英寸 笔记本电脑（8吉字节内存）,笔记本电脑,品牌13,14英寸,8吉字节内存,白色,16*1*1,16,DR49F,劳拉,收货,上架
TVGL65S4Gr,灰色 品牌31 65英寸 电视机（超级超高清）,电视机,品牌31,65英寸,超级超高清,灰色,8*1*1,8,CT25C,克里斯,收货,上架
PrReA2WiBl,黑色 品牌24 二号纸 打印机（无线网络）,打印机,品牌24,二号纸,无线网络,黑色,16*1*1,16,CZ83C,亚历克斯,收货,上架
MoRe27MeWh,白色 品牌10 270 鼠标（机械式）,鼠标,品牌10,270,机械式,白色,16*10*1,160,AZ34C,大卫,收货,上架
LaSu148GGr,灰色 品牌11 14英寸 笔记本电脑（8吉字节内存）,笔记本电脑,品牌11,14英寸,8吉字节内存,灰色,16*1*1,16,CZ46A,艾米,收货,上架
OfOGSErGr,灰色 品牌07 小号 办公椅（人体工学）,办公椅,品牌07,小号,人体工学,灰色,16*1*1,16,CV27B,简,收货,上架
TVEs65FHSi,银色 品牌32 65英寸 电视机（全高清）,电视机,品牌32,65英寸,全高清,银色,8*1*1,8,BI26B,劳拉,收货,上架
CuWE18LoWh,白色 品牌02 1800 储物柜（储物锁柜）,储物柜,品牌02,1800,储物锁柜,白色,8*1*1,8,AF82E,艾米丽,收货,上架
DrWE90FiWh,白色 品牌02 900 抽屉柜（文件收纳）,抽屉柜,品牌02,900,文件收纳,白色,8*1*1,8,CU82F,迈克,收货,上架
PrReA2InWh,白色 品牌24 二号纸 打印机（喷墨）,打印机,品牌24,二号纸,喷墨,白色,16*1*1,16,BX60H,艾米丽,收货,上架
TaCI10AdSi,银色 品牌27 1000 桌子（可调节）,桌子,品牌27,1000,可调节,银色,8*1*1,8,CU08C,艾米,收货,上架
NoMuA4doGr,灰色 品牌19 四号纸 笔记本（点阵）,笔记本,品牌19,四号纸,点阵,灰色,48*10*5,2400,CL81F,艾米丽,收货,上架
OfSELErPi,粉色 品牌08 大号 办公椅（人体工学）,办公椅,品牌08,大号,人体工学,粉色,16*1*1,16,BM38A,亚历克斯,收货,上架
GaXEMErWh,白色 品牌06 中号 游戏椅（人体工学）,游戏椅,品牌06,中号,人体工学,白色,16*1*1,16,DR02H,亚历克斯,收货,上架
TVYn324KWh,白色 品牌15 32英寸 电视机（超高清）,电视机,品牌15,32英寸,超高清,白色,8*1*1,8,AH05B,约翰,收货,上架
TVEs50S4Gr,灰色 品牌32 50英寸 电视机（超级超高清）,电视机,品牌32,50英寸,超级超高清,灰色,8*1*1,8,AW02F,劳拉,收货,上架
SPNa24HeWh,白色 品牌23 24 触控笔（六角形）,触控笔,品牌23,24,六角形,白色,48*10*5,2400,AZ84C,亚历克斯,收货,上架
LaOv1532Wh,白色 品牌13 15英寸 笔记本电脑（32吉字节内存）,笔记本电脑,品牌13,15英寸,32吉字节内存,白色,16*1*1,16,BK70C,简,收货,上架
DrTE90SlGr,灰色 品牌04 900 抽屉柜（滑动式）,抽屉柜,品牌04,900,滑动式,灰色,8*1*1,8,DP15E,简,收货,上架
AlSu148GBl,黑色 品牌11 14英寸 一体机（8吉字节内存）,一体机,品牌11,14英寸,8吉字节内存,黑色,16*1*1,16,CY90A,莎拉,收货,上架
NoScA3liBl,黑色 品牌17 三号纸 笔记本（线条）,笔记本,品牌17,三号纸,线条,黑色,48*10*5,2400,DW85D,亚历克斯,收货,上架
LaSu148GBl,黑色 品牌11 14英寸 笔记本电脑（8吉字节内存）,笔记本电脑,品牌11,14英寸,8吉字节内存,黑色,16*1*1,16,CR64H,简,收货,上架
NoMuA5liGr,灰色 品牌19 五号纸 笔记本（线条）,笔记本,品牌19,五号纸,线条,灰色,48*10*5,2400,CH04H,克里斯,收货,上架
CaQE12LoGr,灰色 品牌01 1200 文件柜（储物锁柜）,文件柜,品牌01,1200,储物锁柜,灰色,8*1*1,8,BG94E,亚历克斯,收货,上架
NoMuA3liSi,银色 品牌19 三号纸 笔记本（线条）,笔记本,品牌19,三号纸,线条,银色,48*10*5,2400,AU96H,亚历克斯,收货,上架
TaTR10FrGr,灰色 品牌28 1000 桌子（框架式）,桌子,品牌28,1000,框架式,灰色,8*1*1,8,DL86C,迈克,收货,上架
PeRe24SoPi,粉色 品牌22 24 铅笔（可溶性）,铅笔,品牌22,24,可溶性,粉色,48*10*5,2400,AL51C,约翰,收货,上架
KeRe35MeNa,藏青色 品牌10 350 键盘（机械式）,键盘,品牌10,350,机械式,藏青色,16*10*1,160,CP22A,简,收货,上架
DrTE12LoBl,黑色 品牌04 1200 抽屉柜（储物锁柜）,抽屉柜,品牌04,1200,储物锁柜,黑色,8*1*1,8,AM81E,艾米,收货,上架
OfAESAdBl,黑色 品牌05 小号 办公椅（可调节）,办公椅,品牌05,小号,可调节,黑色,16*1*1,16,CZ16C,艾米,收货,上架
PrSoA2MoGr,灰色 品牌25 二号纸 打印机（黑白）,打印机,品牌25,二号纸,黑白,灰色,16*1*1,16,AJ08G,约翰,收货,上架
CaTE90DoBe,米色 品牌04 900 文件柜（带门式）,文件柜,品牌04,900,带门式,米色,8*1*1,8,BI10D,简,收货,上架
OfXESLeWh,白色 品牌06 小号 办公椅（皮革）,办公椅,品牌06,小号,皮革,白色,16*1*1,16,AP89F,大卫,收货,上架
CaTE18LoBl,黑色 品牌04 1800 文件柜（储物锁柜）,文件柜,品牌04,1800,储物锁柜,黑色,8*1*1,8,AI90D,约翰,收货,上架
MoSu27MeBl,黑色 品牌11 270 鼠标（机械式）,鼠标,品牌11,270,机械式,黑色,16*10*1,160,AY50F,劳拉,收货,上架
GaOGMErGr,灰色 品牌07 中号 游戏椅（人体工学）,游戏椅,品牌07,中号,人体工学,灰色,16*1*1,16,AY75C,简,收货,上架
LaSu17i7Bl,黑色 品牌11 17英寸 笔记本电脑（第7代处理器）,笔记本电脑,品牌11,17英寸,第7代处理器,黑色,16*1*1,16,CY92B,艾米,收货,上架
TVEs654KBl,黑色 品牌32 65英寸 电视机（超高清）,电视机,品牌32,65英寸,超高清,黑色,8*1*1,8,DV20F,亚历克斯,收货,上架
AlSu17i5Wh,白色 品牌11 17英寸 一体机（第5代处理器）,一体机,品牌11,17英寸,第5代处理器,白色,16*1*1,16,BS93D,大卫,收货,上架
KePH45ErWh,白色 品牌12 450 键盘（人体工学）,键盘,品牌12,450,人体工学,白色,16*10*1,160,AR23F,简,收货,上架
OfOGLHeBl,黑色 品牌07 大号 办公椅（头枕）,办公椅,品牌07,大号,头枕,黑色,16*1*1,16,CP93B,莎拉,收货,上架
TVGn65S4Bl,黑色 品牌30 65英寸 电视机（超级超高清）,电视机,品牌30,65英寸,超级超高清,黑色,8*1*1,8,DT79B,简,收货,上架
KeSu35ErWh,白色 品牌11 350 键盘（人体工学）,键盘,品牌11,350,人体工学,白色,16*10*1,160,DO39H,莎拉,收货,上架
TVGL50S4Gr,灰色 品牌31 50英寸 电视机（超级超高清）,电视机,品牌31,50英寸,超级超高清,灰色,8*1*1,8,CP72G,艾米丽,收货,上架
GaOGMHeBl,黑色 品牌07 中号 游戏椅（头枕）,游戏椅,品牌07,中号,头枕,黑色,16*1*1,16,AI44F,大卫,收货,上架
NoGrA3doWh,白色 品牌18 三号纸 笔记本（点阵）,笔记本,品牌18,三号纸,点阵,白色,48*10*5,2400,CY90C,劳拉,收货,上架
AlPH158GSi,银色 品牌12 15英寸 一体机（8吉字节内存）,一体机,品牌12,15英寸,8吉字节内存,银色,16*1*1,16,DO47A,迈克,收货,上架
TVYn50FHBl,黑色 品牌15 50英寸 电视机（全高清）,电视机,品牌15,50英寸,全高清,黑色,8*1*1,8,DT59A,劳拉,收货,上架
SPRe12HePi,粉色 品牌22 12 触控笔（六角形）,触控笔,品牌22,12,六角形,粉色,48*10*5,2400,CS97D,大卫,收货,上架
PeGi12HeWh,白色 品牌21 12 铅笔（六角形）,铅笔,品牌21,12,六角形,白色,48*10*5,2400,AK09G,亚历克斯,收货,上架
PrSoA4InWh,白色 品牌25 四号纸 打印机（喷墨）,打印机,品牌25,四号纸,喷墨,白色,16*1*1,16,AW69C,克里斯,收货,上架
TVEs50S4Wh,白色 品牌32 50英寸 电视机（超级超高清）,电视机,品牌32,50英寸,超级超高清,白色,8*1*1,8,CL80A,约翰,收货,上架
LaPH15i5Si,银色 品牌12 15英寸 笔记本电脑（第5代处理器）,笔记本电脑,品牌12,15英寸,第5代处理器,银色,16*1*1,2,DJ13G,莎拉,收货,上架
DrWE90SlBe,米色 品牌02 900 抽屉柜（滑动式）,抽屉柜,品牌02,900,滑动式,米色,8*1*1,3,CG58F,莎拉,收货,上架
AlRe1716Si,银色 品牌14 17英寸 一体机（16吉字节内存）,一体机,品牌14,17英寸,16吉字节内存,银色,16*1*1,11,BL88G,简,收货,上架
TVGL32SFBl,黑色 品牌31 32英寸 电视机（超级全高清）,电视机,品牌31,32英寸,超级全高清,黑色,8*1*1,6,DG45D,约翰,收货,上架
SPNa12SoPi,粉色 品牌23 12 触控笔（可溶性）,触控笔,品牌23,12,可溶性,粉色,48*10*5,1132,AP68D,克里斯,收货,上架
OfAEMLeGr,灰色 品牌05 中号 办公椅（皮革）,办公椅,品牌05,中号,皮革,灰色,16*1*1,1,AK52B,大卫,收货,上架
GaAEMAdBl,黑色 品牌05 中号 游戏椅（可调节）,游戏椅,品牌05,中号,可调节,黑色,16*1*1,2,BJ50A,迈克,收货,上架
TaTR18AdSi,银色 品牌28 1800 桌子（可调节）,桌子,品牌28,1800,可调节,银色,8*1*1,6,AW88C,约翰,收货,上架
TVGL32S4Bl,黑色 品牌31 32英寸 电视机（超级超高清）,电视机,品牌31,32英寸,超级超高清,黑色,8*1*1,8,CQ17C,莎拉,收货,上架
CuQE18DoGr,灰色 品牌01 1800 储物柜（带门式）,储物柜,品牌01,1800,带门式,灰色,8*1*1,6,CT97A,大卫,收货,上架
CuRG90LoBe,米色 品牌03 900 储物柜（储物锁柜）,储物柜,品牌03,900,储物锁柜,米色,8*1*1,8,AZ33E,约翰,收货,上架
AlSu17i7Bl,黑色 品牌11 17英寸 一体机（第7代处理器）,一体机,品牌11,17英寸,第7代处理器,黑色,16*1*1,1,CZ20B,大卫,收货,上架
NoGrA4doGr,灰色 品牌18 四号纸 笔记本（点阵）,笔记本,品牌18,四号纸,点阵,灰色,48*10*5,2252,CU98E,约翰,收货,上架
LaPH1732Gr,灰色 品牌12 17英寸 笔记本电脑（32吉字节内存）,笔记本电脑,品牌12,17英寸,32吉字节内存,灰色,16*1*1,4,AH29D,艾米丽,收货,上架
LaPH15i7Gr,灰色 品牌12 15英寸 笔记本电脑（第7代处理器）,笔记本电脑,品牌12,15英寸,第7代处理器,灰色,16*1*1,13,BT88A,艾米丽,收货,上架
TaTR10AuWh,白色 品牌28 1000 桌子（自动调节）,桌子,品牌28,1000,自动调节,白色,8*1*1,5,CH95B,简,收货,上架
AlOv178GBl,黑色 品牌13 17英寸 一体机（8吉字节内存）,一体机,品牌13,17英寸,8吉字节内存,黑色,16*1*1,15,BZ84D,艾米丽,收货,上架
TVGn50S4Gr,灰色 品牌30 50英寸 电视机（超级超高清）,电视机,品牌30,50英寸,超级超高清,灰色,8*1*1,5,DZ85G,约翰,收货,上架
PeNa12HeWh,白色 品牌23 12 铅笔（六角形）,铅笔,品牌23,12,六角形,白色,48*10*5,2046,AN16G,艾米,收货,上架
NoGrA3ruWh,白色 品牌18 三号纸 笔记本（横线）,笔记本,品牌18,三号纸,横线,白色,48*10*5,27,AY15G,迈克,收货,上架
PrPHA2InMi,混合色 品牌12 二号纸 打印机（喷墨）,打印机,品牌12,二号纸,喷墨,混合色,16*1*1,1,BL21B,劳拉,收货,上架
OfAESLeBl,黑色 品牌05 小号 办公椅（皮革）,办公椅,品牌05,小号,皮革,黑色,16*1*1,1,CI06B,简,收货,上架
SPRe50WaPi,粉色 品牌22 50 触控笔（水彩）,触控笔,品牌22,50,水彩,粉色,48*10*5,1052,DX63F,艾米丽,收货,上架
KeSu27BlPi,粉色 品牌11 270 键盘（蓝牙）,键盘,品牌11,270,蓝牙,粉色,16*10*1,3,DH16A,约翰,收货,上架
DrWE18FiWh,白色 品牌02 1800 抽屉柜（文件收纳）,抽屉柜,品牌02,1800,文件收纳,白色,8*1*1,4,BW10F,艾米丽,收货,上架
OfSEMHeBl,黑色 品牌08 中号 办公椅（头枕）,办公椅,品牌08,中号,头枕,黑色,16*1*1,7,BU28C,亚历克斯,收货,上架
OfSELAdWh,白色 品牌08 大号 办公椅（可调节）,办公椅,品牌08,大号,可调节,白色,16*1*1,4,BS44A,劳拉,收货,上架
NoExA4liSi,银色 品牌16 四号纸 笔记本（线条）,笔记本,品牌16,四号纸,线条,银色,48*10*5,1692,DO86H,亚历克斯,收货,上架
TaCI10AuWh,白色 品牌27 1000 桌子（自动调节）,桌子,品牌27,1000,自动调节,白色,8*1*1,5,BW98F,莎拉,收货,上架
KeRe35BlWh,白色 品牌10 350 键盘（蓝牙）,键盘,品牌10,350,蓝牙,白色,16*10*1,128,AO15A,艾米丽,收货,上架
GaSELAdGr,灰色 品牌08 大号 游戏椅（可调节）,游戏椅,品牌08,大号,可调节,灰色,16*1*1,5,DW20B,艾米,收货,上架
OfSELErBl,黑色 品牌08 大号 办公椅（人体工学）,办公椅,品牌08,大号,人体工学,黑色,16*1*1,3,DZ85A,艾米丽,收货,上架
TVEs42SFWh,白色 品牌32 42英寸 电视机（超级全高清）,电视机,品牌32,42英寸,超级全高清,白色,8*1*1,4,AI55G,莎拉,收货,上架
KePH45ErNa,藏青色 品牌12 450 键盘（人体工学）,键盘,品牌12,450,人体工学,藏青色,16*10*1,137,AH23A,艾米丽,收货,上架
AlSu1532Bl,黑色 品牌11 15英寸 一体机（32吉字节内存）,一体机,品牌11,15英寸,32吉字节内存,黑色,16*1*1,13,BM28H,迈克,收货,上架
PrSoA2LaMi,混合色 品牌25 二号纸 打印机（激光）,打印机,品牌25,二号纸,激光,混合色,16*1*1,11,DQ58A,迈克,收货,上架
LaYn14i7Si,银色 品牌15 14英寸 笔记本电脑（第7代处理器）,笔记本电脑,品牌15,14英寸,第7代处理器,银色,16*1*1,14,AG42C,迈克,收货,上架
SPGi12HeGr,灰色 品牌21 12 触控笔（六角形）,触控笔,品牌21,12,六角形,灰色,48*10*5,1910,DY05B,亚历克斯,收货,上架
CuRG90LoBe,米色 品牌03 900 储物柜（储物锁柜）,储物柜,品牌03,900,储物锁柜,米色,8*1*1,8,BP97H,艾米,收货,上架
PrReA3AlGr,灰色 品牌24 三号纸 打印机（一体式）,打印机,品牌24,三号纸,一体式,灰色,16*1*1,5,CW66E,简,收货,上架
OfOGSErPi,粉色 品牌07 小号 办公椅（人体工学）,办公椅,品牌07,小号,人体工学,粉色,16*1*1,4,DS50D,艾米,收货,上架
DrRG90DoGr,灰色 品牌03 900 抽屉柜（带门式）,抽屉柜,品牌03,900,带门式,灰色,8*1*1,1,BZ72E,艾米,收货,上架
AlRe1716Wh,白色 品牌14 17英寸 一体机（16吉字节内存）,一体机,品牌14,17英寸,16吉字节内存,白色,16*1*1,7,DR85D,艾米丽,收货,上架
PeAl12SoBl,黑色 品牌20 12 铅笔（可溶性）,铅笔,品牌20,12,可溶性,黑色,48*10*5,1014,AJ38A,亚历克斯,收货,上架
KeHc45BlPi,粉色 品牌09 450 键盘（蓝牙）,键盘,品牌09,450,蓝牙,粉色,16*10*1,67,AK92C,大卫,收货,上架
PeNa24WaPi,粉色 品牌23 24 铅笔（水彩）,铅笔,品牌23,24,水彩,粉色,48*10*5,1400,AX96H,约翰,收货,上架
LaSu15i5Si,银色 品牌11 15英寸 笔记本电脑（第5代处理器）,笔记本电脑,品牌11,15英寸,第5代处理器,银色,16*1*1,7,BV18G,约翰,收货,上架
MoSu27MePi,粉色 品牌11 270 鼠标（机械式）,鼠标,品牌11,270,机械式,粉色,16*10*1,147,BU58B,大卫,收货,上架
GaXESHeWh,白色 品牌06 小号 游戏椅（头枕）,游戏椅,品牌06,小号,头枕,白色,16*1*1,1,BV16G,劳拉,收货,上架
GaXESHePi,粉色 品牌06 小号 游戏椅（头枕）,游戏椅,品牌06,小号,头枕,粉色,16*1*1,15,CH87A,艾米,收货,上架
KePH35MeNa,藏青色 品牌12 350 键盘（机械式）,键盘,品牌12,350,机械式,藏青色,16*10*1,129,AH46C,大卫,收货,上架
LaSu1532Si,银色 品牌11 15英寸 笔记本电脑（32吉字节内存）,笔记本电脑,品牌11,15英寸,32吉字节内存,银色,16*1*1,13,BT58A,简,收货,上架
DrQE12LoWh,白色 品牌01 1200 抽屉柜（储物锁柜）,抽屉柜,品牌01,1200,储物锁柜,白色,8*1*1,8,BX30C,迈克,收货,上架
MoPH45MeBl,黑色 品牌12 450 鼠标（机械式）,鼠标,品牌12,450,机械式,黑色,16*10*1,51,AT77C,简,收货,上架
PeNa50WaPi,粉色 品牌23 50 铅笔（水彩）,铅笔,品牌23,50,水彩,粉色,48*10*5,2111,AJ57A,约翰,收货,上架
LaRe14i5Si,银色 品牌14 14英寸 笔记本电脑（第5代处理器）,笔记本电脑,品牌14,14英寸,第5代处理器,银色,16*1*1,1,CO32D,莎拉,收货,上架
GaAESHeWh,白色 品牌05 小号 游戏椅（头枕）,游戏椅,品牌05,小号,头枕,白色,16*1*1,7,DQ97D,约翰,收货,上架
KeSu27BlBl,黑色 品牌11 270 键盘（蓝牙）,键盘,品牌11,270,蓝牙,黑色,16*10*1,120,CT80F,劳拉,收货,上架
AlOv178GSi,银色 品牌13 17英寸 一体机（8吉字节内存）,一体机,品牌13,17英寸,8吉字节内存,银色,16*1*1,11,BF70B,艾米丽,收货,上架
KePH27ErPi,粉色 品牌12 270 键盘（人体工学）,键盘,品牌12,270,人体工学,粉色,16*10*1,97,AG10H,克里斯,收货,上架
AlYn1516Gr,灰色 品牌15 15英寸 一体机（16吉字节内存）,一体机,品牌15,15英寸,16吉字节内存,灰色,16*1*1,1,CX88E,约翰,收货,上架
DrTE18SlBl,黑色 品牌04 1800 抽屉柜（滑动式）,抽屉柜,品牌04,1800,滑动式,黑色,8*1*1,5,BN05H,艾米,收货,上架
PrSoA2AlGr,灰色 品牌25 二号纸 打印机（一体式）,打印机,品牌25,二号纸,一体式,灰色,16*1*1,9,CR01H,大卫,收货,上架
NoExA4ruWh,白色 品牌16 四号纸 笔记本（横线）,笔记本,品牌16,四号纸,横线,白色,48*10*5,1495,BN35C,约翰,收货,上架
AlPH17i5Wh,白色 品牌12 17英寸 一体机（第5代处理器）,一体机,品牌12,17英寸,第5代处理器,白色,16*1*1,12,CJ10C,迈克,收货,上架
SPNa24WaGr,灰色 品牌23 24 触控笔（水彩）,触控笔,品牌23,24,水彩,灰色,48*10*5,2052,AL19G,莎拉,收货,上架
LaSu15i7Wh,白色 品牌11 15英寸 笔记本电脑（第7代处理器）,笔记本电脑,品牌11,15英寸,第7代处理器,白色,16*1*1,4,CP33G,艾米,收货,上架
MoPH27WiPi,粉色 品牌12 270 鼠标（有线）,鼠标,品牌12,270,有线,粉色,16*10*1,11,DU73B,简,收货,上架
PrPHA3LaMi,混合色 品牌12 三号纸 打印机（激光）,打印机,品牌12,三号纸,激光,混合色,16*1*1,9,CY11A,艾米,收货,上架
GaXEMErWh,白色 品牌06 中号 游戏椅（人体工学）,游戏椅,品牌06,中号,人体工学,白色,16*1*1,6,AI30H,大卫,收货,上架
CaWE12DoWh,白色 品牌02 1200 文件柜（带门式）,文件柜,品牌02,1200,带门式,白色,8*1*1,6,DU24G,迈克,收货,上架
KeRe35MeNa,藏青色 品牌10 350 键盘（机械式）,键盘,品牌10,350,机械式,藏青色,16*10*1,84,CK88A,莎拉,收货,上架
PeRe12SoWh,白色 品牌22 12 铅笔（可溶性）,铅笔,品牌22,12,可溶性,白色,48*10*5,972,AT70A,艾米丽,收货,上架
PrReA3WiGr,灰色 品牌24 三号纸 打印机（无线网络）,打印机,品牌24,三号纸,无线网络,灰色,16*1*1,11,BK16A,简,收货,上架
CuTE12FiBe,米色 品牌04 1200 储物柜（文件收纳）,储物柜,品牌04,1200,文件收纳,米色,8*1*1,2,BI52C,迈克,收货,上架
OfSELErWh,白色 品牌08 大号 办公椅（人体工学）,办公椅,品牌08,大号,人体工学,白色,16*1*1,4,BW98A,莎拉,收货,上架
LaPH178GBl,黑色 品牌12 17英寸 笔记本电脑（8吉字节内存）,笔记本电脑,品牌12,17英寸,8吉字节内存,黑色,16*1*1,8,BH57F,约翰,收货,上架
NoMuA5liWh,白色 品牌19 五号纸 笔记本（线条）,笔记本,品牌19,五号纸,线条,白色,48*10*5,308,CQ87D,莎拉,收货,上架
TaCI18FrSi,银色 品牌27 1800 桌子（框架式）,桌子,品牌27,1800,框架式,银色,8*1*1,8,DK43B,迈克,收货,上架
GaAESLeBl,黑色 品牌05 小号 游戏椅（皮革）,游戏椅,品牌05,小号,皮革,黑色,16*1*1,11,CL60C,迈克,收货,上架
LaRe14i7Gr,灰色 品牌14 14英寸 笔记本电脑（第7代处理器）,笔记本电脑,品牌14,14英寸,第7代处理器,灰色,16*1*1,2,AK96H,艾米,收货,上架
MoSu27BlWh,白色 品牌11 270 鼠标（蓝牙）,鼠标,品牌11,270,蓝牙,白色,16*10*1,58,CI11G,简,收货,上架
MoHc45BlWh,白色 品牌09 450 鼠标（蓝牙）,鼠标,品牌09,450,蓝牙,白色,16*10*1,10,CH86B,莎拉,收货,上架
OfSEMLeBl,黑色 品牌08 中号 办公椅（皮革）,办公椅,品牌08,中号,皮革,黑色,16*1*1,11,CZ15G,约翰,收货,上架
CaWE90LoBl,黑色 品牌02 900 文件柜（储物锁柜）,文件柜,品牌02,900,储物锁柜,黑色,8*1*1,4,BQ71D,莎拉,收货,上架
TVYn75S4Gr,灰色 品牌15 75英寸 电视机（超级超高清）,电视机,品牌15,75英寸,超级超高清,灰色,8*1*1,1,BY81A,莎拉,收货,上架
GaAEMLeGr,灰色 品牌05 中号 游戏椅（皮革）,游戏椅,品牌05,中号,皮革,灰色,16*1*1,2,DT47G,克里斯,收货,上架
AlOv1532Bl,黑色 品牌13 15英寸 一体机（32吉字节内存）,一体机,品牌13,15英寸,32吉字节内存,黑色,16*1*1,10,AM82E,亚历克斯,收货,上架
GaOGMErWh,白色 品牌07 中号 游戏椅（人体工学）,游戏椅,品牌07,中号,人体工学,白色,16*1*1,14,AT85H,亚历克斯,收货,上架
CuWE90SlWh,白色 品牌02 900 储物柜（滑动式）,储物柜,品牌02,900,滑动式,白色,8*1*1,3,AL19E,简,收货,上架
TaAE10AuWh,白色 品牌05 1000 桌子（自动调节）,桌子,品牌05,1000,自动调节,白色,8*1*1,8,DH76D,克里斯,收货,上架
MoPH45WiPi,粉色 品牌12 450 鼠标（有线）,鼠标,品牌12,450,有线,粉色,16*10*1,59,BZ84F,艾米,收货,上架
GaSESHePi,粉色 品牌08 小号 游戏椅（头枕）,游戏椅,品牌08,小号,头枕,粉色,16*1*1,4,BW67D,亚历克斯,收货,上架
PrPHA4LaBl,黑色 品牌12 四号纸 打印机（激光）,打印机,品牌12,四号纸,激光,黑色,16*1*1,7,AY27G,劳拉,收货,上架
KePH35MeBl,黑色 品牌12 350 键盘（机械式）,键盘,品牌12,350,机械式,黑色,16*10*1,98,CZ45B,艾米丽,收货,上架
CaWE12LoGr,灰色 品牌02 1200 文件柜（储物锁柜）,文件柜,品牌02,1200,储物锁柜,灰色,8*1*1,5,AK01A,艾米,收货,上架
AlYn158GBl,黑色 品牌15 15英寸 一体机（8吉字节内存）,一体机,品牌15,15英寸,8吉字节内存,黑色,16*1*1,11,AS89E,艾米,收货,上架
OfOGMErGr,灰色 品牌07 中号 办公椅（人体工学）,办公椅,品牌07,中号,人体工学,灰色,16*1*1,1,AK65A,劳拉,收货,上架
CuTE18LoWh,白色 品牌04 1800 储物柜（储物锁柜）,储物柜,品牌04,1800,储物锁柜,白色,8*1*1,2,DX94A,迈克,收货,上架
CuWE18LoGr,灰色 品牌02 1800 储物柜（储物锁柜）,储物柜,品牌02,1800,储物锁柜,灰色,8*1*1,8,CZ15E,简,收货,上架
MoSu45WiPi,粉色 品牌11 450 鼠标（有线）,鼠标,品牌11,450,有线,粉色,16*10*1,27,BU74B,迈克,收货,上架
TaAE18WoSi,银色 品牌05 1800 桌子（工作站）,桌子,品牌05,1800,工作站,银色,8*1*1,2,BJ41B,艾米,收货,上架
TaAE18FrBl,黑色 品牌05 1800 桌子（框架式）,桌子,品牌05,1800,框架式,黑色,8*1*1,3,AF74B,艾米丽,收货,上架
TVEs504KWh,白色 品牌32 50英寸 电视机（超高清）,电视机,品牌32,50英寸,超高清,白色,8*1*1,4,DS89G,劳拉,收货,上架
LaPH1432Si,银色 品牌12 14英寸 笔记本电脑（32吉字节内存）,笔记本电脑,品牌12,14英寸,32吉字节内存,银色,16*1*1,7,BX90C,克里斯,收货,上架
KeSu35WiWh,白色 品牌11 350 键盘（有线）,键盘,品牌11,350,有线,白色,16*10*1,1,AP43D,亚历克斯,收货,上架
DrTE90SlBl,黑色 品牌04 900 抽屉柜（滑动式）,抽屉柜,品牌04,900,滑动式,黑色,8*1*1,2,CK37C,简,收货,上架
TVYn32SFWh,白色 品牌15 32英寸 电视机（超级全高清）,电视机,品牌15,32英寸,超级全高清,白色,8*1*1,6,CY59H,克里斯,收货,上架
TaTR15FrBl,黑色 品牌29 1500 桌子（框架式）,桌子,品牌29,1500,框架式,黑色,8*1*1,8,BU14C,大卫,收货,上架
LaRe17i5Bl,黑色 品牌14 17英寸 笔记本电脑（第5代处理器）,笔记本电脑,品牌14,17英寸,第5代处理器,黑色,16*1*1,7,CP83B,莎拉,收货,上架
PrSoA4MoBl,黑色 品牌25 四号纸 打印机（黑白）,打印机,品牌25,四号纸,黑白,黑色,16*1*1,3,DP92F,克里斯,收货,上架
KeHc35WiNa,藏青色 品牌09 350 键盘（有线）,键盘,品牌09,350,有线,藏青色,16*10*1,122,BU25F,约翰,收货,上架
NoGrA5liGr,灰色 品牌18 五号纸 笔记本（线条）,笔记本,品牌18,五号纸,线条,灰色,48*10*5,2313,CY86H,简,收货,上架
TVEs32S4Gr,灰色 品牌32 32英寸 电视机（超级超高清）,电视机,品牌32,32英寸,超级超高清,灰色,8*1*1,7,DW56D,约翰,收货,上架
SPNa12WaGr,灰色 品牌23 12 触控笔（水彩）,触控笔,品牌23,12,水彩,灰色,48*10*5,1565,BL35F,大卫,收货,上架
DrTE12FiWh,白色 品牌04 1200 抽屉柜（文件收纳）,抽屉柜,品牌04,1200,文件收纳,白色,8*1*1,1,AU08G,艾米,收货,上架
GaAESErPi,粉色 品牌05 小号 游戏椅（人体工学）,游戏椅,品牌05,小号,人体工学,粉色,16*1*1,3,DI63H,简,收货,上架
TaAE18AdWh,白色 品牌05 1800 桌子（可调节）,桌子,品牌05,1800,可调节,白色,8*1*1,6,CH46H,大卫,收货,上架
PrNoA4LaGr,灰色 品牌26 四号纸 打印机（激光）,打印机,品牌26,四号纸,激光,灰色,16*1*1,13,BK15B,艾米丽,收货,上架
KeSu45WiWh,白色 品牌11 450 键盘（有线）,键盘,品牌11,450,有线,白色,16*10*1,86,CT80B,克里斯,收货,上架
MoSu45ErNa,藏青色 品牌11 450 鼠标（人体工学）,鼠标,品牌11,450,人体工学,藏青色,16*10*1,145,CL10E,简,收货,上架
TVYn42SFWh,白色 品牌15 42英寸 电视机（超级全高清）,电视机,品牌15,42英寸,超级全高清,白色,8*1*1,1,CM46F,莎拉,收货,上架
KeRe45ErBl,黑色 品牌10 450 键盘（人体工学）,键盘,品牌10,450,人体工学,黑色,16*10*1,95,DP76G,亚历克斯,收货,上架
KeSu27WiPi,粉色 品牌11 270 键盘（有线）,键盘,品牌11,270,有线,粉色,16*10*1,23,BP12D,劳拉,收货,上架
TVEs65SFBl,黑色 品牌32 65英寸 电视机（超级全高清）,电视机,品牌32,65英寸,超级全高清,黑色,8*1*1,5,CN46F,约翰,收货,上架
DrRG90SlBe,米色 品牌03 900 抽屉柜（滑动式）,抽屉柜,品牌03,900,滑动式,米色,8*1*1,5,CN54A,亚历克斯,收货,上架
PrNoA2LaBl,黑色 品牌26 二号纸 打印机（激光）,打印机,品牌26,二号纸,激光,黑色,16*1*1,12,DL50C,约翰,收货,上架
MoRe27MeBl,黑色 品牌10 270 鼠标（机械式）,鼠标,品牌10,270,机械式,黑色,16*10*1,18,DX76F,艾米,收货,上架
AlOv148GGr,灰色 品牌13 14英寸 一体机（8吉字节内存）,一体机,品牌13,14英寸,8吉字节内存,灰色,16*1*1,9,AX43D,艾米丽,收货,上架
TaTR18WoBl,黑色 品牌28 1800 桌子（工作站）,桌子,品牌28,1800,工作站,黑色,8*1*1,1,AN35D,简,收货,上架
KePH27WiPi,粉色 品牌12 270 键盘（有线）,键盘,品牌12,270,有线,粉色,16*10*1,42,DH97D,简,收货,上架
PeRe50HeWh,白色 品牌22 50 铅笔（六角形）,铅笔,品牌22,50,六角形,白色,48*10*5,915,AL45E,迈克,收货,上架
KeHc45BlWh,白色 品牌09 450 键盘（蓝牙）,键盘,品牌09,450,蓝牙,白色,16*10*1,42,DS55H,莎拉,收货,上架
PeRe24SoGr,灰色 品牌22 24 铅笔（可溶性）,铅笔,品牌22,24,可溶性,灰色,48*10*5,1105,BS11F,艾米,收货,上架
AlSu15i5Bl,黑色 品牌11 15英寸 一体机（第5代处理器）,一体机,品牌11,15英寸,第5代处理器,黑色,16*1*1,1,CG58A,迈克,收货,上架
CuWE12LoGr,灰色 品牌02 1200 储物柜（储物锁柜）,储物柜,品牌02,1200,储物锁柜,灰色,8*1*1,3,BR69E,劳拉,收货,上架
PrPHA3WiWh,白色 品牌12 三号纸 打印机（无线网络）,打印机,品牌12,三号纸,无线网络,白色,16*1*1,14,CU46H,大卫,收货,上架
AlPH1532Wh,白色 品牌12 15英寸 一体机（32吉字节内存）,一体机,品牌12,15英寸,32吉字节内存,白色,16*1*1,2,BY43G,克里斯,收货,上架
OfXESErPi,粉色 品牌06 小号 办公椅（人体工学）,办公椅,品牌06,小号,人体工学,粉色,16*1*1,10,DR77H,大卫,收货,上架
LaOv15i7Si,银色 品牌13 15英寸 笔记本电脑（第7代处理器）,笔记本电脑,品牌13,15英寸,第7代处理器,银色,16*1*1,13,DP62C,约翰,收货,上架
DrRG12FiBe,米色 品牌03 1200 抽屉柜（文件收纳）,抽屉柜,品牌03,1200,文件收纳,米色,8*1*1,4,DV40B,简,收货,上架
CaWE18SlGr,灰色 品牌02 1800 文件柜（滑动式）,文件柜,品牌02,1800,滑动式,灰色,8*1*1,3,CM96G,劳拉,收货,上架
GaAELAdPi,粉色 品牌05 大号 游戏椅（可调节）,游戏椅,品牌05,大号,可调节,粉色,16*1*1,15,AZ21B,大卫,收货,上架
KeSu35WiNa,藏青色 品牌11 350 键盘（有线）,键盘,品牌11,350,有线,藏青色,16*10*1,61,CV96E,大卫,收货,上架
TaTR10WoBl,黑色 品牌28 1000 桌子（工作站）,桌子,品牌28,1000,工作站,黑色,8*1*1,2,AR45D,克里斯,收货,上架
MoSu45WiWh,白色 品牌11 450 鼠标（有线）,鼠标,品牌11,450,有线,白色,16*10*1,158,CL71B,约翰,收货,上架
PeAl12WaWh,白色 品牌20 12 铅笔（水彩）,铅笔,品牌20,12,水彩,白色,48*10*5,1061,CF39F,迈克,收货,上架
PrReA2MoMi,混合色 品牌24 二号纸 打印机（黑白）,打印机,品牌24,二号纸,黑白,混合色,16*1*1,10,BG65G,约翰,收货,上架
DrWE90FiBl,黑色 品牌02 900 抽屉柜（文件收纳）,抽屉柜,品牌02,900,文件收纳,黑色,8*1*1,2,DM92F,莎拉,收货,上架
MoHc27MeBl,黑色 品牌09 270 鼠标（机械式）,鼠标,品牌09,270,机械式,黑色,16*10*1,135,DM68B,劳拉,收货,上架
TVYn754KGr,灰色 品牌15 75英寸 电视机（超高清）,电视机,品牌15,75英寸,超高清,灰色,8*1*1,8,CV73D,莎拉,收货,上架
OfSELErGr,灰色 品牌08 大号 办公椅（人体工学）,办公椅,品牌08,大号,人体工学,灰色,16*1*1,1,AY85B,艾米丽,收货,上架
LaRe15i7Wh,白色 品牌14 15英寸 笔记本电脑（第7代处理器）,笔记本电脑,品牌14,15英寸,第7代处理器,白色,16*1*1,12,DZ32F,艾米丽,收货,上架
MoHc45MePi,粉色 品牌09 450 鼠标（机械式）,鼠标,品牌09,450,机械式,粉色,16*10*1,83,AJ88G,艾米丽,收货,上架
CuTE12SlGr,灰色 品牌04 1200 储物柜（滑动式）,储物柜,品牌04,1200,滑动式,灰色,8*1*1,7,CK02E,亚历克斯,收货,上架
SPAl12WaWh,白色 品牌20 12 触控笔（水彩）,触控笔,品牌20,12,水彩,白色,48*10*5,2100,BQ98A,大卫,收货,上架
PeRe12HeWh,白色 品牌22 12 铅笔（六角形）,铅笔,品牌22,12,六角形,白色,48*10*5,1253,DN76H,艾米,收货,上架
MoRe35MeWh,白色 品牌10 350 鼠标（机械式）,鼠标,品牌10,350,机械式,白色,16*10*1,65,DN18H,约翰,收货,上架
DrWE18LoWh,白色 品牌02 1800 抽屉柜（储物锁柜）,抽屉柜,品牌02,1800,储物锁柜,白色,8*1*1,3,CW69A,亚历克斯,收货,上架
AlOv1716Si,银色 品牌13 17英寸 一体机（16吉字节内存）,一体机,品牌13,17英寸,16吉字节内存,银色,16*1*1,12,CR09G,莎拉,收货,上架
LaRe178GWh,白色 品牌14 17英寸 笔记本电脑（8吉字节内存）,笔记本电脑,品牌14,17英寸,8吉字节内存,白色,16*1*1,15,CX80G,简,收货,上架
TVEs32SFSi,银色 品牌32 32英寸 电视机（超级全高清）,电视机,品牌32,32英寸,超级全高清,银色,8*1*1,8,CN47B,迈克,收货,上架
CaRG18DoWh,白色 品牌03 1800 文件柜（带门式）,文件柜,品牌03,1800,带门式,白色,8*1*1,8,CH02D,大卫,收货,上架
PrPHA2InBl,黑色 品牌12 二号纸 打印机（喷墨）,打印机,品牌12,二号纸,喷墨,黑色,16*1*1,8,DX19H,劳拉,收货,上架
CaQE12FiBl,黑色 品牌01 1200 文件柜（文件收纳）,文件柜,品牌01,1200,文件收纳,黑色,8*1*1,7,AQ32G,莎拉,收货,上架
AlSu15i5Wh,白色 品牌11 15英寸 一体机（第5代处理器）,一体机,品牌11,15英寸,第5代处理器,白色,16*1*1,10,CO03A,约翰,收货,上架
SPNa50HeGr,灰色 品牌23 50 触控笔（六角形）,触控笔,品牌23,50,六角形,灰色,48*10*5,89,BU15G,亚历克斯,收货,上架
OfSELLeGr,灰色 品牌08 大号 办公椅（皮革）,办公椅,品牌08,大号,皮革,灰色,16*1*1,1,CP02E,约翰,收货,上架
AlSu14i7Wh,白色 品牌11 14英寸 一体机（第7代处理器）,一体机,品牌11,14英寸,第7代处理器,白色,16*1*1,2,DJ07H,克里斯,收货,上架
LaRe158GBl,黑色 品牌14 15英寸 笔记本电脑（8吉字节内存）,笔记本电脑,品牌14,15英寸,8吉字节内存,黑色,16*1*1,12,BG45E,艾米,收货,上架
DrTE18SlWh,白色 品牌04 1800 抽屉柜（滑动式）,抽屉柜,品牌04,1800,滑动式,白色,8*1*1,3,BH45G,迈克,收货,上架
PeGi12SoPi,粉色 品牌21 12 铅笔（可溶性）,铅笔,品牌21,12,可溶性,粉色,48*10*5,2336,AG34D,艾米丽,收货,上架
NoExA5doSi,银色 品牌16 五号纸 笔记本（点阵）,笔记本,品牌16,五号纸,点阵,银色,48*10*5,324,BK80D,大卫,收货,上架
TaTR18AdGr,灰色 品牌29 1800 桌子（可调节）,桌子,品牌29,1800,可调节,灰色,8*1*1,5,BH64B,约翰,收货,上架
LaOv1732Gr,灰色 品牌13 17英寸 笔记本电脑（32吉字节内存）,笔记本电脑,品牌13,17英寸,32吉字节内存,灰色,16*1*1,14,CH57B,亚历克斯,收货,上架
DrWE12SlBl,黑色 品牌02 1200 抽屉柜（滑动式）,抽屉柜,品牌02,1200,滑动式,黑色,8*1*1,8,AO60D,克里斯,收货,上架
KeHc27BlBl,黑色 品牌09 270 键盘（蓝牙）,键盘,品牌09,270,蓝牙,黑色,16*10*1,60,BH48E,约翰,收货,上架
KeHc27MeNa,藏青色 品牌09 270 键盘（机械式）,键盘,品牌09,270,机械式,藏青色,16*10*1,106,DT10D,亚历克斯,收货,上架
CaRG18LoBe,米色 品牌03 1800 文件柜（储物锁柜）,文件柜,品牌03,1800,储物锁柜,米色,8*1*1,1,CU40H,克里斯,收货,上架
TaTR15FrBl,黑色 品牌29 1500 桌子（框架式）,桌子,品牌29,1500,框架式,黑色,8*1*1,1,AJ18G,劳拉,收货,上架
DrQE90SlBe,米色 品牌01 900 抽屉柜（滑动式）,抽屉柜,品牌01,900,滑动式,米色,8*1*1,5,CF32D,莎拉,收货,上架
CaTE90LoWh,白色 品牌04 900 文件柜（储物锁柜）,文件柜,品牌04,900,储物锁柜,白色,8*1*1,5,AF07G,莎拉,收货,上架
CaWE12LoGr,灰色 品牌02 1200 文件柜（储物锁柜）,文件柜,品牌02,1200,储物锁柜,灰色,8*1*1,8,AG94H,大卫,收货,上架
LaPH15i7Si,银色 品牌12 15英寸 笔记本电脑（第7代处理器）,笔记本电脑,品牌12,15英寸,第7代处理器,银色,16*1*1,1,AH40A,约翰,收货,上架
MoPH45MeWh,白色 品牌12 450 鼠标（机械式）,鼠标,品牌12,450,机械式,白色,16*10*1,14,CV67A,亚历克斯,收货,上架
OfSEMLeWh,白色 品牌08 中号 办公椅（皮革）,办公椅,品牌08,中号,皮革,白色,16*1*1,5,BJ03H,劳拉,收货,上架
CaWE12DoWh,白色 品牌02 1200 文件柜（带门式）,文件柜,品牌02,1200,带门式,白色,8*1*1,6,CK78H,亚历克斯,收货,上架
NoScA3ruBl,黑色 品牌17 三号纸 笔记本（横线）,笔记本,品牌17,三号纸,横线,黑色,48*10*5,2152,BO67B,大卫,收货,上架
KeHc27MeWh,白色 品牌09 270 键盘（机械式）,键盘,品牌09,270,机械式,白色,16*10*1,69,CL09H,克里斯,收货,上架
CuTE18FiWh,白色 品牌04 1800 储物柜（文件收纳）,储物柜,品牌04,1800,文件收纳,白色,8*1*1,8,CG96C,大卫,收货,上架
TaTR10FrGr,灰色 品牌28 1000 桌子（框架式）,桌子,品牌28,1000,框架式,灰色,8*1*1,3,CY54H,约翰,收货,上架
MoHc35BlWh,白色 品牌09 350 鼠标（蓝牙）,鼠标,品牌09,350,蓝牙,白色,16*10*1,105,AJ31E,艾米丽,收货,上架
LaPH1432Si,银色 品牌12 14英寸 笔记本电脑（32吉字节内存）,笔记本电脑,品牌12,14英寸,32吉字节内存,银色,16*1*1,12,BI94D,亚历克斯,收货,上架
LaOv1732Bl,黑色 品牌13 17英寸 笔记本电脑（32吉字节内存）,笔记本电脑,品牌13,17英寸,32吉字节内存,黑色,16*1*1,14,AS35H,艾米,收货,上架
CuRG18FiWh,白色 品牌03 1800 储物柜（文件收纳）,储物柜,品牌03,1800,文件收纳,白色,8*1*1,7,BX70B,艾米丽,收货,上架
MoHc45WiBl,黑色 品牌09 450 鼠标（有线）,鼠标,品牌09,450,有线,黑色,16*10*1,151,CJ34A,莎拉,收货,上架
TVYn42S4Wh,白色 品牌15 42英寸 电视机（超级超高清）,电视机,品牌15,42英寸,超级超高清,白色,8*1*1,1,CF90G,大卫,收货,上架
NoExA3doBl,黑色 品牌16 三号纸 笔记本（点阵）,笔记本,品牌16,三号纸,点阵,黑色,48*10*5,1868,DW89B,亚历克斯,收货,上架
TVGL504KBl,黑色 品牌31 50英寸 电视机（超高清）,电视机,品牌31,50英寸,超高清,黑色,8*1*1,4,BK73G,克里斯,收货,上架
TaTR18FrBl,黑色 品牌29 1800 桌子（框架式）,桌子,品牌29,1800,框架式,黑色,8*1*1,2,DR97H,简,收货,上架
TVEs42SFGr,灰色 品牌32 42英寸 电视机（超级全高清）,电视机,品牌32,42英寸,超级全高清,灰色,8*1*1,3,BO05G,亚历克斯,收货,上架
TVGn65SFGr,灰色 品牌30 65英寸 电视机（超级全高清）,电视机,品牌30,65英寸,超级全高清,灰色,8*1*1,4,DQ03G,亚历克斯,收货,上架
TVEs75S4Si,银色 品牌32 75英寸 电视机（超级超高清）,电视机,品牌32,75英寸,超级超高清,银色,8*1*1,7,CT42G,劳拉,收货,上架
TVGn504KBl,黑色 品牌30 50英寸 电视机（超高清）,电视机,品牌30,50英寸,超高清,黑色,8*1*1,1,BG54F,莎拉,收货,上架
CuRG90DoGr,灰色 品牌03 900 储物柜（带门式）,储物柜,品牌03,900,带门式,灰色,8*1*1,8,AW13D,艾米丽,收货,上架
DrRG12SlBe,米色 品牌03 1200 抽屉柜（滑动式）,抽屉柜,品牌03,1200,滑动式,米色,8*1*1,3,BL58F,简,收货,上架
LaOv1516Bl,黑色 品牌13 15英寸 笔记本电脑（16吉字节内存）,笔记本电脑,品牌13,15英寸,16吉字节内存,黑色,16*1*1,4,DP63F,艾米,收货,上架
TVEs504KSi,银色 品牌32 50英寸 电视机（超高清）,电视机,品牌32,50英寸,超高清,银色,8*1*1,8,AH10C,艾米丽,收货,上架
TaAE15AuSi,银色 品牌05 1500 桌子（自动调节）,桌子,品牌05,1500,自动调节,银色,8*1*1,4,BK88A,迈克,收货,上架
KePH27BlNa,藏青色 品牌12 270 键盘（蓝牙）,键盘,品牌12,270,蓝牙,藏青色,16*10*1,13,DI59B,克里斯,收货,上架
AlSu148GWh,白色 品牌11 14英寸 一体机（8吉字节内存）,一体机,品牌11,14英寸,8吉字节内存,白色,16*1*1,14,DZ55E,迈克,收货,上架
KeRe27BlPi,粉色 品牌10 270 键盘（蓝牙）,键盘,品牌10,270,蓝牙,粉色,16*10*1,64,CO89G,大卫,收货,上架
SPGi50WaPi,粉色 品牌21 50 触控笔（水彩）,触控笔,品牌21,50,水彩,粉色,48*10*5,958,BT38C,艾米,收货,上架
SPNa50WaBl,黑色 品牌23 50 触控笔（水彩）,触控笔,品牌23,50,水彩,黑色,48*10*5,102,BQ55D,约翰,收货,上架
TVYn424KBl,黑色 品牌15 42英寸 电视机（超高清）,电视机,品牌15,42英寸,超高清,黑色,8*1*1,2,AY58E,大卫,收货,上架
AlSu15i5Wh,白色 品牌11 15英寸 一体机（第5代处理器）,一体机,品牌11,15英寸,第5代处理器,白色,16*1*1,10,AJ55B,克里斯,收货,上架
OfSEMAdBl,黑色 品牌08 中号 办公椅（可调节）,办公椅,品牌08,中号,可调节,黑色,16*1*1,6,BY69D,艾米,收货,上架
OfOGMAdGr,灰色 品牌07 中号 办公椅（可调节）,办公椅,品牌07,中号,可调节,灰色,16*1*1,3,BO62H,约翰,收货,上架
MoPH35ErNa,藏青色 品牌12 350 鼠标（人体工学）,鼠标,品牌12,350,人体工学,藏青色,16*10*1,3,AN49A,劳拉,收货,上架
LaSu14i5Si,银色 品牌11 14英寸 笔记本电脑（第5代处理器）,笔记本电脑,品牌11,14英寸,第5代处理器,银色,16*1*1,7,CJ13A,简,收货,上架
NoMuA4liWh,白色 品牌19 四号纸 笔记本（线条）,笔记本,品牌19,四号纸,线条,白色,48*10*5,1219,CR36E,艾米,收货,上架
KeRe45BlBl,黑色 品牌10 450 键盘（蓝牙）,键盘,品牌10,450,蓝牙,黑色,16*10*1,73,DU70G,迈克,收货,上架
DrRG12LoGr,灰色 品牌03 1200 抽屉柜（储物锁柜）,抽屉柜,品牌03,1200,储物锁柜,灰色,8*1*1,4,BT83G,大卫,收货,上架
TaTR18FrGr,灰色 品牌29 1800 桌子（框架式）,桌子,品牌29,1800,框架式,灰色,8*1*1,4,CO41A,大卫,收货,上架
NoExA3liBl,黑色 品牌16 三号纸 笔记本（线条）,笔记本,品牌16,三号纸,线条,黑色,48*10*5,1105,CX29E,约翰,收货,上架
LaRe1532Bl,黑色 品牌14 15英寸 笔记本电脑（32吉字节内存）,笔记本电脑,品牌14,15英寸,32吉字节内存,黑色,16*1*1,8,AW39C,简,收货,上架
DrRG18LoBl,黑色 品牌03 1800 抽屉柜（储物锁柜）,抽屉柜,品牌03,1800,储物锁柜,黑色,8*1*1,5,CQ98F,迈克,收货,上架
KeRe35ErPi,粉色 品牌10 350 键盘（人体工学）,键盘,品牌10,350,人体工学,粉色,16*10*1,151,DY15C,莎拉,收货,上架
AlRe1416Gr,灰色 品牌14 14英寸 一体机（16吉字节内存）,一体机,品牌14,14英寸,16吉字节内存,灰色,16*1*1,1,DK56E,简,收货,上架
CaRG12FiWh,白色 品牌03 1200 文件柜（文件收纳）,文件柜,品牌03,1200,文件收纳,白色,8*1*1,7,CR94H,约翰,收货,上架
DrQE90LoWh,白色 品牌01 900 抽屉柜（储物锁柜）,抽屉柜,品牌01,900,储物锁柜,白色,8*1*1,4,AO81C,艾米,收货,上架
LaRe178GBl,黑色 品牌14 17英寸 笔记本电脑（8吉字节内存）,笔记本电脑,品牌14,17英寸,8吉字节内存,黑色,16*1*1,10,DP21C,迈克,收货,上架
DrWE18LoGr,灰色 品牌02 1800 抽屉柜（储物锁柜）,抽屉柜,品牌02,1800,储物锁柜,灰色,8*1*1,1,BT65G,简,收货,上架
KePH27ErPi,粉色 品牌12 270 键盘（人体工学）,键盘,品牌12,270,人体工学,粉色,16*10*1,37,BH91C,劳拉,收货,上架
DrRG90FiGr,灰色 品牌03 900 抽屉柜（文件收纳）,抽屉柜,品牌03,900,文件收纳,灰色,8*1*1,7,BG37B,大卫,收货,上架
LaYn1532Gr,灰色 品牌15 15英寸 笔记本电脑（32吉字节内存）,笔记本电脑,品牌15,15英寸,32吉字节内存,灰色,16*1*1,5,CL47A,艾米,收货,上架
TVYn65FHSi,银色 品牌15 65英寸 电视机（全高清）,电视机,品牌15,65英寸,全高清,银色,8*1*1,3,AH59G,迈克,收货,上架
OfSESErBl,黑色 品牌08 小号 办公椅（人体工学）,办公椅,品牌08,小号,人体工学,黑色,16*1*1,6,BU12C,亚历克斯,收货,上架
OfOGSErWh,白色 品牌07 小号 办公椅（人体工学）,办公椅,品牌07,小号,人体工学,白色,16*1*1,15,DX88D,简,收货,上架
TVGL50FHGr,灰色 品牌31 50英寸 电视机（全高清）,电视机,品牌31,50英寸,全高清,灰色,8*1*1,4,AX10B,劳拉,收货,上架
SPRe50HeBl,黑色 品牌22 50 触控笔（六角形）,触控笔,品牌22,50,六角形,黑色,48*10*5,1751,CM03D,约翰,收货,上架
DrWE12FiBl,黑色 品牌02 1200 抽屉柜（文件收纳）,抽屉柜,品牌02,1200,文件收纳,黑色,8*1*1,6,DP79C,约翰,收货,上架
GaOGMHeWh,白色 品牌07 中号 游戏椅（头枕）,游戏椅,品牌07,中号,头枕,白色,16*1*1,13,DZ65E,亚历克斯,收货,上架
CuRG18LoBe,米色 品牌03 1800 储物柜（储物锁柜）,储物柜,品牌03,1800,储物锁柜,米色,8*1*1,4,AY90C,莎拉,收货,上架
TVEs754KBl,黑色 品牌32 75英寸 电视机（超高清）,电视机,品牌32,75英寸,超高清,黑色,8*1*1,2,CP38B,亚历克斯,收货,上架
GaXEMLeWh,白色 品牌06 中号 游戏椅（皮革）,游戏椅,品牌06,中号,皮革,白色,16*1*1,12,CH02G,克里斯,收货,上架
TVEs50SFBl,黑色 品牌32 50英寸 电视机（超级全高清）,电视机,品牌32,50英寸,超级全高清,黑色,8*1*1,5,AH49F,克里斯,收货,上架
AlRe14i7Si,银色 品牌14 14英寸 一体机（第7代处理器）,一体机,品牌14,14英寸,第7代处理器,银色,16*1*1,11,DF22F,简,收货,上架
AlPH1516Wh,白色 品牌12 15英寸 一体机（16吉字节内存）,一体机,品牌12,15英寸,16吉字节内存,白色,16*1*1,10,BO70E,简,收货,上架
AlPH14i5Gr,灰色 品牌12 14英寸 一体机（第5代处理器）,一体机,品牌12,14英寸,第5代处理器,灰色,16*1*1,13,AL78F,简,收货,上架
TaAE15AdBl,黑色 品牌05 1500 桌子（可调节）,桌子,品牌05,1500,可调节,黑色,8*1*1,2,DQ74C,迈克,收货,上架
SPNa24SoGr,灰色 品牌23 24 触控笔（可溶性）,触控笔,品牌23,24,可溶性,灰色,48*10*5,2058,CJ79B,迈克,收货,上架
PrPHA3LaBl,黑色 品牌12 三号纸 打印机（激光）,打印机,品牌12,三号纸,激光,黑色,16*1*1,11,DV40B,约翰,收货,上架
OfOGMHeWh,白色 品牌07 中号 办公椅（头枕）,办公椅,品牌07,中号,头枕,白色,16*1*1,13,AZ21C,艾米丽,收货,上架
GaOGSAdGr,灰色 品牌07 小号 游戏椅（可调节）,游戏椅,品牌07,小号,可调节,灰色,16*1*1,11,DK55G,大卫,收货,上架
GaAELAdGr,灰色 品牌05 大号 游戏椅（可调节）,游戏椅,品牌05,大号,可调节,灰色,16*1*1,5,AN71A,艾米丽,收货,上架
KeHc45MeBl,黑色 品牌09 450 键盘（机械式）,键盘,品牌09,450,机械式,黑色,16*10*1,74,CO45G,劳拉,收货,上架
CaRG90DoBe,米色 品牌03 900 文件柜（带门式）,文件柜,品牌03,900,带门式,米色,8*1*1,6,DY29E,简,收货,上架
TaCI15AdBl,黑色 品牌27 1500 桌子（可调节）,桌子,品牌27,1500,可调节,黑色,8*1*1,8,DY62G,克里斯,收货,上架
AlOv15i7Gr,灰色 品牌13 15英寸 一体机（第7代处理器）,一体机,品牌13,15英寸,第7代处理器,灰色,16*1*1,10,BF93G,莎拉,收货,上架
PrNoA2AlMi,混合色 品牌26 二号纸 打印机（一体式）,打印机,品牌26,二号纸,一体式,混合色,16*1*1,16,DU03A,艾米丽,收货,上架
SPRe24SoWh,白色 品牌22 24 触控笔（可溶性）,触控笔,品牌22,24,可溶性,白色,48*10*5,1973,BV44D,艾米丽,收货,上架
AlRe17i7Wh,白色 品牌14 17英寸 一体机（第7代处理器）,一体机,品牌14,17英寸,第7代处理器,白色,16*1*1,1,AN22A,艾米,收货,上架
TVEs42SFGr,灰色 品牌32 42英寸 电视机（超级全高清）,电视机,品牌32,42英寸,超级全高清,灰色,8*1*1,6,BL07B,艾米,收货,上架
PeRe24WaBl,黑色 品牌22 24 铅笔（水彩）,铅笔,品牌22,24,水彩,黑色,48*10*5,1946,CK91F,约翰,收货,上架
PrNoA2InGr,灰色 品牌26 二号纸 打印机（喷墨）,打印机,品牌26,二号纸,喷墨,灰色,16*1*1,14,AT20G,莎拉,收货,上架
DrQE90FiBl,黑色 品牌01 900 抽屉柜（文件收纳）,抽屉柜,品牌01,900,文件收纳,黑色,8*1*1,7,AP70G,劳拉,收货,上架
TVGL424KWh,白色 品牌31 42英寸 电视机（超高清）,电视机,品牌31,42英寸,超高清,白色,8*1*1,6,AF98G,艾米丽,收货,上架
MoSu35ErPi,粉色 品牌11 350 鼠标（人体工学）,鼠标,品牌11,350,人体工学,粉色,16*10*1,96,CR98E,克里斯,收货,上架
LaPH1532Wh,白色 品牌12 15英寸 笔记本电脑（32吉字节内存）,笔记本电脑,品牌12,15英寸,32吉字节内存,白色,16*1*1,16,DN30A,莎拉,收货,上架
SPRe50SoPi,粉色 品牌22 50 触控笔（可溶性）,触控笔,品牌22,50,可溶性,粉色,48*10*5,1662,BG15F,劳拉,收货,上架
DrQE90DoBl,黑色 品牌01 900 抽屉柜（带门式）,抽屉柜,品牌01,900,带门式,黑色,8*1*1,5,DS45C,艾米,收货,上架
CuRG12LoBl,黑色 品牌03 1200 储物柜（储物锁柜）,储物柜,品牌03,1200,储物锁柜,黑色,8*1*1,6,DG52A,艾米,收货,上架
DrTE90LoBl,黑色 品牌04 900 抽屉柜（储物锁柜）,抽屉柜,品牌04,900,储物锁柜,黑色,8*1*1,5,DV19A,亚历克斯,收货,上架
SPRe50HeBl,黑色 品牌22 50 触控笔（六角形）,触控笔,品牌22,50,六角形,黑色,48*10*5,1461,BL64G,亚历克斯,收货,上架
TVYn75SFGr,灰色 品牌15 75英寸 电视机（超级全高清）,电视机,品牌15,75英寸,超级全高清,灰色,8*1*1,6,CL10H,迈克,收货,上架
AlYn148GWh,白色 品牌15 14英寸 一体机（8吉字节内存）,一体机,品牌15,14英寸,8吉字节内存,白色,16*1*1,9,BP36E,约翰,收货,上架
TaAE18FrWh,白色 品牌05 1800 桌子（框架式）,桌子,品牌05,1800,框架式,白色,8*1*1,8,CQ35G,简,收货,上架
AlSu1716Bl,黑色 品牌11 17英寸 一体机（16吉字节内存）,一体机,品牌11,17英寸,16吉字节内存,黑色,16*1*1,3,DU43F,艾米丽,收货,上架
TaCI18AdSi,银色 品牌27 1800 桌子（可调节）,桌子,品牌27,1800,可调节,银色,8*1*1,1,AH96H,艾米丽,收货,上架
NoMuA3liSi,银色 品牌19 三号纸 笔记本（线条）,笔记本,品牌19,三号纸,线条,银色,48*10*5,1111,CI29D,大卫,收货,上架
PrSoA2LaBl,黑色 品牌25 二号纸 打印机（激光）,打印机,品牌25,二号纸,激光,黑色,16*1*1,15,DY13G,约翰,收货,上架
PrNoA4WiBl,黑色 品牌26 四号纸 打印机（无线网络）,打印机,品牌26,四号纸,无线网络,黑色,16*1*1,16,AN56G,约翰,收货,上架
TVGL65S4Gr,灰色 品牌31 65英寸 电视机（超级超高清）,电视机,品牌31,65英寸,超级超高清,灰色,8*1*1,7,CX48F,艾米丽,收货,上架
TaTR10FrSi,银色 品牌29 1000 桌子（框架式）,桌子,品牌29,1000,框架式,银色,8*1*1,5,CT82D,克里斯,收货,上架
KePH45WiWh,白色 品牌12 450 键盘（有线）,键盘,品牌12,450,有线,白色,16*10*1,61,BT25A,迈克,收货,上架
PrReA2AlMi,混合色 品牌24 二号纸 打印机（一体式）,打印机,品牌24,二号纸,一体式,混合色,16*1*1,11,AF39B,亚历克斯,收货,上架
AlOv17i7Wh,白色 品牌13 17英寸 一体机（第7代处理器）,一体机,品牌13,17英寸,第7代处理器,白色,16*1*1,4,BI01B,艾米,收货,上架
KePH45MePi,粉色 品牌12 450 键盘（机械式）,键盘,品牌12,450,机械式,粉色,16*10*1,1,DP15A,亚历克斯,收货,上架
AlPH178GGr,灰色 品牌12 17英寸 一体机（8吉字节内存）,一体机,品牌12,17英寸,8吉字节内存,灰色,16*1*1,5,DG05B,约翰,收货,上架
KeHc27BlNa,藏青色 品牌09 270 键盘（蓝牙）,键盘,品牌09,270,蓝牙,藏青色,16*10*1,10,DI03D,艾米,收货,上架
CuRG90LoBe,米色 品牌03 900 储物柜（储物锁柜）,储物柜,品牌03,900,储物锁柜,米色,8*1*1,1,DU81C,艾米丽,收货,上架
TVGn65S4Gr,灰色 品牌30 65英寸 电视机（超级超高清）,电视机,品牌30,65英寸,超级超高清,灰色,8*1*1,8,BM25H,克里斯,收货,上架
OfOGMHeBl,黑色 品牌07 中号 办公椅（头枕）,办公椅,品牌07,中号,头枕,黑色,16*1*1,3,BH66B,亚历克斯,收货,上架
KeSu27BlBl,黑色 品牌11 270 键盘（蓝牙）,键盘,品牌11,270,蓝牙,黑色,16*10*1,132,AQ56A,莎拉,收货,上架
AlOv1416Si,银色 品牌13 14英寸 一体机（16吉字节内存）,一体机,品牌13,14英寸,16吉字节内存,银色,16*1*1,9,DG16F,克里斯,收货,上架
CaRG18FiBl,黑色 品牌03 1800 文件柜（文件收纳）,文件柜,品牌03,1800,文件收纳,黑色,8*1*1,4,CT43D,克里斯,收货,上架
TVEs65S4Wh,白色 品牌32 65英寸 电视机（超级超高清）,电视机,品牌32,65英寸,超级超高清,白色,8*1*1,5,CI93C,约翰,收货,上架
OfSESAdPi,粉色 品牌08 小号 办公椅（可调节）,办公椅,品牌08,小号,可调节,粉色,16*1*1,10,BX42C,亚历克斯,收货,上架
MoRe35ErNa,藏青色 品牌10 350 鼠标（人体工学）,鼠标,品牌10,350,人体工学,藏青色,16*10*1,26,CK10B,劳拉,收货,上架
KePH27MePi,粉色 品牌12 270 键盘（机械式）,键盘,品牌12,270,机械式,粉色,16*10*1,48,CX92E,约翰,收货,上架
CaRG12SlGr,灰色 品牌03 1200 文件柜（滑动式）,文件柜,品牌03,1200,滑动式,灰色,8*1*1,3,AG12G,艾米,收货,上架
OfOGMAdWh,白色 品牌07 中号 办公椅（可调节）,办公椅,品牌07,中号,可调节,白色,16*1*1,8,CO69G,劳拉,收货,上架
TVYn754KWh,白色 品牌15 75英寸 电视机（超高清）,电视机,品牌15,75英寸,超高清,白色,8*1*1,5,DR30D,艾米丽,收货,上架
SPGi12SoBl,黑色 品牌21 12 触控笔（可溶性）,触控笔,品牌21,12,可溶性,黑色,48*10*5,1232,DV32B,约翰,收货,上架
KeRe27BlBl,黑色 品牌10 270 键盘（蓝牙）,键盘,品牌10,270,蓝牙,黑色,16*10*1,125,CU46A,艾米,收货,上架
GaAESAdBl,黑色 品牌05 小号 游戏椅（可调节）,游戏椅,品牌05,小号,可调节,黑色,16*1*1,4,AH49G,劳拉,收货,上架
TaAE18AdSi,银色 品牌05 1800 桌子（可调节）,桌子,品牌05,1800,可调节,银色,8*1*1,2,AG92A,艾米,收货,上架
NoExA5liSi,银色 品牌16 五号纸 笔记本（线条）,笔记本,品牌16,五号纸,线条,银色,48*10*5,836,BO75C,约翰,收货,上架
PrSoA4LaWh,白色 品牌25 四号纸 打印机（激光）,打印机,品牌25,四号纸,激光,白色,16*1*1,8,BM77C,约翰,收货,上架
SPNa12WaWh,白色 品牌23 12 触控笔（水彩）,触控笔,品牌23,12,水彩,白色,48*10*5,890,DK02F,艾米丽,收货,上架
PrSoA3InGr,灰色 品牌25 三号纸 打印机（喷墨）,打印机,品牌25,三号纸,喷墨,灰色,16*1*1,4,CK40B,艾米,收货,上架
TaTR18WoGr,灰色 品牌29 1800 桌子（工作站）,桌子,品牌29,1800,工作站,灰色,8*1*1,4,BU54H,莎拉,收货,上架
MoRe45WiNa,藏青色 品牌10 450 鼠标（有线）,鼠标,品牌10,450,有线,藏青色,16*10*1,103,AO31F,克里斯,收货,上架
PrPHA4WiBl,黑色 品牌12 四号纸 打印机（无线网络）,打印机,品牌12,四号纸,无线网络,黑色,16*1*1,7,CW07E,大卫,收货,上架
NoGrA5ruSi,银色 品牌18 五号纸 笔记本（横线）,笔记本,品牌18,五号纸,横线,银色,48*10*5,1169,BG71B,艾米丽,收货,上架
CaWE18DoBe,米色 品牌02 1800 文件柜（带门式）,文件柜,品牌02,1800,带门式,米色,8*1*1,5,DZ84E,亚历克斯,收货,上架
AlSu14i5Si,银色 品牌11 14英寸 一体机（第5代处理器）,一体机,品牌11,14英寸,第5代处理器,银色,16*1*1,14,BN65F,艾米,收货,上架
AlPH1716Bl,黑色 品牌12 17英寸 一体机（16吉字节内存）,一体机,品牌12,17英寸,16吉字节内存,黑色,16*1*1,9,CP02B,大卫,收货,上架
TaTR18WoWh,白色 品牌29 1800 桌子（工作站）,桌子,品牌29,1800,工作站,白色,8*1*1,2,DK06B,克里斯,收货,上架
OfSEMErWh,白色 品牌08 中号 办公椅（人体工学）,办公椅,品牌08,中号,人体工学,白色,16*1*1,7,DZ35H,亚历克斯,收货,上架
TVEs424KGr,灰色 品牌32 42英寸 电视机（超高清）,电视机,品牌32,42英寸,超高清,灰色,8*1*1,2,AF91G,简,收货,上架
CaTE90LoGr,灰色 品牌04 900 文件柜（储物锁柜）,文件柜,品牌04,900,储物锁柜,灰色,8*1*1,6,DU71D,莎拉,收货,上架
PrNoA2MoBl,黑色 品牌26 二号纸 打印机（黑白）,打印机,品牌26,二号纸,黑白,黑色,16*1*1,3,DJ61D,莎拉,收货,上架
TVYn65SFSi,银色 品牌15 65英寸 电视机（超级全高清）,电视机,品牌15,65英寸,超级全高清,银色,8*1*1,2,DV20A,大卫,收货,上架
TaCI10AdSi,银色 品牌27 1000 桌子（可调节）,桌子,品牌27,1000,可调节,银色,8*1*1,6,DF86E,大卫,收货,上架
GaOGLErPi,粉色 品牌07 大号 游戏椅（人体工学）,游戏椅,品牌07,大号,人体工学,粉色,16*1*1,8,BI29C,劳拉,收货,上架
LaYn158GBl,黑色 品牌15 15英寸 笔记本电脑（8吉字节内存）,笔记本电脑,品牌15,15英寸,8吉字节内存,黑色,16*1*1,12,CJ80A,亚历克斯,收货,上架
TVEs75S4Wh,白色 品牌32 75英寸 电视机（超级超高清）,电视机,品牌32,75英寸,超级超高清,白色,8*1*1,3,DW43G,亚历克斯,收货,上架
LaOv1532Bl,黑色 品牌13 15英寸 笔记本电脑（32吉字节内存）,笔记本电脑,品牌13,15英寸,32吉字节内存,黑色,16*1*1,13,AJ03A,大卫,收货,上架
GaXELAdWh,白色 品牌06 大号 游戏椅（可调节）,游戏椅,品牌06,大号,可调节,白色,16*1*1,14,AJ12E,大卫,收货,上架
AlYn1432Bl,黑色 品牌15 14英寸 一体机（32吉字节内存）,一体机,品牌15,14英寸,32吉字节内存,黑色,16*1*1,7,AP74D,艾米丽,收货,上架
CaTE18SlWh,白色 品牌04 1800 文件柜（滑动式）,文件柜,品牌04,1800,滑动式,白色,8*1*1,7,DP27A,艾米丽,收货,上架
GaOGLAdBl,黑色 品牌07 大号 游戏椅（可调节）,游戏椅,品牌07,大号,可调节,黑色,16*1*1,12,AZ65H,大卫,收货,上架
TVYn32S4Si,银色 品牌15 32英寸 电视机（超级超高清）,电视机,品牌15,32英寸,超级超高清,银色,8*1*1,7,BY46G,莎拉,收货,上架
TaAE18WoWh,白色 品牌05 1800 桌子（工作站）,桌子,品牌05,1800,工作站,白色,8*1*1,3,BQ37E,艾米,收货,上架
PeRe24SoGr,灰色 品牌22 24 铅笔（可溶性）,铅笔,品牌22,24,可溶性,灰色,48*10*5,2138,DR73C,劳拉,收货,上架
GaXEMErBl,黑色 品牌06 中号 游戏椅（人体工学）,游戏椅,品牌06,中号,人体工学,黑色,16*1*1,10,DY33A,艾米,收货,上架
PeGi12SoGr,灰色 品牌21 12 铅笔（可溶性）,铅笔,品牌21,12,可溶性,灰色,48*10*5,426,AW18E,大卫,收货,上架
CuQE12DoWh,白色 品牌01 1200 储物柜（带门式）,储物柜,品牌01,1200,带门式,白色,8*1*1,6,DH65E,约翰,收货,上架
KeRe35MePi,粉色 品牌10 350 键盘（机械式）,键盘,品牌10,350,机械式,粉色,16*10*1,117,BS90C,亚历克斯,收货,上架
CuRG18FiBe,米色 品牌03 1800 储物柜（文件收纳）,储物柜,品牌03,1800,文件收纳,米色,8*1*1,4,BZ04D,艾米,收货,上架
NoExA4liWh,白色 品牌16 四号纸 笔记本（线条）,笔记本,品牌16,四号纸,线条,白色,48*10*5,1549,DW67F,亚历克斯,收货,上架
CuTE12LoBl,黑色 品牌04 1200 储物柜（储物锁柜）,储物柜,品牌04,1200,储物锁柜,黑色,8*1*1,1,BF15G,艾米,收货,上架
NoExA5liSi,银色 品牌16 五号纸 笔记本（线条）,笔记本,品牌16,五号纸,线条,银色,48*10*5,1767,AG69G,迈克,收货,上架
LaRe15i7Gr,灰色 品牌14 15英寸 笔记本电脑（第7代处理器）,笔记本电脑,品牌14,15英寸,第7代处理器,灰色,16*1*1,15,BK76H,简,收货,上架
GaXESLeBl,黑色 品牌06 小号 游戏椅（皮革）,游戏椅,品牌06,小号,皮革,黑色,16*1*1,8,BR82H,艾米丽,收货,上架
PrPHA4WiWh,白色 品牌12 四号纸 打印机（无线网络）,打印机,品牌12,四号纸,无线网络,白色,16*1*1,9,BT34E,约翰,收货,上架
PrNoA3WiBl,黑色 品牌26 三号纸 打印机（无线网络）,打印机,品牌26,三号纸,无线网络,黑色,16*1*1,14,CJ65G,迈克,收货,上架
OfOGSLeBl,黑色 品牌07 小号 办公椅（皮革）,办公椅,品牌07,小号,皮革,黑色,16*1*1,8,CU90G,艾米,收货,上架
PeAl50WaBl,黑色 品牌20 50 铅笔（水彩）,铅笔,品牌20,50,水彩,黑色,48*10*5,473,CU12H,大卫,收货,上架
SPRe50SoWh,白色 品牌22 50 触控笔（可溶性）,触控笔,品牌22,50,可溶性,白色,48*10*5,2320,DP34H,艾米,收货,上架
PrSoA2LaBl,黑色 品牌25 二号纸 打印机（激光）,打印机,品牌25,二号纸,激光,黑色,16*1*1,12,DW76G,亚历克斯,收货,上架
GaSEMHeGr,灰色 品牌08 中号 游戏椅（头枕）,游戏椅,品牌08,中号,头枕,灰色,16*1*1,10,CG94C,克里斯,收货,上架
TVYn75SFBl,黑色 品牌15 75英寸 电视机（超级全高清）,电视机,品牌15,75英寸,超级全高清,黑色,8*1*1,1,AR07B,艾米丽,收货,上架
KeHc35ErNa,藏青色 品牌09 350 键盘（人体工学）,键盘,品牌09,350,人体工学,藏青色,16*10*1,84,DV43E,艾米,收货,上架
CaQE18FiBe,米色 品牌01 1800 文件柜（文件收纳）,文件柜,品牌01,1800,文件收纳,米色,8*1*1,6,CT67G,艾米丽,收货,上架
CuWE12DoBl,黑色 品牌02 1200 储物柜（带门式）,储物柜,品牌02,1200,带门式,黑色,8*1*1,6,AR04E,亚历克斯,收货,上架
CaWE18SlWh,白色 品牌02 1800 文件柜（滑动式）,文件柜,品牌02,1800,滑动式,白色,8*1*1,5,AP64H,莎拉,收货,上架
LaYn1532Gr,灰色 品牌15 15英寸 笔记本电脑（32吉字节内存）,笔记本电脑,品牌15,15英寸,32吉字节内存,灰色,16*1*1,11,DQ01H,约翰,收货,上架
AlPH1716Wh,白色 品牌12 17英寸 一体机（16吉字节内存）,一体机,品牌12,17英寸,16吉字节内存,白色,16*1*1,10,DU87G,简,收货,上架
CuRG18FiGr,灰色 品牌03 1800 储物柜（文件收纳）,储物柜,品牌03,1800,文件收纳,灰色,8*1*1,6,BI67H,克里斯,收货,上架
PrSoA4InMi,混合色 品牌25 四号纸 打印机（喷墨）,打印机,品牌25,四号纸,喷墨,混合色,16*1*1,11,DF18D,艾米,收货,上架
MoRe45ErPi,粉色 品牌10 450 鼠标（人体工学）,鼠标,品牌10,450,人体工学,粉色,16*10*1,17,AN67H,约翰,收货,上架
GaAEMLePi,粉色 品牌05 中号 游戏椅（皮革）,游戏椅,品牌05,中号,皮革,粉色,16*1*1,6,DY90B,迈克,收货,上架
PrNoA3MoMi,混合色 品牌26 三号纸 打印机（黑白）,打印机,品牌26,三号纸,黑白,混合色,16*1*1,11,CP24B,大卫,收货,上架
LaYn1416Wh,白色 品牌15 14英寸 笔记本电脑（16吉字节内存）,笔记本电脑,品牌15,14英寸,16吉字节内存,白色,16*1*1,15,DH22B,艾米,收货,上架
MoSu27BlBl,黑色 品牌11 270 鼠标（蓝牙）,鼠标,品牌11,270,蓝牙,黑色,16*10*1,81,CK72E,艾米丽,收货,上架
CaQE90LoBl,黑色 品牌01 900 文件柜（储物锁柜）,文件柜,品牌01,900,储物锁柜,黑色,8*1*1,8,AN31A,劳拉,收货,上架
AlSu1516Gr,灰色 品牌11 15英寸 一体机（16吉字节内存）,一体机,品牌11,15英寸,16吉字节内存,灰色,16*1*1,3,BG11B,艾米,收货,上架
TVYn324KGr,灰色 品牌15 32英寸 电视机（超高清）,电视机,品牌15,32英寸,超高清,灰色,8*1*1,1,AL80F,约翰,收货,上架
LaOv15i7Gr,灰色 品牌13 15英寸 笔记本电脑（第7代处理器）,笔记本电脑,品牌13,15英寸,第7代处理器,灰色,16*1*1,2,AN67E,艾米丽,收货,上架
PrNoA3LaGr,灰色 品牌26 三号纸 打印机（激光）,打印机,品牌26,三号纸,激光,灰色,16*1*1,16,BN55D,迈克,收货,上架
TVEs42SFGr,灰色 品牌32 42英寸 电视机（超级全高清）,电视机,品牌32,42英寸,超级全高清,灰色,8*1*1,6,BK66B,亚历克斯,收货,上架
PeGi12WaBl,黑色 品牌21 12 铅笔（水彩）,铅笔,品牌21,12,水彩,黑色,48*10*5,2170,AS95H,约翰,收货,上架
TaAE18FrWh,白色 品牌05 1800 桌子（框架式）,桌子,品牌05,1800,框架式,白色,8*1*1,6,BM87B,艾米,收货,上架
OfXEMHePi,粉色 品牌06 中号 办公椅（头枕）,办公椅,品牌06,中号,头枕,粉色,16*1*1,1,AQ52D,简,收货,上架
CuQE18FiGr,灰色 品牌01 1800 储物柜（文件收纳）,储物柜,品牌01,1800,文件收纳,灰色,8*1*1,3,AQ02H,约翰,收货,上架
LaPH14i5Si,银色 品牌12 14英寸 笔记本电脑（第5代处理器）,笔记本电脑,品牌12,14英寸,第5代处理器,银色,16*1*1,1,AJ52C,艾米丽,收货,上架
CaQE18SlBl,黑色 品牌01 1800 文件柜（滑动式）,文件柜,品牌01,1800,滑动式,黑色,8*1*1,1,BP46A,亚历克斯,收货,上架
KePH35WiPi,粉色 品牌12 350 键盘（有线）,键盘,品牌12,350,有线,粉色,16*10*1,40,AL01G,艾米,收货,上架
TVYn504KGr,灰色 品牌15 50英寸 电视机（超高清）,电视机,品牌15,50英寸,超高清,灰色,8*1*1,8,CP71B,劳拉,收货,上架
MoRe35ErWh,白色 品牌10 350 鼠标（人体工学）,鼠标,品牌10,350,人体工学,白色,16*10*1,50,AW52E,亚历克斯,收货,上架
TVGL654KSi,银色 品牌31 65英寸 电视机（超高清）,电视机,品牌31,65英寸,超高清,银色,8*1*1,4,BU75A,亚历克斯,收货,上架
TVYn32SFSi,银色 品牌15 32英寸 电视机（超级全高清）,电视机,品牌15,32英寸,超级全高清,银色,8*1*1,6,CQ04A,约翰,收货,上架
PrNoA4LaBl,黑色 品牌26 四号纸 打印机（激光）,打印机,品牌26,四号纸,激光,黑色,16*1*1,7,AF10B,克里斯,收货,上架
CaTE18SlWh,白色 品牌04 1800 文件柜（滑动式）,文件柜,品牌04,1800,滑动式,白色,8*1*1,3,DJ13G,艾米,收货,上架
CaRG18LoGr,灰色 品牌03 1800 文件柜（储物锁柜）,文件柜,品牌03,1800,储物锁柜,灰色,8*1*1,2,DJ77D,约翰,收货,上架
LaPH1532Si,银色 品牌12 15英寸 笔记本电脑（32吉字节内存）,笔记本电脑,品牌12,15英寸,32吉字节内存,银色,16*1*1,14,DV41F,迈克,收货,上架
TVEs42SFBl,黑色 品牌32 42英寸 电视机（超级全高清）,电视机,品牌32,42英寸,超级全高清,黑色,8*1*1,7,AN01F,约翰,收货,上架
PrPHA3InWh,白色 品牌12 三号纸 打印机（喷墨）,打印机,品牌12,三号纸,喷墨,白色,16*1*1,2,DS86B,约翰,收货,上架
NoExA3ruBl,黑色 品牌16 三号纸 笔记本（横线）,笔记本,品牌16,三号纸,横线,黑色,48*10*5,436,DO47F,简,收货,上架
KeRe45BlNa,藏青色 品牌10 450 键盘（蓝牙）,键盘,品牌10,450,蓝牙,藏青色,16*10*1,106,DQ20A,克里斯,收货,上架
GaXELErWh,白色 品牌06 大号 游戏椅（人体工学）,游戏椅,品牌06,大号,人体工学,白色,16*1*1,2,CL60F,莎拉,收货,上架
LaPH148GGr,灰色 品牌12 14英寸 笔记本电脑（8吉字节内存）,笔记本电脑,品牌12,14英寸,8吉字节内存,灰色,16*1*1,3,DJ77F,简,收货,上架
OfSESAdWh,白色 品牌08 小号 办公椅（可调节）,办公椅,品牌08,小号,可调节,白色,16*1*1,12,DL25H,简,收货,上架
MoSu27WiWh,白色 品牌11 270 鼠标（有线）,鼠标,品牌11,270,有线,白色,16*10*1,54,DZ83D,克里斯,收货,上架
KeSu45ErBl,黑色 品牌11 450 键盘（人体工学）,键盘,品牌11,450,人体工学,黑色,16*10*1,83,CO35B,亚历克斯,收货,上架
TaAE15WoGr,灰色 品牌05 1500 桌子（工作站）,桌子,品牌05,1500,工作站,灰色,8*1*1,8,CY49G,艾米,收货,上架
LaYn14i7Si,银色 品牌15 14英寸 笔记本电脑（第7代处理器）,笔记本电脑,品牌15,14英寸,第7代处理器,银色,16*1*1,10,AY43E,亚历克斯,收货,上架
DrRG12DoWh,白色 品牌03 1200 抽屉柜（带门式）,抽屉柜,品牌03,1200,带门式,白色,8*1*1,3,CJ33A,艾米丽,收货,上架
SPRe50SoGr,灰色 品牌22 50 触控笔（可溶性）,触控笔,品牌22,50,可溶性,灰色,48*10*5,1068,DT35C,莎拉,收货,上架
PrPHA4InGr,灰色 品牌12 四号纸 打印机（喷墨）,打印机,品牌12,四号纸,喷墨,灰色,16*1*1,4,DF98C,莎拉,收货,上架
DrQE18SlBl,黑色 品牌01 1800 抽屉柜（滑动式）,抽屉柜,品牌01,1800,滑动式,黑色,8*1*1,5,BG07B,迈克,收货,上架
TVEs50SFWh,白色 品牌32 50英寸 电视机（超级全高清）,电视机,品牌32,50英寸,超级全高清,白色,8*1*1,5,DH38A,约翰,收货,上架
TVGL75S4Wh,白色 品牌31 75英寸 电视机（超级超高清）,电视机,品牌31,75英寸,超级超高清,白色,8*1*1,1,AU08E,简,收货,上架
TaAE18AuSi,银色 品牌05 1800 桌子（自动调节）,桌子,品牌05,1800,自动调节,银色,8*1*1,7,CU71A,克里斯,收货,上架
AlSu148GWh,白色 品牌11 14英寸 一体机（8吉字节内存）,一体机,品牌11,14英寸,8吉字节内存,白色,16*1*1,12,CY62G,莎拉,收货,上架
CaWE12DoGr,灰色 品牌02 1200 文件柜（带门式）,文件柜,品牌02,1200,带门式,灰色,8*1*1,2,BS09C,艾米丽,收货,上架
PrSoA3AlBl,黑色 品牌25 三号纸 打印机（一体式）,打印机,品牌25,三号纸,一体式,黑色,16*1*1,6,DY05H,艾米,收货,上架
OfOGLAdPi,粉色 品牌07 大号 办公椅（可调节）,办公椅,品牌07,大号,可调节,粉色,16*1*1,10,BG70H,迈克,收货,上架
SPRe50HeGr,灰色 品牌22 50 触控笔（六角形）,触控笔,品牌22,50,六角形,灰色,48*10*5,1897,DW88G,迈克,收货,上架
CuWE90LoBl,黑色 品牌02 900 储物柜（储物锁柜）,储物柜,品牌02,900,储物锁柜,黑色,8*1*1,2,DR85H,莎拉,收货,上架
KePH45ErWh,白色 品牌12 450 键盘（人体工学）,键盘,品牌12,450,人体工学,白色,16*10*1,1,BU53B,亚历克斯,收货,上架
SPAl24WaPi,粉色 品牌20 24 触控笔（水彩）,触控笔,品牌20,24,水彩,粉色,48*10*5,166,DU95F,克里斯,收货,上架
MoHc27WiBl,黑色 品牌09 270 鼠标（有线）,鼠标,品牌09,270,有线,黑色,16*10*1,151,BL62B,迈克,收货,上架
DrRG12LoBe,米色 品牌03 1200 抽屉柜（储物锁柜）,抽屉柜,品牌03,1200,储物锁柜,米色,8*1*1,8,BJ92D,克里斯,收货,上架
TVYn65S4Gr,灰色 品牌15 65英寸 电视机（超级超高清）,电视机,品牌15,65英寸,超级超高清,灰色,8*1*1,4,DH28H,约翰,收货,上架
LaPH1432Gr,灰色 品牌12 14英寸 笔记本电脑（32吉字节内存）,笔记本电脑,品牌12,14英寸,32吉字节内存,灰色,16*1*1,4,DK37A,大卫,收货,上架
PrSoA4MoMi,混合色 品牌25 四号纸 打印机（黑白）,打印机,品牌25,四号纸,黑白,混合色,16*1*1,8,DT94C,莎拉,收货,上架
PrReA3WiBl,黑色 品牌24 三号纸 打印机（无线网络）,打印机,品牌24,三号纸,无线网络,黑色,16*1*1,3,DO39D,劳拉,收货,上架
SPRe12WaPi,粉色 品牌22 12 触控笔（水彩）,触控笔,品牌22,12,水彩,粉色,48*10*5,226,BV19E,亚历克斯,收货,上架
LaSu158GGr,灰色 品牌11 15英寸 笔记本电脑（8吉字节内存）,笔记本电脑,品牌11,15英寸,8吉字节内存,灰色,16*1*1,15,CT27A,简,收货,上架
DrQE12FiBl,黑色 品牌01 1200 抽屉柜（文件收纳）,抽屉柜,品牌01,1200,文件收纳,黑色,8*1*1,5,BN82E,艾米丽,收货,上架
AlPH1432Si,银色 品牌12 14英寸 一体机（32吉字节内存）,一体机,品牌12,14英寸,32吉字节内存,银色,16*1*1,12,BO71F,亚历克斯,收货,上架
OfXEMErWh,白色 品牌06 中号 办公椅（人体工学）,办公椅,品牌06,中号,人体工学,白色,16*1*1,2,BO03A,莎拉,收货,上架
TVGn50S4Wh,白色 品牌30 50英寸 电视机（超级超高清）,电视机,品牌30,50英寸,超级超高清,白色,8*1*1,2,BH71A,莎拉,收货,上架
CaWE12FiGr,灰色 品牌02 1200 文件柜（文件收纳）,文件柜,品牌02,1200,文件收纳,灰色,8*1*1,2,DM19A,亚历克斯,收货,上架
AlSu1416Wh,白色 品牌11 14英寸 一体机（16吉字节内存）,一体机,品牌11,14英寸,16吉字节内存,白色,16*1*1,8,AF51F,艾米丽,收货,上架
KeRe45MeBl,黑色 品牌10 450 键盘（机械式）,键盘,品牌10,450,机械式,黑色,16*10*1,15,AP46H,亚历克斯,收货,上架
PrSoA3WiBl,黑色 品牌25 三号纸 打印机（无线网络）,打印机,品牌25,三号纸,无线网络,黑色,16*1*1,4,CJ73D,大卫,收货,上架
CuQE12LoBl,黑色 品牌01 1200 储物柜（储物锁柜）,储物柜,品牌01,1200,储物锁柜,黑色,8*1*1,8,BJ02A,艾米丽,收货,上架
SPRe50WaPi,粉色 品牌22 50 触控笔（水彩）,触控笔,品牌22,50,水彩,粉色,48*10*5,1288,BY44A,克里斯,收货,上架
PeNa24WaPi,粉色 品牌23 24 铅笔（水彩）,铅笔,品牌23,24,水彩,粉色,48*10*5,2231,DL93A,劳拉,收货,上架
LaOv1432Si,银色 品牌13 14英寸 笔记本电脑（32吉字节内存）,笔记本电脑,品牌13,14英寸,32吉字节内存,银色,16*1*1,14,BV36D,迈克,收货,上架
NoMuA3liSi,银色 品牌19 三号纸 笔记本（线条）,笔记本,品牌19,三号纸,线条,银色,48*10*5,1475,BK39F,大卫,收货,上架
PrNoA3WiBl,黑色 品牌26 三号纸 打印机（无线网络）,打印机,品牌26,三号纸,无线网络,黑色,16*1*1,8,AJ46D,迈克,收货,上架
PrSoA3AlMi,混合色 品牌25 三号纸 打印机（一体式）,打印机,品牌25,三号纸,一体式,混合色,16*1*1,3,CV25G,迈克,收货,上架
DrWE90LoWh,白色 品牌02 900 抽屉柜（储物锁柜）,抽屉柜,品牌02,900,储物锁柜,白色,8*1*1,4,DN67D,劳拉,收货,上架
AlSu14i7Si,银色 品牌11 14英寸 一体机（第7代处理器）,一体机,品牌11,14英寸,第7代处理器,银色,16*1*1,4,CP02A,劳拉,收货,上架
PeAl24WaPi,粉色 品牌20 24 铅笔（水彩）,铅笔,品牌20,24,水彩,粉色,48*10*5,1098,DI41E,艾米丽,收货,上架
AlYn1432Wh,白色 品牌15 14英寸 一体机（32吉字节内存）,一体机,品牌15,14英寸,32吉字节内存,白色,16*1*1,2,BI83B,艾米,收货,上架
OfXEMErGr,灰色 品牌06 中号 办公椅（人体工学）,办公椅,品牌06,中号,人体工学,灰色,16*1*1,2,DQ44B,艾米,收货,上架
MoHc35MeBl,黑色 品牌09 350 鼠标（机械式）,鼠标,品牌09,350,机械式,黑色,16*10*1,89,BQ11G,亚历克斯,收货,上架
TVGL32S4Gr,灰色 品牌31 32英寸 电视机（超级超高清）,电视机,品牌31,32英寸,超级超高清,灰色,8*1*1,7,BO63G,克里斯,收货,上架
CaRG18FiBe,米色 品牌03 1800 文件柜（文件收纳）,文件柜,品牌03,1800,文件收纳,米色,8*1*1,6,AK47E,莎拉,收货,上架
LaSu15i7Bl,黑色 品牌11 15英寸 笔记本电脑（第7代处理器）,笔记本电脑,品牌11,15英寸,第7代处理器,黑色,16*1*1,1,DH16G,大卫,收货,上架
AlRe1732Bl,黑色 品牌14 17英寸 一体机（32吉字节内存）,一体机,品牌14,17英寸,32吉字节内存,黑色,16*1*1,11,CS77C,克里斯,收货,上架
AlPH14i5Gr,灰色 品牌12 14英寸 一体机（第5代处理器）,一体机,品牌12,14英寸,第5代处理器,灰色,16*1*1,15,AR30E,简,收货,上架
NoScA4liBl,黑色 品牌17 四号纸 笔记本（线条）,笔记本,品牌17,四号纸,线条,黑色,48*10*5,1908,AJ38A,克里斯,收货,上架
PeGi12WaGr,灰色 品牌21 12 铅笔（水彩）,铅笔,品牌21,12,水彩,灰色,48*10*5,1153,BP68A,亚历克斯,收货,上架
GaSESLeBl,黑色 品牌08 小号 游戏椅（皮革）,游戏椅,品牌08,小号,皮革,黑色,16*1*1,7,DP07G,简,收货,上架
DrWE90LoBe,米色 品牌02 900 抽屉柜（储物锁柜）,抽屉柜,品牌02,900,储物锁柜,米色,8*1*1,6,DI39B,简,收货,上架
TVGn42SFSi,银色 品牌30 42英寸 电视机（超级全高清）,电视机,品牌30,42英寸,超级全高清,银色,8*1*1,2,DO71F,迈克,收货,上架
TaCI10FrGr,灰色 品牌27 1000 桌子（框架式）,桌子,品牌27,1000,框架式,灰色,8*1*1,5,BJ97G,亚历克斯,收货,上架
MoRe45ErNa,藏青色 品牌10 450 鼠标（人体工学）,鼠标,品牌10,450,人体工学,藏青色,16*10*1,149,AO85D,克里斯,收货,上架
LaPH1532Bl,黑色 品牌12 15英寸 笔记本电脑（32吉字节内存）,笔记本电脑,品牌12,15英寸,32吉字节内存,黑色,16*1*1,12,AY88E,艾米,收货,上架
PrPHA3InGr,灰色 品牌12 三号纸 打印机（喷墨）,打印机,品牌12,三号纸,喷墨,灰色,16*1*1,1,DO70G,莎拉,收货,上架
TVEs42S4Wh,白色 品牌32 42英寸 电视机（超级超高清）,电视机,品牌32,42英寸,超级超高清,白色,8*1*1,8,AF46C,迈克,收货,上架
MoPH35BlWh,白色 品牌12 350 鼠标（蓝牙）,鼠标,品牌12,350,蓝牙,白色,16*10*1,135,AX52E,简,收货,上架
AlPH15i5Bl,黑色 品牌12 15英寸 一体机（第5代处理器）,一体机,品牌12,15英寸,第5代处理器,黑色,16*1*1,7,BZ60C,克里斯,收货,上架
CuWE18SlGr,灰色 品牌02 1800 储物柜（滑动式）,储物柜,品牌02,1800,滑动式,灰色,8*1*1,2,DJ46F,艾米,收货,上架
TVEs75SFGr,灰色 品牌32 75英寸 电视机（超级全高清）,电视机,品牌32,75英寸,超级全高清,灰色,8*1*1,3,BQ15E,亚历克斯,收货,上架
KeHc45ErBl,黑色 品牌09 450 键盘（人体工学）,键盘,品牌09,450,人体工学,黑色,16*10*1,153,BL38D,简,收货,上架
CuQE18DoGr,灰色 品牌01 1800 储物柜（带门式）,储物柜,品牌01,1800,带门式,灰色,8*1*1,4,CZ31A,简,收货,上架
SPRe50WaBl,黑色 品牌22 50 触控笔（水彩）,触控笔,品牌22,50,水彩,黑色,48*10*5,381,AP53G,迈克,收货,上架
MoRe45WiBl,黑色 品牌10 450 鼠标（有线）,鼠标,品牌10,450,有线,黑色,16*10*1,143,DU75D,莎拉,收货,上架
PrPHA4AlBl,黑色 品牌12 四号纸 打印机（一体式）,打印机,品牌12,四号纸,一体式,黑色,16*1*1,2,AR48E,迈克,收货,上架
MoPH35ErWh,白色 品牌12 350 鼠标（人体工学）,鼠标,品牌12,350,人体工学,白色,16*10*1,145,CN67A,简,收货,上架
AlSu1432Si,银色 品牌11 14英寸 一体机（32吉字节内存）,一体机,品牌11,14英寸,32吉字节内存,银色,16*1*1,3,BU09C,艾米,收货,上架
AlYn17i7Gr,灰色 品牌15 17英寸 一体机（第7代处理器）,一体机,品牌15,17英寸,第7代处理器,灰色,16*1*1,4,AS14F,艾米丽,收货,上架
LaRe1716Gr,灰色 品牌14 17英寸 笔记本电脑（16吉字节内存）,笔记本电脑,品牌14,17英寸,16吉字节内存,灰色,16*1*1,2,BM49C,迈克,收货,上架
TVGn65SFSi,银色 品牌30 65英寸 电视机（超级全高清）,电视机,品牌30,65英寸,超级全高清,银色,8*1*1,3,AY59A,劳拉,收货,上架
TaTR10AuGr,灰色 品牌29 1000 桌子（自动调节）,桌子,品牌29,1000,自动调节,灰色,8*1*1,1,BZ81E,劳拉,收货,上架
DrRG90FiWh,白色 品牌03 900 抽屉柜（文件收纳）,抽屉柜,品牌03,900,文件收纳,白色,8*1*1,7,DL23A,迈克,收货,上架
TVEs324KBl,黑色 品牌32 32英寸 电视机（超高清）,电视机,品牌32,32英寸,超高清,黑色,8*1*1,1,CM78H,莎拉,收货,上架
KeSu35ErPi,粉色 品牌11 350 键盘（人体工学）,键盘,品牌11,350,人体工学,粉色,16*10*1,67,BS63E,亚历克斯,收货,上架
KeRe35MePi,粉色 品牌10 350 键盘（机械式）,键盘,品牌10,350,机械式,粉色,16*10*1,61,CR18D,艾米丽,收货,上架
AlPH1516Si,银色 品牌12 15英寸 一体机（16吉字节内存）,一体机,品牌12,15英寸,16吉字节内存,银色,16*1*1,7,CT95E,克里斯,收货,上架
KePH45WiPi,粉色 品牌12 450 键盘（有线）,键盘,品牌12,450,有线,粉色,16*10*1,157,AG97A,约翰,收货,上架
PrPHA4LaMi,混合色 品牌12 四号纸 打印机（激光）,打印机,品牌12,四号纸,激光,混合色,16*1*1,4,DO51F,约翰,收货,上架
MoPH35ErPi,粉色 品牌12 350 鼠标（人体工学）,鼠标,品牌12,350,人体工学,粉色,16*10*1,23,CV68C,克里斯,收货,上架
PrSoA3AlBl,黑色 品牌25 三号纸 打印机（一体式）,打印机,品牌25,三号纸,一体式,黑色,16*1*1,4,AL29G,劳拉,收货,上架
DrQE90SlBl,黑色 品牌01 900 抽屉柜（滑动式）,抽屉柜,品牌01,900,滑动式,黑色,8*1*1,4,CT95H,莎拉,收货,上架
CaRG90DoWh,白色 品牌03 900 文件柜（带门式）,文件柜,品牌03,900,带门式,白色,8*1*1,2,AR95E,艾米丽,收货,上架
PrReA4AlBl,黑色 品牌24 四号纸 打印机（一体式）,打印机,品牌24,四号纸,一体式,黑色,16*1*1,4,BX37B,克里斯,收货,上架
PrReA3LaMi,混合色 品牌24 三号纸 打印机（激光）,打印机,品牌24,三号纸,激光,混合色,16*1*1,5,CJ46D,克里斯,收货,上架
DrQE90DoGr,灰色 品牌01 900 抽屉柜（带门式）,抽屉柜,品牌01,900,带门式,灰色,8*1*1,3,CO14H,劳拉,收货,上架
TVYn42FHGr,灰色 品牌15 42英寸 电视机（全高清）,电视机,品牌15,42英寸,全高清,灰色,8*1*1,6,AQ18E,艾米,收货,上架
CaTE12FiBe,米色 品牌04 1200 文件柜（文件收纳）,文件柜,品牌04,1200,文件收纳,米色,8*1*1,7,CJ91H,简,收货,上架
CaTE90SlGr,灰色 品牌04 900 文件柜（滑动式）,文件柜,品牌04,900,滑动式,灰色,8*1*1,4,DZ74D,迈克,收货,上架
DrRG90FiBl,黑色 品牌03 900 抽屉柜（文件收纳）,抽屉柜,品牌03,900,文件收纳,黑色,8*1*1,5,AY02H,迈克,收货,上架
PeAl50HePi,粉色 品牌20 50 铅笔（六角形）,铅笔,品牌20,50,六角形,粉色,48*10*5,1540,DU52C,克里斯,收货,上架
TVGL50SFGr,灰色 品牌31 50英寸 电视机（超级全高清）,电视机,品牌31,50英寸,超级全高清,灰色,8*1*1,1,CS40G,劳拉,收货,上架
GaAESHeBl,黑色 品牌05 小号 游戏椅（头枕）,游戏椅,品牌05,小号,头枕,黑色,16*1*1,2,AO13G,简,收货,上架
MoHc35WiBl,黑色 品牌09 350 鼠标（有线）,鼠标,品牌09,350,有线,黑色,16*10*1,89,DT28H,大卫,收货,上架
TVYn50FHBl,黑色 品牌15 50英寸 电视机（全高清）,电视机,品牌15,50英寸,全高清,黑色,8*1*1,6,DF01F,亚历克斯,收货,上架
CuRG90LoBl,黑色 品牌03 900 储物柜（储物锁柜）,储物柜,品牌03,900,储物锁柜,黑色,8*1*1,5,AL68E,艾米丽,收货,上架
TVEs754KBl,黑色 品牌32 75英寸 电视机（超高清）,电视机,品牌32,75英寸,超高清,黑色,8*1*1,5,CP14F,艾米丽,收货,上架
CaWE90SlGr,灰色 品牌02 900 文件柜（滑动式）,文件柜,品牌02,900,滑动式,灰色,8*1*1,8,CL62D,艾米丽,收货,上架
DrQE18FiGr,灰色 品牌01 1800 抽屉柜（文件收纳）,抽屉柜,品牌01,1800,文件收纳,灰色,8*1*1,6,DP07B,克里斯,收货,上架
LaYn178GBl,黑色 品牌15 17英寸 笔记本电脑（8吉字节内存）,笔记本电脑,品牌15,17英寸,8吉字节内存,黑色,16*1*1,16,BJ03D,迈克,收货,上架
LaSu158GBl,黑色 品牌11 15英寸 笔记本电脑（8吉字节内存）,笔记本电脑,品牌11,15英寸,8吉字节内存,黑色,16*1*1,15,AM77H,约翰,收货,上架
SPGi50SoGr,灰色 品牌21 50 触控笔（可溶性）,触控笔,品牌21,50,可溶性,灰色,48*10*5,1385,AW62D,亚历克斯,收货,上架
MoSu45BlBl,黑色 品牌11 450 鼠标（蓝牙）,鼠标,品牌11,450,蓝牙,黑色,16*10*1,56,BL95A,艾米丽,收货,上架
PrNoA4InBl,黑色 品牌26 四号纸 打印机（喷墨）,打印机,品牌26,四号纸,喷墨,黑色,16*1*1,5,CP90F,亚历克斯,收货,上架
PeNa24HeBl,黑色 品牌23 24 铅笔（六角形）,铅笔,品牌23,24,六角形,黑色,48*10*5,54,AI77B,克里斯,收货,上架
LaYn158GBl,黑色 品牌15 15英寸 笔记本电脑（8吉字节内存）,笔记本电脑,品牌15,15英寸,8吉字节内存,黑色,16*1*1,16,DJ11B,艾米,收货,上架
DrTE12FiGr,灰色 品牌04 1200 抽屉柜（文件收纳）,抽屉柜,品牌04,1200,文件收纳,灰色,8*1*1,8,BT73D,约翰,收货,上架
PeAl12HePi,粉色 品牌20 12 铅笔（六角形）,铅笔,品牌20,12,六角形,粉色,48*10*5,1738,AS35H,迈克,收货,上架
OfOGLLeBl,黑色 品牌07 大号 办公椅（皮革）,办公椅,品牌07,大号,皮革,黑色,16*1*1,11,CU86G,克里斯,收货,上架
LaPH148GGr,灰色 品牌12 14英寸 笔记本电脑（8吉字节内存）,笔记本电脑,品牌12,14英寸,8吉字节内存,灰色,16*1*1,14,CK53E,莎拉,收货,上架
PrPHA2InMi,混合色 品牌12 二号纸 打印机（喷墨）,打印机,品牌12,二号纸,喷墨,混合色,16*1*1,13,BS52B,约翰,收货,上架
AlOv15i7Si,银色 品牌13 15英寸 一体机（第7代处理器）,一体机,品牌13,15英寸,第7代处理器,银色,16*1*1,8,AX52D,劳拉,收货,上架
OfOGLLeGr,灰色 品牌07 大号 办公椅（皮革）,办公椅,品牌07,大号,皮革,灰色,16*1*1,7,BX72D,劳拉,收货,上架
TVGn42SFSi,银色 品牌30 42英寸 电视机（超级全高清）,电视机,品牌30,42英寸,超级全高清,银色,8*1*1,6,CR87D,艾米丽,收货,上架
TaAE10WoBl,黑色 品牌05 1000 桌子（工作站）,桌子,品牌05,1000,工作站,黑色,8*1*1,3,CN70F,艾米丽,收货,上架
PrSoA3MoWh,白色 品牌25 三号纸 打印机（黑白）,打印机,品牌25,三号纸,黑白,白色,16*1*1,3,DL23C,迈克,收货,上架
SPNa50HeWh,白色 品牌23 50 触控笔（六角形）,触控笔,品牌23,50,六角形,白色,48*10*5,2012,CS32C,迈克,收货,上架
OfXESAdWh,白色 品牌06 小号 办公椅（可调节）,办公椅,品牌06,小号,可调节,白色,16*1*1,2,AU24A,艾米,收货,上架
CuTE12DoGr,灰色 品牌04 1200 储物柜（带门式）,储物柜,品牌04,1200,带门式,灰色,8*1*1,7,AK04C,克里斯,收货,上架
MoSu27BlBl,黑色 品牌11 270 鼠标（蓝牙）,鼠标,品牌11,270,蓝牙,黑色,16*10*1,58,DH83E,艾米,收货,上架
SPGi50HeWh,白色 品牌21 50 触控笔（六角形）,触控笔,品牌21,50,六角形,白色,48*10*5,408,BK31C,简,收货,上架
KeSu27WiWh,白色 品牌11 270 键盘（有线）,键盘,品牌11,270,有线,白色,16*10*1,139,CI68D,大卫,收货,上架
TaTR10AdWh,白色 品牌28 1000 桌子（可调节）,桌子,品牌28,1000,可调节,白色,8*1*1,6,BF13E,克里斯,收货,上架
DrQE90LoBe,米色 品牌01 900 抽屉柜（储物锁柜）,抽屉柜,品牌01,900,储物锁柜,米色,8*1*1,3,DM65B,莎拉,收货,上架
CaWE90DoBe,米色 品牌02 900 文件柜（带门式）,文件柜,品牌02,900,带门式,米色,8*1*1,4,BO11F,劳拉,收货,上架
SPRe50WaPi,粉色 品牌22 50 触控笔（水彩）,触控笔,品牌22,50,水彩,粉色,48*10*5,2075,AX48A,劳拉,收货,上架
TVEs32FHWh,白色 品牌32 32英寸 电视机（全高清）,电视机,品牌32,32英寸,全高清,白色,8*1*1,8,CP10D,莎拉,收货,上架
LaSu17i7Gr,灰色 品牌11 17英寸 笔记本电脑（第7代处理器）,笔记本电脑,品牌11,17英寸,第7代处理器,灰色,16*1*1,11,CX72E,莎拉,收货,上架
AlSu14i5Gr,灰色 品牌11 14英寸 一体机（第5代处理器）,一体机,品牌11,14英寸,第5代处理器,灰色,16*1*1,4,CF32D,亚历克斯,收货,上架
CuRG18SlWh,白色 品牌03 1800 储物柜（滑动式）,储物柜,品牌03,1800,滑动式,白色,8*1*1,4,DT98G,亚历克斯,收货,上架
MoRe35BlNa,藏青色 品牌10 350 鼠标（蓝牙）,鼠标,品牌10,350,蓝牙,藏青色,16*10*1,149,BL41G,亚历克斯,收货,上架
MoRe35WiPi,粉色 品牌10 350 鼠标（有线）,鼠标,品牌10,350,有线,粉色,16*10*1,109,AO28D,艾米丽,收货,上架
TaTR15WoSi,银色 品牌29 1500 桌子（工作站）,桌子,品牌29,1500,工作站,银色,8*1*1,2,DG55E,大卫,收货,上架
DrWE18FiBe,米色 品牌02 1800 抽屉柜（文件收纳）,抽屉柜,品牌02,1800,文件收纳,米色,8*1*1,3,DU84A,大卫,收货,上架
TaTR15AdSi,银色 品牌28 1500 桌子（可调节）,桌子,品牌28,1500,可调节,银色,8*1*1,6,CI47B,大卫,收货,上架
GaAEMHePi,粉色 品牌05 中号 游戏椅（头枕）,游戏椅,品牌05,中号,头枕,粉色,16*1*1,9,DK93E,亚历克斯,收货,上架
PeAl12WaWh,白色 品牌20 12 铅笔（水彩）,铅笔,品牌20,12,水彩,白色,48*10*5,1797,CZ36G,约翰,收货,上架
MoRe45BlWh,白色 品牌10 450 鼠标（蓝牙）,鼠标,品牌10,450,蓝牙,白色,16*10*1,101,CS01G,劳拉,收货,上架
PeAl24WaGr,灰色 品牌20 24 铅笔（水彩）,铅笔,品牌20,24,水彩,灰色,48*10*5,243,AS52B,克里斯,收货,上架
KeSu45BlBl,黑色 品牌11 450 键盘（蓝牙）,键盘,品牌11,450,蓝牙,黑色,16*10*1,27,AY69H,大卫,收货,上架
GaAESHeGr,灰色 品牌05 小号 游戏椅（头枕）,游戏椅,品牌05,小号,头枕,灰色,16*1*1,14,AZ85C,莎拉,收货,上架
TaTR10AdBl,黑色 品牌28 1000 桌子（可调节）,桌子,品牌28,1000,可调节,黑色,8*1*1,7,BQ83E,莎拉,收货,上架
LaOv148GGr,灰色 品牌13 14英寸 笔记本电脑（8吉字节内存）,笔记本电脑,品牌13,14英寸,8吉字节内存,灰色,16*1*1,14,CI90F,亚历克斯,收货,上架
NoGrA3ruWh,白色 品牌18 三号纸 笔记本（横线）,笔记本,品牌18,三号纸,横线,白色,48*10*5,476,BI27F,劳拉,收货,上架
LaRe15i7Wh,白色 品牌14 15英寸 笔记本电脑（第7代处理器）,笔记本电脑,品牌14,15英寸,第7代处理器,白色,16*1*1,6,DM16H,大卫,收货,上架
AlSu15i7Si,银色 品牌11 15英寸 一体机（第7代处理器）,一体机,品牌11,15英寸,第7代处理器,银色,16*1*1,2,BH17H,克里斯,收货,上架
AlRe178GWh,白色 品牌14 17英寸 一体机（8吉字节内存）,一体机,品牌14,17英寸,8吉字节内存,白色,16*1*1,13,CF85D,劳拉,收货,上架
TVEs65FHGr,灰色 品牌32 65英寸 电视机（全高清）,电视机,品牌32,65英寸,全高清,灰色,8*1*1,3,BV64F,迈克,收货,上架
TVGL75SFBl,黑色 品牌31 75英寸 电视机（超级全高清）,电视机,品牌31,75英寸,超级全高清,黑色,8*1*1,2,DQ67F,亚历克斯,收货,上架
NoExA4liGr,灰色 品牌16 四号纸 笔记本（线条）,笔记本,品牌16,四号纸,线条,灰色,48*10*5,707,BI05A,艾米,收货,上架
AlPH17i7Gr,灰色 品牌12 17英寸 一体机（第7代处理器）,一体机,品牌12,17英寸,第7代处理器,灰色,16*1*1,9,AV96E,莎拉,收货,上架
KePH45ErNa,藏青色 品牌12 450 键盘（人体工学）,键盘,品牌12,450,人体工学,藏青色,16*10*1,141,AY46C,迈克,收货,上架
AlPH1732Bl,黑色 品牌12 17英寸 一体机（32吉字节内存）,一体机,品牌12,17英寸,32吉字节内存,黑色,16*1*1,13,AF11E,艾米,收货,上架
PrSoA3MoWh,白色 品牌25 三号纸 打印机（黑白）,打印机,品牌25,三号纸,黑白,白色,16*1*1,11,BG70G,劳拉,收货,上架
NoMuA3liGr,灰色 品牌19 三号纸 笔记本（线条）,笔记本,品牌19,三号纸,线条,灰色,48*10*5,137,DW35F,艾米,收货,上架
AlSu1716Wh,白色 品牌11 17英寸 一体机（16吉字节内存）,一体机,品牌11,17英寸,16吉字节内存,白色,16*1*1,15,CH53D,约翰,收货,上架
AlRe15i7Wh,白色 品牌14 15英寸 一体机（第7代处理器）,一体机,品牌14,15英寸,第7代处理器,白色,16*1*1,15,BV45G,克里斯,收货,上架
GaSEMHeBl,黑色 品牌08 中号 游戏椅（头枕）,游戏椅,品牌08,中号,头枕,黑色,16*1*1,7,DV69A,大卫,收货,上架
PeNa50HeGr,灰色 品牌23 50 铅笔（六角形）,铅笔,品牌23,50,六角形,灰色,48*10*5,1907,CL52G,劳拉,收货,上架
NoScA5liWh,白色 品牌17 五号纸 笔记本（线条）,笔记本,品牌17,五号纸,线条,白色,48*10*5,1129,BU58B,迈克,收货,上架
CuTE18LoGr,灰色 品牌04 1800 储物柜（储物锁柜）,储物柜,品牌04,1800,储物锁柜,灰色,8*1*1,2,AI35B,劳拉,收货,上架
CuTE18SlWh,白色 品牌04 1800 储物柜（滑动式）,储物柜,品牌04,1800,滑动式,白色,8*1*1,7,BR23A,艾米,收货,上架
AlSu17i5Bl,黑色 品牌11 17英寸 一体机（第5代处理器）,一体机,品牌11,17英寸,第5代处理器,黑色,16*1*1,4,DJ06D,迈克,收货,上架
TVGL32SFSi,银色 品牌31 32英寸 电视机（超级全高清）,电视机,品牌31,32英寸,超级全高清,银色,8*1*1,4,CZ94A,简,收货,上架
CuTE18LoWh,白色 品牌04 1800 储物柜（储物锁柜）,储物柜,品牌04,1800,储物锁柜,白色,8*1*1,5,CV19H,亚历克斯,收货,上架
KeRe35WiWh,白色 品牌10 350 键盘（有线）,键盘,品牌10,350,有线,白色,16*10*1,51,DV91H,简,收货,上架
TaTR15FrGr,灰色 品牌28 1500 桌子（框架式）,桌子,品牌28,1500,框架式,灰色,8*1*1,7,BY51C,简,收货,上架
TVGL75FHBl,黑色 品牌31 75英寸 电视机（全高清）,电视机,品牌31,75英寸,全高清,黑色,8*1*1,6,AT82A,约翰,收货,上架
AlRe17i5Wh,白色 品牌14 17英寸 一体机（第5代处理器）,一体机,品牌14,17英寸,第5代处理器,白色,16*1*1,15,CP84C,劳拉,收货,上架
PrSoA4LaBl,黑色 品牌25 四号纸 打印机（激光）,打印机,品牌25,四号纸,激光,黑色,16*1*1,8,DU70B,大卫,收货,上架
OfAESErGr,灰色 品牌05 小号 办公椅（人体工学）,办公椅,品牌05,小号,人体工学,灰色,16*1*1,6,AV20F,克里斯,收货,上架
PrSoA4MoMi,混合色 品牌25 四号纸 打印机（黑白）,打印机,品牌25,四号纸,黑白,混合色,16*1*1,14,CG44E,约翰,收货,上架
KeSu27ErPi,粉色 品牌11 270 键盘（人体工学）,键盘,品牌11,270,人体工学,粉色,16*10*1,143,AJ32A,劳拉,收货,上架
PeGi12SoBl,黑色 品牌21 12 铅笔（可溶性）,铅笔,品牌21,12,可溶性,黑色,48*10*5,786,BU42B,艾米丽,收货,上架
TVGn50SFBl,黑色 品牌30 50英寸 电视机（超级全高清）,电视机,品牌30,50英寸,超级全高清,黑色,8*1*1,2,CY54G,克里斯,收货,上架
TaTR10WoBl,黑色 品牌29 1000 桌子（工作站）,桌子,品牌29,1000,工作站,黑色,8*1*1,4,AF71H,大卫,收货,上架
PrSoA3AlBl,黑色 品牌25 三号纸 打印机（一体式）,打印机,品牌25,三号纸,一体式,黑色,16*1*1,1,CN47G,克里斯,收货,上架
TaTR10AuBl,黑色 品牌29 1000 桌子（自动调节）,桌子,品牌29,1000,自动调节,黑色,8*1*1,7,BT92B,克里斯,收货,上架
CaWE18SlBl,黑色 品牌02 1800 文件柜（滑动式）,文件柜,品牌02,1800,滑动式,黑色,8*1*1,1,AP36F,克里斯,收货,上架
NoExA5doBl,黑色 品牌16 五号纸 笔记本（点阵）,笔记本,品牌16,五号纸,点阵,黑色,48*10*5,1663,AX57H,亚历克斯,收货,上架
MoSu45MePi,粉色 品牌11 450 鼠标（机械式）,鼠标,品牌11,450,机械式,粉色,16*10*1,74,AJ35H,简,收货,上架
TaCI15AuWh,白色 品牌27 1500 桌子（自动调节）,桌子,品牌27,1500,自动调节,白色,8*1*1,1,BX29H,艾米丽,收货,上架
PrPHA4WiMi,混合色 品牌12 四号纸 打印机（无线网络）,打印机,品牌12,四号纸,无线网络,混合色,16*1*1,14,AN46D,莎拉,收货,上架
GaXELHeBl,黑色 品牌06 大号 游戏椅（头枕）,游戏椅,品牌06,大号,头枕,黑色,16*1*1,9,CF78E,简,收货,上架
PrReA3WiGr,灰色 品牌24 三号纸 打印机（无线网络）,打印机,品牌24,三号纸,无线网络,灰色,16*1*1,5,DU25H,简,收货,上架
TVGL32SFBl,黑色 品牌31 32英寸 电视机（超级全高清）,电视机,品牌31,32英寸,超级全高清,黑色,8*1*1,2,BV45C,简,收货,上架
KePH45ErPi,粉色 品牌12 450 键盘（人体工学）,键盘,品牌12,450,人体工学,粉色,16*10*1,9,AN58C,克里斯,收货,上架
CuQE12FiGr,灰色 品牌01 1200 储物柜（文件收纳）,储物柜,品牌01,1200,文件收纳,灰色,8*1*1,8,DJ57F,亚历克斯,收货,上架
KePH27WiWh,白色 品牌12 270 键盘（有线）,键盘,品牌12,270,有线,白色,16*10*1,102,AO68E,艾米,收货,上架
LaYn14i7Bl,黑色 品牌15 14英寸 笔记本电脑（第7代处理器）,笔记本电脑,品牌15,14英寸,第7代处理器,黑色,16*1*1,1,BQ65C,迈克,收货,上架
PeNa24HeBl,黑色 品牌23 24 铅笔（六角形）,铅笔,品牌23,24,六角形,黑色,48*10*5,1966,BV53F,迈克,收货,上架
DrTE18LoBl,黑色 品牌04 1800 抽屉柜（储物锁柜）,抽屉柜,品牌04,1800,储物锁柜,黑色,8*1*1,8,AH23A,莎拉,收货,上架
PrReA2AlMi,混合色 品牌24 二号纸 打印机（一体式）,打印机,品牌24,二号纸,一体式,混合色,16*1*1,16,CQ86A,迈克,收货,上架
TaTR10WoBl,黑色 品牌29 1000 桌子（工作站）,桌子,品牌29,1000,工作站,黑色,8*1*1,7,CW26A,迈克,收货,上架
NoExA5doGr,灰色 品牌16 五号纸 笔记本（点阵）,笔记本,品牌16,五号纸,点阵,灰色,48*10*5,616,DT59E,大卫,收货,上架
DrTE18DoWh,白色 品牌04 1800 抽屉柜（带门式）,抽屉柜,品牌04,1800,带门式,白色,8*1*1,7,DL82A,艾米丽,收货,上架
MoPH35ErBl,黑色 品牌12 350 鼠标（人体工学）,鼠标,品牌12,350,人体工学,黑色,16*10*1,66,CU06E,大卫,收货,上架
PeAl24HeWh,白色 品牌20 24 铅笔（六角形）,铅笔,品牌20,24,六角形,白色,48*10*5,862,BI46H,克里斯,收货,上架
LaOv14i7Bl,黑色 品牌13 14英寸 笔记本电脑（第7代处理器）,笔记本电脑,品牌13,14英寸,第7代处理器,黑色,16*1*1,14,BP03D,莎拉,收货,上架
PrNoA4LaWh,白色 品牌26 四号纸 打印机（激光）,打印机,品牌26,四号纸,激光,白色,16*1*1,5,CX32C,迈克,收货,上架
DrTE90FiWh,白色 品牌04 900 抽屉柜（文件收纳）,抽屉柜,品牌04,900,文件收纳,白色,8*1*1,3,CH46B,劳拉,收货,上架
PeNa12SoGr,灰色 品牌23 12 铅笔（可溶性）,铅笔,品牌23,12,可溶性,灰色,48*10*5,268,BT49B,约翰,收货,上架
TVYn42S4Bl,黑色 品牌15 42英寸 电视机（超级超高清）,电视机,品牌15,42英寸,超级超高清,黑色,8*1*1,1,CQ51A,艾米,收货,上架
TVEs50S4Si,银色 品牌32 50英寸 电视机（超级超高清）,电视机,品牌32,50英寸,超级超高清,银色,8*1*1,3,BU07C,劳拉,收货,上架
MoHc27BlWh,白色 品牌09 270 鼠标（蓝牙）,鼠标,品牌09,270,蓝牙,白色,16*10*1,48,DJ60E,大卫,收货,上架
TVGL424KWh,白色 品牌31 42英寸 电视机（超高清）,电视机,品牌31,42英寸,超高清,白色,8*1*1,1,DR43E,简,收货,上架
GaXELErWh,白色 品牌06 大号 游戏椅（人体工学）,游戏椅,品牌06,大号,人体工学,白色,16*1*1,15,DG12G,迈克,收货,上架
PrSoA3MoMi,混合色 品牌25 三号纸 打印机（黑白）,打印机,品牌25,三号纸,黑白,混合色,16*1*1,4,CR42F,大卫,收货,上架
TVYn32S4Gr,灰色 品牌15 32英寸 电视机（超级超高清）,电视机,品牌15,32英寸,超级超高清,灰色,8*1*1,4,DM87F,艾米丽,收货,上架
OfXEMErPi,粉色 品牌06 中号 办公椅（人体工学）,办公椅,品牌06,中号,人体工学,粉色,16*1*1,7,AX45B,迈克,收货,上架
CaWE18FiWh,白色 品牌02 1800 文件柜（文件收纳）,文件柜,品牌02,1800,文件收纳,白色,8*1*1,7,AJ49A,简,收货,上架
TaAE15AuSi,银色 品牌05 1500 桌子（自动调节）,桌子,品牌05,1500,自动调节,银色,8*1*1,3,DF75F,约翰,收货,上架
OfXEMAdGr,灰色 品牌06 中号 办公椅（可调节）,办公椅,品牌06,中号,可调节,灰色,16*1*1,8,CV13D,艾米,收货,上架
KePH27ErPi,粉色 品牌12 270 键盘（人体工学）,键盘,品牌12,270,人体工学,粉色,16*10*1,62,DZ49H,简,收货,上架
TaTR18WoWh,白色 品牌29 1800 桌子（工作站）,桌子,品牌29,1800,工作站,白色,8*1*1,1,AK26D,简,收货,上架
PrSoA2AlBl,黑色 品牌25 二号纸 打印机（一体式）,打印机,品牌25,二号纸,一体式,黑色,16*1*1,7,BV90B,大卫,收货,上架
NoMuA3ruWh,白色 品牌19 三号纸 笔记本（横线）,笔记本,品牌19,三号纸,横线,白色,48*10*5,2147,CT30E,莎拉,收货,上架
AlOv158GGr,灰色 品牌13 15英寸 一体机（8吉字节内存）,一体机,品牌13,15英寸,8吉字节内存,灰色,16*1*1,10,CK94C,克里斯,收货,上架
GaOGMAdGr,灰色 品牌07 中号 游戏椅（可调节）,游戏椅,品牌07,中号,可调节,灰色,16*1*1,3,AG37D,莎拉,收货,上架
AlPH1716Si,银色 品牌12 17英寸 一体机（16吉字节内存）,一体机,品牌12,17英寸,16吉字节内存,银色,16*1*1,13,CG39G,约翰,收货,上架
TVYn424KWh,白色 品牌15 42英寸 电视机（超高清）,电视机,品牌15,42英寸,超高清,白色,8*1*1,3,AZ57F,莎拉,收货,上架
MoHc35BlWh,白色 品牌09 350 鼠标（蓝牙）,鼠标,品牌09,350,蓝牙,白色,16*10*1,108,CP17D,亚历克斯,收货,上架
CaQE18SlGr,灰色 品牌01 1800 文件柜（滑动式）,文件柜,品牌01,1800,滑动式,灰色,8*1*1,2,AT05H,迈克,收货,上架
DrTE18DoWh,白色 品牌04 1800 抽屉柜（带门式）,抽屉柜,品牌04,1800,带门式,白色,8*1*1,1,BS66A,艾米,收货,上架
NoScA4liSi,银色 品牌17 四号纸 笔记本（线条）,笔记本,品牌17,四号纸,线条,银色,48*10*5,1499,AK36A,艾米,收货,上架
OfSELAdPi,粉色 品牌08 大号 办公椅（可调节）,办公椅,品牌08,大号,可调节,粉色,16*1*1,11,CY08E,艾米,收货,上架
NoExA4ruBl,黑色 品牌16 四号纸 笔记本（横线）,笔记本,品牌16,四号纸,横线,黑色,48*10*5,1000,BX65H,艾米,收货,上架
PrSoA3WiWh,白色 品牌25 三号纸 打印机（无线网络）,打印机,品牌25,三号纸,无线网络,白色,16*1*1,10,DJ55E,简,收货,上架
LaSu14i7Gr,灰色 品牌11 14英寸 笔记本电脑（第7代处理器）,笔记本电脑,品牌11,14英寸,第7代处理器,灰色,16*1*1,14,AZ38A,迈克,收货,上架
CaTE90SlGr,灰色 品牌04 900 文件柜（滑动式）,文件柜,品牌04,900,滑动式,灰色,8*1*1,3,DF46D,艾米丽,收货,上架
SPAl12SoBl,黑色 品牌20 12 触控笔（可溶性）,触控笔,品牌20,12,可溶性,黑色,48*10*5,1975,CL55F,亚历克斯,收货,上架
TVGn32S4Bl,黑色 品牌30 32英寸 电视机（超级超高清）,电视机,品牌30,32英寸,超级超高清,黑色,8*1*1,3,BS68A,克里斯,收货,上架
PeGi24WaBl,黑色 品牌21 24 铅笔（水彩）,铅笔,品牌21,24,水彩,黑色,48*10*5,817,BV10C,克里斯,收货,上架
TaTR15AdBl,黑色 品牌29 1500 桌子（可调节）,桌子,品牌29,1500,可调节,黑色,8*1*1,1,CS64A,克里斯,收货,上架
CaWE18LoWh,白色 品牌02 1800 文件柜（储物锁柜）,文件柜,品牌02,1800,储物锁柜,白色,8*1*1,1,AU81F,简,收货,上架
MoPH35BlPi,粉色 品牌12 350 鼠标（蓝牙）,鼠标,品牌12,350,蓝牙,粉色,16*10*1,29,BM82B,艾米,收货,上架
CaWE18FiBe,米色 品牌02 1800 文件柜（文件收纳）,文件柜,品牌02,1800,文件收纳,米色,8*1*1,1,CJ98A,简,收货,上架
MoPH35MeNa,藏青色 品牌12 350 鼠标（机械式）,鼠标,品牌12,350,机械式,藏青色,16*10*1,152,DG16E,约翰,收货,上架
TVGL324KGr,灰色 品牌31 32英寸 电视机（超高清）,电视机,品牌31,32英寸,超高清,灰色,8*1*1,7,DR20E,艾米丽,收货,上架
CuRG90FiWh,白色 品牌03 900 储物柜（文件收纳）,储物柜,品牌03,900,文件收纳,白色,8*1*1,5,DM63E,迈克,收货,上架
CaWE18FiGr,灰色 品牌02 1800 文件柜（文件收纳）,文件柜,品牌02,1800,文件收纳,灰色,8*1*1,4,CW88F,艾米丽,收货,上架
MoPH27WiPi,粉色 品牌12 270 鼠标（有线）,鼠标,品牌12,270,有线,粉色,16*10*1,121,CM14F,简,收货,上架
TaAE15WoWh,白色 品牌05 1500 桌子（工作站）,桌子,品牌05,1500,工作站,白色,8*1*1,5,CQ40H,艾米丽,收货,上架
TaTR18FrSi,银色 品牌29 1800 桌子（框架式）,桌子,品牌29,1800,框架式,银色,8*1*1,3,CU38E,劳拉,收货,上架
SPRe24SoBl,黑色 品牌22 24 触控笔（可溶性）,触控笔,品牌22,24,可溶性,黑色,48*10*5,1343,BJ83F,大卫,收货,上架
DrTE90SlGr,灰色 品牌04 900 抽屉柜（滑动式）,抽屉柜,品牌04,900,滑动式,灰色,8*1*1,7,CL60D,克里斯,收货,上架
LaOv14i5Gr,灰色 品牌13 14英寸 笔记本电脑（第5代处理器）,笔记本电脑,品牌13,14英寸,第5代处理器,灰色,16*1*1,6,AO59A,约翰,收货,上架
LaPH158GGr,灰色 品牌12 15英寸 笔记本电脑（8吉字节内存）,笔记本电脑,品牌12,15英寸,8吉字节内存,灰色,16*1*1,1,CQ77G,亚历克斯,收货,上架
SPGi50WaGr,灰色 品牌21 50 触控笔（水彩）,触控笔,品牌21,50,水彩,灰色,48*10*5,748,BZ69G,迈克,收货,上架
CaQE90FiBl,黑色 品牌01 900 文件柜（文件收纳）,文件柜,品牌01,900,文件收纳,黑色,8*1*1,6,DQ69A,劳拉,收货,上架
AlSu17i7Bl,黑色 品牌11 17英寸 一体机（第7代处理器）,一体机,品牌11,17英寸,第7代处理器,黑色,16*1*1,6,AV71A,艾米丽,收货,上架
PrNoA2WiBl,黑色 品牌26 二号纸 打印机（无线网络）,打印机,品牌26,二号纸,无线网络,黑色,16*1*1,13,BK84D,迈克,收货,上架
CaWE90SlWh,白色 品牌02 900 文件柜（滑动式）,文件柜,品牌02,900,滑动式,白色,8*1*1,2,BF33D,克里斯,收货,上架
PrNoA4WiBl,黑色 品牌26 四号纸 打印机（无线网络）,打印机,品牌26,四号纸,无线网络,黑色,16*1*1,4,DG38G,大卫,收货,上架
TVEs50SFGr,灰色 品牌32 50英寸 电视机（超级全高清）,电视机,品牌32,50英寸,超级全高清,灰色,8*1*1,1,AV89D,大卫,收货,上架
TaCI15AuBl,黑色 品牌27 1500 桌子（自动调节）,桌子,品牌27,1500,自动调节,黑色,8*1*1,7,CI33D,艾米丽,收货,上架
KePH45ErNa,藏青色 品牌12 450 键盘（人体工学）,键盘,品牌12,450,人体工学,藏青色,16*10*1,140,CU25H,艾米丽,收货,上架
MoPH45BlWh,白色 品牌12 450 鼠标（蓝牙）,鼠标,品牌12,450,蓝牙,白色,16*10*1,21,DN21D,大卫,收货,上架
NoExA3liGr,灰色 品牌16 三号纸 笔记本（线条）,笔记本,品牌16,三号纸,线条,灰色,48*10*5,1227,AU43H,劳拉,收货,上架
CuWE90FiBe,米色 品牌02 900 储物柜（文件收纳）,储物柜,品牌02,900,文件收纳,米色,8*1*1,1,AI91H,约翰,收货,上架
TVGL65FHWh,白色 品牌31 65英寸 电视机（全高清）,电视机,品牌31,65英寸,全高清,白色,8*1*1,1,DJ70A,艾米,收货,上架
PrReA4WiGr,灰色 品牌24 四号纸 打印机（无线网络）,打印机,品牌24,四号纸,无线网络,灰色,16*1*1,12,DG71B,劳拉,收货,上架
AlYn178GBl,黑色 品牌15 17英寸 一体机（8吉字节内存）,一体机,品牌15,17英寸,8吉字节内存,黑色,16*1*1,8,BV07C,约翰,收货,上架
TVGL42FHSi,银色 品牌31 42英寸 电视机（全高清）,电视机,品牌31,42英寸,全高清,银色,8*1*1,7,AP24C,亚历克斯,收货,上架
PrNoA3WiMi,混合色 品牌26 三号纸 打印机（无线网络）,打印机,品牌26,三号纸,无线网络,混合色,16*1*1,8,AU88E,简,收货,上架
CuRG90DoBe,米色 品牌03 900 储物柜（带门式）,储物柜,品牌03,900,带门式,米色,8*1*1,6,CX64B,克里斯,收货,上架
TaTR10AdSi,银色 品牌28 1000 桌子（可调节）,桌子,品牌28,1000,可调节,银色,8*1*1,3,AV14A,大卫,收货,上架
CaQE90SlBe,米色 品牌01 900 文件柜（滑动式）,文件柜,品牌01,900,滑动式,米色,8*1*1,5,CG53D,迈克,收货,上架
AlPH15i5Si,银色 品牌12 15英寸 一体机（第5代处理器）,一体机,品牌12,15英寸,第5代处理器,银色,16*1*1,2,CM59A,艾米丽,收货,上架
PeGi24WaBl,黑色 品牌21 24 铅笔（水彩）,铅笔,品牌21,24,水彩,黑色,48*10*5,143,AX79G,莎拉,收货,上架
KeRe27BlNa,藏青色 品牌10 270 键盘（蓝牙）,键盘,品牌10,270,蓝牙,藏青色,16*10*1,154,AK39B,艾米丽,收货,上架
SPRe50WaGr,灰色 品牌22 50 触控笔（水彩）,触控笔,品牌22,50,水彩,灰色,48*10*5,1340,AT51D,迈克,收货,上架
OfAEMLeBl,黑色 品牌05 中号 办公椅（皮革）,办公椅,品牌05,中号,皮革,黑色,16*1*1,9,CY82C,劳拉,收货,上架
MoRe45ErPi,粉色 品牌10 450 鼠标（人体工学）,鼠标,品牌10,450,人体工学,粉色,16*10*1,16,AS04F,约翰,收货,上架
AlYn148GWh,白色 品牌15 14英寸 一体机（8吉字节内存）,一体机,品牌15,14英寸,8吉字节内存,白色,16*1*1,1,AK19A,亚历克斯,收货,上架
CaWE90DoBe,米色 品牌02 900 文件柜（带门式）,文件柜,品牌02,900,带门式,米色,8*1*1,4,DM54C,大卫,收货,上架
PrPHA4InBl,黑色 品牌12 四号纸 打印机（喷墨）,打印机,品牌12,四号纸,喷墨,黑色,16*1*1,14,DO29D,迈克,收货,上架
PrReA4InWh,白色 品牌24 四号纸 打印机（喷墨）,打印机,品牌24,四号纸,喷墨,白色,16*1*1,9,BT43D,简,收货,上架
TaTR10WoSi,银色 品牌29 1000 桌子（工作站）,桌子,品牌29,1000,工作站,银色,8*1*1,8,AR04E,大卫,收货,上架
LaYn17i5Gr,灰色 品牌15 17英寸 笔记本电脑（第5代处理器）,笔记本电脑,品牌15,17英寸,第5代处理器,灰色,16*1*1,9,CW17G,克里斯,收货,上架
AlSu14i5Wh,白色 品牌11 14英寸 一体机（第5代处理器）,一体机,品牌11,14英寸,第5代处理器,白色,16*1*1,14,DK63H,劳拉,收货,上架
KeHc27WiPi,粉色 品牌09 270 键盘（有线）,键盘,品牌09,270,有线,粉色,16*10*1,76,BO90D,克里斯,收货,上架
MoRe35ErNa,藏青色 品牌10 350 鼠标（人体工学）,鼠标,品牌10,350,人体工学,藏青色,16*10*1,123,CP04A,艾米丽,收货,上架
CaWE12SlBl,黑色 品牌02 1200 文件柜（滑动式）,文件柜,品牌02,1200,滑动式,黑色,8*1*1,3,CK82B,亚历克斯,收货,上架
NoGrA4doBl,黑色 品牌18 四号纸 笔记本（点阵）,笔记本,品牌18,四号纸,点阵,黑色,48*10*5,983,BF06C,艾米,收货,上架
LaRe148GGr,灰色 品牌14 14英寸 笔记本电脑（8吉字节内存）,笔记本电脑,品牌14,14英寸,8吉字节内存,灰色,16*1*1,4,BN18G,约翰,收货,上架
MoHc27MeNa,藏青色 品牌09 270 鼠标（机械式）,鼠标,品牌09,270,机械式,藏青色,16*10*1,6,DX18B,约翰,收货,上架
GaSELLeBl,黑色 品牌08 大号 游戏椅（皮革）,游戏椅,品牌08,大号,皮革,黑色,16*1*1,6,DJ87F,莎拉,收货,上架
OfSEMHeGr,灰色 品牌08 中号 办公椅（头枕）,办公椅,品牌08,中号,头枕,灰色,16*1*1,4,DN56E,艾米丽,收货,上架
TaAE10AuGr,灰色 品牌05 1000 桌子（自动调节）,桌子,品牌05,1000,自动调节,灰色,8*1*1,3,CW32G,艾米,收货,上架
AlPH1416Si,银色 品牌12 14英寸 一体机（16吉字节内存）,一体机,品牌12,14英寸,16吉字节内存,银色,16*1*1,4,BY72B,大卫,收货,上架
GaOGMHeGr,灰色 品牌07 中号 游戏椅（头枕）,游戏椅,品牌07,中号,头枕,灰色,16*1*1,8,CX49A,莎拉,收货,上架
TVGL65FHWh,白色 品牌31 65英寸 电视机（全高清）,电视机,品牌31,65英寸,全高清,白色,8*1*1,5,AP63D,克里斯,收货,上架
KeSu27ErWh,白色 品牌11 270 键盘（人体工学）,键盘,品牌11,270,人体工学,白色,16*10*1,17,AI89B,简,收货,上架
PrNoA3InMi,混合色 品牌26 三号纸 打印机（喷墨）,打印机,品牌26,三号纸,喷墨,混合色,16*1*1,6,DU86D,艾米丽,收货,上架
SPAl12HeBl,黑色 品牌20 12 触控笔（六角形）,触控笔,品牌20,12,六角形,黑色,48*10*5,1640,AG14A,劳拉,收货,上架
AlRe1516Si,银色 品牌14 15英寸 一体机（16吉字节内存）,一体机,品牌14,15英寸,16吉字节内存,银色,16*1*1,2,CI08D,艾米,收货,上架
LaOv17i5Bl,黑色 品牌13 17英寸 笔记本电脑（第5代处理器）,笔记本电脑,品牌13,17英寸,第5代处理器,黑色,16*1*1,4,AX79C,艾米,收货,上架
DrRG90SlBl,黑色 品牌03 900 抽屉柜（滑动式）,抽屉柜,品牌03,900,滑动式,黑色,8*1*1,6,CZ17G,亚历克斯,收货,上架
MoPH35ErWh,白色 品牌12 350 鼠标（人体工学）,鼠标,品牌12,350,人体工学,白色,16*10*1,91,CX33E,迈克,收货,上架
TVEs42FHGr,灰色 品牌32 42英寸 电视机（全高清）,电视机,品牌32,42英寸,全高清,灰色,8*1*1,2,DR98D,劳拉,收货,上架
GaAELErWh,白色 品牌05 大号 游戏椅（人体工学）,游戏椅,品牌05,大号,人体工学,白色,16*1*1,14,CR16F,克里斯,收货,上架
TaAE18WoWh,白色 品牌05 1800 桌子（工作站）,桌子,品牌05,1800,工作站,白色,8*1*1,1,BL94F,简,收货,上架
TVGL654KGr,灰色 品牌31 65英寸 电视机（超高清）,电视机,品牌31,65英寸,超高清,灰色,8*1*1,6,CM06D,迈克,收货,上架
LaOv178GBl,黑色 品牌13 17英寸 笔记本电脑（8吉字节内存）,笔记本电脑,品牌13,17英寸,8吉字节内存,黑色,16*1*1,1,CG93C,艾米,收货,上架
AlOv17i7Gr,灰色 品牌13 17英寸 一体机（第7代处理器）,一体机,品牌13,17英寸,第7代处理器,灰色,16*1*1,3,AG75C,艾米丽,收货,上架
MoSu35BlNa,藏青色 品牌11 350 鼠标（蓝牙）,鼠标,品牌11,350,蓝牙,藏青色,16*10*1,97,CN88D,亚历克斯,收货,上架
TVGn42FHGr,灰色 品牌30 42英寸 电视机（全高清）,电视机,品牌30,42英寸,全高清,灰色,8*1*1,4,BK92F,亚历克斯,收货,上架
AlPH1432Si,银色 品牌12 14英寸 一体机（32吉字节内存）,一体机,品牌12,14英寸,32吉字节内存,银色,16*1*1,8,BZ75A,克里斯,收货,上架
CaWE90DoBe,米色 品牌02 900 文件柜（带门式）,文件柜,品牌02,900,带门式,米色,8*1*1,4,DS15A,迈克,收货,上架
DrWE90FiGr,灰色 品牌02 900 抽屉柜（文件收纳）,抽屉柜,品牌02,900,文件收纳,灰色,8*1*1,3,CN63H,大卫,收货,上架
PrSoA2LaBl,黑色 品牌25 二号纸 打印机（激光）,打印机,品牌25,二号纸,激光,黑色,16*1*1,2,BX47C,约翰,收货,上架
AlRe1516Gr,灰色 品牌14 15英寸 一体机（16吉字节内存）,一体机,品牌14,15英寸,16吉字节内存,灰色,16*1*1,2,DN72B,亚历克斯,收货,上架
GaSESHePi,粉色 品牌08 小号 游戏椅（头枕）,游戏椅,品牌08,小号,头枕,粉色,16*1*1,1,CJ11C,亚历克斯,收货,上架
TVEs50FHSi,银色 品牌32 50英寸 电视机（全高清）,电视机,品牌32,50英寸,全高清,银色,8*1*1,3,BV76C,艾米,收货,上架
PeRe12HeGr,灰色 品牌22 12 铅笔（六角形）,铅笔,品牌22,12,六角形,灰色,48*10*5,124,DS22H,艾米丽,收货,上架
NoMuA5ruSi,银色 品牌19 五号纸 笔记本（横线）,笔记本,品牌19,五号纸,横线,银色,48*10*5,770,DH16G,克里斯,收货,上架
CuQE18SlBl,黑色 品牌01 1800 储物柜（滑动式）,储物柜,品牌01,1800,滑动式,黑色,8*1*1,5,DN52G,克里斯,收货,上架
LaPH1732Wh,白色 品牌12 17英寸 笔记本电脑（32吉字节内存）,笔记本电脑,品牌12,17英寸,32吉字节内存,白色,16*1*1,10,BL98G,简,收货,上架
LaSu1432Gr,灰色 品牌11 14英寸 笔记本电脑（32吉字节内存）,笔记本电脑,品牌11,14英寸,32吉字节内存,灰色,16*1*1,2,CW03A,艾米丽,收货,上架
TVGn754KWh,白色 品牌30 75英寸 电视机（超高清）,电视机,品牌30,75英寸,超高清,白色,8*1*1,8,BP73E,艾米丽,收货,上架
SPRe12HeBl,黑色 品牌22 12 触控笔（六角形）,触控笔,品牌22,12,六角形,黑色,48*10*5,2015,BX67A,劳拉,收货,上架
AlRe1416Gr,灰色 品牌14 14英寸 一体机（16吉字节内存）,一体机,品牌14,14英寸,16吉字节内存,灰色,16*1*1,15,DG52D,亚历克斯,收货,上架
OfXEMAdPi,粉色 品牌06 中号 办公椅（可调节）,办公椅,品牌06,中号,可调节,粉色,16*1*1,1,DR59E,大卫,收货,上架
PeGi24SoWh,白色 品牌21 24 铅笔（可溶性）,铅笔,品牌21,24,可溶性,白色,48*10*5,1764,BJ49C,莎拉,收货,上架
TVYn65S4Wh,白色 品牌15 65英寸 电视机（超级超高清）,电视机,品牌15,65英寸,超级超高清,白色,8*1*1,2,AS68E,艾米丽,收货,上架
TVGL504KGr,灰色 品牌31 50英寸 电视机（超高清）,电视机,品牌31,50英寸,超高清,灰色,8*1*1,3,DS21H,亚历克斯,收货,上架
MoHc35ErNa,藏青色 品牌09 350 鼠标（人体工学）,鼠标,品牌09,350,人体工学,藏青色,16*10*1,145,CJ53H,大卫,收货,上架
GaSEMLePi,粉色 品牌08 中号 游戏椅（皮革）,游戏椅,品牌08,中号,皮革,粉色,16*1*1,5,CG97C,亚历克斯,收货,上架
CaQE12SlBl,黑色 品牌01 1200 文件柜（滑动式）,文件柜,品牌01,1200,滑动式,黑色,8*1*1,8,CY45E,迈克,收货,上架
LaSu1716Gr,灰色 品牌11 17英寸 笔记本电脑（16吉字节内存）,笔记本电脑,品牌11,17英寸,16吉字节内存,灰色,16*1*1,4,DX87A,劳拉,收货,上架
NoMuA4ruSi,银色 品牌19 四号纸 笔记本（横线）,笔记本,品牌19,四号纸,横线,银色,48*10*5,712,BG05D,迈克,收货,上架
TVGL50S4Gr,灰色 品牌31 50英寸 电视机（超级超高清）,电视机,品牌31,50英寸,超级超高清,灰色,8*1*1,6,CN06E,劳拉,收货,上架
LaOv1432Si,银色 品牌13 14英寸 笔记本电脑（32吉字节内存）,笔记本电脑,品牌13,14英寸,32吉字节内存,银色,16*1*1,1,CF73D,亚历克斯,收货,上架
KeRe35WiPi,粉色 品牌10 350 键盘（有线）,键盘,品牌10,350,有线,粉色,16*10*1,62,AK33E,莎拉,收货,上架
AlSu14i5Bl,黑色 品牌11 14英寸 一体机（第5代处理器）,一体机,品牌11,14英寸,第5代处理器,黑色,16*1*1,11,BP25B,简,收货,上架
CaTE18SlWh,白色 品牌04 1800 文件柜（滑动式）,文件柜,品牌04,1800,滑动式,白色,8*1*1,3,DU20F,莎拉,收货,上架
AlOv17i5Wh,白色 品牌13 17英寸 一体机（第5代处理器）,一体机,品牌13,17英寸,第5代处理器,白色,16*1*1,1,AZ41G,亚历克斯,收货,上架
TVYn65SFBl,黑色 品牌15 65英寸 电视机（超级全高清）,电视机,品牌15,65英寸,超级全高清,黑色,8*1*1,8,CH49D,约翰,收货,上架
PrSoA4MoBl,黑色 品牌25 四号纸 打印机（黑白）,打印机,品牌25,四号纸,黑白,黑色,16*1*1,13,AS21E,劳拉,收货,上架
MoPH35MeWh,白色 品牌12 350 鼠标（机械式）,鼠标,品牌12,350,机械式,白色,16*10*1,68,DS20B,约翰,收货,上架
PrSoA2LaGr,灰色 品牌25 二号纸 打印机（激光）,打印机,品牌25,二号纸,激光,灰色,16*1*1,9,BY43C,艾米,收货,上架
GaXESLeGr,灰色 品牌06 小号 游戏椅（皮革）,游戏椅,品牌06,小号,皮革,灰色,16*1*1,11,CT23H,约翰,收货,上架
PeRe24HeWh,白色 品牌22 24 铅笔（六角形）,铅笔,品牌22,24,六角形,白色,48*10*5,230,CG93B,亚历克斯,收货,上架
LaYn14i5Gr,灰色 品牌15 14英寸 笔记本电脑（第5代处理器）,笔记本电脑,品牌15,14英寸,第5代处理器,灰色,16*1*1,5,AL80B,亚历克斯,收货,上架
OfAEMErBl,黑色 品牌05 中号 办公椅（人体工学）,办公椅,品牌05,中号,人体工学,黑色,16*1*1,5,DW97H,大卫,收货,上架
TVYn32S4Bl,黑色 品牌15 32英寸 电视机（超级超高清）,电视机,品牌15,32英寸,超级超高清,黑色,8*1*1,3,BV97G,克里斯,收货,上架
CaWE90DoWh,白色 品牌02 900 文件柜（带门式）,文件柜,品牌02,900,带门式,白色,8*1*1,8,CR70C,亚历克斯,收货,上架
AlYn1532Wh,白色 品牌15 15英寸 一体机（32吉字节内存）,一体机,品牌15,15英寸,32吉字节内存,白色,16*1*1,4,AH49E,迈克,收货,上架
OfOGSErGr,灰色 品牌07 小号 办公椅（人体工学）,办公椅,品牌07,小号,人体工学,灰色,16*1*1,7,BJ54C,迈克,收货,上架
OfSELLePi,粉色 品牌08 大号 办公椅（皮革）,办公椅,品牌08,大号,皮革,粉色,16*1*1,8,BW21C,迈克,收货,上架
NoExA5liSi,银色 品牌16 五号纸 笔记本（线条）,笔记本,品牌16,五号纸,线条,银色,48*10*5,1846,AO46F,莎拉,收货,上架
PrReA4WiWh,白色 品牌24 四号纸 打印机（无线网络）,打印机,品牌24,四号纸,无线网络,白色,16*1*1,4,CJ01A,简,收货,上架
MoRe35WiBl,黑色 品牌10 350 鼠标（有线）,鼠标,品牌10,350,有线,黑色,16*10*1,120,DV97B,莎拉,收货,上架
PeGi50WaBl,黑色 品牌21 50 铅笔（水彩）,铅笔,品牌21,50,水彩,黑色,48*10*5,301,AX69C,克里斯,收货,上架
AlYn14i5Bl,黑色 品牌15 14英寸 一体机（第5代处理器）,一体机,品牌15,14英寸,第5代处理器,黑色,16*1*1,6,BI02A,简,收货,上架
KeHc35BlNa,藏青色 品牌09 350 键盘（蓝牙）,键盘,品牌09,350,蓝牙,藏青色,16*10*1,72,CM29C,大卫,收货,上架
AlRe1532Si,银色 品牌14 15英寸 一体机（32吉字节内存）,一体机,品牌14,15英寸,32吉字节内存,银色,16*1*1,3,BO28G,亚历克斯,收货,上架
TVYn65S4Wh,白色 品牌15 65英寸 电视机（超级超高清）,电视机,品牌15,65英寸,超级超高清,白色,8*1*1,4,AN16A,亚历克斯,收货,上架
MoPH45WiPi,粉色 品牌12 450 鼠标（有线）,鼠标,品牌12,450,有线,粉色,16*10*1,104,CN54C,迈克,收货,上架
SPGi50SoPi,粉色 品牌21 50 触控笔（可溶性）,触控笔,品牌21,50,可溶性,粉色,48*10*5,675,BV08H,迈克,收货,上架
TaTR15FrBl,黑色 品牌28 1500 桌子（框架式）,桌子,品牌28,1500,框架式,黑色,8*1*1,6,CX63G,大卫,收货,上架
AlPH1716Gr,灰色 品牌12 17英寸 一体机（16吉字节内存）,一体机,品牌12,17英寸,16吉字节内存,灰色,16*1*1,11,AY10E,莎拉,收货,上架
AlPH17i7Bl,黑色 品牌12 17英寸 一体机（第7代处理器）,一体机,品牌12,17英寸,第7代处理器,黑色,16*1*1,14,CH25B,大卫,收货,上架
PrReA2MoGr,灰色 品牌24 二号纸 打印机（黑白）,打印机,品牌24,二号纸,黑白,灰色,16*1*1,12,BX77H,约翰,收货,上架
TVGn42S4Gr,灰色 品牌30 42英寸 电视机（超级超高清）,电视机,品牌30,42英寸,超级超高清,灰色,8*1*1,8,BF25B,艾米,收货,上架
AlRe158GSi,银色 品牌14 15英寸 一体机（8吉字节内存）,一体机,品牌14,15英寸,8吉字节内存,银色,16*1*1,1,DF87E,迈克,收货,上架
NoExA4ruGr,灰色 品牌16 四号纸 笔记本（横线）,笔记本,品牌16,四号纸,横线,灰色,48*10*5,1859,DT69E,莎拉,收货,上架
LaYn17i5Si,银色 品牌15 17英寸 笔记本电脑（第5代处理器）,笔记本电脑,品牌15,17英寸,第5代处理器,银色,16*1*1,10,AR08F,克里斯,收货,上架
CaWE90DoBe,米色 品牌02 900 文件柜（带门式）,文件柜,品牌02,900,带门式,米色,8*1*1,2,BW46D,迈克,收货,上架
LaSu1732Gr,灰色 品牌11 17英寸 笔记本电脑（32吉字节内存）,笔记本电脑,品牌11,17英寸,32吉字节内存,灰色,16*1*1,11,CP03D,艾米,收货,上架
DrQE90LoGr,灰色 品牌01 900 抽屉柜（储物锁柜）,抽屉柜,品牌01,900,储物锁柜,灰色,8*1*1,1,BL25F,克里斯,收货,上架
NoExA4liSi,银色 品牌16 四号纸 笔记本（线条）,笔记本,品牌16,四号纸,线条,银色,48*10*5,518,AS59C,劳拉,收货,上架
CaWE18LoWh,白色 品牌02 1800 文件柜（储物锁柜）,文件柜,品牌02,1800,储物锁柜,白色,8*1*1,1,CH06F,艾米,收货,上架
OfAEMHeWh,白色 品牌05 中号 办公椅（头枕）,办公椅,品牌05,中号,头枕,白色,16*1*1,13,CT69B,大卫,收货,上架
SPGi24SoGr,灰色 品牌21 24 触控笔（可溶性）,触控笔,品牌21,24,可溶性,灰色,48*10*5,2153,AO18E,艾米丽,收货,上架
KePH27MeWh,白色 品牌12 270 键盘（机械式）,键盘,品牌12,270,机械式,白色,16*10*1,128,DN02C,莎拉,收货,上架
KeSu27BlNa,藏青色 品牌11 270 键盘（蓝牙）,键盘,品牌11,270,蓝牙,藏青色,16*10*1,43,CV54G,艾米,收货,上架
KeHc35BlBl,黑色 品牌09 350 键盘（蓝牙）,键盘,品牌09,350,蓝牙,黑色,16*10*1,89,BL07F,亚历克斯,收货,上架
AlOv178GBl,黑色 品牌13 17英寸 一体机（8吉字节内存）,一体机,品牌13,17英寸,8吉字节内存,黑色,16*1*1,8,DP50C,莎拉,收货,上架
PrPHA4MoBl,黑色 品牌12 四号纸 打印机（黑白）,打印机,品牌12,四号纸,黑白,黑色,16*1*1,1,CN75F,艾米丽,收货,上架
DrWE90SlGr,灰色 品牌02 900 抽屉柜（滑动式）,抽屉柜,品牌02,900,滑动式,灰色,8*1*1,6,DL52H,劳拉,收货,上架
CaWE90DoBe,米色 品牌02 900 文件柜（带门式）,文件柜,品牌02,900,带门式,米色,8*1*1,1,BX84E,莎拉,收货,上架
AlRe178GSi,银色 品牌14 17英寸 一体机（8吉字节内存）,一体机,品牌14,17英寸,8吉字节内存,银色,16*1*1,9,DN30D,亚历克斯,收货,上架
KeRe27MePi,粉色 品牌10 270 键盘（机械式）,键盘,品牌10,270,机械式,粉色,16*10*1,72,DM52D,大卫,收货,上架
LaPH1516Wh,白色 品牌12 15英寸 笔记本电脑（16吉字节内存）,笔记本电脑,品牌12,15英寸,16吉字节内存,白色,16*1*1,9,AQ05H,克里斯,收货,上架
CuTE90DoWh,白色 品牌04 900 储物柜（带门式）,储物柜,品牌04,900,带门式,白色,8*1*1,2,AR48G,克里斯,收货,上架
AlSu178GSi,银色 品牌11 17英寸 一体机（8吉字节内存）,一体机,品牌11,17英寸,8吉字节内存,银色,16*1*1,13,DM39E,大卫,收货,上架
TVYn65FHBl,黑色 品牌15 65英寸 电视机（全高清）,电视机,品牌15,65英寸,全高清,黑色,8*1*1,2,CV93C,大卫,收货,上架
PrReA4InBl,黑色 品牌24 四号纸 打印机（喷墨）,打印机,品牌24,四号纸,喷墨,黑色,16*1*1,16,AI77B,莎拉,收货,上架
GaXESHeWh,白色 品牌06 小号 游戏椅（头枕）,游戏椅,品牌06,小号,头枕,白色,16*1*1,4,DG54H,莎拉,收货,上架
PrNoA3LaBl,黑色 品牌26 三号纸 打印机（激光）,打印机,品牌26,三号纸,激光,黑色,16*1*1,7,DG53H,迈克,收货,上架
TaTR15WoGr,灰色 品牌28 1500 桌子（工作站）,桌子,品牌28,1500,工作站,灰色,8*1*1,5,BY48C,克里斯,收货,上架
CaRG18DoBe,米色 品牌03 1800 文件柜（带门式）,文件柜,品牌03,1800,带门式,米色,8*1*1,6,AZ51H,劳拉,收货,上架
MoSu45WiBl,黑色 品牌11 450 鼠标（有线）,鼠标,品牌11,450,有线,黑色,16*10*1,122,DR97B,简,收货,上架
TVYn50FHWh,白色 品牌15 50英寸 电视机（全高清）,电视机,品牌15,50英寸,全高清,白色,8*1*1,2,AG48C,克里斯,收货,上架
KePH45WiNa,藏青色 品牌12 450 键盘（有线）,键盘,品牌12,450,有线,藏青色,16*10*1,108,DG81C,迈克,收货,上架
MoHc27MeBl,黑色 品牌09 270 鼠标（机械式）,鼠标,品牌09,270,机械式,黑色,16*10*1,149,BR32D,约翰,收货,上架
MoRe35MeBl,黑色 品牌10 350 鼠标（机械式）,鼠标,品牌10,350,机械式,黑色,16*10*1,55,CQ40G,简,收货,上架
GaXEMHeWh,白色 品牌06 中号 游戏椅（头枕）,游戏椅,品牌06,中号,头枕,白色,16*1*1,8,BO07A,劳拉,收货,上架
CuQE12LoBe,米色 品牌01 1200 储物柜（储物锁柜）,储物柜,品牌01,1200,储物锁柜,米色,8*1*1,2,CR42A,劳拉,收货,上架
TVGn65FHBl,黑色 品牌30 65英寸 电视机（全高清）,电视机,品牌30,65英寸,全高清,黑色,8*1*1,7,DY22B,约翰,收货,上架
CaTE12FiGr,灰色 品牌04 1200 文件柜（文件收纳）,文件柜,品牌04,1200,文件收纳,灰色,8*1*1,7,DJ20D,艾米丽,收货,上架
PeGi50HePi,粉色 品牌21 50 铅笔（六角形）,铅笔,品牌21,50,六角形,粉色,48*10*5,210,BK82B,克里斯,收货,上架
PrSoA4WiBl,黑色 品牌25 四号纸 打印机（无线网络）,打印机,品牌25,四号纸,无线网络,黑色,16*1*1,11,DQ15E,迈克,收货,上架
TVYn75SFWh,白色 品牌15 75英寸 电视机（超级全高清）,电视机,品牌15,75英寸,超级全高清,白色,8*1*1,1,AK52H,简,收货,上架
TVYn42SFSi,银色 品牌15 42英寸 电视机（超级全高清）,电视机,品牌15,42英寸,超级全高清,银色,8*1*1,6,DX14C,大卫,收货,上架
KePH35ErWh,白色 品牌12 350 键盘（人体工学）,键盘,品牌12,350,人体工学,白色,16*10*1,36,DL75H,克里斯,收货,上架
AlOv1432Bl,黑色 品牌13 14英寸 一体机（32吉字节内存）,一体机,品牌13,14英寸,32吉字节内存,黑色,16*1*1,1,AJ79D,迈克,收货,上架
TVYn65SFGr,灰色 品牌15 65英寸 电视机（超级全高清）,电视机,品牌15,65英寸,超级全高清,灰色,8*1*1,8,AK41A,艾米丽,收货,上架
GaSESHeWh,白色 品牌08 小号 游戏椅（头枕）,游戏椅,品牌08,小号,头枕,白色,16*1*1,6,BT79D,大卫,收货,上架
AlOv1516Gr,灰色 品牌13 15英寸 一体机（16吉字节内存）,一体机,品牌13,15英寸,16吉字节内存,灰色,16*1*1,12,CX96A,克里斯,收货,上架
NoExA3doWh,白色 品牌16 三号纸 笔记本（点阵）,笔记本,品牌16,三号纸,点阵,白色,48*10*5,147,CP71B,简,收货,上架
LaPH158GGr,灰色 品牌12 15英寸 笔记本电脑（8吉字节内存）,笔记本电脑,品牌12,15英寸,8吉字节内存,灰色,16*1*1,1,CU14G,艾米,收货,上架
TVEs50SFGr,灰色 品牌32 50英寸 电视机（超级全高清）,电视机,品牌32,50英寸,超级全高清,灰色,8*1*1,6,DW43G,艾米丽,收货,上架
OfXELErBl,黑色 品牌06 大号 办公椅（人体工学）,办公椅,品牌06,大号,人体工学,黑色,16*1*1,7,BQ77F,克里斯,收货,上架
CuTE90LoGr,灰色 品牌04 900 储物柜（储物锁柜）,储物柜,品牌04,900,储物锁柜,灰色,8*1*1,7,AR73B,艾米丽,收货,上架
PeNa12WaPi,粉色 品牌23 12 铅笔（水彩）,铅笔,品牌23,12,水彩,粉色,48*10*5,923,AV72B,迈克,收货,上架
AlSu1516Wh,白色 品牌11 15英寸 一体机（16吉字节内存）,一体机,品牌11,15英寸,16吉字节内存,白色,16*1*1,15,CR69C,约翰,收货,上架
AlOv14i7Wh,白色 品牌13 14英寸 一体机（第7代处理器）,一体机,品牌13,14英寸,第7代处理器,白色,16*1*1,13,DU19F,迈克,收货,上架
PrPHA3WiWh,白色 品牌12 三号纸 打印机（无线网络）,打印机,品牌12,三号纸,无线网络,白色,16*1*1,12,AY24G,莎拉,收货,上架
MoPH45ErPi,粉色 品牌12 450 鼠标（人体工学）,鼠标,品牌12,450,人体工学,粉色,16*10*1,102,AQ15H,艾米丽,收货,上架
AlSu1532Gr,灰色 品牌11 15英寸 一体机（32吉字节内存）,一体机,品牌11,15英寸,32吉字节内存,灰色,16*1*1,9,BZ10E,大卫,收货,上架
OfOGSAdPi,粉色 品牌07 小号 办公椅（可调节）,办公椅,品牌07,小号,可调节,粉色,16*1*1,5,CJ56F,劳拉,收货,上架
LaRe1532Gr,灰色 品牌14 15英寸 笔记本电脑（32吉字节内存）,笔记本电脑,品牌14,15英寸,32吉字节内存,灰色,16*1*1,12,DN06G,大卫,收货,上架
MoSu45MeNa,藏青色 品牌11 450 鼠标（机械式）,鼠标,品牌11,450,机械式,藏青色,16*10*1,136,AH21A,克里斯,收货,上架
MoPH35MePi,粉色 品牌12 350 鼠标（机械式）,鼠标,品牌12,350,机械式,粉色,16*10*1,106,BF19F,迈克,收货,上架
TVYn504KWh,白色 品牌15 50英寸 电视机（超高清）,电视机,品牌15,50英寸,超高清,白色,8*1*1,8,AJ66B,艾米,收货,上架
KeHc35MeWh,白色 品牌09 350 键盘（机械式）,键盘,品牌09,350,机械式,白色,16*10*1,112,DX77A,劳拉,收货,上架
KeRe45ErNa,藏青色 品牌10 450 键盘（人体工学）,键盘,品牌10,450,人体工学,藏青色,16*10*1,135,CY24C,迈克,收货,上架
LaPH14i5Wh,白色 品牌12 14英寸 笔记本电脑（第5代处理器）,笔记本电脑,品牌12,14英寸,第5代处理器,白色,16*1*1,16,AH41E,艾米,收货,上架
OfAELErBl,黑色 品牌05 大号 办公椅（人体工学）,办公椅,品牌05,大号,人体工学,黑色,16*1*1,9,BK89E,艾米,收货,上架
LaPH17i5Wh,白色 品牌12 17英寸 笔记本电脑（第5代处理器）,笔记本电脑,品牌12,17英寸,第5代处理器,白色,16*1*1,7,CM31G,艾米丽,收货,上架
PrReA2WiGr,灰色 品牌24 二号纸 打印机（无线网络）,打印机,品牌24,二号纸,无线网络,灰色,16*1*1,2,BZ75F,迈克,收货,上架
MoHc27MeWh,白色 品牌09 270 鼠标（机械式）,鼠标,品牌09,270,机械式,白色,16*10*1,153,CV64B,艾米,收货,上架
TVEs50SFBl,黑色 品牌32 50英寸 电视机（超级全高清）,电视机,品牌32,50英寸,超级全高清,黑色,8*1*1,8,BG69H,劳拉,收货,上架
CuTE18LoBe,米色 品牌04 1800 储物柜（储物锁柜）,储物柜,品牌04,1800,储物锁柜,米色,8*1*1,1,CV41C,约翰,收货,上架
TVEs50SFSi,银色 品牌32 50英寸 电视机（超级全高清）,电视机,品牌32,50英寸,超级全高清,银色,8*1*1,6,CK30C,劳拉,收货,上架
OfXESLeBl,黑色 品牌06 小号 办公椅（皮革）,办公椅,品牌06,小号,皮革,黑色,16*1*1,12,DO56D,简,收货,上架
MoSu45BlNa,藏青色 品牌11 450 鼠标（蓝牙）,鼠标,品牌11,450,蓝牙,藏青色,16*10*1,135,CP60E,大卫,收货,上架
AlRe158GGr,灰色 品牌14 15英寸 一体机（8吉字节内存）,一体机,品牌14,15英寸,8吉字节内存,灰色,16*1*1,16,CK05E,迈克,收货,上架
OfSEMLeWh,白色 品牌08 中号 办公椅（皮革）,办公椅,品牌08,中号,皮革,白色,16*1*1,10,AS64E,大卫,收货,上架
DrQE90FiGr,灰色 品牌01 900 抽屉柜（文件收纳）,抽屉柜,品牌01,900,文件收纳,灰色,8*1*1,5,BS07B,亚历克斯,收货,上架
LaSu17i5Si,银色 品牌11 17英寸 笔记本电脑（第5代处理器）,笔记本电脑,品牌11,17英寸,第5代处理器,银色,16*1*1,13,AF13C,简,收货,上架
TVGL42SFBl,黑色 品牌31 42英寸 电视机（超级全高清）,电视机,品牌31,42英寸,超级全高清,黑色,8*1*1,6,AI90E,克里斯,收货,上架
TaCI10AdWh,白色 品牌27 1000 桌子（可调节）,桌子,品牌27,1000,可调节,白色,8*1*1,7,BJ56D,克里斯,收货,上架
AlPH158GSi,银色 品牌12 15英寸 一体机（8吉字节内存）,一体机,品牌12,15英寸,8吉字节内存,银色,16*1*1,7,DI39C,大卫,收货,上架
TVYn75FHGr,灰色 品牌15 75英寸 电视机（全高清）,电视机,品牌15,75英寸,全高清,灰色,8*1*1,5,BX14D,约翰,收货,上架
LaSu14i5Wh,白色 品牌11 14英寸 笔记本电脑（第5代处理器）,笔记本电脑,品牌11,14英寸,第5代处理器,白色,16*1*1,10,BH47E,克里斯,收货,上架
GaSEMAdPi,粉色 品牌08 中号 游戏椅（可调节）,游戏椅,品牌08,中号,可调节,粉色,16*1*1,13,CU78D,莎拉,收货,上架
SPRe24WaWh,白色 品牌22 24 触控笔（水彩）,触控笔,品牌22,24,水彩,白色,48*10*5,1577,BX65A,莎拉,收货,上架
CaQE90FiBl,黑色 品牌01 900 文件柜（文件收纳）,文件柜,品牌01,900,文件收纳,黑色,8*1*1,8,CN62E,艾米丽,收货,上架
PeGi12WaWh,白色 品牌21 12 铅笔（水彩）,铅笔,品牌21,12,水彩,白色,48*10*5,1655,AT95E,约翰,收货,上架
TaTR15AuGr,灰色 品牌28 1500 桌子（自动调节）,桌子,品牌28,1500,自动调节,灰色,8*1*1,6,BL51G,艾米丽,收货,上架
AlOv1532Bl,黑色 品牌13 15英寸 一体机（32吉字节内存）,一体机,品牌13,15英寸,32吉字节内存,黑色,16*1*1,3,CW55A,亚历克斯,收货,上架
LaPH1716Wh,白色 品牌12 17英寸 笔记本电脑（16吉字节内存）,笔记本电脑,品牌12,17英寸,16吉字节内存,白色,16*1*1,3,DF55H,克里斯,收货,上架
CuTE12DoWh,白色 品牌04 1200 储物柜（带门式）,储物柜,品牌04,1200,带门式,白色,8*1*1,8,CK53H,克里斯,收货,上架
PeRe50SoWh,白色 品牌22 50 铅笔（可溶性）,铅笔,品牌22,50,可溶性,白色,48*10*5,225,CX92C,简,收货,上架
LaOv14i7Bl,黑色 品牌13 14英寸 笔记本电脑（第7代处理器）,笔记本电脑,品牌13,14英寸,第7代处理器,黑色,16*1*1,6,DK95C,简,收货,上架
DrWE90DoWh,白色 品牌02 900 抽屉柜（带门式）,抽屉柜,品牌02,900,带门式,白色,8*1*1,7,AU30B,亚历克斯,收货,上架
LaOv1716Wh,白色 品牌13 17英寸 笔记本电脑（16吉字节内存）,笔记本电脑,品牌13,17英寸,16吉字节内存,白色,16*1*1,6,BY48E,简,收货,上架
AlPH1532Wh,白色 品牌12 15英寸 一体机（32吉字节内存）,一体机,品牌12,15英寸,32吉字节内存,白色,16*1*1,12,CN69C,莎拉,收货,上架
CaRG90DoBe,米色 品牌03 900 文件柜（带门式）,文件柜,品牌03,900,带门式,米色,8*1*1,2,CM70C,简,收货,上架
MoPH27BlPi,粉色 品牌12 270 鼠标（蓝牙）,鼠标,品牌12,270,蓝牙,粉色,16*10*1,39,CO66F,克里斯,收货,上架
PeAl50SoBl,黑色 品牌20 50 铅笔（可溶性）,铅笔,品牌20,50,可溶性,黑色,48*10*5,1278,DY54A,艾米,收货,上架
PeGi12SoWh,白色 品牌21 12 铅笔（可溶性）,铅笔,品牌21,12,可溶性,白色,48*10*5,1732,CK57C,克里斯,收货,上架
AlRe15i5Si,银色 品牌14 15英寸 一体机（第5代处理器）,一体机,品牌14,15英寸,第5代处理器,银色,16*1*1,4,CL37B,莎拉,收货,上架
CuTE90LoBe,米色 品牌04 900 储物柜（储物锁柜）,储物柜,品牌04,900,储物锁柜,米色,8*1*1,6,BT45A,劳拉,收货,上架
CaQE90FiBl,黑色 品牌01 900 文件柜（文件收纳）,文件柜,品牌01,900,文件收纳,黑色,8*1*1,7,AH97G,劳拉,收货,上架
AlSu15i7Si,银色 品牌11 15英寸 一体机（第7代处理器）,一体机,品牌11,15英寸,第7代处理器,银色,16*1*1,9,BN98B,简,收货,上架
GaXESLeWh,白色 品牌06 小号 游戏椅（皮革）,游戏椅,品牌06,小号,皮革,白色,16*1*1,15,BU87D,约翰,收货,上架
AlYn178GSi,银色 品牌15 17英寸 一体机（8吉字节内存）,一体机,品牌15,17英寸,8吉字节内存,银色,16*1*1,3,DH07B,克里斯,收货,上架
TaCI18AdBl,黑色 品牌27 1800 桌子（可调节）,桌子,品牌27,1800,可调节,黑色,8*1*1,1,BH09C,劳拉,收货,上架
AlPH1516Gr,灰色 品牌12 15英寸 一体机（16吉字节内存）,一体机,品牌12,15英寸,16吉字节内存,灰色,16*1*1,9,CU05H,劳拉,收货,上架
AlRe14i5Wh,白色 品牌14 14英寸 一体机（第5代处理器）,一体机,品牌14,14英寸,第5代处理器,白色,16*1*1,10,BX58C,艾米,收货,上架
PrSoA4AlGr,灰色 品牌25 四号纸 打印机（一体式）,打印机,品牌25,四号纸,一体式,灰色,16*1*1,13,DM16C,亚历克斯,收货,上架
TVGL424KBl,黑色 品牌31 42英寸 电视机（超高清）,电视机,品牌31,42英寸,超高清,黑色,8*1*1,2,BU91A,简,收货,上架
CaTE90FiGr,灰色 品牌04 900 文件柜（文件收纳）,文件柜,品牌04,900,文件收纳,灰色,8*1*1,2,CU34G,约翰,收货,上架
KeHc45BlNa,藏青色 品牌09 450 键盘（蓝牙）,键盘,品牌09,450,蓝牙,藏青色,16*10*1,80,AH52G,亚历克斯,收货,上架
TaCI10FrWh,白色 品牌27 1000 桌子（框架式）,桌子,品牌27,1000,框架式,白色,8*1*1,6,AZ04E,艾米丽,收货,上架
GaAEMErBl,黑色 品牌05 中号 游戏椅（人体工学）,游戏椅,品牌05,中号,人体工学,黑色,16*1*1,3,AJ19C,莎拉,收货,上架
TVEs50FHSi,银色 品牌32 50英寸 电视机（全高清）,电视机,品牌32,50英寸,全高清,银色,8*1*1,3,CX83A,大卫,收货,上架
PeGi24SoBl,黑色 品牌21 24 铅笔（可溶性）,铅笔,品牌21,24,可溶性,黑色,48*10*5,803,DL57C,艾米丽,收货,上架
CaTE18DoGr,灰色 品牌04 1800 文件柜（带门式）,文件柜,品牌04,1800,带门式,灰色,8*1*1,5,AH62D,约翰,收货,上架
KeSu27WiPi,粉色 品牌11 270 键盘（有线）,键盘,品牌11,270,有线,粉色,16*10*1,14,AN64G,克里斯,收货,上架
PrPHA4InMi,混合色 品牌12 四号纸 打印机（喷墨）,打印机,品牌12,四号纸,喷墨,混合色,16*1*1,15,CT70D,大卫,收货,上架
KePH45MeWh,白色 品牌12 450 键盘（机械式）,键盘,品牌12,450,机械式,白色,16*10*1,115,CP74E,莎拉,收货,上架
SPGi12HeWh,白色 品牌21 12 触控笔（六角形）,触控笔,品牌21,12,六角形,白色,48*10*5,2213,AX23E,约翰,收货,上架
GaAELLePi,粉色 品牌05 大号 游戏椅（皮革）,游戏椅,品牌05,大号,皮革,粉色,16*1*1,11,DU88H,迈克,收货,上架
OfOGLErGr,灰色 品牌07 大号 办公椅（人体工学）,办公椅,品牌07,大号,人体工学,灰色,16*1*1,8,CY25H,简,收货,上架
MoPH35MeWh,白色 品牌12 350 鼠标（机械式）,鼠标,品牌12,350,机械式,白色,16*10*1,138,CZ24H,亚历克斯,收货,上架
PrReA2InWh,白色 品牌24 二号纸 打印机（喷墨）,打印机,品牌24,二号纸,喷墨,白色,16*1*1,7,DX81F,亚历克斯,收货,上架
PeGi24WaGr,灰色 品牌21 24 铅笔（水彩）,铅笔,品牌21,24,水彩,灰色,48*10*5,1956,CH64E,艾米,收货,上架
SPNa12HeWh,白色 品牌23 12 触控笔（六角形）,触控笔,品牌23,12,六角形,白色,48*10*5,2125,CN41B,迈克,收货,上架
TVYn654KWh,白色 品牌15 65英寸 电视机（超高清）,电视机,品牌15,65英寸,超高清,白色,8*1*1,1,BX74F,亚历克斯,收货,上架
OfSEMErPi,粉色 品牌08 中号 办公椅（人体工学）,办公椅,品牌08,中号,人体工学,粉色,16*1*1,3,CJ40B,简,收货,上架
LaSu15i5Bl,黑色 品牌11 15英寸 笔记本电脑（第5代处理器）,笔记本电脑,品牌11,15英寸,第5代处理器,黑色,16*1*1,16,BZ31G,简,收货,上架
GaAEMLePi,粉色 品牌05 中号 游戏椅（皮革）,游戏椅,品牌05,中号,皮革,粉色,16*1*1,4,AT46E,艾米,收货,上架
CaTE18LoWh,白色 品牌04 1800 文件柜（储物锁柜）,文件柜,品牌04,1800,储物锁柜,白色,8*1*1,2,CI08B,劳拉,收货,上架
SPGi50HeGr,灰色 品牌21 50 触控笔（六角形）,触控笔,品牌21,50,六角形,灰色,48*10*5,1626,DV47D,简,收货,上架
GaXESErPi,粉色 品牌06 小号 游戏椅（人体工学）,游戏椅,品牌06,小号,人体工学,粉色,16*1*1,8,CG37D,迈克,收货,上架
AlYn1416Bl,黑色 品牌15 14英寸 一体机（16吉字节内存）,一体机,品牌15,14英寸,16吉字节内存,黑色,16*1*1,6,DQ63A,艾米,收货,上架
NoGrA3ruSi,银色 品牌18 三号纸 笔记本（横线）,笔记本,品牌18,三号纸,横线,银色,48*10*5,438,DV46F,大卫,收货,上架
SPGi24SoGr,灰色 品牌21 24 触控笔（可溶性）,触控笔,品牌21,24,可溶性,灰色,48*10*5,2230,CJ26A,大卫,收货,上架
GaSEMErPi,粉色 品牌08 中号 游戏椅（人体工学）,游戏椅,品牌08,中号,人体工学,粉色,16*1*1,11,DU78E,亚历克斯,收货,上架
GaAESHeGr,灰色 品牌05 小号 游戏椅（头枕）,游戏椅,品牌05,小号,头枕,灰色,16*1*1,2,BW65E,迈克,收货,上架
KeRe45WiWh,白色 品牌10 450 键盘（有线）,键盘,品牌10,450,有线,白色,16*10*1,17,DY64H,迈克,收货,上架
AlSu1532Bl,黑色 品牌11 15英寸 一体机（32吉字节内存）,一体机,品牌11,15英寸,32吉字节内存,黑色,16*1*1,2,DR17E,艾米丽,收货,上架
PrReA2AlBl,黑色 品牌24 二号纸 打印机（一体式）,打印机,品牌24,二号纸,一体式,黑色,16*1*1,16,AV05C,大卫,收货,上架
DrTE18LoBe,米色 品牌04 1800 抽屉柜（储物锁柜）,抽屉柜,品牌04,1800,储物锁柜,米色,8*1*1,7,AT58B,约翰,收货,上架
SPRe50SoGr,灰色 品牌22 50 触控笔（可溶性）,触控笔,品牌22,50,可溶性,灰色,48*10*5,650,BJ25A,迈克,收货,上架
PrNoA4AlBl,黑色 品牌26 四号纸 打印机（一体式）,打印机,品牌26,四号纸,一体式,黑色,16*1*1,10,AZ29C,亚历克斯,收货,上架
PrSoA4MoGr,灰色 品牌25 四号纸 打印机（黑白）,打印机,品牌25,四号纸,黑白,灰色,16*1*1,9,BG39H,劳拉,收货,上架
LaPH14i5Si,银色 品牌12 14英寸 笔记本电脑（第5代处理器）,笔记本电脑,品牌12,14英寸,第5代处理器,银色,16*1*1,9,CK67B,艾米丽,收货,上架
OfAEMAdBl,黑色 品牌05 中号 办公椅（可调节）,办公椅,品牌05,中号,可调节,黑色,16*1*1,14,DS22H,迈克,收货,上架
TaTR10WoSi,银色 品牌28 1000 桌子（工作站）,桌子,品牌28,1000,工作站,银色,8*1*1,8,DW43G,莎拉,收货,上架
CaRG90FiGr,灰色 品牌03 900 文件柜（文件收纳）,文件柜,品牌03,900,文件收纳,灰色,8*1*1,1,BL02F,莎拉,收货,上架
TaTR15AdGr,灰色 品牌29 1500 桌子（可调节）,桌子,品牌29,1500,可调节,灰色,8*1*1,6,BK44C,约翰,收货,上架
CuRG90SlGr,灰色 品牌03 900 储物柜（滑动式）,储物柜,品牌03,900,滑动式,灰色,8*1*1,5,AX21E,大卫,收货,上架
NoExA4liBl,黑色 品牌16 四号纸 笔记本（线条）,笔记本,品牌16,四号纸,线条,黑色,48*10*5,169,AW44D,劳拉,收货,上架
LaSu15i5Bl,黑色 品牌11 15英寸 笔记本电脑（第5代处理器）,笔记本电脑,品牌11,15英寸,第5代处理器,黑色,16*1*1,6,AR79D,劳拉,收货,上架
MoPH27MeWh,白色 品牌12 270 鼠标（机械式）,鼠标,品牌12,270,机械式,白色,16*10*1,24,AT12E,艾米,收货,上架
GaXESErPi,粉色 品牌06 小号 游戏椅（人体工学）,游戏椅,品牌06,小号,人体工学,粉色,16*1*1,1,DS95E,迈克,收货,上架
NoScA4doGr,灰色 品牌17 四号纸 笔记本（点阵）,笔记本,品牌17,四号纸,点阵,灰色,48*10*5,982,AG88H,劳拉,收货,上架
PrNoA3InBl,黑色 品牌26 三号纸 打印机（喷墨）,打印机,品牌26,三号纸,喷墨,黑色,16*1*1,6,AZ06A,艾米丽,收货,上架
PeGi12WaWh,白色 品牌21 12 铅笔（水彩）,铅笔,品牌21,12,水彩,白色,48*10*5,1397,DS86A,劳拉,收货,上架
SPGi50WaWh,白色 品牌21 50 触控笔（水彩）,触控笔,品牌21,50,水彩,白色,48*10*5,962,CZ45C,劳拉,收货,上架
CuWE18FiWh,白色 品牌02 1800 储物柜（文件收纳）,储物柜,品牌02,1800,文件收纳,白色,8*1*1,8,CN80A,莎拉,收货,上架
KeSu35MeBl,黑色 品牌11 350 键盘（机械式）,键盘,品牌11,350,机械式,黑色,16*10*1,138,BZ58G,大卫,收货,上架
TaTR15WoWh,白色 品牌28 1500 桌子（工作站）,桌子,品牌28,1500,工作站,白色,8*1*1,2,DO86D,克里斯,收货,上架
NoMuA3liBl,黑色 品牌19 三号纸 笔记本（线条）,笔记本,品牌19,三号纸,线条,黑色,48*10*5,721,DP07C,艾米,收货,上架
PeNa50WaPi,粉色 品牌23 50 铅笔（水彩）,铅笔,品牌23,50,水彩,粉色,48*10*5,1040,AI55D,迈克,收货,上架
CaQE18DoBl,黑色 品牌01 1800 文件柜（带门式）,文件柜,品牌01,1800,带门式,黑色,8*1*1,5,DO42H,简,收货,上架
OfXEMHePi,粉色 品牌06 中号 办公椅（头枕）,办公椅,品牌06,中号,头枕,粉色,16*1*1,1,DX31D,约翰,收货,上架
GaOGSErPi,粉色 品牌07 小号 游戏椅（人体工学）,游戏椅,品牌07,小号,人体工学,粉色,16*1*1,2,BI44A,简,收货,上架
SPRe50HeGr,灰色 品牌22 50 触控笔（六角形）,触控笔,品牌22,50,六角形,灰色,48*10*5,458,CO19D,大卫,收货,上架
NoScA4liBl,黑色 品牌17 四号纸 笔记本（线条）,笔记本,品牌17,四号纸,线条,黑色,48*10*5,1308,DV45F,约翰,收货,上架
AlOv158GSi,银色 品牌13 15英寸 一体机（8吉字节内存）,一体机,品牌13,15英寸,8吉字节内存,银色,16*1*1,2,BI91E,劳拉,收货,上架
GaXELHeBl,黑色 品牌06 大号 游戏椅（头枕）,游戏椅,品牌06,大号,头枕,黑色,16*1*1,13,BS20G,迈克,收货,上架
LaSu14i7Wh,白色 品牌11 14英寸 笔记本电脑（第7代处理器）,笔记本电脑,品牌11,14英寸,第7代处理器,白色,16*1*1,3,AI36E,艾米,收货,上架
AlRe15i7Wh,白色 品牌14 15英寸 一体机（第7代处理器）,一体机,品牌14,15英寸,第7代处理器,白色,16*1*1,11,DZ30F,劳拉,收货,上架
CaRG18SlBl,黑色 品牌03 1800 文件柜（滑动式）,文件柜,品牌03,1800,滑动式,黑色,8*1*1,3,BQ59D,约翰,收货,上架
PeGi12SoGr,灰色 品牌21 12 铅笔（可溶性）,铅笔,品牌21,12,可溶性,灰色,48*10*5,1652,CP26C,亚历克斯,收货,上架
GaXEMAdGr,灰色 品牌06 中号 游戏椅（可调节）,游戏椅,品牌06,中号,可调节,灰色,16*1*1,1,BG57B,劳拉,收货,上架
TaTR18FrGr,灰色 品牌28 1800 桌子（框架式）,桌子,品牌28,1800,框架式,灰色,8*1*1,3,DU33C,约翰,收货,上架
PeAl12HeWh,白色 品牌20 12 铅笔（六角形）,铅笔,品牌20,12,六角形,白色,48*10*5,356,BH73C,劳拉,收货,上架
PrSoA3MoGr,灰色 品牌25 三号纸 打印机（黑白）,打印机,品牌25,三号纸,黑白,灰色,16*1*1,9,BU71D,迈克,收货,上架
TVGn65SFSi,银色 品牌30 65英寸 电视机（超级全高清）,电视机,品牌30,65英寸,超级全高清,银色,8*1*1,2,DV74E,艾米丽,收货,上架
DrTE12FiGr,灰色 品牌04 1200 抽屉柜（文件收纳）,抽屉柜,品牌04,1200,文件收纳,灰色,8*1*1,4,CI02D,莎拉,收货,上架
AlRe15i5Gr,灰色 品牌14 15英寸 一体机（第5代处理器）,一体机,品牌14,15英寸,第5代处理器,灰色,16*1*1,3,BJ61E,克里斯,收货,上架
AlOv14i7Si,银色 品牌13 14英寸 一体机（第7代处理器）,一体机,品牌13,14英寸,第7代处理器,银色,16*1*1,4,AY55C,莎拉,收货,上架
TVGL32SFGr,灰色 品牌31 32英寸 电视机（超级全高清）,电视机,品牌31,32英寸,超级全高清,灰色,8*1*1,3,CX81B,艾米丽,收货,上架
LaOv1532Bl,黑色 品牌13 15英寸 笔记本电脑（32吉字节内存）,笔记本电脑,品牌13,15英寸,32吉字节内存,黑色,16*1*1,7,BV72A,劳拉,收货,上架
GaAELHeWh,白色 品牌05 大号 游戏椅（头枕）,游戏椅,品牌05,大号,头枕,白色,16*1*1,14,DV70F,大卫,收货,上架
MoHc45MeNa,藏青色 品牌09 450 鼠标（机械式）,鼠标,品牌09,450,机械式,藏青色,16*10*1,11,BM22F,艾米,收货,上架
PrSoA4WiMi,混合色 品牌25 四号纸 打印机（无线网络）,打印机,品牌25,四号纸,无线网络,混合色,16*1*1,8,AP10F,大卫,收货,上架
TVEs50S4Wh,白色 品牌32 50英寸 电视机（超级超高清）,电视机,品牌32,50英寸,超级超高清,白色,8*1*1,1,DI92B,迈克,收货,上架
TaCI15FrWh,白色 品牌27 1500 桌子（框架式）,桌子,品牌27,1500,框架式,白色,8*1*1,7,CW73E,大卫,收货,上架
MoRe27WiNa,藏青色 品牌10 270 鼠标（有线）,鼠标,品牌10,270,有线,藏青色,16*10*1,159,DJ72H,亚历克斯,收货,上架
GaXEMAdGr,灰色 品牌06 中号 游戏椅（可调节）,游戏椅,品牌06,中号,可调节,灰色,16*1*1,4,AR21H,莎拉,收货,上架
LaYn14i5Gr,灰色 品牌15 14英寸 笔记本电脑（第5代处理器）,笔记本电脑,品牌15,14英寸,第5代处理器,灰色,16*1*1,16,AN19H,莎拉,收货,上架
TVGn75S4Gr,灰色 品牌30 75英寸 电视机（超级超高清）,电视机,品牌30,75英寸,超级超高清,灰色,8*1*1,8,DP77A,艾米丽,收货,上架
OfXESErWh,白色 品牌06 小号 办公椅（人体工学）,办公椅,品牌06,小号,人体工学,白色,16*1*1,16,CI29D,艾米,收货,上架
PrSoA4LaWh,白色 品牌25 四号纸 打印机（激光）,打印机,品牌25,四号纸,激光,白色,16*1*1,1,CV21H,劳拉,收货,上架
PeRe12SoBl,黑色 品牌22 12 铅笔（可溶性）,铅笔,品牌22,12,可溶性,黑色,48*10*5,353,DO44C,简,收货,上架
TVEs424KGr,灰色 品牌32 42英寸 电视机（超高清）,电视机,品牌32,42英寸,超高清,灰色,8*1*1,4,CJ27B,克里斯,收货,上架
KeRe35MeBl,黑色 品牌10 350 键盘（机械式）,键盘,品牌10,350,机械式,黑色,16*10*1,24,CU11E,迈克,收货,上架
NoMuA3liBl,黑色 品牌19 三号纸 笔记本（线条）,笔记本,品牌19,三号纸,线条,黑色,48*10*5,2328,BO71F,劳拉,收货,上架
AlRe1432Si,银色 品牌14 14英寸 一体机（32吉字节内存）,一体机,品牌14,14英寸,32吉字节内存,银色,16*1*1,3,BH16A,莎拉,收货,上架
TaCI15WoWh,白色 品牌27 1500 桌子（工作站）,桌子,品牌27,1500,工作站,白色,8*1*1,1,BN76F,亚历克斯,收货,上架
LaYn15i7Bl,黑色 品牌15 15英寸 笔记本电脑（第7代处理器）,笔记本电脑,品牌15,15英寸,第7代处理器,黑色,16*1*1,6,CK27B,克里斯,收货,上架
MoPH27MeWh,白色 品牌12 270 鼠标（机械式）,鼠标,品牌12,270,机械式,白色,16*10*1,134,DU08C,艾米,收货,上架
MoSu35ErNa,藏青色 品牌11 350 鼠标（人体工学）,鼠标,品牌11,350,人体工学,藏青色,16*10*1,51,AY73A,克里斯,收货,上架
PeAl50WaGr,灰色 品牌20 50 铅笔（水彩）,铅笔,品牌20,50,水彩,灰色,48*10*5,194,BJ60G,劳拉,收货,上架
TVYn424KWh,白色 品牌15 42英寸 电视机（超高清）,电视机,品牌15,42英寸,超高清,白色,8*1*1,1,CF36A,艾米丽,收货,上架
CaQE90SlBl,黑色 品牌01 900 文件柜（滑动式）,文件柜,品牌01,900,滑动式,黑色,8*1*1,2,DY88B,大卫,收货,上架
SPAl24WaGr,灰色 品牌20 24 触控笔（水彩）,触控笔,品牌20,24,水彩,灰色,48*10*5,124,CZ92D,克里斯,收货,上架
OfAESLePi,粉色 品牌05 小号 办公椅（皮革）,办公椅,品牌05,小号,皮革,粉色,16*1*1,12,DF06F,艾米丽,收货,上架
LaOv14i5Si,银色 品牌13 14英寸 笔记本电脑（第5代处理器）,笔记本电脑,品牌13,14英寸,第5代处理器,银色,16*1*1,5,BM11C,简,收货,上架
PrNoA4WiMi,混合色 品牌26 四号纸 打印机（无线网络）,打印机,品牌26,四号纸,无线网络,混合色,16*1*1,4,BR88H,艾米丽,收货,上架
DrWE90LoBl,黑色 品牌02 900 抽屉柜（储物锁柜）,抽屉柜,品牌02,900,储物锁柜,黑色,8*1*1,8,DT96E,简,收货,上架
LaSu14i5Bl,黑色 品牌11 14英寸 笔记本电脑（第5代处理器）,笔记本电脑,品牌11,14英寸,第5代处理器,黑色,16*1*1,16,CL63F,简,收货,上架
PrNoA2AlBl,黑色 品牌26 二号纸 打印机（一体式）,打印机,品牌26,二号纸,一体式,黑色,16*1*1,16,AV11H,大卫,收货,上架
DrRG90LoBl,黑色 品牌03 900 抽屉柜（储物锁柜）,抽屉柜,品牌03,900,储物锁柜,黑色,8*1*1,4,CT82E,艾米,收货,上架
KePH35WiBl,黑色 品牌12 350 键盘（有线）,键盘,品牌12,350,有线,黑色,16*10*1,94,CT95H,迈克,收货,上架
CuQE90LoBe,米色 品牌01 900 储物柜（储物锁柜）,储物柜,品牌01,900,储物锁柜,米色,8*1*1,6,BX36F,劳拉,收货,上架
TVGL32S4Wh,白色 品牌31 32英寸 电视机（超级超高清）,电视机,品牌31,32英寸,超级超高清,白色,8*1*1,4,DQ17A,亚历克斯,收货,上架
NoScA5ruWh,白色 品牌17 五号纸 笔记本（横线）,笔记本,品牌17,五号纸,横线,白色,48*10*5,522,CS61B,亚历克斯,收货,上架
LaPH178GGr,灰色 品牌12 17英寸 笔记本电脑（8吉字节内存）,笔记本电脑,品牌12,17英寸,8吉字节内存,灰色,16*1*1,1,AX49C,莎拉,收货,上架
AlYn178GWh,白色 品牌15 17英寸 一体机（8吉字节内存）,一体机,品牌15,17英寸,8吉字节内存,白色,16*1*1,4,AN38D,简,收货,上架
TVGL424KWh,白色 品牌31 42英寸 电视机（超高清）,电视机,品牌31,42英寸,超高清,白色,8*1*1,7,BJ65A,简,收货,上架
TaCI10WoGr,灰色 品牌27 1000 桌子（工作站）,桌子,品牌27,1000,工作站,灰色,8*1*1,8,BJ25D,艾米,收货,上架
CuTE18LoBl,黑色 品牌04 1800 储物柜（储物锁柜）,储物柜,品牌04,1800,储物锁柜,黑色,8*1*1,5,BI66C,克里斯,收货,上架
NoExA3doBl,黑色 品牌16 三号纸 笔记本（点阵）,笔记本,品牌16,三号纸,点阵,黑色,48*10*5,1092,CV02H,约翰,收货,上架
CuTE18SlGr,灰色 品牌04 1800 储物柜（滑动式）,储物柜,品牌04,1800,滑动式,灰色,8*1*1,4,DN30E,克里斯,收货,上架
OfOGLHeGr,灰色 品牌07 大号 办公椅（头枕）,办公椅,品牌07,大号,头枕,灰色,16*1*1,6,CT89H,劳拉,收货,上架
TVYn75S4Si,银色 品牌15 75英寸 电视机（超级超高清）,电视机,品牌15,75英寸,超级超高清,银色,8*1*1,6,CR59C,约翰,收货,上架
TaAE18WoSi,银色 品牌05 1800 桌子（工作站）,桌子,品牌05,1800,工作站,银色,8*1*1,6,DW49A,莎拉,收货,上架
LaSu17i5Si,银色 品牌11 17英寸 笔记本电脑（第5代处理器）,笔记本电脑,品牌11,17英寸,第5代处理器,银色,16*1*1,13,DJ28C,艾米丽,收货,上架
AlOv1416Wh,白色 品牌13 14英寸 一体机（16吉字节内存）,一体机,品牌13,14英寸,16吉字节内存,白色,16*1*1,15,CY15H,艾米,收货,上架
AlSu15i7Gr,灰色 品牌11 15英寸 一体机（第7代处理器）,一体机,品牌11,15英寸,第7代处理器,灰色,16*1*1,12,BK37G,亚历克斯,收货,上架
AlOv14i7Bl,黑色 品牌13 14英寸 一体机（第7代处理器）,一体机,品牌13,14英寸,第7代处理器,黑色,16*1*1,5,CO56A,克里斯,收货,上架
LaPH17i7Wh,白色 品牌12 17英寸 笔记本电脑（第7代处理器）,笔记本电脑,品牌12,17英寸,第7代处理器,白色,16*1*1,11,AJ67E,约翰,收货,上架
AlOv1416Gr,灰色 品牌13 14英寸 一体机（16吉字节内存）,一体机,品牌13,14英寸,16吉字节内存,灰色,16*1*1,13,BS23E,莎拉,收货,上架
AlRe148GWh,白色 品牌14 14英寸 一体机（8吉字节内存）,一体机,品牌14,14英寸,8吉字节内存,白色,16*1*1,2,AN68E,莎拉,收货,上架
CuWE12FiWh,白色 品牌02 1200 储物柜（文件收纳）,储物柜,品牌02,1200,文件收纳,白色,8*1*1,2,AQ62D,迈克,收货,上架
CuQE18SlGr,灰色 品牌01 1800 储物柜（滑动式）,储物柜,品牌01,1800,滑动式,灰色,8*1*1,1,BP46B,亚历克斯,收货,上架
MoPH35ErNa,藏青色 品牌12 350 鼠标（人体工学）,鼠标,品牌12,350,人体工学,藏青色,16*10*1,33,AT20F,劳拉,收货,上架
TVGL32FHGr,灰色 品牌31 32英寸 电视机（全高清）,电视机,品牌31,32英寸,全高清,灰色,8*1*1,8,AT96B,约翰,收货,上架
PeNa12SoWh,白色 品牌23 12 铅笔（可溶性）,铅笔,品牌23,12,可溶性,白色,48*10*5,2304,AI92A,艾米,收货,上架
CaQE90LoWh,白色 品牌01 900 文件柜（储物锁柜）,文件柜,品牌01,900,储物锁柜,白色,8*1*1,5,AQ37E,迈克,收货,上架
KePH45BlBl,黑色 品牌12 450 键盘（蓝牙）,键盘,品牌12,450,蓝牙,黑色,16*10*1,32,AL46G,迈克,收货,上架
CaWE12LoBl,黑色 品牌02 1200 文件柜（储物锁柜）,文件柜,品牌02,1200,储物锁柜,黑色,8*1*1,4,AV28F,艾米,收货,上架
AlPH17i7Wh,白色 品牌12 17英寸 一体机（第7代处理器）,一体机,品牌12,17英寸,第7代处理器,白色,16*1*1,9,CR91E,简,收货,上架
AlSu1532Si,银色 品牌11 15英寸 一体机（32吉字节内存）,一体机,品牌11,15英寸,32吉字节内存,银色,16*1*1,9,AG42D,亚历克斯,收货,上架
MoSu27WiBl,黑色 品牌11 270 鼠标（有线）,鼠标,品牌11,270,有线,黑色,16*10*1,106,DI66A,迈克,收货,上架
TaTR18WoWh,白色 品牌28 1800 桌子（工作站）,桌子,品牌28,1800,工作站,白色,8*1*1,6,AF13G,莎拉,收货,上架
GaSESHePi,粉色 品牌08 小号 游戏椅（头枕）,游戏椅,品牌08,小号,头枕,粉色,16*1*1,3,BS44A,大卫,收货,上架
CuTE18LoGr,灰色 品牌04 1800 储物柜（储物锁柜）,储物柜,品牌04,1800,储物锁柜,灰色,8*1*1,1,DM48H,艾米,收货,上架
LaOv15i5Bl,黑色 品牌13 15英寸 笔记本电脑（第5代处理器）,笔记本电脑,品牌13,15英寸,第5代处理器,黑色,16*1*1,6,CM98E,简,收货,上架
AlYn148GWh,白色 品牌15 14英寸 一体机（8吉字节内存）,一体机,品牌15,14英寸,8吉字节内存,白色,16*1*1,5,BQ66C,大卫,收货,上架
AlYn17i7Bl,黑色 品牌15 17英寸 一体机（第7代处理器）,一体机,品牌15,17英寸,第7代处理器,黑色,16*1*1,14,DP47E,大卫,收货,上架
LaPH17i5Bl,黑色 品牌12 17英寸 笔记本电脑（第5代处理器）,笔记本电脑,品牌12,17英寸,第5代处理器,黑色,16*1*1,5,AH36H,约翰,收货,上架
TVYn65S4Si,银色 品牌15 65英寸 电视机（超级超高清）,电视机,品牌15,65英寸,超级超高清,银色,8*1*1,8,CJ62F,简,收货,上架
LaSu1516Si,银色 品牌11 15英寸 笔记本电脑（16吉字节内存）,笔记本电脑,品牌11,15英寸,16吉字节内存,银色,16*1*1,2,AJ94E,迈克,收货,上架
KeHc27ErPi,粉色 品牌09 270 键盘（人体工学）,键盘,品牌09,270,人体工学,粉色,16*10*1,103,CO75A,劳拉,收货,上架
MoPH27MePi,粉色 品牌12 270 鼠标（机械式）,鼠标,品牌12,270,机械式,粉色,16*10*1,84,BP29A,简,收货,上架
PeNa12WaBl,黑色 品牌23 12 铅笔（水彩）,铅笔,品牌23,12,水彩,黑色,48*10*5,155,AG33D,迈克,收货,上架
PrReA3WiWh,白色 品牌24 三号纸 打印机（无线网络）,打印机,品牌24,三号纸,无线网络,白色,16*1*1,5,BG57A,劳拉,收货,上架
AlPH15i5Bl,黑色 品牌12 15英寸 一体机（第5代处理器）,一体机,品牌12,15英寸,第5代处理器,黑色,16*1*1,1,CL75A,迈克,收货,上架
TVEs42FHBl,黑色 品牌32 42英寸 电视机（全高清）,电视机,品牌32,42英寸,全高清,黑色,8*1*1,4,DR35C,莎拉,收货,上架
PeAl24SoGr,灰色 品牌20 24 铅笔（可溶性）,铅笔,品牌20,24,可溶性,灰色,48*10*5,2130,AN94F,克里斯,收货,上架
DrRG18LoGr,灰色 品牌03 1800 抽屉柜（储物锁柜）,抽屉柜,品牌03,1800,储物锁柜,灰色,8*1*1,6,AF79D,艾米丽,收货,上架
AlYn1432Gr,灰色 品牌15 14英寸 一体机（32吉字节内存）,一体机,品牌15,14英寸,32吉字节内存,灰色,16*1*1,2,BF56F,大卫,收货,上架
KePH27WiPi,粉色 品牌12 270 键盘（有线）,键盘,品牌12,270,有线,粉色,16*10*1,39,CG66A,大卫,收货,上架
NoExA5doWh,白色 品牌16 五号纸 笔记本（点阵）,笔记本,品牌16,五号纸,点阵,白色,48*10*5,487,BL15G,大卫,收货,上架
LaPH15i7Wh,白色 品牌12 15英寸 笔记本电脑（第7代处理器）,笔记本电脑,品牌12,15英寸,第7代处理器,白色,16*1*1,4,BS44B,亚历克斯,收货,上架
MoHc45MePi,粉色 品牌09 450 鼠标（机械式）,鼠标,品牌09,450,机械式,粉色,16*10*1,81,DK11D,迈克,收货,上架
CuTE18SlBl,黑色 品牌04 1800 储物柜（滑动式）,储物柜,品牌04,1800,滑动式,黑色,8*1*1,5,DY07E,迈克,收货,上架
AlYn158GGr,灰色 品牌15 15英寸 一体机（8吉字节内存）,一体机,品牌15,15英寸,8吉字节内存,灰色,16*1*1,13,AN16A,迈克,收货,上架
TaAE18FrBl,黑色 品牌05 1800 桌子（框架式）,桌子,品牌05,1800,框架式,黑色,8*1*1,5,BV89A,艾米丽,收货,上架
TaTR15AdGr,灰色 品牌28 1500 桌子（可调节）,桌子,品牌28,1500,可调节,灰色,8*1*1,5,AK64D,亚历克斯,收货,上架
LaSu14i5Si,银色 品牌11 14英寸 笔记本电脑（第5代处理器）,笔记本电脑,品牌11,14英寸,第5代处理器,银色,16*1*1,13,AV15H,约翰,收货,上架
NoExA3doSi,银色 品牌16 三号纸 笔记本（点阵）,笔记本,品牌16,三号纸,点阵,银色,48*10*5,663,BJ22B,莎拉,收货,上架
KeRe35MePi,粉色 品牌10 350 键盘（机械式）,键盘,品牌10,350,机械式,粉色,16*10*1,122,BJ96A,劳拉,收货,上架
NoMuA4liGr,灰色 品牌19 四号纸 笔记本（线条）,笔记本,品牌19,四号纸,线条,灰色,48*10*5,2389,AU31E,劳拉,收货,上架
MoPH35ErNa,藏青色 品牌12 350 鼠标（人体工学）,鼠标,品牌12,350,人体工学,藏青色,16*10*1,66,CH09F,莎拉,收货,上架
NoMuA3liWh,白色 品牌19 三号纸 笔记本（线条）,笔记本,品牌19,三号纸,线条,白色,48*10*5,230,CL26D,大卫,收货,上架
PrPHA3LaGr,灰色 品牌12 三号纸 打印机（激光）,打印机,品牌12,三号纸,激光,灰色,16*1*1,14,AW81H,莎拉,收货,上架
CuTE90LoBe,米色 品牌04 900 储物柜（储物锁柜）,储物柜,品牌04,900,储物锁柜,米色,8*1*1,7,BF81C,亚历克斯,收货,上架
KeHc35BlPi,粉色 品牌09 350 键盘（蓝牙）,键盘,品牌09,350,蓝牙,粉色,16*10*1,145,BW32D,亚历克斯,收货,上架
SPNa12WaGr,灰色 品牌23 12 触控笔（水彩）,触控笔,品牌23,12,水彩,灰色,48*10*5,841,CM72E,艾米丽,收货,上架
CuQE18DoGr,灰色 品牌01 1800 储物柜（带门式）,储物柜,品牌01,1800,带门式,灰色,8*1*1,3,BP72H,艾米丽,收货,上架
OfSESHePi,粉色 品牌08 小号 办公椅（头枕）,办公椅,品牌08,小号,头枕,粉色,16*1*1,9,DP80F,艾米丽,收货,上架
CuQE12LoWh,白色 品牌01 1200 储物柜（储物锁柜）,储物柜,品牌01,1200,储物锁柜,白色,8*1*1,2,AP64B,迈克,收货,上架
DrTE90SlBl,黑色 品牌04 900 抽屉柜（滑动式）,抽屉柜,品牌04,900,滑动式,黑色,8*1*1,8,DT85G,劳拉,收货,上架
CaRG90SlWh,白色 品牌03 900 文件柜（滑动式）,文件柜,品牌03,900,滑动式,白色,8*1*1,7,AM92B,克里斯,收货,上架
NoExA3liWh,白色 品牌16 三号纸 笔记本（线条）,笔记本,品牌16,三号纸,线条,白色,48*10*5,649,DM31B,约翰,收货,上架
DrRG12DoGr,灰色 品牌03 1200 抽屉柜（带门式）,抽屉柜,品牌03,1200,带门式,灰色,8*1*1,3,CL90B,劳拉,收货,上架
MoPH45MeBl,黑色 品牌12 450 鼠标（机械式）,鼠标,品牌12,450,机械式,黑色,16*10*1,35,BY18G,迈克,收货,上架
TaTR10WoBl,黑色 品牌28 1000 桌子（工作站）,桌子,品牌28,1000,工作站,黑色,8*1*1,7,BX38D,克里斯,收货,上架
OfSESLeBl,黑色 品牌08 小号 办公椅（皮革）,办公椅,品牌08,小号,皮革,黑色,16*1*1,16,DN40C,简,收货,上架
KeRe45WiNa,藏青色 品牌10 450 键盘（有线）,键盘,品牌10,450,有线,藏青色,16*10*1,2,DH80A,约翰,收货,上架
CuRG90SlGr,灰色 品牌03 900 储物柜（滑动式）,储物柜,品牌03,900,滑动式,灰色,8*1*1,8,AI25H,克里斯,收货,上架
LaSu1432Wh,白色 品牌11 14英寸 笔记本电脑（32吉字节内存）,笔记本电脑,品牌11,14英寸,32吉字节内存,白色,16*1*1,13,CN23G,艾米丽,收货,上架
AlYn15i7Gr,灰色 品牌15 15英寸 一体机（第7代处理器）,一体机,品牌15,15英寸,第7代处理器,灰色,16*1*1,8,DU71D,劳拉,收货,上架
PrSoA3LaWh,白色 品牌25 三号纸 打印机（激光）,打印机,品牌25,三号纸,激光,白色,16*1*1,14,DV01D,艾米,收货,上架
AlSu17i7Gr,灰色 品牌11 17英寸 一体机（第7代处理器）,一体机,品牌11,17英寸,第7代处理器,灰色,16*1*1,5,CN32H,克里斯,收货,上架
AlYn148GSi,银色 品牌15 14英寸 一体机（8吉字节内存）,一体机,品牌15,14英寸,8吉字节内存,银色,16*1*1,1,CW57H,劳拉,收货,上架
KeRe27ErWh,白色 品牌10 270 键盘（人体工学）,键盘,品牌10,270,人体工学,白色,16*10*1,9,DW73B,简,收货,上架
CuQE18FiBe,米色 品牌01 1800 储物柜（文件收纳）,储物柜,品牌01,1800,文件收纳,米色,8*1*1,7,AR77B,大卫,收货,上架
SPAl24WaGr,灰色 品牌20 24 触控笔（水彩）,触控笔,品牌20,24,水彩,灰色,48*10*5,1390,AP01B,艾米,收货,上架
CuWE18FiWh,白色 品牌02 1800 储物柜（文件收纳）,储物柜,品牌02,1800,文件收纳,白色,8*1*1,5,BQ32A,迈克,收货,上架
TVGL75S4Wh,白色 品牌31 75英寸 电视机（超级超高清）,电视机,品牌31,75英寸,超级超高清,白色,8*1*1,5,DQ35A,简,收货,上架
TaTR10FrSi,银色 品牌28 1000 桌子（框架式）,桌子,品牌28,1000,框架式,银色,8*1*1,1,CT61B,简,收货,上架
CaQE90DoBe,米色 品牌01 900 文件柜（带门式）,文件柜,品牌01,900,带门式,米色,8*1*1,6,BN72B,约翰,收货,上架
PeRe12SoPi,粉色 品牌22 12 铅笔（可溶性）,铅笔,品牌22,12,可溶性,粉色,48*10*5,1629,BX25C,迈克,收货,上架
KePH45MePi,粉色 品牌12 450 键盘（机械式）,键盘,品牌12,450,机械式,粉色,16*10*1,54,DI71G,莎拉,收货,上架
DrTE12LoGr,灰色 品牌04 1200 抽屉柜（储物锁柜）,抽屉柜,品牌04,1200,储物锁柜,灰色,8*1*1,5,DW06F,亚历克斯,收货,上架
CuRG18SlWh,白色 品牌03 1800 储物柜（滑动式）,储物柜,品牌03,1800,滑动式,白色,8*1*1,8,DS85H,迈克,收货,上架
CuQE18FiBe,米色 品牌01 1800 储物柜（文件收纳）,储物柜,品牌01,1800,文件收纳,米色,8*1*1,1,AM92H,亚历克斯,收货,上架
NoScA4ruSi,银色 品牌17 四号纸 笔记本（横线）,笔记本,品牌17,四号纸,横线,银色,48*10*5,381,AM30G,克里斯,收货,上架
AlPH158GSi,银色 品牌12 15英寸 一体机（8吉字节内存）,一体机,品牌12,15英寸,8吉字节内存,银色,16*1*1,15,AJ53E,亚历克斯,收货,上架
PeNa50WaGr,灰色 品牌23 50 铅笔（水彩）,铅笔,品牌23,50,水彩,灰色,48*10*5,1512,DM31G,莎拉,收货,上架
PrNoA2MoWh,白色 品牌26 二号纸 打印机（黑白）,打印机,品牌26,二号纸,黑白,白色,16*1*1,15,DM31B,艾米,收货,上架
TaCI15FrWh,白色 品牌27 1500 桌子（框架式）,桌子,品牌27,1500,框架式,白色,8*1*1,6,BS16H,迈克,收货,上架
SPRe50SoBl,黑色 品牌22 50 触控笔（可溶性）,触控笔,品牌22,50,可溶性,黑色,48*10*5,957,DT65C,亚历克斯,收货,上架
TVGn42FHWh,白色 品牌30 42英寸 电视机（全高清）,电视机,品牌30,42英寸,全高清,白色,8*1*1,8,AU74E,劳拉,收货,上架
TaTR10AdSi,银色 品牌28 1000 桌子（可调节）,桌子,品牌28,1000,可调节,银色,8*1*1,6,CK01B,艾米丽,收货,上架
AlOv17i7Wh,白色 品牌13 17英寸 一体机（第7代处理器）,一体机,品牌13,17英寸,第7代处理器,白色,16*1*1,1,CK19E,大卫,收货,上架
TVEs50S4Gr,灰色 品牌32 50英寸 电视机（超级超高清）,电视机,品牌32,50英寸,超级超高清,灰色,8*1*1,8,CF04D,艾米,收货,上架
GaAEMErWh,白色 品牌05 中号 游戏椅（人体工学）,游戏椅,品牌05,中号,人体工学,白色,16*1*1,7,CH53B,迈克,收货,上架
LaOv1732Si,银色 品牌13 17英寸 笔记本电脑（32吉字节内存）,笔记本电脑,品牌13,17英寸,32吉字节内存,银色,16*1*1,5,DO27F,简,收货,上架
PeAl12WaGr,灰色 品牌20 12 铅笔（水彩）,铅笔,品牌20,12,水彩,灰色,48*10*5,1386,CO76A,艾米丽,收货,上架
TaAE18AuBl,黑色 品牌05 1800 桌子（自动调节）,桌子,品牌05,1800,自动调节,黑色,8*1*1,4,AG92B,约翰,收货,上架
DrQE12FiBl,黑色 品牌01 1200 抽屉柜（文件收纳）,抽屉柜,品牌01,1200,文件收纳,黑色,8*1*1,8,AR26B,大卫,收货,上架
TaTR10AuWh,白色 品牌28 1000 桌子（自动调节）,桌子,品牌28,1000,自动调节,白色,8*1*1,4,AL38D,简,收货,上架
LaPH1732Si,银色 品牌12 17英寸 笔记本电脑（32吉字节内存）,笔记本电脑,品牌12,17英寸,32吉字节内存,银色,16*1*1,13,AW91F,大卫,收货,上架
TVGn75FHBl,黑色 品牌30 75英寸 电视机（全高清）,电视机,品牌30,75英寸,全高清,黑色,8*1*1,6,AK14H,克里斯,收货,上架
OfSEMAdPi,粉色 品牌08 中号 办公椅（可调节）,办公椅,品牌08,中号,可调节,粉色,16*1*1,5,DN46H,简,收货,上架
TaCI18FrBl,黑色 品牌27 1800 桌子（框架式）,桌子,品牌27,1800,框架式,黑色,8*1*1,7,CZ92E,莎拉,收货,上架
TVGn50FHBl,黑色 品牌30 50英寸 电视机（全高清）,电视机,品牌30,50英寸,全高清,黑色,8*1*1,3,DX53C,克里斯,收货,上架
CuTE90SlBe,米色 品牌04 900 储物柜（滑动式）,储物柜,品牌04,900,滑动式,米色,8*1*1,8,AM55B,迈克,收货,上架
TVEs654KSi,银色 品牌32 65英寸 电视机（超高清）,电视机,品牌32,65英寸,超高清,银色,8*1*1,6,DP37C,克里斯,收货,上架
NoExA4doSi,银色 品牌16 四号纸 笔记本（点阵）,笔记本,品牌16,四号纸,点阵,银色,48*10*5,604,DU20H,约翰,收货,上架
AlYn17i5Wh,白色 品牌15 17英寸 一体机（第5代处理器）,一体机,品牌15,17英寸,第5代处理器,白色,16*1*1,8,BZ84B,莎拉,收货,上架
SPNa24WaGr,灰色 品牌23 24 触控笔（水彩）,触控笔,品牌23,24,水彩,灰色,48*10*5,1390,CN85C,亚历克斯,收货,上架
DrRG18FiGr,灰色 品牌03 1800 抽屉柜（文件收纳）,抽屉柜,品牌03,1800,文件收纳,灰色,8*1*1,4,BH34H,亚历克斯,收货,上架
PeRe12HePi,粉色 品牌22 12 铅笔（六角形）,铅笔,品牌22,12,六角形,粉色,48*10*5,322,DJ08A,克里斯,收货,上架
PeRe50WaBl,黑色 品牌22 50 铅笔（水彩）,铅笔,品牌22,50,水彩,黑色,48*10*5,300,AY02A,艾米,收货,上架
CuRG18DoBe,米色 品牌03 1800 储物柜（带门式）,储物柜,品牌03,1800,带门式,米色,8*1*1,5,BR24B,大卫,收货,上架
OfXESAdPi,粉色 品牌06 小号 办公椅（可调节）,办公椅,品牌06,小号,可调节,粉色,16*1*1,13,CX94G,迈克,收货,上架
AlPH178GWh,白色 品牌12 17英寸 一体机（8吉字节内存）,一体机,品牌12,17英寸,8吉字节内存,白色,16*1*1,16,AP70A,莎拉,收货,上架
AlRe14i5Wh,白色 品牌14 14英寸 一体机（第5代处理器）,一体机,品牌14,14英寸,第5代处理器,白色,16*1*1,1,DL28D,劳拉,收货,上架
NoScA5doWh,白色 品牌17 五号纸 笔记本（点阵）,笔记本,品牌17,五号纸,点阵,白色,48*10*5,2047,AF86C,克里斯,收货,上架
CaRG90FiBl,黑色 品牌03 900 文件柜（文件收纳）,文件柜,品牌03,900,文件收纳,黑色,8*1*1,4,AL05E,约翰,收货,上架
TaTR18FrWh,白色 品牌29 1800 桌子（框架式）,桌子,品牌29,1800,框架式,白色,8*1*1,2,AL82E,迈克,收货,上架
NoScA3ruWh,白色 品牌17 三号纸 笔记本（横线）,笔记本,品牌17,三号纸,横线,白色,48*10*5,1367,AO43G,艾米,收货,上架
TaAE15AuSi,银色 品牌05 1500 桌子（自动调节）,桌子,品牌05,1500,自动调节,银色,8*1*1,2,DY19E,亚历克斯,收货,上架
TaTR18WoWh,白色 品牌29 1800 桌子（工作站）,桌子,品牌29,1800,工作站,白色,8*1*1,1,DH85H,约翰,收货,上架
SPNa24SoGr,灰色 品牌23 24 触控笔（可溶性）,触控笔,品牌23,24,可溶性,灰色,48*10*5,1210,AL08A,莎拉,收货,上架
PeRe24WaBl,黑色 品牌22 24 铅笔（水彩）,铅笔,品牌22,24,水彩,黑色,48*10*5,2259,CJ68C,约翰,收货,上架
MoHc35MeBl,黑色 品牌09 350 鼠标（机械式）,鼠标,品牌09,350,机械式,黑色,16*10*1,121,AK91A,艾米,收货,上架
PrPHA3AlWh,白色 品牌12 三号纸 打印机（一体式）,打印机,品牌12,三号纸,一体式,白色,16*1*1,10,BJ40F,莎拉,收货,上架
OfSEMAdGr,灰色 品牌08 中号 办公椅（可调节）,办公椅,品牌08,中号,可调节,灰色,16*1*1,2,BX78H,艾米丽,收货,上架
GaOGLHeGr,灰色 品牌07 大号 游戏椅（头枕）,游戏椅,品牌07,大号,头枕,灰色,16*1*1,9,CL18E,艾米丽,收货,上架
TaAE18FrSi,银色 品牌05 1800 桌子（框架式）,桌子,品牌05,1800,框架式,银色,8*1*1,6,DQ67A,约翰,收货,上架
LaOv148GWh,白色 品牌13 14英寸 笔记本电脑（8吉字节内存）,笔记本电脑,品牌13,14英寸,8吉字节内存,白色,16*1*1,4,DH33A,克里斯,收货,上架
CaRG90SlBl,黑色 品牌03 900 文件柜（滑动式）,文件柜,品牌03,900,滑动式,黑色,8*1*1,6,BO41B,莎拉,收货,上架
CaTE18SlBl,黑色 品牌04 1800 文件柜（滑动式）,文件柜,品牌04,1800,滑动式,黑色,8*1*1,1,BH30G,莎拉,收货,上架
MoSu35BlPi,粉色 品牌11 350 鼠标（蓝牙）,鼠标,品牌11,350,蓝牙,粉色,16*10*1,51,AV34H,大卫,收货,上架
PrPHA3MoGr,灰色 品牌12 三号纸 打印机（黑白）,打印机,品牌12,三号纸,黑白,灰色,16*1*1,4,AG58F,简,收货,上架
PrNoA2WiGr,灰色 品牌26 二号纸 打印机（无线网络）,打印机,品牌26,二号纸,无线网络,灰色,16*1*1,2,AL59C,莎拉,收货,上架
NoMuA3liSi,银色 品牌19 三号纸 笔记本（线条）,笔记本,品牌19,三号纸,线条,银色,48*10*5,2053,AX36A,劳拉,收货,上架
TaAE15AdSi,银色 品牌05 1500 桌子（可调节）,桌子,品牌05,1500,可调节,银色,8*1*1,2,DY11A,约翰,收货,上架
LaSu15i7Bl,黑色 品牌11 15英寸 笔记本电脑（第7代处理器）,笔记本电脑,品牌11,15英寸,第7代处理器,黑色,16*1*1,11,CS88D,莎拉,收货,上架
TVYn654KWh,白色 品牌15 65英寸 电视机（超高清）,电视机,品牌15,65英寸,超高清,白色,8*1*1,5,CU53A,劳拉,收货,上架
MoHc27ErPi,粉色 品牌09 270 鼠标（人体工学）,鼠标,品牌09,270,人体工学,粉色,16*10*1,3,AP01A,劳拉,收货,上架
AlYn178GGr,灰色 品牌15 17英寸 一体机（8吉字节内存）,一体机,品牌15,17英寸,8吉字节内存,灰色,16*1*1,4,DW56D,劳拉,收货,上架
NoScA4ruWh,白色 品牌17 四号纸 笔记本（横线）,笔记本,品牌17,四号纸,横线,白色,48*10*5,452,DI85E,艾米,收货,上架
PrReA2WiWh,白色 品牌24 二号纸 打印机（无线网络）,打印机,品牌24,二号纸,无线网络,白色,16*1*1,13,BX02A,大卫,收货,上架
PeAl50WaBl,黑色 品牌20 50 铅笔（水彩）,铅笔,品牌20,50,水彩,黑色,48*10*5,2228,DX93D,亚历克斯,收货,上架
GaXESErGr,灰色 品牌06 小号 游戏椅（人体工学）,游戏椅,品牌06,小号,人体工学,灰色,16*1*1,16,AK44C,劳拉,收货,上架
TVEs754KSi,银色 品牌32 75英寸 电视机（超高清）,电视机,品牌32,75英寸,超高清,银色,8*1*1,7,DM20F,亚历克斯,收货,上架
PrPHA3MoMi,混合色 品牌12 三号纸 打印机（黑白）,打印机,品牌12,三号纸,黑白,混合色,16*1*1,14,AX71C,艾米丽,收货,上架
PrNoA2InWh,白色 品牌26 二号纸 打印机（喷墨）,打印机,品牌26,二号纸,喷墨,白色,16*1*1,4,DH64F,迈克,收货,上架
PeNa12HeGr,灰色 品牌23 12 铅笔（六角形）,铅笔,品牌23,12,六角形,灰色,48*10*5,1568,DT95H,约翰,收货,上架
DrRG12SlWh,白色 品牌03 1200 抽屉柜（滑动式）,抽屉柜,品牌03,1200,滑动式,白色,8*1*1,4,BG42A,克里斯,收货,上架
KePH35BlPi,粉色 品牌12 350 键盘（蓝牙）,键盘,品牌12,350,蓝牙,粉色,16*10*1,148,CM31G,约翰,收货,上架
TaTR15WoSi,银色 品牌29 1500 桌子（工作站）,桌子,品牌29,1500,工作站,银色,8*1*1,8,CF13B,约翰,收货,上架
CaWE12FiWh,白色 品牌02 1200 文件柜（文件收纳）,文件柜,品牌02,1200,文件收纳,白色,8*1*1,3,CZ57C,艾米丽,收货,上架
LaOv1432Bl,黑色 品牌13 14英寸 笔记本电脑（32吉字节内存）,笔记本电脑,品牌13,14英寸,32吉字节内存,黑色,16*1*1,16,AZ49F,亚历克斯,收货,上架
OfOGSHeBl,黑色 品牌07 小号 办公椅（头枕）,办公椅,品牌07,小号,头枕,黑色,16*1*1,8,BU16G,简,收货,上架
AlOv1716Bl,黑色 品牌13 17英寸 一体机（16吉字节内存）,一体机,品牌13,17英寸,16吉字节内存,黑色,16*1*1,16,AY72D,莎拉,收货,上架
MoSu45BlPi,粉色 品牌11 450 鼠标（蓝牙）,鼠标,品牌11,450,蓝牙,粉色,16*10*1,94,CR86E,亚历克斯,收货,上架
CuQE90LoWh,白色 品牌01 900 储物柜（储物锁柜）,储物柜,品牌01,900,储物锁柜,白色,8*1*1,4,DM35G,亚历克斯,收货,上架
AlPH158GWh,白色 品牌12 15英寸 一体机（8吉字节内存）,一体机,品牌12,15英寸,8吉字节内存,白色,16*1*1,5,CK62E,克里斯,收货,上架
CaRG90FiBe,米色 品牌03 900 文件柜（文件收纳）,文件柜,品牌03,900,文件收纳,米色,8*1*1,8,AR20F,莎拉,收货,上架
LaOv1716Si,银色 品牌13 17英寸 笔记本电脑（16吉字节内存）,笔记本电脑,品牌13,17英寸,16吉字节内存,银色,16*1*1,5,AU93H,艾米丽,收货,上架
CuQE12LoBe,米色 品牌01 1200 储物柜（储物锁柜）,储物柜,品牌01,1200,储物锁柜,米色,8*1*1,8,CU34F,约翰,收货,上架
CaRG12DoWh,白色 品牌03 1200 文件柜（带门式）,文件柜,品牌03,1200,带门式,白色,8*1*1,5,CK18G,大卫,收货,上架
SPAl12WaPi,粉色 品牌20 12 触控笔（水彩）,触控笔,品牌20,12,水彩,粉色,48*10*5,368,AV62F,劳拉,收货,上架
CuQE12FiBe,米色 品牌01 1200 储物柜（文件收纳）,储物柜,品牌01,1200,文件收纳,米色,8*1*1,5,DH80B,大卫,收货,上架
PrPHA3InMi,混合色 品牌12 三号纸 打印机（喷墨）,打印机,品牌12,三号纸,喷墨,混合色,16*1*1,10,AJ96H,大卫,收货,上架
AlRe17i5Si,银色 品牌14 17英寸 一体机（第5代处理器）,一体机,品牌14,17英寸,第5代处理器,银色,16*1*1,16,AW85G,大卫,收货,上架
CaQE12LoWh,白色 品牌01 1200 文件柜（储物锁柜）,文件柜,品牌01,1200,储物锁柜,白色,8*1*1,1,CK40A,亚历克斯,收货,上架
TVYn32S4Wh,白色 品牌15 32英寸 电视机（超级超高清）,电视机,品牌15,32英寸,超级超高清,白色,8*1*1,3,AW24E,劳拉,收货,上架
TVGL65FHBl,黑色 品牌31 65英寸 电视机（全高清）,电视机,品牌31,65英寸,全高清,黑色,8*1*1,8,CW22E,亚历克斯,收货,上架
CuWE90DoBl,黑色 品牌02 900 储物柜（带门式）,储物柜,品牌02,900,带门式,黑色,8*1*1,6,AZ60B,艾米,收货,上架
TVGn654KGr,灰色 品牌30 65英寸 电视机（超高清）,电视机,品牌30,65英寸,超高清,灰色,8*1*1,8,BR30D,简,收货,上架
DrWE90LoBl,黑色 品牌02 900 抽屉柜（储物锁柜）,抽屉柜,品牌02,900,储物锁柜,黑色,8*1*1,3,AN33B,约翰,收货,上架
DrQE90LoGr,灰色 品牌01 900 抽屉柜（储物锁柜）,抽屉柜,品牌01,900,储物锁柜,灰色,8*1*1,2,BN44H,莎拉,收货,上架
CuRG12LoBl,黑色 品牌03 1200 储物柜（储物锁柜）,储物柜,品牌03,1200,储物锁柜,黑色,8*1*1,6,BY30F,艾米丽,收货,上架
PeAl24HeGr,灰色 品牌20 24 铅笔（六角形）,铅笔,品牌20,24,六角形,灰色,48*10*5,113,CH80D,劳拉,收货,上架
NoExA3doSi,银色 品牌16 三号纸 笔记本（点阵）,笔记本,品牌16,三号纸,点阵,银色,48*10*5,2383,AF19H,劳拉,收货,上架
MoRe27MeWh,白色 品牌10 270 鼠标（机械式）,鼠标,品牌10,270,机械式,白色,16*10*1,111,AM64H,艾米,收货,上架
TVEs65FHBl,黑色 品牌32 65英寸 电视机（全高清）,电视机,品牌32,65英寸,全高清,黑色,8*1*1,2,BH70F,亚历克斯,收货,上架
CaWE90SlWh,白色 品牌02 900 文件柜（滑动式）,文件柜,品牌02,900,滑动式,白色,8*1*1,4,AZ05B,迈克,收货,上架
DrQE18LoWh,白色 品牌01 1800 抽屉柜（储物锁柜）,抽屉柜,品牌01,1800,储物锁柜,白色,8*1*1,7,BK81A,亚历克斯,收货,上架
PrReA2InBl,黑色 品牌24 二号纸 打印机（喷墨）,打印机,品牌24,二号纸,喷墨,黑色,16*1*1,12,BO47F,简,收货,上架
DrWE90LoBl,黑色 品牌02 900 抽屉柜（储物锁柜）,抽屉柜,品牌02,900,储物锁柜,黑色,8*1*1,1,DY53C,劳拉,收货,上架
PrNoA3WiGr,灰色 品牌26 三号纸 打印机（无线网络）,打印机,品牌26,三号纸,无线网络,灰色,16*1*1,2,CZ59D,艾米,收货,上架
LaRe14i7Si,银色 品牌14 14英寸 笔记本电脑（第7代处理器）,笔记本电脑,品牌14,14英寸,第7代处理器,银色,16*1*1,15,CV30E,艾米丽,收货,上架
KeHc35WiWh,白色 品牌09 350 键盘（有线）,键盘,品牌09,350,有线,白色,16*10*1,9,BU88F,莎拉,收货,上架
OfOGMLeWh,白色 品牌07 中号 办公椅（皮革）,办公椅,品牌07,中号,皮革,白色,16*1*1,11,CR15G,莎拉,收货,上架
NoGrA3ruBl,黑色 品牌18 三号纸 笔记本（横线）,笔记本,品牌18,三号纸,横线,黑色,48*10*5,284,AO16G,约翰,收货,上架
LaYn17i5Bl,黑色 品牌15 17英寸 笔记本电脑（第5代处理器）,笔记本电脑,品牌15,17英寸,第5代处理器,黑色,16*1*1,15,DW98H,艾米丽,收货,上架
TVGL32S4Gr,灰色 品牌31 32英寸 电视机（超级超高清）,电视机,品牌31,32英寸,超级超高清,灰色,8*1*1,1,CM62C,约翰,收货,上架
NoGrA3liGr,灰色 品牌18 三号纸 笔记本（线条）,笔记本,品牌18,三号纸,线条,灰色,48*10*5,329,DO32C,大卫,收货,上架
AlSu1516Wh,白色 品牌11 15英寸 一体机（16吉字节内存）,一体机,品牌11,15英寸,16吉字节内存,白色,16*1*1,4,AW67D,劳拉,收货,上架
PeNa50SoWh,白色 品牌23 50 铅笔（可溶性）,铅笔,品牌23,50,可溶性,白色,48*10*5,2365,BI82H,艾米丽,收货,上架
OfOGMLeWh,白色 品牌07 中号 办公椅（皮革）,办公椅,品牌07,中号,皮革,白色,16*1*1,5,DI39B,劳拉,收货,上架
KeSu27ErNa,藏青色 品牌11 270 键盘（人体工学）,键盘,品牌11,270,人体工学,藏青色,16*10*1,153,CU61G,大卫,收货,上架
TVGn754KWh,白色 品牌30 75英寸 电视机（超高清）,电视机,品牌30,75英寸,超高清,白色,8*1*1,8,DO38A,艾米,收货,上架
OfXEMLeBl,黑色 品牌06 中号 办公椅（皮革）,办公椅,品牌06,中号,皮革,黑色,16*1*1,6,BM11H,克里斯,收货,上架
KeRe27WiNa,藏青色 品牌10 270 键盘（有线）,键盘,品牌10,270,有线,藏青色,16*10*1,62,CH53B,简,收货,上架
DrQE18FiBe,米色 品牌01 1800 抽屉柜（文件收纳）,抽屉柜,品牌01,1800,文件收纳,米色,8*1*1,4,AX66G,艾米,收货,上架
AlYn1432Gr,灰色 品牌15 14英寸 一体机（32吉字节内存）,一体机,品牌15,14英寸,32吉字节内存,灰色,16*1*1,3,AT13C,迈克,收货,上架
OfSESAdWh,白色 品牌08 小号 办公椅（可调节）,办公椅,品牌08,小号,可调节,白色,16*1*1,9,CN84B,约翰,收货,上架
KeSu45MeNa,藏青色 品牌11 450 键盘（机械式）,键盘,品牌11,450,机械式,藏青色,16*10*1,138,BN47B,艾米,收货,上架
LaPH15i7Wh,白色 品牌12 15英寸 笔记本电脑（第7代处理器）,笔记本电脑,品牌12,15英寸,第7代处理器,白色,16*1*1,4,BS54F,莎拉,收货,上架
TaAE15AdWh,白色 品牌05 1500 桌子（可调节）,桌子,品牌05,1500,可调节,白色,8*1*1,4,DM51H,迈克,收货,上架
PeNa12SoGr,灰色 品牌23 12 铅笔（可溶性）,铅笔,品牌23,12,可溶性,灰色,48*10*5,1686,AN89G,艾米丽,收货,上架
AlRe158GSi,银色 品牌14 15英寸 一体机（8吉字节内存）,一体机,品牌14,15英寸,8吉字节内存,银色,16*1*1,5,AQ54D,劳拉,收货,上架
GaXELLePi,粉色 品牌06 大号 游戏椅（皮革）,游戏椅,品牌06,大号,皮革,粉色,16*1*1,2,CG58A,劳拉,收货,上架
PrReA2LaWh,白色 品牌24 二号纸 打印机（激光）,打印机,品牌24,二号纸,激光,白色,16*1*1,1,CQ10G,简,收货,上架
LaSu178GWh,白色 品牌11 17英寸 笔记本电脑（8吉字节内存）,笔记本电脑,品牌11,17英寸,8吉字节内存,白色,16*1*1,15,CH11E,大卫,收货,上架
TVGn75FHSi,银色 品牌30 75英寸 电视机（全高清）,电视机,品牌30,75英寸,全高清,银色,8*1*1,1,BI56F,迈克,收货,上架
NoScA5liWh,白色 品牌17 五号纸 笔记本（线条）,笔记本,品牌17,五号纸,线条,白色,48*10*5,118,CG36F,亚历克斯,收货,上架
TaTR18FrGr,灰色 品牌29 1800 桌子（框架式）,桌子,品牌29,1800,框架式,灰色,8*1*1,3,AQ30G,大卫,收货,上架
TVGL50FHBl,黑色 品牌31 50英寸 电视机（全高清）,电视机,品牌31,50英寸,全高清,黑色,8*1*1,8,DO07F,莎拉,收货,上架
DrWE12LoBe,米色 品牌02 1200 抽屉柜（储物锁柜）,抽屉柜,品牌02,1200,储物锁柜,米色,8*1*1,2,AR96F,大卫,收货,上架
DrQE18LoGr,灰色 品牌01 1800 抽屉柜（储物锁柜）,抽屉柜,品牌01,1800,储物锁柜,灰色,8*1*1,4,AF41C,莎拉,收货,上架
MoHc27ErBl,黑色 品牌09 270 鼠标（人体工学）,鼠标,品牌09,270,人体工学,黑色,16*10*1,55,BI61B,艾米丽,收货,上架
TVGL65S4Gr,灰色 品牌31 65英寸 电视机（超级超高清）,电视机,品牌31,65英寸,超级超高清,灰色,8*1*1,6,BL53D,迈克,收货,上架
MoHc45MeBl,黑色 品牌09 450 鼠标（机械式）,鼠标,品牌09,450,机械式,黑色,16*10*1,139,DQ73H,迈克,收货,上架
KeSu35ErNa,藏青色 品牌11 350 键盘（人体工学）,键盘,品牌11,350,人体工学,藏青色,16*10*1,74,BW29G,简,收货,上架
GaAEMErGr,灰色 品牌05 中号 游戏椅（人体工学）,游戏椅,品牌05,中号,人体工学,灰色,16*1*1,15,CF07H,大卫,收货,上架
MoSu27MeWh,白色 品牌11 270 鼠标（机械式）,鼠标,品牌11,270,机械式,白色,16*10*1,44,BT34B,约翰,收货,上架
MoPH27BlNa,藏青色 品牌12 270 鼠标（蓝牙）,鼠标,品牌12,270,蓝牙,藏青色,16*10*1,20,CX91D,艾米丽,收货,上架
KeSu27ErNa,藏青色 品牌11 270 键盘（人体工学）,键盘,品牌11,270,人体工学,藏青色,16*10*1,62,BY62D,劳拉,收货,上架
SPAl50WaWh,白色 品牌20 50 触控笔（水彩）,触控笔,品牌20,50,水彩,白色,48*10*5,2154,CG02E,艾米丽,收货,上架
CuQE12DoBe,米色 品牌01 1200 储物柜（带门式）,储物柜,品牌01,1200,带门式,米色,8*1*1,5,AS20A,约翰,收货,上架
CaQE18LoGr,灰色 品牌01 1800 文件柜（储物锁柜）,文件柜,品牌01,1800,储物锁柜,灰色,8*1*1,6,DO62D,克里斯,收货,上架
PrNoA3WiGr,灰色 品牌26 三号纸 打印机（无线网络）,打印机,品牌26,三号纸,无线网络,灰色,16*1*1,9,CX85D,莎拉,收货,上架
CuQE12FiGr,灰色 品牌01 1200 储物柜（文件收纳）,储物柜,品牌01,1200,文件收纳,灰色,8*1*1,6,AF86A,约翰,收货,上架
TVGn50S4Bl,黑色 品牌30 50英寸 电视机（超级超高清）,电视机,品牌30,50英寸,超级超高清,黑色,8*1*1,3,DK88A,劳拉,收货,上架
MoRe27BlNa,藏青色 品牌10 270 鼠标（蓝牙）,鼠标,品牌10,270,蓝牙,藏青色,16*10*1,70,DJ87C,约翰,收货,上架
SPNa50HeBl,黑色 品牌23 50 触控笔（六角形）,触控笔,品牌23,50,六角形,黑色,48*10*5,1539,AL45G,艾米丽,收货,上架
OfOGLAdWh,白色 品牌07 大号 办公椅（可调节）,办公椅,品牌07,大号,可调节,白色,16*1*1,9,AW70E,克里斯,收货,上架
AlSu1532Si,银色 品牌11 15英寸 一体机（32吉字节内存）,一体机,品牌11,15英寸,32吉字节内存,银色,16*1*1,1,AL01F,艾米丽,收货,上架
LaYn17i5Wh,白色 品牌15 17英寸 笔记本电脑（第5代处理器）,笔记本电脑,品牌15,17英寸,第5代处理器,白色,16*1*1,10,BM79B,莎拉,收货,上架
CaTE12DoGr,灰色 品牌04 1200 文件柜（带门式）,文件柜,品牌04,1200,带门式,灰色,8*1*1,3,BZ93D,迈克,收货,上架
CuTE18FiWh,白色 品牌04 1800 储物柜（文件收纳）,储物柜,品牌04,1800,文件收纳,白色,8*1*1,3,AK23E,劳拉,收货,上架
CuQE90FiBe,米色 品牌01 900 储物柜（文件收纳）,储物柜,品牌01,900,文件收纳,米色,8*1*1,8,AV17D,大卫,收货,上架
TaTR18AdSi,银色 品牌28 1800 桌子（可调节）,桌子,品牌28,1800,可调节,银色,8*1*1,1,DT42F,劳拉,收货,上架
OfAEMErWh,白色 品牌05 中号 办公椅（人体工学）,办公椅,品牌05,中号,人体工学,白色,16*1*1,7,AU29F,约翰,收货,上架
KePH45BlPi,粉色 品牌12 450 键盘（蓝牙）,键盘,品牌12,450,蓝牙,粉色,16*10*1,92,BP26A,大卫,收货,上架
CuRG90LoBl,黑色 品牌03 900 储物柜（储物锁柜）,储物柜,品牌03,900,储物锁柜,黑色,8*1*1,8,BI91E,克里斯,收货,上架
PeAl24SoWh,白色 品牌20 24 铅笔（可溶性）,铅笔,品牌20,24,可溶性,白色,48*10*5,217,BQ37E,艾米,收货,上架
CuWE18DoBe,米色 品牌02 1800 储物柜（带门式）,储物柜,品牌02,1800,带门式,米色,8*1*1,3,DH55C,艾米,收货,上架
AlSu178GGr,灰色 品牌11 17英寸 一体机（8吉字节内存）,一体机,品牌11,17英寸,8吉字节内存,灰色,16*1*1,8,AK87E,亚历克斯,收货,上架
LaRe1532Gr,灰色 品牌14 15英寸 笔记本电脑（32吉字节内存）,笔记本电脑,品牌14,15英寸,32吉字节内存,灰色,16*1*1,9,DT31E,艾米,收货,上架
OfAEMAdGr,灰色 品牌05 中号 办公椅（可调节）,办公椅,品牌05,中号,可调节,灰色,16*1*1,14,DJ86G,亚历克斯,收货,上架
OfSESHePi,粉色 品牌08 小号 办公椅（头枕）,办公椅,品牌08,小号,头枕,粉色,16*1*1,5,CL85F,亚历克斯,收货,上架
SPAl24WaGr,灰色 品牌20 24 触控笔（水彩）,触控笔,品牌20,24,水彩,灰色,48*10*5,1924,AT96B,克里斯,收货,上架
TVGL32FHGr,灰色 品牌31 32英寸 电视机（全高清）,电视机,品牌31,32英寸,全高清,灰色,8*1*1,8,CQ51A,劳拉,收货,上架
CuQE12SlBl,黑色 品牌01 1200 储物柜（滑动式）,储物柜,品牌01,1200,滑动式,黑色,8*1*1,4,AQ32E,克里斯,收货,上架
KeHc45ErNa,藏青色 品牌09 450 键盘（人体工学）,键盘,品牌09,450,人体工学,藏青色,16*10*1,30,CP09C,莎拉,收货,上架
MoPH35ErWh,白色 品牌12 350 鼠标（人体工学）,鼠标,品牌12,350,人体工学,白色,16*10*1,120,CQ50H,艾米,收货,上架
LaPH1532Si,银色 品牌12 15英寸 笔记本电脑（32吉字节内存）,笔记本电脑,品牌12,15英寸,32吉字节内存,银色,16*1*1,15,BY20F,简,收货,上架
CuRG18DoBl,黑色 品牌03 1800 储物柜（带门式）,储物柜,品牌03,1800,带门式,黑色,8*1*1,2,BV83B,克里斯,收货,上架
TVYn65FHGr,灰色 品牌15 65英寸 电视机（全高清）,电视机,品牌15,65英寸,全高清,灰色,8*1*1,8,DQ93A,大卫,收货,上架
TVGn50FHWh,白色 品牌30 50英寸 电视机（全高清）,电视机,品牌30,50英寸,全高清,白色,8*1*1,8,AO19E,亚历克斯,收货,上架
PrReA3WiBl,黑色 品牌24 三号纸 打印机（无线网络）,打印机,品牌24,三号纸,无线网络,黑色,16*1*1,12,BJ17F,克里斯,收货,上架
AlPH1716Wh,白色 品牌12 17英寸 一体机（16吉字节内存）,一体机,品牌12,17英寸,16吉字节内存,白色,16*1*1,14,DU96A,大卫,收货,上架
TaAE15AdBl,黑色 品牌05 1500 桌子（可调节）,桌子,品牌05,1500,可调节,黑色,8*1*1,8,CK09F,迈克,收货,上架
TaTR18AuWh,白色 品牌28 1800 桌子（自动调节）,桌子,品牌28,1800,自动调节,白色,8*1*1,1,AT17B,约翰,收货,上架
OfSELLeBl,黑色 品牌08 大号 办公椅（皮革）,办公椅,品牌08,大号,皮革,黑色,16*1*1,11,CW57H,莎拉,收货,上架
GaSEMHePi,粉色 品牌08 中号 游戏椅（头枕）,游戏椅,品牌08,中号,头枕,粉色,16*1*1,8,CI01B,劳拉,收货,上架
CuWE18FiBe,米色 品牌02 1800 储物柜（文件收纳）,储物柜,品牌02,1800,文件收纳,米色,8*1*1,5,AM88D,克里斯,收货,上架
NoExA4ruWh,白色 品牌16 四号纸 笔记本（横线）,笔记本,品牌16,四号纸,横线,白色,48*10*5,964,DH17E,劳拉,收货,上架
LaRe17i7Wh,白色 品牌14 17英寸 笔记本电脑（第7代处理器）,笔记本电脑,品牌14,17英寸,第7代处理器,白色,16*1*1,4,AG91E,简,收货,上架
PeRe24HeBl,黑色 品牌22 24 铅笔（六角形）,铅笔,品牌22,24,六角形,黑色,48*10*5,1128,BL78D,迈克,收货,上架
NoGrA3ruGr,灰色 品牌18 三号纸 笔记本（横线）,笔记本,品牌18,三号纸,横线,灰色,48*10*5,1713,AR17G,劳拉,收货,上架
AlOv14i7Si,银色 品牌13 14英寸 一体机（第7代处理器）,一体机,品牌13,14英寸,第7代处理器,银色,16*1*1,9,AQ90H,克里斯,收货,上架
CuTE18FiGr,灰色 品牌04 1800 储物柜（文件收纳）,储物柜,品牌04,1800,文件收纳,灰色,8*1*1,8,AF60F,迈克,收货,上架
GaOGMHePi,粉色 品牌07 中号 游戏椅（头枕）,游戏椅,品牌07,中号,头枕,粉色,16*1*1,4,BX86B,约翰,收货,上架
PrPHA4AlGr,灰色 品牌12 四号纸 打印机（一体式）,打印机,品牌12,四号纸,一体式,灰色,16*1*1,16,BJ15F,大卫,收货,上架
TVYn75S4Wh,白色 品牌15 75英寸 电视机（超级超高清）,电视机,品牌15,75英寸,超级超高清,白色,8*1*1,6,BY34F,亚历克斯,收货,上架
TVGn42SFBl,黑色 品牌30 42英寸 电视机（超级全高清）,电视机,品牌30,42英寸,超级全高清,黑色,8*1*1,7,CP51H,简,收货,上架
SPRe12WaPi,粉色 品牌22 12 触控笔（水彩）,触控笔,品牌22,12,水彩,粉色,48*10*5,814,BH39G,克里斯,收货,上架
SPRe50WaGr,灰色 品牌22 50 触控笔（水彩）,触控笔,品牌22,50,水彩,灰色,48*10*5,1398,DN18G,迈克,收货,上架
AlSu15i7Si,银色 品牌11 15英寸 一体机（第7代处理器）,一体机,品牌11,15英寸,第7代处理器,银色,16*1*1,15,AV35C,克里斯,收货,上架
PrPHA2WiBl,黑色 品牌12 二号纸 打印机（无线网络）,打印机,品牌12,二号纸,无线网络,黑色,16*1*1,8,DR05H,迈克,收货,上架
TaCI15AdWh,白色 品牌27 1500 桌子（可调节）,桌子,品牌27,1500,可调节,白色,8*1*1,1,CX28B,迈克,收货,上架
TaTR18WoWh,白色 品牌28 1800 桌子（工作站）,桌子,品牌28,1800,工作站,白色,8*1*1,4,DR68A,简,收货,上架
AlSu14i5Bl,黑色 品牌11 14英寸 一体机（第5代处理器）,一体机,品牌11,14英寸,第5代处理器,黑色,16*1*1,10,AM43D,克里斯,收货,上架
DrQE18SlBe,米色 品牌01 1800 抽屉柜（滑动式）,抽屉柜,品牌01,1800,滑动式,米色,8*1*1,3,AH84G,劳拉,收货,上架
CuWE12FiGr,灰色 品牌02 1200 储物柜（文件收纳）,储物柜,品牌02,1200,文件收纳,灰色,8*1*1,2,AF73F,莎拉,收货,上架
TVGn424KGr,灰色 品牌30 42英寸 电视机（超高清）,电视机,品牌30,42英寸,超高清,灰色,8*1*1,1,AK64A,约翰,收货,上架
AlOv1532Bl,黑色 品牌13 15英寸 一体机（32吉字节内存）,一体机,品牌13,15英寸,32吉字节内存,黑色,16*1*1,14,BV55A,艾米,收货,上架
PrNoA2InMi,混合色 品牌26 二号纸 打印机（喷墨）,打印机,品牌26,二号纸,喷墨,混合色,16*1*1,15,DR05E,迈克,收货,上架
AlOv178GGr,灰色 品牌13 17英寸 一体机（8吉字节内存）,一体机,品牌13,17英寸,8吉字节内存,灰色,16*1*1,16,CL22A,劳拉,收货,上架
LaOv1732Wh,白色 品牌13 17英寸 笔记本电脑（32吉字节内存）,笔记本电脑,品牌13,17英寸,32吉字节内存,白色,16*1*1,1,BQ88D,大卫,收货,上架
MoPH27ErBl,黑色 品牌12 270 鼠标（人体工学）,鼠标,品牌12,270,人体工学,黑色,16*10*1,155,BP69F,劳拉,收货,上架
TVGn324KGr,灰色 品牌30 32英寸 电视机（超高清）,电视机,品牌30,32英寸,超高清,灰色,8*1*1,3,BH43A,简,收货,上架
AlSu17i7Wh,白色 品牌11 17英寸 一体机（第7代处理器）,一体机,品牌11,17英寸,第7代处理器,白色,16*1*1,4,AF41G,克里斯,收货,上架
KeSu45ErWh,白色 品牌11 450 键盘（人体工学）,键盘,品牌11,450,人体工学,白色,16*10*1,1,CO83G,迈克,收货,上架
CaRG12SlGr,灰色 品牌03 1200 文件柜（滑动式）,文件柜,品牌03,1200,滑动式,灰色,8*1*1,5,CT10C,迈克,收货,上架
MoRe27BlWh,白色 品牌10 270 鼠标（蓝牙）,鼠标,品牌10,270,蓝牙,白色,16*10*1,109,DW67D,莎拉,收货,上架
PrReA2InWh,白色 品牌24 二号纸 打印机（喷墨）,打印机,品牌24,二号纸,喷墨,白色,16*1*1,14,CU81F,劳拉,收货,上架
MoRe27BlWh,白色 品牌10 270 鼠标（蓝牙）,鼠标,品牌10,270,蓝牙,白色,16*10*1,154,AW91F,简,收货,上架
TVGn65FHGr,灰色 品牌30 65英寸 电视机（全高清）,电视机,品牌30,65英寸,全高清,灰色,8*1*1,1,DX55F,迈克,收货,上架
KeRe45ErPi,粉色 品牌10 450 键盘（人体工学）,键盘,品牌10,450,人体工学,粉色,16*10*1,155,CW67F,莎拉,收货,上架
CuWE18LoBl,黑色 品牌02 1800 储物柜（储物锁柜）,储物柜,品牌02,1800,储物锁柜,黑色,8*1*1,3,DS40C,劳拉,收货,上架
CuQE90FiBe,米色 品牌01 900 储物柜（文件收纳）,储物柜,品牌01,900,文件收纳,米色,8*1*1,8,DI67H,亚历克斯,收货,上架
CaQE12DoGr,灰色 品牌01 1200 文件柜（带门式）,文件柜,品牌01,1200,带门式,灰色,8*1*1,2,AS15E,劳拉,收货,上架
OfXELErBl,黑色 品牌06 大号 办公椅（人体工学）,办公椅,品牌06,大号,人体工学,黑色,16*1*1,15,CK49E,亚历克斯,收货,上架
NoExA4liGr,灰色 品牌16 四号纸 笔记本（线条）,笔记本,品牌16,四号纸,线条,灰色,48*10*5,169,CJ94A,克里斯,收货,上架
CaTE12SlGr,灰色 品牌04 1200 文件柜（滑动式）,文件柜,品牌04,1200,滑动式,灰色,8*1*1,6,CU48E,莎拉,收货,上架
AlSu1716Wh,白色 品牌11 17英寸 一体机（16吉字节内存）,一体机,品牌11,17英寸,16吉字节内存,白色,16*1*1,16,BT80F,简,收货,上架
NoMuA3liSi,银色 品牌19 三号纸 笔记本（线条）,笔记本,品牌19,三号纸,线条,银色,48*10*5,626,AO70C,艾米,收货,上架
OfXELAdWh,白色 品牌06 大号 办公椅（可调节）,办公椅,品牌06,大号,可调节,白色,16*1*1,16,DL84D,劳拉,收货,上架
DrQE12SlBe,米色 品牌01 1200 抽屉柜（滑动式）,抽屉柜,品牌01,1200,滑动式,米色,8*1*1,4,CS27E,简,收货,上架
TVEs75FHBl,黑色 品牌32 75英寸 电视机（全高清）,电视机,品牌32,75英寸,全高清,黑色,8*1*1,1,BN46H,迈克,收货,上架
PrPHA2AlMi,混合色 品牌12 二号纸 打印机（一体式）,打印机,品牌12,二号纸,一体式,混合色,16*1*1,7,AS52B,艾米丽,收货,上架
CuRG18SlBl,黑色 品牌03 1800 储物柜（滑动式）,储物柜,品牌03,1800,滑动式,黑色,8*1*1,1,AX66A,亚历克斯,收货,上架
PrReA3AlBl,黑色 品牌24 三号纸 打印机（一体式）,打印机,品牌24,三号纸,一体式,黑色,16*1*1,1,AH38F,大卫,收货,上架
AlSu1416Si,银色 品牌11 14英寸 一体机（16吉字节内存）,一体机,品牌11,14英寸,16吉字节内存,银色,16*1*1,10,AV04H,迈克,收货,上架
TVGL75S4Wh,白色 品牌31 75英寸 电视机（超级超高清）,电视机,品牌31,75英寸,超级超高清,白色,8*1*1,1,CN13C,迈克,收货,上架
TVGn32SFSi,银色 品牌30 32英寸 电视机（超级全高清）,电视机,品牌30,32英寸,超级全高清,银色,8*1*1,4,CO81E,迈克,收货,上架
TVGL42FHBl,黑色 品牌31 42英寸 电视机（全高清）,电视机,品牌31,42英寸,全高清,黑色,8*1*1,1,BZ26H,艾米丽,收货,上架
PeAl24HeWh,白色 品牌20 24 铅笔（六角形）,铅笔,品牌20,24,六角形,白色,48*10*5,1625,DZ51G,亚历克斯,收货,上架
LaOv17i7Wh,白色 品牌13 17英寸 笔记本电脑（第7代处理器）,笔记本电脑,品牌13,17英寸,第7代处理器,白色,16*1*1,3,CT25D,约翰,收货,上架
TVYn50S4Wh,白色 品牌15 50英寸 电视机（超级超高清）,电视机,品牌15,50英寸,超级超高清,白色,8*1*1,3,CU02D,艾米丽,收货,上架
LaPH17i7Bl,黑色 品牌12 17英寸 笔记本电脑（第7代处理器）,笔记本电脑,品牌12,17英寸,第7代处理器,黑色,16*1*1,10,BH38G,大卫,收货,上架
MoPH45BlBl,黑色 品牌12 450 鼠标（蓝牙）,鼠标,品牌12,450,蓝牙,黑色,16*10*1,33,BL91B,莎拉,收货,上架
DrTE12SlGr,灰色 品牌04 1200 抽屉柜（滑动式）,抽屉柜,品牌04,1200,滑动式,灰色,8*1*1,3,AM73G,亚历克斯,收货,上架
OfOGMErPi,粉色 品牌07 中号 办公椅（人体工学）,办公椅,品牌07,中号,人体工学,粉色,16*1*1,4,DJ18C,劳拉,收货,上架
LaRe1732Gr,灰色 品牌14 17英寸 笔记本电脑（32吉字节内存）,笔记本电脑,品牌14,17英寸,32吉字节内存,灰色,16*1*1,8,BH52A,克里斯,收货,上架
NoMuA5doWh,白色 品牌19 五号纸 笔记本（点阵）,笔记本,品牌19,五号纸,点阵,白色,48*10*5,514,CR13E,约翰,收货,上架
GaSELLeBl,黑色 品牌08 大号 游戏椅（皮革）,游戏椅,品牌08,大号,皮革,黑色,16*1*1,14,DH96F,艾米,收货,上架
PrNoA2InMi,混合色 品牌26 二号纸 打印机（喷墨）,打印机,品牌26,二号纸,喷墨,混合色,16*1*1,5,BU79B,迈克,收货,上架
SPGi50SoWh,白色 品牌21 50 触控笔（可溶性）,触控笔,品牌21,50,可溶性,白色,48*10*5,1049,DQ25B,简,收货,上架
LaSu15i7Wh,白色 品牌11 15英寸 笔记本电脑（第7代处理器）,笔记本电脑,品牌11,15英寸,第7代处理器,白色,16*1*1,8,AN34F,亚历克斯,收货,上架
TVGn32SFBl,黑色 品牌30 32英寸 电视机（超级全高清）,电视机,品牌30,32英寸,超级全高清,黑色,8*1*1,1,BT31G,亚历克斯,收货,上架
LaYn15i5Wh,白色 品牌15 15英寸 笔记本电脑（第5代处理器）,笔记本电脑,品牌15,15英寸,第5代处理器,白色,16*1*1,14,AM11F,约翰,收货,上架
CuWE90DoWh,白色 品牌02 900 储物柜（带门式）,储物柜,品牌02,900,带门式,白色,8*1*1,4,DJ48G,简,收货,上架
KeSu45MeWh,白色 品牌11 450 键盘（机械式）,键盘,品牌11,450,机械式,白色,16*10*1,89,AZ79B,约翰,收货,上架
NoMuA3ruBl,黑色 品牌19 三号纸 笔记本（横线）,笔记本,品牌19,三号纸,横线,黑色,48*10*5,2361,BR69E,艾米,收货,上架
SPRe50WaWh,白色 品牌22 50 触控笔（水彩）,触控笔,品牌22,50,水彩,白色,48*10*5,2064,DR26G,莎拉,收货,上架
DrRG12SlWh,白色 品牌03 1200 抽屉柜（滑动式）,抽屉柜,品牌03,1200,滑动式,白色,8*1*1,6,AR09G,艾米,收货,上架
CaTE18DoBl,黑色 品牌04 1800 文件柜（带门式）,文件柜,品牌04,1800,带门式,黑色,8*1*1,5,DS27H,艾米,收货,上架
TVGn50FHGr,灰色 品牌30 50英寸 电视机（全高清）,电视机,品牌30,50英寸,全高清,灰色,8*1*1,1,DX80C,克里斯,收货,上架
AlSu148GGr,灰色 品牌11 14英寸 一体机（8吉字节内存）,一体机,品牌11,14英寸,8吉字节内存,灰色,16*1*1,7,DH46H,劳拉,收货,上架
LaYn1416Bl,黑色 品牌15 14英寸 笔记本电脑（16吉字节内存）,笔记本电脑,品牌15,14英寸,16吉字节内存,黑色,16*1*1,5,BL25F,约翰,收货,上架
TaCI15WoGr,灰色 品牌27 1500 桌子（工作站）,桌子,品牌27,1500,工作站,灰色,8*1*1,6,AN81D,大卫,收货,上架
SPNa12HeWh,白色 品牌23 12 触控笔（六角形）,触控笔,品牌23,12,六角形,白色,48*10*5,1900,CZ16C,简,收货,上架
CaTE12FiBl,黑色 品牌04 1200 文件柜（文件收纳）,文件柜,品牌04,1200,文件收纳,黑色,8*1*1,5,CT30H,劳拉,收货,上架
GaOGSHePi,粉色 品牌07 小号 游戏椅（头枕）,游戏椅,品牌07,小号,头枕,粉色,16*1*1,14,BY76A,艾米丽,收货,上架
CuTE12DoBl,黑色 品牌04 1200 储物柜（带门式）,储物柜,品牌04,1200,带门式,黑色,8*1*1,4,DW56D,迈克,收货,上架
LaRe15i5Si,银色 品牌14 15英寸 笔记本电脑（第5代处理器）,笔记本电脑,品牌14,15英寸,第5代处理器,银色,16*1*1,15,CO85E,约翰,收货,上架
DrQE90LoBe,米色 品牌01 900 抽屉柜（储物锁柜）,抽屉柜,品牌01,900,储物锁柜,米色,8*1*1,4,BM44E,艾米,收货,上架
PeAl50HeBl,黑色 品牌20 50 铅笔（六角形）,铅笔,品牌20,50,六角形,黑色,48*10*5,1712,AN75C,约翰,收货,上架
TVEs65SFBl,黑色 品牌32 65英寸 电视机（超级全高清）,电视机,品牌32,65英寸,超级全高清,黑色,8*1*1,3,CF76E,大卫,收货,上架
CuQE12SlBl,黑色 品牌01 1200 储物柜（滑动式）,储物柜,品牌01,1200,滑动式,黑色,8*1*1,5,BJ90A,劳拉,收货,上架
TVYn42SFWh,白色 品牌15 42英寸 电视机（超级全高清）,电视机,品牌15,42英寸,超级全高清,白色,8*1*1,6,AL86A,亚历克斯,收货,上架
KeRe27WiNa,藏青色 品牌10 270 键盘（有线）,键盘,品牌10,270,有线,藏青色,16*10*1,74,AR92A,约翰,收货,上架
AlPH1532Wh,白色 品牌12 15英寸 一体机（32吉字节内存）,一体机,品牌12,15英寸,32吉字节内存,白色,16*1*1,3,BY34B,大卫,收货,上架
MoSu45WiBl,黑色 品牌11 450 鼠标（有线）,鼠标,品牌11,450,有线,黑色,16*10*1,85,DS84A,莎拉,收货,上架
OfSESAdPi,粉色 品牌08 小号 办公椅（可调节）,办公椅,品牌08,小号,可调节,粉色,16*1*1,13,BH96B,大卫,收货,上架
PrSoA4MoWh,白色 品牌25 四号纸 打印机（黑白）,打印机,品牌25,四号纸,黑白,白色,16*1*1,5,BM61E,艾米丽,收货,上架
AlPH148GGr,灰色 品牌12 14英寸 一体机（8吉字节内存）,一体机,品牌12,14英寸,8吉字节内存,灰色,16*1*1,7,CT35E,亚历克斯,收货,上架
TVGL75SFBl,黑色 品牌31 75英寸 电视机（超级全高清）,电视机,品牌31,75英寸,超级全高清,黑色,8*1*1,4,CT95D,大卫,收货,上架
PeRe50SoWh,白色 品牌22 50 铅笔（可溶性）,铅笔,品牌22,50,可溶性,白色,48*10*5,2372,CY54H,艾米,收货,上架
TVYn424KSi,银色 品牌15 42英寸 电视机（超高清）,电视机,品牌15,42英寸,超高清,银色,8*1*1,6,BZ86D,亚历克斯,收货,上架
TVGL654KGr,灰色 品牌31 65英寸 电视机（超高清）,电视机,品牌31,65英寸,超高清,灰色,8*1*1,5,DP15E,简,收货,上架
OfAEMAdGr,灰色 品牌05 中号 办公椅（可调节）,办公椅,品牌05,中号,可调节,灰色,16*1*1,11,DO04A,劳拉,收货,上架
OfXEMAdGr,灰色 品牌06 中号 办公椅（可调节）,办公椅,品牌06,中号,可调节,灰色,16*1*1,15,BM56A,约翰,收货,上架
LaOv1532Si,银色 品牌13 15英寸 笔记本电脑（32吉字节内存）,笔记本电脑,品牌13,15英寸,32吉字节内存,银色,16*1*1,4,CP14E,克里斯,收货,上架
TVYn754KSi,银色 品牌15 75英寸 电视机（超高清）,电视机,品牌15,75英寸,超高清,银色,8*1*1,1,CZ39B,迈克,收货,上架
NoScA3ruGr,灰色 品牌17 三号纸 笔记本（横线）,笔记本,品牌17,三号纸,横线,灰色,48*10*5,1633,BM39D,劳拉,收货,上架
LaYn15i7Wh,白色 品牌15 15英寸 笔记本电脑（第7代处理器）,笔记本电脑,品牌15,15英寸,第7代处理器,白色,16*1*1,2,BM89G,莎拉,收货,上架
SPAl12HePi,粉色 品牌20 12 触控笔（六角形）,触控笔,品牌20,12,六角形,粉色,48*10*5,178,DS72A,莎拉,收货,上架
AlSu17i5Wh,白色 品牌11 17英寸 一体机（第5代处理器）,一体机,品牌11,17英寸,第5代处理器,白色,16*1*1,11,AH02B,大卫,收货,上架
TVGn32SFBl,黑色 品牌30 32英寸 电视机（超级全高清）,电视机,品牌30,32英寸,超级全高清,黑色,8*1*1,4,BF20E,简,收货,上架
GaAEMErWh,白色 品牌05 中号 游戏椅（人体工学）,游戏椅,品牌05,中号,人体工学,白色,16*1*1,14,AL19G,大卫,收货,上架
CuQE12LoGr,灰色 品牌01 1200 储物柜（储物锁柜）,储物柜,品牌01,1200,储物锁柜,灰色,8*1*1,8,DU63E,莎拉,收货,上架
CaWE18LoBe,米色 品牌02 1800 文件柜（储物锁柜）,文件柜,品牌02,1800,储物锁柜,米色,8*1*1,8,CS41E,艾米丽,收货,上架
MoPH45MeWh,白色 品牌12 450 鼠标（机械式）,鼠标,品牌12,450,机械式,白色,16*10*1,4,BQ96G,艾米丽,收货,上架
OfAEMErPi,粉色 品牌05 中号 办公椅（人体工学）,办公椅,品牌05,中号,人体工学,粉色,16*1*1,7,AK95C,艾米丽,收货,上架
MoHc27ErNa,藏青色 品牌09 270 鼠标（人体工学）,鼠标,品牌09,270,人体工学,藏青色,16*10*1,29,DM38B,莎拉,收货,上架
GaXESLeBl,黑色 品牌06 小号 游戏椅（皮革）,游戏椅,品牌06,小号,皮革,黑色,16*1*1,4,CM26A,亚历克斯,收货,上架
TVEs32S4Si,银色 品牌32 32英寸 电视机（超级超高清）,电视机,品牌32,32英寸,超级超高清,银色,8*1*1,4,CR96D,约翰,收货,上架
SPGi12WaBl,黑色 品牌21 12 触控笔（水彩）,触控笔,品牌21,12,水彩,黑色,48*10*5,1313,BQ95A,艾米,收货,上架
TaTR15AuBl,黑色 品牌29 1500 桌子（自动调节）,桌子,品牌29,1500,自动调节,黑色,8*1*1,8,CI86F,约翰,收货,上架
PeGi50WaGr,灰色 品牌21 50 铅笔（水彩）,铅笔,品牌21,50,水彩,灰色,48*10*5,2096,BM02A,艾米丽,收货,上架
TVEs32SFGr,灰色 品牌32 32英寸 电视机（超级全高清）,电视机,品牌32,32英寸,超级全高清,灰色,8*1*1,8,CM35E,艾米,收货,上架
OfXESAdWh,白色 品牌06 小号 办公椅（可调节）,办公椅,品牌06,小号,可调节,白色,16*1*1,16,DK80A,艾米,收货,上架
TaTR18AdGr,灰色 品牌28 1800 桌子（可调节）,桌子,品牌28,1800,可调节,灰色,8*1*1,7,AT06H,亚历克斯,收货,上架
DrQE90FiBe,米色 品牌01 900 抽屉柜（文件收纳）,抽屉柜,品牌01,900,文件收纳,米色,8*1*1,4,DK29D,劳拉,收货,上架
MoRe27ErNa,藏青色 品牌10 270 鼠标（人体工学）,鼠标,品牌10,270,人体工学,藏青色,16*10*1,132,CV67A,莎拉,收货,上架
CuRG18SlGr,灰色 品牌03 1800 储物柜（滑动式）,储物柜,品牌03,1800,滑动式,灰色,8*1*1,7,BQ60C,亚历克斯,收货,上架
AlRe14i5Wh,白色 品牌14 14英寸 一体机（第5代处理器）,一体机,品牌14,14英寸,第5代处理器,白色,16*1*1,5,CJ41G,大卫,收货,上架
CaTE90DoGr,灰色 品牌04 900 文件柜（带门式）,文件柜,品牌04,900,带门式,灰色,8*1*1,5,CH83A,劳拉,收货,上架
TVEs504KBl,黑色 品牌32 50英寸 电视机（超高清）,电视机,品牌32,50英寸,超高清,黑色,8*1*1,6,AH68H,大卫,收货,上架
LaYn14i5Si,银色 品牌15 14英寸 笔记本电脑（第5代处理器）,笔记本电脑,品牌15,14英寸,第5代处理器,银色,16*1*1,2,CZ64D,迈克,收货,上架
CuQE18FiBl,黑色 品牌01 1800 储物柜（文件收纳）,储物柜,品牌01,1800,文件收纳,黑色,8*1*1,8,AZ29G,大卫,收货,上架
PrNoA3InBl,黑色 品牌26 三号纸 打印机（喷墨）,打印机,品牌26,三号纸,喷墨,黑色,16*1*1,15,DR66H,约翰,收货,上架
LaYn14i7Wh,白色 品牌15 14英寸 笔记本电脑（第7代处理器）,笔记本电脑,品牌15,14英寸,第7代处理器,白色,16*1*1,9,AK36H,克里斯,收货,上架
CaQE90DoBl,黑色 品牌01 900 文件柜（带门式）,文件柜,品牌01,900,带门式,黑色,8*1*1,4,DS72A,艾米,收货,上架
TaAE10AuBl,黑色 品牌05 1000 桌子（自动调节）,桌子,品牌05,1000,自动调节,黑色,8*1*1,6,CG57C,迈克,收货,上架
LaOv17i5Si,银色 品牌13 17英寸 笔记本电脑（第5代处理器）,笔记本电脑,品牌13,17英寸,第5代处理器,银色,16*1*1,13,DS40E,艾米,收货,上架
AlOv15i7Bl,黑色 品牌13 15英寸 一体机（第7代处理器）,一体机,品牌13,15英寸,第7代处理器,黑色,16*1*1,11,BV65A,简,收货,上架
OfOGLErWh,白色 品牌07 大号 办公椅（人体工学）,办公椅,品牌07,大号,人体工学,白色,16*1*1,6,BJ80H,艾米丽,收货,上架
TVEs32SFWh,白色 品牌32 32英寸 电视机（超级全高清）,电视机,品牌32,32英寸,超级全高清,白色,8*1*1,3,BH40F,劳拉,收货,上架
LaRe15i7Wh,白色 品牌14 15英寸 笔记本电脑（第7代处理器）,笔记本电脑,品牌14,15英寸,第7代处理器,白色,16*1*1,9,DW42G,艾米丽,收货,上架
LaPH15i5Bl,黑色 品牌12 15英寸 笔记本电脑（第5代处理器）,笔记本电脑,品牌12,15英寸,第5代处理器,黑色,16*1*1,5,DK55A,劳拉,收货,上架
AlPH1532Si,银色 品牌12 15英寸 一体机（32吉字节内存）,一体机,品牌12,15英寸,32吉字节内存,银色,16*1*1,3,BJ08E,艾米,收货,上架
TVEs424KSi,银色 品牌32 42英寸 电视机（超高清）,电视机,品牌32,42英寸,超高清,银色,8*1*1,5,CO68H,亚历克斯,收货,上架
PrPHA4LaGr,灰色 品牌12 四号纸 打印机（激光）,打印机,品牌12,四号纸,激光,灰色,16*1*1,2,AW06B,劳拉,收货,上架
LaPH17i5Bl,黑色 品牌12 17英寸 笔记本电脑（第5代处理器）,笔记本电脑,品牌12,17英寸,第5代处理器,黑色,16*1*1,9,AU19G,迈克,收货,上架
GaOGLErGr,灰色 品牌07 大号 游戏椅（人体工学）,游戏椅,品牌07,大号,人体工学,灰色,16*1*1,12,AQ18C,劳拉,收货,上架
TVEs42SFSi,银色 品牌32 42英寸 电视机（超级全高清）,电视机,品牌32,42英寸,超级全高清,银色,8*1*1,8,CK63A,莎拉,收货,上架
AlYn14i5Gr,灰色 品牌15 14英寸 一体机（第5代处理器）,一体机,品牌15,14英寸,第5代处理器,灰色,16*1*1,8,AW14F,大卫,收货,上架
PeAl12HeGr,灰色 品牌20 12 铅笔（六角形）,铅笔,品牌20,12,六角形,灰色,48*10*5,524,CG20A,迈克,收货,上架
TVGn424KBl,黑色 品牌30 42英寸 电视机（超高清）,电视机,品牌30,42英寸,超高清,黑色,8*1*1,8,DT69G,亚历克斯,收货,上架
NoMuA5liBl,黑色 品牌19 五号纸 笔记本（线条）,笔记本,品牌19,五号纸,线条,黑色,48*10*5,1218,DP51H,迈克,收货,上架
TVGL32SFBl,黑色 品牌31 32英寸 电视机（超级全高清）,电视机,品牌31,32英寸,超级全高清,黑色,8*1*1,2,BY35D,艾米丽,收货,上架
LaPH14i7Bl,黑色 品牌12 14英寸 笔记本电脑（第7代处理器）,笔记本电脑,品牌12,14英寸,第7代处理器,黑色,16*1*1,6,CR36G,莎拉,收货,上架
LaOv1732Bl,黑色 品牌13 17英寸 笔记本电脑（32吉字节内存）,笔记本电脑,品牌13,17英寸,32吉字节内存,黑色,16*1*1,16,CJ27E,劳拉,收货,上架
KeHc35ErBl,黑色 品牌09 350 键盘（人体工学）,键盘,品牌09,350,人体工学,黑色,16*10*1,157,AI14C,艾米,收货,上架
LaRe17i7Bl,黑色 品牌14 17英寸 笔记本电脑（第7代处理器）,笔记本电脑,品牌14,17英寸,第7代处理器,黑色,16*1*1,11,CX76C,莎拉,收货,上架
MoHc27MeNa,藏青色 品牌09 270 鼠标（机械式）,鼠标,品牌09,270,机械式,藏青色,16*10*1,155,AK26E,亚历克斯,收货,上架
LaRe1416Gr,灰色 品牌14 14英寸 笔记本电脑（16吉字节内存）,笔记本电脑,品牌14,14英寸,16吉字节内存,灰色,16*1*1,11,BN70H,艾米丽,收货,上架
DrWE90DoWh,白色 品牌02 900 抽屉柜（带门式）,抽屉柜,品牌02,900,带门式,白色,8*1*1,2,AS14H,大卫,收货,上架
LaSu15i7Gr,灰色 品牌11 15英寸 笔记本电脑（第7代处理器）,笔记本电脑,品牌11,15英寸,第7代处理器,灰色,16*1*1,15,BS81F,亚历克斯,收货,上架
NoExA5liWh,白色 品牌16 五号纸 笔记本（线条）,笔记本,品牌16,五号纸,线条,白色,48*10*5,951,AW19H,迈克,收货,上架
OfAEMHeBl,黑色 品牌05 中号 办公椅（头枕）,办公椅,品牌05,中号,头枕,黑色,16*1*1,3,CN48D,简,收货,上架
TVEs424KBl,黑色 品牌32 42英寸 电视机（超高清）,电视机,品牌32,42英寸,超高清,黑色,8*1*1,1,DY50E,莎拉,收货,上架
CaRG18LoWh,白色 品牌03 1800 文件柜（储物锁柜）,文件柜,品牌03,1800,储物锁柜,白色,8*1*1,7,DO05F,艾米丽,收货,上架
CaQE12DoGr,灰色 品牌01 1200 文件柜（带门式）,文件柜,品牌01,1200,带门式,灰色,8*1*1,4,DK55G,亚历克斯,收货,上架
MoPH45ErNa,藏青色 品牌12 450 鼠标（人体工学）,鼠标,品牌12,450,人体工学,藏青色,16*10*1,40,BV86C,亚历克斯,收货,上架
AlSu1432Gr,灰色 品牌11 14英寸 一体机（32吉字节内存）,一体机,品牌11,14英寸,32吉字节内存,灰色,16*1*1,14,AT97B,克里斯,收货,上架
KeSu45ErBl,黑色 品牌11 450 键盘（人体工学）,键盘,品牌11,450,人体工学,黑色,16*10*1,24,DH10B,迈克,收货,上架
OfOGMAdGr,灰色 品牌07 中号 办公椅（可调节）,办公椅,品牌07,中号,可调节,灰色,16*1*1,13,AM15C,简,收货,上架
PeRe50WaWh,白色 品牌22 50 铅笔（水彩）,铅笔,品牌22,50,水彩,白色,48*10*5,1497,DS71A,劳拉,收货,上架
LaPH158GGr,灰色 品牌12 15英寸 笔记本电脑（8吉字节内存）,笔记本电脑,品牌12,15英寸,8吉字节内存,灰色,16*1*1,13,CM78H,迈克,收货,上架
CaRG12SlBl,黑色 品牌03 1200 文件柜（滑动式）,文件柜,品牌03,1200,滑动式,黑色,8*1*1,4,BO22F,莎拉,收货,上架
AlPH17i5Bl,黑色 品牌12 17英寸 一体机（第5代处理器）,一体机,品牌12,17英寸,第5代处理器,黑色,16*1*1,3,AF59C,约翰,收货,上架
OfAELAdBl,黑色 品牌05 大号 办公椅（可调节）,办公椅,品牌05,大号,可调节,黑色,16*1*1,2,AV59E,迈克,收货,上架
DrQE90LoWh,白色 品牌01 900 抽屉柜（储物锁柜）,抽屉柜,品牌01,900,储物锁柜,白色,8*1*1,7,CL11F,莎拉,收货,上架
MoSu27WiPi,粉色 品牌11 270 鼠标（有线）,鼠标,品牌11,270,有线,粉色,16*10*1,67,AH49C,莎拉,收货,上架
PeAl12HeBl,黑色 品牌20 12 铅笔（六角形）,铅笔,品牌20,12,六角形,黑色,48*10*5,1197,DR95G,克里斯,收货,上架
GaOGLHeBl,黑色 品牌07 大号 游戏椅（头枕）,游戏椅,品牌07,大号,头枕,黑色,16*1*1,8,CP83F,简,收货,上架
OfXESHeWh,白色 品牌06 小号 办公椅（头枕）,办公椅,品牌06,小号,头枕,白色,16*1*1,4,AO13C,简,收货,上架
DrTE12DoGr,灰色 品牌04 1200 抽屉柜（带门式）,抽屉柜,品牌04,1200,带门式,灰色,8*1*1,7,DX71F,亚历克斯,收货,上架
GaXELLePi,粉色 品牌06 大号 游戏椅（皮革）,游戏椅,品牌06,大号,皮革,粉色,16*1*1,8,BH05D,艾米丽,收货,上架
NoScA4ruWh,白色 品牌17 四号纸 笔记本（横线）,笔记本,品牌17,四号纸,横线,白色,48*10*5,1611,DT68H,克里斯,收货,上架
CaTE18FiGr,灰色 品牌04 1800 文件柜（文件收纳）,文件柜,品牌04,1800,文件收纳,灰色,8*1*1,1,DJ10D,迈克,收货,上架
DrTE90DoGr,灰色 品牌04 900 抽屉柜（带门式）,抽屉柜,品牌04,900,带门式,灰色,8*1*1,4,CO01A,艾米,收货,上架
CaWE12SlBe,米色 品牌02 1200 文件柜（滑动式）,文件柜,品牌02,1200,滑动式,米色,8*1*1,5,BZ21A,大卫,收货,上架
MoRe35ErNa,藏青色 品牌10 350 鼠标（人体工学）,鼠标,品牌10,350,人体工学,藏青色,16*10*1,46,BZ80G,艾米,收货,上架
PeRe24HeGr,灰色 品牌22 24 铅笔（六角形）,铅笔,品牌22,24,六角形,灰色,48*10*5,1069,BG10B,艾米,收货,上架
CaRG12FiBl,黑色 品牌03 1200 文件柜（文件收纳）,文件柜,品牌03,1200,文件收纳,黑色,8*1*1,3,BI38C,大卫,收货,上架
CuQE18FiWh,白色 品牌01 1800 储物柜（文件收纳）,储物柜,品牌01,1800,文件收纳,白色,8*1*1,8,CP03D,艾米丽,收货,上架
LaRe148GSi,银色 品牌14 14英寸 笔记本电脑（8吉字节内存）,笔记本电脑,品牌14,14英寸,8吉字节内存,银色,16*1*1,14,DN77E,迈克,收货,上架
AlOv148GWh,白色 品牌13 14英寸 一体机（8吉字节内存）,一体机,品牌13,14英寸,8吉字节内存,白色,16*1*1,4,AS67G,艾米丽,收货,上架
CaRG18DoGr,灰色 品牌03 1800 文件柜（带门式）,文件柜,品牌03,1800,带门式,灰色,8*1*1,8,DH32F,艾米丽,收货,上架
DrWE18SlBl,黑色 品牌02 1800 抽屉柜（滑动式）,抽屉柜,品牌02,1800,滑动式,黑色,8*1*1,6,AN70G,约翰,收货,上架
PeAl24WaPi,粉色 品牌20 24 铅笔（水彩）,铅笔,品牌20,24,水彩,粉色,48*10*5,1786,DU89E,克里斯,收货,上架
MoSu35ErPi,粉色 品牌11 350 鼠标（人体工学）,鼠标,品牌11,350,人体工学,粉色,16*10*1,88,AO41G,莎拉,收货,上架
KeSu45BlPi,粉色 品牌11 450 键盘（蓝牙）,键盘,品牌11,450,蓝牙,粉色,16*10*1,71,BO74G,克里斯,收货,上架
TaTR15AuGr,灰色 品牌29 1500 桌子（自动调节）,桌子,品牌29,1500,自动调节,灰色,8*1*1,3,DS25B,简,收货,上架
TVEs32FHWh,白色 品牌32 32英寸 电视机（全高清）,电视机,品牌32,32英寸,全高清,白色,8*1*1,8,DT65F,艾米,收货,上架
TVYn324KWh,白色 品牌15 32英寸 电视机（超高清）,电视机,品牌15,32英寸,超高清,白色,8*1*1,7,CQ55B,莎拉,收货,上架
TVGn42FHBl,黑色 品牌30 42英寸 电视机（全高清）,电视机,品牌30,42英寸,全高清,黑色,8*1*1,6,DU70D,克里斯,收货,上架
MoPH27WiBl,黑色 品牌12 270 鼠标（有线）,鼠标,品牌12,270,有线,黑色,16*10*1,128,DX01E,大卫,收货,上架
OfOGSErGr,灰色 品牌07 小号 办公椅（人体工学）,办公椅,品牌07,小号,人体工学,灰色,16*1*1,1,AX68B,劳拉,收货,上架
AlOv1716Wh,白色 品牌13 17英寸 一体机（16吉字节内存）,一体机,品牌13,17英寸,16吉字节内存,白色,16*1*1,7,CF16E,大卫,收货,上架
OfAESErGr,灰色 品牌05 小号 办公椅（人体工学）,办公椅,品牌05,小号,人体工学,灰色,16*1*1,2,DS50D,简,收货,上架
KeSu27BlBl,黑色 品牌11 270 键盘（蓝牙）,键盘,品牌11,270,蓝牙,黑色,16*10*1,118,DW34D,迈克,收货,上架
KeSu45ErPi,粉色 品牌11 450 键盘（人体工学）,键盘,品牌11,450,人体工学,粉色,16*10*1,110,CU25F,迈克,收货,上架
TaTR10AuGr,灰色 品牌28 1000 桌子（自动调节）,桌子,品牌28,1000,自动调节,灰色,8*1*1,7,DW41G,劳拉,收货,上架
NoGrA4ruBl,黑色 品牌18 四号纸 笔记本（横线）,笔记本,品牌18,四号纸,横线,黑色,48*10*5,999,DS34A,简,收货,上架
KeSu35MeBl,黑色 品牌11 350 键盘（机械式）,键盘,品牌11,350,机械式,黑色,16*10*1,124,DI04C,大卫,收货,上架
KeRe27ErPi,粉色 品牌10 270 键盘（人体工学）,键盘,品牌10,270,人体工学,粉色,16*10*1,103,BL95A,莎拉,收货,上架
CaTE18DoWh,白色 品牌04 1800 文件柜（带门式）,文件柜,品牌04,1800,带门式,白色,8*1*1,6,BW25A,艾米丽,收货,上架
DrQE12SlBl,黑色 品牌01 1200 抽屉柜（滑动式）,抽屉柜,品牌01,1200,滑动式,黑色,8*1*1,2,DN02C,莎拉,收货,上架
GaAEMLePi,粉色 品牌05 中号 游戏椅（皮革）,游戏椅,品牌05,中号,皮革,粉色,16*1*1,4,AL77F,亚历克斯,收货,上架
DrRG12DoBe,米色 品牌03 1200 抽屉柜（带门式）,抽屉柜,品牌03,1200,带门式,米色,8*1*1,2,CS78A,亚历克斯,收货,上架
TVEs42SFBl,黑色 品牌32 42英寸 电视机（超级全高清）,电视机,品牌32,42英寸,超级全高清,黑色,8*1*1,5,CQ19A,大卫,收货,上架
LaYn14i7Wh,白色 品牌15 14英寸 笔记本电脑（第7代处理器）,笔记本电脑,品牌15,14英寸,第7代处理器,白色,16*1*1,14,BG98B,迈克,收货,上架
PrNoA2WiBl,黑色 品牌26 二号纸 打印机（无线网络）,打印机,品牌26,二号纸,无线网络,黑色,16*1*1,5,DM17F,莎拉,收货,上架
PrReA2InBl,黑色 品牌24 二号纸 打印机（喷墨）,打印机,品牌24,二号纸,喷墨,黑色,16*1*1,4,CL02E,艾米,收货,上架
PeAl24HePi,粉色 品牌20 24 铅笔（六角形）,铅笔,品牌20,24,六角形,粉色,48*10*5,2092,DH71A,简,收货,上架
OfAELHeWh,白色 品牌05 大号 办公椅（头枕）,办公椅,品牌05,大号,头枕,白色,16*1*1,9,DM41H,迈克,收货,上架
DrRG18FiBl,黑色 品牌03 1800 抽屉柜（文件收纳）,抽屉柜,品牌03,1800,文件收纳,黑色,8*1*1,1,AP74D,艾米丽,收货,上架
GaXESErBl,黑色 品牌06 小号 游戏椅（人体工学）,游戏椅,品牌06,小号,人体工学,黑色,16*1*1,12,BF86D,莎拉,收货,上架
LaYn17i5Gr,灰色 品牌15 17英寸 笔记本电脑（第5代处理器）,笔记本电脑,品牌15,17英寸,第5代处理器,灰色,16*1*1,4,BO41C,艾米,收货,上架
MoPH35BlWh,白色 品牌12 350 鼠标（蓝牙）,鼠标,品牌12,350,蓝牙,白色,16*10*1,139,BG39H,迈克,收货,上架
SPNa12SoBl,黑色 品牌23 12 触控笔（可溶性）,触控笔,品牌23,12,可溶性,黑色,48*10*5,768,CP01D,艾米丽,收货,上架
TaTR15AdBl,黑色 品牌28 1500 桌子（可调节）,桌子,品牌28,1500,可调节,黑色,8*1*1,7,DJ77D,约翰,收货,上架
TVYn50FHBl,黑色 品牌15 50英寸 电视机（全高清）,电视机,品牌15,50英寸,全高清,黑色,8*1*1,8,AR35C,迈克,收货,上架
CaQE90DoBe,米色 品牌01 900 文件柜（带门式）,文件柜,品牌01,900,带门式,米色,8*1*1,8,AX14H,劳拉,收货,上架
CaQE12FiWh,白色 品牌01 1200 文件柜（文件收纳）,文件柜,品牌01,1200,文件收纳,白色,8*1*1,6,DN15H,艾米丽,收货,上架
DrQE90FiBe,米色 品牌01 900 抽屉柜（文件收纳）,抽屉柜,品牌01,900,文件收纳,米色,8*1*1,4,AM42C,亚历克斯,收货,上架
AlOv14i5Wh,白色 品牌13 14英寸 一体机（第5代处理器）,一体机,品牌13,14英寸,第5代处理器,白色,16*1*1,4,CY26A,艾米,收货,上架
PeNa50WaWh,白色 品牌23 50 铅笔（水彩）,铅笔,品牌23,50,水彩,白色,48*10*5,527,CT48D,艾米丽,收货,上架
LaRe1532Bl,黑色 品牌14 15英寸 笔记本电脑（32吉字节内存）,笔记本电脑,品牌14,15英寸,32吉字节内存,黑色,16*1*1,3,CL90A,艾米,收货,上架
PrReA4AlMi,混合色 品牌24 四号纸 打印机（一体式）,打印机,品牌24,四号纸,一体式,混合色,16*1*1,3,DV34H,亚历克斯,收货,上架
OfSELLeWh,白色 品牌08 大号 办公椅（皮革）,办公椅,品牌08,大号,皮革,白色,16*1*1,15,BX63D,迈克,收货,上架
KePH27ErNa,藏青色 品牌12 270 键盘（人体工学）,键盘,品牌12,270,人体工学,藏青色,16*10*1,125,AS19D,艾米丽,收货,上架
CaWE90FiBl,黑色 品牌02 900 文件柜（文件收纳）,文件柜,品牌02,900,文件收纳,黑色,8*1*1,2,AJ53E,劳拉,收货,上架
DrRG18DoBe,米色 品牌03 1800 抽屉柜（带门式）,抽屉柜,品牌03,1800,带门式,米色,8*1*1,5,DP03B,约翰,收货,上架
TVYn424KGr,灰色 品牌15 42英寸 电视机（超高清）,电视机,品牌15,42英寸,超高清,灰色,8*1*1,7,CN16F,约翰,收货,上架
AlOv1432Wh,白色 品牌13 14英寸 一体机（32吉字节内存）,一体机,品牌13,14英寸,32吉字节内存,白色,16*1*1,4,BZ49B,约翰,收货,上架
SPNa50WaBl,黑色 品牌23 50 触控笔（水彩）,触控笔,品牌23,50,水彩,黑色,48*10*5,1453,BF71A,克里斯,收货,上架
LaYn15i7Si,银色 品牌15 15英寸 笔记本电脑（第7代处理器）,笔记本电脑,品牌15,15英寸,第7代处理器,银色,16*1*1,11,AL25B,迈克,收货,上架
CuTE18SlBe,米色 品牌04 1800 储物柜（滑动式）,储物柜,品牌04,1800,滑动式,米色,8*1*1,2,DO51F,艾米丽,收货,上架
TVGL65FHGr,灰色 品牌31 65英寸 电视机（全高清）,电视机,品牌31,65英寸,全高清,灰色,8*1*1,3,AW64F,迈克,收货,上架
TVYn42S4Wh,白色 品牌15 42英寸 电视机（超级超高清）,电视机,品牌15,42英寸,超级超高清,白色,8*1*1,5,DY09E,简,收货,上架
SPAl50WaWh,白色 品牌20 50 触控笔（水彩）,触控笔,品牌20,50,水彩,白色,48*10*5,2319,DG27C,莎拉,收货,上架
KeRe35BlWh,白色 品牌10 350 键盘（蓝牙）,键盘,品牌10,350,蓝牙,白色,16*10*1,35,DG28H,莎拉,收货,上架
SPAl50WaGr,灰色 品牌20 50 触控笔（水彩）,触控笔,品牌20,50,水彩,灰色,48*10*5,2170,DZ64B,大卫,收货,上架
TaTR18WoGr,灰色 品牌28 1800 桌子（工作站）,桌子,品牌28,1800,工作站,灰色,8*1*1,8,BU39C,亚历克斯,收货,上架
CuRG18FiWh,白色 品牌03 1800 储物柜（文件收纳）,储物柜,品牌03,1800,文件收纳,白色,8*1*1,8,DR34B,大卫,收货,上架
KeRe45MeWh,白色 品牌10 450 键盘（机械式）,键盘,品牌10,450,机械式,白色,16*10*1,116,DR19C,艾米,收货,上架
OfXESErPi,粉色 品牌06 小号 办公椅（人体工学）,办公椅,品牌06,小号,人体工学,粉色,16*1*1,7,CY48D,克里斯,收货,上架
LaYn1716Si,银色 品牌15 17英寸 笔记本电脑（16吉字节内存）,笔记本电脑,品牌15,17英寸,16吉字节内存,银色,16*1*1,3,DZ11E,艾米丽,收货,上架
GaXEMHeBl,黑色 品牌06 中号 游戏椅（头枕）,游戏椅,品牌06,中号,头枕,黑色,16*1*1,11,CL05C,大卫,收货,上架
CaQE18FiGr,灰色 品牌01 1800 文件柜（文件收纳）,文件柜,品牌01,1800,文件收纳,灰色,8*1*1,4,DK55A,劳拉,收货,上架
TVEs50S4Wh,白色 品牌32 50英寸 电视机（超级超高清）,电视机,品牌32,50英寸,超级超高清,白色,8*1*1,3,CT01E,迈克,收货,上架
TVYn42FHWh,白色 品牌15 42英寸 电视机（全高清）,电视机,品牌15,42英寸,全高清,白色,8*1*1,5,BS04D,莎拉,收货,上架
CuRG12DoBl,黑色 品牌03 1200 储物柜（带门式）,储物柜,品牌03,1200,带门式,黑色,8*1*1,8,AN61E,迈克,收货,上架
PeRe12SoGr,灰色 品牌22 12 铅笔（可溶性）,铅笔,品牌22,12,可溶性,灰色,48*10*5,2027,DQ70H,克里斯,收货,上架
TVEs65SFSi,银色 品牌32 65英寸 电视机（超级全高清）,电视机,品牌32,65英寸,超级全高清,银色,8*1*1,5,DH01H,艾米丽,收货,上架
SPGi50HePi,粉色 品牌21 50 触控笔（六角形）,触控笔,品牌21,50,六角形,粉色,48*10*5,984,DR83D,大卫,收货,上架
KeHc35MeBl,黑色 品牌09 350 键盘（机械式）,键盘,品牌09,350,机械式,黑色,16*10*1,18,AK93D,约翰,收货,上架
AlOv14i5Gr,灰色 品牌13 14英寸 一体机（第5代处理器）,一体机,品牌13,14英寸,第5代处理器,灰色,16*1*1,11,CS31E,莎拉,收货,上架
OfOGMLeWh,白色 品牌07 中号 办公椅（皮革）,办公椅,品牌07,中号,皮革,白色,16*1*1,12,AL61B,大卫,收货,上架
DrWE12LoGr,灰色 品牌02 1200 抽屉柜（储物锁柜）,抽屉柜,品牌02,1200,储物锁柜,灰色,8*1*1,8,CO35A,约翰,收货,上架
DrQE90FiBl,黑色 品牌01 900 抽屉柜（文件收纳）,抽屉柜,品牌01,900,文件收纳,黑色,8*1*1,4,CX24F,艾米,收货,上架
SPRe12HePi,粉色 品牌22 12 触控笔（六角形）,触控笔,品牌22,12,六角形,粉色,48*10*5,178,CY74C,艾米,收货,上架
AlSu1532Bl,黑色 品牌11 15英寸 一体机（32吉字节内存）,一体机,品牌11,15英寸,32吉字节内存,黑色,16*1*1,8,AJ11G,克里斯,收货,上架
TVGn654KWh,白色 品牌30 65英寸 电视机（超高清）,电视机,品牌30,65英寸,超高清,白色,8*1*1,2,DT60G,迈克,收货,上架
KeSu35ErWh,白色 品牌11 350 键盘（人体工学）,键盘,品牌11,350,人体工学,白色,16*10*1,135,BM78C,莎拉,收货,上架
CuQE90FiGr,灰色 品牌01 900 储物柜（文件收纳）,储物柜,品牌01,900,文件收纳,灰色,8*1*1,8,CR82H,莎拉,收货,上架
OfOGSLePi,粉色 品牌07 小号 办公椅（皮革）,办公椅,品牌07,小号,皮革,粉色,16*1*1,11,AL59B,艾米,收货,上架
SPGi50HeGr,灰色 品牌21 50 触控笔（六角形）,触控笔,品牌21,50,六角形,灰色,48*10*5,393,AM03F,莎拉,收货,上架
LaYn148GSi,银色 品牌15 14英寸 笔记本电脑（8吉字节内存）,笔记本电脑,品牌15,14英寸,8吉字节内存,银色,16*1*1,12,CX47H,艾米丽,收货,上架
OfXEMErGr,灰色 品牌06 中号 办公椅（人体工学）,办公椅,品牌06,中号,人体工学,灰色,16*1*1,12,CF30B,迈克,收货,上架
TVGL75S4Gr,灰色 品牌31 75英寸 电视机（超级超高清）,电视机,品牌31,75英寸,超级超高清,灰色,8*1*1,4,CM45H,克里斯,收货,上架
AlYn1416Bl,黑色 品牌15 14英寸 一体机（16吉字节内存）,一体机,品牌15,14英寸,16吉字节内存,黑色,16*1*1,2,CJ32B,亚历克斯,收货,上架
TVYn32SFGr,灰色 品牌15 32英寸 电视机（超级全高清）,电视机,品牌15,32英寸,超级全高清,灰色,8*1*1,3,CP95C,艾米丽,收货,上架
TaAE10AdSi,银色 品牌05 1000 桌子（可调节）,桌子,品牌05,1000,可调节,银色,8*1*1,1,BK53A,简,收货,上架
GaOGLErBl,黑色 品牌07 大号 游戏椅（人体工学）,游戏椅,品牌07,大号,人体工学,黑色,16*1*1,15,CJ86F,克里斯,收货,上架
TaCI15AdWh,白色 品牌27 1500 桌子（可调节）,桌子,品牌27,1500,可调节,白色,8*1*1,3,BY34B,亚历克斯,收货,上架
TaTR18AdBl,黑色 品牌29 1800 桌子（可调节）,桌子,品牌29,1800,可调节,黑色,8*1*1,1,AK04C,迈克,收货,上架
GaAELHeBl,黑色 品牌05 大号 游戏椅（头枕）,游戏椅,品牌05,大号,头枕,黑色,16*1*1,16,AF61A,迈克,收货,上架
MoSu45BlPi,粉色 品牌11 450 鼠标（蓝牙）,鼠标,品牌11,450,蓝牙,粉色,16*10*1,139,DV34F,约翰,收货,上架
CuWE18DoBe,米色 品牌02 1800 储物柜（带门式）,储物柜,品牌02,1800,带门式,米色,8*1*1,3,DN21D,莎拉,收货,上架
LaOv1416Bl,黑色 品牌13 14英寸 笔记本电脑（16吉字节内存）,笔记本电脑,品牌13,14英寸,16吉字节内存,黑色,16*1*1,11,DH58F,劳拉,收货,上架
SPGi50HePi,粉色 品牌21 50 触控笔（六角形）,触控笔,品牌21,50,六角形,粉色,48*10*5,448,AQ14G,克里斯,收货,上架
NoGrA5ruBl,黑色 品牌18 五号纸 笔记本（横线）,笔记本,品牌18,五号纸,横线,黑色,48*10*5,325,CJ50C,莎拉,收货,上架
LaPH158GBl,黑色 品牌12 15英寸 笔记本电脑（8吉字节内存）,笔记本电脑,品牌12,15英寸,8吉字节内存,黑色,16*1*1,4,DL93B,简,收货,上架
AlOv17i5Si,银色 品牌13 17英寸 一体机（第5代处理器）,一体机,品牌13,17英寸,第5代处理器,银色,16*1*1,9,AM29E,艾米,收货,上架
LaOv1716Wh,白色 品牌13 17英寸 笔记本电脑（16吉字节内存）,笔记本电脑,品牌13,17英寸,16吉字节内存,白色,16*1*1,4,DU56B,艾米,收货,上架
DrTE18DoBe,米色 品牌04 1800 抽屉柜（带门式）,抽屉柜,品牌04,1800,带门式,米色,8*1*1,1,DU43F,艾米,收货,上架
PrReA2LaGr,灰色 品牌24 二号纸 打印机（激光）,打印机,品牌24,二号纸,激光,灰色,16*1*1,13,CP75G,克里斯,收货,上架
CuQE12SlGr,灰色 品牌01 1200 储物柜（滑动式）,储物柜,品牌01,1200,滑动式,灰色,8*1*1,5,DI96F,劳拉,收货,上架
PeRe24HePi,粉色 品牌22 24 铅笔（六角形）,铅笔,品牌22,24,六角形,粉色,48*10*5,421,CT89F,艾米丽,收货,上架
DrRG90FiBe,米色 品牌03 900 抽屉柜（文件收纳）,抽屉柜,品牌03,900,文件收纳,米色,8*1*1,1,AP74D,简,收货,上架
LaSu17i7Si,银色 品牌11 17英寸 笔记本电脑（第7代处理器）,笔记本电脑,品牌11,17英寸,第7代处理器,银色,16*1*1,10,CQ78H,艾米丽,收货,上架
SPAl12WaGr,灰色 品牌20 12 触控笔（水彩）,触控笔,品牌20,12,水彩,灰色,48*10*5,1297,DP58D,迈克,收货,上架
PeAl12SoBl,黑色 品牌20 12 铅笔（可溶性）,铅笔,品牌20,12,可溶性,黑色,48*10*5,531,BU25E,亚历克斯,收货,上架
LaRe1716Gr,灰色 品牌14 17英寸 笔记本电脑（16吉字节内存）,笔记本电脑,品牌14,17英寸,16吉字节内存,灰色,16*1*1,9,AV65F,简,收货,上架
MoPH45MeNa,藏青色 品牌12 450 鼠标（机械式）,鼠标,品牌12,450,机械式,藏青色,16*10*1,91,AV04B,亚历克斯,收货,上架
DrTE18FiGr,灰色 品牌04 1800 抽屉柜（文件收纳）,抽屉柜,品牌04,1800,文件收纳,灰色,8*1*1,3,CZ72B,亚历克斯,收货,上架
LaPH15i5Wh,白色 品牌12 15英寸 笔记本电脑（第5代处理器）,笔记本电脑,品牌12,15英寸,第5代处理器,白色,16*1*1,6,CS02E,艾米,收货,上架
CuTE90LoBe,米色 品牌04 900 储物柜（储物锁柜）,储物柜,品牌04,900,储物锁柜,米色,8*1*1,1,BU64A,莎拉,收货,上架
AlOv17i5Gr,灰色 品牌13 17英寸 一体机（第5代处理器）,一体机,品牌13,17英寸,第5代处理器,灰色,16*1*1,3,AU48G,亚历克斯,收货,上架
MoHc35ErWh,白色 品牌09 350 鼠标（人体工学）,鼠标,品牌09,350,人体工学,白色,16*10*1,44,AJ97C,艾米,收货,上架
OfAELErPi,粉色 品牌05 大号 办公椅（人体工学）,办公椅,品牌05,大号,人体工学,粉色,16*1*1,15,BL89C,迈克,收货,上架
AlRe15i5Bl,黑色 品牌14 15英寸 一体机（第5代处理器）,一体机,品牌14,15英寸,第5代处理器,黑色,16*1*1,1,BG72C,约翰,收货,上架
AlYn17i5Wh,白色 品牌15 17英寸 一体机（第5代处理器）,一体机,品牌15,17英寸,第5代处理器,白色,16*1*1,16,CY27A,克里斯,收货,上架
AlOv1432Bl,黑色 品牌13 14英寸 一体机（32吉字节内存）,一体机,品牌13,14英寸,32吉字节内存,黑色,16*1*1,7,CL58G,亚历克斯,收货,上架
TVYn424KBl,黑色 品牌15 42英寸 电视机（超高清）,电视机,品牌15,42英寸,超高清,黑色,8*1*1,5,BU18H,大卫,收货,上架
AlOv1732Gr,灰色 品牌13 17英寸 一体机（32吉字节内存）,一体机,品牌13,17英寸,32吉字节内存,灰色,16*1*1,15,CN54D,约翰,收货,上架
CaWE90SlBe,米色 品牌02 900 文件柜（滑动式）,文件柜,品牌02,900,滑动式,米色,8*1*1,2,AO82E,艾米丽,收货,上架
SPRe24WaBl,黑色 品牌22 24 触控笔（水彩）,触控笔,品牌22,24,水彩,黑色,48*10*5,1094,DH74H,亚历克斯,收货,上架
GaAELAdPi,粉色 品牌05 大号 游戏椅（可调节）,游戏椅,品牌05,大号,可调节,粉色,16*1*1,1,CR04D,迈克,收货,上架
LaSu15i7Wh,白色 品牌11 15英寸 笔记本电脑（第7代处理器）,笔记本电脑,品牌11,15英寸,第7代处理器,白色,16*1*1,9,CR62E,大卫,收货,上架
GaSESAdPi,粉色 品牌08 小号 游戏椅（可调节）,游戏椅,品牌08,小号,可调节,粉色,16*1*1,10,CT37A,大卫,收货,上架
TaTR18AdSi,银色 品牌28 1800 桌子（可调节）,桌子,品牌28,1800,可调节,银色,8*1*1,4,AK19A,莎拉,收货,上架
TVGL32S4Bl,黑色 品牌31 32英寸 电视机（超级超高清）,电视机,品牌31,32英寸,超级超高清,黑色,8*1*1,5,CH80H,劳拉,收货,上架
OfOGMAdBl,黑色 品牌07 中号 办公椅（可调节）,办公椅,品牌07,中号,可调节,黑色,16*1*1,4,DR43E,劳拉,收货,上架
CaRG18SlBl,黑色 品牌03 1800 文件柜（滑动式）,文件柜,品牌03,1800,滑动式,黑色,8*1*1,8,DW07E,劳拉,收货,上架
LaSu1416Wh,白色 品牌11 14英寸 笔记本电脑（16吉字节内存）,笔记本电脑,品牌11,14英寸,16吉字节内存,白色,16*1*1,14,BW47D,劳拉,收货,上架
LaRe1732Gr,灰色 品牌14 17英寸 笔记本电脑（32吉字节内存）,笔记本电脑,品牌14,17英寸,32吉字节内存,灰色,16*1*1,9,DX74C,简,收货,上架
TVEs75S4Gr,灰色 品牌32 75英寸 电视机（超级超高清）,电视机,品牌32,75英寸,超级超高清,灰色,8*1*1,2,DL26A,莎拉,收货,上架
AlYn15i7Wh,白色 品牌15 15英寸 一体机（第7代处理器）,一体机,品牌15,15英寸,第7代处理器,白色,16*1*1,8,DR76F,简,收货,上架
AlYn15i7Bl,黑色 品牌15 15英寸 一体机（第7代处理器）,一体机,品牌15,15英寸,第7代处理器,黑色,16*1*1,1,CW01F,劳拉,收货,上架
MoSu45WiBl,黑色 品牌11 450 鼠标（有线）,鼠标,品牌11,450,有线,黑色,16*10*1,13,BG29A,劳拉,收货,上架
TVYn75SFGr,灰色 品牌15 75英寸 电视机（超级全高清）,电视机,品牌15,75英寸,超级全高清,灰色,8*1*1,2,DN94C,迈克,收货,上架
PeRe50SoPi,粉色 品牌22 50 铅笔（可溶性）,铅笔,品牌22,50,可溶性,粉色,48*10*5,2231,CH86B,约翰,收货,上架
MoHc35WiBl,黑色 品牌09 350 鼠标（有线）,鼠标,品牌09,350,有线,黑色,16*10*1,143,BJ42F,约翰,收货,上架
DrRG90DoBe,米色 品牌03 900 抽屉柜（带门式）,抽屉柜,品牌03,900,带门式,米色,8*1*1,1,CF48G,劳拉,收货,上架
PeNa24SoPi,粉色 品牌23 24 铅笔（可溶性）,铅笔,品牌23,24,可溶性,粉色,48*10*5,959,DM54G,简,收货,上架
NoMuA3doGr,灰色 品牌19 三号纸 笔记本（点阵）,笔记本,品牌19,三号纸,点阵,灰色,48*10*5,1131,AX44G,劳拉,收货,上架
CuRG12LoGr,灰色 品牌03 1200 储物柜（储物锁柜）,储物柜,品牌03,1200,储物锁柜,灰色,8*1*1,4,BO97A,大卫,收货,上架
TaTR10WoSi,银色 品牌29 1000 桌子（工作站）,桌子,品牌29,1000,工作站,银色,8*1*1,3,CP03A,劳拉,收货,上架
AlYn158GWh,白色 品牌15 15英寸 一体机（8吉字节内存）,一体机,品牌15,15英寸,8吉字节内存,白色,16*1*1,8,CK61E,迈克,收货,上架
SPAl50SoBl,黑色 品牌20 50 触控笔（可溶性）,触控笔,品牌20,50,可溶性,黑色,48*10*5,90,AJ66B,艾米,收货,上架
AlYn15i7Wh,白色 品牌15 15英寸 一体机（第7代处理器）,一体机,品牌15,15英寸,第7代处理器,白色,16*1*1,6,DH15A,大卫,收货,上架
LaPH14i7Gr,灰色 品牌12 14英寸 笔记本电脑（第7代处理器）,笔记本电脑,品牌12,14英寸,第7代处理器,灰色,16*1*1,11,CQ54D,约翰,收货,上架
MoPH35MeNa,藏青色 品牌12 350 鼠标（机械式）,鼠标,品牌12,350,机械式,藏青色,16*10*1,125,BV66E,莎拉,收货,上架
DrQE90LoBe,米色 品牌01 900 抽屉柜（储物锁柜）,抽屉柜,品牌01,900,储物锁柜,米色,8*1*1,4,BS48B,艾米丽,收货,上架
TaCI18FrWh,白色 品牌27 1800 桌子（框架式）,桌子,品牌27,1800,框架式,白色,8*1*1,3,AJ78A,艾米,收货,上架
GaOGLAdWh,白色 品牌07 大号 游戏椅（可调节）,游戏椅,品牌07,大号,可调节,白色,16*1*1,8,AG12F,莎拉,收货,上架
LaRe1516Wh,白色 品牌14 15英寸 笔记本电脑（16吉字节内存）,笔记本电脑,品牌14,15英寸,16吉字节内存,白色,16*1*1,3,DH54C,大卫,收货,上架
MoSu45BlBl,黑色 品牌11 450 鼠标（蓝牙）,鼠标,品牌11,450,蓝牙,黑色,16*10*1,29,AU18D,莎拉,收货,上架
TVEs654KSi,银色 品牌32 65英寸 电视机（超高清）,电视机,品牌32,65英寸,超高清,银色,8*1*1,3,DH60A,迈克,收货,上架
PrSoA3LaBl,黑色 品牌25 三号纸 打印机（激光）,打印机,品牌25,三号纸,激光,黑色,16*1*1,8,DH71F,艾米,收货,上架
LaOv15i7Gr,灰色 品牌13 15英寸 笔记本电脑（第7代处理器）,笔记本电脑,品牌13,15英寸,第7代处理器,灰色,16*1*1,3,AJ61F,约翰,收货,上架
NoGrA5doGr,灰色 品牌18 五号纸 笔记本（点阵）,笔记本,品牌18,五号纸,点阵,灰色,48*10*5,2030,CO66A,约翰,收货,上架
GaSEMLeWh,白色 品牌08 中号 游戏椅（皮革）,游戏椅,品牌08,中号,皮革,白色,16*1*1,1,CW32F,简,收货,上架
DrTE12DoWh,白色 品牌04 1200 抽屉柜（带门式）,抽屉柜,品牌04,1200,带门式,白色,8*1*1,1,CM87B,亚历克斯,收货,上架
PeGi50HePi,粉色 品牌21 50 铅笔（六角形）,铅笔,品牌21,50,六角形,粉色,48*10*5,1620,CS89H,迈克,收货,上架
TVEs75SFGr,灰色 品牌32 75英寸 电视机（超级全高清）,电视机,品牌32,75英寸,超级全高清,灰色,8*1*1,5,AH94B,艾米,收货,上架
KeSu35WiPi,粉色 品牌11 350 键盘（有线）,键盘,品牌11,350,有线,粉色,16*10*1,98,DV14D,莎拉,收货,上架
CaQE90SlBl,黑色 品牌01 900 文件柜（滑动式）,文件柜,品牌01,900,滑动式,黑色,8*1*1,4,BL69G,亚历克斯,收货,上架
MoRe45MeWh,白色 品牌10 450 鼠标（机械式）,鼠标,品牌10,450,机械式,白色,16*10*1,100,BP20A,艾米丽,收货,上架
MoSu35MeNa,藏青色 品牌11 350 鼠标（机械式）,鼠标,品牌11,350,机械式,藏青色,16*10*1,60,CH20E,约翰,收货,上架
GaOGSAdBl,黑色 品牌07 小号 游戏椅（可调节）,游戏椅,品牌07,小号,可调节,黑色,16*1*1,14,BI92E,亚历克斯,收货,上架
CaTE90FiWh,白色 品牌04 900 文件柜（文件收纳）,文件柜,品牌04,900,文件收纳,白色,8*1*1,7,CI02A,简,收货,上架
MoSu35MeNa,藏青色 品牌11 350 鼠标（机械式）,鼠标,品牌11,350,机械式,藏青色,16*10*1,120,AV25D,劳拉,收货,上架
PrNoA3MoGr,灰色 品牌26 三号纸 打印机（黑白）,打印机,品牌26,三号纸,黑白,灰色,16*1*1,12,BY67E,迈克,收货,上架
OfOGMErWh,白色 品牌07 中号 办公椅（人体工学）,办公椅,品牌07,中号,人体工学,白色,16*1*1,13,DT54B,克里斯,收货,上架
AlPH158GGr,灰色 品牌12 15英寸 一体机（8吉字节内存）,一体机,品牌12,15英寸,8吉字节内存,灰色,16*1*1,9,AL87C,莎拉,收货,上架
MoPH45WiBl,黑色 品牌12 450 鼠标（有线）,鼠标,品牌12,450,有线,黑色,16*10*1,28,BX55G,约翰,收货,上架
CuTE90SlGr,灰色 品牌04 900 储物柜（滑动式）,储物柜,品牌04,900,滑动式,灰色,8*1*1,3,BK53A,莎拉,收货,上架
TVEs32FHSi,银色 品牌32 32英寸 电视机（全高清）,电视机,品牌32,32英寸,全高清,银色,8*1*1,4,AL49G,艾米丽,收货,上架
CuTE12LoGr,灰色 品牌04 1200 储物柜（储物锁柜）,储物柜,品牌04,1200,储物锁柜,灰色,8*1*1,3,DX54D,约翰,收货,上架
AlOv17i5Bl,黑色 品牌13 17英寸 一体机（第5代处理器）,一体机,品牌13,17英寸,第5代处理器,黑色,16*1*1,5,CK64D,迈克,收货,上架
TaTR18WoWh,白色 品牌29 1800 桌子（工作站）,桌子,品牌29,1800,工作站,白色,8*1*1,8,CM84E,大卫,收货,上架
TVYn504KBl,黑色 品牌15 50英寸 电视机（超高清）,电视机,品牌15,50英寸,超高清,黑色,8*1*1,3,AW55C,简,收货,上架
PrPHA2AlBl,黑色 品牌12 二号纸 打印机（一体式）,打印机,品牌12,二号纸,一体式,黑色,16*1*1,12,DT40C,迈克,收货,上架
PrNoA4AlMi,混合色 品牌26 四号纸 打印机（一体式）,打印机,品牌26,四号纸,一体式,混合色,16*1*1,8,AU43E,大卫,收货,上架
MoPH27ErBl,黑色 品牌12 270 鼠标（人体工学）,鼠标,品牌12,270,人体工学,黑色,16*10*1,9,CW55F,约翰,收货,上架
OfSEMAdBl,黑色 品牌08 中号 办公椅（可调节）,办公椅,品牌08,中号,可调节,黑色,16*1*1,7,DJ08C,劳拉,收货,上架
LaRe17i5Gr,灰色 品牌14 17英寸 笔记本电脑（第5代处理器）,笔记本电脑,品牌14,17英寸,第5代处理器,灰色,16*1*1,13,CQ12A,克里斯,收货,上架
MoHc45WiWh,白色 品牌09 450 鼠标（有线）,鼠标,品牌09,450,有线,白色,16*10*1,39,AP64B,克里斯,收货,上架
MoPH45MeNa,藏青色 品牌12 450 鼠标（机械式）,鼠标,品牌12,450,机械式,藏青色,16*10*1,87,BW27C,克里斯,收货,上架
TaTR10FrWh,白色 品牌29 1000 桌子（框架式）,桌子,品牌29,1000,框架式,白色,8*1*1,8,DM68H,劳拉,收货,上架
PrPHA4WiGr,灰色 品牌12 四号纸 打印机（无线网络）,打印机,品牌12,四号纸,无线网络,灰色,16*1*1,6,CS46G,艾米丽,收货,上架
SPGi12HeBl,黑色 品牌21 12 触控笔（六角形）,触控笔,品牌21,12,六角形,黑色,48*10*5,569,AQ35H,劳拉,收货,上架
GaXESLePi,粉色 品牌06 小号 游戏椅（皮革）,游戏椅,品牌06,小号,皮革,粉色,16*1*1,2,BG69A,亚历克斯,收货,上架
OfSEMHeGr,灰色 品牌08 中号 办公椅（头枕）,办公椅,品牌08,中号,头枕,灰色,16*1*1,15,CZ04G,简,收货,上架
LaPH1532Bl,黑色 品牌12 15英寸 笔记本电脑（32吉字节内存）,笔记本电脑,品牌12,15英寸,32吉字节内存,黑色,16*1*1,8,BR72H,克里斯,收货,上架
OfAEMErPi,粉色 品牌05 中号 办公椅（人体工学）,办公椅,品牌05,中号,人体工学,粉色,16*1*1,2,CL33G,约翰,收货,上架
OfXELAdWh,白色 品牌06 大号 办公椅（可调节）,办公椅,品牌06,大号,可调节,白色,16*1*1,1,CU39B,艾米,收货,上架
KeRe27BlWh,白色 品牌10 270 键盘（蓝牙）,键盘,品牌10,270,蓝牙,白色,16*10*1,98,CO01F,劳拉,收货,上架
TVYn32FHBl,黑色 品牌15 32英寸 电视机（全高清）,电视机,品牌15,32英寸,全高清,黑色,8*1*1,1,DK84B,劳拉,收货,上架
AlOv148GWh,白色 品牌13 14英寸 一体机（8吉字节内存）,一体机,品牌13,14英寸,8吉字节内存,白色,16*1*1,13,DI57H,迈克,收货,上架
PrNoA3MoWh,白色 品牌26 三号纸 打印机（黑白）,打印机,品牌26,三号纸,黑白,白色,16*1*1,10,CT08D,莎拉,收货,上架
AlYn15i5Gr,灰色 品牌15 15英寸 一体机（第5代处理器）,一体机,品牌15,15英寸,第5代处理器,灰色,16*1*1,2,BJ11A,大卫,收货,上架
TVEs75FHWh,白色 品牌32 75英寸 电视机（全高清）,电视机,品牌32,75英寸,全高清,白色,8*1*1,5,DY25B,莎拉,收货,上架
CuQE90FiWh,白色 品牌01 900 储物柜（文件收纳）,储物柜,品牌01,900,文件收纳,白色,8*1*1,8,BO61F,劳拉,收货,上架
LaRe1716Si,银色 品牌14 17英寸 笔记本电脑（16吉字节内存）,笔记本电脑,品牌14,17英寸,16吉字节内存,银色,16*1*1,11,AY39C,亚历克斯,收货,上架
CaTE90FiBe,米色 品牌04 900 文件柜（文件收纳）,文件柜,品牌04,900,文件收纳,米色,8*1*1,3,AS58E,大卫,收货,上架
KeHc45WiPi,粉色 品牌09 450 键盘（有线）,键盘,品牌09,450,有线,粉色,16*10*1,41,AG81H,迈克,收货,上架
PeAl50WaPi,粉色 品牌20 50 铅笔（水彩）,铅笔,品牌20,50,水彩,粉色,48*10*5,555,AP49F,艾米丽,收货,上架
PeGi24HeBl,黑色 品牌21 24 铅笔（六角形）,铅笔,品牌21,24,六角形,黑色,48*10*5,461,CO26G,简,收货,上架
OfXESHePi,粉色 品牌06 小号 办公椅（头枕）,办公椅,品牌06,小号,头枕,粉色,16*1*1,13,BO77D,亚历克斯,收货,上架
MoRe27BlPi,粉色 品牌10 270 鼠标（蓝牙）,鼠标,品牌10,270,蓝牙,粉色,16*10*1,127,AP28H,迈克,收货,上架
CaRG90LoBe,米色 品牌03 900 文件柜（储物锁柜）,文件柜,品牌03,900,储物锁柜,米色,8*1*1,4,DS26F,迈克,收货,上架
CuQE90SlWh,白色 品牌01 900 储物柜（滑动式）,储物柜,品牌01,900,滑动式,白色,8*1*1,8,CN49G,大卫,收货,上架
TaCI10FrSi,银色 品牌27 1000 桌子（框架式）,桌子,品牌27,1000,框架式,银色,8*1*1,2,AI38C,大卫,收货,上架
GaOGMHePi,粉色 品牌07 中号 游戏椅（头枕）,游戏椅,品牌07,中号,头枕,粉色,16*1*1,14,DS30G,劳拉,收货,上架
LaPH1416Bl,黑色 品牌12 14英寸 笔记本电脑（16吉字节内存）,笔记本电脑,品牌12,14英寸,16吉字节内存,黑色,16*1*1,10,CJ23A,亚历克斯,收货,上架
AlRe148GBl,黑色 品牌14 14英寸 一体机（8吉字节内存）,一体机,品牌14,14英寸,8吉字节内存,黑色,16*1*1,14,BO37E,劳拉,收货,上架
CaWE90SlBl,黑色 品牌02 900 文件柜（滑动式）,文件柜,品牌02,900,滑动式,黑色,8*1*1,2,CG03A,约翰,收货,上架
LaSu148GBl,黑色 品牌11 14英寸 笔记本电脑（8吉字节内存）,笔记本电脑,品牌11,14英寸,8吉字节内存,黑色,16*1*1,12,BW93G,迈克,收货,上架
CaRG90LoBl,黑色 品牌03 900 文件柜（储物锁柜）,文件柜,品牌03,900,储物锁柜,黑色,8*1*1,3,BG86F,约翰,收货,上架
DrTE90LoBl,黑色 品牌04 900 抽屉柜（储物锁柜）,抽屉柜,品牌04,900,储物锁柜,黑色,8*1*1,4,AR10C,艾米丽,收货,上架
TaTR18WoWh,白色 品牌29 1800 桌子（工作站）,桌子,品牌29,1800,工作站,白色,8*1*1,8,AQ46E,亚历克斯,收货,上架
TVEs504KGr,灰色 品牌32 50英寸 电视机（超高清）,电视机,品牌32,50英寸,超高清,灰色,8*1*1,8,DI58H,艾米丽,收货,上架
NoExA3ruSi,银色 品牌16 三号纸 笔记本（横线）,笔记本,品牌16,三号纸,横线,银色,48*10*5,2050,AK20A,约翰,收货,上架
SPAl24SoPi,粉色 品牌20 24 触控笔（可溶性）,触控笔,品牌20,24,可溶性,粉色,48*10*5,437,BJ86D,克里斯,收货,上架
LaYn17i5Wh,白色 品牌15 17英寸 笔记本电脑（第5代处理器）,笔记本电脑,品牌15,17英寸,第5代处理器,白色,16*1*1,15,CQ41F,亚历克斯,收货,上架
NoGrA5liSi,银色 品牌18 五号纸 笔记本（线条）,笔记本,品牌18,五号纸,线条,银色,48*10*5,1779,DN47G,艾米,收货,上架
SPGi24HeGr,灰色 品牌21 24 触控笔（六角形）,触控笔,品牌21,24,六角形,灰色,48*10*5,1900,BO44D,劳拉,收货,上架
AlOv17i5Wh,白色 品牌13 17英寸 一体机（第5代处理器）,一体机,品牌13,17英寸,第5代处理器,白色,16*1*1,9,DV69E,迈克,收货,上架
PrSoA4AlWh,白色 品牌25 四号纸 打印机（一体式）,打印机,品牌25,四号纸,一体式,白色,16*1*1,4,AH81E,亚历克斯,收货,上架
PeRe50WaGr,灰色 品牌22 50 铅笔（水彩）,铅笔,品牌22,50,水彩,灰色,48*10*5,1143,BW80G,迈克,收货,上架
GaXELAdGr,灰色 品牌06 大号 游戏椅（可调节）,游戏椅,品牌06,大号,可调节,灰色,16*1*1,13,DV34F,劳拉,收货,上架
DrRG18FiWh,白色 品牌03 1800 抽屉柜（文件收纳）,抽屉柜,品牌03,1800,文件收纳,白色,8*1*1,1,CW61B,劳拉,收货,上架
TaTR15FrBl,黑色 品牌28 1500 桌子（框架式）,桌子,品牌28,1500,框架式,黑色,8*1*1,7,CX17G,艾米,收货,上架
MoSu27MeNa,藏青色 品牌11 270 鼠标（机械式）,鼠标,品牌11,270,机械式,藏青色,16*10*1,45,DP32G,大卫,收货,上架
PrNoA3LaBl,黑色 品牌26 三号纸 打印机（激光）,打印机,品牌26,三号纸,激光,黑色,16*1*1,8,CO90B,简,收货,上架
TVGL75S4Gr,灰色 品牌31 75英寸 电视机（超级超高清）,电视机,品牌31,75英寸,超级超高清,灰色,8*1*1,1,BW31H,莎拉,收货,上架
DrRG18FiBl,黑色 品牌03 1800 抽屉柜（文件收纳）,抽屉柜,品牌03,1800,文件收纳,黑色,8*1*1,4,BG38B,约翰,收货,上架
CuQE12DoGr,灰色 品牌01 1200 储物柜（带门式）,储物柜,品牌01,1200,带门式,灰色,8*1*1,1,DR08D,艾米丽,收货,上架
CaWE18SlWh,白色 品牌02 1800 文件柜（滑动式）,文件柜,品牌02,1800,滑动式,白色,8*1*1,6,AT88D,亚历克斯,收货,上架
AlRe178GBl,黑色 品牌14 17英寸 一体机（8吉字节内存）,一体机,品牌14,17英寸,8吉字节内存,黑色,16*1*1,13,AJ70C,劳拉,收货,上架
KePH27WiPi,粉色 品牌12 270 键盘（有线）,键盘,品牌12,270,有线,粉色,16*10*1,31,BT07E,简,收货,上架
TVYn42FHGr,灰色 品牌15 42英寸 电视机（全高清）,电视机,品牌15,42英寸,全高清,灰色,8*1*1,8,BR86E,莎拉,收货,上架
TaAE18FrGr,灰色 品牌05 1800 桌子（框架式）,桌子,品牌05,1800,框架式,灰色,8*1*1,2,AW34E,亚历克斯,收货,上架
PrPHA4InWh,白色 品牌12 四号纸 打印机（喷墨）,打印机,品牌12,四号纸,喷墨,白色,16*1*1,4,AX77H,大卫,收货,上架
TVEs754KSi,银色 品牌32 75英寸 电视机（超高清）,电视机,品牌32,75英寸,超高清,银色,8*1*1,1,BZ94D,亚历克斯,收货,上架
OfOGMHePi,粉色 品牌07 中号 办公椅（头枕）,办公椅,品牌07,中号,头枕,粉色,16*1*1,16,BY91D,劳拉,收货,上架
SPGi24HeWh,白色 品牌21 24 触控笔（六角形）,触控笔,品牌21,24,六角形,白色,48*10*5,1575,BQ40F,艾米,收货,上架
TVGL75SFGr,灰色 品牌31 75英寸 电视机（超级全高清）,电视机,品牌31,75英寸,超级全高清,灰色,8*1*1,3,CN54D,迈克,收货,上架
LaOv15i7Bl,黑色 品牌13 15英寸 笔记本电脑（第7代处理器）,笔记本电脑,品牌13,15英寸,第7代处理器,黑色,16*1*1,2,BZ20F,艾米,收货,上架
AlSu15i7Wh,白色 品牌11 15英寸 一体机（第7代处理器）,一体机,品牌11,15英寸,第7代处理器,白色,16*1*1,5,AS73F,莎拉,收货,上架
LaSu15i5Bl,黑色 品牌11 15英寸 笔记本电脑（第5代处理器）,笔记本电脑,品牌11,15英寸,第5代处理器,黑色,16*1*1,6,AZ63H,约翰,收货,上架
SPNa24SoWh,白色 品牌23 24 触控笔（可溶性）,触控笔,品牌23,24,可溶性,白色,48*10*5,456,AL57E,亚历克斯,收货,上架
TVEs75FHSi,银色 品牌32 75英寸 电视机（全高清）,电视机,品牌32,75英寸,全高清,银色,8*1*1,2,BI61D,劳拉,收货,上架
TVYn75S4Gr,灰色 品牌15 75英寸 电视机（超级超高清）,电视机,品牌15,75英寸,超级超高清,灰色,8*1*1,7,DJ40F,艾米丽,收货,上架
OfXESHeWh,白色 品牌06 小号 办公椅（头枕）,办公椅,品牌06,小号,头枕,白色,16*1*1,13,AP79B,约翰,收货,上架
DrQE18LoBe,米色 品牌01 1800 抽屉柜（储物锁柜）,抽屉柜,品牌01,1800,储物锁柜,米色,8*1*1,5,DU39A,艾米,收货,上架
KeHc27MePi,粉色 品牌09 270 键盘（机械式）,键盘,品牌09,270,机械式,粉色,16*10*1,106,DJ43C,简,收货,上架
NoExA5ruGr,灰色 品牌16 五号纸 笔记本（横线）,笔记本,品牌16,五号纸,横线,灰色,48*10*5,1229,BO96F,简,收货,上架
AlRe158GBl,黑色 品牌14 15英寸 一体机（8吉字节内存）,一体机,品牌14,15英寸,8吉字节内存,黑色,16*1*1,5,AK43H,劳拉,收货,上架
TVYn42S4Gr,灰色 品牌15 42英寸 电视机（超级超高清）,电视机,品牌15,42英寸,超级超高清,灰色,8*1*1,1,BM16H,艾米,收货,上架
CuRG12FiBl,黑色 品牌03 1200 储物柜（文件收纳）,储物柜,品牌03,1200,文件收纳,黑色,8*1*1,6,DL27D,艾米,收货,上架
PrNoA3WiMi,混合色 品牌26 三号纸 打印机（无线网络）,打印机,品牌26,三号纸,无线网络,混合色,16*1*1,9,DS49B,克里斯,收货,上架
AlSu17i7Wh,白色 品牌11 17英寸 一体机（第7代处理器）,一体机,品牌11,17英寸,第7代处理器,白色,16*1*1,8,DI62B,艾米丽,收货,上架
NoGrA5liGr,灰色 品牌18 五号纸 笔记本（线条）,笔记本,品牌18,五号纸,线条,灰色,48*10*5,1757,DU65D,艾米丽,收货,上架
GaSESAdBl,黑色 品牌08 小号 游戏椅（可调节）,游戏椅,品牌08,小号,可调节,黑色,16*1*1,16,DL67D,艾米丽,收货,上架
TaTR10WoBl,黑色 品牌28 1000 桌子（工作站）,桌子,品牌28,1000,工作站,黑色,8*1*1,4,CL81E,艾米,收货,上架
CaWE90SlBl,黑色 品牌02 900 文件柜（滑动式）,文件柜,品牌02,900,滑动式,黑色,8*1*1,2,AN41B,迈克,收货,上架
CuTE18FiWh,白色 品牌04 1800 储物柜（文件收纳）,储物柜,品牌04,1800,文件收纳,白色,8*1*1,7,DS94A,约翰,收货,上架
KeHc35WiNa,藏青色 品牌09 350 键盘（有线）,键盘,品牌09,350,有线,藏青色,16*10*1,45,BH84C,莎拉,收货,上架
PrSoA2MoWh,白色 品牌25 二号纸 打印机（黑白）,打印机,品牌25,二号纸,黑白,白色,16*1*1,2,CL26A,约翰,收货,上架
OfSESLeBl,黑色 品牌08 小号 办公椅（皮革）,办公椅,品牌08,小号,皮革,黑色,16*1*1,16,AH94A,简,收货,上架
MoSu27BlWh,白色 品牌11 270 鼠标（蓝牙）,鼠标,品牌11,270,蓝牙,白色,16*10*1,111,CJ33D,艾米丽,收货,上架
AlPH14i5Si,银色 品牌12 14英寸 一体机（第5代处理器）,一体机,品牌12,14英寸,第5代处理器,银色,16*1*1,15,BP09E,简,收货,上架
LaRe17i5Si,银色 品牌14 17英寸 笔记本电脑（第5代处理器）,笔记本电脑,品牌14,17英寸,第5代处理器,银色,16*1*1,12,BT49G,莎拉,收货,上架
PrReA4LaBl,黑色 品牌24 四号纸 打印机（激光）,打印机,品牌24,四号纸,激光,黑色,16*1*1,14,DQ88G,莎拉,收货,上架
KeRe27BlBl,黑色 品牌10 270 键盘（蓝牙）,键盘,品牌10,270,蓝牙,黑色,16*10*1,60,AK47E,亚历克斯,收货,上架
GaOGLAdWh,白色 品牌07 大号 游戏椅（可调节）,游戏椅,品牌07,大号,可调节,白色,16*1*1,9,BQ11H,简,收货,上架
TaTR18WoGr,灰色 品牌29 1800 桌子（工作站）,桌子,品牌29,1800,工作站,灰色,8*1*1,5,BK60F,莎拉,收货,上架
AlRe17i7Gr,灰色 品牌14 17英寸 一体机（第7代处理器）,一体机,品牌14,17英寸,第7代处理器,灰色,16*1*1,16,DH35A,约翰,收货,上架
TVEs50S4Bl,黑色 品牌32 50英寸 电视机（超级超高清）,电视机,品牌32,50英寸,超级超高清,黑色,8*1*1,3,DQ12B,约翰,收货,上架
TVYn50FHGr,灰色 品牌15 50英寸 电视机（全高清）,电视机,品牌15,50英寸,全高清,灰色,8*1*1,6,BP25H,简,收货,上架
LaSu17i7Gr,灰色 品牌11 17英寸 笔记本电脑（第7代处理器）,笔记本电脑,品牌11,17英寸,第7代处理器,灰色,16*1*1,10,DW57C,克里斯,收货,上架
TaCI18AuGr,灰色 品牌27 1800 桌子（自动调节）,桌子,品牌27,1800,自动调节,灰色,8*1*1,6,DK16F,劳拉,收货,上架
CaTE12SlBe,米色 品牌04 1200 文件柜（滑动式）,文件柜,品牌04,1200,滑动式,米色,8*1*1,5,BW62A,克里斯,收货,上架
TaTR10WoBl,黑色 品牌28 1000 桌子（工作站）,桌子,品牌28,1000,工作站,黑色,8*1*1,5,DL06A,劳拉,收货,上架
DrTE12LoBl,黑色 品牌04 1200 抽屉柜（储物锁柜）,抽屉柜,品牌04,1200,储物锁柜,黑色,8*1*1,1,CG13B,简,收货,上架
TaTR15AuGr,灰色 品牌28 1500 桌子（自动调节）,桌子,品牌28,1500,自动调节,灰色,8*1*1,6,BH48F,简,收货,上架
NoMuA4doWh,白色 品牌19 四号纸 笔记本（点阵）,笔记本,品牌19,四号纸,点阵,白色,48*10*5,2159,AX91H,劳拉,收货,上架
CaQE18LoWh,白色 品牌01 1800 文件柜（储物锁柜）,文件柜,品牌01,1800,储物锁柜,白色,8*1*1,4,BY29F,莎拉,收货,上架
TaAE10FrSi,银色 品牌05 1000 桌子（框架式）,桌子,品牌05,1000,框架式,银色,8*1*1,3,CL04H,迈克,收货,上架
TaCI10WoBl,黑色 品牌27 1000 桌子（工作站）,桌子,品牌27,1000,工作站,黑色,8*1*1,8,DY21C,简,收货,上架
PrPHA2LaMi,混合色 品牌12 二号纸 打印机（激光）,打印机,品牌12,二号纸,激光,混合色,16*1*1,1,BN59A,莎拉,收货,上架
TVEs42SFGr,灰色 品牌32 42英寸 电视机（超级全高清）,电视机,品牌32,42英寸,超级全高清,灰色,8*1*1,1,AI62C,简,收货,上架
PeAl50WaBl,黑色 品牌20 50 铅笔（水彩）,铅笔,品牌20,50,水彩,黑色,48*10*5,1460,DG20G,劳拉,收货,上架
GaSEMLePi,粉色 品牌08 中号 游戏椅（皮革）,游戏椅,品牌08,中号,皮革,粉色,16*1*1,13,DU61A,艾米,收货,上架
CuWE12DoBl,黑色 品牌02 1200 储物柜（带门式）,储物柜,品牌02,1200,带门式,黑色,8*1*1,5,CI44F,简,收货,上架
PeAl12SoWh,白色 品牌20 12 铅笔（可溶性）,铅笔,品牌20,12,可溶性,白色,48*10*5,662,DT05A,大卫,收货,上架
CaWE12SlBl,黑色 品牌02 1200 文件柜（滑动式）,文件柜,品牌02,1200,滑动式,黑色,8*1*1,5,DU05E,劳拉,收货,上架
PeGi12HePi,粉色 品牌21 12 铅笔（六角形）,铅笔,品牌21,12,六角形,粉色,48*10*5,989,CN77H,艾米丽,收货,上架
CaRG90DoGr,灰色 品牌03 900 文件柜（带门式）,文件柜,品牌03,900,带门式,灰色,8*1*1,4,BG93A,艾米,收货,上架
AlSu1532Gr,灰色 品牌11 15英寸 一体机（32吉字节内存）,一体机,品牌11,15英寸,32吉字节内存,灰色,16*1*1,2,AJ90B,劳拉,收货,上架
LaOv1432Si,银色 品牌13 14英寸 笔记本电脑（32吉字节内存）,笔记本电脑,品牌13,14英寸,32吉字节内存,银色,16*1*1,11,CQ57A,约翰,收货,上架
CuRG18LoBl,黑色 品牌03 1800 储物柜（储物锁柜）,储物柜,品牌03,1800,储物锁柜,黑色,8*1*1,8,AT45H,劳拉,收货,上架
TVEs50S4Si,银色 品牌32 50英寸 电视机（超级超高清）,电视机,品牌32,50英寸,超级超高清,银色,8*1*1,5,CH84F,约翰,收货,上架
TVYn50SFGr,灰色 品牌15 50英寸 电视机（超级全高清）,电视机,品牌15,50英寸,超级全高清,灰色,8*1*1,4,AV91F,莎拉,收货,上架
CaTE90DoBl,黑色 品牌04 900 文件柜（带门式）,文件柜,品牌04,900,带门式,黑色,8*1*1,6,DU02G,艾米,收货,上架
CuQE18DoBe,米色 品牌01 1800 储物柜（带门式）,储物柜,品牌01,1800,带门式,米色,8*1*1,6,AY57D,艾米丽,收货,上架
CuWE18LoBl,黑色 品牌02 1800 储物柜（储物锁柜）,储物柜,品牌02,1800,储物锁柜,黑色,8*1*1,4,DQ03G,约翰,收货,上架
PrNoA2LaMi,混合色 品牌26 二号纸 打印机（激光）,打印机,品牌26,二号纸,激光,混合色,16*1*1,12,AZ06D,约翰,收货,上架
KeRe27MeBl,黑色 品牌10 270 键盘（机械式）,键盘,品牌10,270,机械式,黑色,16*10*1,102,BY70B,莎拉,收货,上架
PrNoA2MoWh,白色 品牌26 二号纸 打印机（黑白）,打印机,品牌26,二号纸,黑白,白色,16*1*1,14,AW40B,亚历克斯,收货,上架
NoExA5doSi,银色 品牌16 五号纸 笔记本（点阵）,笔记本,品牌16,五号纸,点阵,银色,48*10*5,2227,BP86H,劳拉,收货,上架
GaAELErGr,灰色 品牌05 大号 游戏椅（人体工学）,游戏椅,品牌05,大号,人体工学,灰色,16*1*1,9,CN49G,大卫,收货,上架
PeNa24WaGr,灰色 品牌23 24 铅笔（水彩）,铅笔,品牌23,24,水彩,灰色,48*10*5,1716,DW67D,大卫,收货,上架
CaTE90DoGr,灰色 品牌04 900 文件柜（带门式）,文件柜,品牌04,900,带门式,灰色,8*1*1,5,CR54C,亚历克斯,收货,上架
DrQE90SlBe,米色 品牌01 900 抽屉柜（滑动式）,抽屉柜,品牌01,900,滑动式,米色,8*1*1,2,DT41D,艾米,收货,上架
CuTE90SlBl,黑色 品牌04 900 储物柜（滑动式）,储物柜,品牌04,900,滑动式,黑色,8*1*1,7,DH19F,约翰,收货,上架
TVYn75FHBl,黑色 品牌15 75英寸 电视机（全高清）,电视机,品牌15,75英寸,全高清,黑色,8*1*1,1,AT98E,克里斯,收货,上架
AlRe14i7Wh,白色 品牌14 14英寸 一体机（第7代处理器）,一体机,品牌14,14英寸,第7代处理器,白色,16*1*1,4,CI50C,迈克,收货,上架
TVGL75S4Gr,灰色 品牌31 75英寸 电视机（超级超高清）,电视机,品牌31,75英寸,超级超高清,灰色,8*1*1,5,DS69F,莎拉,收货,上架
SPNa12HeGr,灰色 品牌23 12 触控笔（六角形）,触控笔,品牌23,12,六角形,灰色,48*10*5,929,BZ22C,劳拉,收货,上架
TVGn50FHWh,白色 品牌30 50英寸 电视机（全高清）,电视机,品牌30,50英寸,全高清,白色,8*1*1,4,CL51H,艾米丽,收货,上架
CaRG12LoBe,米色 品牌03 1200 文件柜（储物锁柜）,文件柜,品牌03,1200,储物锁柜,米色,8*1*1,6,BG47H,大卫,收货,上架
LaSu15i7Bl,黑色 品牌11 15英寸 笔记本电脑（第7代处理器）,笔记本电脑,品牌11,15英寸,第7代处理器,黑色,16*1*1,6,CG57H,艾米,收货,上架
TVEs65S4Wh,白色 品牌32 65英寸 电视机（超级超高清）,电视机,品牌32,65英寸,超级超高清,白色,8*1*1,1,CL93C,克里斯,收货,上架
PrReA2LaWh,白色 品牌24 二号纸 打印机（激光）,打印机,品牌24,二号纸,激光,白色,16*1*1,8,CL65F,约翰,收货,上架
OfOGSHeGr,灰色 品牌07 小号 办公椅（头枕）,办公椅,品牌07,小号,头枕,灰色,16*1*1,9,AM68C,迈克,收货,上架
KePH35WiWh,白色 品牌12 350 键盘（有线）,键盘,品牌12,350,有线,白色,16*10*1,8,BL58G,约翰,收货,上架
SPGi24SoWh,白色 品牌21 24 触控笔（可溶性）,触控笔,品牌21,24,可溶性,白色,48*10*5,2212,BQ47E,劳拉,收货,上架
SPAl24WaBl,黑色 品牌20 24 触控笔（水彩）,触控笔,品牌20,24,水彩,黑色,48*10*5,1929,CL71B,克里斯,收货,上架
LaSu1732Bl,黑色 品牌11 17英寸 笔记本电脑（32吉字节内存）,笔记本电脑,品牌11,17英寸,32吉字节内存,黑色,16*1*1,11,BK38E,亚历克斯,收货,上架
CaQE18DoBl,黑色 品牌01 1800 文件柜（带门式）,文件柜,品牌01,1800,带门式,黑色,8*1*1,7,BI70B,艾米,收货,上架
PrNoA3WiGr,灰色 品牌26 三号纸 打印机（无线网络）,打印机,品牌26,三号纸,无线网络,灰色,16*1*1,7,AM57E,莎拉,收货,上架
GaOGMLeWh,白色 品牌07 中号 游戏椅（皮革）,游戏椅,品牌07,中号,皮革,白色,16*1*1,15,BN85C,艾米,收货,上架
KePH27MeWh,白色 品牌12 270 键盘（机械式）,键盘,品牌12,270,机械式,白色,16*10*1,47,CU75A,莎拉,收货,上架
TVGn32S4Si,银色 品牌30 32英寸 电视机（超级超高清）,电视机,品牌30,32英寸,超级超高清,银色,8*1*1,4,CZ07A,约翰,收货,上架
MoHc35WiBl,黑色 品牌09 350 鼠标（有线）,鼠标,品牌09,350,有线,黑色,16*10*1,108,BO64G,艾米,收货,上架
NoGrA5doSi,银色 品牌18 五号纸 笔记本（点阵）,笔记本,品牌18,五号纸,点阵,银色,48*10*5,1597,DX08E,简,收货,上架
NoScA3ruBl,黑色 品牌17 三号纸 笔记本（横线）,笔记本,品牌17,三号纸,横线,黑色,48*10*5,356,BF81G,迈克,收货,上架
DrQE18DoBe,米色 品牌01 1800 抽屉柜（带门式）,抽屉柜,品牌01,1800,带门式,米色,8*1*1,5,BZ11F,艾米丽,收货,上架
CaRG90FiWh,白色 品牌03 900 文件柜（文件收纳）,文件柜,品牌03,900,文件收纳,白色,8*1*1,8,DO80A,大卫,收货,上架
PeGi50WaBl,黑色 品牌21 50 铅笔（水彩）,铅笔,品牌21,50,水彩,黑色,48*10*5,1966,AZ46G,简,收货,上架
GaOGLAdBl,黑色 品牌07 大号 游戏椅（可调节）,游戏椅,品牌07,大号,可调节,黑色,16*1*1,2,DP21G,亚历克斯,收货,上架
TaAE10AdGr,灰色 品牌05 1000 桌子（可调节）,桌子,品牌05,1000,可调节,灰色,8*1*1,1,CP44A,约翰,收货,上架
DrRG18FiBe,米色 品牌03 1800 抽屉柜（文件收纳）,抽屉柜,品牌03,1800,文件收纳,米色,8*1*1,7,CR05E,大卫,收货,上架
PeNa12SoGr,灰色 品牌23 12 铅笔（可溶性）,铅笔,品牌23,12,可溶性,灰色,48*10*5,1712,CZ77F,克里斯,收货,上架
CaTE18FiBl,黑色 品牌04 1800 文件柜（文件收纳）,文件柜,品牌04,1800,文件收纳,黑色,8*1*1,6,CP41A,大卫,收货,上架
MoPH35BlBl,黑色 品牌12 350 鼠标（蓝牙）,鼠标,品牌12,350,蓝牙,黑色,16*10*1,127,CY85F,亚历克斯,收货,上架
CaWE18DoGr,灰色 品牌02 1800 文件柜（带门式）,文件柜,品牌02,1800,带门式,灰色,8*1*1,4,AY17A,迈克,收货,上架
NoExA4ruSi,银色 品牌16 四号纸 笔记本（横线）,笔记本,品牌16,四号纸,横线,银色,48*10*5,112,BY54B,莎拉,收货,上架
LaPH1732Bl,黑色 品牌12 17英寸 笔记本电脑（32吉字节内存）,笔记本电脑,品牌12,17英寸,32吉字节内存,黑色,16*1*1,16,DY19F,克里斯,收货,上架
GaOGLHeGr,灰色 品牌07 大号 游戏椅（头枕）,游戏椅,品牌07,大号,头枕,灰色,16*1*1,3,BL96F,莎拉,收货,上架
PrPHA3LaBl,黑色 品牌12 三号纸 打印机（激光）,打印机,品牌12,三号纸,激光,黑色,16*1*1,1,DF49H,约翰,收货,上架
LaSu1516Bl,黑色 品牌11 15英寸 笔记本电脑（16吉字节内存）,笔记本电脑,品牌11,15英寸,16吉字节内存,黑色,16*1*1,11,CX60C,劳拉,收货,上架
DrQE12DoWh,白色 品牌01 1200 抽屉柜（带门式）,抽屉柜,品牌01,1200,带门式,白色,8*1*1,8,BR70E,艾米丽,收货,上架
AlSu148GSi,银色 品牌11 14英寸 一体机（8吉字节内存）,一体机,品牌11,14英寸,8吉字节内存,银色,16*1*1,8,AN38F,劳拉,收货,上架
OfOGSLeGr,灰色 品牌07 小号 办公椅（皮革）,办公椅,品牌07,小号,皮革,灰色,16*1*1,16,AO40C,简,收货,上架
MoRe45MeWh,白色 品牌10 450 鼠标（机械式）,鼠标,品牌10,450,机械式,白色,16*10*1,140,AF05B,劳拉,收货,上架
PrReA2MoBl,黑色 品牌24 二号纸 打印机（黑白）,打印机,品牌24,二号纸,黑白,黑色,16*1*1,2,AX76B,约翰,收货,上架
PeAl50WaBl,黑色 品牌20 50 铅笔（水彩）,铅笔,品牌20,50,水彩,黑色,48*10*5,2027,CW78B,莎拉,收货,上架
PrPHA4LaBl,黑色 品牌12 四号纸 打印机（激光）,打印机,品牌12,四号纸,激光,黑色,16*1*1,10,DM76H,亚历克斯,收货,上架
PrNoA3MoBl,黑色 品牌26 三号纸 打印机（黑白）,打印机,品牌26,三号纸,黑白,黑色,16*1*1,11,DY53H,劳拉,收货,上架
TVGn65FHGr,灰色 品牌30 65英寸 电视机（全高清）,电视机,品牌30,65英寸,全高清,灰色,8*1*1,1,CG66G,莎拉,收货,上架
KeHc45WiWh,白色 品牌09 450 键盘（有线）,键盘,品牌09,450,有线,白色,16*10*1,26,CJ45B,莎拉,收货,上架
TVEs324KSi,银色 品牌32 32英寸 电视机（超高清）,电视机,品牌32,32英寸,超高清,银色,8*1*1,2,DF71G,劳拉,收货,上架
AlOv1532Si,银色 品牌13 15英寸 一体机（32吉字节内存）,一体机,品牌13,15英寸,32吉字节内存,银色,16*1*1,4,DI09H,迈克,收货,上架
TVYn42S4Si,银色 品牌15 42英寸 电视机（超级超高清）,电视机,品牌15,42英寸,超级超高清,银色,8*1*1,7,BM01F,迈克,收货,上架
PrReA3AlMi,混合色 品牌24 三号纸 打印机（一体式）,打印机,品牌24,三号纸,一体式,混合色,16*1*1,7,DM91F,莎拉,收货,上架
TaTR15AdWh,白色 品牌28 1500 桌子（可调节）,桌子,品牌28,1500,可调节,白色,8*1*1,7,AM82E,艾米丽,收货,上架
CuWE90FiWh,白色 品牌02 900 储物柜（文件收纳）,储物柜,品牌02,900,文件收纳,白色,8*1*1,1,DW89C,艾米丽,收货,上架
KeSu35WiBl,黑色 品牌11 350 键盘（有线）,键盘,品牌11,350,有线,黑色,16*10*1,56,DQ57A,克里斯,收货,上架
PrNoA3WiGr,灰色 品牌26 三号纸 打印机（无线网络）,打印机,品牌26,三号纸,无线网络,灰色,16*1*1,9,AV42F,亚历克斯,收货,上架
OfXESErWh,白色 品牌06 小号 办公椅（人体工学）,办公椅,品牌06,小号,人体工学,白色,16*1*1,6,DF22C,艾米,收货,上架
PrNoA4MoGr,灰色 品牌26 四号纸 打印机（黑白）,打印机,品牌26,四号纸,黑白,灰色,16*1*1,11,DU94H,克里斯,收货,上架
NoGrA3ruBl,黑色 品牌18 三号纸 笔记本（横线）,笔记本,品牌18,三号纸,横线,黑色,48*10*5,464,DP19F,克里斯,收货,上架
DrWE18LoGr,灰色 品牌02 1800 抽屉柜（储物锁柜）,抽屉柜,品牌02,1800,储物锁柜,灰色,8*1*1,2,AM57F,简,收货,上架
AlPH1532Wh,白色 品牌12 15英寸 一体机（32吉字节内存）,一体机,品牌12,15英寸,32吉字节内存,白色,16*1*1,16,DQ22C,莎拉,收货,上架
MoSu45MePi,粉色 品牌11 450 鼠标（机械式）,鼠标,品牌11,450,机械式,粉色,16*10*1,7,CU46H,莎拉,收货,上架
AlOv17i7Wh,白色 品牌13 17英寸 一体机（第7代处理器）,一体机,品牌13,17英寸,第7代处理器,白色,16*1*1,3,CG83D,劳拉,收货,上架
LaPH1716Gr,灰色 品牌12 17英寸 笔记本电脑（16吉字节内存）,笔记本电脑,品牌12,17英寸,16吉字节内存,灰色,16*1*1,9,CH81D,简,收货,上架
DrTE12SlBl,黑色 品牌04 1200 抽屉柜（滑动式）,抽屉柜,品牌04,1200,滑动式,黑色,8*1*1,4,AO24A,艾米丽,收货,上架
KePH27ErBl,黑色 品牌12 270 键盘（人体工学）,键盘,品牌12,270,人体工学,黑色,16*10*1,141,BI37G,约翰,收货,上架
SPRe50WaPi,粉色 品牌22 50 触控笔（水彩）,触控笔,品牌22,50,水彩,粉色,48*10*5,1413,DK35G,莎拉,收货,上架
AlRe17i7Si,银色 品牌14 17英寸 一体机（第7代处理器）,一体机,品牌14,17英寸,第7代处理器,银色,16*1*1,2,AF66B,莎拉,收货,上架
DrTE12FiBl,黑色 品牌04 1200 抽屉柜（文件收纳）,抽屉柜,品牌04,1200,文件收纳,黑色,8*1*1,2,AU96A,亚历克斯,收货,上架
TVYn324KGr,灰色 品牌15 32英寸 电视机（超高清）,电视机,品牌15,32英寸,超高清,灰色,8*1*1,1,AY05G,莎拉,收货,上架
PrNoA4WiWh,白色 品牌26 四号纸 打印机（无线网络）,打印机,品牌26,四号纸,无线网络,白色,16*1*1,8,DY13C,约翰,收货,上架
MoPH45WiPi,粉色 品牌12 450 鼠标（有线）,鼠标,品牌12,450,有线,粉色,16*10*1,132,CR48F,亚历克斯,收货,上架
KePH45WiNa,藏青色 品牌12 450 键盘（有线）,键盘,品牌12,450,有线,藏青色,16*10*1,115,AS89E,克里斯,收货,上架
SPNa12SoBl,黑色 品牌23 12 触控笔（可溶性）,触控笔,品牌23,12,可溶性,黑色,48*10*5,714,AK12G,莎拉,收货,上架
LaPH15i5Si,银色 品牌12 15英寸 笔记本电脑（第5代处理器）,笔记本电脑,品牌12,15英寸,第5代处理器,银色,16*1*1,12,AI55G,艾米,收货,上架
CaTE90SlWh,白色 品牌04 900 文件柜（滑动式）,文件柜,品牌04,900,滑动式,白色,8*1*1,1,BF92H,亚历克斯,收货,上架
PrSoA3AlBl,黑色 品牌25 三号纸 打印机（一体式）,打印机,品牌25,三号纸,一体式,黑色,16*1*1,4,AO70C,莎拉,收货,上架
TVEs324KWh,白色 品牌32 32英寸 电视机（超高清）,电视机,品牌32,32英寸,超高清,白色,8*1*1,7,AJ60H,艾米丽,收货,上架
CaWE90DoGr,灰色 品牌02 900 文件柜（带门式）,文件柜,品牌02,900,带门式,灰色,8*1*1,3,AZ07G,大卫,收货,上架
CaRG12LoBl,黑色 品牌03 1200 文件柜（储物锁柜）,文件柜,品牌03,1200,储物锁柜,黑色,8*1*1,6,CQ28C,克里斯,收货,上架
PeGi24WaGr,灰色 品牌21 24 铅笔（水彩）,铅笔,品牌21,24,水彩,灰色,48*10*5,2115,AL84D,莎拉,收货,上架
CuTE90SlBl,黑色 品牌04 900 储物柜（滑动式）,储物柜,品牌04,900,滑动式,黑色,8*1*1,7,AR05D,大卫,收货,上架
MoPH35MeWh,白色 品牌12 350 鼠标（机械式）,鼠标,品牌12,350,机械式,白色,16*10*1,116,BJ74G,约翰,收货,上架
TVGL65S4Bl,黑色 品牌31 65英寸 电视机（超级超高清）,电视机,品牌31,65英寸,超级超高清,黑色,8*1*1,7,DK84F,莎拉,收货,上架
PeAl24HePi,粉色 品牌20 24 铅笔（六角形）,铅笔,品牌20,24,六角形,粉色,48*10*5,1656,AK34F,约翰,收货,上架
PrPHA4MoGr,灰色 品牌12 四号纸 打印机（黑白）,打印机,品牌12,四号纸,黑白,灰色,16*1*1,7,AN16A,简,收货,上架
CuTE18FiBl,黑色 品牌04 1800 储物柜（文件收纳）,储物柜,品牌04,1800,文件收纳,黑色,8*1*1,6,AJ04E,简,收货,上架
AlPH1532Gr,灰色 品牌12 15英寸 一体机（32吉字节内存）,一体机,品牌12,15英寸,32吉字节内存,灰色,16*1*1,8,AY61F,大卫,收货,上架
OfSESLeWh,白色 品牌08 小号 办公椅（皮革）,办公椅,品牌08,小号,皮革,白色,16*1*1,12,CH19G,约翰,收货,上架
CuTE12LoBe,米色 品牌04 1200 储物柜（储物锁柜）,储物柜,品牌04,1200,储物锁柜,米色,8*1*1,3,BL93E,迈克,收货,上架
PeAl24WaWh,白色 品牌20 24 铅笔（水彩）,铅笔,品牌20,24,水彩,白色,48*10*5,865,DP58D,艾米丽,收货,上架
LaRe1716Bl,黑色 品牌14 17英寸 笔记本电脑（16吉字节内存）,笔记本电脑,品牌14,17英寸,16吉字节内存,黑色,16*1*1,9,BJ59C,约翰,收货,上架
DrTE18LoGr,灰色 品牌04 1800 抽屉柜（储物锁柜）,抽屉柜,品牌04,1800,储物锁柜,灰色,8*1*1,8,AG39E,劳拉,收货,上架
GaXELErBl,黑色 品牌06 大号 游戏椅（人体工学）,游戏椅,品牌06,大号,人体工学,黑色,16*1*1,9,BZ59E,艾米,收货,上架
PrPHA4AlWh,白色 品牌12 四号纸 打印机（一体式）,打印机,品牌12,四号纸,一体式,白色,16*1*1,8,DQ90D,大卫,收货,上架
DrTE12LoBe,米色 品牌04 1200 抽屉柜（储物锁柜）,抽屉柜,品牌04,1200,储物锁柜,米色,8*1*1,8,BN48C,大卫,收货,上架
MoPH27WiBl,黑色 品牌12 270 鼠标（有线）,鼠标,品牌12,270,有线,黑色,16*10*1,111,CR94A,劳拉,收货,上架
LaSu17i5Bl,黑色 品牌11 17英寸 笔记本电脑（第5代处理器）,笔记本电脑,品牌11,17英寸,第5代处理器,黑色,16*1*1,14,DI32G,亚历克斯,收货,上架
GaSESErBl,黑色 品牌08 小号 游戏椅（人体工学）,游戏椅,品牌08,小号,人体工学,黑色,16*1*1,6,AJ52B,艾米丽,收货,上架
KeHc45BlBl,黑色 品牌09 450 键盘（蓝牙）,键盘,品牌09,450,蓝牙,黑色,16*10*1,79,AJ10H,约翰,收货,上架
OfSEMErBl,黑色 品牌08 中号 办公椅（人体工学）,办公椅,品牌08,中号,人体工学,黑色,16*1*1,16,BR02G,艾米丽,收货,上架
CaWE18DoWh,白色 品牌02 1800 文件柜（带门式）,文件柜,品牌02,1800,带门式,白色,8*1*1,8,DO48H,莎拉,收货,上架
CuRG12SlWh,白色 品牌03 1200 储物柜（滑动式）,储物柜,品牌03,1200,滑动式,白色,8*1*1,7,CQ26G,亚历克斯,收货,上架
PrPHA2InWh,白色 品牌12 二号纸 打印机（喷墨）,打印机,品牌12,二号纸,喷墨,白色,16*1*1,5,BL71E,约翰,收货,上架
DrTE18LoBe,米色 品牌04 1800 抽屉柜（储物锁柜）,抽屉柜,品牌04,1800,储物锁柜,米色,8*1*1,7,BS51D,简,收货,上架
LaPH148GGr,灰色 品牌12 14英寸 笔记本电脑（8吉字节内存）,笔记本电脑,品牌12,14英寸,8吉字节内存,灰色,16*1*1,5,BO78A,劳拉,收货,上架
CaQE12DoWh,白色 品牌01 1200 文件柜（带门式）,文件柜,品牌01,1200,带门式,白色,8*1*1,4,DG34E,艾米,收货,上架
NoExA5ruBl,黑色 品牌16 五号纸 笔记本（横线）,笔记本,品牌16,五号纸,横线,黑色,48*10*5,2130,CQ94E,莎拉,收货,上架
SPGi50SoPi,粉色 品牌21 50 触控笔（可溶性）,触控笔,品牌21,50,可溶性,粉色,48*10*5,2354,BF06C,艾米,收货,上架
TVEs65S4Si,银色 品牌32 65英寸 电视机（超级超高清）,电视机,品牌32,65英寸,超级超高清,银色,8*1*1,7,BV21H,莎拉,收货,上架
NoGrA4liSi,银色 品牌18 四号纸 笔记本（线条）,笔记本,品牌18,四号纸,线条,银色,48*10*5,231,BW05F,艾米丽,收货,上架
SPNa24WaBl,黑色 品牌23 24 触控笔（水彩）,触控笔,品牌23,24,水彩,黑色,48*10*5,864,BX30C,艾米丽,收货,上架
DrRG12DoWh,白色 品牌03 1200 抽屉柜（带门式）,抽屉柜,品牌03,1200,带门式,白色,8*1*1,7,DZ73D,克里斯,收货,上架
MoSu45WiBl,黑色 品牌11 450 鼠标（有线）,鼠标,品牌11,450,有线,黑色,16*10*1,65,CR91D,劳拉,收货,上架
AlOv1516Wh,白色 品牌13 15英寸 一体机（16吉字节内存）,一体机,品牌13,15英寸,16吉字节内存,白色,16*1*1,13,BQ06H,约翰,收货,上架
CuQE90FiWh,白色 品牌01 900 储物柜（文件收纳）,储物柜,品牌01,900,文件收纳,白色,8*1*1,2,DS27E,艾米丽,收货,上架
TVGL75SFGr,灰色 品牌31 75英寸 电视机（超级全高清）,电视机,品牌31,75英寸,超级全高清,灰色,8*1*1,5,BU75F,艾米,收货,上架
PrReA4MoBl,黑色 品牌24 四号纸 打印机（黑白）,打印机,品牌24,四号纸,黑白,黑色,16*1*1,13,AK10C,迈克,收货,上架
CuQE90DoBe,米色 品牌01 900 储物柜（带门式）,储物柜,品牌01,900,带门式,米色,8*1*1,5,CV66C,约翰,收货,上架
CuRG90SlGr,灰色 品牌03 900 储物柜（滑动式）,储物柜,品牌03,900,滑动式,灰色,8*1*1,8,BR41A,艾米丽,收货,上架
NoMuA4liBl,黑色 品牌19 四号纸 笔记本（线条）,笔记本,品牌19,四号纸,线条,黑色,48*10*5,1277,AX28E,劳拉,收货,上架
TVEs75SFSi,银色 品牌32 75英寸 电视机（超级全高清）,电视机,品牌32,75英寸,超级全高清,银色,8*1*1,3,CZ54C,克里斯,收货,上架
CuTE18SlGr,灰色 品牌04 1800 储物柜（滑动式）,储物柜,品牌04,1800,滑动式,灰色,8*1*1,3,CV60G,简,收货,上架
PeAl24WaPi,粉色 品牌20 24 铅笔（水彩）,铅笔,品牌20,24,水彩,粉色,48*10*5,2079,CM44G,克里斯,收货,上架
AlPH178GWh,白色 品牌12 17英寸 一体机（8吉字节内存）,一体机,品牌12,17英寸,8吉字节内存,白色,16*1*1,6,DN42D,劳拉,收货,上架
TaTR18AuGr,灰色 品牌28 1800 桌子（自动调节）,桌子,品牌28,1800,自动调节,灰色,8*1*1,2,CZ46G,劳拉,收货,上架
TaCI18AuSi,银色 品牌27 1800 桌子（自动调节）,桌子,品牌27,1800,自动调节,银色,8*1*1,5,BX96D,莎拉,收货,上架
SPAl50WaPi,粉色 品牌20 50 触控笔（水彩）,触控笔,品牌20,50,水彩,粉色,48*10*5,432,AO31D,大卫,收货,上架
PeGi24HePi,粉色 品牌21 24 铅笔（六角形）,铅笔,品牌21,24,六角形,粉色,48*10*5,1729,BO30A,简,收货,上架
CuTE90SlBe,米色 品牌04 900 储物柜（滑动式）,储物柜,品牌04,900,滑动式,米色,8*1*1,4,CX83A,莎拉,收货,上架
TVGn42SFSi,银色 品牌30 42英寸 电视机（超级全高清）,电视机,品牌30,42英寸,超级全高清,银色,8*1*1,2,CO98H,艾米丽,收货,上架
KeSu45ErWh,白色 品牌11 450 键盘（人体工学）,键盘,品牌11,450,人体工学,白色,16*10*1,13,BO23D,克里斯,收货,上架
SPRe12SoGr,灰色 品牌22 12 触控笔（可溶性）,触控笔,品牌22,12,可溶性,灰色,48*10*5,1341,BR55D,简,收货,上架
AlYn14i7Si,银色 品牌15 14英寸 一体机（第7代处理器）,一体机,品牌15,14英寸,第7代处理器,银色,16*1*1,4,AX52D,大卫,收货,上架
TaCI18FrBl,黑色 品牌27 1800 桌子（框架式）,桌子,品牌27,1800,框架式,黑色,8*1*1,8,CM26C,简,收货,上架
KePH35ErPi,粉色 品牌12 350 键盘（人体工学）,键盘,品牌12,350,人体工学,粉色,16*10*1,83,CY69F,大卫,收货,上架
PrPHA2InWh,白色 品牌12 二号纸 打印机（喷墨）,打印机,品牌12,二号纸,喷墨,白色,16*1*1,4,AL55G,简,收货,上架
TaTR18AuBl,黑色 品牌28 1800 桌子（自动调节）,桌子,品牌28,1800,自动调节,黑色,8*1*1,4,AF83D,艾米,收货,上架
NoScA3liSi,银色 品牌17 三号纸 笔记本（线条）,笔记本,品牌17,三号纸,线条,银色,48*10*5,1261,CW17G,克里斯,收货,上架
CuRG18SlGr,灰色 品牌03 1800 储物柜（滑动式）,储物柜,品牌03,1800,滑动式,灰色,8*1*1,3,CM71A,迈克,收货,上架
TaTR10AuWh,白色 品牌28 1000 桌子（自动调节）,桌子,品牌28,1000,自动调节,白色,8*1*1,8,DF87E,克里斯,收货,上架
OfOGSAdBl,黑色 品牌07 小号 办公椅（可调节）,办公椅,品牌07,小号,可调节,黑色,16*1*1,11,CU89B,艾米,收货,上架
TVEs424KSi,银色 品牌32 42英寸 电视机（超高清）,电视机,品牌32,42英寸,超高清,银色,8*1*1,4,AO91F,约翰,收货,上架
PrSoA2WiBl,黑色 品牌25 二号纸 打印机（无线网络）,打印机,品牌25,二号纸,无线网络,黑色,16*1*1,10,AF10C,艾米,收货,上架
PeRe12SoWh,白色 品牌22 12 铅笔（可溶性）,铅笔,品牌22,12,可溶性,白色,48*10*5,731,CL83C,艾米,收货,上架
AlSu1732Wh,白色 品牌11 17英寸 一体机（32吉字节内存）,一体机,品牌11,17英寸,32吉字节内存,白色,16*1*1,3,DU81F,迈克,收货,上架
LaOv1516Bl,黑色 品牌13 15英寸 笔记本电脑（16吉字节内存）,笔记本电脑,品牌13,15英寸,16吉字节内存,黑色,16*1*1,6,AS68H,艾米丽,收货,上架
AlOv1516Wh,白色 品牌13 15英寸 一体机（16吉字节内存）,一体机,品牌13,15英寸,16吉字节内存,白色,16*1*1,5,BH20E,亚历克斯,收货,上架
OfOGSHeBl,黑色 品牌07 小号 办公椅（头枕）,办公椅,品牌07,小号,头枕,黑色,16*1*1,5,BV58B,劳拉,收货,上架
SPRe24WaBl,黑色 品牌22 24 触控笔（水彩）,触控笔,品牌22,24,水彩,黑色,48*10*5,885,DO92E,艾米,收货,上架
SPAl24WaPi,粉色 品牌20 24 触控笔（水彩）,触控笔,品牌20,24,水彩,粉色,48*10*5,2371,BN04H,约翰,收货,上架
TVGn65SFWh,白色 品牌30 65英寸 电视机（超级全高清）,电视机,品牌30,65英寸,超级全高清,白色,8*1*1,4,AI31H,约翰,收货,上架
PrReA3AlMi,混合色 品牌24 三号纸 打印机（一体式）,打印机,品牌24,三号纸,一体式,混合色,16*1*1,15,BJ96B,莎拉,收货,上架
NoExA5ruBl,黑色 品牌16 五号纸 笔记本（横线）,笔记本,品牌16,五号纸,横线,黑色,48*10*5,976,AJ56F,劳拉,收货,上架
LaYn15i7Gr,灰色 品牌15 15英寸 笔记本电脑（第7代处理器）,笔记本电脑,品牌15,15英寸,第7代处理器,灰色,16*1*1,15,AV15C,艾米丽,收货,上架
TaTR10FrSi,银色 品牌28 1000 桌子（框架式）,桌子,品牌28,1000,框架式,银色,8*1*1,6,AM72A,劳拉,收货,上架
AlPH1716Bl,黑色 品牌12 17英寸 一体机（16吉字节内存）,一体机,品牌12,17英寸,16吉字节内存,黑色,16*1*1,9,BI07D,莎拉,收货,上架
CaRG12DoWh,白色 品牌03 1200 文件柜（带门式）,文件柜,品牌03,1200,带门式,白色,8*1*1,1,CZ83C,约翰,收货,上架
AlRe1532Wh,白色 品牌14 15英寸 一体机（32吉字节内存）,一体机,品牌14,15英寸,32吉字节内存,白色,16*1*1,10,DL82F,克里斯,收货,上架
DrQE90SlBe,米色 品牌01 900 抽屉柜（滑动式）,抽屉柜,品牌01,900,滑动式,米色,8*1*1,8,BK81E,克里斯,收货,上架
PeGi24WaPi,粉色 品牌21 24 铅笔（水彩）,铅笔,品牌21,24,水彩,粉色,48*10*5,1734,DV95B,艾米丽,收货,上架
LaSu178GWh,白色 品牌11 17英寸 笔记本电脑（8吉字节内存）,笔记本电脑,品牌11,17英寸,8吉字节内存,白色,16*1*1,7,BL88E,亚历克斯,收货,上架
LaOv1732Bl,黑色 品牌13 17英寸 笔记本电脑（32吉字节内存）,笔记本电脑,品牌13,17英寸,32吉字节内存,黑色,16*1*1,11,DQ09C,迈克,收货,上架
CuQE90SlBe,米色 品牌01 900 储物柜（滑动式）,储物柜,品牌01,900,滑动式,米色,8*1*1,5,DQ95F,亚历克斯,收货,上架
OfSESAdPi,粉色 品牌08 小号 办公椅（可调节）,办公椅,品牌08,小号,可调节,粉色,16*1*1,11,AF42B,大卫,收货,上架
CaWE90LoGr,灰色 品牌02 900 文件柜（储物锁柜）,文件柜,品牌02,900,储物锁柜,灰色,8*1*1,1,BZ98G,劳拉,收货,上架
LaPH14i7Si,银色 品牌12 14英寸 笔记本电脑（第7代处理器）,笔记本电脑,品牌12,14英寸,第7代处理器,银色,16*1*1,9,DF50G,劳拉,收货,上架
PrSoA3LaGr,灰色 品牌25 三号纸 打印机（激光）,打印机,品牌25,三号纸,激光,灰色,16*1*1,12,DW46H,约翰,收货,上架
KeRe45BlWh,白色 品牌10 450 键盘（蓝牙）,键盘,品牌10,450,蓝牙,白色,16*10*1,38,DP57E,劳拉,收货,上架
OfAELHeWh,白色 品牌05 大号 办公椅（头枕）,办公椅,品牌05,大号,头枕,白色,16*1*1,2,DJ62A,克里斯,收货,上架
LaSu15i5Wh,白色 品牌11 15英寸 笔记本电脑（第5代处理器）,笔记本电脑,品牌11,15英寸,第5代处理器,白色,16*1*1,4,BM15F,简,收货,上架
GaAESAdBl,黑色 品牌05 小号 游戏椅（可调节）,游戏椅,品牌05,小号,可调节,黑色,16*1*1,13,DX57C,艾米丽,收货,上架
GaXESAdGr,灰色 品牌06 小号 游戏椅（可调节）,游戏椅,品牌06,小号,可调节,灰色,16*1*1,6,AF77D,约翰,收货,上架
SPRe50HeBl,黑色 品牌22 50 触控笔（六角形）,触控笔,品牌22,50,六角形,黑色,48*10*5,205,DF46H,劳拉,收货,上架
TaTR18AdBl,黑色 品牌28 1800 桌子（可调节）,桌子,品牌28,1800,可调节,黑色,8*1*1,8,DG35G,莎拉,收货,上架
CaWE90LoWh,白色 品牌02 900 文件柜（储物锁柜）,文件柜,品牌02,900,储物锁柜,白色,8*1*1,5,AT15H,迈克,收货,上架
TVYn32FHWh,白色 品牌15 32英寸 电视机（全高清）,电视机,品牌15,32英寸,全高清,白色,8*1*1,1,DS50B,莎拉,收货,上架
PrPHA3AlMi,混合色 品牌12 三号纸 打印机（一体式）,打印机,品牌12,三号纸,一体式,混合色,16*1*1,1,CG26E,约翰,收货,上架
TVGn654KBl,黑色 品牌30 65英寸 电视机（超高清）,电视机,品牌30,65英寸,超高清,黑色,8*1*1,8,CY07G,克里斯,收货,上架
OfAELLePi,粉色 品牌05 大号 办公椅（皮革）,办公椅,品牌05,大号,皮革,粉色,16*1*1,8,AZ01F,莎拉,收货,上架
PrReA3InMi,混合色 品牌24 三号纸 打印机（喷墨）,打印机,品牌24,三号纸,喷墨,混合色,16*1*1,4,CL97H,克里斯,收货,上架
CuTE12SlBl,黑色 品牌04 1200 储物柜（滑动式）,储物柜,品牌04,1200,滑动式,黑色,8*1*1,6,AK36D,亚历克斯,收货,上架
TVGn75FHBl,黑色 品牌30 75英寸 电视机（全高清）,电视机,品牌30,75英寸,全高清,黑色,8*1*1,6,BP20A,劳拉,收货,上架
OfOGMAdPi,粉色 品牌07 中号 办公椅（可调节）,办公椅,品牌07,中号,可调节,粉色,16*1*1,5,DN61D,艾米,收货,上架
AlSu15i7Si,银色 品牌11 15英寸 一体机（第7代处理器）,一体机,品牌11,15英寸,第7代处理器,银色,16*1*1,2,CK32A,劳拉,收货,上架
DrTE12DoWh,白色 品牌04 1200 抽屉柜（带门式）,抽屉柜,品牌04,1200,带门式,白色,8*1*1,5,BH17G,大卫,收货,上架
AlOv14i5Si,银色 品牌13 14英寸 一体机（第5代处理器）,一体机,品牌13,14英寸,第5代处理器,银色,16*1*1,16,AR42C,艾米丽,收货,上架
CuRG18FiBe,米色 品牌03 1800 储物柜（文件收纳）,储物柜,品牌03,1800,文件收纳,米色,8*1*1,1,BY93E,克里斯,收货,上架
PrNoA2LaBl,黑色 品牌26 二号纸 打印机（激光）,打印机,品牌26,二号纸,激光,黑色,16*1*1,7,DI74A,迈克,收货,上架
KeHc27MePi,粉色 品牌09 270 键盘（机械式）,键盘,品牌09,270,机械式,粉色,16*10*1,46,CY03E,简,收货,上架
LaYn1432Si,银色 品牌15 14英寸 笔记本电脑（32吉字节内存）,笔记本电脑,品牌15,14英寸,32吉字节内存,银色,16*1*1,16,DS90C,艾米,收货,上架
LaYn1532Wh,白色 品牌15 15英寸 笔记本电脑（32吉字节内存）,笔记本电脑,品牌15,15英寸,32吉字节内存,白色,16*1*1,3,CJ38E,简,收货,上架
AlSu14i7Si,银色 品牌11 14英寸 一体机（第7代处理器）,一体机,品牌11,14英寸,第7代处理器,银色,16*1*1,12,CK94F,艾米丽,收货,上架
TVGL654KGr,灰色 品牌31 65英寸 电视机（超高清）,电视机,品牌31,65英寸,超高清,灰色,8*1*1,3,CQ43H,简,收货,上架
CuQE90SlBl,黑色 品牌01 900 储物柜（滑动式）,储物柜,品牌01,900,滑动式,黑色,8*1*1,4,DR91H,亚历克斯,收货,上架
SPGi12WaBl,黑色 品牌21 12 触控笔（水彩）,触控笔,品牌21,12,水彩,黑色,48*10*5,1616,DN40C,大卫,收货,上架
SPGi50HeWh,白色 品牌21 50 触控笔（六角形）,触控笔,品牌21,50,六角形,白色,48*10*5,1756,AH69A,约翰,收货,上架
AlSu15i7Si,银色 品牌11 15英寸 一体机（第7代处理器）,一体机,品牌11,15英寸,第7代处理器,银色,16*1*1,8,AW92A,艾米,收货,上架
TaTR15WoSi,银色 品牌28 1500 桌子（工作站）,桌子,品牌28,1500,工作站,银色,8*1*1,4,CV81F,迈克,收货,上架
DrTE12DoBl,黑色 品牌04 1200 抽屉柜（带门式）,抽屉柜,品牌04,1200,带门式,黑色,8*1*1,2,CW82B,艾米丽,收货,上架
GaXEMAdPi,粉色 品牌06 中号 游戏椅（可调节）,游戏椅,品牌06,中号,可调节,粉色,16*1*1,14,CQ28C,劳拉,收货,上架
OfAEMErWh,白色 品牌05 中号 办公椅（人体工学）,办公椅,品牌05,中号,人体工学,白色,16*1*1,2,BH79E,约翰,收货,上架
CaRG18FiGr,灰色 品牌03 1800 文件柜（文件收纳）,文件柜,品牌03,1800,文件收纳,灰色,8*1*1,3,DM69C,简,收货,上架
OfAELHeWh,白色 品牌05 大号 办公椅（头枕）,办公椅,品牌05,大号,头枕,白色,16*1*1,11,DN21D,约翰,收货,上架
MoPH27WiNa,藏青色 品牌12 270 鼠标（有线）,鼠标,品牌12,270,有线,藏青色,16*10*1,8,AJ12F,克里斯,收货,上架
DrQE18LoGr,灰色 品牌01 1800 抽屉柜（储物锁柜）,抽屉柜,品牌01,1800,储物锁柜,灰色,8*1*1,6,BT13H,简,收货,上架
LaRe1532Si,银色 品牌14 15英寸 笔记本电脑（32吉字节内存）,笔记本电脑,品牌14,15英寸,32吉字节内存,银色,16*1*1,15,BM78F,简,收货,上架
TVEs424KBl,黑色 品牌32 42英寸 电视机（超高清）,电视机,品牌32,42英寸,超高清,黑色,8*1*1,6,AL49C,克里斯,收货,上架
SPGi50WaBl,黑色 品牌21 50 触控笔（水彩）,触控笔,品牌21,50,水彩,黑色,48*10*5,921,AZ84C,简,收货,上架
GaAESErGr,灰色 品牌05 小号 游戏椅（人体工学）,游戏椅,品牌05,小号,人体工学,灰色,16*1*1,3,DN07H,艾米,收货,上架
PeAl12SoPi,粉色 品牌20 12 铅笔（可溶性）,铅笔,品牌20,12,可溶性,粉色,48*10*5,317,BT67C,艾米丽,收货,上架
DrTE12FiBe,米色 品牌04 1200 抽屉柜（文件收纳）,抽屉柜,品牌04,1200,文件收纳,米色,8*1*1,6,AM38D,艾米,收货,上架
AlSu1516Wh,白色 品牌11 15英寸 一体机（16吉字节内存）,一体机,品牌11,15英寸,16吉字节内存,白色,16*1*1,12,DK71G,劳拉,收货,上架
PeNa12SoGr,灰色 品牌23 12 铅笔（可溶性）,铅笔,品牌23,12,可溶性,灰色,48*10*5,951,BS46E,劳拉,收货,上架
PeNa24SoBl,黑色 品牌23 24 铅笔（可溶性）,铅笔,品牌23,24,可溶性,黑色,48*10*5,230,BQ70C,迈克,收货,上架
SPRe12WaBl,黑色 品牌22 12 触控笔（水彩）,触控笔,品牌22,12,水彩,黑色,48*10*5,1360,CJ04G,简,收货,上架
AlPH1732Bl,黑色 品牌12 17英寸 一体机（32吉字节内存）,一体机,品牌12,17英寸,32吉字节内存,黑色,16*1*1,14,DP57E,简,收货,上架
NoExA3liBl,黑色 品牌16 三号纸 笔记本（线条）,笔记本,品牌16,三号纸,线条,黑色,48*10*5,1933,CF23H,莎拉,收货,上架
PrNoA4WiGr,灰色 品牌26 四号纸 打印机（无线网络）,打印机,品牌26,四号纸,无线网络,灰色,16*1*1,16,AN38D,亚历克斯,收货,上架
CuRG90FiWh,白色 品牌03 900 储物柜（文件收纳）,储物柜,品牌03,900,文件收纳,白色,8*1*1,6,DG14A,莎拉,收货,上架
CaTE18LoGr,灰色 品牌04 1800 文件柜（储物锁柜）,文件柜,品牌04,1800,储物锁柜,灰色,8*1*1,1,BP73E,约翰,收货,上架
AlSu15i5Bl,黑色 品牌11 15英寸 一体机（第5代处理器）,一体机,品牌11,15英寸,第5代处理器,黑色,16*1*1,3,DF37D,大卫,收货,上架
KeRe35ErBl,黑色 品牌10 350 键盘（人体工学）,键盘,品牌10,350,人体工学,黑色,16*10*1,89,CG45H,大卫,收货,上架
AlSu1516Si,银色 品牌11 15英寸 一体机（16吉字节内存）,一体机,品牌11,15英寸,16吉字节内存,银色,16*1*1,3,CH14F,迈克,收货,上架
KeHc45ErBl,黑色 品牌09 450 键盘（人体工学）,键盘,品牌09,450,人体工学,黑色,16*10*1,71,AR73C,简,收货,上架
OfSELLeGr,灰色 品牌08 大号 办公椅（皮革）,办公椅,品牌08,大号,皮革,灰色,16*1*1,5,DW27E,克里斯,收货,上架
CuWE12LoGr,灰色 品牌02 1200 储物柜（储物锁柜）,储物柜,品牌02,1200,储物锁柜,灰色,8*1*1,2,CI35H,大卫,收货,上架
NoExA3liWh,白色 品牌16 三号纸 笔记本（线条）,笔记本,品牌16,三号纸,线条,白色,48*10*5,1760,DP79A,亚历克斯,收货,上架
NoGrA4doBl,黑色 品牌18 四号纸 笔记本（点阵）,笔记本,品牌18,四号纸,点阵,黑色,48*10*5,336,DN39G,劳拉,收货,上架
TVGL654KWh,白色 品牌31 65英寸 电视机（超高清）,电视机,品牌31,65英寸,超高清,白色,8*1*1,4,DO41D,莎拉,收货,上架
GaXESAdPi,粉色 品牌06 小号 游戏椅（可调节）,游戏椅,品牌06,小号,可调节,粉色,16*1*1,10,DG57F,迈克,收货,上架
OfOGLLePi,粉色 品牌07 大号 办公椅（皮革）,办公椅,品牌07,大号,皮革,粉色,16*1*1,3,BU01A,克里斯,收货,上架
DrWE12DoBe,米色 品牌02 1200 抽屉柜（带门式）,抽屉柜,品牌02,1200,带门式,米色,8*1*1,5,AL73D,艾米丽,收货,上架
LaRe158GBl,黑色 品牌14 15英寸 笔记本电脑（8吉字节内存）,笔记本电脑,品牌14,15英寸,8吉字节内存,黑色,16*1*1,9,BK68F,劳拉,收货,上架
TVYn65FHSi,银色 品牌15 65英寸 电视机（全高清）,电视机,品牌15,65英寸,全高清,银色,8*1*1,3,BZ26H,艾米丽,收货,上架
SPNa50WaPi,粉色 品牌23 50 触控笔（水彩）,触控笔,品牌23,50,水彩,粉色,48*10*5,194,DV34F,约翰,收货,上架
CaWE90DoBe,米色 品牌02 900 文件柜（带门式）,文件柜,品牌02,900,带门式,米色,8*1*1,6,BY97C,劳拉,收货,上架
TVGL32S4Gr,灰色 品牌31 32英寸 电视机（超级超高清）,电视机,品牌31,32英寸,超级超高清,灰色,8*1*1,7,BL16D,克里斯,收货,上架
AlPH1516Wh,白色 品牌12 15英寸 一体机（16吉字节内存）,一体机,品牌12,15英寸,16吉字节内存,白色,16*1*1,12,CF65E,劳拉,收货,上架
TaTR18AuWh,白色 品牌29 1800 桌子（自动调节）,桌子,品牌29,1800,自动调节,白色,8*1*1,6,DN30E,迈克,收货,上架
CaWE90SlBe,米色 品牌02 900 文件柜（滑动式）,文件柜,品牌02,900,滑动式,米色,8*1*1,8,CY42F,迈克,收货,上架
AlOv1532Si,银色 品牌13 15英寸 一体机（32吉字节内存）,一体机,品牌13,15英寸,32吉字节内存,银色,16*1*1,15,DQ84F,艾米,收货,上架
DrTE12SlGr,灰色 品牌04 1200 抽屉柜（滑动式）,抽屉柜,品牌04,1200,滑动式,灰色,8*1*1,8,BK55A,简,收货,上架
TVGn75SFSi,银色 品牌30 75英寸 电视机（超级全高清）,电视机,品牌30,75英寸,超级全高清,银色,8*1*1,5,CK04G,大卫,收货,上架
TVGn75FHGr,灰色 品牌30 75英寸 电视机（全高清）,电视机,品牌30,75英寸,全高清,灰色,8*1*1,4,DO26D,艾米,收货,上架
NoExA4ruWh,白色 品牌16 四号纸 笔记本（横线）,笔记本,品牌16,四号纸,横线,白色,48*10*5,1933,CG97C,克里斯,收货,上架
LaSu148GGr,灰色 品牌11 14英寸 笔记本电脑（8吉字节内存）,笔记本电脑,品牌11,14英寸,8吉字节内存,灰色,16*1*1,6,BT01G,艾米丽,收货,上架
OfAEMHePi,粉色 品牌05 中号 办公椅（头枕）,办公椅,品牌05,中号,头枕,粉色,16*1*1,14,CJ78F,劳拉,收货,上架
DrWE12DoBe,米色 品牌02 1200 抽屉柜（带门式）,抽屉柜,品牌02,1200,带门式,米色,8*1*1,4,CP22D,迈克,收货,上架
LaYn17i7Wh,白色 品牌15 17英寸 笔记本电脑（第7代处理器）,笔记本电脑,品牌15,17英寸,第7代处理器,白色,16*1*1,14,AQ63B,亚历克斯,收货,上架
CaTE18DoWh,白色 品牌04 1800 文件柜（带门式）,文件柜,品牌04,1800,带门式,白色,8*1*1,3,AM57C,莎拉,收货,上架
AlRe1416Wh,白色 品牌14 14英寸 一体机（16吉字节内存）,一体机,品牌14,14英寸,16吉字节内存,白色,16*1*1,6,CZ13H,简,收货,上架
CaRG18FiWh,白色 品牌03 1800 文件柜（文件收纳）,文件柜,品牌03,1800,文件收纳,白色,8*1*1,5,BY31D,亚历克斯,收货,上架
PrSoA2LaBl,黑色 品牌25 二号纸 打印机（激光）,打印机,品牌25,二号纸,激光,黑色,16*1*1,5,DK86A,艾米,收货,上架
AlPH1532Wh,白色 品牌12 15英寸 一体机（32吉字节内存）,一体机,品牌12,15英寸,32吉字节内存,白色,16*1*1,8,CI57B,莎拉,收货,上架
TVGn50FHBl,黑色 品牌30 50英寸 电视机（全高清）,电视机,品牌30,50英寸,全高清,黑色,8*1*1,4,BX98D,莎拉,收货,上架
TVGn424KGr,灰色 品牌30 42英寸 电视机（超高清）,电视机,品牌30,42英寸,超高清,灰色,8*1*1,3,BO21H,迈克,收货,上架
NoScA5liGr,灰色 品牌17 五号纸 笔记本（线条）,笔记本,品牌17,五号纸,线条,灰色,48*10*5,484,CV91C,迈克,收货,上架
TVEs65SFGr,灰色 品牌32 65英寸 电视机（超级全高清）,电视机,品牌32,65英寸,超级全高清,灰色,8*1*1,1,BK08H,简,收货,上架
PeNa50WaBl,黑色 品牌23 50 铅笔（水彩）,铅笔,品牌23,50,水彩,黑色,48*10*5,808,AM25G,莎拉,收货,上架
DrTE18LoBe,米色 品牌04 1800 抽屉柜（储物锁柜）,抽屉柜,品牌04,1800,储物锁柜,米色,8*1*1,6,AO59B,艾米丽,收货,上架
KeHc45ErWh,白色 品牌09 450 键盘（人体工学）,键盘,品牌09,450,人体工学,白色,16*10*1,52,BG06C,亚历克斯,收货,上架
NoExA5ruBl,黑色 品牌16 五号纸 笔记本（横线）,笔记本,品牌16,五号纸,横线,黑色,48*10*5,424,AV70D,莎拉,收货,上架
SPAl24WaBl,黑色 品牌20 24 触控笔（水彩）,触控笔,品牌20,24,水彩,黑色,48*10*5,121,BI60C,亚历克斯,收货,上架
CaWE90SlBe,米色 品牌02 900 文件柜（滑动式）,文件柜,品牌02,900,滑动式,米色,8*1*1,6,DJ87D,莎拉,收货,上架
TVGL75FHWh,白色 品牌31 75英寸 电视机（全高清）,电视机,品牌31,75英寸,全高清,白色,8*1*1,5,CS19E,迈克,收货,上架
LaOv14i7Si,银色 品牌13 14英寸 笔记本电脑（第7代处理器）,笔记本电脑,品牌13,14英寸,第7代处理器,银色,16*1*1,4,AF22B,莎拉,收货,上架
CaTE12SlWh,白色 品牌04 1200 文件柜（滑动式）,文件柜,品牌04,1200,滑动式,白色,8*1*1,5,DF89D,亚历克斯,收货,上架
TVYn754KBl,黑色 品牌15 75英寸 电视机（超高清）,电视机,品牌15,75英寸,超高清,黑色,8*1*1,8,DT91D,艾米,收货,上架
CuQE12SlWh,白色 品牌01 1200 储物柜（滑动式）,储物柜,品牌01,1200,滑动式,白色,8*1*1,5,DN86A,艾米丽,收货,上架
TaCI10AdBl,黑色 品牌27 1000 桌子（可调节）,桌子,品牌27,1000,可调节,黑色,8*1*1,3,DQ57F,克里斯,收货,上架
CuQE18LoWh,白色 品牌01 1800 储物柜（储物锁柜）,储物柜,品牌01,1800,储物锁柜,白色,8*1*1,6,AG53H,克里斯,收货,上架
AlOv178GSi,银色 品牌13 17英寸 一体机（8吉字节内存）,一体机,品牌13,17英寸,8吉字节内存,银色,16*1*1,2,DQ35A,莎拉,收货,上架
DrWE18FiWh,白色 品牌02 1800 抽屉柜（文件收纳）,抽屉柜,品牌02,1800,文件收纳,白色,8*1*1,6,AP71D,艾米,收货,上架
SPRe12WaWh,白色 品牌22 12 触控笔（水彩）,触控笔,品牌22,12,水彩,白色,48*10*5,1913,BP92E,迈克,收货,上架
CuTE12LoBl,黑色 品牌04 1200 储物柜（储物锁柜）,储物柜,品牌04,1200,储物锁柜,黑色,8*1*1,7,CH37B,艾米,收货,上架
DrTE90DoBl,黑色 品牌04 900 抽屉柜（带门式）,抽屉柜,品牌04,900,带门式,黑色,8*1*1,4,BZ23H,简,收货,上架
OfXELLePi,粉色 品牌06 大号 办公椅（皮革）,办公椅,品牌06,大号,皮革,粉色,16*1*1,14,BK02B,大卫,收货,上架
LaSu14i7Gr,灰色 品牌11 14英寸 笔记本电脑（第7代处理器）,笔记本电脑,品牌11,14英寸,第7代处理器,灰色,16*1*1,2,CJ58B,约翰,收货,上架
MoPH35ErNa,藏青色 品牌12 350 鼠标（人体工学）,鼠标,品牌12,350,人体工学,藏青色,16*10*1,59,BV19C,亚历克斯,收货,上架
TVGn75FHBl,黑色 品牌30 75英寸 电视机（全高清）,电视机,品牌30,75英寸,全高清,黑色,8*1*1,7,AN77E,克里斯,收货,上架
TVGL65FHGr,灰色 品牌31 65英寸 电视机（全高清）,电视机,品牌31,65英寸,全高清,灰色,8*1*1,2,CL76G,约翰,收货,上架
CuQE90DoBe,米色 品牌01 900 储物柜（带门式）,储物柜,品牌01,900,带门式,米色,8*1*1,1,BO58D,亚历克斯,收货,上架
TVYn75FHBl,黑色 品牌15 75英寸 电视机（全高清）,电视机,品牌15,75英寸,全高清,黑色,8*1*1,2,CL63D,艾米丽,收货,上架
CaWE18DoWh,白色 品牌02 1800 文件柜（带门式）,文件柜,品牌02,1800,带门式,白色,8*1*1,2,AV96F,莎拉,收货,上架
CuTE18FiGr,灰色 品牌04 1800 储物柜（文件收纳）,储物柜,品牌04,1800,文件收纳,灰色,8*1*1,3,DR63F,简,收货,上架
CaQE12FiGr,灰色 品牌01 1200 文件柜（文件收纳）,文件柜,品牌01,1200,文件收纳,灰色,8*1*1,1,CF92E,克里斯,收货,上架
LaRe1716Wh,白色 品牌14 17英寸 笔记本电脑（16吉字节内存）,笔记本电脑,品牌14,17英寸,16吉字节内存,白色,16*1*1,3,CT75E,艾米丽,收货,上架
TaCI18FrGr,灰色 品牌27 1800 桌子（框架式）,桌子,品牌27,1800,框架式,灰色,8*1*1,5,BJ22G,迈克,收货,上架
MoPH45ErNa,藏青色 品牌12 450 鼠标（人体工学）,鼠标,品牌12,450,人体工学,藏青色,16*10*1,69,AK80F,艾米,收货,上架
DrTE18LoWh,白色 品牌04 1800 抽屉柜（储物锁柜）,抽屉柜,品牌04,1800,储物锁柜,白色,8*1*1,2,CX84H,约翰,收货,上架
TaTR10AuWh,白色 品牌28 1000 桌子（自动调节）,桌子,品牌28,1000,自动调节,白色,8*1*1,8,DF57G,约翰,收货,上架
OfAELHeGr,灰色 品牌05 大号 办公椅（头枕）,办公椅,品牌05,大号,头枕,灰色,16*1*1,13,BY44C,简,收货,上架
KePH35MePi,粉色 品牌12 350 键盘（机械式）,键盘,品牌12,350,机械式,粉色,16*10*1,30,BF45F,艾米丽,收货,上架
OfOGLAdWh,白色 品牌07 大号 办公椅（可调节）,办公椅,品牌07,大号,可调节,白色,16*1*1,9,DO62G,艾米,收货,上架
SPNa50HeGr,灰色 品牌23 50 触控笔（六角形）,触控笔,品牌23,50,六角形,灰色,48*10*5,353,AH68A,劳拉,收货,上架
AlOv15i7Wh,白色 品牌13 15英寸 一体机（第7代处理器）,一体机,品牌13,15英寸,第7代处理器,白色,16*1*1,8,BI21B,劳拉,收货,上架
AlPH1532Wh,白色 品牌12 15英寸 一体机（32吉字节内存）,一体机,品牌12,15英寸,32吉字节内存,白色,16*1*1,5,DU54G,简,收货,上架
CuQE90DoGr,灰色 品牌01 900 储物柜（带门式）,储物柜,品牌01,900,带门式,灰色,8*1*1,8,BJ88B,亚历克斯,收货,上架
TaCI15AdBl,黑色 品牌27 1500 桌子（可调节）,桌子,品牌27,1500,可调节,黑色,8*1*1,8,CK34B,艾米丽,收货,上架
LaSu15i5Wh,白色 品牌11 15英寸 笔记本电脑（第5代处理器）,笔记本电脑,品牌11,15英寸,第5代处理器,白色,16*1*1,10,BL62C,莎拉,收货,上架
NoMuA4ruSi,银色 品牌19 四号纸 笔记本（横线）,笔记本,品牌19,四号纸,横线,银色,48*10*5,744,BV37H,劳拉,收货,上架
SPRe50WaPi,粉色 品牌22 50 触控笔（水彩）,触控笔,品牌22,50,水彩,粉色,48*10*5,1892,CL76A,亚历克斯,收货,上架
OfAEMLePi,粉色 品牌05 中号 办公椅（皮革）,办公椅,品牌05,中号,皮革,粉色,16*1*1,6,DY01F,劳拉,收货,上架
TaAE15AdWh,白色 品牌05 1500 桌子（可调节）,桌子,品牌05,1500,可调节,白色,8*1*1,8,CF37B,大卫,收货,上架
AlOv14i7Wh,白色 品牌13 14英寸 一体机（第7代处理器）,一体机,品牌13,14英寸,第7代处理器,白色,16*1*1,5,CZ56A,克里斯,收货,上架
SPRe50WaGr,灰色 品牌22 50 触控笔（水彩）,触控笔,品牌22,50,水彩,灰色,48*10*5,703,AR35F,简,收货,上架
AlYn15i7Bl,黑色 品牌15 15英寸 一体机（第7代处理器）,一体机,品牌15,15英寸,第7代处理器,黑色,16*1*1,8,CW28B,克里斯,收货,上架
NoGrA5liWh,白色 品牌18 五号纸 笔记本（线条）,笔记本,品牌18,五号纸,线条,白色,48*10*5,2320,AY94F,莎拉,收货,上架
TVGn32FHSi,银色 品牌30 32英寸 电视机（全高清）,电视机,品牌30,32英寸,全高清,银色,8*1*1,4,CU83H,克里斯,收货,上架
KeSu27MeWh,白色 品牌11 270 键盘（机械式）,键盘,品牌11,270,机械式,白色,16*10*1,81,AN02A,迈克,收货,上架
MoPH35MeBl,黑色 品牌12 350 鼠标（机械式）,鼠标,品牌12,350,机械式,黑色,16*10*1,126,CV29B,简,收货,上架
PrNoA2MoGr,灰色 品牌26 二号纸 打印机（黑白）,打印机,品牌26,二号纸,黑白,灰色,16*1*1,12,CN51D,大卫,收货,上架
CaQE18FiBl,黑色 品牌01 1800 文件柜（文件收纳）,文件柜,品牌01,1800,文件收纳,黑色,8*1*1,3,CS98A,艾米丽,收货,上架
SPAl24WaPi,粉色 品牌20 24 触控笔（水彩）,触控笔,品牌20,24,水彩,粉色,48*10*5,1824,BY36E,大卫,收货,上架
AlSu1516Gr,灰色 品牌11 15英寸 一体机（16吉字节内存）,一体机,品牌11,15英寸,16吉字节内存,灰色,16*1*1,8,CZ38C,大卫,收货,上架
GaSEMHePi,粉色 品牌08 中号 游戏椅（头枕）,游戏椅,品牌08,中号,头枕,粉色,16*1*1,3,DF07F,大卫,收货,上架
PrNoA4WiMi,混合色 品牌26 四号纸 打印机（无线网络）,打印机,品牌26,四号纸,无线网络,混合色,16*1*1,6,CL97A,克里斯,收货,上架
PrPHA3LaGr,灰色 品牌12 三号纸 打印机（激光）,打印机,品牌12,三号纸,激光,灰色,16*1*1,15,CF42G,克里斯,收货,上架
PrPHA2WiGr,灰色 品牌12 二号纸 打印机（无线网络）,打印机,品牌12,二号纸,无线网络,灰色,16*1*1,11,AQ51H,迈克,收货,上架
AlRe1532Si,银色 品牌14 15英寸 一体机（32吉字节内存）,一体机,品牌14,15英寸,32吉字节内存,银色,16*1*1,9,DQ90B,莎拉,收货,上架
OfOGSHeBl,黑色 品牌07 小号 办公椅（头枕）,办公椅,品牌07,小号,头枕,黑色,16*1*1,12,CY04H,迈克,收货,上架
TaAE10AuBl,黑色 品牌05 1000 桌子（自动调节）,桌子,品牌05,1000,自动调节,黑色,8*1*1,4,DR93C,大卫,收货,上架
SPAl50WaWh,白色 品牌20 50 触控笔（水彩）,触控笔,品牌20,50,水彩,白色,48*10*5,686,AL64G,大卫,收货,上架
GaOGSAdBl,黑色 品牌07 小号 游戏椅（可调节）,游戏椅,品牌07,小号,可调节,黑色,16*1*1,12,CI52H,莎拉,收货,上架
LaPH15i5Wh,白色 品牌12 15英寸 笔记本电脑（第5代处理器）,笔记本电脑,品牌12,15英寸,第5代处理器,白色,16*1*1,6,CT89B,迈克,收货,上架
GaXESHeGr,灰色 品牌06 小号 游戏椅（头枕）,游戏椅,品牌06,小号,头枕,灰色,16*1*1,10,CM69C,艾米丽,收货,上架
CuRG12DoGr,灰色 品牌03 1200 储物柜（带门式）,储物柜,品牌03,1200,带门式,灰色,8*1*1,8,CX49B,亚历克斯,收货,上架
GaOGSAdGr,灰色 品牌07 小号 游戏椅（可调节）,游戏椅,品牌07,小号,可调节,灰色,16*1*1,9,CZ88A,简,收货,上架
PrPHA2WiWh,白色 品牌12 二号纸 打印机（无线网络）,打印机,品牌12,二号纸,无线网络,白色,16*1*1,3,BO35C,劳拉,收货,上架
LaYn17i5Wh,白色 品牌15 17英寸 笔记本电脑（第5代处理器）,笔记本电脑,品牌15,17英寸,第5代处理器,白色,16*1*1,4,DM04E,艾米丽,收货,上架
MoPH27MePi,粉色 品牌12 270 鼠标（机械式）,鼠标,品牌12,270,机械式,粉色,16*10*1,39,BI61B,大卫,收货,上架
MoHc35ErPi,粉色 品牌09 350 鼠标（人体工学）,鼠标,品牌09,350,人体工学,粉色,16*10*1,103,CK21G,艾米,收货,上架
LaYn1416Wh,白色 品牌15 14英寸 笔记本电脑（16吉字节内存）,笔记本电脑,品牌15,14英寸,16吉字节内存,白色,16*1*1,13,CR88C,克里斯,收货,上架
GaXEMHeWh,白色 品牌06 中号 游戏椅（头枕）,游戏椅,品牌06,中号,头枕,白色,16*1*1,8,CT45G,艾米,收货,上架
CuRG12FiWh,白色 品牌03 1200 储物柜（文件收纳）,储物柜,品牌03,1200,文件收纳,白色,8*1*1,2,CR76C,简,收货,上架
DrRG18FiGr,灰色 品牌03 1800 抽屉柜（文件收纳）,抽屉柜,品牌03,1800,文件收纳,灰色,8*1*1,3,DM86E,大卫,收货,上架
CuTE12LoGr,灰色 品牌04 1200 储物柜（储物锁柜）,储物柜,品牌04,1200,储物锁柜,灰色,8*1*1,3,AF25G,劳拉,收货,上架
LaRe17i5Wh,白色 品牌14 17英寸 笔记本电脑（第5代处理器）,笔记本电脑,品牌14,17英寸,第5代处理器,白色,16*1*1,7,DN50G,克里斯,收货,上架
CuTE90SlGr,灰色 品牌04 900 储物柜（滑动式）,储物柜,品牌04,900,滑动式,灰色,8*1*1,7,AS05B,简,收货,上架
OfOGLLePi,粉色 品牌07 大号 办公椅（皮革）,办公椅,品牌07,大号,皮革,粉色,16*1*1,7,AK42B,克里斯,收货,上架
LaPH17i5Bl,黑色 品牌12 17英寸 笔记本电脑（第5代处理器）,笔记本电脑,品牌12,17英寸,第5代处理器,黑色,16*1*1,11,CV17A,约翰,收货,上架
AlSu1732Si,银色 品牌11 17英寸 一体机（32吉字节内存）,一体机,品牌11,17英寸,32吉字节内存,银色,16*1*1,13,AV25C,迈克,收货,上架
TaTR15AuSi,银色 品牌28 1500 桌子（自动调节）,桌子,品牌28,1500,自动调节,银色,8*1*1,8,AH33B,克里斯,收货,上架
PrPHA2LaMi,混合色 品牌12 二号纸 打印机（激光）,打印机,品牌12,二号纸,激光,混合色,16*1*1,14,AS45A,莎拉,收货,上架
CuTE12DoBl,黑色 品牌04 1200 储物柜（带门式）,储物柜,品牌04,1200,带门式,黑色,8*1*1,7,AM86B,迈克,收货,上架
TaTR15FrGr,灰色 品牌28 1500 桌子（框架式）,桌子,品牌28,1500,框架式,灰色,8*1*1,7,BZ56E,大卫,收货,上架
CaTE18FiWh,白色 品牌04 1800 文件柜（文件收纳）,文件柜,品牌04,1800,文件收纳,白色,8*1*1,8,AO35A,迈克,收货,上架
DrQE90SlBl,黑色 品牌01 900 抽屉柜（滑动式）,抽屉柜,品牌01,900,滑动式,黑色,8*1*1,2,DN64E,简,收货,上架
OfXEMLePi,粉色 品牌06 中号 办公椅（皮革）,办公椅,品牌06,中号,皮革,粉色,16*1*1,4,DT05F,克里斯,收货,上架
PrSoA3AlBl,黑色 品牌25 三号纸 打印机（一体式）,打印机,品牌25,三号纸,一体式,黑色,16*1*1,10,BQ55A,劳拉,收货,上架
TVGn50FHBl,黑色 品牌30 50英寸 电视机（全高清）,电视机,品牌30,50英寸,全高清,黑色,8*1*1,5,CT73A,约翰,收货,上架
DrQE12SlBl,黑色 品牌01 1200 抽屉柜（滑动式）,抽屉柜,品牌01,1200,滑动式,黑色,8*1*1,3,AH23A,莎拉,收货,上架
CaRG12DoWh,白色 品牌03 1200 文件柜（带门式）,文件柜,品牌03,1200,带门式,白色,8*1*1,6,CL18A,劳拉,收货,上架
SPAl24HeWh,白色 品牌20 24 触控笔（六角形）,触控笔,品牌20,24,六角形,白色,48*10*5,1153,CJ58B,莎拉,收货,上架
SPNa50HeBl,黑色 品牌23 50 触控笔（六角形）,触控笔,品牌23,50,六角形,黑色,48*10*5,893,BP07A,大卫,收货,上架
DrRG90LoGr,灰色 品牌03 900 抽屉柜（储物锁柜）,抽屉柜,品牌03,900,储物锁柜,灰色,8*1*1,3,BW50D,莎拉,收货,上架
AlOv15i7Gr,灰色 品牌13 15英寸 一体机（第7代处理器）,一体机,品牌13,15英寸,第7代处理器,灰色,16*1*1,9,AV50F,约翰,收货,上架
AlSu1416Wh,白色 品牌11 14英寸 一体机（16吉字节内存）,一体机,品牌11,14英寸,16吉字节内存,白色,16*1*1,7,AQ05H,劳拉,收货,上架
NoExA5ruSi,银色 品牌16 五号纸 笔记本（横线）,笔记本,品牌16,五号纸,横线,银色,48*10*5,1335,BH73C,劳拉,收货,上架
SPRe50HePi,粉色 品牌22 50 触控笔（六角形）,触控笔,品牌22,50,六角形,粉色,48*10*5,2216,DJ97E,莎拉,收货,上架
AlPH178GBl,黑色 品牌12 17英寸 一体机（8吉字节内存）,一体机,品牌12,17英寸,8吉字节内存,黑色,16*1*1,3,DS13F,劳拉,收货,上架
CuTE12FiBl,黑色 品牌04 1200 储物柜（文件收纳）,储物柜,品牌04,1200,文件收纳,黑色,8*1*1,1,CM79H,艾米,收货,上架
PrPHA3AlWh,白色 品牌12 三号纸 打印机（一体式）,打印机,品牌12,三号纸,一体式,白色,16*1*1,15,AG90C,艾米,收货,上架
KeHc35WiWh,白色 品牌09 350 键盘（有线）,键盘,品牌09,350,有线,白色,16*10*1,87,AR41C,艾米丽,收货,上架
OfAEMLeGr,灰色 品牌05 中号 办公椅（皮革）,办公椅,品牌05,中号,皮革,灰色,16*1*1,2,AR55C,艾米丽,收货,上架
OfSELAdPi,粉色 品牌08 大号 办公椅（可调节）,办公椅,品牌08,大号,可调节,粉色,16*1*1,14,BF53A,艾米,收货,上架
PeNa50HeGr,灰色 品牌23 50 铅笔（六角形）,铅笔,品牌23,50,六角形,灰色,48*10*5,1479,AL04G,克里斯,收货,上架
CaRG90DoGr,灰色 品牌03 900 文件柜（带门式）,文件柜,品牌03,900,带门式,灰色,8*1*1,4,CF85B,大卫,收货,上架
TVYn32SFWh,白色 品牌15 32英寸 电视机（超级全高清）,电视机,品牌15,32英寸,超级全高清,白色,8*1*1,5,AF47B,艾米丽,收货,上架
MoSu45BlNa,藏青色 品牌11 450 鼠标（蓝牙）,鼠标,品牌11,450,蓝牙,藏青色,16*10*1,12,AV17A,约翰,收货,上架
TaTR10FrBl,黑色 品牌29 1000 桌子（框架式）,桌子,品牌29,1000,框架式,黑色,8*1*1,3,BY16H,劳拉,收货,上架
CaQE90SlBe,米色 品牌01 900 文件柜（滑动式）,文件柜,品牌01,900,滑动式,米色,8*1*1,5,DK38D,艾米,收货,上架
GaXELLeWh,白色 品牌06 大号 游戏椅（皮革）,游戏椅,品牌06,大号,皮革,白色,16*1*1,15,BG77G,约翰,收货,上架
CaTE90SlWh,白色 品牌04 900 文件柜（滑动式）,文件柜,品牌04,900,滑动式,白色,8*1*1,7,DX89B,莎拉,收货,上架
CuWE90DoBe,米色 品牌02 900 储物柜（带门式）,储物柜,品牌02,900,带门式,米色,8*1*1,1,DM33A,克里斯,收货,上架
PeGi12HeWh,白色 品牌21 12 铅笔（六角形）,铅笔,品牌21,12,六角形,白色,48*10*5,2286,DG92F,迈克,收货,上架
KeSu27ErNa,藏青色 品牌11 270 键盘（人体工学）,键盘,品牌11,270,人体工学,藏青色,16*10*1,19,AP17D,约翰,收货,上架
OfXESLeWh,白色 品牌06 小号 办公椅（皮革）,办公椅,品牌06,小号,皮革,白色,16*1*1,3,DJ98E,劳拉,收货,上架
TVYn32S4Si,银色 品牌15 32英寸 电视机（超级超高清）,电视机,品牌15,32英寸,超级超高清,银色,8*1*1,6,CP35E,克里斯,收货,上架
PeGi24WaWh,白色 品牌21 24 铅笔（水彩）,铅笔,品牌21,24,水彩,白色,48*10*5,2191,AJ01F,迈克,收货,上架
KeRe27WiBl,黑色 品牌10 270 键盘（有线）,键盘,品牌10,270,有线,黑色,16*10*1,3,AO09H,亚历克斯,收货,上架
LaRe1416Si,银色 品牌14 14英寸 笔记本电脑（16吉字节内存）,笔记本电脑,品牌14,14英寸,16吉字节内存,银色,16*1*1,15,BZ47F,约翰,收货,上架
DrRG12FiWh,白色 品牌03 1200 抽屉柜（文件收纳）,抽屉柜,品牌03,1200,文件收纳,白色,8*1*1,5,CJ69B,亚历克斯,收货,上架
LaYn1532Bl,黑色 品牌15 15英寸 笔记本电脑（32吉字节内存）,笔记本电脑,品牌15,15英寸,32吉字节内存,黑色,16*1*1,6,BR61G,简,收货,上架
CuRG18SlWh,白色 品牌03 1800 储物柜（滑动式）,储物柜,品牌03,1800,滑动式,白色,8*1*1,7,AM53D,莎拉,收货,上架
OfOGLAdGr,灰色 品牌07 大号 办公椅（可调节）,办公椅,品牌07,大号,可调节,灰色,16*1*1,6,DP39H,艾米,收货,上架
KeRe27WiWh,白色 品牌10 270 键盘（有线）,键盘,品牌10,270,有线,白色,16*10*1,144,CO55A,艾米丽,收货,上架
DrRG90FiBl,黑色 品牌03 900 抽屉柜（文件收纳）,抽屉柜,品牌03,900,文件收纳,黑色,8*1*1,3,DJ87B,约翰,收货,上架
CaTE18DoBe,米色 品牌04 1800 文件柜（带门式）,文件柜,品牌04,1800,带门式,米色,8*1*1,4,CT46C,亚历克斯,收货,上架
CuRG18DoWh,白色 品牌03 1800 储物柜（带门式）,储物柜,品牌03,1800,带门式,白色,8*1*1,8,DF15D,大卫,收货,上架
AlSu15i7Si,银色 品牌11 15英寸 一体机（第7代处理器）,一体机,品牌11,15英寸,第7代处理器,银色,16*1*1,2,AG82B,约翰,收货,上架
SPRe50WaBl,黑色 品牌22 50 触控笔（水彩）,触控笔,品牌22,50,水彩,黑色,48*10*5,2136,AO95E,亚历克斯,收货,上架
KeSu45MeNa,藏青色 品牌11 450 键盘（机械式）,键盘,品牌11,450,机械式,藏青色,16*10*1,137,AX54G,克里斯,收货,上架
TVGL42SFSi,银色 品牌31 42英寸 电视机（超级全高清）,电视机,品牌31,42英寸,超级全高清,银色,8*1*1,2,AW02D,劳拉,收货,上架
TaCI18AuSi,银色 品牌27 1800 桌子（自动调节）,桌子,品牌27,1800,自动调节,银色,8*1*1,1,AP56D,约翰,收货,上架
KeRe45ErBl,黑色 品牌10 450 键盘（人体工学）,键盘,品牌10,450,人体工学,黑色,16*10*1,122,CL53D,迈克,收货,上架
PeRe12HeWh,白色 品牌22 12 铅笔（六角形）,铅笔,品牌22,12,六角形,白色,48*10*5,218,CU81H,大卫,收货,上架
MoRe27WiNa,藏青色 品牌10 270 鼠标（有线）,鼠标,品牌10,270,有线,藏青色,16*10*1,63,DP58B,大卫,收货,上架
AlPH148GWh,白色 品牌12 14英寸 一体机（8吉字节内存）,一体机,品牌12,14英寸,8吉字节内存,白色,16*1*1,11,BF80B,莎拉,收货,上架
PrReA2LaGr,灰色 品牌24 二号纸 打印机（激光）,打印机,品牌24,二号纸,激光,灰色,16*1*1,8,BM60D,劳拉,收货,上架
PeNa12SoGr,灰色 品牌23 12 铅笔（可溶性）,铅笔,品牌23,12,可溶性,灰色,48*10*5,2142,DO79D,简,收货,上架
CuRG90FiBl,黑色 品牌03 900 储物柜（文件收纳）,储物柜,品牌03,900,文件收纳,黑色,8*1*1,8,DW67G,莎拉,收货,上架
DrWE18FiGr,灰色 品牌02 1800 抽屉柜（文件收纳）,抽屉柜,品牌02,1800,文件收纳,灰色,8*1*1,4,CL92D,大卫,收货,上架
PeGi50HeGr,灰色 品牌21 50 铅笔（六角形）,铅笔,品牌21,50,六角形,灰色,48*10*5,167,DK07F,艾米,收货,上架
GaAEMErBl,黑色 品牌05 中号 游戏椅（人体工学）,游戏椅,品牌05,中号,人体工学,黑色,16*1*1,4,DW87H,迈克,收货,上架
LaRe15i5Bl,黑色 品牌14 15英寸 笔记本电脑（第5代处理器）,笔记本电脑,品牌14,15英寸,第5代处理器,黑色,16*1*1,5,BF40A,大卫,收货,上架
TaAE10AdWh,白色 品牌05 1000 桌子（可调节）,桌子,品牌05,1000,可调节,白色,8*1*1,1,AX57E,约翰,收货,上架
OfSEMLeWh,白色 品牌08 中号 办公椅（皮革）,办公椅,品牌08,中号,皮革,白色,16*1*1,1,CY07C,亚历克斯,收货,上架
NoScA4liWh,白色 品牌17 四号纸 笔记本（线条）,笔记本,品牌17,四号纸,线条,白色,48*10*5,225,DJ43H,亚历克斯,收货,上架
CuQE18DoBe,米色 品牌01 1800 储物柜（带门式）,储物柜,品牌01,1800,带门式,米色,8*1*1,5,BH06F,约翰,收货,上架
AlSu15i7Bl,黑色 品牌11 15英寸 一体机（第7代处理器）,一体机,品牌11,15英寸,第7代处理器,黑色,16*1*1,13,CM38B,迈克,收货,上架
CaWE90SlGr,灰色 品牌02 900 文件柜（滑动式）,文件柜,品牌02,900,滑动式,灰色,8*1*1,6,BX98E,约翰,收货,上架
TVYn75FHWh,白色 品牌15 75英寸 电视机（全高清）,电视机,品牌15,75英寸,全高清,白色,8*1*1,4,CO67E,艾米,收货,上架
MoHc35WiBl,黑色 品牌09 350 鼠标（有线）,鼠标,品牌09,350,有线,黑色,16*10*1,2,CS75E,迈克,收货,上架
PeNa24SoBl,黑色 品牌23 24 铅笔（可溶性）,铅笔,品牌23,24,可溶性,黑色,48*10*5,1733,BQ85F,迈克,收货,上架
DrTE12FiBl,黑色 品牌04 1200 抽屉柜（文件收纳）,抽屉柜,品牌04,1200,文件收纳,黑色,8*1*1,3,BR32G,艾米丽,收货,上架
PrReA2InWh,白色 品牌24 二号纸 打印机（喷墨）,打印机,品牌24,二号纸,喷墨,白色,16*1*1,15,CR82H,艾米,收货,上架
LaRe17i7Bl,黑色 品牌14 17英寸 笔记本电脑（第7代处理器）,笔记本电脑,品牌14,17英寸,第7代处理器,黑色,16*1*1,13,CM36F,大卫,收货,上架
DrTE90DoBe,米色 品牌04 900 抽屉柜（带门式）,抽屉柜,品牌04,900,带门式,米色,8*1*1,4,CZ61A,约翰,收货,上架
TaTR18AuSi,银色 品牌28 1800 桌子（自动调节）,桌子,品牌28,1800,自动调节,银色,8*1*1,2,DT55C,劳拉,收货,上架
NoExA5liBl,黑色 品牌16 五号纸 笔记本（线条）,笔记本,品牌16,五号纸,线条,黑色,48*10*5,2337,DS06C,莎拉,收货,上架
MoRe35BlWh,白色 品牌10 350 鼠标（蓝牙）,鼠标,品牌10,350,蓝牙,白色,16*10*1,99,BJ50H,大卫,收货,上架
GaSESHeGr,灰色 品牌08 小号 游戏椅（头枕）,游戏椅,品牌08,小号,头枕,灰色,16*1*1,2,AK71H,莎拉,收货,上架
MoSu35WiWh,白色 品牌11 350 鼠标（有线）,鼠标,品牌11,350,有线,白色,16*10*1,121,DU80G,简,收货,上架
TVYn50FHWh,白色 品牌15 50英寸 电视机（全高清）,电视机,品牌15,50英寸,全高清,白色,8*1*1,8,AM49G,亚历克斯,收货,上架
PeAl24SoBl,黑色 品牌20 24 铅笔（可溶性）,铅笔,品牌20,24,可溶性,黑色,48*10*5,1333,BM48H,艾米,收货,上架
KeRe45MeNa,藏青色 品牌10 450 键盘（机械式）,键盘,品牌10,450,机械式,藏青色,16*10*1,88,AY63D,约翰,收货,上架
TVYn50SFWh,白色 品牌15 50英寸 电视机（超级全高清）,电视机,品牌15,50英寸,超级全高清,白色,8*1*1,2,BJ63D,约翰,收货,上架
MoPH45MeNa,藏青色 品牌12 450 鼠标（机械式）,鼠标,品牌12,450,机械式,藏青色,16*10*1,31,BL79G,克里斯,收货,上架
LaRe148GWh,白色 品牌14 14英寸 笔记本电脑（8吉字节内存）,笔记本电脑,品牌14,14英寸,8吉字节内存,白色,16*1*1,4,DL77B,克里斯,收货,上架
TaCI15WoBl,黑色 品牌27 1500 桌子（工作站）,桌子,品牌27,1500,工作站,黑色,8*1*1,3,AM94A,约翰,收货,上架
LaSu14i7Gr,灰色 品牌11 14英寸 笔记本电脑（第7代处理器）,笔记本电脑,品牌11,14英寸,第7代处理器,灰色,16*1*1,2,BU95B,迈克,收货,上架
AlRe1716Si,银色 品牌14 17英寸 一体机（16吉字节内存）,一体机,品牌14,17英寸,16吉字节内存,银色,16*1*1,10,DG67D,亚历克斯,收货,上架
MoRe27MePi,粉色 品牌10 270 鼠标（机械式）,鼠标,品牌10,270,机械式,粉色,16*10*1,110,AS58A,大卫,收货,上架
KePH45WiNa,藏青色 品牌12 450 键盘（有线）,键盘,品牌12,450,有线,藏青色,16*10*1,127,CY85A,大卫,收货,上架
CuQE90SlBl,黑色 品牌01 900 储物柜（滑动式）,储物柜,品牌01,900,滑动式,黑色,8*1*1,8,CG17D,亚历克斯,收货,上架
CaRG18FiWh,白色 品牌03 1800 文件柜（文件收纳）,文件柜,品牌03,1800,文件收纳,白色,8*1*1,7,AZ41H,劳拉,收货,上架
CaRG12DoWh,白色 品牌03 1200 文件柜（带门式）,文件柜,品牌03,1200,带门式,白色,8*1*1,8,DH93A,迈克,收货,上架
TaTR10AdGr,灰色 品牌28 1000 桌子（可调节）,桌子,品牌28,1000,可调节,灰色,8*1*1,4,CP61E,莎拉,收货,上架
GaSESAdPi,粉色 品牌08 小号 游戏椅（可调节）,游戏椅,品牌08,小号,可调节,粉色,16*1*1,13,CL47C,艾米丽,收货,上架
AlSu1516Bl,黑色 品牌11 15英寸 一体机（16吉字节内存）,一体机,品牌11,15英寸,16吉字节内存,黑色,16*1*1,2,CF16E,艾米丽,收货,上架
MoHc35MeWh,白色 品牌09 350 鼠标（机械式）,鼠标,品牌09,350,机械式,白色,16*10*1,138,CQ89D,艾米丽,收货,上架
AlSu148GSi,银色 品牌11 14英寸 一体机（8吉字节内存）,一体机,品牌11,14英寸,8吉字节内存,银色,16*1*1,11,BL95H,艾米丽,收货,上架
SPGi24HePi,粉色 品牌21 24 触控笔（六角形）,触控笔,品牌21,24,六角形,粉色,48*10*5,2369,DR78D,亚历克斯,收货,上架
TVGn50SFBl,黑色 品牌30 50英寸 电视机（超级全高清）,电视机,品牌30,50英寸,超级全高清,黑色,8*1*1,5,AS67G,克里斯,收货,上架
LaPH1516Gr,灰色 品牌12 15英寸 笔记本电脑（16吉字节内存）,笔记本电脑,品牌12,15英寸,16吉字节内存,灰色,16*1*1,2,AZ93B,大卫,收货,上架
CaWE18FiGr,灰色 品牌02 1800 文件柜（文件收纳）,文件柜,品牌02,1800,文件收纳,灰色,8*1*1,4,AN41C,克里斯,收货,上架
KeRe35WiWh,白色 品牌10 350 键盘（有线）,键盘,品牌10,350,有线,白色,16*10*1,154,BY76A,大卫,收货,上架
TVEs32S4Wh,白色 品牌32 32英寸 电视机（超级超高清）,电视机,品牌32,32英寸,超级超高清,白色,8*1*1,8,DS42A,艾米,收货,上架
SPAl24SoBl,黑色 品牌20 24 触控笔（可溶性）,触控笔,品牌20,24,可溶性,黑色,48*10*5,1058,DM55D,克里斯,收货,上架
TaCI10WoGr,灰色 品牌27 1000 桌子（工作站）,桌子,品牌27,1000,工作站,灰色,8*1*1,1,AG92A,迈克,收货,上架
LaPH1532Gr,灰色 品牌12 15英寸 笔记本电脑（32吉字节内存）,笔记本电脑,品牌12,15英寸,32吉字节内存,灰色,16*1*1,2,BG33G,劳拉,收货,上架
DrTE12SlWh,白色 品牌04 1200 抽屉柜（滑动式）,抽屉柜,品牌04,1200,滑动式,白色,8*1*1,6,AT67H,迈克,收货,上架
MoSu27BlPi,粉色 品牌11 270 鼠标（蓝牙）,鼠标,品牌11,270,蓝牙,粉色,16*10*1,94,AN59G,劳拉,收货,上架
PrSoA4LaBl,黑色 品牌25 四号纸 打印机（激光）,打印机,品牌25,四号纸,激光,黑色,16*1*1,11,CX55C,艾米,收货,上架
AlPH17i5Wh,白色 品牌12 17英寸 一体机（第5代处理器）,一体机,品牌12,17英寸,第5代处理器,白色,16*1*1,3,BG84D,莎拉,收货,上架
TaCI10AdGr,灰色 品牌27 1000 桌子（可调节）,桌子,品牌27,1000,可调节,灰色,8*1*1,7,DW33H,迈克,收货,上架
SPNa24SoGr,灰色 品牌23 24 触控笔（可溶性）,触控笔,品牌23,24,可溶性,灰色,48*10*5,1652,DI04B,克里斯,收货,上架
KeHc27BlNa,藏青色 品牌09 270 键盘（蓝牙）,键盘,品牌09,270,蓝牙,藏青色,16*10*1,117,AG55G,艾米,收货,上架
AlYn1732Bl,黑色 品牌15 17英寸 一体机（32吉字节内存）,一体机,品牌15,17英寸,32吉字节内存,黑色,16*1*1,4,BL11C,劳拉,收货,上架
KePH35MeBl,黑色 品牌12 350 键盘（机械式）,键盘,品牌12,350,机械式,黑色,16*10*1,135,CK24H,约翰,收货,上架
TVGL50S4Wh,白色 品牌31 50英寸 电视机（超级超高清）,电视机,品牌31,50英寸,超级超高清,白色,8*1*1,2,DO61E,迈克,收货,上架
LaSu1732Gr,灰色 品牌11 17英寸 笔记本电脑（32吉字节内存）,笔记本电脑,品牌11,17英寸,32吉字节内存,灰色,16*1*1,12,AV23C,克里斯,收货,上架
SPRe12SoWh,白色 品牌22 12 触控笔（可溶性）,触控笔,品牌22,12,可溶性,白色,48*10*5,636,DN19E,劳拉,收货,上架
MoSu35WiPi,粉色 品牌11 350 鼠标（有线）,鼠标,品牌11,350,有线,粉色,16*10*1,97,CH51C,迈克,收货,上架
AlYn14i5Gr,灰色 品牌15 14英寸 一体机（第5代处理器）,一体机,品牌15,14英寸,第5代处理器,灰色,16*1*1,1,DU94H,艾米丽,收货,上架
PeGi24SoWh,白色 品牌21 24 铅笔（可溶性）,铅笔,品牌21,24,可溶性,白色,48*10*5,1873,DR02A,简,收货,上架
KeHc27BlNa,藏青色 品牌09 270 键盘（蓝牙）,键盘,品牌09,270,蓝牙,藏青色,16*10*1,60,CL81G,约翰,收货,上架
NoMuA4doGr,灰色 品牌19 四号纸 笔记本（点阵）,笔记本,品牌19,四号纸,点阵,灰色,48*10*5,2127,DQ72D,劳拉,收货,上架
GaAEMAdWh,白色 品牌05 中号 游戏椅（可调节）,游戏椅,品牌05,中号,可调节,白色,16*1*1,13,AM53F,大卫,收货,上架
AlPH158GSi,银色 品牌12 15英寸 一体机（8吉字节内存）,一体机,品牌12,15英寸,8吉字节内存,银色,16*1*1,5,CH94H,简,收货,上架
PeAl24SoWh,白色 品牌20 24 铅笔（可溶性）,铅笔,品牌20,24,可溶性,白色,48*10*5,1665,BH40H,约翰,收货,上架
PeRe24WaBl,黑色 品牌22 24 铅笔（水彩）,铅笔,品牌22,24,水彩,黑色,48*10*5,1585,DL23C,大卫,收货,上架
TaTR18WoSi,银色 品牌29 1800 桌子（工作站）,桌子,品牌29,1800,工作站,银色,8*1*1,5,AR79A,劳拉,收货,上架
TVYn424KBl,黑色 品牌15 42英寸 电视机（超高清）,电视机,品牌15,42英寸,超高清,黑色,8*1*1,7,DY31F,劳拉,收货,上架
TaAE18AuWh,白色 品牌05 1800 桌子（自动调节）,桌子,品牌05,1800,自动调节,白色,8*1*1,1,DO17F,简,收货,上架
GaAELAdWh,白色 品牌05 大号 游戏椅（可调节）,游戏椅,品牌05,大号,可调节,白色,16*1*1,1,CF13B,约翰,收货,上架
PeRe24HeWh,白色 品牌22 24 铅笔（六角形）,铅笔,品牌22,24,六角形,白色,48*10*5,698,AN27G,简,收货,上架
GaXELHeWh,白色 品牌06 大号 游戏椅（头枕）,游戏椅,品牌06,大号,头枕,白色,16*1*1,16,AK31F,约翰,收货,上架
SPRe50SoBl,黑色 品牌22 50 触控笔（可溶性）,触控笔,品牌22,50,可溶性,黑色,48*10*5,1309,DG77A,艾米丽,收货,上架
AlYn17i5Si,银色 品牌15 17英寸 一体机（第5代处理器）,一体机,品牌15,17英寸,第5代处理器,银色,16*1*1,12,DZ18H,简,收货,上架
TVYn42FHWh,白色 品牌15 42英寸 电视机（全高清）,电视机,品牌15,42英寸,全高清,白色,8*1*1,8,BY41H,艾米丽,收货,上架
PrNoA2WiBl,黑色 品牌26 二号纸 打印机（无线网络）,打印机,品牌26,二号纸,无线网络,黑色,16*1*1,3,AF65B,约翰,收货,上架
MoSu45MePi,粉色 品牌11 450 鼠标（机械式）,鼠标,品牌11,450,机械式,粉色,16*10*1,26,AN42C,亚历克斯,收货,上架
AlRe158GSi,银色 品牌14 15英寸 一体机（8吉字节内存）,一体机,品牌14,15英寸,8吉字节内存,银色,16*1*1,14,AQ98G,莎拉,收货,上架
GaAEMLeGr,灰色 品牌05 中号 游戏椅（皮革）,游戏椅,品牌05,中号,皮革,灰色,16*1*1,16,CH19C,亚历克斯,收货,上架
PrPHA3InBl,黑色 品牌12 三号纸 打印机（喷墨）,打印机,品牌12,三号纸,喷墨,黑色,16*1*1,4,AY30G,劳拉,收货,上架
KeRe27WiNa,藏青色 品牌10 270 键盘（有线）,键盘,品牌10,270,有线,藏青色,16*10*1,101,AF33A,简,收货,上架
LaPH178GWh,白色 品牌12 17英寸 笔记本电脑（8吉字节内存）,笔记本电脑,品牌12,17英寸,8吉字节内存,白色,16*1*1,4,BP56H,劳拉,收货,上架
PrNoA3LaMi,混合色 品牌26 三号纸 打印机（激光）,打印机,品牌26,三号纸,激光,混合色,16*1*1,13,CL92A,艾米,收货,上架
PeGi12WaWh,白色 品牌21 12 铅笔（水彩）,铅笔,品牌21,12,水彩,白色,48*10*5,476,BI72A,莎拉,收货,上架
MoHc45WiWh,白色 品牌09 450 鼠标（有线）,鼠标,品牌09,450,有线,白色,16*10*1,151,DK93E,劳拉,收货,上架
GaOGLAdBl,黑色 品牌07 大号 游戏椅（可调节）,游戏椅,品牌07,大号,可调节,黑色,16*1*1,7,BP25G,劳拉,收货,上架
DrRG12SlGr,灰色 品牌03 1200 抽屉柜（滑动式）,抽屉柜,品牌03,1200,滑动式,灰色,8*1*1,3,AP96F,亚历克斯,收货,上架
LaOv1532Bl,黑色 品牌13 15英寸 笔记本电脑（32吉字节内存）,笔记本电脑,品牌13,15英寸,32吉字节内存,黑色,16*1*1,4,BJ64F,迈克,收货,上架
TVGL32SFBl,黑色 品牌31 32英寸 电视机（超级全高清）,电视机,品牌31,32英寸,超级全高清,黑色,8*1*1,5,CU69B,约翰,收货,上架
CaRG12FiBe,米色 品牌03 1200 文件柜（文件收纳）,文件柜,品牌03,1200,文件收纳,米色,8*1*1,8,BZ47H,大卫,收货,上架
TVGL42SFWh,白色 品牌31 42英寸 电视机（超级全高清）,电视机,品牌31,42英寸,超级全高清,白色,8*1*1,6,CT92D,莎拉,收货,上架
LaOv17i7Si,银色 品牌13 17英寸 笔记本电脑（第7代处理器）,笔记本电脑,品牌13,17英寸,第7代处理器,银色,16*1*1,2,BO85B,莎拉,收货,上架
TVGn424KGr,灰色 品牌30 42英寸 电视机（超高清）,电视机,品牌30,42英寸,超高清,灰色,8*1*1,7,DP81C,亚历克斯,收货,上架
TVEs65FHSi,银色 品牌32 65英寸 电视机（全高清）,电视机,品牌32,65英寸,全高清,银色,8*1*1,1,AM57B,艾米,收货,上架
SPNa12SoBl,黑色 品牌23 12 触控笔（可溶性）,触控笔,品牌23,12,可溶性,黑色,48*10*5,1713,AH96G,莎拉,收货,上架
MoHc27WiBl,黑色 品牌09 270 鼠标（有线）,鼠标,品牌09,270,有线,黑色,16*10*1,27,DT64G,莎拉,收货,上架
TaTR18FrWh,白色 品牌29 1800 桌子（框架式）,桌子,品牌29,1800,框架式,白色,8*1*1,8,BY22G,简,收货,上架
LaOv148GWh,白色 品牌13 14英寸 笔记本电脑（8吉字节内存）,笔记本电脑,品牌13,14英寸,8吉字节内存,白色,16*1*1,15,BN27C,约翰,收货,上架
LaSu15i7Bl,黑色 品牌11 15英寸 笔记本电脑（第7代处理器）,笔记本电脑,品牌11,15英寸,第7代处理器,黑色,16*1*1,5,CJ43B,大卫,收货,上架
TaAE18WoWh,白色 品牌05 1800 桌子（工作站）,桌子,品牌05,1800,工作站,白色,8*1*1,7,CY01D,迈克,收货,上架
SPGi24SoBl,黑色 品牌21 24 触控笔（可溶性）,触控笔,品牌21,24,可溶性,黑色,48*10*5,745,DM13E,劳拉,收货,上架
CaQE90DoWh,白色 品牌01 900 文件柜（带门式）,文件柜,品牌01,900,带门式,白色,8*1*1,8,AV59E,亚历克斯,收货,上架
SPNa12WaBl,黑色 品牌23 12 触控笔（水彩）,触控笔,品牌23,12,水彩,黑色,48*10*5,1399,AR03D,劳拉,收货,上架
MoSu35WiNa,藏青色 品牌11 350 鼠标（有线）,鼠标,品牌11,350,有线,藏青色,16*10*1,110,AN13H,简,收货,上架
PrReA3InGr,灰色 品牌24 三号纸 打印机（喷墨）,打印机,品牌24,三号纸,喷墨,灰色,16*1*1,10,DP41C,约翰,收货,上架
AlPH1732Si,银色 品牌12 17英寸 一体机（32吉字节内存）,一体机,品牌12,17英寸,32吉字节内存,银色,16*1*1,9,AM72A,莎拉,收货,上架
AlPH1532Si,银色 品牌12 15英寸 一体机（32吉字节内存）,一体机,品牌12,15英寸,32吉字节内存,银色,16*1*1,8,CH46H,莎拉,收货,上架
MoRe35MePi,粉色 品牌10 350 鼠标（机械式）,鼠标,品牌10,350,机械式,粉色,16*10*1,90,BQ31C,简,收货,上架
SPAl50SoPi,粉色 品牌20 50 触控笔（可溶性）,触控笔,品牌20,50,可溶性,粉色,48*10*5,1460,BQ31H,约翰,收货,上架
KeSu27BlNa,藏青色 品牌11 270 键盘（蓝牙）,键盘,品牌11,270,蓝牙,藏青色,16*10*1,53,AI86B,劳拉,收货,上架
NoGrA5doGr,灰色 品牌18 五号纸 笔记本（点阵）,笔记本,品牌18,五号纸,点阵,灰色,48*10*5,164,CL12A,迈克,收货,上架
AlOv158GGr,灰色 品牌13 15英寸 一体机（8吉字节内存）,一体机,品牌13,15英寸,8吉字节内存,灰色,16*1*1,1,AV15H,亚历克斯,收货,上架
AlRe1516Wh,白色 品牌14 15英寸 一体机（16吉字节内存）,一体机,品牌14,15英寸,16吉字节内存,白色,16*1*1,2,CI60C,迈克,收货,上架
CuRG90SlBe,米色 品牌03 900 储物柜（滑动式）,储物柜,品牌03,900,滑动式,米色,8*1*1,7,CO20E,亚历克斯,收货,上架
AlRe14i7Gr,灰色 品牌14 14英寸 一体机（第7代处理器）,一体机,品牌14,14英寸,第7代处理器,灰色,16*1*1,4,BT81H,大卫,收货,上架
TaTR15AuSi,银色 品牌29 1500 桌子（自动调节）,桌子,品牌29,1500,自动调节,银色,8*1*1,4,CP95G,莎拉,收货,上架
CaWE12LoBl,黑色 品牌02 1200 文件柜（储物锁柜）,文件柜,品牌02,1200,储物锁柜,黑色,8*1*1,1,CF44H,大卫,收货,上架
LaSu148GSi,银色 品牌11 14英寸 笔记本电脑（8吉字节内存）,笔记本电脑,品牌11,14英寸,8吉字节内存,银色,16*1*1,2,AS83H,大卫,收货,上架
CaRG18LoWh,白色 品牌03 1800 文件柜（储物锁柜）,文件柜,品牌03,1800,储物锁柜,白色,8*1*1,6,DQ03G,艾米丽,收货,上架
TaTR10AuBl,黑色 品牌28 1000 桌子（自动调节）,桌子,品牌28,1000,自动调节,黑色,8*1*1,7,CM74B,莎拉,收货,上架
AlPH1516Wh,白色 品牌12 15英寸 一体机（16吉字节内存）,一体机,品牌12,15英寸,16吉字节内存,白色,16*1*1,13,CH22B,艾米丽,收货,上架
DrWE90SlWh,白色 品牌02 900 抽屉柜（滑动式）,抽屉柜,品牌02,900,滑动式,白色,8*1*1,3,CW78A,艾米丽,收货,上架
AlRe15i7Bl,黑色 品牌14 15英寸 一体机（第7代处理器）,一体机,品牌14,15英寸,第7代处理器,黑色,16*1*1,12,CW08H,劳拉,收货,上架
TaAE15AuBl,黑色 品牌05 1500 桌子（自动调节）,桌子,品牌05,1500,自动调节,黑色,8*1*1,5,DX35E,亚历克斯,收货,上架
NoMuA4doWh,白色 品牌19 四号纸 笔记本（点阵）,笔记本,品牌19,四号纸,点阵,白色,48*10*5,817,AH16B,约翰,收货,上架
NoExA3doBl,黑色 品牌16 三号纸 笔记本（点阵）,笔记本,品牌16,三号纸,点阵,黑色,48*10*5,1246,CN72B,迈克,收货,上架
OfAESHeGr,灰色 品牌05 小号 办公椅（头枕）,办公椅,品牌05,小号,头枕,灰色,16*1*1,13,BN57F,艾米,收货,上架
TVGn42SFWh,白色 品牌30 42英寸 电视机（超级全高清）,电视机,品牌30,42英寸,超级全高清,白色,8*1*1,5,BJ06G,大卫,收货,上架
CuTE90DoGr,灰色 品牌04 900 储物柜（带门式）,储物柜,品牌04,900,带门式,灰色,8*1*1,2,CT30B,迈克,收货,上架
MoRe27MeBl,黑色 品牌10 270 鼠标（机械式）,鼠标,品牌10,270,机械式,黑色,16*10*1,6,DV48E,劳拉,收货,上架
SPRe24SoBl,黑色 品牌22 24 触控笔（可溶性）,触控笔,品牌22,24,可溶性,黑色,48*10*5,926,AH49E,艾米丽,收货,上架
PeGi50SoPi,粉色 品牌21 50 铅笔（可溶性）,铅笔,品牌21,50,可溶性,粉色,48*10*5,834,CN16A,迈克,收货,上架
PrSoA3LaGr,灰色 品牌25 三号纸 打印机（激光）,打印机,品牌25,三号纸,激光,灰色,16*1*1,12,AU33A,迈克,收货,上架
OfOGLLeGr,灰色 品牌07 大号 办公椅（皮革）,办公椅,品牌07,大号,皮革,灰色,16*1*1,15,DT65F,劳拉,收货,上架
AlSu17i5Wh,白色 品牌11 17英寸 一体机（第5代处理器）,一体机,品牌11,17英寸,第5代处理器,白色,16*1*1,16,AK57A,简,收货,上架
CuWE18LoBl,黑色 品牌02 1800 储物柜（储物锁柜）,储物柜,品牌02,1800,储物锁柜,黑色,8*1*1,2,DJ62H,约翰,收货,上架
KeSu27MeWh,白色 品牌11 270 键盘（机械式）,键盘,品牌11,270,机械式,白色,16*10*1,117,DR78C,迈克,收货,上架
DrQE12FiBl,黑色 品牌01 1200 抽屉柜（文件收纳）,抽屉柜,品牌01,1200,文件收纳,黑色,8*1*1,6,AS65B,约翰,收货,上架
LaRe1516Bl,黑色 品牌14 15英寸 笔记本电脑（16吉字节内存）,笔记本电脑,品牌14,15英寸,16吉字节内存,黑色,16*1*1,14,AI62D,简,收货,上架
DrTE90FiWh,白色 品牌04 900 抽屉柜（文件收纳）,抽屉柜,品牌04,900,文件收纳,白色,8*1*1,5,DI13C,劳拉,收货,上架
GaXEMAdPi,粉色 品牌06 中号 游戏椅（可调节）,游戏椅,品牌06,中号,可调节,粉色,16*1*1,13,DX73H,艾米,收货,上架
SPGi12HeWh,白色 品牌21 12 触控笔（六角形）,触控笔,品牌21,12,六角形,白色,48*10*5,403,BL20C,克里斯,收货,上架
NoScA3liGr,灰色 品牌17 三号纸 笔记本（线条）,笔记本,品牌17,三号纸,线条,灰色,48*10*5,1069,CZ69A,劳拉,收货,上架
KeRe35MeWh,白色 品牌10 350 键盘（机械式）,键盘,品牌10,350,机械式,白色,16*10*1,12,AY44F,迈克,收货,上架
NoGrA3doSi,银色 品牌18 三号纸 笔记本（点阵）,笔记本,品牌18,三号纸,点阵,银色,48*10*5,904,CU27F,亚历克斯,收货,上架
DrQE90LoGr,灰色 品牌01 900 抽屉柜（储物锁柜）,抽屉柜,品牌01,900,储物锁柜,灰色,8*1*1,5,DR25F,大卫,收货,上架
OfXEMLeWh,白色 品牌06 中号 办公椅（皮革）,办公椅,品牌06,中号,皮革,白色,16*1*1,14,BM21F,克里斯,收货,上架
AlOv17i5Si,银色 品牌13 17英寸 一体机（第5代处理器）,一体机,品牌13,17英寸,第5代处理器,银色,16*1*1,10,DZ58E,亚历克斯,收货,上架
OfXESLeWh,白色 品牌06 小号 办公椅（皮革）,办公椅,品牌06,小号,皮革,白色,16*1*1,6,BK46A,莎拉,收货,上架
MoSu35ErBl,黑色 品牌11 350 鼠标（人体工学）,鼠标,品牌11,350,人体工学,黑色,16*10*1,11,AG18B,约翰,收货,上架
LaYn1716Si,银色 品牌15 17英寸 笔记本电脑（16吉字节内存）,笔记本电脑,品牌15,17英寸,16吉字节内存,银色,16*1*1,10,DX59H,劳拉,收货,上架
GaSEMLeGr,灰色 品牌08 中号 游戏椅（皮革）,游戏椅,品牌08,中号,皮革,灰色,16*1*1,11,DV56D,克里斯,收货,上架
DrWE12FiWh,白色 品牌02 1200 抽屉柜（文件收纳）,抽屉柜,品牌02,1200,文件收纳,白色,8*1*1,5,CT55C,迈克,收货,上架
AlOv14i5Gr,灰色 品牌13 14英寸 一体机（第5代处理器）,一体机,品牌13,14英寸,第5代处理器,灰色,16*1*1,8,AN85A,迈克,收货,上架
TVGL32S4Gr,灰色 品牌31 32英寸 电视机（超级超高清）,电视机,品牌31,32英寸,超级超高清,灰色,8*1*1,3,AO33B,简,收货,上架
NoGrA5doGr,灰色 品牌18 五号纸 笔记本（点阵）,笔记本,品牌18,五号纸,点阵,灰色,48*10*5,18,DX37F,迈克,收货,上架
KeHc35MePi,粉色 品牌09 350 键盘（机械式）,键盘,品牌09,350,机械式,粉色,16*10*1,102,DM10A,劳拉,收货,上架
SPRe12WaWh,白色 品牌22 12 触控笔（水彩）,触控笔,品牌22,12,水彩,白色,48*10*5,1823,DO04F,克里斯,收货,上架
MoRe27WiBl,黑色 品牌10 270 鼠标（有线）,鼠标,品牌10,270,有线,黑色,16*10*1,133,AR50F,克里斯,收货,上架
LaRe14i5Si,银色 品牌14 14英寸 笔记本电脑（第5代处理器）,笔记本电脑,品牌14,14英寸,第5代处理器,银色,16*1*1,11,DQ12D,艾米,收货,上架
MoPH35MeNa,藏青色 品牌12 350 鼠标（机械式）,鼠标,品牌12,350,机械式,藏青色,16*10*1,153,CY06D,艾米,收货,上架
AlRe15i7Gr,灰色 品牌14 15英寸 一体机（第7代处理器）,一体机,品牌14,15英寸,第7代处理器,灰色,16*1*1,3,DW47H,艾米,收货,上架
GaSESHePi,粉色 品牌08 小号 游戏椅（头枕）,游戏椅,品牌08,小号,头枕,粉色,16*1*1,4,CL79G,莎拉,收货,上架
OfOGLLeGr,灰色 品牌07 大号 办公椅（皮革）,办公椅,品牌07,大号,皮革,灰色,16*1*1,13,CL15D,亚历克斯,收货,上架
OfSEMLeBl,黑色 品牌08 中号 办公椅（皮革）,办公椅,品牌08,中号,皮革,黑色,16*1*1,3,BO15E,简,收货,上架
CaWE90DoBe,米色 品牌02 900 文件柜（带门式）,文件柜,品牌02,900,带门式,米色,8*1*1,4,BV17C,亚历克斯,收货,上架
PeRe12SoPi,粉色 品牌22 12 铅笔（可溶性）,铅笔,品牌22,12,可溶性,粉色,48*10*5,1797,AH65G,莎拉,收货,上架
CaTE12LoGr,灰色 品牌04 1200 文件柜（储物锁柜）,文件柜,品牌04,1200,储物锁柜,灰色,8*1*1,4,BQ44G,莎拉,收货,上架
OfOGLLeGr,灰色 品牌07 大号 办公椅（皮革）,办公椅,品牌07,大号,皮革,灰色,16*1*1,14,CG36F,艾米丽,收货,上架
CaTE12LoBe,米色 品牌04 1200 文件柜（储物锁柜）,文件柜,品牌04,1200,储物锁柜,米色,8*1*1,3,BM12A,艾米丽,收货,上架
LaPH1716Bl,黑色 品牌12 17英寸 笔记本电脑（16吉字节内存）,笔记本电脑,品牌12,17英寸,16吉字节内存,黑色,16*1*1,6,AU24G,克里斯,收货,上架
TVYn42S4Wh,白色 品牌15 42英寸 电视机（超级超高清）,电视机,品牌15,42英寸,超级超高清,白色,8*1*1,2,CU45D,莎拉,收货,上架
NoMuA5ruBl,黑色 品牌19 五号纸 笔记本（横线）,笔记本,品牌19,五号纸,横线,黑色,48*10*5,2185,AG29F,大卫,收货,上架
GaXEMHeWh,白色 品牌06 中号 游戏椅（头枕）,游戏椅,品牌06,中号,头枕,白色,16*1*1,5,BR27A,劳拉,收货,上架
OfSELAdWh,白色 品牌08 大号 办公椅（可调节）,办公椅,品牌08,大号,可调节,白色,16*1*1,15,DP92H,约翰,收货,上架
DrTE18DoBl,黑色 品牌04 1800 抽屉柜（带门式）,抽屉柜,品牌04,1800,带门式,黑色,8*1*1,6,AR75C,大卫,收货,上架
PeNa12SoBl,黑色 品牌23 12 铅笔（可溶性）,铅笔,品牌23,12,可溶性,黑色,48*10*5,363,CL35H,大卫,收货,上架
MoPH45ErPi,粉色 品牌12 450 鼠标（人体工学）,鼠标,品牌12,450,人体工学,粉色,16*10*1,62,BN72B,艾米,收货,上架
PeNa24SoGr,灰色 品牌23 24 铅笔（可溶性）,铅笔,品牌23,24,可溶性,灰色,48*10*5,2063,AZ94B,艾米丽,收货,上架
PeAl24SoPi,粉色 品牌20 24 铅笔（可溶性）,铅笔,品牌20,24,可溶性,粉色,48*10*5,1440,AW75D,劳拉,收货,上架
TVGL654KSi,银色 品牌31 65英寸 电视机（超高清）,电视机,品牌31,65英寸,超高清,银色,8*1*1,3,DW29B,艾米丽,收货,上架
MoPH45WiNa,藏青色 品牌12 450 鼠标（有线）,鼠标,品牌12,450,有线,藏青色,16*10*1,101,DY53H,艾米,收货,上架
GaXELErGr,灰色 品牌06 大号 游戏椅（人体工学）,游戏椅,品牌06,大号,人体工学,灰色,16*1*1,3,CO04H,亚历克斯,收货,上架
TVGn50S4Wh,白色 品牌30 50英寸 电视机（超级超高清）,电视机,品牌30,50英寸,超级超高清,白色,8*1*1,4,DV61E,大卫,收货,上架
CuTE12FiWh,白色 品牌04 1200 储物柜（文件收纳）,储物柜,品牌04,1200,文件收纳,白色,8*1*1,2,BT27A,约翰,收货,上架
OfXELLePi,粉色 品牌06 大号 办公椅（皮革）,办公椅,品牌06,大号,皮革,粉色,16*1*1,13,AT59D,艾米,收货,上架
LaSu14i7Gr,灰色 品牌11 14英寸 笔记本电脑（第7代处理器）,笔记本电脑,品牌11,14英寸,第7代处理器,灰色,16*1*1,9,CV76A,大卫,收货,上架
CuQE90SlWh,白色 品牌01 900 储物柜（滑动式）,储物柜,品牌01,900,滑动式,白色,8*1*1,4,BZ55G,艾米,收货,上架
AlYn1716Gr,灰色 品牌15 17英寸 一体机（16吉字节内存）,一体机,品牌15,17英寸,16吉字节内存,灰色,16*1*1,3,DT95A,亚历克斯,收货,上架
CuWE90DoWh,白色 品牌02 900 储物柜（带门式）,储物柜,品牌02,900,带门式,白色,8*1*1,6,BS60A,简,收货,上架
GaAEMHeGr,灰色 品牌05 中号 游戏椅（头枕）,游戏椅,品牌05,中号,头枕,灰色,16*1*1,5,BT81A,大卫,收货,上架
LaYn1416Si,银色 品牌15 14英寸 笔记本电脑（16吉字节内存）,笔记本电脑,品牌15,14英寸,16吉字节内存,银色,16*1*1,15,DK28A,莎拉,收货,上架
KeSu35BlWh,白色 品牌11 350 键盘（蓝牙）,键盘,品牌11,350,蓝牙,白色,16*10*1,35,CN29C,大卫,收货,上架
LaYn1716Bl,黑色 品牌15 17英寸 笔记本电脑（16吉字节内存）,笔记本电脑,品牌15,17英寸,16吉字节内存,黑色,16*1*1,13,DL10H,劳拉,收货,上架
KeHc27ErBl,黑色 品牌09 270 键盘（人体工学）,键盘,品牌09,270,人体工学,黑色,16*10*1,144,DZ18H,约翰,收货,上架
TaAE15WoSi,银色 品牌05 1500 桌子（工作站）,桌子,品牌05,1500,工作站,银色,8*1*1,3,CL47H,简,收货,上架
KeRe45WiWh,白色 品牌10 450 键盘（有线）,键盘,品牌10,450,有线,白色,16*10*1,19,DY58G,莎拉,收货,上架
PrReA4AlGr,灰色 品牌24 四号纸 打印机（一体式）,打印机,品牌24,四号纸,一体式,灰色,16*1*1,10,BY43D,约翰,收货,上架
TVYn65S4Bl,黑色 品牌15 65英寸 电视机（超级超高清）,电视机,品牌15,65英寸,超级超高清,黑色,8*1*1,1,BY43C,大卫,收货,上架
PrSoA4InBl,黑色 品牌25 四号纸 打印机（喷墨）,打印机,品牌25,四号纸,喷墨,黑色,16*1*1,5,DU54G,艾米,收货,上架
PrSoA4LaGr,灰色 品牌25 四号纸 打印机（激光）,打印机,品牌25,四号纸,激光,灰色,16*1*1,16,DK66B,克里斯,收货,上架
NoExA5ruWh,白色 品牌16 五号纸 笔记本（横线）,笔记本,品牌16,五号纸,横线,白色,48*10*5,1934,AG70F,大卫,收货,上架
TaTR10AdSi,银色 品牌28 1000 桌子（可调节）,桌子,品牌28,1000,可调节,银色,8*1*1,2,DP22G,约翰,收货,上架
KeRe45ErPi,粉色 品牌10 450 键盘（人体工学）,键盘,品牌10,450,人体工学,粉色,16*10*1,154,CH54E,劳拉,收货,上架
SPGi24SoWh,白色 品牌21 24 触控笔（可溶性）,触控笔,品牌21,24,可溶性,白色,48*10*5,2239,CH30H,莎拉,收货,上架
LaOv17i5Gr,灰色 品牌13 17英寸 笔记本电脑（第5代处理器）,笔记本电脑,品牌13,17英寸,第5代处理器,灰色,16*1*1,6,AV69H,莎拉,收货,上架
OfOGSLeBl,黑色 品牌07 小号 办公椅（皮革）,办公椅,品牌07,小号,皮革,黑色,16*1*1,16,CR83D,克里斯,收货,上架
DrTE90DoBe,米色 品牌04 900 抽屉柜（带门式）,抽屉柜,品牌04,900,带门式,米色,8*1*1,1,DF52H,亚历克斯,收货,上架
PrNoA3InBl,黑色 品牌26 三号纸 打印机（喷墨）,打印机,品牌26,三号纸,喷墨,黑色,16*1*1,5,DL26E,亚历克斯,收货,上架
PrNoA2WiWh,白色 品牌26 二号纸 打印机（无线网络）,打印机,品牌26,二号纸,无线网络,白色,16*1*1,8,CF01F,约翰,收货,上架
TVEs75S4Bl,黑色 品牌32 75英寸 电视机（超级超高清）,电视机,品牌32,75英寸,超级超高清,黑色,8*1*1,6,BQ58F,莎拉,收货,上架
TaTR10AuSi,银色 品牌28 1000 桌子（自动调节）,桌子,品牌28,1000,自动调节,银色,8*1*1,3,AG87E,亚历克斯,收货,上架
KePH27BlPi,粉色 品牌12 270 键盘（蓝牙）,键盘,品牌12,270,蓝牙,粉色,16*10*1,111,CR82D,大卫,收货,上架
OfOGMLeWh,白色 品牌07 中号 办公椅（皮革）,办公椅,品牌07,中号,皮革,白色,16*1*1,12,DV03E,艾米丽,收货,上架
KeHc45MeBl,黑色 品牌09 450 键盘（机械式）,键盘,品牌09,450,机械式,黑色,16*10*1,118,DI90E,大卫,收货,上架
CuWE12FiGr,灰色 品牌02 1200 储物柜（文件收纳）,储物柜,品牌02,1200,文件收纳,灰色,8*1*1,7,BI35D,简,收货,上架
CaRG18LoBe,米色 品牌03 1800 文件柜（储物锁柜）,文件柜,品牌03,1800,储物锁柜,米色,8*1*1,2,BI86C,艾米,收货,上架
GaSESAdPi,粉色 品牌08 小号 游戏椅（可调节）,游戏椅,品牌08,小号,可调节,粉色,16*1*1,16,BY28G,劳拉,收货,上架
SPGi12HeWh,白色 品牌21 12 触控笔（六角形）,触控笔,品牌21,12,六角形,白色,48*10*5,2031,CF65E,大卫,收货,上架
KeHc35WiNa,藏青色 品牌09 350 键盘（有线）,键盘,品牌09,350,有线,藏青色,16*10*1,120,BS01C,克里斯,收货,上架
CaTE12DoWh,白色 品牌04 1200 文件柜（带门式）,文件柜,品牌04,1200,带门式,白色,8*1*1,5,DS21F,约翰,收货,上架
CuRG12SlGr,灰色 品牌03 1200 储物柜（滑动式）,储物柜,品牌03,1200,滑动式,灰色,8*1*1,2,BS37B,克里斯,收货,上架
KeSu35BlNa,藏青色 品牌11 350 键盘（蓝牙）,键盘,品牌11,350,蓝牙,藏青色,16*10*1,47,CM65D,亚历克斯,收货,上架
DrRG90SlGr,灰色 品牌03 900 抽屉柜（滑动式）,抽屉柜,品牌03,900,滑动式,灰色,8*1*1,6,AY05G,莎拉,收货,上架
OfSEMHeGr,灰色 品牌08 中号 办公椅（头枕）,办公椅,品牌08,中号,头枕,灰色,16*1*1,2,DM13E,劳拉,收货,上架
LaOv17i5Bl,黑色 品牌13 17英寸 笔记本电脑（第5代处理器）,笔记本电脑,品牌13,17英寸,第5代处理器,黑色,16*1*1,2,CL18A,约翰,收货,上架
LaPH1532Wh,白色 品牌12 15英寸 笔记本电脑（32吉字节内存）,笔记本电脑,品牌12,15英寸,32吉字节内存,白色,16*1*1,10,AG54B,莎拉,收货,上架
PrNoA2MoMi,混合色 品牌26 二号纸 打印机（黑白）,打印机,品牌26,二号纸,黑白,混合色,16*1*1,12,CF98A,劳拉,收货,上架
KeSu27MeNa,藏青色 品牌11 270 键盘（机械式）,键盘,品牌11,270,机械式,藏青色,16*10*1,121,DX93A,约翰,收货,上架
TVYn32S4Bl,黑色 品牌15 32英寸 电视机（超级超高清）,电视机,品牌15,32英寸,超级超高清,黑色,8*1*1,7,DO60H,克里斯,收货,上架
SPNa50WaWh,白色 品牌23 50 触控笔（水彩）,触控笔,品牌23,50,水彩,白色,48*10*5,191,AH18A,迈克,收货,上架
CuWE12FiBe,米色 品牌02 1200 储物柜（文件收纳）,储物柜,品牌02,1200,文件收纳,米色,8*1*1,8,BQ70A,莎拉,收货,上架
GaAESAdPi,粉色 品牌05 小号 游戏椅（可调节）,游戏椅,品牌05,小号,可调节,粉色,16*1*1,13,AV20H,亚历克斯,收货,上架
MoSu27ErNa,藏青色 品牌11 270 鼠标（人体工学）,鼠标,品牌11,270,人体工学,藏青色,16*10*1,42,DF95D,大卫,收货,上架
LaOv15i5Si,银色 品牌13 15英寸 笔记本电脑（第5代处理器）,笔记本电脑,品牌13,15英寸,第5代处理器,银色,16*1*1,12,AQ05B,简,收货,上架
TaTR18FrBl,黑色 品牌29 1800 桌子（框架式）,桌子,品牌29,1800,框架式,黑色,8*1*1,1,DN33F,劳拉,收货,上架
LaSu15i7Gr,灰色 品牌11 15英寸 笔记本电脑（第7代处理器）,笔记本电脑,品牌11,15英寸,第7代处理器,灰色,16*1*1,14,AL88D,迈克,收货,上架
MoSu45WiNa,藏青色 品牌11 450 鼠标（有线）,鼠标,品牌11,450,有线,藏青色,16*10*1,88,AQ86G,亚历克斯,收货,上架
MoHc45BlBl,黑色 品牌09 450 鼠标（蓝牙）,鼠标,品牌09,450,蓝牙,黑色,16*10*1,26,BG29C,艾米,收货,上架
GaSESErWh,白色 品牌08 小号 游戏椅（人体工学）,游戏椅,品牌08,小号,人体工学,白色,16*1*1,1,CP75F,克里斯,收货,上架
LaRe17i7Si,银色 品牌14 17英寸 笔记本电脑（第7代处理器）,笔记本电脑,品牌14,17英寸,第7代处理器,银色,16*1*1,5,DI60B,约翰,收货,上架
TVGL75SFBl,黑色 品牌31 75英寸 电视机（超级全高清）,电视机,品牌31,75英寸,超级全高清,黑色,8*1*1,1,CM75G,亚历克斯,收货,上架
TaAE15FrBl,黑色 品牌05 1500 桌子（框架式）,桌子,品牌05,1500,框架式,黑色,8*1*1,6,AU29B,克里斯,收货,上架
LaYn15i7Wh,白色 品牌15 15英寸 笔记本电脑（第7代处理器）,笔记本电脑,品牌15,15英寸,第7代处理器,白色,16*1*1,2,AX07C,约翰,收货,上架
DrWE90DoBe,米色 品牌02 900 抽屉柜（带门式）,抽屉柜,品牌02,900,带门式,米色,8*1*1,7,CS60G,亚历克斯,收货,上架
PrReA3MoGr,灰色 品牌24 三号纸 打印机（黑白）,打印机,品牌24,三号纸,黑白,灰色,16*1*1,1,DM64C,克里斯,收货,上架
PrSoA4AlBl,黑色 品牌25 四号纸 打印机（一体式）,打印机,品牌25,四号纸,一体式,黑色,16*1*1,3,DI07H,简,收货,上架
LaPH1532Wh,白色 品牌12 15英寸 笔记本电脑（32吉字节内存）,笔记本电脑,品牌12,15英寸,32吉字节内存,白色,16*1*1,2,AU83G,简,收货,上架
TVGn75SFBl,黑色 品牌30 75英寸 电视机（超级全高清）,电视机,品牌30,75英寸,超级全高清,黑色,8*1*1,5,AZ26A,劳拉,收货,上架
DrTE18LoBl,黑色 品牌04 1800 抽屉柜（储物锁柜）,抽屉柜,品牌04,1800,储物锁柜,黑色,8*1*1,7,AF81F,大卫,收货,上架
MoSu27WiWh,白色 品牌11 270 鼠标（有线）,鼠标,品牌11,270,有线,白色,16*10*1,112,DJ79G,迈克,收货,上架
OfSESLeGr,灰色 品牌08 小号 办公椅（皮革）,办公椅,品牌08,小号,皮革,灰色,16*1*1,4,BF60H,莎拉,收货,上架
PeNa50WaGr,灰色 品牌23 50 铅笔（水彩）,铅笔,品牌23,50,水彩,灰色,48*10*5,1588,AM65G,艾米,收货,上架
GaOGMHePi,粉色 品牌07 中号 游戏椅（头枕）,游戏椅,品牌07,中号,头枕,粉色,16*1*1,12,BR51H,克里斯,收货,上架
CaQE90FiBl,黑色 品牌01 900 文件柜（文件收纳）,文件柜,品牌01,900,文件收纳,黑色,8*1*1,5,BJ11D,艾米,收货,上架
KeHc27MeBl,黑色 品牌09 270 键盘（机械式）,键盘,品牌09,270,机械式,黑色,16*10*1,105,AO95G,莎拉,收货,上架
TaTR18WoGr,灰色 品牌29 1800 桌子（工作站）,桌子,品牌29,1800,工作站,灰色,8*1*1,8,CG22C,约翰,收货,上架
DrWE90DoBl,黑色 品牌02 900 抽屉柜（带门式）,抽屉柜,品牌02,900,带门式,黑色,8*1*1,2,BP09C,大卫,收货,上架
TVEs75FHBl,黑色 品牌32 75英寸 电视机（全高清）,电视机,品牌32,75英寸,全高清,黑色,8*1*1,8,DF56C,莎拉,收货,上架
DrWE12DoBe,米色 品牌02 1200 抽屉柜（带门式）,抽屉柜,品牌02,1200,带门式,米色,8*1*1,8,CN38D,亚历克斯,收货,上架
TaAE18AdBl,黑色 品牌05 1800 桌子（可调节）,桌子,品牌05,1800,可调节,黑色,8*1*1,4,DY33A,大卫,收货,上架
TaAE15AdSi,银色 品牌05 1500 桌子（可调节）,桌子,品牌05,1500,可调节,银色,8*1*1,4,DR05E,艾米丽,收货,上架
NoGrA4doSi,银色 品牌18 四号纸 笔记本（点阵）,笔记本,品牌18,四号纸,点阵,银色,48*10*5,1209,AM48C,艾米,收货,上架
MoHc27BlPi,粉色 品牌09 270 鼠标（蓝牙）,鼠标,品牌09,270,蓝牙,粉色,16*10*1,51,AI36F,约翰,收货,上架
CaTE90SlBl,黑色 品牌04 900 文件柜（滑动式）,文件柜,品牌04,900,滑动式,黑色,8*1*1,4,BT06F,克里斯,收货,上架
CaRG90LoWh,白色 品牌03 900 文件柜（储物锁柜）,文件柜,品牌03,900,储物锁柜,白色,8*1*1,3,AG37F,亚历克斯,收货,上架
LaRe178GGr,灰色 品牌14 17英寸 笔记本电脑（8吉字节内存）,笔记本电脑,品牌14,17英寸,8吉字节内存,灰色,16*1*1,7,AK18A,大卫,收货,上架
DrQE90DoWh,白色 品牌01 900 抽屉柜（带门式）,抽屉柜,品牌01,900,带门式,白色,8*1*1,8,AZ10H,艾米,收货,上架
TaCI18AdBl,黑色 品牌27 1800 桌子（可调节）,桌子,品牌27,1800,可调节,黑色,8*1*1,8,AN30B,简,收货,上架
MoHc35WiPi,粉色 品牌09 350 鼠标（有线）,鼠标,品牌09,350,有线,粉色,16*10*1,121,CP64A,莎拉,收货,上架
NoMuA5liGr,灰色 品牌19 五号纸 笔记本（线条）,笔记本,品牌19,五号纸,线条,灰色,48*10*5,662,AV64B,艾米,收货,上架
TVEs754KGr,灰色 品牌32 75英寸 电视机（超高清）,电视机,品牌32,75英寸,超高清,灰色,8*1*1,3,CT82D,简,收货,上架
AlOv1516Si,银色 品牌13 15英寸 一体机（16吉字节内存）,一体机,品牌13,15英寸,16吉字节内存,银色,16*1*1,10,AV16E,亚历克斯,收货,上架
KeHc35WiNa,藏青色 品牌09 350 键盘（有线）,键盘,品牌09,350,有线,藏青色,16*10*1,53,CQ31C,艾米,收货,上架
OfAELAdBl,黑色 品牌05 大号 办公椅（可调节）,办公椅,品牌05,大号,可调节,黑色,16*1*1,2,CK64D,莎拉,收货,上架
TVYn654KSi,银色 品牌15 65英寸 电视机（超高清）,电视机,品牌15,65英寸,超高清,银色,8*1*1,5,AT02G,迈克,收货,上架
GaXELHeBl,黑色 品牌06 大号 游戏椅（头枕）,游戏椅,品牌06,大号,头枕,黑色,16*1*1,6,AX61B,亚历克斯,收货,上架
OfOGMLeBl,黑色 品牌07 中号 办公椅（皮革）,办公椅,品牌07,中号,皮革,黑色,16*1*1,6,DN08G,亚历克斯,收货,上架
LaSu1716Bl,黑色 品牌11 17英寸 笔记本电脑（16吉字节内存）,笔记本电脑,品牌11,17英寸,16吉字节内存,黑色,16*1*1,16,CW08D,莎拉,收货,上架
DrRG18DoGr,灰色 品牌03 1800 抽屉柜（带门式）,抽屉柜,品牌03,1800,带门式,灰色,8*1*1,8,CS07B,迈克,收货,上架
KeHc27MeWh,白色 品牌09 270 键盘（机械式）,键盘,品牌09,270,机械式,白色,16*10*1,78,CU39A,艾米,收货,上架
PeAl50SoGr,灰色 品牌20 50 铅笔（可溶性）,铅笔,品牌20,50,可溶性,灰色,48*10*5,2315,CW64G,约翰,收货,上架
TaCI15FrBl,黑色 品牌27 1500 桌子（框架式）,桌子,品牌27,1500,框架式,黑色,8*1*1,6,BK38E,艾米丽,收货,上架
CuQE18FiWh,白色 品牌01 1800 储物柜（文件收纳）,储物柜,品牌01,1800,文件收纳,白色,8*1*1,2,BG21B,大卫,收货,上架
AlYn14i7Bl,黑色 品牌15 14英寸 一体机（第7代处理器）,一体机,品牌15,14英寸,第7代处理器,黑色,16*1*1,12,CY69H,克里斯,收货,上架
AlSu1716Si,银色 品牌11 17英寸 一体机（16吉字节内存）,一体机,品牌11,17英寸,16吉字节内存,银色,16*1*1,13,AQ02H,克里斯,收货,上架
TVGn32SFBl,黑色 品牌30 32英寸 电视机（超级全高清）,电视机,品牌30,32英寸,超级全高清,黑色,8*1*1,7,CS37F,迈克,收货,上架
GaAESLeWh,白色 品牌05 小号 游戏椅（皮革）,游戏椅,品牌05,小号,皮革,白色,16*1*1,16,CU81A,简,收货,上架
KeSu35ErBl,黑色 品牌11 350 键盘（人体工学）,键盘,品牌11,350,人体工学,黑色,16*10*1,132,DH17B,亚历克斯,收货,上架
AlPH148GWh,白色 品牌12 14英寸 一体机（8吉字节内存）,一体机,品牌12,14英寸,8吉字节内存,白色,16*1*1,8,BU61E,简,收货,上架
GaOGMAdWh,白色 品牌07 中号 游戏椅（可调节）,游戏椅,品牌07,中号,可调节,白色,16*1*1,12,BY25C,简,收货,上架
TVEs32S4Wh,白色 品牌32 32英寸 电视机（超级超高清）,电视机,品牌32,32英寸,超级超高清,白色,8*1*1,8,AN73E,大卫,收货,上架
TaCI10WoWh,白色 品牌27 1000 桌子（工作站）,桌子,品牌27,1000,工作站,白色,8*1*1,6,DP93E,劳拉,收货,上架
CuQE90SlBe,米色 品牌01 900 储物柜（滑动式）,储物柜,品牌01,900,滑动式,米色,8*1*1,8,BM54B,亚历克斯,收货,上架
GaAEMHePi,粉色 品牌05 中号 游戏椅（头枕）,游戏椅,品牌05,中号,头枕,粉色,16*1*1,13,DM73F,艾米丽,收货,上架
TaTR18AuWh,白色 品牌29 1800 桌子（自动调节）,桌子,品牌29,1800,自动调节,白色,8*1*1,7,DS86C,艾米丽,收货,上架
OfOGLLeBl,黑色 品牌07 大号 办公椅（皮革）,办公椅,品牌07,大号,皮革,黑色,16*1*1,7,AV88E,克里斯,收货,上架
LaOv14i7Wh,白色 品牌13 14英寸 笔记本电脑（第7代处理器）,笔记本电脑,品牌13,14英寸,第7代处理器,白色,16*1*1,6,CH65F,克里斯,收货,上架
MoHc45MeBl,黑色 品牌09 450 鼠标（机械式）,鼠标,品牌09,450,机械式,黑色,16*10*1,83,AR04G,艾米,收货,上架
OfXELHeWh,白色 品牌06 大号 办公椅（头枕）,办公椅,品牌06,大号,头枕,白色,16*1*1,16,AK22A,艾米丽,收货,上架
DrQE12FiWh,白色 品牌01 1200 抽屉柜（文件收纳）,抽屉柜,品牌01,1200,文件收纳,白色,8*1*1,7,DM89G,艾米,收货,上架
NoGrA4doWh,白色 品牌18 四号纸 笔记本（点阵）,笔记本,品牌18,四号纸,点阵,白色,48*10*5,66,CV91C,艾米丽,收货,上架
TVGn32S4Wh,白色 品牌30 32英寸 电视机（超级超高清）,电视机,品牌30,32英寸,超级超高清,白色,8*1*1,8,CX94G,大卫,收货,上架
GaSELErBl,黑色 品牌08 大号 游戏椅（人体工学）,游戏椅,品牌08,大号,人体工学,黑色,16*1*1,15,DH03B,大卫,收货,上架
TVYn65S4Gr,灰色 品牌15 65英寸 电视机（超级超高清）,电视机,品牌15,65英寸,超级超高清,灰色,8*1*1,5,AI38B,莎拉,收货,上架
KeHc27WiWh,白色 品牌09 270 键盘（有线）,键盘,品牌09,270,有线,白色,16*10*1,8,DL68E,艾米丽,收货,上架
CaWE90DoGr,灰色 品牌02 900 文件柜（带门式）,文件柜,品牌02,900,带门式,灰色,8*1*1,3,AQ66F,迈克,收货,上架
LaPH14i7Si,银色 品牌12 14英寸 笔记本电脑（第7代处理器）,笔记本电脑,品牌12,14英寸,第7代处理器,银色,16*1*1,8,CN14G,艾米,收货,上架
AlRe17i5Gr,灰色 品牌14 17英寸 一体机（第5代处理器）,一体机,品牌14,17英寸,第5代处理器,灰色,16*1*1,1,AK62F,大卫,收货,上架
AlOv15i5Si,银色 品牌13 15英寸 一体机（第5代处理器）,一体机,品牌13,15英寸,第5代处理器,银色,16*1*1,13,DO40G,大卫,收货,上架
LaOv1732Bl,黑色 品牌13 17英寸 笔记本电脑（32吉字节内存）,笔记本电脑,品牌13,17英寸,32吉字节内存,黑色,16*1*1,7,CQ71D,艾米,收货,上架
PeAl12SoWh,白色 品牌20 12 铅笔（可溶性）,铅笔,品牌20,12,可溶性,白色,48*10*5,875,DI76G,亚历克斯,收货,上架
CaTE12DoWh,白色 品牌04 1200 文件柜（带门式）,文件柜,品牌04,1200,带门式,白色,8*1*1,3,AU91B,简,收货,上架
LaSu17i7Si,银色 品牌11 17英寸 笔记本电脑（第7代处理器）,笔记本电脑,品牌11,17英寸,第7代处理器,银色,16*1*1,4,DH77C,艾米,收货,上架
PrPHA2InBl,黑色 品牌12 二号纸 打印机（喷墨）,打印机,品牌12,二号纸,喷墨,黑色,16*1*1,5,AV41D,艾米,收货,上架
TaAE10AdGr,灰色 品牌05 1000 桌子（可调节）,桌子,品牌05,1000,可调节,灰色,8*1*1,8,CK18G,简,收货,上架
GaOGMHeWh,白色 品牌07 中号 游戏椅（头枕）,游戏椅,品牌07,中号,头枕,白色,16*1*1,9,AQ14F,迈克,收货,上架
TVGL32FHBl,黑色 品牌31 32英寸 电视机（全高清）,电视机,品牌31,32英寸,全高清,黑色,8*1*1,4,AO52C,大卫,收货,上架
AlPH15i7Gr,灰色 品牌12 15英寸 一体机（第7代处理器）,一体机,品牌12,15英寸,第7代处理器,灰色,16*1*1,13,BP86C,约翰,收货,上架
NoExA5doWh,白色 品牌16 五号纸 笔记本（点阵）,笔记本,品牌16,五号纸,点阵,白色,48*10*5,695,CU87C,亚历克斯,收货,上架
PeNa50SoPi,粉色 品牌23 50 铅笔（可溶性）,铅笔,品牌23,50,可溶性,粉色,48*10*5,2014,DR91F,艾米丽,收货,上架
TaAE18AuGr,灰色 品牌05 1800 桌子（自动调节）,桌子,品牌05,1800,自动调节,灰色,8*1*1,7,AN04A,莎拉,收货,上架
AlYn1532Wh,白色 品牌15 15英寸 一体机（32吉字节内存）,一体机,品牌15,15英寸,32吉字节内存,白色,16*1*1,9,AJ56E,大卫,收货,上架
DrQE12DoGr,灰色 品牌01 1200 抽屉柜（带门式）,抽屉柜,品牌01,1200,带门式,灰色,8*1*1,5,BP48G,艾米,收货,上架
KeHc35WiNa,藏青色 品牌09 350 键盘（有线）,键盘,品牌09,350,有线,藏青色,16*10*1,80,CI29B,简,收货,上架
OfSEMHeBl,黑色 品牌08 中号 办公椅（头枕）,办公椅,品牌08,中号,头枕,黑色,16*1*1,13,CY17G,艾米丽,收货,上架
KePH45BlBl,黑色 品牌12 450 键盘（蓝牙）,键盘,品牌12,450,蓝牙,黑色,16*10*1,13,BK10C,迈克,收货,上架
DrWE90FiGr,灰色 品牌02 900 抽屉柜（文件收纳）,抽屉柜,品牌02,900,文件收纳,灰色,8*1*1,4,AZ12A,亚历克斯,收货,上架
PrPHA3MoMi,混合色 品牌12 三号纸 打印机（黑白）,打印机,品牌12,三号纸,黑白,混合色,16*1*1,10,AK95F,迈克,收货,上架
KePH35BlWh,白色 品牌12 350 键盘（蓝牙）,键盘,品牌12,350,蓝牙,白色,16*10*1,146,DG70H,艾米丽,收货,上架
TVGn754KWh,白色 品牌30 75英寸 电视机（超高清）,电视机,品牌30,75英寸,超高清,白色,8*1*1,3,DF12F,艾米,收货,上架
TVEs42SFSi,银色 品牌32 42英寸 电视机（超级全高清）,电视机,品牌32,42英寸,超级全高清,银色,8*1*1,7,DH44F,亚历克斯,收货,上架
LaPH14i7Si,银色 品牌12 14英寸 笔记本电脑（第7代处理器）,笔记本电脑,品牌12,14英寸,第7代处理器,银色,16*1*1,15,BV67E,克里斯,收货,上架
LaRe158GBl,黑色 品牌14 15英寸 笔记本电脑（8吉字节内存）,笔记本电脑,品牌14,15英寸,8吉字节内存,黑色,16*1*1,8,AP41F,迈克,收货,上架
PrPHA4LaBl,黑色 品牌12 四号纸 打印机（激光）,打印机,品牌12,四号纸,激光,黑色,16*1*1,15,AW53F,约翰,收货,上架
PeGi24SoPi,粉色 品牌21 24 铅笔（可溶性）,铅笔,品牌21,24,可溶性,粉色,48*10*5,342,CF79C,亚历克斯,收货,上架
SPAl12SoGr,灰色 品牌20 12 触控笔（可溶性）,触控笔,品牌20,12,可溶性,灰色,48*10*5,319,DP11F,克里斯,收货,上架
NoExA3liSi,银色 品牌16 三号纸 笔记本（线条）,笔记本,品牌16,三号纸,线条,银色,48*10*5,356,DM78D,迈克,收货,上架
LaSu1716Si,银色 品牌11 17英寸 笔记本电脑（16吉字节内存）,笔记本电脑,品牌11,17英寸,16吉字节内存,银色,16*1*1,10,CN08H,莎拉,收货,上架
TVYn504KWh,白色 品牌15 50英寸 电视机（超高清）,电视机,品牌15,50英寸,超高清,白色,8*1*1,3,AZ02H,大卫,收货,上架
GaSESLeBl,黑色 品牌08 小号 游戏椅（皮革）,游戏椅,品牌08,小号,皮革,黑色,16*1*1,10,BR30D,莎拉,收货,上架
KePH35WiNa,藏青色 品牌12 350 键盘（有线）,键盘,品牌12,350,有线,藏青色,16*10*1,65,AS21F,大卫,收货,上架
DrTE18FiBl,黑色 品牌04 1800 抽屉柜（文件收纳）,抽屉柜,品牌04,1800,文件收纳,黑色,8*1*1,7,CV89A,约翰,收货,上架
DrQE90LoBl,黑色 品牌01 900 抽屉柜（储物锁柜）,抽屉柜,品牌01,900,储物锁柜,黑色,8*1*1,8,CW70G,劳拉,收货,上架
OfSELAdBl,黑色 品牌08 大号 办公椅（可调节）,办公椅,品牌08,大号,可调节,黑色,16*1*1,14,DJ24G,莎拉,收货,上架
TaCI18FrBl,黑色 品牌27 1800 桌子（框架式）,桌子,品牌27,1800,框架式,黑色,8*1*1,8,AK41A,大卫,收货,上架
CaQE12LoGr,灰色 品牌01 1200 文件柜（储物锁柜）,文件柜,品牌01,1200,储物锁柜,灰色,8*1*1,2,CK41H,迈克,收货,上架
AlSu17i7Gr,灰色 品牌11 17英寸 一体机（第7代处理器）,一体机,品牌11,17英寸,第7代处理器,灰色,16*1*1,5,CG34B,莎拉,收货,上架
LaRe17i7Bl,黑色 品牌14 17英寸 笔记本电脑（第7代处理器）,笔记本电脑,品牌14,17英寸,第7代处理器,黑色,16*1*1,13,DY08C,约翰,收货,上架
MoSu27ErNa,藏青色 品牌11 270 鼠标（人体工学）,鼠标,品牌11,270,人体工学,藏青色,16*10*1,45,BS37H,约翰,收货,上架
OfAELLeBl,黑色 品牌05 大号 办公椅（皮革）,办公椅,品牌05,大号,皮革,黑色,16*1*1,5,DX25A,约翰,收货,上架
PrNoA3WiWh,白色 品牌26 三号纸 打印机（无线网络）,打印机,品牌26,三号纸,无线网络,白色,16*1*1,14,DO49H,艾米丽,收货,上架
AlPH17i7Wh,白色 品牌12 17英寸 一体机（第7代处理器）,一体机,品牌12,17英寸,第7代处理器,白色,16*1*1,10,BR05D,莎拉,收货,上架
SPNa24SoGr,灰色 品牌23 24 触控笔（可溶性）,触控笔,品牌23,24,可溶性,灰色,48*10*5,673,DO86C,迈克,收货,上架
KeHc35ErNa,藏青色 品牌09 350 键盘（人体工学）,键盘,品牌09,350,人体工学,藏青色,16*10*1,32,AG53H,简,收货,上架
DrTE12DoBe,米色 品牌04 1200 抽屉柜（带门式）,抽屉柜,品牌04,1200,带门式,米色,8*1*1,1,DH14F,克里斯,收货,上架
TaAE15FrSi,银色 品牌05 1500 桌子（框架式）,桌子,品牌05,1500,框架式,银色,8*1*1,3,DG16B,艾米丽,收货,上架
PrSoA2WiWh,白色 品牌25 二号纸 打印机（无线网络）,打印机,品牌25,二号纸,无线网络,白色,16*1*1,10,CI18B,克里斯,收货,上架
DrTE18LoGr,灰色 品牌04 1800 抽屉柜（储物锁柜）,抽屉柜,品牌04,1800,储物锁柜,灰色,8*1*1,7,DM13E,大卫,收货,上架
TVYn65FHWh,白色 品牌15 65英寸 电视机（全高清）,电视机,品牌15,65英寸,全高清,白色,8*1*1,4,AJ86H,约翰,收货,上架
PrReA3AlBl,黑色 品牌24 三号纸 打印机（一体式）,打印机,品牌24,三号纸,一体式,黑色,16*1*1,12,AG08D,劳拉,收货,上架
LaYn148GWh,白色 品牌15 14英寸 笔记本电脑（8吉字节内存）,笔记本电脑,品牌15,14英寸,8吉字节内存,白色,16*1*1,15,AO84H,亚历克斯,收货,上架
PrNoA3WiMi,混合色 品牌26 三号纸 打印机（无线网络）,打印机,品牌26,三号纸,无线网络,混合色,16*1*1,2,DU43E,简,收货,上架
DrWE12DoBl,黑色 品牌02 1200 抽屉柜（带门式）,抽屉柜,品牌02,1200,带门式,黑色,8*1*1,8,CM68C,亚历克斯,收货,上架
MoSu45ErNa,藏青色 品牌11 450 鼠标（人体工学）,鼠标,品牌11,450,人体工学,藏青色,16*10*1,77,BW37C,克里斯,收货,上架
TaAE15FrSi,银色 品牌05 1500 桌子（框架式）,桌子,品牌05,1500,框架式,银色,8*1*1,5,CM15D,莎拉,收货,上架
GaSESErWh,白色 品牌08 小号 游戏椅（人体工学）,游戏椅,品牌08,小号,人体工学,白色,16*1*1,11,AN41F,莎拉,收货,上架
TVGL754KBl,黑色 品牌31 75英寸 电视机（超高清）,电视机,品牌31,75英寸,超高清,黑色,8*1*1,8,BX68E,大卫,收货,上架
PrSoA4WiWh,白色 品牌25 四号纸 打印机（无线网络）,打印机,品牌25,四号纸,无线网络,白色,16*1*1,7,DS83G,克里斯,收货,上架
PeRe50HeBl,黑色 品牌22 50 铅笔（六角形）,铅笔,品牌22,50,六角形,黑色,48*10*5,109,AO53H,莎拉,收货,上架
LaYn178GSi,银色 品牌15 17英寸 笔记本电脑（8吉字节内存）,笔记本电脑,品牌15,17英寸,8吉字节内存,银色,16*1*1,8,CF40F,克里斯,收货,上架
PrNoA4MoGr,灰色 品牌26 四号纸 打印机（黑白）,打印机,品牌26,四号纸,黑白,灰色,16*1*1,14,CX21A,艾米,收货,上架
LaPH158GSi,银色 品牌12 15英寸 笔记本电脑（8吉字节内存）,笔记本电脑,品牌12,15英寸,8吉字节内存,银色,16*1*1,4,DP62C,约翰,收货,上架
TVGn75S4Bl,黑色 品牌30 75英寸 电视机（超级超高清）,电视机,品牌30,75英寸,超级超高清,黑色,8*1*1,3,BU17G,莎拉,收货,上架
OfXEMLeBl,黑色 品牌06 中号 办公椅（皮革）,办公椅,品牌06,中号,皮革,黑色,16*1*1,5,CF01H,大卫,收货,上架
LaSu17i5Bl,黑色 品牌11 17英寸 笔记本电脑（第5代处理器）,笔记本电脑,品牌11,17英寸,第5代处理器,黑色,16*1*1,16,CN75E,迈克,收货,上架
DrRG18DoGr,灰色 品牌03 1800 抽屉柜（带门式）,抽屉柜,品牌03,1800,带门式,灰色,8*1*1,8,BH05D,迈克,收货,上架
CuRG90LoBe,米色 品牌03 900 储物柜（储物锁柜）,储物柜,品牌03,900,储物锁柜,米色,8*1*1,3,CU60A,约翰,收货,上架
CuRG90SlWh,白色 品牌03 900 储物柜（滑动式）,储物柜,品牌03,900,滑动式,白色,8*1*1,2,AX69D,克里斯,收货,上架
NoScA5doWh,白色 品牌17 五号纸 笔记本（点阵）,笔记本,品牌17,五号纸,点阵,白色,48*10*5,855,AV47D,简,收货,上架
CuQE12FiBe,米色 品牌01 1200 储物柜（文件收纳）,储物柜,品牌01,1200,文件收纳,米色,8*1*1,8,DZ33F,克里斯,收货,上架
CaQE12SlBl,黑色 品牌01 1200 文件柜（滑动式）,文件柜,品牌01,1200,滑动式,黑色,8*1*1,6,CN18A,艾米,收货,上架
LaOv1532Bl,黑色 品牌13 15英寸 笔记本电脑（32吉字节内存）,笔记本电脑,品牌13,15英寸,32吉字节内存,黑色,16*1*1,12,CL03A,劳拉,收货,上架
KeSu27BlPi,粉色 品牌11 270 键盘（蓝牙）,键盘,品牌11,270,蓝牙,粉色,16*10*1,99,CS68G,劳拉,收货,上架
CaWE90LoGr,灰色 品牌02 900 文件柜（储物锁柜）,文件柜,品牌02,900,储物锁柜,灰色,8*1*1,4,BL49A,劳拉,收货,上架
LaRe178GSi,银色 品牌14 17英寸 笔记本电脑（8吉字节内存）,笔记本电脑,品牌14,17英寸,8吉字节内存,银色,16*1*1,15,DZ14F,莎拉,收货,上架
SPNa12HeGr,灰色 品牌23 12 触控笔（六角形）,触控笔,品牌23,12,六角形,灰色,48*10*5,2311,DZ49D,艾米丽,收货,上架
TVGn50FHSi,银色 品牌30 50英寸 电视机（全高清）,电视机,品牌30,50英寸,全高清,银色,8*1*1,3,BH48E,劳拉,收货,上架
CuRG12SlBl,黑色 品牌03 1200 储物柜（滑动式）,储物柜,品牌03,1200,滑动式,黑色,8*1*1,6,DM12E,亚历克斯,收货,上架
LaRe17i7Gr,灰色 品牌14 17英寸 笔记本电脑（第7代处理器）,笔记本电脑,品牌14,17英寸,第7代处理器,灰色,16*1*1,6,DJ60C,大卫,收货,上架
TaAE10AuWh,白色 品牌05 1000 桌子（自动调节）,桌子,品牌05,1000,自动调节,白色,8*1*1,6,AU41E,克里斯,收货,上架
MoSu27ErPi,粉色 品牌11 270 鼠标（人体工学）,鼠标,品牌11,270,人体工学,粉色,16*10*1,4,AN83A,迈克,收货,上架
PrPHA3InBl,黑色 品牌12 三号纸 打印机（喷墨）,打印机,品牌12,三号纸,喷墨,黑色,16*1*1,1,AS57C,劳拉,收货,上架
AlOv17i5Bl,黑色 品牌13 17英寸 一体机（第5代处理器）,一体机,品牌13,17英寸,第5代处理器,黑色,16*1*1,3,BH63E,大卫,收货,上架
SPRe12WaBl,黑色 品牌22 12 触控笔（水彩）,触控笔,品牌22,12,水彩,黑色,48*10*5,1950,AJ57E,艾米,收货,上架
PeAl24WaPi,粉色 品牌20 24 铅笔（水彩）,铅笔,品牌20,24,水彩,粉色,48*10*5,159,AT20G,约翰,收货,上架
LaSu15i7Bl,黑色 品牌11 15英寸 笔记本电脑（第7代处理器）,笔记本电脑,品牌11,15英寸,第7代处理器,黑色,16*1*1,5,DG90A,约翰,收货,上架
CuQE12SlBe,米色 品牌01 1200 储物柜（滑动式）,储物柜,品牌01,1200,滑动式,米色,8*1*1,5,AV73B,克里斯,收货,上架
DrWE90LoGr,灰色 品牌02 900 抽屉柜（储物锁柜）,抽屉柜,品牌02,900,储物锁柜,灰色,8*1*1,2,BN47D,艾米丽,收货,上架
KePH45MePi,粉色 品牌12 450 键盘（机械式）,键盘,品牌12,450,机械式,粉色,16*10*1,23,AM77D,迈克,收货,上架
TVGL324KBl,黑色 品牌31 32英寸 电视机（超高清）,电视机,品牌31,32英寸,超高清,黑色,8*1*1,7,BV05F,亚历克斯,收货,上架
DrRG18DoWh,白色 品牌03 1800 抽屉柜（带门式）,抽屉柜,品牌03,1800,带门式,白色,8*1*1,7,DN42H,大卫,收货,上架
LaRe14i5Bl,黑色 品牌14 14英寸 笔记本电脑（第5代处理器）,笔记本电脑,品牌14,14英寸,第5代处理器,黑色,16*1*1,7,CH66E,迈克,收货,上架
OfSEMAdPi,粉色 品牌08 中号 办公椅（可调节）,办公椅,品牌08,中号,可调节,粉色,16*1*1,3,BN98E,艾米丽,收货,上架
OfSESLePi,粉色 品牌08 小号 办公椅（皮革）,办公椅,品牌08,小号,皮革,粉色,16*1*1,7,AZ77A,简,收货,上架
AlYn15i5Gr,灰色 品牌15 15英寸 一体机（第5代处理器）,一体机,品牌15,15英寸,第5代处理器,灰色,16*1*1,15,DW74E,大卫,收货,上架
GaOGMAdGr,灰色 品牌07 中号 游戏椅（可调节）,游戏椅,品牌07,中号,可调节,灰色,16*1*1,16,DK84B,简,收货,上架
DrRG12DoGr,灰色 品牌03 1200 抽屉柜（带门式）,抽屉柜,品牌03,1200,带门式,灰色,8*1*1,6,BF29B,艾米丽,收货,上架
OfAEMHePi,粉色 品牌05 中号 办公椅（头枕）,办公椅,品牌05,中号,头枕,粉色,16*1*1,4,CO04A,艾米丽,收货,上架
CaQE12FiBl,黑色 品牌01 1200 文件柜（文件收纳）,文件柜,品牌01,1200,文件收纳,黑色,8*1*1,5,AY35F,艾米,收货,上架
PrReA4LaMi,混合色 品牌24 四号纸 打印机（激光）,打印机,品牌24,四号纸,激光,混合色,16*1*1,1,CY03C,艾米丽,收货,上架
TVGn65FHSi,银色 品牌30 65英寸 电视机（全高清）,电视机,品牌30,65英寸,全高清,银色,8*1*1,2,CO29F,莎拉,收货,上架
CaWE90LoBe,米色 品牌02 900 文件柜（储物锁柜）,文件柜,品牌02,900,储物锁柜,米色,8*1*1,8,BT69H,克里斯,收货,上架
TVGn50FHWh,白色 品牌30 50英寸 电视机（全高清）,电视机,品牌30,50英寸,全高清,白色,8*1*1,8,BH70C,艾米,收货,上架
SPNa12SoBl,黑色 品牌23 12 触控笔（可溶性）,触控笔,品牌23,12,可溶性,黑色,48*10*5,1435,AU39G,约翰,收货,上架
LaRe1716Wh,白色 品牌14 17英寸 笔记本电脑（16吉字节内存）,笔记本电脑,品牌14,17英寸,16吉字节内存,白色,16*1*1,12,DG80D,劳拉,收货,上架
NoMuA5doGr,灰色 品牌19 五号纸 笔记本（点阵）,笔记本,品牌19,五号纸,点阵,灰色,48*10*5,1801,AV52H,艾米丽,收货,上架
CuTE18FiWh,白色 品牌04 1800 储物柜（文件收纳）,储物柜,品牌04,1800,文件收纳,白色,8*1*1,6,BV76H,艾米丽,收货,上架
TVEs754KBl,黑色 品牌32 75英寸 电视机（超高清）,电视机,品牌32,75英寸,超高清,黑色,8*1*1,1,AL21H,约翰,收货,上架
SPGi24HeWh,白色 品牌21 24 触控笔（六角形）,触控笔,品牌21,24,六角形,白色,48*10*5,1452,DN12B,约翰,收货,上架
LaSu1532Si,银色 品牌11 15英寸 笔记本电脑（32吉字节内存）,笔记本电脑,品牌11,15英寸,32吉字节内存,银色,16*1*1,2,CM33E,简,收货,上架
CuQE12FiBe,米色 品牌01 1200 储物柜（文件收纳）,储物柜,品牌01,1200,文件收纳,米色,8*1*1,7,AP19A,简,收货,上架
LaOv1516Si,银色 品牌13 15英寸 笔记本电脑（16吉字节内存）,笔记本电脑,品牌13,15英寸,16吉字节内存,银色,16*1*1,16,BI26B,克里斯,收货,上架
OfSEMLeBl,黑色 品牌08 中号 办公椅（皮革）,办公椅,品牌08,中号,皮革,黑色,16*1*1,9,CQ84F,艾米,收货,上架
OfSELLePi,粉色 品牌08 大号 办公椅（皮革）,办公椅,品牌08,大号,皮革,粉色,16*1*1,2,AY25B,亚历克斯,收货,上架
LaOv1416Gr,灰色 品牌13 14英寸 笔记本电脑（16吉字节内存）,笔记本电脑,品牌13,14英寸,16吉字节内存,灰色,16*1*1,5,AZ98A,艾米,收货,上架
TVEs32SFSi,银色 品牌32 32英寸 电视机（超级全高清）,电视机,品牌32,32英寸,超级全高清,银色,8*1*1,8,CT04A,大卫,收货,上架
CaTE12DoWh,白色 品牌04 1200 文件柜（带门式）,文件柜,品牌04,1200,带门式,白色,8*1*1,5,CW51C,艾米丽,收货,上架
CuTE18FiBl,黑色 品牌04 1800 储物柜（文件收纳）,储物柜,品牌04,1800,文件收纳,黑色,8*1*1,6,BH95G,亚历克斯,收货,上架
MoPH45MeWh,白色 品牌12 450 鼠标（机械式）,鼠标,品牌12,450,机械式,白色,16*10*1,39,AG13C,简,收货,上架
LaOv158GSi,银色 品牌13 15英寸 笔记本电脑（8吉字节内存）,笔记本电脑,品牌13,15英寸,8吉字节内存,银色,16*1*1,9,BF29A,莎拉,收货,上架
LaSu148GSi,银色 品牌11 14英寸 笔记本电脑（8吉字节内存）,笔记本电脑,品牌11,14英寸,8吉字节内存,银色,16*1*1,13,BM45D,亚历克斯,收货,上架
TVEs50FHGr,灰色 品牌32 50英寸 电视机（全高清）,电视机,品牌32,50英寸,全高清,灰色,8*1*1,6,AH90C,简,收货,上架
AlSu1532Wh,白色 品牌11 15英寸 一体机（32吉字节内存）,一体机,品牌11,15英寸,32吉字节内存,白色,16*1*1,1,DY88B,艾米,收货,上架
GaAESLeBl,黑色 品牌05 小号 游戏椅（皮革）,游戏椅,品牌05,小号,皮革,黑色,16*1*1,8,AL78C,简,收货,上架
PrReA2LaMi,混合色 品牌24 二号纸 打印机（激光）,打印机,品牌24,二号纸,激光,混合色,16*1*1,9,CV55B,约翰,收货,上架
OfSEMAdGr,灰色 品牌08 中号 办公椅（可调节）,办公椅,品牌08,中号,可调节,灰色,16*1*1,8,CF11G,简,收货,上架
AlPH1432Wh,白色 品牌12 14英寸 一体机（32吉字节内存）,一体机,品牌12,14英寸,32吉字节内存,白色,16*1*1,4,BY14A,艾米,收货,上架
LaSu1532Bl,黑色 品牌11 15英寸 笔记本电脑（32吉字节内存）,笔记本电脑,品牌11,15英寸,32吉字节内存,黑色,16*1*1,12,BR07E,艾米丽,收货,上架
LaOv148GWh,白色 品牌13 14英寸 笔记本电脑（8吉字节内存）,笔记本电脑,品牌13,14英寸,8吉字节内存,白色,16*1*1,15,DK39C,莎拉,收货,上架
AlRe1732Bl,黑色 品牌14 17英寸 一体机（32吉字节内存）,一体机,品牌14,17英寸,32吉字节内存,黑色,16*1*1,8,CN61G,克里斯,收货,上架
TVGn32SFGr,灰色 品牌30 32英寸 电视机（超级全高清）,电视机,品牌30,32英寸,超级全高清,灰色,8*1*1,2,BK65B,大卫,收货,上架
CaTE90SlBe,米色 品牌04 900 文件柜（滑动式）,文件柜,品牌04,900,滑动式,米色,8*1*1,8,DL20E,约翰,收货,上架
TVGL75S4Wh,白色 品牌31 75英寸 电视机（超级超高清）,电视机,品牌31,75英寸,超级超高清,白色,8*1*1,6,CT73F,约翰,收货,上架
SPAl24SoBl,黑色 品牌20 24 触控笔（可溶性）,触控笔,品牌20,24,可溶性,黑色,48*10*5,20,CT52G,迈克,收货,上架
DrRG18LoBl,黑色 品牌03 1800 抽屉柜（储物锁柜）,抽屉柜,品牌03,1800,储物锁柜,黑色,8*1*1,5,AR85B,大卫,收货,上架
CaWE18DoBe,米色 品牌02 1800 文件柜（带门式）,文件柜,品牌02,1800,带门式,米色,8*1*1,1,CT80C,简,收货,上架
GaXELHeGr,灰色 品牌06 大号 游戏椅（头枕）,游戏椅,品牌06,大号,头枕,灰色,16*1*1,6,DS45H,莎拉,收货,上架
SPGi12SoPi,粉色 品牌21 12 触控笔（可溶性）,触控笔,品牌21,12,可溶性,粉色,48*10*5,2059,DW45C,大卫,收货,上架
OfXEMAdBl,黑色 品牌06 中号 办公椅（可调节）,办公椅,品牌06,中号,可调节,黑色,16*1*1,7,BV71H,迈克,收货,上架
DrQE18DoBl,黑色 品牌01 1800 抽屉柜（带门式）,抽屉柜,品牌01,1800,带门式,黑色,8*1*1,8,AS30G,亚历克斯,收货,上架
NoGrA4liBl,黑色 品牌18 四号纸 笔记本（线条）,笔记本,品牌18,四号纸,线条,黑色,48*10*5,1324,AO02E,艾米丽,收货,上架
AlSu1732Gr,灰色 品牌11 17英寸 一体机（32吉字节内存）,一体机,品牌11,17英寸,32吉字节内存,灰色,16*1*1,12,BI52D,克里斯,收货,上架
TVGn75FHGr,灰色 品牌30 75英寸 电视机（全高清）,电视机,品牌30,75英寸,全高清,灰色,8*1*1,5,CQ98F,约翰,收货,上架
PrPHA4AlGr,灰色 品牌12 四号纸 打印机（一体式）,打印机,品牌12,四号纸,一体式,灰色,16*1*1,7,AY34E,艾米,收货,上架
PeNa24SoWh,白色 品牌23 24 铅笔（可溶性）,铅笔,品牌23,24,可溶性,白色,48*10*5,363,DO27C,艾米,收货,上架
TaCI10AdWh,白色 品牌27 1000 桌子（可调节）,桌子,品牌27,1000,可调节,白色,8*1*1,6,DS32E,克里斯,收货,上架
GaAELHePi,粉色 品牌05 大号 游戏椅（头枕）,游戏椅,品牌05,大号,头枕,粉色,16*1*1,3,AR79E,艾米,收货,上架
DrRG18SlBe,米色 品牌03 1800 抽屉柜（滑动式）,抽屉柜,品牌03,1800,滑动式,米色,8*1*1,6,CR12G,艾米,收货,上架
AlSu148GGr,灰色 品牌11 14英寸 一体机（8吉字节内存）,一体机,品牌11,14英寸,8吉字节内存,灰色,16*1*1,12,CJ07D,艾米丽,收货,上架
OfSESAdWh,白色 品牌08 小号 办公椅（可调节）,办公椅,品牌08,小号,可调节,白色,16*1*1,16,DH88A,劳拉,收货,上架
OfOGMLeBl,黑色 品牌07 中号 办公椅（皮革）,办公椅,品牌07,中号,皮革,黑色,16*1*1,7,DK39E,约翰,收货,上架
CuQE90DoGr,灰色 品牌01 900 储物柜（带门式）,储物柜,品牌01,900,带门式,灰色,8*1*1,2,AZ15D,大卫,收货,上架
CuTE12LoBe,米色 品牌04 1200 储物柜（储物锁柜）,储物柜,品牌04,1200,储物锁柜,米色,8*1*1,3,CF52G,简,收货,上架
NoScA5doGr,灰色 品牌17 五号纸 笔记本（点阵）,笔记本,品牌17,五号纸,点阵,灰色,48*10*5,178,DK09A,劳拉,收货,上架
PeRe24WaGr,灰色 品牌22 24 铅笔（水彩）,铅笔,品牌22,24,水彩,灰色,48*10*5,2239,AM28C,亚历克斯,收货,上架
CaTE90DoBl,黑色 品牌04 900 文件柜（带门式）,文件柜,品牌04,900,带门式,黑色,8*1*1,1,CN02F,劳拉,收货,上架
OfAELErBl,黑色 品牌05 大号 办公椅（人体工学）,办公椅,品牌05,大号,人体工学,黑色,16*1*1,15,AF57C,莎拉,收货,上架
PeGi50WaBl,黑色 品牌21 50 铅笔（水彩）,铅笔,品牌21,50,水彩,黑色,48*10*5,669,CH98F,约翰,收货,上架
CaWE90DoWh,白色 品牌02 900 文件柜（带门式）,文件柜,品牌02,900,带门式,白色,8*1*1,6,AI75E,大卫,收货,上架
TVEs50FHWh,白色 品牌32 50英寸 电视机（全高清）,电视机,品牌32,50英寸,全高清,白色,8*1*1,4,AF13B,莎拉,收货,上架
OfSELHePi,粉色 品牌08 大号 办公椅（头枕）,办公椅,品牌08,大号,头枕,粉色,16*1*1,8,DM87E,大卫,收货,上架
AlOv15i5Si,银色 品牌13 15英寸 一体机（第5代处理器）,一体机,品牌13,15英寸,第5代处理器,银色,16*1*1,12,BX37C,莎拉,收货,上架
CaTE12LoWh,白色 品牌04 1200 文件柜（储物锁柜）,文件柜,品牌04,1200,储物锁柜,白色,8*1*1,3,DZ85G,艾米丽,收货,上架
PeNa50HeWh,白色 品牌23 50 铅笔（六角形）,铅笔,品牌23,50,六角形,白色,48*10*5,1216,CL76A,克里斯,收货,上架
DrWE18FiBe,米色 品牌02 1800 抽屉柜（文件收纳）,抽屉柜,品牌02,1800,文件收纳,米色,8*1*1,4,BM93C,克里斯,收货,上架
LaOv1416Bl,黑色 品牌13 14英寸 笔记本电脑（16吉字节内存）,笔记本电脑,品牌13,14英寸,16吉字节内存,黑色,16*1*1,2,BU60H,莎拉,收货,上架
TVGn50S4Wh,白色 品牌30 50英寸 电视机（超级超高清）,电视机,品牌30,50英寸,超级超高清,白色,8*1*1,8,BV77D,劳拉,收货,上架
SPNa24WaWh,白色 品牌23 24 触控笔（水彩）,触控笔,品牌23,24,水彩,白色,48*10*5,598,BP58C,迈克,收货,上架
PrReA2WiBl,黑色 品牌24 二号纸 打印机（无线网络）,打印机,品牌24,二号纸,无线网络,黑色,16*1*1,1,DR68C,约翰,收货,上架
LaYn14i7Si,银色 品牌15 14英寸 笔记本电脑（第7代处理器）,笔记本电脑,品牌15,14英寸,第7代处理器,银色,16*1*1,8,BS22F,克里斯,收货,上架
AlPH158GWh,白色 品牌12 15英寸 一体机（8吉字节内存）,一体机,品牌12,15英寸,8吉字节内存,白色,16*1*1,1,CG59G,莎拉,收货,上架
OfSELErGr,灰色 品牌08 大号 办公椅（人体工学）,办公椅,品牌08,大号,人体工学,灰色,16*1*1,8,BO17H,艾米丽,收货,上架
KePH35BlNa,藏青色 品牌12 350 键盘（蓝牙）,键盘,品牌12,350,蓝牙,藏青色,16*10*1,19,DT37C,大卫,收货,上架
CaWE90DoGr,灰色 品牌02 900 文件柜（带门式）,文件柜,品牌02,900,带门式,灰色,8*1*1,5,DK49E,迈克,收货,上架
GaOGMAdPi,粉色 品牌07 中号 游戏椅（可调节）,游戏椅,品牌07,中号,可调节,粉色,16*1*1,2,DH59H,约翰,收货,上架
CaWE12SlWh,白色 品牌02 1200 文件柜（滑动式）,文件柜,品牌02,1200,滑动式,白色,8*1*1,3,AU46A,迈克,收货,上架
OfXELHeBl,黑色 品牌06 大号 办公椅（头枕）,办公椅,品牌06,大号,头枕,黑色,16*1*1,14,AZ81B,迈克,收货,上架
CuTE18DoBl,黑色 品牌04 1800 储物柜（带门式）,储物柜,品牌04,1800,带门式,黑色,8*1*1,1,DV88F,劳拉,收货,上架
CaQE18SlWh,白色 品牌01 1800 文件柜（滑动式）,文件柜,品牌01,1800,滑动式,白色,8*1*1,1,BR47B,劳拉,收货,上架
AlPH1516Wh,白色 品牌12 15英寸 一体机（16吉字节内存）,一体机,品牌12,15英寸,16吉字节内存,白色,16*1*1,1,BV67D,大卫,收货,上架
TVYn324KWh,白色 品牌15 32英寸 电视机（超高清）,电视机,品牌15,32英寸,超高清,白色,8*1*1,1,DY19E,艾米,收货,上架
AlSu1432Wh,白色 品牌11 14英寸 一体机（32吉字节内存）,一体机,品牌11,14英寸,32吉字节内存,白色,16*1*1,7,CI68F,克里斯,收货,上架
GaSESErGr,灰色 品牌08 小号 游戏椅（人体工学）,游戏椅,品牌08,小号,人体工学,灰色,16*1*1,4,AY10F,亚历克斯,收货,上架
TaAE10AuSi,银色 品牌05 1000 桌子（自动调节）,桌子,品牌05,1000,自动调节,银色,8*1*1,5,AF15F,亚历克斯,收货,上架
TaTR10AuSi,银色 品牌28 1000 桌子（自动调节）,桌子,品牌28,1000,自动调节,银色,8*1*1,6,CK18E,艾米,收货,上架
SPNa12WaWh,白色 品牌23 12 触控笔（水彩）,触控笔,品牌23,12,水彩,白色,48*10*5,375,AX54C,亚历克斯,收货,上架
LaPH1732Bl,黑色 品牌12 17英寸 笔记本电脑（32吉字节内存）,笔记本电脑,品牌12,17英寸,32吉字节内存,黑色,16*1*1,10,BY60C,克里斯,收货,上架
AlRe15i5Bl,黑色 品牌14 15英寸 一体机（第5代处理器）,一体机,品牌14,15英寸,第5代处理器,黑色,16*1*1,14,CW46A,艾米丽,收货,上架
NoGrA3liSi,银色 品牌18 三号纸 笔记本（线条）,笔记本,品牌18,三号纸,线条,银色,48*10*5,1071,DV07D,克里斯,收货,上架
TaTR15AuGr,灰色 品牌28 1500 桌子（自动调节）,桌子,品牌28,1500,自动调节,灰色,8*1*1,4,AO17C,亚历克斯,收货,上架
TVYn75SFWh,白色 品牌15 75英寸 电视机（超级全高清）,电视机,品牌15,75英寸,超级全高清,白色,8*1*1,5,CN17D,劳拉,收货,上架
TVYn424KSi,银色 品牌15 42英寸 电视机（超高清）,电视机,品牌15,42英寸,超高清,银色,8*1*1,1,CX62D,亚历克斯,收货,上架
PrReA4MoGr,灰色 品牌24 四号纸 打印机（黑白）,打印机,品牌24,四号纸,黑白,灰色,16*1*1,13,DV98F,迈克,收货,上架
GaSESAdWh,白色 品牌08 小号 游戏椅（可调节）,游戏椅,品牌08,小号,可调节,白色,16*1*1,3,DW82B,莎拉,收货,上架
PrSoA3MoGr,灰色 品牌25 三号纸 打印机（黑白）,打印机,品牌25,三号纸,黑白,灰色,16*1*1,9,DK38D,约翰,收货,上架
AlPH1716Wh,白色 品牌12 17英寸 一体机（16吉字节内存）,一体机,品牌12,17英寸,16吉字节内存,白色,16*1*1,4,CR81D,莎拉,收货,上架
OfSELErGr,灰色 品牌08 大号 办公椅（人体工学）,办公椅,品牌08,大号,人体工学,灰色,16*1*1,1,CK41B,大卫,收货,上架
AlSu14i7Si,银色 品牌11 14英寸 一体机（第7代处理器）,一体机,品牌11,14英寸,第7代处理器,银色,16*1*1,11,AH67G,简,收货,上架
GaXELErBl,黑色 品牌06 大号 游戏椅（人体工学）,游戏椅,品牌06,大号,人体工学,黑色,16*1*1,4,BP57F,莎拉,收货,上架
NoMuA5doSi,银色 品牌19 五号纸 笔记本（点阵）,笔记本,品牌19,五号纸,点阵,银色,48*10*5,607,BM84F,艾米,收货,上架
TaCI18WoSi,银色 品牌27 1800 桌子（工作站）,桌子,品牌27,1800,工作站,银色,8*1*1,1,DY38D,简,收货,上架
TVEs424KWh,白色 品牌32 42英寸 电视机（超高清）,电视机,品牌32,42英寸,超高清,白色,8*1*1,8,BW96F,简,收货,上架
CuTE12DoBe,米色 品牌04 1200 储物柜（带门式）,储物柜,品牌04,1200,带门式,米色,8*1*1,2,DN16H,劳拉,收货,上架
KePH45BlPi,粉色 品牌12 450 键盘（蓝牙）,键盘,品牌12,450,蓝牙,粉色,16*10*1,25,BN10E,艾米丽,收货,上架
LaYn15i7Si,银色 品牌15 15英寸 笔记本电脑（第7代处理器）,笔记本电脑,品牌15,15英寸,第7代处理器,银色,16*1*1,11,BF92F,劳拉,收货,上架
LaYn158GGr,灰色 品牌15 15英寸 笔记本电脑（8吉字节内存）,笔记本电脑,品牌15,15英寸,8吉字节内存,灰色,16*1*1,6,AW86G,莎拉,收货,上架
TaCI15AuSi,银色 品牌27 1500 桌子（自动调节）,桌子,品牌27,1500,自动调节,银色,8*1*1,5,DX62H,亚历克斯,收货,上架
SPRe50SoPi,粉色 品牌22 50 触控笔（可溶性）,触控笔,品牌22,50,可溶性,粉色,48*10*5,1116,CV58D,艾米,收货,上架
MoRe45WiBl,黑色 品牌10 450 鼠标（有线）,鼠标,品牌10,450,有线,黑色,16*10*1,37,BW24B,莎拉,收货,上架
NoMuA5ruGr,灰色 品牌19 五号纸 笔记本（横线）,笔记本,品牌19,五号纸,横线,灰色,48*10*5,545,BS23C,艾米,收货,上架
AlSu1432Bl,黑色 品牌11 14英寸 一体机（32吉字节内存）,一体机,品牌11,14英寸,32吉字节内存,黑色,16*1*1,12,BY64F,艾米丽,收货,上架
NoGrA3ruGr,灰色 品牌18 三号纸 笔记本（横线）,笔记本,品牌18,三号纸,横线,灰色,48*10*5,2146,CS38G,亚历克斯,收货,上架
PrPHA2LaWh,白色 品牌12 二号纸 打印机（激光）,打印机,品牌12,二号纸,激光,白色,16*1*1,6,CJ87D,艾米丽,收货,上架
PrSoA2MoWh,白色 品牌25 二号纸 打印机（黑白）,打印机,品牌25,二号纸,黑白,白色,16*1*1,9,CM68A,艾米,收货,上架
LaSu1732Bl,黑色 品牌11 17英寸 笔记本电脑（32吉字节内存）,笔记本电脑,品牌11,17英寸,32吉字节内存,黑色,16*1*1,7,CG62A,莎拉,收货,上架
MoHc35BlNa,藏青色 品牌09 350 鼠标（蓝牙）,鼠标,品牌09,350,蓝牙,藏青色,16*10*1,141,BU93G,亚历克斯,收货,上架
CuQE90DoBe,米色 品牌01 900 储物柜（带门式）,储物柜,品牌01,900,带门式,米色,8*1*1,7,BH20A,克里斯,收货,上架
TVGn324KBl,黑色 品牌30 32英寸 电视机（超高清）,电视机,品牌30,32英寸,超高清,黑色,8*1*1,5,CG29B,劳拉,收货,上架
LaRe1716Wh,白色 品牌14 17英寸 笔记本电脑（16吉字节内存）,笔记本电脑,品牌14,17英寸,16吉字节内存,白色,16*1*1,2,CW01H,简,收货,上架
TVGn65FHBl,黑色 品牌30 65英寸 电视机（全高清）,电视机,品牌30,65英寸,全高清,黑色,8*1*1,5,AF56F,劳拉,收货,上架
AlSu14i7Wh,白色 品牌11 14英寸 一体机（第7代处理器）,一体机,品牌11,14英寸,第7代处理器,白色,16*1*1,8,CM05H,大卫,收货,上架
TaTR15AdWh,白色 品牌29 1500 桌子（可调节）,桌子,品牌29,1500,可调节,白色,8*1*1,6,BP62C,莎拉,收货,上架
OfOGSHePi,粉色 品牌07 小号 办公椅（头枕）,办公椅,品牌07,小号,头枕,粉色,16*1*1,4,BP93D,迈克,收货,上架
CuRG18LoBl,黑色 品牌03 1800 储物柜（储物锁柜）,储物柜,品牌03,1800,储物锁柜,黑色,8*1*1,5,AU08B,莎拉,收货,上架
AlPH15i5Gr,灰色 品牌12 15英寸 一体机（第5代处理器）,一体机,品牌12,15英寸,第5代处理器,灰色,16*1*1,8,CL30D,莎拉,收货,上架
DrTE18LoWh,白色 品牌04 1800 抽屉柜（储物锁柜）,抽屉柜,品牌04,1800,储物锁柜,白色,8*1*1,6,BP61H,艾米丽,收货,上架
PeNa24WaBl,黑色 品牌23 24 铅笔（水彩）,铅笔,品牌23,24,水彩,黑色,48*10*5,2215,AK64A,克里斯,收货,上架
MoRe45BlPi,粉色 品牌10 450 鼠标（蓝牙）,鼠标,品牌10,450,蓝牙,粉色,16*10*1,58,BN94B,简,收货,上架
CuWE18FiWh,白色 品牌02 1800 储物柜（文件收纳）,储物柜,品牌02,1800,文件收纳,白色,8*1*1,6,CS64E,劳拉,收货,上架
PrSoA3LaWh,白色 品牌25 三号纸 打印机（激光）,打印机,品牌25,三号纸,激光,白色,16*1*1,12,AJ76A,简,收货,上架
PrSoA3LaGr,灰色 品牌25 三号纸 打印机（激光）,打印机,品牌25,三号纸,激光,灰色,16*1*1,12,DL06B,简,收货,上架
TVGn65FHWh,白色 品牌30 65英寸 电视机（全高清）,电视机,品牌30,65英寸,全高清,白色,8*1*1,5,DQ56E,克里斯,收货,上架
PrPHA4AlMi,混合色 品牌12 四号纸 打印机（一体式）,打印机,品牌12,四号纸,一体式,混合色,16*1*1,5,DJ34A,劳拉,收货,上架
PrReA4LaMi,混合色 品牌24 四号纸 打印机（激光）,打印机,品牌24,四号纸,激光,混合色,16*1*1,13,BO39F,劳拉,收货,上架
TVGn42FHBl,黑色 品牌30 42英寸 电视机（全高清）,电视机,品牌30,42英寸,全高清,黑色,8*1*1,3,AX87B,亚历克斯,收货,上架
KeSu27ErWh,白色 品牌11 270 键盘（人体工学）,键盘,品牌11,270,人体工学,白色,16*10*1,106,CN02D,劳拉,收货,上架
TaTR10WoGr,灰色 品牌28 1000 桌子（工作站）,桌子,品牌28,1000,工作站,灰色,8*1*1,7,DV86E,大卫,收货,上架
PeNa50WaPi,粉色 品牌23 50 铅笔（水彩）,铅笔,品牌23,50,水彩,粉色,48*10*5,1532,DN15G,莎拉,收货,上架
CaQE12DoWh,白色 品牌01 1200 文件柜（带门式）,文件柜,品牌01,1200,带门式,白色,8*1*1,3,CZ84G,艾米丽,收货,上架
TVGn42SFBl,黑色 品牌30 42英寸 电视机（超级全高清）,电视机,品牌30,42英寸,超级全高清,黑色,8*1*1,4,DG92F,艾米丽,收货,上架
TVGn75S4Si,银色 品牌30 75英寸 电视机（超级超高清）,电视机,品牌30,75英寸,超级超高清,银色,8*1*1,4,BI75B,亚历克斯,收货,上架
MoPH27ErBl,黑色 品牌12 270 鼠标（人体工学）,鼠标,品牌12,270,人体工学,黑色,16*10*1,119,CK54G,大卫,收货,上架
TVGn424KSi,银色 品牌30 42英寸 电视机（超高清）,电视机,品牌30,42英寸,超高清,银色,8*1*1,7,BU02G,克里斯,收货,上架
LaYn15i7Wh,白色 品牌15 15英寸 笔记本电脑（第7代处理器）,笔记本电脑,品牌15,15英寸,第7代处理器,白色,16*1*1,13,AW62A,大卫,收货,上架
CaRG18SlGr,灰色 品牌03 1800 文件柜（滑动式）,文件柜,品牌03,1800,滑动式,灰色,8*1*1,2,AS75A,约翰,收货,上架
MoHc45ErWh,白色 品牌09 450 鼠标（人体工学）,鼠标,品牌09,450,人体工学,白色,16*10*1,13,DQ56G,亚历克斯,收货,上架
LaPH1516Gr,灰色 品牌12 15英寸 笔记本电脑（16吉字节内存）,笔记本电脑,品牌12,15英寸,16吉字节内存,灰色,16*1*1,5,AO81G,简,收货,上架
LaRe158GGr,灰色 品牌14 15英寸 笔记本电脑（8吉字节内存）,笔记本电脑,品牌14,15英寸,8吉字节内存,灰色,16*1*1,11,DN03E,莎拉,收货,上架
GaSESLeBl,黑色 品牌08 小号 游戏椅（皮革）,游戏椅,品牌08,小号,皮革,黑色,16*1*1,11,AZ34C,艾米丽,收货,上架
MoRe27ErWh,白色 品牌10 270 鼠标（人体工学）,鼠标,品牌10,270,人体工学,白色,16*10*1,72,AF58E,劳拉,收货,上架
PrReA3AlBl,黑色 品牌24 三号纸 打印机（一体式）,打印机,品牌24,三号纸,一体式,黑色,16*1*1,10,BW76G,艾米,收货,上架
GaXELAdWh,白色 品牌06 大号 游戏椅（可调节）,游戏椅,品牌06,大号,可调节,白色,16*1*1,7,AK17E,简,收货,上架
PrNoA3AlGr,灰色 品牌26 三号纸 打印机（一体式）,打印机,品牌26,三号纸,一体式,灰色,16*1*1,1,BY89H,简,收货,上架
AlOv15i7Gr,灰色 品牌13 15英寸 一体机（第7代处理器）,一体机,品牌13,15英寸,第7代处理器,灰色,16*1*1,16,CR56D,艾米,收货,上架
SPAl50HeWh,白色 品牌20 50 触控笔（六角形）,触控笔,品牌20,50,六角形,白色,48*10*5,698,DQ27G,亚历克斯,收货,上架
TVYn65SFGr,灰色 品牌15 65英寸 电视机（超级全高清）,电视机,品牌15,65英寸,超级全高清,灰色,8*1*1,2,BQ68A,迈克,收货,上架
KeSu27WiNa,藏青色 品牌11 270 键盘（有线）,键盘,品牌11,270,有线,藏青色,16*10*1,26,BP26D,克里斯,收货,上架
AlSu15i5Si,银色 品牌11 15英寸 一体机（第5代处理器）,一体机,品牌11,15英寸,第5代处理器,银色,16*1*1,12,CU35C,简,收货,上架
CaRG12SlBl,黑色 品牌03 1200 文件柜（滑动式）,文件柜,品牌03,1200,滑动式,黑色,8*1*1,4,BP94C,迈克,收货,上架
TVEs42S4Gr,灰色 品牌32 42英寸 电视机（超级超高清）,电视机,品牌32,42英寸,超级超高清,灰色,8*1*1,7,CH06E,简,收货,上架
MoPH35BlWh,白色 品牌12 350 鼠标（蓝牙）,鼠标,品牌12,350,蓝牙,白色,16*10*1,16,CJ01F,亚历克斯,收货,上架
LaSu1732Gr,灰色 品牌11 17英寸 笔记本电脑（32吉字节内存）,笔记本电脑,品牌11,17英寸,32吉字节内存,灰色,16*1*1,2,AG43H,约翰,收货,上架
LaPH178GBl,黑色 品牌12 17英寸 笔记本电脑（8吉字节内存）,笔记本电脑,品牌12,17英寸,8吉字节内存,黑色,16*1*1,8,AP45B,艾米,收货,上架
LaOv17i7Si,银色 品牌13 17英寸 笔记本电脑（第7代处理器）,笔记本电脑,品牌13,17英寸,第7代处理器,银色,16*1*1,5,DI69G,克里斯,收货,上架
PrNoA4InWh,白色 品牌26 四号纸 打印机（喷墨）,打印机,品牌26,四号纸,喷墨,白色,16*1*1,9,CZ19D,亚历克斯,收货,上架
AlYn15i7Gr,灰色 品牌15 15英寸 一体机（第7代处理器）,一体机,品牌15,15英寸,第7代处理器,灰色,16*1*1,5,CL90H,克里斯,收货,上架
GaXELAdPi,粉色 品牌06 大号 游戏椅（可调节）,游戏椅,品牌06,大号,可调节,粉色,16*1*1,3,AS12F,艾米丽,收货,上架
DrQE12LoBe,米色 品牌01 1200 抽屉柜（储物锁柜）,抽屉柜,品牌01,1200,储物锁柜,米色,8*1*1,6,DO05F,约翰,收货,上架
KeSu27ErWh,白色 品牌11 270 键盘（人体工学）,键盘,品牌11,270,人体工学,白色,16*10*1,38,BR87D,约翰,收货,上架
MoRe35MeNa,藏青色 品牌10 350 鼠标（机械式）,鼠标,品牌10,350,机械式,藏青色,16*10*1,47,CJ67H,大卫,收货,上架
DrWE12SlWh,白色 品牌02 1200 抽屉柜（滑动式）,抽屉柜,品牌02,1200,滑动式,白色,8*1*1,3,DF23E,约翰,收货,上架
PeRe12SoBl,黑色 品牌22 12 铅笔（可溶性）,铅笔,品牌22,12,可溶性,黑色,48*10*5,542,DZ96A,亚历克斯,收货,上架
CuTE90SlWh,白色 品牌04 900 储物柜（滑动式）,储物柜,品牌04,900,滑动式,白色,8*1*1,2,CX37A,艾米丽,收货,上架
LaPH1716Gr,灰色 品牌12 17英寸 笔记本电脑（16吉字节内存）,笔记本电脑,品牌12,17英寸,16吉字节内存,灰色,16*1*1,8,CY12F,艾米,收货,上架
CuQE18DoBe,米色 品牌01 1800 储物柜（带门式）,储物柜,品牌01,1800,带门式,米色,8*1*1,3,CF02C,莎拉,收货,上架
MoSu35ErPi,粉色 品牌11 350 鼠标（人体工学）,鼠标,品牌11,350,人体工学,粉色,16*10*1,115,DR67F,克里斯,收货,上架
NoScA4doBl,黑色 品牌17 四号纸 笔记本（点阵）,笔记本,品牌17,四号纸,点阵,黑色,48*10*5,2054,CQ72B,莎拉,收货,上架
SPAl24SoGr,灰色 品牌20 24 触控笔（可溶性）,触控笔,品牌20,24,可溶性,灰色,48*10*5,1177,AT10G,艾米,收货,上架
TVGn42SFWh,白色 品牌30 42英寸 电视机（超级全高清）,电视机,品牌30,42英寸,超级全高清,白色,8*1*1,1,BL98C,约翰,收货,上架
PeGi50HePi,粉色 品牌21 50 铅笔（六角形）,铅笔,品牌21,50,六角形,粉色,48*10*5,1945,DH74A,约翰,收货,上架
MoHc27ErWh,白色 品牌09 270 鼠标（人体工学）,鼠标,品牌09,270,人体工学,白色,16*10*1,15,AZ16C,莎拉,收货,上架
TaAE10AdGr,灰色 品牌05 1000 桌子（可调节）,桌子,品牌05,1000,可调节,灰色,8*1*1,6,DO37G,大卫,收货,上架
GaXESHeWh,白色 品牌06 小号 游戏椅（头枕）,游戏椅,品牌06,小号,头枕,白色,16*1*1,5,BR73A,克里斯,收货,上架
AlSu158GBl,黑色 品牌11 15英寸 一体机（8吉字节内存）,一体机,品牌11,15英寸,8吉字节内存,黑色,16*1*1,10,AS42D,莎拉,收货,上架
DrTE18FiBe,米色 品牌04 1800 抽屉柜（文件收纳）,抽屉柜,品牌04,1800,文件收纳,米色,8*1*1,7,AO59E,克里斯,收货,上架
AlOv1516Wh,白色 品牌13 15英寸 一体机（16吉字节内存）,一体机,品牌13,15英寸,16吉字节内存,白色,16*1*1,9,AK38B,艾米,收货,上架
CaQE18LoBe,米色 品牌01 1800 文件柜（储物锁柜）,文件柜,品牌01,1800,储物锁柜,米色,8*1*1,1,BN46F,约翰,收货,上架
GaXELHeWh,白色 品牌06 大号 游戏椅（头枕）,游戏椅,品牌06,大号,头枕,白色,16*1*1,10,AL64G,莎拉,收货,上架
CaTE90LoBe,米色 品牌04 900 文件柜（储物锁柜）,文件柜,品牌04,900,储物锁柜,米色,8*1*1,8,CM38G,迈克,收货,上架
LaSu1732Bl,黑色 品牌11 17英寸 笔记本电脑（32吉字节内存）,笔记本电脑,品牌11,17英寸,32吉字节内存,黑色,16*1*1,12,DM19F,艾米丽,收货,上架
PrReA4MoBl,黑色 品牌24 四号纸 打印机（黑白）,打印机,品牌24,四号纸,黑白,黑色,16*1*1,12,AF56G,亚历克斯,收货,上架
SPRe12SoWh,白色 品牌22 12 触控笔（可溶性）,触控笔,品牌22,12,可溶性,白色,48*10*5,1047,AZ64F,迈克,收货,上架
TaCI18FrBl,黑色 品牌27 1800 桌子（框架式）,桌子,品牌27,1800,框架式,黑色,8*1*1,3,AR67B,约翰,收货,上架
TVYn754KBl,黑色 品牌15 75英寸 电视机（超高清）,电视机,品牌15,75英寸,超高清,黑色,8*1*1,2,AL78E,约翰,收货,上架
GaSEMLePi,粉色 品牌08 中号 游戏椅（皮革）,游戏椅,品牌08,中号,皮革,粉色,16*1*1,16,AL22G,艾米丽,收货,上架
TVEs32S4Gr,灰色 品牌32 32英寸 电视机（超级超高清）,电视机,品牌32,32英寸,超级超高清,灰色,8*1*1,1,DQ78E,艾米,收货,上架
MoRe35MeNa,藏青色 品牌10 350 鼠标（机械式）,鼠标,品牌10,350,机械式,藏青色,16*10*1,35,BR12A,迈克,收货,上架
NoMuA5ruBl,黑色 品牌19 五号纸 笔记本（横线）,笔记本,品牌19,五号纸,横线,黑色,48*10*5,546,CK42G,艾米,收货,上架
PrNoA3InWh,白色 品牌26 三号纸 打印机（喷墨）,打印机,品牌26,三号纸,喷墨,白色,16*1*1,3,BP48A,简,收货,上架
PrPHA2WiBl,黑色 品牌12 二号纸 打印机（无线网络）,打印机,品牌12,二号纸,无线网络,黑色,16*1*1,12,DS58G,莎拉,收货,上架
SPRe24WaWh,白色 品牌22 24 触控笔（水彩）,触控笔,品牌22,24,水彩,白色,48*10*5,1705,BJ88B,克里斯,收货,上架
NoExA5ruSi,银色 品牌16 五号纸 笔记本（横线）,笔记本,品牌16,五号纸,横线,银色,48*10*5,893,DI25H,克里斯,收货,上架
MoRe27ErNa,藏青色 品牌10 270 鼠标（人体工学）,鼠标,品牌10,270,人体工学,藏青色,16*10*1,45,CF98A,克里斯,收货,上架
NoScA5liBl,黑色 品牌17 五号纸 笔记本（线条）,笔记本,品牌17,五号纸,线条,黑色,48*10*5,645,BO40A,迈克,收货,上架
TVEs65SFGr,灰色 品牌32 65英寸 电视机（超级全高清）,电视机,品牌32,65英寸,超级全高清,灰色,8*1*1,8,CP01D,莎拉,收货,上架
KeHc35BlWh,白色 品牌09 350 键盘（蓝牙）,键盘,品牌09,350,蓝牙,白色,16*10*1,51,CS25A,艾米丽,收货,上架
MoPH45ErWh,白色 品牌12 450 鼠标（人体工学）,鼠标,品牌12,450,人体工学,白色,16*10*1,36,AU02H,大卫,收货,上架
KeSu27MePi,粉色 品牌11 270 键盘（机械式）,键盘,品牌11,270,机械式,粉色,16*10*1,61,CM50C,劳拉,收货,上架
NoScA4ruBl,黑色 品牌17 四号纸 笔记本（横线）,笔记本,品牌17,四号纸,横线,黑色,48*10*5,1349,BP36A,艾米,收货,上架
CaTE90LoGr,灰色 品牌04 900 文件柜（储物锁柜）,文件柜,品牌04,900,储物锁柜,灰色,8*1*1,7,DZ59H,简,收货,上架
TVGL75S4Bl,黑色 品牌31 75英寸 电视机（超级超高清）,电视机,品牌31,75英寸,超级超高清,黑色,8*1*1,7,BS92D,迈克,收货,上架
KeRe27WiBl,黑色 品牌10 270 键盘（有线）,键盘,品牌10,270,有线,黑色,16*10*1,40,AM19G,莎拉,收货,上架
TaCI18FrBl,黑色 品牌27 1800 桌子（框架式）,桌子,品牌27,1800,框架式,黑色,8*1*1,6,BY23G,艾米丽,收货,上架
DrRG18FiBe,米色 品牌03 1800 抽屉柜（文件收纳）,抽屉柜,品牌03,1800,文件收纳,米色,8*1*1,4,DR42D,大卫,收货,上架
TVYn754KWh,白色 品牌15 75英寸 电视机（超高清）,电视机,品牌15,75英寸,超高清,白色,8*1*1,4,BT74G,亚历克斯,收货,上架
TVGn75S4Si,银色 品牌30 75英寸 电视机（超级超高清）,电视机,品牌30,75英寸,超级超高清,银色,8*1*1,3,CW16A,迈克,收货,上架
AlSu14i7Bl,黑色 品牌11 14英寸 一体机（第7代处理器）,一体机,品牌11,14英寸,第7代处理器,黑色,16*1*1,2,AK87H,艾米丽,收货,上架
TVEs50SFWh,白色 品牌32 50英寸 电视机（超级全高清）,电视机,品牌32,50英寸,超级全高清,白色,8*1*1,4,AN15F,简,收货,上架
LaSu1416Wh,白色 品牌11 14英寸 笔记本电脑（16吉字节内存）,笔记本电脑,品牌11,14英寸,16吉字节内存,白色,16*1*1,13,CJ54G,劳拉,收货,上架
LaYn1732Gr,灰色 品牌15 17英寸 笔记本电脑（32吉字节内存）,笔记本电脑,品牌15,17英寸,32吉字节内存,灰色,16*1*1,2,CK91F,艾米丽,收货,上架
PeAl50HePi,粉色 品牌20 50 铅笔（六角形）,铅笔,品牌20,50,六角形,粉色,48*10*5,1350,DY13E,迈克,收货,上架
DrQE90LoBl,黑色 品牌01 900 抽屉柜（储物锁柜）,抽屉柜,品牌01,900,储物锁柜,黑色,8*1*1,4,DQ07G,亚历克斯,收货,上架
SPGi50SoBl,黑色 品牌21 50 触控笔（可溶性）,触控笔,品牌21,50,可溶性,黑色,48*10*5,1542,DX18H,艾米丽,收货,上架
OfAESHePi,粉色 品牌05 小号 办公椅（头枕）,办公椅,品牌05,小号,头枕,粉色,16*1*1,14,CH65G,大卫,收货,上架
NoScA4ruWh,白色 品牌17 四号纸 笔记本（横线）,笔记本,品牌17,四号纸,横线,白色,48*10*5,463,AM90C,克里斯,收货,上架
KeRe35BlNa,藏青色 品牌10 350 键盘（蓝牙）,键盘,品牌10,350,蓝牙,藏青色,16*10*1,90,AM89C,迈克,收货,上架
LaPH158GBl,黑色 品牌12 15英寸 笔记本电脑（8吉字节内存）,笔记本电脑,品牌12,15英寸,8吉字节内存,黑色,16*1*1,15,CI42A,亚历克斯,收货,上架
CaWE90DoBe,米色 品牌02 900 文件柜（带门式）,文件柜,品牌02,900,带门式,米色,8*1*1,7,AX77H,莎拉,收货,上架
LaOv1532Wh,白色 品牌13 15英寸 笔记本电脑（32吉字节内存）,笔记本电脑,品牌13,15英寸,32吉字节内存,白色,16*1*1,8,DO04B,迈克,收货,上架
CaQE12FiWh,白色 品牌01 1200 文件柜（文件收纳）,文件柜,品牌01,1200,文件收纳,白色,8*1*1,1,BV38E,亚历克斯,收货,上架
DrWE18LoWh,白色 品牌02 1800 抽屉柜（储物锁柜）,抽屉柜,品牌02,1800,储物锁柜,白色,8*1*1,5,DS61F,艾米丽,收货,上架
SPGi12WaPi,粉色 品牌21 12 触控笔（水彩）,触控笔,品牌21,12,水彩,粉色,48*10*5,1135,AK78B,简,收货,上架
TVGL75SFSi,银色 品牌31 75英寸 电视机（超级全高清）,电视机,品牌31,75英寸,超级全高清,银色,8*1*1,3,CJ62E,约翰,收货,上架
AlSu158GBl,黑色 品牌11 15英寸 一体机（8吉字节内存）,一体机,品牌11,15英寸,8吉字节内存,黑色,16*1*1,12,BL23H,亚历克斯,收货,上架
LaRe15i7Wh,白色 品牌14 15英寸 笔记本电脑（第7代处理器）,笔记本电脑,品牌14,15英寸,第7代处理器,白色,16*1*1,15,AW67C,莎拉,收货,上架
PeAl50WaWh,白色 品牌20 50 铅笔（水彩）,铅笔,品牌20,50,水彩,白色,48*10*5,1940,AX05D,劳拉,收货,上架
NoScA5doSi,银色 品牌17 五号纸 笔记本（点阵）,笔记本,品牌17,五号纸,点阵,银色,48*10*5,2292,BH11B,约翰,收货,上架
SPRe50WaWh,白色 品牌22 50 触控笔（水彩）,触控笔,品牌22,50,水彩,白色,48*10*5,831,BM70F,约翰,收货,上架
KeRe27BlNa,藏青色 品牌10 270 键盘（蓝牙）,键盘,品牌10,270,蓝牙,藏青色,16*10*1,18,AG61C,莎拉,收货,上架
TaTR18AuSi,银色 品牌29 1800 桌子（自动调节）,桌子,品牌29,1800,自动调节,银色,8*1*1,5,AX33H,亚历克斯,收货,上架
TVYn75SFWh,白色 品牌15 75英寸 电视机（超级全高清）,电视机,品牌15,75英寸,超级全高清,白色,8*1*1,6,BN27A,约翰,收货,上架
TaAE15FrSi,银色 品牌05 1500 桌子（框架式）,桌子,品牌05,1500,框架式,银色,8*1*1,7,BO44D,简,收货,上架
KeHc27BlBl,黑色 品牌09 270 键盘（蓝牙）,键盘,品牌09,270,蓝牙,黑色,16*10*1,111,BM13A,迈克,收货,上架
LaSu158GBl,黑色 品牌11 15英寸 笔记本电脑（8吉字节内存）,笔记本电脑,品牌11,15英寸,8吉字节内存,黑色,16*1*1,6,CV97F,大卫,收货,上架
DrWE90LoWh,白色 品牌02 900 抽屉柜（储物锁柜）,抽屉柜,品牌02,900,储物锁柜,白色,8*1*1,7,BG98A,大卫,收货,上架
KeRe27ErPi,粉色 品牌10 270 键盘（人体工学）,键盘,品牌10,270,人体工学,粉色,16*10*1,8,CM77D,简,收货,上架
LaSu17i7Gr,灰色 品牌11 17英寸 笔记本电脑（第7代处理器）,笔记本电脑,品牌11,17英寸,第7代处理器,灰色,16*1*1,4,BS30A,莎拉,收货,上架
SPAl12HePi,粉色 品牌20 12 触控笔（六角形）,触控笔,品牌20,12,六角形,粉色,48*10*5,1688,BH34F,简,收货,上架
MoRe35WiBl,黑色 品牌10 350 鼠标（有线）,鼠标,品牌10,350,有线,黑色,16*10*1,88,AG48C,莎拉,收货,上架
AlSu1516Bl,黑色 品牌11 15英寸 一体机（16吉字节内存）,一体机,品牌11,15英寸,16吉字节内存,黑色,16*1*1,4,DG06H,约翰,收货,上架
TVGn754KBl,黑色 品牌30 75英寸 电视机（超高清）,电视机,品牌30,75英寸,超高清,黑色,8*1*1,8,CV53B,克里斯,收货,上架
KeRe45ErNa,藏青色 品牌10 450 键盘（人体工学）,键盘,品牌10,450,人体工学,藏青色,16*10*1,156,AX03H,艾米丽,收货,上架
CaQE12LoGr,灰色 品牌01 1200 文件柜（储物锁柜）,文件柜,品牌01,1200,储物锁柜,灰色,8*1*1,4,AK89G,大卫,收货,上架
PeGi50WaBl,黑色 品牌21 50 铅笔（水彩）,铅笔,品牌21,50,水彩,黑色,48*10*5,1292,BP50B,大卫,收货,上架
NoExA5ruSi,银色 品牌16 五号纸 笔记本（横线）,笔记本,品牌16,五号纸,横线,银色,48*10*5,346,AM18D,约翰,收货,上架
LaSu14i5Gr,灰色 品牌11 14英寸 笔记本电脑（第5代处理器）,笔记本电脑,品牌11,14英寸,第5代处理器,灰色,16*1*1,3,AY35E,约翰,收货,上架
GaSESAdBl,黑色 品牌08 小号 游戏椅（可调节）,游戏椅,品牌08,小号,可调节,黑色,16*1*1,10,AY42H,莎拉,收货,上架
TaCI18AdSi,银色 品牌27 1800 桌子（可调节）,桌子,品牌27,1800,可调节,银色,8*1*1,1,BO35C,简,收货,上架
CaWE90SlBe,米色 品牌02 900 文件柜（滑动式）,文件柜,品牌02,900,滑动式,米色,8*1*1,5,DJ81D,莎拉,收货,上架
TVYn504KBl,黑色 品牌15 50英寸 电视机（超高清）,电视机,品牌15,50英寸,超高清,黑色,8*1*1,2,BR08C,简,收货,上架
TVYn75SFWh,白色 品牌15 75英寸 电视机（超级全高清）,电视机,品牌15,75英寸,超级全高清,白色,8*1*1,4,BF02A,迈克,收货,上架
TaTR15AdSi,银色 品牌28 1500 桌子（可调节）,桌子,品牌28,1500,可调节,银色,8*1*1,3,DF55H,迈克,收货,上架
SPGi12HeGr,灰色 品牌21 12 触控笔（六角形）,触控笔,品牌21,12,六角形,灰色,48*10*5,1984,DU62B,莎拉,收货,上架
KeRe35WiPi,粉色 品牌10 350 键盘（有线）,键盘,品牌10,350,有线,粉色,16*10*1,5,AZ80B,艾米丽,收货,上架
OfOGLErGr,灰色 品牌07 大号 办公椅（人体工学）,办公椅,品牌07,大号,人体工学,灰色,16*1*1,3,DT10H,劳拉,收货,上架
KePH27ErNa,藏青色 品牌12 270 键盘（人体工学）,键盘,品牌12,270,人体工学,藏青色,16*10*1,32,DI29G,艾米丽,收货,上架
CaWE90FiBl,黑色 品牌02 900 文件柜（文件收纳）,文件柜,品牌02,900,文件收纳,黑色,8*1*1,1,CP16D,克里斯,收货,上架
GaOGMLeBl,黑色 品牌07 中号 游戏椅（皮革）,游戏椅,品牌07,中号,皮革,黑色,16*1*1,15,CH82G,莎拉,收货,上架
MoPH27MePi,粉色 品牌12 270 鼠标（机械式）,鼠标,品牌12,270,机械式,粉色,16*10*1,43,AK19H,简,收货,上架
MoRe35BlWh,白色 品牌10 350 鼠标（蓝牙）,鼠标,品牌10,350,蓝牙,白色,16*10*1,79,CZ65G,亚历克斯,收货,上架
DrRG90DoGr,灰色 品牌03 900 抽屉柜（带门式）,抽屉柜,品牌03,900,带门式,灰色,8*1*1,6,DH35E,简,收货,上架
LaPH1716Wh,白色 品牌12 17英寸 笔记本电脑（16吉字节内存）,笔记本电脑,品牌12,17英寸,16吉字节内存,白色,16*1*1,13,AG76E,迈克,收货,上架
OfAEMHeGr,灰色 品牌05 中号 办公椅（头枕）,办公椅,品牌05,中号,头枕,灰色,16*1*1,1,BV67F,艾米丽,收货,上架
DrTE18FiBl,黑色 品牌04 1800 抽屉柜（文件收纳）,抽屉柜,品牌04,1800,文件收纳,黑色,8*1*1,3,CG94G,克里斯,收货,上架
SPRe12HeWh,白色 品牌22 12 触控笔（六角形）,触控笔,品牌22,12,六角形,白色,48*10*5,168,CY24A,艾米,收货,上架
PrReA4MoMi,混合色 品牌24 四号纸 打印机（黑白）,打印机,品牌24,四号纸,黑白,混合色,16*1*1,6,BS01B,莎拉,收货,上架
TVGL42SFBl,黑色 品牌31 42英寸 电视机（超级全高清）,电视机,品牌31,42英寸,超级全高清,黑色,8*1*1,2,CM66G,艾米,收货,上架
CuQE18DoBl,黑色 品牌01 1800 储物柜（带门式）,储物柜,品牌01,1800,带门式,黑色,8*1*1,6,BO71D,大卫,收货,上架
OfXELErWh,白色 品牌06 大号 办公椅（人体工学）,办公椅,品牌06,大号,人体工学,白色,16*1*1,12,BL94C,克里斯,收货,上架
LaRe178GSi,银色 品牌14 17英寸 笔记本电脑（8吉字节内存）,笔记本电脑,品牌14,17英寸,8吉字节内存,银色,16*1*1,4,BS86E,莎拉,收货,上架
PrPHA2MoGr,灰色 品牌12 二号纸 打印机（黑白）,打印机,品牌12,二号纸,黑白,灰色,16*1*1,11,BT32E,迈克,收货,上架
OfOGSLePi,粉色 品牌07 小号 办公椅（皮革）,办公椅,品牌07,小号,皮革,粉色,16*1*1,2,DX72C,克里斯,收货,上架
GaXELErWh,白色 品牌06 大号 游戏椅（人体工学）,游戏椅,品牌06,大号,人体工学,白色,16*1*1,10,AI85A,亚历克斯,收货,上架
CuWE18DoGr,灰色 品牌02 1800 储物柜（带门式）,储物柜,品牌02,1800,带门式,灰色,8*1*1,8,DL96H,简,收货,上架
TaCI10AuSi,银色 品牌27 1000 桌子（自动调节）,桌子,品牌27,1000,自动调节,银色,8*1*1,1,CR76E,艾米,收货,上架
GaAELAdBl,黑色 品牌05 大号 游戏椅（可调节）,游戏椅,品牌05,大号,可调节,黑色,16*1*1,2,AH97A,大卫,收货,上架
LaPH15i5Si,银色 品牌12 15英寸 笔记本电脑（第5代处理器）,笔记本电脑,品牌12,15英寸,第5代处理器,银色,16*1*1,3,AW72A,亚历克斯,收货,上架
TVGn504KSi,银色 品牌30 50英寸 电视机（超高清）,电视机,品牌30,50英寸,超高清,银色,8*1*1,1,BQ91B,艾米丽,收货,上架
GaSESAdGr,灰色 品牌08 小号 游戏椅（可调节）,游戏椅,品牌08,小号,可调节,灰色,16*1*1,14,BN11F,大卫,收货,上架
CuQE90DoWh,白色 品牌01 900 储物柜（带门式）,储物柜,品牌01,900,带门式,白色,8*1*1,3,CV33B,劳拉,收货,上架
OfSELErWh,白色 品牌08 大号 办公椅（人体工学）,办公椅,品牌08,大号,人体工学,白色,16*1*1,12,BQ43H,迈克,收货,上架
PeAl50HeBl,黑色 品牌20 50 铅笔（六角形）,铅笔,品牌20,50,六角形,黑色,48*10*5,2014,DO67H,艾米,收货,上架
LaRe14i7Wh,白色 品牌14 14英寸 笔记本电脑（第7代处理器）,笔记本电脑,品牌14,14英寸,第7代处理器,白色,16*1*1,6,AN42H,亚历克斯,收货,上架
MoRe27MeWh,白色 品牌10 270 鼠标（机械式）,鼠标,品牌10,270,机械式,白色,16*10*1,123,CS02H,大卫,收货,上架
GaOGLAdGr,灰色 品牌07 大号 游戏椅（可调节）,游戏椅,品牌07,大号,可调节,灰色,16*1*1,15,AJ75G,莎拉,收货,上架
PeAl24SoWh,白色 品牌20 24 铅笔（可溶性）,铅笔,品牌20,24,可溶性,白色,48*10*5,1020,BL07F,劳拉,收货,上架
OfAESAdGr,灰色 品牌05 小号 办公椅（可调节）,办公椅,品牌05,小号,可调节,灰色,16*1*1,13,BG83C,约翰,收货,上架
MoRe35ErPi,粉色 品牌10 350 鼠标（人体工学）,鼠标,品牌10,350,人体工学,粉色,16*10*1,44,BS28G,约翰,收货,上架
PrPHA2LaGr,灰色 品牌12 二号纸 打印机（激光）,打印机,品牌12,二号纸,激光,灰色,16*1*1,5,AM53D,迈克,收货,上架
PeRe24WaPi,粉色 品牌22 24 铅笔（水彩）,铅笔,品牌22,24,水彩,粉色,48*10*5,1213,DO98F,迈克,收货,上架
PeNa50HeGr,灰色 品牌23 50 铅笔（六角形）,铅笔,品牌23,50,六角形,灰色,48*10*5,1237,CN92H,迈克,收货,上架
CaRG12LoBe,米色 品牌03 1200 文件柜（储物锁柜）,文件柜,品牌03,1200,储物锁柜,米色,8*1*1,7,BZ98G,迈克,收货,上架
AlOv1516Gr,灰色 品牌13 15英寸 一体机（16吉字节内存）,一体机,品牌13,15英寸,16吉字节内存,灰色,16*1*1,14,AF56D,迈克,收货,上架
SPGi12HeBl,黑色 品牌21 12 触控笔（六角形）,触控笔,品牌21,12,六角形,黑色,48*10*5,1006,BN52C,劳拉,收货,上架
SPAl24SoBl,黑色 品牌20 24 触控笔（可溶性）,触控笔,品牌20,24,可溶性,黑色,48*10*5,637,BL35B,克里斯,收货,上架
DrQE12LoBl,黑色 品牌01 1200 抽屉柜（储物锁柜）,抽屉柜,品牌01,1200,储物锁柜,黑色,8*1*1,7,BJ96H,约翰,收货,上架
KeSu45ErNa,藏青色 品牌11 450 键盘（人体工学）,键盘,品牌11,450,人体工学,藏青色,16*10*1,26,DQ05F,亚历克斯,收货,上架
MoPH27ErWh,白色 品牌12 270 鼠标（人体工学）,鼠标,品牌12,270,人体工学,白色,16*10*1,11,AS59E,大卫,收货,上架
OfSEMLePi,粉色 品牌08 中号 办公椅（皮革）,办公椅,品牌08,中号,皮革,粉色,16*1*1,3,CI45A,亚历克斯,收货,上架
SPAl12HeGr,灰色 品牌20 12 触控笔（六角形）,触控笔,品牌20,12,六角形,灰色,48*10*5,2380,AL08A,迈克,收货,上架
AlRe15i5Bl,黑色 品牌14 15英寸 一体机（第5代处理器）,一体机,品牌14,15英寸,第5代处理器,黑色,16*1*1,8,DY53H,亚历克斯,收货,上架
GaSELErWh,白色 品牌08 大号 游戏椅（人体工学）,游戏椅,品牌08,大号,人体工学,白色,16*1*1,8,BW42H,艾米丽,收货,上架
CuRG90DoWh,白色 品牌03 900 储物柜（带门式）,储物柜,品牌03,900,带门式,白色,8*1*1,6,CW32D,艾米丽,收货,上架
DrRG12SlBe,米色 品牌03 1200 抽屉柜（滑动式）,抽屉柜,品牌03,1200,滑动式,米色,8*1*1,3,CR24G,莎拉,收货,上架
PrReA2LaMi,混合色 品牌24 二号纸 打印机（激光）,打印机,品牌24,二号纸,激光,混合色,16*1*1,6,CT42H,约翰,收货,上架
AlYn1716Bl,黑色 品牌15 17英寸 一体机（16吉字节内存）,一体机,品牌15,17英寸,16吉字节内存,黑色,16*1*1,13,BQ40B,迈克,收货,上架
LaYn1416Si,银色 品牌15 14英寸 笔记本电脑（16吉字节内存）,笔记本电脑,品牌15,14英寸,16吉字节内存,银色,16*1*1,6,BF02H,约翰,收货,上架
CuTE12SlBe,米色 品牌04 1200 储物柜（滑动式）,储物柜,品牌04,1200,滑动式,米色,8*1*1,3,CW91F,简,收货,上架
MoSu35ErPi,粉色 品牌11 350 鼠标（人体工学）,鼠标,品牌11,350,人体工学,粉色,16*10*1,101,DI65G,克里斯,收货,上架
SPGi50HePi,粉色 品牌21 50 触控笔（六角形）,触控笔,品牌21,50,六角形,粉色,48*10*5,1720,AT08G,克里斯,收货,上架
LaYn148GBl,黑色 品牌15 14英寸 笔记本电脑（8吉字节内存）,笔记本电脑,品牌15,14英寸,8吉字节内存,黑色,16*1*1,5,BF05C,亚历克斯,收货,上架
AlSu14i7Si,银色 品牌11 14英寸 一体机（第7代处理器）,一体机,品牌11,14英寸,第7代处理器,银色,16*1*1,13,DS21H,克里斯,收货,上架
LaOv1532Si,银色 品牌13 15英寸 笔记本电脑（32吉字节内存）,笔记本电脑,品牌13,15英寸,32吉字节内存,银色,16*1*1,6,AP31C,约翰,收货,上架
LaSu17i7Gr,灰色 品牌11 17英寸 笔记本电脑（第7代处理器）,笔记本电脑,品牌11,17英寸,第7代处理器,灰色,16*1*1,9,DQ97B,莎拉,收货,上架
OfXEMLeWh,白色 品牌06 中号 办公椅（皮革）,办公椅,品牌06,中号,皮革,白色,16*1*1,3,AX35C,大卫,收货,上架
AlYn1432Si,银色 品牌15 14英寸 一体机（32吉字节内存）,一体机,品牌15,14英寸,32吉字节内存,银色,16*1*1,13,AN32D,莎拉,收货,上架
OfAEMHeWh,白色 品牌05 中号 办公椅（头枕）,办公椅,品牌05,中号,头枕,白色,16*1*1,12,DS14H,亚历克斯,收货,上架
TVYn65FHSi,银色 品牌15 65英寸 电视机（全高清）,电视机,品牌15,65英寸,全高清,银色,8*1*1,3,BN19E,莎拉,收货,上架
TVEs424KBl,黑色 品牌32 42英寸 电视机（超高清）,电视机,品牌32,42英寸,超高清,黑色,8*1*1,2,DH11E,约翰,收货,上架
SPNa50HeWh,白色 品牌23 50 触控笔（六角形）,触控笔,品牌23,50,六角形,白色,48*10*5,2017,AP26A,亚历克斯,收货,上架
PrNoA2LaMi,混合色 品牌26 二号纸 打印机（激光）,打印机,品牌26,二号纸,激光,混合色,16*1*1,11,DU07D,大卫,收货,上架
LaYn1532Si,银色 品牌15 15英寸 笔记本电脑（32吉字节内存）,笔记本电脑,品牌15,15英寸,32吉字节内存,银色,16*1*1,15,AY69E,大卫,收货,上架
OfAEMErPi,粉色 品牌05 中号 办公椅（人体工学）,办公椅,品牌05,中号,人体工学,粉色,16*1*1,5,CR34A,艾米丽,收货,上架
SPNa12SoPi,粉色 品牌23 12 触控笔（可溶性）,触控笔,品牌23,12,可溶性,粉色,48*10*5,67,DP67F,亚历克斯,收货,上架
GaXESAdPi,粉色 品牌06 小号 游戏椅（可调节）,游戏椅,品牌06,小号,可调节,粉色,16*1*1,7,BI71B,迈克,收货,上架
OfSEMErPi,粉色 品牌08 中号 办公椅（人体工学）,办公椅,品牌08,中号,人体工学,粉色,16*1*1,10,BW77G,大卫,收货,上架
TaTR15FrSi,银色 品牌28 1500 桌子（框架式）,桌子,品牌28,1500,框架式,银色,8*1*1,4,DI82A,迈克,收货,上架
LaPH14i5Wh,白色 品牌12 14英寸 笔记本电脑（第5代处理器）,笔记本电脑,品牌12,14英寸,第5代处理器,白色,16*1*1,13,BI91D,大卫,收货,上架
CuQE90SlBe,米色 品牌01 900 储物柜（滑动式）,储物柜,品牌01,900,滑动式,米色,8*1*1,4,CT17H,亚历克斯,收货,上架
AlPH14i5Wh,白色 品牌12 14英寸 一体机（第5代处理器）,一体机,品牌12,14英寸,第5代处理器,白色,16*1*1,2,BP98A,艾米丽,收货,上架
MoPH27WiWh,白色 品牌12 270 鼠标（有线）,鼠标,品牌12,270,有线,白色,16*10*1,91,BX74F,克里斯,收货,上架
TaTR10AuSi,银色 品牌29 1000 桌子（自动调节）,桌子,品牌29,1000,自动调节,银色,8*1*1,8,DM22E,克里斯,收货,上架
NoScA5ruSi,银色 品牌17 五号纸 笔记本（横线）,笔记本,品牌17,五号纸,横线,银色,48*10*5,35,DG60B,约翰,收货,上架
KeSu35MeNa,藏青色 品牌11 350 键盘（机械式）,键盘,品牌11,350,机械式,藏青色,16*10*1,158,BF22F,劳拉,收货,上架
SPNa50WaGr,灰色 品牌23 50 触控笔（水彩）,触控笔,品牌23,50,水彩,灰色,48*10*5,2342,BU25H,克里斯,收货,上架
TVGn75SFBl,黑色 品牌30 75英寸 电视机（超级全高清）,电视机,品牌30,75英寸,超级全高清,黑色,8*1*1,2,BZ73B,简,收货,上架
MoHc35BlBl,黑色 品牌09 350 鼠标（蓝牙）,鼠标,品牌09,350,蓝牙,黑色,16*10*1,62,CV41C,迈克,收货,上架
CaWE18SlBe,米色 品牌02 1800 文件柜（滑动式）,文件柜,品牌02,1800,滑动式,米色,8*1*1,4,CY24H,约翰,收货,上架
TVGn654KBl,黑色 品牌30 65英寸 电视机（超高清）,电视机,品牌30,65英寸,超高清,黑色,8*1*1,4,BV69C,艾米,收货,上架
LaRe1732Si,银色 品牌14 17英寸 笔记本电脑（32吉字节内存）,笔记本电脑,品牌14,17英寸,32吉字节内存,银色,16*1*1,5,AU96G,艾米,收货,上架
CuWE18SlGr,灰色 品牌02 1800 储物柜（滑动式）,储物柜,品牌02,1800,滑动式,灰色,8*1*1,1,CW28D,简,收货,上架
TaTR10AuWh,白色 品牌29 1000 桌子（自动调节）,桌子,品牌29,1000,自动调节,白色,8*1*1,4,BG38B,约翰,收货,上架
LaYn14i7Bl,黑色 品牌15 14英寸 笔记本电脑（第7代处理器）,笔记本电脑,品牌15,14英寸,第7代处理器,黑色,16*1*1,13,BZ46B,艾米丽,收货,上架
SPGi50HePi,粉色 品牌21 50 触控笔（六角形）,触控笔,品牌21,50,六角形,粉色,48*10*5,1290,BF43H,克里斯,收货,上架
PeNa50HeBl,黑色 品牌23 50 铅笔（六角形）,铅笔,品牌23,50,六角形,黑色,48*10*5,631,DW25C,亚历克斯,收货,上架
OfAELAdPi,粉色 品牌05 大号 办公椅（可调节）,办公椅,品牌05,大号,可调节,粉色,16*1*1,12,BW94A,劳拉,收货,上架
PeAl24SoPi,粉色 品牌20 24 铅笔（可溶性）,铅笔,品牌20,24,可溶性,粉色,48*10*5,2145,AY39C,劳拉,收货,上架
TVEs32SFBl,黑色 品牌32 32英寸 电视机（超级全高清）,电视机,品牌32,32英寸,超级全高清,黑色,8*1*1,2,CZ63F,艾米丽,收货,上架
TVGn75SFSi,银色 品牌30 75英寸 电视机（超级全高清）,电视机,品牌30,75英寸,超级全高清,银色,8*1*1,7,DL08A,艾米,收货,上架
TVYn75FHGr,灰色 品牌15 75英寸 电视机（全高清）,电视机,品牌15,75英寸,全高清,灰色,8*1*1,3,AR36F,艾米丽,收货,上架
GaOGMHeWh,白色 品牌07 中号 游戏椅（头枕）,游戏椅,品牌07,中号,头枕,白色,16*1*1,6,CG90D,艾米,收货,上架
LaOv1516Si,银色 品牌13 15英寸 笔记本电脑（16吉字节内存）,笔记本电脑,品牌13,15英寸,16吉字节内存,银色,16*1*1,8,DQ03B,简,收货,上架
KeHc45ErNa,藏青色 品牌09 450 键盘（人体工学）,键盘,品牌09,450,人体工学,藏青色,16*10*1,84,BN14G,简,收货,上架
NoMuA4ruWh,白色 品牌19 四号纸 笔记本（横线）,笔记本,品牌19,四号纸,横线,白色,48*10*5,2208,DN94B,简,收货,上架
CuQE90SlBe,米色 品牌01 900 储物柜（滑动式）,储物柜,品牌01,900,滑动式,米色,8*1*1,3,DF23H,简,收货,上架
AlOv1532Wh,白色 品牌13 15英寸 一体机（32吉字节内存）,一体机,品牌13,15英寸,32吉字节内存,白色,16*1*1,14,CJ21D,艾米,收货,上架
AlPH1532Bl,黑色 品牌12 15英寸 一体机（32吉字节内存）,一体机,品牌12,15英寸,32吉字节内存,黑色,16*1*1,12,CK41F,克里斯,收货,上架
PrNoA2LaWh,白色 品牌26 二号纸 打印机（激光）,打印机,品牌26,二号纸,激光,白色,16*1*1,4,AK05E,劳拉,收货,上架
CuRG12SlWh,白色 品牌03 1200 储物柜（滑动式）,储物柜,品牌03,1200,滑动式,白色,8*1*1,7,CN90F,莎拉,收货,上架
AlSu1732Si,银色 品牌11 17英寸 一体机（32吉字节内存）,一体机,品牌11,17英寸,32吉字节内存,银色,16*1*1,14,DI24A,艾米,收货,上架
MoRe45WiBl,黑色 品牌10 450 鼠标（有线）,鼠标,品牌10,450,有线,黑色,16*10*1,7,DH29G,约翰,收货,上架
LaSu1732Gr,灰色 品牌11 17英寸 笔记本电脑（32吉字节内存）,笔记本电脑,品牌11,17英寸,32吉字节内存,灰色,16*1*1,11,BT67G,艾米丽,收货,上架
TVGn32FHSi,银色 品牌30 32英寸 电视机（全高清）,电视机,品牌30,32英寸,全高清,银色,8*1*1,2,CP30H,劳拉,收货,上架
CuWE90FiGr,灰色 品牌02 900 储物柜（文件收纳）,储物柜,品牌02,900,文件收纳,灰色,8*1*1,5,CX29E,迈克,收货,上架
PeRe12HeWh,白色 品牌22 12 铅笔（六角形）,铅笔,品牌22,12,六角形,白色,48*10*5,1454,DH98D,简,收货,上架
AlYn1716Gr,灰色 品牌15 17英寸 一体机（16吉字节内存）,一体机,品牌15,17英寸,16吉字节内存,灰色,16*1*1,4,BZ49D,亚历克斯,收货,上架
NoExA5ruSi,银色 品牌16 五号纸 笔记本（横线）,笔记本,品牌16,五号纸,横线,银色,48*10*5,1378,BM86E,迈克,收货,上架
TaAE18FrGr,灰色 品牌05 1800 桌子（框架式）,桌子,品牌05,1800,框架式,灰色,8*1*1,8,CM89A,简,收货,上架
AlRe17i7Bl,黑色 品牌14 17英寸 一体机（第7代处理器）,一体机,品牌14,17英寸,第7代处理器,黑色,16*1*1,1,AQ28H,劳拉,收货,上架
LaRe1732Wh,白色 品牌14 17英寸 笔记本电脑（32吉字节内存）,笔记本电脑,品牌14,17英寸,32吉字节内存,白色,16*1*1,4,BW71G,迈克,收货,上架
TVEs65FHGr,灰色 品牌32 65英寸 电视机（全高清）,电视机,品牌32,65英寸,全高清,灰色,8*1*1,6,BM96C,克里斯,收货,上架
CaTE18DoBe,米色 品牌04 1800 文件柜（带门式）,文件柜,品牌04,1800,带门式,米色,8*1*1,1,DP82C,克里斯,收货,上架
SPNa50HeGr,灰色 品牌23 50 触控笔（六角形）,触控笔,品牌23,50,六角形,灰色,48*10*5,339,CR89D,亚历克斯,收货,上架
KeHc35BlNa,藏青色 品牌09 350 键盘（蓝牙）,键盘,品牌09,350,蓝牙,藏青色,16*10*1,108,CH05D,艾米,收货,上架
AlSu14i7Bl,黑色 品牌11 14英寸 一体机（第7代处理器）,一体机,品牌11,14英寸,第7代处理器,黑色,16*1*1,16,CU45C,大卫,收货,上架
NoGrA3doSi,银色 品牌18 三号纸 笔记本（点阵）,笔记本,品牌18,三号纸,点阵,银色,48*10*5,1204,AI04F,亚历克斯,收货,上架
KeHc45ErWh,白色 品牌09 450 键盘（人体工学）,键盘,品牌09,450,人体工学,白色,16*10*1,63,BI78G,艾米丽,收货,上架
PrPHA4InBl,黑色 品牌12 四号纸 打印机（喷墨）,打印机,品牌12,四号纸,喷墨,黑色,16*1*1,13,AY11E,艾米,收货,上架
SPRe24WaWh,白色 品牌22 24 触控笔（水彩）,触控笔,品牌22,24,水彩,白色,48*10*5,2099,AQ46B,克里斯,收货,上架
TaCI10FrSi,银色 品牌27 1000 桌子（框架式）,桌子,品牌27,1000,框架式,银色,8*1*1,7,BS88A,迈克,收货,上架
AlYn148GWh,白色 品牌15 14英寸 一体机（8吉字节内存）,一体机,品牌15,14英寸,8吉字节内存,白色,16*1*1,6,DS56D,约翰,收货,上架
TaCI15AuSi,银色 品牌27 1500 桌子（自动调节）,桌子,品牌27,1500,自动调节,银色,8*1*1,1,CM50C,迈克,收货,上架
LaOv1732Wh,白色 品牌13 17英寸 笔记本电脑（32吉字节内存）,笔记本电脑,品牌13,17英寸,32吉字节内存,白色,16*1*1,2,AY45H,亚历克斯,收货,上架
TVGL42SFSi,银色 品牌31 42英寸 电视机（超级全高清）,电视机,品牌31,42英寸,超级全高清,银色,8*1*1,7,DP35E,艾米,收货,上架
TaTR10WoWh,白色 品牌29 1000 桌子（工作站）,桌子,品牌29,1000,工作站,白色,8*1*1,1,AR81B,劳拉,收货,上架
GaAEMAdWh,白色 品牌05 中号 游戏椅（可调节）,游戏椅,品牌05,中号,可调节,白色,16*1*1,9,CZ05C,大卫,收货,上架
LaRe158GSi,银色 品牌14 15英寸 笔记本电脑（8吉字节内存）,笔记本电脑,品牌14,15英寸,8吉字节内存,银色,16*1*1,4,BN57G,莎拉,收货,上架
CuWE18DoBl,黑色 品牌02 1800 储物柜（带门式）,储物柜,品牌02,1800,带门式,黑色,8*1*1,4,BL37E,迈克,收货,上架
AlRe178GGr,灰色 品牌14 17英寸 一体机（8吉字节内存）,一体机,品牌14,17英寸,8吉字节内存,灰色,16*1*1,11,BS11H,克里斯,收货,上架
KeHc27BlNa,藏青色 品牌09 270 键盘（蓝牙）,键盘,品牌09,270,蓝牙,藏青色,16*10*1,97,DP92H,大卫,收货,上架
LaRe15i7Gr,灰色 品牌14 15英寸 笔记本电脑（第7代处理器）,笔记本电脑,品牌14,15英寸,第7代处理器,灰色,16*1*1,14,AR39F,劳拉,收货,上架
GaOGMAdPi,粉色 品牌07 中号 游戏椅（可调节）,游戏椅,品牌07,中号,可调节,粉色,16*1*1,1,BF19D,克里斯,收货,上架
GaSESErWh,白色 品牌08 小号 游戏椅（人体工学）,游戏椅,品牌08,小号,人体工学,白色,16*1*1,7,DZ49E,艾米丽,收货,上架
GaOGLHeWh,白色 品牌07 大号 游戏椅（头枕）,游戏椅,品牌07,大号,头枕,白色,16*1*1,15,AT14B,亚历克斯,收货,上架
SPGi24SoWh,白色 品牌21 24 触控笔（可溶性）,触控笔,品牌21,24,可溶性,白色,48*10*5,594,AK88D,迈克,收货,上架
LaRe1432Wh,白色 品牌14 14英寸 笔记本电脑（32吉字节内存）,笔记本电脑,品牌14,14英寸,32吉字节内存,白色,16*1*1,2,BV44D,莎拉,收货,上架
NoExA3ruBl,黑色 品牌16 三号纸 笔记本（横线）,笔记本,品牌16,三号纸,横线,黑色,48*10*5,1843,CS18F,大卫,收货,上架
NoMuA3ruWh,白色 品牌19 三号纸 笔记本（横线）,笔记本,品牌19,三号纸,横线,白色,48*10*5,110,AR53D,艾米丽,收货,上架
GaXEMErWh,白色 品牌06 中号 游戏椅（人体工学）,游戏椅,品牌06,中号,人体工学,白色,16*1*1,3,AZ81C,劳拉,收货,上架
NoExA3ruSi,银色 品牌16 三号纸 笔记本（横线）,笔记本,品牌16,三号纸,横线,银色,48*10*5,2182,AN52H,艾米,收货,上架
DrRG90FiGr,灰色 品牌03 900 抽屉柜（文件收纳）,抽屉柜,品牌03,900,文件收纳,灰色,8*1*1,6,CG03D,克里斯,收货,上架
CaTE90SlGr,灰色 品牌04 900 文件柜（滑动式）,文件柜,品牌04,900,滑动式,灰色,8*1*1,3,AI94A,约翰,收货,上架
TaAE15FrGr,灰色 品牌05 1500 桌子（框架式）,桌子,品牌05,1500,框架式,灰色,8*1*1,5,BG40B,劳拉,收货,上架
DrQE90SlGr,灰色 品牌01 900 抽屉柜（滑动式）,抽屉柜,品牌01,900,滑动式,灰色,8*1*1,4,AS78C,艾米丽,收货,上架
DrWE12FiGr,灰色 品牌02 1200 抽屉柜（文件收纳）,抽屉柜,品牌02,1200,文件收纳,灰色,8*1*1,8,AQ87F,迈克,收货,上架
TVGn65SFBl,黑色 品牌30 65英寸 电视机（超级全高清）,电视机,品牌30,65英寸,超级全高清,黑色,8*1*1,5,DI21H,克里斯,收货,上架
KeHc27ErWh,白色 品牌09 270 键盘（人体工学）,键盘,品牌09,270,人体工学,白色,16*10*1,80,DO16B,大卫,收货,上架
SPRe12WaWh,白色 品牌22 12 触控笔（水彩）,触控笔,品牌22,12,水彩,白色,48*10*5,71,BQ47D,艾米丽,收货,上架
LaRe1432Si,银色 品牌14 14英寸 笔记本电脑（32吉字节内存）,笔记本电脑,品牌14,14英寸,32吉字节内存,银色,16*1*1,3,BY96E,克里斯,收货,上架
LaOv1516Wh,白色 品牌13 15英寸 笔记本电脑（16吉字节内存）,笔记本电脑,品牌13,15英寸,16吉字节内存,白色,16*1*1,14,AQ67D,艾米,收货,上架
GaXELHePi,粉色 品牌06 大号 游戏椅（头枕）,游戏椅,品牌06,大号,头枕,粉色,16*1*1,10,CN74A,劳拉,收货,上架
AlSu178GSi,银色 品牌11 17英寸 一体机（8吉字节内存）,一体机,品牌11,17英寸,8吉字节内存,银色,16*1*1,8,AV79C,劳拉,收货,上架
TVYn65S4Bl,黑色 品牌15 65英寸 电视机（超级超高清）,电视机,品牌15,65英寸,超级超高清,黑色,8*1*1,2,BX97A,简,收货,上架
PrNoA3WiMi,混合色 品牌26 三号纸 打印机（无线网络）,打印机,品牌26,三号纸,无线网络,混合色,16*1*1,13,BG86B,简,收货,上架
PrNoA4MoWh,白色 品牌26 四号纸 打印机（黑白）,打印机,品牌26,四号纸,黑白,白色,16*1*1,11,DQ73B,大卫,收货,上架
AlYn14i5Wh,白色 品牌15 14英寸 一体机（第5代处理器）,一体机,品牌15,14英寸,第5代处理器,白色,16*1*1,7,AR19D,亚历克斯,收货,上架
CaWE90FiBl,黑色 品牌02 900 文件柜（文件收纳）,文件柜,品牌02,900,文件收纳,黑色,8*1*1,6,CY31H,劳拉,收货,上架
SPNa12SoBl,黑色 品牌23 12 触控笔（可溶性）,触控笔,品牌23,12,可溶性,黑色,48*10*5,1040,BY72B,莎拉,收货,上架
OfXELErBl,黑色 品牌06 大号 办公椅（人体工学）,办公椅,品牌06,大号,人体工学,黑色,16*1*1,5,CL72B,约翰,收货,上架
PeNa50HeBl,黑色 品牌23 50 铅笔（六角形）,铅笔,品牌23,50,六角形,黑色,48*10*5,1084,DU90C,亚历克斯,收货,上架
DrTE18SlBe,米色 品牌04 1800 抽屉柜（滑动式）,抽屉柜,品牌04,1800,滑动式,米色,8*1*1,5,AL11A,大卫,收货,上架
OfXEMHePi,粉色 品牌06 中号 办公椅（头枕）,办公椅,品牌06,中号,头枕,粉色,16*1*1,13,CR70D,大卫,收货,上架
LaSu178GGr,灰色 品牌11 17英寸 笔记本电脑（8吉字节内存）,笔记本电脑,品牌11,17英寸,8吉字节内存,灰色,16*1*1,12,CI62B,亚历克斯,收货,上架
SPNa24SoGr,灰色 品牌23 24 触控笔（可溶性）,触控笔,品牌23,24,可溶性,灰色,48*10*5,731,AV76B,劳拉,收货,上架
TVYn754KGr,灰色 品牌15 75英寸 电视机（超高清）,电视机,品牌15,75英寸,超高清,灰色,8*1*1,2,AT23A,劳拉,收货,上架
NoMuA5liWh,白色 品牌19 五号纸 笔记本（线条）,笔记本,品牌19,五号纸,线条,白色,48*10*5,631,AY22A,艾米,收货,上架
TaTR18FrSi,银色 品牌28 1800 桌子（框架式）,桌子,品牌28,1800,框架式,银色,8*1*1,4,CL52H,劳拉,收货,上架
KePH35WiBl,黑色 品牌12 350 键盘（有线）,键盘,品牌12,350,有线,黑色,16*10*1,31,BL52C,艾米丽,收货,上架
KePH35WiBl,黑色 品牌12 350 键盘（有线）,键盘,品牌12,350,有线,黑色,16*10*1,61,DL89A,艾米丽,收货,上架
MoHc35ErPi,粉色 品牌09 350 鼠标（人体工学）,鼠标,品牌09,350,人体工学,粉色,16*10*1,159,DI58F,艾米丽,收货,上架
MoHc35BlNa,藏青色 品牌09 350 鼠标（蓝牙）,鼠标,品牌09,350,蓝牙,藏青色,16*10*1,70,AZ62G,劳拉,收货,上架
PrReA3AlGr,灰色 品牌24 三号纸 打印机（一体式）,打印机,品牌24,三号纸,一体式,灰色,16*1*1,16,BY63C,约翰,收货,上架
LaYn14i7Gr,灰色 品牌15 14英寸 笔记本电脑（第7代处理器）,笔记本电脑,品牌15,14英寸,第7代处理器,灰色,16*1*1,15,AI47H,艾米,收货,上架
NoScA3doWh,白色 品牌17 三号纸 笔记本（点阵）,笔记本,品牌17,三号纸,点阵,白色,48*10*5,1055,AI19E,迈克,收货,上架
GaAELAdWh,白色 品牌05 大号 游戏椅（可调节）,游戏椅,品牌05,大号,可调节,白色,16*1*1,8,BT87G,莎拉,收货,上架
TaTR18AuBl,黑色 品牌29 1800 桌子（自动调节）,桌子,品牌29,1800,自动调节,黑色,8*1*1,3,AJ56C,莎拉,收货,上架
CaTE18FiGr,灰色 品牌04 1800 文件柜（文件收纳）,文件柜,品牌04,1800,文件收纳,灰色,8*1*1,8,AU25D,艾米丽,收货,上架
DrQE12LoWh,白色 品牌01 1200 抽屉柜（储物锁柜）,抽屉柜,品牌01,1200,储物锁柜,白色,8*1*1,6,DH60A,艾米丽,收货,上架
AlRe1732Wh,白色 品牌14 17英寸 一体机（32吉字节内存）,一体机,品牌14,17英寸,32吉字节内存,白色,16*1*1,13,DO39F,艾米,收货,上架
KePH27ErPi,粉色 品牌12 270 键盘（人体工学）,键盘,品牌12,270,人体工学,粉色,16*10*1,92,BN26G,简,收货,上架
PrSoA2WiWh,白色 品牌25 二号纸 打印机（无线网络）,打印机,品牌25,二号纸,无线网络,白色,16*1*1,10,DS85G,艾米,收货,上架
GaSESErGr,灰色 品牌08 小号 游戏椅（人体工学）,游戏椅,品牌08,小号,人体工学,灰色,16*1*1,11,CZ69B,艾米,收货,上架
CuRG18LoBl,黑色 品牌03 1800 储物柜（储物锁柜）,储物柜,品牌03,1800,储物锁柜,黑色,8*1*1,6,DF91H,迈克,收货,上架
NoScA3ruWh,白色 品牌17 三号纸 笔记本（横线）,笔记本,品牌17,三号纸,横线,白色,48*10*5,1612,BS52E,约翰,收货,上架
TaTR15AuBl,黑色 品牌29 1500 桌子（自动调节）,桌子,品牌29,1500,自动调节,黑色,8*1*1,7,AW75B,劳拉,收货,上架
TVGL324KGr,灰色 品牌31 32英寸 电视机（超高清）,电视机,品牌31,32英寸,超高清,灰色,8*1*1,5,DX81C,迈克,收货,上架
LaSu17i7Wh,白色 品牌11 17英寸 笔记本电脑（第7代处理器）,笔记本电脑,品牌11,17英寸,第7代处理器,白色,16*1*1,2,BU54A,亚历克斯,收货,上架
CuWE12SlBe,米色 品牌02 1200 储物柜（滑动式）,储物柜,品牌02,1200,滑动式,米色,8*1*1,6,BL50C,莎拉,收货,上架
MoRe27WiNa,藏青色 品牌10 270 鼠标（有线）,鼠标,品牌10,270,有线,藏青色,16*10*1,97,AT06H,约翰,收货,上架
KeRe27MeNa,藏青色 品牌10 270 键盘（机械式）,键盘,品牌10,270,机械式,藏青色,16*10*1,79,CV76A,亚历克斯,收货,上架
TaAE15AuSi,银色 品牌05 1500 桌子（自动调节）,桌子,品牌05,1500,自动调节,银色,8*1*1,4,DL76E,艾米丽,收货,上架
MoHc45MeWh,白色 品牌09 450 鼠标（机械式）,鼠标,品牌09,450,机械式,白色,16*10*1,129,DO43D,艾米,收货,上架
AlRe158GGr,灰色 品牌14 15英寸 一体机（8吉字节内存）,一体机,品牌14,15英寸,8吉字节内存,灰色,16*1*1,2,CV12H,简,收货,上架
PrSoA2WiGr,灰色 品牌25 二号纸 打印机（无线网络）,打印机,品牌25,二号纸,无线网络,灰色,16*1*1,5,BG07B,亚历克斯,收货,上架
PeNa50HePi,粉色 品牌23 50 铅笔（六角形）,铅笔,品牌23,50,六角形,粉色,48*10*5,1351,AR21G,简,收货,上架
SPNa12HePi,粉色 品牌23 12 触控笔（六角形）,触控笔,品牌23,12,六角形,粉色,48*10*5,1559,CV29G,艾米丽,收货,上架
NoGrA4ruWh,白色 品牌18 四号纸 笔记本（横线）,笔记本,品牌18,四号纸,横线,白色,48*10*5,857,CM69A,艾米,收货,上架
AlPH1732Gr,灰色 品牌12 17英寸 一体机（32吉字节内存）,一体机,品牌12,17英寸,32吉字节内存,灰色,16*1*1,13,AF08F,劳拉,收货,上架
MoHc35ErWh,白色 品牌09 350 鼠标（人体工学）,鼠标,品牌09,350,人体工学,白色,16*10*1,140,CK93C,约翰,收货,上架
PrReA4AlWh,白色 品牌24 四号纸 打印机（一体式）,打印机,品牌24,四号纸,一体式,白色,16*1*1,4,AO19A,约翰,收货,上架
PrPHA4InMi,混合色 品牌12 四号纸 打印机（喷墨）,打印机,品牌12,四号纸,喷墨,混合色,16*1*1,14,BJ86D,大卫,收货,上架
TVYn324KWh,白色 品牌15 32英寸 电视机（超高清）,电视机,品牌15,32英寸,超高清,白色,8*1*1,3,DG75D,莎拉,收货,上架
KeSu27MePi,粉色 品牌11 270 键盘（机械式）,键盘,品牌11,270,机械式,粉色,16*10*1,52,BS36C,大卫,收货,上架
TVYn754KBl,黑色 品牌15 75英寸 电视机（超高清）,电视机,品牌15,75英寸,超高清,黑色,8*1*1,7,BO40C,亚历克斯,收货,上架
LaOv1716Bl,黑色 品牌13 17英寸 笔记本电脑（16吉字节内存）,笔记本电脑,品牌13,17英寸,16吉字节内存,黑色,16*1*1,9,DW41C,克里斯,收货,上架
MoRe27WiPi,粉色 品牌10 270 鼠标（有线）,鼠标,品牌10,270,有线,粉色,16*10*1,149,DU53B,劳拉,收货,上架
KeHc27BlNa,藏青色 品牌09 270 键盘（蓝牙）,键盘,品牌09,270,蓝牙,藏青色,16*10*1,11,DO86D,劳拉,收货,上架
MoPH35ErPi,粉色 品牌12 350 鼠标（人体工学）,鼠标,品牌12,350,人体工学,粉色,16*10*1,106,DO82H,亚历克斯,收货,上架
DrTE90DoWh,白色 品牌04 900 抽屉柜（带门式）,抽屉柜,品牌04,900,带门式,白色,8*1*1,7,CK80A,简,收货,上架
TaAE10WoSi,银色 品牌05 1000 桌子（工作站）,桌子,品牌05,1000,工作站,银色,8*1*1,5,AO73G,迈克,收货,上架
LaRe1532Gr,灰色 品牌14 15英寸 笔记本电脑（32吉字节内存）,笔记本电脑,品牌14,15英寸,32吉字节内存,灰色,16*1*1,12,DT59E,艾米,收货,上架
SPNa50WaWh,白色 品牌23 50 触控笔（水彩）,触控笔,品牌23,50,水彩,白色,48*10*5,1412,AU96H,劳拉,收货,上架
AlOv158GSi,银色 品牌13 15英寸 一体机（8吉字节内存）,一体机,品牌13,15英寸,8吉字节内存,银色,16*1*1,4,AJ57E,艾米,收货,上架
GaSESErWh,白色 品牌08 小号 游戏椅（人体工学）,游戏椅,品牌08,小号,人体工学,白色,16*1*1,6,CS26B,大卫,收货,上架
GaAELLeGr,灰色 品牌05 大号 游戏椅（皮革）,游戏椅,品牌05,大号,皮革,灰色,16*1*1,6,AV64B,简,收货,上架
TVYn32SFGr,灰色 品牌15 32英寸 电视机（超级全高清）,电视机,品牌15,32英寸,超级全高清,灰色,8*1*1,3,DG54C,莎拉,收货,上架
NoGrA4liGr,灰色 品牌18 四号纸 笔记本（线条）,笔记本,品牌18,四号纸,线条,灰色,48*10*5,1858,BW93F,劳拉,收货,上架
MoHc27ErBl,黑色 品牌09 270 鼠标（人体工学）,鼠标,品牌09,270,人体工学,黑色,16*10*1,40,CP81C,迈克,收货,上架
CuRG18FiBl,黑色 品牌03 1800 储物柜（文件收纳）,储物柜,品牌03,1800,文件收纳,黑色,8*1*1,1,AT04B,简,收货,上架
AlYn15i5Si,银色 品牌15 15英寸 一体机（第5代处理器）,一体机,品牌15,15英寸,第5代处理器,银色,16*1*1,16,AP19A,艾米丽,收货,上架
PrNoA4AlMi,混合色 品牌26 四号纸 打印机（一体式）,打印机,品牌26,四号纸,一体式,混合色,16*1*1,7,BX98C,劳拉,收货,上架
OfAESAdWh,白色 品牌05 小号 办公椅（可调节）,办公椅,品牌05,小号,可调节,白色,16*1*1,6,DQ51H,艾米,收货,上架
CaTE12FiBl,黑色 品牌04 1200 文件柜（文件收纳）,文件柜,品牌04,1200,文件收纳,黑色,8*1*1,3,AL53B,莎拉,收货,上架
AlPH148GGr,灰色 品牌12 14英寸 一体机（8吉字节内存）,一体机,品牌12,14英寸,8吉字节内存,灰色,16*1*1,9,BW77G,莎拉,收货,上架
MoHc45BlNa,藏青色 品牌09 450 鼠标（蓝牙）,鼠标,品牌09,450,蓝牙,藏青色,16*10*1,117,AY81B,亚历克斯,收货,上架
CaTE18FiGr,灰色 品牌04 1800 文件柜（文件收纳）,文件柜,品牌04,1800,文件收纳,灰色,8*1*1,2,BN23E,亚历克斯,收货,上架
PrSoA3AlBl,黑色 品牌25 三号纸 打印机（一体式）,打印机,品牌25,三号纸,一体式,黑色,16*1*1,9,DK59C,莎拉,收货,上架
TVGn65SFGr,灰色 品牌30 65英寸 电视机（超级全高清）,电视机,品牌30,65英寸,超级全高清,灰色,8*1*1,4,CO05F,亚历克斯,收货,上架
MoRe45WiPi,粉色 品牌10 450 鼠标（有线）,鼠标,品牌10,450,有线,粉色,16*10*1,42,BS52A,大卫,收货,上架
OfAELHeGr,灰色 品牌05 大号 办公椅（头枕）,办公椅,品牌05,大号,头枕,灰色,16*1*1,12,CY75A,迈克,收货,上架
PrSoA4WiMi,混合色 品牌25 四号纸 打印机（无线网络）,打印机,品牌25,四号纸,无线网络,混合色,16*1*1,2,AK05B,劳拉,收货,上架
AlOv158GWh,白色 品牌13 15英寸 一体机（8吉字节内存）,一体机,品牌13,15英寸,8吉字节内存,白色,16*1*1,11,DF32A,莎拉,收货,上架
TaTR10WoWh,白色 品牌28 1000 桌子（工作站）,桌子,品牌28,1000,工作站,白色,8*1*1,5,BN33C,亚历克斯,收货,上架
CaTE12SlGr,灰色 品牌04 1200 文件柜（滑动式）,文件柜,品牌04,1200,滑动式,灰色,8*1*1,4,BY72G,克里斯,收货,上架
OfSELAdWh,白色 品牌08 大号 办公椅（可调节）,办公椅,品牌08,大号,可调节,白色,16*1*1,2,CL65D,艾米丽,收货,上架
KePH35MePi,粉色 品牌12 350 键盘（机械式）,键盘,品牌12,350,机械式,粉色,16*10*1,109,AF65B,艾米,收货,上架
OfXELHeWh,白色 品牌06 大号 办公椅（头枕）,办公椅,品牌06,大号,头枕,白色,16*1*1,11,DG16E,艾米,收货,上架
SPNa24WaGr,灰色 品牌23 24 触控笔（水彩）,触控笔,品牌23,24,水彩,灰色,48*10*5,2211,AJ77G,迈克,收货,上架
LaRe15i7Bl,黑色 品牌14 15英寸 笔记本电脑（第7代处理器）,笔记本电脑,品牌14,15英寸,第7代处理器,黑色,16*1*1,13,BZ58E,艾米,收货,上架
AlYn1716Si,银色 品牌15 17英寸 一体机（16吉字节内存）,一体机,品牌15,17英寸,16吉字节内存,银色,16*1*1,15,AZ81C,约翰,收货,上架
NoExA4liWh,白色 品牌16 四号纸 笔记本（线条）,笔记本,品牌16,四号纸,线条,白色,48*10*5,301,DQ81A,克里斯,收货,上架
CaTE90SlBl,黑色 品牌04 900 文件柜（滑动式）,文件柜,品牌04,900,滑动式,黑色,8*1*1,6,CJ23A,艾米丽,收货,上架
MoHc45WiBl,黑色 品牌09 450 鼠标（有线）,鼠标,品牌09,450,有线,黑色,16*10*1,136,DF10H,艾米丽,收货,上架
MoPH27ErNa,藏青色 品牌12 270 鼠标（人体工学）,鼠标,品牌12,270,人体工学,藏青色,16*10*1,85,DZ96D,亚历克斯,收货,上架
OfXESErPi,粉色 品牌06 小号 办公椅（人体工学）,办公椅,品牌06,小号,人体工学,粉色,16*1*1,12,DL20G,艾米,收货,上架
OfOGSAdGr,灰色 品牌07 小号 办公椅（可调节）,办公椅,品牌07,小号,可调节,灰色,16*1*1,9,DQ19G,大卫,收货,上架
PrPHA2InMi,混合色 品牌12 二号纸 打印机（喷墨）,打印机,品牌12,二号纸,喷墨,混合色,16*1*1,4,BP70E,克里斯,收货,上架
MoSu27WiWh,白色 品牌11 270 鼠标（有线）,鼠标,品牌11,270,有线,白色,16*10*1,66,DJ89G,迈克,收货,上架
DrRG90LoGr,灰色 品牌03 900 抽屉柜（储物锁柜）,抽屉柜,品牌03,900,储物锁柜,灰色,8*1*1,7,CJ74F,艾米,收货,上架
NoScA5liSi,银色 品牌17 五号纸 笔记本（线条）,笔记本,品牌17,五号纸,线条,银色,48*10*5,2363,BG76A,亚历克斯,收货,上架
TVGn42SFWh,白色 品牌30 42英寸 电视机（超级全高清）,电视机,品牌30,42英寸,超级全高清,白色,8*1*1,5,BP20B,艾米丽,收货,上架
KePH35BlWh,白色 品牌12 350 键盘（蓝牙）,键盘,品牌12,350,蓝牙,白色,16*10*1,50,BP10B,亚历克斯,收货,上架
DrTE12SlBl,黑色 品牌04 1200 抽屉柜（滑动式）,抽屉柜,品牌04,1200,滑动式,黑色,8*1*1,5,CH70A,莎拉,收货,上架
OfXESErGr,灰色 品牌06 小号 办公椅（人体工学）,办公椅,品牌06,小号,人体工学,灰色,16*1*1,7,DP63D,克里斯,收货,上架
NoExA4doSi,银色 品牌16 四号纸 笔记本（点阵）,笔记本,品牌16,四号纸,点阵,银色,48*10*5,2339,AY13A,迈克,收货,上架
LaRe148GSi,银色 品牌14 14英寸 笔记本电脑（8吉字节内存）,笔记本电脑,品牌14,14英寸,8吉字节内存,银色,16*1*1,5,DX37D,克里斯,收货,上架
PrPHA4MoBl,黑色 品牌12 四号纸 打印机（黑白）,打印机,品牌12,四号纸,黑白,黑色,16*1*1,11,AK56G,克里斯,收货,上架
CuQE18LoBe,米色 品牌01 1800 储物柜（储物锁柜）,储物柜,品牌01,1800,储物锁柜,米色,8*1*1,6,BT49G,亚历克斯,收货,上架
OfOGLErBl,黑色 品牌07 大号 办公椅（人体工学）,办公椅,品牌07,大号,人体工学,黑色,16*1*1,3,AX56F,莎拉,收货,上架
TVGn65FHGr,灰色 品牌30 65英寸 电视机（全高清）,电视机,品牌30,65英寸,全高清,灰色,8*1*1,5,CJ45E,艾米丽,收货,上架
NoScA4ruWh,白色 品牌17 四号纸 笔记本（横线）,笔记本,品牌17,四号纸,横线,白色,48*10*5,1974,BI92D,亚历克斯,收货,上架
TaTR15FrGr,灰色 品牌29 1500 桌子（框架式）,桌子,品牌29,1500,框架式,灰色,8*1*1,4,BU54A,劳拉,收货,上架
LaRe14i5Gr,灰色 品牌14 14英寸 笔记本电脑（第5代处理器）,笔记本电脑,品牌14,14英寸,第5代处理器,灰色,16*1*1,1,DY88F,艾米,收货,上架
OfOGLHeBl,黑色 品牌07 大号 办公椅（头枕）,办公椅,品牌07,大号,头枕,黑色,16*1*1,2,AP89G,大卫,收货,上架
PrPHA2AlWh,白色 品牌12 二号纸 打印机（一体式）,打印机,品牌12,二号纸,一体式,白色,16*1*1,7,DZ39E,亚历克斯,收货,上架
MoPH45ErNa,藏青色 品牌12 450 鼠标（人体工学）,鼠标,品牌12,450,人体工学,藏青色,16*10*1,25,DW65B,约翰,收货,上架
DrRG90LoBl,黑色 品牌03 900 抽屉柜（储物锁柜）,抽屉柜,品牌03,900,储物锁柜,黑色,8*1*1,4,CV56A,艾米,收货,上架
OfAEMErBl,黑色 品牌05 中号 办公椅（人体工学）,办公椅,品牌05,中号,人体工学,黑色,16*1*1,2,BS78F,约翰,收货,上架
AlRe17i7Wh,白色 品牌14 17英寸 一体机（第7代处理器）,一体机,品牌14,17英寸,第7代处理器,白色,16*1*1,4,DF89E,约翰,收货,上架
PrReA4WiWh,白色 品牌24 四号纸 打印机（无线网络）,打印机,品牌24,四号纸,无线网络,白色,16*1*1,12,CY90G,克里斯,收货,上架
PrReA2WiBl,黑色 品牌24 二号纸 打印机（无线网络）,打印机,品牌24,二号纸,无线网络,黑色,16*1*1,13,CU69B,迈克,收货,上架
PeGi12HePi,粉色 品牌21 12 铅笔（六角形）,铅笔,品牌21,12,六角形,粉色,48*10*5,441,AH46C,迈克,收货,上架
SPAl24WaPi,粉色 品牌20 24 触控笔（水彩）,触控笔,品牌20,24,水彩,粉色,48*10*5,1208,AW76E,迈克,收货,上架
TVGn75S4Gr,灰色 品牌30 75英寸 电视机（超级超高清）,电视机,品牌30,75英寸,超级超高清,灰色,8*1*1,6,CH82C,艾米,收货,上架
TVEs75SFWh,白色 品牌32 75英寸 电视机（超级全高清）,电视机,品牌32,75英寸,超级全高清,白色,8*1*1,4,BO06E,亚历克斯,收货,上架
LaSu178GBl,黑色 品牌11 17英寸 笔记本电脑（8吉字节内存）,笔记本电脑,品牌11,17英寸,8吉字节内存,黑色,16*1*1,6,DS01F,约翰,收货,上架
TaTR10FrSi,银色 品牌29 1000 桌子（框架式）,桌子,品牌29,1000,框架式,银色,8*1*1,5,DM47E,艾米,收货,上架
NoMuA5liBl,黑色 品牌19 五号纸 笔记本（线条）,笔记本,品牌19,五号纸,线条,黑色,48*10*5,841,DP42G,大卫,收货,上架
DrWE90SlBe,米色 品牌02 900 抽屉柜（滑动式）,抽屉柜,品牌02,900,滑动式,米色,8*1*1,3,BM69F,亚历克斯,收货,上架
CuTE90FiGr,灰色 品牌04 900 储物柜（文件收纳）,储物柜,品牌04,900,文件收纳,灰色,8*1*1,5,AS70B,艾米,收货,上架
GaXELLeWh,白色 品牌06 大号 游戏椅（皮革）,游戏椅,品牌06,大号,皮革,白色,16*1*1,16,DK61C,艾米丽,收货,上架
CaRG90FiGr,灰色 品牌03 900 文件柜（文件收纳）,文件柜,品牌03,900,文件收纳,灰色,8*1*1,2,DI01F,大卫,收货,上架
PeRe50WaWh,白色 品牌22 50 铅笔（水彩）,铅笔,品牌22,50,水彩,白色,48*10*5,1058,CK88D,艾米丽,收货,上架
SPGi24WaPi,粉色 品牌21 24 触控笔（水彩）,触控笔,品牌21,24,水彩,粉色,48*10*5,1475,AN59C,约翰,收货,上架
LaSu148GGr,灰色 品牌11 14英寸 笔记本电脑（8吉字节内存）,笔记本电脑,品牌11,14英寸,8吉字节内存,灰色,16*1*1,11,CS85C,迈克,收货,上架
CaQE18FiWh,白色 品牌01 1800 文件柜（文件收纳）,文件柜,品牌01,1800,文件收纳,白色,8*1*1,2,AX08F,迈克,收货,上架
MoRe35ErNa,藏青色 品牌10 350 鼠标（人体工学）,鼠标,品牌10,350,人体工学,藏青色,16*10*1,101,DH43F,迈克,收货,上架
PeNa24WaPi,粉色 品牌23 24 铅笔（水彩）,铅笔,品牌23,24,水彩,粉色,48*10*5,348,CR33G,迈克,收货,上架
GaAESLePi,粉色 品牌05 小号 游戏椅（皮革）,游戏椅,品牌05,小号,皮革,粉色,16*1*1,3,DH28B,劳拉,收货,上架
TVYn324KSi,银色 品牌15 32英寸 电视机（超高清）,电视机,品牌15,32英寸,超高清,银色,8*1*1,2,CL26F,大卫,收货,上架
PeAl50HeGr,灰色 品牌20 50 铅笔（六角形）,铅笔,品牌20,50,六角形,灰色,48*10*5,730,CL50F,简,收货,上架
TVGL654KGr,灰色 品牌31 65英寸 电视机（超高清）,电视机,品牌31,65英寸,超高清,灰色,8*1*1,3,CL32G,艾米,收货,上架
PrNoA4LaMi,混合色 品牌26 四号纸 打印机（激光）,打印机,品牌26,四号纸,激光,混合色,16*1*1,4,BO33E,大卫,收货,上架
TVGL424KGr,灰色 品牌31 42英寸 电视机（超高清）,电视机,品牌31,42英寸,超高清,灰色,8*1*1,8,AQ68F,艾米丽,收货,上架
TVYn42SFSi,银色 品牌15 42英寸 电视机（超级全高清）,电视机,品牌15,42英寸,超级全高清,银色,8*1*1,7,BN01D,约翰,收货,上架
TVYn504KBl,黑色 品牌15 50英寸 电视机（超高清）,电视机,品牌15,50英寸,超高清,黑色,8*1*1,8,AS80C,克里斯,收货,上架
AlRe14i5Si,银色 品牌14 14英寸 一体机（第5代处理器）,一体机,品牌14,14英寸,第5代处理器,银色,16*1*1,9,DT68B,简,收货,上架
CuQE18LoGr,灰色 品牌01 1800 储物柜（储物锁柜）,储物柜,品牌01,1800,储物锁柜,灰色,8*1*1,7,BH45F,约翰,收货,上架
KeSu35WiBl,黑色 品牌11 350 键盘（有线）,键盘,品牌11,350,有线,黑色,16*10*1,26,BJ97G,劳拉,收货,上架
NoGrA3ruBl,黑色 品牌18 三号纸 笔记本（横线）,笔记本,品牌18,三号纸,横线,黑色,48*10*5,1110,BK73F,克里斯,收货,上架
TVYn32S4Gr,灰色 品牌15 32英寸 电视机（超级超高清）,电视机,品牌15,32英寸,超级超高清,灰色,8*1*1,5,DS24B,大卫,收货,上架
OfOGMHeBl,黑色 品牌07 中号 办公椅（头枕）,办公椅,品牌07,中号,头枕,黑色,16*1*1,1,CS65H,劳拉,收货,上架
DrQE90DoWh,白色 品牌01 900 抽屉柜（带门式）,抽屉柜,品牌01,900,带门式,白色,8*1*1,1,AZ19E,简,收货,上架
GaXELHePi,粉色 品牌06 大号 游戏椅（头枕）,游戏椅,品牌06,大号,头枕,粉色,16*1*1,10,DF16E,简,收货,上架
PeGi50WaPi,粉色 品牌21 50 铅笔（水彩）,铅笔,品牌21,50,水彩,粉色,48*10*5,1900,DM12B,莎拉,收货,上架
TVEs32FHGr,灰色 品牌32 32英寸 电视机（全高清）,电视机,品牌32,32英寸,全高清,灰色,8*1*1,1,DL89H,大卫,收货,上架
NoExA5liBl,黑色 品牌16 五号纸 笔记本（线条）,笔记本,品牌16,五号纸,线条,黑色,48*10*5,824,BN24D,劳拉,收货,上架
OfSELHeBl,黑色 品牌08 大号 办公椅（头枕）,办公椅,品牌08,大号,头枕,黑色,16*1*1,5,BT86B,克里斯,收货,上架
TVGn65FHWh,白色 品牌30 65英寸 电视机（全高清）,电视机,品牌30,65英寸,全高清,白色,8*1*1,8,BN35F,艾米,收货,上架
GaAEMHeBl,黑色 品牌05 中号 游戏椅（头枕）,游戏椅,品牌05,中号,头枕,黑色,16*1*1,14,DW28B,劳拉,收货,上架
TVGn424KWh,白色 品牌30 42英寸 电视机（超高清）,电视机,品牌30,42英寸,超高清,白色,8*1*1,1,AK11B,迈克,收货,上架
NoScA5doWh,白色 品牌17 五号纸 笔记本（点阵）,笔记本,品牌17,五号纸,点阵,白色,48*10*5,806,CO24C,约翰,收货,上架
LaPH17i7Wh,白色 品牌12 17英寸 笔记本电脑（第7代处理器）,笔记本电脑,品牌12,17英寸,第7代处理器,白色,16*1*1,7,AG85H,约翰,收货,上架
GaAEMErWh,白色 品牌05 中号 游戏椅（人体工学）,游戏椅,品牌05,中号,人体工学,白色,16*1*1,3,DO97E,艾米,收货,上架
SPNa50WaGr,灰色 品牌23 50 触控笔（水彩）,触控笔,品牌23,50,水彩,灰色,48*10*5,2010,AU76A,亚历克斯,收货,上架
KeHc27ErBl,黑色 品牌09 270 键盘（人体工学）,键盘,品牌09,270,人体工学,黑色,16*10*1,119,BU61E,克里斯,收货,上架
OfXELHePi,粉色 品牌06 大号 办公椅（头枕）,办公椅,品牌06,大号,头枕,粉色,16*1*1,3,BP92C,大卫,收货,上架
DrRG12DoGr,灰色 品牌03 1200 抽屉柜（带门式）,抽屉柜,品牌03,1200,带门式,灰色,8*1*1,3,CP23F,克里斯,收货,上架
OfOGLAdPi,粉色 品牌07 大号 办公椅（可调节）,办公椅,品牌07,大号,可调节,粉色,16*1*1,11,CM91A,艾米丽,收货,上架
PeRe12SoGr,灰色 品牌22 12 铅笔（可溶性）,铅笔,品牌22,12,可溶性,灰色,48*10*5,1093,CM41H,劳拉,收货,上架
NoScA3ruWh,白色 品牌17 三号纸 笔记本（横线）,笔记本,品牌17,三号纸,横线,白色,48*10*5,2223,CP41B,艾米,收货,上架
CaQE18DoWh,白色 品牌01 1800 文件柜（带门式）,文件柜,品牌01,1800,带门式,白色,8*1*1,5,BS06E,约翰,收货,上架
OfSELHeGr,灰色 品牌08 大号 办公椅（头枕）,办公椅,品牌08,大号,头枕,灰色,16*1*1,9,AN26H,劳拉,收货,上架
KeHc45BlPi,粉色 品牌09 450 键盘（蓝牙）,键盘,品牌09,450,蓝牙,粉色,16*10*1,67,AX54D,克里斯,收货,上架
TaCI15AuWh,白色 品牌27 1500 桌子（自动调节）,桌子,品牌27,1500,自动调节,白色,8*1*1,1,BF35F,艾米丽,收货,上架
AlOv17i7Si,银色 品牌13 17英寸 一体机（第7代处理器）,一体机,品牌13,17英寸,第7代处理器,银色,16*1*1,11,BZ28G,劳拉,收货,上架
AlOv14i7Gr,灰色 品牌13 14英寸 一体机（第7代处理器）,一体机,品牌13,14英寸,第7代处理器,灰色,16*1*1,6,BR13H,莎拉,收货,上架
LaYn14i7Gr,灰色 品牌15 14英寸 笔记本电脑（第7代处理器）,笔记本电脑,品牌15,14英寸,第7代处理器,灰色,16*1*1,14,BJ33F,简,收货,上架
SPGi50WaGr,灰色 品牌21 50 触控笔（水彩）,触控笔,品牌21,50,水彩,灰色,48*10*5,1327,DH67A,莎拉,收货,上架
OfSESHeGr,灰色 品牌08 小号 办公椅（头枕）,办公椅,品牌08,小号,头枕,灰色,16*1*1,4,CW24F,艾米,收货,上架
TaTR10WoWh,白色 品牌28 1000 桌子（工作站）,桌子,品牌28,1000,工作站,白色,8*1*1,1,DG32F,莎拉,收货,上架
OfAEMAdGr,灰色 品牌05 中号 办公椅（可调节）,办公椅,品牌05,中号,可调节,灰色,16*1*1,12,CW02G,亚历克斯,收货,上架
AlOv1732Bl,黑色 品牌13 17英寸 一体机（32吉字节内存）,一体机,品牌13,17英寸,32吉字节内存,黑色,16*1*1,10,AX52D,莎拉,收货,上架
TVEs42S4Wh,白色 品牌32 42英寸 电视机（超级超高清）,电视机,品牌32,42英寸,超级超高清,白色,8*1*1,2,AL02H,克里斯,收货,上架
DrRG18FiWh,白色 品牌03 1800 抽屉柜（文件收纳）,抽屉柜,品牌03,1800,文件收纳,白色,8*1*1,7,DI15F,克里斯,收货,上架
AlYn17i5Bl,黑色 品牌15 17英寸 一体机（第5代处理器）,一体机,品牌15,17英寸,第5代处理器,黑色,16*1*1,13,BO71D,简,收货,上架
TVGL42S4Gr,灰色 品牌31 42英寸 电视机（超级超高清）,电视机,品牌31,42英寸,超级超高清,灰色,8*1*1,7,BN17B,艾米,收货,上架
AlPH1716Si,银色 品牌12 17英寸 一体机（16吉字节内存）,一体机,品牌12,17英寸,16吉字节内存,银色,16*1*1,12,AT97D,艾米丽,收货,上架
KePH35BlPi,粉色 品牌12 350 键盘（蓝牙）,键盘,品牌12,350,蓝牙,粉色,16*10*1,153,DG46F,劳拉,收货,上架
MoHc35MeBl,黑色 品牌09 350 鼠标（机械式）,鼠标,品牌09,350,机械式,黑色,16*10*1,60,BX70D,莎拉,收货,上架
AlOv17i7Si,银色 品牌13 17英寸 一体机（第7代处理器）,一体机,品牌13,17英寸,第7代处理器,银色,16*1*1,11,BT90F,迈克,收货,上架
TVGn754KGr,灰色 品牌30 75英寸 电视机（超高清）,电视机,品牌30,75英寸,超高清,灰色,8*1*1,7,BH56G,克里斯,收货,上架
TaTR18FrGr,灰色 品牌28 1800 桌子（框架式）,桌子,品牌28,1800,框架式,灰色,8*1*1,4,DK81D,克里斯,收货,上架
AlYn148GGr,灰色 品牌15 14英寸 一体机（8吉字节内存）,一体机,品牌15,14英寸,8吉字节内存,灰色,16*1*1,15,AT04D,约翰,收货,上架
TaTR10WoBl,黑色 品牌28 1000 桌子（工作站）,桌子,品牌28,1000,工作站,黑色,8*1*1,6,AN92E,劳拉,收货,上架
DrQE90SlGr,灰色 品牌01 900 抽屉柜（滑动式）,抽屉柜,品牌01,900,滑动式,灰色,8*1*1,1,AO07C,莎拉,收货,上架
CaQE12LoBl,黑色 品牌01 1200 文件柜（储物锁柜）,文件柜,品牌01,1200,储物锁柜,黑色,8*1*1,1,CP56E,艾米丽,收货,上架
LaSu178GGr,灰色 品牌11 17英寸 笔记本电脑（8吉字节内存）,笔记本电脑,品牌11,17英寸,8吉字节内存,灰色,16*1*1,8,CR32A,简,收货,上架
NoMuA3ruGr,灰色 品牌19 三号纸 笔记本（横线）,笔记本,品牌19,三号纸,横线,灰色,48*10*5,321,DR14E,莎拉,收货,上架
DrTE18LoBl,黑色 品牌04 1800 抽屉柜（储物锁柜）,抽屉柜,品牌04,1800,储物锁柜,黑色,8*1*1,4,DP51G,劳拉,收货,上架
PeGi24HeWh,白色 品牌21 24 铅笔（六角形）,铅笔,品牌21,24,六角形,白色,48*10*5,1577,AH70F,亚历克斯,收货,上架
CaRG18FiGr,灰色 品牌03 1800 文件柜（文件收纳）,文件柜,品牌03,1800,文件收纳,灰色,8*1*1,6,AY35B,克里斯,收货,上架
AlPH1416Si,银色 品牌12 14英寸 一体机（16吉字节内存）,一体机,品牌12,14英寸,16吉字节内存,银色,16*1*1,5,DO80A,劳拉,收货,上架
LaPH178GGr,灰色 品牌12 17英寸 笔记本电脑（8吉字节内存）,笔记本电脑,品牌12,17英寸,8吉字节内存,灰色,16*1*1,13,BG57A,迈克,收货,上架
TVGL75SFGr,灰色 品牌31 75英寸 电视机（超级全高清）,电视机,品牌31,75英寸,超级全高清,灰色,8*1*1,1,BM96A,莎拉,收货,上架
PrPHA3MoBl,黑色 品牌12 三号纸 打印机（黑白）,打印机,品牌12,三号纸,黑白,黑色,16*1*1,8,BJ15E,简,收货,上架
LaYn17i7Si,银色 品牌15 17英寸 笔记本电脑（第7代处理器）,笔记本电脑,品牌15,17英寸,第7代处理器,银色,16*1*1,13,BU65H,亚历克斯,收货,上架
TVYn50FHWh,白色 品牌15 50英寸 电视机（全高清）,电视机,品牌15,50英寸,全高清,白色,8*1*1,2,AJ32F,劳拉,收货,上架
DrWE18DoWh,白色 品牌02 1800 抽屉柜（带门式）,抽屉柜,品牌02,1800,带门式,白色,8*1*1,5,AQ71A,大卫,收货,上架
CaTE12FiWh,白色 品牌04 1200 文件柜（文件收纳）,文件柜,品牌04,1200,文件收纳,白色,8*1*1,3,AN95F,迈克,收货,上架
AlYn14i5Gr,灰色 品牌15 14英寸 一体机（第5代处理器）,一体机,品牌15,14英寸,第5代处理器,灰色,16*1*1,2,DR74F,简,收货,上架
GaOGSHeWh,白色 品牌07 小号 游戏椅（头枕）,游戏椅,品牌07,小号,头枕,白色,16*1*1,8,DM15B,约翰,收货,上架
TVGn50FHGr,灰色 品牌30 50英寸 电视机（全高清）,电视机,品牌30,50英寸,全高清,灰色,8*1*1,4,DV43H,艾米丽,收货,上架
OfSESHePi,粉色 品牌08 小号 办公椅（头枕）,办公椅,品牌08,小号,头枕,粉色,16*1*1,1,BT30C,迈克,收货,上架
GaOGLHeGr,灰色 品牌07 大号 游戏椅（头枕）,游戏椅,品牌07,大号,头枕,灰色,16*1*1,5,BK71B,劳拉,收货,上架
TaTR18FrSi,银色 品牌28 1800 桌子（框架式）,桌子,品牌28,1800,框架式,银色,8*1*1,1,AJ80C,亚历克斯,收货,上架
TaAE10WoSi,银色 品牌05 1000 桌子（工作站）,桌子,品牌05,1000,工作站,银色,8*1*1,5,DI21A,简,收货,上架
LaYn148GBl,黑色 品牌15 14英寸 笔记本电脑（8吉字节内存）,笔记本电脑,品牌15,14英寸,8吉字节内存,黑色,16*1*1,15,DY37G,莎拉,收货,上架
AlOv1532Bl,黑色 品牌13 15英寸 一体机（32吉字节内存）,一体机,品牌13,15英寸,32吉字节内存,黑色,16*1*1,11,AZ63H,克里斯,收货,上架
OfOGLErPi,粉色 品牌07 大号 办公椅（人体工学）,办公椅,品牌07,大号,人体工学,粉色,16*1*1,12,AG08H,迈克,收货,上架
DrWE12SlBe,米色 品牌02 1200 抽屉柜（滑动式）,抽屉柜,品牌02,1200,滑动式,米色,8*1*1,8,DO58A,劳拉,收货,上架
TaCI18WoGr,灰色 品牌27 1800 桌子（工作站）,桌子,品牌27,1800,工作站,灰色,8*1*1,6,AU34C,迈克,收货,上架
TVGL654KBl,黑色 品牌31 65英寸 电视机（超高清）,电视机,品牌31,65英寸,超高清,黑色,8*1*1,4,DH38H,艾米,收货,上架
PrPHA4WiWh,白色 品牌12 四号纸 打印机（无线网络）,打印机,品牌12,四号纸,无线网络,白色,16*1*1,11,AG61G,简,收货,上架
TVGn50FHGr,灰色 品牌30 50英寸 电视机（全高清）,电视机,品牌30,50英寸,全高清,灰色,8*1*1,1,AQ90H,艾米,收货,上架
MoPH27WiBl,黑色 品牌12 270 鼠标（有线）,鼠标,品牌12,270,有线,黑色,16*10*1,35,DU10D,约翰,收货,上架
SPAl24HeGr,灰色 品牌20 24 触控笔（六角形）,触控笔,品牌20,24,六角形,灰色,48*10*5,2250,CV75G,约翰,收货,上架
CaRG90DoBe,米色 品牌03 900 文件柜（带门式）,文件柜,品牌03,900,带门式,米色,8*1*1,2,BP73A,克里斯,收货,上架
CuRG12DoGr,灰色 品牌03 1200 储物柜（带门式）,储物柜,品牌03,1200,带门式,灰色,8*1*1,2,BN66F,艾米丽,收货,上架
OfAESLePi,粉色 品牌05 小号 办公椅（皮革）,办公椅,品牌05,小号,皮革,粉色,16*1*1,12,DF55H,莎拉,收货,上架
CaQE90FiBl,黑色 品牌01 900 文件柜（文件收纳）,文件柜,品牌01,900,文件收纳,黑色,8*1*1,5,AR18G,大卫,收货,上架
KeRe27ErWh,白色 品牌10 270 键盘（人体工学）,键盘,品牌10,270,人体工学,白色,16*10*1,83,AZ64F,艾米,收货,上架
CuRG18FiWh,白色 品牌03 1800 储物柜（文件收纳）,储物柜,品牌03,1800,文件收纳,白色,8*1*1,8,AT89B,艾米丽,收货,上架
LaSu15i7Si,银色 品牌11 15英寸 笔记本电脑（第7代处理器）,笔记本电脑,品牌11,15英寸,第7代处理器,银色,16*1*1,15,CV70H,艾米丽,收货,上架
TVYn42SFSi,银色 品牌15 42英寸 电视机（超级全高清）,电视机,品牌15,42英寸,超级全高清,银色,8*1*1,1,AZ23D,克里斯,收货,上架
TVGL324KSi,银色 品牌31 32英寸 电视机（超高清）,电视机,品牌31,32英寸,超高清,银色,8*1*1,7,BK95B,艾米,收货,上架
SPRe12SoWh,白色 品牌22 12 触控笔（可溶性）,触控笔,品牌22,12,可溶性,白色,48*10*5,1202,BO40C,约翰,收货,上架
GaXEMAdBl,黑色 品牌06 中号 游戏椅（可调节）,游戏椅,品牌06,中号,可调节,黑色,16*1*1,5,DJ05B,亚历克斯,收货,上架
CuQE90DoGr,灰色 品牌01 900 储物柜（带门式）,储物柜,品牌01,900,带门式,灰色,8*1*1,3,AT54D,简,收货,上架
OfAEMErPi,粉色 品牌05 中号 办公椅（人体工学）,办公椅,品牌05,中号,人体工学,粉色,16*1*1,4,DV71H,克里斯,收货,上架
PeRe24WaGr,灰色 品牌22 24 铅笔（水彩）,铅笔,品牌22,24,水彩,灰色,48*10*5,719,BK48G,亚历克斯,收货,上架
AlSu1516Si,银色 品牌11 15英寸 一体机（16吉字节内存）,一体机,品牌11,15英寸,16吉字节内存,银色,16*1*1,7,AI11E,简,收货,上架
TaAE10AuSi,银色 品牌05 1000 桌子（自动调节）,桌子,品牌05,1000,自动调节,银色,8*1*1,5,CM82D,艾米丽,收货,上架
OfSELErPi,粉色 品牌08 大号 办公椅（人体工学）,办公椅,品牌08,大号,人体工学,粉色,16*1*1,15,DF47A,亚历克斯,收货,上架
KeRe27MePi,粉色 品牌10 270 键盘（机械式）,键盘,品牌10,270,机械式,粉色,16*10*1,112,AI97A,克里斯,收货,上架
TVGL32FHSi,银色 品牌31 32英寸 电视机（全高清）,电视机,品牌31,32英寸,全高清,银色,8*1*1,5,AH59G,艾米,收货,上架
KeHc35MeBl,黑色 品牌09 350 键盘（机械式）,键盘,品牌09,350,机械式,黑色,16*10*1,83,BW98F,大卫,收货,上架
PrReA3LaMi,混合色 品牌24 三号纸 打印机（激光）,打印机,品牌24,三号纸,激光,混合色,16*1*1,2,BI80H,亚历克斯,收货,上架
CuWE18SlWh,白色 品牌02 1800 储物柜（滑动式）,储物柜,品牌02,1800,滑动式,白色,8*1*1,4,AY77D,迈克,收货,上架
OfAELErPi,粉色 品牌05 大号 办公椅（人体工学）,办公椅,品牌05,大号,人体工学,粉色,16*1*1,2,DT28H,简,收货,上架
MoSu27ErBl,黑色 品牌11 270 鼠标（人体工学）,鼠标,品牌11,270,人体工学,黑色,16*10*1,132,CX49E,艾米丽,收货,上架
LaRe17i7Si,银色 品牌14 17英寸 笔记本电脑（第7代处理器）,笔记本电脑,品牌14,17英寸,第7代处理器,银色,16*1*1,9,CQ47F,大卫,收货,上架
CaQE12LoBl,黑色 品牌01 1200 文件柜（储物锁柜）,文件柜,品牌01,1200,储物锁柜,黑色,8*1*1,3,DU05C,艾米,收货,上架
CaQE12LoBe,米色 品牌01 1200 文件柜（储物锁柜）,文件柜,品牌01,1200,储物锁柜,米色,8*1*1,2,AT91E,约翰,收货,上架
TVGn504KSi,银色 品牌30 50英寸 电视机（超高清）,电视机,品牌30,50英寸,超高清,银色,8*1*1,3,CI11G,约翰,收货,上架
PrNoA3MoBl,黑色 品牌26 三号纸 打印机（黑白）,打印机,品牌26,三号纸,黑白,黑色,16*1*1,16,CK90G,大卫,收货,上架
LaRe15i5Gr,灰色 品牌14 15英寸 笔记本电脑（第5代处理器）,笔记本电脑,品牌14,15英寸,第5代处理器,灰色,16*1*1,1,BJ08F,亚历克斯,收货,上架
AlOv14i5Si,银色 品牌13 14英寸 一体机（第5代处理器）,一体机,品牌13,14英寸,第5代处理器,银色,16*1*1,13,AG68F,约翰,收货,上架
NoGrA4doSi,银色 品牌18 四号纸 笔记本（点阵）,笔记本,品牌18,四号纸,点阵,银色,48*10*5,208,CF69E,大卫,收货,上架
LaOv15i5Wh,白色 品牌13 15英寸 笔记本电脑（第5代处理器）,笔记本电脑,品牌13,15英寸,第5代处理器,白色,16*1*1,1,AR77C,大卫,收货,上架
PrNoA4LaGr,灰色 品牌26 四号纸 打印机（激光）,打印机,品牌26,四号纸,激光,灰色,16*1*1,4,AU14H,莎拉,收货,上架
MoSu35BlWh,白色 品牌11 350 鼠标（蓝牙）,鼠标,品牌11,350,蓝牙,白色,16*10*1,61,DK79D,大卫,收货,上架
AlRe1416Si,银色 品牌14 14英寸 一体机（16吉字节内存）,一体机,品牌14,14英寸,16吉字节内存,银色,16*1*1,10,CO80C,艾米丽,收货,上架
LaOv1732Si,银色 品牌13 17英寸 笔记本电脑（32吉字节内存）,笔记本电脑,品牌13,17英寸,32吉字节内存,银色,16*1*1,6,DG67D,迈克,收货,上架
KeSu27MeWh,白色 品牌11 270 键盘（机械式）,键盘,品牌11,270,机械式,白色,16*10*1,116,BT69E,简,收货,上架
AlSu1432Bl,黑色 品牌11 14英寸 一体机（32吉字节内存）,一体机,品牌11,14英寸,32吉字节内存,黑色,16*1*1,2,BJ59A,简,收货,上架
CaRG90FiGr,灰色 品牌03 900 文件柜（文件收纳）,文件柜,品牌03,900,文件收纳,灰色,8*1*1,7,AF77D,大卫,收货,上架
NoGrA3liWh,白色 品牌18 三号纸 笔记本（线条）,笔记本,品牌18,三号纸,线条,白色,48*10*5,222,DJ77D,艾米丽,收货,上架
TVGn754KSi,银色 品牌30 75英寸 电视机（超高清）,电视机,品牌30,75英寸,超高清,银色,8*1*1,6,BM28F,克里斯,收货,上架
CuWE18FiWh,白色 品牌02 1800 储物柜（文件收纳）,储物柜,品牌02,1800,文件收纳,白色,8*1*1,8,DM82A,亚历克斯,收货,上架
KeSu35MeNa,藏青色 品牌11 350 键盘（机械式）,键盘,品牌11,350,机械式,藏青色,16*10*1,117,DJ61C,克里斯,收货,上架
TVEs654KSi,银色 品牌32 65英寸 电视机（超高清）,电视机,品牌32,65英寸,超高清,银色,8*1*1,2,BZ21D,莎拉,收货,上架
CuTE18SlWh,白色 品牌04 1800 储物柜（滑动式）,储物柜,品牌04,1800,滑动式,白色,8*1*1,5,BK76E,大卫,收货,上架
OfSESLeWh,白色 品牌08 小号 办公椅（皮革）,办公椅,品牌08,小号,皮革,白色,16*1*1,5,BN23E,亚历克斯,收货,上架
OfAELHeBl,黑色 品牌05 大号 办公椅（头枕）,办公椅,品牌05,大号,头枕,黑色,16*1*1,1,CH93F,迈克,收货,上架
PrNoA2WiGr,灰色 品牌26 二号纸 打印机（无线网络）,打印机,品牌26,二号纸,无线网络,灰色,16*1*1,7,CR91A,简,收货,上架
TVYn75FHGr,灰色 品牌15 75英寸 电视机（全高清）,电视机,品牌15,75英寸,全高清,灰色,8*1*1,4,AU82F,艾米,收货,上架
PeRe12HeGr,灰色 品牌22 12 铅笔（六角形）,铅笔,品牌22,12,六角形,灰色,48*10*5,1776,DV91D,亚历克斯,收货,上架
LaPH158GGr,灰色 品牌12 15英寸 笔记本电脑（8吉字节内存）,笔记本电脑,品牌12,15英寸,8吉字节内存,灰色,16*1*1,5,BM16B,迈克,收货,上架
OfAESErBl,黑色 品牌05 小号 办公椅（人体工学）,办公椅,品牌05,小号,人体工学,黑色,16*1*1,16,CI45G,迈克,收货,上架
PeGi12SoPi,粉色 品牌21 12 铅笔（可溶性）,铅笔,品牌21,12,可溶性,粉色,48*10*5,1978,AK80C,大卫,收货,上架
CaWE90LoBl,黑色 品牌02 900 文件柜（储物锁柜）,文件柜,品牌02,900,储物锁柜,黑色,8*1*1,3,DU93A,简,收货,上架
CaQE12LoGr,灰色 品牌01 1200 文件柜（储物锁柜）,文件柜,品牌01,1200,储物锁柜,灰色,8*1*1,6,BR87A,简,收货,上架
NoExA5liWh,白色 品牌16 五号纸 笔记本（线条）,笔记本,品牌16,五号纸,线条,白色,48*10*5,771,DR42E,约翰,收货,上架
PrPHA4InGr,灰色 品牌12 四号纸 打印机（喷墨）,打印机,品牌12,四号纸,喷墨,灰色,16*1*1,13,CO17C,艾米丽,收货,上架
LaYn14i7Bl,黑色 品牌15 14英寸 笔记本电脑（第7代处理器）,笔记本电脑,品牌15,14英寸,第7代处理器,黑色,16*1*1,10,AQ15D,艾米,收货,上架
AlPH15i7Gr,灰色 品牌12 15英寸 一体机（第7代处理器）,一体机,品牌12,15英寸,第7代处理器,灰色,16*1*1,2,DP57F,简,收货,上架
CaTE18LoBl,黑色 品牌04 1800 文件柜（储物锁柜）,文件柜,品牌04,1800,储物锁柜,黑色,8*1*1,6,BQ02E,大卫,收货,上架
OfSEMErGr,灰色 品牌08 中号 办公椅（人体工学）,办公椅,品牌08,中号,人体工学,灰色,16*1*1,4,DI49E,约翰,收货,上架
OfSELLeWh,白色 品牌08 大号 办公椅（皮革）,办公椅,品牌08,大号,皮革,白色,16*1*1,2,BH25H,莎拉,收货,上架
DrRG18LoWh,白色 品牌03 1800 抽屉柜（储物锁柜）,抽屉柜,品牌03,1800,储物锁柜,白色,8*1*1,5,CY86C,迈克,收货,上架
PrSoA3LaMi,混合色 品牌25 三号纸 打印机（激光）,打印机,品牌25,三号纸,激光,混合色,16*1*1,6,AL12H,艾米,收货,上架
AlYn1716Bl,黑色 品牌15 17英寸 一体机（16吉字节内存）,一体机,品牌15,17英寸,16吉字节内存,黑色,16*1*1,6,DY54B,劳拉,收货,上架
TVEs50SFWh,白色 品牌32 50英寸 电视机（超级全高清）,电视机,品牌32,50英寸,超级全高清,白色,8*1*1,8,DZ06G,莎拉,收货,上架
LaRe178GWh,白色 品牌14 17英寸 笔记本电脑（8吉字节内存）,笔记本电脑,品牌14,17英寸,8吉字节内存,白色,16*1*1,8,AJ72G,劳拉,收货,上架
PeGi50SoBl,黑色 品牌21 50 铅笔（可溶性）,铅笔,品牌21,50,可溶性,黑色,48*10*5,2379,DL20A,迈克,收货,上架
MoPH35WiNa,藏青色 品牌12 350 鼠标（有线）,鼠标,品牌12,350,有线,藏青色,16*10*1,97,BV92A,克里斯,收货,上架
KeRe27MePi,粉色 品牌10 270 键盘（机械式）,键盘,品牌10,270,机械式,粉色,16*10*1,7,DQ62G,克里斯,收货,上架
AlYn1532Bl,黑色 品牌15 15英寸 一体机（32吉字节内存）,一体机,品牌15,15英寸,32吉字节内存,黑色,16*1*1,6,AN11A,大卫,收货,上架
PrReA2MoGr,灰色 品牌24 二号纸 打印机（黑白）,打印机,品牌24,二号纸,黑白,灰色,16*1*1,8,BR55H,简,收货,上架
MoSu45BlNa,藏青色 品牌11 450 鼠标（蓝牙）,鼠标,品牌11,450,蓝牙,藏青色,16*10*1,35,CZ66H,艾米丽,收货,上架
PrNoA3WiMi,混合色 品牌26 三号纸 打印机（无线网络）,打印机,品牌26,三号纸,无线网络,混合色,16*1*1,14,CW26E,克里斯,收货,上架
SPAl24WaPi,粉色 品牌20 24 触控笔（水彩）,触控笔,品牌20,24,水彩,粉色,48*10*5,335,AF40G,迈克,收货,上架
PrReA2WiGr,灰色 品牌24 二号纸 打印机（无线网络）,打印机,品牌24,二号纸,无线网络,灰色,16*1*1,14,AO46H,迈克,收货,上架
NoExA3ruGr,灰色 品牌16 三号纸 笔记本（横线）,笔记本,品牌16,三号纸,横线,灰色,48*10*5,2186,AN72D,莎拉,收货,上架
GaXELHeWh,白色 品牌06 大号 游戏椅（头枕）,游戏椅,品牌06,大号,头枕,白色,16*1*1,6,BF28G,艾米丽,收货,上架
CuQE90LoGr,灰色 品牌01 900 储物柜（储物锁柜）,储物柜,品牌01,900,储物锁柜,灰色,8*1*1,5,CW33G,莎拉,收货,上架
LaPH178GWh,白色 品牌12 17英寸 笔记本电脑（8吉字节内存）,笔记本电脑,品牌12,17英寸,8吉字节内存,白色,16*1*1,3,DO02G,亚历克斯,收货,上架
MoPH45MePi,粉色 品牌12 450 鼠标（机械式）,鼠标,品牌12,450,机械式,粉色,16*10*1,142,DO57D,艾米丽,收货,上架
TVGL654KSi,银色 品牌31 65英寸 电视机（超高清）,电视机,品牌31,65英寸,超高清,银色,8*1*1,3,AI30H,艾米,收货,上架
AlYn148GBl,黑色 品牌15 14英寸 一体机（8吉字节内存）,一体机,品牌15,14英寸,8吉字节内存,黑色,16*1*1,10,BQ11C,艾米丽,收货,上架
PeAl12WaGr,灰色 品牌20 12 铅笔（水彩）,铅笔,品牌20,12,水彩,灰色,48*10*5,1707,BG70H,亚历克斯,收货,上架
OfOGLLeWh,白色 品牌07 大号 办公椅（皮革）,办公椅,品牌07,大号,皮革,白色,16*1*1,6,CW82B,艾米,收货,上架
LaRe158GGr,灰色 品牌14 15英寸 笔记本电脑（8吉字节内存）,笔记本电脑,品牌14,15英寸,8吉字节内存,灰色,16*1*1,7,CJ01F,亚历克斯,收货,上架
AlYn1532Wh,白色 品牌15 15英寸 一体机（32吉字节内存）,一体机,品牌15,15英寸,32吉字节内存,白色,16*1*1,11,BR69A,迈克,收货,上架
NoGrA5ruSi,银色 品牌18 五号纸 笔记本（横线）,笔记本,品牌18,五号纸,横线,银色,48*10*5,629,DU17D,亚历克斯,收货,上架
TaCI15FrSi,银色 品牌27 1500 桌子（框架式）,桌子,品牌27,1500,框架式,银色,8*1*1,4,DK55G,简,收货,上架
TaTR18WoBl,黑色 品牌28 1800 桌子（工作站）,桌子,品牌28,1800,工作站,黑色,8*1*1,3,AU98G,劳拉,收货,上架
LaPH1516Gr,灰色 品牌12 15英寸 笔记本电脑（16吉字节内存）,笔记本电脑,品牌12,15英寸,16吉字节内存,灰色,16*1*1,4,CY98F,艾米,收货,上架
OfOGLLeBl,黑色 品牌07 大号 办公椅（皮革）,办公椅,品牌07,大号,皮革,黑色,16*1*1,9,AF46G,莎拉,收货,上架
PrSoA4InMi,混合色 品牌25 四号纸 打印机（喷墨）,打印机,品牌25,四号纸,喷墨,混合色,16*1*1,7,BO38A,迈克,收货,上架
PeGi12WaPi,粉色 品牌21 12 铅笔（水彩）,铅笔,品牌21,12,水彩,粉色,48*10*5,2191,CW32D,克里斯,收货,上架
GaXESErGr,灰色 品牌06 小号 游戏椅（人体工学）,游戏椅,品牌06,小号,人体工学,灰色,16*1*1,8,DT41B,大卫,收货,上架
TVGL424KSi,银色 品牌31 42英寸 电视机（超高清）,电视机,品牌31,42英寸,超高清,银色,8*1*1,3,AJ76A,迈克,收货,上架
PrNoA4InWh,白色 品牌26 四号纸 打印机（喷墨）,打印机,品牌26,四号纸,喷墨,白色,16*1*1,12,AN23B,艾米丽,收货,上架
GaXESLeGr,灰色 品牌06 小号 游戏椅（皮革）,游戏椅,品牌06,小号,皮革,灰色,16*1*1,5,CS69H,亚历克斯,收货,上架
KePH35WiPi,粉色 品牌12 350 键盘（有线）,键盘,品牌12,350,有线,粉色,16*10*1,6,DL16H,亚历克斯,收货,上架
OfXESAdPi,粉色 品牌06 小号 办公椅（可调节）,办公椅,品牌06,小号,可调节,粉色,16*1*1,15,DO32G,劳拉,收货,上架
CuWE12SlBl,黑色 品牌02 1200 储物柜（滑动式）,储物柜,品牌02,1200,滑动式,黑色,8*1*1,7,DZ08A,艾米,收货,上架
PrNoA3AlWh,白色 品牌26 三号纸 打印机（一体式）,打印机,品牌26,三号纸,一体式,白色,16*1*1,15,CK92A,克里斯,收货,上架
SPRe24WaPi,粉色 品牌22 24 触控笔（水彩）,触控笔,品牌22,24,水彩,粉色,48*10*5,1272,AK79B,迈克,收货,上架
CaTE12SlBe,米色 品牌04 1200 文件柜（滑动式）,文件柜,品牌04,1200,滑动式,米色,8*1*1,2,DM89B,艾米丽,收货,上架
DrTE12FiBe,米色 品牌04 1200 抽屉柜（文件收纳）,抽屉柜,品牌04,1200,文件收纳,米色,8*1*1,2,CV87G,克里斯,收货,上架
PrPHA3AlMi,混合色 品牌12 三号纸 打印机（一体式）,打印机,品牌12,三号纸,一体式,混合色,16*1*1,8,AQ63D,劳拉,收货,上架
AlYn1716Wh,白色 品牌15 17英寸 一体机（16吉字节内存）,一体机,品牌15,17英寸,16吉字节内存,白色,16*1*1,7,AY73A,亚历克斯,收货,上架
PrSoA4WiMi,混合色 品牌25 四号纸 打印机（无线网络）,打印机,品牌25,四号纸,无线网络,混合色,16*1*1,2,DG82E,约翰,收货,上架
MoHc45WiBl,黑色 品牌09 450 鼠标（有线）,鼠标,品牌09,450,有线,黑色,16*10*1,41,BP73H,艾米,收货,上架
KeSu35MePi,粉色 品牌11 350 键盘（机械式）,键盘,品牌11,350,机械式,粉色,16*10*1,149,AU26G,莎拉,收货,上架
TaAE15AdSi,银色 品牌05 1500 桌子（可调节）,桌子,品牌05,1500,可调节,银色,8*1*1,5,DU54G,艾米,收货,上架
AlPH1516Gr,灰色 品牌12 15英寸 一体机（16吉字节内存）,一体机,品牌12,15英寸,16吉字节内存,灰色,16*1*1,7,DY78D,艾米,收货,上架
TaCI18FrSi,银色 品牌27 1800 桌子（框架式）,桌子,品牌27,1800,框架式,银色,8*1*1,4,AF27A,大卫,收货,上架
CaTE18LoWh,白色 品牌04 1800 文件柜（储物锁柜）,文件柜,品牌04,1800,储物锁柜,白色,8*1*1,6,AK31A,约翰,收货,上架
DrWE18DoWh,白色 品牌02 1800 抽屉柜（带门式）,抽屉柜,品牌02,1800,带门式,白色,8*1*1,8,AJ66E,约翰,收货,上架
PrNoA3WiGr,灰色 品牌26 三号纸 打印机（无线网络）,打印机,品牌26,三号纸,无线网络,灰色,16*1*1,4,AP35B,大卫,收货,上架
GaSESHeBl,黑色 品牌08 小号 游戏椅（头枕）,游戏椅,品牌08,小号,头枕,黑色,16*1*1,7,AW69D,劳拉,收货,上架
LaPH1532Bl,黑色 品牌12 15英寸 笔记本电脑（32吉字节内存）,笔记本电脑,品牌12,15英寸,32吉字节内存,黑色,16*1*1,1,CN69F,莎拉,收货,上架
CaWE90DoBl,黑色 品牌02 900 文件柜（带门式）,文件柜,品牌02,900,带门式,黑色,8*1*1,5,BR15D,简,收货,上架
PeRe50WaPi,粉色 品牌22 50 铅笔（水彩）,铅笔,品牌22,50,水彩,粉色,48*10*5,1375,DG80D,劳拉,收货,上架
PeNa24WaWh,白色 品牌23 24 铅笔（水彩）,铅笔,品牌23,24,水彩,白色,48*10*5,330,CP81F,大卫,收货,上架
OfSELErWh,白色 品牌08 大号 办公椅（人体工学）,办公椅,品牌08,大号,人体工学,白色,16*1*1,3,AH52H,亚历克斯,收货,上架
AlRe15i7Wh,白色 品牌14 15英寸 一体机（第7代处理器）,一体机,品牌14,15英寸,第7代处理器,白色,16*1*1,1,BU01A,莎拉,收货,上架
KeSu35BlWh,白色 品牌11 350 键盘（蓝牙）,键盘,品牌11,350,蓝牙,白色,16*10*1,115,DN52E,莎拉,收货,上架
TVGn42SFBl,黑色 品牌30 42英寸 电视机（超级全高清）,电视机,品牌30,42英寸,超级全高清,黑色,8*1*1,6,DY87C,简,收货,上架
LaYn1732Si,银色 品牌15 17英寸 笔记本电脑（32吉字节内存）,笔记本电脑,品牌15,17英寸,32吉字节内存,银色,16*1*1,8,DR87A,迈克,收货,上架
DrQE90DoGr,灰色 品牌01 900 抽屉柜（带门式）,抽屉柜,品牌01,900,带门式,灰色,8*1*1,5,AY05D,大卫,收货,上架
TVYn32S4Gr,灰色 品牌15 32英寸 电视机（超级超高清）,电视机,品牌15,32英寸,超级超高清,灰色,8*1*1,8,AX34D,劳拉,收货,上架
GaXEMAdBl,黑色 品牌06 中号 游戏椅（可调节）,游戏椅,品牌06,中号,可调节,黑色,16*1*1,11,CQ09A,艾米,收货,上架
LaRe1532Si,银色 品牌14 15英寸 笔记本电脑（32吉字节内存）,笔记本电脑,品牌14,15英寸,32吉字节内存,银色,16*1*1,13,DS45C,亚历克斯,收货,上架
CaWE90LoBl,黑色 品牌02 900 文件柜（储物锁柜）,文件柜,品牌02,900,储物锁柜,黑色,8*1*1,1,AU45G,简,收货,上架
DrWE90FiBe,米色 品牌02 900 抽屉柜（文件收纳）,抽屉柜,品牌02,900,文件收纳,米色,8*1*1,8,CO72H,莎拉,收货,上架
MoHc35BlWh,白色 品牌09 350 鼠标（蓝牙）,鼠标,品牌09,350,蓝牙,白色,16*10*1,143,CY66C,简,收货,上架
GaSELErGr,灰色 品牌08 大号 游戏椅（人体工学）,游戏椅,品牌08,大号,人体工学,灰色,16*1*1,16,CH27E,莎拉,收货,上架
KeRe45WiBl,黑色 品牌10 450 键盘（有线）,键盘,品牌10,450,有线,黑色,16*10*1,67,CQ45C,大卫,收货,上架
OfXELLeWh,白色 品牌06 大号 办公椅（皮革）,办公椅,品牌06,大号,皮革,白色,16*1*1,2,AH46G,克里斯,收货,上架
LaOv148GBl,黑色 品牌13 14英寸 笔记本电脑（8吉字节内存）,笔记本电脑,品牌13,14英寸,8吉字节内存,黑色,16*1*1,5,AS63H,迈克,收货,上架
SPAl50SoWh,白色 品牌20 50 触控笔（可溶性）,触控笔,品牌20,50,可溶性,白色,48*10*5,1521,AL59C,克里斯,收货,上架
TVGL65S4Gr,灰色 品牌31 65英寸 电视机（超级超高清）,电视机,品牌31,65英寸,超级超高清,灰色,8*1*1,1,AU92D,约翰,收货,上架
PeRe12HeWh,白色 品牌22 12 铅笔（六角形）,铅笔,品牌22,12,六角形,白色,48*10*5,1701,BI55H,克里斯,收货,上架
TVGn65FHWh,白色 品牌30 65英寸 电视机（全高清）,电视机,品牌30,65英寸,全高清,白色,8*1*1,2,CS90C,亚历克斯,收货,上架
TaAE18AdBl,黑色 品牌05 1800 桌子（可调节）,桌子,品牌05,1800,可调节,黑色,8*1*1,7,BO49B,克里斯,收货,上架
AlOv15i5Wh,白色 品牌13 15英寸 一体机（第5代处理器）,一体机,品牌13,15英寸,第5代处理器,白色,16*1*1,1,BG21B,劳拉,收货,上架
SPNa50SoWh,白色 品牌23 50 触控笔（可溶性）,触控笔,品牌23,50,可溶性,白色,48*10*5,2139,BG25A,莎拉,收货,上架
OfSESHeGr,灰色 品牌08 小号 办公椅（头枕）,办公椅,品牌08,小号,头枕,灰色,16*1*1,7,BG84C,劳拉,收货,上架
MoPH45MePi,粉色 品牌12 450 鼠标（机械式）,鼠标,品牌12,450,机械式,粉色,16*10*1,52,DS78B,约翰,收货,上架
MoPH27ErNa,藏青色 品牌12 270 鼠标（人体工学）,鼠标,品牌12,270,人体工学,藏青色,16*10*1,63,DV49G,亚历克斯,收货,上架
OfAESLeWh,白色 品牌05 小号 办公椅（皮革）,办公椅,品牌05,小号,皮革,白色,16*1*1,6,AP36E,约翰,收货,上架
CuWE90FiBe,米色 品牌02 900 储物柜（文件收纳）,储物柜,品牌02,900,文件收纳,米色,8*1*1,6,BX26D,迈克,收货,上架
PrSoA3WiMi,混合色 品牌25 三号纸 打印机（无线网络）,打印机,品牌25,三号纸,无线网络,混合色,16*1*1,13,AZ85F,艾米丽,收货,上架
TaAE10AdBl,黑色 品牌05 1000 桌子（可调节）,桌子,品牌05,1000,可调节,黑色,8*1*1,4,DX25B,简,收货,上架
CaQE12SlGr,灰色 品牌01 1200 文件柜（滑动式）,文件柜,品牌01,1200,滑动式,灰色,8*1*1,8,DT89B,大卫,收货,上架
CaTE12LoBl,黑色 品牌04 1200 文件柜（储物锁柜）,文件柜,品牌04,1200,储物锁柜,黑色,8*1*1,7,AZ15E,艾米丽,收货,上架
AlRe17i7Si,银色 品牌14 17英寸 一体机（第7代处理器）,一体机,品牌14,17英寸,第7代处理器,银色,16*1*1,15,CG50C,大卫,收货,上架
LaPH178GSi,银色 品牌12 17英寸 笔记本电脑（8吉字节内存）,笔记本电脑,品牌12,17英寸,8吉字节内存,银色,16*1*1,11,BN89H,艾米丽,收货,上架
AlYn1716Wh,白色 品牌15 17英寸 一体机（16吉字节内存）,一体机,品牌15,17英寸,16吉字节内存,白色,16*1*1,1,BJ95E,莎拉,收货,上架
PeAl50WaGr,灰色 品牌20 50 铅笔（水彩）,铅笔,品牌20,50,水彩,灰色,48*10*5,1149,DZ85G,艾米丽,收货,上架
TaTR15FrBl,黑色 品牌29 1500 桌子（框架式）,桌子,品牌29,1500,框架式,黑色,8*1*1,3,CR53C,迈克,收货,上架
TVEs75S4Gr,灰色 品牌32 75英寸 电视机（超级超高清）,电视机,品牌32,75英寸,超级超高清,灰色,8*1*1,7,AO82H,迈克,收货,上架
LaYn1532Si,银色 品牌15 15英寸 笔记本电脑（32吉字节内存）,笔记本电脑,品牌15,15英寸,32吉字节内存,银色,16*1*1,8,BV48C,亚历克斯,收货,上架
NoExA3doGr,灰色 品牌16 三号纸 笔记本（点阵）,笔记本,品牌16,三号纸,点阵,灰色,48*10*5,360,AV57E,劳拉,收货,上架
DrRG18LoWh,白色 品牌03 1800 抽屉柜（储物锁柜）,抽屉柜,品牌03,1800,储物锁柜,白色,8*1*1,1,AZ06B,艾米,收货,上架
TaTR18FrGr,灰色 品牌29 1800 桌子（框架式）,桌子,品牌29,1800,框架式,灰色,8*1*1,7,BN57C,大卫,收货,上架
GaXEMErPi,粉色 品牌06 中号 游戏椅（人体工学）,游戏椅,品牌06,中号,人体工学,粉色,16*1*1,7,BH24E,简,收货,上架
MoRe45BlBl,黑色 品牌10 450 鼠标（蓝牙）,鼠标,品牌10,450,蓝牙,黑色,16*10*1,149,AZ68D,克里斯,收货,上架
AlOv1532Wh,白色 品牌13 15英寸 一体机（32吉字节内存）,一体机,品牌13,15英寸,32吉字节内存,白色,16*1*1,1,DT10A,克里斯,收货,上架
TaAE15FrSi,银色 品牌05 1500 桌子（框架式）,桌子,品牌05,1500,框架式,银色,8*1*1,7,CV74B,约翰,收货,上架
CuWE12FiBe,米色 品牌02 1200 储物柜（文件收纳）,储物柜,品牌02,1200,文件收纳,米色,8*1*1,3,BW69E,迈克,收货,上架
PrSoA3MoWh,白色 品牌25 三号纸 打印机（黑白）,打印机,品牌25,三号纸,黑白,白色,16*1*1,15,AF56F,莎拉,收货,上架
OfXESHeBl,黑色 品牌06 小号 办公椅（头枕）,办公椅,品牌06,小号,头枕,黑色,16*1*1,13,BU71D,莎拉,收货,上架
LaYn17i5Gr,灰色 品牌15 17英寸 笔记本电脑（第5代处理器）,笔记本电脑,品牌15,17英寸,第5代处理器,灰色,16*1*1,8,BQ14D,约翰,收货,上架
LaPH17i5Wh,白色 品牌12 17英寸 笔记本电脑（第5代处理器）,笔记本电脑,品牌12,17英寸,第5代处理器,白色,16*1*1,8,CW61D,迈克,收货,上架
TaCI15AdSi,银色 品牌27 1500 桌子（可调节）,桌子,品牌27,1500,可调节,银色,8*1*1,7,AX22F,艾米丽,收货,上架
LaPH17i7Gr,灰色 品牌12 17英寸 笔记本电脑（第7代处理器）,笔记本电脑,品牌12,17英寸,第7代处理器,灰色,16*1*1,11,BY11G,艾米,收货,上架
TVYn32S4Bl,黑色 品牌15 32英寸 电视机（超级超高清）,电视机,品牌15,32英寸,超级超高清,黑色,8*1*1,2,AJ67H,迈克,收货,上架
CaRG18SlWh,白色 品牌03 1800 文件柜（滑动式）,文件柜,品牌03,1800,滑动式,白色,8*1*1,8,DW63C,亚历克斯,收货,上架
OfOGMHePi,粉色 品牌07 中号 办公椅（头枕）,办公椅,品牌07,中号,头枕,粉色,16*1*1,15,BR72H,克里斯,收货,上架
OfAEMLePi,粉色 品牌05 中号 办公椅（皮革）,办公椅,品牌05,中号,皮革,粉色,16*1*1,2,AY71C,艾米,收货,上架
PrReA2AlGr,灰色 品牌24 二号纸 打印机（一体式）,打印机,品牌24,二号纸,一体式,灰色,16*1*1,7,CG27B,简,收货,上架
CaQE18LoGr,灰色 品牌01 1800 文件柜（储物锁柜）,文件柜,品牌01,1800,储物锁柜,灰色,8*1*1,7,AX36F,简,收货,上架
CaWE12SlBl,黑色 品牌02 1200 文件柜（滑动式）,文件柜,品牌02,1200,滑动式,黑色,8*1*1,6,CL74A,艾米,收货,上架
OfSEMAdWh,白色 品牌08 中号 办公椅（可调节）,办公椅,品牌08,中号,可调节,白色,16*1*1,12,BG45E,简,收货,上架
GaAEMLePi,粉色 品牌05 中号 游戏椅（皮革）,游戏椅,品牌05,中号,皮革,粉色,16*1*1,4,AW77G,克里斯,收货,上架
TVGL65S4Wh,白色 品牌31 65英寸 电视机（超级超高清）,电视机,品牌31,65英寸,超级超高清,白色,8*1*1,5,DI16B,艾米丽,收货,上架
TVGn42S4Bl,黑色 品牌30 42英寸 电视机（超级超高清）,电视机,品牌30,42英寸,超级超高清,黑色,8*1*1,3,AN06F,大卫,收货,上架
PrNoA3AlMi,混合色 品牌26 三号纸 打印机（一体式）,打印机,品牌26,三号纸,一体式,混合色,16*1*1,11,CQ45C,约翰,收货,上架
AlRe178GWh,白色 品牌14 17英寸 一体机（8吉字节内存）,一体机,品牌14,17英寸,8吉字节内存,白色,16*1*1,10,BQ40F,简,收货,上架
MoPH45BlWh,白色 品牌12 450 鼠标（蓝牙）,鼠标,品牌12,450,蓝牙,白色,16*10*1,63,AX86G,迈克,收货,上架
PrSoA4InBl,黑色 品牌25 四号纸 打印机（喷墨）,打印机,品牌25,四号纸,喷墨,黑色,16*1*1,12,DG64H,莎拉,收货,上架
PeNa24WaPi,粉色 品牌23 24 铅笔（水彩）,铅笔,品牌23,24,水彩,粉色,48*10*5,2214,BI08D,简,收货,上架
CaQE90FiWh,白色 品牌01 900 文件柜（文件收纳）,文件柜,品牌01,900,文件收纳,白色,8*1*1,8,DN98F,艾米丽,收货,上架
TaTR10FrBl,黑色 品牌28 1000 桌子（框架式）,桌子,品牌28,1000,框架式,黑色,8*1*1,4,DU61H,劳拉,收货,上架
CaQE12SlWh,白色 品牌01 1200 文件柜（滑动式）,文件柜,品牌01,1200,滑动式,白色,8*1*1,3,BM76A,迈克,收货,上架
PrSoA4InWh,白色 品牌25 四号纸 打印机（喷墨）,打印机,品牌25,四号纸,喷墨,白色,16*1*1,8,CX82F,劳拉,收货,上架
TVEs32S4Wh,白色 品牌32 32英寸 电视机（超级超高清）,电视机,品牌32,32英寸,超级超高清,白色,8*1*1,4,DP13D,约翰,收货,上架
AlOv1732Gr,灰色 品牌13 17英寸 一体机（32吉字节内存）,一体机,品牌13,17英寸,32吉字节内存,灰色,16*1*1,6,DN32H,大卫,收货,上架
KeRe27ErWh,白色 品牌10 270 键盘（人体工学）,键盘,品牌10,270,人体工学,白色,16*10*1,125,AX76G,迈克,收货,上架
TaTR18AdGr,灰色 品牌29 1800 桌子（可调节）,桌子,品牌29,1800,可调节,灰色,8*1*1,1,DR46C,克里斯,收货,上架
DrWE12SlBe,米色 品牌02 1200 抽屉柜（滑动式）,抽屉柜,品牌02,1200,滑动式,米色,8*1*1,1,CK26D,克里斯,收货,上架
DrQE90FiWh,白色 品牌01 900 抽屉柜（文件收纳）,抽屉柜,品牌01,900,文件收纳,白色,8*1*1,2,BP14G,大卫,收货,上架
TVEs32S4Wh,白色 品牌32 32英寸 电视机（超级超高清）,电视机,品牌32,32英寸,超级超高清,白色,8*1*1,6,BX34A,莎拉,收货,上架
CuQE18DoBl,黑色 品牌01 1800 储物柜（带门式）,储物柜,品牌01,1800,带门式,黑色,8*1*1,3,BP46A,劳拉,收货,上架
LaRe15i7Wh,白色 品牌14 15英寸 笔记本电脑（第7代处理器）,笔记本电脑,品牌14,15英寸,第7代处理器,白色,16*1*1,11,CH41C,迈克,收货,上架
NoScA3liGr,灰色 品牌17 三号纸 笔记本（线条）,笔记本,品牌17,三号纸,线条,灰色,48*10*5,2044,BV32E,艾米丽,收货,上架
TVGL424KGr,灰色 品牌31 42英寸 电视机（超高清）,电视机,品牌31,42英寸,超高清,灰色,8*1*1,5,AL87A,克里斯,收货,上架
LaPH1532Bl,黑色 品牌12 15英寸 笔记本电脑（32吉字节内存）,笔记本电脑,品牌12,15英寸,32吉字节内存,黑色,16*1*1,12,AR23C,克里斯,收货,上架
GaAEMLePi,粉色 品牌05 中号 游戏椅（皮革）,游戏椅,品牌05,中号,皮革,粉色,16*1*1,13,BT73D,莎拉,收货,上架
DrTE90SlBl,黑色 品牌04 900 抽屉柜（滑动式）,抽屉柜,品牌04,900,滑动式,黑色,8*1*1,1,CT19B,劳拉,收货,上架
PrReA3AlBl,黑色 品牌24 三号纸 打印机（一体式）,打印机,品牌24,三号纸,一体式,黑色,16*1*1,13,AH97E,约翰,收货,上架
PeGi24WaGr,灰色 品牌21 24 铅笔（水彩）,铅笔,品牌21,24,水彩,灰色,48*10*5,591,CW70B,迈克,收货,上架
SPNa50WaWh,白色 品牌23 50 触控笔（水彩）,触控笔,品牌23,50,水彩,白色,48*10*5,2114,AY12G,迈克,收货,上架
TVYn754KGr,灰色 品牌15 75英寸 电视机（超高清）,电视机,品牌15,75英寸,超高清,灰色,8*1*1,7,AM53F,迈克,收货,上架
PeNa12SoPi,粉色 品牌23 12 铅笔（可溶性）,铅笔,品牌23,12,可溶性,粉色,48*10*5,1888,AK21F,莎拉,收货,上架
PeNa50WaGr,灰色 品牌23 50 铅笔（水彩）,铅笔,品牌23,50,水彩,灰色,48*10*5,929,CO98F,劳拉,收货,上架
TaTR10WoSi,银色 品牌29 1000 桌子（工作站）,桌子,品牌29,1000,工作站,银色,8*1*1,8,AF96H,简,收货,上架
PrPHA3LaBl,黑色 品牌12 三号纸 打印机（激光）,打印机,品牌12,三号纸,激光,黑色,16*1*1,4,CJ35G,约翰,收货,上架
TVYn754KGr,灰色 品牌15 75英寸 电视机（超高清）,电视机,品牌15,75英寸,超高清,灰色,8*1*1,8,DJ11B,约翰,收货,上架
TVEs75S4Gr,灰色 品牌32 75英寸 电视机（超级超高清）,电视机,品牌32,75英寸,超级超高清,灰色,8*1*1,1,CW16A,简,收货,上架
TaCI15WoGr,灰色 品牌27 1500 桌子（工作站）,桌子,品牌27,1500,工作站,灰色,8*1*1,4,DJ57G,克里斯,收货,上架
CaWE12DoBl,黑色 品牌02 1200 文件柜（带门式）,文件柜,品牌02,1200,带门式,黑色,8*1*1,2,CG52G,劳拉,收货,上架
LaRe17i7Gr,灰色 品牌14 17英寸 笔记本电脑（第7代处理器）,笔记本电脑,品牌14,17英寸,第7代处理器,灰色,16*1*1,16,CV41C,迈克,收货,上架
SPRe50SoGr,灰色 品牌22 50 触控笔（可溶性）,触控笔,品牌22,50,可溶性,灰色,48*10*5,138,AU16B,艾米,收货,上架
AlRe15i7Gr,灰色 品牌14 15英寸 一体机（第7代处理器）,一体机,品牌14,15英寸,第7代处理器,灰色,16*1*1,12,BW01B,大卫,收货,上架
TVGn504KBl,黑色 品牌30 50英寸 电视机（超高清）,电视机,品牌30,50英寸,超高清,黑色,8*1*1,7,BU88E,艾米,收货,上架
TaTR15FrSi,银色 品牌28 1500 桌子（框架式）,桌子,品牌28,1500,框架式,银色,8*1*1,5,DL84H,艾米,收货,上架
SPGi24WaGr,灰色 品牌21 24 触控笔（水彩）,触控笔,品牌21,24,水彩,灰色,48*10*5,1787,AS65F,劳拉,收货,上架
GaSEMLeGr,灰色 品牌08 中号 游戏椅（皮革）,游戏椅,品牌08,中号,皮革,灰色,16*1*1,16,BT52F,迈克,收货,上架
DrRG18SlBl,黑色 品牌03 1800 抽屉柜（滑动式）,抽屉柜,品牌03,1800,滑动式,黑色,8*1*1,8,CG29C,迈克,收货,上架
AlRe14i7Si,银色 品牌14 14英寸 一体机（第7代处理器）,一体机,品牌14,14英寸,第7代处理器,银色,16*1*1,14,BP26G,莎拉,收货,上架
PrNoA3MoWh,白色 品牌26 三号纸 打印机（黑白）,打印机,品牌26,三号纸,黑白,白色,16*1*1,4,BZ10A,大卫,收货,上架
AlRe17i7Wh,白色 品牌14 17英寸 一体机（第7代处理器）,一体机,品牌14,17英寸,第7代处理器,白色,16*1*1,8,AY04F,艾米丽,收货,上架
GaOGLHeWh,白色 品牌07 大号 游戏椅（头枕）,游戏椅,品牌07,大号,头枕,白色,16*1*1,7,CZ10F,大卫,收货,上架
CaWE90SlWh,白色 品牌02 900 文件柜（滑动式）,文件柜,品牌02,900,滑动式,白色,8*1*1,3,BI97C,亚历克斯,收货,上架
KePH35WiBl,黑色 品牌12 350 键盘（有线）,键盘,品牌12,350,有线,黑色,16*10*1,147,AZ63H,莎拉,收货,上架
CaTE90SlBe,米色 品牌04 900 文件柜（滑动式）,文件柜,品牌04,900,滑动式,米色,8*1*1,4,BQ98E,艾米,收货,上架
SPNa50SoPi,粉色 品牌23 50 触控笔（可溶性）,触控笔,品牌23,50,可溶性,粉色,48*10*5,270,AF20E,艾米丽,收货,上架
LaRe148GGr,灰色 品牌14 14英寸 笔记本电脑（8吉字节内存）,笔记本电脑,品牌14,14英寸,8吉字节内存,灰色,16*1*1,5,BQ42G,迈克,收货,上架
TVEs50S4Bl,黑色 品牌32 50英寸 电视机（超级超高清）,电视机,品牌32,50英寸,超级超高清,黑色,8*1*1,5,CG07A,约翰,收货,上架
LaPH158GSi,银色 品牌12 15英寸 笔记本电脑（8吉字节内存）,笔记本电脑,品牌12,15英寸,8吉字节内存,银色,16*1*1,10,AV08D,艾米,收货,上架
PrNoA3WiGr,灰色 品牌26 三号纸 打印机（无线网络）,打印机,品牌26,三号纸,无线网络,灰色,16*1*1,2,AN65D,劳拉,收货,上架
KePH27WiNa,藏青色 品牌12 270 键盘（有线）,键盘,品牌12,270,有线,藏青色,16*10*1,146,BF62F,克里斯,收货,上架
TVEs75FHSi,银色 品牌32 75英寸 电视机（全高清）,电视机,品牌32,75英寸,全高清,银色,8*1*1,4,CN80G,莎拉,收货,上架
TaAE10AuSi,银色 品牌05 1000 桌子（自动调节）,桌子,品牌05,1000,自动调节,银色,8*1*1,1,BP14H,约翰,收货,上架
TVYn42FHWh,白色 品牌15 42英寸 电视机（全高清）,电视机,品牌15,42英寸,全高清,白色,8*1*1,4,BW42E,艾米丽,收货,上架
LaYn1532Gr,灰色 品牌15 15英寸 笔记本电脑（32吉字节内存）,笔记本电脑,品牌15,15英寸,32吉字节内存,灰色,16*1*1,15,AQ23A,克里斯,收货,上架
LaOv14i5Wh,白色 品牌13 14英寸 笔记本电脑（第5代处理器）,笔记本电脑,品牌13,14英寸,第5代处理器,白色,16*1*1,7,DZ73B,亚历克斯,收货,上架
CaWE18SlWh,白色 品牌02 1800 文件柜（滑动式）,文件柜,品牌02,1800,滑动式,白色,8*1*1,1,BO62C,艾米,收货,上架
OfAESHeBl,黑色 品牌05 小号 办公椅（头枕）,办公椅,品牌05,小号,头枕,黑色,16*1*1,9,CP98G,艾米丽,收货,上架
KePH35MePi,粉色 品牌12 350 键盘（机械式）,键盘,品牌12,350,机械式,粉色,16*10*1,20,BI54H,大卫,收货,上架
TVYn32SFWh,白色 品牌15 32英寸 电视机（超级全高清）,电视机,品牌15,32英寸,超级全高清,白色,8*1*1,2,BX38G,劳拉,收货,上架
TVYn754KBl,黑色 品牌15 75英寸 电视机（超高清）,电视机,品牌15,75英寸,超高清,黑色,8*1*1,5,BX08A,克里斯,收货,上架
SPGi12WaPi,粉色 品牌21 12 触控笔（水彩）,触控笔,品牌21,12,水彩,粉色,48*10*5,1634,AS20B,劳拉,收货,上架
CaWE18SlGr,灰色 品牌02 1800 文件柜（滑动式）,文件柜,品牌02,1800,滑动式,灰色,8*1*1,5,CV09F,大卫,收货,上架
AlRe1516Wh,白色 品牌14 15英寸 一体机（16吉字节内存）,一体机,品牌14,15英寸,16吉字节内存,白色,16*1*1,16,AO11F,迈克,收货,上架
DrTE12SlBe,米色 品牌04 1200 抽屉柜（滑动式）,抽屉柜,品牌04,1200,滑动式,米色,8*1*1,8,AK26B,迈克,收货,上架
CuQE12FiBl,黑色 品牌01 1200 储物柜（文件收纳）,储物柜,品牌01,1200,文件收纳,黑色,8*1*1,8,BM56E,约翰,收货,上架
PrPHA2MoGr,灰色 品牌12 二号纸 打印机（黑白）,打印机,品牌12,二号纸,黑白,灰色,16*1*1,16,CQ42B,简,收货,上架
CuTE90SlBl,黑色 品牌04 900 储物柜（滑动式）,储物柜,品牌04,900,滑动式,黑色,8*1*1,8,CS38C,迈克,收货,上架
CuQE18DoWh,白色 品牌01 1800 储物柜（带门式）,储物柜,品牌01,1800,带门式,白色,8*1*1,8,BK68A,亚历克斯,收货,上架
AlSu15i5Gr,灰色 品牌11 15英寸 一体机（第5代处理器）,一体机,品牌11,15英寸,第5代处理器,灰色,16*1*1,11,BQ93A,约翰,收货,上架
TVGL65SFSi,银色 品牌31 65英寸 电视机（超级全高清）,电视机,品牌31,65英寸,超级全高清,银色,8*1*1,4,DF79F,劳拉,收货,上架
TaTR10FrSi,银色 品牌28 1000 桌子（框架式）,桌子,品牌28,1000,框架式,银色,8*1*1,5,CO38F,莎拉,收货,上架
CaWE90LoBe,米色 品牌02 900 文件柜（储物锁柜）,文件柜,品牌02,900,储物锁柜,米色,8*1*1,6,DX38F,莎拉,收货,上架
AlPH14i5Si,银色 品牌12 14英寸 一体机（第5代处理器）,一体机,品牌12,14英寸,第5代处理器,银色,16*1*1,10,DF97B,莎拉,收货,上架
TVEs324KSi,银色 品牌32 32英寸 电视机（超高清）,电视机,品牌32,32英寸,超高清,银色,8*1*1,7,BS08E,莎拉,收货,上架
PeNa24WaPi,粉色 品牌23 24 铅笔（水彩）,铅笔,品牌23,24,水彩,粉色,48*10*5,204,CJ25F,约翰,收货,上架
LaPH148GSi,银色 品牌12 14英寸 笔记本电脑（8吉字节内存）,笔记本电脑,品牌12,14英寸,8吉字节内存,银色,16*1*1,12,CT72D,约翰,收货,上架
SPAl12SoPi,粉色 品牌20 12 触控笔（可溶性）,触控笔,品牌20,12,可溶性,粉色,48*10*5,2308,DY49H,劳拉,收货,上架
SPRe12SoPi,粉色 品牌22 12 触控笔（可溶性）,触控笔,品牌22,12,可溶性,粉色,48*10*5,1128,BN62F,约翰,收货,上架
KeRe45BlBl,黑色 品牌10 450 键盘（蓝牙）,键盘,品牌10,450,蓝牙,黑色,16*10*1,131,DS77C,大卫,收货,上架
NoMuA5doGr,灰色 品牌19 五号纸 笔记本（点阵）,笔记本,品牌19,五号纸,点阵,灰色,48*10*5,118,AR48D,莎拉,收货,上架
TaCI10AuGr,灰色 品牌27 1000 桌子（自动调节）,桌子,品牌27,1000,自动调节,灰色,8*1*1,8,BI88A,克里斯,收货,上架
TVEs75FHSi,银色 品牌32 75英寸 电视机（全高清）,电视机,品牌32,75英寸,全高清,银色,8*1*1,2,BS40D,大卫,收货,上架
LaOv178GBl,黑色 品牌13 17英寸 笔记本电脑（8吉字节内存）,笔记本电脑,品牌13,17英寸,8吉字节内存,黑色,16*1*1,13,CQ33E,艾米,收货,上架
DrQE90LoWh,白色 品牌01 900 抽屉柜（储物锁柜）,抽屉柜,品牌01,900,储物锁柜,白色,8*1*1,1,CV01B,迈克,收货,上架
TVGL32FHBl,黑色 品牌31 32英寸 电视机（全高清）,电视机,品牌31,32英寸,全高清,黑色,8*1*1,3,BX29H,艾米,收货,上架
AlYn158GWh,白色 品牌15 15英寸 一体机（8吉字节内存）,一体机,品牌15,15英寸,8吉字节内存,白色,16*1*1,12,DL96C,亚历克斯,收货,上架
DrWE12DoBl,黑色 品牌02 1200 抽屉柜（带门式）,抽屉柜,品牌02,1200,带门式,黑色,8*1*1,3,DW56F,简,收货,上架
OfOGLLeGr,灰色 品牌07 大号 办公椅（皮革）,办公椅,品牌07,大号,皮革,灰色,16*1*1,8,DG66A,艾米,收货,上架
CaTE90SlWh,白色 品牌04 900 文件柜（滑动式）,文件柜,品牌04,900,滑动式,白色,8*1*1,3,DP55D,约翰,收货,上架
OfAELHePi,粉色 品牌05 大号 办公椅（头枕）,办公椅,品牌05,大号,头枕,粉色,16*1*1,14,DG27G,克里斯,收货,上架
CaRG18DoBl,黑色 品牌03 1800 文件柜（带门式）,文件柜,品牌03,1800,带门式,黑色,8*1*1,2,DL23F,大卫,收货,上架
SPNa12SoBl,黑色 品牌23 12 触控笔（可溶性）,触控笔,品牌23,12,可溶性,黑色,48*10*5,2255,DT91D,艾米丽,收货,上架
PrPHA3WiBl,黑色 品牌12 三号纸 打印机（无线网络）,打印机,品牌12,三号纸,无线网络,黑色,16*1*1,2,CX35D,迈克,收货,上架
CaQE90LoGr,灰色 品牌01 900 文件柜（储物锁柜）,文件柜,品牌01,900,储物锁柜,灰色,8*1*1,4,DM76H,亚历克斯,收货,上架
AlYn15i5Gr,灰色 品牌15 15英寸 一体机（第5代处理器）,一体机,品牌15,15英寸,第5代处理器,灰色,16*1*1,6,BZ27E,简,收货,上架
TaAE15AuBl,黑色 品牌05 1500 桌子（自动调节）,桌子,品牌05,1500,自动调节,黑色,8*1*1,8,AL38D,约翰,收货,上架
DrQE12DoBl,黑色 品牌01 1200 抽屉柜（带门式）,抽屉柜,品牌01,1200,带门式,黑色,8*1*1,4,BS38D,艾米丽,收货,上架
TaTR18AuWh,白色 品牌28 1800 桌子（自动调节）,桌子,品牌28,1800,自动调节,白色,8*1*1,4,AI09D,迈克,收货,上架
LaSu1716Bl,黑色 品牌11 17英寸 笔记本电脑（16吉字节内存）,笔记本电脑,品牌11,17英寸,16吉字节内存,黑色,16*1*1,9,BN80G,亚历克斯,收货,上架
TVYn324KBl,黑色 品牌15 32英寸 电视机（超高清）,电视机,品牌15,32英寸,超高清,黑色,8*1*1,3,CT83E,克里斯,收货,上架
MoPH45MeBl,黑色 品牌12 450 鼠标（机械式）,鼠标,品牌12,450,机械式,黑色,16*10*1,158,AN85E,约翰,收货,上架
TVGn65SFSi,银色 品牌30 65英寸 电视机（超级全高清）,电视机,品牌30,65英寸,超级全高清,银色,8*1*1,8,DK66H,艾米丽,收货,上架
LaPH1516Si,银色 品牌12 15英寸 笔记本电脑（16吉字节内存）,笔记本电脑,品牌12,15英寸,16吉字节内存,银色,16*1*1,3,DU03C,克里斯,收货,上架
LaYn14i7Gr,灰色 品牌15 14英寸 笔记本电脑（第7代处理器）,笔记本电脑,品牌15,14英寸,第7代处理器,灰色,16*1*1,13,AL97D,大卫,收货,上架
AlRe1416Bl,黑色 品牌14 14英寸 一体机（16吉字节内存）,一体机,品牌14,14英寸,16吉字节内存,黑色,16*1*1,3,CR71F,约翰,收货,上架
SPNa24HeBl,黑色 品牌23 24 触控笔（六角形）,触控笔,品牌23,24,六角形,黑色,48*10*5,1409,BX69C,大卫,收货,上架
KeHc45MeWh,白色 品牌09 450 键盘（机械式）,键盘,品牌09,450,机械式,白色,16*10*1,7,BO40B,简,收货,上架
KeRe27ErBl,黑色 品牌10 270 键盘（人体工学）,键盘,品牌10,270,人体工学,黑色,16*10*1,86,BZ21A,艾米丽,收货,上架
AlRe14i5Bl,黑色 品牌14 14英寸 一体机（第5代处理器）,一体机,品牌14,14英寸,第5代处理器,黑色,16*1*1,11,BI94A,迈克,收货,上架
TaCI15AuSi,银色 品牌27 1500 桌子（自动调节）,桌子,品牌27,1500,自动调节,银色,8*1*1,6,DT80G,劳拉,收货,上架
KeRe35MePi,粉色 品牌10 350 键盘（机械式）,键盘,品牌10,350,机械式,粉色,16*10*1,159,CZ51C,大卫,收货,上架
PrNoA4AlBl,黑色 品牌26 四号纸 打印机（一体式）,打印机,品牌26,四号纸,一体式,黑色,16*1*1,13,DF35C,简,收货,上架
CaQE18LoBl,黑色 品牌01 1800 文件柜（储物锁柜）,文件柜,品牌01,1800,储物锁柜,黑色,8*1*1,4,BK58B,艾米丽,收货,上架
TVGn32S4Bl,黑色 品牌30 32英寸 电视机（超级超高清）,电视机,品牌30,32英寸,超级超高清,黑色,8*1*1,7,AU88E,艾米丽,收货,上架
TVGn75FHBl,黑色 品牌30 75英寸 电视机（全高清）,电视机,品牌30,75英寸,全高清,黑色,8*1*1,8,DX54C,亚历克斯,收货,上架
TVEs32FHSi,银色 品牌32 32英寸 电视机（全高清）,电视机,品牌32,32英寸,全高清,银色,8*1*1,8,BP44C,简,收货,上架
TaCI15WoGr,灰色 品牌27 1500 桌子（工作站）,桌子,品牌27,1500,工作站,灰色,8*1*1,3,AK97H,劳拉,收货,上架
CaQE12FiBe,米色 品牌01 1200 文件柜（文件收纳）,文件柜,品牌01,1200,文件收纳,米色,8*1*1,3,BY87A,亚历克斯,收货,上架
TVGn654KGr,灰色 品牌30 65英寸 电视机（超高清）,电视机,品牌30,65英寸,超高清,灰色,8*1*1,1,CV37G,约翰,收货,上架
TVGL65SFWh,白色 品牌31 65英寸 电视机（超级全高清）,电视机,品牌31,65英寸,超级全高清,白色,8*1*1,2,BL59D,简,收货,上架
CuWE90FiWh,白色 品牌02 900 储物柜（文件收纳）,储物柜,品牌02,900,文件收纳,白色,8*1*1,5,BT69E,亚历克斯,收货,上架
CuTE90LoGr,灰色 品牌04 900 储物柜（储物锁柜）,储物柜,品牌04,900,储物锁柜,灰色,8*1*1,1,AP64H,莎拉,收货,上架
TVGL65SFWh,白色 品牌31 65英寸 电视机（超级全高清）,电视机,品牌31,65英寸,超级全高清,白色,8*1*1,4,DH69H,简,收货,上架
PrSoA3InBl,黑色 品牌25 三号纸 打印机（喷墨）,打印机,品牌25,三号纸,喷墨,黑色,16*1*1,13,BJ70A,约翰,收货,上架
TVGn75SFSi,银色 品牌30 75英寸 电视机（超级全高清）,电视机,品牌30,75英寸,超级全高清,银色,8*1*1,3,BN42F,迈克,收货,上架
OfXESHeWh,白色 品牌06 小号 办公椅（头枕）,办公椅,品牌06,小号,头枕,白色,16*1*1,13,AZ13H,大卫,收货,上架
DrWE18SlGr,灰色 品牌02 1800 抽屉柜（滑动式）,抽屉柜,品牌02,1800,滑动式,灰色,8*1*1,6,BI19A,约翰,收货,上架
DrWE18FiWh,白色 品牌02 1800 抽屉柜（文件收纳）,抽屉柜,品牌02,1800,文件收纳,白色,8*1*1,6,CK16A,劳拉,收货,上架
GaOGMAdBl,黑色 品牌07 中号 游戏椅（可调节）,游戏椅,品牌07,中号,可调节,黑色,16*1*1,5,AK92G,艾米丽,收货,上架
CaWE12FiBe,米色 品牌02 1200 文件柜（文件收纳）,文件柜,品牌02,1200,文件收纳,米色,8*1*1,4,DN05D,迈克,收货,上架
KeHc27MePi,粉色 品牌09 270 键盘（机械式）,键盘,品牌09,270,机械式,粉色,16*10*1,123,CG63B,大卫,收货,上架
TVEs754KGr,灰色 品牌32 75英寸 电视机（超高清）,电视机,品牌32,75英寸,超高清,灰色,8*1*1,8,CF88B,迈克,收货,上架
PeGi50WaWh,白色 品牌21 50 铅笔（水彩）,铅笔,品牌21,50,水彩,白色,48*10*5,2273,DI49E,艾米,收货,上架
AlSu1416Si,银色 品牌11 14英寸 一体机（16吉字节内存）,一体机,品牌11,14英寸,16吉字节内存,银色,16*1*1,6,BV42H,劳拉,收货,上架
MoPH35MeWh,白色 品牌12 350 鼠标（机械式）,鼠标,品牌12,350,机械式,白色,16*10*1,40,CQ52A,艾米,收货,上架
TaTR15FrWh,白色 品牌28 1500 桌子（框架式）,桌子,品牌28,1500,框架式,白色,8*1*1,8,BX89H,约翰,收货,上架
KeHc35ErPi,粉色 品牌09 350 键盘（人体工学）,键盘,品牌09,350,人体工学,粉色,16*10*1,119,BI76D,艾米,收货,上架
DrQE18DoBl,黑色 品牌01 1800 抽屉柜（带门式）,抽屉柜,品牌01,1800,带门式,黑色,8*1*1,2,CW46D,劳拉,收货,上架
AlYn17i5Wh,白色 品牌15 17英寸 一体机（第5代处理器）,一体机,品牌15,17英寸,第5代处理器,白色,16*1*1,11,CZ37E,艾米丽,收货,上架
CaRG12DoGr,灰色 品牌03 1200 文件柜（带门式）,文件柜,品牌03,1200,带门式,灰色,8*1*1,7,AL22G,亚历克斯,收货,上架
CuQE18FiWh,白色 品牌01 1800 储物柜（文件收纳）,储物柜,品牌01,1800,文件收纳,白色,8*1*1,7,DH81B,迈克,收货,上架
SPAl50HePi,粉色 品牌20 50 触控笔（六角形）,触控笔,品牌20,50,六角形,粉色,48*10*5,551,CT12F,艾米丽,收货,上架
GaXEMLeGr,灰色 品牌06 中号 游戏椅（皮革）,游戏椅,品牌06,中号,皮革,灰色,16*1*1,6,DN51G,艾米,收货,上架
TaTR10AdSi,银色 品牌29 1000 桌子（可调节）,桌子,品牌29,1000,可调节,银色,8*1*1,3,BK29B,大卫,收货,上架
PrPHA2AlGr,灰色 品牌12 二号纸 打印机（一体式）,打印机,品牌12,二号纸,一体式,灰色,16*1*1,16,CY92B,简,收货,上架
MoPH35ErNa,藏青色 品牌12 350 鼠标（人体工学）,鼠标,品牌12,350,人体工学,藏青色,16*10*1,90,AT64G,简,收货,上架
TaAE18WoWh,白色 品牌05 1800 桌子（工作站）,桌子,品牌05,1800,工作站,白色,8*1*1,1,AN06F,莎拉,收货,上架
MoRe27MeBl,黑色 品牌10 270 鼠标（机械式）,鼠标,品牌10,270,机械式,黑色,16*10*1,147,CP93B,艾米丽,收货,上架
AlPH1732Si,银色 品牌12 17英寸 一体机（32吉字节内存）,一体机,品牌12,17英寸,32吉字节内存,银色,16*1*1,5,AH39G,迈克,收货,上架
TVYn42FHSi,银色 品牌15 42英寸 电视机（全高清）,电视机,品牌15,42英寸,全高清,银色,8*1*1,1,BV62H,克里斯,收货,上架
PrSoA3WiBl,黑色 品牌25 三号纸 打印机（无线网络）,打印机,品牌25,三号纸,无线网络,黑色,16*1*1,15,CK02F,莎拉,收货,上架
PeGi50WaPi,粉色 品牌21 50 铅笔（水彩）,铅笔,品牌21,50,水彩,粉色,48*10*5,2,AL18C,劳拉,收货,上架
TVGn424KGr,灰色 品牌30 42英寸 电视机（超高清）,电视机,品牌30,42英寸,超高清,灰色,8*1*1,1,BZ63H,克里斯,收货,上架
NoExA3doWh,白色 品牌16 三号纸 笔记本（点阵）,笔记本,品牌16,三号纸,点阵,白色,48*10*5,1695,CZ17G,莎拉,收货,上架
TVEs50S4Si,银色 品牌32 50英寸 电视机（超级超高清）,电视机,品牌32,50英寸,超级超高清,银色,8*1*1,1,BN12E,约翰,收货,上架
PrReA2InMi,混合色 品牌24 二号纸 打印机（喷墨）,打印机,品牌24,二号纸,喷墨,混合色,16*1*1,13,AV29C,迈克,收货,上架
CaQE18SlWh,白色 品牌01 1800 文件柜（滑动式）,文件柜,品牌01,1800,滑动式,白色,8*1*1,5,BM54G,莎拉,收货,上架
PeRe50WaPi,粉色 品牌22 50 铅笔（水彩）,铅笔,品牌22,50,水彩,粉色,48*10*5,1427,CP84A,约翰,收货,上架
MoPH35MePi,粉色 品牌12 350 鼠标（机械式）,鼠标,品牌12,350,机械式,粉色,16*10*1,34,DH76G,艾米,收货,上架
DrTE12LoBe,米色 品牌04 1200 抽屉柜（储物锁柜）,抽屉柜,品牌04,1200,储物锁柜,米色,8*1*1,8,DR45C,简,收货,上架
DrRG18LoWh,白色 品牌03 1800 抽屉柜（储物锁柜）,抽屉柜,品牌03,1800,储物锁柜,白色,8*1*1,8,CJ23C,莎拉,收货,上架
SPRe24SoBl,黑色 品牌22 24 触控笔（可溶性）,触控笔,品牌22,24,可溶性,黑色,48*10*5,1458,BF55E,艾米丽,收货,上架
NoExA5ruSi,银色 品牌16 五号纸 笔记本（横线）,笔记本,品牌16,五号纸,横线,银色,48*10*5,2206,AS41A,克里斯,收货,上架
KeHc27ErNa,藏青色 品牌09 270 键盘（人体工学）,键盘,品牌09,270,人体工学,藏青色,16*10*1,60,AP20E,迈克,收货,上架
MoPH35BlWh,白色 品牌12 350 鼠标（蓝牙）,鼠标,品牌12,350,蓝牙,白色,16*10*1,28,AU27E,大卫,收货,上架
TVGL75SFGr,灰色 品牌31 75英寸 电视机（超级全高清）,电视机,品牌31,75英寸,超级全高清,灰色,8*1*1,5,CO84G,亚历克斯,收货,上架
LaSu15i5Bl,黑色 品牌11 15英寸 笔记本电脑（第5代处理器）,笔记本电脑,品牌11,15英寸,第5代处理器,黑色,16*1*1,3,AM84F,大卫,收货,上架
SPGi24SoWh,白色 品牌21 24 触控笔（可溶性）,触控笔,品牌21,24,可溶性,白色,48*10*5,669,CF47A,约翰,收货,上架
KePH35WiWh,白色 品牌12 350 键盘（有线）,键盘,品牌12,350,有线,白色,16*10*1,153,BM40C,大卫,收货,上架
PrReA2LaBl,黑色 品牌24 二号纸 打印机（激光）,打印机,品牌24,二号纸,激光,黑色,16*1*1,4,DT31C,大卫,收货,上架
LaPH148GGr,灰色 品牌12 14英寸 笔记本电脑（8吉字节内存）,笔记本电脑,品牌12,14英寸,8吉字节内存,灰色,16*1*1,14,DF06A,简,收货,上架
TaTR10WoSi,银色 品牌28 1000 桌子（工作站）,桌子,品牌28,1000,工作站,银色,8*1*1,4,CF59B,约翰,收货,上架
KeSu45MeNa,藏青色 品牌11 450 键盘（机械式）,键盘,品牌11,450,机械式,藏青色,16*10*1,137,CX16G,简,收货,上架
SPGi50WaGr,灰色 品牌21 50 触控笔（水彩）,触控笔,品牌21,50,水彩,灰色,48*10*5,593,BG16A,约翰,收货,上架
NoMuA3liBl,黑色 品牌19 三号纸 笔记本（线条）,笔记本,品牌19,三号纸,线条,黑色,48*10*5,1992,BP23D,劳拉,收货,上架
TaCI18WoWh,白色 品牌27 1800 桌子（工作站）,桌子,品牌27,1800,工作站,白色,8*1*1,1,BX03F,约翰,收货,上架
CaTE90DoBl,黑色 品牌04 900 文件柜（带门式）,文件柜,品牌04,900,带门式,黑色,8*1*1,2,CS38E,迈克,收货,上架
KePH35WiBl,黑色 品牌12 350 键盘（有线）,键盘,品牌12,350,有线,黑色,16*10*1,40,AY39F,艾米丽,收货,上架
LaPH14i5Gr,灰色 品牌12 14英寸 笔记本电脑（第5代处理器）,笔记本电脑,品牌12,14英寸,第5代处理器,灰色,16*1*1,14,AI31H,亚历克斯,收货,上架
AlPH15i5Gr,灰色 品牌12 15英寸 一体机（第5代处理器）,一体机,品牌12,15英寸,第5代处理器,灰色,16*1*1,7,CY73F,约翰,收货,上架
PrSoA2WiWh,白色 品牌25 二号纸 打印机（无线网络）,打印机,品牌25,二号纸,无线网络,白色,16*1*1,14,BJ71E,亚历克斯,收货,上架
CaTE12FiBe,米色 品牌04 1200 文件柜（文件收纳）,文件柜,品牌04,1200,文件收纳,米色,8*1*1,3,AK55A,克里斯,收货,上架
KeRe45MePi,粉色 品牌10 450 键盘（机械式）,键盘,品牌10,450,机械式,粉色,16*10*1,59,DG03C,简,收货,上架
DrWE90LoBl,黑色 品牌02 900 抽屉柜（储物锁柜）,抽屉柜,品牌02,900,储物锁柜,黑色,8*1*1,5,CZ18A,莎拉,收货,上架
TVEs65FHSi,银色 品牌32 65英寸 电视机（全高清）,电视机,品牌32,65英寸,全高清,银色,8*1*1,6,AX43D,约翰,收货,上架
LaPH1732Si,银色 品牌12 17英寸 笔记本电脑（32吉字节内存）,笔记本电脑,品牌12,17英寸,32吉字节内存,银色,16*1*1,8,AU30B,艾米,收货,上架
KeHc35BlBl,黑色 品牌09 350 键盘（蓝牙）,键盘,品牌09,350,蓝牙,黑色,16*10*1,135,DJ68H,克里斯,收货,上架
TVYn50FHSi,银色 品牌15 50英寸 电视机（全高清）,电视机,品牌15,50英寸,全高清,银色,8*1*1,5,CN11C,约翰,收货,上架
CuWE18FiWh,白色 品牌02 1800 储物柜（文件收纳）,储物柜,品牌02,1800,文件收纳,白色,8*1*1,1,BS41B,劳拉,收货,上架
CuTE18DoBl,黑色 品牌04 1800 储物柜（带门式）,储物柜,品牌04,1800,带门式,黑色,8*1*1,1,BG16F,迈克,收货,上架
GaOGLHeGr,灰色 品牌07 大号 游戏椅（头枕）,游戏椅,品牌07,大号,头枕,灰色,16*1*1,9,CN74A,约翰,收货,上架
KeHc27BlNa,藏青色 品牌09 270 键盘（蓝牙）,键盘,品牌09,270,蓝牙,藏青色,16*10*1,21,DM63F,迈克,收货,上架
OfAELErGr,灰色 品牌05 大号 办公椅（人体工学）,办公椅,品牌05,大号,人体工学,灰色,16*1*1,15,DY72A,艾米丽,收货,上架
AlRe1732Wh,白色 品牌14 17英寸 一体机（32吉字节内存）,一体机,品牌14,17英寸,32吉字节内存,白色,16*1*1,8,AN37E,简,收货,上架
TaTR10WoGr,灰色 品牌28 1000 桌子（工作站）,桌子,品牌28,1000,工作站,灰色,8*1*1,1,AL68E,艾米丽,收货,上架
OfSELLeWh,白色 品牌08 大号 办公椅（皮革）,办公椅,品牌08,大号,皮革,白色,16*1*1,11,AP46H,迈克,收货,上架
OfAELHePi,粉色 品牌05 大号 办公椅（头枕）,办公椅,品牌05,大号,头枕,粉色,16*1*1,16,AM46D,克里斯,收货,上架
LaSu15i7Bl,黑色 品牌11 15英寸 笔记本电脑（第7代处理器）,笔记本电脑,品牌11,15英寸,第7代处理器,黑色,16*1*1,8,DM50E,劳拉,收货,上架
CaQE12DoBl,黑色 品牌01 1200 文件柜（带门式）,文件柜,品牌01,1200,带门式,黑色,8*1*1,3,DX62C,劳拉,收货,上架
AlRe15i7Wh,白色 品牌14 15英寸 一体机（第7代处理器）,一体机,品牌14,15英寸,第7代处理器,白色,16*1*1,10,DR87A,克里斯,收货,上架
MoHc27BlPi,粉色 品牌09 270 鼠标（蓝牙）,鼠标,品牌09,270,蓝牙,粉色,16*10*1,51,AW57A,莎拉,收货,上架
AlPH14i7Bl,黑色 品牌12 14英寸 一体机（第7代处理器）,一体机,品牌12,14英寸,第7代处理器,黑色,16*1*1,6,AJ64G,克里斯,收货,上架
TVGL754KSi,银色 品牌31 75英寸 电视机（超高清）,电视机,品牌31,75英寸,超高清,银色,8*1*1,6,CY08A,约翰,收货,上架
DrRG90LoBl,黑色 品牌03 900 抽屉柜（储物锁柜）,抽屉柜,品牌03,900,储物锁柜,黑色,8*1*1,3,AJ52B,莎拉,收货,上架
GaSESLePi,粉色 品牌08 小号 游戏椅（皮革）,游戏椅,品牌08,小号,皮革,粉色,16*1*1,6,DW89B,艾米丽,收货,上架
MoSu45ErNa,藏青色 品牌11 450 鼠标（人体工学）,鼠标,品牌11,450,人体工学,藏青色,16*10*1,59,DJ58A,简,收货,上架
TaTR15AdBl,黑色 品牌29 1500 桌子（可调节）,桌子,品牌29,1500,可调节,黑色,8*1*1,3,DX80D,艾米丽,收货,上架
LaPH1532Wh,白色 品牌12 15英寸 笔记本电脑（32吉字节内存）,笔记本电脑,品牌12,15英寸,32吉字节内存,白色,16*1*1,10,DL60F,莎拉,收货,上架
MoHc35MeBl,黑色 品牌09 350 鼠标（机械式）,鼠标,品牌09,350,机械式,黑色,16*10*1,92,AX67D,艾米丽,收货,上架
KeHc45BlWh,白色 品牌09 450 键盘（蓝牙）,键盘,品牌09,450,蓝牙,白色,16*10*1,115,AL79H,约翰,收货,上架
AlPH178GBl,黑色 品牌12 17英寸 一体机（8吉字节内存）,一体机,品牌12,17英寸,8吉字节内存,黑色,16*1*1,5,BN63C,大卫,收货,上架
NoScA4liSi,银色 品牌17 四号纸 笔记本（线条）,笔记本,品牌17,四号纸,线条,银色,48*10*5,1062,CR11C,大卫,收货,上架
DrQE90FiGr,灰色 品牌01 900 抽屉柜（文件收纳）,抽屉柜,品牌01,900,文件收纳,灰色,8*1*1,7,CT34H,简,收货,上架
PrPHA3MoMi,混合色 品牌12 三号纸 打印机（黑白）,打印机,品牌12,三号纸,黑白,混合色,16*1*1,6,DY48E,莎拉,收货,上架
LaPH1716Si,银色 品牌12 17英寸 笔记本电脑（16吉字节内存）,笔记本电脑,品牌12,17英寸,16吉字节内存,银色,16*1*1,8,DP62C,大卫,收货,上架
CaRG90FiBl,黑色 品牌03 900 文件柜（文件收纳）,文件柜,品牌03,900,文件收纳,黑色,8*1*1,6,DL58G,约翰,收货,上架
DrTE18LoBl,黑色 品牌04 1800 抽屉柜（储物锁柜）,抽屉柜,品牌04,1800,储物锁柜,黑色,8*1*1,3,CQ23G,克里斯,收货,上架
DrWE12DoBe,米色 品牌02 1200 抽屉柜（带门式）,抽屉柜,品牌02,1200,带门式,米色,8*1*1,3,CR03G,迈克,收货,上架
CuRG12SlGr,灰色 品牌03 1200 储物柜（滑动式）,储物柜,品牌03,1200,滑动式,灰色,8*1*1,1,DS33B,亚历克斯,收货,上架
LaRe1416Wh,白色 品牌14 14英寸 笔记本电脑（16吉字节内存）,笔记本电脑,品牌14,14英寸,16吉字节内存,白色,16*1*1,2,AK97H,莎拉,收货,上架
TVGL65S4Gr,灰色 品牌31 65英寸 电视机（超级超高清）,电视机,品牌31,65英寸,超级超高清,灰色,8*1*1,6,AI63C,约翰,收货,上架
KeRe35BlBl,黑色 品牌10 350 键盘（蓝牙）,键盘,品牌10,350,蓝牙,黑色,16*10*1,127,AU34D,约翰,收货,上架
PrReA4AlBl,黑色 品牌24 四号纸 打印机（一体式）,打印机,品牌24,四号纸,一体式,黑色,16*1*1,13,CM64B,简,收货,上架
TVYn50SFWh,白色 品牌15 50英寸 电视机（超级全高清）,电视机,品牌15,50英寸,超级全高清,白色,8*1*1,2,CN75F,约翰,收货,上架
MoSu35ErWh,白色 品牌11 350 鼠标（人体工学）,鼠标,品牌11,350,人体工学,白色,16*10*1,41,CQ47F,简,收货,上架
AlRe17i7Bl,黑色 品牌14 17英寸 一体机（第7代处理器）,一体机,品牌14,17英寸,第7代处理器,黑色,16*1*1,11,AN32D,克里斯,收货,上架
SPRe12HeWh,白色 品牌22 12 触控笔（六角形）,触控笔,品牌22,12,六角形,白色,48*10*5,315,AX09B,大卫,收货,上架
GaOGSErPi,粉色 品牌07 小号 游戏椅（人体工学）,游戏椅,品牌07,小号,人体工学,粉色,16*1*1,9,CO76C,简,收货,上架
AlSu17i7Si,银色 品牌11 17英寸 一体机（第7代处理器）,一体机,品牌11,17英寸,第7代处理器,银色,16*1*1,5,DS90F,艾米,收货,上架
TVGL42S4Wh,白色 品牌31 42英寸 电视机（超级超高清）,电视机,品牌31,42英寸,超级超高清,白色,8*1*1,4,AX62E,莎拉,收货,上架
OfAESErPi,粉色 品牌05 小号 办公椅（人体工学）,办公椅,品牌05,小号,人体工学,粉色,16*1*1,5,DP02B,约翰,收货,上架
MoRe45MeWh,白色 品牌10 450 鼠标（机械式）,鼠标,品牌10,450,机械式,白色,16*10*1,95,BT02F,约翰,收货,上架
TVYn42S4Wh,白色 品牌15 42英寸 电视机（超级超高清）,电视机,品牌15,42英寸,超级超高清,白色,8*1*1,2,BP86C,艾米丽,收货,上架
GaAEMAdPi,粉色 品牌05 中号 游戏椅（可调节）,游戏椅,品牌05,中号,可调节,粉色,16*1*1,16,BG38B,简,收货,上架
MoHc45WiPi,粉色 品牌09 450 鼠标（有线）,鼠标,品牌09,450,有线,粉色,16*10*1,93,CV33E,克里斯,收货,上架
TaAE18WoGr,灰色 品牌05 1800 桌子（工作站）,桌子,品牌05,1800,工作站,灰色,8*1*1,8,AF24D,简,收货,上架
MoHc45MeBl,黑色 品牌09 450 鼠标（机械式）,鼠标,品牌09,450,机械式,黑色,16*10*1,68,DR46B,艾米丽,收货,上架
KeSu45BlBl,黑色 品牌11 450 键盘（蓝牙）,键盘,品牌11,450,蓝牙,黑色,16*10*1,102,DY28F,亚历克斯,收货,上架
MoSu27BlNa,藏青色 品牌11 270 鼠标（蓝牙）,鼠标,品牌11,270,蓝牙,藏青色,16*10*1,58,BJ30G,克里斯,收货,上架
TaAE10FrWh,白色 品牌05 1000 桌子（框架式）,桌子,品牌05,1000,框架式,白色,8*1*1,6,AJ65C,莎拉,收货,上架
CuRG18SlGr,灰色 品牌03 1800 储物柜（滑动式）,储物柜,品牌03,1800,滑动式,灰色,8*1*1,7,CK30F,迈克,收货,上架
CuWE18DoBe,米色 品牌02 1800 储物柜（带门式）,储物柜,品牌02,1800,带门式,米色,8*1*1,8,DW20B,约翰,收货,上架
PrNoA4WiBl,黑色 品牌26 四号纸 打印机（无线网络）,打印机,品牌26,四号纸,无线网络,黑色,16*1*1,13,BN79C,迈克,收货,上架
PrSoA2WiGr,灰色 品牌25 二号纸 打印机（无线网络）,打印机,品牌25,二号纸,无线网络,灰色,16*1*1,16,BU66A,迈克,收货,上架
NoMuA5doWh,白色 品牌19 五号纸 笔记本（点阵）,笔记本,品牌19,五号纸,点阵,白色,48*10*5,951,DV17G,莎拉,收货,上架
LaOv158GGr,灰色 品牌13 15英寸 笔记本电脑（8吉字节内存）,笔记本电脑,品牌13,15英寸,8吉字节内存,灰色,16*1*1,9,AF69B,莎拉,收货,上架
OfOGMErBl,黑色 品牌07 中号 办公椅（人体工学）,办公椅,品牌07,中号,人体工学,黑色,16*1*1,14,AP43C,亚历克斯,收货,上架
AlRe1716Si,银色 品牌14 17英寸 一体机（16吉字节内存）,一体机,品牌14,17英寸,16吉字节内存,银色,16*1*1,1,CX12D,迈克,收货,上架
PeRe50HePi,粉色 品牌22 50 铅笔（六角形）,铅笔,品牌22,50,六角形,粉色,48*10*5,1769,DT20F,亚历克斯,收货,上架
CuRG90FiGr,灰色 品牌03 900 储物柜（文件收纳）,储物柜,品牌03,900,文件收纳,灰色,8*1*1,1,DN89A,亚历克斯,收货,上架
TVYn42S4Si,银色 品牌15 42英寸 电视机（超级超高清）,电视机,品牌15,42英寸,超级超高清,银色,8*1*1,3,DU31B,劳拉,收货,上架
LaPH1732Wh,白色 品牌12 17英寸 笔记本电脑（32吉字节内存）,笔记本电脑,品牌12,17英寸,32吉字节内存,白色,16*1*1,15,AP98D,克里斯,收货,上架
DrTE90FiWh,白色 品牌04 900 抽屉柜（文件收纳）,抽屉柜,品牌04,900,文件收纳,白色,8*1*1,7,DJ23A,艾米,收货,上架
MoPH35BlNa,藏青色 品牌12 350 鼠标（蓝牙）,鼠标,品牌12,350,蓝牙,藏青色,16*10*1,111,DU23F,劳拉,收货,上架
OfAEMErGr,灰色 品牌05 中号 办公椅（人体工学）,办公椅,品牌05,中号,人体工学,灰色,16*1*1,12,CX26H,艾米,收货,上架
AlYn148GBl,黑色 品牌15 14英寸 一体机（8吉字节内存）,一体机,品牌15,14英寸,8吉字节内存,黑色,16*1*1,13,CH46H,劳拉,收货,上架
PeNa12HeGr,灰色 品牌23 12 铅笔（六角形）,铅笔,品牌23,12,六角形,灰色,48*10*5,1702,DI39E,简,收货,上架
LaRe158GWh,白色 品牌14 15英寸 笔记本电脑（8吉字节内存）,笔记本电脑,品牌14,15英寸,8吉字节内存,白色,16*1*1,5,DT66C,大卫,收货,上架
PeGi50SoGr,灰色 品牌21 50 铅笔（可溶性）,铅笔,品牌21,50,可溶性,灰色,48*10*5,1507,CL86G,亚历克斯,收货,上架
DrQE12FiGr,灰色 品牌01 1200 抽屉柜（文件收纳）,抽屉柜,品牌01,1200,文件收纳,灰色,8*1*1,4,DZ28H,大卫,收货,上架
DrWE18DoWh,白色 品牌02 1800 抽屉柜（带门式）,抽屉柜,品牌02,1800,带门式,白色,8*1*1,6,BP66C,艾米,收货,上架
OfAEMHeBl,黑色 品牌05 中号 办公椅（头枕）,办公椅,品牌05,中号,头枕,黑色,16*1*1,4,BW70F,劳拉,收货,上架
SPAl50WaWh,白色 品牌20 50 触控笔（水彩）,触控笔,品牌20,50,水彩,白色,48*10*5,1799,DY63H,莎拉,收货,上架
DrWE12FiBe,米色 品牌02 1200 抽屉柜（文件收纳）,抽屉柜,品牌02,1200,文件收纳,米色,8*1*1,8,DK77B,大卫,收货,上架
CaRG12SlGr,灰色 品牌03 1200 文件柜（滑动式）,文件柜,品牌03,1200,滑动式,灰色,8*1*1,7,AX45F,莎拉,收货,上架
AlRe1516Si,银色 品牌14 15英寸 一体机（16吉字节内存）,一体机,品牌14,15英寸,16吉字节内存,银色,16*1*1,6,CF02D,艾米,收货,上架
LaPH1532Wh,白色 品牌12 15英寸 笔记本电脑（32吉字节内存）,笔记本电脑,品牌12,15英寸,32吉字节内存,白色,16*1*1,12,BR88D,艾米,收货,上架
TaTR18WoGr,灰色 品牌28 1800 桌子（工作站）,桌子,品牌28,1800,工作站,灰色,8*1*1,5,DO13H,劳拉,收货,上架
LaSu1416Gr,灰色 品牌11 14英寸 笔记本电脑（16吉字节内存）,笔记本电脑,品牌11,14英寸,16吉字节内存,灰色,16*1*1,12,BM93D,艾米丽,收货,上架
CaQE90SlBe,米色 品牌01 900 文件柜（滑动式）,文件柜,品牌01,900,滑动式,米色,8*1*1,7,BT68B,莎拉,收货,上架
DrQE12FiWh,白色 品牌01 1200 抽屉柜（文件收纳）,抽屉柜,品牌01,1200,文件收纳,白色,8*1*1,7,CU56A,艾米丽,收货,上架
PeGi24HeWh,白色 品牌21 24 铅笔（六角形）,铅笔,品牌21,24,六角形,白色,48*10*5,2359,DK21C,克里斯,收货,上架
CuRG12FiBl,黑色 品牌03 1200 储物柜（文件收纳）,储物柜,品牌03,1200,文件收纳,黑色,8*1*1,6,DT92G,约翰,收货,上架
PrNoA3InWh,白色 品牌26 三号纸 打印机（喷墨）,打印机,品牌26,三号纸,喷墨,白色,16*1*1,3,AH60D,克里斯,收货,上架
TaCI15WoWh,白色 品牌27 1500 桌子（工作站）,桌子,品牌27,1500,工作站,白色,8*1*1,7,AI37E,艾米丽,收货,上架
LaPH1516Bl,黑色 品牌12 15英寸 笔记本电脑（16吉字节内存）,笔记本电脑,品牌12,15英寸,16吉字节内存,黑色,16*1*1,15,BO42C,简,收货,上架
LaSu1432Si,银色 品牌11 14英寸 笔记本电脑（32吉字节内存）,笔记本电脑,品牌11,14英寸,32吉字节内存,银色,16*1*1,16,AO36E,大卫,收货,上架
SPRe50HeWh,白色 品牌22 50 触控笔（六角形）,触控笔,品牌22,50,六角形,白色,48*10*5,1074,DN87C,劳拉,收货,上架
TaTR15AdGr,灰色 品牌28 1500 桌子（可调节）,桌子,品牌28,1500,可调节,灰色,8*1*1,6,AG64C,劳拉,收货,上架
DrQE18LoBl,黑色 品牌01 1800 抽屉柜（储物锁柜）,抽屉柜,品牌01,1800,储物锁柜,黑色,8*1*1,2,AF57C,克里斯,收货,上架
PrPHA2LaWh,白色 品牌12 二号纸 打印机（激光）,打印机,品牌12,二号纸,激光,白色,16*1*1,12,BF43H,艾米,收货,上架
AlOv1432Wh,白色 品牌13 14英寸 一体机（32吉字节内存）,一体机,品牌13,14英寸,32吉字节内存,白色,16*1*1,15,BI53F,艾米丽,收货,上架
PrNoA3AlGr,灰色 品牌26 三号纸 打印机（一体式）,打印机,品牌26,三号纸,一体式,灰色,16*1*1,11,BX86B,大卫,收货,上架
PrReA4MoMi,混合色 品牌24 四号纸 打印机（黑白）,打印机,品牌24,四号纸,黑白,混合色,16*1*1,8,CK46G,艾米,收货,上架
PrReA2InBl,黑色 品牌24 二号纸 打印机（喷墨）,打印机,品牌24,二号纸,喷墨,黑色,16*1*1,13,BU39C,迈克,收货,上架
PeAl24WaGr,灰色 品牌20 24 铅笔（水彩）,铅笔,品牌20,24,水彩,灰色,48*10*5,621,DP10H,迈克,收货,上架
PrNoA2InGr,灰色 品牌26 二号纸 打印机（喷墨）,打印机,品牌26,二号纸,喷墨,灰色,16*1*1,6,DQ30F,迈克,收货,上架
TVYn42S4Gr,灰色 品牌15 42英寸 电视机（超级超高清）,电视机,品牌15,42英寸,超级超高清,灰色,8*1*1,5,BN81F,克里斯,收货,上架
AlRe148GSi,银色 品牌14 14英寸 一体机（8吉字节内存）,一体机,品牌14,14英寸,8吉字节内存,银色,16*1*1,15,AU65A,大卫,收货,上架
OfAELErBl,黑色 品牌05 大号 办公椅（人体工学）,办公椅,品牌05,大号,人体工学,黑色,16*1*1,13,AL10A,莎拉,收货,上架
CaWE12DoBe,米色 品牌02 1200 文件柜（带门式）,文件柜,品牌02,1200,带门式,米色,8*1*1,1,BZ28G,莎拉,收货,上架
PeAl50HeGr,灰色 品牌20 50 铅笔（六角形）,铅笔,品牌20,50,六角形,灰色,48*10*5,1519,DO33H,莎拉,收货,上架
OfOGMAdGr,灰色 品牌07 中号 办公椅（可调节）,办公椅,品牌07,中号,可调节,灰色,16*1*1,5,CI49E,迈克,收货,上架
CuTE90SlWh,白色 品牌04 900 储物柜（滑动式）,储物柜,品牌04,900,滑动式,白色,8*1*1,3,BN80A,莎拉,收货,上架
TVGn424KGr,灰色 品牌30 42英寸 电视机（超高清）,电视机,品牌30,42英寸,超高清,灰色,8*1*1,8,AR60C,艾米,收货,上架
LaYn1716Gr,灰色 品牌15 17英寸 笔记本电脑（16吉字节内存）,笔记本电脑,品牌15,17英寸,16吉字节内存,灰色,16*1*1,16,BQ07D,约翰,收货,上架
LaPH17i7Bl,黑色 品牌12 17英寸 笔记本电脑（第7代处理器）,笔记本电脑,品牌12,17英寸,第7代处理器,黑色,16*1*1,12,AZ33F,劳拉,收货,上架
DrTE90LoGr,灰色 品牌04 900 抽屉柜（储物锁柜）,抽屉柜,品牌04,900,储物锁柜,灰色,8*1*1,2,CL60C,亚历克斯,收货,上架
NoMuA4ruBl,黑色 品牌19 四号纸 笔记本（横线）,笔记本,品牌19,四号纸,横线,黑色,48*10*5,1023,DX75D,克里斯,收货,上架
NoExA3doWh,白色 品牌16 三号纸 笔记本（点阵）,笔记本,品牌16,三号纸,点阵,白色,48*10*5,1091,CO75A,亚历克斯,收货,上架
CaQE18SlBe,米色 品牌01 1800 文件柜（滑动式）,文件柜,品牌01,1800,滑动式,米色,8*1*1,8,CV90E,大卫,收货,上架
TVGn50SFWh,白色 品牌30 50英寸 电视机（超级全高清）,电视机,品牌30,50英寸,超级全高清,白色,8*1*1,2,DK74D,迈克,收货,上架
TVEs504KSi,银色 品牌32 50英寸 电视机（超高清）,电视机,品牌32,50英寸,超高清,银色,8*1*1,6,DI52C,亚历克斯,收货,上架
GaAESAdBl,黑色 品牌05 小号 游戏椅（可调节）,游戏椅,品牌05,小号,可调节,黑色,16*1*1,12,CI32A,莎拉,收货,上架
KePH35MeNa,藏青色 品牌12 350 键盘（机械式）,键盘,品牌12,350,机械式,藏青色,16*10*1,36,AY16C,迈克,收货,上架
AlPH15i5Wh,白色 品牌12 15英寸 一体机（第5代处理器）,一体机,品牌12,15英寸,第5代处理器,白色,16*1*1,6,DN26F,莎拉,收货,上架
CuQE18FiBl,黑色 品牌01 1800 储物柜（文件收纳）,储物柜,品牌01,1800,文件收纳,黑色,8*1*1,1,BU69G,劳拉,收货,上架
OfAEMLeWh,白色 品牌05 中号 办公椅（皮革）,办公椅,品牌05,中号,皮革,白色,16*1*1,5,CO71C,克里斯,收货,上架
TVGL50FHGr,灰色 品牌31 50英寸 电视机（全高清）,电视机,品牌31,50英寸,全高清,灰色,8*1*1,7,DO02A,迈克,收货,上架
DrWE18LoBe,米色 品牌02 1800 抽屉柜（储物锁柜）,抽屉柜,品牌02,1800,储物锁柜,米色,8*1*1,2,AS60G,约翰,收货,上架
DrTE12SlBl,黑色 品牌04 1200 抽屉柜（滑动式）,抽屉柜,品牌04,1200,滑动式,黑色,8*1*1,3,BH44D,迈克,收货,上架
AlSu1732Si,银色 品牌11 17英寸 一体机（32吉字节内存）,一体机,品牌11,17英寸,32吉字节内存,银色,16*1*1,5,DR63D,亚历克斯,收货,上架
NoMuA4doSi,银色 品牌19 四号纸 笔记本（点阵）,笔记本,品牌19,四号纸,点阵,银色,48*10*5,1192,AT64E,莎拉,收货,上架
CuRG12DoBl,黑色 品牌03 1200 储物柜（带门式）,储物柜,品牌03,1200,带门式,黑色,8*1*1,5,DL86C,迈克,收货,上架
OfSELErPi,粉色 品牌08 大号 办公椅（人体工学）,办公椅,品牌08,大号,人体工学,粉色,16*1*1,1,DK43B,简,收货,上架
TaCI18WoGr,灰色 品牌27 1800 桌子（工作站）,桌子,品牌27,1800,工作站,灰色,8*1*1,7,DJ32H,劳拉,收货,上架
CaRG12DoBe,米色 品牌03 1200 文件柜（带门式）,文件柜,品牌03,1200,带门式,米色,8*1*1,5,CN83A,大卫,收货,上架
PeRe12HeBl,黑色 品牌22 12 铅笔（六角形）,铅笔,品牌22,12,六角形,黑色,48*10*5,2104,BW77E,迈克,收货,上架
TaCI18AuWh,白色 品牌27 1800 桌子（自动调节）,桌子,品牌27,1800,自动调节,白色,8*1*1,2,BL04F,劳拉,收货,上架
TaTR18AdWh,白色 品牌29 1800 桌子（可调节）,桌子,品牌29,1800,可调节,白色,8*1*1,7,DN08D,克里斯,收货,上架
CaRG12SlWh,白色 品牌03 1200 文件柜（滑动式）,文件柜,品牌03,1200,滑动式,白色,8*1*1,7,CY31H,亚历克斯,收货,上架
TVEs754KSi,银色 品牌32 75英寸 电视机（超高清）,电视机,品牌32,75英寸,超高清,银色,8*1*1,4,AQ57B,约翰,收货,上架
TVGn50SFBl,黑色 品牌30 50英寸 电视机（超级全高清）,电视机,品牌30,50英寸,超级全高清,黑色,8*1*1,2,DG36A,大卫,收货,上架
TVGL50S4Bl,黑色 品牌31 50英寸 电视机（超级超高清）,电视机,品牌31,50英寸,超级超高清,黑色,8*1*1,7,BT45A,简,收货,上架
LaPH1732Wh,白色 品牌12 17英寸 笔记本电脑（32吉字节内存）,笔记本电脑,品牌12,17英寸,32吉字节内存,白色,16*1*1,1,DH87B,亚历克斯,收货,上架
OfAELLeWh,白色 品牌05 大号 办公椅（皮革）,办公椅,品牌05,大号,皮革,白色,16*1*1,6,CF27B,亚历克斯,收货,上架
LaOv178GSi,银色 品牌13 17英寸 笔记本电脑（8吉字节内存）,笔记本电脑,品牌13,17英寸,8吉字节内存,银色,16*1*1,12,BT95G,大卫,收货,上架
CuRG12SlWh,白色 品牌03 1200 储物柜（滑动式）,储物柜,品牌03,1200,滑动式,白色,8*1*1,7,BL97D,约翰,收货,上架
TaAE18FrBl,黑色 品牌05 1800 桌子（框架式）,桌子,品牌05,1800,框架式,黑色,8*1*1,6,AT34B,莎拉,收货,上架
AlRe14i7Wh,白色 品牌14 14英寸 一体机（第7代处理器）,一体机,品牌14,14英寸,第7代处理器,白色,16*1*1,3,CH41F,劳拉,收货,上架
KeHc45MeNa,藏青色 品牌09 450 键盘（机械式）,键盘,品牌09,450,机械式,藏青色,16*10*1,51,DR21E,艾米,收货,上架
CuRG90DoGr,灰色 品牌03 900 储物柜（带门式）,储物柜,品牌03,900,带门式,灰色,8*1*1,2,CS64F,亚历克斯,收货,上架
NoExA5doSi,银色 品牌16 五号纸 笔记本（点阵）,笔记本,品牌16,五号纸,点阵,银色,48*10*5,1084,CZ41C,迈克,收货,上架
SPRe50HePi,粉色 品牌22 50 触控笔（六角形）,触控笔,品牌22,50,六角形,粉色,48*10*5,1067,CO68B,劳拉,收货,上架
TVGn50SFSi,银色 品牌30 50英寸 电视机（超级全高清）,电视机,品牌30,50英寸,超级全高清,银色,8*1*1,6,AY91F,迈克,收货,上架
PrReA2WiGr,灰色 品牌24 二号纸 打印机（无线网络）,打印机,品牌24,二号纸,无线网络,灰色,16*1*1,15,CU48E,克里斯,收货,上架
MoSu35ErBl,黑色 品牌11 350 鼠标（人体工学）,鼠标,品牌11,350,人体工学,黑色,16*10*1,24,CJ47G,克里斯,收货,上架
SPAl12WaPi,粉色 品牌20 12 触控笔（水彩）,触控笔,品牌20,12,水彩,粉色,48*10*5,2241,BT98D,劳拉,收货,上架
GaXEMHePi,粉色 品牌06 中号 游戏椅（头枕）,游戏椅,品牌06,中号,头枕,粉色,16*1*1,6,DG82G,劳拉,收货,上架
GaXESLeGr,灰色 品牌06 小号 游戏椅（皮革）,游戏椅,品牌06,小号,皮革,灰色,16*1*1,5,BS35F,简,收货,上架
OfXEMAdGr,灰色 品牌06 中号 办公椅（可调节）,办公椅,品牌06,中号,可调节,灰色,16*1*1,1,DK49A,大卫,收货,上架
PeNa12HeWh,白色 品牌23 12 铅笔（六角形）,铅笔,品牌23,12,六角形,白色,48*10*5,1005,BG52G,迈克,收货,上架
PeGi12HeGr,灰色 品牌21 12 铅笔（六角形）,铅笔,品牌21,12,六角形,灰色,48*10*5,2323,BP54A,亚历克斯,收货,上架
DrRG90SlBe,米色 品牌03 900 抽屉柜（滑动式）,抽屉柜,品牌03,900,滑动式,米色,8*1*1,5,DX08A,迈克,收货,上架
AlOv1516Gr,灰色 品牌13 15英寸 一体机（16吉字节内存）,一体机,品牌13,15英寸,16吉字节内存,灰色,16*1*1,6,BF87G,莎拉,收货,上架
LaSu14i7Gr,灰色 品牌11 14英寸 笔记本电脑（第7代处理器）,笔记本电脑,品牌11,14英寸,第7代处理器,灰色,16*1*1,1,DJ71F,约翰,收货,上架
NoMuA4ruWh,白色 品牌19 四号纸 笔记本（横线）,笔记本,品牌19,四号纸,横线,白色,48*10*5,155,BW17B,克里斯,收货,上架
KePH35WiPi,粉色 品牌12 350 键盘（有线）,键盘,品牌12,350,有线,粉色,16*10*1,62,AJ73G,艾米,收货,上架
TVGn324KSi,银色 品牌30 32英寸 电视机（超高清）,电视机,品牌30,32英寸,超高清,银色,8*1*1,2,CF38B,艾米,收货,上架
PrPHA3InMi,混合色 品牌12 三号纸 打印机（喷墨）,打印机,品牌12,三号纸,喷墨,混合色,16*1*1,15,BZ09B,简,收货,上架
AlOv17i5Si,银色 品牌13 17英寸 一体机（第5代处理器）,一体机,品牌13,17英寸,第5代处理器,银色,16*1*1,4,CK12F,亚历克斯,收货,上架
TVEs654KWh,白色 品牌32 65英寸 电视机（超高清）,电视机,品牌32,65英寸,超高清,白色,8*1*1,2,CR61B,艾米丽,收货,上架
OfSEMHeBl,黑色 品牌08 中号 办公椅（头枕）,办公椅,品牌08,中号,头枕,黑色,16*1*1,7,DW18G,迈克,收货,上架
PrNoA2AlGr,灰色 品牌26 二号纸 打印机（一体式）,打印机,品牌26,二号纸,一体式,灰色,16*1*1,3,AI35D,莎拉,收货,上架
OfAESErWh,白色 品牌05 小号 办公椅（人体工学）,办公椅,品牌05,小号,人体工学,白色,16*1*1,12,BF36D,艾米,收货,上架
PrPHA3MoGr,灰色 品牌12 三号纸 打印机（黑白）,打印机,品牌12,三号纸,黑白,灰色,16*1*1,11,BZ76G,简,收货,上架
DrTE18FiBe,米色 品牌04 1800 抽屉柜（文件收纳）,抽屉柜,品牌04,1800,文件收纳,米色,8*1*1,3,CU59G,克里斯,收货,上架
TVGn754KWh,白色 品牌30 75英寸 电视机（超高清）,电视机,品牌30,75英寸,超高清,白色,8*1*1,5,DG79G,劳拉,收货,上架
KeRe27ErBl,黑色 品牌10 270 键盘（人体工学）,键盘,品牌10,270,人体工学,黑色,16*10*1,100,BZ18C,艾米丽,收货,上架
GaOGSHeGr,灰色 品牌07 小号 游戏椅（头枕）,游戏椅,品牌07,小号,头枕,灰色,16*1*1,16,DI24C,简,收货,上架
SPAl50HeWh,白色 品牌20 50 触控笔（六角形）,触控笔,品牌20,50,六角形,白色,48*10*5,806,CR88C,艾米丽,收货,上架
PeNa50HeGr,灰色 品牌23 50 铅笔（六角形）,铅笔,品牌23,50,六角形,灰色,48*10*5,992,DX88C,劳拉,收货,上架
DrQE12FiWh,白色 品牌01 1200 抽屉柜（文件收纳）,抽屉柜,品牌01,1200,文件收纳,白色,8*1*1,2,BF10H,大卫,收货,上架
TVYn424KGr,灰色 品牌15 42英寸 电视机（超高清）,电视机,品牌15,42英寸,超高清,灰色,8*1*1,1,BY51D,约翰,收货,上架
KePH27MeNa,藏青色 品牌12 270 键盘（机械式）,键盘,品牌12,270,机械式,藏青色,16*10*1,65,BM45B,迈克,收货,上架
CuWE18SlWh,白色 品牌02 1800 储物柜（滑动式）,储物柜,品牌02,1800,滑动式,白色,8*1*1,8,DV48G,克里斯,收货,上架
CaRG12FiBl,黑色 品牌03 1200 文件柜（文件收纳）,文件柜,品牌03,1200,文件收纳,黑色,8*1*1,5,CQ87F,亚历克斯,收货,上架
DrRG12SlBe,米色 品牌03 1200 抽屉柜（滑动式）,抽屉柜,品牌03,1200,滑动式,米色,8*1*1,2,DW11B,艾米,收货,上架
OfXELAdWh,白色 品牌06 大号 办公椅（可调节）,办公椅,品牌06,大号,可调节,白色,16*1*1,5,CU97E,简,收货,上架
OfXEMLeWh,白色 品牌06 中号 办公椅（皮革）,办公椅,品牌06,中号,皮革,白色,16*1*1,1,DQ78F,莎拉,收货,上架
MoRe35ErNa,藏青色 品牌10 350 鼠标（人体工学）,鼠标,品牌10,350,人体工学,藏青色,16*10*1,133,BN08B,大卫,收货,上架
AlSu17i5Si,银色 品牌11 17英寸 一体机（第5代处理器）,一体机,品牌11,17英寸,第5代处理器,银色,16*1*1,6,AL96A,劳拉,收货,上架
CuTE12FiWh,白色 品牌04 1200 储物柜（文件收纳）,储物柜,品牌04,1200,文件收纳,白色,8*1*1,5,CX60A,艾米,收货,上架
DrRG18SlBl,黑色 品牌03 1800 抽屉柜（滑动式）,抽屉柜,品牌03,1800,滑动式,黑色,8*1*1,2,CP69C,莎拉,收货,上架
KeHc27MeWh,白色 品牌09 270 键盘（机械式）,键盘,品牌09,270,机械式,白色,16*10*1,46,BJ85C,简,收货,上架
SPGi24HeWh,白色 品牌21 24 触控笔（六角形）,触控笔,品牌21,24,六角形,白色,48*10*5,173,AR79D,克里斯,收货,上架
TVEs65S4Bl,黑色 品牌32 65英寸 电视机（超级超高清）,电视机,品牌32,65英寸,超级超高清,黑色,8*1*1,6,BS24B,艾米,收货,上架
PrNoA4LaGr,灰色 品牌26 四号纸 打印机（激光）,打印机,品牌26,四号纸,激光,灰色,16*1*1,9,BZ03B,劳拉,收货,上架
TVGn754KGr,灰色 品牌30 75英寸 电视机（超高清）,电视机,品牌30,75英寸,超高清,灰色,8*1*1,2,AN85A,简,收货,上架
PrSoA2AlGr,灰色 品牌25 二号纸 打印机（一体式）,打印机,品牌25,二号纸,一体式,灰色,16*1*1,8,DR55A,艾米丽,收货,上架
GaOGLHePi,粉色 品牌07 大号 游戏椅（头枕）,游戏椅,品牌07,大号,头枕,粉色,16*1*1,11,BU54H,莎拉,收货,上架
DrRG18SlGr,灰色 品牌03 1800 抽屉柜（滑动式）,抽屉柜,品牌03,1800,滑动式,灰色,8*1*1,6,BX55H,克里斯,收货,上架
TaAE18FrBl,黑色 品牌05 1800 桌子（框架式）,桌子,品牌05,1800,框架式,黑色,8*1*1,1,CK18E,大卫,收货,上架
LaYn1716Si,银色 品牌15 17英寸 笔记本电脑（16吉字节内存）,笔记本电脑,品牌15,17英寸,16吉字节内存,银色,16*1*1,11,CM69C,艾米,收货,上架
KeHc45BlBl,黑色 品牌09 450 键盘（蓝牙）,键盘,品牌09,450,蓝牙,黑色,16*10*1,126,DU72G,莎拉,收货,上架
TVEs50S4Bl,黑色 品牌32 50英寸 电视机（超级超高清）,电视机,品牌32,50英寸,超级超高清,黑色,8*1*1,6,CV41H,劳拉,收货,上架
CaRG12DoWh,白色 品牌03 1200 文件柜（带门式）,文件柜,品牌03,1200,带门式,白色,8*1*1,6,AF61A,克里斯,收货,上架
TaTR18FrSi,银色 品牌28 1800 桌子（框架式）,桌子,品牌28,1800,框架式,银色,8*1*1,8,AY97C,迈克,收货,上架
CuRG12DoGr,灰色 品牌03 1200 储物柜（带门式）,储物柜,品牌03,1200,带门式,灰色,8*1*1,4,AP62A,克里斯,收货,上架
CaRG90SlGr,灰色 品牌03 900 文件柜（滑动式）,文件柜,品牌03,900,滑动式,灰色,8*1*1,2,CN54D,艾米丽,收货,上架
PrSoA4InGr,灰色 品牌25 四号纸 打印机（喷墨）,打印机,品牌25,四号纸,喷墨,灰色,16*1*1,11,BK32G,简,收货,上架
KePH27ErWh,白色 品牌12 270 键盘（人体工学）,键盘,品牌12,270,人体工学,白色,16*10*1,64,AI37E,艾米,收货,上架
CuRG18FiBe,米色 品牌03 1800 储物柜（文件收纳）,储物柜,品牌03,1800,文件收纳,米色,8*1*1,5,CJ54G,艾米丽,收货,上架
PrReA4MoGr,灰色 品牌24 四号纸 打印机（黑白）,打印机,品牌24,四号纸,黑白,灰色,16*1*1,7,DK79D,劳拉,收货,上架
GaOGLErGr,灰色 品牌07 大号 游戏椅（人体工学）,游戏椅,品牌07,大号,人体工学,灰色,16*1*1,13,DJ43B,劳拉,收货,上架
LaPH1716Gr,灰色 品牌12 17英寸 笔记本电脑（16吉字节内存）,笔记本电脑,品牌12,17英寸,16吉字节内存,灰色,16*1*1,7,BF94B,劳拉,收货,上架
OfSEMLePi,粉色 品牌08 中号 办公椅（皮革）,办公椅,品牌08,中号,皮革,粉色,16*1*1,3,AP47D,艾米丽,收货,上架
TaCI10AdSi,银色 品牌27 1000 桌子（可调节）,桌子,品牌27,1000,可调节,银色,8*1*1,1,BX62H,迈克,收货,上架
DrQE18LoBe,米色 品牌01 1800 抽屉柜（储物锁柜）,抽屉柜,品牌01,1800,储物锁柜,米色,8*1*1,4,AU37B,艾米,收货,上架
AlRe1716Wh,白色 品牌14 17英寸 一体机（16吉字节内存）,一体机,品牌14,17英寸,16吉字节内存,白色,16*1*1,14,DT78D,克里斯,收货,上架
TVGn50FHSi,银色 品牌30 50英寸 电视机（全高清）,电视机,品牌30,50英寸,全高清,银色,8*1*1,8,CZ07A,艾米丽,收货,上架
PrSoA4LaGr,灰色 品牌25 四号纸 打印机（激光）,打印机,品牌25,四号纸,激光,灰色,16*1*1,11,AN97B,艾米丽,收货,上架
DrTE90FiBe,米色 品牌04 900 抽屉柜（文件收纳）,抽屉柜,品牌04,900,文件收纳,米色,8*1*1,5,BV21H,约翰,收货,上架
SPAl50HeBl,黑色 品牌20 50 触控笔（六角形）,触控笔,品牌20,50,六角形,黑色,48*10*5,2163,AP80D,克里斯,收货,上架
OfSELAdGr,灰色 品牌08 大号 办公椅（可调节）,办公椅,品牌08,大号,可调节,灰色,16*1*1,15,AT17B,简,收货,上架
OfAELLePi,粉色 品牌05 大号 办公椅（皮革）,办公椅,品牌05,大号,皮革,粉色,16*1*1,8,CS02G,艾米,收货,上架
LaPH15i5Gr,灰色 品牌12 15英寸 笔记本电脑（第5代处理器）,笔记本电脑,品牌12,15英寸,第5代处理器,灰色,16*1*1,2,DS81G,艾米,收货,上架
AlPH1532Si,银色 品牌12 15英寸 一体机（32吉字节内存）,一体机,品牌12,15英寸,32吉字节内存,银色,16*1*1,10,BI34A,劳拉,收货,上架
CuWE90SlBe,米色 品牌02 900 储物柜（滑动式）,储物柜,品牌02,900,滑动式,米色,8*1*1,1,BV85E,约翰,收货,上架
TaAE10WoBl,黑色 品牌05 1000 桌子（工作站）,桌子,品牌05,1000,工作站,黑色,8*1*1,5,BZ33B,亚历克斯,收货,上架
SPNa24HeWh,白色 品牌23 24 触控笔（六角形）,触控笔,品牌23,24,六角形,白色,48*10*5,513,DZ79B,克里斯,收货,上架
MoPH27WiBl,黑色 品牌12 270 鼠标（有线）,鼠标,品牌12,270,有线,黑色,16*10*1,157,BT58G,莎拉,收货,上架
LaSu148GSi,银色 品牌11 14英寸 笔记本电脑（8吉字节内存）,笔记本电脑,品牌11,14英寸,8吉字节内存,银色,16*1*1,10,AV15E,艾米,收货,上架
TaTR18FrBl,黑色 品牌29 1800 桌子（框架式）,桌子,品牌29,1800,框架式,黑色,8*1*1,8,BI95F,莎拉,收货,上架
TVGL42SFWh,白色 品牌31 42英寸 电视机（超级全高清）,电视机,品牌31,42英寸,超级全高清,白色,8*1*1,3,DP04B,约翰,收货,上架
DrTE12DoWh,白色 品牌04 1200 抽屉柜（带门式）,抽屉柜,品牌04,1200,带门式,白色,8*1*1,8,AM45H,迈克,收货,上架
MoSu27MeWh,白色 品牌11 270 鼠标（机械式）,鼠标,品牌11,270,机械式,白色,16*10*1,128,AT33B,亚历克斯,收货,上架
TVGn754KSi,银色 品牌30 75英寸 电视机（超高清）,电视机,品牌30,75英寸,超高清,银色,8*1*1,6,CZ89B,迈克,收货,上架
LaRe178GBl,黑色 品牌14 17英寸 笔记本电脑（8吉字节内存）,笔记本电脑,品牌14,17英寸,8吉字节内存,黑色,16*1*1,1,DM93B,大卫,收货,上架
MoPH35ErPi,粉色 品牌12 350 鼠标（人体工学）,鼠标,品牌12,350,人体工学,粉色,16*10*1,150,DX62D,艾米丽,收货,上架
MoPH45WiBl,黑色 品牌12 450 鼠标（有线）,鼠标,品牌12,450,有线,黑色,16*10*1,31,DX65E,亚历克斯,收货,上架
CuQE90DoBe,米色 品牌01 900 储物柜（带门式）,储物柜,品牌01,900,带门式,米色,8*1*1,8,DR18F,莎拉,收货,上架
TVYn654KGr,灰色 品牌15 65英寸 电视机（超高清）,电视机,品牌15,65英寸,超高清,灰色,8*1*1,3,AS11H,劳拉,收货,上架
TVGn42S4Wh,白色 品牌30 42英寸 电视机（超级超高清）,电视机,品牌30,42英寸,超级超高清,白色,8*1*1,3,CP57G,克里斯,收货,上架
SPGi50SoPi,粉色 品牌21 50 触控笔（可溶性）,触控笔,品牌21,50,可溶性,粉色,48*10*5,618,AQ78G,亚历克斯,收货,上架
PeRe24HeGr,灰色 品牌22 24 铅笔（六角形）,铅笔,品牌22,24,六角形,灰色,48*10*5,1931,CK59A,克里斯,收货,上架
KeHc35ErBl,黑色 品牌09 350 键盘（人体工学）,键盘,品牌09,350,人体工学,黑色,16*10*1,17,DG07G,亚历克斯,收货,上架
MoPH35WiWh,白色 品牌12 350 鼠标（有线）,鼠标,品牌12,350,有线,白色,16*10*1,127,AH34G,艾米,收货,上架
LaPH15i5Gr,灰色 品牌12 15英寸 笔记本电脑（第5代处理器）,笔记本电脑,品牌12,15英寸,第5代处理器,灰色,16*1*1,7,CW96H,迈克,收货,上架
AlOv148GWh,白色 品牌13 14英寸 一体机（8吉字节内存）,一体机,品牌13,14英寸,8吉字节内存,白色,16*1*1,9,CV94C,约翰,收货,上架
NoScA3liSi,银色 品牌17 三号纸 笔记本（线条）,笔记本,品牌17,三号纸,线条,银色,48*10*5,2058,AQ87A,莎拉,收货,上架
AlRe15i5Wh,白色 品牌14 15英寸 一体机（第5代处理器）,一体机,品牌14,15英寸,第5代处理器,白色,16*1*1,1,BK73G,简,收货,上架
SPNa12HePi,粉色 品牌23 12 触控笔（六角形）,触控笔,品牌23,12,六角形,粉色,48*10*5,1675,CM79A,迈克,收货,上架
PeGi50HeGr,灰色 品牌21 50 铅笔（六角形）,铅笔,品牌21,50,六角形,灰色,48*10*5,1327,BT76C,亚历克斯,收货,上架
LaPH15i7Wh,白色 品牌12 15英寸 笔记本电脑（第7代处理器）,笔记本电脑,品牌12,15英寸,第7代处理器,白色,16*1*1,5,DV61B,劳拉,收货,上架
CuWE12FiGr,灰色 品牌02 1200 储物柜（文件收纳）,储物柜,品牌02,1200,文件收纳,灰色,8*1*1,8,CG36H,劳拉,收货,上架
KePH45ErBl,黑色 品牌12 450 键盘（人体工学）,键盘,品牌12,450,人体工学,黑色,16*10*1,30,AR78D,亚历克斯,收货,上架
DrQE90FiGr,灰色 品牌01 900 抽屉柜（文件收纳）,抽屉柜,品牌01,900,文件收纳,灰色,8*1*1,5,BJ52F,简,收货,上架
CuWE12LoBl,黑色 品牌02 1200 储物柜（储物锁柜）,储物柜,品牌02,1200,储物锁柜,黑色,8*1*1,3,DR96C,迈克,收货,上架
SPGi12SoBl,黑色 品牌21 12 触控笔（可溶性）,触控笔,品牌21,12,可溶性,黑色,48*10*5,557,AO44B,约翰,收货,上架
OfXELHeGr,灰色 品牌06 大号 办公椅（头枕）,办公椅,品牌06,大号,头枕,灰色,16*1*1,16,CX57H,艾米丽,收货,上架
TaTR15WoSi,银色 品牌29 1500 桌子（工作站）,桌子,品牌29,1500,工作站,银色,8*1*1,7,BG98A,约翰,收货,上架
CuWE18FiWh,白色 品牌02 1800 储物柜（文件收纳）,储物柜,品牌02,1800,文件收纳,白色,8*1*1,1,DU11E,迈克,收货,上架
TVEs50S4Gr,灰色 品牌32 50英寸 电视机（超级超高清）,电视机,品牌32,50英寸,超级超高清,灰色,8*1*1,7,CK31E,艾米丽,收货,上架
GaXEMHeBl,黑色 品牌06 中号 游戏椅（头枕）,游戏椅,品牌06,中号,头枕,黑色,16*1*1,8,DH87G,艾米,收货,上架
MoPH45MeWh,白色 品牌12 450 鼠标（机械式）,鼠标,品牌12,450,机械式,白色,16*10*1,145,CI61E,亚历克斯,收货,上架
TaAE15AdBl,黑色 品牌05 1500 桌子（可调节）,桌子,品牌05,1500,可调节,黑色,8*1*1,4,DI51D,亚历克斯,收货,上架
PrSoA3MoBl,黑色 品牌25 三号纸 打印机（黑白）,打印机,品牌25,三号纸,黑白,黑色,16*1*1,16,BU56H,克里斯,收货,上架
MoPH35BlNa,藏青色 品牌12 350 鼠标（蓝牙）,鼠标,品牌12,350,蓝牙,藏青色,16*10*1,40,DY03D,莎拉,收货,上架
CuWE90LoBe,米色 品牌02 900 储物柜（储物锁柜）,储物柜,品牌02,900,储物锁柜,米色,8*1*1,6,DG32G,迈克,收货,上架
CuTE18LoBl,黑色 品牌04 1800 储物柜（储物锁柜）,储物柜,品牌04,1800,储物锁柜,黑色,8*1*1,1,AR60F,克里斯,收货,上架
MoRe35WiPi,粉色 品牌10 350 鼠标（有线）,鼠标,品牌10,350,有线,粉色,16*10*1,133,AJ84B,克里斯,收货,上架
PeGi50HePi,粉色 品牌21 50 铅笔（六角形）,铅笔,品牌21,50,六角形,粉色,48*10*5,2154,CG24C,克里斯,收货,上架
LaPH1532Gr,灰色 品牌12 15英寸 笔记本电脑（32吉字节内存）,笔记本电脑,品牌12,15英寸,32吉字节内存,灰色,16*1*1,11,AV31B,大卫,收货,上架
TVGn42FHGr,灰色 品牌30 42英寸 电视机（全高清）,电视机,品牌30,42英寸,全高清,灰色,8*1*1,3,DF54D,亚历克斯,收货,上架
TVYn50FHGr,灰色 品牌15 50英寸 电视机（全高清）,电视机,品牌15,50英寸,全高清,灰色,8*1*1,4,AO79F,艾米,收货,上架
LaYn1516Wh,白色 品牌15 15英寸 笔记本电脑（16吉字节内存）,笔记本电脑,品牌15,15英寸,16吉字节内存,白色,16*1*1,6,BM17A,艾米,收货,上架
GaXEMLeGr,灰色 品牌06 中号 游戏椅（皮革）,游戏椅,品牌06,中号,皮革,灰色,16*1*1,10,DR68C,迈克,收货,上架
LaPH158GGr,灰色 品牌12 15英寸 笔记本电脑（8吉字节内存）,笔记本电脑,品牌12,15英寸,8吉字节内存,灰色,16*1*1,7,BG14F,艾米,收货,上架
GaXELErGr,灰色 品牌06 大号 游戏椅（人体工学）,游戏椅,品牌06,大号,人体工学,灰色,16*1*1,15,AS53D,艾米丽,收货,上架
CuWE12LoBe,米色 品牌02 1200 储物柜（储物锁柜）,储物柜,品牌02,1200,储物锁柜,米色,8*1*1,1,AM80F,大卫,收货,上架
MoHc45MeBl,黑色 品牌09 450 鼠标（机械式）,鼠标,品牌09,450,机械式,黑色,16*10*1,105,DM48H,劳拉,收货,上架
DrWE12DoBl,黑色 品牌02 1200 抽屉柜（带门式）,抽屉柜,品牌02,1200,带门式,黑色,8*1*1,6,AW80B,大卫,收货,上架
MoSu45ErBl,黑色 品牌11 450 鼠标（人体工学）,鼠标,品牌11,450,人体工学,黑色,16*10*1,43,DV04E,大卫,收货,上架
CuTE18DoBe,米色 品牌04 1800 储物柜（带门式）,储物柜,品牌04,1800,带门式,米色,8*1*1,8,AS62E,莎拉,收货,上架
MoRe35MePi,粉色 品牌10 350 鼠标（机械式）,鼠标,品牌10,350,机械式,粉色,16*10*1,102,DK89E,克里斯,收货,上架
TVGL75S4Wh,白色 品牌31 75英寸 电视机（超级超高清）,电视机,品牌31,75英寸,超级超高清,白色,8*1*1,4,DP21G,简,收货,上架
DrWE18DoWh,白色 品牌02 1800 抽屉柜（带门式）,抽屉柜,品牌02,1800,带门式,白色,8*1*1,8,BO42C,艾米,收货,上架
NoExA4doGr,灰色 品牌16 四号纸 笔记本（点阵）,笔记本,品牌16,四号纸,点阵,灰色,48*10*5,1307,BV50B,迈克,收货,上架
LaRe15i5Bl,黑色 品牌14 15英寸 笔记本电脑（第5代处理器）,笔记本电脑,品牌14,15英寸,第5代处理器,黑色,16*1*1,3,CJ70F,克里斯,收货,上架
NoScA5liGr,灰色 品牌17 五号纸 笔记本（线条）,笔记本,品牌17,五号纸,线条,灰色,48*10*5,498,BU20A,克里斯,收货,上架
CuWE90FiWh,白色 品牌02 900 储物柜（文件收纳）,储物柜,品牌02,900,文件收纳,白色,8*1*1,1,BQ76D,劳拉,收货,上架
CaRG12FiBl,黑色 品牌03 1200 文件柜（文件收纳）,文件柜,品牌03,1200,文件收纳,黑色,8*1*1,6,BM11F,亚历克斯,收货,上架
TVGn50SFBl,黑色 品牌30 50英寸 电视机（超级全高清）,电视机,品牌30,50英寸,超级全高清,黑色,8*1*1,6,BZ11F,约翰,收货,上架
CuWE12FiWh,白色 品牌02 1200 储物柜（文件收纳）,储物柜,品牌02,1200,文件收纳,白色,8*1*1,2,DT15B,约翰,收货,上架
CuWE12LoGr,灰色 品牌02 1200 储物柜（储物锁柜）,储物柜,品牌02,1200,储物锁柜,灰色,8*1*1,2,BJ68H,简,收货,上架
CaTE90FiBe,米色 品牌04 900 文件柜（文件收纳）,文件柜,品牌04,900,文件收纳,米色,8*1*1,5,BM82F,克里斯,收货,上架
KeSu45ErBl,黑色 品牌11 450 键盘（人体工学）,键盘,品牌11,450,人体工学,黑色,16*10*1,88,BL96H,简,收货,上架
AlSu15i5Bl,黑色 品牌11 15英寸 一体机（第5代处理器）,一体机,品牌11,15英寸,第5代处理器,黑色,16*1*1,6,CW98B,大卫,收货,上架
DrRG18FiBl,黑色 品牌03 1800 抽屉柜（文件收纳）,抽屉柜,品牌03,1800,文件收纳,黑色,8*1*1,5,CL45E,大卫,收货,上架
CuWE18SlBl,黑色 品牌02 1800 储物柜（滑动式）,储物柜,品牌02,1800,滑动式,黑色,8*1*1,6,AR71G,艾米,收货,上架
TVGL324KGr,灰色 品牌31 32英寸 电视机（超高清）,电视机,品牌31,32英寸,超高清,灰色,8*1*1,3,DZ82E,克里斯,收货,上架
PrPHA2MoMi,混合色 品牌12 二号纸 打印机（黑白）,打印机,品牌12,二号纸,黑白,混合色,16*1*1,12,AK10D,简,收货,上架
PeRe24WaBl,黑色 品牌22 24 铅笔（水彩）,铅笔,品牌22,24,水彩,黑色,48*10*5,2365,DX93E,克里斯,收货,上架
PrNoA3AlMi,混合色 品牌26 三号纸 打印机（一体式）,打印机,品牌26,三号纸,一体式,混合色,16*1*1,16,AW86H,莎拉,收货,上架
PeAl50WaWh,白色 品牌20 50 铅笔（水彩）,铅笔,品牌20,50,水彩,白色,48*10*5,629,BQ77F,大卫,收货,上架
PrPHA4MoBl,黑色 品牌12 四号纸 打印机（黑白）,打印机,品牌12,四号纸,黑白,黑色,16*1*1,15,AU53G,亚历克斯,收货,上架
SPGi50SoGr,灰色 品牌21 50 触控笔（可溶性）,触控笔,品牌21,50,可溶性,灰色,48*10*5,2185,CZ29G,约翰,收货,上架
AlOv14i7Gr,灰色 品牌13 14英寸 一体机（第7代处理器）,一体机,品牌13,14英寸,第7代处理器,灰色,16*1*1,8,CR66F,简,收货,上架
GaAEMLeGr,灰色 品牌05 中号 游戏椅（皮革）,游戏椅,品牌05,中号,皮革,灰色,16*1*1,1,DR01H,大卫,收货,上架
AlSu158GGr,灰色 品牌11 15英寸 一体机（8吉字节内存）,一体机,品牌11,15英寸,8吉字节内存,灰色,16*1*1,5,BG63C,克里斯,收货,上架
AlRe17i7Gr,灰色 品牌14 17英寸 一体机（第7代处理器）,一体机,品牌14,17英寸,第7代处理器,灰色,16*1*1,14,CF33A,艾米,收货,上架
KeSu35BlPi,粉色 品牌11 350 键盘（蓝牙）,键盘,品牌11,350,蓝牙,粉色,16*10*1,8,CW32F,艾米,收货,上架
PrSoA2AlWh,白色 品牌25 二号纸 打印机（一体式）,打印机,品牌25,二号纸,一体式,白色,16*1*1,16,BX29E,劳拉,收货,上架
PrReA3InWh,白色 品牌24 三号纸 打印机（喷墨）,打印机,品牌24,三号纸,喷墨,白色,16*1*1,6,CL11F,迈克,收货,上架
TVGn324KWh,白色 品牌30 32英寸 电视机（超高清）,电视机,品牌30,32英寸,超高清,白色,8*1*1,3,CG29F,约翰,收货,上架
MoHc35ErBl,黑色 品牌09 350 鼠标（人体工学）,鼠标,品牌09,350,人体工学,黑色,16*10*1,126,CS25E,简,收货,上架
TVEs42S4Gr,灰色 品牌32 42英寸 电视机（超级超高清）,电视机,品牌32,42英寸,超级超高清,灰色,8*1*1,8,CY04H,迈克,收货,上架
OfXESHeGr,灰色 品牌06 小号 办公椅（头枕）,办公椅,品牌06,小号,头枕,灰色,16*1*1,5,BL20C,克里斯,收货,上架
AlSu17i7Gr,灰色 品牌11 17英寸 一体机（第7代处理器）,一体机,品牌11,17英寸,第7代处理器,灰色,16*1*1,6,BW46H,莎拉,收货,上架
PeGi12SoWh,白色 品牌21 12 铅笔（可溶性）,铅笔,品牌21,12,可溶性,白色,48*10*5,522,DW24D,艾米丽,收货,上架
CuQE12DoBl,黑色 品牌01 1200 储物柜（带门式）,储物柜,品牌01,1200,带门式,黑色,8*1*1,4,BQ91C,艾米,收货,上架
TaCI18FrBl,黑色 品牌27 1800 桌子（框架式）,桌子,品牌27,1800,框架式,黑色,8*1*1,4,AV27D,亚历克斯,收货,上架
TVEs424KWh,白色 品牌32 42英寸 电视机（超高清）,电视机,品牌32,42英寸,超高清,白色,8*1*1,7,CF42A,艾米丽,收货,上架
PrPHA3AlGr,灰色 品牌12 三号纸 打印机（一体式）,打印机,品牌12,三号纸,一体式,灰色,16*1*1,6,AV46B,迈克,收货,上架
PeNa24HeGr,灰色 品牌23 24 铅笔（六角形）,铅笔,品牌23,24,六角形,灰色,48*10*5,1703,BR05B,简,收货,上架
CuQE12LoGr,灰色 品牌01 1200 储物柜（储物锁柜）,储物柜,品牌01,1200,储物锁柜,灰色,8*1*1,1,DW18G,亚历克斯,收货,上架
DrWE90DoBe,米色 品牌02 900 抽屉柜（带门式）,抽屉柜,品牌02,900,带门式,米色,8*1*1,8,CP45B,劳拉,收货,上架
TaTR18WoBl,黑色 品牌29 1800 桌子（工作站）,桌子,品牌29,1800,工作站,黑色,8*1*1,8,BL23G,艾米,收货,上架
OfOGLAdGr,灰色 品牌07 大号 办公椅（可调节）,办公椅,品牌07,大号,可调节,灰色,16*1*1,10,CN28C,艾米丽,收货,上架
NoGrA5liWh,白色 品牌18 五号纸 笔记本（线条）,笔记本,品牌18,五号纸,线条,白色,48*10*5,1781,DV62G,艾米,收货,上架
LaPH17i7Wh,白色 品牌12 17英寸 笔记本电脑（第7代处理器）,笔记本电脑,品牌12,17英寸,第7代处理器,白色,16*1*1,1,BZ08H,艾米丽,收货,上架
NoExA5ruGr,灰色 品牌16 五号纸 笔记本（横线）,笔记本,品牌16,五号纸,横线,灰色,48*10*5,2112,CV71B,简,收货,上架
LaRe1716Wh,白色 品牌14 17英寸 笔记本电脑（16吉字节内存）,笔记本电脑,品牌14,17英寸,16吉字节内存,白色,16*1*1,16,BL12D,莎拉,收货,上架
DrTE12LoBe,米色 品牌04 1200 抽屉柜（储物锁柜）,抽屉柜,品牌04,1200,储物锁柜,米色,8*1*1,2,CK67H,莎拉,收货,上架
CaRG12LoWh,白色 品牌03 1200 文件柜（储物锁柜）,文件柜,品牌03,1200,储物锁柜,白色,8*1*1,1,CR70D,简,收货,上架
CaWE90LoGr,灰色 品牌02 900 文件柜（储物锁柜）,文件柜,品牌02,900,储物锁柜,灰色,8*1*1,3,CW33H,莎拉,收货,上架
NoExA3ruSi,银色 品牌16 三号纸 笔记本（横线）,笔记本,品牌16,三号纸,横线,银色,48*10*5,1983,AF17C,约翰,收货,上架
PrNoA2WiWh,白色 品牌26 二号纸 打印机（无线网络）,打印机,品牌26,二号纸,无线网络,白色,16*1*1,16,AJ64B,劳拉,收货,上架
KeHc45MeWh,白色 品牌09 450 键盘（机械式）,键盘,品牌09,450,机械式,白色,16*10*1,51,CJ43B,亚历克斯,收货,上架
CaTE90FiGr,灰色 品牌04 900 文件柜（文件收纳）,文件柜,品牌04,900,文件收纳,灰色,8*1*1,1,CV77C,艾米丽,收货,上架
OfSELErBl,黑色 品牌08 大号 办公椅（人体工学）,办公椅,品牌08,大号,人体工学,黑色,16*1*1,11,BM15C,约翰,收货,上架
PeGi24HeBl,黑色 品牌21 24 铅笔（六角形）,铅笔,品牌21,24,六角形,黑色,48*10*5,1230,AO34C,简,收货,上架
MoRe27WiPi,粉色 品牌10 270 鼠标（有线）,鼠标,品牌10,270,有线,粉色,16*10*1,22,DH63A,迈克,收货,上架
PrSoA4MoMi,混合色 品牌25 四号纸 打印机（黑白）,打印机,品牌25,四号纸,黑白,混合色,16*1*1,13,AJ94H,艾米,收货,上架
CaWE12LoWh,白色 品牌02 1200 文件柜（储物锁柜）,文件柜,品牌02,1200,储物锁柜,白色,8*1*1,8,AS60C,简,收货,上架
TVGL32SFGr,灰色 品牌31 32英寸 电视机（超级全高清）,电视机,品牌31,32英寸,超级全高清,灰色,8*1*1,8,CT71E,迈克,收货,上架
DrQE18DoWh,白色 品牌01 1800 抽屉柜（带门式）,抽屉柜,品牌01,1800,带门式,白色,8*1*1,2,AF67H,迈克,收货,上架
AlYn1732Si,银色 品牌15 17英寸 一体机（32吉字节内存）,一体机,品牌15,17英寸,32吉字节内存,银色,16*1*1,14,DU61C,艾米,收货,上架
PeGi24WaWh,白色 品牌21 24 铅笔（水彩）,铅笔,品牌21,24,水彩,白色,48*10*5,1811,AQ95C,迈克,收货,上架
TVGL42SFGr,灰色 品牌31 42英寸 电视机（超级全高清）,电视机,品牌31,42英寸,超级全高清,灰色,8*1*1,4,DN33F,约翰,收货,上架
CaRG18LoWh,白色 品牌03 1800 文件柜（储物锁柜）,文件柜,品牌03,1800,储物锁柜,白色,8*1*1,6,BJ36G,迈克,收货,上架
CuWE18FiBl,黑色 品牌02 1800 储物柜（文件收纳）,储物柜,品牌02,1800,文件收纳,黑色,8*1*1,8,BW83E,莎拉,收货,上架
TVGn65FHBl,黑色 品牌30 65英寸 电视机（全高清）,电视机,品牌30,65英寸,全高清,黑色,8*1*1,5,BS91A,劳拉,收货,上架
PrNoA4LaBl,黑色 品牌26 四号纸 打印机（激光）,打印机,品牌26,四号纸,激光,黑色,16*1*1,11,BF98F,艾米,收货,上架
NoGrA5doWh,白色 品牌18 五号纸 笔记本（点阵）,笔记本,品牌18,五号纸,点阵,白色,48*10*5,74,BU30D,莎拉,收货,上架
PeGi12SoWh,白色 品牌21 12 铅笔（可溶性）,铅笔,品牌21,12,可溶性,白色,48*10*5,834,DM40D,莎拉,收货,上架
PeGi24HeWh,白色 品牌21 24 铅笔（六角形）,铅笔,品牌21,24,六角形,白色,48*10*5,300,CX48D,亚历克斯,收货,上架
AlOv158GGr,灰色 品牌13 15英寸 一体机（8吉字节内存）,一体机,品牌13,15英寸,8吉字节内存,灰色,16*1*1,8,BQ55A,莎拉,收货,上架
SPGi24WaBl,黑色 品牌21 24 触控笔（水彩）,触控笔,品牌21,24,水彩,黑色,48*10*5,144,DO37F,艾米丽,收货,上架
PrPHA2InBl,黑色 品牌12 二号纸 打印机（喷墨）,打印机,品牌12,二号纸,喷墨,黑色,16*1*1,5,DP73E,艾米,收货,上架
CuTE12LoBl,黑色 品牌04 1200 储物柜（储物锁柜）,储物柜,品牌04,1200,储物锁柜,黑色,8*1*1,2,BK70A,艾米丽,收货,上架
DrRG90FiGr,灰色 品牌03 900 抽屉柜（文件收纳）,抽屉柜,品牌03,900,文件收纳,灰色,8*1*1,7,DO36E,劳拉,收货,上架
TaAE10FrGr,灰色 品牌05 1000 桌子（框架式）,桌子,品牌05,1000,框架式,灰色,8*1*1,8,AT74D,艾米,收货,上架
SPRe24SoGr,灰色 品牌22 24 触控笔（可溶性）,触控笔,品牌22,24,可溶性,灰色,48*10*5,1234,BR56G,劳拉,收货,上架
SPNa50WaGr,灰色 品牌23 50 触控笔（水彩）,触控笔,品牌23,50,水彩,灰色,48*10*5,1009,CR15A,劳拉,收货,上架
NoExA5liSi,银色 品牌16 五号纸 笔记本（线条）,笔记本,品牌16,五号纸,线条,银色,48*10*5,1756,AP44A,简,收货,上架
CuRG90LoWh,白色 品牌03 900 储物柜（储物锁柜）,储物柜,品牌03,900,储物锁柜,白色,8*1*1,1,DZ95E,大卫,收货,上架
CaRG18SlBl,黑色 品牌03 1800 文件柜（滑动式）,文件柜,品牌03,1800,滑动式,黑色,8*1*1,6,BH70A,莎拉,收货,上架
GaOGSErBl,黑色 品牌07 小号 游戏椅（人体工学）,游戏椅,品牌07,小号,人体工学,黑色,16*1*1,7,CG95A,约翰,收货,上架
OfXEMLePi,粉色 品牌06 中号 办公椅（皮革）,办公椅,品牌06,中号,皮革,粉色,16*1*1,7,BZ21A,大卫,收货,上架
SPRe24HePi,粉色 品牌22 24 触控笔（六角形）,触控笔,品牌22,24,六角形,粉色,48*10*5,972,DR18H,艾米丽,收货,上架
LaPH1532Si,银色 品牌12 15英寸 笔记本电脑（32吉字节内存）,笔记本电脑,品牌12,15英寸,32吉字节内存,银色,16*1*1,13,DZ48A,大卫,收货,上架
PeRe50HeGr,灰色 品牌22 50 铅笔（六角形）,铅笔,品牌22,50,六角形,灰色,48*10*5,2306,CZ71A,亚历克斯,收货,上架
MoHc35WiWh,白色 品牌09 350 鼠标（有线）,鼠标,品牌09,350,有线,白色,16*10*1,113,BW33E,迈克,收货,上架
TVGL65SFWh,白色 品牌31 65英寸 电视机（超级全高清）,电视机,品牌31,65英寸,超级全高清,白色,8*1*1,5,AN81E,劳拉,收货,上架
CuTE90LoBe,米色 品牌04 900 储物柜（储物锁柜）,储物柜,品牌04,900,储物锁柜,米色,8*1*1,2,CW75H,艾米丽,收货,上架
MoHc45WiWh,白色 品牌09 450 鼠标（有线）,鼠标,品牌09,450,有线,白色,16*10*1,15,DI63C,莎拉,收货,上架
KeHc35BlNa,藏青色 品牌09 350 键盘（蓝牙）,键盘,品牌09,350,蓝牙,藏青色,16*10*1,92,BF94A,约翰,收货,上架
MoPH35MeBl,黑色 品牌12 350 鼠标（机械式）,鼠标,品牌12,350,机械式,黑色,16*10*1,70,BN89H,克里斯,收货,上架
TVGL65S4Gr,灰色 品牌31 65英寸 电视机（超级超高清）,电视机,品牌31,65英寸,超级超高清,灰色,8*1*1,5,BW13H,克里斯,收货,上架
KeSu27ErPi,粉色 品牌11 270 键盘（人体工学）,键盘,品牌11,270,人体工学,粉色,16*10*1,152,BX54E,简,收货,上架
NoMuA4doGr,灰色 品牌19 四号纸 笔记本（点阵）,笔记本,品牌19,四号纸,点阵,灰色,48*10*5,1896,AO96D,劳拉,收货,上架
CuRG90DoBe,米色 品牌03 900 储物柜（带门式）,储物柜,品牌03,900,带门式,米色,8*1*1,5,DK03C,艾米丽,收货,上架
TaCI10AdSi,银色 品牌27 1000 桌子（可调节）,桌子,品牌27,1000,可调节,银色,8*1*1,5,DL33E,大卫,收货,上架
MoHc27MeWh,白色 品牌09 270 鼠标（机械式）,鼠标,品牌09,270,机械式,白色,16*10*1,9,CI79B,大卫,收货,上架
PeAl24WaGr,灰色 品牌20 24 铅笔（水彩）,铅笔,品牌20,24,水彩,灰色,48*10*5,1629,BL83A,大卫,收货,上架
CuTE12DoGr,灰色 品牌04 1200 储物柜（带门式）,储物柜,品牌04,1200,带门式,灰色,8*1*1,8,CP40A,克里斯,收货,上架
TVGL42S4Gr,灰色 品牌31 42英寸 电视机（超级超高清）,电视机,品牌31,42英寸,超级超高清,灰色,8*1*1,2,BO71F,约翰,收货,上架
CaRG90SlBl,黑色 品牌03 900 文件柜（滑动式）,文件柜,品牌03,900,滑动式,黑色,8*1*1,3,CM47E,艾米丽,收货,上架
LaYn1516Gr,灰色 品牌15 15英寸 笔记本电脑（16吉字节内存）,笔记本电脑,品牌15,15英寸,16吉字节内存,灰色,16*1*1,6,CH19C,约翰,收货,上架
LaYn1432Wh,白色 品牌15 14英寸 笔记本电脑（32吉字节内存）,笔记本电脑,品牌15,14英寸,32吉字节内存,白色,16*1*1,3,BU77A,克里斯,收货,上架
PeNa50HePi,粉色 品牌23 50 铅笔（六角形）,铅笔,品牌23,50,六角形,粉色,48*10*5,70,DL88C,艾米丽,收货,上架
PeGi50WaGr,灰色 品牌21 50 铅笔（水彩）,铅笔,品牌21,50,水彩,灰色,48*10*5,1187,CR94H,迈克,收货,上架
PeRe50WaGr,灰色 品牌22 50 铅笔（水彩）,铅笔,品牌22,50,水彩,灰色,48*10*5,2388,DJ75B,劳拉,收货,上架
GaOGLLeGr,灰色 品牌07 大号 游戏椅（皮革）,游戏椅,品牌07,大号,皮革,灰色,16*1*1,13,DM31A,艾米丽,收货,上架
LaOv1516Gr,灰色 品牌13 15英寸 笔记本电脑（16吉字节内存）,笔记本电脑,品牌13,15英寸,16吉字节内存,灰色,16*1*1,16,AL79C,大卫,收货,上架
NoMuA3liSi,银色 品牌19 三号纸 笔记本（线条）,笔记本,品牌19,三号纸,线条,银色,48*10*5,483,BI37G,简,收货,上架
PrSoA2WiMi,混合色 品牌25 二号纸 打印机（无线网络）,打印机,品牌25,二号纸,无线网络,混合色,16*1*1,14,DM21F,艾米,收货,上架
KeSu45MePi,粉色 品牌11 450 键盘（机械式）,键盘,品牌11,450,机械式,粉色,16*10*1,112,CH21D,克里斯,收货,上架
KeRe27BlWh,白色 品牌10 270 键盘（蓝牙）,键盘,品牌10,270,蓝牙,白色,16*10*1,38,CI15H,克里斯,收货,上架
CaTE18SlBl,黑色 品牌04 1800 文件柜（滑动式）,文件柜,品牌04,1800,滑动式,黑色,8*1*1,5,DU85B,迈克,收货,上架
SPAl24HePi,粉色 品牌20 24 触控笔（六角形）,触控笔,品牌20,24,六角形,粉色,48*10*5,1379,DU63F,大卫,收货,上架
KeSu35WiNa,藏青色 品牌11 350 键盘（有线）,键盘,品牌11,350,有线,藏青色,16*10*1,40,BS95A,约翰,收货,上架
NoMuA5ruWh,白色 品牌19 五号纸 笔记本（横线）,笔记本,品牌19,五号纸,横线,白色,48*10*5,365,CS87G,迈克,收货,上架
SPNa50HeWh,白色 品牌23 50 触控笔（六角形）,触控笔,品牌23,50,六角形,白色,48*10*5,1815,CS36B,亚历克斯,收货,上架
NoScA5liBl,黑色 品牌17 五号纸 笔记本（线条）,笔记本,品牌17,五号纸,线条,黑色,48*10*5,51,BL11B,迈克,收货,上架
TVGL324KWh,白色 品牌31 32英寸 电视机（超高清）,电视机,品牌31,32英寸,超高清,白色,8*1*1,7,CF52G,迈克,收货,上架
TaTR15AuWh,白色 品牌28 1500 桌子（自动调节）,桌子,品牌28,1500,自动调节,白色,8*1*1,1,BF02H,莎拉,收货,上架
GaAESLePi,粉色 品牌05 小号 游戏椅（皮革）,游戏椅,品牌05,小号,皮革,粉色,16*1*1,5,BX55E,艾米丽,收货,上架
TaCI15WoWh,白色 品牌27 1500 桌子（工作站）,桌子,品牌27,1500,工作站,白色,8*1*1,4,BI67H,克里斯,收货,上架
AlSu17i5Wh,白色 品牌11 17英寸 一体机（第5代处理器）,一体机,品牌11,17英寸,第5代处理器,白色,16*1*1,9,AJ53E,劳拉,收货,上架
CaQE12SlWh,白色 品牌01 1200 文件柜（滑动式）,文件柜,品牌01,1200,滑动式,白色,8*1*1,1,DM80B,莎拉,收货,上架
GaOGSErBl,黑色 品牌07 小号 游戏椅（人体工学）,游戏椅,品牌07,小号,人体工学,黑色,16*1*1,9,AV03D,大卫,收货,上架
PrNoA2MoMi,混合色 品牌26 二号纸 打印机（黑白）,打印机,品牌26,二号纸,黑白,混合色,16*1*1,4,AN21H,大卫,收货,上架
TaCI10AuBl,黑色 品牌27 1000 桌子（自动调节）,桌子,品牌27,1000,自动调节,黑色,8*1*1,1,BS36C,艾米丽,收货,上架
OfSESErPi,粉色 品牌08 小号 办公椅（人体工学）,办公椅,品牌08,小号,人体工学,粉色,16*1*1,6,DI55B,约翰,收货,上架
TaTR15AdWh,白色 品牌29 1500 桌子（可调节）,桌子,品牌29,1500,可调节,白色,8*1*1,7,DR62C,艾米,收货,上架
PrReA2MoGr,灰色 品牌24 二号纸 打印机（黑白）,打印机,品牌24,二号纸,黑白,灰色,16*1*1,5,DR18F,约翰,收货,上架
TaCI15AdGr,灰色 品牌27 1500 桌子（可调节）,桌子,品牌27,1500,可调节,灰色,8*1*1,4,CY81B,克里斯,收货,上架
TaCI10FrSi,银色 品牌27 1000 桌子（框架式）,桌子,品牌27,1000,框架式,银色,8*1*1,8,CV06D,艾米丽,收货,上架
CaTE18SlBl,黑色 品牌04 1800 文件柜（滑动式）,文件柜,品牌04,1800,滑动式,黑色,8*1*1,1,AP77A,亚历克斯,收货,上架
LaSu14i5Gr,灰色 品牌11 14英寸 笔记本电脑（第5代处理器）,笔记本电脑,品牌11,14英寸,第5代处理器,灰色,16*1*1,10,AJ60F,约翰,收货,上架
AlOv15i7Si,银色 品牌13 15英寸 一体机（第7代处理器）,一体机,品牌13,15英寸,第7代处理器,银色,16*1*1,7,DO40A,劳拉,收货,上架
KeHc27MePi,粉色 品牌09 270 键盘（机械式）,键盘,品牌09,270,机械式,粉色,16*10*1,55,DJ71A,艾米丽,收货,上架
CaRG18FiGr,灰色 品牌03 1800 文件柜（文件收纳）,文件柜,品牌03,1800,文件收纳,灰色,8*1*1,6,DI15C,艾米丽,收货,上架
DrWE90DoGr,灰色 品牌02 900 抽屉柜（带门式）,抽屉柜,品牌02,900,带门式,灰色,8*1*1,4,AJ20D,劳拉,收货,上架
TVEs654KGr,灰色 品牌32 65英寸 电视机（超高清）,电视机,品牌32,65英寸,超高清,灰色,8*1*1,1,DN12G,克里斯,收货,上架
AlOv17i5Bl,黑色 品牌13 17英寸 一体机（第5代处理器）,一体机,品牌13,17英寸,第5代处理器,黑色,16*1*1,14,CX72D,亚历克斯,收货,上架
TVGn65SFGr,灰色 品牌30 65英寸 电视机（超级全高清）,电视机,品牌30,65英寸,超级全高清,灰色,8*1*1,8,DQ60H,约翰,收货,上架
LaPH15i7Bl,黑色 品牌12 15英寸 笔记本电脑（第7代处理器）,笔记本电脑,品牌12,15英寸,第7代处理器,黑色,16*1*1,8,AX14D,莎拉,收货,上架
CaRG18DoBe,米色 品牌03 1800 文件柜（带门式）,文件柜,品牌03,1800,带门式,米色,8*1*1,1,CP04F,克里斯,收货,上架
MoSu45BlWh,白色 品牌11 450 鼠标（蓝牙）,鼠标,品牌11,450,蓝牙,白色,16*10*1,160,BS47F,克里斯,收货,上架
GaAEMHeWh,白色 品牌05 中号 游戏椅（头枕）,游戏椅,品牌05,中号,头枕,白色,16*1*1,7,BZ90D,简,收货,上架
AlOv158GGr,灰色 品牌13 15英寸 一体机（8吉字节内存）,一体机,品牌13,15英寸,8吉字节内存,灰色,16*1*1,1,CG59F,克里斯,收货,上架
GaXESHePi,粉色 品牌06 小号 游戏椅（头枕）,游戏椅,品牌06,小号,头枕,粉色,16*1*1,6,CN65G,简,收货,上架
CaQE12LoGr,灰色 品牌01 1200 文件柜（储物锁柜）,文件柜,品牌01,1200,储物锁柜,灰色,8*1*1,2,AY91A,莎拉,收货,上架
GaOGLErWh,白色 品牌07 大号 游戏椅（人体工学）,游戏椅,品牌07,大号,人体工学,白色,16*1*1,4,CL18E,艾米丽,收货,上架
LaRe158GWh,白色 品牌14 15英寸 笔记本电脑（8吉字节内存）,笔记本电脑,品牌14,15英寸,8吉字节内存,白色,16*1*1,3,DY17E,亚历克斯,收货,上架
PeGi12SoPi,粉色 品牌21 12 铅笔（可溶性）,铅笔,品牌21,12,可溶性,粉色,48*10*5,927,CL62E,迈克,收货,上架
PeRe12HeWh,白色 品牌22 12 铅笔（六角形）,铅笔,品牌22,12,六角形,白色,48*10*5,640,BU07C,迈克,收货,上架
KePH27WiNa,藏青色 品牌12 270 键盘（有线）,键盘,品牌12,270,有线,藏青色,16*10*1,31,CS79D,莎拉,收货,上架
DrWE12FiGr,灰色 品牌02 1200 抽屉柜（文件收纳）,抽屉柜,品牌02,1200,文件收纳,灰色,8*1*1,7,DT86C,艾米丽,收货,上架
CaTE12SlWh,白色 品牌04 1200 文件柜（滑动式）,文件柜,品牌04,1200,滑动式,白色,8*1*1,4,CO55B,劳拉,收货,上架
CuTE18DoGr,灰色 品牌04 1800 储物柜（带门式）,储物柜,品牌04,1800,带门式,灰色,8*1*1,6,CS42D,约翰,收货,上架
PeAl24SoWh,白色 品牌20 24 铅笔（可溶性）,铅笔,品牌20,24,可溶性,白色,48*10*5,167,AW71H,亚历克斯,收货,上架
PrReA2InGr,灰色 品牌24 二号纸 打印机（喷墨）,打印机,品牌24,二号纸,喷墨,灰色,16*1*1,6,BX69C,莎拉,收货,上架
OfOGSHePi,粉色 品牌07 小号 办公椅（头枕）,办公椅,品牌07,小号,头枕,粉色,16*1*1,8,DZ95C,艾米丽,收货,上架
SPGi24WaGr,灰色 品牌21 24 触控笔（水彩）,触控笔,品牌21,24,水彩,灰色,48*10*5,1817,DR47G,莎拉,收货,上架
LaOv178GBl,黑色 品牌13 17英寸 笔记本电脑（8吉字节内存）,笔记本电脑,品牌13,17英寸,8吉字节内存,黑色,16*1*1,6,DW86B,劳拉,收货,上架
PeAl12HeWh,白色 品牌20 12 铅笔（六角形）,铅笔,品牌20,12,六角形,白色,48*10*5,1222,AK05C,简,收货,上架
GaXESErBl,黑色 品牌06 小号 游戏椅（人体工学）,游戏椅,品牌06,小号,人体工学,黑色,16*1*1,4,DN42H,艾米丽,收货,上架
TaTR10FrSi,银色 品牌28 1000 桌子（框架式）,桌子,品牌28,1000,框架式,银色,8*1*1,8,BM04A,简,收货,上架
KeRe35MeNa,藏青色 品牌10 350 键盘（机械式）,键盘,品牌10,350,机械式,藏青色,16*10*1,30,BJ52H,莎拉,收货,上架
AlPH1432Bl,黑色 品牌12 14英寸 一体机（32吉字节内存）,一体机,品牌12,14英寸,32吉字节内存,黑色,16*1*1,2,BO47D,迈克,收货,上架
AlSu15i5Gr,灰色 品牌11 15英寸 一体机（第5代处理器）,一体机,品牌11,15英寸,第5代处理器,灰色,16*1*1,8,CZ88D,克里斯,收货,上架
TaAE15AuSi,银色 品牌05 1500 桌子（自动调节）,桌子,品牌05,1500,自动调节,银色,8*1*1,3,CK68H,莎拉,收货,上架
LaSu15i7Wh,白色 品牌11 15英寸 笔记本电脑（第7代处理器）,笔记本电脑,品牌11,15英寸,第7代处理器,白色,16*1*1,9,AP12E,亚历克斯,收货,上架
SPNa24HePi,粉色 品牌23 24 触控笔（六角形）,触控笔,品牌23,24,六角形,粉色,48*10*5,1718,BJ30C,大卫,收货,上架
PeNa24SoPi,粉色 品牌23 24 铅笔（可溶性）,铅笔,品牌23,24,可溶性,粉色,48*10*5,2111,CY31C,艾米丽,收货,上架
TaTR18WoSi,银色 品牌29 1800 桌子（工作站）,桌子,品牌29,1800,工作站,银色,8*1*1,5,DH68D,简,收货,上架
LaYn1516Si,银色 品牌15 15英寸 笔记本电脑（16吉字节内存）,笔记本电脑,品牌15,15英寸,16吉字节内存,银色,16*1*1,1,BF21F,艾米丽,收货,上架
CuQE12FiGr,灰色 品牌01 1200 储物柜（文件收纳）,储物柜,品牌01,1200,文件收纳,灰色,8*1*1,7,AI04F,约翰,收货,上架
NoScA4liWh,白色 品牌17 四号纸 笔记本（线条）,笔记本,品牌17,四号纸,线条,白色,48*10*5,955,BG52G,亚历克斯,收货,上架
TaTR10WoSi,银色 品牌28 1000 桌子（工作站）,桌子,品牌28,1000,工作站,银色,8*1*1,1,BL43F,大卫,收货,上架
NoMuA5ruSi,银色 品牌19 五号纸 笔记本（横线）,笔记本,品牌19,五号纸,横线,银色,48*10*5,1272,BG14B,劳拉,收货,上架
MoPH45MeNa,藏青色 品牌12 450 鼠标（机械式）,鼠标,品牌12,450,机械式,藏青色,16*10*1,158,CQ26G,克里斯,收货,上架
KeSu35WiBl,黑色 品牌11 350 键盘（有线）,键盘,品牌11,350,有线,黑色,16*10*1,109,CU36E,艾米,收货,上架
MoHc45WiWh,白色 品牌09 450 鼠标（有线）,鼠标,品牌09,450,有线,白色,16*10*1,141,CK88G,约翰,收货,上架
LaOv15i5Wh,白色 品牌13 15英寸 笔记本电脑（第5代处理器）,笔记本电脑,品牌13,15英寸,第5代处理器,白色,16*1*1,7,BK29H,莎拉,收货,上架
CuWE90SlBl,黑色 品牌02 900 储物柜（滑动式）,储物柜,品牌02,900,滑动式,黑色,8*1*1,5,DK66H,艾米,收货,上架
GaSESHeWh,白色 品牌08 小号 游戏椅（头枕）,游戏椅,品牌08,小号,头枕,白色,16*1*1,4,BO86C,艾米丽,收货,上架
GaOGMLeWh,白色 品牌07 中号 游戏椅（皮革）,游戏椅,品牌07,中号,皮革,白色,16*1*1,5,CL82F,大卫,收货,上架
OfXESHeWh,白色 品牌06 小号 办公椅（头枕）,办公椅,品牌06,小号,头枕,白色,16*1*1,11,AW63C,迈克,收货,上架
DrTE18SlBe,米色 品牌04 1800 抽屉柜（滑动式）,抽屉柜,品牌04,1800,滑动式,米色,8*1*1,5,AW09B,莎拉,收货,上架
TVYn754KSi,银色 品牌15 75英寸 电视机（超高清）,电视机,品牌15,75英寸,超高清,银色,8*1*1,5,AR26A,大卫,收货,上架
TaTR10WoWh,白色 品牌29 1000 桌子（工作站）,桌子,品牌29,1000,工作站,白色,8*1*1,8,CI79E,大卫,收货,上架
TVGn654KGr,灰色 品牌30 65英寸 电视机（超高清）,电视机,品牌30,65英寸,超高清,灰色,8*1*1,1,BG62E,艾米丽,收货,上架
PeGi12SoGr,灰色 品牌21 12 铅笔（可溶性）,铅笔,品牌21,12,可溶性,灰色,48*10*5,1648,DS94A,克里斯,收货,上架
LaOv1516Si,银色 品牌13 15英寸 笔记本电脑（16吉字节内存）,笔记本电脑,品牌13,15英寸,16吉字节内存,银色,16*1*1,3,BZ20A,克里斯,收货,上架
CuWE18SlBe,米色 品牌02 1800 储物柜（滑动式）,储物柜,品牌02,1800,滑动式,米色,8*1*1,1,BG26D,劳拉,收货,上架
LaSu14i5Si,银色 品牌11 14英寸 笔记本电脑（第5代处理器）,笔记本电脑,品牌11,14英寸,第5代处理器,银色,16*1*1,4,AF82D,劳拉,收货,上架
CaRG12DoBl,黑色 品牌03 1200 文件柜（带门式）,文件柜,品牌03,1200,带门式,黑色,8*1*1,2,AL43D,克里斯,收货,上架
LaPH14i5Gr,灰色 品牌12 14英寸 笔记本电脑（第5代处理器）,笔记本电脑,品牌12,14英寸,第5代处理器,灰色,16*1*1,13,AH81D,简,收货,上架
PrReA3MoMi,混合色 品牌24 三号纸 打印机（黑白）,打印机,品牌24,三号纸,黑白,混合色,16*1*1,10,AF71H,艾米,收货,上架
PrReA2AlWh,白色 品牌24 二号纸 打印机（一体式）,打印机,品牌24,二号纸,一体式,白色,16*1*1,15,DG18A,约翰,收货,上架
PeAl12SoPi,粉色 品牌20 12 铅笔（可溶性）,铅笔,品牌20,12,可溶性,粉色,48*10*5,1127,BL54E,艾米,收货,上架
CuQE90FiGr,灰色 品牌01 900 储物柜（文件收纳）,储物柜,品牌01,900,文件收纳,灰色,8*1*1,5,AZ13A,大卫,收货,上架
MoSu45BlNa,藏青色 品牌11 450 鼠标（蓝牙）,鼠标,品牌11,450,蓝牙,藏青色,16*10*1,147,BL92H,亚历克斯,收货,上架
CaTE18FiBe,米色 品牌04 1800 文件柜（文件收纳）,文件柜,品牌04,1800,文件收纳,米色,8*1*1,2,BG17H,迈克,收货,上架
KeRe27ErPi,粉色 品牌10 270 键盘（人体工学）,键盘,品牌10,270,人体工学,粉色,16*10*1,98,CS61B,劳拉,收货,上架
LaOv17i5Wh,白色 品牌13 17英寸 笔记本电脑（第5代处理器）,笔记本电脑,品牌13,17英寸,第5代处理器,白色,16*1*1,5,BK94B,亚历克斯,收货,上架
GaAEMErPi,粉色 品牌05 中号 游戏椅（人体工学）,游戏椅,品牌05,中号,人体工学,粉色,16*1*1,5,DH79H,亚历克斯,收货,上架
KeSu45BlBl,黑色 品牌11 450 键盘（蓝牙）,键盘,品牌11,450,蓝牙,黑色,16*10*1,71,DX03E,大卫,收货,上架
DrWE12DoBl,黑色 品牌02 1200 抽屉柜（带门式）,抽屉柜,品牌02,1200,带门式,黑色,8*1*1,1,AK68E,约翰,收货,上架
SPRe12HeGr,灰色 品牌22 12 触控笔（六角形）,触控笔,品牌22,12,六角形,灰色,48*10*5,1680,DW07D,劳拉,收货,上架
GaXESHeBl,黑色 品牌06 小号 游戏椅（头枕）,游戏椅,品牌06,小号,头枕,黑色,16*1*1,16,CJ10C,劳拉,收货,上架
TVYn50S4Bl,黑色 品牌15 50英寸 电视机（超级超高清）,电视机,品牌15,50英寸,超级超高清,黑色,8*1*1,1,AN39G,莎拉,收货,上架
DrWE12FiGr,灰色 品牌02 1200 抽屉柜（文件收纳）,抽屉柜,品牌02,1200,文件收纳,灰色,8*1*1,7,CI32E,亚历克斯,收货,上架
CuRG90SlWh,白色 品牌03 900 储物柜（滑动式）,储物柜,品牌03,900,滑动式,白色,8*1*1,1,BT05G,大卫,收货,上架
PrNoA3AlGr,灰色 品牌26 三号纸 打印机（一体式）,打印机,品牌26,三号纸,一体式,灰色,16*1*1,9,BQ62C,劳拉,收货,上架
AlYn148GBl,黑色 品牌15 14英寸 一体机（8吉字节内存）,一体机,品牌15,14英寸,8吉字节内存,黑色,16*1*1,10,BZ38A,艾米丽,收货,上架
SPRe50WaPi,粉色 品牌22 50 触控笔（水彩）,触控笔,品牌22,50,水彩,粉色,48*10*5,460,BQ21E,劳拉,收货,上架
MoHc27ErNa,藏青色 品牌09 270 鼠标（人体工学）,鼠标,品牌09,270,人体工学,藏青色,16*10*1,114,BI19D,约翰,收货,上架
NoExA5liGr,灰色 品牌16 五号纸 笔记本（线条）,笔记本,品牌16,五号纸,线条,灰色,48*10*5,2173,CP57G,约翰,收货,上架
GaAEMHePi,粉色 品牌05 中号 游戏椅（头枕）,游戏椅,品牌05,中号,头枕,粉色,16*1*1,12,AU83G,大卫,收货,上架
LaYn14i5Si,银色 品牌15 14英寸 笔记本电脑（第5代处理器）,笔记本电脑,品牌15,14英寸,第5代处理器,银色,16*1*1,3,CN74A,大卫,收货,上架
LaRe14i7Wh,白色 品牌14 14英寸 笔记本电脑（第7代处理器）,笔记本电脑,品牌14,14英寸,第7代处理器,白色,16*1*1,5,BM09H,艾米丽,收货,上架
TVEs654KGr,灰色 品牌32 65英寸 电视机（超高清）,电视机,品牌32,65英寸,超高清,灰色,8*1*1,2,BF80H,约翰,收货,上架
DrWE90DoWh,白色 品牌02 900 抽屉柜（带门式）,抽屉柜,品牌02,900,带门式,白色,8*1*1,1,AR79C,迈克,收货,上架
LaPH148GWh,白色 品牌12 14英寸 笔记本电脑（8吉字节内存）,笔记本电脑,品牌12,14英寸,8吉字节内存,白色,16*1*1,14,CI64F,约翰,收货,上架
OfAEMErGr,灰色 品牌05 中号 办公椅（人体工学）,办公椅,品牌05,中号,人体工学,灰色,16*1*1,5,AP58H,简,收货,上架
LaYn1532Gr,灰色 品牌15 15英寸 笔记本电脑（32吉字节内存）,笔记本电脑,品牌15,15英寸,32吉字节内存,灰色,16*1*1,5,AP17F,莎拉,收货,上架
PrReA3AlWh,白色 品牌24 三号纸 打印机（一体式）,打印机,品牌24,三号纸,一体式,白色,16*1*1,1,CO06E,艾米,收货,上架
TVGn65SFSi,银色 品牌30 65英寸 电视机（超级全高清）,电视机,品牌30,65英寸,超级全高清,银色,8*1*1,7,DR39D,简,收货,上架
TVYn32SFWh,白色 品牌15 32英寸 电视机（超级全高清）,电视机,品牌15,32英寸,超级全高清,白色,8*1*1,7,CJ73D,约翰,收货,上架
TaAE10WoWh,白色 品牌05 1000 桌子（工作站）,桌子,品牌05,1000,工作站,白色,8*1*1,8,AM84B,简,收货,上架
LaSu1432Wh,白色 品牌11 14英寸 笔记本电脑（32吉字节内存）,笔记本电脑,品牌11,14英寸,32吉字节内存,白色,16*1*1,7,BS55C,简,收货,上架
AlOv15i7Si,银色 品牌13 15英寸 一体机（第7代处理器）,一体机,品牌13,15英寸,第7代处理器,银色,16*1*1,11,BN73E,大卫,收货,上架
GaAESAdGr,灰色 品牌05 小号 游戏椅（可调节）,游戏椅,品牌05,小号,可调节,灰色,16*1*1,3,DO69E,莎拉,收货,上架
SPGi50WaGr,灰色 品牌21 50 触控笔（水彩）,触控笔,品牌21,50,水彩,灰色,48*10*5,1451,BF46H,大卫,收货,上架
TVEs654KGr,灰色 品牌32 65英寸 电视机（超高清）,电视机,品牌32,65英寸,超高清,灰色,8*1*1,3,DO28F,劳拉,收货,上架
LaSu1732Wh,白色 品牌11 17英寸 笔记本电脑（32吉字节内存）,笔记本电脑,品牌11,17英寸,32吉字节内存,白色,16*1*1,16,DS01E,劳拉,收货,上架
TaCI15AuGr,灰色 品牌27 1500 桌子（自动调节）,桌子,品牌27,1500,自动调节,灰色,8*1*1,6,CU24G,迈克,收货,上架
SPNa50WaGr,灰色 品牌23 50 触控笔（水彩）,触控笔,品牌23,50,水彩,灰色,48*10*5,2108,CJ76D,克里斯,收货,上架
LaPH14i7Bl,黑色 品牌12 14英寸 笔记本电脑（第7代处理器）,笔记本电脑,品牌12,14英寸,第7代处理器,黑色,16*1*1,9,BI61B,克里斯,收货,上架
OfSEMHeGr,灰色 品牌08 中号 办公椅（头枕）,办公椅,品牌08,中号,头枕,灰色,16*1*1,5,DK58H,简,收货,上架
PrPHA4MoBl,黑色 品牌12 四号纸 打印机（黑白）,打印机,品牌12,四号纸,黑白,黑色,16*1*1,16,AI79F,劳拉,收货,上架
TVGL65S4Si,银色 品牌31 65英寸 电视机（超级超高清）,电视机,品牌31,65英寸,超级超高清,银色,8*1*1,4,BX62E,莎拉,收货,上架
PrSoA2WiGr,灰色 品牌25 二号纸 打印机（无线网络）,打印机,品牌25,二号纸,无线网络,灰色,16*1*1,8,BU27F,克里斯,收货,上架
NoExA4ruWh,白色 品牌16 四号纸 笔记本（横线）,笔记本,品牌16,四号纸,横线,白色,48*10*5,465,DK01G,克里斯,收货,上架
CaRG90LoBe,米色 品牌03 900 文件柜（储物锁柜）,文件柜,品牌03,900,储物锁柜,米色,8*1*1,4,BN51C,艾米丽,收货,上架
TaTR10WoSi,银色 品牌28 1000 桌子（工作站）,桌子,品牌28,1000,工作站,银色,8*1*1,7,BG16F,简,收货,上架
CaWE90FiGr,灰色 品牌02 900 文件柜（文件收纳）,文件柜,品牌02,900,文件收纳,灰色,8*1*1,7,BW51G,亚历克斯,收货,上架
AlPH158GBl,黑色 品牌12 15英寸 一体机（8吉字节内存）,一体机,品牌12,15英寸,8吉字节内存,黑色,16*1*1,6,CF84C,大卫,收货,上架
OfXELLeWh,白色 品牌06 大号 办公椅（皮革）,办公椅,品牌06,大号,皮革,白色,16*1*1,14,BK19A,亚历克斯,收货,上架
MoHc27MePi,粉色 品牌09 270 鼠标（机械式）,鼠标,品牌09,270,机械式,粉色,16*10*1,140,AI19E,艾米,收货,上架
AlRe14i7Wh,白色 品牌14 14英寸 一体机（第7代处理器）,一体机,品牌14,14英寸,第7代处理器,白色,16*1*1,4,DN50E,劳拉,收货,上架
CaWE90DoBl,黑色 品牌02 900 文件柜（带门式）,文件柜,品牌02,900,带门式,黑色,8*1*1,7,CX51H,约翰,收货,上架
AlPH1416Gr,灰色 品牌12 14英寸 一体机（16吉字节内存）,一体机,品牌12,14英寸,16吉字节内存,灰色,16*1*1,10,AZ30H,简,收货,上架
KePH35WiPi,粉色 品牌12 350 键盘（有线）,键盘,品牌12,350,有线,粉色,16*10*1,39,DV67E,劳拉,收货,上架
CuTE18FiBl,黑色 品牌04 1800 储物柜（文件收纳）,储物柜,品牌04,1800,文件收纳,黑色,8*1*1,2,BK81A,大卫,收货,上架
MoRe35ErNa,藏青色 品牌10 350 鼠标（人体工学）,鼠标,品牌10,350,人体工学,藏青色,16*10*1,99,AX28H,简,收货,上架
DrRG12LoBl,黑色 品牌03 1200 抽屉柜（储物锁柜）,抽屉柜,品牌03,1200,储物锁柜,黑色,8*1*1,4,AI57D,迈克,收货,上架
TVGL504KBl,黑色 品牌31 50英寸 电视机（超高清）,电视机,品牌31,50英寸,超高清,黑色,8*1*1,4,CQ15C,亚历克斯,收货,上架
TVGn42S4Wh,白色 品牌30 42英寸 电视机（超级超高清）,电视机,品牌30,42英寸,超级超高清,白色,8*1*1,2,BN29D,简,收货,上架
CaWE18DoBl,黑色 品牌02 1800 文件柜（带门式）,文件柜,品牌02,1800,带门式,黑色,8*1*1,6,DK95C,克里斯,收货,上架
AlYn1416Si,银色 品牌15 14英寸 一体机（16吉字节内存）,一体机,品牌15,14英寸,16吉字节内存,银色,16*1*1,13,CU76B,约翰,收货,上架
CaTE12DoBl,黑色 品牌04 1200 文件柜（带门式）,文件柜,品牌04,1200,带门式,黑色,8*1*1,4,AJ97B,约翰,收货,上架
LaOv1432Bl,黑色 品牌13 14英寸 笔记本电脑（32吉字节内存）,笔记本电脑,品牌13,14英寸,32吉字节内存,黑色,16*1*1,14,BG57H,艾米,收货,上架
AlPH148GGr,灰色 品牌12 14英寸 一体机（8吉字节内存）,一体机,品牌12,14英寸,8吉字节内存,灰色,16*1*1,8,BU13G,艾米,收货,上架
GaOGMAdGr,灰色 品牌07 中号 游戏椅（可调节）,游戏椅,品牌07,中号,可调节,灰色,16*1*1,14,BR66C,莎拉,收货,上架
NoGrA5liWh,白色 品牌18 五号纸 笔记本（线条）,笔记本,品牌18,五号纸,线条,白色,48*10*5,1108,AG75H,莎拉,收货,上架
CuQE90FiBe,米色 品牌01 900 储物柜（文件收纳）,储物柜,品牌01,900,文件收纳,米色,8*1*1,3,CJ36H,大卫,收货,上架
PrReA2InMi,混合色 品牌24 二号纸 打印机（喷墨）,打印机,品牌24,二号纸,喷墨,混合色,16*1*1,1,AM93D,亚历克斯,收货,上架
KeSu35ErBl,黑色 品牌11 350 键盘（人体工学）,键盘,品牌11,350,人体工学,黑色,16*10*1,142,BY78H,艾米,收货,上架
PeAl50WaPi,粉色 品牌20 50 铅笔（水彩）,铅笔,品牌20,50,水彩,粉色,48*10*5,421,BW15G,莎拉,收货,上架
PrPHA4AlBl,黑色 品牌12 四号纸 打印机（一体式）,打印机,品牌12,四号纸,一体式,黑色,16*1*1,13,CW82E,大卫,收货,上架
LaPH15i7Bl,黑色 品牌12 15英寸 笔记本电脑（第7代处理器）,笔记本电脑,品牌12,15英寸,第7代处理器,黑色,16*1*1,3,CH75D,艾米,收货,上架
PrReA4MoWh,白色 品牌24 四号纸 打印机（黑白）,打印机,品牌24,四号纸,黑白,白色,16*1*1,13,CS09C,大卫,收货,上架
TaCI15FrBl,黑色 品牌27 1500 桌子（框架式）,桌子,品牌27,1500,框架式,黑色,8*1*1,5,BO42F,艾米丽,收货,上架
LaRe178GGr,灰色 品牌14 17英寸 笔记本电脑（8吉字节内存）,笔记本电脑,品牌14,17英寸,8吉字节内存,灰色,16*1*1,2,DW55H,亚历克斯,收货,上架
TVYn504KWh,白色 品牌15 50英寸 电视机（超高清）,电视机,品牌15,50英寸,超高清,白色,8*1*1,1,CZ24B,克里斯,收货,上架
SPGi24WaBl,黑色 品牌21 24 触控笔（水彩）,触控笔,品牌21,24,水彩,黑色,48*10*5,538,BT69H,克里斯,收货,上架
LaSu1532Wh,白色 品牌11 15英寸 笔记本电脑（32吉字节内存）,笔记本电脑,品牌11,15英寸,32吉字节内存,白色,16*1*1,8,CW17F,简,收货,上架
GaSELLeBl,黑色 品牌08 大号 游戏椅（皮革）,游戏椅,品牌08,大号,皮革,黑色,16*1*1,13,BK88C,迈克,收货,上架
TVEs754KGr,灰色 品牌32 75英寸 电视机（超高清）,电视机,品牌32,75英寸,超高清,灰色,8*1*1,4,DG93A,劳拉,收货,上架
AlRe1432Bl,黑色 品牌14 14英寸 一体机（32吉字节内存）,一体机,品牌14,14英寸,32吉字节内存,黑色,16*1*1,5,CT97G,莎拉,收货,上架
OfSESHeBl,黑色 品牌08 小号 办公椅（头枕）,办公椅,品牌08,小号,头枕,黑色,16*1*1,15,CL15C,大卫,收货,上架
LaRe148GBl,黑色 品牌14 14英寸 笔记本电脑（8吉字节内存）,笔记本电脑,品牌14,14英寸,8吉字节内存,黑色,16*1*1,8,DK66F,艾米,收货,上架
PeAl50SoBl,黑色 品牌20 50 铅笔（可溶性）,铅笔,品牌20,50,可溶性,黑色,48*10*5,1954,DT41G,亚历克斯,收货,上架
NoMuA4liWh,白色 品牌19 四号纸 笔记本（线条）,笔记本,品牌19,四号纸,线条,白色,48*10*5,1035,BJ63A,约翰,收货,上架
KeRe35WiNa,藏青色 品牌10 350 键盘（有线）,键盘,品牌10,350,有线,藏青色,16*10*1,25,BO73F,克里斯,收货,上架
PrReA4AlWh,白色 品牌24 四号纸 打印机（一体式）,打印机,品牌24,四号纸,一体式,白色,16*1*1,6,BO05C,迈克,收货,上架
LaYn17i5Bl,黑色 品牌15 17英寸 笔记本电脑（第5代处理器）,笔记本电脑,品牌15,17英寸,第5代处理器,黑色,16*1*1,3,DW59B,艾米,收货,上架
NoMuA3liGr,灰色 品牌19 三号纸 笔记本（线条）,笔记本,品牌19,三号纸,线条,灰色,48*10*5,1459,CL64B,艾米,收货,上架
KePH45WiWh,白色 品牌12 450 键盘（有线）,键盘,品牌12,450,有线,白色,16*10*1,28,DF35C,迈克,收货,上架
OfSELHeBl,黑色 品牌08 大号 办公椅（头枕）,办公椅,品牌08,大号,头枕,黑色,16*1*1,12,AQ57H,大卫,收货,上架
KePH45WiBl,黑色 品牌12 450 键盘（有线）,键盘,品牌12,450,有线,黑色,16*10*1,96,AT89H,大卫,收货,上架
NoExA5doWh,白色 品牌16 五号纸 笔记本（点阵）,笔记本,品牌16,五号纸,点阵,白色,48*10*5,504,BO07B,亚历克斯,收货,上架
GaOGMAdWh,白色 品牌07 中号 游戏椅（可调节）,游戏椅,品牌07,中号,可调节,白色,16*1*1,13,BJ65C,亚历克斯,收货,上架
DrTE18DoBe,米色 品牌04 1800 抽屉柜（带门式）,抽屉柜,品牌04,1800,带门式,米色,8*1*1,1,CK41F,迈克,收货,上架
PeGi12HePi,粉色 品牌21 12 铅笔（六角形）,铅笔,品牌21,12,六角形,粉色,48*10*5,461,DL06A,莎拉,收货,上架
GaSESLePi,粉色 品牌08 小号 游戏椅（皮革）,游戏椅,品牌08,小号,皮革,粉色,16*1*1,5,CL85B,克里斯,收货,上架
LaOv15i7Gr,灰色 品牌13 15英寸 笔记本电脑（第7代处理器）,笔记本电脑,品牌13,15英寸,第7代处理器,灰色,16*1*1,8,DY33G,艾米,收货,上架
TVGn32FHWh,白色 品牌30 32英寸 电视机（全高清）,电视机,品牌30,32英寸,全高清,白色,8*1*1,3,CO36D,莎拉,收货,上架
OfSESLeGr,灰色 品牌08 小号 办公椅（皮革）,办公椅,品牌08,小号,皮革,灰色,16*1*1,14,DF16B,约翰,收货,上架
MoHc45BlNa,藏青色 品牌09 450 鼠标（蓝牙）,鼠标,品牌09,450,蓝牙,藏青色,16*10*1,120,DQ12B,大卫,收货,上架
TVYn42SFGr,灰色 品牌15 42英寸 电视机（超级全高清）,电视机,品牌15,42英寸,超级全高清,灰色,8*1*1,1,BK31G,简,收货,上架
MoRe27ErNa,藏青色 品牌10 270 鼠标（人体工学）,鼠标,品牌10,270,人体工学,藏青色,16*10*1,84,BZ24E,莎拉,收货,上架
SPAl12SoGr,灰色 品牌20 12 触控笔（可溶性）,触控笔,品牌20,12,可溶性,灰色,48*10*5,2028,DN11E,劳拉,收货,上架
AlPH15i5Si,银色 品牌12 15英寸 一体机（第5代处理器）,一体机,品牌12,15英寸,第5代处理器,银色,16*1*1,1,CY21H,约翰,收货,上架
CuQE12LoBe,米色 品牌01 1200 储物柜（储物锁柜）,储物柜,品牌01,1200,储物锁柜,米色,8*1*1,7,BG84B,克里斯,收货,上架
KeRe27MeNa,藏青色 品牌10 270 键盘（机械式）,键盘,品牌10,270,机械式,藏青色,16*10*1,51,AL41D,莎拉,收货,上架
OfAEMLeBl,黑色 品牌05 中号 办公椅（皮革）,办公椅,品牌05,中号,皮革,黑色,16*1*1,12,DV98A,莎拉,收货,上架
TVYn32S4Si,银色 品牌15 32英寸 电视机（超级超高清）,电视机,品牌15,32英寸,超级超高清,银色,8*1*1,8,AH19A,艾米,收货,上架
AlYn15i7Bl,黑色 品牌15 15英寸 一体机（第7代处理器）,一体机,品牌15,15英寸,第7代处理器,黑色,16*1*1,8,CW65F,迈克,收货,上架
SPNa12HePi,粉色 品牌23 12 触控笔（六角形）,触控笔,品牌23,12,六角形,粉色,48*10*5,1291,CR76E,劳拉,收货,上架
GaAEMErBl,黑色 品牌05 中号 游戏椅（人体工学）,游戏椅,品牌05,中号,人体工学,黑色,16*1*1,6,DM19C,简,收货,上架
AlPH158GBl,黑色 品牌12 15英寸 一体机（8吉字节内存）,一体机,品牌12,15英寸,8吉字节内存,黑色,16*1*1,7,BJ22C,约翰,收货,上架
CuQE12DoBe,米色 品牌01 1200 储物柜（带门式）,储物柜,品牌01,1200,带门式,米色,8*1*1,4,AR94D,艾米丽,收货,上架
TVGL50FHSi,银色 品牌31 50英寸 电视机（全高清）,电视机,品牌31,50英寸,全高清,银色,8*1*1,6,DG32G,亚历克斯,收货,上架
PrReA2MoWh,白色 品牌24 二号纸 打印机（黑白）,打印机,品牌24,二号纸,黑白,白色,16*1*1,1,CJ70C,艾米,收货,上架
MoHc45ErPi,粉色 品牌09 450 鼠标（人体工学）,鼠标,品牌09,450,人体工学,粉色,16*10*1,80,BZ85G,亚历克斯,收货,上架
LaYn14i5Wh,白色 品牌15 14英寸 笔记本电脑（第5代处理器）,笔记本电脑,品牌15,14英寸,第5代处理器,白色,16*1*1,12,AX48A,劳拉,收货,上架
LaOv15i5Si,银色 品牌13 15英寸 笔记本电脑（第5代处理器）,笔记本电脑,品牌13,15英寸,第5代处理器,银色,16*1*1,16,BW48F,约翰,收货,上架
PrSoA4AlMi,混合色 品牌25 四号纸 打印机（一体式）,打印机,品牌25,四号纸,一体式,混合色,16*1*1,1,CY17H,迈克,收货,上架
TVGn75FHGr,灰色 品牌30 75英寸 电视机（全高清）,电视机,品牌30,75英寸,全高清,灰色,8*1*1,1,CQ59F,艾米,收货,上架
CaTE90SlWh,白色 品牌04 900 文件柜（滑动式）,文件柜,品牌04,900,滑动式,白色,8*1*1,7,CS30G,劳拉,收货,上架
PrNoA2InWh,白色 品牌26 二号纸 打印机（喷墨）,打印机,品牌26,二号纸,喷墨,白色,16*1*1,7,DI02B,劳拉,收货,上架
GaOGLLePi,粉色 品牌07 大号 游戏椅（皮革）,游戏椅,品牌07,大号,皮革,粉色,16*1*1,8,DF84G,大卫,收货,上架
AlSu15i5Wh,白色 品牌11 15英寸 一体机（第5代处理器）,一体机,品牌11,15英寸,第5代处理器,白色,16*1*1,8,AO92H,艾米,收货,上架
MoPH45WiBl,黑色 品牌12 450 鼠标（有线）,鼠标,品牌12,450,有线,黑色,16*10*1,96,DF42E,大卫,收货,上架
AlSu1416Gr,灰色 品牌11 14英寸 一体机（16吉字节内存）,一体机,品牌11,14英寸,16吉字节内存,灰色,16*1*1,12,AR54D,莎拉,收货,上架
OfSELErGr,灰色 品牌08 大号 办公椅（人体工学）,办公椅,品牌08,大号,人体工学,灰色,16*1*1,15,DN06H,简,收货,上架
NoGrA5liGr,灰色 品牌18 五号纸 笔记本（线条）,笔记本,品牌18,五号纸,线条,灰色,48*10*5,2381,BO11E,莎拉,收货,上架
TVYn65FHWh,白色 品牌15 65英寸 电视机（全高清）,电视机,品牌15,65英寸,全高清,白色,8*1*1,5,DT20F,约翰,收货,上架
MoHc35MeWh,白色 品牌09 350 鼠标（机械式）,鼠标,品牌09,350,机械式,白色,16*10*1,7,AO24A,劳拉,收货,上架
GaAELErGr,灰色 品牌05 大号 游戏椅（人体工学）,游戏椅,品牌05,大号,人体工学,灰色,16*1*1,4,CT27H,亚历克斯,收货,上架
KePH35BlPi,粉色 品牌12 350 键盘（蓝牙）,键盘,品牌12,350,蓝牙,粉色,16*10*1,41,AH91D,克里斯,收货,上架
GaOGMLePi,粉色 品牌07 中号 游戏椅（皮革）,游戏椅,品牌07,中号,皮革,粉色,16*1*1,7,CJ17A,简,收货,上架
DrTE12DoWh,白色 品牌04 1200 抽屉柜（带门式）,抽屉柜,品牌04,1200,带门式,白色,8*1*1,1,CT29B,约翰,收货,上架
CaTE12SlBl,黑色 品牌04 1200 文件柜（滑动式）,文件柜,品牌04,1200,滑动式,黑色,8*1*1,3,BI09B,劳拉,收货,上架
AlPH1716Si,银色 品牌12 17英寸 一体机（16吉字节内存）,一体机,品牌12,17英寸,16吉字节内存,银色,16*1*1,12,AY85B,约翰,收货,上架
CuQE12DoBl,黑色 品牌01 1200 储物柜（带门式）,储物柜,品牌01,1200,带门式,黑色,8*1*1,1,BK16A,莎拉,收货,上架
MoPH35WiPi,粉色 品牌12 350 鼠标（有线）,鼠标,品牌12,350,有线,粉色,16*10*1,115,BT10D,莎拉,收货,上架
GaXELAdBl,黑色 品牌06 大号 游戏椅（可调节）,游戏椅,品牌06,大号,可调节,黑色,16*1*1,11,CS86G,艾米丽,收货,上架
PrNoA2LaBl,黑色 品牌26 二号纸 打印机（激光）,打印机,品牌26,二号纸,激光,黑色,16*1*1,9,AK96D,亚历克斯,收货,上架
AlOv14i7Si,银色 品牌13 14英寸 一体机（第7代处理器）,一体机,品牌13,14英寸,第7代处理器,银色,16*1*1,10,BQ14D,莎拉,收货,上架
GaXESAdBl,黑色 品牌06 小号 游戏椅（可调节）,游戏椅,品牌06,小号,可调节,黑色,16*1*1,1,BQ54F,艾米,收货,上架
CuWE18LoGr,灰色 品牌02 1800 储物柜（储物锁柜）,储物柜,品牌02,1800,储物锁柜,灰色,8*1*1,7,AS93F,亚历克斯,收货,上架
PeGi12SoPi,粉色 品牌21 12 铅笔（可溶性）,铅笔,品牌21,12,可溶性,粉色,48*10*5,2258,CP98B,艾米,收货,上架
NoMuA4liGr,灰色 品牌19 四号纸 笔记本（线条）,笔记本,品牌19,四号纸,线条,灰色,48*10*5,1295,BG27H,大卫,收货,上架
CaRG90LoWh,白色 品牌03 900 文件柜（储物锁柜）,文件柜,品牌03,900,储物锁柜,白色,8*1*1,6,DG31D,简,收货,上架
LaRe17i7Bl,黑色 品牌14 17英寸 笔记本电脑（第7代处理器）,笔记本电脑,品牌14,17英寸,第7代处理器,黑色,16*1*1,4,DH65E,约翰,收货,上架
CaQE18SlGr,灰色 品牌01 1800 文件柜（滑动式）,文件柜,品牌01,1800,滑动式,灰色,8*1*1,1,BZ20F,劳拉,收货,上架
TaAE18AuBl,黑色 品牌05 1800 桌子（自动调节）,桌子,品牌05,1800,自动调节,黑色,8*1*1,3,BG38B,艾米丽,收货,上架
GaAELErGr,灰色 品牌05 大号 游戏椅（人体工学）,游戏椅,品牌05,大号,人体工学,灰色,16*1*1,12,BG04D,克里斯,收货,上架
PeGi50HeBl,黑色 品牌21 50 铅笔（六角形）,铅笔,品牌21,50,六角形,黑色,48*10*5,2322,DV54A,大卫,收货,上架
SPAl24WaGr,灰色 品牌20 24 触控笔（水彩）,触控笔,品牌20,24,水彩,灰色,48*10*5,112,BO13C,艾米,收货,上架
NoMuA5liGr,灰色 品牌19 五号纸 笔记本（线条）,笔记本,品牌19,五号纸,线条,灰色,48*10*5,947,DS15A,约翰,收货,上架
OfOGLAdGr,灰色 品牌07 大号 办公椅（可调节）,办公椅,品牌07,大号,可调节,灰色,16*1*1,4,DF12G,莎拉,收货,上架
TaAE15AdBl,黑色 品牌05 1500 桌子（可调节）,桌子,品牌05,1500,可调节,黑色,8*1*1,3,DQ81H,亚历克斯,收货,上架
KePH35MePi,粉色 品牌12 350 键盘（机械式）,键盘,品牌12,350,机械式,粉色,16*10*1,25,DV37H,亚历克斯,收货,上架
CuTE90FiBe,米色 品牌04 900 储物柜（文件收纳）,储物柜,品牌04,900,文件收纳,米色,8*1*1,1,CQ67C,莎拉,收货,上架
GaXELHeGr,灰色 品牌06 大号 游戏椅（头枕）,游戏椅,品牌06,大号,头枕,灰色,16*1*1,1,AS79E,艾米丽,收货,上架
TVGL65FHGr,灰色 品牌31 65英寸 电视机（全高清）,电视机,品牌31,65英寸,全高清,灰色,8*1*1,6,CT47C,亚历克斯,收货,上架
PeRe50HePi,粉色 品牌22 50 铅笔（六角形）,铅笔,品牌22,50,六角形,粉色,48*10*5,1238,AP35A,艾米,收货,上架
PrReA3InMi,混合色 品牌24 三号纸 打印机（喷墨）,打印机,品牌24,三号纸,喷墨,混合色,16*1*1,7,DJ15D,莎拉,收货,上架
LaSu14i7Si,银色 品牌11 14英寸 笔记本电脑（第7代处理器）,笔记本电脑,品牌11,14英寸,第7代处理器,银色,16*1*1,9,BN03G,克里斯,收货,上架
MoPH35WiPi,粉色 品牌12 350 鼠标（有线）,鼠标,品牌12,350,有线,粉色,16*10*1,27,BS66A,迈克,收货,上架
PeGi12HeBl,黑色 品牌21 12 铅笔（六角形）,铅笔,品牌21,12,六角形,黑色,48*10*5,1615,AR26D,艾米,收货,上架
KeSu35BlPi,粉色 品牌11 350 键盘（蓝牙）,键盘,品牌11,350,蓝牙,粉色,16*10*1,118,DO43D,艾米,收货,上架
TaAE10AdGr,灰色 品牌05 1000 桌子（可调节）,桌子,品牌05,1000,可调节,灰色,8*1*1,3,BK64H,克里斯,收货,上架
PrSoA2MoBl,黑色 品牌25 二号纸 打印机（黑白）,打印机,品牌25,二号纸,黑白,黑色,16*1*1,1,CR82G,莎拉,收货,上架
TaAE15FrSi,银色 品牌05 1500 桌子（框架式）,桌子,品牌05,1500,框架式,银色,8*1*1,4,DP01F,艾米丽,收货,上架
SPAl12WaWh,白色 品牌20 12 触控笔（水彩）,触控笔,品牌20,12,水彩,白色,48*10*5,1784,DF47A,亚历克斯,收货,上架
PeAl12WaGr,灰色 品牌20 12 铅笔（水彩）,铅笔,品牌20,12,水彩,灰色,48*10*5,74,DH45A,艾米丽,收货,上架
KeHc35WiPi,粉色 品牌09 350 键盘（有线）,键盘,品牌09,350,有线,粉色,16*10*1,103,BI04B,艾米丽,收货,上架
MoHc27WiNa,藏青色 品牌09 270 鼠标（有线）,鼠标,品牌09,270,有线,藏青色,16*10*1,153,AP21G,亚历克斯,收货,上架
PeAl24HeGr,灰色 品牌20 24 铅笔（六角形）,铅笔,品牌20,24,六角形,灰色,48*10*5,1658,BK19C,艾米丽,收货,上架
LaSu17i5Wh,白色 品牌11 17英寸 笔记本电脑（第5代处理器）,笔记本电脑,品牌11,17英寸,第5代处理器,白色,16*1*1,8,BL35A,艾米丽,收货,上架
GaSESErGr,灰色 品牌08 小号 游戏椅（人体工学）,游戏椅,品牌08,小号,人体工学,灰色,16*1*1,10,CJ78E,艾米,收货,上架
NoScA5ruSi,银色 品牌17 五号纸 笔记本（横线）,笔记本,品牌17,五号纸,横线,银色,48*10*5,443,AH73E,艾米丽,收货,上架
GaXESAdPi,粉色 品牌06 小号 游戏椅（可调节）,游戏椅,品牌06,小号,可调节,粉色,16*1*1,5,CT24B,简,收货,上架
AlYn158GGr,灰色 品牌15 15英寸 一体机（8吉字节内存）,一体机,品牌15,15英寸,8吉字节内存,灰色,16*1*1,3,BS56F,克里斯,收货,上架
SPGi24SoPi,粉色 品牌21 24 触控笔（可溶性）,触控笔,品牌21,24,可溶性,粉色,48*10*5,1024,CX33B,劳拉,收货,上架
TaTR18WoSi,银色 品牌28 1800 桌子（工作站）,桌子,品牌28,1800,工作站,银色,8*1*1,1,DM31G,劳拉,收货,上架
AlSu178GSi,银色 品牌11 17英寸 一体机（8吉字节内存）,一体机,品牌11,17英寸,8吉字节内存,银色,16*1*1,9,AQ51F,约翰,收货,上架
TVEs50SFGr,灰色 品牌32 50英寸 电视机（超级全高清）,电视机,品牌32,50英寸,超级全高清,灰色,8*1*1,6,BO97E,亚历克斯,收货,上架
LaYn17i7Si,银色 品牌15 17英寸 笔记本电脑（第7代处理器）,笔记本电脑,品牌15,17英寸,第7代处理器,银色,16*1*1,4,DX62B,劳拉,收货,上架
DrRG18DoGr,灰色 品牌03 1800 抽屉柜（带门式）,抽屉柜,品牌03,1800,带门式,灰色,8*1*1,6,BR98B,约翰,收货,上架
GaXESHeWh,白色 品牌06 小号 游戏椅（头枕）,游戏椅,品牌06,小号,头枕,白色,16*1*1,7,CW25H,亚历克斯,收货,上架
PeAl24WaWh,白色 品牌20 24 铅笔（水彩）,铅笔,品牌20,24,水彩,白色,48*10*5,1590,BN80G,劳拉,收货,上架
DrRG18FiGr,灰色 品牌03 1800 抽屉柜（文件收纳）,抽屉柜,品牌03,1800,文件收纳,灰色,8*1*1,4,AW79B,简,收货,上架
TVYn42SFWh,白色 品牌15 42英寸 电视机（超级全高清）,电视机,品牌15,42英寸,超级全高清,白色,8*1*1,6,BL74D,劳拉,收货,上架
LaPH1716Wh,白色 品牌12 17英寸 笔记本电脑（16吉字节内存）,笔记本电脑,品牌12,17英寸,16吉字节内存,白色,16*1*1,16,AL79D,莎拉,收货,上架
AlYn14i5Si,银色 品牌15 14英寸 一体机（第5代处理器）,一体机,品牌15,14英寸,第5代处理器,银色,16*1*1,15,BL36G,约翰,收货,上架
TVYn75FHGr,灰色 品牌15 75英寸 电视机（全高清）,电视机,品牌15,75英寸,全高清,灰色,8*1*1,1,CS58G,亚历克斯,收货,上架
MoRe45WiPi,粉色 品牌10 450 鼠标（有线）,鼠标,品牌10,450,有线,粉色,16*10*1,156,AX66A,艾米丽,收货,上架
PeNa12WaWh,白色 品牌23 12 铅笔（水彩）,铅笔,品牌23,12,水彩,白色,48*10*5,152,AI30B,艾米丽,收货,上架
CuQE12FiWh,白色 品牌01 1200 储物柜（文件收纳）,储物柜,品牌01,1200,文件收纳,白色,8*1*1,8,AP02D,简,收货,上架
MoRe45BlPi,粉色 品牌10 450 鼠标（蓝牙）,鼠标,品牌10,450,蓝牙,粉色,16*10*1,81,AS14G,克里斯,收货,上架
KeHc27BlPi,粉色 品牌09 270 键盘（蓝牙）,键盘,品牌09,270,蓝牙,粉色,16*10*1,97,DO18E,克里斯,收货,上架
TVGn42FHBl,黑色 品牌30 42英寸 电视机（全高清）,电视机,品牌30,42英寸,全高清,黑色,8*1*1,5,CN32G,简,收货,上架
OfXELAdBl,黑色 品牌06 大号 办公椅（可调节）,办公椅,品牌06,大号,可调节,黑色,16*1*1,8,BH71D,亚历克斯,收货,上架
OfOGMHePi,粉色 品牌07 中号 办公椅（头枕）,办公椅,品牌07,中号,头枕,粉色,16*1*1,14,CM84H,莎拉,收货,上架
DrRG90LoBe,米色 品牌03 900 抽屉柜（储物锁柜）,抽屉柜,品牌03,900,储物锁柜,米色,8*1*1,7,DO77G,大卫,收货,上架
OfAEMAdWh,白色 品牌05 中号 办公椅（可调节）,办公椅,品牌05,中号,可调节,白色,16*1*1,12,CX15C,迈克,收货,上架
LaRe1732Wh,白色 品牌14 17英寸 笔记本电脑（32吉字节内存）,笔记本电脑,品牌14,17英寸,32吉字节内存,白色,16*1*1,8,BU13G,简,收货,上架
AlPH14i7Wh,白色 品牌12 14英寸 一体机（第7代处理器）,一体机,品牌12,14英寸,第7代处理器,白色,16*1*1,12,CG85B,克里斯,收货,上架
TVGL75FHWh,白色 品牌31 75英寸 电视机（全高清）,电视机,品牌31,75英寸,全高清,白色,8*1*1,3,DG45G,莎拉,收货,上架
PrReA2WiGr,灰色 品牌24 二号纸 打印机（无线网络）,打印机,品牌24,二号纸,无线网络,灰色,16*1*1,8,BY80E,艾米丽,收货,上架
DrRG90SlGr,灰色 品牌03 900 抽屉柜（滑动式）,抽屉柜,品牌03,900,滑动式,灰色,8*1*1,8,CX04E,简,收货,上架
TaTR15AuBl,黑色 品牌28 1500 桌子（自动调节）,桌子,品牌28,1500,自动调节,黑色,8*1*1,8,AQ30G,亚历克斯,收货,上架
SPAl12WaPi,粉色 品牌20 12 触控笔（水彩）,触控笔,品牌20,12,水彩,粉色,48*10*5,1144,DX49D,劳拉,收货,上架
PrPHA2WiBl,黑色 品牌12 二号纸 打印机（无线网络）,打印机,品牌12,二号纸,无线网络,黑色,16*1*1,1,CY31E,亚历克斯,收货,上架
TVGL504KGr,灰色 品牌31 50英寸 电视机（超高清）,电视机,品牌31,50英寸,超高清,灰色,8*1*1,2,BV11D,约翰,收货,上架
LaPH15i5Wh,白色 品牌12 15英寸 笔记本电脑（第5代处理器）,笔记本电脑,品牌12,15英寸,第5代处理器,白色,16*1*1,14,AY97E,克里斯,收货,上架
CaRG12DoBl,黑色 品牌03 1200 文件柜（带门式）,文件柜,品牌03,1200,带门式,黑色,8*1*1,3,AF64F,劳拉,收货,上架
MoRe35ErWh,白色 品牌10 350 鼠标（人体工学）,鼠标,品牌10,350,人体工学,白色,16*10*1,67,CN33C,克里斯,收货,上架
SPRe12SoBl,黑色 品牌22 12 触控笔（可溶性）,触控笔,品牌22,12,可溶性,黑色,48*10*5,1689,AL37H,亚历克斯,收货,上架
PrNoA4InWh,白色 品牌26 四号纸 打印机（喷墨）,打印机,品牌26,四号纸,喷墨,白色,16*1*1,14,AO18E,简,收货,上架
AlYn178GBl,黑色 品牌15 17英寸 一体机（8吉字节内存）,一体机,品牌15,17英寸,8吉字节内存,黑色,16*1*1,15,CK32E,迈克,收货,上架
KeSu35WiPi,粉色 品牌11 350 键盘（有线）,键盘,品牌11,350,有线,粉色,16*10*1,72,CW65E,简,收货,上架
AlSu1732Si,银色 品牌11 17英寸 一体机（32吉字节内存）,一体机,品牌11,17英寸,32吉字节内存,银色,16*1*1,14,AW15D,克里斯,收货,上架
DrTE12SlBl,黑色 品牌04 1200 抽屉柜（滑动式）,抽屉柜,品牌04,1200,滑动式,黑色,8*1*1,6,CI62E,亚历克斯,收货,上架
GaXEMLeBl,黑色 品牌06 中号 游戏椅（皮革）,游戏椅,品牌06,中号,皮革,黑色,16*1*1,12,AX44A,劳拉,收货,上架
MoRe35BlNa,藏青色 品牌10 350 鼠标（蓝牙）,鼠标,品牌10,350,蓝牙,藏青色,16*10*1,89,CW71D,劳拉,收货,上架
SPNa24HeBl,黑色 品牌23 24 触控笔（六角形）,触控笔,品牌23,24,六角形,黑色,48*10*5,307,DO03F,劳拉,收货,上架
TaCI15FrSi,银色 品牌27 1500 桌子（框架式）,桌子,品牌27,1500,框架式,银色,8*1*1,5,CW61B,亚历克斯,收货,上架
OfSEMLeBl,黑色 品牌08 中号 办公椅（皮革）,办公椅,品牌08,中号,皮革,黑色,16*1*1,10,DM40D,大卫,收货,上架
KePH27BlWh,白色 品牌12 270 键盘（蓝牙）,键盘,品牌12,270,蓝牙,白色,16*10*1,48,DN45C,克里斯,收货,上架
PrReA4AlGr,灰色 品牌24 四号纸 打印机（一体式）,打印机,品牌24,四号纸,一体式,灰色,16*1*1,5,CT67F,劳拉,收货,上架
PrNoA2WiGr,灰色 品牌26 二号纸 打印机（无线网络）,打印机,品牌26,二号纸,无线网络,灰色,16*1*1,13,AN53E,迈克,收货,上架
PrPHA3WiGr,灰色 品牌12 三号纸 打印机（无线网络）,打印机,品牌12,三号纸,无线网络,灰色,16*1*1,6,CK05E,大卫,收货,上架
MoRe35BlNa,藏青色 品牌10 350 鼠标（蓝牙）,鼠标,品牌10,350,蓝牙,藏青色,16*10*1,70,DU70C,迈克,收货,上架
TVGL32S4Wh,白色 品牌31 32英寸 电视机（超级超高清）,电视机,品牌31,32英寸,超级超高清,白色,8*1*1,7,AZ95G,艾米丽,收货,上架
LaPH1732Si,银色 品牌12 17英寸 笔记本电脑（32吉字节内存）,笔记本电脑,品牌12,17英寸,32吉字节内存,银色,16*1*1,6,AZ15F,简,收货,上架
LaRe158GBl,黑色 品牌14 15英寸 笔记本电脑（8吉字节内存）,笔记本电脑,品牌14,15英寸,8吉字节内存,黑色,16*1*1,1,CZ97G,大卫,收货,上架
TaCI18AdWh,白色 品牌27 1800 桌子（可调节）,桌子,品牌27,1800,可调节,白色,8*1*1,4,AO85F,莎拉,收货,上架
KeSu45ErBl,黑色 品牌11 450 键盘（人体工学）,键盘,品牌11,450,人体工学,黑色,16*10*1,25,CT42H,莎拉,收货,上架
GaSESAdPi,粉色 品牌08 小号 游戏椅（可调节）,游戏椅,品牌08,小号,可调节,粉色,16*1*1,13,CY88B,约翰,收货,上架
CaTE18DoGr,灰色 品牌04 1800 文件柜（带门式）,文件柜,品牌04,1800,带门式,灰色,8*1*1,1,CY07E,大卫,收货,上架
LaSu148GGr,灰色 品牌11 14英寸 笔记本电脑（8吉字节内存）,笔记本电脑,品牌11,14英寸,8吉字节内存,灰色,16*1*1,8,AR26A,大卫,收货,上架
PrSoA3LaMi,混合色 品牌25 三号纸 打印机（激光）,打印机,品牌25,三号纸,激光,混合色,16*1*1,12,AW36H,克里斯,收货,上架
CaTE90LoGr,灰色 品牌04 900 文件柜（储物锁柜）,文件柜,品牌04,900,储物锁柜,灰色,8*1*1,3,BV64H,简,收货,上架
OfXESErGr,灰色 品牌06 小号 办公椅（人体工学）,办公椅,品牌06,小号,人体工学,灰色,16*1*1,15,BX26B,约翰,收货,上架
MoHc35WiWh,白色 品牌09 350 鼠标（有线）,鼠标,品牌09,350,有线,白色,16*10*1,30,AS89E,艾米,收货,上架
LaRe1432Wh,白色 品牌14 14英寸 笔记本电脑（32吉字节内存）,笔记本电脑,品牌14,14英寸,32吉字节内存,白色,16*1*1,15,DH96C,亚历克斯,收货,上架
CuRG90LoBe,米色 品牌03 900 储物柜（储物锁柜）,储物柜,品牌03,900,储物锁柜,米色,8*1*1,6,CP64E,简,收货,上架
PrNoA2LaBl,黑色 品牌26 二号纸 打印机（激光）,打印机,品牌26,二号纸,激光,黑色,16*1*1,9,CL89F,艾米丽,收货,上架
OfOGSAdGr,灰色 品牌07 小号 办公椅（可调节）,办公椅,品牌07,小号,可调节,灰色,16*1*1,3,AV24C,简,收货,上架
TaAE15FrSi,银色 品牌05 1500 桌子（框架式）,桌子,品牌05,1500,框架式,银色,8*1*1,8,AH61B,克里斯,收货,上架
CaWE12SlBe,米色 品牌02 1200 文件柜（滑动式）,文件柜,品牌02,1200,滑动式,米色,8*1*1,1,BW03B,简,收货,上架
PrNoA2LaMi,混合色 品牌26 二号纸 打印机（激光）,打印机,品牌26,二号纸,激光,混合色,16*1*1,5,DJ05B,约翰,收货,上架
PeAl24WaWh,白色 品牌20 24 铅笔（水彩）,铅笔,品牌20,24,水彩,白色,48*10*5,2069,AJ32H,迈克,收货,上架
NoScA5ruGr,灰色 品牌17 五号纸 笔记本（横线）,笔记本,品牌17,五号纸,横线,灰色,48*10*5,201,AY61H,约翰,收货,上架
TVEs424KBl,黑色 品牌32 42英寸 电视机（超高清）,电视机,品牌32,42英寸,超高清,黑色,8*1*1,7,DN87B,简,收货,上架
LaSu158GGr,灰色 品牌11 15英寸 笔记本电脑（8吉字节内存）,笔记本电脑,品牌11,15英寸,8吉字节内存,灰色,16*1*1,2,CM78H,简,收货,上架
CaWE18SlBe,米色 品牌02 1800 文件柜（滑动式）,文件柜,品牌02,1800,滑动式,米色,8*1*1,1,CS73B,亚历克斯,收货,上架
AlPH158GWh,白色 品牌12 15英寸 一体机（8吉字节内存）,一体机,品牌12,15英寸,8吉字节内存,白色,16*1*1,15,CK78B,迈克,收货,上架
OfAESLeWh,白色 品牌05 小号 办公椅（皮革）,办公椅,品牌05,小号,皮革,白色,16*1*1,2,DP29H,莎拉,收货,上架
TVEs42S4Gr,灰色 品牌32 42英寸 电视机（超级超高清）,电视机,品牌32,42英寸,超级超高清,灰色,8*1*1,2,DU91A,莎拉,收货,上架
TVEs504KWh,白色 品牌32 50英寸 电视机（超高清）,电视机,品牌32,50英寸,超高清,白色,8*1*1,7,CW37H,艾米丽,收货,上架
PrPHA2AlWh,白色 品牌12 二号纸 打印机（一体式）,打印机,品牌12,二号纸,一体式,白色,16*1*1,2,DZ71H,大卫,收货,上架
LaRe178GWh,白色 品牌14 17英寸 笔记本电脑（8吉字节内存）,笔记本电脑,品牌14,17英寸,8吉字节内存,白色,16*1*1,3,BF60H,亚历克斯,收货,上架
DrRG12LoGr,灰色 品牌03 1200 抽屉柜（储物锁柜）,抽屉柜,品牌03,1200,储物锁柜,灰色,8*1*1,2,CX49F,艾米丽,收货,上架
PrReA2WiBl,黑色 品牌24 二号纸 打印机（无线网络）,打印机,品牌24,二号纸,无线网络,黑色,16*1*1,7,CU64G,大卫,收货,上架
CuTE12DoBe,米色 品牌04 1200 储物柜（带门式）,储物柜,品牌04,1200,带门式,米色,8*1*1,5,AZ40B,简,收货,上架
CuQE90LoGr,灰色 品牌01 900 储物柜（储物锁柜）,储物柜,品牌01,900,储物锁柜,灰色,8*1*1,8,DK14G,大卫,收货,上架
OfXESLePi,粉色 品牌06 小号 办公椅（皮革）,办公椅,品牌06,小号,皮革,粉色,16*1*1,1,BK71B,约翰,收货,上架
LaPH1716Bl,黑色 品牌12 17英寸 笔记本电脑（16吉字节内存）,笔记本电脑,品牌12,17英寸,16吉字节内存,黑色,16*1*1,5,DW83A,劳拉,收货,上架
KePH27ErPi,粉色 品牌12 270 键盘（人体工学）,键盘,品牌12,270,人体工学,粉色,16*10*1,80,CJ96G,莎拉,收货,上架
DrWE90DoWh,白色 品牌02 900 抽屉柜（带门式）,抽屉柜,品牌02,900,带门式,白色,8*1*1,5,AX21E,克里斯,收货,上架
NoExA4ruSi,银色 品牌16 四号纸 笔记本（横线）,笔记本,品牌16,四号纸,横线,银色,48*10*5,501,DM94B,大卫,收货,上架
KeHc35BlPi,粉色 品牌09 350 键盘（蓝牙）,键盘,品牌09,350,蓝牙,粉色,16*10*1,28,CH78E,简,收货,上架
TVGL32S4Si,银色 品牌31 32英寸 电视机（超级超高清）,电视机,品牌31,32英寸,超级超高清,银色,8*1*1,2,CY27D,亚历克斯,收货,上架
LaPH14i5Wh,白色 品牌12 14英寸 笔记本电脑（第5代处理器）,笔记本电脑,品牌12,14英寸,第5代处理器,白色,16*1*1,6,BO05H,艾米丽,收货,上架
CuQE90DoWh,白色 品牌01 900 储物柜（带门式）,储物柜,品牌01,900,带门式,白色,8*1*1,1,AM33G,艾米,收货,上架
TaAE10WoGr,灰色 品牌05 1000 桌子（工作站）,桌子,品牌05,1000,工作站,灰色,8*1*1,6,BH25D,简,收货,上架
LaRe17i7Bl,黑色 品牌14 17英寸 笔记本电脑（第7代处理器）,笔记本电脑,品牌14,17英寸,第7代处理器,黑色,16*1*1,1,AF96B,莎拉,收货,上架
MoPH45WiWh,白色 品牌12 450 鼠标（有线）,鼠标,品牌12,450,有线,白色,16*10*1,4,BJ46H,大卫,收货,上架
PeGi12SoPi,粉色 品牌21 12 铅笔（可溶性）,铅笔,品牌21,12,可溶性,粉色,48*10*5,1723,BN32B,劳拉,收货,上架
LaRe17i5Si,银色 品牌14 17英寸 笔记本电脑（第5代处理器）,笔记本电脑,品牌14,17英寸,第5代处理器,银色,16*1*1,5,DK60G,克里斯,收货,上架
LaPH1716Wh,白色 品牌12 17英寸 笔记本电脑（16吉字节内存）,笔记本电脑,品牌12,17英寸,16吉字节内存,白色,16*1*1,15,BI21F,艾米,收货,上架
PrPHA4WiWh,白色 品牌12 四号纸 打印机（无线网络）,打印机,品牌12,四号纸,无线网络,白色,16*1*1,12,AN85F,亚历克斯,收货,上架
CaWE90DoBl,黑色 品牌02 900 文件柜（带门式）,文件柜,品牌02,900,带门式,黑色,8*1*1,5,CN53G,简,收货,上架
OfAELErBl,黑色 品牌05 大号 办公椅（人体工学）,办公椅,品牌05,大号,人体工学,黑色,16*1*1,11,DP19A,艾米丽,收货,上架
SPAl24HeGr,灰色 品牌20 24 触控笔（六角形）,触控笔,品牌20,24,六角形,灰色,48*10*5,1587,DU29B,劳拉,收货,上架
GaSEMErPi,粉色 品牌08 中号 游戏椅（人体工学）,游戏椅,品牌08,中号,人体工学,粉色,16*1*1,4,BR05G,亚历克斯,收货,上架
GaSELAdWh,白色 品牌08 大号 游戏椅（可调节）,游戏椅,品牌08,大号,可调节,白色,16*1*1,1,DN10E,迈克,收货,上架
CuTE90LoGr,灰色 品牌04 900 储物柜（储物锁柜）,储物柜,品牌04,900,储物锁柜,灰色,8*1*1,7,DR74H,劳拉,收货,上架
LaPH17i5Gr,灰色 品牌12 17英寸 笔记本电脑（第5代处理器）,笔记本电脑,品牌12,17英寸,第5代处理器,灰色,16*1*1,9,BN98E,劳拉,收货,上架
TVGL42S4Gr,灰色 品牌31 42英寸 电视机（超级超高清）,电视机,品牌31,42英寸,超级超高清,灰色,8*1*1,5,AP57H,克里斯,收货,上架
DrQE18SlBe,米色 品牌01 1800 抽屉柜（滑动式）,抽屉柜,品牌01,1800,滑动式,米色,8*1*1,1,CY98B,迈克,收货,上架
LaPH158GSi,银色 品牌12 15英寸 笔记本电脑（8吉字节内存）,笔记本电脑,品牌12,15英寸,8吉字节内存,银色,16*1*1,10,AH20H,迈克,收货,上架
CuQE18DoBl,黑色 品牌01 1800 储物柜（带门式）,储物柜,品牌01,1800,带门式,黑色,8*1*1,6,DH10F,迈克,收货,上架
LaYn15i7Bl,黑色 品牌15 15英寸 笔记本电脑（第7代处理器）,笔记本电脑,品牌15,15英寸,第7代处理器,黑色,16*1*1,1,DW11C,劳拉,收货,上架
TaCI18FrBl,黑色 品牌27 1800 桌子（框架式）,桌子,品牌27,1800,框架式,黑色,8*1*1,5,BG57B,莎拉,收货,上架
CuRG18SlBl,黑色 品牌03 1800 储物柜（滑动式）,储物柜,品牌03,1800,滑动式,黑色,8*1*1,5,CJ10D,艾米,收货,上架
GaXEMAdWh,白色 品牌06 中号 游戏椅（可调节）,游戏椅,品牌06,中号,可调节,白色,16*1*1,16,AT03D,亚历克斯,收货,上架
TVGL65SFWh,白色 品牌31 65英寸 电视机（超级全高清）,电视机,品牌31,65英寸,超级全高清,白色,8*1*1,2,BX81E,约翰,收货,上架
PeNa24SoBl,黑色 品牌23 24 铅笔（可溶性）,铅笔,品牌23,24,可溶性,黑色,48*10*5,25,DF55H,约翰,收货,上架
CaTE12SlWh,白色 品牌04 1200 文件柜（滑动式）,文件柜,品牌04,1200,滑动式,白色,8*1*1,3,BN89D,大卫,收货,上架
TVEs754KWh,白色 品牌32 75英寸 电视机（超高清）,电视机,品牌32,75英寸,超高清,白色,8*1*1,4,AR18E,劳拉,收货,上架
DrQE12SlWh,白色 品牌01 1200 抽屉柜（滑动式）,抽屉柜,品牌01,1200,滑动式,白色,8*1*1,4,AF57H,简,收货,上架
OfOGMHePi,粉色 品牌07 中号 办公椅（头枕）,办公椅,品牌07,中号,头枕,粉色,16*1*1,3,DW36C,大卫,收货,上架
GaXEMHeWh,白色 品牌06 中号 游戏椅（头枕）,游戏椅,品牌06,中号,头枕,白色,16*1*1,16,BR07E,劳拉,收货,上架
CaTE12DoWh,白色 品牌04 1200 文件柜（带门式）,文件柜,品牌04,1200,带门式,白色,8*1*1,1,AT09E,艾米,收货,上架
PrSoA2WiBl,黑色 品牌25 二号纸 打印机（无线网络）,打印机,品牌25,二号纸,无线网络,黑色,16*1*1,3,DQ59D,莎拉,收货,上架
TVGL75FHWh,白色 品牌31 75英寸 电视机（全高清）,电视机,品牌31,75英寸,全高清,白色,8*1*1,8,DM23E,大卫,收货,上架
KeSu35BlBl,黑色 品牌11 350 键盘（蓝牙）,键盘,品牌11,350,蓝牙,黑色,16*10*1,9,DI29F,亚历克斯,收货,上架
NoExA4liBl,黑色 品牌16 四号纸 笔记本（线条）,笔记本,品牌16,四号纸,线条,黑色,48*10*5,636,DU70B,莎拉,收货,上架
TVYn42S4Wh,白色 品牌15 42英寸 电视机（超级超高清）,电视机,品牌15,42英寸,超级超高清,白色,8*1*1,4,BF27B,劳拉,收货,上架
MoSu35WiNa,藏青色 品牌11 350 鼠标（有线）,鼠标,品牌11,350,有线,藏青色,16*10*1,60,BG69E,亚历克斯,收货,上架
PrSoA4AlMi,混合色 品牌25 四号纸 打印机（一体式）,打印机,品牌25,四号纸,一体式,混合色,16*1*1,7,BV85E,艾米,收货,上架
SPGi24HePi,粉色 品牌21 24 触控笔（六角形）,触控笔,品牌21,24,六角形,粉色,48*10*5,166,AP10C,艾米丽,收货,上架
GaXELLeBl,黑色 品牌06 大号 游戏椅（皮革）,游戏椅,品牌06,大号,皮革,黑色,16*1*1,11,DZ86H,艾米丽,收货,上架
MoRe35ErNa,藏青色 品牌10 350 鼠标（人体工学）,鼠标,品牌10,350,人体工学,藏青色,16*10*1,7,DT18A,莎拉,收货,上架
LaPH1432Bl,黑色 品牌12 14英寸 笔记本电脑（32吉字节内存）,笔记本电脑,品牌12,14英寸,32吉字节内存,黑色,16*1*1,3,AF20E,艾米,收货,上架
CaTE12DoWh,白色 品牌04 1200 文件柜（带门式）,文件柜,品牌04,1200,带门式,白色,8*1*1,1,AR35C,约翰,收货,上架
DrRG90DoBl,黑色 品牌03 900 抽屉柜（带门式）,抽屉柜,品牌03,900,带门式,黑色,8*1*1,7,BK59F,大卫,收货,上架
DrRG90FiGr,灰色 品牌03 900 抽屉柜（文件收纳）,抽屉柜,品牌03,900,文件收纳,灰色,8*1*1,7,DG07G,克里斯,收货,上架
OfSESErWh,白色 品牌08 小号 办公椅（人体工学）,办公椅,品牌08,小号,人体工学,白色,16*1*1,8,DY54A,劳拉,收货,上架
PeGi50WaPi,粉色 品牌21 50 铅笔（水彩）,铅笔,品牌21,50,水彩,粉色,48*10*5,477,AP34G,艾米丽,收货,上架
OfSELAdPi,粉色 品牌08 大号 办公椅（可调节）,办公椅,品牌08,大号,可调节,粉色,16*1*1,2,DX22E,亚历克斯,收货,上架
DrQE90DoGr,灰色 品牌01 900 抽屉柜（带门式）,抽屉柜,品牌01,900,带门式,灰色,8*1*1,1,DZ36D,迈克,收货,上架
AlRe15i7Bl,黑色 品牌14 15英寸 一体机（第7代处理器）,一体机,品牌14,15英寸,第7代处理器,黑色,16*1*1,6,DQ19F,亚历克斯,收货,上架
KeSu35ErWh,白色 品牌11 350 键盘（人体工学）,键盘,品牌11,350,人体工学,白色,16*10*1,91,BQ17F,大卫,收货,上架
CaRG18LoWh,白色 品牌03 1800 文件柜（储物锁柜）,文件柜,品牌03,1800,储物锁柜,白色,8*1*1,4,DV87C,莎拉,收货,上架
CuWE90FiBe,米色 品牌02 900 储物柜（文件收纳）,储物柜,品牌02,900,文件收纳,米色,8*1*1,5,AJ32F,莎拉,收货,上架
AlPH178GBl,黑色 品牌12 17英寸 一体机（8吉字节内存）,一体机,品牌12,17英寸,8吉字节内存,黑色,16*1*1,14,BY18D,劳拉,收货,上架
TVGL324KSi,银色 品牌31 32英寸 电视机（超高清）,电视机,品牌31,32英寸,超高清,银色,8*1*1,3,BV98B,亚历克斯,收货,上架
NoGrA5ruGr,灰色 品牌18 五号纸 笔记本（横线）,笔记本,品牌18,五号纸,横线,灰色,48*10*5,862,AV41B,约翰,收货,上架
CaWE12LoGr,灰色 品牌02 1200 文件柜（储物锁柜）,文件柜,品牌02,1200,储物锁柜,灰色,8*1*1,7,BP35A,艾米丽,收货,上架
TVYn324KWh,白色 品牌15 32英寸 电视机（超高清）,电视机,品牌15,32英寸,超高清,白色,8*1*1,7,DS85H,大卫,收货,上架
LaSu17i5Si,银色 品牌11 17英寸 笔记本电脑（第5代处理器）,笔记本电脑,品牌11,17英寸,第5代处理器,银色,16*1*1,4,CM77A,艾米丽,收货,上架
TVGn50SFWh,白色 品牌30 50英寸 电视机（超级全高清）,电视机,品牌30,50英寸,超级全高清,白色,8*1*1,8,DL09B,艾米丽,收货,上架
DrWE90FiBl,黑色 品牌02 900 抽屉柜（文件收纳）,抽屉柜,品牌02,900,文件收纳,黑色,8*1*1,6,DH49D,亚历克斯,收货,上架
AlRe15i5Wh,白色 品牌14 15英寸 一体机（第5代处理器）,一体机,品牌14,15英寸,第5代处理器,白色,16*1*1,12,CR39E,约翰,收货,上架
TVYn75S4Bl,黑色 品牌15 75英寸 电视机（超级超高清）,电视机,品牌15,75英寸,超级超高清,黑色,8*1*1,7,DV61F,亚历克斯,收货,上架
TVGL324KGr,灰色 品牌31 32英寸 电视机（超高清）,电视机,品牌31,32英寸,超高清,灰色,8*1*1,8,AQ60A,简,收货,上架
DrRG18DoWh,白色 品牌03 1800 抽屉柜（带门式）,抽屉柜,品牌03,1800,带门式,白色,8*1*1,1,AJ98H,艾米丽,收货,上架
CaWE90LoBl,黑色 品牌02 900 文件柜（储物锁柜）,文件柜,品牌02,900,储物锁柜,黑色,8*1*1,4,AR23D,克里斯,收货,上架
TVGL75S4Gr,灰色 品牌31 75英寸 电视机（超级超高清）,电视机,品牌31,75英寸,超级超高清,灰色,8*1*1,2,DO35D,克里斯,收货,上架
AlRe14i7Bl,黑色 品牌14 14英寸 一体机（第7代处理器）,一体机,品牌14,14英寸,第7代处理器,黑色,16*1*1,2,BZ18C,莎拉,收货,上架
PrSoA2WiBl,黑色 品牌25 二号纸 打印机（无线网络）,打印机,品牌25,二号纸,无线网络,黑色,16*1*1,12,BZ47F,简,收货,上架
OfOGSHePi,粉色 品牌07 小号 办公椅（头枕）,办公椅,品牌07,小号,头枕,粉色,16*1*1,2,BH31F,简,收货,上架
OfOGMLeWh,白色 品牌07 中号 办公椅（皮革）,办公椅,品牌07,中号,皮革,白色,16*1*1,10,BM72F,亚历克斯,收货,上架
SPNa24HePi,粉色 品牌23 24 触控笔（六角形）,触控笔,品牌23,24,六角形,粉色,48*10*5,1569,AP84D,克里斯,收货,上架
TVGL75S4Bl,黑色 品牌31 75英寸 电视机（超级超高清）,电视机,品牌31,75英寸,超级超高清,黑色,8*1*1,4,DG17D,艾米,收货,上架
CuWE18LoGr,灰色 品牌02 1800 储物柜（储物锁柜）,储物柜,品牌02,1800,储物锁柜,灰色,8*1*1,2,BR39H,大卫,收货,上架
TaCI18WoWh,白色 品牌27 1800 桌子（工作站）,桌子,品牌27,1800,工作站,白色,8*1*1,3,BU93H,亚历克斯,收货,上架
KeRe27WiNa,藏青色 品牌10 270 键盘（有线）,键盘,品牌10,270,有线,藏青色,16*10*1,22,CY74C,克里斯,收货,上架
DrQE12FiGr,灰色 品牌01 1200 抽屉柜（文件收纳）,抽屉柜,品牌01,1200,文件收纳,灰色,8*1*1,7,CF77A,艾米丽,收货,上架
MoRe27ErPi,粉色 品牌10 270 鼠标（人体工学）,鼠标,品牌10,270,人体工学,粉色,16*10*1,142,DQ74A,艾米,收货,上架
LaSu14i7Wh,白色 品牌11 14英寸 笔记本电脑（第7代处理器）,笔记本电脑,品牌11,14英寸,第7代处理器,白色,16*1*1,2,AV11H,莎拉,收货,上架
CaTE90DoGr,灰色 品牌04 900 文件柜（带门式）,文件柜,品牌04,900,带门式,灰色,8*1*1,5,AL23A,艾米丽,收货,上架
CuQE90FiBe,米色 品牌01 900 储物柜（文件收纳）,储物柜,品牌01,900,文件收纳,米色,8*1*1,7,AF12E,劳拉,收货,上架
CuQE12SlGr,灰色 品牌01 1200 储物柜（滑动式）,储物柜,品牌01,1200,滑动式,灰色,8*1*1,2,CZ89G,艾米,收货,上架
KeRe45ErPi,粉色 品牌10 450 键盘（人体工学）,键盘,品牌10,450,人体工学,粉色,16*10*1,120,CX52D,克里斯,收货,上架
OfXESErGr,灰色 品牌06 小号 办公椅（人体工学）,办公椅,品牌06,小号,人体工学,灰色,16*1*1,2,DY01F,简,收货,上架
KeHc35ErBl,黑色 品牌09 350 键盘（人体工学）,键盘,品牌09,350,人体工学,黑色,16*10*1,152,CN51D,迈克,收货,上架
NoMuA5ruGr,灰色 品牌19 五号纸 笔记本（横线）,笔记本,品牌19,五号纸,横线,灰色,48*10*5,1444,BK81E,艾米,收货,上架
MoPH35MePi,粉色 品牌12 350 鼠标（机械式）,鼠标,品牌12,350,机械式,粉色,16*10*1,61,CX87B,亚历克斯,收货,上架
AlPH15i5Wh,白色 品牌12 15英寸 一体机（第5代处理器）,一体机,品牌12,15英寸,第5代处理器,白色,16*1*1,4,DQ11A,艾米丽,收货,上架
CaQE18SlWh,白色 品牌01 1800 文件柜（滑动式）,文件柜,品牌01,1800,滑动式,白色,8*1*1,2,BV67D,莎拉,收货,上架
PeAl12SoPi,粉色 品牌20 12 铅笔（可溶性）,铅笔,品牌20,12,可溶性,粉色,48*10*5,1007,AZ92F,艾米丽,收货,上架
LaRe158GGr,灰色 品牌14 15英寸 笔记本电脑（8吉字节内存）,笔记本电脑,品牌14,15英寸,8吉字节内存,灰色,16*1*1,7,BI75A,艾米,收货,上架
LaPH1432Bl,黑色 品牌12 14英寸 笔记本电脑（32吉字节内存）,笔记本电脑,品牌12,14英寸,32吉字节内存,黑色,16*1*1,3,CX72E,亚历克斯,收货,上架
LaOv14i7Bl,黑色 品牌13 14英寸 笔记本电脑（第7代处理器）,笔记本电脑,品牌13,14英寸,第7代处理器,黑色,16*1*1,8,BI96C,简,收货,上架
NoGrA5liWh,白色 品牌18 五号纸 笔记本（线条）,笔记本,品牌18,五号纸,线条,白色,48*10*5,494,AS48D,亚历克斯,收货,上架
AlSu158GGr,灰色 品牌11 15英寸 一体机（8吉字节内存）,一体机,品牌11,15英寸,8吉字节内存,灰色,16*1*1,1,AP12E,约翰,收货,上架
MoSu27ErBl,黑色 品牌11 270 鼠标（人体工学）,鼠标,品牌11,270,人体工学,黑色,16*10*1,54,AI12B,莎拉,收货,上架
PrReA3LaMi,混合色 品牌24 三号纸 打印机（激光）,打印机,品牌24,三号纸,激光,混合色,16*1*1,16,CX94G,克里斯,收货,上架
CaWE18SlWh,白色 品牌02 1800 文件柜（滑动式）,文件柜,品牌02,1800,滑动式,白色,8*1*1,1,CZ51G,大卫,收货,上架
TVGL32SFWh,白色 品牌31 32英寸 电视机（超级全高清）,电视机,品牌31,32英寸,超级全高清,白色,8*1*1,2,DP43A,艾米丽,收货,上架
KeRe27BlBl,黑色 品牌10 270 键盘（蓝牙）,键盘,品牌10,270,蓝牙,黑色,16*10*1,139,AU23C,大卫,收货,上架
CaWE90LoBe,米色 品牌02 900 文件柜（储物锁柜）,文件柜,品牌02,900,储物锁柜,米色,8*1*1,5,DI69B,克里斯,收货,上架
CuQE18SlGr,灰色 品牌01 1800 储物柜（滑动式）,储物柜,品牌01,1800,滑动式,灰色,8*1*1,7,AI55B,约翰,收货,上架
TVEs50SFGr,灰色 品牌32 50英寸 电视机（超级全高清）,电视机,品牌32,50英寸,超级全高清,灰色,8*1*1,5,BH96E,克里斯,收货,上架
GaSELAdPi,粉色 品牌08 大号 游戏椅（可调节）,游戏椅,品牌08,大号,可调节,粉色,16*1*1,9,AJ96C,迈克,收货,上架
DrWE12LoGr,灰色 品牌02 1200 抽屉柜（储物锁柜）,抽屉柜,品牌02,1200,储物锁柜,灰色,8*1*1,6,BN63F,大卫,收货,上架
DrRG90DoBe,米色 品牌03 900 抽屉柜（带门式）,抽屉柜,品牌03,900,带门式,米色,8*1*1,8,CO66F,劳拉,收货,上架
CuWE12DoBl,黑色 品牌02 1200 储物柜（带门式）,储物柜,品牌02,1200,带门式,黑色,8*1*1,3,BV86G,莎拉,收货,上架
LaSu1416Bl,黑色 品牌11 14英寸 笔记本电脑（16吉字节内存）,笔记本电脑,品牌11,14英寸,16吉字节内存,黑色,16*1*1,2,CG96C,简,收货,上架
TVGL65FHWh,白色 品牌31 65英寸 电视机（全高清）,电视机,品牌31,65英寸,全高清,白色,8*1*1,1,DM09G,艾米,收货,上架
CuRG18DoBl,黑色 品牌03 1800 储物柜（带门式）,储物柜,品牌03,1800,带门式,黑色,8*1*1,4,AF91A,迈克,收货,上架
GaSELAdWh,白色 品牌08 大号 游戏椅（可调节）,游戏椅,品牌08,大号,可调节,白色,16*1*1,4,BM32F,简,收货,上架
NoGrA3doBl,黑色 品牌18 三号纸 笔记本（点阵）,笔记本,品牌18,三号纸,点阵,黑色,48*10*5,1005,AW11F,莎拉,收货,上架
KePH35ErNa,藏青色 品牌12 350 键盘（人体工学）,键盘,品牌12,350,人体工学,藏青色,16*10*1,10,DF43F,迈克,收货,上架
CaTE18DoWh,白色 品牌04 1800 文件柜（带门式）,文件柜,品牌04,1800,带门式,白色,8*1*1,4,CU62B,亚历克斯,收货,上架
TVGL75FHSi,银色 品牌31 75英寸 电视机（全高清）,电视机,品牌31,75英寸,全高清,银色,8*1*1,6,DR20E,艾米,收货,上架
TVGL50S4Wh,白色 品牌31 50英寸 电视机（超级超高清）,电视机,品牌31,50英寸,超级超高清,白色,8*1*1,6,AO29E,亚历克斯,收货,上架
CaTE12DoBe,米色 品牌04 1200 文件柜（带门式）,文件柜,品牌04,1200,带门式,米色,8*1*1,6,AO55C,莎拉,收货,上架
AlSu1732Gr,灰色 品牌11 17英寸 一体机（32吉字节内存）,一体机,品牌11,17英寸,32吉字节内存,灰色,16*1*1,12,BL21H,劳拉,收货,上架
LaOv1732Si,银色 品牌13 17英寸 笔记本电脑（32吉字节内存）,笔记本电脑,品牌13,17英寸,32吉字节内存,银色,16*1*1,3,DH31H,约翰,收货,上架
AlYn178GSi,银色 品牌15 17英寸 一体机（8吉字节内存）,一体机,品牌15,17英寸,8吉字节内存,银色,16*1*1,3,DP04B,克里斯,收货,上架
LaPH17i7Bl,黑色 品牌12 17英寸 笔记本电脑（第7代处理器）,笔记本电脑,品牌12,17英寸,第7代处理器,黑色,16*1*1,7,AG95F,大卫,收货,上架
LaSu15i7Bl,黑色 品牌11 15英寸 笔记本电脑（第7代处理器）,笔记本电脑,品牌11,15英寸,第7代处理器,黑色,16*1*1,2,AM03H,艾米丽,收货,上架
CaQE90LoWh,白色 品牌01 900 文件柜（储物锁柜）,文件柜,品牌01,900,储物锁柜,白色,8*1*1,3,DQ91D,莎拉,收货,上架
TaTR10AdSi,银色 品牌29 1000 桌子（可调节）,桌子,品牌29,1000,可调节,银色,8*1*1,4,BK12E,亚历克斯,收货,上架
PrNoA4MoGr,灰色 品牌26 四号纸 打印机（黑白）,打印机,品牌26,四号纸,黑白,灰色,16*1*1,6,DX84A,艾米,收货,上架
DrTE18SlBl,黑色 品牌04 1800 抽屉柜（滑动式）,抽屉柜,品牌04,1800,滑动式,黑色,8*1*1,8,DZ40B,迈克,收货,上架
TVGn32FHGr,灰色 品牌30 32英寸 电视机（全高清）,电视机,品牌30,32英寸,全高清,灰色,8*1*1,8,AP96F,简,收货,上架
TaCI18AdWh,白色 品牌27 1800 桌子（可调节）,桌子,品牌27,1800,可调节,白色,8*1*1,7,CX32E,亚历克斯,收货,上架
CuTE18FiGr,灰色 品牌04 1800 储物柜（文件收纳）,储物柜,品牌04,1800,文件收纳,灰色,8*1*1,8,CN76B,亚历克斯,收货,上架
PeGi50HePi,粉色 品牌21 50 铅笔（六角形）,铅笔,品牌21,50,六角形,粉色,48*10*5,1260,BX98F,亚历克斯,收货,上架
OfAEMErPi,粉色 品牌05 中号 办公椅（人体工学）,办公椅,品牌05,中号,人体工学,粉色,16*1*1,8,CZ69B,迈克,收货,上架
TVGL50SFGr,灰色 品牌31 50英寸 电视机（超级全高清）,电视机,品牌31,50英寸,超级全高清,灰色,8*1*1,1,DJ74A,克里斯,收货,上架
TVGn42FHWh,白色 品牌30 42英寸 电视机（全高清）,电视机,品牌30,42英寸,全高清,白色,8*1*1,5,DR84E,简,收货,上架
LaPH1716Bl,黑色 品牌12 17英寸 笔记本电脑（16吉字节内存）,笔记本电脑,品牌12,17英寸,16吉字节内存,黑色,16*1*1,11,AY29D,艾米丽,收货,上架
MoRe45BlWh,白色 品牌10 450 鼠标（蓝牙）,鼠标,品牌10,450,蓝牙,白色,16*10*1,131,AS88F,简,收货,上架
CaWE90FiWh,白色 品牌02 900 文件柜（文件收纳）,文件柜,品牌02,900,文件收纳,白色,8*1*1,2,BO88F,莎拉,收货,上架
TaAE10WoWh,白色 品牌05 1000 桌子（工作站）,桌子,品牌05,1000,工作站,白色,8*1*1,4,BU93F,莎拉,收货,上架
PeRe24HeBl,黑色 品牌22 24 铅笔（六角形）,铅笔,品牌22,24,六角形,黑色,48*10*5,2127,CL61G,克里斯,收货,上架
MoSu35MeBl,黑色 品牌11 350 鼠标（机械式）,鼠标,品牌11,350,机械式,黑色,16*10*1,109,BX32B,克里斯,收货,上架
TaCI18FrGr,灰色 品牌27 1800 桌子（框架式）,桌子,品牌27,1800,框架式,灰色,8*1*1,7,BV58D,艾米丽,收货,上架
OfSELErPi,粉色 品牌08 大号 办公椅（人体工学）,办公椅,品牌08,大号,人体工学,粉色,16*1*1,2,BM42D,大卫,收货,上架
NoExA3liGr,灰色 品牌16 三号纸 笔记本（线条）,笔记本,品牌16,三号纸,线条,灰色,48*10*5,2049,DN08D,迈克,收货,上架
LaOv1532Bl,黑色 品牌13 15英寸 笔记本电脑（32吉字节内存）,笔记本电脑,品牌13,15英寸,32吉字节内存,黑色,16*1*1,12,AH93H,莎拉,收货,上架
MoSu45ErNa,藏青色 品牌11 450 鼠标（人体工学）,鼠标,品牌11,450,人体工学,藏青色,16*10*1,83,BZ62D,亚历克斯,收货,上架
SPNa24SoGr,灰色 品牌23 24 触控笔（可溶性）,触控笔,品牌23,24,可溶性,灰色,48*10*5,1784,DP11B,莎拉,收货,上架
PeRe50HeGr,灰色 品牌22 50 铅笔（六角形）,铅笔,品牌22,50,六角形,灰色,48*10*5,1138,CG33G,大卫,收货,上架
MoSu35ErPi,粉色 品牌11 350 鼠标（人体工学）,鼠标,品牌11,350,人体工学,粉色,16*10*1,132,BY06H,简,收货,上架
OfSELHeGr,灰色 品牌08 大号 办公椅（头枕）,办公椅,品牌08,大号,头枕,灰色,16*1*1,4,BG40A,约翰,收货,上架
CaRG12SlWh,白色 品牌03 1200 文件柜（滑动式）,文件柜,品牌03,1200,滑动式,白色,8*1*1,1,DY37G,莎拉,收货,上架
SPNa12WaBl,黑色 品牌23 12 触控笔（水彩）,触控笔,品牌23,12,水彩,黑色,48*10*5,1248,CQ10B,劳拉,收货,上架
SPGi12HeGr,灰色 品牌21 12 触控笔（六角形）,触控笔,品牌21,12,六角形,灰色,48*10*5,2085,DK28B,亚历克斯,收货,上架
LaPH148GGr,灰色 品牌12 14英寸 笔记本电脑（8吉字节内存）,笔记本电脑,品牌12,14英寸,8吉字节内存,灰色,16*1*1,16,BJ27F,克里斯,收货,上架
CuWE18LoWh,白色 品牌02 1800 储物柜（储物锁柜）,储物柜,品牌02,1800,储物锁柜,白色,8*1*1,3,DY21F,大卫,收货,上架
LaRe1516Bl,黑色 品牌14 15英寸 笔记本电脑（16吉字节内存）,笔记本电脑,品牌14,15英寸,16吉字节内存,黑色,16*1*1,16,CT38A,大卫,收货,上架
KeHc45ErPi,粉色 品牌09 450 键盘（人体工学）,键盘,品牌09,450,人体工学,粉色,16*10*1,135,BU87D,亚历克斯,收货,上架
PeAl50HeWh,白色 品牌20 50 铅笔（六角形）,铅笔,品牌20,50,六角形,白色,48*10*5,1328,AF04D,劳拉,收货,上架
CaQE18DoBl,黑色 品牌01 1800 文件柜（带门式）,文件柜,品牌01,1800,带门式,黑色,8*1*1,3,CF51D,劳拉,收货,上架
MoHc27BlPi,粉色 品牌09 270 鼠标（蓝牙）,鼠标,品牌09,270,蓝牙,粉色,16*10*1,32,CF12B,简,收货,上架
LaPH14i5Si,银色 品牌12 14英寸 笔记本电脑（第5代处理器）,笔记本电脑,品牌12,14英寸,第5代处理器,银色,16*1*1,12,DS69A,劳拉,收货,上架
OfXESLeBl,黑色 品牌06 小号 办公椅（皮革）,办公椅,品牌06,小号,皮革,黑色,16*1*1,1,BP08F,简,收货,上架
PrSoA2AlGr,灰色 品牌25 二号纸 打印机（一体式）,打印机,品牌25,二号纸,一体式,灰色,16*1*1,2,BY25C,大卫,收货,上架
CaQE90DoWh,白色 品牌01 900 文件柜（带门式）,文件柜,品牌01,900,带门式,白色,8*1*1,1,BX62E,劳拉,收货,上架
CuQE12DoBl,黑色 品牌01 1200 储物柜（带门式）,储物柜,品牌01,1200,带门式,黑色,8*1*1,4,BT10A,迈克,收货,上架
DrQE90LoBl,黑色 品牌01 900 抽屉柜（储物锁柜）,抽屉柜,品牌01,900,储物锁柜,黑色,8*1*1,3,CN47E,大卫,收货,上架
MoRe45BlNa,藏青色 品牌10 450 鼠标（蓝牙）,鼠标,品牌10,450,蓝牙,藏青色,16*10*1,10,AO60D,大卫,收货,上架
CuTE18DoGr,灰色 品牌04 1800 储物柜（带门式）,储物柜,品牌04,1800,带门式,灰色,8*1*1,1,BS25H,艾米,收货,上架
LaPH15i7Si,银色 品牌12 15英寸 笔记本电脑（第7代处理器）,笔记本电脑,品牌12,15英寸,第7代处理器,银色,16*1*1,16,CH15H,艾米丽,收货,上架
PrNoA2LaGr,灰色 品牌26 二号纸 打印机（激光）,打印机,品牌26,二号纸,激光,灰色,16*1*1,2,AM31C,克里斯,收货,上架
NoExA3ruSi,银色 品牌16 三号纸 笔记本（横线）,笔记本,品牌16,三号纸,横线,银色,48*10*5,1010,AO15A,迈克,收货,上架
OfXESAdWh,白色 品牌06 小号 办公椅（可调节）,办公椅,品牌06,小号,可调节,白色,16*1*1,10,BX74D,亚历克斯,收货,上架
PrSoA2WiWh,白色 品牌25 二号纸 打印机（无线网络）,打印机,品牌25,二号纸,无线网络,白色,16*1*1,13,CX21A,克里斯,收货,上架
TaTR10AdBl,黑色 品牌29 1000 桌子（可调节）,桌子,品牌29,1000,可调节,黑色,8*1*1,7,CV39F,劳拉,收货,上架
CaTE12LoBl,黑色 品牌04 1200 文件柜（储物锁柜）,文件柜,品牌04,1200,储物锁柜,黑色,8*1*1,8,BW51C,艾米丽,收货,上架
PrReA2InBl,黑色 品牌24 二号纸 打印机（喷墨）,打印机,品牌24,二号纸,喷墨,黑色,16*1*1,13,CY13C,亚历克斯,收货,上架
SPRe50HeBl,黑色 品牌22 50 触控笔（六角形）,触控笔,品牌22,50,六角形,黑色,48*10*5,869,BG11G,约翰,收货,上架
OfXELHePi,粉色 品牌06 大号 办公椅（头枕）,办公椅,品牌06,大号,头枕,粉色,16*1*1,14,CY63A,克里斯,收货,上架
KePH35BlPi,粉色 品牌12 350 键盘（蓝牙）,键盘,品牌12,350,蓝牙,粉色,16*10*1,48,CT81G,劳拉,收货,上架
CuTE90LoGr,灰色 品牌04 900 储物柜（储物锁柜）,储物柜,品牌04,900,储物锁柜,灰色,8*1*1,8,AI49H,莎拉,收货,上架
LaPH178GBl,黑色 品牌12 17英寸 笔记本电脑（8吉字节内存）,笔记本电脑,品牌12,17英寸,8吉字节内存,黑色,16*1*1,15,CL22B,莎拉,收货,上架
LaRe1416Si,银色 品牌14 14英寸 笔记本电脑（16吉字节内存）,笔记本电脑,品牌14,14英寸,16吉字节内存,银色,16*1*1,9,BI71B,莎拉,收货,上架
PrReA3AlMi,混合色 品牌24 三号纸 打印机（一体式）,打印机,品牌24,三号纸,一体式,混合色,16*1*1,10,DI61G,艾米丽,收货,上架
PeNa50HeGr,灰色 品牌23 50 铅笔（六角形）,铅笔,品牌23,50,六角形,灰色,48*10*5,1577,AW55F,劳拉,收货,上架
NoScA3ruBl,黑色 品牌17 三号纸 笔记本（横线）,笔记本,品牌17,三号纸,横线,黑色,48*10*5,2321,CK49H,克里斯,收货,上架
MoSu45WiWh,白色 品牌11 450 鼠标（有线）,鼠标,品牌11,450,有线,白色,16*10*1,20,CV45A,莎拉,收货,上架
AlYn15i5Wh,白色 品牌15 15英寸 一体机（第5代处理器）,一体机,品牌15,15英寸,第5代处理器,白色,16*1*1,15,DY59G,艾米,收货,上架
CuWE90DoGr,灰色 品牌02 900 储物柜（带门式）,储物柜,品牌02,900,带门式,灰色,8*1*1,2,CG38C,莎拉,收货,上架
TVGL324KGr,灰色 品牌31 32英寸 电视机（超高清）,电视机,品牌31,32英寸,超高清,灰色,8*1*1,4,DS27H,劳拉,收货,上架
TaAE15AuSi,银色 品牌05 1500 桌子（自动调节）,桌子,品牌05,1500,自动调节,银色,8*1*1,5,CJ59D,亚历克斯,收货,上架
TVYn42FHSi,银色 品牌15 42英寸 电视机（全高清）,电视机,品牌15,42英寸,全高清,银色,8*1*1,7,BT85E,艾米丽,收货,上架
KePH35ErWh,白色 品牌12 350 键盘（人体工学）,键盘,品牌12,350,人体工学,白色,16*10*1,55,AJ68E,大卫,收货,上架
CuRG12FiWh,白色 品牌03 1200 储物柜（文件收纳）,储物柜,品牌03,1200,文件收纳,白色,8*1*1,6,AT22G,简,收货,上架
AlPH1432Bl,黑色 品牌12 14英寸 一体机（32吉字节内存）,一体机,品牌12,14英寸,32吉字节内存,黑色,16*1*1,6,AY04D,大卫,收货,上架
DrQE90SlGr,灰色 品牌01 900 抽屉柜（滑动式）,抽屉柜,品牌01,900,滑动式,灰色,8*1*1,8,CN45H,劳拉,收货,上架
CuRG90LoBl,黑色 品牌03 900 储物柜（储物锁柜）,储物柜,品牌03,900,储物锁柜,黑色,8*1*1,4,CL74H,亚历克斯,收货,上架
CuRG12SlGr,灰色 品牌03 1200 储物柜（滑动式）,储物柜,品牌03,1200,滑动式,灰色,8*1*1,8,AL20A,亚历克斯,收货,上架
LaSu1516Gr,灰色 品牌11 15英寸 笔记本电脑（16吉字节内存）,笔记本电脑,品牌11,15英寸,16吉字节内存,灰色,16*1*1,14,CO41C,艾米,收货,上架
NoScA3ruWh,白色 品牌17 三号纸 笔记本（横线）,笔记本,品牌17,三号纸,横线,白色,48*10*5,538,AG62E,莎拉,收货,上架
GaSEMLePi,粉色 品牌08 中号 游戏椅（皮革）,游戏椅,品牌08,中号,皮革,粉色,16*1*1,4,AN48C,劳拉,收货,上架
TVGn654KSi,银色 品牌30 65英寸 电视机（超高清）,电视机,品牌30,65英寸,超高清,银色,8*1*1,1,BW28G,迈克,收货,上架
DrTE12FiBe,米色 品牌04 1200 抽屉柜（文件收纳）,抽屉柜,品牌04,1200,文件收纳,米色,8*1*1,4,AP91C,艾米,收货,上架
TaTR18AdWh,白色 品牌28 1800 桌子（可调节）,桌子,品牌28,1800,可调节,白色,8*1*1,5,DJ71A,艾米,收货,上架
PeAl12SoGr,灰色 品牌20 12 铅笔（可溶性）,铅笔,品牌20,12,可溶性,灰色,48*10*5,455,BT51E,劳拉,收货,上架
AlRe148GWh,白色 品牌14 14英寸 一体机（8吉字节内存）,一体机,品牌14,14英寸,8吉字节内存,白色,16*1*1,1,CF29H,大卫,收货,上架
PrReA2AlMi,混合色 品牌24 二号纸 打印机（一体式）,打印机,品牌24,二号纸,一体式,混合色,16*1*1,5,CN70D,简,收货,上架
TVEs50S4Gr,灰色 品牌32 50英寸 电视机（超级超高清）,电视机,品牌32,50英寸,超级超高清,灰色,8*1*1,3,BW66B,艾米丽,收货,上架
AlRe14i5Gr,灰色 品牌14 14英寸 一体机（第5代处理器）,一体机,品牌14,14英寸,第5代处理器,灰色,16*1*1,16,BT69H,约翰,收货,上架
MoRe35MeWh,白色 品牌10 350 鼠标（机械式）,鼠标,品牌10,350,机械式,白色,16*10*1,127,CH86D,克里斯,收货,上架
PrPHA2LaBl,黑色 品牌12 二号纸 打印机（激光）,打印机,品牌12,二号纸,激光,黑色,16*1*1,15,AR44G,莎拉,收货,上架
PeRe50HeWh,白色 品牌22 50 铅笔（六角形）,铅笔,品牌22,50,六角形,白色,48*10*5,1557,CG38E,亚历克斯,收货,上架
TaTR18FrBl,黑色 品牌29 1800 桌子（框架式）,桌子,品牌29,1800,框架式,黑色,8*1*1,3,BM41D,约翰,收货,上架
CuTE12LoWh,白色 品牌04 1200 储物柜（储物锁柜）,储物柜,品牌04,1200,储物锁柜,白色,8*1*1,3,DK63A,艾米丽,收货,上架
TVGL504KWh,白色 品牌31 50英寸 电视机（超高清）,电视机,品牌31,50英寸,超高清,白色,8*1*1,7,AI92E,简,收货,上架
KeHc35ErBl,黑色 品牌09 350 键盘（人体工学）,键盘,品牌09,350,人体工学,黑色,16*10*1,72,AF17G,艾米,收货,上架
TVGL654KGr,灰色 品牌31 65英寸 电视机（超高清）,电视机,品牌31,65英寸,超高清,灰色,8*1*1,4,AY82D,大卫,收货,上架
PeGi50HeWh,白色 品牌21 50 铅笔（六角形）,铅笔,品牌21,50,六角形,白色,48*10*5,2372,DQ14G,迈克,收货,上架
TVYn75FHSi,银色 品牌15 75英寸 电视机（全高清）,电视机,品牌15,75英寸,全高清,银色,8*1*1,8,DY29F,莎拉,收货,上架
LaSu158GGr,灰色 品牌11 15英寸 笔记本电脑（8吉字节内存）,笔记本电脑,品牌11,15英寸,8吉字节内存,灰色,16*1*1,6,BZ37D,迈克,收货,上架
LaOv178GSi,银色 品牌13 17英寸 笔记本电脑（8吉字节内存）,笔记本电脑,品牌13,17英寸,8吉字节内存,银色,16*1*1,3,CN35F,艾米,收货,上架
PrPHA3MoMi,混合色 品牌12 三号纸 打印机（黑白）,打印机,品牌12,三号纸,黑白,混合色,16*1*1,15,CY62B,艾米丽,收货,上架
GaXELLeBl,黑色 品牌06 大号 游戏椅（皮革）,游戏椅,品牌06,大号,皮革,黑色,16*1*1,2,CL35H,劳拉,收货,上架
TVGn75FHBl,黑色 品牌30 75英寸 电视机（全高清）,电视机,品牌30,75英寸,全高清,黑色,8*1*1,7,CK40A,艾米丽,收货,上架
TVGL654KSi,银色 品牌31 65英寸 电视机（超高清）,电视机,品牌31,65英寸,超高清,银色,8*1*1,2,BS98C,克里斯,收货,上架
KeRe35WiPi,粉色 品牌10 350 键盘（有线）,键盘,品牌10,350,有线,粉色,16*10*1,5,AW30G,克里斯,收货,上架
TaAE10AdGr,灰色 品牌05 1000 桌子（可调节）,桌子,品牌05,1000,可调节,灰色,8*1*1,5,CL24D,劳拉,收货,上架
SPRe50WaBl,黑色 品牌22 50 触控笔（水彩）,触控笔,品牌22,50,水彩,黑色,48*10*5,1878,BX69D,大卫,收货,上架
LaOv1516Wh,白色 品牌13 15英寸 笔记本电脑（16吉字节内存）,笔记本电脑,品牌13,15英寸,16吉字节内存,白色,16*1*1,9,AG03F,莎拉,收货,上架
TVYn424KSi,银色 品牌15 42英寸 电视机（超高清）,电视机,品牌15,42英寸,超高清,银色,8*1*1,2,CX41A,克里斯,收货,上架
LaYn1532Bl,黑色 品牌15 15英寸 笔记本电脑（32吉字节内存）,笔记本电脑,品牌15,15英寸,32吉字节内存,黑色,16*1*1,13,BH75B,艾米,收货,上架
KeHc27WiNa,藏青色 品牌09 270 键盘（有线）,键盘,品牌09,270,有线,藏青色,16*10*1,126,DS71A,莎拉,收货,上架
CaTE90SlWh,白色 品牌04 900 文件柜（滑动式）,文件柜,品牌04,900,滑动式,白色,8*1*1,7,BP35E,简,收货,上架
TVYn424KGr,灰色 品牌15 42英寸 电视机（超高清）,电视机,品牌15,42英寸,超高清,灰色,8*1*1,5,AW29A,艾米,收货,上架
PrReA3InBl,黑色 品牌24 三号纸 打印机（喷墨）,打印机,品牌24,三号纸,喷墨,黑色,16*1*1,12,AW61D,迈克,收货,上架
DrQE12DoBl,黑色 品牌01 1200 抽屉柜（带门式）,抽屉柜,品牌01,1200,带门式,黑色,8*1*1,1,BU89G,大卫,收货,上架
TVGn50SFGr,灰色 品牌30 50英寸 电视机（超级全高清）,电视机,品牌30,50英寸,超级全高清,灰色,8*1*1,6,DS26F,约翰,收货,上架
KeRe35WiNa,藏青色 品牌10 350 键盘（有线）,键盘,品牌10,350,有线,藏青色,16*10*1,75,CI67G,亚历克斯,收货,上架
TaTR18FrSi,银色 品牌28 1800 桌子（框架式）,桌子,品牌28,1800,框架式,银色,8*1*1,7,DM50G,简,收货,上架
NoMuA3ruSi,银色 品牌19 三号纸 笔记本（横线）,笔记本,品牌19,三号纸,横线,银色,48*10*5,1094,DR60A,克里斯,收货,上架
LaSu1716Wh,白色 品牌11 17英寸 笔记本电脑（16吉字节内存）,笔记本电脑,品牌11,17英寸,16吉字节内存,白色,16*1*1,1,AW25D,克里斯,收货,上架
PeNa50HeBl,黑色 品牌23 50 铅笔（六角形）,铅笔,品牌23,50,六角形,黑色,48*10*5,2388,BO23H,莎拉,收货,上架
CuQE18DoBe,米色 品牌01 1800 储物柜（带门式）,储物柜,品牌01,1800,带门式,米色,8*1*1,2,BH33B,艾米,收货,上架
KeRe45WiWh,白色 品牌10 450 键盘（有线）,键盘,品牌10,450,有线,白色,16*10*1,84,CH23C,亚历克斯,收货,上架
TVGL50S4Wh,白色 品牌31 50英寸 电视机（超级超高清）,电视机,品牌31,50英寸,超级超高清,白色,8*1*1,7,AW76E,迈克,收货,上架
AlPH1716Wh,白色 品牌12 17英寸 一体机（16吉字节内存）,一体机,品牌12,17英寸,16吉字节内存,白色,16*1*1,1,CX33B,艾米,收货,上架
LaYn148GSi,银色 品牌15 14英寸 笔记本电脑（8吉字节内存）,笔记本电脑,品牌15,14英寸,8吉字节内存,银色,16*1*1,11,CO44G,艾米丽,收货,上架
SPAl12SoWh,白色 品牌20 12 触控笔（可溶性）,触控笔,品牌20,12,可溶性,白色,48*10*5,638,CY04H,劳拉,收货,上架
OfOGSLeBl,黑色 品牌07 小号 办公椅（皮革）,办公椅,品牌07,小号,皮革,黑色,16*1*1,4,CP64A,艾米丽,收货,上架
CuQE12DoWh,白色 品牌01 1200 储物柜（带门式）,储物柜,品牌01,1200,带门式,白色,8*1*1,5,AV97G,简,收货,上架
KeHc35MeWh,白色 品牌09 350 键盘（机械式）,键盘,品牌09,350,机械式,白色,16*10*1,159,CI34E,大卫,收货,上架
PeNa50HePi,粉色 品牌23 50 铅笔（六角形）,铅笔,品牌23,50,六角形,粉色,48*10*5,1836,AI37H,简,收货,上架
TaTR10AuSi,银色 品牌28 1000 桌子（自动调节）,桌子,品牌28,1000,自动调节,银色,8*1*1,6,CG63A,亚历克斯,收货,上架
AlSu1416Si,银色 品牌11 14英寸 一体机（16吉字节内存）,一体机,品牌11,14英寸,16吉字节内存,银色,16*1*1,6,BN41E,艾米丽,收货,上架
LaPH148GSi,银色 品牌12 14英寸 笔记本电脑（8吉字节内存）,笔记本电脑,品牌12,14英寸,8吉字节内存,银色,16*1*1,1,CT26H,亚历克斯,收货,上架
LaYn14i5Bl,黑色 品牌15 14英寸 笔记本电脑（第5代处理器）,笔记本电脑,品牌15,14英寸,第5代处理器,黑色,16*1*1,11,DM62E,克里斯,收货,上架
MoPH27WiPi,粉色 品牌12 270 鼠标（有线）,鼠标,品牌12,270,有线,粉色,16*10*1,15,BH36H,克里斯,收货,上架
KePH27BlNa,藏青色 品牌12 270 键盘（蓝牙）,键盘,品牌12,270,蓝牙,藏青色,16*10*1,88,DN59C,亚历克斯,收货,上架
TaTR10FrSi,银色 品牌28 1000 桌子（框架式）,桌子,品牌28,1000,框架式,银色,8*1*1,1,CI62B,劳拉,收货,上架
TaTR18FrWh,白色 品牌29 1800 桌子（框架式）,桌子,品牌29,1800,框架式,白色,8*1*1,5,CF33G,艾米,收货,上架
TVGL424KGr,灰色 品牌31 42英寸 电视机（超高清）,电视机,品牌31,42英寸,超高清,灰色,8*1*1,7,BR46H,简,收货,上架
CaQE90LoBe,米色 品牌01 900 文件柜（储物锁柜）,文件柜,品牌01,900,储物锁柜,米色,8*1*1,3,BT50C,迈克,收货,上架
CuTE12LoBl,黑色 品牌04 1200 储物柜（储物锁柜）,储物柜,品牌04,1200,储物锁柜,黑色,8*1*1,8,CP78F,艾米丽,收货,上架
PrNoA2AlMi,混合色 品牌26 二号纸 打印机（一体式）,打印机,品牌26,二号纸,一体式,混合色,16*1*1,12,DW49B,亚历克斯,收货,上架
AlRe178GBl,黑色 品牌14 17英寸 一体机（8吉字节内存）,一体机,品牌14,17英寸,8吉字节内存,黑色,16*1*1,2,AT85H,约翰,收货,上架
AlYn158GBl,黑色 品牌15 15英寸 一体机（8吉字节内存）,一体机,品牌15,15英寸,8吉字节内存,黑色,16*1*1,13,CL39D,克里斯,收货,上架
CuWE12SlWh,白色 品牌02 1200 储物柜（滑动式）,储物柜,品牌02,1200,滑动式,白色,8*1*1,1,BG66G,大卫,收货,上架
MoRe45BlBl,黑色 品牌10 450 鼠标（蓝牙）,鼠标,品牌10,450,蓝牙,黑色,16*10*1,28,AK41F,艾米,收货,上架
OfOGSLePi,粉色 品牌07 小号 办公椅（皮革）,办公椅,品牌07,小号,皮革,粉色,16*1*1,7,DN66A,简,收货,上架
KeSu35WiPi,粉色 品牌11 350 键盘（有线）,键盘,品牌11,350,有线,粉色,16*10*1,25,AN91H,大卫,收货,上架
AlYn178GWh,白色 品牌15 17英寸 一体机（8吉字节内存）,一体机,品牌15,17英寸,8吉字节内存,白色,16*1*1,12,BX60B,迈克,收货,上架
OfAEMErPi,粉色 品牌05 中号 办公椅（人体工学）,办公椅,品牌05,中号,人体工学,粉色,16*1*1,6,BL59E,亚历克斯,收货,上架
GaAESAdGr,灰色 品牌05 小号 游戏椅（可调节）,游戏椅,品牌05,小号,可调节,灰色,16*1*1,16,AY24G,莎拉,收货,上架
TVGL65S4Wh,白色 品牌31 65英寸 电视机（超级超高清）,电视机,品牌31,65英寸,超级超高清,白色,8*1*1,5,BW94E,简,收货,上架
OfXELAdBl,黑色 品牌06 大号 办公椅（可调节）,办公椅,品牌06,大号,可调节,黑色,16*1*1,6,CW84A,简,收货,上架
CuWE90SlBl,黑色 品牌02 900 储物柜（滑动式）,储物柜,品牌02,900,滑动式,黑色,8*1*1,5,AS56G,劳拉,收货,上架
PrPHA3AlBl,黑色 品牌12 三号纸 打印机（一体式）,打印机,品牌12,三号纸,一体式,黑色,16*1*1,13,BT92B,亚历克斯,收货,上架
MoRe45BlWh,白色 品牌10 450 鼠标（蓝牙）,鼠标,品牌10,450,蓝牙,白色,16*10*1,43,CS31G,约翰,收货,上架
MoHc35BlWh,白色 品牌09 350 鼠标（蓝牙）,鼠标,品牌09,350,蓝牙,白色,16*10*1,147,AU34C,大卫,收货,上架
TVGn65S4Wh,白色 品牌30 65英寸 电视机（超级超高清）,电视机,品牌30,65英寸,超级超高清,白色,8*1*1,1,AV39B,艾米,收货,上架
PeAl12WaBl,黑色 品牌20 12 铅笔（水彩）,铅笔,品牌20,12,水彩,黑色,48*10*5,304,CN08C,劳拉,收货,上架
OfSESHeWh,白色 品牌08 小号 办公椅（头枕）,办公椅,品牌08,小号,头枕,白色,16*1*1,14,BU26A,简,收货,上架
PeRe12SoWh,白色 品牌22 12 铅笔（可溶性）,铅笔,品牌22,12,可溶性,白色,48*10*5,2296,BL11E,艾米丽,收货,上架
TaCI18WoWh,白色 品牌27 1800 桌子（工作站）,桌子,品牌27,1800,工作站,白色,8*1*1,3,AL79D,克里斯,收货,上架
DrTE12LoWh,白色 品牌04 1200 抽屉柜（储物锁柜）,抽屉柜,品牌04,1200,储物锁柜,白色,8*1*1,7,AT78F,克里斯,收货,上架
KeSu35WiNa,藏青色 品牌11 350 键盘（有线）,键盘,品牌11,350,有线,藏青色,16*10*1,59,CP77E,简,收货,上架
OfOGMLeGr,灰色 品牌07 中号 办公椅（皮革）,办公椅,品牌07,中号,皮革,灰色,16*1*1,12,BS89F,简,收货,上架
SPNa50SoWh,白色 品牌23 50 触控笔（可溶性）,触控笔,品牌23,50,可溶性,白色,48*10*5,697,AH28H,大卫,收货,上架
NoMuA4doSi,银色 品牌19 四号纸 笔记本（点阵）,笔记本,品牌19,四号纸,点阵,银色,48*10*5,1547,AL96F,亚历克斯,收货,上架
NoMuA4doWh,白色 品牌19 四号纸 笔记本（点阵）,笔记本,品牌19,四号纸,点阵,白色,48*10*5,202,BV11C,迈克,收货,上架
CuRG18SlBe,米色 品牌03 1800 储物柜（滑动式）,储物柜,品牌03,1800,滑动式,米色,8*1*1,6,CI48H,劳拉,收货,上架
AlSu1416Bl,黑色 品牌11 14英寸 一体机（16吉字节内存）,一体机,品牌11,14英寸,16吉字节内存,黑色,16*1*1,12,BL33G,简,收货,上架
SPGi50SoGr,灰色 品牌21 50 触控笔（可溶性）,触控笔,品牌21,50,可溶性,灰色,48*10*5,48,BP52B,简,收货,上架
MoHc35MeWh,白色 品牌09 350 鼠标（机械式）,鼠标,品牌09,350,机械式,白色,16*10*1,20,DM61H,克里斯,收货,上架
CuWE18SlBl,黑色 品牌02 1800 储物柜（滑动式）,储物柜,品牌02,1800,滑动式,黑色,8*1*1,1,BL06E,简,收货,上架
TaCI10AuWh,白色 品牌27 1000 桌子（自动调节）,桌子,品牌27,1000,自动调节,白色,8*1*1,5,AT16C,艾米,收货,上架
TVGn50S4Wh,白色 品牌30 50英寸 电视机（超级超高清）,电视机,品牌30,50英寸,超级超高清,白色,8*1*1,1,AF40A,约翰,收货,上架
TVGL654KBl,黑色 品牌31 65英寸 电视机（超高清）,电视机,品牌31,65英寸,超高清,黑色,8*1*1,4,AO92F,亚历克斯,收货,上架
DrWE18FiBe,米色 品牌02 1800 抽屉柜（文件收纳）,抽屉柜,品牌02,1800,文件收纳,米色,8*1*1,8,DM68F,劳拉,收货,上架
AlOv17i5Si,银色 品牌13 17英寸 一体机（第5代处理器）,一体机,品牌13,17英寸,第5代处理器,银色,16*1*1,13,CO81E,劳拉,收货,上架
KeHc35MeBl,黑色 品牌09 350 键盘（机械式）,键盘,品牌09,350,机械式,黑色,16*10*1,44,BI42E,亚历克斯,收货,上架
PrReA2InMi,混合色 品牌24 二号纸 打印机（喷墨）,打印机,品牌24,二号纸,喷墨,混合色,16*1*1,12,AY60A,劳拉,收货,上架
OfAEMErWh,白色 品牌05 中号 办公椅（人体工学）,办公椅,品牌05,中号,人体工学,白色,16*1*1,8,CH11F,迈克,收货,上架
LaPH178GBl,黑色 品牌12 17英寸 笔记本电脑（8吉字节内存）,笔记本电脑,品牌12,17英寸,8吉字节内存,黑色,16*1*1,10,BL24D,劳拉,收货,上架
MoSu45WiNa,藏青色 品牌11 450 鼠标（有线）,鼠标,品牌11,450,有线,藏青色,16*10*1,32,CQ79H,莎拉,收货,上架
AlSu14i7Gr,灰色 品牌11 14英寸 一体机（第7代处理器）,一体机,品牌11,14英寸,第7代处理器,灰色,16*1*1,4,CH66F,约翰,收货,上架
PrNoA3LaMi,混合色 品牌26 三号纸 打印机（激光）,打印机,品牌26,三号纸,激光,混合色,16*1*1,2,BP43H,大卫,收货,上架
KeHc45BlPi,粉色 品牌09 450 键盘（蓝牙）,键盘,品牌09,450,蓝牙,粉色,16*10*1,40,CN25F,克里斯,收货,上架
DrTE18FiBe,米色 品牌04 1800 抽屉柜（文件收纳）,抽屉柜,品牌04,1800,文件收纳,米色,8*1*1,5,AN71A,约翰,收货,上架
AlYn14i7Wh,白色 品牌15 14英寸 一体机（第7代处理器）,一体机,品牌15,14英寸,第7代处理器,白色,16*1*1,15,AU44D,克里斯,收货,上架
PrPHA3AlMi,混合色 品牌12 三号纸 打印机（一体式）,打印机,品牌12,三号纸,一体式,混合色,16*1*1,13,CQ65E,劳拉,收货,上架
CaRG90DoGr,灰色 品牌03 900 文件柜（带门式）,文件柜,品牌03,900,带门式,灰色,8*1*1,3,CK70D,艾米,收货,上架
SPAl50WaBl,黑色 品牌20 50 触控笔（水彩）,触控笔,品牌20,50,水彩,黑色,48*10*5,2386,CK80B,艾米丽,收货,上架
PrNoA4AlBl,黑色 品牌26 四号纸 打印机（一体式）,打印机,品牌26,四号纸,一体式,黑色,16*1*1,8,DS17D,亚历克斯,收货,上架
AlSu15i7Wh,白色 品牌11 15英寸 一体机（第7代处理器）,一体机,品牌11,15英寸,第7代处理器,白色,16*1*1,9,DY28H,克里斯,收货,上架
CaQE90DoBe,米色 品牌01 900 文件柜（带门式）,文件柜,品牌01,900,带门式,米色,8*1*1,1,DO25F,莎拉,收货,上架
DrQE90FiWh,白色 品牌01 900 抽屉柜（文件收纳）,抽屉柜,品牌01,900,文件收纳,白色,8*1*1,5,DV43H,莎拉,收货,上架
TVYn32SFBl,黑色 品牌15 32英寸 电视机（超级全高清）,电视机,品牌15,32英寸,超级全高清,黑色,8*1*1,8,CU12G,约翰,收货,上架
CuTE90FiWh,白色 品牌04 900 储物柜（文件收纳）,储物柜,品牌04,900,文件收纳,白色,8*1*1,7,CG87C,克里斯,收货,上架
PeRe12WaPi,粉色 品牌22 12 铅笔（水彩）,铅笔,品牌22,12,水彩,粉色,48*10*5,2292,DJ27F,大卫,收货,上架
DrRG12LoBe,米色 品牌03 1200 抽屉柜（储物锁柜）,抽屉柜,品牌03,1200,储物锁柜,米色,8*1*1,8,BK15G,劳拉,收货,上架
AlYn1432Gr,灰色 品牌15 14英寸 一体机（32吉字节内存）,一体机,品牌15,14英寸,32吉字节内存,灰色,16*1*1,16,BH65E,艾米,收货,上架
PrReA3InBl,黑色 品牌24 三号纸 打印机（喷墨）,打印机,品牌24,三号纸,喷墨,黑色,16*1*1,14,AQ61E,亚历克斯,收货,上架
LaPH14i5Bl,黑色 品牌12 14英寸 笔记本电脑（第5代处理器）,笔记本电脑,品牌12,14英寸,第5代处理器,黑色,16*1*1,14,CZ80H,克里斯,收货,上架
CuTE12DoBl,黑色 品牌04 1200 储物柜（带门式）,储物柜,品牌04,1200,带门式,黑色,8*1*1,8,AI02H,艾米,收货,上架
DrTE18DoWh,白色 品牌04 1800 抽屉柜（带门式）,抽屉柜,品牌04,1800,带门式,白色,8*1*1,6,CM23F,简,收货,上架
CaTE90SlGr,灰色 品牌04 900 文件柜（滑动式）,文件柜,品牌04,900,滑动式,灰色,8*1*1,8,BF14C,约翰,收货,上架
LaRe15i5Wh,白色 品牌14 15英寸 笔记本电脑（第5代处理器）,笔记本电脑,品牌14,15英寸,第5代处理器,白色,16*1*1,3,CQ06D,莎拉,收货,上架
TVGL65SFSi,银色 品牌31 65英寸 电视机（超级全高清）,电视机,品牌31,65英寸,超级全高清,银色,8*1*1,8,CF23G,亚历克斯,收货,上架
GaXELAdGr,灰色 品牌06 大号 游戏椅（可调节）,游戏椅,品牌06,大号,可调节,灰色,16*1*1,16,CP24A,亚历克斯,收货,上架
NoExA5liSi,银色 品牌16 五号纸 笔记本（线条）,笔记本,品牌16,五号纸,线条,银色,48*10*5,1227,AH85E,亚历克斯,收货,上架
KeHc45WiBl,黑色 品牌09 450 键盘（有线）,键盘,品牌09,450,有线,黑色,16*10*1,101,BS08E,大卫,收货,上架
NoMuA4ruBl,黑色 品牌19 四号纸 笔记本（横线）,笔记本,品牌19,四号纸,横线,黑色,48*10*5,2049,AL25B,亚历克斯,收货,上架
NoScA3liSi,银色 品牌17 三号纸 笔记本（线条）,笔记本,品牌17,三号纸,线条,银色,48*10*5,1241,DO98G,约翰,收货,上架
MoHc27MePi,粉色 品牌09 270 鼠标（机械式）,鼠标,品牌09,270,机械式,粉色,16*10*1,129,BZ36G,亚历克斯,收货,上架
AlPH15i7Wh,白色 品牌12 15英寸 一体机（第7代处理器）,一体机,品牌12,15英寸,第7代处理器,白色,16*1*1,10,AO85H,克里斯,收货,上架
SPNa50SoBl,黑色 品牌23 50 触控笔（可溶性）,触控笔,品牌23,50,可溶性,黑色,48*10*5,1310,CJ48B,迈克,收货,上架
PrPHA3MoGr,灰色 品牌12 三号纸 打印机（黑白）,打印机,品牌12,三号纸,黑白,灰色,16*1*1,1,BW06D,劳拉,收货,上架
TVGL32FHGr,灰色 品牌31 32英寸 电视机（全高清）,电视机,品牌31,32英寸,全高清,灰色,8*1*1,7,AX97C,劳拉,收货,上架
CaRG18LoGr,灰色 品牌03 1800 文件柜（储物锁柜）,文件柜,品牌03,1800,储物锁柜,灰色,8*1*1,2,CG59E,克里斯,收货,上架
PrReA4WiGr,灰色 品牌24 四号纸 打印机（无线网络）,打印机,品牌24,四号纸,无线网络,灰色,16*1*1,14,AR65E,艾米,收货,上架
CaTE90DoWh,白色 品牌04 900 文件柜（带门式）,文件柜,品牌04,900,带门式,白色,8*1*1,1,BP15B,克里斯,收货,上架
CaTE12FiBe,米色 品牌04 1200 文件柜（文件收纳）,文件柜,品牌04,1200,文件收纳,米色,8*1*1,6,BO95C,艾米丽,收货,上架
CaTE12DoWh,白色 品牌04 1200 文件柜（带门式）,文件柜,品牌04,1200,带门式,白色,8*1*1,1,AK45F,大卫,收货,上架
TaTR10AdWh,白色 品牌29 1000 桌子（可调节）,桌子,品牌29,1000,可调节,白色,8*1*1,1,CS04H,亚历克斯,收货,上架
CaWE90DoBe,米色 品牌02 900 文件柜（带门式）,文件柜,品牌02,900,带门式,米色,8*1*1,8,DI50D,劳拉,收货,上架
GaOGMErPi,粉色 品牌07 中号 游戏椅（人体工学）,游戏椅,品牌07,中号,人体工学,粉色,16*1*1,13,AZ77H,简,收货,上架
PeGi50WaWh,白色 品牌21 50 铅笔（水彩）,铅笔,品牌21,50,水彩,白色,48*10*5,1688,BQ03E,简,收货,上架
AlYn1432Bl,黑色 品牌15 14英寸 一体机（32吉字节内存）,一体机,品牌15,14英寸,32吉字节内存,黑色,16*1*1,10,DQ62E,克里斯,收货,上架
LaYn1716Wh,白色 品牌15 17英寸 笔记本电脑（16吉字节内存）,笔记本电脑,品牌15,17英寸,16吉字节内存,白色,16*1*1,13,BP38G,艾米,收货,上架
GaXELAdPi,粉色 品牌06 大号 游戏椅（可调节）,游戏椅,品牌06,大号,可调节,粉色,16*1*1,11,DT48E,艾米,收货,上架
TVEs32SFGr,灰色 品牌32 32英寸 电视机（超级全高清）,电视机,品牌32,32英寸,超级全高清,灰色,8*1*1,1,DQ93B,劳拉,收货,上架
CuRG12LoGr,灰色 品牌03 1200 储物柜（储物锁柜）,储物柜,品牌03,1200,储物锁柜,灰色,8*1*1,2,CU85C,大卫,收货,上架
CuQE12LoBl,黑色 品牌01 1200 储物柜（储物锁柜）,储物柜,品牌01,1200,储物锁柜,黑色,8*1*1,1,AM42G,劳拉,收货,上架
OfOGMErWh,白色 品牌07 中号 办公椅（人体工学）,办公椅,品牌07,中号,人体工学,白色,16*1*1,3,BI42B,克里斯,收货,上架
MoSu35WiPi,粉色 品牌11 350 鼠标（有线）,鼠标,品牌11,350,有线,粉色,16*10*1,23,DM95C,迈克,收货,上架
TaTR18AdSi,银色 品牌29 1800 桌子（可调节）,桌子,品牌29,1800,可调节,银色,8*1*1,2,CO73E,克里斯,收货,上架
CuRG90SlBe,米色 品牌03 900 储物柜（滑动式）,储物柜,品牌03,900,滑动式,米色,8*1*1,7,BM49A,克里斯,收货,上架
LaYn14i7Bl,黑色 品牌15 14英寸 笔记本电脑（第7代处理器）,笔记本电脑,品牌15,14英寸,第7代处理器,黑色,16*1*1,14,DL06B,莎拉,收货,上架
TVEs424KBl,黑色 品牌32 42英寸 电视机（超高清）,电视机,品牌32,42英寸,超高清,黑色,8*1*1,6,AW88D,迈克,收货,上架
OfSEMAdGr,灰色 品牌08 中号 办公椅（可调节）,办公椅,品牌08,中号,可调节,灰色,16*1*1,15,BR16B,约翰,收货,上架
TVGn32S4Si,银色 品牌30 32英寸 电视机（超级超高清）,电视机,品牌30,32英寸,超级超高清,银色,8*1*1,2,AZ84G,亚历克斯,收货,上架
OfAELAdPi,粉色 品牌05 大号 办公椅（可调节）,办公椅,品牌05,大号,可调节,粉色,16*1*1,1,AP22H,劳拉,收货,上架
MoRe27WiWh,白色 品牌10 270 鼠标（有线）,鼠标,品牌10,270,有线,白色,16*10*1,94,CG48D,迈克,收货,上架
SPRe24WaWh,白色 品牌22 24 触控笔（水彩）,触控笔,品牌22,24,水彩,白色,48*10*5,1726,AL55F,劳拉,收货,上架
CuQE18DoGr,灰色 品牌01 1800 储物柜（带门式）,储物柜,品牌01,1800,带门式,灰色,8*1*1,2,DM45D,克里斯,收货,上架
TVGL42S4Si,银色 品牌31 42英寸 电视机（超级超高清）,电视机,品牌31,42英寸,超级超高清,银色,8*1*1,4,CS83F,约翰,收货,上架
LaRe148GWh,白色 品牌14 14英寸 笔记本电脑（8吉字节内存）,笔记本电脑,品牌14,14英寸,8吉字节内存,白色,16*1*1,16,BZ61A,艾米丽,收货,上架
MoRe35MeBl,黑色 品牌10 350 鼠标（机械式）,鼠标,品牌10,350,机械式,黑色,16*10*1,65,DP85B,约翰,收货,上架
AlPH1416Wh,白色 品牌12 14英寸 一体机（16吉字节内存）,一体机,品牌12,14英寸,16吉字节内存,白色,16*1*1,14,BS94A,克里斯,收货,上架
SPRe12HeWh,白色 品牌22 12 触控笔（六角形）,触控笔,品牌22,12,六角形,白色,48*10*5,64,AJ73G,劳拉,收货,上架
TaCI10AuWh,白色 品牌27 1000 桌子（自动调节）,桌子,品牌27,1000,自动调节,白色,8*1*1,6,BW34D,艾米,收货,上架
PrReA2InMi,混合色 品牌24 二号纸 打印机（喷墨）,打印机,品牌24,二号纸,喷墨,混合色,16*1*1,7,BX10B,约翰,收货,上架
GaOGLErGr,灰色 品牌07 大号 游戏椅（人体工学）,游戏椅,品牌07,大号,人体工学,灰色,16*1*1,9,DL20H,大卫,收货,上架
PrPHA3AlMi,混合色 品牌12 三号纸 打印机（一体式）,打印机,品牌12,三号纸,一体式,混合色,16*1*1,9,DG01C,大卫,收货,上架
CaRG18SlBl,黑色 品牌03 1800 文件柜（滑动式）,文件柜,品牌03,1800,滑动式,黑色,8*1*1,6,CV44F,艾米,收货,上架
LaRe148GGr,灰色 品牌14 14英寸 笔记本电脑（8吉字节内存）,笔记本电脑,品牌14,14英寸,8吉字节内存,灰色,16*1*1,7,AY66F,简,收货,上架
LaYn148GBl,黑色 品牌15 14英寸 笔记本电脑（8吉字节内存）,笔记本电脑,品牌15,14英寸,8吉字节内存,黑色,16*1*1,8,CQ08C,劳拉,收货,上架
CaWE12SlBe,米色 品牌02 1200 文件柜（滑动式）,文件柜,品牌02,1200,滑动式,米色,8*1*1,3,DM51E,莎拉,收货,上架
PrPHA2InWh,白色 品牌12 二号纸 打印机（喷墨）,打印机,品牌12,二号纸,喷墨,白色,16*1*1,16,BQ05C,迈克,收货,上架
TVGL42S4Gr,灰色 品牌31 42英寸 电视机（超级超高清）,电视机,品牌31,42英寸,超级超高清,灰色,8*1*1,8,BG44E,迈克,收货,上架
GaOGMLeWh,白色 品牌07 中号 游戏椅（皮革）,游戏椅,品牌07,中号,皮革,白色,16*1*1,12,AN01F,劳拉,收货,上架
MoRe45BlPi,粉色 品牌10 450 鼠标（蓝牙）,鼠标,品牌10,450,蓝牙,粉色,16*10*1,70,CG01G,劳拉,收货,上架
AlSu17i5Wh,白色 品牌11 17英寸 一体机（第5代处理器）,一体机,品牌11,17英寸,第5代处理器,白色,16*1*1,4,DY19E,简,收货,上架
PeGi24HeBl,黑色 品牌21 24 铅笔（六角形）,铅笔,品牌21,24,六角形,黑色,48*10*5,2271,CM62B,约翰,收货,上架
LaYn1532Si,银色 品牌15 15英寸 笔记本电脑（32吉字节内存）,笔记本电脑,品牌15,15英寸,32吉字节内存,银色,16*1*1,5,DP66H,克里斯,收货,上架
SPAl12HePi,粉色 品牌20 12 触控笔（六角形）,触控笔,品牌20,12,六角形,粉色,48*10*5,419,AW72A,迈克,收货,上架
GaOGMErGr,灰色 品牌07 中号 游戏椅（人体工学）,游戏椅,品牌07,中号,人体工学,灰色,16*1*1,1,AU61F,劳拉,收货,上架
LaSu15i7Si,银色 品牌11 15英寸 笔记本电脑（第7代处理器）,笔记本电脑,品牌11,15英寸,第7代处理器,银色,16*1*1,10,CY31C,大卫,收货,上架
TVEs42SFBl,黑色 品牌32 42英寸 电视机（超级全高清）,电视机,品牌32,42英寸,超级全高清,黑色,8*1*1,5,BY39H,亚历克斯,收货,上架
CaQE18DoBl,黑色 品牌01 1800 文件柜（带门式）,文件柜,品牌01,1800,带门式,黑色,8*1*1,1,CT08C,迈克,收货,上架
CaRG12SlGr,灰色 品牌03 1200 文件柜（滑动式）,文件柜,品牌03,1200,滑动式,灰色,8*1*1,7,AF02F,莎拉,收货,上架
TaAE15WoWh,白色 品牌05 1500 桌子（工作站）,桌子,品牌05,1500,工作站,白色,8*1*1,6,AQ90G,迈克,收货,上架
TVEs65S4Si,银色 品牌32 65英寸 电视机（超级超高清）,电视机,品牌32,65英寸,超级超高清,银色,8*1*1,5,AI17E,迈克,收货,上架
DrTE90FiWh,白色 品牌04 900 抽屉柜（文件收纳）,抽屉柜,品牌04,900,文件收纳,白色,8*1*1,7,BQ67B,艾米,收货,上架
LaPH15i7Wh,白色 品牌12 15英寸 笔记本电脑（第7代处理器）,笔记本电脑,品牌12,15英寸,第7代处理器,白色,16*1*1,12,AL09G,莎拉,收货,上架
LaSu17i7Si,银色 品牌11 17英寸 笔记本电脑（第7代处理器）,笔记本电脑,品牌11,17英寸,第7代处理器,银色,16*1*1,16,DP87C,迈克,收货,上架
CuRG12SlGr,灰色 品牌03 1200 储物柜（滑动式）,储物柜,品牌03,1200,滑动式,灰色,8*1*1,5,AK81D,劳拉,收货,上架
NoMuA3ruGr,灰色 品牌19 三号纸 笔记本（横线）,笔记本,品牌19,三号纸,横线,灰色,48*10*5,74,DR05H,艾米丽,收货,上架
TVYn32FHBl,黑色 品牌15 32英寸 电视机（全高清）,电视机,品牌15,32英寸,全高清,黑色,8*1*1,7,CW78E,约翰,收货,上架
LaPH15i7Wh,白色 品牌12 15英寸 笔记本电脑（第7代处理器）,笔记本电脑,品牌12,15英寸,第7代处理器,白色,16*1*1,1,AT61C,大卫,收货,上架
TVEs75S4Wh,白色 品牌32 75英寸 电视机（超级超高清）,电视机,品牌32,75英寸,超级超高清,白色,8*1*1,3,BK41F,克里斯,收货,上架
CaRG90LoBl,黑色 品牌03 900 文件柜（储物锁柜）,文件柜,品牌03,900,储物锁柜,黑色,8*1*1,4,AR71F,简,收货,上架
SPGi24HeGr,灰色 品牌21 24 触控笔（六角形）,触控笔,品牌21,24,六角形,灰色,48*10*5,278,AS05C,艾米丽,收货,上架
NoMuA5doSi,银色 品牌19 五号纸 笔记本（点阵）,笔记本,品牌19,五号纸,点阵,银色,48*10*5,75,CO24A,约翰,收货,上架
TVYn32SFGr,灰色 品牌15 32英寸 电视机（超级全高清）,电视机,品牌15,32英寸,超级全高清,灰色,8*1*1,6,AF88D,大卫,收货,上架
OfSEMLeGr,灰色 品牌08 中号 办公椅（皮革）,办公椅,品牌08,中号,皮革,灰色,16*1*1,7,BO57B,克里斯,收货,上架
KeHc35MeWh,白色 品牌09 350 键盘（机械式）,键盘,品牌09,350,机械式,白色,16*10*1,9,CJ73D,克里斯,收货,上架
TVEs75S4Bl,黑色 品牌32 75英寸 电视机（超级超高清）,电视机,品牌32,75英寸,超级超高清,黑色,8*1*1,2,CJ97D,艾米,收货,上架
MoHc27ErWh,白色 品牌09 270 鼠标（人体工学）,鼠标,品牌09,270,人体工学,白色,16*10*1,96,DO39F,亚历克斯,收货,上架
KeHc27WiPi,粉色 品牌09 270 键盘（有线）,键盘,品牌09,270,有线,粉色,16*10*1,151,BU13F,艾米,收货,上架
TVYn324KSi,银色 品牌15 32英寸 电视机（超高清）,电视机,品牌15,32英寸,超高清,银色,8*1*1,7,CL40F,克里斯,收货,上架
AlOv1516Si,银色 品牌13 15英寸 一体机（16吉字节内存）,一体机,品牌13,15英寸,16吉字节内存,银色,16*1*1,4,AZ95F,约翰,收货,上架
AlRe1516Gr,灰色 品牌14 15英寸 一体机（16吉字节内存）,一体机,品牌14,15英寸,16吉字节内存,灰色,16*1*1,13,DF69C,克里斯,收货,上架
PeGi24WaGr,灰色 品牌21 24 铅笔（水彩）,铅笔,品牌21,24,水彩,灰色,48*10*5,1460,CP94A,莎拉,收货,上架
TaCI15AdSi,银色 品牌27 1500 桌子（可调节）,桌子,品牌27,1500,可调节,银色,8*1*1,2,BS41A,劳拉,收货,上架
TVGL75SFGr,灰色 品牌31 75英寸 电视机（超级全高清）,电视机,品牌31,75英寸,超级全高清,灰色,8*1*1,8,AF17C,莎拉,收货,上架
MoHc35BlWh,白色 品牌09 350 鼠标（蓝牙）,鼠标,品牌09,350,蓝牙,白色,16*10*1,154,AJ14A,艾米丽,收货,上架
TaAE15AuSi,银色 品牌05 1500 桌子（自动调节）,桌子,品牌05,1500,自动调节,银色,8*1*1,2,AM12G,约翰,收货,上架
PrSoA2MoGr,灰色 品牌25 二号纸 打印机（黑白）,打印机,品牌25,二号纸,黑白,灰色,16*1*1,13,CS16B,约翰,收货,上架
TVGn504KSi,银色 品牌30 50英寸 电视机（超高清）,电视机,品牌30,50英寸,超高清,银色,8*1*1,8,BS57F,约翰,收货,上架
CuRG90DoBe,米色 品牌03 900 储物柜（带门式）,储物柜,品牌03,900,带门式,米色,8*1*1,7,CZ41D,莎拉,收货,上架
PeRe12SoBl,黑色 品牌22 12 铅笔（可溶性）,铅笔,品牌22,12,可溶性,黑色,48*10*5,1951,BW22H,大卫,收货,上架
CaQE12FiBl,黑色 品牌01 1200 文件柜（文件收纳）,文件柜,品牌01,1200,文件收纳,黑色,8*1*1,6,AZ62F,约翰,收货,上架
AlYn15i5Bl,黑色 品牌15 15英寸 一体机（第5代处理器）,一体机,品牌15,15英寸,第5代处理器,黑色,16*1*1,6,BY98C,大卫,收货,上架
KeHc45BlWh,白色 品牌09 450 键盘（蓝牙）,键盘,品牌09,450,蓝牙,白色,16*10*1,87,CU58G,劳拉,收货,上架
AlSu15i5Bl,黑色 品牌11 15英寸 一体机（第5代处理器）,一体机,品牌11,15英寸,第5代处理器,黑色,16*1*1,16,CT78D,劳拉,收货,上架
TVEs32SFWh,白色 品牌32 32英寸 电视机（超级全高清）,电视机,品牌32,32英寸,超级全高清,白色,8*1*1,6,BZ62G,亚历克斯,收货,上架
OfXELLeWh,白色 品牌06 大号 办公椅（皮革）,办公椅,品牌06,大号,皮革,白色,16*1*1,6,CS26H,亚历克斯,收货,上架
MoRe27BlNa,藏青色 品牌10 270 鼠标（蓝牙）,鼠标,品牌10,270,蓝牙,藏青色,16*10*1,104,DK27C,艾米,收货,上架
SPGi50WaPi,粉色 品牌21 50 触控笔（水彩）,触控笔,品牌21,50,水彩,粉色,48*10*5,315,CP67F,约翰,收货,上架
GaXELErPi,粉色 品牌06 大号 游戏椅（人体工学）,游戏椅,品牌06,大号,人体工学,粉色,16*1*1,11,DM04G,艾米丽,收货,上架
TaAE18AdWh,白色 品牌05 1800 桌子（可调节）,桌子,品牌05,1800,可调节,白色,8*1*1,6,BH40F,劳拉,收货,上架
PeGi24WaWh,白色 品牌21 24 铅笔（水彩）,铅笔,品牌21,24,水彩,白色,48*10*5,1663,DL90E,迈克,收货,上架
AlSu17i5Wh,白色 品牌11 17英寸 一体机（第5代处理器）,一体机,品牌11,17英寸,第5代处理器,白色,16*1*1,8,BH14A,艾米,收货,上架
KeHc35WiPi,粉色 品牌09 350 键盘（有线）,键盘,品牌09,350,有线,粉色,16*10*1,70,BU26A,亚历克斯,收货,上架
AlPH17i5Si,银色 品牌12 17英寸 一体机（第5代处理器）,一体机,品牌12,17英寸,第5代处理器,银色,16*1*1,8,AY04G,亚历克斯,收货,上架
TaTR15FrBl,黑色 品牌29 1500 桌子（框架式）,桌子,品牌29,1500,框架式,黑色,8*1*1,2,AV26A,简,收货,上架
SPNa50SoWh,白色 品牌23 50 触控笔（可溶性）,触控笔,品牌23,50,可溶性,白色,48*10*5,483,DR98E,艾米,收货,上架
DrQE90DoGr,灰色 品牌01 900 抽屉柜（带门式）,抽屉柜,品牌01,900,带门式,灰色,8*1*1,5,BH09D,艾米,收货,上架
CuWE18FiGr,灰色 品牌02 1800 储物柜（文件收纳）,储物柜,品牌02,1800,文件收纳,灰色,8*1*1,6,DO13B,大卫,收货,上架
NoScA5ruSi,银色 品牌17 五号纸 笔记本（横线）,笔记本,品牌17,五号纸,横线,银色,48*10*5,1837,CS52H,亚历克斯,收货,上架
CaTE18SlBl,黑色 品牌04 1800 文件柜（滑动式）,文件柜,品牌04,1800,滑动式,黑色,8*1*1,8,DT75H,克里斯,收货,上架
PeAl50WaBl,黑色 品牌20 50 铅笔（水彩）,铅笔,品牌20,50,水彩,黑色,48*10*5,1638,AU37B,亚历克斯,收货,上架
AlPH14i5Wh,白色 品牌12 14英寸 一体机（第5代处理器）,一体机,品牌12,14英寸,第5代处理器,白色,16*1*1,13,AJ70B,简,收货,上架
TaAE15FrBl,黑色 品牌05 1500 桌子（框架式）,桌子,品牌05,1500,框架式,黑色,8*1*1,8,DR51D,劳拉,收货,上架
AlSu14i7Si,银色 品牌11 14英寸 一体机（第7代处理器）,一体机,品牌11,14英寸,第7代处理器,银色,16*1*1,14,BI47C,大卫,收货,上架
GaSESErBl,黑色 品牌08 小号 游戏椅（人体工学）,游戏椅,品牌08,小号,人体工学,黑色,16*1*1,8,AK73B,大卫,收货,上架
CuQE18FiBl,黑色 品牌01 1800 储物柜（文件收纳）,储物柜,品牌01,1800,文件收纳,黑色,8*1*1,8,DF05C,简,收货,上架
OfSELAdWh,白色 品牌08 大号 办公椅（可调节）,办公椅,品牌08,大号,可调节,白色,16*1*1,4,DQ85F,克里斯,收货,上架
OfAELErWh,白色 品牌05 大号 办公椅（人体工学）,办公椅,品牌05,大号,人体工学,白色,16*1*1,9,AG23B,迈克,收货,上架
MoPH35BlNa,藏青色 品牌12 350 鼠标（蓝牙）,鼠标,品牌12,350,蓝牙,藏青色,16*10*1,29,AN58C,大卫,收货,上架
MoRe45BlPi,粉色 品牌10 450 鼠标（蓝牙）,鼠标,品牌10,450,蓝牙,粉色,16*10*1,51,BP82A,劳拉,收货,上架
GaXESErBl,黑色 品牌06 小号 游戏椅（人体工学）,游戏椅,品牌06,小号,人体工学,黑色,16*1*1,8,AS39H,亚历克斯,收货,上架
SPAl12HeGr,灰色 品牌20 12 触控笔（六角形）,触控笔,品牌20,12,六角形,灰色,48*10*5,230,AR49D,劳拉,收货,上架
OfXESErPi,粉色 品牌06 小号 办公椅（人体工学）,办公椅,品牌06,小号,人体工学,粉色,16*1*1,15,CK67B,艾米丽,收货,上架
GaSEMErPi,粉色 品牌08 中号 游戏椅（人体工学）,游戏椅,品牌08,中号,人体工学,粉色,16*1*1,15,DO03D,莎拉,收货,上架
AlRe1416Bl,黑色 品牌14 14英寸 一体机（16吉字节内存）,一体机,品牌14,14英寸,16吉字节内存,黑色,16*1*1,14,CY20C,莎拉,收货,上架
AlYn1716Gr,灰色 品牌15 17英寸 一体机（16吉字节内存）,一体机,品牌15,17英寸,16吉字节内存,灰色,16*1*1,6,BW94E,简,收货,上架
OfAELErPi,粉色 品牌05 大号 办公椅（人体工学）,办公椅,品牌05,大号,人体工学,粉色,16*1*1,10,AJ11H,艾米丽,收货,上架
KeSu45BlBl,黑色 品牌11 450 键盘（蓝牙）,键盘,品牌11,450,蓝牙,黑色,16*10*1,24,BU25H,简,收货,上架
TVYn75S4Si,银色 品牌15 75英寸 电视机（超级超高清）,电视机,品牌15,75英寸,超级超高清,银色,8*1*1,5,DL19E,克里斯,收货,上架
SPNa12WaGr,灰色 品牌23 12 触控笔（水彩）,触控笔,品牌23,12,水彩,灰色,48*10*5,1563,CK41H,克里斯,收货,上架
PrNoA2MoWh,白色 品牌26 二号纸 打印机（黑白）,打印机,品牌26,二号纸,黑白,白色,16*1*1,8,CY24A,迈克,收货,上架
GaSEMErGr,灰色 品牌08 中号 游戏椅（人体工学）,游戏椅,品牌08,中号,人体工学,灰色,16*1*1,8,BM54A,约翰,收货,上架
TVGn75S4Si,银色 品牌30 75英寸 电视机（超级超高清）,电视机,品牌30,75英寸,超级超高清,银色,8*1*1,5,AY74E,艾米丽,收货,上架
TaTR18AuGr,灰色 品牌28 1800 桌子（自动调节）,桌子,品牌28,1800,自动调节,灰色,8*1*1,5,BS53F,大卫,收货,上架
LaOv17i5Gr,灰色 品牌13 17英寸 笔记本电脑（第5代处理器）,笔记本电脑,品牌13,17英寸,第5代处理器,灰色,16*1*1,5,BJ26F,克里斯,收货,上架
DrTE18DoBl,黑色 品牌04 1800 抽屉柜（带门式）,抽屉柜,品牌04,1800,带门式,黑色,8*1*1,1,DS20H,莎拉,收货,上架
OfAEMLeWh,白色 品牌05 中号 办公椅（皮革）,办公椅,品牌05,中号,皮革,白色,16*1*1,3,DU86B,艾米丽,收货,上架
OfSEMHeGr,灰色 品牌08 中号 办公椅（头枕）,办公椅,品牌08,中号,头枕,灰色,16*1*1,13,BH86D,亚历克斯,收货,上架
OfOGLLeGr,灰色 品牌07 大号 办公椅（皮革）,办公椅,品牌07,大号,皮革,灰色,16*1*1,1,DG19A,简,收货,上架
LaSu1432Gr,灰色 品牌11 14英寸 笔记本电脑（32吉字节内存）,笔记本电脑,品牌11,14英寸,32吉字节内存,灰色,16*1*1,9,CZ70E,亚历克斯,收货,上架
CuRG12SlBl,黑色 品牌03 1200 储物柜（滑动式）,储物柜,品牌03,1200,滑动式,黑色,8*1*1,1,DS85H,约翰,收货,上架
PrReA3LaMi,混合色 品牌24 三号纸 打印机（激光）,打印机,品牌24,三号纸,激光,混合色,16*1*1,3,AJ48G,克里斯,收货,上架
NoGrA5doGr,灰色 品牌18 五号纸 笔记本（点阵）,笔记本,品牌18,五号纸,点阵,灰色,48*10*5,1260,BF85D,迈克,收货,上架
CaTE18FiWh,白色 品牌04 1800 文件柜（文件收纳）,文件柜,品牌04,1800,文件收纳,白色,8*1*1,1,CL37B,劳拉,收货,上架
GaAEMErGr,灰色 品牌05 中号 游戏椅（人体工学）,游戏椅,品牌05,中号,人体工学,灰色,16*1*1,2,BU69C,克里斯,收货,上架
AlOv158GSi,银色 品牌13 15英寸 一体机（8吉字节内存）,一体机,品牌13,15英寸,8吉字节内存,银色,16*1*1,1,AQ93A,艾米丽,收货,上架
PeNa50SoPi,粉色 品牌23 50 铅笔（可溶性）,铅笔,品牌23,50,可溶性,粉色,48*10*5,243,CM82A,大卫,收货,上架
GaXELErWh,白色 品牌06 大号 游戏椅（人体工学）,游戏椅,品牌06,大号,人体工学,白色,16*1*1,7,DP53B,迈克,收货,上架
LaSu14i5Bl,黑色 品牌11 14英寸 笔记本电脑（第5代处理器）,笔记本电脑,品牌11,14英寸,第5代处理器,黑色,16*1*1,10,BW68E,简,收货,上架
AlOv1516Si,银色 品牌13 15英寸 一体机（16吉字节内存）,一体机,品牌13,15英寸,16吉字节内存,银色,16*1*1,3,DU95A,艾米丽,收货,上架
TVYn65SFBl,黑色 品牌15 65英寸 电视机（超级全高清）,电视机,品牌15,65英寸,超级全高清,黑色,8*1*1,8,DR56F,艾米,收货,上架
TaCI18AdGr,灰色 品牌27 1800 桌子（可调节）,桌子,品牌27,1800,可调节,灰色,8*1*1,3,BV50E,大卫,收货,上架
TaCI15AuSi,银色 品牌27 1500 桌子（自动调节）,桌子,品牌27,1500,自动调节,银色,8*1*1,4,CK66D,莎拉,收货,上架
TaTR10WoBl,黑色 品牌28 1000 桌子（工作站）,桌子,品牌28,1000,工作站,黑色,8*1*1,7,CP14F,克里斯,收货,上架
TaTR18AdGr,灰色 品牌28 1800 桌子（可调节）,桌子,品牌28,1800,可调节,灰色,8*1*1,8,DM25C,约翰,收货,上架
LaRe1432Gr,灰色 品牌14 14英寸 笔记本电脑（32吉字节内存）,笔记本电脑,品牌14,14英寸,32吉字节内存,灰色,16*1*1,7,CQ28H,艾米,收货,上架
AlOv1432Wh,白色 品牌13 14英寸 一体机（32吉字节内存）,一体机,品牌13,14英寸,32吉字节内存,白色,16*1*1,15,AY34G,艾米,收货,上架
KeRe45ErWh,白色 品牌10 450 键盘（人体工学）,键盘,品牌10,450,人体工学,白色,16*10*1,30,BG65H,约翰,收货,上架
CaTE18SlWh,白色 品牌04 1800 文件柜（滑动式）,文件柜,品牌04,1800,滑动式,白色,8*1*1,7,CV30D,迈克,收货,上架
KePH45WiWh,白色 品牌12 450 键盘（有线）,键盘,品牌12,450,有线,白色,16*10*1,30,AG33C,克里斯,收货,上架
NoMuA5ruBl,黑色 品牌19 五号纸 笔记本（横线）,笔记本,品牌19,五号纸,横线,黑色,48*10*5,549,CY17H,艾米丽,收货,上架
SPAl12WaBl,黑色 品牌20 12 触控笔（水彩）,触控笔,品牌20,12,水彩,黑色,48*10*5,1517,BQ75C,简,收货,上架
OfSEMErWh,白色 品牌08 中号 办公椅（人体工学）,办公椅,品牌08,中号,人体工学,白色,16*1*1,11,CX94A,大卫,收货,上架
AlSu14i7Bl,黑色 品牌11 14英寸 一体机（第7代处理器）,一体机,品牌11,14英寸,第7代处理器,黑色,16*1*1,10,DV36G,艾米丽,收货,上架
KePH45ErNa,藏青色 品牌12 450 键盘（人体工学）,键盘,品牌12,450,人体工学,藏青色,16*10*1,104,BH96B,大卫,收货,上架
GaXESLeBl,黑色 品牌06 小号 游戏椅（皮革）,游戏椅,品牌06,小号,皮革,黑色,16*1*1,16,AJ65C,约翰,收货,上架
LaOv1516Wh,白色 品牌13 15英寸 笔记本电脑（16吉字节内存）,笔记本电脑,品牌13,15英寸,16吉字节内存,白色,16*1*1,7,DR57H,艾米丽,收货,上架
MoSu35BlWh,白色 品牌11 350 鼠标（蓝牙）,鼠标,品牌11,350,蓝牙,白色,16*10*1,112,BF88H,大卫,收货,上架
AlYn15i5Si,银色 品牌15 15英寸 一体机（第5代处理器）,一体机,品牌15,15英寸,第5代处理器,银色,16*1*1,6,AR65F,艾米丽,收货,上架
GaOGLHeWh,白色 品牌07 大号 游戏椅（头枕）,游戏椅,品牌07,大号,头枕,白色,16*1*1,1,AM30B,艾米丽,收货,上架
PeGi50SoPi,粉色 品牌21 50 铅笔（可溶性）,铅笔,品牌21,50,可溶性,粉色,48*10*5,1294,BR89F,克里斯,收货,上架
PrPHA2MoGr,灰色 品牌12 二号纸 打印机（黑白）,打印机,品牌12,二号纸,黑白,灰色,16*1*1,5,BH42A,艾米,收货,上架
DrRG90SlWh,白色 品牌03 900 抽屉柜（滑动式）,抽屉柜,品牌03,900,滑动式,白色,8*1*1,5,DR09F,艾米,收货,上架
OfAELHeGr,灰色 品牌05 大号 办公椅（头枕）,办公椅,品牌05,大号,头枕,灰色,16*1*1,7,DY98B,莎拉,收货,上架
PrSoA3WiGr,灰色 品牌25 三号纸 打印机（无线网络）,打印机,品牌25,三号纸,无线网络,灰色,16*1*1,2,CU07C,克里斯,收货,上架
AlSu148GGr,灰色 品牌11 14英寸 一体机（8吉字节内存）,一体机,品牌11,14英寸,8吉字节内存,灰色,16*1*1,14,DZ95H,艾米丽,收货,上架
OfXEMErBl,黑色 品牌06 中号 办公椅（人体工学）,办公椅,品牌06,中号,人体工学,黑色,16*1*1,5,AM31C,大卫,收货,上架
CaQE18DoGr,灰色 品牌01 1800 文件柜（带门式）,文件柜,品牌01,1800,带门式,灰色,8*1*1,2,AQ92E,约翰,收货,上架
DrWE12LoGr,灰色 品牌02 1200 抽屉柜（储物锁柜）,抽屉柜,品牌02,1200,储物锁柜,灰色,8*1*1,8,BQ74D,艾米丽,收货,上架
MoPH45BlPi,粉色 品牌12 450 鼠标（蓝牙）,鼠标,品牌12,450,蓝牙,粉色,16*10*1,127,DI04B,艾米丽,收货,上架
LaOv1716Wh,白色 品牌13 17英寸 笔记本电脑（16吉字节内存）,笔记本电脑,品牌13,17英寸,16吉字节内存,白色,16*1*1,14,CK71A,莎拉,收货,上架
NoScA3ruGr,灰色 品牌17 三号纸 笔记本（横线）,笔记本,品牌17,三号纸,横线,灰色,48*10*5,182,DQ93C,艾米丽,收货,上架
PeGi12WaPi,粉色 品牌21 12 铅笔（水彩）,铅笔,品牌21,12,水彩,粉色,48*10*5,1583,CX66A,艾米丽,收货,上架
NoGrA5doSi,银色 品牌18 五号纸 笔记本（点阵）,笔记本,品牌18,五号纸,点阵,银色,48*10*5,1101,AG19H,约翰,收货,上架
CaRG90LoBl,黑色 品牌03 900 文件柜（储物锁柜）,文件柜,品牌03,900,储物锁柜,黑色,8*1*1,7,BO24D,艾米丽,收货,上架
OfOGSAdWh,白色 品牌07 小号 办公椅（可调节）,办公椅,品牌07,小号,可调节,白色,16*1*1,14,DG49H,艾米丽,收货,上架
DrQE12FiGr,灰色 品牌01 1200 抽屉柜（文件收纳）,抽屉柜,品牌01,1200,文件收纳,灰色,8*1*1,3,AM52E,莎拉,收货,上架
GaXESAdGr,灰色 品牌06 小号 游戏椅（可调节）,游戏椅,品牌06,小号,可调节,灰色,16*1*1,9,AK30A,克里斯,收货,上架
LaOv14i5Wh,白色 品牌13 14英寸 笔记本电脑（第5代处理器）,笔记本电脑,品牌13,14英寸,第5代处理器,白色,16*1*1,5,BI21G,艾米丽,收货,上架
PrPHA3WiBl,黑色 品牌12 三号纸 打印机（无线网络）,打印机,品牌12,三号纸,无线网络,黑色,16*1*1,1,AG67B,艾米丽,收货,上架
OfXEMAdGr,灰色 品牌06 中号 办公椅（可调节）,办公椅,品牌06,中号,可调节,灰色,16*1*1,11,AY65A,大卫,收货,上架
KePH45MeWh,白色 品牌12 450 键盘（机械式）,键盘,品牌12,450,机械式,白色,16*10*1,4,CN71F,约翰,收货,上架
MoHc45ErPi,粉色 品牌09 450 鼠标（人体工学）,鼠标,品牌09,450,人体工学,粉色,16*10*1,118,BP64G,克里斯,收货,上架
LaPH15i5Bl,黑色 品牌12 15英寸 笔记本电脑（第5代处理器）,笔记本电脑,品牌12,15英寸,第5代处理器,黑色,16*1*1,10,CK83H,莎拉,收货,上架
KeSu45MePi,粉色 品牌11 450 键盘（机械式）,键盘,品牌11,450,机械式,粉色,16*10*1,6,BG76D,约翰,收货,上架
CaQE12LoGr,灰色 品牌01 1200 文件柜（储物锁柜）,文件柜,品牌01,1200,储物锁柜,灰色,8*1*1,7,AV49H,劳拉,收货,上架
LaOv1716Si,银色 品牌13 17英寸 笔记本电脑（16吉字节内存）,笔记本电脑,品牌13,17英寸,16吉字节内存,银色,16*1*1,5,BZ45A,艾米丽,收货,上架
PeRe50WaBl,黑色 品牌22 50 铅笔（水彩）,铅笔,品牌22,50,水彩,黑色,48*10*5,908,CF21D,莎拉,收货,上架
CaQE12SlBe,米色 品牌01 1200 文件柜（滑动式）,文件柜,品牌01,1200,滑动式,米色,8*1*1,2,BY87C,劳拉,收货,上架
TaTR10AuWh,白色 品牌29 1000 桌子（自动调节）,桌子,品牌29,1000,自动调节,白色,8*1*1,5,AL46H,约翰,收货,上架
TVGn50S4Gr,灰色 品牌30 50英寸 电视机（超级超高清）,电视机,品牌30,50英寸,超级超高清,灰色,8*1*1,7,BX55B,大卫,收货,上架
DrRG90FiGr,灰色 品牌03 900 抽屉柜（文件收纳）,抽屉柜,品牌03,900,文件收纳,灰色,8*1*1,4,CP87F,克里斯,收货,上架
DrRG90DoBe,米色 品牌03 900 抽屉柜（带门式）,抽屉柜,品牌03,900,带门式,米色,8*1*1,2,AJ12A,亚历克斯,收货,上架
TaTR10FrSi,银色 品牌28 1000 桌子（框架式）,桌子,品牌28,1000,框架式,银色,8*1*1,4,DT14H,艾米丽,收货,上架
LaPH17i7Gr,灰色 品牌12 17英寸 笔记本电脑（第7代处理器）,笔记本电脑,品牌12,17英寸,第7代处理器,灰色,16*1*1,5,BY85A,大卫,收货,上架
CuTE12FiBl,黑色 品牌04 1200 储物柜（文件收纳）,储物柜,品牌04,1200,文件收纳,黑色,8*1*1,3,BM71D,大卫,收货,上架
KeSu45ErWh,白色 品牌11 450 键盘（人体工学）,键盘,品牌11,450,人体工学,白色,16*10*1,134,CV28G,艾米丽,收货,上架
TVGn42S4Wh,白色 品牌30 42英寸 电视机（超级超高清）,电视机,品牌30,42英寸,超级超高清,白色,8*1*1,4,BY67B,亚历克斯,收货,上架
MoRe27WiWh,白色 品牌10 270 鼠标（有线）,鼠标,品牌10,270,有线,白色,16*10*1,93,AH45H,艾米丽,收货,上架
AlPH15i5Si,银色 品牌12 15英寸 一体机（第5代处理器）,一体机,品牌12,15英寸,第5代处理器,银色,16*1*1,3,AT72D,克里斯,收货,上架
TaTR18WoBl,黑色 品牌28 1800 桌子（工作站）,桌子,品牌28,1800,工作站,黑色,8*1*1,5,BS38H,约翰,收货,上架
NoExA4ruSi,银色 品牌16 四号纸 笔记本（横线）,笔记本,品牌16,四号纸,横线,银色,48*10*5,1319,CT60A,艾米,收货,上架
LaYn17i5Gr,灰色 品牌15 17英寸 笔记本电脑（第5代处理器）,笔记本电脑,品牌15,17英寸,第5代处理器,灰色,16*1*1,4,BI49B,劳拉,收货,上架
PrSoA4LaGr,灰色 品牌25 四号纸 打印机（激光）,打印机,品牌25,四号纸,激光,灰色,16*1*1,10,DX62H,大卫,收货,上架
SPAl50SoWh,白色 品牌20 50 触控笔（可溶性）,触控笔,品牌20,50,可溶性,白色,48*10*5,1231,AX10E,艾米丽,收货,上架
NoScA5liBl,黑色 品牌17 五号纸 笔记本（线条）,笔记本,品牌17,五号纸,线条,黑色,48*10*5,2339,AI88G,劳拉,收货,上架
AlSu15i5Gr,灰色 品牌11 15英寸 一体机（第5代处理器）,一体机,品牌11,15英寸,第5代处理器,灰色,16*1*1,8,CK01B,艾米,收货,上架
TaAE15FrBl,黑色 品牌05 1500 桌子（框架式）,桌子,品牌05,1500,框架式,黑色,8*1*1,2,AO15F,克里斯,收货,上架
PeAl50SoGr,灰色 品牌20 50 铅笔（可溶性）,铅笔,品牌20,50,可溶性,灰色,48*10*5,515,DN15H,劳拉,收货,上架
LaSu1532Bl,黑色 品牌11 15英寸 笔记本电脑（32吉字节内存）,笔记本电脑,品牌11,15英寸,32吉字节内存,黑色,16*1*1,1,AL06F,克里斯,收货,上架
GaXESHeGr,灰色 品牌06 小号 游戏椅（头枕）,游戏椅,品牌06,小号,头枕,灰色,16*1*1,16,CL42G,艾米,收货,上架
NoExA4liWh,白色 品牌16 四号纸 笔记本（线条）,笔记本,品牌16,四号纸,线条,白色,48*10*5,1659,DQ75A,克里斯,收货,上架
GaOGLHeBl,黑色 品牌07 大号 游戏椅（头枕）,游戏椅,品牌07,大号,头枕,黑色,16*1*1,16,DV95B,简,收货,上架
CuRG90LoGr,灰色 品牌03 900 储物柜（储物锁柜）,储物柜,品牌03,900,储物锁柜,灰色,8*1*1,1,BR94G,约翰,收货,上架
PrPHA2AlMi,混合色 品牌12 二号纸 打印机（一体式）,打印机,品牌12,二号纸,一体式,混合色,16*1*1,2,CI41H,莎拉,收货,上架
AlYn1532Bl,黑色 品牌15 15英寸 一体机（32吉字节内存）,一体机,品牌15,15英寸,32吉字节内存,黑色,16*1*1,15,CP91G,大卫,收货,上架
AlYn1716Bl,黑色 品牌15 17英寸 一体机（16吉字节内存）,一体机,品牌15,17英寸,16吉字节内存,黑色,16*1*1,5,CR55G,亚历克斯,收货,上架
LaPH1732Bl,黑色 品牌12 17英寸 笔记本电脑（32吉字节内存）,笔记本电脑,品牌12,17英寸,32吉字节内存,黑色,16*1*1,11,CP36B,莎拉,收货,上架
GaSELErWh,白色 品牌08 大号 游戏椅（人体工学）,游戏椅,品牌08,大号,人体工学,白色,16*1*1,1,AJ74G,艾米丽,收货,上架
MoSu45ErWh,白色 品牌11 450 鼠标（人体工学）,鼠标,品牌11,450,人体工学,白色,16*10*1,33,BF05C,劳拉,收货,上架
CaTE12FiBl,黑色 品牌04 1200 文件柜（文件收纳）,文件柜,品牌04,1200,文件收纳,黑色,8*1*1,2,BR60D,约翰,收货,上架
DrQE90SlBl,黑色 品牌01 900 抽屉柜（滑动式）,抽屉柜,品牌01,900,滑动式,黑色,8*1*1,4,CZ17G,亚历克斯,收货,上架
TVYn42S4Gr,灰色 品牌15 42英寸 电视机（超级超高清）,电视机,品牌15,42英寸,超级超高清,灰色,8*1*1,5,CY83D,约翰,收货,上架
TVGL50FHSi,银色 品牌31 50英寸 电视机（全高清）,电视机,品牌31,50英寸,全高清,银色,8*1*1,8,AO71F,劳拉,收货,上架
TVEs50S4Si,银色 品牌32 50英寸 电视机（超级超高清）,电视机,品牌32,50英寸,超级超高清,银色,8*1*1,3,DM11H,简,收货,上架
CuTE18FiWh,白色 品牌04 1800 储物柜（文件收纳）,储物柜,品牌04,1800,文件收纳,白色,8*1*1,4,AK34F,莎拉,收货,上架
PrNoA2AlMi,混合色 品牌26 二号纸 打印机（一体式）,打印机,品牌26,二号纸,一体式,混合色,16*1*1,8,CG77B,莎拉,收货,上架
LaSu14i7Gr,灰色 品牌11 14英寸 笔记本电脑（第7代处理器）,笔记本电脑,品牌11,14英寸,第7代处理器,灰色,16*1*1,9,BR07D,克里斯,收货,上架
LaYn15i7Wh,白色 品牌15 15英寸 笔记本电脑（第7代处理器）,笔记本电脑,品牌15,15英寸,第7代处理器,白色,16*1*1,9,CZ22E,迈克,收货,上架
CaTE90SlWh,白色 品牌04 900 文件柜（滑动式）,文件柜,品牌04,900,滑动式,白色,8*1*1,5,CM30D,莎拉,收货,上架
CuRG18LoBl,黑色 品牌03 1800 储物柜（储物锁柜）,储物柜,品牌03,1800,储物锁柜,黑色,8*1*1,6,AR76E,大卫,收货,上架
CuQE90FiWh,白色 品牌01 900 储物柜（文件收纳）,储物柜,品牌01,900,文件收纳,白色,8*1*1,3,DN14G,艾米,收货,上架
DrQE12LoWh,白色 品牌01 1200 抽屉柜（储物锁柜）,抽屉柜,品牌01,1200,储物锁柜,白色,8*1*1,4,DG35F,艾米丽,收货,上架
TaAE10WoWh,白色 品牌05 1000 桌子（工作站）,桌子,品牌05,1000,工作站,白色,8*1*1,6,CO62D,亚历克斯,收货,上架
CuWE18SlGr,灰色 品牌02 1800 储物柜（滑动式）,储物柜,品牌02,1800,滑动式,灰色,8*1*1,2,CM79D,莎拉,收货,上架
AlOv1532Gr,灰色 品牌13 15英寸 一体机（32吉字节内存）,一体机,品牌13,15英寸,32吉字节内存,灰色,16*1*1,6,CV69F,莎拉,收货,上架
LaRe1516Gr,灰色 品牌14 15英寸 笔记本电脑（16吉字节内存）,笔记本电脑,品牌14,15英寸,16吉字节内存,灰色,16*1*1,13,CH91A,莎拉,收货,上架
PrSoA2WiMi,混合色 品牌25 二号纸 打印机（无线网络）,打印机,品牌25,二号纸,无线网络,混合色,16*1*1,7,BT58B,迈克,收货,上架
MoHc27ErBl,黑色 品牌09 270 鼠标（人体工学）,鼠标,品牌09,270,人体工学,黑色,16*10*1,38,CW15F,克里斯,收货,上架
LaPH1416Wh,白色 品牌12 14英寸 笔记本电脑（16吉字节内存）,笔记本电脑,品牌12,14英寸,16吉字节内存,白色,16*1*1,12,DI73A,亚历克斯,收货,上架
CuTE90FiWh,白色 品牌04 900 储物柜（文件收纳）,储物柜,品牌04,900,文件收纳,白色,8*1*1,6,AR62G,克里斯,收货,上架
PrSoA3LaBl,黑色 品牌25 三号纸 打印机（激光）,打印机,品牌25,三号纸,激光,黑色,16*1*1,11,CY50B,大卫,收货,上架
TaAE18WoWh,白色 品牌05 1800 桌子（工作站）,桌子,品牌05,1800,工作站,白色,8*1*1,1,DI15C,约翰,收货,上架
KeHc35BlWh,白色 品牌09 350 键盘（蓝牙）,键盘,品牌09,350,蓝牙,白色,16*10*1,140,AK20A,约翰,收货,上架
KeHc45MeNa,藏青色 品牌09 450 键盘（机械式）,键盘,品牌09,450,机械式,藏青色,16*10*1,146,AY26C,迈克,收货,上架
TVEs754KSi,银色 品牌32 75英寸 电视机（超高清）,电视机,品牌32,75英寸,超高清,银色,8*1*1,5,DZ68C,劳拉,收货,上架
LaSu15i7Si,银色 品牌11 15英寸 笔记本电脑（第7代处理器）,笔记本电脑,品牌11,15英寸,第7代处理器,银色,16*1*1,13,BS70G,简,收货,上架
TVYn65SFSi,银色 品牌15 65英寸 电视机（超级全高清）,电视机,品牌15,65英寸,超级全高清,银色,8*1*1,6,DK50B,克里斯,收货,上架
AlYn1716Si,银色 品牌15 17英寸 一体机（16吉字节内存）,一体机,品牌15,17英寸,16吉字节内存,银色,16*1*1,4,AR92A,艾米,收货,上架
TaTR10WoGr,灰色 品牌28 1000 桌子（工作站）,桌子,品牌28,1000,工作站,灰色,8*1*1,5,DQ95F,迈克,收货,上架
AlPH17i7Gr,灰色 品牌12 17英寸 一体机（第7代处理器）,一体机,品牌12,17英寸,第7代处理器,灰色,16*1*1,12,AO67E,艾米,收货,上架
CuQE18DoGr,灰色 品牌01 1800 储物柜（带门式）,储物柜,品牌01,1800,带门式,灰色,8*1*1,2,CV23G,艾米,收货,上架
MoPH27MeWh,白色 品牌12 270 鼠标（机械式）,鼠标,品牌12,270,机械式,白色,16*10*1,144,AU92D,大卫,收货,上架
SPGi50WaWh,白色 品牌21 50 触控笔（水彩）,触控笔,品牌21,50,水彩,白色,48*10*5,287,CV81B,艾米丽,收货,上架
TVGL754KSi,银色 品牌31 75英寸 电视机（超高清）,电视机,品牌31,75英寸,超高清,银色,8*1*1,2,DZ55G,克里斯,收货,上架
PrNoA2InWh,白色 品牌26 二号纸 打印机（喷墨）,打印机,品牌26,二号纸,喷墨,白色,16*1*1,4,AX18B,迈克,收货,上架
DrQE12DoBe,米色 品牌01 1200 抽屉柜（带门式）,抽屉柜,品牌01,1200,带门式,米色,8*1*1,7,BR77E,简,收货,上架
LaOv15i7Gr,灰色 品牌13 15英寸 笔记本电脑（第7代处理器）,笔记本电脑,品牌13,15英寸,第7代处理器,灰色,16*1*1,1,CI58E,劳拉,收货,上架
AlPH1516Gr,灰色 品牌12 15英寸 一体机（16吉字节内存）,一体机,品牌12,15英寸,16吉字节内存,灰色,16*1*1,4,DI58D,简,收货,上架
CuQE12DoWh,白色 品牌01 1200 储物柜（带门式）,储物柜,品牌01,1200,带门式,白色,8*1*1,7,CG29B,艾米丽,收货,上架
PrSoA2MoBl,黑色 品牌25 二号纸 打印机（黑白）,打印机,品牌25,二号纸,黑白,黑色,16*1*1,1,AU49B,大卫,收货,上架
CaWE90SlGr,灰色 品牌02 900 文件柜（滑动式）,文件柜,品牌02,900,滑动式,灰色,8*1*1,1,BP74A,劳拉,收货,上架
LaSu14i5Bl,黑色 品牌11 14英寸 笔记本电脑（第5代处理器）,笔记本电脑,品牌11,14英寸,第5代处理器,黑色,16*1*1,16,BK24E,简,收货,上架
PrSoA2MoGr,灰色 品牌25 二号纸 打印机（黑白）,打印机,品牌25,二号纸,黑白,灰色,16*1*1,4,DK85E,劳拉,收货,上架
PrReA2WiBl,黑色 品牌24 二号纸 打印机（无线网络）,打印机,品牌24,二号纸,无线网络,黑色,16*1*1,15,DM12B,约翰,收货,上架
TVGL50SFBl,黑色 品牌31 50英寸 电视机（超级全高清）,电视机,品牌31,50英寸,超级全高清,黑色,8*1*1,7,AO63H,莎拉,收货,上架
TaCI10AdGr,灰色 品牌27 1000 桌子（可调节）,桌子,品牌27,1000,可调节,灰色,8*1*1,6,BY97F,亚历克斯,收货,上架
CuTE18SlBl,黑色 品牌04 1800 储物柜（滑动式）,储物柜,品牌04,1800,滑动式,黑色,8*1*1,4,AV28E,劳拉,收货,上架
CuWE12FiGr,灰色 品牌02 1200 储物柜（文件收纳）,储物柜,品牌02,1200,文件收纳,灰色,8*1*1,2,AM01B,艾米丽,收货,上架
TVEs75FHBl,黑色 品牌32 75英寸 电视机（全高清）,电视机,品牌32,75英寸,全高清,黑色,8*1*1,2,AR62B,简,收货,上架
KeSu27WiNa,藏青色 品牌11 270 键盘（有线）,键盘,品牌11,270,有线,藏青色,16*10*1,132,DQ89C,艾米,收货,上架
NoGrA3doGr,灰色 品牌18 三号纸 笔记本（点阵）,笔记本,品牌18,三号纸,点阵,灰色,48*10*5,380,CL44C,简,收货,上架
TVGL50SFGr,灰色 品牌31 50英寸 电视机（超级全高清）,电视机,品牌31,50英寸,超级全高清,灰色,8*1*1,3,CJ07D,迈克,收货,上架
PrPHA2InWh,白色 品牌12 二号纸 打印机（喷墨）,打印机,品牌12,二号纸,喷墨,白色,16*1*1,10,AI16H,劳拉,收货,上架
TVGn754KBl,黑色 品牌30 75英寸 电视机（超高清）,电视机,品牌30,75英寸,超高清,黑色,8*1*1,4,CO61C,简,收货,上架
AlRe158GSi,银色 品牌14 15英寸 一体机（8吉字节内存）,一体机,品牌14,15英寸,8吉字节内存,银色,16*1*1,2,CO38E,劳拉,收货,上架
AlPH1732Si,银色 品牌12 17英寸 一体机（32吉字节内存）,一体机,品牌12,17英寸,32吉字节内存,银色,16*1*1,9,AL05E,劳拉,收货,上架
GaOGLLeBl,黑色 品牌07 大号 游戏椅（皮革）,游戏椅,品牌07,大号,皮革,黑色,16*1*1,14,CG94H,迈克,收货,上架
CaRG12SlWh,白色 品牌03 1200 文件柜（滑动式）,文件柜,品牌03,1200,滑动式,白色,8*1*1,4,BR85G,简,收货,上架
CaQE18FiBe,米色 品牌01 1800 文件柜（文件收纳）,文件柜,品牌01,1800,文件收纳,米色,8*1*1,7,CI63E,劳拉,收货,上架
SPNa50SoPi,粉色 品牌23 50 触控笔（可溶性）,触控笔,品牌23,50,可溶性,粉色,48*10*5,2167,BL71E,迈克,收货,上架
AlPH14i7Wh,白色 品牌12 14英寸 一体机（第7代处理器）,一体机,品牌12,14英寸,第7代处理器,白色,16*1*1,6,BL72D,简,收货,上架
CaQE12SlWh,白色 品牌01 1200 文件柜（滑动式）,文件柜,品牌01,1200,滑动式,白色,8*1*1,1,BT31G,莎拉,收货,上架
AlRe1716Bl,黑色 品牌14 17英寸 一体机（16吉字节内存）,一体机,品牌14,17英寸,16吉字节内存,黑色,16*1*1,5,DQ21D,亚历克斯,收货,上架
PrSoA2LaWh,白色 品牌25 二号纸 打印机（激光）,打印机,品牌25,二号纸,激光,白色,16*1*1,6,AK36A,艾米丽,收货,上架
CuRG18DoWh,白色 品牌03 1800 储物柜（带门式）,储物柜,品牌03,1800,带门式,白色,8*1*1,8,CJ89G,大卫,收货,上架
OfOGMAdPi,粉色 品牌07 中号 办公椅（可调节）,办公椅,品牌07,中号,可调节,粉色,16*1*1,1,BZ26H,简,收货,上架
AlOv15i7Bl,黑色 品牌13 15英寸 一体机（第7代处理器）,一体机,品牌13,15英寸,第7代处理器,黑色,16*1*1,11,BK19C,艾米,收货,上架
LaOv1416Bl,黑色 品牌13 14英寸 笔记本电脑（16吉字节内存）,笔记本电脑,品牌13,14英寸,16吉字节内存,黑色,16*1*1,7,DP54C,克里斯,收货,上架
OfAESErPi,粉色 品牌05 小号 办公椅（人体工学）,办公椅,品牌05,小号,人体工学,粉色,16*1*1,16,AR84B,艾米丽,收货,上架
PrPHA3InWh,白色 品牌12 三号纸 打印机（喷墨）,打印机,品牌12,三号纸,喷墨,白色,16*1*1,15,BY31H,莎拉,收货,上架
LaYn17i5Si,银色 品牌15 17英寸 笔记本电脑（第5代处理器）,笔记本电脑,品牌15,17英寸,第5代处理器,银色,16*1*1,9,AF21F,劳拉,收货,上架
OfXESHePi,粉色 品牌06 小号 办公椅（头枕）,办公椅,品牌06,小号,头枕,粉色,16*1*1,1,BU41E,艾米,收货,上架
CuTE12SlGr,灰色 品牌04 1200 储物柜（滑动式）,储物柜,品牌04,1200,滑动式,灰色,8*1*1,4,DL33F,约翰,收货,上架
CaQE90SlWh,白色 品牌01 900 文件柜（滑动式）,文件柜,品牌01,900,滑动式,白色,8*1*1,1,BW38F,艾米,收货,上架
LaOv148GSi,银色 品牌13 14英寸 笔记本电脑（8吉字节内存）,笔记本电脑,品牌13,14英寸,8吉字节内存,银色,16*1*1,16,BF57B,大卫,收货,上架
MoHc35MeBl,黑色 品牌09 350 鼠标（机械式）,鼠标,品牌09,350,机械式,黑色,16*10*1,139,BP20A,艾米,收货,上架
GaXESHeGr,灰色 品牌06 小号 游戏椅（头枕）,游戏椅,品牌06,小号,头枕,灰色,16*1*1,6,BP33G,约翰,收货,上架
NoExA5liGr,灰色 品牌16 五号纸 笔记本（线条）,笔记本,品牌16,五号纸,线条,灰色,48*10*5,532,CS64F,莎拉,收货,上架
SPAl24WaWh,白色 品牌20 24 触控笔（水彩）,触控笔,品牌20,24,水彩,白色,48*10*5,367,DN03E,简,收货,上架
OfXELLeGr,灰色 品牌06 大号 办公椅（皮革）,办公椅,品牌06,大号,皮革,灰色,16*1*1,15,AV98E,艾米丽,收货,上架
GaOGMHeWh,白色 品牌07 中号 游戏椅（头枕）,游戏椅,品牌07,中号,头枕,白色,16*1*1,11,CU90F,亚历克斯,收货,上架
TVYn65S4Si,银色 品牌15 65英寸 电视机（超级超高清）,电视机,品牌15,65英寸,超级超高清,银色,8*1*1,3,AZ44F,约翰,收货,上架
DrWE12FiGr,灰色 品牌02 1200 抽屉柜（文件收纳）,抽屉柜,品牌02,1200,文件收纳,灰色,8*1*1,1,BN36B,约翰,收货,上架
GaXEMLePi,粉色 品牌06 中号 游戏椅（皮革）,游戏椅,品牌06,中号,皮革,粉色,16*1*1,1,DL02C,莎拉,收货,上架
GaXEMHeGr,灰色 品牌06 中号 游戏椅（头枕）,游戏椅,品牌06,中号,头枕,灰色,16*1*1,4,DR11C,克里斯,收货,上架
TVGL42S4Si,银色 品牌31 42英寸 电视机（超级超高清）,电视机,品牌31,42英寸,超级超高清,银色,8*1*1,7,BQ31A,大卫,收货,上架
TVGn754KSi,银色 品牌30 75英寸 电视机（超高清）,电视机,品牌30,75英寸,超高清,银色,8*1*1,6,DO64H,艾米丽,收货,上架
PeRe24WaWh,白色 品牌22 24 铅笔（水彩）,铅笔,品牌22,24,水彩,白色,48*10*5,1744,AL59B,亚历克斯,收货,上架
TVEs65S4Si,银色 品牌32 65英寸 电视机（超级超高清）,电视机,品牌32,65英寸,超级超高清,银色,8*1*1,7,AO27A,亚历克斯,收货,上架
KeRe35WiPi,粉色 品牌10 350 键盘（有线）,键盘,品牌10,350,有线,粉色,16*10*1,107,AS46A,简,收货,上架
GaXELHeBl,黑色 品牌06 大号 游戏椅（头枕）,游戏椅,品牌06,大号,头枕,黑色,16*1*1,15,BR59G,简,收货,上架
CuWE18SlBl,黑色 品牌02 1800 储物柜（滑动式）,储物柜,品牌02,1800,滑动式,黑色,8*1*1,1,DU82F,克里斯,收货,上架
KeRe45WiBl,黑色 品牌10 450 键盘（有线）,键盘,品牌10,450,有线,黑色,16*10*1,72,CW75A,莎拉,收货,上架
PeNa24SoBl,黑色 品牌23 24 铅笔（可溶性）,铅笔,品牌23,24,可溶性,黑色,48*10*5,1126,CV88D,大卫,收货,上架
TaAE10AuGr,灰色 品牌05 1000 桌子（自动调节）,桌子,品牌05,1000,自动调节,灰色,8*1*1,7,DL98D,艾米丽,收货,上架
LaPH158GWh,白色 品牌12 15英寸 笔记本电脑（8吉字节内存）,笔记本电脑,品牌12,15英寸,8吉字节内存,白色,16*1*1,2,CO44A,约翰,收货,上架
AlSu1716Gr,灰色 品牌11 17英寸 一体机（16吉字节内存）,一体机,品牌11,17英寸,16吉字节内存,灰色,16*1*1,16,CN30H,克里斯,收货,上架
GaOGSHeWh,白色 品牌07 小号 游戏椅（头枕）,游戏椅,品牌07,小号,头枕,白色,16*1*1,2,BK38H,约翰,收货,上架
TaTR10AdWh,白色 品牌28 1000 桌子（可调节）,桌子,品牌28,1000,可调节,白色,8*1*1,2,BQ49D,约翰,收货,上架
AlOv1532Si,银色 品牌13 15英寸 一体机（32吉字节内存）,一体机,品牌13,15英寸,32吉字节内存,银色,16*1*1,9,BW34H,迈克,收货,上架
TaAE15FrSi,银色 品牌05 1500 桌子（框架式）,桌子,品牌05,1500,框架式,银色,8*1*1,6,DJ28D,艾米丽,收货,上架
DrWE18DoBe,米色 品牌02 1800 抽屉柜（带门式）,抽屉柜,品牌02,1800,带门式,米色,8*1*1,1,BO96A,约翰,收货,上架
TVGL65S4Gr,灰色 品牌31 65英寸 电视机（超级超高清）,电视机,品牌31,65英寸,超级超高清,灰色,8*1*1,2,DR86A,大卫,收货,上架
TaTR18AuWh,白色 品牌28 1800 桌子（自动调节）,桌子,品牌28,1800,自动调节,白色,8*1*1,2,CR07A,艾米丽,收货,上架
KeHc35BlNa,藏青色 品牌09 350 键盘（蓝牙）,键盘,品牌09,350,蓝牙,藏青色,16*10*1,21,DK36G,劳拉,收货,上架
KeRe27WiBl,黑色 品牌10 270 键盘（有线）,键盘,品牌10,270,有线,黑色,16*10*1,46,DG35F,大卫,收货,上架
DrRG90FiGr,灰色 品牌03 900 抽屉柜（文件收纳）,抽屉柜,品牌03,900,文件收纳,灰色,8*1*1,7,DK48C,莎拉,收货,上架
OfXELAdPi,粉色 品牌06 大号 办公椅（可调节）,办公椅,品牌06,大号,可调节,粉色,16*1*1,15,AO70F,大卫,收货,上架
DrWE90FiBe,米色 品牌02 900 抽屉柜（文件收纳）,抽屉柜,品牌02,900,文件收纳,米色,8*1*1,5,DH86F,艾米丽,收货,上架
TVGL50SFWh,白色 品牌31 50英寸 电视机（超级全高清）,电视机,品牌31,50英寸,超级全高清,白色,8*1*1,4,BS57F,亚历克斯,收货,上架
MoPH27MeNa,藏青色 品牌12 270 鼠标（机械式）,鼠标,品牌12,270,机械式,藏青色,16*10*1,19,DL76G,大卫,收货,上架
KeSu45WiWh,白色 品牌11 450 键盘（有线）,键盘,品牌11,450,有线,白色,16*10*1,135,CN74D,大卫,收货,上架
AlYn148GGr,灰色 品牌15 14英寸 一体机（8吉字节内存）,一体机,品牌15,14英寸,8吉字节内存,灰色,16*1*1,15,CY58H,迈克,收货,上架
PeRe12SoBl,黑色 品牌22 12 铅笔（可溶性）,铅笔,品牌22,12,可溶性,黑色,48*10*5,1018,BY50B,迈克,收货,上架
PrNoA2AlBl,黑色 品牌26 二号纸 打印机（一体式）,打印机,品牌26,二号纸,一体式,黑色,16*1*1,10,CG43F,艾米丽,收货,上架
CuRG90SlWh,白色 品牌03 900 储物柜（滑动式）,储物柜,品牌03,900,滑动式,白色,8*1*1,1,DO86C,劳拉,收货,上架
AlRe14i5Si,银色 品牌14 14英寸 一体机（第5代处理器）,一体机,品牌14,14英寸,第5代处理器,银色,16*1*1,9,BG44C,艾米,收货,上架
MoSu35MeWh,白色 品牌11 350 鼠标（机械式）,鼠标,品牌11,350,机械式,白色,16*10*1,26,AO61E,莎拉,收货,上架
CuWE90SlBe,米色 品牌02 900 储物柜（滑动式）,储物柜,品牌02,900,滑动式,米色,8*1*1,5,CH49H,克里斯,收货,上架
OfOGMLePi,粉色 品牌07 中号 办公椅（皮革）,办公椅,品牌07,中号,皮革,粉色,16*1*1,15,CT45H,克里斯,收货,上架
CuWE90LoBe,米色 品牌02 900 储物柜（储物锁柜）,储物柜,品牌02,900,储物锁柜,米色,8*1*1,4,AY27E,克里斯,收货,上架
PeNa50HeGr,灰色 品牌23 50 铅笔（六角形）,铅笔,品牌23,50,六角形,灰色,48*10*5,2213,BH38E,大卫,收货,上架
LaYn17i5Wh,白色 品牌15 17英寸 笔记本电脑（第5代处理器）,笔记本电脑,品牌15,17英寸,第5代处理器,白色,16*1*1,14,DY75C,艾米,收货,上架
KeSu27MeBl,黑色 品牌11 270 键盘（机械式）,键盘,品牌11,270,机械式,黑色,16*10*1,27,BS35A,亚历克斯,收货,上架
PeGi50WaPi,粉色 品牌21 50 铅笔（水彩）,铅笔,品牌21,50,水彩,粉色,48*10*5,1415,DW84E,亚历克斯,收货,上架
PrReA4WiBl,黑色 品牌24 四号纸 打印机（无线网络）,打印机,品牌24,四号纸,无线网络,黑色,16*1*1,12,DZ04B,艾米,收货,上架
GaAELLeWh,白色 品牌05 大号 游戏椅（皮革）,游戏椅,品牌05,大号,皮革,白色,16*1*1,4,DM20F,亚历克斯,收货,上架
MoSu35ErPi,粉色 品牌11 350 鼠标（人体工学）,鼠标,品牌11,350,人体工学,粉色,16*10*1,124,BN85C,艾米,收货,上架
AlRe17i5Bl,黑色 品牌14 17英寸 一体机（第5代处理器）,一体机,品牌14,17英寸,第5代处理器,黑色,16*1*1,2,BF05C,莎拉,收货,上架
TaAE15AdWh,白色 品牌05 1500 桌子（可调节）,桌子,品牌05,1500,可调节,白色,8*1*1,1,BP16A,迈克,收货,上架
SPNa50HeBl,黑色 品牌23 50 触控笔（六角形）,触控笔,品牌23,50,六角形,黑色,48*10*5,1811,BT80F,亚历克斯,收货,上架
AlRe178GWh,白色 品牌14 17英寸 一体机（8吉字节内存）,一体机,品牌14,17英寸,8吉字节内存,白色,16*1*1,14,CF37C,克里斯,收货,上架
TaTR18AuWh,白色 品牌28 1800 桌子（自动调节）,桌子,品牌28,1800,自动调节,白色,8*1*1,6,AX18A,大卫,收货,上架
CaRG90DoWh,白色 品牌03 900 文件柜（带门式）,文件柜,品牌03,900,带门式,白色,8*1*1,8,BJ22B,简,收货,上架
GaSESAdBl,黑色 品牌08 小号 游戏椅（可调节）,游戏椅,品牌08,小号,可调节,黑色,16*1*1,3,BY91F,克里斯,收货,上架
NoGrA4ruGr,灰色 品牌18 四号纸 笔记本（横线）,笔记本,品牌18,四号纸,横线,灰色,48*10*5,1619,BN44E,劳拉,收货,上架
GaOGSHePi,粉色 品牌07 小号 游戏椅（头枕）,游戏椅,品牌07,小号,头枕,粉色,16*1*1,11,BL54D,克里斯,收货,上架
TaTR18WoGr,灰色 品牌28 1800 桌子（工作站）,桌子,品牌28,1800,工作站,灰色,8*1*1,6,AW64G,简,收货,上架
PeRe12WaWh,白色 品牌22 12 铅笔（水彩）,铅笔,品牌22,12,水彩,白色,48*10*5,1797,CJ75E,艾米,收货,上架
SPAl12HeGr,灰色 品牌20 12 触控笔（六角形）,触控笔,品牌20,12,六角形,灰色,48*10*5,1670,DS52B,大卫,收货,上架
OfOGLErWh,白色 品牌07 大号 办公椅（人体工学）,办公椅,品牌07,大号,人体工学,白色,16*1*1,5,BW37C,艾米,收货,上架
SPRe12WaPi,粉色 品牌22 12 触控笔（水彩）,触控笔,品牌22,12,水彩,粉色,48*10*5,1995,AI67B,莎拉,收货,上架
SPAl50SoPi,粉色 品牌20 50 触控笔（可溶性）,触控笔,品牌20,50,可溶性,粉色,48*10*5,327,AV92H,亚历克斯,收货,上架
TVYn65FHSi,银色 品牌15 65英寸 电视机（全高清）,电视机,品牌15,65英寸,全高清,银色,8*1*1,5,CQ73F,艾米,收货,上架
KeHc27WiBl,黑色 品牌09 270 键盘（有线）,键盘,品牌09,270,有线,黑色,16*10*1,148,AJ86H,约翰,收货,上架
TaCI18AuBl,黑色 品牌27 1800 桌子（自动调节）,桌子,品牌27,1800,自动调节,黑色,8*1*1,4,AK97H,艾米丽,收货,上架
OfSELLeBl,黑色 品牌08 大号 办公椅（皮革）,办公椅,品牌08,大号,皮革,黑色,16*1*1,4,BS11H,亚历克斯,收货,上架
PrReA4WiWh,白色 品牌24 四号纸 打印机（无线网络）,打印机,品牌24,四号纸,无线网络,白色,16*1*1,9,AF68H,莎拉,收货,上架
TaTR15AdWh,白色 品牌29 1500 桌子（可调节）,桌子,品牌29,1500,可调节,白色,8*1*1,8,CO94G,艾米丽,收货,上架
DrWE12DoWh,白色 品牌02 1200 抽屉柜（带门式）,抽屉柜,品牌02,1200,带门式,白色,8*1*1,5,DF33F,劳拉,收货,上架
AlPH17i5Wh,白色 品牌12 17英寸 一体机（第5代处理器）,一体机,品牌12,17英寸,第5代处理器,白色,16*1*1,11,AL49B,亚历克斯,收货,上架
KeHc27ErNa,藏青色 品牌09 270 键盘（人体工学）,键盘,品牌09,270,人体工学,藏青色,16*10*1,27,BX14D,劳拉,收货,上架
CuRG12DoWh,白色 品牌03 1200 储物柜（带门式）,储物柜,品牌03,1200,带门式,白色,8*1*1,6,DQ81A,大卫,收货,上架
TaTR10AuSi,银色 品牌28 1000 桌子（自动调节）,桌子,品牌28,1000,自动调节,银色,8*1*1,1,CS08F,劳拉,收货,上架
DrQE12DoWh,白色 品牌01 1200 抽屉柜（带门式）,抽屉柜,品牌01,1200,带门式,白色,8*1*1,7,DN59E,莎拉,收货,上架
KeHc45MePi,粉色 品牌09 450 键盘（机械式）,键盘,品牌09,450,机械式,粉色,16*10*1,108,DL64G,克里斯,收货,上架
GaAEMErPi,粉色 品牌05 中号 游戏椅（人体工学）,游戏椅,品牌05,中号,人体工学,粉色,16*1*1,4,AV29C,莎拉,收货,上架
OfXESHeGr,灰色 品牌06 小号 办公椅（头枕）,办公椅,品牌06,小号,头枕,灰色,16*1*1,7,DO02C,简,收货,上架
KeHc35WiNa,藏青色 品牌09 350 键盘（有线）,键盘,品牌09,350,有线,藏青色,16*10*1,45,CL93B,简,收货,上架
TVGL32FHWh,白色 品牌31 32英寸 电视机（全高清）,电视机,品牌31,32英寸,全高清,白色,8*1*1,1,DZ35F,劳拉,收货,上架
DrWE12FiGr,灰色 品牌02 1200 抽屉柜（文件收纳）,抽屉柜,品牌02,1200,文件收纳,灰色,8*1*1,8,BI92E,劳拉,收货,上架
DrTE90SlWh,白色 品牌04 900 抽屉柜（滑动式）,抽屉柜,品牌04,900,滑动式,白色,8*1*1,2,AI18H,莎拉,收货,上架
SPRe50WaGr,灰色 品牌22 50 触控笔（水彩）,触控笔,品牌22,50,水彩,灰色,48*10*5,1109,CJ66G,迈克,收货,上架
PeAl50SoBl,黑色 品牌20 50 铅笔（可溶性）,铅笔,品牌20,50,可溶性,黑色,48*10*5,695,CH51C,艾米,收货,上架
OfXESHeBl,黑色 品牌06 小号 办公椅（头枕）,办公椅,品牌06,小号,头枕,黑色,16*1*1,12,AN14B,艾米,收货,上架
MoHc45WiPi,粉色 品牌09 450 鼠标（有线）,鼠标,品牌09,450,有线,粉色,16*10*1,50,DX19G,大卫,收货,上架
AlSu158GGr,灰色 品牌11 15英寸 一体机（8吉字节内存）,一体机,品牌11,15英寸,8吉字节内存,灰色,16*1*1,1,AK76G,克里斯,收货,上架
AlYn1416Bl,黑色 品牌15 14英寸 一体机（16吉字节内存）,一体机,品牌15,14英寸,16吉字节内存,黑色,16*1*1,8,AT90B,艾米,收货,上架
CaWE90FiBe,米色 品牌02 900 文件柜（文件收纳）,文件柜,品牌02,900,文件收纳,米色,8*1*1,7,AU10F,迈克,收货,上架
SPRe12WaPi,粉色 品牌22 12 触控笔（水彩）,触控笔,品牌22,12,水彩,粉色,48*10*5,913,CY09B,莎拉,收货,上架
PrNoA4MoMi,混合色 品牌26 四号纸 打印机（黑白）,打印机,品牌26,四号纸,黑白,混合色,16*1*1,14,AI83F,艾米,收货,上架
GaAESLePi,粉色 品牌05 小号 游戏椅（皮革）,游戏椅,品牌05,小号,皮革,粉色,16*1*1,9,BV67D,莎拉,收货,上架
PrSoA3InGr,灰色 品牌25 三号纸 打印机（喷墨）,打印机,品牌25,三号纸,喷墨,灰色,16*1*1,3,BP80D,迈克,收货,上架
CaTE90FiBl,黑色 品牌04 900 文件柜（文件收纳）,文件柜,品牌04,900,文件收纳,黑色,8*1*1,2,AF65B,迈克,收货,上架
KeHc27MeWh,白色 品牌09 270 键盘（机械式）,键盘,品牌09,270,机械式,白色,16*10*1,72,DT59D,简,收货,上架
GaXESErPi,粉色 品牌06 小号 游戏椅（人体工学）,游戏椅,品牌06,小号,人体工学,粉色,16*1*1,5,BP70E,莎拉,收货,上架
LaYn1532Wh,白色 品牌15 15英寸 笔记本电脑（32吉字节内存）,笔记本电脑,品牌15,15英寸,32吉字节内存,白色,16*1*1,4,CL15A,亚历克斯,收货,上架
CaRG18SlGr,灰色 品牌03 1800 文件柜（滑动式）,文件柜,品牌03,1800,滑动式,灰色,8*1*1,5,BW72F,大卫,收货,上架
TVGL654KWh,白色 品牌31 65英寸 电视机（超高清）,电视机,品牌31,65英寸,超高清,白色,8*1*1,3,AV21A,艾米,收货,上架
OfOGLAdWh,白色 品牌07 大号 办公椅（可调节）,办公椅,品牌07,大号,可调节,白色,16*1*1,11,DI16B,艾米,收货,上架
GaOGMHeGr,灰色 品牌07 中号 游戏椅（头枕）,游戏椅,品牌07,中号,头枕,灰色,16*1*1,1,DT60C,简,收货,上架
SPRe50HeBl,黑色 品牌22 50 触控笔（六角形）,触控笔,品牌22,50,六角形,黑色,48*10*5,1663,DF18C,劳拉,收货,上架
OfOGLErPi,粉色 品牌07 大号 办公椅（人体工学）,办公椅,品牌07,大号,人体工学,粉色,16*1*1,10,DU29F,艾米,收货,上架
LaOv1732Gr,灰色 品牌13 17英寸 笔记本电脑（32吉字节内存）,笔记本电脑,品牌13,17英寸,32吉字节内存,灰色,16*1*1,15,DQ64C,克里斯,收货,上架
CaTE12SlBl,黑色 品牌04 1200 文件柜（滑动式）,文件柜,品牌04,1200,滑动式,黑色,8*1*1,7,AY23C,劳拉,收货,上架
TaAE18FrSi,银色 品牌05 1800 桌子（框架式）,桌子,品牌05,1800,框架式,银色,8*1*1,8,CJ91G,简,收货,上架
OfOGLAdBl,黑色 品牌07 大号 办公椅（可调节）,办公椅,品牌07,大号,可调节,黑色,16*1*1,14,DR46F,艾米丽,收货,上架
CuTE12SlWh,白色 品牌04 1200 储物柜（滑动式）,储物柜,品牌04,1200,滑动式,白色,8*1*1,7,DL20D,大卫,收货,上架
TaTR18AdSi,银色 品牌29 1800 桌子（可调节）,桌子,品牌29,1800,可调节,银色,8*1*1,2,AJ43D,克里斯,收货,上架
CuQE90SlWh,白色 品牌01 900 储物柜（滑动式）,储物柜,品牌01,900,滑动式,白色,8*1*1,3,AP59C,艾米,收货,上架
SPRe24SoPi,粉色 品牌22 24 触控笔（可溶性）,触控笔,品牌22,24,可溶性,粉色,48*10*5,1148,DP94B,艾米,收货,上架
AlRe1432Gr,灰色 品牌14 14英寸 一体机（32吉字节内存）,一体机,品牌14,14英寸,32吉字节内存,灰色,16*1*1,8,BS18A,大卫,收货,上架
CuWE18LoGr,灰色 品牌02 1800 储物柜（储物锁柜）,储物柜,品牌02,1800,储物锁柜,灰色,8*1*1,6,DM80D,艾米丽,收货,上架
LaRe15i7Gr,灰色 品牌14 15英寸 笔记本电脑（第7代处理器）,笔记本电脑,品牌14,15英寸,第7代处理器,灰色,16*1*1,16,DY03H,简,收货,上架
MoPH27WiBl,黑色 品牌12 270 鼠标（有线）,鼠标,品牌12,270,有线,黑色,16*10*1,137,BU36C,莎拉,收货,上架
CaQE90LoWh,白色 品牌01 900 文件柜（储物锁柜）,文件柜,品牌01,900,储物锁柜,白色,8*1*1,5,CP92A,克里斯,收货,上架
TaCI10FrBl,黑色 品牌27 1000 桌子（框架式）,桌子,品牌27,1000,框架式,黑色,8*1*1,1,DP29H,大卫,收货,上架
SPGi24SoBl,黑色 品牌21 24 触控笔（可溶性）,触控笔,品牌21,24,可溶性,黑色,48*10*5,328,BP20E,克里斯,收货,上架
AlSu14i7Wh,白色 品牌11 14英寸 一体机（第7代处理器）,一体机,品牌11,14英寸,第7代处理器,白色,16*1*1,5,DQ81E,克里斯,收货,上架
SPRe12HeBl,黑色 品牌22 12 触控笔（六角形）,触控笔,品牌22,12,六角形,黑色,48*10*5,2231,AY32H,大卫,收货,上架
PeAl12HeGr,灰色 品牌20 12 铅笔（六角形）,铅笔,品牌20,12,六角形,灰色,48*10*5,1569,BJ11G,劳拉,收货,上架
MoRe27WiNa,藏青色 品牌10 270 鼠标（有线）,鼠标,品牌10,270,有线,藏青色,16*10*1,45,CF43E,大卫,收货,上架
OfSEMHePi,粉色 品牌08 中号 办公椅（头枕）,办公椅,品牌08,中号,头枕,粉色,16*1*1,14,AP02D,艾米丽,收货,上架
NoGrA4ruBl,黑色 品牌18 四号纸 笔记本（横线）,笔记本,品牌18,四号纸,横线,黑色,48*10*5,53,CG72D,简,收货,上架
MoHc35MeWh,白色 品牌09 350 鼠标（机械式）,鼠标,品牌09,350,机械式,白色,16*10*1,42,CR73E,艾米丽,收货,上架
NoScA4ruBl,黑色 品牌17 四号纸 笔记本（横线）,笔记本,品牌17,四号纸,横线,黑色,48*10*5,74,CP78D,劳拉,收货,上架
CuRG12LoGr,灰色 品牌03 1200 储物柜（储物锁柜）,储物柜,品牌03,1200,储物锁柜,灰色,8*1*1,5,AG50F,艾米,收货,上架
PeAl24WaBl,黑色 品牌20 24 铅笔（水彩）,铅笔,品牌20,24,水彩,黑色,48*10*5,2094,DT08C,亚历克斯,收货,上架
PeGi50HePi,粉色 品牌21 50 铅笔（六角形）,铅笔,品牌21,50,六角形,粉色,48*10*5,523,DY56C,大卫,收货,上架
GaAEMAdWh,白色 品牌05 中号 游戏椅（可调节）,游戏椅,品牌05,中号,可调节,白色,16*1*1,2,DR05G,简,收货,上架
AlSu148GBl,黑色 品牌11 14英寸 一体机（8吉字节内存）,一体机,品牌11,14英寸,8吉字节内存,黑色,16*1*1,10,DK36B,简,收货,上架
TVGL65S4Wh,白色 品牌31 65英寸 电视机（超级超高清）,电视机,品牌31,65英寸,超级超高清,白色,8*1*1,4,AX50F,简,收货,上架
LaYn1416Bl,黑色 品牌15 14英寸 笔记本电脑（16吉字节内存）,笔记本电脑,品牌15,14英寸,16吉字节内存,黑色,16*1*1,1,BO75C,艾米,收货,上架
NoMuA4doWh,白色 品牌19 四号纸 笔记本（点阵）,笔记本,品牌19,四号纸,点阵,白色,48*10*5,771,BO88G,克里斯,收货,上架
GaSESAdWh,白色 品牌08 小号 游戏椅（可调节）,游戏椅,品牌08,小号,可调节,白色,16*1*1,10,AS03G,简,收货,上架
TVEs424KGr,灰色 品牌32 42英寸 电视机（超高清）,电视机,品牌32,42英寸,超高清,灰色,8*1*1,3,CX64C,大卫,收货,上架
SPRe50SoPi,粉色 品牌22 50 触控笔（可溶性）,触控笔,品牌22,50,可溶性,粉色,48*10*5,1138,CR25C,莎拉,收货,上架
CuTE18FiGr,灰色 品牌04 1800 储物柜（文件收纳）,储物柜,品牌04,1800,文件收纳,灰色,8*1*1,7,DL42G,大卫,收货,上架
OfSELHeWh,白色 品牌08 大号 办公椅（头枕）,办公椅,品牌08,大号,头枕,白色,16*1*1,3,DR21F,克里斯,收货,上架
GaXEMAdWh,白色 品牌06 中号 游戏椅（可调节）,游戏椅,品牌06,中号,可调节,白色,16*1*1,12,AS48B,大卫,收货,上架
TVYn754KSi,银色 品牌15 75英寸 电视机（超高清）,电视机,品牌15,75英寸,超高清,银色,8*1*1,8,AI50G,迈克,收货,上架
GaOGSErGr,灰色 品牌07 小号 游戏椅（人体工学）,游戏椅,品牌07,小号,人体工学,灰色,16*1*1,15,CF25G,简,收货,上架
PrReA2WiWh,白色 品牌24 二号纸 打印机（无线网络）,打印机,品牌24,二号纸,无线网络,白色,16*1*1,12,DP79A,简,收货,上架
LaYn158GSi,银色 品牌15 15英寸 笔记本电脑（8吉字节内存）,笔记本电脑,品牌15,15英寸,8吉字节内存,银色,16*1*1,9,BG62E,大卫,收货,上架
CaRG18SlGr,灰色 品牌03 1800 文件柜（滑动式）,文件柜,品牌03,1800,滑动式,灰色,8*1*1,5,AW28A,约翰,收货,上架
PrReA3AlWh,白色 品牌24 三号纸 打印机（一体式）,打印机,品牌24,三号纸,一体式,白色,16*1*1,16,BJ78B,艾米,收货,上架
NoGrA5doGr,灰色 品牌18 五号纸 笔记本（点阵）,笔记本,品牌18,五号纸,点阵,灰色,48*10*5,659,AY06E,大卫,收货,上架
DrRG12SlWh,白色 品牌03 1200 抽屉柜（滑动式）,抽屉柜,品牌03,1200,滑动式,白色,8*1*1,2,AS34D,迈克,收货,上架
LaYn1416Gr,灰色 品牌15 14英寸 笔记本电脑（16吉字节内存）,笔记本电脑,品牌15,14英寸,16吉字节内存,灰色,16*1*1,10,CV39H,简,收货,上架
AlYn15i7Bl,黑色 品牌15 15英寸 一体机（第7代处理器）,一体机,品牌15,15英寸,第7代处理器,黑色,16*1*1,15,BP30B,迈克,收货,上架
GaOGSErWh,白色 品牌07 小号 游戏椅（人体工学）,游戏椅,品牌07,小号,人体工学,白色,16*1*1,3,AL49B,迈克,收货,上架
TVGL75SFGr,灰色 品牌31 75英寸 电视机（超级全高清）,电视机,品牌31,75英寸,超级全高清,灰色,8*1*1,7,CU80G,劳拉,收货,上架
PrSoA4MoBl,黑色 品牌25 四号纸 打印机（黑白）,打印机,品牌25,四号纸,黑白,黑色,16*1*1,2,BL24D,艾米,收货,上架
NoGrA4doGr,灰色 品牌18 四号纸 笔记本（点阵）,笔记本,品牌18,四号纸,点阵,灰色,48*10*5,2037,CQ80C,艾米丽,收货,上架
DrQE18FiBe,米色 品牌01 1800 抽屉柜（文件收纳）,抽屉柜,品牌01,1800,文件收纳,米色,8*1*1,7,CG43H,约翰,收货,上架
DrWE18SlWh,白色 品牌02 1800 抽屉柜（滑动式）,抽屉柜,品牌02,1800,滑动式,白色,8*1*1,1,AS74F,艾米,收货,上架
TVYn65SFSi,银色 品牌15 65英寸 电视机（超级全高清）,电视机,品牌15,65英寸,超级全高清,银色,8*1*1,2,AK87B,迈克,收货,上架
CaTE90LoBe,米色 品牌04 900 文件柜（储物锁柜）,文件柜,品牌04,900,储物锁柜,米色,8*1*1,1,CY44D,亚历克斯,收货,上架
KePH45MeNa,藏青色 品牌12 450 键盘（机械式）,键盘,品牌12,450,机械式,藏青色,16*10*1,103,DY03E,劳拉,收货,上架
LaYn1532Si,银色 品牌15 15英寸 笔记本电脑（32吉字节内存）,笔记本电脑,品牌15,15英寸,32吉字节内存,银色,16*1*1,12,CM72E,莎拉,收货,上架
TaCI18FrSi,银色 品牌27 1800 桌子（框架式）,桌子,品牌27,1800,框架式,银色,8*1*1,5,DM70C,简,收货,上架
AlRe17i7Gr,灰色 品牌14 17英寸 一体机（第7代处理器）,一体机,品牌14,17英寸,第7代处理器,灰色,16*1*1,3,BY35H,艾米丽,收货,上架
LaYn14i5Gr,灰色 品牌15 14英寸 笔记本电脑（第5代处理器）,笔记本电脑,品牌15,14英寸,第5代处理器,灰色,16*1*1,9,AK14A,简,收货,上架
TaAE10AdWh,白色 品牌05 1000 桌子（可调节）,桌子,品牌05,1000,可调节,白色,8*1*1,1,BW01G,约翰,收货,上架
LaSu1516Bl,黑色 品牌11 15英寸 笔记本电脑（16吉字节内存）,笔记本电脑,品牌11,15英寸,16吉字节内存,黑色,16*1*1,2,BX01E,莎拉,收货,上架
TVEs654KWh,白色 品牌32 65英寸 电视机（超高清）,电视机,品牌32,65英寸,超高清,白色,8*1*1,5,DP68G,简,收货,上架
CaRG90LoWh,白色 品牌03 900 文件柜（储物锁柜）,文件柜,品牌03,900,储物锁柜,白色,8*1*1,6,AV15G,大卫,收货,上架
OfXELAdPi,粉色 品牌06 大号 办公椅（可调节）,办公椅,品牌06,大号,可调节,粉色,16*1*1,4,BT67H,约翰,收货,上架
LaRe14i7Gr,灰色 品牌14 14英寸 笔记本电脑（第7代处理器）,笔记本电脑,品牌14,14英寸,第7代处理器,灰色,16*1*1,3,DN67H,艾米丽,收货,上架
PeGi24SoGr,灰色 品牌21 24 铅笔（可溶性）,铅笔,品牌21,24,可溶性,灰色,48*10*5,2395,BI54H,亚历克斯,收货,上架
LaRe1732Wh,白色 品牌14 17英寸 笔记本电脑（32吉字节内存）,笔记本电脑,品牌14,17英寸,32吉字节内存,白色,16*1*1,6,AY83C,简,收货,上架
AlOv1416Gr,灰色 品牌13 14英寸 一体机（16吉字节内存）,一体机,品牌13,14英寸,16吉字节内存,灰色,16*1*1,8,BS39B,克里斯,收货,上架
MoSu35BlBl,黑色 品牌11 350 鼠标（蓝牙）,鼠标,品牌11,350,蓝牙,黑色,16*10*1,78,BX29H,艾米,收货,上架
GaSESErBl,黑色 品牌08 小号 游戏椅（人体工学）,游戏椅,品牌08,小号,人体工学,黑色,16*1*1,7,BG58D,克里斯,收货,上架
CuWE18FiGr,灰色 品牌02 1800 储物柜（文件收纳）,储物柜,品牌02,1800,文件收纳,灰色,8*1*1,3,DW63E,约翰,收货,上架
NoScA5doSi,银色 品牌17 五号纸 笔记本（点阵）,笔记本,品牌17,五号纸,点阵,银色,48*10*5,2031,BI52E,迈克,收货,上架
KePH35BlBl,黑色 品牌12 350 键盘（蓝牙）,键盘,品牌12,350,蓝牙,黑色,16*10*1,5,CV67B,艾米丽,收货,上架
MoPH35WiNa,藏青色 品牌12 350 鼠标（有线）,鼠标,品牌12,350,有线,藏青色,16*10*1,63,CF01H,艾米,收货,上架
CuTE90SlGr,灰色 品牌04 900 储物柜（滑动式）,储物柜,品牌04,900,滑动式,灰色,8*1*1,2,DI58D,迈克,收货,上架
LaRe17i7Si,银色 品牌14 17英寸 笔记本电脑（第7代处理器）,笔记本电脑,品牌14,17英寸,第7代处理器,银色,16*1*1,3,DJ19F,克里斯,收货,上架
TVEs75SFWh,白色 品牌32 75英寸 电视机（超级全高清）,电视机,品牌32,75英寸,超级全高清,白色,8*1*1,8,AO20E,约翰,收货,上架
LaYn17i7Bl,黑色 品牌15 17英寸 笔记本电脑（第7代处理器）,笔记本电脑,品牌15,17英寸,第7代处理器,黑色,16*1*1,11,DV70F,克里斯,收货,上架
TaTR18FrWh,白色 品牌28 1800 桌子（框架式）,桌子,品牌28,1800,框架式,白色,8*1*1,8,AF66B,亚历克斯,收货,上架
TaAE10AdWh,白色 品牌05 1000 桌子（可调节）,桌子,品牌05,1000,可调节,白色,8*1*1,1,AM39B,艾米丽,收货,上架
KeRe35MeWh,白色 品牌10 350 键盘（机械式）,键盘,品牌10,350,机械式,白色,16*10*1,36,AP80D,克里斯,收货,上架
LaSu15i7Si,银色 品牌11 15英寸 笔记本电脑（第7代处理器）,笔记本电脑,品牌11,15英寸,第7代处理器,银色,16*1*1,5,DQ88F,约翰,收货,上架
AlRe14i7Gr,灰色 品牌14 14英寸 一体机（第7代处理器）,一体机,品牌14,14英寸,第7代处理器,灰色,16*1*1,4,AW30C,劳拉,收货,上架
DrQE12FiBl,黑色 品牌01 1200 抽屉柜（文件收纳）,抽屉柜,品牌01,1200,文件收纳,黑色,8*1*1,1,AP19F,克里斯,收货,上架
TVYn324KWh,白色 品牌15 32英寸 电视机（超高清）,电视机,品牌15,32英寸,超高清,白色,8*1*1,4,CJ04A,克里斯,收货,上架
AlYn1416Gr,灰色 品牌15 14英寸 一体机（16吉字节内存）,一体机,品牌15,14英寸,16吉字节内存,灰色,16*1*1,15,AL46G,克里斯,收货,上架
TaCI10WoSi,银色 品牌27 1000 桌子（工作站）,桌子,品牌27,1000,工作站,银色,8*1*1,6,BP17B,约翰,收货,上架
GaOGLLeGr,灰色 品牌07 大号 游戏椅（皮革）,游戏椅,品牌07,大号,皮革,灰色,16*1*1,14,CJ13C,简,收货,上架
GaOGLLePi,粉色 品牌07 大号 游戏椅（皮革）,游戏椅,品牌07,大号,皮革,粉色,16*1*1,11,BU51E,迈克,收货,上架
LaSu14i7Bl,黑色 品牌11 14英寸 笔记本电脑（第7代处理器）,笔记本电脑,品牌11,14英寸,第7代处理器,黑色,16*1*1,2,BQ93H,艾米,收货,上架
PeRe12HeBl,黑色 品牌22 12 铅笔（六角形）,铅笔,品牌22,12,六角形,黑色,48*10*5,1536,CO17C,约翰,收货,上架
GaAESLeWh,白色 品牌05 小号 游戏椅（皮革）,游戏椅,品牌05,小号,皮革,白色,16*1*1,16,DM14G,亚历克斯,收货,上架
KeSu35WiWh,白色 品牌11 350 键盘（有线）,键盘,品牌11,350,有线,白色,16*10*1,147,AO47E,简,收货,上架
PrSoA2WiGr,灰色 品牌25 二号纸 打印机（无线网络）,打印机,品牌25,二号纸,无线网络,灰色,16*1*1,8,DT59C,约翰,收货,上架
DrWE12FiBl,黑色 品牌02 1200 抽屉柜（文件收纳）,抽屉柜,品牌02,1200,文件收纳,黑色,8*1*1,4,AV78H,艾米丽,收货,上架
LaSu1416Gr,灰色 品牌11 14英寸 笔记本电脑（16吉字节内存）,笔记本电脑,品牌11,14英寸,16吉字节内存,灰色,16*1*1,3,AQ52E,大卫,收货,上架
LaYn1732Si,银色 品牌15 17英寸 笔记本电脑（32吉字节内存）,笔记本电脑,品牌15,17英寸,32吉字节内存,银色,16*1*1,13,CL34A,约翰,收货,上架
DrTE90DoBe,米色 品牌04 900 抽屉柜（带门式）,抽屉柜,品牌04,900,带门式,米色,8*1*1,7,BN12A,劳拉,收货,上架
TVGn75FHWh,白色 品牌30 75英寸 电视机（全高清）,电视机,品牌30,75英寸,全高清,白色,8*1*1,2,AK46E,迈克,收货,上架
TaTR10WoWh,白色 品牌28 1000 桌子（工作站）,桌子,品牌28,1000,工作站,白色,8*1*1,7,AU61E,亚历克斯,收货,上架
AlPH178GSi,银色 品牌12 17英寸 一体机（8吉字节内存）,一体机,品牌12,17英寸,8吉字节内存,银色,16*1*1,12,BG31G,莎拉,收货,上架
TaCI15WoBl,黑色 品牌27 1500 桌子（工作站）,桌子,品牌27,1500,工作站,黑色,8*1*1,1,CM66E,亚历克斯,收货,上架
TVEs42S4Bl,黑色 品牌32 42英寸 电视机（超级超高清）,电视机,品牌32,42英寸,超级超高清,黑色,8*1*1,6,BH58A,克里斯,收货,上架
DrTE12DoGr,灰色 品牌04 1200 抽屉柜（带门式）,抽屉柜,品牌04,1200,带门式,灰色,8*1*1,8,BL42A,艾米丽,收货,上架
PeNa50HeWh,白色 品牌23 50 铅笔（六角形）,铅笔,品牌23,50,六角形,白色,48*10*5,325,DG61E,迈克,收货,上架
LaRe1532Bl,黑色 品牌14 15英寸 笔记本电脑（32吉字节内存）,笔记本电脑,品牌14,15英寸,32吉字节内存,黑色,16*1*1,14,AF93A,约翰,收货,上架
MoHc35WiPi,粉色 品牌09 350 鼠标（有线）,鼠标,品牌09,350,有线,粉色,16*10*1,112,CG44E,莎拉,收货,上架
NoMuA5doBl,黑色 品牌19 五号纸 笔记本（点阵）,笔记本,品牌19,五号纸,点阵,黑色,48*10*5,508,CJ20C,亚历克斯,收货,上架
SPAl50SoGr,灰色 品牌20 50 触控笔（可溶性）,触控笔,品牌20,50,可溶性,灰色,48*10*5,1165,BQ59B,约翰,收货,上架
KePH27WiPi,粉色 品牌12 270 键盘（有线）,键盘,品牌12,270,有线,粉色,16*10*1,154,CI15H,迈克,收货,上架
CuTE18LoBl,黑色 品牌04 1800 储物柜（储物锁柜）,储物柜,品牌04,1800,储物锁柜,黑色,8*1*1,8,DX86G,简,收货,上架
CaTE90LoGr,灰色 品牌04 900 文件柜（储物锁柜）,文件柜,品牌04,900,储物锁柜,灰色,8*1*1,4,AY12H,约翰,收货,上架
PeAl24HeGr,灰色 品牌20 24 铅笔（六角形）,铅笔,品牌20,24,六角形,灰色,48*10*5,1562,BQ79C,约翰,收货,上架
DrRG12FiBl,黑色 品牌03 1200 抽屉柜（文件收纳）,抽屉柜,品牌03,1200,文件收纳,黑色,8*1*1,3,CL04F,莎拉,收货,上架
KePH27BlPi,粉色 品牌12 270 键盘（蓝牙）,键盘,品牌12,270,蓝牙,粉色,16*10*1,123,DM46A,简,收货,上架
KeRe45MePi,粉色 品牌10 450 键盘（机械式）,键盘,品牌10,450,机械式,粉色,16*10*1,98,CG57C,简,收货,上架
DrQE18LoGr,灰色 品牌01 1800 抽屉柜（储物锁柜）,抽屉柜,品牌01,1800,储物锁柜,灰色,8*1*1,5,DX90A,艾米,收货,上架
PrNoA3AlWh,白色 品牌26 三号纸 打印机（一体式）,打印机,品牌26,三号纸,一体式,白色,16*1*1,10,DQ88A,约翰,收货,上架
TaTR10FrSi,银色 品牌29 1000 桌子（框架式）,桌子,品牌29,1000,框架式,银色,8*1*1,3,DX27B,大卫,收货,上架
PrReA4AlBl,黑色 品牌24 四号纸 打印机（一体式）,打印机,品牌24,四号纸,一体式,黑色,16*1*1,4,AM51D,简,收货,上架
PrPHA2WiMi,混合色 品牌12 二号纸 打印机（无线网络）,打印机,品牌12,二号纸,无线网络,混合色,16*1*1,3,DG62E,大卫,收货,上架
TVYn504KWh,白色 品牌15 50英寸 电视机（超高清）,电视机,品牌15,50英寸,超高清,白色,8*1*1,3,BF87B,艾米,收货,上架
TaTR15WoGr,灰色 品牌29 1500 桌子（工作站）,桌子,品牌29,1500,工作站,灰色,8*1*1,4,AY28B,亚历克斯,收货,上架
LaYn178GWh,白色 品牌15 17英寸 笔记本电脑（8吉字节内存）,笔记本电脑,品牌15,17英寸,8吉字节内存,白色,16*1*1,7,AK09H,大卫,收货,上架
PeAl24HeWh,白色 品牌20 24 铅笔（六角形）,铅笔,品牌20,24,六角形,白色,48*10*5,2101,AP15D,大卫,收货,上架
CaQE12FiBl,黑色 品牌01 1200 文件柜（文件收纳）,文件柜,品牌01,1200,文件收纳,黑色,8*1*1,7,DX81F,亚历克斯,收货,上架
DrRG18DoBe,米色 品牌03 1800 抽屉柜（带门式）,抽屉柜,品牌03,1800,带门式,米色,8*1*1,4,CN50A,亚历克斯,收货,上架
CuWE12FiGr,灰色 品牌02 1200 储物柜（文件收纳）,储物柜,品牌02,1200,文件收纳,灰色,8*1*1,1,CU52C,亚历克斯,收货,上架
DrRG90DoGr,灰色 品牌03 900 抽屉柜（带门式）,抽屉柜,品牌03,900,带门式,灰色,8*1*1,4,AY43H,艾米,收货,上架
CaQE18DoWh,白色 品牌01 1800 文件柜（带门式）,文件柜,品牌01,1800,带门式,白色,8*1*1,5,AI83F,迈克,收货,上架
CaWE90DoBl,黑色 品牌02 900 文件柜（带门式）,文件柜,品牌02,900,带门式,黑色,8*1*1,7,DV48E,劳拉,收货,上架
SPGi50SoBl,黑色 品牌21 50 触控笔（可溶性）,触控笔,品牌21,50,可溶性,黑色,48*10*5,4,CK32G,艾米丽,收货,上架
AlOv1716Si,银色 品牌13 17英寸 一体机（16吉字节内存）,一体机,品牌13,17英寸,16吉字节内存,银色,16*1*1,2,CW22E,约翰,收货,上架
PrPHA3MoWh,白色 品牌12 三号纸 打印机（黑白）,打印机,品牌12,三号纸,黑白,白色,16*1*1,4,AQ97F,约翰,收货,上架
MoHc45WiWh,白色 品牌09 450 鼠标（有线）,鼠标,品牌09,450,有线,白色,16*10*1,99,AG36B,莎拉,收货,上架
TaAE18AdGr,灰色 品牌05 1800 桌子（可调节）,桌子,品牌05,1800,可调节,灰色,8*1*1,2,CT36H,大卫,收货,上架
OfSEMAdBl,黑色 品牌08 中号 办公椅（可调节）,办公椅,品牌08,中号,可调节,黑色,16*1*1,1,CF48B,约翰,收货,上架
SPAl50WaBl,黑色 品牌20 50 触控笔（水彩）,触控笔,品牌20,50,水彩,黑色,48*10*5,1214,DL85E,简,收货,上架
CuQE12FiGr,灰色 品牌01 1200 储物柜（文件收纳）,储物柜,品牌01,1200,文件收纳,灰色,8*1*1,8,AR39H,简,收货,上架
DrRG18DoGr,灰色 品牌03 1800 抽屉柜（带门式）,抽屉柜,品牌03,1800,带门式,灰色,8*1*1,8,BH60C,大卫,收货,上架
CuTE12LoBe,米色 品牌04 1200 储物柜（储物锁柜）,储物柜,品牌04,1200,储物锁柜,米色,8*1*1,6,DY26E,艾米丽,收货,上架
PeNa24WaPi,粉色 品牌23 24 铅笔（水彩）,铅笔,品牌23,24,水彩,粉色,48*10*5,1783,BT47F,迈克,收货,上架
PeAl50WaPi,粉色 品牌20 50 铅笔（水彩）,铅笔,品牌20,50,水彩,粉色,48*10*5,1781,DV01G,艾米丽,收货,上架
MoPH27WiBl,黑色 品牌12 270 鼠标（有线）,鼠标,品牌12,270,有线,黑色,16*10*1,23,BS78E,约翰,收货,上架
GaOGLAdBl,黑色 品牌07 大号 游戏椅（可调节）,游戏椅,品牌07,大号,可调节,黑色,16*1*1,13,CT12F,大卫,收货,上架
KeHc35MeWh,白色 品牌09 350 键盘（机械式）,键盘,品牌09,350,机械式,白色,16*10*1,6,CF70H,克里斯,收货,上架
CuTE18SlWh,白色 品牌04 1800 储物柜（滑动式）,储物柜,品牌04,1800,滑动式,白色,8*1*1,5,AT21G,大卫,收货,上架
PrReA2WiMi,混合色 品牌24 二号纸 打印机（无线网络）,打印机,品牌24,二号纸,无线网络,混合色,16*1*1,16,CI73D,克里斯,收货,上架
TVEs65S4Bl,黑色 品牌32 65英寸 电视机（超级超高清）,电视机,品牌32,65英寸,超级超高清,黑色,8*1*1,4,DW86B,劳拉,收货,上架
CaRG12FiGr,灰色 品牌03 1200 文件柜（文件收纳）,文件柜,品牌03,1200,文件收纳,灰色,8*1*1,4,CV65G,莎拉,收货,上架
MoRe27ErPi,粉色 品牌10 270 鼠标（人体工学）,鼠标,品牌10,270,人体工学,粉色,16*10*1,130,DZ32E,艾米丽,收货,上架
TVEs50S4Gr,灰色 品牌32 50英寸 电视机（超级超高清）,电视机,品牌32,50英寸,超级超高清,灰色,8*1*1,8,DG22D,亚历克斯,收货,上架
TaTR15AuBl,黑色 品牌28 1500 桌子（自动调节）,桌子,品牌28,1500,自动调节,黑色,8*1*1,3,DP33A,简,收货,上架
MoPH27MeBl,黑色 品牌12 270 鼠标（机械式）,鼠标,品牌12,270,机械式,黑色,16*10*1,142,DQ62G,艾米丽,收货,上架
AlYn17i5Wh,白色 品牌15 17英寸 一体机（第5代处理器）,一体机,品牌15,17英寸,第5代处理器,白色,16*1*1,9,AO53F,艾米丽,收货,上架
PrNoA4AlMi,混合色 品牌26 四号纸 打印机（一体式）,打印机,品牌26,四号纸,一体式,混合色,16*1*1,11,CR73H,艾米丽,收货,上架
GaSESErWh,白色 品牌08 小号 游戏椅（人体工学）,游戏椅,品牌08,小号,人体工学,白色,16*1*1,4,AW92A,艾米丽,收货,上架
LaYn17i7Si,银色 品牌15 17英寸 笔记本电脑（第7代处理器）,笔记本电脑,品牌15,17英寸,第7代处理器,银色,16*1*1,7,AX35B,劳拉,收货,上架
TaCI10FrGr,灰色 品牌27 1000 桌子（框架式）,桌子,品牌27,1000,框架式,灰色,8*1*1,4,CH68G,简,收货,上架
TVGL754KBl,黑色 品牌31 75英寸 电视机（超高清）,电视机,品牌31,75英寸,超高清,黑色,8*1*1,4,CI51D,劳拉,收货,上架
OfOGLLeBl,黑色 品牌07 大号 办公椅（皮革）,办公椅,品牌07,大号,皮革,黑色,16*1*1,6,AP21C,大卫,收货,上架
DrTE12LoWh,白色 品牌04 1200 抽屉柜（储物锁柜）,抽屉柜,品牌04,1200,储物锁柜,白色,8*1*1,2,BF64E,约翰,收货,上架
CuWE12SlGr,灰色 品牌02 1200 储物柜（滑动式）,储物柜,品牌02,1200,滑动式,灰色,8*1*1,3,DO39H,约翰,收货,上架
TVEs32SFBl,黑色 品牌32 32英寸 电视机（超级全高清）,电视机,品牌32,32英寸,超级全高清,黑色,8*1*1,5,BT09D,亚历克斯,收货,上架
DrTE90FiBe,米色 品牌04 900 抽屉柜（文件收纳）,抽屉柜,品牌04,900,文件收纳,米色,8*1*1,1,AQ03F,艾米丽,收货,上架
CaQE90LoBe,米色 品牌01 900 文件柜（储物锁柜）,文件柜,品牌01,900,储物锁柜,米色,8*1*1,2,AS32A,大卫,收货,上架
CaTE12LoGr,灰色 品牌04 1200 文件柜（储物锁柜）,文件柜,品牌04,1200,储物锁柜,灰色,8*1*1,6,CO14C,迈克,收货,上架
NoExA3doWh,白色 品牌16 三号纸 笔记本（点阵）,笔记本,品牌16,三号纸,点阵,白色,48*10*5,888,BI57E,亚历克斯,收货,上架
SPGi12WaBl,黑色 品牌21 12 触控笔（水彩）,触控笔,品牌21,12,水彩,黑色,48*10*5,1514,BX31H,亚历克斯,收货,上架
DrWE90FiGr,灰色 品牌02 900 抽屉柜（文件收纳）,抽屉柜,品牌02,900,文件收纳,灰色,8*1*1,1,AT39H,亚历克斯,收货,上架
TVYn42SFSi,银色 品牌15 42英寸 电视机（超级全高清）,电视机,品牌15,42英寸,超级全高清,银色,8*1*1,5,AR52G,艾米,收货,上架
TaAE15FrWh,白色 品牌05 1500 桌子（框架式）,桌子,品牌05,1500,框架式,白色,8*1*1,3,DW91F,莎拉,收货,上架
PrSoA4InBl,黑色 品牌25 四号纸 打印机（喷墨）,打印机,品牌25,四号纸,喷墨,黑色,16*1*1,7,CO05B,莎拉,收货,上架
NoExA5doGr,灰色 品牌16 五号纸 笔记本（点阵）,笔记本,品牌16,五号纸,点阵,灰色,48*10*5,475,DT75B,大卫,收货,上架
TVEs754KBl,黑色 品牌32 75英寸 电视机（超高清）,电视机,品牌32,75英寸,超高清,黑色,8*1*1,5,DP54A,莎拉,收货,上架
SPRe24WaWh,白色 品牌22 24 触控笔（水彩）,触控笔,品牌22,24,水彩,白色,48*10*5,349,BU96A,艾米丽,收货,上架
PrReA4InWh,白色 品牌24 四号纸 打印机（喷墨）,打印机,品牌24,四号纸,喷墨,白色,16*1*1,8,BK40E,亚历克斯,收货,上架
TVEs50FHWh,白色 品牌32 50英寸 电视机（全高清）,电视机,品牌32,50英寸,全高清,白色,8*1*1,2,AZ80F,大卫,收货,上架
CaWE90DoBl,黑色 品牌02 900 文件柜（带门式）,文件柜,品牌02,900,带门式,黑色,8*1*1,8,AO84D,艾米丽,收货,上架
LaRe1716Si,银色 品牌14 17英寸 笔记本电脑（16吉字节内存）,笔记本电脑,品牌14,17英寸,16吉字节内存,银色,16*1*1,1,BT93C,迈克,收货,上架
DrQE18SlWh,白色 品牌01 1800 抽屉柜（滑动式）,抽屉柜,品牌01,1800,滑动式,白色,8*1*1,2,BL53B,艾米丽,收货,上架
AlSu17i5Wh,白色 品牌11 17英寸 一体机（第5代处理器）,一体机,品牌11,17英寸,第5代处理器,白色,16*1*1,15,BR69E,亚历克斯,收货,上架
MoRe27MeWh,白色 品牌10 270 鼠标（机械式）,鼠标,品牌10,270,机械式,白色,16*10*1,80,AO95D,大卫,收货,上架
CaRG90SlBe,米色 品牌03 900 文件柜（滑动式）,文件柜,品牌03,900,滑动式,米色,8*1*1,4,DL94G,莎拉,收货,上架
OfSESErGr,灰色 品牌08 小号 办公椅（人体工学）,办公椅,品牌08,小号,人体工学,灰色,16*1*1,11,DN37F,艾米丽,收货,上架
TaAE10FrBl,黑色 品牌05 1000 桌子（框架式）,桌子,品牌05,1000,框架式,黑色,8*1*1,7,CT89C,劳拉,收货,上架
MoHc35BlWh,白色 品牌09 350 鼠标（蓝牙）,鼠标,品牌09,350,蓝牙,白色,16*10*1,54,BP93D,劳拉,收货,上架
TVYn50FHBl,黑色 品牌15 50英寸 电视机（全高清）,电视机,品牌15,50英寸,全高清,黑色,8*1*1,6,AH60A,莎拉,收货,上架
TaTR10AuBl,黑色 品牌28 1000 桌子（自动调节）,桌子,品牌28,1000,自动调节,黑色,8*1*1,3,AS76F,大卫,收货,上架
PrSoA2InMi,混合色 品牌25 二号纸 打印机（喷墨）,打印机,品牌25,二号纸,喷墨,混合色,16*1*1,10,AH21C,莎拉,收货,上架
PrNoA3WiBl,黑色 品牌26 三号纸 打印机（无线网络）,打印机,品牌26,三号纸,无线网络,黑色,16*1*1,1,AN54F,大卫,收货,上架
MoPH45BlPi,粉色 品牌12 450 鼠标（蓝牙）,鼠标,品牌12,450,蓝牙,粉色,16*10*1,102,AG37F,劳拉,收货,上架
SPGi24HePi,粉色 品牌21 24 触控笔（六角形）,触控笔,品牌21,24,六角形,粉色,48*10*5,1375,DZ96A,迈克,收货,上架
KeRe45MePi,粉色 品牌10 450 键盘（机械式）,键盘,品牌10,450,机械式,粉色,16*10*1,61,CM40A,莎拉,收货,上架
PrReA2LaWh,白色 品牌24 二号纸 打印机（激光）,打印机,品牌24,二号纸,激光,白色,16*1*1,5,BR73A,劳拉,收货,上架
TVGn504KSi,银色 品牌30 50英寸 电视机（超高清）,电视机,品牌30,50英寸,超高清,银色,8*1*1,4,CZ95F,迈克,收货,上架
PrNoA4InMi,混合色 品牌26 四号纸 打印机（喷墨）,打印机,品牌26,四号纸,喷墨,混合色,16*1*1,4,BN52H,迈克,收货,上架
OfOGSLeGr,灰色 品牌07 小号 办公椅（皮革）,办公椅,品牌07,小号,皮革,灰色,16*1*1,13,BL59F,莎拉,收货,上架
GaOGLHePi,粉色 品牌07 大号 游戏椅（头枕）,游戏椅,品牌07,大号,头枕,粉色,16*1*1,13,BX79G,莎拉,收货,上架
LaPH17i7Gr,灰色 品牌12 17英寸 笔记本电脑（第7代处理器）,笔记本电脑,品牌12,17英寸,第7代处理器,灰色,16*1*1,2,CP35H,劳拉,收货,上架
TVEs324KGr,灰色 品牌32 32英寸 电视机（超高清）,电视机,品牌32,32英寸,超高清,灰色,8*1*1,5,AO92H,克里斯,收货,上架
AlOv17i5Wh,白色 品牌13 17英寸 一体机（第5代处理器）,一体机,品牌13,17英寸,第5代处理器,白色,16*1*1,1,AQ73F,亚历克斯,收货,上架
LaSu1532Gr,灰色 品牌11 15英寸 笔记本电脑（32吉字节内存）,笔记本电脑,品牌11,15英寸,32吉字节内存,灰色,16*1*1,8,BH85C,艾米,收货,上架
KeRe35WiBl,黑色 品牌10 350 键盘（有线）,键盘,品牌10,350,有线,黑色,16*10*1,98,CL60C,艾米丽,收货,上架
CuQE18SlWh,白色 品牌01 1800 储物柜（滑动式）,储物柜,品牌01,1800,滑动式,白色,8*1*1,7,CV74B,艾米,收货,上架
TaAE18FrGr,灰色 品牌05 1800 桌子（框架式）,桌子,品牌05,1800,框架式,灰色,8*1*1,3,DM05F,克里斯,收货,上架
MoPH35MeBl,黑色 品牌12 350 鼠标（机械式）,鼠标,品牌12,350,机械式,黑色,16*10*1,32,AU61E,艾米丽,收货,上架
DrWE18LoWh,白色 品牌02 1800 抽屉柜（储物锁柜）,抽屉柜,品牌02,1800,储物锁柜,白色,8*1*1,4,BJ96H,简,收货,上架
DrTE90LoWh,白色 品牌04 900 抽屉柜（储物锁柜）,抽屉柜,品牌04,900,储物锁柜,白色,8*1*1,8,BK32G,迈克,收货,上架
OfXESLeWh,白色 品牌06 小号 办公椅（皮革）,办公椅,品牌06,小号,皮革,白色,16*1*1,16,DR91H,亚历克斯,收货,上架
TVGL50SFGr,灰色 品牌31 50英寸 电视机（超级全高清）,电视机,品牌31,50英寸,超级全高清,灰色,8*1*1,4,DV80E,艾米丽,收货,上架
AlSu178GBl,黑色 品牌11 17英寸 一体机（8吉字节内存）,一体机,品牌11,17英寸,8吉字节内存,黑色,16*1*1,13,BM66F,艾米丽,收货,上架
LaOv1432Si,银色 品牌13 14英寸 笔记本电脑（32吉字节内存）,笔记本电脑,品牌13,14英寸,32吉字节内存,银色,16*1*1,6,CT26H,简,收货,上架
OfOGLAdBl,黑色 品牌07 大号 办公椅（可调节）,办公椅,品牌07,大号,可调节,黑色,16*1*1,8,CY81B,艾米丽,收货,上架
PeGi50HeGr,灰色 品牌21 50 铅笔（六角形）,铅笔,品牌21,50,六角形,灰色,48*10*5,2194,CI69B,约翰,收货,上架
GaSEMErWh,白色 品牌08 中号 游戏椅（人体工学）,游戏椅,品牌08,中号,人体工学,白色,16*1*1,14,BY05G,约翰,收货,上架
TaCI15WoBl,黑色 品牌27 1500 桌子（工作站）,桌子,品牌27,1500,工作站,黑色,8*1*1,7,BQ94F,约翰,收货,上架
MoRe35MeBl,黑色 品牌10 350 鼠标（机械式）,鼠标,品牌10,350,机械式,黑色,16*10*1,2,BG32E,约翰,收货,上架
TVGn50FHGr,灰色 品牌30 50英寸 电视机（全高清）,电视机,品牌30,50英寸,全高清,灰色,8*1*1,3,AY69D,迈克,收货,上架
TVEs75FHSi,银色 品牌32 75英寸 电视机（全高清）,电视机,品牌32,75英寸,全高清,银色,8*1*1,8,CP18G,艾米,收货,上架
CuTE90SlWh,白色 品牌04 900 储物柜（滑动式）,储物柜,品牌04,900,滑动式,白色,8*1*1,8,DU51H,简,收货,上架
LaRe148GGr,灰色 品牌14 14英寸 笔记本电脑（8吉字节内存）,笔记本电脑,品牌14,14英寸,8吉字节内存,灰色,16*1*1,13,CO86F,亚历克斯,收货,上架
SPAl12WaPi,粉色 品牌20 12 触控笔（水彩）,触控笔,品牌20,12,水彩,粉色,48*10*5,576,AZ73C,艾米丽,收货,上架
GaAEMErBl,黑色 品牌05 中号 游戏椅（人体工学）,游戏椅,品牌05,中号,人体工学,黑色,16*1*1,12,CZ94F,约翰,收货,上架
KeSu27BlNa,藏青色 品牌11 270 键盘（蓝牙）,键盘,品牌11,270,蓝牙,藏青色,16*10*1,39,DO19H,克里斯,收货,上架
PeRe50SoBl,黑色 品牌22 50 铅笔（可溶性）,铅笔,品牌22,50,可溶性,黑色,48*10*5,552,CH61G,亚历克斯,收货,上架
KeHc45ErBl,黑色 品牌09 450 键盘（人体工学）,键盘,品牌09,450,人体工学,黑色,16*10*1,90,CV15D,莎拉,收货,上架
LaPH1716Si,银色 品牌12 17英寸 笔记本电脑（16吉字节内存）,笔记本电脑,品牌12,17英寸,16吉字节内存,银色,16*1*1,10,BI53A,亚历克斯,收货,上架
LaPH1432Bl,黑色 品牌12 14英寸 笔记本电脑（32吉字节内存）,笔记本电脑,品牌12,14英寸,32吉字节内存,黑色,16*1*1,14,BP75D,艾米丽,收货,上架
KeSu27BlNa,藏青色 品牌11 270 键盘（蓝牙）,键盘,品牌11,270,蓝牙,藏青色,16*10*1,129,CL27E,大卫,收货,上架
SPAl50WaWh,白色 品牌20 50 触控笔（水彩）,触控笔,品牌20,50,水彩,白色,48*10*5,73,DY98D,约翰,收货,上架
PrSoA4LaMi,混合色 品牌25 四号纸 打印机（激光）,打印机,品牌25,四号纸,激光,混合色,16*1*1,3,DI66A,艾米,收货,上架
PrSoA4InMi,混合色 品牌25 四号纸 打印机（喷墨）,打印机,品牌25,四号纸,喷墨,混合色,16*1*1,10,CZ10F,迈克,收货,上架
OfAELHePi,粉色 品牌05 大号 办公椅（头枕）,办公椅,品牌05,大号,头枕,粉色,16*1*1,9,DM20B,莎拉,收货,上架
PrReA4MoBl,黑色 品牌24 四号纸 打印机（黑白）,打印机,品牌24,四号纸,黑白,黑色,16*1*1,6,AY20F,大卫,收货,上架
CaQE18SlBl,黑色 品牌01 1800 文件柜（滑动式）,文件柜,品牌01,1800,滑动式,黑色,8*1*1,8,CR15D,艾米,收货,上架
CaRG12FiWh,白色 品牌03 1200 文件柜（文件收纳）,文件柜,品牌03,1200,文件收纳,白色,8*1*1,1,AX27E,亚历克斯,收货,上架
PeRe50WaPi,粉色 品牌22 50 铅笔（水彩）,铅笔,品牌22,50,水彩,粉色,48*10*5,174,BI42B,约翰,收货,上架
MoPH27BlBl,黑色 品牌12 270 鼠标（蓝牙）,鼠标,品牌12,270,蓝牙,黑色,16*10*1,30,DQ11B,艾米,收货,上架
AlOv178GGr,灰色 品牌13 17英寸 一体机（8吉字节内存）,一体机,品牌13,17英寸,8吉字节内存,灰色,16*1*1,15,DR56B,艾米丽,收货,上架
PrSoA3InMi,混合色 品牌25 三号纸 打印机（喷墨）,打印机,品牌25,三号纸,喷墨,混合色,16*1*1,15,DF32F,大卫,收货,上架
CuWE90FiBe,米色 品牌02 900 储物柜（文件收纳）,储物柜,品牌02,900,文件收纳,米色,8*1*1,8,DK75C,克里斯,收货,上架
TVEs32SFBl,黑色 品牌32 32英寸 电视机（超级全高清）,电视机,品牌32,32英寸,超级全高清,黑色,8*1*1,7,CY92C,迈克,收货,上架
OfOGLAdPi,粉色 品牌07 大号 办公椅（可调节）,办公椅,品牌07,大号,可调节,粉色,16*1*1,4,DL03E,艾米,收货,上架
KePH27BlPi,粉色 品牌12 270 键盘（蓝牙）,键盘,品牌12,270,蓝牙,粉色,16*10*1,133,AR15C,劳拉,收货,上架
LaPH1432Si,银色 品牌12 14英寸 笔记本电脑（32吉字节内存）,笔记本电脑,品牌12,14英寸,32吉字节内存,银色,16*1*1,14,DV65C,克里斯,收货,上架
CuRG12LoBe,米色 品牌03 1200 储物柜（储物锁柜）,储物柜,品牌03,1200,储物锁柜,米色,8*1*1,8,CZ09A,简,收货,上架
PrReA4AlGr,灰色 品牌24 四号纸 打印机（一体式）,打印机,品牌24,四号纸,一体式,灰色,16*1*1,9,DS69C,莎拉,收货,上架
PrReA4AlWh,白色 品牌24 四号纸 打印机（一体式）,打印机,品牌24,四号纸,一体式,白色,16*1*1,6,DS96C,简,收货,上架
CaRG90LoWh,白色 品牌03 900 文件柜（储物锁柜）,文件柜,品牌03,900,储物锁柜,白色,8*1*1,4,BM06H,艾米,收货,上架
NoExA4liWh,白色 品牌16 四号纸 笔记本（线条）,笔记本,品牌16,四号纸,线条,白色,48*10*5,1739,CP81C,大卫,收货,上架
TVYn754KGr,灰色 品牌15 75英寸 电视机（超高清）,电视机,品牌15,75英寸,超高清,灰色,8*1*1,4,CQ24E,克里斯,收货,上架
OfXEMAdBl,黑色 品牌06 中号 办公椅（可调节）,办公椅,品牌06,中号,可调节,黑色,16*1*1,15,CJ70C,莎拉,收货,上架
KeSu35BlPi,粉色 品牌11 350 键盘（蓝牙）,键盘,品牌11,350,蓝牙,粉色,16*10*1,43,CJ70C,迈克,收货,上架
SPAl12SoGr,灰色 品牌20 12 触控笔（可溶性）,触控笔,品牌20,12,可溶性,灰色,48*10*5,158,BL07B,亚历克斯,收货,上架
CaTE12DoBl,黑色 品牌04 1200 文件柜（带门式）,文件柜,品牌04,1200,带门式,黑色,8*1*1,2,BO70H,艾米丽,收货,上架
AlOv17i5Si,银色 品牌13 17英寸 一体机（第5代处理器）,一体机,品牌13,17英寸,第5代处理器,银色,16*1*1,8,AF35D,迈克,收货,上架
KeHc45BlBl,黑色 品牌09 450 键盘（蓝牙）,键盘,品牌09,450,蓝牙,黑色,16*10*1,112,BX02A,迈克,收货,上架
CuQE12DoGr,灰色 品牌01 1200 储物柜（带门式）,储物柜,品牌01,1200,带门式,灰色,8*1*1,5,AP37C,劳拉,收货,上架
GaXELErGr,灰色 品牌06 大号 游戏椅（人体工学）,游戏椅,品牌06,大号,人体工学,灰色,16*1*1,10,AU09A,艾米,收货,上架
TVYn42FHSi,银色 品牌15 42英寸 电视机（全高清）,电视机,品牌15,42英寸,全高清,银色,8*1*1,4,AT05B,大卫,收货,上架
CuRG18SlGr,灰色 品牌03 1800 储物柜（滑动式）,储物柜,品牌03,1800,滑动式,灰色,8*1*1,4,BN30A,劳拉,收货,上架
MoPH27ErPi,粉色 品牌12 270 鼠标（人体工学）,鼠标,品牌12,270,人体工学,粉色,16*10*1,130,CG37E,克里斯,收货,上架
KeSu27BlNa,藏青色 品牌11 270 键盘（蓝牙）,键盘,品牌11,270,蓝牙,藏青色,16*10*1,55,BV68A,约翰,收货,上架
AlRe1732Gr,灰色 品牌14 17英寸 一体机（32吉字节内存）,一体机,品牌14,17英寸,32吉字节内存,灰色,16*1*1,9,AM07B,莎拉,收货,上架
TaTR10AuWh,白色 品牌29 1000 桌子（自动调节）,桌子,品牌29,1000,自动调节,白色,8*1*1,5,DM58H,约翰,收货,上架
MoPH35BlPi,粉色 品牌12 350 鼠标（蓝牙）,鼠标,品牌12,350,蓝牙,粉色,16*10*1,40,AG08H,克里斯,收货,上架
GaOGSLeWh,白色 品牌07 小号 游戏椅（皮革）,游戏椅,品牌07,小号,皮革,白色,16*1*1,4,CT88A,克里斯,收货,上架
SPRe50SoGr,灰色 品牌22 50 触控笔（可溶性）,触控笔,品牌22,50,可溶性,灰色,48*10*5,1628,BO56D,迈克,收货,上架
CuWE12SlBe,米色 品牌02 1200 储物柜（滑动式）,储物柜,品牌02,1200,滑动式,米色,8*1*1,3,AT47A,艾米,收货,上架
KeRe35WiNa,藏青色 品牌10 350 键盘（有线）,键盘,品牌10,350,有线,藏青色,16*10*1,77,AR03D,克里斯,收货,上架
SPRe12WaPi,粉色 品牌22 12 触控笔（水彩）,触控笔,品牌22,12,水彩,粉色,48*10*5,895,BK41F,劳拉,收货,上架
AlOv158GWh,白色 品牌13 15英寸 一体机（8吉字节内存）,一体机,品牌13,15英寸,8吉字节内存,白色,16*1*1,11,AO05H,劳拉,收货,上架
KeSu27BlWh,白色 品牌11 270 键盘（蓝牙）,键盘,品牌11,270,蓝牙,白色,16*10*1,10,AU88D,莎拉,收货,上架
SPAl50WaBl,黑色 品牌20 50 触控笔（水彩）,触控笔,品牌20,50,水彩,黑色,48*10*5,1636,CX38B,约翰,收货,上架
AlOv148GWh,白色 品牌13 14英寸 一体机（8吉字节内存）,一体机,品牌13,14英寸,8吉字节内存,白色,16*1*1,7,CT80A,亚历克斯,收货,上架
TVYn32S4Gr,灰色 品牌15 32英寸 电视机（超级超高清）,电视机,品牌15,32英寸,超级超高清,灰色,8*1*1,6,DH17E,艾米丽,收货,上架
PeRe50SoGr,灰色 品牌22 50 铅笔（可溶性）,铅笔,品牌22,50,可溶性,灰色,48*10*5,1787,CJ34H,约翰,收货,上架
PrPHA3InMi,混合色 品牌12 三号纸 打印机（喷墨）,打印机,品牌12,三号纸,喷墨,混合色,16*1*1,8,CU95H,约翰,收货,上架
PrSoA3MoMi,混合色 品牌25 三号纸 打印机（黑白）,打印机,品牌25,三号纸,黑白,混合色,16*1*1,3,CK45G,亚历克斯,收货,上架
OfSELHeBl,黑色 品牌08 大号 办公椅（头枕）,办公椅,品牌08,大号,头枕,黑色,16*1*1,9,BP14G,艾米丽,收货,上架
LaYn17i7Si,银色 品牌15 17英寸 笔记本电脑（第7代处理器）,笔记本电脑,品牌15,17英寸,第7代处理器,银色,16*1*1,11,DS02E,克里斯,收货,上架
NoMuA3ruSi,银色 品牌19 三号纸 笔记本（横线）,笔记本,品牌19,三号纸,横线,银色,48*10*5,1463,CS38D,莎拉,收货,上架
PrNoA3InWh,白色 品牌26 三号纸 打印机（喷墨）,打印机,品牌26,三号纸,喷墨,白色,16*1*1,11,DI85A,简,收货,上架
DrWE90DoGr,灰色 品牌02 900 抽屉柜（带门式）,抽屉柜,品牌02,900,带门式,灰色,8*1*1,6,BG05G,艾米,收货,上架
OfSESErBl,黑色 品牌08 小号 办公椅（人体工学）,办公椅,品牌08,小号,人体工学,黑色,16*1*1,13,CU51H,克里斯,收货,上架
TVYn75SFBl,黑色 品牌15 75英寸 电视机（超级全高清）,电视机,品牌15,75英寸,超级全高清,黑色,8*1*1,3,AG75G,简,收货,上架
LaSu1732Bl,黑色 品牌11 17英寸 笔记本电脑（32吉字节内存）,笔记本电脑,品牌11,17英寸,32吉字节内存,黑色,16*1*1,3,CF90D,艾米,收货,上架
DrTE18LoGr,灰色 品牌04 1800 抽屉柜（储物锁柜）,抽屉柜,品牌04,1800,储物锁柜,灰色,8*1*1,2,BV94C,艾米丽,收货,上架
SPRe12WaPi,粉色 品牌22 12 触控笔（水彩）,触控笔,品牌22,12,水彩,粉色,48*10*5,773,BX34D,艾米,收货,上架
LaOv1732Si,银色 品牌13 17英寸 笔记本电脑（32吉字节内存）,笔记本电脑,品牌13,17英寸,32吉字节内存,银色,16*1*1,2,BV42H,艾米丽,收货,上架
OfXESLeBl,黑色 品牌06 小号 办公椅（皮革）,办公椅,品牌06,小号,皮革,黑色,16*1*1,2,BG94H,大卫,收货,上架
KeSu35BlWh,白色 品牌11 350 键盘（蓝牙）,键盘,品牌11,350,蓝牙,白色,16*10*1,90,CK35C,大卫,收货,上架
PeNa50SoPi,粉色 品牌23 50 铅笔（可溶性）,铅笔,品牌23,50,可溶性,粉色,48*10*5,1275,DY94H,劳拉,收货,上架
LaYn17i7Bl,黑色 品牌15 17英寸 笔记本电脑（第7代处理器）,笔记本电脑,品牌15,17英寸,第7代处理器,黑色,16*1*1,8,AL32A,约翰,收货,上架
MoPH45BlWh,白色 品牌12 450 鼠标（蓝牙）,鼠标,品牌12,450,蓝牙,白色,16*10*1,74,AS92D,亚历克斯,收货,上架
CaTE12FiGr,灰色 品牌04 1200 文件柜（文件收纳）,文件柜,品牌04,1200,文件收纳,灰色,8*1*1,2,DJ75F,艾米丽,收货,上架
DrWE90DoBl,黑色 品牌02 900 抽屉柜（带门式）,抽屉柜,品牌02,900,带门式,黑色,8*1*1,6,BN27H,克里斯,收货,上架
CaWE18LoGr,灰色 品牌02 1800 文件柜（储物锁柜）,文件柜,品牌02,1800,储物锁柜,灰色,8*1*1,2,DX32G,艾米,收货,上架
KeRe45MePi,粉色 品牌10 450 键盘（机械式）,键盘,品牌10,450,机械式,粉色,16*10*1,14,DO30C,克里斯,收货,上架
PrSoA3MoMi,混合色 品牌25 三号纸 打印机（黑白）,打印机,品牌25,三号纸,黑白,混合色,16*1*1,3,AP59A,亚历克斯,收货,上架
OfOGLErPi,粉色 品牌07 大号 办公椅（人体工学）,办公椅,品牌07,大号,人体工学,粉色,16*1*1,13,AX89D,劳拉,收货,上架
CuTE12LoBl,黑色 品牌04 1200 储物柜（储物锁柜）,储物柜,品牌04,1200,储物锁柜,黑色,8*1*1,6,DF70E,克里斯,收货,上架
SPGi50WaPi,粉色 品牌21 50 触控笔（水彩）,触控笔,品牌21,50,水彩,粉色,48*10*5,1284,AS44A,艾米,收货,上架
PeGi50HePi,粉色 品牌21 50 铅笔（六角形）,铅笔,品牌21,50,六角形,粉色,48*10*5,278,BU49C,大卫,收货,上架
NoGrA3ruBl,黑色 品牌18 三号纸 笔记本（横线）,笔记本,品牌18,三号纸,横线,黑色,48*10*5,1263,CX27B,约翰,收货,上架
AlPH14i5Bl,黑色 品牌12 14英寸 一体机（第5代处理器）,一体机,品牌12,14英寸,第5代处理器,黑色,16*1*1,10,DR09D,艾米,收货,上架
KePH27WiPi,粉色 品牌12 270 键盘（有线）,键盘,品牌12,270,有线,粉色,16*10*1,108,BU25H,劳拉,收货,上架
CaQE18FiGr,灰色 品牌01 1800 文件柜（文件收纳）,文件柜,品牌01,1800,文件收纳,灰色,8*1*1,8,AG26D,亚历克斯,收货,上架
DrQE12SlWh,白色 品牌01 1200 抽屉柜（滑动式）,抽屉柜,品牌01,1200,滑动式,白色,8*1*1,6,AK97D,艾米丽,收货,上架
SPGi50WaWh,白色 品牌21 50 触控笔（水彩）,触控笔,品牌21,50,水彩,白色,48*10*5,2012,DW04H,莎拉,收货,上架
PrNoA3MoGr,灰色 品牌26 三号纸 打印机（黑白）,打印机,品牌26,三号纸,黑白,灰色,16*1*1,13,CI06B,艾米丽,收货,上架
LaPH17i7Bl,黑色 品牌12 17英寸 笔记本电脑（第7代处理器）,笔记本电脑,品牌12,17英寸,第7代处理器,黑色,16*1*1,15,DZ31H,约翰,收货,上架
TaTR18AdSi,银色 品牌29 1800 桌子（可调节）,桌子,品牌29,1800,可调节,银色,8*1*1,3,AX16E,艾米,收货,上架
TaCI15AuBl,黑色 品牌27 1500 桌子（自动调节）,桌子,品牌27,1500,自动调节,黑色,8*1*1,3,DU68A,克里斯,收货,上架
MoSu45MeNa,藏青色 品牌11 450 鼠标（机械式）,鼠标,品牌11,450,机械式,藏青色,16*10*1,144,CV15G,迈克,收货,上架
LaOv158GWh,白色 品牌13 15英寸 笔记本电脑（8吉字节内存）,笔记本电脑,品牌13,15英寸,8吉字节内存,白色,16*1*1,4,BP49G,迈克,收货,上架
KeHc27BlPi,粉色 品牌09 270 键盘（蓝牙）,键盘,品牌09,270,蓝牙,粉色,16*10*1,80,DI21H,莎拉,收货,上架
LaRe15i5Bl,黑色 品牌14 15英寸 笔记本电脑（第5代处理器）,笔记本电脑,品牌14,15英寸,第5代处理器,黑色,16*1*1,7,BL39E,简,收货,上架
CaWE18SlBl,黑色 品牌02 1800 文件柜（滑动式）,文件柜,品牌02,1800,滑动式,黑色,8*1*1,8,DJ70H,迈克,收货,上架
MoRe35ErPi,粉色 品牌10 350 鼠标（人体工学）,鼠标,品牌10,350,人体工学,粉色,16*10*1,111,CP27A,约翰,收货,上架
CaTE12SlGr,灰色 品牌04 1200 文件柜（滑动式）,文件柜,品牌04,1200,滑动式,灰色,8*1*1,7,BV13E,劳拉,收货,上架
CaWE12LoBl,黑色 品牌02 1200 文件柜（储物锁柜）,文件柜,品牌02,1200,储物锁柜,黑色,8*1*1,6,CG10A,迈克,收货,上架
MoPH45ErNa,藏青色 品牌12 450 鼠标（人体工学）,鼠标,品牌12,450,人体工学,藏青色,16*10*1,110,CT79F,克里斯,收货,上架
PrReA2InBl,黑色 品牌24 二号纸 打印机（喷墨）,打印机,品牌24,二号纸,喷墨,黑色,16*1*1,10,DZ04F,莎拉,收货,上架
NoScA4doWh,白色 品牌17 四号纸 笔记本（点阵）,笔记本,品牌17,四号纸,点阵,白色,48*10*5,165,CQ74A,亚历克斯,收货,上架
TVYn42SFWh,白色 品牌15 42英寸 电视机（超级全高清）,电视机,品牌15,42英寸,超级全高清,白色,8*1*1,6,CY16F,劳拉,收货,上架
PrSoA2MoMi,混合色 品牌25 二号纸 打印机（黑白）,打印机,品牌25,二号纸,黑白,混合色,16*1*1,10,AV67H,约翰,收货,上架
LaPH15i5Gr,灰色 品牌12 15英寸 笔记本电脑（第5代处理器）,笔记本电脑,品牌12,15英寸,第5代处理器,灰色,16*1*1,13,DM93B,劳拉,收货,上架
LaYn1416Gr,灰色 品牌15 14英寸 笔记本电脑（16吉字节内存）,笔记本电脑,品牌15,14英寸,16吉字节内存,灰色,16*1*1,16,BN61D,亚历克斯,收货,上架
PrSoA2MoMi,混合色 品牌25 二号纸 打印机（黑白）,打印机,品牌25,二号纸,黑白,混合色,16*1*1,3,AN28F,艾米,收货,上架
AlSu17i5Bl,黑色 品牌11 17英寸 一体机（第5代处理器）,一体机,品牌11,17英寸,第5代处理器,黑色,16*1*1,12,AS31E,亚历克斯,收货,上架
TaCI15AdSi,银色 品牌27 1500 桌子（可调节）,桌子,品牌27,1500,可调节,银色,8*1*1,3,CF82C,莎拉,收货,上架
OfAEMHePi,粉色 品牌05 中号 办公椅（头枕）,办公椅,品牌05,中号,头枕,粉色,16*1*1,9,AL82D,亚历克斯,收货,上架
OfSELAdBl,黑色 品牌08 大号 办公椅（可调节）,办公椅,品牌08,大号,可调节,黑色,16*1*1,15,BL73E,约翰,收货,上架
TVYn50FHWh,白色 品牌15 50英寸 电视机（全高清）,电视机,品牌15,50英寸,全高清,白色,8*1*1,5,AN39F,大卫,收货,上架
KePH35BlWh,白色 品牌12 350 键盘（蓝牙）,键盘,品牌12,350,蓝牙,白色,16*10*1,156,DM25F,简,收货,上架
DrRG12DoGr,灰色 品牌03 1200 抽屉柜（带门式）,抽屉柜,品牌03,1200,带门式,灰色,8*1*1,7,CL14A,劳拉,收货,上架
CuRG90DoWh,白色 品牌03 900 储物柜（带门式）,储物柜,品牌03,900,带门式,白色,8*1*1,8,AU10G,克里斯,收货,上架
CuQE18SlBe,米色 品牌01 1800 储物柜（滑动式）,储物柜,品牌01,1800,滑动式,米色,8*1*1,4,AH88G,大卫,收货,上架
TaAE18WoSi,银色 品牌05 1800 桌子（工作站）,桌子,品牌05,1800,工作站,银色,8*1*1,7,CM25C,劳拉,收货,上架
SPGi50WaWh,白色 品牌21 50 触控笔（水彩）,触控笔,品牌21,50,水彩,白色,48*10*5,2094,DH22F,莎拉,收货,上架
LaSu1432Wh,白色 品牌11 14英寸 笔记本电脑（32吉字节内存）,笔记本电脑,品牌11,14英寸,32吉字节内存,白色,16*1*1,10,DG97H,亚历克斯,收货,上架
KePH35BlNa,藏青色 品牌12 350 键盘（蓝牙）,键盘,品牌12,350,蓝牙,藏青色,16*10*1,40,CZ88F,艾米,收货,上架
AlYn14i7Si,银色 品牌15 14英寸 一体机（第7代处理器）,一体机,品牌15,14英寸,第7代处理器,银色,16*1*1,6,DX24F,劳拉,收货,上架
CaRG18FiGr,灰色 品牌03 1800 文件柜（文件收纳）,文件柜,品牌03,1800,文件收纳,灰色,8*1*1,1,AN62F,艾米丽,收货,上架
PeNa50HeGr,灰色 品牌23 50 铅笔（六角形）,铅笔,品牌23,50,六角形,灰色,48*10*5,977,DU44B,克里斯,收货,上架
LaYn17i5Wh,白色 品牌15 17英寸 笔记本电脑（第5代处理器）,笔记本电脑,品牌15,17英寸,第5代处理器,白色,16*1*1,1,AS95F,简,收货,上架
PrReA3AlGr,灰色 品牌24 三号纸 打印机（一体式）,打印机,品牌24,三号纸,一体式,灰色,16*1*1,7,AQ16E,大卫,收货,上架
TVGn65FHSi,银色 品牌30 65英寸 电视机（全高清）,电视机,品牌30,65英寸,全高清,银色,8*1*1,4,AF53A,迈克,收货,上架
AlSu1716Wh,白色 品牌11 17英寸 一体机（16吉字节内存）,一体机,品牌11,17英寸,16吉字节内存,白色,16*1*1,9,BT68G,克里斯,收货,上架
SPGi50WaWh,白色 品牌21 50 触控笔（水彩）,触控笔,品牌21,50,水彩,白色,48*10*5,78,BX08G,约翰,收货,上架
OfXESAdWh,白色 品牌06 小号 办公椅（可调节）,办公椅,品牌06,小号,可调节,白色,16*1*1,15,BO49D,迈克,收货,上架
TaTR18FrGr,灰色 品牌28 1800 桌子（框架式）,桌子,品牌28,1800,框架式,灰色,8*1*1,1,AT57E,莎拉,收货,上架
TVEs42FHSi,银色 品牌32 42英寸 电视机（全高清）,电视机,品牌32,42英寸,全高清,银色,8*1*1,8,CW56G,约翰,收货,上架
TVYn42SFWh,白色 品牌15 42英寸 电视机（超级全高清）,电视机,品牌15,42英寸,超级全高清,白色,8*1*1,1,BF42F,简,收货,上架
TVGL32S4Bl,黑色 品牌31 32英寸 电视机（超级超高清）,电视机,品牌31,32英寸,超级超高清,黑色,8*1*1,2,DR64F,劳拉,收货,上架
LaYn1716Bl,黑色 品牌15 17英寸 笔记本电脑（16吉字节内存）,笔记本电脑,品牌15,17英寸,16吉字节内存,黑色,16*1*1,2,CW07C,简,收货,上架
TaTR15AdWh,白色 品牌28 1500 桌子（可调节）,桌子,品牌28,1500,可调节,白色,8*1*1,5,BN09E,简,收货,上架
PrPHA4InGr,灰色 品牌12 四号纸 打印机（喷墨）,打印机,品牌12,四号纸,喷墨,灰色,16*1*1,3,AX78H,约翰,收货,上架
PrPHA4AlBl,黑色 品牌12 四号纸 打印机（一体式）,打印机,品牌12,四号纸,一体式,黑色,16*1*1,7,BM51B,克里斯,收货,上架
NoExA4liSi,银色 品牌16 四号纸 笔记本（线条）,笔记本,品牌16,四号纸,线条,银色,48*10*5,306,DF07F,艾米,收货,上架
NoGrA4liSi,银色 品牌18 四号纸 笔记本（线条）,笔记本,品牌18,四号纸,线条,银色,48*10*5,2093,BK85G,艾米丽,收货,上架
MoRe45MeNa,藏青色 品牌10 450 鼠标（机械式）,鼠标,品牌10,450,机械式,藏青色,16*10*1,30,CK36F,劳拉,收货,上架
LaYn15i7Si,银色 品牌15 15英寸 笔记本电脑（第7代处理器）,笔记本电脑,品牌15,15英寸,第7代处理器,银色,16*1*1,14,CM24E,约翰,收货,上架
SPNa50WaGr,灰色 品牌23 50 触控笔（水彩）,触控笔,品牌23,50,水彩,灰色,48*10*5,2228,DS63B,艾米,收货,上架
AlSu178GGr,灰色 品牌11 17英寸 一体机（8吉字节内存）,一体机,品牌11,17英寸,8吉字节内存,灰色,16*1*1,13,BF06G,艾米,收货,上架
GaSESLeGr,灰色 品牌08 小号 游戏椅（皮革）,游戏椅,品牌08,小号,皮革,灰色,16*1*1,6,AW84F,大卫,收货,上架
TaTR15AdGr,灰色 品牌29 1500 桌子（可调节）,桌子,品牌29,1500,可调节,灰色,8*1*1,6,AH91C,简,收货,上架
DrRG12LoGr,灰色 品牌03 1200 抽屉柜（储物锁柜）,抽屉柜,品牌03,1200,储物锁柜,灰色,8*1*1,5,CR47F,简,收货,上架
KeRe35WiNa,藏青色 品牌10 350 键盘（有线）,键盘,品牌10,350,有线,藏青色,16*10*1,144,CF43E,劳拉,收货,上架
PrSoA4AlWh,白色 品牌25 四号纸 打印机（一体式）,打印机,品牌25,四号纸,一体式,白色,16*1*1,8,DV48G,迈克,收货,上架
NoMuA3ruWh,白色 品牌19 三号纸 笔记本（横线）,笔记本,品牌19,三号纸,横线,白色,48*10*5,2256,AX67E,约翰,收货,上架
TaTR15FrWh,白色 品牌29 1500 桌子（框架式）,桌子,品牌29,1500,框架式,白色,8*1*1,3,AW39E,大卫,收货,上架
TVEs32FHGr,灰色 品牌32 32英寸 电视机（全高清）,电视机,品牌32,32英寸,全高清,灰色,8*1*1,5,AT80A,大卫,收货,上架
TVGn42S4Bl,黑色 品牌30 42英寸 电视机（超级超高清）,电视机,品牌30,42英寸,超级超高清,黑色,8*1*1,2,DK72B,劳拉,收货,上架
CaRG12FiGr,灰色 品牌03 1200 文件柜（文件收纳）,文件柜,品牌03,1200,文件收纳,灰色,8*1*1,4,CQ39A,艾米丽,收货,上架
NoMuA3liGr,灰色 品牌19 三号纸 笔记本（线条）,笔记本,品牌19,三号纸,线条,灰色,48*10*5,1454,AU44D,亚历克斯,收货,上架
DrTE18FiBe,米色 品牌04 1800 抽屉柜（文件收纳）,抽屉柜,品牌04,1800,文件收纳,米色,8*1*1,4,CY17H,亚历克斯,收货,上架
DrQE12SlGr,灰色 品牌01 1200 抽屉柜（滑动式）,抽屉柜,品牌01,1200,滑动式,灰色,8*1*1,2,DV32B,劳拉,收货,上架
KePH45WiNa,藏青色 品牌12 450 键盘（有线）,键盘,品牌12,450,有线,藏青色,16*10*1,151,AG62B,艾米,收货,上架
KePH45MeNa,藏青色 品牌12 450 键盘（机械式）,键盘,品牌12,450,机械式,藏青色,16*10*1,2,DJ27F,简,收货,上架
AlOv148GBl,黑色 品牌13 14英寸 一体机（8吉字节内存）,一体机,品牌13,14英寸,8吉字节内存,黑色,16*1*1,15,DF65G,艾米丽,收货,上架
TVGL32FHGr,灰色 品牌31 32英寸 电视机（全高清）,电视机,品牌31,32英寸,全高清,灰色,8*1*1,2,CL50E,劳拉,收货,上架
SPGi24HeGr,灰色 品牌21 24 触控笔（六角形）,触控笔,品牌21,24,六角形,灰色,48*10*5,1366,CV90B,大卫,收货,上架
PrReA4MoBl,黑色 品牌24 四号纸 打印机（黑白）,打印机,品牌24,四号纸,黑白,黑色,16*1*1,8,AY77D,莎拉,收货,上架
KePH45ErPi,粉色 品牌12 450 键盘（人体工学）,键盘,品牌12,450,人体工学,粉色,16*10*1,159,CU83B,莎拉,收货,上架
SPGi24HeGr,灰色 品牌21 24 触控笔（六角形）,触控笔,品牌21,24,六角形,灰色,48*10*5,1502,DV17F,大卫,收货,上架
MoSu45WiPi,粉色 品牌11 450 鼠标（有线）,鼠标,品牌11,450,有线,粉色,16*10*1,101,DN18B,劳拉,收货,上架
CuWE18SlBe,米色 品牌02 1800 储物柜（滑动式）,储物柜,品牌02,1800,滑动式,米色,8*1*1,8,AQ95D,艾米,收货,上架
DrQE12LoBe,米色 品牌01 1200 抽屉柜（储物锁柜）,抽屉柜,品牌01,1200,储物锁柜,米色,8*1*1,1,CM98E,约翰,收货,上架
TVGL75S4Gr,灰色 品牌31 75英寸 电视机（超级超高清）,电视机,品牌31,75英寸,超级超高清,灰色,8*1*1,8,AO14F,简,收货,上架
PrPHA3InBl,黑色 品牌12 三号纸 打印机（喷墨）,打印机,品牌12,三号纸,喷墨,黑色,16*1*1,15,AS95E,艾米丽,收货,上架
PrReA3LaMi,混合色 品牌24 三号纸 打印机（激光）,打印机,品牌24,三号纸,激光,混合色,16*1*1,13,BG13D,简,收货,上架
AlRe15i7Bl,黑色 品牌14 15英寸 一体机（第7代处理器）,一体机,品牌14,15英寸,第7代处理器,黑色,16*1*1,16,DS69A,迈克,收货,上架
DrQE12DoGr,灰色 品牌01 1200 抽屉柜（带门式）,抽屉柜,品牌01,1200,带门式,灰色,8*1*1,7,BF20F,约翰,收货,上架
OfAEMLeGr,灰色 品牌05 中号 办公椅（皮革）,办公椅,品牌05,中号,皮革,灰色,16*1*1,15,DK11D,艾米丽,收货,上架
GaAELLeWh,白色 品牌05 大号 游戏椅（皮革）,游戏椅,品牌05,大号,皮革,白色,16*1*1,9,DY28H,简,收货,上架
TVEs75FHGr,灰色 品牌32 75英寸 电视机（全高清）,电视机,品牌32,75英寸,全高清,灰色,8*1*1,7,CL12H,莎拉,收货,上架
AlOv1516Bl,黑色 品牌13 15英寸 一体机（16吉字节内存）,一体机,品牌13,15英寸,16吉字节内存,黑色,16*1*1,10,AS21H,简,收货,上架
LaSu17i7Gr,灰色 品牌11 17英寸 笔记本电脑（第7代处理器）,笔记本电脑,品牌11,17英寸,第7代处理器,灰色,16*1*1,12,AY14A,约翰,收货,上架
TaCI15FrWh,白色 品牌27 1500 桌子（框架式）,桌子,品牌27,1500,框架式,白色,8*1*1,5,BH90E,艾米丽,收货,上架
MoHc27BlBl,黑色 品牌09 270 鼠标（蓝牙）,鼠标,品牌09,270,蓝牙,黑色,16*10*1,112,DX14D,亚历克斯,收货,上架
OfSEMLeGr,灰色 品牌08 中号 办公椅（皮革）,办公椅,品牌08,中号,皮革,灰色,16*1*1,14,AR74D,简,收货,上架
AlOv178GBl,黑色 品牌13 17英寸 一体机（8吉字节内存）,一体机,品牌13,17英寸,8吉字节内存,黑色,16*1*1,7,CR29F,克里斯,收货,上架
SPRe50HeBl,黑色 品牌22 50 触控笔（六角形）,触控笔,品牌22,50,六角形,黑色,48*10*5,987,AM19H,亚历克斯,收货,上架
GaOGSErBl,黑色 品牌07 小号 游戏椅（人体工学）,游戏椅,品牌07,小号,人体工学,黑色,16*1*1,7,DR04F,劳拉,收货,上架
CuRG90DoGr,灰色 品牌03 900 储物柜（带门式）,储物柜,品牌03,900,带门式,灰色,8*1*1,3,AJ87F,约翰,收货,上架
GaSEMAdWh,白色 品牌08 中号 游戏椅（可调节）,游戏椅,品牌08,中号,可调节,白色,16*1*1,9,BP52G,约翰,收货,上架
PeAl12HeWh,白色 品牌20 12 铅笔（六角形）,铅笔,品牌20,12,六角形,白色,48*10*5,2106,BQ15H,克里斯,收货,上架
CaWE90FiGr,灰色 品牌02 900 文件柜（文件收纳）,文件柜,品牌02,900,文件收纳,灰色,8*1*1,8,CU13E,莎拉,收货,上架
DrRG90DoBl,黑色 品牌03 900 抽屉柜（带门式）,抽屉柜,品牌03,900,带门式,黑色,8*1*1,2,BG51F,莎拉,收货,上架
TVEs75FHGr,灰色 品牌32 75英寸 电视机（全高清）,电视机,品牌32,75英寸,全高清,灰色,8*1*1,4,BP01D,约翰,收货,上架
TVYn42SFBl,黑色 品牌15 42英寸 电视机（超级全高清）,电视机,品牌15,42英寸,超级全高清,黑色,8*1*1,8,BV01D,克里斯,收货,上架
CuTE12SlBe,米色 品牌04 1200 储物柜（滑动式）,储物柜,品牌04,1200,滑动式,米色,8*1*1,5,BM22F,艾米,收货,上架
KeRe27MeBl,黑色 品牌10 270 键盘（机械式）,键盘,品牌10,270,机械式,黑色,16*10*1,122,AY63E,莎拉,收货,上架
SPRe50SoWh,白色 品牌22 50 触控笔（可溶性）,触控笔,品牌22,50,可溶性,白色,48*10*5,169,BK32H,约翰,收货,上架
TVGn50SFGr,灰色 品牌30 50英寸 电视机（超级全高清）,电视机,品牌30,50英寸,超级全高清,灰色,8*1*1,2,AK32D,约翰,收货,上架
MoRe27WiWh,白色 品牌10 270 鼠标（有线）,鼠标,品牌10,270,有线,白色,16*10*1,76,CM61C,亚历克斯,收货,上架
CuTE18SlWh,白色 品牌04 1800 储物柜（滑动式）,储物柜,品牌04,1800,滑动式,白色,8*1*1,8,DL88A,艾米丽,收货,上架
TVGn75S4Bl,黑色 品牌30 75英寸 电视机（超级超高清）,电视机,品牌30,75英寸,超级超高清,黑色,8*1*1,3,AP48E,莎拉,收货,上架
PrNoA2AlWh,白色 品牌26 二号纸 打印机（一体式）,打印机,品牌26,二号纸,一体式,白色,16*1*1,11,BQ57E,艾米丽,收货,上架
TaTR10AdGr,灰色 品牌29 1000 桌子（可调节）,桌子,品牌29,1000,可调节,灰色,8*1*1,3,DP30G,大卫,收货,上架
CuQE18SlBl,黑色 品牌01 1800 储物柜（滑动式）,储物柜,品牌01,1800,滑动式,黑色,8*1*1,2,DV43G,亚历克斯,收货,上架
PrReA3WiBl,黑色 品牌24 三号纸 打印机（无线网络）,打印机,品牌24,三号纸,无线网络,黑色,16*1*1,14,AF44G,简,收货,上架
NoMuA4liSi,银色 品牌19 四号纸 笔记本（线条）,笔记本,品牌19,四号纸,线条,银色,48*10*5,165,CS48C,克里斯,收货,上架
AlOv158GBl,黑色 品牌13 15英寸 一体机（8吉字节内存）,一体机,品牌13,15英寸,8吉字节内存,黑色,16*1*1,11,CK78H,约翰,收货,上架
PeNa24WaWh,白色 品牌23 24 铅笔（水彩）,铅笔,品牌23,24,水彩,白色,48*10*5,634,BO40D,克里斯,收货,上架
CaQE18FiBe,米色 品牌01 1800 文件柜（文件收纳）,文件柜,品牌01,1800,文件收纳,米色,8*1*1,3,BK90E,约翰,收货,上架
TVEs50S4Gr,灰色 品牌32 50英寸 电视机（超级超高清）,电视机,品牌32,50英寸,超级超高清,灰色,8*1*1,8,BF04G,艾米丽,收货,上架
TVGL424KGr,灰色 品牌31 42英寸 电视机（超高清）,电视机,品牌31,42英寸,超高清,灰色,8*1*1,1,BM70H,莎拉,收货,上架
CuQE12FiBe,米色 品牌01 1200 储物柜（文件收纳）,储物柜,品牌01,1200,文件收纳,米色,8*1*1,2,BI66B,艾米丽,收货,上架
PrSoA2WiMi,混合色 品牌25 二号纸 打印机（无线网络）,打印机,品牌25,二号纸,无线网络,混合色,16*1*1,15,BL02D,艾米,收货,上架
SPRe12HeWh,白色 品牌22 12 触控笔（六角形）,触控笔,品牌22,12,六角形,白色,48*10*5,2003,BL86A,简,收货,上架
GaSELHeBl,黑色 品牌08 大号 游戏椅（头枕）,游戏椅,品牌08,大号,头枕,黑色,16*1*1,5,AN60D,大卫,收货,上架
GaXELHeGr,灰色 品牌06 大号 游戏椅（头枕）,游戏椅,品牌06,大号,头枕,灰色,16*1*1,9,BI13H,艾米丽,收货,上架
NoMuA3ruSi,银色 品牌19 三号纸 笔记本（横线）,笔记本,品牌19,三号纸,横线,银色,48*10*5,117,BF04C,劳拉,收货,上架
NoGrA4ruWh,白色 品牌18 四号纸 笔记本（横线）,笔记本,品牌18,四号纸,横线,白色,48*10*5,1106,BG33C,劳拉,收货,上架
AlPH1532Si,银色 品牌12 15英寸 一体机（32吉字节内存）,一体机,品牌12,15英寸,32吉字节内存,银色,16*1*1,5,CF75F,大卫,收货,上架
TVYn65SFSi,银色 品牌15 65英寸 电视机（超级全高清）,电视机,品牌15,65英寸,超级全高清,银色,8*1*1,2,DI90G,大卫,收货,上架
CaWE90LoGr,灰色 品牌02 900 文件柜（储物锁柜）,文件柜,品牌02,900,储物锁柜,灰色,8*1*1,3,CO12F,约翰,收货,上架
TaTR18WoBl,黑色 品牌28 1800 桌子（工作站）,桌子,品牌28,1800,工作站,黑色,8*1*1,8,DQ50B,简,收货,上架
AlOv14i7Si,银色 品牌13 14英寸 一体机（第7代处理器）,一体机,品牌13,14英寸,第7代处理器,银色,16*1*1,8,DN70D,劳拉,收货,上架
AlYn14i5Gr,灰色 品牌15 14英寸 一体机（第5代处理器）,一体机,品牌15,14英寸,第5代处理器,灰色,16*1*1,6,AQ72G,迈克,收货,上架
PrPHA3MoMi,混合色 品牌12 三号纸 打印机（黑白）,打印机,品牌12,三号纸,黑白,混合色,16*1*1,6,DV97C,亚历克斯,收货,上架
SPGi50HePi,粉色 品牌21 50 触控笔（六角形）,触控笔,品牌21,50,六角形,粉色,48*10*5,779,CT31B,迈克,收货,上架
DrRG90SlGr,灰色 品牌03 900 抽屉柜（滑动式）,抽屉柜,品牌03,900,滑动式,灰色,8*1*1,4,AZ35F,克里斯,收货,上架
OfOGSHePi,粉色 品牌07 小号 办公椅（头枕）,办公椅,品牌07,小号,头枕,粉色,16*1*1,1,AV48H,莎拉,收货,上架
LaOv148GGr,灰色 品牌13 14英寸 笔记本电脑（8吉字节内存）,笔记本电脑,品牌13,14英寸,8吉字节内存,灰色,16*1*1,11,DY43C,约翰,收货,上架
NoScA5liBl,黑色 品牌17 五号纸 笔记本（线条）,笔记本,品牌17,五号纸,线条,黑色,48*10*5,1893,CM28G,迈克,收货,上架
MoRe35WiPi,粉色 品牌10 350 鼠标（有线）,鼠标,品牌10,350,有线,粉色,16*10*1,144,CX51B,简,收货,上架
CaTE90DoGr,灰色 品牌04 900 文件柜（带门式）,文件柜,品牌04,900,带门式,灰色,8*1*1,6,CR74A,劳拉,收货,上架
KeRe35WiNa,藏青色 品牌10 350 键盘（有线）,键盘,品牌10,350,有线,藏青色,16*10*1,26,AL56A,艾米丽,收货,上架
DrTE12LoBl,黑色 品牌04 1200 抽屉柜（储物锁柜）,抽屉柜,品牌04,1200,储物锁柜,黑色,8*1*1,3,BJ82H,劳拉,收货,上架
NoScA5ruWh,白色 品牌17 五号纸 笔记本（横线）,笔记本,品牌17,五号纸,横线,白色,48*10*5,945,AQ66F,莎拉,收货,上架
DrTE12SlWh,白色 品牌04 1200 抽屉柜（滑动式）,抽屉柜,品牌04,1200,滑动式,白色,8*1*1,7,CL44C,艾米丽,收货,上架
TaTR15AdGr,灰色 品牌29 1500 桌子（可调节）,桌子,品牌29,1500,可调节,灰色,8*1*1,3,DZ95F,莎拉,收货,上架
NoScA4ruGr,灰色 品牌17 四号纸 笔记本（横线）,笔记本,品牌17,四号纸,横线,灰色,48*10*5,233,CU59G,艾米丽,收货,上架
PeRe50SoWh,白色 品牌22 50 铅笔（可溶性）,铅笔,品牌22,50,可溶性,白色,48*10*5,1406,AZ36D,大卫,收货,上架
PeGi12HeGr,灰色 品牌21 12 铅笔（六角形）,铅笔,品牌21,12,六角形,灰色,48*10*5,936,AK78B,艾米丽,收货,上架
SPRe50HeGr,灰色 品牌22 50 触控笔（六角形）,触控笔,品牌22,50,六角形,灰色,48*10*5,827,BY75D,劳拉,收货,上架
DrWE90DoWh,白色 品牌02 900 抽屉柜（带门式）,抽屉柜,品牌02,900,带门式,白色,8*1*1,8,DU52C,迈克,收货,上架
